,Unnamed: 0,Reviews,polarity,subject,Dates_extracted
0,0,"Oasis. We never stayed Holiday Inn point reference expectations I would surprised Holiday Inns near high quality Holiday Inn Dubai-Al Barsha.The location Sheikh Zayed Rd. convenient - walking distance Mall Emirates (containing Ski Dubai) also Metro stop - Dubai Metro brilliant (and stations open) take Dubai Airport dirhams. The heat oppressive Dubai Mall place able walk to, fortunately though taxis Dubai cheap, clean plentiful trip Burj Al Arab Dubai Mall affordable. When checked-in mix room took manager moments sort - thankfully displayed total professionalism upgraded us suite. Praise Allah ! The suite massive pristine condition (as whole hotel) This made two night absolute pleasure. Every request attended quickly without fuss. Tipping appreciated expected UAE feel hustled good service - extremely refreshing !We dined Burj Al Arab (which I highly recommend) cannot give account restaurants decor fabulous. Alas I sneak glimpse alleged prostitutes bar mentioned reviews can't comment whether everything Dubai indeed bigger better regard !We particularly impressed rooftop pool bar area - superb views Burj Al Arab. A great way spend hour two get tan show friends back home Middle East (not air-conditioned malls time)Dubai fabulous place break - plastic soulless I thought would - I can't wait return look forward staying Holiday Inn Dubai-Al Barsha !",0.24358974358974364,0.5962820512820513,Nov 24 2009
1,1,"Great value Having read previous reviews, I nervous. One paricular mentioned prostitutes using bar. We stayed week I honelsty say management must cleaned act-not one prostitute sight. The small Dubai standards giving cozy feel. We executive King room HUGE! The bed gigantic comfortable. Whilst pool small never busy sunbeds always available. The pool staff excellent.We ate pool bar number times found quality excellent. Likewise food Bar downstairs delicious. A good selection breakfast foods available.Whilst Jameirah Beach, well located. A taxi beach costs approx Â£5. The Marina downtown areas easly accessible. Taxis easy find. There monorail station beside open yet. The Mall Emirates less five minute walk away. All great little I would happily stay",0.32037499999999997,0.5995833333333332,Nov 18 2009
2,2,"Good short business trip - Stayed twice year - first visit Feb 09, Hotel opened I believe (not long anyway). What difference way room made day! On first visit faultless, staff particular room service enough room complimentary items would expect 'topped up' every day without fail. This time around, room service way standard expect four star brilliant. We stayed 8 nights, least 5 days I call housekeeping arrange complimentary coffee / milk / water one occasion bath towels!! Just poor room make up. Overall Hotel centrally (non city) located ideal wish visit Palm Island, Dubai Marina Jebel Ali etc. It also quite close Jumeirah Hotels. No shuttle service taxis cheap. There also metro station Mall Emirates (snow dome etc) 5 min walk away - ideal. There also metro station outside open month's time.Much cheaper eat Mall Emirates Hotel - Hotel restaurants minimum meal price AED100 (Â£18.00) per person. Mall Emirates AED120 (Â£20) FOR TWO! Lovely curry, chinese, lebanese meals less half price. You go even cheaper eat KFC, McDs, BurgerKing etc Would I recommend Hotel - I think yes, know standard want. If beach beach type views - visit Jumeriah chain hotel. Hotel gym good, great new equipment (Life Fitness) - Asif gym instructor excellent, pleasant chap. The Hotel main Sheik Zayed Freeway traffic heard rooftop pool / bar areas, however, cause much issue. Hotel drinks expensive - Â£5.00 beer (small bottle). No free WIFI - great loss - You obtain 1 hr free use 'lounge' bar spend AED40.00 food/drink. WIFI free primarily business hotel. Free WIFI cvan found Dubai Marina coffee shops Marina Walk, Dubai Mall (the worlds largest shopping mall next Bur Dubai , worlds tallest building. Overall top end 3 lower end 4 star rating still worth visit.",0.22509993552546748,0.48335912314635726,Nov 14 2009
3,3,"basic Stayed 3 days november 2009. We booked directly website reasonable price including breakfast. I stayed holiday inn chain Singapore somehow expected similar experience here. Check smooth. Our room 6th floor. I booked basic room ( mistake!). The room extremely small, almost space move around. So small hard take photograph entire room! The window faced Sheik Zayed Road nice view Burj Al Arab Hotel.The bathroom clean shower good. There iron/ironing board default category rooms request housekeeping supply us one. I would think iron would one basic amenities available class.The breakfast menu similar 3 days ate there, barring changes 1 2 dishes.We use pool, I peeped see was. The pool situated terrace building really really small. That smallest pool I ever seen I would recommend anyone would want use pool vacations.The staff friendly throughout stay. I given wrong bill checkout point correct bill given.In end I believe I got I paid Dubai. I suspect slightly higher budget normal would required get better room. This Holiday Inn experience nothing like I Holiday Inn Singapore. I would expect consistency brand.",0.11599999999999999,0.4891666666666667,Nov 13 2009
4,4,"give 4 stars but..... We stayed H.I. Al Barsha inSept.09. As lots reviews excellent every way ....but NOT 1 REVIEW mentions problem prostitutes bar. Maybe recent problem , management told lot . We stayed using priority points delighted use little points. We checked third night would consider uncomfortable feeling bar area ( drinks allowed lobby area ) . I'm prude - blatant.We several bars find problem. This really nice , would give miss next visit , pay extra Jumeirah Hilton.If staying Holiday Inn Al Barsha soon ... DO NOT MISS THE THAI RESTAURANT ... FABULOUS .",0.14519230769230768,0.5326923076923077,Oct 25 2009
5,5,"Nice place lovely rooms This place seems pretty new - rooms really nice modern. Great facilities - nice pool roof, good gym, internet etc... Overall good value money Dubai standards. Great location - 5 minutes walk Metro station Mall Emirates.If want spend heaps money Dubai want nice comfortable place stay good location, I would definitely recommend place.",0.44625668449197864,0.7120320855614973,Oct 14 2009
6,6,"An Oasis desert Amazing Hotel - everything spot on. Clean, comfortable, friendly. Customer Service 10 10. Food good - buffet plenty variety. Stayed Ramadan used room service lunch. Very prompt service food nice well presented. Good facilities business centre.",0.5414583333333334,0.6975,Oct 10 2009
7,7,Very good misses Pros:-New Very Clean-Staff front desk staff excellent-Big Rooms-Comfortable beds-Restaurants Bars good-Located 5 min walk Mall EmiratesCons-The area front dirt road still paved despite fact year old.-Front desk staff friendliest-Lounge chairs around pool awful. Very uncomfortable-Internet faster dial despite fact new charge almost $22.00,0.05356060606060604,0.5349242424242424,Oct 10 2009
8,8,nice cheap great stayed 10 nights flights cost 550 pound want bad nice breakfast nice staff,0.38333333333333336,0.8527777777777779,Sep 25 2009
9,9,"Value money Good staff, families due location, good value stop Dubai. Expensive WiFi tho",0.19374999999999998,0.5687500000000001,Aug 24 2009
10,10,"Good We stayed 5day hotel, bad place. It rooftop swimming pool decent size gr8 view burj al arab/ atlantis/burj dubai. The room nice spacious though. The buffet breakfast menu good selection. The walls maybe bit thin able hear noises. The night shift check staff lousy . A good place all.",0.25666666666666665,0.6558333333333334,Jul 24 2009
11,11,"Good value Dubai Stayed 4 night trip exactly needed. Had superior room front great view Burj Al Arab.The room huge; I guess 30 feet TV bed.The rooftop pool OK cool open 10:00pm, get road noise 14 lanes traffic below. A warning - beer cheap pool. I paid equivalent Â£7 lager.The Mall Emirates 5 minutes walk away (maybe TOO convinient, shops inside).Use brown Dubai cabs instead (expensive) white lexus cars connected hotel.",0.23703703703703705,0.5615740740740741,Jul 11 2009
12,12,"Great place short stay After good recommendations decided try well indeed, good.Friendly service, clean rooms bright nicely done. You see fixtures holiday inn sleep, perfectly fine. Our room overlooked burj al arab well highway, however hear noise.I would definitively recommend short stays nice budget price.However, staying longer would like balcony really nice view better options",0.42179487179487174,0.6730769230769231,Jun 30 2009
13,13,"Great highly recommend A friend I took double room suite great. We space bathrooms nice sitting room. The lovely - huge airy atrium. I sensitive noise quite got great sleep there. The beds really comfortable too. The rooftop pool lovely gym nice too. We eat hotel, friends say food good. Staff excellent incredible friendly helpful. I particularly like mini card information stand lobby - helpful. Walking distance Mall Emirates bonus. I moved single room friend left also great.",0.4709199134199134,0.6630735930735931,Jun 3 2009
14,14,"Good next mall next motorway noisy using pool Good hotel, big yellow crane motorway near by, excellent value.Dubai still building site remember.Next ski Dubai.get taxi street, run every 10 seconds, charges more.",0.3333333333333333,0.35555555555555557,Jun 2 2009
15,15,"Brilliant hotel-well worth money My Boyfriend I come back staying Holiday Inn-Al Barsha (21-27 May). All I say previous reviews I read tripadvisor spot on!! It great hotel, really clean, friendly staff, comfortable rooms, ideal location.The Mall Emirates 5 min walk away (10 min 45 degree heat), Jemeriah beach 10 min taxi ride away, Dubai Mall 15 min taxi ride away. Plus taxis absolutely everywhere cheap, problems there. The gym pool rooftop, restaurants also available, although ate Royal Buddha really nice. The bar staff lovely Strawberry Daiquiri cocktail, cheap cocktails included happy hour runs 12-7pm. The staff really friendly enough help us, always making sure o.k, suggesting ideas could go could do.Overall I would definitely recommend anyone, My boyfriend I certainly enjoyed stay enjoyed Dubai whole much see. I plan go back next year probably stay Holiday Inn-Al Barsha again.",0.3364224137931034,0.5812260536398467,May 30 2009
16,16,"Fantastic worth 4 stars Well worth four stars, deserves better #37 dubai (at time writing). One bit advice I would give haggle, although souk, prices slightly fake, instance breakfast quoted different prices paid 350UAE two us 7 days, quoted 160 per day 700 per week. The luxury taxi, new Lexus driver took us airport 60 UAE although others paid 80 (this could traffic / time day). Front desk staff fast friendly, concierge brilliant English good compared about.The gym well equipped pool clean tidy great view. The room nice, sure got upgraded large room good air con, mini bar, large LCD TV.Regarding earlier comment beware extra charges, little concerned extra 20% could spoil bargain, booked lastminute.com included nothing pay checkout.The breakfast bland, far it, large buffet changed certain items day, best fresh coffee served superb waiter would let cup run empty. We dined inside 3 nights Royal Buddha twice asia buffet one night. The Royal Buddha best Thai restaurant I ever to, discovered several awards best Thai restaurant Dubai !!! read time-out review online. The eat Asian buffet restaurant good value money 59UAE p/p (Â£10).Location good, close Mall Emirates went sking one day (a bit mad 45Â°C outside !) . Taxi's cheap cheap get beach / creek / Atlantis Palm.The thing lets brand, UK Holiday Inn regarded budget chain. Maybe ICS re-brand quality hotels ?",0.28321989738656406,0.5404819624819626,May 28 2009
17,17,"Good hotel! Good brand new next Mall Emirates (3 minutes walk).I arrived 6am I given room straight away, need wait check time.Room big, clean, quiet.It medium sized gym small pool roof top never crowded.",0.2808922558922559,0.4171717171717172,May 25 2009
18,18,Excellent Value Hotel In Dubai Stayed The Holiday Inn 6 nights girlfriend really enjoyed place.The Hotel Sheikh Zayed Road good views Burj Al Arab Hotel Jumeirah Beach The Rooftop Bar swimming pool.It 5 minute walk Mall Emirates handy shopping wanted something eat day night.The located around 200 yards one Metro Stops new Dubai Metro opens September good travelling option Dubai traffic hectic there.The rooftop swimming pool although big job serves drink light snacks day.There vey good bar ground floor happy hour 12 7 day pleasnat way spend evening two.We tried Thai Restaurant although expensive food excellent.There Indian Restaurant Opening soon good.The overall good Staff vere pleasant proffessionell probably stay next time go Dubai,0.43123106060606065,0.6319667832167831,May 23 2009
19,19,"Great Place - recommend unhesitatingly This place fine. The rooms small, sure, decent room service, bar excellent, spotless, gym great instructor called Aziz, luxury taxi airport mere Dhrs80 pay cash (!) one could perhaps wish free internet lobby. It's Four Star really lives claim provide Five Star facilities. I stayed Priority Club points, 15,000 time writing, made even better deal, functional business Mall Emirates area, would surely take beating paying yourself.",0.33095238095238094,0.6746031746031746,May 6 2009
20,20,"brand new property A brand new property I visited Nov 2008. Stayed week. This ideal location business jabel Ali area also internet city business locations towards Jabel Ali region. It's away maddening traffic city. From a/p 20 minutes drive. You reach Abu Dhabi also hotel. The Autrium good; make sure get room whicv faces rather one faces autrium. The break fast somewhat bland, dinner excellent lots Arabic varieties.",0.36456228956228964,0.6895903479236812,Apr 30 2009
21,21,"Better 4 star My children I arrived late night received nice welcome. We ordered room service well presented beautiful. The pleasant surprise room. I booked two bedroom suite massive. The beds king size comfortable bed I ever slept (must find buy mattress!). The staff friendly, particularly Immy pool. Unfortunately two days wanted stay longer.Location good, within 2 minute walk Mall Emirates Ski Dubai. Dubai quite spread I donât think maters stay. Shopping cheap worth walk. There bars restaurants looked nice I believe opening up. The service facilities equal many five star hotels I stayed at. Overall, perfect stay us.",0.3302083333333333,0.6395833333333333,Apr 29 2009
22,22,"Made family happy :) I live Dubai decided treat mum sister 7 day holiday. They ABSOLUTELY LOVED said much better ever expected. The staff went way extremely friendly. The room clean beautifuly decorated comfortable beds. The pool FANTASTIC views Jumerirah coast line one best views town Burj Al Arab. It lovely pool area really nice, lovely wicker leaf shaped sun loungers. I would hesitate recommend anyone coming visit Dubai. It also great central location always cabs outside.We ate two restaurants arabic thai good. I say Thai food best Dubai Thai restaurant staff really really friendly.Given price compared 5 star hotels Jumeriah beach 3 times much.....if contemplating value visit Dubai PLEASE STAY HERE really happy choice. Coming Dubai I say hotels price range Holiday Inn come close....so book now!Also I happy mum sister still raving everyone amazing holiday Dubai Holiday Inn said made stay extra special due friendliness staff.",0.419505772005772,0.6048809523809524,Apr 13 2009
23,23,"1st class Excellent hotel, good service, spotlessly clean. The staff go way make stay pleasure. Good choice food whatever time day, gym top floor good, pool area little small side, pleasurable same. Be careful sun beds, one move side youre floor. The new shopping mall virtually next door, taxis plentifull, however use metred cars, rest twice price. When check paranoid used mini bar wont let leave checked.",0.30657925407925407,0.603041958041958,Apr 2 2009
24,24,"Stunning Hotel great service best Thai restaurant I recommended friend stay The holiday Inn Al Barsha Dubai, I impressed beautiful well decorated hotel, bedroom amazing confortable bed clean. staff helpfull professional. The breakfast good selection food, tasty great service. One evening I dinner friends Royal Budhal Thai restaurant Hotel, The Chef came table recommend dishes us, The meal outstanding, I best thai red chicken curry I ever had, The delicious rice served large elegant basket. I truly enjoyable stay I would recommend great everyone travelling Dubai.",0.5250432900432901,0.6497077922077922,Mar 24 2009
25,25,"Brilliant Hotel We loved Hotel. Reception helpful, room within minutes. All staff reception helpful. The room lovely. We meal restaurant excellent. There nice bar enjoy odd cocktail Happy Hour welcome without intrusive. The location perfect 1 night boarding Cruise. We spent nice shopping day Emirates Mall saw ski resort amazing. I would highly recommend especially Priority Points. Only advice never take Hotel Taxi Dubai always use oficial Taxi's metered get ripped off. All Taxi drivers met extremely nice often offered good advice.",0.47015873015873016,0.7638095238095237,Mar 3 2009
26,26,"Great Hotel watch extras bill though. The new (we stayed January 2009) decent location, although driving, nightmare reach due road layout. It next Emirates Mall (walking distance) plenty facilities doorstep. The medium sized plenty facilties, great Gym rooftop pool, excellent bar restaurants. Checking took far long, especially checking out, make airport. When arrived took aproximately 30 minutes chek in, long 2 fidgety kids tow, however upgraded 1 bed apartment style room, spacious beautifully appointed, However problem began...when checking charged upgrade. I get laptop show unhepful woman behind desk much I'd paid room online. To dismay, agreed reduce rate rate agreed. I choice pay increase otherwise I would miss flight. When I threatened wak out, I told I would able board plane I would arrested non payment debt??? I asked speak manager, non available? It real shame departure I would recomended hotel, I simply cant I feel I scammed.",0.2488437001594897,0.5620186830713148,Feb 22 2009
27,27,Nice Hotel Good Location Friendly Staff Small Rooms The nice actually even better I expected. The modern facilities designed nicely. All hotel's staff friendly. The negative point room size.,0.26769230769230773,0.5923076923076923,Feb 16 2009
28,28,"No complaints Had executive room 2nd floor. Check pleasant room within minutes.There building work going on, what's new Dubai. Its literally 3 4 minutes walk Mall Emirates.Never issue getting taxi's, although one time used 'hotels taxi's' I charged thrice I would charged normal taxi.Comfortable rooms, tv channels great. Used steam/sauna staff gym helpful.Didnt try dinings facilities bar open yet. Internet available 30 AED 1 hours use business centre. Hotel rooms new obviously. If I gripe, small, never enough tea cream room!As stated, complaints easy enough find taxi driver back downtown, jumeriah, internet city, malls.",0.12584670231729056,0.5417112299465241,Feb 14 2009
29,29,"Had excellent time hotel! Booked online 5 nights Dinner, Bed &amp; Breakfast rate reasonable amount money. But quite cost-effective compared similar hotels Dubai. When got hotel, wasnât impressed, building work carried out, outside hotel. But I came accustomed Dubai ,it big building site! However wasnât much noise work carried out.Checking took even room wasnât I promised! After call reception, moved us another room (631). The view amazing!! Had excellent view Burj-al-Arab, Jumeriah Beach Hotel, Atlantis distance, Burj Arab. Couldnât asked better view.The room extremely nice clean. We tea coffee, bottled water provided. The TV flat screen sorts channels across world. Beds really comfy gave wonderful sleep every time. As reviewers said, built next Sheikh Zayed Rd, noise traffic could problem light sleepers, Id view every time!Both breakfast dinner, I booked rate, served Gem Garden restaurant. The breakfast really nice fresh, consisted cooked breakfast, different types eggs, continental, arabic indian. No complaints. Dinner hand set menu, although try change everyday, get bit boring. Also wasnât much choice vegetarian accommodate requested. But food served excellent, looked beautiful tasted magnificent. It would nice dinner elsewhere dinner rate offer, told wasnât possible.Both gym swimming pool nice staff eager help times.Tried use business centre check-in online told would cost us 30AED (Â£5-6) 1 hour! I made bit fuss going take 5minutes maximum, lot explaining looking disappointed, I told I could use computer luggage desk!All staff really friendly truly made stay enjoyable one, would definitely stay again. Hopefully much better metro running, station built 2 minute walk away! Otherwise Mall Emirates 5 minute walk away. If wanted go anywhere else would need taxi.",0.3209084084084084,0.6287537537537536,Feb 8 2009
30,30,"Nice rooms handy location - really noisy Booked using Priority Club points extend business stay enjoy Dubai's tourist attractions. Conveniently located 5 minutes walk 'Mall Emirates' within 10 minutes drive Burj Al Arab upmarket resort hotels southern end Jumeirah Beach, location represents good choice looking easy access Dubai's newer attractions. The downside however meters Sheikh Zayed Rd - 12-lane highway busy 24 /7 new Dubai Metro line. Be prepared lot road / traffic noise - especially use small functional rooftop pool sundeck. It's like trying sunbathe next Monaco rally! Another real turn fiddly road access driving - need drive throughtthe busy Mall car park get &amp; highway. At peak times add 15 - 20 minutes minimum car journey.Rooms modern, nicely furnished comfortable indeed - one nicest beds ever. The public areas OK service so-so compared hotels Dubai. Watch exhorbitant costs internet usage also breakfast. At AED90 (approx Â£18 - Â£19) per person overpriced relation quality selection available. Try fabulous breakfast menu Paul (French Bakery) Mall, instead.",0.23658787878787887,0.5091818181818182,Jan 28 2009
31,31,"A taste Dubai 5 star service Stayed early Jan 2009. The new offers excellent environment service. This third trip Dubai (previously stayed LRM GHH), however needed &quot;cheap&quot; break. I say husband I extremely impressed would hesitate go back. The excellent value money, offers wonderful level service rooms good hotels stayed Dubai previously. On arrival (we early check in) dealt quickly given upgrade. The room spacious, clean comfortable. We tried two restaurants hotel, arabic restaurant offered 50% price offered amazing food. We disappointed went back Monday, closed. We three courses traditional arabic food, excellent service approx Â£30 (wine expensive hotels Dubai). The restaurant good, unfortunately didnt try sushi Thai restaurants. The Sports bar happy hour 12pm 7pm drinks half price, well worth visit, although allowed smoke become smoky. You short walk Mall Emirates great eating long dont mind alcohol. The rates four star, Dubai probably right, although I say trying hard five star succeeding respect service. The minus points small pool roof located Sheik Zayed Rd noisy roof dont hear hotel. Some bars fully open yet (including champagne bar) want taste excellent service hotels Dubai good value money (including points nights) try!",0.22726612818076233,0.5144982050469854,Jan 26 2009
32,32,"Great Hotel The decoration superb. Everything oozes quality.The bed comfortable, air conditioning quiet.Satellite tv provided, large wide screen flat panel tv room.Please note I stayed winter outside air temperature 19 degrees celcius. My concern would whether aircon keeps working room - room card/key turns power room.If not, room may get hot summer external temperature hit 50+ take cool down.It's easy get taxi hotel, without wait long. The staff friendly ( UAE people seem be!) helpful.The situated approximately 5 minutes walk Mall Emirates shopping centre shops open midnight. In Emirates mall even go skiing snow!I eat I able comment quality food, given amazing internal condition food I ate elsewhere Dubai, I would expect food good too.The negative points I are:a)Breakfast expensive 90 dirhams.b)Internet connection free, 80 dirhams per day!However, WiFi available Mall Emirates shopping centre, I can't say whether free not, always young people sitting mall using it.",0.15634700176366842,0.5547619047619048,Jan 25 2009
33,33,"Absolutely Lovely. The staff ever ready please Stayed female friend 4th-9th Dec.We pleased situated mere 5mins walk Mall Emirates. Nice design, spacious lobby welcoming staff. The standard room teeny weeny cramped decor made lack space. Room service prompt food served filling delicious. We made sure tried menu. Had good time gym helpful personal trainers. The downside wasnt opened 24hrs. It wouldve helpful burn calories midnite feasts. The Thai restaurant ground floor serves seriously tasty green curry. Watch chilli though. The bellboys couldnt enough us. Smiling helping hundredth shopping bag..all within first day; flagging taxis us generally assisting enquiries may time day. Security pretty good too. Reception called twice ascertain indeed expecting guests. Our room always well cleaned fresh supplies towels toiletries. Ensure put &quot;Do disturb&quot; sign though, otherwise shrill noise housekeeper ring bound rouse u rather abruptly warm cocoon comfortable bed. All all, pleasantly surprised 4* hotel. In eyes, 5* quality. Special thankks Khalid Reception, Ken Concierge desk. We'll surely visit again.",0.24041418650793647,0.5892113095238095,Dec 15 2008
34,34,"Nice Hotel Terrible After Service I stayed weekend visit husband. We found comfortable decent location visit wanted go Ski Dubai. The much nicer I expected, however price pay exactly value money - I able find reasonably priced Dubai yet. Breakfast great - lovely fresh juices sort 'egg bar' could eggs cooked however liked.I problems really stay (however housekeeping woke us one morning 9am - I recommend planning sleeping in). The problems I afterward I called ask anything found room, I sure left husband's cufflinks there.For starters, reception transfers call another department, cannot transfer back reception - seems like bit ridiculous phone system meant 4* hotel. When I called, reception could tell room number I stayed proceeded transfer call housekeeping without explaining I looking even room number was! I call back 3 times get straight answer, finally I told I would receive call back. All I say now, please make sure triple quadruple check everything room leaving, even think may forgotten something, telephone service beyond ridiculous!",0.1618055555555556,0.5591435185185185,Dec 6 2008
35,35,"Good Business Hotel Not So Good Beach You Want Selected mid way town residential district, fully open, liquor licence restaurants, however, roof top bar still construction.Check good easy, bit slow thatâs Middle East! The room I upgraded (Priority Platinum Member) front big panoramic view, real road noise.The service helpfulness staff good could find fault, side bar expensive (so bars Dubai), restaurants also expensive, portions large.If want beach nightlife, you, want taxi ride away (and cheap), business, comfy bed, good varied food fine.The partly full I there, extent service high occupancy conditions experienced (I think would struggle).Would stay â yes criteria stay same.",0.1371759259259259,0.5340046296296296,Dec 5 2008
36,36,"Quite Suprised We plesently suprised Holiday Inn Al Barsha. This open approx 1-3 months. Only floors 1-3 opened stayed.The rooms good size tastefully decorated. We usually find holiday inn rooms small, time exceeded expectations.We upgraded Standard Room Deluxe FOC, point smoking floor, however, room opened smoke smell - little aircon bathroom.The aircon drove us crazy - get right, always freezing.Hotel close mall Emirates, 5mins walk. To Jumeriah, approx 10 mins drive. The full swing 3 months approx. Concierge helpfull friendly. Hotel received liquour licence still working basement nightclub/pool bar. Heaps construction work going around - everywhere else, effect stay.Overall nice, clean pool view pretty good too!",0.16587842712842713,0.637936507936508,Oct 11 2008
37,37,"Hidden Cost Confusion The hotels position rather isolated, although surrounded buildings and/or building sites bit island, constant roar traffic racetrack Sheikh Zayed Rd front cutting direction. The Mall Emirates indoor ski slope approx 400 yds away The Holiday Inn Al Barsha new time staying still achieve liquor licence properly open catering offers. All staff pleasant desk staff could surly problem communication back office desk. Booking instructions billing arrangements passed front desk queried questions checked back office. The house keeping staff Asian pleasant asked anything apparent understand would nod cheerfully.The rooms fine kept pristine towels changed daily, however room problem aircon. Whatever done thermostat ran constantly speed tempeture. Colleagues reported experience rooms. The TV channels limited Arabic. Internet currently free confusing operate slow response times. Use phone expensive charge made immediately dial even connection made.Although one restaurant operating I found expensive although offering diverse buffet choice.",0.0254296937630271,0.4284840468173801,Sep 30 2008
38,38,bien situÃ© (Ski Dubai et Jumeirah),0.0,0.0,Sep 1 2009
