,Unnamed: 0,Reviews,polarity,subject,Dates_extracted
0,0,Good location helpful staff Stayed 11 nights business trip.The Manager extremely helpful arrival due mix sister Mall Emirates.Hotel Staff friendly helpful adequate dining facilities site.Room basic clean well maintained.,0.21785714285714283,0.5190476190476191,Nov 23 2009
1,1,"Beware smoking 'non-smoking' floors!!! We stayed Ibis Al Barsha 6 nights September 2009. It first time stayed Ibis little shocked small rooms were....but got thought room nice, clean, bed comfy reasonably priced hotels Dubai! We specifically stayed Ibis' non-smoking policy. No smoking breakfast area, lobby anywhere non-smoking floor. Unfortunately construction workers staying deliberately flouting non-smoking policy smoking rooms non-smoking floor.....we walk haze smoke really quite revolting everytime tried get room.....we asked staff kindly move people smoking floor every night....and every night refused....they want confront them....was pretty dissappointing. The staff reception overall pretty useless. However...if could sort issue I'd say great stay in...our breakfast included good range.",0.1538377192982456,0.5978070175438596,Oct 28 2009
2,2,"Suited needs I've returned short trip Dubai, visiting sister family, live close Hotel Al Barsha. The new, opened April everything new clean. It much business leisure facilities pool.The rooms fairly small, fine solo traveller shower room ok, although floor tended puddle shower door.There toiletries contrary I'd read here.Although busy Sheik Zayed road, room (187) quiet.I thought breakfast decent enough although waiter service. There fairly good selection contintental type things aswell hot items. I eat restaurants used coffee bar nice. You close Mall emirates. My problem finding taxi driver knew was. Overall suited needs good value money.",0.21227272727272728,0.5273691460055097,Oct 18 2009
3,3,"OK I returned short trip Dubai. I attracted property low price compared rates similar hotels Dubai. Location wise fine taking consideration horrendous traffic city - located opposite way traffic, next Emirates mall, Marina Jebel Ali. You might find bit difficult get taxi construction around. Wont take 5-10 mins wait though.Check fast - basic English Asian staff really poor English skills. No service general - carry luggage room, fridge safe kit room, order snack/drink restaurant go pick etc. Room small contemporary, tiny bathroom, limited space toilet shower cabin, toiletteries bathroom. Cleanliness overall fine, I noticed linen small stain, bed lined towels changed daily. Breakfast poor terms quantity - would provide variety English breakfast continental options too, however would place instance 3 croissants plate would would bring new ones. So actually need ask staff keep replacing food served. I would probably recommend need cheap, comfy property sleep without looking service jazz.",0.06851819351819351,0.39579530829530823,Sep 24 2009
4,4,"If Ibis hotels Europe like this! Stayed two nights grateful given room 6.30am night flight. View room nothing great good location Sheikh Zayed Road - v.covenient Jumeirah Mall Emirates etc. Room comfortable clean, expect new hotel. Bathroom small fittings bit basic otherwise vast improvement Ibis I stayed in. There even element design, unlike &quot;posh youth hostel&quot; feel many European outlets! With two restaurants coffee shop/bakery, dining options also adequate. My gripe lack hot water. Overall though, good value DHS320. Would like see Ibis (and others) try hard patch. Expectations - service levels - clearly higher part world.",0.23044077134986224,0.5604338842975206,Jun 23 2009
5,5,"Great budget conscious traveler. This mainly business travelers, I stayed family (family 4 , 2 small kids), I complaints all. Yes, rooms small, I seen 5 star hotels rooms smaller ones! Actually, decent size rooms, even 2 small kids I find problem space.The service EXCELLENT, friendly accommodating staff. If request something, get within 5 minutes. The clean, maybe due fact still new, staff always walking around dust cloths, wiping mirrors, dust bins, elevator buttons, etc.If car, park right front hotel, problem all.The buffet breakfast excellent, enough choose from.Bottom line - great choice budget conscious traveler!",0.2609788961038961,0.5712629870129871,May 11 2009
6,6,"Small remote decent small The rooms really small, bathroom 300+ durhams! Free internet 2hours only! Free airport pickup mpv, takes 30 mins way. Decent continental breakfast provided eg. pastries, toast, eggs/bacons, cold cuts, dairy stuff, etc.. Hotel looks clean due newly launched April 2009. Exterior area mess, that's dubai, everything construction. About 20 30 mins walk excellent Emirates mall, cab drivers usually grumble due insufficient short distance fare (one way 6 8 durhams). This provide regular shuttle service malls popular spots. Maybe still new remote (located service road Sheik Zyed freeway), cabs need called advance, sometimes no-show.Bathrooms need proper shower screen/door.... shower floods floor area.",0.04718379446640315,0.5084498834498834,Apr 7 2009
