,Unnamed: 0,Reviews,polarity,subject,Dates_extracted
0,0,Stayed several times always happy it. I stayed several times now. Its right city short walk creek cheap taxi ride away everything. Staff helpful courteous rooms spotless nice big beds. Although middle city deal another get transfer beach.The negative I would Russian bar pretty loud music playing early hours. It wont bother going may worth asking room away early night.,0.1797619047619048,0.47420634920634924,Oct 25 2009
1,1,VERY GOOD LOCATION Good Hotel Royal Ascot situated Khalid bin Waleed road Bur Dubai.It central location walking distance Meena Bazar close airport.It ideal location visiting Dubai first time.The drawback size Bathroom really small 4 star.As open door inside hand may get stuck granite basin door rather painfulAlso make sure get room away disco able sleep peacefully.Apart good nice breakfast spread wellOn whole &quot;Value Money &quot;,0.3853846153846154,0.6501709401709402,Oct 7 2009
2,2,"Staying Royal Ascot equals great experience!!! Everything great...The room clean impressive ,the staff friendly helpful finally breakfast rich taste choices!!!",0.6160980902777777,0.8433333333333334,Jul 25 2009
3,3,Great Hotel low Service Standards Me friend stayed 4 days found excellent. The properrty damn good large rooms cleanliness. problem staff mark infra made us forget this. It things 5 star deserves service standards.,0.4523809523809524,0.6797619047619047,Jul 9 2009
4,4,"Excellent Hotel Great Hotel!!We extremely happy cleanliness, room service, housekeeping, etc. Staying made trip especially pleasant one, incredibly comfortable convenient.",0.8,0.9099999999999999,Jun 19 2009
5,5,"Great location indifferent service overall bad price stayed week family. Since I forewarned noise disco, I asked specifically room higher floors facing away main street. I got room end 7th floor. I glad say room quiet absolutely disturbance kind. The housekeeping unobtrusive competent. I somewhat stuck indifferent attitude girls reception. While rude, certainly warm friendly seem offer much assistance. In fact questions, seemed ignorant.The rooms clean, water pressure good bed comfy. My grouse inspite individual AC controls room, aircon seemed mind own. It freezing afternoons strangely warm nights. I manually crank aircon middle night.The breakfast unremarkable par class. The best part location, much heart Bur Dubai walking distance abra station cross Deira souks. Plenty inexpensive eateries including indian vegetarian restaurants within walking distance.Overall I would definitely go back here. I paid average 100 USD per night pretty decent things compared. Wish shuttle services malls missed, well complimentary pickup/drop airport.",0.25449999999999995,0.5325555555555556,Apr 24 2009
6,6,"Avoid want sleep If want sleep night, avoid hotel! There dance club located ground floor hotel, literally &quot;feel&quot; rhythm techno music bed dusk. It seems whole structure vibrating I sleep even earplugs on. The girls reception desk cold smileless. Having said room relatively clean food bad. Unless come back 4 morning, stay away hotel.",0.02733333333333331,0.5533333333333333,Apr 19 2009
7,7,"Two Thumbs Up ! Before reserving ... read reviews got mixed feeling ..but since given great deal travel agent saw good feedbacks gave shot ... payed around 100$ single room per night ...and assure u thing got way beyond payed two hotels sticked together one ascot 3star Royal Ascot 4star, services shared two like buffet lunch ( included room since Half Board) ...the hotels Thai/Chinese,Arabic,Korean,Russian,Japanese restaurants grill bar .the breakfast great almost thing think of,the roof top heaven ... sports club,massage bar/lounge live DJ nights shisha/drinks dinner nights great view Dubai.rooms clean comfy room serviced job every day.friendly staff reception bit lazy needed cork screw wine asked twice later bought across street !! thing really pissed INTERNET ...very expensive (40 Dirhams~12 USD per hour) even use five mins would charge whole hour)..and check bill great attention since usually charge used mini bar ...i told drinks used removed bill hustle! overall .. great place center city .... definitly would go back !",0.21874704840613932,0.47913419913419913,Apr 18 2009
8,8,"Below average wouldnt pay There two hotels owned group, Ascot Royal Ascot. I stayed Royal, Ascot supposed dire. Pretty average, attention detail lacking. Both phones room programmed incorrect numbers reception room service etc. The music club next door penetrates hotel, windows dampen street noise. Left jumper airport transfer van, never saw again, Not professional confidence inspiring introduction hotel. Company paid hotel, flaws, comfortable enough. Internet pretty slow Dubai. There plenty better hotels Dubai, avoid place can.",0.14615384615384616,0.5076923076923078,Mar 29 2009
9,9,"The Royal Ascot Hotel This Hotel brilliant, good location, spacious rooms, tastefully decorated, friendly staff, clean, nice rooftop pool chill-out bar. side meals drinks expensive. Having said that, would certainly stay enjoyable experience",0.3260396825396826,0.735031746031746,Mar 25 2009
10,10,"- Situated Heart Dubai Damn good hotel, right heart Dubai. Situated Bur Dubai, 15 mins drive airport. Being close old commercial hub city, night comes alive. best gazetic shops around corner. Highly recommended.",0.3384126984126985,0.37507936507936507,Feb 18 2009
11,11,Only Nice Room This worst trip dubai made complete.To honest There pool!No sport club !No music club!first night terrible staying 4th floor still noise raising ELEGANT disco.the next night tried attend gards didnt let resident in!!!and asked reservation club!!!the room complete problem rooms car transport good.This needs modifications organization.so far 3 star enough ROYAL ascot hotel!!,0.004999999999999999,0.78,Jan 20 2009
12,12,"Don't eat Troika restaurant We went celebrate friend's birthday . The music good show ok, whatever good thing could place tarnished &quot;security staff&quot; attitude. We 30 people bill way big consumed. It bad experience.",0.198,0.5333333333333334,Jan 15 2009
13,13,exel ent time ever spent family would love visit dubai best ever .Never seen much courtsy far.i would love visit dubai stay property royal ascot .,0.28214285714285714,0.32857142857142857,Jan 3 2009
14,14,great I dont know past I last month best rate dubai.there clean family without problem night clubs like ones.I go again.,0.2986111111111111,0.4069444444444445,Jan 2 2009
15,15,"Negatives outweigh positives This booked company came visit unfortunately negatives outweigh positives resulting avoiding future visits.Pros: rooms quite large adequately air-conditioned, large bathroom good water pressure, friendly knowledgeable concierge. Convenient location Dubai Museum area driving range major malls. Smoking rooms (I unfortunately appointed one could relocated non smoking room) smelly I non smoker really bothered it. Turn service complimentary fruit platter (bananas, apples, grapes oranges).Cons: noise next door night club heard, even 6th floor stop around 3AM. Check in/ Checkout agents inefficient; took us 40 minutes check (there queue; actual time took get checked out). There items bill could explained check agent (we use mini bar, insisted charge mini bar). In total bill printed 5 6 times, time mistakes made bill needed reprinted.In end missed flight check deadline 5 minutes mainly blame long check process. When find stay next flight, think twice checked Hilton Dubai Jumeirah: difference was! So save potential troubles ahead avoid potential decent hotel, stage certainly average 3 star inadequate staff (except concierge staff).",0.04279927248677249,0.4730985449735449,Dec 6 2008
16,16,"good good location We three days February 2008 (and 4 days last year, month).The location good, Bur Dubai, within walking distance(about 15/20 minutes) Creek, Gold Market Souks.The bedroom really nice, new, clean comfortable , lovely bathroom. There nice swimmingpool roof top sun loungers .Negative: buffet breakfast served lobby, near reception, food good, fresh eggs omelettes (breakfast better last year, served Troika restaurant next door Ascot hotel, various food better quality)All great value money",0.33241046831955917,0.5314944903581268,Nov 20 2008
17,17,"Not worth ! The located within heart Bur Dubai central almost everything Dubai. The room stayed small nice, 1st floor view anything outside, however since much Dubai, ignored. The problem many restaurants load music goes till 3am extremely disturbing. There small pool gym roof top.It substandard 3 star â nothing more. Stay dont choice.",0.04886363636363637,0.48363636363636364,Nov 18 2008
18,18,"Very Disappointing My husband I currently staying Royal Ascot business Dubai. Normally travel least month, monthly business trip; choose Royal Ascot result website, fact claimed 5 star.IT IS NOT BY ANY MEANS!!The service frustrating say least, morning we've ordered breakfast room, order wrong missing half items. Sorry seem cut expecting 5 star service/quality.The bathrooms main reception completely trashed day, result huge party tourists use &quot;shower&quot; leaving fly home.When I complained walk puddle use bathrooms, lift trousers avoid stepping might urine water mixed together horrifying, again, IS NOT A 5 STAR HOTEL!Room service takes hour breakfast, requested laundry morning 9:00 previous day, 12:15 still sign clothes.Next time we'll staying Palace, service close 5 star possible.We'd rate 3 star most.The staff front desk extremelly rude, 5 star bend backwards make sure comfortable.We ordered ironing board iron room, ironing board sent black marks it, told take sheet bed cover board this!!Does sound like 5 star you??? Ha, hardly!Save money stress levels book someplace else!P.S. No CD players, DVD players, radio TV's work, every morning wake smell garlic meat cooking.I truly can't wait check sham hotel.A veteran traveller.",-0.11666666666666667,0.5153418803418803,Nov 4 2008
19,19,"To improved The Royal Ascot Hotel heart Bur Dubai good location business men. The &quot;famous2 indian night club Bolliwood mezzanine floor closed down, means sleeping perfect.Nice,wide rooms, new, clean amenities could askPerfect service.The welness centre good. Pool, steambath, sauna, cardio fitness free, pool free charge.What going right way?1) Reception staff. They know work. I ask confirmation special company rate 3 different managers duty!!!2) Internet. 40 Dhs / hour really robbery. It must free!3) Breakfast. location Korean restaurant near reception convenient, small busy place without express preparation chefs I used breakfas served &quot;Troika&quot; restaurant top floor Ascot Hotel. Ok windows much better food!!!4) dubai become expensive. 950 dhs / night company rate amazing amount money.Worthy? Yes 1000 / Dhs per night.",0.23144437573009002,0.5485989143132001,Oct 25 2008
20,20,us!! We Dubai 5 times stayed many 5 starHotels. On occasion recommendation chose stay Royal Ascot Hotel. When arrived asked room top floor knew night club noise next door. Anyway reception desk came back gave us room 1st floor even though asked top floor. After long wait finally moved 5th Floor. The service slow found Staff friendly everyone seemed busy. Our rooms cleaned standard 5 star keep calling room service finish job correctly. The biggest let breakfast room. It situated right next reception area found bizarre people walking main entrance. The staff friendly greet us morning constantly busy. Staff idea find table us ridiculous. It unlikely going back Royal Ascot Hotel.,0.030560061631490217,0.3958358044072329,Aug 14 2008
21,21,"Great Stay Royal Ascot Hotel really pleasent surprise. Situated heart city spacious rooms clean tidy. Friendly staffs around hotel, always ready help ever way possible. Nothing much them. Having wide range restaurants really made stay pleasent venture heat, night two night clubs added feathers cap.",0.2951388888888889,0.5041666666666668,Jul 23 2008
22,22,"Amazing! The stay 11 days best stay had. The staff polite time service 1st class. The food restaurants good also great value money. There desk also helps book tours available around dubai desert safari price fixed anywhere go. The nightclub attatched fun didnt affect sleeping.Highly recommend it, location also good 20 minutes direction take furthest points interest.",0.517,0.49350000000000005,Jul 1 2008
23,23,Sleepless nights If dont mind eating breakfast room without windows dont mind disco beat middle night Royal Ascot fairly good hotel. Apparently leased part night club. Its situated ground floor next lobby. On 6th floor could hear base night. Thank god werent staying 1st 2nd floor. Breakfast without possibility see outside little strange comfortable. I book stolen well. Unfortunately I didnt notice till I came home. No reply fom regarding book all. Rooms clean comfortable freezing cold!,-0.0660485347985348,0.48324175824175825,Jan 22 2008
24,24,"Great stay Royal Ascot The Royal Ascot Hotal brilliant. The service second none, rooms spotless, food excellent, location great sight seeing. All wonderful stay hotel.",0.75,0.75,Oct 6 2007
25,25,"Too new! We stayed Royal Ascot three day stop over. We got great deal via lastminute.com overall I think got value money. We arrived early morning minimum fuss allowed check room relief long journey. The rooms really nice new fixtures fittings, however ws new everything worked TV system operational, teenagers rooms A/C work properly fixed water odd oily smell! The housekeeping staff keen knocked doors early morning make rooms ask laundry.Breakfast fine except hectic music playing loudly room cramped cope guests hotels. The swimming pool hotter I cope bath home. But overall good value money.",0.19452861952861955,0.397979797979798,Sep 4 2007
26,26,"Could done better We booked parents family holiday, rooms made appartment style whole fridge cooker pots pans? So never used facility. The rooms well cleaned never failed us however brother's charger got stolen never managed retrieve it. We think might cleaners careful. Maintance ongoing hotel, point shut water off, understandably late night ill diaorea disaster happened! To add power supply cut one night air conditioning half night!However without doubt asked help guys girls desk prompt service. They patient mum dad slow walkers best thing smile.The best thing location right next Mena Bazar Wazy O'Connors held 5 resturants. We breakfast included stay great variety something hear 4 vegitarians 1 meat eater, one go.Overall good resort near beach, take taxi going Dubai shoppng stop I would recommend long period 7 days relaxation.",0.17720238095238097,0.4876190476190477,Aug 10 2007
27,27,"Absolutely Fantastic Amazing Holiday. We decided go Dubai short notice 10 days racing world cup (amongst events) find availability hotels knew of. We booked suite Royal Ascot even though reviews (I think sister hotel) Ascot great. In preparation I'd booked days/lunches/dinners etc The Burj/JBeach/Meridien places. On arrival The Royal fantastic aspects - arrived 6am knowing check-in till 2pm, immediately brought us fresh coffee tea another, upgraded suite available within hour. Huge Hall, Living/Dining Room Bedroom. Fantastic Bathroom huge shower incredible full size jacuzzi bath built &amp; surrounded mirrors candles. Room service staff areas friendly enough - I thought would heart attack one time I attempted carry drink another area - could think top genuinely wanted help look you. The prices excellent ended ordering drinks room rather buying supermarkets. The central area brilliant never felt safe city, walking back bars shopping malls happily 1 2 am. Diera bit way Jumeirah taxis Â£5 !!!! chauffeur service (excellent) Â£7 took half hour. Anybody wants exhilarating desert experience must contact Desert Rangers go Dune Buggy safari (don't confuse dangerous quad biking there) - one best experiences guys amazing - small head (!) take goggles yes need scarf something tie across nose mouth. Lastly great The Royal Ascot nearby areas I cancelled one reservation, Al Mahara Burj, Â£250 lunch worth every penny! want drinking night go Ascots Waxy O' Connors - cheap fantastic english pop/rock music, luckily crawl back next door! x x",0.3540740740740741,0.5996296296296296,Aug 4 2007
28,28,"Recommended I booked one night stay transiting Dubai. I chose booked airmiles website, I hade spend.I arrived 7-8 overnight flight I feared I would dump bags wander streets / sit lobby midday, I able check immediately, relief.The room fine, nothing special good class hotel. It back hotel, away main road. As result, view all, I care least quiet - I stayed Dubai always risk within earshot one countless construction sites.Service polite efficient.The Bur Dubai, getting shopping areas Deira side creek problem due lack taxis, however also reach taking short(ish) walk creek crossing one cheap ferries.",0.1364625850340136,0.4730782312925171,Jun 18 2007
29,29,Excellent Hotel The Royal Ascot Hotel beautiful superb Dubai.The hotels restaurant good always much better go main strip I would recommend costs lot less internet.We got back 3 night stay good 5 star hotel.,0.475,0.5225,Mar 30 2007
30,30,"pleasantly surprised - lovely Hi,My mother I stayed great. Massive clean room flat screen TV, 24hrs room service, bathroom lovely, swimming pool great sun loungers &amp; towels supplied, decent gym too. Also provides free bus service Jumeria beach &amp; back. The staff helpful polite.Breakfast supplied room walk next door Ascot Hotel (as 2 two hotels joint internally). Breakfast feast, varity all.The Royal Ascot situated Bur Dubai - 10 mins walk Meena Bazzar 20 mins drive airport &amp; Dera (where Gold Soks are).Advice shops bargain! I even went shopping mall bought prescription Prada sun glasses...I bargained till cows came home got good price.",0.3145555555555556,0.5514444444444444,Mar 25 2007
