,Unnamed: 0,Reviews,polarity,subject,Dates_extracted
0,0,Great Hotel Great nice view good location inside mall Emirates,0.7250000000000001,0.775,Nov 17 2009
1,1,"A Most Excellent Stay! I fortunate stay Kempinski (Mall Emirates) first leg trip middle east. Pick airport quick effecient (140 UAE$). A impressive lobby greets enter hotel. Janet front desk made check breeze. She checked room#225 pool suite...awesome! The room opened right onto pool, importantly pool bar.My room modern chic. Flat screen TV, great comfortable bed. Large glass doors led veranda. Pool service wonderful, attentive.The Mall Emirates attached lobby Kempinski, ultra convenient. The Mall every &quot;western&quot; store imaginable, plus nice local merchants. Great cafes dot landscape. The big attraction &quot;Ski Dubai&quot;. The mammoth indoor ski mountain. It's quite sight see. Bring gloves hat!Room service quick, excellent. In room wireless internet FREE charge. There spa fitness center also looked nice.Overall, I would highly recommend Kempinski travels take Dubai, beyond.",0.4272988505747126,0.5897454844006569,Nov 17 2009
2,2,"Good let concierge Good hotel, concierge awful. Gave us wrong information online check promised would. Great location Mall Emirates good rooms. More business orientated leisure.",0.21805555555555556,0.6548611111111111,Oct 20 2009
3,3,"A Shopaholic's Dream There really one real reason staying Kempenski; shop 'till drop. Being part huge Mall Emirates easy access it, expect plenty shopping sprees. An extensive food court within mall means rely overpriced food (although breakfast spread quite excellent, go route can), visit Ski Dubai novelty snow middle desert.The room bit cramped, still quite comfortable nice bathroom. When arrived small things missing, like slippers, quick call room service soon fixed that. The staff uniformly friendly helpful, I single extremely friendly Taxi attendants.",0.24220238095238092,0.5331845238095239,Oct 4 2009
4,4,"Bad start great Booked via travel agent reassurance would corner suite....upon arrival midnight shown double room, ceratainly big enough family four. After complaining told room requested (and paid for) eventually moved corner suite originally wanted. ALL OF THIS AT MIDNIGHT two half yr old twins 15 hour flight. We given apology.In saying this, location rooms great subsequent service good fantastic, would definitley stay purely location (and used babysitting service comfortable leave children).The rooms beautiful suite ample room two cribs, dining room major plus. Bathroom awesome. Pool area perfect dip cool off.It's taken year get around review another baby I flat crazy busy! No reason.",0.2353174603174603,0.545138888888889,Sep 9 2009
5,5,Class Rest I really like hote. Conveniently located next Mall Emirates..great restuarant bar rooms fantastic. I know bit pricey pay get! Lovely spar good gym adequete pool great service. This one favourites specials I flash,0.38571428571428573,0.4714285714285715,Aug 14 2009
6,6,"Great location friendly staff bad design noise Stay following:- Staff friendly courteous, breakfast crew showed daughter much compassion. Upgraded room needed fit cot.- Room finishing immaculate classy.- Close shops great shopping, getting bite eat, movies etc.- Central location plenty taxisDon't stay following:- Either ski park air conditioning vents right next pool. To sit pool sitting airport runway. Constant loud humming blowing noise large turbine coolers, cannot relax. The noise travels pool rooms probably next 3 levels. I could sleep 2 nights demand another room rear hotel. The vibration pool side vibrates concrete. An unfortunate design oversight. - This basic room small, shame considering Dubai much space room sizes issue. You need upgrade get decent room size.- The taxi attendants lazy sometimes, need firm remember serve. I think general customers Mall get way sometimes.- Check days alcoholic drink, quite religious dry days, fine, might find sipping beer room only.Great business, holiday look something else.",0.08308080808080806,0.4545743145743145,Jun 15 2009
7,7,"Wonderful Stay - Excellent Service! We returned 5 day stay Kempinski. The service makes better 5* room spacious well appointed. Accessibility key selecting hotels Kempinski perfectly situated easy access beaches, airport dessert. We spent lot time Mall ease access meals kids' activities awesome!Our package included breakfast, ranging room service several in-house dining outlets. The breakfast exceptional, huge selection. We also provided free WIFI allowance laundry. The upgraded us corner suite great view beach properties. While initially I concerned corner highway, windows must sound-proofing becuase bothered traffic.Our family 5 stayed corner suite (a complimentary upgrade) 2 adults 5-year-old king size bed 2 kids pull-out sofa.I would DEFINITELY recommend Kempinski types travelers -- business family. It choice future stays becuase location excellent service!",0.43529411764705883,0.6475490196078431,Mar 26 2009
8,8,"Good location shame noise This good location. It easy get beach taxi without expensive beach hotels. The shopping mall attached good well. The main problem noise. A DJ played pool every night stay. We move rooms, poolside room, DJ literally outside window. We got moved higher room got back DJ still going could hear (although badly) higher room. The rooms though big fairly luxurious.",0.2076923076923077,0.49102564102564106,Mar 16 2009
9,9,"Mixed review This attached Mall Emirates well located want shop use indoor skiing. The rooms lovely cleaning staff excellent. Breakfast buffet style quite expensive already included price room. We stayed B&amp;B basis arrived early morning day checking went breakfast waiting room ready. On morning leaving checking early time breakfast. We thought would issue signed number breakfasts nights stayed would accept made us pay extra breakfast number already paid for, unimpressed! In general I found staff quite unhelpful although alot friendly would types greet smile (except cleaning staff always friendly)! It convenient however mall emirates skiing alot restaurants available mall eat hotel. The rooms lovely I'd recommend want go shopping skiing quite expensive impersonal hotel.",0.17743055555555556,0.48749999999999993,Mar 2 2009
10,10,Wow - loved We arrived early morning stopover given fantastic room (upgraded huge room). Everything thought every small detail given attention to. The service second none. Everything clean decor lovely. Easy get mall shop perfect stopover luxury. Loved it!Kempinski 5 stars.,0.37333333333333335,0.706111111111111,Feb 14 2009
11,11,"Brilliant Hotel This superb hotel. We (my wife I) travelled two children wifes parents. Our room amazing 2 seperate rooms - one living bedroom - 42 inch plasmas built wall. They also organised connecting rooms.The view superb - straight looking water (in distance) fabous Burj hotel.The 5 star without doubt Mall Emirates shopping 75 restuarants / eating establishments doorstep. Also, attractions like Ski Dubai virtually lobby. My son learnt ski one day easily able come back next day second lesson without upseting rest plans.The rooms cleaned impeccably every day room facilities first class.Breakfast room service excellent well. Only bad things:1. The pool shade day quite cold. It needs heated.2. I booked massage 5pm afternoon. When I rang back day massage confirm booking time, lost booking. They could fit time I cancelled. Also - male massagers!3. There easy exit 14 lane freeway front mall get hotel. You get taxi 5 minutes later going road, road though roundabouts, freeway passing again!! Traffic around Mall bad. This may due construction Dubai Metro monorail system - I cant sure.4. We booked cruise creek concierge organise it. After initially told could charge room, got later told would pay cash - 1000 AED. We questioned credit card room charge would work - got given strange reason concierge. I feeiling cash &quot;distributed&quot;.",0.11517592592592595,0.480462962962963,Jan 11 2009
12,12,"Only go wish shop! Attractive lovely room, view outside ski run lovely extractor fans I could hear night.My parents room smaller grand mine. They better view one respect please aware close motorway makes feel like living next M6!!!Pool area small sun pool sit small area side cars whizzing past!!Breakfast good, attentive service.New yr dinner excellent excitement celebrate New Yr 12 o'clock.I would return busy every respect ideal holiday Ok days shopping!",0.2341125541125541,0.5640259740259741,Jan 4 2009
13,13,"Not satisfactory I stayed Kempinski six nights expect far better.First good... The stunning, rooms, bathroom, hallways, lobby, outside driveway / entrance (particularly night). The breakfast also good service breakfat always good. Being connected Mall also great convenience. Now bad there's alot it...After I booked I emailed requested room view Burj, however I received vague reply broken English I persue anymore. On check I re-requested room view told I would getting one. What I expect however worst view possible, side view outside indoor skiing tube - unattractive.However main gripes came service. The remote control TV broke I took reception told grumpy manner IT would fix 'I' bring back room happen. I clearly frustrated issue, I gave anyway told het IT could pick reception, rather walk mile back room (the long corridors room end) Not five star service all. It also seemed staff know talking about. The internet stopped working I saw someone else reception insisted internet access available rooms, clearly I using it. Strange. One morning I hung breakfast order door knob well cut-off time, find never arrived following morning. When I opened door next morning, still hanging door!The concierge desk dreadful understaffed. I asking help booking something London (my next destination) even three requests, still get back me. The pool area also poor. Only one pool warmish, stone cold (I winter) never received sun. There enough chairs around pool staff would even allow move cabana sunny area. The pool bar never open, despite full whole area destroyed constant noise traffic main road below. A triumph poor design. I also massage dreadful. It conducted hard surface required sit, lie, sit etc, relaxing all. To top off, finished, basically told get get immediately, minutes rest relax completion treatment even. To top off, lost postcards. I stopped back return promised would followed up. Not surprisingly, never turned up. It's great shame really truly beautiful potential wonderful, shame service poor.",0.01709039548022599,0.5081355932203391,Dec 31 2008
14,14,"Disappointed We arrived tired 0430hrs flight Kuala Lumpur told Kempinski reservation us. We advised could either wait foyer Reservation staff came duty resolve matter submit credit card authorisation payment room meantime. Given would several hours could resolved submitted credit card details. We advised would upgraded suite matter could sorted. It took several telephone calls us UK later day made least 4 trips reception desk eventually found 12 hrs later Kempinski reservations made error, booking stay system previous week, confirming correct dates travel agent. The following day returning shopping mall found locked room, neither key cards operating. We go reception get re-authorised.The suite disappointing kitchen area floor furniture showing obvious long standing stains. We also half board basis initially told able use one 4 restaurants hotel. The following day another member reception staff advised us could use restaurants. On dining 2nd floor restaurant one night main meal arrived along steak ordered partner, unfortunately side dish served it, queried minutes, waiter disappeared return advise chef still cooking would minutes ready offered take away steak keep warm. Is much ask meals served together?We contacted return UK visit, date reply received them.On plus side, offers good access mall offers breakfasts good plenty choice.",-0.0020833333333333363,0.37942708333333325,Dec 14 2008
15,15,"Fabulous location We arrived Kempinski long journey, instantly impressed incredible lobby. We 10, check-in 3, staff excellent sorting room asap, 11am! The room stunning, everything spotless seemed really new. The pool beautiful, whilst Ramadan therefore use poolbar, I imagine would fabulous action! It's worth noting building work happening right next hotel, 'silent' pool - however hardly noisy, really affect us such...there's building work happening Dubai I think lots places would've same.We completely underestimated convenience mall attached hotel. We visited 3 others (Wafi, Medina Souk Dubai City) none remotely compared size/layout/design/selection shops Mall Emirates.All all, I would thoroughly recommend Kempinski Mall Emirates anyone - especially get Executive Suite - really great suite well worth money! Also worth noting there's good selection restaurants/bars in/connected hotel, noted, well friend Dubai saying she'd NEVER seen many taxi's readily waiting outside. At couple hotels malls visited, wait almost half hour cab - never problem Kempinski!",0.2957884972170685,0.5069140383426097,Oct 6 2008
16,16,"Rooms amazing I add I upgraded suite, I know normal rooms like, suite I given magnificent- simply gorgeous. Staff beyond helpful. Location- great- always pop mall. Clean, quiet, well located near many things. Everything need. No views, though- least I looked ugly road/parking lot thing.If I ever hit lottery, I want bathroom like one room Kempinski.I eat hotel- I view food.",0.2924242424242424,0.6848484848484848,Sep 24 2008
17,17,"Worth every penny This fantastic hotel, service top notch, rooms immaculate facilities impeccable.I used live Dubai picky hotels wanted give shot heard raves friends co-workers.My room lovely (view lousy, none views would great hotel) fantastic bathroom great bed. The service extremely friendly day three everyone seemed know name preferences. Amazing large hotel.The access Mall great, esp. comes food options.The potential downsides: size pool location bit far anything Mall Emirates. I use pool weather lousy, looked small size property appear much sun exposure. All great experience.",0.24676736307171088,0.6249378881987577,Sep 12 2008
18,18,"Fantastic experience We arrived 7am morning stay find agent booked us Kempinski Ajman rather Dubai Mall Emirates. The staff Mall Emirates incredible- decided wanted stay booked us promotion rate upgraded us. We room 8am extra cost.This one nicest hotels ever stayed at. Our room incredibly spacious everything could ever want! The bed incredible (we loved swivel plasma), bathroom luxurious (fantastic shower) comfortable.Breakfast fabulous- tastes diets accomodated buffet. We also tried cafe downstairs lovely. We used pool afternoon loved it.We booked location- loved walking mall wandering around. But minutes madinat beach. The staff wonderful incredibly helpful. We look forward staying future.",0.5625000000000001,0.7671875000000001,Sep 10 2008
19,19,"SleepTan I booked Kempinski Mall The Emirates part multi city trip included The Oman Abu Dhabi.I arrived Car The Emirates Palace Kempinski Abu Dhabi.On arrival I escorted bellman reception fast registration I escorted Grand Luxe Room.The room great views Burj Al Arab distance (the part one largest Malls World located Sheikh Zayed Highway).The room I allocated Lounge/Dining Area spacious Bedroom plus large Bathroom separate WC. Everything immaculate condition well planned.I especially loved extremely spacious Bathroom XL Bathtub massive Waterfall Shower.I frequently used Swimming Pool pool Bar,where I found staff attentive (ice cold towels fresh fruit offered several times throughout day), Breakfast Buffett also left nothing desired.One best dining concepts I encountered Sezamme, located lobby level opens onto Mall. The menu consists fusion concept 'Stem',Bake,'Grill dishes offer superior quality.All great stay, I went shopping Mall several occassions,the concierges organized trips travels onwards airport.",0.3091353383458647,0.5924812030075188,Aug 17 2008
20,20,"Loved Kempinski Mall Emirates Hotel We stayed 4 nights Kempinksi July wonderful stay. The rooms well appointed luxurious furnishings fantastic bathroom. The staff courteous attentive, particularly swimming pool. The location great - particularly extreme hot weather, enter Mall Emirates shopping centre Ski Dubai foyer without stepping outside.",0.3948611111111111,0.6847222222222222,Aug 15 2008
21,21,"Super service Kempinski The Kempinski lovely hotel; An impressive triple height entrance greets together warm friendly welcome. We arrived earlier stated check-in time (after overnight flight) whilst room ready, every effort made accomodate us. Our mobile number taken promised call room ready. So left bags went found coffee watching early morning skiers Dubai snowdome. After hour decided waited long enough and, notwithstanding call mobile received, went back reception see room ready. It different room free room upgrade later found huge room. Unfortunately smoking room one party asthmatic good. A call reception later wait (but still stated check time), accomodated another room (back standard room actually booked). We told room smaller upgraded one, tell. Instead much better view Sheikh-Sayed Road (a busy road something could hear) Burj-al Arab Jumeriah beach hotel.The room modern large. We separate living area, bedroom massive bathroom (complete amazing shower). Having stayed plenty 4 5 star hotels around world, would definitely consider best. The daily breakfast diverse tasty; definitely tastes catered - full english breakfast pastries fresh fruit.We make full use facilities (tennis courts, outdoor pool etc.) make use gym found well equipped, large good modern equipment.We liked location (plenty going mall emirates), staff (attentive friendly) luxurious surroundings hotel. Whilst beach, good location exploring Dubai right next top quality shopping.",0.23964138741916516,0.46978542034097603,Jul 21 2008
22,22,Okay stay We stayed 5 nights deluxe room. The great. The rooms huge! The location reason chose stay here. It's directly connected shopping mall great bit shopping also number restaurants choose from. The also small swimming pool sun loungers relax - mind huge number business people seem pass daily. The food restaurant nice . There huge buffet morning breakfast. Definately something everyone. While enjoyed stay rush back. Dubai one huge construction site. We glad stay beach horrified see beaches surrounded cranes. We went Burj Al Arab dinner I say definately highlight trip. The food service fantastic. If I go back I would stretch budget stay Burj.,0.38500000000000006,0.6333333333333333,Jul 1 2008
23,23,Nice Rooms The Hotel Was good. I recieved complementary upgrade executive room. Very nicely decorated equipped.The lobby ventiliation problem smoke kitchen seeping in. But modren lobby nonetheless. unmatched shopping location. WiFi free :(,0.25666666666666665,0.8133333333333334,Jun 29 2008
24,24,"Fantastic Room We stayed Kempinski Mall Emirates 4 nights May 2008. This fantastic hotel, perfect Dubai shopping.We Grand Deluxe room like junior suite. It separate lounge small kitchen area small dining table 2 chairs. The bathroom massive separate shower WC. All luxurious. There large flat screen TV bedroom well lounge plus DVD player. I loved amount storage, 2 seperate cupboards store suitcases. This one favourite rooms I ever stayed in.The busy atmosphere loads people entering, leaving waiting. We room rate Mall downstairs get breakfast there.",0.27461904761904765,0.6695714285714287,May 28 2008
25,25,"A Dream Hotel Fantastic location built onto Mall, second largest world, 600 shops. It also attached Ski Resort.The quality, cleanliness service could beaten. Somewhere unwind hassle life.",0.2,0.45,May 11 2008
26,26,"Great base UAE travel We booked five night stay Kempinski's two reasons. Firstly far enough away Dubai knew spend break away stuck traffic, secondly attractions within walking/close driving distance hotel.Kempinski's beautiful hotel. A lot attention paid whole building design tasteful elegant. Check little slow, especially considering arrived 4pm (two hours past check time.) We asked non smoking room wait whilst one cleaned made ready. After 30 minute wait allocated room 7th floor overlooked pool Burj Al Arab. The room pure luxury bathroom die for. There turn service night chocolates bottled water left side bed well sofa bed children you.Breakfast included part package ample choice. Service 24/7 superb general staff Kempinski's polite welcoming.Free valet parking available guests much appreciated long days out. Our disappontment Kempinski's slow reaction room service requests. On first night took 3 phone calls hour get sheet blanket make sofa bed! A request glass milk ironing board took almost hour!Walk foyer Kempinski's wonderful Emirates Mall - shopper's paradise. Also attached Ski Dubai, one wonders Middle East definately must travellers. How many people know say went skiing desert?Don't miss dinner Mina A' Salam. This stunning interpretation Arabia food international buffet superb. They also serve English afternoon tea taken outside, overlooking azure sea Burj Al Arab.If hire car make sure get Sat Nav. Drive Jebel Hafeet tea top mountain go back mountain Green Mubazzarah take dip hot springs, said host excellent medicinal properties. Another trip miss visit Hatta Herritage Village. The drive takes past stunning scenery leave around 4 pm able watch 4 wheel drive jeeps dune bashing sun sets.Wouldn't hesitate recommending Kempinski's travellers UAE.",0.20518578643578642,0.528598484848485,May 10 2008
27,27,Wow!! Stayed 2 nights September 07 Ramadan. The location fantastic - easy wander Mall Emirates look around. Via taxi didnt seem take long get anywhere (watch drivers count change loud EVERY trip tried shortchange me!).The stunning - room luxurious bed comfy - needed long flight.The staff went way helpful - particularly lovely staff breakfast took time explain us unfamiliar arabic foods - delicious!The pool area lovely - hot swam breakfast great way wake up.Was completely awed would highly recommend it.,0.28330357142857143,0.6933333333333334,Apr 22 2008
28,28,"Room With A View Stayed 8 nights April 2008, stayed Grand Delux Room , room fantastic, lounge massive bedroom fantastic bathroom. The Shower amazing. The view fantastic Burj Al Arab Jumeriah Beach Hotel The Hotel also fantasticaly clean. We breakfast morning , staff attentive vast array foods ( partial chocolate doughnuts).The next Mall Of Emirates convenient shopping , food courts Hop On Hop Off Bus goes Mall.The pool small could always get lounger times day,.We tended eat Souk Madinat ( 5 minute taxi journey away) lots restaurants waterfront could sit outside backdrop Burj Al Arab.We Afternoon Tea sky view bar Burj, expensive well worth it, plates food filled many times required.There new metro built runs straight past hotel.We really enjoyed trip.",0.19633477633477633,0.6216450216450218,Apr 18 2008
29,29,"Lets call mirageon building site. After journey bad road system looks big , inside great lobby begin realize front ski slope shops.They stars. Odd taxi drop &amp; pick up. If room ends block long walk. Some defective lamps shower head fitting.Thin large bath towels. Smart room quiet. Lacks personality. I would stay else where, garden beach, (if I ever tempted return, I doubt) visit Mall watch ski slope,see great shops, eat better food. &quot;Almaz Momo&quot;, next Harvey Nichs. Avoid Armani coffee bar Pauls. Lots food choices, serving alcohol. Was charged mini bar items used eventually corrected.",0.14653679653679655,0.43831168831168826,Apr 18 2008
30,30,"Great luxerious amazing spacy rooms. I stayed business Dubai, brought wife week. We decided Kempinski reviews here, location good company rate here. I suprised high standard room got. Huge bed, sofa arrangtement large flatscreen middle room. The bathroom also huge. The poolarea small, exclusive. The service evey places excellent. At pool, restaurant, reception especiall doormen great job. Even exclusive hotel, never felt uncomfertable there. One best hotels I ever visited business trips.",0.44802197802197796,0.5745054945054945,Apr 11 2008
31,31,"Nice Hotel The Kempinski Mall Emirates great great location. We stayed enjoy lessons skiing took two Grand Deluxe rooms. We family five fit us fine - one king bed sofa bed room. There eating area, separate living room bedroom. The bathrooms equal jumeirah quality, luxurious. We got good rate better hotels Dubai. I would definetly stay again.",0.49358974358974367,0.6115384615384616,Apr 7 2008
32,32,"Jewel crown My husband I stayed Kempinski Nov 07, drove impressive. The service extremely good arrival checkin quick professional. We extremely impressed suite, It spacious, clean modern, bathroom boasted separate toilet shower room. The Pool area positioned roof, times noise pollution near motorways little annoying idyllic surroundings made it. The views Burj al Arab decent, good taxi ride away. The great thing attached Mall Emirates, Ski Dubai, two main attractions forward thinking city. The front busy hub taxis coming going great want get explore. The bars restaurants good except 24hr restaurant, service quite disappointing, bit like food. Overall elegant Hotel left lasting impression us hopefully distant future shall returning.",0.27048076923076925,0.5036538461538462,Apr 6 2008
33,33,"Good Hotel .. Very Friendly Staff .. I've Dubai short visit. I've booked deluxe twin room online web site. When I arrived I've told room upgraded suite.The suite ok, little bit dull &amp; dark. Although I've rquested twin beds, I've given double bed. The suite size little small, bed room small, bathroom larg beautifully cladded white marble &amp; amenities fantastic.The breakfast included price room, restaurant fine nothing extrodinary &amp; breakfast ok, necessary things start day. &amp; like breakfast ,, get mall &amp; garb doughnut &amp; great cup coffe anywhere like.The main advantage Mall. You'll find anything want, starting cinemas, shops, supermarket, wide selection restsurants (fast food, gourmet dining, cafe's, juice bars, etc.) .. &amp; many many many shops &amp; brands .. I assure ... never get board .",0.19809670781893005,0.4786008230452676,Apr 2 2008
34,34,Big big rooms Went Dubai business incentive trip. The good location shopping Mall Emirates massive. I also lesson Ski Dubai interesting. Room really big separate lounge massive bathroom. However I got non-smoking room I tried change rooms available non smoking floors (6&amp;7) might something check reserving. Food good excellent lunch terrace one day. Pool nice also. There would great view Burj lower floors might obscured metro built right outside. Hotel good visiting I think I would try beach location traffic really bad around due mall,0.28592436974789914,0.551610644257703,Feb 26 2008
35,35,"Nothing Luxury We went Kempinski Mall Emirates birthday November. On arrival met member staff drove us hotel, friendly accomodating. When reached hotel, welcomed exceptionally well, porters concierge friendly couldnt help make friends them. Nothing big small them, get complete utter LUXURY!!! The rooms nice, comfortable spacious bathrooms same. It lovely I would defo go back!The thing I would fault would pool area, small almost rooftop. Compared places I previously visited smallest pool. Although shopoholic enjoy spot retail therapy you. It stones throw away mall could ask for, dont think managed name one shop wasnt there!!! The food slightly overpriced hotel, although isnt extortinate. With Burj al Arab opposite mall emirates side skidubai truly central magnificent. Would defo go back again!",0.183844696969697,0.5103787878787878,Feb 20 2008
36,36,"A Real Experience Wonderful Access Mall offering inferior services A must see interested ultra modern, luxurious, over-staffed, over-priced, under-serviced type stay.Suite rooms spacious elegant lacking nothing leaving little imagination, shower room designed like Turkish bath, bathroom small convenient, nice lit drawers cabins store luggage, nice plasma TV living room bedroom limited choices TV channels.Gym well equipped, personal trainer always attendance; pool relaxation sunbathing athletic serious swimmers, check big hassle, checkout, getting access card, getting extra pillow quilt cover.A different experience altogether, I donât think location view competes place located beach like Jumairah, easy access like ones Shaikh Zaid Road.",0.18035714285714283,0.5389915966386555,Dec 30 2007
37,37,"Great Stay A friend mine told try I'm happy took advice. I stayed september 5 nights, requested early check arrived Dubai 7 am, got 9 room ready. We Grand Deluxe room pretty much large junior suite. Room faultless every way. The bathrooms great every facility needed. I stayed many hotels Dubai newer five stars tend keep high standard definitely one better hotels I've stayed at. We two problems 5 days: 1. The room service unbelievably slow 2. The Lobby always boiling hot. Besides that, good indeed.",0.3859097744360903,0.6768721804511278,Dec 27 2007
38,38,"Absolute Luxury We spent days Kempinski return Turkey Greek Islands found fabulous. The attention detail throughout amazing, service unsurpassed.Would highly recommend Kempinski extreme luxury, convenience, huge shopping mall ski run attached hotel. An experience missed.",0.14833333333333334,0.6044444444444445,Nov 27 2007
39,39,"Simply wonderful! This first visit Dubai stopover way Europe. We loved every second - even bleary eyed, tired fatigued haze.Arrived early morning spectacular tasteful lobby reception area. We received objection early check-in shown turned amazing suite. It spacious separate bedroom, lounge small dining area. Giant bathroom lovely tub, twin basins big awesome shower separate toilet. It beautifully decorated spotless - pleasure fall onto luxuriously appointed wonderfully comfortable (twin) beds recovery snooze long flight. We view back looked indoor skiing centre although picturesque still rather amazing see.We missed breakfast able take room instead early next morning prior checkout, without hassle. We really nice light lunch lobby restaurant proceeded explore described shopping mall steroids - well, unlike anything home anyway. The hotel/mall little far downtown Dubai Deira (souks) cabs cheap (watch peak hour traffic - nightmare!) need leave mammoth complex want explore further.After wonderful introduction Dubai much looking forward second (and longer) stopover way home. Would definitely recommend stay here!",0.24700450450450448,0.5504954954954955,Nov 8 2007
40,40,"Fabulous! From minute arrived early flight UK, I able checked early great.....straight pool!This second trip Dubai, staying Burj Mina Al Salam last time around always going difficult!The fabulous reading previous reviews I knew I would disappointed! I knew travelling alone, I would possibly allocted large room, I room end corridor 8th floor (overlooking outside ski slope!) Not quite Burj I plan sunbathing shopping done!The staff pleasant nothing ever problem. I spent days pool days beach Umm Sequium (next Jumeira) short taxi ride away! I Ramadan facilities restricted (ie pool bar ) honest relaxing temperture little cooler hot mid summer temperatures!With travelling own, nice feel safe secure surroundings hotel, shopping available till 1am! I make use Ski Dubai, coming Scotland last thing I want see snow!Overall, room outstanding, modern finishes fabulous bathroom bath shower, large tv dvd player really comfortable bed!I sad leaving 6 days relaxing trip me, exactly I looking for! Everything within 5 ten minutes taxi I even managed fun trip Wild Wadi!I would definately recommend anyone, although business focused, lot people wandering lobby business suits rather leisurely dressed would maybe find beach hotels! So best pack case accordingly dont stand out!!!I would go back Kempinski next week!",0.19122847011144886,0.4605775075987842,Oct 13 2007
41,41,"Very convenient Stayed one week business trip, chosen due close proximity office (Emaar Business Park). Was Ramadan hot humid month September. A True 5* hotel, entrance lobby huge air con perfectly balanced. I stayed Grand Deluxe room, upon arrival I asked room view Burj Al Arab problem (room 825). The room large bathroom amazing.I breakfast (this brought room) disappointing part experience, included items listed menu there, due hurry leave morning, I time ask another. I complain it, apologised offer take bill.The location ok like shopping due large mall attached, indeed skiing. But please note surrounded busy roads, way could walk anywhere mall. Its good job taxi's cheap.",0.23992481203007524,0.6643233082706766,Sep 27 2007
42,42,"A great Location Shopping Spree We recently stayed Kempinski Hotel, found service amentites top standard. Check-in efficient. The room deluxe modern comfortable bed lovely bathroom. Cannot fault room all. Room service efficient also. The convenience Hotel attached mall unbeatable, great shopping holiday business stay. Recommended.",0.4222222222222222,0.5555555555555556,Sep 15 2007
43,43,"Nice rooms reasonable service bureaucratic Internet access I've stayed couple times &amp; liked rooms &amp; bed times. The rooms I stayed one room bedroom &amp; one small sitting room. Both lovely flat screen TVs &amp; beds comfortable.The buffet breakfast lobby perfectly adequate &amp; staff get anything want &amp; attentive.Check little laborious, 200 key strokes computer (why, why, why?) &amp; scanning passport &amp; that. However, checking quick &amp; efficient.As others said - easy access one biggest &amp; best malls Dubai attractive. You want see movie, shop, eat, even ski - there!The minor niggle I Internet access. Increasingly must business travellers. For reason here, easy way accessing use cable access &amp; need wait someone come room card want use WiFi.... ?",0.2956018518518519,0.5986111111111111,Sep 14 2007
44,44,"Convenient want shop ski I stayed 4 night business much prefered Emirates Towers.The room well decorated sitting area, DVD player flat screen TV.The bathroom one largest I've separate bath walk shower.Room service fast, staff pleasant food actually compared many hotels..All good address working Sheikh Zayed Road want go shopping/skying evening.+ size room bathroom+ Food+ service+ pool+ The mall Emirates- Not much evening - By Dubai's main motorway",0.225,0.4,Aug 3 2007
45,45,"Great Hotel wrong surrounding I loved everything hotel. The modern touch, Lobby, rooms, serice , idea attached largest mall UAE. Its nice wake spend steps humungous mall various restaurants cafes. If ur planning spend whole time Jumeira area place you. It bit far center Dubai traffic bad area worse inside valet area.Another problem amount kids running around rooms lobby. In opinion extravagant design oneshouldn't part big mall.It ruined whole modern atmosphere.",0.055624999999999994,0.5385416666666667,Jul 23 2007
46,46,"Good aminties ... BAD sevice The positive ... nice lobby amenities ... nice bathroom shower The negative ... bad service. I stayed wife 2-year old daughter. My daughter little sick, threw-up little little bed ( cheap bed brought constant demands). I specifically asked change bed. After I came back room, messy dirty invisible them. Also, two bath ropes taken away without replacement! They explained saying fully booked laundry loaded!Never accept âcorner roomâ. It extremely small TV put angle bed view point. The result, terrible TV watching experience. Itâs worth mentioning though nice Plasma TV TV-internet.On website, mentioned special things kids (little rope, welcome gift â¦ etc.). well, absolutely true. When I asked that, clue promised check guest relations get back me. They never did.I would definitely suggest going mall-hotels Dubai. Or beach hotel.I never ever go back particular Kempinski.",-0.0341067821067821,0.5399675324675325,Jun 18 2007
47,47,"Amazing amazing!!! Just got back week holiday Dubai staying Kempinski. And sum - perfect every way!! I cant even think anything complain about, positive feedback!Hotel great location, attached Mall Emirates perfect shopaholics!! Also, central alot main tourists spots Dubai. Hotel always line taxis door step never problem getting around.Hotel staff including concierge extremely lovely professional. Always going way ensure comfortable stay.The room gorgeous. We stayed Deluxe room really huge room. 2 plasma televisions, bathroom stunning white marble top bottom. Views room stunning - direct views Burj.Food 10/10 plentiful.Pool nice, pool staff amazing. Always hand attend needs. Providing cool towels cool face fresh fruit regularly ensure ones comfort.Struggling find something complain cant!Would definately recommend staying hotel. Have stayed many many 5* hotels around world one far exceeds standards set themselves!",0.4211799816345271,0.6357791198700289,Jun 1 2007
48,48,"Friendly yet Luxurious We stayed week October 2006 Ramadan. We family four, 2 children aged 2 6.We knew good week arranged pick us airport. We transferred brand new Audi A8. Didn't cost much taxi.We stayed suite hotel, perfect. It effectively separated us children 2 flat screens, could watch DVDs' whilst watched TV. Everything pretty new, bathroom really nice proper shower room. Loads towels problems all.Service superb every aspect. The food good always happy help, even ordered items menu.The concierge doormen fantastic. There always concern staying 5 * children catered son darling place, think fair hair blue eyes. Every day son greeted hello smiling face (as were).There two pools outside pool bar staff attentive; always ready life jackets children.I'm trying think things would change difficult. A larger options menu? That's difficult is.Our room spectacular view Burj Al Arab, sun would hit evey morning give us amazing views.Other things note Dubai, Wild Wadi park must. Entry cheap thought we'd spend morning leave till 7!We've stayed world 5 * hotels best them. Would go back? In minute.",0.3397575757575757,0.6228030303030302,May 6 2007
49,49,"security........ The security need sorted out!!!!Since I lived Dubai I'm aware problem hotels escort girls, mean every women one!! Our room booked 2 husband I checked without problems. After night returned got questioned securtiy, problem way asking.The securtity spoke husband asked SHE staying room. My husband gave room number said better get information straight. After dirty looks allowed go room.I thought situation bad enough next day dinner outside happened again! This time different securtity officier said rules country take girls room. My husband got terrible upset said would go room wanted speak manager morning. We went room arrived, got phone call security, needed leave would call police. My husband said leave wanted could call police since anything wrong would trouble.After phone call went sleep (of course sleep) police never arrived. Next day Hotelmanager appologised us said information correct checked details everything ok.For bad experience I felt terrible. And thinking wearing close nothing cause trouble... I'm telling I decent respecting rules country.The general nice, really like bathroom! So Please, really need train securtiy staff treat people. Don't assume, get information correct. RESPECT important thing!If questioned respect would upset.I'll never stay again, write hope sort women experience i've trough.",-0.078022762345679,0.535648148148148,Mar 5 2007
50,50,"A nice hotel... I stayed Kempinski business trip Dubai. It's lovely beautiful rooms. I received one rooms end hotel, room actually bit cramped. However, colleague also stayed larger room, I recommend requesting room end hall.The lobby nice feeds right Mall Emirates, shopping thing, excellent place stay - convenient. Taxis easily gotten front well.As I stated, rooms nice bathrooms wonderful! Very large huge tub separate shower. The service also quite good, conciege, bellhop, room service staff business center staff. Extremely professional friendly. The complaints I limited food choices (but close proximity restaurants Mall Emirates makes it), smallish size particular room.It bit centrally located beach hotels, keep mind traffic concern - definitely hit traffic snarls point another. But aside minor issues, great I would definitely recommend it.",0.35170918367346937,0.5875850340136053,Feb 27 2007
51,51,"Excellent Hotel We returned Kempinski 11th trip Dubai.I would like congratulate providing excellent level service also offering interesting alternative beach hotels.We arrived early flight London able get early check in, Hotel also upgraded room Junior suite fantastic, lounge area, sleeping area huge bathroom. The decoration modern stylish (which sometimes rare region!)Although pool area shade around 11.30 sun great remarkably peaceful given proximity Sheikh Zayed Road.The service everyone excellent throughout management team proud staff. The restaurant options somewhat limited although ones tried (24/7 Sezzam) good reasonably priced, however I would recomment using base explore many restaurants Dubai offer.Finally Mall doorstep great, shopping one main leisure activities Dubai tourists locals great fun people watch well pick bargains. Also bizarre sight giant ski slope middle desert missed certainly people children certainly seemed great time.So conclusion great certainly worth considering want change beach.",0.3995093795093796,0.6204256854256857,Feb 15 2007
52,52,"Amazing room great location good service arrived dubai overnight flight london 7am. got check-in desk 9am expecting wait room, assigned deluxe room 4th floor straightaway.our room stunning. probably best room husband ever stayed in, frequent &quot;luxe&quot; travellers. room divided 3 main parts - sitting area small dining table, sofa, armchair flatscreen TV + DVD player; bedroom another flatscreen TV comfortable king bed ever; large bathroom jacuzzi bath, n washbasins, large rainfall shower cubicle, separate WC.we eat meals hotel, needs attached one world's largest shopping malls? great able pop morning grab quick coffee croissant hitting shops &amp; Ski Dubai (which little disappointing). appeal business travellers, sophisticated leisure travellers course die-hard shoppers. families kids enjoy Ski Dubai complex. hotel's infinity swimming pool looked great way cold windy swimming! visit madinat jumeirah complex, impressive, feel much like theme park. recommendations: get concierge book Desert Safari. For Dhs250 get picked 3.15, 45 min drive Big Red desert, 2 hours dune bashing (seatbelts must!), bedouin camp traditional BBQ, shisha, camel rides, quad biking, sandboarding, belly dancing, etc, taken back 9pm. also want dinner restaurants Burj al Arab (7* hotel), make sure book least 2 weeks advance. check buddha bar grosvenor house - gorgeous bar surprisingly non-snooty door staff!note: book room kempinski website, u get good rate plus 40% meal voucher redeemable one restaurants free entry ski park.",0.30308531746031747,0.5873434744268078,Jan 11 2007
53,53,"LOVED Kempinski @ Mall Emirates WOW, beautiful hotel. I must say room sitting room beyond words. Beautifully designed. High tech. I believe booked Grand Deluxe room. Spotless beautiful everywhere. I could moved lived space small apartment. Was actually sad leave design marvel. Breakfast buffet lobby healthy tasty. Check swift huge water wall runs tremendous area- magnificent. Bored? Not here. A paces lobby Mall Emirates. Did anyone say,shopping???? Well today, today we're Ski Dubai. For $35-$40 USD need hat gloves (pack them) they'll supply clothes ski equipment 2 hrs skiing. I thought husband died gone ski Dubai heaven. Hungry apres ski ? Well &quot;MoE&quot; food shopping time. Just best. This location, shopping,food, room that's first class way. Sheer perfection critical travelers.",0.33216666666666667,0.7761666666666668,Dec 31 2006
54,54,"FANTASTIC!!! Absolutelty Brilliant hotel!!! Superb staff, helpful friendly, always welcoming smile- attitude all- chilled atmoshere!! Big thank Sandeep reception Muhammed Spa promoted working reception made stay even better already - well done congratulations me, B.Food delicious!! chef's sooo good, vegetarian im fussy eater, chef's accomodating, cooking food abolutely finger liking good!!! Also restaurant open 24/7- hot food, fresh time day- Big- pat back Management hotel!!:o) I get meet thank- excellent staff, without doubtFantasic location, shopping excellent mall emirates slick!! No disappointments- quick taxi/bus ride city centre beach shopping malls etc Snow park good too- think hot outside lol!!Great view Burj Al Arab Wave roog hotel!To round off, - simply best! I would definetly visit recommend others. Once well done management hotel.Bayant, Darshan Avtar, Thanks Mr Palray- stayed 5th-12th Nov 06",0.4126929012345679,0.528042328042328,Nov 14 2006
55,55,Amazing,0.6000000000000001,0.9,Oct 6 2006
56,56,Its new beware,0.13636363636363635,0.45454545454545453,Sep 29 2006
57,57,Bad Cutomer Service,-0.6999999999999998,0.6666666666666666,Sep 19 2006
58,58,Just wanted,0.0,0.0,Sep 17 2006
59,59,perfect...,1.0,1.0,Aug 13 2006
60,60,Perfect destination,1.0,1.0,Jul 25 2006
61,61,Great hotel...shoppers love it!!,0.790625,0.675,Jul 20 2006
62,62,Loved It,0.7,0.8,Jun 27 2006
63,63,Kempinski - excellent!,1.0,1.0,Jun 18 2006
64,64,An Absolutely Wonderful Experience--the Kempinski-Dubai,1.0,1.0,May 20 2006
65,65,ci ritornerei subito!!,0.0,0.0,Apr 20 2009
66,66,HÃ´tel idÃ©al !,0.0,0.0,Jan 4 2009
67,67,????????????????????,0.0,0.0,Oct 11 2008
68,68,Kempinski Dubai Da Mille e Una Notte,0.0,0.0,Jun 11 2008
