,Unnamed: 0,Reviews,polarity,subject,Dates_extracted
0,0,"A away high-rises traffic. We stayed 3 nights whilst visit see daughter family. The set quiet area beautiful surroundings next lake. The pools clean pool attendant waiter-service. The rooms comfortable (ask one witha lake view) clean. Breakfast feast offers tempting evening dining.The staff extremely polite helpful and, even though daughter visitor baby, staff went way help carry baby-seat pushchair room. People Dubai make lot fuss litle children lovely 'ice-breaker'!The IS away city airport but, taxis hand free shuttles mall beach-hotel.There's small mall adjoining short stroll local restaurants side lake. There parks nearby enjoy leisurely walks take children playground.",0.17517543859649123,0.5662280701754386,Nov 11 2009
1,1,"Great Hotel. Great Staff. Would go The excellent, staff extremely friendly amenities superb. Would definitely stay again, however prepared pay little taxi's away main city centre attached shopping mall anything may need. I prefer away city would find annoyance.",0.4949074074074074,0.6481481481481481,Aug 20 2009
2,2,"Friendly Staff Stayed 3 nights. Hotel quite far away airport city centre. Although lovely area. With shopping centre attached exec appartments next door. Pool lovely although bit hot middle summer. All staff really friendly, helpful smiley. The thing grumble price dinner restaurants, expensive other. Also Price breakfast extortionate bowl cereal fruit.",0.1340909090909091,0.5840909090909091,Jul 18 2009
3,3,work place good relax long day quiet nice gone work place well adjusted kept one rest long day,0.24,0.5466666666666666,Apr 28 2009
4,4,"Excellent Service! Stayed 3 nights pleased it.The mainly business visitors (my wife one them), however, service recieved throughout stay first class. The staff could enough make us welcome accomodate needs.If one downside, price drinks....but that's Dubai &amp; through, muslim country all.You quite far downtown Dubai, however, I would recommend get free shuttle Emirates Mall get taxi there.Around complex, good restaurants (none licenced) Japanese especially nice good value.",0.3911904761904762,0.6247619047619049,Jan 23 2009
5,5,Great Families! We stayed 2 year old daughter 11 nights. All staff went way please us. The service fantastic. A great families set outside hustle bustle. Great shopping centre connected lovely green areas walk around including childrens playground e.t.c. Some restaurants also easy walking distance hotel. 2 childrens pool 1 large pool. We hire car easy get around. Not far good shopping centres.,0.39468864468864473,0.6265567765567766,Jan 8 2009
6,6,"Not great noisy expensive Long drive DXB 35km building site. Best restaurant items pricey. Lots uncontrolled children associated noise nuisance. Disturbed sleep throughout stay due noise guests coming going, cleaning maintenance work Small pool, used lots children, incontinent.Not good. Won't revisit I - much better available elsewhere Dubai.",0.14166666666666666,0.49166666666666675,Dec 29 2008
7,7,"Not fan.......... I stayed times fairly average.The recent time Ramadan I actually yelled pool attendant taking sip water discreetly.A functional linked small shopping centre. The pool gym area ok. Rooms comfortable modern (the fairly new). There restaurant serves buffet I didnt find quality good. I found great japanese restaurant outside hotel, part shopping complex.Not lot around unless business area.",0.25602272727272724,0.4115340909090909,Oct 14 2008
8,8,"Basic great rates Ramadan We usually stay Courtyard connect family members emirates. We got 600 dhs rate room booked 2 rooms, one king 2 double beds, connecting. The day left rate went 1200 dhs I would rather pay beach hotel. The always clean I love connects small shopping mall supermarket, couple restaurants. We really use pool, basic pool glitz glamour pools dubai. Breakfast included rate food great. The problem round go enter hotel. It's hotel's fault limit time somewhat due possible wait 30 minutes round about. The exit much easier. The community located really beautiful quiet right man made lake. The ambiance night relaxing lighting. There also shuttle mall emirates, nice otherwise find parking taxi mall.",0.1360952380952381,0.4627619047619049,Oct 2 2008
9,9,"Nice affordable Dubai Stayed 1 month. It bit far away &quot;major&quot; Dubai attractions (about 35 AED Dubai Internet City, 110 AED airport) really nice quite location.The internet connection really expensive (AED 450 per week) reliable. A small shopping mall connected couple nice restaurant around lake (the japanese one highly recommended). They also offer shuttle service mall emirates jebel ali resort. The room service could've bit better - stuff floor stayed floor cleaned around it.",0.23100000000000004,0.664,Sep 6 2008
10,10,"Great Holiday family. Went Dubai May half term wife two young children decided stay Courtyard Marriot. After reading reviews, I slightly dubious. However, I over, service brilliant room looking lake. The quiet, Ideal two young children could splash away pool day long, without disturbing anyone.If want see sights, 30-40 mins drive city centre. However, free shuttles Emirates Mall taxis cheap. You also get free shuttle Jebel Ali Beach Spa, fantastic.This ideal anyone young family.",0.27444444444444444,0.6144444444444445,Jun 9 2008
11,11,"Away city center We stayed Courtyard Marriott 3 nights points, got smallest room. The bath/shower narrowest ever experienced. Housekeeping kept forgetting things like toilet-paper, towels, refill tea-bags etc. The Bell-boys professional staff hotel. Always smiling helpful. Reception-service also good. The telephone-messages could deleted calling staff, annoying red-light blinking night cannot delete messages yourself.We tried bar arrived late night- beautiful outside terrace, bad service. It took 30 min. order, 20 min. get drinks 20 min. get bill signed.The area Green community surrounded electricity-pole jungle far away city get. But get inside Green Community nice laid big lake, possible go walk rare Dubai. The small shopping-center next door. Hotel shuttle-bus great 5*beach-resort nearby, shuttle-service Mall Emirates. Easy get to/from airport one need drive busy roads.",0.1338888888888889,0.5791666666666667,May 23 2008
12,12,"Excellent I spent 2 weeks January 1 week April Dubai business stayed Marriot Courtyard occasions stay again,so good service. The clean, smart, well equipped relaxing. The staff welcoming genuinely friendly polite. The Pine grill offers great breakfast evenings choose A la Carte buffet barbecue offers good value money italian resteraunt(Cucina) must try. There also good resteraunt called Chilli`s adjoining mall several others around lake choice excellent.The Hotel Taxi`s good cheap, try plan trips main rush hours. It took 45 minutes get Jummeriah beach one evening 15 minutes get back. The also offer courtesy bus Mall Emirates beach timed right. All cracking away hustle bustle.",0.3675396825396826,0.44961451247165535,May 2 2008
13,13,Ok Hotel Very simple basic small swimming pool. The price paid worth standards. Wouldnât go back.,0.016666666666666666,0.2648809523809524,May 1 2008
14,14,"Great Family Hotel Hiya, I used live Dubai 14 years ago years stayed upmarket Dubai beach hotels. For beach I love Royal Meridien Mina Seyahi, however days expensive worth it! As 4 kids booked 2 rooms interconnecting great Marriot, arrived early f night flight given 2 lovely interconnecting rooms overlooking lake pool. The food staff superb, also attached complete small shopping mall good restaurants feeding 6 every night, Le Ble Oriental good value. good takeaway sit Pizza Pastamania, theres Nail bar, Hairdressers, everything need.Nearby Ibn Battuta mall superb, mall Emirates free shuttle. Beach morning, skiing afternoon real snow!!!The transport really good arranging taxis etc....Yes long way airport/city centre , business, need town stay Shangri La Fairmont. But want great near sports city, Dubai autodrome go karting (100 dhms 15 minutes, great fun), shuttle fantastic beach facilities Jebel Ali beach resort, closer Abu Dhabi Jebel Ali freezone, cant beat hotel, back.Dubai really la la land......and love it! By way traffic bad Dubai Emirates road, went way Ras Al Khaimah look property, made back 45 minutes Emirates road.",0.37954545454545463,0.5775555555555557,Apr 21 2008
15,15,"Lovely Hotel I stayed twice business past month, second time partner, occasions delight!The rates reasonable rooms clean well laid out. Whilst big facilities need including dining, swimming pool gym. The best feature though staff, extremely friendly, attentive give impression enjoy working there, refreshing change I stay hotels back home UK.The little isolated fair distance airport, vagaries Dubai's traffic lights add journey time certain times day, looking &quot;oasis&quot; away hustle bustle city I would throughly recommend it!",0.29613492063492064,0.5307619047619048,Mar 12 2008
16,16,"NIce Hotel I arrived Dec 7,2007 spent couple nights hotel, moved apartment building connected hotel. I stayed month,thou.The pool great. I mostly spent time gym pool. Unlike Marriott, suana steamroom. They some, cos plenty room add on.Food good, reasonable price. The lobby area always serve nice sandwitches coffee. In addition, shop restaurants , grocery store, Bank, ATM, Laundry shop internet shop shopping strip area. It convenient cars need drive.However, one receiptionist always keep smiling, felt quite genuine. Well! I look since anything wrong.The bar 2nd floor - seems so.. I recommend much since staff professional enough making drinks. takes 30 mins get drink (Cosmopolitan) served New Year's Eve. And sucks big time. I planned get drinks 300-400 dirums ended 30 dirums I walked back room.The Hotel apartment back seems nicer itself.The room nicer kitchen area cook fully equiped kitchenware, nice view indeed. You feel like home pick apartment, rather room.The price seems abit expensive, not, I probably dont place stay since people come stay here. I think long rent give special rate client - like me. LOLLocation problem work, traffic big issue. Particularly, annoying roundabout I need travel work even colleague tried pick up, seems unpleasant.People get tired traffic. Some taxi driver even denied give ride I staying hotel. I ended walking back big roundabouts rainy evening. This unacceptable aweful ever life. The best receiptionist Hotel Apartment even known, ROBIN..He best. His friendship service touched. He genuine smile!.I recommend people stay here! dont want see many construction around Dubai..Then choose hotel! enjoy days weekends park.Thank ROBIN! superb!",0.2134256094782411,0.41537650945545684,Feb 2 2008
17,17,"Very good poor location Very nice hotel. Service excellent. When arrived first night overbooked stay another Marriott hotel. However, taken next day Courtyard given voucher free dinner.The Courtyard rooms nice, gym well equipped pool area extremely nice.The location poor. The Green Community seems new area like Dubai still construction. There horrible large roundabout nearby nightmare navigate. There free shuttle certain times Mall Emirates.The restaurants good quality food service high.",0.22736500341763496,0.6477830940988835,Jan 1 2008
18,18,great middle nowhere... lovely bit pricey........but warned quite distance centre need take taxi everywhere (taxis cheap though)Sunday brunch good value money....unlike Marriott centre Dubai excellent.Staff lovely..........,0.30833333333333335,0.5916666666666667,Sep 8 2007
19,19,"Love place - superior average Courtyard Marriott. This second visit like reviews mention quite drive (40 mins) Dubai airport, beach hotels.It probably suited business visitors holidaymakers located beach, organize shuttle nearby beach club.The staff excellent friendly. The restaurants good, rooms par lot hotels area, small fully stocked gym swimming pool area great, backing onto lake. Unlike reviews I problem obtaining sun-bed, rather opposite, one pool, first visit Ramadan second heat August.The rooms spacious very, clean good sized bathroom. The usual fridge, iron tea making facilities standard. In fact I absolutely complaints.Next large shopping mall plenty fast food restaurants big supermarket.What really sets apart staff, cannot enough help.I stayed Courtyard Marriott US impressed. This definitely different level. Why branded higher I cannot understand",0.18882104454685103,0.4950614439324117,Aug 9 2007
20,20,"A real gem Three days holiday Dubai I decided cancel Bab al Shams go cheaper option....and fate intervened come Marriott expedia.co.uk. Well, I booked bit hesitant never heard mentioned forum etc...but looked nice price good - Â£68 night.Well I say I excellent stay I definitely back.We arrived 9.30am able check immediately. The room basic one - balcony, bathrobes spotlessly clean, good size, plenty pillows bed tea coffee facilities.We checked room service menu cheap chips! Well Â£12 two omlettes filtered coffee....no bad book!The small perfectly formed! The pool whole lot loungers seating peak season may challenge. When shared space 5 guests....The pool overlooks lake, centrepiece Green Community, complete leaning tower! Well, Dubai....Drinks pool cheap well..about Â£1 diet pepsi...and Â£3 mocktail....They come round periodically iced fruit cold towels - overly frequently every 2 hours...In terms entertainment...well, lot. This destination relaxation. What great though attached shopping mall...its Battuta Mall Emirates great hair salon, nail bar, bookshop, Costa Cofffee, Chillis, supermarket lots US UK food stuffs....and outside area, lined 5 6 restaurants offering international food: Thai, Mexican, Italian, Japanese etc....and reasonably priced cater local residents live work Green Community.We took taxi Battuta one day...it 60 dirhams bad cheap either want get add up. Also bear mind alot taxis come way probably end hotel's &quot;taxi&quot;...a nice car bill least 20 dirhams regular taxi.The staff polite would expect Dubai hotel....All great stay I back...You cannot go wrong prices like area pleasant peaceful.",0.1920084566596195,0.5077966607036375,Jun 20 2007
21,21,"Excellent Service I've stayed many hotels Dubai 3 5-star, 4-star best service all. Very friendly staff (everyone says hello pass corridor, head restaurants goes round every table least evening check everything ok). The rooms large, couple one child sharing, 2 double beds enough sleeping space, plus plenty wardrobe floor space cloths/suitcases.Everything clean. Don't let distance Dubai problem, right location get around lot traffic problems.I'll go back again.",0.30493589743589744,0.4710989010989011,Mar 12 2007
22,22,"Cosy place new developments. I read good reviews place website, thought would good place meet friends Abu Dhabi work next day. Getting bit hassle roads well signed. However, getting hotel, get calm feeling away hustle bustle city.The rooms clean, bathroom wonderful, silly glass thing instead curtain cover bath shower splashes.Their service tad lagging, compensated us upgrading rooms 3rd floor, instead 1st (The 3 floors). The swimming pool looked nice huge man made lake colourful fountain night gave magestic touch place. I go even though friends grumbled location! It would expect cheap rates - dubai standards.",0.32331002331002334,0.659965034965035,Jul 21 2006
23,23,"Good Hotel We arrived around 9am hotel, able check room right away. The room nice clean. Everybody really friendly. The long way city, mind since transiting wanted somewhere stay comfortably. The provided shuttle buses huge shopping mall ( I think called mall Emirates), really big hundreds shops restaurants. There also new shopping center connected brand new big supermarket too.The nice clean good breakfast, would definitely recommend hotel.",0.28509341535657323,0.5826213260423786,Mar 25 2006
24,24,Oasis desert This tranquility rest middle desert.The rooms clean spacious e remarkeble view lake.Food really surprise great meal prepared lot love.Service want like home aay home. We travel lot definatly going beyond.We back soon,0.22777777777777777,0.2916666666666667,Jan 14 2006
25,25,"Fabulous service nothing much trouble Have returned staying Marriott Courtyard week husband 15 year daughter. We booked suite (Room 130) 3 us got fabulous rate it. Upon entering suite bit lobby area amazing flower display card signed staff welcoming us. Flower displays abundant throughout. THe room tastefully decorated, bed (extra King size) super comfy. Clean towels everything replenished everyday wished. Well stocked minibar. Room service excellent, importantly helpfulness staff second none. Always smile hello passing. The food good, prices amenable. The Bar staff particular deserve mention. My gripe would get pool early grab sunbed, christmas season extra busy. However, even days bed wasnt available, staff made sure comfortable cushions etc soon one available would bring you. I definately would recommend would stay again.",0.3087179487179487,0.5814957264957266,Jan 12 2006
26,26,"Brilliant Hotel- Best Dubai For mixture cost, atmosphere service best Dubai. We New Year honeymoon great 7 days. Whilst hotels charging Â£ 350.00 per night, Courtyard Â£ 80.00! We found hard tell difference. We visited big hotels ie Jumeira Beach (like cattle market), Fairmont (very business like), Mina Salem (too big), Royal Mirage (like museum) Bustan Al Rotana Meridien, none pleasant, comfortable welcoming Marriott.Staff addressed name, champagne strawberries sent room foc, upgraded executive suite, whilst pool area really chilled staff offering guests cold towels fresh pinapple/grapefruit/melon throughout day.The Italian themed restaurant La Cucina excellent even compared &quot;Verre&quot;, Gordon Ramsey's place Hilton (which world way, must visited).Although far out, taxis cost us Â£ 20 per night rtn journey, minimised free bus laid Emirates Mall, 5 times day. If would rather holiday Dubai Â£ 1800.00 oppoosed Â£ 4,500.00, saved cash spend Souks, Malls days out, corker.",0.3310890151515152,0.5493939393939394,Jan 4 2006
27,27,"Cosy middle nowhere Firstly, coming Dubai city, make sure taxi driver knows way. Ours took ages get there. The Green Community residential development well centre Dubai, still much work progress. However, already open lovely place get away all. It's good value quiet. The pool beautiful, almost merging lake beside it. The food hotel's Palm Grill also high standard. It's likely get busier development fully open business.",0.21571428571428572,0.5003968253968254,Jul 20 2005
28,28,"Fantastic away We originally booked stay city noisy decided go extreme get away all. We found Courtyard The Green Community chance Marriott website opened 3 weeks before.The Green Community residential estate 30 mins drive airport downtown. The rooms lovely well decorated staff excellent. The lovely pool overlooking lake completing building Marriott Apartments mini shopping arcade restaurants next door. As residential community quiet relaxing best part go walk around lake huge park meanders estate.Be warned though need car travel around Dubai pay taxis everywhere (about $20/Â£10) city. The location 3 miles Jebel Ali port can't see port hotel. About 5 miles main highway (takes 5mins car) new Ibn Battuta Mall (or Gardens Mall) biggest Dubai DubaiMall built 10 mins away along highway.Overall, great place stay get away all!",0.2840017825311943,0.5762477718360072,Apr 22 2005
29,29,A recommander,0.0,0.0,Apr 26 2009
