,Unnamed: 0,Reviews,polarity,subject,Dates_extracted
0,0,"Best palace Backpackers / Great Location I recommend backpackers especially young singles, close friends people look luxury.It great location downtown Dubai located quite busy street even nights. But ok close balcony door / window. The quite clean, staff friendly rooms good condition. There's also avialable internet connection hotel. Breakfast loung little bit small ok 3* hotel.Hotel 15 mins Jumeirah Beach (by car, without traffic) nearby attraction : Abra station pass Bur Dubai hipermarket Carrefour get easly cheap food evenings.",0.40801282051282056,0.5615384615384615,Aug 6 2008
1,1,"Find somewhere else better price! I lone traveler Business needed close City. I found hotels information called find location business downtown action. They informed central business district. They wrong... There location 20 minute drive closest business district.Check easy since I arrived 1am, I walked room I disappointed condition dating room. They old everything old smell rooms. I luckily 6th floor away hotels Belly Dancing Club. If get room 1st, 2nd, 3rd, 4th 5th floor, hear LOUD MUSIC TILL 3AM without fail every night. I could hear beat music 6th floor, enough lose sleep. THEY BLAST THE MUSIC IN THE CLUB ALL NIGHT!!! I saw many guests extremely angry reception desk nearly every time I lobby screaming noise. They nothing.The staff helpful part. The janitors cleaning people nicest, friendliest, people hotel.There managers interested flirting girls running hotel. On many occasions I would see managers club flirting dancers getting drinks.When I got bill I found numerous charges mine I needed argue receptionist remove charges. They also billed extra $30 USD/$100 DHS every night advertised me. I tried removed, refused I gave payed.The biggest problem I staying internet rooms. They 2 computers business center typically line people waiting use them. If use computer longer 1 hour per day, bill room without telling you, even though says computers free use.There room service menu decently priced, food sub-par.I recommend finding Bur Dubai paying close price would hotel. Only stay last option ok mentioned problems.Dubai great city visit, live, work. I recommend travels include Dubai.",0.11156838656838657,0.47027027027027024,Mar 9 2008
2,2,"Great value money! This lovely surprise money, I'd found varying reviews booking. We paid $135 last-minute booking travel agent Baku (who contracted partner's employer); hard know believe, prices posted front desk twice amount, definitely book go. We found similar prices various sites online. This luxury means, sufficient, (like us) development warriors working third world, lovely break paying $100+ room cockroaches, cold water, etc. Though smell bit cigarette smoke, clean linens spotless. The bathroom fully functioning, good-to-great water pressure (depending standards - again, mine lowered significantly living Africa!), lovely complementary soaps. The drawback bathroom tub small strangely shallow (though elevated ground foot) - think something adjacent elevator side wall. Anyway, long looking good long soak tub, hardly issue. Our room, like every room, I'm told, private balcony actually great view creek - lovely place sit nightcap. The minibar well stocked reasonably priced (hard imagine true!), selection sodas, Heineken, water candies. A fantastic electronic safe included, allowing us leave cash valuables without concern. The TV selection OK, mostly international news, including standard CNN, BBC, Al Jazeera, etc...also Russian News channel Russophiles. Our room spacious, though I qualify noting got suite (even though paid standard double) I'm sure normal rooms look like...not matters, b/c really room requires space?!?I can't vouch breakfast restaurants, never patronized them. The bar looked seedy (what expect businessman's hotel), Italian Restaurant looked pleasant - purposely avoid it, never got around eating 4 days. The staff friendly helpful, booked evening desert safari without problem. The location, us, excellent - 2 minute walk creek dhow (water taxi) zip across river Bur Dubai (the 'Old City' - large portion brand-new recreation old city!). You take taxi get beach head far-flung attractions - pretty standard b/c whole place spread out. I'd recommend staying area, b/c part city IS walkable (near Gold Souk Spice Souk), making trips necessary - taxis reasonable there's almost nothing would cost $15, trips closer $5-$8. It also possible walk City Centre, walker (we are!) - took 45 mins one night, lovely stroll always ample sidewalks EVERYWHERE Dubai!All all, good value money. It kind place want lounge around unwind at, per se, clean, safe, functional place sleep comfortable enough spend hour two evening afternoon unwinding. If expat weekend retouch civilization, is, great choice money. If coming FROM civilization visit Dubai, might less impressed place, depends much money want spend. Certainly hesitate go looking good value tight budget!",0.22087530525030524,0.5244607244607244,Mar 6 2008
3,3,"good value I always book hotels Dubai SOUTHTRAVELS. located Dubai know hotels.The Al Khaleeg Hotel old town Deira ten minutes walk gold/spice souks markets.On arrival 5.20am morning Singapore, night porter brought kettle make tea also cakes. No charge made welcome.The staff Managers people reception extremely helpful nice. The room ok, (they nicer ones) stayed didnt bother me. It business people pool, good internet access free lobby. The breakfast fresh good selection fruit rolls, hot dishes.The bed linen old really needs replaced, room good size. I felt concierge staff could bit helpful..that bad thing I say place. It suitable backpackers business people want stopover. If want small thecentre things, (this area old interesting scary)then try place. It luxury, value money.",0.23043478260869557,0.5333333333333333,Sep 30 2007
4,4,"Excellent cruisers backpackers It's great place stay Dubai cruisers backpackers. The rooms clean beautiful view creek. breakfast good too.I suggest Thanks,Suha, Istanbul / Turkey",0.7433333333333334,0.8100000000000002,Mar 9 2007
5,5,"Check booking! I 10 hours spend Dubai.My flight arrived later scheduled arrived Al Khaleej 2:00 AM. I booked paid room travel agent Kuwait. Upon arrival I proceded front desk presented voucher. The night manager told booking me. They checked around office acted like knew doing. In meantime group local tourists walked in. I impression reservation. They served wife I stood half hour. Finally manager said would give us room. He told could travel agent's mistake, reservation department's mistake. If find problem, I told I would settle bill cash following morning. I made feel I lucky getting room. Come following morning, checked without problem. It obviously hotel's mistake travel agent open weekends therefore could contacted. I understand mistakes happen. I feel staff handled situation properly professionally. The thought paying room I already paid bothered lot. I'm sure I would pleasant stay staff acted appropriately. If plan stay Al Khaleej Dubai, make sure check booking paperwork prove it. It would probably worth call confirm room, get name person end. That way worry-free holiday!",0.18492647058823528,0.4423202614379085,May 7 2005
6,6,Buon Hotel,0.0,0.0,May 6 2009
7,7,Muy malo,0.0,0.0,Nov 30 2006
