,Unnamed: 0,Reviews,polarity,subject,Dates_extracted
0,0,"Staff Fantastic Hotel Great Loved hotel. The staff fantastic enough you. Rooms great, Longs Bar great also great location Metro 5 mins walk away hotel... Once running fully Metro fab takes tourist places. I went Dubai husband 40th Birthday present absolutely lovely. I would definately stay again.",0.4727272727272727,0.7136363636363636,0.7136363636363636
1,1,"Amazing location staff rooms My mum took Dubai celebrate 21st birthday. From minute arrived feel welcome, staff helpfull lovely. We given free upgrade suite beautiful. The man cleaned room left fresh roses lillies supplied us lot's bottled water real bonus. The location brilliant, right beside metro..so easy cheap use. Had good stay, can't wait return would reccomend everyone!",0.44025297619047626,0.6136904761904761,Oct 4 2009
2,2,best place cleannice locationgood staffnothing complain service best,1.0,0.3,Sep 30 2009
3,3,"Good location standard This located financial center Dubai, beginning Sheikh Zayed Road.Itâs standard, nothing unique it.The advantages hotel, location, rate, lower hotels area.",0.10625,0.275,Aug 31 2009
4,4,"Excellent Hotel We arrived 06:00am morning long tiring flight Oz.The staff could better.They allowed us breakfast whilst rushed clean room.Buffet amazing, staff great nad would visit again.",0.5403333333333334,0.774,Aug 7 2009
5,5,"great stayed towers rotana 4 nights dubai several times hotels good best reception staff friendly remembered name arrived early morning wait couple hours room apologetic even though supposed get room till 3pm great room 23 floor overlooking dubai beach, breakfast good long bar definitly worth spending time staff great service good snacks bar. great food well , lovely swimming pool even though roof next door great jaccuzi definitly go back .Door staff great helpfull. restaurants outside within walking distance supermarket .",0.4689285714285714,0.45857142857142863,Jul 5 2009
6,6,Comfortable Great location. Rooms ok. Not good value money.,0.3375,0.6625,Jun 11 2009
7,7,good ambience good location business short tripfood good courtious staff,0.45999999999999996,0.4800000000000001,Jun 11 2009
8,8,Good one This located Shaikh Zahid Road. Good business travellers.,0.7,0.6000000000000001,Jun 5 2009
9,9,"Average hotel...not I expected website My husband came Dubai business I tagged along. We chose Towers Rotana upgraded Club Rotana. This worth shuttle to/from airport breakfast alone.We booked Expedia 5 days trip rec'd email reservation cancelled. A phone calls later upgraded us suite. We excited photos website.The day left, tried contacting find hook shuttle airport. Couldn't get answer figure got there. After milling around call found go rental car desk arrange shuttle. They escorted us outside Jaguar. Sweet! The driver recognized us milling earlier.We got Club Rotana Suite, took us Club Rotana area check in. The made copies passports keep like reviews I read Dubai.We get room cannot get lights come on. It turns place inside door insert keycard use lights. Kind strange least lose keycard!The size suite acceptable decent I call 4 star like everything I read it. The decor like website. We sweets waiting us coffee table keep well stocked bottled water free. The bed hard rock. The pillows something similar nice.The internet free room stated places. You must go Ckub Rotana use free internet. I stop going air freshener gives headache upsets asthma. I complained fell deaf ears.There shuttle takes malls. The concierge schedule you.We used gym nice. There 3 treadmills, 3 elipticals, recumbant bikes several weight machines. The gym overlooks pool. You get towels attendant gym pool also locker key. The pool nice seems small side.The free breakfast included Club Rotana upgrade Flavours. It buffet style wide variety food. I'm glad upgraded pay would cost 340 dirhams 2 us. That almost $100US! For BREAKFAST!",0.08969184027777777,0.4931597222222223,May 31 2009
10,10,"You dont stay beach good time Dubai This part two centre break, 12 days Mauritius previously. Having transited Dubai airport several times, thought would stop days. We glad did, avaerage break Mauritius, Dubai, much surpise surpassed itself. The one main highways town, needed, beach prior part trip.The great, always club rooms Asia, cost couple pounds per night, access club lounge, free drinks snacks breakfast, well internet access well worth it. The beauty using business quiet day pool leisure facilities, found top carpark rear hotel, away noise pollution excellent. The basement bar restaurant, based long bar Raffles Singapore, whilst nearly authentic real thing, great. The service, food, drink music good. (The entertainment bad either, seems pick joint single expatriates, tend splash cash).Out about, best use taxi's, cheap air-conditioned. As trips, Big Bus Tour, good one hop off. It also includes Dhow cruise Creek entrance museam. We long break Madinat, Souk, lots restuarants small boat trip.Another worthwhile trip evening trip Dunes Jeep, lot fun. It finishes camel ride followed BBQ traditional entertainment. Belly dancer, hubba pipe, star gazing.Afternoon tea Raffles must. Having decided Â£65 per head Jumeirah Beach tad expensive, pleased chose well tested Raffles. Very different Singapore. Very Modern, attached Wafi mall, pyramidical light spacious. Taken airy salon, afternoon tea, like original long relaxing affair. Try Dubai Sling, like original, dont realise alchohol few, well try see. We decided one traditional afternoon tea one contemporary. There also Arab version offer. Toooo much food Â£20 head. We tasted everything, least two item per person, lots food left over. Its first time posh offered doggy bag, seems thing do.In gret trip definately days stop near future.",0.2071615312791783,0.4772408963585433,May 16 2009
11,11,Excellent staff great food Staff friendly efficient. Club rooms include internet club lounge. Flavours Two restaurant themed buffets night - excellent value including drinks. Long's Bar excellent Friday Brunch - food drinks included. Easy get taxis (bonus Dubai).,0.667261904761905,0.8047619047619047,May 13 2009
12,12,"When business meets relaxation... We spent 7 nights Rotana Towers business trip beginning May 2009. Upon booking expressed several wishes concerning rooms close other, upper floors etc. fully taken consideration. The Hotel enjoys excellent location Dubaiâs downtown, looks great outside inside, rooms spacious, clean, comfortable perfectly furnished. Top class bed linen, cozy living area, wise lightening, wired high-speed internet access (fee), well-equipped mini bar, complimentary tea-coffee making facilities (including water), temperature-controlled air conditioning, complimentary newspaper âThe Nationalâ magazine âTimeOutDubaiâ, electronic safe, trouser press, bathroom bath bidet (not common among 4-star hotels) make-up mirror, hairdryer room - enjoy better natural light - instead bathroom - name amenities available. Room service really round clock, kind unobtrusive housekeeping. Buffet breakfast served wide, bright clean restaurant âFlavours Twoâ 2nd floor countless delicacies every palate (Arabic, European, American, Asian etc. specialties). Furthermore, many additional services available Hotel: Club Lounge (accessible guests staying upper room categories) free WI-FI well wired high-speed internet access, drinks appetizers, internet stations, newspapers, magazines, high-class assistance relaxing atmosphere smart surroundings. Souvenir &amp; toiletries shop, beauty salon coiffeur ground floor, airport shuttle service (fee) and, last least, helpful skilled staff (including valets entrance take care luggage upon arrival &amp; departure well catching taxi exactly Hotel entrance 3 seconds.There particular episode deserves told: day arrival I trying surf internet room work. So, I called reception ask help. They sent IT-person check problem. He came once, skilled kind, worked around half hour told sorry able solve problem consequently would put disposal laptop staff usually used worktime. As I going I postponed everything early evening. When came back evening, receptionist said IT-person ought leave outside city unexpectedly needed laptop would put disposal WI-FI connection Club Lounge. From moment I could go limits time enjoy free high speed internet access beverages pleasant atmosphere end stay.That also I would really like recommend Hotel (and Group belongs to): alongside high-quality amenities services whole, put practice effective communication customer care make guest feel personally steadily assisted.",0.24556998556998558,0.4861291486291485,May 12 2009
13,13,"Nice Hotel - Friendly Helpful Staff I stayed April 2008 recently signed would like say nice was.I business spent time bed breakfast basis sample food. The food ok, bad means fact eat pork UAE meant cooked breakfast appetising I used to. Turkey Bacon Chicken Sausages. This moan though religion I respect that. There pleanty choice fruit cereal omlettes etc.Staff really friendly always willing help. Easy get taxi outside hotel, prime location centre Sheikh Zayed Rd (Just Crown Plaza). Got get pool couple hours last day nice strangely seemed heated necessary weather hot. Also gym use facilities.The bar downstairs (Longs Bar) gets lively nights. Beware hookers though. Although see many places Dubai. You spot women take mile off!!All good stay clean efficiently ran great staff. Would recommend business holiday.",0.28163232323232323,0.5886222222222223,Mar 19 2009
14,14,"Very average My husband I took parents-in-law Rotana Towers special birthday February. After served guy reception could hardly bring smile us, shown rooms. The room clean enough little cramped personality (should known though). The bathroom also small struggled get piping hot water morning.The positive aspect: Long's Bar downstairs....a decent bar dining area well.Not brilliant experience...functional. One I wish repeat soon.",0.14418444650587509,0.5653726035868893,Mar 17 2009
15,15,"Really Good We stayed Christmas new year 08-09. We child two elderly relatives us. On arrival greeted army bell boys wishing us merry christmas etc helping us in. The reception staff equally friendly.Before left worried checking early problems this, even though agent tried make us pay premium. We thought we'd chance paid off. The staff upgraded one rooms 7yr-old's bed would fit it. We got room sofas, handy nights got room service five us exhausting day.The perfect really, apart fact Sheik Zayed road 14 lane motorway can't leave without taxi. I call bland - everything I would expect hotel. Yes decor beige, what? Spotlessly clean, great room service, great cleaners, beautiful soft sheets, amazingly friendly staff adored blonde 7yr old stop touching amazement.The swimming pool roof carpark rear hotel. It small: can't lengths float try forget fug &amp; dust Shaik Zayed road floating you. Children spend day though, sunbathe watch jacuzzi, deep. The gym looked fine saunas steam rooms changing rooms plus lovely power showers. Beer Â£4 330ml here, cheaper mini bars take mickey Â£5 can. You get reasonable bar snacks too, kids' meals (albeit pizza/nuggets/chips etc)Longs Bar - 'longest' bar middle east. Â£15 pint half beer plus soda lime. Charming stag's head wall. Very blokey - reminded 80's Britain recession. All suits shouting. V. smokey dark. You eat nice food. Not bad prices. Flavours 2: Good value (for Dubai). Â£30 - eat much like drink much corked wine heinekin bear. Lots expat residents come this. Excellent food (Flavours also go fantastic buffet breakfasts) staff absolutely wonderful - them. Friendly, helpful really refreshing compared Blighty.It's clearly possible Dubai budget, although find nice arabic eating houses Creek, bit reasonable. There's decent small supermarket road hotel. Taxis brilliant value.Overall enjoyed stay found best value money compared many others. Its location downer, central handy getting about. If I went Dubai I'd definitely think staying here.",0.32359044995408626,0.574032139577594,Jan 13 2009
16,16,"""Superb Hotel~ Absolutely fantastic hotel! We stayed 6 nights. Definately upgrade club Rotana level worth extra money. Very clean &amp; friendly 5 star service staff. Great location at, central areas Dubai rather expensive rated Jemeria beach. Ample taxis available outside easy flag one required.The food resturants within excellent, great selection high food quality.",0.36584967320261436,0.5728758169934639,Jan 11 2009
17,17,Great A great hotel. Eveything positive.Staff excellent. Few kids.Rooms small European standards. Excellent roof top pool gym. If stay disappointed.,0.36388888888888893,0.5833333333333334,Jan 3 2009
18,18,"Bland Blah Good Price The reason stayed Towers Rotana offered good price business district, much better price many hotels also strip Highway (The Fairmont, Four Points Sheraton, etc. street). The relatively new rooms clean staff friendly. And rooms two us given large. But like BLAND hotels real personality, really like hotel. The room decor done innocuously offend anyone...again...bland, dull, boring (but clean!). One wishes someone told decorator...&quot;go on, add personality place,&quot; never said. I read another Trip Advisor comment someone spent honeymoon here...and thought &quot;oh man....what interesting choice honeymoon hotels.&quot; Trust me, honeymoon looking fifty year marriage, look elsewhere. The general business district, new VERY isolated. You NOT end walking stroll kind charming neighborhood taking amazing pictures Souk. No, take walk onto boulevard pass (every block office buildings) KFC, bit later TGIF's get Tony Roma's. But far Souk, old town, taking stroll interesting streets might New York exited hotel....forget it. I would never return I thought slightly memorable hotel, I amazing stay amazing room (and mind you, room small great....but NOT boutique hotel, fairness them, advertise such), I loved was... I would return 1) good value hotels Dubai much expensive 2) It clean staff &quot;pleasant&quot; 3)....well, &quot;3&quot;. And top that, internet price almost $30 US Dollars. Stay need neighborhood, price, never charm life experience. I mean sound snippy hotel, I love champion great interesting hotel, two us stayed felt exactly way...",0.21819150499706058,0.5622317754262197,Nov 26 2008
19,19,"Central well equipped Friendly First time Dubai, made pleasant staff location Towers Rotana. It many business people. Rooms nice, service receive excellent, staff changed towels daily, closed curtains evening, checked daily required anything mini bar, left slippers dressing gowns, added memorable stay. The pool area clean tidy. It central location, 20 mins away Mall Emirates, marina Madanat area.",0.33343749999999994,0.5402083333333333,Nov 25 2008
20,20,"People missing point We booked part package Australian holiday specialist UK advised would needed. We travelled agent trusted them. We booked looked reviews internet seemed common thread.....they questionned quality rooms praised staff.Truth is....if want spend time looking detail rooms 3 star? 3.5 star? 4 star?...well, lots occupy you......but sad holiday having! As base short visit 24 hour experience Dubai fantastic value.The staff areas could friendly.Choice restaurants.....gym pool facilities good.The problem is......unless know pay cannot judge....but based paid great value. We felt lot previous reviews concentrated rooms..... people spend time rooms reviews missing point....it fundamentally great place stay.",0.017361111111111122,0.49722222222222223,Oct 25 2008
21,21,Excellant Stayed 6 days. Room clean well stocked. Stayed halfboard worth every penny eat Flavours Two got free drink till 1030. Hotel staff helpful totally cannot fault anything it. Shuttle bus took Emmirates mall able get taxi anywhere within dubai. amazing views least 1.5 miles away public park beach.,0.262962962962963,0.537962962962963,Oct 21 2008
22,22,Absolutely Brilliant We stayed Rotana towers last 4 days honeymoon.I seriously cant fault hotel.We arrived 6am flight Mauritus. Soon arrived quick check straight room upgraded suite 18th floor great view.Great breakfast plenty choose from... Very delish.We also ate restaurant 2 evenings... The restaurant 3rd floor. The food fabulous great service expensive.The pool great. clean sooo refreshing. The concierge great whatever want problem.They managed short notice organize afternoon Burj. Which enjoyed highly recommened.We would also like thank cake wine conratulations honeymoon. A lovely gesture.When eventually return Dubai (not ramadan hottest part year). stay Rotana towers hotel.,0.38481481481481483,0.6068518518518518,Oct 6 2008
23,23,"Perfect. No faults hotel. Stayed Towers Rotana week June. Perfect. No faults hotel. In decent, central location.Housekeepers friendly go way anything you; keep stocked complimentary toiletries, water, tea, coffee, towels, etc.Had lovely view across Sheikh Zayed Road. A people said problems traffic noise - We hear thing.",0.4067708333333333,0.6145833333333333,Jul 30 2008
24,24,"Great Hotel! Stayed three days June (female) friend 16 year old daughter stop-over trip Singapore. We booked B &amp; B Airline Network August 07 Hotel well aware three us room. On checking 3am found still two beds. This criticism - exhausted long flight wait half hour whilst staff brought made third bed room must vacated noon previous day! Otherwise I nothing praise staff facilities. Staff without exception, courteous polite - nothing much trouble them. The household staff particularly helpful. The pool excellent. We used 10pm going dune safari (a must do!). We early check-out on-going flight, restaurant open 7am, room service extra charge - told could order anything wanted. Overall excellent experience - well worth money. Oh - ladies - check toilets Long Bar - awesome!",0.19442028985507245,0.4705797101449275,Jul 27 2008
25,25,"Towers Rotana central child friendly We booked 6 nights July Towers Rotana Shaik Zayed Road. We travelled 2 children aged 5.5yrs 20mths. I bit concerned I thougth Towers business hotel. I delighted say received excellent treatment. Upon arrival, upgraded bigger room, living area, breakfast 24th floor - Club Rotana. We stayed 23rd floor, excellent views - construction, that's Dubai now, going see construction everywhere. The staff friendly, efficient, knowledable. We used babysitting services one afternoon went Dune safari, DH25 per hour, well worth it. May Flor excellent children. The mall shuttles come hotel, perfect. Great stay.",0.5346153846153846,0.6307692307692307,Jul 12 2008
26,26,""" Loved - Great Stay"" Stayed May 4 nights husband. We Dubai know much it, stay, etc.... We booked Expedia although lots hotels cheaper one best reviews website fitted within budget. No Burj Al Arab, Jurmeria Beach etc... BUT IS fantastic 4* hotel! Rooms nice, staff amazing could enough you, pool area lovely.... nice place relax choice shade want it. Eating expensive, Longs bar great social night, pool snack bar offers range lunches snacks break bank. Location wise quite centrally located approx 15min taxi ride beach, airport Emirates Mall. All really pleased trip YES would go back stay - The expereince fantastic first stay Dubai.",0.4175396825396825,0.5892857142857143,Jun 5 2008
27,27,"great business/leisure theis great 4*- expect much it.the staff splendid!the best make ur stay really enjoyable.really cheerful helpful. staff went way help provide taxis/reservation restaurant.for first holiday dubai great , sure go city/beach. thought bad location not.even shuttle bus driver really cheerful.really good tourist/business. breakfast really goo, plenty room views good too.best places visit museum- cheap, go abrah-cheap- beach-need pay small fee, cheap again!well best plush malls emirates wafi desert safari water sports.well keeps shall return soon!",0.38055555555555565,0.5299382716049383,May 23 2008
28,28,Not bad basic rooms good services Not bad - expect 3* paying location. The rooms basic service good restaurants superb offer good value. The gym/pool facilities outstanding.,0.47777777777777775,0.5884259259259259,May 15 2008
29,29,"one better deals Dubai You certainly pay great deal Dubai, one best places stay money.",0.6028571428571429,0.5242857142857142,Mar 24 2008
30,30,"Outstanding Hotel Stayed 4 nights, staff friendly helpful, facilities top notch, food excellent.",0.621875,0.75625,Feb 28 2008
31,31,"Fantastic!!!!!! My wife I stopped part honeymoon last year. We 4 fantastic nights fantastic hotel. The rooms great, staff friendly great location. When arrived 2 hours check time let us go breakfast drinks extra charge. When realised honeymoon upgraded double room suite recieved bottle red wine (was nice!) large 'congratulations' cake. It also birthday 2 days stay recieved another cake Free!!! Overall 5 5! Would recoment Dubai anyone. If can, rent car driver day drive around sights shops. We took us markets shops dropped us evening meal. It cost us Â£50 driver, car (nice Toyota) fuel. Fantastic. Can tell like Dubai lot!!",0.410031512605042,0.5879551820728292,Jan 23 2008
32,32,"Good Location We stayed 2 nights beginning November 3 nights end November. The first trip I got I imagined, great room, great staff, great location. The many restaurants high standard great bar called Longs! The room good size even welcome treats coffee table nice touch. Bathroom clean spacious, plenty towels! Getting easy, taxis always outside free valet parking car. The pool gym, never went them, could see pool room, looked ok, bit small. The second trip also standard except room. I requested non smoking room, I get it. Now I normally mind, room really smelt bad, I mean BAD... I assume check-in later usual (after 9pm) gave non smoking rooms away. The room smaller bathroom little pokey neverless still clean plenty towels. No welcome treats time coffee table, ashtray! word warning want non-smoking room, make sure book one contact make sure. Other facilities good, I go stay Dubai I would still pick purely location.",0.2161697191697191,0.5356994301994302,Jan 15 2008
33,33,"Good Location I picked mainly good location. It right Sheikh Zayed Road closer Jumeirah Deira. When I first checked I given really small room immediately made uncomfortable. I asked change room upgrade deluxe room extra charge 60 AED per night. This room much better sitting area opposite bed. The furniture seemed old clean. I got complimentary bottle water day I thankful for. The prices Mini bar expensive might expect beer (cans) 17 AED. That cheaper hotels I to. The one thing I concerned proximity room elevator noise I might hear. The elevator problem I could clearly hear anyone speaking corridor. The room next mine occupied family whose noise audible well, bad. I able sleep soundly floor good quite silent night. The two good busy restaurants plus lively bar. Teatro excellent grills(I burger) salads. Long's bar lively bar, awful music. They used live band anymore. If stand techno music long time bar excellent choice. Taxis door easy get. I problems there. Check quick charge upgrade. Nice people reception. A guy named Jafer exceptionally helpful. This four star good alternative mega five star hotels Dubai, get good deal would great option.",0.2552798014993137,0.5757491289198606,Jan 6 2008
34,34,"Great City Hotel stop holiday travellers We stopped Dubai, UAE four nights travelling onto Mauritius. As lived Dubai years left twenty years ago, got big surprise saw everything changed. Towers Rotana built used desert. It fantastic hotel. The guest rooms beautiful public areas clean. A delicious buffet breakfast served morning. All staff friendly helpful free minibus take us shopping mall also terminus ' Big Red Bus ' open top buses city sight seeing. I would certainly stay without doubt.",0.3343968253968254,0.5132063492063491,Dec 1 2007
35,35,"Exceeded expectations Stayed Towers Rotana 3 nights October 2007 part honeymoon.Given seems marketed 'business' hotel, I sure expect, pleasantly surprised.We upgraded junior suite arrival, everything check-in right check-out perfect.The room lovely, spacious kept clean. The pool leisure facilities excellent.The food exceptional, particularly Teatro seafood buffet Flavours.But said several occasions, hotel's main forte staff. The service excellent, reception &amp; conceirge, housekeeping etc.Overall, would definitely return would hestitations recommending it.",0.4287012987012986,0.6592063492063491,Nov 16 2007
36,36,"5 Star Hotel This quality 5 Star Hotel. I stayed 5 nights June. Everything excellent, rooms ,service, bars. The pool area great quality gym too. Drink Food bit pricey however bars. Longs bar good lively bar basement music everynight. A courtesy bus runs mall emirates several times day saves pay taxi. Whether business pleasure I would definately recommend hotel.",0.5272727272727272,0.5700000000000001,Nov 8 2007
37,37,"one quality excellent round, staff superb, really superb, regularly stay business go anywhere else, good location, great facilities, first class housekeeping, fantastic restaurants, hard fault, exemplerary even compared top hotels",0.4298611111111111,0.6001602564102565,Nov 7 2007
38,38,"great staff returned week towers rotana dubai. time arrived staff could enough us. getting back one night days shopping noticed left video camera wallet cash taxi. name taxi company get receipt driver, stop conscerige, rang around everything back 30 minutes. room service also excellent three restaurants top quality food. going backneil",0.32857142857142857,0.39285714285714285,Nov 6 2007
39,39,"Great Location Good value money Very convenient location (in middle Sheikh Zayed Road, close Media City Jumeirah area, almost front Emirates Towers) â¦Practical business leisure â¦Good serviceâ¦Very relaxing pool area â¦.Restaurant: Theatro â¦OUTSTANDING Food service â¦Rich Wine menu â¦(if stay crossing Thursdays â¦book advance !)Tip: When booking regular room, always ask corner room Sheikh Zayed Roadâ¦It's much bigger (Better Junior Suite!) huge sitting area ! (Room number ending 24!!!!)",0.415625,0.4533653846153846,Oct 31 2007
40,40,"Very pleasant stay I Towers Rotana first week September 2007 2 nights. Very good room, eigth floor, clean bright everything need, including minibar, safe, kettle tea coffee. I Club Rotana room authorizes use Club Rotana Lounge 24th floor breakfast, drinks, newspapers, internet etc. Very pleasant. Free WiFi lobby. My room made stay probably related fact I quite late breakfast (10:00 am), I care stay 1 full day (2 nights). Air-con cold, I switched whole stay still quite freezing room. Similar many hotels, extra door bedroom entrance area (where wardrobe located door opens bathroom) would help keep noise corridors.",0.31137254901960787,0.6513725490196078,Sep 15 2007
41,41,"Great business half decent pool! For price I thought great. As always Dubai, getting anywhere complete nightmare!! great Â£65 per night I paid Hotels.com! The pool sun day (unlike many including Arabian Park Zero?!) Looks like 'fun girls' kept Longs, good. If business, give try, way better value 'wanna classy' hotels place?!",0.4623263888888889,0.5569444444444445,May 13 2007
42,42,"Very good I Dubai business I looking convenience service rather somewhere hang out. The rooms good, clean, generally well stocked, although 2 colleagues also trouble getting room service menu. When service food good.Longs bar basement also good, well stocked bar, food typically good pub grub that.The staff attentive, fact staff could learn Americans thing two good service - nothing much trouble.The fairly central easy find things local area - also taxis pretty cheap want go elsewhere thats also easy.Breakfast excellent restaurants also good.I would stay without hesitation.",0.37111111111111117,0.5757407407407408,Mar 24 2007
43,43,"Couldn't fault anything Stayed week brilliant time. A bit difficult time check due double room booked two males. HOW many times asked correct. Notwithstanding this, stay brilliant.Extremely friendly staff, good value restaurants. We meal Burj, service, quality, value money Towers left Burj standing.The Theme nights (sounds tacky aren't) good value money. Excellent food service.Rooms good cleanliness brilliant. Room service spot on, cleaning staff.Nothing fault. Not near beach, pool area nice, good snacks reasonable wine.",0.47625000000000006,0.6559375,Feb 22 2007
44,44,"Perfect! Having read previous reviews I reiterate I said review Hilton Manchester Airport - What people want!!!I stayed twice Towers Rotana occasion brilliant stay. On second occasion myself, husband mother sharing room. Upon checking immediately upgraded Suite - fantastic meant mother effect room. The whole experience great, staff very, friendly enough you. We also Club Rotana members breakfast experience wonderful - practically private dining room! I stay beach hotels building works going - spoilt Dubai. I worked 20 years ago beaches absolutely fantastic - nothing them!!!!! All Towers good one I would definitely recommend! We'll back.",0.4424019607843137,0.6318627450980392,Feb 1 2007
45,45,Rotana visa application dubai stay okay there. however spoke visa situation groups policy apply visa's business travellers tourists. A alienation view. reason stay rotana dubai again. suggested let travel agents know tourists choice whether go hassles obtaining visa,0.16666666666666666,0.8333333333333334,Jan 3 2007
46,46,"First class service booked stay short break, although best location- sure really Dubai rather spread out, found service first class.rooms spotless, checks see everything ok, turn linen evening... name it.food bar excellent- teatro excellent restaurant, gripe stay Wine expensive! decide go dubai again, would stop here!",0.251099537037037,0.5703703703703703,Nov 28 2006
47,47,nice troubles We stayed 6 nights problems checked Opodo told us add another 20 per cent bill ended paying 400 pounds carefull booking sites. The nice pay extra club rotana get breakfast evening drinks lounge. The beach 10 minute taxi ride away. The business people stay beach want this.,0.4228571428571429,0.6,Nov 20 2006
48,48,"Disappointing Ok, straight point. Walls paper thin neighbours keep awake (not fault TV reasonable level); bar full call girls can't sit quiet drink; security getting looked call girls allowed stay bar; can't leave bar go back without going outside get accosted call girls; issues groups girls running around corridors shouting laughing I get flight; later on, lads worse wear running corridoors; everything overpriced. Did I mention call girls :-)Good points - nice pool, fantastic gymEven I guy I got approached I still wouldnt want take wife there. Besides fact overpriced meat market, I actually like sleep hours per night. However, might read book immediately, me.",0.12076023391812865,0.5038011695906432,Nov 15 2006
49,49,"Average Dubai This located busy road middle huge towers. The superior room clean, king bed, nice view pool city, big t.v., something never forget. There big disadvantage go period time. Ramadan strict even tourists. There bar music serves alcohol. There place town hear music dance month. No belly dancers either. You can't eat drink outside till gets dark so, go hotel. The hotel's stuff polite friendly. Room service fast concerning food. We wait hour two pasta one salad room since restaurant closed 3.00 5.00. When it, restaurant already opened. There bus station front good. I wait 20 min. take one I gave up. Taxis cheap take everywhere always find one. It's best though rent car. The nice property, 30 floors, gym small pool. If want close sea though I would suggest Jumeirah district want close centre choose Creek side. Have fun.",0.24214743589743587,0.4482517482517482,Sep 28 2006
50,50,"All fine but.................... We stayed Towers one night tourists. There nothing wrong though afraid shall damning faint praise, line reviews I felt didnât quite come expectations Dubai hotel.Its well positioned 10 minutes taxi airport 10-15 minutes taxi shopping malls. It (Iâm told) business district right beside one busiest roads city. The rooms well sized clean, bathroom little tired everything worked worked well. The staff courteous food fine. Inside rather anonymous, âfeelsâ European design dÃ©cor staff saw appeared European African. The lays entertainment night much aimed Europeans; Tuesday night âA taste BlightyâI canât see would problems using certainly business work. But holiday? I think could better.",0.025063025210084047,0.5260084033613445,Sep 24 2006
51,51,"Good Hotel nice. On Sheik Al Zayed Road, means short taxi ride anywhere Dubai - max ever paid Â£5. Pool top car park - small perfectly formed. Food excellent, themed nights paid Â£18 got unlimited food alchol - nice. Rooms excellent. We liked Dubai, find treatment women upsetting. However, comfortable seeing local women covered head toe black (including gloves) searing heat, western women wearing get strange looks. Racism also bad - Indians Packistanis make majority population treated awefully. We hired desert dune buggies great (though Â£110 two us, worth it). Desert safaris dune bashing great. And go skiing Emirates Mall, say done it! Would come back coming back Dubai, dont think morals stand place again.",0.3514492753623188,0.5847826086956522,Sep 16 2006
52,52,"Ummm low standard If stayed 4 5 star South East Asian (HK, Bangkok, Phuket etc) hotels let down.Bedrooms large, smell stale smoke, much hotel. Housekeeping appear till ring chase them, 4 o'clock mind, morning!Breakfast buffet good, pricey. Location brilliant, huge highway better like what's side Sheik Zayed Highway get cab take side!!!! If lucky enough hail one driver Dubai two days actually knows ANYTHING is!",0.11202770414806547,0.4398065476190476,Sep 15 2006
53,53,"Thieving Housekeepers What ever use safe, trouble using thought would ok, wrong I was, turned housekeeping staff thieving little [--------].Have stayed property previous occasions could never fault place. How sad that's changed.If thinking booking I would seriously advise it. I certainly wont returning.",-0.0748015873015873,0.5560846560846561,Aug 22 2006
54,54,"Who needs Burj al Arab? My friend I stayed Towers Rotana 3 nights February great stay! After tiring overnight flight arrived early morning first night booked evening, decided book room get heads hours 'hitting town'! The staff happy oblige slight mix-up key, charged this. The staff extremely attentive friendly breakfast first class. This also advantage smart restaurant (Teatro) excellent Long's bar (superb bar meals!) site. The rooms clean comfortable, great views I would certainly stay again.",0.3446324143692565,0.6071846282372598,Jul 31 2006
55,55,Excellent Stayed 3 nights week Maldives.This mainly business travellers holiday makers. But loved that. We wanted central location things. We beach chill.The traffic bad hairy! There 14 lanes traffic one side fo road other. So taxis must. But cheap.Room clean OK size service great. Don't use minibar didnt price list two small tubs pringles cost us Â£5! What rip.We managed get pool really nice great watch contruction everywhere.We room view main strip great loved get every morning look first thing see rush hour traffic lasts hours!We Mall emirates shopping emirates towers I got mulberry bag wasnt cheaper UK. But wanted get present.Gold souk ar Diera meant best thought was. It must seen believed. My partner bought ring 18 ct white gold three princess cut diamonds weighing 1.3 ct got valued back home value doubled.......it expensive made fortune!Wild wadi worth trip. Do sunset dune bashing drive BBQ definately highlight.....arabian adventures excellent went cos recommendation. But go huge convoys 34 4x4s. 7 peeople jammed heat 60 degrees 6pm annoying struggling get time. But well established evening T.The long bar like weatherspoons loud music fond. Vu bar floor 51 emirates towers favourite. Didnt get views though cos condensation windows!Only went one meal. 2 courses al naroufah (or whatever) mall emirates towers excellent cost Â£60 bottle wine. We didnt clue menu lebanese guided us made recommendations. It lovely.Overall - fantastic utterly amzing. The contruction seen believed. We return.,0.2541232638888889,0.6134548611111112,Jul 5 2006
56,56,Great Place stay ....,0.8,0.75,Jun 30 2006
57,57,Not best!!,1.0,0.3,Jun 26 2006
58,58,"""Treated like King",0.0,0.0,Jan 21 2006
59,59,nice nice enough dubai,0.16,0.8333333333333334,Nov 15 2005
60,60,Superb,1.0,1.0,Sep 19 2005
61,61,Good choice Towers Rotana Hotel,0.7,0.6000000000000001,Aug 24 2005
62,62,Decent,0.16666666666666666,0.6666666666666666,Jul 7 2005
63,63,Okay good enough Dubai,0.05000000000000001,0.5333333333333333,Jul 5 2005
64,64,Towers Rotana Hotel,0.0,0.0,Jun 6 2005
65,65,In general pretty good,0.3333333333333333,0.7000000000000001,Feb 8 2005
66,66,Confortable et bien placÃ©,0.0,0.0,Jun 11 2008
