,Unnamed: 0,Reviews,polarity,subject,Dates_extracted
0,0,"Stopover Dubai We spent 2 nights way Africa. The rooms excellent, spacious comfortable enough beds family (often problem 3 children). Though kettle plug fit wall plug! Reception staff good. The two downsides pool closed renovation (our kids looking forward swim considering hot outside!) service restaurant. Don't use restaurant help it. We travelling 2 families exhausted arrived travelled Australia &amp; NZ feel like walking heat somewhere eat - well have. It took 2 hours food arrive - mine actually never arrive. And daughter fell asleep chair her's (a hamburger) arrived. When hamburgers arrive, looked like they'd bought outside hotel.",0.17961538461538462,0.4465384615384616,Jul 23 2009
1,1,fantastic Was abit anxious booked appts surprised &amp; pleased. Very clean &amp; felt home. Staff wonderful.,0.39611111111111114,0.9516666666666667,Jul 8 2009
2,2,"Excellent hotel!! I got back home amazing holiday dubai.my family stayed write review them.im wondering one written till now..its extremely clean,comfortable amazing location close spinneys(24 hr grocery store) 1 min walk 5 mins walk burjuman mall major brands.the free shuttle jumeira beach every day twice day.the b'fast buffet huge selection chose from.the staff helpful cheerful.the rooms r cleaned immaculately everyday none stuff touched moved even inch.the room rates probably best one could find dubai considering location facilities offer.i definately going back kirklees next visit dubai.",0.3139705882352941,0.5352941176470588,May 30 2009
3,3,"Absolutely good choice We booked hotel-apartment 2 weeks. It 2-bedroomapartment 2 bathrooms balcony. The kitchen fully equipt, including washingmachine microwave. There ironing, cleaner brought us one, fully free. Everything clean staff helpfull kindly. We breakfast restaurant, possible take one. The apartment close Burjuman Shoppingmall Spinney's, 5-10 minutes walk.There shuttle beach, public beach. The apartment around corner The GoldenSands Apartments 10 11. When want stay centre Bur Dubai, hotel-apartment good choice.",0.37083333333333335,0.6208333333333333,Jul 18 2008
