,Unnamed: 0,Reviews,polarity,subject,Dates_extracted
0,0,"nice hotell staff stayed four nights would definately come back. This fifth tour Dubai Layia Oaks best stayed in.The staff wery proffessional, always willing help. The food pool bar wery good well shisha pipe.We look forward construction finish, I guess area would wery nice then.We would recomend Layia Oaks going Dubai.",0.41625000000000006,0.70625,Nov 4 2009
1,1,"Family Friendly - Excellent Service We three night stay Layia Oak Hotel Suites. They cater everyone - Business Leisure. Couples Families. The staff friendly service received always helpful prompt. We requested bed 3 year old son room arrived called reception rectified dealt quickly. The room spacious kitchen necessary equipment needed. There lot construction around bother us. You cannot use balcony though dust I think goes Dubai. The swimming pool area brilliant. They covered childrens pool seperate play area perfect us. The weather hot swim day made full use pool evenings. Breakfast good. A decent range fruit, cereals cooked options choose from. The childrens menu restaurant room service small fine short stay. However - staff willing helpful I sure would make something order.The - airport transfer expensive ease travel worries, especially flight leaving really early hour. Otherwise rest stay used taxis reasonable accessable. Taxi drivers struggle find though. Take map reception mark help taxi drivers find it.We would recommend Dubai Layia Oak Hotel anyone. Dubai far child friendly expected people friendliest country ever visited. Thanks brilliant stay.",0.32943452380952376,0.6630555555555554,Nov 1 2009
2,2,"Good lots construction going around I visited friends (suit 2 bedrooms). The suit great, organized, new fearnature compfortable one. The toilets clean working properly. I would suggest family rather friends (21-28) years old! The good thing near mall emirates, I planning visit. The calm, open windows, hear clearly noise construction going around hotel. The street yet 100% completed, least crouded smoothly reach hotel. I tried swimming pool. It nice, young people would like get Super-Fun!",0.2768686868686869,0.5158585858585859,Sep 26 2009
3,3,"Great excellent service good value I stayed three nights huge room; complete ensuite bathroom, second toilet; large kitchen (fully kitted out, too) huge lounge area. Good quality finish throughout; rooms clean; large windows complete balcony. Very friendly staff always ready help. Food good - room service (quite quick, too) well cafe / restaurant lobby. Taxis easy get reasonably cheap (AED50 airport 8am moring.) Whilst lot construction noise intrusion. Most taxi drivers know plenty landmarks use needed! (Near DAMAC building.)",0.4076700680272109,0.5800226757369615,Mar 23 2009
4,4,"A nice friendly Visited week family holiday end February 2009. The located 5 minutes Jumeirah Beach / Palm Jumeirah 5 minutes Emirates Mall, business area next Sheikh Zayed Road Al Barsha, area still heavily construction.We stayed 3-bedroom family suite 7th floor. The sounds construction work around disturb inside. The suite modern necessities LCD TV's hair dryers fully equipped kitchen. The service friendliness staff outstanding. All happy smiling faces met throughout lobby, reception, pool, restaurant etc. made feel wellcome. The restaurant, like premises, clean well kept tries best provide guests services require. The outdoor pool heated works well also small children. The gym provides small range high quality equipment works temporary substitute hometown gym.Had minor problems room lowered overall rating rooms excellent good; fortunately management's quick positive reactions end left us good overall impression led full five star overall rating. Would strongly recommend anyone looking spend vacation trip mainly beach (only 5-star hotels beaches) city downtown (Layia Oak located Â½ hour away downtown). The accomodate well larger parties suites reasonable price, convenient families/parties four travellers.",0.2871256684491978,0.5069741532976827,Mar 15 2009
5,5,"The best Valentines Day Ever!! Okay I admit I first hard taxi find hotel. So come need know first number Expedia wrong [--]. Also tell driver The Greens near Emaar Business Park. Yes construction around I slept fine didnât hear all. The pool etc nice. Hotel staff nice nicest I ever seen. They bought Valentineâs Day Card Chocolates room. Anything I needed bought ASAP. Also I checked front desk walked room made sure I knew work everything. It washer dryer combination also great. The bed nice comfy!! The room unreal!! Living room, Kitchen two bathrooms, mention LCD TVs. I one night far good!!! So would I stay again? Yes I 100 percent. So Valentines Day remember.",0.4178125,0.6904513888888889,Feb 14 2009
6,6,"Quality amazing service This fantastic new ultra spacious suites. I stayed Layia Oak 5 nights since Iâm travelling Dubai often I definetely go back. The situated Al Barsha area opposite Greens 5 minutes taxi Mall Emirates, Media City, Palm JBR. The opened therefore everything brand new. I stayed large 1 bedroom apartment big separate living room kitchen huge balcony.. I 2 LCD TV, bathrobe bed room one comfortable I ever tried. There big swimming pool Jacuzzi, recreational area gym. You certainly relax week end. Staff reception kind I impressed clean was. I would certainly suggest either travel business leisure!!",0.29909404192298933,0.5637115516062883,Jan 28 2009
