,Unnamed: 0,Reviews,polarity,subject,Dates_extracted
0,0,"Good It centrally located, good spaciousrooms amenities.",0.4666666666666666,0.4833333333333334,May 4 2009
1,1,"Loved This Place! This great live. We 1 bed 2 bath huge room gr8 functional nice kitchnen. The Deira mall movie theatre opposite good cross shopping cook etc. 6 month old baby.The food excellent though menu limited. The quantity good too. The provided good baby cot play pen happy we. Overall, business traveller @ family babies, gr8 stay.We forgot cellphones @ (Our baby slipped couch) kind enough send back home country!!",0.4065836940836941,0.5297619047619048,Aug 15 2008
2,2,"5 star room 2 star service Hotel rooms Five star service far it!! This dry bar. You walk Sofitel road want beer. Breakfast buffet ok chief cooks omelette Restaurant extractor fan clothes end stinking food every morning, gave end started taking breakfast room I wouldnât smell food dayLocation nightmare get cant get taxi first day took 1hr 40 mins(not even limo) next day planned ahead time hour booking one front desk hotel. dont even think going shopping mall get taxi 3 hours wait afternoons. When returning taxi, drivers load find going happened 3 times. Madness traffic kill place country doesnât sort how.Pool shade winter time use, gym opens 9 closes 6 use day. Traffic noisy next mosque call prayer 530am need early morning callConstruction site next door moment pretty much 24 hours get nice beep beep beep crane lift night.I tried change everything full company paying 5 star hotel. This deserve title 5 star even rooms 5 star look them. want room nothing else one night might ok .One last thing asked door man tell taxi driver take VIP lounge airport checked least 4 times make sure would mistake, said YES YES know told him, well guess what? driver went main terminal clue VIP lounge was.In past great time Dubai thought working full time, trip put life, traffic mess kill tourist industry trying develop never again.",0.16416062801932368,0.4646135265700484,Mar 11 2008
3,3,"Poor Facilities Poor Service Very disappointed I stayed year February City Seasons Dubai disppointed. I knew business area Dubai far away beach, hoped nice swimmingpool chill out. They swimming pool sunshine, build wrong side way sun, except 8 till 12 o'clock morning! great! Also gym facility poor! Half actually machine work, except one one actually looked explained anyting. The service reception overall disappointing helpful all. The rooms clean tidy customer service facilities poor. My opinion: Not worth money!",-0.10208333333333333,0.5867592592592592,Mar 6 2008
4,4,"Very nice I stayed City Seasons,Dubai December 2005 pleasant stay.I one-bedroom apartment neat &amp; clean extremely well designed well.The 10 minute drive airport bang opposite Deira City Centre Mall.The lobby atrium style though little poorly lit, quite impressive anyway.Breakfast cheerful lobby-level restaurant good terms quality variety.I would certainly stay would recommend business &amp; leisure travellers.",0.34264880952380955,0.7042857142857143,Jan 18 2007
5,5,"Very good Business Hotel Dubai I satisfied 2 room apartment.The interior well designed. It pleasure stay there.Value money! If frequent traveller, ask special corporate rates regular usage.Room service working also right.Recommendable!",0.3238775510204082,0.43262166405023544,Aug 18 2006
