,Unnamed: 0,Reviews,polarity,subject,Dates_extracted
0,0,"Excellent selection business travelers internet/media city This offers outstanding value money great location business travelers Dubai internet/media city. The Mall Emirates also close shopping. Room (superior double), spacious clean. Full size bathtub branded amenities . Breakfast also 5stars! The factor I value comfy bed. If long day meetings, relaxing bath comfy bed make forget minor drawbacks services. Actually, one comfortable beds I ever used trips ( ...my number 1 still &quot;nest&quot; concept Sofitel). Minor findings: constuction around disturbance visual, pool closed, in-room dining menu missing, letter saying internet complimentary actually charged, no-one asked deposit cheched-in I hassle back &amp; forths pay cash instantly extras, I checked extra's promptly registered system... I could left without paying ... I sure junior staff would accused negligence found out. In brief: These minor issues suggestions improvement. Superb I choose next trip.",0.2126302083333334,0.4285590277777777,Nov 26 2009
1,1,stay dubai pretty good - got upgrade nice suitereasonable price,0.5166666666666666,0.8666666666666667,Nov 12 2009
2,2,"Incredible Hospitality We arranged conference hotel, first I need thank Abigail great job putting much us.The new area, streets quite complete, making little dfficult reach. However airport pick perfectly time, taxis figured out. It hard catching taxi unless lucky, gave front desk 15 minutes notice call cab. Although little bit SZR, still pretty close almost everything; Jumeirah Beach area, Marina shuttle Mall Emirates Ibn Battuta Mall perfectly time.As itself. It five star every way. The rooms clean spacious, excellent service. There construction going nearby I there, noise bother all. Again trouble causes detours causes comign back hotel, Dubai one big detour.The staff friendly accommodating. The spa great. The pool nothing great, great view used cigarette breaks conference room floor above.The meeting facilities great. There various rooms one large ballroom top floor. Set various meetings smooth perfectly time staff helpful stayed late got early delay shipping. The even offered send one drivers pick order avoid delays I started little nervous breakdown. Coffee breaks food meetings delicious elegantly served, coffee, juices bottled water available throughout day.As breakfast, served Asian restaurant special request big group first 3 days, delight since offered great view city. After served breakfast lunches Atrium restaurant, food delicious, light coming windows magnificent. We also hosted dinner one nights Italian restaurant. The maitre d' bartenders gracious, helped us rack worthwhile bill AED 15,000!!!! Food set also great, little patio great smoking area too.There bar lobbby, quiet, lobby generally is, great food drinks nice place hold quick quiet meetingOverall, great experience excellent value money (about $300 standard, everyone upgraded either business suite 1 bedroom apartment upon arrival)",0.37210705960705964,0.5896853146853147,Oct 14 2009
3,3,"So relaxing grand Millennium It family trip third time hotel, nice Grand Millennium, yet spoilt rotten. Upgraded 2 bed room Suite arrival nice views , suite massive lounge area relax evening. Service best; kids enjoyed heated baby pool huge! We back soon without fail! With doubt, recommend Hotel everyone.",0.325,0.6545454545454545,Oct 10 2009
4,4,nice - business I would definitely recommented someone wants go Dubai .Grand millennium nice location - close emirates mall - great service . It's room clean luxurious . Grand millennium's lobby spectacular big chandeliers .I think suitable business trip vacations . The disadvantage small swimming pool.,0.333974358974359,0.6211538461538461,Sep 9 2009
5,5,"Long way go 5-star Good news - personal service good - need get act together though concierge services. We ended paying taxi called us hotel's mistake. Room satisfactoriy kept clean - one chocolate 2 people. Restaurant food ver good. Will recommend short stay.Bad news - 5-star - room mediocre. Curtains ill fitting poor hardware - even roadside motels US better curtains. Wallpaper poorly done. Closet doors also poorly built, mirror fell broke thousands pieces, trim fell off. Wonder else would fall future! The shower cover tub nothing stop water spilling over. The art work cheap poorly hung. Services written binder match current restaurant services. No amenities close due construction site, plus construction noise early morning disconcerting.",0.05664141414141415,0.5576767676767678,Jul 21 2009
6,6,"Lives name - GRAND!! The Grand Millennium I gladly recommend. It comforts modern-day service match. Unfortunately, location special, still well within cab-ride destinations - however, getting cab challenge - thanks Concierge hotel, taken care of! The staff courteous helpful, rooms nice. We room 17th floor views Sheikh Zayed road.Try hotel, disappointed.",0.28383928571428574,0.8021428571428573,Jul 20 2009
7,7,"Excellent room quality service restaurants match - comfortable. Service extremely efficient friendly. The room always kept clean tidy, well-appointed business use comfortable King-size bed. Facilities restaurants likewise excellent could fault anything.Highly recommended",0.48185185185185186,0.7888888888888889,Jul 9 2009
8,8,"Great choice Was booked local corporate client use staff. Great rooms hotel, esp price, two restaurants excellent food, large varied multinational lunch buffet, though bit pricey. Very good service, indoor pool amenities. Hotel bus shuttles beach malls, nothing near except construction. High speed inet free cheap, ask complimentary. Stayed enjoyable week. Might want avoid 17th floor, Toshi restaurant, hold occasional parties, guest services sound system dialed back inaudible within four minutes 1am complaint.",0.3088492063492064,0.4638095238095237,Jul 3 2009
9,9,"ready ""prime time"" middle construction site new projects every side it. There 'zero' restaurants shops miles. The rooms decent service &quot;hit miss&quot;.The concierge asked wait could deal KFC delivery man?Always games getting connected ithe nternet, useless paying extra club room guests bothered to, almost empty.Millenium Hotel Doha complete joke, one little better.",0.0178030303030303,0.3696212121212121,Jun 12 2009
10,10,"Good rooms good, good food, good price,",0.7,0.6000000000000001,Apr 29 2009
11,11,"Great Welcome Nicely Designed Rooms My partner I booked 2 rooms Grand Millennium Dubai May 2008 HotelRooms.com got introductory rate one best luxurious Dubai.The located next Dubai Marina, Mall Emirates Palm Dubai nice views upper floors. We upgraded junior suite rooms nicely designed.Breakfat OK 1st floor restaurant; Buffet live cooking area. Service nice staff friendly. Small business center located next breakfast area along hairdresser. Good amenities room high pressure shower bathroom.I loved floor ceiling windows room nice view Palm Jumeirah free parking around hotel.",0.41530303030303034,0.6042857142857143,Sep 27 2008
12,12,5 star I sure determine number stars hotels jumeriah beach 5 star 2 star. pool area absolutly useless. lobby small compare 5* hotels. There place hang night time. staffs frndly except couple them......overall ruined vaccation. wouldnt stay more.,-0.15,0.4691269841269841,Sep 17 2008
13,13,Bon et excellent personel,1.0,1.0,Mar 28 2009
14,14,TrÃ¨s bon hÃ´tel !!,0.0,0.0,Jan 23 2009
15,15,Excellent sur tt les niveaux,1.0,1.0,Dec 1 2008
