,Unnamed: 0,Reviews,polarity,subject,Dates_extracted
0,0,"What wonderful experience I wife booked Rolla Residence part Emirates Stopover Package Arabian Ventures honeymoon. We good time! They nice swimming pool roof gym current. From moment arrived staff vey helpful.....The rooms neat, clean, big self sufficient. I mean complete appartment. The breakfast average. But, internet broadband expensive.",0.1829166666666667,0.6197500000000001,Jun 3 2009
1,1,Good value money We booked Rolla Residence part Emirates Stopover Package parents visiting India..all I say good time.From moment arrived staff couteous vey helpful.....The rooms neat self sufficient .....overall good experience.A mention restaurant though..............the food wholesome great.,0.42499999999999993,0.6375000000000001,May 11 2009
2,2,"Nice residence We 3 nights. The rooms big clean. We room kitchen, microwave oven, wash maschine, refrigerator. Breakfast averages - big choice. Rolla Residence small pool fitness. We Arabic Adventure. Transport airport price included.",0.14333333333333334,0.4600000000000001,May 9 2009
3,3,"Warm reception service smile pure comfort From moment arrived hotel, shown best example hospitality. Every employee offers service smile. The rooms excellent able rest long flight quiet, comfortable clean room. Rolla Residence ensure superb stay attending every detail passion hospitality industry. The location great shopping stone's throw away Meena Bazaar. We took taxi Jumeira Palm Islands, promptly arranged staff. What memorable experience. We impressed definitely stay again.",0.4724089635854342,0.5710784313725491,Mar 17 2009
4,4,"Breakfasts instant stuff; staff diligent gloomy It's me. I love service smile. Ideal hoteliers enjoy feeding, making comfortable solving problems guests like I serve family friends. Management needs review policies create happy atmosphere staff guests. Wonder staff happy work living conditions provided; I'm victim smarting deception escalated bullying management. Downtown hotel's breakfasts suspiciously -like -leftovers (included package ) cannot compare food booths outside smell taste appetizing 5 AED chai, coffee, curry bryani - freshly concocted reheated rubberiness evaporated flavors.",0.34807692307692306,0.6051282051282051,Jan 16 2009
5,5,"Our Nightmare Rolla Residence We arrived 12.30am ( myself, hubby adult daughter) travelling day.On check man reception said room ready would wait 15 minutes. The 15 minutes turned ONE HOUR became quite agitated told go room.The room double bed bed daughter. I rang reception told man, said wait 5 minutes. After 15 minutes housekeeping arrived foldaway bed 2 inch foam mattress filthy dirty looked like URINE STAIN.I rang reception told man mattress, replied anything time tell reception next morning.I told I let dog sleep it, let alone daughter. So case I said daughter come sleep couch lobby looks cleaner comfortable foldaway bed.He took bluff seriously said he'll ring manager. A minutes later rang room said manager upgraded us suite.The suite comprised bedroom, loungeroom kitchen.In loungeroom sofabed housekeeping made bed sheets thin blanket. I asked quilt told firm NO.The next morning went reception asked speak manager, man said wait minute. The manager finally presented 15 minutes ( seems concept time)We told manager discontentment wait hour room.The manager defensive said busy large group arriving 2am. I told affect us, care less.Unfortunately returning 2 weeks later. We said manager ensure happen again.But low behold came back repeat first nightmare.We asked reception call taxi told NO, go outside hail one ourselves. So every time wanted taxi, 3 us would go outside stinking heat hail taxi.This third time Dubai. Each time we've stayed different hotels never encountered dreadful treatment encountered Rolla Residence.",-0.0613015873015873,0.4289523809523811,Dec 9 2008
6,6,"Good value downtown Bur Dubai I stayed couple nights hotel. The one bedroom room large clean. I slept well. There small kitchenette area useful. The pool/gym areas roof small fancy, adequate. The price compared well ameneties offer.Check easy etc. Didn't try breakfast. The located side street close number supermarkets. Getting taxi experience easy anywhere Bur Dubai, checkout waiting 5 minutes taxis sight, doorman got lift local outside hotel. Hence I really agree taxi comments provided previous thread.Locationwise good Dubai Museum, Bastakiya, Dubai souk across creek Abra main souks Deira. A 15-20 minute walk areas. In mid October feasible hotter times would need taxi. This tourist area, bustling, busy city centre. When walk about, expect see many tourists thing. For everything else Dubai, (e.g. beach, resort hotels etc), taxis required well priced get them.",0.15579761904761905,0.3694285714285715,Oct 26 2008
7,7,"Excellent!! Apartment style accomodation located heart downtown Bur Dubai. Walking distance Dubai Museum, Dubai River, abra stations &amp; Gold &amp; Spice souks. 24 hour supermarket directly accross road atm &amp; money exchange facilities. Heaps restaurants choose area. Apartment fully self contained kitchen, washing machine etc.Very cheap internet access foyer. Was perfect choice week stay Dubai. Only cheap cab ride new Dubai &amp; flash placs Dubai famous for! Cabs available front times.",0.4645959595959596,0.7627272727272727,Oct 14 2008
8,8,"good choice We recently stayed altho initially thought little isolated, discovered shopping complexes next block convenient.Staff helpful.We thought chinese restaurant next door served good food especially good value.Disappointed shade areas around roof top pool. It far hot us use it.",0.16057692307692306,0.37692307692307697,Jul 1 2008
9,9,"5/5 Great Hotel little treasure city bright lights... Just returned 8-night stay rolla residence studio apartment. The apartments fantastic. The apartments large, clean &amp; comfortable. The food also good &amp; Indian restaurant beside apartment great &amp; also deliverer, staying Dubai every restaurant delivers. The pool also good &amp; everything near hotel, gold souk, Burjamun centre, City Centre, Karama etc. The staff amazing! guys concierge desk busy even go supermarket youâ¦ This 5 star great alternative affordable staying Dubai days. We left Rolla Residence &amp; stayed Grand Hyatt 4 nights (This one Dubai best) preferred Rolla smaller &amp; u get lost people main focus staffâ¦Contact Rolla Residences directly : They offer great reates...Website : http://www.rollaresidence.com/",0.4177326839826839,0.5882683982683984,Jun 4 2008
10,10,"Had pleasant stay complaints We stayed Rolla Residence three nights part Emirates Stopover Package May 2008. We arrived 3.30am staff waiting us. We clean studio apartment huge king sized bed (very comfortable). Despite fact building works going next door, heard nothing, especially first thing morning (admittedly much day). Breakfast okay served 7am-10.30am. The 20 minute walk Dubai Museum. We originally gone could catch Double Decker Hop On-Hop Off Tour Bus (Dubai Museum one stops) - would definitely recommend Museum Bus (if buy 24 hour bus ticket get free admission Museum). As whether best location, even though Dubai, we're still sure whether best area stay. Seemed travel distance get anything, maybe Dubai.",0.3943333333333333,0.5828148148148149,May 12 2008
11,11,"lovely clean , breakfast good inclusive, children loved hotel, took lessons pool.the pool clean.the housekeeping staff excellent ,desk staff, ok.but wary booking thier associated tour company., may want compare others.its apartment, stayed one bedroom 23rd december 2007 4th january 2008.the kitchen spacious well equipped.its far algubabi busstation ,with buses taxis areas dubai uae emirates.there good supermarket accross road, currency exchange.all good experience.best families.but fine all.",0.41756410256410265,0.678076923076923,Jan 29 2008
12,12,"Convinient Hotel We visited family five. Great hotel, within walking distance Creek Souks.Several Malls, restaurants nearby. 20mins beach taxi (very cheap). All rooms fully equipped kitchens self catering, supermarket across road. Rooms clean comfortable- huge super king bed. Roof top pool great end full day sightseeing!We buffet breakfast restaurant good value money.",0.517,0.7126666666666667,Jan 19 2008
13,13,"Great all-rounder We 2 day stopover Dubai, arriving around 1am leaving around 2:30am, need place offered 24 check in. This offers ease checking great. The rooms big! The beds &amp; pillows best I travelling -- wish could brought home. We wish could stayed longer Dubai make full use room facilities. As per reviews, pretty close via taxi locations. Air conditioning perfect. There Indian restaurant next to/connected hotel, great food affordable price. We $75AED left 4 us feed. We enough food price least 5-6 people. Concerting Australian money, paid whole meal, less pay per person here.",0.28935185185185186,0.413425925925926,Aug 17 2007
14,14,"Excellent Service!! This excellent place stay!! The bedrooms good size extremely clean :) When got hotel, delays getting rooms luggage taken upstairs. The service exceptional buffet bad either. This close Meena Bazaar would like go there. But everything else need cab. I also recommend try book tours private personell....Don't book hotel. Just ask staff (not managers) booking tours privately ;) They point right direction tours significantly cheaper!If want cook food suites, grocery store located close well. They everything I possibly needed. Overall I would recommend anyone---It may cheaper Dubai hotels quality equivalent!",0.35585317460317456,0.7001587301587302,Mar 18 2007
15,15,"Good value stopover We stayed Rolla twice times booked studio appartment. The rooms large, clean, quiet well furnished. There kitchen area full size refrigerator, sink, microwave, toaster, electric kettle, two plate electric cooktop well clothes washing machine! A drying rack provided well iron ironing board. China, glasses cutlery well pots pans provided. There good size security safe wardrobe. TV phone room. The bathroom large toilet, shower bath bidet. Plenty towels provided along soap, shampoo tissues. There also hairdryer. The air conditioning works well. A swimmming pool gym roof. Staff friendly well informed. The 24hr check-in/check-out great late night/early morning flights. There small cafe ground floor serves standard breakfast snacks day. A great Indian resturant next door. There 24 hr supermarket road automatic cash machine outside.Situated Al Rolla Rd. quick walk computer store district Creek abra (water taxi ) station. The Rolla resort well situated great value short stay traveller.",0.27510912698412693,0.44896825396825407,Jun 1 2006
16,16,"Friendly convenient Rolla Our stay February, 2006 Rolla Residence, Bur Dubai, made pleasant friendly helpful staff,they well trained well presented. Our studio apartment well appointed, clean well serviced.The residence well postioned shopping, restaurants places interest.Public transport clean, air-conditioned inexpensive.",0.4581944444444445,0.6416666666666667,Mar 25 2006
