,Unnamed: 0,Reviews,polarity,subject,Dates_extracted
0,0,"Very good value nice clean rooms friendly staff bit hard find. I stayed Najd 4 nights, Nov 09, double room apartment, really comfortable nice bedroom, toilet/washroom, lounge area well equipped kitchen. Traditional furnishings throughout bright, clean pleasant. Roof top pool good, although 4 loungers mostly construction views. Nice gym too. Staff really nice helpful. I paid Â£65 night, incl breakfast, I thought really good value Dubai. It would price even 2 people. A couple times I asked bottled water charge.There little supermarket, turn right 150 yds left side.The downsides (and showstoppers) were: 1) huge amount contsruction going around hotel, 2) apart Mall Emirates, much within walking distance see, 3) taxis know keep getting lost - point, make sure get location map show taxi drivers. Things good Dubai:1. Atlantis Hotel, especially Aquaventure Waterpark (and try new monorail - get Atlantis return journey 3 stops, allows see great angle return journey - takes 45mins in.2. Mall The Emirates - like shopping3. Trader Vics , restuarant Madinat Jumeriah ( marina, Souk food place one - really nice)4. La Veranda restauarnt grounds Palm Jumeriah hotel. Just walk lobby back.",0.3452902400629673,0.6331055140146049,Nov 15 2009
1,1,Everything needs clarified go I family GITEX Oct'09. They promised free internet enquiry said signals available freely pay use !!! After lot discussion relented. Free shuttle exhibition grounds included per free shuttle means drop. Pickup chargeable !!! Discounts Wild wadi included enquiry said discount coupons finished. The furnished apartments good kitchen utensils. Lot construction area going vicinity hence lot noise.,0.33125000000000004,0.6333333333333333,Nov 13 2009
2,2,"good price central location clean rooms I stayed Najd friend 2 nights. It really close Mall Emirates. Just 5 mins walk away. The rooms small clean comfortable small bathroom, kitchen lounge. The staff friendly helpful. They pool sauna free use however I din't time try. The handicap ongoing constructions around hotel. Actually, Dubai full constructions everywhere. The district safe go night etc. I'd recommend place anyone planing short stay.",0.22805555555555554,0.5400000000000001,Nov 6 2009
3,3,"cheap cheerful Najd,quite newish hotel/apartments,clean small rooms,lounge diner bedroom dresser,I chose room overlooking Mall Emirates,great view Burj Al Arab new Metro system,a 2 minute walk Najd metro station,the metro takes airport,a new spotless mode transport,the Najd crew/staff much ball regards travel whats around Dubai,the rooftop pool small ;60 2 meters swimmable clean shaded,the surrounding's still construction hotels apartments pool overlooked hotels,complimentary bottles water tea coffee.breakfast served apartment extra cost self catering small shop corner large supermarket Mall Emirates...Mall Emirates shops,cafe's,restaurants metro oh large ski slope...the Najd clean homely,cheap cheerful home home,will certainly return next trip.",0.1375948561242679,0.5080939648586708,Oct 17 2009
