,Unnamed: 0,Reviews,polarity,subject,Dates_extracted
0,0,"The worst I've ever stayed Dirty place rude unprofessional staff. The hall transformed fried food shop, strong smell kitchen &quot;welcomes&quot; customer soon enters. The staff hateful unkind I've ever met life: demanded payments advance every two three days, like hotels Dubai, rudeness arrogance finally got bothered preferred pay leave immediately, order anything else people (of course, even told us &quot;Thanks&quot; &quot;Bye&quot; left). I would like give advice traveler planning book room place: 100 meters Ramee, street, Le MÃ©ridien, true beautiful offers lot cleanliness, comfort, courtesy professionality price: different superior comparing Ramee would like comparing white black. I really hope readers treasure experience. Bye bye.",0.07031746031746029,0.5165079365079366,Nov 26 2009
1,1,"A decent budget We gone Dubai didnt want spend much stay - hence chose hotel-which value money. Basically service apartments, decently furnished, level cleanliness OK. They small diner used breakfast. The room sizes good, frills, comfortable.Location fine, close main road generally bustling late night.",0.18166666666666662,0.4966666666666667,Jun 18 2009
2,2,Market place This average property. I stayed twice family issues property,-0.15,0.39999999999999997,Jun 11 2009
3,3,"Great value money perfect location I booked 2 nights via hotels.com. Initially hesitant reading bad remarks forum decided give shot.Turned great. The location perfect, middle everything. Walking distance many places. Easy access taxi. 24 hour supermarket next door. lots eating places.The room clean, though noisy neighboring rooms close doors. Nice roof top pool.All all, Dubai standard, 3 star place good value money budget short stay. The staff improve friendliness helpfulness.",0.37500000000000006,0.5375,Apr 20 2009
4,4,"Ramee Apartments Rolla Street Dubai - aware! We stayed March 09, arriving early hours morning. We knew accommodation would basic booked expecting this. However, place nothing like website description, mislead photos. It's described luxury - well know getting standing reception member staff wheels old car tyre through. Please mislead favourable reviews TripAdvisor either, (which booked first place). This older establishment curtains, kitchen area, furniture, bedding etc. desperately need updating. However, place definitely clean matters anything else! The shower curtain, room curtains (there lots smoking signs around rule enforced rooms anywhere) carpet, kitchen equipment need good clean replacement. The worst thing stained bedding pointed staff hopefully bought new now. This place basic good price, great location falling short standard cleanliness. It probably geat value could bit care.",0.1675717703349282,0.471116427432217,Apr 1 2009
5,5,Not bad great This bad. It's Bur Dubai. There places walk cabs cheap easily accesible. The rooms pretty average. There mosque across street wake around 5AM every day. The rooms kitchens. There pretty decent pool roof.,0.18333333333333335,0.7425925925925927,Apr 1 2009
6,6,"great clean comfy place stay Everyone warned taxi drivers difficulties finding certain Hotels. This place took us 1 hr find. So, best thing staying tell driver Hotel near .Goldsands 10 11Rooms big, great X large beds, complete kitchen even clothes washer.What nobody told us though heat water u need switch heater least hour taking shower.Breakfast good, kitchen heating microwave. And drinks charged seperatley. Rather strange.Shops close quite early nearby, shopping centre close nice, always KFC Pizza Hut open till late close.",0.305015873015873,0.52,Feb 19 2009
7,7,"Good Price Safe I met husband Rolla St. location satisfied hotel. It &quot;condo&quot; style set small kitchen including dishes, pots/pans, etc. We stayed 9 days worst thing beg one towel day. They expected clean room every day, request - towels. Across street Mosque, actually 5a wakeup call bad I thought would be. We laughed every morning fell back sleep. The view - forget look outside. The location safe clean. Let's leave that. Nothing fancy, clean! :)Near internet cafe', far CarreFour. There several small markets, larger grocery market main street (Spinney's Market), next coffee shop. There Lebonese restaurant near market quite enjoyable. The Ramada Hotel nice cafe restaurant well. Just approx. 8 blocks river, catch &quot;bumper&quot; boat ride across river. Go Thurs. Friday night busiest boats fighting get dock boat fights get away dock. HILLARIOUS! Pool upstairs small, secluded. The rooms quiet clean. Nothing complain about. There cleaners across street cheap quick. Remember CHEAP way stay. Yeah, I would preferred stay classier hotel, I prefer save money instead! Because financial limit itinerary taxi fees.",0.15856481481481485,0.5030092592592593,Dec 11 2008
8,8,"Loved It Here! 5 us stayed height summer us absoloutly adored stay, could recomend highly enough. It exceeds basic requirements, 3 star hotel. Nothing much extremely friendly staff, true Dubai style, everything dirt cheap, inside outside hotel. The thing found remotely expensive worth water park, typical theme park prices, amazing area. The beaches zoo ranged 20p-Â£1 per person. In great area, although distance main tourist attractions, important dropped picked anywhere Â£4, personal chauffer days Â£4 day! There delicious pizzeria lobby, ring directly delivered, 50p 10 inch pizza! Unfortunately, people don't, tipped generously here, goes along way see gratitude underpaid staff. Next door supermarket, surrounded resturants. Although difficult find alcohol Dubai, 5 minute walk nearest bar, english sports bar english prices. Pool area lovely lovely view rooftop pool., rooms comfortable, spotless reasonably sized, lovely bathroom. The negative holiday stayed height summer Auguest, weather was, times unbearable, rooms air conditioned, places. We reccomended travel winter get experience. We booked lovely trips hotel, dubai creek cruise lovely evening. Cannot rate highly enough.",0.26625,0.5589583333333333,Nov 2 2008
9,9,"Perfect Mid Range Hotel Bur Dubai Stayed Ramee Apartment Hotel 3 nights. We PERFECT stay. The room 4.5 star, absolutely spotless. The brand new kitchenette room front loading washer dishwasher. We side view window 6th floor, rooftop pool &amp; lounge chairs views across Dubai. The situated Bur Dubai, old city, extremely close walking distance souks. The boat [abra] stations 5 min walk away &amp; 1YTL paid onboard travel side Dubai Creek Gold Souks. The staff friendly, courteous helpful needs. The tour desk also informative friendly, without pushy. This no. 1 list travel Dubai again.",0.3113636363636364,0.6024621212121212,Sep 20 2008
10,10,horrible This rotten hotel.On first morning robbed member staff.To precise breakfast room told pay breakfast supposed included.We paid given receipt told manager treated con-men.All staff covering version day charged breakfast even turned up.A couple days later also charged glass broke 1 year old son.That sums up.Rame rotten hotel.The manager unpleasant woman....,-0.17428571428571424,0.5297619047619048,Aug 16 2008
11,11,"good location terrible management well located property badly managed,expect nothing wont dissapointed!",-0.43333333333333335,0.8222222222222223,Jan 12 2008
12,12,"Ramee Appts- Great price location- Bad service I stayed Ramee Hotel Appartments 5 nights mid November. looing cheap Dubai, looking service place you. The front desk staff welcoming friendly, almost chore serve you. Ramee Appts great location BurDubai- worth $120 AED per night, close many things. There grocery store 24 hours street mall far grocery store. There take food places across street, pharmacy left many indian food resturants near by. The room spacious, huge bed clean ants bathroom. It could use clock wall though. Dont use phones long distance, expensive (3.75$ CAD/12 AED per minute) instead ask landline card grocery store cashier. The room comes kitchenette, small fridge hot plate dishes cooking. TV okay dvd player. The pizza place fairly priced I suppose (abt 4$ CAD/12 AED small pizza fixings) greatest quality. The buffett breakfast served disgusting (like curried hot dogs chick peas green eggs)- NOT WORTH THE MONEY- pick something grocery instead. try get cheaper price stay removing breakfast option. Internet cafe actually 2 computers pizza parlour seating area- privacy- expensive 3.50$ CAD/ 10 AED per hour. found another cafe outside far 1 dirham per hour- worth walk. I think mentioned getting wireless connections rooms. Pool roof nice addition, esp night. There gym- saw people working out, didnt use myself. I didnt book anything tour place didnt sell I looking for, instead took taxi museum (3.50$ CAD/ 10 AED) I caught Big Bus tour. Across street museum see someone yellow shirt, thats buy ticket from. It 175 AED worth it. Overall Ramee Appt Hotel worth stay room amenities, location price. If interested decor, self sufficient, do-it-yourself place you. If I got similar price less I would return, otherwise worth stay.",0.09386363636363634,0.4521212121212122,Dec 15 2007
13,13,"Terrible Horrible service one terrible places dubai.no service exteremely careless staff.they got booking mixed up. I booked 2.30 thought 2.30 pm instead trying clarify issue, nobody cared call me. got 2.30 ..they rooms wait till 7am lobby get room. meanwhile, non staff cared make staying comfortable.add that, room cleaning service disaster. every time cleaned, room got messier. use old-fashioned broom clean floor bed sheets never clean.i dont advice anybody use chain. overrated bad.",-0.41666666666666663,0.7520833333333334,Dec 6 2007
14,14,"Not bad could good decorator Well, I got good deal good side. It good location, taxis easy hail outside cheap great way get around. Supermarket also next door. The appartments clean staff although welcoming helpful need them. Large rooms.The bad side fact although appartments clean linen rugs wallpaper curtains smelt like grandmothers bungalow probably old. It makes place feel uncomfortable almost like dont want sleep bed. Lots appliances also dated lobby basically pizza restaurant smell goes everywhere. The area also like Dubai next building site work starts 6am. Basically bad I think could find better money, however planning much fine.",0.3144372294372294,0.5387229437229437,Nov 21 2007
15,15,"Ramee ok Would recommend apartment value, location,cleanliness helpful staff,facilities.Our room clean,well equipped even washing machine etc.,although located rear balcony overlooked building site (most Dubai building sites!) spotlessly clean. An amazing 7ft bed-clean sheets every day, well located shopping- Al Jhaheef Mall open till midnight across road,very handy. close Creek siouks, Tour desk,Internet,coffee shop,taxi service site.we would stay again.",0.4486111111111111,0.6666666666666666,Nov 7 2007
16,16,"Good price Stayed two occasions stop-over. Ccould make-over rooms large clean staff friendly helpful. The location fine stop-over, handy restuarants supermarkets might appealing longer stay.",0.4532312925170068,0.5897959183673469,May 13 2007
17,17,"Great Room budget travellers We stayed Ramee Hotel Apartments 5-11th March. I nearly cancelled booking reading reviews trip advisor, sure glad didn't. We first given deluxe room overbooked, transferred standard room next day. But standard room seemed equipped comfortable. The bed big enough two adults one child, bathroom facilities large clean. There open plan kitchen fridge,toaster, kettle washing machine available. Although crockery utensils 2 persons, I think good value families mind going self catering. There 24hour supermarket couple doors away, fully stocked daily needs, restaurant opposite road delivers room. Meena bazaar walking distance away taxis available without difficulty outside hotel. In lobby travel tour operator helped us book visit tourist attractions dubai. Reception staff helpful polite, one night staff miserable desk.There mosque right outside hotel, call prayer occurs five times day, heard early morning call stay rest days tired hear away day. Average views available room balcony recommended. Overall, accommodation ideal memorable well deserved break Dubai. My family I would definetely returning near future.",0.18333333333333335,0.49109231411862997,Apr 7 2007
18,18,"Great location staff I stayed Ramee Apartment Hotel March 9-16, 2007. I know anything Dubai terms geography prior arrival, location Bur Dubai turned convenient. You walk Bur Dubai souks, Dubai Creek, etc. 20 minutes. It's also street two 24 hour supermarkets, Citibank atm, shopping plaza, 15 minute walk fabulous Burjuman Centre shopping mall. On way mall even stop Starbucks care to. Great Lebanaese, Indian, restaurants within 5 minutes hotel. I dropped laundry dry cleaners directly next quite decent.The staff nice accomodating. Special thanks Satish, housekeeper floor! He gem. The halls immaculate. I would say room could use updating fixtures certainly &quot;new&quot; small sofa room seen far better days. Also truth told, bed super comfortable. The bathroom great, however. But I would definitely stay good reasons I mentioned I got good price online. Also cafe lobby, open 24 hours, convenient place check email (10 dhirams per hour). As review writers said, aware mosque directly across street Azan bright early. But part Dubai experience!",0.2339068100358423,0.5388197644649257,Apr 4 2007
19,19,"Would come back again. This part Ramee Hotel Group. It located al-Rolla Street Bur Dubai. I believe Ramee Guestline Hotel Apartments II. We stayed February 20-25, 2007. We paid $138.00 per night including breakfast room king size bed, sleeper sofa sleeps one small kitchenette. There 4 us room - husband I two children, ages, 6 8. The room big enough us one us slept sofa bed clean. However, I say actually met expectations, high. By US standards, room $138 per night included 2 double beds, fresh towels 4 everyday, coffee pot coffee tea room, bath soap, hand soap, shampoo replaced every 2 days. We got room first thing noticed 1 towel room. This continued happen everyday call receptionist finally request discussion housekeeping manager manager get new towels room. I think bathroom really cleaned whole time staying room - wiped down. The kitchenette dishes dishwashing detergent wash with. There small, front load washing machine dryer first batch laundry took 3 days dry balcony hang clothes. Once toilet paper ran out, replaced housekeeping rang reception desk requested some. The breakfast adequate mixture Indian continental items including hard boiled eggs, type sausages, hash browns, bajias, idli sambar, vadas, fruit, toast, coffee tea upon request, milk, orange apple juices unappetizing cereal. Again, $138 per night, breakfast disappointment. Coffee tea readily available refills discouraged. There 1 toaster constantly race see could get toaster first. The Management could spent dirhams bought one two additional toasters. The management could also hired 1 staff person help breakfast poor guy working kitchen overworked everyone's requests. Again, work could cut guests able make coffee tea. The needs improve management. It three star apartment even classified such. Although staff friendly helpful contacted them, anticipate needs clients differentiates better hotels. The high daily rate, I told cheap Dubai standards justified service.",0.016746352413019066,0.4499034792368125,Mar 9 2007
20,20,"Good Value Good Location This first visit Dubai 7 years, time Dubai become major tourist destination prices gone lot time (the quality well).Normally I would rent private apartment rather room, girlfriend needed visa get needed 'real' could process visa application.Most hotels reach, good read reviews Ramee Hotel Apartments find generally positive. I paid $105 plus taxes per night.I happy stay. The room large, bed. Although number cable channels limited, addition DVD player nice touch budget hotel. The location excellent - middle city main attractions inexpensive cab ride away.A 24 hour supermarket doors useful, fact pizzeria internet cafe lobby hotel.The addition rooftop swimming pool gym another bonus I surprised find budget hotel.The downsides I found kitchen area room scrupulously clean arrived. The bathroom showed war wounds perhaps 10 years since built case rooms.Another problem corridors outside room tiled echoey, thus quite noisy. If light sleeper, I would recommend taking ear-plugs.But minor criticisms. I would definitely recommend can't afford stay Burj al-Arab!",0.283257437007437,0.4663850038850039,Jan 18 2007
21,21,"An unexpected find 85 euro. I ready worst I booked Ramee Apartment Hotels. It turned expected find 85 euro. Ramee run hotels one Al Rolla Street Mankhool Road. I booked booking (Karama Hotel) cancelled due &quot;overbooking&quot;. I little choice. It either take risk (at least) near I wanted stay. I glad I took risk. The room huge. I given twin room attached bath kitchenet. It pointed 85 euro I mentoned single room rate. There singles rooms left I arrived. The twin beds good sized (I 6 foot slept comfortably). Housekeeping good reception staff friendly professional. As Dubai, everyone spoke English. The pizza / italian parlour served room extra charge. Convenient want lazy eat room. The location good too. Its Bur Dubai area, means close creek old city sightseeing old Dubai.It takes 5 8 minutes walk creek (if know way). The therefore quite close creek (although closer hotels creek need live creek door step). In immediate vincinity 3 supermarket like shops, numerous restaurants, laundry next door several large shopping centres 2 minutes fromthe hotel. Drivers may wish note several parking lots nearby mention roadside lots outside almost always empty. For familiar Bur Dubai area, roughly new old Dubai everything far taxi although traffic problem rush hours. Finally, light sleepers late risers please note this. There mosque right across road hotel. This means get wake call every morning dot whether want not. I however light sleeper also early riser anyway pose problem.",0.08469452422577423,0.47317390942390936,Dec 8 2006
22,22,"Dubai Under $150 night! I read reviews little nervous. At last minute wife decided join me, I even nervous would like since discrimnating I am. We pleasantly surpised hotel, neighborhood, ease access city, room. Some rooms saw washing machines, however not. The room GREAT. Very good sized, well laid out. There grocery store 100m away, laundry facility across street. There small shopping center end street found last day there. It delightful wife found great deal pachmina shawls. The draw back I could see floors made tile hallways, noise traveled well. I would suggest ear plugs light sleeper. The staff helpful coaxed. One thing finally figured staff cleans rooms differently, first clean room, 3 4 hours later come towels ect. figured longer ask towels. (That draw back much information.) We ask daily toilet paper. We ended buying couple forks, spoons, bowls, make things easier, mind since getting GREAT deal room!!! All I stay Ramee everytime I go Dubai since I really enjoyed stay!",0.28570987654320984,0.4653086419753085,Sep 19 2006
23,23,"Loved apartments These apartments Bur Dubai well organised, clean immaculately appointed. The staff friendly welcoming nothing much bother. The cleaner arrived every day thorough clean whole apartment. The kitchen well equipped balcony view city lovely.Also good value money, centrally located near Meena bazaar good food shopping readily available.I certainly recommend friends I definitely visit again.",0.3087585034013606,0.501530612244898,Aug 28 2006
24,24,"Lucky Cheap This one cheapest Dubai lucky much else going it. We upgraded Executive Room huge clean, however 3 adults staying managed receive 1 towel. Upon asking extra towels iron received neither. Needless say service extremely poor. The reception much better organise taxi speak English well. Beware lift doors eat you!The location Deria Bur Dubai per location plan I received internet drive around Bur Dubai quite time found side creek pain traffic really bad Deria. Upon finding parking rear, good location going Souks abra stations. It also located close shopping centres good coffee shops. I agree previous review even bother breakfast truely disgusting! Try Mugg &amp; Bean road. There also great Lebanese restaurant across road.",0.04255050505050505,0.5551767676767676,Apr 2 2006
25,25,"Not completely satisfied!!! We stayed rammee apartments week. room spacious clean kitchin facilites useful. Our stay included breakfast, honest really worth getting for!!!! There small pizza diner next reception, cleanest place eat, husband ate dodgy chicken burger first day!!!!! staff helpful approached. However encounter bit dispute last day told would complimentary transfer airport. However staff denied offering mess us bit. But get free ride airport end!!!!",0.1097443409455128,0.4557692307692307,Mar 25 2006
26,26,"Great Valuie Clean We quite know expect budget accomodation Dubai pleasantly surprised Ramee Hotel Apartments.We booked twin studio clean, comfortable better equipped expected microwave, washing machine, TV/Satellite (albeit fairly basic selection channels) DVD player. The thing really missing patio table chairs balcony. The minaret mosque directly opposite room window thanks two sets double glazed patio doors surprisingly unobtrusive. The problem noise able hear doors banging hallway people upstairs dragging chair around - floors ceramic carpeted noises absorbed, course complaints also noisy neighbours solely fault hotelThe biggest thing I like room fact smelled stale cigarette smoke smoking room. Also, pizza joint lobby means there's unpleasant smell cooking present lobby well lift. The reception staff okay - overly courteous overly grumpy either. The porter miserable though - seemed quite miffed wanted carry bags (we hand small luggage). The room attendant seemed pleasant. The airport pick arrived gave us number engaged time. When finally contacted insisted outside waiting us simply case. Other pleasant enough.The location reasonable within easy walking distance Creek, Karama places. Taxis easily hailed street outside, several restaurants close supermarket pharmacy almost next door.On whole happy Ramee budget accomodation would stay again.",0.13934343434343435,0.5483946608946609,Mar 25 2006
27,27,"Nasty service fotos looked ok company website, side street looked pretty grubby outside ince inside clean room clean spacious kitchen washing machine, microwave etc rooms dated adaquete best suited someone sepd much time apart sleeping!!negative points :avoid speaking filipino receptionist, rude hospitablehotel pizza shop within reception ( segregated) hence smells waft floors staff happy jobs shows would stay hotels booked!",0.0766159188034188,0.5995192307692307,Dec 28 2005
28,28,"Ramee frequent traveler. For first visit I expected. In busy part city, plenty do. Side Street location, yet 1/2 block main drag. Can considered quiet place. Great room, clean, real plates, hot plate, microwave washing machine. The front desk helped everything, know I mean. My advise try something else first, second trip try this. Save money alot see do. Check rates periodicly, change lot. I paid 56$ USD ea. night I visited. Remember one thing, Enjoy life never know long have.",0.12893518518518518,0.4773148148148148,Dec 8 2005
29,29,malisimo!!!!!,0.0,0.0,Dec 8 2005
30,30,grottenschlecht,0.0,0.0,Dec 8 2005
31,31,Bellissimo il viaggio bruttissimo e scadente questo,0.0,0.0,May 17 2009
