,Unnamed: 0,Reviews,polarity,subject,Dates_extracted
0,0,"Highly Recommend Hotel After 30 hours travelling Taiwan arrived 6.30am (!) - check time realised 2pm BUT 8.30 - magnificent breakfast -our suite cleaned ready us. Where start:- staff - magnificent - always obliging every member staff,when passing foot golf buggies, would take trouble wish time day. Breakfast superb everything could possibly want - wife loves fruit breakfast pronounced best stayed aspect - we've stayed top class ones believe !! We arranged meet friends Dubai - cars laid requested get Dubai - 40 mins away - great drivers - polite - great cars - one day BMW 7 Series take us golf !! Beach awesome - day one John beach man beds ready us appointed place. Sea calm - beach clean - much building work all. Hotel pricey well worth it. A definite re-visit us.",0.4453958333333333,0.6194999999999999,0.6194999999999999
1,1,"excellent excellent, say. staff, food, rooms,service etc perfect, could enough you.i going back. stayed many 5star hotels world best. great holiday.",0.6444444444444444,0.6166666666666667,Nov 1 2009
2,2,nice second time around got upgraded butler suite bells whisles room didnt have. much construction day night palm projects sea,0.16875,0.39375,Nov 1 2009
3,3,"The best I've ever stayed in!! My wife I stayed first part honeymoon us agree words say staff justice. Think best five star ever stayed in, well Palm Tree Court better. I would problem recommending anyone.The staff could enough you. The food world surroundings fantastic.It little city run free bus city. We also found taxis's reasonable. We charged 70 durims city hotel.We go back Dubai stay again, without doubt.",0.3513888888888889,0.42592592592592593,Oct 1 2009
4,4,"CLOSE TO PERFECTION Stayed Palm Tree Court July 2008 could fail impressed py beautiful surroundings.Around 45 minutes drive centre Dubai Hotel split two residencies Jebil Ali Hotel The Palm Tree Court Spa , latter slightly upmarket side hotel.Upon arrival checked without problems shown Junior Suite furnished high standard . Bathroom especially nice lovely walk shower marble surroundings. Food good I ever stayed , booked half board absolutely complaints breakfast evening meals service exceptional standard.Staff go way ensure needs satisfied , everyone smiling gracious wherever . The beach wonderful relaxing atmosphere comfortable sunbeds dotted around resort staff brought round fruit cocktails complimentary regular basis.Entertainment bars relaxing varied Jazz modern groups depending bars in. A shuttle bus layed day take city various malls free charge. All exceptional place stay dissappointed hotel, staff facilities , certainly hope back future good value money .",0.35663174603174597,0.5624006105006106,Sep 25 2009
5,5,"Great Out Town Hotel We originally booked Jebel Ali upgraded arrival Junior Suite Palm Tree Court, next door. Both Hotel room far superior Jebel Ali closed renovation week left. Food good great people watch sports bar boaty people come marina. The golf course 9 holes interesting/difficult. There cold waters butts every tee necessity. Don't kid playing early help middle summer, temperature I ever want play golf again. The pools excellent many children. We went sand dune safari good fun, meal camp afterwards went bit. Its bit drive fron airport worth get there.",0.32026315789473686,0.5278947368421051,Sep 23 2009
6,6,"Fantastic Hotel Excellent Service What could want !! This 4th holiday Dubai 2nd Palm Tree Court .From moment arrive looked after. We booked free upgrade Inclusive yours, well al I say fab.The Breakfast buffet plenty choice, lunch buffet could eat atthe beach bar choose menu. Evening meal buffet, wanted eat restaurants given allowance. Soft drinks + Ice Cream included day wine,beer even mangers cider included evening meal.The service fantastic , yes staff around eating certainly way, remember 5 star giving 5 star service.Dubai expensive , remember staying 5 star staying 5 star London going cost you.!!!!!! On last visit asked mini bar emptyed filled cans supermarket, much cheaper Â£1 6 cans.The 40 mins airport depending traffic, taxis cheap offers free bus two shopping malls , atlantis water park gold diamond park.Watersports available beach badly priced, hired speedboat 5 us driver cost Â£55 hour half , taken Dubai marina , could see Atlantis Burj al arab. To sum I would say looking relaxing holiday excellent service, brilliant food , lovely location peacefull surroundings book place back third time !!!!!!!!!!!!",0.2688516865079365,0.5486011904761905,Sep 15 2009
7,7,"Lovely expensive. Stayed last two weeks August. We originally booked Jebel Ali Hotel renovated; received upgrade Palm Courts. The rooms lovely spacious lot choice breakfast. Overall, food faultless. There themed night every night La Fontana restaurant, pay set price enjoy variety buffet style foods. (we experienced Mexican night). There however two major problems. The price everything majorly inflated. I'm aware 5 star therefore expensive most, think extend things like cans coke bar meals like burger chips. It impossible get bar meal 2 adults chil less Â£30. One day particularly shocked ordered pineapple juices instead usually apple. It 75 dirhams 3 pineapple juices. around Â£12.50 one coke 12 dirhams (Â£2). If bring alcohol duty free going save much buy cans coke price. We got wise 3rd day started spend time Ibn Butttana Mall. They food court variety different foods third price, also large supermarket bottles coke 4 dirhams (65p). Another fault would service. While attentive oviously trying pleasing, constantly interrupting meal pouring water bottle, taking plates away everyone finished asking everything ok. They constant presence meal. Although, perhaps defence Hotel shut probably missing two thirds usual custom. Room service also annoying. We family really like pestered made feel like rooms clean, occasionally would indicate want room service. To us, means clean tomorrow. To meant keep going back call telephone see clean room. I eventually word receptionist returning visit mall (where left 8pm returned 10pm) find clean it. (we took room service sign thinking safe so). On positive note staff friendly polite everyone pool boy grounds people managers say hello you. The grounds gorgeous get used peacocks lovely too.",0.1826478354978355,0.5049805194805194,Sep 1 2009
8,8,"Palm Tree Court - Almost good reviews We've come back 2 week stay. We booked half board got automatic upgrade &quot;All Yours Inclusive&quot; free - basically free breakfast/lunch/dinner, soft drinks day, ice cream kids day, free draught/bottled beer (Magners/ Kronenbourg/ Amstel / Guinness/Kilkenny/ Heineken name - differs bar/restaurant) wine (from reasonable selection) 6pm 10pm (staff happy point could order much wanted stock cut really wanted too- although hangover heat recommended!).It took 40 mins get Airport bad . We wanted beach holiday, wanted sights would probably stay closer next time, IBN Battuta Mall 20 mins courtesy coach another 15 mins Mall Emirates.The main 3 restaurants bar closed January pools leisure facilities remain open. All booked Jebel moved across PTC, although breakfast bit busy times, never feel crowded, fact quite opposite, number spare sunbeds around pools beach grounds amazing.For lunch could eat Fontana/Sports Cafe/Captains Bar anything menu. For evenings people seemed eat Fontana buffet restaurant different themed night night. Food generally ok got AED160 allowance per person evening meals eat elsewhere, tended eat Sports Cafe Shooters far better, quieter looked upmarket Fontana &quot;big cafe feel&quot;. A bit trek free golf buggy rides available Cafe shuttle bus across Shooters every 30 mins (5 min journey). You still sign meals even AYI - Service charge 10% automaticllay included tipping generally expected leave extra really good left money room, kids club staff caddies. AYI seemed good value one meal alone 4 us including one bottle wine beers came Â£150 PTC rooms spacious. We double double (so 8ft wide), eldest daughter double sofa bed youngest daughter single bed (both permanently), still plenty room. Staff fantastic, always smiling, always willing help good kids.We 8 yr old 10yr old, loved kids club decided eat nights whilst watching film, drag away could get spend time ! (Rest day lived Pool, surprised grown gills!!) The Peaco club appeared used number times would kids 4 staff well truly spoilt attentionSome good activities available - eldest went horse riding (1 hr AED200) . This 121 trek around desert area, thoroughly enjoyed. Banana boat rides free, Scuba club launched got go free, Shooting Club (Pistol shooting (AED 95 25 rounds) - scary good fun, nothing like easy looks tv ! There's small gym, badminton, tennis, table tennis, air hockey, table football, squash. 9 hole golf keen heat. Spa facilities available too.Due youngest getting travel sick, excursions site curtailed. I half day trip see bit city, creek, souks, museums cost AED135 ie less one way taxi fare, bargain Arabian Adventures arranged reception. Also trip Mall supermarket stocks (Geant Battuta Carrefour MoE)Gold souk scary - went look ear rings wife, misread label find first starting price AED24,000 ie Â£4000 !! One way get price look stunned say want something far cheaper ( I really love wife Â£4k... !) cheaper still....the price eventually came Â£1250, whilst I pleased bartering skills decided refer back half first ! (Wife confirmed would never worn price case lost one).Heat - there's lot it. I truly realised hot would be. Within minutes going rooms pretty much drenched sweat, drank lots lots lots water. To honest I spent 90% time shade wife kids ( bottles Factor 50) loved it.Overall - Would go back - YES!!",0.1794474789915967,0.47953641456582635,Aug 23 2009
9,9,"Fulfilled expectations Having visited resort couple times day friends idea could expect. However, satisfied level service received. The suite PTC spacious, side block 6 furthest away main part PTC. This overcome use willingness concierge service provide buggy service Club Joumana whenever requested never ten minute wait. This proved one main attractions 5 year old son. The welcome Club tremendous came welcome departure buffet style Fontana occasions, negating occasional wait seated meals trying appease fussy eating habits youngsters. Thanks Mr V. George team!Overall highly recommended location. Yes, distance real Dubai bit drag courtesy bus going far Mall Emirates, advent metro system compensate foray Souks cards (and recommended true bargains). The price beer steep softened happy hours Captain's Bar sports club - picking duty free collect luggage airport suggested others.Our son wants go back, I hope save enough next couple years again.",0.22396825396825398,0.5086210317460318,Aug 10 2009
10,10,"best holiday ever palm tree perfect.no faults service people friendly.rooms lovely clean.fresh fruit every day.cleaned rooms twice day.turned bed gave bottled water every night.seaview room.burj al arab tea lovely would recommend it.great service, views, lovely food.great experencemust booking get passed barrier.",0.42407407407407405,0.5231481481481483,Aug 2 2009
11,11,"Really Enjoyed It Here We first stayed PTC 2003 decided return tried quite hotels Dubai. The changed much since last visit rooms still excellent nice room size.The PTC quite busy JA Golf resort closed refurbishment guests given rooms PTC. We arrived check around 12 noon fast efficient cold drink supplied Our room number 476 ground floor wonderful patio area sun loungers still great thick, removed stowed away night returned morning The room also welcome fruit pack bottle wine, fruit. Breakfast buffet restaurant good queus speak arrived around 09.00 bit busier then. It different matter night get quite hectic never wait 5 minutes seated, dute Golf resrt shut. The I believe stricter dress policy night buffet restaurant seemed anything goes ( even saw vest tops beach shorts). The buffet excellent choice night different theme, ranging Asian Indian Italian etc. The restaurants lot stricter enforce policy smart casuual attire, Shooters provided us excellent meal.6 us went round clay pistol shooting meal afterwards. An allowance 160 dirhams pp given anyone eating meal buffet brings cost meals down.The poolside quite busy grassed area beach almost deserted,we later discovered Golf resort pool grounds still open sunbeds plentiful area.The rooms well serviced staff evening turn (around 7pm) ice bucket filled well.The new monorail built present extension NO noise coming it, fact peacocks noiser. The price beer par hotels Dubai.The fault location far shuttle bus helps solve problem really anyone complain far homework first.On last day bit glitch, wer getting picked 06.45 went breakfast 06.00 per hotels advertised opening time. The breakfast food ready except omelette chef decided start till 06.30 I wonder boiled eggs made food I would let put way.To sum I would go back tomorrow, loved rooms, enjoyed quitness even ample area grounds fact give excellent value money.For anyone going tip might fly Etihad Abu Dhabi could work cheaper maybe slightly nearer Dubai.",0.24663753941531721,0.5238356448078668,Jul 29 2009
12,12,"Mega!! Whatever I write part review go anyway convey fantastic holiday Palm Tree Court was. However, I shall try segment elements brought together added best holiday experience ever :Service - What team, friendly, concierge, reception team, waiting staff, chefs, life guards, beach staff - even managers!! A special word house boys- guy's stars!Food - steaks, prawns, currys, pasta, salads - prepare seriously impressed!Comfort - huge rooms, loads space, great bathroomsBeach Pool - space space space, comfort, immaculate pools/beach/gardensAqua hut - little sedate... sailing never ready us, I didnt care. A Hobie cat, steady breeze, 32oC water.. well inthe world!Gardens - prepare impressed, impressed - Peacocks everywhere, complete chicks.....The Negative? - 36 UED pint!!Perhaps one weakness I want book 2010 - can't seem find way it!!",0.32460007440476185,0.6101934523809525,Jul 21 2009
13,13,"Absolutely perfect To rate something perfect perhaps gushing sentimental still caught memories great holiday. Not case. We stayed twice now, since previous favorite - Oasis Bach Hotel - demolished. I think long hard find one two minor things chip on. An Ice machine block rooms would great, must rely ice arriving room (which does), maybe wrong time. Er, thats it. The location miles anywhere, thats advantage. You arrive here, need go anywhere else. The Palm Tree Court part Jebel Ali Hotel adjoining, share facilities. The restaurants tremendous frist class food, even buffets. You see thought expertise thats gone grub, massive variety. The rooms VERY big, lovely bathrooms comprising seperate shower, two basins, bidet, even complimentary yellow duck float bath! The grounds beautifully kept fish feeding streams, wooden bridges peacocks roaming freely. There loads space sunbathe, pool, huge grass area towards sea, beach itself. The staff bar none terrific cannot enough help. This well run place tell. We paid â¬1000 four nights Orbitz half board. REAL half board benidorm half board, per night Sterling Â£160 per couple. Thats real value considering place fact one 'Leading Hotels Of The World'. I would stay time time again, try get front row room, sea facing bit extra. Little tip. Alcohol EXPENSIVE. You run easy Â£100 day couple beers day. A pint IS Â£6.00 / $10 US. Stick couple bottle wine suitcase buy bottle Vodka Arrivals Duty Free. Bingo. Drinks room dinner fraction room service would charge. The alcohol thing hotels fault course, expensive anywhere Gulf (when get it). Stay unreservedly, like habitual moaner another universe. Love it, Love it, Love it!",0.17466216216216218,0.6109459459459462,Jul 18 2009
14,14,"Wonderful beachfront setting This part Jebel Ali Hotel resort. A wonderful beachfront setting, slightly marred distant construction work The Palm Jebel Ali.We checked mid-afternoon 06 July 2009 one night, upgraded Royal Jasmine Junior Suite AED 300 (about USD 80), no-brainer considering benefits, included free internet, complimentary bottle wine, breakfast, private lounge, mineral bath massage, plus numerous upgraded room facilities.I phoned day previously confirm requirement twin bedded room assured guaranteed. Once room discovered king bed, housekeeping quickly converted two singles; one drawback double duvet replaced blankets sheets, much dislike. The room spacious, well equipped opened onto private veranda direct beach access. We spent remainder afternoon nearest pool, short walk away. The pool design attractive, dislike shower rinse entering pool.We dined evening Shooterâs, located 4km away Jebel Ali International Shooting Club. The resort complimentary shuttle running every 30 minutes. The steaks excellent, ambience somewhat lacking, service overly attentive chatty.For breakfast took room service â promptly delivered acceptable quality. Check-out efficient. It really pity stay one night; possible get taste resort offer.",0.22500000000000003,0.5070512820512821,Jul 17 2009
15,15,"10/10 location quality service We booked BestatTravel second visit Jebel Ali holidayed Nov' 2008 friends. We decided fly Etihad Manchester Abu Dhabi rather use Emirates - saved money way flight times convenient us. The transfer time actually 5 minutes longer Dubai too. A week holiday advised main would closed due refurbishment placed adjoining Palm Tree Court extra charge. The location room 2nd floor great, spacious sea view. The Jebel Ali Palm still construction experienced noise building works either night day. We booked months prior departure got great offer Full Board B&amp;B. Although couple restaurants closed, tried restaurants enjoyed White Orchid (Thai/Chinese) Fontana, buffet restaurant Shooters shooting range. The food excellent service superb counts. The exchange rate meant drinks costly last time visited, around 36 dirhams beer around Â£7.50 cocktails around price. Here's tip, buy duty free Abu Dhabi Dubai land. A courtesy bus runs 3 tor 3 times day Dubai stopping Ibn Battuta Mall, Mall Emirates Gold Souk. There's also courtesy bus every half hour across shooting range must visit, even drink. Take walk Marina look fantastic boats golf course walk buffet lunch. Apparently Al Boom open dive school marina they've found good wrecks dive - opening 1st August. The water sports centre beach offers canoes, windurfers pedelloes far hot anything strenuous - sand red hot water hotter bath water! Up around 44 degrees days, glad cloud hazy conditions pool guys made sure plenty shade cool towels throughout day - even come round clean sun glasses! Can also recommend open top bus tour around Dubai costs around Â£40 per person allows hop day long. There's also night tour pretty spectacular. All all, fabulous return trip us Jebel Ali I'm sure we'll back, mojito Robin Anish work pool bar - great lads. By way, grounds home beautiful peacocks quite noisy early mornings!",0.2836328976034858,0.5477124183006535,Jul 16 2009
16,16,"Fantastic Place - Fantastic People - Travco - USELESS!!! This first visit Jebel Ali partner's second. The staff could enough us. We upgraded half-board full board room upgrade. They left champagne flowers room birthday. Everyone could enough make stay better. We want leave cannot wait return. The negative side rep Travco! Do use rep always late, said book trip expensive, incorrect cost us more. The driver took us Burj Al Arab half hour late speak once. Would never use useless. All all, cannot wait return place made extra special special people work - Thank Jebel Ali",0.0225480248917749,0.46785714285714275,Jul 6 2009
17,17,"Not bad This 2nd trip Palm Tree, still 1st class resort I noticed areas getting little dated, construction really increased across water eventually spoil lovely beach view. The weather awful help matters. Food wonderful, rooms still large although getting little dated, staff professional helpful. Sun beds really bad shape although covered towels can't tell.There really lot Dubai unless like shopping resort good simply relaxing sun bathing unless course weather bad anything do. Might quite 5* still good 4*. We went inclusive I would strongly recommend quiet expensive.I would probably return number years.",0.0953835978835979,0.5256084656084655,Jul 6 2009
18,18,"Palm tree spa I got wonderfull massage became mad tenderness boys it.If ever chance, miss it.",-0.625,1.0,Jun 23 2009
19,19,"Excellent always This third time stayed Jebel Ali Resort, first ten years ago stayed Jebel Ali Hotel, stayed Palm Tree Court last August last month. Although resort little away main attractions facilites make this. If looking relaxing holiday beach great you. The staff always friendly obliging, nothing much. The restaurants fantastic also, two buffet restaurants ideal families children, amazing Chinese/Thai restaurant also steakhouse Italian.The suites generous size large bathrooms walk shower. The pool/beach area grounds kept immaculate would hesitate come back yet again.",0.2961640211640212,0.45158730158730165,Jun 5 2009
20,20,"Superb attention detail We booked last minute 2 night stay family, consisting 2 1/2 year old 16 year old. We chose 2 seafacing Junior Suites BB.On arrival bags taken car suitably stacked ready golf cart take us room checked in. The car park small busy valet parking available. The reception area light spacious checking breeze remained seated served fruit juices cold towels welcome. We produce ID check (I think Dubai cautious regarding laws). We taken quick ride room, passing many peacocks along way. My criticism given top floor room, little one really suitable I would suggest anyone stays little ones stresses ground first floor room booking stairs steep slippery. We ask move nothing available stay.Apart that, rooms large comfortable. The main bed huge, I think divides twin beds, sofa bed excellent. The bathroom spacious bath shower room right toiletries. The balcony table two chairs great views Palm Jebel Ali construction, beach towels room. Tea/coffee facilities also available along range glassware. We also treated chocolate dates, fruit bowl bottle wine (they gave us Red changed white) rooms. It part package possibly apology complaint.Anyway, resort excellent. Friendly staff, clean beaches, good facilities, range restaurants bars. The buffet style breakfast excellent pork products available well everything else could desire breakfast. The pools beaches lifeguards, I would suggest anyone stays tries watersport facilities. My husband use sail given quick refresher took small boat bay. The seaplanes also worth booking would like aerial view Dubai, great treat. There childrens club older children well. Sunbeds plentiful umbrellas. The man dishing ice cold face towels around pool welcome day! We tried beach restaurant nearest Palm Tree Court (can't remember name) service slow. However, I could highly recommend 'Shooters restaurant' firing range. A mini bus provided guests make reservations pick main (Jebel Ali resort). Food service excellent. The menu I thought limited standard portions faultless. Alcohol pricey thing. A pint beer 35 dhs. Bottled beer little bit cheaper much.Overall excellent experience would highly recommend hotel. Dont put construction around hear anything, could see vehichles distance looked bay. Central Dubai 15 mins away car feel isolated either, easy get to.",0.2967413236481034,0.5739063761097659,Jun 3 2009
21,21,"If children 5 parents paradise We returned recommended. It lived expectations more. Having stayed several 5 star hotels around world truly great experience. The helpful ready please attitude starts moment enter complex. True service smile. The food every restaurant fab, Their &quot;Signatures&quot; restaurant expensive allow children 12 worth money. Slow service small portions really let down. So bother dine &quot;White orchid&quot; sumptuous meal &quot;lA tRIVIATTA&quot; Where children welcomed anti pasti must.The rooms large cleaned high standard.The beach tropical get dubai, Palm Trees shallow water due Palm young children safe life guards constantly patrolling.As Peaco kids club, meant could time pool without children candlelit dinner two relaxed knowledge well looked after, safe entertained. The staff knew children well what's free!All vacation taste holidays kids. Relaxing!Kate, Essex",0.1190998677248677,0.42407473544973556,Apr 13 2009
22,22,"Oh dear....... I thought........................ but...... ........ !st impressions always spot on.We needed get away weather UK week recharge batteries running empty. We normally go &quot;west&quot; carribean, could find flight Â£600. I spotted flight local airport Â£262 , researched Dubai alternative, using tripadvisor course. Choose Hotel based reviews + percieved value, glad did!Had bit glitch trying e-mail late arrival, sorted,plain sailing on. From arranging transfers friendly reception hotel, perfect.Now, I course read dreaded building noise, waking I opened french doors room I could hear distant rumble, heart sank..........but I realised I could hear far clearly birdsong,and water noises babbling brooks, See wonderful laid gardens lovely beach.I honestly say I issue constuction works all.Now facility, upgraded , twice, without asking. If want quiet resort away hustle bustle downtown, get. Rooms,suites, perfect, bathrooms glorious, setiing idylic. But saying that, What makes five star ,special?I believe talking others indeed much luxurious hotels Dubai.The &quot;5 star&quot; trip attitude many staff. I hotelier profession. The people served family very, good. They happy work, manifested uncontrived &quot;joy&quot; demeanour. Sounds daft, biggest difference us trip.Must also mention &quot;white Orchid&quot;. Superb! Tapenyaki must, arrigato Chef, great! A bonus girls family, certain Premiership club midlands play claret 'n' blue residence too! Never seen eyes wide open!Enjoy!",0.36497142857142856,0.6027238095238094,Mar 12 2009
23,23,Great Xmas 2008! Wonderful Xmas New Year here. Lovely location. Excellent accommodation service.Great choice restaurants bars etc.Perfect want golf 'on site'We back!,0.6060606060606061,0.6590909090909091,Jan 20 2009
24,24,"Wicked Resort!! What I say, resort amazing!! My cousin (20) (24) stayed garden junior suite October. We couldnt believe anyone could bad word say place, immaculate. The rooms huge beautiful drab dated, bathroom pure luxury walk shower, huge bath tub sinks. But cares rooms 40 degree sunshine massive white sandy beach three lovely pools choose from, never struggle find sun bed!! Loved restaurants especially Clippers Bar? beach! Superb food reasonable prices hotel! The Staff cant enough you, pure bliss!Dont worry construction going across water cant hear might slight rumble noise distance, minimal!! Very peaceful resort.Taxis cheap easy get hold of. Most things visit 20-30 min drive away.We love much, booked go month!! Cant wait!",0.30235367063492063,0.6505555555555554,Jan 11 2009
25,25,"Building work round As reviews great, building work round real turn off. From front sea view room building sea, looks like raised dual carriage way. When itâs finished traffic noise bad. To left building rooms flatsDuring stay Christmas work continued 24 hours day. Its pleasant sitting balcony outside hear beep, beep, beep reversing horns digger spewing diesel fumes. Thatâs playing radio full volume.Our travel company âif onlyâ sent letter one month went ( time change plans) advising building work, gave half story. They tell us work front hotel. They said work would reduced Christmas, never ending.It pity wonderful, spoiled new buildings.",0.07050189393939396,0.48622159090909084,Jan 11 2009
26,26,Great stay Fantastic service moment arrived day left. Very friendly staff cannot enough - real &quot;can do&quot; attitude prevails throughout resort. The setting great - close enough reach attractions Dubai yet far enough away make feel away all. Cannot recomend highly enough.,0.2534090909090909,0.5772727272727273,Jan 5 2009
27,27,"Lush Dubai developing breath taking exciting pace. The City Scape like sceen 2009 remake 'Blade Runner'. The single goal seems develop tallest luxurious block......it bit overwhelming !Just 15 mins away ongoing development Lush &amp; Peacful Oasis The Jebel Ali resort. Think acres acres beach front filled trees, streams, lawns, marina, golf course perfectly maincured. You could Mauritius......and even fleet seaplanes!Put 5* middle this, obviously run people know 5* service means perfect combination.........an Oasis edge one World's exciting cities.Highlights stay.......having caught half-day fishing trip cooked dinner, Golf Course, absolutley amazing New Years Party.......snoozing lawns building noise !",0.38275162337662344,0.6355519480519481,Jan 5 2009
28,28,"Beautiful Resort Hotel away City We 3 night 'mini-break' Palm Tree Court Hotel late November.The whole experience positive. Lovely room, friendly service, well manicured grounds beautiful swimming pools spa.Whilst PTC quite away City (20 minute cab drive) built within Resort, beach look fairly expansive building site half mile across sea honest pretty noisy doesnt make particularly attractive view. However I would say want peaceful, get away beach holiday, Dubai would obvious place go anyway (where ever stayed).",0.38691919191919194,0.7283838383838384,Dec 4 2008
29,29,"Great family holiday We spent relaxed week Palm Tree Court 2 children. The rooms spacious, service extremely good grounds attractive, fish filled streams buildings extensive grass lawns front beach. One highlights children watching film one evening blow beds pool (9 lifeguards 20 children). The camel gave rides someone make sure messes left behind. The construction palm offshore detract holiday. There variety restaurants Jebel Ali Palm Tree Court, Sports Cafe better drink, The Shooters Club worth taking minibus good steak. The great weather, private beach large site mean need leave whole family enjoy relaxed holiday.",0.30508928571428573,0.5106646825396826,Nov 2 2008
30,30,"Great chilled week We stayed suite half board Ramadan 5 nights. Guests Jebel Ali Palm Tree Court use facilities (not sure buffet restaurant though). We found beach garden area directly beside Palm Court much quieter close pools. We prefer sea swimming pools anyway. Beach lovely clean huge, sand raked every morning sand soft shells.The directly overlooking Palm see trucks general activity Palm little noise disturbed all.Our room spacious, bed must 7 foot wide bathroom lovely walk-in shower, elemis toiletries wonderful bathrobes. Mini bar prices comparable bars high - I would definitely make stop duty free landing. We tried buffet restaurants hotels absolutely fine. We also ate Sports cafe prices quite reasonable half board credit easily covers price meal there.Having stayed Mina Salam Madinat numerous times I would suggest 5 star Palm Tree Court. While grounds gardens immaculate, sports facilities gym changing rooms looked bit tired really need upgrading. The golf course lovely rates quite reasonable. The grounds beautiful romantic night little dark I would preferred bit light. All I would definitely go back I got another good deal I pay hotels directly main Jumeirah stretch Mina Salam Mina Seyahi . If go expecting little less e.g. Mina Salam terms ambience luxury happy holiday.",0.1805916666666667,0.522511111111111,Oct 8 2008
31,31,Feeling Hot Dubai We stayed eight nights. The room clean spacious bathroom large. We given small bottles complimentary water per person evening sometimes also day. There three pools choose pool attendants extremely friendly. There always lifeguards duty pools beach cold flannels handed poolside cool down. We stayed half board basis found food restaurant staff good standard friendly. Our six year old went Peco club (kids club) really enjoyed it. Sometimes - due us traveling Summer - kids club empty ladies interacting her. She also made friends children would speak bumped around resort. There daily camel rides available (free) Henna extra charge. There lots fishponds waterfalls adults children feeding spotting odd Terrapin. The grounds well kept approximately forty minutes away The Mall Emirates shopping mall. The ran free shuttle mall malls Wild Wadi water park. There building works seen distance (across sea) could hardly hear noise. This ideal people wish away continual building works currently Dubai.,0.11826322751322751,0.49102645502645514,Sep 7 2008
32,32,"Dubai experience looking recharge batteries place. The lovely grounds pretty little bridges small streams teaming fish leap surface hoping feed bread taken breakfast. Our room large looked white beach warm china blue sea. In distance could see building work hear faint rumble lorriesthat work 24/7, fair didnt soil holiday. We two lovely meals White Orchid rest themed buffets La Fontana. We arrived Friday Monday I suffering upset stomach rest tried treat myself. This spoilt couldnt enjoy trips booked. We went Bateaux cruise, lovely views food couldnt eat thing, wish given us comentary went creek, given map sites look difficult spot them. Well worth trip feel well. My husband played golf , hired clubs date calloways ? get buggy need help cool come round half way cold towels water welcome. The weather lovely hot 45 degrees 32 night soon get use it. Travelled virgin think twice next time. Night time flights never good coming home technical fault cant helped however making us sit plane three hour air con one small cup water laughing matter abrupt staff patience, might try Emirates next time .Visited Mina al salam near Burj al arab fantastic might check one next time. Palm tree court nice really enjoyed would recommend watch eat.",0.11920855379188712,0.5395282186948853,Sep 6 2008
33,33,"Beautiful place noise!! reading much noise Dubai, The Palm Tree Court Jebel Ali resort recommended us.It beautiful, room superb, lovely views glad first floor, view great looking gardens beach.It 45 degrees humidity high probably quiet, suited us completely.The staff friendly,restuarants lovely plenty choice,Recommend Bateuax Dubai evening dinner cruise 45 mins back Dubai Dubai creek, superb evening lovely food real difference!The sea hot, mean hot, strange heat beach incredible compared round pool.You could see building work going across sea, haze lifted,to Palm Tree island noise gentle drone really certainly taint holiday whatsoever!! lovely drinks fruit freezing cold towels brought throughout day, lovely! would go back would definitely recommend prefer town.",0.3077523041474654,0.620083717357911,Aug 4 2008
34,34,"Great Stay Palm Tree Court I recently stayed Palm Tree Court friend. Our room great, really big, sea view, lovely balcony, could update. Having visited 3 years ago rooms seem refurbished. We arrived around 0900 room ready us straight away fab. The gardens lovely, pools beach spotlessly clean spa well worth visit. Every evening took horses stables sea cool down, lovely sight sit watch whilst sun setting glass wine! We ate once, White Orchid restaurant. The food good restaurant lacked atmosphere. Every night took taxi various restaurants bars around Dubai. Taxi's cheap, well worth going exploring Dubai offer. Neither us noticed building work going close Palm Tree Court - discrete, barely noise all. We would return Palm Tree Court locaton great.",0.2961352657004831,0.48538647342995167,Jul 28 2008
35,35,"*What place* Where I start (first thing mention lack customer service travel agent England incompetence agent 'Sir I managed get 10 nights HB I went extra mile you' oh yeah did!! extra Â£60 Â£1000 total , half way holiday foud charged half board - lucky I checked!!! anyway sorted end albeit bit tussle agent!!.....Apart holiday resort brilliant, service room (junior suite) staff, beach excellent excellent service beach pool attendance, wine good to. I recommend anyone, choice eat including lunch beach bars.....my partner I mid 20's I recommend couples like perhaps remove fast pace city hotels...we love party holiday relaxation Palm Tree court offer massive way...!!!!!! Would def go back!",0.30423177083333336,0.515625,Jun 25 2008
36,36,"Still Fantastic Hotel We stayed Jebel Ali Palm Tree Court 9th June 2008 1 week, 5th time.Ok main looks bit tired, Palm Tree Court lives reputation offering quality rooms great location.We stayed Royal Jasmine Suite butler service, seems, guys hand book reservations you, running require fantastic set people, pleasent , helpful, need them.The food great plentiful much could eat, albeit another post stated give enough quality found totally incorrect.The restaraunts bars good good friendly staff cannot enough.The Palm Tree Court great place relax enjoy well looked",0.38154761904761914,0.6238095238095239,Jun 15 2008
37,37,Holiday 24 Hour Day Construction Zone When arrived seafront room available offered us free buffetstyle dinner apology stayed one non seaside rooms. Can happen. The next night moved seaside construction zone. Right across resort buildig Jeleb Ali Palm island goes night long......all night long. You go bed wake sounds construction trucks sirens. Holiday bliss.....? The hotel's response people bothered mention website. So mind construction noise night long feeling idiot knowing Dubai construction next 5 years Palm Tree Court place be. Funny next palce stayed Dubai oasis luxury lack construction noise,-0.01642857142857143,0.43357142857142855,Jun 15 2008
38,38,"A wonderful stay This wonderful hotel. Compared main Jebel Ali Hotel facilties rooms well par. The staff first class attentive I arrived throughout stay, I felt I superstar travelling England I always stay hotel.",0.4694444444444444,0.6111111111111112,May 28 2008
39,39,"Amazing As teenager went parents I say one amazing experiences life (the whole 17 years it).When arrived met pleasent staff welcomed us friendly manner made us feel truly comfortable, offered complementary fruit drink gorgeous! Originally booked bed breakfast share one room us however full time upgraded half board I given seperate room great us.We took rooms buggy arrived spotless rooms biggest beds I ever seen, lots storage space lovely bathrooms... essential girls beauty routine.We recieved complementary fruit bowl pleasent. The first evening went white orchid fruit nice, however buffet next night continued dine quality good different selection every night.There range activites take part staying resort especially watersports. All staff extremly engouraging even I attempted water skiing failed miserably kept humour ended giving free ride speed boat instead :)The staff also helpful types day trips avaliable gave plenty information them. We went wild wadi water park lots fun, dinner cruise posh! The shopping malls close never I seen fair ground ride shopping centre before. I treated spa session last day never massage feeling quite embrassed lovely. The steam, sauna jacuzzi room private, staff made feel comfortable relaxed provided free drink fruit salad type kebab. I would recommend resort groups young people looking party simply cater you.People like heat boiling hot- I loved.I would definitly recommend families, honeymoons, couple holidays, sophisticated young girl groups, elderly. I hope helped thinking taking teenagers you.",0.247008547008547,0.5849053724053724,May 24 2008
40,40,"Perfect resort tastes! What makes special attention detail. From arrival, invited relax spacious reception lounge, greeted cool drink checked charming receptionist took us buggy sutie.Suites small two storey units dotted around fabulous gardens. This gives feeling space privacy. We fortunate enough upper floor view hotelâs perfectly manicured lawns beach.Palm Tree Court every facility amenity could wish nothing much trouble always obliging staff. From booking restaurants, sightseeing trips, taxis, shopping comprehensive business services. You want sports â itâs here. Stables, marina, tennis, golf even seaplanes. We two days obvious kidsâ club highly effective. Palm Tree court facilities forms part larger complex successfully integrates Jebel Ali Hotel next door. The food service varied themed bars restaurants traverse 2 residences first class offer exceptional quality variety. From formal French traditional Italian steak bars Asian cuisine, food suit tastes.You feel little bit peaceful heaven yet 20 minute drive free shuttle bus bustle Dubaiâs famous shopping malls.At suggestion concierge visited Jumana Desert Spectacular Show Bateau Dubai, dinner cruise Dubai Creek. Both evening dinner excursions missed represented fantastic value. The pool area grassy lawns provided choice space sunbathers attentive staff serving drinks snacks hand. The beach spotlessly clean well looked after. Finally, must give praise Spa. Having stayed many 5 star resorts around world wellbeing facility Palm Tree Court far best experienced. Palm Tree Court goes extra mile provide perfect resort tastes.",0.30132440476190475,0.6138690476190476,Apr 30 2008
41,41,"Didnt leave week! Having read reviews done research decided book sea facing junior suite which, building work shoreline opposite taking place, I wouldnt again. The noise minimal day louder night although dont' hear much rooms. Don't let put off, minimal. Worth though asking ground floor room walk straight onto sunbeds.Our room immaculate kept way week staff.The hotel, staff, food etc great. Lots smiling faces brilliant one night see kids little boats pool watching film big screen. Popcorn served . Fancy going back school telling kids! When adults version please.Fontana great, lots variety foods, friendly efficient staff. The belly dancing night certainly worth going Janapease Teppanyaki table one best to. We booked half board felt well worth price.We wanted get Dubai centre feel need rush around shopping etc reason fits bill perfectly. We Dubai many times before. Every day go different areas beaches pools enjoy whole experience. Huge chess set one gardens table tennis good water sports centre.",0.3065833333333334,0.44166666666666665,Apr 15 2008
42,42,"Mixed feelings I understand got 5 * classification member Leading Hotels World group.It's bad - please get wrong offered cheap 1 week rate would happily stay again.The problem compared 5 star hotels Dubai worldwide, add up.The good things many - rooms spacious, large beds, good large bathrooms, lots closet space. There wonderful big beach lots loungers although plenty guests - deserted peaceful.The series low rise buildings - 3 stories accomodation. Great balconies quiet.Even building set back sea (the cheaper ones) good sun look pleasent enough.We really enjoyed feeling peace quiet.One small bit bad news news Jebel Ali palm built off-shore spoils atmosphere. We stayed Palm Tree wanted get away noise well.No worries score really half expected it. The new overlooked spoils big beach / quiet feeling.The bad news food poor, compared Dubai hotels. We've stayed 3 others worst.The outside restaurant unhelpful staff poor quality food unpleasent atmosphere. The buffet same. At one buffett keep asking server food allowing small amounts guest. We ones unhappy heard complaints night.The maitre-d staff brilliant I wonder problem food supply/quality unwilliing provide quality food guests.The Jasmine lounge bit joke. Very small. No atmosphere.To top things I dispute final bill took hour sort out.I'm pretty sad this. I wanted great measure others Dubai.",0.083401424963925,0.546597673160173,Mar 30 2008
43,43,"5 star service quite resort outside Dubai centre We extremely pleased week holiday Dubai Palm Tree Court.We booked Expedia got really good deal flying Emirates, transfers getting upgrade half board too.Our room part sea view, enough get beach feeling, ground floor plenty quiet enough (I 27 wks pregnant time found resort perfect me). The bed massive! And nicely decorated spacious bathroom bathrobes/slippers.The food really good ALL restaurants - staff could enough help. We especially liked White Orchid.The free shuttle runs Jebel Ali side town cheap easy get taxi. Even taxi back Jumeirah area day 70 dirham around Â£10.There lot building Dubai itself, amazing place much - must go expecting that. The sea also bit cool swimming January! We said would definitely go back see - could go youngsters, family retired suits all.Dont go expecting gamble though illegal UAE... also want pre dinner drinks suggest buy Duty free costly there.",0.26205357142857144,0.5619047619047619,Feb 15 2008
44,44,"Pure Luxury This best I stayed world. From moment arrival greeted cool drink sat reception area waited shortly member reception check us in. We driven golf buggy (these take around resort) beautiful rooms. We travelled 2 small children interconnecting suite next ours. The rooms spotless bathrooms world Elemis products !The kids club best kids club organised activities great, children loved kids club great get respite 38 degree sun. The childrens club even provided evening entertainment, included pirate beach parties food drinks.Restaurants fantastic - used all, except steak restaurant football academy, never ventured far.Pool area always quiet even though half term, pool attendants regularly clean shades offer cooling face spray cold flannel need them.The beach stunning, well looked after. You could hear noise Jebel Ali palm faint distance.Staff friendliest happiest I ever seen hotel.Its great location 20 mins drive Dubai centre, hum drum busy building works Dubai, still near enough jump cab go shopping sightseeing.Wild Wadi Water park must Lunch The Burj - must booked well advance.I loved I loved Dubai. I never hot life.",0.3038832199546485,0.5835317460317462,Jan 21 2008
45,45,"Excellent Stayed Palm Tree Court 2 weeks, end November/beginning December.We chose fair bit research taking board comments website. Primarily large rooms could accomodate 2 adults 2 kids offered kids club. We also wanted plenty space around pool beach areas.The clean, well serviced attended staff pay close attention detail. The standard restaurants good. The main restaurant La Fontana breakfast served buffet evening meal. The choice cases excellent. We eat lunch beach bar, dinner Italian restaurant, Shooters (steak house) Sports bar. In cases standard good, service excellent reasonable value money. We also ate Signatures birthday, kids allowed, hired babysitter kids club cost Â£5 per hour. We also eat main restaurant 8th floor Jebel Ali, buffet thought choice poor enjoy it.Alcohol quite expensive - particularly wine - expect pay Â£25-30 bottle Pinot would buy UK supermarket Â£6. Beer Â£4.50 pint. We overcame buying load wine Dubai duty free landed, I think good tip. Our kids went kids club twice, fed kids spoke English.... French Russians there.....We hired car driver concierge charged 80 dirhams hour, told cost us Â£90 full day. He waited wherever went , took main sites found option preferable open top bus two kids. We also dessert dune bashing Alpha Tours, booked Virgin rep I say driver brillian. I really nervous suitability kids (aged 5 7) adamant safe. In actual fact enjoyed adults kept asking drive faster make bumps!All brillian trip, would definately recommend certainly warrants 5 stars. If anyone would like email questions please feel free",0.28011011904761907,0.5332083333333334,Dec 16 2007
46,46,"Our Dubai relaxation Lovely place, good food reasonably priced. Staff concierge nice useless. Good watersports, overall fair value money.",0.36250000000000004,0.58125,Dec 7 2007
47,47,Loved hotel...would def go back!! Absolutely stunning hotel!! Had Dubai wanted see jebel Ali area decided stay Jebel Ali time. Was disappointed although worried airport built spoil ambiance hotel. Spa amazing breakfasts lovely!The pool beautiful although crowded ventured onto beach took advantage views Palm.Vastly underrated hotel...am travel trade would def recommend clients future quieter city hotel.,0.47232142857142856,0.6535714285714285,Oct 26 2007
48,48,"one best Hi Currently burj al arab wonderfull 11 days stay Palm court jebel ali Arrived: 23/09/2007 9AM Left: 04/10/2007 1pm Room asked: Palm court Jasmine junior suite non smoking lower floor 2 adults 1 child â 5 years old Arriving early room ready check lady offered us room upgrade full suite Price 500dirham per night - accepted son could room Rooms: perfect asked â full front see viewOwn lawn two tables 6 seats 4 long wooden sofas 20m lawn cross directly beach Both rooms 32+inches lcd DVD players choices channels seemed good used iPod connect AV Quality signal cable channels perfect noise seen screen .Each room minibar Complimentary choices teas coffeesâ plus three bottles water day Air co silent full power â needed minutes speed turning rooms xxl fridge, could even turn night 30+CGood sound proof Nice feature: bed head Do disturb button â paper flowing away Both bathrooms : well sized pretty nice elemis products restocked every days even sometimes twice dayPools : nice safe always two lifeguard duty , clean Restaurant : La Fontana: superb buffet fresh changing every days little bit noise full, never complain something.The shooters restaurant: food good service standard, friendly easy understand us , I think English bad tried The white orchid : WOW incredible, eat regular restaurant tepaniaki one â need book least one day advance , Chef mister Ajiro cook front prepare dishes like true Samurai The Signatures â Ok nice friendly good food signature restaurant, soft prices Tried Anchor bar front beach , fresh nice salads, oriental grilled food well served perfectly cooked , Didnât tried restaurant Hotel staff :ALL standard friendly approach behaviour, none expecting tip Some peoples complains -Location = ok true far everything unless unable read travel brochure travel agency stupid know , far away means also noises, cranes except far far away ( sorry shrek ) land palm construction -Prices =o Islamic country yes alcohol expensive 7 euro beer less ok; wine truly expensive ; oothers drinks cheap kind hotels please forget third world country 3 euro soft drink expensive oFood high quality low cost full tepaniaki lobster meal 80â¬ per person ; regular food price around 30-40 â¬ per person 3 course dinner 5 star inclusive âresortâ If anyone would like infoâs pictures, excursions, spa, shooting club, please feel free mail eric@trp.be Hope help people decide wise way Resume 4 days stay Burj follow ( currently typing review room laptop â aargl qwerty â Arabic keyboard -) sorry azawzazqa typing faults Your faithfully Eric",0.22939138576779033,0.5726462114664362,Oct 4 2007
49,49,"Beautiful retreat away hustle Dubai We returned 5 day stay hotel. This first time 2 12 year old children Dubai, lookikng would give boys freedom, safe environment. This certainly ticked boxes us.The suites ideal families booking one room lobby area separate door outside 2 rooms closed opened room keys 2 rooms inside, meant could leave room doors open always instant access rooms. Even room doors ajar soundproofing excellent, never head peep children next door.The beach pool areas well kept abundance life guards, pool attendants waiters available. The swim bar main pool open til late evening, making swimming dark real pleasure.The staff knew name within hours arrival, friendliness helpfulness outstanding.We eat restautants much. However breakfast excellent, selection please all. The one room service meal good, excellent value delivered promptly. We also ate Sports Bar one night, good menu, reasonably price, benefit able get buggy take back.We reservations regarding far town worried. We hire car found shopping malls attractions took longer get hotels town, approach different direction avoid getting caught traffic!If looking good balance peace &amp; relaxation easy access town really good compromise. We'd go back heartbeat.",0.3160912698412698,0.5552248677248677,Sep 2 2007
50,50,"Beautifully Divine! We returned I cannot praise enough! It first time we've stayed away Jumeriah city, we'd combined trip Hong Kong, main aim Dubai relax!We stayed Royal Jasmine Junior Suite world! We collected airport taken straight (about 45 minute drive around 6am). Upon arrival informed room ready offered complimentary breakfast Signatures restaurant (yummy!). We decided rather sit around waiting 1pm, would go town shopping!The courtesy bus service goes several malls, went Mall Emirates (has seen believed!!) got cab gold souk (be prepared haggle!). We got taxis several malls evening got bus back.Our luggage already taken room us personal butler waiting show us around room inform us facilities available us. The room well worth upgrade. We second floor directly overlooking sea. The bed 7 foot wide (!) given welcome gift fresh fruit, dates bottle wine. The bathroom every girls dream! (well, I think anyway!!!) His sinks, Elmis goodies, huge bathtub separate walk-in shower. The goodies replenished twice day (even cases yet finished using already there!). The rooms cleaned high standard (I'm bit picky cleanliness lol) evenings turndown service. The bed incredibly comfortable even pillow menu! The feather ones absolutely fantastic! Staying room also provided facilities. There access free DVD rentals one complimentary half hour massage spa (which upgraded wish I'd definately reccomend treatments great). We also got use private lounge Royal Jasmine guests. This included complimentary tea, coffee, soft drinks swandwiches day cocktails evening. There also separate computer internet access. This great place relax intense midday heat.As half board breakfast could either La Fontana (main restaurant) Signatures (for Royal Jasmine guests). The breakfasts La Fontana really good assortment food. Dinner could either chose go another restaurant resort, half board creit transferred simply paid difference. We ate mainly La Fontana (the buffets varied delicious!) also tried asian food one (think called White Orchid?!) nice.Would also reccomend going Bateaux Dubai (the hotel's dinner cruise). The boat beautiful glass around get fantastic 4 course meal elegant surroundings whilst gently cruising creak evening.The staff outstanding. They address name time go past ask everything ok. I know common amongst hotels Dubai I think service recieve Dubai second none.All beautiful hotel, set amazing grounds. The peacoks add elegance needless say beach gorgeous. The beach attendants even come clean sunglasses! The beach always quieter main pool areas never problem getting sun lounger beach.I could go hotel,but I ! I would definately suggest place go Dubai looking relaxing experience (perhaps already visited necessarily looking touristy things). Am already planning return trip Dubai!",0.2619723023504273,0.5214568986568987,Aug 26 2007
51,51,"Just best location!!! Well, I say. We returned Palm Tree Court fantastic time. I little apprehensive location main part Dubai moment building going opinion far best location stay in. By comparison similar standard properties centally located great price taxi appros 65 dirams way (approx Â£7.00) oasis calm tranquility. The beach superb, long wide white powdery sand accessed crossing expanse soft grass littered palm trees. The pools glorious restaurants superb excellent value money. At moment free half board offer well!I cannot say enough staff either, polite helpfull. This goes guy beach comes round clean sunglasses give cold flannel cool bag room attendant leaves little gift every night bed even lays clean cover mat bed dont put feet mat someone else stepped on. Unbelievable! would go back heartbeat.The resort quite spread paths dotted waterfalls golf carts drive around wish. The longest wait 1 5 minutes. All facilities interchangeable Jebel Ali Hotel (exceopt breakfast I think) believe want stay put except perhaps try restaurants Jebel Ali.The rooms huge bathrooms balconies. When I go next time I request ground floor step straight onto garden area straight onto grass leads beach.I could go want details please drop e mail.",0.24016203703703706,0.5666666666666665,Aug 19 2007
52,52,Palm Tree Court - good experience If want beach holiday chill excellent service place go. We sea front room ground floor exactly I asked keep climbing stairs opened onto garden right front beach.When I said chill I talking weather 40+ although cant sit long walking around great problem day.The shuttles various malls well organised although visit Gold Diamond market long wait return pick I would serious trouble bank manager got taxi back. I think 12 dirhams.Food service good found La Fontana good quality considering buffett style normally avoid like plague. We ate White Orchid one night teppanyaki. Because allowance get 140dirhams food cost another 20 dirhams superb Chef quite happy design food request within reason i.e I like Salmon offered Red Snapper Grouper.We free half board offer course made lot difference final bill.The complaint I prices Clipper bar I christened clip joint. 100 dirhams double brandy nothing like double measure home downside great break,0.2327640941434045,0.5419978106185003,Jul 31 2007
53,53,"What Oasis Desert near sea I travelling Dubai 6 years wife goes twice per year holidays.The last 2 years stayed Jumeriah Beech Hotel, booking year travel agent recomended Palm tree court spa Jebil Ali, stayed maintained excellant resort.We bit hesitant regading distance ofset perfect surroundings oasis ocean. The first class staff friendly efficient, food good get anywhere Dubai.The room attendant Dilsham looked block 2 got bed went bed assist anything required made stay relaxing hand 24/7, thanks attendance excellant customer skills 9 years job still totally ball.You could go Restraunt staff different parts hotel, one let time stay.I read negative reviews prior holiday find difficult understand could complain negative way review 1, perhaps would maybe 1 2 issues help others negative others positive, well done staff management Palm Tree Court well deserved.I 5 different hotels round quality deserve 5 5.Do let distance put New toll roads make difference started 1/7 works well. We returning near future hopefully many years come Jebil Ali Airport opens soon.",0.12502151141040033,0.46051440329218113,Jul 10 2007
54,54,"Exceeded expectations Just returned memorable stay Palm Tree Court Dubai cannot speak highly enough it. Beautiful food eaten hotel's many restaurants high standard. The suite gigantic spotless serviced twice day. Complimentary bottles water, tray fruit toiletries daily added luxury. Our suite ground floor facing sea without doubt best one. The staff many continents extremely friendly willing make stay eventful. Especially guy beach cleaned sunglasses. The side extreme heat, late 30's, I return would March time recommended locals.",0.21680246913580248,0.5703271604938271,Jun 18 2007
55,55,"Excellent Resort stayed 05/06/07 till 12/06/07 sea front suite block 2. Rooms good excellent size great travelling 22 month old. The rooms perhaps little dated decor now, thats minor point, everything spotlessly cleaned day.We half board deal gave buffet La Fontana night 140dhs towards cost food outlets apart sports cafe. The buffet good La Fontana, good selection tastes.We used 140dhms try La Traviaita White Orchid, food La Traviata superb probably one best steaks ever had, good. Again food White Orchid, asian, good others pleased choices. The 140dhms comfortably covered starter &amp; main full anyway. Even half board cost food reasonable...a starter main Â£20, home I would happliy excess Â£20 steak...........lunches various outlets approx Â£10-15 two.The beach &amp; pools nice great service towel guys, lots beds umbrellas, never able get bed brolly. The sea warm bit murky due Palm construction. The one complaint I place need keep close eye room bill.......I rogue drinks services charged bills settled cash also appeared, I better ways spending holiday time arguing items room bill. They remove still left bitter feeling attempt rip off.Speaking people around pool clear JA/PCT loyal following, many people 2-5 times vistors I see why.All agreat week I would definitely return JA/PCT, really great place relax chill out.",0.3208333333333333,0.5173643410852714,Jun 16 2007
56,56,"A truly relaxing time Having previously stayed Jebel Ali's sister 3 2 years ago (Oasis Beach) I sure venue would excellent. How right I was! Arriving late Friday evening partner &amp; I well looked after. Reception staff great, friendly efficient quickly whisked away (courtesy concierge golf cart) ground floor palm tree court suite given useful guided tour accommodation.The room large fruit, wine sweets awaiting us. More sufficient drawer/wardrobe space large bathroom walk-in shower, large bath tub two basins. The robes slippers nice touch. All clean find anything criticise whatsoever. A well stocked mini bar, tea coffee making facilities room safe useful little extras. The information manual useful mention magazines directories left perusal. We table/chairs sunlongers outside ground floor room allowed us relax cool late afternoon.La Fontana provided breakfasts choice aircon al fresco dining. Overlooking pool welcome start 9 mornings attended. Staff always glad refill coffee cups greeted guests welcoming smile day. We loved restaurants, particularly La Traviata Jebel Ali, cosy little Italian good atmosphere friendly staff, mention great food. Shooters also favourite, fun 5/10 minute shuttle bus ride away, brilliant staff served excellent food. La Fontana provided good themed buffets evening enjoyed Mediterranean Indian nights attended.For early evening drink nightcap Clipper bar relaxing resident pianist kept us entertained.The grounds impressive. Beautiful waterfalls streams plenty wildlife admire. Well worth walk round especially evening lights make complex look beautiful. The beachfront gardens beach sufficient sunloungers/parasols beach attendants enough guests. Whilst could see ongoing work palm islands detract enjoyment all. The Marina worth look around sporty type I enjoyed visit Sports Cafe watch live sport refreshing drink.The Spa revitalising. We 2 treatments recommend deep tissue massages. We well looked enjoyed Spa experience much. The fruit kebabs herbal teas provided relaxing finale along great panoramic view. Altogether refreshing anyone staying must give try. Offsite enjoyed visits Wild Wadi water park. Great fun children adults. The snowdome also fantastic place go ski Emirates Mall impressive enjoy shopping. The Hard Rock Cafe TGI Fridays proved good venues eat, former providing good live music also.Overall venue we'll revisit soon possible one we'll recommend family friends.",0.3549730412230412,0.5610253110253111,Jun 13 2007
57,57,"Jo Mark We returned 7 day stay Palm Tree Court, stayed one seafacing suites, complaints whatsoever, staff always helpful friendly, food excellent, whole place spotless. Everyone loved little girl (7) spent day every day pool. She doesnt like beach partner took turns venture beach, felt safe times whilst own. The golf buggies take wherever wish go around resort, thats feeling lazy walk, exactly marathon!! There isnt much night youngster bars restaurants cater 21's. This, however didnt matter relaxing drink Captains Bar beach evening meal enough end relaxing pleasurable day. Plan go soon saved pennies!!",0.26766010802469137,0.5549382716049384,May 10 2007
58,58,"Fantastic! Have recently returned 5 days Palm Tree Court hotel. It relaxing, enjoyable almost perfect holiday I had!The staff friendly, polite, extremely efficient everything! Nothing much trouble! When arrived assumed I man title (dr!), made bed double (I travelling mum [mrs!]). They extremely apologetic immediately altered beds. We thought quite amusing (it already happened car arranged airport! Apparently Dubai, Drs male!), kept apologising! Gave us drink waited minutes beds altered!We stayed junior suite, spacious, massive bathroom, great bath walk shower! We terrace area garden sunloungers great!The food excellent- I'm vegetarian plenty choice always. Breakfast lots options, cereal, fresh fruit, meats cheeses, cakes/bread, hot food including waffles- great! In evenings ate La Fontana (buffet), italian, thai restaurants, lovely. At lunchtime ate Clipper beach bar/restaurant mainly- tried Captains bar didnt like much.Our main dilema day decieding put beach towels (provided- least 2 each, ask want them!)- either pool, greass next ot beach, beach!! Very comfy sunloungers plenty them!! It never felt crowded palm tree court side complex, although seemed busier nearer main hotel.The evening 'bateaux dubai' dinner cruise really good- 5* food, nice see bit dubai! (Be aware take 90minutes get rush hour traffic. Only 25mins get back afterwards though!)The one negative point bus journey city. The traffic bad dubai, bus driver didnt seem good clutch control stop-starting traffic jam! kangaroo jumped several miles I felt quite sick got Mall. (A tip shopping malls- Mall emirates bit like UK shopping centres bigger! It Next, Boots, Topshop etc, etc. We liked Ib Bantana mall better- smaller, one level, unusal shops. We sure mall go to, got courtsey bus Mall Emirates, caught next coutsey bus [about hour later] back Ib Bantana mall stayed while). We problems booking space onto bus, getting seat.All all, lovely 5* hotel!!PS- shop around interent prices- got several quotes, varying Â£400 pp!",0.22319743935309974,0.4942018568433664,Mar 11 2007
59,59,Excellent Jasmine club overpriced.,1.0,1.0,Feb 11 2007
60,60,Really Enjoyed Palm Tree Court!,0.625,0.7,Oct 4 2006
61,61,Relaxing,0.0,0.0,Aug 27 2006
62,62,Would go back!,0.0,0.0,Aug 22 2006
63,63,The best Holiday ever,1.0,0.3,Aug 17 2006
64,64,Nobody mentioned golf carts......,0.0,0.0,Aug 17 2005
65,65,Erholung der Luxusklasse!!!,0.0,0.0,Oct 16 2009
66,66,excellent service,1.0,1.0,Aug 19 2009
67,67,agrÃ©able sÃ©jour,0.0,0.0,Jul 21 2009
68,68,un excellent sejour loin de la ville,1.0,1.0,Feb 25 2009
69,69,SÃ©jour de rÃªve !,0.0,0.0,Apr 27 2008
70,70,Un hÃ´tel de rÃªve,0.0,0.0,Aug 26 2007
