,Unnamed: 0,Reviews,polarity,subject,Dates_extracted
0,0,"got expected..highly recommeneded..thank great great location, arriving did'nt start pleasant would liked... arrived 4 hours check time charged us$100 extra care checked two bedroom apatment....every thing nice celan...the two bedroom apartments massive, first time dubai, didnt book sieght seeing tourist booking centre guys great. children absolutely loved pool roof bar wifi great. taxi driveres know is.... returning dubai next year look thing else apart hotel.... excellent apartments...excellennt pool, excellent staff...very happy customer.",0.5989583333333333,0.71875,Nov 20 2009
1,1,"Great friendly staff The room nice spacious, clean everything looked near new.We done much planning guys activities counter knowledgeable, helpful patient going alternatives us.Highly recommend.Note - internet usage charged cheap. Not I would expect Hotel size class.",0.38020833333333337,0.56875,Nov 17 2009
2,2,Great place stay Nice quiet location good service friendly staff. Free transfers Jumeriah beach confortable mini bus. Nice pool. Lacking info public transport.,0.46062499999999995,0.65375,Nov 1 2009
3,3,"Great good value! My Grandmother I stayed October 4th October 11, 2009. First all, service excellent, like 5 star hotel. There wide range travelers Business senior groups families kids. The staffs around professional yet friendly approachable every guest. Grace front desk always nice smile Micheal room service always energetic can-do attitude. I think extra attentive us since grandmother 78 problem walking. Also due problem, stayed room quite often using room service go (only 5 hours day), went one attraction per day taxi. Since great location, taxi fare bad all. It 15 minutes ride airport, 25 30 minutes attractions. The farthest went Mall Emirates took 45 minutes taxi.The room spacious clean, really look like pictures website. It new modern, like 5 star room. We really enjoyed comfortable beds pillows (much better many big chains). Although booked Classic room, sitting area still pretty spacious comfortable, ordered room service quite often (as grandmother can't go much). To honest, food good price. There many restaurants Dubai (from local small Arabian restaurants fine dining 5 star hotels), get much better food price less.All all, great good value. Since mid-range Dubai, know expect. But staying there, I must say actually even better many hotels I've upper-range categories.A tips saving bucks!- local supermarket outside hotel, stock drinks snacks instead using drinks inside room fridge. When walk outside hotel, turn right, turn right first street, walk straight 20 meters, see sign small grocery store. You can't miss it.-use hotel's free shuttle bus Jumeirah Beach Park. It pretty far (about 45 minutes taxi)-since 3 Four Points Sheraton hotels Dubai, make sure tell taxi driver one Downtown Dubai Mankhool road (around Majestic Hotel). Although drivers would know one say &quot;in downtown Dubai&quot;, 1 driver not. So drove us another hotel, drove us right one, pay taxi fare. I'm sure purpose, good make sure know exactly start.-use free wireless internet lobby. You'll see many people lobby using computers time day. If get room, daily rate expensive.",0.27380809979494186,0.5297331396673501,Oct 26 2009
4,4,"Friendly clean comfortable cool pool! When researching stay Dubai within mid-price bracket I came across unable find information website swimming pool temperature control. I knew rooftop huge biggest concern whether would refreshing. I've Bali new year period pools like warm bath due climate - yuck! Knowing Dubai temperature going around 40 degrees I wanted sure I could cool heat day AND I COULD. I'm sure refrigerate water going filtration pump pool welcome relief I needed. Overall found great value. We clean comfortable room great big comfy bed staff friendly. A particular thanks Gerard introduced us sitting around pool deck waiting checked (we early). He hurried room us made point seeking us day, asking stay going, generally making us feel special.To TA contributors - thanks much warnings providing right Sheraton details taxi drivers (there 4 Dubai). Whilst &quot;lost translation&quot; issues taxi drivers unable find certain restaurants souks, always managed get driver understand exactly 4 Points staying at.",0.23015980113636364,0.554149981962482,Oct 23 2009
5,5,"Faultless service - excellent value Stayed April 2009 (been meaning write review ages). We arrived overnight flight UK, (9am) able check almost immediately. Our &quot;classic&quot; room 2nd floor large, features I would expect Sheraton brand, perfect couple. We enjoyed facilites hotel, including pool gym. Staff service OUTSTANDING!! - probably better 5* I've stayed at.The best service came left hotel. We overnight flight home, permitted stay room till 3pm - bags looked went enjoyed remainder day. We also able continue using showers changing rooms top floor - meant left clean ready long flight home.Great place based trip Dubai",0.4764715608465608,0.554563492063492,Oct 19 2009
6,6,"Modern good service good price I spent three nights there, October 9th 11th. We three friends, sharing one room.- They allowed us check 7:00 AM, instead 15:00. Very good point traveling 10 hours...- Parking free. (You must pay want park area surrounding hotel)- Service good.- The modern (from 2007 I think). Well mantained, clean. Rooms big enough, LCD Tv.- Wifi free lobby, pay rooms.- It small pool roof, enough relax bit day city.- They restaurant (we try it), &quot;english&quot; pub small cafeteria, breakfast every day (it included)- There another chain Trade Centre area. We allowed go roof take pictures (is tall amazing views area)- It's quite centric, metro station construction near hotel.Price 3 nights 425 eurosSo, I absolutely recommend it. Would repeat I went Dubai",0.24174603174603176,0.485952380952381,Oct 15 2009
7,7,Interesting stay I found interesting mixture attentive staff let poor restaurant breakfast. The rooms nice good size working relaxing. The bed comfortable layout remainder furniture relaxing. I normally breakfast I staying overcomes need lunch working day. I found breakfast high standard staff serving customers. Getting coffee hit miss affair visible coffee service. You chase staff get it. The range food good. During 6 day stay I put breakfast twice convinced go elsewhere. Because breakfast experience I never tried dinner there. The major annoying feature towels provided poor quality sandpaper like limited drying ability. The management try inflicting guesses. As costs internet connections I say people trying get rich quick. It outrageously overpriced. I cannot remember I ever paid much connection. I would considering staying again.,0.06723092185592186,0.5996642246642245,Oct 12 2009
8,8,"Awesome!! - Very Tolerant! Our ship arrived Dubai 18 day stop. A crew decided get 5 nights. The price really good far away Port Rashid.The staff we're extremley friendly managed check 10 us in, hardly snags. Some lads got checked later arrived. There never problem gettting taxi's, problem getting driver understand wanted go.The room service excellent. Very fast always correct. I thought would problem ordering corona breakfast, no, 7ish morning. 14 bottles corona arrived breakfast!!! Result.The room made out, expected, rather nice same. Overall, nice friendly hotel, tolerant drinking. High possiblities staying visit Dubai next year.A++",0.2803072916666667,0.5343333333333333,Oct 12 2009
9,9,"Exceptional World Class Service I enjoyed stay hotel. The exceptional terms customer service. From moment walked in, guest service staff reception greeted way felt guest many years. I felt great sense comfort walking around beautifully constructed, professional looking hotel. The combines fresh look pinch modern amenities available guest conference room, business center, wireless access, access shopping areas within minutes. I highly recommend gladly stay next time Dubai business.",0.3143137254901961,0.5288235294117646,Oct 8 2009
10,10,"Very good apart from... The 2 bedroom suite fantastic(really 1 bedroom suite adjoining bedroom) 3 full bathrooms, 3 plasma screen TVs. Check friendly staff nice apart refusing cook us Gluten free pasta little boy Coeliac disease, first time world refused help us.They lend us small pan room really push get initially refused lend us pan.Also aware suites kitchen NOTHING kitchen 2 ring hob, fridge freezer plates, cups, cutlery etc.P.S internet way expensive.",0.2147916666666667,0.5011111111111112,Oct 6 2009
11,11,"Great stay - Would recommend I stayed short break September. I landed early check staff welcoming accomodating allowing early check extra charge. The room clean, quiet, much larger expected. The rate I obtained via Expedia fantastic. The located within walking distance metro station get main attractions Dubai. The disappointment located area nothing going locally decent restaurants/entertainment. However, everything within short taxi/train ride. I also felt charging Wi-Fi bit cheeky considering hotels offer part room rate, although offer Internet access lobby area. Overall I felt great value money stay otherwise expensive city would definately stay again.",0.12045454545454543,0.45606060606060606,Oct 4 2009
12,12,"Great would definitely recommend This good hotel, staff wonderful, always smilling helping enquiry. The rooms spacious beds best, comfy crisp sheets. We got upgrade preferred room ipod player higher floor.There' free shuttle bus take Dubai mall.I would say location best there's main sights around taxis really cheap takes 10 min get anywhere hotel. There shops, banks supermarkets close hotel. Swimming pool roof top, nice size get quie busy although always managed find sunbeds. I would definitely recommend anyone good value excellent service.",0.45083333333333336,0.56,Oct 2 2009
13,13,Very friendly made welcome I stayed 4 nigths. Room Bed huge confortable.Minibar Breakfast expensive ... Indian Supermarket 6 minutes walk away. Dinner Buffet good cost 95 Dirhams.All Staff especially Concierges friendly helpfull. I hired large car 2 days (Dollar Rent-a -car) listed 600 Dirhams perday...but got 350 perday. The car dirty full scratches (over30)but needed drive Abu Dhabi Airport pick friends. Even price ..i found overpriced..for was.Of course nothing Hotel everything fine.,0.2463293650793651,0.6648809523809525,Oct 1 2009
14,14,"Interesting observations I went Dubai 4 days Sep 24-Sep 28, everyone kept saying thats short long flight travel , coming NY, glad spent 4 days, pretty much everything dubai offer amount timeAnyway Four point sheraton downtown, decent hotel, say 4 stars, would give 3.5. Service good, people attentive friendly, helps foreign coutryHowever, turned nite leaving dubai, went Front desk go bill sort gave credit card, reason, didnt work, later found credit company Bank Of America thought, fraud committed stopped transaction.So asked call merchant said international access call myself, horrified shocked, claims cater people world access calling merchants. Even Macy's dept store would call. I finally able sort bill using friends credit cardbut got thinking, one help? money, would done, offered option me, disapointed probably wouldnt recommend that, really really big turn meNote figure better way help customers stranded",0.17314814814814816,0.462037037037037,Sep 30 2009
15,15,"Pleasant friendly staff quiet central location We visited Dubai three nights Ramadan Eid holiday. We two double rooms non-smoking floor. Pros: The rooms well equipped clean. The beds comfortable room service prompt. Staff helpful. The rooftop pool pleasant, deck chairs, toddlers' pool bar. I'm sure would choose coming Dubai lie sun, though - plenty resort-style hotels would better choice. This good choice tourist business stopover, however, centrally located relatively quiet. Cons: area leave stroll nearby restaurants. If like sort thing, try beach walk hotels (i.e. hilton). You also need taxi (cheap, however) car want get malls tourist sites.",0.27927083333333336,0.5374305555555555,Sep 30 2009
16,16,"Fantastic Hotel-Travel agent Dubai Expert I stayed quite lot different hotels Dubai, business travel agent holiday maker, travels every year. I teenage daughter toddler love Sheraton Four Points Downtown, Great Location, far airport close lots fantastic restaurants malls, take taxi restaurants approx Â£2-3.00 way. The rooms lovely, second year staying rooms seem aged, pool lovely clean, Best thing Staff, nothing much trouble Fabulous, I already booked next year!!!",0.28229166666666666,0.5531250000000001,Sep 23 2009
17,17,"4 star Hotel exactly We stayed couple times weekend. On occasions check fast without trouble, time bags taken car delivered room. Both rooms stayed faced ocean unfortunately view good dusty time. Not sure noisy rooms would facing Sheilk Zayed Road, although windows double-glazed. We stayed Preferred Room nice corner room sea views, also Business Suite 2 separate rooms, one containing lounge suite etc, king-size bed.On return one day found room made (4pm) phone call reception attended immediately.Breakfast typical buffet good selection tastes omlettes eggs available special order. The breakfast room become crowded want eat quieter setting, best go early.We eaten Moroccon resturant twice food good service attentive without fussy.Overall Hotel lives reputation good location reasonable price Dubai, modern new staff found helpful. We would hesitate stay again.",0.2472304679447537,0.5714220435649008,Sep 20 2009
18,18,"Very nice Hotel advisable I really advise stay Dubai. The rooms great, enough space 2 people (also still enough place, travel one child). Staff friendly always helpful. The restaurant ok, yesterday's bar great. There swimmingpool bar roof, that's nice relax. The fitnesscenter also nice. You find everything need there.",0.48431818181818187,0.65,Sep 17 2009
19,19,"New Dubai! We stopped Sheraton one night arrival Dubai. Got good deal via Airmiles arriving late evening wanted somewhere sleep far airport. This place disappoint! Looked new builing, friendly reception staff, room MASSIVE, including lounge area! I'm sure we'd selected standard room, definitely something more! Breakfast included rate, good, lots choice. We would definitely stay longer, looked good location Bur Dubai far Sheikh Zayed Rd.",0.257072192513369,0.6369399881164587,Sep 14 2009
20,20,"Accommodating Staff lovely I would like say lovely stay hotel. As booked 2 different names found rooms together however genetleman Indika (I made point getting name) reception happy search rooms together. He even kind enough show us rooms committed level wanted stay in. Eventaully got 2 interconnecting rooms - 1 2 twin beds 1 massive king bed. I sure booked classic room ended preferred room extras like gown , complimentary water Ipod dock. The rooms spacious well layed bathroom clean smell. The room service good concierge staff informative hailed taxi's us. The roof top pool nice however sunbeds would get taken quickly best get eary like us 1pm. The thing much view window conviently located. About 5 mins taxi Meena Bazaar 30 mins taxi Wild Wadi. All lovely experience would recommend definately stay hotel.",0.3911111111111111,0.6335978835978837,Aug 27 2009
21,21,"A decent stay The exterior quite look like - like service apartment set up. Rooms comfortable &amp; clean. We got room starwood floor without view. Friendly &amp; attentive staff reception, housekeeping &amp; room service. Don't like taxi services, staff seems always push private taxis charge &amp; meter. We practically take taxi everywhere. Breakfast decent egg station scrambled eggs everyday!! Gym room good. Equipment decent condition. Swimming pool small kidney shaped pool.",0.24455128205128204,0.6057692307692308,Aug 17 2009
22,22,"perfect Dubai part main Holidays If Dubai main destination, try find luxurious Hotel. Four points Sheraton really nice Hotel spent days return example Maldives (as did) want place night (until shopping done!).-Everything average good",0.3829166666666667,0.5333333333333333,Aug 11 2009
23,23,"Hidden gem I liked hotel.Itâs new (opened 2007), itâs nice &amp; clean.The location good Bur Dubai Mankhool road, close financial center Dubai mall (the biggest mall world)You would find everything need room, like tea &amp; coffee maker iron, also good selection movies TV (for fees course)The disadvantage internet expensive (96 AED per day).",0.21360881542699725,0.5352617079889807,Aug 2 2009
24,24,"Horrible Service breakfast Internet overpriced slow I stayed mid june 5 days hotel. firstly bathrooms filthy pee seats, The construction zone view room overlooking new built commercial building construction workers spying rooms get glimpse someone nake..... odd brought managment nothing done it. breakfast meger fresh fruits really canned colour . pineapples light colour get cans . internet free lobby slow speed. internet room 55 dhs 15 mins.... around 100Kb/s speed marginaly faster dial up. check took 4:00 Pm supposd 12:00 Pm.At check &quot;forgot&quot; give back 1000 Dhs deposit ridiculous ammount seeing I paid 100/ CAD per night...not good price, I would say 2.5 3 stars best.will visit again.",-0.041181818181818194,0.6081439393939394,Aug 1 2009
25,25,"I thoroughly recommend Sheraton Downtown excellent value We stayed Four Points Sheraton Downtown six nights early July.We booked direct hotelâs website. When arrived given complimentary upgrade (coincidence?)The room large, modern clean (see pics), including large flat-screen tv, safe, etc., comfortable king-size bed. Our upgraded room low table, settee armchair, separate table chairs. There nice pool roof always kept clean great work tan laze around. There two dozen loungers adequate; may busier months. There also gym (apparently). There free bus public beach several times day except Mondays (ladiesâ day). I recommend least one visit beautifully kept public beach. Staff throughout excellent - always friendly welcoming. Particular praise go guy cleaned room spotlessly every day. In opinion, tried options, youâre either beach Dubai youâre not. If youâll paying Â£160++ night delightful privilege; paid Â£32 night Sheraton - bargain year. A ten minute walk get Bur Juman mall; twenty minute walk needed get Creek (not recommended); otherwise youâll getting taxi. This isnât problem taxis cheap plentiful. A taxi airport Â£4, new Dubai Mall Festival City. (Always ask driver Four Points, Sheraton, Downtown, Mankhool Road returning hotel, four Sheraton properties city.)Donât miss going Dubai Mall. It contains 1200 shops absolutely expense spared construction. Go lower ground floor watch fountains (Itâs better Bellagioâs Vegas). For best view cross bridge stand front Baker Spice restaurant (or better still eat dinner terrace â best meal visit). While mall donât miss seeing aquarium â new Waitrose!If afford beach Dubai I recommend always stay there. If I thoroughly recommend Sheraton Downtown excellent value. I would hesitation staying again.",0.3651828726828727,0.5374675324675324,Jul 17 2009
26,26,"Excellent We great time Four Points Sheraton Downtown, upgraded Starwood Prefered Guest Room free charge room booked. The room excellent. Location 10 mins airport. The Concierges knowledgeable helpful, organised 2 trips wanted go short notice without problem. I would recomend hotel.",0.5666666666666668,0.6916666666666665,Jul 12 2009
27,27,"Great Hotel This really great hotel, staff helpfull, food superb rooms comfortable. building noise!!!!",0.7127604166666667,0.6833333333333332,Jul 11 2009
28,28,"Good good price! We Dubai 18th May 4 nights. The people reception small cafe downstairs kind. The rooms clean spacious. The bed comfortable. Also bar good place hang out, since serve alcohol bars hotels.",0.4614583333333333,0.7375,Jun 25 2009
29,29,"I want go back!!! We loved hotel! From friendly cleaning staff manager - brilliant!We arrived 6am wait 12 get room wanted junior suite - smoking. As still room available, gave us upgrade. Oh wow! We loved room(s) much!Could stayed weeks problem.The swimming pool nice clean good depth not-so-good swimmers like us!The concierge gave us much help - answering questions.There shop around corner (turn right leave hotel) good range groceries - cheap us.We intend return Dubai October, much expensive book we'll maybe find cheaper alternative.",0.35296130952380955,0.5841071428571428,Jun 24 2009
30,30,"EXCELENT HOTEL - WILL BE BACK AGAIN I visited Dubai every year last 9 years I say Four Points far best I pleasure staying in. The Hotel high standard, clean, comfortable staff extremely friendly helpful. The concierge staff fantastic, always available assist pleasant, rooms comfortable well decorated maintained. The facilities great, fantastic rooftop swimming pool 3yr old daughter loved food served restaurant lovely. The also offer free shuttle bus Jumeriah beach park great reliable service. The conveniatly located everything could possibley need, shopping malls warking distance, meena bazar karama complex 5 min taxi ride, local supermarket taxiâs always readily available outside hotel. All family extremely enjoyable stay. We definatley returning back Four Points Sheraton next year.The one downfall could give breakfast rather expensive is, currently working approx 14GBP per person per day. Apart that.... FANTASTIC HOTEL",0.29567647058823526,0.537607843137255,Jun 21 2009
31,31,"Could fault friendliness location cleanliness facilities price We arrived 8.00am 4th June 3.00pm check in! The pleasant receptionist explained room yet ready cared sit lounge even avail rooftop pool fitness centre would contact us soon available. Just hour later porter approached us advise room ready â excellent start 5 night stay. The modern room (620) spacious spotlessly clean - equipped comfortable king-sized bed, flat screen TV, minibar, internet connection capability, bedside clock radio etc benefited efficient air con system good sized well serviced en-suite. A complimentary bottle water provided day. There free WiFi lobby business centre behind reception.The rooftop Swimming pool excellent facility â bar serving drinks (soft alcoholic) food. We always able get sun bed make use pool.Our rate included excellent buffet breakfast three occasions took evening âeat much likeâ buffet included âdrink much likeâ alcoholic drinks. Good value superb quality variety.Adjacent reception pub âYesterdaysâ serving reasonably priced (for Dubai hotel) good selection food drinks.The conveniently located Old Dubai â 10 minute walk Burjuman Mall 15 minutes walk Creek area. For travelling field always taxi outside bus stop 50 yards away (get 10 journey ticket 18AED). The runs shuttle beach three times day. All staff courteous professional, nothing much trouble.We could fault friendliness, location, cleanliness, facilities price. We would hesitate return Four Points Downtown Dubai.",0.33772727272727265,0.5357575757575757,Jun 12 2009
32,32,"good facilities well equiped centraly located hotel. easy get around, everything distance 2 5 km away.overall, comfortable smooth stay.",0.4833333333333333,0.6833333333333333,Jun 7 2009
33,33,"excellent friendly staff Stayed 2 nights found room clean mod cons. 3 lifts available time wait them. On arrival allocated room right away even though 6.00am. Received complimentary card selection beverage/food used restaurant. Complimentary bottle water day room. Bathroom nice big bath, good shower, toilet, washhand basin bidet. Towels changed regular basis. Air conditioning quiet able leave overnight. Swimming pool top controlled heated pool, always busy stay. All staff within courteous professional duties. Nearest shopping centre Burjuman within walking distance.",0.35916040100250624,0.5100510892616156,Jun 5 2009
34,34,"A truly five star experience Only stayed one night (6th May) occasion, leaving Bangkok following morning, reiterate reviews gone before, luxury every aspect.Have stayed Sheraton's, Heathrow one ,so knew standard expect, say Four Points met expectations.Was fortunate upgraded junior suite, epitome elegance, unfortunate I one night.Am back Dubai November staying Four Points , beginning end trip S.E. Asia time.Have stayed various hotels Dubai, none came anywhere near standard hotel.This I stay future 2-3 trips region year.",-0.017857142857142856,0.46964285714285714,Jun 3 2009
35,35,Great Value short stay We stayed one night departing cruise. Very handy Port 15 mins. Quite way Palms 35 mins. Excellent clean large rooms . paid approx Â£70 GB room. Drinks expensive Dubai. Highly recommended short stay say 3 days.,0.2967724867724868,0.6587301587301587,Jun 2 2009
36,36,"Fantastic staff conveient location spotlessly clean strongly recommend. Stayed Four Points Sheraton Downtown week Dubai Business. Could fault friendliness, location cleanliness.You need take taxi's everywhere cheap problem. The also runs bus Beach everyday.Breakfast good expensive however food Dubai seems expensive. Had buffet one evening also good reasonable one party al la carte wine topped bill huge amount beware.The staff could enough us.Huge added benefit using place business pool roof - ideal first thing morning long day working.All good experience would hesitate go back.",0.28812499999999996,0.6341666666666667,May 26 2009
37,37,"Fantastic excellent service impressed We would like thank Four Points Sheraton giving us great experience regarding stay Dubai. We impressed deiced next time come back Dubai definitely stay here. We arrived early Tuesday morning 19 May rooms ready made sure comfortable hour rooms ready. The rooms modern comfortable also big. They clean I requested nice views I got that. The reception, concierge wonderful housekeeping staff blew us away politeness kindness.Thank great experience please keep up.",0.4184126984126985,0.6423280423280423,May 25 2009
38,38,"Just perfect I stayed stopover Dubai I looking clean, peaceful safe place stay 5 year old got much stay. The fabulously clean. Looked absolutely new staff exteremely polite helpful. Upon arrival, helpers ready door help us luggage, stayed us till got room placed stuff. Manager duty (I believe name Sanjeer, I'm spelling correctly) upgraded room suite courtesy first time guest checked us later ensure comfortable stay. They one staff member provide directions help sightseeing taxi cabs always lined front door. Our suite spotless bedding perfect. Marble flooring granite counters beyond expectations. flat screen TV made stay lot entertaining.I also loved window walls across suite. I really wished I could stay 2 weeks rather one night.The thing missing kids programming TV. It could help 5 year old pass hours. Location great, 20 min airport 5 min nice shopping mall. Loved everything hotel.",0.3671607378129117,0.5483860342555995,May 19 2009
39,39,"Wonderful Hotel Our stay Four Points Sheraton Downtown Dubai wonderful. The rooms clean, housekeeping wonderful job. The rooftop pool wonderful, although bit noisy, air conditioning also located roof. But awhile even hear anymore. The location great sightseeing, everything short cab ride away. There shuttle beach 3 times day, also useful.We try food there, looked excellent.The lobby smells bit weird - course, couple minutes...",0.4866666666666667,0.805,May 15 2009
40,40,"best Four Points Dubai There 3 Four Points Dubai best terms quality rooms. If meetings near town, consider staying.",0.7000000000000001,0.3333333333333333,May 14 2009
41,41,"Good place stay like old Dubai We arrrived 5 supposed wait check-in, 3 pm. But offered us room 6.45 (they 6.45, would pay additionnal night). Moreover, despise 2 beds instead king size bed (but ask us ok not), upgraded preferred starwood guest room.But problem light room wait 3 days someone looked really it. They believe us before. They said put card correctly. We argue lot finally believed us! And also wait 2-3 days glasses room (we used never brought back).The pool fitness opened 10 pm. It's clean nice.The location great like old Dubai. It's popular, little local shops cheap restaurants. There everything may need around hotel. The souks far away (you go walk take boat costs 1 Dir per person). A free shuttle brings 3 times day Jumeirah Beach park (a nice beach pay attention tha fact Monday, women children only). With shuttle, also go Sheraton City Center (from there, another free shuttle bring Dubai Mall). There always taxis front hotel. And also bus stop. But ask local people taking bus!!!It's difficult find right bus stop even right bus. Some written schedule (when schedule) try locate map waiting area...We got lost thousand times it! It's up-to-date.",0.22871031746031745,0.6127045177045178,May 10 2009
42,42,Dont Expect Sheraton Thought Sheraton booked visit Dubai. Requested Extra Bed arrangemetns made. No Explanation given adn finally hour couple remainders got extra bed.Front Staff Service useless. Restuarnts OK. Visitng Dubai Forget Fourpoints.,0.0,0.38,May 8 2009
43,43,"A Sparkling Clean Hotel I thought Four Points Sheraton Downtown Dubai great. The gleamed clean nice. The room spacious nice restaurant coffee shop. The seems well managed staff seemed happy friendly. As I travelling trip I pleased see Dubai airport ladies taxi service. This meant I lady taxi driver drove hotel, I thought great service I know alot problems past single female travellers.",0.39192176870748296,0.7164965986394557,May 6 2009
44,44,"A really great stay! I wonderful 3-night stay &quot;Four Points Downtown&quot; husband, last March! This looks fairly new extremely clean well kept - rooms lobby, restaurant, etc... We breakfast everyday found food simply delicious. The minor &quot;problem&quot; location, taxis readily available inexpensive. The staff lovely!",0.3889118457300275,0.6292011019283748,May 4 2009
45,45,"Quite Smallish warm practical heart dubai.Very eating options within good breakfast spread small bar, step right middle dubai nightlife!Rooms large comfortable . Excellent furnishing &amp; fits.Though believe could spent bit electrical fittings.Excellent look feel, great business meetings enough parking main street helps, though middle city.Fantastic value!",0.27976190476190477,0.4662585034013605,May 3 2009
46,46,"Great Hotel - Great Service We returned 4 day stay Dubai way home Cairo.I booked online worried I might made bad choise. I pleased I definitely made right choice. What great hotel. It clean, (Chrome &amp; Mirrors lifts sparkling), service efficient staff friendly, helpful always smiling. The breakfast selection excellent. The room spacious clean. Bathroom also good size, however remove bath plug cover allow water drain whilst showering using lever didnt lift high enough let water drain properly. Good quiet air conditioning system nice big TV great watch come back room relax day. The rooftop swimming pool big I imagined pictures online adequate quick cool dip. We found hotels location quite good, especially dont mind walking. It isnt middle busy district easy distance shops eateries. There free shuttle bus available didnt get use stay. Unfortunately one told us internet available free lobby I say people using laptops asked reception, told me. It would nice information room. We booked Big Bus Tour Tour Desk happy tour, however River Cruise Dhow Sand Dune Safari organised concierge good well organised. We ask book Sand Dune Safari advertised one brochures got found picked tour group. And checking peoples photos Sand Dune Safari tours felt tour booked professional others, although good time all.Dont miss Sky Dubai. We went taxi Emirates Mall went Sky Dubai spent couple hours there. We blast!",0.3348706004140786,0.5454865424430643,Apr 24 2009
47,47,Great This gem. It impeccable. It really deserves high ratings got.We Dubai get feel city country order see place could relocate to. This great location drips everywhere. This clean staff friendly. I would definitely recommend hotel. One really great feature car rental service Dollar Car rental. The prices onsite price list. 1100 AED 2008 Camry week. I really recommend renting car explore city emirates.,0.413560606060606,0.5795454545454546,Apr 23 2009
48,48,"Idea Location This good area really clean. I thought restuarant prices high. There plenty area dont mind walking is. Please try Lentil Soup Grand Restaurant really good. You go pass Golden Sands Apartments find Spinney's grocery store even includes bookstore,gift shop McDonald walk little down, find Burjuman Shopping Center. Don't buy anything shopping mall prices outrageous American know always Macys. I like fact able book tours ,The dhow cruise, Dubai Big Bus,and Safari tour. These nice additionals hotel. The problem I ,is I walk men kept stopping asking get car them. Please ignore this,prostitution big Dubai ignore passerby realize prostitute. Most people spoke really good English really easy get around. I loved Deira Main Souk better Gold Souk. Try one things I truly love Dubai I Dubai Big Bus Tour. This Bus take around see Dubai, time I reached 6th shopping center ,I wandering Dubai anything else offer besides shopping centers. The prices extremely high Ralph Lauren,DKNY, Guess. I live Houston I know San Marcos Outlet Cypress Outlet items least 60% off.. I ask place hold credit card; however seemed effect, I check credit card additional hold place card. I would upset however 98% hotels place hold unles use Expedia Orbitz.com. I would specify Four Points Sheration since seem numerous . Every time I got Taxi, I stressed one Mankhool Street. Overall, I love stay hotel. I love I minutes two shopping walking one name AL Karama one front hotel. I'm sorry I forgot name it. You find plenty fast food restaurants KFC,Burger King, McDonalds. The thing I able get traditional Arabic meal I love Arabic food.",0.16193124426078975,0.5187626262626264,Apr 22 2009
49,49,"The world day As part week Emirates, stayed four nights April 8th - 12th.Upon arrival around midnight, foyer looked immaculate - still looked immaculate stay. The entire building standard also, minor point note regards housekeeping rooftop pool area, every time went tables etc, covered remnants previous visitors' lunches, drinks bottles, snacks etc. Sometimes could hour more!The pool clean enticing long day city.The room beyond expectations small touches iron provided;very useful times. The bed large comfortable - recommended. The bathroom sufficent needs spotless times.Location wise, perfect requirements. The area around Mankhool Road quite cosmopolitan (to Yorkshireman least!). We walked Dubai museum first day first foray towards Creek discovered &quot;more interesting&quot; part town!This confirmed return dark........many non-arabic looking ladies wearing short clothes around leaning across cars on.They never problem us - aware explain younger children ladies doing!We able eat wide range Asian Middle Eastern cuisine area prices less home. This great surprise seeing advertised prices Four Points, Â£18 breakfast minimum Â£30 dinner!One evening drove see Burj Al Arab stopped Al Satwa bite eat. We always look see locals eat generally sign food reasonably priced importantly - likely good quality. We ended local restaurant pavement tables, bang middle town - complete meal three including pints squeezed juices Â£15. Amazing value compared hotels.The Burj Al Arab certainly worth look, bear mind traffic moves pretty quick - test reflexes, also drove coast Palm, drive end four miles straight sea!The Four Points Sheraton ideally placed touring around Dubai vehicle, south side town.In conclusion could wished city hotel.",0.20072255291005292,0.4543964947089947,Apr 21 2009
50,50,"Everything want need I stayed one week March year definitely made right choice. The staff helpful friendly, breakfast selection excellent rooms spacious clean. Good air conditioning system, nice big TV want relax point day. There rooftop swimming pool deck chill soak sun found gym great selection machines along sauna happy could daily workout without incurring extra charges. If want sunbathe day around beautiful surroundings see 'new' Dubai i.e. big new hotels clubs stay Jumeriah Beach road expect pay extortionate amount. I heard many people complain service staff, pay Â£5 bottle water (Four Points give complimentary bottle every day room!) expensive hotels along many things. If going see real Dubai sites really perfect place stay great price. Four Points offers free shuttle bus every day beach handy, even want get Jumeriah Beach Road, use shuttle get taxi see newly built hotels.Also able access free internet lobby.",0.35426474567099575,0.5562297077922078,Apr 10 2009
51,51,"We would happily stayed much longer Our 5th floor room large, spacious, bright comfortably furnished. The beds particularly comfortable. Air conditioning efficient almost silent. Everything room sparkling clean. Tea/coffee-making facilities provided.The fair-sized bathroom sparkled too, bath, WC, excellent shower, washbasin bidet good selection toiletries. However, bath towels rather small somewhat thin. But this, personal rating may well &quot;excellent plus&quot;. On ground floor coffee shop restaurant offering full la carte menu well buffet, sensible prices. We sampled places well satisfied.Reception staff welcoming, pleasant efficient, staff coffee shop restaurant.Sadly stay short. We flew Dubai early afternoon flew next morning certainly first choice future visit.",0.28088435374149656,0.5392857142857144,Apr 5 2009
52,52,"Excellent hotel! We stayed Four Points Sheraton 19th 21st March. We early flight arrived around 9am. Our room ready great room was! We expected value accommodation surprised size room, standard house keeping professional attitude employees. We chose wanted close Old Town Jumeira - good bet taxi ride longer 20 mins (10 mins average). We use stop overs Dubai. Keep good work!",0.30192307692307696,0.4423076923076923,Apr 2 2009
53,53,"excellent stayed 25th March two nights. arrived extremely early flight meant 8am 25th. On taking taxi Dubai airport taxi driver took wrong four points sheraton helpful staff placed us taxi correct around corner.the located around building site, although Dubai think extremely common. main entrance welcoming looks lovely porters reception staff helpful time morning cheery. owing early arrival I asked whether would let us use pool hold bags could check thankfully allowed us check 8am fantastic. The looks relatively new room one largest ever stayed in. bathroom large complementary toiletries bedroom came sitting area dining table. The room finished high standard beds extremely comfortable. The little noisy side day arrived said lot construction taking place. On evening noise issue.The pool gym located top floor, well maintained staff helpful. They also provide complimentary towels. The restuarant bar looked nice eat them. There lovely restuarant round corner offered chinese indian food reasonable prices. There much located directly around taxi's reasonably priced get anywhere City. We took open top bus tour around Dubai excellent value money gave us whistlestop tour City.i departed 4am service excellent particular porters helpful cheery, arranging taxi back airport us.overall good would highly recommend.",0.29375596625596617,0.5607636807636808,Mar 29 2009
54,54,"Affordable gem The Sheraton relatively new hotel, evident condition rooms common facilities. Though center things, still well-located, taxis quite cheap Dubai. The staff kind helpful, rooms spacious comfortable. It's certainly great alternative expense account.For trip: [--]",0.19363636363636366,0.5954545454545455,Mar 25 2009
55,55,Fantastic Only one night stopover Dubai plumped reaonably priced hotel(for Dubai).The staff extremley helpful room general immaculate. The room spacious furnished high standard.I opportunity sample hotels facilities could faulted. First Class!!,0.20010416666666667,0.5955555555555555,Mar 9 2009
56,56,"Good Business Hotel Good stay 5 nights. Early arrival (8am) get rooms 11am. Staff directed us poolside wait fine. Excellent high spec clean rooms fair standard service. Restaurant food average menu limited several nights. Breakfast average also. The bar small smokey, due local alcohol smoking laws. Pool good gym excellent. Not within walking distance much taxis cheap plentiful. My colleagues I noticed permanently strange smell reception area, got used it. Overall, I would happily recommend hotel.",0.2788293650793651,0.46407738095238105,Mar 8 2009
57,57,An Oasis... Had privilege staying fine establishment 6 days... great value money. Extremely helpful staff upon check-in always willing lend hand directions taxi's. Centrally located tourist short taxi ride many attractions. Beautiful modern functional rooms nice decor comfortable beds. The internet rooms bit pricey free wireless lobby made it. The roof pool fantastic place relax let tension drain away. All great value hidden gem. I would stay heartbeat.,0.3715625,0.6645833333333334,Mar 1 2009
58,58,"excellent management Very happy service received Hotel. We found last minute would need spend day/night Dubai one night planned stay hotel, haste booking additional night Starwood website (in W NYC lobby bar 1/2 hour heading airport!) I booked wrong date! (I got confused flight 1am morning..) anyway I booked non refundable type deal - arriving Dubai (after seriously delayed - 2.30 morning!) I explained mistake girl behind counter said ...sorry cant help then!! Well - I got quite upset explained staying Starwood hotels trip SPG.. really make difference rooms cheaper weekends anyhow! well point manager came said absolutely problem, gave us upgrade suite complimentary snack voucher! Ahh nice see people understand hospitality service! especially weary travelers! The 2 nights spent good - quiet rooms, quiet A/C comfy beds comfy socks etc! Liked area (although suit everyone - 'old area' I like...) close airport great authentic Indian meal 10 mins rd ..Would stay definitely..And management, read - WELL DONE! You credit organization!",0.17675120772946862,0.5995169082125605,Feb 28 2009
59,59,"Good location - us We wanted stay near city rather beach location great that. The price also half Hotels near beach.To go Malls beach cost 20 - 45 Dirhams - Â£4 - Â£9. There's one two hotels places eat within walking distance hotelThe bar area's quite small (and appear able smoke bars) quite nice relaxed.Had large room 5th floor - roof pool looked nice use it.If go Dubai Mall, there's souk attached Meat Company - great food (best cheeseburger world?) sat outside fantastic view Burj Dubai - 700 metres rising.",0.38554421768707486,0.5550170068027211,Feb 23 2009
60,60,"Very good fantastic people looking us 6 day stay We arrived late night stop providing us warm welcome.The service good stay excellent.Room keeping excellent time.the room tip left morning/afternoon magic like new returned. clothes folded lovely neat bundlesBreakfast good. though night life meant got time twice. break fast still available whenever required. We hired car efficiant valet service free guests. town definalty need it.the near mina market means love bargain enjoy bussle market local shopping.pleanty places eat around near hotel. including good pizza place starbucks.Internet free foyer only. There clubs near would suggest go established places like buddabar, peppermint club club 360. But tastes.",0.3641558441558442,0.6273051948051949,Feb 6 2009
61,61,"Hopeless It looked good Trip Advisor, reality different. Admittedly, I business, subtle clues place middle nowhere need exposed. It good business venues spreading ever Southward old heart living fact near action - 10 years ago! It's clinically clean pleasing - like private hospital - charm customer service.And Dubai!If come here, spend quid tall towers, beach, palm, anything - banal middle-of-nowhere - couldn't-care-less, 'central-Dubai' priced hotel.If want near business - I suspect - pleasure action, look towards Jumeirah Palm.Nice rooms, flown long way...",0.04074074074074073,0.39611111111111114,Feb 4 2009
62,62,"Excellent Hotel We stayed four Points Downtown 3night stopover way Mauritius.It well worth stop break journey &amp; excellent standard!The great city &amp; would highly recommend it.Dubai great, however 3 nights enough us, development work taking place minute, bit chaotic!",0.58,0.6628571428571429,Jan 29 2009
63,63,"Great Hotel! My husband I stayed beginning January. We stayed one night since I Starwood Preferred Member got upgraded Junior Suite! It huge room clean, nice decorated modern decor. The location little main shopping sights Mall Emirates Dubai Mall shops restaurants within walking distance. We also breakfast included package one best breakfasts had. They huge variety food available well person made fresh customized omelets eggs. There little wait taxi stayed I know line taxis available. The staff extremely friendly nice. They even let us borrow phone downstairs make local call checked room. I would definitely recommend staying hotel. The price reasonable well.",0.29539682539682544,0.5939682539682539,Jan 17 2009
64,64,"confortable baby well The clean, feels safe rooms spacious &amp; tidy. Traveling baby might bit difficult, great location walking pushchair e.g. close BurJuman mall late dinner. First nights want leave dinner ordered food roomservice - nice area sofas table &amp; chairs eating room kingsize bed. We well received got help needed lifting pushchair taxis bags arrival departure. We offered babybed, baby sleeps well pushchair need it. We brought babyfood Finland, warmed room water waterboiler. The minibar fridge served babyfood fridge stay. You can't get pool area pushchair (or disabled) without help, stairs doors. We couple enjoyed &quot;good enough pool&quot; close necessities room baby, shady spots pushchair. (we looking luxury gardens pools). It would relatively easy get Jumeira Beach Park bus (nice beach, worth fee 5AED) , going baby much fuzz (no shade, place warm food, fine sand everywhere).All - warmly recommend families one baby + max. one child (also extra bed would fit spacious room).About traveling baby Dubai;There easily available taxis safe seats babies , put child &quot;BabyBjÃ¶rn - carrier&quot; attached way one us sitting seatbelts. Safer nothing...People love babies came look touch malls. If want people touch child, might want get pick yourself, hold hands chatting admirers. This way still polite everyone touching baby.We would recommend abra boat creek pushchair. Seems risky.Malls good place spend evenings sunset - nice foodcourts different choices night (and keep budget - costs around 25-30 AED/meal)Grab taxi mall (30-40 AED/ride).Carrefour lot babyfood available, smaller &quot;supermarkets&quot; tend some, pampers easily found. We brought babymilk FIN, babymilk-powder available stores.What youd like bring baby:- something use taxi safe ride- hat &amp; sunglasses babies- piece cloth put pushchair shade.- flexibility midset.",0.2975675675675676,0.6077027027027025,Jan 3 2009
65,65,"Downtown Dubai [the real Dubai?] I stayed Four Points Al Mankhool beginning November end December 2008.This first trip Dubai Business first trip I spent away home - away family!. Therefore, needed meet criteria making feel home comfortable. It this.Upon middle night arrival, front door staff attentive I greeted warm reception. The check-in painless [not I say many UK hotels!] quick I soon led room 7th Floor. My initial impression new therefore default, clean tidy. This turned partially correct: clean tidy simply new [I believe less 1 year old], constant attention cleaning staff I simply say thorough.The room, spotlessly clean little basic, theme date modern. The bathroom little small side, well finished [much better UK standards] importantly: great shower!The roof top pool reasonable size well attended guests. I used couple times I business every day though! But good clean pool decent quality poolside furniture. The view however great, due location, never going great case.I used gym every day I found good size never busy [although I used night ,so sure busy day]. It good range equipment again, clean. The staff also pleasant attentive. The changing rooms again, clean sauna within changing rooms, clean always empty ,which meant times took bit time get decent heat - problem.Included within rate buffet breakfast. If big eater, get moneys worth, eat much [like me], I feel tad expensive 80 Dirhams [circa Â£14]. The choice extensive everybody find something like plenty it. The staff attentive [as are!!] bend backwards make feel welcome.I ate mostly [during day], eat well. There deal whereby get buffet style meal evening, drinks included 180 Dirhams [circa Â£32]. There cheaper deals without drinks, reason I mention drinks one pint [poor quality - although I would necessarily blame this] European Beer 32 Dirham [circa Â£5.50]!! A bit expensive, even beer good. Other hotels area offered far better selection cheaper. Although fair, I never frequently indulged case problem me, holiday fancy drinks hotel, could dissapointed. The due open another 'bar' end November, time departure, yet available, I cannot say effect range price. I note evening, restaurant never appeared busy I eat [not buffet, Italian menu], I found portions little small 45 Dirham [circa Â£8] little lacking in..... Italian taste? But tasty enough way always well presented.I made lot use laundry service always ahead schedule. If I choose next day service, I normally always got laundry back day [which I guess busy are]. The laundry always well presented scores 10 10 me. The prices 20 Dirham [circa Â£3.50] shirt, 30 Dirham [circa Â£5.50] trousers, dry cleaned suit 85 Dirham [circa Â£15]. Reasonable value opinion.I never opted in-room internet [I cannot recall cost] I felt expensive [compared I would normally pay UK - I think cost internet provision UAE case taking advantage]. The wireless service provided free lobby good, times frustratingly I would continually lose connection. But whole, pretty reliable, could get busy evenings lot people laptops - must annoyance non-business people wishing use lobby relaxation. There occassions [not personally] problems connecting, engineer always appeared available assist problems.Getting taxi bit hit miss. On Friday, fight get fare, Thursday, prepared wait. There always option 'limo' cars waiting outside, minimum fare 80 Dirham I would suggest wait normal cab. Bear mind, Al Mankhool exactly hub excitement Dubai. You'll spending fair bit time taxis want Jumeirah beach, Madinat Marina areas. On plus side reasonably close Gold Souk [personally I would avoid The New Gold Souk big blue gold coloured building walking distance], airport Creek. Walking Burjuman Mall takes 10-15 minutes walk along Spinneys supermarket [further along Mankhool Rd] takes 5 minutes. There loads shops selling..... tat, I suppose, might also get option buy fake designer merchandise. Also within 15-20 minute walking distance Al Karama; another district specialises fake designer anything! I personally go late night - I think get mugged, northern European, I stick like sore thumb therefore get asked, lot, I'm interested fake designer merchandise. Try daylight Al Karama shopping experience!If want 'earthly' experience Dubai much glitz glamour, Al Mankhool appears reasonable choice. If expecting glitz glamour, using [very inexpensive - thing apart dodgy designer gear inexpensive Dubai!!!] taxis.All all, good round experience Dubai .The really good. Depending want Dubai might you, choose location carefully, decide Burdubai/Creak area, great hotel.The two biggest gripes I have:1. [an indirect fault hotel] gym, certain gym member [non-guest] would come change TV channel regardless may viewing specific channel time choice would continue 'channel hop'. This, view, plain ignorant I felt staff could advised 'member' question, consider people. Just minor gripe really.2. The single biggest source annoyance me, smoke alarm room, directly bed. This litle orange light, would flash every 20 seconds [I guess could seen ready work need be]. Not noticable switch lights get sleep, little light transforms powerful beacon blotted pulling covers head! That light responsible getting sleep keeping awake night woke up!! Another minor gripe, frustrating one.",0.14593061803846105,0.506279602750191,Jan 2 2009
66,66,"Very Plesant Stay I'm late sending in, wanted express appreciation staff making stay enjoyable one. I group every one us treated royaly.Mr Hamed assistant always gracious helpful staff desk friendly times.There shuttle Jeremiah Beach, several fast food places short walk hotelWe buffet breakfast included lots variety really good.",0.228125,0.45999999999999996,Dec 30 2008
67,67,"Excellent Choice This turned perfect choice us booked recommendations people site. We arrived early morning greated friendly efficient reception staff invited us use facilities gym pool area freshen relax room ready. For us ideal position within walking distance turned favourite spot Dubai - wonderful creek souks museum. If neeed go beach area used shuttle bus always punctual taxis inexpensive get us further. The bedroom large, spotlessly clean seating area good area make tea coffee. Very comfortable bedding robes slippers. We eat cannot comment food thoughly enjoyed house red little bar area I understand extended. The downside whole experience persuaded book personal guide take us around Dubai opposed Bus, turned impatient guide, understand, rushed us around sites wanted spend time get us friends stores hope would buy something. An expensive mistake beware! Apart little incident soon forgotten fantastic time. I would like give special thank Yvette reception - lovely, helpful lady.",0.27204212454212456,0.625,Dec 8 2008
68,68,"Great Budget Hotel Nicely decorated, everything could want (short ATM, right street). The staff nice knowledgable, rooms clean comfortable. We loved new resturant.I little leary upon arrival (lots construction middle appeared residental district), felt safe inside",0.3227453102453102,0.5983960483960483,Nov 24 2008
69,69,"Four Points Five We stayed two periods recently one 2 nights 5 nights. On occassions found check staff helpful friendly quick efficent. On second check disappointed get non smoking room organised room fresheners made sure happy were.The rooms stays quite, clean tidy high quality. The bed dream sleep bathroom great shower facilities. Whilst complimentary water nice touch find housekeeping hesitant filling amentities bathroom came across little stingy.The new Italian restaurant provided nice lunch us one day great pasta. The current bar (which I believe extended) small smokey atmosphere football screen day turn us. I hope stay find new bar better non smoking area.Concierge best I ever seen nothing problem nothing ever wanted them. They get taxi's quickly enough excellent directions advise. Metered taxi's Airport Emirates Mall cost 40AED.I hope continues great service currently offer.",0.30340097402597405,0.5701064213564214,Nov 19 2008
70,70,"Very nice 4 star Before going Egypt, wife decided stay 03 nights Dubai, first time place.There lot options stay Dubaiâ¦ so, stay 7 star hotels, lot 5 star othersâ¦ decided stay 4 star travel agent told newâ¦ right.The Four Points Downtown new clean new hotelâ¦ really nice, great location nice breakfastâ¦The problem felt wasnât hotel, problem place: arenât many taxis cityâ¦ so, sometimes, waited 30 minutes taxiâ¦The room stayed nice, big, way 5 stars hotels donât rooms like thisâ¦ so, fact, itÂ´s room superior others 4 star rooms worldâ¦One thing I must say Dubai: go plane, try fly Emiratesâ¦ great economic seats perfect entertainment program.",0.5105723905723906,0.6654882154882155,Nov 18 2008
71,71,What see get (Its good) I selected good reviews fellow travelers management response Mr. Amr Hamed. I booked 5 days stay parents loved it. The rooms nice clean breakfast decent. Itâs actually city center itâs far anything. Although one restaurant lot options around. Itâs new make sure tell taxi driver correct street name. They problem stay staff helpful every way. One Mr. Janaid needs special mention.I would recommend friends.,0.28678932178932176,0.6104353054353054,Nov 7 2008
72,72,"Amazing little extras make raving fan The Four Points Downtown brand new absolutely luxurious given 500 AED price I got Sheraton website. A large clean room king-size bed, fluffy pillows, flat-panel TV, lots little goodies (including scale!), free shuttle beach.What turned total raving fan, however, service I got: 10 hours *after* I'd checked I came back hotel, hot dusty desert safari, pick luggage midnight flight. The bell captain asked, without prompting, I'd like freshen up. He carried bags pool-spa, got towel, showed locker-rooms I could shower change. I nonplussed graciousness hospitality. And I offered tip, politely declined, saying typical Four Points service.I'm sold.",0.0699124536178108,0.5916512059369202,Oct 14 2008
73,73,"Great Value Money Hotel I recently travelled Dubai stayed three nights. I arrived 7am wanting leave bag get bite eat check 3pm. On arrival I able check paperwork etc advised room available 11am. There small lounge area lobby free wireless internet connection decided catch email etc. I pleasantly surprised couple hours later room available.I booked classic double room huge comparison many European hotels. The room spotless finishings excellent. The room 6th floor quiet, although I hear ocassional clang building site next door (only day). This expected Dubai one giant construction site. I ordered room service twice time delivered within 20mins friendly waiters. Remember put disturb sign door sleep-in, housekeeping seems go around relatively early. I unexpectedly disturbed evening somebody coming check mini-bar, within 5 minutes.Overall great hotel. However would like beach holiday romantic getaway better choices, although offer shuttle service Jumeirah Beach Park. I happy stay hotel.I couple suggestions visitors may find useful. Traffic Dubai incredible prepared get stuck traffic jam least once. Although taxis numerous usually readily available I would suggest getting telephone number reliable taxi company order book taxi necessary. I caught couple times long queues people waiting taxis regretted able call taxi service. I would highly recommend Big Bus Company hop on-hop bus tours. You able purchase tickets hotel. The tickets valid 24 hours try longer tour afternoon shorter one following morning. I short time tours one afternoon able hop-off much I would liked. The ticket includes dhow cruise well entry Dubai Museum. If decide visit Atlantis Palm I would suggest going full day possible get entry Dolphin Bay. A friends I visited aquarium (The Lost Chambers) slightly disappointed.",0.2040646258503401,0.5563265306122449,Oct 12 2008
74,74,"5 star rooms facilities 1 star reception Booked five nights due early check stayed 4. Having flown Perth landing 5.45am bit bewildered hot. We found taxi easily lengthy wait receprion pleasantly surprised outr room. The modern like 5 star. The breakfast menu 'family room' reasonably priced. We didnt eat dinner snack menus great reasonably priced. We ate small restaurant around corner called Grand (next cracking little supermarket'. There 3 us ate starters curry drinks Â£12. There also burger king attached petrol station 10 minutes walk away. The swimming pool great view port. Concierge great helpful reception staff unhelpful ever. The Dhow Palace welcoming staff great barr live music. Would stay sheraton downtown dubai definately situated better place sister Bur Dubai. The shuttle bus beach also great reliable although beach August best location 45 degrees. Alos please avoid shopping Karama. Rip / fake everything looks good hassle loads. The best shopping Burjaman 10 mins walk 2 mins taxi !Big Bus Tour good, try see Mall Emirates, Waafi, Gold Souk dhow cruise. Do one tour day pick Burjaman.",0.37540656565656566,0.5669444444444447,Sep 28 2008
75,75,"Very Good Hotel We stayed 4 nights Four Points everything excellent.We Checked-in early morning due flight London,and time breakfast,our room ready.The absolutely spotless,the food good.There problems get taxi.If want beach,this may perfect hotel,you 10mns away taxi.Otherwise good general...",0.40937499999999993,0.628125,Sep 25 2008
76,76,"Not best location We stayed 3 nights part 6 night honeymoon Dubai. I booked new I love feeling new modern hotels. We problems checking in. As part &quot;honeymooners welcome&quot; gave us 2 cans lemonade! Too funny!! We really expect anything, comparison chocolates, cakes, flowers received hotels various destinations hilarious!Location wise I really disliked it. It walking distance much all. We catch taxi everywhere soon stepped hotel. I personally enjoy exploring places foot. Luckily booked another 3 nights Dubai.",0.2294803503787879,0.4979640151515151,Sep 10 2008
77,77,"noisy expensive rubbish This noisy ruined stay, hammering drilling day long drove crazy - building new bar less year opening like improving old hotel. Nobody seemed care, nobody told I went webpage disgrace. The existing bar expensive broom cupboard I've ever in, charge 12 US dollars single vodka added 4 US dollars coke go it. There lot people work local shipyard staying think place, gym one night one 3 4 workout benches got stroppy I asked share one, I asked Italian TV channel turned full volume changed gave sneer bad I left things got heated - good holidaymakers this. Take advice go somewhere else want good hotel.",-0.032454800101858916,0.444244970715559,Sep 7 2008
78,78,"Good We've stayed 4 nights April.The rooms big enough, complimentary water coffee provided. The lobby bar really small smoking. For breakfast they'll usual buffet style treats. Nothing big complain one time driver shuttle service Jumeirah Beach park refused pick us way back. We stranded wait 40 minutes cab.All nice close Bur Jurman shopping mall",0.12222222222222223,0.38333333333333336,Sep 6 2008
79,79,"10 10 What amazing hotel! Brilliant luxury short stay. I stayed Four Points nearly week I chosen better value I offered!The immaculate! Very good breakfasts get room including breakfast seems quite expensive own.The staff helpful, always smiling, happy give hand.I located onthe 7th floor preferred floor room comfortable. Floors, bathrooms, beds made every day! + paper delivered !The drawback lack decent restaurant hotel;-(WIRELESS INTERNET PLUS hotel. Although free access net room , got lobby, comfortable sofas spend hours browsing net However,I would recommend anyone visits Dubai either business shorter stay!To staff - THANK YOU !",0.3343627450980393,0.6380392156862745,Sep 5 2008
80,80,"Not good I night way opened I think. The room OK, internet, took hour bring bucket ice. The staff willing help know how. Looks like changed better.",0.225,0.5875,Aug 27 2008
81,81,"Top class service - best hol ever!!! I returned amazing holiday ever Four Points made happen. My boyfriend stayed 9 nights cleanest, modernly stylish - never wanted leave...i even cried! The room beautiful big, meeting expectations photos posted site.The staff very, friendly credit hotel, especially guys made room day perfection! Room service also good reasonable price - responded every whim!The roof top pool nice clean area loungers available time get crowded. The pool small swimming excellent temp cooling down. Unfortunately, missing bar, even sold water, minerals lolly pops would appreciated it.The restaurant staff friendly willing adapt tables required large parties stll couple areas privacy. The food good alittle expensive side especially minerals alcohol who's counting holidays!Overall, great stay hotel, one never forget hope return years time.",0.31798115079365086,0.611483134920635,Aug 24 2008
82,82,"Excellent value money location This fourth time Dubai ninth UAE. I chose time stay beach Bur Dubai instead. For price, fantastic value - spotlessly clean rooms large great amenities (large TV - better mine home!, sofa, dining/coffee tables, plenty wardrobe space, tea coffee making facilities etc). The rooftop pool good size plenty sun loungers waiters hand want order food/drinks pool.The breakfast buffet service say wide range food understatement! The staff friendly even let us late check-out extra charge.The courtesy minibus takes Jumeirah Beach back three times day.A good point make late departing flight - changing rooms, lockers showers next gym top floor, freshen even leaving late.Don't forget though, ARE staying here, need tell taxi drivers &quot;The NEW Four Points Sheraton Mankhool Road&quot; take older one nearby also Bur Dubai! (one even tried take us Sheraton Deira!!)Don't get wrong - want 5* luxury stay Jumeirah Beach (the Hilton Jumeirah fab) looking value money excellently located downtown Dubai, Four Points Sheraton Downtown certainly delivers.",0.27257169913419915,0.5131854256854257,Aug 18 2008
83,83,"Best place stay far We decided book couple days ended staying entire weeks worth! The rooms spacious, batroom equivilant higher end Hilton, people nice warmly welcomed us every time returned. Restaraunt - The buffet style restaraunt good food servers nice. It's little pricey however. We found small market shop Indian style restaraunt right around corner though. Pool - The pool roof. The elevator takes right door. Unfortunately pool deep (4 feet I think), still refreshing pleasent. You call drinks charge room well.Rooms - Spacious, clean, windows open (though I see would that!), view leaves little much desired, bathroom great.Service - Althought guys slow times, help matter what. We called countless times new robes glasses such. OVERALL - So happy went here. In fact, coming back another stay! Our friends booked locations nearly happy were. Some even ended us THIS hotel!",0.16143415724060883,0.5451927105152912,Aug 18 2008
84,84,"Excellent but.. I stayed five days July hotel, overall excellent. My take internet access free rooms (the charge per use really prohibitive). But good sense providing free wireless internet lobby.",0.3271604938271605,0.6320987654320986,Aug 10 2008
85,85,"Sore head Doesn't matter nice rooms are, banging, hammering, drilling ALL day long, within itself, can't appreciate them.Rooftop pool small, enough loungers. Pool staff friendly.Gym excellent, although little warm side.Restaurant overpriced food good. Bar small, VERY expensive. Everyone seems go Dhow Palace dinner drinks.Staff speak English well.",0.060576923076923084,0.5407692307692307,Aug 5 2008
86,86,Loved pool friendly staff Apart initially arriving wrong (there 4 Four Point Sheraton's Dubai) stay enjoyable. I checked early (8am) charged additional tarrif. Room clean new. The roof top pool welcome relief hot humid weather. I use gym looked fantastic well. Short walk shops hotel.,0.29907925407925406,0.6226573426573427,Jul 25 2008
87,87,"Great value A fantastic value - I found service good rooms good quality.The pool rooftop pool huge perfectly adequate relax heat becomes much.The gym cool modern machinery, trainer hand needed TVs watch work out.I buffet one night good.",0.48925925925925934,0.665925925925926,Jul 15 2008
88,88,"Enjoyed Stay We stayed Four Points Sheraton Downtown Dubai 2 nights stopover way Europe. We travelled 2 year old toddler staff went way help us. Our room spacious, happy provided complimentary bottles water.We found location ok, utilised car service (which over-priced) take us Gold Souk one morning. Taxis easy get, relatively inexpensive Dubai.As young son, venture evening Dubai ate restaurant nights. The buffet good value offered good selection.We definitely stay already recommended relative visited Dubai June, also enjoyed stay hotel.",0.3564102564102564,0.5025641025641027,Jul 15 2008
89,89,"Great business I stayed 2 weeks business hardly anything complain about. The pretty new, rooms large furnished modern style pretty large fridge helps staying longer time. You get great views, want sea view, book downtown hotel. The pool pretty big rooftop pool.The gym also well equipped quite large - I've seen many gyms hotels resemble homegym, aircon working without problems now. Finally, breakfast buffet excellent - breakfast selection, good full day business. The downturn lack experience understanding staff sometimes (e.g. check in, visitors) - good rules, also good experience rules followed time (e.g. presentation passport currently Immigration Department getting residency visa). Cleaning staff could also bit less noisy weekends.I admit I stayed summer period, meant great value money rather empty hotel. Otherwise pool might get bit crowded.Internet rather expensive - common kind hotels Dubai.",0.2779964826839827,0.5944872835497834,Jul 14 2008
90,90,"So new smells like new car Excellent facility. Great value. Location block main road, getting taxi difficult early morning late afternoon. I sure new, taxis include cruising routine. Complimentary water decent mini-bar. A/C worked great, lighting bit strange---either off. The switches yet coordinated fixtures (no big deal, either bright room pitch black----also could turn lights bed, get go front room). The rooms mini patio....nice touch.Courteous staff. Free wifi lobby. Great buffet breakfast selections....a full meal. Great piped music hallways plus interesting pictures old Dubai also hallways. You walking distance shopping malls convenience stores restaurants.TV many channels. Bed comfortable. Housekeeping clean prompt. Did use room service, menu looked good priced reasonably. Will stay again.",0.3684265734265733,0.6235586635586636,Jul 1 2008
91,91,"Excellent Value could better location I stayed 5 nights business, new smart I got upgraded I gold sheraton member. My room lovely breakfast - 40 dirhams continental - ask! Went gym pool really good open 10pm. The downside easy get taxis main road therefore cant flag one easily. When get one expensive. For restaurant within walking distance try Lebanese Village 10 mins walk, stand heat! Although lovely, I would probably opt Sheraton Sheikh Zayed Road nearer CBD.",0.2027710137085137,0.6565842143967143,Jun 11 2008
92,92,"A lovely The clean attractive, large rooms divinely comfortable beds. Our room (a &quot;Preferred Room&quot;) large bath tub good shower plenty hot water water pressure. A nice touch room international travel adaptor provided, I could charge phone without buy adaptor.The sound insulation excellent, even though opposite lifts, hear noise inside hotel, time I noticed something outside early one morning I sleeping badly woke around 4am hear call prayer.The breakfast buffet covered every taste, Middle Eastern dishes, American pancakes, bacon eggs, etc, well cereal, fruits, eggs cooked order. We booked price including breakfast - otherwise I think I would thought advertised price 80 Dirhams little expensive.The staff friendly helpful.The television good reception wide choice channels.The rack room rate quite steep, booked Easyjet hotels, around 90 Euros/night including breakfast, I consider excellent value money.",0.27530952380952384,0.558952380952381,Jun 4 2008
93,93,"A sound experience I booked week staying Dubai short stay I would recommend clean, central everything, good facilities small comfortable bed I ever slept I stayed 5 star + hotels Dubai. If short stay book.",0.2607407407407407,0.5172222222222222,May 26 2008
94,94,"Loved DUBAI!! Hotel new really immaculate! The rooms photos official web site suggest resort, decent providing basic amenities four star. Only thing missing opinion jacuzzi.The staff help much limited english spoken, wouldnt rely help excursions one really guide.In opinion, situated good place walking distant great shopping centre, minutes away Meena Bazar, short distance beech local tourist attractions!Best collect ternaries Bur Dubai Shopping centre really good tourist information centre!Travelling around taxi brilliant (avoid 'private taxis' con double price) use metre aware rate begin with! I would needed stay again!",0.24153460626674914,0.3840032982890126,Mar 28 2008
95,95,"modern lovely staff I come end 11 day long stay writing review room.Being platinum member, I upgraded corner suite really nice. The price difference big budget allows plan share room someone, go suite gives large living room, fully equipped kitchen, two bathrooms two flatscreens.The location isnt exactly charming nothing see immediate surroundings. However, convenient right middle old Dubai modern Dubai malls skyscrapers. Traffic generally concern city wasnt bad around hotel.What I really liked hotel:Modern design, everything close brand new.Great staff, always helpful. Everyone gym staff front desk restaurant house keeping super friendly.Nice roof top pool nice gym excellent service.The in-house car service nice albeit bit expensive short trips. Use longer journeys multistop trips.Breakfast buffet nice plentyful.What wasnt great hotel:Restaurant food ok great. Do take time explore restaurants Dubai.Internet connection slow. It possible watch streaming videos Youtube I find annoying.",0.19614942528735632,0.6145730706075534,Mar 5 2008
96,96,"Modern New Hotel Stayed two nights stopover Dubai. Brand new opened November- hence taxi ddrivers problem finding sure tell driver landmark next ensure go older Four PointsI arrived early hours morning concierge unable find bookig outside agent - however gracious enough still accomadate accordingly. As Starwood Preferred Guest I assigned Preferred Floor given daily voucher downstairs cafe.The brand new teething problems seem ironed out. The room larger fully stocked. bed Sheraton hotels delight pillow menu standard. There ample storage space, well stocked mini bar amenites included slippers, loofah, shoe shine etc. complimentry water. It pleasently decorated warm colours.The features rooftop pool good size gym. The gym good size good choice machines - good audio refresher bar juices, protein bars drinks. Breakfast buffet good selection (however hot choices go amiss). Cafe bar area serve food late. This designed evening diner still good mid day late night eats.The location 10 min walk Bur Juman centra bus take picks Jurmeriah. For well priced city good choice.",0.24226750261233024,0.4684778822709856,Mar 3 2008
97,97,"Fantastic new modern I returned 5 night break Dubai 3 nights spent new hotel. The short journey airport offers would expect 4 star city centre hotel. The modern clean feeling although stay leisure good business well. The gym one best I seen fitness instructors hand needed them. The rooftop pool, although I quite brave enough get in(it approx 18degrees).The service staff good professional.Breakfast offered could need: fresh fruit, yogurts, pasteries, croissants, breads, omlettes, cereals hot selection food.We stayed one bedroom suite two bathrooms, luggage room, dining area desk sitting area, kitchennette complete washing machine large king size bedroom.All nice downtown Dubai.",0.32207998350855493,0.5779839208410638,Feb 11 2008
98,98,"Great experience This brand new, modern, stylish -- pictures official site justice. Check-in little slow, one frazzled clerk attending four guests simultaneously, room great: spacious, big comfy beds, little sofa-and-table area, powerful shower, plasma TV, squeaky new. Internet access rather steep 80 dirhams/day (~US$20), least fast.The next morning, I hit gym, quite spacious well-equipped good selection treadmills, stationery bikes, exercise machines, fact pretty much everything except heavy free weights. There even European lady seemingly employed run center! The dressing rooms decent little sauna, steps slick rooftop pool would amazing little later year... I visiting January 10 deg C water was, um, refreshing side.My rate include breakfast, I get three &quot;treat&quot; coupons, redeemable various things like beer pretzels, fruit platters, muffins etc restaurant bar downstairs. The catch could used 11 AM 8 PM, I'd checked 10 PM leaving noon next day... I tried &quot;sandwich drink&quot; hip little cafe (complete pop art comic panels walls), expecting saran-wrapped white bread triangle, fairly shocked get amounted freshly made club sandwich (minus bacon) piping hot fries.Overall, two negatives hotel, one big positive. The negatives 1) close much anything, although walk Creek ~20 min got time weather permits, 2) really slightest hint Arabia entire place: totally anonymous modern style. However, big positive price: stay, booked days ahead, Dhs 550 (before taxes), around US$150, Dubai hotels I looked anywhere 2-4x much. Given ~10 min airport taxi, perfect one-day transit stop, I'd definitely recommend people little sightseeing time hands.",0.11470258136924805,0.4827160493827162,Jan 31 2008
99,99,"Nice New! Stayed one night Four Points downtown mid January. The brand new. The rooms modern service great. As reviewer said, need make sure taxi driver aware vs Four Points Bur Dubai. I stay next visit Dubai.",0.22425619834710744,0.44890725436179985,Jan 29 2008
100,100,"Great brand new design Dubai If like modern contemporary design affordable price - go brand new hotel. Be careful explain taxi driver take Four Points Hotel Dubai (&quot;Four Points Burj Dubai&quot;) new news common knowledge yet.The lobby public areas light, white wooden tones tastefully decorated. The rooms spacious seating area, leather couch dining table (Preferred floor). Compared Dubai hotels generally high price level real bargain.Some teething problems soon overcome (wireless internet work rooms, reception staff need training computer system etc) overall experience excellent. At first glance location seems bit way second sight walking distance busy shopping street - standard say Dubai?This really recommended, places get much less terms space design similar price.",0.14796969696969697,0.39989898989898987,Nov 9 2007
101,101,SchÃ¶nes neues Hotel gute Lage grosszÃ¼gige Zimmer!,0.0,0.0,Sep 26 2009
102,102,Schoenes Hotel - Detailbericht mit Ausflugtipps,0.0,0.0,Aug 27 2009
103,103,Gutes PreisleistungsverhÃ¤ltnis,0.0,0.0,Aug 21 2009
104,104,????,0.0,0.0,Aug 6 2009
105,105,???????,0.0,0.0,Aug 2 2009
106,106,Sehr schÃ¶nes Hotel fÃ¼r Kurzaufenthalt.,0.0,0.0,Jun 21 2009
107,107,FantÃ¡stico cerca del centro,0.0,0.0,Apr 25 2009
108,108,deception,0.0,0.0,Jan 21 2009
109,109,Me encantÃ³,0.0,0.0,Sep 3 2008
110,110,Four Points-gepflegt und neu,0.0,0.0,Aug 16 2008
111,111,rien Ã redire,0.0,0.0,May 22 2008
