,Unnamed: 0,Reviews,polarity,subject,Dates_extracted
0,0,"Nice Old Dubai A good location nice. Hard find nothing see hotel.But inside facilities good. Rare find German restaurant also there.The 24 hrs coffee shop good unlimited soft drinks etc provided. Breakfast good.Size rooms quite big. Good going kids.Don't go Dubai July-August, hot unbearable.Big shopping malls entertain. For short stay Feb-March OK.",0.33555555555555555,0.5527777777777776,0.5527777777777776
1,1,"Good Marriott We stayed five nights JW Marriott Dubai. The excellent. We used points upgraded charge Executive Suite. Check fast, easy, uneventful. All aspects hotel, fitness center ease getting taxis, outstanding. Hotel restaurants. We usually donât eat hotels first night, tired go out. There Italian restaurant charged $50 spaghetti, lasagna, large bottled water. It included eat bread, well. So, prices fall.Executive Lounge. One better lounges. Similar amenities Cairo Mumbai. Free WiFi, breakfast eggs/omelets order, fruit, cereal, works. You disappointed.",0.17984126984126983,0.5446825396825398,Nov 26 2009
2,2,"Great choice near airport Stayed two nights early October perfectly happy. Room spacious comfortable, w/more ample AC. Pool small, nice. Executive Lounge terrific breakfasts happy hour drinks snacks. Had also stayed 2004 equally pleased. Full recs!",0.40068181818181825,0.7636363636363637,Nov 15 2009
3,3,"Best Hotel Ever Stayed In Met guy airport, happened work there! He got luxury room 1/3 price. Everything top class amenties pillows. The size stadium. Everything first class.",0.3986111111111111,0.35555555555555557,Nov 12 2009
4,4,luxury best dubai famous luxury. jw marriot good choice u r looking close jumerah beach.,0.7333333333333334,0.6333333333333334,Oct 28 2009
5,5,"JW Mariott style Your usual goodness...JW all; great rooms, terrific service, stylish amenities, amazing roof-top pool Hookah tents chill escape hot sun. Awesome food...",0.4142857142857143,0.8214285714285714,Oct 18 2009
6,6,"Classic gem After long trip, arrived Dubai second visit. We chose stay 2 nights JW close old town, also enjoy good hotel.If main focus shopping, better stay end Dubai, traffic real pain. The shopping mall next joke around place many options.The boasts beatiful rooms, although views pretty boring. The breakfast decent gym seemed popular. The top floor (pool snack bar) kind let down, I expecting something large hotel. There many restaurants hotel, even starbucks lobby. We tried couple impressed, although food service bad. exceptional.I found serving arabic coffee lobby nice touch, everyone helpful little boy. Housekeeping efficient Reception welcomed us warmly even 7am. They understanding tried accommodate us soon possible.If want end paying double taxi fares, ask normal taxi entrance. The doormen(for commission purposes), would usually go luxury cars say anything expensive go long way. Overall nice stay, want retreat opt something else. This ficused business traveler.",0.15476297726297727,0.5115079365079365,Oct 9 2009
7,7,"Desert Beauty 10 days sun, sand sensational fun. The JW Marriott, business executive level phenomenal. The rooms neat clean date. They catered needs one point even helped packed stuff I could catch flight. I would definitely recommend anyone traveling. The thing I like location close airport far things I wanted traffic terrible certain times day. Overall fantastic business trip.",0.14069264069264067,0.6398268398268399,Oct 1 2009
8,8,Wowwww Unbelievable hotel. Wonderful food resturants . 15 minute cab ride gold market 25 minute cab ride Mall Emirates.Enjoy skiing. Extremely attentive staff. Spotlessly clean shiny. rooms roomy well appointed,0.37916666666666665,0.9,Sep 6 2009
9,9,A true five star hotel. My family I received true five star reception upon arrival hotel. I impressed service reception room. The staff polite extremely helpful. I liked close proximity airport would definitely staying next visit Dubai. Thank Marriott.,0.296875,0.6124999999999999,Aug 26 2009
10,10,"Dubai Business trip I stayed whilst travelling conference Dubai International Airport complex.The Hotel is, quite frankly, special indeed. Whilst I appreciate one really compare standard country norms rest world, exceptional terms quality.The staff professional moment I greeted door. The quaility decor truely first class. room I booked (a club room special discounted rate) palatial. separate shower bath double sink. The cloakroom area huge too. bedroom itself, could quite easily get lost. beds among comfortable I slept in, I always pine home bed whilst I away travelling, really saying something.The restaurants high quality quite expensive, I guess, would expect. But plenty different cuisines choose from.the concierge attentive oganising transport taxi services generally good get needed go. English problem there.The clubroom breakfasts (part package) excellent experience and, again, staff superb could enough help. applied fore early evening drinks nibbles.Overall, great experience.",0.3092087912087912,0.5256904761904763,Aug 21 2009
11,11,"Getting worse.... I used four times last two years convenient I working Dubai. The service become superficial visit.This time complimentary airport pick waiting despite confirmed email date, time flight arrival. Not want arriving Europe midnightWhen I arrived booking wrong - contrary email confirmation. Spending 15 minutes 1am sorting fun.When I got room, went get bed find live cockroach bedding. Now 1.45 I stripping bed make sure I six legged surprises!The room key disabled 12 midday despite late checkout paying 75% room rate privilege - means walking reception get key reset. Every time..... tiresome say leastI going back. There plenty hotels want business.",-0.015649551066217737,0.605246913580247,Aug 19 2009
12,12,"Dont know why-really didnt like This massive looks like hundreds rooms..Plenty variety eating area stay tainted pretty lousy service lobby lounge. Found getting around quite challenging due size bit confusing get pool area could sign posted bit better. Lucky enough party room next early hours morning also coloured views. Wouldnt stay - many quality hotels similar price offers better value,",0.1238888888888889,0.5205555555555555,Aug 14 2009
13,13,"Great Value For US Government Travelers Agree favorable comments reviews. Spacious room, friendly competent staff (Business Center able get us confirmed flight Djibouti able accomplish own), outstanding buffett restaurant sports bar; excellent coffee, etc., etc..The US Govt charged us, tax, less $130 per night. For cost, location, value offered almost unbelievable.If traveling US Govt business, stay here, safe Uncle money, enjoy.",0.4006410256410256,0.6467948717948718,Aug 5 2009
14,14,"Do NOT stay want form service This worst Marriott I ever stayed , I stayed 55night chain last 12 months .Service dreadful I pre ordered wine room arrive charged ! Room service food cold , hot water room , Rooms tired noisey move rooms 3 times , hot water room luke warm.The DVD player work fix offer replacement Reception staff rude , I ask 4 times icce delivered room .I really strugling find anything positive good thing beds comfortable otherwise every way BAD !!",-0.2159090909090909,0.7349134199134199,Aug 2 2009
15,15,"Truly 5* every sense. Staff excellent location average cheap cabs make problem I say one best experiences life level. The standard service second none; check staff, restaurant pool staff made us feel welcome. The bed probably comfortable I ever slept in, steak JW Steakhouse definitely best I've ever had.Lets start arrival; close airport (the negative location mentioned reviews), got 30 mins stepped plane thanks part Emirates super fast new terminal. This meant room able shower overnight flight within 45 mins landing. The instant cool air conditioned (vast) lobby welcome. The friendly receptionist noticed passport birthday I cheekily asked may upgrade available, happy accommodate upgraded suite. Not bad start.After getting settled room, brought fresh fruit juice well ice water, heading fantastic roof top swimming pool. It 45 degrees shaded areas pool good temperature. The staff pool also kept coming round cold towels (more!) fresh fruit.In evening ate JW Steakhouse I honestly best steak life - Wagyu Ribeye like butter mouth. My girlfriend steak selection rump, sirloin fillet fantastic. It cheap (about Â£150 2 mains, wine coffee) Wagyu Â£50!, still fantastic value quality food. I ate Al Mahatma restaurant Burj couple years ago much better.Whilst location ideal, city cabs cheap Â£10 Jumeirah hotels restaurants visited located. Warning - make sure take city cab (yellow taxi sign), private taxis say price double ride marginally nicer car.We visited Atlantis Aquaventure (good value summer even cheaper (150 Dhs) 3pm 6pm - found enough time). I probably would disappointed I'd paid full price 300 Dhs. We also went Jumeirah beach - ok honest better things Dubai - summer sea like bath!One thing I strongly recommend visit Dubai Mall Burj Dubai - quite something see world's tallest tower next world's largest shopping mall, front world's biggest fountain - think Bellagio x 10 - light sound show amazing runs every 20 mins.As late flight (3am) happy hold bags provide us beach towels left. Loved Dubai even time round, largely due choice hotel. I would happily stay again.",0.31784500409500416,0.5775914550914549,Jul 2 2009
16,16,"Refined hotel... unrefined location cheap cabs OK... lets get bit way... location rotten... well, stinky rotten, undeniably poor. Its close airport though, closer hotels, airport, location real upsides, want stay airport night... stay airport, want stay Dubai, stay Dubai proper, yes? Well no, actually, comes one fact... laughably cheap plentiful taxis!Before go on, short explanation Dubai cab system. Firstly standing charge, thats Â£4 airport Â£1 streets. The fare thereafter 33p per mile! With charge waiting time, well, roads packed vary dead stop (which last long time) murderously fast. Driving Dubai nightmare, heck take life hands merely crossing road (Tip. dont jaywalk... unless want turned jam, motorists neither give expect quarter relentless war movement... frequently, non-movement!) No mercy shown here, uncertain hire car jockey expect relentless abuse. But cabs cheap, hire car suffer? The citycabs invariably relatively new airconditioned Toyotas painted beige different coloured roofs depending upon company operates licence.Nonetheless aware alongside citycabs exist private cabs. These generally luxurious, Lexus BMW... alternatively peoplecarriers larger capacities... also expensive, expect pay 50p mile fitted meter, otherwise fix price getting in. The Hotel porters unfairly accused summoning private cabs I dont think thats so. Mostly citycab dropping someone use those, momentarily case porter go roads flag first cab. I saw private cabs waiting near many occasions pull in. If want citycab make clear porter. Dubai sprawling urban metropolis, semi-independent citystate UAE, wherever stay close near, wont anything like everything... see I mean! The JW close none touristy bits... airport... yet less Â£5 one municipality airconditioned cabs get anywhere around sprawling city. The cost cabs cheap JW becomes consider... And well worth considering is!All rooms sumptuously furnished fab Marriot bed. The buffet breakfasts astonishing breadth choice. The swimming pool area top tranquility dusty, busy streets below. The JW huge number restaurants premises mention similar number mall connected hotel. Food choices hence abound.Service throughout faultlessly good special mention must go JW Steakhouse, wonderful service, great surroundings Chateaubriand steak missed. Others commented fab JW steakhouse I concur. No restaurant Dubai stood it, even Burj Al Arab... yes eat pass hint, want go top need book afternoon tea, it'll anything like Claridges... least get view top Burj. The Burj fact 25km Hotel cab Â£10 way... As I said, cabs laughably cheap!!Now whilst cabs cheap, booze, I afraid, not. Expect pay Â£7 330ml beer since alcohol sold bars, avoid punishment whenever drink out. Off licence alcohol, find apparently hideously expensive... I read unavailable tourists (officially &quot;dry&quot; city, non residents drink alcohol bars, licences purchaser needs licence!). My advice... pick slab cans duty free arrivals hall Dubai International, arriving Emirates next baggage reclaim. Still expensive, murderous, personal allowance 24x330ml cans cost Â£19. Put hotelroom fridge least daytime drinks covered. AND May, room daytime, temperature unbelievably hot.We would get 6 7am, go pool sunbathe hours, come breakfast 10 siesta room go airconditioned areas till 2 3pm we'd go beach, venture non airconditioned sights souks.I know many written stating Dubai longer bargain palace was, exception alcohol food, Dubai ranges relatively inexpensive bonkers cheap leave behind main tourist trails. Do note, getting beach cab ride definitely, planning going beach day, every day, I'd suggest stay hotels around Jumeriah, although miss Dubai... aha, choices, choices!Next, do? Well, big recommendation one... definitely Desert Safari, experience lifetime, one wont forget. Do beware, desert safaris get pay for. Ours cost relatively expensive 250aed per person, booked via concierge, driver consummate expert took dunes much adventurously others, jeep higher end market made ride much better faster acceleration, also took part &quot;dune rally&quot; end, rather heading straight road did. Do it, regret it!Also go evening boat trip. This one booked conceirge, they'll recommend hideoudsly expensive cruise. Just go waterfront evening want go 7.30pm. Walk past boats owners reduce prices business, since leave 8pm others 8.30, need start meandering around 7.30pm. Our trip included food unlimited booze half cost recommendation... absoloutely excellent!Lastly, Souks another must. Walk around, drink atmosphere get haggling! You'll walk away bargain great afternoon/evenings entertainment!So, finally, returning hotel... all, great sized rooms, fab public areas, direct airconditioned walking connection good mall (the bureaux de change mall offers excellent rates, change sterling there) wonderful rooftop swimming pool attentive staff, scrupulous cleanliness definitely deserves 5 stars... No Claridges, opulent 5 star palaces, neither charge like them. This full on, solid 5 star experience, astonishing roomrates makes value proposition base expore immerse city.",0.12548515131657334,0.5264233091067955,Jun 18 2009
17,17,"Excellent Staff Brilliant services I frequently keep travelling Dubai one nighters, provided best stay far.The staff exceptionally warm eager help, location conveniently close airport, yet also close malls attractions.The also provides free coach service one biggest malls around - City Centre.The rooms spacious clean, housekeeping keep room magically tidy whenever step (unless theres DND door).The food room service menu delicious award winning restaurants boasts of. A must try Lamb Biryani.If fan cuisine, definately step Bamboo Lagoon Market Place restaurants!!! The buffet yummy, theres something interesting everyone (apart live music dancing).The Friday Brunch highly recommended pay walk (and eat want) restaurant next 12 hours so!The thing doesnt make sense rooftop pool, taken boiling heat dubai, pay visit aftr sun sets.But gym spa well equiped!A must try first timers, services help rendered staff worth every penny.",0.3585468319559229,0.5692424242424242,Jun 5 2009
18,18,"Excellent Stayed weekend got 3 nights 2 special via visa promotion.The manager competent courteous. Spacious clean rooms. Good size bathroom, Greeted one first day lovely tray fruits coffee. Free valet parking. High cost internet ridiculous side.The Friday brunch excellent. Excellent gym roof top pool relaxing.The staff come around offer guests strawberries enjoy sun lounging.The ambiance grand could fault hotel. Thanks manager team excellent service.",0.4973934837092732,0.7190225563909776,May 28 2009
19,19,"Enjoyed The Marriot This enormous I honest walk suite (which beautiful) getting lift, I thought I never going get there. Unfortunately stay overnight I impressed hotel. There enough goodies suite forego dinner. It would lovely I could stayed longer fear I would seen nothing Dubai suite luxurious I think I would wanted leave it. Would hesitation ever staying again.",0.3277777777777778,0.8611111111111112,May 26 2009
20,20,"This keeps getting better I've stayed several times buzz gets steadily better. The bar snacks prices bit steep, sure, bit fight get free conference wi-fi extended evenings, whole staff can't much please you, food good, rooms sizeable, conference facilities excellent (a huge ballroom instance), policies generally lax sightseeing excellent. This excellent illustration Dubai's superiority rest region hospitality stakes. I forgot mention superb gym, Griffins. Look Tarek, he's gem. You could even take family place would disappointed.",0.44666666666666666,0.6692592592592593,May 6 2009
21,21,"Great pro-active service made trip I stayed JW Marriot two nights. We flew Dubai, although business Abu Dhabi better flights. I received e-mail week trip JW virtual concierge service asking anything I needed special requests. As I Dubai I knew pretty easy cab sometimes cabs picky want go since late flight colleage, I want deal I asked car airport one take us Abu Dhabi following day. We got - car member Marriott staff waiting us customs helped expidite us lines got luggage carosel going customs. We drove 7-series BMW cool towels drinks (water). We upgraded enormous suites. Yes furniture &quot;of moment&quot; good shape staff wonderful. On return stayed another night . I sure THE Dubai luxury experience, business travel god value GREAT service. I woudl definately stay again.",0.3850340136054422,0.724546485260771,Apr 19 2009
22,22,"Pretty good corporate Don't expect character, big corporate hotel. The rooms mostly around atrium room looked pretty ugly road/car park. Still sound insulated suite everything needed.",0.15555555555555556,0.5111111111111112,Apr 15 2009
23,23,"Stupid bathroom lay cleanliness issues Hi, I stayed 2 nights Atrium wing. This place huge. Room: Pleasant look dont look deeply. Alot wasted space. No wireless. beds comfortable. 2 AC controls hard regulate temp. No kettle! Room showing wear. beds close wall one side.Bathroom: stupidest lay ever! Toilet behind frosted glass door doorstop feet. I swear mixed bedet toilet construction. Lots mildew grout shower previous guests hair strings present shower bathroom floor.The staff stars property. It also near airportThe restaurants OK. The pool roof. The fitness area OK There better places stay DXB. Just stay really need earn redeem points.",0.06912615740740741,0.4347222222222223,Mar 26 2009
24,24,"good typical marriott hotel- good business stopovers tourists This typical plush, business oriented J W Marriott. I gold card holder upgraded suite nice plus. Rooms typical Marriotts know get- dvd players good standard- usual sublime marriott beds them. (best industry!). No balconies back back buildings- expect room view... get one!I problems cleanliness room -and thought staff cleaning rooms polite, friendly efficient. The exec lounge also one best Marriott group has- offering great variety (free) food snacks 24 hours/day- 2 hour slot evening canapes free drinks (wine, beer, spirits- cost fortune bars dubai definintely worth booking get exec lounge access. Pls note- drinks crazily priced places licenses- tip would throw bottle case- buy duty free shop way in). People using mainly business people airline crews support teams. And dress code thus bit formal.The pool area perfectly ok - roof top respite dusty, construction obsessed Dubai. The service bit slow, first attempt order food resulted hour's wait lot chasing- albeit good enough charge me, occasions faster (in fact- would one small complaint hotel- follow take long time depts, small requests like wake calls get completely forgotten!! forget one day missed tour overslept..). There big gym, sadly spa such. They offer 3 basic (and over-priced massages) it. close 8pm massages- day- tough luck! A bit surprize spa given size hotel.Location-wise- 10 mins airport ( 30 aed- 6Â£ get mere Â£3 airport good standard taxi service.). You 20 minutes walk creek (think M Palin dhows) might best place stay bit local culture (what left it) views think best location nice restaurants area pretty good prices v London (altho 36 degrees plus- perhaps better walk), 15 mins one malls- Deira city centre (altho crazy prices- much higher UK forget shopping myth)- also get big bus tour. Now- best find Dubai. For Â£40 get ticket valid 2 days hop - buy 2pm use til 2pm next day. There 2 routes- central Dubai beach route. Included hour's walking tour old iranian settled part wind towers -and spice gold souks(the one old part blitzed sadly new concrete jungle). Plus dhow boat tour hour. plus entrance 2 museums. Tips anyone contemplating long stay 2-3 days beach area- research carefully. The beach area thought horrible- artificial concrete jungle hotels buildings construction going right next hotels- including really tacky atlantis also ultra expensive burj jumeirah hotels. (construction going ground halt presumably due financing issues? Dubai pretty bad either feel bit like small part actor ME style disneyworld film set construction site....). Worth visit tho see- may even like it- 3 days would hindsight quite enough.....I would recommend definitely anyone going business likely friends going 2-3 days wanting beach experience (i wld recommend Dubai beach tho full-stop). I wld tho say also look creek facing hotels balconies..",0.12610451150157037,0.494993251846193,Mar 19 2009
25,25,"Staff made trip The prime people want safe, affordable non-beach experience. The co-located small mall, next police station, near airport central almost everything else. While room initial cleanliness issues, made attentiveness service. The staff Vienna Cafe made jet lagged children feel welcome way parent appreciate, latte divine!!!! We especially happy get local tips advice concierge desk. It seemed business traveler hot-spot enjoyed attentiveness received.",0.2625,0.47083333333333327,Feb 26 2009
26,26,"true JW I'm platimum elite marriott member Worst stay Marriott property ever, I travel living rely Marriott quality service, lacking here. The rooms smelled like smoke I complained sprayed air freshener room. The service I received standard lower Marriott properties made little attempt improve 2 week stay. It got bad I changed hotels get there, since itâs close airport itâs favorite pilots thatâs it. It looks nice fails live expectations mainly due service. The redeeming value JW Marriott steakhouse. The best restaurant Dubai, best steakhouse I in. Don't stay go meal never forget",0.04992424242424243,0.5527777777777777,Feb 9 2009
27,27,"Christmas Dubai We decided spend end year Dubai settled JW Marriott. I check Trip Advisor saw received good reviews, made us decide choose I say good stay. The meticulously clean constantly swept cleaned. We booked two rooms interconnecting door, could keep eye kids. 'The Market,' restaurant presented wide range breakfasts âJWâsâ steak house basement served delicious meals. We ate three times I say much better meals Burj Al Arab elsewhere. There also times breakfast 'The Vienna', ground floor, food, again, delicious. The concierge friendly helpful booking meals Burj Al Arab (Xmas Eve) Babs Al Sham (New Years Eve). They quickly told guests Gaza bombed Israel King Dubai issued edict stating would fireworks display celebrations street. As result quickly booked alternatives kept us updated would disappointed. They would readily book us taxi/limo shuttle take us ever wanted. The choir sang evening Christmas Day pleasant surprise note place. If Iâm lucky get opportunity going Dubai again, I certainly would hesitate stay Marriott.",0.30463943950786054,0.5925951241740716,Jan 5 2009
28,28,"Good Hotel best Dubai This located Deira, old part Dubai, near Dubai airport.The Hotel &quot;old&quot; modern city Dubai, open 1993, new extension open 2000.The rooms new extension (they call Times Square room) bigger old part.The nice, compare hotels Dubai, find standard 5 star business hotel, luxury hotel.The staff great well trained.There small shopping mall connected hotel, doesnât grocery market.The disadvantage 5 star hotel, coffee tea maker room!",0.2057486631016043,0.4667112299465241,Dec 17 2008
29,29,"Good Business Deira Choose business Deira airport area. Road access, Dubai painful. Close airport. Good brand standard hotel. Claims 5 stars really 4 star done well.Good choice restaurants, valet parking bells whistles might need. Internal connection rather average shopping mall.",0.15625,0.4,Nov 29 2008
30,30,"five stars ! Stayed 18th 20th november, always maintains high standard, clean , friendly greeting professional front desk lobby staff, room high standard well equiped, turn service nice touch.I ate one restaurants , must praise manager german restaurant, always friendly welcoming, gripe price cable internet rooms 20 ponds 24 hours bit steep compared hotels/ marriots, despite would recomend anyone travelling dubai short trip, close airport, takes 25minutes even heavy traffic. Great , great staff !",0.20092283950617282,0.4531049382716049,Nov 21 2008
31,31,"Loved hotel! I absolutely loved staying JW Marriott Dubai. A friend I went weekend Dubai happy. The rooms ultra comfortable, big, clean. The bathroom especially nice. The staff accommodating kind. Restaurants excellent, especially steak house. The sports bar unimpressive hard find though. An excellent choice want stay city centre Dubai. I would definitely go back!",0.5115384615384615,0.7416666666666667,Aug 4 2008
32,32,"Solid My second stay here, 4 year gap between. It's fine city hotel, restaurants good proximity airport make good option arriving late leaving early.The rooms starting look little bit tired now, I saw changes last stay I think thinking spruce really. That's say shabby, far it, put this, I think could go way careful (carpets starting frey little edges, wallpaper starting peel little there.",0.05318627450980393,0.42156862745098034,Jun 29 2008
33,33,I enjoyed staying JW Marriott kids I enjoyed staying JW marriot family. I would strongly recommend families children. Also Hammer shopping center walk main lobby.,0.3,0.5133333333333334,Jun 2 2008
34,34,"Great Hotel The rooms nicely appointed. They clean, spacious, every amenity imaginable. The bed comfortable bathroom huge. The staff friendly helpful. The downside location. It located business/commercial area close tourist areas.",0.4630952380952381,0.8357142857142857,May 25 2008
35,35,Dubai Great City! The JW Marriott wonderful fine experience filled many restaurant wet appetite every moment. The location outstanding staff go beyond call duty make stay memorable.The room public space extremely clean must dine JW Steakhouse Cucina Italian Restaurant. Both outstanding!My hats GM entire staff!,0.37121212121212116,0.5742424242424242,May 13 2008
36,36,"Good location see We stayed JW Marriott 7 nights. Our room huge eventhough suite staff treated us like guest. This clean, lot options meals, conveniently located plenty cabs coming going hours (Dubai taxi cab problem.... enought them). I nothing bad say hotel. The staff accommodating, getting us checked 9:30 a.m. 6 a.m. flight arrival.... unheard of!One thing I loved rooms like small apartments - bathroom separate bedroom small living room area sofa coffee table besides desk chair. The bathroom divided two tooms - one double sink, large mirror, closet, room toilet, tub, HUGE shower. I would stay sure.",0.14884126984126986,0.5712751322751324,Mar 7 2008
37,37,"Good business airport Stayed mid Feb business. Smart, well presented helpful staff. Situated Deira 10 minutes airport. Hotel much local Emiratis Middle East customers tourists seeking round Dubai experience. Hotel situated residential area older part Dubai local shopping mall next door. Hotel good location business meetings area stopover needing good place near airport. Can quite long trip Jumeirah beach areas stuck regular Dubai traffic chaos/jams. Good location catching early morning plane. Excellent standard rooms; large spacious spotless. Excellent breakfast buffet large choice restaurants. Even Sports Bar basement. Arrived early morning staff kindly arranged check-in 1030 hrs morning hastle. Cost varied Â£100 Â£150 per night 4 days.",0.275352733686067,0.41056505223171896,Mar 3 2008
38,38,"favorourite \dubai J W MARRIOTT - DEIRA (BUSINESS END) DUBAIThis something else! The staff 2nd none-the food world* We ate ate Burj al Arab one night treat (Al Muthahha-23rd floor approx?) crap! We dissapointed decor restaurant, even ripped carpet there!! Over priced-dont mind paying good food surroundings, would suited casino bingo hall.The market place restaurant Marriott totally splendid, good quality reasonable. The gold souks great-buy material enjoy dressmaking! It interesting, shops totally awe inspiring. We went Ramadam, evening called 'Iftar' fast breaks, eat like kings. No alcohol served 7.00 evening, plus Ramadam dont eat drink public! Its insult Muslims. Al Karama place go absoloutely everything - even fakes! handbags,watches shoes. You haggle laugh. Dubai, populated Indian workers, shop keepers, polite. If I could fault Marriott, swimming pool small size hotel, great fitness room. ~Get taxi Jumeirah beach, dont go morning/evening rush hour! traffic manic.Dont take camera beach prevented using it! Dubai definitely list go soon. I love Middle East-and know too. Remeber display respect way dressing-its Benidorm! read info Sharm-el-sheikh.",0.2598015873015873,0.4974603174603174,Feb 25 2008
39,39,"Great Service Pros: Everyone friendly us JW Marriott, willing go beyond help. The location convenient airport far major city attractions. If access executive lounge, nice one fantastic food beverages. We flawless stay here. Cons: At certain hours take (15 minutes) get taxi hotel, though might like throughout Dubai. I think would child friendly place compared hotels Dubai (great want quiet hotel, worse children).",0.293781512605042,0.6105742296918768,Feb 22 2008
40,40,"Loved JW Marriott I returned Dubai stayed JW Marriot 10 days.We 5 adults baby, Hotel superb comfortable stay all. There 14 restuarants used open air swimming pool wheather permitted. We 2 days rained day rest holiday dry hot. We went lunch BURG AL ARAB Â£66.00 p per person well worth it.We also hired 7 seater mini bus driver site seeing. I found Dubai hugh construction site 10 days much, much shopping do.We went Emirates mall, Burgaman Mall, City centre Mall, Meena Bizzare also desert safari great fun.I think couple days stop going east long weekend would enough Dubai.The best thing holiday JW Marriot. A first class staff friendliest seen long while.The Taxis hard get hold shopping malls traffic bad.I would want drive Dubai.",0.2515562678062679,0.5411858974358975,Jan 28 2008
41,41,"Absolutely top class! Stayed 2 nights return New Zealand New year wife 2 children. The absolutely superb!! Top quality accomodation good price. The staff highest standard, courteous times nothing trouble all. The concierge staff particular I would commend knowledge ability get things done you.We ate JW's steakhouse, best steak ever!!We also ate market place amazing brunch Friday, lasted noon till midnight, could eat, selection food second none. Amazing value.Lastly, beds.........amazingly comfortable.The situated old part town price taxi's cheap, problem getting around.I would hesitation using again.",0.40902462121212113,0.5026515151515152,Jan 6 2008
42,42,"Very good Hotel! Stayed four nights business pure delight!The staff friendly helpful, service excellent!And, steakhouse!! Don't miss opportunity eat Wagyu beef, I better steak entire life, fact I ate two nights row.Nice pool top. I strongly recommend unless swim open sea.Peter",0.42616722470238094,0.5985416666666666,Dec 11 2007
43,43,"Nice nice price Stayed Executive Floor (great deal) wife 3 nights. We stayed JWM Dubai 2000. The changed much. Nice 5*, good service, albeit bit dated.Rooms large king sized bed, good sheets/comforter/pillows. There also sofa, 2 chairs, coffee table, magazine rack, desk, TV stand/TV (nice, flat panel LCD/plasma). Standard mini-bar HIGH prices (you buy 4 bottles alcohol Arrivals Dubai Duty Free; take advantage it, wish). There in-room safe nice selection amenities (robe, nice towels, toiletries, etc).Room comfortable, bit dated; looks like furnishings 2000. Get interior room overlooks indoor atrium; great view area around restaurants beats street view. The 15 minutes airport, depending traffic (which awful). If stay executive floor, complimentary pick-up/drop-off service from/to airport (a nice Mercedes sedan). The driver meets lower level arrival terminal, prior immigration control. The location OK, great. It's connected small shopping center (Hamrain Center), relatively close shopping. But bit ride main shopping areas (but taxis relatevely cheap).Service good; housekeeping kept place nice folks executive floor desk helpful. The executive floor lounge nicely furnished decent breakfast buffet, heavy hors d'oeuvres night, snacks coffee(cappuccino) sodas throughout day complimentary 'name brand' cocktails evening. Service lounge excellent. There complimentary wi-fi service executive lounge, two internet capable computers printer executive floor business center. There several good restaurants. The Steak House may best town, German restaurant good. We ate Italian restaurant (same area Steak House); romantic setting good food. About negatives hotel: - coffee maker room. A small point, coffee, etc., lounge. But great us like cup Joe showering. - in-room internet access 100 dirhams/day (about $27 USD). Again, wi-fi lounge, charge excessive rate premium room?Overall, I would recommend hotel, especially qualify discount rate. Not much glitz/glamor newer high-end hotels town, nice room good service.",0.26938805346700084,0.5648872180451129,Dec 2 2007
44,44,"Four Seasons quality Marriott prices. We platinum members regular room. It great. Everything simply wonderful â large room, perfect condition separate marble shower, bath sink. About every years I find ambience incredible I feel I could move there. This one. The concierge lounge breakfast included six hot dish choices (e.g. beef bacon sausage, potatoes) could eggs order. There perhaps 20 items ranging European cheeses hummus best baba ganoush I ever tasted. Our first night included buffet next day (Friday Sunday Muslim countries) I inclined skip mentioned three times check-in. went treat was. There half shell oysters France, fresh sushi free Sake, Munich-certified Hofbrau house Munich much, much more. You simply went restaurant restaurant selecting whatever choose.I never Grand Hyattâand I cannot imagine could top experience JW â arguably best ever stayed Gold / Platinum members Marriott many years Starwood also.",0.37769151138716356,0.5159221213569041,Nov 23 2007
45,45,"An old 5 star I chose stay JW Marriott Dubai I Platinum Marriott member internet description Marriott website made sound enticing. I stayed seven nights. The less 10 minutes airport (about $15 Dirhamâs airport, $25 Dirhamâs leaving airport) great traffic Dubai morning evening horrendous. Upon entering 11:00 pm check-in lobby grand well appointed. I reserved four rooms others party. Check-in routine. I upgraded suite second floor room 275. Upon entering room big living room bedroom one side. I stay Marriottâs 100 nights per yearâ¦.this room needs updated. The furniture room oldâ¦and seen many better days. The bedroom standard Marriott King bedroomâ¦.nothing fancy it. Internet service run $30 U.S dollars dayâ¦.its free Concierge lounge access. The real fun began first night. Room 275 sits small group restaurants. Karaoke bad live band played 12:30 a.m. Cigar cigarette smoke made way air-conditioning system room every nightâ¦..so turning early evening must. I requested moved first second mornings noise smokeâ¦.they said would see could doâ¦.nobody called backâ¦or even note account I asked. The band played every nightâ¦and many times listen Brown-eyed-girl Beach Boys grow sick it. I tried breakfast two mornings Concierge loungeâ¦pretty disappointingâ¦.just cheese, fruit pastries. The Market Place restaurant isnât much better either. The ethnic food interesting tryâ¦but donât know cook simplest things like eggsâ¦.and service sat spottyâ¦.donât expect coffee refills. Went pseudo Starbucks get cup coffee 9:50 one morning told girl behind counter going break come back later. Ate dinner Hofbrauhaus one night group good time. Great beer food ok. The great health club top floor. Squash courts, free weights, Cardio room, sauna steam roomâ¦.its there. The roof top pool nice well. There plenty seating sun outâ¦and attendants walk seat even open umbrella you. There bar food service well. I lunch Grand Hyatt Dubai one afternoon I believe 7 star hotelâ¦.it amazing say least. You canât compare two hotels even little. I wouldnât say JW Marriott Dubai anything special; fact itâs disappointment. I stayed JW regular Marriottâs years I feel meet many above-average standards expect JW. My bill around $2700 U.S. dollars one roomâ¦.for four rooms $14,000. When go back Dubai, definitely stay Grand Hyatt JW Marriott isnât worth price.",0.21298997113997117,0.47688766788766784,Nov 8 2007
46,46,"Always good bet I stayed The JW times, use choice Dubai; however prices went budget doen't always cover extra cost.I stayed recently conference glad find service good ever, facilities top notch I remember.The food always good, rooms clean (if little dated compared options offer Dubai) gym facilities also cater needs.If looking somewhere base self shops, bad, beaches bit drive.All all, business pretty good.",0.1602777777777778,0.5727777777777778,Oct 8 2007
47,47,"Outstanding Service The bad thing I say location. If looking something close airport perfect you. Beautiful rooms great beds, good dining modest relaxing pool area. If like Asian food I recommend Bamboo Lounge. About 60 USD eat drink (including alcoholic beverages). The sports bar Champs good quick bite. It go steak restaurant looked upscale.There obviously better hotels Dubai I would, without doubt, stay JW again. P.S. I military member got room discount rate USO",0.3228888888888889,0.6314444444444445,Aug 23 2007
48,48,"Great bad beach Recently back 3 night stay. This first time Dubai. The less 5km airport 15-20minute drive depending traffic, 9USD. The rooms nice, pretty much typical JW business hotel. Great comfortable beds, room faced airport runways, obviously view. The windows double glazed never heard street/airport noise. However hallways quiet. Beware weekend stays, alot weddings. It connected Hamarain shopping center, food court 2 levels shops. There coffee room like US Marriotts have, Vienna Cafe lobby nice selection coffee pastries. We ate Cucina Italian restaurant excellent pizza. Also dinner Bamboo Lagoon, buffet various cooking stations Asian type foods fabulous desset assortment. Prices vary without alcohol restaurants. The offers fabulous deal want spend day beach. You book lobby concierge day 21USD received transportation (private BMW sedan) Jumeriah beach area (Le Meridien hotel) given gift bag assorted items use beach. You dropped 1000 picked us 1600. We given cold lavender towels cold Perrier water drive back, (A regular taxi ride 25USD oneway) quite bargain. The JW crummy location, want get away day, would highly recommend day trip. Also offers 1/2 3/4 day rates due large percentage late night flight departures. We checked 1900 charged half day. Nice touch. I personally found fitness room small, roof top pool okay, get crowded quickly. The staff great anticpate needs. My negative comment personal level, smoking allowed everywhere. Smoking/non-smoking sections restaurants theory only. Do like eat meals second hand smoke, poor location, JW great place stay, wish beach.",0.11975238095238096,0.5087432234432234,Aug 8 2007
49,49,"great bad location Stayed July 18-20.It first time Dubai, map seemed good location, scale map sufficient! For life me, I can't figure located is, except 15-20 minutes airport. Otherwise, nothing nearby I saw, walked around times. It 30-40 minutes Mall Emirates, Burj Dubai, Jumeirah Beach, etc.Otherwise, inside typical JW- spacious, clean, everything excellent condition. Unfortunately, views had, room looked courtyard, meant natural light- best ask outside room. The room big, big, comfortable bed, small sofa, big bathroom. No complaints room. The fitness room exceptional hotel, rooftop pool nice- stylish, swim bar, plush towels, everything want stand kind heat.Hard recommend staying due location, great hotel.",0.27819444444444447,0.5860416666666667,Jul 21 2007
50,50,"A cockroach sleeping pillow I came back country last Friday Dubai, I stayed JW Marriott Hotel Dubai, I wish I hadn't, imagine I found sleeping pillow, cockroach.So I called management immediately told it, saying sorry changing bed sheets, even change room us, gave discounts, really awful.The food great, I remember one morning I found rotten cucumber breakfast buffet, I asked staff usually said know sir. What bad experience. What I telling them, I wanted see cockroaches I could book 3 star less, five star hotel.",-0.07708333333333331,0.375,Jul 1 2007
51,51,Superb beds This beautiful destinantion Dubai. The outstanding aspect mind bed. Marriott use de Witts beds. It comfortable I pulled sheets find name tag! In keeping level service standards really superb. No wonder Burj al Arab always half empty ther need spend stupid amounts money stay monument architecture everythig need 5 star here. Close great shopping.,0.3981481481481482,0.787962962962963,May 23 2007
52,52,"What Fab place! It said JW Marriott never seizes amaze me! During last stay I enjoyed tremendous service across board smiling courteous staff. On particular occasion, Nutter I am, I managed loose credit card. I approached Front Desk staff asking help I due depart later day. Almost instantly search mission commenced involved tens people. Sure enough, credit card found within minutes reporting incident, weather luck thanks great efforts involved I remain loyal grateful customer hotel. Thank JW Marriott!",0.23676739926739926,0.5416514041514041,Apr 19 2007
53,53,"Fine expect If know Marriotts, there's surprises one. A bit dated looking decently run, average gym.Pros:- Near airpot (given Dubai traffic, big plus)- Great gym- Big, spacious building- Great conference facilities- Professional service- Great Italian restaurantCons:- Uninspiring decor- Wireless work exec lounge- $36 day room internet - give break- Crappy neighbourhood",0.2527777777777778,0.38472222222222224,Mar 28 2007
54,54,Luxury Hotel- Good Location A good luxury good location Dubai. Walking distance 24hr shopping. Opposite small shopping mall.Spacious rooms. Very good restaurants especially Lebanese one. Would recommend it.,0.39428571428571424,0.5685714285714286,Mar 10 2007
55,55,"Not bad considering While I agree complaints previous visitor Nicosia, I think he's bit hard hotel. My husband I stay last week conference choice. Given hated Dubai, traffic bling, found Marriott something haven. Actually six days left bus trip (recommended way). The business area, surrounded traffic decor pretty hideous (but worse many others I'm sure) found staff absolutely charming keen please (except one miserable woman business centre). We spent days round rooftop pool extremely relaxing never crowded. There's temperature controlled main pool small spa pool. I also hot stone massage great good value I thought. We tried almost restaurants including famed steakhouse excellent - almost good! Several eat much like evenings good value large appetite! All restaurants popular locals good sign wise book.Our room excitingly decorated things made - size room overall, workdesk, good lighting read by, super-comfy bed, excellent walk-in shower generous basin extras magnifying mirror, robes, etc. We able order English newspaper (though Financial Times reason). In fault room. If need Deria region Dubai best stay in, close airport, also well-placed stop-over.",0.20246806039488968,0.5388404955478127,Feb 5 2007
56,56,"Overpriced inspiring The JW Marriot one first 5 star hotels spring Dubai. It also conviniently adjacent one first shopping centres mushroomed Dubai bcame shoppers paradise. A lot changed, tradition dies hard part world may explain continuous popularity uninspiring hotel.The lobby hallway good interior decorators nightmare, complete ridiculous stairs, 1970`s &quot;luxury&quot; couches, carpetsand small tables varying Greens Browns seen better days. Rooms comfortable ugly, beds extremly comfortable Marriot hotels beds nowadays. The executive lounge dissapointing - breakfast, snacks dinners plentiful varied quality food expect 5 star be. Clearly, spiraling populariy Dubai spoiled bits- charges 300 euros standard rooms cost 75 euros 5 years ago religiously refuses upgrade renovate. Internet connection expensive, slow rooms VERY SLOW others, explanation friendly receptionists giving past two years whenever company sends one wing bad connection, Unfortunatly I always happen end &quot;bad wing&quot;... A realistic explanation greed JW Marriot profound prefer outsource connection dubious overseas companies order save bucks day!",-0.015000000000000005,0.5504487179487179,Feb 4 2007
57,57,"Disappointing The JW Marriott located middle nowhere. The location horrible. There nothing close interesting memorable. Thus, hard even know I Dubai many times.Service poor - everyone. So, must mean problem upper management service, good bad, reflects top.Physically, fine.",-0.0580357142857143,0.5479166666666667,Jan 18 2007
58,58,"Good JW Marriott close airport appears primarily business district Dubai. Hotel large, clean well kept would expect premium Marriott. There nothing particularly special fantastic steak restuarant (which worth visit wherever staying city worth booking gets busy) equally nothing I would criticise either. I would classify business vacation hotel, business traveller would ideal. It could problem wherever staying getting always bit hassle since traffic area appalling unless early morning late night.",0.22081845238095232,0.5178125,Dec 21 2006
59,59,"Not business Expectations high Dubai; fine old good tourists I would advise caution business. We bad experience here; things went wrong, little things, big things. There pattern naivety staff disturbing; also, mistakes happen anywhere, that's forgiveable - failing deal mistakes not.We met entertained sold clients mistakes potentially damaging. A lot business conducted way within region, deliver. We hired business meeting room/suite two days. Day one, ready time (no projector promised). Not good start, tech staff wriggling around wires. Your meeting suite comes complete dedicated waitress catering (superb incidentally). This nice touch, I expect waitress hassle credit card signature front customer. A bad start.Day two, I got wise booked room good 30 minutes ahead customer arrival, case. Well thank goodness I did, ready, fact, shut, locked, nothing happening. Now I'm panicking. Back sales office (a long walk) get things moving again; meanwhile another customer parked coffee shop woke up.Again, waitress hassled signature. Not now, go away, many times! Next, believe it, group strangers wandered right suite, admiring facilities, whilst middle customer demonstration - quite staggering - well turns sales rep (!) grand tour, threw humiliated front sale, maybe learnt something this. I still scarcely credit actually took place.To finish, booked Italian restaurant, table 10. Slow service, staff singing songs instead waiting. A comedy mixed orders, worst all, forgot customer's main course altogether. His replacement interminably slow. We'd finished still sitting waiting. It desperately poor. Waiter starts clearing away trying take dessert order! Only riot act got anything happening, point, oh dear, staff repeatedly start coming table grovelling etc. - again, thank you, front party!This point naivety, inability deal crisis. But really money I expect crisis.Hotel wireless almost non-existent, 40 dirhams hour, keeps logging out. So, all, lots irritations like this. Next time Emirates Towers.",0.032774801587301575,0.494531746031746,Nov 22 2006
60,60,"Fantastic A wonderful hotel. The staff great, room fantastic food incredible. The pool area relaxing, jacuzzi, great way cool gets hot sunbathe...I actually nearly fell asleep one morning. You also sit marble seats pool sipping cocktail I LOVED doing!!I would definitely recommend hotel, though traffic around pretty bad afternoon/evening (it took time get taxi maneovre way Deira!)",0.34129629629629626,0.7103703703703704,Oct 6 2006
61,61,Pure luxury Christmas,0.21428571428571427,0.5,Jun 7 2006
62,62,Brilliant Hotel,0.9,1.0,Feb 28 2006
63,63,Good old,0.39999999999999997,0.4,Aug 22 2005
64,64,Downtown Paradise,0.0,0.0,Aug 17 2005
65,65,J.W.'s Steakhouse Must!,0.0,0.0,Jun 25 2005
66,66,Excellent Hotel,1.0,1.0,Jun 14 2005
67,67,Big,0.0,0.1,Jun 1 2004
68,68,????????,0.0,0.0,Aug 15 2009
69,69,Il migliore Deira,0.0,0.0,Sep 17 2008
