,Unnamed: 0,Reviews,polarity,subject,Dates_extracted
0,0,"Lovely - fab room! Dubai defiantly somewhere I would choose holiday. However, faced couple days sun whilst husband attended business, took opportunity check Desert Palm Resort.And rocks, Dubai's one (IMHO) redeeming feature. A truly lovely, grown-up well-run fabulous, huge rooms spot on- service. The General Manager runs tight ship, manages make feel like highly valued guest without intrusive obsequious. He deputy could enough accommodate husband's demanding riding/polo requirements. The food great too, little slow - rush. Staff delightful spa, although expensive first rate. One thing I find slightly misleading website describes oasis desert - not. The Desert Palm located main (and times busy noisy) main road Oman, Dubai's hideous pollution-drenched skyline rises calm Polo Fields, step outside resort turn right find Oasis pylons oil refineries. So go anywhere - stay put watch polo.",0.1917212301587302,0.5153373015873016,Nov 17 2009
1,1,"Oasis Dubai We stayed couple days Desert Palm Palm Suite September 09. Room overlooked terrace main polo field. You see centre Dubai distance, including unmissable Burj Tower. Dubai mostly building site, proved 5* oasis 20 min cab ride airport centre Dubai. The room chic, Bang Olufsen phones, entertainment centre, extremely comfy bed good quality bed linen. Ate Rare Epicure, food good. Went shopping Malls, Mall Mall. Loved Gold Souk, great experience. Didn't see polo season, see people riding around field.All all, I would definitely recommend mind little outside centre, certainly luxurious quiet.",0.2834608843537415,0.552721088435374,Nov 3 2009
2,2,"* 1st full week 3 years - worth wait * As title says, husbands 1st full week work 3 years &amp; well worth saving financially whack credit card. No regrets whatsoever. We Suite 5: Huge, definitely 5* quality, Ipod, zoned lighting, electric blinds floor ceiling windows overlooking polo fields, aircon, Nespresso machine, fully stocked fridge. Bathroom: Double sinks, sound speakers, large bath, phone &amp; bidet, shower big I took coffee &amp; get splashed. Immacculately clean &amp; I look problems!Food: Rare steaks mealt-in-the-mouth. We given little tasters menu gesture well cauliflower &amp; foie gras soup.Epicure: Tried order tiger prawn &amp; rocket salad - came spinach instead. Tried order white toast, either. No issue, basics that's all. Plenty choice menu &amp; handmade, good quality. A lot locals arrange celebrations Desert Palm reputation, service, quality &amp; food good.Complimentary jetlag massage given Lime &amp; thoroughly enjoyed Movies &amp; Munchies Night sitting pool inflatable armchairs sunset munching popcorn watching big screen The Italian Job. What fab idea was!!!Reception staff gave us address taxi driver knew return us safely. I realise last day magazines taking Epicure. As horrendously early check-out stupid-o-clock, offered breakfast bed lovely thought part.We'd pre-booked afternoon tea Skyview Bar Burj Al Arab. Great experience never get coffee I ordered!",0.22218801313628894,0.3894909688013136,Nov 1 2009
3,3,"Great Hotel! We stayed 3 nights part honeymoon; Desert Palm Hotel beautiful boutique great customer service. On arrival provided room rest shower suite ready (we arrived check in) really nice do! When room ready well worth wait, provided complimentary champagne cheese platter us lovely welcome, suite beautifully furnished, view window lush green polo field! Everything room stylishly done mirrors pictures website. We ate RARE 1st 3rd night far best steak ever service faultless, make feel special! It birthday Friday enjoyed complimentary massage Lime Spa, followed relaxing day around clear blue infinity pool. That evening gone room lay rose petals candles around, great end great birthday. On last day watched polo match served cocktails pure luxury!",0.44187192118226604,0.6145320197044335,Oct 30 2009
4,4,"Small beautifully styled little far Dubai centre We spent 3 nights way Mauritius break journey see Dubai about. The fairly small, liked, beautifully styled, modern boutique whilst 20mins airport way Dubai itself. This meant catch taxis get Dubai - taxi drivers know located couple 'lost' journeys handle! We arrived holy month Ramadan whilst certain restrictions, detract facilities services offered hotel. Service excellent staff friendly. The room spacious, wall ceiling windows overlooking polo fields, bathroom delightful mod cons would expect, ipod, wifi, coffee machine, TV - complimentary. Spa facilities fantastic friendly adept staff good value too. Overall lovely place stay enjoy facilities - views though, polo fields although lovely pool. We ate restaurant 'Rare' bit disappointing quite expensive - food salty, bottle cheapest wine equated Â£50 otherwise enjoyable short break here.",0.2882589285714286,0.6497321428571429,Sep 20 2009
5,5,"Chic perfect couples We stayed wedding anniversary fantastic time. The resort outskirts Dubai adjacent polo centre resident community. Being resident Dubai, flashy hotels accessible everywhere however, pleasantly shocked - yes shocked - quality, size, layout ambience room. We corner suite top hotel. It faced polo field massive side windows faced greenery trees. This typical room, rather like apartment superb features include modern gadgets like Bose soundsystem, Nespresso coffee maker (on overdosed), great kettle, hair dryer, TV - really top noth brands. As bathroom, shampoo, conditioner body lotion brand used Lime Spa (worth try).As entered room, greeted Greek music (my husband Greek) welcome platter. The hallway consists fully mirrored wall gives interesting effect. The bed super comfortable linen looked though brand new. The bathroom consisted open area - doors. There deep bath tub centre room massive shower room separate toilet room. Two basins, ample towels lots space.We tried Lime Spa, Epicure Cafe, bar downstairs (with shisha) pool. All fantastic high quality. This perfect couples wanting get away busy Dubai - there's great deal relax ...",0.22438475665748395,0.5715518824609734,Aug 16 2009
6,6,"Stunning stylish special. The desert palm amazing we've ever stayed in. It understated stylish, compared lot big glossy hotels Dubai feel like typically noisey, busy resort. We surprised enormity grounds sits immediately feel like lush green, peaceful paradise. We honeymoon disappoint.; quiet peaceful felt completely spoiled realxed. It way beyond expectations. We got tour whole estate knowledgable staff . The staff well trained everyone knew names room number- Palm Suite 1. Our room amazing: Bang Olufsen sound system+phones, Ipod + dock 9700 songs- I'm kidding!! , remote controlled curtains, cocktail mixer set +bottles spirits, fab mini-bar ( nothing 'mini' though- loads stuff), memory foam mattress, Ren toiletries, fluffy towels bathrobes, chocolate cake waiting us table, enormous shower bath, huge mirrored wall , espresso machine+ loads coffee choices, umbrellas, memory foam pillows, enormous couch (could sat 10 people). The room pretty much open plan modern. The thing ask for, ironing board+ iron. There 13 Palm Suites top floor 3 occupied got think busier left. We disturbed anyone elses noise hardly saw guests going rooms. Even main areas quiet beginning week felt like whole place ourselves! It get busier towards end week no-one bothered us noise minimal. Rare restaurant fabulous. The food outstanding, surprised already Michelin star. We eaten several Michelin star places thought good. If get chance, try Wagyu beef steak- unbelievable! We ate twice food stunning occasions. In Red bar, whisky cabinet made specially hotel- every kind whisky imagine exciting whisky lover. Cocktails great willing make anything request cocktail recipe. The Lime spa relaxing staff highly trained many types massage- several treatments used facilities spa- definitely worth visit worth every penny. Every time see staff member, smile say hello- pleasant happy help anything. Nothing much trouble accomodating request. We met manager several times, friendly kept telling happy everything. All all, cannot praise place enough, definitely returning soon.",0.2248375350140057,0.5785763305322129,Jul 21 2009
7,7,"Terribly disappointing checked half way stay. We chose want stay central Dubai. As shown room, impressed decor high standard finish. The room entire glazed wall overlooked bar below. A nice touch, wanted quiet stay questioned whether noise would problem. We assured wouldn't, was! By 10.30 evening, could hear bar noise clearly bar itself, turns window broken! We moved another room, better. Eventually requested moved villa, although lovely, felt like middle Desperate Housewives set. People live development residents, felt nothing like holiday people school run walking dogs early morning. Besides issues experienced accommodation, also encountered countless service issues. Perhaps unlucky, bad enough make us check early, something never done before. Everything ordered room service wrong, orders would incomplete, wrong, take long (1 hour+) either cold raided mini-bar. I requested crumpets breakfast (on menu!) told 3 mornings row any, blamed suppliers, offering get next morning despite shops nearby. I requested hard boiled eggs, took three attempts get right, first 2 times even cooked, let alone hard boiled. We noticed least three othet tables issue. One evening went Rare dinner. We one three tables there, first thing waiter greeted us &quot;we this, one left this&quot;. We amazed, expensive restaraunt barely anyone there! We walked out. At point manager step try resolve issue, staff seemed completely bewildered complained, rather try resolve issues shrugged shoulders smirked. After 3 days this, checked out, went straight back central Dubai, although busy crowded, least knows treat paying customers. I happy leave Desert Palm, could wonderful place attention detail standards service lets down. For negatives experienced, I must say Spa stunning staff friendly attentive.",0.04377819197263642,0.5035111699000586,Jun 9 2009
8,8,"Fantastic........... This one endearing hotels ever stayed in. It Dubai ridiculous. Set acres green polo fields complete access guest, tropical paradise. It quiet week got busier weekends people travel Oman Abu Dhabi weekend getaways. The rooms gorgeous electronic curtains even get bed enjoy views. The restaurant food divine, staff amongst friendliest we've encountered, one member staff toook us tour grounds stables could get fell resort. The spa great treatment room large window overlooking polo fields. If unsure be, would describe boutique 6star rating. Worth trip, great families somewhat remote.",0.20578231292517005,0.5472789115646258,Jun 4 2009
9,9,"luxury style without pretense might expect find Dubai Desert Palm enchanting place, one stylish relaxing / resorts I ever stayed at. Situated isolated totally undeveloped part Dubai, immediately feel distanced hustle-bustle, construction, traffic pollution - gives great first impression. Not far airport though little bit way malls. Still, managed avoid traffic jams.The decor stylish, minimalist earthly feel. There suites villas compound, giving sense space. We stayed one suites huge, decorated tastefully modernly kitted great sound system, mood lighting, huge widescreen HD TV. The bathroom luscious, stand alone bath I lost seperate WC room shower room, supplying us scrummy 'Ren' products abundance fluffy towels. complementary, la carte breakfast tasty poolside cafe / restaurant 'Epicure' also devoured great steaks fine steak restaurant 'Rare' happened Time Out reward year best steakhouse. The wine list extensive yet little selection stock. Think fifth choice red. And wine VERY expensive was. My pedicure Lime Spa really, good, again, prices pretty high. All staff resort, restaurants, spa welcoming, courteous hospitable. Service pretty faultless. Excellent free Wi-fi anywhere hotel, even pool. If planning serious relaxation understated luxury, look further. But warned, wining dining come price. Nevertheless, I saving next Desert Palm experience.",0.29495098039215684,0.6489215686274511,Jun 2 2009
10,10,"Romantic get-away! When shown suite, speechless. 75 Sq ultra stylish best bedlinen, decor, bells &amp; whistles! Great Spa, restaurant stunning views polo fields. Absolute calm children gorgeous pool. Free WiFi access around two Mac's free disposal lobby. Only downside smell fertilizing polo fields flies lunchtime. It great romantic get -away us I think I would bit bored three days there.",0.37333333333333335,0.7633333333333333,Mar 16 2009
11,11,"Probably best I've stayed in... I've lucky enough stayed world's best hotels. My previous favourite Sanderson Brown;s London. Now here. Superb place, right polo fields. And great value book internet - third rate quote book direct. Would lovely couple, although I don;t think I couples room, colleague right next door room bed facing onto pologrounds.Awesome bathroom bath, amazing sound system, huge, beautiful room. Can't speak highly enough it.",0.4104497354497354,0.5428571428571429,Feb 9 2009
12,12,"Modern luxurious - excellent! The Desert Palm Hotel modern luxurious. It opened April 2008. All suites villas nicely decorated design furniture high-tech products. The restaurants, bars spa facilities offer wide range high quality products services. This big resort complex (with industry feeling) like many 5-star hotels Dubai.The Desert Palm Hotel place stay enjoy relaxed environment, great food wine outstanding accommodation. The staff management friendly professional; particularly Italian front office manager Mr. Alex Castaldi German general manager Mr. Axel Jarosch. The friendliness personal touch something valued much stay. From resort easily get taxi, limousine, reach shopping malls sights Dubai city within 15-20 minutes.I would highly recommend romantic getaway days relaxation - unique atmosphere.",0.2347,0.4822666666666667,Dec 25 2008
13,13,"Out world! Great property, beautiful surrounds importantly staff food fantastic world. Just Dubai great view back Dubai. If love polo horses plenty see. Staff helpful. Would recommend body stay there.",0.53125,0.6875,Aug 14 2008
14,14,"Jewel desert Booked Splendia. Palm room including fabulous breakfast Â£150 two.Great low rise location heading desert.Only 15 minutes airport, quiet. Quality furnishings every small detailthought comfort.Superb management, efficient friendly.Attentitive genuinely happy staff.Gourmet chef, excellent food. The Spa facilities amazing.Great place stay Dubai, miss it...............................................................................................................Tried several times put review different photographs Desert Palm, upload pictures. So visit there, lovely ... disappointed.",0.17272727272727276,0.5939393939393939,Jun 18 2008
15,15,"Beautiful villas! We stayed last weekend (June 2008) night away. After reading review site (the review could find anywhere hotel!) slightly worried overall excellent night!On arrival reception greeted enthusiastic helpful staff (if, previous reviewer said, little inexperienced) gave us drinks cold towels checked in. We pleasently suprised upgraded pool villa pool residence extra cost! As villa ready, took tour lovely Godfrey drink beautiful bar main hotel.Our room ready within 30 minutes. From outside, villas look impressive, however opened door pleased! The lights, air con IPOD already set us. The villa huge (pool residences two bedrooms, three bathrooms, office, huge living room/dining room kitchen. In addition, large outside area table benches, large pool, sun bathing area wicker &quot;egg&quot; chair (in spent afternoon!) Everything beautifully new clean. We received plate complimentary fruit deserts. The website really show enough pictures gorgeous villa was! Our pool really big, especially two us, completely private huge walls surrounding villa, even though meters amenities, feels really lovely secluded.The slight downsides found were:1. The menu restaurant choose eat (Rare) extremely limited-only 3 main courses 2 choices starter/desert. This problem us, may fussy eater. The food beautiful!2. The located rather close sewage treatment works Dubai...this issue all, expect returned villa evening slight smell air.Overall, loved place, great, helpful staff beautiful villa. If want shut away world day two, place it.",0.2293533019268314,0.5762095747389865,Jun 8 2008
16,16,"Not Expected !!! stayed desert palm resort week pool residence villa....First let explain Desert palm Resort concept, polo gated community highway towards al aweer next chinese market (dragon mall)... resort villas newly built everyone would expect browsing website!!! refurbished villas used yearly rental villas next polo fields!!! resort villas situated next villas people lives families neighberhood!!! could call rental villas neighberhood instead resort villas....as soon enter lobby check villa feel staff experienced trying though...but positive thing friendly want help you....when went residence villa knew paint job garden refurbished villa built years ago long term lease....Also want add T.V. channels limited (maybe 8-10) villas room dining menu also limited.... also pool temperature controlled...",-0.04157639235764236,0.27912087912087913,May 6 2008
17,17,Boutiquehotel fÃ¼r Designliebhaber,0.0,0.0,Jan 18 2009
18,18,HÃ´tel chic et design,0.0,0.0,Dec 4 2008
