,Unnamed: 0,Reviews,polarity,subject,Dates_extracted
0,0,"Not revisited recommended We visited Dubai stayed two different hotels.Start holiday stayed 4point Sheraton Sheikh Zahid road. That group five family members good stay. Then brother I left fly back 2 days later, changed hotels Sun Sand.To start check took hour. It manual; calling various people confirm booking. We booked prepaid stay via lastminute. Receptionist first unable find reservation. Then managed calling various offices, unhelpful. Then demanded keep passports, I refused.On would say dated decor. The hallways smelled bad, carpet old dirty. The room spacious however, dated decor, bed cover old dirty.Due smell hallway, hard breathe room.Service room hygiene poor.Location ok.",0.0587962962962963,0.4245370370370371,Nov 8 2009
1,1,"Good It seems good hotel.The staff friendly helpful, breakfast ok normal kinds food: omlets( made front you,with kinds combinations vegetables) , tomatoes, sausages, croissants, pancakes, caffe, milk, etc..The pool nice, little one, nice.The bathroom clean, ask nicely clean change towels conviced ok.The rooms designed good taste. In lobby internet free(and great thing!).",0.4623310023310024,0.6607692307692308,Jul 29 2009
2,2,"12km beach The conveniently located major attractions Dubai staff unfriendly abrupt right moment I arrived hotel. Our passports taken us order fulfil &quot;police requirements&quot;. The breakfast restaurant adequate buffet appetising surprises staff vaguely interested guests. When asked porter call taxi tried add extra 50% fare compensate effort. At pool bar resident Doctor Do-Little watched tv, smoked gawked female swimmers.All clean place close proximity good range restaurants expect welcome staff.",0.23640109890109887,0.548901098901099,Mar 7 2008
3,3,"Very disappointing When colleague I unexpectedly found stranded Dubai day, asked Marhaba Services Dubai Airport reserve us 4-star hotel. We assigned Sun Sands Hotel. I travel great deal, believe 4-star hotel. And let hotel's name fool - although Dubai beach destination, sand around property found strewn big construction site across street! There burn holes sheets bedspread room, bathroom fixtures old corroded. The water never got even warm, let alone hot, matter long I let run shower. Furthermore, colleague reported took shower, struck hard back head entire shower head flew off! When checking out, staff member actually came grabbed shirt, showed shower head (which left room), accused destroying it!Some restaurants closed ones open looked unappealing empty. There appear many dining options neighborhood, hard navigate due current road construction. We ended going lunch nearby Mayfair Hotel, excellent buffet helpful staff. I also recommend Al Safadi restaurant, excellent Lebanese food - 5-10 minute walk veritable obstacle course traffic barriers (ask staff directions). If manage get without run over, food quite good reasonably priced.The pounding noise disco (or discos) Sun Sands made sleep difficult impossible (we first floor), staff cared less complained. The promised âbroadbandâ Internet also non-existent--after spending nearly $20 Internet access card waiting business center nearly 10 minutes get even one web page load partially, I gave frustration. Again, staff care. To top off, way town, colleague nearly missed flight shuttle back airport made long detour without prior warning drop guests beach.As noted previous reviewer, seems cater clientele Iran various Arab countries - I also saw numerous Russians. By standards, might qualify 4-star, colleague I found place disappointing quality worth price slightly $200 per night paid (and discount outrageous posted rack rates $327 per night!).",0.014647435897435893,0.47442307692307684,Nov 13 2007
4,4,"Sun Sands - Won't visting Spent 7 nights Sun Sands Hotel October 2007Situated Deira, old part Dubai, bit beaten track want nearer newer parts Bur Dubai Jumeirah thus spent time getting taxi's (which always easy get hotels location).The reception staff inattentive seemed generally disinterested us. This may cultural issue may Europeans staying there. The guests either Arabic Iranian.Well decorated throughout rooms good sense elegance except Churchill Bar reception looked like tacky games room two pool tables electronic games. Not bad food though.Bedrooms reasonable size. Two double beds, table two smallarmchairs. Very clean throughout, especially bathroom againwas good size various complementary toiletries. No tea coffee making facilities disappointment end world excellent room service menu could get pot coffee Â£1 - bad I thought!Limited TV channels want watch it, English poor reception. Did bother us Dubai offer sitting room.No real entertainment hotel. They boast two nightclubs floor, one Russian Arabian. Neither gave us warm welcome stay.Not sure restaurants like go lookednice looked in. Breakfast came part deal get try it, hours enjoying thatDubai offer.Overall average best staff I ever encountered which, opinion, also best location maximise stay Dubai..",0.2273456790123457,0.48637345679012356,Oct 31 2007
