,Unnamed: 0,Reviews,polarity,subject,Dates_extracted
0,0,""" Worst Hotel I ever stayed at"" This Hotel looks nothing like photo's show, Dark, much natural light enters, staff nice apart one Lady helped us regards getting boiled water baby. Alot noise night club smoky. Luckly one night otherwise would 've considered moving another hotel. The Room small, bathroom could renovations. Also Pool tiny pretty much usless, looked bit like building site around pool area.",-0.05734265734265734,0.6062937062937063,Jul 18 2009
1,1,"A decent place stay sleep nights Well, group 12 persons DPI Co. (the company I work for) traveled Dubai visit GITEX exhibition October 2008. It organized tour paid company, I exact information regarding price.The Orchid Hotel Dubai decent 3* good area. It's acutually luxury; cheap (relational prices Dubai) place stay sleep nights. If business Dubai maximum one week looking budget Orchid good one.The noise problem many users mentioned forum still there, mostly 2nd 3rd floor. Our room (me colleague Maziar) 4th floor could hear weak sound night clubs first floor.The serves buffet breakfast lunch included price. The number choices bad foods acceptable. The rooms really small, clean. The pool rooftop actually small, call pool! The lobby small size decent.Taxi real problem Dubai days, can't anything too. But regular van services shopping centers beach use.The location good, Deira close City Center Al-Nasser sq. many hotels sorroundings.",0.15532407407407406,0.42982431149097816,Nov 2 2008
2,2,"Clean Good Location My wife I stayed orchid 3 nights. It's good clean rooms good location. Our room 6th floor night club bother us, one friends 2nd floor problems noise. So, want rest night, ask receptionist give room top floors. The meal good restaurant small sometimes wait seat. The near main roads lot restaurants, fast foods, shopping centers supermarkets around it.",0.3541666666666667,0.5027777777777779,May 30 2008
3,3,really Terrible reception polite .first night could sleep load disco sound . shower room disappointing . breakfast OK lunch terrible .we told change room refused !!! .i never stay recommend find another place stay .,-0.33999999999999997,0.72,May 14 2008
4,4,"What experience If like russian prostitutes, dodgy bars sheik-dressed man fancy sleeping place.",0.0,0.0,Apr 5 2008
5,5,"The least customer service providing I ever visited The customer service poor indifferent, including reception. Though centrally located, deceived hardly possibility get taxi nothing mitigate especially comes arranging drop offs airport. So, ready overpay 4 times private vehicle take airport. Breakfast bad. Seems also emails provided decoration, expect anybody bother replying them. If go relax vacation without need settle issues, avoid hotel, get issues.",-0.20145833333333335,0.5641666666666667,Feb 25 2008
6,6,diappointed. 4 day stay Orchid nightmare seemed never end.tunfortunately stay since prepaid .the service bad.the reception careless instead helpful would try bring excuses regarding problems.the room unclean..the food good all.i felt decieved left place.as told reception leaving would recommend anyone stay Orchid.,-0.2833333333333333,0.5,Feb 23 2008
7,7,"Not Bad 'un Hotel staff very, helpful although little dated. Location okay. Nightclubs noisy night families stay high possible.",0.1832142857142857,0.5566666666666666,May 3 2007
8,8,"scalding hot water taps The first impression enter reception lobby little alarming see giant posters cabaret dancers. Especially many reviews mention loud noise. And add apprehensions, lobby seems little gaudy too.So I asked room far away noise possible I got without much ado. My room nice clean 5th floor, water really hot I turned cold water neutralize surprise hotter, I rang concerned department switched boiler. I wait hour water cool down.This exercise done morning certain I started feeling like boiled meat. It certainly cumbersome wait right temperature water come could take shower inevitably risks taken.Otherwise staff polite hospitable. The breakfast ordinary formality it, went out.My overall experience OK!",0.12715201465201467,0.6504578754578755,Mar 20 2007
9,9,"Do stay option unless insomniac I stayed whilst Dubai business unfortunately would say whole experience first visit Dubai overshadowed deafening noise disco went early hours morning four nights I stayed hotel. Despite fact colleague I asked moved first night, relocated 5th floor, noise still overwhelming. As many good alternative hotels available Dubai, little expensive main, really need suffer terrible noise Orchid. Avoid costs.",0.055654761904761894,0.5428571428571429,Feb 19 2007
10,10,"Four Reasons a) Disco everynight 10 pm 3 shakes room, b) losing room key cost 100 Dhs = $27, c) hot water, d) non-smoking rooms",-0.0625,0.925,Dec 19 2006
11,11,"Orchid - Basic Beautiful I picked Orchid close Al Bustan I attending conference - considerably cheaper! The rooms basic clean - I looking for. Don't expect bell boy assist - one.....sometimes! Several night clubs 1st floor - unusual 3 star hotels Dubai. Due attending social functions ended late, I can't comment noise clubs finished time I returned hotel. The particular thing I enjoyed serve food 4.30am small restaurant lobby - great mix people. I particularly recommend spicy beef fried rice.....tasted great early hours - sent bed satisfied!I recommend trying impress special person life - single business traveler plan spend much time - fine good value ever increasing Dubai price standards.I would return......but spicy beef!",0.15445134575569358,0.48234989648033116,Dec 1 2006
12,12,"Value money Good location 10 minutes walk Bur Dubai, souks creek. Always taxi passing nearby main road every minute longer trips away.The rooms basic, clean. Just go balcony - ask key allowed access wade several inches sand dust. Don't expect romantic balcony experience here!The nightclubs loud, going 2am night, thats part Dubai experience! The Filipino one always good nightcap, clientel almost exclusively Filipino occasional Arab national dress. Filipino bands playing covers classic rock pop tunes, customers seemed pleased see couple westerners made us feel home. The downstairs club featured Russian girl/boy duet called Tease, playing mixture Western Russian pop covers, awful spent hours watching night! Try imagine Arnold Schwarzenegger singing &quot;Mambo Number Five&quot; get idea! Despite unintentionally hilarious act, club rarely 10 people it. The barlady also aggressive I dared take photograph friend there, although I since learnt using cameras Middle East nightclubs big no-no, presumably many Arabs getting sloshed Budweiser want photos posting web. We also made mistake assuming many Russian girls working dancers/singers extra work bedrooms - wrong! They insulted say least.The pool area joke, big enough call bathtub (and unheated that). The area around it, surrounded air-con vents kitchen extractor outlets, big enough accommodate 10 fat Russians - clientel E European hideous, milk-white, gold toothed, overweight, loud men spent day/night drinking cheap liquor pool. Atmospheric way though.Service excellent, bar breakfast. Where 10am waiters would wait table snatch plates/cups soon became empty. Arrive 1001 breakfast crumb left. The breakfast appetising either - lamb curry 9 morning ? No thanks.Good young travellers budget going bed 2am, otherwise avoid.",0.12776162790697676,0.4206395348837209,Nov 23 2006
13,13,"Horrible My heart sank pulled up. Smell smoke room damp. No hot water, loud music night.I booked virgin website, looking fairly cheap long weekend.After two nights (I'm sure full prostitutes night) ran screaming blew cash Jumeriah Beach Hotel.",0.025000000000000005,0.7412698412698413,Nov 22 2006
14,14,Won't Rush Back A group five us stayed Orchid 3 nights end February 06. We wedding India looking days chill returning home. We mixed group males females ages. We found staff pleasant helpful. The 3 nightclubs based First Floor open till early hours morning. We rooms 4 5 floors 4 party required ear plugs ensure good night sleep.The breakfast buffy basic served Cindy's Phillipino Night Club. Interesting breakfust ultra violet lights sitting people night clothes.All things considered looking close airport 1 2 nights okay. However sure search web find nicer reasonably priced hotels. Our rooms cost approx Â£90/night including breakfast.We intend return Dubai look better next time.,0.2677083333333333,0.4188368055555556,Mar 2 2006
15,15,???????????,0.0,0.0,Oct 3 2009
16,16,A Ã©viter,0.0,0.0,Dec 18 2008
