,Unnamed: 0,Reviews,polarity,subject,Dates_extracted
0,0,Flora Park apartments This apartment bigger house clean tidy recomend place enough side bar hey loads hotels near got bars really matter.Well worth try,0.15679012345679014,0.49876543209876545,Nov 6 2009
1,1,Homely Comforts 1) Excellent Hotel Apartments2) Ideally Loacted3) Extra Large Rooms4) Good Interiors5) Excellent Breakfast spread6) Walking disatnce City CentreExpensive,0.6357142857142857,0.688095238095238,May 15 2009
2,2,"Excellent - loved I returned 10th trip Dubai &amp; therefore lots experience hotels there. I can`t recommend highly enough &amp; can`t understand negative comments it...some people simply never happy!I travelled 3 girlfriends &amp; tried get good deal beach stupidly expensive &amp; therefore I decided go norm &amp; book somewhere cityI picked Flora Park scouring internet 2 weeks &amp; glad I did. The beautiful. Clean,modern &amp; perfectly located right Deira 2 min walk Deira City Center Mall. The lays free shuttle &amp; airport along beach shuttle beautiful Al Mamzar Beach Park (5DHS entrance fee) &amp; shuttle Festival City Mall - worth local Mall opposite really good &amp; loads stores budgets - New Look, Jane Norman, H &amp; M &amp; Carrefour We 2 bed apartment &amp; amazing. Both bedrooms ensuites,t.v`s &amp; lots wardrobe space. 1 also balcony. The lounge huge &amp; beautifully &amp; tastefully decorated modern ,contempory colours &amp; themes. The kitchen well equipped. Everything looked brand new &amp; spotlessly clean &amp; stylish - huge balcony tooThe staff great. So friendly &amp; polite. Breakfast served til 1030 morning spacious &amp; bright room. There lot choice, cereals,fruit,meats &amp; cheese plus egg chef - complaint bread/pastry offerings always seemed rock hardThe pool area pretty lovely waterfall feature. There lots loungers &amp; pool large &amp; clean. The area loses sun around 1230 unfortunately.The area around building work busy road I light sleeper &amp; say quite truthfully I never heard noise inside rooms &amp; comfy beds provided excellent night`s sleepThe perfectly located previously mentioned City Center Mall 2 min walk lots nice restaurants within 5-10 min walk Al Rigga Rd round corner. The shuttle beach doesn`t give much time leaves 1030 &amp; picks 1430. This wasn`t nearly long enough discovered day 2 public bus C15 picks Al Mamzar Beach &amp; drops right outside doors used every day. Public transport Dubai excellent,clean,reliable,air conditioned &amp; safe. The journey costs 2 Dhs - approx 40p &amp; highly recommended 3 hours beach isn`t long enough. All lovely snobbish pretensions,perfectly located &amp; definitely worth visit",0.2948323427984445,0.5646819282412502,Apr 23 2009
3,3,"Only I too! Stayed visit week long work trip Dubai. Apartment booked company okay base work trip. Stayed two bedroom apartment plenty space. Wouldnt recommend base holiday Dubai. No real attractions near except City Centre shopping centre around corner. No easy place pick taxi. Pool looked okay bit small side. Staff friendly enough, breakfast plenty choice fresh fruit appealing. If going stay theres 24hour store across park area front convience carrefour shopping centre choice.Would stay too. Parking area car. Nice Fish Restaurant behind Copthorne opposite",0.0662280701754386,0.5807017543859649,Nov 3 2008
4,4,Das Flora Park Hotel ist sehr zu empfehlen,0.0,0.0,Apr 3 2008
5,5,Gaeste werden nach Hautfarbe bewertet,0.0,0.0,Oct 30 2007
