,Unnamed: 0,Reviews,polarity,subject,Dates_extracted
0,0,"hotels like Ibis..? stylish place is! We needed place crash arriving early India. We able check immediately (about 9a.m.) I bed within 10 minutes well comfy. Had never Dubai - took stop-over option Emirates. In short, Dubai bit tough budget swank. The world trade centre really near anything else moved another Ibis next Mall Emirates next morning. Although price low could wish for, public areas rooms cool modern staff could friendlier/more helpful. T'internet pricey hey-ho.",0.12009259259259258,0.4141666666666666,0.4141666666666666
1,1,"Expensive conference hotel. I can't see anyone would want stay unless attending event World Trade Centre. It absloutely zero charm. Reception staff took 20 minutes check person in, blaming &quot;new system&quot;. Bar souless pricey, restaurant ok nothing special. Internet access (essential business hotel) extremely expensive. Rooms small, actually no, tiny, I've stayed bigger rooms Tokyo! There parking hotel, swimming pool gym... available extra cost nearby Novotel. During large events WTC, taxis longer call hotel, take shuttle busses remote carparks join conference delegates queing taxis.",0.009340659340659342,0.4153846153846154,Nov 6 2009
2,2,"Basic price Basic service Our arrival set negative tone struggled forget. The website stated carparking got turned incorrect. No car park, valet service. There multi storey near would costed us room itself!. The reception staff lacking knowledge language skills. They kept saying ' parking' whatever car based question I posed, unable offer suggestions solve problem. Eventually got speak someone knowledgable directed us free parking. It worth saying directions incorrect without sat-nav would totally screwed. The parking free 10 minutes walk blistering heat back hotel. From moment first arrived actually getting room whole debacle taken hour!The lack local knowledge language skills impacted us long after. We asked metro open told yes. We asked station nearby told yes. We asked directions. The directions poor made mention pavement large highway way virtually imposible cross. When got close station nowhere near finished large scale construction taking place. We could believe directed us closed metro station livid struggling get heat.The reality cheap nicer rooms could probably get elsewhere price. Yes rooms tiny clean everything worked. The location excellent metro fully working WTC station even central old Dubai new. I'm sure would loved stay unfortunate start. If remind paying basic price probably pleasently surprised.",0.1342111592111592,0.45128918149751474,Oct 29 2009
3,3,"Inexpensive reason I stayed Ibis WTC Dubai four nights October 2009. Arriving late (or early) 4AM morning, reception staff able welcome name, basically guests arriving around lobby. I visited Dubai mainly sightseeing check, whether longer second trip friends would worthwhile.LOCATIONThe forms part convention centre allows direct access centre lobby. Sheikh Zayed Road stretches behind block apartments (World Trade Centre Apartments, go front apartments, small supermarket). The World Trade Centre Metro station within walking distance opened public. Right now, Financial Centre station nearest operational one. Being somebody rather walks minutes instead taking public transport taxis, I change behaviour Dubai, pedestrians seem part road planning. Speaking taxis, always taxis waiting outside hotel, one might bear mind. I write costs taxi rides (might vary, reference):Airport (terminal 1) - Ibis: 37AEDIbis - Bur Dubai near Ministry Finance: 25AEDIbis - The Address (near Burj Dubai, Dubai Mall): 15AEDIbis - Emirates Towers: 10AED (minimum fare)Ibis - Jumeirah Beach Hotel: 37AEDFinancial Centre Metro station - trade centre (2mins hotel): 10AED (minimum fare)HOTEL / ROOMSThe looks quite new outside. However, interior romms show use abuse. As mentioned above, staff friendly helpful (especially reception). I breakfast (55AED, buffett style), I found enough eating habits. The standard food avalable: scrambled eggs, sausages, choice bread, rolls toast, pastries, cereals, joghurts fruit. The drink section featured apple orange juice, milk, choice tea choice coffee-based beverages. The breakfast area large might get bit crowded times. There also limited &quot;early bird&quot; breakfast available lobby 25AED. I can't comment restaurant, I eat evenings. A hint regarding water: There machine selling bottles (0,5l) cold still water 1AED (coins required!) every floor.The room (637 case) large enough one person, seemed regular double room single use. Please refer pictures details general look. The regular TV set (I spotted Arabic, English, French German channels) telephone there, e.g. hairdryer safe. The bathroom quite small showed signs usage. Towels provided course, regularly changed stay, even one towel really dirty upon arrival. This also major flaw stay: bathroom properly cleaned shower head used quite carefully fully destroy mount. Additionally, shower basin leak, requiring least one towel floor prevent flooding.VERDICTAll stay Ibis WTC bad considering rate (399AED/night) fact I stay room sleep shower. However, given flaws regarding last part, I might look another next stay Dubai, probably one located near Old Town / Burj Dubai expanded dining opportunities. Travellers stay within tight budget might find Ibis suit needs, expecting much.",0.019876411902273967,0.36310203206754926,Oct 18 2009
4,4,"Give miss - much better options Dubai The clean easy navigate. The rooms small, bathroom quite cramped, usable. I found beds moderately uncomfortable.My biggest gripe service. While I expect top service price range, front desk staff rude unhelpful, appeared annoyed asked benign questions. Unfortunately held true four desk clerks I interacted. In student days I also worked desk clerk, I know challenge job be, unacceptable. When asked (on Friday) certain item might purchased, advised go shops specific area Dubai - however mention made shops closed Fridays - took cab find nothing would open 2 days. When asked exchanging money, given misinformation advised utilize exchange poorer rates. And travel plans disrupted found needing stay extra day, rate suddenly went significantly. As perogative wish traipse around locating additional lodging, paid it, poor customer service. And breakfast originally included stay suddenly longer available. Internet service $30 USD 24 hours relatively slow (although worst run hotels region).The location convenient meetings World Trade Center, otherwise particularly well located visitor - far amenities, leaving mercy restaurant (mediocre best) little offered gift shop. If traveling business location suits you, clean inexpensive, likely adequate. If traveling tourist, I would recommend finding something located Deira local atmosphere convenience Souks areas Bur Dubai, else somewhere along coast resort-feel.We stayed another Deira several days previously found much convenient location, well service-oriented. Given number hotels town, I would advise anyone considering look elsewhere.",0.07566964285714285,0.5384523809523809,Oct 18 2009
5,5,"Economical Hotel Business Stay I stayed 480 Dh. Convenient location, although quite annoying conferences cannot catch taxis entrance shuttled taxi stand. The Chianti bar lobby ok pasta bar night quite pleasant. The room compact, economical, reasonably clean. The internet priced 100 Dh 24 hours - rip standard Dubai. Not far Bur Dubai entertainment districts Dubai.",0.1527777777777778,0.6935185185185185,Oct 15 2009
6,6,"comfortable nice affordable hotel... second time dubai, friend suggest staying coz affordable.. true.. well went inside, lobby quiet coz evening already past 10pm. receptionist attentive always smiling. Cant believe easy check-in unlike luxury hotels. Me wife tired time ask room service, unfortunately, dont kind service. Reason? idea. Its good thing lobby restaurant still open last minute order. Wine fine, I hope staff knows dry bodied medium. And favorite mexican style beer, cant make nice.. Cant find true taste made. First time mexican beer slice lime inside beer. Complaint still cannot make right simple.As went room, shock coz small fine. Staying 2 nights fine. Although problem bathroom coz door shower area leaking need use towel inside bathroom else u slipped. They try another alternative soon.Rest stay great may say..",0.2054421768707483,0.5536564625850341,Sep 28 2009
7,7,"Good value great breakfast buffet! I stayed solo vacation, thought location decent - Sheik Zayed Rd. Perfect attending convention centre connected hotel.Staff helpful friendly, gave huge corner room. The room clean, big bed, bathroom tad small shower leaked floor.The lobby nice, offered pastries tea/coffee every morning there. The main restaurant great complimentary breakfast buffet - lots good food choose from.Shuttle service malls beach great free service, take advantage save cab fares.And little hint complaining lack internet service: There number free kiosks convention centre adjacent Ibis.I'd also recommend using concierge book excursions - desert safari awesome!If beach would perfect. It business class luxurious others Dubai, get pay for!",0.45737500000000003,0.6565000000000001,Aug 13 2009
8,8,"Functional Location : Hotel close airport . The taxi charged us AED 44. Depending tariff, gives u free drop &amp; pick airport. The gives u free Bus service ( 5 trips day) Jumerah, Mall Emirates &amp; one mall. This saves transportation cost. Being business area, shops groceries, toiletories, snacks cold drinks. No restaurants except ones hotels. There light life area.Description : The located next WTC. Its useful conferences WTC. We paid Rs.11500 ~ AED 884 ( 2 people 4D/3N breakfast) July heat. The lobby good. There minimal service given. You carry luggage rooms. Drinking water bought thru dispenser floor. You collect ice bar free. Non veg breakfast good. There minimal choice vegetarians. The swimming pool chargeable &amp; shared adjoining hotel. Could find gym also shared. The safe box lobby. The rooms small , compact &amp; functional. The TV channels cater European customer &amp; much choice Asians. The staff helped us recommending places &amp; gave accesories like electric adapters chargers. ( They use square sockets)Taxis keep plying around area better contact / book taxi advance &amp; depend one pass by. Recommended Business Traveller. Not Leisure trips people want walk surroundings shop small items. Car transportis absolutely essential",0.17449999999999996,0.515,Aug 5 2009
9,9,"Not hotel... Still clean around $100 per night. Now downside, NO free shuttle airport. &quot;Yes&quot; front desk clerk stated &quot;we internet accessible&quot; course cost $30 per night. $30 per night internet!!! Their reasonable breakfast (which good) $15.I traveled modern cities paid nice room WIFI included. Second time Ibis probably last.",0.25979166666666664,0.4691666666666666,Jul 31 2009
10,10,"great value clean well located quiet I spent 7 nights pleased. The price great Dubai (Â£60 including breakfast). The room big enough though bathroom small big enough.The room cleaned well indeed. The staff friendly. The manager reception desk (my guess Egyptian) really nice. He always smiling joking helpful.The breakfast really good though mornings really busy. The rooms really well insulated. No noise corridor, adjacent rooms. This makes really refreshing change many hotels I stayed at.It well located.Yes, rooms huge fine. I would happily stay again.",0.31612318840579706,0.5427536231884058,Jun 7 2009
11,11,"Nothing Great... Me husband wanted quick gateaway new years Dubai 3 days. The average cost time year INR5000 well worth price. Rooms extreemly small clean. No room service avalaibe, u go reception order food collect time day. Getting cab alright still lil difficult frequency less. I would recoomend young couples dont mind walking bit get sheikh zaid road u get ample cabs crowne plaza. You need buy water dont mini bar service rooms. considering dubai , would reccomend look options people want comfortabel stay.",0.1592074592074592,0.49201631701631704,May 30 2009
12,12,"Excellent hotel; great value I really liked staying well located, good restaurants good service. While functional hotel, I'd recommend family stay also purely cleanliness convenience.",0.5780357142857143,0.6287499999999999,Apr 17 2009
13,13,"Very worn Booked reading Tripadvisor cheap cheerful. Excellent location, pleasant reception area staff even take luggage room. It medium size room (room walk around bed) worn shabby tiny bathroom. The furniture dark wood heavily knocked bed flat pillows . It looked clean stay long enough look closely moved sister Novotel IBIS arranged us. They understanding transition went smoothly.",0.24196428571428572,0.5770833333333334,Apr 15 2009
14,14,Worst service ever!!!! The Ibis World Trade Centre disgrace Accor brand. The lack customer service shocking. I never stay another Ibis property treatment I recieved Ibis World Trade Centre - favour book somewhere else!,-1.0,1.0,Mar 9 2009
15,15,"Excellent value money! We stayed New Year period. Excellent value money. I originally booked Accor membership rate lowest I could find. On arrival, noticed board outside offering rate day, lower booked rate. On request, happy give us lower rate.The public areas hotel, cafÃ©/bar restaurant stylish I would rate 4 star level.The bedrooms also fitted standards. The issues room small (which knew going in) TV reception poor. Also shower cubicle leaked promptly attended to. Standards service high cleanliness could faulted.Only issues location (again knew this) lack restaurants within walking distance. There porters hotel. The tour desk helpful time stay, taxis easy get.Overall, enjoyable experience definitely recommended value money stay overpriced market.",0.2752762923351159,0.6187967914438501,Jan 6 2009
16,16,"Such pleasureable stay fantastic value! After poor experience elsewhere, pleased managed book last minute ibis World Trade Centre. We stayed 3 nights impressed price paid hotel, received SO MUCH MORE ibis! The staff extremely friendly accommodating, amenities, though basic, available. The lobby large, well lit, well decorated many different areas sit relax. The room clean quite, interior smartly laid making small room adequate 2 people luggage. We took free shuttles mall, beach, airport, great service. We definitely stay recommend family friends. Great job ibis!",0.2753726708074534,0.5511490683229814,Jan 3 2009
17,17,"Nice lacks important services I spent 3 nights Ibis first impression really good. Rooms really neat &amp; modern. I got good deal I booked conference/event happening adjoining convention center thats time prices go almost 70%. I paid around 450 dh per night I believe good value money considering 3 star hotels offering.They 1 italian restaurant plus 24 hour bar.Here summary:Good Points:1. Very good location - starting shiekh zayed road get good view skyscrapers2. Free shuttle &amp; airport every hour - saves money3. Free shuttle service 3 malls &amp; jumeira beach4. Adjoining convention center - good business travellers participating event exhibition thereBad Points:1. No room service - pick everything lobby2. No newspaper room - basic requirement business hotel3. Poor taxi service front hotel4. Very small toilet neat &amp; modernAll said &amp; done, still good stay us dont mind going provided get deal got time.",0.25172839506172845,0.4340123456790123,Dec 3 2008
18,18,"Great Value Dubai My Husband I pleasure staying Ibis World Trade Centre August 2008. The great value price clean linin, comfortable rooms friendly service smile. It one place Dubai Western women, I stared though I leper. A great find somewhere I would recommend return I ever go back Dubai.",0.4393518518518518,0.5,Oct 21 2008
19,19,"Great value Excellent business stay, - site exhibition centre.Clean sheets bed day, reliable internet connection.The bar service second noneHighly recommended price",0.45,0.46875,Sep 20 2008
20,20,"Good Service This Hotel really nice clean, bedding sheets changed every day!!!! The rooms compact ideal short stay. The staff helpful friendly. The downfall would nice Tea Coffee making facilities room.",0.4744646990740741,0.7111111111111111,Sep 8 2008
21,21,Ibis needs pool!!! The cheapest I could find quite impressed...Almost 5 star service..Beautiful clean rooms..Free shuttle Hotel number large shopping malls..Only way get around Dubai taxi adds up..The heat something never felt bit shame NO pool..Would prob advise spend little find pool... Its incredibly HOT!!!!MUST DO::: DESERT ARABIAN SAFARI incredible highlight,0.4489087301587302,0.6547619047619048,Jun 25 2008
22,22,"Awful avoid costs Having stayed Novotel before, I thought Ibis international reputation would also good. Wrong.Firstly, much cheaper (if all) Novotel. The main problems room service, slow laundry service, poor internet connection rooms like student accommodation awful bathrooms (just shower). Most annoyingly, bell boys &quot;ibis policy&quot; despite fact affordable labour Dubai many staff look like bell boys, stand around nothing. One plus point - serve strongbow.",-0.1102777777777778,0.5377777777777778,May 15 2008
23,23,"Not great. I booked $126/night ibis.com website. I decided stay another night. They raised priced $153, even though still $126 online simply denied case.&quot;The room rate fluctuates everyday,&quot; front desk person says, case online all. My experience hotels continue honor online price decide stay longer. Not here. No parking. There's paid, hourly parking nearby. There's tiny free lot next building always full. Internet $22 day course bother tell free wireless access streams World Trade Center next door. Oh, forgot bring laptop? No problem. computers use, $22 AN HOUR! (I exchanging rate fixed rate 3.67 dhs per USD) Breakfast, ordinary buffet, $18. They even charge using pool Novotel next door. My impression IBIS hotels Europe (mostly Germany) greedy, trying pile charges every way can. I remember free laptop connected internet every IBIS Germany. No thing here. Attitude front desk: take leave it. We really give hoot think, I think understandable steady stream convention goers Trade Center.Rooms, old rundown, tiny. Showerhead loose kept swiveling back side. Sink cloggs. Wood moldings chipped. Carpet old. Not within walking distance anywhere, supermarkets convenience stores. They captive forced buy everything high prices. I guess ideal far price someone attending Trade Center, need work Internet room eat time, plan spend lot room rate.",0.1427336641852771,0.42068947181850397,May 3 2008
24,24,Good budget We stayed 1 night return Dubai Muscat Oman. There comparision Arabian Courtyard stayed first. The room small basic perfectly functionable. There Italian restaurant lunch I say delicious. We buffet breakfast extra â¬100 paid room. Typical buffet nice filling. We able leave luggage secure left luggage room whole day great bonus also complimentary shuttle bus airport saved us another dirhams â liked services. As affordable Dubai great â get pay really. You located Sheik Zayed Road near malls Jumeriah beach. We stayed Arabian Courtyard approx â¬140 extra â¬40 (which actually included breakfast) I think worth paying little bit extra due superiority hotel.,0.25262345679012344,0.42438271604938266,Apr 16 2008
25,25,"Excellent choice budget Dubai full expensive, luxurious hotels need clean, modern, inexpensive place stay, Ibis excellent choice. There seems big gulf vast majority hotels charging lot money per night so-called &quot;budget&quot; hotels Ibis made wise choice building one here! But budget traditional sense - solid 3* opinion well-equipped rooms, fashionable Phillipe Stark reception area, internet facilities, knowledgeable concierge, decent restaurant good breakfast included Â£75 room charge. It's part World Trade Centre complex equidistant Jumeirah Deira. Taxis plentiful cheap. Highly recommended.",0.2487962962962963,0.6275925925925924,Apr 10 2008
26,26,Average Hotel break bank Modern Hotel centre Dubai's World Trade Centre south Creek modern built area. The accommodation fairly basic ( rather like UK travelodge ) clean reasonably priced. Suitable tourists budget compared upmarket expensive 5* hotels beachfront. Taxi's cheap take major areas around AED 15.00 &quot;Abra&quot; (or ferry) across Dubai Creek. Restaurants bars within adjacent Centre highly recommended short stay. Smoking non-smoking rooms available.,0.12422619047619048,0.5017857142857143,Mar 31 2008
27,27,"Excellent service perfect location It Ibis average Ibis standards. The hall huge. There concierge help information city, travel bokings &amp; shuttle timetables. There free shuttle airport &amp; several shopping malls, useful, ask timetable beforehand, arrive termial 1 look man Accorhotel (novotel &amp; ibis) sign. The rooms small, maybe dubai standards, european. It cleanest I've fine. Excellent service providing hairdryer &amp; plug adaptor. The location convenient, even go trade centre, couple cafes, there's pharmacy ATMs, internet kiosks. No luxury spa, may use swimming pool Novotel charge. Breakfast take, quite expensive dubai. For price, get cab go Bastikaya true arabain breakfast experience. The location great aviod rush hour traffic jams, though may take get cab sometimes. Beware taxis dubai, they'll take around purpose making trip longer, charge gps-distance-measure basis, stuck traffic jam, meter move. The move, charge. Excellent choice, basic fine hotel, good price (for dubai) efficient service. Definitely recommended.",0.34055555555555556,0.5510416666666667,Mar 26 2008
28,28,"Perfect short business stay I stayed 4 nights international exhibition World Trade Center Dubai. It's 2 minutes walking distance exhibition hall best way preventing rush hour traffic jam Dubai. The clean rooms simple little small. Internet connection around 30 USD 24 hours speed average. The reception staff kind still helpful. The breakfast good much alternatives choose. The nightly cost reasonable compare hotels Dubai. Also, free bus service three different shopping malls three times day. In last day stay, attended safari tour 70 USD per person amazing. It includes dessert 4x4 tour, barbecue dinner entertainments. I strongly recommend exhibition visitors world trade center.",0.20284090909090915,0.4685064935064935,Mar 16 2008
29,29,"Best Ibis IÂ´ve stayed Having stayed May 2007 already, I decided come back October rightly so. This time, free airport-pickup quicker last time, staff friendly helpful I used to. Organising trips, offering keep baggage overnight baggage room whilst tour -all problem. Rooms clean, big comfy beds, quite spacious given ranks lower end DubaiÂ´s rates. I would always stay recommend place - looking &quot;normal&quot; Dubai one trying compete Burj.",0.2697089947089947,0.44470899470899483,Feb 18 2008
30,30,"Simple clean good value For traveller would prefer get room explore city, Ibis perfect. The price good value, rooms clean well-appointed breakfast fine. Taxis Dubai dirt-cheap loved Ibis money spent eating, drinking, shopping, etc. It simply clean, safe place sleep re-fuel, perfect. Tip: Hunt around online better prices booking directly hotel.",0.4744444444444445,0.5971428571428572,Jan 30 2008
31,31,"Dubai Dubai Has airport pickup service shuttle mall emirates. Good location. Rooms standard clean, neat well equipped. The bathroom tiny bad. Room smelled like smoke good experience. Breakfast excellent.",0.24270833333333336,0.5552083333333333,Jan 11 2008
32,32,"The Ibis great! This great beginning. As emerged airport free shuttle bus taking hotel. The rooms small, clean modern. The buffet breakfast 15AUD good. The also free shuttle bus main shopping centres tourist attractions.Overall, I would def stay again. I think paid 120AUD night booked Expedia. We happy Ibis.",0.48361111111111116,0.6352777777777777,Nov 14 2007
33,33,simple This next Sheikh Zayed Road biz traveller good location. It simple accomodation especially bathroom soo small needs re-decorating proper cleaning. I like bed much. Price there's exhibition next door usually pretty good Dubai prices go 325 aed summer even less. If u need 2 nights time ok budget hotel.,0.15185185185185185,0.4122751322751323,Nov 13 2007
34,34,"Disappointing Ibis We stayed two days Ibis Trade Centre Hotel Dubai. It disappointing.It started arrival car. Ibis small lot next door fit approximately 10 cars (and 200 rooms!). There valet service. If small lot full, must park minutes road pay hourly rate well. The validate parking.After parked, helped indifferent attendant check-in desk. At check-out, treatment. Also know quite remote convention center area. You drive take taxi needs.The good point rate 475 Dhs per night reaosnable Dubai standards, room probably clean, safe extremely basic.",0.07076719576719577,0.39470899470899473,Oct 14 2007
35,35,"Best Value Dubai My wife &amp; I amazing 3 weeks Dubai. We manage shop till I dropped also enjoyed culture city. This ideal place access best shopping sites ie. Mall Emirates, Mercato Mall, Ibn Battuta Mall, Burjamen Centre, Wafi City, Burj Al Arab, Wild Wadi, Souk Madinat, Gold &amp; Spice Souk, Diera City Centre, Bur Dubai Souk, Dubai Museum, Bastakia Quarters, Hindi Lane, Grand Mosque. The placed Bur Dubai Diera districts. The room clean small. Who cares! You town time. My tip utilise free shuttle bus airport shopping malls. If going Ibn Battuta Mall Burj Al Arab catch free Ibis shuttle bus Mall Emirates catch taxi. We also stayed Sheraton Dubai Creek incredible next time I come back Dubai wife &amp; I come hotel. You can't beat best location VALUE FOR MONEY Bur Dubai &amp; Diera!!!!!RegardsTwo Aussie Travellers",0.4977604166666667,0.575625,Aug 30 2007
36,36,"Small decent short stay I stayed one night. Decent price compared Dubai standards. special weekend stay AED 333 without breakfast.Right next Dubai Convention Hall Trade Center. No shops nearby. Check Chek smooth. Normal check 12 noon kind enough extend check 2 pm. If car, parking could problem space less. U might use paid parking ( AED 5 per hour ). Free night till 6 confirm anyway parking.Rooms small, clean. Bathroom small. No tub. Novotel right behind door away. No pool Ibis use pool Novotel AED 20 AED 25. There nice Jazzbar Novotel.Located Downtown sheikh zayed rd. The opposite side main road lively decent restaurants, holiday inn, fairmont etc.Dubai safe time day night.",0.13107864357864354,0.5011309523809524,Aug 11 2007
37,37,"Good Bussiness I read reviews I fell love I stayed idea changed.Like:1- Free ride Airport, I like most.2- Close World Trade Center (by walking).3- Laundry maintenace service EXCELLENT.4- Good price.Dislike:1- Room small TINY.2- Chair desk good.3- Guest must carry his/her bags room, nobody carry anyone staff help you. I traveled around stayed 3* hotels staff carried bags. I know wrong hotel.4- Nothing close by, guest can' go walking must take taxi time. (for I prefer walk time)5- swimming pool business center.For I rate Ibis World Trade Center (0.5*-1*) , think?",0.225,0.6000000000000001,Jul 11 2007
38,38,"great value clean convenient great short stay, good value compared hotels price Dubai. Very clean modern although room quite small. keep mind business therefore room service amenities great breakfast buffet.",0.3211111111111111,0.5429166666666667,Jul 9 2007
39,39,good hotel/location We got back IBIS would say 3* hotel. The room modern clean small. The reception area nice. Good central ideal 1st time visitors see Dubai.We problems getting taxi either,0.3690740740740741,0.5522222222222223,Jul 6 2007
40,40,"Good location value Booked using lastminute dot com 5 days 12-17 May 2007.Probably cheapest get part town favourable Deira, particulalry likely spendmore time Jumerirah beach resorts.A bus service collects airport hourly. However, I use friend picked up. It worthwhile using taxi journeys airport carry special surcharge (20Dhs = Â£3). Journey time 10-15 minutes depending traffic.Nice clean lobby area sofas coffee tables loafing around. Three internet terminals available many people use it, probably cost (was 24Dhs=Â£3.50 20 minutes 72Dhs=Â£10 1 hour). Not sure price wireless.Room clean though starting get bit scuffy. Shower leaked bit much problem. Air conditioning effective.The disappointments lack tea/coffee making facilities lack English TV channels (a news channel sould nice).There's small bar fairly busy open 24-7. I used prices seemed reasonable. Snacks ordered (sandwiches/fries etc). The Italian restaurant next door closes midnight I'm told reasonably good. A cafe located short walk inside adjacnt convention centre serves coffees pre-prepared sandwiches cakes etc..There's small shop post cards, maps, books, magazines. I bought map quite expensive.Breakfast buffet style nothing spectacular. A choice three cereals (cornflakes, museli bran), selection yoghurts, fresh fruit salad, croissants, white brown bread toast, fresh orange apple juice, tea coffee, cold meats cheeses....The cooked breakfast look appetising consisted potato cakes/hash browns, beef bacon, sausages, beans scrambled fryed egg. The sausages looked like economy ones Asda (Wall Mart)!!! Overall I fairly happy cutlery clean. Coffee tasted quite nice too..The Novotel 5 minute walk exibition centre I'm told use facilities cost. Taxis frequent costs average 21Dhs=Â£3 get large shopping centres. There several free bus services the're always frequent I took taxis convenience, particulalry returning hotel. Note Taxi Wild Wadi Water Park(next Jumeira Beach Hotel) around 35Dhs= Â£5.Overall I would recommend Hotel anyone wants guarrantee quiet hotel, close major shopping centres modest price.The downside besides ones already mentioned local shops pick water, snacks, drinks midnight. You make bar food drinks obviously going cost more.",0.1542785714285714,0.4942444444444444,May 18 2007
41,41,"Good Value Easy Convenient Modern Ibis (2/3 star?) near bottom SZ road, half way old dubai new dubai - everywhere always short 5-15 mins taxi-ride away. Part WTC Exhibition Centre complex, also attached Novotel.I arrived late hungry, discovered restauarnt closed room service. The reception provide snack meals eat reception take room. Breafast buffet good, plentiful choice etc. We eat adjoining Novotel restaurant one night - international buffet good.. Plenty restaurants sample nearby want variety, remembering taxis plentiful cheap.Rooms small, shower only, bath, room leave suitcase even ironing board. However, everything need provided, clean modern.I initially underwhelmed hotel, days realised eating time, simply good value place sleep take breakfast. Internet usual rip-off pricing - forget it.Summary - good value, clean, modern hotel.",0.14190235690235686,0.4433164983164983,May 8 2007
42,42,"couldnt even get reservation I done research loved reviews hotel. Couldntget information website current rates availability called transfered reception reservations 3 times someone able actually speak me.I told couldnt get rooms husband one set 3 yr old twins, one queen size bedper room. although ran 'formalities yes ma'm ma'm' think werent interested gained customer not.",0.22142857142857145,0.5178571428571429,Apr 30 2007
43,43,"EXCELLENT Our family 4 stayed Ibis two rooms 2 nights. The good location, away hussle within easy reach everywhere taxi, way cheap way getting around Dubai.The rooms clean staff polite helpful.They free shuttle bus running every hour to/from airport, well shuttle service tourist destinations.Only minus cost using internet foyer, AUD$8 per 20 minutes.",0.3894444444444444,0.6475925925925926,Apr 24 2007
44,44,"Don't bother! I stayed Novotel Dubai IbIsâs sister times already, first time I stayed Ibis. Novotel Ibis close Trade Center next door other. Dubai expensive city cheapest yet decent get price. Just give idea paid almost 500 Dhs $140 USD included breakfast. This corporate rate, otherwise would 600. Itâs quite lot Ibis much Dubai.Here points help decide would like stay here. If budget might best bet, I wouldnât recommend cheap hotels based Iâve heard:â¢ Rooms clean VERY smallâ¢ Not best pillows mattressâ¢ No mini-bar, coffee maker NO hairdryer roomsâ¢NO PARKING, insane pay additional 60 Dhs/night parking â¢Not friendliest efficient staff UAE canât ask more.â¢VERY SMALL SHOWER, BATH TUBâ¢Only one restaurant buffet want light meal, go out. We walked Novotel nice dinner Lotus.Would I stay again? probably not. I would rather pay little extra stay Novotel next door nice bar, restaurants, parking, swimming pool proper shower mini bar room.",0.09984567901234567,0.4092592592592592,Mar 28 2007
45,45,"Good value halfway old new cities We arrived 6am room booked next night. Helpful staff let us put luggage secure storage looked around city. We returned 10am room ready (theoretically checkin 12noon). Room good although view speak of.Staff helpful throughout visit, note free shuttle buses 3 biggest malls (approx every 2 hours) well hourly shuttle buses *and from* airport.Ibis 10 minutes' taxi old city creek. Equally 10 minutes' taxi new city, sites like Burj Al Arab &quot;Mall Emirates&quot; contains Ski Dubai. All timings weekend timings, apparently things slow lot weekday rush hours. You also walk &quot;avenue&quot; incredibly high rise buildings, takes 10 minutes although rather soulless get there. Joggers happily jog around world trade centre block (Ibis, conference centre, Novotel) - did, takes 15 minutes. However, there's much else area unless take taxi; one passes front door every couple minutes.At Â£50 room good value. However, budget travellers / backpackers, may tempted stay Bur Dubai (neer creek) next time closer proximity incredibly cheap Indian food area, souks. Business travellers people reasonable budget find excellent value.",0.2344654882154882,0.4765824915824915,Mar 25 2007
46,46,"A solid value The Ibis Hotel World Trade Center Dubai probably one best value Dubai. The Hotel modern concept clean. The guests mostly business men attending trade fairs transit guests looking clean convenient accommodation couple hours. The Ibis situated Exhibition Centre Sheikh Zaid Road. There traffic jams people going work. The 10 Kilometer ride airport take 45 minutes. There much around hotel. Emirates Towers reached 10 minutes walk. Restaurants shops Emirates Towers expensive. There couple restaurants Ibis Novotel. The Novotel situated exit exhibition hall. Breakfast Ibis basic AED 45.--. The better choice buffet Novotel AED 70.â offering wide selection cold cuts incl. smoked salmon, Arabic fare, muesli, fruits freshly cooked eggs. The offers free transportation airport leaving every half hour. A free shuttle bus service also offered City Centre (Deira), Mall Emirates (Shopping Centre ski slope) Mercato Market Jumeira. The rooms basic clean; pretty small. They large writing desk, big enough work comfortably. Wifi service payable. The bath rooms shower cabins. Little extras shampoo provided dispenser, empty last stay. There swimming pool fitness facility hotel. The standard rooms well seen Ibis hotely Europe. The Ibis good solid value. Especially winter months difficult get simliar standard price another hotel. The Ibis often fully booked, therefore recommended book early.",0.08744192799070848,0.4426684088269454,Feb 10 2007
47,47,"Fantastic clean brilliant value This great, like travel lodge loads nicer. Small rooms, v clean, comfy bed too! Hotel small smart bar, huge reception, great staff, lovely breakfast area, good food,inc price, paid Â£75 night dec 2006Only Â£3 get town, v frequent taxis.This doesnt pool, place stay night rather stay day.Very impressed, would definitely stay again.",0.39058035714285716,0.7189285714285715,Jan 9 2007
48,48,Great price Good Location Stayed Dubai Rugby7's. Perfect location Dubai offer. Small rooms adequate clean.Bar restaurant downstairs ok. Bar could bigger. Taxis always available waiting outside hotel.Value money.,0.38703703703703707,0.5037037037037038,Jan 4 2007
49,49,"Pleasantly Surprised This One! I arrived 7.30am morning 14 hour flight Australia informed check-in 2pm, would best get earlier. I happy accept expected go feeling rather worse wear. At approximately 8.30am I informed I could take room I able good rest hitting sights. I charged extra I extremely grateful this, although doubt keen remove tired-looking bedraggled traveler reclining sleepily foyer! I found staff exceptionally friendly, helpful polite, except one snooty one thankfully I little with. I however quite perplexed fact advertise anywhere offer free coach service number Dubai malls beach area. The cabs Dubai inexpensive, still, convenient take coach rather try flag cab heat. The Ibis far â still decent cab ride â main attractions. The breakfast excellent I popped lovely Cubo bar drinks snacks one afternoon. The rooms basic clean. Iâve definitely smaller. As lower cost end (but still expensive Australians staying there) I think offers excellent accommodation high quality service. I stayed two nights, transiting Morocco, maybe looking something comfortable (there âviewâ speak basicness room might get while) could go elsewhere would cost arm leg. I woman travelling alone felt safe looked here. The airport pick ups dropoffs efficient also.",0.23866013071895426,0.6040849673202614,Dec 3 2006
50,50,"Good value money Spent 5 nights early October Ramadan. Although rooms small comfortable modern. Very quiet, good restaurants attached able use Novotel facilities. Good location excellent shuttle bus service malls, beach etc. Staff friendly helpful.",0.37041666666666667,0.5381944444444443,Oct 16 2006
51,51,"Perfect Economy Hotel Lovely Hotel. Staff friendly helpfull. Room bit small side minor complaint. For economy hotel, far exceeded expectations. Would definately stay again.",0.1859375,0.65,Oct 2 2006
52,52,"Just job I Dubai business perfect. Staff helpful, room basic enough business traveller. The food italian restaurant great value job days work. The concierge especially helpful trying plan non-business activities.",0.32857142857142857,0.5535714285714286,Jun 24 2006
53,53,"Clean basic - job Stayed Ibis 12th - 26th May 2006.travelling own, business room adequate. storage would problem one person, dare say, would size room.on check asked room adjoining door quieter. allocated on, guy behind counter changed it. went room... adjoining door! went back reception room changed immediately.the seems non smoking rooms. smoking room real smell.the rooms basic.... clean relatively quiet.the breakfast's ok, without spectacular.never ate restaurants night. preferred make way dubai city center, walk towards emirates towers many hotels direction.the tv room excellent lots sports / movies watchthere pool / gym, use novotel couple hundred yards away 20Dirhams day.surprisingly internet access room. strange business hotel. hasd go reception, buy wireless pre-paid card gift shop, another 20 Dirhams.overall, would stay business, holiday? way.",0.18568627450980393,0.40593137254901956,May 30 2006
54,54,"Not dream ... good enough The Ibis dream ... Rooms similar would get Ibis Europe.It's good value money, especially Dubai. They provide free transfer airport request. Very convenient.",0.2857142857142857,0.6171428571428572,May 4 2006
55,55,"Perfect Every Way Absolutely good 5-star quality hotel- I could fault it. The spotless staff magnificent, friendly helpful. I sick whilst manager even telephoned room ask anything could help. You can't get better service. The situated main shopping area shuttle bus trandport taxis cheap plentiful. We arrived Dubai 1.30 Ibis representative waiting us airport. We put immediately onto shuttle bus transported hotel. Anyone satisfied happy palace. I would unhesitatingly recommend couples business people.",0.4599891774891774,0.7682251082251081,Apr 17 2006
56,56,"What wonderful economy hotel! No, resort wrote critical reviews - shame them!I go Dubai last week continuing education exam. I family, I need pool lounge by. What I got wonderfully priced business (385 Dirhams)that clean exceeded expectations.The room small, king size bed, built desk dressing table. There tub, shower fairly small. There view. This situated middle convention center, niche rooms look industrial sections adjacent fourt-star hotels; boilers, A/C compressors, etc.The bed three generous (read - flat!) pillows fluffy synthetic comforter. It quiet I nice comfortable atmosphere last minute studying. There hair dryer, one available front desk.In morning, kiosk sells pastries coffee, choice buffet restaurant great. Runny eggs, chicken sausage, greasy hash browns, pastries, fresh fruit salad (yum!) plenty cereal yoghurt choices.",0.15603505291005287,0.4978835978835979,Mar 19 2006
57,57,"Absolutely brilliant hotel! It's budget three star - remember book.But Â£50 night Dubai - brilliant. The breakfast choice tremendous, bars/restaurants good, location great, staff helpful, rooms huge clean TV, etc.It's beach - Â£50 night Dubai - ain't gonna get that!I've stayed Ibis hotels throughout Europe exceeds those!Other reviews moan lot lack porter service/minibar - REMEMBER - paying Â£50 night!!!!!!!I would highly recommend visitor Dubai budget (yes, would liked stay Burj - five nights cost less one - spent little time anyway!)",0.3814583333333334,0.6351282051282051,Feb 27 2006
58,58,poor service stayed ibis 1 night enough conclude never again. service really terrible. staff friendly. wanted change room said fully booked nother said rooms size. room toilet size extremely small. way dont room service. called reception order snacks around 11 pm said go pick snack reception resturant. They dont help u geting taxi go get long walk.,-0.23070987654320987,0.4237654320987654,Feb 25 2006
59,59,"Exceeded Expecations!!! After reading many reviews Dubai Ibis arrived low expectations...but turned Amazing choice!It upmarket boutique feel, I liked location ambience. The rooms smaller side still nice! The free shuttle airport great plus! I'd rate 4 star 3 star.We visited Novotel right nearby, prices close I'd probably choice Novotel first, budget DONT HESITATE booking IBIS Dubai.Jason",0.43733766233766236,0.6108225108225107,Jan 27 2006
60,60,"Excellent value money We stayed three nights 31st December. You expect luxuries like bath tub, hair dryer, minibar,... amenities would reasonably expect given room rate provided touch design class.Free shuttle buses airport, beach three shopping malls different parts Dubai also help keep expenses control (not bad, given countless opportunities spend lots money Dubai).The staff kind, either reception desk restaurants. We like good food unconditionally recommend Cubo restaurant: tried places mentioned guidebooks found offered far better value money most. But expect memorable meal lifetime there: maybe 400 AED per person, including service charge taxes (no kidding!) Japanese steak Fairmont hotel, mere 5 minutes walking distance Ibis would better bet purpose (we try however).",0.28500000000000003,0.5800925925925926,Jan 20 2006
61,61,average budget,-0.075,0.25,Jan 9 2006
62,62,Basic cheap Great Dubai 7's,0.4000000000000001,0.525,Dec 7 2005
63,63,Not holiday makers. Poor,-0.4,0.6,Dec 5 2005
64,64,Perfectly Acceptable,1.0,1.0,Dec 5 2005
65,65,Okay,0.5,0.5,Nov 11 2005
66,66,Careful!!,-0.15625,1.0,Apr 23 2005
67,67,Great Hotel,0.8,0.75,Apr 9 2005
68,68,Best 3 star Dubai!!!,1.0,0.3,Apr 4 2005
69,69,thank you!!,0.0,0.0,Mar 15 2005
70,70,Highly recommend IBIS World Trade Centre,0.16,0.5399999999999999,Jan 9 2005
71,71,Ibis World Trade Centre Dubai,0.0,0.0,Jan 9 2005
72,72,Excellente situation,0.0,0.0,Nov 4 2008
73,73,?????,0.0,0.0,Oct 30 2008
74,74,Entlastung fÃ¼r den Geldbeutel,0.0,0.0,Feb 27 2007
