,Unnamed: 0,Reviews,polarity,subject,Dates_extracted
0,0,"Good - pleasant stay This 3 star I think priced reasonably. Rooms basic clean comfortable plenty space. I followed advice tripadvisor review requested room 5th floor issues noise.I wanted staff recommend places give advice go, couldn't. Logged onto internet read reviews instead huge problem. Just think little things add service.Rooms cleaned daily staff polite. Must new pool guy friendly. The one day used pool shut 5.30 however. Went beach days anyway. Restaurant - breakfast different items daily perfectly fine. Don't drink coffee though. We half board - check agent tried give us breakfast lunch get agent fix this. Food fine - staff pleasant. We people eating dinner - heard stopped dinner buffet due complaints.Location - bad tourist attractions e.g Jumeirah beach side - costs Â£10 way Jumeirah cab. Metro unfinished use get places only. Close Gold Souk, Aviation club beach park.Bar guy girl bar pool lovely. We got ushered Patriots (the ground floor entertainment room!) couple times staff. The first time stuck heads quickly left - cheesy girls dancing stage. The second time we'd drinks Carter's (Wafi Mall - nice bar) actually sat down. I found embarassing left couple sips drink. hahahaAgree previous review - aircon rooms really bad - basically blasts freezing cold air 5 min stretches bring room temperature down. Meant either turn aircon higher temp ot turn boil, put cardi on! Dubai whole LOVES aircon - I hated indoors colder England - also meant I developed cold day due constant extremes temperature. My no. 1 piece advice - bring plenty cropped trousers, conservative dresses t-shirts. My usual summer wear (knee length / floor length halter neck strappry dresses / shorts) attracted way much attention men area around hotel. Plus carry cardigan wear trousers / jeans intend go shopping malls. I told friend wear anything normally wear, Dubai - pretty much ruins day groups men constantly staring (probably thinking prostitute).Places visit:Malls: All major big ones - Dubai Mall Emirates Mall best I think.Drinking - Best find Dubai Aviation club - rare find outdoor drinking dubai wonderful. Also find Irish Village - Irish bar here.Try also Carter's (Wafi Mall - outside terrace links couple bars), Mai Tai Dubai Marina - near free Jumeirah beach.I would recommend cheap option - would prob try stay aesthetically pleasing west Dubai (around Jumeirah) I visit - far budget allows anyway ;-)p.s. per previous reviews - no-one pronounce name (Ver-Say-Les common always recognised proniunciation). No taxi drivers know - say near Taj Palace (thanks tip!).",0.09772863772863771,0.4739728364728364,Oct 26 2009
1,1,"Good The service quite good, staff polite. The room good enough I like air room way air conditioner worked. The location great, evening find kind restaurant nearby besides far lot shpping malls.",0.4928571428571428,0.7071428571428572,Sep 8 2009
2,2,"Ok price paid We stop-over 2 nights (me, husband 4 year old child). The clean, relatively comfortable - typical standard 3 star, nothing more, nothing less...Staff friendly helpful, aprat guy worked swimming pool...He bit unfriendly reason. The pool closes 6 pm, handy, considering hot outside leaving pool open till 8-9pm would much appropriate guests hotel. But do..? Restarant bit dissapointing. Not cheap, food nice. We much better lunch shopping centre food court dinner hotel's restarant. So recommend dinner. Breakfast ok, mentioned someone already- paid continental breakfast- make sure dont eat anything &quot;buffet&quot; food, otherwise charged. Location pretty good. Overall, ok 2-3 days stay planning spend days hotel.Last least- noisy reviews say here...Maybe level 5...But quite there.",0.23053846153846155,0.546017094017094,Jul 23 2009
3,3,"Good value money! We family 16 staying Versailles. We pleased excellent service got. The staff polite helpful. Shuttlebus beach every day convenient. The thing found annoying noise nightclubs. Ask rooms fifth floor. There prostitutes hanging around street far hotel, none inside hotel. We felt safe area, also late night. The taxidrivers know find hotel, knew find Taj Palace around corner. One tips holiday: taxidrivers get paid pr. kilometer get unpolite need short ride (one drove leaving us standing found going )Let know pay bit extra important get ride.",0.21875,0.7041666666666666,Apr 10 2009
4,4,"Excellent Hotel Staff Good location close Deira city center love shopping,if want save bit go pick save,just ask JR point direction, staff helpful friendly .they look guest well, rooms clean food great .The trevel agent travel desk help excursions desire, Dont miss desert safari ,a trip Atlantis resort Jumeira palm tour Dubai.",0.4490740740740741,0.5388888888888889,Mar 19 2009
5,5,"Great value Stayed january year pleasant time. The staff friendlier girlfriend wanted early check obliged complaints. Rooms clean cleaned daily bathroom good size. For budget ask more. Only problems were, bother booking trabsfer turn up, pool nice lifeguard strict (as tells wearing wrong swimming shorts moving loungers). Also DO NOT go nightclubs.....very, strange places (loads good places go drink Dubai). All though great stay.",0.33933333333333326,0.604,Mar 5 2009
6,6,"Don't economise accommodation Dubai - stay anywhere else here! Rude front-of-house staff, hairs pillow long wait check in, put this! Neither Emirates chauffeur desk chauffeur heard Versailles Hotel old Dubai despite 10 minutes' drive T3; first clue made poor choice accommodation.The promise early check - false! We arrived 06:30 17-hour flight told early early check room 9am. We overheard receptionist complaining next morning guests arriving early pay half day standard check in; turns room ready arrived refused immediate entry receptionist power trip. What warm welcome!Have cup tea wait room - accept insist forfeit breakfast next day. Also, breakfast buffet included room rate - breads cereals included b&amp;b tariff intermingled cooked foods - put cooked foods plate charged additional fee.The room - eventually shown spacious enough could new carpet. No tea/coffee making facilities. Hairs pillow - I suspect staff member break snoozed got key...Bathroom - mouldy shower curtain grouting, dimly lit, hairs bath, pleasant. Sleep tight? I think so! The night club base starts thumping 10pm stops around 3am, get maybe 2 hours' sleep dawn call prayer sounds across city, shortly car horns start chorus. The rubber sealing windows partially missing windows shut fully. Living quiet coastal town spent time Paihia Dubai, found noise intrusive.Any plus points? The food reasonably priced (roughly 70 Dirhams 2 main course meals 2 bottles beer) tasty, freshly cooked. Breakfast selection extensive part, tasty. Honesty restaurant staff commendable; accidentally short changed 5 dirhams waiter came room less 10 minutes later apologise profusely error - even checked change completely taken aback honesty. If would awarded one star.You experience Dubai brochures afford upper end accommodation options Jumeirah Beach, stay mainstream - Sheraton, Hilton Radisson within couple blocks Versailles.",0.02359307359307359,0.4005754408193433,Jan 14 2009
7,7,"Stressful experience We stayed due good value proximity airport - staying Dubai overnight catch connecting flight following morning. On arrival immediately asked staff book taxi told time need airport. I asked long would take get informed approx 15 minutes. The next day taxi never arrived agreed time, despite repeated calls reception staff taxi company waited reception. They kept assuring us taxi would arrive getting late feared missing flight. We also advised staff go outside try hail taxi unlikely would find one many around, plus extremely hot dragging luggage streeet. I dont understand taxi shortage part city. We ended going onto street asking stranger drive us airport, lucky man way work agreed take us. Otherwise clean comfortable price paid.",0.08833333333333333,0.47833333333333333,Nov 24 2008
8,8,"Not worth Give break - NOT deserve 4.5 ranking.I nice room club floor #3, major problems:1. The night clubs keep awake 3am !!!2. There warm water3. The advertized fitness room exist4. Breakfast included5. Location really hard find. It took hour rental6. Aircondition noisy7. Service bad. &quot;I care attitude&quot;After first night I move again. There lot better hotels area price. Pay little bit (if even to) - worth !!!",0.09240342881944445,0.45555555555555555,Nov 18 2008
9,9,"Aceptable The location good. But simple hotel, modern. It's aceptable. There bar underground somethimes hear noisy, ok. If want enjoy hotel, enough.",0.2888461538461538,0.477985347985348,Oct 27 2008
10,10,Great value Appreciate permitted early check-in without extra charge.Location fairly good need 10 mins driving Airport. The popular Burger King/Mcdonalds nearest shopping centre 3~5 mins walking. The hassle geting taxi hotel.,0.275,0.70625,Sep 5 2008
11,11,"Great value clean friendly I booked online based reviews photos I seen. We double room half board. The room clean comfortable tv mini bar ( godsend country alcohol readily available). Towels sheets regularly changed bathroom clean constant hot water. The breakfast okay lunch dinner fabulous lots choice reasonably priced. Room service prompt inexpensive. The lower bars/discos slightly dubious ladies entertainment (although belly dancer great) roof bar fab. It opened 6pm 4am pool table, music quiz machine. The drinks badly priced Â£2 bottle beer Â£2.50 spirits. The pool clean (if little cold) jacuzzi beside lovely. The pool area sunshine 4.30pm great. The walking distance various restaurants, shops fast food joints aswell several hotels. The staff friendly helpful. Didn't see evidence free shuttle services taxis cheap anyway. Although one expensive hailed one, reliable. We paid 70 per night half board although could b&amp;b buy food go reasonable. I would recommend anyone budget improvement would bar opened day !!",0.1881190476190476,0.5777692307692307,Mar 25 2008
12,12,"Dubai 2006!!!! I stayed versailles 6 days middle April 2006. Having arrived heathrow 6am- I tired say least, staff helpful offering free drinks snacks upon arrival. I supposed cheking room 2pm, front desk moved heaven earth I room 9am!!!! So gave extra time explore surroundings, pizza hut burger king nearby, could I asked for!!! In evenings arranged courtesy buses various malls around Dubai (I would advise taking alot cash/ credit cards hard resist walking past luis vuitton/ prada buying something given prada shopping bag!!!) I also took advantage FREE shuttle buses Jumeriah beach- although pay go beach something I used to. Also recommended trip Wild Wadi water park, right shadow Burj Al Arab (Robbie williams staying whilst I concert Dubai week) The clean top things off, one hotels pool (very handy 45 degrees!!)my room modern clean, bathroom looked like redecorated too. And 6 nights Â£300 good value money. I would recommend young toursists offers bus services highlights Dubai offer. I would easily go back gievn chance hope someday. The photos taken Versailles Hotel's website",0.22258898809523806,0.5187952380952381,Mar 21 2007
13,13,"Nowoner loss one stars I recently returned 5 night stay Dubai 4 female friends. The city lovely however left less impressed. At first impressions okay, wait untill look bed sheets....lets say one extremely hairy slept bed before. Our bathroom parts celing missing TV fridge sometimish. The breakfast lot variaty however tasty. On plus side staff friendly helpful.However stay especially girls, alot Arab business men stay here, used women fully covered....and seem like perverts.",0.1777777777777778,0.4680555555555555,Jul 4 2006
14,14,"Excellent Value Great Service! I would give 10/10 3* hotel. Its great location, ideal shopping eating, staff welcoming tell services offer like free trips everyday beach shopping malls without extra cost. They even offer complimentary shuttle service airport check handy. All staff pleasant happy help, room clean spacious bathroom well equipt clean. There mini bar room, tea coffee making facilites, pool roof clean nice. I would definately stay wide choice breakfast, inwhich could eat much like buffet breakfast!!!! stayed friend 20's families older couples well young people catered wide variety.",0.4176491477272727,0.6827272727272727,Jun 2 2006
15,15,"would definitely stay We stayed 6 nights Feb 2006. We paid Â£55/night online Sharjah-based travel agent. The staff friendly attentive least interacted them. They even allowed us check early 5am without fuss extra charge. The room clean impressed clean modern bathroom price. There however noisy nightclub 1st floor (typical many hotels area) open 3am. We able fall sleep 4th floor could still hear small bearable low pitch boom. We would definitely stay price Â£55/night. It located near Al Rigga Road excellent location many places eat: McDonalds, Burger King, Pizza Hut, KFC, Dunkin Donuts, Baskin Robbins HagenDasz cafe- also many Middle Eastern restaurants- Automatic, Beirut etc. always try near. There hotels even stay would definitely avoid K-Porte Inn.",0.19246913580246916,0.5053703703703704,Feb 19 2006
16,16,"Worst ever The rooms small, security lock broken staff help it. I stayed 2 days one came clean room.The water get bathrooms boiling temperature cold water available planning stay beware burn get clean.There nighclub start music cannot sleep.",-0.10972222222222222,0.67,Feb 17 2006
