,Unnamed: 0,Reviews,polarity,subject,Dates_extracted
0,0,"Very Good Value Money Affordable, clean, no-thrill small hotel. Very good choice want decent small fortune spend it. Delmon excellent location, walking distance Creek , short taxi ride center, souks, malls, attractions. Clean rooms, although need redecoration soon. Restaurant great, ok. Free net helpful reception staff. Free shuttle beach makes good alternative beach hotels quarter prices. A small pool gym roof. If come explore spoil live without ulimate luxury service top end Dubai hotels offer (at price), Delmon excellent choice",0.3053181818181818,0.5838333333333333,Jul 13 2009
1,1,"Not worth We checked Delmon Hotel late May stayed almost two weeks (booked booking.com). The located center Dubai/Deira, walking distance clock tower. However, one bear mind may rather unwise walk around daytime 40+ degrees hot extremely humid. The pool, roof top bar (they serve cold Heineken) night club ground floor.Staff friendly supportive. This biggest plus hotel, apart central location (see above).The Room unclean stinky, even substantial airing didnât help previous guest must smoked heavily non-smoker room. Daily cleaning didnât really improve degree cleanliness.The toilet stunk despite daily cleaning.Most annoyingly, bumping beat nightclub music made way night night fifth floor staying, made sleeping times somewhat difficult.The pool filled filthy water. They results (impeccable) bacteriological analysis display â dates back March.The breakfast buffet nothing spectacular, ok. Again, staff helpful nice.The roof top bar frequently closed random times, sometimes early 10 p.m. So, cold Heineken wasnât reliable pleasure.",0.01663793103448276,0.5033333333333334,Jun 13 2009
2,2,"Convenient Dubai visitors We made use stopover Dubai explore city couple days. We choose Delmont accomodation close airport offers free shuttle service. Besides good starting point visit places interest city (as Dubai quiet large temperatures May high, noted visiting city foot impossible). The staff friendly room ready us early 7:30 morning (when flight arrived). Thee room good shape comfortable size. Besides small gym offers pool roof building nice opportunity refresh. Unfortunatly swimming pool cloed 6 pm stay. Breakfast good appropriate.Conclusion: ideal poeple wanting explore Dubai journey good cost/performance ratio.",0.2884536340852131,0.5402055137844611,May 24 2009
3,3,"Will go I stayed 3 nights. Room clean, ordinary restaurant, expensive nightclubs, staffs polite. And I gonna take lady room, first charged 100DHS I waited 1.00a.m 3.00a.m permitted go room called several times 6.00a.m asked send girl out. I reckon I go anymore.",-0.03888888888888888,0.4222222222222223,Feb 3 2009
4,4,"Superior customer service I stayed six days Hotel Delmon en route Kish Iran two days upon return. The service accomodations absolutely best I hotel. In addition, helped book one day diving trip Oman one peak experiences trip. Thank you, thank you, thank everyone Hotel Delmon satisfied traveller.",0.6375,0.775,Jan 31 2009
5,5,"I like I stayed Delmon beginning December. This first visit UAE I canât compare hotels. But still atmosphere friendly pleasant, mostly due personnel. Almost amiable communicative. That fact made size age hotel.First night sleep second floor noise disco really heard. But next day moved 5th floor much better. I liked food greatly, tasty, well-done rather diverse. On roof wonderful shisha hot chocolate.The location good. Besides, everyday shuttle took beach shopping mall.Iâm sure fourth star Delmon got amicability )",0.32060185185185186,0.5104938271604937,Dec 22 2008
6,6,"Delmon Hotel - You could lot worse! I searching reasonable value far town, yet good base fo business...I found fitted budget went one seemed tick peoples boxes least negative complaints - dont get wrong, one bad reviews I'll give itmy best shot objective.First off, chuffed met flight driver - wasnt sure free shuttles got emirates ring ask (by way, Emirates way get - fab job) patched driver said waiting sign - teach look. Most hotels stayed past charged shuttle service ive get taxi.On arrival, aware 5 hours early check in, however, asked could drop bags go pool, told room would ready 10 min help breakfast waited - again, FOC!!!They ask passport checked I wasnt sure would get back, however, returned soon asked without problem - think take copy records.The next new build apartments (to try find one thats next contruction work Dubai fairly difficult!) faireness, I didnt hear noise - 3rd floor, room 230 te side.The rooms clean, comfy fairly date decor wise. IT quiet could expected downtown hotel.Pool nice - like watching contrution airplanes place relax! Serious though, alright - fab service staff pool bar team. Addd bonus wifi roof reception - rooms wired connection (but obvious).Food wise - ok. Breakfast adequate (I stuck omlettes cooked chef) one dinner resaturant ok - better places eat main street 5 mins walk away want choice.Staff - one person unhelpful. They remember face room number spooky ease always service.Summary: Good service, Good Value, Good Hotel. There better hotels expect pay them!!",0.18879483611626466,0.5436868686868687,Nov 24 2008
7,7,"Quite satisfactory Been staying five nights wife, enjoyed reasonably priced good service good attention tourists' needs. Having read previous reviews, I've somewhat alamed reports disco noise assigned room 3rd floor - actually faced problem there. Their restaurant downstairs comparatively small one rather modest selection breakfast - I really expect much way Dubai price.",0.18194444444444444,0.4138888888888889,Nov 2 2008
8,8,"Perfect!!!!! We stayed Delmon Hotel 4 nights. I read I avoid 2nd floor noise disco, went 8.00 morning check-in, I told put us 2nd floor. The surprise? They gave us deluxe suite 5th floor!! WOW!!! It amazing! The staff perfect, efficient polite! They service best! Breakfast OK, dinner buffet 45 dhs=8 euro per person, really deserves money pay! The location perfect Deira, You go Deira City Centre 10 minutes walk. Also super-market near hotel. If come back Dubai stay sure Delmon Hotel!!!!!",0.49892578125,0.5868055555555556,Apr 9 2008
9,9,"good one liked stayed 4 days really enjoyed . room clean , facilities new reasonable . breakfast comprehensive , lunch acceptable . pool roof joyable .the location good , near city center , saat square somehow near naser square . staff friendly could hardly speak english .the negative point : noisy disco . stay away 2nd floor ,because noisy disco let u sleep till 2-3 .i problem asked relocate,they next day ,just stay away 2nd floor u like .",0.18924242424242424,0.45478956228956235,Feb 12 2008
10,10,"Great Hotel I bit apprehensive going first previous reviews, checked checked out, service facilities impeccable.The location perfect. As soon set hotel, Gold Souq right there. There pleanty nooks crannies explore, many ATMs, cashpoints places eat.In evening, visited many tourists many neighbouring arab nationals. This clubs. The clubs great place pass time recommend Sangam nightclub, request fav songs enjoy great atmosphere.Overall, one best holidays i've woudl definitly recommend holiday makers go visit hotel.Breakfast ordinary, many eating joints big issue.The rooms ordinary, clean bath/shower plenty hot water.A big plus.PS. always negotiate cab fare drivers, get usually, drivers start 5BD.",0.3350340136054422,0.5040816326530612,May 16 2007
