,Unnamed: 0,Reviews,polarity,subject,Dates_extracted
0,0,"Great stop-over This excellent stop-over. The staff friendly helpful rooms amenities would expect (including shaving kit, dental kit etc. etc. - useful since I remembered pack toilet bag hand luggage (see comment below)). The nice thing really tried make bit edgy different, quite feat something essentially airport terminal building. My quibble air conditioning room seemed rather complex operate could turned off. One point note though, going use overnight way somewhere: check main luggage final destination pack change clothes toilet bag hand luggage. In order get main luggage need go terminal Dubai (the luggage hall technically part Dubai). This means need go passport control. You cannot get back without checking connecting flight, probably open hours takes off.",0.12888888888888891,0.440079365079365,Sep 16 2009
1,1,"Loved Excecutive Room I spent 10hrs stopover Dubai Airport. This choose stay 10hrs airport Terminal 3 room amazing., clean extras. Massage chair usefull fly 22 hrs. The good thing departure gates arrival takes 5 min Emirates gates. Bar resturant open 24hrs major help travellers. Great place stay I stayed 2 occassions stopovers. They charge hourly rate good people like stopover great.",0.37527777777777777,0.6333333333333332,Sep 5 2009
2,2,"Extremely noisy air conditioner expensive We booked 7 hour stopover means avoiding hanging around airport terminal overnight. We knew expensive thought we'd give try. The bathroom clean, required toiletries, including hairdryer. The bed comfy room overall, fairly average. The air conditioner worst part all. It could switched off, unless removed card slot door, meant none lights worked. It extremely noisy switched off, even though I'd set I thought constant fan speed. The AC drove crazy!",-0.2783333333333333,0.6733333333333333,Aug 17 2009
3,3,"Extremely expensive Considering kind packages offered (hourly rates), 190.- USD 4 hours almost unaccettable.Nice well furnished bathroom confortable bed. That's all. The room dirty absolutely soundproofed. It's better sleep airport lounges.",-0.019999999999999997,0.76,Jun 19 2009
4,4,"Good money object really need sleep Airport! Its great really need sleep inside airport and/or cannot get UAE visa arrival money object.Thought way overpriced, pay 250USD 6 hours OUCH!!",0.515625,0.4375,Jun 19 2009
5,5,"DHI â Lots room improvement I booked two rooms DHI Terminal 3 May 23 way London Singapore. The six-hour-long stopover induced try facility.I charged approximately Â£144 per room two deluxe double rooms, price puts facility expensive side things.Unfortunately I noticed isnât much value money.The check process lengthy old school, provide passports scanned. The check clerk also multitasking, therefore making us wait total 18 minutes complete process.I may tend flexible different situations specific case every minute matters I feel check process could easily 10 12 minutes shorter.Rooms clean stylish fitted comfortable beds. The bathroom spacious clean, also featuring complimentary toiletry items disposable toothbrush etc.I found room well insulated but.... I clash alleged security light located entrance.Not light may prevent falling asleep, also randomly buzzes frightening mode.I idea came idea âsecurityâ light canât switched I find absolutely absurd, especially paying excess Â£140 hours sleep.I obviously contacted manager voicing frustration said light. The chap showed leisurely convenience, 25 minutes I called reception.He mercifully attendant âkillâ light removing light bulb socket, thus confirming may much needed security feature all. I requested wake-up call upon checking mysterious reasons I also set alarm cellphone waiting light killer. Fact matter cellphoneâs alarm prevented family missing flight since concierge didnât record wake-up call request!In summary Iâd say well represents mixed standards Dubai. The facility well thought well built also features oddities like infamous âsecurityâ light; personnel lacks training consistency, like travellers may experience resorts UAE. The could become worth price oddities addressed personnelâs skills brought standards via extensive training.",0.10162878787878786,0.5892424242424241,May 27 2009
6,6,"Overpriced incompetent staff complaints ignored N.B. This review two parts: original review followed update end detailing hotel's response complaints.ORIGINAL REVIEW (9 March 2009):We checked morning but, even though I got long flight, I angry I wanted write review straight away. Please read excellent reviews get understanding unusual set up. There different sections terminal 1 terminal 3. Our experiences terminal 1 part hotel, stayed brief overnight transit stop en route UK Australia, favourable. We first stayed overnight Feb 2009 Terminal 1 part hotel. We impressed part - although cheap 941 Dirhams (approx Â£160) 9 hours. We met plane escorted airport hotel, saved us considerable time inconvenience. We pleased room enjoyed adequate meal room service. The reception staff check friendly efficient embarked onward flight feeling refreshed.When returned Dubai 8 March 2009 approx 1 p.m., following exhausting 16 hour flight Brisbane, decided try Terminal 3 part nearer arrival departure gates. Again, met plane escorted quickly efficiently airport, extremely grateful. We pleased room immediately went sleep appointment opposite side Dubai 6.30 p.m. When awoke 5 p.m. discovered water supply room failed. No water coming taps, bidet shower afraid use lavatory case would unable flush it. We difficulty working contact reception seem list extension numbers anywhere room. When finally manage speak reception, told problem would passed relevant person. There indication do. We know whether pack belongings preparation moved, whether begin changing go whether wait instructions. We considered whether ask moved room Terminal 1. We not, and, light treatment received later, mistake. After time, still without water, heard nothing telephoned reception again. The receptionist clear, gathered whole without water. Had told first place, would known go ahead prepare, albeit somewhat poorly, appointment, rather waiting someone arrive door. No adequate apology given - either lack basic amenities lack communication. So, option go without shower, use lavatory even able wash hands. We extremely upset, felt grubby late appointment. When returned appointment, silent message left room answering machine. We suspect reception trying contact us, difficult know. By time, water running would fair let us know.Check following morning fiasco. We kept waiting quite time anyone came help us, poor airport guests flights catch. The gentleman eventually came serve us seemed limited English poor attitude. He claimed know nothing water supply problem previous evening. We thought fair compensation inconvenience but, nodding apparent agreement, prepared bill full amount insisted entry credit card PIN number. We refused told amount pay reduction given. He delayed time, gave us information, insisted PIN number entered. Again, refused. Indeed, stage still seen itemised bill and, experience, customary guests shown itemised bill approval settlement bill (we confirm received one Terminal 1). He considerably annoyed, huffed puffed said would ask someone else.The next gentleman little better. He also ignorant failed water supply actually asked us whether reported time! (Why already known fact reported twice?) Indeed, pair almost refused accept problem happened all. He telephone third person. The reduction given utterly inappropriate level inconvenience suffered (172 dirhams 1047 dirham bill - i.e. approx Â£29 Â£180 bill) - really insulting reduction bearing mind WE HAD HAD NO WATER! The amount reasoning behind reduction explained us, asked thought amount adequate, not.Â The original receptionist seem clue operate computer system told colleague every stage. By point, considerable time passed, flight called and, although calm, infinitely reasonable patient throughout, becoming quite distressed. We felt time staff training. We paid reduced bill - amount still far clear - go suddenly told needed pay glass milk ordered room service night before. It explained last minute item therefore able included bill. This inaccurate received milk nine hours previously. We explained run make onto onward flight gate closed. Finally, still without seeing itemised bill, asked sign slip, did. There little opportunity entirely clarify situation circumstances. We distressed suitable state mind begin eight hour flight. Indeed, still upset now.We understand unexpected problems occur sometimes. The failure water supply would forgivable situation dealt professional manner reception staff i.e. proper communication time incident sincere apology reasonable discount check out. Surely whole purpose airport allow guests short stopovers shower, brush teeth, use lavatory begin onward flights plenty time, feeling refreshed relaxed. Professionalism demands guests know paying staff aware problems occurred stay - especially reception staff notified twice problem occasions promised something it. Regrettably, utterly failed counts. This incident raises many questions:How international airport without something basic water?How reception unaware major problem water hotel?Is appropriate keep guests informed regarding happened going done it?How keep log major problem water failure, especially notified twice?Surely standardised form recompense event failure exists?Surely compensation would automatically arranged checking out?Why itemised bill prepared advance?Is fair try convince guests pay without sight itemised bill?Is fair guests leave without itemised bill?Is fair guests ample time reach flight left run airport?Is fair guests stopover depart feeling frustrated distressed?How possibly recommend anyone else?How possibly consider ever staying again?We feel that, given considerable inconvenience, initial water failure extremely confrontational checking-out, well served hotel. Indeed, feel entitled considerable financial compensation provided basic amenities paying also compensate considerable distress inconvenience caused staff. Please continue reading see hotel's response complaints.UPDATE (7 May 2009):Further original review above, I e-mailed Dubai International Hotel 9 March 2009, returned home 8 March, saying I wished make complaint asking go so. The Rooms Division Manager replied provided e-mail address Operations Manager hotel. On 10 March I sent detailed e-mail regarding problems experienced stay explaining much distress suffered result. On 24 March, received response, I sent letter complaint hotel. On 7 April I still response sent another e-mail outlining events point, pointing previous e-mails letter ignored, informing poor review I written currently Trip Advisor case interested explaining I hear back shortly I would writing update said review effect. The next day vague message left answering machine promising call following day, - surprise, surprise - month later I never heard again. In summary, THIS HOTEL DOES NOT CARE ABOUT ITS CUSTOMERS. You aware experience problems stay Dubai International Hotel...you're own!",0.06460708377643862,0.496233171846075,May 25 2009
7,7,Overpriced souless I decided book I due arrive Dubai 2235 leave 0750 decided toi book room 6hours allow get sleep lengthy layover. I decided go relax drink lounge checking really disappointed find 'lounge' located right beside reception area extremely basic souless relaxing. The room extremely nice bed pillows really comfortable honest I paid Â£116 6 hours use room would definetly again. It way expensive offer comfortable public areas I might reconsidered even toilet bar area dirty lock broken I enquired nearest toilets I invited use gents!!! I stayed hear staying day night Kuala Lumpur airport Pan Pacific outstanding cheaper. To compare two would like comparing tent campsite luxury lodge gleneagles. If company paying go ahead book paying try get better flight times save money disappointment. Even staff unwelcoming is!,0.014478291316526599,0.5604341736694679,May 21 2009
8,8,"Excellent Hotel AC tooooo noisy I fly Milan Calcutta 7 hours stop Dubai Airport. The airport huge shopping mall, needed rest, decided Deluxe Single Room 5 hours (AED 470+47 taxes). Well, room gorgeous, green, blue light blue colors, relaxing, spaciousness, kind amenities comforts inside: iron, tea/coffe maker, bathrobe, also carpet muslim prayers....The problem AC, can't believe sooo noisy, problem turning off...so actually rest all. Beside that, workers hammering rooms next mine (#2303), cause i've earing noise 5 hours long.....so say: simply beautiful, Spa inside, porpouse staying sleeping I able rest all....NEXT TIME DONT FORGET TO BRING SOME EAR PLUGS. The price I paid 5 hours cheap all, Dubai....AND THIS IS THE RULE....",0.30992063492063493,0.5910714285714285,Mar 13 2009
9,9,"A great option morning flights transit passengers The Dubai International Hotel Dubai Airport option one two kinds passengers:1) Passengers transit two flights long layover;2) Passengers morning flights destinations USAThe reason limited terminal past check-in passport control. In words, way get either transit passenger already checked in. Thus stay checked baggage.Emirates airlines possibly airlines allow passengers check 24 hours advance flight PROVIDED IT IS NOT A FLIGHT TO THE USA.The charges hour prices worked $25 US per hour double room $300 12 hours.In case, Abu Dhabi early morning flight Dubai great option. We packed toiletries clothes would need next day carry-on bags, arrived terminal night flight, checked bags, went thru passport control checked hotel. The next morning got 1.5 hours check unhurried check ever (after bags check, security clearances deal with, nothing).A words itself:The really three hotels centralized booking agent. Each entrance terminal reception bar area way walk except thru public areas Terminals. There Terminal 1 (which connected terminal 3 escalators) two hotels, East West Terminal 3 (which new terminal Emirates flys of). Unless problem walking really matter part stay in. One reviewer said rooms pool Terminal 1 nicer. We stayed Terminal 3 that's flight leaving gong use pool. I can't imagine anyone staying long enough use pool knows. It's cute small pool gym. I think request part available give you. The crowd Terminal 3 better cleaner. You'll understand I mean see people camped terminal 1 obviously long layovers. I assume many workers actually build Dubai.The Terminals large unmanagable. It takes 15 min walk end Terminal 3 end Terminal 1 baggage carry-ons.The rooms Terminal 3 5 star minimalist modern. That say everything would expect five star except luxury. They clean, decent kind cool looking, huge windows plenty space considering baggage carry-ons you. The mini bar well stocked, TV offers lot channels movies.On hand, internet rooms. This big defect fix it. The free WiFi reception give 1 hour's free use business center computer addition. The bars least Terminal 3 happening places. Another way put basically dead really invite hanging in.The itself, least Terminal 3, eating options room service. The picture show restaurant really buffet Terminal 1. We try room service may well best option first class business class passenger Emirates. Dubai airport apparently decent food first business class lounges Emirates surprisingly zero upscale even decent healthy options anyone else. There two buffet restaurants (one terminal) food offer uninspired barely fast food level. In fact fast food may well better option, least tastes good. Both buffet restaurants ghost towns. There Irish bar equally inedible food. We considered processed fried cheese filled jalapeno peppers great improvement &quot;home cooked&quot; foods salads.We think great option anyone transit early morning flight provided allowed check flight night before. The rooms quite comfortable hassle free worries walk room flight can't beat; especially Dubai traffic cause huge delays getting airport. However, transit passenger, either eat arrive try room service call fast food night.",0.16150472494984694,0.4916683824305775,Jan 23 2009
10,10,"Excellent rooms mediocre staff Stayed 10-hour transit. Upon booking specify hours rate differ 8 12 hours, anyhow I prepay. Still plane 30 mins early check-in initially told I'd WAIT 30 mins allowed room. Luckily 5 mins later supervisor walked cleared matter.About room (old terminal) nothing praise. Very spacious, perfect beds, large bathroom etc. etc. Room service quick lunch slow good, tasteful, food. Had time try gym/pool looked okay.",0.26292517006802724,0.504421768707483,Jan 7 2009
11,11,"Overpriced Facilities We stayed number times past transitting Dubai airport. This time travelling new terminal 3. The terminal live hype. The inbound flight parked terminal 1 gate, involving long walk terminal 3 get though security. The outbound also terminal 1, involving long walk back!We found sign (east wing) teminal 3. There also sign (west wing). The east wing reception efficient, trainee duty, alone. After 20 minutes queueing completed registration process given room west wing. That involved 5-10 minute walk.Having stayed 'old' terminal 1 previously I expectations. These definitely met new hotel. Despite advertised luxury room really little good budget room, luxury prices.I know terminal new yet ready use. There complementary water room, tea making facility missing.If option, try get room terminal 1 hotel, rooms significantly better quality, value, etc.",0.09039661319073083,0.4223707664884135,Dec 17 2008
12,12,decent travelers soul I stayed Dubai International Hotel couple days siblings. It homey welcoming atmosphere even located inside airport. The rooms immaculately clean comfy beds ever. I overslept almost missed next flight! Good thing near gate 111 otherwise I would book another night. Very convenient travelers. Not cheap ($30/hr) worth every penny.,0.2121212121212121,0.38787878787878777,Nov 24 2008
13,13,Overpriced Perhaps expectations high 5 star Dubai underwhelming! 5 star price 3 star hotel.,0.2,0.5399999999999999,Oct 18 2008
14,14,"Great way break long journey We stayed Dubai International Hotel twice. If stopover Dubai really good way break journeyRooms clean comfortable whilst particularly cheap represent good value . There fruit room really nice fluffy towels, toiletries etc. Service excellent - e.g non allergenic pillows blankets produced one morning. The spa gym look good carrying hand baggage I never able use them.",0.39476190476190476,0.6682142857142858,Feb 12 2008
15,15,"Great Hotel We took 8 hour stay transit Dubai proceed holiday. The stay excellent though short time. Everything excellent including rooms, service food, pool jacuzzi. It memorable experience family.",0.5499999999999999,0.7583333333333333,Feb 10 2008
16,16,"Convenient hourly I stayed Dubai International Hotel Dubai International airport 4 times. Each time I found accomodation staff excellent. The convenience go customs baggage going transfer desk, 2 hours departure - far convenient staying Dubai itself. If transitting perfect choice sleep rest at. The rooms clean modern. Fruit bowls bottled water aircraft noise heard. Infact could hear neighbours wake call anything else busy hub. Check check quick effecient. Room service good value quick.Make sure book adviance books quickly night lobby usually strewn people sleeping lounges.",0.3662222222222222,0.5499259259259259,Jan 2 2008
17,17,"amazing right middle airport good little right departures/arrivals lounge middle airport. easy making transfer dubai want get sleep hours longer. great modern rooms, one comfy beds I ever hotel. free water fruit room. great bathroom amenities. take ear plugs sensitive noise might hear flight announcements airport, really bother me.total luxury staying right minutes / seconds walk airport shopping, lounges gates.price hour good, around 8 hours cost 4-5 star Dubaiwill stay again.",0.28728458049886624,0.48724489795918363,Nov 21 2007
18,18,"Pricey worth Decided use Hotel manage 8 hour stop Dubai return journey.The whole experience fantastic....the staff efficient friendly, room amazing (vey luxurious toiletries, fruit, coffee tea making facilities very, quiet - need fly economy like me).The negative side price need weigh sitting hard chairs best, lying floors worst based long connection time is.For well worth I would use again.",0.15238095238095242,0.5196428571428572,Sep 28 2007
19,19,"Fantastic hours! Sounds funny - pay hour hotel. But airports shuld offers excellent respite flights... Excellent room, terminal, need go customs. Take ear plugs, hear flight announcements call prayer starts early!",0.375,0.6142857142857142,Aug 18 2007
20,20,Escape Madness Dubai Airport I used twice last year place spend five hour stopover. I booked directly ([--]).It worth booking advance often full. The cost slightly less would pay full overnight stay Dubai 5 star hotel. The facilities great rooms stocked toiletries pamper private bathroom stay. Dubai Airport overcrowded days way sure getting decent sleep. Deposit bags room go stroll round duty free back sleep. Pop sleep coffee back shower straight connecting flight.,0.175,0.4383680555555556,Jul 9 2007
21,21,"Good Sleep! We returning Bangkok Malta 8 hour stop Bangkok. So decided last minute use walked enquire room.The situated right terminal leave airport.Check-in seemed slow took 10 mins including waiting time seemed longer tired.We flown business class new emirates plane fully flat reclining bed still eager real bed good sleep next factor.The expensive around USD$290 6 hours twin room. That equates $1200 per room per night.I think best look booking ahead especially want use couple hours.We shown room porter pleased find room totally soundproofed. Quite large room, large bathroom, bathrobes, slippers, lots products towels bathroom big LCD TV.We simply showered got bed slept around 5 hours. My partner woke 30 mins earlier I use pool laps.I woke made coffee supplied free well fruit basked, showered dressed leave.We walked outside remembered right terminal saw people trying sleep benches floor suddenly money spent look extravagant.I would bother couple hours good longer stopovers afford it!",0.17413033395176253,0.4525177798392085,Mar 14 2007
22,22,"decent place nap actually I walk customer, conveniently located (3rd floor transit terminal, 2nd fl departure gates 1st floor duty free)paid US$40 per hour (this low usage hours already) stayed 3the check desk quite inefficient price charge, 3 behind desk took 5 minutes someone help even though one couple line ahead myselfI feel sorry girl behind desk told finally going home holiday seen family two days.the rooms clean mine view one airport restaurants, basket fruits looked tempting I conked immediately precious hours sleep real bedin sum, bad place long transit, beats wandering shops passing chair elsewhere terminal p.s. Dubai airport modern also busy, 2nd time I feeling running capacity coz pockets inefficiencies unexpected airport like Dubai's",0.02057971014492754,0.49840579710144933,Feb 23 2007
23,23,"Great expensive Great place stay tight time need sleep. Easy access, good facilities. Only problem cost - need big wallet wish stay here.",0.25684523809523807,0.6273809523809524,Oct 4 2006
24,24,????????????,0.0,0.0,Feb 2 2009
