,Unnamed: 0,Reviews,polarity,subject,Dates_extracted
0,0,"Dubai Festival City 5 Day Break My wife I traveled another couple stayed Inter Continental Hotel next door. As shared pool facilities worked fine. The Crowne Plaza smaller cheaper larger neighbor never less still 1st rate.Particularly enjoyed Belgium Beer bar located hotel, beer food great.It second time Dubai preferred Grand Hyatt stayed previously could walk restaurants located around marina shopping mall next door.Our room creek view, spotless comfortable bed. Staff helpfull courteous. We would stay we're bothered beach quite like nearer downtown Dubai.",0.18487179487179486,0.441025641025641,Nov 19 2009
1,1,"Wonderful Hotel We wonderful stay hotel. The staff wonderfuly friendly helpful. The location ideal travellers staying short stay needing near airport. A quick 10 minute taxi ride Hotel airport. One greatest activities Dubai (If short stay) book hotel, driver take around Dubai show sights. It cost us $97aus /130 dhs 3 hr trip airconditioned Lexus sedan. A taxi located outside times worry booking transfers.",0.39236111111111116,0.6708333333333334,Nov 14 2009
2,2,"nice arrive car The modern rooms well furnished high standard. Location good (less 10mins drive airport right next shopping mall complex good choice shopping restaurants. There even large supermarket want things. The major problem I parking rental car. I parked underground car park first night (arriving 1am) next day security refused let park it, said valet parked. Discussions concierge others got different answers depending asked, sometimes different answers person 1 min later: cannot park yourself. You park must level P3. You must valet parking attendant drive P3 drive yourself. You park must leave keys valet parking attendant.I compulsory valet parking before, Hyatt vancouver - US president, Bill Clinton staying hotel. In dubai I certainly see serving US presidents!! Worst time driven P1 valet parking attendant, taking keys room, called told get car moved P3. The following morning I asked keys,and taken valet parking office, keys there, back front desk!! Staff seem realise I leave work morning I want go down, walk car drive away. Waiting around even 1min acceptable I want risk long wait due sudden rush people leaving work morning. On check bill charge internet, even corporate rate included (and one night system knew charge, another night decided charge me). They take charge straight away, check bills !",0.09324966931216935,0.41720502645502655,Nov 12 2009
3,3,"Great location great view Imagine, bath look top highest building world...... or... taxi ride airport takes 10minutes.... next lobby find great &quot;Beer Pub&quot;. Fantastic business travelers, I comfirmed already nexttime hotel.",0.4714285714285715,0.6642857142857144,Nov 12 2009
4,4,"Great average location The great: valet parking swimming pool nice big room big bathroom, everything A-OK. The location bit so-so staying Dubai longer overnight stop, close main attractions. However (as said), faultless.",0.40208333333333335,0.5541666666666667,Oct 27 2009
5,5,"A good stay We stayed 4 nights week ago fine- deluxe room creek view everything expected, comfortable, clean well appointed. Breakfast choice good quality perfectly acceptable. We much interaction staff checking leaving, polite helpful. In midst lot positive reports, let bring following attention potential first time visitors.When walk many better hotels Dubai (including Crowne Plaza), well furnished lobbies lobby bars guests relax get coffee whatever. The bulk lobby completely bare. There seating bar, hidden away bit overall feel public areas bare cosy comfortable. It aura five star hotel.Festival City bit misnomer. There's two hotels, one sister Intercontinental, large shopping centre, small marina fairground. Thats it. The view across denser parts city across beige scrub . It one better landscaped parts town.You need get taxi everywhere, common Dubai. Here reasonably handy airport, Creek area, far Deira east end Sheik Zayed Road . But intend spend time beach, Marina, major complexes Madinat/Jumeira Beach etc 25/30 minute Â£10 taxi ride. For Palm Marina call 35/40 minutes Â£14 The doormen try make little worse ushering limo, rather considerably cheaper town taxis keep hidden round corner allow wait fares. However, ask they'll get town taxi. I think practice remotely unique btw.We enjoyed stay wondering city newish, high quality hotels, one rated quite highly Tripadvisor. Then left, asked whether familiar tripadvisor solicited place comment Tripadvisor we'd enjoyed stay. Nothing wrong IMO go way explaining new-ish small-ish (by Dubai standards) gets lot positive comments. So decent pretty good service. Just maybe quite top pile? I would recommend subject points made here.",0.19095944871455073,0.5337710928527254,Oct 25 2009
6,6,"Great friendly service We arrived midnight staff buzzing around, really efficient friendly. Nothing seemed much trouble. Our room neat clean facilities one could wish for. Loved location, close airport, really early departure day flew out. Would happily stay again.",0.3907407407407407,0.55,Oct 24 2009
7,7,Can recommend... Enjoyed great stay Crowne Plaza - Festival City - business &amp; pleasure.... recommend... Lovely &amp; large rooms - Superb service - pool - gym - food etc.. Pure 5 star ! Close shopping &amp; Airport well great business &amp; pleasure !...,0.4757936507936507,0.7642857142857143,Oct 21 2009
8,8,"Super Hotel Great Service Stayed Business trip 50% stay leisure rest. The 10 minutes airport 15 minute drive Jumeirah Beach going going every night might better bet stay there, taxi drive bother fine.The great service second none! The lovely pool area shared Intercontinental sister next door, great service food around pool staff happy help out.The rooms lovely decorated cleaned twice daily.The great pub servers great Belgium beer surprisingly busy pub nice atmosphere. Overall Super Hotel",0.3849999999999999,0.5375,Oct 19 2009
9,9,A small beautiful I stayed 5 nights Excellent services friendly staff Breakfast good,0.5349999999999999,0.7,Oct 17 2009
10,10,"New Clean Non Smoking Having return trip UK chose 4 day /3 night stopover Dubai. Having never unsure, turned TripAdvisor advice. Following extensive reviews fellows guests, selected Crowne Plaza Festival City-and disappointed. Although stayed executive high floor room creek view, everything one expect chain more. It totally non-smoking, first I believe rooms treat result. From early check 6.30 am, assistance activities including hotels taxi airport great. Special mention mention must go pool/gym/spa team, keep place treat. This relative new maintained level. The proximity Airport, Festival City Waterfront (which still construction) shopping cheap eats, plus facilities sister Intercontinental creates package hard beat price. With opening Dubai's soon completed monorail enhance position. The hop hop bus comes door much more. My wife would let complete review without mention fabulous breakfast enjoyed morning (part package highly recommended). Not intent stay return trip Europe April, I would recommend place without hesitation. As anything life nothing perfect. They joint great pub called Belgium Bar great beer's, great food SMOKING PUB non-smoking hotel-go figure. Coming Australia pub's non smoking I question this, told non smoking area upstairs -dose smoke rise? Additionally check offered upgrade suite additional price (we declined) check I heard new arrival's offered deal, expect free upgrade. I included photo's already enough.",0.28746162927981117,0.6075272202544928,Oct 7 2009
11,11,"Excellent Hotel Festival City Highly recommended :) !! From arrival departure I could fault service received staff Crowne Plaza.On arrival proceeded check receptionist took us directly room finalised paperwork check there, whilst pointing facilties available us hotel. Our bags joined us room shortly afterwards.The room modern clean, great bathroom glass feature. From bath could listen see TV feature window (see photos). Alternatively could privacy electronic privacy blinds.We found every little detail thought nothing much hassle. The Breakfast Buffet nice wide selection Middle Eastern well western foods. Chefs hand cook omletes variety eggs. They helpful brought hot food directly seat.The pool area relaxing. Although pool attached Crowne Plaza quite small, full access facilities ajoining Inter-Continental brilliant. A walkway hotels take Festival City Shopping Centre. This ideal everywhere air conditioned, given high temperatures outside. From Festival City take Big Bus Tour, allow appears little pricey around Â£40 per person, well worth full day. There two lines take full day tour, include river boat ride downtown Dubai. After trip I realised good value given distance explored around Dubai.The ideal location airport. A taxi ride takes maximum 10 minutes, making perfect choice short stay Dubai.Highly recommended anyone. Booking advance produce good deals!",0.3188310185185185,0.5377777777777779,Sep 27 2009
12,12,"Excellent place stopover - maybe also longer stay.... Stayed twice one night able sleep two rather long stopovers Dubai airport.The relatively close airport thus comfortable, also offer shuttle going airport somewhat cheaper taxi.Rooms bathrooms modern, stylish practical, service staff friendly efficient.The breakfast buffet large variety choices. However - mention tiny point critizism - prefer eat light breakfast thus wish order Ã la carte, would better go order room. In restaurant, many smaller choices available Ã la carte breakfast menu rather restricted.",0.31128151260504205,0.6302100840336134,Sep 13 2009
13,13,"Most amazing experience ever!!!! Travelling 3 young children never easy staff made dream! The service excellent. Nothing ever much trouble, made feel important always polite friendly. The free icecream pizza children time great hit! The pool area fabulous stunning views Dubai Creek. As sister Intercontinental next door share pools too, always something do! The pool attendants great, always fresh towels, drink standing back watching everyone safe! Just short beautiful air conditioned walk Festival City every shop imagine it!! There also pretty manmade canal explore evening. The draw back Hotel closing pool Ramadan problem! Everything else made perfect stay! Would loved stayed little longer!",0.38879166666666665,0.6493333333333333,Sep 5 2009
14,14,"Great short stay Me husband stayed 3 nights stopover start honeymoon. Previously we've Dubai stayed beach location. However time side time opted location easy access airport etc...First impressions good, took 10 minutes airport ideal short stay. The Belgium bar attached quiet week nights busy Thursday night. It 5 minute taxi ride Le Meridien 16 restaurants one Yalumba famous Dubai brunches Friday afternoons. It also 5 minutes taxi The Irish Village also good.The pool area nice clean linked Inter Continental Hotel pool areas could used. Pool snacks served Inter Continental area Crowne Plaza tried persuade guests opt buffet lunch. The pool area views Dubai Tower clear day.Room service okay, paid breakfast part package however phoned breakfast sent room told us would pay extra paying breakfast again. After many complaints breakfast finally arrived room good.All good location 2 minute walk shopping mall Festival City extremely quiet compared huge Dubai Mall. The Dubai Mall Fountain 20 minute taxi ride away well worth visit. I would stay although I miss beach!",0.30513333333333337,0.5428,Aug 29 2009
15,15,"Nice Hotel I reviewed one night stay overnight layover. I good experience. Based stay, I decided stay week trip Dubai business.I still liked six night stay I additional observations. I still liked modern, clean comfortable rooms. The ipod docking station nice feature.My coworker stayed adjoining Intercontinental I would stay next time. His room equally nice rate slightly lower mine. The included breakfast IC far away superior. The CP breakfast limited selection IC almost unlimited selection choices fresh juice bar select fruit mixture, deli bar shave meat fresh standard Asian, European, Middle Eastern American breakfast fare including pork bacon.With longer stay, I chance use amenities extensively. The pools nice. I preferred CP pool lap lanes. However, pools lots unsupervised children pool around pool. Most time, staff looked way. Almost ever visit pool, groups children would jump hot tubs run across pool area recklessly jump pool, get return hot tub repeat over. Children regularly played lap lanes rather rest pool. I felt staff aggressive keeping lap lanes clear lap swimmers minimizing dangerous horseplay. Instead coworker I several minor collisions children many near misses. The pool plenty big everyone control staff parents present.Another issue occurred fitness centers. The fitness centers look clean. However, time I visited, I used one floor mats. When I finished, I asked staff something clean time, said leave would clean it. I watched window staff member folded mat put back pile. No cleaning. That unacceptable. At least put spray bottle cleaner guest clean themselves.Overall, still nice based things, I dropped rating some.",0.2560610766045548,0.506760232521102,Aug 28 2009
16,16,"Best Hotel pay This true 5 star hotel. I've stayed many called &quot;5-star&quot; hotels fail reach mark. This however terrific; service impeccable check-in throughout stay. We 4 nights celebrated 1st wedding anniversary there. They even put champagne strawberries covered bed rose petals much suprise. It's great connected Festival City shopping mall, easy access shops, cinemas, food hall etc convenient.I strongly recommend short-long term stays, get much MORE pay for.",0.40119047619047626,0.6083333333333333,Aug 27 2009
17,17,"Great Hotel e Plazza 10th August 10 nights honeymoon. The great, staff fantastic â always friendly attentive.The close airport, cost us 50dh airport (as taxiâs start 25dh airport), going home cost us 30dh private taxi.We arrived 12.30am Sunday morning, check simple staff arranged flowers cake room really sweet.The rooms fairly spacious, large comfy bed, 2seater sofa, desk also good sized fridge / mini bar. The bathroom great, huge bath, 2 showers (one overhead one wall, great showering getting hair wet). There also hairdryer, although itâs powerful nozzle kept falling off. The room also small kettle plenty tea coffee choose from. They also include two complementary bottles water room, replenished day. There also internet access room wifi lobby.Breakfast us little expensive 110dh each, however buffet style could definitely get monies worth. But drink pastry â little pricey. We order room service one morning ordered American Breakfast, I think 90dh. It included yogurt, pastries, cereal, full English, juice tea. We shared 2 still food left over. Food drink hotel, rest Dubai pretty expensive. Beer 30-40dh juices pop 16-22dh.We ate Belgium beer cafÃ©, food gorgeous, would definitely recommend steak night. Although didnât go, Brazilian BBQ one restaurants also talked lot. The seemed fairly quite â August hottest time people avoid it. It usually 40+ pretty unbearable trying walk anywhere. We spend 5 days sunbathing (mostly try spend money), possible sunbathe spent 30 minutes lying 30 minutes pool. Lots pools choose from, although one kept cold, I permanently there.View room would amazing wasnât hazy (time year) â stayed room 846 looked directly tower. We floor 8 19+ floors, imagine higher would even spectacular. However rooms look city â try get creek view (not sure pre-book?).There large shopping mall attached â walk without going outside. There good selection shops great food mall loads choose from. There also hypermarket I would recommend visiting stocked pop snacks dirt cheap here. The thing I think could improve dÃ©cor rooms. We prefer something little boutique, felt corporate. But size I donât suppose make room individual.",0.20281476997578693,0.5941216034436372,Aug 25 2009
18,18,"Great location We decided spend couple nights heading restful stay beach location perfect shopping. We used Priority points buy room food, turned excellent value.The location great, close airport, can't hear it, great mall attached, top level eating everything could possibly want atmosphere late night great. The room spacious even 3rd bed child. The glass wall bathroom room interesting!Breakfast plentiful catered everyone. We ate buffet restaurant night expensive paying. Equated Â£150 3 meals 3 soft drinks. However food excellent staff attentive. The steak especially good beautifully presented. The pool gardens nice, son loved glass bottomed part pool overhung pavement below, could watch everyone walking below. I would definitely stay again.",0.46849999999999997,0.7525000000000001,Aug 13 2009
19,19,GREAT HOLIDAY good linked nice shopping mall.the problem hot difficult pool day. The view creek side room blurred could discern burg dubai whole week stay. one thing I would recommend find certainty wether really exist policy early check made pay night though arrived 7am.,0.2844444444444445,0.6977777777777779,Aug 12 2009
20,20,"Crowne Plaza dubai Festival City ""top"" We 4-day trip dubai especially shopping. We received expected regarding allround service , room friendlyness staff. The greatest advantage shoppers nearby shopping mall also malls dubai reachable short time taxi. The taxidrivers friendly, helpful und correct taximeter. We came Cairo work live found paradise cleanlyness,organization service hotel. At next stay Dubai Crowne Plaza Dubai Festival City Hotel Hotel.",0.23988636363636365,0.5225000000000001,Aug 5 2009
21,21,"A Hotel Enhance Your Holiday! What great superb experience. I think much Dubai I think get really need book nice one cracker.Linked Inntercontinental Hotel huge shopping mall really leave building. The pool, gym, bar etc excellent constant buzz it. The rooms large, modern everything needed. Wifi free lobby pretty much everything need you.A good platinum members upgrade automatic.You disappointed book hotel.",0.35966386554621854,0.5977591036414566,Aug 3 2009
22,22,"Perfect stop-over Dubai We used 2 occasions stopover en-route NZ UK. Both times able check 7am flights arrived Dubai really early. This problem reception, really appreciated travelling 6 month old. The pools fine, bit small side Dubai, bit lovely. The criticism fire alarm went Friday evening explanation happened - evacuate baby back stairs pool no-one knew happening - people still playing pool idea. Apparently 'real fire' knows? I would suggest asking room Dubai Creek side, much better view. Hotel lexus transfer airport 30 dhrms, cheaper taxi. Festival City shops impressive, apparently better malls Dubai thats thing. overall, great great rate (off website). Will def back next trip under.",0.24398148148148147,0.4563657407407407,Aug 2 2009
23,23,"Fantastic fantastic staff We returned 13 nights Crowne Plaza Festival City. This third visit Dubai first stay great hotel. Our check time 2pm due flight timings arrived 10am problem within 20 mins arriving room. My party wife 12 year old daughter myself, guys arrives fold bed daughter made room seem bit smaller, hindsight I booked larger room, major problem. The staff fantastic always went extra mile make sure nothing problem. From guys looked room happy supply extra bottles water needed lifeguards pool handed cold towels slices pineapple. The attached walkway Intercontinental Hotel Festival City shopping plaza 100 shops eating places. There even Panda Supermarket holiday extras forgot pack. A surprise us first day invitation managerâs cocktail reception next night Belgian Beer Cafe free food drink plus chat senior staff two hotels. Our stay fantastic back staff brilliant know look guests front desk staff girls coffee bar room cleaners security staff always time say hello.",0.2038345410628019,0.5334541062801933,Jul 31 2009
24,24,"Mixed experience... Our booking Virgin Holidays-which pretty striaghtfoward-thats query came up, I must called 15 times gone various departments query resolved untill I emailed Hotel myself!!The Hotel nice clean,most staff friendly always helpful.We told pay deposit check in-which mentioned :(On last night day,I stupidly forget one shopping bags taxi.I spoke one gentlemen reception way never looked happy there!As panicked shopper lost beautiful abaya I purchased-I given little sympathy him-I told staff members Hotel could contact taxi firm-I understood long shot,but particular gentlemen dismissive helpful.However Head Security spoke going check cameras see could get reg number taxi!!! kind him, unlike collegue.Other breakfast buffet lovely,we chose eat house restaurant Zaytoun nothing special-average really.Overall I would say neither great experiance negative one !",0.12901864035087718,0.6223684210526317,Jul 30 2009
25,25,"Not Family Friendly Booked prepaid 5 nights, called Advance breakfast rate.There breakfast option daughter, even paying breakfast rate travelling. Wanted another extra 120dh per night additional bed + deposit 1000dhs credit card I simply refused, stayed crown plaza Geneva etc. first time I experienced shoddy service Front Office.I simply think donât know customers are.On positive side close Airport shopping Malls, inter connected shopping centre shops plenty eating options.Room service good runs efficient restaurant plenty staff.Used Internet Business centre, excessive pricing users Â£6 per half hour.Pool, Gym Sauna ok.This Family friendly Hotel, good business travellers.If travelling family advice shop around, priority Club member better phone get information book Group, put ease arrive",0.24432900432900434,0.5099814471243043,Jul 25 2009
26,26,"Just beautiful Our stay first class. The management staff every level superb delightful. Our executive suite luxurious extremely comfortable amazing views creek. It serviced impeccably discreetly.The food excellent Belgian Bar great. We enjoyed next door Intercontintal facilities, also shopping mall plenty restaurant choices. Also loved comfortable beds pillows, balms, chocolates etc. Not forgetting cool face flannels offered whilst around pool deck, fresh fruit.A great place stay away beach.",0.6000000000000001,0.719607843137255,Jul 17 2009
27,27,"Nice convenient We stayed crowne plaza festival city 5 days last week. After choosing lots research reading reviews trip advisor, pretty much knew expect here. Location: Its 15 mins frm airport Dubai Mall. U need taxi go quite easy find. With festival city mall attached, pretty nice extension walk about, grab snack, watch movie. The downside is, quite far bustling sh zayed road. Rooms: We stayed city view superior room cheapest category, still spacious. The clear glass screen bedroom bathroom great 2yr old playing bathtub watching TV, mention worry playing water. The decor contemporary could better.Food: Buffet breakfast quite nice food otherwise biggest negative has. We ate room times bad experiences. Please dont try pizza!!!Staff: Staff pleasant anthing need difficult them. They well trained extremely courteous.Activities: With 2 yr old wasnt much could sit pool. The intercontinental attached use pools either hotel. It quite child frendly great time whenever went swim.",0.20493589743589746,0.6246794871794871,Jul 15 2009
28,28,Fabulous! The Crowne Plaza Hotel @ Festival City quite lovely customer service impeccable. We stayed one night ever return Dubai stay again. We King mini suite room bath gorgeous view fabulous. The approximately 15-20 minute ride airport less $10 (USD) taxi ride. I would stay Crowne Plaza old Dubai â old Dubai seedy (we tried stroll gold market aggressive shop owners made experience unbearable). The malls Dubai outstanding â upscale malls US. The mall connected Crowne Plaza nice shopping Manhattan Beverly Hills.Note: I highly recommend first thing take SuperBus city tour (a double decker bus). It two routes; stops tourist locations best thing get one stops catch later bus. They run every 30 minutes. It's great way see &quot;lay land&quot; economical taxi renting car.,0.276969696969697,0.5756818181818182,Jul 9 2009
29,29,"Worst experience 20 years travel. The customer service needs major improvements. I terrible experience 20 years travel. I come Dubai least 4 times year due business always enjoy myself. Since I heard great things Dubai festival city area I decided give try. And I must admit area quite nice convenient shopping, entertainment eating out. The Crowne Plaza hand awful. I booked room online prepaid best rate. When I arrived check took deposit double amount without making aware it. Making way room I found I city-view requested, view highway side hotel. The setup room nice. And I thought bathroom impressive I found water pressure weak hot water. Internet $10 day work one day three days there. We calls issues several times reply. Although send someone room 1am fix Internet I thought quite rude. We take advantage room service bar/restaurant stairs found food lacking flavor. When day came check I relieved. Upon checking found I charged call friend made AT&amp;T toll free phone card. I asked told used 1-888 &amp; toll free 1-800 toll free. After conversation different US toll free numbers hour assistant mgr mgr paid 300us dollars one phone call decided follow issue later. And I say manager attitude concerning. He made attempt research situation offer alternatives. He kept telling us 1888 toll free number used 1800 instead. It really sad see great location terrible customer service. But meeting manager made sense. So want stay Dubai festival plaza area &amp; enjoy it...please stay somewhere else.",0.043603801169590645,0.6161549707602341,Jul 4 2009
30,30,Excellent place What excellent place stay Dubai! Luxury every sense corridor major shopping centre next door!!Dowstairs bar great craic expats around dubai course staying hotel.Pool sun bathing areas beautiful staff excellent.I cannot fault place.,0.61875,0.7083333333333334,Jun 25 2009
31,31,"Great long layover We chance 24 hour layover Dubai. This close airport offered us hotel-owned van driver tour city. The cost $30/hour less tour buses. We put 4 adults back got every spot wanted see 4 hours. The modern clean, staff incredible. We provided room even though arrived 9am. It least expensive 5 star I ever stayed at. Incredible value!",0.23416666666666672,0.558888888888889,Jun 21 2009
32,32,"Excellent value 5-star facilities 4-star brand hotel. Stayed 2 nights impressed. Got good rate lastminute.com (USD 111 per night, including tax service, standard room only, breakfast). The large, new part large Festival City development offices, large shopping mall, artificial canal, two hotels (this one adjacent InterContinental). Festival City surrounded new roads and, well, nothing much else. But clean, modern, metered cheap taxis easily available easy get either beach areas older areas Dubai.The standard room fantastic. Spacious, especially bathroom, facilities one would get far costly 5-star Europe USA. Everything clean working order. The complaint room serviced one day, even 4:30pm, customer service officer especially helpful fixing this.I'm sure advertised rooms, free wireless internet access available lobby public areas, chargeable bedrooms. I noticed malls seem free access also.Guests Crowne Plaza share pool gym facilities adjacent InterContinental. This effectively means pay 4-star accommodation use 5-star hotel's facilities. That said, pools two hotels quite similar size layout, there's much benefit moving across InterCon. One one afternoons, 4-5pm, sun beds bea bags grass almost use hotels. That surprised - staff helpful find spare bed me.For nice sunset view across sea - Burj Dubai looming horizon - head 28th floor bar InterContinental drink (and free canapes). I found pleasant dank smokey Belgian bar Crowne Plaza.",0.24118752459661555,0.6090991079627442,Jun 21 2009
33,33,"The cheapest 5 star ""treatment"" ever My wife I stayed 2 nights. We real 5 star treatment beginning check out. The staff asked us sit lobby took passports checking took 2 minutes. rooms service great. All great things 390 AED (special offer/advence payment/non refundable)",0.29193121693121693,0.5267195767195768,Jun 19 2009
34,34,"The Pearl turns Diamond Since major crisis around world decided take additional time get away stress worlds downward spiraling news every day, decided come back amazing prices crisis paid time nearly half price paid last time I tell quality changed gets better cheaper all.We would like say though staff especially front desk valet parking room service also Anise Restaurant connecting Intercontinental 100% well mannered, informative always are, Congratulations pulled 8 nights great!!! back try new golf course next time sure!",0.22976641414141416,0.4355639730639731,Jun 18 2009
35,35,"SUPERB HOTEL AND AMAZING SERVICE This first trip Dubai want stay beach advised friends try creek. As previously noted new area creek kilometres older hotels are. However, problem all, 6 lane way American freeways allow access accross city easily whether car take taxi (which inexpensive). We drove Emerates Towers sat Bar 51st floor 10 mins receiving vehicle form awesome valet guys Hotel. Our car battered old Lancer 70,000k clock, valet guys parked graciousness Ferrari front hummer behind me.It celebration partner's 40th year got given great upgrade second top floor. The views city much better overated view Emirates Towers 51st floor.There mall next 2 hotels here, eat inexpensively there. We chinese 2 5 quid head - can't alcohol restaurants though, hotel.Breakfast excellent Hotel staff amazing, nothing much trouble finding location making restaurant reservations. Being right business bridge ws perfect location choice choose either head towards Deira beach. I cannot anything highest praise staff Hotel stay sister Intercontinental next time Dubai",0.281681898348565,0.4752565335898669,Jun 16 2009
36,36,"A nice new good service location minor drawback Having stayed Jeremiah Beach previously wanted get different viewpoint Dubai plumped hotel. Couldnât fault place location honest.Check in: arrived 05:20 morning Emirates overnight flight Hong Kong, thinking would problem getting room access issue all, fact check breeze. Room: Creek View room, good views nice panoramic outlook city. Very modern rooms lots dark wood, bathroom floor ceiling glass panel could still glimpse view whilst taking shower, cool.Food: ate breakfast there, extremely good incredible choice. Pool area: nice overlooking Creek choice pools jacuzzis. Nice layout, comfy beds, outdoor sofas etc.The inter-connected premium brand Intercontinental next door carte blanche access facilities there, handy. In addition Festival City doorstep albeit area far commercial us Ikea close by! Overall, however drawback location. Whilst taxis cheap, took us 40 minutes get One Only Royal Mirage dinner, whilst Crowne Plaza good complex simply far away attractions Dubai us. As next time stay closer Jeremiah Beach although monorail close completion link parts city well get traffic problem there.",0.23592803030303028,0.5811985930735931,Jun 11 2009
37,37,"A fantastic Located ten minutes airport, everything could want hotel. The rooms large well appointed (e.g., desk good lighting, DVD player, alarm clock also functions speaker MP3 player). The sound-proofing rooms also good - noise I heard occasional door shutting. The food really nice want dine somewhere else restaurants Intercontinental Hotel next door Festival City mall - accessed without go outside.",0.26142857142857145,0.4703571428571428,Jun 8 2009
38,38,"Deserving 5 stars I stayed Crowne Plaza Festival City late November 2008, I believed opened March year. I offered creek facing room extra cost but, chose stay superior room 16th floor. I could person floor I know! Festival City work progress view room bit 'spartan' - dirt new high rise, new motorways etc. I spend much time room but, rooms spacious well appointed little touches detail find many hotels privacy screen bathroom, body fat scales, Floris toiletries, ionic hairdryers (if hair thing!) comfortable bed &amp; pillows imaginable, even magazines coffee table changed second day stay. Extremely helpful front office staff (Chris) connection Intercontinental Hotel Marina Mall numerous shops eateries explore. I spent hours Belgian Bar, popular spot great view creek but, get bit 'smokey' inside, outdoor seating available though get snacks (light meals) there.",0.18750874125874126,0.5076573426573426,May 31 2009
39,39,5 star 5 star customer service. We booked 4 nights 20 May 09 researching lots hotels using tripadvisor. All reviews accurate fabulous convenient quite location. We return &amp; highly recommend upgrading room creek view. Breakfast excellent complementary birthday cake.,0.49,0.7933333333333333,May 29 2009
40,40,Good value nice touches Hotel checked us 6am extra charge gave us cold towels mwelon pool side.Only 10 minutes airport good short stopover.,0.2333333333333333,0.6,May 20 2009
41,41,"CHEAPEST FIVE STAR HOTEL IN DUBAI Just spent 5 days staying family including one-year baby. Service excellent, especially check-in. Couldnt fault many points. Location excellent (especially summer walking outside impossible). 5 minute walk airconditioned comfort next door shopping mall plenty restaurants.Rooms large enough comfortably fit 2 adults, child baby. Views creek rooms nice.Breakfast Zeytoun restaurant adequate although weekends get little rushed (Friday &amp; Saturday). Would recommend stop Belgium Beer Cafe past reception lobby. Good beer good mussels. Even dont stay worth look.Check surprisingly efficient. I say I stayed many hotels Dubai get difficult sort parts bill need separating personal company expenses however lady reception (Mee Mee) excellent job.Would definitely stay again.",0.23514384920634923,0.5484126984126984,May 20 2009
42,42,"Wonderful far Beach! After returning Fam trip stayed Crown Plaza Festival City. Even though really far main areas beach, offered good base may travelling business basis &amp; also minutes airport.The rooms fantastic, sharing room spoilt large King Size bed, sofa overlooking creek, TV acces channels, games &amp; internet. Minibar extorinate prices, hotels Dubai. A writing table connections plug laptops etc. Beds turned every day chocolates left you.Bathrooms amazing, big glass window seperated bedroom, blind put slightly worried. However quite amazing go toilet staring largest/tallest buiding world (Bur Dubai)There great selection breakfast, continental, traditional arabic &amp; full english along fruits, breads etc. The pool area lovely. Beanbags put grassy area. Whilst sat round pool brought fresh fruit &amp; wet towels cool with. There's two small pools, large pool &amp; jacuzzi bath looks Creek, amazing sight. The service impeccable! Would definitley reccommend. The linked Intercontinental could use one anothers facilities. Also Festival City attached aswell, shopping mall &amp; entertainment venue.Overall would reccommend however least 30 minutes beaches.",0.16688775510204085,0.5368707482993197,May 19 2009
43,43,"Beautiful excellent location pity manager cheated us breakfast. We stayed Crowne Plaza 5 nights 27 April 2nd May 2009, booked Priority club using reward points nights. We loved location, bank Dubai Creek. The 10 minutes airport added advantage. The pool setting absolutely wonderful restful, beautiful view creek. Loved outdoor Jacuzzi, indoor sauna steam room fully equipped gym, maintained well spotlessly clean. The staff check friendly welcoming able accommodate us early check in. The concierge staff helpful always went extra mile assist us. The hotels proximity Festival City Mall convenient, able walk centre, outdoor walkway mall fantastic strolling night. Festival City one nicer Malls Dubai, wonderful array shops, restaurants fast food. Our room spacious hi-tec, comfortable beds, loved pillow menu. Breakfast ok, 5 star standard staff seemed easily flustered busy times. Overall wonderful stay sore point mix priority club nights reward nights, priority club cleared mistake left breakfast last morning paid for, however Manager, refused budge allow us claim breakfast last morning, left sour note truly wonderful stay hotel.",0.36857142857142855,0.5556190476190476,May 7 2009
44,44,"actually city ! Immaculate rooms, decor fully non smoking. A little awkwardly shaped lobby lounge. Breakfast great expensive. Huge options walk across connected Intercontinental get tired options. Step ahead , hit festival city .. zillions eating options .. Despite large setup, service personal efficient food across restaurants superb.You love views room, amazing!Wish priced better!",0.07098214285714287,0.5890476190476189,May 2 2009
45,45,Fabulous Hotel located next Intercontinental developing area Dubai approx 12 mins financial area. Smaller Intercontinental personal touch facilities next door neighbour. The bedrooms certainly Wow factor generous size.,0.08928571428571429,0.42142857142857143,Apr 29 2009
46,46,"Fabulous Crowne Plaza Festival City - superb ! We stayed April 7 days travelling âThomas Cook Signatureâ Emirates return Mauritius. We disappointed Emirates flight Mauritius. Drinks complimentary however service food poor. On arrival Dubai, long walk get arrivals passport control. Eventually greeted Thomas Cook rep took us directly pre booked taxi - transfer took 10 minutes most. The airport immaculate, clean magnificent! We immediately greeted porters arrived took cases &amp; bags directly room. We given Creek view room 7th floor I say went room, I say WOW ! The room superb! Massive double bed pillow menu soft cotton sheets comfy duvet- reading lights around bed âtouchâ sensitive.Plenty bedside drawer space, electric Ipod docking station radio/clock. There speakers even bathroom Tv radio. There large office desk leather swivel chair, internet access included, fully stocked minibar everything imaginable, drawers side included whisky glasses wine goblets sitting crisp linen serviettes. There kettle coffee, types teas imaginable, milk sugar, 2 bottles complimentary water, replenished daily. Large flat screen TV hinged could position way wanted, complimentary large bottle red wine birthday, fresh strawberries cream, chocolate truffles!In bathroom bidet, wc, huge bath huge rain shower over. There huge window next bath electric venetian blind would rather look City Dubai whilst showering using toilet, privacy !! Everywhere marble/ frosted glass bathroom also pair electronic scales â great want see much weight youâ put holiday ! A nice touch electronic disturb facility switch inside room either press green maid red entry sign light comes side room panel staff know access clean room.There electronic safe inside wardrobe - free charge â extra large storage space, iron ironing board. Absolutely superb room. We decided upgrade half board travelled Iâm relieved did, poor exchange rate meant evening meal around Â£40 booked direct.The restaurant however lovely service excellent, staff superb always pleasant welcoming serving quickly professionally.Breakfast consisted large fresh fruit selection, fresh strawberries nearly every day , yoghurts, choice smoothies, cheeses, salads, middle eastern selection. Salads etc, breads, toast, cakes, cereals, delicious almond croissants Iâve ever tasted , selection jams, course hot plate selections. Ordered servery brought direct table. The usual eggs, beef bacon, mushrooms, tomatoes etc. Everything served piping hot !For evening meals restaurant fairly quiet apart Brazilian night obviously popular ! Each night large choice themed salads, olives houmous etc e.g.on Italian night antipasti, seafood, dressings.etc, selection cheese, beautiful breads etc delicious sweets.The hot servery area offers choice main courses see food prepared front you. The choice includes pasta, rice dishes, vegetables, either Salmon fillet, Beef tenderloin, Rib eye, Chicken breast, Lamb loin chops etc . There choice vegetables sauces eat much want prefer pasta course starter meat course fish following many times like. It beautiful food tenderloins pepper sauce (I ordered every night ) 2ââ deep like cutting butter- superb ! Wine Â£10 glass cheaper order whole bottle. The bottled beers approx Â£7. Do try Brazilian night- continuous serving selection meats cooked massive skewers sliced served table â eat till say stop !Again whole experience wonderful mainly due attitude staff excellent food.Adjacent Belgian beer bar ( forms part hotel) ate one evening excellent food wonderful authentic surroundings Hoegaarden beer Â£10 glass. It gets packed people going Belgian mussels, Chips Mayo beware air con strong would need jeans cardigan ! It smoking area, bit surprise get bit smoky. The well equipped gym, ladies toilets adjacent gym bit surprise ! You go find changing area beautiful mirrors marble wooden panels however going next section 2 sauna cabins use, fluffy towels wonderful body lotions hand gels. Again immaculately maintained outside shower area.There loads sunbeds really comfy day put large bean bags around gardens everything covered large fluffy white towels complimentary. The staff attentive given cards keep need waiter drinks food, flip green automatically come straight you.There 2 pools reasonable size- one 25 training pool entertainment set different levels situated Crowne Plaza Intercontinental. There also 2 large Jacuzzis side gardens.Incidentally stay either use facilities half board eat either restaurant Intercontinental selection.The Festival Shopping Mall directly behind hotels 5 minutes walk away Marina. There also canal free boat ride.We took taxi Dubai mall see largest shopping centre worth visit â organised efficiently including taxi services. It must see see aquarium, waterfall ice rink course Emirates tower, I never said wow many times holiday !Would I go back ? This polite, attentive staff I ever pleasure meet, superb every aspect food service excellent. If want base days explore Dubai city 10 minutes airport ideal. It would suitable âbeach holidayâ quite distance sea.I would thoroughly recommend traveling business passing Dubai I would definitely return â tenderloin steak Belgian chips beer ! A really superlative - I really cannot praise highly enough.",0.26562981000481006,0.5614868927368928,Apr 27 2009
47,47,This WOW factor From arrival departure received excellent service given friendly manner.We suite 18th floor word describe room beautiful view WOW. All restaurants adjoining Intercontinental superb.The pool areas never crowded grateful ice cold towels fresh melon &amp; pineapple offered.We would highly recommend anyone wanting 5 star luxury can't wait return.,0.25975000000000004,0.799,Apr 27 2009
48,48,"Nice far away centre This clean staff helpful.Food good poolside good - nice music atmosphere.long way centre next huge shopping centre, plenty evenings.great business users, would boring holiday - recommend resort hotels near coast.Would return work short break children longer 4 nights.",0.2397222222222222,0.6675000000000001,Apr 27 2009
49,49,"Very impressed beginning end How refreshing stay believe customer service. From moment arrived moment left ,nothing much trouble. The staff courteous friendly, ready smile warm greeting.Having arrived 6.30am long flight Australia told room ready pleasant surprise even better asked would like breakfast.The room spacious, amazing view creek city skyline. It's view never tire time day night.Breakfast offered good choice, 6 year old son believes expert, happy full morning.The pool area nicely laid vast choice pools suit ages. You never felt top whilst soaking sun watching helicopters land Festival City. Nice touch cold towels fruit offered throughout day.Would hesitation returning impressed total package.",0.3704938271604938,0.6546296296296296,Apr 26 2009
50,50,"Friendly enthuistic staff made brief stay memorable I found staff friendly efficient quite delightful- especially bright chirpy oriental woman serving coffee outside cafe. She real gem. Check 7am quick friendly efficient spite early hour well ahead normal 2pm check time. I returned room discover I left glasses case somewhere decided try find them. I opened room begin hunt lo behold glasses case floor immediately outside room.I enjoyed sea food grill served outside balmy evening air grassed terrace area adjoining pool area 5th floor. Again every one friendly service pleasant efficientThe room beautifully clean well presented. I 15th floor looking &quot;the creek&quot; view evening stunning lights city reflecting water. Taking shower looking beautiful view treat due glass wall bathroom. It certainly unusual experience. I travelling alone, I would probably lowered blind I company using toilet............sometimes bloke needs privacy!!The walk new shopping mall easy I thoroughly enjoyed window shopping , funfair area walking boardwalk waters edgeThe distance parts dubai beaches bit nuisance opinion level customer service fact still new means I stay fine time I staying Dubai",0.277249053030303,0.5951704545454544,Apr 25 2009
51,51,"The staff made special occassion extra special We spent wonderful nights mark 30th Wedding Anniversary. The facilities wide varied, sharing many nearby sister hotel, Intercontinental. Our high-floor room panorama Dubai Creek, offered great views day city-wide view Dubai night wonderful. The service attentive front desk restaurant housekeeping staff, fact exemplary. Having stayed many Crowne Plazas world best far. Very highly recommended, could better â complements Management.",0.40264285714285714,0.5684285714285715,Apr 22 2009
52,52,Lived upto 5 * title Arrived three nights mum brother greeted moment stepped taxi moment left taxi.Check quick smooth. On arrival rooms porter explained tv worked shower bath etc .The tv swivel volume control glass screen bathroom able view whilst bath shower great that. The shower fab easily controlable good tempertaure.I loved dressing gowns slippers wardrobe welecomed complimentary bowl apples received.We breakfast fantastic much choice brother three courses morning ! My self mum never ate untiol late evening 9pm full it.Lovely pool area outdoor jacuzzis I fully enjoyed. The nice staff even come around wet flannels cool afternoon hot sun. I never used gym sauna facilities sufficient equipment I thought great sauna steam room located ladies changing room / toilets could used women men own.The festival mall attached convenient provides many ares meals .I went cinema one night movie finished 11pm I welcomed fact I never venture outside get cinema mentioned walk way outside along lovely creek prefer.I would definately recommend jump chance stay making another trip tpo Dubai.5* rooms 5* meals edfinately 5* service,0.3417624521072796,0.5740421455938699,Apr 21 2009
53,53,"Very nice hotel! Me husband, stayed 7 nights hotel!Crowne Plaza nice luxury etxremely kind staff excellent service.I want repetative i'll write extra things noticed.The interconected intercontinental (next door hotel) also use facilities intercontintal, whitch plenty good restaurants choose! It also nice drink eclipse bar, top floor intercontinental amazing view!The spa center fantastic little bit overpriced think!The shopping center near good brand new.The swimming pool also good litlle bit small, could always find free sunbeds sun terrace big.In opinion big disadvantage rooms balconies even opening window (had huge window great view non opening) hotels Dubai. I think clima.Generally Dubai sky never clear blue sunny. (the sand desert maybe).And sunny beautiful island Greece, Rhodes strange me.Overall enjoed holidays Dubai Crowne Plaza Hotel! (once more...the staff, service cleanless ecxellent).",0.37218749999999995,0.5645833333333333,Apr 17 2009
54,54,"Confusing check-in Had pre-booked 3 nights Asia Rooms, family 4 requested inter-connecting rooms, early arrival guy reception said booked standard rooms ready could give us connecting rooms requested full, however, could available connecting de-luxe rooms floor 19 creek views extra Â£38.00 per night adjoining rooms floor 18 Â£25.00 extra per night. What explain extra price per room per night!! When I questioned this, suddenly checked computer again, said could offer us de-luxe, creek view ,connecting rooms floor 7 Â£25.00 per room per night. So I guessing standard rooms facing courtyard/entrance. I also paid 3 breakfasts family, early check-out last day I e-mailed prior stay asked could one breakfast arrival could possibly checkout day, reply agreed, problem, BUT I mentioned man reception arrival said NO could packed breakfast leaving 5.30am last day. I promptly showed copy e-mail, guess said fine, could paid breakfast writing.Now priority club member I sure perks offered me, yes excellent, I felt like man reception difficult, standard connecting rooms available, full, could honour breakfast request 1st day, de-luxe rooms creek side, I would interested know anyone else experience.",0.07643678160919541,0.43007662835249044,Apr 16 2009
55,55,"Lovely great staff. Just got back 3 night stay fault hotel. Room gorgeous glass wall bathroom, nice modern decor. Pool deck busy, use Intercontinental pool next door feet away. Lots beanbags grounds flop on, helpful pool staff.The new mall short walk hotels amazing, huge food court, loads restaurants, cinema bowling alley. They funfair night moment 5 year old loved.Hotel minutes airport aircraft noise, good half hour taxi water parks Jumeireh beach (about 50 dhirams way).Recommend short break sun shopping enjoyed lot.",0.24848484848484848,0.531060606060606,Apr 13 2009
56,56,"Gorgeous facilities uninteresting area I overnighted colleague way another destination. The staff friendly professional facilities wonderful. My room medium-sized featured super modern amenities electronics (light fixtures switches, LCD TV, etc). The bathroom beautiful -- marble glass -- room could see downtown Dubai distance. Very convenient airport.Breakfast buffet stunning expensive. Internet available complimentary.I would stay recommend others.",0.37986111111111115,0.6305555555555555,Apr 11 2009
57,57,"Great hotel.... We stayed 5 nights part great value package Expedia.Its perfect place short easy stay want chill pool explore Dubai too.We take breakfast option added Â£Â£'s stay coffee stand sells muffins reception great balcony overlooking creek Festival City (shopping mall, shops US style restaurants) 5 mins walk Costa coffee shop!Room fab, V clean even iPod dock. Well appointed need, comfortable beds, great bathroom Floris soaps. Easy get cabs outside situated next door Intercontinental bank machine connecting corridor.Pool area great, v attentive staff cold towels iced fruit handed out. Great comfortable sunbeds loads towels.Poolside menu bit dull OK.Best fabulous spa pool overlooked creek. The Belgium beer bar, fine quick one feel bit odd sitting Belgium themed bar Dubai great balcony easy option getting ready go expats seemed love expensive fair enough! To sum up, great 5 mins airport (not would know) good service nice amenities.I definitely recommend it.",0.37309523809523804,0.6742857142857144,Apr 4 2009
58,58,"Just wanted We stayed one night break flight Australia great choice short stopover.Check fast, friendly efficient. Bell boy informative.Room great. Lovely comfy bed, plush bathroom great flatscreen tv. Our view towards front entrance, see anything spectacular, probably well actually windows could done clean.We got extended free check 2pm good used showering changing facilities gym ready, lovely.We 5 mins late breakfast unfortunately use buffet, kindly brought continental platter us - coffee, juice, smoothies, croissants, danishes, tropical fruit plate jams/honey, set us day. I bit worried would added bill I sign it, thankfully !Pool area lovely. Comfy loungers attendants set wherever want. Warm (?!) jacuzzi overlooking creek. They maintenance 2nd pool whilst there, meant everyone using 1 narrow lap pool, ideal, pool scene really choose hotel.We ate terrace Belgian Beer Cafe. Good reasonably priced food great atmosphere. Beers priced 35 - 40 AED.The pretty Festival City Mall accessible via Intercontinental great choice eating places shops.Taxi ride airport around 6 mins.Only gripe I Internet use free cost around Â£6 check online. We stayed Al Manzil end trip business centre free 2nd none.",0.35483870967741943,0.6040322580645162,Apr 3 2009
59,59,"Excellent Hotel!!! Excellent hotel..service, cleanliness, comfort, luxury..second none. One best places we've ever stayed. And I forget mention view Dubai skyline huge glass window room...just wait till sun goes lights come up...the view Breathtakingly Spectacular!!!The interconnected via air-conditioned passage another (Intercontinental) belonging group, couple conference halls huge shopping mall. So takes 5 mins foot get shopping mall via interconnected air-conditioned passage, secure safe (there security always present various points)The shopping mall huge grand. It houses popular brands, food courts Cinema.So, sum everything, real great experience definitely going back Crowne Plaza another holiday The close Airport (cost 30dhms use hotels excellent cab service), even hop Big Bus tour outside M&amp;S shopping mall.Do hesitate, highly highly recommended.",0.4252020202020203,0.5956313131313131,Apr 2 2009
60,60,"Fabulous experience first time Dubai! From first minute, I felt welcome right home Crowne Plaza Festival City. The food incredible; staff extremely helpful gracious; room clean, modern comfortable; location minutes airport, convenient everything else. If relying cabs, 2 options - flat rate actual mileage. Flat rate cabs usually readily available door, whereas may wait regular cab. Not big deal - staff helpful taking care needs. As hotels Dubai, one attached Festival City Mall. To get it, walk corridor, thru lobby Intercontinental, another corridor, along enclosed walkway thru appears office building mall. Dubai spelled &quot;Dubuy&quot;! Everyone speaks English (and signage English) credit cards welcome, form currency. However, converted American Express Traveler's Checks, Bank Currency Exchange places would NOT. I would stay heartbeat!",0.23791170634920633,0.4336284086284086,Apr 1 2009
61,61,"Absolutely amazingly wonderful can't wait return!!! Submitting review behalf parents.My Dad booked surprise birthday present Mum comments follows:Booked Virgin holidays opted upgrade Premium Economy flight overnight even though food service behalf cabin crew fantastic say extra cost worth extra space (hardly extra space compared standard!!) When get Dubai airport (if someone likes drink!!) Make sure go duty free way alcohol available buy anywhere apart bars restaurants (between Â£7 Â£14 pint!) So glasses wine room going evening. Upon arrival absolutely amazed. The service impecable, staff bell boys waiters maids managers polite, helpfull cannot enough you. The rooms absolutely immaculate, even pillow menu giving choices 5 different types pillows!! The rooms absolutely spotless maids coming twice day. The first clean thorough clean. All glass, mirrors floors cleaned polished daily. All bed linens towels fresh every day evening come turn service.The pool area immaculate also staff hand look every second, I got one point move sunbed one men immediately me. All towels provided around pool area well expecting lot guests around pool put huge pillows able lay on. At regular intervals day even bring around ice cold towels cool down.The Belgian Beer Bar served amazing food cannot rave staff enough. We also went Waxy O'Connors Irish Bar Ascot Hotel, restaurant bar meals available. It's like Ireland Thursday ladies evening ladies drink pink champagne daquri's free!!!!!! Everywhere whole city immaculately clean, one point even saw men cleaning chewing gum pavement hand!!!! All locals really friendly polite even went markets feel intimidated threatened. We visited gold souke windows upon windows full gold jewellery.We would definitely recommend Big Red Bus Tour, half open top half air conditioned even top tan whilst seeing amazing city. It around Â£40 per person actually 2 tours get buses often like within 24 hour period. If stopping within vacinity Festival City Mall supermarket called Panda, sells take away sandwiches pasta salads resonable prices. We cannot recommend city enough one amazing places we've ever definitely place visit again.",0.2048742869543651,0.46585775335775337,Mar 28 2009
62,62,"Great - excellent service We four night break days work Dubai made perfect choice hotel. The rooms modern light - great views across creek usual 5 star luxury reasonable price. We loved glass walled bathroom watch sunset bath (if that's thing - not, electric blind used privacy!) - definitely worth getting Creek view room anyway looking roads building sites. Breakfast good - anything wanted really, pool area fine bonus attached Intercontinental pool area.The shopping mall attached good eating places least looks finished unlike lot Dubai. The position pretty good - little away centre Dubai close airport. Wherever need taxis quite sprawling city taxi prices reasonable. There plenty well decrease visitors past months. Our daughter joined us nights 21st made real fuss - wine, cake card - fantastic, summed quality service got.",0.2772916666666667,0.5123809523809523,Mar 23 2009
63,63,"Decent Festival City Dubai We booked 2 rooms December ( 660 dirhams per room - quite reasonable although price varies lot often expensive) pleased. The rooms airy bathrooms large. Note see bathrooms bedrooms blinds available discreet! The service reception also good.One complaint...the beer Belgian Beer Bar downstairs really expensive, food okay. A better bet Vista Lounge Inter-Continental adjoined Crowne Plaza. The view form Vista Lounge stunning cocktail I really nice. Not sure location Festival City everyone I enjoyed aspect looking pool area Crowne Plaza (unfortunately time enjoy pool itself).",0.23564425770308126,0.6814192343604109,Mar 17 2009
64,64,"Perfect good value We spent less five star room places Dubai perfect: outstanding room, good service, magnificent view. The places see Dubai easily reached taxi reasonable fare double-deck tourist bus stops there. It close huge shopping center broad choice restaurants. Definitely recommended.",0.3681944444444445,0.5970833333333334,Mar 13 2009
65,65,"Great great location! Stayed 3 nights cruising round Gulf - lovely great location right next large shopping mall lots nice places eat ranging inexpensive expensive - choice yours. Outside large marina waterfront walk well canal complimentary boat trips nice walking seating area.When Chinese Circus performing marina - good.The rooms luxurious, breakfast good service excellent. Would definitely stay would recommend anyone.",0.35390977443609023,0.5590977443609022,Feb 28 2009
66,66,"Great location Festival City We stayed weekend early February. We standard room, modern style decorated, king size bed ; bathroom window view Dubai skyline wall glass view bedroom. (There automatic blind privacy need it). Internet included expensive (cost room 38 dirham/ 24 hours).Buffet breakfast good much crowded.Also pool area crowded It windy. The swimming pools quite nice I expected something more.This great location Festival City access adjacent shopping mall air conditioned walkway full nice places eat shop.",0.3076923076923077,0.5551282051282052,Feb 26 2009
67,67,Great hotel! A really great alternative staying Jumeirah Beach. I went short break girlfriend would liked better weather got good late deal.The primarily business leaves pool free day leisure visitors. Smaller pctures one 25m lane pool brochures deceiving lovely infinity spa beyond pool made shortfall. You use facilities Intercontinental next door required.Had great spa treatment lovely food would highly recommend it. I written trip report forum gives detail facilities.,0.38588235294117645,0.6111764705882352,Feb 21 2009
68,68,"Absolutely Fabulous Stayed 6 nights Crowne Plaza Festival City glad chose hotel. It wonderful aspects.We flights Aberdeen via Amsterdam KLM I must say brilliant, comfortable, time, good service food.We arrived Hotel around 1am met array staff greeting guests arrive taxis. Check quick efficient. We offered upgrade Creek View room decided glad did. We requested higher floor room request honoured given room 1833 18th floor. It corner room nobody either side us. The views towards airport stunning.The ambience room contemporary lots warm browns creams. The bed huge high quality linens. Large flat screen TV, plenty wardrobe drawer space, iron ironing board, safe (no charges use), Ipod docking station, minibar, tea coffee, complementary water things operated remote control.The bathroom equally stunning large bath rain shower wall shower, bidet, toilet, wash basin surrounded gorgeous marble. Plenty towels, robes slippers plenty toiletries. My disappointment I impression various websites rooms whirlpool baths, well .The Hotel perfectly situated 2 minutes walk Festival City Mall walk Intercontinental next door (equally stunning real wow factor reception area) straight mall shops eating places suit tastes budgets. You even get cooked breakfast Ikea 4 DHS - Quite locals seem take advantage well!!!We found extras Hotel quite expensive. A beer Belgian Cafe around 35 DHS half litre poor exchange rate making nearly Â£7. Internet access Business Centre 20DHS 15 mins 60DHS 1 hour.We took airport taxi Hotel 30DHS. A taxi Burj Al Arab 50DHS Emirates Mall 50DHS Dubai Mall 30DHS. Make sure use Dubai taxis rather privately owned taxis much cheaper.Had Indulgent Afternoon Tea Burj Al Arab fantastic (although expensive) experience requested window table overlooking Jumeriah Beach got fantastic view Skyview Bar. The tea, cakes sandwiches superb. A lifetime opportunity I glad did.Thoroughly enjoyed week would definitely return Festival City Crowne Plaza simply beautiful Hotel",0.2774689440993789,0.6341166321601104,Feb 15 2009
69,69,"Fantastic Room Great Service We booked airport pick service well worth it. Our bags taken us airport see got room, already checked showed us straight room.The room fantastic left fresh fruit room. We orderered room service breakfast traditional arabic breakfast brilliant.The hotels locaion fine us taxis easy come cheap. The pool area nice wish time make use it.Would highly recomend staying here, especially visit shot like 10 minutes airport.",0.2994117647058823,0.6690196078431372,Feb 6 2009
70,70,"Loved After reading reviews I expecting lot perfect. Loved room decor, loved location. For people like beach hotels bit far nearest beach nice garden pools also promenade finished evening walks there. I hope back soon.",0.5428571428571428,0.7714285714285715,Dec 29 2008
71,71,Wow Have returned fab hoilday Dubai. We used Priority Club points pay 7 nights Crowne Plaza. The ultra modern bathroom window view Dubai skyline lovely feature. (There automatic blind privacy need it). The pool relaxing never rush sunbed. The pool attendants gave iced flannels help cool off. The jacuzzi view Burj Dubai (Tallest building world). The night turndown service good even switched soothing music put bedside lights you.The Festival City shopping mall connected Crowne Plaza via Air conditioned walkway full nice places eat shop. There Free boat ride mall never busy. We went Taxi Dubai Mall day opened 10 minute taxi ride cost Â£6.00. The mall ice rink huge aquarium also next Burj Dubai. Although mall finished yet huge. I would highly recommend Crowne Plaza great location 15 minutes taxi Airport (Â£7.00) fanatstic views.,0.25675213675213676,0.663190883190883,Nov 10 2008
72,72,"Good really fault This located Festival City towards airport.I can't find aspect fault. Room excellent. Spotless absolutely pristine. The cleaner wonderful job. The food I experienced excellent.Only problem locality. If I staying holiday would far much mission get beach &quot;tourist&quot; spots. If I staying business far away business area.Under normal circumstances matter, rush hour traffic Dubai makes London 0830 morning seem like stroll park get Festival City Beach easily take 45 mins hour.Shopping however excellent Festival City raison d'etre ten would work well you.",0.41130952380952385,0.6898809523809525,Sep 30 2008
73,73,"Excellent Hotel I stayed several hotels Dubai including Burj Al Arab.I consider fussy traveller exspects excellent service accomodation.The Crowne Plaza Dubai Festival excellent I recommend fully.The staff offer superior service go way make stay memorable.The rooms spacious, modern beds compfortable really hard get morning. The large marble appointed bathrooms well equipped relaxing.I would recommend BB breakfast choice excellent healthier eaters enjoy full cooked breakfast. The chefs staff go way serve every need.The situated within new developing part Festival City well situated main attractions.The facilities include excellent appointed rooms facilities. The located next shopping mall 400 shops explore plenty eating establishments sample. The air conditioned tunnel leads straight mall.The hotels great fitness suite excellent choice swimming pools lazy afternoons.I booked stay Virgin Holidays I cannot fault.Well done staff Crowne Plaza, Keep hard work, much appreciated.I look forward seeing soon.I certianly need look alternative hotels future I looking much forward staying wonderful again.",0.3943839493839494,0.5747993672993673,Sep 28 2008
74,74,"Fairly good bit outside city I stayed adjacent Intercontinental Festival City - renovations undergoing Intercontinental - used facilities Crowne Plaza. This good indeed, quite good Intercontinental.The lobby nice, big. Front door staff polite ready help, that's something I would like mention!We used swimming pool, exactly big (rather small fact) nice jacuzzi infinity-like great view Burj Dubai simply amazing, especially sunset! The gym rather small many machines...We breakfast Lebanese buffet restaurant: quality outstanding, really! The selection huge, quality particularly good! I've quality (healthy-wise) Courtyard Marriott berlin (Mitte), I really like feeling eating healthy tasty stuff!We went one night Ramadan tent, smoke shisha (a must among locals) soem drinks... We found overcrowded staff particularly polite, even everything nice.All all, good 4 stars hotel, flwas though makes Intercontinental next door, far cheaper rates cannot really complain!",0.29043209876543213,0.5188983855650522,Sep 22 2008
75,75,"Excellent room I stayed Crowne Plaza Festival City Hotel one night stopover August 2008. I booked room via Asiarooms around 130 Euro. The reception gave corner room creek view. The room luxurious beautiful view creek sjyscrapers Sheik Sayed Road area. Everything quite new good quality. Large bed, large flatscreen. The bathroom large open window room kind strange. The connectied via adjacent Intercontinental new shopping mall. There Belgian Beer Cafe ground floor arrived (around 24:00) kitchen already closed. All pleasant place I would definitely stay again.",0.3320655534941249,0.5651051329622758,Sep 8 2008
76,76,Just Fabulous We stayed Crowne Plaza first visit Dubai. The fantastic great facilities. We loved deluxe room especially loved en-suite. The view great albeit construction still going around festival city. The pool facilities great especially use Intercontinental Hotel's pool located adjacent hotel. It great place children three year old daughter loved every moment it. She also loved ride canal taxi found Festival City.The staff wonderful provided great service. A truly great stay exceeded expectations.,0.6264705882352941,0.7784313725490196,Aug 18 2008
77,77,"What Wonderful Experience We stayed The Crown Plaza Festival City two amazing nights stop flying Emirates way London Australia. What wonderfully fabulous hotel. Sure still construction going around, that's Dubai. We found staff friendly highly professional truely dedicated hotel. Nothing much them, wanted help assist ever could. They even remembered names whole stay.The interconnected Intercontinental Hotel onto amazing new Festival City Shopping Centre via airconditioned walk way. With hundreds shops food outlets choose need move away complex stay. It 48C apart small walk taxi doors never felt heat all. We recommend highly enough, rooms world staff best world.",0.3139914772727273,0.6089646464646467,Aug 1 2008
78,78,"Is best world??? During 11th 17th July 2008 wife I visited Dubai package holiday arranged Virgin Atlantic. We stayed CROWNE PLAZA DUBAI FESTIVAL CITYon eastern shore Dubai Creek, UAE.Travel:Flights:- The outbound flight overnight, leaving Heathrow 21:25 (local time), arriving Dubai 06:25 (local time). It recommended Virgin booked extra night although would flying night could book room early morning arrival, rather wait around normal Dubai check-in time 15:00. The flight uneventful, cabin crew attentive (for change compared airlines) food edible. The applied return flight. The negative comments comprehensive entertainment system slow responding passenger controls (the Captain apologised tannoy entertainment system overloading due excessive passenger demands) flight wasnât long enough watch 40 films, let alone TV programmes music channels!Transfers:- On arrival Dubai met local Virgin agent arranged taxi take us (as opposed coach stated paperwork). Everyone courteous helpful. However, taken wrong â Crown Plaza Sheikh Zayed Road, business district located side creek. We confirmed agent airport booked Crown Plaza Festival City approached Crown Plaza commented taxi driver wrong according pictures map brochure, communication barriers (I donât speak Arabic). On arrival staff unloaded taxi us, opened doors escorted us reception. The receptionist agreed booked hotel. He kindly phoned Crown Plaza Festival City confirmed booked arranged another taxi transport us correct staff wheeled 2 cases back new taxi loaded us. And made mini tour Dubai, arrived Crown Plaza Festival City â¦â¦â¦&lt;photo 1&gt; The Hotel:The Eastern bank Dubai Creek part new interconnected complex. Next door sister hotel, (the Intercontinental), joined Festival Mall (currently 300 shops together small marina mall incorporates decorative canal) conference/ business centre.Arrival:On approaching slightly concerned amount construction work around rear side later found area still developed landscaping. I must emphasise disturbed time noise dust, unlike hotels Mediterranean countries past.The taxi doors opened us, luggage removed escorted reception lobby. The staff profusely apologetic taken wrong (not fault certainly control) Front Office Manager called reception desk apologise again! Having completed signing processes escorted room various comprehensive control systems lights, TV equipment explained.The Room:Each floor single curved corridor rooms sides making simple find room. Emergency escape routes clearly marked.Our room top floor overlooking creek, Dubai skyline. A splendid view, especially night. Unfortunately stay, last day, humidity haze daytime reduced visibility 1Â½ miles.&lt;photo 2&gt;&lt;photo 3&gt;The room light coloured, spacious extremely well appointed lots storage space iron board. Fresh linen towels supplied every day, bottles water toiletries. An interesting feature full wall internal window alongside bath (with electrically operated internal blind required privacy) allowed see Dubai skyline across room whilst soaking bath! The mini bar well stocked reasonably priced. Ethernet connections web available, used (we holiday) use phone lines simultaneously. The large screen LCD TV wide variety channels, local international always good clear picture sound. The BOSE alarm radio also useful. The room servicing comprised least 2 visits per day, one impeccably clean room replenish supplies later evening turn bed arrange slippers! There never noise guests.&lt;photo 4&gt;&lt;photo 5&gt;Dining:We staying half board ate mostly Zaytoun restaurant. What positive experience! The range foods catered every palate. It freshly prepared presented buffet identify food want served onto plate waiter brought table. I never looked hotels I stayed worldwide, including used foreign royalty. Examples: one night wife, selected variety dishes wanted rice. The rice offer prawns. My wife allergic shellfish asked plain boiled rice. The answer âYes, 10 minutes. Would mind returning table. We bring selection buffet.â They did. Another night discussing different styles cooking rice India waiter. A short later came back table presented us sample asked chef prepare show us, apologizing authentic rice soaked overnight grinding cooking, filled. The next night brought chef correctly prepared samples â could see look taste like! And presented us printout recipe method!!&lt;photo 6&gt;As well Zaytoun restaurant fifth floor Maza lounge bar lobby served drinks throughout day, either spacious comfortable lobby (do try strawberry milk shake made order fresh strawberries, ice cream milk â delicious.) secluded balcony overlooking creek evenings also Belgian Bar (very popular), specializing Belgian food drinks. The mussels flown Belgium taste better, chef knows prepare Belgian food properly!Exercise options:The facilities Crown Plaza Intercontinental available guests. I investigate inside facilities Intercontinental. Inside Crown Plaza well equipped gymnasium inside changing rooms sauna steam room. Outside, swimming pool, childrens pool 3 jacuzzis. These facilities effectively fifth floor provide pleasant view across creek. The Jacuzzis positioned near edge roof âinfinityâ edges towards Dubai providing magical experience. The Crown Plaza main pool 25m long half width laned serious swimming remainder free swimming. All pool areas clean tidy (fresh) water always clean clear. It observed water sampled analysed daily. The plentiful teak sun loungers (with thick mattresses) extremely comfortable, spread fresh towels day provided separate towel drying off. Lifeguards duty day supported poolside attendants. All continuously attentive going on.Staffing:The 1200 staff comprises 54 nationalities, English. On every occasion passed near greeted genuine smile âGood Morning/Afternoon sir/madamâ. Other door room, allowed open door member staff nearby, even something else! On commenting management positive attitude staff, told prime consideration selecting staff attitude capability â capability trained (and been). It also observed staff happy, integrated team helped other. Complaints:There 2 minor complaints(?). These were:1. When using massive overhead shower bath, water dripped edge bath onto tiled floor, making bath mat wet.and ultra finicky,2. The feet chairs Zaytoun restaurant felt padded could âscreetchâ dragged across tiled area floor.Neither caused serious discomfort. As Health Safety Assessor, I found instances hazards, actual potential.Other Notes:During first day âVirginâ rep Alpha Tours arrived apologise confusion transfer refund cost second taxi (~Â£4.50 15 minute drive) offer us selection tours activities. We chose âCity Tourâ. We collected air conditioned minibus then, collected 6 passengers hotels spread around Dubai, started 4 hour tour. This took us see Burj Al Arab (from shoreside casual visitors longer permitted access), Palm, Jumeirah Mosque, local harbour area, Dubai Museum, trip across Creek abra (water taxi), finally shopping Spice souk Gold souk returned respective hotels. All entrance fees fares included tour price. This tour I consider good value well hosted KJ (no-one could pronounce Japanese name!).Taxis plentiful inexpensive (especially taken outside mall).Summary:Would go again?Most certainly (but cooler â 50âC shade bit warm!).Marks 10?11 round (except misdirection airport).Most outstanding?The feeling warmth friendliness staff.Most Memorable? Sipping coffee lawn evening meal sky lit lights Dubai wife eaten mosquitoes. &lt;photo 7&gt;David Mann",0.11886824595157927,0.47951774691358007,Jul 23 2008
79,79,"one best ever I've staying one night, I really impressed hospitality quality rooms.The personal friendly, competent always supported quick possible.Belgian bar quite nice, easy find comunication partners.Next time I'm Dubai, I join again.",0.4441666666666667,0.63,Jul 13 2008
80,80,"Service smile Stayed CP Festival City late June 08. It's beautiful modern - opened March 08- close proximity int'l airport. Arrived knackered o/n flight LHR ( Gulf Air - cheap good service). Upgraded room ready (although maybe I'm PC member) receptionist showed room minimum delay fuss- excellent! The room great - king bed, workspace, sofa, minibar bathroom die for!! Hotel next IC ( connect thr' walkway shopping mall - everything need including supermarket - booze sale - TIP - want got arrival Dubai, buy baggage reclaim hall airport).Festival City really like shopping Traff - big brands prices different home - half pleasure shopping excitment stumbling something gotta - right girls?! All CP staff exceptionally friendly - spoke good english acknowledged without exception every occasion passed - nice touch! Beds comfy ten thousand bodies lie yet!! Belgian Beer bar good place meet ex-pats locals beer good although obv. expensive compared Joseph Holts. My view - great good location. Just GO!",0.34594356261022935,0.47879188712522047,Jul 2 2008
81,81,"Wonderful Stay My husband I recently stayed location (June 2008) wonderful stay. The brand new along adjoined sister property, Intercontinental Hotel. Also nearby new shopping mall, Festival City Mall, plenty great stores restaurants. The staff pleasant attentive. The room pristine well facilities. The 1 restaurant utilized breakfast (no specific reason eating lunch/dinner, always go). Additionally, Intercontinental restaurants mall plenty choose from. We also satisfied location hotel, close proximity airport (my cab fare 36Dhs $10US). The beaches, however, nearby could easily catch taxi arrange trips drivers. I'd also like note properties separate pool areas however guests utilize areas. This problem us gave us chance enjoy different views. During trip also spent time beach (Jumeirah Beach Hotel) I reviewed section. Overall, excellent stay Crowne Plaza Festival City I would definitely recommend others.",0.33996810207336525,0.6088118022328549,Jun 25 2008
82,82,"Very Enjoyable I stayed three times two week period using hub travelling areas Gulf.First advertises first non-smoking Dubai, fact non-smoker I enjoyed, I guess would problem.Because new taxi drivers told was, surprised short term asked question.The staff outstanding, help will, although may new hotel.On three occasions I room overlooking creek I would recommend anyone. The room could faulted, everything wanted available, television choice, us find Dubai boring good.I breakfast could really comment, although unlike sister serve pork breakfast.A shopping mall close by, previously commented, could reached walking Intercon conference centre.I definitely stay again.",0.08712121212121209,0.526711229946524,Jun 4 2008
83,83,"Great Hotel Connected Mall We priority club members, reservations easy received breakfast rate. Nice breakfast included fresh fruit, hot dishes personalized service. It's new development Dubai called Festival City. The counterpart, Intercontinental, connected mall indoor walk way. Very convenient hot summer months Dubai. The Crowne Plaza furthest, Intercontinental seemed lot conferences cater business people. We checked fast given upgrade free. Ordered room service problems. Everybody extrememly efficient. We problems pool due lack efficient way identifying residents allowed use pool. But management quickly remedied situation kept mind new hotel. There two beautiful pools 5th floor. The whole development beautiful shopping mall gorgeous. You can't go wrong hotel.",0.30917862838915466,0.6709170653907496,May 21 2008
84,84,"Not quite open yet? We travelled Dubai fantastic value weekend offer Virgin last weekend (half price, Â£350 each) tempting miss.We booked Crowne Plaza, though held outside 5 mins (&quot;There's photoshoot going on&quot;) told walk across sister - The Intercontinental.We great stay (see Intercontinental review more) beware two new hotels clearly capacity shifting guests around. It big problem impact holiday. The initial impression arrival great though given high quality service display thereafter.",0.21283549783549788,0.4400865800865801,Mar 8 2008
85,85,"""Great Start"" Stayed Crowne Plaza Dubai Festival City 5 days end February, booked Virgin Holidays.My wife's expectations optimistic first due new recent development (It operational 5 days arrived). However pleasant surprise worries soon vanished.We arrived around 5 hours early normal check times 2pm problem accomodating us guests within 15 minutes. The staff extremely helpful (over sometimes) efficient whilst maintaining smile.The room modern designer inspired affair. We room overlooking creek parts marina, duing day construction seen near distance night view beautiful. The bright lights reflecting creek, frequent fireworks displays I describe gigantic rotating disco light coming marina food eyes. The kingsize bed comfortable bathroom unique. There glass partition separates bedroom bathroom everything visible. (For may deem inappropriate electronic blind cover entire window) The main shower head mounted ceiling quite unique quite messy well. Other amenities include movable LCD TV, lights controlled via central handheld unit take anywhere room, compliemntary internet access phonecalls within Dubai certain amount (Could introductory offer though)There one restaurant operating moment bar coffee lounge. The breakfast restaurant fantastic huge choice continental mediteranean food. However lack restaurants problem due customers able use restaurants sister next door Intercontinental. Also fact interconnected Festival City mall means numerous yummy places eat. (We recommend Black Canyon (Thai food), excellent value delicious).The outdoor pool sunbathing facilities seemed complete pleasant enough (there work still done these) For wanting mainly frequent Jumeirah district attractions may ideal average take around 40 minutes get (Over hour traffic) Saying though taxis reasonably cheap (around Â£8/9 GBP trip Mall Emirates)Overall I would say good first impression fantastic service looking close airport, creek city centre shopping facilities doorstep.",0.22728331951736208,0.6229639863682416,Mar 5 2008
86,86,"First visit Dubai Visited 21st Feb 25th Feb 2008Following e-mail Virgin offer Dubai reasonable cost, daughter I decided try out.Hotel staff arrival welcoming despite us arriving early morning night flight, thankfully room ready.The rooms spacious glass wall bathroom bedroom (blind available privacy required) view muddy creek! Unfortuantely still lot building work Festival City mentioned booked.The building work affect bedrooms want sit outside terrace coffee several generators underneath. The outdoor pool use yet offered facilities Intercontinental next door.Overall staff lovely could'nt enough make stay pleasant fact could walk Intercontinental straight shopping mall big plus. On side construction going on, unless like us get reasonable cost stay away construction finished.",0.1381045751633987,0.38915032679738565,Feb 27 2008
87,87,super,0.3333333333333333,0.6666666666666666,Sep 3 2009
