,Unnamed: 0,Reviews,polarity,subject,Dates_extracted
0,0,"Great Location Brand New We chose one hotels rooms would accommodate 3 people (when looking internet) near Mall Emirates. We visiting family, chose location close them, even I would recommend it. Its close Mall Emirates, easy get transport via taxi metro. Being almost brand new, clean, ultra modern. The girl reception (who supervisor) helpful. The problem asked bring towels (for 3rd person) didnt, ask again. But that, great. Free internet nice surprise went Ibis drink specials night.",0.30298295454545454,0.6135890151515152,Nov 24 2009
1,1,"Great good location helpful staff ! I spent 5 nights Suitehotel Mall Emirates friends wonderful time Dubai.The Hotel brand new ! Rooms spacy modern, swimming pool top nice decorated, 24h deli-restaurant useful want eat buy snack time, trendy bar.The staff helpful motivated make stay pleasant possible.The location quiet good. You loacted 2 minutes famous Mall Emirates try indoor-ski metro station 200 meters. The Metro brings main highlights city. We also enjoyed Suitehotel free shuttle Jumeirah Beach !",0.45212918660287077,0.5756778309409888,Nov 17 2009
2,2,"Fantastic rooms helpful staff I loved staying here. I booked adjoining Ibis hotel, overly impressed rooms came ask questions reception. By luck manager sistering 'Suitehotel' behind desk offered deal one rooms.The room absolutely brand new immaculate. Probably double size quality Ibis. The rooms stylishly designed finished.The flatscreen TV choice English channels.the toiletries virtually full size bottles.The roof top pool beautiful. Not massive big enough swim properly stylishly done.The computers lobby great free internet huge displays, obviously communal sometimes wait use sometimes would annoyingly loud children playing games machines made hard concentrate doing. Maybe consider allowing children so-called business area accompanied?Hotel staff helpful nice deal with. I found went way accommodate requests.",0.24068362193362192,0.6244678932178933,Nov 12 2009
3,3,Good location lousy service I stayed extended family including children 2 rooms weekend. Location good within walking distance (in winter) Mall Emirates. The walk couple roads easy children. Hotel new still feel that. Rooms medium size child sleeps sofa make bed. Room nice flat screen TV expensive minibar. Comfortable beds small bathroom shower cabin bathtub. The toilet separate entrance room. Neat basic functional. The small pool gym roof. The restaurants service place worst. Very inexperienced even nice staff. Check takes long time. The restaurants priced lousy service. The breakfast joke! Either buffet like East Germany 80ies pay-per-item cafÃ© messiest place I seen expensive. Eat Mall stead! All fair price room good location overprized place like Dubai.,0.04189393939393938,0.6321067821067822,Nov 11 2009
4,4,"Poor Managment I happy I got opportunity express feelings, I angry customer. The nice, layout perfect. I went husband decided r tired drive back HOME. So got checked went room. I slept woke phone @ 2:30 PM; women phoned said I late called @ 12 I told I leaving now. I told thatâs impossible coz I light sleeper, I wouldnât answer phone speak unless I awake, I asked husband told one phoned. She threatened charge half day I donât come now, I told youâre charging I might well stay , angry said I leave now, one kicks customer Dubai. The money issue me, however I hated fact insisted I answered manager side, rude. I didnât want pay way lady &amp; manager spoke inappropriate disrespectful stay pocket. Poor management hotel, any1 knows CEO please deliver message first time anything like ever happened Dubai, I go every weekend, stayed many hotels. Thank",-0.03907407407407409,0.6772222222222222,Nov 6 2009
5,5,"New Hotel poor breakfast expensive charge We spent vacation Dubai try new (just opened June 2009). The room facility still clean (of course). They charged 650 Drhms pernight (included breaskfast) poor option. They provide bread (5 option basket) juice, Odds. yoghurt drink. When check take breakfast separately, pay 40-45 Drhms. It's better purchased snack Mall Emirates (50m) replace breakfast except pay get Restaurant (Connecting IBIS Building). Please note, provided internet free need, shall pay 100 Drhms/day 25 Drhms perhour-very expensive! Netcafe outside Hotel charge maximum 5 Drhms/hour. We got room damaged washbasin (can't flush water) repair check out. I like location, near Mall Emirates Metro Station. Becareful use taxi provieded one front hotel. They said Taxi Hotel (I'm sure), charged 2 kilometer 27 Drhms (Jumeirah Souq)---&gt;that's crazy!. With Dubai Taxi need pay 10 Drhms.I use next trip price realistic compare facility. Except reduce rate 300 Drhms.",-0.06078282828282828,0.6224434824434825,Sep 28 2009
