,Unnamed: 0,Reviews,polarity,subject,Dates_extracted
0,0,"Appropriate singles family interested night club disco This Hotel located far downtown good area Barr dubai also near jumarah beach extent near wild wadi arab tower.Also two night club one arabian another one south america good prices high especially man interested business lady room. It must mentioned despite regulations, allowed bring lady room night, indentification card vissa necessary have.The quality breakfast also good possible bring food personnel.Totally recommended singles married people interested night clubs disco beach.",0.26,0.6118750000000001,May 30 2009
1,1,"Horrible Hotel The reviwer certainly got right. This familly hotel. At flick switch night, felt literally town's main bordello. The management regulary charges room's hour reception veritable feast characters. Within minutes room. A knock door, turned thai prostitude dressed black. No doubt send reception. I complained later on, looked me, I mad. Little I know course. I wanted cheap room I got it. A basic toilet tv it. Door locks secure. So dare leave anything valuable inside. Walls thin, imagine hear. I checked one night found Awal Hotel, 5 minutes this. It slightly expensive bd15 much better cleaner.The plus low price location liked heart old town souk. At night area full life people.Sadly good quality cheap hotels part world nothing hangouts illrepute. There plenty 5 star places lower end.",0.05583333333333334,0.5014244663382594,Apr 28 2008
2,2,"A Sad Experience Stayed Capitol Hotel three nights last February pleasure trip. This second time since late 2005 say accommodation + services gone ten times worse. The furniture exactly except dated. The reception staff rude sounded like they're favor giving room (very arrogant management well). I given room 3rd floor, yet I could sleep 3 a.m. morning night clubs' terrible noise (3 them). The offers room message service, reality disguised service working girls..!! I meal I comment food. For I paid (USD 200+ per night) I could enjoyed 5* beach jumeirah. A terrible terrible experience. I WOULD NOT recommend traveler.",-0.17551470588235296,0.46598039215686277,Mar 31 2007
3,3,"Not family If planning visiting dubai family simple holiday think wisley. The Capitol mainly business people. We family business. The rooms spacious date, well hotel. However seem tired. The View however rooms poor. We two rooms, one room beautiful brick call look two small windows either side room another room look at. Breakfast great food served day day. Other hotels stayed huge variety Capitol doesnt. The guests business doesnt make fun family. There specific evening entertainment, couple bars resteraunt didnt use all. swimming pool small fine dip, nothing special. roof, disrupted drilling taking place room dust plesantly falling pool. If expect see people think again, dead area roof shoddy gym facility. The service fine, used somewhere sleep. If u want something special, spend money go somewhere else. business jus need somewhere sleep fine.",0.041081349206349205,0.5307638888888889,Feb 25 2007
4,4,"Average Stay My wife I staying Capitol business accordingly spent little time sleeping eating. Our meals confined buffet breakfast, always adequate, dinner room-either lamb cutlets fish salad always enjoyable.Wine expensive choice limited.The room large clean- albeit little dark small window facing adjacent appartment block-and well maintained.Traffic noise problem. There internet access room cost standard.Although distance night-club floor below, noise problem least two nights stay. People staying rooms closer night club difficulty sleeping.Smoke problem throughout hotel, non-smoker. Although non-smoking room, needed put towels behind door prevent smoke entering bedroom night.For us business, disco smoke problems.We use gym swimming pool cannot comment. However, pool small un-inviting cloudy water visited.Generally, staff friendly helpful, although one customer service representatives unhelpful, bordering rude. However, I prefer remember lovely people served us breakfast particular mention chef really tried succeeded making eggs perfect.I also need mention charge us late check-out 6pm nice gesture.This really tourist view. It's away beach main shopping malls definitely worth visiting. It's possibly fine business transit.Another plus construction activity vicinity Capitol.",0.013955026455026446,0.5082804232804233,Mar 29 2006
5,5,"great bars I Dubai 4 years meet someone took Savage Garden. I amost every night great. I meet great persons like Miss Magda work Savage waitress. wile went Xanadu also great disco. I great moment places. Now i'm Romania wish visit ,in one day ur good time. Good luck future",0.675,0.6343749999999999,Nov 17 2005
6,6,"Capitol Hotel This lots good points major disappointment seemed non-smoking rooms.We arrived early morning (6.00am) accommodating, showing us room within half hour arrival, however, room really smelled stale smoke. This isolated problem least one couple problem, even though pre-booked non-smoking room. We asked change rooms informed could, midday. At midday seemed problem, one room available, I fear room smelled sweeter due fact night club probably unoccupied time. As I fortunate enough ear plugs noise prove problem.The clean staff pleasant, food OK par establishments tried, disappointing good Singapore, last port call. The provided daily shuttles beach city shopping, appreciated.In fine cost (a cheap deal Emirates airlines), somewhere I would use again.",0.11198275862068964,0.47448275862068956,Sep 27 2005
