,Unnamed: 0,Reviews,polarity,subject,Dates_extracted
0,0,Excellent! I went Dubai special birthday stayed Shangri-La Dubai. We stayed Club room service room excellent. You pay get I would certainly recommend anyone.,0.6428571428571429,0.7857142857142856,Sep 23 2009
1,1,"beautiful first class service Attentiveness luxury seem themes hotel. This fabulous seems over-staffed compared hotels I stayed always someone greet you, help you, open door make request available earliest convenience. The spa healthclub luxurious pool area like tropical paradise, high elevated desert buildngs thst surround. A stunning view stylish decor made room comfortable beautiful. I really enjoyed stay: loved food, spoilt spa, chilled pool, enjoyed cocktail stylish bar.",0.4303125,0.7280208333333333,Sep 11 2009
2,2,"GREAT HOTEL A great 5 star hotel, gave us free room upgrade water view. Excellent included breakfast. Limited English TV channels. Desk lobby people helpful friendly. Up usual Shangri-La standards.",0.3615079365079365,0.4992063492063491,Aug 26 2009
3,3,"Excellent business class good location Dubai My family I stayed Shangri-La Dubai days way London Malaysia. Hotel typical business Shangri-La high modern standards accommodation. A short taxi ride airport located busy main Sheik Zayed Road, high rise well located taxi rides shopping malls tourist attractions (although places Dubai canât really walk anywhere hotel, chain restaurants small convenience shops within walking distance).This good modern business family resort, found great short stay Dubai kids. Outside swimming area relatively small clean modern.Staff professional, polite attentive. Room large, modern, comfortable fixtures fittings high new standard. Bathroom especially good full size large bath. Room service food quick good. International phone calls extremely expensive though.Arranged âdune bashingâ sunset tour lobby tour agent. Trip well organized fun. Would recommend business travelers short trip Dubai.",0.20974192474192477,0.4410261960261961,Aug 22 2009
4,4,"Ate like pigs! My hubby I stayed nights back March stop Asia enjoyed stay hotel. I initially booked studio upgraded superior room check 7 unless upgraded. Not sure difference would terms comfort studio room, according receptionist, room much comfortable studio. cost quite bit though.The view nice mostly covered smog dust. We could see al burj window.Room spacious comfortable expected. nothing great, bathroom impressive though.best part stay think buffet dunes cafe. We breakfast dinner since breakie fantastic! best buffet ever had, choice wide ranging decent (we buffet style different four starts hotels world far best!) We even yogurt style smoothie like probiotic yogurt, nice, tried different style every day, juice choice places. starters, main meal deserts excellent. would go back food!We missed breakie one morning small breakfast lounge upper floors hotel, can't remember floor came package, food good, selection small adequate small breakfast! Location - bad, makes much difference take cab everywhere anyway.We could used gym upper floor free, small pool, went look, quiet get chance use it, can't comment, view outside fantastic though.Overall decent four stars think best thing food.",0.2976851851851851,0.531753086419753,Aug 17 2009
5,5,"Doesn't worse it! Before reaching hour called make sure reservation 39floor time reached room ready needed hour! change 36floor.We took package dining, reservation person said extra money refund back us 4days even Debit card, time check agree refund money package!!!by time check took half hour get car one knew lounges sorry explaining way really Thai guy check, none Indian guys would anything.The pool small 1.4m!! one service 2persons inside pool bar.Most important worse value better amenities hotels Dubai price!",0.047395833333333345,0.5362847222222222,Aug 10 2009
6,6,"amazing service - usual usual shangrila ruthless warm efficiency display - meticulous execution delivcer really stunning warmth.... travellign last minute needed visa hurry foudn guys responded quickly, efficiently teh least amount time. delivery ws 1 day (promised 2) teh others promised 4 !!",0.006458333333333344,0.5966666666666667,Jun 13 2009
7,7,"Shangri-la fantastic It fantastic stay Sangri-La hotelâ¦ nice location Sheikh Zayed St, room 3608 I love high building,Reception check-in staff aggrassive treat bad way otherwise everything great, room service helpful professional, SPA pool great",0.33090909090909104,0.6187878787878788,Jun 13 2009
8,8,"beautiful stay every time remember stay ,i remember wonderful aroma lobby.stayed twice hotel.on way going lebanon back.we booked 2 double rooms ,cause 3 adults ,2 child ,and infant.we arrived late night,we told record 1 room.the left us waiting hour waiting,while tried contact travel agency.which time impossible cause midnight...to cut story short,till confirmed kids sleeping lobby!but end manager called upgraded us marveleous suite :).breakfast great,rooms clean...the concierge 1 best,booked us best restaurants town...i n total started bad ,but whole rest stay great.",0.21288888888888896,0.663111111111111,May 14 2009
9,9,"A return visit failed disappoint! A second visit sits Southern end built-up Sheikh Zayed Road. Retuned last time service set apart others Dubai stayed many five-star city. The service personal, attentitive unrivalled. The spotless rooms modern. I challenge claim solely business hotel. A great gym, spa pool lie third floor great atmosphere. Give Shangri-la Jumeirah group hotels day!",0.1875,0.2966666666666667,Apr 14 2009
10,10,"Very good great rooms! It confortable luxury modern situation, even business perfect, leisure really good becaus tehre restaurants shops around.But I strongly reccomend it!",0.3668518518518518,0.6181481481481481,Apr 4 2009
11,11,Beautiful -Amazing - Fabulous ! Stayed suite 41st floor view amazing windows. The whole suite extremely clean. The selection L'occitane products nice change bathroom.Really comfortable king size bed. Amazing flat screen lcd tv's bedroom living area. Free internet facilities.Staff courteous helpful. The breakfast also great huge selection food different cultures offer.Also stayed apartment 21st floor( think) nice although sumptuous suite. The bathroom goodies Aigner here. There tv living area slightly older type. The main bedroom en suite king bed. The 2nd bedroom 2 single beds it.The apartment also kitchen fridge cooker microwave etc. Again free internet facilities.You use private executive dining area 42nd floor stay one suites. Also check complimentary food drink available. Can't find bad thing say stay 's there.,0.31531746031746044,0.6443562610229278,Feb 11 2009
12,12,"Great Hotel We stayed 20th floor. The room apartment room kitchen could cook meal room. LOLThe room rate good, include breakfast expedia.com. (other website included b/f.)The breakfast buffet style kind foods example Sushi, chinese, arab, western. I really enjoyed every morning !!The facility, nice swimming pool, spa (gym / sauna / jacuzzi).There suttle bus service shopping centre beach. save taxi fare using suttle bus.(be careful, dubai need use taxi everywhere go public transport crap pavement.)p.sThe big bus company tourist bus 200DHS (about 35GBP) really good. You get bus WAFI shopping centre.There free shuttle bus Hotel.",0.2510833333333333,0.5247777777777777,Nov 10 2008
13,13,"Shangri-la great bit impersonal The Shangri-la essentially businessman's everything kept professional. The room nicely appointed. The problem amenities, although good (Aigner) highly perfumed could pose problem lot travellers.Also, one would expect caliber price would charge $40.00/hr use internet $2.25 per piece paper printed! It cost $12.00 print boarding tickets flight home!Due construction bit awkward area get prepared pay extra taxi drivers know area well.Also, good note - French Bakery behind well pretty good restaurants close - (Nandos - Portuguese chicken really surprise) well bakery block half away.Otherwise, quiet.",0.15385964912280703,0.5552631578947367,Nov 3 2008
14,14,Bed Bugs Experience We would always choose Shangri la Dubai business trips. Our recent visit (Oct 2008) awful! staying room 3802 found bed bugs!We complained gave us upgrade suite 41st floor. The suite also bugs room!,-0.4583333333333333,0.48333333333333334,Oct 21 2008
15,15,"paradise! excellent hotel,emirates pick exclusive stopover program,this way dont need wait delayed flight marrakesh example,as experienced pick shuttles.we arrived early morning amazing room allready waiting us,even 7 hours check time!massive room,modern,still comfy.they suggested check go straight breakfast,because would miss &quot;our&quot; breakfast next morning due early night /morning departure.this honestly amazing breakfast ever had,beside buffet galore ,a chef would appeare frequently table ask may cook anything us:YESSS,he might!the building isnt beauty queen,but everything inside pure pleasure.staff,service,rooms...only minus!discussed TA:booked sup double room check fuss two unmarried people gender twin room....thats point cant follow.religion,religion,i know,BUT:1)everyone keen selling overprized beachfront villa dubai,2)i get drunk dubai3)glossy brochures telling city ahead time,las vegas yesterday!this hypocracy wont fit brain,sorry!why doesnt glossy brochure say:everyone welcome,except fags?",0.2699579831932773,0.5176470588235295,Sep 11 2008
16,16,"5* way A great hotel, fantastic rooms staff cannot enough you.Pool area good escape surrounding traffic surprisingly quiet. The spa also well worth visit.The side traffic, would expect Dubai.All great",0.31604938271604943,0.5802469135802469,Aug 31 2008
17,17,"Excellent overall experience This stay actually best stay ever!I arrived really late arranged transfer hotel, 2 fill papers check took directly room sign paper get sleep 5 minutes. The girl helpful kind whole trip asking time could assist me.Breakfast excellent 7 nights stay never took 10 seconds order never wait bill leaving normally quite anoying. Food quality alsy high tried restaurants service excellent well. I really recommend booking package since booked one included airport transfer, laundry, internet breakfast dont bother extras. I also want add people smiling almost time great unfortunatley Europeans used it...I 100% come back coming back Dubai even normally always change experience different hotels.",0.3404000000000001,0.5038499999999999,Jun 29 2008
18,18,"great rooms great price .. I stay first time dubai I group, I really impressed quality rooms price value I getting, really impressive, good service great location , I would choose many choices business travel.a definate come back",0.5725,0.6058333333333333,Jun 22 2008
19,19,"Top class business district We stayed Shangri-La back end honeymoon Maldives. We 4 nights deluxe room 32nd floor. We loved friendly smiling staff, well appointed rooms amazing breakfast!!!The room particular modern. I loved compact nature room, bathroom fantastic complementary bottled water needed day sight seeing.For us feel however picked location wrong. If looking holiday feel I would recommend somewhere beach marina. We assumed hotels would away action want something different trip Maldives city. Whilst I cannot fault Shangri-La full guests business feel quite walking around flip flops breakfast hard hitting business folks. Whilst Dubai three trip ISANGO I would def recommend. The City Tour ended lunch Burj al Arab. I would absolutely recommend compared booking lunch seperately worked VERY cheap indeed. We also went Wild Wadi finally Desert Safari included hour dune bashing. This I would definitely recommend.... apart waiting petrol station middle blistering dessert another 100 people arrive trip great ended BBQ desert belly dancer providing enterainment.All great (did I mention breakfast :) would prefered harbour area etc would holiday feel wanted continue in.",0.29153846153846147,0.6048076923076924,Jun 17 2008
20,20,"I loved it! I come back spent week mother sister. I thought great. The deluxe room 35th floor fantastic views sea. The breakfasts fantastic. The pool excellent (but get early), blew away service ALL staff, receptionists, door staff, waiting staff. NOTHING much trouble, whats none begrudging. (You would never get service like country - even top!) I like part Dubai, futuristic, though skyscraper trying neighbour. BUT traffic absolutey diabolical. The sooner metro built better, pick times carefully go old part Dubai.I would definately stay again.Oh save afternoon tea Burj Al Arab!",0.35781250000000003,0.5531249999999999,Apr 13 2008
21,21,"Out limb This property right far end Sheik Zayed road new building work going on. On approach 5* feel penned high rise buildings main entrance tucked around side. The problem location also everything cab ride away means 20-30mins cab ride 4-5 mile journeys downtown restaurants shopping.Inside well laid out, rooms well appointed although wary staying room eastern side (looking towards downtown) another tower block looking hotel.Food restaurants good - buffet breakfast excellent Vietnamese restaurant. Staff also attentive.",0.2757949626131444,0.6471448248720977,Mar 1 2008
22,22,"Good But Not Great I stayed Shangri-la 3 nights business.When I'd booked I asked twin room informed any- lo behold arrival one available two queen beds.Also booking we'd advised we'd arriving 8am person phone told us confirmed flights ring directly advise flight details help us get early check-in. I contacted noone could speak English enough understand I wanted do- arrived course room wait 6 hours room ready.At check-in desk others furious service level getting well.We eventually got room nice. It looked Sheikh Zayed Rd nice view Burj Dubai tower. The beds comfortable mini-bar well stocked. The bathroom nice well, one criticism water pressure low can't one great traveller showers people look forward to.There construction going round front made nightmare get taxi. We wait 30 mins cab I'd expect 5 star much better workaround things like happen rather wait hope taxi drives past.The staff friendly enough basic tasks seemed take forever- took almost 3 hours explanation get iron ironing board.The laundry service good staff pool area fantastic.At night bars come alive great place hang warned fill prostitutes midnight.There restaurants always busy, wanted try Chinese restaurant getting rude waitress decided go elsewhere.All reasonable price great looking property. It impressive look at, however long way go service wise expected 5 star hotel- experience service motel level.",0.28765624999999995,0.5598437499999999,Feb 29 2008
23,23,"Great hotel! We're fairly regular visitors Dubai never stayed Shangri La (though familiar excellence chain experience hotels Shanghai Singapore). This lived expectations - superb, stylish room sea view, fantastic service staff, great food excellent location midway Marina/Mall Emirates Creek. What could bettered? Well pool gets bit congested gentle pressure door staff use car rather much cheaper perfectly civilized local taxis avoided. Otherwise - absolutely excellent!",0.5267857142857143,0.6697802197802198,Feb 25 2008
24,24,"Good business location great service Stayed 2 nights business trip Dubai.Hotel SZR well located business trips. The rooms good size bathroom also decent size. All staff friendly give good service level. I eat hotel, decent 24 hour Lebanese restaurant 3mins walk away good snacks. The Balcony Bar good (and I see hookers stated another review) pool bar also good drink. Overall would stay again.",0.5482575757575758,0.5921212121212122,Feb 8 2008
25,25,"Return Visit Work commitments brought back another stay.This time team upgraded Horizon Club.I got type deluxe room 38th floor, time facing Sheik Zayed Road - altogether better back.Generally Hozion Club experience good. The limited choice breakfast suited rushing work, might enough choice someone wanting leisurely blow-out.At busy breakfast times staff pressure one occasion I gave waiting order walked out.There limited number tables HC buffet area (one great view sea) new no-smoking rules kicked quite kicked meaning could sitting smoking part lounge.In evening good place pre-dinner drink. Either help drink ask staff. Good choice drinks. If anything runs ask the'll refresh limited stock display. Some evening hot cold snacks delicious items display popular seemed go waste. Great presentation crisps nuts please!HC members exclusive access gym small pool. It's empty time - main gym much better equipped.Stay HC long enough get know name - personal greeting staff nice touch.The food main restuarants good quality service. The Marrakech Amwaj espeically good. A new evening bar opened pool called Eye Candy. I really enjoyed chilling - outside shisa cool music. It trip I realised Balcony Bar fills hookers midnight. Weird set tolerated must strict instructions initiate conversation guests.The pretty much full stay extend stay problems finding rooms. I upgrade &quot;Executive&quot; room back hotel. Larger floor space furniture exactly same.Having woken mosque dawn I thought I heard aeroplanes taking every seconds. It turned lifts - Exec rooms next lift shafts. This costing another 700 AED per day.After 16 nights time check move team newly opened Raffles great opening offer.",0.20871420246420247,0.5088245088245089,Jan 26 2008
26,26,"A wonderful 5 star My wife I stayed 5 nights end August 2007, obtaining special end-of-summer rate found Dubai based website (not hotel's). It hot Dubai time year and, second visit city, spent time hotel, umbrellas around lovely pool.It certainly best stayed at. The room large comfortable staff friendly, professional attentive. The choice food breakfast amazing variety quality.We single criticism Shangri-La would recommend wholeheartedly.PeterWellington, New Zealand",0.3570970206264324,0.5406035141329258,Jan 1 2008
27,27,"The people make difference! This strictly business hotel, I think one best Dubai. The Horizon Club Floor worth staying gives many facilities complimentary internet business center plus many facilities Horizon Health Club. So now, details.Location:Located Sheikh Zayed Road, right across DIFC makes excellent location want visit banks there. Only trouble is, DIFC across road, need cab there. Also, careful rush hour may take 30-40 minutes overcome short distance. As Malls, I go shopping much, easy get Wafi Mall Mall Emirates.Rooms:My first room basic room. It fairly small, desk. I upgraded Horizon Club room, made huge difference. It even desk much larger room before. The service also better, visit, breakfast, cocktails relax club room. The bed linen awesome, probably competes Westin's Heavenly Bed. The housekeeping attendant helpful ensure room needs perfect order. I'd commend Priya that!Club Lounge:Like I mentioned before, people kind hospitable. The whole team, Director Rooms, F&amp;B, Front Office Manager Horizon Club team (Wiwiek, Fitriani, Maria, Varun, Leah, Jhune many others) made stay enjoyable. They knew I wanted drink even cure hangover! They make remarkable team. As decor, smoking area looks classy, soft leather chairs soft lighting. There huge sofa sit watch tv plasma tv.Food:I manage try many restaurants. As business trip, I room service food lounge. Again, simple, yet good. The bircher muesli excellent too. Conclusion:This excellent business hotel. I think one top 3 Dubai. Although rates high, consider staying here. You disappointed, especially Horizon Floor.",0.3155343915343915,0.5928783068783069,Nov 16 2007
28,28,"Pleasant comfortable The Shangri-La Dubai built small narrow site, constraints, designed innovatively. As business hotel, delivers promises. Nice rooms (though smallish), good amenities (all toiletries Aigner), excellent breakfast Horizon Lounge, friendly staff, good coffee shop.You can't fault much, really. It one would go back without thought. In segment, takes.Good location Sheikh Zayed Road.Burj Dubai, world's tallest building, construction close viewed rooms..",0.3902777777777778,0.6322222222222222,Oct 27 2007
29,29,"Beautiful Hotel Beautiful Dubai. Excellent buffet breakfast, nice pool - limited seating, iron board room - must requested, unable walk businesses across street due highway, complimentary shuttle Jebel Ali Golf Resort &amp; Spa amazing beach, attentive front desk staff. Would stay again, expensive everything Dubai.",0.3066883116883117,0.7570779220779221,Oct 23 2007
30,30,"Horizon Club Floor Shangri La Hotel Dubai â Horizon Club FloorWe booked 2 single Deluxe one Premier Room Horizon Club Floor. Check 1:00 am, done 41st floor Horizon Club. It long process, professional. Premier Room Horizon Club FloorThese rooms 1.5 times size normal rooms (66 sqmt/710sqft), King bed, lounge area sofa, arm chair, work desk ergonomic chair, mini bar area, tea coffee facilities, lots cupboards huge bathroom. The Bathroom separate area toilet bidet. A large walk-in rain shower, Jacuzzi bath tub twin vanityâs. There lots toiletries Aigner, including shampoo, conditioner, shower gel, soaps, toothbrush paste, shaving foam razor, comb, sewing kit, nail clippers, emery board, cotton buds, make pads, cotton wool, shower cap. Both toweling cotton bathrobes provided together slippers.There huge fruit basket replenished every day, lots complimentary water provided. There console side bed controlled curtains, lights. There huge plasma TV screen could swiveled, could watch bed, seated. The room serviced daily, turn service evening.Deluxe Room Horizon Club FloorThese rooms 45 sqmt/484sqft, King bed, two arm chairs, work desk ergonomic chair, mini bar area, tea coffee facilities, lots cupboards huge bathroom. The Bathroom separate area toilet bidet. A walk-in rain shower, deep bath tub single vanity. There lots toiletries Aigner, including shampoo, conditioner, shower gel, soaps, toothbrush paste, shaving foam razor, comb, sewing kit, nail clippers, emery board, cotton buds, make pads, cotton wool, shower cap. Only toweling bathrobes provided together slippers.There fruit basket replenished every day fruit day, lots complimentary water provided. There console side bed controlled curtains, lights. There flat screen TV could swiveled, could watch bed, seated. The room serviced daily, turn service evening.Horizon Club Floor LoungeThe lounge area broken two areas â lounge, dining area. There also separate board room, office lap top free internet access.Breakfast served daily 10:30 dining area. It consisted fresh juices, fruits, cereals, selection pastries, Arabic dishes, Asian dishes. Eggs, etc., well pancakes ordered separate menu. Also tea coffee (including cappuccino, espresso, etc.) available. Service bit slow, one waitress serving time 16 people, however knew preference first day, would remember future breakfasts.As Ramadan, smoking permitted lounge area 6:00 pm.During day always fruit available, well sandwiches, cakes, nuts, smoothies, juices, water soft drinks dining area. You could also order tea coffee. This great service.In evenings 6:00 pm â 8:00 pm, canapÃ©âs served (both hot cold) together nuts, olives fruit dining area. Again Ramadan, alcohol served 7:00 pm. They served excellent Australian redâs whites, well beer, spirits soft drinks.Service Horizon Floor good, outstanding.On 42nd floor, separate gym, small (12 meter) indoor pool Jacuzzi Horizon Club Floor Guests. There also outside deck sun beds. We used Jacuzzi times, time, trainer gym provided us bottles water, cold face towels, lots towels bathroom slippers. A really good level service.DiningThe 5 restaurants, due Ramadan, Chinese International Buffet restaurants open lunch service. You could order room service time, once, happy serve Horizon Lounge (free drinks). We lunch twice Shang Palace (Chinese). Food excellent, authentic. Service first day great. Second day take order properly, missed dishes, asked us order desert time main course amongst others.SpaWe used spa several times treatments. They professional provided good treatments.GeneralI emailed visit told granny turning 78 visit, could something special her. I also told receptionist check in. Nothing done, disappointing. I also told vegan vegetarian, really suffered ordering menu, found kitchens willing accommodate change menu (we offered pay extra it).I ask concierge could borrow hire wheel chair, whipped 5 minutes cost 5 days there. This excellent service. Overall find staff professional courteous, quite Shangri La experience.",0.1739139515455305,0.4562019632414371,Oct 12 2007
31,31,"A great friendly staff always smiling saying hello A great friendly staff always smiling saying hello quick efficient service , itâs pity location good tourists. Having said many 5* hotels Sheikh Zayed Road including Crown Plaza, Dusit Dubai, Fairmont, Emirates Towers. I sure building work road construction complete better. Every evening local businessman arrived sat reception lounge business amount Bentleys Ferrari, B M W Mercedes car park worth fortune. The operates free shuttle bus Mall Emirates shopping ( indoor ski slope is) , Deira City Centre Jebel Ali Beach Resort get free voucher reception spend day towels provided. We superior room 38th floor well worth upgrade. The bedrooms large clean usual bath robe, slippers, fridge, kettle safe. Free bottled water provided day request require it. Fresh fruit put rooms every day. The bathrooms large separate shower bath. A choice pillows comfortable king size bed desk two easy chairs. Dunes CafÃ© offer wide range buffet food breakfast many dishes cooked fresh 6am till 10.30am. They serve lunch dinner. The Shange Palace great Cantonese cuisine also Vietnamese, Moroccan seafood restaurants. The Swimming pool side top multi story car park, access covered walkway floor 4. It sun beds 50 guests provide free towels, sun starts shine pool area 10ish. The indoor spa health club good facilities provide bath robe well towels. This second visit Dubai Shangri -La staff recognise greet like old friends.",0.3584298584298585,0.5345774345774348,Oct 5 2007
32,32,"OK nowhere near expectations On arrival, allocated room initially thought brilliant given early 8am arrival overnight flight - however seeing room apartment nowhere near luxury deluxe room booked. After 4 visits reception eventually moved correct room 10:30pm night!!!! Other that, food brilliant vietnamese restaurant really nice staff lovely. Excellent location main road terms amazing views buildings going - (they work 24 hours) world trade centre - depends want, city location - convenient malls.",0.4361111111111111,0.6105555555555555,Oct 2 2007
33,33,"good located middle hellish trafic jam , room next door noisy drunken arab party , screams prostitutes , insanely loud tv, drunk shouting arabic, yes nightime ramadan gulf. pool small sunbeds 15-20 tourists . I stayed 10 shangris worst, avoid like plague.",-0.1825,0.592,Sep 16 2007
34,34,"Perfect Another faultless stay Shangri-La property. Large, well decorated, spotless rooms, helpful staff, amazing pool area spa, ideal location Sheikh Zayed Road...perfect!",0.7628571428571429,0.8657142857142857,Sep 14 2007
35,35,"Outstanding!! My hubby I went Dubai 30th B-day 7th wedding anniversary. The amazing! The staff outstanding. We never open door!!! We arrived 6 oÃ§lock morning room booked 14.00pm tired asked could early check 2 hours wait room . ( mind fully booked wait somebody check went clean room us). For B-day I got really really nice chocolate cake card courtesy hotel. It nice gesture. The food gorgeous. You wait bit cook food good. The steak world, Nowhere England I steak good quite places!! It romantic service everything else world. Ignore bad reviews Shangri-La trust us dissappointed. The rooms spaciuos clean everyday got new toothbrushes everything. Free bottle water free fruit. The body lotion showergels make AIGNER ( expensive).We defenitely defenitely go back there. It great holiday!Shangri-La amazing. It hard us go another Shangri-La hard top.",0.25204124579124576,0.6409090909090909,Sep 12 2007
36,36,"Great business probably holiday A well appointed hotel. Everything Shangi La promises locations. The fitness center okay pool lounging exercising. The business property suited vacations. It loacated main hghway cuts Emirate, near places would want go. The Mall, beach, downtown areas 20-30 minutes taxi hotel. Additionally, reciprical privileges beach hotel/club 45 minutes away (and I told colleagues, somewhat tired property too).There much immediately around The restaurant served good tangine. The lobby restaurant served nice turkey club too.A good place looking functional, efficient business hotel.",0.3482051282051283,0.5125641025641026,Sep 2 2007
37,37,"Somewhat Disappointing First problem arrived 3am room wasnt ready!! Had wait get room ready.Staff good found hard understand Scottish accent.I also found tight handing milk things tea. The Milk regularly off!!!On plus side, room always spotless spacious.The breakfast buffet always full variety kept trying clean away plates still eating!!!The staff friendly welcoming.Ordering things room service took ages arriveDont know I would book again?",0.11428571428571428,0.5035851648351649,Aug 27 2007
38,38,"Luxury Treatment The Shangri-La Hotel Dubai excellent choice. Right enter treated like luxury. The receptionists extremely helpful. The 3 people working whose job open door you. The room luxurious extremely spacious. It minimum price pay higher floor, preferred view room, totally worth it. There many restaurants (such Starbucks, Pizza Hut, Applebees) within 5 minutes walking distance area extremely safe Sheik Zayed Rd. strip. Walking night problem all! The lobby buffet/restaurant exceptional highly recommended eat there! (Although prices insanely high). Taking city tour best bet see city. You see major sights within couple hours. A Desert Safari must! Taxis extremely safe, cheap, convenient. There lots taxis Dubai easy get one streets. Most major shopping malls (except Mall Emirates, Ibn Battuta Mall, Deira City Centre) within 5-10 minute taxi drive hotel. Make sure see malls well Wafi City Mall Burjuman Centre. Shangri-La excellent location I highly recommend it. Right across street Burj Dubai!",0.34913928571428576,0.6045460317460317,Aug 15 2007
39,39,"An Oasis desert My trip Dubai first Middle East. I wanted stay good I arrived... I realised hotels highest quality. The Shangri-La five star city centre ideal business trips. We went vacation found faultless every since word. At night I walked along cities Sheik Said Road I found area environment safe. The hotel's complementary bus took us beach, took hour get work way though city centre traffic. The location ideal tourists, take taxi's everywhere Shangri La's services made it. The great selection restaurants first class, I especially recommend hotel's Vietnamese restaurant.The pool area wonderful looked well complementary bottled water cool face towels. Of evening, hotel's bar relaxing expensive, even 5 star standards. The rooms contemporary great view city desert. My real disappointment I left Dubai feeling I really got know local UAE people everyone working service industry Far East.All said... If I ever return Dubai, I would seriously consider Shangri-La I good experience there.",0.2369047619047619,0.5825000000000001,Jul 30 2007
40,40,"superb I stayed March 25/07 - April 2/07 fourth visit Dubai first time Shangri - la, one best hotels iv stayed at.The room excellent, well sized, massive bathroom, great leisure facilities staff greatI could fault hotel, would recommend one",0.5785714285714285,0.6261904761904761,Jun 25 2007
41,41,"Good business - A1 location. Lacking ambiance plumbing trouble Stayed four nights late May 2007. Made use limo service airport transfer worth expense.Had requested early check-in provided studio apartments lower floors, avoided. After requesting proper room I moved deluxe room 36th floor â nice room impressive view.Had problems shower (water temperature couldnât regulated) toilet wouldnât flush. This took total four visits technical department fix.Amenities room otherwise top class except rooms equipped Wi-Fi. Broadband connection cable provided rather hefty surcharge.The gym, spa swimming pool areas worked well â good service, friendly staff nice atmosphere.I found guest service system irritating: When one calls main guest service number makes request (say fresh towels) call back within 15 minutes get confirmation request completed. Itâs necessary bother guest confirmation - relevant department report back guest service request completed. An ok five star business rather clinical lacking atmosphere.",0.24618055555555554,0.5118055555555556,Jun 11 2007
42,42,"A place stay access areas Dubai We chose Shangri La couple nights enable us shopping moving Jumeirah Beach area little town.We decided book one Horizon Club rooms worth it. Due Emirates flight arriving early morning chauffeur drive dropping us quickly, arrived early check in. However, advising staff Horizon Club guests, taken 41st floor check outside club lounge. We advised room would available 30 minutes asked would like breakfast lounge. This nice touch even supposed arrive 2pm. Following fruit/cold meat breakfast, omelette hot drink, shown room 40th floor overlooking Sheikh Zayed Road, Dusit new Burj Dubai still construction. We unpacked look around - pool Horizon Club guests (indoor) sunbeds large balcony shade one higher floors (42 I think). There also pool/pool bar/jacuzzi childrens pool floor 4 across walkway lot sunbeds umbrellas available use everyone. The pool area could get quite busy later afternoon always sunbeds available - sure would peak times though. Obviously business type hotel, pool tended used early morning evening. The lobby always busy people coffee etc lounge cafe ground floor nearly always full too. We particularly enjoyed Vietnamese (Hoi An) restaurant - service excellent also went chinese restaurant (Shang Palace) there. Again, good service, never offered dessert, coffee. I must admit, ask one see anyone else dessert either. The slight downside stay room service. On first day, left 9am, returning 3pm room made up. At 3.30pm received phone call housekeeping asking could come this, time decided go pool. We returned pool 6pm found done full evening turn service. Obviously still needed shower etc going dinner meant fresh towels morning could used normally change turn down. I raised checking could understand it. The club lounge served coffee/tea afternoon small sandwiches/pastries 6.30-8.00 served drinks (not champagne I've club lounges) canapes. Overall, nice club staff (reception lounge) good. I'm pleased stayed club room gave us peace tranquility needed following heavy day's shopping!",0.16957409812409807,0.448095670995671,Jun 10 2007
43,43,"Simply Sublime When visiting Dubai, itâs important stay somewhere classy city itself, somewhere prime location, somewhere thatâs going treat like star, somewhere thatâs going luxurious importantly somewhere brag get home. Where place? Well opinion, itâs Shangri-La.This beautifully designed situated end Sheikh Zayed Road, amongst largest modest beautiful buildings world. At 43 stories high offers jaw-dropping views city, allows see perfect location in. In distance see Dubai Creek, 10 minute taxi ride away, Jumeriah Beach 20 mins away, The Mall Of The Emerites 15 minutes. Everything easily accessible, thanks cheap taxis, affordable distance away, whatever budget.The essence business hotel, conjures wrong image, remove mind. This executive hotel, classy venue, sumptuous, luxurious sleep city! From moment step opulent lobby greeted around 5 smiling, happy, caring staff, know youâve made right decision. Everything wreaks class sophistication. It beautifully deigned, little touches working perfectly make feel home wonderful atmosphere.The features fine selection bars restaurants, world-class spa. The pool area vital due Dubaiâs heat, suitably large well designed. The attentive staff bring round drinks fruits help stay cool, relax palm trees thick comfy loungers soak rays.The secret staying Shangri-La stay one Horizan Club Rooms, highest floors building. That way treat extra special service. Youâre whisked floors private lounge arrive private check in, staff greet name rest trip. Everything thought done without intrusion, feel like honoured guest highest order.Being Horizan Club get use club lounge throughout day night, offering drinks, snacks, fruit, evening cocktails morning get lavish breakfast.The room something else, massive, expertly designed plain beautiful. Complete mod cons could ever want (including button bed open close curtains) thought everything. A room much bed, matter large comfy was. Itâs good overall design, good quality materials, well-appointed desks, chairs, sofas, bathrooms, Shangri-La all. The mini-bar little fridge, itâs little cocktail bar corner room, proper plates, glasses cutlery. It replenished daily water fruit selection.The bathroom incredible, huge comfy robes left use. It features oversize bath, marble throughout, separate toilet area, huge rain shower, fine selection toiletries.I seem get point review like this, I worry, Iâve written anything bad. I donât want people think Iâm writing puff piece hotel, ,as thatâs about, I tell like is. So I desperately trying think things wrong hotelâ¦ know what, I think two things. The first one one day bottle water I got lounge wasnât cold, second shower temperature sometimes changed bitâ¦ andâ¦ well, thatâs it. After four day stay complaints I had, know what? Theyâre even complaints, theyâre nothing, I really think hard remember them.So itâs fairly straight forward, unique, wonderful, world class simply unbelievable. Itâs close perfection get, itâs treat, delight jewel crown Dubai. An executive hotel, treats like star feel are.. could want?",0.19166184041184037,0.6052059202059201,May 21 2007
44,44,"Quality product round... Stayed Shangri La business 3 nights. Excellent service round amenities there. Room spacious full gadgets, bathroom extensive toiletries powerful huge head shower. Food room service pretty cost effective 5star property, time. Breakfast OK, 85Dhs per person buffet - unless breakfast king, charged yogurt coffee bit much, get stuck give miss.Staff attentive friendly. Only gripe check - system would accept credit cards, even though labels debit cards clear display front desk (huh?) send bill via email printer broken. But, true word arrived shortly afterwards major problem. Well situated end sheikh zayed road easy access jumeirah area central dubai, reviews, traffic awful deira - could take 10mins late night often 40mins peak times!",0.11708333333333336,0.6310000000000001,Apr 5 2007
45,45,"Nice rooms Expensive extras The stay began early 5am arrival Dubai airport, meet greet BEFORE customs, escort customs counter, help baggage carousel, advice best forex counters ride new S class Mercedes brilliant start. At AED300 return, must!!Reception inefficient Shangri-la concierge generally standard either.I given room early charge great. Suit shirt pressed within 2 hours - problem. The room bit small nicely decorated. Great views bath tub.Breakfast good. Overall nice spectacular 5* Dubai experience. Whatever do, DO NOT USE HOTEL PHONES TO DIAL HOME!!! This VERY expensive. Also Internet use Business Centre way expensive.Not best position leisure travellers, conference/business job. Not quite normal Shangri-La standards nice none less.",0.283168044077135,0.6164187327823692,Mar 27 2007
46,46,"Fantastic service I returned weeks business trip Shangri-La. The excellent, great service. I stayed club 'Horizon' level concierge club lounge different food presentations laid day. I expecting nibbles breakfast lovely continental spread cheeses fruit pastries etc., option cooked eggs, omlettes etc required. Restaurants great. A great business convenient location.",0.49000000000000005,0.69,Mar 20 2007
47,47,"Not liking Stayed Shangri La Dubai, looked great, arrived approx 7am , informed checking early. They unaware made request informed wanted check would pay full nights stay, advised use spa facilities 12pm. booked stay 3 nights (regret). finally got room, could fault. needed faxes sent taken relevant info reception - would think straight forward process, unfortuanlty case. Staff assured fax would sent required friend waiting airport needed confirmation booking get Visa Dubai. My friend called say recieved anything. called room fax sent hour later, prompted again, finally nearly 2hours waiting fax sent.Enjoyed little time spent hotel, staff spa area obliging, sure say front line reception staff , alittle rude liking (as cheap expect 100% standards service)",0.09779411764705882,0.5287581699346405,Mar 9 2007
48,48,"Fantastic Just Fantastic like Shangri-La hotel, good welcome staff keen assist. Rooms great nice view, modern comfortable, bathroom die for...Breakfast buffet choice massive healthy non healthy eaters. Tried chinese, food world, staff hospitable bit attention details would give 110%. (other two nights invited dinner business partners outside) The clean ans spotless complaints facilities. Try Dubai.",0.3492982456140351,0.5863157894736842,Feb 6 2007
49,49,"Good business Very good business hotel. The rooms well-appointed. The layout toilet/wash area excellent. I particularly liked amenities provided - Trussardi moisturiser soap. The club lounge nice touch, gym spa. However, grouse login process in-room internet little volatile. If could hotel-wide Wi-Fi network, would perfect!",0.48224999999999996,0.798,Feb 6 2007
50,50,"Very Good outstanding like Shangri Las are... Very Good Hotel. However, Dubai I expecting &quot;extra-spectacular&quot;, instead got &quot;spectacular&quot; - doesnt stand hundred (?) 5* hotels Dubai... Not cheap either.No specific complaints,other charged WiFi.Rooms Excellent; Large, clean. modern good bathrooms.The breakfast International buffet good, good value. Excellent food, choice, presentation value. Rooftop pool pool bar fine, tad small compared Shangri La hotels. Location SZ road OK, near beach old town.I would award marks say 10/10, whereas Shangri La hotels usually 11/10 !!",0.2787823498964804,0.523633540372671,Feb 1 2007
51,51,"Small details made difference We visited Dubai 5 days, encluding New Years Eve. Everything great, first moment f arrival. The staff great, helpfull (espessially reseption Vietnamese Restaurant), giving us possible information go, get asking afterwards enjoyed it!!! The Spa great!!! The food good wide variety. Our room (30th floor) wonderfull, temptation go anywhere else... A pity couldn' stay more...",0.3940712412587413,0.5629137529137529,Jan 3 2007
52,52,"Well placed city airport beach Christmas Dubai little strange made great effort.Our room 34th floor like reviews found lovley large room great views bathroom.The staff helpful 7 nights tried eating establishments good. The best Vietnamese closley followed buffet however room service breakfast pretty poor cold tea high payment anything juice bread.The spa wonderful, pool little small size Decmebr problem.The main advantage central places Dubai, OK little way beach beach people matter us.Not sure warrants 5 stars 4 star European hotels facilities.It busy business people seems popular selling point",0.2282224958949097,0.5245101258894362,Jan 1 2007
53,53,"Go better one this- prices immaculate- ain't Call party pooper place good, opinion obviously, write. At 1400 AED (Â£200) night price tag get internet free, don't. The service sloppy- (I fussy, truly bit incompetent). From admin issues (too long go into) speed service restaraurants lack knowledge employees within hote (too many people wondering around make look like high service hotel- isn't)Food wise- would recommended Vietnamese restaurant Chinese within (both good service second pretty poor- heard 2 3 tables complaining too) The Amwaj- middle eastern restaurant average price (Gordon Ramsey prices almost) food preocuppied esthetics original taste. The rooms nice views impressive (well much Dubai- construction mainly) Very dissapointed money costs. When supply starts outweigh demand I reckon start acting bit proffesional like smoked big riffa.",0.23771604938271604,0.4928395061728395,Dec 11 2006
54,54,Fantastic WOW. What wondeful stay. We three night stopover Istanbul Australia loved it. This place first class proffesional. The room fabulous 36th floor views ocean. All perfect. Stay there. Wisey SueVictoria Australia,0.47500000000000003,0.8388888888888889,Oct 30 2006
55,55,"Most wonderful I've stay - excellent My friend I booked last minute deal Trailfinders London, Â£477 4 nights including flights, breakfast. We'd never Dubai visit can't wait go back.We flew Virgin arrived 06:40, took cab DeLuxe room 9.00 clearing customs, picking luggage etc.Our room 34rd floor excelled expectations. Fabulous room, magnificant bathroom, fresh fruit, water lot.The quality furnishing excellent beds comfortable I've ever slept in.The staff enough us, even putting bookmark book I'd reading I'd left bed page turned - incredible.Breakfast feast, nothing could want have. Freshly squeezed juices, fresh fruit, seafood selection, cheese, salads, wonderful breads, hot breakfasts cooked order absolutely staggering selection.The pool, though large, superb swim bar fabulous staff. Cold flannels drinks brought round fresh fruit cocktails made order around Â£3:50.The buffet dinner staggering selection cost Â£18.00 including wine! It Ramadan visited I understand cost goes Â£22:00 total bargain. The seafood selection huge prawns could kept us going sushi bar, salads, huge selection hot food incredible quality (I'm running superlatives nothing could faulted).The whole 4th floor beautiful spa treated facials, massages top class. A 90 minute massage worked Â£50.00, half pay London similar experience.The situated Deira Jumeria perfect location none building works taking place close incredibly peaceful.We visited malls Souks experience themselves. The weather Las Vegas, buildings similar Hong Kong, shopping New York style throw Bahamas there. Incredible.I cannot recommend highly enough can't wait go back.",0.3335717805230001,0.6449811705909265,Oct 16 2006
56,56,"Great Hotel My husband I stayed August 2006 22 month old daughter. The great!Location: We found location convenient accessing shopping malls, restaurants,cinemas etc. Mall Emirates - 15 minutes drive, Deira city centre - 20 mins drive. Taxis expensive. Although bit away beach, u want really close beach would good choice. The offers shuttle service Jebel Ali beach, Wafi City Deira City Centre Malls.Service: The service excellent say least. The staff made effort remember name, greet smile,help way possible. The concierge helpful getting dinner reservations, cinema tickets etc. Special mention staff main door helpful, e.g helping us baby, shopping bags etc whenever got taxi. Rooms: They done really well modern touch. Our room 32nd floor great view city. No traffic noise although main Sheikh Zayed Road. Bathroom huge. Room internet access free! Baby crib provided soon arrived though small 22 month old! Food: Breakfast buffet best ever had. Have never seen much variety juices, smoothies etc. Ordered room service average. Vietnamese restaurant ok. All all, one best hotels ever stayed in.",0.3074208529565673,0.44916274201988493,Sep 12 2006
57,57,"Best Hotel I've ever stayed in! Me wife stayed Shangti-la three nights august start honeymoon.On arrival greeted two members staff knew names congratulated us honeymoon. And on. All staff welcoming courteous could enough us.The rooms wonderful also large. We loved bathroom. We floor 37 great views. The pool pool bar good, little small size. We tried buffet restaurant reasonable price great food (about Â£20 head unlimited buffet access soft drinks). Again staff great - welcomed retunred second night like long term regulars!.For large shangri-la great atmousphere lots sophistication.If want say somewhere bit market away beech hotels families, definitely place you. I dont agree comments I read tourists receiving level service bussiness travellers. In fact think received attention!Stay here!",0.3566142857142857,0.5216285714285714,Aug 24 2006
58,58,"Fantastic respects This fabulous hotel. Stayed 2 nights stopover. The staff enough, without obtrusive. rooms beautiful, especially bathroom. OK, drinks etc expensive, cheaper options within walking distance.Can thoroughly recommend it.",0.2357142857142857,0.8,Aug 15 2006
59,59,"Amzaing Hotel I stayed March 19-20 one night. At check-in counter upgraded suite free charge checked-in late.It really nice suite details pretty much taken care of. The house intelligent control (climate, light, radio &amp; tv) one single remote control next bed. The bathroom A plus signature bath tub. The bath room overlooks surrounding area Dubai mosty new Buj Dubai (the tallest tower world construction). You check pics attached. The breakfast lunch great almost everything look buffet dining.This must experience, aware one expensive hotels Dubai. Budget savers shall look alternative.",0.2434565434565434,0.5514485514485514,Jun 29 2006
60,60,fantastic place stay brother stay shangri-la.i stay many time brother stayed 1st time shocked.service/foods/room/you name great.and back summer,0.3,0.4666666666666666,Jun 12 2006
61,61,"Fabulous! We stayed Shangri-la Hotel October 2005.Rooms beautiful. Very modern amazing bathroom. Great views bedroom window Dubai.The pool area lovely although busy wait vacant sun loungers.Breakfast buffet restaurant good serving everything imagine sausage, eggs bacon etc, cereal, toast, fruits etc.Didnt eat restaurants night, Ramadam restaurants closed, however look nice. Nice bar area though. All together thought nicest ever stayed ( Dubai also cities world visited) thoroughly recommend travellers Dubai!.",0.4268269230769231,0.6776923076923076,Mar 15 2006
62,62,"loved shangri la My wife I spent Christmas New Year here,we excellent stay ,the staff enough us,we 41st floor terrific views,when come back stay here,but flying Emirates airlines,when arrived Dubai airport go home(UK)they informed us sold ticket someone else,there slogan apt,Fly Emirates,they certainly &quot;Fly&quot;",0.23896103896103893,0.5251082251082251,Jan 17 2006
63,63,Very Disappointed - Not Business Hotel I frequent guest Shang properties one scratch. It's open long enough teething problems excuse.I three key issues:- even though recently Business Traveller Magazine award &quot;Best New Business Hotel&quot; agonizingly slow speed in-room &quot;high speed&quot; internet laughable.- acclaimed (and expensive) Hoi An restaurant huge disappointment. The signature dish (Vietnamese prawns) over-cooked lacking flavour starter. Some wine list items stock- pool area bland I visited stech manure permeated airThere many luxury options Dubai I'd give one pass.,-0.13035353535353533,0.6075252525252527,Jan 10 2006
64,64,"Undecided Shangri-La!!!!!! I excited recently book stay Shangri-La Hotel Dubai. My partner I stayed incredible 5 star hotels around world never Shangri-La. I high expectations... We stayed 4 nights Horizon Club Room dates 02-06 November 2005. Even though flew Dubai First Class Emirates, I paid fairly hefty rate USD$500.00 per night... I think booked advance rates offered would less noted people reviews.We arrived early morning Emirates Limo greeted number people entrance hotel. No one however escorted us reception desk wonder ask someone check Horizon Club, said take elevator 41st floor, escort club check in. At 1am long flight little guidance would good.Check-in swift fast instructed breakfast next morning etc.Our room 41st floor impressive. Modern lot storage space, large bathroom excellent products refreshed endlessly stay deep bath tub separate shower.We soon found internet connection complimentary handy plug laptop ease.Bed large I would expect comfy. Room nice touches like could control curtains lighting beside bed.Breakfast: Breakfast taken 41st floor lounge Horizon guests. Breakfast nice, fresh nice range. However near good hotels I stayed in, however certainly nothing complain about.However second day breakfast walked around 9 tables dirty cleared. This maybe 15 tables breakfast room. We took last clear table sat down, whilst people coming us wait lot tables remained stacked plates around us. By third day considering eating breakfast main breakfast room guests sure range food etc. We always request eggs omlette menu never offered us often staff would bring something place front walk off, without word. This irritated I expect 5 star executive breakfast room...Horizon Club Lounge - The lounge open 24/7, staffs efficient asked number things make appointments us looking local information handled efficiently.Drinks available day alcoholic beverages canapÃ©s served 5-7pm daily. I found odd executive floor lounges I experienced served canapÃ©s wine day. The thing 7.10pm I went get second glass wine cheese find cleared away... 7pm sharp more!!!!Gym &amp; Pool - Fantastic Gym facilities 4th floor, facilities open whole hotel. Impressive Gym, new equipment, great separate changing areas men women including saunas steam rooms etc. Very good facilities.Gym small pool available 42nd floor Horizon Club guests, nice views equipped steam sauna... used level 4 every day.Main pool fourth floor, nice forget top car park...Overall - There lot things I enjoyed lot things I disappointed at. I spoiled staying hotels The Banyan Tree Bangkok service entire staff faultless...I would stay rate $500 per night, worth it, I would use better rate reviewers obtained... I also would forget Horizon club, rooms better standard rooms, get 2 hours day canapes limited small executive breakfast room 41st room hindsight impressive. The gym pool 4th floor better gym Horizon guests well....So quite simply I remain undecided hotel...",0.18661330917144872,0.5025648511695023,Nov 8 2005
65,65,"Shangritastic My girlfriend I spent 5 nights Shangri La absolutely loved it. Our king sized delux room 33rd floor huge comfortable well tastefully furnished.The king sized bed massive comfy, loads pillows, turned every night slippers cold water placed bed. Fresh fruit also left room every day clean towels robes required.A restaurents closed due Ramadan, ate two nights Dunes Cafe Iftar buffet. You could eat much wanted Â£20 head, food amazing. Our deal included breakfast, enough keep going day. The special juices served laboratory test tubes gorgeous egg chef fantastic omlettes!Make free transport entry Jebal Ali beach resort 40 minutes coast. The shuttle bus provided leaves three times day. Jebal Ali lovely beach pool great place chill get tan away hustle bustle city.If want travel 30-40 minutes Jebel Ali, nice pool, although get quite busy, get early stake claim lounger!Having paid Â£555 each, inclusive flights Emirates, trip bargain I problem recommending Shangri La anyone, real gem place, friendly service, great food classy rooms.",0.25158606150793644,0.5979786706349206,Oct 16 2005
66,66,wow service wow husband business I went along. lovely service world. splash go horizon level staff simply wonderful. The club lounge wonderful food. You even pool gym top 42nd floor.,0.5428571428571429,0.8928571428571429,Oct 7 2005
67,67,"Great without Dubai tack Stayed fortnight July whilst working Dubai loved every minute! The Shangri-La right end (what currently least) row Shk Zayed Road, others said, taxis cheap whether heading malls city.Rooms - Well I standard room 33rd floor great views thru floor ceiling windows. It immaculate fault - range lighting options, good set TV channels, biggest bed I've ever slept loads wardrobe space. The desk area comfortable free broadband internet access - useful working away. The bathroom massive! With huge tub, seperate shower cubicle multiple shower heads. Another plus point great toiletries Shangri-La put bathroom - much better usual basics.Dining - I ate couple evening meals hotel, Chinese restaurant Dunes; buffet restaurant (where also breakfast morning). Overall... well quality good - nothing hugely adventurous, little expensive side. I fall love chocolate fountain dessert section Dunes however! The range breakfast huge, pancakes maple syrup die for!Leisure - Used gym pool times. The gym large range equipment, well maintained, also squash courts energetic. My complaint sauna steam room (in men's section least) fairly small. The pool beautifully landscaped range seating areas really nice hardwood loungers furniture - easy forget built top car park!Service - As Dubai hotels, service high standard. The little touches nice - laundry coming back wrapped tissue paper bamboo box, orchid inside surprise. Overall - A great business - nice large, comfortably furnished room great come back end every day. If want spend time beach, go one Jumeriah hotels. If happy pool seeing sights instead, I can't imagine there's Dubai offers good location facilities.I go back week later sadly stayed Towers Rotana (a couple doors down) - believe me, contrast enjoyable.",0.23586772486772487,0.528834656084656,Sep 17 2005
68,68,"Good short break Firstly, I would love given 5 stars. The reason I giving 4 stars forgot come airport pick day I arrived, despite arranged them. After lengthy phone call front desk, speaking 4 different people, I advised get airport taxi hotel! This cost 40 AED, opposed 120 AED transfer would cost. It big issue, overshadow first impression place.The taxi incident however soon forgotten remainder 3 night stay completely faultless every way - staff, service, food, rooms, pool &amp; spa wonderful. As would expect Shangri-La, decor tasteful luxury, done perfection. This stark contrast glitzy tack see famous Dubai hotels!I Dubai business, I would say perfect business trip short weekend stopover really bothered moving far hotel. The location away beaches near business district, however fantastic rooftop pool adjoining spa I used extensively spare time. Taxis Dubai however cheap plentiful, creek beaches within 15 minutes like. The Deluxe rooms come free internet access (LAN point) came useful.Would definitely return business leisure!",0.29903846153846153,0.6028846153846155,Sep 14 2005
69,69,"Business Hotel My wife I booked apartment Shangri-la. Room OK Microwave, small fridge electric hob. The bathroom shockingly small. The bathroom much bigger standard room kitchen - would used anyway! We decided upgrade premier room Jacuzzi. This room fantastic cost us extra AED300 per night. We also got access Horizon club serves free alcoholic drinks 5.30 7.00pm well canapÃ©s. Not many people used though place lacked atmosphere.Breakfast great - eggs, waffles pancakes made order open kitchen.There limited leisure traveller focus business travellers. This became even apparent went meal Jumeirah Beach Hotel (Go West). This place full people vacation place lively great atmosphere!Facilities good. Jacuzzi, Steam, sauna, outdoor pool large gym Squash court. They also small indoor pool staying horizon club rooms.Staff friendly service great. Highly recommend next visit I would probably stay Jumeirah beach atmosphere!",0.21606268731268732,0.5062087912087911,Sep 2 2005
70,70,"Fantastic room friendly staff We stayed Shangr-La Hotel Dubai 4-11 August 2005. We upgraded room got Horizon Ocean View Deluxe definately worth it. The room fantastic breath-taking views, service impeccable staff helpful. Definately reccomend it!",0.43928571428571433,0.6214285714285713,Aug 24 2005
71,71,"Good leisure travellers bother Horizon club Just got back week long stay Shangri-La, stayed Horizon Club room, hinsight leisure travellers bothered gone deluxe room felt business man suit-Horizon club staff dont really want know you. Also arrived breakfast mornings find staff clearing food away half hour breakfast supposed finish! would expect 5 star hotel. The pool beautifully landscaped staff friendly, Dunes cafe buffet also outstanding great value money, actual location great taxis cheap feel location affected holiday.",0.25476190476190474,0.5029761904761905,Jul 10 2005
72,72,"A bit disappointment Whilst travel agent prepared us wowed hotel, I was, overall, little disappointed stay here. The location, firstly, busy highway connecting downtown Dubai beaches Dubai - long stip skyscraper office &amp; apartment blocks hotels, assortment fast food outlets ground level these. Whilst lovely spa area &amp; well landscaped pool deck, location left feeling like I staying 'nowhere particular'. This helped fact hotel's complimentary beach &amp; mall shuttles ran infrequently, although taxis thankfully plentiful cheap.The bedroom well appointed - large airy, huge slate-tiled bathroom stunning view coastline 2-3 miles away. Modern design, room could, however, almost room modern hotel. It lacked character two weeks I struggling recall decor.The featured number upscale restaurants public areas span first 4 / 5 'balconied' floors building. We took breakfast property - good buffet dramatic theatre-style cooking speciality items omelettes waffles. The service friendly received stays UAE hotels, less attentive polished.Overall reasonably safe bet couple nights stay - lacking 'X' factor me.",0.12511507936507937,0.4661190476190476,Jun 29 2005
73,73,"Better beach hotels!! We returned true 5* experience Shangri-la Dubai. We booked Emirates stop-over package way back Mauritius got amazing deal compared normal rates!We also stayed Jumeirah beach easily matches high standards! If go wont disappointed. This excellant location sheikh zayed rd equidistant city &amp; karama (for shopping) jumeirah beach (for visiting hotels etc-well worth it!)The rooms beautifully furnished pictured amazing bathroom! We perched 29th floor sea view also nice.The pool great! One biggest city hotels (free-form palm trees swim bar.) plenty sun beds go around.This little gem alot people would class business due location, happy spending 5 days holiday there!!All fantastic stay staying future!!Enjoy",0.3422420634920635,0.6040634920634921,Jun 27 2005
74,74,"Luxurious Shangri-la! We returned week Shangri-la Dubai, true 5* experience! We super-deal Emirates Airlines stopovers paid Euro 150.00 per night, including buffet breakfast (and breakfast!!!) 3 people, service tax. We 3 years old daughter Dubai 4 times really enjoyed staying hotel, 38th floor, making use superb pool fantastic beach facilities (included room rate!) Jebel Ali Resort. Frequent transportation beach also included, well free rides best shopping centres. The even able provide complimentary pushchair use throughout stay. I business loved complimentary use broadband internet room, size decor room, huge perfectly appointed bathrooms convenience location. They also great restaurants (Moroccan, Chinese, Vietnamese) convenience number good (and reasonably priced) restaurants doorsteps. I stayed many 5* properties worldwide, found Shangri-la Dubai one best. Dubai full unbelievable hotels: give Shangri-la try sure disappointed!",0.4219230769230769,0.6755341880341881,Jun 6 2005
75,75,"Great Emirates Stop-over We stayed three nights stop-over Emirates flights Singapore Glasgow. This resulted much reduced room rates. The expectation Shangri La establishment - big beautiful room 30th floor, fresh fruit, including stuffed dates. The breakfast excellent, including huge selection fresh fruits. We ate one night Chinese restaurant - great meal, two days later met Maitre Di there, outside, greeted us name, ask enjoying visit. The beach, concern us, wanted taste Dubai. Getting old town five minute run taxi, cheap, even trip Emirates golf course, half hour traffic, less Â£3. One coming back, gave us detour Burj al Arab, allow take pictures, less Â£4, driver friendly.Two ideas meals I would recommend Noodle House Emirates Towers, Spectrum One Fairmont. At latter, approached bar receptionist, advise us went eat 8pm, 41% discount food- - choice 8 different types kitchen- superb.",0.2510416666666666,0.4385416666666666,Apr 3 2005
76,76,Superb! Fresh friendly.,0.5958333333333333,0.7166666666666667,Mar 23 2005
77,77,business leisure,0.0,0.0,Mar 20 2005
78,78,Great business,0.8,0.75,Mar 17 2005
79,79,Was I Dubai?,0.0,0.0,Mar 17 2005
80,80,Absolutely fabulous,0.4,1.0,Feb 13 2005
81,81,first class,0.25,0.3333333333333333,Jan 24 2005
82,82,Very little fault.,-0.24375000000000002,0.65,Jan 18 2005
83,83,Heaven desert,0.0,0.0,Dec 10 2004
84,84,fantastic,0.4,0.9,Dec 2 2004
85,85,Paradise Dubai,0.0,0.0,Nov 2 2004
86,86,?????????,0.0,0.0,Oct 25 2009
87,87,Gutes Business Hotel,0.0,0.0,Jun 15 2009
88,88,????????????,0.0,0.0,Dec 27 2008
89,89,Shangi-La empfehlenswert,0.0,0.0,Jul 26 2007
90,90,HÃ´tel de grande qualitÃ© au service personnalisÃ©,0.0,0.0,May 23 2007
