,Unnamed: 0,Reviews,polarity,subject,Dates_extracted
0,0,"Decent affordable expensive city I researched extensively middle eastern trip found accomodation Dubai quite pricey general - thing cheap hostel city. Dubai Nova one relatively affordable decent (no noisy/sleazy nightclubs) hotels well located part Dubai - still 'Bur Dubai' side close Deira side, near famous souks around corner Dubai museum worth visit whilst Dubai. The room clean adequate satellite TV.",0.11222222222222222,0.44666666666666666,Jul 31 2009
1,1,"Clean Honest Great Location I stayed Nova Dubai February 2009. I researched Trip Advisor first get feel say reviews correct. This clean, economical, well located hotel. A couple blocks North Dubai Creek area great restaurants river. Dubai centre less A$10 cab fare away (outside peak traffic). I stayed single room fine, window bathroom. I business room served place sleep.",0.2972789115646259,0.5974489795918367,Mar 12 2009
2,2,"Ok price I stayed Dubai Nova November 2008 2 nights. It situated good location, right heart Bur Dubai district. The great thing staying area experience 'old school' Dubai...a far cry massive constructions taking place end town.The room large clean, dated. The bed extremely hard, I trouble sleeping. Not much natural light room either.The breakfast included ok, expect anything flash!!! I ended tea, cereal toast!The staff ok, times I felt really interested overly helpful. I lost mobile phone hotel, make huge effort look me.Overall, stay Dubai Nova ok. Not flashest town, good location. Not sure I would necessarily seek again, ok I needed.",0.29795200892857143,0.6095171957671958,Dec 11 2008
3,3,"Perfect stopover budget We recently returned first visit Dubai, spend three nights Nova recommendation Trip Advisor contributors. We looking something cheap cheerful use jump point onward journey Europe. The staff pleasant parts extremely clean. Our room massive, separate anti room bathroom, however window. This really problem simply wanted clean place stay shower great. Lots hot water pressure. We third floor 'back' everything whisper quiet. This budget - however suited needs perfectly. The bonus breakfast. This old part town ( Indians rather Arabians), breakfast reflected this. After first morning hot milk cornflakes opted Indian - naan bread three different curries. I heaven. My half omelete morning - individually made fillings choice. Being situated old part Dubai able walk everywhere two minutes textile souks short water taxi (A$ 1) gold spice souks. The across road ,almost, Dubai Museum, definitely worth visit - spend 1 - 2 hours there.",0.24624999999999994,0.5115646258503401,Oct 24 2008
4,4,"Great little We stayed Nova pretty good reviews must say disappointed. room large well air conditioned, Its 5 stars price great.the Breakfast ok catered Asian included curry parathas. overall would recommend location cheap price",0.19334415584415582,0.5025974025974026,Jun 2 2008
5,5,"Great location! Great value money! Had never Dubai booked via internet. Turned best locations explore Dubai city! It's opposite Dubai Museum, minutes' walk Dubai creek, heritage area Bastikayah souks. We got enooooormous room. Clean. Staff friendly helpful. Quiet. Only downside breakfast. A poor spread - BUT excellent breakfast place two minutes' walk away - Basta cafÃ©! I would definitely stay again. A good choice travelling budget.",0.3879761904761905,0.570952380952381,Mar 12 2008
6,6,"Fantasic location I stayed Nova 3 weeks. Yes three weeks! I chose price decent reviews I read I regret decision. The room basic clean safe staff always helpful. The located one interesting areas Dubai, full Indian textile merchants near creek market area. When traveling budget could pick better place stay. I would highly recomend anyone looking save money experiencing Dubai.",0.31433333333333335,0.49816666666666665,Mar 1 2008
7,7,"Good value good location My husband I stayed Nova recent visit Dubai. We needed budget hotel--not easy Dubai another reviewer mentioned-- decided go Nova really wanted something downtown wanted something clean. We loved location (although I think lucky room main street). The staff friendly helpful. Internet available good rate. There different categories rooms. Indeed, 5 star hotel. The rooms big room modern. However, clean cleaned every day. We everything needed. Breakfast simple, budget, toast coffee tea enough. Remember different kinds guests everyone's idea good breakfast different. If want hang pool hotel, pay extra money go luxury hotel. You find good deals online. Because wanted time this, decided pass second half stay nicer hotel. Unfortunately, nicer pay extra things like breakfast pop get bottle water quick snack even pleasant evening walk. Overall, particularly liked location, fact clean safe, would recommend couples budget.",0.277671568627451,0.5158963585434173,Feb 1 2008
8,8,"Not place stay We tried book property number well know web-sites got confirmation due time. So decided call reserve directly. They charged triple room/occupancy upon arrival said rooms booked take double room extra bed refund. When checked room found smelly, wash room broken, horrible atmosphere. Up complain front desk said best room offered us. After waiting two hours kids lobby able show two rooms similar problems little less smell. We choice stayed there. We paid $150 night room room/hotel worth $30 night. The front/entrance pretty neat good actual inside, halls rooms maintained decades. Also broken AC/electric switches, iron creepy TV. We strongly recommend AVOID hotel.",0.038293650793650776,0.4476190476190475,Jan 16 2008
9,9,"Not bad We stayed 3 nights found fine. The centrally located shops, banks restaurants. The museum walking distance. Rooms spacious. Staff curteous. Hotel busy shopping area, didnt hear noise rooms. Breakfast available fresh omlette made order.",0.08611111111111114,0.4361111111111111,Jan 8 2008
10,10,Really Disliked This Hotel We stayed Nova Hotel Dubai 19 20th september. We booked paid nights however upon arriving finding condition room unacceptable left following day booked another hotel. The porter excorted us room I try keep open mind I noticed curtain end passageway covering construction work. Hoping opened door would better unfortunately not. The bedspread cigarette burns - ask non smoking. The room really rundown. The bathroom shower rod held toilet tissue. There window looked ugly wall. Construction work hammering started room 8am next morning. I could get fast enough. We travel world travel 8 months every year 3 years stayed thousands hotels. I sorry one work I like posting bad reviews however though public aware. thanks Julie Heady,-0.0675438596491228,0.3912280701754386,Dec 18 2007
11,11,"Dubai's best kept secret Lets face it, visiting dubai cheap! All hotels run $200 USD (including Holiday Inn, Novotel Ibis) Dubai Nova offer service less half cost! Its convenient location walking distance creek, dubai museum, gold bazar... Its also $12 USD cab ride away major attractions!The offers basics, however expect 5 star luxury since installations somewhat outdated. I felt safe leaving valuables room staff extremely friendly eager please .PS. Dont forget try shawarmas across street!",0.046875,0.37440476190476196,Nov 26 2007
12,12,"5* value This offers tremendous value money location good. 3 double delux rooms 4 nights cost Â£534.00. Had 3 kids &amp; 1 teenager part party. All content happy throughout stay. Hotel staff polite ready help. (4th floor shower good low water pressure - got moved 3rd floor mentioed it) Rooms clean, spacious was'nt worried valubles - party went gold buying. I thought location great. Its Old Dubai developing mertopolis good thing many shops within vicinity seem cheaper, bought mobile fone saving Â£10-15. Opposite fantastic Shawarma place. I noticed locals many staff eating there. I strongly advise try fruit cocktail (about 30p). sold I reckon Â£3.50. So good nothing artificial. Things - Desert driving, wadi water park, Burj Al arab tour, river cruise &amp; meal, aranged tour desk independant staff trust worthy. Maybe I lucky I dont know, I booked place reading reveiws, anybody else I would recomend place good, clean, cheap place stay someone wants rest, wash eat breakfast leave belongings somewhere safe. If want swimming pool, yoga classes general want hang around self rather explore Dubai may enjoy Nova.",0.31698924731182804,0.5329569892473117,Oct 5 2007
13,13,"I recommend Hotel Nova I stayed Hotel Nova four nights April, 2007. It first visit Dubai. I booked single room allhotels.com $76 per night, including taxes free breakfast.I selected Hotel Nova one hotels price range bad reviews websites, location looked good, within budget.I impressed entirely satisfied hotel. My room nice, cleaned well daily. My room balcony. The refrigerator, airconditioning hot water worked well.The staff helpful friendly. I contacted prior arrival, communicated email, answering questions advising me. I much appreciated this.I requested quiet room. It appears rooms quiet hotel's outlets (shows) separate building beside hotel.The location fantastic, close river museum. I would definitely stay again.",0.28255102040816327,0.5157596371882087,Apr 24 2007
14,14,"Dubai Nova convenient affordable We stayed two nights Dubai Nova end September 2006. Our room certainly renovated, spacious, like suite. The pillows could replacement. The bathroom clean spacious. Unfortunately fridge work, air conditioning thankfully did. The staff obliging arranged discounted tours us. Breakfast morning buffet included traditional local cuisine. The Dubai Nova budget short walking distance Creek, across Gold Soulks short drive airport, us convenience good. Because proximity cost I would certainly stay short stay.",0.12106227106227106,0.47637362637362635,Oct 16 2006
15,15,??????????,0.0,0.0,Sep 17 2008
16,16,Gutes Hotel zentraler Lage unweit von Dubai Creek und Museum,0.0,0.0,Jan 31 2008
