,Unnamed: 0,Reviews,polarity,subject,Dates_extracted
0,0,Revolting disgunting unpleasant I stayed 3 nights say probably one worst hotels I stayed I travelled around China! I paid executive suite I arrived shown shabby smelly room I questioned told rooms executive suites - complaining I eventually moved cleaner smarter room. The breakfast awful quite frankly although people might think 60 pounds night reasonable - I beg differ. There must cleaner places stay - take advice find somewhere else!,-0.6,0.8875000000000001,0.8875000000000001
1,1,"What price put safety? Cheap &amp; cheerful studios basic 3 star facilities cheap &amp; cheerful family atmosphere. Then start getting electric shocks kitchen, replace cooker 2-pin unearthered hotplate tell use sink. After 3 days nonsense reluctance take wife's concerns seriously (one shock flat back floor), refused offer refund form compensation, left handed problem Dubai Municpality Health &amp; Saftety department. A pity - stayed Ramadan year, looking cheap digs away crowds, appears much commend it. However, price would put safety using kitchen appliances?",0.1451388888888889,0.4513888888888889,Nov 21 2009
2,2,"""Well good"" daughter would say............ I found reviews helpful booking judge yourself. I travelled teenage daughter &amp; friend (half term hols).... &quot;well good&quot;. I booked asiarooms.com, describe 4 star, quite idea 4 star lacked certain creature comforts delivered others things. The location great 10/15 mins walk heart Bur Dubai &amp; close enough metro station Khalid Wal Al Bin &amp; Burjuman mall, pool served purpose... cool heat morning, sauna &amp; gym ok too. We tried food/room service &amp; good &amp; reasonable priced. The rooms clean &amp; comfortable basic hey slept there... staff friendly helpful...would I recommend it? definately yes.......",0.3074523809523809,0.5595396825396826,Oct 31 2009
3,3,"Cheap cheerful(ish) We simply wanted somewhere sleep visiting family vicinity Dubai. The studio apartment like Travelodge room, open plan kitchen. Our room first floor back view straight another block flats, near air-con system. If holiday, would bothered us would asked another studio, upgraded one balcony. The studio spacious comfortable kingsize bed. The kitchen basic crockery/cutlery, large fridge/freezer, kettle, toaster, washing machine, two-ring electric hob, plus microwave. There supermarkets nearby easy self-cater, made breakfast. Also 24-hr room service. It always easy walk outside flag taxi.Downsides: We could get safe open and, despite asking twice, never sorted out. (We left valuables family).You get two towels bewteen two people - one hand towel bath towel! One day room serviced, ask reception clean towels. Meanwhile, overheard someone complaining room serviced two days...But hey, cheap chips and, another reviewer already said: You get pay for.",0.19736652236652238,0.48861832611832606,Oct 29 2009
4,4,"You get pay for! We choose Jormand Hotel Apartments Lastminute.com reasonable price 5 nights needed well located base. We previously stayed Dhow Palace, across road, knew area good. The within walking distance Spinney's groceries etc. We able check 9am, positive whole experience hotel.We stayed room board thought would fine kitchenette - however crockery appliances dirty, short supply old. The electric portable hob originally room work however complained replaced promptly. One positive point fridge/freezer big. The room clean basic. The TV changed work. There 1 pillow bed irritating. The iron steam iron board stand firmly. The bathroom awful. Please see photos! They gave us one towel each, caused problems trying wash hair. Also, shower minute scabby, old, dirty shower curtain stuck you. For first 3 days one came housekeeping. I go everyday looking trolley get toilet roll. After 3 days I asked reception could bed changed fresh towels. The receptionist looked I stepped another planet.Every morning, around 8am staff member knocked door asking wanted send laundry -that pay for. This really annoying especially room washing machine! On last night ordered room service, arrived promptly. Despite described menu 'Half Pounder' burger tiny, even quarter pounder, hugely priced! Neither 2 computers internet access guests worked stay The staff seem care this.Overall, poor. It clean service poor staff uninterested.",-0.030182595182595175,0.5754292929292929,Sep 27 2009
5,5,"Very good value money!! Stayed 8 days Sept 2009. There two hotels close other, one called Jormand Suites one called Jormand Hotel Apartments. Got taxi apartments taken wrong one begin, slightly confusing. Lovely appearance lobby plenty parking outside renting car. We room 5th floor balcony. Rooms spacious, loads storage, kitchenette fridge microwave fabulous. Cleaned almost every day I found come round quite late, sometimes later 4pm evening, time I hung &quot;privacy&quot; sign room cleaned twice late was. Room service quite cheap arrived quickly. Air conditioning godsend heat! Location Mankhool area, far shopping centres etc. The beach far taxi, got taxi times Â£3 get beach. Rooftop pool quiet jacuzzi nice. Didn't chance visit Gym Sauna looked ok. I found incredible value money. When I return Dubai I shall stay nearer beach, bothered close fab. Everything Dubai spread anyway ! Overall great stay!",0.18090277777777777,0.5557638888888888,Sep 21 2009
6,6,"Very Comfortable Hotel Nosey Staff I stayed 7 days/nights mid-June. The intial room given malfunctioning AC (an important feature given 47 degrees outside). After complaining, staff happy upgrade room balcony. The room large plenty storage, cable TV kitchenette facilities. Room service prompt, well priced tasty. The roof top pool clean hardly used quite private sit there. However I found staff reception nosey would always ask activities day ask much I paying it, offer set &quot;business partner.&quot; I found rude annoying. location okay (close Bur Jurnman far DCC Malls) wanting head beach/nightlife, would wise choice.",0.193952380952381,0.6463492063492063,Aug 22 2009
7,7,"Value money! This apartment good value money. I family (aunts cousins) 7 days. The staff friendly overall service good. There 24 hour room service food great. The room spacious (including kitchenette, fridge, tv) cleaned every day (hang cleaning sign!). If lucky get room balcony. The bathroom also clean enough soap etc. They say Meena Bazar 10 minute walk, not. So want walk sun better take taxi. There lot taxi's around that's ok. Breakfast served lobby, many guests enough tables seats. Also breakfast enough guests. So that's loss. But overall I truly say good value money apartement.",0.3783333333333333,0.5055555555555556,May 25 2009
8,8,"Good Accommodation I stayed Business Trip prior departure, find reviews it. However, I found well suited needed for.The rooms spacious enough beds really comfortable. The wadrobes huge, bathroom reasonable size real change water temeperature. The toiletries give good.The kitchenette absolutely fantastic, mini-mart opposite (next Dhow Palace - great place evening drink way meal out) offers great prices, save good deal money.As breakfast, basic buffet options, cereals hot food, Muslim country, eat &quot;beef bacon&quot; &quot;chicken sausage&quot;, sounds quirky, beef bacon absolutely lovely! You also dinner room service one night whole variety meals, really nice cost.Staff friendly, lady desk quick ordering taxis. Apparently there's roofside pool, business trip I get sample unfortunately (a real shame I brought bikini case!)One evening, managed venture Bazaar, realised could walked near! We realise initially seemed really quiet area.Definately good I believed paid, I would highly reccommend whole use visits.E-mail need tips advice.",0.2683333333333333,0.4967204301075269,Jul 17 2008
9,9,"Good Value fairly central loction Stayed NOV07 booking rooms thru AsiaRooms. Website easy use instant confirmation. This htl offered tranfers. However upon arrival, transfer late 1 hr. Had call htl driver couple times. Check smooth recception kept passport several hours upon prompting returned pp. The apartment style rooms comes washer, cable tv, kitchen, air-con etc. Overall aprtment worked us clean bright. Not much views touring anyways.Taxis (all metered DXB) available hotel. Htl small pool small gym roof.Breakfast sufficient small sized htl - stocked hot continental items. It isnt 5 star spread would get 5 star htl againin DXB, htls generally expensive 5 star htls budgets.Transfer htl airport quick however reception made us leave htl much earlier expected commented traffic would haeavy hour long jams - took us 2omins - go figure.Overall decent tourist htl aprtments needed.",0.075,0.5031944444444445,Jan 3 2008
10,10,TrÃ¨s bon ! A recommander !,0.0,0.0,Mar 27 2009
11,11,Bon Rapport QualitÃ©/Prix,0.0,0.0,Dec 12 2008
