,Unnamed: 0,Reviews,polarity,subject,Dates_extracted
0,0,"wow short words HEVEAN cozy relaxing plus great location right behind uae mall, stafe kind nice",0.2232142857142857,0.7419642857142857,Oct 6 2009
1,1,"Plenty Space Well Located Good Value Money Just came back business trip Dubai stayed 4 nights.I given one-bedroom apartment (this apartment hotel) sitting room, dinning area well well equipped kitchen washing machine - plenty space.I stocked fridge drinks bought small supermarket right opposite hotel.The team helpful friendly. They organised airport pickup ways (from Abu Dhabi Int'l Airport).It took 25 minutes Convention Centre therefore convenient. It hour Abu Dhabi airport.Breakfast served cafe area restaurant dinner. However, offer room service, good choice, required. I found Thai takeaway round corner well.Having said that, I spent every evening food courts Hall Emirates (the one indoor snowy ski slope) trying sorts cooking walked back - 10 minute walk.The surrounding area lot building sites everywhere Dubai moment. The sound proof good I hear anything.There gym sauna steam room top floor although I use facilities.Internet access availabile free I made good use it.",0.24266917293233078,0.40845864661654135,May 21 2009
2,2,"five stars arriving late knowing expect,we suprised size rooms,the large bedroom ensuite plus another bathroom hall,fitted kitchen washer/dryer,small bacony unfurnished great view building work opposite,we counted 13 cranes various sites around hotel,but weather ,rained everyday!! dust sand problem,a 5 minute walk Mall Emirates buy food large &quot; Carrefour&quot; supermarket,kitchen 2 hobs microwave catering /cooking possible,self catering,crockery utensils,the reception staff housekeeping polite helpful,tv quite large sitting room 3 english channels BBC Hallmark...but hey,we stay watch TV..side lighting standard lamps plus ceiling lights,will stay again...and ..",0.09366883116883117,0.4577922077922078,Apr 16 2009
3,3,"worst worst ever stayed before. construction sound sound inside itself. staffs sleeping reception. check time saw bald headed guy standing behind reception national clothes slippers receptionist. talking non sense asked regarding noise drilling upper floors.horrible. introduced manager.first time see manager slippers standing behind reception. rooms clean asked service twice, didnt provide me. hotels provide service according guest. food fine mark.i never recommend anyone.",-0.13518518518518519,0.6000000000000001,Apr 5 2009
4,4,"Best value money Stayed Star Metro Al Barsha can't say anything negative all.Excellent appartment, friendly helpful staff great location visiting Mall Emirates Madinat Jumeirah.Highly recommended best value money I found Dubai.",0.575,0.45,Apr 4 2009
5,5,"Great place stay My partner I stayed one week. The apartment cheap dubai standards, paid Â£650 duluxe - bed big I even tell boyfriend bed! The air conditioning fantastic, everysingle thing need, fully fitted kitchen washer/dryer iron board ect. You really feel like home, two full size bathrooms! rooms cleaned sheets changed every single day, morning papers given you, staff friendly professional.Now - downside!! No taxis know is, find allot Dubai growing much. The food absolutely terrible, waste money, go out, go Carrefour supermarket mall emirates!And swimming pool!But business suited needs well, I would definately stay every single time... pool.Would definately recommend want spend fortune.",0.15818166208791207,0.4445054945054946,Nov 5 2008
6,6,"home sweet home Tâwas first time Dubai friend told newly established apartment, located near mall emirates (more less 5 mins. walk)âvery accessible Iâm kinda intrigued apartment looks like. So I went Star Metro Al Barsha pretty satisfied room end spending week there. Everything okay. I honestly felt like I'm away home feels like I home. Everything I needed spoon fork pots bowls. I could even laundry iron self. I hair dyer actually must-have women. Air conditioning works properly comfortable king size bed (I got deluxe bedroom apartment). The apartment really spacious! High-speed Internet Access. Breakfast available yummy too! I use gym anytime there's complimentary shuttle mall emirates, really good thing taxi drivers hesitant take Mall Hotel due less distance involved. And all, service good... oh no... superb better word! I good response staffs every time I need assistance. They polite friendly atmosphere well-trained staffs. All all, I regrets staying I happen go back Dubai, Star Metro Al Barsha first apartments list stay.#",0.3419100091827364,0.5071074380165288,Jun 26 2008
