,Unnamed: 0,Reviews,polarity,subject,Dates_extracted
0,0,"Nice better places stay !!! The nice clean staff try best limited english struggled understand us. Regards location best surrounded Indian Pakistani people arabic people lets say could cleaner area. It around 20 minute walk creek area get traditional water taxi small wooden boat across water gold spice markets.There call girls street outside weekend never caused us bother never approached us.There large super market 5 mins walk road good like Asda style super market open 24hrs, also different shopping centres minutes walk away good cheap food courts everything fron KFC, McDonalds lots little indian, chinese pizza restaurants used quite lot fantastic cheap food.The rooms clean spacious money BUT main problem air conditioning system noisey sounded like every often someone emptying bucket water ice cubes would wake us up.The lifts best 2 lifts 24 floors got busy breakfast busy times day. The pool area nice never got crowded always sunbed available. room service quick prices good food good standard plenty it.There free shuttle bus various shopping malls, beaches points interest every day leaves 10am picks back 2pm, taxis cheap metro line 20 minute walk good value cost us around Â£2 go 1st class (gold class) furthest point around 20 miles away dubai marina.Overall opinion good value clean area best easy cheap get taxi want go pay silly money better location stop lot less, would return yes would would also check better location case simular priced hotels better place.Dubai far finished like huge huge building site road works every would go back yes would 5 years diggers cranes moved on.",0.3180278265677855,0.5340762425188654,Nov 17 2009
1,1,"One Rude Staff Ruined Stay Overall nice clean good facilities. The airport pickup service excellent restaurant staff extremely friendly. Hotel staff front desk appeared Asians cordial helpful. However, one native man desk another night rude uncooperative. Perhaps caucasian man, may treat differently. Because experience, rating given 3 instead 4.",0.2712962962962963,0.6222222222222222,Nov 10 2009
2,2,"A functional excellent service friendly staff On balance reviews Trip Advisor, selected Majestic Tower Hotel 2 week stay Dubai.Located Bur-Dubai district, easily accessible City, little distant from, beach hotels attractions Jumerieh (approximately 20 minutes cab, off-peak times).We arrived 2am staff welcomming helpful. Our room situated 12th floor, excellent views looking west Dubai.Facilities within room would expect 4 star brand, nothing special (no flat screen tv, example).That said, facilities within excellent excelled star listing (pool, gym various restaurants bars). We particularly fond Greek restaurant 'Elia', pleased celebrate 2nd birthday.The 'Music Room' lively karokee bar added benefit!My criticism deficiency lifts within hotel. By design, 2 lifts serving 24 storeys described deficient.In summary, great hotel, well run added benefit friendly approachable staff. Well done!",0.2444965072805982,0.5490800865800866,Oct 27 2009
3,3,"Good Value Money Upon arrival room ready, told wait 30 minutes, upon enquiring 30 minutes told another 20 minutes seatted reception acknowledged!! eventually complaining room became available. Once room discovered shower work, sent maintenance repair 71/2 hour flight happy!! maintenance could fix.I called reception spoke manager rectified immediatley apologised upgraded room free, complimentrary fruit etc... experienced problems constantly room key!! best start holiday.Good value money apart problems checking room key good friendley especially Beejay bell boy!!",0.2786458333333333,0.7027777777777778,Oct 12 2009
4,4,"Definitely try Dubai. Superb! We upgraded deluxe room arrival superb. We magnificent view city 20th floor too. All staff friendly helpful facilities could faulted. Breakfast joy every morning, high quality beautifully presented, attentive staff. This excellent highly reccommended.",0.5742307692307692,0.7061538461538461,Sep 2 2009
5,5,"Fantastic And Friendly Service - Best Value Four Star Hotel In Dubai! Undoubtedly best value money four star anywhere Dubai. A prompt air port pick-up, smooth check efficient helpful reception staff immediately gave us good feeling entire staff really go extra mile make feel âat homeâ moment walk foyer. The room spacious enough, tastefully furnished throughout, large bathroom Jacuzzi type bathâ¦.in fact everything needed, ever likely need, place smallest items. The breakfast restaurant located pool side modern vibrant theme breakfast excellent wide varied selection hot cold dishes, fruits, juices never ending supply tea coffeeâ¦again staff ever attentive, efficient friendly. The Greek restaurant must visit, food superb good valueâ¦.. time dined always busy, usually Greek expats food must authentic!The last mention must go âMusic Roomâ, large stairs live music venue besides one best rock bands weâd heard long time, âRock Spidersâ Philippines origin, offers great selection European Asian foods reasonable prices. For like shoot game pool separate upper tier pool area interfere people wish relax listening musicâ¦.yet Rajeev staff cannot thanked enough excellent service. All all, I honestly say would hesitate recommend Majestic Towers Hotel anyone staying Dubai. A bad choice either make break holiday without doubt Majestic Towers Hotel extra helpful friendly staff made stay Dubai memorable one certainly stay next visit Dubai!",0.23940737911326143,0.46368658574540933,Jul 8 2009
6,6,Awesome Hotel Stayed Majestic Hotel 5 days impressed staff...from minute I steped lobby till minute I left. First class. Great food...really like relax feeling sports bar. Booked trips pleased trips way staff handled requests. Would I stay again...you bet.,0.49999999999999994,0.5976190476190476,Jun 6 2009
7,7,"Majestic - Real value money I always thought Majestic Hotel ordinary like lot vicinity. However perception changed I stayed hotel. - First really good impression, guys reception - Chester &amp; Roshan, checked us early morning suprisingly gave us upgrade deluxe suites. Wow!...that something nice start stay with.- Naushad Belldesk, amazing personality...always smile willing help.- The room service menu elaborate however well priced.- Housekeeping good thier work, however grooming uniform could much better.- Amazing views city huge balcony.- The standout service entire stay undoubtedly F&amp;B outlets, namely Tirquaz breakfast Elia dinner.The breakfast Tirquaz everything wanted. We tried Elia - greek restaurant dinner service absolutely mind-blowing. The service girl's (don't remember thier names), simply outstanding. The food presentation excellent peaceful ambiance. I think management under-rates restaurant advertise bit restaurant Dubai. - The place bit slack service pool. The guys around pool really looked disinterested probably bad weather conditions prevailing also wait long time get drinks bill.Otherwise good weekend spend Majestic Dubai - really worth, real value money.------------------------------- RS",0.3211666666666666,0.5960000000000001,May 4 2009
8,8,Great breakfast great service Had great stay. Everyone nice helpful. Some areas apparently recently renovated. Fantastic value. Not mention view room absolutely amazing. Only disadvantage shuttle bus beach daily.,0.4050000000000001,0.665,Mar 17 2009
9,9,"Cool stuff We spent well deserved holiday Majestic, relaxing.. feel renewned again. The staff helpfull friendly, food perfect poolside many plants birds liked lot. We definetly come back.",0.36562500000000003,0.48124999999999996,Feb 28 2009
10,10,"Great value clean comfortable hotel! I enjoyable stay. The rooms spacious tasteful importantly clean. Great bathroom huge tub. I breathtaking view skyscrapers downtown Dubai. The staff professional friendly - I got check room early extra charge. Breakfast good international selection items, fresh nice dining area overlooking pool. Given nice weather, I could walk nearby shopping areas. The Greek restaurant exceptional. Room service bad. I used sauna/steam room also checked Music Room live music fun. All all, I found good deal.",0.4317234848484848,0.5886111111111111,Feb 28 2009
11,11,"Average The rooms clean reasonably furnished, I could get hot shower bespite asking shower fixed, colleague staying floor could get anything red hot shower, go figure!The area leave little desired night, certainly I would want stay holiday.The pool area small, gym ok small, breakfast reasonable Greek restaurant good. There couple bars, sports bar empty nights, bar ground floor smokey music bar alive band night accessed outside hotel.",0.12057256235827667,0.4393537414965988,Feb 22 2009
12,12,Never stay - beware! The nice enough staff completely incompetent. I still waiting refund AED10000 visa deposit took month I left country. I idea whether I ever get back credit card company charge massive interest charge due Majestic's incompetenece (or fraudulent behaviour)Our experience staff never repeated I would recommend steering well clear,0.028125000000000004,0.453125,Feb 13 2009
13,13,"If chance mess Majestic will. New nice rooms. Most staff however, idea hotels supposed function.We booked three rooms extra bed each. I spent whole evening trying get extra beds place children fell asleep. Nothing fixed got hotel. Nothing happened told reception extra beds returned sightseeing. Nothing happened returned rooms evening expected beds there.After leaving short trip Oman discovered missing teddybear. We sorts trouble getting back returned Dubai days later.... Very strange hotel.",0.027575757575757583,0.243030303030303,Nov 22 2008
14,14,"Best deal buck..... Simply great stay......the staff friendly accommodating; took care collateral material ahead schedule order ready GITEX trade show October 19th 23rd...and boxes ready time check out.Thank you, May, front desk staff bell crew, fantastic helped forget I work!Joseph FischerUSA",0.5145833333333334,0.6,Nov 12 2008
15,15,"Very Nice Room terrible food Lets start good. I stayed deluxe room. The room nice, huge, well decorated, clean amazing view Dubai bussiness district. The bathroom soaker tub, shower. Now bad. This fairly large hotel, two elevators, wind waiting long time fro elevator. Although two bars, two restaurants, room service, food quality terrible. The food processed, tasteless good general. Overall though I'd say that, considering low cost room, I think worked hundred twenty $us nigh, good value, I would reccomend eating somewhere else.",0.10317721960579108,0.6784179312750742,Nov 3 2008
16,16,"One avoid.... Like many Dubai Hotels, lots bling, little heart. In case Majestic also ample evidence incompetent management. They never responded e-mail requests left almost able work I needed Dubai since never arranged visa. Then, despite 3 e-mails giving flight number, time arrival etc. send anyone pick airport. After overnight flight I left standing arrivals hall 5AM almost 7AM, three phonecalls one helpful travel counter eventually resulted someone coming fetch me. On way back I direct driver new Terminal 3 Dubai airport. (The driver insisted dropping Royal Terminal, I unfortunately qualify :-) ) I guess Dubai far removed hospitality industry owner acutally cares get. I expect much way care underpaid expats, Majestic takes cake. Pretty nice Greek restaurant though, like pricey meals. In general another &quot;capital investment&quot; rather heart.",0.11347853535353535,0.4997895622895623,Oct 27 2008
17,17,Excellent price. Stayed five nights stay thought v. good. Live music two bands music bar night. Amazing greek restaurant another floor. Sports bars another floor. Rooms modern wired wireless internet connections. Free valet parking. Would definately stop again.,0.4337662337662338,0.5857142857142856,Oct 18 2008
18,18,"Great Stay Stayed husband couple nights en route Thailand.Lovely spacious room. We arrived really early upgraded superior room wasn;t ready. HUGE round sunken bath took ages fill though. Nice sitting area sofas huge warrdrobes dressing area. Nice enough breakfast honest nothing special I'm honest.Location OK although 10 minute walk bus stop bus tour quite 10 minutes given blistering heat. Cabs cheap enough come though. Its cheaper petrol Dubai water Mr Brown!!!Pool area relaxing.Tour lady helpful even though booked tour made cancel spotted REAL dune buggies leaflet dropped folder! An amazing trip take tha drive dune buggies (not quads) picked hummer.Dinner top Emerates tower amazing, fantastic views. Cheapest wine massive wine list Â£50 though!!!",0.363961038961039,0.6873376623376625,Aug 19 2008
19,19,"Good Mid Range Business Hotel I choose stay hotel. It chosen business partners Dubai.First thing say medium sized four star property five (or six Dubai) star pretensions.Good things hotel? Well clean rooms, staff friendly great Greek restaurant, Elia. It conveniently placed airport old part Dubai distance razzamataz Jumeirah Jebel Ali.There club-like 'Music Room' adjoining Philippino band playing dreadful I stay enjoy seemed decent atmosphere. Give The Rockspiders miss!Breakfast greatI disappointed following things:The Health Club! This deserve title Health Club. There resistance machines, cardiac machines two rudimentary bikes walker; tye free weights /bench press downright dangerous would never pass health safety inspection. I never seen ramshackle set.The Shopping galleria - 'so called'. I find it. All I could find number empty units hairdressing salon.The lifts take forever arrive.If care gyms shops like hanging around lift lobbies perfectly adequate well priced option far centre town.g",0.09166666666666666,0.5157894736842106,Aug 6 2008
20,20,Check statement greek live arabic hospitality good service find Dubai baic highrise good location clean rooms cheap ( thats thought ) return home found charged 500AED account read temporary block released within 15 days return money going pain sort glad credit card debit used checked stayed would take scond look statement,0.3712121212121212,0.5857142857142857,Jul 16 2008
21,21,"Quite impressive I stayed Majestic 3 nights impressed whole package. It 5 star, claim be. It's great location want explore city foot. The staff fantastic professional. Great bars within hotel. Only downside, depth pool! But overall great time.",0.513,0.6679999999999999,Jun 14 2008
22,22,"Beware Majestic Hotel Stayed Majestic recently 3 nights I say terrible. The building originally designed apartments public areas amenities small. Breakfast disaster every morning, food general poor quality. The worst aspect willingness allow 'ladies night' operate bar ground floor. After 11pm night place awash hookers. The Indian Management seemed turning blind eye. Stay well away unless like sort thing.",-0.31611111111111106,0.6014814814814815,Jun 10 2008
23,23,makes great staff little I add recent reviews add good value money crew running freindly efficient happy help. I arrived early int morning even though room wasnt ready receptionist great job getting room soon possible long flight much appreciated. For brief stopover great I would stay again.,0.30250000000000005,0.5405555555555556,May 11 2008
24,24,"Great value couple days We picked 3 night stop over, proved ideal first visit. The transfer airport painless short bonus arrived early hours morning. Yes lifts pain - big deal - im sure improved signage stairs would help. The pool clean well positioned plan spend stay pool head beach hotels.The rooms clean modern great size. Sound proofing ideal I never heard anything rooms. Taxis cheap using becomes 2nd nature. The location Majestic great explore aspects Dubai destination away 15 mins cab. Worth noting plan day avoid trying travel rush hour worth trouble.The Staff wonderful helping dinner reservations ideas places go. Its deff worth spending time book table dinner beach hotels.",0.3685606060606061,0.5066919191919191,May 2 2008
25,25,"Good value Dubai We stayed The Majestic 4 days early March stopover. First, unfair try compare with, say, one Jumeirah chain costs fraction price. Some negative points raised previous reviews correct, namely lack lifts meaning lengthy waits stairs sure table good selection breakfast buffet (included price) need get 8/8.30 am, plus pool sun day except early morning.Location bad Creek, Wafi City, Karama, looking 25-30 mins taxi Jumeirah (avoid peak hours becomes hour!)Staff friendly helpful. Rooms fairly spacious, well equipped kept clean. 2 bars hotel. 'Barrels'sports bar good (obviously) sport loads pasmas sofas screens select want watch. Karaoke bar bit dead got cheap all-inclusive food &amp; drink deals. Didn't eat bars I reckon drink better I leave food restaurants - Greek restaurant good good dining neighbouring hotels also.Good place stay days, good value money, prepared take cabs lot.",0.30516460905349796,0.5420164609053497,Apr 8 2008
26,26,"Reasonable price I felt good value money, spacious room always spotlessly clean well stocked.The pool could little bigger well placed staff around area attentive. The guys order taxis/valet men friendly heplful.My big complaint would food/cocktails - I didnt try Greek restaurant apparently awards I order room service, meals near pool Barrels sports bar. I felt choices limited good quality. We found walki ng nearby Sheraton times get better food. Also cocktails served around pool Barrels good, especially tasted Hilton! This major side us love drink cocktails around pool.Overall I would say okay especially budget personally I would rather pay extra stay Jumeirah Hilton.",0.164060927960928,0.49984566544566555,Apr 6 2008
27,27,"Loved view Ok old part Dubai. Miles away beaches modern part Dubai. Can recommeded people,who like touch city, dont' want middle building sites. Went Dubai hols could pay E 400/per night one beach resorts. This less E 200 night, great service big rooms. It's far away anywhere .-) But pool nice Olio restaurant beautifull. Stuff helpfull,decent polite.",0.2757575757575758,0.45606060606060606,Mar 20 2008
28,28,"Average Hotel / City Location We stayed Majestic Hotel two day stop-over. We chose wanted Dubai city beach. Hotel average clean, friendly staff good location Creek (10 minute walk). The breakfast good although items often ran replaced quickly. Tried sports bar found soul-less. I would use may try something else first.",0.33625000000000005,0.5604166666666667,Feb 18 2008
29,29,"Ideal Location comfort!! Although stay short quite good experience. Staff helpful, rooms great location ideal.Additionally wonderful authentic Greek restaurant called Eliya( spelling could wrong).The bed really comfortable room clean smelled great. If try stay top floors get great city view morning.All I would definitely stay Majestic again.",0.5047619047619047,0.6214285714285713,Feb 16 2008
30,30,"horrible Horrible experience. You smell food everyday breakfast due lack appropriate ventilation system breakfast room. Regardless, cook still keeps cooking certain meals breakfast room smoke covers whole room.Two elevators sufficient. Waste lots time waiting elevators.Noise isolation rooms poor. You hear neighbour taking shower.Hotel staff know responsibilities. Hotel book says shoe shine, staff says provide service",-0.22341269841269845,0.5607142857142857,Feb 13 2008
31,31,"Never OK, big fair. But werde big problems get elevator smell like food every morning breakfast. Breakfast room far small people come alltogether!But still nice clean room Bathroom OK. Very good shuttle convention center.",0.30242424242424243,0.5527272727272727,Feb 12 2008
32,32,Nice place stay The Majestic Hotel really nice place stay reasonable price pay. The rooms clean. The bathrooms nice clean also. The staff friendly willing help you. The location great also near Meena Bazar Gold Souk. Overall I pleased stay December 2007.,0.41506944444444444,0.7300000000000001,Jan 15 2008
33,33,"Majestic occasionally.... A combination rude guests, poor service breakfast worst lifts ever experienced meant Majestic left us slightly disappointed. Perhaps staying New Years Eve period led service levels poorer usual, however refused let spoil otherwise fantastic stay DubaiIf stay prepared rely sometimes expensive taxis able get anywhere. We tried walking beach one day struggled find pavements walk due building work.",-0.11451048951048952,0.559965034965035,Jan 12 2008
34,34,"Good reasonably priced We spent 10 days Majestic overall experience good. The clean, nicely decorated, staff helpful, although reception guys slow. Rooms spacious, clean comfortable (especially beds!), big bathrooms, coffee making facility...The downside room cannot open balcony door beside a/c cannot get fresh air room.Breakfast so-so, first seems plenty choices, days realize every single day eat same. It happens often juice bread coffee cups - restaurant staff used many people time brekfast room.Pool small always shade - Jumeirah close problem.Hotel area ok, plenty hotels around, pharmacy, supermarketand shopping malls vicinity (Burjman mall 15 minutes walk convenient cannot find taxi evening). Speaking taxis, beware ask staff call taxi - insist regular (metered) one, wil end regular car driver charge least double amount would pay normally.Overall, good, I would go back.",0.14699692780337942,0.42020855488597425,Jan 12 2008
35,35,"Charlie Majestic SOOOOO helpful professional majestic clean well organized, except cigarette smoke lobby.......not fabulous gym. 3 4 machines VERY basic....also, steam room, least wasnt working. dry sauna, didnt use it, cant comment it, pool area nice, great little people watching ..........breakfast good staff efficient professional.......beside smoking lobby, clean...........a front desk employee, Charlie, extremely helpful knowledge city arranging accomodation day trips. he's definately asset makes easy understand city/tours/bar lounges, etc seemed sincerely happy help....thank u charlie!!",0.30505208333333333,0.6789583333333333,Jan 11 2008
36,36,"A great Stayed 6 nights, found brilliant hotel. The staff incredibly friendly, without hanging around expecting tip.The location great - walk Bastakaya, museum, creek, get Abra Deira. Plenty hotels nearby, fancy something different eating majestic, although food great. Breakfast choice amazing, never ate lunch still full breakfast.The bus different place day, either mall beach. We got bus Mall Emirates took taxi Wild Wadi. We get bus home, returns 1pm, return taxi Mall Emirates Majestic 37AED - that's 30 minute/20KM journey!Only two negatives: pick airport turn up, honest easy jump taxi. And pool, although lovely, freezing - heater broken really need get fixed!",0.336574074074074,0.6365740740740741,Dec 10 2007
37,37,"stay dubai - problems stay majestic smooth, hiccups, surprises. clean, neat place, good breakfast near places.",0.45533333333333337,0.5760000000000001,Dec 4 2007
38,38,"Good location stopover We stayed Majestic three nights November 2007. The clean, rooms adequately equipped, beds comfortable staff helpful friendly. We emailed ahead asked supply us transfer airport. This good value cheaper getting taxi-as found way back! There pool, due height surrounding buildings quite shaded small area getting sun one time. Not conducive good sun tanning session. A nice pool however, although little lacking sun beds. Check straight forward able get room 12.00 midday. The first morning went breakfast around 10am. We unable get seat/table packed. There queuing system ended going without even though included room rate. The second morning got earlier able get table. Breakfast good selection usual items self service buffet. The 10/15 minutes drive airport. It takes 30 minutes get beach transport option taxi. This cost 50-70 UAE dirhams way. There shuttle per day beach areas interest - leaves 10am returns 1.00pm goes one place per day. Jumeirah Beach Park good option, nice beach clear sea. Very clean nicely landscaped park area. Wafi Pyramids fairly close proximity (you'll need taxi though) really good option restaurant choices. Try Asha's-well worth visit. See separate review dinner Burj Al Arab.",0.2621190476190476,0.5634285714285715,Nov 13 2007
39,39,"Outstanding! Stayed 2 nights route back Australia, admit, I thoroughly impressed.Arrived 3am, long flight Rome, told booked standard rooms, one I reserved several months advance. However, rather turned away, I promptly upgraded deluxe room, extra charge.The room great. Very spacious pleasant decor, came complete tea / coffee making facilities, complimentary bottles drinking water, king size bed. The bathroom also, well laid out, massive bath. The 10th floor offered views nearby Dhow Palace, picturesque skyline Dubai's city center.The overall pleasant experience. Staff everywhere prompt, polite, spoke English. Bellmen keen help luggage shopping, doormen efficient hailing cab, plus helping figure wanted go. I stay long enough experience restaurants breakfast, however room service prompt, great meals like $10 - 15 AUD. The bar lobby (I thought) bit small, offered wide range drinks hot snacks. The crowd quite jovial, mix locals, English, Americans, fellow Aussies. There couple big TVs, one seemed show soccer, I got watch us play India one day cricket. There also several computers broadband internet here, (apparently) buy drink use, otherwise free.I chose price, location. Make mistake: If want stay near beach, Mall Emirates, you. It literally took 20 - 40 minutes reach locations Majestic, longer way back. Thankfully taxis affordable.The couple downsides hotel.Firstly, air conditioning seemed permanently set &quot;meat fridge&quot;. My Oakleys would literally frost every time I walked front door. After became quite uncomforatble.Secondly, exchange rate front desk, quite frankly, rip off. There, I said it. I changed small amounts leftover Euro here, necessary catch cab tip etc.These little things nothing major, annoying detracted otherwise pleasant stay.Overall I thought great hotel. Affordable comfortable, friendly staff. I would definately stay again, hope comments helpful.",0.13749999999999998,0.5295454545454544,Nov 11 2007
40,40,"Traffic makes far beach Our first impressions The Majestic Tower great. Clean, nicely decorated, large rooms friendly staff. It ideal place stay want explore Bur Dubai old town. However wanted spend week beach ended take taxi's beach resorts. Not far map rush hour Dubai means sat traffic hour.....Taxi's cheap still, valuable tanning time!Once reach hotels along Jumeriah Beach realise scheme things dubai, Majestic Towers really quite modest hotel.",0.34661172161172166,0.6701465201465202,Nov 4 2007
41,41,"Hardly Majestic I've stayed Majestic twice two months, reluctant write review seeing operation time.The rooms nice-well decorated clean. The bathrooms equally clean. The lobby always active, sensitive cigarette smoke may issue-many europeans stay smoke lobby...so beware. You usually wait elevator, two 24 floors. Get breakfast option, buffet style nice-enough choices become rutine days. The pub lobby four computers allow acess internet email-sometimes ask buy drink use busy times. Bellmen good, hustle you, grateful couple dhs tip.By far worst front desk staff. My first stay I waited two hours room, claimed none clean kept promising &quot;ready 30 mins.&quot; My second stay I assigned smoking room even though I require non-smoking, one night I given better room (nice) thermostat stuck full cold could hear water running floors occasionally. Any complaints given staff usually dismissed lack understanding English. You get pay for. I can't advise stay away expect 5 stars!",0.0674,0.5292,Oct 26 2007
42,42,"3 nights price one!! We booked [--] found cheapest rate incl. taxes breakfast booked 22- 25th Sept - bang centre RamadanÂ´for stopover Oz. We booked Majestic mainly location city price excellent could see photos. We booked deluxe room extra euros per night worth it. Apart flight delayed ordered pick collect us arrived thoroughly enjoyed 3 day stay. We early check (6am ) accomodated smile, staff extremely friendly room (on 22 floor) fab views city really comfortable, spacious bath tub huge (although jacuzzi unfortunately)The pool small cold previously reviewed, hottest hours partly shaded tall building beside hotel. The breakfast buffet great menu changed every day allow something slightly different. The evening buffet quite good too, nothing ordinary, The pub serve alcohol 7pm (as Ramadan) thronged people enjoying cricket matches staff catered everyone tvs prefered watch footie instead. I massage (or two) salon needed reasonably priced husband treated good cut-throat shave.The best thing though copy Time Out Dubai placed beside bed informing us places go eat Ramadan... - savings 4 star holy period treated evening dinner drinks 7 star Burj Al Arab !! (and also heavily discounted Ramadan) We also took advantage free shuttle buses beach - Ramadan (sounding like broken record I know but..) practically beach ourselves. We would definitely stay majestic price got .... 3 nights price one outside of... yup... Ramadan ; )",0.24224798387096774,0.5469354838709678,Oct 17 2007
43,43,Fantastic service I come back spending two wonderful days Dubai late August.I stayed Majestic Dubai gladly recommend hotel. The staff friendly treat like royalty. On arriving back shopping outing staff greet carry bags might room . The Restaurant meals great good selection choose from. Also rooms good size clean nicely furnished .If I lucky enough return Dubai future I staying Majestic.,0.3723333333333333,0.6212222222222222,Sep 25 2007
44,44,"Lovely Hotel I stayed Majestic Mankhool Road 29th March year (2007) upto 31st, departing Dar-es-Salaam, Tanzania. I must say I impressed hotel. It big nice indeed. As everyone else said, staff extremely polite helpful. I absolutely problems all. The location great well. There several supermarkets (grocery stores Americans) nearby (within 7 mins walking distance), restaurants, hotels, one Dubai big shopping malls, Burjuman Mall, 25 mins walk (or 3 mins car). Breakfast tasty well. They also pork section us consume pork products.To sum up, everyone enjoy staying at. Reasonable price. Great location. Friendly staff. What ask ? I definately stay again.",0.3336666666666667,0.5883333333333333,Jun 14 2007
45,45,"Early Check In Appreciated We stayed Majestic two nights April enjoyable stay.We arrived around 7am Sydney, Australia 14 hour flight greatly appreciated allowed check room around 8.30am extra charge.The buffet breakfast good, room comfortable taxis easy get nearby attractions.",0.3504166666666667,0.47666666666666674,Jun 4 2007
46,46,"A great value money! I booked internet dubai based travel agent (Asia Travel Tours). I got great rate family suite easy book online. I arrived seperately rest family kind sent free shuttle collect seperate shuttle collect family airport several hours later. The staff prompt curteous. Our room AWESOME! A full living room, king size bed (which I never wanted get cause comfy!!) nice bathroom, seperate full kitchen, 2 balconies. The breakfast superb (and free!). Good live music night too. The central location, getting taxis places interest hard. On plus side, location away construction areas around Dubai disturbed noise I recommend romantic holiday, business traveler tourist would work fine. Dubai amazing place, I can't wait go back.",0.4313726943346508,0.6039855072463769,Apr 17 2007
47,47,"Fantastic Staff I travelling Dubai got stuck nights. The place busy hard find hotel. Found Majestic net booked hotel.I arrived 3am tired wanting get bed. The staff could helpfull. I stayed DL room great. It clean tidy I thought nicely decorated.The food breakfast wonderfull meal evening. The Bars great offered mix entertainment quiet guitar rock band club downstairs. ( I must say guitarist band world top knotch rock band)You must Desert Safari, great. Ne sun really made trip, fantastic really made adventure. Very good value money.All great days, nice could ask more. Yes pool cold everything else good, especially staff made feel like family.Thanks teamBrett AMOS",0.32826923076923087,0.6171153846153845,Mar 18 2007
48,48,"OK Hotel Well 5 star like Hitlon, Sheraton Dhow (next door), like I say OK. There's alot complain about, alot cheer about.The rooms small, internet expensive, gym small equiped well pool VERY cold.The sports bar good, location OK.If get deal (I 500DHS), go it, place romantic!",0.09999999999999999,0.4333333333333333,Mar 8 2007
49,49,"Nice I stayed business trip. The clean facilities would expect. The food nice service offered staff excellent. The rooms clean tidy everything would expect. However, located best areas, access centre Dubai easy. A good location/hotel business use, maybe vacation.",0.6618518518518519,0.7937037037037036,Jan 15 2007
50,50,"I recommend We booked 8 day stay Majestic Hotel central location good range advertised amenities activities. We contacted advance spoke Manager read website previous customer dissatisfied recent stay hotel, pleasing assured hotelâs niggling problems remedied, new buildings always going snags operational difficulties.Upon arrival check-in Majestic service excellent, baggage transferred directly room, check-in quick trouble free.On entering room welcomed large bowl fresh fruit, welcome, room found modern things ensure good stay, air conditioning running extremely quiet, controls easily adjustable user friendly. We however encounter problem getting advertised TV channels, within 5 minutes calling reception engineer arrived sort out. Although kettle supplied room standard practice cups etc, contacted reception within minutes delivered room. We found lifts speedy, fault free apart breakfast times wait normally minimal, busy times demand might wait minute lifts appear stop every floor, I found incorrect use guests, instead pressing button direction wished travel would push &amp; buttons, delayed lifts operation stopped unnecessarily empty floors.We used ground floor Breezers bar numerous occasions found excellent, staff always welcoming, happy hour reduces drinks prices greatly, 3x internet pc quiet section could access emails internet, service free providing purchased drink bar, 3 pcâs always managed get one without wait.There 24hrs security lobby, security staff always polite friendly, would call lift see coming always wish pleasant evening/morning.The swimming pool nicely laid out, however, water far cold pretty much unused, two occasions people got got immediately, enjoy use pool water temperature must increased. There limited number sun loungers, 8 total, although always managed get one I think busy times problem. Due layout surrounding buildings need move sun lounger numerous occasions chancing sunning parts sun deck, although building works taking place next failed cause us problems. Unfortunately music around pool area, something would nice.The breakfast menu vast plentiful wide selection hot cold foods change daily. We trouble getting waiters eye get tea/coffee refills several occasions, engrossed clearing wiping tables, breakfast receptionist extremely polite welcoming, pleasant way start day.The âfreeâ excursions laid using hotelâs transport changed daily free drop-offs collections different attractions.On overall ranking rated stay 9/10, apart couple annoying niggles listed great stay, ideally located attraction restaurants, gold souks creek area short 15 min walk 5 minute amusing boat trip. We would certainly recommend business pleasure purposesA big thanks staff management Majestic HotelPeter Belli &amp; Linda Curley",0.17786591786591782,0.5427287352287352,Dec 27 2006
51,51,"Getting For opened little 6 months, may still teething problems - Service times could bit better, getting hold taxi bit pain times.For rest however, hotel-staff friendly helpfull.The rooms spacious enough, check AC working arrive - they'll come fix quickly.Liked lot, hope they'll get small outstanding issues.",0.15,0.6321428571428571,Dec 7 2006
52,52,"Teething trouble? Reviewer Beckenham, Kent, England.My partner I stayed Majestic Hotel 4 nights October 27th October 31st. The described 4 star deluxe price quoted thought pretty reasonable.On overnight flight Manila arrived 7am told weâd wait 12 check in. Fair enough. We told could check 9 grateful surprisingly 8 told room ready. Great service thought.Weâd booked deluxe room face nice amazing circular bath, plenty hanging/storage space, TV, safe, Kettle â though cups beverages, mini bar â empty first two days half stocked without price list, balcony â locked key available, air conditioning noisily clicked night. We thought weâd look around facilities hotel, boasted gym/spa, hair salon, souvenir shops outdoor pool. The gym sparse Iâd ever seen hopefully equipment purchased, spa â cold sauna cold steam room one shower, hair salon, though place yet opened I could find single shop!?! The outdoor pool, yes outside - pool sun loungers nothing else absolutely atmosphere music bar shower use getting pool towels! Ok thought itâs open two months things may improve. My partner went use business centre told moved, finally tracked wasnât ready.The book get room Guest Services boasted 5 English channels 1-5 English radio station 19, channels 2 4 channel 3 5, English radio station 21.The Guest books also boasts âCourtesy Airport Transferâ tried book receptionist Cherry, said would get back us putting note door. When came back day note. So way evening asked again, different receptionist time. There record us ever requesting airport pick up. Also spite guest book stating service âcourtesy â transfer fact free offered suites, important fact book omits methinks. When questioned meaning courtesy manager duty informed us doesnât mean free used context means gesture want offer whomever please! We suggested take guest book.The fairly big 24 floors approx 10 rooms per floor 2 lifts. There always queue lift especially imagine evening one lift closed refurbishment new guests arrived.Monday 30th water least 4 hours. I shampooed hair hadnât chance wash time tap run dry. My partner called reception â claimed know nothing this. He called spoke someone else, explained situation told clerk duty said water pool! Did expect go wash hair pool? The third call resulted told would send maintenance room â one came, called told one else reported problem. I called alleged 24-hour duty manager greeted answer phone message. I spoke guy gym ask water floor could I rinse hair showers there. He kindly agreed this. A porter met hallway way gym confirmed problem water assured us would fixed soon.When mentioned water situation Manager duty 30th October unaware problems regarding water nothing, absolutely nothing logged incident book!Apart smelly drains bathroom loose tap, strong smell cigarette smoke foyer fact room wasnât cleaned one day everything else fine.Breakfast ok, Sports Bar barrels exceptional Breathers lounge Bar free Internet service providing buy drink. The porters pleasant friendly Dubai fantastic place visit. But may I suggest try somewhere else stay least give months sort teething problems.",0.1551210626024059,0.5662604601037436,Nov 8 2006
53,53,DUBAI - HOTEL MAJESTIC,0.0,0.0,Jul 26 2009
54,54,Preiswertes Hotel mit vollkommen ausreichender QualitÃ¤t,0.0,0.0,Apr 19 2009
55,55,Brutta posizione personale cortese,0.0,0.0,Feb 26 2009
56,56,Confortable,0.0,0.0,Jan 14 2009
57,57,Hotel tres pratique pour la ville,0.0,0.0,Mar 18 2008
58,58,War OK,0.5,0.5,Mar 15 2008
