,Unnamed: 0,Reviews,polarity,subject,Dates_extracted
0,0,"OK price We stayed couple days. Polite employees, location excellent, right next big shopping mall supermarket food court. Nice, basic breakfast. There kitchen every room, I cooked nice case.... The bathrooms renovated. The thing I like old tell worn out. The blankets holes, sheets towels kind greyish. I put away blanket used sheetsâ¦. At least washed often (I hope). The excellent budget travellers, get pay.",0.32571428571428573,0.6173809523809524,Jun 16 2008
1,1,"Amazingly helpful friendly staff Just amazing week Dubai.The staff jonrad brilliant. They go way help make sure best stay possible. Every morning staff would clean rooms replace everything used. Breakfast wasnât liking enough choice, 3 selections cereal, toast, tea, coffee, various foods.The swimming pool terrace small, nice splash around in. Isnât great want swim. The quite nice view terrace, although view room isnât good (Car park wall! â often spend there/looking window?!) They also arranged day trips certain shopping centers beach different days helpful.The excellent location Deira close everything, shopping centre/starbucks/all food places literally around corner across road. There bus stop close reach places, boats al nasir square many souks are.Overall I donât bad word say place â I felt welcome would definitely stay again, check even arrange pay taxi you.",0.42423809523809525,0.691079365079365,Mar 29 2008
2,2,"Pleasantly surprised. The Conrad Hotel called Jonrad Hotel: set busy part Deira. The staff extremely helpful, friendly eager please. Rooms reasonable, everything works, hot water showers etc...they provide electric kettle along teacups etc...free trips arranged morning evening. Mornings beach evenings different shopping plazas. You computer usage main reception area Â£1.50 (10dirham) 1 hour. Breakfasts good everything neat tidy. They small swimming pool roof provides wonderful sun trap.The centrally located: walk front door, turn right right onto main road takes straight Creek 10 minutes away. From get municipal water bus 4dirhams anywhere. Alternatively turn right creek walk along another minutes abra station costs 1 dirham go whereever wish.We visit restaurant I'm sure would good value. We tended eat Panorama Hotel next door marvelous buffet (12 main dishes, 10 salads, 10 side dishes four desserts) pricely sum 24 dirhams. You eat much like. That's Â£3.50 per person everything excellant. The restaurant situated first floor ground floor lively bar - fun!",0.2647760859829825,0.5451505199781063,Feb 11 2008
3,3,"My Stay LONDON,UK. Olugbenga OLOTU18th Nov - 24rd November, 2007.--------------------------------------------------------------------------------------Got Dubai International airport, waited arranged taxi One half hour (1.5hrs). Very disappointed got taxi hotel. The receptionist sounded carefree, sure taxi left airport. He confused looked lost. I wanted argue point. I shown room. I got room tired find leakage bathroom. I wanted sleep take case following day. I got sorted another receptionist, helpful reasonable. Got moved decent room. The room attendants reliable, kind respectful willing help make stay comfy. The internet connection dial system main reception area, needs improvement!As guest, I disappointed things - food timings, rooms facing property noisy, etc. I would say prepared ask questions everything really.Overall, opportunity visit again, restricted budget, might use location.",-0.033492063492063504,0.48169312169312173,Nov 29 2007
4,4,"Great 3 star Jonrad/Conrad Dubia. This originally called Conrad change name open year thanks pressure Hilton already owned name. If look closley see C removed front replaced J (very strange). First impresions arrive area dosn't look fantastic ? handy. Local shops include Iranian sweet shop, several car hire agents grocery store. Next door Jonrad Panorama great place eat , 3 course buffet 19 Dirams (USD 6/GBP 2). The staff friendly helpful. Shuttle bus goes daily beach shopping centres. Small swimming pool roof small plesent. Tours Dubia booked hotel.Overall looking good 3 star Dubia you. I would deffinatly go back again.",0.23144736842105262,0.4199122807017545,Oct 29 2007
5,5,"Its bad At first, little disheartened see surrounding area find Jonrad (recently changed conrad)- however step inside bad. The staff friendly welcoming hotle clean. Its actually key location Deria bad place bed breakfast. good points- small enough get personal service actually meet guests staying there- nice bump people familiar.bad points- situated near main road man like beep horns! view th window great either eaither face extractor fans car park either way great. pool top- deepest end mere 1.3 metres big all!all all, really nice place stay- went back dubai- would prob go back Jonrad service friendliness alone.",0.0764423076923077,0.49583333333333335,Sep 19 2006
6,6,"belive pre booking I march/april 2005 arrived approx 7.00am gmt told room available even though booked 2 months advance told sit lobby 2pm gmt time even offered breakfast cup tea.and manager complained said system hotels dubai people check 12 pm local time, asked booked charged whole day could answer. behind big electric motors runing 24 hours day effect persons sleep, attempt sound proof windows, air conditioners tempreture controllers dont work switch on/off manually talked guest",-0.047222222222222214,0.30000000000000004,Apr 15 2005
