,Unnamed: 0,Reviews,polarity,subject,Dates_extracted
0,0,"Good price I recently november great experience.. The apartment well located BurJuman Mall hardly 5 mins walking distance.. The rooms huge good PLASMA TV kitchen accessories.. It swimming pool roof top I dint expect be..The staff extremely helpful make sure great stay.. Kudos staff..The negative point restaurant within apartment.. Being apartment, expected restaurant wud excellent even small basic restaurant wud there..But despite that.. A GREAT PLACE stay Dubai..",0.3162962962962963,0.6339197530864198,0.6339197530864198
1,1,"A good stay We stayed week November. I booked early got best deal directly hotel. We booked one-bedroom apartment check-in upgraded spacious two-bedroom apartment.Overall nice experience. The hotel's staff really service-minded attitude, especially Omar great.The tiny clean rooftop pool, never crowded.Spinneys supermarket, minutes walk hotel, groceries needed. Also Centrepoint shopping centre Burjuman mall within walking distance, well restaurants across Sheikh Zayed street.Getting taxi difficult (except rush afternoon rush hours) - ask reception call taxi 5-10 minutes leaving. When returning hotel, taxi drivers know Spinneys supermarket.If want quality accommodation Bur Dubai area, Xclusive apartments good choice.",0.3458974358974359,0.5538461538461539,Nov 25 2009
2,2,"well worth money nice clean apartments freindly/helpful staff.quite near Burjuman Shopping Mall get metro places get taxis rest way, (pay silver card top need to).Pool small hardly anyone sat round time like pool ourselves!No pool bar order fizzy drink brought 4 DHS get full bottlecoke Spinneys!!rooms spacious comfortable, lobby may small need gym good size.supermarket right afacing expensive turn left walk 5 mins road Spinneys much larger cheaper (better selection things).They give priority women/families buses walk front queue bus station real plus weather.I would definately stay again!",0.19718081435472742,0.5098378191856454,Nov 17 2009
3,3,"Good place stay We one bedroom executive apartment, spacious, clean modern. Apartment flat-TV's living room bedroom. The pool roof big, crowded there. Staff friendly, whole experience positive.",0.32137445887445887,0.49844155844155846,Oct 23 2009
4,4,"The best Hotel Apartment Dubai We apartment almost two weeks August 09. We would like say best plently facilities, eg: high quality equipment,excellent service,very friendly management reception,clean spacious rooms, good kitchen facility, useful transfer airport vise versa, family friendly finally enjoyed stay great time would like go back next visit Dubai. We highly reconmend anyone visits Dubai. Thanks again, Mr Alan family London",0.4515384615384616,0.3930769230769231,Sep 10 2009
5,5,"Great service We family four UK (teenage daughters ) stayed xclusive appartment 2 bed exclusive rooms. Both rooms ensuit plus extra toilet between. One room also 38&quot; plama tv, hairdryer, iron/board + safe(free use combination). Living area well furnished including 42&quot; plama tv. Kitchen area great cabinets new looking appliances/utilities. Daily full room service included. 15min meena bazaar taxi easliy available. Hotel tranfer service from/to airport 75 dhm one way local taxi works cheaper. All excursion booked prices needs compared. Large Supermarket (Spineys) close by. Downside- small reception/loppy area 24 hr service, local calls made room charged flat rate best view balcony buildings.",0.22748917748917752,0.3313598166539343,Aug 14 2009
6,6,"Xclusive Xcellent I stayed recently wife, two friends. We two bed room appartment. The lounge spacious, clean modern design. The sofa's comfortable, complimented huge flat screen tv. The Kitchen everything need, complimentary water bottles table. As bedrooms, beds comfortable, one bedroom huge flat screen tv, bathrooms clean.Housekeeping efficient, issues delivering extra towels, tea bags, etc.. . As location, located amongst numerous appartment buildings Mankhool Bur Dubai area. The area safe, clean close western style Spinney's supermark (5 minute walk). One issue find taxis easily outside hotel, walk Spinney's flag cab. We rent car, ideal free car park.",0.24988304093567254,0.5152046783625731,Jul 28 2009
7,7,"A Wonderful option families We booked 2 bedroom apartment short trip dubai. The quality rooms compared price paid great. The apartment 3 bathrooms, kitchen (fridge, microwave,washing machine), living room, small balcony. The apartment really spacious. Room furniture new clean, bathrooms shining. Hotel staff really helpful polite. The location pretty good, walk nearby Burjaman Shopping centre Spinneys, please stay away supermarket accross street hotel, total rip off!!!! Apparently owner place clearly targeting travellers idea much grocery stuff costs, wanted charge us 110 dirhams (around $30) box candy costs way less !!!!The negative side really small lobby accomodate maximum 4 people only, Taxi drivers trouble finding it. Make sure get card reception location map it. Other that, I would defnintely stay again!!!",0.12963584710743803,0.5281106519742884,Mar 22 2009
8,8,"Good friendly clean inexpensive apartment - save money Dubai attractions The apartment excellent value money. Cost 650 dirhamâs per night, Atlantis 3000. The staff genuinely willing genuine help us, polite, courteous, attentive helpful. The opposite superette/mini market provisions breakfast etc. We upgraded 2 BR apartment 2 bathrooms separate toilet. The shower good pressure ventilation. Facilities excellent widescreen tv dvd lounge widescreen master br. Full cooking &amp; washing mch./dryer provided. The room serviced twice daily. Welcome fruit bowl great. Location 8 minute walk Burjurman Mall (expensive designer labels) 5 minutes Spinneys supermkt. Major malls taxi fare away. 40dr Mall Emerites similar Burj al Arab. Best local mall Dubai City Mall 15 Dr. Best local shopping centre Al Karama 10 Dr away. This copy watches, bags clothing. Local buses frequent 1 dr.",0.36810897435897433,0.48269230769230786,Mar 14 2009
9,9,"Great Accomodation Booked 1 bed apartment, arrived late instantly got upgraded two bed 3 bathrooms 2 adults, 1 child.Staff efficient, warm friendly.Spacious clean rooms.Location great know area quite well.Hotel small pool &amp; well equipted gym wish endulge, however make eating arrangements restaurant.Hotel little way eateriers 10 min walk required mapThanks great stay",0.30356060606060614,0.6542424242424243,Mar 13 2009
10,10,"Great Value Highly Suggested Spent 3 days here. Greeted friendly staff upon arrival. Front desk spoke fluent english professional. This apartment clean safe. There LCD screens, brand new furniture A/C gets cold. The area industrial feeling supermarket store across within walking distance expensive relation due exchange rate. (I Canadian. The internet $75 hour ridiculous. Taxis $120 CDN here. Overall, best choice - took 4 hours searching find it.",0.10864646464646467,0.481969696969697,Feb 22 2009
11,11,"Xclusive really Exclusive Excellent Staff: We two families 2 adults 2 children each. We booked one bedroom apartment travel agent. We never expected pick airport, Xclusive Hotel car waiting us arrival gate. Upon reaching hotel, asked extra bed, opened room inside apartment ask extra money. They also included internet without extra charge. Getting taxi easy. Taxi Deira City Center: 40 Dhs, Atlantis: 55 Dhs, Mall Emirates: 40 Dhs. Supermarket across street convenient open till late night. If need variety, Spinneyâs short walk away. Swimming Pool roof best described Toddlers pool adults. However, please donât book breakfast included package provided nearby restaurants good quality. If travelling large group, would also recommend Dubai Entertainer Guide &quot;[-]&quot; You save lot money. Nice experience overall.",0.24986772486772488,0.408994708994709,Feb 20 2009
12,12,"Just GO Just came back today Dubai 4 nights wonderful apartment.We taken 3 rooms second floor (usd 600) 4 nights. We felt like home away home. Supermarket downstairs, Spinneys &amp; Macdonalds &amp; Bur Juman Shopping Mall 500 mtrs. Taxi problem. We able cover attrractions within 40 minutes taxi drive one way like ATLANTIS, MALL OF EMIRATES others.Indian restaurants deliver free charge area BUR DUBAI plenty restaurants near walking distance VEGETARIANS.Our Flat (room): 1 lounge 42 inch plasma tv, 1 master bedroom 32 inch lcd, 1 children room, 2 bathrooms, 1 toilet, amazing standardsAll All VALUE money, spend things attarctions spend accomodation, DUBAI expensive city.",0.20972222222222225,0.49374999999999997,Feb 20 2009
13,13,"X-Factor X-clusive I happy say I finally found decent place stay Dubai. The location terrible though, small supermarket across street sell's things, need walk Spinnys supermarket road groceries.The staff excellent well mannered. They always willing help I anything go smoothly Dubai I arranged things them. So, reading, well done!The rooms fantastic, overly big, small either. They fairly cosy I guess could say. They clean even small balcony.. much see outside.. beside point. All bedrooms small work area, flat screen TV ensuite! There even &quot;guest&quot; bathroom near lounge area well. The wireless cheap, fast reliable. There download limit, might effect users. However, talk guys front desk good.There also gymnasium swimming pool hotel. Both located roof again, staff also excellent. The gym overly fancy, new like rest hotel. The price well worth I hope put up! It excellent place stay Dubai place stay independent in, really holiday go lounge around pool drink manhattans.",0.19382086999022488,0.5729423264907136,Jan 2 2009
14,14,"Excellent Value Stayed Xclusive Apartments 9 nights. Exceptionally good place stay. Our 2 bedroom apartment look like pics posted website.Good bits:Staffâs brilliant. Most staff I dealt Far East Pakistanis, polite helpful.Location good (nearest Spinneyâs 5 mins walk grocery shop opposite building).Rooms nice, bright modern.Bad bits:Lack free internet access building.Finding taxi (not Xclusive fault). Probably easiest way walk Burjuman ask Xclusive Reception order you. You end paying extra 3 Dirhams taxi firm. Due ongoing construction âoldâ Dubai (Deira, Bur Dubai, surrounding areas) taxis prefer working ânewâ Dubai Jumeriah, Palm Island, Marina area.We experienced taxi drivers refusing fares Deira City Centre, Gold Souk rush hours. Tip: Most restaurants Dubai deliver food door. So donât worry away restaurants.We used Butterfly Tourism several trips (desert safari, Al Ain, Hatta, etcâ¦.). It enjoyable experience. For desert safari camp Butterfly Tourism use better FunTours. Food great. Belly dancer good.Dubai Metro running September 2009. Until I see traffic Dubai improving.",0.41097222222222224,0.5856944444444443,Dec 2 2008
15,15,"Xclusive - In style!! Only stay donât mind away beach. Itâs good location explore real Dubai.I stayed Xclusive apartments four nights May. I visited Dubai many occasions stayed numerous apartments, one tops opinion. The property situated Bur Dubai - Behind new Spinnys next Burjuman Mall. For familiar, Spinnys Dubai's version Tesco. Excellent stock food drinks. Okay, concentrating actual apartment - I stayed one bedroom executive apartment located 5th floor view Sheikh Zayed Road. As enter room right small fully equipped kitchen area straight front small table two chairs. Then comes living room area complete sofa, chair coffee table. The TV LG 37inch (I think) flat screen also DVD player. The room floor ceiling glass windows door leads good sized balcony. The good feature glass used night falls becomes mirror. I quite enjoyed ; )The bedroom comes comfy king size bed plenty storage space. The bedroom also LG flat screen TV next dressing table. Oh also en suite bathroom, obviously. There also small guest bathroom next kitchen. IF YOU WANT THE VIEW OF SHEIKH ZAYED ROAD THEN REQUEST ROOM 504. I included pictures see self. Staffs excellent, always need them. The manager place extremely polite made sure I problems.Okay bad bits.1. The aircon room turns soon leave, come back feels like shifted dessert.2. There food facilities premises- much problem spinnys road also order take away Mcdz, Burger King, Hardees ETC. 3. Getting Taxi major problem, goes Dubai.To sum up- excellent place people want away beach. Cheap, nice cozy feel excellent staff.",0.2070702875935434,0.5287140508070741,Sep 14 2008
16,16,"Better places stay Xclusive I stayed Dubai numerous times I stay Xclusive again. There much better places stay even money paid. The rooms ok although kitchenette ugly poorly equiped. The main issue area resides. Expect get taxi everywhere restaurants shops speak would make stay enjoyable. Thats assuming find taxi. They seem frequent neck woods often. I guess residential area living cars. The pool area small make want stay long need towel need pre arrange housekeeping. The rooms serviced daily continually ran toilet paper (5 sheets roll perhaps) beds get made. Don't expect clean kitchen wipe surfaces. The reception small unfriendly. Overall first glance ok, gloss quickly fades stayed better places similar money I would recommend hotel... especially leisure traveller wanting get Dubai. If stay here, get clear directions beforehand. Taxi's know constantly search among residential blocks.",0.11402777777777777,0.46757936507936515,Aug 16 2008
17,17,"A great hotel!! Me family stayed xclusive apartment ten nights, expedia must say, magnificent.Once entered, greeted staff recieved complimentary bottle water apartment. There LCD TV living room one bedrooms. I also pleased see kitchen utensils provided thankfully provided kettle tea bags family could tea every morning.The also gym swimming pool rooms cleaned everyday. The location good close Spinnys fast food chains burjaman mall centrepoint mall.However really made staff. Polite friendly, staff made enjoyable like thank staff everything.",0.3704545454545455,0.5318181818181817,Aug 15 2008
18,18,"Excellent value spotless Stayed Xclusive 2 weeks. We arrived 5.30am temperature humid 36 degrees welcomed refreshing complimentary bottle water. The reception area small (compared Dubai hotels) friendly humerous staff make complete.The rooms best I ever stayed in, (but first stay Dubai) clean towels sheets changed daily basis. I cannot give enough praise hardworking, always smiling, nothing much trouble, housekeeping staff, thanks Jayson. The pool area clean quiet.Xclusive situated Bur Dubai near Burjaman Mall. Theres Spinney's Supermarket end stret cheap. The downside trying get taxi booked Hotel. I found easier walk end street flag one down.All all, would recommend family friends.",0.27004629629629634,0.5560185185185185,Aug 8 2008
19,19,"Great value money Just returned 5day trip Dubai. Found place Internet. They opened December. The apartment (a 2bedroom corner) excellent. It also kept immaculately clean. Bedrooms good size plenty closet space. Kitchenette complete give complimentary bottle water arrival. When come in, middle night highly appreciated. Staff helpful friendly.Hotel situated quiet side street, small supermarket accross road bigger Spinney's road. Walking distance fabric soukh 7dirham taxiride Museum.Comfortable, Convenient Clean. Highly recommended.",0.2562698412698413,0.48658730158730157,Mar 15 2008
20,20,"New Clean Friendly Hotel In Bur Dubai After spending first night Dubai another less 1 star Hotel Apartment (I refused sleep bed), husband I frantically searched new place. We came across apartment went it.When walked room I almost cried, welcoming 180 degree turn first place. Xclusive brand new new everything! Our room quite large mini kitchen, nice sized sitting area LCD tv, separate toilet/sink, full bathroom, large king size bedroom LCD tv. The staff friendly helpful. The pool rooftop typical Dubai pool, decent size chairs. There gym new equipment too. It blocks away new Spinney's convnient groceries near Burjuman Shopping Center, several meals.Downside: location us ended ideal. We much Sheikh Zayeed Road (mostly due traffic) beaches. Would preferred stay Jumeira. Also, business standpoint, though wifi free, horrible connectivity. I saw many guests complain- open door hallway sit doorway connection Very Good. But, since cabs extremely cheap, cannot beat price- around $200/night. We book directly, called number posted dubaishortstay.com",0.1574512987012987,0.48571810542398774,Mar 13 2008
21,21,"see get My husband I returned stay Xclusive Apartments Dubai. We stayed 5 nights happy report see photos exactly get walk room. The staff friendly helpful. The location good, main road, however construction site across road. Mind you, construction site across road places Dubai. Getting taxi farily easy, walk 2 minutes bigger road good supermarket 2 minutes walk direction. There also large shopping mall 10 minutes walk away. We would definitely stay again.",0.3613988095238095,0.5625198412698413,Mar 7 2008
