,Unnamed: 0,Reviews,polarity,subject,Dates_extracted
0,0,"Average Hotel Average HotelPros: Location,Complementary Breakfast, PriceCons: Cleanliness, Room service",-0.15,0.39999999999999997,0.39999999999999997
1,1,"Average (but 4 star) basic amenities looking 4 star amenities better find good hotel.. The best +point location.. close metro station (khalid al waleed - burjuman), zabeel park &amp; dubai creek (abra).. Worst part check procedure... travelllin road oman 6 hrs reached 2.15 pm &amp; got room keys 3.05 pm , 50 min checking .. pathetic !!! Room service &amp; housekeeping worst !!",-0.0875,0.5599999999999999,Sep 27 2009
2,2,"good friendly staff efficient..... centrally located, good buffet breakfast comfortable .....only nathroom size could increased.......overall satisfied.we flet heart city...................like home..........",0.4310714285714286,0.5542857142857143,Jul 9 2009
3,3,"Business Hotel Located Next Convenient Mall Our five day stay Regent Palace arranged business associates chose reasonably priced, located across street large shopping mall restaurants, close business offices. I satisfied would recommend business travelers.We corner room included separate sitting area. This gave us plenty space. Ask room upper floors get away noise clubs. Water warm hot. I'm probably one wants hot water desert. Breakfast quite varied plentiful food suiting various cultures. The staff helpful limited knowledge English. We never able get Internet work, tech support come days, blocks street found free wifi hotspot excellent croissants.Having mall across street meant always cool place go, important summer visit. There several nice restaurants food court well. I walk Old Town hotel, could take taxi $7. As female alone husband business, I felt safe walking area.The pool minimal, best.While I complaints hotel, I went back summer months, I would probably book room luxury beach hotels (I mean 6 7 star hotels!) instead. During off-season, get hotels price. However, hotels located convenient office areas would consideration.",0.14072255291005292,0.4704828042328042,Jul 7 2009
4,4,"It great stay... I travelling business trip.I choose Regent Palace Hotel location.It first time.When arrived,the staff respectful &amp; smiling,greeting guests.My room clean smells good.The bed comfortable clean.It really relaxing stay.Everything great sure go back stay Regent Palace Hotel.Thanks management taking care guests.",0.4374074074074074,0.5913580246913581,Jun 25 2009
5,5,"Fantastic. beautiful hotel,beautiful location,wonderful pleasant staff.mr sachin mr alex really wonderful helpful people.",0.7458333333333333,0.9666666666666667,Jun 17 2009
6,6,Loved service !! The spacious rooms ..,0.6,0.55,Jun 11 2009
7,7,"OK Hotel Dubai Stayed 2 nights Dubai. Location great - opposite road Bur Juman (shopping mall). The room fairly pretty nice decoration flat LCD tv. Extra bed quite hard though (my sister akined prison bed). Breakfast go (for check early) terrible, though breakfast buffet ok. Decent all. Tours booked also pretty cheap.",0.16071428571428573,0.5845238095238096,May 26 2009
8,8,"Good Hotel It good hotel, centrally located Karama (Dubai) approx 30 min airport. They provide visa services, i.e. book room, via email get us visa within 4-5 working days charge credt card. Its flexible get UAE visa sitting office. They provide airport pickup &amp; drop. There two bars two restaurants. Rooms comfortable, need buy internet connection. Breakfast - Indian veg. options available hotel. It near big shopping mall city site seening service every day morning.Across road behind hotel, several good quality Indian restaurants (walking distance) addition food option. Per night 500 Dirhams, might gone downturn. For visa service, take 700 Dirhams per person.",0.2537037037037037,0.4782407407407407,Apr 26 2009
9,9,"Loved Dubai never seen worst 4 star Regent Palace When arrived spend 35 min check .The girl desk interested include meal stay great arabic food bla bla bla.On experience I never include meal donât get sucked knows great them.The first thing I notice washroom dirty water pressure little I thought problem that, I call reception.After 1 hour maintenance guy comes tells normal them.We stayed 5 nights changing sheets every day.If put towels floor change never.When came back city tour 6pm room touched , service room came 9.30 pm ready go sleep.The restaurant team unfriendly I could believe .I never Dubai Middle East I know hell gave 4 stars Regent Palace Hotel.That parking, balconies, nothing 4 star western standards, let alone behavior team.I never recommend nobody I know",0.09732142857142857,0.5416666666666666,Mar 13 2009
10,10,"Choose antoher place PLEASE I stayed Regent Palace 3 nights. Let say today I'm back, I suffering 3 nights without sleep! The sound music bars loud enough heard even 4th floor 3:00 AM. It also good know room facing street, taxis stay front door start beep beep beep 2:00 morning. Simply I say convenient night there. It's even worse wake early morning go work. The staff also seem act 'Don't Care' attitude. Whenever want something, need ask ten times wait long request done. So please choose another place still time.",0.08499999999999999,0.39571428571428574,Jan 29 2009
11,11,"UNFRIENDLY UNWELCOMING @ The Regent Palace This located conveniently Bur Dubai, close many shopping areas, best all, right opposite BURJUMAN SHOPPING CENTER. It's location thumbs gets me. I found staff unfriendly, unaccomodating ask questions, like effort give answer. They always greet enter/leave hotel. The late shift (late evening, early morning) staff different however, much friendlier.The staff restaurant buffet breakfast unfriendly unwelcoming. You ask things like sauces, get smile faces. I call waiters tea/coffee always come table like they're supposed to.Their decor leaves much desired, rooms smelly like inhabited months, smell I liken Calamine lotion! The bathroom tiny. And I stayed 2 star accommodation better service!",0.14441964285714287,0.39598214285714284,Jan 19 2009
12,12,"Do stay We booked one nght stay prepaid. We arrived 10.00 p m, greeted surley rude receptionist. She demaned passports, credit card cover incidentals. Both passports seemed unusual, although request credit card not, follow request I gave pin number was! Whe I refused, gave machine, asked enter it. I said I happy, responded I wanted stay there, I input pin. She assured charge would passed.After argument, I entered pin, luck would it, declined. She asked another credid card. At pojnt, I refuse, asked cash deposit! I refused, said coould send manager see available.Eventuallly, shown room, pretty poorly furnished, immediately porter arrived empty mini bar!!!!Fortunately, stayed one night, noisy, left 6.00 m, vowing never return.We learned return UK tried take money credit card!",-0.06666666666666668,0.6666666666666666,Nov 18 2008
13,13,"Not great Being located opposite Burjuman Center maybe thing going hotel. Staff incredibly rude, grumpy slow concept whatsoever customer service. The decor tacky well evening entertainment. The pool nice, I went swimming times gym OK, nobody else seemed using though. Breakfast mainly Indian fare, fine used eating heavy breakfast morning varied little day day. I book excursions rip-off, phone calls well extremely expensive, lot fast food restaurants nearby supermarket end road general place quite grubby badly maintained.",-0.0783564814814815,0.5222222222222223,Oct 26 2008
14,14,"Never stay here. fooled I know long review, PLEASE READ EVERYTHING.Only one word. Terrible. I stayed September, (Lucky me!!!) Rock Bottom CafÃ¨ pubs closed Ramadan. I booked another website room Second Floor. When I arrived room, I noticed everything dirty not-working: TV facilities work, complimentary Water, tea coffe ALL 4star give u, NO toothpaste-toothbrush. NOTHING FOR 4 star hotel, rate.But... best willing come.On second day, I started hearing toilet terrible smell (i let u imagine kind smell) little noise; passing hours, smell began increase noise.I called reception maybe 4 5 times, NO ONE arrived. After 1 hour half, arrived guy, idea happening. He started work ceiling toilet and.......... I hear terrible noize, HE BROKE DOWN THE PIPING... toilet poor guy completely covered .. let u imagine what.So, Complained reception, One hour!!!!!! gave NEW ROOM...do u want know best??! They brought new room TOOTHBRUSH bought day before, completely covered Sh... pee!!!!!!!!!!!!!!!!!!!!!!!!!!!!!!!!!!!!!!!!!!!!!!!!!Absolutely AWFUL DREADFUL TERRIBLE.NEVER EVER STAY HERE.",-0.13536510942760943,0.4740993265993267,Oct 20 2008
15,15,Dont ever stay here! This one worst places I stayed following reasons:1 - The noise two bars/nightclubs ground mez floor till 3am every night week keep anyone staying awake. Not useful get go work.2 - It daily battle ensure cleaners left towels room3 - The DVD/TV work4 - When DVD/TV replaced worked batteries remote controls always flat.5 - My room pictures missing walls6 - Carpet needed good clean7 - Staff reception interest problems rude.8 - Quality food made Pizza Hut road look like good night out!9 - Internet expensive I decided I send emails reception run vouchers I could use it!,-0.0681712962962963,0.3374074074074074,Sep 1 2008
16,16,"NEVER EVER EVER STAY HERE I misfortune stay work reasons number weeks I tell following shockingly true. Please read entire review I know long.1. Rooms VERY VERY noisy due two loud bars , rock bottom ( terrible ) another phillipino bar bands worse LOUD DJ's. This goes onto 3am EVERY night room floors 1-3 WILL feel hear it.2. They restored managment offices 3 weeks directly room jack hammers 4am , drills , hammering course travels nicely concrete base bed . Ear plugs , still hear it.They followed MORE banging parts day night.3. Buffet sea food resturant WILL give diarear / make sick days I stopped eating there.4. Room cleaners bad , slow , hardly ever use vacume cleaner floors.5. Staff cases grumpy slow , totally disorganised.and care sleepless nights .6. In - Room internet dial slow costs fortune breaks , stays broken 3 days useless tech guy decides ready fix it.7. I moved fourth floor noise , simply meant I heard different banging different parts , addition room damp condensation mirrors 24 hours day .When I walked service stair well see damp , floors 3 moisture dripping walls good health.8, Management without question worst I ever seen , lovely 2 star hotels bali 5 stars Korea makes even worst look pretty good.9. GYM , staff plain creepy. NOT one day going gym I bothered female staff member coming , turning big screen TV LOUD sitting watching Indian soap opera. On top ,imagine using running machine guy comes cleans excercising , spraying cheap nasty cleaning products directly around , didnt imagine happeneded once.My female co-worker also staying reported female staff member attempting walk female changing rooms see naked number occasions.My advice . There much better hotels Dubai , must visit choose hotels NEVER stay one RAMEE run hotel.",-0.05710533910533913,0.5136421356421357,Jul 26 2008
17,17,"2 star 5 star rates I found Corrupt Indian porter demanding money bringing overnight guest. For made stayed uncormfortable.They charged $200 calling friend Oman. It 2 star 5 star rates.I would go Dubai now, feels like living construction site, small city history.Lots corrupt taxi drivers... pakistanis indians... Be streetwise Dubai.",-0.4166666666666667,0.7999999999999999,Jun 23 2008
18,18,"Good Value For Money We ended staying booking trip lastminute.com - great well located price. Most hotels tend little pricey, pay location. We stayed 2 nights end April 2008 enjoyed ourselvesThe room pleasant - reasonably sized warm, standard facilities television satellite. Good double beds - although overlooking busy road didnât hear anything. The rooms clean The breakfast morning good - standard buffet type staff friendly helpful needed All I would thoroughly recommend hotel.",0.414375,0.5175,Jun 14 2008
19,19,"Looking Food Poisioning? I travelled Dubai friend June 2006 week stayed Regent Palace Hotel. I would stay ever number reasons. Firstly, entire strong odour cleaning supplies, became noxious 2 - 3 days. Secondly, friend became violently ill vomiting diarrhea eating breakfast buffet - mistake dare make again. Thirdly, making tour reservations impossible, take cab another order make reservations. Fourthly, plugs room work, I use pen order plug iron in. On plus side, room strong air conditioning fridge safe. Unfortunately, safe stopped working valuables locked inside remainder trip. All all, definately worth value, I would recommend staying here. The TripAdvisor reviews describe tee, staff friendly times, loud overall poor choice best.",0.06736842105263158,0.4894736842105263,Apr 9 2008
20,20,"Short Stay First all, i'd like thank Mr. Basim Mahadik Destinations World (Airport branch) booking reached Dubai. 2 nights- Single room (Bed &amp; Breakfast) @ AED 1,93.18- The hotel's front Bur Jurman hard find food need waste $$ taxis 2 go shopping! Reached 7.45am excellent breakfast hotel's restaurant. Normal Check-in time 2pm!8.30am: Finished breakfast8.45am: Had cigarette &amp; read newspapers @ cafe bar ground floor.9.00am: Paid Dhs 30 1 hour use hotel's internet. (optional, Dhs 100 24 hours ya room u need ya laptop) 10.00am: Went walk around. noon: asked room reception wait till 2pm. went came back 1.30pm1.30pm: Told wait... ended sleeping leather couch main lobby. 3.15pm: Woke mad stupid counter attendant waking fill check form! 3.35pm: Finally got room card (218) Went second floor opened door... still ppl's belongings. Went back downstairs losing patience!! 3.38pm: Yelled stupid unprofessional receptionist got new card (room 318) went room tipped bell boy Dhs 10-4.50pm: After good shower.. preparing good rest. Heard someone trying open door came russian. That super stupid receptionist gave wrong card again!!! I tired... bother complain.Apart incident, I really much complain stay rather satisfactory, staff general friendly helpful. The room bed big enough + 32&quot; LCD TV &amp; great view Bur Jurman Shopping Centre busy street. Bathroom clean hot water bathtub strong water pressure.If got &quot;sommeil fragile&quot; recommend u get room upper level bass disco club!Noise outside (cars/ construction) cause problem u close ya window.There restaurants behind hotel. And U'll find really cheap cyber cafe bookshop along alley. It costs Dhs 3 1 hour. I guess all.. missed anything, please update. If u're single young couple short visit, I would recommend u hotel. Have nice trip :)",0.07041382299673116,0.5289071472744943,Feb 25 2008
21,21,"Less expected Due ongoing roadworks area unfortunately well placed looks map. While directly opposite large shopping centre, takes 5-10 minute walk negotiate building works actually move one other. The also conveniently located catching airport bus although staff information route.The room large comfortable, large television, DVD player large bathroom. However: reception staff slow disinterested; concierge slow; mini bar price list incomplete; unhappy carp kept underfloor tanks dining hall poor taste; breakfast terrible, room suffered noise smoke rising bar ground floor.",-0.057513227513227544,0.5155291005291005,Feb 8 2008
22,22,"Avoid costs !!! I stay company forces otherwise I go near place. A room front constant noise road construction outside (this going 12 months) stay room 3rd floor lower get booming disco rock music 3am. After 3am honking car horns bars empty.Stay front room 3rd floor hell !!Staff totaly unhelpful indifferent request make, fact lie constantly.I left room 10am every morning returning 2pm find room still cleaned , despite putting &quot;clean room please&quot; sign door. The room boy turns around 6pm offering clean towels instead cleaning room.The facities joke, swimming pool roof.....it's kiddies splash pool. Poor quality TV picture lack english language programs. Take look way electrical equipment plugged in......overloaded sockets, really safe NOT!No security, anyone walk street access floor hotel. The rooms peek-holes door sort security chain door. Be prepared accosted drunks looking mates.I waited 30 mins try get taxi outside hotel, bell boy supposed me. He gave walked away.Avoid possibly can, ruin trip!!!",0.04722222222222222,0.30277777777777776,Jan 27 2008
23,23,"TOO noisy After read several reviews I thought noise coming disco bar call hard rock club could terrible, try get sleep night flight, definitely place go to, especially price.Also rooms could use renovation.For rest food ok, general price room comparison get. If would located Western Europe, could survive.",-0.09270833333333334,0.5052083333333333,Jan 21 2008
24,24,"ok place Me, wife 7 year old son stayed going australia year return trip,after reading numerous reports dubious stopping.When arrived staff extremely freindly helpful,the food restaurants excellent,and rooms wer comfortable well,the swimming pool leaves lot desired reminded frog pond!.If stop atthis would definitely recomend american diner food fabulous service second none.All excellent stay dubai would go back again.",0.215,0.4846153846153846,May 18 2007
25,25,"Needs shake up! Stayed 5 times 2006 got back last visit weeks ago. The staff ever excellent always make feel home. A niggles including poor service breakfast Restaraunt Manager sorted out. It revamp 5th floor rest could improvement decor 'tired'. Spoke General Manager implemented changes whilst credit that. As tourist go business ideal. Traffic Dubai gets worse week central location must. They putting new metro finished 2008. The work outside doesnt help traffic flow. As office 10 minute walk away convenient probably go back nothing else local me. Rates creeping - everywhere Dubai - maybe idea shop around, also haggle prices deal direct!",0.010080213903743323,0.3712477718360071,Feb 20 2007
26,26,"Noisy place Stayed Christmas New Year 06 route part package holiday Aus. The good location opposite large shopping Mall walk Creek. The fair serious problem noise night (9pm-3am) due Club ground floor open non residents.We third floor many floors atrium design seems funnel noise upwards. This noise occurred one one two nights, reviws I seen indicate regular problem. I would go again.",0.12825507825507826,0.3828235866697405,Jan 10 2007
27,27,"Avoid costs Under circumstances, circumstances whatsoever, stay - unless like thumping, deep base, dico music throbbing bedroom night. The disco music runs something like 5.00am morning. The disco clearly proper noise insulation ths staff care.And ask room change conversation go like this. &quot;I would like change room music kept awake night&quot; Recepionist &quot;I know&quot; Me &quot;OK please change room&quot; Recepionist &quot;No sir cannot change room&quot; Me &quot;Why not&quot; Receptionist &quot;We full - change possible - may possible 4.00pm come back then&quot;. Same conversation 4.00pm except finite - change.In addition rooms shoddy hands free phone running power 10 seconds, room tea coffee toilet seats quality landlord put student's bedsit.If want internet card expect wait 45 minutes cashier return nobody else permission give one - even cashier returns expect much attention - clearly internet card priority.If free room Dubai - sleep street. It'll quieter. And 4 star, claims - then.....",0.026041666666666664,0.5151041666666667,Nov 14 2006
28,28,What shocker Stayed days . What shocker. Disco music 6pm 3am every night taxis picking patrons outside honking horns police sirens end session.Staff unhelpful understanding Do Not Disturb sign door. Would stay one left Dubai.Diane,-0.05,0.2875,May 8 2006
29,29,"Regent Palace well quite palace. Like reviewers, needs bit refurb great staff, good location, good convention centre - far away 15 dhms taxi, lively bar, go 'Bombay Nights' restaurant/bar ear defenders on. Never stay third floor level enjoy rooftop swimming pool, excellent gym sauna/steam room. Remember Dubai 'Footballers Wives'crossed 'Dodge City' plus prices hiked 15%+ 2006. Enjoy.",0.42363636363636364,0.645,Jan 31 2006
30,30,"Excellent Location We're regular visitors Dubai Regent Palace Hotel. Centrally located, close major attractions hop across Burjuman Center. The service EXCELLENT, friendly staff always willing go way. We would'nt rate 4-star international standards good value money.",0.3272727272727272,0.4751748251748252,Dec 12 2005
31,31,"Great Value Location With skyrocketing room rates Dubai, Palace offers reasonable rates, nice rooms, perfect location. Burjuman across street, everything else within short cab ride. Numerous bars Hotel. If want pampered----stay somewhere else. If want nice, safe place stay---in central location----then Regent Palace you.",0.386,0.608,Jun 25 2005
32,32,"Sleepless nights!!! Firstly, let's start good. The excellent location, right opposite Burjuman Shopping Centre, offers good selection normal high-end shops food court.Now good. We arrived checked room 124 1st floor. On closer inspection noticed door balcony shut (and I think balcony probably cleaned years judging number cigarette butts floor). After several feeble attempts fix it, moved much nicer room floor things started look better. That went bed evening. The bar called 'Rock Bottom Cafe' (some might say appropriately named!!!) ground floor live bands playing every evening till 3am. All seperating noise bar main door (that sound-proof) rooms built around atrium, noise travels fairly easily throughout. Anyway, could hear night till 3am band (and I mean could actually hear singer words songs) room vibrating. We complained following morning moved 4th floor opposite end bar. Although noise issue much better could still hear faint noise bar also high-spirited people congregated atrium.The staff indifferent. One day returning room found cleaned (as be) bath hand towels left. The obviously long since given customer feedback/satisfaction three rooms stayed completed customer feedback forms previous guests picked seeing exactly flattering, makes wonder even bother.The touted 4 star I rate higher 3. The reason probably higher rating swimming pool gym. The gym quite nice pool roof big nice. If thinking booking hotel, I would advise strongly recommend look book elsewhere I'm sure nicer hotels value. If misfortune already booked here, make sure get room 124 ask room high floor get opposite end bar - warned may experience many peaceful restfull nights!!!",0.22264496044629972,0.4516170271527414,Feb 28 2005
33,33,Einladung zu 1001 Nacht,0.0,0.0,Feb 15 2009
