,Unnamed: 0,Reviews,polarity,subject,Dates_extracted
0,0,"Spacious Well firstly, someone pointed review, people describing London crown 1 grotty &amp; unclean confused London crown 2, indeed that. London Crown 1 located near four points sheraton standard chartered bank al mankhool road. London crown 2(the bad one) located bank street area(some 50 mtrs main street), near burjuman center.And I correct London crown 1 2BHK &amp; 3BHK roomswhile London crown 2 studio &amp; 1bhk roomsNow review London Crown &quot;1&quot;Location : It located quiet residential area al mankool road, behind standard chartered bank. Its walkable distance(max 10mins) departmental stores like spinneys choitram , couple decent malls,electronic shops like Jumbo also apple store, nice restaurants(including KFC Mcdonalds), pubs . And dont mind walking bit more, could awesome Mina bazaar leisurely walk 20 mins.And convenient store right opposite daily requirements.Rooms: Well, I walked room first time, first words - 'wow, thats big!'..I stayed 2 bhk room along one office collegue. The living room big LCD tv, comfy sofa set, dining table. The fabric sofa set look like needed urgent fresh fabric upgrade.The bedrooms divinely comfortable queen sized double beds, CRT TVs good storage arrangements.There 2 bathrooms, one bathtub, separate shower area. Decent sized, simple, clean.The room service great job daily keep everything neat clean.All rooms werespacious clean, furnishings relly outdated.Service: At times room service prompt times gave headaches. On first night I asked give wakeup call 6am I important meeting..The next morning one bothered give call! Fortunately cellphone alarm went 7 , I hour late first day. One lady, seemed philippines, tough time comprehending english.Either misunderstood I wanted brought something else, forgot together.Food: The chicken club sandwich 23Dirhams absolutely awesome.. I ordered 20 times 45 days I stayed ! The food good, took really long deliver. Sometimes took hour.There nice restaurant called Grand restaurant opposite building, served even better food (Indian, Chinese continental) half price!! We ate dinner almost every day.Or always wander outside many good lebanese, indian,continental chinese restaurants.I didnt pay month half stay I official business trip.I learnt however cost 800 Dhm per day /per room company..a little pricey I think taking account not-so-good service outdated furnishings.",0.1552243343573989,0.4681643625192013,Oct 2 2009
1,1,family good good romms great location,0.55,0.5125000000000001,May 15 2009
2,2,"Stay somewhere else!! Bad smells rooms arrived. Furniture &amp; fittings basic. Bathroom urgent need update, nice use. The whole place could 'extreme makeover'. Not recommended plenty nicer apartment hotels area. Only positive breakfast bad, paid 30dirhams whether tea toast whole buffet.",-0.13227272727272726,0.6216287878787878,Nov 15 2007
3,3,"Confusion: London Crown 1 I suspect earlier reviews actually London Crown 2! This one close Bur Juman Shopping Centre, along road âBank Streetâ. It say outside London Crown 2, is!London Crown 1 actually away Bur Juman Centre, still walkable, block behind Ramada Hotel. Of two, London Crown 1 far superior. I know mix booking March forced move LC2 LC1, expensive well worth extra money. London Crown 1 located much quieter street, ten minute walk shopping mall. The apartments much bigger, much better maintained much luxurious. The kitchens better equipped, still utensils missing. (Get used it! This common problem Dubai's serviced apartments) There pool nice little cafe meals. .London Crown 2 indeed rather grotty studios bad TV reception, appalling bathrooms poorly equipped kitchens. The big plus two minute stroll Bur Juman Centre. Forget London Crown 2, go London Crown 1 put extra walk shops",0.019749999999999993,0.4648888888888888,Apr 30 2007
4,4,"50/50 The London Crown 1 spacious convinient location Bur Dubai. The provides free airport transfers appreciated. The negative side though, rooms adequately cleaned especially bathroom kitchen area, quite disgraceful.(Carry towels, bed linen changed daily appears clean).Some staff members seem racial prejudice may make one uncomfortable.",0.03148148148148148,0.5481481481481482,Mar 28 2006
5,5,"recommended - quite dirty loud london crown pretty grotty establishment. okay calls 3 star, live tv bad reception standard fittings, clean - wasnt. bathroom VERY dirty, mould throughout. gaping holes false ceiling could see wiring. paper thin doors walls, could hear elevator dinging floors end corridor room door closedNOT recommended price charge.",-0.13881542699724517,0.6742424242424242,Mar 25 2006
6,6,"Avoid! April 2005. The standard accommodation low certainly normal tourist standards. The bathrooms kitchens particular shabby, rundown, dirty, poorly equipped. In addition, pool apartment block, long term rented apartments let tourists, even though pool advertised. The photos websites advertising apartments bear little relation reality. The Reception admitted given us &quot;bad room&quot;, maintained good rooms. Unfortunately unable show give us one.",-0.09583333333333334,0.5441025641025642,Apr 21 2005
7,7,"Loved London Crown Hotel We still reminiscing fantastic stay London Crown Hotel. Its location convenient close main road shopping centers still away noise hustle bustle heavy traffic pedestrians.The lay studio flat marvelousâ¦ cozy big, consisting nice table next window one enjoy romantic meal comfortable, plush sofa relax sipping drinks queen size bed indeed warm inviting. The kitchen opening towards bedroom thankfully door closing kitchen compartment bedroom/living area âwhen walk flat donât smell food cooked!âThe kitchen however bit better equipment would nice bottles drinking water provided guests donât go day check buy water drink.The breakfast fantastic.. There spread Western Indian cuisine scrumptious. Spending couple days London Crown breakfast place skeptical whether bored breakfast thing, place day day out, case tire breakfast allâ¦ simply wonderful really looked forward it.The front desk staff could bit polite especially came complimentary airport transfer, understood something guest worry about. On whole however, staff good attentive needs.Paying $64 studio flat per night wonderful breakfast really monies worth surely pick London Crown Hotel next time around!",0.2467094017094017,0.5155698005698006,Feb 7 2005
