,Unnamed: 0,Reviews,polarity,subject,Dates_extracted
0,0,"Clean comfortable My wife I needed somewhere reasonably priced last minute staying Dubai weekend. Walked offered reasonable rate. The rooms good size clean, staff polite. If I stay Dubai again, I'll definately look place.",0.3041666666666667,0.5458333333333334,Nov 12 2009
1,1,"Good value money We stayed Rose Garden Hotel Apartments Al Barsha (the main one near Burjuman), 7 minutes' walk away Mall Emirates, lots convenience stores restaurants around corner, location-wise still bad.What really bad hotel's location taxi drivers would never heard hotel, would take lot effort make understand heading (been taking cabs almost everyday, none drivers knew located).The staff nice, though speak fluent English, tried best accommodate needs.The rooms nice, newly built, everything new. The apartment unit I stayed 32&quot; LCD TV, nice fridge, washing machine/dryer, microwave-oven, LAN point. Internet access free.The gym fantastic -- always empty. Swimming pool relatively small, nice view pool, see Burj Arab clear day. Tip: Get staff book cab day return, impossible get cab Al Barsha area day.",0.23413636363636364,0.6221212121212121,Aug 31 2009
2,2,"Value money I stayed Rose Garden Hotel Apartment Al Barsha great... Staff nice rooms well made equipped. Rate offered competative I enjoyed stay..... The problem I encountered limited mobile signals rooms except facing road. It must business traveller management look resolving problem urgently. I expecting business calls nothing ring next day I realised I signal room... Upon request, staff effecient courteous enough move upgraded room facing front great....",0.31726190476190474,0.6029761904761904,Jun 13 2009
3,3,"Great location lovely accomodation We stayed 3 nights lovely time. The apartment clean well equipped, nicely furnished comfortable. Lovely airconditioning. The staff great. Reasonably priced. It fantastic location. 5 minutes taxi Mall Emirates. A good Indian good Thai/Asian resturant right across road.Just make sure address go anywhere taxi many many hotels Dubai. I think would hard taxi drivers know all. The taxi driver airport sure rang get directions. I found taxis safe metered.",0.4396428571428572,0.7304030910609859,May 28 2009
4,4,"Great value money good location! Clean minimalist accom! I chose rose garden apartments mainly cost location. My partner I disappointed! We booked expedia.com got complete bargain last minute (compared dubai prices..) The location Al Barsha one newer areas still much construction, surprised find lots dirt sand patches. Getting taxis easy (and inexpensive!), right main road hail right outside lobby. One slighty annoying aspect new newer area many taxi drivers know is, take map marked it.We requested early check arrived New Zealand 5am, gentleman front desk said studio rooms available (of booked) upgraded us. A pretty good first impression hotel! The room great two us. 2 toilets, one ensuite shower. Seperate large kitchen everything needed cook eat with. Spacious lounge comfy seating huge superking bed bedroom. free wi-fi also huge bonus!Cleaning room promt, anytime left &quot;please make room&quot; sign door done straight away. While staff friendly, exactly overly helpful excpetional amount english spoken...A cafe resturant located downstairs, go way cheaper buy food supermarket cook room, great grab drinks snacks needed. The pool nice roof, exactly need mercury rises high like us. I notice noise construction going much, guess noise bothers ask room away itDon't get wrong hotel, way 5 star luxury, clean, new spacious great location perfect price. Don't book anything last minute Dubai prices insane otherwise.Overall though, pleased Rose garden apartments would reccomend others understanding basic accommodation. Check website pics etc :)",0.2815293432982113,0.5820182961692394,May 24 2009
5,5,"Rose Garden Hotel Apartments Barsha Dubai The location great, 5 minutes Mall Emirates. The clean, facilities good staff friendly. The rooftop swimming pool order start stay open again. The downside great place construction behind hotel! The workers set camp balconies morning (7am), start loading scaffolding onto trucks. Then hammerdrills start! There soundproofing, noise shakes room. We tried move rooms get away noise unless took internal room next lifts. Once construction ends fantastic hotel, then, unless early riser I'd cautious.",0.2705128205128205,0.5884615384615385,May 13 2009
6,6,"spacious rooms excellent size family friendly despite sharp edged furniture....location walkable mall.pool service 1 month, 1 day post arrival, wifi operational 50% time.room service quite good - although forgotten 2 days...",0.39,0.77,Nov 3 2008
7,7,"Good Good near Burjuman:)Very good service, clean beautiful appartments.",0.5694444444444445,0.65,Jul 12 2008
8,8,"Lovely aroma Roses corridores .( Garden Fresh ) The apartment magnificient , spacious big rooms, clean, tidy &amp; never experienced incredible service before.The thing like lovely aroma Roses corridors.Friendly staff make us feel comfortable.More apartment minute walk Burjuman shopping center.Easy acess Routes.We wonderful time.Defenately next visit December 2008 stay here.",0.36666666666666664,0.6076923076923078,Jun 18 2008
9,9,Excellent Location Dubai.. Lovely place still eyes. The Hotel Apartment stayed ideally located behind huge shopping mall (Burjuman). Nice place stay suitable families. The rooms huge clean.,0.5090740740740741,0.8805555555555558,Jun 4 2008
10,10,Run overpriced I stayed apartotel 2 nights. The cooker didnt work wash/dryer did'nt dry bath full hairs mould around edges. The carpet filthy. The internet 3US 1 hours use limited max download 20 MB. Run overpriced. I would'nt stay again.,-0.14986772486772487,0.47843915343915344,Apr 26 2008
