,Unnamed: 0,Reviews,polarity,subject,Dates_extracted
0,0,"Don't A friend mentioned me, recommended Marhaba services I spent one night passing Dubai, wanting try something new usual stopover places, thinking standard alright, plus I get negative information friend, later realize I get information all, name hotel. The short impressions standard alright Vendome Plaza one worst hotels I've ever stayed - smells freshly painted even paint least old grandma. Together overall shabbiness hotel, creep make feel comfortable. My first room made walked corridors time get another one, I felt like checking wardrobe huge cockroaches (don't worry, there're none!). A trifle I find rather descriptive: Do know places remote control work despite fifteen layers scotch keep batteries inside? And location? Well, middle nowhere, that's mean, many hotels are. You rely expensive cars keep waiting dozens minutes cab, that's true, &quot;normal&quot; Dubai weather, not-walking, I see makes much difference. I'll certainly stay Vendome humbly go back favourite overnights Ibis/Novotel Deira - cleaner, light, cheaper (on good day) plus actually walk City Centre shop, eat see movie two.",0.04005550900712192,0.4007034632034631,Sep 13 2009
1,1,Business Dubai A nice medium Business trip .Good money. Easy accessable different malls. Good transporation facilities.,0.4333333333333333,0.7583333333333334,Apr 27 2009
2,2,"I dont' advice you! We recived 22:00 visiting intersec exhibition. reception helpfull, room clean, disco voice terrible sleep first night. key door work well personals ill-treating.",-0.09666666666666665,0.6666666666666667,Jan 18 2008
3,3,"Nightmare We arrived Vendome Plaza Novembre 8th 2007 late evening.The staff helpful.The point Hotel really bad.Rooms dirty, old smelly.We checked rooms 3 seconds realized move away.It possible really bear dity room.the staff open us rooms, even suite, th suite old food everyewhere.We moved immediately.",-0.020454545454545444,0.4522727272727273,Nov 10 2007
4,4,"Ok pollution hazard I rang day arrival confirm booking find provided shuttle service airport.The reception desk confirmed booking said would collected airport, took details airline flight number time.On arrival Dubai looked shuttle found none, buy phonecard called ask shuttle was. The receptionist told offer shuttle service I could take taxi.On arrival staff helpful porter etc good.The room OK, room really need maintenance due rotten door frame mould shower walls.From 9 pm everynight 3am loud music Indian discotech ground floor building. The problem air disco, laden cigarette smoke, vented small duct building air conditioners also take 'fresh' air rooms. This creates horrid situation. So noise smoke, pollution rooms pretty horrid.I also asked airport shuttle issue found offer service every three hours.",0.165,0.5958333333333333,Oct 29 2007
5,5,"Last resort! We forced stay missed connecting flight Dubai. Emirates put number passengers flight hotel. I certainly would paid stay here. Maybe someone Emirates airlines try staying night might think could adversely affect reputation company. The table cloths dirty corridors smelly kind cheap disinfectant. We supposed 3 minute international call free due flight delay. I tried number times could dial hotel. Three times I told log room system would take 5 minutes. But even 3 hours I could make call. I go get cash machine (we Dubai currency planned stay country) could buy phone card phone home call box. It also necessary buy toileteries. Our luggage already checked toothbrushes, toothpaste toileteries. In bathroom soap dispenser wall toileteries expect find decent hotels. The first room air conditioning work. A man came climbed step ladder fiddled better. Eventually given another room air con work. In rooms curtains partially hanging curtain rails. We told would leaving 5.30 bus get airport 6.00am would get alarm call 4.30 am. We wakened alarm call 11.00 pm asleep hour half. No alarm call came morning almost missed bus airport. It I shower I realised towels room. We phoned asked towels delivered took long dry bed sheets would miss bus airport. There plenty places within walking distance found place eat clean affordable.I would recommend anyone. Quite frankly I would preferred stayed airport night !",0.02785894660894661,0.5053932178932179,Mar 1 2007
6,6,"unhelpful reception staff On arrival asked details bus beach, told leaves 9am every morning. So next morning arrived minutes waited around 20 mins sign bus. When checked one receptionist said could time till 10am checked another receptionist said would minimum occupants 5 rooms 5 groups.... response unclear consistent.The rooms clean reasonable size. The bathroom could maintenance. Generally OK",0.14444444444444446,0.4833333333333334,Oct 30 2006
7,7,siamo dubai?,0.0,0.0,Nov 1 2008
