,Unnamed: 0,Reviews,polarity,subject,Dates_extracted
0,0,"Amazing! Just stayed Raffles 3 nights want leave! We lovely room sofa area balcony althought could see highway, hear thing! Pool lovely again, road noise affect us all. Nice touches Reception staff chekced us in, calling us Mr &amp; Mrs Sh....h everytime saw us - impress.....we actually eat restaurents, sushi, shisha cocktails one evening Cocktail Bar lovely chilled, relaxed atmosphere - Bar Tender made best cocktails ever tasted late getting camera ready photo 'flaming' one - ust went got alcohol us, extra charge.. cocktails expensive tahn anywhere else Dubai.... Only one tiny thing spoiled stay us trying tp print boarding passes Business Lounge - 2 hours later husband still trying - really exepct Hotel calibre... certainly stop us staying again... oh afternoon tea!!!! Amazing!1 One 2 enough! We loves stay hopefully able stay one day.....",0.2493170705782313,0.5403061224489795,0.5403061224489795
1,1,Stylish friendly luxurious A wonderful 5-day stay Raffles - wonderful 5-star Egyptian style perfect location Bastakiah Dubai Mall also start city sightseeing The Big Bus - recommended! The suite equipped amenities incl. coffeemachine bathrobe. The restaurants swimmingpool area lovely best service! I definitely stay next time Dubai!,0.5525,0.6464999999999999,Nov 16 2009
2,2,"Couldnt Fault It Just Superb My wife I made last minute booking Raffles usual stay Dubai full(The Address Downtown Burj Dubai),we werent disappointed.Check faultless room superb size, amenities view.The staff make hotel,nothing much trouble.The mentioned quite close 8 lane highway heard pool area seemed blend background didnt consider problem.The adjoins Wafi Mall eateries chose from.But aim short braek relax sun pool days,the pool area staff brilliant could faulted.We looking forward already next stay Raffles",0.3136363636363636,0.45606060606060606,Nov 8 2009
3,3,"Felt I going sleep middle highway I checked immediately checked hotel. The location adjacent highway I could hear room. The pool next highway. This relaxing. The room lovely. To hotel's credit, charge late cancellation.",0.05,0.3375,Oct 27 2009
4,4,"Understated oppulence My husband I arrived home hours ago wonderful stay hotel. Having trawled trip advisor best recommended hotels Dubai, I decided I want something huge plastic, chose Raffles. I pleased choice celebrate 50th birthday. The sophisticated small enough personal - many huge hotels commercialised impersonal, although nice visit dinner, pleased 'come home' end evening. Service impeccable. Our butler enough us (although I rather suspect we'd taken offer unpack/pack us, would've felt even special... next time!)Lovely spacious room, great bathroom, FABULOUS bed, bedding towels. The best bed we've ever 5 star - anywhere.Pool area sunbeds nice, big. Pool service excellent, pool chaps bring complimentary bottled water glasses ice immediately lie down, followed iced flannels complimentary sorbets!Only side felt buffet breakfast - service - incredible, hot 'English' choice good we're used normally, although lot guests local bacon eggs probably thing!One tip though would go Dubai till least November Jan - 100 degrees day - hot sunbathe unless 9 morning!The Wafi shopping mall attached beautiful COMPLETELY DEAD! Reckon people go new Dubai Mall (HUGE HUGE HUGE!) But upmarket shops doorstep - Wafi fine.We ate Fire Ice (Steak restaurant) - good also quiet expensive steak place. The Asian Noble House looked superb, although also quiet.All all, would definately stay Raffles Dubai next time Dubai - really fault - excellent (and 10 mins airport).",0.33431627967991606,0.5938560934015478,Oct 11 2009
5,5,"Over top underwhelming A mixture haute, ritzy, bad taste, huge suites incompetent staff. I stayed",-0.037499999999999936,0.6083333333333333,Oct 11 2009
6,6,"One best hotels Dubai Hard short stay Raffles. Loved location, Loved service. But all, loved room. Big stylish. You cant go wrong. A must stay hotel..",0.3458333333333333,0.6041666666666667,Oct 6 2009
7,7,"Amazing stay I staying 1,5 weeks wonderfull property. Not nutcase Dubai myself, I still say fantastic. The property itself, location, service, food... simply outstanding. One thing I point I never experienced great eficient room service I've stayed before. You make call room service department whatever ordered fresh, crispy, hot mega tasty room 25 minutes later. The choice restaurants bars phenomenal too. The staff attentive, helpfull genuine too.If I go back Dubai, I stay there, nowhere else.",0.2976923076923077,0.6288461538461537,Sep 25 2009
8,8,"Outstanding Hotel We spent 4 nights Sept 09.The beautiful oozes opulence every turn. The standard rooms suites enormous. The flat screen TV biggest I ever seen let quality signal received many channels. Why addressed mystery technology must where.Each suite butler assigned our's Prakesh Chenni attentive polite.We ate Asiana Noble House restaurants, exceptional ambiance, quality food attentiveness staff. Ten ten both.The stay marred business proposition (of sorts) made gents spa, I declined, I suppose goes ever market it. The management horrified I mentioned aware situation, may act discourage it.",0.200359477124183,0.5375816993464052,Sep 12 2009
9,9,"Amazing We stayed Raffles Hotel one week July. The service excellent everything done make us feel home. The rooms luxurious kept clean. The bathroom also clean. The swimming pool area empty time great whole pool ourselves. However, tiles pool slightly hazardous careful knock toes. The food served breakfast good variety every effort made staff cater individual needs. There good range restaurants adjoining Wafi City. All shops upmarket fairly expensive. On last night stay ate restaurant Fire Ice. Beware expensive is, ordered bottle water afterwards found Â£11! Therefore would recommend eating dinner. Overall excellent stay Raffles would definitely recommend like busy, touristy hotels.",0.29291666666666666,0.6363333333333333,Aug 14 2009
10,10,"Probably best Hotel Dubai This best &quot;new&quot; 5* Dubai. It`s luxurious impeccable service, yet remians quiet unobtrusive.Location good, close airport yet still handy Dubai shopping, sites etc.All accomodation suites, starting 50sqm large. I stayed Diplomatic suite, 160sqm big enough live in.Great reaturants, especially Asiana bars good views Dubai.",0.3832096474953618,0.48860544217687074,Aug 3 2009
11,11,"Not missed! I went Raffles Dubai 2008, mum took 18th birthday. What brilliant treat.A quick rundown hotel: egyptian themed, shape pyramid, lobby tastefully done creates fantastic ambience.Adjoined Wafi mall, although best mall dubai still provides good location retail therapy. The situated 10 mins airport.Good Points: decor - stunning aforementioned.the rooms - fantastic layout, beautiful room, comfy bed, nice day bed/sofa, fantastic rainforest shower. Electrical appliances huge plasma screen tv, top quality Bose Soundsystem also plus.the breakfast - enjoy food, thus breakfast heaven. If regular traveller Dubai stayed Jumeirah, comparable, bit smaller. Fantastic selection tropical fruits pastries.Service - brilliant attentive staff, over-helpful. They hailed taxis extremely efficiently .Bad points- Location - Although bad, located distance Dubai's main attractions i.e Shiekh Zayed Rd, Mall Emirates Palm/Marina-Check In - Was bit tedious although expected arrived dubai 5am.Overall, fantastic trip, I chance go back there, certainly would.",0.3082512315270936,0.6982190223569533,Jul 28 2009
12,12,"Needs alot ba par elite Dubai hotels..... The gives high expectation checking-in, soon check-in would know raffles still needs alot learn excellent hotel....The check-in person weird...he checked us said accompany us room....ok thats good, but, way room lobby gave room key even say WORD!!!!! Nothing!!!The room checked 9th floor...Good spacious room A/C working well!!! I know new 5star would check guest room know A/C working well!!! Also mini bar cooling good!!!! Anyways contacting manager transferred room 13th floor.... The service Raffles slow, anything requested room call atleast 2-3 times remind late deliver!!The good things Raffles are:-Good size Rooms + Nice Bathroom...-T.V. screen size great...+the variety channels available....-Location next Wafi Mall easy reach access...Overall, would say Raffles good still needs alot excellent specially Dubai excellent solid choices compete with.....",0.4064895232082732,0.6055170755170756,Jul 22 2009
13,13,"Far maddening crowd When I booked stay Raffles Dubai I went agonies thinking might tacky gimmicky like theme park. How wrong I was.Arriving airline limo entered cool vast atrium massive columns waterfall feature flowing shallow pool interspersed beautiful chandeliers. Check-in quick painless escorted suite butler.The suite huge! Gigantic (and way cool) bathroom, excellent terrace, sizeable sofa comfortable bed makes possibly best accomodation Dubai. We overloooking pool skyline downtown Dubai horizon. Some people commented traffic noise doors terrace closed I hear thing.Possibly best thing tranquility quiet opulence. I considered staying either Atlantis Al Qasr. Visited horrified hordes visitors crowding public areas; madness!Breakfast taken outside sumptious treat western Arabic foods prepared presented flawlessly.Loved pool clock waterfalls, swim bar spa. Spent final afternoon battled way round adjoining mall.Wouldn't hesitate stay Raffles Dubai again. In fact, I think I prefer Singapore original!",0.18204594017094017,0.591880341880342,Jun 25 2009
14,14,"Absolute Comfort Hospitality This perfect terms buildings interior design, room, facilities, service excellence. You get feeling everybody shows personal effort make comfortable stay. There always someone around serve, lead within seconds whereever hotel. Laundry, room service, internet speedy. Rooms silent. Coffee making facility good quality. Multi channel, large screen LCD TV, spacious bathroom, balcony perfect view make want stay room. It's direct access Wafi City mall another advantage. It's possible spend days without going out, enjoying facilities SPA, pool, fitness area.",0.3010989010989011,0.5945054945054945,Jun 5 2009
15,15,"Raffles - And thought I ave seen beatiful rooms dubai :) time enter room, know treat, great decoration structured nice time out, I like mix egyption, arabic modern decoration. The resturants nice, Swimming pool amazing, SPA ok pricey seen much better, top floor club good, crowed interestig .",0.5454545454545455,0.6863636363636364,May 23 2009
16,16,"Beautiful peaceful retreat Spectacular hotel, incredible luxury set-up although little remote - near beach, near city centre good airport. If looking relaxed chill maybe ideal although rooms outstanding, bars &amp; restaurants excellent (if pricey) pool/spa super slightly suffer noise. Very busy roads surround traffic noticable; pool rooms. Top tip - ask garden view room. Rooms also terribly well sound-proofed - may pyramid shape problem? But neighbours audible, nightclub beat apparent whilst irritating wildly annoying little less 5*On WAFI Mall good restaurants - Carters, Ashok (excellent indian) &amp; super Arabic restaurant lower floor Souk. Another tip get WAFI Mall discount card secures discounts food &amp; drinks - ask Mall desk. Recommend short stay.Avoid Big Bus Tour Dubai... long, uninteresting dual carriageways shopping malls!",0.18836111111111106,0.5760555555555555,May 6 2009
17,17,"Great - tacky feared! On seeing pictures neighbouring Wafi Mall little concerned whole Egyptian theme would make place really tacky (even Dubai standards). On arrival therefore pleasantly surprised inside lovely 'Egyptian' themeing OTT. The Signature suite booked lovely, spacious spotlessly clean. Toiletries ny Pehnhaligans got big thumbs up. Our rate included breakfast catered every need Asian European obviosuly Arabic. That said sure we'd paid circa 50 pound 2 included (there much cheaper alternatives Wafi mall get inclusve deal.The pool area little small quiet usually dozen people (when checking told quiet busy told occupancy 50%!). Note - beside busy road noise bad construction immediate area. Also quite near airport hardly ever see hear plane. It quite way beach downtown.Would recommend Asiana restuarant terrace stunning views downtown Dubai. Not cheapest meal - well worth it.Problems - problem booking (not caused travel agent). At first want help (surely 5star would want help resolve) - speaking Layana Caroline reception helped confirmed everything resolved.",0.11517857142857145,0.4816468253968254,May 4 2009
18,18,"CLUB facilities sorry worth extra grand. We spent 2 weeks dubai last july thought would spend one week marina beach front Grosvenor house shopping second week golfed dubai creek golf course stay new Raffles inc signature suites .The suite lovely butler took us guided tour around unpacked.For rest day spent pool relaxing quiet .That night went club lounge asked take seat someone would come take drinks order 20 mins later got drink also shown buffet table dis beleive EG nuts ,small breads pate small amounts cheese ,i asked quiet told another people staying club rooms .We got 3 drinks per night lucky buffet well ,definitely patch Grosvenor house club facilities first week,and ijust say Mr park staff attentive considering two places keep going club room bar 44 busy food club room varied every day.AS staff raffles took 20 mins serve 1beer glass champagne felt empty felt asking another drink.THis would expect mark raffles quiet sorry say DEAD,We love dubai overall even left night went Abu dhabi better stay al beri nice.We complain atoll spent 1,000 pounds top room charge club facilities want value money .I must admit dear drink 8 pounds pint ripoff lovely ,great rooms good food club raffles.",0.09908054908054907,0.43440429940429953,May 2 2009
19,19,"Raffles Dubai exceeded expectations Last minute booking 5 nights 50th birthday New Year. Lovely flowers, champagne chocolate cake waiting me. Spacious comfortable suite balcony. Staff without exception helpful, friendly, knowledgeable efficient. Loved Impressive Egyptian-themed lobby. Yes bling Dubai!!!!! expected this. Fabulous pool. Excellent dining Azur Restaurant. Very convenient location Dubai &quot;Big Bus&quot; tour Wafi Shopping Centre.",0.43012396694214877,0.6610192837465565,Feb 13 2009
20,20,Incredible Hotel What amazing hotel. One best I ever stayed in.We picked airport professional driver great car. Lobby impressive allowed check early.We given fantastic suite butler call time. Room generous size finished high quality.Bars restaurants good - particularly Chinese restaurant.I loved place.,0.5395897435897437,0.5996410256410256,Feb 9 2009
21,21,"Not happy I disappointed frustrated hotel. We booked great reviews sadly, place really lacking next Al Qasr also stayed. The Al Qasr worth every cent, here. I fact, I wanted check Raffles go back AQ husband want pack move again.Why I happy? There wow factor begin with. The rooms nothing special. They nice, I find odd shape bed uncomfortable. There door toilet. I find major design flaw everyone comfortable business front person may also bathroom time. I also dismayed see kettle teabags. It's simple things want see. Sure, fancy coffee maker, everyone drinks coffee. The lights balcony working bathroom door broken arrival. The butler called bring missing ironing board iron, kettle, teabags fix lights. If price tag ubove would big deal. It relative all. However pay big money here. I expect simple things there. It hard lousy teabags place. I could fault Al Qsar. It similar price range. Go there, here. It truly first class experience I go future. I would recommend Raffles friends family I wait leave.",-0.007633053221288511,0.4374883286647993,Dec 18 2008
22,22,"Out world! Stayed (room 1118) 19 Nov - 22 Nov 08. Amazing service, gorgeous room. Lovely L-shaped cushion. Found Egyptian decor refreshing Raffles Singapore, Raffles (Angkor Wat). There amazing choice complimentary lavazza coffee, coffee machine room too! Pity take coffee. The pool interesting water clock tells time too. F&amp;B: Found breakfast spread little limited - food's good. NewAsiaBar nice - hang took tour hotel's facilities. The Chinese restaurant, Noble House interesting high-back chairs. Didn't try restaurant Singaporean Chinese, definitely get better Chinese food back Singapore. It's extremely convenient pretty near airport, connected WAFI, mall. All all, shopping Dubai expensive - really good deals, head Dubai Factory Outlet. Very good deals found look hard enough.Would definitely go back Raffles Dubai get chance again. When WAFI, remember check Arabian Souk basement they've segmented market-style shops souvenirs. The stalls divided Turkish, Syrian, Egyptian quarters. Other activities Dubai would dune bashing. :)",0.257813492063492,0.5563174603174603,Nov 23 2008
23,23,"Amazing!!!!!!!! Spent weekend Raffles celebrate sons 18th Birthday, say, fantastic, food amazing, staff wonderful.The decor breath-taking, pool fabulous, staff Fire ice restaurant ...outstanding.Cant wait go back.",0.38333333333333336,0.6333333333333333,Nov 11 2008
24,24,"Absolutely fantastic ! We stayed Raffles Dubai week Oct year birthday treat. It certainly absolute treat ! We stayed hotels Dubai Raffles Singapore. This best Dubai (we previously stayed Meridien Jumeirah Beach Hotel previous years) I put birthday cards table birthday went pool. On return beautiful birthday cake waiting me, courtesy hotel! Our suite lovely services butler need anything. The staff throughout pleasant helpful genuinely friendly. Breakfast terrace restaurant lovely start day. The pool perfect staff around pool couldnt us. They brought round little drinks treats every day. The front house staff always hand help us get taxis help packages returned shopping trips !. They got know us always ready get anything needed. We cant wait return absolutely intend do. A fantastic holiday break.",0.3489955357142857,0.6273214285714286,Nov 7 2008
25,25,"Not allowed unless dressed like milionaire I friend visit shocking thing allow ridiculous dress code even enter lobby. So I forced meet outside blistering heat. You'd think amount charge place, would allow friends visit dressed like millionaire.Overall luxurious hotel.. bit top terms decor.",-0.10555555555555556,0.5416666666666666,Nov 2 2008
26,26,"shorts allowed Turning ast Raffles Hotel Dubai meeting 9.00 16 th Oct, refused entryinto because.......i wearing shorts..these tailored expensive shorts.... along Tommy HIlfiger golf shirt nike training shoes..all really quite dashing........Subsequent colleague , summoned front door, even inside outside .....and paying guest hotel, came downstarirs gained entrance ensued another melee get third floor restaurant..for breakfast buffet .....which BTW 5 Star Normal only....i wanted see suite may needed act god.... hurried hotel..me quite amused colleague less so.....For amusing Dubai expirience , quite unflattering really, completely unnessesary....... The old adage pride comes fall seems apt.....",0.11666666666666665,0.40606060606060607,Oct 26 2008
27,27,"Excellent City Hotel When normally travel Dubai normally flying vacation normally beach. I recently business city wanted close city airport, spent time raffles stayed singapore hotel.The Dubai attached Wafi shoppping mall. Architectually designed pyramid may may taste. Similarly inside Egyptian decor. Overlooking that, good. The location proximaty airport city make good location.The service far best part. The staff accomadating. I get use leisure facilities appeared excellent.Similarly food restaurants equally high standard. I Ramadan eating food openly frowned on, infact beleive fined eat outside.The rooms suite nicely laid out. My complaint beds quite firm.",0.2378947368421053,0.5431578947368421,Sep 21 2008
28,28,"Top rate Dubai We travel Dubai often business always enjoy hotels. The staff (mostly Asian) super friendly facilities new designer. The Raffles exception. This particular property different look original property Singapore, quality service measures equally high. The lobby looks like Egyptian temple, beautiful lighting marble everywhere. The room large (every room suite I believe) bathroom also big, jacuzzi size bathtub separate shower. The toiletiries Raffle's brand.The bed extremely comfortable complimentary coffee making facilities (no tea), though figure use ourselves, quick phone call solved problem. My criticism flat screen television located bar area, watching TV bed, view optimal, possible watch bath tub.The buffet breakfast highlight--- huge assortiment Western, Asian Middle Eastern samplings. I like eating Asian time, I really enjoyed spicy nasi goreng available. You also order omeletes pancakes.The laundry service efficient. I gave dry cleaning late morning came back evening even though request express service.We also ate Chinese restaurant hotel--- voted best restaurant Dubai 2008. Excellent food great view, though pricey (relative cost hotel, reasonable).",0.24691504329004332,0.4665422077922078,Aug 22 2008
29,29,"Brand Identiy Crisis: Heaven Hell Dubai We stayed part honeymoon.HellWhoever decorated monstrosity fired. Period. I understand Egyptian themed mall shape pyramid, reason Raffles image refined luxury tarnished Dubai gaudiness lack taste tired ancient Egyptian theme. The comparisons Luxur inevitable, fake hieroglyphics among many poor decisions.HeavenThe staff amazing every step way went way make trip amazing. The rooms nice, bed unusually hard nice hotel. The room also felt much smaller standard rooms Beverly Hills Raffles. I sure Raffles Brand able survive huge mistake.",0.1184313725490196,0.7017973856209151,Jul 7 2008
30,30,"Pure Luxury We wanted Christmas New Year break booking late. The Burj Al Arab fully booked I wanted Luxury! I saw The Raffles completed (November 2007), booked 8 nights 23rd December. We overnight flight arrived courtesy limousine pick us airport (about 10 minutes away) immediately gave us bottles cold water refresh ourselves. On arrival hotel, booked Club suite, immediately taken 10th floor executive check could sit desk given tea whilst checked in! Once formalities done, shown room butler luggage already there. The room fabulous! The set back sea therefore, views city bit urban night beautiful lights. Dubai VERY CLEAN spotless! The whole ambience brethtaking. There still finishing touches put one two areas unopened minor. We worked every day gym personal trainer excellent. I enjoyed fabulous spa couple times treatments world! ALL staff (95% non Arab) friendly, curteous, non intrusive, helpful always seemed wanted someone! Now restaurants something else! The food even standard restaurant world. Buffet breakfast, lunch dinners indoor outdoor tables. We ate couple times 19th floor breathtaking views Chinese restaurant I honestly say never tasted food like it. It cheap sooooo good, went second night! We impressed quality choice restaurants available hotel, never ventured eat! I would recommend sheer luxury, pure indulgence, quality 100% spoilt!",0.26083930437378716,0.5515360501567398,Jun 7 2008
31,31,"Substance form: style/super service/super dining Who: husbandWhen: May 2nd-4th 2008 (2nights)Room: Raffles Suite 1005, 10th floorOccasion: trip Oman DubaiOther hotels trip: Six Senses Zighy Bay, The Chedi MuscatOk, Dubai, ok I knew linked Wafi mall, pyramid shape ancient egypt theme, considering Raffles Singapore - right suite The Chedi Muscat - bit style-shock arrived. First comment: Las Vegas 80's! Nevertheless I must admit Raffles able make forget bad taste design thanks unique service two unforgettable dining experiences.PLUS- Service staff: helpful, always (even much, sometimes feeling they're much 'there', probably perfect service attentive 'invisible'). Anyway make feel like..Ramses The Great.- Position Dubai sightseeing: big bus tourist service (never thought I would used - - works!) starts front Wafi, red blue lines. And course shopping Wafi.- The Noble House, fine Chinese restaurant 17th floor, simply amazing (calculate 100 euros/person)- Fire Ice - cellar grill. Excellent gourmet restaurant, nice ambience (calculate 100 euros/person)- Room size, better suite size, fact allsuites hotel.- Very close airport, 10'.MINUS- Bad taste design, really kitch. Goes better monumental lobby Ancient Egypt theme finds ideal place Fire Ice restaurant, theme.- No beach (but know booking..), outside spaces except interesting botanical garden whose trees young appreciate.- No superview, Dubai 'supertower', good compromise I guess compared 'flat' property. Nice view terrace next Noble House restaurant, 17th floor.- Rates: minimum official rate 2200 AED/room upper price positioning Dubai 5 stars hotels, allsuites hotel. Our rate 2800 AED/room breakfast airport trasfer.Unfortunately I tried Amrita Spa.SUGGESTIONSGo wanna feel like Ramses II dinner like Chinese emperor, Dubai, Twenty-first century.",0.3170482295482295,0.4987789987789987,May 5 2008
32,32,"1st class service!!! We stayed Raffles 4 nights 25/3/08. The lobby absolutley stunning, even impressive Burj. We stayed standard room, stylishly decorated, large flat screen TV lovely bathroom. For standard room huge. The staff friendly always willing help. Whatever wanted could have. I think would even put suncream I asked!!! The thing I would say eating drinking expensive. Overall excellent hotel, superb rooms first class service.",0.3425037202380952,0.630383597883598,Apr 24 2008
33,33,"Raffles great friendly place We stayed Raffles dubai - April 5 16th 2008. The Hotel great - large spacious. As hotels Dubai - everywhere air conditioned.The room, although standard room large plenty space - considering partner needs use wheelchair time - normally problems within rooms maneuvering .... Raffles problem, huge room. The bathroom twin sinks , corner bath separate walk-in shower. The shower seat - really held someone mobility problems. The balcony overlooked pool two wicker chairs , table foot stools.The room also butler service bring anything needed. They provided us daily free fruit bowl - huge range fruit. They would also leave evening nibbles ranging shrimp arabic sweets. The room cleaned day , towels etc changed twice ( ).The pool area - accessed 4th Floor via Spa fully wheelchair accessible - ramps slopes accessing pool. The pool shallow end , three slopes - good handles. There seating area pool around bar shade. The pool also &quot;bubbly pool&quot; area. Outside main pool two swim pools water pumped quickly - swim stay place. There also spa pool outside. The pool area seating/restaurant area. There plenty sun beds towels provided. On amazing feature pool pavement around - always cool ( refrigerated ), even exposed pavement sun burn feet.The hotels main &quot;buffet&quot; restaurant floor 3 - mainly used breakfast. Very good selection food extremely friendly staff. The evening buffet , good food unless plan eat alot little expensive every night ( 225 Dhs ). Again problems wheelchairs. Just along cocktail bar access gardens.The lobby front desk also Raffles saloon bar - sofa type seating coffee tables. Towards back higher tables slopes wheelchair access - staff friendly always willing help get two small steps. Servers coffee , 24hr food menu CAKES !!! Also many arabic sweets chocolates.There central area 4 lifts rooms .... lifts large easily take wheelchairs. They relatively quick arriving - holiday probably using peak business hours. There another two lifts access top restaurants - Chinese, Asian Champaign bar.Access WAFI shopping center directly Lobby onto level 1. We often used taxis travel around Dubai - staff managed get us cabs really quickly front entrance.Overall excellent - staff greeted us passed really could enough help. For anyone reduced mobility wheelchair bound , give issues.",0.2466226438492064,0.4587240537240537,Apr 20 2008
34,34,amazing!!! best luxurious new dubai moment....and service..the staff literarly would picked floor carried room requested.........the smallest room big suite hotels interiors r work art..beds r comfy balcony r spacious fit elephant sitting down..there easy access wafi mall one luxurious malls dubai carries designer brands..i simply loved it.,0.4160774410774411,0.49587542087542086,Apr 4 2008
35,35,"good great... This opened Nov 07 less 6 months old time 2 night stay. Only 10 minutes cab ride airport wafi city complex, trek beach big shopping malls.The reception area awe inspiring, burj I think, huge columns, massive glass wall, seating areas luxurious egyptian theme. F.desk speedy soon way room 6th floor. Our bags quick call twice urge on. I think large lack lifts, quiet stay still wait long periods even non peak hours, makes wonder like full....Our standard room superb, quiet, balcony overlooking gardens/pyramids, walk closet, big bathroom, desk, nice seating area, good bed...and butler -that need one...can't imagine someone unpack case etc.Although new I found styling little old fashioned said great quality service excellent, fruit replenished every day, room service food good prompt.We ate 3 restaurants....Azur breakfast ( included rate) good, buffet style hot dishes cooked order brought table.Asiana lunch, asian dishes, short menu, starters great mains lacked flavour punch us...just ok.Fire &amp; Ice Grill dinner...eclectic menu...some interesting amuse, I craving red meat steak, perfectly ok, tiny side dishes, service average thought...disappointing...ended ordering room service still hungry....!Didn't use spa, wife used pool said fab discerning !I given 3 really blown away, paying big bucks stay expect really good service aspects.",0.2378445585422329,0.5156151213127959,Mar 17 2008
36,36,"L-u-x-u-r-y Went watch ATP Dubai Tennis Championships friend decided explore stay since new hotel. We chose Grosvenor looking back; worth it! New totally luxurious! You even get butler! There breakfast package though strange Dubai hotel. Also, difficult getting taxis - maybe new. You could wait sometimes 30 minutes get taxi!The reception beautiful, huge inviting. The lifts work art esp. one runs garden view. The rooms big bathroom.A little expensive time year decided treat splurge!",0.0622564935064935,0.49025974025974023,Mar 12 2008
37,37,"Wow... I travel Dubai every new year almost bunch friends every year try stay different hotel, usually beach butI left late time find anywhere decent beach, checked Raffles legendary property Singapore, I booked grand stateroom (which standard room) website period 4 nights. I requsted room high floor, near elevators check early 7 am. I given three checked in. The room breathtaking, furnishing, bathroom generous balcony. The standard rooms almost 70 sq meters include balcony, that's bigger average one bedroom suite European 5 star. The service wonderful, bit much times. The housekeeping extra detail making room amazing. The quality room service also wonderful. The pool nice unfortunately quiet rest hotel, mainly It's new property. All all, probably best city I've stayed Dubai probably amazing standard rooms I've ever seen.",0.2756793743890518,0.5107233626588467,Jan 4 2008
38,38,gorgeous!!,1.0,0.9,Oct 2 2009
39,39,Bestes Stadthotel Dubai,0.0,0.0,Aug 9 2009
40,40,TrÃ¨s bel hÃ´telservice et restaurants remarquables,0.0,0.0,Nov 12 2008
41,41,Le luxe et plus...,0.0,0.0,May 11 2008
