,Unnamed: 0,Reviews,polarity,subject,Dates_extracted
0,0,"Noisy Nightclub Basement Hotel This fine long expect sleep stay. Can't understand none reviews (nor website!) mentioned fact nightclub located basement hotel. Loud base music played 3am whole shakes vibrates it. We 2nd floor felt like pillows vibrating. We eventually rang reception 2am find going on, concierge sounded like he'd heard offered move us another room next day - staying one night! We got 4 hours sleep. AVOID AVOID AVOID. There many hotels area, price range, nightclubs basement!!",-0.0050099206349206405,0.42063492063492064,Nov 17 2009
1,1,"Excellent stay I Last year July, wife, I found neat, clean, good customer service, excellent food, excellent varieties complimentary Breakfast, I would stay next visit.Ramzan Ali Rehmani",0.5458333333333333,0.6083333333333334,May 16 2009
2,2,"satisfied I like all. The service poor. We checked Wednsday room cleaned Saturday. There people cleaning. They crib babyThere one restaurant small clean. They open buffet lunch every day almost food. But night every thing restaurant seemed nice paid U wanted eat there. In condition felt like poor person give food free lunch!!!! although counted price breakfast lunch pakage. At breakfast time, restaurant, one cup tea. In addition behavior waiters waiteresses satisfactory. It 3 star parking although located busy street needs parking.I go all.",0.05753355368589744,0.5430288461538462,Mar 8 2009
3,3,bon Ã cÃ´tÃ© du centre ancien,0.0,0.0,Jan 30 2009
