,Unnamed: 0,Reviews,polarity,subject,Dates_extracted
0,0,"Just perfect We fortunate upgraded villas 2 bedroom suite wonderful.I cannot fault anyway staff delightful every way. My partner travelled 2 youngest children whilst spoke business catered ever way imaginable sinbads kids club private butler goes villa.We one disspointing meal beachcomber restraunt first night value money rather quality taste, however 9 perfect meals that!It certainly tearful departure left cannot wait return",0.484920634920635,0.6088624338624338,Mar 25 2009
1,1,"Our favourite place Dubai We fabulour time here. The privacy best, relaxing garden plunge pool, brought sandwiches 4.00, drinks beautiful bar/pool 7.00. The two bedroom villa spacious I love Arabian decor, staff attentive call name. A little name card put wall outside, nice touches make feel welcome home. It great able call buggies especially BAB guests. Bulgari toiletries bathrooms, internet area, lounge long hall. The Burj fab able sit outside gives edge. Cant wait return, go disappointed.",0.33015625000000004,0.6156250000000001,Mar 7 2009
2,2,"Wow This Is Dubai At Its Best! Four us stayed week March 2007 Beit Al Bahar Villas, experience simply incredible beautiful villas sumptiously furnished waited hand foot, This place pampered. The interruptions helicopters landing helipad Burj . If want wonderfully relaxing stay Dubai book villas, nothing compare. Margaret Swansea Wales.",0.6416666666666667,0.8666666666666667,Jul 21 2007
3,3,"Best location accommodation Jumeirah Properties We returned week stay beit al bahar villas. The accomodation, service, faclities excellent. We however get upgraded 1bed villa 2bed villa due construction front patio. The difference huge. The 2 bedroom villa far larger patio 4 deckchairs looked beach burj. The 1 bed villa located first row view onto nearby villas- pretty disappointing. So make sure stay request villa 3rd row- views beach burj al arab.I stayed mina jumeirah beach villas best stayed in. They arabic feel extensive patio loungers plunge pool- couldnt get better accomodation.Each villa huge living room - L-shaped sofa separate table 4chairs. You also get latop free internet access. The bathroom amazing largest deepest bath I ever seen- takes around 30mins fill up!You also access private beach execuvite/premium/madinat/burj guests. Also, pool villa guests small outdoor bar/restaurant middle villa area. There also villa restaurant villa guests went breakfast.The best thing dont need walk large get beach/pool- u leave ur villa u there. It makes much relaxing holiday.",0.29747023809523815,0.572255291005291,Jul 10 2007
4,4,"Absolute perfection! The property absolutely beautiful; loved traditional Arabic accents decorations well comforting environment room. We able fully &amp; completely relax villa beach. We comfortable relaxed didnât even worry locking doors locking cameras swam ocean. Not worry little things, made big difference trip. There many examples Beit Al Bahar Jumeriah Beach Hotel staff ensuring didnât worry think anything. The time really think, tried decide eat many fantastic Jumeriah International restaurants! The Beit Al Bahar staff always kind helpful truly anticipated needs, sometimes even knew needs were! One afternoon day beach, villa debating going get light snack didnât dinner reservations 10pm. Literally, discussion, doorbell rang villa staff brought us afternoon tea. This completely unexpected appreciated many reasons â anticipating needs, light snack importantly â traditional experience. When sadly left Dubai, item stood trip people. Every single person interacted extremely friendly, kind helpful. We never surrounded hospitality wonderful people! We stayed âThe Leading Hotels Worldâ, live higher standard; Jumeriah Beach Hotel exceeds standard.",0.27371446121446125,0.557142857142857,May 28 2007
5,5,"The Ultimate The Beit Al Bahar villas simply stunning. We stayed 2 occassions, times completey overwhelmed sheer luxury levels service. My husband days sea fishing - return member villas staff waiting golf buggy marina cold face towels freezing water ready take back villa. Our 7 year old daughter great time - staff whisked buggy kids club picked ready, also wild wadi water park doorstep get priority entry times. I really think one negative thing say place - pure luxury!!Although terribly expensive, I would always hope fortunate enought go back again.",0.08214285714285713,0.5375000000000001,Mar 2 2007
6,6,"Best Dubai Simply best place stay Dubaiâ¦.even better Burj Al Arab. Everything perfect rose petals round sunken bath, magnificent view Burj Al Arab private pool. Itâs truly wonderful place stayâ¦â¦.only Spa Suite Banyan Tree Bangkok better.",0.5818181818181818,0.6074675324675325,May 23 2005
7,7,"Ultimate Luxury I stayed Beit Al Bahar villas (by accident!) wife October 2004. We days Dubai way back Maldives, booked stay Jumeirah Beach hotel. Arrival Dubai effortless - met tour operator took us private car took us - quiet relaxing. We got 10.30pm informed suitable room us (I'd previously requested one high floor) upgraded evening. We told upgrade would villa 'Beit Al Bahar' (house sea) complex, find nice. (I've since found price villas, I certainly justify spending sort money - wealthy could so).We whisked golf buggy, along villa complex (imagine hotel, looking sea - villas short distance left hotel). Our guide took us front door villa (which name outside parchment wall sign) used card key entry - I thought front door actually gate private garden area, complete sun loungers, table chairs, plunge pool! From garden terrfic view Burj Al Arab (we almost directly opposite). We entered actual front door villa, 2 bedroom accommodation. At point butler arrived ice cold hand towels (it's still warm evening!) two non-alcoholic fruit cocktails. Anything wanted phone call away.The villa beautiful. Just main hallway huge living room area, complete L-shaped sofa could sat 10, television, DVD player, stereo, desk, fax machine, table etc. etc. You name - there. The master bedroom luxurious - huge king sized bed piled high arabic cushions pillows, bed high, arched 'arabic' style ceiling. The room lots cupboard space television. En suite bathroom master bedroom - massive; marble floors sinktops, two large sinks, solid wooden trimmed mirrors, huge shower, toilet, enormous round sunken bath.The second bedroom nice, two single beds, television, en suite bathroom sink, bath, separate shower.The villa complex reception (very plush too) morning popped asked went get breakfast. We met concierge (!) taken Beach Villa Restaurant (right beach probably guess) given table outside deck, great view beach, sea, Burj Al Arab hotel. The chef came meet us asked wanted, I asked menu - said menus; simply told wanted, made it! Very strange, got exactly asked for!While waiting breakfast, concierge asked plans dinner evening, I mentioned restaurant thinking (Carnevale, Italian hotel) went away arranged reservation us. Excellent, I previously told restaurants always busy might book good day advance. A good perk, villa guest.The villa complex guarded security nobody simply walk in. As well villas villa reception, communal pool villa guests, complete sun loungers, pool bar shade. Villla guests get section beach, includes slight improvements sun loungers etc. normal guests get hotel's beach area.I could fault part villa complex experience. The service simply first class, buildings top quality, fixtures fittings inside villas made finest materials. Add views, beach etc. beautiful, luxurious break.",0.1583492063492063,0.49479047619047606,Mar 17 2005
