,Unnamed: 0,Reviews,polarity,subject,Dates_extracted
0,0,Conveniently Located Savoy Savoy Park apartments conveniently located business district Dubai. But problem three Savoy properties close creates confusion amongst visitors also among taxi drivers.But neat clean staff courteous informative.The rooms good sized essential amenities.The resturant conveniently located fare reasonably good. On whole good,0.33833333333333343,0.5613636363636364,Jun 15 2009
1,1,Very Very Nice!!! This apartment situated Bur Dubai area suitable business family. The strict rule getting guests room makes safe place families. Very clean comfortable. Ideal short stays especially business trip. I personally know people spent 20 days together searching house-this goes indicate economy stay amidst sky rocketing rates Dubai!!!,0.330123106060606,0.6963636363636363,May 6 2009
2,2,"Great place stay We great stay hotel. The room clean, food good. The staff wonderful,very helpful kind. would stay future.Alana John Beardmore. Cyprus.",0.6533333333333334,0.74,Mar 28 2009
3,3,"Very nice friendly! Savoy pleasant, clean inviting hotel. The staff give personalized service would long engagement Dubai find well treated. The room service also good reasonable quality food. They also serve reasonable breakfast. I highly recommend it.The size rooms bathrooms abit small comfortable.",0.36156250000000006,0.6349999999999999,Apr 3 2007
4,4,"Friendly small good value money I stayed 2nights Savoy Park partner 20mth old. The fairly basic room clean (we studio apartment) suited needs space little boy run around kitchen. The bathroom small shower fine 2 nights. The staff welcoming allowed check room 8am arrived. We supplied cot. WE got daily fruit platter biscuits nothing much trouble housekeeping staff. Our rate included breakfast fine, mixture western arabic food. The restaurant clean tidy staff really friendly welcoming child - 1 highchair tho'! All reception staff pleasant us I complaints service received there. The pool area well shaded clean, probably large come cooler weather people would using pool area suited needs. I would stay I visited height summer knew wouldnt able make use facilities larger resorts given intense heat. We always found easy get taxis souks malls, dont head gold souk 6pm traffic horrendous!!",0.23039021164021167,0.5362433862433863,Sep 21 2006
5,5,Hotel,0.0,0.0,Nov 8 2009
6,6,der hit,0.0,0.0,Apr 27 2009
