,Unnamed: 0,Reviews,polarity,subject,Dates_extracted
0,0,"Great place stay A comfortable clean friendly amenable staff. The close shops, airport new Metro salso within 15 minutes taxi ride major attractions. I fault Flora Grand comfort value money.",0.3550662878787879,0.6630681818181818,Nov 16 2009
1,1,An excellent Dubai My wife young adult daughter stayed one night Flora Grand September 2009 nothing praise staff. After 15 hour flight Australia arrived Dubai 5.30am met staff transfer hotel. We back airport time next day pleased charged one nightâs accommodation invited breakfast arrived lieu following morning. The room fantastic (Executive Suite plenty room) staff always courteous flexible spoke English fluently! The day trip organized superb Ramadan made day even interesting. I contacted directly received prompt replies well good deal. We definitely stay stopover Dubai.,0.3157894736842105,0.5434210526315789,Oct 23 2009
2,2,"Good value quick stopover Stayed 2 nights way London Beijing, comfortable good value 4* stopover. They organised day trip see city transport malls. Recommended.",0.5633333333333332,0.675,Sep 29 2009
3,3,sure four star hotel! would give one star ! first moment enter find staff workin reception impolite! although international can't speak languages! yo can't get say speak english!!!!!!the food bad! resturant smelled time really disgusting!the room service even worst!remember exchange money hotel! reasonable exchange shopping malls place hotel!the swimming pool small 10 people could get water (and mean get pool swim!it space 5 people swim time!)i did'nt like recomment anyone else! wasting money!,0.023749999999999997,0.5517592592592593,Sep 11 2009
4,4,"good place starving I many hotels worst all. since traveled Dubai ramadan, places eat lunch.so eat can't believe terrible food was, resturant cold smelled awful time, whole food disgusting. room service terrible, forget bring shampoo,blanket personal stuff cause find toothpaste,tooth brush,slippers,comb thing may expect find four star hotel. The unpleasant part guys reception part, impolite speak english fluently,I recommend anyone stay hotel,there many 3-star hotels Dubai facilities terrible four star hotel!!!!!!!!!!!!!!!!",-0.20486111111111105,0.7013888888888888,Sep 11 2009
5,5,"Great service fantastic taxi driver - perfect short stopover I stayed Flora Grand Hotel 1 night mid-June year booked Emirates many hotels offers part stopover packages. It 10 minutes airport. Having arriving Dubai around 5.00am, I quickly checked-in allocated room. The staff reception polite informed breakfast available (I can't remember time early!). Breakfast buffet style (hot bain-marie) cold items (fruit etc). There guy cook omelette eggs liking - cooked fresh front bring table ready. The room I got quiet variety tv stations various languages. Rooms provided sufficient amenities (soap, shampoo, conditioner, lotion, travel kit etc). There business centre/ computer room 1st 2nd floor - need buy voucher either 30 mins 1 hour. Computers reasonably fast rooms get stuffy - one computer per room rooms small door closes behind (it's like closed cubicle). The best part I booked taxi take Burj al Arab Afternoon Tea - trip Burj took 30 mins. The taxi driver allocated reliable punctual. I also asked pick Burj take back hour 2 hours later. Again time peak hour, took 60 mins get back. Not liking catching taxis, experience extremely favourable taxi driver careful driver. So need taxi take somewhere, ask concierge in-house taxi driver - I thoroughly recommend also staying here. I would stay I return.",0.17720538720538723,0.5097643097643098,Aug 31 2009
6,6,"A pleasant botique In old area far Dubai Creek. There plenty restaurants shopping mall far away.The staff friendly although much way tourist information, tour desk. An excellent breakfast included. A word warning regarding taxis - make sure use metered taxis. The habit using mates unlicensed taxis waiting around corner. They charge 50% metered taxis sometimes know going. This dubious practice otherwise fine hotel. We ate restaurant one night would recommend it.Dubai spread getting around improve Metro railway opens September.",0.30288461538461536,0.6542735042735044,Aug 27 2009
7,7,"Very good service good food good staff We spent nice time interesting beautiful place Dubai Flora hotel. want say thank warm friedly atmosphere hotel.I liked much food, staff attitude us ... I wish successful bisiness!",0.6425,0.6945454545454546,Jul 24 2009
8,8,"Quiet clean friendly .... My husband I stayed Grand Flora 3 nights way home Australia. The service reception friendly efficient upgraded lovely suite arrival 1.30am long flight Nice. The rooms clean spacious. All staff happy help information go get there. Breakfast bit disappointing .... ... everything looked appealing. Overall, great experience would definately stay recommend friends.",0.33166666666666667,0.645952380952381,Jul 17 2009
9,9,"A Pleasant Stay Deira. My wife I spent 4 nights Flora Grand Deira found comfortable, well facilitated well located. Whilst cafes, shopping places Creek exactly doorstep nothing adventurous walk away. The located older part Dubai pleased chosen newer frankly blander, newer parts city. The staff always courteous concierge people invariably helpful. We purchased stay internet felt rate received represented good value money.",0.40863636363636363,0.6954545454545454,May 26 2009
10,10,An excellent centre Dubai We stayed Feb 2009 way Oz also return May. The staff attentive helpful situated Old Dubai. The swimming pool roof inviting coffe shop atrium provided excellent fayre. Could fault hotel.Jim Shropshire UK,0.5640000000000001,0.7,May 19 2009
11,11,"Excellent I found staff helpful friendly, room spacious, comfortable quiet.The conveniently situated, and, help porters, I always got taxi quickly - opposite I've previously stayed. I always asked metered taxi recommended previous review.I certainly stay again.",0.24866071428571426,0.463095238095238,May 8 2009
12,12,"Fantastic experience My husband I 3 night stay here. I found great option lot cheaper places seemed nightclubs buildings bad areas. The staff great padlock one bags broke meant unlock it, got maintenece guy help us bolt cutters! I would recommend getting transfers airport stuck traffic due roadworks going on, even though taxis cheap there, wanted stuck traffic long taxi. Upon arrival got glass apple juice refresh us checking porters took bags room. The porter also gave us run room (how work air con, etc) told us pool spa. The room massive felt quite luxurious. The rooftop pool also good place hang out. Lots shaded deck chairs life guard always duty. Having 24 hours cafe site also handy. Buffet breakfasts amazing much choice. The also free shuttle buses mall beach.",0.27129629629629637,0.6237037037037038,May 5 2009
13,13,"The choice people cheap package tours I known I greeting I received--or receive--at front desk. I felt I processed, rather registered. My husband I arrived early morning 12 hour flight. We told room would ready 20 minutes; 1 1/2 hours, finally taken room. The furniture tight fit I sit desk without hitting edge bed. The decor dreary; bathroom moderately acceptable.The filled families package tours Middle East, Russia, Japan. There lots children screaming running around lobby, parents looked tired disgruntled. The breakfast buffet, included price ($145 per night) , offered lots food, room overcrowded, share table. Some people stand wait space became available, noise level room made bad situation even worse. The worst thing total lack service. I Dubai business, I needed use cabs often. The doorman bellhops would offer get cab, would leave sitting lobby 20 minutes. When I insisted waiting outside, I opportunity watching men congregate talk empty cabs drove hotel.The low point came I rented conference room 1 1/2 hours ($125) meeting client. The food beverage manager turned hot water urn me; I requested provide milk cans soda. These items never arrived. When client came I went offer cup coffee, act hospitality indispensible part world, enough water urn spigot work. I tilt urn, burning fingers process, client drink coffee black. No one would take responsibility bad service, would apologize.The called later day ask cash larger deposit credit card, I spent whopping $500, apparently trust amount, even though imprint Gold AmEx card. And day checked out, sent three different people count cans minibar!This inhospitable hard believe Dubai, city almost unfailing courtesy.",-0.04299719887955182,0.50203081232493,Apr 6 2009
14,14,"Front desk staff need gender/race training While staff friendly, two instances front desk staff left poor taste mouths. On one occasion, friend ignored colour skin. On another occasion, clerk behind desk started process female guest's checkout, immediately served male guest waiting patiently. The male guest indicated would wait clerk insisted serving him. Fifteen minutes later, clerk said female guest : 'Sorry keep waiting'. Sorry right word - kind behaviour good enough.",-0.017299107142857144,0.4699404761904762,Mar 16 2009
15,15,"Great value excellent position one use again! Stayed 2 nights stopover Mumbai Cape Town. Easy 15/20 min taxi run airport. Polite efficient check modern clean hotel. Room excellent, clean, quiet mod cons. Room service reasonable Dubai standards good food. Excellent value city renowned value money. Great position Deira sightseeing bars etc.. Only slight let buffet breakfast - I've much better hate hard boiled eggs!! Would definitely return future visit Dubai.",0.2880340608465608,0.6270899470899471,Mar 12 2009
16,16,"Good Hotel Good Price This good, well priced good location Deira Dubai. Considering hotels Dubai charge extortionist prices average service. I say I happy price, level service hotel.Only complaint really avoid paying using internet hotel. They give access code expires whether use not. Also make sure taxi ask specifically metered taxi, otherwise try give private taxi time expensive normal metered taxis Dubai.",0.3606666666666667,0.5662592592592594,Feb 27 2009
17,17,"excellent This lovely hotel. We (my husband 2 boys i) arrived approx 3am able check immediately due 24 hor check facility also upgraded executive connecting rooms great, lovely clean spacious. It first stayed really comfortable pillows it!The staff really friendly helpful, getting taxis sorting everything. Breakfast good good variety. We ordered room service really good inexpensive. The really nice location near airport creek.",0.4911111111111111,0.6522222222222223,Feb 25 2009
18,18,"clean pleasant staff Used 48 hour stopover Heathrow Perth, Western Australia January 2009Good things hotel- 24 hour checkin allows checkin time check 24 hours later ie arrived 1.30am checked 12.30pm two days later paid 2 days. This real plus- received gracious, affable room service 2.30am morning arrival- reception staff attentive friendly- breakfast fine appeared variations morning. breakfast staff efficient courteous- upgraded standard room junior suite (not sure why??) junior suite large, king bed, large bathroom, clean etc... absolutely wonderful, especially London.- graded 4 star. would agree ratingNegatives??internett access available Convenient, little pricy, fine short email. I presume hotels. Please note use follwoing servicesindian restarauntin house restaraunt dinnerswimming pool gymthe situated approxmiately 10 minutes walk restaruants, shopping centre etc 25 minutes walk Dubai creek, water taxis taken across river. The neighbourhood appeared safe uninspiringWe found hop , hop Big Bus, great way see Dubai. The Big Bus 2 routes. The blue route goes New Dubai takes 3 hours. The red route goes older parts town takes 1.5 hours. This booked thru hotel.My wife I thoroughly enjoyed stay. It second honeymoon rigours central europe London, found 48 hour stay pleasant.We would stay again, though stay may influenced upgrade Junior suite.",0.22140910989595197,0.45564384445963396,Feb 3 2009
19,19,"Flora Super We initially booked Amari arrival family five 18-month infant proved disaster. I immediately contacted agent Travco Dubai. Firoz went straight action asked take taxi Flora Grand Hotel (about five minutes away), Assistant Reservations Manager waiting greet us show us around hotel. We (my daughter, daughter-in-law myself) estatic - confirmed booking instantly wait get rest family over. All staff friendly, helpful polite. Rooms clean well equipped rooftop swimming pool treat. Location central old new Dubai good taxi public transport facilities. Would definitely recommend anyone.Mrs Hansen, London.",0.21409090909090905,0.4736363636363637,Jan 30 2009
20,20,"Ideal Hotel Short Stopover We stayed 1 night Flora Grand return UK New Zealand. Although takes long time check staff helpful obliged us early check-in appreciated long flight. The rooms clean adequate 1 night stopover complaint tea/coffee facilities rooms bar hotel. There quite bit building work going around hotel, although experience noise, middle Deira within walking distance Dubai Creek, followed instructions George, concierge extremely helpful informative, would probably taken us 15 mins. There problem getting taxis hotel. We arranged Desert Safari worthwhile experience desert disappointed barbeque.",0.11008522727272727,0.5273674242424242,Jan 28 2009
21,21,"Great Hotel absolutely lovely!! I stayed ar Flora grand 4 nights. Honestly, expected would worth, turned to. The fantastic price pay. 1. Good location (in Deira district), problems cabs take everywhere Dubai, lots supermarkerts diners around (you find really good local diners, serve different types realy delitious reasonably priced food(indian, chinese, pakistan), want something sure with, Burger King places like that. If room face big carpark, could get bit noisy night.2.Rooms really spacious, nicely decorated, huuuuuuuuuge wardrobe (gosh, guess 3-4* Tokyo would put bed wardrobe charge 200 buck night :))). Spotless bathroom, complaits anything.3. Food. As arrived 11 pm starving long flight ordered chicken curry room service, really good, like real curry taste portion huge, would good 2. Breakfast OK, scrummbled eggs omllette, bacon (you find many hotels round Dubai), basic stuff breakfast hotels + bake pastry muffins stuff really good. And Mansoon restaurant really good.So perfect choice really good time.",0.2954391891891892,0.5449699699699699,Jan 5 2009
22,22,"Bored The okay, interest staying long. stayed last 5 nights Christmas. The staff seemed nice arrived became disinterested blunt days, Staying fifth floor drama, presure shower, water smells bad sure wrong there. After many discussions reception gave up. The last day offered us another room, thanks!!!The breakfast okay, lady running breakfast area would rather leave instant. The rooms spacious clean staff needs definite training also management, seeing nobody took complaint serious. The area old Dubai fine need there.",0.007894736842105274,0.527485380116959,Dec 30 2008
23,23,"Quality Less I stayed three wonderful nights Grand Flora Hotel would return anytime because:1. Service: From welcome drink pool waiter everyone nice, friendly, helpful. The airport shuttle leaves every hour (even alone) there's free shuttle Jumeira Beach every morning 8am. Some people get upset traffic delays, can't really change - Dubai. They even changed broken TV - without saying word !!!!2. Rooms: Big Clean. I got free room up-grade sixt floor. My room everything I wanted: shampoo, hair conditioner, bath salt, room temperature control, quiet air-condition, daily complementary water, good lights, modern safe. 3. Location: It ideally located Deira district. It meters main street. Tons cheap internet places, fast-food restaurants (like Hardees, Burger King, Pizza Hut), well local restaurants easily accessible. One eat hotel, I would recommend going out. Soon also metro. There construction around hotel, nothing bad. There two malls within walking distance. If go Nardos Square, find really cheap clothes (about Â¼ pay malls).4. Amenities: a) The gym free weights exercise bikes: One best fitness rooms I've seen hotel. It's open longer hotels. The pool nice sunbathing chairs. Towels water free. b) Breakfast included price omelet-making booth, I could choose wide variety flavors.c) Free airport beach transfers.d) They accept credit cards like EuroCard, Visa, Masters, AmExI recommend Best price Deira / downtown.",0.2865306712962964,0.5513888888888889,Nov 18 2008
24,24,"Great Hotel As travel agent, I chose many times clients great price 4 Star Hotel, decided go Dubai, I wanted stay well.A staff member waiting us upon arrival Dubai nice.When arrived staff nice porter full information see. The room bathroom great size clean too.I would stay visit Dubai.",0.5883333333333334,0.68875,Sep 26 2008
25,25,"Okay short stay... It's bad price. Good points: Comfy rooms reasonably quiet. Easy get airport. (I stayed business suited location Deira.)Bad points: Supposed &quot;Broadband&quot; extremely slow quite expensive. Food DISGUSTING!!!! I ordered Hawaiian pizza room service 10pm. The recipe below: - A pizza base covered tomato ketchup. - Add pieces tinned pineapple (and I mean &quot;a few!&quot;) - Cover processed cheese slices (like ones put burgers) - Microwave soggy. Serve without smile stand hand expecting tip!On plus side, second night I ventured found plenty good restaurants nearby.",0.00755208333333332,0.5513020833333333,Aug 18 2008
26,26,"Loved The Grand Flora We stayed 2 night stopover found comfortable, clean, excellent value money staff could helpful. Breakfast included good, transfers airport free, early check provided (much appreciated 15 hour flight Austalia). All Â£100 per room per night - great deal Dubai. Would recommend anyone definitely use again!",0.4922222222222223,0.6766666666666667,Apr 6 2008
27,27,"nice price stopped dubai 3 night layover enroute kenya looking spend fortune. affordable option see sights dubai easily done day two. dubai two main areas, downtown area bordering creek area near jumereih beach. seperated 45 minute traffic jam. hotels dubai priced personaly found dubai over-rated. floragrand downtown deira area area nice offered car service rented $20 hour four hours saw sites. rooms flora nice service good. buffet food breakfast good find food spectacular dubai. jumereih beach hotels nice similar offered many places world much better price. burg interesting outside really tacky inside. general dubai good stop-over long flight, 2-3 days plenty.",0.30000000000000004,0.5761808367071526,Mar 24 2008
28,28,disappointing I returned 6 nights half board basis.Food buffet style whether lunch dinner SO BORING. Had I known I would booked plenty local eateries.There info tell however. All information website states 12 executive rooms lounge upgraded room understanding - wrong! There 30 rooms lounge. Staff totally disinterested questioned nothing could done .The pool small shallow area however well maintained life guard attendance.The clean spacious.Taxis nightmare get - upto hour times - book need get anywhere time.The Flora Grand adequate room lovely buffet style food monotonous reception staff bored disinterested.Overall great place stay.,-0.11964285714285716,0.6392857142857142,Feb 11 2008
29,29,Very comfortable This worth stay. The rooms clean. The staff helpful friendly.Stayed twice before. Will near future.,0.2477777777777778,0.4375,Jan 10 2008
30,30,"Worth staying After reading reviews many hotels Dubai, none price range seemed consistent glowing reports. If wanted go 5 star didnât seem issue lower always seemed negative comment. We bit bullet went comments positive â werenât disappointed. We booked directly hotel.The basic outside inside oasis middle construction site, meaning Dubai.The rooms well appointed, clean tidy problem front desk.Breakfast included quite varied good value.The travel desk best avoided, information wasnât best, youâd better arranging trips sources.Donât try walking around Dubai trying catch bus anywhere â arenât â means rely taxis get anywhere. They quite inexpensive, donât fall using taxis arranges, flag one down. The hotels taxi/limousine service doesnât meter depending get driver determines fare pay, itâs cheaper using registered taxi.The located older part town restaurants shops nearby, staying get taste life used like building boom. There many malls visit start looking like one another.Overall good place stay, Iâd stay again.",0.29043697848045674,0.4312033377250769,Dec 30 2007
31,31,"Not amazing perfectly suitable I'm business traveller I've bit stumped word describe hotel. I think I'll go &quot;contradictory&quot;.On upside:* rooms mostly suites separate living bedroom areas - shortage space. * beds comfortable decor modern* toiletries provided delightful, that's important you* bath large, need soak long flight, great. And towels luxurious.* internet access fast. On expensive side pretty normal business prices.* televisions living bed rooms* good room service* two smaller shopping malls within easy walking distance, great concierge want book cab go one larger, popular malls.On downside:* dreadful service. Reception slow anything I've ever seen (although appears norm Emirates). My colleague I ready chew arms flee time managed check us in/out.* rooms smell damp, likely air conditioning running time. But quite strong took I stopped noticing it.* Most Dubai construction site, area awful. No footpaths, diverted traffic everywhere - easy walk even short distance. * There's desk near internet connection. I work lap living room, less idea. There desk bedroom internet connection point.Personally I think great value money all. In fact I'd say nice enough bit overpriced offer, although overall Dubai standards I guess.I stayed Sharjah four days (at Millennium) much impressed hotel, service value money. When I go back work region next time, I return Sharjah leave Dubai rear view mirror.",0.21750290360046456,0.623054587688734,Nov 26 2007
32,32,"More 4star I stayed Flora Grand Hotel based riviews Trip AdvisorBeing exhibition time little difficult find rooms Dubai managed get rooms booking directly hotel. Standard rooms sold executive room available breakfast airport transfers complimentary. I got early check unexpected informed try making booking. Room good spaciuos duvet neat clean breakfast also good live counter. I didnt get chance try Monsoon Restaurant, visit upto roof level well equipped fitness centre massage aswell. Have try next visit. Good neatly maintained friendly staff nice service.",0.25739633173843696,0.5381578947368421,Nov 22 2007
33,33,"Nice shame service... My friend I stayed Flora Grand Hotel based reviews given trip advisor whilst happy facilities provided - rooftop pool, use gym, breakfast, etc. left feeling frustrated disappointed service. Each time needed confirm something book something took VERY long time seemed always big problem. There many mis-communications - I felt level English required higher provided. Checking HARD WORK. We tried remain positive enjoy stay Dubai I must say I would NOT recommend The Flora Grand Hotel anyone else. I heard locals IBIS Hotel good comparison. Another tip Deira located approx 30-40 mins Jamiera attractions Dubai are. I hope helps shape decision choosing Dubai.",0.19885918003565065,0.5551247771836008,Nov 19 2007
34,34,"Very nice Flora Stayed 2 weeks Oct/Nov. Hard fault excellent hotel. Arrived early sat morning, checked in, problem. Outside looks ok, inside lot better. Nice water feature, glass lifts 24hr coffee shop. The 4th floor room pleasent, clean ok size. Bathroom clean well fitted. The nice area. Close Ghurair reef malls. The Rigga road, home nice fast food outlets. Abu Baker 10mins away, home Marriot Champions sports bar level b1. And Traders pleasent quiet drink. Marks &amp; Spencer Toys r Us, next Reef mall. Any downsides. The hot section breakfast sometimes little basic. No powerpoint bathroom shaver. Also oh hotels seem think need pump aimless music speakers corridors night!! All good nice area.",0.3438257575757576,0.5954545454545453,Nov 14 2007
35,35,"A reasonable problems I booked directly via hotels website emailed flight details could pick us airport free transfer. This went perfectly checked-in early given free upgrade delux room happy. The room clean nice.The breakfast buffet good selection problem staff kept taking plates knives forks away every time went buffet replacing them. We therefore keep getting asking knives forks. The table clothes also dirty tables hunt round clean table sit at.The next problem rude incompetent reception staff. On check-in asked guy arrange transfer airport morning, said bus ran every hour hour said we'd 6am bus. The next morning arranged receptionist took 30 minutes sort transfer out. We understand problems like happen would minded smile apology receptionist.I'm sure mst better hotels Dubai price.",0.2451515151515152,0.5393434343434342,Nov 10 2007
36,36,"Our family loved Flora grand After reading positive reviews net, I hoping would similar experience WE DID !!!!Positives - compact, pleasant property. Nice lobby, coffee shop Good spread breakfast Very clean comfortable rooms Location major plus point/ many restaurants Al ghurair Mall within walking distance A supermarket next doorNegatives Too much space room wasted entrance area passage way Indian food ok, excellent Travel desk gave us 2 different quotes dessert safari, eventually charged us higher quote. But all, husband 2 yr old son loved hotel. We would definitely stay !!",0.25868577075098814,0.5411791831357049,Oct 31 2007
37,37,"Good Hotel-well recommended Myself wife stayed 2 nights ontransit Munich. Hotel USD 190.- per night provide clean room, good linens, clean toilet, room safe, tea facility room. We like room carpet though clean well maintained.1) Hotel staff friendly there.2) Internet provided room beware expensive use it, use internet via business center costs 35 AED 30 minutes use. European tourist must ensure power adapter 3 pin plug organized. If missing buy Carrefour shopping centre cheap price. 3) Taxis usual available timely basis therefore, ensure reserve well advance go airport4) There free bus 17:00 hours provided shopping city centre without pick-up ! Catch taxi waiting line 40-45 minutesWe charged twice coffee shop wenever consumed ( around 47 AED). I think guests musthave done either deliberately must signed thebill illegible. So Check bill thoroughly time ofcheck-out do-our mistake!Otherwise, well-run friendly staff.",0.2028921568627451,0.49235294117647066,Oct 28 2007
38,38,"surprisingly good quality 4 star daughter stayed 2 nights. even though much building going dubai, quiet well located. first impression positive small classy lobby area, gorgeous chandelier, clean neat looking plenty areas sit down.staff friendly importantly, extremely nice nine year old! staff always nodded smiled walked past them, even made time talk daughter. prompt efficient service checkin/out, polite friendly also. luggage handled promptly.room quite spacious two large beds, chairs desk, large wardrobe, nice marble bathroom bidet, quite hilarious explain daughter was! prospect unlimited water great pressure lovely drought back home, spent long time shower! (shower bath). room clean individually controlled airconditioning - maximum temperature 45 degrees there! balcony, due heat probably good idea wouldnt able sit long! lovely white towels plentiful supply, toiletries supplied. room made quickly discreetly.only small pool area top welcome, order drinks charged room. hot however, excellent views dubai. also staff member times, great supervision pool quite deep. breakfast substantial plenty choice small hotel, yoghurt kept refrigerated! lovely dining room, eat restaurants due time limits excursions.no mistakes problems whatsoever time - even though arrived midnight due flight problems, left 5.30am. pickups/drop offs arrived prompty.all all, 4 star excellent property. small, polite, quiet, clean, safe, enough niceties without extra frills fuss great price. fine groups, including women travelling alone children. would recommend alone, places make children feel invisible. probably bigger fancier places stay dubai, property satisfied. would love come back!well done, 5 star hotels take note!",0.2922381307217373,0.5369054715776026,Oct 7 2007
39,39,"Great Location Arrived 4.00 a.m.and reception staff still cheerfull smiling.Easily accessible Airport, excellent rooms - five us 2 rooms - buffet breakfast every morning lots smiling &amp; attentive staff.Great location within walking distance - seem common Dubai - shops, banks wide range restaurants / fast food outlets - KFC, Nandos, Iranian, Lebanese, etc. You also get feel life &quot;real&quot; Dubai different touristy areas.The Al Ghurair City Mall less 10 minutes walk huge Spinneys M&amp;S Deira City Mall less 15 minutes taxi.Negatives? Small pool sometimes difficult get taxi although doormen try best.",0.19226190476190477,0.5613095238095237,Sep 13 2007
40,40,"Great Value Location - Highly Recommended I wife stayed Flora Grand Hotel 2 nights stopover Dubai. The Hotel excellent location (Deira), 10 minutes airport. There several restaurants departmental stores within walking distance. The tour bus (free charge) takes nearby beach every morning. The breakfast buffet (which included room's rate) excellent huge variety choose from. Our room (though little smaller normal rooms single bed) clean staff friendly. For price location, one best hotels Dubai.",0.4001825396825397,0.6376190476190478,Jul 20 2007
41,41,"Very good..Value every penny charge! A good good location. Stayed week found good, worth every penny charge.Started time airport pickup, way quite hours earlier check time, given room immediately, wait all.Breakfast good, staff cooperative, especially staff reception breakfast hall.Nice spacious rooms, room service also prompt good.Also finding cabs issue concierge helps locate em, need run around heat!Overall fantastic experience.",0.41545454545454547,0.56,Jun 29 2007
42,42,"Good Value Hotel Old Dubai Good good position old Dubai. Much nicer rather glitzy OTT sterile Jumeirah Beach. Hotel probably reasonably old distract all. Breakfast good food lobby lounge DO NOT eat Indian Restaurant, food awful think leased out. Taxis cheap easily available easy get everywhere. Pool roof 38 degree heat glare white building very, hot lot room there. Good value money nothing complain really, that's always good.",0.3210784313725491,0.5019607843137256,Jun 26 2007
43,43,"Absolutely Fantastic :) I dont usually write reviews stay Flora Grand Hotel I feel I must tell everyone - GREAT - four star five star service!I booked via [--] got really good deal - worth every penny/dirham...fantastically clean, well located (loads restaurants city centre short drive away creek, cooler within walking distance) helpful friendly staff, great breakfasts - nice coffee shop, - excellent gym facilities, nice pool area, good size rooms tastefully furnished...i could fault placewill going back dubai - yes yes yeswill staying flora grand - definately yes would recommend flora grand - yes yes yes",0.46798245614035083,0.6863157894736842,Jun 2 2007
44,44,"superb This excellent. Hotel rooms clean, tidy elegant style. I booked standard room via tripadvisor website.The bed comfortable. The bathroom big, size bathroom almost equal size bed room. staff members friendly helpful. respond quick possible .this defintly good choice",0.3910714285714286,0.6107142857142857,May 14 2007
45,45,"excellent!!! excellent 4 star hotel, excellent service exellent food coffee bar aswell restaurant (if alittle expensive). downsize internet access alittle disappointing. would befo recommend go back again!!!.",0.2714285714285714,0.7714285714285715,May 1 2007
46,46,"Good location adequate Upsides: friendly staff, good location one bits Dubai retain character, reasonable value money, clean comfortable.Downsides: convenient power point laptop use room (a significant omission place that's likely lot business guests), slightly odd room layout lot space wasted pointless entrance area, staff sometimes busy provide immediate service, on-site Indian restaurant little disappointing. (Try one nearby Taj Palace instead - absolutely superb.)",0.15911458333333334,0.5348958333333333,Apr 8 2007
47,47,"A Good Experience arrived Dubai interview booked Flora. The staff friendly helpful. The food allright, somewhat expensive. It clean Hotel room large well laid out. All all, I would stay again.",0.2531904761904762,0.6277142857142857,Apr 5 2007
48,48,Great LocationWill Go Back!!,0.4,0.375,Mar 17 2007
49,49,good service,0.7,0.6000000000000001,Mar 13 2007
50,50,Did job,0.0,0.0,Mar 4 2007
51,51,A little disappointed,-0.46875,0.625,Feb 26 2007
52,52,Great Hotel Nice Location Good Value.,0.6999999999999998,0.7833333333333333,Dec 9 2006
53,53,Dubai best value ever,1.0,0.3,Mar 6 2006
54,54,ideales Stadthotel,0.0,0.0,Oct 16 2008
55,55,J'hÃ©site entre une et deux Ã©toiles...,0.0,0.0,Jun 9 2008
56,56,Das Flora Grand war wirklich gut,0.5,1.0,Mar 2 2007
