,Unnamed: 0,Reviews,polarity,subject,Dates_extracted
0,0,"terrible lot people 3 star hotel. good service, bad smell room. bad location duabi. lot pullman outside super car, dubai offer",-0.486111111111111,0.6083333333333333,Sep 29 2009
1,1,"perfect stay From warm staff welcome, impressive facilities room, state-of-the-art details location, I think itÂ´s one best options luxury accommodation vibrant city. Rooms big beds extremely comfortable. I also visited Presidential Suite, world place. And trendy bar completes offer!In general, highly recommendable property type travelers.",0.5251515151515153,0.6339393939393939,Aug 30 2009
2,2,"One best hotels I ever stayed Many people wrote found somewhat peculiar nearly empty. Actually, quite empty I there, too. This probably reason company cut excellent deal accommodating number employees conference. I remember years ago rooms hard find Dubai. It looks like changed - good customers. It brings prices down.Everything immaculate. Large room great view, large bathroom small TV inside, big desk, big double bed big TV ... I ordered tea room service came proper silver platter plus vase real rose... You get picture. A really posh place.The restaurants expensive. At 250 AED (70 USD) steak must really proud beef. I went Sushi restaurant instead, precisely cheap either gave feeling getting value money. Alternatively get cab time go eat somewhere else. Taxis still cheap Duabai.Quite impressive Cigar Lounge first floor Indian bar tender told proudly Cuban cigars. There also small good selection Cognac Whisky. The staff attentive friendly. First day I ordered espresso lunch. The next day, moment I headed dessert buffet, I asked whether I like espresso now.The thing I found slightly disturbing fact charge extra internet access room. At prices included.",0.25356499356499357,0.5277155727155727,May 21 2009
3,3,"Amazing really kind different I loved everything excellent service amazing rooms. However main setback fact creepiness whole thing. The place totally empty! There nobody hotel, I swear! I idea why. The staff may little bit friendly, place might little empty.I really dont know, definitely odd stay. I loved nonetheless. I would undoubtedly stay again. It grand hotel, hopefully people aware it...",0.2815972222222223,0.5949074074074074,May 9 2009
4,4,"An unexpected pleasure! We stayed 7 nights Easter 2009. My husband I 21 month toddler. We really great time I would definately use business leisure travel Dubai. For say quite, staff bored etc....take look whole city, monarch specifi - credit crunch biting everyone!Good things say hotel:1) Staff really friendly helpful - nothing much trouble actively anticipate needs 2) Food excellent (including kids meals - fresh cooked meats, pastas etc small children)3) Pool area quiet luxurious attentive friendly lifeguard staff4) Excellent childrens room facility everything could need keep small child occupied5) Rooms lovely, private excellent room facilities6) Hotel limo transfer great!7) Conscierge really good service8) Lots discounting going within ie. Spa gives voucher restaurant vice versa9) Spa - Mandara - lovely, lovely, lovelyLess good things (but dig deep these!):1) Location good business, less good leisure far Jumeirah area, souks, creek etc - Taxis cheap Dubai though issue2) Hotel access beach - suggested affiliateion another maybe Monarch guests3) Expensive, know go book looking cheap - quality bourne price, get pay We liked we'd go back! enough said I think!",0.2840909090909091,0.6208333333333333,Apr 20 2009
5,5,"Excellent Business Don't stay holiday business nearly second none. Excellent rooms, unbelieveable bathrooms, beds service general. It back beaches main drag begining - costs 20 usd get Ski Dubai example worried 20 usd unlikely Dubai begin with. This really nice annonymous business hotel. For anything else go One Only.",0.22166666666666662,0.5404166666666667,Apr 4 2009
6,6,"Really good! For moment I stay hotel.I tell totally empty, tourists, business people..,the thing beds, wonderfull!!The restaurant much expensive. Even staf tells want leave bored theres work..",-0.24791666666666667,0.7016666666666667,Mar 5 2009
7,7,"My best experience I spent 9 nights Monarch Dubai I visited Dubai Big 5 Exhibition. The amazing part experience, I 6 nights free though DMG exhibition organizer. I decided extend 3 additional nights since I willing spoil wonderful experience moving another hotel.The service exceptional, The room spacious, Clean, Breakfast Al mizan Restaurant every morning better description.Every single detail perfectly thought.The cherry top Cream Gym. The trainer spent time teaching assisting exercise better private trainer regular Gym I pay $50 hour.In honesty, great hotel; I highly recommend one afford kind budget.",0.38484523809523813,0.5553104395604396,Dec 10 2008
8,8,"Fantastic stay I stay The Monarch month October 08 due business meetings Dubai, agent strongly recommending I sure I try I really surprised quality amazing service value money. (Just fantastic hotel)I recommend one would like enjoy world calss hotel.Jo Brown",0.24479166666666663,0.7621527777777778,Nov 20 2008
9,9,"Excellent service Excellent service provided staff. The quiet perhaps due time year appeared far staff guests. From doormen, reception staff, lift attendents, butlers restaurant staff provided faultless service.The room good size far reaching views swimming pool terrace Jumeriah coast. The bathroom sizeable. A large plasma screen TV provided bedroom smaller screen bathroom! There good desk fast, compliementary wireless broadband connection. The butlers provided quick efficient room service arrange pressing clothes.A breakfast buffet provided restaurant August end stay coincided start Ramadan screens closed shield restaurant area foyer la carte breakfast provided non-Muslim guests.An excellent business stay close airport business district Sheikh Zayed Road. Perhaps best choice holiday one beach side hotels would better choice.",0.4490852130325814,0.6219423558897244,Sep 4 2008
10,10,"Superb service Monarch Having stayed many 5* properties around world I report service Monarch equal any.The VIP collection airport welcome long flight, passports processed luggage collected enjoued cold drink canapes lounge. We whisked 7 series &amp; greeted warmly several staff incuding Deputy GM. Our (standard) room clean &amp; comfortable, perhaps lacking details digital clock DVD player. The holel seems quitle lightly occupied stay obviously fully staffed every staff member we've encountered proved well trained service impeccable. The low occupancy might due newness stay Easter weekend, buisiness leisure property.",0.22850877192982458,0.5039473684210527,Mar 23 2008
11,11,"Nothing short 'Spectacular' Just tried last week. Although opened still missing restaurants, fabulous stay. They huge rooms bathroom much nicer average 5 star hotel. Great service overall; butler even packing unpacking us. Bliss!",0.20500000000000002,0.45666666666666667,Jan 26 2008
12,12,"Fell Love The Monarch Dubai I ususally dont write reviews hcase must make exception.. If going dubai, musnt miss opportunity. My experience unique experience never gone before. You greeted airport chaffeur driving bentley welcomed city dubai.. You also promised exqusite exceptional service ever seen. They break promise. I stayed one executive rooms managment gave service suite. The restaurants amazing cuisines world.The room simply biggest room ever stayed in. You also get butler 24/7. He serve make stay enjoyable comfortable possible. I dont know else say. It one best experience ever experienced. I actually fell love wont hesitate go back again.",0.4414444444444445,0.6438095238095237,Jan 5 2008
13,13,"Best list My business trip december exceptional one due oustanding service experienced first stay new dubai, exceeded expectation quality good food, atmosphere unmatched staff well management hospitality greetings.I think monarch top list onand recommend experience it...",0.49100378787878785,0.5578598484848485,Jan 4 2008
14,14,"Lousy Service Think twice book monarch dubai, water leaking, badsmell, big sound nearby construction.",-0.033333333333333326,0.3333333333333333,Dec 4 2007
15,15,"loved doormen I US Monarch Hotel Dubai 19th 20th November 2007 must confess I really got good services omni, especially doormen work night since I used come back midnight.There services perfect fast. They friendly also goodlooking especially wonderful heights. Bravo Monarch wonderful people. Its doormen customers able predict kind services going get inside.I therefore hope management would keep motivating several ways keep working good faith do.I dont know much earn, owner hotel, would earn far much better potray good image hotel.Not forgetting ther inside services also good upto standards. Monarch competant hotel. Congratulations excellent work.... Keep up....",0.481590909090909,0.6402272727272726,Nov 23 2007
16,16,Raffinement proche de la perfection.,0.0,0.0,Mar 8 2009
