,Unnamed: 0,Reviews,polarity,subject,Dates_extracted
0,0,"""Only to"" Transiting kuwait mauritius via dubai, 20 hours kill. I accepted advice airport staff stay hotel. But regrettably disappointing experience.As solo traveller, found room old smelly.The bathroom cramped working.The staff discotecque dinner asked order drinks continue stay club awaiting transport airport. (complained later management)...My good points allow early moring check-in location heart city.",0.05555555555555555,0.5,Aug 8 2009
1,1,"Very nice place reasonable price I stayed 3 nights. four us (friends) two adjoining rooms connecting door.we mainly chose 4-star, also part chain (lotus hospitality) two hotels Dubai. payed bit pay 3-star, time avoided seediness Dubai's 3-star hotels got much much better service.overall pleasant stay. rooms clean. remember possibly get room upper floors avoid disco noise night (applies almost hotels Dubai).the food good. *may* put bit first look food serve, believe delicious.the staff helpful polite. specially reception polite helped us everything wanted. although may find housekeeping staff little weak English may try bit get understand want.the pool small clean good relaxing in.on side. internet lobby free (which 4 5-star hotels is).",0.26527483833039384,0.5538389182833628,Apr 7 2009
2,2,"Pleasant stay We stayed Lotus one night paid USD145 double including breakfast. Room spacious, clean, bed comfortable, staff polite helpful. No complaints. The taxi dropped us picked us city center mall. Hotel conveniently located everything, malls, beach airport provides courtesy shuttles all.",0.3,0.5208333333333334,Feb 23 2009
3,3,"Second Stay Not As Good As First My wife I stayed Lotus four days March; second visit year. Not quite good first stay. The room - 2nd floor, facing street - bit small side bit worn. The bed OK; mini-bar leaked (fixed). The closets adequate two, deep (same problem room). You cannot put suit, dress, shirt closet without turning bit sideways; major problem, great either. Room king sized bed, desk, bureau, TV, small table one chair. The pool roof small; OK cooling off, going laps. There also jaccuzzi, loungers bar. Not big, OK. The reception staff tries, bit under-trained. Had scare misplaced passports (kept overnight); took 30 minutes locate them; recommend collect passports soon possible. Did use bar, small number prostitutes hanging around small lobby night. Bellboy services indifferent; asked get taxi 20 minutes; got reception, taxt (didn't even try). We many problems taxis Lotus, taxis got &quot;private&quot; taxis (guy car/van moonlighting; meter, agree price take trip). We problems private taxis, could problems. Overall OK stay. The price competitive mid-range 4* hotels Dubai. The place bit worn, reception mediocre, business want Rigga Road area, adequate (as long expecting &quot;Dubai luxury experience.&quot;",0.07015931372549021,0.38650075414781304,Mar 20 2008
4,4,terrible The room clean. bad smell room.The toilet order. The food good. location suitable.,-0.10405982905982902,0.5925213675213675,Mar 10 2008
5,5,"Lotus Disappointing What dump! In US, would one two star hotel. We greeted lobby thumping loud sleazy discotheque. The halls poorly lit maintained. The room disrepair torn worn patches carpet wallpaper. The bathroom cramped shower spilled water floor. If tight budget, place cheap clean. If looking Dubai luxury experience, though, find here.",-0.07698412698412699,0.6309523809523809,Jan 3 2008
6,6,"disappointing I booked deluxe room Lotus reading positive reviews site. But I must say disappointing experience. The room, fairly sized, lacked basic comfort (I ask twice broken desk chair changed). Towels provided clean, room fixed 5:30 pm two days row. When I complained, staff helpful excuses 'too much work' provided.Breakfast buffet joke. Quality food less average, let alone cleanness placeI've hotels Dubai, even two-stars like Ibis provide much higher level service.",-0.05820855614973262,0.4879857397504457,Oct 30 2007
7,7,"Theee place stay near Rigga Rd ! Quite simply clean well speced excellent location Mcdonalds, Burger King, Pizza Hut etc. Easy hail taxi outside. AlGhurair shopping center cinema also v near by. The bed linen changed daily v comfortable. We staying definitely.The first room unfortunately mattress sagged middle 1st night bit uncompfy. But told next day changed room without hesitation.This 4th trip Dubai always stayed near Rigga Rd. It beat Taj Palace, 1/3 price 4/5 good ! And better location Taj. And yes, could far worse eg. K Porte Inn opposite corner. It real hole. Thank almightly found Lotus !",0.16666666666666669,0.476984126984127,Jul 19 2007
8,8,"Great Place This faily prived located close airport. We booked airport dissapointed. Its located within 5 minutes airport handfull shopping centers within walking distance. There many food options availiabe within close proximity.The service excellent. From monet arrived, staff treated us courtesy helpful asked assistance. The beds excellent bathrooms clean large. The cable tv left alot desired. There static free channels tv rather old. Overall I left happy hotel. Though Dubai abounds great hotels, majority expensive reach one like me. Lotus gave great value allowing experience pleasure Dubai offer.",0.34909297052154187,0.5661224489795919,Jul 12 2007
9,9,"Great find I arrived Dubai reservations. Usually problem, night everything full. I asked cab driver drive around try find decent room somewhere, He recommended Lotus. Formerly Howard Johnsons, I think, I pleasantly surprised find courteous staff, clean room, lively night club lobby open late live music. The short walk Burger King places North Americans recognize. I defintely stay again!",0.15998647186147186,0.5572619047619047,Apr 7 2005
10,10,2 Sterne zuviel,0.0,0.0,Sep 27 2009
11,11,Abstenerse si vas por negocio,0.0,0.0,Feb 2 2009
12,12,Fuyez..!!!,0.0,0.0,Nov 12 2007
