,Unnamed: 0,Reviews,polarity,subject,Dates_extracted
0,0,"Good Budget Hotel The Hotel clean service excellent. Hotel located Bur Dubai 2 kms Indian Shopping location called Mena Bazaar, perfect mom wedding shopping. The staff excellent helpful. The travel agent helpful well. The brekfasts great, good variety meals. To get new dubai take taxi's generally try luck. Hotel safe, area around looks bit dodgy unbelievably safe. My mom would walk back 1am soul bother us. The area comes alive 5 pm 4 hot day. Good budget hotel.",0.4913547237076649,0.6002673796791445,Sep 30 2009
1,1,"Not So Appealing Hotel This restaurant time accommodation, morning breakfast offered Banquet Hall spite fact I travelling group. Banquet Hall small get occupied fast we've wait long. Secondly, room allotted me, safe lockers necessary travellers.",0.1285714285714286,0.4857142857142857,Aug 31 2009
2,2,"Don't stay here. We searched internet hotels Dubai finding one based price, location amenities described website, &quot;Hotels-n-Europe.com&quot;. We traveled 18 hours air taxi hotel, find room us could find reservation. We presented copy confirmation complete surprise them. All willing give us smoking twin. We left immediately went Hyatt.",0.0875,0.5375,Jul 7 2009
3,3,"Nice - Uninteresting Location The Highland Hotel refuge long distance travel heat Dubai (but anywhere air-con would good).We flying France Australia decided break trip stopping night Dubai. We arranged shuttle airport think long run may easier rather fighting cab.The location interesting find near docks Dubai real tourist attractions. Although everything reached taxi ride around 15-20mins, heading foot means doubt breathing lot pollution dubai offer.The modern clean rooms well dressed modern. The bed comfortable shower good pressure.The breakfast bought expensive seeing seem many options area easier stay pay extra. It buffet style everything Omlettes Juices Curry Naan breaky.One thing like fact dico / live concert room basment. Normally worry us fact flying half way around world awake 6.30am made little annoying. When I phoned reception asked time music would finish politetly told would finishing 2am. Considering 4th floor could still feel bass I wonder realise effects stay guests.All nice priced location breakfast, still comfortable managed get good sleep, eat well good sleep (in afternoon).",0.16495454545454544,0.5436666666666666,May 10 2009
4,4,"Highland ups downs I arrived 10 people (family/extended family) aged 5-37. I didnt much staff mum paid stay. She hated much, didnt like staff mostly immigrants India cleaners mostly Philipines (they lovely). The Hotel: The rooms ok..theres small fridge, tv good channels, really nice bathroom towels/shampoos etc beds comfortable. But side sea view isnt great, barely see sea..unless look gaps buildings distance. The nightclub restaraunt also sort nightclub loud music night, I could hear wasnt bad couldnt sleep it. The staff bit dodgy yes really keep luggage padlocked. The really nice swimming pool roof also little jacuzzi kids really enjoyed. There life guard pervert. This may sound little horrible staff immigrants India expect Indian style service Dubai style service. The small sauna one really used (Apart sister cousin) also gym one used looked nice. They also high speed internet connection computer room doesnt cost great deal money use.No one really used swimming pool wasnt many tourists hotel, seemed like immigrants mostly India.The Location: Taxis easy catch take nearby restaurants, fantastic. This immigrant area, run looking cleanest. In evening outside packed Pakistanis perve believe me, nothing stop them. This really got angry, respect women people. The reason im mentioning immigrants better understanding idea was, especially youve Pakistan (which I have) India (which I might). On plus side taxi ride beach (a gorgeous beach) isnt far neither Dubai zoo I went, lion cubs. Overall location like India Dubai youre taxi ride away real Dubai. I wouldnt recommend lone female travelers bunch guys budget would probably love it. Oh breakfast: chef made really nice omlettes breakfasts over-all nice make sure get early wont anywhere sit.For lunch, take taxi mcdonalds Pizza hut (the pizza hut staff lovely) arent far away. I recommend Pizza hut especially youre travelling children, good atmosphere.",0.21021072796934862,0.589051724137931,May 8 2009
5,5,great location best part location,0.9,0.525,May 1 2009
6,6,"awful - loud thumping music dubious nighttime activity Stayed week stopover India UK- arrived 0100 greeted loud thumping music nightclub ground floor still shaking walls bedroom bed 6th floor 0300. There clearly transactions taking place lobby rooms hired short time periods I never felt uncomfortable checking later, females paid openly lobby clearly services delivered night- horrid experience.",-0.06000000000000001,0.5756666666666665,Mar 21 2009
7,7,"overpriced none facilties available say Hotel could find reservation got there, Partner already room could locate info! Rooms quite small, slippers bathrobes available say, around 15 min walk Meena Bazaar.Hotel three clubs/ bar/ pub fee go club, alcohol far expensive, music far loud want sleep.Breakfast limited, variety!Swimming pool maintenence, told.Your better pay extra Â£50 something decent local, friendly!",0.14232568027210885,0.5108843537414967,Mar 5 2009
8,8,"Acceptable After reading reviews asked room far away loud noise night club. When arriving 4 got room 304, practically club. Got new room next day, 6th floor, still loud noise visit pharmacy earplugs. They nice used sleep plugs.The belongs Indian chain thus breakfast targeted indian guests acceptable.The beds targeted indian guests thus skandinavian guests big them. We asked, booking, twin bed room get that.You beer , 30AED draught, wine, 40AED glass house chardonnay, unfortunately includes high volume indian music.The central position, 200m large Carrifour supermarket, 200m creek, 200m busstation, taxis easily available outside hotel, 300m affordable excellent food Ascot street. Also pub Ascot ready inhale smoke (terrible). By taxi tower area, 30AED, 50AED Madinah area.",0.02912914246247579,0.5267353634020301,Feb 8 2009
9,9,"From Highland's Highland Stayed 2 nights, found staff pleasant courteous. The room good, clean tidy, would expect. The location Bur Dubai ok, handy bus station (cheaper get around, 2 Dirhams one way approx 32p get Jumeira Beach &amp; Burj Al Arab hotel). The location handy bars area. I would recommend families kids apart pool 15th floor lot beach play on.This hotel, I would recommend good choice days stopover long weekend.",0.3969230769230769,0.6728205128205129,Nov 25 2008
10,10,"Highland Highlight! We stayed Highland 4 nights June loved every moment it. It located Bur Dubai fringe old (spice gold souks) new (wild wadi etc) dubai! Excellent value anyone travelling budget!Pros:- Nice budget central hotel, good location old dubai new dubai- Good clean spacious room massive bathroom awesome airconditioning!- Reasonable price, reasonable quality, speedy delivery room service- Nice quiet rooftop pool spa relaxing busy day shopping exploring!- BIG HOT buffet breakfast- Rock Pub &quot;Rock City&quot; located mezzanine level fillipino rock band covering heaps classic rock tunes black sabbath, zeppelin, deep purple, metallica etc. Made going getting plastered extremely easy didnt go far all!- Friendly Housekeeping staff, especially Gorman level 6!Cons:- Bit hard get taxi directly front corner traffic rounds fast giving potential taxis time stop fetch you. Need walk 100m away corner chance getting taxi!- &quot;Complimentary&quot; tea coffee room NOT free!!- Beer prices rock club pretty outrageous (having said though, alcohol dubai extremely expensive one cheaper bars visited)- Semi friendly reception staff- Hotel oriented towards Indian / Arab holiday makers western tourists",0.1895143745143745,0.6153185703185704,Aug 6 2008
11,11,Terrible Booking expedia complete nightmare leaving return transfers! Resulted make numerous costly calls resolve - stressful considering 3 night trip!! We party 2 yet filipino receptionist adamant booked 2 rooms 4 people even showing booking papers kept us waiting reception half hour arrival! Then locked rooms asked move right away realised (2 days later!!!) made mistake.We exhausted returning 11pm whole day business meetings refused moved night move last day instead really messed plans! I never stayed place incompetent reception staff.The disco beyond sleezy bur dubai. It like strip joint male audience watching half naked women lined dancing - disgusting!!!Avoid place costs !!!,0.025510204081632654,0.4286848072562358,Aug 2 2008
12,12,"Nice rooms I recommed Highland. I would say good points outweight bad ones. Lets start good things. The rooms nice, good design; big clean. The bathroom also clean. The location safe far creek. And price; 150 US Dollars per night double; find something quality Bur Dubai less. AS bad things. Despite good location; easy catch taxi. Inside hotel; reception inviting; check-in slow. In rooms, careful; u get charged using tea coffee sachets. AND importantly; demand room high floor. The nightclub, stayed third floor; could still hear faint thumping",0.19125000000000011,0.5988888888888889,May 9 2008
13,13,Never Go Back !!! I visited Dubai family month March 2008 stayed Hotel Highland.They gave us four rooms different floor regardless request week advance. I read reviews asked advance room higher I given room third floor still noisy.The staffs (especially reception desk) rude.I requested extra bed gave us one disgusting greasy bed I ever seen. I would rather sleep floor bed. The breakfast worst ever had.Highland Hotel deserved even one star.Please search choose hotel.,-0.03653846153846155,0.47500000000000003,Apr 27 2008
14,14,"Highly Recommended Hi, I visited Dubai family month Feb 2008 stayed Hotel Highland. Given portion travel blog relates hotel. &quot;.....When reached hotel, welcomed friendly staff there. After waiting (our check noon), allocated room three hours normal check time. Hotel seems good one outside though reception lobby area undergoing renovation works. But much inconvenience such. We given room 4th floor. When reached room, found neat clean. A nice accommodation 3 star standards. Toilets clean, equipped tub, 24 hour running hot cold water. Rooms TV satellite connections. There hotspot internet facility I found rates expensive (10 AED hour 40 AED day). I didnât opted it. Making international calls expensive. Soon I found alternative form calling cards buy shops found next hotel. There cards used commonly found pay phone booths streets. As long flight kid tired, decided explore next option.....&quot;In nutshell, highly recommended stay Dubai. This good family, centrally located nicley priced. Hope help others.",0.060763888888888895,0.5197916666666665,Mar 28 2008
15,15,"Would go back I stayed Highland mum aunt good stay. It true night club ground floor fit pervy indian men long stay away request room either 5th 6th floor fine. The room lovely clean location I felt perfect.For want near Meena Bazar stay 5 min walk road. My friend staying Palm Beach Hotel minute road Highland prefered hotel- point going switch hotels.The manager Hotel lovely helpful, breakfast good although charge want Omlet-which I thought silly-not trying tight!The swimming pool quiet time gym. The food Coral restaurant lovely- didnt manage visit restaurants hotel.My friend I went Rock City club Hotel fab time, live band also played arabic/R&amp;B music. They pool tables pervy indian men found there!!!!If I ever go back Dubai I would stay again!!!",0.2734051036682616,0.500438596491228,Feb 29 2008
16,16,"Cheap Cheerful Clean Booked hotels.com, breakfast included although I make time 4 days...Blame nightclub &quot;Rock City&quot; downstairs course girls...The nightly live music classic rock headbangingly good. I would concur excellent place singles, I riot ;o) However aware single person booking, cannot 2 people staying room small charge made want increase number occupants room, even temporarily ;o)Food middling &quot;family&quot; Indian restaurant downstairs, dancing girls live music made it, despite played loud waiter could make I wanted brought something totally I ordered...It still ok though. Nice roof top Jacuzzi small pool too. I took junior suite nice big smart new bathroom flat screen TV too. All all, nice stay, staff excellent to. I would recommend want lively place way better value big chain hotels. Despite ideally located, taxis everywhere cost next nothing. Good Chinese restaurant Irish pub road within easy walking distance, prob better grabbing cab heading Marina 20mins Â£5.00 taxi. Best bars I found The Barasti Bhudda, hotels Bhudda money famous go. Dubai Desert Creek Golf Club cracking full English breakfast way !",0.2621674937528595,0.5308406363284413,Feb 28 2008
17,17,great stay dubai highley recemmended stayed since 2004 love service proveded friendly staff room service need 24/7,0.5583333333333333,0.6166666666666667,Feb 16 2008
18,18,Respected place. We stayed 5th floor lower loud music till 3am night club stairs!Good service clean place. Just ask 4th floor wards!,0.13425925925925927,0.5962962962962964,Feb 4 2008
19,19,"Comfortable Pleasent Stay I stayed 8th dec 2007 11th dec 2007.I single female traveller abit worried staying alone, though heard Dubai safe.It fantastic, I checked without problems, porter brought suitcases me, even ripped security tags :PThe manager Mahesh Kumar lovely, He showed AC amenities worked rrom.In lobby Excursion company called Suncity Tours, amazing excursions going reasonable price. They also helpful polite. I really wake breakfast I there, one morning I buffet style breaky large variety dishes, warm cold.In room food menu Restaurant downstairs, good variety dinners lunches, Very cheap too, ( try chilli Chicken)The DOES 3 clubs however I 3rd floor, time I came hard day travelling sun, I tired acknowledge club noise use fall straight sleep, I actually found difficult get morning.Very close Deira, gold souk, spice market, mina bazzar, carefour, boat creeks. Jumerih beach 10-15mins away taxi expensive all.Airport 20mins away, However Hotel provide shuttle service, If getting taxi around Â£5.00.The provides facilities safety box back office reception.Overall realli good hotel, Dont get put noise really big deal, time get back night tired realise whats going on.Will staying march 2008If anyone wants ask questions email me.redrina_16@yahoo.com",0.1623534798534799,0.4735073260073259,Dec 31 2007
20,20,"Good stay We something like 16 hours spend transit, booked expecting early check-in availability '24 hour' reception facility advertised.For reason, could find direct contact detail (no ph, email) booked 3rd party website, look around find way arrange pick service upon arrival. This took quite time wondering around, gave get taxi, I found driver picking another guest. He kind arranged car come collect us. We waited 20 minutes.We checked around 9am problem, except breakfast supposed inclusive, felt disappointed miscommunication travel website. None less, service OK, got room 7th floor (so much noise night club ground floor roads outside). The lunch buffet great value.I hoping would shops nearby, much browse immediate area. We find decent place eat around hotel. I told gold souk NOT walking distance indeed long way tunnel taxi. Airport transfer service good, although leave earlier departure due transport available hour.It good day- time stay us, problems service, frills simple hotel.",0.16547619047619047,0.45787981859410437,Nov 16 2007
21,21,"Super budget hote however... I stayed Highland first week Ramadan mum, gran little sister! Upon arrival, transfer guy time collect us (Shuttle bus), carried bags polite helpful. The ride 15-20mins.On arrival hotel, rooms ready conjoining requested, told room next mine would availbale two nights would move mum n sister next us happen. We given complimentary bottles water 'not complimentary' snacks, realised checked received bill...which taught us lesson!First impression room avergae (damp smell bedroom wore away bathroom smell remained throughout 6night stay), comfortable clean completely accomodating. There clock ironing facilities. Bathroom average size, complaints!The staff polite hospitable- always ready help- complaints! Breakfast good- mostly verday though!Perfect location, easy get taxis around! Fab juice shop next bus stop outside hotel- I hooked! A piece advice anyone tourists visiting Dubai- DON'T use book excursions. They charge much more, complete rip off! Always book advance Dubai- looooooads tourism companies. Near reception area- Indian 'family' restaurant... uhhh I think so! I went family n walked back out. 95% men, old pervy types n live entertainment perfect them....I'll leave judge!I requested top level floor reading previous reviews noise believe me, I happy I did! There club first floor noise still heard 7th floor- bad. I advise family all- evening lots men arrive hotel, looking entertainment- time, lots 'lovely' females stroll in....again I leave judge!The rooftop pool wonderful, small nice. Sauna okay- bad!Overall, get pay hotel- nothing nothing less! Not family hotel! More couples adults! Not child friendly!If would like ask question- email mello786@hotmail.comMehreen",0.23276299931129477,0.46628787878787875,Oct 23 2007
22,22,"Far better two stars suggest! We stayed 3 weeks Ramadan found wonderful hotel! The staff friendly helped us find best excursions gave helpful advice best get stay Dubai. Compared Hotels UK similar star rating, place palace! It's luxurious, clean great location! Very easy get cab outside (and city cabs must, excellent!) I'm going back Dubai next year fully intend stay again! I would recommend anyone budget staying Dubai while!",0.502,0.5333333333333333,Sep 26 2007
23,23,Loved food great must visit whenever go dubai .great food great restarants.....very nice location specially airport service great.....................,0.6761904761904761,0.7702380952380952,Sep 9 2007
24,24,"Nice 'family' Stayed wife &amp; kids, despite booking almost month advance, executive suite ready arrival settle alternative rooms (this seemed common problem I overheard guests complaining issue). The rooms clean spacious bathroom also clean (we stayed 3rd floor). The reception area average size Dubai standards. It largely male dominated entrance 'dawat' club recepion area frequented men only. This bit nuisance kids you. The noise club could heard 3rd floor till late night though muffled noise, bad. The breakfast good quite variety choose from, restaurant, I thought expensive hence busy. Swimming pool gym top floor/roof top satisfactory. Access beach (Jumeira) shopping areas reasonably easy via taxis though depending time cab drivers refused take us excessive traffic. Overall bad I recommend family stay.",0.06552820512820513,0.5312974358974358,Aug 12 2007
25,25,"Great place see real Dubai If want see City Dubai Hotel best location. You walk souks get real feel city. See areas normal tourists dont see. We found people helpfull loved every minute. The Hotel good, room nice size ( make sure 4th floor noisy disco dont advise go) breakfast good selection chose from. The front desk helpfull watch organized trips expensive. Easy get taxi want go beach big shopping malls. Enjoy Dubai gets big.",0.3570175438596492,0.5064327485380117,Apr 10 2007
26,26,"Lots pretty girls Went stay highland last minute business meeting, impressed setup. Breakfast buffet, excellent news like feast. Although situated old dubai area pleasant cabs available. The travel desk helpful became good friend. The club/bar called dawat nice, lots pretty girls dancing pleasure, like sort stuff place you.",0.4921212121212122,0.6848484848484848,Feb 19 2007
27,27,"Nice place! I come back 5 nights Highland Hotel. For price paid excellent! The breakfast lovely, buffet style loads choices fresh fruit. The rooms adequate sleeping showering in. I would recommend EITHER two bars! One called Daawat full men getting cheap thrills young girls dancing (ok like kind thing) one called Rock City empty extortionate! We paid Â£16 two vodka lemonades! If looking good night walk two minutes road Palm Beach Club...great place!The good location, walkable distance Meena Bazaar (great cheap electricals) short cab rides Jumeirah Beach, Main Town Centre Shopping Mall. Cabs easy get outside hotel. Staff brilliant. Only one thing, Highland located &quot;Old Dubai&quot; local men STARE women (Although harmless!). There many women area. If freak out, would better stay nearer Jumeirah beach tourists. Overall safe place great taste real Dubai. Would stay again.",0.34332912457912457,0.5307239057239057,Feb 14 2007
28,28,"You better... I booked Highland Emirates. I'm surprised would name associated hotel. I read reviews asked week advance room higher I given room third floor still noisy, even earplugs drown noise. I found cockroches found bathroom too. The area greatest friends live Dubai surprised I staying area known brothels. Anyway I would book pearl residences next time original choice $ cheaper.",0.1884469696969697,0.46249999999999997,Nov 6 2006
29,29,"Good location 3star My partner stayed last week October wonderful week. The good location 3stars well deserved. We stayed 6th floor noise nightclub really problem us. We went nightclub first night arriving last time going there, little seedy &amp;I'd imagine I wasnât partner would gotten plenty offers Asian girls there!The towels bed linen changed every single day, great. The room good size massive king size bed. The usual TV fridge etc also room; problem getting iron&amp;ironing board housekeeping needed either.We also paper brought us room mornings breakfast. After first morning realised cost room service bring breakfast Coral Restaurant downstairs. So opted room days.Nothing much trouble staff extremely polite &amp;helpful especially nighttime manager. Maybe could actually teach thing two workers western hotels!!In relation phone buy call cards shop road 20 40 dirhams use phone charged cent connection fee, I think works 20cent great! The staff reception explain use easy&amp;a great idea.The pool quite small ideal u want relax days sightseeing hardly go Dubai sit pool day!!Taxis hailed outside problem cheap get around in. You really choice use them. Jumeriah beach 15minutes away taxi&amp;costs average 20dirhams(aboutâ¬5). You pay 5dirhams get public Beach Park well worth itâs immaculately kept.So overall I would problem going back recommending family friends great 3star hotel. If looking 7star quality youâre better staying Burj Al Arab looking reasonably priced good location perfect!",0.22570899470899464,0.4207248677248678,Oct 30 2006
30,30,"Excellent choice Having spent week Highland Hotel, adequate budget hotel. It deserves much 2* rating given. The rooms clean towels changed daily. The staff enough you.Admittedly beginning Ramadan I'm able comment restaurants nightclub hotel.There always variety food breakfast, ranging freshly cooked order omelettes curry!!!!!There plenty shops nearby gold souk walking distance. Only thing I would warn people using telephones 6 minute phone call England cost Â£11!!!!!!!!!!!!!!!!!!!",0.2509090909090909,0.5425757575757576,Oct 2 2006
31,31,HIgh Five For The Highland This adequate budget hotel. If want 5 star facilities better staying Burj Arab. The service good staff could helpful friendly. The staff expect tips I forever tipping I know rubbish wage plus grateful job. It clean polished place.There bit rush breakfast table always obtained one. True din nightclubs situated within might keep awake keep earplugs (alternatively take strong sedative). Don't use phone call home (just like hotel) buy phone card Highland's phone rates little high. The Ga nightclub within definately worth visit (or maybe even couple).The distance Jumeriah Beach Park 20 mins taxi ride - cost 18 dirams (peanuts) easily hail cabs outside like anywhere Dubai.If want eat Highland afraid check local restaurants (delicious food top quality hardly money) Finally I mention small parade shops next Highland amazing fruit juices I tasteted - I certainly got five fruit portions everyday there.,0.2148891625615764,0.5269458128078818,Mar 30 2006
32,32,"A good deal We stayed two nights February 3,2006 February 5, 2006. Overall, worth money give find really good rates includes free return airport transfers. The Hotel Bur Dubai district easily go anywhere taxi (in Dubai, choice taxi). The staff everyone working Hotel helpful tried respond needs asked for. We could even get early check (at 8.00 AM) probably travelling Emirates.Recommended.",0.33697916666666666,0.45104166666666673,Feb 13 2006
33,33,"Value money! We great experience Highland. The service excellent, suite quite large, lovely view convenient. We minutes walk fom gold souks beach minutes taxi.The average thing much variety breakfast- usual croissants, jam, tea cereal fruit. The breakfast room quite small, dash tables. There pool roof top, big quiet quite peaceful.Overall, I would definitely stay again.",0.18316326530612245,0.5437074829931973,Jan 30 2006
34,34,"Quite Good This bad all, rooms nice, well appointed clean nice quiet pool jacuzzi roof sun. The reception quite helpful friendly too.The breakfast bit disappointment room crowded chaotic rather unconventional choices food. The aircon rooms bit noisy could done servicing.You want stay higher floor though night club throw noise.We would definately return, especially given good rates available. This isnt Burj, paying burj - thats fair I really.",0.33154761904761904,0.6285714285714287,Jan 21 2006
35,35,"Don't bother Hyland Be warned. If planning stop Dubai want get sleep, stay Hyland.The walls floors paper thin hear pulsing nightclubs lower floors.Plus stayed there. We arrived 3am wanted grab shower go sleep.First problem. No towels. When rang housekeeping told towels 7am...Second problem. The people next door loud conversation like room. We heard room service arrive 4am, even heard scraping knives plates. On positive side, complained reception ring noisy room ask quiet down. They little bit, could still hear them.We spoke guests demand moved teh 2nd floor directly nightclub said loud floor vibrating!",-0.04986790986790987,0.409052059052059,Oct 1 2005
36,36,"highland best got back 2 weeks highland bur dubai, brilliant!! we,r picked airport 10pm coach taken took 15 minits get checked shown room went 2 daughters gave uyp large suite queen size bed fold camp bed!! hacked camp bed 2 nights politley asked another bed problemto change proper divan bed, (they use fold beds staying short didnt realise we,r 2 weeks)the room immaculate 4th floor away disco lobby, noise ever, bath shower well fridge television movie channel english saw great films water waithing us needed, every morning newspapers delivered us free, stayed bed breakfast went breakfast presented lovely layed buffet style tea coffee orange apple juices, trays peeled fruit watermelon kiwis well,the staff could enough wernt tips gave, make us comfy possible use iron ironing board rooms we,r cleaned every daythere 1 complaint money xchange rate bad used 1 rearly well situated far anything rearlly jumeira road gold souk way creek within walking distance, burjaman mall portrayed 2* would give 3 plus******",0.13684334845049134,0.5296674225245654,Aug 29 2005
37,37,noisy like night clubs &amp; noise stay hotel. 25 hours found staff rude noise unbearable .The breakfast . worst ever . stayed another dubai 14 days previus star rating far superior . check took nearly 45 minutes check get passports back. picked droped arrabia travel fantastic.,0.012222222222222233,0.6005555555555557,Jul 27 2005
38,38,"Nice Hotel rude staff! We stayed 12th June 15th June. The excellent location daily breakfast wonderful problem room service staff. Whenever asked hot water ordered food room, person delivered used glare us leaving. Such people working line.",0.309375,0.7437499999999999,Jun 21 2005
39,39,"Nice little stay I stayed Jan 2005. Value money 3 star hotel. Located 'computer &amp; accessories' business area Bur Dubai. Within 5 mins [by car/bus - bus stop situated front - Good bus service well] Nasser Square shops selling electronic &amp; hifi equipments concentrated. The Hotel service satisfactory book higher level rooms avoid noises night clubs situated 1/F hotel. The surrounding area quite safe, even night !",0.39749999999999996,0.62,Feb 24 2005
40,40,"Staying Highland Hotel - Bur Dubai We stayed Highland Hotel Jan 2005 happy location, within walking distance Bur Juman Centre, creek close port. There also supermarket quite close by. Comfortable 3 star hotel, although lower floors get lots noise discos first floor, staying request high level. If looking 3 star would definately recommend one.",0.4025,0.6683333333333333,Feb 11 2005
