,Unnamed: 0,Reviews,polarity,subject,Dates_extracted
0,0,"Great Value great value money, clean hotel, nice furniture staff friendly tried help us taxis (hard get free ones) construction work think new bridge somethingbut highly recomended",0.38937373737373737,0.712023569023569,Nov 17 2009
1,1,Good place stopover Dubai Located Airport City Center Traders good place overnighting Dubai. The rooms large comfortable little extras would expect find 5* - Buffet food excellent service friendly. The new metro station 5 minutes away opens 2010.,0.3597943722943723,0.5536796536796537,Nov 8 2009
2,2,"Very nice lovely stay We Been many hotels Dubai, Traders really something special enjoyed stay, We staying Club Executive package found service lounge good ever. Thanks staff usual top class service. stuff making effort keep customers happy. We like much sure come back, best management team staff there.",0.4324761904761905,0.5106878306878307,Oct 9 2009
3,3,"Just right! First time staying Trader's many co-workers recommended it. The staff very, friendly helpful. The room cozy, clean right size 2-3 night stay. Free internet room (a plus Dubai) two bottles water. Breakfast buffet ($25) nice meal day beef, chicken fuller meals included breakfast.Overall, nice place stay. I paid $107 per night, Agoda. For Dubai (a expensive city visit)...it was, right.",0.19340986394557821,0.6689625850340136,Sep 21 2009
4,4,"Excellente! The better expected!! The room taken care quite well! The food good, needed bit variety though!! The Staff also helpful. Enjoyed pool hottub well top floor. The Bar also nice. Though got sort party ballroom quite packed, overall, stayed 5 nights remember correctly awesome!. PS: Location damn good well, 15 mins airport, 10-15 mins locations!",0.5128125,0.5545454545454546,Jul 24 2009
5,5,"Very enjoyable stay Stayed Traders nights way Mauritius. Was comfortable friendly hotel. The food drik good reasonably priced. Would definately stay I needed near city (shops,creek etc).",0.3435714285714285,0.5942857142857143,Jun 19 2009
6,6,"comfortable best breakfast For Dubai, I found traders reasonably priced. This frequented regular business men pilots. I suppose coming back comfortable. This great planning use sleep breakfast. The breakfast really quality. The complaint smelly stained carpet outside bathroom due seepage water.",0.22458333333333336,0.44599358974358977,May 16 2009
7,7,"I think I use another vacation Dubai I stayed Traders Hotel Dubai end April 2009. I booked room online Traders website 540 AED (about 150 USD). The transport taxi cost much took 10 minutes. We came midnight quite tiredâ¦luckily check fast I got room 351. I actually tired I open suitcase I really appreciated toothbrush/tooth paste kit bathroom.The room beige carpet dominated big bed (which pretty comfy far I remember). The walls light colors dark wood furniture contained place suitcase, wardrobe also space water boiler, water etc. In front bed desk, chair, mini bar inside small CRT TV. The internet included free Traders Shangri-La hotels access via cable â excellent opinion.The bathroom small pretty smart laid out. There shower corner glass door, small sink area, amenities I used Traders KL (but place shelf toilet?) tiled actually pretty nice.The breakfast included room rate (my mistake) I pay another 75 AED Iâm mistaken. I always find bit annoying I donât really eat much breakfast. But breakfast seemed include things would expect breakfast.Now things positive. When I opened curtain morning I looking straight construction site â really outside window. When checked pilot came back desk asked another room didnât want room facing construction site I assume noise site day. Talking pilots airport personnel: close airport seems used airport people transit airline personnel. Not bad airport hotels normally different atmosphere regular hotels. And close airport also get close encounters planes taking landing cool. If using Traders vacation also note pool tiny indoor.The located airport ocean Deira side Dubai. It seems like centre Dubai stretched Dubai creek towards Burj Dubai area Jumeirah location might best.ConclusionI stayed Traders Dubai night I planning using vacation May Iâm second thoughts. First second thoughts connected construction site outside hotel, location tiny indoor pool. The room bad airport atmosphere. So vacation May I probably choose stay different hotel.",0.06018278018278021,0.4857089207089207,Apr 29 2009
8,8,So-So Location Deira (nothing exciting there) pretty expensive great get parts town (especially Jumeirah) getting cabs hassle evening... rooms bad price though,-0.017857142857142867,0.755952380952381,Apr 9 2009
9,9,Free internet. I always stayed Traders Hotel probably best friendly staff.My complaint past cost internet. In December I complained guess what? Itâs free guests. The manager told Traders Hotels Shangri-La Hotels Resorts offer free internet guests beginning year. He told decision made due feedback guests like me!,0.18806818181818177,0.5204545454545455,Mar 23 2009
10,10,"Good Value quality Good value, directly traders website thaey food drink packages, good staff, nice small bar, food O.K.Rooms fairly small well appointed.Bad pointsVery busy traffic wise, getting taxi problem",0.3444444444444445,0.5777777777777778,Mar 11 2009
11,11,"Usual Efficient Standard In UAE regular business trip. The problem Dubai generally everything spread uot place. CBD note.This case, business traveller I like near-ish airport one 10 minutes away. Set busy intersection and, directly front, new train system constructed great help end 2009.The downside Dubai cost accomodation. I mostly stay Shangri-La properties business trip one located way top price. Traders cheaper, business focussed, chain run group.This case staff well trained go way help whenever can. Nothing problem. Rooms perfectly fine, looking onto nothing particular. A weird shower arrangement stand, seemingly, floor next bath soak behind fixed glass screen It works OK though.Being business fine dining restaurants, lovely outdoor pool areas (there small indoor one inviting), etc. we're work, right? I qualify club entry helps spread days work head dinner.One major annoyance, metered taxi rank outside available need it. The staff best standing corner waving passing vehicles trying get one stop. Occasionally they're successful often not. That leaves option contracted limo company. No meter, high negotiated hourly destination fare. The big tip is, working different locations Emirates, get metered cab (somehow) ask sit wait every location. You pay half price he'll every morning pick specified time. ALSO, pey cash return every day put bill. The way go.All all, efficient, great helpful staff, good rooms. Will definitely choose next time I'm working. probably I bring wife.",0.15347525580480126,0.44391324584506414,Feb 18 2009
12,12,"Another great stay Second stay Traders,just good first time. Staff can't enough you, time day night. Checked Sat morning,upgraded Traders club 6th floor,very nice indeed. Room large clean,and pleasent. Breakfast excellent,plenty choice,and tasty. Metro built outside,but noise all. Should interesting finished, might improve traffic, taxi problems. All nice hotel,in nice area. Worth price more!!",0.43610969387755105,0.5222789115646258,Nov 28 2008
13,13,"Don't go wheelchair Beautiful hotel, helpful staff, good food, beautiful bedroom. BUT room supposed wheelchair accessible I wheel bathroom door! Staff removed door - still wide enough; showed us suite - access worse; brought hotel's wheelchair - even go through! Finally removed wheel rims wheelchair scraped through. I transferred it, went bathroom find adapted way. The toilet angle corner bars wall. The shower bath behind glass screen opening 40cms.Thank Goodness one night stopover way Australia.",0.2577651515151515,0.6522727272727272,Nov 28 2008
14,14,"In Dubai Traders Hotel DubaiWe found comfortable, facilities one could ask for. The room quite big, enormous bed, wardrobe, safe, desk chair, TV, coffee/tea, broadband internet access (cable provided) laptop (at cost) reasonably-sized bathroom. It quite new, things Dubai.Breakfast good, plenty choice (hot &amp; cold). I used gym (adequate); others group tried lap pool spa.The location may ideal (it didnât seem close anything), arranged taxis larger vehicles necessary, wasnât much bother.Iâd highly recommend dinner desert outing. Pick drop hotel; 4WDs dunes, camels Bedouins, henna tattoos, hookah pipes, belly dancing, heaps great food (alcohol sale too).",0.27498106060606065,0.6392424242424242,Oct 28 2008
15,15,"loved !!!! Arrived early hours flight thailand found staff pleasent helpfull, found room clean tidy also nice size.Found breakfast good lots choice chef ready cook eggs way want !Had dinner twice times really enjoyed highly recommended.The staff helpful pleasent smile never much trouble NICE !The position also good one close amenities beach,shops,souks airport would recommend return, one downside booked room double bed twin room none left apparently, didnt let spoil though.",0.34719298245614033,0.5357894736842105,Sep 6 2008
16,16,"Fantastic Stay Traders Recently went Dubai course friends. We wanted separate rooms (go figure) looking anything snazzy, somewhere decent, clean far away.I used trip-advisor help pick place, forever grateful great site! The place excellent. I mean classiest place stay Dubai means, looking stay somewhere nights want go overboard budget can't go wrong Traders.Check-in breeze. Rooms clean. Beds comfy. Bathrooms speakers! Gym ok. Service always top-notch.However, I would like point following: Tv's ancient! Internet free, plus insanely slow! While close airport, pretty far main attractions.But main reason I went course, Traders catered every needs. Therefore, I issues place would definitely consider going I wanted average-priced business hotel. Highly recommended.",0.16352272727272726,0.6050378787878788,Aug 30 2008
17,17,"Favorite Place Stay Dubai I stayed Traders many times visit good experience. The staff unbeatable, rooms nice, location convenient.",0.62,0.775,Aug 18 2008
18,18,"Great! Stayed 2 nights + could fault hotel. Staff great + friendly. Only 5 minutes airport handy. The indoor pool + gym - outdoor pool run courtesy bus Al Mamzar beach. The spotless + comfortable. Sometimes night I found little noisy people slamming doors - fault hotel, selfish guests!!! Would recommend hotel.",0.3029296875,0.83125,Jul 29 2008
19,19,"Very comfortable We stayed Traders three nights en route back Australia. We arrived late first night greeted friendly helpful staff.The Traders expensive stayed trip showed quality room equipment services.Very helpful reception guest relations staff; quite central 'old' Dubai; adequate sized comfortable room superb spacious bathroom; excellent in-room facilities services option joining Traders Club extra cost did.It well worth joining Traders Club night two includes full breakfast plus daytime snacks soft drinks, business centre access sundowners.",0.2754629629629629,0.510925925925926,Jul 28 2008
20,20,"Great hotelnot fantastic location. Upon arrival,check fast,and seamless.We given option upgrade Executive floor approx additional USD$34 night.This included free wireless rooms,cocktail hour(only good get stuck mall one hour queue taxi!!),the option breakfast cocktails business lounge.The provide taxi cost,and driver fantastic...he even played JT request.The location however fantasic,in regards shopping close by.There &quot;mall&quot; across road,but mainly local style shops.It however handy airport,so quick stopover perfect.",0.508888888888889,0.6537037037037038,Jul 4 2008
21,21,10 10 Traders We arrived back Australia 6 week Europe trip.I would put Traders top list accommodation. Nothing much trouble staff polite enough us. Food great!Accommodation first class! reasonably priced rooms spotless! WELL DONE ! I problems recommending Traders anyone dissapointedIt made short stay Dubai memorable. We'll back.,0.17500000000000002,0.3814814814814815,Jun 21 2008
22,22,"Outstanding We travelling party 26 (5 families children cricket trip Dubai Malta) needed Dubai 4 nights expensive good quality. Having read TripAdvisor reviews, decided Traders. It exceeded expections.Right check-in check out, stay Traders outstanding. The service amazing. On day departure, staff opened restaurant 5.00am lite breakfast flew out. And talking breakfast, party agreed breakfast buffet amongst best us anywhere world.If looking good hotel, good price outstanding service, rooms sleep 3-4 people, Traders right hotel. And put people saying good location. Malls supermarkets close by, relatively close airport comfort city experience terrible traffic congestion!!",0.35904761904761906,0.6173809523809524,May 25 2008
23,23,"Nice place overall.... Trader's Hotel Dubai good buy Dubai. The rooms beautiful, well kept staff overall pretty friendly. For another $20 dollars, upgrade business executive floor. This well worth includes buffet breakfast, free coffe tea anytime, access health club many perks. These pluses.The negatives are: inability staff get taxi whenever want. Taxis QUITE difficult come Dubai entirely fault. However, seems four five star hotel, taxi ready whenever want. Also, times, staff bit hard understand. Another downside location far away action. Overall, I think anyone staying Traders satisfied stay.",0.20833333333333334,0.5600877192982455,Apr 29 2008
24,24,"Excellent place stay Fantastic hotel! White-glove inspection clean, close airport, great service, excellent price, absolutely superb breakfast buffet.",0.7777777777777778,0.8916666666666666,Apr 15 2008
25,25,"Amazing ! Top Notch Customer Service !!!! Well. It came passed. But remain memories etched everyones minds. My special day made even special tremendous hospitality individuality staff Traders Hotel.Beautiful, Amazing, wonderful, great food, beautiful ambience, lovely setting !!! ..... words expressed many guests come 05th April Al-Samail Hall Traders Hotel. Let me, wife family take oppurtunity thank everyone amazing staff made day remember. Right first meeting Event Management team, till time I checked-out Hotel, experience outstanding. I know total team effort, I would like single one particular individual whose positivity always stood even bouts hyper tension anxiety, managed calm soothing personality. Prabha Manickam true professional one real gems professional outfit. Everyone family wishes best luck appreciated professionalism day one. There one small hiccup wedding day passable overlooked 'better' things happened day. Sam, night shift Manager Head Cook ensured evening passed without issues. My regards wishes also. All all, splendid. I vouch Traders Hotels service hospitality time, where.",0.4057111291486291,0.565894660894661,Apr 14 2008
26,26,"Awesome place relax 17 hour flight I say place wonderfully placed go places Dubai. We greeted Staff entered doors polite staff telling us rooms would be. The indoor pool massage area great long flight. Free Shuttle bus city. Staff friendly encouraging us look around Dubai 30 hours there. Buffet food superb great see huge variety cultural foods juices.I indeed look forward staying again. Since Dubai ever-growing city day, would best place stay check changes people around. Cheap Taxi fares willing take A B friendly.",0.5441666666666668,0.66,Mar 19 2008
27,27,nice easy Its nice pleasant hotel. Not top decent great location. sad asked king size bed got twin room put beds together. But price cant go wrong taxis readily available.,0.18484848484848485,0.8196969696969698,Mar 17 2008
28,28,"A bit balance Just wanted balance excellent reviews - good really nothing special. Stayed last weekend one night tennis.ProsNice roomsBreakfast goodService GoodValet parkingConsAwful location, traffic always bad - stuck jam 2300 !Smallest bath worldNot really better low cost chains - Novotel / Ibis far better locatedIn summary - careful picking one based reviews clear area Dubai want - I coming holiday instance I'd want end Jumeirah beach Marina area put building work. If I wanted low cost nice I'd go one mentioned I've stayed 7's / work times. If I wanted central location it'd Sheikh Zayed road every time.I've stayed great hotels honestly one typically 1000dhs ++ aint cheap.",0.20865800865800865,0.5392316017316017,Mar 10 2008
29,29,"A Gem third cost. A short review here: I read reviews Traders Trip Advisor say exactly right. This within context skyrocketing prices Dubai incredibly good value - literally five star standards three star prices - misnomeaur I think correct one days, get there! Great room service menu also, multi-national tasty. Super clean rooms bathrooms. All great stay, well done.Location Deira area 25-30 mins Jumeirah beach area, town business area, top choice.",0.37233766233766236,0.5061255411255412,Jan 31 2008
30,30,"best value dubai..without doubt friendly welcome,efficient helpfull staff,very nice clean room huge comfortable bed,spotless big bathroom shower,great breakfast,good location,never problem getting taxi,and lovely bar nitecap..would recommend everybody.",0.4552083333333333,0.635,Jan 4 2008
31,31,"Trader's Hotel - A Class It's Own I stayed Trader's Hotel Dubai several times never failed impress me. The service-outstanding, rooms-contemporary yet cosey, lounge- simple yet impressive, breakfast- whatever comes mind fine broad selection. Truely Hotel class own! Highly recommended appreciate staying style!",0.36291666666666667,0.5659642857142858,Dec 15 2007
32,32,"Relatively Good Value Traders As regular traveler Dubai, seen price rooms sky rocket last 18 months, I decided check reviews site.Traders Hotel came consistently good reviews terms facilities value. I consider paying USD 250 per night good value 4 star - cheaper similar properties goes show expensive Dubai become wish stay reasonable facilities.The hotel, staff facilities good would expect 4 star Dubai. At Check In - suggested I upgraded Traders Club Room - planning breakfast Internet everyday - ended paying itself. The Club Room useful per Asian hotels, offer complimentary hot snacks beer/wine 5.30 - 7.30pm.My major problem trip.....and I suspect future trips - unavailability taxis. Dubai expanded rate supply taxis able keep up. The staff able assist getting taxi appear inclined come alternatives. To get around this, I book private car, via Business Centre, 24 hours advance sure able leave I needed to. So pre-planning called for.Overall fine - I sensed Sheraton Deira staff happier see previous trip!",0.20711805555555554,0.4710060541310541,Dec 10 2007
33,33,"Very Good Hotel Traders excellent quality 4 star business people limitations holidaymakers. Possibly impressions affected arriving Traders directly Maldives. Traders oasis busy part Dubai benefits near airport. Provides excellent service, comfortable surroundings, good evening entertainment (fab band snacks bar), brilliant buffet. It outside pool. We able get taxis crossing road flagging side ?Marriot.For holiday makers I would recommend beach need visit town probably holiday Souk/Museums etc. Doesn't really much going unless like staying posh overpriced hotels overlooking Dubai version M3. Shopping rated Malls impressive. My view Dubai place needs seen, 3 nights (which average I see stats). You go European Cities, stay topclass hotels enjoy culture food Dubai dream fraction price. I think niche market Dubai Persians/Indians/Arabs stopovering Europeans/Australasians thanks excellent airline - Emirates",0.31074786324786324,0.5853418803418803,Dec 9 2007
34,34,"Pleasant stay Traders lovely hotel, catering well business pleasure travellers alike. Although geographical location good access airport, Deira City Centre, Gold Souk etc, placement extremely busy road makes getting taxi almost impossible â hard staff try. I took hijacking taxis Marriot road (which also suffers lack taxis), jumping one stationary traffic lights. Being located busy road close proximity airport, I expected room noisy â no, rooms soundproof coupled lovely large comfortable bed, I best nights sleep long time.We stayed executive room, comes perks private lounge complimentary breakfast, drinks nibbles day. Food lounge room service ok, little disappointing.Our room clean, big plenty storage place, free internet access large amount stationary(!) The bathroom small perfectly formed gorgeous rain shower. Staff throughout friendly quick help.As base exploring itâs great little hotel.",0.18024290524290523,0.5902837902837903,Dec 8 2007
35,35,"Great base exploring really exciting city Only stayed 2 nights way back Thailand far exceeded expectations. Although arrived late problems booking breakfasts fabulous everything could possibly want things probably didn't. staff attentive without pushy room large clean. The bar lively th evening shuttle bus shopping mall godsend us lot time.. Definately chat concierge arrange sorts trips short notice. Dow trip creek amust along Dunes busting desert time High tea Grovenor also must. try blag way onto 46 floor get superb views palm, world etc.",0.1527832951362363,0.7063865546218487,Nov 18 2007
36,36,"Exceptional This exceptional hotel. We stayed 3 nights way back Australia safari Africa. - Our room exceptional - good would expect 5* hotel. The TV large many good cable channels, bed king size, new comfortable. The bathroom good could expect hotel.- Breakfast buffet (included) good - wide variety usual fare (including custom made eggs choice) unusual additions.... chicken nuggets anyone ? I tried Camel's milk ! There never seems enough staff breakfast though - tables remain uncleared far long. It's easy fixed though. - Dinner la carte - chose premium option (around $40 memory) - use dinner buffet 1st course desert. Very good value.- A special note business centre staff - staff hotels could good guys. Nothing complex, much trouble problem them. They knowledgeable book anything you. A polite good service. - On sixth floor, fitness centre, pool, gym, saunas etc. Massages also offered - also good value. - The offers inexpensive airport transfer service. Overall, good. As good could expect. Would stay again.",0.3215036923860453,0.5855258467023173,Nov 5 2007
37,37,"Enjoyed stay Traders Having read Traders reviews Tripadvisor decided, candid photographs price, give go. This first time Dubai albeit travelled stayed Middle East several previous occasions.We arrived 2am, subsequent long delay getting Customs Dubai airport, problems checking getting room. We originally booked Superior King Room however chap desk discussed benefits Club Room upgraded additional A$80.00 3 nights. We chose stay Club Room Floor remained 4th Floor quiet room well appointed described depicted reviews candid photographs. Bed comfortable bathroom excellent, modern fixtures fittings.The Club rate includes breakfast excellent, plenty variety food, fruit etc plus choice eggs omelette etc cooked front you. We ate ground floor smoking allowed eating area Club floor. In addition avail Happy Hour Fitness facilities early breakfast say 9 11pm. Our stay coincded Ramadan breakfast welcome start day. Visiting Muslim country Ramadan inconvenient eating entertainment perspective, however something experienced.Traders little far centre Dubai say Deira City Centre however live as, depending traffic, short cab ride, say cost 10 15 dirhams . The provide shuttle service however infrequent, couple times Deira City Centre . Should go back Dubai, would lot building work completed traffic flows improved, would hesitation staying Traders again.",0.23822951739618403,0.5632716049382717,Nov 3 2007
38,38,"Great stay super staff Based prior stays Shangri-la hotels, booked room club floor, surely disappointed. Located airport city center, except Jumeirah sights interest tourist short, inexpensive taxi ride away. Check-in handled courteous, efficient way, staff member accompanied us room club lounge, briefing us essential need-to-know items. Our 5th floor room faced interior court yard thusly shielded traffic noise busy thoroughfare located. While overly large, nevertheless luxurious. It appointed comfortable king size bed, desk laptop connections drawer full office supplies stapler scissors paper clips. A stocked mini bar, in-room safe, ironing board iron, obligatory TV phone rounded inventory. A luxurious, terrazzo tiled bathroom modern fixtures, beveled mirrors, soft towels, robes, slippers, hair dryer, ample assortment toiletries added comfort stay. Club use privileges definite plus included buffet breakfast club ground floor restaurant, cocktails, wine canapÃ©s evening, although account Ramadan 7PM, PC Internet printer use, more. Comfortable lounge chairs sofas made nice place rest cup coffee returning day sightseeing hot Dubai. The Junction Restaurant ground floor offered extensive menu selection, breakfast buffet spread left absolutely nothing desired. Travel desk, guest services, gift shop rounded lobby services. A courtesy shuttle beach shopping mall offered. A smaller mall located across street within block hotel. The Traders Hotel offers great deal price, services rival five-star hotel. Should return Dubai, definitely stay again.",0.2660873015873016,0.5039523809523809,Nov 1 2007
39,39,"Perhaps best choice solo backpacker... I arrived approx 6.30am. I charged 260dhs early check in, would allow breakfast morning. To honest I thought bang order, I tired I paid dues went bed.The bedrooms fantastic. Huge bed, easily comfy I slept in. I traveling around Japan Thailand, luxury traders great. The service great - expect called sir time, taxi doors etc opened you! One thing taxis - get yellow cab, ask yellow cab - let get one &quot;limousine taxis&quot; - literally double price yellow cab. I keen constant money chasing - Internet free business centre (On two occasions I wanted check email - first guy let free, second said I pay 45 minutes access, 20dhs). To honest, I think bad charge internet, never mind.The location great, I alone take taxis everywhere....they arn't massively expensive adds up. Expect pay around 40dhs way mall emirates, jumeirah beach, etc.Unfortunately experience tainted arrogant clerk check out. I arranged, paid for, airport pick drop off. However, checking out, said I needed pay drop off. I told I given price total journey, said one way only. I could access email...and basically totally disregarding side story. After bit arguing, eventually let get taxi (which going anyway!!). It shame end note.Overall, I enjoyed - I would stay I alone.",0.25459770114942526,0.5729885057471265,Oct 3 2007
40,40,"Heaven On Earth MY HUSBAND AND I STAYED AT TRADERS TO CELEBRATE OUR ANNIVERSARY. From moment set foot till moment left treated first class: Every memberof staffwas courteous pleasant (EVEN TO THE GUESTS WHO ORDERED THEM ABOUT DURING THE BUFFET BREAKFAST, THEY WERE JUST TOO LAZY TO GET UP AND SERVE THEMSELVES-HOW THE STAFF REMAINED SO PLEASANT IS BEYOND ME!!!)The spotlessly clean meals die for!The gym well kitted and, get chance, treat massage-you disappointed.Transport airport arranged directly small fee complimentary transport Deira city centre beach park also.IF DOING THE RED BUS CITY AND BEACH TOUR-TAKE 2 DAYS , AS THERE IS TOO MUCH TO SQUEEZE IN TO 1 DAY.AT FIRST THE HOTEL APPEARS TO BE A LITTLE OUT OF THE WAY, BUT WHEN YOU SEE ALL THE CONSTRUCTION WORK GOING ON IN THE MAIN RESORT, YOU'LL BE GLAD YOU CHOOSE TRADERS.See next year!",0.20661764705882352,0.5078431372549019,Oct 3 2007
41,41,Avery Clean Authentic Hotel We stayed booking 2 rooms Emirates. I must mention comfortable stay. Since I whole family thus staff provided us everything wanted. Location OK. get taxis easily. Some stores walking distances.,0.4328571428571429,0.6642857142857144,Sep 26 2007
42,42,"Can't rate Traders highly enough For anyone visiting Dubai, wants first class service excellent value money, Traders must right top ten.We paid little bit stay 5th Floor take advantage Traders Club facilities something strongly recommend.Arriving 7.00 a.m. morning, room already available offered breakfast extra charge. The room magnificent, one biggest comfortable beds ever slept hotel. All mod con, including laptop connection, complimentary bottled water, daily selection fruit free paper.The Traders Club (on 5th Floor) provides free tea, coffee soft drinks snacks throughout day plus free internet access - essential want confirm homeward journey online. Every evening - 5.30 till 7.00 - offer complimentary cocktails Traders Club. What means simply pour drinks, big little like, many times like. The snacks available also upgraded period include hot tasties.Breakfast served Traders Club, want privacy, miss chance taking breakfast least main dining room downstairs. This meal magnificent, selection dishes Western Eastern world. As everything else Traders, quality first class nothing much trouble attentive staff.Unfortunately perfect !Although could fault Traders quality service, couple minus points must mentioned.First all, location. While serious issue Dubai, taxis plentiful cheap, Traders right edge Deira district cannot walk anywhere worthwhile. All trips Souks Malls must taxi.Secondly, swimming pool outside located within 6th Floor. Admittedly, rooftop relaxing area, lounger beds shower proper outdoor swimming pool.In summary, visiting Dubai want avoid building sites beach hotels, time, pampered first class hotel, go Traders. Just expect outdoor swimming pool easy access attactions.",0.26931486880466476,0.4876579203109815,Sep 11 2007
43,43,"attentive staff arrived 7am expecting offered bag storage, room later, two rooms already prepared checked straight in. The rooms fairly compact, perhaps tiny bit tired, whole, absolutely lovely, well presented prepared. Beds super comfy, temperature right (50 degrees outside) food restaurant really excellent, best breakfast selection I years travelling. Staff kind attentive, clean pleasant environment. Would like highly recommend traveller looking visit Dubai without staying one flagship tourist hotspots. Our two sons, 15 16 thoroughly enjoyed sauna pool, though wireless access internet available small charge, free lounge (subject buying menu). It would better wireless free - can't everything. Very comfortable price, well placed. Taxis cheap souks, beach etc. I use again.",0.3276683087027915,0.629392446633826,Sep 1 2007
44,44,"Consider Location Based reviews web site, I decided select Traders Hotel primarily value money. Having stayed Shangri-La Dubai previously, I aware going lesser experience. As Dubai general I pleasantly surprised. Arriving airport 3.00am I difficulty find Patriot Car Rental desk transfer arranged prior. Eventually I found exactly i.e. rental car desks - duh! So eventually, short drive later I arrived Traders around 4.30am. The reception staff kindly agreed early check-in I found must surely one smelliest rooms I ever experienced. Travellers Dubai beware - order non-smoking room non-smoker. I woken several times smell smoke, I hoped would ameliorate effects noisy air-condiitioning. I resolved see reception morning. Without hesitation I moved new room level three inner courtyard aspect, smell quiet air-conditioning. Bliss. Despite almost flight path adjacent busy street, well double-glazed insulated would hear thing. The room beautifully appointed offered small, thoughtful touches numerous mention here. Suffice say would well truly five star many parts world. The restaurant absolutely excellent, nicely presented offering huge range cuisine reasonable prices. I amazed fresh salads raw foods are. If done like desert, can't done Sydney? The gym, steam room sauna small adequate immaculately maintained. The pool indoors bit unprepossessing. I found House Bar one night surprised find really good cover band taking requests audience revelling variety. Sushi snacks offer bar quite busy small hours. The main thing ponder considering location. The situated adjacent airport Deira City Centre. Therefore ideally situated drawn towards Jumeira Madinat Dubai Marina seem house current hot spots. Although taxis inexpensive (AUD$23 Traders Madinat) roads becoming jammed travelling distances really enjoyable. If night life thing, I would inclined stay towards Dubai Marina. If hand need near airport &quot;city centre&quot; is, Traders might you. The last word must go staff. They unfailingly polite helpful. It hard go anywhere without politely greeted three four staff. Given rude guests return, testament indeed.",0.1320789087455754,0.5125303605859162,Aug 8 2007
45,45,"Upgrade suite means access lounge! We normally stay Traders Club Room (with access lounge) full satisfaction would recommend it. However, last stay upgraded Premier Suite, appalled find check-out meant lost access Lounge. To us, make sense pay close 1000 dirhams per day suite, suite provide access lounge. And although suite spacious, comparable hotels (like example JW Marriott stayed day paid comparable price). The front desk reasoned upgrade related floor space use facilities. After discussion pay use lounge. I'll never upgrade Traders.",-0.06071428571428572,0.5773809523809524,Jul 11 2007
46,46,"Good Business Hotel Spent two days three nights early June conference. It's solid business type -- nice lobby overdone good bar. Did try restaurant hotel. Rooms clean, slightly larger average US entire well maintained.",0.23266666666666666,0.5135000000000001,Jun 27 2007
47,47,"Great stay Traders Hotel I stayed Traders Hotel May 26th 2007 June 1st 2007 husband son. We arrived 5am 26th May still let us check early hour, even though due check 2pm. The service great, staff friendly, clean, rooms nice size also complementry daily service drives Dubai City Centre (a Shopping Mall) local beach back hotel. Even though popular part Dubai, everything make stay perfect. I would recommend anyone.",0.3717261904761905,0.5196428571428572,Jun 3 2007
48,48,Great Hotel This nice nice close airport. It definatly 4+ hotel. The rooms nice service excellent. The issue I TV went several times. But big deal. I would definatly stay again.,0.495,0.73125,Jun 1 2007
49,49,"Good quality Spent 3 nights early April. Large, clean, modern busy intersection. Rooms large quiet spite traffic outside. No view building lots traffic (and occasional 'plane flying low town). Good sized shower (no bath) bathroom. All mod cons. Near airport &quot;main&quot; part town, 10 - 15 mins walk shopping malls restaurants. No problem getting taxis. Good stopover need pools/fancy resort facilities",0.18723544973544973,0.4078042328042328,May 22 2007
50,50,"A Home Dubai I arrived conference early explore Dubai. I stayed Trader's 5 days moving REALLY expensive place beach. Apart pools Gulf right near, I enjoyed Trader's Hotel much. I problem checking in: phone would dial out. They brought staff moved things upgraded room. They helpful &quot;first timer&quot;; getting I needed go offering useful suggestions. The isreally clean - important little gym hadeverything I needed squeeze workout. The food delicious. Can't say enought place.",0.23317099567099567,0.5487012987012987,May 8 2007
51,51,"Professionalism Above All When get smiling staff around; knowing name right day following arrival; working tips, house; always prompt help difficulty might have; get almost fully satisfaction. If complain anything (an empty bottle bad first arrive) get letter address MD chain, apologising inconvenience informing everything done avoid similar situations,you see serious get customerÂ´s importance. They donÂ´t play around! Fantastic staff good indeed.",0.11173160173160174,0.5438528138528139,Apr 15 2007
52,52,"Wonderful staff I travelled Dubai mum staying Traders. As arriving late, 4 morning, I booked room night could get good night's sleep get holiday. When arrived room ready offered another room. We accepted choice I have. I quite irate I booked three months advance. We wait 12 next day get room booked. Not big deal I annoyed cheap hotel! They make complementary stuff. Apart lovely. The restaurant great menu, serving day. The bar nice resident band good. Transfers Mamzar beach 9.30 2.30, Deira City Centre shopping 11. The highlight far staff. Zar Zar front lounge absolute star, really friendly lots info area know she'll find you.",0.243125,0.6596875000000001,Apr 13 2007
53,53,"Traders Hotel Dubai A diamond rough Traders predominantly buisness aircrew Deira Dubai Straight Abu Baker Al Siddique Rd Al Maktoum bridge creekWe stayed club room 5th floor, nice room would expect 4*+ hotel.The veiw room window dire edge industrial area great veiw truck park.However standards service freindliness staff made veiws, high level staffing take ensuring good stay seriouslyThe position bad looks map Al Maktoum Al garhoud bridges accessible busy road taxis easy come taxis cheap far resteraunts etc doeant really matter (but remember heavy dubai traffic)In club room breakfast included soft drinks snacks day happy hour 5.30 7.30 free drinks canapesThe provides free shuttle (and beach towels) Al Mamzer beach park nice well kept beach park plenty facillities quieter al JumirahOn side pool sunbathing area small courtyard lots traffic noise 2nd floorThe arrange use sister hotels pool facillities request nominal fee (the Shangri la Sheikh zayed Rd 50AED)If want beach pool holiday isnt one. want 5 star standards 4 star prices dont mind location pool I absolutely reccomend hotel. It great base see dubai.Top Tip cross creek busy times get taxi abra (water taxi) station deira side cross creek abra pick taxi Bur Dubai side miss bottlenecks bridges.",0.20550896057347673,0.5747060931899642,Mar 19 2007
54,54,"Overall really good Overall Traders nice place stay, staff helpful even managed check us club room 6:30 (usually 2pm check in)The facilities offered club room user well worth money, included evening cocktails enough nibbles negate need evening meal. A buffet style Breakfast also included offering hot cold food. Soft drinks tea/coffee available day huge TV comfortable lounge facilities.The room large everything could possibly need gave free unlimited room internet connection laptop.Our problem club room us serious one policy smoking. Smoking allowed club lounge meal times air conditioning wasnât able stop smoke drifting across room. In evening got bad leave lounge well ready so.It may sound bit petty unfortunately unless change smoking policy look elsewhere next trip Dubai. But smoke go life :)",0.1408058608058608,0.6044963369963371,Mar 16 2007
55,55,"Hidden Gem Still good ever. This place must one finest bargains town. It always full, let's hope bean counters drive prices, extremely reasonable. The entire fine lesson quality customer service.Last time around gave early check-in die ( - Dubai travellers know holy grail) This time I got special treatment end. My schedule dictated early check-out - yet flight till past midnight. Well expect, agreed keep luggage safe me. Having finished work, returning around 3.30 I politely enquired (bear mind I'm longer paying guest) I could borrow exec lounge facilities get changed. No problem sir, fact said take long want - want hang around exec lounge evening &quot;that's OK us&quot;. All nice drinkies, snacks, free wireless, name it. In fact (this started get seriously impressive), I want go upstairs use health club? Absolutely!On thanking kindness, replied merely repaying favour I done checking early helping get rooms turned around.It's every let's ex-guest hang around FOC swim, steam, sauna raid exec lounge Trader's I get feeling understand concept customer loyalty. Instead '24-hours suit' I arrived home fresh great shape. Terrific massage, 80AED. Hotel heaven.",0.24373376623376622,0.5611255411255412,Mar 5 2007
56,56,Fantastic breakfasts Fantastic hotel!!!!Best we've stayed at. Not best location however pretty central(ish). Staff brilliant helpful. Cleaners clean day feel like get out.Can't speak highly enough place.Best breakfast selection we'd ever seen. They everything anything Â£10 eat drink much like.,0.4462962962962963,0.6666666666666666,Mar 1 2007
57,57,"Excellent Hotel - The Good Tripadvisor Reviews Were Correct! I stayed Feb 2007 attracted excellent Tripadvisor reviews. I disappointed.We arrived early 7.30am welcomed given one two booked rooms (for evening after) free 9.30am. Rooms large 4* rooms 4th floor lots facilities (including power adaptor, free water torch?!) quiet given proximity airport.Breakfast good lot choice &amp; buffet style, really good value eat lot . Room service proves better value want light meal &amp; inclusive rate. This came bang time booked.The restaurant also good &amp; lot better menu suggested me. Food - especially fish - really well cooked &amp; presented. For choice, wander literally road 5* JW Marriott &amp; enjoy services - themed Eastern, German &amp; Italian restaurants familiar Starbucks. Location also really issue all. Everywhere away Dubai spread &amp; taxi norm due non-existant public transport system City. Deira City Centre Shopping good basis start trip (the Big Bus tours start here) &amp; taxis cheap enough mean 20 minute ride comes 15 DHS, Â£2, Even Mall Emirates (a gridlocked taxi ride 1h30m) costs 60DHS, Â£8. A trip souks [markets] Deira Bur Dubai DHS15 &amp; 20 minutes away.Overall, though cheap, Traders competitive hotels Dubai many advantages disadvantages traveller. I regrets staying &amp; positive writeups pretty much bang mark accuracy. Stay Traders can!",0.29985853432282,0.5180125231910945,Feb 11 2007
58,58,"Great stay!!! We (2 adults 1 child) stayed Traders Hotel January I can't recommend enough. The breakfast great staff helpful. Our baggage arrive us kindly wake us 5 morning let us know arrived. They gave us late check extra charge waived breakfast charge 8 year old nephew. The rooms small compared US oversized rooms, very, comfortable clean. The bathroom big comparison pictures seen websites. It actually refreshing away mess around creek glad get away everynight.",0.2574444444444445,0.565,Feb 1 2007
59,59,"Terrible service two expensive watches stolen sweet terrible service, slow sometimes orders came wrong...the big shock discovered watches stolen make bag... called lost found department spend two days hope silly answers ONLY I'M GETTING...i wanted issue case since told investigating leaving back country... regret staying cheap &quot;low class&quot; however expensive...don't go traders hotel...",-0.255,0.6425,Jan 27 2007
60,60,"Great little Stayed one deluxe rooms Jan 2007 2 nights. Check-in quite quick smooth. Was given room 1st floor check-in asked room higher floor provided room 3rd floor. The sore part requested non-smoking room king bed time making booking, deluxe rooms vacant king bed make room 2 single beds. But joined two small beds together wasnât bad. Very contemporary room excellent bathroom (separate shower bath tub) done beige colored marble. The relatively new room clean date. The sore point room normal style TV quite small size era plasma LCD TVs. I would like make special mention regarding buffet b'fast provided really excellent, taste wise variety wise. A lot better 4 5 star properties I stayed before, Traders rated 4 star. My wife vegetarian usually hates buffet bâfasts hotels even satisfied nice selection vegetarian dishes addition normal selection non-vegetarian goodies. Didnât try restaurant times canât comment that. Did order room service (pizza club sâwich) quite good delivered quickly. On last day Emirates airport transfer scheduled pick us 6:40 AM worried may bâfast set early (their official bâfast time starts 6:30), surprised even 6:20 AM bâfast laid ready go. The situated Deira area close City Center Shopping Mall 15 minutes airport depending traffic. (Traffic Dubai getting worse day day). In end I would recommend Traders high quality reasonable prices. (If call decent Dubai reasonably priced.)",0.23047210197210188,0.5901539201539203,Jan 25 2007
61,61,"Fantastic fantastic satff We arrived 28th December, soon arrived welcomed drink offered breakfast.We lucky 5th floor...wel worth extra money.Our lounge nibbles free soft drinks alll day happy hour 5 - 7pm alchohol free.Our dedicated staff, helpful.We ate restaruant Sam, head waiter sent lobster seafod plate charge.....lovely food.The staff brilliant would recommend anyoneThankyou Traders makingNew Years Eve FABTASTIC!!!!!!",0.4484848484848485,0.7257575757575757,Jan 2 2007
62,62,"Excellent club room Stayed club room 5th floor - extra cost worth it. The club room good breakfast cant bothered go downstairs, snacks day free bar 5.30 7.30pm.Really well run good staff attention detail.Have stayed number different hotels Dubai business one highly recommended.",0.43374999999999997,0.5650000000000001,Nov 12 2006
63,63,"superbly run stayed amazing 4 nights april year. although 6 months since returned home, still remember vivdly great stay dubai. everything could ask city - clean, comfortable, new, stylishly designed, luxuriously appointed rooms, clean soft extra comfy linen pillows, friendly attentive staff - professional well, great breakfast spread. particularly impressed beautiful finish bathrooms - luxuriously done marble true quality written it. rain shower added extra - nothing better ease hard days work. would definitely return visit dubai again, would recommend anyone wants reliable comfortable stay dubai. don';t think many hotels beat package traders provides!",0.3823712121212121,0.6180484848484848,Oct 25 2006
64,64,Top Time Traders,0.5,0.5,Sep 28 2006
65,65,Super Hotel!,0.41666666666666663,0.6666666666666666,Apr 16 2006
66,66,Best 4* City dubai,1.0,0.3,Apr 11 2006
67,67,An Amazing Hotel...Highly Recommended,0.6000000000000001,0.9,Apr 3 2006
68,68,Disrespectful bell boys.,0.0,0.0,Mar 30 2006
69,69,Outstanding,0.5,0.875,Nov 24 2005
70,70,Loved Traders,0.7,0.8,Nov 6 2005
71,71,A week Traders Dubai,0.0,0.0,Jul 18 2005
72,72,Excellent Value,1.0,1.0,Mar 14 2005
73,73,Exceptional facilities superb staff great location,0.8222222222222223,0.9166666666666666,Jul 22 2004
74,74,??????????,0.0,0.0,Jan 28 2009
75,75,Hotel tout Ã fait remarquable,0.0,0.0,Jun 26 2007
