,Unnamed: 0,Reviews,polarity,subject,Dates_extracted
0,0,"Quiet Friendly Welcoming The Rihab Rotana 2 minute taxi ride Airport. Although way away might called &quot;main&quot; parts Dubai, convenient new Dubai Metro (Deira City Centre Mall station), links sites Mall Emirates (venue ski slopes). It otherwise fairly short, cheap, taxi ride local destination (although depends time day - rush hour horrendous!).The modern, small Cafe ground floor open 24 hours/day food non-alcoholic drink (the &quot;dry&quot;, serve alcohol).The rooms adequate size, well equipped. Each electric kettle, tea coffee provided, together hot plate, microwave oven, fridge washing machine, addition cable television. Furnishing includes couch armchair, coffee table.The staff efficient, friendly helpful. Checking fast straightforward.Altogether excellent value money, I stay next Dubai!",0.1887310606060606,0.4544507575757576,Nov 24 2009
1,1,"Excellent value price paid Staff professional helpful. Diverse breakfast buffet. Very comfortable rooms spotless. Rooms also washing machine ironing board. I really enjoyed stay there. Every time i'm Dubai, always overnight stays, stay know exactly i'm getting money pay.",0.48,0.616,Sep 16 2009
2,2,"Such friendly :) STAFF - Everyone wonderful welcoming - reception, concierge, cafe moka staff etc. We always greeted smile hello morning leaving wished pleasant day! When arrived leaving, concierge even let us touch suitcases, hard work - fab service. I've stayed lot good hotels first time I'd expereinced this. The ladies worked breakfast buffet also need shout lovely :) LOCATION - Brillaint deira shopping centre. It's straightforward 3 minute walk - literally. We found mall many times throughout week, really lively, fun atmosphere. Other nearby locations - * Gold/Old/Perfume souks - 15 mins taxi - around 15 dirhams* Dubai Mall - 30 mins taxi - around 25-30 dirhams* Dubai festival shopping mall - 15 mins - around 15 dirhams We travelled places using local taxis, ones found outside hotel. Jumeriah area quite far u go hop on/off tour bus (starting deira mall) get see everything opportunity stop off. ROOMS - Kitchenettes extremely convinient, mum especially loved washing machine haha. The tv good selection english arabic channels, found good programme/film almost every night. Beds extremely comfortable well. Nice spaced rooms lovely decor. THINGS WORTH MENTIONING - * We room connecting door pain next door extremely loud. We child less constantly screamed ages evening eventually led us changing rooms. Hotel staff fine even though new room connecting door, problems encountered :) * Work taking place outside noise could heard around 10am, didnt really bother us always getting ready go out. But trust I say, see work taking place EVERYWHERE dubai! * Brilliant breakfast - croissants, muffins, pastries, toast, sausages, hash browns, beans, eggs, omellete station, cereal, juice, fruit much more. * Specific times allocated women use fitness facilities",0.3142177589852009,0.5132840028188865,Jul 29 2009
3,3,"Nice rooms pathetic food Rihab Rotana suites designed long staying guests room comes equipped washing machine, microwave , crockery cutlery besides basics. Rooms comfortable clean good housekeeping service. The F&amp;B pathetic limite menu even quality food ridiculous, includes food available breakfast buffet well. The location nice walking distance City Centre (a shopping mall) food entertainment options.Staff friendly offer assistance promptly.",0.07777777777777778,0.7312500000000001,May 27 2009
4,4,"Very Comfortable place feel home The Rihab's rooms big apartment-hotels Dubai I've stayed in, lot Details right; furniture feel like seen somewhere else, real window look out, breakfast pretty good like european style breakfast, staff friendly, (very important): A/C quiet lowest fan setting, hardly hear it.I stayed Rihab two weeks; compared hotels I felt much home Dubai hotels I've stayed far felt much less like home. I would like back next trip.",0.1436779448621554,0.46591478696741856,Sep 29 2008
5,5,"Great longer stay I stayed RIhab Rotana seven weeks June July 2008. I would thoroughly recommend period time. The rooms reasonable size well maintained. The staff flexible rooms cleaned weekend. The staff helpful courteous. Right porters management. The gym well maintained basic pool same. I made feel consistently welcome requirements met al parts stay. If looking something that's bit like home period time, Rihab Rotana place you. The recommendation I would make ensure room connecting door suite - they're soundproof!!",0.32597402597402597,0.5577922077922078,Jul 23 2008
6,6,"Excellent Hotel An average, bit small hotel, therefore personal, Very clean, modern/contemporary rooms. Attention detail, extremely friendly helpful staff.We large group 13, staff accomodating needs smile face times. We ranged age 73 9 yrs content. Walking distance 5-7 mins City Centre shopping mall, one starting points City Bus tour. Overall priced either. Nice roof top pool.Only side one floor reserved non smokers. So sensitivity smoke high, book confirm non smoking room advance.",0.22613315696649028,0.47597001763668423,May 22 2008
7,7,"Perfect stay I stayed Rihab Rotana Suites last week ATM I happy accommodation provided. The suites everything one could need bed extremely comfortable. The bathrooms well fitted rooms hi-speed internet access cable.The breakfast limited provided necessary. The ideally located getting taxis, concierge good flagging you.All pleasant stay, 5 -10 mins airport, 20 mins Sheikh Zayed Road.",0.326031746031746,0.7344011544011544,May 13 2008
8,8,"A good quality near airport I stayed two nights recent torrential rain (three days it!).The coped well, apart Internet going down. Moreover, rooms comfortable quiet, breakfast bar good selection cooked continental foods.",0.26634920634920634,0.49603174603174605,Jan 21 2008
9,9,"lovely This really nice, bedrooms bathrooms clean. The rooms spacious everything need washing machine kettle micowave. There roof top pool loved! I would definatley stay again!",0.6153333333333334,0.792,Oct 28 2007
10,10,"It's little bits could better Just 5 nights business. Overall impression bad. The room big, nice clean, kitchenware handy. Living corner floor, room's view nothing spectacular, facing highway, busy usual. There shower bath, though warns save water (and Dubai?). Something inattentive provide shampoo+body wash mixture w/o conditioner, quite important swim pool roof. Under gym numbers standard equipments available. There's tiny desk w/ desktop printer call &quot;Business center,&quot; Internet free room, costing 15dhs / hr. Location-wise suite bad, walking distance (around 10min.) City Centre, rather huge mall Carrefour every daily needs need there. Right also take big bus tour takes number tourist places Dubai. It's also rather close airport less likely miss plane traffic jam.The staff keen telling places go around, however. Rather, want get one two tour companies available leaflet box. The big bus tour okay single travelers want look options, try tourist information mall instead.",0.1766705069124424,0.532258064516129,Jun 8 2007
11,11,"thumbs nice hotel. good location walking distance city center shopping mall near airport ( important due horrible traffic dubai )swimming pool spa nice.We upgraded suite - free charge .The staff helpfull earns 4stars rating money pay ( good offers website).the drawback small restaurant breakfast area, airplane noises night ( however unbearable ) long time necessary hail taxi ( commun problem dubai )i would stay",0.1415625,0.5909375,Apr 28 2007
12,12,"A great near Deira City Center shopping mall This conveniently located steps away Deira City Center shopping mall, minutes away Dubai International Airport. It great rooftop pool always heated (which sometimes necessary, even Dubai), nice fitness center including sauna steam room, friendly service. The rooms generally clean quite comfortable, although like cannot tolerate cigarette smoke, must insist non-smoking room. You often find good deals Rotana website, Travelocity, Orbitz, etc. About drawback restaurant, small often smoky. The breakfast good, pricy, unless included room rate, better going one restaurants City Center.",0.2574561403508772,0.5105263157894736,Jan 6 2007
13,13,"Good city centre stop Less 10 minutes airport flight path, swimming pool see planes take off, them. Deira City Centre, large shopping mall 5 minutes walk away, second largest shopping centre Dubai.The good city centre venue, cause want explore, one restaurant, well air conditioned, jumper needed evening eating there, many fine hotels area, always eat hotels (cheap compared UK), one beach hotels costs 60dhs (Â£10) half hour taxi ride. Swimming pool heated even 40 degrees, plenty staff helpful business people holiday means miss breakfast rush. The babysitting service far one better I encountered, like meet children day before, chat reassure every thing OK, reasonable rates. Sorry photos rooms modern clean spacious, smallest rooms have: sofa, VHS video, TV, small kitchen microwave, washing machine complimentary powder King size bed. AC standard, controlled you.As Dubai, construction going time. two vacant plots land permission hotels, rooms triple glazed heard nothing outside even police cars ambulances normally hear anywhere world.",0.18957142857142859,0.47747619047619055,Nov 17 2005
14,14,Rotana Rihab ist sehr zu empfehlen,0.0,0.0,Nov 10 2008
