,Unnamed: 0,Reviews,polarity,subject,Dates_extracted
0,0,"Nice Space If fussed staying 5 star beach, apartments great.On visit paid complain much.The apartments spacious comfortable bed, kitchen bathroom separate toilet aswell.Flatscreen tvs lounge bedroom.The gym adequate pool nice warm.The indian restaurante fantastic good authentic indian food (made indian chefs)Overall nice accommodation.",0.43,0.6683333333333333,Dec 30 2008
1,1,Basic ok Very basic accommodation ok looking self cater. The rooms huge well equiped available time booking. eg missing kitchen utensils.Rooms finished high standard adequate stay exorbitantly priced city Dubai,0.14933333333333335,0.3510833333333333,Oct 13 2008
2,2,"All glitters gold!! According rules, I'm place profanities review place. A shame, 'cos I'd really like tell &lt;profanity&gt; awful place was.The praise I Seven Sands close proximity The Mall The Emirates.Where begin: Firstly, upon arrival wife I expected - knew someone coming, list saying expect people... I produced receipt know me.Secondly, I arrived Saudi Arabia thinking would bar facilities - I could sit quiet drink wife. I found I checking Seven Sands licence... nowhere close proximity does. Marvelous.We checked late night, around 11pm. The air-conditioner room working got there, called reception sent technician. After talking reception staff informed us AC couldnât fixed tonight. Some bright spark suggested âpregnantâ wife I stay âhot-boxâ night relocated next day. Sorry, I wasnât forking âpeak season ratesâ sleep sauna â suggested wasnât smartest ideas. 20 minutes later new room. The air-conditioner working fine, many problems cropped up:The tiling decorations look nice, look close enough, easy un-trained eye tell place &quot;thrown&quot; together.The decor appartment &quot;budget&quot; variety.The electronic appliances provided rooms two-pin plugs. The sockets walls three-pin. There two adapters whole apartment, wanted cup coffee make toast, charge cameras etcâ¦ unplug appliance (the TV lot) order so.There two wall-mounted flat-screen TV's: One lounge one bedroom. Great, channels free air english-language channels come across scattered difficult find. We come Dubai watch TV option quality entertainment - owners place charging lot single night perhaps consider 'getting wallets' providing decent channels. The plug behind lounge TV close set. Once big lump adapter place, impossible plug anything else (satellite receiver, sterio). There second wall plug behind tv, one power - course adaptor. I un-plugged re-plugged tv decoder several times weekend wife I went charging essentials making breakfast.The lamp lounge work. I went turn bedroom lamp find even plug end cable - Just two exposed wires.The phone bedroom broken way. Exposed wires time plug still wall.There hair-dyer.The electronic safe advertised â course wasnât functioning. The door open two steel rods lock closed permanently extended. There batteries installed. There leak bathroom toilet shower water warm. initially tolerated â getting sick constantly reporting problems. On second day, another leak started bathroom ceiling â ceiling grubby fingerprints it. We couldnât ignore called maintenance. Whatever technician did, fixed leak - provided us hot water too. One highlights place.The inside microwave dirty.There electric jug kitchen, stand sits on.We ran small complementary coffee sachets I visited reception asked couple more. I watched one staff go kitchen retrieve some. The receptionist sent back room, told would brought shortly. I waited waited waitedâ¦ finally gave hope... The next morning I helped coffee sachets breakfast buffet.Speaking breakfast â attempted once. That enough. There nobody greet us, find seating. It seemed one staff member working room falling behind: Many tables still occupied used utensils - It struggle find somewhere decent sit. Strange really, looked glass windows kitchen seemed awful lot people there.There suitable glasses drink - wife pour orange juice martini-style glass. In life, I never seen anything like it!!! Even though food items warmers, still cold . The coffee I ordered came powdered milk yet fresh milk available drink counter. I watched one woman pour glass, take back table transfer cup coffee. She saw looking exchanged one âcan believe place!' looks. I believe last holiday baby born I brought wife rubbish!!My wife I thought would less headache made breakfasts remaining two days stay â all, staying âapartmentâ - brought supplies supermarket nearby Mall The Emirates. Come next morning sat eat, found knives kitchen... forks spoons yes, knives. We rifled thorough cupboards looking succeeded releasing pretty awful smellsSome furniture balcony would nice - people like sit outside breakfast, dinner sometimes drinks together.If crazy enough check - watch step thatâs next reception area. Hard see bit health hazard!!!Not worth money I paid it!!!",0.002314958371840394,0.5222643773205572,Jul 4 2008
3,3,"pleasently suprised I booked last minute. Was bit worried would like reviews pictures newly built. However upon arrival pleased location itself.The apartments well equiped balcony, lounge dining area, kitchen amenities, bedroom. bathroom 2nd toilet. 2 flat screen tvs, dvd player cable tv (although 2 english channels come dubai watch tv!!!) The rooms clean cleaned everyday towels replaced even washing up. There unfinished touches used room sleep bother us. Has small clean pool sunbeds table/chairs roof. There also gym, sauna, steam room jacuzzi. The staff polite helpful. I really fault anything.The location two streets away emirates mall ideal shopping eating. It right beside main road good getting everywhere. Taxis cheap although drivers know little english. Defenatly ... desert safari, Wild Wadi, Jumeriah Beach!!!",0.15966228354978354,0.44901038961038964,Feb 26 2008
4,4,Seven Sands,0.0,0.0,Nov 23 2009
5,5,bon rapport qualitÃ©/prix,0.0,0.0,Mar 29 2009
