,Unnamed: 0,Reviews,polarity,subject,Dates_extracted
0,0,"great service location I stayed one night I transiting Dubai en route India. I never Dubai wanted location somewhat central sightseeing. I particularly interested beach shopping. The small intimate, service reflects that. Even though I one night I felt like staff knew name. The room studio suite huge comfortable, kitchen living room area. The furnishings basic floors tile, fine me. My complaint room water shower never got warm. The bathroom individual water heater needed turned prior showering, even though I water never really got hot. The centrally located, great sightseeing. It's 15 minute walk Dubai Creek take abra ride across Deira. The beach areas 30 mins cab I recommend beach vacation. However roof top pool nice great view. The new metro system also makes getting around convenient. The close metro stop take quick cab ride get there. The one thing I would advise expecting Meridien opulence luxury, you. I know came bear Meridien brand certainly league Meridien hotels. That said, great stay experience met needs completely, luxury property. I'd definitely stay again.",0.24347402597402598,0.5525324675324675,Nov 21 2009
1,1,"Excellent Service expat initial month dubai finding place own. The room spacious. clean, nice room service friendly staff.I extremely impressed.there underground parking available.its busy road taxis found easily.",0.3722222222222223,0.7037037037037037,Sep 22 2009
2,2,"Nice apartment good value money Good value 200 AED booked via spg.com low season. Spacious apartments needed amenities. But 2 non smoking floors.Location heart Bur Dubai, away tourists, lots restaurants around, well supermarket. 10 min walk creek bus station.Friendly professional staff. Pool gym well maintained, free internet 24hrs lobby",0.3571428571428571,0.6285714285714287,Jul 3 2009
3,3,Very Good Value Money I booked stay five nights friend. The experience good given location value delivered.The located busy street various restaurants shopping centers within walking distance saving time taxi bills. The staff helpful rooms also maintained properly. Overall good experience especially kind room rents charged. Definitely recommendation,0.3811111111111111,0.6155555555555556,Jun 14 2009
4,4,"Nice Option Very nice apartments. The staff helpful friendly. Nice location, want budget Dubai stay near expats accomodation. Bur Dubai bus station walking distance go almost every UAE. If plan beach vacation choose another one - beaches near.",0.37214285714285716,0.6571428571428573,Apr 2 2009
5,5,Excellent value excellent location This apartment style great value expensive city. An easy 10 minute walk Creek. Bars great restaurants within easy walking distance well. Taxis difficult get either. The room clean spacious. The roof-top pool nice great view. The staff work hard please guests.,0.4618055555555555,0.8390277777777778,Mar 8 2009
6,6,It overall comfortable stay I stayed apartment two nights week back Dubai shopping festival on. It pretty much comfortable stay. I really liked room. washroom could bigger n better. They say Museum attractions walking distance away isnt true. It takes 10 minutes cab reach morning.Only probem I faced one evening much traffic I couldnt find cab another place Bur back hotel. I wouldnt recommend romantic get away. But really good business short travel trip. I payed 450AED + taxes night.Also I wouldnt recommend staying Bur traffic really bad day Metro construction roads always blocked.,0.1808823529411765,0.4818627450980393,Feb 25 2009
7,7,"Good A good excellent location. The staff helpful friendly. The breakfast buffet many things choose (fresh fruit, different kinds bread, cheese, pastry, omelets, sausages etc.). Rooms good condition, TV, washing machine, microwave, oven etc. Good beds. Only toilet perfect, always get hot water. Despite that, quality toilet toilets 3 star level hotels.There also free parking hotel. Note, however, intend day trips car, Bur Dubai area immediate center Dubai, meaning heavy traffic time. You spend lots time car. This applies whole downtown Dubai (especially Deira Bur Dubai), hotels area problem. It also difficult find parking space area, make sure free parking (like Dar al Sondos) intend use car (practically option move one place another real public transportation Dubai ).The also free internet lobby.I would rate ****+, ***. Absolutely recommendable.",0.22123655913978502,0.5947849462365591,Jan 25 2009
8,8,"Ruined honeymoon! We Starwood Gold Members expected Le Meridien ok! Not case. Now, let preface saying I bit diva expect lot Starwood hotel.My husband I spending 2nd leg honeymoon Dubai. As nearing hotel, I knew heading right direction. The building old, tourist section, view either construction parking garage people drying laundry window.The room short disgusting. I used Sheraton Sweet Sleepers/Westin Heavenly Beds, etc I saw flat, polyester, yellowing bed I really want vomit. No new pillows, comforter, sheets without stains. The &quot;suite&quot; equal suite old Holiday Inn...not new ones. The bathroom tiny, narrow tub. The TV old 20&quot; set. No flat screens here. I thought everything Dubai supposed new shiny. This, friend, not.The room caused new husband I get huge fight I asked could switch hotels. I went pool cool off, small decent. But would expect roof-top pool cool view...there 4 ft fence wrapping roof, ruining view may had.I returned room find husband decided I high-maintenance locked out. I debated moving Le ROYAL Meridien The Grovesnor House actual NICE hotels Jumeriah Beach area. These going $300 USD night would well worth it. The problem I feel comfortable woman alone city. I walk street change money Western Union felt heavy stares men me. I turned wedding ring inside out! All temples loud speakers blast prayers entire city several times day. I found bit Big Brother.The doorman extremely nice helpful. The desk staff nice helpful. You need change money Dubai, prices currency.The weather lot cooler expected. It seemed high 60s low 70s rained days. Not really beach weather. I ended grabbing cab heading back airport. Like previous reviewer, I supposed stay 5 nights, due hotel, I stay 1 night. I booked next flight back JFK, word wise.....you allowed go security 3 hours flight, restaurants shops anything outside. I slept chair 5 hours.The flight JFK Dubai nice new Emirates plane. We row got free kits all. The flight back older plane packed. Not empty seats anywhere. I screaming (and kicking) baby behind 14 hours. The flight 12 hours.If looking budget place stay man want nice view beach, may ok. I, personally, absolutely disgusted, I can't believe Le Meridien put name place. It one thing POS place next things wanted see....but POS place middle ghetto.Very disappointed Le Meridien Starwood one.",0.06616729267464562,0.44916008827773535,Dec 29 2008
9,9,"A good 3 Star Hotel My Husband lived Hotel year found clean comfortable, quite home home everything needed. I visited regularly day, felt completely safe staff always happy help cheerful tried best make feel home. regular visitor rooftop pool, quite small lot loungers busy months times day, nicely maintained clean. Overall Hotel good 3 star keep mind find good. In opinion Dubai Hotels overpriced one job nicely.Its heart Tourist area nicely placed visit Creek smaller malls. Taxi's easy get dont try get one take Creek 3.30pm 10.pm wont it!! traffic going way busy!! quickest way found want sample food side Creek walk Creek get Abra over. Much quicker, cheaper great ride!!",0.4067782738095237,0.5658516483516484,Nov 19 2008
10,10,"Cheap. And I know why! I booked 1 night transit Dubai. Despite fairly cheap (about Â£90) Dubai, I would never stay again.The apartment bedroom/living room/kitchen, en-suite bathroom. The bedroom area plain, unclean bedding. The living area equally plain, uncomfortable small sofa, coffee table TV (which 1 english-speaking channel I could find). The kitchen bathroom basic clean.I found room unwelcoming, cold noisy (lots activities corridors night). I found number locks inside door alarming. And I found view another building car park disappointing. The 25 minutes drive away airport.The positive points: staff welcoming, pool roof (although I see it), price.Don't stay - many better options.",-0.039143668831168835,0.6162337662337662,Nov 5 2008
11,11,"Awful Awful Awful I figured meridien would standard see around world tripadvisor travellers rated pace well wrong found advice be. Despite costing $250 AUD night place worst part dubai non westernised area, feel comfortable western women rooms old poorly finished, rust around taps, bad water pressure amongst things.We due stay 7 nights left 1. If going Dubai want relaxed, beaching lovely time strongly suggest meridiens beach/marina side Dubai.",-0.2598039215686274,0.5602941176470588,Oct 6 2008
12,12,Great Location We visited April found staff friendly.Location wise good either walk smaller shopping malls catch taxi cheap way get around.Breakfast good general fare pool roof top pool quite small didnt spend much time sunbathing soo hot.If kids young heart would definatly recommend visit wild wadi water park great way cool down. would come back 10 years time see looks like building work.,0.32527777777777767,0.5199305555555557,May 27 2008
13,13,"Nice affordable - GREAT service offered friendly people. We research Trip Advisor saw many positive reviews hotel, booked directly hotel's website. Received great welcome upon arrival: hot towels, fresh fruit juice staff particularly friendly. Upon check-in, received complimentary room upgrade, nice. Breakfast included room rate, helped keep food expenses lower anticipated.FOOD/DRINK - Don't miss breakfast buffet. It wonderful. Try book room breakfast included room rate. This save $, although found local food prices fairly reasonable. There also small grocery store 1 block away particularly busy street. If small children, pay close attn. drivers stop much. NO BAR hotel, alcohol nowhere building. I told hotels close-by restaurants w/ bars, motivated find them. 2 bottles complimentary water provided day, nice end days' activities upon return. Complimentary hot snacks also served end day. Choice thin, food good.SERVICE - The service received SOLID 4 star made 3 star facilities. They understand good service responsive request call front desk. (Upon checkin room, realized safe locked. After calling, maintenance arrived 5 minutes fixed it.)LOCATION - Not best location Dubai, taxis cheap, one get anywhere inexpensively. Watch street here, quite busy. Probably best location children, functional plan staying hotel's immed. vicinity. (Our small family went Wild Wadi Mall Emirates 2 days, location important us). TAXIS ARE CHEAP, let location keep staying here.POOL - We used several times. Very functional. Tiles pool area made poolside use slick wet. Great view rooftop/pool area Bur Dubai, dusty. Fresh towels provided pool area. Again, pool attendant friendly enjoyed quiet peaceful time relaxing catching sun pool.ROOMS - Well appointed comfortable. We got exactly paid for. No surprises checked in. NO FUNKY HOTEL SMELL, often case many places. The hotel's website gave us advanced notice construction going beside - We really appreciated warning, happy report basically worked normal work hours, inconvenience us all. As case much Dubai, construction work going practically everywhere, surpised encounter construction noise regardless choice Dubai. Comfy bed, nice bathroom, huge. Everything functional. No place plug hot water pot coffee/tea, solved one quick call maintenance, promptly responded w/ 5 minutes converter.OVERALL - The people make difference Dar al Sondos Hotel Apartments. As american expat traveling w/ wife 4 yr. old son, fine needs. Daytime activities took us day, upon return, comfortable quite affordable. Wouldn't call &quot;great deal money&quot;, would say generally happy experience based rate paid. I would recommend western expats venturing Dubai first trip, esp. want spend lot $ get explore exciting/vibrant city days.",0.29508723599632686,0.5238767545585729,May 7 2008
14,14,"Great Place !! We arrived approx 3am Cairo greated hot towels juice reception !!! All staff outstanding. Rooms great, would need bed night - shopping day !!! Laundry service excellent. Never used pool, looked great.Breakfast included great, staff fantastic. I left jacket chair one morning returned next morning (I even missed yet !)",0.5764756944444445,0.6527777777777778,Apr 18 2008
15,15,"Not Fantastic good Our travel agent booked trip Dubai I'm sure exactly much paid room I satisfied overall package price based features hotel.It near beach close malls interesting areas. The staff friendly, complimentary breakfast satisfying. It cool us take dip rooftop pool clean looked well maintained. The internet connection little slow.We amusing time trying figure use washing machine. And found check never turned hot water. There light switch-type toggle wall wondering well...that's for.If window open daybreak, hear Muslim call prayer...&quot;Allah U Akbar&quot;. I thought spiritual soothing. My traveling parnter found little eerie. : )It 5* nice comfortable friendly service.",0.20987654320987656,0.6291563786008231,Apr 10 2008
16,16,"Fabulous Time At The Meridien Al Sondos... I stayed accommodation boyfriend 13th October 11 nights. We came Dubai due family friends wedding blessing Ritz-Carlton. I work Travel Agent thorough searching would suit us aswell spending complete fortune (accommodation dubai really expensive) especially staying longer guests. I found fantastic priced &amp; checked TripAdvisor reviews. When eventually got hotel, realised I looked wrong hotel..! There absolutely nothing worry about, soon pulled outside hotel, consierge waiting there, opened doors, took lugagge reception. Reception staff friendly, handed drink damp towels wipe due heat. We arrived couple hours check-in time, problem all, got room straight away even upgraded corner apartment floor 3. Rooms :- The apartment fairly big, usual essentials.. kitchenette microwave, hob etc. Queen sized bed, air con worked well. T.v lot's english/american channels. We problem shower working, one phone call reception, someone right sorted within 5mins. The balconies quite small, however, i'd rather one one all.Location :- Meridien Al Sondos Bur Dubai, suburban area Dubai. We take taxi's places. Most nights went Hard Rock Cafe (you must go there!!) cost roughly 50 dirhams one way. There restaurants shopping centre road. Supermarkets buy essentials 2 min walk.Food :- We ordered alot Room Service food gorgeous. We breakfast included holiday price, got twice stay breakfast certain time get it. Breakfast okay, prefered room service. Facilities :- pool roof top great catching rays. quite small efficient. there's always someone watch incase theres mischief going on, children.Internet connection slow works! The gym brilliant, new gadgets I done grafting, little peek.Service :- Fantastic, everyone helpful. If need anything help straight away. If need taxi, sit wait consierge grab one you. Would go back anytime, i've done city side Dubai, I might go beach side next time!!",0.1088401773415978,0.5156823101141282,Mar 13 2008
17,17,"Not nice area This good points, helpful staff, free internet access nicely appointed rooms, felt need TLC, looking jaded around pool area, bathroom reluctant function properly restaurant bit mixed bag, breakfasts excellent (but dont order 3 minute boiled egg - come raw), dinners suffering lack choice undercooked order given.There bar hotel, quick trip ddown rather grotty back streets nearby quickly finds one two hotels within 400m bars.We explored local area stopover, found Dubai typical, dusty, rather dirty frenetic city.Would go again, length time.",0.10890688259109316,0.563765182186235,Jan 28 2008
18,18,"Great Location Nice Big Rooms Hi travelled Dubai Rugby 7s, 3rd Time I stayed Dar Al Sondos. Good location near shops, restaurants, great helpful staff.OK beach, Le meridien get shuttle Royal Meridien Beach Resort Spa, pay Â£15 odd go day.Transfers airport great. Well worth 5 star experience day beach.Near airport convenience, perfect business trip.The rooms large , well equipped quiet clean.Pool roof lovely.Breakfast also good.For price location perfect hotel.Great tip, go Automatic lebanese restaurant end Rolla Street, shopping centre food court area, next dates shop, best grilled lobster giant prawns, cheapest, went twice, fantastic, dont forget garlic sauce!!",0.41961152882205516,0.524310776942356,Dec 4 2007
19,19,"An Excellent Option Beating High Prices Dubai If visiting Dubai high season big event, prices outrageous. In effort lower costs, wife I stayed Dar Al Sondos Le Meridian, apartment hotel. The room booked Starwood website. The river Burj Dubai quiet street small businesses. The room efficiency apartment bath, kitchen (with washer), sitting area two twin beds. Although small hotel, full-service restaurant, internet station fee tour desk. The upper floors executive rooms access lounge top floor, also pool fitness center.I impressed quality hotel, service location. Except tile floors, equates upscale motel States. Close 7/11 type store, inexpensive chicken/pizza eatery, several laundries large supermarket. While inexpensive, Dar Al Sondos provides option budget travelers businessmen seeking relief high prices Dubai.",0.12102040816326529,0.48442176870748305,Nov 30 2007
20,20,"Good value Bur Dubai We stayed le Meridien dar al Sondos appartments week Nov 2007 visiting daughter lives Dubai. This apparthotel owned local company managed Meridien, part Starwood group. Essentially like hotel, facilities service would normally expect, addition modest kitchen facilities rooms.It well situated Bur Dubai, free secure parking hire car, reasonably placed passing taxis don't. It short (5 minutes) taxi ride Trade Centre Road get anywhere, Dubai museum Creek, across Deira tunnel. Personally I think Bur Dubai best base independent visitors Dubai looking luxury cost 5 star beach hotels. All front house staff friendly helpful. We one bedroom appartment consists large room, small kitchen area breakast bar one end, sofa chair middle large king sized double bed end room. It clean well equipped, although little short shelves wardrobes. The room cleaned every day fresh towls provided. We room one executive floors breakfast included room price. The free breakfast served (for executive rooms) top floor adjacent well equipped fitness centre sauna. It excellent wide choice cereals, juices, fresh fruit, cold cuts, cheese hot buffet. There restaurant ground floor, use comment. The bar.Because time Dubai air show pay full rack rate, even thought good value-for-money Dubai. Overall, would certainly use would recommend without hestiation.",0.16747134038800707,0.49492945326278676,Nov 27 2007
21,21,"5* 3* Price. Arrived 10.00a.m. checked early extra charge, greeted cool drink, whilst luggage taken room. Nothing much trouble excellent stay, late check extra half night rate. If wanted anything pleased oblige. There full hot cold breakfast every morning The 3course special evening meal reasonably priced choice courses every night. If wanted shuttle bus service booked previous day. There food drinks available round pool required it, along free towels pool. All pleasant enjoyable stay. Couldn't treated better 5* hotel.",0.19214285714285714,0.5706709956709957,Nov 24 2007
22,22,"Reasonble Business Hotel This reasonable business travellers hotel. Location 15 minutes airport, 'old' city.The airport pick service efficient, able provide early (but charged) check-in.Accomodation consists suites. Mine bedroom, bathroom seperate lounge small kitchenettte area. The kitchenette area largely irrelevent eating Dubai cheap - anyone paying stay going bother cooking room.The Hotel cafe / resturant, bar - go another want alcholic drink. The clean, rooms good standard, exceptional. Breakfast buffet. Again, reasonably good, fresh juices served eggs cooked order. Service little slow, allow bit extra time.A general note Dubai. Getting taxi difficult best times. Give reception least 30 minutes notice want one - peak times.The surrounded buildings construction - three sides. However noisy, business traveller, concern me. On positive note, huge shoppping mall across road - open night 11.30pm - great business traveller.",0.2150885842552509,0.5281120731120731,Sep 10 2007
23,23,"Good Budget Hotel We wanted stay budget place still able process husband's short stay visa Dubai. We found place easily contacted process visa got there. They process incorrectly pay fine irritating, get us immigration. Requests refund fell deaf ears. The room decent bit smelly, like someone cooked fish week. Was cooking smell cleaning solution? Hard tell. Luckily January quite cool could throw window open get smell out. People coming summer would issue. The cleaning staff good job got fresh towels every day We liked bathroom, kitchen bed. The room clothes washer nice. There breakfast cheap price cooking room saved lot money. The neighborhood working class one seemed sleep around here. We could go looking food groceries anytime day night. If course, crime pretty much non-existent city felt safe walking anywhere, anytime. Just watch bad drivers. The pool nice. It surround bunch Europeans turning brown one seemed actually swim. It cold heat one swims? Reception nice enough. We managed figure bus system took bus airport. I think airport shuttle longer offered hotel. One couple going airport day heard told staff two hours flight plenty time calling cab. With hellish traffic thought sounded tight. Hopefully couple made it. We would give least hour drive two hours airport.We pretty low expectations hotels general. We could see would snuff high standards.",0.18605339105339103,0.6081024531024529,Jul 31 2007
24,24,"Our favorite Dubai keep coming back My husband I stayed several times past year. We work Afghanistan, due flight limitations, often. We tired hotels Dubai, keep coming back one. It basic, clean, good service, top (like many dubai hotels) favorite &quot;in house&quot; disco keep night. This good place travelers Dubai something party-ing night. The room service always excellent also great little Indian restaurant across street. Also, small grocery stores meters street well small shopping mall travel agent 2nd floor case need make travel chages.Airport drop offs problem- time, day night. Also, washing machine clothes room, need load. The little kitchen great making snacks (remember little gorcery store street). All all, perfect little us- weary traveler. Good food, cheap clean- can't beat that!",0.17816358024691356,0.48757716049382716,Jul 22 2007
25,25,"Pleasant Experience I stayed wife son week March really enjoyable stay. The staff quite courteous times facilities extremely clean well kept. I quite surprised hear unpleasant experience guests certainly case us. The standard cleanliness remarkable location excellent schedule needs well. Breakfast adequate, especially small child well located within proximity good supermarkets restaurants. The suggestion I would like make tour guide reception - matter price get quoted, always negotiate I found cost every quote get given invitation make offers! All I think definitely somewhere would stay go back Dubai.",0.2474310776942356,0.6195488721804512,Apr 3 2007
26,26,"Wonderfull We stayed ten days 20th till 30th march 2007. The wonderfull great staff friendly people. The rooms spacious everything needed. There indeed construction going lot next actually room overviewing bother us all. The breakfast wonderfull everything restaurant to. The thing bothered tour agency @ SUNCITY TOURS BEWARE OF THEM We booked four tours last one charged way much tour awfull. The guide spoke understandable English. The called wonderfull lunch inexisting half tour described book done. The dessert safari, dinner cruise city tour well east coast tour like mentioned bad. That must worst tour ever. So maybe worth looking tour agencies.",-0.020416666666666663,0.3390625,Mar 31 2007
27,27,"Worst Hotel World! Worst world advise anyone thinking staying rethink. Arrived early morning greeted grumpy receptionist least worries. After waking first day decided go food. When returned found entire floorhad layer smoke ceiling. To horror opening room gulf thick black smoke room fire. Not single fire alarm raised activated it. On telling reception told sit handy man sent investigate. 10mins later came cartify fire. Does seriously take 10mins!! After fire brigade finally called fire extinguished surveyed mess possessions. Had go Police station give statement. The refused compensate us trouble. It clearly electrical fire fault room. The fact none smoke/fire detectors didnt work also worrying. When questioned manager brushed questions aside. Had cheek demand payment damages despite fire hotels fault. Was obviously going pocket money asked cash. We stay resolve issues cheek actually charge us.For poor health safety, corrupt management, poor service, building works noise nearby, immoral actions post fire would recommend anyone stay here. Forget possessions, someone could got seriously injured. The cheek recogbise faults actually demand money devious least. Do stay here!",-0.1619389709906951,0.48449644225506283,Feb 27 2007
28,28,"GREAT HOTEL GREAT STAFF Excellent hotel, stayed five nights November 09 till 14. They picked us airport pleasant surprise. Excellent staff: front desk, driver, bellboys, room service housekeeper Nepal. The room big comfortable studio breakfast delicious. I highly recommend hotel,Ana Teresa Delgado de MarÃ¬nCaracas, Venezuela",0.654814814814815,0.7707407407407407,Dec 5 2006
29,29,"Lukewarm reception!!! recently stayed 3 nights husband,no transport provided airport, get taxi (approx Â£6)reception people okay overtly friendly,was given twin bed room, even booked double! go back show copy reservation double room, problems, given double rm even better corner dual views area, white walls grubby! however going hallway seemed decorators rooms revamping whole room, paint, fittings, new colour scheme etc...a porter guy took luggage room arrival one particular overtly friendly.we thought good nature, trying hard sell us sand safari trip costing Dhs170, lucky us husband picked leaflet airport exact safari, costing Dhs160!!! obviously trying get cut!!! told think it, decided go directly company.incidently, charging Dhs240 tour company!!! anyway cut short, porter, really peeved us didnt go them, everytime saw porter smiled ignored us, really bad manners!!!the rest staff generally hard working friendly people.the rest ok, buffet breakfast included stay price, ok, good choice foods.the room ok, funny smell kitchen.being corner room quite large, bathroom ok, tiny bath, v.hot water!towels changed morning evening, great!also nice little suprise saucer full chocolate easter eggs sweets left bedside table mark easter!also pool ok, great u want bake roof directly sun! &amp; get crowded around decks enough space, plus ...women beware, pool guy wears dark sunglasses reason, protect eyes sun!!! planning use pool 3 days, some1 sitting watching, uncomfortable ended using 1 hour!!!the general area good 4 shopping malls main road, supermarket stock cheap fruit, water, snacks etc, post office side road ( post postcards), phone box across road (to phone home, cheaper phone), plus lots eating places around!!!also theres lots hotels area.the nice thing big mix different people, workers tourists.i dont think i'l come again, rather try something new!Dubais great place, 3rd time, wont last, theres loads hotels choose from!!!",0.16835365511082728,0.4410711328744115,Apr 22 2006
30,30,"A great value My wife I went Dubai Feburary four day break, wanted central didnt want spend fortune going use sleep in. Although read advirse comments decided take chance, well great, arrived 8am thinking would wait miday room checked straight away shown large room 6th floor, room clean mod cons phone, tv, washing machine, microwave, fridge two ring burner, plates, cutlery etc. Bathroom little dated fine. We showered got luke warm water, going told reception found fixed return. The staff polite helpfull, sheets changed daily, never waited five mins cab, swimming pool roof clean okay swim long day. We didnt eat wanted try five star ones. Overall great place stay good rate flash lobby beach saved price room spent eating five star hotels breakfast diner. A real good place lay head dont expect doorman grand feature lobby.",0.3306994047619048,0.5461904761904762,Mar 14 2006
31,31,"A nightmare ....stay away A hellish experience (it over). Examples? How these:+ The shuttle airport inexistent...took taxi+ room given stinked (do ask what...it might disgust you)+ noisy house keepers woke 7 AM+ alarm blasted 3 AM+ asked change room given room conditions. + I decided pay extra &quot;executive room&quot;, well ........when changed (for 3rd time) exactly rest!!!!! except room safe wowwwww+ incredibly enough awakened 6 AM....a water pipe broke flooded 7th floor......+ room left without water....guess what....new change!!!+ ordeal still lives on....i 3 nights ahead me......i dream home+ breakfast terrible+ taxis ythe door, getting cab nightmareI NEVER STAY AT THIS HOTEL AGAIN, AND I SERIOUSLY DOUBT TO REPEAT ON ANY LE MERIDIEN",-0.05694444444444444,0.3888888888888889,Feb 25 2006
32,32,"Beware central booking system This apartment provided decent less expensive option expensive Dubai shopping festival family five. However, almost refused room reserved.We booked Le Meriden central phone booking two rooms two nights (Feb 4th 5th). This convenient cancellation allowed without penalty made 2 pm.We cancel one night phone booking centre Dubai stayed one night Al Ain. At time phoned cancel booking, confirmed two rooms Feb 5th knew would arrive late. When arrived 5th, front desk staff would give us one room. The staff said booking second room. Even though contacted Dubai phone centre admitting booking reference number valid, still refused room staff even declared problem. We understand mistakes happen frustrating unhelpful attitude. So beware booking made Le Meriden central booking system. The apparently act tandem system. The best thing phone directly make/confirm/cancel booking. However, need observe office hour reservation centre operate 24 hours day.",0.0618421052631579,0.47543859649122805,Feb 16 2006
33,33,"decent place stay family stayed along wife stayed property jan 2006. even though name known trusted Le meredien association booked myself.a) prices: price quoted extremely high AED 650 plus taxes understandable becoz exhibition going trade centre.b) location: located residential area sometimes finding taxi morning could time consuming. However lots grcoery stores,restaurants street.c) rooms: rooms well maintained house keeping prompt. Rooms ervice OK.Small kitchen room extrememly useful since stayed 1 week, useful. Houekeeping staff also clean dishes plates.d) security: best feature staying family. You wont find dubious people hovering around lobby. This important dubai many hotels frequented hookers need careful u stay family.Overall, nice decent give u value money.",0.33916666666666667,0.5415277777777778,Feb 1 2006
34,34,"Good value money We stayed back september 2005. It fantastic value money.The located near electronics souk area. It far BurJuman shopping centre, although seem 40 degree heat. Taxis readily available really cheap. The kitchen well equipped washing machine helpful. Our room cleaned sheets/towels changed daily. Room service also good good value.There supermarkets shops nearby buying food supplies problem.The 15-20 minutes nearest abra station (there also large Carrefour supermarket there).Take abra across creek gold souk.. much better sitting taxi traffic.There building going beside hotel, but, Dubai, building happening!! Even 5star hotels beach beside building sites. A major plus part meridian group get use private beaches sister hotels. We used Le Royal Meridian Beach Resort &amp; Spa.. fantastic.. You must staying one meridan hotels use facilities. In lobby hotel, Net Tours representative organise activities Dubai. We booked Dhow dinner cruise them. The driver 45mins late (even though supposed ring advise stuck traffic delayed). We impressed them. The cruise fine, apart air conditioning nice. We booked desert safari Arabian Adventures, contrast enough help. Our driver friendly knowledgeable. There fantasic little indian/chinese (yes both) across road hotel. It extremely well priced food wonderful.",0.25389243197278916,0.5756122448979593,Jan 31 2006
35,35,"Great facilities value money On recent trip UK Australia 15 year old son I stopped Dubai directions. We great time would definitely return.On outward journey stayed Le Merdien Dar al Sondos hotel. The provided free pick airport waiting us cleared Customs. The situated quiet street Bur Dubai 20 minutes airport. It look impressive outside found met needs. We wanted stay somewhere reasonably priced quite hard Dubai. The package website included breakfast $A150 night. Our room large clean little balcony. The best asset small kitchen also washing machine. This great Bangkok Dubai needed laundry. The provided clothes airer request everything dried balcony. The breakfast provided good well presented. The pool area well kept, tiles treacherously slippery underfoot, great deal care needed wet feet. The provides daily shuttle sister beach property. There local supermarkets street well bakery, shawerma shop good Indian restaurant. We find noisy except morning call prayer nearby mosque. All part atmosphere UAE.We would certainly stay",0.29100274725274733,0.4951923076923077,Jan 24 2006
36,36,"It nice little budget I stayed Dar Al Sondos Le Meridien Bur Dubai wife 1 half year old toddler December 2005 week. I read good/ bad reviews property trip advisor websites trip. However, putting faith Le Meridien brand not-so-bad reviews, decided stay hotel. I must say stay quite pleasant. The rooms nice. We noisy neighbours noisy construction around.. atleast wing apartment in... The kitchenette extremely useful baby me. The room service prompt 24 hours. No horrible mattresses, cigarette packs behind TV (i checked!),etc. The negatives would be:1. except CNN one channel, nothing tv except Arabic channels problem non Arabs.. anyways, matter outside mostly. 2. The mini bar expensive.. dare touch!3. They give bottled water room service quite funny, need tag mineral water carton along! The good things surpassed negatives though! I recommending friends budget travellers like me.. little one .. bingo!Dubai wonderful place , people dont stick around much find stay cheap fulfilling.",0.17043650793650794,0.5909523809523809,Jan 23 2006
37,37,"Noisy noisy noisy We stayed one night Dar al Sondos Hotel Apartments December, 2005. Our main complaint everywhere tiled. The reception, breakfast room, guest rooms, pool surrounds - everywhere.At midnight upstairs neighbours come home heels, hear them. When prepare late night snack, hear them. When wander natures calling 3 morning, hear them. As guests they're well entitled things course, makes wonder tile EVERYTHING. It's noisy. Sorry people staying us!The tiles around pool smooth offer grip wet. Very dangerous.If I give star rating, I'd say 1/2 location, 1/2 building rooms 2 stars two guys selling little Beef pita's road. They're delicious. 3 stars MAX I believe claim 5 stars. They're kidding clients.",0.04212962962962963,0.537037037037037,Jan 2 2006
38,38,"Excellent Hotel Surprised negative reviews ! Had travel dubai November 14th short notice business meeting , asked travel agent book came extremely high rates unknown hotels .. said hotels fully booked important exhibition conference (as rare year round dubai ) decided search browsing logged Meridien found good rate Meridien Sondos (Good meaning less travel agent came , still expensive compared hotels worldwide!!) . After made booking already airport spending time browsing internet untill found reviews Tripadvisor ! I scared .. spent 4 hours flight thinking made terrible mistake I find terrible dirty , cigarette packs thrown behind TV .. etc. etc. As soon arrived Dubai ( I wait 2 hours infront Hertz get car !!) I thought would go check , find expected would leave check rate .. really exhausted .. The Lobby looked good .. helpful people reception .. (so far good ! ) .. They placed SONDOS Suite .. upon entry room .. WAW !!The room really good .. actually two room appartment .. luxury furniture .. tip top condition .. clean .. excellent view creek .. It Kitchen equipment could think .. It washing machine .. two bathrooms ! It really refreshing surprise long day long flight .. wanted guy room ASAP order start enjoying .. 50+ Channels .. many English .. A/C excellent .. Internet connection available .. It really one best rooms ( appartments ) .. I even looked behind TV looking trash packs cigarettes , find .. I would definitly stay price right time expensive exhibition ..",0.1588538431677019,0.5964648033126294,Nov 17 2005
39,39,"Really would recommend hotel! This truly hell!. There building site next door (which I'm sure 'til least January 2006)- started 5.30am, great making sure early waste day!. The swimming pool order whole duration stay (5 nights!). The staff pretty clueless - lied pool opening (they said would open 2 days, thought days, rather 5). When asked staff beach resorts, failed warn us beach going women children (I mean, gay boys, still let us in!).The manager good, kind placating man can't argue with. That course even frustrating way vent anger!.Also, breakfast pretty awful too. Still sure made cooked items taste bad!.Finally, previous reviews said cheap; personally I think was. You'd much better paying extra Â£20/Â£30 night stay proper 4* hotel!.",0.10724137931034484,0.5770402298850574,Sep 12 2005
40,40,"Emirates break - Awful awful I simply cannot believe previous reviews! I'm sure stay us!We booked Emirates Bargain Breaks. The reviews indicated good hotel. Our experience far it.We arrived tired 12:45am baggage/immigration - told wait. So stood 15 minutes. Then 1am allowed shuttle bus. We left 1:45am. I wish taken taxi - would 15 minutes 30AED.Get hotel, get served straight away, fine. Given non-smoking room king bed, again, fine. They tell us 9pm flight 7pm shuttle bus ok. We question (as stayed Dubai before) insist going 6pm 7pm.Get room. Go bed straight away. Don't sleep entire night mattress lumpy, soft &amp; hard patches, sheets smelt cigarettes.In morning get up, see quite filthy dirty room is. The rugs/carpets covered lint/dirt/hair. There cigarette packets thrown behind back TV cabinet (I found I dropped remote went retrieve it). There accumulated dirt grime everywhere. Half light bulbs blown working. The air-con either &quot;freezing-on&quot; &quot;boiling-off&quot;.The TV CNN English language program way.The room ZERO cold water available - water scalding hot, even cold tap.There bugs/critters crawling drains.Breakfast free us, time got 9:30am little edible left.We escaped city day. Thank goodness, really werent decent malls &quot;within walking distance&quot; (hahahaha!) hotel, &quot;restaurants&quot; nearby mostly cheap snack food / fast food joints.We nice day town caught film.The nightmare really start.We got phoned reception 6pm come 6:30pm check going busy. So did. The receptionist rude made us feel like criminals telling us sit corner whilst sends someone check mini-bar. She never came back us tell us mini-bar checked.At 7pm shuttle bus loads up.We sit 7:25pm husband goes complain. A couple turn late 7pm bus. Apparently waiting them. Great.....We arrive airport horrendous traffic (common Dubai evenings) 7:58pm. The driver messes around five minutes ignoring valid empty spaces without rhyme reason.I tears stage long haul intercontinental flight departs 9pm, check-in closes 1 hour hand.Thankfully I think ground staff took pity us/me let us through, I never stay again.",-0.03310606060606063,0.5446248196248196,Aug 17 2005
41,41,"Quiet Spacious Recommended! I stayed 4 days business August 2005. I hadnât heard price good I couldnât refuse. It right next city centre shopping mall less 10 minutes airport. Warning, humidity August ridiculous nothing hotel.The rooms nice, clean, quiet spacious full sized fridge, freezer, washing machine, cookware etc.I ate first night although portions good size well priced. The quality average. As regular visitor Dubai I tell time food excellent many hotels restaurants short taxi ride away. Also I suspect maybe dry (no alcohol) alcohol free beer fridge.The pool small covered shadow day, job. If want holiday go beach. There also fully equipped gym I didnât try out. There business centre reasonably price high speed internet access ground floor.The biggest downfall I think major road sometimes took 15minutes hail taxi.I found service little slow good overall would problem recommending it.",0.1880875576036867,0.5085259364291622,Aug 14 2005
42,42,"A Very Nice Little Hotel Apartment I spent three nights Le Meridian Dar Al Sondos Hotel Apartments July 12, 2005 July 15, 2005. The refreshing break normal swanky hotels Dubai. The rooms large functional. The washing machine definitely plus. The service prompt staff extremely polite accomodating. Room service also reasonably priced compared hotels Dubai. My work takes Dubai atleast every three months planning staying place on. I found great alternative 4 5 star business hotels.",0.2025892857142857,0.6260119047619047,Jul 27 2005
43,43,"Great little Dubai I travel Dubai half dozen times year either transit stop short break. On recent trip I needed one nights accomodation toddler (a kettle, fridge little room BIG advantage!). I happy Dar Al Sondos would highly recommend anyone looking clean, child-friendly, well laid out, efficient friendly hotel. Having 24 hour supermarket road plenty shopping restaurants within short walking distance true hidden treasure Dubai. A complimentary shuttle available airport less 10 minutes away (well depending hour day!). I definately return.",0.18397222222222223,0.4422777777777777,Jun 1 2005
44,44,"Dubai Budget- Dar Al Sondos Hotel We returned 10 days staying hotel/apartment.If looking well positioned city holiday great.They complimentary pick &amp; drop airport bonus going first time saves 40 dirhams way taxi. The twin bed room good size bonus kitchenette microwave, kettle, toaster, fridge real plus washing machine! (All clean clothes bring home!) We balcony well. The restaurant 3 course meal day 35 dirhams ( Â£5 ). coffee lounge. They daily free shuttle beach. It Bur Dubai side, distance creek 5mn walk. There plenty supermarkets easy walking distance dozens restaurants, roof top swimming pool gym complete extras. The bedding changed frequently staff friendly efficient. We paid Â£51 night us inclding 20% taxes. Just tip use mini bar prices 6 times higher supermarket. Dubai great place excellent mixture old new, alcohol available hotels try Waxy O'Connors Ascot Hotel Friday best deal Dubai, 50 dirhams gets great brunch buffet 5 drinks served 12-7.",0.3847968319559229,0.5168732782369146,Apr 20 2005
45,45,"friendly staff arrived 7 given room instantly. even got free breakfast arrival. got room facing building site asked new room given without problems. close restaurants shopping malls supermarkets. free transfer airport beach. rooms spacious well equipped. downsides: bulding site beside noisy (staff tells us, till end 2005). cant use private beach &quot;sister-hotel&quot;. pool - quite nice -has absolutely shadow. alcohol available hotel. all: good hotel, affordable price.",0.2787587412587413,0.5804778554778555,Apr 18 2005
46,46,"7 day city break cheap cheerful Booked Dar Al Sondos via KLM web site, frequent visitors Dubai occasion looking cheap cheerful Studio Apartment. The Dar Al Sondos pretty much fitted bill (note bar pick drinks duty free arrivals airport, coffee shop). 3 Star Hotel Apartments plentiful Dubai know way around, one good location walking Bur Dubai (Fort Museum, Heritage Village, Creek), Bur Jurman Shopping Mall, etc. Hotel little touches le Merdien brings, nice roof top pool (only 18 loungers), gym, friendly staff, canât get overly excited breakfast fairness there, juices, cereals, breads, rolls, cold cuts, cheeses, hot buffet scrambled eggsâ¦..etc. Sounds fine quite making standard. The rooms clean serviced daily, also fitted 2 ring electric hob, micro wave oven, fridge, washing machine. There also shuttle bus beach (Sister Hotel) Tour Agent lobby. Check time 12:00 shower freshen gym/sauna (up 22:00) late flight.We hired car exploring day walked around night. In summary good is, 3 star apartment.",0.24909722222222228,0.6433333333333333,Mar 21 2005
47,47,??????????????????????good?,0.7,0.6000000000000001,Mar 28 2009
