,Unnamed: 0,Reviews,polarity,subject,Dates_extracted
0,0,"Well positioned : Creek Souks close This received mixed reviews arrived trepidation. None realised. The location better staff helpful. We spacious suite first floor whole appeared recently refurbished. For us disco issue could understand rooms higher adversely affected. The breakfast adequate, hot cold, one offered freshly cooked eggs. Restuarant decor tired needs attention.",0.13194444444444442,0.5097222222222223,Nov 1 2009
1,1,"Perfect Location This 2nd stay St. George, Deira Dubai, U.A.E. This located right front Creek &amp; 5 minutes walk famous Gold market Deira Dubai.I stayed last visit Dubai Oct 2006. The best location. I Textile trader &amp; visit clients office without wasting time &amp; money priority.Gold market &amp; textile market Deira located 5 minutes walk hotel. Also incase need visit Bur Dubai, half Dubai, ideal place. Since Abra (small boat) take Bur Dubai cheap price rather spending DRS 10-15 taxi.Breakfast included package, excellent. The tarriff starts $60 $150 &amp; rooms spacious &amp; fantastic view creek &amp; market.It happening Bar &amp; Rest ground level. Good crowd &amp; amusement business travellers.For business traveller work Deira Dubai, surely good option.",0.43093650793650795,0.5902698412698413,Apr 28 2009
2,2,"disaster stay St george nightmare experience..the staff demonstrative 'Hostility' 'Hospitality'..the obvious ethnic profiling n negligent attitude staff n supervisors towards Indian partner..the room service work..we remind change bedlinen n towels every day, n always kind washed smelly ..at nights noise n stinky smoke coming ventilation system topfloor bars..we charged amenities advertised complimentary - airport shuttle service..the stuff also lied us breakfast available..we intended stay 7 days, left 2days..the price $200 charge single room definetely high miserable service offer..",-0.0016326530612244935,0.5220408163265307,Dec 3 2008
3,3,"3 Star Hotel - Nice Location Went Dubai 11th - 16th April Business.Did want spend much hotelBooked $121 night hotelclub.comCreek View room.Was upgraded suite 1st floor - Room 106Room big, fridge empty, No kettle tea. Picked mainly internet wifi access.On arrival there, I told free, pay $22 day I disgusted do.Breakfast nothing write home - Just Okay.No Airport Pickup, took taxi 30AED way - $8.00.Hotel less 10mins Hotel. Please take Airport metered coloured taxi, much cheaperHotel 3 night clubs 10th floor, bother room 1st floor I hear noise.Please ask 1st 2nd floor room stay here.The location great, close souk abra boat crossing Bur Dubai right outside hotel.Staff's friendly, always willing help, I can't fault all.In general, okay need. Like I said, 3 star yes, I to, I stay again.I loved big size room. For me, plus.Babs - London - United Kingdom",0.1479323308270677,0.4666165413533835,Apr 19 2008
4,4,"A lovelyvalue money week Dubai We returned 6 night stay St George would like agree review Timothy Brenda Manchester. We found staff extremely helpful friendly, room clean spacious upgraded suite extra cost arrived 11am morning didnt room ready,as check time 12noon. The suite 2nd floor give us choice 6th floor,but warn us nightclub 10th floor. We told 2nd floor smoking,and clean fresh,no smell smoke reviews would suggest,and disturbed noise nightclub. The room serviced everyday clean fresh towels,what could ask Â£88 per night? We visited Dubai last year stayed Dubai Palm Hotel Deira,definately recommended. We noticed St George many visits Creek decided book year. Admittedly,we book look reviews afterwards,if taken notice reviews wouldnt stayed there,but price location,it definately right choice us. Yes,the bar nightclub frequented prostitutes,but found quite amusing,but didnt bother us all. We told norm hotels Dubai,just higher class 5 star hotels!! A visit restaurants Radisson hotel,a 20 minute walk away Creek, must,especially Fish Market,fresh fish restaurant,and theres also British Pub fancy pint,but bit pricey,but pay quality. We evening races,which fantastic,many visits Souks,walking distance us,a tour whole area Big Red Bus Tour,and finished week dinner evening dhow cruise Creek. The Jumeirah beach park 25drs taxi much nicer Al Mamzar beach park,also 25drs taxi (the taxi charge 40,so catch taxi road). All all,thoroughly enjoyable would definately stay again!!",0.19121069902319904,0.4098137973137973,Mar 4 2008
5,5,"4 Star Brothel I booked booking.com 12th feb 26th feb.When I arrived room wasnt ready I wait ,then I going placed 8th floor .so I said I asked room away disco 10th floor, When I said I wanted see room checking I immediately upgraded first floor .and found room quite large .At 6pm I went TIVOLI RESTAURANT/BAR choosing menu girl came shook hands asked I .within minutes I asked could go room sex. I told go away, I finished meal must 20/30 scantilly clad girls arrived. The 2nd night I tap door I peeped spy hole one women I shouted go away .it happened another night I complained manager called Joe told russsian girls problem allowed upstairs,but sit reception see girls sweep past security guards either get lifts walk back stairs first floor get lifts there,some stay night see leaving next morning, The bar open 3am every night leave hell noise pimps picking tooting horns .huge motor bikes revving ,believe hell earth.and god help guests upper floors music deafening goes every night 3am . I could go kept daily diary different happenings ,THIS IS NOTHING BUT A 4 STAR BROTHEL AND NOT 4STAR HOTEL take money guests stay disgusting stopped. Also girls every days girls take paper reception renewed. THIS HOTEL/BROTHEL RUINED MY FIRST VISIT TO DUBAI",-0.046218487394957986,0.2752100840336134,Feb 29 2008
6,6,"Worse previous reviews illustrate I want repeat everything everyone else stated, dirty, noisy, poor service. A one star hotel. I complaints, I want assure readers comments accurate. Don't stay avoid it. This worst &quot;hotel&quot; I ever stayed in, I wish I read comments staying there.",-0.2818518518518518,0.5811111111111111,Feb 12 2008
7,7,"Value money I made online booking hotel's reservation portal got farely good rates considering peek season dubai . rooms big spacious great view dubai creek. My wife loved location gold traditional spice souk surround nice &amp; pleasant walk evenings stroll around souks. The restaurents decent serve multi-cuisuines was'nt problem hunting diners. I remember trip dubai 2006 stayed bur dubai pigeon nest size rooms conjested roads construction ,unlike St george refreshing change. rooms wireless internet lobby business centre well kept constant office back home. Although old maintained well. I would advise staying looking good 3 star travelling dubai leisure experience true essence city.cheersTimothy &amp; Brenda JonsonManchester , UK",0.3821428571428571,0.6011904761904763,Jan 3 2008
8,8,"Definately 3* This advertised 3 star hotel, like 1 Star. It central location like exploring Souk. I stayed business three nights, last minute booking I could find another Dubai availability. The dirty, smelly shabby desperate need refurbishment. And yes, lots prostitutes frequenting lobby cafe/bar. It probably ok Stag parties, would recommend anything else. I feel safe area young woman stayed room evening. Room service food awful, allowed bring food drinks room I choice use room service. For business travellers, business centre lobby level internet access printer. Would stay again.",-0.06,0.6016666666666668,Dec 28 2007
9,9,"Gold Souk Paradise We room 2nd floor noisy 10th floor three nightclubs open 3am. I went reception enquire noise shocked coming 10th floor, I asked moved 1am morning located corner suite lot quieter back hotel. The rooms George little tired need refurbishment clean. Breakfast good served room used bar night stank cigarettes food good, though choice there. It obvious fair amount prostitutes stayed guests caused problems, made little seedy. I would rate personally 2 Star. Have great expectations.The location excellent spice gold markets directly behind great view creek. We paid Â£250 three nights suite, reasonable standard. If smoke enjoy rooms Dubai aware.",0.11598484848484848,0.5299999999999999,Mar 26 2007
10,10,"4 NIGHT STAY IN ST GEORGE We booked ST GEORGE HOTEL agent paid 145,00 EUROS PER NIGHT . After searching NET HOTEL PHOTOS AND REVIEWS prepared stay 3 star town wished would tolerable. The DEIRA AREA near AIRPORT plus, BUT THE HOTEL worn desperate needof renovation. We problems reception cleaning , services neutral . Breakfast really poor ,NO CHEESE , HAM ETC... All enjoyed visit DUBAI reason stayed ST GEORGE 1O days departure better alternative money.The next available costmore 200.00 PER NIGHT, month vacation places well dubai, decided spend money . HOWEVER, IF YOU DO HAVE A CHOICE, AVOID THIS HOTEL. The place serve breakfast mornings used bar nightimeand honestly gathering prostitutes lous music heard every night late. HOTEL FLORA also DEIRA Iis loooot better .GOOD LUCK !",0.10277777777777777,0.4930555555555556,Jan 26 2007
11,11,"Excellent location Meena Bazaar Ok I looking 'decent' around busiest time year (christmas/NY) option had. The standard one lacks opulence hotels around Dubai get pay for. The rooms bit dated albeit clean views pretty good especially looking towards creek. What outstanded services staff second none. room service excellent. I want anything hospitality pretty much like wherever go dubai. The 3 clubs 10th floor go 3am downside noise (we 2nd floor still heard music) Breakfast every morning mix fresh fruits cereal continental. I wish could provided standars eggs beef sausages arabic beans - leaves little choice vegans although wife stuck croissants fruit. Now, anything like wife likes shopping love endless markets located behind hotel. More prominently spice market. As gold relatively cheap (not cheap compared India) Gold Souk around corner. Getting around easy Abras road take across creek Bur Dubai shop Meena Bazar. Cost 1AED 2 people.Overall, like 2.5* reader suggest, expect ornate furnishings etc hotels decord get extremely value money tight budget.",0.24840629800307218,0.6124423963133638,Jan 5 2007
12,12,"Good location An excellent location right creek abbra station road cross creek. Also meter walk gold souke centre Deira shops. We checked early due quick flight (07:00) receptionist happy allocate us room straight away. We even got free upgrade juniour suit.Requested high floor reasonably busy road outside, got floor 7, unfortunatly disco unbeknown us top 10th floor goes onto 3am every day. Bit noisy ear plugs job.The room little tired decour dirty even fridge. Bit odd really main rule allowed take food drink inside. Overall probably 2 1/2 star rather 3 would stay location request lower floor.",0.2041977225672878,0.45104554865424434,Jan 29 2006
