,Unnamed: 0,Reviews,polarity,subject,Dates_extracted
0,0,"Value Money I stayed twice month November, attracted initially location. It city center good shopping malls nearby. It within walking distance Dubai metro, connects Malls. rooms clean good size. Normally prices AED 400 - 600, truly value money.Tips: check internet best prices.",0.4240740740740741,0.4388888888888889,0.4388888888888889
1,1,Average Hotel.... No much frills Located downtown. Close airport. The check smooth. Lobby average. Furniture lobby look tired. They restaurant (Coffee shop) adjascent lobby. Rooms mediocre. I road facing room. Small. Not well maintained. House keeping services poor. Bathrooms average. Amenities average quality. Buffet breakfast ok. Food average. There Indian Club ground level. It look professional. Overall Average Hotel.,-0.10333333333333329,0.42666666666666675,Nov 26 2009
2,2,"Clean friendly staff The staff friendly obliging, spacious room, quite clean. Generally worth money. In room email access, loads tve channels",0.3791666666666667,0.53,Nov 12 2009
3,3,"Good Value Money It small, neat clean big rooms. Staff courteous. Swimming pool located top floor.It located close airport - 15 minutes drive. Deira City Center 15 minutes walk 5-10 minutes Taxi. For want shop City Center, quite good option. However, plan go Mall Emirates Ibn-e-Batuta Mall course staying Deira part Dubai. I take meals comment quality food. But colleagues reasonably satisfied it.Overall decent 4* hotel.",0.2803030303030302,0.5242424242424243,Nov 12 2009
4,4,"My Stay Avari Dubai Hotel The 1st thing I noticed clean neat. The beds (double) big (and I couldnt get enough rolling one end other). The staff ever eager help polite. However, I didnt experience 'wow' effect 4 Stars hotel. Basically, good hotel.",0.14880952380952378,0.46785714285714286,Oct 21 2009
5,5,"Convenient location- close airport I booked triple room Avari hotel, Dubai. I catch early morning flight I chose proximity airport.The rooms spic span spacious.The staff quite friendly gave us useful information. The gives good value money shopping spree Dubai, suit quite far main shopping malls.",0.2902777777777778,0.45555555555555566,Jun 15 2009
6,6,"Friendly staff We stayed Avari Dubai Hotel one night. The close airport since catch early morning flight, suited us fine. The staff friendly. The rooms neat clean welcoming. though bit small. The drawback close Dubai Mall Mall emirates shopaholics might find inconvenient.",0.08842592592592592,0.5944444444444446,Jun 6 2009
7,7,"Average stayed 3 night.the room cleanand nice, food 2-3 star.",0.22499999999999998,0.7,Apr 1 2009
8,8,"Huge bed A beautiful clean room huge bed! We stayed day waiting flight.We ate lunch , big buffett lot good food.I remember reception staff polite , room clean , new furnitures , comfortable fully satisfied hotel.",0.3972451790633608,0.7413223140495866,Oct 6 2008
9,9,"Stay get complimentary PROBLEMS!!! We big group tour. We booked 41 rooms 15-18 FEB 2008. Every room confirmed hotel. We also checked morning Feb 15 rooms confirmed. We arrived 18:00. Front office Manager told us 25 rooms group rest 16 rooms must kicked out!!! Also, give us reason SYSTEM ERROR!!!What hell doing? Nobody came solve problem. We tried call GM, Director, Sales Manager nobody came meet group.Also, staffs poor. Most staff Indian Philipino. They kept us waiting since 18:00 - 22:30 without apology. Finally, moved group hotels. They even help us anything. TERRIBLE STAFF &amp; SERVICE...If want ruin vacation business trip Dubai, DON'T EVEN THINK ABOUT THIS HOTEL. There many good hotels Dubai now.",0.120078125,0.69625,Feb 21 2008
10,10,"Average meaning! Everything almost ok,except &quot;noise&quot;.If careful picking room,the noisy disco let sleep 3 morning.also,the staff little rude ,specially dinning room.",-0.08357142857142855,0.6142857142857142,Feb 20 2008
11,11,Loved staff Personal care staff.,0.35,0.55,Feb 5 2008
12,12,"It wrong choise well shall start , ask member staff something , he/she say ( common say ) .......... !!!!!!!!!!!! . The breakfast room looks like big mess tables full used plates . I never stay unless improvements",-0.265,0.445,Oct 27 2007
13,13,"Excellent value money The Avari situated Deera - Downtown Dubai.I stayed last two business trips Dubai stay again. My travel agent booking $150 USD per night This great business travellers budget. Its location airport business freezones make convienient palce stay.On arrival met award winning turban wearing doorstaff big smile. Front desk staff polite super efficient.The standard double room 6th floor spacious two armchairs small table. well desk working 24 houur internet connection $10 per day There mini bar, tea coffe facilities, good wardrobe space.The bathroom clean large Bidet. also supply range complimentary bathroom products.The staff always ask are? want help you. Other facilities include good sauna steam room. A good indonisian masseuse small roof top pool ( never 3 people sitting ) The Breakfast buffet good omelate counter real bussle place morning.The Stags head bar bit joke - really soemwhere one drink decide going Dubai.There Indian Bollywood club - seen believedThe Avari destination hotel- doesnt pretend - business trip go hotels visit. I recomend Avari good friendly",0.31978835978835984,0.4572927689594356,Mar 25 2007
14,14,"A reasonable alternative Sorry &quot;Pierre&quot; &quot;Lucky&quot; stay Avari, part Pakistani chain.. I following week I happier. Once upon time one could stay Hyatt Sheraton Inter Con still dirhams left shopping, Dubai over-the -top London, Paris, Tokyo, prices ridiculous anyone expense account. My travel agent booked here, I found great compromise 5 stars I yearn 2 stars I dread! The rate quite reasonable. My room, unlike Pierre's spacious, hugh, great king bed, flat screen TV, stuff makes comfortable. To comparable Holiday Inn. I pleased H/AC functioned perfection, since I needed stay. The bath suitably marblized, paper nice morning treat. I also worried nightclub noise vexed poor Pierre. Although lobby bit raucous, noise make upper floor. The pub actually quiet enough work My major disappointments expensive room internet inferior albeit pricey buffet breakfast (runny scrambled eggs!). Room service better. Service good, reception helpful. I'll back. It's Dubai's posh, place I think remember yu form one visit next. Fancy trying one ultra-luxe Burj wannabees!",0.15461309523809527,0.5074404761904762,Mar 21 2007
15,15,"Very Noisey! I stayed 2nd floor, noisy late night indian club... I rest all... Location good trafic around area. Room ok quite small.I definitely choose another next time I advise anybody. Value money not.",0.04759615384615386,0.3326923076923077,Mar 11 2007
16,16,"loved Everything Avari good. I loved all. The staff kind, everyone staff resturant security parking.",0.6399999999999999,0.72,Jan 2 2006
17,17,"HAD A GREAT STAY AT AVARI We stayed Avari touists one week lovely, booking I requested I given room smoking floor - must smoke - paid standard room smoking floor deluxe rooms upgraded free charge. The rooms spacious clean comfortable. We bed breakfast breakfast something everyone - croissants cake, waffles, fruit yoghurts, toast, cooked breakfast etc. The restaurant get busy breakfast time staff sometimes forthcoming tea coffee.... The reception staff pleasent enough deserves four stars. Now gripes - pool 4 sunbeds (which use much even so), insufficient clean towels pool pool bar totally unmanned. The gym went use could used women hours 11am-4pm holiday want - needed 8am oh It men - allowed use even though empty.... For tourist great location never paid GBP1.50 cab across city. On whole going spend masses time (which didn't) - I recommend great value money also offer free daily shuttle beach lovely location cleanist beach I seen shuttles various shopping malls evening.",0.27813333333333334,0.652,Sep 11 2005
18,18,Not bad all!!! I stayed 3 nights October 2004 + rooms pleasant + spacious. It suited business traveller rather leisure. Staff friendly + gripe I separate smoking section restaurant. I idea anyone would class 2 star. I guess people miserable!!! I also stayed Madinat Jumeirah + Hatta Fort super luxurious. Avari luxurious clean + amenities would expect 4 star hotel.,0.22604166666666667,0.75,Jun 12 2005
19,19,"Horrible!!!! This place horrrible! After long 12 hr flight put loud arabic music parties went (everyday) 12 am-3amSound proofing real bad hotel.The room ok, small dirty carpets (stained). Not pleasant smelling room...bathroom decent.The buffet breakfast complimentary package greatest, I found eating croissants watermelon only.Due inconvenience first night bumped suite room, reeked even more! Even leaving windows open spraying perfume help.Staff kind.They call 4 star rated emirates airlines, I would say 2 star.Not even worthy 3 star. And charge rediculous Amount per night. ..we paid $113 night since booked thru emirates airlines charges reservations desk per night $300 standard room!!!I reccomend hotel, thank god 2 nights reswervations another 2 nights crowne plaza superior five star hotel, lives upto it! We loved crowne plaza, best! We would definately go crowne next visit! We could get availability first 2 nights crowne plaza otherwise wouldve stayed 4 nights crowne plaza. We also bought accomodation corwne thru emirates airlines, since offer disc fly them. And $150 per night gogeous standard room compl breakfast incl, breakfast world! It worth it!!!The prices rooms probably cheaper seasons since mar-may peak season them.Hope review helps! Good luck search!",0.16185303893637226,0.5698243114909783,Apr 21 2005
