,Unnamed: 0,Reviews,polarity,subject,Dates_extracted
0,0,"good excellent value money We booked three nights may got excellent rates , stay great.Itâs new hotel, modern design, located Deira side Dubai creek, near Maktoum Bridge Floating Bridge, need taxi go interesting area (Just outside private cars, public taxi, spend little extra.)Our (standard) room great, spacious, quite, king size bed comfortable, large bathroom Jacuzzi. We liked room much.Breakfast good well presented.We also liked pool area, located second floor: Jacuzzi pool shade gazebo large main pool, comfortable sunbeds umbrellas around ; spent relaxing moments!",0.32746545121545123,0.47641108891108896,Sep 6 2009
1,1,"great service stayed 7 nights Aug 2009, rooms spacious bath fine quite corridors, breakfast great love sausages.i asked guys fix som leak bathroom (i needed talk three fixed it, internet free looks like Dubai far behind free high speed wireless internet services hotels.I called went reception wake call 6 (departure airport) thank god used cell phone alarm, one even bothered.All great stay would back would love try another one",0.3026190476190477,0.5985714285714286,Aug 12 2009
2,2,"One best 4 stars hotels Dubai I stayed 3 nights.I really liked it.It's new, modern, clean, great location.some rooms jacuzzi it.the best thing quite, night club, serve alcohol.",0.5861471861471861,0.5149350649350649,Jun 29 2009
3,3,"The right choice Stayed way back Australia. The choice good luck anything, excellent choice wanted.Position. Almost City centre. Shopping mall close, 10 minuites Creek, Not close beach. If want hear sea room, stay here!! A lot building work going around intrusive.Reception. We arrived 5.30AM Staff quickly dealt formalities went room. Leaving equally painless. We used hotels transport back airport. Only Â£1 taxi worth extra bit luxury. On arrival want credit card take 500 EDoff pay services may use. If use any, credit card 500ED end stay ( I hope!! )Room. Average size, clean well presented. Safe documents extra chargeCleaned daily baisis. Towels changed toiletries replenished.. If I go again, I would upgrade &quot;Creek View&quot; room, one overlooked building site. Pointless paying balcony would hot sit anyway.Food. Breakfasts good. A request ever helpful waiter brought us fried eggs omlette choice. We going eat one night, buffert fancy anything I can't comment evening service food. A small cafe serves snacks drinks-----at price! This &quot;dry&quot; expect alcahol served.If I ever went Dubai I would certainly stay ideal position city sights.",0.27,0.48028571428571426,May 3 2009
4,4,"good hi,I 2 nights I really loved big spacious rooms. The view window breath taking. I guess I 15 floor window opened busy highway, behind highway creek. night time I loved view tall well light buildings sparkling sky. reaching Dubai I Germany almost month tired eating European cuisine, I got spicy Asian food I thrilled. The food good, took great care understanding would I like food be. Overall good experience.dislike: I asked pay hefty amount internet usage. While good hotels give limited usage free I pay internet use. Another dislike: The TV channels limited regional channels got boring.",0.2621428571428572,0.5098051948051948,May 3 2009
5,5,"Huge rooms great value! I booked one night last minute, got excellent price. I booked normal room arrival found huge excellent facilities.On entering room lobby mirror luggage rack. There locked door adjoining room. Continuing forward spacious bathroom left, large wardrobe right. The room bright, large bed, desk seating area. There computer room, use TV allows access websites, email internet radio stations small charge.I ordered room service. The food (lentil soup selection breads) arrived quickly, delicious value money. My disappointment run wine.This newand modern. It's right area shopping airport.The checking-in checking-out procedures quick cumbersome all.I would highly recommend business travellers. With lack pool, well-suited holidaymakers.",0.3250793650793651,0.6016780045351475,Nov 5 2008
6,6,"Not western business travellers Stayed 1 1/2 nights impressed business traveler aspect. When I arrive hotel, I usually need get room get connected internet. I time wait bell-hop bring luggage room, I always bag-drag myself. Case point manager reading this: Have desk people ASK customer would like luggage sent room. Don't INSIST taken them. As room: Placement connections electricity internet inefficient. The Ethernet connection bed desk side room. I request cable maintaince guy brought one spiced himself.The overall design leaves wondering first attempt architect. As previously posted, rugs would help.For enjoy libation, dry hotel.",-0.02583333333333333,0.3525,Sep 23 2008
7,7,"Mixed bag Copthorne new hotel, Deira side Dubai creek, midway Maktoum Bridge Floating Bridge (the 400 yards back Creek, busy roads between). Deira City Centre shopping mall (one best Dubai) 10 minutes walk away (across busy roads). There seem anything much else note walking distance, small grocery store 200 yards away (come turn left).Arrived find check-in efficient friendly, free parking basement.We get free fruit basket reviews mentioned, although tea coffee making facilities (and couple small bottles drinking water) room.Our room (Deluxe) big big bathroon, effective A/C, safe. It good views Creek balcony. Note bar, district located quiet, would need taxi transport find nightlife. However true hotels Dubai, really definable centre. Note taxis hard find Dubai notice many vicinity hotel.Anyone wanting beach would 20-30 minute drive. The airport probably 15 minutes away.We try restaurant in-room breakfast OK.Swimming pool rooftop second floor looked nice (some welcome shade mid morning, traffic noise).Overall, though left us underwhelmed. One problem wooden floors corridors part room - could hear guests return room night lots sounds doors slamming. They need invest nice thick carpets keep noise down. A negative poor choice English speaking TV channels - BBC World News far could see. No sports film channels aimed western visitors. Note sure Dubai hotels wide selection English speaking channels. Check par, receptionist supervisor involved discussion issue previous guest and, swipe credit card, presence barely acknowledged. Our bill came 100 pounds night (including breakfast), off-season amenities/atmosphere thought bit expensive.",0.1446494949494949,0.436879797979798,Jun 28 2008
8,8,"Brand New Hotel helpful staff We returned week Copthorne. This booked directly probably cheapest 4 star Dubai minute costing us approximately Â£68 per night.As per previous reviewer, room huge, clean well stocked. We given complimentary fruit basket arrival best grapes I ever tasted.Our room 4th floor brilliant view swimming pool creek. Staff courteous, friendly helpful. We eat much room service reasonable. Not meals listed room service menu something want ask happy make it. Location wise, 5 minutes walk huge shopping centre (I wouldnt advise jaywalking) Â£1.50 ride away gold souk. The Rooftop pool always empty seems empty I never really saw guests. Check &amp; check took 5 minutes sent chauffeur pick us airport cost Â£14 think quite reasonable. We problems toilet leaking immediately sent someone repair it. The air-conditioning also quite cool enough us. We tried reset room service guy tried well cool enough. I mentioned check staff said I said something would immediately changed room us. In fairness hotel, areas cool could dodgy thermostat. On return UK, sent us lovely letter thanking us visit. I definitely return future. Its one best hotels I stayed I hope keep good service.",0.2503521703521704,0.5348976248976249,Jun 3 2008
9,9,"Good Service Location! Hotel service really good! The Staffs managers super friendly helpful!. The location good too. 5 - 8 mins walk one biggest shopping mall Deira - Deira City Centre. This Hotel newly opened Jan 2008, although new, staffs helpful professional. Buffet good, food well cooked, salty like food Dubai restaurants. My husband I stayed cheapest room type - Executive Room. But room surprises me. The staffs accomodated I asked high floor level room. The room internal short walkway, bathtub, plasma TV, Huge wardrobe safe, great view poolside Dubai Creek blockages. ( The location beside Dubai Creek) There 7-eleven beside hotel. Is peaceful area middle shops cafes. Not rowdy all. Directly opposite Flora Creek Flora Grand. Easy access Bur Dubai across creek.",0.3746735209235209,0.49519480519480524,Apr 20 2008
10,10,excellent,1.0,1.0,Jul 27 2009
