,Unnamed: 0,Reviews,polarity,subject,Dates_extracted
0,0,Lacks Soul Large comfortable rooms designed recreational rather business use - lighting could better. Colleague internet problems room use business centre - convenient. Dining options limited ate elsewhere. Friendly desk/bell staff good value money somehow cannot see staying again. There buzz all.,0.34940476190476194,0.5023809523809525,Nov 16 2009
1,1,"Better expected!! I agree comments NOT five star hotel!! However, given FIVE star treatment throughout!! We arrived six hours due given room, decided release room early upgrade us. The room service good replenished water every day. If requested gave us additional water. The cleaning excellent beds extremely comfortable. Yes, agree breakfast could become repetitious, short break offered good value choice.The centrally located . It Kuwait road approx 1/2 mile main monorail station main attractions.I definately recommend revist excellent 'four' star return Dubai.Only one negative: The windows near regular cleaning.",0.264803975423177,0.49053685897435895,Nov 3 2009
2,2,"Average I really recommend return there. The rooms comfortable housekeeping consistent cleaning replacing water etc. The interior clean decor garish staff fairly unhelpful. The pool small serious shortage sun loungers use. Also, health club changing facility small one shower use. The buffet breakfast disappointing representative four star hotel. The plus side free transfer Jumeirah Beach Resort Park. The also good location access areas Dubai.",0.07023809523809524,0.6383333333333333,Oct 11 2009
3,3,"Great Hotel/Great location I know Dhow placae guy reviewed hotel, complained hookers stayed in, one.This superb hotel, arrived almost day early, booked captains suite, upgraded larger Commodre suite, WOW big room, 2 bathrooms, living room, dinning area, massive bedrom, spa bath.The spa work first time tried it, fixed 2 hours, location central, 15/20 diharam taxi ride anywhere Dubai. Great breakfast too.The slight moan, water bath bit cold",0.13888888888888892,0.575,Oct 7 2009
4,4,"More WOW!!! I stayed 5 star hotels Dubai including Radisson, Shangri-La, Rotana, Hyatt besides more. This time, I set stay Jumeriah Emirates Tower Sheikh Zaiyd due Eid I could get confirmation favourite website (asiatravel.com) I booked Dhow Palace virtually 40 minutes flying Dubai. And I glad I did!Dhow clearly offered best value money amongst hotels serve great food too. When I checked in, due eid season, lot guests reception thanks Mr. Juned Syed (the Duty Manager), check-in 2 minutes deal all. I booked Admiral room (720) quite spacious, rich decor gave warm feeling. I Dhow first time still staff always greeted name time I passed by.Ordered room service loved it, much even made repeat dinner order room service. If Dhow eating hotel, missing best kept secret recipes Dubai. The serving size amazing, I could handle one go honest. Dhow theme ship really makes different âtheme-lessâ hotels. Even staff navy uniform I wish kids accompanying me, would really enjoyed too. I must say bell boy front office room service driver DHOW well orchestrated fine music smooth sailing. There something special DHOW Captain ship (GM) entire team deserves commended going really extra mile customer delight I felt moment stay. Location great, previous stays Sheikh Zaiyed, Marina one Deira real fun happening Dubai town DHOW strategically situated (in Bur Dubai). A new space theme park name âZabeelâ kids recently inaugurated (Sep 2009) virtually minutes drive away Dhow Palace.I finally found I always come back Dubai. Strongly recommend families young small kids, couples even solo travelers. Thank Dhow Palace!",0.23520215047298385,0.46914510181176844,Sep 26 2009
5,5,"great stay Last week prior business trip Dubai, read reviews admit concerned. We arrived without reservation pleasantly surprised 400 dhs night rate quoted. I found rate sweet deal. Its nice see Dubai cheap change. The internet, smoking fast, average 30 MB emails running outlook seems moving along fine. I hope link works. [URL=http://www.speedtest.net][IMG]http://www.speedtest.net/result/497649309.png[/IMG][/URL]The room clean, everything servicable. I problem initially internet, becouse know plug at. I called reception I timed it, 3 minutes 45 seconds IT guy door. He fixed minutes later. The bed comfortable. The flat screen could bit bigger, problems viewing news BBC. Prostitutes, none seen. I made special trip bar last night see true. Being me, asked bartender &quot;Lady Action&quot;, Phillipino drew map different hotel. No, partake..... The bar good, drinks solid pour, 6.00 US drink, around that. Lots TV's, cricket last night, really understand Cricket, managed strike conversation. All all, bad time. I eaten Dhow cafe twice now, runs 97dhs brunch. Tonight going try Italian place, think called soho. I coupon 25% gave checked hotel. We booked car yesterday evening, driver.... Car showed time, kudos staff setting us. Some resteraunts closed, me, peaked head in, construction two spaces. Which know Dubai actually normal. The hotels seem reinvent every years. I guess keeps fresh. There nightclub basement, bit old hanging Disco's, popped head in. The bartender said &quot;House&quot; music, enjoyed jim beam coke, paid tab retired ears still tact. I walked pool minutes ago. Nice chairs, deckhand (a little Dhow humor) dishing water. I tested lounge chairs out, nice view there. You see Dubai roof top pool. I took photos, blackberry failing me. The steam room looked interesting, beauty shop, may get see ugly mug. lol....Maid cleaned room, left 4 bottles free water, changed sheets. All give 8 10. There families staying here, everyone seems pretty happy. If actually stayed property before, would picked another hotel, could believe bad reviews. All well Dubai.....",0.17516277939747327,0.4864237123420797,Jun 17 2009
6,6,"Centrally located Good locations central.. Good value money.. Even though advertise, 5 star.. good rooms food..",0.41999999999999993,0.475,Jun 16 2009
7,7,One better hotels main city My stay Hotel 5 days Aug 08.From pick stya stay quite smooth. Also food &amp; breakfast spread really good &amp; best part near office(Standard Chartered Bank).So pretty satisfied services.I planning stay month.,0.40185185185185185,0.5287037037037037,Jun 6 2009
8,8,"Ooops Service &amp; Hospitaility Dubai pathetic. Room Cleaning badly done, water served breakfast...... The list endless",-0.6083333333333333,0.8055555555555555,Jun 2 2009
9,9,"superb food grand lobby superb hotel, excellent rooms, nice indian food",0.82,1.0,May 6 2009
10,10,"Stay Away Very poor contradicts four stars awarded. Rooms dark gloomy. Musty smell throughout, windows close properly general drabness despite relative newness building. Do believe website - pictures tell thousand lies well stories. Room arrival bathrobe, towels, slippers stationery. To top items minibar previous occupants half eaten sandwich leftover KFC coleslaw. Even constant reminders I never get missing items. Bathroom floor remained dirty throughout stay.",-0.11393939393939395,0.34515151515151515,Mar 7 2009
11,11,"Hotel FAIL. Completely Avoid. First time poster review I felt compelled write still staying itself. It one worst experiences life. First all, I generally pretty laid back hotels, enough happened week sign Trip Adviser account relay experience. This NOT, what-so-ever, far, even fairy tale, Five Star Hotel. If I see I doubt anyone would believe experience seems like something would see comedy movies.Background: We traveling large group 80 room block business travel. I arrived night early 8 night stay.Room: When I first arrived, I walked 5 Star rating outside hotel. I thought I would impressed. The room gave box windows internet connection working. Thinking cable unplugged wall, I went behind desk found open box condoms. They quickly upgraded side actually nice rooms (the front) apologized. Room nice, cleanliness room left much desired. But least internet worked blazing fast speeds 56KB per second.Restaurants: Half restaurants closed. They website lists six, closed except Docklands, Italian place, Indian place, bar. They even list signs restaurants operating times lobby electronic display. Clearly zero attention detail cannot even delete restaurants electronic screen placed front hotel.Internet Business Center: They charge $27 day use internet speeds slower 56KB modem. Completely utter rip off. We tried ârentâ projector said could buy one instead. In book says &quot;A/V equipment rented Business Center. Please contact Business center arrange requirements.&quot; We called back mentioned said could us purchase projector. Finally, print pages business report, I asked nearest Kinkos/FedEx printing location was. *blank stares staff* They finally printed charged approximately $1 USD per page. Concierge: Complete Clown Show. First, When first arrived pointed us bar 10 minute walk full prostitutes &quot;the place go&quot; close hotel. Second, I tried get several tour bookings even tried set golf tee time. Each time &quot;concierge&quot; handed phone I talk make bookings. I finally gave up. Others group similar incompetent experiences concierge. It joked might trouble booking us glass water room service.Security: First story: When locked room, I get new key. I went front desk asked new key. They gave one without asking ID. Second story: This might five star sex tourist perhaps. It seems ladies walk room come in. To make matters even comical, one business partners two prostitutes ask key room 3 AM left something safe night before. They walked sleeping woman woke check safe. She took photo prove making story. She later found ladies handed room key without ID. To test theory, two days later, went front desk directly asked key hey room new manager. The manager started hand key without checking ID, asked forgetting something. Final story, While beers late one night, ânight clubâ downstairs clearly colorful individuals walk hotel. Location: Horrible. Construction directly right side hotel. Most rooms zero view window all. The location, found out, seedy area city. To get Atlantis downtown cab drivers knew go better cars drivers used. They looked nice cars better cabs, time I one cars, I questioned driver really knew going. In one instance, dropped us Â¼ mile away location asked drop us at. Straw broke camelâs back): Having come back business tour, I headed across street Burger King friend came back hotel. Sitting one tables lobby associated restaurant relaxing eating food. The head manager walked asked us guests asked us take food rooms outside food allowed lobby. I wouldnât said anything, I felt many problems true concern signs posted. He proceeded argue even though I asked make exception. Completely flabbergasted headed rooms scolded like high school manager. Is truly treat paying guests?Final verdict: Between complete lack customer service, location, value, security, general feeling entire week, I would give one star. Why one star? They least working toilets. Do come hotel.",0.0864873222016079,0.4889073681420619,Mar 5 2009
12,12,"The friendliness theme Great service, beware offers Desert Safari outside hotel. I would advise booking company like Arabian Adventures booked Emirates. They airport pick drop convenient. The actual rooms spacious room service excellent. There 6 restaurants even get time try sooo much do.The gift shop reasonable souvenir prices breakfast buffet good variety hot cold food.",0.2590909090909091,0.49545454545454554,Feb 28 2009
13,13,BAD experince worst ever stayed in... room window! simply like jail... plugs ( electrical internet) working! complained none bothered!dont ever think using,-0.42499999999999993,0.4447619047619048,Jan 28 2009
14,14,"A bit ropey Tired, bit grubby.Unambitious 'dhow' themed / gaudy interior adds overall unpleasantness.Public areas feel bit civil service.",-0.2,0.35,Dec 17 2008
15,15,"Lovely We stayed Dhow Palace 2 nights loved it. Our room large comfortable kingsize bed, leather sofa coffee table. The buffet breakfast excellent - great choice food well cooked - staff pleasant helpful. We excellent dinner Indian Restaurant hotel. The view bedroom great. We overlooked construction site Dubai seems one vast construction site. We trouble finding taxis even outside apparently great shortage taxis everywhere. I would recommend anyone visiting Dubai.",0.404421768707483,0.6945578231292516,Nov 24 2008
16,16,"Good Some Bad Points I stayed business 7 nights. I booked deluxe room kindly upgraded room admiral room.The rooms clean decor room bathroom good. The view good too. Most staff friendly. The swimming pool maintenance (roof top).The location relatively quiet place. The major problem finding taxis especially 5 8 PM. really annoying. Bur Dubai middle Deirah parts Dubai.Compared high rate (~1700 Dh), I think one find much better business event I attended took place transportation Dubai clearly problem, I stay there.So car got better rate I had, it'll OK stay hotel. Otherwise, better spend money much better hotels.",0.19844202898550725,0.5597101449275361,Nov 2 2008
17,17,"Nice Hotel We stayed Dhow Palace week, good considering price. The problem getting Taxi. There taxis available time expensive. If problem go directly duty manager found helpful.",0.22285714285714284,0.6842857142857143,Aug 27 2008
18,18,"Great value Money!!!! Extremely cheap, staff friendly, breakfast lovely, I mean lovely. I dont know people saying hard get taxi becuase soon approach entrance staff run road get one behalf - thats rubbish, service great. The rooms lovely, A/C good, cleaner came 3-5 times day, towels replaced daily water. The nice. The POOL, disapointing factor, small, really small, pay room service prices pool. All staff friendly. No tea coffee facilites room though. The oriental restaurant one best I ever to, cannot enough - fantastic. There bus facilty Jumeriah Emirates Mall, I got impression like tell guest (free charge). I would stay again, problem, would go direct paid 499AED per night friend walked street quoted 1999AED per night (and certainly worth that)",0.29890151515151514,0.5945075757575758,Aug 1 2008
19,19,"Great Hotel reasonable price. I stayed Dhow Palace week June 2008. Relatively new good amenities...Everything standard 5 star hotel. Nothing complain about. However, would nice tea/coffee maker room..Two complimentary bottles water every day welcome. If plan stay Dhow Palace, would need set aside additional funds travel Dubai taxis difficult come by. If take taxis would pay double fare charged Dubai Taxis,,,but small price pay considering Desert Enviro times impossible walk streets due heat...The Hotel Help desk accomodating Food Docklands nice...Try Steak house good steaks..",0.1965435606060606,0.5549715909090909,Jul 27 2008
20,20,"Helpful staff My wife I've returned trip dubai celebrate annevairsery, stayed Dhow Palace Hotel. The well defined 4 stars never experienced incredible service cooperative nice staff. booking regular room time arrival surprised us wonderful upgrade commodore suite. Overall I would say probably best (in category) ever stayed in.",0.35555555555555557,0.6196581196581197,Jul 25 2008
21,21,"good service I stayed 10 nights pleasent, gave value money, vast choice food restraunts. Service excellent, didnt encounter problems staff friendly helpful.To catch taxi , found easy catch rear exist across road, private taxi's part bit costly public ones get luxury transportation.The rooms cleaned bedding changed 2 times day Rooms bit dark hardly rooms wasnt issue.10mins walk burjuman mall,bad point - construction starting next door-, make sure let reception know want side building.swimming pool tiny.Overall I good experience dhow palace provided good 5 star service.",0.29142156862745106,0.5312091503267974,Jun 24 2008
22,22,"Would Not Stay There Again Stayed stopover Maldives back San Francisco. The positive remark I food. Tons choices room dining delicious. If anyone ever traveled Dubai know times really erratic flights leaving arriving etc. We stopover way Maldives way back. Our first stopover experience wonderful stayed allowed us checkin early around 8 without us even requesting upgrade telling us unable accommodate us time (because room category I paid available) upgraded us could rest. Most hotels Dubai accommodate hand real stickler checkin checkout times. The lady desk outrageously rude members staff front us, I actually appalled. Then pleasant us either. After grumbling fact early could give us room lower category. We like fine matter needed rest 3-4 hours leave. The room gave us windows felt like jail. Very small point bathroom door open way hitting toilet. A design issue? I think so. Room Itself: I felt gross inside room. There funny smell it, lights dim room already felt claustrophobic due windows. I idea gives hotels official rating hands five star hotel. I repeat absolutely five star hotel. Can't stress point enough cheap either. If I compare United States probably likes La Quinta maybe, 2 2.5 stars best. The rating revised. The reason stayed first place wanted closer airport. Big Mistake staying ever please take reviews seriously, It truly five star category except food.",0.09884744884744885,0.49049598549598566,Jun 7 2008
23,23,"Nice ..... Our family back Dubai husband business trip. We got viceroy suite. Roomwise HUGE ( capital letters ) beautiful. It's 100sqm, separate dining living room, 1 outside toilet jetted tub inside bathroom. However, I feel little bit untouched. When checked room first time, lamps working, TV set living room working, toilet spray leaking. But fixed right away next morning. Breakfast fine. No complaint it. Al Madina supermarket 2 minutes away left. We get pretty much everything, including infant milk. The first major taxi. Definitely issue. This situated quiet road, need time get taxi. Just make sure look around check who's standing you. On 3rd day, one guy black suit cut line twice. It seems wanted anyone asked taxi got taxi first. And thinking asked bellboy wait. The second room service. Only tried once. It took 1 hour prepare sandwich 10 pm. The strangest thing, menu option restaurants, separated menu, clearly inside room service menu. But tried order that, say no. We choose room service la carte. The million dollar question restaurants menu room service menu ? The next swimming pool. It's rooftop small. So little bit packed evening. I think that's I say hotel. It's still nice stay. Even 2 kids. But next time, maybe beach better idea.",0.1522652116402116,0.42068342151675486,Jun 7 2008
24,24,"good value clean rooms impossible get taxi A nice clean newish Bur Dubai well placed trade centre business. If going leisure likely would choose beach location anyway. The rooms large 40 sq metres service excellent. There 6 food outlets I get chance try them, seemed good.Reception staff generally good english always great. Beware want early check time I wait hour 10am room became available. It difficult taxis stop thus incurring waits everytime want one. A good 4 1/2 star.",0.3300595238095238,0.6611607142857143,May 12 2008
25,25,"Nice pleasant stay Recently returned business trip Dubai I stayed Dhow Palace. Can't really say good bad location holiday trip point view, needs perfect. The room spacious, clean comfortable, a/c first night bit cold extra blanket sorted (and course adjust temperature yourself...). Nice buffet breakfast included room rate. At check-in I informed facilities spa, pool gym, I got room I informed internet would charged separately. Did time use though, I can't say like.I one bad experience staff, polite helpful.As mentioned also previous reviews, small supermarket close hotel. For shopping, Burjuman Shopping Mall 15-20 minutes walk away hotel, even cross big roads. From main entrance, go left (pass minimarket), continue straight come big crossing. Take left walk towards Spinney's (a big supermarket). After Spinney's small shopping centre (Centrepoint), continue bit arrive Burjuman. That's I spent free evenings :) For women travelling alone I say perfectly safe walk there, even walking back 11:30 pm Thursday evening I feel uncomfortable. There also several restaurants/ fast food places area.All pleasant experience I could definitely stay again.",0.131140350877193,0.47500000000000003,May 4 2008
26,26,"Excellent central http://www.dhowpalacedubai.com/This superb, great stay family. The location central walk around city centre shopping areas. The rooms really big nice. Very clean staff helpful. The breakfast loads variety something everyone. The price bit upper side bit expensive good service decor wise.Would recommend others.",0.3738888888888889,0.5991666666666667,Apr 17 2008
27,27,"Very bad customer service Haven't yet got phone them. Am UK made reservation Expedia. Just called confirm 24 hour check in/out - don't. For 5 star, expected norm. Was told i'd pay extra night arrive 5AM. The thing really put telephone operator first put someone else deal request, person simply transferred Bookings, closed day. Surprise, surprise, even message end line saying available take call. The phone kept ringing. Some 5 star this. Now check expedia cancellation policy bookings.",-0.03249999999999997,0.34464285714285714,Mar 14 2008
28,28,"Good Hotel But Not 5 Star We spent five nights found pleasant reasonably convenient. Our room spacious high ceilings gave airy feel. There sofa two sitting chairs well desk. The bath bit small compared rest room, shower good complaint I shower/tub narrow making hard stand in. The room decent closet space could use hangers. There safe every room. Turn service provided nightly.The lobby nice overall decor good. There bar lobby seven restaurants within hotel. My experience two I found food quite good. Everyone I spoke high praise food. The breakfast buffet selection large food good quality. The rooftop pool rather awkward get to, quite decent, although somewhat small. There charge use business center internet, $4 US 30 minutes. I saw spa hair salon well.Now, calling 5 Star - simply isn't. Just looking comparison 5 Star locations Grand Hyatt Dubai makes one realize strange rating standard used. The Dhow Palace strikes decent 3 1/2 star property geared business users I've doubt exactly would rated US (or rest world) standards.The best tip I got came previous reviews. Use mini-mart less two blocks away sodas snacks room. A 12 ounce Coke lobby cost 12 Dirham, two 16 ounce Cokes cost 4 Dirham store.Finally, virtually place walk to, taxis must. The hotel, hotels well, metered cars available place regular taxis. They fine safe, however, meter rates TWICE regular taxis. If taking short trip, probably worth convenience, longer trips, make effort get regular taxi. We found hard way took car Mall Emirates regular taxi back. The car cost almost exactly twice much trip.",0.15082128159905941,0.42557778230000454,Feb 24 2008
29,29,"good minor complaints I spent one week Dhow Palace Dubai pleasant stay. The seems relatively new I could discover wear tear. My single room spacious flat screen tv well furnished queen size bed, couch, seat, 2 tables, 2 desks chairs, bench suitcase, wardrobe enough space left move room without problems. The bathroom equally large sink/toilet/bidet/bathtub. Everything well maintained clean, sheets changed twice 1 week stay. I breakfast hotel, everything offer catering western well oriental tastes. The staff polite, unfortunately everyone speaks english well (some did, others didnÂ´t), therefore 4 stars me. If want avoid expensive minibar, supermarket close hotel, leave via main entrance turn left, 2 minutes walk store everything need. The isnÂ´t posh Ritz-way, like upper category business see kinds folks nationalities wearing business suits, track suits well folkloric costumes. The Dhow Palace situated &quot;near&quot; old part Dubai doesnÂ´t mean short stroll souks, indeed take taxi go everywhere, distances Dubai generally large, matter stay taxi rides cheap. (for information: taxi ride Dhow Palace Mall Emirates 22 km I always paid 40 Dirham (ca. 8 Euro) one way.Single female travellers donÂ´t worry walking round unaccompanied Dubai.Its safe I never got harassed stared anywhere, even I sunbathed public beach.",0.11524752129590839,0.3878002373970116,Jan 27 2008
30,30,"beware internet connection During one week stay suffered lack hot water three occasions despite contacting manager date heard him. In addition, connected laptop broadband connection since victim fraudulent use Skype account even though connect internet hotel's excessive user rate. Although rooms fine, small, everything cheap. Staff (other front desk) unable speak basic English altogether service pretty bad rating. We stayed many hotels Dubai ranks worst.",-0.07738095238095236,0.5476190476190477,Dec 19 2007
31,31,"Good Stay For 8 Nights For 8 nights exhibition, things went pretty smoothly. This 2nd time becomes familiar. I got room rear - 237, extra long. Although unusual according layout map, blessing large room large bath. A higher floor would better due ballroom events/music 1st floor below. This heard 3 nights I called desk seemed help volume 12.30am, next night I stayed til 2 work. The 3rd night last flight early I asked moved, problem all.Breakfast good pretty much same, variety day day. Staff friendliness basic, strong suit better others; may due quality English spoken? Taxis problem Dubai esp, big exhibition; try rear exit also many apt buildings neighborhood.Restaurant food quite good room service prompt.All all, successful stay business needs. Music issue.",0.22897546897546897,0.4629004329004328,Dec 2 2007
32,32,"Wasn't We stayed Dhow Palace Aug 2007. I impressed first sight, however outside life. Just another opposite. The staff knowledgable anything work, ask Dubai could go e.t.c. You must research plan holidays.The swimmimng pool I impressed with, roof big either. I took son lifeguard huff watch us, strict shouting son jump pool go deep end, polite.There supermarket 2 minutes walk buy virtually everything want otherwise get ripped off. You buy water drinks crisps e.t.c. evrytging would expect supermarket.The many restaurants ripp off. I would say food probably average prices massive ripp off. I paid Â£70 meal two adults 8 year old 2 year old. We didnt even order much got late night choice I quite fully understand currency time also.The room two adults 2 kids. I particularly impressed room family. I went see Duty Manager ( remember ) kindly gave us descent room. If want anything done must go see duty Manager, reception useless. desk reception also. Also flight returning 1:40am checkout time 11:00, I went reception said I would pay full day I went see Duty Manager said pay half room till leave I paid 300 dirhams instead.The location bad though near attractions.Overall 5 star I sure I would probably go back charge average charge 600 dirhams night.Most importantly I think reception tried scam requested 500 dirham deposit room incase I raid fridge e.t.c. obviously I didnt cause fridge total rip returning deposit paperwork diverted attention something else, organised taxi wife asked actually get deposit back I realised I signed get actual cash, I got end. The breakfast good (buffet) problems there. Overall money Hotel I would probably go back If I recommended another I probably wouldnt. The Location good though.",0.11833333333333336,0.490138888888889,Aug 28 2007
33,33,"nice nice location,very helpful staff,except one behind reception wearing suit polite all,that checking midday(arabic chap),apart everybody nice especially manager checking ,food good ,lovely atmosphere ,easy access shops,i would go back ,i hope miserable man suit would left.",0.20121212121212118,0.7166666666666667,Aug 10 2007
34,34,"July Very Humid On arrival Dhow Palace outside looked unusual (by night come back Dhow Palace looks impressive lit up). inside soon forgot that, brilliant got early staff went way us room soon possible, nice clean cold due air con.Building begun next door Id say october could little noisy rooms seen would lucky find place Dubai without building site close by.After reading reviews Dhow Palace I see mean communication like say well speak english! little bit effort get it.All resturants within 6 + star. Try Indian best flavours world staff tripping please you.Cost restaurants cheap (excluding Steak restaurant) even include costly alcohol bill(231 Dirham) two. Word advise dont order order drinks bread dip platter turns curtosy house. For us looking beach holiday without doubt best location dont book trips buy Berlitz guide book away go, take taxis cheap air conditioned. walk 50m road within 30 seconds taxi.",0.2238541666666667,0.5937847222222223,Aug 4 2007
35,35,"5 Stars Not Even Close !!! Check-in - Hotel staff know treat guests 16hrs traveling. It started well, wanted change breakfast refused change days around wanted charge us it, reason early flight next morning, problems hotels. Plus huge communication breakdown, english poor standard. Our Room - Room 413 - First impressions looked nice, large bedroom tiny bathroom. The bathroom shower tub shower curtain, single sink, poor ventilation Caravan Park quality hair dryer, even dry hair!. The walls paper thin could hear kids running halls people walking by.Other facilities - Internet - We tried purchase 1 hour block would provide service, yet could purchase 4 hour block, quite expensive. All wanted check-in next flight check emails. Luckily able find business centre, much better trying access wireless system room.Our tip would walk hundred metres road little supermarket buy goodies, mini bar terribly priced.Will back??? Very unlikely. I hate giving poor reviews, unless change procedures capable staff wonât staying again.",-0.06516769073220685,0.4791423451100871,Jun 6 2007
36,36,"gives star ratings arrival manager tried get pay extra bed breakfast son aged 11 ,I produced paperwork proving paid full us tried dismiss,no bottled water,tea/coffee ect room,in opinion certinatly 5 star hotel,id give place miss.",0.08333333333333333,0.35000000000000003,May 1 2007
37,37,"5 Star??? For me, 5 star property excellent customer service Dhow Palace sorely lacks. From check-in getting cab dealing tour desk concierge check-out dismal customer service evident. Though I enjoyed room, rest experience quite disappointing. Also, DO NOT USE THE TOUR DESK. We arranged half day tour I specific I wanted see. We paired private driver steered us shopping areas instead. He knowledgeable city history. Upon check-out, I discovered charge something I authorize argue desk clerk remove. He tried say charge already posted I could anything, I pushed removed, I realized lied charge already posting credit card.",0.11041666666666666,0.4520833333333333,Apr 10 2007
38,38,"5 star food service 3 star facilities Used mainly airline staff - even lounge.Food 6 star. The staff bit shy first, warmed us days, seemed become confident. Nothing problem them, ask.We chose wanted central near shopping - previous years experiences - away cement dust/noise/gridlocked horrors permabuilds around Jumeirah beach hotels.Dhow Palace badly let &quot;pool&quot; - located roof - negotiating pipes cables. It miniscule, limited sunning areas loungers, suffers chilly winds due location lack shelter. If someone jumps - pop !Gym leisure facilities adequate enough.Otherwise, promising - can't handle beach (or swim/sunbathe)!",-0.0302579365079365,0.45781119465329995,Jan 10 2007
39,39,"Good Hotel In Bur Dubai Minor Flaws GOOD QUALITY HOTEL WITH LOTS OF RESTAURANTS. Biggest issue life either side curb appeal zero. Construction next door noisy - seems like construction next door half city. Half block away minimarket othewise lacks life neighborhood something I really like. The place fine property costly, expected Dubai. 3 coffees 51 Dhs/ est usd 15.00. Decor like inside ship whole theme nautical decor uniforms staff.Weird: bathroom sink drains loudly near toilet; strange.Staff: welcoming staff less reception; restaurant staff friendly. The spirit general lacks result 5 star. English average.Bottom line: 5 stars Dubai Asia areas. More like 3-4 stars terms service; property good attractive.Room: real issue aside loud drain. After 6 nights getting me.Cost: usd 300 busy exhibition would less times.",0.11422839506172837,0.3141358024691358,Nov 4 2006
40,40,"Very comfortable ne New hotel, geographically slightly apart fom shops etc comfortable. It's shaped like ship staff wear sailing rig. Food beverage excellent staff helpful. Wake calls 0530 actually came 1730 disappointing. Booking taxi also easy, never actually arived time.The steak restaurant bad reviews Time Out Dubai, meal steak absolutely first class.We invitation collect free Kandahar Watch part Dubai 'government's' tourism effort. We escorted particularly tacky Indian car tacky shop asked view Swiss? Kandahar watches $2000 up. They looked like made Mumbai stamped Swiss. Don't go. We buy even though temption photo watch seemed irresistable.The room rates service good I would go again.",0.18404356060606059,0.5589299242424242,Oct 7 2006
41,41,"Great New Hotel A fabuous five star reasonably priced end May. Our room perfect, location good, breakfast unbelievable feast. We would stay cannot rate highly.",0.40090909090909094,0.732077922077922,Aug 2 2006
42,42,"Loved service Just returned 2 weeks holidaying Dubai, Dhowpalace home away home. The word luxury biggest understatement world applied hotel. The bedrooms thee comfortable beds, mattress lining changed daily too. Spacious aword also applicable, although staying Commodore suite. The services included gym (the personal trainer, gorgeous thing laid eyes Dubai) hair salon thee gorgeous lebanese hairstylist incidently, cut blow dried hair really well too, better Nicky Clark Supercuts prices.. The beauty therapist also gives good service( eyebrows took real care precision whole job). salon open till 9pm time asked Mr.Lebanese could cut hair, obliged instantly reference time.The gym open till 12.00am sauna steam room. If anyone going look definition service incorporating friendliness helpfulness, would pay Dhow palace visit. The staff treated guests like royalty. The impressive thing was, 1 morning opened bedroom door go breakfast one staff HEARD opening door, rushed lift open step time reached corridor...WOW. ...The fantastic kids too. My son obcessed water, would rush fountain play water create quite rucus, however, NO ONE complained even, point would come talk him, cuddle get sweets. Even swimming pool, one day go get camera pool boy supervised son , played ball till point came back. Very safety child concious. also business centre, couple restaurants. The breakfast buffet fantastic, room-service, try cuisine there. The location Dhow palace Burdubai, next creek...near Deira side, right next Burjuman mall( exclusive), Lamcy, Abu gharaira old souk.....so taxi ride never 8 dhrms..there shuttle service Jumerah Beach City centre....The worst thing Dhow palace alas, end holiday one must leave it....but good memories, especially good looking egyption personal trainer....aahhh",0.18779519938056524,0.5062233836624083,Jul 20 2006
43,43,Gutes Niveau zu gÃ¼nstigem Preis,0.0,0.0,Sep 13 2009
44,44,SchÃ¶nes Haus...,0.0,0.0,Jun 7 2009
