,Unnamed: 0,Reviews,polarity,subject,Dates_extracted
0,0,"Loved !!!!!!! The happy service , professional friendly !! We highly satisfy facilities Staff !!",0.5443229166666667,0.5783333333333333,0.5783333333333333
1,1,"Great Apartments Fantastic Price Have got back 8 night stay Arjaan cant speak highly enough place.It's really centrally located within easy reach Palms Marina.We booked 1 bed apartment upgraded 3 bed appartment (Which huge......and 5 yes 5 toilets!!).The staff great I go far say easily best service I've ever world.But real clincher Price, paid Â£1000 8 nights, many hotels would cost 2 nights!I'll deffinitely stay next trip Dubai",0.358974358974359,0.532051282051282,Nov 20 2009
2,2,"Awful Awful service, keep repeating requests finally get done. Doesn't matter nice is, service there, there's point staying. Be aware baby cots, may laundry trolley's matress bottom!! Would never return recommend anyone.",-0.20187499999999997,0.85,Sep 4 2009
3,3,"Best Dubai Just returned four day saty fablous place, arrived 6am 3 bed suite, given complementary breakfast ( 6 us !!) ,we told room would vacated 2pm !!! But hour afer given 2 bed apartment get shut eye one ready, complementary !!!! great service, good local knowledge excellent staff , good breakfast great customer service . Well done , shall return !!!",0.71103515625,0.5625,Aug 2 2009
4,4,"Clean comfortable friendly We chose stay Arjaan due good reviews recieved Trip advisor dissapointed.Before travelling dubai I sent email Mr Horca reservations manager requesting room higher level also could cake ready room arrival daughter, celebrating 9th birthday, requests fulfilled, even gave us fresh fruits dates. upgraded 3 bedroom apartment 20th floor three balconies lovely views sea, marina Media city. The apartment clean spacious fresh linen everyday.The downside location nowhere walking distance hotel, Jumeira walk short drive away lovely restaurants.",0.2828888888888888,0.579,Apr 30 2009
5,5,"Excellent!!! We arrived early flight 2 children aged 13 9 checked Arjaan 7am. Very soon, shown apartment 21st floor upgraded 3 bedroomed apt, originally booked 2 bed. The apartment huge beautifully presented. There full kitchen incl cooker washing machine. The rooms cleaned every day luxury bed linen towels changed daily. We 3 balconies, wicker furniture comfy cushions. The pool huge adequate size sunbeds comfortable. There 20 sunbeds available, problem getting one every day there. The negative things say, although minor gripes, tumble dryer got hot shrank couple clothes. Also cabs expensive. We walked hailed one nearby. Dubai become expensive apartment scenario fantastic value. Try walk The Walks restaurants (about 25 mins stroll) get drinks day supermarket. I would highly recommend place.",0.20851190476190481,0.6547619047619045,Apr 26 2009
6,6,"Wonderful Stay First Time Dubai : 0 ) We arrived Arjaan 8am (Check 2pm) immediately offered breakfast waited room available. Five minutes later, shown first room fabulous view Gulf. Sadly, needed twin beds children king sized bed swiftly moved another two bedroom apartment HUGE! It three bathrooms, two bedrooms, kitchen dining/lounge area. The views incredible unexpectingly, also received Arabian sweets, fruit, beautiful hand made chocolate cake........and fabulous flower arrangement white lilies orchids!! WOW!!The Staff cannot enough knew names. Taxis problem main road too.....I would recommend The Arjaan Hotel Apartments anyone!!!",0.3411086309523809,0.6214285714285716,Apr 24 2009
7,7,Amazing cant recommend enough !!!!! Have stayed number times keep coming back - I say. The staff amazingly helpful rooms experienced believed â large opulent. When I checked last I upgraded one bed premium room swimming pool. Unfortunately pool order occasion. Location really handy business around internet media cities right beside beach strip great hotels nightlife restaurants.,0.3125,0.6254251700680271,Apr 15 2009
8,8,"Loved Arjaan. I booked 7 nights standard classic one bedroom apartment, check I upgraded 3 bedroom apartment. It amazing, two king bedrooms, one twin, maids room, 5 bathrooms. Huge kitchen, dining room, living room numerous balconies. Hotel spotless beds changed nearly everyday. There 2 things I disappointed Arjaan. The pool area lovely heated pool, 20 sunloungers pool 9.30 sunloungers gone sit grass. Also extremely difficult get taxi front peak times entrance main road taxis pass entrance. Overall, I wonderful time Arjaan would recommend friends/family.",0.13888888888888892,0.6466666666666667,Apr 11 2009
9,9,"Could better staying here. Great Rooms, Great Staff, 6 lane highway outside front far noisy sleep. If must stay get room high possible round back. The traffic noise way much spend relaxing time pool life soul! Location poor nowhere really within walking distance. BUT BE PREPARTED TO BE RIPPED OFF FOR THE EXTRAS - Â£ per hour imnternet I made 9 min call home UK got charged Â£28 privilege. Would nrew stay again. If must stay Media City I suggest Radison road.",0.1841666666666667,0.4991666666666667,Mar 29 2009
10,10,"Exceptional service excellent amenities I normally write reviews anything, blew minds go :)Our flight Dubai landed 4.45am, requested early check-in, expecting around 9 10am (check-in normally 2pm). So delightfully surprised concierge told us room would ready 5-10mins! We even surprised told room upgraded premium room (usually costing around 2,500dhs night!).When walked room, amazed! The room spacious beautifully presented - even private pool balcony overloking ocean palm! - actually room - kitchen, dining room, huge living room, 2 bathrooms, massive bedroom, 3 balconies!Everything Arjaan great - especially service!Arjaan located Dubai Media City Jumeirah, quite central things. Its 20minute ride to/from airport, costing around 80dhs airport taxi, around 50dhs normal taxi (we caught airport taxi early flight Dubai!).Although quite central, still need catch taxis everywhere cannot walk anywhere Dubai (it motorways construction work).The Emirates Mall, Ibn Battuta Mall, The Souk Matina, Wild Wadi, The Burj Al Arab Atlantis The Palm close - costing around 15dhs taxi.We also went Gold Souk definitely experience! Catch abras (water taxis) get Gold Souk - set back 1 dhs also experience missed! (put haggling hat gold souk!)The Desert Safari also highly recommended! We great time sand dune bashing, camel rides, henna tattoos, smoking shisha, on. We pre-booked package Orient Tours, really good company - well organised (except confirming booking Dubai - bit frustrating).All all, enjoyable trip Dubai much needed sun warmth (after spending first Winter London!)",0.26068376068376065,0.5955982905982906,Mar 5 2009
11,11,"Good Hotel Location Just back Saturday Arjaan. Good Points - `Very nice room (we got free upgrade 3 bed apartment) 3 bathrooms 4 balconies! It absolutely gorgeous 27th floor fab views city gulf. Things like normally happen us! The location good reasonably close lot 'nice' restaurants hotels bars. It also really easy get taxis relatively inexpensive.Staff courteous polite keen make stay comfortable enjoyable. Pool area nice get sun (I bit worried this!). Room service efficient food ordered good standard room service food. Lobby communal areas lovely quite opulent.'Bad' points - I put inverted commas really bad. The pool area busy 2 days tried go could get sun lounger. Also grass area (where lie towels loungers) directly underneath speaker plays loud annoying kids 'party' music (think Vengaboys Aqua!). We ended giving going additional expense getting taxis Jumeirah Beach Park. They need get sunbeds organise area better.The staff India oriental sonme English good. This means miscommunication, especially asking make reservations etc. All Dubai fantastic place visit. Would reccommend Bar 44 Grosvener House Hotel also Vu Bar Emirates Towers. Emirates Mall great Mercato Beach Park definitely worth visit that!",0.2862949346405229,0.6081045751633987,Feb 23 2009
12,12,"Outstanding Great staff, full service hotel, room service must experienced - excellent, reasonable prices negotiated. Call city taxi - taxis lot higher [also better &lt;grin&gt;].",0.5233333333333333,0.7616666666666666,Feb 21 2009
13,13,"Excellent!! Loved Arjaan We returned week Arjaan Rotana. The magnificent never experienced incredible service before. We stayed 2BDR Deluex apartment. It enough space party. There microwave, stove, washing machine fridge. The attendants wonderful, assisting us getting taxis arranging tours. The breakfast hearty wide variety selection. There also bank, salon spa premesis. I absolutely enjoyed stay Dubai whole. The CON since new (opened Oct '08) taxis may know location.",0.3912337662337663,0.727922077922078,Feb 6 2009
14,14,"We recommend We spent 5 nights Arjaan, paid AED3500 (taxes service charges included) I think good value money. We really liked hotel. At first thought kind isolated, away everything. But found often feeling Dubai isnât street life (no shops coffee shops, etc) take taxi everywhere go. So perfectly fine. The Mall Emirates close (in taxi) good base (from Mall took tourist bus enjoyed ticket two days). The stuff found taxis us time. But sometimes kind man came us asked needed taxi. It kind âprivate taxiâ meter everything. He said price. But no, meter suddenly bigger hurry regular taxis. A trip Mall usually AED15-17 taxis AED30. A couple times took taxis anyway didnât want wait, otherwise say thank wait regular one. The really new, taxi drivers never heard (which happens time build many hotels Dubai). A good landmark âMedia City behind Radisson Hotelâ. From could guide bit tricky find main entrance. Because new room excellent, clean comfortable. When arrived around four afternoon room ready yet wait almost 45min. It would nice offered us welcome drink glass water tea. There living room kitchen facilities, missed microwave heat breakfast child (we traveling 10 month old baby). The internet included price room thought nice nowadays (it fine years ago, today think included). We stayed Abu Dhabi included thought would Dubai. My husband taking care issues work bought couple hours log didnât want spend service.The restaurant ok great. One waiters explained us real restaurants opened yet were, coffee shop. Then understood better menu. The breakfast included price. We went twice happy. The third day walked Radisson breakfast AED20 expensive. We tried liked much more. We thought money worth next days took breakfast Radisson. There congress center looks like shop open someday, moment side empty. There little place manicure pedicure done good. The pool nice gym rest amenities neat clean, really nice, too.When left took taxi stuff loaded luggage. When arrived I show good bump one suitcases, seems like closed boot hit suitcase. It bothered hadnât said word us. I wanted contact issue (I took pictures) today I havenât done busy, I donât know management would react. All enjoyed stay hotel.",0.24720106716200466,0.5284192890442891,Jan 12 2009
15,15,"Recommended I stayed Arjaan partner 3 months love it. I cannot say anything bad hotel, apartments fantastic, modern morrocan theme, views spectacular, staff always friendly helpful, food lovely, wonderful pool fully equipped gym. In great location, easy access anywhere Dubai.The downside like drink muslim therefore serve alcohol however long pick Duty Free way country drink room plenty hotels near use restaurants bars.I would recommend absolutely anyone.",0.3212222222222223,0.7193333333333334,Jan 9 2009
16,16,"glad :) greatest ever life .i really liked every simple thing gate gate , beginning reception fabulous , staff helpful lovely smile , even lefts amazing !i've stayed friend 2 bedrooms executive suite , rooms spacious , forniture totally elegant luxury kitchen fully equipments , evey room bathroom , 3rd living room.i loved view , front see , see burj alarab right side , marina area lift side .the located dubai media center , surrounded channels jounals buildings .and far away biggest malls dubai ( emirates mall ibn batuta mall ) , near dubai marina find lovely &quot;walk&quot; place restorants coffees .i tried room service restorants guess good services hotels .the swimming pool 1st floor fantastic , also bar next . know words good enugh give right describe , , rotana arjaan 2nd home dubai .",0.36140109890109884,0.6078296703296704,Oct 26 2008
17,17,bon rapport qualitÃ© prix,0.0,0.0,Nov 16 2009
