,Unnamed: 0,Reviews,polarity,subject,Dates_extracted
0,0,"Bad experience A cold welcome reception desk (at 6AM) passport retained (why copy instead) ? A standard room poor maintenance, quiet place early morning, good rest anyway.Breakfast another story. enough seats guests, I proceed small buffet, I found seat occupied couple, I walk around 5 minutes plate hand I get seat ! No coffee available (only hot yellowish water may tea). Not enough cutlery, enough food ! Staff obviously tired out-of-control operation. I could manage drink &quot;tea&quot;, cottage cheese, one slice bread marmalade, more.When asking if, extra service, possible make print boarding pass, reply reception desk blunt &quot;no printer&quot;.During time, duty manager, show concern, reading newspapers office.One good point (the oly one) : concierge helpful storing baggage storeroom, later calling taxi go airport...",0.026875000000000003,0.5475,Nov 14 2009
1,1,Nothing Special We stayed got good deal room. I called previous day airport pickup got there...no shuttle. I call told I reservation even though previous day I confirmed room pick-up. They told take cab. Then night shift men rude check-in. However day shift made them. I stay given choice.,0.1223015873015873,0.5474603174603175,Oct 7 2009
2,2,"We opted budget thats got Started badly noone pick us airport, paid cab reimbursed.. room perfect, clean, bed comfy, however shower broken, fixed soon complained. dinner restuarant something else, waitress swore blind brown drink gave us gin!!!! knew jack daniels. bad points, pool, ok great clean, service overall good. dont want frills, want bed night, deira thats get. In opinion better hotels price.",0.014583333333333351,0.4984375000000001,Oct 3 2009
3,3,Cheap Best stayed two days even though feel comfertable. nice break fast rooftop swimming pool really cool bar aside. room really clean neat. minibar inside room emply even withouht bottle water. 15 dirhams per hour usage internet really much 3 dirhams perhour available outside hotel.,0.3263888888888889,0.5083333333333334,Jul 14 2009
4,4,"Dirty rooms service Don't even think staying unless wish pay lot money expect service. Firstly forgets pick airport pretends know nothing booking although confirmation email hands. Secondly: On arrival booking wrong. Again confirmation email stated correct email. Over that, room price suddenly icreased 400AED per night. Their excuse: New policy. Thirdly: The room dirty previous patron's dinner, hair body odour still bed linnen. When I asked room cleaned request ignored I demanded speak manager. Fourthly: The rooms hot water. Yeah Yeah Dubai hot enter 16 degree cold room (which cannot adjusted central AC broken) half expect hot bath shower...and towels (again towels room)Fithly: Don't expect minibar room. Although pay never get see it. Breakfast? Don't expect anything fresh rather gag leftovers previous day/evening.Sleep? The discos close 3am morning wherafter party moves street...If plan sleeping room buy earplugs...a blanket lots sleeping tablets.",-0.10422077922077921,0.43513708513708516,Jun 24 2009
5,5,"excellent 3* affordable would definatly stay again! When first chose hotel, quite surprised cheap rates decided read reviews - read negativeness positive reviews, little confused, decided give benefit doubt thought always move really bad! I'm glad decided go fanatastic. The shuttle came pick us hotel. The looked much nicer photos. The hickup reception desk. Despite reserved double bedrooms, told twin beds. refused take rooms, made reservation, given delux room. really spacious king size bed rate double bed rooms - two young children space fantastic! The provides free shuttle rides fom beaches also free shuttle rides malls - r must see, esp wadi mall emirates mall - The breakfast got bit boring choices daily. change way prepared eggs. However r many great restaurents walking distance, inc, mc'donalds, pizza hut, burger kind, subway..Having read reviews learnt club first floor requested room 4th floor. given room 6th floor sleeping peaceful ;)Freindly staff great value money! Would definately go again!!!",0.18681129476584024,0.5584481175390268,Jun 1 2009
6,6,"Dont book With Expedia We requested Double/King bed, received 2 twins. They refused change rooms thegive worst rooms &quot;run mill&quot; rooms cheap offers fillers. The hotelhas Disco Bar starts 11 PM 19 hrs travel, I wanted sleep felt I middle booming speakers. Kept awake 3 PM bar closes.Every time, speak management, refer agency.Please unless know hotel, better book directly demand good room, better avoid places Hotels.com, internethotelreservations.com expedia.com expedia.com",0.14444444444444443,0.4666666666666667,Mar 29 2009
7,7,"Pretty bad bad reviews good points I read bad reviews, decided give benefit doubt ask room upper level avoid nightclub noise. Bad points:-No key room, concierge let everytime needed get room 5 days nights!-Reception staff rude-Pool bar expensive (AED30 glass wine, approx AUD15)-Had keep asking towels toiletries replenished-Tried charge internet dry cleaning I already paid for-Not really walking distance main attractions badly sign posted-Not good woman own-Westerners welcome bar/nightclub-No tea coffee facilities-No Iron ironing board (Must send away items pay)-No gym (1 exercise bike)-Massage area expensive looks dodgy-Hard get taxi area-They keep passport length stay (in unsecured draw)Good Points:-Beach Mall shuttle bus service good-Concierge friendly-Pool area ok-Rooms reasonable clean-If get room upper level, nightclub noise problem-price reasonable-Nice restaurants near well convenience store close-Free cable tv-restaurant staff friendly, good serviceAll all, price ok. As everything, good points bad points. I think would try somewhere else next time however.",-0.04173076923076916,0.5512820512820512,Mar 22 2009
8,8,"Stay away Bad customer service. Receptionist fighting customers blaming booking agency. Manager nowhere found. Algae/Fungi shower. Better/cheaper next door. Bar 1st floor - loud music 9.45pm 3.30 - able sleep, vibrates speaker base.",-0.18,0.6183333333333334,Mar 10 2009
9,9,"Dirty If avoid I would stay here. Its OK quick 1 night stay flying early morning (as I was). They offer free hourly shuttle bus airport pupose. I would disappointed I 14 day holiday (I think girlfriend would actually cried case fella's spend extra Â£20 night get somewhere decent!).Location OK, Deira (the otherside Dubai Creek) close airport, Gold Souk Bur Dubai (which places go in). Also far Sheikh Zayed Rd either (15 mins) far Jumeirah Marina nightlife (maybe 30-45 mins traffic).Saying downturn Dubai means traffic bad anymore first time ever taxis... everywhere, perhaps location important longer! Taxi's also cheap compared UK Dubai (unlike Abu Dhabi) always use meter.Rooms- dirty, toilet clean although someone gone trouble putting one 'steralised' strips across joke. Shower luke warm power whatsoever. Shower curtain stank, bathroom musty mouldy places. The rest room basic bearable.The nightclub floor 2 stay high keep awake light sleeper.One last thing, go massage, I made mistake 5 mins I would call rubbing rather massaging I offered &quot;extra's&quot; I after!!!!!!! Overall, I would reccomend stay somewhere else (perhaps try IBIS World Trade Center- price I booked first night stay 5 mins bridge still okay airport) cheapest room lastminute day I booked it... expect!",0.06488888888888888,0.5104166666666665,Jan 13 2009
10,10,like They respect posted website. Price website 63 Euros per night charged price !!! I booked room directly using website.Sauna small.No luggage room.Swimming pool water cold.Wireless internet included pay almost 4 $ per hour use wireless internet room.Restaurant small sometimes table available wait 5 10 minutes I noisy neighbors could sleep.,0.306640625,0.42500000000000004,Dec 25 2008
11,11,"Buzzing A lively situated centre deirra, I stayed 3rd floor 9 nights nights got clubs shut going quiet night isnt place, however going party feel alive city fits bill. Close everywhere taxis easy get, close airport shopping great place city break.The buffet breakfast wasnât great food everyday job itâs cheap hotel.The staff great helpful friendly",0.31033549783549785,0.5029761904761905,Dec 24 2008
12,12,"Decent place - get pay I wife stayed K-Porte Inn 4 nights. They refused organize pick-up airport even though I called 12 horus advance, require 24 hours notice! On arrival, wait long (5/6 minutes) get room, 6th floor, noise issues others noted. Hotel location close smaller mall decent dining options - Pizza hut, Papa John's, nice filipino place, nice iranian place, etc. There number 3-star hotels locality. It also minutes walk away &quot;Diera Bus Station&quot; water-bus stop, take water-bus across creek Bur-Dubai Dhs 4. The downsides K-Porte Inn - rooms small, quite bare-bones - coffee maker even; ask extra towel every morning - even though 2, would always 1 towel. Also, 9 / 9:30 PM night, would come across women (likely hookers) hanging around mall - never bothered us, unpleasent. The staff K-Porte courteous, enough information place see, etc. The free shuttle service malls / jumeirah beach useful, use take cab places. All all, willing spend money go better place, would, otherwise, bad. I still appauled expensive rooms Dubai generally - way overpriced opinion.",0.09270833333333332,0.5677083333333333,Dec 9 2008
13,13,"Fine dont want sleep! Stayed K porte luckily 2 nights early Nov 08, wanted stop Dubai stop way destinationsThe OK, little dated clean rooms OK, location city close little malls etc close creek. A good Taxi beach area big malls problem taxi's cheap enough, good walk gold souks etc cheap taxiBiggest problem I would never go back loud night club 1st floor, loud night, 4th floor thought TV room - 4 calls reception get somebody turn down, 4 calls room change actually told us club - got moved 2am pack case time, moved 5th floor better I would take chanceMy advise dont take chance, go somewhere else",0.1806111111111111,0.5202888888888889,Dec 6 2008
14,14,Unwelcoming! Hotel good location City Centre difficult walk attractions due lack signs &amp; difficulties finding information best places go. When asking given map. The 'past sell date'! It's dingy &amp; facilities nothing like described information booking. We ask towels upon arrival &amp; following days too. There tea &amp; coffee making facilities let alone mini bar advertised. The room small &amp; dingy &amp; overlooked residential apartment block. If leaned balcony could see city. All Mermaid pool bar going pool &amp; views! We found geared locals &amp; 2 females travelling found quite intimidating lots local men coming night club. Overall would recommend anyone especially women travellers.,0.05909090909090908,0.39318181818181813,Nov 29 2008
15,15,"Enjoyed Stay The Location Hotel Downtown Dubai (the Deira District) ,you plenty shops ,malls fastfoods around! hote verygood,staff friendly ... breakfast good .. incuded unch room good limited options ,had pay coke glass water included !! rooms clean ... room service every day ... wifi avaiabe service forst days pay wifi wich rather expensve could enjy free internet dafe side road pay little internet cafe. night clubs indian arabic really liked.the pool service due maintenance ! wanna stay ask room floors upper 4 noise clubs located first floor.but friendly staff,cean rooms good room service money paid ,i would definitly go !!",0.26779761904761906,0.49406162464986,Nov 26 2008
16,16,"expensive without quality First impressions bad.Receptionist gave smooking room. It like room horses farm animal smell bad.Second room nice, clean old towels andbed sheets. Breakfast standart 3 star (cheese, cereals, eggs, pastries, oatmeal....)Inside music bar. I think ,open till 1am. ...Very loud.Pool closed.Location without view :) inside Deira downtown, far airport. Very close shopping street lot fast foods like cinnabon, pizza hut, mc donalds burger king.They served ,,halal meal&quot; - moslim meal course.What positive daily transfer beach daily transfer markets ,,souk&quot; shopping malls.Mall Emirates (ski slope 400 shops) 20km hotel. Taxi costs around 50 dirhams. It 10 GBP one way. Next time, I book beach another 3 star hotel.",0.14813852813852812,0.49562770562770553,Nov 25 2008
17,17,"Good location but... Some good points K-porte Inn:Good location,easy catch taxi (just cross street)Free shuttle airport (call give flight details)Helpfull conciergeFamily-friendlyNot red light district reviews mentionedBad points:Price change according exhibitionsReceptionist know smileRooms need aeration (dusty)Avoid 3rd 4th floors night clubsWi-fi routers available weak signalThis good want explore Dubai,don't expect much,for I looking place sleep only.Here taxi costs main places starting hotel:Airport expo:20dhsBurjuman Centre:20dhsGold souk:15dhsEmirates mall:45dhsMadinat Jumeirah:45dhsIbn Batutta Mall:65dhs",0.21388888888888882,0.3611111111111111,Oct 23 2008
18,18,"great base dubai really good staythe staff helpfulthe transfer buses laid free charge fantasticthe good location mall fast food restaurants across roadall good round hotel. rooms good size room service wrong,and fully air conditioned!!",0.43555555555555553,0.7011111111111111,Oct 6 2008
19,19,"Disappointing 3 star We arrived 5.30am Dubai time, told room ready us would wait 2 hours reception. . The lobby old fashioned dingy dark wooden walls, one computer internet access corner 10 dirhams 30 mins, double price pay internet cafe 30 seconds walk away. We shown room, small comfortable. Although stated mini bar, infact, empty, water. We also one small towel share. We ordered room service twice there, first time &quot;they forgot&quot; ordered wait hour food second time &quot;forgot&quot; bring bread ordered. The pool area disgrace, old, dirty run-down views looking carpark. The men work pool fairly rude, rest staff hotel. On morning check arranged free shuttle pick us 5.15am, woken unauthorised wake call 50 minutes needed downstairs, telling us 5am even though bus leave 5.15am, told would soon ready. They proceeded call us another 2 times also received knock door hurry us up, harassment leave room unprofessional felt rushed leave.",-0.03405555555555555,0.40355555555555556,Sep 24 2008
20,20,"I pleasant stay! Before going Dubai, I visited websites possible cheap hotels made choose K-Porte INN review page. At first I got scared things I read I knew ruin stay, I hoped so. I arrived early morning room ready quickly. The room big I really need space, honest. The bathroom clean I really hear noise. The staff helpful polite, I problem all. Breakfast good many tables I sit lobby, really, that's big deal, happens. The offers many things guests price fair. The neighborhood airport nearby many places eat Burger King, Pizza Hut, Subway like. Their also van available take guests airport however let know before. Anyway, planning going low budget, great choice. Don't expect pay cheap stay 5 star hotel, even though decent. Its also close city centre (shopping mall) variety stores places eat. Anyway, It's decent I'm sure wont problem!!! PEACE",0.32530924479166673,0.4993923611111111,Sep 11 2008
21,21,"great place great palce stay , staff really friendly locationm good. something cheap good location value money place stay . highly recommended",0.562142857142857,0.6342857142857142,Aug 12 2008
22,22,"Good clean! I stayed total 6 nights, two stints three nights July 2008. Before taxes, I paid average $63/night (all hotels slashing prices due off-season, price 3/4 Ibis' cost 2/3 Novotel's comparison.) The clean, beds comfortable, I ask hotel. There two nightclubs second floor, I would advise booking/asking upper floor room. I slept two different rooms third floor depending I floor noise bother me. Don't expect much concierge bother arrange taxi, pay double. There's mall block away plenty Western eateries.",0.13214285714285715,0.36607142857142855,Aug 11 2008
23,23,"everything acceptable located good part city,near Rigga St,(famous street veriety resturants coffiee shops) ,from Hotel 3 minutes Al ghurair mall walking ,staffs rude saw reviews could better this!,the breakfast lunch great,several types meals served day kind tastes.our room clean ,more expecetd 3 star hotel,corridors quite &amp; clean ,i recoomed people dont want pay alot money accomodation ,and like close major public areas malls resturants.but 2 problems problem these:1-the bottleneck garrage !it looks use large part storage,if plan rent car dubai better ask reception parking sure provide empty parking you2-the little lobby,the lobby little hotel,and need stay lobby ,theres enough places sitting",0.2261834733893558,0.5525957049486462,Jul 16 2008
24,24,Unprofesional staff Front Desk Certain staff Front Desk/Reception need trained deal guest politely show uncouth behavior. Nice good location.,0.5047619047619047,0.7238095238095239,Jun 18 2008
25,25,"perfect location money place short trip away popular places,,,is perect nights city area.Staff helpfull.....",0.26666666666666666,0.6,Jun 14 2008
26,26,"Pleasantly suprised After reading reviews K Porte Inn I bit dubious destination overall great place stay. The reception staff overly friendly worry concierge staff lovely deal time checking i.e. taxi's, excursions, info etc. We arrived 9am room 10am good. The buffet breakfast taste lots choose happy croissants, toast fruit orange juice tea/coffee may like us personal taste choice. Our room huge clean seen every day lovely little man cleaner. As may read 2 nightclubs 3rd floor yes could music honestly bother us. After reading reviews I take ear plugs use once! As location I can't really answer cos seems Dubai need get attractions mode transport, used cabs time cheap. We stopped waiting cabs outside would literally walk round corner side streets always got one. For laugh visit Indian nightclub 1st floor, free get in, made welcome seems kind X Factor style dance competition amongst pretty indian girls there, loud though one hour enough us we're glad tried it. The Arabian nightclub 20dhms get bother. Also go across road Lotus Hotel evening watch belly dancing band, quite enjoyable. The pool bar top nice always ended night there, couple drinks game pool barman adorable welcoming. You must safari excursion Dhow cruise, K Porte arrange well worth money (160 dhms dhow I think approx 200 safari), also went snow park Emiarates mall lots fun. We went Jumeirah beach (5dhms get in) private beach bikini wearing allowed. K Porte Inn good location city, get pay money saved going meant spending money honest used sleep get changed etc. There much Dubai hardly use hotel. Another nice place evenings drink Irish village 15 min cab ride away drinks quite pricey find alcoholic drinks pricey Dubai, found cheapest Lotus Hotel. K Porte also bus services beach city centre use got cabs. As female I watch everyone else first day tourists seem wearing clothes covered knees aware cos may get looks go around wearing short skirts shorts, also blonde hair seems grab quite looks totally harmless feel funny it, safe place I feel scared worried respect culture. Have great time Dubai, love it.",0.29341374269005843,0.5573391812865498,Mar 1 2008
27,27,"Good short stay We booked K-Porte first night four day stay Dubai, arriving midnight wanted bed night rather facilities Dubai's superb luxury hotels offer, price. We little anxious K-Porte, got response emails seeking confirmation airport pick-up. But credit went well: free airport transfer waiting us (even one-night booking), got courteous service check-in, including giving us high-floor room - problem noise club all. With decent breakfast (with suitably Middle Eastern / central Asian flavour) included modest Dh 500 price, amounted good value package round. Recommended want somewhere simple safe.",0.2099537037037037,0.567063492063492,Jan 21 2008
28,28,"Friendly staff Quite decent hotel, corresponds 3*. The staff friendly, cleaning regular. A feed - breakfast dinner good. It pleasant, bus beach back sends precisely schedule. A little Russian, good.",0.2965909090909091,0.4736596736596736,Jan 9 2008
29,29,"Basic Comfortable The Hotel limited parking street, offer shuttle bus service airport, note booked least 3 hours advance, sign reception mentioned. It close shopping restaurants coffee bar ground level bar roof pool. The rooms noisy due club disco floors 0 1, particularly bad 2nd floor noise 4 am. Rooms generally clean. No English channels TV.",0.03170995670995673,0.41385281385281386,Dec 13 2007
30,30,"Love Dubai I would like advise I fantastic stay Dubai. The obviously 5* standard I thought really nice hotel. As say pay get reasonably priced. The staff friendly always willing help, pool area nice I felt completed relaxed there. The big downside music saxophone bar. We 4th floor could still hear music pretty loudly, I dont really think need loud every night till 3am!!!If visiting beach would recommed Al Mazamar 20mins away Dubai secluded area busy Jumeirah. Also Wild Wadi water park well worth day also visiting Madinat Jumeirah bars restaurants.I brilliant stay met great people definetely go back.",0.3193421052631579,0.5763157894736842,Nov 29 2007
31,31,"re-visit We party 8 staying @ K-Porte 2 night stop Thailand &amp; pleased 2 nights. We waited &amp; waited transport take us airport (4.00am -4.30am). By chance heard someone mention 'K-Porte' persuading take us hotel.We also long wait rooms &amp; wait small reception area facilities luggage relaxing in.During wait offered complementory breakfast, kind gesture breakfast buffet much coffe &amp; tea ok! We finally got rooms ok nothing special. Very small dusty balcony view another balcony across road.The heat unbearable &amp; unable walk anywhere. We got far Pizza Hut @ bottom road. You require taxi EVERYWHERE city wide spread would impossible see way.The pool &amp; bar area poor &amp; shabby &amp; major need work. 99% guest Iran. We feel slightly uncomfortable swimming bikinis &amp; relaxing around pool due cultural differences.The bar &amp; night club accessible non-smoker. The male guests smoke pipes would hurt eyes &amp; lungs entering! Alcohol limited supply, get G &amp; T via room service @ reasonable price sold local supermarkets.The staff constantly try &amp; sell tourist trips &amp; compete becomes tiresome &amp; slightly annoying. Overall go back Dubai",-0.04104538690476191,0.5335193452380951,Oct 23 2007
32,32,"Meet staff - surly grumpy bitchy The room fine, location fine, bathroom pretty average, price good. The staff however surly wanted scream. I stay - got better places available.",0.3619047619047619,0.5571428571428572,Oct 2 2007
33,33,"good value money stayed k porte inn 4 nights. best part continental buffet breakfast .the second best thing location. located near good shopping malls famous food chains like burger king, nandos, pizza hut. near main road also catching cab problem us.we stayed 6th floor wasnt noisy there. family members 3rd floor complain saxophone club. think good value money cheap one ask cheap hotel.i definitely stay go dubai again.",0.37453703703703706,0.48379629629629634,Aug 27 2007
34,34,"Just 2 nights... Booked doble king room K-Porte via net two nights, two days later day travelling called K-Porte. Asking ensure room 5th 6th floor. They advised would problem... informed would arriving late..they organised car pick hotel. far good...Travel Dubai arrive three hours behind schedule..delays Bahrain..hotel supplied vehicle driver awaiting arrival..On leaving airport, driver takes hotel...we arrive Grand Moov Dubai.Im asked check in........ !! imspressed !P.S. trusted ensure safely arrive K-Porte Hotel...my location stay changed plans subsequently change well...be careful Dubai..",0.13457031249999998,0.53125,Aug 18 2007
35,35,"It OKAY There 7 us stayed 4 rooms 3 nights. My husband andI travelled lot and, standards, okay.The buffet breakfast mornings fine. They served least 4-5 hot dishes, bread (for toast), tea, coffee every morning. We rented cars Dubai able park downstairs (under hotel) free charge, great. While laundry service, unable loan us iron us use room. We tried use expedited laundry service clothes come back time leave. In fact, even iron clothes yet charged us it. After bad experience trying get clothes ironed laundry service, ended going Carrefour (department store) buying one 15 Dirhums use room remainder trip. This advertises free WiFi internet access stay, working. The best part location. It's near (about 1 block across street) Pizza Hut, Burger King, small grocery store, small pharmacy, mall. The worst part water restroom faucets SCALDING HOT! This makes difficult take shower. The second worst part Saxophone night club plays loud music least 2 3 am. Three hotelrooms 4th floor could easily hear music night, making difficult us sleep. Our fourth room 6th floor seem problem. The staff curteous unable get remove laundry (ironing) charge bill even though never received clothes ironed. We paid around $90 USD/night double occupancy rooms. If ever visit Dubai future, would pay little money higher quality hotel. We would definitely stay one again.",-0.003787878787878788,0.5363636363636365,Jun 12 2007
36,36,"much better expected reading several reviews give much rating expected get paid much.we arrived 8.30 a.m check til 2pm shown seating area offered breakfast.the staff managed get us room hour clean,comfortable bright balcony looking al rigga rd.the much better cleaner standard expected food restaurant realyy good expensive.the pool area roof little shabby still comfortable nice open air bar good staff.i read noise comming bars yes think could big problem 2nd,36d,even 4th floor.we stayed 5th could hera distand banging noise floors must bad aske high level floor book.i would stay next go dubai",0.17962500000000003,0.4503333333333332,Mar 13 2007
37,37,Good three star I stayed K-Porte Inn five nights January 07. It good value Dubai hotels expensive. The rooms small (although balconies) clean. The staff friendly helpful. As many hotels Dubai Arab Turkish nightclub first floor I would recommend getting room third floor higher. I could still bass beat fourth floor room background noise. I try restaurant many options near by. The lobby level bar dark smokey worth visit like kind place.,0.21127450980392157,0.44901960784313727,Jan 31 2007
38,38,"Great We stayed one night beginning June. We arrived 6.30 morning van picked us airport. Even though early morning asked wait 45 minutes given room key invited breakfast well. We found room extremely clean pleasant smelling. The staff excellent, friendly helpful. Nothing problem always nice smile. I think great location, service value. The van also dropped us back airport next morning.",0.3903846153846154,0.6205128205128205,Jun 20 2006
39,39,"better expected I booked travel agent day I due leave. As last minute I expected worse. Good things hotel;Fantastic staff. Seriously nothing problem always kind sincere. The staff made me. Room service. They extensive list right. They also delivered really quick too.Location. If going back Dubai I would like stay part town again. We could walk back Gold Souk night get metered taxi couple minutes. We also close enough abra's well mustBad things?The food breakfast awful comunal area seemed get little grubby show neglect, it.",0.047400793650793666,0.4709656084656084,May 27 2006
40,40,"Nice noisy We enjoyed stay Dubai nice. The rooms clean plenty fresh linen. Lovely refridgerator room. Helpful reception staff good free bus service beach. Breakfast fine restaurant little grubby sticky floor. The noise nighclub loud 3.00am ,when closing, people charging corridor. Overall nice use sleeping base only,but facilities quite lot desired off. Definately priced.",0.27201851851851855,0.7032592592592594,May 22 2006
41,41,"Not bad I read. Pretty good considering I booked (reviews unseen) brother, two boys four nights. Then I read reviews expecting hell.Firstly, staff pleasant. We arrived 10am (check time 3 4). They let us room shower/change/sleep without problem moved us connecting rooms ready. I think cleaned act. We went one nightclub (which empty!) bar restaurant downstairs friendly pleasant. Didn't see signs prostitution anywhere. Lots families restaurant upstairs pool bar. I also read problems noise. We staying fourth floor and, yes, could hear nightclub. I put wet cotton wool ears (having come prepared!) slept soundly every night. I normally light sleeper too, purprised I slept well. Having also stayed Hiltons Westins (particularly St Francis SF thin walls!) noise guests, I find problem. At something like $300 Australian per night two rooms pretty good really.Food quite OK breakfast dinner restaurant. The location central kids amusement park set empty car lot road night rides games everyone loved.On whole, price, I thought K-Porte pretty good. It five star hotel, good budget hotel. It Arabic-style Western hotel, is, all, travel. Who wants go Dubai eat McDonalds (except two nephews is!). For price, I could fault it. I would stay recommend anyone wants cheap, good, clean family hotel.",0.28454545454545455,0.5472727272727272,May 19 2006
42,42,"Good budget Remember, budget - disappointed expectations met!I chose cheap central location. Since change ownership (previously called Gulf Inn), standards improved room spacious, clean, well-serviced daily. There hot buffet breakfast included (cheap) room rate. We also made use free shuttle buses beach airport too. The reception staff came across reasonably helpful friendly. The concierge gave us free map city help us explore.The side music coming club evening, problem many Dubai's budget hotels I've heard. But seeing precious sleep, bother us. If are, ask room higher floors.Go one (a) tight budget (b) fussy.If are, book somewhere else!",0.18138053467000836,0.5784878863826233,May 15 2006
43,43,"Not worth price We stayed 3 nights, 5. floor. The staff friendly, service quite bad : fiancÃ© call reception several times get pincode Internet access (reception call back) ; personnally I appreciate call reception get toilet paper. Though room large bed comfortable, noise coming club (1. floor) made hard sleep. Breakfast ok, accompanied loud tv music. The sauna good, swimmingpool small dodgy ; contrary description says, gym. Our stay K-Porte inn disappointing, go unless hotels booked.",-0.0027142857142857134,0.4414603174603175,Apr 23 2006
44,44,"Overnight stay My Husband I staying Dubai 1 night wanted reasonable price near airport. The Hotel staff could helpful arrived reservation name quickly resolved that, shown nice sized clean room balcony overlooking side street, area around plenty shops look at. We leaving early morning received wake call 4am arrived reception offered breakfast time also complimentary transport airport. I would certaintly use hopefully next time able stay longer Â£60 pn",0.2890909090909091,0.5568181818181818,Mar 6 2006
45,45,"Not good place sleep Providing place sleep basic service provide. This hotel, known K-Porte Inn, makes impossible one sleep. I rooms 4th 6th floor I could get away thumping bass. My room clean, marked cigarette burns smelled beer. Also, shower would get hotter lukewarm. The staff ok, would help hail cab.",0.037500000000000006,0.565625,Sep 21 2005
46,46,"Nice Hotel - Shame About The Music Hotel lovely, staff lovely. Very loud music goes 0300 nightly. We stayed first last night 14 day holiday. The first night third floor. When returned I mentioned horrendous noise upgraded junior suite fifth floor - however - still disturbed music - totally ruins whole image",0.22800000000000004,0.4833333333333334,Jun 6 2005
47,47,"It okay bar dodgy Stayed 3 nights. Staff ok room cleaned ok.Avoid club downstairs, unless want pay 25 dirhams coke (it's 1 dirham vending machine). The dancing girls pretty I wasnt approached anything else :(",0.125,0.75,Feb 18 2005
48,48,"experience gulf inn I found gulf inn unpleasant stay. First impressions nice, clean rooms etc. service bad. cleaner change bed sheets 4 days. Room service repeatidly call 1 order worse bar: evening swamped prostitutes touting clients permitted management. I staying husband sister approached men assumed league girls touting, staff seen allowed they're guests intimidated like appauling. A regular drinker bar(male) insulted husband asking pimp attitude bad language coming mouth utterly appauling yet heard staff allowed! Ladies even travel lift alone chances approached highly likely. I cant express enough appauling beautiful country definately ruturn dubai definately staying gulf inn.",0.006777777777777809,0.6445726495726496,Jan 16 2005
49,49,"Be Warned! I stayed Gulf Inn Hotel 8 nights December. I recommending anyone. It cheap, get pay for! Some clientele frequent bar &amp; nightclub would raise eyebrows - say least! Only rooms balconies, I would advise request room balcony time booking, friends our's stayed time single window welded shut! I got couple bites legs, friends reckoned bed bug bites... also, morning checking out, cockroach crawled shower curtain... Visit risk!!!",0.11696428571428572,0.4799107142857143,Jan 4 2005
50,50,molto rumoroso !! impossibile dormire fino alle 4 di mattina !! staff indisponente !,0.0,0.0,Mar 30 2009
