,Unnamed: 0,Reviews,polarity,subject,Dates_extracted
0,0,"grotty This Aparthotel need redecoration refurbishment rooms. Although clean, fittings bathroom appeared new, tiles around Bath disgusting. The Hotel middle business district totally unsuitable short leisure break 40 minutes away Jumeirah Beach Area.",-0.08282828282828282,0.5340909090909091,Nov 17 2009
1,1,"Decent Budget Hotel My husband I stayed long weekend. The reception staff pleasant helpful. When checked in, leak bathroom ceiling promptly repaired. The breakfast adequate. It good, solid budget hotel.",0.37190476190476185,0.5142857142857143,May 3 2009
2,2,"Don't stay The Pearl Residence unless desperate! I stayed Pearl Residence 2 day stop-over en route New Zealand another 2 days way back South Africa.First all, South African terms, pricey. At around R1 500 per night, money would get top SA. In Dubai, frills, ugly staff really care less.From outside, Pearl Residence looks quite nice slick mirrored windows. That's good gets. The situated Burj area older part Dubai 5 minutes walk Burjuman shopping mall lovely selection shops.My first room situated first floor. The room basic kitchenette fridge, microwave, stove (which work) basic cutlery crockery. There kettle able make tea/coffee bit downer. The decor stuck 80's pretty ugly. The beds hard linen threadbare. The small TV worked 4 channels - 2 English.I'd advise bring along bath towel bathroom hand towel. On plus side, room clean working iron ironing board.The breakfast buffet served every morning pretty much every day. There small selection items including cold cereals, juices, breads, cooked eggs, sausage, noodles peas curried dish.The second room I stayed 5th floor. My travel agent arranged early check-in me, time I wait 3 hours lobby room ready. After 22 hour flight, exactly pleasant experience. There strong constant gas odour many reviewers noted. This room seemed little updated decor-wise still 80's style threadbare linen hard bed. I test stove time.There sparkling pool roof I discovered second stay, well small gym. I test either.The reception staff absolutely interested helping / giving advice. They even call taxi! Don't even bother them. They seemed anxious irritated ever I approached them. All all, pleasant stay basic hotel. Only stay else go. You warned!",0.027796345811051698,0.5235368389780154,Mar 26 2009
3,3,"reception peaple rude dat place depressing,,the staff friendly,and always shortage toiletrys male receptions rude..wud neva go back",0.020000000000000007,0.25999999999999995,Feb 23 2009
4,4,"Don't fooled looks The looks good outside interior much desired. Rooms spacious depressing. Bathrooms leaked. The location good shopping mall behind hotel. Also, night market shopping festival walking distance. Although, want go Mall emirates Jumeirah beach, distance.If decide hotel, difficult find taxi road. Rather go mall get taxi there.Avoid traffic 4 6pm.",0.014285714285714266,0.5785714285714285,May 15 2008
5,5,"Basic Tacky Only Business! My husband i, 15yr old daughter stayed Pearl Residence stopover. The located average area, I would recommend holidays. The foyer tacky furnishings general average. The room stayed bedroom ensuite, seperate living area kitchenette seperate toilet. The walls painted awful pastel green couch chairs living room basic. The bed daughter slept bedroom fine sheets threadbare barely fit bed! There visible stains, room feel properly cleaned all. The staff friendly helpful though, spoke english well. The porters took bags complaint front entrance stairs got taxi. The receptionist helpful friendly organized dhow dinner cruise us night.I would recommend staying Dubai business stopover (and want sleep!), looking save money. The near empty construction lots taxi needed get tourists spots. I would recommend staying Bur Dubai area Deira holiday. However reasonably close airport.",0.04586805555555557,0.44406249999999997,Apr 1 2008
6,6,"Overpriced I stayed Pearl Residence Hotel 2 night stopver Dubai.The rooms big relatively clean. For reason room smelled like gas leaking. I thought bit overpriced location general rundown feeling had.Staff service efficient.You walk reception wireless internet voucher inconvenient expensive.The however 150 meteres walk large mall convenient.In conclusion bad, rundown feeling.",-0.11870039682539679,0.511140873015873,Feb 29 2008
7,7,"Not cracked be. We stayed Pearl Residence sadly dismayed.Our voucher stated twin beds allocated adouble.(I sister) So eventually given room paid superior room given studio.We first arived Sept.3rd 2 nights internet working OR returned Sept. 14th 15th.The scenario greeted us .! A double twin.When asked reception change 100 dirhams something smaller, told go supermarket so!On first visit guest asked umbrella sit pool shade,And told any!On return visit I noticed 2 brand NEW umbrellas place.(At least took notice!)We 4th floor always smell overpowering.We advised travel agent &quot;cos 24 hr check in.Would Not stay again.",0.0595959595959596,0.44957912457912463,Oct 1 2007
8,8,"Disappointing Found Pearl Residence disappointing price (around $200 AU per night) - expected much better. We one room apartment spacious 1980's decor tired room quite dirty (found old food fridge, blankets dirty, floor dirty, shower curtain mould, stains walls etc). Smoke smell prevalent made feel quite ill. The 'free' breakfast also disappointing - limited variety food ordinary tasting. Staff service ok refused book taxis us. Internet service lobby working. Booked travel agent. The reason stayed due 24hr checkin service fine.Definately would stay recommend it.",-0.19793650793650797,0.6289285714285714,Sep 15 2007
9,9,"Great budget hotel! We 3 girls going hen Dubai great place. Close local expat clubs bars, cheap cheerful. I emailed lots silly questions travelling happy obilge. Staff friendly, rooms clean. Would stay again.",0.4046296296296297,0.6972222222222223,Apr 16 2007
10,10,"Great Place To Stay If planning use Pearle Residence Dubai, hesitate worry reviews, excellent service receive hotel. From moment received airport chauffer day checked really felt home .The staff always friendly helpfull. We treated guests. The rooms neat clean, request given staff dealt promptly, room service requesting porter. The breakfast also delicious. Bottom line, receive 5 star treatment hotel. KEEP UP THE GOOD WORK GUYS, WILL Definitely USE THIS HOTEL AGAIN.Rafee TajudienCape Town. South Africa",0.43166666666666664,0.6625,Jan 31 2007
11,11,"bad business practices Our travel agent booked 2 apartments us 3 night stay. We record locator confirmation hand arrived check-in. The manager duty refused honor confirmed rate quoted insisted pay 3 times amount wanted stay there! We refused decided stay elsewhere. The manager said would charge credit card first night rate $259 cancellation fee left. I travel extensively business pleasure never experienced blatant &quot;thievery&quot;. I would recommend hotel. Beware! I sent complaint letter ATEL I waiting reply. On positive note, stayed Savoy Apartments right road wonderful. Nice rooms kind helpful staff.",0.0854954304954305,0.5802260702260702,Nov 21 2006
12,12,"Great place stay I Stayed daughter second time first time 2005 great time, apartment great, weather fantastic. This time unfortunately nice apartment front hardly sleep due traffic night people going work. When booked expedia specifically asked high floor twin beds got neither dont seem take notice requests, I paid quite alot 6 nights school holidays .I would return probably certainly room108.The staff friendly helpul pool area well looked never crowded. We ate restaurant alot room service good standard cleaning apartment fantastic.",0.28668767507002807,0.5977310924369748,Nov 5 2006
13,13,"Not real Dubai ! This reads well internet recommended Emirates Air. Very disappointing, required 24 hour check long flight. This happen satisfactorily. We, families waited reception 7am till 10am get rooms. When limited time Dubai want get cleaned it. They give us ordinary breakfast makeshift dining room. There renovations going I presume dining room coming (although signs indicate this).Having stayed Dubai previously I found Pearl Apartments disappointing (value money)compared I stayed before.To credit apartments spacious clean.",-0.14814285714285716,0.4854523809523809,Jul 31 2006
14,14,"Not baby We one night stopover one year old happy experience. Customer service non existent facilities children equally lacking. The cot provided old dangerous, rooms stank smoke looked old tired. We booked Emirates airlines disappointed.",-0.255625,0.5606249999999999,Jul 30 2006
15,15,Pearl Residence - An Excellent Budget Base To Explore Dubai Good quality suites heart Bur Dubai behind Bur Juman shopping centre. Excellent service round rooms large comfortable. Roof top pool area bit spartan little shade much room play with.,0.22061688311688313,0.6480519480519481,Jul 13 2006
16,16,Loved Pearl Residence I stayed Pearl Residence way back New Zealand ...I thoroughly enjoyed stay ... complaints staff friendly helpful efficient room I stayed recently refubished perfectI definitely stay,0.23892045454545455,0.4380681818181818,Jun 24 2006
17,17,"Good Stop Over Hotel We used stopover Dubai India, returning London. Itâs nice hotel, clean rooms apartment rooms clean well presented. There nice shopping Mall next apartments, opposite apartments apartments (which built went).The one disadvantage rep, organising desert safaris! She rudeâ¦we ended booking independently got better deal. For example rep organised safari day guests. Where booked independently went evening! Much better!Anyways nice small restaurant, good breakfast. They roof top swimming pool, small gym, saunas Arcade rooms. The location ok taxis available often area, problem getting places!All good pay!",0.3516666666666667,0.49250000000000005,Apr 5 2006
18,18,good value This hotel/apt great location near large supermarket.The pool ok great shade ..The rooms large clean ..I would say good value money ..,0.3783597883597884,0.593015873015873,Mar 14 2006
19,19,"Would book On return Australia UK stayed 5 nights Pearl Residence. Accomodation fine ie. clean tidy.The first 2 rooms appointed suitable requested adjoining rooms children,however sort bit wait!Arriving early hours morning would nice tea/coffee room fully fited kitchen bottle water mini bar helped.The inclusive breakfast good therefore chose eat buy cook.Staff, I found friendliest lacked customer service.The worst part closing pool maintenance 3 days holiday letting anyone know would use week!Having 3 kids like use pool certainly downside.For anyone going stay I would say fine basic holiday.Dubai good would return Pearl Residence.",0.15532138496424214,0.5935849467992325,Feb 26 2006
20,20,"Good servicequietclean rooms. We stayed two days Pearl Residences way Australia Europe return. As arrived 5am morning departed 2:30am morning appreciated 24 hour check-in/check facility. No waiting room want shower sleep long flight.Room clean,spacious simply furnished, consisting bedroom, sitting area well equiped kitchen nook refrigerator,cook-top microwave. Bathroom plain clean shower bath.Good supply towels. Washing machine dryer building basement.Our room fourth floor side quiet. No noisy nightclub downstairs plus. The buffet breakfast excellent good choice hot cold dishes.Reception area plain simple staff spoke good english helpful. Location bit walk Creek hot weather taxis cheap plentiful. Just short walk huge Bur Juman shopping center. Resturants nearby Khalid bin al-Waleed Rd.Quiet, clean good value.",0.2110766045548654,0.515734989648033,Nov 16 2005
21,21,"Enjoyed stay Had pleasant stay apartment. The apartment spacious, kept clean, service excellent accessible sites. Good value money.",0.6124999999999999,0.7236111111111111,Sep 15 2005
22,22,malhonete,0.0,0.0,Nov 8 2009
23,23,Beide Augen zugedrÃ¼ckt,0.0,0.0,Apr 4 2008
24,24,J'y retournerai,0.0,0.0,Feb 21 2007
