,Unnamed: 0,Reviews,polarity,subject,Dates_extracted
0,0,"Shocking Service - It's gone downhill This 4th stay Hotel last 18 months. When The Chelsea offered good value money. Since take service ( Reception, managment restaurants) gone downhill dramatically. The reception staff rude unhelful. It took 5 phone calls 3 hours get cable use internet. Drinks food soared price, ( eat chaply 5* Radisson ). The good part indian restaurant food service excellent.",0.19999999999999998,0.6708333333333334,Sep 2 2009
1,1,"Give one miss - 3 star appalling customer service My company using time (since back Chelsea Hotel) time definitely last! Considering Ramadan moment dead - staff still get irritated smallest request question want anything make stay pleasant. They almost snarl everytime ask something!* The food outrageously expensive mostly inedible - went Radisson Blu Deira Creek food alcohol cheaper fantastic!* If get onto internet intermittant.* If request non-smoking room always try put smoking room (so jump little give - try every single time!! However, occasion also put us standard twin rooms booked delux doubles amusement)* The noise extremely smokey bar downstairs keep awake night - forget earplugs!* The reception staff duty managers obnoxious people I ever come across hospitality industry (the waiting staff cleaners actually quite nice)* Management seem give toss nice stay (they believe &quot;customer always right&quot; theory)* We asked recommendation close serving food alcohol (as ramadan many), put us taxi told driver take us. It realised seemed driving extremely long time asked taking us turns heading expensive resort (Jumeirah Meridan) half hour away!! We later worked get kick back resort also send guests use beach (we found went use pool closed!).* The mini bar snacks date overpriced - even get staff top (mine done 2 5 mornings trip)* There NOTHING close hotel. If want anything need get taxi - yes, I know taxis cheap areas stay walk facilities close by.So basically - DON'T STAY HERE UNLESS YOU HAVE ABSOLUTELY NO OTHER OPTION!! IT MAY BE CHEAP BUT YOU GET WHAT YOU PAY FOR!!",0.11091648754409172,0.5257826278659611,Sep 2 2009
2,2,"Excellent service staff could enough please us. We found excellent standard considering price paid. The number restaurants bars downstairs, meant go want to.My friend lovely massage roof top spa I enjoyed getting nails done downstairs salon.The area still built up, lot immediate vicinity, however bell boy reception staff happy organise taxi request.The tourist desk made easy arrange excursions. We would definitely stay again.",0.47575757575757577,0.6621212121212121,Aug 21 2009
3,3,bad terrible hotelbad food terrible sevicenot worth staying,-0.6525,0.7416666666666667,Jun 7 2009
4,4,"Excellent value The rating given set context (for Dubai) excellent pricing reasonable location. This choose spending money rather company's. Rooms spacious reasonably well equipped although bathrooms rather small. Wardrobes OK drawers. Channel choice satellite TV limited. Breakfast included room rate bad, especially consider room rate itself. Pool roof small. Gym good property size/price. Apart breakfast, meals taken limited sports bar - food reasonable, drink prices ditto, band..... enough said. Would ceratinly recommend friends decent 3-Star good price.",0.2768783068783069,0.5943915343915344,Apr 17 2009
5,5,"Too much noise / bad location This bad, rooms actually fine. However, 2 BIG problems. 1. The location bad. Although middel major things / experiences, really nothing close hotel. It located industrial area, take taxi sites . There restaurants within walking distance. 2. The biggest problem noise. There 4 bars / discoÂ´s hotel. You hear music ALL night (until 03.00). In addition also hear sound elevator night. So remember sleepingpills going here.",0.025462962962962996,0.43333333333333335,Mar 21 2009
6,6,"Good service pleasant mid-range I stayed Jan 2009. The location okay since use taxis anyway wherever stay Dubai. Perhaps would good close something taxi ride away course would pay that. The best thing would friendliness staff. Each never failed say 'morning, sir', 'afternoon, sir' similar whenever encountered. Similarly, nice health club falling offer towel, point direction showers even wipe sweat treadmill I finished workout! The pool roof also nice - long enough lengths plus space sunbathers too.I lucky enough get room upgrade owing field employment (travel industry) I can't comment value money basic room. Needless say, room large pleasant.Overall, I would recommend safe bet although mid-range likely blow socks 5-star sense. I add I've used Dubai I'm able give comparison market.",0.2704653679653679,0.6412337662337663,Feb 11 2009
7,7,"Change name surprise Having read reports site concerned arrived Dubai found good value money. Our room clean spacious, staff welcoming nothing much trouble them, helpful. There difficulty getting taxis, reasonably close airport within minutes taxi journey shopping malls.The name change difficulty taxi drivers recognise new name (was Chelsea Hotel). This rectified giving us card name small map.Overall friendly would definitely stay again.",0.15337752525252527,0.42537878787878786,Nov 16 2008
