,Unnamed: 0,Reviews,polarity,subject,Dates_extracted
0,0,"Helpfull Staff For price I expected. I arrived late (3am) due delay flights guy reception understanding helpful. The room quite large air-con worked noisy. The bed comfortable (Double) clean. The Bathroom required little TLC everything worked water hot. In morning, wake call time take airport 40 Dirams. No waiting Taxis.Overall good value.",0.12184523809523809,0.5253571428571429,Mar 12 2009
1,1,I never stay I 4 days friends. The lady front desk really help full.Rooms small according money. Breakfast worst mix tang water give fresh juice. Only one lady guy working resturent. The give south Indian food break fast. Every morning go tell lady dishes need fill in. In night time noise. Cleaning guys smiling face never work.,-0.15416666666666667,0.6366666666666666,Feb 24 2009
2,2,"Worst ever!!! This avoid visiting Dubai. Rooms urgent need updating. The linen dirty. Even though changed.... still contains peoples hair. I stayed two weeks linen changed once. The toilets never cleaned. The room never hoovered once. Even putting sign outside room clean room ignored two weeks. I got food poisoned buffet food restaurant. Whatever do... avoid food restaurant. Getting call taxi nightmare. They fob eventually call one like 2hrs later. One night kept waiting hour decency tell called taxi not. I got arguement duty manager stepped in. He rude arrogant person. He ordered bell boys open doors everytime came hotel. Ever since arguement, never called taxi ever needed one. Luckily, I made friend locally car. This meant I never needed service anything. I used somewhere sleep night. If I hadnt paid full, I would definately moved another hotel. A refund possible either. The lifts also smelt foul. At night noisy blasting music till 4am morning. The windows broken meant room boiling hot could sleep much night road construction noises. The air con work complaining many times I gave interested listening. Its centrally operated air con system meant control it. The overnight stayers club caused much disturbance. They would constantly scream, shout slam doors. I think get image I would recommend anyone. Even single male. Please avoid costs!!",-0.0008241758241758287,0.4829212454212453,Nov 22 2008
3,3,"Not Bad There seemed big disconnect Travelocity Hotel; fixed I pleasantly surprised. As expected cost savings seekers, clean, staff excellent, I disturbance club. If Panorama wants returning guest re-book them, I suggest answer emails sent inreference subject. Because failure answer inquiry I book Panorama again...FranklinTexas",0.15933333333333335,0.504,Dec 27 2007
4,4,"drunk driver Hotels looks OK outside, staff friendly, booked taxi, we've got drunk driver. Rooms cold. Inside old furniture bathroom need good refurbishment. far beach.",0.022777777777777772,0.6499999999999999,Dec 1 2007
5,5,"Bedbugs! The front desk people nice efficient, staff friendly, room bathroom appeared clean tidy. It decided hit sack discovered bed literally crawling bedbugs. I dashed downstairs reception report problem moved fuss triple corridor. The beds bug free decent sleep. The breakfast next morning OK too. So we've mixed feeling - price location hard beat, bed bugs nasty creatures.",0.10324074074074074,0.6048148148148148,Jun 26 2007
6,6,"Looks OK outside.....but Arrived 3 morning find chucking time club hotel, expected I read reviews, expected backhanders receptionist taking arabs wanting room entertain latest pick-ups! All said done given room 4th floor, end hall corner. 3inch gap door floor meant light outside beamed room, however effect sleep aircon louder following nights disco overhead planes. I know booked cheap cheerful read reviews never felt uncomfortable, tired concerned safety ever stayed in! I stayed 2 nights 13yr old would recommend male adults safety reasons. OK area day, easy access anywhere Dubai there, Taxis outside door.",0.1357843137254902,0.5372549019607844,Apr 20 2007
7,7,"Caution Advised This basic budget hotel, If want quiet night I recommend getting room 4th floor club blasting music 3-4am usually populated asians. The rooms best mould round bathroom, however bed clean. It came attention catered mainly men. Which make feel safe wife. The staff friendly even initially messed booking giving us room 2nd floor arrived, 4th I requested. I recommend food, look appealing. This get pay for.",0.20486111111111113,0.33159722222222227,Apr 12 2007
8,8,"(--) place One lousiest stayed life. The front desk lady ( Ms. Sunita) kind enough give us two room s- one 1 hr. late, another 3.5 hr late stipulated time. No water drink, buy water bottle pay 6 dirhams instead 1 dirhams. Breakfast pathetic, stale bread, instead Juice Tang, fruits watermelon, old vegetables. The dirty full mouse. The room boys unhelpful try fleece you. The bar also bad place fat aunties gyrating hindi songs.. So want experience hell , liked cheated enjoy fleecing others please check ask Ms. Sunita.",-0.08999999999999998,0.7077777777777778,Feb 26 2007
9,9,"Cheap budget minor problems The bedroom clean compared Travel Inn back UK. The bathroom required refurb, bath tub cracked patched silicone tub edges bit mouldy. When shower holder sprayed water onto opposite wall would hold shower. The aircon didnât work room luckily didnât take long fix. The room television small fridge ideal store cold drinks. The television two English channels several Asian channels. But donât go holiday watch television. The breakfast room first floor area clean tidy. The complain I breakfast food range limited orientated Asian food. For dinner ate time number restaurants within walking distance hotel; McDonaldâs, Burger King, Fish Chippy, Pizza Hut, Chillis Nandoâs.There two clubs ground floor one fourth floor. From reading previous reviews I requested I wanted room second floor clubs get bit noisy. The receptionist could little proactive - day last day I placed request reception order taxi airport. On day checking I asked booked taxi said no, couldnât get tried several times. We ended flagging taxi main road, took 30mins. They could told bit earlier got little delayed checking airport. At checkout also found someone booked drinks room. We said wasnât us lady reception happy removed.Overall I happy service. Other tips...Thereâs Big Bus Tour thatâs similar red tourist busses get London. We bought ticket reception. The tickets valid 24 hours two routes, one takes city tour (red route) goes beach passing Al Burj Arab (blue route). Note opening hours big bus 9-5 maybe best use ticket one day.At Gold Souk probably get approached number people asking want buy fake watches, hand bags DVDâs. We browse didnât buy anything, lead back alleys room donât alarmed.We booked car day bargain price shop round corner. The driving little chaotic times bare mind decide hire one. The excess car 2000 DHS costly accident. The offers free parking leave keys car valet person.Prices services (something compare too)Metered taxi Panorama airport- 29DHS Metered taxi Panorama airport- 14DHSMetered taxi Gold Souk Panorama- 10DHSCar hire (round corner Panorama) / Mazda 6 - 100DHSBig Bus Tour - 150DHS",0.06463253968253967,0.36227936507936515,Jan 30 2007
10,10,"worlds worst pick-up joint. This 'the' worst place ever. It dirty disgusting pick-up joint!As soon walk bar 6pm, visited numerous amounts woman, asking requests!!!!!! If know mean.The rooms disgusting, music club bellowed early hours, filling whole unbearable noise. If single, little money, dont mind sleeping (totally) rough Dubai, place you!",-0.42581168831168825,0.6467532467532467,Dec 3 2006
11,11,"Clean comfortable Clean, comfortable, good location, friendly staff, reasonable price.",0.4011904761904762,0.6714285714285714,Sep 21 2006
12,12,"excellent got back week dubai named hotel, read good bad reviews little cautious. arrival delighted well located, lovely foyer customer service recived staff excellent. The brekfast provided perfect restaurant immaculate. The lunch dinner (which paid worked less Â£2.50) restaurant also good. The rooms spotless perhaps slightly tired comfortable. There nightclub ground floor slightly worried nosie arrived, allocated 2nd floor room could hear sound!!!",0.3431510416666666,0.583125,Sep 1 2006
13,13,Super! Everything O.K.,0.41666666666666663,0.6666666666666666,Apr 24 2006
14,14,"Don't go This disappointing. Despite advertising airport pick-up request totally ignored. We found impossible stay first room allocated. It stuffy air conditioning nearly non-existent anything help. The window screwed impossible open. We asked change rooms second room inhabitable despite cracked sink leaking bath!. A fellow guest problem decided stay checked immediately go find another hotel. The working staff anxious help us, especially restaurant food good value money, management poor. This experience would wish repeat.",-0.11925925925925926,0.5991481481481481,Apr 3 2006
15,15,"Good value / Rude incompetant management This bargain. Great price, good location. Very clean, attractive restaurant w/good food(if like Indian cuisine). However management terrible. Two us travelling together. I arrived checked problem. Left note colleague w/arrive late pm. I SAW reservation desk staff (the competant management I saw)acknowledgewd it. However time checked later night reservation disappeared. They denied even existed produced conf email. Our travel agent guaranteed them.) He transferred sister Bur Dubai, causing us late meeting next am. The duty manager adamant fault. To make matters worse next evening female colleague stopped drink dinner meeting. The DM duty. We hounded provide ID twice, since like first one. Their implication clear concerned, including her. Suffice say racial profiling going on. She highly offended, we. Their demeanor changed learned nationality occupation. Ugh! The GM never found discuss situation. Disgusting behavior. On plus side, rooms quiet suprisingly nice - much like US motel , clean, attractive modern furniture &amp; decor,, comfortable beds w/ good linens ,w/minibar, cable TV, room service. But beware management, get confirmation fax advance.",0.1401111111111111,0.5550555555555555,Apr 3 2006
16,16,"Avoid This disappointing represents poor value money. Okay, might less expensive normal Dubai standards can't help getting 'ripped off' feeling. I read reviews said rooms small. That understatement. It appears clean badly need basic maintenance decoration. The basin bathroom blocked share cockroach hot water plentiful. Most staff friendly helpful one quite opposite. Our advice would pay little extra avoid one. It potential take shine holiday.",-0.05374999999999999,0.507962962962963,Jan 19 2006
17,17,"What thought........ A 2 star better facilties 2 star hotels Europe - eg prompt room service. The rooms small clean, staff friendly helpful. The buffet breakfast less plentiful, cheap buffet lunch 14 Dirhams.It short taxi ride Gold souk bus stop 5 minute walk away.Do confuse Panaorama Dubai Hotel sister side creek, rather dubious clientele &quot;pub&quot; every night noisy. Very large rooms hot water dirty towels. Also good room service.",0.12873626373626376,0.5276007326007327,Apr 3 2005
18,18,Gutes Preis-Leistungs-VerhÃ¤ltnis,0.0,0.0,Jan 14 2009
