,Unnamed: 0,Reviews,polarity,subject,Dates_extracted
0,0,If want looked stay here. The staff wonderful service I received excellent. Nothing much trouble always friendly smile hello. I stayed one bedroom apartment Privilege Floor. It certainly worth it.,0.4624999999999999,0.4833333333333334,Jun 4 2009
1,1,"Great use kitchen Stayed two nights. Extremely clean comfortable well equipped room. Very good value, close airport great views. Diera shopping centre 5 minute walk everything would need eat buy. Great facilities staff helpful. Hotel restaurant horrible worth trying. Arrived late tired go anywhere. Only one diner restaurant...ominous. Food terrible, service apologetic. Warned breakfast lonely diner, included price! Re-heated microwaved waffles pleasant unless chewing lumps cardboard, get strong bitter taste watery coffee? But kitchen make own. They could little generous towels, one quite enough. Get new chef would great!",0.14808787878787874,0.6955818181818181,May 1 2009
2,2,"Great Rooms Service Loction; Good Value Money My husband stayed Flora Creek 6 nights couldnt find much complain about. From rooms staff even food, satisfied got great value money; one best hotels we've stayed frequent visits Dubai last years.Check-In:Even though checked 8am, quickly found us room without fuss even upgraded us free one-bedroom studio paid unavailable time.Rooms:Both 1-bedroom studio quite spacious microwaves, electric hob, toaster AND washer/dryer combo. The rooms also suitable cookware tableware. The tableware EXACTLY two people i.e. two dinner plates, two forks, two knives, etc. Although I'm sure would trouble bringing additional items we'd requested them, I thought bit sillyLocation:The adjacent mega Deira City Center mall shopping mere 5 minute walk away. The DCC wide range restaurants food court options convenient eating. Groceries purchased Carrefour, also mall. You also get free shuttles many Dubai locations/areas City Center, saving money taxis.Food &amp; Service:The breakfast buffet included room rate adequate good selection hot cold selections. There also eggs station could order eggs done way. The lunch buffet Olive Restaurant costs 49AED great value money. Staff always friendly eager help nothing much trouble. The negative made bit fuss I asked breakfast packed go instead eating restaurnt. They eventually I felt really shouldnt big deal.Getting Around:The close airport (about 15-minute drive). If dont lot luggage, take bus (I think C8 goes Zabeel Park via Baniyas Rd) airport bus stop front hotel. It costs 2 AED MUCH cheaper taking airport taxi starts 20AED. The bit far (abt 25min walk) Abra (water taxi) station Bur Dubai again, take bus stop front hotel. Taxis relatively easy find doorman always happy call one need it. Check-Out:Fast, efficient no-fuss. The provides complimentary shuttle airport top hour book hours advance.Word Caution:There's another owned FLora Group near property called Flora Park potentially confusing taxi drivers who'll take Flora PARK instead Flora CREEK. Also, there's service lane main road (Baniyas Rd.)that passes front cars take fairly circutuous route get entrance hotel. Most taxi drivers know road beware. Sometimes easier get dropped bus stop main road front cut across grass entrance.All lovely time Flora Creek would hesitate stay",0.24812925170068026,0.5314058956916098,Apr 7 2009
3,3,?????????????,0.0,0.0,Jun 17 2009
