,Unnamed: 0,Reviews,polarity,subject,Dates_extracted
0,0,"Dooobai nice hotel, central location, cool, good-looking chicks disco friendly ukrainians teh coffee shop, shame pool always sea.",0.33125,0.6,0.6
1,1,"Good Location service hit miss Stayed Holiday inn 4 Nights, location great, room upto usual Holiday inn standards, however service hit miss, I call front deskk 3 times Hot water made available room, getting Iron ironing board challenge, call 4 times made available.The put paying $160 per night, I pay internet connection!!! Swimming pool roof top basicApart this, I think good hotel, 5 minnute walk front train station handy.",0.4756944444444444,0.5722222222222223,Nov 1 2009
2,2,"It terribel dont think go again. This controversial; location might appeal lot people due fact itâs located near many traditional attractions, like Spice souk etc. However, peak time, Hotelâs nearly impossible located two major streets connected narrow ones, surrounding hotel. Luckily, metro station 1-2 minutes walk away hotel, might perfect solution, many stations throughout Dubai still construction. My friend smoker, room really smelly carpet disgusting, I believe non-smoking room, would much nicer. To surprise, mini bar key locked sealed plastic ring, opened upon request. Bathroom, unlike room, roomy, clean comfortably white (I hate colorful bathrooms). To fair review, service staff amazing, I remember I asked many things including adapter, Nokia charger, ice.. provided quickly big smile. To tap up, smoking room: bad, Location: recommended, service: Excellent, standard used Holiday Inn, They must visit check",0.1434195402298851,0.601551724137931,Nov 1 2009
3,3,"Not recommended This located old area Dubai (Deira, near Riga street).The clean, issues:- night club 2st floor, itâs loud, couldnât sleep.- internet free, even lobby.- parking available guests, come early find good parking.- rooms small.",0.1106060606060606,0.5181818181818183,Sep 9 2009
4,4,"DUBAI = beautiful city. HOLIDAY INN DOWNTOWN= extrodinary service. I normally take time write reviews, recent stay Holiday Inn Downtown Dubai, I somehow feel need tell everybody exceptional recommendation must. My mother I booked holiday Dubai, Greece, Croatia, Serbia, Austria London. We went travel agent organised accommodation flights. We settled holiday inn downtown new Dubai know expect knew Holiday Inn well known. We bit hesitant arrived Dubai airport. Travelling 15 hours Australia expected. We transfer pick us airport within 10 minutes hotel. The moment stepped automatically felt relaxed ease. Our check experience fantastic staff greeted us graciously. The amount respect kindness staff unbelievable. We felt special guests number like usually treated hotels. Joy, gentleman worked lobby fantastic. He told us everything needed know Dubai, key places visit, key things try key shopping areas make stay. He always cheerful helpful. He really one kind. Breakfast exceptional. We met lady name Nilan always made sure everything needed without ask. She also friendly woman, always happy. With attitude like made us really look forward breakfast day ahead. The cleanliness rooms excellent temperature excellent. The cleaners always asked us would like room cleaned catered apposed hotels convenient them. Mohammed security guard always made us feel safe secure, felt could knowingly leave hours worry things anybody trespassing building. There also another lady books tours, I cant remember name, however friendly informative catered needs. The facilities fantastic. There gym, pool, bistro, bar room service. And view top lovely. I recommend desert safari tour, city sights tour dinner cruise tour get chance ever visit Dubai booked hotel. Dubai beautiful city mum I absolutely love I would go heart beat. But I know staff Holiday Inn Downtown, probably open experiences would appreciated place much do. We feel forever loyal Holiday Inn Downtown whenever I get chance go back Dubai I know I need worry accommodation I definitely staying. We halfway trip honest pretty disappointed accommodation far. Holiday Inn Downtown really set bench mark I believe nearly impossible beat. Thank staff Holiday Inn Downtown exceptional service definitely see soon! Vesna.",0.3095131992190816,0.674474436239142,Jul 15 2009
5,5,"My Experince Holiday inn Dubai town. This word âthank youâ also express sincere thanks entire team HI Down town colleagues. Hotel service standards tremendously improved last visit. This really remarkable achievement.My self wife room 725 21st May 24th May 2009. During stay HK colleagues extremely helpful taken care us well. The room supplied adequate amenities always well maintained IHC standards. Overall Room Attendants Sankar &amp; Iqbal kind generous meet requirements. The front office concierge Shakeel helpful even driver, sorry I forgot name, assist send âHotel show brochuresâ Saudi Arabia post office. So many colleagues, sorry I canât remember everybodyâs names, also attentive request helpful stay hotel.Service Reservation, Reception, Room service Lobby tea lounge extremely standing remarkable. Keep good spirit.Kindly covey best regards colleagues I wish success HI town future career.Wish pleasant summer. Thank",0.2054597701149425,0.5364942528735633,May 27 2009
6,6,"Ignore reviews We come back four fantastic nights hotel. It located heart Deira, within walking distances creek, motor taxis, gold spice souks short taxi rides Emirates Deira malls. The staff friendly, room spacious spotlessly clean, breakfasts varied tasty pool well cleaned maintained. There nightclub 1st floor located 7th floor noise disturb us. All super experience I would hesitate go back stay there. As review said dirty dusty - city building new underground system - building works going everywhere - YOU ARE IN A MIDDLE EAST ARID DESERT ENVIRONMENT - WILL dusty!",0.01722027972027973,0.4439393939393939,May 3 2009
7,7,"Practical Place Business I trusted Priority Club &amp; booked almost blindly, pleasantly surprised frontdesk upgraded executive floor. Rooms comfortable well furnished, though smallish. Free Internet room good speed. Breakfast next day opulent practical good selection breads, meats , fruits made order eggs. Late evenings, adventurous step 1st floor 'colorful' night clubs .. activity till quite early morning. Haven't checked though.Good part well located reachability perspective ample places nearby , want eat out.Lounge small practical business meetings. Overall practical business hotel.",0.16785714285714287,0.5190476190476191,May 1 2009
8,8,"Do Not Stay Here Unless want stay near Deira (or airport) must stay IHG property (Intercon Crowne Plaza Holiday Inn) â DO NOT stay hotel. Its beyond able sustain Holiday Inn brandâ¦ Great Location, good Front Desk staff. The ambiance furnishing smell noise environment appallingâ¦ There small pool rooftop (no views) 3 weird looking rooms I assume either run bars shisha corners. It seems open late noise people walking stairs keep awake night (specially staying â Executive Floorâ). For reason able leave bags storage, (like me) planning overnight trip Abu Dhabi UAE location, becomes huge inconvenience. I didnât understand vibe first, reading review Trip Advisor escorts offering services hotel, falls place â huge mess. Staff polite attention detail â asked internet code given scrap paper guetsâ information (address. Rm number amount paid) back!!! â I mean, careless get? Yes, nice location, 15min airport, stay somewhere else, cannot possibly bad!",0.01285548941798941,0.5867377645502646,Feb 13 2009
9,9,"NIce Brothel - Stayed business collegues. Our first experinece type Dubai. We always stayed hoilday inns crowne plazas around world first supplied 'Extras' know mean. During business drink asked young lady wanted company, declined thi offer stuck around left. found everynight pestering us stay. got point never went knew would found hidin her. The indian disco experinece although dont need attend hear music. ever floor hear music using stop get sleep forget goes 3am. The food good pool death trap broken tiles pool surrounds. There 2 sun loungers extremly dirty, (Dont believe pictures web site). paid approximetly Â£100 per night even price Â£50 still would never stay. I emailed Hoilday Inn return offered 20000 bonus points said would contact hotel, looking otehr reviews dosent look though changed it. I carried complaint eventullay given total 70 000 points compensation. The sooner Hoilday Inn remove group better brand grow espesially class hotels Crowne Plaza sheik Zayed Rd (one best hotels ever stayed) opening new Crowne Plaza Festival City (which cheaper Brothel). Did mention thenight club also filled women selling thereselves?",0.06382575757575758,0.5296506734006735,Jan 2 2009
10,10,"Dubai come I took family holiday Dubai. I booked two rooms thru Priority Club. The room charges way much (Dhs 835-934) compared 4 Star vacinity. The Only reason I booked name (Holiday Inn). The area close filthy dirty full oil stains. Lots papers lying around.The swimming pool standard 4 star hotel. The pool filthy attendants look you. The sun bathe chairs filthy dirty.The food average. The worst part Indian Disco club Ist Floor owned Holiday Inn Group plays loud music 3-4 a.m. I think looking back, I made terrible mistake staying Holiday Inn, Down Town Dubai. I certainly would recommend anyone else.",-0.28351686507936513,0.6365823412698413,Dec 8 2008
11,11,"never stay bad 4 star hotel! I booked travel agency period Oct02 till Oct06 2008 friend 650 DHS. We arrived 09:00 waited room 45 minutes according receptionest room ready yet room service needs prepare clean it. After checked 10:00 got room beginning room already renovates new.Firstly, minibar (fridge) working drinks inside hot also cover pillows dirty talked room service say ok going change pillows fridge. slept 2hours got back remind 2 issues got back 5 hours found nothing happened I call come room maybe 30 minutes came changed pillows took fridge beginning I thought technician take fridge replace new one waited one hour I called said fridge right bring us new one tomorrow , I told kidding. directly I requested speak manager(after many tries receptionest know what's problem) I talked manager I think Pakistan issues said promised things happen again. Also arrived reception insisted passprots, however ID cards(there agreement among Gulf countries citizens travel amongGulf countries ID cards need passports) like Europe mistake I copy passport car I have?!? even parking small sun roofed. Finally I believe manager know manage appropriate way. Also staff friendly.",0.10238610595753454,0.5372129457843743,Nov 29 2008
12,12,"Worst I ever seen I seen lot hotels nothing like one.. even decide pay Dhs 500 hotel, trust way much.The room size okay, go little check walls, carpet, find stained. The furniture dusty matter many times come clean it, simply dont clean well.The vicinity oh sooooooooo dirty!! YUCKKKKK..Lots bits papers lying everywhere.Ask front desk staff anything make face like giving information favor you. Never smile faces trace. This person Sohel ( dont know I spelled right) always frown creasing face. Doesnt feel welcomed. An absoloute unprofessional behaviour.The gym okay pool filthy. Also lifeguards. Is'nt lifeguard's presence normal, especially Holiday Inn branding behind it???The check take much time I say get checked in, definitely wait nothing less 20 30 mins.Food average preparations choices everyday. Nothing changes right breakfast lunch dinner. If looking pub bar choices find plenty, comes retaurants uh uh.. nope nope nope. Either eat hotels one restaurant go out. But come back late wont able sleep till atleast 2 am. What pubs keep banging music eardrums.If enough. The staff servicing food beverage areas tie hair buns wear plaits ponytails. And 4* Hotel.. Doesnt seems so. Its fit 2 star lower that.This place definitely suitable business travellers eventhough closer airport.I would never come ever again. There lot hotels Dubai, little money would give peace.",-0.0029236694677871175,0.5425070028011203,Jun 7 2008
13,13,Stay Away The reason I booked Holiday Inn. Bad decision. The staff terribly friendly seems understaffed. The rooms ok. They old need renovating. There annoying night club first floor plays loud music 3am. I 7th floor could still hear it. I recommend staying opposite side hotel. I booked non-smoking king bed Executive room. It waste money. There nothing special except get trouser press iron/ironing board. I tried restaurant top floor good. There plenty hotels Dubai I suggest looking elsewhere.,0.04766483516483517,0.5054945054945055,May 25 2008
14,14,"bad review said I read quite reviews holiday inn I must admit worried me. I honestly say pleasently surprised, smell old smoke. The bedroom clean large quite well equipped. The posh like would expect dubai location really good could walk places hotel. The creek well within walking distance. would recomend fairly cheap convenient. The travel /concierge girl really good really helpfull, gave us lots ideas nothing much trouble.",0.18971088435374148,0.5050170068027212,Mar 17 2008
15,15,"Would recommend Although advertised 4-Star hotel, guess somewhere 2-3 star. I booked stay 2 nights barely managed stay 14 hours. The lobby ridiculously small smelled tobacco. The property understaffed staff Reception ill-mannered. I went executive suite joke. Other large size, nothing speak off. The property tastelessly furnished poorly equipped. Would never recommend property one.",-0.18511904761904763,0.4672619047619048,Oct 22 2007
16,16,"Not Bad Not bad hotel.Front desk helpfull concierge knowledgable area within 10min organised chauffer short notice.During stay disturbed noise, maybe business floor, however room lighting poor, I open drapes lighting. The room spacious basic (nothing fancy) bit dated maybe, good enough short stay. Even though designated smoking areas, stale odour cigarettes cigars cannot disguised....",0.10769230769230768,0.45064102564102565,Sep 10 2007
17,17,"YIKES well......i excited 4 nights dubai, must say i'm impressed. On arrival, porter nice, couldnt help us enough, Reception staff bit off, smiley happy see guest. felt though we'd put out. Room clean basic dark. Bar staff ok, again, enthusiatic friendly. shocked at, &quot;night club&quot; actually brothel type affair! poor women dance stage horrid leary old man puts necklace one means 'sold' hour. YUK. didnt think sort thing went dubai.The bistro restaurant food vile. cold greasy priced. dont eat there, billabong bar closed. disappointing trip.",-0.012786774628879893,0.5618016194331983,May 26 2007
18,18,"Could lot better Arrived 6am book two nights given room within hour help flown Bangkok tired. The reception staff pleasant. The room big, well furnished clean - much outlook though. However servicing room poor. First ask tea making facilities, towels face cloths. The fridge obviously cleaned while. The next day went 10am. return 4.30pm. found room serviced hang pool area hour done profuse apologies manager. Although phone working day next day left struggle downstairs luggage. The method getting taxi concierge stand outside flag one passed could yourslf. Did try food thought 63drms. expensive breakfast. Heard noise club saw ladies night although age (72) room reasonable early. Having stayed weeks Al Sharjah Holiday Inn, two Bangkok one Singapore trip disappointed one consider good value money.",0.0402116402116402,0.4042328042328042,Feb 1 2007
19,19,"** Avoid Can ** I recently staying Downtown Holiday Inn.It time Arab Health Conference Dubai hotels full, choice stay here.I stayed many Holiday Inns worldwide way compare I stayed in.The Deira nicest areas, frequented dubious people going nightclub situated hotel.My room third floor noisey club, bathroom mould growing bath.Going particulary feel safe need aware going around you. Dubai pretty crime free singe females need aware.There lots choices nearby, Traders Reinassance, full avoid can.We eat others said food particulary good.",0.3181818181818182,0.48181818181818187,Feb 1 2007
20,20,Not bad The Holiday Inn located Deira Dubai fairly good value. The rooms good king sized beds clean. The location bad get better value area opinion. The front desk staff effecient especially friendly bell staff helpful. The large bar first floor rather empty early evening. It seems get going later night. If like pool good tables. If get room $200 bad place stay.,0.2967658730158729,0.471031746031746,Jan 31 2007
21,21,"Never Go Downtown !!!!Trust Me I Swear !!!! On 22nd July went Holiday Inn Downtown staying Renaissance Hotel week , Obviously two days Dubai left chill couldnt. The Club known 5th Avenue rented premises dont care whether stay would charge 50 dhs entrance fee day, Somehow managed get thanks amazing bell boys Hotel harrassed drink something get lost, The Bartender/Owner rude, can't guy take nice juice club ,check chiks pick ! well one. Secondly thought bad night called day left within one day given dead line 2:15 pm told keep stuff lobby, Everywhere would find amazing 29 dhs deal perfect chicken beef burger, thats posters say, But get deal off, The Phone bathroom broken, however bed room good shape. The Reception TV pathetic better alaska Papua New Guinea. The Lady Reception rude, Only Reception guy Egyptian Origin friendly comes 4 pm shift, Bell Boys like Shakeel Hotel Boys Like Hasif along Basheer friendly perhaps seniors learn. Even bring girl clubs would thouroughly asked whether room allows female ? The Point someone Dubai books ,is stated form room allows female single standard room? You call 4 star. Mind You Tooth Brush Tooth Paste Request case dont bring own!",0.08944203944203943,0.5266233766233765,Aug 3 2006
22,22,"As good Holiday Inn anywhere I stay I often stay Holiday Inns visiting US found acceptable, I put reviews. So Dubai I decided drop check out. This modern purpose built Hotel lively area Diera district downtown Dubai. It near Airport, Creek, Dowe Warf Soulks.When I called I told I would like see rooms possibility I might stay future trip. The doorman could welcoming helpfull. The man reception pleasant helpful, maybe friendliest met Dubai, hesitation getting doorman show us around bedrooms.The rooms good much Holiday Inn standards, clean, good order facilities would expect modern hotel. In city 5 star hotels abound might feel keeping Jones's resonably priced Hotel 4 star place seems pretty OK me. Reception lively place restaurant serves snacks meals 24 hours day. So budget want somewhere nice lay head ib Dubai, stay here. If money object would like spoil yourself, go somewhere else.",0.38192513368983955,0.548921568627451,May 22 2006
23,23,"Please DON'T go unless want get ripped !! I choice use Holiday Inn DT Dubai week I get exhibition period. They cheated sly room rates, using busy exhibition season. I respect founder Holiday Inn, time I'm disappointed Holiday Inn Downtown Dubai.",-0.2916666666666667,0.7583333333333334,Nov 26 2005
24,24,"Pleasant .... I alongwith family stayed Holiday Inn Downtown Dubai 22nd OCT 2005 TO 26 OCT 2005.We occupied two adjoining rooms.I really worried read various comments staff already made booking seeing review.Contrary negative comments found staff friendly cooperative,roome clean spacious room services uptodate.We comfortable stay never experienced noise.I really pleased overall friendly homely atmosphere found much better various hotels even UK,FRANCE AND USA stayed previously.But last day stay made bitter lady receiptionist duty told us rudely around 12 noon vacate rooms agree pay extra.We told flight around 5.30 PM shall leave around 3.30 PM insisted extra charge.We agreed option vacated one room shifted luggage caused us lot inconvenience.Later checking out, mentioned gentleman duty nice cooperative fellow unpleasant experience consulting duty manager agreed charge extra 3 hours.It pleasant experience every body cooperated except one.DR SAFDAR HUSSAIN BRUNEI DARUSSALAM",0.14140151515151514,0.5661363636363635,Nov 14 2005
25,25,"Got great Holiday Inn I'd booked Holiday Inn Downtown read reviews. Aprehensive understatement reading reviews.The Holiday Inn pleasant experience. We arrived 10:30 morning warmly greeted staff shown room. If stopped Holiday Inn previously experienced room wise get. The rooms spacious clean facilities expect. The room cleaned every day. As noise, 6th floor hear thing.The pool pool area small quiet (well certainly visit). There cafe rooftop provides snacks drinks. Again attentive friendly staff.There extensive breakfast proivded 06:30 - 10:30.The location great looking experience heart Dubai...the gold spice souqs, shopping, nightlife. All areas easily accessible taxi (one point mention, require taxi ask normal taxi tends put nice leather seated cars double fare). I imagine could find company people described reviews night honest looking act base explore Dubai can't go wrong. Go night within short distance find plenty eat see. If looking want leave book 5 star like Le Meridian Hilton.",0.2790584415584416,0.6456709956709958,Nov 9 2005
26,26,"I satisfied Hotel enjoyed stay Having read reviews going I apprehensive say least.The staff proved helpful polite. The rooms although large, adequate use base sightseeing etc. They clean cleaned daily.The swimming pool although small clean area well presented.The meals Breakfast. The buffet checked regularly standard food good.I understand problem noise Nightclub, side Hotel bothered noise level high vincinity. We kheard noise corridors guests.",0.058537414965986405,0.5449162742019885,Aug 28 2005
27,27,"Great time Holiday Inn After reading earlier reviews I little worried. I can't believe earlier reviews genuine except small truth them. I find one staff member try helpfull possible. I 3rd floor 2 music bar I heard music 11.30pm 2 occasions, loud. The swimming pool roof fine. The courtesy bus beach every day bar Wednesday (we told go Wednesday) The Australian bar fine locals use it. I find seedy although one night elderly guy 2 younger girls. The rooms large possibly little dark 45Â° outside Air conditioning worked fine. The food breakfast good good service. All found good 2 weeks. There one thing though, mondays seem reset door card means can't get go reception reset, immediately.",0.21779503105590067,0.46037267080745337,Aug 15 2005
28,28,Reception Staff Horrible Myself boyfriend stayed 3 nights JanuaryFirst found reception staff completely ignorant unhelpful.Rooms dark stuffy.Don't go austrialian bar...its kip rip off...Seedy clientele.Don't waste money...,-0.3125,0.44999999999999996,Apr 19 2005
29,29,"Tatty bordering rough If mind staff rude inefficient, diry, tatty room, dark lobby prostitutes arguing clients late night might OK here.The Holiday Inn Deira base colleagues business trip - moved elsewhere two nights.ROOM - sheets etc dirty generally tatty.LOCATION - brilliant. Deira home gold souk etc easier based elsewhere get cheap taxi. It HARD find taxis here...presumably frequent smarter hotels.STAFF - rude people reception. They managed cancel colleague's room, arrived plane midnight nowhere stay ended booking uber expensive Sheraton.INTERNET - room dial-up, broadband.GYM - tiny, one running machine, one bike, weights. BAR - idea...didn't fancy it.FOOD - breakfast buffet limited choice.PROSTITUTES - always hanging lobby evenings... that's fine BUT woken 3am one violently arguing client money outside room...... well...CONCLUSION: give miss unless get really really cheap deal standards!",-0.13462732919254658,0.5536749482401655,Apr 1 2005
30,30,never stayed 3 nights shopping festival wil never go back. Room serviced without ask. No fresh water. awful outlook private balconies. Reception staff rude unhelpful. We reserved 3 nights advance 2 nights asked note door settle 2 already. On calling reception said would settle altogether check out. They agreed returning found locked room !!!!!!!!!!! Neither cards worked. They asked settlement 2 nights spent payed 3 altogether re-set key cards. parking limited good area. Windows room open all. The bar draught beer ordered draught cider brought opened bottle strong cider table. We eat can't comment food. Stayed hotels world worst ever come across .,-0.1732936507936508,0.5678373015873016,Mar 15 2005
31,31,"Disgusting place My husdand I stayed Holiday Inn Downtown 25th December - 31st December 2004.When arrived room 5th floor second night asked moved another floor due noise nightclub first floor.Bar nightclub filthy lot undesirables dance floor.We found staff right rude, especially staff reception area.Swimming pool roof top disgusting, looked cleaned months.Would I go back - never. Would recommend dog.",-0.19540343915343916,0.552744708994709,Mar 11 2005
32,32,"Do Not Stay At This Place This Holiday Inn Downtown Dubai disappointing. The dance club music loud, majority personnel reception desk clueless anything we'd ask. The beds horrible. Enough said.",-0.4125,0.8525,Dec 16 2004
33,33,"Wouldn't paid it! Let start saying I pay I competition holiday Dubai, but.......well, rooms big dark seedy. room 5 floors nightclub could hear music coming club room next us. luckily tired nights care.bar full dodgy 'ladies night' generally dodgy area.hotel nowhere near beach pool use went spent 40 quid going jumeirah beach every day! (well worth it, way)",0.07611111111111112,0.36694444444444435,Dec 9 2004
34,34,Un hÃ´tel correct ni plus ni moins,0.0,0.0,Apr 16 2009
35,35,??????????,0.0,0.0,Jan 5 2009
