,Unnamed: 0,Reviews,polarity,subject,Dates_extracted
0,0,"Excellent Excellent food, comfortable, friendly staff, I absolutely loved &amp; would recommend anyone going Dubai.",0.719,0.86,Sep 20 2009
1,1,"friendly courteous stay vey pleasant,it front burj tower.Taxis arranged pick us hotel.wonderful breakfast.nice location.courteous friendly staff.able accommodate needs.vey nice location go different places.very quiet even middle busy road.we used pool fitness center.very clean.",0.26851851851851855,0.5481481481481482,Jul 30 2009
2,2,"New Facilities Excellent Service This new outside downtown stretch super sky scrapers. The location ideal -- bad either, actually -- rooms spacious. With $200 rate ended suite kitchenette, would ideal except staying one night. The breakfast buffet (included) tasty diverse without overwhelming. Just enough hot foods plenty pastries/cereal/fruit.The staff exceptionally helpful. Bryan reception assisted reserving rental car even task complicated fact wanted take car UAE Oman. Later, came back town waiting flight, staff graciously held bags offered assistance directions Jumeriah beach 1 (10 minutes away cab). Later, rooftop pool, pool staff offered complimentary juice fruit -- refreshing pre-flight snack.",0.20613636363636362,0.6121212121212121,Apr 28 2009
3,3,"PEACEFUL spacious If looking suite without bling, great place stay. Large lounge tasteful furniture decor, open-plan kitchen, good sized bedroom plenty storage comfy king-size bed great en-suite bathroom walk-in shower. There also separate guest WC main living space. The breakfast room/restaurant peaceful comprehensive buffet. The rooftop pool lovely, generally quiet wonderful views city roof get right amongst downtown. The service friendly, low-key also good gym internet access. The drawback completely dry bar area (probably blessing over-indulging Dubai's hedonistic delights). There however fridge room, make entertainment necessary. We would definitely stay again, though Iike things UAE pretty tricky find steam!",0.37613636363636366,0.6627705627705628,Apr 11 2009
4,4,"Excellent Value Money! For starters way anything less 4* property.Everything clean, amenities new furniture, decoration etc. classy comfortable. Check staff extremely helpful, reception great overall.The complaint much location, rather detour need make one side Sheikh Zayed Road, Dubai Mall. If driving, get confusing may take get back track, taxi knows he's headed, whole detour adds 15 min, that's middle rush hour.Otherwise, location perfectly close everything - 30-50 AED taxi ride everywhere.Both kitchenette regular rooms suites clean useful, supermarket next door helpful.Still, food delicious expensive either. 24hr room service great.The active busy, I personally preferred, regular meetings conferences. It's place hang hours, definetly great sleeping, eating, resting etc.Also parking garage underneath easily accesible main road.Overall highly recc. it!",0.1778579501306774,0.4988867697958607,Mar 31 2009
5,5,"fantastic place I selected villa rotana fantastic reviews read trip advisor.I visited dubai husband baby 7 months age,we really enjoyed stay nice place .first location fantastic one important roads dubai shiekh zaid street,also ther super market cafeteria behind next ther dunkin donats basken robins walk 500 meters mazaya mall huge supermarket called safestway spinnys.we got wonderfull welcoming th friendly receptionists,they welcomed us gave card room baby rest untill husband make check in,and I aske baby cot baby 5 minutes houskeeper knocked room carrying colorfull baby cot baby.the room beautifull clean bathroom,tidy bed ,nice LCdDscreen TVand clean small american kitchen nice facilities kettle boiling water complimintary bottle water tea coffe packets also toaster iron iron table included room.the dinning area take break fast really elegant.the swimmig pool top building see dubai nice view.after I checked I remembered forgot camera cable drawer room ,I called reception asked it,they found kept reception take backe.I stayed Dubai 4 days really enjoyed may stay villa rotana,and advise family baby coming dubai stay quite,wonderful location ,good price frtiendly kind staff.thanks alot staff.",0.3600666666666666,0.6870666666666666,Mar 16 2009
6,6,"Undoubtedly BESTvalue money!!! I booked Villa Rotana seeing good reviews TripAdvisor really amazed fantastic place price. I booked thru one well known sites got unbelievable deal double suite ---- paid 700 USD 4 day stay breakfast!!!! I later told rack rate FOR ONE DAY!!!! The location great, room service top class, food quality fantastic good value too!!! one night placed order 3 am, promptly delivered prepared well too.To cut long story short get price I did, even Burj may good choice unless get complimentary ;)) I think another reviewer said something similar -- completely agree him/her",0.24999999999999994,0.49880952380952387,Mar 10 2009
7,7,"Perfect Location Perfect Facilities I could never asked more. My spouse actually âresearchâ find best right price four us (2 adults 2 small kids) reviews TripAdvisor made us choose hotel. We made right decision. This perfect us. I wish could stayed longer 3 nights. It beautiful indeed. The architectural combination contemporary classic designs. I loved lighting effects external facade night.It located along Sheikh Zayed road. Not I problems taxi drivers find it. The main thoroughfare Sheikh Zayed road (a 6-lane highway uninitiated). This others actually located along inner road highway taxis zooming along inner road every minute I recall. Stayed 3 nights never waited longer 2 minutes wave taxi. All taxis metered. Cost us Dhs13 go Dubai Mall. On last day going airport cost us Dhs30. The private transportation bellman offered us MPV Dhs80 thought quite high side since first arrived, rate airport Dhs50; MPV too.We arrived slightly later 2 pm room ready. The staff told us since requested non-smoking room, needed housekeep suitable one us. I made booking one popular travel websites online. We given room facing back (so I could give feedback often-quoted ânoiseâ busy Sheikh Zayed road). We offered complimentary orange juices waiting room ready, I really appreciated.The room liking, minimalist decor main wall remained plastered (blocks). We stayed classic suite kitchenette, bedroom, bathroom living area. There large flat screen TV beautiful red reclining sofa see website. The white sofa living area comfortable. There another small bathroom living room donât need rush main bathroom enjoying meal watching TV. The two bathrooms really helped us especially 2 small kids around. There also another TV bedroom.The kitchenette utensils, pots, pans complimentary tea/coffee making facilities. My spouse actually managed prepare sandwiches toast. A toaster microwave available. There washing/dryer machine complimentary detergent. In short, everything would ever need furnished apartment there. The bathroom nice, slightly narrow 2 persons pass much concerns.The cafÃ© opens way roof makes feel large. Breakfast spouse I included package. The kids ate free. They wide continental selection dishes choose from. You could get groceries nearby. There mini market back next mosque. I never venture buy things I would assume could get basic amenities food supplies there. The store looks quite decent room. Our room faces back parking spaces. It always treat kids see double-coach bus plying street quite regular schedule. At one time, even thought taking bus trip never materialized.Next Dunkin Donuts Coffee Beans (or Starbucks) case need satisfy cravings. A little walk Mazaya complex, I think shopping complex although huge Dubai Mall Emirates Mall.On rooftop beautiful outdoor swimming pool. I told pool temperature-controlled. We went snap photos. I chance swim always around checking Dubai city. In case need sweat out, also gym.If really looking good place stay amenities right location, perfect hotel. For price I paid, I could never asked more. The Burj Dubai clearly visible main entrance (the fact is, practically visible everywhere) could get whole view top photo-op. For closer view majestic tower, take trip Dubai Mall check one wings takes breathtaking view it.",0.22698755633940818,0.44242918946622634,Feb 25 2009
8,8,"What Hotel! Very good hotel, got upgraded suite studio surprised immense size place. Large Plasma TV living room/kitchen minimalist dÃ©cor trimmings. The bedroom large plenty storage large amount effort put lighting plan. The bathroom excellent thing missing hair dryer strange. Extremely good value, booked booking.com. I would definitely recommend challenge anyone find better price Dubai.",0.2843956043956044,0.614945054945055,Nov 17 2008
9,9,"Blissfull contemporary artistic loft feel... After drab priced dispiriting plastic box spaces, joy find modern twist. This got one hidden gems Dubai. If like minimalism, exposed brick, halogen uplighting, hard surfaces without fluff, kinda place. Suitable creative types, designers artists. Massive plasma TV, cool hot red lounger, magazines good working desk. Hard wired net connection little slow, wifi patchy lobby, bound sorted. I give upgrade 1 bedroom unit extra charge. Staff friendly. Roof top pool real nice too, great view suburbs. And side, shadow mighty Burj, tallest building world.Stay want near downtown...and want peace quiet.This middle summer, bargin options abound.",0.2064814814814815,0.5114197530864197,Aug 12 2008
10,10,Quiet Lovely This beaten path great view rooms luxurious comfortable. The lobby interesting pebbles beneath glass floor. The pool roof warm. Hard cool here. The breakfast great. Really enjoyed hotel. Not much else say it.,0.3781944444444445,0.6045833333333334,Jul 3 2008
11,11,"Great room service We stayed Dubai three night stopover way back Australia route Glasgow. I searched days internet would sleep us (our two children aged 2 1) reasonable price. I thought I must reading rate Villa Rotana Suites incorrectly reasonable, one bedroom suite suited needs perfectly. I organised car collect us airport - easy luxurious expensive. We arrived 7 morning I fully expecting wait lunch time check in, breakfast 8.30am, suite modern large. We used roomservice twice every night - kids asleep, ourselves. It ridiculously cheap. The kids meals Â£2.50 portions generous kids shared one meal. Our dinner Â£8.00 main course. It seemed menu price dining restaurant downstairs. The quality excellent service.On first night I woke 3am thought &quot;What's noise&quot;? discover wall ceiling windows looked huge foundation hole bulldozers going full it. They worked 8pm till 5am nothing day I noticed. To honest, noise minimal triple glazing woken - jetlag. Our 2 year old boy thought heaven.We made good use rooftop pool weather perfect 30c lifeguard attentive children. We able roomservice pool.The location central business district, new metro running easy get everywhere. There lots business guests I felt little self conscious noisy babies, staff nothing friendly helpful.",0.2892427624458874,0.5865631764069263,Jun 19 2008
12,12,"Nice Having returned recent visit Dubai staying Villa Rotana Suites. I mixed reviews hotel.....Majority staff really friendly helpful I say one two appeared bothered asking questions. We also one member staff approach us day try sell different excursions became quite annoying. The nice rooms immaculate cleaned day, pool area quiet business hotel. The breakfast buffet nice choice great. The food room service also nice. The short taxi ride away things. The public beach 10 mins taxi. The seem well known I experienced occasions taxi drivers knowing go tourist could give directions!Overall good stay.",0.30075,0.5625000000000001,Mar 24 2008
13,13,"Big Bang Your Buck! My fiance I stayed Nov 2007 quick trip Dubai. We executive suite. And opinion cannot beat price location amenities. There resorts &quot;beach&quot; lets get real... thinks Persian Gulf pretty? haha... I dont. So wasnt beach. If want see Beach go Tulum Mexico, Bora Bora. The staff VERY VERY pleasent helpful. They let us check early hassle bell hop great guide. He gave us great tips let us onto great safari tour. It awesome trip spent. The food VERY good came promt. I recomend hummus kabobs! Traditional Meia called (or something like that) You WONT dissapointed. I travel VERY spendy resorts world wide I could happier service attitude atmosphere Hotel. They catchy design modern building. It amazing proud have. It awesome location terms near everything. The Ski Dubai Mall cool, AMAZED growth Sheik Zayhed Road! It like movie. I hope enjoy stay there. We did! I Recomend Executive suite kitchen laundry room laundry! See ya!",0.4085119047619048,0.5682142857142859,Jan 12 2008
14,14,"Exceptional Value Great Service - Highly Recommend My boyfriend I returned 5th trip Dubai know way around extremely well. Having paid Â£610 10 nights us including breakfast highly excited arrived outside hotel. Its modern high tech staff fantastic . They first run get us taxis said hot us flag outside hotel. The room immaculate good kitchen facilities use apart kettle fridge store cold drinks make tea. If like make use gym pool better quiet. You could go sun lounger, step pool shower, changing areas visit jacuzzi, steam room sauna within steps. Amazing value made feel really welcome. Bed sheets changed daily towels twice daily!!! What four star UK could offer service like this. I actually believe breakfast included deal! Definitely would stay again, More suited perhaps dont mind near beach! I read previous request would ensure ask book side internal facing room looking onto Sheik Zayed Road poss! We side facing room second floor heard absolutely noise outside. Those moaned previously must either paid significantly must really picky!!! All staff could help you. They even gave directions brand new outlet mall opened spoke Taxi driver ensure got there. Would definitely return hotel! Exceptional value money. Great lunch pool deck quality great restaurant Â£4-Â£5. Only 15 mins airport near enough gold souk, karama, mall emirates madinat Souk........only abot 30-40 dirhams taxi round central.",0.19737752525252528,0.5033232323232322,Sep 12 2007
15,15,"Can better! Nice hotel, well located Sheikh Zayed road close beach big malls.Spacious rooms good buffet breakfast.Customer service bad I complained .We asked speak manager given wrong room asked put incessant drilling noise adjoining room.It pity nice let staff expect paying customers put whatever dished fully booked.",0.07694444444444445,0.5455555555555556,Aug 24 2007
16,16,"Very nice Stayed last week part business trip.The rooms pleasant quite spacious (I twin bedded suite own). Flat screen TV's lounge bedroom, well fitted kitchenette including large fridge / freezer.I front facing room second floor (behind glazed curtain walling facade) hear traffic once.Excellent rooftop keep-fit facility, including swimming pool (not huge great early evening cool down).Free wi-fi lobby worked well paid access available room need little privacy.The little way tourist attractions taxis cheap readily available. Would stay without hesitation.",0.23320105820105827,0.5400132275132274,Jun 14 2007
17,17,"Fantastic hotel! This fantastic, beautiful hotel. Worth MUCH 3* rating. We stayed 10 nights first arrived Dubai cannot fault all. We got upgraded 1br suite arrived. The rooms modern, roomy, clean always well presented. Good buffet breakfast. Good gym rooftop swimming pool (nice views too). Free wireless internet dining centre downstairs. Fantastic, friendly service. Feels intimate staff know name stay long enough. Location good want amongst hustle bustle Sheikh Zayed Road. There small shopping centre walking distance small restaurants, cab easy get places like Mall Emirates, Madinat Jumeirah, beaches etc. I highly recommend business leisure traveller, really good alternative want pay exorbitant prices 4* &amp; 5* hotels.",0.3021153846153846,0.5817948717948718,Mar 1 2007
18,18,"A wonderful stay Just came back one-week trip Dubai fiance stayed Villa Rotana Suites. This place really rocks. Although set beach front, easily live expectations even discerning traveller. The boasts white marbled entrance area, modern light furniture, spacious gym separate sauna, steam jacuzzi really nice roof terrace pool comfortable loungers. The service staff friendly wonderfully attentive would go way help you. The rooms modern, spacious finished high standards including plasma screen, Grohe fittings Villeroy Boch sanitary ware. We served sumptuous delicious breakfast every day also afternoon tea mere 22 Dirhams pp!!! The location brilliant well, actually, well within short driving distance tourist atttractions, including Emirates mall, Jumeirah beach city centre. This place hidden gem I highly recommend anyone also happy return stay again.",0.3059188899868248,0.5511014492753624,Feb 16 2007
19,19,"Value money good modern spacious living! This new Sheikh Zayed Road. It beach booked Opodo third th eprice Royal Mirage. You kitchen area large modern room high quality fittings. rooftop pool gymnasium sauna, steambath jacuzzi separately men women respective changing rooms. Buffet breakfast reasonable included Atrium restaurant ground floor. But beware serve alcohol need visit Alamo, Red Lion Fibber McGees drink bring back room. Choose room back th ehotel hear hum traffic front hotel.",0.18928071928071927,0.33254745254745255,Jan 31 2007
20,20,Good value clean new We went dubai week found nice. Good clean rooms well kept lobby efficiant staff always available. Location great always taxi driving by. Well reccomended.,0.3812121212121212,0.6505681818181819,Jan 19 2007
21,21,"Good Value Money This good particularly business visit quite distant main attractions almost 15 min taxi Mall Emirates, Deira City opposite site. It close Mazaya Centre. The good point taxi fares cheap fact within walking distance. The far Dubai Creek beaches. The facility satisfactory, service housekeeping perfect. Staff helpful carefull take immediate action requests. There fitness room well equipped wireless internet access free charge. There sufficient variety breakfast. There fitness room well equipped wireless internet access free charge. I liked would like stay price convenient compared nearby hotels.",0.3770833333333333,0.5510416666666667,Jan 15 2007
22,22,Enjoyed Villa suites We recently returned stay Villa Rotana. As Ramadan enjoyed suite reduced rates. The suites nice fitted kitchenette high quality fittings. The bed comfortable. Room service needs bit work ordered condiments sent however bring phoned. They dont seem tomato sauce mustard though! We given room Shaikh Zayed road times could hear traffic I would ask room fronting road future. I think window kitchenette glazed fully rest suite.,0.37,0.6164285714285713,Oct 22 2006
23,23,"Very surprised 3*!! I stayed business quite honestly I stayed luxurious I travel lot! It greatest location, cheap easy get airconditioned taxis problem - I took one shopping mall huge! I lucky enough upgraded I huge living room enormous flat screen TV, white leather sofa, kitchen area fridge &amp; cooking facilities, chaise longue. There separate bathroom living room another bathroom bedroom another flat screen TV. Very clean, stylish reasonable price.",0.2818518518518519,0.7070370370370371,Jul 29 2006
24,24,"So much 3* rating Returned Villa Rotana 30 May 06. It definitely 3star listing given site. It's new hotel, 6 months time, bit work going cause us disturbance amenities running. Staff friendly helpful. We even messed reservation last day understanding.The suites big - King Deluxe Suite. Very modern deco, plasma TV screen, well equipped kitchen, large master bedroom even extra WC suite. There complimentary bowl fruit arrival bottle water every day. The restaurant open 24 hours great us since got back really hungry 2am one morning. There bar, we're drinkers nice us sit walk smoky bar. Very good business centre also - although holiday, I work limit time using internet keep annoying like places.It's first time we've stayed beach resort city can't recommend Villa Rotana highly enough.So much value booking room - we'd give 5 stars!",0.2424228896103896,0.49158820346320337,May 3 2006
25,25,Definitiv eine Empfehlung wert,0.0,0.0,May 31 2009
26,26,excellent,1.0,1.0,May 26 2008
