,Unnamed: 0,Reviews,polarity,subject,Dates_extracted
0,0,"Nice rooms nice pool well-meaning staff...but Fawlty Towers middle building site It would unfair criticise ruthlessly, great potential.BUT (and big but) place literally wallowing dust-bowl middle nowhere, apparently kind taxi no-mans-land (possibly there's nothing else nearby would require cabbie know area).The surrounding neighbourhood (and word suggests far much sense community) consists several yet-to-be-filled artificial lakes, numerous unfinished tower blocks, motorway (which great job blocking one even developed neighbourhood opposite, there's pedestrian access it!) lot else.The plays nauseating piece Cafe Del Mar muzak continuous loop lobby, ready scream couple days. Just one cheesy song, playing again. Poor staff. They told designer mandated it: cynical b**tard!The management succeeded evacuating part mistake I there, ran fire alarm test without...erm...telling guests fire alarm test.I could go ranting, lot stuff teething problems new hotel. On bright side, (overpriced) restaurant offering good food, bar bit local haunt ex-pats coming desert unfinished apartments live nearby.Give couple years - assuming Dubai closed financial incompetence - nice, synthetic, neighbourhood. The soon-to-open Metro station nearby help make accessible.But I'd say steer clear they've improved processes, surrounding area tidied little. It's got great potential, avoid now.",0.10963504088504089,0.5524230399230399,0.5524230399230399
1,1,Hotel wonderful especially leisure facility staff pleasant helpful could enough make us feel welcome Our first time Dubai know expect.. Hotel staff wonderful luxurious room pool bonus. The downside far out. Taxis cheap available. Time wasted travelling. 2 weeks would better 4 nights .,0.37023809523809526,0.6857142857142857,0.6857142857142857
2,2,"First class rooms service Hotel rooms well designed every ammenity. Night view Bar terrace stunning.At moment taxi required, due surrounding construction works, fairly cheap. Catering yet standard tempt inhouse dining.Staff could bettered although room service little slow. A bargin get deal via Lastminute .com!!",-0.021875000000000006,0.3847222222222222,0.3847222222222222
3,3,"Wonderful staff comfortable luxurious building We got good deal &quot;soft launch&quot;, everything needed comfortable stay working well. The room spacious, well fitted, stylish (if like contemporary marble, glass wood) comfortable. Service unobtrusive always needed (even 2 am), staff eager help - even extent helping solve problem car hire company we'd left, get elsewhere. The meal wanted breakfast good spread excellent quality variety pretty good price Dubai (80 dh/Â£13.50 pp). The public spaces stunning.Yes, neighbourhood still developed, way south original centre Dubai Marina/Jumeirah Lakes area, taxi drivers located yet; clearly destined good indeed. I hope we'll able afford prices ought able command!",0.4334848484848484,0.6625757575757576,Nov 25 2009
4,4,"Building Site This great hotel.......no complaints ....that warned would surrounded many many new bulidings erected. It seemed though staying building site, fact Dubai like now.I doubt ever return Dubai knew.",0.4872727272727273,0.5409090909090909,Nov 25 2009
5,5,"Beautiful relaxing welcoming place. Started difficulties locate hotel... Once inside, everything became simple comfortable. Hi speed internet, unique swimming pool, pretty room design.Little story:The room service 24 hrs available yet. However, one friends along wife visited bar room service closed, polite staff managed somehow get gentleman take order.I bit strict explaining 5-star I'm taking excuses. That understanding nice staff.The opened, meaning there're expected gaps missing bits. But overall, VERY GOOD IDEA thier guest :)",0.2988461538461538,0.6067032967032968,Nov 19 2009
6,6,"Value money.. Read reviews Trip Advisor another travel website running special hotel, booked twin room great price. We 3, figured get extra bed like US. Drove friend (had ask directions), exit signs marked (Exit 32 JLT). The people new area, difficulties understanding directions, eventually reached fuss.They makeshift check area expected soft launch. The check guy said wont let 3 people room kind enough offer us different room extra price, took still value money. Waited room ready.The rooms modern, luxurious fully stocked apartment. The rooms fairly good sized feed good amenities. The pool area great jacuzzi sauna. Had quick bite Authors Lounge, nothing fancy. food tasted good. The staff friendly eager please. Now gripe, shower curtain lack poorly designed, anytime took bath, water over. Booking taxi takes long time approx 30-45 mins. This great property finish landscaping construction area completion metro.All wonderful vacation.",0.3250836284927194,0.5420897284533648,Nov 17 2009
7,7,"Not expected- 3star Stayed week 07-11-09 14-11-09. Checked ok. The one bedroom apartment smaller expected. The deco nice, seemed going it. It seemed built didnt test practically admenities. First thing, TV bedroom work. Having shower practically flooded bathroom, bath screen leeked water floor shower head much pressure hit body water went everywhere mainly floor. The bathroom sink insufficient drainage blocked brushing teeth. Told front desk sent someone fix TV, come said technically fault wont fixed til following morning. The AC fault matter high put temperature rooms never got warmer. The bed sheets pillows mildew smell, housekeeping change sheets throw pillows coverlet, smell still lingered. Complained front desk requested moved. They said look let us know. After 2 hours sitting freezing room, moved room two rooms down. The new room fine decided go night. We set heating dont like AC room colder cope with.Came back early morning 4am room still freezing. Called front desk sent engineer investigate. He took hour fix it, figured thermostat gone. The next day room still cold opened balcony doors get warmth room outside. My partner got chest infection cold AC could request another duvet housekeeping. A couple days later power cut electricity room couple hours, sent someone fix it.. Therefore clocks apartment incorrect. Called three times front desk spoke directly well staff passed by, doormen etc nothing done clocks. The provided one free shuttle bus 11am either The Dubai Mall, Mall Emirates, Jumeirah Beach Residence IBN Battata Mall. But clocks sync, front desk keep calling us shuttle keep waiting us. They provided regular shuttle services. What funny fact book seat front desk, say want book seat shuttle, reply 'what time want?'. Obviously implies times available apart 11am stated, I asked departure times available, said 11am.They claim free wifi applys laptop need connect TV, use one lobby, guests seem well.We also problems iron room. There brown liquid iron, like stale water. We tried wash ruined partner's white shirt. Again requested new iron, spoke three diffrent people including housekeeping nothing. Finally complained management, supervisor name Stephanie listed issues, seemed concerned inconvience suffered through. We requested late check compensate problems had, unwilling unless pay GBP170.00 check 7pm.We checked 11am left luggage bellboy, got shuttle mall ccame back later collect luggage flight midnight.The location bad themetro nearby working, way get across Sheilk Zeyed Road Dubai Marina Mall Jumeirah Beach Residence without use taxi too. Definately would stay again. If anyone chooses stay here, wait til Feb 2010 metro fully running construction around completed adds least additional Dhs5 10 taxi go around oneway system get hotel. Also many taxi drivers know Bonnington Towers Jumeirah Lake Towers is, prepared take note area roads direct them.",0.021677188552188545,0.4114215876715877,Nov 16 2009
8,8,"A Great Hotel Making It takes combination location, service, great property make top notch hotel. Bonnington Towers 2 3 qualities last one, location, come time. Other reviews mentioned ongoing construction Jumeriah Lakes Towers (JLT) district. The area eventually 80+ high-rise towers. Some complete nearing completion construction everywhere around walking really practical. This change quickly nearby JLT Metro station open. The metro opened Sept.09 station need months complete. The station 250 also provide route 14 lane Sheik Fayed freeway Dubai Marina area. As JLT matures, Bonnington find well situated.As service hotel, almost everything top notch stay. We one bedroom 1 1/2 bath apartment, luxuriously equipped, flat screen HD TV's, comfortable bed linens, full kitchen usual perks. The public areas ultra-modern, Italian marble stylish lighting everywhere.Booked Orbitz, room incredibly well priced six day stay. (I doubt could find calibre room major world city rate paid soft opening phase.)Staff attentiive throughout hotel. We concierge book tours, wife used salon 11th floor spa level food service staff eager efficient. Experienced travellers may find times staff appear bit tentative learning mode, open months, unexpected. Any issues may stay minor would expect see resolved near future.",0.17335858585858585,0.47525252525252526,Nov 16 2009
9,9,"Nice rooms good staff - GREAT price ;) Decided choose following reviews tripadvisor pretty much expected. A brand new 5 star finish soft launch stage. Lovely rooms furnished high standard, friendly staff service type glitches. Other plus points - lovely pool jacuzzi unlike reviewers I enjoyed area sit without sun. Donwside getting taxi hotel. On numerous occaisions ordered cab specific time wait 45 minutes time cab arrive. Also location wise restaurants, shops etc within walking distance Dubai Marina fun shop cab ride away. Overall I would recommend hotel, definitely whilst good price, dont expect perfection &quot;soft launch&quot; - thats getting discount",0.21504870129870127,0.5381980519480518,Nov 16 2009
10,10,"A VERY comfortable gem new Dubai. Highly recommended.... First, I state obviousâ¦ nothing (currently) within walking distance hotel. For anyone written negative, obvious reason current rates extremely reasonable âsoft openingâ. As Taxis readily available, hardly even minor inconvenience. That said, EVERYTHING experience Bonnington fantastic. All staff, reception housekeeping extraordinarily friendly, helpful, professional. I Dubai business, favor convenience apartment environment. The one bedroom deluxe apartment (actually like 2 bedrooms), well appointed 2 Â½ baths (with rain shower, plush oversized robes towels amenities), fully stocked kitchen (dishwasher, microwave, laundry, even expresso machine), two plasma tvâs movie channels, living room two sofas, dining area, on. Beds extremely comfortable duvets, pillows, high thread count sheets. I took taxi nearby newly opened Almaya SuperMarket (5 mins away) everything could possibly want stock apartment kitchen food beverages. Upon return staff even carried bags apartment me. I dined several times room service ordering Authors Lounge Cavendish menusâ¦ meals good!Also, Grand Limos, Bonnington teamed with, great option transportation. I used several times trip rates 125 AED hr â¦ going distance (like old Dubai/Dubai Creek areas), I think better option taxi. All all, I extremely comfortable Bonnington. Iâm sure little issues raised, worked soon. They seem take every comment seriously work solve satisfy every complaint That level service effort always makes much forgiving. I certainly stay again!!",0.19090771436166176,0.5113148401306297,Nov 16 2009
11,11,"Rooms excellent but.... We stayed bonnington 7 days Deluxe room...Postive Points- Room exceptional, funky luxurious- Staff welcoming every morning- Jaccuzi excellentNegative Points- Location - middle construction site, expect great views room (We workmen diggers look day) leisure deck- Location - spent Â£150 taxi fares week, cannot walk anywhere prepared pay. Cost Bur Dubai approx 55dhirams, Jumeriah Beach Park 60dr- Taxi drivers aware hotel, I found local guide telling drivers go (this change people stay)- Authors lounge took us hour get lunch apologies waiter staff, even ran english breakfast tea, acceptable 5 star hotel- Concierge - We tried book desert safari concierge, however advised company wanted book charged extra 60dhirams pick us reccomended another company much expensive. This completely untrue ringing room booked safari extra costs. Personally I think concierge take cut company, please aware however trips end location dinner belly dancing.- Pool pictures make out, however ok relaxing nothing specialAs mentioned reviews undergoing soft opening, advised booking rooms, although got good deal hotel.The needs link beach offer beach facilities leisure travellers, must. Using beach cost 180 dhirams expensive 1 day.",0.1840277777777777,0.41708333333333325,Nov 14 2009
12,12,"Great but..... We stayed Bonnington Jumeirah Lakes Towers one week end October 2009 one bedroomed deluxe apartment perfect every way. It great amenities well equipped kitchen area, although disappointingly working freezer otherwise everything could wish for. The staff friendly kind. Nothing much trouble taxi needed Reception one booked immediately. The location currently major building zone, real noise restricted road access easiest place taxis find. However far beach Dubai Marina (15-20 dirhams taxi) excellent Ibn Battuta Mall 10 minutes away.Our main disappoint much vaunted unusual outdoor leisure deck/swimming pool area 11th 12th floors like sun want sunbathe sunbathing deck thought badly designed little sunbathing space little sun day. So consequently like others headed beach days. Nevertheless Bonnington Jumeirah Lakes Towers great value money would definitely consider staying again.",0.2817028985507246,0.6695652173913044,Nov 13 2009
13,13,Most impressed 5 star Travelled Dubai October business. This fantastic everything would expect five star located close lot business contacts were.The staff professional friendly anything I asked theycould direct - nothing problem them.It real 5 star treatment would expect 5 star - booking next trip months.,0.2783333333333333,0.4255555555555555,Nov 10 2009
14,14,"Great rooms room improvement..... Stayed 3 nights. The 'soft' opening stage rooms relatively cheap compared similar hotels area. Arrived late told executive lounge yet open. As advertised part package queried told would given use mini-bar. We went room stunning. A reasonably sized lounge area desk, large bedroom immaculately presented access balcony alarge bathroom 2 sinks freestanding deep bath. There alsoa toilet large walk shower. First impressions fantastic.I wanted bath hot water. It possible first person stay room maintenance came fixed problem within 45 minutes. At 'soft' opening stage expect forgive teething problems. The mini-bar empty get drink delivered room. In morning asked mini bar stocked due executive lounge open told mini-bars yet use could used fridge. I told could free muffins fruit juices restaurant throughout day instead. I asked would use bar included lieu lounge agreed.The buffet breakfast poor standard compared e.g Hilton Jumeirah. The complimentary water room never replenished tea coffee facilities stocked. Another annoyance going bed hours afternoon sleep, placed 'do disturb' light on....an hour later rung ask cleaner's could get in.....do disturb mean exactly that!In summary high standard visually bar cool decor high standard. On completion i'm sure fantastic. The staff friendly although still obviously coming terms roles. Would pay full price upon completion? Probably think better hotels area budget would worth giving try im sure time great stay .Finally checking take credit card security. On checking paying debit card told thay taken full amount credit card would refunded 14 days happy check check in.",0.15186200194363458,0.487001781665047,Nov 8 2009
15,15,"Great apartment location good... I chose apartment mainly soft launch offer (AED 550 per night), everything looked brand new (on website) washing/dryer machine!! Having spent previous week India, wanted stay somewhere I could laundry! (Although later I found washing tablets provided!)We stayed 4 nights November facilities 1 bedroom apartment amazing. Nice well equipped kitchen, spacious living room bedroom even 2 toilets!! And gym really great even 2 pilate plates! Location wise, still lot construction sites going on, room can't hear thing!! However, go everywhere taxi restaurants near (apart ones within hotels) although taxi fairly cheap Dubai, add quite quickly. :D I told metro (5 mins walk hotel) would operation Feb 2010 I guess would lot help! Also, really remember HOW come taxi drivers familiar new names road! But really hard direction pretty easy remember. We problem first time came airport taxi driver go another apartment ask directions. (Basically 1st exit highways Jumeriah Lakes Towers, take left turn road splits see sign Bonnington Towers)Overall, really great apartment though I sure whether I'd come back... Only coz going many newer hotels/apartments Dubai next time I come Dubai I'd like experience different place!",0.3105376683501684,0.5467031425364759,Nov 7 2009
16,16,"Nice room awful location The quality rooms plus point here, staff try hard please pleasant. The pool area miserable, much smaller appears photos looks onto huge dusty building site, nowhere walk access Bonnington car taxi beware signs virtually non existent four occasions I took taxi got lost every time! There road names rely asking directions one hundreds construction workers area. If unfortunate enough end hope take taxi one nearby beach hotels day comes high price beach hotels i.e. Meridien charge 160 AED per head per day plus cost taxi. We booked 5 nights, wife left home 2 I stayed 4 I visiting Abu Dhabi F1 GP. We disappointed set please leave. The manager pleasant fellow also enough leaving left give idea situation, In opinion would better open much development complete! Finally major problem internet access unable 4 days sort out, dont rely good breakfast, buffet awful.",-0.017672413793103466,0.6847126436781609,Nov 4 2009
17,17,"Comfortable 1 bedroom quality finish We spent 6 days The Bonnington 1 bedroom apartment. The apartments well finished ample sleeping bathroom facilities. The area far finished never less spoil break. The main problem I found coming back night lot taxi companies know location tower got lost several times beginning.Just bring map located access card. We breakfast snack night fine. Also taxi seem charge picking Bonnington. Alcohol expensive Dubai tip visit Duty Free airport stock up. Staff friendly went way accommodate. The pool area lovely many sun loungers went beach days.Having washing machine etc ideal could laundry trip, great child. All good hotel, although quite beach far away.",0.28770833333333334,0.5425,Nov 4 2009
18,18,"Good value disappointing stay. Not yet 5-star hotel. As corporate traveler, I regularly log 200+ nights year, fortunate stay finest hotels world. My recent stay Bonnington meet expectations level service, offers decent value short-term stay great price. This NOT recommended families vacation, romantic weekend, guests looking polished five-star upon Dubai builds famous reputation.To fair, Bonnington midst &quot;soft-launch&quot; preparation Jan 2009 grand opening. I discovered Bonnington price seach one online travel websites, noticed abnormally low-price five-star Dubai. Upon review Bonnington's website, looked like great deal! I previously lived Dubai, figured single night would allow determine whether consider Bonnington future visits.First, location pretty decent, exterior landscaping appearance poor. The located Jumeriah Lakes area, close proximity Marina &quot;New Dubai&quot; beach resorts, well close proximity new metro station. However, area still heavy construction, adjacent buildings various states repair. The Bonnington half-finished, floors 1-7 open, garage exterior landscaping still giving appearance of, well, live construction yard. The interior lobby yet fully opened, make-shift side counter used temporary reception area guests.Second, check-in process needs greatly improved. At hotels, check-in fairly quick process, perhaps 10min max. The Bonnington kept us waiting 20 min+, primarily due IT difficulties strange key card issues. Because systems new, reservation unable located, even though I confirmation code confirmed reservation. The front desk seemed realize this, gave room anyway. The staff seemed problems creating room key though, attendant instructed sit moment would take minutes. I watched colleague run quickly back room, flight stairs, I assume back office, create key, return back stairs give key guests. This process took 10-15minutes, I thinking, &quot; &quot;How strange! Wouldn't efficient simply keep key maker desk front you?&quot;Finally, service training needs greatly improved. Overall, staff professional courteous, I sense majority staff either started week, perhaps even day itself, little training. The singularly worst trait I noticed staff attempts disparately cover lack internet building. Throughout entire stay, could see lobby area filled guests trying logon internet avail. When asked assistance, I heard multiple comments &quot;the network down&quot;, &quot;internet would available soon&quot;, &quot;we working problem&quot;. Ultimately, truth public system yet operational, temporary internal router overloaded. Instead, stated would unable offer internet access guests, allow guests find alternate means gaining access internet. Overall, still working many issues, long way go.The rooms depicted photos, perhaps smaller I expected. Once inside room, back 5-star level comfort, comfy bed, nice toiletries, flat-screen TV, great movie channels, robe, slippers, big bathroom, etc. The pool gym open acceptable urban hotel, great views Dubai.I've often used tripadvisor reliable resource reviews, surprised see vast differences experience. I assume reviews referring residential apartments located building, rooms I stayed. It also interesting see interior finishes similar one favorite hotels, Dubai Grovesnor House, utimately fails poor comparison using lesser-grade materials skimping corners could. Our entire experience Bonnington sense opened earlier have, figured could make money charging paying guests unfinished hotel.",0.10813451980118648,0.5203666456999789,Nov 1 2009
19,19,"Fantastic Stayed 8 nights October absoloutley loved it. The staff always smiling helpful. We definatly looked after.My Fourth visit dubai comparing previously staying Habtoor Grand, Hilton Jumeirah, Traders Shangri La Golden Sands 3.We 1 bedroom apartment consisted queen bed master bedroom 1 king bed kids sleeping area, lounge 2 sofas massive lcd tv, kitchen area mention 3 toilets 2 showers/bath. Vey clean. appliances/utensils new peeling packaging off.A lovely balcony Dubai, lot construction going nearby matter stay escape this. Location wise idea taxi costs; used take taxi (10 dirhams) Nakheel Harbour metro station 5 mins away, take metro 2.5 dirhams mall emirates sometimes 5-7 dirhams city.Beachwise; taxi 15 dirhams area close jumeirah beach residence called walk, free open beach enjoy along multitude restaurants cafes suit budgets ranging KFC top end restaurants. A taxi mall emirates costs 26 dirhams, taxi bit away jumeirah beach park costs 40 dirhams. The taxi airport costs 62 dirhams meter. Soon taxi costs could done away metro station built walking distance Bonnington.The marina mall also close by, children could walk it. There waitrose supermarket mall. Also Ibn batatuta mall 5 mins away aswell, 20 dirhams taxi, great stocking water etc.All lovely decent location get even better metro station nearby completed.",0.308459595959596,0.6224116161616161,Oct 27 2009
20,20,"Excellent service - Top value money moment! We came back marvelous 5-day leisure trip Dubai, true &quot;city future&quot;! Our stay Bonnington residences incredible really added much entire vacation!Bonnington tower impressive multi-storey building (incl. rooms residency apartments), built modern luxurious architecture offering amenities somebody would expect top-class 5-star - even more! It mostly business-oriented, great type travelers (such - couple vacation trip). We stayed 1-bedroom deluxe apartment 21st floor, stylish, roomy made stay really comfortable: Great king-size bed, en-suite bathroom, separate toilet, living room kitchen. Not mention two LCD TV sets (32-inch room 50-inch living room). It even spacious balcony, could enjoy views Jumeirah lakes surrounding towers. The highlight opinion leisure deck 11th floor, included magnificent infinity pool superb hot-jacuzzi, well fitness room, sauna-rooms etc.The surrounding area still construction (artificial lakes, green areas, towers) completed (in 6 months, told us), one hotel's greatest advantages. Location-wise, little far old city centre, quite close new areas developed Dubai, well already well-known places, like Palm Jumeirah, Mall Emirates, Dubai Marina beautiful pedestrian walk (called &quot;the Walk&quot;). Of course, someone wants right next beach. Great advantage also new metro station (only minutes walk hotel), problem ready yet, taxis Dubai extremely cheap. The currently soft-opening period, means restaurants bars open yet. However, affect stay whatsoever. Last least, staff service offer. In one word &quot;amazing&quot;, thank lot that! My wife I visited many hotels around world, staff Bonnington far best come across with. Concierge, Front Desk, restaurant, lounge, pool bar: employees friendly (and smiling), warm really helpful everything asked for. One characteristic example night arrived (late check-in): midnight, I asked adaptor laptop charger, immediately sent guy engineering department look problem, returned 5 minutes adaptor hand! Thus, I able connect internet right away, wait morning comes... Further, Head Concierge Guest relations right person plan city tours excursions (even go without slightest idea Dubai like), really helped us lot planning throughout stay (Thanks lot Duminda!)The problem faced entire stay complimentary wireless internet working well apartment, go lobby times check e-mails etc. Of course, give hard time that, attributed soft-opening period. In conclusion, excellent choice Dubai. And top value money moment, charge quite low rates due soft-opening period incomplete surroundings. My wife I already missing Bonnington tower, definitely coming back soon!",0.2798427128427129,0.5318831168831167,Oct 21 2009
21,21,"Fantastic apartment friendly helpful staff . stayed The Bonnington 2 weeks ago , beautifuly finished staff extremly helpful poilite , usually stay relatives visiting Dubai unsure visit would , pleased say brillant stay , unfortunatly whilst staying Dubai broke ankle , praise staff kindness concern expressed stay . nothing much trouble.A brilliant 5 star facilites I would throughly reccomend anyone visiting Dubai thanks Bonnington team .",0.30468750000000006,0.65,Oct 13 2009
22,22,"live well serviced apartments people want live there, went look around living there. It fantastic hotel, great maid service, friendly staff, pool area world, especially night! ok building work, everywhere, dubai! far iv noticed noise! fantastic location marina across road, beach short taxi ride away, perfect. furnishings apartments luxurious. brilliant place stay holiday live! wouldnt go anywhere else",0.3843344155844156,0.7000000000000001,Sep 15 2009
23,23,"Its got 6 star Hotel!!! This first trip Dubai sure expect given mixed reviews quality hotels, however really amazed Bonnington Towers! It designer look quality rooms, fluffy towels, lovely toiletries gorgeous rain shower, staff seem take real pride place too.One guys lesuire deck saw us arrive gave us full tour, explaining even play DVD sauna!! There steam room heat summer didnt use it. The gym alll brand new power plates (which gym back home charges for!!) pool water chilled really refreshing also hot tub great amazing views pool.There still work going around area never really noticed location wise great beach, shopping malls restaurants evening - would recommend Buda Bar Grosvenor Hotel - lovely place, great vibe fab food top service.I cant wait go back - much better ever thought I would stay anywhere else. The Hotel also told us new metro line run right next opens 9th September even better go next time, taxis cheap (about Â£3 Buda Bar, Â£5 mall) bother.So jealous anyone else going, fantastic time - enjoy!!!!",0.3803907518262988,0.5458446067821068,Sep 1 2009
24,24,"A Great Jumeirah Lakes/Dubai Marina Address If staying away hustle downtown happen like modern luxury living attentive service, I would recommend chic place. The 5 us took 3-Bedroom apartment amenities lovely: stocked modern kitchen, comfy furniture, luxe bath products, amazing views (try higher floors). Ours 34th. The staff friendly accommodating, even they, need time get used property. Housekeeping literally folded clothes strewn across bedrooms. We liked that!At time writing review, one food &amp; beverage venue open (note opened months ago still working ironing kinks adding food venues.) I would definitely go back enjoy full capacity.",0.3109375,0.5531250000000001,Aug 10 2009
25,25,"Best Apartment Dubai The Bonnington Jumeirah Lakes Towers one best apartments stayed Dubai. The newly opened infact one first guests. The area still lot construction apartments hardly hear noise. The management staff made welcome offered extra services make comfortable. The apartment stunning fully equipped kitchen, lovely interior, bedrooms sitting balcony overlooking Jumeirah lakes. It luxurious say least. Location wise bit city centre taxi Mall Emirates 28AED less. I believe one sought hotels/apartments time. I looking forward going back August.",0.34870766488413546,0.4850713012477718,Jul 14 2009
26,26,Excellentes prestations. Accueil chaleureux.,0.0,0.0,Nov 10 2009
