,Unnamed: 0,Reviews,polarity,subject,Dates_extracted
0,0,"Excellent value money. Free shuttle buses lifesaver. I paid Â£45 night double, way cheaper anywhere else.We lucky female taxi driver knew airport. The right next Al Khaleej roundabout 15 mins Hyatt. The advertise opposite it, best map asiarooms.com. The free shuttle buses beach mall save money taxis.Ignore reviews lack taxis area. Due credit crunch, desperate tourists gladly pick up. The brekkie fine, abit like dinner though! The full Russians fine. Across local restaurant called al jazeera, curry dinner Â£1.35!! Delicious too.My wife didnt like area full indians/pakistanis stared sometimes took photos!. But never really hung area, wasnt huge problem.The best bet take free shuttle bus Jumeirah beach take bus taxi destination, saved us alot money. Everyday take different mall. Do take Friday shuttle bus Ansar Mall Sharjah though, place awful!The staff friendly rooms kept clean. Definately reccomended budget traveller.",0.29433497536945813,0.5305418719211823,Jun 4 2009
1,1,"Stay Away Where begin.....the front desk staff unhelpful, room smelled bad, toilet leaked, hot water, shower dirty, sheets stains marks them, promised pool empty maintenance, varnishing chairs outside room (everytime came lift overcome smell), got random hang phone calls middle night, nights finally breakfast average best. Not sure problems two young females travelling together, us on, terrible experience.......we even spat street (yes, completely covered)......nice neighbourhood!!!!!",-0.13687717013888887,0.5170370370370371,Apr 18 2009
2,2,"good experience My friend stayed 4 nights week convention going Dubai, hotels either fully booked expensive usual. It located easy walking distance Gold Souk busy area. It tucked away small street reach room, look bad. However, room big disappointment. The twin room extremely cramped shabby looking. There nowhere put luggage luggage squeezed in, much walking space. There horrible stale smell, eventually got used to, bathroom really something else. It disgusting could found somewhere else week, would have. We even want use bt needs must. want touch anything. The towels, although changed time old looking nowhere hand clothes except mould ridden clothes line. grout black shower curtain looked old. There bath open shower cubicle curtain enclosure.The breakfast mainly hot reasonable changed daily, big selection. It would help breakfast till 11am holiday, lie something cherished especially till late night before.Finally, getting taxi major problem, surprising considering busy location. If asked book Taxi, either waited least hour turn up. If ask get taxi yourself, told Grand Hyatt. However good 10-15 minutes walk away, seem alot longer walking heat. I would give 1 star, however swimming pool (which use). The staff seem friendly enough. The tour operator understand speak english, made things difficult. At another hotel, tour operator extremely helpful, advising us buses get much taxis cost get destination etc.In conclusion, would stay again.",-0.03853472222222219,0.5158055555555555,Nov 10 2008
3,3,"Good location Fairly cheap old part Dubai. Close many sights along creek. The bit run clean. Service good. They made quite effort get taxi us thursday night. Breakfast strange - mashed potatoes stew. It seemed like dinner breakfast.They say balcony, dont. It near Hyatt right across. We would recommend it, need simple witth good location.",0.2848656898656899,0.47513431013431007,Oct 17 2008
4,4,"Ok except internet taxis I stayed 3 days San Marco. The breakfast good amount money paid. There internet I bring laptop nearby internet cafes log on. Clean hotel. Staff front counter civil. Latest check-out allowed 1pm. No loud booming nightclubs big plus! However, almost impossible get taxi I would advise driver Dubai business.",0.24375000000000002,0.7,Oct 12 2008
5,5,"They Are Racists!!!!!!!!! I decided stay san marco dubai enjoyed previous stay last time there-i normally stay deira town hotel, noise nightclub, decided try san marco reviews read. I appointment doctor dubai, decided lodge san marco more. I came back shopping, day checked met room locked-i couldnt use room card open door. So, went reception complain one staff said 'maybe paid thats door isnt opening'. Luckily receipt paid room one week going stay, instead apologising, merely rectified mistake. I angry, berated staff even nerve tell could go another wasnt satisfied staying there! I asked wether treat guests black? I noticed black lodging hotel. The good staff exceptional customer service indian (cant remember name) checked in. Anyway, continue russians stay care-since belongs russian-if thats want it! Afterall, better hotels dubai. I've told friends worldwide (most white) experience, vowed never stay san marco. I never stay again!!!!!!!!",0.15708333333333332,0.5691666666666666,Jul 2 2008
6,6,pleasant stay statyed 6 16 may san marco nice price pay. thing check time 12 noon though flights normally arrive early morning wait 3 hours could check paid taxi airport staff polite helpful. problem toilet leaking got fixed next day. taxi big problem little efforts needed good breakfast overall clean area.so ur looking good time go ahead book it.,0.24327777777777773,0.46333333333333343,May 17 2008
7,7,"Our 15 Minutes At San Marco chose san marco last night stay dubai bit cheaper lot closer airport wed staying. taken room small, stuffy distinctive smell checked bathroom find ants running around shower, tiles missing wall dirty shower curtain. asked moved different room, obliged find previous therefore checked immediately found another hotel. This well average reccomend anyone.",-0.13666666666666666,0.46083333333333343,Apr 12 2008
8,8,"A pleasant stay value money! I would rate one night stay San Marco pleasant one good value money. This located Deira Dubai side creek. We paid Dirham 550 triple occupancy room. The room tidy well maintained. The bathrooms/toilets clean. Only complain hot water pressure less nice hot water bath convenient. There restaurant Hotel serve buffet well ordered food. The food ok, food items buffet labeled. So identifying food items straightforward. Fitness freaks would glad know gym used customers. Its big one reasonable equipment nice little work out.Another thing I liked noisy night clubs vicinity. So late night music enjoy peaceful sleep tiring day sightseeing.The room price includes breakfast morning. Breakfast served buffet wide variety options like toast, omelet, samosas, juice, vegetables etc.Due short stay hardly interacted staff. But enjoyed good customer service.I would definitely recommend looking budget Dubai.",0.2744252873563219,0.6204022988505747,Apr 4 2008
9,9,"Great Extremely friendly helpful staff 3 star Deira. We found location convenient 'Old Dubai' bus station near Hyatt want walk take taxi.The items inclusive breakfast varied daily hot enough choice. The restaurant menu sufficient good value. We always walked back Creek found souks fascinating.We two rooms hotel; one slightly better other, decoration wise clean. Also, asked quiet room allocated rooms back away road. The rooftop pool heated, seats loungers good enough sunbathe/cool in. There also reasonable gym.For price Â£50 per room b&amp;b, fault it. If want 7 star try Burj!!For anyone new Dubai, Deira old, interesting part - modern skyscraper part could anywhere world!!",0.22333228114478113,0.42299031986531993,Mar 24 2008
10,10,"Cheap Cheerful Not one luxurious hotels dubai provide cheap accommodation.The mainly russians i'm sure breakfast centred local cuisne, pretty strange nevertheless!The room clean comfortable enough air conditioning worked treat. You need put water heater want shower though, cold shower realised straightaway.The pool area roof pretty small. There 4 sun beds. We managed get one every day evenutally many people using pool stay. The water freezing!An importnant note inline reviews, underestimate problems face getting cab! I read reviews didnt think would much problem dubai followed road cabs. Apparently real problem though, cab drivers dont want pick people busy areas. We aited hour cab first night, actually flagged 5 6 said no. Then last day actually ordered cab airport still took hour come hotel. We heard radio starting new thing call number report cabbies refuse take get banned 10 days may problem much longer",0.0852292455808081,0.4735795454545455,Mar 2 2008
11,11,"Average clean This budget Deira. The quite nice mainly caters guests Russia Africa. It difficult get taxi area. There gym pool fifth floor. There sauna well closed. The rooms okay minibar, safe television. They also air-conditioned. The shower curtain bathroom long enough water goes everywhere. The rooms cleaned daily. It's best location unless want Deira. The five star glitzy hotels seems world away.",0.20069444444444443,0.4777777777777778,Jan 28 2008
12,12,"Compliments We stayed San MArco 10 days.Everithing wonderful! We arrived 3.00 welcoming warm. Wonderful room.Clean, Safe,The reception attendant wonderful, friendly, restaurant Milano good breakfast good.Thank You San Marco see u next yearMr ZakMrs Chiara",0.6459375,0.67875,Dec 14 2007
13,13,"Pleasantly Surprised I stayed transiting surprised money quite nice. They even little magnetic cards instead keys. It level chains like Red Roof LaQuinta. The location great want catch taxi, lots restaurants. For budget traveler, I would recommend it.",0.03035714285714286,0.5928571428571429,Oct 22 2007
14,14,"Dank hole wall - bother My mother I stayed San Marco March 2007, business trip/holiday. We booked HotelClub rate seemed good free shuttle bus shopping centre. We quickly discovered westerners book 4 star expect pay least Aus$100 per person per nite want expectations met.The located beaten track Deira - forget walking shopping restaurants - sometimes took 20mins hail cab, though fortunately cheap Dubai. The dark dank - windows look directly walls next door cases. The room clean bathroom massively disappointing - reminder us communist block rather Emirates! Very shabby water got everywhere.Towels small scratchy.Breakfast room service par 3 star - bread stale, jam tasted likie cordial, breakfast room cleaned properly buffet (like hotel) over-run Russian package tourists.I say though front desk staff tried best helpful tours, phone messages, directions. But whole let else work with.My advice - pick western chain something 4 star least. Dubai cheap place stay want better this!",0.16145833333333334,0.43750000000000006,Sep 3 2007
15,15,"good little 2 star verry nice 2 star far hyat regency, staff verry helpfull, air con great tempreture july verry hot, verry good location far anything, previous reviewer must expect everything hand,there lot good cheap resturants close by, pool olympic size cooling dip adequete, also far night market nasar square pretty good,after checked staff let us use swiming pool showers supplied us towels shampoo ect could freshen going airport, breakfast great,but ask toast ect, besides subway (verry cheap) around corner breakfast, recomend would use",0.3175595238095239,0.7476190476190477,Jul 24 2007
16,16,"No Water No Laundry service...very poor ! I wife 2 children April 2007 7 nights problems water everyday. When approaching staff full lies excuses.. &quot;problem area, problem pump, problem blockage&quot; asking people said going weeks. The staff unhelpful often quite rude approached problems water. In end I go shower friend staying road.To rub salt wounds, flight last day midnight staff insisted I vacted room 11am saying someone else staying room. However I checked evening one room. With problems water least could done let stay room hours !In terms location seedy area 'women night' everywhere. Taxis often refuse go area traffic one way system expect walking find taxi.All I would definately recommend place !",-0.03744212962962962,0.3650462962962963,Jul 8 2007
17,17,"Value money Great staff facilities stayed two small children found great paid. Aside fact bathroom pretty basic , room ventilated solely air conditioning furniture rooms dated enjoyed stay thanks wonderful staff. All staff made us feel extremely welcome went beyond call duty make us feel home location main street, u still get take 'realness' people live day day still close taxi ranks take gold souks many shopping malls. ( porter ran main road fetch us taxi told called one would waiting half hour.)The weights room range dumbells treadmills benches small well equiped husband problems getting decent workoutThe breakfast lovely included room rate, found buffet well prepared contain wide range choices.They also offer free shuttle transfer airport organised booking , well organised outings- organised arrival. great value money",0.2649868247694335,0.5217391304347826,May 22 2007
18,18,"Absolute Crap!!! There water I came wife. We spent 2hrs trying get staff fetch 2 buckets water room could baths. Other guests told us going 3 daysAlso, claims opposite Hyatt Regency, 1km away there. It dirty, remote part Dubai I never even knew existed. Taxis often refuse go area town there, equally difficult get taxi. There's terrible traffic almost throughout day, worst Dubai offer.The claims laundry services, told staff send clothes road-side laundry merchants.All all, feels like complete waste money!!!",-0.3763020833333333,0.5479166666666667,Apr 22 2007
19,19,"Good budget Stayed three seperate occasions February 2007. The location quite good (very close gold souk ten minute walk main part town). The staff friendly helpful. But remember, 2star hotel. It clean relatively simple basic. Breakfast included trip however I would call American buffet breakfast.All bad little hotel.",0.20544871794871794,0.4370879120879121,Mar 13 2007
20,20,"Lovely staff We stayed San Marco Dubai 6 nights Feb-March 2007.We received warm friendly welcome, staff polite nice, eager help situation.The rooms ok, clean nice 2 star hotel. The location great, near souks, mosques also offer free shuttlebus service beach shopping. Good value money I would go back time.",0.46726190476190477,0.6285714285714287,Mar 5 2007
21,21,"good choice stayed san marco 3 nights. simple clean comfortable, small swimming pool roof great! location good 'local' parts city convenient airport.service okay, except one big but: I left postcards money reception guys post (their idea) none cards found way destination! never posted hotel. disappointing. left postcards also another dubai arrived due time.",0.2127777777777778,0.42547619047619045,Dec 18 2006
22,22,"ok Very clean, nice atmosphere. swimming pool closed serval days really bad. great location. poor restaurant, restaurants good dubai, love KFC pizza hut.",0.13074074074074074,0.6362962962962962,Jul 27 2006
23,23,"Great Great people Great value. We stayed san marco 4 nights feb 2006 &amp; received warm welcome, great service, lovely breakfast &amp; comfortable bed. Swimming pool nice little small side, staff extremely helpful &amp; accommodating. Great value money &amp; would definitely go back again.",0.45267857142857143,0.6928571428571428,Feb 21 2006
24,24,"great budget centre old dubai stayed dubai four nights cheap budget.great value 42 pound night. old dubai, next souks ,mosques really cheap good cafes . helpful staff,booked early .clean modern rooms,similar 3star spanish hotels,with roof pool, free bus beach.go mamzar 80p, Â£25 jumeirah!.dont put surrouding area,although shabby, extremely safe friendly.remember,this real dubai Â£300 night resort.in good value budget independent traveller.",0.30062500000000003,0.4534375,Nov 24 2005
25,25,finger weg!!!,0.0,0.0,Dec 12 2007
26,26,Hotel excellent,1.0,1.0,Oct 17 2007
27,27,TrÃ¨s bon rapport qualitÃ© prix dans quartier populaire,0.0,0.0,Jun 17 2007
