,Unnamed: 0,Reviews,polarity,subject,Dates_extracted
0,0,"Would recommend decent base city We stayed one night flying back UK, different BnB stayed before. Its much busier part city nice, especially night cools down, Al Muteena St vibrant cafes opening safe walk wherever wanted. A good location older part city, busy.We stayed studio apartments although modcons self catering, needed us call things like towels, crockery cutlery. Super rooms though. They also wanted hang passports retrieved without hassle. The rootop pool brilliant relaxing enjoying city above. The gym non-existent. All 4 pieces equipment broken bit dusty, dont even bother. The staff friendly organised us complimentary transfer airport early day departure, great location Dubai.",0.18358888888888888,0.5643111111111111,Apr 27 2009
1,1,"Great location huge room avoid breakfast I stayed 3-night stopover. Id never Dubai wanted good location, safe (for solo female) clean. The location map wrong - Al-Muteena St (on south creek side), 50 metres corner Omar Ibn al-Khattab Rd. I arrived around 10am, room ready! My studio apartment BIG. I use kitchen facilities I quick peek cupboards, main kitchen utensils there. The bathroom bit small, big bathroom need anyway, right? The loo flush properly, cleaning crew took care first day problems. A hairdryer appeared room within 2 minutes requesting it. Wide screen TV al main channels. The quiet aircon great. The check-in staff friendly, security guys concierges fabulous - helpful, great chat cricket. I even got 5.30am wake-up call. It's Indian part town, lots restaurants around, 24hr convenience store doors down. It's buzzy, lively area I never felt unsafe, even late night. Avoid breakfast costs - took 45 mins arrive cold! It's easy 20 min walk main Deira souk area (Gold, Perfume, Naif etc etc). No probs getting taxis. I think good value money expensive city. I'd stay",0.1477228999956273,0.5197354497354498,Mar 27 2009
2,2,Its neat clean The good. But somehow everything relaxed there. We told reception smoke coming oven took 30 minutes send somebody. Its clean hotel. They prepared jain food request. I think one best points indian restaurant serves good food. Further dont beef hotel. So recommend travellers india people dont like beef.Further one important thing diera taxi problem. Near bus stop trust makes sense travel bus. The timetable printed buses stick time. Further area buses crowded ok,0.40393939393939393,0.5736363636363637,Nov 5 2008
3,3,"Great place stay! The looks new newly remodeled. It nice clean. Our room HUGE! The staff extreemly nice helpful. We even got flowers one front desk girls thank kindness. We booked thru asiarooms.com got good deal. It pretty cheap compared hotels since new, clean, huge, well worth it.The downside room shower leaked little bit, big deal. Sometimes took us little get taxi front morning walked block able always get one.If I going stay Deira again, I'd stay here.",0.3036212121212122,0.6406818181818181,Nov 4 2008
