,Unnamed: 0,Reviews,polarity,subject,Dates_extracted
0,0,"Excellent apartment facilities secluded location... The arabian suites located Bur Dubai, every taxi driver struggled location...but didnt matter apartment facilities (gym pool) ideal short term vacations. The staff helpful attentive.",0.5,0.7,Nov 15 2009
1,1,"Priceworth serviceminded staff Zagy Arabian Suites branded ABC Arabian Suites. Very large apartment, reasonable prices including breakfast. Staff friendly, rooms daily serviced. The aprtment rather difficult find even gps, building number. No streetlights. Would definately stay",0.11101190476190477,0.5178571428571429,Nov 2 2009
2,2,"Dirty Its 4 star hotel, maybe 2 3 star. Worst thing dirty floors walls cleaners didnt change dirty towels sheets. Poolarea dirty (we one time). Breakfast ok, Indian customers (families) noisy. Location quite bad, metrostations far away (always take taxi). It still moneyworthy (9 nights/380â¬).",-0.32999999999999996,0.7666666666666667,Oct 29 2009
3,3,"NZ Arabia right! Stayed June year,never again!Rooms so, so,Pool area disgusting,&quot;breakfast&quot; joke.Only highlight staff.All helpfull overworked.The girl front desk told us day month.If looking somewhere stay break bank try The Golden Sands apartments,miles better.Oh AZ Arabia well truely stitched phonecalls.All local calls UAE free.",0.26785714285714285,0.46428571428571425,Oct 23 2009
4,4,"Dont stay Since got good reviews I decided stay here. Firsty room dirty, filthy cupboard doors, kitchen surface, oven, table tops, hair floor, dirty rugs, I wiped surfaces white towel..it black. I get housekeeping come clean place..at 10pm night, vacumm apartment myself. When I went go airport 5.15am, staff asleep front desk chairs lobby. Breakfast terrible, dirty room, cockroach ran bread basket. Pool closed. Corridor outside room smelt like toilet. Woman front desk rude unapologetic. They charged horrendous price 4 local calls sign information saying calls would charged. My family arrived NZ, I organised hotel, I embarrassed booked place. I recommend anyone stay here.",-0.22380952380952382,0.49166666666666664,Oct 20 2009
5,5,"Not Baad Nice apartment, kichnette. oven, fridge, washing machine, gas stove lcd tv make stay comfortable. dosnt like smell inside room. use full bottle deodrent get rid smell. room bathroom quite comfortable location good. remote area u walk 400 mtr get nice resturants.",0.42142857142857143,0.7071428571428573,Aug 18 2009
6,6,"Excellent I stayed 2 Bed apartment nicely decorated high level ie. Plasma screen,remote controlled lighting etcIt usual dated furniture.We 2 ensuites plus another toilet.The kitchen well equiped also washing machine.There small shop behind mosque also large supermarket 5 minutes walk Chinese Reastaurant.There also Indian restaurant ( Gazebos) , veggie restaurant next door pastry shop nearby.Our room facing mosque noisy.The reception staff extremely helpful always found taxis.The taxi service expensive (Â£10) ride Bur Dubai Deira.I booked Asiatravel got really good rate.I paid hotel.sameer",0.1640918367346939,0.591469387755102,Jul 30 2009
7,7,"Enjoyed stay I stayed Zagyâs Arabian Suites November 2008 9 days. I one bedroom apartment, though I paid studio. The apartment massive, 2 big bathrooms, fully equipped kitchen (washing machine!), massive living room. The dÃ©cor modern chic. The swimming pool small side perfectly adequate refreshing dip, gym dedicated hours women only. The bed extremely comfortable room service fine. Generally seemed quiet, masjid (mosque) across street I hear 5am call prayer, Islamic country hear wherever are. It lasted short time though back quiet again. Breakfast included rate good. A choice various hot items plus toast, fruit pastries keep people happy change selection daily. The staff friendly helpful. One downside pay internet local calls, I told case across Dubai. There internet cafes cheaper Zagyâs rate 15 Dhs hour. For example Al-Mankhool road across wonderful Lebanese Village restaurant (I ate nights, reasonably priced, nice food service) internet cafe shopping centre across street 5Dhs hour. The Bur Dubai Mankhool road new subdivision. Buses run along Mankhool road, figure read bus map (which posted bus stops), cheap way get around flat fare 2 Dirhams per bus ride. The way get around taxi, frustratingly difficult flag street. If preferred mode travel either phone ahead wait places people likely dropped (hotels, shopping malls etc).",0.19021302771302767,0.5985495985495985,Apr 6 2009
8,8,"luxury beware noise mosque! fiance stayed zagy week's holiday recently thoroughtly enjoyed stay.the apartment given side facing onto quiet road 5am shattered call mosque!!that would disadvantage staying here, pair ear plugs sorted us second night!the apartments luxurious, clean modern every convenience.the staff attentive friendly.the breakfast ok good enough get started morning - went staples toast, cereal coffee!the swimming pool clean cool - important heat plenty loungers sun deck.the great calling taxis, easy flag one down. however many taxi drivers know was, tell mankool road near richmond - mosque comes view, know are!!i'd definitely recommend would hesitation going back staying dubai.",0.2623232323232323,0.5755555555555556,Mar 11 2009
9,9,"budget dubai best After reading reviews wary stay zagy, fears unfounded . I found staff helpful anything needed got within min utes. Our one bedroom apartment airey light, beds comfortable clean, opposite mosque hear call prayer 10 minutes so, recommended friends going back budget accomodation best",0.23263888888888887,0.47374999999999995,Feb 27 2009
10,10,"Highly Recommended!!! Stayed Zagy Jan09. Our usual preference 5* beach resorts needed City Zagy came ebookers excellent rate including flights Royal Brunei.Admittedly went reservations 4* (in Dubai there's big difference 3-4* 5* hotels). We pleasantly surprised.The location away hustle &amp; bustle touch go getting taxi, one occasion able get one came got number one taxi driver got every time needed go somewhere arranged time pick us outside - solved taxi problems.We got late evening asked upgrade managed haggle bit get reduced. Their policy ask AED100 deposit mini-bar returnable use anything.The reception grand all, staff very, welcoming. And yes agree reviewer lady Africa, helpful found cleaning ladies cheerful whole. One small point wash dishes clean room.The wi-fi quick, easy get real bonus access rooms 'business centre' really two terminals past reception lifts. It's AED15/hr expensive compared around AED5/hr internet cafes, hotels always expensive log many times need hour used up.The two buildings A &amp; B, got pools, A's got Gym B's got restaurant. We building A going breakfast meant going next door, they're happy call, place order bring breakfast room extra charge (our rate also included breakfast daily).The restaurant tiny acceptable range offer breakfast really set day. The 2-bed room suite brilliant. Very spacious; modern; comfortable; good climate control, BIG kitchen - referred mini-bar full sized fridge-freezer!The negative points room short crockery/cutlery mostly ate miss advised first got room avoid problems later. There also advertised things missing - in-room safe, bathrobes shower curtain one bathroom, things sorted efficiently quickly. We came across quite dust balls around rooms, generally rooms clean.The morning call prayer Mosque opposite quite loud, maybe ask room side hotel.All found little fault accommodation found acceptable alternative normal choices, much opt stay city again, would definitely go back there.",0.17155701754385966,0.4780994152046784,Jan 31 2009
11,11,"Comfortable stay Zagy Zagy located quite empty quiet block, despite mosque front hotel. Because location itÂ´s hard catch taxi hotel, itÂ´s worth walk gas station behind get better luck rides! Rooms big, clean comfortable equiped kitchen balcony. The breakfest poor breakfest room located building next hotel. Pool ok, pool area pretty dirty.",0.0503125,0.533125,Jan 7 2009
12,12,"Value For Money Being travel agent, got fantastic deal INR 5945/- per person including taxes DEL-DXB-DEL ticket I got booked wife myself. Since colleague's anniversary day 22nd Nov, also booked along me.Now next thing sorting hotel. I told Bur Dubai good area stay. All hotels looked kind expensive want spend much. Then, came across 4 star rating 2 bedroom suite matching budget. We booked thru website. The located quiet street right opposite mosque. The suite given 2 spacious bedroooms, dining table, sitting area, 2 attached bathrooms fully equipped kitchen. All all, good apartment. The swimimg pool, located rooftop, cold water. The breakfast average probably average opinion. There vegetarian restaurant 5 mins walk supermarket 3 mins walk hotel.Overall, value money deal I go back, I would like stay again.",0.10104761904761908,0.4582698412698413,Dec 2 2008
13,13,"Clean safe - Was lucky find hotel. The lovely safe area. There Mosque across parking lot ready wake 5am! There also grocery store behind Mosque. Very convenient quick trips.DO NOT USE cab. You charged triple rate more. They seem make go along. Just go main street get cab. Not always easy worth saving. On last day, tried charge 100 dirhams 25 dirham trip airport. Also, drivers always knowledgeable Dubai. My last driver unsafe new Dubai driving , I think I going make destination. In fact, I late - Burj Al Arab. One famous region cabbie can't find it? Give break!There 2 gyms 2 pools. One working I Gyms little frustrating call unlock door even gym hours. But clean equipment good.The free breakfast pretty good. A mix Middle eastern Indian food. Also traditional eggs toast options The staff coffee shop nice! As nice man cleans rooms lady operates gyms.If anything need, sure ask wonderful Kenyan lady day shift. Avaoind male evening staff. She knowledgeable honest person there. Her prices always fair correct never felt cheating you. She pleasure!All all, I enjoyed stay. I loved room ( washer dryer + full kitchen!!!!) I would absolutely recommend others. Like anywhere, small annoyances aware great.",0.3309132339015151,0.6194468494468494,Nov 3 2008
