,Unnamed: 0,Reviews,polarity,subject,Dates_extracted
0,0,"Very good Very good stay expected like good holiday inn express. The breakfast complimentary fitness centre open 24hrs. The downside internet access, charge flat 20aed 1hour, want check email still 20aed minutes. Everyone nowadays need internet access go, I think holday inn need re-think policy internet usage.",0.23699999999999996,0.516,Nov 25 2009
1,1,"The best! We travelled family 5 elderly woman. Wonderful hotel, brilliantly friendly staff ( especially Mohammed reception desk)- liked 5* also stayed Dubai ( shall remain nameless). Definitely worth going- BEST FOOD long time.",0.42250000000000004,0.58,Nov 23 2009
2,2,Value Money This located better two Holiday Inn Express hotels available Dubai. The close Shaikh Zayed Road. It really good value money Dubai.,0.335,0.43499999999999994,Oct 24 2009
3,3,"They understand customers In beginig I bad surprise I compared low rates october 2009 high rates I paid advance (non refundable) I reservation march 2009. I used think prepaid payment offers good prices, DubaÃ¯ year, I awfull regret refundable course impossible cancel book discount price.But phone calls emails , I found agreement manager, deal honest (It seems hard time business DubaÃ¯) .So intercontinental group hotel, good customer service standart. Stay calm polite them, understand point view understand",0.06378787878787881,0.5534848484848486,Oct 14 2009
4,4,"excellent choice good location, withing short driving distance attractions Dubai. clean, nicely furnished rooms. importatntly affordable price.the thing like breakfast, found poor. excellent rate, breakfast big dealwill definitely recommend",0.33435897435897444,0.636923076923077,Sep 24 2009
5,5,"Ok Hotel clean watch paying checkout! Our stay ok best! stay much except sleep &quot;eat&quot; morning. &quot;continental&quot; breakfast ok best, much variety all! bread, cereal, milk juice get. I liked clean lobby entrance areas. The front desk people friendly, except nice Vietnamese girl, unfortunately saw upon initial arrival! others we're rude per say, acted clever tried rip sly sort way. There also much noise hallways upstairs even call security! We clearly payed room thru Orbitz leaving Dubai even print receipt us. Upon checking out, 2 days later, said receipt invalid told us reservation, actual receipt! After arguments ended paying room (again), could shut guys going win argument. After coming back trip checked credit card statement guess saw? Obviously, double charge room! After appealing disputing several times credit card company investigated matter kindly refunded money back. WHAT A HEADACHE!!",0.28255555555555556,0.45588888888888884,Sep 23 2009
6,6,"excellent stay 2 star 5 star personality. got back holiday inn express safa park, travelled mother stayed twin room. It first time dubai ramadan, wanted stay frills hotel. We travel lot always tours beach, knew spend great deal time hotel, much Dubai.Our room modern 12 months old, immaculate clean tea/coffee facilities fridge, tv. Could fault room, excellent staff made us feel valued special.We breakfast included cereal/juices/fruit toast, lot selection problem.This 2 star feel like england could easilly pass 4 star. The place next safa park Gulf news(good landmark taxi drivers)For Â£48.00 night room rate including breakfast great staff good safe quiet location, free shuttle beach Dubail mall can't go wrong. Note shuttle leaves 10.00am Jumeriah beach park 10.30am Dubai mall.However swimming pool important one!!.If anyone would like information please hesitate contact me.",0.3108333333333334,0.5933333333333335,Sep 12 2009
7,7,"Friendly clean great location. Excellent value money. Stayed days business found conveniently located beach, Dubai Mall, Creek Marina. Staff exceptionally friendly helpful, rooms clean modern. Only minor complaint breakfast basic.",0.2444444444444445,0.509375,Aug 19 2009
8,8,"Ok business The rooms great functional. It feels like budget expect standard. However, view best burger town perhaps I hungry night. Fitness facilities limited breakfast ok included price.No room service.Internet though fast reliable big help.",0.21607142857142858,0.3616071428571429,Aug 15 2009
9,9,Clean Good Value Typical Holiday Inn set Business travellers. Rooms clean well equiped amenities extra toiletries there. The shower taps hard work out. Good breakfasts. Very helpful friendly staff. Free shuttle buses Dubai Mall beach bonus. There restaurants around nothing much else need take taxi everywhere. The restaurant limited menu food passable. There good gym top floor.Dubai Mall amazing enjoyed old part Dubai. Good value,0.33571428571428574,0.5097117794486214,Jul 11 2009
10,10,"As usual Holiday Inn Express disappoint We stayed 2 days impressed. The staff friendly, facilities immaculate free parking bonus us. Hotels Dubai expensive would perfect persons like us want explore (ie laze around day). The meals restaurant actually quite good too. They free shuttle Dubai Mall beach.",0.34722222222222215,0.6388888888888888,Jun 10 2009
11,11,"Great value service - would definitely recommend!!! Lovely helpful staff, nice rooms, clean, impressed, great value, location pretty good, stay regret it!!!!!!",0.5806666666666667,0.756,May 12 2009
12,12,"Better 5-Star Hotel!!! I went value location near highway trip Seven's Rugby World Cup. I didnt expect much price affordable unsure bare bones Holiday Inn Express would be, never one. Upon arrival though, greeted great staff helpful giving friends I adjoining rooms. We saw rugby fans staying well, good sign. Our rooms awesome. Very spacious quiet, even though near freeway. From hotel, piece cake catch roads needed get Rugby Sevens stadium. After returning 1st day, found cheerleaders event also staying well. This could wrong. We went buffet offered food excellent. The chefs deserve kudos upon kudos. We went 2 3 nights food good. continental breakfasts morning, included room rate, good enough tide morning. I can't say enough great experience stay here. I'm budget concious place worth every penny I spent. If expect pampered catered upon, go resort. If want greeted warmly staff matter time day night, want great place eat get monies worth stay, go Holiday Inn Express.",0.39082932692307704,0.4822435897435897,Apr 1 2009
13,13,"The Best Budget Hotel Dubai I really liked hotel.It's new opened 2008, clean nice decorated.Everything need budget hotel.The bathroom clean, room standard decoration, clean.There car parking basement.The disadvantage internet expensive (27$ per day)",0.29774410774410776,0.6516161616161616,Dec 4 2008
14,14,"Cool I spent week found excellent buisness hotel.This would plan spend much time provides excellent service.Breakfast continental buffet- more, less. It constantly replenished croissants, cheese , meat, fruit etc.Lunch dinner available limited tasty menu service great. The lounge bar spacious comfortable staff reception cheerful helpful. In fact, staff I contact nice.This new modern hotel. The rooms everythng I needed clean comfortable. Laundry service good too.The gym small nice. Cycle, cross trainer, 2 treadmills, weights, tv water cooler. My one problem aircon. My room cold. I turned AC 2 days change! So advice bring sweater!Location get taxi everywhere. This biggest problem I had. This sleep grab quick bite eat at. As base holiday, lack pool outdoor space, means need leave everyday , often twice three times. Due location , need take taxi everytime, want go shopping go beach park anywhere. They may cheap become drag. (Long waiting times, refusing take you, taking longer routes, expecting large tips. These things occurred half time drivers good , become annoying.)As fairly new, lot drivers know helps mention &quot;Gulf News&quot; next door. An ATM, cafe mini-mart found building directly opposite entrance.",0.19180627705627712,0.5132004870129869,Nov 5 2008
15,15,"Perfect base explore Dubai We enjoyed two night stay Holiday Inn stop way Malaysia. It good, basic added extras. The reception area big, clean staff friendly helpful. The rooms well equipped everything would need couple nights. Although isnt middle main areas Dubai, good base explore dont want spend time pool (it doesnt one!) If, however, want pay reasonable price save money shopping, eating visting hotels, using facilities (for example visited Aquadventure Atalantis) without paying prices, street!",0.15889880952380947,0.5688095238095239,Oct 25 2008
16,16,A Holiday Express! I stayed Holiday Inn Express July September whilst I trying find accommdation I started working Dubai.I found excellent value money services offer exception pool remember nature hotel.The staff management courteous every way nothing much trouble.I would hesitate recommend anyone. It's centrally located easy access Sheik Zayed Road.I found best radio station listen whilst staying Dubai Classic Hits Radio 2 99.3 FM 106 FM travel Abu Dhabi.Radio 1 also great listen 104.1FM &amp; 100.5 FM Abu Dhabi.,0.5475,0.5625,Oct 22 2008
17,17,"New reasonably priced Sheikh Zayed Rd. I booked www.asiatravel.com gave higher rate receptionist offered arrival door! However, stay pleasant. The room tidy clean bit smaller size I expected. outdoor indoor parking available complimentary.The complimentary breakfast joke! Basically cornflakes, 2 types juice, toast coffee! However, business traveler perhaps enough one staff said!I used gym right breakfast. After warming up, house keeping guy came gym room started cleaning! Vacuums, sprays, sweeping floor not! No courtesy alone athlete trying morning exercise.Finally offers wired high speed internet connection expensive. Not that, also accidentally close internet browser, mercy, pay full price re-connecting. So ever need internet Holiday Inn Express Safa Park, please make sure laptop internet explorer screen open time pay dearly.Overall, good 3 star business oriented.",0.2601837367178276,0.5839006952643317,Aug 21 2008
