,Unnamed: 0,Reviews,polarity,subject,Dates_extracted
0,0,"Best Location Dubai Why select place like Dubai travel shopping &amp; enjoy Desert Safari Dhow Cruise both. In new Dubai get taxi cab easily, wait hours roadside still may get it. Because I always stay Astoria shopping waiting taxis suffering traffic jams. The front desk entire safari booking.I choose Curry House Restaurant meals without disturbance. Itâs good place stay know handle mindset.",0.44494949494949493,0.5521464646464647,Sep 7 2009
1,1,"Stay Away!! This Hotel first list hotels stay future! And decide minute enter hotel.Poorly lit lobby worn interiors welcomed us. The room average, appeared like jail, bars windows.The beds worn out, average room service. The bathroom ok.Location great. You take cab go main areas. However close Indian Market Mina Bazar, buy stuff.",0.12145833333333333,0.34520833333333334,Jun 4 2009
2,2,"Seedy Brothel This u're basic seedy prostitute pick point. Although site they've advertised Sur Sangam live indian entertainment club, nothing vulgar dance shows money hungry managers coaxing throwing money away. The Three stars actually stand Third class.",-0.11272727272727272,0.30500000000000005,May 11 2009
3,3,"NICE HOTEL stayed Hotel Astoria Dubai, 10 times diferent business trip.i enjoyed stay includes facilities Hotel provided.\Me still prefer stay Astoria time Dubai.\S.John",0.5333333333333333,0.7333333333333334,Mar 6 2009
4,4,"Cover Business basic brothel Basically put, even go restaraunt first floor unless enjoy solicited sex. The place called TGIT (Thank Goodness It's Thursday). I even reached bar eastern European girl approached introduced herself. Not knowing nature place, I thought maybe I'd found someone chat bar. I asked she'd like something drink reply was, &quot;Yes! You!&quot; After asking meant, said wanted take apartment I'd need discuss price boss......Yikes. Visions blood tests danced head. I took look around realized 20-some women bouncing guy guy. I'm even sure serve food TGIT none 50 people eating anything. Like poster, I clue rest like I left abruptly.",0.11249999999999999,0.4027777777777778,Jan 5 2009
5,5,"Lobby bar brothel We visited Astoria recommendation well-known travel guide decided eat lunch TGI Thursday's American bar/diner ground floor. Big mistake. We naively wondered many attractive (and less attractive) unattached young (and young) women loitering around bar restaurant. We realised talking middle aged men, typically British, unnaturally thrilled older partners. Looking around, realised that, apart waiting staff, ones involved either buying selling sex. Not nice atmosphere - sleazy joint. We left without eating. Avoid bar/restaurant like plague unless looking sex money. Don't know hotel, restaurant like it, I stay there.",0.13333333333333336,0.4555555555555556,Feb 2 2008
