,Unnamed: 0,Reviews,polarity,subject,Dates_extracted
0,0,"information Al-Hijaz Heritage motel Hi.I spent long time looking cheap place stay Dubai 10 night,I heard definition Al-Hijaz Heritage motel. Only I know cost per night stay airport How far Dubai.If someone area contact email.[--]yours sincerely,E.Rad",0.06999999999999999,0.64,Oct 17 2009
1,1,"Dubai Budget My husband I spent long time looking cheap place stay Dubai 3 night stop south east asia. The Al-Hijaz best deal could find.We arranged early morning airport pick via email. Although find person pick us initially, waiting outside. We arrived around 6:30am wait 11am check in, despite one else staying hotel. We eventually checked room, nice, quite traditional basic, especially comparing hotels Dubai, comfortable. The major side room mosque tannoy system directly outside bedroom window. This made loud alarm call 5am every morning.The breakfast terrible, choice. An omlete bread tea coffee. Some staff friendly others grumpy.Overall good budget option dubai, though better breakfast tannoy window would make excellent option Dubai.",0.18204106280193236,0.4973429951690821,Nov 19 2008
2,2,"Cheated price often Checking comments website, seemed quite OK, I booked HP. Quick response reservation. After several confirmations air port pick-up including last-minute mail exchange, end welcome air port expected 5 AM... Called hotel, person answered kept telling &quot;Pls call 2 hours&quot;. So took public bus al-Sabha bus station took long walk there. A staff finally came 8am. No apology check-in, though I showed confirmation mail. Beware, appeals free charge, charge 50Drh check-out, price take cab air port. No early check-in allowed, I finally allowed use shower 10am. The room best thing hotel! Bathroom clean enough. The towel old dusty...better bring own. Breakfast good; omlette cooked beans bread, tea, coffee fresh juice request. Adequate qty. The worst thing cheated price check-out. I took memo total amount stay paid. But claimed without tax 20%, I shld pay more. Didnt remember I quote total amount moment(stupid!), complaints, reached agreement add 10% instead 20%, 420=462Drh/night. Back home, checked website, written 350+20%=420!! So earned 170Drh(USD 55) payment. Do check price tax services advance. Staffs professional friendly. That's tricky. Rooms OK, service pay match. Pity, I go again...or documentation, maybe cld survive win!",0.17527777777777778,0.49416666666666664,Oct 27 2008
3,3,"Local flavour great value. This 5-room motel great value money. I've yet find Dubai match price hidden gem.It offer usual 5 star facilties; 5 star dining, swimming pool, &amp; butlers.What good friendly staff willing go way help you. The rooms clean. The acrhitecture IS Dubai, generic rooms get world. This motel within Al-Ahmadiya/Heritage House Museum complex, thus giving phrase 'Night Museum' reality.Airport transfer provided, missed him. My dad arrived later day problems though. Point remember, rates include airport transfer, get motel's phone number call find driver. He's somewhere crowd pickups.Location may difficult explain taxi drivers, simply tell get 'Al-Ahmadiya School Museum'. This disadvantage also plus point. It's centre Al-Ras within stricking distance Gold, Spice Naif souqs.Photos trip Dubai/Al-Hijaz Motel:[--]",0.07500000000000001,0.4853422619047619,Jan 25 2008
4,4,"A long way go........ A pick service purportedly available stated email, none arrived night. Do direct cabby Al Ras , Al Ahmadiyya Museum 40 AED. Cabbies see signboard primary road directing museum. You alight along road motel museum compound.We got know Lonely Planet Best Dubai got help card concierge service call up.Location wise good Deira souq area. You wont bored night. It internet &quot;cafe&quot; fully occupied night foreign workers India etc. We assigned family &quot;suite&quot; spacious clean bathroom. Dun expect nice curtains,beddings, carpeted floor nice toiletries. But I certainly feel overpriced even double. You get good deal St George's,a road, priceline octopus services decent frills. . Regretted choosing Al Hijazz. As frequent traveller experiences living dinghy room good service 5* accommodation. With price Euros $150. One could get 4* suite room heritage Singapore, Marrakech, Istanbul lisbon. These expensive cities I've stayed twice. The plus point Al Hijazz beautifully restored house.Service third world standard. It pity YWCA Kolkata, India even better service reception, calling taxis,help breakfast table. Big question...Is Al Hijaz auberge de jeunes heritage motel? Breakfast two strawberry jam buns person, coffee/tea orange juice. offered cups complimentary tea/coffee never served waited 40 minutes courtyard. We saw Indian &quot;brewing&quot; tea, gone, came back.... time us leave motel.No offer given help luggage upon checkout except courtesy call cab. The cabby cursed wait 30mins along road fined 200AED. No one reception responded driver's call. We left bad experience poor motel service. A total ripped off!",0.17548752834467118,0.48410430839002266,Dec 19 2007
5,5,"Perfect Exploring A great looking authentic experience Dubai. Located next Gold Souk, great exploring. Air conditioned internet cafe inside. Set around quiet courtyard external windows (Yes, sounds strange - that's used be!). Complete lanterns dark wooden furniture. This place go looking relaxed beach vacation - excellent choice backpackers wanting little something more.",0.3071428571428571,0.47380952380952385,May 5 2007
6,6,"Good Budget Accomodation Dubai On way Germany wife decided spend 4 nights Dubai. I heard alot exciting things happening wanted good look around. The first thing organised accomodation discovered accomodation anywhere Dubai cheap! After searching internet found Al Hijaz Motel (---), given wanted clean place sleep (as would time) booked it, motel responded emails.Point note, get airport head straight legitimate taxi rank (if cannot pick up, Al Hijaz pickup service). Don't get suckered getting &quot;private car&quot; like did.Ã It cost us AUS$30 get Motel taxi would cost half that! One thing realised that, many people know Al Hijaz is, take along address case tell taxi exact address. We found Alhijaz centrally located Dubai, old city Al Ras. You walk small walk way street get it. Thebuilding restored heritage building leased goverment motel.Point note, website says 10% service charge, actually 20% get there, end day, much cheaper places.Given could find reviews motel, pleasantly surprised building quite good condition. I'd class budget 2 star, get money chance stay historic building large rooms, great atmosphere resonably modern bath room shower toilet.The door room opened locked using sliding bolt padlock (interesting). The room stayed great 4 poster queen 3 air conditioners !!!All all, budget accomodation want something affordable clean, Al Hijaz nice place stay.While Dubai big bus tour, great way see sights cheaply 24 hour period. Also point note, alot &quot;around clock&quot; construction going Dubai, alot around expensive resorts, looking tostay 5 star, many resorts especially along beach front surrounded construction. Al Hijaz not.Pro'sGood locationGood priceNorth African Food prepared restauant delicious!Internet cafe within motel cheap handyRoom size large 3 air consbed confortableroom cleanvery safeManager &quot;Sal&quot; helpful friendlyRight next door famous Gold SoukCon'sAlot guests north african, although friendly, nights bit noisy lobby area.Right next door Mosque expect regular &quot;call prayer&quot; wailing coming next door megaphones.Early morning call prayer woke us first morning.We great time Dubai, one highlights booking overnight stay desert Arabian Adventures called Starlight Express. It unforgetable (if dont mind roughing bit!) Dubai great place visit, would highly recommend anyone. We found safe.",0.23461889787361484,0.4858464072615014,Jul 23 2006
7,7,Dommage,0.0,0.0,Dec 13 2008
