,Unnamed: 0,Reviews,polarity,subject,Dates_extracted
0,0,"Great value money We got good deal hotel, stayed 10 nights. The good points studio apartments clean well equipt. They spacious. There bus stop nearby metro ( course taxis cheap. The staff helpful friendly.)You must aware though building next door, although never heard banging, opposite side hotel, I imagine would awful right next hotel. I informed currently half let out.The pool lovely quiet, overlooked builders. You get used though. Take pod block noise.The fire alarms went least 4 times I little nervous, one never would know false alarm. The alarms sensitive.We 13th floor, top although I would return , I would prefer higher 5th floor. So book it, ensure next building site super time.!!",0.14641865079365082,0.438015873015873,Oct 30 2009
1,1,"Perfect long term visits Stayed star boutique two weeks business, staff exceptionally friendly time day. Rooms clean &amp; spacious, I stayed studio type room perfect one person. Kitchen came fully stocked utensil may need. Pool &amp; gym great, clean quiet times I guest pool. Location good, within walking distance Deira City Centre getting taxis challenging, I recommend getting small location map give taxi drivers directions times aware I wanted go (this common Dubai many hotels). Overall, great stay downfall internet connection expensive plan use frequently.",0.2621666666666666,0.6401666666666668,Oct 13 2009
2,2,"Gorgeous... I recently stayed Star Boutique amazing! It's 10 minute drive airport city centre.I booked 1 bedroom apartment stunning. The apartments well equipped, spacious, beautifully decorated very, clean....it felt like home.The staff friendly, helpful work really hard provide great service. The resident manager absolutely charming!I used internet cost 20 dhs hour.I definitely staying again.",0.3187179487179488,0.7408974358974358,Aug 27 2009
3,3,"I recommend 3 night-stay extended originally 1-night transit coming Munich. The great location (very central), rooms decoration, value. The bathroom good two showers area. One major advantage Dubai's busy streets hotel's proximity airport. The drawback might avilability parking lots (in case rented car)",0.2910714285714286,0.6035714285714285,May 31 2009
4,4,"couldnt better around stayed many hotels. one feeling make go back. view creek stunning skyscrappers background forget tallest one 'burj dubai'. interiors, pool, gym, near city center staff really good. one wants stay boutique without paying big bucks, star best choice dubai. sure staying May visit dubai.",0.35727272727272724,0.418989898989899,Mar 18 2009
5,5,"Perfect real Dubai We stayed Star Boutique 5 nights. We chose location close Creek Deira City Centre - Dubai knew wanted be. The Star Boutique perfect location thrilled get room 301 - one bedroom apartment, booked, interrupted view creek Bur Dubai corner balcony, huge kitchen, large lounge area everything needed. We use restaurants, room service quick food good. Our dishwasher work, brought us fairy liquid little needed wash matter - left side morning washed came back afternoon. If want real Dubai dhows creek seeing every day normal life - best place opinion.",0.4007227891156463,0.5127551020408163,Jan 25 2009
6,6,City Center ???????????,-0.1,0.1,Nov 12 2009
7,7,Business,0.0,0.0,Oct 31 2009
