,Unnamed: 0,Reviews,polarity,subject,Dates_extracted
0,0,"decent peaceful location near dubai knowledge village internet city. Ample car parking decent price 100 dollars room 2. could attractive priced around 75 dollars. breakfast simple many choices. ample car parking available located minutes new dubai area marina, jumeirah beach residence, mall emirates etc..the access could difficult except cab car heart city.would stay similar price better deals!",0.22039141414141414,0.5704184704184704,0.5704184704184704
1,1,"Great decent-priced Internet City area next Dubai Knowledge Village. I paid ~$150/night, part regular trip I make Dubai teach Gulf Photo Plus. We put Holiday Inn year, made fan.If business Dubai Knowledge Village, could hardly better money.They shuttle runs DXB airport, grab cab pretty cheaply.Rooms nice -- clean, simple, etc. Internet weak link -- expensive fast. But get free next door cafe court DKV. Just punch properly formatted phone number gleaned nearby flyer in.Breakfast mix western middle eastern. The little chocolate croissants add caloric intake entire stay. (If want make cold cut sandwich breakfast, ask condiments behind counter -- them.)The Vista Bar atop go -- sheesha, beers, fantastic view balmy nights. We closed place nights week-long events.Cabs cheap anywhere (hey, gas dollar gallon) get good food cafe court DKV, across parking lot behind hotel. The indian place good, BTW. But lots typical fast food options, too.Very serviceable hotel, make stay near DKV worry-free. Recommended.",0.11179687499999999,0.5520020604395603,Nov 24 2009
2,2,Great short stopover .We stopped Dubai couple nights way Italy. Taxi drivers trouble finding place sometimes better expected. Its budget good price good location. They also offered free shuttle Mall Emirates.,0.35,0.51875,Oct 12 2009
3,3,"Vista restaurant hidden gem I'm Dubai-based journalist. I've never stayed can't comment rooms, I visited Vista review feel obliged shout rooftops great was. I say I expecting much - Holiday Inn Express God's sake - food genuinely delicious staff unfailingly polite helpful.In city many restaurants charge half month's wages bottle water food ok great, Vista really stood somewhere charging reasonable prices good grub. Furthermore, decor stylish views Burj Al Arab, outside temperatures allow check out, superb.",0.34761904761904766,0.5464285714285714,Jun 17 2009
4,4,"string ... fine Stayed 3 nights Holiday Inn Express. Usually stay upscale places (4 star up) client booked one discussion. Overall, I can't say bad experience. Lobby large clean accommodating staff, although English mediocre. Rooms small tidy bathroom big many upscale expensive places; water pressure shower good too. No noise issues often happens Dubai hotels (thin walls &amp; loud guests). Choice breakfast limited, quality quite okay. Gym tiny machines working (under repair). Taxi drivers know place, need wait hours hours ride. In short, fine budget Dubai.",0.07271428571428573,0.46852380952380956,May 25 2009
5,5,"wouldnt rate highly ok, stay, rename budget rather express. Room ok, breakfast limited, reasonable expensive hey middle east.",0.10476190476190476,0.4071428571428572,May 24 2009
6,6,Good value money A good reasonable price business trip need somewhere sleep breakfast morning. Clean nice rooms everything need more. The included breakfast buffet varied basic assortment bread become little bit boring days. If donât want eat dinner quite costly restaurant I recommend visit University food court five minutes walk hotel. I recommend use hotels taxi service pay nearly double price compared ânormalâ taxis. As sum good basic stay Dubai donât really high expectations personal service.,0.15818627450980394,0.5641176470588235,May 16 2009
7,7,Nice Hotel We needed attend book fair Abu Dhabi also appointments Dubai. This almost edge Dubai towards Abu Dhabi suited us fine. Always missed traffic. Very convenient renting. Free parking. Very clean. Nice breakfast. Really enjoyed stay.,0.48666666666666664,0.76375,May 3 2009
8,8,"Sightseeing Holiday As base met requirements. The staff helpful pleasant always greeted smile hello. The location excellent getting anywhere wanted go, taxis cheap. We excellent accommodation washing facilities breakfast lovely, cold buffet, good selection foods.I would highly recommend using one hotels type holiday, offers everything need, good value round I would hesitate use again. Also benefitted excellent restaurant called Vista next it, I best food I eaten many Restaurants Dubai, put list must dos.",0.3785185185185185,0.6092592592592593,Apr 24 2009
9,9,"2 star - 5 star service Always stay I Dubai. Management staff friendly,efficient attentive without sycophantic. (Big problem part world.) The rooms large,always immaculate regards cleanliness housekeeping staff provide standard service counterparts &quot;downstairs.&quot;I want stay anywhere else I Dubai.",0.1,0.28125,Apr 13 2009
10,10,So cool enough visit A Five stars service staff managers. I worked many parts world stayed serious hotels nothing compares relaxed atmosphere hotel.,0.2527777777777778,0.5527777777777777,Apr 11 2009
11,11,"worst world"" I've stayed luxurious five star hotels I've stayed $2 night budget hotels soul five star, $160 night tops list worst world.I spare minute details hairs shower cubicle previous customer fact soap bathroom. I mention snack bar empty yet fridge switched running wasted energy.But I tell give damn. They simply care. I stayed room 459. I Dubai business. The first night I developed really bad headache verging migraine. And I asked reception could provide aspirin said stock aspirin. They said I would need go get myself. Fine I thought I'll go room hopefully nap I'll fine go get aspirin myself. But night continued, headache developed full blown migraine. I called room service asked could provide aspirin. The woman end phone said would see could do, I never heard back.So little later I verging delirium half thinking brains going blow out, I called pleaded could least drop bottle water. That I'd heard robotic reply room service. Now please someone tell room service day age? Yes I buy fact lower end market, still fully fledged rates charge exactly humble. Around $160 night still reasonable price expect minimum level service amount. It wasnât request club sandwich fries exactly. All I wanted consideration situation.Finally security man arrived small bottle water. Obviously never bothered check I I never got requested aspirin either. So I lay dark I took empty ice bucket fridge put forehead I could cool desperation. Necessity mother invention all. As I lay dark trying survive night, I finally fell asleep. But I awoke several times night agony thinking darkest thoughts. And believe it, also wanted charge bottle water!To cut long story short checking I also discovered spectacles missing. So I called lost found department next day took several phone calls UK mobile phone realise I getting nowhere. A promise email reply whereabouts lost glasses also meaningless empty promise. I say care.Finally I resorted old fashioned tactics. A friend kindly drove way back I thought personal presence might make difference. After several conversations waiting around lobby explaining I hurry, I certainly want spend last hours Dubai Holiday Inn Express, I finally spoke lost found supervisor, unsurprisingly could locate glasses. He said never found. He said checked person made room departure even though I'd specified Iâd left pillow. So either stolen disposed of. I admit glasses quite old exactly attractive people likened Ugly Betty glasses, value mine. So end up? I ask Holiday Inn Express would disappeared? Obviously tip. So exuse repetition. They simply care.",-0.0527964959568733,0.4124663072776281,Apr 10 2009
12,12,"Eh ok. Considering I spent $150 per night, I expecting much. Yes, little way I found city spread is. There usually taxis available front not, bellhop would get one pick quickly. I annoyed internet fees, especially connection fairly slow. All all, average awesome city. Next time, I probably stay closer city center.",0.09036458333333332,0.478125,Apr 7 2009
13,13,"great place stay I normally review hotels I stayed Holiday Inn exactly time previous reviewer I thought I'd add I found staff helpful considerate, shower worked fine, bed comfortable, ideally placed event I attending. As internet: yes, expensive, UK standards least, worked reliable. I also add I stayed last year, would stay again, issues recommending anyone else.",0.17727272727272728,0.49166666666666664,Apr 7 2009
14,14,Wonderful Stay I stayed express Holiday inn Internet City early Jan 2009 one nicest simple standard rooms. The atmosphere check-in check great. It really wonderful management keep place warm; friendly peaceful atmosphere.,0.4666666666666667,0.5730158730158731,Feb 8 2009
15,15,"good Express stayed several times great. rooms clean front desk friendly helpfull. however, could'nt underatand big change rate...Dec'07 stayed $100 Dec'07 $275 !location great want get away Dubai traffic. many attraction points close mention nearby petrol station nice mini market fast food place.highly recommended.",0.40469696969696967,0.5281818181818182,Jan 6 2009
16,16,"Holiday Inn - Could 5* Hotel! The Holiday Inn Internet City hidden gem Dubai. It's great location Marina newly opened Walk JBR. Mall Emirates 10 minutes dive away also. The rooms well normal Holiday Inn rooms walk shower fab! The desk large enough comfortably work - tv new plasma format. The staff friendly willing help out, considering expensive hotels Dubai â clean comfortable base I wouldnât hesitate recommend it.",0.11246956168831167,0.6200622294372294,Jan 4 2009
17,17,"Good business Internet City Jebel Ali Holyday Inn Internet City ideal short business stay, work Internet City Jebel Ali. Far City center, surely good location discover Dubai. There good bad surprise, service often Dubai erratic, rate average transfer airport take time increase bill. As limousines late, taxi best solution DXB. Rooms dark taste, large ok sleep 2-3 days, restaurant cheap, real choice.",0.06339285714285715,0.5309523809523811,Jan 2 2009
18,18,"A Holiday Inn Express Experience I arrived less week ago, I'm booked end December 2008.The staff friendly, courteous helpful. Nothing much trouble.The rooms standard decor, comfortable beds, decent desk/workstation area, soothing power shower.Breakfast slightly disappointing (probably I'm booked long - limited choice many days!!!). There's choice breads, cereals, yoghurts, cheese, cold meat, fresh fruit, plus juices hot drinks (when coffee machine broken down).The best locations, sometimes difficult get taxi, even ask reception security call one (I waited 45 minutes today, gave up).My biggest gripe internet access way charged. I bought 24 hours access - logged sent couple emails, logged internet, per compulsory pop-up box. I went bar couple drinks returning room. When I logged back on, &quot;meter&quot; advised I 21 hours 45 minutes left, even though I'd 15 minutes earlier evening. What point button says &quot;Log internet&quot; if, fact, stop clock counting down?? Come guys, must able offer customers better deal this.I'd welcome opportunity discuss face face Mark (the General Manager).",0.13403718527640943,0.514313081554461,Dec 3 2008
19,19,"nothing good except Vista Unless company Internet City; please stay here. disappointed especially stayed hotels closer Dubai. Its overpriced USA Best Western experience.I stayed Feb 2008 Nov. 2008. It bad February bad November. The front desk service barely acceptable, atleast polite. Its quite difficult driver find front entrance due lack signage. No irons room takes forever get one call ask. The rooms small beds hard. The location terrible unless company happens Internet City also. Ironically, Internet City; internet connection slow - maybe like fast dial-up connection. The free continental breakfast quite limited. Croissants, 1-2 types fruit, 2 cereals, yogurt coffee/juice.The good thing Vista restaurant ok food, good service great view Burj Al Arab. dine outside night bring good camera atleast 300mm zoom lens.Probably frustrating thing business traveler charge credit card check-in charge difference check-out. So two transactions CC - neither match receipt submit expense report.The worst thing location. nothing there. place else eat night except Vista without taking car. Without traffic, best 35 minutes airport",0.03575533661740559,0.5695812807881773,Nov 23 2008
20,20,"Bad location The clean new. But bad thing location. The located deep inside Dubai Internet City confusing drive hotel. The hotel's breakfast basic. There close restaurants even grocery stores!! The closest place could find restaurants stores Emirates Mall took 10 minutes reach there. Then, would need find empty parking spot go mall food court Hypermarket. I think give good value money sleeping leave morning come back till late night.",-0.030536130536130506,0.5086829836829836,Oct 26 2008
21,21,"[-] priced This worst I everstayed at. The shower luke warm, breakfast terrible service. In fact I complained remarked 3 star 5 star. I stayed two times (because close office) one time $ 100 per night $250 per night. Well priced $100. DO NOT STAY HERE!!!",-0.38882812499999997,0.635,Oct 16 2008
22,22,"Superb value good location If want consistently high level cleanliness comfort reasonable rate (especially Dubai) hard pressed find Jumeriah beat one.Only minutes taxi ride Souq Madinat, The Palm, Jumeriah Beach, Buddha Bar, Barasti Bar numerous top quality hotels restaurants.Before I moved back Dubai I used lot never disappointed, also good bar serves good food great view veranda.Take I live here!!",0.327760101010101,0.5841111111111111,Aug 27 2008
23,23,"Good Business Hotel I caused complete confusion front desk booking phone I arrived one day earlier on-line booking. Hotel fine - clean quiet. Staff mostly helpful. I liked rooftop bar/restaurant (accessible separate elevator) restaurant, well suited diabetic vegetarian...",0.35583333333333333,0.5208333333333334,Jun 22 2008
24,24,"Middle Nowhere Bad Internet Service First trip Dubai, work &quot;Knowledge Village&quot; area Internet City, Dubai I selected Holiday Inn Express. Long time Intercontinental Hotel member, usually works advantage.Hotel eight months old, clean nice design.As business traveller I reliant broadband access hotels, place called &quot;internet City&quot; pitiful, especially charged AED100 per day! Manager admitted new speeds inadequate (only 1MB connection entire hotel) suggested upgrade process - 2MB. As DSL users routinely 10MB+ connections home, see poor connection shared across whole be.And I've always liked Holiday Inn's Express brand great HOT breakfast advertise. No luck here, cold cuts rolls - typical German Fruhstuck nothing like Holiday Inn's ads.Third point, NOTHING walking distance. Not shop, restaurant, NOTHING. Taxis cheap Dubai many trouble finding new area far city.",0.07676767676767679,0.5882996632996633,May 16 2008
25,25,"Not luxury clean new modern This built year ago looks like ones find North America. It excellent restaurant, decent cafe bar.The rooms large, spotless, nicely furnished.It's luxurious like Dubai hotels; seems target business traveler budget. Not cheap, nothing Dubai. It's ten minute taxi ride Souk Madinat (very interesting), incredible Burj al Arab hotel, marina, water park (Wadi), Emirates Mall (with indoor skiing) etc. About half hour airport old part city like Creek Souks (less traffic light).I stayed week (while teaching photography Knowledge Village next door) 20 others group. We agreed preferable Tulip Inn (nearby ... group stayed 2007).The staff helpful, although service bar bit slow busy periods (understaffed).Overall, I would recommend anyone seeking fabulous Arabian experience luxury. (If ARE, check Bab al Shams resort desert; stay visit friends were.) Peter www.peterkburian.com",0.20398154477101846,0.48990088858509917,May 7 2008
26,26,"better Holiday Inn Express states This brand new, quite nice looking. The issue I accommodations shower handle falling shower draining slowly. Both issues promptly resolved talking front desk. The complimentary breakfast amazing. It 15 20 minute drive central Dubai, given price I found worthwhile stay here.",0.24959595959595957,0.624949494949495,Feb 13 2008
27,27,"Gets better better I first stayed October rate stay good. However I recently returned I describe first class lodging exceptional service.The reception desk staff extremly helpful polite even offered take luggage provide service express.Rooms still well kept, well stocked clean. The highlight stay dinner new restaurant roof open I first visited.The view Vista breath taking food service compare best resturants towm minus high prices. Well done Express I look forward next stay.Charles",0.2940998217468806,0.49026737967914436,Jan 31 2008
28,28,"Great New Hotel Near Marina This new Knowledge Village area Dubai, close new Dubai Marina Emirates Mall great value close many new attractions. The service top five star hotels friendly efficient. The lobby modern large wireless internet access available. The rooms huge large enough bed small sofa. Wired high speed internet rooms fo 100AED day.Breakfast included rooms expect grand buffett. There cold items coffee juices. There surprisingly nice restaurant top floor affiliated hotel. The food really nicely prepared service great. Not pricey either. You can't beat view marina area - especially go deck shisha.The restaurant lobby serves lunch dinner but, still service issues work out. They understaffed one time I ate took forever get simple sandwich. Free parking underground garage helpful since car made location lot easier. It right main street taxis always available immediately.Overall, good choice someone looking nice but, expensive place Marina side town.",0.2330351446798815,0.588329346092504,Jan 27 2008
29,29,"Fantastic I regular business traveller, I stayed January 2nd till January 10th fantastic, one best Holiday Inn Express I ever stay.This assembled wonderful team: Reception, management restaurant wait staff - I delighted friendliness &quot;extra mile&quot; helpfulness staff, always smiley faces!. Incredible staff - always available extremely helpful.The in-room high speed internet quite good reasonably priced, wifi lobby (cheap taxi ride beach, shopping malls like Emirates mall Ibn Batuta mall)The spotless, reasonable prices, located TECOM area whereas Media city, Internet city Knowledge village. fabulous restaurant roof top I think itâs called Vista excellent panoramic view overlook Burj Alarab Palm Jumeirah, serves great food best fillet steak, I tried shisha terrace fantastic Value money I would stay again, highly recommended business travelers.",0.4922727272727274,0.6539510489510488,Jan 10 2008
30,30,Brand New COLD Water If like cold showers place you. We called maintenance tracked dirt room &quot;fix&quot; problem. But problem NOT fixed. Only staying one night I asked small discount compensate problem. The clerked grinned said sorry.Great view Burj al Arab nearby though. Relatively close Hard Rock Cafe too.Never I stay here.,-0.20691287878787878,0.5745265151515152,Jan 2 2008
31,31,"A bad experience There lot problems faced two dat stay. follwing main grivences:As per documents said iron box asked twice reception receptinist also agreed send iron box...but never delivered room.As per booking offered late check time check -in recptinist refused.you car ok, otherwise save money taxis. They small shop essentials...but price exhorbitent. There's continental breakfast included room rate I afraid simple - toast jam And staff attitude really hospitable all.",-0.14259259259259258,0.5507936507936508,Dec 12 2007
32,32,"Nice one Nice new Knowledge village, near Ibn Battuta Mall Marina somehow Burj Al Arab Mall Emirates, far Deira. If car ok, otherwise save money taxis. The room nice missed closets. There's continental breakfast included room rate I afraid simple quitte choice toast jam u like spoil scrambled eggs warm sausages count it. Cleaning room seemed bit slow sometimes reached room 3pm maybe enough stuff floor. But reccomend stay looking nice expensive hotel.",0.17272727272727276,0.7242169595110771,Nov 12 2007
33,33,"Excellent value money As frequent traveller Dubai, extremly refreshing able stay offering value money.I recently spent 3 nights Eid Express excellent rate USD 120 inclusive.Beleive breakfast.The brand new sparkling clean. Location good beach Emirates Mall.Staff friendly drinks resonably priced.I strongly recommend limited budget.I hope Dubai offer quality hotels good value.",0.4385667903525047,0.5896954236239951,Oct 20 2007
34,34,"Warning This brand new ideal anybody business new Dubai Internet City . There shuttle bus supposed pick airport every hour please beware disguised AVIS car hire bus . We gave waiting arrived caught taxi ( cost 90 dhms) . When I saw bus next day I realised missed great big AVIS sign plastered side took car rental pick bus saw airport . There tiny holiday inn sign front bus might spot keen eye .There shops sights nearby need get taxi everywhere. The mall Emirates ten minute taxi ride . There shuttle bus runs Jumeriah Beach Park 10 every morning , used got taxi town . Might worth hiring car staying please . If take taxi everywhere .Hotel spotless , tourists .",0.25252525252525254,0.37323232323232325,Aug 28 2007
35,35,excellent Ã©conomique,1.0,1.0,Sep 1 2009
36,36,HÃ´tel propre fonctionnel top resto en haut,0.5,0.5,Jul 6 2008
37,37,Ottima esperienza Holiday Inn Express Dubai - Media City,0.0,0.0,Mar 29 2008
38,38,Bello...,0.0,0.0,Mar 1 2008
