,Unnamed: 0,Reviews,polarity,subject,Dates_extracted
0,0,"OK Hotel long avoid food Stayed 2 nights stopover June 08. Room standard double renovated - whole 7th floor redone - done good job.Agree previous reviewer shozers freezing, complained must got different staff member told &quot;we always turn hot water tourists like cold Dubai&quot;... He showed us lever turn hot water back that.Location OK, pool tiny but...3 restaurants themed &quot;American&quot;, translation pizza, steak, burger: Was tired anything else first night ate spent next two weeks holiday suffering food poisoning.",0.0543859649122807,0.4052631578947368,Jul 3 2008
1,1,"Pleasantly Surprised! We stayed 2 nights stopover coming back Scotland Mauritius. Having read previous reports I little concerned. However wanted somewhere fairly reasonably priced close airport.We arrived 8am. Although check-in 2pm given room 9am. When entered room thought mistake. Seems upgraded 'Executive Suite' - bad Â£60 night.!We dining room/lounge seperate bedroom seating area two bathrooms. It pity staying longer make it. The room clean. We corner main Al Rigga Road although could hear noise, keep us awake. We also hear aircraft noice apart odd helicopter. Coming middle countryside used noise, take bad all.Breakfast plentiful tasted good. We ate one morning booked Burj Al Arab breakfast treat 2nd day - cost two night stay hotel!We met friends staying Jumeriah Beach lovely, plush, although paid price it.I think great business short stopover Dubai. If want luxury pay it.",0.13827020202020204,0.4628282828282829,Jun 1 2008
2,2,"Good beds breakfast I stayed 2 nights February I impressed. The room I given corner buiIding soundproof all. On top aircrafts route result I get decent sleep! The room good, narrow (the bed would fit), TV, chair etc jammed corner, functional all. The bathroom decent size outdated, I expect old fashioned shower ...On good side, bed confortable.The breakfast good, although pastries croissants far far fresh. The buffet lunch excellent though! The staff OK. If staying Deira I recommend Traders hotel.",0.27225,0.6288333333333334,May 16 2008
3,3,"Reasonable value money We stayed Hawthorn one-night layover (25-02-2008), returning Emirates airlines Maldives Germany.We want spend much money (so would left mall...) layover going spend time room showering sleeping. The room nice comfortable purpose. Mini gym 7th floor open certain hours.Disposal bin bathroom broken safe locked, minutes checked (around 16:00) called reception asked someone come open safe - nobody ever showed up.General information present room (breakfast times, gym opening times, ect...)Breakfast good included middle-east snacks brought back memories....Talking middle-east memories : IBM (inshalla, bukra, mumkin) mentality evident.We blast Deira mall found Dubai absolutely amazing !!",0.1913392857142857,0.45732142857142855,Feb 27 2008
4,4,"Good value stop-overs We stayed two nights hotel, returning Europe Australia. We want spend much money holidays. So clean well air-conditioned.There two things like- restaurant downstairs serve horrible food, catching taxi nightmare day. But free airport shuttle also shopping centre/city centre shuttle.We happy overall.",0.2583333333333333,0.65,Jan 10 2008
5,5,"worst stayed uptil I wont recommend anybody. Very noisy place, looks like windows also sound-proof. The staff reception care whether pleasant stay not. Since satisfied room, asked another room, turned deaf ear request. The water kettle leaking. The room extremely small. That's worst to. The price also expensive service give. I wont rate 4-star 2-star.",-0.3166666666666667,0.7966666666666666,Dec 27 2007
6,6,"A Pleasant Surprise Not pleased I staying downtown Dubai, I decided take walk 2am morning check nearby hotels. The Hawthorn closest. I walked in, enquired rates asked Reception show room. There world difference two hotels (both rated 4-Star). I moved next day upgraded. It terms location, room service, Hawthorn top 4-Star range. Staff helpful. The room rate also great considering Dubaiâs high season. The restaurant night club nice reasonably priced. Internet service reasonably priced (must cheapest Dubai) reliable. I would strongly recommend hotel.",0.32472222222222225,0.6375000000000001,Oct 22 2007
7,7,"The showers cold. After three month backpacking adventure Europe I ready luxury Dubai-style splashed (as much one they're last dollar) stayed Hawthorn Hotel. Dubai body-meltingly hot August I glad I arrived air-conditioned Hawthorn Hotel. However, I impressed frosty attitude I got Reception Staff. Granted overtly rude, I tired, sweaty gross wanted go room lie down. They bashed away keyboards eternity, took passport gave keycard. When I asked simple question breakfast staff member could speak english (she Scandinavian). My room nice, yes. The view speak of, Dubai city exactly Hanging Gardens Babylon anyway. My real complaint bathroom. I know Dubai hot, despite room air-con chill bit might want hot shower bath stage. My shower dispense hot water. In fact none taps hot water. In addition, regardless fact roof-top pool listed &quot;refreshing&quot; not. It's roof bloody hot there! The rest staff hospitable, breakfast elaborate there's brilliant jeweller site. The no-where near anything might want see Dubai (unless course want see roadworks) taxis. Whether taxis show another matter entirely, prepared wait even calls them.",0.11760752688172041,0.6021121351766513,Sep 18 2007
8,8,"Nice Hotel With Nice Rates The Hawthorn seems relatively new new furnishings. The front desk staff quite nice, fill registration form although information already computer. The room well equipped mini-bar, nice linens, large shower, good bath products. I ordered iron, no-charge course, within fifteen minutes. The lounge called 49ers great, good food around ten band Bulgaria started nice music, although bit loud. The food good lounge reasonably priced. The concierge friendly assisted getting taxi day departure flight. All all, good $120 night. Good price Dubai, I staying October.",0.4701118326118326,0.665981240981241,Sep 17 2007
9,9,"Life Building Site August really time visit unless 45c plus heat. There much building going everything covered layers dust &amp; sand. The railway station built right front inside OK. Front desk staff pleasant seem take ever book &amp; check out. Our room large well appointed. Bathroom clean would expect. Suprised learn balcony door lock protection fifth floor. Some minor problems, towels one day, tv controls working, toilet dripping sorted out. buffet style breakfast great [ ask cook eggs way want] wait staff friendly.",0.32651515151515154,0.45281385281385284,Aug 20 2007
10,10,"Unhappy Hawthorn Arriving Hawthorn 3am expected Room would ready surprise, surprise not. Ater 15 minute wait made spare bed daughter room finally ready. Our booking state triple room. On getting room found way flush toilet take lid cistern flush way. On waking next morning discovered two towels three us. After 2 phone calls visit front desk finally got extra towel. But saga end there. Every time changed dirty towels left us two. After 3 frustrating days finally got right day left. We called reported toilet working properly front desk man arrived fix left go out. On arriving back discovered toilet still work properly. I finally fixed toilet myself.The hand rail shower loose handle used release plug hand basin fell apart every time used it.To us bathroom seemed made cheap products showdy workmanship.On positive side room clean staff Restaurants breakfast buffet friendly.We fill customer survey leaving made feelings room felt.Unfortunately problems room I recommending anyone advised Travel agent problems experienced.",0.028979908979908986,0.44501332001332,Jun 9 2007
11,11,"A Good Hotel Spring break 2007, decided see Dubai. It's first time part Persian Gulf. The free shuttle pickup airport arrived I call sent one immediately. First impression Hawthorn Deira so-so, even thought transfering found something better. The room yet ready front desk nice enough upgrade us junior suite. There subway construction going outside pretty sight. Our junior suite 6th floor spacious, clean, nice comfortable. There sitting area. The bathroom modern done ceramic tiles throughout. There plenty cabinets. There big desk free internet provided great. The window opened next building nice view mind. The hallways bright, nicely decorated, clean. We slept right away jetlagged. We took Dubai Creek Dinner Cruise evening great start fun vacation. The morning breakfasts included good usual stuff omellete bar. Breakfast menu everyday. By 2nd day, tossed idea moving another found really good all. The location central accessible. There plenty restaurants shopping blocks away. Once subway construction gets done future, Al Rigga Road front hotel, nice road walk. We felt safe. The Abu Dhabi Commercial Bank across street I use ATM everyday. Everything Dubai expensive, forget tax free, everything cheap. Hotel, shopping, gold, food, restaurants, tours, etc., prepare pay more. Taxi reasonable thing Dubai. Aside 22K gold jewelry, lot beautiful jewelry designs diamonds &amp; gemstones find malls mostly. The gold souk gold jewelry. Again, cheap. Unfortunately, Dubai prides tall buildings &amp; malls forget emphasize importance culture, heritage history. Coming States, wants see another mall tall building? They Dubai Museum I felt anything else want attract tourism. I can't believe part city tour includes malls. Duh! They big malls worth visiting different. They Wafi Mall, Souk Madinat Jumeirah, Ibn Battuta Mall, Mall Emirates. You'll find indoor skiing Mall Emirates. It interesting I imagined bigger. We paid $145 buffet dinner enter famed so-called 7-star Burj Al Arab Hotel Jumeirah. It open public unless staying dining there. It hype. The overrated. It that. The lobby impressive small. The hotels Las Vegas far better. The buffet even gourmet. Of course, see rooms I coffee table book show different rooms. The decor garish, loud &amp; outdated taste. Oh well, find ourselves. So advice, save money. The Wild Wadi Water Park nice. Riding all-terrain vehicles sand lot fun. The highlight trip trip Abu Dhabi Desert Safari. Abu Dhabi nicer Dubai without traffic problem. It 77 miles southwest Dubai easy ride passing thru Sheikh Zayed Road tall buildings constructed row, catching glimpse soon-to-be tallest building world, Burj Dubai stopping Marina City. Ooops, I think I gave entire take Dubai beyond Hawthorn Deira. I'm glad came here, learned lot. It good vacation one we'll treasure.",0.2131153370439085,0.5715352504638223,Apr 15 2007
12,12,"Great place I actually travel agent myself, however, I booked wholesaler, I would clients. I booked package included transfers couple tours I met airport specified. Admittedly, I wait transfer leave, grouped someone near mine, passengers reason took forever get customs! Anyways, I arrived happy room. It good size, bathroom decent size lovely. Good location, walking distance souks etc close airport. Great breakfast morning, I love someone cooks omelette me! I originally supposed staying Ascot, reading reviews site, changed mind, I'm glad I did!I mentioned bit travel agent, know this, great able write good review customer.I would recommend city merchants tour sundowners dune dinner tour involved dune bashing 4WD's, traditional Arabic dinner sunset. Fantastic!",0.48148148148148145,0.6648148148148149,Feb 9 2007
13,13,"Excellent Stopover Hotel Stayed two night stopover en route Australia UK, arriving 3 late December.Spacious, clean, comfortable modern helpful staff. Surprisingly quiet (apart wake-up call Mosques could presumably heard City). Decent reasonably priced self-service restaurant wide range food. Lots restaurants street outside well. Set mainly business area 25 minute walk past small shops &amp; restaurants water-taxis Creek use incredibly cheap taxis get around.Never even got see pool top floor certainly stay again.",0.15326278659611992,0.4885361552028218,Jan 4 2007
14,14,"Fantastic! We booked hotels main website payed 66 euros per room per night including breakfast, taxes extra 20 % approx. We booked relocating dubai expeted cheap budget boy surprise, soon pulled n taxi met porters greeted us took luggage. We amzed decor lobby convinced wrong however turned write hotel. The check process took minute reception staff nice, obviously went room greatly surprised size room facilities large bathroom, tea/coffe making faciliies, flat screen tv, free internet access, mini bar wonderful decor.I highly reccomend even though city would make great base pefect sun holiday, also boasts nght club great bar including great selection beers spirits choose well fantastic dance floor.There many resaraunts choose food tasty great portions.There also roof top pool gym many restaraunts available street is.",0.3113827838827839,0.6471886446886448,Jul 6 2006
15,15,Hawthorn Hotel Deira war ???,0.0,0.0,Mar 8 2008
