,Unnamed: 0,Reviews,polarity,subject,Dates_extracted
0,0,"Value money The good location â 10 minutes walking distance Dubai Museum creek, easy find taxi. The rooms clean, bathroom almost clean. The new built staff takes care keep up. The breakfast OK expect much. The restaurant lunch recommended. They keep passports till check out. Coffee tea made rooms. Welcome bottle water. The free internet cost 1 dirham per 10 minutes.",0.457003367003367,0.651986531986532,0.651986531986532
1,1,Good Family Hotel It good experience Hotel situated heart Dubai everything near market malls Breakfast Hotel USP lavish multi-cuisine type definitely go stay get chance.,0.375,0.525,Nov 2 2009
2,2,"Good Good offering value money. Breakfast simple sufficient. Hotel good location. Al Ghubaiba bus station, Carrefour supermarket &amp; Dubai creek walkable distances. The neighbourhood good Indian restaurants.",0.5599999999999999,0.5514285714285715,Oct 7 2009
3,3,"Not Burj Al Arab safe centrally located suitable budget minded travellers I single female traveler stopped Dubai three nights way Rwanda. Being alone first trip Dubai, I required economical secure area easy access historical sights. I researched several hotels Trip Advisor settled Admiral Plaza. I read reviews complaining establishment always people hard please. I nothing compliments staff service. The front desk staff went way help me. The complimentary shuttle I ordered 7:00 a.m. right time take airport. The price, including breakfast buffet, reasonable, around $270 Cad. total stay. The breakfast fancy certainly lot variety hot cold food available. The waiters continually cleared tables replenished dishes. My room clean quiet.I enjoy exploring new areas foot found Admiral Plaza great location. The abras nearby wishing cross creek visit Gold Spice Souks. I would highly recommend nearby Heritage House adjacent school. On Burj side itself, Museum provides interesting cool respite heat - 40 degrees June.The bus terminal nearby want visit Burj Al Arab Mall Emirates. I also took Taxi Burj Al Arab Palm Atlantis.In brief I enjoyable stopover Dubai. I would certainly stay The Admiral Plaza future visit.",0.19871376098648827,0.4994162403253313,Jul 11 2009
4,4,Very Affordable We group 5 adults 2 kids. The affordable value money. The restaurant food quite good. The triple bed room spacious. Lots shops nearby taxis also easily available itself.,0.34,0.38000000000000006,Jun 4 2009
5,5,"efficient service stayed may/ june/2008 &amp; found property conveniently located Bur Dubai.Found service crisp &amp; efficient.A basic property without frills.Food quality OK , nothing write home about.Good value money tight budget.",0.14285714285714285,0.34122023809523805,Jun 3 2009
6,6,"Value Money I stayed Admiral Plaza Hotel business purpose. As area interest Bur Dubai Deira, conveinently placed.",0.5,0.5,May 3 2009
7,7,"Great experience Having read previous travellers reviews...i apprehensive arrival. But honestly say experience Admiral Plaza Hotel great one. Given spend much time breakfast, bathing sleeping....my stay nontheless pleasant. Service good- The safe arrival operational....within 30 mins tecnician sent fix it. The staff also friendly helpful directions advice etc.Location- In good location...althought tends get bit noisy night. Very close Meena Bazaar good eastern shopping. Also within walking distance Dubai Museum, Creek Burjuman shopping centre.Likes- Breakfast good; clean bathroomDislikes- passport taken arrival",0.486888888888889,0.5694444444444444,Apr 30 2009
8,8,"The facilities advertised dont work While rooms clean, services provided advertised mark. The Wi Fi refused work signal weak money paid wasted. Booking done thru cruise creek total distaster. Better careful check, recheck detail confirm pay works.",0.03194444444444445,0.5958333333333333,Dec 10 2008
9,9,"great position staff Admiral Plaza 3 star I great expectations, happy met requirements. The rooms clean reasonable size. The position excellent - near main road could always get taxi readily. The staff, mainly Indian background particularly female receptionist, went way assist communicate English. It Ramadan restrictive, however, happy curtain restaurant serve food. The breakfast buffet offered reasonable selection. A great place stay middle-aged budget traveller.",0.3925925925925926,0.5675925925925926,Oct 23 2008
10,10,"Horrible stay away!! Terrible staff terrible breakfast water Brown! Do stay cost. Having dubai number times I wanted near meena bazar area... Whilst area great indian shoppings stay away hotel... first night got everything seemed fine, picked room basic clean. The bathroom wasnt great bad use. following morning breakfast terrible, fruit tin, toast made hours left get rock hard dishes cold.... day sight seeing got back horror putting bathroom tap water brown!! reporting problem one came help decided go back return problem remained asked see manager terrible person talk to.. moved us another room assuring us room fine wasnt!! I spent next 5 hours going room room checking water.. problem persisted left following morning! Go stay Arabian courtyard area expensive much better hotel! Stay away admiral plaza want enjoy time dubai!",-0.10104166666666663,0.4594086021505375,Sep 9 2008
11,11,"Suitable Stopover I intentionally booked 3 star, expecting average room service standard. After reading reviews I unsure choice. As turned fine. The room spacey, littel outdated perhaps I expecting lavish stay. All comes standard 3 star offered presented. A little difficulty communicating desk staff, mostly Indian(which always rude arrogant). Overall I eventually got made point returning passpaort scan. For I wanted good location, desert tour I booked time, I advised staff arrived. The fine budget traveller nothing else. No problems ther guests noise, fact I see anyone see guests stay. Until changes since stay, I would recommend stopover.",0.13720238095238094,0.4184523809523809,Jul 16 2008
12,12,"Stay away...Far far away Where I start disaster establishment called Admiral Plaza Hotel. To make things clear I pick hotel. I friends already staying I decided meet extended weekend. I flying Kuwait wanted decent place rest two nights; I got complete opposite see. I stayed Dubai previously times never encountered problems one. The sits corner busy noisy downtown intersection Bur Dubai. The outside cramped doesnât anything offer eye nose matter. The exterior aside, went inside really turned stomach. Upon arriving dreary I told reservation &quot;booking&quot; (as call it) could found stay. Apparently received Expedia conformation since Friday reservation office closed. The reception workers barely spoke English seemed pleased inform detail. It finally explained I would wait till Saturday 9:00am find I reservation &quot;booked&quot; not. I explained I billed Expedia already choice. I also feared I would billed twice, Expedia Admiral hotel. I told I wanted use Business Center print Expedia itinerary proof &quot;booking&quot; told conviently closed day Friday. They made sign promise payment incredibly high one night stay. Letâs say rate I obtained Expedia ridiculously lower rate I sign on. If I didnât reservation come Saturday I would leave one night stay, pay &quot;adjusted higher rate&quot;, forced find new busy weekend. Nice, I needed weighing mind I try relax rest. Then something else completely shocked occured; I told I would surrender Passport staying Admiral Hotel. I've traveled many places never encountered request. I argued 5 minutes finally showed desk drawer guests Passports stuffed it. They told scan Passport kind check; never clear checking why. By time I ready bite cost room booked Expedia go another hotel. But I thought friends staying inconvenient may meet since cell phone didnât work Dubai. At request I given room close friends third floor. The key give looks like thin dirty plastic square old metal bottom. Upon entering room must place &quot;dated filthy&quot; contraption wall slot activate roomâs electricity. The room stifling hot since key activates electricity enter room turn activates A/C. It 39 degrees day humid Dubai know I'm talking about. Also, every time leave must remove key slot never return cool comfortable room since electricity turns automatically. The room dark smelled potent chemical cleaner time; downright depressing. I honestly say bed uncomfortable thing I ever tried sleep on. The pillows thin used million times over. The TV faces across sits towards side window; bed trying watch from. The walls thin; could everything going floor I staying. I promised I would spend anymore time needed room. Overall room barely 2 star quality, functionality, appearance. Upon waking Saturday morning I message front desk asking I going check out. It 8am letâs say I happy message early morning. As I explained I previously booked two night stay still hadnât chance prove I valid itinerary since Business Center closed prior day. I get bed early I could go Business Center print proof booking purchase two night stay. After I told front desk I'd wait longer conformation since &quot;booking&quot; office didnât open till 9am. Finally sometime 9am issue resolved I told I would receive quoted rate Expedia could stay another night. To say experience Admiral frustrating stressful would vast vast understatement. I couldnât wait leave get back comfort apartment Kuwait. I normally donât give many reviews (this first negative one) I felt extremely compelled tell others horrible experience Admiral. May warned; get bad feeling find another option. Dubai many good hotels forced booking like one.",0.001162878787878792,0.5489943181818183,May 28 2008
13,13,"wrongly advertised The advertises minibar (true stocked water), English pub closed, restuarant closed cafe served worst dinner we've ever had. It also claims pool (closed) gym (closed) handy access shops etc true. The service normal standards apart bell hop. There information might use tourists.There way I would recommend place.",-0.08125000000000002,0.5125000000000001,May 19 2008
14,14,"This place fine really I finding hard reconcile comments offered others direct experience. OK, may bigger rooms, I also smaller. The room clean, bed big comfy electrical items, hot water, AC etc workedStaff friendly, responsive intrusive, breakfast gave good range options various nationals. Location good Burjuman shopping centre (15 minute walk cheap taxi) creek (10 minute walk)I saw comment suggesting place somehow crawling pushy prostitutes. This comment I find hardest reconcile. The good area (not seedy areas Dubai, anyway) I honestly say I saw one lady MAY prostitute entire visit Dubai - sauntering alongside creek - nothing like hotel, lobby always clean, friendly relaxedNow stay sponsored employers, I know people paid stay here, may possible better room may rate. Maybe people think better deals had, I know, certainly hell hole suggested. Its 7 star hotel, even 5 star hotel, US standards (not developing world standards) certainly least 3 star",0.24427655677655677,0.5764652014652015,Apr 28 2008
15,15,better average smaller hotels stayed clean staff accomodating.breakfast real good variety. 3 doctors stayed 4 days conference dubai.we given triplet room. spacious .bathroom bathtub.clean environment.overall good stay cheap too.,0.33645833333333336,0.584375,Apr 22 2008
16,16,"worth money When arrived told we're lucky nice room all...what described ''nice'' turned VERY small 2 people, that's worst - bathroom small, smelly green blue stains walls makes real pleasure take showers. *yuck* And bed... sheets changed 3 days blankets itchy thin air condition, speaking which: air condition damn noisy, goes night, cold air hits face directly. So woke blocked nose. Don't get started pool - even bother swimming it. So sitting - spending time outside watching movies miniature TV ordering restaurant I recommend. Overall badly organized, worth money atmosphere suffocating - definitely killed holiday. Thank you.",-0.13208333333333333,0.481,Apr 15 2008
17,17,"Hotel described DO NOT STAY IN THIS HOTEL unless happy nothing watch TV!. Staying ruined holiday Dubai. We booked stay week tempted website showing pool facilities, jacuzzi bar.Upon arrival shown room two people VERY small. There room relax apart one small chair. The fridge work view back flats grotty. After two requests someone come change fuse fridge eventaully work. However, described 'mini bar facilities' (there none).When enquired pool shown dark corridor locked door. The pool looked half full told someone would come unlock door wanted use it. The final straw asked bar could chill glass wine, told shut (it's still advertised within hotel). Remember place buy alcolhol Dubai hotels!The good thing say clean rooms tidied daily.Over cheap comparison Dubai hotels spend bit check website detail - well worth it!!!",0.1618329678362573,0.5310233918128655,Apr 6 2008
18,18,"Good Cheap Hotel I booked stay Admiral Plaza Emirates Stopover Package. I chose based location 24 hour check provided. The great location Bur Dubai (only 5 min walk Creek) easy catch taxi large street 100 ft door lobby. The rooms basic everything clean fairly well kept. Here hint US travellers, can't make electricity work get room, look small box wall. Slide key electricity room begins work again. Took couple calls lobby finally figured :) If book Emirates breakfast included price actually pretty nice spread. Lots fresh fruit, yogurt, cheeses, cereal, even hot items. I seen several notes long wait check must hit times I never front desk 3 min. And helpful exchanging money even giving advice go get better exchange rate. All good experience better I expected given reviews cheap (for Dubai) price. And 12 hour flight New York 24 hour check lifesaver.",0.272244613623924,0.6368220381151415,Mar 15 2008
19,19,"No atmosphere I returned staying Admiral plaza Dubai, ok 3*, however I encounter problems water, I arrived &amp; wanted shower water brown, 3 days trying get problem rectified I moved another room, yipee bath although tired I actualy felt clean!! The bathrooms leave alot desired. Some staff nice, I felt looked little travelling without male I feel. The website also misleading states bar, sell alcholic beverages all, empty every evening, personally I feel need go every evening, would nice busy day chill glass wine. The also states free beach transfers, also provided. Be warned noise traffic quite bad.The upside people I met there, outgoing I introduce myself.Things do, Dune safari good fun (When eventually picked us up, always late), trip around Â£30, us trip great I met sister, husband, Ceilia &amp; Mark South Africa met really lovely genuine peope. I also ate several nice places, favorite Spice Island (renaisance hotel) Deira, 5* food &amp; drink match, eat &amp; drink around Â£27, food galore &amp; excellent quality.We went dow cruise also nice.We several Malls, biggest Emerites Mall, I personally didnt buy much prices UK, ski centre son loved. Be warned though leave 5pm like I traffic terrible, try avoid travelling 5 8pm.Taxi's cheapWell enjoy Dubai, feel free e-mail questions may have.",0.22702690972222225,0.5530902777777779,Mar 2 2008
20,20,"xmas new years We stayed xmas new years, Airport pick , paid complaining reception one clerks said driver airport true......, let be, initial room small b ut requested got another one..., overrall problems called someone sent promptly try sort problems, clean rooms, loud music bars closed , nearby astoria u want that...Great plus location..............negative receptionist, stubborn want listen ask reimburse things provided..........",0.07382154882154883,0.5065656565656566,Jan 6 2008
21,21,"Admiral Plaza Hotel - OK stopover Stayed one night stopover. Big bonus airport pickup drop-off. We late landing, queues immigration horrendous, man still waiting us! He also friendly talkative, bonus Dubai! The average - ok book offered last minute cheap deal. The room nothing special, terrible. It clean shower toilet worked reasonable. Hotel rooms come cheap Dubai experienced better worse hotels Dubai around price one. Didn't go anywhere unsure well positioned sightseeing.",0.22412367724867727,0.5035052910052911,Nov 13 2007
22,22,"cool spacious room, cool compared searing heat outside negatives- dodgy view sigletted hairy men balconies, dodgy area, strange food breakfast, food available day anywhere",0.20999999999999996,0.38,Oct 11 2007
23,23,bad everyone made Stayed one night Sep recently. Contacted via email asking picked airport via free shuttle service.Became worried werent immediately getting airport waiting 10 mins friendly driver picked took hotel. Very chatty relief heard staff cold.Was booked promptly friendly reception staff (all male). Room small staying one nite wasnt problem. Only main concern taking passports night checked next morning asked lying desk plain reach anyone. Not locked anywhere.Used courtesy shuttle bus back airport hour late lucky plenty time flight.,0.026450892857142867,0.49440476190476185,Oct 2 2007
24,24,"I've worse This booked us family friend, wanted cheap could accommodate four us, got.Although I previously stayed amazing hotels, opinion, hotel, place sleep, spending whole day night something done country residence cheaper cost. We given Quad, grey ugly looking, impressed, put it. It started music started, bass thumping couldnt sleep. When complained, advised nightclub stops around midnight. In fairness person spoke to, stop around midnight. The next day however, made complaint asked change rooms. We moved day room MUCH better. Not grey, space looked cleaner. At night could hear music, fine. Like I said, I've worse, planning going around Dubai, like did, fine place sleep. We found staff friendly, porter moved bags new room, helpful. The biggest letdown hotel, prostitutes. There many care mans wife sat next her, still try it.",0.03915349143610015,0.4739657444005271,Jan 31 2007
25,25,"Better expected reading previous reviews My wife I stayed 3 days early November. We booked travel agent, selected location looking internet, despite reading many negative reviews. We wanted close creek, bus station souks, well positioned.While staff generally cold, happy room (very clean) stay good. The Breakfast buffet mixture western Indian Middle Eastern items, I felt much better western items. There wide selection local restaurants nearby, sampled enjoyed, dramatically cheaper food available th hotel.We see signs sleaze around place, would probably stay again, certainly area (Bur Dubai).",0.18022556390977443,0.43937343358396,Dec 9 2006
26,26,"Hated Admiral Plaza My wife I spent two nights hotel, changed rooms twice period (IE three different rooms).The first room got maybe 10' X 10' ... I've never seen small room developing world. It something I'd expect sort hostel! Upon seeing this, asked fellow helped bags rooms like - said yes. After that, I went front desk, moved us across hall room was, surprise, twice size.Okay - night came figured, lets go eat. There three restaurants place, entered first. Was bunch single guys sipping drinks around raised stage several girls dancing overly loud music. No problem, two others pick from, right? Well guess what, two same. This prostitute central! Ended walking corner stores buying fruit like.So, second night major loud music vibrating room. Turns , additon three 'restaurants' side building (poors folks staying top them), another party room, room. There go up, went front changed us right away (they slick - I first complain). Anyway, top floor, vibrations carried.Then, nothing else could go wrong, AC stopped working. Had call front 2AM, sent someone fix things. The boom-boom sound kept going till past 3AM.",0.006712962962962964,0.41567460317460325,Nov 15 2006
27,27,"Not Good I spent 3 nights Admiral Plaza April generally unimpressed.Room - The room standard 3 star. It decent size (around 300 square feet 29 square meters), generally worn showing signs age. The bathroom large bath shower, water pressure soooooo bad. I could gen enough pressure get shampoo hair.The bar lobby FULL prostitutes. It unpleasant. Also, room directly bar night could &quot;bang bang bang&quot; music - stopped around 4am. And 8am construction would start room, constant drilling. Not impressed.Service - The staff friendy need be. This part Emirates stopover deal, therefore get guests regardless good/bad is. The staff really care guests. They give room key that's it.Food - The buffet breakfast ordinary. I could cook better breakfast I bad cook.Lobby - The lobby area small well decorated.Location - The area around full character - Arabic. There plenty small shops restaurants. There seemed computer shops anything else. The great thing location 5 minute walk creek, really heart city.",-0.00695011337868478,0.4553854875283447,Jun 25 2006
28,28,Value Money Stayed standard room upgraded suite. Both clean renovated although bathrooms looked little tired. Staff always helpful little disorganised times. If looking pool place pool indoors looks uninviting Visited &quot;English Pub&quot; enlightening experience watching asian russian hookers game new meat! Having said bar staff helpful made sure harrassed. The Admiral's situated Bur Dubai old district computer area. Some fabulous restaurants around cheap chips. It's great location 5 minute walk creek pay 1 Dhm jump Abra takes across side Gold Souk. You also one hour trip Abra takes creek golf club back get see fantastic architecture old new. We dhow dinner cruise bit lame also 4 wheel driving desert dinner fantastic. Try book local agent (Gulf Travel)as take commission makes expensive. Had breakfast Burj al Arab expensive worth experience saying visited one famous hotels world! Heaps shopping always buy cheap shoes handbags buyers street. Having said visit Burjaman Mall Emirates fantastic see variety. At Mall Emirates look glass window ski complex next door. All Admiral great place stay value money wanted somewhere central reasonably priced.,0.13842268842268846,0.5044353794353794,Mar 15 2006
29,29,"Admiral Plaza Hotel This great place. It good value, clean three star gaff. Rooms little tired staff friendly. Cool bar interesting asian russian female customers.Not place grannies expecting five star facilities next nothing puritan persuasion. Definitely stay again.",0.20416666666666666,0.43974358974358985,Feb 19 2006
30,30,"It OK Stayed three nights. The service reception friendly. The Lobby area nice. The room bit small, enough. The bathroom seen better days, basic clean ok. There everything needed paid for. The location good, walking distance many shoping areas. Wouldn't go hotel's &quot;English Pub&quot; (at least recommend couples women) again.",0.30034722222222227,0.53125,Jul 15 2005
31,31,No really The rooms get badly sprayed &quot;fresh&quot; airspray whole interior rather dark. My room small bed boasting plenty hair previous guest. All rather run place terrible area (unless like Bombay). Dubai definitely better places budget travellers like &quot;Sea Shell Inn&quot; instance,-0.21080246913580247,0.46024691358024683,Jun 21 2005
32,32,"Great hotel: After reading reviews internet I bit worried going Admiral Plaza result I loved hotel.It great location us shopping part Dubai easy get around here. The staff lovely helpful, kept clean aswell.When I return Dubai I would stay without doubt.",0.5585714285714286,0.7276190476190477,Jun 14 2005
33,33,paid When arrived early given room wasnt nice asked changed fair get changed later day room acceptable little disapointed area arrived first day realised local area really enjoyed local people friendly shops much cheaper tourist area little cafes restarants wonderful The bar attach seedy go ammuse goings The staff bar looked us although first impressions might feel awkward frequented daily half hour nothing seemed much staff bar also staff managment keen please. We paid Â£45 night fair I think got money worth.,0.19753787878787882,0.45833333333333337,Apr 12 2005
34,34,"It's OK Just. We arrived around 8 &amp; wait 2 hours room vacated &amp; made up. The room better expected seeing lobby area. decent size good bathroom.The european guests &amp; showed breakfast awful.The Indian disco loud &amp; goes 3am. Thankfully taken earplugs &amp; I suggest too.The Victory pub accessed &amp; side street seedy &amp; full Chinese prostitutes Arab pimps close attendance. There half decent, loud live band on. We would'nt stay again.",0.1635353535353535,0.4653333333333334,Apr 4 2005
35,35,"Basic We arrived 6.30am long flight Australia. Although booking requested early check-in, receptionist reluctant give us room. After 30 minute wait gave us key room 106 advised us could move rooms later day. Having settled room decided move got sight seeing. We arrived back room 11pm like middle Indian Karaoke! Little know, room Indian live music nightclub music went 3am. Needless say, moved rooms next day!The following night decided quiet drink bar 'The Victory'. It eye opener say least. From minute walked knew something up- bar full prostitutes Arab men! We stayed drinks laugh. They harmless kept atmosphere bit tense. The located 'local' area white women seen walk streets bit intimidating wondering around (even man arm!). There always taxi passing really cheap everywhere within easy reach. If expecting 4* disappointed, really ready makeover!",-0.010545454545454547,0.3516666666666666,Apr 2 2005
36,36,"Basic No nonsense Dont expectations high wont dissapointed. The hotal usual mid range facilities, I used spacious gym visited Karoke bar( frequented Japanese businessmen!!). The decor relatively basic rooms definitely needs makeover. The Admirals bar closed visit, reasons unknown.The near Bur Dubai area middle shopping district, good location shoppers, I shirts made good buy. Restaurants plentyful nearby taxis cheap problem get around.",0.13153846153846155,0.30307692307692313,Jan 20 2005
37,37,"The Admiral Plaza picked winner! I booked via net apprehensive it, should'nt worried brilliant, breakfast included got hot cold choice changed daily! staff wonderful, nothing much trouble, good location bur dubai everything cab ride away, matter near beach 15 minute cab ride away cabs cheap. In evening go anyway within vacinity meal anything chinese/italian offer. room twin bedded room cable telly tea/coffee making facilities replenished daily bathroom clean enough towels go round!.I already recommended colleagues way.",0.18979166666666666,0.57875,Jun 24 2004
38,38,Bonne surprise,0.0,0.0,Sep 1 2009
39,39,HÃ¤nde weg von diesem Hotel,0.0,0.0,Aug 11 2009
40,40,Nahe Airport im Computerviertel- gerne wieder!,0.0,0.0,Jul 31 2008
41,41,Non indicato per Italiani,0.0,0.0,Apr 19 2008
