,Unnamed: 0,Reviews,polarity,subject,Dates_extracted
0,0,"Good great location. If looking get real Dubai experience beach resort holiday Landmark plaza excellent location. The provides good service clean spacious rooms. Make sure get room balcony experience beauty Al Nasser Square. The minutes bazaars souks well water front. Taking cab airport cost 30 dirhams geting Jumeriah beach cost roughly same. Diera city centre quick 5 minute cab ride costing 5-7 dirhams. Eatting around diverse plenty local cheap food (shawarmas) McDonalds across street. The offers air conditioning, fridge refreshments, tv, tourist information, breakfast ironing facilities.",0.3714285714285715,0.49027777777777787,Apr 22 2009
1,1,"So central Very good hotel. Room overlooked Nasser Square view Creek. Walking distance bars &amp; restaurants, also Gold Souk. A courtesy bus put take beach collect you.",0.45499999999999996,0.5150000000000001,Mar 4 2009
2,2,"A Good Standard 3 Star Hotel A good 3star Hotel. apartt 1 Hiccup rooms arrived really good standard. main disadvantage new Metro Station built right outside. hardly Hotels fault. It central Shopping plenty good Restaurants nearby =even Mc D's opposite Kentucky next door. Also close Red Bus Pick up, Creek. The room large Balcony clean, Beds changed daily. As Bath Showers water run across top Bath drip floor. You willl reads moans this, easily remided, ask Cleaner extra mat put top Bath - problem. It Cosmopolitan Hotel many Nationalities Ghanains Russians. But worse thre Hotels Sharm. We found Russians pleasant people.I would reccomend Hotel, long expecting Beach Holiday,although Minibus daily Beach. You Red Bus Tour lthough fairly expensive 150aed each(30 pst). Beach tour good. One thing remember finishes 5.00pm. You could left City Gate Taxi ride. Again expensive 2pst. Last thing take evening trip Floating Restaurants leave Creek. At 150aed well worth money. The Plaza good standard 3 Star Hotel - Just dont look 5 Star surroundings",0.22165889665889665,0.35026917526917517,Mar 2 2009
3,3,"Great Location Well located major sights.Good value money. Willingness staff helpful asked. Electrical fittings (plugs) dubious. Also spoilt one member discouraging us going restauraunt cup coffee, instead, offering make us one th guest;s coffee room instead. This did, charged us higher price have.",0.328125,0.5125,Oct 27 2008
4,4,"worst ever stayed I stayed Landmark 2 nights route thailand,with husband three children,I never written review honestly say worst ever misfortune stay in.Despite pre booked early check-in time 8.30 due night flight london,the reception staff record could less interested.They made apologies room ready dismissed us wait foyer.We got room 1/12 hours later tired children,the room although large dismal,no windows dark green.We interconnecting rooms arrival room inter connecting door locked,we didnt get key 10.30 pm!!on returning room later evening ,we found water pouring ceiling.On reporting reception,a succesion staff came look mop ..floor.The maintenance staff worked room next 2 hours !!finally leaving 1.50 am!!They could offer us another suitable room,and make several phone calls reception,we even offered drink,until demanded least cup tea unable go bed.A bad start holiday,dont stay here!!",-0.1548690476190476,0.5198452380952381,Sep 2 2008
5,5,"Welcome Russia! I returned weekend Dubai, wanted stay central easy access shops. Didn't realise would end Russia though!! The 3 floors Russian owned shops (including 4 fur coat shops!) The staff speak Russian cooked breakfast items sounded Russian!!As room, adequate yes shower leaks! Just put towels floor alright. The room large clean. The decor tad dated, spend much time real bother! The coffee shop real winner, fresh juice, decent coffee proper tea demand. Plus computer cheap internet access.The location outstanding, one block abra station (the boat goes across creek Dubai side). The Gold Souk five minute walk way plenty good restaurants close proximity.In place get pay for, decent shopping base budget.",0.20263798701298708,0.46038961038961035,Apr 5 2008
6,6,"Good Location I've read negative reviews Landmark I sure expect!For money though, rooms extremely nice. We one rooms 10th floor even view river balcony. The rooms spotlessly presented brand new furniture, fittings new flooring. There also mini bar (no alcohol) reasonably priced. The fridge also gives plenty space pop beverages. Most handy.As aware, new metro station constructed outside hotel. However noise generated worse general street noise.Staff extremely helpful polite. No, english might best good enough help us everything needed. They attentive looked requirements well.A people moaned breakfast. There melon, toast, cerial, pastries, cakes well cooked breakfast (which best I must admit). I thought perfectly adequate fill travelling tummy, excellent. Cakes pastries particularly handy nick consumption big bus tour!!The bathrooms wee bit small, shower indeed leak water floor. However, simply mopped floor bath mat use found meant mess. The location absolutely brilliant. Within walking distance creek, Gold Souk &amp; Spice Souk. Also convenient stop get big bus tour. I think could asked money paid. The room cleaned every day satisfaction, geniunely could find fault place. It'll even better metro complete. Worth go budget.",0.25097011784511786,0.49161115119448456,Feb 10 2008
7,7,"Poor quality room appalling service We recently two night stop Dubai, staying Landmark Plaza. Based previous reviews, first choice (we would preferred Riviera Novotel), availability nights, seemed well-located within price range (which challange Dubai). The experience got bad start, Emirates flight Rome delayed 5 hours - meaning check 1st night 6am 2nd day. We tired complain got room found twin, contrary double bed requested. The room good size, poorly maintained cleaned (with stray hairs pillow!). There noise antiquated air con system nearby building works (as mentioned previous reviewers). However, worst aspect room definitely bathroom, flimsy plastic shower curtain resulting water floor, matter carefully showered, toilet stuck (ran) time flushed. It also poorly cleaned, floor mud pie 2nd day.While standard room poor, standard service reception staff appalling. After grabbing hours sleep following delayed flight, keen see sights Big Bus tour seemed easiest way so. The woman hotel's tour desk reception area help - vaguely waving us away telling us went right left &quot;ask anyone&quot;, we'd find nearest bus stop tour. After futile search wasted time, asked Riviera Hotel, encountered completely different atmosphere - polite helpful staff! The woman reception happy provide us information tour, sell us tickets concierge direct us nearest bus stop (they're sign posted).Back Landmark evening, made thought would simple request reception book us taxi airport flight next morning. Again greeted rude unhelpful attitude - told difficult get taxis hotel, would possible make booking us night, instead ask reception morning someone might then, asked 8am. The next morning, requested wake call 6.30am, called 6.45am (whilst leaky shower) told taxi arrived take us airport. Bewildered, cancel cab, packed ready go. When checked 7.20am, asked reception could book us another taxi, waved away told would difficult speak guys stairs concierge desk. It must said guys (particularly older two) helpful - told us they'd asked reception reserve taxi night 6.45am, apparently almost impossible get taxi Dubai 7am. This would fine someone actually told us could ready time! Eventually concierge managed find us driver (who seemed another nearby) take us airport, mercifully quick trip (around 20 mins time day).As result experience, intention stop Dubai - way over-priced, over-rated (unless fancy spending life shopping malls) overall unwelcoming.",-0.08622342018568437,0.458146151542378,Jan 19 2008
8,8,"Okay Once I stayed Landmark Plaza 3 nights mum. We arrived 8am 20 hour flight, check 2pm. That fine. We going drop bags walk around area jet-lag set in. However, reception staff advised us could check early, room would ready soon. So waited, basically ignored. Three half hours later shown room. (This 20 minutes mum stern word reception staff). We leave passports front desk â little odd.The room top floor large, clean cool. There windows, enormous balcony room. The balcony didnât views surrounded high walls. The bathroom also large, bath/shower (water leaked floor matter carefully showered). We breakfast twice restaurant. The buffet ordinary, quite adequate. The restaurant staff seemed disinterested service. There great cafÃ©/restaurant opposite side Al Naseer square called Tavolino. Great fresh juices shawarma.The favourite Russian tourists. Even sight-seeing advisor Russian. I asked closet stop Big Bus Tour â I advised âAbra Stationâ. It isnât. The closest stop Baniyas road â directly opposite Riviera Hotel. (The Big Bus Tour well worth â gives good overview Dubai). The located interesting part city â close souqs creek. Make use abras â best way cross creek. The men area ogle western females â dress conservatively ignore them. We tired book Novotel, Ibis Riviera hotels fully booked. The Landmark Plaza fourth option. The okay, next time I stay somewhere airport transfers included, maybe closer beachâ¦",0.198640873015873,0.3707539682539683,Dec 5 2007
9,9,"reasonable price partner stayed couple nights brief stop Dubai. Firstly, like 2 star, 3!!! The location okay, pretty close creek maybe 10 - 15 mins walk gold souk. For price, bad, room fairly large clean, air con worked however, room top floor extremely noisy due fan outside aircon, plus currently lot construction directly outside Al Nasser square. clear rate charged ended paying AUD $70 quoted rate expedia. found desk staff fairly rude, although able book 'big bus tour' I would recommend easy way getting around inc. creek cruise (well worth ticket cost). terribly impressed restaurant also struggled find decent eating establishment within close proximity.that said, I would probably stay unless win lotto, I dont think afford beach front jumeriah!!!!!!taxi airport 30 dirhams (taxi stand outside exit) staff drove us airport morning (5am breakneck speed) transfer included tarrif.",0.20550059523809522,0.4990761904761905,Nov 16 2007
10,10,"GREAT SERVICE Myself, wife 2 children stayed 4 nights. We picked airport hotels representative luggage carried room extra charge. We waited 15mins reception room issue correct one available, 15mins lady reception gave us keys penthouse suite. really couldnt ask I didnt book penthouse. All activities booked staff really helpful throughout stay. The kids loved it.",0.39999999999999997,0.42142857142857143,Jul 4 2007
11,11,"Good price For price (compared hotels Dubai) adequate. It clean, spacious staff helpful. We arrived 8am room ready hour even though advertised ready 2pm pleased. We travelling 2 children aged 6 8 put us suite room spacious.My 2 daughthers I problems men staring parts Dubai.",0.31136363636363634,0.5189393939393939,May 14 2007
12,12,"recommended Me husband stayed landmark plaza 14 nights. picked airport 11pm driven rooms ready ordered hot meal 12am problems. We booked day trips really good wondering around book day trips. breakfast adequate. going check end stay asked pay 1000 dirhms -service charge. getting late airport never asked questions. later plane thought service charge what? breakfast inc package, laundry done 2 times 3 evening meals. never contacted think paid someone elses bill. So please ask asks service charge check out. otherwise really looked us friends visited us stay. Shabana",0.19761904761904758,0.4404761904761906,Feb 25 2007
13,13,"Great Location reasonable price - recommended I stayed last week nights Landmark Hotel Dubai quite pleased I got money. The room spacious, clean everything needed including effective aircon, TV, I even seperate little lounge room although I travelled alone. Bathroom also clean spacious - problems there. The thing one could complain fact room one small window view roofs - hey, I come stay room look window. As others mentioned, location great explore &quot;old&quot; part Dubai verious Souks. It's 5 minute walk Dubai Creek catch boat across pennies. There also plenty interesting shops area good cafes one get great food reasonable prices.I fancy restaurant much, get better food cheaper within easy walking distance direction. Give Macdonald's KFC nearby miss try local food - well worth it. The transfer airport free, costs little less taxi.No one stared me, even pool, big boofy bloke, I'd worried did. Overall, great location, rather decent room, ok service - better I expected price, I'd stay again.",0.2582843137254902,0.562156862745098,Jun 29 2006
14,14,"Ideal! I stayed Landmark 8 nights perfect. The room clean aircon/TV/good shower/hairdryer etc. The staff friendly spoken little bit shy initially. The Hotel whole grand others area get pay for. I laundry done came back immaculately ironed cleaned. Had breakfast bed couple times delicious, generous helpings reasonable. The Hotel nice chinese restaurant couple good shops. It situated perfect place electric shops ideal location get taxis shopping malls Jumeriah beach. The taxis reasonable also. Yes, men stare Hotel's fault! If feel bit peckish want something quick Kentucky Fried Chicken MacDonalds within 2 minutes walking distance!!The Hotel good gym changing rooms massage service also available. The pool small clean many people use ideal sitting around reading book peace, although roof gets extremely hot water cool water dispenser nearby.This Hotel perfect budget traveller best budget Hotel area. The Hotel par travel lodge similar Britain. In opinion I think negative reviews website fair Hotel good price. I would definitely stay again.",0.38692129629629635,0.6554166666666665,Apr 29 2006
15,15,"It`s O.K Stayed three days found adaquate price.We arrived 6.30 wait 8am room,which better expected rooms advertised ready 2pm.Everything ok,though rooms clean tidy.The side,and isn`t hotel`s fault men stare women streets,a common problem throughout Dubai",0.03015873015873017,0.5555555555555556,Mar 31 2006
16,16,stay away I travel agent disgrace I lots hotels Dubai around world western traveler acceptable.The location awfull full men staring women.The street full cheap junk shops resturants would never risk life eat in.The pool joke dirty full men again.The smells vile staff converse basic English ...please masive favour stay somewhere else ...I would suggest pearl residence.,0.09444444444444446,0.47500000000000003,Mar 14 2006
17,17,"Better expected Given cost Â£50 night otherwise expensive location, I expecting grotty. Quite opposite. The room clean, comfortable good size, staff helpful breakfast satisfactory. The Deira, old part Dubai,not touristy, two blocks creek..it's easy get lost winding streets. The dry, get beer adjacent Golden Fork restaurant.",0.17948717948717946,0.5487179487179487,Feb 14 2006
18,18,"Good value money Me wife satisfied Landmark Hotel; room large airy, cleanliness standard, breakfast good albeit much variety day day, location excellent conveniently close Deira Bur Dubai. Gym equipment adequate although nothing pretentious. We stayed 7 nights consider good value money.",0.4107619047619048,0.5641904761904762,Feb 2 2006
19,19,"Old central city The need refurbishment. However, staff friendly polite, chamber'men' left room clean tidy. The buffet lunch good value tasty. Women travellers note get stared lot vicinity. The location good electronic/gold souks want go beach, spent 20-30dhs go way. The rooftop pool small shade. We pickup/dropoff airport problem locating driver inside outside.",0.21076388888888886,0.45583333333333337,Nov 23 2005
20,20,"Atrocious! They promise pick airport show up. They promise early check in, wait two hours ugly lobby even bother switching lights you. They promise wake call course forget it. The attitude staff atrocious rooms definitely worth it. It relatively clean sad, dark old. Depressing.",-0.32283333333333325,0.6690000000000002,Nov 10 2005
21,21,"Strange combination positive negative features I spent five nights Landmark Hotel Dubai - I booked internet paid advance guarantee good rate.All all, service rather detached and/or nonchalant - I know whether I single female part world, culture thing. I think I received single smile even nod acknowledgement staff (apart housekeeping bit earth). I running late one morning catch tour bus grabbed croissant eat trot told put right back down. So summary I would suggest work service skills &quot;Dubai hospitality&quot; mission statement great disservice (no pun intended..)On hand, location handy located right centre things Deira extremely handy Gold souk among others see regular Dubaians (not Jumeirah Janes) hustle bustle everyday life.Strangely enough, rooms adequate - almost like Holiday Inn.Oh another thing, hold passport check till leave. I noticed went mad panic thinking I lost it!",0.10407265512265511,0.435006216006216,May 17 2005
22,22,"Avoid!! I stayed Landmark Plaza Hotel 1 night ( I stayed 5 nights Ibis World trade center I great stay good value money fully booked last night move Landmark Plaza Hotel).This located old area Diera Dubai, crowded area men seems never seen lady before. staff treat us like dirt, even checked 8:20 pm wait half hour room ready, even though They promis rooms ready 3pm.The room big clean, many thing missing room.( toilet paper Etc....)Well breakfast waste time I stayed bed, waiters charge us extra 5 Dirham Glass Water (Still know I want argue littel), I must say helpfull staff gym attend friendly person.If looking stay think twice, My last word AVOIDHicham",0.1452083333333333,0.369,Apr 9 2005
23,23,Non male..,0.0,0.1,Mar 28 2009
24,24,Bon rapport qualitÃ©/prix,0.0,0.0,Nov 3 2008
25,25,GÃ¼nstige aber nicht berauschende Alternative Dubai,0.0,0.0,Mar 28 2006
