,Unnamed: 0,Reviews,polarity,subject,Dates_extracted
0,0,"Unbearable disco noise 3.3am every night I writing Great dissatisfaction appalling experience family I encountered stay 18th 19th October.My 9 yr old sister mother ill health endure suffering events ridiculous hotel.On first night stayed room numbers: 115, 116 117 - 6 family members total. This one floor called Mezanine floor. Apparently itâs night club loud music goes 3am every night. Little know going spend night night club.The loud music initially I assumed neighbouring room could feel vibration too.When I rang reception 2.30am, didnât admit disco venue directly us. They said send someone take care problem. However, 3.25am I rang again. This time security personnel attended query informed dance event one floor below.I went Shift manager following morning demanded explanation. He apologetic offered room top floor. I asked could put writing noise suffered I could provide lastminute.com this. He reluctant took us General Managers room. The General Manager â Mr Praveen Nanda instantly defensive kept repeating paid Standard Room noise expected standard rooms move us top floor.I explained whether standard room not, lodgers ought able sleep night. Not stay awake till 3.30am. But aggressive rude. He raised voice said leave give us letter show lastminute.com stayed one night. But wont provide us letter regarding noise tolerate.For information, look booking printout, says booked superior room.How distressing inconsiderate. Now, spend day looking another also pay pocket since prepaid hotel?I appalled behaviour. This sort behaviour experience expected 4 Star Hotel. He didnât provide us letter say experienced noise. Instead, gave us business card proof discussion him. He said Agents aware sell informed booking rooms.Eventually moved another floor, wasnât top floor. It one floor one stayed at. The bell boy carrying bags asked moving. I explained ridiculous noise. He said occurs every night. He correct. That night suffered noise till 3am wasnât loud previous night.",0.07254273504273505,0.5100427350427351,Nov 2 2009
1,1,"Very helfull staff comfortable We early flight thus came 6am.They full made us comfortable lobby,offered tea/coffee able give us room 30 minutes.I read mixed reviews aprihensive must say good traveller friendly.The breakfast amazing roomservice fast.Wifi rooms helped us stay touch office.Theyy shuttle malls becomes cost effective.value money,higly recommended",0.3318181818181819,0.5204545454545454,Sep 10 2009
2,2,"Have never stayed worse I spoken line husband business trip Abu Dhabi. Not able get reservation hotels Abu Dhabi company booked Grand Dubai, 1 night only. (he gone Hilton Al Ain 100 times better). He get sleep last night constant noise room next door, corridor night clubs. He reckons used ( I leave imagination for)There internet room.The room clean.Overall impression - NEVER AGAIN",0.1111111111111111,0.49166666666666664,Feb 22 2009
3,3,"Not To Be Recommended Stayed one night prior early flight following day Dubai airport. The thing going close proximity airport - 10 mins taxi. Otherwise give place miss. It heart industrial area surrounded plumbers merchants, builders yards also area dubious characters hanging around. The pool huge, consists 4 sun loungers, lots rubbish general tacky. The staff particularly helpful. You least 30 mins taxi Dubai's attractions. The rates charged expensive basically 2 star Travelodge",-0.053703703703703684,0.4937037037037037,Feb 10 2009
4,4,"Not grand great value Our travelling pal booked later reading negative reviews TA I worries. I pleasantly suprised.We arrived long late night flight grand around 6am tired disoriantated (the 10 minute cab journey airport) The manager desk polite, asked us wait lobby, offered us showers etc pool area.......and could see trying best get us rooms fully booked hotel. By 8.30am rooms. Our room large comfortable beds (2 singles room, friends double) flat screen Tv, mini bar clean bathroom, hot water good shower. The bathroom defintly strange wiff curry wasnt really issue.The breakfast ok choice tea, coffee, juices plus eggs, beans sausages, omlette chef. cereals yogurts An Indian style spicy breakfast also available. A negative point expensive internet, 3 pounds half hour rip off.The location near airport quite far souks malls however unlike things Dubai. cabs still bargain. Our first trip Dubai 4 years ago stayed excellent Hilton Dubai Creek, prices hotels Dubai since have, I feel doubled. Since cant stay beach days less 250 quid grand excellent value money. Of course expecting 5 star luxury disapointed want good base 1 2 night stopover cant go far wrong here.If want beach would recommend public beach adjacent Jumeriah complex. Its quiet get great view Burj Al arab. The Beach parks dirty full staring men ogling anything bikini.I would also recommend new Dubai mall, one largets fish tanks world (free) even dont like shopping bawesome, also got cab unfinished Burj tower. Another great experiance.",0.18049591149591152,0.5769211159211158,Nov 30 2008
5,5,"The Armpit Hotels Dubai I stay several times hotel, company bookings. This place good like foul smell body odor. It simply terrible place be. The linens thin usage through. If cannot see through, means dirty. The bars outlets average. It looks like entered bad bollywood movie stage.",-0.284375,0.5864583333333334,Aug 27 2008
6,6,"Average business We stayed 1 night company arranged it. I asked room rate quoted $160 per night. This first stay Dubai Grand. The rooms (including bathroom) clean. No coffee/tea setup rooms, bed FIRM even though bathtub large (I looking forward nice steamy bath) I get tap water warm. The staff limited English buffet offered company group poor quality selection. It location many restaurants vicinity. If I paying I would probably stay again.",0.17710622710622712,0.5158608058608058,Apr 27 2007
7,7,If speak Hindi..... I HAVE stay hotel. My company pays it. But option....flee.Unless speak Hindi..then going love it. The DGH seven bars. All Indian theme.Need I say more?,0.2916666666666667,0.4916666666666667,Mar 14 2007
8,8,"Good Hotel friendly staff This stopover way Mauritius. On first day arrived little early 6 morning. Out room booked 12 PM. But staff cooperated gave us room couple hours. They even allowed us complementary breakfast meantime.The food good, especially Punjabi theme restaurant.",0.2767857142857143,0.5476190476190477,Feb 2 2007
9,9,Most friendly ever I stayed many hotels buut staff makes stay memorable one.Clean rooms service smile,0.43499999999999994,0.52,Dec 30 2006
10,10,"Uggghhhh.... This place complete dump. I suppose I somewhat less harsh -- I mean, relatively friendly, 24-hour room service (with alcohol, thank god). But, let put way. In three nights I stayed there, I never slept covers. I slept completely clothed (jeans sweater) sheets I scared I would contract form disease. The entire room very, dirty... walls stained, floor covered disgusting stains globs god-knows-what, bedsing stains (yes, even pillows), unidentified things comforter. I slept back, hoping I would move head cheek would touch pillow. Also, furniture equally dirty (I never wanted walk around without socks shoes).The bathroom worse. The bath mat looked like somebody walked dirty shoes, I scared touch toilet, hairs people everywhere, big leak corner one walls mold growing while. The room freezing (even thermostat off), located nightclub, reaked smoke like london pub. I work travel industry travel world. I problem roughing it... here. Not could much better. Besides, would want stay area clearly side tracks... dare... good luck!",-0.10510869565217391,0.4559782608695651,Dec 8 2006
11,11,"From Melbourne Australia I pretty hesitant given negative reviews trip advisor, staying proved pleasant experience.We Stayed Dubai Grand Hotel three days September 2006. I found Hotel adequate stay inline 4 star hotel. All tours taken care tour desk operator Alpna. She great. The rooms clean. They take passports check isnt bad thing I thought arranged Airport transfers time made sure passports safe forgotten. They provided Buffet breakfast us reasonable. Some Indian fare also included buffet. The fruit drinks great. I one complaint- make shift coffee shop lobby allow sit seats unless bought anything them. The cashier day didnt problem family sitting thier, rudeness night guy pretty appalling. Thier hardly seats lobby area sit. So stay away coffee shop plus expensive also drink 20 Dhrs can. Across road good supermarket- A place get cans drink around 1 dhrs.",0.21358333333333338,0.7105277777777776,Oct 10 2006
12,12,"Great stay Really helpful, friendly staff. Helped every time entered departed hotel. Yummy breakfast. Large, comfortable room. Not newest building Dubai well kept. Helped us organise trips. New Zealand.",0.35427489177489174,0.5221861471861472,Mar 1 2006
13,13,"Definetly NOT four star quality I 10 hour layover Dubai. Wanting get rest comfortable setting, I decided venture airport check hotel.I went Dubai International Airport reservation counter located past passport control. The person behind counter recommended Dubai Grand Hotel said four star rating. He also told taxi going cost $10. He forgot tell would much I got HONEST taxi, different story.After I agreed rate ($119), I started looking behind counter advertized hotels. I couldnt find Dubai Grand Hotel listed anywhere. There hotels listed star rating right. No Grand Hotel. That second clue. As &quot;reservationist&quot; helping me, I mentioned fact asked Dubai Grand Hotel truly four star hotel. He assured was. I also asked internet capability rooms. He also said yes. I paid room went get ripped taxi. The taxi took LONG way made $10 trip $15 trip. When I got hotel, I told front desk I thought I ovrecharged taxi brought me. They sent bell boy outside talk him. He least stopped taxi driver taking $20 using exchange rate, nothing inflated meter reading. The bell boy suggested I get Dirhams (local currency) front desk.I large denominations, I asked front desk give $20 worth Dirhams rest US. They promptly exchanged entire $50 amount inflated exchange rate completely ignored request.After checked in, insisted keeping passport I checked out. This something I never asked international hotels I (upwards 20). If anything, photocopy passport taken, never original. I dont advise anyone agree that. I I tired didnt want argue anymore taxi ordeal.Once I outside room, I noticed three doors down, one staff entering room key saying loud, &quot;Housekeeping&quot; entered. I checked room 4 AM local time. What heck staffer going guests room 4AM?? He towels, no, roll-away bed, luggage, nothing..... I'll let decide.Once inside room, I put &quot;Do Not Disturb&quot; sign out, deadbolted door immediately noted I NOT four even three star hotel. The carpet stained worn. The wallpaper stained peeling. The &quot;brass&quot; light fixtures worn rusted. The room peculiar Indian India smell it. (You know one I'm talking about). All all, The room cheap motel quality. The &quot;mini-bar&quot; consisted mini-refrigerator 4 cans soda, 2 bottles water crumpled juice box. The bathroom appointed VERY cheap ammenities decor. The bathroom floor dirty. The personal lotion bottle included comfort section ammenities previously opened used (about 1/4 gone).Having worse hotels, I decided make best it. The water shower would get hotter warm room thermostat regulate thing. I froze butt I come spent two weeks Korean winter! The tv remote didnt work internet access dial up. I unplug phone use internet per hour rate.This definitely NOT four star. It two star generous. I recommend stay price $19.99 night.I felt compelled write review seeing somebody gave place four star rating. Must staffer went one guest rooms 4AM used internet dime.",0.07867612293144209,0.530954069571091,Jan 3 2006
14,14,"Perfectly fine 4 star great service I stayed Dubai Grand one night transit, professes be, 4 star hotel. The decor rooms London B &amp; B Dubai modern, rooms comfortable. The staff helpful tourist banking information, let know approximate time cost taxi journeys.The Dubai Grand close Terminal 2, $US10 taxi Terminal 1.",0.34366666666666673,0.6249999999999999,Dec 19 2005
15,15,"Never again! I stayed four nights. For professional reasons I spend 100 nights per year hotels world. I hotels Dubai before. I would call Dubai benchmark outstanding service, neither good prices. But even comparison place horrible. Dirty old carpet room, stains chairs sofa. The balcony dirty dusty. You would want touch anything, let alone sit down. The way treated receptionists gives impression assume constantly want betray them. Not single smile, single friendly word, Hello, Goodbye, even checking out. You seem disturbing time. Do favour leave alone!",-0.08494543650793651,0.4875496031746031,Dec 4 2005
16,16,"Avoid even free! My partner I stayed 5 nights Dubai Grand Hotel regularly travelled around Europe prior trip stayed many hotels without doubt worst stayed in. Service poor. Staff tried rip us asked booking Dune Safari. We told could sit lobby area buying anything.The double room given located 2nd floor directly disco, loud blazing music went 3pm, resulting five restless nights. The water taps hot, barley warm thus could take adequate bath shower.I spoke one staff members regarding noise water first day, I assured situation resolved, I given another room top floor. From first day till night last day yet I went back reception problems matters resolved.Also visited one clubs called âShamaâ despite fact aware kind club ordering drinks charged ridiculous amount 50 dirham two glasses coke stayed 15 minutes despite writing letter complaint points management, basically offered form apology compensation.You warned.",0.07115384615384615,0.4410996055226824,Aug 13 2005
