,Unnamed: 0,Reviews,polarity,subject,Dates_extracted
0,0,"Not good value money I move form beautiful Novotel I booked event. The Metropolitan smells like brothel, Stalinist staff. The rooms large (huge today's standards) &amp; clean. But I think 3 star charging 4 star rates. Many times, rates nearby Taj certainly beautiful Novotel lower dated hulk. The breakfast depressing. I believe internet rate bsns centre $15 per half hour. But find intnt cafes blocks away, rate couple dollars per hour. They charged $1.50 local call 2 minutes. Dubai v. greedy, money-obsessed destination.",0.17321428571428574,0.5722222222222222,0.5722222222222222
1,1,"Friendly Staff Good Service Good Location This third time I stayed hotel, I perfectly happy choice every time. Reception staff extremely polite efficient, early flight give us room two hours checking time.The room clean, brand new TV it, time left came back find room cleaned towels replaced.Our electrical devices different plug ones room, asked reception send us adapter immediately.I want thank specially Mahmoud reception patient helpful helped us extend check time two hours convenient find chance use pool it.Thanks Metropolitan Deira Staff managers make staying pleasant.",0.2839691558441559,0.4932900432900432,Sep 23 2009
2,2,"please read book We stayed september holidays previously beach hotels change near city shopping try city location hotel, positive points cabs readily available time, could walk shops city centre brave enough try cross roads get choose get cabs far safer.Now itself, checked taken room turned air conditioning -it blew fuse every time turned tv on.After 5 minutes heard knock room door manager asking room okay thought strange think already knew problem electrics room, 3 attempts repair decided move us another room,which okay apart greasy cooking smell couldnt quite figure out.Room service slow, took 2 trips bring pot water another go back bring us cup &amp; saucer us drink from!! The pub downstairs dublin arms expensive-nearly six quid pint three quid pepsi ,we kept amused though rammadan couldnt music sat watched prostitutes work trying chat men business, sometimes success, staff seemed know prostitutes knew first name terms.Staff pub helpful enough(when wasnt playing pool together ) Breakfast everyday NOT GOOD poor basic selection,we waited long one morning get cup tea ended going pouring drinks, staff slow, thought two speeds- slow stop.We went free shuttle bus habtoor grand twice go via hotels way driver delivered parcels hotels, never ever deliverys time, found annoying return trip home sit wait whilst driver chat staff knew wanted get back get ready go dinner.We personally would stop felt business people family friendly, nothing regarding entertainment apart people watching yor amusement pub.",0.05129759129759128,0.47744755244755255,Sep 8 2009
3,3,"Clean Comfortable I arrived DBX Kabul, res needed room 15 hrs. I booked Hotel Res counter airport. They sent car pick (free) 15 mins checked right in. The rooms clean nice, though careul internet policy, 40 mins charged 24 hr rate, equates $31. Otherwise I happy clean comfortable bed clean, quiet room. Walking distance City Center restaurants nearby, though Irish Pub looked quite enjoyable. Dislikes: High internet prices; also, I prepaid room yet still wanted cash deposit stay &quot;incidentals&quot;, I negotiated leaving passport front desk instead. Also, check I wait 10 mins ran room make sure I used mini-bar. But free mini-bus back airport allowed come go DBX without ever changing money.",0.2953884711779449,0.5841019214703426,Jul 9 2009
4,4,"Good great Stayed 2 nights. Nice, comfortable room. Didnt face major problems.Ate food ok. The location convenient shopping etc. Its luxurious place, certainly good one.",0.30694444444444446,0.6722222222222223,Jun 10 2009
5,5,"Confusion Lack Communication Second time I've stayed staff friendly issues. There irons boards rooms forced call one. Housekeeping say ok 45 minutes later call tell currently. This happened twice me. They offer free pressing make pinch time morning. I also forced shift rooms due water leak room above. No problems I beat day wanted crash, deal packing moving hall. No room upgrade offered inconvenience.Lastly billing total screwed I wonder ever get straightened out.I would suggest Sheraton Four Seasons alternative. Same price range, newer building things seem work right there.",0.056618480725623574,0.3517573696145125,May 29 2009
6,6,Desert vacation Good hotel....spacious n clean rooms...had major problem check-in...the booked.....n askin go 10 kms away city center....finally managed get room...otherwise ok,0.40729166666666666,0.5750000000000001,Apr 26 2009
7,7,"Need lot improvement bad! Stay March 09 Tiesto Concert, actually checked yesterday. Our first impression weird - disturbing smell lobby. We guess might came restaurant Mezzanine floor. But no, food smell. We could figure exactly is. The check process took much time receptionists seem upset time. At one point, boyfriend mentioned salary would deducted smiled.The room quite alright, exactly like saw picture. It smoking room clean smell I appreciate. Bathroom small shower curtain always stick body taking shower. We also cute small balcony. But wall believed thin I could easily hear car horn I could hear toilet flush from, I guess, room. Room service staffs helpful. The swimming pool small. It took 5 seconds reach another side pool, water nicely warm! The location great, 15 minutes walk City Center taxi time. Over all, bad comparing price paid. But cleanliness need improvement big time!",0.0027777777777777957,0.49999999999999994,Mar 16 2009
8,8,"Good Value Rooms Stayed 2 nights feb 09. Clean rooms, comfortable beds. OK intend visit Dubai city tourist walk Creek Gold souks 20mins. Only side Dublin bar empty night charged Â£7 pint beer Â£30 bottle house red. It hot spot Dubai's nightlife.",0.21790123456790123,0.5820987654320988,Mar 4 2009
9,9,"A quiet location reasonable value money We stayed 7 nights February 2009. We arrived 1.30 morning check-in quick painless. The staff friendly efficient. Our room (no. 619) fine large comfortable bed. The pillows deep firm problems getting changed. We large flat screen TV, internet access, mini fridge, hair dryer room safe, unfortunately tea/coffee making facilities. The bathroom small clean adequate. The room reasonably quiet, except fire alarm rang briefly 3am first night (we never found why). There bit traffic noise outside enough keep awake. The small gym, separate male female saunas, roof-top pool loungers, jacuzzi small bar. Pool towels provided. The situated established part Deira surrounded building sites, unlike lot Dubai. It close many sites Dubai (which quite spread anyway) need take taxi everywhere. However, taxis plentiful, cheap, reliable safe. However, use official metered taxis rogue taxis, charge inflated prices. The runs itâs transports itâs sister somewhere close Dubai beach also run Deira City Centre Shopping Mall. My husband birthday staying staff surprised lovely, sponge birthday cake left room morning birthday.Buffet breakfast provided main restaurant first floor, adequate reasonable selection hot cold food. This room also served buffet dinner restaurant evenings â Al Riqa Restaurant. We ate one evening, I think cost 89Dh per person. It okay nothing special. There also nice Chinese Restaurant floor called Summer Place, tried last night lovely meal. The prices reasonable staff friendly. On ground floor tea lounge called The Royalton Lounge â again, staff lovely. The also pub called The Dublin Arms, I think appalling I would hate foreigners think typical Dublin pub. It dark, dreary seedy. It poor selection drinks. It allowed patrons smoke (which would certainly case Dublin). They served greasy crisps drinks. They also served meals menu particularly appetising. We one drink didnât go back again. I many bars Dublin like this! If want good pub, try The Sherlock Holmes pub The Arabian Courtyard Hotel front The Dubai Museum.",0.14496487119437937,0.5137197501951601,Mar 4 2009
10,10,"Don't expect flexibility I add comments reception staff hotel. They terrible - unhelpful COMPLETELY INFLEXIBLE. I read reviews able check early. Well true. We arrived 4:00am long overnight flight, point offerd possibilty check early wanted pay additional Â£60 ! We naturally declined . This obviously meant room vacant, considering we'd come South East Asia room vacant never issue check early charge, standards moderate expensive hotels. Having decided going ripped-off decided we'd slept foyer bit , go exploring light return appointed check time 12:00pm. In end returned 11:30am. At point attemped check told company policy (yet knew room empty !).At point little sleep I forcibly expressed dismay utter incredulence attitude. But I still told check would 12:00pm 'needed prepare room' - utter nonsense course. In end end checking 20mins early. Once get past Nazis front desk (they always miserable unhelpful) rest staff pleasant helpful. However attitude reception put ever staying ever again. Rooms basic clean either",-0.008287037037037037,0.6092592592592594,Feb 3 2009
11,11,"Good rounder I booked I need one nights accom nearish airport stayed previously 2 years before. Another reason I booked I enjoy Irish pub left walk in. Rooms basic, lots amenities bathroom, clean, full bath shower clothes rail, hair dryer, window bedroom opens. Bed comfy. I paid Â£60 one night bad, I booked direct. Not recommended Dubai touristy things, airport hotel.",0.10500000000000001,0.3708333333333333,Jan 22 2009
12,12,A Great Place I stay Hotel company's choice. I found staff friendly helpful. The room nice comfortable. I also enjoyed Summer Place Chinese Resturant I thought quite good. I would stay even personal choice company's. Its excellent business traveller.,0.5061111111111111,0.6277777777777778,Dec 26 2008
13,13,"Too basic I would never stay place. Rooms basic, elevators cleistophobic, lobby average. Should last option Dubai. However, staff really gentle pleasant",0.11190476190476191,0.4976190476190476,Dec 3 2008
14,14,"Convenient Metro Stayed Metro September I must say travelling tight budget still desire comfort serene room, Metro place stay. I arrived midnight rooms easily avialable. Given location middle active deira, I expect much, getting room, I wished I travelled spouse. I paid $100 per night I found cheap. The room clean proper air conditioning tv. I two days. Despite location city, nights peaceful. I found quite distance central parts dxb saved cost cabs friend showed around cheaper fare.The directory room useful helping find came buy. My complaint 2 minute call I made Uganda, East Africa room phone cost arm leg. Don't know whether extortionate? Parking pick-ups drop offs also challenge. U park block two away. The front drop-off ever full police always hand fine drivers stay al little long. They considered underground parking.The mini bar well stocked promptly replenished. This cheap well.On whole, &quot;never judge book cover&quot; ... environment outside might scare away, inside, unbelievable! Another plus availability weighing machine luggage preparations.",0.09368530020703936,0.49865424430641825,Nov 19 2008
15,15,"Very good I stayed week October 2008. The summary below:Bad things: Couldnt check 12pm even though got 11am wait hour wasnt great long flight.It hard get taxi main road couldnt get one wellGood things:Clean roomgood staffnice poolGood food, basic breakfast sufficientdecent location, lots restaurants 5/10 min walk awayclose airportdecent minibus facilities jumeraih beach city centre mallOverall good bar couple things bad end. I would recommend price effective",0.25083333333333335,0.5932407407407408,Nov 18 2008
16,16,"Absolutely great Good value, friendly helpful staff, convenient location comfortable. Thoroughly enjoyed stay took daily advantage rooftop pool. What see get - one many &quot;style substance&quot; hotels I stayed before. Thank",0.5010714285714286,0.6,Nov 16 2008
17,17,"Very Basic I've actually stayed Metropolitan Deira times. Each time, I've sort hassle staff. I'm pretty easy please, unusual. But one cheapest yet decent places Dubai I kept going back. Here problems.1. First time I checked (11:30pm long flight) said they'd &quot;misplaced&quot; reservation. They left sitting lobby hour. They told going send sister hotel. Then managed &quot;find&quot; available room. That room entire time. Never got apology.2. The second time I stayed I arrived couple hours official check in. I made sure I'd informed I'd requiring early check they'd told problem. When I showed up, said they'd charge extra day. Why told I'd informed earlier? They told seat lobby they'd look it. Finally, hour I asked happening. They said yet looked it! They left sitting there. I paid extra room sent complimentary fruit basket.3. The third - final - time I stayed past August. When I returned room meetings, I found business receipts I'd organized desk gone. I got housekeeper said he'd thrown away - though perfectly natural. I'd traveling throughout Asia receipts plus warrenties office equipment I purchased. All gone! Maybe throw away banana peel, unless bin throw away guest's paperwork! I complained management told papers important kept room safe. Pretty insufficient response opinion. I'd like meet business person locks receipts every night.I staying again. But need cheap, clean room think require ANY customer service, feel free stay there.",0.12948232323232325,0.47150673400673393,Nov 4 2008
18,18,"A great place stay As single, asian, female, travelling alone Dubai I little worried. My biggest concern ensure I found good accomodation. I research I could leaving UK read number reviews (and many others) various websites. There range opinions confused me!!As may know hundreds hotels Dubai everyone different experience. I decided bite bullet booked hotel. The staff really friendly enough me. The room clean rooftop pool bonus. Daily papers English delivered room every morning tourist information provided room useful. I ordered room sevice couple times good. I also visited Dublin Arms bar gorund floor hasseled anyone.I travelled alone many places I say favourites. It definately good value money.",0.22540726817042606,0.41741854636591474,Aug 26 2008
19,19,"Convenient Stopover This cost Eur120 night March 2008, plenty 3star accommodation. The room adequate, perhaps little basic, suited I spent little time there. I visited pool roof one evening, I myself, save 2 elder couples deck chairs. The water warm, though 5pm pool shade. There good choice buffet breakfast next morning Level 1 several newspapers region choose from. There restaurants bar also, though I didnât frequent them, I cannot comment them. The located Deira region City, quite close airport (Eur5 taxi) 10 minute walk Deira City Centre Mall. This one many large modern shopping malls Dubai plenty shops kinds choose from. It I started journey âDubai Big Busâ tour (Eur 35 approx). Its convenient Deira one places choose Red Blue routes. These good way seeing entire city, include stop beach boat ride along Creek. As might expected, vast majority noteable sights, 5 star hotels large shopping centres. The organised taxi airport 6am next morning, journey took 10 mins. On 2 day stop-over, suited requirements close airport, close mall convenient city tour stops beach.",0.10570436507936508,0.3391865079365079,Jul 17 2008
20,20,"Customer focussed Management As business traveller travels Dubai twice year found Dubai consistently delivers, I decided try Metropolitan Diera time disappointed. While initial room I given air conditioning noise coming outside requested provided new room without hassle.There happened rugby test day I arrived I happened run Pradeep Duty Manager arranged shown pub. From time I left 5 days later Pradeep always asked things I impressed service received.Had meal Chinese restaurant one evening waitress Angel great. The culture Dubai seems take responsibility make decisions Angel prepared recommend dishes discuss choices. Following recommendations well worth rewarding quality dishes selected.Overall good reasonable price well located Deira.I return.",0.2840909090909091,0.37696969696969695,Jul 2 2008
21,21,"Nice It's clean nice hotel, little bit old.there pub lobby, it'll crowded nightthe private car parking basment, difficult get withought scratiching car, becouse entrace exit car parking small.",0.08988095238095238,0.7107142857142857,Jun 14 2008
22,22,"good staff We spent five nights way maldives, looking central opposed beach hotels thinking would see lot choice places dine immediate area, found correct decision going sister beach day. The beach hotels nice building site great deal could see !!!. The runs shuttle bus beach day deira shopping mall twice day . Found mall deira better mall emirates,but thought prices shops dubai price england thing cheaper gold gold souk. The rooms reasonable size, clean functional . The room given balcony front much view city expected. The breakfast wich buffet found good filling.There small swimming pool roof towels supplied, space sun loungers, also small gym sauna .The bar wich like irish theme bar interesting !!!!,my wife went nights staff nice freindly, staff there. If ever return dubai would use again.",0.23376811594202895,0.49586956521739134,Feb 15 2008
23,23,"This place alright! I seen several times Dubai, never really thought staying there. There Irish bar hotel, I sure still open I there.One thing known caveat emptor, let buyer beware, book via website want best deal. Calling give headache want charge almost 2x much website. Also, take cheapest option, lower floors. My colleague expensive option higher floors little angry compared rooms... mine exactly same!! So avoid small rip off, take cheap rooms.OK, right Deira Clock tower round about, front doors little side street main one. The taxi driver know get there. Be careful make sure driver knows Metropolitan, one Deira.The rooms actually good lot better I expected price. The bathroom clean room also. The bed comfortable rooms quiet, except... music hallway, loud! I could hear room... first night, fire alarm conveniently tested around 2230hrs.. handy.The area 5 minute walk Al Rigga street, pretty much get anything like. But also little local eateries around area. Other much going kind nice quiet Dubai. Please remember, hotel, resort.The internet overly priced quite slow... use 40 mins, end paying 24hr price, perhaps thats slow... however feel like it, walk around neighbourhood soon pic unsecured wireless connections.",0.10486157253599114,0.5223680324843114,Feb 2 2008
24,24,"Lovely comfortable beds We stayed three nights end busy 4 1/2 week cruise/european holiday looking bit r&amp;r shopping. It 43deg 90% humidity also Ramadan. Our room lovely spacious big windows overlooking street. The airconditioning seem work well could of, maybe suffering humidity too. Beds king size really comfortable good pretty uncomfortable sleeps elsewhere. Shower worked well good pressure. We de-luxe package received bottle red wine arrival, 1/2 hour internet access daily, fruit bowl bottled water every day well breakfast, included. Breakfast nice good selection food lots wait staff fill coffee, tea cup etc. We found staff helpful friendly stay ate Irish Bar one night nice food good service.",0.3276315789473684,0.5631578947368421,Oct 7 2007
25,25,"Lovely incredible service First time staying , definitely last. Extremely well trained staff.",0.25416666666666665,0.5916666666666667,Oct 4 2007
26,26,Good hospitallity Its average Hotel. Cheap near shopping Malls.Dont excpect something place except nice people working there.If ill go Dubai ill stay something wrong better Hotels.,0.06499999999999999,0.66,Aug 24 2007
27,27,"Not bad good... The Metropolitan Deira good location clocktower roundabout, 10 minutes airport. You take taxi see anything, I guess that's everywhere, since Dubai quite extensive.We asked room low floor reservation, wheren't any. We could stay luxuous room 1 night, move other, normal room. Since I like move 1 night, pay 2nd night luxurious room.Beds fine, room clean big, view clocktower roundabout (I guess rooms view since standing buildings around hotel) breakfast ok...So ok hotel, october I've booked another Dubai...",0.13525641025641025,0.41918145956607494,Jul 19 2007
28,28,nice I stayed several times often request room 501 .The rooms fairly spacious well equipt bathroom well mini bar room safe beds nice well. There small roof top pool never crowded two weeks well maintained. There good buffet breakfast irish pub reception. The staff good friendly. Although certainly best luxuarious dubai find convient shopping centers. There one ot two minor areas need little refurbishment find establishments nice would return meet really nice people well given price satisfied hotel.,0.41358843537414974,0.576734693877551,Jul 17 2007
29,29,"Ok stay I stayed number reasons, mainly great rate ($88/night twin room) I paying myself! There nothing particularly wrong quality staff. Everyone I spoke polite helpful, gushing enthusiasm. Suneer breakfast room exception - helpful friendly. We (my son myself) stayed three nights June 2007.I also booked Deira. Knowing Dubai traffic I wanted something side creek airport. However first mistake. All business Bur Dubai afield - took almost 45 minutes one day get creek.The hotel: Breakfast - Ok pricey Dhs69 pretty ordinary buffet. Location â nightmare get cab; walk many occasions, 42 deg heat exhausting!Internet â extremely pricey. Dhs 100 2 hours. Go internet cafes block away Dhs 5 one hour.Room â Ok, job. Bathroom largest, plasma TV, free slippers. But clean towels replaced regularly.Summary: decent hotel, donât expect anything four stars maintains. The location lets big time opinion rate I got (through Hotels.com) excellent. I would use again, location.",0.23864734299516904,0.5472222222222223,Jun 19 2007
30,30,"Great Hotel Having read previous reviews Metropolitan Deira Dubai I bit sceptical booking single room there. However I found staff friendly, clean facilities excellent. The side I arrived 7.00am long flight Singapore told I would wait 5 hours room pay Â£28 8.00am. I put case reception decided lounge around one many comfortable settees 10.00 I took complimentary bus town centre couple hours came back, checked sleep hours. It would nice coffee/tea facilities room read Trip Advisor facility, I took travel kettle etc. I stayed 5 different hotels Dubai last years definitely best value money. I would disappointed I could get room next year.",0.19871808143547276,0.5041959972394755,Mar 19 2007
31,31,"exhilarating experience Ok one night stop, run scam whereby booked, confirmed, met airport, say expect time unfortunately, itâs mid day pay extra Â£40.00 room early.I using again. Robert Brown",0.18333333333333335,0.5833333333333334,Mar 11 2007
32,32,"OK Hotel rude staff I Dubai times stayed Met Sheik Zayed Rd (which good hotel), thought would nice change stay Met Deira. I would say I would go back. The staff front desk surly unhelpful. They smile seem make job unhelpful possible, shame turned would OK stay one good. The rooms acceptable money restaurant, underwhelming, would expect money - perspective, great, nothing wrong hotel. The location OK (and handy airport).Overall, I pretty disappointed, given selection available Dubai, would bother again.",0.15294117647058822,0.6000000000000001,Dec 27 2006
33,33,"Convenient short stop-over The Metropolitan Deira convenient short stop over. Do expect fancy extras.The situated 10 minutes airport, near clock tower. The advantage staying City Centre avoid eternal traffic jams Sheikh Zayed Road many newer pushier hotels situated.Check-in swift room standard four star hotel. Some functionalities room outdated. There combined telefax phone probably one uses, itsâ best unplug laptop use. There still telephone rings bathroom. The TV small old. Wifi available decent internet connection.Hotel guests bothered Metropolitan Deira noisy night club, often case Dubai City Hotels. The âDublin Armsâ pub situated lobby level. The prices affordable Dubai. The pint goes AED 22.âand 6-9 pm 20% discount given happy hour.The breakfast dull leave memorable impression. Omelettes eggs freshly cooked. Two big shopping malls walking distance City Centre Al Ghurair Centre. Many shops selling designer cloth rock bottom prices found Al Rigga Road surrounding streets Hotel. An inexpensive traditional Chinese Restaurant behind near AVIS. They serve alcoholic beverages, excellent food. A full meal two cost USD 30.--.The streets around clock tower known fact, young ladies offer company. Single men often gently approached already 5 pm. Itsâ Dubai still remains well orderly. Convenient affordable stop-over; looking thrill modern Dubai.",0.15701970443349755,0.4763546798029557,Dec 15 2006
34,34,"Excellent Value For Money Like lot people visiting Dubai, I put high prices bit worried level service facilities I might expect I paying high room price.If looking central place stopover (which stay was) business, however, excellent value money definitely recommended.Unusually me, I can't think anything negative say it! The room really nice, four-star standard. I arrived 7am, wait half hour room; people sitting foyer every morning waiting rooms, seemed standard policy allow early check-in.The swimming pool was, others noted, biggest, regular swimmer I found still adequate get exercise well cool-off.The shuttle bus sister-hotel beach, also get another shuttle couple large shopping centres, bonus free service.Not staff reception speak great Engish, things usually sorted easily, friendly. It's resort hotel, beach holiday interested; touristing shopping stopover like mine, perfect.",0.26725155279503104,0.5356012103838191,Nov 3 2006
35,35,"Very friendly staff efficient service My parents I stayed almost one week October 2006. I booked stay last-minute way back India received reasonable rate room, parents booked month advance. They also received reasonable rate.I picked airport driven comfortable car, although number pick-ups I think minibus would utilised.While I checking became apparent description &quot;city views&quot; (from Opodo) apply hotel.Nonetheless, check smooth.On entering room, I pleased find room reasonable size importantly, standard cleanliness high. This standard cleanliness maintained duration stay. Also, I found housekeeping would change towels twice day, least check towels needed replacement.The TV quite old channels rubbish I go holiday watch TV - two English peaking news channels (CNN Sky News) kept date current affairs I really want watch TV I holiday.The rooftop pool quite small okay want catch quick couple hours sun poolside. There bar next pool I get chance try due Ramadan. My family I spent lot time Habtoor Grand Resort Hotel's pool beach - special offer I got access pool beach (and ransport back) 20 Dhs. My parents got free paid higher rate room. It worth checking free/20Dhs special offer available I think normal 70Dhs price maybe bit expensive use another hotel's pool beach. That said, Habtoor's pool beach beautiful.The staff Met Deira friendly helpful. This made stay much better - always acknowledged walked corridor somehow girls reception always seemed remember room numbers!I would definitely recommend styaing - lap luxury comfortable, clean pleasant. Worth every penny.",0.20245625692137323,0.4810819490586932,Oct 23 2006
36,36,"comfortable friendly Comfortable, pleasant close Diera City Shopping Mall. The nothing exceptional, staff helpful friendly. The rooms basic, clean airconditioner works treat! If put drinks fridge sure drink yours, charged drink hotel's even same.The close Deira City Shopping Centre plus shuttle bus from, however also inexpensive taxi ride.Dubai summer hot swimming spots. Thought I might cool hotel's pool, like hot bath.......so sea however. I'm sure winter best time visit Emirate........I would try avoid summer again.",0.39529320987654315,0.709351851851852,Oct 1 2006
37,37,"I always stay fab Every time I go Dubai I always stay here. Its better side Dubai shopper. Its minutes away taxi Gold Souk provides free shuttle City Centre Mall used biggest new bigger mall. They also run free shuttle sister beach get use facilities there. The rooms I stayed always clean nice staff I found friendly helpful. The breakfast huge buffet wonderful. There chef onhand cook omelets! They charge extra want check early best book night need check early. Otherwise I do, dump bags bell boy breakfast hit malls! Well definately back hotel.",0.3750353535353535,0.5676363636363637,Jul 18 2006
38,38,"Previous review bit misleading My husband read previous review really worried put damper holiday start with. We got 6.30 I check us night before, wait till 10.30, affect us Dubai before. I knew would wait (normal check 12 later), want wait around nothing I advise check night before. The rooms clean &amp; tidy spacious. The staff friendly polite us - came around day ask want fresh towels too, average service.The pool big, want go Dubai beach/pool go beach city hotels large pools.We pay 75dhms go Habtoor beach hotel, lovely - really can't complain get there.This Al Rigga road, plenty places eat &amp; couple malls nearby. It's central. The transport city centre well jumeirah beach park &amp; beach hotel.We hang around restaurant much apart breakfast - bothered restaurant appearance.All all, I really enjoyed stay - rooms par four star (same rooms sheraton deira 2 years ago).",0.16773182957393487,0.37459996144206675,May 26 2006
39,39,"Metroploitan Deira.Dubai. My Son I stayed 6 nights Hotel B&amp;B. The Hotel clean tidy, photos provide line must taken time ago! The majority staff polite friendly Reception staff sometimes little abrupt/unhelpful. We arrived exhausted, overnight flight, 9am Dubai time. We pay 157 dhs occupy room 3 hrs early, also entitled breakfast. The pool area could refurbishment, sunbeds short supply, get provided towels pool attendant helful, pool kept clean water tested daily. Food/Room service excellent, breakfast plentiful, good choice. Rooms cleaned well daily, inc fresh towels. Lots traffic noise night. UK plug sockets room, take kettle supply them.A free bus runs beautiful Habtoor Grand Hotel beach, really gorgeous, cost 75 dhs each, food &amp; drink expensive great. The Habtoor/Metropolitan also need update photos totally different &amp; dwarfed partially built sky scraper hotels! come expect Dubai moment, really detract lovely environment.The photos line must ages old.Metrolpolitan Hotel particularly child friendly, staff/service expect Dubai. Some issues regarding charges wanted levy transport airport left, check account carefully photocopy credit/debit card arrival. We great holiday, I guess expectation Dubai always high felt little disappointed.",0.21696969696969698,0.5722222222222222,Feb 20 2006
40,40,UnverschÃ¤mtes Management: StornogebÃ¼hr bei vorzeitiger Abreise,0.0,0.0,Jun 25 2008
41,41,vorsicht beim metropolitan deira dubai,0.0,0.0,Jan 27 2008
