,Unnamed: 0,Reviews,polarity,subject,Dates_extracted
0,0,"Very good value money Frequent flyer Emirates Airlines I usually overnight Dubai. In last two occasions October I stayed wife 5 year old son Renaissance.I found price extremely competitive, half I usually pay nearby JW Marriott within walking distance case one wishes eat fabulous JW Steakhouse.On 23 October decided stay buffet restaurant Sails found food good quality reasonably priced.Common areas little bit outdated still good state clean. Rooms generous size beds fantastic. Those know Marriott Bed find best version Renaissance dubai.The glitch missed wake call, something new friend Amr reception (at 4th day hotel) hardly forget! I complain simply made concierge aware missed wake call upon check out. Two days later I received personal email apologies 2,000 bonus points Marriott Rewards account. Last, least, location. It within 10 minutes taxi airport, another plus travelers like stay overnight Dubai break intercontinental flights.",0.1411261655011655,0.47333416583416593,Nov 5 2009
1,1,"Tried rip off.....but nice. I recently stayed Renaissance Dubai Hotel booking Marriott website get guaranteed rate 384 AED, roughly $106 USD one night stay. When I checked hotel, I received bill also stated would charge credit card 384 AED. When I arrived home checked credit card statement, stated trying charge $272!!! And I even dip minibar indulge room service!! I hope Marriott realizes crooks working Renaissance Dubai!! I also put fraudulent alert transaction ensure I get money back.",0.1,0.53,Aug 14 2009
2,2,Terrible Customer Service Uncooperative Everytime I stayed I terrible time checking bill always wrong. They tried charge items I checked items signed another room. Then takes 45 minutes get bill corrected. This last time ever stay I travel pay I stay another hotel. They ripped last time!,-0.21428571428571427,0.5761904761904761,Aug 9 2009
3,3,An enjoyable stay My teenage son I stayed Renaissance one night recently brief Dubai stopover. We used free shuttle airport didnt seem available many hotels. The reception staff extremely friendly efficient organised early check extra charge. The room nice beds amazingly comfortable! The bathroom maybe little dated spotlessly clean. There nice swimming pool didnt use didnt time. Breakfast included price impressed quality food variety staff friendly cheerful. The Renaissance may particularly central location didnt matter us - hot outside couldnt walk far anyway caught taxis attractions wanted see. All I would definitely recommend - rooms quiet pleasant thoroughly enjoyed brief stay!,0.2884259259259259,0.5712962962962963,Aug 4 2009
4,4,"Excellent service older The Renaissance situated Deira, commercial area great significance. Due heat, humidity frequent sand storms (the UAE one vast desert, all), everybody takes taxis, walk. The noteworthy places visit, travelling times taxi are:- Dubai Museum (by Dubai Creek) - 15 mins- Dubai Mall - world's largest shopping mall 1250 shops, plus restaurants skating rink - 30 minutes- Bur Juman Mall - 20 minutes (designer boutiques Hermes, Bally, Etro, etc.)- The Atlantis Resort - 40 minutes - home Aquaventure water park, I spent day riding rapids inflatable tube (yes, even 34 years age), situated end The Palm, one world's largest tracts relcaimed land earth, primarily private residences)The Renaissance clearly built 80's, shows public areas, salmon pink marble brass. However, entire property well-maintained, everything looked felt clean, including rooms (most importantly). The downside rooms small windows, make rather dim interior curtains fully opened, absence in-room lighting. In addition, rooms look cluttered me, 2 wardrobe TV/mini bar cabinet array wooden cabinets different heights, occupy inordinate amount space. There much lounging space aside 2 tub chairs tucked corner, standing lamp coffee table. The bed comfortable, although soft liking, I &quot;comfort top&quot; ( thick quilt laid top mattress) removed. Fruit bottled water replenished daily, tap water potable. All staff Club Floor lounge, Reception, Concierge Health Club uniformly helpful friendly. The Club lounge limited seating, got crowded quickly, prepared wait seat peak times. The breakfast evening canape selection adequate, nothing outstanding. The pool small compared hotels, adequate. Tended get crowded families evenings. I stayed promotional rate (due recession), excellent value. In fact, Royal Suite (at time writing review) discounted paltry 2200 AED night, what's more, available &quot;Pay 2 nights, get 3rd free&quot; deal, truly amazing value. Wish I reason return, take advantage offer! The recession really offer benefits.Overall, I would stay again, value deal one I enjoyed occasion, otherwise, I would try something else, since Dubai offers huge selection fine establishments.",0.1681186224489796,0.4680484693877549,Aug 3 2009
5,5,"Renaissance Hotel - Best inclusve buffet Dubai price Visited Dubai June trip gold souk near creek went Renaissance Hotel buffet told good value.Buffet opens every night 6-30 approached restaurant door greeted one staff took us round buffet even decided eat there.The choice amazing everything chicken,fish,meats,langostines, Chinese,Indian,Mexican,large starter section,sweets coming angles.There 3 prices cover drinks,drinks inclusive one chose expensiveone market wines.All drinks premium brands imported beers,so much like evening witha really good choice.Cost package Â£40 per person Dubai fantastic deal.The little bit beaten track 5 mins creek,hotel exterior typical 3/4 star put ,the food brilliant overall deal one best I ever had.We stay stay journey worth it.Its must go Dubai.Brian French",0.32476851851851857,0.5111111111111112,Jul 20 2009
6,6,"Fantastic ""Faultless"" Stay Fantastic stay, service excellent, breakfast delightful, room lovelyPick return transfers airport.Highly recommend",0.76,0.96,Jul 14 2009
7,7,"Simple efficient business The Renaissance good business Dubai, need Deira. The rooms bathrooms nicely done, clean, well appointed. The lobby remind typical &quot;flight crew&quot; hotels - buffet, la carte restaurant, bar, cigar lounge. Meeting facilities plentiful, food fairly good, small swimming pool well street level. Not quite level service finishing touches one normally expects Renaissance, comfortable. Left message reception direct visitor another guest room came reception, called reception multiple times check visitor arrived, message never relayed although person came asking almost every staff person locate group. That bit unusual!",0.2192307692307692,0.539010989010989,Jun 30 2009
8,8,"Reasonable - excellent service Based old pat Dubai, Renaissance Hotel older flash many hotels Dubai - I really liked service.The rooms reasonable refurbished years back. Nothing special terms furnishings comfort suitable business traveller. The meeting facilities fine helpful staff. Actually staff major plus point hotel. From airport pickup check I found staff warm caring giving good service. I've stayed numerous hotels Dubai staff excellent.However, personal visit I'd rather choose modern especially since rates much reasonable days. With large selection luxury themed hotels around, Renaissance appeal wishing international brand limited buget.The Renaissance close Reef City Centre malls 25 mins Dubai Mall ( AED30 taxi ride).",0.2702160493827161,0.4639329805996472,Jun 24 2009
9,9,"A 5 star hotel... back 1992! As title says - 5star back opened, dated worn (see photos) 5 star rating nothing false advertising. The location bad - building work semi derelict buildings surround 'jewel' (see photos).Biggest problem - hustling. From moment arrived front desk 2am - trying upsell us club, door men porters lying taxi fairs took taxis. Rubbish hotel, rubbish experience. Ruined stay Dubai.",-0.27499999999999997,0.31666666666666665,Jun 10 2009
10,10,Outstanding During stay everything went well. everybody friendly wants maximum make happy did.,0.4495,0.603,Jun 7 2009
11,11,"best times! welcome experience shuttle airport till check excelent trip!! prize top prize staff party, used 2 weeks ago. associates helpfull, always smiling, great, loved swiming pool late closing time!! organised great jeep safari us nothing negative tell hotel!!",0.4513888888888889,0.5888888888888889,Jun 3 2009
12,12,"Great location around value Without doubt, one best around values Dubai.The location airport much town makes ideal business travelers visiting various locations Dubai. Youâre minutes airport within 30 minutes business centers. Yes many hotels Dubai well-priced ones shops, restaurant, pool, health club one location. Staff well-trained friendly easy access taxis handy bustling Dubai. The bar great selection wide screen TVâs viewing. No free internet access building decorating bit âbland / corporateâ. I wouldnât stay family looking really explore Emirates itâs terrific business.",0.3658888888888889,0.5888888888888889,Jun 3 2009
13,13,"Nice conveniently located We went business trip. When I saw outside, I bit disappointed. But enter escalator takes first floor realise huge. There gym/pool 4th floor. Rooms great. Very helpful staff. lounga bar amazing. Foodis excellent. Only disappointement check time.Food restaurant great. You get indian, mongolian, continental, chinese, japanese everything. I excellent time there.",0.35000000000000003,0.6238095238095239,Jun 1 2009
14,14,"Fantastic good value Dubai Great staff warm welcome - stayed 2 days April well. Attractive hotel, good rooms, wonderfully comfortable beds - like cloud, excellent breakfast, pleasant pool, good location. No restaurants walking distance one open times. Also shuttle services 2 malls far airport souks. Best recommended us taxi driver superb made time much efficient enjoyable. Overall great value would recommend highly.",0.5882539682539683,0.7184126984126984,May 31 2009
15,15,"Flawless service compensates sub optimal location. The Renaissance Dubai Hotel 10 minute cab ride airport convenient early departure late arrival. Both case stay, hence choice hotel. As Dubai evolved much nightlife activities migrated Jumeira, least 20 minutes 15 bucks cab away. Cabs always plentiful outside however found good understanding geography place travel route many times.As itself, say spent significant time many restaurants bars, place spotlessly clean, staff wonderful breakfast buffet excellent. looking use base explore dont mind commute sights, excellent service makes inconvenience.",0.29484126984126985,0.5595238095238095,May 29 2009
16,16,"3 Star Not A 5 Star Just returned back brilliant trip Dubai....after reading reviews left felt put veiw ..okay goes ...On arrival met airport nice staff sent us free shuttle ..good start.Was midnight friend checked wasnt impressed didnt get told things like ..where lifts located , breakfast served , pool situated ..that sort thing ..i know may room normally least get told way room etc .Room nice enough much light getting make always done small clean bathroom. two girls getting ready task ..lolYou complimentary bottle water two persons per night ..we ask time.Fridge wasnt working plus side quick bring another.Pool area clean staff around needed ...so quiet lifeguard pool area.Even though wrote points others body got back ...nice acknowledged eh !For us Deira area far away &quot;places visit&quot; taxis must ...wouldnt stay againOn plus side beds comfy , clean staff friendly ...do favour though stay somewhere really 5 Star . And let know sooo hot 50 degrees prepared going .",0.20517489711934156,0.5467078189300412,May 26 2009
17,17,"Great Stay Renaissance Dubai Hotel We recently pleasant stay Renassaince Dubai I taken family holiday. Our check took us five minutes, too, handled beginning end pleasant receptionist assumed tired best make us comfortable soon possible.The room usual 5 star trappings actually made big difference room service good prompt.The roof top swimming pool big importantly absolutely clean.All stay renaissance great experience I certainly recommend friends.",0.3650529100529101,0.5261904761904761,May 21 2009
18,18,Perfect choice If want comfort convenience Renaissance Dubai. The centrally located 10 minutes away airport. (Shuttle airport airport also provided hotel).The lobby still impressive although itâs 1 1st 5 star Dubai extensively renovated.The room spacious cozy too. The staff friend I opportunity meet e-commerce manager Mr. Aftab helpful made friend felt welcome. When make sure get room lounge access heat Dubai unbearable. Having access lounge pool help cool relax. There also complementary internet access well. When try spice island restaurant wide range choice complementary choice drinks included it. What I like particularly centrally located friendly staff make stay memorable one. Aftab make difference Marriot definitely. Thanks generosity great host. Stewart,0.31769005847953213,0.5523391812865497,May 17 2009
19,19,"A wonderful We went Dubai honeymoon, due early flight arrived 7am. I emailed advance early check-in shown straight room, wasnt problem.We lovely room pool, spacious spotlessly clean.The staff really friendly always willing help.The taxi's cheap plentiful never wait long.We tried restaurants found well priced alot offer.If go business centre arrange day trips you. I recommend big bus tour first, helps see sights knowledgable.Overall fanstatic honeymoon would visit !",0.27285714285714285,0.4727380952380952,May 14 2009
20,20,"Wonderful Experience! Our recent stay Renaissance Dubai Hotel nothing short wonderful! Due reservation glitch materialize us staying first choice JW Marriott Dubai, (it award redemption stay). We opted stay Renaissance Hotel Dubai instead. It turned good decision part! In email corresponded Renaissance Hotel Dubai E-Commerce manager informing reservation issue, personally interested ready understand issues were, wanting make things right. He personally hand welcome us checked in, treated us spectacular dinner Spice Island Restaurant, way highlight incredible eat Grand Buffet serves spread Middle Eastern Japanese, Indian, Thai, Chinese, fresh seafood like lobster tails cooked liking much more. He also offers valuable suggestions sites places visit. We even took sometime chat couple times. Talking going extra mile, epitome customer service! A big thanks you, Aftab!Our room spacious, nicely furnished 2 double beds, pillows duvets comfortable. We accorded club level lounge access served breakfast, delicious evening snacks changes daily there, day refreshments relaxing atmosphere. The provided extensive amenities services swimming pool, fitness center, provided much welcoming respite often unbearable heat! This perfect leisure business trip. Centrally located Deira, 10 minutes drive (not peak traffic), easy get around parts Dubai. I strongly recommend anyone visiting Dubai.",0.3045363408521303,0.4695802005012531,May 12 2009
21,21,nice stay Good friendly staff.,0.5583333333333332,0.7000000000000001,May 11 2009
22,22,"One Marriott's better properties This excellent city centre hotel, excellent room rates excellent service. I'm former Marriott employee, I worked Marriott (in late 80s), company proud of. In opinion, however, Marriott brand went downhill 90s, thanks expansion plan way ambitious, purchase/management truly horrible hotels UK (none improved Marriott put name door), however properties like Renaissance Dubai certainly give renewed hope jaded Marriott customers.I stayed LONG became Renaissance, back then, nice nothing special. Marriott made something special. It fantastic central location, great service, welcoming atmosphere. The slight criticism I might decor could probably use updating. Its certainly shabby, slightly stuck 1970s. But apart that, I complaints would highly recommend excellent property anyone.If wasnt already JW Marriott within walking distance, I would liked see Renaissance flying JW Marriott flag, although I'm sure Marriott decides hotels Renaissance properties Marriott properties. The Reinassance Hotel Chancery Court London BY FAR Marriott's best property UK, yet flies Renaissance flag, whereas dreadful properties like Marriott Portsmouth fly Marriott flag. Go figure.But Renaissance Dubai highly recommended. If want clean, comfortable stay run friendly, professional employees, place.",0.26215572715572716,0.6307550407550406,May 6 2009
23,23,"A central but! The Hotel central walking Mall's clean polite staff always ready help.The rooms well equipped comfortable 2 good sized beds.The downfall flight path airport day night planes take fly cannot escape aircraft noise.The pool outside good size ample sun-loungers served bar. Men women separate health clubs well equipped.The Spice Island restaurant must 3 choices price non-alcoholic drinks, labelled drinks quality drinks eg. Black Label Johnny Walker whiskey champagne. There 7 food stations Sushi Mexican wide variety sweets follow.The bar good quality menu group playing evening good. The theme sports bar type TV screens group taste. I found downside permitted smoke air conditioning could cope next morning clothes smelt smoke.Overall good exceptions.",0.3121052631578948,0.5014912280701754,Apr 17 2009
24,24,"Top line Marriott! I frequently travel business (weekly) although Marriott chain usually first choice, I often choose another popular brand based location price. I chose Marriott Dubai price mid week affordable. I complaints hotel. It certainly 5 star, excellent service, clean comfortable rooms. The pool fitness center relaxing. Staff available times see needs guests. The carpet shop (gift shop Persian carpets textiles) magnificent, staffed helpful knowledgeable young man (Ali). They wonderful selection textile goods reasonable prices.An unfortunate experience stay - I overcharged taxi (summoned hotel) trip Emirates Mall. Upon returning hotel, I showed receipt concierge matter taken seriously. I refunded (by concierge) amount overpayment; call made cab company I treated complimentary trip airport limo. The staff went way accommodating. I recommend without hesistation future travel plans include Dubai, I definitely book again.",0.27359213250517594,0.56027950310559,Apr 9 2009
25,25,"good 5 star really nice dont expect 5 star 4 star......the looks ok like pictures,,,rest good,nice room,nice staff.and nice breakfast,,,,but remember good good.",0.6333333333333333,0.7166666666666668,Mar 10 2009
26,26,"Wonderful This probably one best hotels world I to. Quick service, nice food good-quality rooms. It situated Al Muraqabat Deira ok go places like Gold Souk Jumeriah Beach. Nearly buses stop Gold Souk stop couple metres left road right. It close Reef Mall good shopping 5 mins away Deira City Center free shuttle craving shopping would rather go Mall Emirates. The rooms top-notch I say food excellent over-priced compared UK much hotels are. The pool good clean well. The service slow sometimes though. I would definitely recommend anyone going Dubai",0.42277716727716735,0.540614774114774,Mar 7 2009
27,27,"wonderful accommodatios service I've traveled world; Europe, Far East. Australia, New Zealand staying 5 star hotels, compared all! The staff helpful, cheerful, extra things without ask.The service food resturants excellent! My stay wonderful, I would return minute!",0.4588068181818182,0.8193181818181818,Mar 7 2009
28,28,"Home away home After long trip Philippines, want settle quality rest, place go. Located strategically business center. yet inside provides calm relax atmosphere. Hotel staffs warm, friendly attends promptly needs. You feel pampered well taken cared off. Food great ammenities superb. You get paid for. I highly recommend hotel. - Erwin Banquil, Sales Executive, San Miguel Yamamura Packaging Corp.",0.3167676767676768,0.543989898989899,Mar 4 2009
29,29,"A friendly relaxed stay anything more. Five us stayed three room suite, three nights. enjoyed experience; friendly staff, SAILS breakfast room, unique Spice Island, Harry's Bar good beds. We definately again.Mr. &amp; Mrs S. M. Nakhleh &amp; friends Los Angeles, CA",0.4708333333333334,0.6333333333333334,Mar 3 2009
30,30,"In need overhaul &gt; POOR SERVICE&gt; SMELLY HOTEL&gt; GOOD LOCATION&gt; DODGY TAXI DRIVERS AFFILIATED WITH HOTELThey organised good car airport friendly driver.Check-in problematic, one member staff. I wait behind pilot got frustrated took 10 minutes process payment one beer minibar. They took equally long time process me.The strange smell pervades every part - smells like cleaning products. Not good, smells like (clean) toilet.Room would expect price, perhaps little frayed around edges. Could refurb.Taxi's affiliated crooks. They over-charge dreadfully (my local-colleagues advised proper prices). DO NOT USE THE HOTEL TAXIS (other airport service), get one meter.Bar good, friendly service, however bar food disgusting - old calamari re-deep fried inedible. I complained replaced other, average, dish.Cup coffee go took 10 minutes cost Â£8. It tepid flavourless.Apparently pub buffet quite good, I visit either these.Checking took 14 minutes (I timed it!). There staff front desk, someone arrive, computer system locked wait someone IT allow check out.",-0.03590579710144926,0.5226086956521739,Feb 8 2009
31,31,"Comfy bed.....courteous staff I got &quot;reasonable&quot; price ...so decent amount paid...The room clean enough, comfortable bed...room service prompt friendly....Most staff friendly helpful...My biggest complaint would smoke bar...wanted go cuple drinks almost choked death...the cigarette smoke disgusting fills place...,i bad sorethroat next day know smoke..not mention stink ones clothes.....i understand UAE yet banned smoking public areas....the pool area quite nice, service VERY slow......massage fantastic..there's Thai woman thai massage amazing! The staff pool area reception friendly....Food hotel...was ok.... thought coffee pretty bad actually, ordered room service....i mexcian breakfast also, impressed... teriyaki salmon evening though great...for part, good...too bad shuttles going City Center though, took taxi get guy pick us anightmare get taxi FROM Citty Center mall.. 12 dirham get there,a nd 40 back..really outrageous pretty near...for part though, great hotel...",0.09236111111111113,0.5452777777777779,Jan 28 2009
32,32,"Top Notch Service I stayed 1 week business standard room. It smaller I expected, still nice clean. The bathroom bit cramped. The TV older decent number channels various languages. I like fact room interconnecting door I could hear guy next door talking phone night.The bed comfortable I slept well every night. The service impeccable. Every staff member greeted day. I ate Sails restaurant food really good. I try famous Spice Island buffet since expensive (US$45+). I ordered room service times impressed.The location 10 minutes airport right downtown area Deira. This perfect I attending exhibition near airport. If visiting Dubai tourist, I recommend staying somewhere else. There much see within immediate area hotel, mostly commercial residential. Finding food outside requires walking around.The could use updating, service much better properties I around world.",0.23222857142857145,0.4978285714285715,Jan 17 2009
33,33,"Great Hotel We stayed Renaissance Dubai Hotel 1 night way New Zealand. We'd asked early check-in flight landed early morning done proceeded tour city arranged concierge extremely helpful. Found staff attentive, sometimes much... Rooms clean adequate stay - bed extremely comfy (which appreciated time got it...!). The heart old town short trip could find anywhere meals outside 3 different restaurants choose from.",0.1728977272727273,0.5311174242424243,Jan 13 2009
34,34,"Not 5 Star me. 1st time Dubai 5 star hotels I stayed Dubai, This nice compare well 5 star hotels I stayed parts world. The deluxe rooms dated decent size. There never enough sun beds round pool. We wait queue approximate 15 minutes check out.Overall lovely good staff meet 5 star standards me.",0.18416666666666665,0.6791666666666666,Jan 8 2009
35,35,"Great We stayed Renaissance Dubai 28 Dec 08 01 January. It great hotel, business-like. The staff friendly helpful. Rooms facilities great restaurants well. Location convenient, close airport. Only downside could hear nightclub bit night room; sure problem rooms. But deal breaker.",0.4395833333333334,0.7981481481481482,Jan 3 2009
36,36,"friendly staff excellent service I travel frequently business purpose stayed Renaissance Dubai 4 times far. When I stayed first time couple years ago needed detailed renovation friendly well trained staff enough say good things Renaissance Dubai Hotel. When I stayed last time 2007 ,hotel visible renovation , friendly professional staff same. Each time I visit famous restaurant Spice Island ,so good food good price.. I know business though ,Dubai destination competition though. But Renaissance Dubai always creating new concepts ideas keep guests happy.Congratulations I hope visit soon. I think staying hotel.Anil",0.2746245059288538,0.49106719367588936,Dec 16 2008
37,37,"Memorable Renaissance Our stay Renaissance Dubai Hotel something memorable. While Dubai famous several classic hotels, choose due Marriott's brand image positive feedback friends. The smiling faces check-in, explanation detail hotel, recommendation food made us feel welcome. Our dinner Spice Restaurant along local friends outstanding. We sure leave great impression hearts several guests. AWESOME RENAISSANCE - Keep",0.383495670995671,0.6072150072150072,Dec 14 2008
38,38,Our first visit Dubai Staff pleasant helpful times - enquiries responded professional prompt way- Hotel's facilities excellent restaurants first class- would use also recommend friends business associates,0.4666666666666666,0.5466666666666667,Dec 12 2008
39,39,"great value money 5 star Just spent week Renaissance Dubai. Booked suite I needed space coduct interviews great since great space, dining area living Area $400, sent complimentary car pick airport. The Club lounge nice cozy (Brand New) seems renovated perfect managed breakfast morning espresso lounge glasses wine evening. I also impressed linen re-use program gives option choose often want linens washed, opted every 3 days thatâs bit Environment. Oh yeah thank Marriott Marriott Rewards points â¦it really best program, I enough points next vacation - NYC come!i'd also like add stay exceptional friendly &amp; efficient Renaissance team - thank you!!",0.43464516488413546,0.5679144385026736,Dec 12 2008
40,40,"Comfort way I frequent guest Marriott Renaissance Dubai. As always service excellent. I like atmosphere throughout Hotel. I luxurious Hotels Dubai, I find however attention detail service continuous bring back Renaissance Dubai.Bill Vangool Ottawa Canada",0.24375000000000002,0.41875,Dec 9 2008
41,41,"Exceptional Service Renaissance Dubai This trip lifetime me, invited friends attending convention there. I contacted property direct reservations information regarding trip. The Director Sales, Vladimir Dabbah, exceptionally helpful even arranging transportation Airport Hotel knowing I traveling alone meet friends. I must say, arrival much early departure, entire staff kind, attentive professional. Everyone greeted daily valet staff, always friendly, would secure cab knowing I explore City. The conveniently located everything short cab ride away. The accomodations impressive, clean comfortable. I greatly enjoyed King sized bed long day out. All magnificent staff ensured trip I fully expected memorable. I returning Renaissance Dubai I another opportunity return great City.",0.3771739130434782,0.6219565217391304,Dec 4 2008
42,42,"Relaxing refreshing rejuvenating My job description requires luckily travel experience qulaity 5 star hotels. I blindly say Dubai experience becomes colorful I know I staying Renaissance Dubai. Innovative designs, colorful wide lobby area, exquisite food menu options fit tastes importantly family atmosphere makes heart warming. I never thought I loyal one hotel, Renaissance Dubai proved wrong.",0.28333333333333327,0.7023809523809526,Dec 3 2008
43,43,Nice Place Stay I great time Dubai. The exceptionally good friendly staff comfortable beds. A luxurious time I worth. The decent taxi-ride distance away neccessary places see. Plenty great restaurants surroundings well.,0.48240740740740734,0.6074074074074074,Dec 2 2008
44,44,"Great Hospitality I much impressed staff gave great hospitality make stay enjoyalbe comfortable. I facing problem back Bangkok. All staff willing assist ensure stay comfortable. November really peak season Dubai staff always helpful. All staff Front, F&amp;B, Housekeeping helping lot. I'm sure staff departments enjoy working make guests happy feel comfortable always. I also working Marriott property, I learnt new things stay Renaissance Dubai. I really want express thoughtful thankness staff. I sure keep great service hospitality ensure guets stay pleasant enjoyable. I feel much home Dubai. Thank much I hope I chance back Dubai near future.",0.3897960372960373,0.552012432012432,Dec 1 2008
45,45,"Lovely start honey moon We stayed Renaissance Dubai night en route honey moon Seychelles. The staff friendly professional, check-in, room service check effiicent. The rooms spacious, beautifully decorated well kept. The location reasonably close airport far city's main attractions. Our short stay perfect wonderful relaxing start honey moon.",0.38784722222222223,0.611111111111111,Nov 27 2008
46,46,"Decent Hotel Decent Restaurant Stayed 2 nights stopover heading Africa. I get US Consulate extra pages added continuing journey. The located beach location, middle city. It easily accessible taxis. We limo meet us airport. They provided excellent prompt service to/from airport hotel. The overly fancy, quite clean, modern, comfortable. The main restaurant breakfast quite adequate, although I say best I've ever had. The concierge desk able arrange private driver car take us tour city that. I would stay I overnight airport. It 10 minutes terminal limo service reasonably priced quite efficient.",0.30468750000000006,0.5109374999999999,Nov 11 2008
47,47,"A home away home Every time I go Dubai I stay Renaissance Hotel Deira. The staff treats friendly warm way I feel home away home. It almost like coming home long trip. The airport pick-up worth million one avoids long queues passport control. The drive limousine lets feel like king queen.The rooms cosy &amp; clean king size bed cuddly hard get morning. During stays I upgraded suite enjoyed lavish life two rooms two bathrooms. The club loung refurbished greets warm friendly atmoshpere good american breakfast. The restaurant &quot;Spice Island&quot; incredible variety food originating lots different countries. The quality superb! Every Friday/Saturday packed. So make reservation go go early.The pool pool area great chance drive private beach Jumeira, good staying beach hotel.The service really incredible! Everyone friendly still efficient. Every single problem (small big) solved spot. One usually greeted/addressed name. That makes really feel special. If dial telephone number &quot;At service&quot;, always answered friendly service fast efficient. It even take Laundry Service 5 minutes pick clothes room I made call.When I leave last day, I actually want check I know I come back. Definitely! The problem great experience is, stay country disappointing!Try love it!",0.23739010989010992,0.48715506715506707,Oct 21 2008
48,48,"Great friendly I Captain British Airways crew well company rep. I narrowed number hotels crews 3 finally chose Renaissance. We staying 18 months hardly get complaints.The rooms nice, clean. The staff friendly bars/restauarants top quality - good move.Lynn",0.3265404040404041,0.6100505050505052,Oct 16 2008
49,49,"Good Location: close airport, nice avoiding traffic jam. Not far Old City/Dubai creek. Shopping malls close by.Check-in: Friendly staff issues checking early. Elite status recognized.Room: Rooms smaller side, bed comfortable clean. Complimentary water provided well bathrobes slippers. Internet NOT complimentary. Sufficient TV channels catering major languages taste.Breakfast: Very good offering quality. For can't miss pork, ordered per request. Good service efficient.Lounge: Newly renovated lounge. Good breakfast spread, less restaurant. Friendly staff good evening cocktails. Internet free first 15mins, new lounge WiFi. Reading materials limited. Can crowded breakfast evening cocktails.Poolside: Pool area showing age, nonetheless still good. On clear day, view Burj Dubai, that, much scenery. Due close proximity airport, noise plane disturbing some.Overall: A good money. It bit outdated compared Marriott road, still good enough Renaissance. All staff friendly helpful.Warning: Be careful taking taxi airport even ordered concierge. I provided &quot;private&quot; taxi. Luckily I knew approx. fare airport, I get ripped off. Make sure official &quot;Dubai Taxi&quot;.",0.2530532430532431,0.5651211751211751,Sep 11 2008
50,50,"First Class All The Way! Reading reviews going Dubai August put slightly I even got plane. Being teacher best time boyfriend take holiday. The weathter effect holiday. From moment arrived treat like royalty. We arranged pick us airport arriving early morning. We met representative got plane. He collected bags us went passport control took car, BMW. Arriving noticed scaffolding lobby, renovations taking place next months affect stay. We booked club room, well worth price, breakfast included, soft drinks, arabic sweets (a must try) tea/coffee day small nibbles 6-9 alcohol included every day price. The room spacious cleaned every day staff. Maybe modern hotels complaints, felt homely comfortable. Robes slippers included basic room also small gifts left every day us, choclates pillows, fruit basket, free bottled water arabis dates. The staff wonderful, always checking see enjoyable time. We stayed 2 weeks. A shopping mall close taxi's cheap available whenever need them. We traditional tourist stuff there, desert safari, dhow cruise, day beach sister Dubai Marine Club Spa,city tour, cocktails Burj Al Arab. All trips except Burj Al Arab booked arrived. It sad come home, staff friendly made trip unforgettable. The bars restaurants within excellent wide variety food available suit everyone's needs. This definately I would stay visiting Dubai.",0.22577160493827164,0.46666666666666673,Aug 28 2008
51,51,"Excellent Hotel Great Hotel Dubai, great beds, clean, polite staff. Has pool garage parking. About thing fault room two double beds (party 3, spouse teenager), found rather small sleeping king size home, plus squeezing two beds room left little empty space. Only late snack Harry's Place unable critique restaurants. Harry's place good, hamburger large, Mexican Wrap filling beer good size glass. If making reservation line prepared pay extra 10% Service Charge Municipal Fees check unless verified online rate inclusive. There internet connect charge. Hotel bit hard find driving oneself (if coming creek tunnel, take right first roundabout Hyatt, go roundabout two fish statues center, take left road Hotel come view relatively soon, left. During weekday may pain trying go Emirates Mall (or anywhere matter) due construction going incredible traffic (the Hotel fairly far Emirate Mall).",0.13844982078853046,0.46413466461853564,Aug 2 2008
52,52,Very nice Excelent hotel. Comfortable beds. Very clean. Exceptionally helpful staff. Nice pool. Spice Island buffet truly outstanding - miss it!,0.591388888888889,0.9308333333333333,Jul 21 2008
53,53,"Great place price A wonderful price. I booked thru Hotels.com, easy do, I deal ensuring I double-billed I hotel. The staff superb job ensuring paperwork correct. Staff extremely friendly. As far I know, rooms non-smoking, awesome me...being non-smoker, I smell room smoked first seconds opening door. King size bed, premium bedding - two comforters bed, one lay one cover. Shower awesome, strong water pressure always plus. The four different resturants couple bars. Centrally located within city. Great service, friendly staff - I travel frequently probably nicest I've stayed last couple years - actually, nice enough I took time write review, first time I've ever done that. Oh yeah, room service 24 hours day!",0.37380050505050505,0.5881313131313131,Jul 6 2008
54,54,"Unilateral Decision Firstly, general staff exceptional; enough exceedingly friendly. The one would expect: well presented; perfectly maintained.Unfortunately, reception staff's performance ranged continuum ineffective terse. I arrived Dubai 0800 find unilateral decision made book previous night order accommodate early arrival; way I authorise extra night's accommodation. I informed staff intent use morning look around Dubai way I expected check six hours early. Thay informed &quot;never heard anyone that&quot; proceeded blame AsiaTravel (who turn blamed hotel). Regardless fact I copy email confirming dates, took reception staff ten hours rectify situation. Each three reception shifts took turns assuring situation would taken care of...It would amiss point Renaissance Dubai offered free upgrade next time I pay stay there.No doubt I enjoy exemplary service???",0.11973684210526318,0.4328947368421052,Jun 4 2008
55,55,"Nice - ""definitely NOT"" 5 Star As reviews state, one &quot;older&quot; US chain properties. Pleasant &amp; nice &amp; clean, nothing even remotely approaching 5 Star. And, like usual drill US chains, confuse fact upgrading lobby &amp; public areas, &amp; throwing new bedding, etc. rooms, &quot;does not&quot; qualify retain 5 Star ranking. This unique Marriott, since standard operating procedure US chain hotels often first open new &quot;hot&quot; spots like Dubai. The Sheraton Creekside &amp; Radisson same. Dubai location flush &quot;true&quot; 5 star properties, waste money Renaissance (or Sheraton, Radisson, Crown Plaza etc). Once leave public areas The Renaissance &quot;standard issue anytown USA&quot; hotel. Small bathrooms, sliding door closets enter, newer furniture. The housekeeping great, etc., change &quot;fact&quot; OLD, WORN, renovation money spent public areas. IF using points stay like did, bingo, home free &amp; worth it. But actually pay 5 Star price stay would boggle mind. Spend money true 5 Star properties Dubai. Don't waste money staying typical US chain property simple seen comestic upgrades. I agree location good &amp; improve new metro line completed, runs right front hotel. Just 3-4 blocks directly behind Deira area lined pleasant restuarants. In fact, Marriott, 10 minutes walking distance The Renaissance factually better hotel.",0.1381308384597858,0.46245158350421506,Apr 3 2008
56,56,Location Location Location I stayed week found pleasant. Good rooms friendly staff. Spice Island restaurant excellent well worth visit.,0.6881666666666666,0.67,Mar 1 2008
57,57,"Solid 5* In Good Location My wife I stayed extended stay Feb 08. The one 'older' (for Dubai) 5* properties, excellent condition clean.Location good; short ride airport, near JW Marriott Muraquabat section DXB (across police station). Some shopping nearby - 15 min walk Gurrair Mall; probably need cab trips (esp summer). No problems getting taxi (5/6 minute max wait; usually within minute 2). Getting taxs major headache Dubai, availability major plus.Reception efficient friendly/curteous. Guest services helpful gifts, information, etc., stay.Room 2nd floor average size. Had comfortable king sized bed, several pillows nice comforter. Two smal chairs, desk chair, small table, several magazines/tourist books. Older TV good selection English, Arabic, German, French, etc. Nice bathroom usual amenities, inlcuding terry cloth bathrobes slippers.The room clean service efficient unobtrusive. There couple excellent buffet restaurants - Spice Island (general buffet) Sails (seafood). Highly recommended reasonable price. The bar/club also nice; section cigar smokers, pool table OK band dancing. No noise problems room.The outdoor pool (on 5th floor, I think) exercise room adequate. Overall good, solid choice. Not newest flashiest, clean friendly, helpful staff tries hard make stay enjoyable.",0.23473484848484852,0.44526515151515156,Feb 18 2008
58,58,"Good functional place stay ambiance important If want convenient location, good service nice place stay , good option. But league 5 star beach/resort properties along Jumeira beach Dubai, comfortable functional business short shopping stay. The best staff, always ready help cheery attitude. And concierge level service far better anywhere US chain's properties. The food offered lounge outstanding throughout day one would necessarily go eat.",0.39299999999999996,0.7100000000000001,Jan 25 2008
59,59,"Good feel exceptional Stayed couple days short break Dubai. Hotel able offer arrange complimentary car transfers convenient appreciated. The urban location near Deira 15mins ride airport. Stayed Club Room - soft drinks, small snacks breakfast included room price. This good value well worth having. The snacks nothing amazing: bits fruit, pastries Middle Eastern sweet pastries. They okay - certainly could worse! In terms decor, clean well maintained though 1980s. Basically, job good branded hotel. It's quite long way beaches car/taxi appropriate business/urban stay.",0.27590476190476193,0.45985714285714285,Jan 13 2008
60,60,"Greatly Exceeded expectations I stayed part stay meeting husband Dubai. I travled friend also meeting husband, arrived day husbands. I aprehensive staying middle east w/out husband. However, friend I arrived found beautiful felt safe. The room nicely appointed bed honestly comfortable bed I ever slept in. I wish I could brought home me!!! The restaurants excellent nice rooftop pool. The drawback walking distance major tourist attractions Dubai. However, taxi fares reasonable. I extremely pleased highly recommend it! :). Hope helpful.",0.480859375,0.7556249999999999,Dec 26 2007
61,61,Clean comfortable good location This located fairly close airport. Fairly long taxi ride Juneriah Beach heart Deira gold souk town centre located. Staff friendly helpful. The rooms spacious clean decent bathroom. I booked Marriott points great cost penny!,0.44722222222222224,0.6685185185185185,Dec 18 2007
62,62,"Nice worth price 5-star hotel. Service good. Food restaurants good expensive. Check in/out process quick good. Tourist info helpful. I stayed 2 nights. The bed pillows great. Rooms average size seemed nothing special nicely tiled bathroom nice bed. I expected lot 5-star hotel. Good location. Very close airport shopping centers. Free shuttle City Centre shopping center, city tour originates.I like fact high speed internet fee based. The fee 40 Dhm ($12) per hour. Isn't price room high enough? I redeemed Marriott Rewards points I pay money stay. I've stayed hotels nice half price. Even Marriott hotels. My experience good nothing bad happened. But I paid regular rates, I would disappointed.",0.20926929392446636,0.5771270683339649,Nov 16 2007
63,63,"Liked Renaissance Dubai Nice stay Renaissance. Central location near airport. Small clean room, great large pool, iron board room - must call request, pool bar never opened pool, nice selection restaurants, complimentary dates coffee served lobby, great bell staff. Not much else say - pleasant visit.",0.38340659340659344,0.6291208791208791,Oct 23 2007
64,64,"Not convinced... Stayed one night stopover September 2007. It located relatively close airport. Room nice, clean equipped need. Service friendly breakfast excellent. The lobby spectacular, ranging height several floors, rooms entered balconies inside big hall. Great design, downside exactly - noise hall goes straight room. There several bars, restaurants even place live music hall, prepared noise room early morning (when finally finish cleaning bars, moving chairs tables around etc.). Not us need sleep. Solution would simple costly: Similar many hotels, extra door bedroom entrance area (where wardrobe located door opens bathroom) would help keep noise hall.",0.25937001594896336,0.4609022556390977,Sep 15 2007
65,65,"A great place stay! My husband, 3 year old daughter I stayed 2 nights Club room. I booked asiarooms got great price. We checked late- 1am greeted friendly efficient service. We allocated roomy, comfortable modern room delight! It quiet 9th floor- I heard noise windows- double-glazed. We arrived plate fruit complimentary water. There usual extras bathroom- aromatherapy kind! There bath salts huge bath, use robes bidet. The pool outside 4th floor, separate pool young children, spa. Breakfast 6am club lounge, however, 'hot' food always appetising. There usual cereal, fruit, toast croissants etc. The best part probably cocktail evenings, complimentary beer, wine spirits. The negative encountered soft pillows mattress due duck feathers! Once removed quilt feathers beneath bottom sheet used comfortable pillows, alright!As airport transfers, cost far greater taxi- according reception! They also recommended change money airport future, something good know! I also heard Euro accepted many places Dubai. I get eat acclaimed Spice Island Restaurant- ate heaps cocktails lounge! But I heard lots positive comments guests. All-in-all, I highly recommend fine well-trained staff!",0.26687442607897155,0.525720844811754,Aug 8 2007
66,66,"Great Stay Renaissance Just back 10 day stay Renaissance, say? It brill. My husband I took 7 10 year old children Easter break. I already read great reviews hotel, still bit wary got there. We booked directly got room 6th floor access club lounge also club reception.Arrived approx. 8am (Dubai time), travelling overnight. Were greeted driver airport 15 minute drive arrived hotel. Location heart bustling city cheap taxis readily available distance far. Having already visited Dubai, 2 years previous, I noticed traffic increased quite considerably.Arriving 9am, expecting get room much 3pm pleasantly surprised rooms ready within hour. Had breakfast got room. Room quite small 4 us, 2-3 would adequate. To fair, I think accomodated us, difficulty finding could us one room within budget.Pool located 4th floor, kids totally happy it. There separate childrens pool necessary swim. Pool staff extremely courteous helpful times.Although access Club Lounge continental style breakfast, soon discovered main lounge types breakfast, suited us better.Even though may used Business purposes found pleasant. We seemed family staying children, meant children run pool!! All staff pleasant enough us.This got one best hotels stayed would definitely recommend anyone age.",0.2988888888888889,0.6074074074074075,Apr 13 2007
67,67,"Home away home I stayed 10 days business trip. A bit way business district easy get around taxi. The extremely comfortable great breakfast good restaurants. The pool absolutely wonderful full workout room steam/sauna men women. The pool staff extremely helpful always needed. The Renaissance beach priveledges Dubai Marina Beach Club. For small fee take great way spend day hours. We Dubai business atmosphere warm inviting. Restaurants visit Noodles The Emerates Tower, India Buda Bar Grovenor House Course Ritz Carlton, Le Meridien Mina A Salam hotels serve exquisite meals great ambiance. The rooms comfortable well taken care attendants. The beds usual comfortable. Only complaint small one cost internet service. I booked three rooms staff traveled me. Internet approx $30 U.S./day times 3 rooms 10 days. Otherwise place great stay reasonably priced. Enjoy stay Dubai enjoy hotel. It good starting point explore find many places visit next trip!",0.3369047619047619,0.6026785714285714,Mar 24 2007
68,68,"Perfectly functional comfortable. This decent business fairly close airport Dubai. I arrived 8am overnight flight courteous check-in staff made every effort allow room straight away. The room I expect Marriott - spotlessly clean, fairly spacious comfortable bed. Two bottles water offered hotel's compliments day. Another pleasant factor good water pressure shower, always plus. I change rooms owing nearby noise day 1 staff happy help quieter room found within half hour. It probably would faster still I asked change midday, many rooms still cleaned. Brunch Spice Island restaurant filling: 121 dirhams food I could eat including Indian, Chinese, Mexican, Lebanese sushi plus good lentil soup flatbread, great desserts endless supply various fruit juices mineral water. Great hungry I certainly pretty good quality food well. The swimming pool area (4th floor) well looked quite comfortable place spend afternoon. The bars (Harry's Place &amp; Tiki Bar) close 2am serve last orders 1.30am. Both fine neither particularly interesting better locations found elsewhere Dubai. Meanwhile new shopping mall 5 minutes walk street next Marks &amp; Spencer. A taxi ride considerably larger City Centre Shopping 10 dirhams - beware getting cabs mall done shopping, however, one place get often quite long queue. Slightly classier hotels Dubai carry even higher price tags Renaissance (seemingly Dubai rates budget traveller) one perfectly adequate pleasant staff location makes getting airport relatively short journey morning. Full marks.",0.32792801026134355,0.5832932499599166,Mar 13 2007
69,69,Lived expectations Very good respects. Particularly impressed fuss way early check-in handled long overnight flight. Staff smiling courteous. Most comfortable bed ever.,0.49857142857142855,0.6957142857142857,Mar 8 2007
70,70,"Vert good place stay I stayed two nights club room. It great experience recommend everyone.The conference rooms ground floor, lobby upper floor, six floors rooms. The club sixth floor. The bed room well equipped contains everything need enjoy stay. The matress pillows soo much relaxing. This one hotels really enjoyed staying in. The bath room spacy fitted big tub. Amenities complete, need pick phone order anything. The club lounge small fitting barely 6 tables, would considered bit bigger room get crowded happy hours breakfast. The happy hour 6:30 8:30. You snack drinks much want. The swimming pool looks nice try raining time there.One important restaurants visit SPICE PLATINUM. A 7 one cuisine eat stomac afford. cuisines Chineses, Japanese, Mongolean, Italian, Indian, Thai, Mexican. Most food live cooking. Rates restaurant 140 AED softdrinks goes higer drinks. Personally recommend Mongolean section Lobsters.",0.2596801346801347,0.4416666666666667,Feb 10 2007
71,71,"Realy enjoyed staying Renaissance Excellent Hotel near Airport city centre. The place stay unless want beach 40 minutes away taxi depending traffic. A short taxi ride Dowe Warf, Creek Soulks. The friendly helpful staff could find. The restaurants absolutley superb reasonably priced. The Spice Island Restaurant missed even staying hotel. For Eur35 equivelent enjoy exciting varied buffet could imagime dishes Mexico, Italy, Japan, China, Mongolia name few. Harrys Place Bar serving drinks Bar food menu. We got late booking deal internet enjoyed superb value money. There nothing Hotel could you. They go way every service can. I highly reccomend Renaissance. If city Hotel want look nowhere else. The Shopping Mall across street. However big ones Taxi ride away. Taxis always available hotel, clean, good condition, air consitioned cases cheap.",0.39143939393939403,0.5872727272727271,May 21 2006
72,72,"Loved Ipod Music Limo Mariott Rewards Loyalty program We spent 3 nights Renaissance Dubai Hotel, Service fantastic, cool friendly staff...they took excellent care kids, Kids great time. The Food delicious, The Spice Island Restaurant amazing (all eat Drink) live cooking, go two days without eating meal spice Island. The Pool great spent lot time even got chance go private beach associated with. great definately going back next business trip dubai ... dont forget ask marriott rewards points.",0.4291477272727273,0.579375,Apr 6 2006
73,73,"Renaissance Hotel Dubai Three nights 31 OCT-3 NOV Ramadan. Excellent friendly staff, room (Deluxe king bed) quite ok, clean, hairdrier bathroom convenient (usual wall mounted type), otherwise ok. Internet connection room laptop (didn't use time), Wi-Fi lobby, three PCs business centre lobby floor ones without laptop,minimum charge 40Dhs 30mnts. Nice buffet breakfast 72Dhs Spice Island restaurant, also Buffet dinner - good choice different kitchens Dhs156 including wine basic liquers. It quite full got good table immediately residents. Hotel organizes transport Marina Beach Club, costs 50Dhs per person, got Mercedes driver took usthere 11am brought back 4pm, quite ok except beach tiny clean kind docks next it. A shopping malls within walking distance hotel, otherwise short taxi drive bigger ones. I asked things staff lobby, like go shopping etc. found answers proved accurate informative,generally staff met nice good atmosphere. Airport transport free (about 10 mnts drive). Would recommend anybody particularly looking beach kind holidays (there swimming pool whichlooks quite ok - time use it)",0.3077357320099255,0.544520264681555,Nov 4 2005
74,74,"Fond Memories Renaissance Dubai Hotel Memories Renaissance Dubai HotelIt early year experienced professionalism highest order, stay majestic Renaissance Dubai Hotel February 19â21, 2004. The occasion 3RD International Convention So~Safe Water Technologies, grand hosted three days. Almost 50 delegates around 26 countries enjoyed luxuries extra personal care accorded diligent ever smiling staff reputed hotel. Being Convention Director I heavily entrusted extend personalized care international delegates true business professionals frequent travelers times kind people maintain certain egos, comes timings, behaviors handlings, thanks God job made lot easier proficient smart front office team, agile room service squad cheerful restaurant staff, I always found walking extra miles serve big group ours. I found short words thank superb display professionalism, Renaissance people extended us specially I would like register gratitude ever helpful ever smiling Sales Manager Mr. Jan Siddiqui extremely courteous Event Co-coordinator Ms. Marilou Domalaon, despite final days pregnancy, used run venues, ensure happenings smooth logistics order. Being professional event manager I many experiences hotels 15 countries, I safely state kind generosity still remains matched. I certain service industry matter could take due pride engaging bunch talented individuals proud philosophy prevails Renaissance Dubai Hotel. Salman A. SiddiquiConvention Director-2004salman@sosafe.net",0.29298941798941797,0.5395502645502644,Dec 20 2004
75,75,"Builders Just come back 5 days Renaissance.Dissappointed two main restaurants closed alterations ( due back mid December )A suite booked turned two standard rooms back back interconnecting door.Staff private club lounge less attentive, chose use main Sails restaurant food varied warmer.I class business short stay, flight path airport, noticeable pool.Not standards Jumeirah Beach Hotels business hotels Sheik Zaid Rd.",0.04215686274509804,0.2740196078431372,Dec 12 2004
76,76,"Wonderful! I stayed The Renaissance July 2003 wonderful time. We passing 24 hours really helpful guy called Keith Customer Relations airport gave us seat coffee found us great place night.The pool lovely beautiful. Its air conditioned, uncomfortable freezing point I previously found hotels. The snack bar/pub great I one nicest Ceaser Salads there!We back Dubai soon staying Fairmont, due closer beach R full.You safely book - noise, nice food, clean friendly. Complimentary pick drop airport. More town beach beware beach I hear construction zone places!!!",0.3935032894736842,0.6679824561403509,Oct 19 2004
77,77,nice spice isalnd stayed 8 nights loved great service try spice island meals brill,0.7600000000000001,0.85,Sep 21 2004
78,78,"Excellent service good I stayed Renaissance Hotel Dubai three nights. I thought service excellent respects propert pretty good too.As hotels Dubai I given complimentary transfer airport. A member staff met even I gone passport control greeted me. He took hotel's airport desk I given bottle ice cold water - I needed. The staff told unfortunatly transport transfer delayed would arrange taxi would pay for.I stayed Club floor meant I access CLub Lounge. The lounge small staff friendly attentive. The breakfasts ok great - snacks evening time excellent including sample dishes Asian themed restarant hotel.I sure room club floor different standard excellently furnished ample size. Cleaning always perfect standard bathroom outstanding size facility. The pool area fourth floor ample size looking little tatty green decking. I see fitness rooms.The rest nicely decorated architecture looking little bit like 80s idea futurism...not necesarily bad thing.Of course location near beach pretend holiday hotel. It city centre business well.Of course standard Dubai generally excellent anyway I would liked able compare Renaissance others -- notably sister hotel, JW Marriott opposite -- nontheless stay pleasent I would certain recommend it.",0.2727443609022555,0.5809732664995825,Aug 14 2004
79,79,Confortable,0.0,0.0,Aug 14 2004
80,80,Sehr empfehlenswert,0.0,0.0,Jan 20 2008
81,81,Bof !!!,0.0,0.0,Sep 11 2007
