,Unnamed: 0,Reviews,polarity,subject,Dates_extracted
0,0,"recommended live uae abu dhabi, every week end staying hotels dubai. stay palm beach really horrible. staff friendly indian resturents really good. room poor quality bad smell. give two single bed love birds, god know managed get two single beds. a/c making loudnoise like gererators bathroom 3 star catogory. nice loation resturents near hotel.",0.015318772136953967,0.5722943722943723,Aug 18 2009
1,1,"Palm Beach Rotana Inn Dubai : The Worst Place I ever I booked s**t hole online hurry.The moment I entered thru lobby, realized done big mistake!!The dramatically old building taken care of, indian food spice smell fills place lobby even bed slept on.The room nothing old dull, poor hygene facilities store. I given twin bed room cheked changed queensize single bed one.There AC control, AC ducts opened rooms, toilet terrible improper plumbing, water hot hell, nothing inside couple towels, soap shampoo sachets ( worst quality ). Noise street, rooms night clubs horrible.The staff bunch rude indians rooom service completely sucked.i ordered bucket ice , charged, got beer pint glass ice instead whihc came exactly 30 mins.There minibar, thing fridge couple 2 tap filled unsealed water bottles.Later night came back lady friend receptionist asking extra charges !! dhs &quot;tip&quot; enough shut up, still called 8 am! ask guest leave ( really frustrated kept calling )i switched phone ringer called confirm check time!!In Brief, nothing satisfactory definitely would never go recomend place ot anyone.",-0.1604968944099379,0.47315734989648034,Jul 19 2009
2,2,"Average Hotel It's budget hotel.I stayed Palm beach 4 days.I arrived Palm beach early hours ,But Hotel gave room ,there problem early checkin.Hotel staff indians ,especially receiptonists rude.They asked passport ,But give clear explanation heated debate other.Then They gave passport.When I room ,an employee come asked passport ,I hangry.I learned later ,In Dubai hotels take passport scan digitally submit details police.Hotel room little old ,but clean ,bathroom bed adequate.There also Nigtclubs ground.There noise.Location good ,to reach Old souq ,dubai museum ,Al fahidi Street ,Carrefour Shindiga Abra station walking distance(A little long ).But If wanna go Jumeireh ,Burjuman ,You need take taxi.Breakfast basic adequte ,There Asian Indian foods.There net connection rooms.But There net cafe near hotel.",0.06608333333333334,0.32141666666666674,Jun 8 2009
3,3,"Look beeter cock roach place With construction happening Dubai, bad place, however room I paid room given. I paud double, I arrived I given single. After two days complaining I placed double room, seeing roaches crawling around room.The advertised International Breakfast, breakfast nationalites Filipinos Indian. I American, nothing International it. travel around world. Breakfast hours 0630-1030. If went eat 0900, stood chance eating getting minimum. The fruit either sour rotten.The TV channels (7 channels) Indian, BBC CNN. The AC work properly, bathroom plumbing tacky, holes drilled side insert fixtures.",-0.0497252747252747,0.23507326007326007,Jan 5 2009
4,4,"Not bad My friend stayed 4 nights week, convention taking place Dubai hotels either full much expensive usual.We booked website confirmed price Dirhams although took full credit card details, take payment. The exchange rate dropped considerably time checked thus stay ended costing us noticably expected. Hence would advise book website gives price local currency takes payment immediately.On arrival, first thing hits strong strange unpleasant smell, lingers around whole hotel, including bedroom. On first impression, disappointment. The frontage lobby much smaller appeared web photos. The location busy road impressive. The location generally good though terms getting around. Buses almost everywhere obtainable right outside accompanied aircon bus-stop. Taxis reasonably easier get here, dificult. The meena bazaar within easy walking distance, appeal us.The reception staff ok friendlier others. The tour guide extremely helpfull, providing us sorts useful detailed information. From bus get much taxis cost us get particular destination. He gave us good directions, found useful.The bedroom spacious furniture new decent quality. The room looked bit gloomy, probably becuase choice decor aircon basic. The bathroom reasonable size towels linen changed daily. Curtains could better hung properly block light. Breakfast good varied daily basis. It mixture hot cold. Service mornings extremely poor resulting alot waiting around staff, however omelettes made request although wait maybe necessary.We 5th floor didn' hear noise 3 nightclubs ground floor. We spend much time comment anything else.It generally ok.",0.16424925074925079,0.4844398101898104,Nov 10 2008
5,5,"Value Money Over satisfied stay, enjoyed trip Dubai, Small Nice Hotel, I say value money, Staff friendly well behaved, asked early Check In flight landed 0700am, gave early Check In I 0900am, centrally located local shopping areas around.Food fantastic asian taste, WiFi, I think must.",0.19375,0.5291666666666667,Jun 15 2008
6,6,"homely family united arab emirates ; Palm Beach Hotel, Dubai. &quot;nice atmosphere family &quot;Date; may 4, 2008myself family returned week palmbeach hotel, dubai. The well maintained neat clean.we stayed fifth floor looking city. The breakfast served coffee shop inclusive package room attractive offers wide variety international buffet spread. even son happy find favorite crispy potato wedges buffet. Restaurants great . staffs attentive taken good care us stay.",0.472,0.6050000000000001,Jun 12 2008
7,7,Very bad value money terrible location. Probably &quot;The&quot; worst value money Dubai. Old bad location rowdy night club. The booking arranged via Thompson Tours.,-0.5516666666666665,0.6722222222222222,May 10 2008
8,8,"Forget it! If looking cheap nasty Hotel, book one. Although rooms clean cool, view back Hotel looking slums huge population migrant workers doss down, even 5th floor could still hear 'boom-boom' night club ground floor stays open 4a.m.The breakfast limited seems mostly left-overs dinner night before, eats re-heated roast chicken mash potatoes breakfast? Although breakfast included price paid, first morning eating (corn flakes), waiter followed us room waving bill, accusing us leaving without paying signing bill.When booking Hotel Opodo, I given total price pay Hotel 6 night stay. However, 'TOTAL' mean 'everything included' Hotel. I asked check-in extra 20% service charges local taxes told I pay, I get room. Taxis needed go anywhere, Hotel far away attractions, use money would spend Taxis book better class Hotel. If passing Dubai need cheap Hotel one night eat breakfast suffer insomnia, could place you, would probably better sleeping floor Airport!",0.07257395382395382,0.5427940115440115,May 2 2007
9,9,"Only budget hotel. We spent one week throught Ramadan season. Problem arrival hotel, staff tried give room highest floor. There mildew roof non-regulation aircondition. So I required change room, I received room third floor, without problem.Please never stay highest floor, differences rooms large.Hotel old.... I think, staff try hold rooms best condition, many years without reconstruction feeling....DonÂ´t expect something wonderfull, trim old room. Breakfast asian, western people little poor.Advantage localation, centre BurDubai easy go Creek (about 5 minutes walk only).",0.15755952380952382,0.44,Feb 20 2007
10,10,"Stay away lower floors It's hard find affordable centrally located accomodation Dubai short stay. This seemedto fit bill one night stay, location -- 10 minite walk Creek -- fine. However, relatively small stuffed full restaurants two nightclubs, noise (that thumping disco beat) heard LOUDLY rooms first floor DISTINCTLY rooms second floor. The staff also said record reservation (booked Hotelopia website) I rang two weeks advance check. Chancing luck, showed reserved date, find reservation. Whew! However, unable comply request (made I booked months advance) rooms upper floors.All all, avoided -- unless town party.",0.05961538461538461,0.37499999999999994,Jan 18 2007
11,11,"Friendly poor location As person traveling alone Dubai first time I found frills, adequate place adult travelers looking basic place stay. The staff friendly knowledgable Dubai. There also several small resturaunts place club (gets loud smokey). I recommend kids enough ammentities keep busy. Another drawback location; Bur Dubai old part Dubai main street fron full small computer stores grocery marts accept cash. The problem I found get anywhere interest take taxi get expensive. If want see tourists sights location close beach major attraction I suggest pay money regret it. I ended spending 60-100 Dirhams day taxi. In summary, OK run part town away everything interest. There Starbucks mile walk away!",0.06335978835978838,0.4435185185185185,Nov 10 2006
12,12,"Lousy I stayed friends. The rooms ok seems cramped. No swimming pool facilities apart nightclub get ripped drinks. The lifeless. btw despite word 'beach' name, 3-4 miles nearest beach.",-0.041666666666666664,0.4583333333333333,Oct 8 2006
13,13,"A good budget I stayed five nights May 2006. Despite phoning two days prior arrival arrange complimentary airport pick-up, failed meet day I call UK mobile hold six minutes told I arranged pick-up. Eventually I got taxi insisted pay did. On plus side I allocated room within 30 minutes (it 8 o'clock morning check-in time 2pm). The room large clean massive king sized bed. There satelite television room. Although air-conditioning permanently regulate pulling shutter across air vent. The noise street front annoying I never heard noise nightclub ground floor. The breakfast okay could order eggs wanted. The location ideal unless particularly want Bur Dubai bus stop yards away several routes going Dubai course taxis readily available. I booked Utell quoted 250 Dirhams per night adds 20% extra fees taxes actually 300 Dirhams per night. The minibus took back airport last day time I requested good budget 3 star hotel.",0.06988095238095239,0.4314285714285714,Jun 3 2006
14,14,"Nice Clean Budget Hotel Excellent Service I stayed Palm Beach rottana 10 nights family, clean staff helpful &amp; friendly staff reception could speak English. There night club ground floor &amp; another one next door best get room higher floors 4th &amp; upwards want quite night sleep.There 24 hours chemist next door &amp; massive supermarket 5 mins walk. We provided extra bed room &amp; picked &amp; dropped airport, problems all. I emailed &amp; told flight number. I also given late checkout last day 2pm. The room nice spacious TV &amp; refrigerator. The rooms AC cannot controlled kept time. There hot water available showers time. We also provided Iron &amp; table whole stay, extra charge breakfast room. The also secure safes reception use free charge.Some reviewers got confused name Kahild Ibn Walid Rd ( A main road lots computer shops) &amp; near beach, But easy catch taxi beach. If looking lavish Wowwww factor one, also pool sauna gym.But 10 nights stay I personally could fault hotel. If youâre budget 3 star perfect exploring Dubai.",0.26315476190476195,0.5247619047619049,May 11 2006
15,15,"Very welcoming friendly caring budget We looking budget stayed Palm Beach Rotana. We made feel welcome. The staff cheerful, helpful,friendly enjoy do! Rooms budget rooms comfortable clean coffee tea making facilities. Our fridge well stocked, complimentary mineral water every day. Food good enjoyed Goan menu, prepared suprises. One morning's breakfast chicken casserole mashed potatoes tasted good! The situated busy road full Computer shops (no beach sight) walking distance nicest side Dubai creek (Bur Dubai side). The local ferry costs equivalent 8 pence cross soukes (gold souk etc) side Deira ,but honest preferred wandering round textile souk Bur Dubai. There large hypermarket within walking distance, hustle bustle local Dubai life around. It beach location, beaches (and expensive hotels restaurants)are taxi ride away. We would definitely go back again.",0.21899801587301582,0.4959821428571429,Apr 3 2006
16,16,"Take another one I spent three nights Palm Beach Rotana Inn, I unfortunately allocated room 108 first floor. Room 108 located right night club, disturbed sleep extremly loud music basses even causing vibration floor 3am. Additionally, staff daily needed pass room get terrace (non-accessible guests), maintenance room aircondition situated. The aircondition room neither adjustable equipped turned off.The room itsef spacious offering ordinary amenties like TV refrigerator. Bathroom okay, hot water delievered upon activation certain switcher requiring time prepare. The premises located Downtown Dubai (Bur Dubai) close heritage district Dubai creek. Five minutes apart huge supermarket, offers huge selection pastries microwaves. The beach reached taxi many sights Dubai. The best thing Plam beach staff, always available requests wishes.",0.17261904761904764,0.5221655328798187,Jan 2 2006
17,17,"Fantastic This absolutely fantastic. Ever helpful staff, eager please.The beach spotless, restaurants well staffed excellent choice food drink. Would recommend anyone visiting Abu Dhabi first time.",0.5125,0.7833333333333333,Oct 26 2005
18,18,"Good value location I stayed 2 nights en route London Sydney. I arrived 7am, room 7.45am, nice check-in 12 noon.The room nice enough, decent sized double bed, nice bathroom. Shower great though. soon turned temperature tap, flow reduced dribble, good cold shower, pretty dry hot one!Air conditioner unit high wall I adjust, sure jammed. The porter climb chair switch on! There small fridge, containing 2 bottles water, however seal broken both, one completely full. So I gave water miss I really trust it.Breakfast ok, nothing special. I gave cooked stuff miss, really look appetizing, bit weird concoction. So toast croissants. Hwever cook omlette request. Breakfast included cost around 13-14 dm (around Â£2).Location wise ok beaches..although close bus station take bus quite easily. It within walking distance creek abra station go Deira. There many Westerners hanging around area, I felt I stared I walking public. Not sure I'm foreigner I woman alone. It seemed 95% men street!",0.19571800595238098,0.6470585317460317,Sep 12 2005
19,19,"Was alright Husband, 9 month old baby I needed bed night transiting enroute London Riyadh. I picked reviews bad I got room AED150 (before service charge) including welcome drinks, complimentary fruit platter breakfast (or said advert).After booking orbitz.com, I emailed directly ask airport transfer provide cot baby. They wrote back said they'll provide complimentary airport transfer us arrival. Although flight delayed hour arrived midnight, driver waiting outside arrivals holding board name it. The drive bit scary driver speeding. We arrived safely bit surprised noise coming disco/club groundfloor hotel. I asked receptionist give room higher floor assured I able hear noise. Check-in take long, porter helped place bags tiny elevator. Stepped room, I see cot fruit platter. The room huge bed looked comfortable enough. The bathroom moderate size plenty mirrors. I told husband I going enquire cot fruit platter went back receptionist assured cot already placed room. I told suddenly realised given wrong room keys. Once mistake sorted, porter accompanied help us move 'correct' room. The new room pretty much except fruit platter, cot 2 bottles water fridge. My husband later realised seal water bottles already broken I called housekeeping told water mineral water hotel's chilled water. My husband decided drink water feel assured cleanliness water bottle. I sleep well night room faced main road I found noise traffic disturbing although really bother husband. The next morning, I decided take shower found hot water coming cold water tap hot water tap. I managed take quick shower I got scalded. Later, went complimentary buffet breakfast one hotel's Indian restaurants. It small restaurant offer cereals, pancakes, fruits, Indian breakfasts. I Indian breakfast I enjoyed much. After breakfast, packed left wanted shopping City Centre Mall nearer airport. Overall, price paid, satisfactory hotel.",0.07491735537190083,0.47305785123966954,Jul 20 2005
20,20,No Complaints I stayed palm beach rotana 2 nights early july 05. Taxi airport cost 40 diram(less 10 euro) arrival little surprised find nightclub next another one inside. I taken aback popularity night clubs thursday night till next day figured thursday night islamic countries bit like saturday night west. Our ensuite room clean spacious TV Irish/English type plug sockets. The faces onto Kalid Bin Walid street locally known computer street noise coming outside. Our stay cost 456diram total worked 27 euro per person per night. Overall satisfactory complaints,0.03791666666666667,0.32,Jul 9 2005
21,21,"GOOD LOCATION!!! I stayed Palm Beach 6 nights partner brilliant time. The staff friendly helpful. The location also good, walking distance meena bazaar textile souk. It also 10 minute drive Jumeira beach park brilliant. So looking go Dubai want splash 7 star would recommend staying here!!!",0.5964285714285714,0.7142857142857143,Apr 23 2005
22,22,Hotel renover completement qui dit Dubai dit le lux,0.0,0.0,Oct 8 2009
23,23,FÃ¼r 3 Sterne fehlte einfach die Hygiene,0.0,0.0,Jan 23 2009
24,24,AtenciÃ³n este tramita visados!!! (leed si necesitais visado),0.0,0.0,Nov 6 2008
25,25,trop bruyant,0.0,0.0,Feb 15 2007
26,26,Zum Ãbernachten vÃ¶llig ausreichend.,0.0,0.0,Apr 14 2006
