,Unnamed: 0,Reviews,polarity,subject,Dates_extracted
0,0,Nothing write home I unexpectedly put client short stop business trip Dubai. This 3rd visit Dubai first time stayed hotel. Dubai shortage hotels dont suppose Media even 5 starts claim real contender top hotel. That said large cool clean staff helpful. If Dubai tourist would place stay course constant buidling site Dubai endear oneself area surrounding hotel. Not midlight walk beach. It simply miles away. The rooms large kitted rather groovy sixties throw back. They rather dark lighting rooms really good enough. The view room though spectacular (12th floor) panorama Dubai streched one. The bathrooms nicely thought separate shower unit. As clients I dine though breakfast offered various well presented fare. The business one I would choose I planning romantic trip away.,0.14476190476190479,0.48654761904761906,Nov 7 2009
1,1,"Not tourist This pleasant, clean, contemporary new hotel, staff friendly professional. However, visiting Dubai holiday would recommend staying here. although 10 minutes taxi drive Emirates Mall, Madinat Jumeirah etc facilities surrounding hotel, getting 3 taxi's day get around stuff worked Â£6 time. Barsha quite new location still built surrounds building site desert construction dust tends get everywhere (pool mainly). The excellent Italian restaurant called Prego's would recommend food excellent!! rate breakfast whatsoever one occassion. This bit expat expats working knowledge/media city visiting lunch pub called Nelsons - oh-my-gosh!! makes feel like Gran Canaria typical British pub, tee! people frequent non-pretencious expats made earthy wide boys gals!! place heaving, pub kinda person avoid Nelsons like back home. If going Dubai blinging time would recommend going Roberto Cavalli's restaurant Fairmont hotel. Make sure loads cash Dubai sooooooooooooo expensive.",0.18818497474747478,0.48767676767676765,Oct 17 2009
2,2,"Oh No! Think must many good reviews, (including mine)and become complacent I really enjoyed earlier year went back, big problems 5 star service anymore, still 5 star prices. Breakfast service slipped reception staff interested I told good before....Will I go back again? I doubt it, myriad good hotels Dubai, better prices.NB Their internet STILL expensive... appear listen feedback.",0.24791666666666665,0.44166666666666665,Oct 10 2009
3,3,bye bye dubai :-) Very nice clean absolutely unrivalled breakfast staff.,0.46166666666666667,0.9,Jul 25 2009
4,4,"A good decent location. Excellent Bar/Pub We choose based Expedia's recommended choice, nice hotel. Its close Jumerah Beach Mall Emirates. The room received clean comfortable, modern comfortable. The bathroom well sized nice fixtures. The staff friendly, check -check fairly quick. There alot construction around surrounding area, I observe alot noise it. The Pub &quot;Nelson's&quot; downstairs top notch wide aray beers spirits. The fish chips served best I ever had. My wife, never eats fish tried it, would stop talking good was. I rented car duration, advise same. I could see cabs would hard time finding hotel, although taxi's hanging around whenever I went outside. I would stay again.",0.375625,0.5601666666666667,Apr 26 2009
5,5,"I cannot rate highly enough Media Rotana beautiful hotel, one made even better service delivery provided staff. There someone assist every turn want issues taken care promptly. The shuttle bus nearby shops well makes stay little cheaper link shuttles. There things mindful of:- newer part Dubai, fair distance airport &amp; shuttle bus;- cab drivers unfamiliar new grab map airport hotels desk. It relatively easy spot night though blue lighting.A great stay - would recommend anyone wants part city.",0.2623421717171717,0.520770202020202,Apr 2 2009
6,6,"Be great area finished This opened two weeks I arrived obviously things change here. As new taxis lots trouble finding go badly lit road tracks get certain directions. The area building site problem getting taxis sometimes. It also across SZ Road media/intenet city media name associated little cheeky. Getting across media/internet city difficult peak times (took hour one late afternoon, 3 miles away!),The lobby lovely (but cold!) staff excellent though grasp English isnt brilliant made exuberance. I given room 7th floor asked facing main road I knew back would noisy construction. I given room back butt noise minimal. I also given smoking room I asked non-smoking, new I weeks load clothes unpacked I decided stay I was. Room good size youd expect 4 star good TV options good size bathroom, comfortable bed etc. Wireless worked well unlike business hotels pay it.I used room service good, efficient (they called food leaving kitchen) pricey (especially Â£ Dhm poor). Breakfast good also pricey (95Dmhs time Â£17). I didnt use restaurants I stayed didnt alcohol licence.The gym good, plenty space machines pool decent size, though surreal swimming next building site dozens Indian workers swarming it, smelt car fumes bit near main road.Overall good equal amounts plusses negatives. I'd stay (as long price remained 800 Dhms night) great year twos time building around finished.",0.18376860943934115,0.5600126702565726,Dec 10 2008
7,7,Excelente,0.0,0.0,Nov 4 2009
