,Unnamed: 0,Reviews,polarity,subject,Dates_extracted
0,0,"great value Some staff nice like philippino moroccan girls reception, staff helpfull. Rooms spacius modern, good selection TV channels, small nic swimming pool Jacuzzi u dont mind constructions around, nice small Sauna, resturants ok.Generally great value less 300AED night.",0.35703703703703704,0.5851851851851851,Nov 24 2009
1,1,"Premium Pricing - Avg. Quality Even though I got internet deal, 5 star like claim. Dead hotel, dead area, dust - dirt construction around, close large mall, good thing, why? It crawling prostitution nice place despite glamour. Far real shopping districts like gold souk old dubai deira - plenty big malls West, travel middle east go body shop! Rooms small, noisy, wifi even though website time, claimed free wifi, spoke manager, accomodating.Fitness centre, machines turned on! Pool - smallDon't stay unless get $70 less night.",0.08484126984126984,0.433015873015873,Nov 12 2009
2,2,"NOT SO EXPERIENCE PEOPLE room ok, workers slow rude. mention I recharge key everytime I'm out. Sports bar crap. refill breakfast food finished. The basement carpark stinks. Construction everywhere, left right building. Can't get pretty sleep. You'll waken sound people construction early 6AM. The construction guys always stare pool like alien creature. Everytime guest come along chase like hiring prostitute. Very uncomfortable stay hotel. nuff said.",-0.10494505494505495,0.5989010989010989,Oct 12 2009
3,3,Good sharp practises Good clean modern western-standard behind super shopping center Mall Emirates new metro line. Annoyingly shows low headline price zaps card nights plus arrival aim cash case run away (I suppose) - low price attracts budget customers perhaps? A sharp practice I found annoying. I stayed twice thought first time 'mistake'.Internet access $20 day seems widespread Dubai Internet heavily censored - I get one e-mail addresses. Otherwise good value money.,0.04919786096256682,0.5614438502673798,Sep 29 2009
4,4,"Excellent value! The amazing value. The rooms spacious, clean basic amenities. Staff extremely courteous helpful. Fantastic value room rates currently charge. Yes construction around hotel, Dubai.",0.4238095238095238,0.7178571428571429,Aug 15 2009
5,5,"Grandeurggghhh Ghastly:In middle dusty building site, construction noise continuously poor sound insulation. Check took almost hour despite prior internet booking. Early check advert, rooms ready till 1600! Rooms adequate. Consierge car parking un reliable (asked car brought 0330 - found car attendents asleep, morning). Food restaurants tasteless, service (although seem hundreds people) poor slow. Breakfast (inclusive deal) tatsteless horrible. Gym excellent, although overlooked contruction workers next building, girls get continuously oggled jeered. Swimming pool adequate, small everywhere covered dust. The bar - well indescribable really - think smokey unlit store room get picture - like photographed flyers internet!!! You warned!Overall: give miss, nothing like described internet, feeling 'the last bus left town hours ago', it. I read reviews positive wonder I've hotel??? Utterly dreadful experience overall",-0.037617424242424244,0.4071515151515151,Aug 4 2009
6,6,"Very comfortable spacious room close mall Emirates...however lacked basic complimentary facilities We arrived Dubai 5:30am morning, travelled 7 hours uncomfortable flight. The check time supposed 2pm, rooms available time, slept lobby sofa. The receptionist best arrange room us, able check-in 8:30am, got plenty rest. This biggest room stayed 6 weeks trip around Asia, pleasant surprise final offered us comfortable room.However, offer us complimentary water coffee making services. This little disappointing, considering even 2 stars hotels stayed travel offered facilities. Overall, comfortable (ignoring entrance exterior building)...It close Mall Emirates Ski Dubai (they place!) Don't fooled tour operator try sell tour Ski Dubai, walk less 15mins, I would suggest everyone - take cab! Its 10 AED...its hot walk, even night!",0.173,0.6329166666666666,Jul 20 2009
7,7,"Great value away traffic actually perfect never ever thought I could stay Dubai 6 nights high-season-period (December) great daily rate $100. Every thing great; location (behind Mall Emirates away jam rush Dubai known by), staff, value (good prices Dubai), cleanliness (the opened October '08), interior design (cozy modern).Noteworthy location convienient business travellers well. It accessible many sides Dubai MOE, Dubai Internet City, Dubai Marina, Jumierah Road short ride car.paring could drawback worries car parking service avilable concierge free.Mohammed K. OMarSaudi Arabia, Riyadh",0.35192307692307695,0.5596153846153846,Jun 16 2009
8,8,"loved Brand new hotel, location behind mall emirates, convineance shopping, excellent staff service, good reasturants, excellent breakfast menu, good size rooms",0.578051948051948,0.7620779220779221,May 26 2009
9,9,"A WONDERFUL EXPERIENCE I training colleagues Al Bashir lodged Grandeur. Although middle construction sites, bit difficult locate initialy, service excellent. We enjoyed health room roof-top swimming pool. The rooms neat. The staff courteous always around help.The breakfast lovely Indian restaurant superb.It generally wonderful experience.",0.5125,0.80625,May 20 2009
10,10,"Fail. We stayed Grandeur February 2009. The front desk staff pathetic - I asked front desk confirm address meeting tour side town convey location taxi driver. He nothing, put us taxi literally took us around corner Holiday Inn - (who brilliant actually telephoned confirmed correct address us.)Asked wake call ensure caught flight home - NO WAKE UP CALL. (People checking time us missed flight hadnât received wake call).Our TV froze constantly. We charged twice stay paid advance. Charges internet rediculously high hour, wanted log check mail would cost near $20 time use hour consecutively. We accidently left jacket behind room, I rang airport gave details post clothing - never came. Breakfasts ordinary, ate once. The general service staff friendly tried hard make feel welcome. The rooms spacious nicely decorated. However, several times would return late evening find room cleaned day. Room service would arrive cold, would take full day clear dishes outside people's rooms. The Concierge lovely, would helpful could. With restructure management new people front desk I think could successful. The location handy - new hotel, taxi drivers trouble finding it. Definitely take map!",0.07159564393939394,0.5502320075757575,Apr 29 2009
11,11,"never again! Beside noises surrounding constructions, got stollen , left money safe forgot lock back(door looks shut even locked) complains excuse 10 days leaving leave unloked, looking get money least reassure us caught thief safe hotel!",0.155,0.29000000000000004,Apr 18 2009
12,12,"Good Value Money difficult locate! Overall budget excellent value - middle building site, Dubai However difficult find taxi drivers knew it, made trips quite expensive! Ask Reception map showing Grandeur location step door! Also worth organising pick airport could spend week driving around Dubai looking accommodation. One walk Mall Emirates, cutting across couple construction areas - takes 15 minutes. Otherwise nothing immediate locality prior knowledge would booked nearer The Creek Downtown Dubai - there's building work chance finding restaurants. In fact thed time one taken taxis days, face seems slightly dearer would cost more. The new light railway help opens Autumn 2009. Hotel little bleak cheerless, though staff mostly polite helpful. Would stay - sure we'd visit Dubai week enough. Recommend Big Bus Tour first couple days gives real flavour area - pick Mall Emirates. Expensive (Blue tour coast, Red tour city came Â£40 per person) really worth every dhiram.",0.0164119644723093,0.45667014977359804,Apr 14 2009
13,13,"excellent value money My husband I spent 13 nights granduer hotel.The clean, friendly staff breakfast excellent choice, continental, full english, fresh fruit ,cereal.The Indian restaurant good reasonably priced, watch price alchohol tho expensive, water Â£5 half ltr bottle Location ideal shopaholic 10 mims mall Emirates, 10 - 15 mins cab beach cost around Â£6 sterling, Marina 10 mins taxi around Â£6.A must see Atlantis allthough expensive visit aquarium Â£30, well worth trip new Dubai mall, fountains amazing free see sharks aquarium. The side visit building work going either side Granduer. We new happening know workmen started work 6.00am till 7.00pm, roof top pool felt uncomfortable gazing you.atleast got early morning wakeup calll every day miss breakfast.. Overall nice good buildings next door finished.",0.24016684704184707,0.5883802308802311,Apr 11 2009
14,14,"TERRIBLE STAY We awful stay Grandeur due unberable noise construction going right next door sides building. They start 4 5am morning one night, went night working full crew, huge crane (came less 10 ft window), dropping/moving materials etc. We tried everything get sleep, ear plugs airline given us, got sleeping pills, nothing worked, noise loud. In fact decided cut stay shorter situation. The manager, Mahendy help all. He rude unacommodating refused give us reduction bill, moreover, ignored plea left us desk dissapearing office. We intend pursue matter credit card company, seeking sort discount able sleep SINGLE night there. It ruined otherwise good vacation.The thing offered do, joke, move us another room I asked &quot;see&quot; room make sure would away noise, night manager told construction also taking place side building rooms exposed noise. This matter brought made reservation bookings.com, read Trip Advisor's guest reviews prior making reservation would never gone there. We planning next trip first thing I check guests reviews making reservations. I think way go.I would advise anyone stay unless serious hearing problems!See pics attached, took lots them, &quot;see&quot; guests taking about. Terrible.",-0.04836309523809523,0.5012731481481482,Feb 12 2009
15,15,"If first impressions counted... Overall mostly satisfied hotel. Their modus operandi comes check-in however leaves lot desired...Word caution using third-party agents (expedia; wotif etc.) book - make sure establish stage transfer payment. All times I've used services, payment transferred end stay invoices agent - normal never posed problem. However, particular requires payment third-party agents BEFORE stay refuse check-in met. This mouth general duty manager himself. Not that, onus placed making transfer payment. Even I sorted aforementioned issue - upmost diplomacy might I add - I still met really cold service, lack attention, room type I requested promised. Basically, front desk staff treated respect they'd give something bottom shoe. Atrocious small word.That aside, great. The public areas nicely decorated rooms decent size well appointed. The concierge, housekeeping restaurant staff antipode front-desk - warm, friendly helpful. The breakfast buffet great selection, although quality so-so. The location good well, right near Mall Emirates, Shk. Zayed Rd, Dubai Marina etc. Finding first place issue though given precise address road-works place. As numerous complaints adjacent construction noise, I personally found concern. My room overlooked construction site noise apparent day, ceased night fine. So overall, given price paid, I'd probably stay again. The hotel's clientele diverse mix definitely less 'clinical' similarly priced, nearby Holiday Inn Express.",0.1548196248196248,0.5177152477152477,Feb 5 2009
16,16,"Never ever Travel agent done job. Booking confirmed breakfast included. When I arrived 3 AM told reservation started next.1/ said suites available true checking next mornig. There standard rooms available. I paid extra 2/ I cancel two last nights I 4 days ahaed. They charged two nights. Didn't want hear anything.3/ Breakfast normally included price. They told giving final bill wasn't.4/ When making reservation didn&quot;t tell going noisy since buildings constructed day night long. 5/ People front desk unpleasant6/ also charge lot bad internet connection.Please stay away, give one price end pay almost double. Not recommandable",0.06705882352941177,0.4784313725490196,Feb 3 2009
17,17,"Not expectations Not great al all.Was business budget kind place I would choose stay.First room I (311) overlooked building site started work 0700 next morning. The noise terrible.Spent ages trying change rooms, even tried charge upgrade!It I threatened check I moved (316) better overlooked road.The âsports barâ horrible little room atmosphere poor drinks selection.Restaurant OK. Breakfast bad one evening meal I fine.The rooms fairley good standard.Not one taxi drivers I used stay knew â going stay pick leaflets advertise âsports barâ give taxi drivers location map back.I would strongly recommend paying bit booking better better location.",0.08972222222222223,0.5566666666666668,Jan 26 2009
18,18,beter median wonderfull 9th december gone dubai 4 nights stayed hotel.so nice decoration clean..everything new nice new hotel..for hotels good maybe wonderfull... wanna say negative things.you shall remember;near contruction going side lot construction..taxi drivers dont know must describe place...but personnel friendly ggood relation...,0.3200284090909091,0.6073863636363638,Dec 13 2008
19,19,"Not quite good For 4-star still learn lot. Contrary previous reviews, I like Grandeur. Given new crew still learning, I think reach potential.1. Location: Even though behind Mall Emirates, located middle construction area. Walking dangerous taxis nearly impossible get. I would say car required. Noice construction related hassels expected.2. Rooms: The bed great. However, 4 star I expected hair conditioner, better bath room lights, towell hangers bathroom, shower leak, lights packing/closet area (where totally dark), complimentary water (which USD 7 per bottle), lights bedroom, TV sound, quieter air-condition (that blows direcly upon bed), better room temperature control.3. Amenities: The gym pool nice, close early. I didnât even time work out. 4. Service ok. They refused check early I didnât pay upgrade. Seamed like tons free rooms, wanted make additional money. Donât expect free up-grades!!!! No welcome drinks.Overall, I wasnât pleased recommend â least yet.",0.1631837121212121,0.5744484848484851,Nov 18 2008
20,20,"Friendly convenient New (or recently refurnished) services appropriate 4 star hotel. Clean tidy, every employee friendly willing help every possible way. The manager borrowed jacket let go Burj Al Arab restaurant!If area wich located near interests (Jumeirah, Mall Emirates, Ibn Batuta mall on) good choice services luxury wuthout spending big amounts money!Should I say negative thing hotel, hte area wich located still partly construction. But all, whole Dubai city still construction!",0.2545021645021645,0.5381818181818183,Nov 11 2008
21,21,"Will great construction finished! My husband I stayed 7 nights Grandeur. We decided due location - directly behind Mall Emirates. It 10-15 minute walk road footpath take care. The taxi drivers know yet, prepared show map website key folder give arrival. The map simplified include smaller roads, confusing. The rooms beautiful, comfortable clean,although find minibar well priced (25 AED medium size bottle mineral water) little choice English language TV (although could pay extra demand movies) . We like fact pay 40 AED 1 hour WiFi 90 AED day. You get free many coffee shops (most Starbucks example) , lug laptop round day. The staff helpful plentiful. The pool roof overlooked workers construction site next door( working couple floors higher pool). It clean jacuzzi gym small adequate sauna changing room.The restaurant serves buffet breakfast 6-10am adequate nothing get excited about. Hot items luke warm pastries limp prepackaged supermarket type.The main drawback noise construction sites side. This work going 24 hours day I recommend taking earplugs want get sleep. This obviously probem year work finished. To summarise, I would say getting cheap room rate (their opening offers competitive, may rise time) expecting perfect luxury holiday stay Grandeur. It mostly business people staying couple nights multi-cultural. I would take children construction finished.",0.2123106060606061,0.5174242424242425,Nov 7 2008
