,Unnamed: 0.2,Unnamed: 0.1,Unnamed: 0,Reviews,polarity,subject,Dates_extracted
0,0,0,0,"Good overall service Just came back week hotel. The Al Manar apartments (part ABC group) located 10 minute drive Dubai international Airport cost around 40 dirhams taxi ÃÂÃÂ£7.00. We big room including kitchen area consists frige freezer, washing machine, microwave, toaster, kettle electric hob. You also get basic cuttlery fridge mini bar (Non Alcoholic drinks only). It also secure safe, nice table chairs, ironing board/ iron important flat screen TV.The ten minute taxi drive Al mamzar beach park costs around 14 dirhams ÃÂÃÂ£2.50 entry fee park five dirhams ÃÂÃÂ£0.90p. There pool area, place eat, male/female changing area lovely beach.The gold spice souk/market far away like kind thing. I would recommend going Wild Wadi Water park great fun adults kids get great pictures Burj Al Arab. We went bed breakfast. The breakfast best i've holiday however worst. The downside fantastic views room construction site next door however hardly noticed spent day sight seeing. Noise cannot notice windows fully double glazed. The staff quite friendly always willing help. There small pool rooftop sun loungers shower area toilets important tan!Location wise ok, however decide travel Jumeirah end cost taxi around 60 dirhams ÃÂÃÂ£10 way venture futher afield. There partially completed dubai metro(un manned automatic train Like DLR London) get around town running Jebal Ali Rashidya called red line started 7 weeks ago. However need get taxi Deira city centre station 10 mins away. Its modern clean average single trip costing 4/5 dirhams less ÃÂÃÂ£1.00. You buy silver card 6 dirhams top go. (A bit like oyster card London underground way cheaper ! The green line completed mid 2010. The thing must get right compartment women children carriage others mixed. Perfect want go emirates mall. There good places eat nearby serving western indian food. I quite enjoyed iranian chicken sandwich made fresh bread accross road. Drinks cheap stock need due heat ! I would recommend anyone average budget.",0.1871158008658009,0.47242424242424236,0.47242424242424236
1,1,1,1,"Ok rooms construction next door Room nice modern. Had reasonable size bedroom large tv, kitchen, big fridge extended stay.There construction building next door noise issue stopped nightfall.Dont like Dubai hotels wanting hold passports. I stayed 2 4 points scanned passports returned 5 min I dont understand others take hours complain ask back right qaway.Dont really know location. It opposite direction central hotels I normally stay probably 15 - 20 min main terminals. I stayed Dubai stopover I long connection wife needed visa ended here.Good point free shuttle airport.",0.16862745098039217,0.35868347338935574,0.35868347338935574
2,2,2,2,super sejour,0.3333333333333333,0.6666666666666666,0.6666666666666666
3,3,3,3,Eher 3* als 5*-Hotel,0.0,0.0,0.0
