,Unnamed: 0,Reviews,polarity,subject,Dates_extracted
0,0,good stayed 2 nights wonderful..i would defo recommend asnyone..the thing bad far hotels attarctions...but good value money,0.1475,0.7369444444444445,0.7369444444444445
1,1,"choose somewhere else If choice choose different - staff try really hard I impressed service noisy place - walls like paper - I could hear guests night talking, walking past hear phones alarms morning. One tip ladies great beauty salon across road - look pink sign - amazingly cheap waxing, threading manipedi! tell I said hello!For Dubai I think price high get!",0.19259259259259257,0.5618518518518518,Nov 6 2009
2,2,"Don't As nice staff (they tried hard please) offer good value.Considering I nearly stayed Grosvenor House $50 more, I kicking choosing looked ok website participating Starwood rewards resort opposed GH not(although still SPG). Went GH 1000 times nicer. Have seen Benidorm? Sheraton Deira little like scene show. I went onto roof swim little pool discover directly airport approach/flight path (we talking planes 200M head - stuff travel nightmares). Plus roof top shabby 2 star ordinary.My room renovated, ok, looking internal courtyard, but, perhaps renovation works underway, I turned AC go out, room overcome sewerage smell. Quite foul.Again, I must say, staff quite lovely, gave early check in, although let breakfast day arrival Business Club even though I leaving early next day able breakfast 5am.Again, huge problem SPG hotels, 'internet fee'. A big rip 60Dirham - akin price SPG hotels.Dubai offers great competitive value times many smart resorts. Definitely give one miss.",0.2461451247165533,0.48565759637188216,Oct 7 2009
3,3,Great Hotel - Great Staff We spent 6 nights Sheraton Deira. All staff friendly. Our room requests granted great time lovely hotel. We post holiday blues cant wait go back next year.,0.4109375,0.46875,Sep 14 2009
4,4,"Good value money Hotel great. Refurbishment going on, letters sent explain. Despite ramadan staff accommodating tolerant aspired make stay pleasant. Would staying again.",0.6083333333333333,0.6541666666666667,Sep 4 2009
5,5,"excellent staff excellent service excellent value = excellent holiday!! Just liked tell first timers planning come abit weary negative comments past visitors left....ignore come! I family visited 26th july 2009 week holiday, booking 2 rooms, first ever holiday Dubai...and thoroughly enjoyed every minute. The staff helpfull unbelievable! As soon checked looked after, every aspect! The Terrace Resturant excelllent (our breakfast chef Sunil made omlettes perfection!) Arun checkin desk always plenty info advice Joey best conceiarge ever met, ever! The whole management, housekeeping leisure team worked best. The rooftop pool bonus, passing planes frequently, anything surprising pleasure son!! It abit novalty ask me. The location perfect. It central made ideal travel daytrips beach/malls/city free shuttle service offers shopping centres great! Rooms clean, room service nice good value money channels tv suited ages tastes! Overall, pleasent stay surely coming back future! well done keep good work!",0.47502856182795694,0.5779211469534051,Aug 13 2009
6,6,"Excellant Stopover Hotel I stayed one night stopver really recommend it. The first impressions excellant check faultless connceriege team ( seems half dozen ) pleased help move in.The rooms face internal courtyard contains breakfast restaurant nice, rooms smart modern fixtures.The smallish rooftop pool good sunbathing area, gym excellant good selection machines.The located within short tax ride ( 12Dhs ) malls bars location good, one issue noise planes going overhead bad enough keep awake.The buffest breakfast nice, real bacon pork sausages would nice I guess cant everything..Overall pleasure stay would again.",0.3323452380952381,0.5933690476190476,Jul 25 2009
7,7,"good rooms frendly staff worth every Euro spend. staying week 4 persons , easy find car, rooms clean , maybe little noisy outsite, middle old Deira...... valid parking free , kind staff overall. good restaurant , small swimming pool, see building older Jemerah beach. worth every Euro spend. nice spotters , plaines coming airport short distance. As said , ++++ staff , food , rooms.",0.27557291666666667,0.4666666666666667,Jul 10 2009
8,8,"Decent wrong location To honest, perfectly decent hotel. Its problem Dubai 5 star hotels try palatial splendour standard. This four star wrong location limited facilities flight path airport doorstep, almost.We arrived end 12 days Maldives change flights Dubai made sense stay day see fuss place. Choice bed breakfast really choice travel agent knowledge Gulf state nil. We know itâs unlikely return donât let put off.The tour itinerary said rooms would available 2pm; arrived short time. And room available till nearer 2.40pm consoled tea lobby cafÃ©/bar. Not inspiring start.The room ok. Nice comfy double bed. All facilities would expect, fridge booze etc prices make wince (unless expenses) TV, ironing board, tea/coffee making facility safe. The bathroom tiny clean bath good size certainly bigger one home.Our meal Sheraton breakfast good. Food choice would expect. Bit like quality UK truth told. My âworld famous orange juice testâ â¢ passed flying colours. Something everyone, cereals, fruit, extensive cooked selection, pleasant surroundings.The amount time spent great strike noisy. With 5am pick airport last thing want endure loud music nearby function go bed. Câest la vie. And occasional airplane overhead, although double glazing good job.Staff reasonably attentive I canât say I came away feeling I valued.To conclude, decent I suspect know better town.",0.17377819548872184,0.5410401002506267,Jun 15 2009
9,9,"Business showing age I stayed one night June 2009 partner. I attending training event following day.First problem finding hotel. Our instructions take 3rd turning left fact Al Muteena Street 4th left Maktoum Bridge Clock Tower Roundabout. After finding I disappointed car parking arrangements. There car park parking street behind (even valet park). I spoke manager cleared one four places front door park car. I impressed quickly dealt satisfaction.The opened 10 years ago old Dubai standards. I booked internet got good price 600 AED net including breakfast 'romance package' (wine fruit room). Late checkout 4pm part package reception staff kindly agreed extend 5pm extra charge.The room freshly painted new furniture. The corridor outside room (smoking allowed rooms) smelt pleasantly fresh paint. There masking tape skirting boards corridor painting work must still progress. Despite room front room quiet thanks double glazing. No thanks however noisy woman shouting outside bedroom door 2 am!We buffet dinner (170 AED two net). Good price. Breakfast served restaurant meals offered selection hot cold food. I also lunch restaurant part training course I bored limited hot options vegetarians. The staff restaurant attentive also made helpful food suggestions make sure customers got buffet.The fountain restaurant old cracked still contained koi carp. This damaged fountain removed repainting/refurbishment job.We went walk area round concluded located neighbourhood suitable tourists. You'd get taxi go anywhere interesting, whether malls older parts city. There much better located hotels tourists stay still Deira. The near airport convenient night's stay short stop-over. Location ideal needs frills. I would recommend tourists. However, get good deal room rate might make need go everywhere taxi.To sum I would say good service friendly staff. But old let old worn infrstructure facilities.",0.14489395300716054,0.45126126494051017,Jun 8 2009
10,10,"COMPLETE PERFECTION 100% SATISFACTION I stayed two nights impressed overall hotel,,ammeneties,staff attentiveness every detail.I honest could fault single thing, wish now.can't wait go back again,This made trip Dubai &quot;Forever memorable&quot;Concierge check in/reservation staff eager plese ensure needs met promptly professionally.Rooftop pool beautiful,great service Jude.Asian lady tour desk lobby area fantastic,friendly informative questions friendly chat. She recommended &quot;Dubai city tour&quot;&quot; 4 hours run Sun TOURS L.L.C also terrific.The tour guide bus tour A+++, interesting,informative,humorous gorgeous . Overall stay &quot;Incredible&quot;",0.3094155844155845,0.4285714285714286,May 29 2009
11,11,"High service friendly people good location If prefer 'old Dubai' need offers exceptional comfort high service levels, dont forget Hotel. When offering special deals like one appreciated last week, really great place stay. The staff really helpful friendly rooms comfortable. The criticism crazy price breakfast, would needed pay Dhs 70-90 (Â£14 +). Easily avoided eating elsewhere, hotels try charge exhorbitent prices?",0.2552857142857144,0.5535238095238095,Apr 30 2009
12,12,"Best Option Close airport. Close airport Shrajah road, I wanted travell. Good India food nice sercvice.",0.7666666666666666,0.6333333333333334,Apr 23 2009
13,13,"Shocking Hotel - Glad Check Out. What I say Hotel absolutely shocking. We checked around 4 morning flying Singapore. We decided pay Hotel room rather sit reception 3pm rooms would ready whilst checking scantily glad woman thigh high boots micro mini skimpy top walked passed us reception . It would become clearer following night ladies dressed like hookers doing, wandering around late night. We tired put disturb sign door find maid vacuuming outside door banging nozzle cleaner door 9am. Obviously maid understand disturb means. The room adequate towels threadbare bathrobes holes them. The Hotel installed, state art coffee machines work four people came look coffee machine try fix problem I politely asked would possible kettle - The kettle worked fine. We found Hotel expensive considering location. The really near anything particular. They nightclub next door, part hotel. A coke costs Â£3.50 small bottle beer Â£7. There supermarket short walk Hotel caters everything coke costs 20p there. Now shocking part evidence prostitutes everywhere corridors Hotel Piano Bar especially Nightclub I asked Manager said buyers sellers fully aware fact prostitution evidently conducted. I shocked I expect Dubai I expect Sheraton. I talking one two I talking whole nightclub I really believe I genuine guest there, women working girls quite disgusting watching mainly local men pawing young girls. My husband I felt totally uncomfortable situation left quite quickly. If want relax rooftop pool forget every minutes aeroplane flies overhead disturbing peace quiet. Breakfast good staff efficient We decided order room service felt safer room. The best thing Hotel checking out.Please avoid costs",-0.03147727272727272,0.5451136363636364,Mar 9 2009
14,14,"Decent Hotel close airport. Knowing previous stay due close proximity airport, I booked two nights club room way Abu Dhabi. I disappointed. The Sheraton Deira offers decent facilities clean well maintained (club) rooms business traveller. The staff efficient friendly. On renovated club floor, bedrooms large flat screen TVs, well stocked mini-bars large en-suite bathroom facilities. The club lounge offers decent finger food complimentary alcoholic drinks Happy Hour (6-8:00 pm) tea, coffee, soft drinks, cakes, biscuits (cookies), nuts crisps (chips) times open (6:00am 10:00 11:00pm).. There also two computers club lounge printer internet access. A decent breakfast leisurely affair served club floor lounge staying club rooms. The bar (Lindbergh's) 5th floor serves decent cold beer tap bar meals. The views also good. The roof top swimming pool good place unwind relax day. The rooms well insulated overflying aircraft much music night club &quot;rocks&quot; till 03:00am. The music audible room, loud enough keep awake (although might others). Another negative point, beyond control hotel, huge road works (construction) airport - adding significantly time required get airport.",0.16167434715821816,0.52926267281106,Mar 8 2009
15,15,"Convenient Friendly Clean I conducting due diligence Planereality opportunity stay two nights last week impressed friendly staff was. Each time walked lobby, someone greeted asked could offer assistance. I upgraded club level room modern clean, although I charged coffee I use club lounge (?) There NO shuttle, make arrangements advance. It short ride to/from airport plenty cabs available. Gym adequate open 24hrs. The rooftop pool swim bar, overlooking city airport, highlight hotel. I delicious lunch poolside consisting local delicacies. The room service food mediocre. There popular nightclub adjacent lobby although directly flight path, noise problem 3rd floor. I would stay weekâs vacation, short trip long layover, itâs perfect.",0.2591269841269841,0.5083333333333334,Mar 2 2009
16,16,"Nasty Best avoided:- tacky furnishings- smelly common areas (polished rather cleaned)- poor food- dirty toilets- dreadful, grubby business facilities- 'sharp' practices billing",-0.3464285714285714,0.7071428571428572,Dec 17 2008
17,17,"You need taxi Enjoyed stay even though seem bit way main attractions Dubai offer. You need get taxis, Hardrock cafÃ© half hour away Wild wadi similar. At least taxis cheap. Our room clean tidy reasonable size. You could hear aircraft noise flight path airport. We breakfast good. Also thought bar fairly good. The roof top pool gives good views Dubai. Hotel probably suited business travellers tourists.",0.3451111111111111,0.5453333333333333,Oct 19 2008
18,18,Plane Spotters Dream The conveniently situated end airport runway. Remarkably noticeable unless visit roof top pool saw couple &quot;anoraks&quot; socks sandals binoculars cameras. Then plane takes earth moves. Downstairs rooms OK make sure get refurbished one (they extra power sockets laptop). The staff friendly come room difficult get leave without dipping hand pocket. There's &quot;night club&quot; next door wide selection unattractive girls hang out. The location terrible (middle nowhere) Taxis Dubai scarce stuck.,0.09318181818181817,0.5126262626262627,Oct 15 2008
19,19,Very nice Business Hotel I stayed Sheraton Deira one night I pleasant stay.I took tower room access lounge real plessure.The room ultra modern everything need.The clean staff attentive.Overall I nice stay come back future.,0.35444444444444445,0.5446296296296296,Sep 24 2008
20,20,Not Great This noisy badly located. The room average bathroom poor. In roof top pool need duck jets pass flightpath nearby airport. The breakfast room service excellent. The internet charge top. Overall 3 star quality.,0.04375000000000001,0.5520833333333333,Jul 11 2008
21,21,"Great service lousy location This wonderful service, Manager, Reception Desk, Concierge, Spa staff. Very friendly helpful. Nice complimentary items room, too. Really, really wanted stay longer, location ideal tourists, probably better business folks. There many, many little restaurants street hotel; nonetheless, far away downtown area near Dubai creek luxurious Jumeirah Beach area. If visiting Dubai business, great place stay - good service reasonable rates.",0.3138888888888889,0.6152777777777778,May 2 2008
22,22,"Lovely Hotel - aircraft noisy! The well located near airport. The hospitality second none, clean, comfortable good amenities. Having said rather spoiled flight path, good light sleeper. We stayed 3 nights, everyone really friendly helpful.",0.2816666666666666,0.535,May 1 2008
23,23,"Not great. On seedy side. Again Very Overrated For four star sheraton, nonetheless Dubai, I unimpresed. The lobby outdated felt cramped cheesy. The reception made multiple attempts con paying agreed upon different rooms, operated like used car dealership. Maybe I high sandards I already got bad vibes. Beware club 2nd floor, management encouraged transformation brothel. Which would okay girls looked like drug addicts, kidding, ok really. The room nice large comfortable bed flatscreen TV broken remote repetative channels. The bathroom ugly. I like Im sure wil.",0.07972789115646257,0.5336885865457295,Apr 30 2008
24,24,"Fantastic I fantastic experience hotel. The rooms bathroom excellent condition reception always ready help. When arrived, one rooms ready got upgraded better room. Definetely advise stay hotel.",0.45,0.7166666666666667,Apr 19 2008
25,25,"Great service bathroom disaster Stayed one night Sheraton Deira &quot;splurge&quot; cheaper Novotel World Trade Center whole Dubai vacation stay. Staff friendly helpful, especially front desk. Our room upgraded upon arrival, generally well appointed comfortable. However, bathroom disaster zone - I've never seen much mold mildew life. I'm afraid I'm exaggerating - I travel regularly business (i.e. several times month years now), worse example I recall seeing. Location certainly close airport (with entails) attractions - bustling part town, want.. But Novotel much better price much nicer (if sedate area office towers). But cabs cheap plentiful, location really issue us. Would stay Novotel, Sheraton Deira.",0.1553571428571429,0.470965876229034,Apr 6 2008
26,26,loved Excellent service checking departure. Really nice helpful staff. Room immaculate. Cleaned regularly. Would definitely recommend everytone. Nice lounge area chill in. Nice restaurants.,0.5,0.7681318681318682,Dec 23 2007
27,27,"Basic good location I arrived reception presented pre-paid voucher also SPG member card. I asked spearate floor members reply yes room I given nice one members floor. The receptionist checked I proceeded room. When I arrived room I called reception asked see one rooms (On members floor). Although slightly smaller cleaner room especially bathroom. They helped move luggage new room well (Why given room first place beyond me). The room generally fine, bed comfortable. As I business trip main thing location hotel.I breakfast 3 days pretty good. I evening meals I can't judge fair. Overall staff friendly I complaints. I went business centre 2 occasions use internet. I say like using dial system, incredibly slow. I also used gym 1 occasion generally fine. Overall average experience major issues.",0.20022233201581024,0.513965744400527,Oct 23 2007
28,28,"Great plane spotter This lovely hotel, bit way still close enough get supermarket. The problem I found flight path. The noise constantly. The staff friendly rooms alright, clean enough space. Concierge helpful, got good advice. Food Terrace restaurant good, especially breakfast, get things eat home more.",0.3347435897435898,0.6317948717948719,Sep 5 2007
29,29,"superb First time dubai wont last. The Sheraton Deira fantastic look every need, hot tired arrival fresh glass orange juice ar even wine check nice touch, friendly staff good food , room spotless beds comfortable, morning breakfast treat look forward to, make sure get omelette (freshly made), well worth it. The pool bar excellent friendly service, happy hour 6pm 8pm lindbergh bar well worth visit also. concierge desk mentioned especially guys really know look direct anywhere need go. Day night greeted hello management staff made feel welcome . I would recomend highly planing visit wife daughter impressed was.",0.41319999999999996,0.6431555555555555,Aug 3 2007
30,30,Very Nice At end Honeymoon stopped one night Sheraton Deira Hotel.The Hotel upgraded us Honeymoon suite arrival suite lovely. The Room like small apartment sitting room large bedroom.We didnât see much unfortunately flight delayed arrived later expected.We asked breakfast 5.00am arrived good continental breakfast selection.,0.23178571428571426,0.5698214285714286,Jul 30 2007
31,31,"Convenient airport We used total 3 nights stop-over Australia. It 25 min taxi ride airport reduced stress levels making fllights. We found staff tremendously welcoming helpful rooms spacious, comfortable clean. Rooftop swimming pool great jazz pianist evenings. Derek Evans, Banbury, England.",0.38,0.8,Apr 23 2007
32,32,"Suitable Short Stay I skeptical reading mixed reviews hotel, I pleasantly surprised I arrived there. The staff incredibly kind amazingly helpful... anything, I would rate service &quot;EXCELLENT&quot; all. Upon arrival I immediately greeted fresh fruit juice served wine glasses, silver platter right front desk. The standard room clean small furniture seemed bit rundown. I flew weekend able utilize free shuttle service Jumeriah Beach, well shuttle City Centre. Again, average excellent service ideal anyone planning short stay budget. The value money fair I would definitely stay future.",0.2421536796536797,0.5684415584415585,Apr 14 2007
33,33,"Not 4 Star bad Having stayed number hotels Dubai, including sister Sheraton Dubai Creek (which good indeed), I found Deira Sheraton rather small side. My room two single beds, one effectively blocked access wardrobe (unless rather thin). Flooring, whilst clean, 'wood' clad hardly appealing. The bathroom sperate shower (its bath affair) which, honest end world, tends expected 4 star Dubai. The bath also rather narrow.I ate breakfast hotel, OK. The staff friendly helpful. All reasonable hotel, expect glamour anticipate Dubai. Location perfect, heavy traffic everywhere Dubai thing loosing good view.Is noisy aircraft noise? Well, yes is, I find able sleep, serious problem.",0.2179702380952381,0.6676309523809524,Mar 29 2007
34,34,"Good service Upgraded Suites beautiful I got great web fare Executive suite I bumped nicer suite. From moment I came I treated wonderfully waited hand foot. Although little much while.The best thing put lot mess me. I single girl way home holidays I bit wild unlike hotels Dubai, didnt say anything.The side good clubs really close take cab great location town days close airport",0.27409474206349205,0.4658234126984127,Mar 5 2007
35,35,"fab diera boyfriend visited dubai 6 jan 4 nights ok needs.We arrived 01.30 morning greeted friendly staff complimentary drinks.our room 4th floor standard room. bed huge comfortable, tv, minibar complementary safety deposit box room, The bathroom good size bath shower.. shower could updated everything else good. Rooms cleaned every day fresh towels.we stayed bed breakfast. Breakfast area lovely variety foods choose nice.There bar 5th floor let know happy hour 6.30 pm 8pm night, suggest go want drink dont want pay dubai prices alcohol otherwise 5 6 pounds pint happy hour 2 pounds.the pool rooftop small clean good views dubai city also. although close airport noise problems good plane spotting rooftop terrace .very good exploring city, taxis cheap plenty agree price get meter taxi , also go sundowner dessert safari, great afternoon evening ski dubai emirates mall fabulous must good value money proper snow, highlights trip.",0.45798611111111115,0.6041666666666665,Jan 23 2007
36,36,"What Dump! The rooms dated, tired tiny. Location close airport - read Aircraft noise - charge excessively airport shuttles. Breakfast overpriced. And best all, I questioned 20% local taxes, I told - &quot;You're rich American - afford it.&quot; A disappointing Sheraton.",0.015625,0.49375,Jan 23 2007
37,37,"Dreadful I would never recommend anyone. The quality &amp; service significantly standard could believe Sheraton name.Our room (non-smoking) dull dismal, shower constantly cold quality hairdryer poor. We requested transfer better room given brighter one smoking room, stunk!!! In fact, smell overpowering I could stand stay it. The bathroom old tired cigarette stains. The response firstly airfreshener!!! And secondly, ioniser (or say) thing.The reasonably pleasant spot pool. Yes, planes fly compared rooms, problem!I could stand unpleasant rooms awful smell longer arranged move hotel. This I expected Sheraton certainly pleasant end holiday I expected.We moved Sheraton Dubai Creek fabulous. The location fantastic wonderful views (unlike Deira), room/hotel quality faultless.I would advise anyone consider Sheraton Dubai Creek looking accommodation near Creek rather Jumeirah Beach area.",0.06772612577639751,0.685351966873706,Jan 10 2007
38,38,Sheraton name service We arrived back UK five day break Dubai staying Sheraton desire disappointment was. The Hotel facilities OK basic staff services area coffee shop restaurant area professional friendly however found reception staff rude unprofessional. We confirmed room two adults child cot/bed room. got reception staff told us room king size bed two year old son share bed asked cot member staff asked extra 100 dirams per night. I can't help think first many scams try get extra money us.We get cot arguing arrived dirty hair stains decided use it. The reception also charged credit card 1000 dirams per room checkin . I travel alot business I never pay deposit before. I travelling nine people disappointed hotel.Sheraton ashamed put name property.,-0.010499999999999992,0.48154166666666665,Nov 4 2006
39,39,"Cheap cheerful. We arrived Sheraton Deira minor hiccups axccomadation overlooked travel agaent, however manager quick rectify problem greeted staff member 2 well deserved complimentary drinks arrival. The staff bend backwards fo except pool rooftop seem sit stare women day. I watched one bloke could stop gorking Brazilian lady bikini. The food ordered cold poolside cafe I would think pool staff caring order. The staff everywhere else fantastic ever helpful. The food excellent, I thought room service prices bit top. There quite internet room, cafe, giftshop great resturant. We magnificently served lady named Grace always smile face greet us every night dinner there. We hesitation tipping last night! The room massive! The king size bed incredible, however flight path airport, honestly distraction all. A word warning though, ask room well away nightclub near hear music 3am. We never heard sound tower room. 2 thumbs up!!",0.37041666666666667,0.6208333333333333,Oct 28 2006
40,40,"sheraton deira (refurbishment required) come back 6night stay Dubai.stayed Le royal meridian one.what drop.room basic, tea/coffee, request chargeable service, flimsy fruit basket everyday.small pool gym.not clean would expect bathrooms need overhaul.breakfast ok, stop evening meals, far many choices outside. short drive souks.for 4star could done better.would go back.may look another city hotel, anyone rec",0.14666666666666667,0.52125,Oct 27 2006
41,41,"Nice mind planes! Overall, may expect Sheraton. Area bit suburban shabby, shops restaurants nearby.Reception fine, lobby area OK, room facilities good. Clean, comfortable, modern.The problem room East side. Great plane watching! I woken early every morning Emirates flights final approach DXB airport!Restaurants good, choice service. Breakfast fine, I access members lounge, snacks internet access.Did try: PoolPleasant enough hotel, mind room though!",0.3821428571428571,0.5535714285714286,Oct 27 2006
42,42,"brilliant got back holiday sheraton deira last month, still miss it!!!! brilliant terms tidyness cleanliness. The staff kind always smile faces always happy help. The breakfast amazing great variety foods.the best thing location, trying new foods got loads restaurants across road, including chinese, tamil, lebanese indian.",0.518030303030303,0.54760101010101,Sep 18 2006
43,43,"Worst ""5 star"" ever stayed I done lot business travelling, second-worst &quot;5 star&quot; I ever stayed in. Sheraton ashamed putting name property.I see many people enjoyed stays, visit late 2004, maybe things improved. But I certainly would never risk going back, especially many great hotels Dubai.Top 5 flaws (I could list 25):- Asked front desk book rental car. They gave Nissan Maxima 100,000km it, packing tape holding dashboard together, old even drivers airbag.- Corridors dark dungeons carpet worn literally threadbare- Shower cycled scalding hot cold without touching tap- Under flight path airport- Walk front door one seedy neighbourhood. I normally like wander around find local restaurant eat gave quickly idea.Personally, favourite Dubai Dusit, that's Sheikh Zayed Rd (a totally different part town).",0.07738095238095236,0.5535714285714286,Aug 4 2006
44,44,Amazing hotel! So - mixed reviews - personally I loved - Dubai 3 times stayed 3 different hotels- favourite!We travelling couple 20s looking central base.Cabs cheap Dubai stay pretty much every get around cheaply - I feel staying away Sheik Zayed Rd also bonus traffic near NIGHTMARE rushour.We checked upgraded honeymoon suite hotle wasnt full! We arrvied approx 7am room wasnt ready - however staff cleaned prpared within 1/2 hour!We giving wine fruit (changed daily) ncie touch.The rooms basic adeqauate spacious - amenities could want anything else need (we wanted bigger ironing board) phone sent within minutes - free charge (this inc toiletires may forgotten/ run of)We planned eat different hotels restraunts stay - 1st night (due tired shopped out) decided try buffet - AMAZING!We ended eating every night bar one!The food great value Â£Â£ - dinner costing us approx Â£30 two (inc soft drinks) - similar meal Hyatt Regency cost approx Â£70 - food wasnt good standard.Breakfast equally fab! So much variety great still get Halal full English! The pool area nice - pool fairly small (as roof top pools Dubai - bigger one Hilton example) days swim bar nice touch!So - YES hear see planes - louder others - I say totally bother us - fact I I-pod I couldnt hear all!It may bother people though - thought actually quite interesting watching fly over!! Each though! The staff helpull pleasant - even Dubai standards - could - special mention toour waitres SUSAN - lovely lady!!! Even manager comes personally speak day check enjoying stay see anything assist with!Overall friendly welcoming atmosphere along great food made stay perfect - 100% returning next year!,0.308634291056166,0.5341727716727717,May 25 2006
45,45,"The suites fantastic We stayed honeymoon found great service, comfort location. We booked suite hotel, given standard room begin mistake. The standard room quite small I wouldnt recommend this. When given correct room, absolutely fantastic. Extremely luxurious definately would expect 5 star hotel. It great location travelling Jumeira beach shopping areas, staff friendly.",0.2791666666666667,0.5944444444444444,Apr 21 2006
46,46,"Good stopover. This ideal short stopover Dubai want reasonably priced good room excellent breakfast. It close airport. We reception 45 minutes touchdown, partly due efficient Dubai Airport handling. Although flight path directly soundproofing excellent room 4th floor quiet comfortable king sized bed. The rooftop pool bar good plane spotters! Staff good helpful house tour desk good organizing things like âdune bashingâ short notice. I would recommend base see Dubai want sit around itself.",0.41000000000000003,0.6430208333333333,Feb 11 2006
47,47,Disappointed I stayed twice last year trip Dec 2005 left disappointed- Poor check bags taking 2 hrs delivered even though 5am morning- room poor bar snacks contents stained fridge- Staff knocking door entering without waiting replyOnly fact staying two days saved day!,-0.39999999999999997,0.4611111111111111,Feb 3 2006
48,48,"Not vacation All-in-all, stayed 4 nights thank goodness I used Starwood points, price worth stay I would paid stay there.This property definitely ideal vacation. Yes, close gold souq, gets old one day. The location smack middle predominantly Indian suburb...very different parts Dubai.At checkin, kept telling us room would ready 20 minutes. Over 2.5 hours later, finally got it. Supposedly gave us quietest room (as thanks waiting), literally right top nightclub music rocked room night long.Hotel staff nice, visit restaurant. Staff rude, careless food way over-priced...something like 65 DHS per person. That's lot want bagel coffee. The espresso bar also over-priced.The best part staying massage received. If like deep tissue, try it!",0.0855952380952381,0.5117063492063493,Jan 30 2006
49,49,"Good Value Hotel I stay december 2005 holiday. This typical holiday hotel, due location city used also businessmen, problem. The creek 40 minutes walk, want walk city. The staff friendly, concierge failed give information I requested two times (about WTC open beach near Burj Al Arab). The room nothing special, clean. Noise: I found problem airplanes passing (there double glass window), sometimes music coming disco disturbing. I never dinner restaurants, morning breakfast good many types food. There pool top, small. After all, I go again.",0.15966517857142856,0.4872767857142857,Dec 27 2005
50,50,"Fabulous Hotel! My fiance I stayed one night March '05 absolutely fantastic. We king room double closets complimentary fruit basket nice touch. My complaint sofa room front window wheels made sitting getting cautious chore, moved. I thought safety factor would probably okay rug carpet instead wood floor that, wonderful.Would I stay again, heartbeat.M.B.P.",0.1563131313131313,0.61489898989899,Nov 24 2005
51,51,"Complain loudly early! I stayed property 4 nights Early November. Loud music lounge started 2200 continued 0300. I requested room change told one could made following day. I packed morning, left key desk returned 2200 find change made music beginning. A room change promised midnight. Then 0100, &quot;in minutes&quot;. It finally made (immediately) 0300 I went desk stood there. Curiously another room became immediately available. I given run-araound top off, one appeared move bags, 0330, clothed bathrobe slippers, I went retrieved luggage first room. My first 30 hours lousy. Therafter, OK.",0.0953125,0.4979166666666667,Nov 22 2005
52,52,"Loved Sheraton Deira We stayed Sheraton Deira October 7th October 11th 2005. It excellent helpful friendly staff rooms clean food excellent. Both wife I really enjoyed stay.Also since gone shopping dubai, hotels location ideal since centrally located near Gold Souks. I would also suggest planning visit make sure go Dhow Dinner cruise creek excellent.",0.5534722222222223,0.7115740740740741,Oct 18 2005
53,53,Outstanding Hotel!!! We stayed three nights EXCELLENT!. The service outstanding spotless. As reviews state flight path first floor could really hear fly over. The pool however rooftop escaping noise there. The location minutes away gold souks great. If looking stay Diera side want good five star can't go past one. I would stay without doubt. The service great I wanted tip staff..,0.39627403846153847,0.616025641025641,Sep 5 2005
54,54,going holiday dont bother staying,0.0,0.0,Jun 20 2005
55,55,Good choice,0.7,0.6000000000000001,May 27 2005
56,56,Nice disappointing location,0.0,0.85,May 2 2005
57,57,This could much better,0.5,0.5,Feb 23 2005
58,58,Great great service,0.8,0.75,Dec 8 2004
59,59,excellant Hotel,0.0,0.0,Nov 9 2004
60,60,Great Hotel,0.8,0.75,Aug 19 2004
61,61,good location shopping!!,1.0,0.6000000000000001,Jun 15 2004
62,62,RUN Don't Walk Away! This Sherry Hell.,0.0,0.0,Jun 5 2004
63,63,razonable,0.0,0.0,Oct 28 2009
64,64,?????????????????,0.0,0.0,Jul 12 2009
65,65,tres bon service au top...,0.5,0.5,Feb 21 2009
66,66,?????????,0.0,0.0,Feb 18 2009
67,67,buon punto per gl'affarri e lo shopping,0.0,0.0,Jan 14 2008
