,Unnamed: 0,Reviews,polarity,subject,Dates_extracted
0,0,"If human avoid Hotel - Dolphin Hotel Apartments Dubai. I stayed Hotel Nov. 2009 treated like Dog. They forced guest submit passport. In fact, I made police complain too. In case, visiting Hotel, Pleaseâ¦ Please donât submit passport. And submit passport, please prepared surprise.Another thing, might give drop-off transfer Van without Air-conditioned. So prepared get lot surprise Hotel.I strongly recommend human paying close $100, avoid Hotel. There 10s Hotel next Hotel provides lot better service price.",0.09047619047619047,0.2511904761904762,Nov 24 2009
1,1,"good bargain hotel.no frills decent This good Indians love shopping eating Indian food Indian restaurants close Meena Bazar good place shop. Except Burjuman shopping centre Mall pretty close , Malls far towards Jumeirah taxi expensive neevrtheless affordable. So mall person commuting would bit expensive. This large rooms extragavant simple decent. If Honeymoon want relax luxury , you.The breakfast thing I hated. It South Indian. They eggs also pure Vegetarian restaurant. Overall good nothing great.",0.1608452380952381,0.6422023809523809,Sep 30 2009
2,2,"Nice Hotel Cum Appartment I Dubai 3 days stayed place. It nice cum appartment good asians specially Indians. The rooms really big, spacious, neat clean equally clean bath. The location also good ie Meena Bazar. There plenty Indian restaurents near also near Deira. The turn sometimes area gets bit crowded. The breakfast nice &amp; Suitable Indians.",0.4038827838827838,0.6924175824175826,Aug 28 2009
3,3,"Wouldnt Go BACKK""!! I stayed week , let start wil good points located meena bazar shops A wonderful resturent oppiste -FOR VEG ermm rooms suite nice n BIG. Now bad points took forever lifts come! swimming poor tiny n rubbish gym TINYYYY !!!!!! resturent crap n staff",0.028124999999999983,0.6583333333333333,Aug 12 2009
4,4,"Fab!!!! My Mm Dad treated 3 sisters, me, daughter week dubai. Its arranged Hari Om Travel one best holidays on. The located corener Mina Bazar, great 5 gilrs wanting shopping!!!!We indian suits made Dream Girl charged around 9 pounds stiching. really lovely ready made suits too. My sisters real pros haggling afraid expected!!!!!!The clean staff freindly, becuse went away family wanted stay one floor staff helped us happy. My Mum Dad elderly well looked respected shops resturants went to. pool doplhine lovely must, go upstairs chill roof top. Mum Dad enjoed sitting roof terrace too.The best jewlers Dubai Kanz gold souk. (dont bother others!!!!!!) They fab long ordered lunch us!!. Take old gold trade there. We ate Rongali night pure indian vegetarian resturant amazing choice food. The buffet good deal. Again staff helpul Mum Dad.I think Asain girl great hotel, fun time shopping. although thigs price U.k fun shop.We went night cruise great fun, Mum Dad looked after, vegetarain food lovely. The jeep safari blast giggle whole time althoughtMum Dad come. You must try river boats cheap fun. The weather April lovely right.Defo go back, time maybe try beach water parks, family.",0.3967609126984128,0.5058333333333332,May 10 2009
5,5,"Good Strictly vegitarian Family types... Please read opinion keeping mind I paid 500AED double room 2 persons per day easy cheap mobiliy important concern. The room I staying clean good linen simple, tasteful interiors. The air coditioning noiseless efficient. For price room well furnished also includes hot plate, fridge, sink, iron box, locker, provisions coffee/tea/sugar. About TV....not good. The reception relatively small always crowded. Majority crowd Asian (Indians particular). The staff reception barring could professional. The breakfast extremly good like strict vegitarian Indian food. Catering done group related famous South Indian restaurant chain called Kamath Hotel. The location good looking quick easy access important parts UAE. From airport catch bus reaches Al Gubia bus stand near paying 2 AED. Other bus routes airport C1 C2. A small walk take creek paying 1 AED reach Gold/Spice Souk (Diera) boat within 5 Minutes. Dubai museum (good) 5 minutes walk next creek. Burjuman Mall (good) 10 minutes walk away Careefour (Super market) next bus stand. We reach Abu dhabhi (15 AED), Sharjah (5AED) local places like Jumeira area, Sheik Zyad Road malls etc., (flat 2 AED local travel within Dubai) Al Gubia bus stand 5 minutes walk hotel. Free airport pickup drop possible request. Hotel Bar, Night club, defintely suitable Bachelors different ideas. However, travellers family budget easy mobility concerns may find suitable.",0.22840909090909092,0.5100487012987013,Nov 8 2008
6,6,"Fear Am S/W consultant stayed Dubai hotel. And writing experience hotel. I depend much Internet work Laptop. Infact, writing review itself.The positive points first. The location really good. Hotel Kamat attached &amp; so, indian, delight get good veg food. The room spacious enough, bed big.Now negatives, isn`t clean. The power goes frequently enough turns wireless internet connection. &amp; then, there`s internet connectivity. You got beg &amp; plead staff care damn. The staff least courteous. Added this, A/C least efficient &amp; doesn`t cool. Infact, AC failed thrice stay &amp; guests huffing &amp; puffing. During stay, power went off, &amp; standby genset. U got climb floors get hooked reception. Ofcourse, u reach u questions abt burdubai nandtalk@gmail.com",0.1810722610722611,0.5222144522144523,Jul 24 2008
7,7,"vegetarian delights Arrived overnight flight, emailed prior arrival early check man reception unhelpful could lesson customer service. However room sorted making bit fuss think general get anything done people laid back.The room ok, two single beds, kitchen area seperate bathroom.Cleaniing ok recieved complimentary bottle water everyday whilst there.The breakfast buffet style vegetarian indian continental, slight downside told vegetarian hotel, food delivered apartment.Overall ok central near meena bazaar walking distance get abra ( water taxi) deira quite cheap, get bit noisy night still ok.May consider going rest staff friendly.",0.16107804232804235,0.46560846560846564,Apr 5 2008
8,8,"frill apartment No frill apartment located mini India Bur Dubai. Hotel studio rooms(ie one bedroom),two room apartments separate kitchenette &amp; dinning area.Hotel rooms equipped fridge,small kitchenette,locker apart TV &amp; airconditioner. Rooms reasonable size.Each room window facing main roads area. The Kamat Restaurant (Very popular south Indian food chain restaurants). Small swimming pool terrace &amp; health club additional features hotel.Major advantage centre Dubai convenient travel around.As little India(known Mina Bazaar) fill like India. At least 10-12 Indian restaurants,majority Indian brand shops like Raymond,Liberty,Bata, Parthas,Nalli etc.Apart near creek,major bus stand,electronics market,Dubai museum etc. As family &amp; pub,discotheque &amp; theme restaurants nuisance prostitutes(it common hotels Dubai). The managed south Indiann typical Indian touch.Majority staff Indian &amp; talk Hindi &amp; rupees currency.Problems Dolphin. Requires maintenance &amp; upgradation venue. Noise vehicles. Lifts terribly slow. The kitchenette basic,while safe lockers work. Breakfast typical south Indian one. Few continental varieties give good change menu.No eggs served,so question non vegetarian items. Restaurant waiters serve &amp; clean tables.Compared occupancy restaurant small. Check time 12 noon also problematic flights usually coming India come morning(Nearly 100% guests Indians,In case given us temporary room freshen got final room evening only). Again flights India ten night,you without room whole day.Rooms view,but rooms view costs lot.Over Ok type. You give star rating Dubai one expensive city,Dolphin good option stay.",0.079375,0.49940476190476185,Mar 15 2008
9,9,Escale,0.0,0.0,Oct 16 2009
