,Unnamed: 0,Reviews,polarity,subject,Dates_extracted
0,0,"Beautiful Comfortable Affordable Having stayed hotels Dubai years lived dubai 5 years I feel I'm quite well qualified comment accomodation amazing city. Coral alkhoory Hotel apartments one best city. However far rooms service goes excellent. The rooms beds large clean well serviced. My room huge walk shower well bath second shower it. Also tea / coffee facilities, room safety deposit box good sized wardrobe. Internet access included worked without problem whole days I stayed apartment. The located easy walking distance (10 minutes) Mall Emirates 15 minute walk Mall emirates METRO station. Also within easy reach supermarkets (there's one hotel),",0.43746031746031755,0.6615873015873017,Nov 5 2009
1,1,"Definitely NOT four star like three star I stayed Coral Al Khoory 3 weeks first impression I walked built 1970s. The furniture colors terrible shades browns, yellows, greens. How new hotel?? The smell lobby reminded wet dog, however seemed get better rather worse stay.The staff typical Yes Sir, Yes Ma'am sort robotic types friendly enough, unable multi -task check took ages. During stay I actually witnessed argument 2 staff quite unprofessional. It also seemed like Arabic guests got priority better service I Western Male. The pool new fairly small. There lot screaming children made difficult read relax. They gym pretty basic everything quite clean. I think Dubai much better 4 star hotels, example Al Manzil Old Town.The Coral Al Khoory 3 star. Would I stay Coral again? NO.",0.03068181818181818,0.4564393939393938,Sep 21 2009
2,2,"Coral Al Khoory Hotel Apartments best dubai Group work nice cooperative, rooms clean wide, close shopping entertainment centers, thanks .I hope increase speed internet inside necessary",0.39277777777777784,0.635,Aug 28 2009
3,3,"Good Choice This brand new apartment Dubai (open Jan 2009)It studio, 1, 2 3 bedrooms apartments.Itâs suitable families.The location good, near Emirates Mall.The rooms spacious, LCD TV it.The lot facilities, like car parking basement, swimming pool, gymThe disadvantage internet available fee.",0.28737373737373734,0.6338383838383839,Jul 1 2009
4,4,"Perfect I choose price location really good thing; minutes walk Mall Emirates. You need take taxi (that find easily) go city really cheap (15 dirhams go Burj Al Arab 30 go Jumeirah Beach Park).For construction around (on block).The swimming pool really nice always someone help around.I studio clean big enough person.The employees really nice youJust I go back Dubai, I would choose back without doubts",0.345,0.5758333333333333,Apr 24 2009
5,5,"Rooms clean cheap enough would go back. Check &amp; check extremely slow busy. Breakfast ordinary, staff tried could. The rooms clean everything need. Breaky included room &amp; despite saying clearly rate charged &amp; took 5mins office person accepted made mistake &amp; removed it. He kept repeating &quot;but breakfast&quot; seeing original voucher included. It good value, go without breakfast &amp; money save order club sandwich room service instead.",0.15848484848484848,0.5357575757575757,Apr 8 2009
6,6,"Inside superb outside building site Just three nights Coral al Khoory Dubai, got admit superb nothing much touble brilliant staff, clean really could eat floors, outside dusty buiding site Dubai, million cranes tower many unfinished sky srapers roads clogged gas guzzling 4 x 4's shopping malls pallatial places cleaners walk behind sweeping polishing incase leave finger mark opulent marble floors. How many malls visited aquarium big three bed semi?!With doubt I highly reccomend hotel, For Dubai I waste good holiday come here, really home ugliest buildings earth. Everything build high made glass covered sand dust, buld thousands squash next other, Birmingham better landscape place. Dubai destination holiday makers",0.25284126984126987,0.45319047619047614,Mar 26 2009
7,7,sachliche AtmosphÃ¤re - freundliches aber inkompetentes Personal,0.0,0.3,Nov 8 2009
