,Unnamed: 0,Reviews,polarity,subject,Dates_extracted
0,0,"Convenient that's As I landing early morning Sydney transit 36hrs, I booked two nights directly - numerous emails to/from confirming everything OK, yes understood I landing around 5am would require room (night 1) immediately. Upon arrival around 5am, I told sorry rooms available adn wait lobby 3-5hrs room becomes available. I hissy fit, 14hr flight!! insisted speaking manager. I explained I expressly booked happy pay two nights avoid issue room?? He eventually &quot;found&quot; room 45 mins later, saying I could wait cafe, hey, closed early can't even get cold drink!. After hour room I realised aircon working. Time call engineer in.......yawn.After stuffing about, positive thing I say conveniently located close airport direct access shopping mall need away hours aircon. But that's it. I going back seconds.",0.13169856459330143,0.4287081339712918,Aug 26 2009
1,1,Business/Shopping - luxury My wife I spent 5 nights early July 2009. I conference decided stay opposed somewhere fancier would require drive morning traffic.The definitely 5 stars bare minimum. The old shows. The furniture amenities really basic.It would perfect someone wishing spend lot time City Center Mall direct access hotel.This representative standard hotels Dubai now.There broadband internet room via LAN (cable) wireless available lobby.,0.17307692307692307,0.3019230769230769,Jul 16 2009
2,2,"Nice Nice - great spot shop, great excellent entertainment - especially English pub!!!Have go back!",0.475,0.6875,May 19 2009
3,3,Pas top!,0.625,0.5,Oct 1 2009
