,Unnamed: 0,Reviews,polarity,subject,Dates_extracted
0,0,I really good experince I stayed Ramee Guestline Apartment 2 Feb 2009 realy satified low rate service really good rooms clean good thing one bed room apartment sufficient single person things clean good shape,0.40719047619047616,0.5524285714285714,Mar 19 2009
1,1,"Good bad Overall experience OK. The two bedroom apartment pretty clean, everything needed updated. Leaks plumbing, washing machine work. Electrical problems. TV remotes missing backs. The windows filthy. Very difficult get cab. When called cab you, charged quite bit. I charged extra day, even though I called three days prior cancel first day. Most staff nice helpful. Location bad part Dubai, price good compared modern parts Dubai. Music late night bar loud could heard rooms. Personally, I would stay again, mind older lousy restaurant, I would say give try.",0.0445138888888889,0.5252083333333334,Apr 11 2008
2,2,"To avoided costs We stayed last week, last stop Australia. It overall negative experience, lst room surrounded building sites, noise overwhelming asked changed. Our next room next mosque awoken unearthly hour! The rooms spacious clean, hood cooker badly burnt, one cup! complimentary tea coffee course. All rooms musty smell. The staff variable, certainly much welcome. The 'complimentary' airport pickup paid for. The bedding smelt smoke, probably worst stay. This expensive Ramee Hotel Aptments, much good either slight improvement. This mediochre chain, worth it, much better pay bit more.",-0.020000000000000007,0.46757575757575753,Apr 28 2007
3,3,"A better would worth every Dirham! I counted total two staff people arrival 8pm. The receptionist Bellman. The AC working first room assigned to... took long maintenance person show-up, packed bags ready leave moved room. After requested toilet paper, Bellman came un boxed, unwrapped bunch facial tissue. Imagine joy! Apparently, housekeeping gone night noone could get supplies. The following evening, wait toilet paper turned promise five minutes 45 minute wait. The beds worn beyond use... they're still there. The bathrooms stench coming drainage pipes floor. After first night, went upstairs top floor check breakfast.... find breakfast room room side GYM! You go gym breakfast. The whole deal seem sanitary, passed breakfast offerings stay. The Ramee Group pretty large, &quot;middle market&quot; chain, I've stayed Ramee Bahrain (minus negative experience), clearly, qulaity property service consistent lacking heavily Guestline Apartments II Dubai.",0.1442099567099567,0.3422077922077923,Apr 3 2007
4,4,"Okay need space We Dubai 3 nights 2 children, age two. The Ramee II good seperate master bedroom large living/kitchen area. So children, good space.I agree reviews, however, Ramee II worth returning to. The rooms clean construction site right outside window. Sometimes worked 11PM! It fact jackhammers drowned sound screaming children I mind. The reception staff friendly, overall helpful. We paid extra $25/night child disgrace since even provide extra linen children. (I'm debating Expedia moment.) Plus, told would 'no problem' 2 port-a-cots (cribs) children arrived one, unsafe, wooden bassinet. Either children would easily injured used it. Without alternative, children slept us. So holiday.We booked 'sale' price Expedia. I would NEVER pay full price room would consider 3-3.5 star, 4.",0.18211538461538462,0.38055402930402926,Mar 28 2007
5,5,"Horrible Terrible Horrible Having great misfortune book 2 weeks January 2007 feel duty warn anyone else try every booking here. I could normaly look past large filthy rooms, unfriendliest reception staff ever experienced fact place cleaned time there.. But fact never warned would woken 6:30 EVERY MORNING sound hammers, drills cranes building site next door sneaky..Even politely asked transfered one many spare rooms had, facing away noise least ,my request politely refused. To sum up: pay $120 + place everywhere else Dubai closed...otherwise try one Cleaner hotels around Bur Dubai",-0.12571428571428572,0.6252380952380954,Feb 27 2007
6,6,"Very nice Great rooms 2 bathrooms citchen basic appliances. Very clean I would reccomend balcony rooms. The pool small cool hottest timeÂ´s. If going traveling around location great. The breakfast basic served small room next Gym, always took downstairs tray. The desk helpful hassle. Would reccomend people looking good expensive.",0.27551282051282056,0.5792307692307692,Jan 29 2007
