,Unnamed: 0,Reviews,polarity,subject,Dates_extracted
0,0,"Value money big-ticket city Located busy Al Riqqa Street restaurants, shops malls, shiny, new high-tech metro station 50 metres away entrance linked directly airport (terminal 3) , beware stations open yet. Taxis Deira Souks, Jumeira public beach Burj Dubai cost 20 dirhams (about 4 euros). Make sure get room high away discos ground 1st floors. We seventh floor heard mild beat - problem. There lovely shisha cafe roof inviting swimming pool. The breakfast buffet ample Arab specialities, plus Western titbits like beef bacon, French toast baked beans. All friendly place excellent value money (Internet rates).",0.24697979797979797,0.49334006734006736,Nov 11 2009
1,1,"Loved Facilites This Average Hotel....&amp; Economy Class, per charges good &amp; Average",0.275,0.55,Jun 4 2009
2,2,"Good stayed week, rooms cleaned everyday DON'T EXPECT THEM TO BE SOO BIG AND POSH decent size 2* hotel! breakfast good like location much there's 3 ramee hotels area abit hard find right one tell driver al rigga rd fine!! overall good clean ok stay looking cheap",0.29615141369047626,0.5252529761904763,Apr 26 2009
3,3,"Loved stay It great stay. Good food, quality ambience right heart shopping paradise.",0.6214285714285714,0.6714285714285715,Apr 24 2009
4,4,"1st visit dubai 1st time dubai scary specially dont know anyone luckly us got friends works dubai. bit hard find first,coz theres loads ramee think im mistaken three four dubai .this ones al riqqa road old city least 5 -10 mins gold souk taxi. rate budget good value money. bfast good long get early starts 7am fin 10 am. rooms always getting cleaned,you get new sheets towels everyday really good. budget fall club downstairs wont like youll put first 3 floors goes 3am.advise bring good earplugs.always mention reception(club/bar) happily find quiter floors hotel.dont expect much said average standard hotel.that cater travellers budget.",0.15481421356421354,0.5044931457431456,Mar 4 2008
5,5,"Great Deal As always hotels booked line, I approached one trepidation since one person given bad rating. However I found wonderful value. It 1.5 bath, full kitchen, 1 bedroom pull couch. The mattress couch thin 14 year old daughter complain. They brought full size mattress put floor 14 year old son. The living room plenty big enough both. There 2 tvs always good teens. The washer broken wash us. There grocery within 10 min walk. They tour desk found prices slightly better another company. We booked desert safari recommended another traveler Trip Advisor. It ok lot time. We left 3:30 &amp; site 5 (after sand drifting &amp; driving there). Dinner start till 7:30 gave us plenty time camel rides, sand skiing, henna, etc. (4 wheeling extra charge everything else included except alcohol) But I would preferred less &quot;sitting around&quot; time.",0.13654320987654325,0.44290123456790126,Dec 26 2007
6,6,bon,0.0,0.0,Jun 1 2008
