,Unnamed: 0,Reviews,polarity,subject,Dates_extracted
0,0,"great friendly staff great location I stayed Taj Palace enjoyed much. The staff friendly moment arrived till moment left.The rooms huge service great breakfast fabulous,swiiming pool good size helpful pool attendants,The near many small restaurants 5 minutes walk Metro.I would recommend friends I would stay next I Dubai",0.3971428571428572,0.5221428571428572,0.5221428571428572
1,1,Really friendly Beautiful greeted friendly staff arrived. Especially would like thank receptionist called Megha. Really friendly made use fell welcome really helpful. Hotel located beside Metro. Not stops open yet great getting Mall Emirates. Rooms huge really nice. Also swimming pool gym beautiful.,0.47812499999999997,0.7416666666666667,Nov 15 2009
2,2,"Fantastic Experience Value want huge apartment! Note review apartments...as stayed 3 bedroom apartment. The normal rooms suites excellent stayed before, esp suites!Location good, attractions nearby, plenty amenities restaurants closeby u dont want dine hotel. 5-10 mins airport. We got package...note rates heavily discounted Taj's website package offers look them. Our rates discounted almost 50% included breakfast 7 people, transfers discounts services. The 3 bedroom apartment HUUUUGE! also servants room separate bathroom, altogether 5 bathrooms I think. Rooms well furnished, apartments, condition furnishings floorings deteriorated significantly. I told 2 bedroom apt quite huge well. Breakfast excellent, probably best I ever had, free least!Concierge valet parking services flawless. Check speedy also offered us room 7 usual check 2 pm. The Spa extreeemely disappointing. I believe persons running changed. Whatever, service far par. Ther therapist pay attention calm environment moving equipment without consideration treatment. The pool ok.",0.3166666666666667,0.7107142857142857,Nov 5 2009
3,3,"Big rooms Old Hotel No Booze !! Spent one night Taj Club (executive) Floor. Rooms huge. Bathrooms also huge. Service friendly. Very close Airport (10 mins taxi). But business Sheik Zayed Road look area.I disturbed mysterious stench came toilet. I time complain stay. I I checked management apologized offered free stay next time I Dubai (I plans though :) ).They three restaurants- Turkish, Indian Japanese. No time check out.One thing - Bar. So cant drink property ! The mini bar room carries soft drinks . Enjoy !!When I made reservation I told take Taj Club Floor higher cost I get early check in. This work. I still waited 8 10.45 Am room. Check 2 PM.",0.2098958333333333,0.4625,Oct 24 2009
4,4,"Good rates rooms older area....but Taj Standards Ok...I booked room I would Dubai short stay - less 24 hours.. I got terrific rate - $150 USD Taj Club room included round-trip airport transfers limo access Taj Club lounge includes breakfast, all-day coffee, hot snacks evening. I made reservation line put information including flight details. When I arrived Dubai, I see anyone Taj pick up. I extremely irritated. I gotten flight Bangalore several pieces luggage, mobile phone works Dubai. I patience figure use pay phone call hotel. Since I flown Business Class, I went Emriates counter arrange complimentary transfer hotel. When I arrived hotel, several things went wrong. First all, front desk informed order airport transfer, I call directly request service, even though I booked Taj Club room stated arrival information online reservation form. What really upset Taj anything make situation better. The check-in worse - allow use Debit card guarantee reservation front desk. So, I use cash pay room. Finally check-in, front desk personnel escorted club level room told amenities Taj Club. When I arrived room; huge....they say largest rooms Dubai right. The room nice - large King bed, sofa sitting area, computer work desk table. Additionally, room balcony 2 chairs table overlooking apartment building. The bathroom also large. Very nice bathroom!!! The problem - THE ROOM SMELLED OF CIGARETTE SMOKE!!!!!! I strong allergy smell....and really stay room. The front-desk agent escorted room agreed smell, called downstairs room change. There rooms could put one night. Very hard believe!!!!! So, thing could housekeeping come clean room. Housekeeping came idea cleaning room spray lemon scented air freshner room. They sprayed much air freshned capet damp everywhere I stepped. The smell make room bearable, room lemony smell. The hotel's in-room internet complimentary Taj Club users - wired connection, WiFi rooms. The broadband internet connection VERY SLOW kept dropping. After I managed take small nap. The bed comfortable. One comment location. The 10 mins away airport, really older part Dubai. My friends told hookers known frequent area across hotel....so great location, 10-15 minutes away taxi newer shopping malls, etc. Ok, I checked hotel, I decided use complimentary airport transfer Taj Club guests limo. Well....there NO LIMO. The limo basically small compact car. Not sure advertise &quot;limo airport transfer.&quot; Overall, rate good included lot perks. Next time, I may pay bit choose better location liek Dubai Emriates mall. You even take new Dubai train catch airport areas like Dubai Emirates mall.I love Taj properties India; fantastic service every time. I usually stay Taj Leela property traveling India. The Taj Palace Dubai live Taj standards, reviewers pointed out.",0.156652306027306,0.5395967227217227,Oct 16 2009
5,5,"5 Star Taj luxury We Dubai looking 10 nights. When walked Taj Palace Hotel decided stay price right. The price right - 650 Dhs (Â£110) night including breakfast. And breakfast!! - everything smoked salmon curry!! The smallest rooms huge âExecutiveâ Queen size beds, large flat screen TV (including BBC News Sky News), tea coffee making facilities balcony scintillating sounds Diera (completely shut door closed). The roof top pool gym open 10 night. All staff dealt wonderful receptionists room cleaner - pleasant helpful - particularly Prakash Grace breakfast.The situated Al Maktoum Road Al Rigga Road, short walk Creek Al Rigga Metro station (the Metro opened Dubai - 10 29 stations Red Line far). A single stop takes Diera City Centre Mall. There plenty eating places Al Rigga Road, eat couple occasions Indian Turkish restaurants - deal Turkish set meal - go make sure hungry!! Two restaurants, Italian Japanese, closed low season. We also ate Radisson Blu short walk away. If like steak try Italian - probably best weâve had!!The Taj Palace Hotel serve alcohol allowed room. Just couple minor criticisms. The room TV three English film channels provided hotel, listing available. Internet access bought day 120 Dhs (Â£20), several internet cafes within short walk charging 5 Dhs hour.This 10 nights true 5 star luxury.",0.20339425223214289,0.3745783730158731,Oct 15 2009
6,6,"Try it! It's 10min airport, 10 min cab ride Deira City Centre, pretty good location. I stayed Executive Suite, sauna jacuzzi :o), 2 TVs huge living room free internet! The room brilliant, SPA not. Tried Thai massage US $130, NOT worth it.",0.49374999999999997,0.7999999999999999,Aug 26 2009
7,7,"Nice Hotel Crowded locaiton As young couple, We find full comfert privacy. I advise choose Hotel room upper floor better view gallery. Only advantage Bad location availability everything nearby. Pool maintained well. Good Spa services. But surely comparable ROTANA Hotels ranges.",0.22777777777777775,0.6228395061728396,Aug 20 2009
8,8,"Check everything!!!!! A lovely two things took edge stay.Firstly wanted charge breakfast. I booked third party internet Co. paperwork said breakfast included. Had somewhat problem Taj staff wanted charge breakfast even though paperwork showed free breakfast included. Eventually gave in. You'd think I Crown Jewels, chrisake breakfast.Secondly. Do take facility picking airport. The internet blurb implied free pick delivery service available (like hotels Dubai). It isn't. They picked I booked take back airport leaving. When I checked big cost transport. When questioned said way free I misunderstood...yeah right.They said &quot;Tell do. We charge one way fee&quot;. OK I said, thinking free return airport. My transport arrived .....a taxi. I pay taxi driver. And fee....a 90% saving Taj Palace cost.Conclusion. Read small print, get everything quite clear otherwise argue pound flesh.",0.2015625,0.5380208333333333,Jun 23 2009
9,9,"Taj class The Taj group hotels mean excellence class apart. experience!, cannot described, experienced.",0.20468750000000002,0.79375,Jun 21 2009
10,10,simply superb! two nights blistering heat june.I dubai earlier considered hotels overpriced.so taj wonderful surprise.found great deal airport transfers'breakfast included.firstly rooms hugeand tastefully done.huge bathrooms.the indian restuarant good.room service prompt.airconditioning great...essential dubai heat.taxi's cheap east get.dont think twice booking one!,0.45000000000000007,0.5722222222222222,Jun 15 2009
11,11,"cloud nine experience stayed 3 nights husband n baby.....had amazing time .....staff courteous helpful....rooms amazing,very cosy spacious. food good too. stayed earlier j w marriot lots time far superior terms level comfort.",0.42500000000000004,0.7125,Jun 13 2009
12,12,"Superb rooms The good spending time families.The room ambience good,the pool food excellent.",0.7775,0.77,Jun 9 2009
13,13,Fantastic Business/liesure property Located airport city center. LArge rooms luxurious bathrooms. Service normal staff always attentive. Confortable stay good food also.,0.29404761904761906,0.5964285714285714,Jun 3 2009
14,14,"Taj May 2009 The Taj property Dubai &quot;OK&quot;. We stayed apartments quite spacious. It could easily fitted 6 people without extra bed. The concierge reception extremely helpful staff. We really liked Indian restaurant - Handi, sure others. As amenities - good actually used extensively. The drawback location. You cannot really walk anywhere (unless want 2+ km walking). The closed attraction creek. Deira City center 10dhms cab ride away. All all, nice would venture elsewhere next time around.",0.13988095238095236,0.5039682539682538,May 22 2009
15,15,"Decent good service - however area ok. We booked Taj Palace phone, Taj hotels, got great deal - $200 per night, including airport transfers, breakfast, internet access, Taj Club amenities, kids stay free. When I booked room, I told I could get rollaway beds kids, charge. However, checked 2 am, said rollaways would extra charge per nite, policy kids stay free charge room using existing bed! kids bigger me, would impossible 4 people one bed!!After back forth fighting, showed us rooms reeking smoke; I requested non smoking allergic smoke.finally, showed us non -smelly room w/ 2 queen beds, agreed would take it. taj club floor internet access, allowed us use taj club privileges. whole drama, stay fine. handi rest. excellent (indian cuisine) rest's empty! handi full! morning buffet really good tons varieties food servers hospitable. Taj Club afternoon tea snacks also nice treat - sandwiches, cookies, frutis juices, tea coffee, etc. rooftop pool decent well gym.the downside area - far jumeirah &quot;hot spots&quot; - big downside taxis getting expensive now. , &quot;working class area&quot; get see &quot;real life&quot; dubai (you get see interesting &quot;business transactions&quot; street well) def. &quot;bubble existence&quot; Palm jumeirah lifestyle. ton fast food places around, well money exchange places. also shuttle city center couple malls alternating days.",0.20020114942528738,0.5599425287356322,May 14 2009
16,16,decent indecent area garrish interiors rooms..howevr service n food r really good..the area wher located isnt great either u hve lots fastfood options u want step also ther r money changers next door...all decent fabulous place stay,0.1904761904761905,0.5119047619047619,Apr 29 2009
17,17,"Well run large rooms The taj makes excellent base exploring dubai. The staff, service location first class. It Diera close airport far attractions. The rooms fantastic, large size, well furnished balconies. There many restaurants site- turkish, japanese , italian handi indian restaurant. The latter excellent dining experience albeit little pricey (They serve alcohol ) .The rooftop swimming pool gym/spa pleasure visit.",0.19341517857142854,0.5201636904761904,Apr 19 2009
18,18,Awesome Service conveniently located Hotel Taj Dubai gives feeling home away home every Indian travelling Dubai. Its got trademark Indian hospitality best class service food discerning Indian traveller.Very conveniently located heart city. Ideal family Business traveller's stay. Very nice interiors 5 star amenities.,0.776,0.72,Apr 17 2009
19,19,"taj signature experience taj signature experience....we die hard taj fans, believe really live upto standards, everytime, time. hence choice rather simple. stayed 26th 28th Feb.The service great, food great, large variety, room really large comfortable. The downside location building, unfortunately, case almost everywhere, huge construction sites blocking views city.will definitely recommend families.",0.20563603063603061,0.6504578754578755,Apr 17 2009
20,20,"nice apartments As returning guest I good feel expect.The good:Lovely food service restaurants breakfastnice foyer lovely cakesThe goodExpect much lower standard book apartments - charge full wack get quality compared club rooms (at roughly price)so toiletries (a shower cap, nile file body wash stuck wall), turndown.We booked 6 months ago assured requests would honoured, arrived early able check 12 hours later (6 hours check been) requested quieter side, whilst otherside facing mosque great cultural exposure perspective two year old bolted call prayer long haul flight complete nightmare.The next room gave us walk shower one less bathroom advertised - bewarned!! since party included disabled person - talked front desk lady said wanted move one side done that!!! point I making graded quality apartment given us considerably. They stopped ayverdic spa facility even though prebooked informed arrived.This stay could given faulty towers fun money!We spoke manager discounted rate Â£150 total stay booking cost Â£3000 purely added insult injury, us summed experience.At price many options, I would say transfer couple days bad place book club room.Also price apt include breakfast internet access available price.",0.18541684903127914,0.415359477124183,Mar 5 2009
21,21,"Very Good Perfect The Taj Palace nice hotel, Dubai terms, definite bargain, although best land 7-star hotels. My wife I stayed two nights Dubai en route Tanzania safari honeymoon, wonderful stay, although everything wanted.Let's get negatives way, since they're small number really bad. First, there's alcohol hotel--no big deal, since particularly difficult find booze elsewhere Dubai, Taj really nice restaurants whose courses crying wine accompaniment. Second, I think offerings club floor, stayed, added much. If I returned Taj (and I definitely would), I would probably get room another floor. Lastly, there's location--I liked spot were, quiet, view city great compared places visited, &quot;happening&quot; part town, one take consideration.Now, positives: staff superb, definitely one top 2-3 I ever encountered travels. Everyone knew name, wife I visiting, went way make sure able see everything wanted Dubai--they even made us congratulatory cake! The room also spectacular, enormous bed, great bathroom, huge flat screen TV plus free wi-fi. The kept pristine condition--every 5 minutes, seemed like someone vacuuming sweeping area hotel. And lastly, restaurant offerings within good, especially Indian restaurant. The morning breakfast also outstanding. Even though visited unbelievable hotels meals stay, combination service, food, price would still place Taj frontrunner next visit Dubai.",0.25875000000000004,0.5997638888888889,Jan 25 2009
22,22,"Excellent stay Dubai We stayed Taj Palace four days new year's eve club room week Maldives.Excellent choise.Large rooms,stylish clean.The staf helpful.The located Deira's center,very close airport,but half hour drive Jumeira beach.We loved stay,and definetly stay again.",0.3449494949494949,0.5035353535353536,Jan 8 2009
23,23,"Taj Palace downtown luxury Have stayed Taj Palace Dubai 3 times last 4 years. Each time staff superb rooms largest Dubai Balcony well.The location Deira good like shop Naif far beach Jumera. One biggest downpoints trying catch cab, getting difficuly day. We decided walk Naif, took long time nice see sites. Al Rigga Rd stones throw away teh Al Ghurair center fast food places well cinema.The Lounge area excellent stay Executive Floor get free internet access juice, pastries. The Breakfast excellent Chefs also make something like, like indian chai.The Pool area roof small ok, gets busy afternoon used go straight breakfast. The Gym also quite small adequate.What makes place excellent, especially muslim families NO alocohol served club either unlike larger chains. They also lots offers, last time got free transfers breakfast helps.Thoroughly recommended anyone likes family friendly central location far airport.",0.2733333333333334,0.5762345679012346,Dec 12 2008
24,24,"Not 5 star Stayed Taj four nights October. This second stay hotel, stayed last March 2005, surprised find looking old, staff friendly reception staff uniforms threadbare. The breakfast good, wonderful selection, however housekeeping drags down, sink bathroom thick layer grime rim clearly visible lying bath. The wooden floors bedroom scuffed scratched. The location good, proximity Al Gurair shopping centre restaurants wonderful, however area around becomes pick point Asian prostitutes 10pm night. I would probably stay I would comfortable walking area night. There many hotels choose Dubai Taj game want stay race.",0.2423202614379085,0.45375816993464047,Oct 21 2008
25,25,"Excellence best Wow.I arrived early, 2 naturally room ready staff went Of Their way ensure got room early.We wee served date juice arriving pleasure seeing breakfast set up, articualte showed much care effort staff put do.Breakfasts nothing short amazing. staff back call variety buffet.Lovely pool area.The room spacious bathroom excellent, toilet seperate bathing area great.The room service grand I found tad priced.I loved staff help get taxi.I like view room much all.",0.3466666666666667,0.4653846153846154,Oct 9 2008
26,26,"Great rooms alcohol Very large rooms, good food &amp; service. Only downside lack Acohol -- unusual five-star hotels Dubai",0.40771428571428575,0.7814285714285715,Jul 27 2008
27,27,Be treated like royalty Taj Palace The Taj Palace 10 mins taxi Dubai airport problem noise planes rooms soundproof. We arrived 7.00 room ready us 7.30 even though check normally 2 3 pm! The standard rooms large spacious marble bathrooms separate shower separate toilet &amp; bidet. The buffet breakfast included package (Emirates Dubai Stopover) excellent. The meals Italian Restaurant good reasonably priced. The serve alcohol problem us. You take local taxi (don't take limo taxis much dearer) gold souks less 10 dirham (about $A3). Be warned though want return souks afternoon peak hour traffic (approx. 5.30 pm onwards) taxis refuse take make enough money time takes meter charges distance time. It took us 45 minutes 41 degree heat walk back hotel. We would certainly stay Taj Palace again.,0.15976890756302523,0.4186274509803921,Jun 19 2008
28,28,"Definitely five-star Arrived Dubai decided try BA 12.40 Heathrow, instead normal overnight Emirates flight.Flight on-time comfortable triple 7. Arrived on-time Dubai 1.30pm local time met smiling Taj Palace Hotel limo driver. He polite informed journey would take around 15 minutes, setting gave cool towel bottle water, cool box front car.Arriving hotel, Deira, I escorted reception greeted smiling smartly dressed receptionist, welcomed Taj Palace. Check swift personally escorted room.My room large, executive double, dark wood floors furniture. It also large comfy sofa scatter cushions large balcony. Sadly view buildings, remember Deira NOT beach facing.Breakfast well organised affair, someone showing table I offered coffee immediately upon sitting down, well eggs. Excellent service, eggs coffee table I got back buffet orange juice. Amazing!Service attentive, even though restaurant busy. One thing noticeable however, dreadfully loud pan pipe music. Far loud, made everyone talk it, terribly relaxing like early morning coffee peaceful surroundings, overall good experience.I decided try roof top pool mid morning surprised note music far loud. I found someone asked turned down, was. The pool became busy quickly sun beds taken, pool service speed could better. I believe offered drink every half hour least, two hours I offered nothing. I went bar ordered bottle water brought sunbed quickly.I visited reception greeted three staff duty smile &quot;Good Morning Sir&quot;. I asked courtesy bus The Kempinsky Ajman, Taj Palace uses guests wanting visit beach. I informed left 9.15am I booked seat cost 100dhms transport use Ajman day. I one bus. It took around 45 minutes. The beach pool fine day visit, worth pointing Jumeirah hotels offer 'day guest' pass price, closer taxi, convenient pick times, taxis relatively cheap.The room internet service plugged back computer worked first time. That's first! It costs Â£12 24 hours, business I think that's excessive, although perhaps want surf cost whilst holiday. Having said that, holiday, would want internet surfing?Had dinner hotels Japanese restaurant. I full Japanese Sushi buffet, huge choice, tepinyaki, also Tempura, cooked selection right front me. I one two puddings bottle sparkling water wash down. The cost 150 DHMS in. That's Â£22. Fantastic value. It's important remember Taj Palace serve alcohol anywhere premises, may bring alcohol consume room, wish so.There's evening turn-down service operated efficiently. Its worth mentioning that, experience, in-room 24 hour room service menu much choice most. The service facilities five-star I hesitate recommend anyone. Just remember old part Dubai called Deira, taxis cheap get around.Flight back BA best described 'old' Boeing triple 7. My seat stay upright, various video screens working, seats arm rests tatty, plane's wing looked like needed good wash. After years flying Emirates I thought I'd try BA. Certainly make mistake again! See soon Emirates!Finally, opinion, want get best service anyone anywhere world, advice polite, calm, smile always remember guest another country. Respect..and want eggs cooked way like them. Ask. Remember five-star ;-)",0.20792708333333332,0.4713035714285715,May 22 2008
29,29,"Great Hotel Taj Palace Dubai Located centre DIERA. Location DetailsDiera central area Dubai. Its posh area Jhumeira, one find lot malls close by. Its shoping paradise big malls close within 5 8km.The Taj Palace DubaiPositives.- A cotemprary design, get feeling relaxation soon enter Hotel.-Great resturants (Indian, Italian, Japanense)- Exceptional service quality, real 5 star service.- HUGE ROOMS, Rooms huge, 61sqft one biggest rooms stayed in. Although lack sense grand decor, size really compensates same.- The nice concierge services arranges practically anything Dubai.Negatives.- Location exotic one specially aim relaxation.- BALCONy IS said luxury Taj Palace seems paralysed wing, practically use.-WIFI Charges unheard part world 3 Dhs per minute.Experience.My experience Taj good. Definately stay next time room size get grand size. The service taj may room dining helping packing goods amazing, There sense &quot;Cool&quot; grandness attached loby. The staff courteous. Although charge 400 600 Dhs security deposit A Taj Innercircle member, away deposit. The food Handi amazing lively atmosphere created musician singer there. Taj lives reputation Luxury service, But also agree previous comments Taj Indian Hotels superior Taj Dubai. Taj Palace dubai nice 5 star living Taj's reputation!!!",0.3873402597402598,0.6297238095238096,May 19 2008
30,30,"Taj Palace - Not Like 5* At All! Recent Stay - March 24 - 1 April 2008I saw Taj Palace Internet looked like nice well presented hotel. When turning first impressions great, entered lobby nice, open, relaxing. However entered room located 7th floor, impressed all, far small, much space all. Dissapointed balcony room. I breakfast booked 8 day stay, went eat first day, looked nice. I got potatoes, sat eat, bit potatoes, raw even cooked properly puked out. The scrabled eggs werent cooked properly gooey, Had sausages, cut half white fat started coming out, looked disgusting realy put breakfast. Over next days noticed potatoes cut differently thought may cooked well, NO werent. The sweet croisants section nice.Therefore wouldnt reccoment book breakfast stay, best eat out.There free wireless internet access, youd think would staying 5* hotel. You pay 3dhs PER MINUTE want internet access hotel. Your better going internet cafe round corner pay 5dhs PER HOUR 3dhs PER HOUR using laptop. There one pool 11th floor roof top (no indoor pool), jacuzzi, however always lots people relaxing much. Also sun hot months like april-august pleasant pool heat could probably get head. You lots shops nearby, restaurants (mc D's, Pizza Hut, Subway, KFC, Hagen Daz etc) shopping malls, smal kids funfair within walking distance. The best place stay would reccomend Golden Sands 3 5 apartments. They 2 pools, great service staff, big rooms, balcony, free internet access, rooms kitchens, washing machine, fridge, cooker everything need. Its best sometimes nice room cook breakfast, bring lunch dinner eat comfortably!! Hope review helped...",0.20149771417213277,0.543400914331147,Apr 5 2008
31,31,"Really Worth The pleasant stay unforgettable, especially good staff, great breakfast, ample rooms one best house keepings ever experienced! It really worths every penny spend! Wish best organizers.Tehran, Iran",0.6583333333333333,0.6116666666666666,Apr 5 2008
32,32,"Very Spacious Rooms I stayed times experiences wonderful. Here (+ve) &amp; (-ve) things it.(+ve)- The rooms spacious bathroom room. All stays 2 3 bedroom suites.- The kitchen large, large living room. - Great restaurants ground floor. I loved Turkish restaurants.- Prices excellent.- The located city centre, wihtin close proximity shopping mall + supermarket one buildings around hotel.- When staying 2 3 bedroom suite, small room maid toilet + storeroom available store luggage.- A large balcony connects living room 2 bedrooms. So windows actually french windows open balcony.(-ve) - The view window great. Surrounding buildings, buildings &amp; buildings. However, view restaurant mezannine floor great.",0.3370509607351712,0.4802422723475355,Mar 26 2008
33,33,"A poor Taj You probably like property lot sampled Taj properties India always fantastic. If one compare others available Dubai fare much better.The rooms large. While better clinical Dubai rooms lack warmth personality one would expect price. One constantly gets feeling aspects penny pinching expenses. The tea bags awful, toileteries limited, one constantly ask small things like shower caps. The food breakfast compare international standards. While everyone eager please staff well trained. The send car pick promised instead asked us get cab would pay for. During checkout decided errorneously charge us entire contents room eatables drinks reveersed upset.Avoid Turkish restaurant means. The staff restaurants hate serving guests. The close restaurant.The good part - close lots interesting eating places markets. Stroll across meal. This rarity Dubai.After 10.30 pm roads close also unsavoury transactions occurring streets. However bother touists walking by.",0.07660714285714285,0.4833333333333333,Mar 4 2008
34,34,"Apartments luxurious rooms Indian restaurant amazing I excited thought finally getting chance stay Taj Palace hotel. First thought -- there's nothing Palace-like it. Don't get wrong, nice looking hotel, sure they're calling businessy looking &quot;Palace&quot;. Also, address place somewhat mystery. The closest find Taj website P.O. Box address. I'd already made reservation, preparing trip I realised this. Had call ask actual address. And listed tripadvisor, hotel's official website. Strange. We group 7 people. So booked 3 br apartment executive room (the standard hotel). I say apartment nowhere near nice executive room. The executive room opulently decorated, apartment (while I know apartments supposed modest looking room) quite worthy Taj Palace known highest level opulence. The apartment, spacious served purpose hosting big family, actually looked bit cheap. Very plain looking old shower curtains bathtub looks like one cheap hotel. It nothing compared executive room much nicer bed covers, gorgeous well appointed bathrooms, much better bedroom decor. Nothing went wrong stay, fact nice stay here. But I think one person got executive room really lucked compared 6 us chose apartment. Service overall good best part Handi, Indian restaurant. I always remember meal Handi best Indian food I ever life (and I eat lot Indian food)! This Indian cuisine finest anyone stays anywhere else Dubai I would highly recommend visit. We still talk one meal every time Indian food comes conversation incredible was. It must list next visit Dubai, even I going stay another hotel.",0.27078320802005024,0.5288554720133667,Feb 18 2008
35,35,"Handi Was Rip-Off The Indian Rest &quot;Handi&quot; rip-off. The Mineral water per bottle AED 26, imported Italy. There several well know brands local water eg Masafi, one better ordering water restaurant. Even food better. The butter chicken lamb curry I ordered poor taste. My host told people using cream micro heat dish. The chef know good food India especially places like Sheraton (Bukhara)Delhi When I complained water, waitress told give discount I think could get approval boss. The single item bill AED455 turned Mineral water AED 78 3 bottlels plus tax plus other. Next time I step expensive poor quality restaurant. Please avoid place.",-0.09352678571428572,0.4524553571428572,Nov 30 2007
36,36,"Excellent service We spent 3 nights stopover way Mauritius. We fault it. The service excellent start finish. Rooms enormous bathrooms luxurious (and standard room) We arrived morning, normally rooms available till 2pm staff went way make rooms ready earlier served us fruit cocktails whilst waiting. It serve alcoholic, problem. We enjoyed time relaxing around roof top pool also (when shopping!!).Would definately stay again.",0.26153846153846155,0.5961538461538463,Nov 19 2007
37,37,"great room spa location We stayed two nights managed see Dubai. The location good able walk creek reach boat romantic dinner. The room seriously luxurious service excellent. The spa lovely pool roof also. The breakfast great, another buffet cost extra told amazing. A tip: Get alcoholic drinks Duty free serve alcohol hotel. It considered locals one best hotels due (!) They mind drink alcohol room though.The city safe anyone like women wear shorts mini skirts or, generally, sexy clothes. Also, keep change cross creek little boats find side cash, well, far walk back !",0.31474637681159423,0.6009420289855073,Sep 22 2007
38,38,"Best Aryuvedic Spa facility Dubai Stayed family 5 nights July 2007 Taj Palace Hotel Dubai. One best places town. The rooms large comfortable. The service comes personal touch, business traveller I yet find equivalent hotels. The breakfast team (Sampad/Roy.. ) excellent job providing us Indian Masala tea..The Aryuvedic Spa Centre , managed Dr Deepa Dahvejkar team excellent facility. My wife , daughter booked various treatments results rejuvinating say least... I would throughly recommend fellow travellers... The Spa facilities Taj Palace far better 3 x 1/2 hr complimentary treatments received Grand Habtoor, Jumeirah-Dubai.Well done Taj Palace... keep good work. THANKS Mehta family..",0.448952380952381,0.6019047619047618,Aug 4 2007
39,39,"A great We stayed Taj early March.Check delight - attentive staff taking care us moment stepped car. The room huge, quiet balcony. The lobby impressive, plenty soft seating, coffee service. Breakfast mezzanine large choice. For meals several excellent restaurants itself. We particularly liked Turkish one.There pool, spa facilities excellent.The location old city - Deira - close airport still quiet still within easy reach attractions. Shopping centres close by, hotels, cafes restaurants.All received first class service. We would definitely go back stay there. A fine 5 star hotel.",0.29285714285714287,0.5111528822055138,Apr 30 2007
40,40,"Beautiful Hotel Great great location. Traffic heavy area rush times problem Dubai. However, taxis comfortable air-conditioned. We arrived eraly given welcoming drinks. Porter took bags room. Excellent service throughout stay.Very friendly staff, clean spacious rooms, towels replaced twice day, fresh lillys bathroom.Very nice swimming pool roof. Hotel agreement Ajman Kempinski beach use private beach. Bus departs daily 9.25 beach returns 15.30. There fee 60 darham perperson use beach. Very nice beach.",0.4670512820512821,0.6826923076923077,Apr 29 2007
41,41,Disappointing! Having stayed 6 weeks previously LRM like 3* comparison. Despite requesting early check waited 2 hours room. The reception staff unfriendly even offer us coffee wait. When I asked could go breakfast waited told yes paid it. The breakfast room staff friendly two occasions asked scrambled egg took 15 minutes arrive. The rooms however huge comfortable. The good location shopping city thatâs all.,0.23783333333333334,0.5466666666666666,Apr 1 2007
42,42,HUGE rooms! From outside place looks so-so... but...Reception excellent bit longer usual - (it 2am). The room service food excellent well presented.The Room die - bath shower heaven!This reviewer travels A LOT certainly impressed. The issue visitors may want aware DRY although take alcohol room outside hotel.Location best many Deira hotels minutes Clock Tower roundabout - even horrible morning chaos crawl Bur Dubai sites Museum anywhere side creek.,0.2122549019607843,0.5808823529411765,Mar 27 2007
43,43,"Taj Palace Hotel We visited Dubai week ago stayed Taj Palace Hotel impressed standards. We arrived early given free upgrade huge, staff polite received first class service. The good location main attractions. Short taxi ride airport costing Â£3-4. There great variety breakfast spa facilities one best I experienced. Top marks departments, would definitely go back stay there.",0.47051282051282056,0.5397435897435897,Mar 24 2007
44,44,"Beautiful Rooms Great Service! I got stay Taj Palace one night long enough see excellent is. Even standard rooms huge beautiful wood floors large sitting area along king sized bed. The bathrooms separate tub shower also giant beautiful.The staff check courteous efficient. Some people might care alcohol served hotel. And sometimes slight wait get taxi common Dubai seems. The location main roads stays quiet.Overall, I would definitely recommend hotel!",0.29651785714285717,0.6549107142857143,Feb 24 2007
45,45,"AMAZING I loved 5* every way My girlfriend I stayed Taj Place 4 nights October 2006 I loved every second it, ignore bad reviews hotel!Inside stunning glass marble everywhere lifts fastest quietest I ever in.The room massive comfy bed, luxurious bathrooms, large tv, non-alcoholic mini bar balcony. The room bathrobes slippers safe toiletries. Basically everything could need.House keeping excellent beds made twice day mint night pillow. Daily newspapers provided every day free bottles water.The breakfast delicious offered good variety eggs cooked specifically like them.The pool roof great jacuzzi larger I expected. The pool attendant helpful nothing much trouble. Towels provided sunbathing swimming.All rooms public areas well air-conditioned bright.The staff friendly always smiling taxis provide clean safe reliable.I definately going back soon I would recommend anyone.Thanks everyone Taj Palace.",0.32223809523809527,0.5604761904761905,Jan 27 2007
46,46,"Great city base We stayed taj palace April 2006. Located Deira. Brilliant concierge pre-booked restaurants presented us itinerary arrival. Nice foyer. Very spacious well equipped room huge bed, felt almost like mini suite. Losts overstuffed cushions soft furnishings. Clean friendly domestic staff - young looking!Nice breakfast buffet small breakfast room, queue occasion never wait long. The pretty good location within walking distance couple major shopping malls (but take walking shoes!) also could walk souqs feeling particularly energetic. However roads pretty busy saw number RTAs near misses use overpasses even convenient.The pool located rooftop limited sun loungers - struggle find one. The pool staff exactly rush help us move parasols occasion either! The pool massive adequate cooling dip. Great views incoming aircraft close range see airport! (Sorry I'm bit aircraft anorak). The pool bar serves food (the pizza pretty tasty) quite expensive.The also couple shops including handy pharmacy. Buy water, snacks etc local stores expensive (I recall free water room).The spa nice segragated boys &amp; girls. Went Arudeyvic massage v relaxing. Apparently based type person (you fill questionnaire beforehand) means I must pretty evil previous life! Also facial (sorry) blackhead removal almost made cry - little heavy handed. Didn't go back.Fabulous indian restaurant (Handi)- best indian food i've tasted. There also middle eastern one - pretty deserted though food okay.All good location clean luxurious rooms. Great base explore Deira.",0.1744797867063492,0.6158928571428572,Jan 7 2007
47,47,"Great Hotel A nice hotel. It Deira, little offputting traffic part Dubai shocking means cross creek get many attractions malls, nice. The staff friendly, helpful professional food restaurants great. I would go back recommend anyone (assuming want Deira).",0.2679545454545455,0.5545454545454546,Dec 27 2006
48,48,"Excellent Property This 5-star, top-notch hotel, particularly business traveller. We stayed club room included breakfast airport transfers. The high standard room large, well furnished included good sized balcony table chairs. Huge bathroom excellent shower, separate toilet area lovely bathtub, amenities, good towels. The staff friendly helpful.We ate 2 hotel's restaurants - award-winning Indian restaurant, Handi, Japanese, Sakura. Sadly enough time eat Turkish restaurant looked really inviting well. The well located 15 minutes airport recommend highly. Just word caution Dubai traffic. If need get airport, leave plenty time. A 15 minute drive off-peak take almost hour peak hour.",0.3357010582010582,0.5495502645502645,Dec 8 2006
49,49,Be aware - alcohol served here! Noisy location inadequate noise-proofingHuge well furnished rooms luxurious bathroomGood housekeeping/room service friendliest reception staffHotel serve alcohol - heads either travel agenct website - frustrating!,0.10416666666666667,0.5499999999999999,Dec 6 2006
50,50,"Simply wonderful hotel! We came back Dubai yesterday, 19th November 2006. Apart fact Dubai wonderful city, stay Taj Palace made even special! The definetely biggest rooms Dubai offer, impeccable service, extremely clean cautious smallest detail make stay higher quality. The people reception concierge polite, always willing help every way make stay even nore special!If go Dubai hesitate book hotel!John&amp;Kali Greece",0.5063095238095239,0.6271428571428571,Nov 20 2006
51,51,"Absolutely Beautiful Hotel We stayed way back UK Perth. I truely delighted clean, spacious room, location &amp; staff friendly. Breakfast served reasonable time, us use Brunch variety satisfy anyone's tastes.Will hesitation recommending anyone.",0.443452380952381,0.5928571428571427,Oct 15 2006
52,52,"Fantastic Hotel. I use I stayed Taj Palace twice September en route coming back China. It truly fabulous hotel. The rooms large comfortable, staff friendly, restaurants lovely within easy transfer airport.Absolutely everything 5 star be.",0.3403273809523809,0.6514880952380951,Oct 3 2006
53,53,Great Excellent service. 5 star be.,0.9,0.875,Sep 15 2006
54,54,"Excellent Hotel We wonderful stay hotel. We booked two standard rooms superb quality, clean, loads space well furnished.Staff attentive professional respects.Nice pool roof (cooled summer)Loaction good old centre Deira, looking beaches 15 minute taxi ride away (taxis cheap)Hotel excellent Indian restaurant dishes spicey similar dishes UK careful.Highly recommended.",0.4769047619047619,0.5864285714285715,Aug 18 2006
55,55,"Great Hotel Very Good Rooms Midtown location Rooms: Spacious, comfortable beds, spacious bathroom.Good families (I've stayed twice family 2-bedroom suite included maid's room. Balconies spacious tables &amp; chairs connected bedrooms. Location:Small supermarkets close-by well Shopping Malls Old Souk.View: You'd see buildings around balconies. Yet, sunshine blocked lot sunlight enlight suite/room.Restaurants:I love Turkish restaurant. The Indian seems great also I've never there. There's also Japanese restaurant.Check In:Check In slow they've got lot Arabian Gulf guests hotel. Rates:Very good medium budgets. I find low relative 5 star hotels Dubai.",0.3154166666666667,0.4629166666666667,Mar 23 2006
56,56,"Not great business travellers We chose relatively less expensive option hotels Dubai. The staff accommodating nice, rooms large pleasant. The relatively central, meaning quick journey nearby services, shopping malls, etc.However, chosen basis advertised internet access. One huge drawback internet access rooms. There also wireless connection hotel. There two computers business center offer high speed internet access.Also, &quot;dry&quot; (no alcohol sold premises, including excellent Indian restaurant).",0.16532967032967033,0.5828388278388278,Mar 10 2006
57,57,"A nice We stayed 5 days last year's new year's eve. The luxurious. We also upgraded (we two couples) superior family suite like apartment. With spacious living room two large leather sofas, big wide screen tv), beautiful kitchen facilities,two absolutely magnificent huge bedrooms, maid's room, three bathrooms, utilities rooms laundry etc!!!!!!. The staff kind helpful stay .The things like hotel's Italian restaurant (the food disgusting).Also keep mind alcoholic drinks served",0.35404329004329005,0.6033189033189034,Jan 5 2006
58,58,"Wow! Great Staff Stunning Hotel We returned last night stayed 5 nights Taj 5 nights Hilton Jumeirah Beach.The Taj beat Hilton long shot terms customer service. They treated us like royalty. Really enjoyed much thank great bunch guys Taj Palce.Nice Big rooms courteous upgrade apartment little bit extra - everything including washing machine dryer!!! Swimming pool, jacuzzi spa fit king...trust me!We back soon!",0.2676785714285714,0.5019047619047619,Jul 13 2005
59,59,"Excellent service Date: 14th May 2005We went Dubai, Taj Palace 8 nights. It beautiful hotel, large bedrooms stayed out. An average double room looks like suite. The service expectation, staff really polite excellent customer service. Taj Palace Indian restaurant serves best Indian food compared place. Even better UK restuarants. I would recommend anyone",0.41577380952380955,0.48363095238095233,Jun 15 2005
60,60,"Terrible Service 5 star like 2 star I stayed family. I booked Taj Club Room, supposed extra facilities. We complimentary airport transfer took guy airport, least half hour locate. finally arrived 7:30 AM morning overnight flight UK. There people arrived time, got rooms 10:00 AM. But I wait untill 12:00 Noon get room several complaints talking manager. I 2 children tired wanted sleep staff sympathy me. Anyway service poor compared 5 star I stayed. I stayed 4 days, I changed Shangrila far superior service compared Taj. The Club room waste time also, little nothing offer, stale sandwiches 5:00 PM one drink. service far superior even 4 star traders compare this. Also indian staff rude unprofessional. I think time Taj trained staff manners always pushing tips, bad, people get good service tipping problem. But whith bad service expect tip wrong opinion. Overall I dissappointed Taj Service, I think management blame kind service. If want stay Taj, risk, I would look elsewhere.",-0.061680555555555516,0.6098333333333332,May 31 2005
61,61,BEST HOTEL EVER PALACE I FELT LIKE A QUEEN,1.0,0.3,May 29 2005
62,62,Terrible - complete waste time money!!!,-0.4302083333333333,0.4666666666666666,May 10 2005
63,63,poor service!,-0.5,0.6,Apr 30 2005
64,64,Ideal honeymoon!!!,1.0,1.0,Apr 25 2005
65,65,could better,0.5,0.5,Apr 17 2005
66,66,Heaven DubaÃ¯,0.0,0.0,Mar 16 2005
67,67,excellent!!,1.0,1.0,Jan 24 2005
68,68,Like real palace,0.2,0.30000000000000004,Jan 3 2005
69,69,wonderful,1.0,1.0,Sep 5 2004
70,70,I stay again!,0.0,0.0,Jul 12 2004
71,71,????????,0.0,0.0,Oct 26 2009
72,72,Un trÃ¨s bon 5 Ã©toiles,0.0,0.0,Sep 8 2009
73,73,Un excellent compromis et une valeur sÃ»re,1.0,1.0,Aug 22 2009
74,74,Ces 5 etoiles correspondent parfaitement,0.0,0.0,Jul 2 2009
75,75,DifÃ­cil de superar !!,0.0,0.0,May 29 2009
76,76,carino pessimo servizio alla reception,0.0,0.0,Nov 11 2008
77,77,?????,0.0,0.0,Oct 29 2008
78,78,fantastico dubai!,0.0,0.0,Oct 27 2008
79,79,Erschwinglicher Luxus zentraler Lage,0.0,0.0,May 17 2008
80,80,Lebhafte Umgebung riesige Luxuszimmer...,0.0,0.0,Jan 11 2008
81,81,Luxus fÃ¼r die Seele,0.0,0.0,Jul 14 2006
82,82,superbe de ville,0.0,0.0,Feb 23 2006
