,Unnamed: 0,Reviews,polarity,subject,Dates_extracted
0,0,"I would recommend offers good value money friendly helpful staff. It first time Dubai uncertain stay spread out. After hours research internet, decided Jumeira Rotana. The good location, city taxis cheap enough get places interest quite easily. The Boston Bar good fun, plenty sport like that, also quiz DJ play tunes ask for. The price food drinks par hotels quality good. The Boston Bar brunch Friday always good value money. The service good, staff friendly helpful. The rooms spacious (we standard room good size weeks stay) clean. The supply complimentary tea coffee room small bottle water every day. Mini bar expensive, small supermarket around back buy soft drinks nibbles reasonable prices. Our stay room wanted 75 dirhams per person breakfast found couple cafe's behind could get something cheaper. The Pilipino cafe american breakfast (you ask it) reasonable price. There many cafe's bit choice. The pool area brilliant, although bring round fresh fruit kebabs (free charge) lovely. The pool clean sun bed cusions little grubby, get clean towels supplied cover cusions up. Overall happy choice hotel, would recommend would stay again. Dubai expensive holiday destination offers great value money.",0.2597407407407408,0.5332592592592592,0.5332592592592592
1,1,"Great value good base getting around I stayed 5 days early nov 2009. It last minute booking I much time research area. I decided go felt reasonably central. Dubai attractions spread across approximately 30km however roads superb area Dubai 25 mins away. The government metro taxis cheap. This makes easier stay good value hotels short taxi ride away beach area. Avoid non-metro cabs charge 3 times per journey. This large simple adequately furnished rooms although views room excite. The pool rooftop adequate big enough swim laps gym although small everything need. The food really tasty good value. The bar called the&quot; Boston bar&quot; would taste. It however show English football matches interests you. The money I saved staying enabled spend money activities like skiing mall emirates fun, afternoon tea burj 7 star hotel, dining fine restaurants desert experience must. I definately would stay again. The staff friendly helpful rooms clean. In I one enjoyable holidays life I well travelled.",0.2819308035714286,0.48372023809523806,Nov 16 2009
2,2,"Great renewed see review tips! I stayed 11 days Jumeira Rotana Hotel. The almost completely renewed: rooms spacious (I stayed premium room) modern, bathroom great lobby nice. If interested making use pool, best choice part old nice all. The sunbeds old mats stains quite disgusting. The gym small everything needed. Breakfasts excellent!!! Staff helful cheerful. The well-known Boston Bar inside Hotel, awsome atmosphere beers!Location ok. For nicest area stay Burj Dubai, near new Dubai Mall. Nevertheless good location. We pay 20/25 dirhams go de Dubai Mall beach.Talking beach: going offer go private beach shared various hotels. The tariff quite high. Instead go Jumeirah Beach Park, lovely calm beach, pay fee entrance 5 dirhams. Around corner little market bay staff consume expensive mini bar.Don't take cabs twice much regular cabs wait 5 minutes.Others: go drinks Burj Al Arab Hotel Skyview Bar (booking needed), enjoy desert safari shop shop shop amazing Dubai Mall.Overall, I would definetely recommend Jumeira Rotana going use pool!!!",0.24802785923753667,0.5756925332731784,Sep 16 2009
3,3,"Lovely All staff great guys pool warrant special mention; cold towels three times day, nothing much trouble even fresh fruit kebabs Ramadan started. This real service - great location fantastic value. Step outside walk around bit rewarded real life. Close Billy Blues, beach handy almost everywhere.Just make sure get officially sanctioned one cowboys hanging around outside hotel. Special mention housekeeping team too.",0.28095238095238095,0.5654497354497355,Aug 31 2009
4,4,"More Bang Your Buck! The Jumeira Rotana thoroughly surprised me. Upon arrival hotel, check desk prepared arrival, check extremely easy. The staff top notch!! I can't thank enough hospitality great attittude.Once I made room, I extremely surprised roomy room was. For solo traveler huge! The bed comfortable view room 316 nice. The location main reason Duba (dive certification) perfect. There two bar / restaurants lobby, fantastic. The Brauhaus- serves German cuising nice dining family couple. Boston pub style great place entertainment, especially UK sports thing. I come appreciate cricket futbol :-) On 3rd floor find lovely area breakfast, done outside patio area.On 5th floor find gym center pool / cafe area. The whole area well kept staff friendly. Plenty lounge chairs grab sun! The pool clear refreshing. There smaller pool children well.Overall, stay Jumeira Rotana best stay I Dubai, UAE.I highly recommend anyone traveling Dubai wanting stay wonderful 5 Star service 3 star prices.!!*be advised going renovations , hear working going day time, bother I get room stay day!!!!!Thanks reading.Scuba J",0.3938333333333333,0.6363333333333333,Aug 29 2009
5,5,"Great Hotel best value money city! This fantastic hotel, Al diyafa street. This mean u're 10 minutes beaches Jumeira taxi taxe 10 dirhams (2 euro) go see.The perfect, especially Boston Bar downstairs like Burgers beer!The staff always friendly (I asked receptionist possible late check out, since plane leaving 11 pm. He told I could stayed room till 8 pm without paying anything!)I really enjoyed it!",0.35875,0.74375,Aug 9 2009
6,6,"Huge Rooms excellent housekeeping guest services. My husband I stayed 2 weeks service superb - helpful doorman front door housekeeping staff. The rooms cleaned daily beds changed daily too, fresh towels, toiletries bottles water magically appear too. The rooms huge double room also couch. Internet connection available room cost 50AED 3 hours 75AED 24hours (1 hour also available I can't remember cost) big plus login period unlike lot hotels visited here. My tip need surf 75AED 24hr card (some hotels charge much more). Oh, also PC room lobby staff kindly faxed 12 pages document UK us cost 90AED - sure could faxed cheaper outwith hotel.There lots wardrobe space safe room well mini-bar, kettle mugs fridge found useful. Nothing much trouble staff delivering yet another internet card room iron ironing board. The bathrooms spacious currently upgraded I get see new ones. TV huge 47 channels (English, German, French, Italian, Russian, Turkish, Arabic Indian) including BBC Prime, Euro News, CNN, Fox/Star/Super Movies, Animal Planet, Nat Geo Discovery etc.etc.etc. The room also DVD/CD player. We ate Boston Bar twice really enjoyed food (and I'[m fussy eater), Friday Brunch too. There also German Brauhaus Restaurant (didn't get chance try bound great) saw pool gymnasium get chance try either busy things. Very happy stayed lovely hotel.",0.27209893048128336,0.4505421865715984,Jun 28 2009
7,7,"Five star service four star price Don't put residential houses opposite! This fantastic, friendly welcoming hotel, staff made holiday us. We 3yrs old daughter treated like 'princess' staff.... although Rotana international chain cares like family business. Location best Taxi prices cheap, cares. A special mention Abdul Salaam local chauffeur two-hour air condition lexus tour dubai (Â£40) compared 'big-bus company - Â£60 3 people well worth spoiling with.",0.2932142857142857,0.32714285714285707,Jun 27 2009
8,8,"Awesome Experience I visited Dubai Recently business meeting client. I stayed Jumeirah Rotana Hotel. It great location. It 10 minutes away airport. It near city center shops restaurants. It also close tourist spots like Jumeira Beach, Grand Mosque, Dubai Museum, Wild Wadi Water Park Palm Islands. I early flight allowed check early. My room really large looked nice. The bed comfortable. It also quiet I nice view. The bathroom clean toiletries really nice.Breakfast excellent. The buffet selections delicious. It served top floor nice view.The restaurants great value money. The food delicious, generous portions, reasonably priced.I enjoyed swimming rooftop swimming pool. Service exceptional. The staff helpful friendly. They courteous efficient. They always willing assist anything, like making reservations getting taxis.I wonderful stay Jumeirah Rotana Hotel. Itâs great value money. I would highly recommend it.",0.43962481962481964,0.6583910533910533,Jun 14 2009
9,9,"Great good location...! I booked &quot;top secret&quot; Lastminute.com. Reading reviews, I nothing delighted purchase discounted price saved ourself around Â£300 advertised price lastminute.com booked knowing was! Only bad thing lastmintute advertised 5 minutes beach, fact around 15 minute drive.The situated one main roads - Al Washl. Easy find know area. We rented car first days - let us use underground car park. The based side Dubai, getting main attractions (i.e. Palm Island, Atlantis Hotel, Emirates Mall, Wafi Mall, Jumeriah Beach etc) bit mission clock meter cab. Ohh another thing BE CAREFUL WITH CABBIES! Use Dubai Cabs regulated whereas private ones jack prices tend flasher cars like Lexus's double prices. Plus I found cabbies know going half time circled areas, stopped asked directions...So warned! The order one cabs unless directly asked. We learnt lesson hard way!The room twin room city view. I can't say much city view, I saw outside residental area blocks city towering distance, city itself. The room however, lovely. Massive fact! We 2 queen sized beds, mini fridge, 6 door waredrobe, chest drawers, long desk, sofa, table. Having read reviews I left, I prepared mini bathroom, fact size bathroom fine! Again, Decor something people mentioned negative, I thought overall look feel room quite nice really! Some people expect Ritz pay less!!! It quite nice!The swimming pool ok - I'm 5ft2&quot; pool's deepest point 5ft fine. I think taller people may bit miffed! There also gym, sauna steam room hotel. On floor, five dine restaurant. Didnt eat there, food looked nice reasonably priced.Dubai great stay great experience. Having far city, I think next time I would stay Internet City part Dubai - closer main attractions. This good like husle bustle city life.",0.185453003875969,0.46996124031007747,Jun 11 2009
10,10,"Value Money one spacious rooms city! Jumeira rotana offers one spacious rooms Dubai. The rooms clean housekeeping service efficient. The rooms simple basic amenities available find hitech equipments jazzy interiors.The choice F&amp;B decent German restaurant Boston Bar coffee shop serves themed buffets everyday week. The Boston bar frequented lot Expats enjoy watching games mug beer. The room service menu exhaustive become repetitive staying long, careful placing orders forget repeated tend make lot mistakes. Room service ample scope improvement. The pool side decent also enjoy game table tennis. A small gym sauna available.If bored food venture find loads restaurant budgets good food.Taxis hard get places Dubai sure book taxi advance going important events, charge bit worth money.Staff pleasant friendly.",0.1700617283950617,0.5208406819517931,May 27 2009
11,11,"Second Time Rotana one best 4 star Dubai Simply: one best go Dubai.Good service: housekeeping, room dining, pubs downstairs, rooftop poo, everything perfect. You find good people meet good staff. They always help quickly.Great location: fashionable al Diyafa, u take taxi 10 minutes every destination want (like Mercato Mall, Jumeira beach park, sea malls Sheik Zhayed Road)Good rooms: they're spacious, clean date. Every morning u ask room breakfast bring newspapers free.",0.5251666666666667,0.5212142857142857,May 22 2009
12,12,"Recommended Hotel Loved overall ambiance staffs wears smile everytime. They work hard make feel home, pleasure stay there.",0.15520833333333334,0.40104166666666663,May 21 2009
13,13,"Superb hotel- would highly recommend We stayed 3 nighrs return Australia. It booked discount via Last Minute.com. The pleasant, modern spacious. Our room large comfortable although bathroom decor slightly dated plenty large enough clean bright. The complimentary mineral water, robes etc toher services little touches room made special. The service excellent breakfast well worth extra Â£15 paid. It probably bext breakfast buffet quality wise. Location issue. You could walk beach 15/20 mins I would recommend along busy roads taxi fair would minimal. Other attractions reached easily cab Dubai large need use taxis anyway reasonably priced. Use usual local taxis reather plain ones sometimes outside ushered these. These little nicer cars cost bit ! The rooftop pool pleasant enough 1/2 hours sun swim end busy day. Would definitely stay again- would highly recommend- great price still Top Secret hotels!!",0.2355,0.5236964285714285,May 15 2009
14,14,"Clean bit tired rooms. Bar smoky reasonable value Dubai Iâve stayed Rotana hotels, I would say five star. This definitely 4 star. The rooms clean world design (the lighting terrible want read book!), bathrooms fine, top quality. Maybe I bit harsh, I used Rotana hotels either brand new really 5 star â I sure good 4 star hotel.Location bad, pretty much centre want get either Bur Dubai Diera, 15 minutes taxi airport â travel Friday middle night; time probably 45 minutes Dubai traffic terrible.I paid via travel agent UK, got reasonable deal 550 AED including taxes â better calling direct quoted 575 plus taxes.For business travel, donât want spend fortune (compared many Dubai hotels), good value. Having said that, April 2009 many hotels cutting prices Dubai credit crunch, shop around.",0.1341245791245791,0.5764852225963336,Apr 3 2009
15,15,"Excellent hotel.. excellent friendly staff... conveniently located... like 7 star...SUPERP HOTEL AND STAFFReally fantastic hotel... Hotel centrally located, close restaurants beach (approx 10 minutes drive)....the staff couldnt helpful friendly even tried. I felt like 7 star ... I would definately go back again. Why would anyone want stay higher rated get exact service far friendlier people Jumeira Rotana.The Boston Bar great biz networking - great place meet locals expatriates.Prior trip, I spent 7 hours (yep 7 hours) searching hotels reading comments trip advisor... There one thing wrong place... I would 100% recommend others.TIPS - If beach, use shuttle jumeirah Beach Park - entrance 5 AED, get sunlounger umbrella, cost 25 AED. DO NOT pay 150 go private recommended - told beach small great. The Jumeirah Beach park safe enough solo female travellers...I think success due courteous, helpful friendly staff.... cant wait go back.",0.2839285714285714,0.5032738095238095,Mar 9 2009
16,16,"could fault highly recommended boyfriend stayed week great time. staff friendly provide excellent service. boston bar lively spot nice drinks end day. food bar also good, ate many times.the rooms substantial nice size comfortable, bathroom decor little dated big issue.the restaurant nice food gorgeous also offer buffet deal good value.the door staff offer private taxi, twice expensive normal taxi, walked around corner onto main street hailed taxi. never took long all.the also offer free shuttle beach handy, also rooftop pool nice spot relax.overall could fault anything stay here. city amazing!!!!",0.4122319347319347,0.6807051282051281,Mar 4 2009
17,17,"Good rounder On secondment work, I 'moved in' July left September. Good solid business 'holiday inn' style hotel. To honest, room - didnt got room front told get wee bit noisy - could anywhere world. I standard room fine. The lack TV channels annoying times - many times watch Dalziel Pascoe loop. The room kept immaculately clean nothing much trouble guys looked room me.Internet access good chargeable hour. Whilst ranged 25dhs hour 300dhs week. Being Ramadan problem, staff considerate discreet - serving fresh coffee restaurant us couldnt wait!The Pool wonderful much needed height summer, pool staff attentive always made sure plenty cold water......If couple weeks, stock goodies supermarket around corner, soft drinks, choc etc mini-bar soon mount up. Again, anyone staying Boots too, bought load toiletries 'just case'.So, want great service, consistently good varied food reasonable price dont mind grabbing taxi go anywhere (i caveat saying colleagues insist 15 mins walk beach couple nice cafes along way - heat August decided trying it!) great value money, friendly hotel. You spend money save Gold Souk! :)",0.32507440476190474,0.6299603174603173,Oct 7 2008
18,18,"great experience Rotana Room large, clean comfortable. Staff friendly attentive. A bit beaten path flagging taxi difficult. However, 10-15 minutes notice, staff able call arrange taxi promptly appeared time I reached lobby. Much road contruction immediate area made travel foot taxi difficult. Breakfast continental buffet omelets made order- good food service. There safe room clock; trouble international plug set housekeeping quickly brought adaptor. Restaurant open breakfast, lunch dinner- even Ramadan. German restaurant Boston's restaurant open evenings Ramadan. Boston's best burgers fries. Some reviewers commented bathroom dated I attached photo. It large clean met needs. It appear remodeled time rest room modern. Nice pool workout facility. check hotel's website- I found helpful accurate. Wired internet access (not included) room. 5 floors crowded large like Hyatt, Sheraton, large hotels. Two free bottles water room daily- mini bar drinks snacks.",0.21934102934102936,0.5424699374699374,Sep 28 2008
19,19,"Good good location I spent long time online trying find 6 night stay Dubai May. I really needed close Jumeira Sheykh Zayed area Dubai could afford huge price tag hotels areas. I also wanted avoid traffic Sheykh Zayed when. So location really good respect. There routes available taxi drivers could avoid traffic. The also close Deira area although I really venture there. This 4 star reasonable 4 star standards. The rooms spacious clean dark. There cieling lights room faced another buidling back hotel, I really keep curtains open natural light, little challenging I like good lighting.The bathroom fine although agree reviewers looks bit dated could brought better standards. I never dined except room service breakfast fine reasonably priced. The room service menu almost 24 hours day seemed like good menu good prices.I look hotel's top floor restaurant pool area seemed match overall standard hotel.There small business center next reception 2 PCs, internet access printer available free charge guests handy nice gesture.Another point location, Al Diyafa street, find KFC, couple restaurants, baskin robbins, Al Ansari money exchange.I found 6 night stay special price expedia costing Â£110 night, breakfast included. Although still cheap one best hotels I could find kind money, I pleased deal. It possible get room around Â£90-100 certain times year.If beach access, will, fee, arrange visit Dubai Marine beach resort. This resort 5 mins drive away although houses many bars clubs nightlife, beach area tiny really best Dubai offer. So dig bit deeper pocket, go Oasis beach Dubai Marina get best beach buffet lunch, 2 towels each, changing room facilities, sun loungers, 240 DHS 3:30 3:30-5:30 pm, 140 DHS (per adult). The area next free beach, obviously get above, lovely sand, water views. I also recommend going desert safari Funtours. This safari uses whole trip lengthy, tiring boring. The food great though. Use another tour provider want go desert safari. Final note hotel, staff friendly polite overall pleasant hassle free stay ease access areas I wanted visit Dubai.",0.2756950280112045,0.5060224089635854,Jun 8 2008
20,20,"High Quality Hotel Lovely hotel, friendly staff excellent service. Our room nice, housekeeping came morn clean room back evening check needed anything more. Boston Bar excellant service, food really good. problem good 20mins drive main tourist attraction area.",0.4223611111111112,0.6269444444444444,Jun 4 2008
21,21,Decent - nothing get excited We stayed Jumeriah Rotana part two destination honeymoon - coming Jumeriah Rotana bit disappointment first given name expect somewhere near jumeriah beach actually good 15 minute taxi drive. The area modest high street credit nice places eat - expect luxury dubai experience - shopping mall near tired hardly decent shops. The room spacious looked like early 2000 &quot;contemporary&quot; facelift bathroom decor quite dated - although everything worked fine didnt problems facilities. We didnt use services (pool etc0 apart internet access always available needed it. Overall - average lacked dubai wow factor certainly resounding dissapointment - travellers budget I would reccomend it.,0.09732683982683983,0.5433982683982685,Jun 1 2008
22,22,"business nothing This good business standard moderate shopping area small shops restaurants (mainly Indian Lebanese). It tiny swimming pool roof quiet restful location owing air conditioner vents! The rooms back face directly onto back office building get sunlight natural light all. The rooms, however, impeccable, service excellent buffets splendidly varied. It hard get taxi entrance back street. No windows open balconies. There garden.",0.21096491228070172,0.4557017543859649,Apr 29 2008
23,23,"fantastic experience This must one positive experiences ever! I travelled lot years wonderful service, spacy rooms, delicate bathrooms wonderful breakfast bouffet, good fitness room, good meeting rooms nice little pool roof charming service - I even back rubbed sunscreen friendly staff! The thing nice air conditioning halls reception extremely effective - I froze lot. You dress warm go inside rule though. Outside 40 degrees c, inside, 18 degrees....They even Bavarian restaurant real Weisswurst Semmelknoedel!",0.4207670454545454,0.6647727272727273,Apr 20 2008
24,24,"Disgusting Housekeeping First all, let name &quot;Jumeira&quot; fool you, nowhere near Jumeira road Jumeira Beach. Secondly, If contact staff phone, write name whoever spoke with, especially making reservations. My wife called April 1st reserve babysitter evening 5th. When checked asked manager said reservation made. So spent first night Dubai bed watching T.V. That even best part. On second day wife noticed long black hairs bed sheet. I lifted sheet notice entire bed covered hair dirt. Absolutely disgusting. They also tried pass open Evian bottle different color top. It obviously opened missing water, housekeeping left checked in.When I brought pictures manager's attention move us substandard &quot;executive suite&quot; last night. That compensation. It one night hassle move, needed clean room took it.I never stay Rotana Hotel again.",-0.008937198067632848,0.4187198067632851,Apr 9 2008
25,25,"Friendly nice comfortable convenient I stayed Rotana business two weeks happy. The staff exceptionally helpful friendly. The rooms spacious well appointed, internet access reliable fast. The TV kind limited, big surprise there. The view night room fantastic - mosques lit distance beautiful.While I partake room service coffee morning, note excellent, delivered quickly, made I wanted time, reasonably priced room service (not mention lad delivered nice), I eat number restaurants area - excellent. One nice thing location number really good restaurants within walking distance range cheap good food, moderately priced good food. There also several pharamacies, small convenience store, mall number shops within short walk.Parking fine, I generally parked street outside hotel.The downsides Its hard catch cab &quot;rush hour.&quot; It took 15-20 minutes one day I got lucky I grabbed cab headed public restrooms block. Traffic really bad (not noisy, rooms quiet), congested trying / highway. However, better downtown area Dubai, traffic worse. The roads Dubai get jammed real quick, plan time road trips. There lot sightseeing within walking distance. You need take cab.Overall, I would recommend strongly anyone wanted nice decent location. Especially business travel.",0.27636331569664907,0.6210758377425044,Mar 13 2008
26,26,"Fantastic Location Poor Transfer Arrangements The room massive allow early check-in depending occupancy. We arrived early early check-in 10 a.m. Excellent!!Hotel staff friendly, poor arrangement airport transfer company contract with. When asked arrange airport pick-up 4 adults 2 children, charged us per head. They told us contact &quot;United Car Rental&quot; counter airport upon arrival, staff provided us car (4 seats) expected 2 young children (ages 6&amp;7) stand kneeled luggage seat belt. We asked provide sufficient car expected minibus van instead. We wait half hour outdoor multi-storey parking front airport. The driver rude ask arrange proper vehicle enough seat belts everybody. They said fussy problem kids stand sit knees. We ended 2 cars. When checked still charged us 2 cars expensive charging per head choice. We denied pay second car. We also asked arrange transit visa (supposed free pay handling service) also put double charges end. Be careful....trying check bills pay.Food nice got variety breakfast. Good location lots restaurants local supermarket nearby....better staying hotels Jumeira Beach takes miles miles go anywhere eat inside hotel. Heavy traffic rush hour every where. We went restaurant The Burj Al Arab Hotel (you need booking prior arrival). It fantastic. Tourists cannot get without bookings. Overall Dubai ok... It's like tick box there...done that. And that's it...finished!! Not many things much family young children, good experience regret there.",0.09427854938271604,0.4787654320987654,Mar 8 2008
27,27,"Very Good functional good location Having used trip advisor many times get 'feel' accomodation I feel somewhat compelled contribute write review may helpful others.Stayed Rotana february 08, overall experience excellent helped extremely helpful friendly staff. I would describe business like, efficent, functional exactly says tin.There two reasonable priced bars many great eateries may found round corner main street. The restaurant fith floor offered good choice well presented food resonable price. The room quiet, spacious clean though bathroom grouting etc would benefit abit upgrading. The roof top pool warm water clarity good, however grouting scum tide around pool personally little putting. The area quiet relaxing helpful friendly pool attendants.Notwithstanding almost irrelevant negative comments without cuncation I would slightest reservation recommending would certainly stay again.",0.2757451499118166,0.538941798941799,Feb 26 2008
28,28,"Good Hotel Relaxing Break Stayed 6 nights, rooms spacious comfortable beds. Bathroom fine could little upgrade bring standard rest hotel. The Boston Bar great food excellent lively atmosphere evening. The staff could enough make stay enjoyable. The restaurant top floor offered great choice dishes meals. Each night different theme. The situated area excellent choice places eat. Would advise travelling around taxi, cheap. It hot walk day. I would stay again. Dubai excellent stopover location want guaranteed sunshine top tan.",0.4321331738437002,0.6439473684210526,Feb 3 2008
29,29,"Good Location Nice Rooms We stayed 3 nights transit Sri Lanka. The staff extremely nice helpful, rooms lovely (although bathrooms bit dated), decent buffet breakfast - everything would expect 4* hotel. TIt far main attractions via taxis dirt cheap (the probably pay Â£5 45 min taxi journey. There also lovely restaurants within walking distance. The slight negatives loud bar full middle-aged, loud ex-pats downstairs food great pool quite small warm!! Not great cooling heat!We booked asiarooms got good deal.",0.2633333333333332,0.6948333333333334,Dec 14 2007
30,30,"OK The OK. The room nice big, bathroom live 4-star rating. The vanities poor shape; missing tile grout replaced caulking. The service good. The Boston Bar excellent cheese burgers reasonable price. The access private beach fee 50 Dirhams. Wish WiFi coverage room, lobby. The swimming pool use.",0.2359848484848485,0.56875,Dec 2 2007
31,31,"good near good restaurants This lovely. The receptionists helpful staff smile greet guests see them. The rooms really spacious although bathrooms little disappointing design main thing everything clean! sis I shared room tiny problem AC seemed set 15 degrees whenever left room would cold least half hour waited room heat bizaare considering 45 degrees outside. mum's room problem must dodgy ac. The rooftop pool although bit small perfect temp also never got crowded. perfect way relax long days sightseeing dinner pool would stay open til 10pm.its good place stay budget street full restaurants 2 min walk away could feast Â£10 per person. We main sights dubai travelled everywhere taxis air conditioned werent affected severe heat outside things dubai indoors. malls great - must dubai afternoon tea burj, wild wadi park mall emirates including ski dubai. bit culture go old dubai includes gold souk ride water taxis great!Overall prepared spend money totally worth it!ooh dont forget save money spend dubai duty free loads stuff good prices!",0.22007575757575756,0.4631313131313132,Sep 28 2007
32,32,"Highly Recommend I agree reviews. Probably best deal Dubai want close city airport. Taxi fare reasonable here.It's attractive, staff attentive (they sent cake daughter's birthday) rooms nice comfortable. The FIVE restaurant great assortment breakfast omelets cooked order variety specialty dinners evening. The Boston bar also good food healthy portions.The bellmen make sure wait luggage taxi minutes most.The area surrounding offer anything need far dining everyday conveniences. All within walking distance.If drawback would small pool staying probably interested that.I highly recommend hotel. I staying frequently.",0.3597222222222222,0.6596604938271605,Aug 20 2007
33,33,"great We returned form Dubai spent five days Jumeirah Rotana Hotel. The Staff friendly helpful- wrote name Arabic I used get inscripted silver chain. The porters always hand call taxi -we waited two minutes one. The rooms lovely spacious always clean. Even though bar premises never heard noise room, found area quiet time. The pool rooftop, went twice never many people there. We went Jumeirah Beach Park sunbathing 15 dirham taxi 5 dirham per person entrance fee. If wanted sun lounger, would sand hot cost 15 dirham each. You go private beach Dubai Marina beach spa lovely however, cost 100 dirham well fifteen taxi. Don't use phone cost us 110 dirham make four minute phone call parents Bulgaria. We really enjoyed Dubai, architecture amazing. The hotels world especially &quot;The One And Only Royal Mirage&quot; &quot;Mina A Salam&quot;. These Arabian design nicer Burj Al Arab opinion. There lot shopping malls. The better ones mall emirates Madinat Jumeirah lots restaurants. It's great way air conditioning everywhere Dubai time year.",0.25445833333333334,0.6934166666666667,Aug 2 2007
34,34,"Great Find! Stayed April 2007. This place real find. Great location, clean spacious room &amp; reasonably priced Dubai standards. Accommodation included breakfast buffet feast loads choose &amp; enough keep one going well lunchtime. Staff helpful &amp; friendly. Would highly recommend.",0.3877083333333334,0.58,May 29 2007
35,35,"Excellent Hotel Have returned Dubai. This good, staff excellent &amp; friendly, rooms spotless, large.The food Boston Bar fantastic. I say I cannot fault anything excellent, would stay again.",0.7995833333333332,0.8883333333333333,May 22 2007
36,36,"Very Pleasant Stay I booked stay Rotana using Asiarooms.com. I stayed 9 nights wife. Most reviews confirm experience Hotel. Although 5 star lives 4 star rating large spacious rooms, kept clean facilities expect. The location good less within stone's throw main attractions Dubai (taxis relatively inexpensive). The staff particular pleasant courteous. Breakfast great. The gym fully equipped modern equipment though surprisingly empty time. The pool top floor great plus, albeit small side, sufficient burn calories consumed previous night chill deck chairs. The negative AC room slightly noisey, stop sleeping.All great stay I would come again.",0.34163809523809524,0.5414095238095238,May 18 2007
37,37,NIce Hotel,0.6,1.0,Feb 17 2007
38,38,Good renovation work,0.7,0.6000000000000001,Oct 16 2006
39,39,Fantastic!!!!,0.9765625,0.9,May 31 2006
40,40,Nice quiet,0.3,0.6666666666666666,May 22 2006
41,41,Excellent Hotel,1.0,1.0,Mar 22 2006
42,42,Wow! What hotel!!,0.1953125,1.0,Mar 5 2006
43,43,Bella Vista,0.0,0.0,Jul 21 2005
44,44,Dodgy Restaurant!,0.0,0.0,May 2 2005
45,45,??????????,0.0,0.0,Oct 14 2008
46,46,Juni 2008 Dubai Trip,0.0,0.0,Sep 6 2008
47,47,Klasse Hotel ruhiger als Sheik Zayed Road,0.0,0.0,Jun 25 2008
48,48,Buon 4 stelle,0.0,0.0,Oct 10 2007
