,Unnamed: 0,Reviews,polarity,subject,Dates_extracted
0,0,"Cheaper better options close -would recommend. Good points - free internet location handy business Media CityNegatives - Room small feels pokey, decor 70s faux leather, scratched MDF furtniture looking past sell date. Expect Uk motorway IBIS near Watford gap. Nearby hotels offering rooms 40% cheaper www.dubai-bookings.com",0.2138888888888889,0.4883333333333334,0.4883333333333334
1,1,"My Favorite Hotel Dubai I often travel Dubai business trips. I chance stay many hotels Marina Jumeira side I must say Radisson Blu Media City one favorites business traveler. The service prompt friendly, need business trip, things need happen fast do. I also one best Iftars (breaking fast) last Ramadan. Definitely recommended! However, certain occasions I found bathrooms Standard room drainage problem, I hope would correct ASAP quite troublesome last stay! I would take exception forgive time!",0.2717532467532468,0.42770562770562764,Nov 14 2009
2,2,Suitable business traveleres good business traveleres. location realtively close mall emirates yet far rest dubai mall...its meant business trips rather leisure,0.39,0.7575000000000001,Nov 6 2009
3,3,"Very good business travelers Very good Dubai business. Extremely helpful staff excellent business center I used series on-site &quot;informal&quot; meetings. Free charge broadband Internet, non-smoking pleasant room comfy bed. In-room dining due late arrival prompt dishes good. I definetely stay next business trip due proximity client, facilities business travellers smiley helpful staff service. Nevertheless, room improvement I listing minor findings. Breakfast good could definetely get better (e.g. increase cheese variety, frequent fill-up, extend serving 10:00 buffet abruptley closed etc). Hot dishes over-cooked. Air-conditioning output facade room dirty black mud stains spoiling overall good atmosphere, making feeling worried filtering conditions. Low pressure fixed shower head, similar rated hotels half-size bath-tub hydro-jet column considered standard.",0.22746913580246914,0.5074074074074075,Oct 28 2009
4,4,"Good Customer Service I stayed business trip 4 days. It comfortable &amp; convenient. We enjoyed good customer service &amp; facilities like Wifi, Telephone, parking service, etc",0.43499999999999994,0.615,Jun 7 2009
5,5,"Friendliest Staff I've Ever Met! I stayed week. I chose closest company's location Internet City. I liked enormous hotel. The staff friendly polite. The breakfast delicious. I executive class room, excellent deal breakfast included, well afternoon appetizers happy hour good food every evening (and different every day, great since I week). I try Italian Restaurant (Certo) one evening I find great. The fitness center adequate. I usually person there. The rooms nice--the complaint lighting strong enough. I never heard noise rooms. The rooms spotless. The rooftop bar nice, great views, popular place non-hotel guests gather work. I would definitely stay I business Internet Media City.",0.3190666666666667,0.6376666666666666,May 6 2009
6,6,"Perfect recommend things fine service, staff, resturent all.",0.7083333333333334,0.75,Apr 16 2009
7,7,"Quite good clean friendly! I found Radisson enjoyable stay! The opened stayed, whole clean modern, staff helpful friendly found restaurants quite good! A taxi ride marina shopping, good location company's office. Felt area safe clean too, walking distance restaurants overall nice stay.",0.40726562499999996,0.5915625,Mar 28 2009
8,8,"What expect Radisson. Not good location beach holiday, fine business Media Internet City.Room fairly standard sized clean, nice shower bathroom.I sample restaurants, seemed fairly popular non residents arriving eat.Spa looked good I use it. Hotel 2 small pools, great business trip, recommend holiday hotel.Taxis plentiful cheap I used get around. Taxi Burj Dubai Tower around Â£10, Dubai Marina around Â£3. Mall Emirates close too.Free wireless internet bonus looked fairly expensive Dubai hotels.",0.22152777777777774,0.6020833333333334,Mar 23 2009
9,9,"Nice business Our Dubai office moved Downtown Jumeirah Media City. SAS Radisson next convienient business traveller. Professional friendly check-in. Enjoyed business rooms inside outdoor lounge. Due ecomonic slowdown, air becomes better Dubai, less construction, less cars. Internet free, hidden business costs.Live Music events going on, although Jazz old fashioned Rock music bother. The two towers. I stayed one main entrance absolutely problem terrace bar. I never experience noise . The terrace beautiful spot relax music accordingly.Staff friendly equal level. As everywhere, Asian staff outstanding. The staff take behavior best practice.",0.23710317460317457,0.4440476190476191,Mar 3 2009
10,10,"Posh Expensive Like Radissons, swish hotel, lots quirky ultra-modern style (though smart looking vases lift windows seemed pretty fake - niggly point!).Pretty expensive honest pretty smiley helpful staff, I guess get pay for.The free wifi benefit I found worked pretty well. My big grouse cost food area many restaurants. I'd get $5 cab go excellent Disneyesque souk Madinat atmosphere good range restaurants (there 23 I think).Pretty good rainfall shower room size nice. Loud music jazz festival next door, beware Media events stay (it IS Media City!).I'm pretty disappointed pay $6 KitKat mini-bar. Sometimes though, gotta chocolate. At time writing shop...If I going vacation, I'd choose beach nowhere near beach need taxi go anywhere else. It's around $20 airport, watch booked transport, works around $60 - ouch!",0.17568027210884357,0.7377551020408164,Feb 26 2009
11,11,"Loved This perfect. The rooms vere elegant classy, bedsheets sooo comfy, staff helpful, breakfast delicious, really nothing complain about. And even walls thin stated before. Yes, surely rooftop bar, hear music room, play nice music, really loud.The strange thing though asked AED 300 deposit, returned back safely.",0.32500000000000007,0.6777777777777778,Jan 6 2009
12,12,"Great hotel! Great hotel! Very new modern, nicest rooms I've seen long time Radisson hotel. The located nice surroundings nice park small cafÃ©s. The staff helpful professional. This large familes, businessmen couples.One downsides sentral city centre Dubai, still, near Burj Al Arab, Ibm Batutta, Mall Emirates, The Jumeirah Palm nice public beaches. 30 min drive airport.",0.3375974025974027,0.5253841991341991,Nov 12 2008
13,13,"Nice roof top bar Stayed 1 night 4 nights 4 points sheraton.The conveniently located Dubai Media City close major companies DIC KV. We booked executive room lounge access - room good sized lounge complimentary food beverages highly recommended.The pool one towers really nice temperature controlled. On tower roof top terrace - really nice, though &quot;tapas&quot; spanish. :)",0.3664583333333334,0.6262500000000001,Sep 6 2008
14,14,"Decent hote great bar! Stayed 1 week business, walking distance many corporations Media City. The rooms ok. huge, cramped. The restaurant food average. The best part outdoor bar roof. gorgeous view, usually packed 9pm. Room kept clean, staff polite. No major problems report I would stay business, would look beach front Holiday...",0.3274621212121213,0.5787878787878789,May 14 2008
15,15,"Mediocre Thoroughly &quot;okay&quot; bit disappointing Dubai, disappointing Radisson. No accommodation cheap Dubai, least get space, service kind sense occasion places. However, standard rooms small!Radisson's free wi-fi shows chains way home. However, connection speed dreadfully slow, almost un-useable.The layout odd, boasting two towers (East West). It turns I West tower, check-in make clear. The East tower seems bedrooms, West tower (when I finally got there, across footbridge) seemed conference suites NO signage rooms. Eventually blind faith I went 6th floor anyway. There indeed room. Not good start. Put signs up!Standard rooms small whilst decor seems modern enough rooms feel pokey bit sad. There strong vertical theme decorations accentuates narrow room is.Those facilities I try good, including pleasant coffee shop (&quot;Media Lounge&quot;) also good bar food.Well, all, mad stay holidaymaker go elsewhere, working DMC there's alternative. It's OK over-priced.",0.024827586206896523,0.6347701149425287,Jan 21 2008
16,16,Nice This chosen Dubai office nearby. It's great enough luxury make pleasant stay.Only big negative thing I experienced stay is;noise bar upstairs. I room one floor down.I complained times finally lowered volume music. (at 2AM)Good cause I early flight day stayed day.They booked Safari tour really great.,0.25527777777777777,0.5880555555555556,Dec 12 2007
17,17,"Not happy I stayed several days day least one problem. The noisy - ubiquitous Dubai construction, street noise hallway guest noise atrocious. The walls must paper thin. I could hear person bathroom - pleasant - rooms either side terrible TV conversation noise. Plus, several terraces furniture time day - especially 2am 6am, hear furniture dragged around terrace rearranged cleaned. I stayed hotels around world never found one noisy this. The service inconsistent - housekeeping, front desk, concierge even quality food. All plus problems reservation bill...!If work close Radisson, stay convenience... stay somewhere else, I recommend.",-0.2305555555555555,0.5763888888888888,Nov 19 2007
18,18,"Nice noisy! Beautiful complete comfort expected hotels. Very nice rooms surrounding. Had big problem never ending noise coming building site right next hotel..and business trip could problem: room facing site - asked reception change room, sort blaming ! Second room slightly better still noisy. Would go get prior assurance silence room !!",0.2435164835164835,0.495054945054945,Aug 15 2007
19,19,"Comfortable Convenient Wasn't expecting lot...but pleasantly surprised appointments quality. Room comfortable well designed bathroom. Hotel food fine/room service convenient. Bar gets crowded.Pool nice, small side view business park.Overall, would recommmend convenience working media city.",0.274,0.8200000000000001,Jul 24 2007
20,20,"Superb Business Hotel! I stayed Radisson Hotel Media City construction yard also known Dubai one week June. My first contact booking department I reconfirm prior departure, I offered airport pick-up reasonable price AED 150, $40, well worth money taxi drivers intend drive ways think last day ever live. The brand new stylish, splendid front desk area fountains seating. The thing slightly bothered two towers one floor connecting bridge. Living 4th floor means two elevator rides along short walk inbetween. You could course simlpy walk east tower ground floor west tower, always attractive option. The room, standard queen size, fit celebrity. Very nice decor high ceiling, innovative shutters front large windows flat screen tv. The bathroom bigger I've ever seen Radissons around world large walk-in shower. (fits two, experience;) Safe room well sophisticated phonesystems. As Dubai one internet-provider I warn ahead: sucks. Very slow internet connection anything brag about. Hopefully this'll change, situated Media City.Room service excellent, well prepared food nice menu. Dry cleaning swift accurate, ability choose time day want room made perfect. There's switch wall turn &quot;do disturb&quot; &quot;make room.&quot; Perfect days want sleep long. (in case, everyday. Do ask breakfast, overslept every single one) There amazing spa 2. floor, well worth money! The pool area also nice, complimentary towels comfortable sunchairs. There approximately 5 hours hot arabian sunshine everyday. The beach also close, Mall emirates insanely large offer stores restaurants. The bar (one three) social nights lots nice people meet. Overall excellent, liberated business traveller! For families visiting I would recommend Radisson SAS Hotel Deira, that's another review;)Have great stay!",0.28249980322707596,0.6022947658402205,Jun 29 2007
21,21,"Avoid possible The thing good proximity Dubai Internet City Dubai Media City.The built two towers, one reception. If unlucky enough stationed tower bridge towers closed (as case), towing luggage outdoors towers.The restaurants quite busy lunch hours deserted evenings. On top that, one week stay 2 fire alarms (one 4 am) led evacuation hotel. Atleast one fires started hotel's kitchen.Unless company forces stay hotel, best advice find better hotel.",0.26458333333333334,0.5979166666666665,Jun 1 2007
22,22,"Good problems I stayed 6 nights business trip didnÂ´t find big problem. The staff helpful dedicated. However, colleagues also complained thin walls noise 7th floor (notice: 8th floors Rooftop bar live music) well 2nd/3rd floor facing pool area, occational pool parties night. I didnÂ´t problem all. There excellant expensive breakfast buffet restaurant cheaper version ot it: continental breakfast served bar opposite restaurant lobby. The price breakfast buffet worth money.Also restaurant bar serves excellant food.The pool hardly sun due skyscrapers Dubai Media City recommended tourists. There beach shuttle malls near by, area business oriented dominated.",0.037121212121212104,0.3904761904761905,Jan 15 2007
23,23,"Good Bad We Dubai before, thought would cool place stay, city far. However are, previous reviewer stated, number issues hotel.No 1- The pool gets sunlight whatsoever. Do stay want get tan.No 2- The walls thin, change room due &quot;love noises&quot; coming neighbours. The receptionist intimated us problem them.No 3- Slightly awkward staff keen please &quot;feel&quot; guests. For instance, breakfast leave bill table immediately, even visited buffet stage, impossible say breakfast (Continental, Cooked Arabic) going have.No 4- I confirm shower drain upon use.The good points modern, spa excellent, breakfat choice excellent convenient Dubai business.",0.10705128205128205,0.7083333333333333,Jan 5 2007
24,24,"Very Disappointing...Stay away!!! Have stayed many Radisson hotels generally ok BUT one soooooo many problems NOT recommended stay. Some include; shower runs TOO COLD TOO HOT doesnt drain properly, problem music bar DISRUPTING SLEEP 11pm plus pool directly overlooked next door office workers &amp; labourers day long. Needless say wife wasnt comfortable lounging there. With higher buildings right beside, theres 2hrs direct sunshine pool anyway. Made complaint management got shrugged &quot;sorry sir, cannont give discount room reasons&quot; Never again!",0.11007878151260506,0.5403361344537815,Nov 30 2006
25,25,"Great We stayed 3 nights enjoyed much. The breakfast buffet good. The high speed wireless internet connection, flat panel TV, DVD nice. It close Mall Emirates (indoor skiing, good shopping), Palm, Burj Al Arab Dubai Marina. In evening go marina enjoy nice walk, outdoor cafes, restaurants, etc. - two minute cab ride. There lots construction going part Dubai, since take cabs drive anyway, problem. The park next nice place walk.",0.40924603174603175,0.5602777777777778,Nov 18 2006
26,26,"veryyyyy trendy Very trendy, stylish,an excellent place sit, like one huge hotels, dont feel big staying there, seems like 30 40 rooms so.the ambience excellent, would definitly recommend anyone, speically business travellers",0.5685714285714286,0.7428571428571428,Sep 21 2006
27,27,"Dubai.... We recently stayed Radisson Media City give 5 stars. We pleasure business. Beautiful open air lounge roof, euro spa rooms well excellent site restaurants. The staff accomodationg setting excursions, making recommendations wonderful restaurants around city, etc. Could conveniently located AUD, Marina Walk, businesses, beach malls.",0.55,0.6785714285714286,Mar 19 2006
28,28,DubaÃ® Media City,0.0,0.0,Nov 7 2009
