,Unnamed: 0,Reviews,polarity,subject,Dates_extracted
0,0,"Great Accomodation negatives Just returned 5 night stay property wife 2 year old son. The location 16 miles south Dubai Airport. The journey 1:00 took 20-25 minutes. It Marina area next Marina Walk Jumeriah Beach Residences. &quot;Jumeriah&quot; seems stretch long way coast.PositivesThe 2 bedroom suites huge. In reality conventional suites 2 bedroom apartments. The one smaller, windowless, third bedroom foldaway bed would classed Maids Room. The kitchen kitchen, kitchenette, fully equipped. There also washing machine dryer cupboard hall.We travelling 2 year old kitchen facilities ideal. There Waitrose 3 minute cab ride able stock baby essentials could eat near normal diet possible. We found Spinneys 5 mins walk selling similar product range.The apartments nicely furnished plenty storage space. I'll post photos.ADSL cable internet currently free in-room free WiFi available public rooms. This seems hang-over days Emirates Harbour Hotel Residence according front desk likely chargeable shortly.The 5 minutes walk Marina Walk plenty restaurants. None attached hotels booze-free. There medium sized pool along small childrenâs pool.NegativesBreakfast nothing write home about. It wasnât bad wasnât good either. It difficult say wrong definitely something right. Service restaurant friendly bit hit miss. The middle huge construction site. All around skyscrapers going up. The noise bit off-putting lying pool. It starts quite early goes late. Some sites seem working 24 hours although disturbed noise them.The pool area suffers neighbouring buildings blocking sun built problem get worse. The pool area also little stark lacks âsomething.â Getting pool service hard requested rather waiters making regular patrols.This beach way get beach either (a) use shuttle taxi public beach Jumeriah Park (we like it) (b) pay use facilities neighbouring beach hotel. The arrangement Le Meridien. It costs around Dh160 per adult. The public beach 20 minutes away view worth it.SummaryThe bit paradox. In terms accommodation ideal families, especially children young. However, location lack facilities children disappointing.Would I stay again? Highly likely. The staff super friendly nothing much trouble.",0.0866144914756026,0.5384938723827614,0.5384938723827614
1,1,"Very disappointed - service poor recently stayed 4 nights 2 bedroom apartment. It clean spacious large kitchen longe area. However, service levels terrible eg barged way cleaners could get lift us, carry bags reception despite several porters standing around nothing, clean tables sunbeds no-one taken dirty glasses plates away etc etc. The breakfast horrible. The room cleaning erratic non-existent 2 4 evenings. I reaslise isolation none complaints significant, 5th visit Dubai I know service levels expected.One positive aspect brunch The Observatory lovely. It like different hotel. The staff helpful, friendly went way ensure good time. Why good staff one area hotel?You sunbathe pool tiny, enough sunbeds, cheap nasty importantly, noise building site next door really intrusive. It spoil trip spent little time here, I would never recommend unless train motivate staff levels experienced Dubai hotels.",0.05404136228354978,0.6310206980519479,0.6310206980519479
2,2,"Enourmous suite clean everything need I booked one-bedroom suite got upgraded upon arrival 3 bedroom suite 43rd floor place full. The suite absolutely enormous, 3 rooms ensuites (I counted 5 toilets total), large kitchen, 8-seater dining area, lounge, great tellies, laundry everything could want. Only problems septic smell corridor inconsistency breakfast menu came plate 2 days row despite politely noting upon ordering second day. Perhaps I'm spoilt recent great stays boutique owner-run hotels nature Dubai, I felt lacked bit personality. The service staff slightly blank, features room remember marker stay. Overall I'd recommend highly business stay awkward location slightly sterile atmosphere would probably lead stay elsewhere wanted spend lot time room itself.",0.12828571428571428,0.519015873015873,Nov 19 2009
3,3,"Huge comfortable apartments I Marriott Silver member say really new Dubai Marriott chain. Next January I going stay 2 weeks family. So I really invrestigating comfort future longer stay children. So, I stayed 2 nights good promotion price (stay 1 night - another free). The first surprise upgrading room 2 BR apartment 17 floor second one free wifi interenet room. The room size really huge (around 220 sq./m). So, may lost suite. Anyaway, nice modern decoration rooms large LCD TVs rooms. Very big kitchen necessary tools: may try cooking experiments here. In general, apartment fully equipped necessary, especially would staying children. The negative I would stay moment neigboring: surrounded construction sites woul need rented car taxi getting arround. I ussually renting car good choice travelling children. In general, would reccommend hotel.",0.20752705627705628,0.5738104256854256,Nov 17 2009
4,4,"Great stay excellent quality When booking stay Marriott Harbour Hotel&amp;Suites I able book smoking room double beds city view, however I happy find check-in I get non-smoking room king bed, also great view Marina, peak sea well!!! So safe say stay got great start, happily rest stay disappoint neither. I happy notice I got spacy luxury suite, complete kitchen (not kitchennette), washing machine, two bathrooms. The local newspaper delivered door every morning, use Internet complimentary. I also visited Timeless Spa once, got I suppose would standard treatment spa pedicure manicure - means I go NStyle nailbar finish treatments. Otherwise atmosphere service Spa great., I would gladly returned full spa treatment, I time. I also spent mornings pool, OK inspite construction noises coming site located next hotel. I chance try two hotel's restaurants, one lobby well one Observatorium deck, I'm happy recommend both. The view Observatorium quite unique, again, service excellent. All all, one best stays ever, I glad recommend travellers!",0.4616666666666667,0.6291666666666668,Nov 15 2009
5,5,Such An Awesome Hotel! The Harbour Hotel Was Absolutely Amazing! It Was The Greatest Hotel That I've Ever Stayed In. The View From My Suite Was Amazing And Breath Taking. I Simply Loved It. ?,0.6749999999999999,0.85,Oct 18 2009
