,Unnamed: 0,Reviews,polarity,subject,Dates_extracted
0,0,"Great Value money Clean spacious rooms, Service good however absolutely necessary I recommend eat outside.It well known, centrally located Dubai tourist points.Be sure ask address take road map, Taxi take wihtout hassels..",0.3238095238095238,0.6412698412698413,0.6412698412698413
1,1,EXCELLENT good location far meena bazzar metro station within walking distance. The staff excellent rooms spacious cleaned daily. Breakfast provided good too. All malls well worth seeing trips booked excellent too.,0.5855555555555555,0.6622222222222223,Nov 18 2009
2,2,best world!!! loved fantastic really enjoyed pool roof absolutely incredible tasty burgers nearby lovely also coffea bean wich exceptional,0.6583333333333333,0.79375,Oct 11 2009
3,3,"No notes lost Symphony. Symphony town Bur Dubai.Its great place stay.I enjoyed stay thereand always stay whenever townbecause staff polite patient.The apartments spacious,and sweetly furnished.Symphony clean air conditioning excellent.great food,great staff,Gulu, great place.",0.40873015873015867,0.5912698412698413,Aug 17 2009
4,4,"This Symphony misses note two I stayed apartment second choice preferred option Dubai (Xclusive). The cost place lot I expected pay, exhibition on, prices sky high Dubai. I read reviews people seem mostly positive.. well.. I unfortunately say I think place average price charge.The TV's rooms quite old, i.e. flat screenâs. The reception staff overly helpful interested answering questions give advice.. The pool roof OK, quite small dusty, also watch planes taking off. They close, still interesting thing offer. There &quot;Automatic&quot; takeaway place across street, good also.. I would recommend going there.About room, master bedroom OK, second bedroom disappointing. It ensuite, leave bedroom needed bathroom wanted shower. Not handy sharing apartment. There also TV second room double bed. Just 2 singles.The kitchen (unfortunately pics) simple enough everything needed sort stay decided cook &quot;at home&quot;. To make easier, also Spinnys supermarket 5 minute walk away. The location great, short walk away Burjuman mall want spend money. I donât much add, I think photos website make place look fantastic.. reality kind waste money.",0.11452414772727272,0.4703936688311689,Jan 2 2009
5,5,"Nice apartment We 6 us booked 3 bed apartment 3 nights. The apartment really spacious 3 different bedrooms , nice little kitchen huge living room balcony opening main road. The room 2 bathrooms one ensuite common.There rooftop swimming pool, looked good , however never managed find time take dip. They also gym roof top great.The breakfast inclusive spread 5-6 items. The good thing sufficient options vegertarians.The location really good main &quot;Bank street&quot; Bur Dubai behind famous Burjuman mall. However loaction makes sense u r interested heritage culture want get feel real old dubai. Gold Souk quite close u take &quot;abra&quot; cross over. We felt staff bit ill equipped coming suggestions night clubs / pubs / eating joints. So suggestion plan ur stuff ahead best chk friends (if any) dubai.All , us loved apartment sheer size comfort.",0.26612318840579713,0.6039855072463769,Dec 12 2008
6,6,"Good apartment downtown Bur Dubai My friend I stayed two bedroom executive (top floor) apartment 6 nights. The apartment large, clean, modern large balcony, two bathroom areas. The kitchen area well equipped fridge good one. You get large plasma TV lounge master bedroom, plus DVD player master bedroom. We got good rate although exchange rate dropped like stone visit, cost us expected.Check easy staff efficient. I problem working freeview/satellite box staff quickly help out. There tea/coffee room surpised previous apartment I stayed provide complimentary. Breakfast used served rooms downstairs small coffee shop. Only made one day, finishes 10 am. It OK seemed go longer....The located side street fairly close supermarkets, restaurants, fast food joints etc. Getting taxi experience easy anywhere Bur Dubai. We really struggled get taxis outside hotel, success walking towards Ramada Hotel 10 minutes walk. A previous thread talks driver. I never checked out, would possibly worth considering instead taxis, depending rates offer.Broadband internet room. Never checked out, used internet cafe Al Mussala Road (Changes Mankhool Road) leads Bastakiya. There road one used 2 dirhams per hour!! Locationwise good Dubai Museum, Bastakiya, Dubai souk Abra stations main souks Deira. A 15-20 minute walk areas. In mid October feasible hotter times would need taxi used heat. This tourist area, bustling, busy city centre. There however, large number apartment hotels location, price competition always good.For everything else Dubai, (e.g. beach, resort hotels etc), taxis required well priced get them.There rooptop area small pool, chairs, loungers etc, small gym sauna area.My problem room smaller bedroom constant dull noise coming roof. This problem master bedroom. I assume air conditioning units. This continuous throughout night towards end stay getting irritating. I used ear plugs end. This would problem (ironically) exec apartments top floor! We corner apartment (707) may isolated problem.Housekeeping OK, little inconsistent. They often replace shower gel bathroom....and sometimes washing times not. Did empty bin initially I guess know there....hidden sink! I tipped couple times seem make difference either way.",0.1662867274569402,0.4575734549138805,Oct 26 2008
7,7,"Great Place beSingle Family Great Place organized single family, Very Central, 10-15mins Dubai Int'l Airport, Fully fitted clean accomodations,Great Staff,Family Treatment. I've stayed four occassions I've travelled Dubai since November,2007. Cannot think place now.No regrets. BasseyLagos , Nigeria",0.23860544217687077,0.47346938775510206,Jun 16 2008
8,8,"good time I went Dubai children six nights enjoyed every day there. easyn access taxis Gold souk,Karama center. Walked Meena Bazaar,Cosmo lane,Burjuman Mall, Spinneys. It fun. The staff courteous,from bell boy front desk cafe staff. The housekeeping staff good cleaned every day without fail. We two bedroom apartment fourth floor felt like home kitchen appliances present. We could cook scratch iron clothes, reheat food even laundry. I home away home four children. Its place be.",0.2233333333333333,0.33111111111111113,Apr 24 2008
9,9,The place stay Good PointsVery polite helpful staffClose Burjuman shopping centre (2min walk)Quite areaSpacious roomsBad PointHotel cafÃ© (this solved going food court Burjuman calling 181 get number takeaway),0.7,0.6000000000000001,Mar 16 2008
10,10,"4 star I found good, friendly polite staff. Hotel near shopping centres homely lively. I go again.",0.37277272727272726,0.55,Feb 29 2008
11,11,"I recommend Apartment. Hi,Check in: Oct. 22, 2007Check out: Oct. 27, 2007Likes:1- Close World trade Center.2- Clean apartment.3- Room large.4- DVD player.5- Kitchen.6- Washing machine.7- Close Burjuman Mall.8- Brand new complex (3 months old since Oct. 2007).9- Microwave.Dislikes:1- Parking hassle. If guest want enter parking lot he/she horn staff hear guest MUST get car go inside ask one staff open door. 2- Wired internet - wireless - expensive, cost AED 120 per day AED 15 per 30 mintues. I idea reviewer said FREE?3- Slow service, guest must call 2 times get he/she wants.4- Weird look staff guest arrive 2:00 a.m. Don't know why?If ask me, willing go back?Answer NOIf need anything hesitate askWhiteHeart",-0.09966329966329966,0.5905050505050505,Nov 28 2007
12,12,"Great location great hotel!! We stayed Symphony Hotel Apartments 6 nights October. This property new ownership fully refurbished recently, everything new luxurious. We arrived many hours check-in time, approx 5am. Surprisingly able check-in right away without problems. We accommodated three bedroom apartment 5th floor. The apartment spacious size. It balcony ( No tables chairs unfortunately), kitchen utensils would ever need, microwave, fridge/freezer, washing machine, TV, free view box (not many channels), DVD player (audio CDs playable), dining table four chairs, one three seat sofa, two sofa chairs, coffee table. The master bedroom king bed separate access balcony ensuite. There shortage storage space; I actually kept forgetting I placed stuff two many wardrobes.lol. The two bedrooms twin, separate bathrooms. The apartment comfy modern. We nice view Rolex towers balcony. The located behind burjuman centre. It short walk Bank Street, two spinneys outlets, McDonalds, KFC, Hardees, Meena Bazaar many banks/ATMS. The located ideal place walking distance many places. Oh yea, itâs also five minutesâ walk creek. The rooftop swimming pool kids adults, gym steam room. Itâs nothing write home though. There cafe located ground floor. Itâs absolutely disgusting I would recommend eating there, nicest I regard cafe. The staffs genuine caring. Never nosey always need them, right blend. They couldnât us. I would defiantly recommend Arif, driver. He knows Dubai inside available time. He drives land cruiser (very nice). I advise using car service getting taxis headache us. It actually works cheaper driving Arif day instead jumping taxis. Free broadband also available apartment. The downside cafe, gym, swimming pool, air-conditioning makes lot noise night, I would still recommend place many places Dubai.",0.2730852930852931,0.5433924183924185,Nov 15 2007
13,13,Kanonhotell med stora rena lÃ¤genheter,0.0,0.0,Nov 15 2007
