,Unnamed: 0,Reviews,polarity,subject,Dates_extracted
0,0,Nice Hotel We stayed 5 days stay excellent...People reception travel desk helping nice. Breakfast good.We enjoyed stay Seashell Inn...,0.475,0.75,Nov 22 2009
1,1,"One good hotels I Dubai stayed 06 days. Altough spent much time outside , whatever time spent , enjoyed it. Well located Main markets IT / computer market opposite lane. Meena Bazar 5-10 minutes walk couple good hotels eating outside nearby place. Also water bus going Derra 10 min walk Burjuman Metro station 5 min away CAB. The staff courteous atmosphere ios good , except there's night club noise little loud. Ensure saty floor 3 avoid noise. Would definitely suggest people check , case issues , please directly approach mansger sales Rep would obliged solve problems , case any. The room altough big , good enough accomodate 2 people luggage. Wi-Fi isnt available hotel.",0.21329365079365084,0.390964590964591,Oct 21 2009
2,2,"Transit I 've stayed two nights Seashell inn, Nice transit, walking distance IT market, goood bollywood bar ground floor. thing ever come ask room 4,5,6 floor, coze till 3AM hear disco 3rd floor.",0.19999999999999998,0.6666666666666666,Jul 26 2009
3,3,"nice nice far walk creek 15minutes cabs easy get outside, cheap aswell. 10 min drive nearest beach, 20 min drive mall emirates. far major sights burj dubai emirates towers. food nice cheap 7th floor(top floor) couldnt hear noise 3 bars ground floor. thats expected go dubai though alcohol provided hotels. first night heard lots banging outside room someone screaming stole money unnerved us bit didnt continue long. nice room quite big size, clean friendly great view. loved dubai overall much see do! x",0.22697916666666662,0.6118055555555556,Jun 15 2008
4,4,"Terrible...worst ever! Please book hotel. My mother I arrived early flight got 8 am, kept waiting lobby hours room ready - coffee offered - nothing. After long flight, tired. Our bill never correct -- thaey constantly trying rip off. We told pay mistake incorrect bill &quot;the people poor cant afford pay mistake, would really appreciate paid difference&quot; WHAt?THIS HOTEL IS A JOKE - Avoid costs!",-0.06214285714285715,0.4761904761904763,May 15 2008
5,5,"I would recommend Having stayed twice I can't say I looking forward third time. Fortunately company change booking moved another hotel. Finally I able enjoy stay Dubai.The location good, bad. Really bad! Non-smoking room really non-smoking, remove ash tray. They even bother trying hide smell. There bad smell whole hotel.Don't try food there. I think one worst I've ever tried. The sirloin ordered turned something way different cheaper meat... price remained.The rooms old worn out. The beds clean general cleanliness ok. The staff ok, speak good English. They accommodating comes complaints.If looking pleasant stay Dubai I can't recommend hotel. If looking bed spend night in, I guess ok.",0.09456521739130438,0.538768115942029,Dec 31 2007
6,6,"Will never stay After reading previous reviews taking board negative comments I booked 2 families 4 each. Considering night club noise requested 3 room 3rd floor above, smoking rooms. Upon arrival checking informed non-helpful receptionist requests made 3 room 3rd floor above, smoking rooms, given one room 4th floor - smokng 2 rooms 1st floor SMOKING. I showed copy booking confirmation specifically requesting 3 room 3rd floor above, smoking rooms insisted requests made. I proof paper still want know. Not good start holiday. They say rooms 3rd floor become available would shifted. During first night, one rooms 1st floor saw cockroaches immediately informed acceptable. They fumigated room went 4 days. We see cockroaches spray. At time shift us despite pleas least expect insect free room. On 5th day finally moved cockroach room another room 3rd floor. But little late 2 nights left flew back UK. Despite Bur Dubai great location leaving aside enjoy Dubai. But I would recommend anyone.",0.02315972222222223,0.33208333333333334,Nov 22 2007
7,7,"Would never recommend WARNING: DO NOT make long distance phone calls find phone bill room bill.Without question, one worst online bookings. Room small drawers clothes. The . . . uh . . . view - nothing dirty windows clothes hanging clotheslines staring back you. Virtually nothing around within walking distance except computer store computer store. Although nice Burjman Mall short cab ride away.Small nice enough dining area. Very limited breakfast buffet.Staff. Helpful seemingly disinterested.As others said, noisy unless upper floors facing away city street..Even discounted online rate, still overpriced 20%.Final analysis. I would never recommend hotel.",0.041938775510204085,0.4918367346938775,Mar 16 2007
8,8,Great Location We stayed 4 nights sea shell. Our stay pleasant. Hotel located walking distance meena bazaar computer street. staff helpul rooms kept extremely clean complains.... Desert safari Dhow cruise booked counter. In evening cold beer relax Johnnie's pub. would definately stay again.....its exceeds 3 star status,0.34400000000000003,0.75,Mar 8 2007
9,9,noisy rude staff The rooms faceing street night club music stop 3am. VERY LOUND music first 3 floors.Thin windows wakes soon traffic starts.The complete staff rude. Front desk worst. No service all. lost booking travel agent called &quot;just found them&quot;,-0.1175,0.4766666666666667,Feb 26 2006
10,10,damp air extremely damp due obsolete air condition. The breakfast one worst buffets I've ever seen (and I've travelled around world). For 2-3 days bearable longer.,-0.2625,0.66875,Feb 4 2006
11,11,"decent transit stay If looking transit Dubai also love night clubs, one fits bill. First foremost, ask room 3rd floor upwards, u prefer sound sleep drink two donot like clubbing thumps/vibes rooms. The sports bar ground level nice,small,decent place even female guests.the filipino hostesses friendly ever charming innocent smile faces ( well deserve good tip )Ask kebabs chicken lollipops love fried stuff...its wonderful. might also get Beer t-shirt/cap two ( provided promos going on) manage coax fnb manager name Michael(indian),a friendly chap. ( prefers Red bull Vodka )..!!!breakfast acceptable room service/house keeping exteremly good prompt tip attendant. !! Overall, nice,affordable,small,quiet place ( 3rd floor plus)with convenient access places interest",0.3091269841269841,0.45555555555555555,Nov 21 2005
12,12,"January stay fine viewing marathon runners. We stayed Seashell Inn early January. We Executive room, spacious modern, king size bed , though bit clammy damp. The wrap-around windows nice. The kids regular room was, regular - two twin beds. We paid breakfast, okay, selection English, Arabic, Indian dishes buffet.The located main road heart computer souk. It route Dubai Marathon come view.The main complaint nightclub loud music. We third (European) floor nightclub ground floor us. The sound loud 3 nights.Service fine staff friendly. There airport shuttle - apparently used many stopping flights. We rented car - parking basement tiny parking garage. Don't try get suburban there!The fine short stay, I think longer stay, one beach would nicer.",0.17753333333333335,0.37082051282051287,Jan 9 2005
