,Unnamed: 0,Reviews,polarity,subject,Dates_extracted
0,0,"Rather over-rated This good location beach road Jumeirah mosque. The grounds nice streams lots trees, although accommodation blocks near pools restaurants. We junior suite one night bit disappointed really like townhouse apartment small windows, access lobby area feel like resort room (we ground floor). We complaints room well appointed, spacious clean would lovely middle city, really expected beach. Our experience facilities breakfast, worst experienced whole trip - service slow bit sullen, food limited choice Arabic/ME dishes offered presented lacking flavour. We felt OK, mainly appealing European groups, expensive offer.",0.05910173160173159,0.514448051948052,Nov 3 2009
1,1,"Definitely would come back stay ! After reading reviews TA, sceptical staying hotel. However got there, amazed clean was. We stayed family suite luxiorious bedroom. The bed comfortable bed ever slept in! Kiddies sofa bed good too. The food excellent room service. Private access clean beach, 3 clean swimming pools modern gym. Breakfast included stay worth every penny however food/meals expensive fresh tasty !This best location. Staff friendly times day! If compare newer 5star hotels Dubai 4star one best !",0.35721875,0.5180000000000001,Sep 11 2009
2,2,"This 5 star way! We went resort late notice one resorts keep pools open chilled Ramadan! The rooms spacious clean main bed fantastic, best 7 nights sleep had. But childrens bed pull sofa room downstairs sagged dreadfully middle. They decided give us put bed third child complained springs sticking missing!!! The room always clean bathroom rather dated small! The pools chilled great fun poolside toilets clean I never saw anyone checking them! The floor around pool hazardous although said going replaced. Slipping problem one little girl fallen broken two front teeth! The pool towels raggy holes sun loungers needed TLC.The breakfast room disaster. They one room smoking non smoking mixed good small children. Each time asked non smoking table people table next us smoking!!!!!! All I definately would go back, I feel little TLC could fantastic resort, seems neglected while! More 3 star 5!",0.036346726190476186,0.4422619047619048,Sep 5 2009
3,3,"Not bad! When I stayed due close proximity business meetings. I read reviews really agree them. This one high end hotels pay ton money per night 5 star. The service great restaurants borderline terrible (If ever Thailand stay away Thai restaurant) reasonable price Dubai (I special) I got I paid for. Location good too, I enjoyed recreation facilities (beach, tennis courts, gym). Warning though! When come outside looking taxi guy stand try get take one white luxury cars. Do it, rip artists. Wait regular cab hail one main road.",0.0006292517006802671,0.46166797488226047,Aug 16 2009
4,4,"Oh goodness.... I could spent day night amazing comfortable bed!!!! Our last night four week trip spent Dubai Marine Beach Resort Spa. With one day Dubai intention look around city loved resort much spent day there! The room (and standard suite) immaculate, bed described sleeping cloud private beach bar staff amazing. There plenty restaurants bars site well lot without even leaving resort! Located right next bus stop easily get Jumeirah Beach Deira short distance airport (about 50 dirhams).",0.24503813244047618,0.45691964285714287,Jul 27 2009
5,5,Good value special Had enjoyable stay staff great even though get cup coffee breakfast effort otherwise good service friendly .The hotell 3 nice pools good pool beach bars. My gripes happy hour drinks selective beer wine spirits cocktails half price happy generally known for. Also free internet access costs approx $15 half hour much cosidering go thr front door mall next door get internet access $1.50 coffee shop upstairs nice salad smoothy half price would pay DMBR&amp;S. worth going get special rate.,0.3356211180124223,0.611863354037267,Jun 26 2009
6,6,"Definitely needs make-over We stayed Dubai Marine Beach Club September last year. We stayed many Dubai hotels place definitely worst. We live Duabi frequent bars restaurants hotel. I writing review, necessarily rate rooms rate experience friends I one clubs, Boudoir. We club many times. We always liked it. Tuesday night ladies night club offer free champagne ladies. We club last night 10pm. It quiet soon filled up. In fact, filled!! There 6 us party standing spot bar time there. At 1am, dubai national, moved spot bar. He told move. I said no. He proceded order drinks friends. All alcoholic I might add! We then, quite promptly, escorted out. Now, would club like serve alcohol UAE national? Why asked leave? Another issue, disturbs more, fact wifes drink tampered with. This first time happened someone know. Many friends similar experiences, ie remembering anything night, even one drink. Chronic illness throughout night, black outs, etc. This simply alcohol, never experienced bars clubs. Only here. Yes, course may explanations this. I understand story may heard world ffrom bars clubs. However, I feel gone club long enough. I, friends, going club again. We recommend friends go either. It simply good enough deny drinks spiked. Patrons entitled enjoy without worry something happening drink spoiling night. This club, reasons avoided. I intend taking management. I post response, any.",0.07658880471380472,0.5261243386243387,May 27 2009
7,7,"NOT 5 star hotel!! Stayed week hotel, tried change 3 days. Rooms basic, balconies 1m wide furniture, better basement rooms... Outdoor areas worn down, beach crowded, less 30 cm sun chairs! The beach small even number guests, top accepts paying guests! It packed. The ubrellas mostly working, lucky enough find one does, removed personell, given guests, leave eat lunch one restaurants... When complaining reception lot issues, tehy told I could leave hotel...The positive say restaurants, nice!!!There reason cheaper 5 star hotels. If want luxury, pay extra go hotels!!!",0.016809808150953984,0.4199635241301907,Apr 20 2009
8,8,location location location great location-great facilities-private beach grass areas...highly recommend executive suite booked direct 1600 AED inc breakfast...costly internet service,0.45,0.575,Apr 9 2009
9,9,"Dont Believe ALL read !! After reading reviews I wanted cancel holiday,but spending 4days there, I say people like complain.The room good size spotless (but make sure insist balcony room dont accept lower ground one !) .The food excellent especially Tai restaurant, even half board menu superb. Staff exceptional - party treated like royalty. However dissapointment England win Dubai rugby 7's - said done excellent value money would go back someday.",0.4104166666666667,0.7129629629629631,Mar 18 2009
10,10,"Beautiful Hotel Couples... This beautiful complex nicest helpful staff I ever met. The room immaculate, cleaned everyday, fresh towels, toiletries, newspaper, fruit bowls fresh flowers, fresh bottled water, complementary, every day. The pools temperature controlled three: one deep warm, one large - excellent older kids adults alike kids pool, also excellent. All immaculate. Free loungers beach towels, poolside beach, placed you, even towels laid out. The beach well kept boogie boards etc. There several full-time lifeguards especially vigilant children. If want watersports go hotel, turn right onto public part Jumeirah beach find - beach massive, stretching miles.The restaurants child friendly, indeed several permit children all, except breakfast time. There nowhere ideal take children evening complex either. For example, one bars next kid's mini playground closed (in February anyway!). The food expensive generally, alcohol expensive too, good budget! You find many people access hotel, especially weekends use facilities restaurants residents feel exclusivity. However, whilst people come restaurants (very late well) noted bags searched entry access rooms safe. Note parts complex noisy till late. Watch shifty billing beach bar. The menu may say something 18 dhms probably get charged 38 dirhams, looking wrong menu, even gave you! A beer 27 dhms menu billed 35 dhms. We charged Â£24 3 juices first day! The staff beach bar quite ignorant complained quick word manager corrected this. There children's menus anywhere children sized portions food drink available all. If money issue you, like good value money spend, go hotel, turn left eat Japengo's. You'll get Japanese noodles, Iranian Lebanese food - platters awesome, pizza pasta suits everyone (despite lack alcohol). TAXIS: The cream coloured cabs half price white cabs. SOUKS: Take taxi Gold Spice Souks Bur Dubai area - driver looks baffled want go, ask Bur Dubai bus station ask local get Abra boats - near HSBC bank need landmark. You take boat across manmade canal/river Souk - cost maybe 1-2 dirhams (20-40p) adds fun. When get there, ask another local Gold Souk is, probably ever find otherwise....the Spice Souk near - ask shops, people almost always happy help you. Leave enough time take Abra boat back disembark walk left - Iranian Souk too. Don't expect find restaurants areas, although drinks readily cheaply available either drinks machines local people trays! Expect pay 2 dhms (40p) canned juice.Go Madinat Jumeirah (near palm).....it's new Arabian Souk, pricey nice wander. Suggest go Japengo's well halve price eateries. You take short Abra boat tour &quot;new Venice&quot; quite pleasant. You're near Jumeirah Palm area, short taxi ride, I would say. DESERT SAFARI. If Alpha Tours people tell great gutted. Dune Bashing - even young kids - fantastic, eat Arabic food, try traditional costume, henna, sheesh, belly-dancing, camel riding more. It's good value suit anyone. Alcohol available reasonably priced.I must say, I surprised see people query rating 5* hotel. This fair rating. Can't see anyone would say otherwise. It facilities service would expect 5* hotel. Good pools, good facilities, spa, massage area beach....I could go on....",0.20058610799351537,0.5069677373381076,Feb 21 2009
11,11,"5* kidding!!! If looking luxuries extras come booking 5* Dubai marine Beach Resort given wide birth.My wife 11 year old daughter friends 2 children aged 5 4 left little choice booking late Winter break took comfort fact rated 5* Dubai, previously stayed various hotels.The Restaurants Resort area appear totally seperate enterty mainly used locals. There numerous late night bars close 3am making certain rooms within susceptable noise late night music homegoing revellers. The local Mosque also extrememly close would wake heaviect sleepers 5.30am every morning call prayer.The rooms although clean, average despite called &quot;Suites&quot; came none little extras would expect. We offered upgrade Executive suite told slightly bigger Junior suites Balconies Jacuzzi baths. Well, Balconies view speak furniture them, rendering completely useless. The seperate Lounge area used 2nd bedroom kids means sofa bed left bed week. There chairs provided therefore nowhere sit whilst getting ready go out.The TV channels restricted picture quality poor.The choice quality food offered various restaurants acceptable however, obliged stay Half Board basis advised arrangements arrival. Basically given vouchers used 6 8 restuarants (the remaining 2 owned owned Hotel). These vouchers entitled us choice set menu. However, made feel like second class citizens presenting vouchersand told children leave restaurants 9.30pm disgraceful purporting family friendly.The pools grounds generally urgent need refurbishment waiter service virtualy non existent. The Tropical pool made daughters hair various swimming costumes turn green, although totally unacceptable never really explained, compensated refund room upgrade.On checking out, bills contained numerous spurious beverage charges could accounted although deducted, given satisfactory explanation.I cold go on, however summarise, want pay 5* prices 3* service accommodation you. If not, stay well clear.",-0.053978174603174604,0.40323412698412686,Jan 3 2009
12,12,"Wonderful rooms great location. Unhappy booked hotel, quick trawl internet, telephone call, two taxis later found Dubai Marine Beach Resort &amp; Spa.Ending one Junior Suites hotels villas, could happier. Very modern lagre, spotlessly clean rooms. Wifi, mini bar, twin LCD tvs, walk wardrobe, large bathroom jacuzzi bath.With new luxury hotels built Dubai minute, could considered old, opened 1989, kept pace well, perhaps possible exception dinning facilities. Having said heading Dubai, check live entertainment El Paso Restaurant &amp; Bar (Tex Mex), resident house band &quot;Tripple X&quot; put great light hearted show. Not everyones taste, entertaining.All hotel, location, staff excellent. Beware Hotels' Private Taxis, twice price public taxis.",0.28594516594516595,0.5563768638768639,Nov 30 2008
13,13,"Nice location average service We arrived Dubai 20 October Al Ain. We great expectations hotel. The setting undeniably fine well placed tour city. However, check-in staff seemed keen get upgrade room anything else.Room bad despite refusing upgrades. Delightful garden setting made place. Beach bar slow food left sitting counter sometime waiter decided bring us. We impressed food two resturaunts tried evening seem bit expensive offered. Excessive air conditioning seemed norm - point quite uncomfortable us acclimatised heat Emerates.After seeing places Dubai, I would return",0.09677777777777778,0.6474444444444444,Nov 5 2008
14,14,"A note world-wide selection We stayed 12 nights 8/10/08. We read adverse comments found without foundation. It excellent hotel, oasis comparitive peace fairly near city centre noteworthy restaurants, beach, pools, water features friendly staff - reasonable price Dubai. We stayed standard rooms (one each) Villa 35. Up - graded rooms probably better standard room certainly adequate for1/2 people.Any criticisms minor eg. tea coffee making facilities available bedrooms. Buggies called take one restaurant evening home again. There influx young people evenings party enjoy themselves. And not? They good time interfere (mostly older) residents. It 2 storey level lifts needed. We never used one.Taxis cheap instant call - get one meter! The welcome contrast oddly shaped, high rise buildings glass anr concrete. Mind concrete nicely coloured! Whatever problems Dubai may shape heat, traffic lack notable scenery remains perfect oasis. We would recommend normal people!",0.33013333333333333,0.5113333333333334,Oct 26 2008
15,15,"Really enjoyable stay Just back 5 night stay great time, never Dubai given opportunity upgrade junior suite additional Â£30 well worth it, separate area chill, read etc bigger bathroom walk wardrobe. Staff attentive enough you, tipping expected appreciated way inclined. Beach crowded sea nicest I every experienced, warm clear, sunloungers really comfortable. The side whole holiday first morning conflicted last day Rammadam noise temple began early went several hours feel advised would happen.We ate Thai, Lebbanese Mexican restaurants food excellent. The Lebbanese restaurant lives reputation amount food way, healthy appetites way much 2 people.I would certainly consider going back would recommend it.",0.2541819291819292,0.44360195360195365,Oct 8 2008
16,16,"5 star heaven We upgraded three bedroom suite paid two bedroom suite.There lot building work going area get front doors five star luxury way.Fabulous building, friendly efficient staff.Only downside lifts take ages staying 42nd floor meant often wait.Fabulous I would recommend anyone.Would definitely stay again.",0.1875,0.5,May 19 2008
17,17,average best ever stayed in.access buggy difficult lifts lots steps stairs.getting taxi stressful area around seemed claustrophobic well worn people...room quality average price.find dubai boasts 5 star walk walk comes service quality.pity really seems like becoming new costa del sol taking poor service habits,-0.03533057851239671,0.6526859504132232,Apr 26 2008
18,18,"Worse Be careful people works hotel, first time I go resort Dubai I problem, maybe It near beach worse one, dubai resorts incredible except one. If another chance go another, better services.",0.12142857142857143,0.6190476190476192,Apr 11 2008
19,19,"Loved Dubai Marine We chose central location city beach, wanted beach resort didnât fancy far away attractions city Jumeirah beach hotels were.Our standard room really 5 star room could updated nevertheless comfortable clean. The bed large comfy, sheets changed every day, towels. There TV, dressing table chairs, wardrobe dressing robes slippers. The room electronic safe, fridge mini bar. The bathroom reasonable shower bath, toilet bidet small selection free toiletries.You need take beach towels given towel card allowed take 2 towels given time.We stayed bed breakfast basis dined morning Taverna restaurant, including first morning waited room ready. Service prompt wait hour room, even though 8am.There ample choice cereals, fruit juices, fresh fruit, cooked breakfast, continental breakfast omelettes/waffles/pancakes made freshly infront choice tea coffee.The resort one level lovely relaxed, informal feel. The staff always friendly helpful enough please. My daughter really enjoyed stay. There plenty sunloungers staff member would move wanted would bring parasol table wished. There lifeguards duty pools.There evidence building work within grounds. They laying new wooden patio area near one pools hardly distracted guests holiday enjoyment.The grounds beautiful quiet lead small individual beach cove.Posh stylish not, Dubai Marine place relax enjoy sun friendly, comfortable surroundings.",0.23419349169349168,0.5733053983053982,Feb 23 2008
20,20,"Just trying book nightmare! After looking working South Africa months I decided detour Dubai way back England. I found thought looked nice. After reading reviews I rather dubious thought I'd give go. I contacted direct quoted great half board rate. In fact great I double checked twice - time confirmed correct. After 3 days correspondence checking order I went book flights hotel.When I came book however added additional dhs 1080 per person per night - large additional charge. When I queried them, I informed half board rate quoted include accomodation!! I could believe classed half board meals only. They said I known accomodation extra. As far I concerned half board board meals. Obviously hotel.Needless say can't even get bit right, I spending money stay - imagine else would wrong!",0.09024122807017547,0.48057644110275693,Feb 15 2008
21,21,"We loved here! Having read reviews resort, I slightly apprehensive, despite fact sister (who based Saudi) stayed several occasions, happy recommend it. We chose partly central location city beach, perfectly happy easy point explore Dubai, especially wanted beach resort didnât fancy far away attractions city Jumeirah beach hotels turned be.While I agree rooms bit basic, dÃ©cor bit dull stylish one might find 5 star hotels, comfortable clean â balcony room (one step standard room) good size, facilities would expect, lovely big comfy bed!The on-site facilities excellent, food restaurants tried evening meals good, although couple negative aspects regarding breakfast lunch. 1. We stayed room basis paid buffet breakfast Taverna restaurant first morning, although good range food felt bit aggrieved charged around Â£20 2 breakfasts although husband 2 disappointing cups instant coffee. For rest week I ordered room service husband went Starbucks round corner happy!2. On days stayed beach ate beach bar, food excellent plentiful, around 6 tables, sometimes meant quite wait get seated, despite small number tables, food service slow.Those points aside, resort lovely relaxed, informal feel, contrary reviewers said, staff friendly helpful, thoroughly enjoyable stay here. The low rise villa accommodation set among beautiful gardens provided lovely environment, peaceful tranquil (occasionally punctuated calls prayer Mosque nearby, part culture place).There evidence building work within grounds, although I understand place changed bit years, previous guests may bit unlucky respect. Nor aware building road works close hotel, although see quite bit throughout city â impact stay all.In all, I would say prospective travellers â think want hotel. If want somewhere posh, stylish formal, perhaps place you. But want relaxed holiday lovely surroundings excellent range facilities friendly, efficient helpful staff, give go â certainly back next year.",0.26075000000000004,0.5971333333333333,Oct 31 2007
22,22,"By means 5 star - warned I 100% agree previous review - place got 5 star rating beyond me. It 3 star best.We limited place stay booked short notice. We paid ax extremely high rate thought, well 5 star must worth it. WRONG. While pool beach areas nice, rooms extremely basic. I stayed nicer 3 stars quarter price. Maintenence around resort poor, service breakfast room appaling unfriendly, food breakfast terrible. The location also best, neither Bur Dubai/Deira Jumeirah Beach - between.We booked stay 2 nights 10 minutes room rang around lucky get similar lower rate Royal Meridien, stayed 1 night went next day. Now 5 star, start finish. Wonderful place.Don't waste money here, far nicer hotels price bracket. The disappointing part wonderful trip Dubai.",0.07405895691609977,0.5348979591836734,Oct 31 2007
23,23,Not good choice Really 5 stars. 3 best. The reception staff unfriendly incompetent. The rooms small old. The beds uncomfortable.They 4 restaurants. Only buffet type open day. For lousy buffet charge $100.They beach could ok oil tankers harbor 500m road.There many nice hotels Dubai. Don't waste time money one.,0.05674603174603175,0.45396825396825397,Aug 25 2007
24,24,"Just right place quiet break!!!!!! We booked holiday last minute (booked 8th August flew 14th August). We went 5 days. Due much choice hotels stay at. My sister Dubai May year twice last year, actually recommened Habtoor Grand Oasis (very good way). These fully booked left Dubai Marine Resort Spa. My husband I thought we'd risk biscuit even though last reviews quite bad (too honest I know planet people lived reviews unjust!!!!)Ok start holiday flew Emirates (economy class). Compared British Airways fantastic. We great seats food fine. You TV screen hundreds films choose from. One tip join Emirates Skywards loyalty scheme make sure opt meet greet service get passport control click finger. We wished done waited ages get through, almost hour (not something want travelling 7hours).We arrived Dubai early hours (15th August) Wednesday morning. (The Dubai airport duty free great). A good tip buy alcohol airport Dubai alcohol free country, therefore expensive buy bar. The heat August unbelieveable (44oc upwards day 35oc night), hit us like slap face soon stepped plane. We problems getting arranged transfers, advisable want go looking taxi middle night.The Jumeriah road city end Jumeriah beach 20mins taxi ride main hotels Jumeriah beach. Don't let put goods place shopping sand safari. On arrival hotel, checked receptionist offered upgrade us one junior suites Â£28 extra per night. We actually said yes!! (Yes I know, agreed without looking new room). Anyway booked without problems driven room golf buggy. Good idea shattered then. Yes building works going day guests away rooms. In honesty anywhere stay Dubai made friends differents hotels trips done thought same.The junior suite big, new clean. The free toilettries Molton Brown (great that's I use). We also left 2 bottles mineral water basket fruit things. The bed suite queen size. The bathroom jacuzzi powerful shower. The next day felt bit silly upgrading feel suite worth extra money. We graded back standard room (no problems change) , honest fine hardly spent anytime it. The differences rooms jacuzzi standard bathroom shower, normal toilettries, king size bed instead queen, dining table chairs standard room, free fruit water (but that's first night only), rooms electronic safe. Otherwise everything else including fridge mini bar cheaper standard room. You need take beach towels given towel card allowed take upto 2 towels given time.We good first nights rest, even though near mosque (which pretty common ever stay Dubai, bear mind visiting muslim country). We missed buffet breakfast first day, lunch instead (The breakfasts lunches served Taverna). I sure first food look bit yuckky, (I'm indian way used eating curries odd foods.) My reservations food restaurant wrong previous bad reviews. The food fine caters all. Lots fruits salad available hot eat heavy meals day (however big meals want). Some foods carried next meal honest that's expected stay Dubai even really expensive ones. Do attempt take fruit food outside restaurant allowed. We saw Russian bloke feel stupid restaurant manager confiscated full carrier bag, slyly filling throughout breakfast unless want look idiot front everyone class stealing!!!!!The beach nearly white sand clear warm water, small, pretty private locals hotels. I thought beach clean enough beds &amp; umbrellas go round. There none business germans towels dawn, whatever time day went onto beach found good spot. There guy come round put umbrella bed ever want park butt. A bit warning sand gets hot need fip flops melt sun get beach sea (only steps enough burn feet). There also couple security guards patroling beach, really need worry valuables whilst water away bed. There 3 swimming pools sea, fully qualified lifeguards times.At lunch times either ate beach bar sun beds. The food fresh plentiful. The mocktails (cocktails without alcohol fab). We ate Meena Bazaar nights cheap lots choose (about 20mins taxi ride). Try everything, live once!!! We loved Lebanise food.Wherever go Dubai hot walk need car taxi cheap. For women take thin shawl cardigan temperature outside inside shop vary 20oc, (it's like hot &amp; cold flushes). There virtually crime Dubai anyone commits crime kicked country instantly never allowed back in. Good idea I think!!! We one evening meal Italian last night. To honest thought priced, especially wine mind saved much money nights eating local places. The food ok considering Italy. (For men make sure take closed toe shoes evenings hotels, clubs restaurants refuse entry open toed shoes. Smart trainers acceptable).My gripe lost favourite dress I sent pressed last evening. I actually lost plot house keeping manager unacceptable me. My husband sorted I get dress back, although I found thing happened another guest day. I know hotel's fault dry cleaning contracted local firm hands. The apologise enough compensation charge us stuff cleaned well, I though fair enough.In whole thought Dubai Marine Resort Spa nice simple ideal couples, friends families stay at. It classed 5 star, high 3 low 4. The staff friendly always keen help. I already recommened friends going couple weeks. In room find Timeout magazine Dubai, make sure read good tips recommendations go food, music shopping always upto date.Make sure put aside day Wild Wadi water park amazing. We never much fun, went 11:30am leave 6pm. People still coming leaving. Do try Sand Safari lifetime experience. It's definately faint hearted. I get car sick quite quickly ill right que trip well worth it. I would heart beat. We booked trips company called Amazon Travel Meena Bazaar (speak guy called Kishan Pattani). They honest company cheaper most. You able que jump Wild Wadi tickets bought them. I hope I written help enjoy trip Dubai, whether going sun, sea sand, shopping adventure. We would go back instant.",0.14533573949837766,0.4996740092320205,Aug 20 2007
25,25,"Dont Stay Here!!!!!!!! I've stayed many five-star hotels Dubai I say worst. There way deserves five star rating. For price room here, stay hotels Jumeirah beach much better quality. I reserved standard room girlfriend I I got I shocked see small room was. It like motel room. I booked King-size bed bed smaller queen. It would uncomfortable fitting two people bed. I complained front desk told standard rooms either queen bed (theres way bed even queen-size) two joinable beds (?) suites King-bed. I decided upgrade Junior suite better still five-star quality one would expect price. The carpet living room dirty full cigarette burns. The couches looked old even towels bathroom didnt smell fresh. Even worse, I got bed I felt itchy over. I thought I paranoid girlfriend felt thing. I dont even wanna think was. I booked 9 nights two hours, I decided I check soon possible. Unfortunately, front desk wouldnt let check without paying penalty told contact travel agent I booked (even though travel agent informed beforehand cancellations made directly). Anyway, travel agent contacted finally allowed check-out without penalty, unfortunately I waste two nights there.The thing good I say pretty good restaurants nightclubs popular. El Paso got good food Sho Cho Boudoir happening. But dont need stay visit establishments.To sum up: dont stay want five-star experience. Check Grosvenor House, Royal Meridien, Hilton Jumeirah. They around price much better badly managed, sorry excuse five-star resort.",0.022500000000000006,0.5629385964912281,Jun 4 2007
26,26,"Wouldn't stay again. Hotel chosen proximity work related meetings partner reason trip. Disappointing 1st impression arrived room wrong bed configuration broken air conditioning. Partner meeting 1st thing inconvenient wasted lots time moved better room made late 1st appt, also extremely tired gruelling overnight cramped flights. Partner made several phone calls emails prior arrival ensure room requested angry still managed get wrong.Rooms etc dated spacious comfortable good Molton Brown toiletries. We suite bedroom, lounge area huge bathroom. No key given mini bar request one! TV bedroom lounge. All rooms/suites set blocks meandering paths lush planting. I light sleeper hear call prayer must depend situated.There small private beach huge jellyfish sea use it. Pools lovely, one seemed shallower perfect kids shaded play area play equipment them. One warm bath another waterfall shaded good cool in. Life guards duty pools. There plenty sunbeds parasols which, found / got attention one staff, moved set convenience. The food beach bar hit miss took forever get staff understand you, many good grasp English. Also slow everything I guess heat!Ate two restaurants site good frequented non residents mainly, fact whole becomes hot spot non residents night. We passed Chris Eubank entering 'Restaurant Boudoir' left!On whole found staff difficult communicate forthcoming. Hotel quite drive main 'Jumeirah strip' hotels attractions, usual crazy traffic. Hotel wanted whole nights rate keep room late departure seemed unreasonable especially cock-up made arrival.If going holiday Dubai would choose hotel.",0.06282505910165485,0.5634160756501182,May 25 2007
27,27,"Not 5 Star Resort Very uncomforable Beds nice Gardens Restaurants My husband Navy seen months. I met Dubai reunion stayed Dubai Marine Beach Resort. The gardens beautiful restaurants good. However, beds extremely uncomfortable room smelled awful. The first night gave us double bed next day requested King bed. They switched us room King bed comprised two twin beds pushed together. The rooms, mattresses lobby outdated. Also, rooms chemical smell made us sneeze made room uncomfortable place be. The service good except one girls front desk. She extremely rude, aloof major attitude problem. I think would good stay want close proximity beach restaurants want spend lot time room. Good place singles families. However, want honeymoon experience stay somewhere else!!!! Also, husband I hugged briefly pool promptly scolded staff member hugging kissing pool. In addition, close mosque call prayer rather loud early morning. If light sleeper take consideration prior booking.",0.1268478260869565,0.5506521739130436,May 5 2007
28,28,"Great Place Stay We stayed week June/July 05 &amp; amazing!! The weather great, always great start holiday! On Arrival check helpful &amp; quickly taken room &quot;Golf Cart&quot;The rooms spacious clean tidy &amp; Air Con must heat. The beach amazing, I usually beach person, I think I went pool once! I warn though, partner found probably best sun bath 6 hours straight heat, actually passed one day, staff amazing &amp; helped get back well air conditioned room. Unfortunately staff remembered rest stay. There number lovely restaurants site, tried Italian &amp; Thai, great, many choose from. We able book day trips hotel, handy &amp; also reasonable prices. The Desert Trip must!! All loved Dubai would definitely stay resort again.",0.3963942307692308,0.5932692307692308,Mar 21 2007
29,29,"Superb villa style 5 Star luxury. Villa style hotel. One bedroomed villa huge luxury bathroom jet spa bath, large lounge sofas dining table. TV lounge bedroom. King size bed. 3 swimming pools 5 restaurants.",0.5380952380952381,0.7761904761904761,Feb 20 2007
30,30,"Not bad def 5 star We moved Hilton Creek beach whilst facility bad, I found dated usual upmarket spirit Dubai. The rooms clean comfortable staff friendly helpful. The breakfast terrible. It felt like Russian Republic sitting Beach, I never heard anyone speaking English. The one good thing party, attached popular bars hitters go unwind late evening. It doesnt affect guests noise. Its worthwhile standing outside watching Ferrari's Lambo's pulling in.",0.1847777777777778,0.5222222222222223,Nov 18 2006
31,31,"tranquil oasis We dreaded thought staying large mass developments going Jumeriah Beach. So chose location closer city exceedingly pleased chose. The suites spacious, though one superior layout much natural light. The beach perfect ther ewas wonderful selection restaurants within hotel. The location fantastic, Spinneys 2 mins walk away get supplies water nibbles. There plenty space room mini bar bottles wine etc. We would definitely go back lovely atmosphere beautiful landscaped gardens streams low rise buildings, quite rarity Dubai!",0.45459183673469383,0.6556122448979593,Nov 3 2006
32,32,"Brilliant holiday! My boyfriend I week returned Dubai 5 night stay. I little worried first I read reviews hotel. We arrived 8.00am given keys immediately, receptionist polite helpful. The sun shining resort lovely. Not big big enough right. We found staff helpful polite times. The beach small never overcrowded plenty sunbeds. The restaurants great wide choice. We standard room decorated high standard. Our holiday lovely start finish I would recommend time... I shall go back.",0.17016917293233083,0.4017919799498747,Oct 26 2006
33,33,"What fantastic place! I returned girlfriend. We found absoloutley fantastic!After reading reviews listed start second thoughts, great flights Virgin Atlantic arrived fresh 7.30am. We went straight reception checked told room would ready 9.00am, sure enough 8.45am given keys.WOW! thats could say walked villa, grounds superb, little streams running split properties.The room quite large prepared high standard, fruit chocolates table replenished everyday.We found facilities top class, private beach fantastic.I would highly recommend anyone visiting Dubai building work nearby location makes easy visit city centre venture jumeriah beach road.If looking place stay look book!!!",0.21769906537176276,0.523404344193818,Oct 22 2006
34,34,"Great Nightlife We stayed Dubai Marine September 2006 part holiday package 2 stop deal found excellent value. The rooms good, clean, modern located fantastic gardens waterfalls streams. The restaurants bars excellent.Similar previous reviewer, staff reception let badly! We arrived early 7am 9 hour trip Mauritius. We expected early check told norm Dubai. However, girl reception, Alex, incredibly unfriendly unhelpful. We told rooms available 10.30. This despite fact saw people checking out. Also, restaurant breakfast effectively empty spent hour there. Her attitude demenour really let down. Other this, I positive things say hotel. It quite distance Burj, water parks, 20minutes taxi.",0.18362674362674364,0.5215031265031266,Sep 27 2006
35,35,"Not 5 star treatment We stayed 7th Sept 13th Sept 2006. We problems moment arrived. Since flight landed 7am arrived 8am. This 5th visit Dubai never problems early checkins hotel. However, upon trying checkin told would wait around 2pm-3pm room available. Reason full. When I offered pay &quot;half day rate&quot; lady counter (who rude) told would room available 1 hour. So obviously rooms available prepared let us checkin early free. By time room ready 11am, prepared pay Â£70 3 hour early checkin! At point spoke manager (who became available 11am) apologised let wife I check in. Having thought problem would have, saw &quot;junior suite&quot; I happy, ground floor, dark light allowed hedge view. At point headed pool area, pool area around nice, service let down. It took 35mins get coke I ordered, dubai standards. I could go let know lack service would take long write down.To sum up, pay extra stay somewhere else. PS. The beach small standards hotels area.",0.058055555555555576,0.5157264957264956,Sep 20 2006
36,36,"Not worth money Hotel staff morning curtious. However, staff evening completely opposite. It's like curse comes evening time. It's actually nightmare try getting every night. Reason one access without exit. You might surprised YES fact. The exit *what call 5 stars* Jumaira beach stree. There 6 restaurants 2 different clubs premises makes accessibility everynight like hell. If go visit restaurants clubs might enjoy it, choose live there, I believe might big mistake. The second evening arrival, I went got back pick something come back catch movie. Guess what, took us hour drive night (which regular week-night!!!!). Two movies passed time I got beach strip (which way out).One major problem would want use internet, charge 1 derham per minute DSL connection really crazy compared 5 stars hotels Dubai offer sometimes free! The major problem rooms call villas. They actually small size compared suites 5 stars hotels. The main room villa relatively small compared 5 stars hotels stayed previously. In addition, rooms seem little old humid inside, TV remote work!One good thing bathrooms built-in engine making bubbles bath needs many problems facing.I met two managers provided feedback, seemed calm negative time. All management staff seem clearly cheap labor 5-stars professional management staff.To sum up, worth money. You would way better investing money major 5 stars hotels Dubai area enjoy stay.",0.040653409090909094,0.43326923076923074,Aug 29 2006
37,37,"Good top notch luxury! I returned nice week husband. On arrival found room ready, check 3pm although flight got 8am. The staff get room ready around 11am since saw lots people snoozing longe bar awaiting room. I guess something check book miserable wait room hours long flight.We booked executive suite paid extra Â£800 upgrade standard room 8 nights. The suite lounge area stairs leading bedroom bathroom. Some nights chocolates pillows, curtains drawn etc nights not. Executive word springs mind. Although spacious extremely clean basic. If looking luxury I suggest stay else.The grounds smart waterfalls wonderfull plants. The pools clean chilled perfect 45 degree heat. The beach small perfecty formed. The one thing really makes worth visit vast array restaurants. I family living Dubai use restaurants hotel. We tried Cuban, Thai, Tex Mex Boudoir romantic serves free champagne ladies evening Tuesday nights. We 24 hour period religious festival alcohol could sold anywhere opposite mosque calling prayer tunes heard starting around 4-30 am.We stay price reflect standard accomodation given return Dubai next visit restaurants.",0.11957619047619046,0.4683285714285714,Aug 28 2006
38,38,"great great great service facilities We 3 day stopover way home Europe stayed here. This great. The rooms nice - junior suite kids pullout sofa, although could done extra toilet! The service fantastic. There 3 pools lots pool recliner thingos staff hand. Can I suggest put cover kids pool. The restaurants good except arabian one tried give us meze enormous cost started bargaining us left - set meal tell us about! It best nightclub dubai too!A final word praise spa - I highly recommend Vicky nails toes lovely Indian lady Bangalore best eyebrows I ever had;",0.4698958333333334,0.586875,Aug 28 2006
39,39,"Great Resort My Husband &amp; I stay stayed Dubai Marine Resort &amp; Spa 5th Aug-9th Aug 06. We FANTASTIC time &amp; certainly going back. I managed booked Junior suite ukhoteldiscount website &quot;corporate rates&quot;, &amp; worked reasonable (approx Â£50pp pn inc full buffet breakfast)The suite HUGE, separate living [large TV good variety satellite channels], dinning area, massive King size bed bedroom [+another large TV] , walk wardrobe &amp; marble bathroom 2 sinks, big wall-wall mirror &amp; great power shower jaccuzi bath. Our room cleaned twice day.The resort large &amp; complimentary buggy service operates wish walk short distance rooms. With 9 top quality restaurants &amp; 3 4 bars, something suit everyone's tastes. We sampled Thai, Lebanese, Mexican &amp; Japanese- serving generous portion sizes YUMMY food. Liver entertainment also provided nights (I believe husband's favourite tall, blonde Belly Dancer!)The location Jumeria beach outskirts Deira city also ideal. Local taxi's cheap, air-conditioned &amp; frequent supply ( cost us approx Â£4 go Mall Emirates). However taxi's porter hailed always waiting outside hotel, offers nice luxurious alternative around 15-20% more, driven leather interior white Lexis!If I fault resort, would made aware website would building works carried either side small private beach. However, work usually stopped 10/11am, noise pollution spoil enjoyment crystal clear warm water Arabian Sea.Also, resort forgot provide complimentary anniversary gift correct date ( made delightful home made strawberry sponge cream cake &amp; bottle wine 2 days later!! :-)All all, VERY enjoyable experience. 10/10",0.26593650793650797,0.44389947089947096,Aug 12 2006
40,40,fanf**-in tastic I realised leave reviews hence late entry hotel.We travelled UAE like planes trains automobiles missed first flight....however getting Dubai first booked stay Radison Sharjah travel agent assured (via phone) excellent (wrong) alcohol anywhere Sharjah...the good letting us pay one night saying would prefer Dubai beach resorts lively things do..We booked Dubai Marine Resort found standard service absolutly fantastic. The staff people Dubai nice. We rented car able visit surroundings I enjoyed much I left husband... beach great clear crammed I found fact small fantastic I could see partner sea seemed much private anything I ever experienced ( would def. take kids see beach) There enough restaurants bars complex dont need venture this... tried restaurant bars till early hours morning big cues stay allowed first. Also please try Gold Souk I go PLATINUM DIAMOND RING WHICH THEY SAID WAS 2 CARROTS AND WHEN GOT VALUED HERE IT WAS 4AND A HALF CARROTS.FANTASTIC ALL THE WAY AND WILL BE BACK VERY SOON,0.24696051423324147,0.5090909090909093,Jul 15 2006
41,41,"Just book it!! stayed dubai marine july 05 weather approx 40degrees, found comfortable spacious plenty facilities. staff brilliant helpful reception right car park attendants. problems everything easily accessible even surprised complimentary bday cake tasted great. food restaurants tasty favourite breakfast buffet many varieties freshly prepared fruits, juices, bakery, full english, continental every breakfast item could ever think cant decide ask chef prepare something. smashing! ...the practically equedistant tours shoping centres. enjoyable relaxing great views definately recommended!",0.39265639589169,0.5499766573295986,Jun 19 2006
42,42,"Loved Dubai I stayed Dubai Marine August 2005 fantastic time. The lovely, dont get wrong burj fantastic. The restaurants bars excellent. On Tuesday night French Boudoir free champagne night ladies. This gets really busy people world living Dubai. The Sho-Cho japanese Friday night. I shocked read people moan &amp; complain hotel, noise building work &amp; traffic....To honest I dont want sound snotty I think people bad word say Dubai, instead paying go see beautiful countries need buy new personality ha .............. Honestly, go love",0.2466507177033493,0.6419059011164274,May 12 2006
43,43,"Goodbye Dubai ! Dubai Marine Beach Resort Spa. This situated end Jumeriah Beach, sandwiched Dry Docks towering cranes building works beach. The entire length Jumeriah Road taken relaid, widened I guess, although hard tell jumble things happening there. The consequence noise 24/7 basis, although cannot hear grounds hotel, mainly construction noises either side. The Dubai Marine Resort Beach little dated outer buildings, nicely laid grounds surrounding apartments, refer villas. The Jumeriah Beach Hotel, 6 miles along beach ultimate modern hotels, worth visit outside lift get wonderful views miles miles. Dubai nightmare traffic jams, forget anything get back home, 24/7 hell earth hire car. Avoid Avis hotel, seek much cheaper one yellow pages, told Avis rep, honest good. The shopping good led believe. The shops around best quality, rest clothes taste english. Restaurants Dubai offer excellent value food, often bringing two three extra courses cost. If go Oman, dont forget visa patient, getting Oman reasonably easy, getting harder, takes lot time need patience high respect border controllers. Muscat great, especially Crowne Plaza, side land mass warmer, sea definitely warmer much cheaper. If going three days Dubai thats fine, longer bored, gold souk dwindling spice souk, trip Creek lost lustre. The jabal mountains spectaculuar dont miss Nizwar betwixt Muscat Dubai, delightful hill top village, cheap accommodation, way town left, Â£28 night two you. A tank petrol Â£6. cant bad it.",0.26607456140350877,0.5397368421052631,Mar 4 2006
44,44,"Very Good Very good stay vacation, nice rooms seprate buildings good restaurantsThe problem service tends slow 50 degrees little bad unconvenient move rooms reception area knowing pass graden get",0.29031250000000003,0.7383333333333335,Sep 19 2005
45,45,"nice pleasent staff think great perfect anybody rated 3 less obviously tight book burj al arub,stop moaning hotels greeeeeaaaat!",0.4380238095238096,0.6204761904761905,Sep 6 2005
46,46,"good value money stayed 1 week thought fab! surrounded tropical gardens looks like paradise. right beach, problem checking staff helpful, also got offered nice cold juice first arrived along cold flannels. The staff excellent friendly travelled partner two children. problem letting kids wander around resort resort safe. approx 15 min town centre. taxi rides soo cheap go anywhere. But dont take silver colour taxis rip off. always take beige/brown taxis. trip good would definately stay again.",0.3321428571428571,0.672420634920635,Aug 24 2005
47,47,"A nice close action good value money I hesitant, seen reviews place book partner insisted would ok. It was- nice, comfortable, clean rooms, lots great restaurants, 2 pools, clean beach, massive enclosed children can't run off, friendly staff.... close everywhere want be. The traffic Dubai horrendous fortunately taxis cheap liked fact although could easily get places Jumeirah Beach stuck far away Creek really cool shopping things interest center. In minor areas could say little worn nothing serious clean. Plenty sun loungers space beach. The restaurants great, especially trendy sushi place. It gets busy people outside weekend (thursday friday I think I remember right) great atmosphere. The rooms away part though worry noise. The gardens also beautifully kept, water features tropical flowers. Its glitzy perfect luxury five star hotels, always get pay for. We saved money enough treat really luxury hotels restaurants etc! Its really good value money terms price differential 5 stars I think loose much. Its relaxed made great stay. I book I return Dubai.",0.32074965007891837,0.6135081449715596,Aug 22 2005
48,48,"Highly Recommend Dubai Marine Beach My mum I stayed friendly, clean, delightful end May 7 nights. The accommodation spacious clean staff exceptionally helpful - nothing much trouble needed anything. The boasts private beach never struggled find suitable sunbathing spot sunbed, fact soon started put towel sunbed, member beach club staff insisted us - total relaxation holiday. The restaurants complex high standard plenty variety. I would particular recommend Lebanese restaurant, something I dubious trying first I admit, beautiful, tasty food, again, service outstanding.There lots lovely hotels Dubai, mum I would certainly book hesitation, fact I already brochure next year!",0.2675427059712774,0.5663801965230537,Jul 2 2005
49,49,"mixed feelings great facilities stayed 2 weeks shortend 10 days due wife becoming ill, fine lukily nothing hotel!the rooms lovely, well air conditioned floors made marble-like material freezing, wife shared one room, 2 children 15 17 shared another room, big mistake made let pick key! room twice size ours!! make sure tell children leave doors open try 'cool' room, become extremely humid room wuite simply unberable due extreme heat dubai.the weather dubai VERY hot, everywhere well air conditioned. kids could stay heat long needed dip pool, dissapointed, pools BOILING! well one one warm still refreshing, beach small, led believe watersports availible, excited kids! boogie boards, sea generally quite calm sometimes extremely choppy, keep eye kids!we stayed twice now, first time better second much second stay match could possibly compete, resort would become boring stayed longer 2 weeks, gauranteed tan! people seen think dubai year due colour skin!a lot people issue hotel, reservation policy, never seem anyone file! could frutrating afta 8 hour flight! staying hotel, wont lie treat, lovely, make sure venture out, main beach much better private one, waterpark fantastic compared europe, shopping expensive, food likewise, going back dubai, well tour U.A.E staying dubai staying oasid hotel, friends styed said fantastic, middle building site, dubai marine beach resort secluded, small budget kids happy, get taxi everywhere, far hot walk!enjoy stay dubai truly beautiful place!",0.1252829218106996,0.5765828924162256,Jun 12 2005
50,50,"Great Hotel We stayed Dubai Marine Beach Resort one week I say excellent, rooms good size, clean spacious, impressive villas surrounded waterfalls, landscaped gardens, petit avenues flowers streams, pools great, private beach somewhat small width still nice, excellent resturants around complex, come alive evening look great night, Boudoir club nice busy around bar due free champagne tuesdays, bar piano player nice relaxed feel it, seems popular non guests evening appear flock nice resturants club bars, cool place evening young trendy.The service within top notch, found polite anything help.This great location far shops across road beautiful jumeriah mosque looks fantastic illuminated evening.The 5 star obviously like burj al arab jumeriah beach lot personal feel bigger hotels.I would recommend anyone, put off.Would definately go again.",0.41880208333333324,0.6843750000000002,Jun 2 2005
51,51,"Steer clear room 3205! Having lived Dubai three years knowing eating Thai Bistro Alamo Mexican restaurant (hotel bit opened left UK) wanted place stay close city beach, also involved huge amount building work going Dubai moment end Jumeira Beach Road, seemed ideal 5 star choice. However, check given awful room, number 3205, (broken curtain rail, wall safe broken, aircon functioning properly, twin room ordered double) seemed us trying fob us room available. Unfortunately checking 2330! We complained night decided sleep 3205 complain morning. The front desk manager want know said could upgrade junior suite cost Â£50 per night, booked 10 night stay prepared pay extortionate rate said so. We threatened leave asked prepare refund cash. Half hour later upgraded us better room without cost. After debacle spent lovely peaceful holiday beach, area great cross road visit local restaurants good value especially Automatic Lebanese restaurant Beach Centre, that's say food outlets bad, far it! The open-air Italian wonderful dining overlooking sea Japanese lounge/restaurant excellent albeit service bit slow! But great time would return second stay.",0.11890350877192983,0.48741228070175424,Apr 25 2005
52,52,"Good Allrounder I feel I say something stay I cannot believe nit picking form reviews!We 7 night stay Dubai Marine Beach first week March I terrified reading reviews site! However, I nothing worry fab time, people great, food nice (especially Boudoir) I can't fault whole really. The thing let reception staff, friendly enough something odd them, like understand word said! Although I think new people trained maybe it.All I say is, expect exclusiveness Burj al Arab paid it! You get pay hotel.",0.20493326118326122,0.5465548340548341,Apr 2 2005
53,53,"Feb break sun Date. Feb 26th 2005. Just returned 4 night stay hotel. We great time. We stayed junior suite found clean,spacious comfortable. The grounds beautiful,full greenery water features. The beach large enough us problem getting sun bed.We ate days bad meal.We particularly enjoyed meal Cuban restaurant able dance dinner till small hours. Lunch around pool excellent. The portions huge!!We found staff helpful times.The position great.Near city away building. It older maybe could face lift, great time would go again.",0.3275793650793651,0.6211309523809524,Mar 8 2005
54,54,"Maybe 4 stars... After reading contradicting reviews hotel, I somewhat prepared find average hotel. When making reservation, I specifically asked non-smoking room king-sized bed. We got close midnight long flight found twin room reeking smoke. We tired make fuss, decided spend first night there. The pillows blankets hadnÂ´t washed long time, also reeking cigarette smell. UUUggghhhh! After complaining front office, got upgraded non-smoking balcony room. The FO staff friendly helpful. Obviously, one villas non-smoking. But beware, cleaning staff smokes clean rooms!!! So allergics, I recommend staying somewhere else. The balcony rooms much nicer standard rooms, boxy newer furniture. They also expensive, I recommend spend money one chain 5 star properties instead. While Ritz might much expensive, Hilton Jumeirah price category Dubai Marine. The 2 small swimming pools tiny private beach. Breakfast poor, room service extremely slow service pool attentive. Definitively five star property!!! On positive note, location good. You beach closeness city. Then again, stay e.g. Hilton Jumeirah, take 15 mins get city virtually cost (taxi fares ridiculously inexpensive). If must stay Dubai Marine, try going (public)Jumeirah Beach Park, close much nicer tiny beach hotel. There many restaurants within walking distance. The Mercado Mall excellent 5 mins away taxi.",0.06690348193473193,0.5342031857031856,Feb 2 2005
55,55,"even close 5 star I Went stay june 2004 husband 2 friends us dubai us agreed worthy 5 star rating,The main pool closed, food pool bar shocking, fresh bread breakfast rooms horrible smell mould them, phoned travel agent asked moved another hotel, spent 3 nights dubai beach marine spa 2 long, moved The meridien minah sayhahi (not sure spelt correctly) It brill recommend it.The dubai beach marine good want go club boudoir good music waitress giving free champagne tasted like crap nice touch.If going dubai highly recommend ritz carlton stay treated like rotyalty.",-0.06343750000000002,0.6273263888888888,Jan 13 2005
56,56,Excellent excellent excellent!!,1.0,1.0,Nov 17 2004
57,57,lovely place stay fantastic atmosphere,0.45,0.825,Oct 9 2004
58,58,Disappointing rooms,-0.6,0.7,Oct 7 2004
59,59,great place!!,1.0,0.75,Sep 24 2004
60,60,Excellent Hotel- BETTER YOUNG!,0.5416666666666666,0.6333333333333333,Sep 14 2004
61,61,dissapointing expected,-0.1,0.4,Aug 29 2004
62,62,Best choosing another hotel...,1.0,0.3,Aug 28 2004
63,63,Not 5 Star Delux claims be.,0.0,0.0,Aug 27 2004
64,64,Lovely view oil refinery beach.. !,0.625,0.75,Jun 23 2004
65,65,Fantastic!,0.5,0.9,Jun 6 2004
66,66,Bellissimo,0.0,0.0,Nov 10 2009
67,67,magnifique,0.0,0.0,Sep 12 2009
68,68,Mejor volver,0.0,0.0,Jun 30 2009
69,69,Ottimo per relax,0.0,0.0,Apr 15 2009
70,70,scadente!!!!,0.0,0.0,Dec 2 2008
71,71,Traumurlaub,0.0,0.0,Jan 23 2007
