,Unnamed: 0,Reviews,polarity,subject,Dates_extracted
0,0,"I would recommend I got offer booking.com 1080 AED 4 nights make first negative impression reception, I asked thaat I would like get ofer uncle possible otherwise I look alternative, accept hardly..then I told I want stay one night rate possible, firstly accepted (reception's night shift ), day refused (day shift) I told colleagues accepted request, became upset begajn think idea accept without loosing money( name Richard), manipulated rates added 110 AED last night. ZIQO another Hotel chealsi would better..",0.06346153846153846,0.42371794871794866,Sep 27 2009
1,1,"oasis desert u find touch gulf , india &amp;the far east. food excellent ambeinece good,service perfect",0.7000000000000001,1.0,Jun 2 2009
2,2,"Reasonable value money option stay Dubai First mention - changed name Country Club Hotel Dubai.The wow, actually nothing great hotels around Jumeirah, even Deira etc. But given price paid good option stay Dubai.The rooms quite ok - Indian, little overdecorated style, huge, nice, new bathrooms.The breakfast good enough fill stomach morning. Reception quite slow really helpful. But I mind take family all. (This usual criteria acceptable acceptable hotel)The location great either, nice views, roads rather older buildings aroundSo I would say good value money (we paid 350 AED July, 400 AED August 08 double breakfast), great price Dubai",0.19350131752305663,0.5511396574440053,Sep 14 2008
3,3,"Awful Really poor location, right busy highway. Staff reception rude helpful big mix reservation. I eat breakfast I cant comment catering. Taxis really difficult come by. I wait long time one arrive. The worst complaint though already raised previous reviewers. LOUD music played 0300 regardless request please turn music down. A really poor I would never stay again.",-0.2683219954648526,0.5486621315192745,Mar 23 2008
4,4,"Not great staff made even worse First, lobby smelled musty looked old. The rooms much better bearable. The bathrooms clean. I eat floor restaurant (adjoining business center) sticky. I also significant problems internet. When I got there, young ladies reception desk rude smile all. They also complained loudly 'stupid' customers calling asking 'very stupid' questions. Definitely welcoming. I could access internet room reception offered support whatsover. I went downstairs lobby asked help refund. They initially refused either. I went business center. The thing going lady there. I believe name 'Miss Blossom'. She helpful hotel's computers connect internet. She let use computer (I 2 urgent emails send) charge. The helpful person young man reception (I saw once) helped get taxi.The close nice mall. That one highlights.I recommend all. Especially price.",-0.049382716049382706,0.6123456790123456,Feb 6 2008
5,5,Enjoyed stay Have seen lot reports - certainly experience same.We arrived lot earlier able officially get rooms - reception arranged us.Breakfasts choice wide enough - found staff pleasant - especially them.Smoking bar could problem - however 3 bars.The Phillipino bar lively group energetic short talent.Rooms ample space. Hotel clean tidy wonderful Indian restaurant authentic food extremely good - entertainment provided Indian group good intrusive.Comments taxis valid - certainly easy come set slightly back main road.If want cosy one do. I would go back amenities offer smallish acceptable,0.3332580463015246,0.5761387163561077,Jan 17 2008
6,6,Never Again The staff rude slow. The rooms OK room disco played loudly wee hours morning. Even I rang front desk music turned I told would ask ring back - I'm still waiting phone call. If smoke love watching soccer best you. I think I got lung cancer sitting one drink dinner. Something needs done air conditioning system could cough smoke. It's wonder smoke alarms go off. You tell I'm non-smoker. The location terrible unless need go hospital want walk around 'new gold souk' dead would miracle still business get there. Food average. Would never recommend anyone family stay there.,0.010062160062160052,0.4494949494949495,Jan 6 2008
7,7,"Just OK! Take wash cloths Chelsea any! The room nice clean I complaints whatsoever. The staff TIRED dealing guests smile call ma'am. The NOT within walking distance ANY place except hospital. Speaking which, brand new hospital 24hr Emergency Room right next door....this, I think, plus. One must taxi everywhere he/she rental car. The &quot;travel desk&quot; coordinator TWO recommendations &quot;things Dubai&quot;; thus, Leisure magazines placed room extremely helpful. The lobby nicely furnished lots restaurants choose within hotel. I arrived Chelsea around noon get checked-in well 2 pm. Knowing I would taxi everywhere, I probably stay again.",0.23182650682650682,0.6434815184815185,Dec 12 2007
8,8,"chelsea situated long way everything noisy motorway ( next industrial area ) quite expensive taxi fares.the rooms spacious clean, pool roof view, makesure dont go ramadan restuarants open day makes holidaying difficult.Staff friendly food good.",0.15052083333333333,0.48125,Dec 1 2007
9,9,"Best suited Business Travellers Stayed Chelsea convenient location business trip. The around ten minute drive airport handy business meetings. The rooms large reasonably comfortable breakfast adequate.The location great want go coast Marina since need take taxi everywhere. That said, get taxis easily cheap.The pool 12m long OK short stay exactly kind environment relaxing.All good value money suitable business travellers budget.",0.32338935574229694,0.5833473389355741,Nov 16 2007
10,10,"Good long way town We stayed Emirates stopover stayed 3 nights. The OK, long way city/coast areas take taxi go anywhere. Our room spacious bathroom good size. We hot-water day system broke - advised find could hot shower. They provide good breakfast evening meal. The staff well trained polite, people front desk friendly everything effort. If I travel Dubai I would probably look central location.",0.31540404040404035,0.498989898989899,Nov 13 2007
11,11,"Moderate We stayed Emirates Stopover October 2 days.We allowed check reasonably early although know Emirates Flights Australia arrive early rooms ready straight away. The reception staff could learn smile, would help exhausted 24 hours plane. Room big fine althought totewsl seen better days. Breakfast OK willing staff small area main lobby. The looks feels like ex-pat drinking hole geared business types families. also isolated although taxis cheap compared UK. Overall bad 4 stars elsewhere East would go back Dubai one huge building site!HALondon, UK",0.1780701754385965,0.45526315789473687,Nov 2 2007
12,12,"Get fast rates low Just returned four days Chelsea, Bur Dubai, business trip two colleagues.The service high standard. Food room service excellent. The high-speed internet worked well. Staff well-trained efficient. This one hotels I stayed at, Dubai, staff treat paying guest. Everything went without single hassle.I would recommend anybody expecting 5-star accommodation affordable rate.",0.12644642857142857,0.4114107142857143,Jun 8 2007
13,13,"Problems Start Finish Chelsea Hotel, Dubai, UAE: &quot;Problems start finish!&quot;Date: September 15, 2006Reviewer: J. Daniels, Scotland, UKNote: review Chelsea Hotel Chelsea Tower Apartments (same group â different building)Hotels Website: www.crimsonhotels.co.uk/uae/chelsea_hotel/In September 2006 went holiday Mauritius. We decided 11 days Mauritius couple days Dubai return stop change planes. We booked Chelsea Hotel travel agent really know anything except rated 4* Hotel. The base see Dubai somewhere sleep travels.Friday 15th Sept 2006TaxiWe arranged paid advance collect us airport private taxi 6.00am Friday morning flight got in. There taxi waiting! I waiting 30 minutes phoned told driver waiting airport exit doors. After another 30 minutes checking every firm driver exit doors I phoned told leaving spoke would us airport 10 minutes wait exit doors. 35 minutes later arrived. He apologetic anxious would complain might lose job. In fact whined way hotel. He annoying I tell several times quiet. When arrived least bit interested wait hour half transport arrive. RoomThe room, let us early â 10.00 am, good â cool, quiet, lots marble, comfortable bed, etc.. As I slept overnight Mauritius I collapsed bed slept 5 hours exploring Dubai.Saturday 16thDayToured Dubai â tried ski dome (fantastic) etc..NightWe arranged early breakfast Sunday morning leaving 4.30 go airport pre booked taxi.Confirmed front desk transport would take us airport.Went bed early. 9.00pmWas awakened loud music filtering room.Complained front desk said music must room next mine I knock door complain â I told front desk sort problem.After another hour loud music I decided find coming from. It neighbours room, room room. In fact coming nightclub ground floor, 4 floors down, close till 2.00am. Unable sleep.Sunday 17thBreakfastWent breakfast 3.30 find 24 hour cafÃ©/breakfast area closed cleaning. After complaining management, really interested, eventually managed get tea toast (we paid advance full English breakfast).CheckoutThey check mini bar could leave tried charge us packet nuts taken - I refused pay. Eventually let us leave feeling like criminals. The attitude management staff atrocious. They interest customers whatsoever. The seems full American workmen spend money hotel. It NOT tourist hotel. Avoid Chelsea Hotel cost !!!",0.01992690058479532,0.45897660818713465,May 24 2007
14,14,"Not missed ! My girlfriend I stayed Chelsea Hotel last week thought excellent value price paid. We got free upgrade executive suite although I can't comment size quality standard rooms. The exceptionally clean. The equipped roof top pool, jacuzzi, gym etc .... good bars Thursday (ladies night)and Saturday (sport), full vibrant, mainly ex-pats go get beer. The staff polite helpful. In taxi pretty much get anywhere within 20-25mins maximum taxis cheap.",0.3,0.4788888888888889,Feb 15 2006
