,Unnamed: 0,Reviews,polarity,subject,Dates_extracted
0,0,"Thank You We would like say Thank You staff made 8 night stay Residence &amp; Spa One &amp; Only Royal Mirage Dubai memorable holiday. The care attention detail insurpassable said team staff certainly trained highest standards. The managment team deserve credit plain see motivation, dedication courtesy reflected staff absolute pleasure experience impeccable manners. The Residence whole totally relaxing lovely ambience. The food Dining Room wonderful, well balanced menu's exceptionally well presented. The chef's deserve special thank every meal delight.We definately staying Residence future visits Dubai.",0.3449206349206349,0.6783333333333332,Oct 13 2009
1,1,"A true Gem I returned first visit Dubai I took family birthday celebration. I heard lot luxurious hotels part world I high expectations. The whole place certainly luxurious puts plateau others intimacy. It 48 rooms made feel special valued staff. We always greeted name entered building even lounge area. The building low level room opened patio area overlooked gardens beyond - sea. We upgraded suite spacious furnished highest standard standard rooms children occupied.The pool gardens top class air peace tranquility, luxurious sunbeds gazebos offering shelter sun. However people want something lively plenty going Arabian Court Palace adults children. Guests Residence free use facilities hotels,which case guests hotels.The staff training second none although staff ultra attentive without making feel overpowered. Because special birthday surprised flowers, cake spa treatment voucher. We get eight restaurants Beach Bar Grill,The Dining Room, The Rotisserie Eauzone excellent. We half board basis helped costs Dubai expensive place visit.When time leave staff thought everything arranging taxis, wake call breakfast rooms 4am.Five days long enough thiswonderful hotel, I hope wont long return.",0.17438031104697768,0.5066402116402117,Sep 28 2009
2,2,"FABULOUS! We returned wonderful 8 days Residence &amp; Spa. This first visit (we normally stay Dar al Masayaf) disappointed. We decided last moment take two children (19 &amp; 21) us wonder whether may bit stuffy two students!!Not all, made feel welcome staff loved afternoon tea! It wedding anniversary upgraded us lovely suite given lovely little extras too. We ate nights Dining room excellent. In fact, much better dinner Burj long way! Ate one evening Ninas indian restaurant excellent. We also ate The Marina restaurant (part Jumeriah beach hotel) always visit Dubai excellent too!! What else I say? Oh minor complaint call I think pool area adults pools cater children adjoining hotels. Although one two children well behaved I say, I would preferred peace adultsonly. apart ugly building work going front (palm island!) monorail station right wonderful place stay would definitely revisit!! Oh, spa great too!!",0.34413265306122437,0.6950255102040815,Sep 23 2009
3,3,"Plush shame view The One Only Dubai indeed little gem Dubai, hard beach Dubai view Cranes. Whilst hotels fail aspect (withthe exception Atlantis sea facing rooms), One Only manages superbly. Nestled Main Jumeria road covers lot surface area divided differing residences, pay better residence. On arrival check main hall exceot gold room whisked building possesses checkin. Staff superbly trained cater needs requests. Breakfast well provided location main area become crowded times. The Spa (now renamed) part Givanchy brand seemed plenty treatments obtained areas less, massage personel hotels highly skilled region. The pool outside open terms light spacious giving feeling hemmed people due well laid trees become nusance sun moves seem placed pool probably best lane swimmers. However openness caccooned feeling means really see sea beach much given cranes bad thing. Rooms big difference many find Dubai, reasonably sized nice seperate bathroom wooden decor. Ultimately superb, well managed appointed, given price expect. What makes stand access centre town exclusiveness friendlyness.",0.20822072072072073,0.5331081081081082,Sep 15 2009
4,4,"Fabulous Stayed 6 nights Honeymoon. We upgraded suite, many lovely touches stay - rose petals bed etcBeautiful impeccable service. The food excellent - meal enjoy Eau Zone, shame ate last night we'd heard good. We would definitely return, although perhaps Aug humidity almost unbearable.",0.39375000000000004,0.6659722222222223,Sep 9 2009
5,5,"absolutely fantastic The residence spa spend week indulging absolute luxury quiet.The staff brilliant make feel special, request much them.",0.4114285714285715,0.7142857142857142,Sep 2 2009
6,6,"A niggles still wonderful The luxurious true oasis compared two hotels, form complex (Arabian Court Palace). We garden room ground floor, spacious beautifully furnished. The staff friendly helpful, really feel like 'home home'. We problems day arrived noisy kids next door, staff dealt problem efficiently found another room could move evening. We tried bars/restaurants complex excellent, especially Nina The Roof Top (both situated The Arabian Court). The main disappointment Residence fact number families young children staying hotel. This particular problem pool. We surprised adult-only policy, especially considering two larger hotels complex, far kid friendly Residence. However, all, lovely excellent facilities. The complimentary afternoon tea offered guests library afternoon definite plus missed !",0.18580729166666668,0.5427083333333333,Sep 1 2009
7,7,"Sheer bliss We lucky enough stay every year last 4 years simply wouldnt go anywhere else relaxation.Out 3 hotels within The Royal Mirage , smaller 50 bedrooms therfore intimate staff addressing name remembering like eat drink.Bedrooms spacious incredibly comfy beds, even z bed daughter slept comfy.Clean fluffy towels replenished every morning night lovely Molton Brown toiletries.Cool towels round pool twice day, sorbet and/or fresh fruit continually flowing complimentary water nice touches believe arent every hotel.Our 4 year old daughter treated like princess much cried woke last day didnt want come home (shes allready filling piggy bank next trip)Children welcome although may prefer pool The Arabian Court make noise splash pool.We tend spend day flitting beach, Residence pool Arabian Court pool (dont think could done whole day around AC pool surrounded fat sunburnt Brits swigging beer!).Afternoon tea The Library, also complimentary, outstanding management always make visible chat guest.Breakfast, whether room service eaten The Dining Room great huge variety. With food allergy pain eating away home, well catered for.Nina (AC), Beach Bar Grill (Palace) Tagine (Palace) great want buffet style head Rottiserie (AC) Olives (Palace).The grounds (including beach) spotlessly clean staff greet maintenance manager.For husbands birthday cake, flowers present (voucher Hamman treatment) left room breakfast.When stayed New Year given recipie book, dates photo frame daughter story book stuffed camel!This return rate around 80% sign good really is.With global economy way moment lots cut price offers The Palace Arabian Court but, without sounding like snob, two hotels therefore, attracting afformentioned fat sunburnt Brits.If want name number, peace quiet total relaxation The Residence really place stay.Now im hunt back sofa loose change start saving next visit!",0.22736102281556825,0.43624563567745384,Aug 26 2009
8,8,"Again another magical stay ..... This best Dubai, that's return, year year!!The simple personal touches, attention detail shere luxury, Residence &amp; Spa all, 400%!We travelled parents interconnecting Prestige Room &amp; Junior suite. Great travelling kids space cool noon, went inside heat.Breakfast Dining Room - delicious, dinner Dining Room - superb, dinner Rotisserie (Arabian Court) - plenty choice kiddies delicious, dinner Nina - Indian place dine!Menu Dining Room The Rotisserie changed little often dishes turned up. But again, many guests stay 12 nights .....Afternoon tea Library: scumptious!!!And yes, use well equipped gym Spa :-))))))Oh, like go out? Check Kasbar (next Palace)!!!! Expensive drinks great nightclub, even us (in forties 3 kids - hahahaha!).Many thanks Mr Philippe, Fikri, Roshan, Mary (KidsOnly), Raj (pool), The Dining room Chef, staff made 12 night stay memorable again.We shall return, soon ....................",0.3300925925925926,0.5855253212396069,Aug 17 2009
9,9,Beautiful Hotel I highly recommend hotel. We got waited hand foot could asked better stay. This staff made holiday magical.It true say...you get pay for!!,0.51421875,0.6725,Aug 9 2009
10,10,"A week pure pampering! I cannot recommend highly enough. The rooms spacious, clean well maintained, wonderful Molton Brown toiletries. We asked see roof-top room, kindly let us change rooms became available, extra charge! The staff service second none - nothing much trouble really genuine. We ate two restaurants Palace, food average. For remainder holiday ate Dining Room Residence first class. The beach clean, unfortunately like rest Dubai lacks beautiful view due excessive building work carried out. We experience construction noise Residence, soon walk Arabian Court Palace become aware noise. The pool wonderful well looked after. If want relaxing vacation go to.",0.24769423558897247,0.5767543859649124,Aug 7 2009
11,11,"Perfect honeymoon The Residence We booked week's honeymoon 25th July EVERYTHING perfect. We concerned heat absolutely fine - hot fine sit pool. The service impecable staff enough - always smile. The Residence particularly special small boutique feeling. The manager friendly comes speaks guests personally make sure ok - honeymoon arranged 36 roses put room, changed half way week. We also given breakfast bed one morning. Our room magnificent - comfortable pillows bed I ever slept on. Beautiful bathroom lots Molton Brown goodies. Very quiet could sleep wedding tiredness. Breakfast caters tastes - fresh juices, Arabic food, fruit, cheese, cereals, yoghurts hot la carte menu - plus enormous basket pastries, brioche toast. We found need lunch ate breakfast quite late took advantage afternoon tea The Library - delicious! Fortunately fantastic gym The Residence work excess calories. I heard gym The Palace good. We tried restaurants dinner favourite The Dining Room The Residence others also good - Eau Zone, The Grill Nina. We tried Celebrities breakfast, dinner The Rotisserie felt The Dining Room much better - service food. We visited water park The Atlantis - fun day since heard Wild Wadi better. We desert excursion - good fun touristy. The malls worth visit - caught sales.We treatments hammam wonderful.All loved â cannot criticise anything wouldnât recommend anything differently. We going back The Residence future probably wouldnât stay Arabian Court The Palace.",0.3716978458049886,0.5627456538170824,Aug 4 2009
12,12,"Simply best My family stayed mirage residence staying almost jumeira beach hotels.I must say always going stay on. Anyone dubai tell even 3 star standards comparable 4-5 star countries.The residence definately traveler want bothered noise families regard respect peace travelers. I glad residence guests exclusive use dedicated pool area, But also loved fact could use facilities Arabian court palace. Staff best usually address name great touch.perfect well worth price pay.",0.34545454545454546,0.5097402597402597,Jul 22 2009
13,13,"Perfect Residence This third stay Residence &amp; Spa.The excellent offers high level service discerning traveler.My wife &amp; I stayed many good hotels including Burj several occasions still feel overall offers intimate yet relaxed service. You made feel incredibly welcome.All rooms spacious, immaculate well presented maid service twice per day. The bathrooms spotlessly clean range Moulton Brown products replenished everyday.On arrival met familiar faces remembered us last visit, offered refreshing drink shown room ready us. We also offered breakfast hungry (which were!).The residence &amp; Spa offers &quot;boutique&quot; feel small (some 48 rooms so) set 60+ lush green acres. The facilities superb well equipped gym.All rooms excellent access pool main reception. My advice families small children Residence &amp; Spa really &quot;grown up&quot; place stay noticed one family small children playing pool asked use one sister pools kids wanted play. I felt little harsh I also understand Residence spa people relax &amp; unwind.We didnât use spa facilities time around done excellent. Especially Royal Hamman. Try it!My real issue offer free internet access room I work morning I felt cost, Â£20 per day, little unfair. Itâs small thing kept stating I &quot;supposed holiday&quot; all! You however use business centre free check emails etc.The restaurant called âDining Roomâ excellent. We benefit half board proved fantastic value money. The dining room offered superb cuisine I noticed menu changed regularly stay also offered excellent wine paring options. Another benefit half board could also eat One &amp; Only restaurants two hotels nearby, namely Ninaâs Arabian court fantastic Indian restaurant twist.On final night special dinner dining room prepared chef. It simply amazing.All staff Residence Spa credit company nothing problem. They look moment arrive number one priority stay. If hotels took leaf Residences book.We would like take opportunity thank staff Residence &amp; Spa making stay special would also like take opportunity say big thank Bernd always goes &quot;extra mile&quot; time stay making holiday perfect. Thank you!",0.24887561576354683,0.5790906277630417,Jul 21 2009
14,14,"A fabulous My mother I originally booked Palace I emailed inform I would like us based room easy access I travelling eighty year old mum ( I also told belated 80th present her) upgraded us The Residence. This break present Mum following father's long illness. He sadly passed away earlier year. Therefore, really important thoroughly relaxed fabulous time. Well, One Only surpassed expectations. The Residence elegant refined club/boutique air it. It fifty rooms really feel receiving personal attention times. The pool area beautiful plenty shade sun loungers beach immaculate almost empty. You definitely need get early grab right spot hotel! At pool beach brought cold flannels, iced water sorbet even cleaned sunglasses! The staff Residence fantastic without fault. They could enough us always smiling interested day general wellbeing. My mum also delighted presented fabulous flowers, cake perfume.We ate residence dining room food gorgeous; also ate beach bar grill also lovely. The roof top bar Arabian Court must. Also afternoon tea The Residence delightful. Both Palace Arabian court also looked nice little busier.... although looking buzzy atmosphere may better option. Guests The Residence use facilities hotels The Residence facilities exclusively Residence guests. Therefore, little choosy want spend day!Dubai great place visit. We went Gold Souk mum bought lovely diamond ring. We tour city saw large hotels landmarks visited Dubai Mall. Apparently largest shopping centre world. We also took sea plane ride city.... must really puts scale place perspective.... even flew around world's highest building!The building work Arabian Court obvious either Palace Residence probably even spoil stay Arabian court itself, although see it. However, sort get used seeing building work Dubai quite lot going on.... although apparently much before. Also Palm opposite beach prettiest look ( apparently One Only bout Island opposite going put villas it) really spoil much.If want buzzy, big Las Vegas-style would probably better Burgh Al Arab, The Atlantis Madinat Jumeira. But want refined quietly glamorous retreat away hustle bustle perfect spot!",0.21654112554112556,0.571017316017316,Jun 24 2009
15,15,"Best Hotel Stay Ever For second trip Dubai 4 years I decided avoid Atlantis negative reviews One &amp; Only seemed best rest (I already stayed Burj). It seems I made right choice, especially choosing Residence two hotels sprawling 65 acre complex. The Residence smallest far quietest three (most evident buffet breakfast guests would present, unlike breakfast crowds Palace Arabian Court). The Residence easily elegant biggest rooms - staff served best 4-day stay ever upgrading huge 915 sq ft rooftop junior suite including balcony sun terrace. Rooms apart, decor Arabian Court's many public spaces probably finest complex, currently put 24 hr drone mammoth carpark train station building constructed adjacent it. Taken whole resort offers everything - pools, dense lush gardens, great spa/fitness centre, 1km private beach watersports etc, abundant restaurants loads explore. Staff immaculately helpful, saying hello every time pass - talking top standards here. (The food also good, exceptional). But I think beats every Dubai.",0.2351680672268907,0.5144327731092437,Jun 24 2009
16,16,"What wonderful - top luxury Had fantastic stay 7 days last Sept.Lovely hotel, relaxed place great chill out. Fantastic pool leisure facilities spacious rooms great shower / wet room.Great restaurants top quality food.Service areas top class staff went extra mile try assist you.My complaint Dubai availability taxis nightmare, maybe end Ramandan, often wait 45 minutes plus outside shopping malls get taxi. It needs get sorted asap going compete major cities.This top notch also quality furniture fittings throughout.The Burj al Arab glitz substance comparison.I would definately pay bit extra stay Residence &amp; Spa.LightingMan",0.2668750000000001,0.4845833333333333,Jun 3 2009
17,17,"beautiful grounds We excited finally visit Dubai wanted go years now. We quite bit research decided would perfect. The beautiful, rooms great grounds pretty, certainly true 5 star money paid be!! The food delicious amenities wonderful. We loved restaurants associated resort especially Moroccan Indian fusion. We also enjoyed afternoon tea spa residence. The service par 5 star hotels couple concierge staff really went extra mile. However, felt spa residence little stuffy quite right us, unfortuanly spent allot money portion trip, exclusive us seemed cut - even beach cannot see beach pool something like. For luxury promotes exclusive check seemed unorganized - front desk staff seemed know coming although contact prior - took good 35-40 mins, expected seamless check in, told company booked (which never use again) would given upgraded room upon check guaranteed however happen. We standard room view wall shrubs corner ground floor. Eventually given different room (2 room suite good husband working trip) nice spacious. We planned go lunch Burj manager residence spa informed us reservations ended booking tea really nice fun experience, itâs must see! Also one day visit sand storm worked well went mall emirates afternoon quite site see indoor ski slopes, etc. little shopping.We experienced travelers generally stay 4 seasons like whenever possible amazing might minority, us extremely quite seem friendly â like I mentioned stuffy quite uptight. We likely stay unless given great deal; checked gave us coupon return visitâ¦The nice Dubai allot fun plan return plan stay another hotel, many 5 star hotels there!",0.3469041149068323,0.6176242236024845,Apr 1 2009
18,18,"Perfect every way It get better this. The hotel's exclusive ambience outstanding service make one favourite's world.We stayed three times (once Arabian Court twice Residence). The Residence cut rest...pure class. Unlike Oalace Arabian Court parts resort, The Residence chav free zone..there many people parading (probably fake) designer gear parts hotel. The Residence exclusive pool restaurant Palace Arabian Court guests allowed access to. This gives air mystery &quot;outsiders&quot; quite often see peple wandering trhough sneeky peek! The staff The Residence allow outsiders use pool area, always lovely quiet plety places lie out.The rooms incredible. We stayed junior suite, huge. The large marble bathroom luxurious room every amenity need.The hotel's restaurants top class - fact leave resort eat. There 7 8 different restaurants, slightly different theme.",0.3188492063492064,0.6367724867724868,Feb 7 2009
19,19,"An oasis ruined construction We spent 2 nights rate highly, main problem however construction going around a) spoils view b) makes noisy.Room: Our room large, great bathroom I would describe classical 5 star (wing chairs etc). It take exceptionally long time walk room reception low rise get used it.Other amentities: We ate couple restaurants found service food good. We breakfast Olives apart busy buffet nice. The shuttle main mall get ones city half hour drive.As I said, main issue us construction Palm Island(?) across beach resort felt took away property. You lost view across ocean construction noise go well night. We hear room. It properties fault detract. Finally I say service high standard. When transfer ran 2 hours late, followed kept us informed.",0.15975661375661374,0.4431798941798941,Nov 24 2008
20,20,Maginifique hÃ´tel,0.0,0.0,Mar 7 2009
