,Unnamed: 0,Reviews,polarity,subject,Dates_extracted
0,0,"If dont high standards right you! I went holiday Dubai begin may 2009, partner, son 10 family members friends. I really looking forward I heard much place first time taking 4 year old son holiday. arrived Dubai airport pick arranged late, phone find happening, told us 15 minutes, ended waiting hour total time come customs. finally turned realised enough room minibus 12 people also meant 12 suitcases 10 hand luggages, call another mini bus, know already cause number us group. We finally arrived given room keys give passports live scan them, I found quite odd. Finally got rooms first glance room looks OK. room smell like damp, holes chairs, room suitable 2 adults child, king size bed room, requested bed son, bedroom small could fit another bed means would putting front room, come bed, turned cot. son 4 years old baby expect put sleep cot. also time reception complain 5 times. They finally told us rooms well free morning 12 noon able look change room. going people group worst problems, bathroom dirty, fridge rusty, smelly rooms, hot water, also moving rooms three times still happy. going wait till morning see else offer. But members group unhappy room prepared sleep night there, rang booking company England made complaint. hour taken view different 2 minutes away called Jormand Hotel cleaner nicer Richmond hotel. next morning transferred Jormand [----] My advise going Dubai holiday relax go Jumeirah beach might expensive long run would better cause pay lot taxi fares every day go beach. If going Dubai shop gold, knock goods, etc like fast food need base sleep night leave stuff place you.",-0.012644551830598339,0.5425876707272057,May 13 2009
1,1,Location Quality Very reasonable convenient apartments City. Located centrally Mankhool area provides easy access Bur Dubai area Sheikh Zayed area.Recommended quiet clean area.Staying kids problem strict admission policy i.e hanky panky stuff going on. Overall great stay.,0.26571428571428574,0.5352380952380953,Apr 21 2009
2,2,"Richmond Hotel Not bad deal 3 star hotel. Staff good including room service private cab rip times. Pool size small.The gym lot choice. A good clean everything working fine bedroom, bathroom, kitchen main hall. I would definetely like come back near future.",0.29181818181818175,0.43454545454545457,Apr 18 2009
3,3,"This recommended Please read reviews even contemplating staying here, says packet. run suits, (sometimes 5 time behind reception) trying bit ruin holiday penny pinching. breakfast joke either eggs croisants &quot;no deviation&quot; ,The resturant staff surly unhelpful modern kichenette hotplate, microwave, 2 cups 2 knives, 2 plates etc; lucky! tepid water bathroom, need get early want sunbed, 4 left morning. shuttle airport &quot;free&quot; get taxi cheaper. Only redeeming feature houseboys small tip (voluntary) utmost help you.Tips: dubai great place try get somewhere near beach use base, Please visit jumeirah beach park, great place kids. use official taxis, unlicensed taxisare con, enjoy beautiful place.",0.16979166666666667,0.6520833333333333,Feb 21 2009
4,4,"Dubai?? like Delhi I wanted nice romantic week away wife, thought Canneries etc always wanted go Dubai, heard many good things it... unfortunatly impressed quite frankly glad get home week.The Richmond apartments good impressed size rooms, large bedroom, usual bathroom, kitchen large lounge area. We dulux suite upgraded us free, sure why, must reason. It clean cleaning every day new towels sheets. The workers pleasent friendly. The bad points restaurant...buffet breakfast included, 3 days didnt bother allowed spend 15dhm each, got 3 slices toast egg 1 sachet butter 1 jam oh tea coffee. The restaurant run indians intrested watching TV serving clearing tables, like thinking got paid already person care. Beware.Secondly, advertise courtesy bus airport, take 50dhm get taxi 25dhm.All Dubai expensive could due pound, (5dhm 1 gbp) time. full indians spitting everywhere, oh carefull drive cut like never seen before. As Richmond ok used base.",0.1766000666000666,0.6600863025863026,Feb 12 2009
5,5,"would SERIOUSLY low expectations happy *arranged pick supposed free [wasn't] provided flight number terminal details collection. waited hour collection, called 4 times eventually given number driver. refused call behalf. driver spoke english couldnt understand all. eventually arrived told waiting terminal 1 [there NO emirates flights terminal 1 stage] another passenger arriving flight hour later mine sharing with. dont bother pick up, cab Â£5 - Â£10 whole lot faster plentiful.*checked dirty room, grease kitchen, dirty bathroom, coathangers, cutlery, 1 plate, glasses, 1 cup [all filthy covered grease]*moved 'executive suite' next day somewhat better cleaner. still coat hangers. 1 glass. 1 plate. 1 knife..... [still dirty] filthy pan.*all tap water warm. hot. cold. pressure shower.*the cold water pool.*pool area floor beyond filthy. many cracked tiles around pool easy slip layer grime. kids give miss.*pool open...... sporadically.*gym. forget it. *two pool loungers. dirty broken. 2 pool chairs [same]*restaurant. honestly bother [shudder]*wifi access. pretty much doesnt work. charge Â£10 24 hour pass. re-issue used passes try claim fault. complain ask new pass, take old one put back bottom pile 'new' ones.*they demanded half reservation fees 2 days 9 day stay proviso needed money 'cash flow' said wanted pay credit card said wanted cash. end stay card facilities down. took long time check took 3 attempts give accurate invoice. *reception staff = elitist beyond belief clearly take enjoyment taking advantage guests. unhelpful. smug. unwelcoming.just dont",-0.013274638274638257,0.5846300846300845,Jan 20 2009
6,6,"Avoid Corrupt Racist Hotel Booked online via AsiaRooms.com, obtaining 2 night stay US$ 122 per room per night inclusive taxes.Arrived told record reservation. Pulled printed confirmation, 20 minutes lady receptionist said received it. She told rooms available, US$190 - exactly room type I booked. They would listen protests clearly enjoyed &quot;do care&quot; snobby attitudue putting someone stressful frustrating time.I give in, indian gentleman arrived check-in - guess - rate US$122. I pointed lady told lower rates Indian nationals, Europeans afford pay more. I boiling point asked see manager, either conveniently around, bothered anyway. I left booked Apartment road.I wished I'd read site review booking!!",0.050694444444444445,0.5163888888888889,Oct 13 2008
7,7,"Poor Customer Service :( I picked minibus provided I checked early. All good early stages, however I disappointed I went room found grease stains tiles kitchen dirt/grime around tap. This put cooking there. I proceeded bathroom room toilet bowl cleaned properly faeces splashed aound it. I asked someone clean up. They quick quickly. When I went back reception I asked payment straight away given explanation needed. The receptionist quite rude. I gave passport scanned I arrived, took 6 hours return me. However, asked given reason this. There also lot cooking smells room ventilation poor. The staff quite arrogant rude Dubai Shopping Festival could find anywhere esle stay. The male staff rude especially females much men.",-0.05026455026455027,0.4637566137566137,Mar 1 2008
8,8,"Dismal place - rude staff Got long flight Istanbul. We booked Studio. The receptionist Michelle, told us since studios available would upgrade us One bed apt. We naturally happy &amp; checked apartment. After crashing couple hours, travelled throughthe night, woke up, unpacked &amp; showers. At point (3hours checked in) Michelle, receptionist, calls &amp; says, studio available &amp; please check &amp; move new room! We put &amp; told already unpacked &amp; tired long flight &amp; grossly unfair ask us short period. She vociferously insisted told us giving us room hours &amp; move. If told us that, would unpacked &amp; made comfortable- blatantly lying cover mistake side. She kept insisting howver &amp; said another person already paid suite &amp; agreed move studio.We moved studio &amp; left shopping etc. &amp; came back latenight. That's discovered, bathroom door did'nt shut, theshower force all, water came drip, flush did'nt work &amp; safe room did'nt work well. We called reception, dear Michelle &amp; told faults. Her first reaction tell us previous tenant room made complaints!We asked come room &amp; check thought wewere making up. She immediately said allowed so,but grudgingly said would send maintenance people up. 3calls &amp; 2 hours later sign any. went &amp; told one come &amp; could say 'I've told maintenance people, dont come I do?' - exact words. What supposed do? We told going &amp; room done time returned, would checking - reaction - 'upto you'. No apologies, assuarances.We try get rooms elsewhere, wekend &amp; DSFwas luck anywhere &amp; forced stay there. The flush thing fixed &amp; maintenance people told us shower faulty &amp; short changing nothing could done. My conclusion room gave us fpr maintenance &amp;therefore available checked in. Later due somemix-up, forced move &amp; put crappy room. No one management side apologised told us things would put right.Rooms dated, decent size. Bathroom tiles mouldy, carpet stains. Location terrible never get taxis anywhere. Cant imagine would like summer.Stay away - charmless, dated &amp; rude rude staff.",-0.03184476342371081,0.4903973950026583,Feb 4 2008
9,9,"Not A Home From Home Richmond Hotel Apartments located Mankhool Road Bur Dubai, squeak acceptable location. They within walking distance bars restaurants, providing cooler months year, height summer would rely taxis, especially wish drink alcohol.A buffet breakfast offered, food available; however, several restaurants offer âhomeâ delivery. My âexecutive suiteâ fridge-freezer, two-ring electric hob, reasonable amount cutlery, plates, pots pans, etc. allow cooking.Only bedroom suite natural lighting, made dismal place day. The rooms serviced daily, sheets, pillowslips towels replaced. There laundry service offer, sent out, rely shirt washed ironed overnight, suit cleaned pressed. However, twin-tub washing machine bathroom, although neither iron ironing board provided.The Richmond Hotel Apartments cannot considered âhome homeâ tourist able obtain better accommodation hotel.",0.19583333333333336,0.43333333333333335,Mar 20 2005
10,10,A Ã©viter radicalement,0.0,0.0,Mar 20 2005
