,Unnamed: 0,Reviews,polarity,subject,Dates_extracted
0,0,location! location world! Our room great hight view forgotten!,0.5,0.625,Jun 8 2009
1,1,"Just Okay - Good someone looking spend much time room.- Hotel nightclub groundfloor, didnt disturb us quiet time.- Breakfast good, eggs fruits juice tea etc. Asked towel personally go fetch one. clean toilet (picture, lol). - Presence mosque 10 metres away, thus prayers starting 5am, quite disturbing dont like awake early morning. - Carrefour side road. - Bus station front hotel.Paid :470 AED 3 nights.44 AED - Airport Hotel, 14mins away40 AED Hotel Deira City CentreLess 15 AED Hotel Gold souk50 AED charged us drop us airport.",0.20833333333333334,0.42371794871794866,Jul 25 2008
2,2,"Excellent Cheap Option I stayed 3 nights end May 2007 great...Located walking distance Dubai creek taxi's doorstep well Bus terminal. Staff exceptionally helpful helping organise trips wild wadi water park also desert dune bashing arvo/evening, well giving directions - even point walking 1/2 way !Brekky basic, omlettes, tomatoes, toast, juice, tea/coffee filled included price..A great cheaper option!!!!",0.4295138888888888,0.6454861111111111,Jul 3 2007
3,3,"great budget traveller Great staff â arrived 8am, let us check early deluxe room booked standard, expecting move later day ended staying 3 nights deluxe room extra charge.The buffet breakfast others described, toast, one type spread, one type cereal fruits. The rest mostly Indian middle eastern food fine light breakfast â especially free room.As also mentioned before, nightclub level one could hardly hear level three â I would still suggest ask put level 3 higher though incase.The downside staying right outside mosque, 5 times day greeted loud prayers coming several megaphones top mosque 20minutes. The time really disturbing one wakes 5am!We found staff helpful, overall good cheap travelers budget.",0.21588669950738917,0.5354269293924467,Apr 7 2007
4,4,"New Penninsula Old Penninsula stayed 2 weeks November, pleasant stay all, arrival I though I got self into, looking build looks old dirty facing bus station, going main entrance staff friendly people, I didnât like rooms much looked dull, air con working well toilet facials could better, also wall room built like cardboard, u hear next door, even nightclub/disco 8pm till 3am, 2nd floor u could hear music, personally I would go again, avoid place looking nice clean quiet Dubai experience",0.070325311942959,0.42340463458110517,Dec 20 2006
5,5,"This suited requirements I stayed 2 weeks March. It one cheaper hotels I could find. Hence I expecting Taj mahal! I single woman travelling alone often returning past 11.00pm. I never hasselled harrassed anyone.It located near Dubai Creek textile souk. Some great local restaurants nearby. My room dirty described reviwers. It cleaned daily basis whole refurbished I there. Re painted, new matresses sound like new carpets too. Heeding advice previous reviews I asked room third floor given one 5th floor. I slept soundly. No sounds night life prayer time.Breakfast mix indian western. Fruit, eggs description, yoghurt, I always found something appealed. Not cordon bleu adequate. I staying budget hotel.The hot water learning experience. I experienced luke warm water first days. Then I enquired reception desk anything could fix problem. &quot;Certainly madam&quot;. The staff showed hot water switch directly outside bathroom door I need turn 5 minutes shower day! Plenty hot showers that.If looking 5 star 3 star prices, you. If looking westerner middle eastern country, you, If looking 3 star 3 star prices vibtant quarter Dubai, spice souk, gold souk prefume souk short abra ride acorss Dubai creek I would recomend book in! I found fine.",0.15480828695114407,0.3734539270253556,Jul 2 2006
6,6,"Dont Even Go There. stayed 2 weeks half stuff put review, ie.. radio, air con good, trouser press hair dryer cater english way, theres cold water dirty, people done great job room cleaners, final thought stay away.",-0.002083333333333326,0.6645833333333333,Jun 5 2006
7,7,"Dirty Stayed short stop break long flight. The room looked grubby dirty marks walls, facilities included description seen window even close properly. To top off, work going outside room carpets piled 2 feet high fire exits!! Breakfast consisted curry chicken burgers, interesting also fresh fruit toast available. Also, nicest areas probably suitable choice 2 young women stay at.",0.08928571428571429,0.5278571428571429,Mar 7 2006
8,8,"Trully budget I passing Dubai wife, decided stay night, mainly price.Having stayed less 20 hours, I say returning anytime soon. The looks old run down. The rooms clean breakfast buffet much buffet all. The located area city I would feel comfortable female family members stay alone. The positive friendly staff.",0.09030762167125804,0.44191000918273643,Mar 2 2006
9,9,"A pleasent stay.... I returned week staying New Penninsula Hotel Dubai.On first arrival, I little uneasy leaving passport staff reception, assured they'd return soon they'd finished promised I bought room within hour.I found staff extremely pleasant helpful, happy advise places I visit, directions I take best times go. The located next local bus stand, easily find taxi, although staff always offered get transportation knew I going out.It's located near Carrefour supermarket, never go without anything small traditional restaurants within walking distance.It's less 10 minute walk creek, well worth visit, Heritage Village along here, night comes alive traditional Arabic music, food dancing, well small stalls selling goods.The offers excursion service, told kinds activities offer prices If interested trip booked arranged you. I went desert safari, one highlights trip.The situated right next mosque, obviously Prayers said sunrise throughout day, something troubled me, mosque virtually every street, something would probably find hard avoid matter stayed.My room New Penninsula Hotel nothing fancy, everything I needed pleasant stay. The cold water fact warm water I found case everywhere I went, I think something fault on. The room cleaned everyday free newspaper left room.Breakfast 07:00 - 10:00 choice fantastic!As numerous restaurants hotel, music played night heard rooms may bother guests, I third floor assume I far enough away problem, I imagine guests floors may kept up.I plan returning Dubai soon would hesitate staying New Penninsula again.",0.129460816960817,0.47968420468420475,Dec 1 2005
10,10,"AWFUL...awful place !!! Avoid place costs...We decided Dubai last minute place available reason!! Its nasty experience..Rooms really dirty - bed spreads stains them..I didnt want get bed shower filthy...They're way I taking flip-flops. Also mosque right next door prayers starting 6 morning, speakers pointed directly hotel..The hideous disco music stopped 3 downstairs.. Cold water roasting - staff refused give safety deposit box...this place terrible..i moved one night..",-0.11892857142857143,0.5322380952380953,Oct 13 2005
