,Unnamed: 0,Reviews,polarity,subject,Dates_extracted
0,0,"WILL STAY THERE AGAIN We stayed Hotel 5 nights (married couple) future.Location perfect,rooms clean staff nice.This Hotel bargain comparing Hotels.It still new ,the morning buffet breakfast ok one needs.If make recommendation place coffee/tea making facilities room.Taxis available 24 hours nearest metro station 150m away.Just accross street Deira City Cente Shopping Mall.HEIN FROM SOUTH AFRICA",0.22111742424242425,0.5144886363636363,Nov 16 2009
1,1,"Simply place stay budget Me ten year old son decided go short trip around Emirates.Arriving late evening Qatar Frankfurt Doha IÂ´ve looked place stay close airport expensive.The Ibis fullfilled needs perfectly. Not ten minutes cab Terminal 1.Only short wait check-in. The guy real friendly offered us immediatelly asked room eight floor.The room large spacious enough two separate beds. No airport noise, possible follow planes window.Shower bathroom clean noise rooms beside.Breakfast also expensive, buffet style, everything need alsoreal good eat outdoor warm morning wind.Nearly time wait check-out problem store bags there.Another plus location meters around corner entrance new real recommendable new Metro.",0.1293418882704597,0.5159431045145332,Nov 12 2009
2,2,"Good value money without standard room provisions We booked brand new, right oppossite favourite mall cheap. I found room bit small, since best friend going share, problem. However wardrobe designed without door, drawers room all. searched high low! dont get mini bar, dont get hairdryer room, dont get iron ironing board. hairdryer beg staff told used, shouted manager, provided new one hid suitcase returned left. iron irnoning board request porter time needed it, bathroom two towels bit nightmare - one bath size one hand towel. bathroom toiletrrie, well one, hand wash body wash shampoo conditioner, one bottle. I used ever stay 4 5 star hotels, since travel oftent dubai, settled ibis. Oh, room service food drinks,so need cup tea, must carry room yourself, tea making facilities room either! despite lack BASIC ROOM PROVISIONS, would stay again, clean, staff nice cheap people want shopping day . bit shame though , wish ibis would provide basics. next door accor actually much dearer.",0.1845699228307924,0.5056437041219649,Nov 3 2009
3,3,"Average Brand new hotel, basic, seemed along way anywhere",-0.004545454545454547,0.33901515151515155,Nov 2 2009
4,4,"NICE ENOUGH GOOD POINTS --Cheap Dubai, clean, helpful staff, near metro/bus routes, near mall, cheap food nearby.BAD POINTS,Poor breakfast choice, great location sightseers, suitable anyone wanting walk anywhere, small rooms.DETAILSMy wife I stayed 3 nights, one cheaper hotels acceptable needs. It 5 mins taxi ride airport across road mall. Food drink expensive UAE mall food hall great choices good prices,try freshly cooked Italian food outlet.I taken Dubai although I would recommend hotel, I would recommend staying Dubai. It one large building site unless want spend lot money lot do. Shopping prices UK. The Metro good cheap limited coverage I would recommend getting silver pass allows bus metro travel combined, keep topping need to. You pay metro bus stations pass jump bus pay cash. When get bus swipe card make sure get swipe (ensure registers) get maximum fare deducted.",0.2171532091097309,0.5876224982746722,Oct 10 2009
5,5,Fine Excellent price (Dhs 295). Great location (directly opposite Deira City Centre Mall road new metro). Check-in quick. Room fine. Internet connection worked (Dhs 60 3 hours). Only disappointment breakfast (Dhs 55) - massive choice.,0.21340679522497705,0.5812213039485766,Sep 30 2009
6,6,"Great Location Great Hotel Great service This husband I's first trip Dubai really know expect! I read previous Ibis reviews trip I disappointed.The reason trip 'shopping, shopping, shopping' (well reason anyway!) across road one best shopping malls Dubai (in opinion) The check-in service quick people checking in! 1am morning. All staff spoke 4 night stay kind, friendly helpful. There also free shuttle bus beach need pre-book reception, times leaving 9am 12pm coming back 3pm 5pm. The beach charges 5dhs per person get in.I could really fault hotel, room big enough two people, always clean, bathroom although compact problem all.The shopping mall outside window too! little word warning, get lifts make sure put room card slot take see green light press required floor otherwise lift move! explained us reception desk found getting stuck lift.Overall great hotel, nothing like Ibis hotels get UK, I would recommend staying anyone.",0.3032986111111111,0.49745370370370373,Sep 24 2009
7,7,"One Best Budget Hotels Dubai This brand new (Opened November 2008), itâs clean shining.The location great, across street Deira City Center (one major malls Dubai), itâs 5 minutes drive Dubai airport.The rooms tiny, good two people only.Advantages:- Good looking place sleep only- Free car parking availableDisadvantages:- Internet free- There refrigerator room!!- No safe box room- No tea/coffe making tray",0.26946386946386947,0.5849650349650349,Aug 24 2009
8,8,"Nice Hotel Nice Location Had stopover Dubai 2 days. If short trip budget - search more! Great Hotel purpose. Location - good, close hop-on hop-off bus stop mall. Rooms - small, comfy. Staff helpful polite. Our view window great. And QUIET CLEAN!!! There's shuttle Jameirah City Park Beach.Minor grudges: extras pay - swimming pool adjacent Novotel, Internet - expensive, wi-fi, breakfast - really great, want smth like $20 bucks (included room service), local phone calls additional charge.",0.22597470238095244,0.5902380952380952,May 7 2009
9,9,"Great Location Room: Very basic, clean room. Had everything youâd expect safe. Standard basic, frills room.Rating: (3.5/5)Staff: The staff hit miss. Some great knowledgeable, whilst others idea simplest things (like time shuttle departed airport, didnât know find out) Rating: (3.5/5)Location: Only minutes airport, free shuttle. Literally across street City Centre Mall (landmarks come handy taxi driver thatâs job day) Only 15-minute taxi ride anywhere. Downside, want lounge pool isnât one, pay small fee (never inquired price) go Novotel, complex minute away. Rating (4/5)",0.08508771929824563,0.6269736842105263,Apr 23 2009
10,10,"Very Basic Ibis Deira City Centre - dont expect much I suppose get pay for. Its basic, clean well serviced. However, long way hub city. Easy get taxi downtown taxis didnt want go back there. Took hour get taxi take back. The staff knew problem didnt tell me. Only steps across mall... great supermarket! Good shopping there. You pay use pool gym equipment, I thought rip-off. Staff got snitchy I wanted pre-paid breakfast 4am (I wanted tea toast tea makiing faciities room).kids running corridor 1.30amI complained kids running corridor 1.30am, staff laughed said happened time couldnt anything it. Very basic hotel, nothing flash all. Ok youre day. ps. cant get meal restaurant Friday night closed.. either go without get something the. mall. The little cafe lobby expensive",0.07397342995169082,0.41396135265700484,Apr 10 2009
11,11,"IBIS good Sleeping HiI stayed visit GESS Airport Expo month March , probably cooler Dubai .Dubai said expensive city , find Hotel USD 100 understandable . But Hotel TWO STAR Hotel terms service say No frill . You need go sleep end day . There entertainment Room , TV Reception poor , Small Room Very Small Bathroom , No Toiletries , nothing one bath gel . You need pick luggage Pick Bus. For I fortunate find Indian Guy actually security helped .IBIS near Novotel ,and interconnected . Its Clean No doubt , straight away go City Centre walking distance Hotel .Taxis easy available , Hotel help this. The way take Hotel Cab going cost atleast 30 Dhms get Taxi good .Its near Airport around 20 Min , Pick faciltiy bad , I mean shuttle miss one necesary next half hour took one hour Airport Hotel ( waiting shuttle) But Guy good helped finding something eat etc .IBIS nothing offer , Absolutely Nothing , Even Bar nothing eat, except beer Break fast good menu . All mixed kind .But looking Cost Effective , neat safe place , Go . But go want Good Services etc .Final Point Card Entering room wrongly printed need use opposite side Arrow ( They would tell ways)Thanks Rohit",0.08075980392156863,0.5632107843137255,Apr 8 2009
12,12,"Clean Tidy Helpful I would definantly stay I stayed Ibis Deira City Centre March 2009, I really good stay here. Reception people spoke good english helpful. The rooms basic clean. To get taxi problem, pull outside regular go acorss road Deira City Centre get taxi there.There also free shuttle bus going airport every half hour brilliant,. also provide free shuttle bus beach well (round trip).The one problem I internet, I paid 1 hour usage went 5 minutes, I didnt pop box saying log I shut computer let receptionist know shut logged internet usage, assured would have. Well surprise surprise, next time I went 1 hour usage totally finished, I spent good half hour arguing IT man didnt see point I making NO pop box saying log out. In end manager kindly said could use PCs around back anytime stay. ( I dont know didnt give us another card).",0.1915555555555555,0.4780213675213676,Apr 7 2009
13,13,"Clean Comfortable Convenient! I liked Ibis, The housekeeping staff great. The staff desk efficient easily distracted could get bit &quot;uppity&quot; questioned.The room clean comfortable. The bathroom bit cramped I would liked Shower door double door could shut one showering. Ibis frills things supplied one asks. I would liked options TV viewing. The room OK solo traveler might cramped 2 people family. The view room bit voyeuristic I looking onto Swimming pool The Novotel swimmers........also night drapes come quite number Novotel guest would get quite good show !!!!The location fantastic. Its easy get cab one also walk mall get buses. Likes: I could walk get tons choices eat form either around mall cheaper Hotel!! Dislikes: Because frills hotel, fridge even kettle room.All nice I would stay again.",0.4535069444444444,0.6447222222222223,Apr 2 2009
14,14,"Not greatest. We decided stay decent experience first time back December. It's good location rooms new clean. This time around greatest due poor service front desk. The employees front desk accommodating. When asked questions like asking go beyond job description. Ming front desk helpful. I asked okay refund cash deposit put credit card instead. She would take extra step help guest. She simply replied, &quot;Your transaction already processed&quot;. I went ask employee working time gladly refunded money. It simple transaction took two minutes. The Ibis requires pay 150 AED per night advance deposit (for meals restaurant, internet telephone use etc). If use services, would get money back check out. That's lot spending money could easily use stay Dubai. What good money day check leave Dubai? I explained Ming seem want take extra two minutes reverse cash transaction.We also trouble night checked out. The airport shuttle bus arrive scheduled time hotel. It's supposed come every half hour. It 45 minutes late. When partner I asked front desk airport shuttle bus problem could be, male employee said, &quot;It five minutes.&quot; After ten minutes, tried tell us already came left (meaning late). We actually waited entrance 15 minutes scheduled bus time (meaning early!). When told this, response &quot;I know.&quot; shrugged shoulders. Again seemed like asking go beyond. We asked speak manager manager helpful. He followed problem resolved it. The Ibis needs find employees actually want earn money, instead lazy ones hide behind front desk. We repeat guests look stay elsewhere next time visit Dubai.",0.09259906759906761,0.4081751581751581,Mar 17 2009
15,15,"More like 4 star hotel! Very strange two stars felt like 4 star hotel. The location perfect, next one big shopping malls, next Novotel Hotel. Free parking staff helpful friendly. The TV working within minutes engineers fix it! Modern hotel, clean rooms, near creek, near airport I would definitely stay again. You definitely would need car though, I think need car anywhere Dubai big city spread like LA major cities. Not close beach problem offers shuttle services car fine. I'd definitely go back recommend all.",0.21134469696969696,0.3804545454545455,Mar 1 2009
16,16,"Probably worst Asia trip The title says - &amp; probably sums Dubai too!Spent long time travelling around Asia &amp; spend Â£125 essentially worse UK Travelodge insult - dont even get tea &amp; coffee!Staff reception terrible - give monkeys 'normal' travellers - serving us, soon 'business client' arrived, dropped everything &amp; served - insulting!Rooms tiny, box like view form window, felt like modern prison - stayed better youth hostels!Yes new, &amp; functional - nice place stay holiday - honeymoon like us 3 days. The bathroom small door open outwards!Water bar - rip - Â£3 big bottle - actually expensive Petrol here!So next time went Carrefour opposite &amp; got bottle 15pence!Food &amp; alcohol expensive like anywhere ripoff Dubai.Barstaff Bar nice &amp; polite however!We ended eating locals street cafe &amp; best meal stay - fraction price.Dubai fine long like building sites, construction, natural beauty, ugly man-made beaches (more character Margate) expensive clothes (double price UK designer stuff - whats point?)Some skyscrpaers nice look at, thats look at.We afternoon tea Burj Al Arab treat - nice !",0.0028631138975966594,0.5625705329153604,Feb 21 2009
17,17,Clean rooms Great Staff The rooms simple comfortable. No irons hairdryers included room call housekeeping front desk them. Clean rooms new property. Great location Dubai! We great time able relax well.,0.4855218855218856,0.6540764790764791,Feb 18 2009
18,18,"Great Hotel Having done research hotels Dubai became apparent could easily spend fortune one many 4/5* places available. However, partner I want break bank would rather spend money activities Ibis Hotel seemed like real bargain. We disappointed!The place brand spanking new appearance 3/4* hotel, located around 15 mins Airport free shuttle bus (although advertised anywhere arrive airport) - ask someone arrive (a taxi around Â£10 big deal). The room exactly would expect new Ibis hotel; compact, clean modern. It located across street Deira City Mall offers food, shopping starting point Red City Bus Tours. If budget location excellet waste time Mall there's much else night local area. The downside Ibis Hotel view fact need get taxi's everywhere location, I would presume standard Dubai due size city?! One minor gripe cost everthing Dubai, expensive (except taxi's). You could easily spend fortune want see sites i.e;Big Red Bus Tour Ticket (2 persons) - Â£85.00Atlantis Water Park (2 persons) - Â£120.00Pint Beer Hotels - Â£8.00Glass wine Hotels - Â£10.00Meal two Hotel (No drinks) - Â£55.001 Hour Internet - Â£15.00One tip staying location, take left first left leave Ibis Hotel great Italian Restaurant good (eating Mall get somewhat tiring).Hope helps!",0.14428030303030304,0.3835454545454545,Jan 29 2009
19,19,"A superb budget price A fantastic budget price compared hotels level. Even though mentioned 2 well 3 star websites, would without doubt rate high end 3 star (near 4).The provided pickup well drop airport. The shuttle runs every 30 mins either direction. Staff helpful driving luggage trolley even putting luggage inside shuttle.Hotel room clean almost ever used. I requested good view got front hotel. Air Con, hot water etc working expected. The Deira Shopping Mall literally across hotel.Buffet Breakfast included package good quality ample options.I would certainly stay ever went Dubai.",0.279063492063492,0.5434285714285715,Jan 8 2009
20,20,"worst staff ever hope dosnt sound petty shock id travelled south east asia arrived late booked paid online asiarooms, apon arrival told hadnt recieved payment would pay again, gave credit card details going bed told couldnt breakfast sorted out. next morning got bernd desk gave us number ring bookin agent alot pushing make call himself, one day dubai bunch morons ruined it, clean modern couldnt fault building staff shocking, checking heard someone else exact situation us obviously happens alot. sorry sounds nasty shocked",-0.27822222222222226,0.657,Dec 17 2008
21,21,"Good near City center shopping mall min walk Check-in smoothly, good quiet room, bed bad , breakfast think better breakfast city center shipping center location perfect times taxis cross shipping center one . get car good big basement parking good modren nice .but prefer stay next time Novotel Deira City Centre 4 star location better service",0.23157894736842108,0.39078947368421046,Dec 11 2008
22,22,"loved it!! husband stayed 7 nights,it beautiful hotel,brand new,with free internet shuttle bus jumeirah beach,the double room simple,u get much luxury think good price,being budget directly opposite deira city centre mall,where u get free shuttle buses mst parts dubai.Already planning anther trip dubai",0.46249999999999997,0.525,Dec 9 2008
23,23,Rapport QualitÃ©/Prix imbattable,0.0,0.0,Jan 24 2009
