,Unnamed: 0,Reviews,polarity,subject,Dates_extracted
0,0,"Average The slightly older I expecting. The interiors quite dark, lot light common areas. The staff extremely welcoming, helpful kind. At arrival I discovered travel agent caused problems reservation, receptionists managed sort everything out. The room quite spacious, nice decor provided main facilities. In bathroom I found best toilestries ever...such fantastic fragrance!! Breakfast ok, I particularly appreciated big fruit selection. The restaurant excellent, I preferred meals city restaurants. After all, despite 4 stars, luxury might thinking thinking Dubai. But time, I found reason unsatisfied.",0.25601851851851853,0.5148148148148147,0.5148148148148147
1,1,"Very nice - staff welcoming excellent trip, brill. staff nice looked us well. breakfast fantastic. clean room niceno probs catchin taxis outside hotel, near markets shops. hotel's private beach amazing. made havin swimming pool",0.4051515151515152,0.6404545454545455,Jun 14 2009
2,2,"loved got good room balcony. Also good service. Market place gold souk within walking distance.we stayed 2 nights. I really loved yummy breakfast served. problem get taxi, wait 10-15 mins.",0.602,0.796,Jun 10 2009
3,3,"Impeccable Service Initially I rather worried reading reviews published others stayed year. However spending 5 nights young family I say one best hotels I stayed Dubai. I would agree taxi situation doesnt help, Coral Oriental main route towards Sharjah cab drivers want venture way Bur Dubai. Having said Hotel Shuttle service Al-Mamzar Beach City Centre Mall well organized great help us. We could catch cab Mall parts Dubai.We &quot;slight&quot; problem room first night, matter quickly resolved upgraded executive suite. Bed linen clean, staff (especially Bell Boys Waitresses) extremely friendly attentive, management thoroughly professional. As Muslim traveller Mosque across road helped lot.A pleasant experience. Shame location.",0.33249999999999996,0.5176041666666666,Nov 11 2008
4,4,Average best We great experience hotel. It noisy staff indifferent. We complained guests making noise early hours morning staff appear care. The location great - next busy roads. It hard get taxi. We recommend anyone.,0.09537037037037036,0.3935185185185185,Jul 6 2008
5,5,"pain neck It took hour shuttle bus pick airport, finally arrived however ordered food kebab mix. looked great younger son ate realised fish kebab mix allergic fish. Tell me, many fish kebabs get mixed grill. My son reaction could killed asked ambulance service, due location took half hour ambulance come.Be aware hospitals Dubai hopeless docters clue life death situation.Thank God survived I never saw state ever.After long night, family I went breakfast, staff really nice however food edible many options food. They gave breakfast everyday stayed fortnight.Then get taxi problem. No taxi goes past get concierge order one you. The taxi service get charges nearly double public taxis. When mention want go Coral oriental clue I resulted giving directions 12 times!To stop taxi problem decided rent car desk office. The man desk seemed trustworthy probably cause problems. I asked cars insured said yes. After three days driving dangrous roads Dheirah crashed. let warn accidents occur time Dubai probaly tone worst places drive. When told man desk crashed told car actually insured. I pay hefty bill, anything manager tourist operater said man desk paying quarter fine. That sounds better still charged hefty bill.This worst Trip ever travelled Gulf Dubai five times always enjoyed one worst world",0.017307692307692305,0.45801282051282044,Feb 23 2008
6,6,"Nothing There! Hotel check fine, room clean respectable, 4* rating though.Then, safe locked unusable, water pipe sprung leak flooded bathroom, cleaning poor, bar hotel, pool real facilities speak of. The business centre one laptop unconnected printer!Taxis difficult get due location. Staff disinterested. Not standards similarly rated properties Dubai.",0.038333333333333316,0.5250000000000001,Oct 22 2007
7,7,"Great families! Just returned week hotel. Was bit apprehensive mixed reviews. Rooms immaculate...1 double 1 twin adjoining. Well appoined bathroom really powerful shower.Breakfast nice...buffet wide variety foods. Staff extremely welcoming friendly.Free airport shuttle, bus Al Mamzar Beach every morning.Only downside wait 20mins one day taxi.Would recommend families children. Can't wait go next year!",0.15357142857142855,0.4857142857142857,Aug 15 2007
8,8,"You get pay This 4 star hotel, I give 4 stars.Nothing seemed go right trying work things staff hotel, seem everything wrong.The breakfast barely 3 star breakfast small range food choose from.It located close everything - means middle nowhere. We went Dubai weekend first time Dubai, I know good part town not. It located older part town nothing much surrounding area. This area town quite crowded lot people streets. It takes 15 minutes walk Gold Souk. A taxi nearest shopping centre 10AED.The room ok, I spend much time room, matter.On positive side, provide free shuttle airport, happens located rather close hear planes taking night.In end, get pay for, want cheap hotel, go Coral Oriental, want good hotel, pay one located better position.",0.29716585497835496,0.43548971861471863,Jul 8 2007
9,9,"Could Not Sleep Find A Taxi You middle traffic jam taxi stop.Waited 2 Hours (no lie) Taxi side. After walked city center. But winter 26 C. Summer time die long outside. They cant find Taxi Taxi drivers begin curse tell go mallActually two said &quot; bad luck &quot; meThere diggings front hotel.Metro something construction constant noise shake My Room smelled cigarette smell came air condition.You must explain problem insist solution till get mad.Location like Bronx New YorkDolapdere Turkey. Little India SingaporeFind Jumeirah donât like India Deria Indian Town. Left alone like Dead city.Dubai's wealth never touched hereMy room constant noise came huge machine room next it. When look Outside window see court surrounded long walls Noisy smokestack middle.We paid 700 $ (inc. Plane tickets), For 2 NightsNot cheap.Should 2 stars 4For Turkish People I would say &quot; Uzak Durun &quot; Means &quot; Stay Away &quot;",-0.04694602272727272,0.34924242424242424,Dec 12 2006
10,10,"Great Choice Very clean rooms. Cheap also, perfect located close creek.It take 15' walking creek, gold souk abra station get abra(cheap water taxis) mini cruise creek. For sure would stay heart Dubai......and everything around you!!!!!!",0.6127777777777778,0.8748148148148148,Apr 25 2006
11,11,"coming back went meet boyfriend dubai seeing months, aranged stay diffrent avalible given choice stay coral oriental insted desided take it. ariving dubai wanted could catch months gone past. help full soon got someone help us bags. always smile happy help. price wasnt bad deserves four stars. food really nice often called get ordered room. also went day staff made sure flaged taxi us didnt take long roads really busy.as noise could hear room enuff disturb sleep. two english channels tvs room good films news day. pool hotel, small taxi fare worth going use hotels swimming pools beaches, great pool next planet hollywood, nice go meal relax pool drinks, far know open anyone. streets dubai best women much covered amount men look unbeliveable, keep religion shoulders covered. nice looks better photos internet would certainly go back again. like english breaky much dont go dubai wont able bacon, beef bacon isnt same. trouble taxi drivers helps show card map helps find hotel, also answer name Harry give ago. x",0.1916984126984127,0.42569841269841263,Feb 9 2006
12,12,"good 3 star Have returned 2 weeks oriental. First room given small, ended executive suite, extra cost. Bit result. This means 4 star, reasonable 3 star hotel, good food, good service. Close multitude small shops, plenty choice people. Not pool bar gives little chance ever achieving 4 star status, though poeple two less important. As mentioned traffic naif road get bad, making getting taxis hit miss, though crossing side usually helps. The aircraft noise bad, stayed front hotel, airport becomes heavily used, be. As Mosque across road, adds nice touch, good naming point hotel, drivers seemed know was. Breakfast good, dinner Â£4 good value. nothing complain either these. Restaurant manager always available ready help needed. In suming up, pleasent hotel, worth money Rydges Plaza available.p.s. For smokers, small shop street 20 sells cigarettes 38p/70c",0.16895114942528738,0.5033908045977011,Dec 23 2005
13,13,"A good choice! This good choice, want explore City Dubai, especially Deira side. All points interest walking distance. However, much traffic along Naif Road, 5 a.m. hear Muazzin Mosque across street. And keep mind: aircraft way nearby airport almost touch roof hotel. The windows reduce noise well, oversensitive ... The rooms large comfortable. The service friendly always helpful. The chefs produce large variaty delicious food buffet. The service personnel restaurant nice kind, unfortunately certain lack professional skills.The provides free shuttle service beach Deira City Shopping Centre (once resp. twice day). Altogether: good choice us.",0.3701680672268908,0.6369747899159665,Dec 9 2005
14,14,Gutes Stadthotel zum guten Preis,0.0,0.0,Oct 28 2008
