,Unnamed: 0,Reviews,polarity,subject,Dates_extracted
0,0,"Riviera Hotel Good, clean room. Comfortable. Friendly staff. Good rates amenities.",0.5083333333333334,0.6400000000000001,Nov 19 2009
1,1,"Decent 3-star-equivalent good value attentive staff I stayed recently two nights, elderly grandmother. She tired flight UK (heading back New Zealand) turned good us. I would describe four-star hotel, like three-star. But comfortable good value Dubai. There pool, taking things easy need it, chose value rather something larger. We arrived late flight around 2am, checked straight room. The room comfortable usual facilities, chose creekview room enjoyed watching Creek activity it. The room clean, bathroom marble-type decor good size. Beds comfortable. The air conditioning somewhat noisy better sleeping 35 degree heat. I sure internet use it.The staff quite lovely took good care grandmother went breakfast me. They brought food buffet made cup tea could sit straight - kind. I late dragging bed even waited minutes grab breakfast closing buffet. The range breakfast food good - typical breads, cereals etc, plus cooked foods pastas, eggs. Delicious orange watermelon juice. Our evening meal Hana restaurant Japanese, (many guests appeared Japanese, obviously target market them) really delicious, attentive (almost attentive) wait staff. The front desk arranged private car tour us fine, really anything rave - driver nice guy obviously taxi driver tour guide. It bit expensive due that. All staff members encountered helpful, efficient lovely deal - credit Riviera. Email communication prior arrival prompt. Overall I would stay - value quality paying, provided cope alcohol-free policy (we barely noticed it) lack pool Dubai's heat Riviera Hotel would good choice couple family requiring mid-class without many frills.",0.2526712580348944,0.5516584022038568,Jul 23 2009
2,2,"Average The Riviera average, 3 star hotel. Nothing stood particularly bad, nothing particularly great well. At $100/night, price reasonable get. One odd thing I used I find power outlet bedroom. The internet experience sucked, I call lobby three times get code plug in. There different processes LAN vs wi-fi, added confusion. The LAN complicated process, stick wi-fi can. It located close docks take abras across Dubai Creek, convenient navigate city.",-0.10802469135802467,0.5506172839506173,May 31 2009
3,3,"great stay given free upgrade creek view room werent full, nothing much trouble staff. go back ot dubai would stay",0.2700000000000001,0.4600000000000001,May 22 2009
4,4,"Safe clean stay!!!!!!! This Hotel located within walking distance Gold Spice Souks. Breakfast EXCELLENT!. Great food, fresh well prepared. The employees helpful nice. Bellboy ASHOK Lobby employee Ataf wonderful. They helped lot. Very cooperative, made feel home. Internet 20 dirhams per hour Hotel ($5.00) safe clean area. And use printer free. The girls working reception area wonderful. They call name eager help can. Hotel pool Gym. But provide safety atmostphere clean rooms affordable prices. Hotel front creek taxis easily available. I spent less 3 minutes waiting one. I strongly recommend hotel. It also daily shuttle Jumeirah Beach.",0.41904761904761917,0.6214285714285713,Mar 31 2009
5,5,"Good Value We arrived 6.30am 2 nights overnight flight New Zealand. They knew expect us early room quite ready. The man reception apologetic luggage locked securely. We asked would possible breakfast dining room opened would miss last day leaving early told would possible. The cafe foyer opened 7am able coffee danish pastries. Our room ready 8.30 bright room balcony overlooking Creek...all perfectly adequate. While large clean good air-conditioning. We enjoyed watching activity Creek dhows abras.The staff front desk polite friendly disappointed asked pay surcharge bus tour recommended. This applied whether used credit debit card. We discovered later would applied bought tickets bus.The buffet breakfast excellent wide choice also enjoyed eating hotel's main Hana Restaurant specialises Asian food - Japanese, Chinese, Thai Indonesian.The staff helpful especially summoning passing taxis us. We leave 5am even ever-smiling bellboy problem hailing taxi loading luggage it.",0.21536595588319732,0.4962947971568661,Jan 27 2009
6,6,"Wonderful trip Dubai Riviera Hotel When arrived Riviera Hotel, staff, Grace Samar, welcomed us name. We come Burj al Arab number holds true Riviera.!! Samar Khalil told Grace put us wonderful room overlooking Dubai Creek requested. What lovely view creek. Such fun watch dhows abras moving day. We fantastic 8 days Dubai. Everyone helpful. The breakfast fantastic omelets delicious. We complaints anything wonderful hotel. It small friendly would stay anytime Dubai again.The problem Dubai car horn honking!!!I also recommended friends Thailand moving Saudi Arabia early 2009. I sure avail wonderful come Dubai.",0.46305147058823526,0.7125816993464055,Dec 17 2008
7,7,"Friendly well-priced A reasonably priced hard come Dubai, Riviera clean, comfortable friendly. The staff greeted us name checked sorted everything we'd asked for. With three children like interconnecting rooms big chain hotels never guarantee this. The Riviera upgraded us Creek view rooms free.They'd also arranged babysitter DVD player room one night we'd asked. At end town bit away Mall Emirates Wild Wadi, they're taxi ride away. However, warned, despite best efforts staff wait hour cab turn up.",0.2525,0.5441666666666667,Oct 1 2008
8,8,"Riveria Hotel -one best value hotels Dubai The Riveria Local 4 star Hotel ,well situated old part town overlooking creek Binyas St.My Creek view room, large , spotlessly clean comfortable bed.The Bathroom little outdated perfectly fine.The food room service menu well priced ,nicely presented really tasty.The Hotel alcohol free doesnt pool .I would hesitation stay ,there also plenty local eating places , public transport door step sit watch Dhows loaded watch activity A/C room - NICE !!",0.3094345238095238,0.5080357142857143,Aug 14 2008
9,9,"Lovely stay Yes top notch, adequate esp comparing price quality. We booked triple room sth like US$230. We arrived late flight around 11pm. Absolutely problem check-in. The (Asian) lady reception friendly apparently sympathetic rush stay 10 hours. The room huge clean; bathroom; beds big comfortable; high-quality beddings; individual air-con works perfectly. We stayed near elevators could hear noise.When went early breakfast next day (our flight 9:30am), vast majority guests met Japanese. Judging choice available breakfast table, guess major Japanese clientele. Great variety delicious breakfast. Very smooth check-out next morning bell boy assisted us luggage taxi. 15 minutes airport. All wonderful stay.",0.2889285714285714,0.5476190476190477,Apr 9 2008
10,10,"You got pay I stayed 3 nights Riviera Hotel January 2008. The good located wanna feel life harbour. It dow harbour (ie elegant part Dubai). The view balcony great Creek.The mid-size, tipically those, staying overnight makeing days stopover. Also used smaller airlinesÂ´crew.There 2 kind soup breakfast! Tipically those, traveling lot lost time timezones.The staff everything helpful. IÂ´ve asked help book mountain safari phone, help, agency contract (ie. got bonus). They offered ticket sightseeing bus. When I bought one, want pay surcharge, I payed Visa Card. (on bus pay Visa price same). Then I asked book car morning going airport. The answer was: easy find one road morning.The room clean, small, would hard time renovations. I got smoking room, easily felt smell room.All all, best IÂ´ve ever been, price Dubai easy find better close city center.",0.3020588235294118,0.5703921568627451,Mar 6 2008
11,11,"Excellent My wife I Riviera two nights stopover vacation Dubai. The room excellent. Also, staff helpful friendly. The morning breakfast buffet excellent. It included room rent enjoyed variety items delicious. The also located close souks restaurants Deira. So, fun stuff minutes walk room. The abra stations also stone's throw Bur Dubai area boat ride away. You may get taxis go Jumeirah locations interest. The bursar tried find us taxi one afternoon could get one. I blame finding taxis Dubai seems extremely hard wherever are.In short, really enjoyed stay Riviera Hotel would definitely stay visit Dubai near future.",0.30879629629629624,0.5578703703703703,Jan 20 2008
12,12,"Enjoyable stay Riviera I family spent 3 nights Riviera Hotel Dubai. We looking property would accommodate four us - two adults plus 2 y.o. 3 y.o. We paid executive package upgrade well worth it. We creek view room, view really lovely. The room small balcony furniture too. The room main bedroom view, bathroom hallway middle, closest entry door small sitting room. We made bed 3 yo sofa, 2 yo slept cot. The fine provided extra pillows.Room service great I never seen cheaper room service menu Dubai. Very good value. Having little ones, nights want go out. The executive package true advertised - 3 free pieces laundry per day, newspaper, fruit basket, late checkout, etc. Staff friendly. Taxis easy get door. Breakfast adequate - lots arabic food choose from, plus various western items. We quite happy choices.Our flight arrived Australia 5am, knew strict 2pm check-in policy (and kids exhausted we!), staff seemed could get us room quickly possible - quite people arrived time international flights. Shame pool, also knew arrived.Prior children stayed nice places, JW Marriott. The Riviera Hotel decor little dated, clean comfortable. I would stay quite happily, recommend friends. It good value.",0.2196813725490196,0.5207352941176471,Oct 9 2007
13,13,good luxury I went October 2006It good good place (very central)breakfast excellentall stuff friendlyvery quiet evening kai night food chipvery good bedsbut luxuryair condition old hall also oldI go honeymoon find special service.Also wanted 120 euro extra change room another see creek.I think dubai good place 4 days cheap things says.for example hotels taxi expensive.food cheapgood clothes hi-fi prize europe.we go buy lot things bought many things.It good prize expensive swatches. I bought tag heuer wife.But best best burj al arab dream see enough. Also safari veryyyy good. And cruise creek also good.I think everyone must go dubai 4 days choose another destination another days.I pleased help site chose think good choice.If found luxury riviera prize go another hotel.,0.34266009852216744,0.46947454844006564,Mar 31 2007
14,14,"Pleasant stay transit. The Riviera Hotel Dubai said four star property. I would classify three star hotel, taken consideration neither swimming pool fitness centre. It bit old fashioned, compared modern Dubai. The guests mostly South-East Asian origin business travellers. I would recommend holiday makers insufficient offer leisure activities. Especially hot summer weather, always appreciated cool drink refreshing dip pool. The âdryâ alcoholic beverages served, neither restaurant found minibar. The Riviera Hotel located Baniyas area next creek. Nearby Radisson Intercontinental Hotel. It takes 15 minutes airport reach hotel. There major shopping area behind next Twin Tower Shopping Centre; well known men designer cloth found competitive prices. The Al-Ghurair Centre 10 minutes walking distance. The Baniyas area popular Russian tourists. The check-in efficient cordial. My room ready I arrived 16.00 hrs 20 minutes waiting time, I got upgrade creek view instead cheaper room souk (bazaar) view. All staff extremely helpful polite. The room big pleasant superb view creek. The souk view rather depressing gives directly old multi-storey parking garage. The king-size bed good quality real feather quilt. All spotless clean. The bathroom big amenities body lotion, shampoo, shower gel, impeccable white fluffy towels. A safety deposit cupboard. A variety English foreign channels offered. Internet access USD 10.-- per 24 hours.The breakfast served first floor spacious restaurant. They serve traditional Arabic fare; addition fresh croissants pastries, eggs cooked order, variety cold cuts bit meagre, well cereals section. The breakfast included room rate nothing complain about. The coffee shop situated entrance level always empty alcoholic drinks served. The restaurant first floor serves good quality Asian food moderate prices. There many good restaurants Radisson Intercontinental, big variety cheaper restaurants found behind Baniyas Square (Iranian, Lebanese, Indian, Chinese, etc .) view coffee shops directly creek.I liked return I waiting connecting flight frequent stays Dubai. The Riviera quite hotel, lets say bit dull all. As alcohol served, noisy bar night club disturbing sleep.",0.1497222222222222,0.4934210526315789,Feb 10 2007
15,15,"Good location. Average The location good seen prices Dubai, I obtained good rate local friend. The however, need urgent update. The bathroom &quot;suite&quot; known better days, water pressure weak I use cold water make powerful enough shower. The best staff, friendly courteus, always ready help. I would recommend budget oriented travellers willing pay usual 5 star rates hotels Dubai. The location good, breakfast average bathroon I said before, needs urgently renovated.",0.20500000000000004,0.5513888888888888,Dec 7 2006
16,16,"Home home I first stayed Riviera stopover UK India. The courtesy kindness staff second none, made stay comfortable stay long enough. My room spectacular views Dubai Creek, nice watch dhows little abras ferrying Creek, quiet, considering Baniyas Street, busy. One week I left India, I arranged meet friend UK back Dubai sadly, Riviera booked part time wanted. However, go couple times afternoon tea, sit watch world go by, staff remembered gave really warm welcome. When friend returned UK, I lucky enough get back Riviera last night there. On arrival 11am, nice surprise find room ready (check-in time 2pm), I beautiful room Creek view, also upgraded Executive Class, gave free use fridge, 2hours free Internet use, basket fresh fruit etc. Also included cost buffet breakfast. The attention detail superb, I felt relaxed, own, I felt safe. I cannot wait go back there. It also far Deira city centre, relatively easy get taxis main road. Highly recommended.",0.2654797979797979,0.5761616161616161,Dec 6 2006
17,17,"I'll back Like others I chose Riviera based Tripadvisor feedback. We also found pleasant hotel, well located, offering good value extremely friendly helpul staff. We stayed 15 hours passing staff almost insisted breakgfast room 4:30am departing long restaurant opened. The breakfast, far could eat, good idea.I hope return Dubai look elsewhere.",0.3822916666666667,0.5708333333333333,Nov 20 2006
18,18,"Great Value Great Value Found TripAdvisor reading reviews, booked stayxs got great rete Creek View room (pay extra stay one these).The Hotel main street right heart it, views creek incredible. The room good size, everything would expect, sevice good, breakfast great.The staff organise taxi you, willing help needed. We ordered room service late night, beautiful (maybe hungry).We definitely stay venture back amazing Dubai.",0.43082539682539683,0.6166031746031747,Aug 27 2006
19,19,"Pleasant Riviera Stayed 5 days enjoyed Riviera much - complaint swimming pool 40+ celcius. Breakfast excellent, good variety. The Hana restaurant served Asian food - tasty even fake beer good (this alcohol hotel) All staff, without exception, extremely friendly, pleasant helpful. If considering would advise booking Creek view room taking executive upgrade well worth paying bit for. The location Deira good choice us opposed beach area - interesting without road works going there.",0.3906862745098039,0.5901960784313726,Aug 22 2006
20,20,"Good Hotel Great Location I travel agent spend lots time hotels. This probably high 3 4 star, taking account - location fantastic, service excellent, room spotlessly clean.The staff helped plan day sightseeing, advised shopping spots.Will definately stay again.",0.5933333333333334,0.715,May 31 2006
21,21,"Great Stay...Great Service We stayed Riveria Hotel November,2005 (i finally got around writing review)..I can't say enough good things hotel..We view creek, room clean, breakfast great, close everything staff exceptionally friendly..Would definately stay again...",0.4919047619047619,0.7871428571428571,Feb 5 2006
22,22,"Great Stay lovely creek view night We stayed 4 days even though room available reached hotel)agents mistake) I found front desk, porters clerical people attendants throughout restaurantto extremely, helpful willing please, recommending central location. Definitely stay 2006.Girls New Zealand",0.17017045454545454,0.6068181818181818,Jan 22 2006
23,23,"Fantastic Views Just got back short stay Dubai. Originally booked - Agents choice(not mine) stay Hotel Dubai Palm - sounds nice terrible.Disco music heard every floor 3am every morning, needs total updating breakfast disgrace. Rang The Hotel Riviera 9am checked 9.20 - great price upgrade Executive Package. Great location looking Creek, 10 mins walk The Souk boats crossing creek. Fantastic breakfast staff enough you. Book direct get good rates. Only draw back No Bar Alcohol go next door Carlton Towers need. I would still book would suggest anyfriends going Dubai",0.2783333333333333,0.5733333333333335,Jan 15 2006
24,24,"close everything We stayed Riviera Hotel 8 days. We arrived 2am find booking dates mixed fault travel agent, arrived day later. We phoned arrived knowing bookings mixed up, told room us. We got presented reception staff booking confirmation had, arguing got room. They wanted us pay room even though already paid.The room stank smoke food. We complained room stank manager informed room booked us one available tonight. After 2 days received keys another room non smoking smelled even room had. I think would go far invested deodorizers rooms. In general rooms clean good size.We trouble water leaking ceiling bathroom rang reception reported it. We wait next day hot water ceiling fixed.We went meal day sight seeing breakfast delicious. We found great food variety breakfast western, asian, middle eastern on.The business centre send faxes etc internet. We found internet expensive compared internet cafes area (20 durhams 20 minutes).The central easy get anywhere went. We found transport always hand whether needed taxi cross river side. When needed taxi staff organized us.I would rate 4 star like 3 star.Even though Dubai modernized lots tourism couldnât help feeling like piece meat walked eyes stared us eyes follow every move matter wore.",0.17211538461538464,0.4368589743589744,Oct 2 2005
25,25,"3* 4* Hotel riviera classified 4**** compared European standards, 3*! Its location great staff helpful overall pleasant stay. I go Duabi again, wouldnt stay hotel. The Room, especially bathroom, cleaned properly I didnt like breakfast. I also wished pool.Overall bad ideal budget travellers",0.3734848484848485,0.5257575757575758,May 27 2005
26,26,"Great locationj We stayed 4 days October 2004. Although arrived well past midnight front desk well manned luggage whipped away sent room checked in.The room had, calls suit adequate needs, entering sitting area amenity refrigerators, seats table plus television set, showing surprising number western channels, walked pass reasonably sized bathroom main room. This furnished quite well enormous double bed. This room another t.v. along hairdryer, air con, fridge, hospitality tray well stocked, basket fruit welcoming gift.The restaurants serve Japanese, Thai Chinese, sample couple meals found good reasonably priced.Breakfast served room restaurant good, enormous selection covering number tastes, western food Japanese.Staff, mainly Philipines, extremely obliging helpful.There good internet site within reasonably priced.Although location Hotel everyones liking, i.e. city centre, central easy navigate around city.Altogether enjoyed stay would certainly recommend establishment.",0.2295879120879121,0.49979853479853475,Nov 8 2004
27,27,??????????????,0.0,0.0,Oct 4 2009
28,28,?????????,0.0,0.0,Mar 31 2009
29,29,????????????,0.0,0.0,Feb 11 2009
30,30,??????????,0.0,0.0,Feb 4 2009
31,31,????????????????????,0.0,0.0,Dec 30 2008
32,32,?????????????,0.0,0.0,Dec 27 2008
33,33,?????????????,0.0,0.0,Oct 6 2008
34,34,nicht sein Geld wert,0.0,0.0,Mar 18 2007
