,Unnamed: 0,Reviews,polarity,subject,Dates_extracted
0,0,"Hardly Imperial! We stayed suite hotel. The room quite clean bathrooms. The terrible thing loud music bar downstairs - would go till early morning. Also - bar appeared pickup point crowd look great. I would definetely recommend families bunch guys looking fun Dubai dont want pay much acco - may wish consider hotel. And end staying here, recommend stay upper floors - thumps music reverberate much less.",0.03354166666666667,0.45583333333333337,Nov 1 2009
1,1,"Great u party animal All rooms suites get huge area..Thats good thing stops..The water toilet hot day, housekeeping told weather, cant take shower bother dubai desert. There couple fo discos-pickup joints downstairs , loud music cariires til wee hours morning. You see belly dancing shows here.If party animal place , place go family.Breakfast buffet good. bost western indian fare also within walking distance restaurants shopping centres.Located bur Dubai.",0.36458333333333337,0.5625,Jun 19 2009
2,2,"Absolutely Apalling Chinese &quot;Ladies Night&quot; barrel load - obviously high calibre either. This nasty seediest part Dubai (Bur Dubai) across creek Deira. Please, take advice, families poor unfortunate holidaymaker would well advised give miss- downmarket altogether undesirable area, shopping amenities terrible too. The bar dark dingy (so see faces prostitutes plying trade?). The whole place smells. I would definately recommend anyone. I understand couple reviewers state bad - must payroll need heads examined. Next time I go Dubai I research chosen thoroughly stay side creek.",-0.25807692307692304,0.5524358974358975,Oct 5 2008
3,3,"Fantastic Fun Wonderful Rooms, clean, Chinese resturant fantastic, must try lunch buffet, helpful staff, room service food goo pricey, nightclub next door huge line ladies awaiting every desire (for price). We group 31 10 ladies 21 men, danced night bothered ladies customers. We fabulous time, cannot ask better hotelif want fun, good food great hospitality",0.4197619047619047,0.5828571428571429,Jun 1 2007
4,4,"Never ever EVER stay 'hotel' Where start, TERRIBLE! We robbed within hour arrival. We put cases room, took short walk around block rooftop puddle called pool. When returned, hour later, valuable mobile phone/PDA taken room. We turned air-con opened window arrived returned aircon on, bed straightened window closed obviously member staff room. When spoke manager care. There safe room read literature (clearly first thing overnight flight) discover safety deposit boxes reception. Since manager care theif payroll, much safer goods would box reception staff access anyone's guess. The manager even say would speak member staff room- apparently responsibily look goods employed thieves bad luck.We reported theft police rolled eyes said in.As regards everything else - bathroom filthy, food terrible staff unhelpful. The bar closed due Ramadan knock door side reception (if pleaded need drink two massive bouncers) got brothel operated hotel.We can't say enough bad things dump - DON'T STAY THERE",-0.23194444444444443,0.4986111111111111,Nov 3 2006
5,5,"Total Rubbish. The located city centre, gone rough part new york. The staff rude, night manager want hear complaints passed every thing miss understanding language problems... even though spoken perfect english, tour guide located hotel, charged us desert saffari 100 Dhirams!!! The food absolutley appalling!If want sleep, DO NOT GO THERE! - nightclub next door full locals prostitutes outside, playing head banging music til 4AM.The night manager commented: ''well else expect three star hotel!?'DO NOT GO TO THIS HOTEL! EVER!! hated day 1 moon come back home. All breakfasts relaxing time spent oppersite called ''Rolla Resedence'' want advice excursions ... go there!!!!PLEASE DO NOT GO TO THIS HOTEL !!!!!!!",-0.03170612681995739,0.3987121212121212,Sep 22 2006
6,6,nice place singles Good relaxing place singles excellent disco pubs.Rooms fantastic.,0.6749999999999999,0.875,Jul 8 2006
7,7,"If price right My girlfriend I stayed 6th floor although loud music downstairs didnât keep us awake quiet loud noticeable. The room excellent sitting room/bedroom arrangement.Room service inconsistent started using door sign âroom ready cleanâ things got better. Some days get towels ask.Swimming pool small adequate seating area around pool small quiet. We time could order food drink phone pool side. The pool bar open 7 I felt negated whole point pool bar.My girlfriend bad first impression stayed Dubai expected better. We soon realised though Dubai spread central anyone else.The bars dark seedy prostitutes haunting place. The drink surprisingly good though.There excellent supermarkets either side usual western food stuffs etc. We found useful breakfast bought plastic bowls spoons cornflakes.There tourist guide lobby grab stage another stay. He gave good advice arranged safari tickets wild wadi cruise creek. Avoid city tour though, done cramped 4 x 4. There plenty tour buses city, try get one those.All probably OK money pay.",0.2020361247947455,0.4667487684729065,May 12 2006
8,8,"What downer We shocked find lot ladies night frequenting place evening.The room extra guests (cockroaches)Was dated rest party booked moved another hotel, demanded given better room, got one slightly better.",0.07500000000000001,0.475,Apr 24 2006
9,9,"Do NOT stay here!!!! What nightmare! The rooms pretty good, thumping music one two disco's downstairs heard well night. We asked room changed sleep, put noisier room. There never towels left, rang (every day 7 days) get some, asked 3, triple share, ever brought 2, fight extra one. The pool small charirs surround it, making hard relax unwind. The worst part though, apart lack service, constant noise. The disco loud generator mind-numbing.",-0.06138888888888889,0.5995833333333334,Mar 11 2006
10,10,"bad reviewers make out. stayed 5 nights 3 teenage sons problems. able go rooms arrival 7.30am; clean comfortable. housekeeping staff obliging, reception staff. take jumper light jacket drink bar air con chilly side. eat breakfast can't comment. found central things able walk creek, gold spice souks. heritage village shortish walk away (it virtually deserted morning visited, still building parts it)!!!!! watch quad bikes go desert safari- charge 100 dirhams ride. half hour taxi ride jumeirah beach &quot;mall emirates&quot; many international designer shops. ( shopaholics paradise!!!!!) happen return dubai would certainly consider",0.15558035714285717,0.4799851190476191,Feb 27 2006
11,11,"bad quality bad quality hotel, stinky smell lobby corridor.Place breakfast like canteen, Dhs35 breakfast nothing.Except room ok, quite clean bad smell.Not recommend stay here!!!",-0.048666666666666594,0.6799999999999999,Jan 13 2006
12,12,"Hooker Hotel This hotel's nightclubs pick-up joints prostitutes. The 'musty' smell created vast number cheap cigarettes smoked hundred Russian Chinese 'ladies' ply trade here. Traffic slows almost halt nearly every night week, meat market activities spill street. The club - 'left over' girls - spill onto street closing time. This one seedy parts town. Don't take family here. The restaurants poor, shopping areas nearby par Dubai, would bad place build impression Dubai really like.",0.03545454545454548,0.43333333333333335,Jan 13 2006
13,13,"budget basically, budget hotel, room strong cigarette smell, house keeping staff good, however reception request us check one day earlier, actual check date.Location central Bur Dubai, see lot peoples India. We breakfast daily 6 days room, food served always same, many choices. Im sure Ramadan period. They chinese restaurant night club, advised get room far night club. We also bad experince tour agent operates hotel. The consider upgrade reception area. If honeymoon couple, dont choose hotel, business budget traveller.",0.05717948717948718,0.46491452991453,Nov 6 2005
14,14,Average The Imperial suites generally good looking somewhere cheap stay. I found staff helpful. I able check early also leave bags long checkout I late flight. The side facilities room quite outdated air conditioning really bad damp musty smell. Also beware nightclub bottom floor quite noisy night trying sleep.,0.012037037037037021,0.5428240740740741,Oct 4 2005
15,15,"Go every year...same since 2001 Imperial Suites great I know gone 4 years consecutively. They exellent house keeping, phones facility, Macdonals, KFC, Open Beach, Meena Bazaar Al-Khaleej Centre close, amazing. It good location do.There swimming pool roof amazing. You sunbathe, swim, whatever want. And even 3 lifts. Staff nice friendly, get know well.",0.48437500000000006,0.68125,Sep 21 2005
16,16,"Nice Hotel Very good priced hotel, breakfast included, nice indeed. As three star rating thought might good, lot better I expected. Forget pool, less meter deep roof, HOT sun makes impossible go (we go peak season). Location good, less 10min walk meena bazaar, KFC, Mc Donalds, Shopping malls.The service overall fine, like standard hotel, noting spectacular.",0.28541666666666665,0.5527083333333334,Sep 14 2005
17,17,terrible place stay Not nice place stay. photos internet place stay at. two night clubs keep awake till 2pm morning. Pool suitable children outdoor. Hotel musky smell. clean basic superior standard indicated.would recommend stay here.,-0.06272893772893773,0.6063186813186814,Sep 13 2005
