,Unnamed: 0,Reviews,polarity,subject,Dates_extracted
0,0,"Find somewhere else place horrible! Dirty, loud, I solicited, pool discusting, workout facility safe recommended go near.I agree, go Dubai, spend bit live up!",-0.17992424242424243,0.6833333333333332,Feb 19 2009
1,1,"Find somewhere else stay! If I ever return Dubai, I staying budget hotel. I think way enjoy Dubai live up! It's supposed rich new city yet Karama Hotel dodgy area anything new! Our room quite spacious, bathroom smelled never seemed enough toilet paper! The lifts tiny wait ages them. We walked Bur Juman centre, 20 minute walk. There also 'Spinneys', chain supermarkets. I think much else walking distance except dodgy looking supermarket 5 minutes hotel. Everytime left saw hungry cats trying find food, sad. We found tour desk operator quite frustrating. We get straight answer found difficult understand him. We asked get Burj Al Arab told us could go shuttle bus. We asked could book next day booking Burj afternoon tea. They want take booking, come back next day. We arranged next day would ready go hour booking Burj. When ready go, told booked taxi us. It big deal, little frustrating told thats going do. I noticed casual everything. It's probably fault, I like organised know planned for, whereas hotel, seem much organisation like that. We ended booking trips online. It seemed easier trying talk tour desk person. There internet Karama. I think 6 dirhams 15 minutes, quite expensive. We ate Karama. We dinner cafe, nice enough, I glad breakfast there. We found nice place near Spinneys open. Most places seem open 10, annoying tourists want get going early (when hot).One thing I say waste money Hop On Hop Off Bus. Complete rip-off 200 dirhams per person!! You can't possibly see everything one day. They advertise ticket valid 24 hours, time got picked bus, 20 past 10, first bus leaves 10 back bus 3 order get back bus stops running! We barely spent hour Mall Emirates get back bus order get back time. We chance get free boat ride creek included ticket. There two different buses, red line blue line way lines, pick want see most. You better getting taxis much cheaper!",0.018826422115895795,0.4529372674109516,Dec 30 2008
2,2,"Great Budget Just got back short stay Dubai. Stayed Karama-which great budget.Location good cheap fresh indian,chinese food. Supermarkets short walk. Burjman Shopping Centre 20 minute walk 5 minutes taxiThe staff good willhelp-rooms large comfortableMy concern noise clubs-could hear beat 3am-the let guuest know bookingWould I go back yes-but take ear plugs!Had great stay Dubai",0.36263736263736257,0.5137362637362638,Oct 6 2008
3,3,"Not recommended ""AT ALL!!!"" Poor...Poor...Poor Although staff friendly...however, standard room poor.The bed strange smell &amp; Bathroom smells Urine.It extremely noisey nightclub...even though quitest room hotel.Service poor, location terrible...Do book Karama u wanna enjoy holiday Dubai.",0.00416666666666667,0.425,Mar 9 2008
4,4,"Are raver? The sleazy nasty three nightclubs pumping music, even 3rd floor, till 3am. The first night spent first floor must shove everyone till complain. The room vibrated noise bathroom stinking nice warm water brush teeth, wonky toilet seat, minimal loo paper etc! We sleep wink music comes door banging shouting revellers followed call prayer 5ish followed cleaners clattering &amp; banging!!We complained moved &quot;deluxe room&quot; (not) 3rd floor slight improvement, nice big bed toilet seat still wonky, water still warm &amp; could still dance around bed night music desired!Breakfast ok, fairly limited choice, staff pleasant enough &amp; tried helpful, smiling &amp; nodding complaint( they've probably heard million times over.)The general area run quite wait taxi, even ordered.I would never risk recommend anyone age 16 age 21",0.05192063492063492,0.3892698412698412,Mar 8 2008
5,5,If want stay red light district go ahead! arrived wondered many people hanging around outside maybe late club shut i'm sure! The rooms spacious bathroom smells horrible cleaned properly. The staff helpful polite area situated nice...i wouldnt stay again...,-0.0765625,0.4798611111111111,Oct 28 2007
6,6,"lovely really thought fantastic!the staff great, clean, expensive looking bedrooms stunning!the double room KING size bed totally worht money.there noise disco nite tho abov disco!we asked reception move us next morning happily did! moved us higher side much better equally nice room.the buffet breakfast AMAZING, much choice really yummy! stayed 3 hotels dubai trip best far!GREAT value money.",0.32303921568627453,0.531470588235294,Apr 24 2007
7,7,"Go somewhere else Referring previous reveiws, managed room away disco's noise(224),but noise coming people coridors,doors always openedand closed causing lot disturbance.this takes place night till morning.The bathroom smells awful.forget breakfast.Room size ok.The location bad area around best.Go somewhere else.",0.027777777777777752,0.3111111111111111,Mar 1 2007
8,8,"Terriblel Noise The terrible.My collage I spent 6 night since last week.The rooms dirty. The bathroom horrible, water smelly. But biggest problem noise comes 9PM 3AM every day. There 3 night clubs base floor. We sleep nightclub's close. And price expensive compare hotels price quality. We pay 5% extra many paid AMEX card.Not reccomended.",-0.2916666666666667,0.5157407407407407,Feb 3 2007
9,9,"Stay peril... ... value sleep 3am. The three storeys, 3 nightclubs local population start 9pm till 3am (finishes dot) EVERY night week, play kind new age-house-bangra (?!) booming bass rattles whole hotel. We second floor reasonably far away disco, noise travelled way stairways corridors make mistake, loud (you even see vibrations glass water table room dancing along beat)! The discos frequented native version english chavs, get strange looks return early hours, perfectly safe theres loads bouncers staff probably interested you.The pool area rubbish, tiny pool virtually shade day overlooked two three storey neighbouring apartment blocks, smells whatever neighbours cooking day (it usually curry). If run bath, cold water always luke warm however long run it, hot water cold luke warm brown - opted showers cold tap!On positive side things clean tidy rooms nice - similar standard UK travelinn example, king sized comfy beds, staff always friendly apart 1 - rude gentleman behind desk assumed manager (I dare complain cold hot water). Also, Dubai taking job interviews holiday, budget essential, coped going plenty drinks night less passed regardless noise returning hotel. The games room bar 2 really good quality pool tables, shows B4U music Cricket projector screen staff keep bringing free popcorn munch on.If planning going every night staying late, great budget stay noise affect much. Also great big new age bangra music fans. If not, I strongly recommend stay elsewhere.Finally, lasting memory be, last night lying awake bed counting minutes till I get sleep 3am, laughing bouncers ejecting local indians screams, shouts hindi insults reverberated along corridors. Lovely.",0.10851703307585661,0.5311784511784512,Dec 1 2006
10,10,"karama budget travellers booked 4 nights. arrived reception saw personnel eager help always smiling respecting. personnel well done. although booked single room gave room double room room spacious pool view&amp;balcony. AC little bit noisy- u know without using ac dubai-karama- u lose weigh :P-there pubs clubs karama besides coffee shop didnt try them. work till late night in. room enough upstairs far diskos?? didnt hear much loud. cannot say anything rooms' situation, mine great... Tv small cares didnt time watch shopping...location great. karama saw streets larger&amp;more silent regions dubai. 5 min. trade center&amp;sheikh zayed road;10 min. away airport;8min away deira creek taxi walk away big malls like wafi city lamcy. u bargain karama shopping area&amp;find imitationed great garments, shoes, watches etc...you see time smiled ppl mostly belong india pakistan. hypermarkets around cheap find many things want buy malls...try manama hypermarket; 47 seconds walk away distance hotel...for budget travellers good choice. get expected hotel&amp;around it. enjoy....",0.22787267080745344,0.49301242236024834,Apr 26 2006
