,Unnamed: 0,Reviews,polarity,subject,Dates_extracted
0,0,"Excellent Near Airport I stayed times recently 5th May, 2009. I find luxurious well annointed. There large number rooms choose food court lobby provides ample food options.",0.22285714285714286,0.43571428571428567,Jun 11 2009
1,1,"Not Good Place Biggest problem place service. Absolutely sub-par. Rooms extremely basic, clean. My bathroom clogged sink. My room clock alarm, etc, etc, etc. Not quality place all. Needs better/more professional management experience working quality hotel.",-0.0382051282051282,0.45269230769230767,Nov 27 2008
2,2,"Cheap cheerful We stayed family apartment 6 nights, accommodation roomy basically equipped. We expected noise airport could hardly hear traffic outside. The apartment cool enough air-con time, plus factor noise time! The food outlets okay - Pastry Shop favourite. Getting taxis Centre depended time day route. One day took 2hrs Ski Dubai, next day took 1/2hr. Anyway got tour city outskirts. I would recommend stay want value money.",0.12583333333333332,0.5341666666666667,Jun 2 2007
3,3,"A good service apartment Dubai We Dubai two weeks Christmas New Year. It comfortable service apartment - 3 bedroom. A convenient kitchen, Just wish microwave. A big plus availability washer/dryer. Staff courteous helpful, minor complaints promptly dealt with. The rooms spacious clean. With 4 kids tow ask better deal. Will probably go back next trip.",0.2653030303030303,0.43545454545454554,Feb 5 2007
4,4,"Great value money I stayed one night Al Bustan Centre Residence, transit Dubai.Positives: Price: At around US$75 absolute bargain Dubai, city traditionally expensive hotels.Friendly efficient staff: While I dealt staff check-in check-out, professional, courteous efficient. My room key waiting I arrived. Check-in check-out took minutes.Room: I booked studio room (#3255) pleasantly surprised. The room large (around 450 sq feet 43 sq meteres) decent size. The bathroom also decent size good bath shower, basic toiletries. I use kitchen facilities, noted plenty pots, pans, glasses, large fridge microwave. Good curtains blocked intense morning sun light. Air conditioning good important city hot Dubai. Furniture room amenities appeared modern good condition. Sound proofing rooms excellent.24 hour reception: I arrived around midnight slightly worried (given cheap price) would closed. There need worry plenty staff available lobby front desk.Negatives:Traffic: While really hotelâs fault, traffic airport horrendous. It took around 80 minutes reach airport. I would missed flight, luckily I watch accidentally set different time zone (one hour behind). I intended leave 10am inadvertently left 9am! However, trip airport via taxi around midnight took 10 minutes.Location: Unless looking transit spend one night, location little going it. It long way Dubai, traffic bad end spending time taxis.Long walk bags: The room corridors extremely long walk reception room (at least room I had) probably half mile long! If lot luggage consider asking room near elevator.Overall:I surprised read negative views Trip Advisor. While far best Dubai offer, represents fantastic value money. Itâs big downfall location inconvenient everywhere except airport. I would definitely stay transiting Dubai again.",0.129147206959707,0.5920924908424906,Jan 19 2007
5,5,"Exactly wanted We found accommodation facilities even better expected 3 night stop-over en-route Europe. Our studio clean, quiet appropriately equipped needs. The small kitchen area, although &quot;gourmet&quot; described, quite adequate visit market downstairs shopping mall, able provide inexpensive snacks even meals whenever needed. The staff respectful, friendly helpful occasions approached them. The Shuttle bus gave guests opportunity visit town beach, although I would liked frequent service perhaps. Most guest spoke like us, pleased stay inexpensive, comfortable establishment part stopover. I would recommend Al Bustan Residence experience. Brisbane couple.",0.2747076023391813,0.501608187134503,Jan 9 2007
6,6,"THIS PLACE IS A SCAM Booked 1 night thru Directrooms.com (Glad Enterprises) late night stopover Dubai - booked 2 adults &amp; 1 child. Got 12.00 midnight led room 2 single beds. My complaints management fell deaf ears - stated booked double room &amp; sleeps 2 people - confirmation letter stated 3 people - Hotel manager assured didnt rooms give us - didnt even fold bed bring brought dirty blanket pillow expected one us sleep floor! I took dirty blanket pillow went reception set couch told I didnt get change I would sleep reception everyone would see - within 60 seconds given another room. We finally got room 1.30am useless get 8am catch morning flightAlso, 5 mins airport - took 20 mins traffic, there's traffic take 30 mins.THIS PLACE IS A SCAM - DO NOT STAY AT AL BUSTAN RESIDENCE, DUBAIDO NOT USE DIRECT ROOMS.COM (GLAD ENTERPRISES)The booking website also gives different address makes think booking Al Bustan Hotel IS close airport IS reputable - MAKE SURE YOU HAVE THE RIGHT HOTELOh, checkin took ages! At least 20 mins &amp; people line!!!",0.021799266581632656,0.6137566137566138,Oct 29 2006
7,7,"At time best deal Value money: best deal ever.Hospitality: Excellent.Stars: 4Facilities: Excellent GYM, Pool. They laundry room, mall, huge car park.Location: Away ctiy center, even Jumairah Bur Dubai, close Sharijah.I repeate price. (I got Executive Suite $100/ Per Night)",0.4125,0.528125,Apr 17 2006
8,8,"unprofessional uncomfortable This desaster, able check within 30 minutes waiting 15 minutes already though I prepayed reservation. The appartments none, instead drawer small kitchen front, one small room. No bathmat, amenities, simply equipped. Rather 2 star 3 star never 4 star! Even price low worth money.",-0.19999999999999998,0.46989795918367344,Apr 16 2006
9,9,Would use We upgraded Executive floor staff excellent. But unless 'passing through' Dubai good position. The traffic bad takes ages get anywhere hotel. I would recommend staying near Creek good choice restaurants. At Al Bustan Centre restaurant open fast food court. The restaurant closes without warning busy.,0.1825,0.6041666666666666,Apr 12 2006
10,10,"Excellent Hotel We stayed along weekend real knock price, really expecting much it. We wrong! The room large, kitchen area. It spotlessly clean. The fridge replenished daily complimentary soft drinks water. The buffet breakfast changed daily always fresh. The staff friendly even checked us 7 hours early hesitation. Couldn't comment pool, never found it, much shopping do! Loved stay definately return, kids time. Good families arcade shopping right next door.",0.24338624338624337,0.4430083144368859,Mar 12 2006
11,11,"My Stay 1st impression location great rooms nice clean. I rather disappointed swimming pool nothing like displayed photo infact tiny could done good clean. There bar restaurant facilities available shopping centre. The staff attitude big issue. obviously booked know check check date. booked agent package, flight back home 23:45 recieved note mid week regarding transfer evening, informed us would picked 20:00. inform us check 12:00. soon found arrived back 17:30 ready airport bags room already packed since morning, literally pick up. Our key would work door went reception inform them. They told us already checked pay 50% nightly rate 360 dirhams (Â£55). We willing make way airport early needed get cases all, still pay. went room every thing made ready next people really need charge us didnt stop needed ie; cleaning. This done me, attitude staff means would choose again. 3rd visit dubai definatly last hotel.",0.15555555555555556,0.47152777777777777,Feb 20 2006
12,12,"Fantastic! I'm sure rated place 2 star definatley closer 4! Security great, important femaie traveller. Staff exceptional. Rooms clean bright. No nightcub located premises great sleep @ night without creepy people hanging around. Facilities fine. Convenient shopping centre located directly underneath &amp; short drive City Centre. Convenient parking.",0.30288461538461536,0.7683760683760684,May 14 2005
13,13,Nettes Hotel,0.0,0.0,Sep 5 2009
