,Unnamed: 0,Reviews,polarity,subject,Dates_extracted
0,0,"Fab accommodation good value money recommended know way around Dubai Oaks Liwa Heights definite value money terms room space comfort. It middle construction site I foresse next 3 years, perhaps location (JLT) offer visitors. When Dubai Marina Metro Station opens, great base offer safe short walk distance Metro. It also short taxi ride away fashionable, trendy interesting combination shops accommodations The Walk Jumeirah Beach Residence. As now, remains quiet good peeople know way around Dubai.If arriving Dubai via Emirates Airlines. The best cheapest way ge take Metro (from terminal 3 only; dedicated Emirates Airlines). It cost 4.5 Dirhams (about $1.30) 2 Dirhams buy Visitor's Metro card re-chargeable. At moment, get Mall Emirates take taxi Oaks Liwa Height Jumeirah Lakes Towers. This large area many buildings heavily construction, hence, taxis know wehre is. Tell fornt Damas (gold factory). It costs 20 Dirhams (less $7) Mall Emirates hotel. If can't bothered, taxi airport cost 100 Dirhams (about $27) good traffic. Soon, serviced Dubai Marina Metro. It short walk soon open Metro stop.Places interests close Dubai marina (The Walk), splendid, Mediterranean styled shops accommodations Juneirah beach. It took 2 1/2 hours walk whole strtech beginning end including stops interesting shops lunch. Weekend (Fri &amp; Sat) features outdoor market 9am 9 pm. Many interesting finds here. You also bring folding chairs park along beach situated hotels. The best stretch teh Hilton Hotel. Choices Restaurants- unlimited! Another day, go malling visit Dubai Marina Mall- nice cosy quiet-ish. This si literally across Sheikh Zayed need taxi take there. Not far ar Ibn Battuta Mall Emirates. I sugegst explore city via Metro make Mall Emirates station springboard. It cheaper travle way give good perspective city. The coffee shop Restaurant open breakfast lunch. Make sure buy provisions tend get peckish night. The rooms well equipped spacious kitchen housekeeping washing following morning. If time, try gym; proper one modern working equipments. The pool indoors good family. There also covered kiddie's pool. However, wlll overlooked construction wokers building around think Modesty!Taxi ordered reception, however, tend forget (not many guests requeting remember, ha.ha). I suggest going ramp entry flag taxi there. Should take 5 minutes. Order taxi going late night road many street lights could unsafe darkness ( term motor accident, I feel).Night trips good Madinat Jumeirah Abra Lagoon. Try Dubai Marina, particularly Meridien Mina Seyahi's Bartista. Dubai amazing transforming city minute. My next stop explore Old Town.",0.26753968253968247,0.5276862026862028,Oct 9 2009
1,1,"Are serious?! Stayed place 1month I must say I never met many incompetent hotelier. Staff doesnt speak proper English. You speak basic English pray Allah got right!Peopl kept entering apartment &quot;maintenance works&quot; (or hell knows what) whenever I left place.My clothes went missing, food got eaten fridge matter many maintenance work place stinks, household machines kept breaking down, windows dirty I even see clearly... contstruction 24/7 around building. The noise generators workers around 2-3AM unbearable.I havent 1 good night sleep... I missing things! :(Oh yeah...swimming pool unidentifiable floating things top way cold!Hotel assosciation close place remark 2star.",-0.05380116959064327,0.3910818713450292,Aug 19 2009
2,2,"Away home great place Stayed Two Bedroom weekend husband 2 kids overlooking patrially finished lake side Montgomery golf course. Amazing view 22nd floor. The size apartments WOW. Rarely get walk-in shower full bath. The beds comfy dont feel like getting it. Kids loved pool refused come out. Great gym, could routine treadmill. Husband round squash unusual apartment building. Staff caring helpful. Coffe shop....space improvement there. Kid's loved burger nuggets. The Jumeirah Walk short driving distance loved atmosphere dinner one restaurants. Construction Dubai apartments quite. Surely Quality affordable price. Request higher floor get good view less noise sensitive sleepers.",0.3685185185185185,0.6780864197530865,Aug 12 2009
3,3,"five-star experience standard apartment stayed oaks liwa (standard apartment) one week business conference clients GCC areas. nice time.i tired trip shortly checking in, ordered coffee. room service yet, server came apartment placed order. order came, server asked would like coffee placed, told put table only. asked tv channel preference, turned channel placed remote control right next me. opened curtains see nice view dubai marina. used name call asked anything could assist.had forgotten bring stockings buy outside, asked reception place nearby could buy. receptionist took details color kind stockings want, said sheâd happy take care it. minutes later, someone knocking door. bellboy stockings use! way, bellboy also used name inquired assistance also.keep mind coffee shop server, receptionist bellboy. highest paid employees, actions created 5-star experience.i would personally recommend friends, whose gonna read review! truly place called home away home.",0.1255639097744361,0.499248120300752,Aug 11 2009
4,4,room improvement.. We stayed great introductory rate 500 durums night expecting teething problems thought would better spending fortune room would little except sleeping prefer something new old run down... find handy cereal coffee room mornings checking internet rather go kitchen convenient. The foyer apartment rooms quite satisfactory serve purpose - nothing particularly super glamorous fabulous them.. typical style standard type accom quite comfortable slept well.. although aware construction goes midnight starts 6am (and quieter things like concreting night..) Be aware also 'lakes' filled yet big concrete holes right now..We issues .. Firstly switch hot water bathroom shower bath.. takes 40 mins heat up! - inconvenient want bath shower long flight business associate coming pick 1/2 hour! - porter neglected tell us shown room I found switch ringing reception hot water.. good start I exhausted flying overnight 11 hours taken straight day .. looking forward hot bath dinner - I cold shower instead : ( But far worst occurrence stay next day business associate tied meeting asked us take taxi office... well went reception asked ring us meter taxi - informed us meter taxi would take long time come asked would like take taxi.. well gave full address going lady disappeared 15 mins - I eventually asked someone else happened went fetched - said would cost 30 durums take us wanted go agreed... (it 10 durums would meter cab.. ) anyway went 'taxi' (not clean) station wagon - drove I pretty sure wrong direction 3 blocks away subdivision! Obviously lost driving around bit aimlessly got ring office going.. well told us would 100 durums go destination ! I said ridiculous amount pay 8 - 10 min journey! anyway rang woman I spoke I suggested I pay 50 durums I think fair I pay higher price agreed since mistake part certainly mine! I wanted meter cab! Anyhow driver absolutely idea going even given directions managed drive 1/2 way across Dubai wrong direction - frustrating made us incredibly late appointment someone catch plane ended 10 - 15 minute meeting end!! Anyway office area development really opened fully yet needed wait us.. thought would make amends point giving another fare (we realized jerk point!) anyway 10 - 15 minute meeting go back get cab.. asked much would dropped one malls - 100 durums said - ANYWHERE 100 durums said - well ridiculous - 100 durums would basically get Abu Dhabi regular meter cab! So said drop us closest place 50 durums - refused stopped middle highway desert tried make us get taxi!!! I never treated way whole life!! guests!! told point second day job Dubai know anything was!! Anyway go back anyway I told I wanted speak boss - rang phone agreed take us back (which took 8 minutes office BTW!) There I spoke manager.. I incredibly upset whole thing.. fancy trying leave guests middle desert! And kind logic taxi driver know Dubai driving around visitors Dubai probably know either!!! doh!! We asked ring us meter taxi - took ooh 6- 10 minutes come..(so story wait..) taxi driver told us security would let come entrance - poor guy park street walk hotel!! - well took us old town (to spice gold Souks right side Dubai 40 durums! We found meter taxis excellent Dubai good value.. tips staying - know Jumeirah Lakes Towers wont know Oaks new.. tell go gold factory across rd - knew place little along rd right Oaks.. I might stay cheap price I paid I think definitely worth rack rates advertising days.. personally I preferred old town I stayed return NY (Dubai work stop over) isnt really handy anything.. side Rd interesting area almost impossible get across! - might change skytrain running later year I think putting walkways rds also..,0.0727188227307113,0.5283543750935057,Feb 28 2009
