,Unnamed: 0,Reviews,polarity,subject,Dates_extracted
0,0,My Clients say excellent excellent price I suggested based reviews low &quot;greatrates lategetaway&quot; rates hotel. My clients stayed one night know would like. Once arrived called re-booked. They staying 2 weeks highly recommend. The staff service excellent. Even contacting US easy provided quick excellent communication. I would highly recommend business leisure. Rates also include breakfast plus well.,0.5796296296296296,0.7644444444444445,0.7644444444444445
1,1,"FantasticStaff friendly Spent 1 night August &amp; 3 nights October. First trip August, arrived 6.30am-room available 8.30am. Served complimentary coffee waiting. Second trip October, arrived 7am find room already available. Staff obliging &amp; friendly &amp; helpful-they enough you. Room clean &amp; comfortable. Hotel great location-close airport. Supermarket road. Close shopping malls, Dubai Creek, Gold Souk. No problem get taxis-very cheap. Breakfast, included room rate nice. Would definitely stay",0.30085069444444446,0.5207638888888888,Oct 18 2009
2,2,"wonderful hotel..... Rimal rotana wonderful hotel: staff nice, spectacularly clean, spacious rooms, pool small nice. The located heart Diera. Will definitely visit again.",0.4620833333333334,0.7375,Sep 14 2009
3,3,dry The clean modern staff friendly. The food OK used style food. The dry hotel. The room spacious conveniences. The A/C leaked water times staff eventually fixed it.,0.1647916666666667,0.4637500000000001,Aug 6 2009
4,4,"Great! Stayed 4 nights - could fault all. The breakfast great, room large + spotlessly clean. The rooftop pool great + business usually empty!!! Great location - near creek - walk along dhow wharfage highly recommended! There lovely Persian restaurant road + also supermarket road too. I Dubai least 15 times business + holiday + would definitely stay again!",0.3681261446886447,0.5937362637362638,Jul 13 2009
5,5,"Great choice We stayed couple nights end May really liked it. The rooms big, well equipped clean. The staff really helpful enough us. Position good airport, creek souks taxis cheap cost earth get Jumeirah look. We arrived early first morning front desk everything could get room ready early meantime able use showers swimming pool freshen much apreciated.",0.2934074074074074,0.4798148148148148,Jun 14 2009
6,6,"Great stayed Rimal 5 nights, staff cannot enough you. Studio room kitchnet, supermarket across road. Excellent breakfast. Reason recommendation close city centre 20mins Jumeriah beach. summing pool roof always empty.",0.425,0.6875,May 7 2009
7,7,"Had everything needed The staff extremely friendly helpful. The nice modern looking. Everything small scale ideal visitor planning spending lot time indoors.The choice Breakfast wonderful, included package. We dinner arrived. This nice. Nothing special tasty.Be careful map use navigate way back hotel. We small pop tourist map marked, except wrong position. We spent hour trying work find way (especially us make maps living!).We Honeymoon. We decided stop see little Dubai way Maldives. We booked Virgin Holidays. Despite problems people transfers hotel, trouble free time. We use many facilities offer swim pool night. The view roof particularly good Dubai really spend lot money get fancy places. It depends kind budget have.",0.22952922077922075,0.6177922077922078,May 7 2009
8,8,"The whole package First trip Dubai family. The staff extremely polite, helpful friendly. We received inpeccable service times. We arrived early flight, kind enough allow us early check-in, plus upgraded nice family suite first floor. It worth mentioning Mr Shadi Mr Rehman reception always helpful.Nice, neat spaceous rooms. The kitchenet also handy us wanted option cook. Mr Ibrahim also helpful. Very wide selection hot cold foods breakfast. Very well equipped gym. Pool roof handy too. Distance Diera around 30 mins traffic. Most taxi's use meters set 3 Dirhams start journey. The assist cabs, directions, tourist attraction bookings etc time.Wireless Internet access available rooms free, obtain prepaid card (or added account). There also option use business centre reception.",0.2204545454545455,0.5698484848484848,Apr 10 2009
9,9,"This favoured Dubai value cleanliness This I always stay visits Dubai. It reasonably priced situated Deira, heart Dubai. The rooms clean, staff friendly breakfast offeriing good too. Just one point mention. If non smoker always request one otherwise normally goven smoking room.....",0.3583333333333333,0.6100000000000001,Mar 20 2009
10,10,"Perfect clean , Quite , modern well located .it future , sure .",0.4133333333333333,0.6027777777777777,Mar 18 2009
11,11,"clean modern outstanding customer service We arrived morning flight problems getting early check in. The staff extremely helpful friendly went way make sure happy guests.The room clean spacious good firm comfortable bed. My complaint room would quite difficult control temperature air conditioning times I resort opening window warm up. There plenty food choose breakfast service good, even busy times. I room service one evening really impressed quality food. If want nearby alternative, I would recommend reasonably priced Thai restaurant The Grand Moov, virtually next door. You also beer there, Holiday Inn also close by. There supermarket opposite hotel, really handy. I business reasons although perfectly located tourist point view, I problem getting taxis main road even walked souks one evening (45min brisk walk). A taxi ride Al Mamzar beach park took ten minutes really pleasant place chill out. Going opposite direction, taxi ride Jameirah costs 40AED.",0.28978494623655904,0.6085125448028673,Mar 16 2009
12,12,"FAAAAAR nice I chance stay Diplomat Radison SAS, Bahrain. The nice clean staff friendly cooperative. The area clean, quite safe interested walking around shopping, FORGET IT. Its far almost everything.The breakfast amazingly limited Chef perhaps, slowest I ever seen. What kills you, price. Basic breakfast BD 7.5 done, tell American Breakfast casts BD 12.5 This expensive even compare Dubai. Which I consider expensive.So, interested walking around, I suggest get close shopping malls make sure nice &amp; clean. Read reviews first.They even internet connection cheaper subscribe monthly internet get one one hour there. They charge BD 5 one hour (even use 1 minute) 9 BD 24 hours.",0.26491596638655457,0.6033380018674136,Mar 14 2009
13,13,"good value smart modern Booked asiarooms much cheaper expedia.ServiceThe initial experience customer service good dispute triple bed booking made. We told would pay extra bed. I explained included asiaroom bookings stated voucher. A checks made receptionist subsequently extra fold bed made available charge earlly checkin 12.30 provided. Subsequent interactions showed staff courteous bellman extremely helpful suggested things DubaiRoom FacilitiesWe couldnt asked better rooms, spacious, modern, clean comfortable. The small kitchen could useful guests children, cutlery provided.Breakfast FacilitiesThe breakfast adequate selection hot cold foods including quite choice cereals breads pastries. More choice fruit could provided. The breakfast area however get crowded difficult get table especially groups 4+ towards end breakfast time (9.30-10.30)LocationDubai walkable city taxi would needed visit one sites, especially rimal rotana near sights (as reviews highlighted). But taxi rides short 10/15min. Many taxis drivers know located despite map back card check get car. The closest place could walk approx 30mins away - dubai creek, nice area walk boat trip. If return dubai I would stay near bur dubai gold souk, meena bazaar walking distance water taxi away. Jumeirah would still distance case better beach destinations.There number local global eateries 20min walk al rigga road.. nandos, starbucks, pizzahut, dominos (right across road hotel). There also shopping malls visit theseAdditional Notes:Hotel serve alcohol. Pool area dip rather swim small. There metro system due open dubai sept 2009, could provide much needed transport facilities get around avoid traffic waiting taxis. Hotel safari tour good value also large group jeeps, ask around looking something smaller group. Currently high intensity construction near beach views spectacular public beach local amenities terms restaurants/restrooms apart park days open ladies",0.14607792207792206,0.4695844155844155,Jan 7 2009
14,14,"Great value downtown location We stayed three nights early December booking double room Southtravels 2 week trip Dubai / Muscat.We decided stay 'downtown' Diera wanted visit Gold Souk / Karama stay. Having experienced traffic previous trips (and 2 hour taxi ride gold souk Jumeirah rush hour) opted stay closer. This suited purpose well. Airport transfer 10 minutes. Gold souk (even rush hour) 20 minutes. Karama also 20 minutes - taxi.The room large clean. It small kitchen including 2 ring cooker (although stangely pans!) fine us. There lots places eat nearby 'local' cafes cheap pizza hut / chillis / mainstream restaurants 15/20 minute walk away. There supermarket almost opposite bought lunch every day minimal cost.The rooftop pool / gym great - always quiet (in terms people) although hear traffic poolside would expect downtown hotel.Breakfast buffet style &amp; good quality. Overall - first trip Dubai I would always recommend stay beach. However business &amp; booking proximity places want go, could fault hotel.",0.22867261904761907,0.4328452380952381,Dec 30 2008
15,15,"Great Value!! This nice, clean comfortable hotel. The facilities modern, front desk clerks helpful pushy. We booked Expedia got great rate room plus free breakfast, good. Compared expensive hotels Dubai, great value!",0.4872222222222223,0.6625,Dec 29 2008
16,16,"Top Hotel Stay This Hotel superb friendly helpful staff. It clean rooms refrigerator cooking facilities. Room also quiet service superb! Great value Dubai. The concierge, Mohammed, also helpful. Highly recommend.",0.5012962962962964,0.6592592592592593,Dec 7 2008
17,17,"Absolutely loved Date 30 Oct 2008Devon EnglandHave returned trip Dubai stayed Rimal Rotana Hotel I would rate excellent. The staff extremely helpful, breakfast excellent, kept spotless also boasts nice roof garden/swimming pool - I really can't wait go back!",0.5078571428571429,0.7142857142857143,Nov 4 2008
18,18,"Good Rooms Good Service We short 2-night stay Rimal Rotana enjoyed service room provided hotel. The room relatively big, king size bed, kitchenette long bath. The customer service well room service exceeded expectations too. Our booking done online responsive emails requests. However, note near International Airport (15 mins taxi), near big malls taxi drivers familiar location hotel. So, ask provide name card containing location map easier communicate taxi drivers.",0.18557692307692308,0.37692307692307686,Oct 19 2008
19,19,Does says tin Visited Rimal Rotana one night staying Grand Hyatt. The RR clean functional staff friendly efficient. It good value money place stay Dubai situated conveniently Deira close airport souks.The rooms large small kitchen area modestly decorated befits price pay.Certainly recommended cost effective stay.,0.3242724867724868,0.642063492063492,Oct 7 2008
20,20,"Neat Hotel We stayed 2 nights coming back Australian trip. The neat clean. We booked via Virgin 5th (and final) Hotel. We 2 Adults + 1 Child, aged 16 (and 5' 7&quot; tall). The reception staff pleasant asked wanted 1 x double 2 x single bedded room. I explained fact 3 us - standing front - would want 3 beds. He said would upgrade achieve that, cost. I declined asked rollaway bed could put room. The reply Yes, cost. I declined felt I paid enough holiday one got wrong. Later morning Virgin Rep arrived explained situation asked rollaway bed brought cost Virgin Holidays. The bed hard, thought I board, slept chair end. Room cleaning late day told bother. The catering staff wonderful wanting please. Not sure I would want stay area seemed far things. The whole area dusty due much building work going on. From roof hotels views mainly consist flat roofs full satalite dishes.",0.03944285714285714,0.5246936507936508,Aug 3 2008
21,21,"Great We stopped 3 nights Rimal Rotana way Sri Lanka booked Virgin. Transfers airport first class private car, took 15 mins near airport Deira. This 3* opinion 4. The modern trendy, 4 internet pcs guests, staff friendly helpful. With flights UK arriving early morning though would wait afternoon check (which normal Dubai hotels). The receptionist arranged us go upto pool waited roof. Towels provided, sauna good gym. An hour later room ready. Room excellent small kitchen importanly fridge Uk plug sockets need adapters!! Breakfast good large selection food - usual toast, cereal, cakes, fruit, bacon, eggs, etc... Rimal Rotana 10mins taxi drive creek find locals boats, famous bank Dubai building Gordon Ramseys restaurant. The Burj hotel, Mall Emirates 45 minute taxi ride away, taxi cost us less tenner. The heart Dubai I think thats good thing much construction going good abit it. Local shops supermarkets right across road bar hotel. Overall great hotel, would thoroughly reccommend it!TIP - Having travelled hot countries thought would able handle heat, WRONG!! This hottest place I ever (hottest day 104), take taxi even going short trip make sure youve got bottle water.",0.2814950980392158,0.4956816059757236,Jun 13 2008
22,22,Excellent Hotel...Will come back Clean...friendly staff (they loved 3 year old son)...good breakfast restaurant...Good location...nice rooms...with free underground parking hire car...,0.44000000000000006,0.5599999999999999,Jun 11 2008
23,23,"Great hotal Just got back spending 5 nghts 4 friends loved every minute it, staff fab, happy helpful, lovely clean rooms plenty choice menu especially breakfast, highly reccomend take kids there, 15 mins airport",0.3526666666666667,0.6839999999999999,May 29 2008
24,24,"Great value money We stayed Dubai couple nights way Mauritius booked Thomson. For price thought Rimal really good, reviews trip advisor mentioned problems I little hesitant pleased say experience any. If looking somewhere special, romantic etc yes I would say look elsewhere merely looking good quality 'base' I would recommend Rimal. The rooms modern adequate etc.The Rimal downtown dubai therefore get cab go beach, malls etc expensive all. It took 15 mins airport. Some hotels sell alcohol Dubai Rimal fancy drink two go elsewhere. There supermarket across road sell alcohol Dubai (which quite common).Overall pleased Rimal would stay again.",0.14128401360544215,0.6235544217687075,May 24 2008
25,25,"Loved The rimal rotana outstanding rooms, like small suites. We little kitchenette 2 ring hob, full size sink breakfast barThe reception staff great always willing go little bit extra. We arrived room ready night flight bags stored us grabbed swimming things headed rooftop pool.The porter always got Taxi us sometimes took while. The taxi drivers always know hotel, grab business card front desk address english arabic.Be careful ask metered cab made mistake getting private one drove us around Dubai 2 hours finally admitting clue going!!The organised 2 trips us Desert safari city tourwould stay again, yes without doubt",0.17166666666666666,0.5733333333333334,May 20 2008
26,26,Lovely Hotel! We stayed 4 nights.The staff could nicer room beautiful.Very clean tidy everyone friendly.The also organised tours (we city tour desert safari) got us taxis quickly whenever required.The room service 24hours reasonable.We would definitely go back again!,0.3464285714285715,0.49999999999999994,Apr 28 2008
27,27,"good booked 2 bedroom suite via website, arrived midnight told night manager rooms available due maintenance work. taken sister ( sharjah rotana ) 30 mins drive away city, spoke manager sharjah informed would overbook rooms airlines would overbook plane seats book via internet. next time would go via reputable internet company like expedia last minute. next morning manager informed 2 person studio available although three us. arrived manager informed guest left earlier therefore original room available.the room excellent, clean, plenty room ( main bedroom suite ), staff friendly, gym basic swimming pool small general nice contemporary hotel, shops nearby, far airport. next time would definately stay another rotana prefably jumeira beach.",0.16798076923076927,0.47660256410256413,Apr 16 2008
28,28,"Good quality good service good price With 7-star 5-star hotels plastered Dubai, refreshing find small, modern intimidated swankier competitors. The standard rooms high, housekeeping regular, overall service standards professional there's plenty choice breakfast. The pool/sun deck big enough size hotel, though going taking much dip pool built laps. The gym sauna facilities well maintained staff friendly helpful. The great location local restaurants walking city, though take good 25 minutes get Spice Souk moderate pace. It's great looking beach-based holiday beaches half hour away (but again, almost journey car involves getting caught Dubai traffic, half hour fairly standard get anywhere). If there's one thing could better, would improve concierge skills -- they're bit inconsistent local knowledge could better. Overall got good quality good service good price. We'd definitely go back.",0.27709427609427606,0.38558249158249147,Apr 13 2008
29,29,"Great Hotel We stayed Rimal Rotana Suites Deira three nights. We arrived 3 30 realised booked night, well three booked, staff reception helpful, gave us two bedroom suite could get sleep. We change room booked later day. The recently renovated, reception/lobby/dining area quite contemporary. There area four laptops guests access internet. I paid 20dhs (AUD$5.90) 1 hour used 24 hour period, although several choices depending time required. Other staff dining room door also helpful accommodating. Our room good size, kitchenette, bar fridge, king size bed (very comfortable), plenty hanging space wardrobe, well iron ironing board. You self cater, found food dining room really good reasonably priced. The real tourist area, enjoyed exploring streets shops, well taking taxi Deira Shopping Mall (10dhs/AUD$2.95 + 5dhs tip-our choice). We get staff arrange tours already organized left Australia, needed. Our negative comment would smell cigarette smoke coming room door, probably pronounced non smokers. All all, would certainly recommend hotel.",0.23575963718820864,0.46609977324263036,Apr 12 2008
30,30,"Fantastic place stay My wife I stayed 5 nights March. For three star brilliant. The staff helpful friendly. The overall extremely clean tidy. The room good, apart shower lacked bit pressure. The breakfast okey. It get little boring, price paid hotel, complain. The gym good pool-side fairly relaxing. Both top floor. This refurbished recent years made staying little bit better overall.The supermarket across road extremely good source bottled water. 1.50 AED 2 litre. Compared 9 AED small bottle room mini bar.WOULD NOT HESITATE TO STAY HERE AGAIN.",0.29568627450980395,0.613529411764706,Apr 2 2008
31,31,"Not great! Booked 1 month advance. I requested double room non smoking travelling 7 year old son smoking rooms always smell stale smoke. Once arrived shown room 2 small twin beds told available. We would push two beds together get another single bed brought room. This room small 3 people. I complained immediately I booked asked moved double room. I told I unfortunately complain taken double room smoking room. This one defenitely spacious unfortunately could't get away bad smell stale smoke (even showere curtain smelled!). The carpet stained (room no. 501) well. As I want complain stuck going 3 nights. I really shocked rest really nice. The lobby restaurant spotless complimentary breakfast catered everyone, staff however friendly apart porter exceptional. I stayed many hotels I love travel never booked anywhere without spending time appropriate research ensure pleasant stay I really disappointed. The pool rooftop small need intend staying long. The loungers however old showed. They also fitness room looked state art good machines could spend little get new loungers I know. The area also nice plenty restaurants nearby. There also big supermarket opposite really good. If afford go stay nicer near beach do, worth it!",0.09006087662337664,0.5085541125541126,Apr 1 2008
32,32,"excellent service My husband Dubai conference I flew join days later - excellent business trip well city break. Hotel staff exceptionally polite helpful - concierge tracked camera us left taxi - also made recommendations activities, including Dhow cruise loved. The room spacious immaculate, included kitchenette, use eating fairly cheap. The terrace pool massive, fine occasional dip day sightseeing. Only downside - 20 minutes drive Jumeirah, cabs tricky find times. That said, concierge arranged private taxis us slightly expensive saved us standing edge road waving frantically! We'd recommend Mazmar Beach Park rather Jumeirah Beach Park - shorter journey nice.",0.23904320987654318,0.6160493827160494,Mar 14 2008
33,33,"Great hotel... We bit wary staying 3* Rimal Rotana 4* 3... Staff friendly helpful, rooms cleaned everyday, towels replaced, beds made etc. The problem lack taxi's available - order least 30 minutes needed times still ended waiting one lobby area.. Breakfast good overall menu lunch/dinner poor - menu whatever meal wanted. There supermarket opposite helped room kitchen area. Word caution, give complimentary bottle water first day - made mistake thinking daily occurence got charged checked out. Location great - close airport easy get places got taxi's. Overall, impressed staff.",0.22182539682539681,0.48055555555555557,Mar 13 2008
34,34,"Hot Hot Hot Thinking going Dubai? Not quite sure place you? Will safe? If like me, thoughts going head. Then I assure - got absolutely nothing worry about.Hav'ing spent 4 nights Rimal Rotana Suites. Where staff friendly concierge can't enough you. This one safest places I ever to. ( Apart drivers - they're raveing lunatics ).I forced come UAE business trip - certainly wish I come years ago.I definately coming back family. But would probably stay beach nearer marina.If travelling couple Rimal Rotana perfect. It's one reasonably priced hotels. Clean rooms. Good Gym nice pool (even though I time use them). Food good. Supermarket across road. Even though busy road - there's hardly noise.You're 20 minute walk Deira shopping mall 20 minute walk creek .With children would getting taxi's places even though cheap might find fed sitting traffic time. This reason I probably chose family. Other I could think bad word say Rimal Rotana.If go Dubai. Definately take open top bus tour. One best ways see DUBAI. One thing. Take PLENTY MONEY - This really shoppers PARADISE.........",0.26200892857142855,0.5899578373015874,Feb 23 2008
35,35,"A great city Dubai We returned Deira, Dubai great time. Our room spacious large bathroom small kitchenette. It cleaned every day high standard. Staff friendly helpful spoke good English. The 10 mins drive airport, approx 30 mins walk creek, 15 mins walk large shopping mall restaurants. It takes least 45 mins taxi get beach Jumeirah, mainly constant traffic jams city. Our criticism would breakfast buffet selection pretty much every day, standard would expect class. Otherwise overall good choice city holiday Dubai.",0.19420181405895692,0.4548004535147392,Feb 8 2008
36,36,"Excellent service good value Stayed Rimal Rotana Suites end Dec first days jan 2008. Service times excellent, staff enough you. Breakfast (buffet) served either indoors outdoors depending preference. The rooms good size clean. The pool area small trouble getting sun lounger. There also snack bar area rooftop pool could order meals, drinks (non Alcoholic) etc. Overall pleasent stay location convienent sightseeing trips, shopping etc.",0.27261904761904765,0.4666666666666667,Jan 8 2008
37,37,"A Fantastic Holiday A Fantastic Holiday. Never away home New Year. Left wet cold England Boxing Day hubby kids (9 17)in tow. Arrived early next day able check suite soon arrived great we'd travelled night. Staff brilliant could helpful kind us all. Room, well I say. We stayed hotels Dubai lovely suite consisting two bedroom good size, two bathrooms, kitchen living room. Brilliant teenager. Although alot children staying (more business) pool quite small found kids still enjoyed usual trips Wild Wadi etc. Breakfast lovely food throughout day. In heart Dubai found everything within walking distance alot nice restaurants. We definetely staying Rimal Rotana would hesitate recommend friends family.",0.31339015151515154,0.6097727272727272,Jan 7 2008
38,38,"5 star 4 star price I stayed spacious guest room kitchenette Rimal Rotana Suites entire month November also rented meeting room 4 weekends 12 day NLP business training. From moment I checked time I left I received exceptional service. I stayed hotels (for business pleasure) world I must say made feel welcomed one. The staff good hotels professional, Rotana staff helpful warm interactions staff called name first day. The breakfast (included room charge) excellent wide variety foods choose from, lunches great, too.I would highly recommend would definitely stay again, truly five star four star prices.Jerry SeaveyMindBridge International NLP Training Instute",0.3451111111111111,0.4965555555555556,Dec 16 2007
39,39,"3 star 5 star people We booked 7 days trip using internet booking centre. Had pay extra 20% rate. Still cheaper local agent.Because numbers ie. 15 people, given welcome drink swiftlt room card key. The concierge sent luggages within 10 minutes.We booked studios 2 bedroom suite - impeccable check days stay. We also cooking next morning dishes cleared arrange nice way.This 3 star service equal 4 star hotel. The best actually staffs specially reception restaurant. The housekeeping dept responds 2-3 minutes request.The breakfast okay 20 different selections... still hopefully rotate menus daily.A point worth mention great staffs, They polite, chearful, friendly always able help listen you. A situation worth mention following: On last day, went Dubai Ski fun realised one us left camera inside snow jacket. When approch reception upon checking out, Grace duly called Dubai Ski told collect anytime. As flight departing within 2 hours, even told us worry personally go collect send back post Malaysia. We left cash taxis postal cost. Later, informed Malaysia Airlines flight cancelled flying back next day. 5 hours later return hotel, was, camera reception exact balance monies gave minus taxi's ride took Emirates Mall( gave us receipt).We recommend place friends. Will surely stay again.",0.21271008403361344,0.35447012138188605,Nov 9 2007
40,40,"Excellent business trips stayed Rimal Rotana last April, first Rotana stayi shocked high standards even 4 stars hotel, elegant, modern economy, one cafe, heart Deira District alot hotels restaurants around you, soif meetings area go without thinking, yourmeeting Sheikh Zaid Rd, better stay area, since transportation dubai easy,",0.18433333333333332,0.6373333333333333,Oct 18 2007
41,41,"Excellent! From moment stepped enjoyable experience, staff lovely friendly! Rooms clean tidy! Breakfast also delicious. Rooftop swiming pool sauna/steam room, FANTASTIC experience overall!",0.5736041666666667,0.7110000000000001,Sep 6 2007
42,42,wonderful !!!!!!!!!!!!!!!!!!!!! Stay !!!!!!!!!!We stayed Rimal Rotana 7 days wonderful time. The staff frendly professional. The room cleaned 2 times day spacious little kitchen. We NO problems. I really reccomend Hotel. It expensive quality high.STAY THERE !!!!!!!!!!!,0.4060714285714286,0.5471428571428572,Aug 24 2007
43,43,"What An Excellent Hotel 5* Standard! We stayed rimal rotana suites total 10 nights superior twin suite. This clean, modern excellent guest services. The staff reception, bell boys cleaning staff amazing, couldnât enough help you. The transfers bargain 60AED return although ask tip dropping us back Dubai airport, cheek!! The rooftop pool quiet day 5 guests time 6pm started getting busy due cooling temperatures night. The pool small enough! The hotels rooms clean modern mod. cons including air conditioning (essential Dubai), LG TV huge climate control. The minibar expensive coke cans priced Â£3 expected services. The happy us takeaway Pizza Hut first night delivered room charge, although tip. For two us paid total Â£1200 Air France flight via CDG (which easy, 18 15!) cheap Dubai. Also, position excellent taxi fares cheap Dubai went Mall Emirates around 3 times fare 16Â£ return. Traveling Taxi best safest way although taxis change fares evening youâre stuck traffic jam 10/10 times be, everyone travels car, pay waiting car 0.50AED per 2 seconds add large amount total fare. Rimal Rotana Suites I expected 4* hotel!",0.24374149659863947,0.5815306122448979,Jul 27 2007
44,44,"Lovely -Helpful staff-Only 10min drive airport-Good choice breakfast-Modern clean room-Great rooftop pool lovely evening-In busy location set away road traffic noise-Shops restaurants around close main shopping mall 'Deira city centre' must.-I recommend getting taxis get places like jumeria beach mall emirates highly recommended. Malls like Wafi cantre Burjuman bit let though really worth visit-If need get side creek, get taxi one many abras (water taxis) cost 1 Dirham equivalent 15p! Lovely way see Dubai aswell get dropped lovely old gold SoukConclusion-would definitely stay Rimal Rotana again. Clean, modern, friendly worth money. If want near sites maybe isnt u unless dont mind getting taxi walking. Other that, great!",0.2525925925925926,0.4743915343915345,Jul 25 2007
45,45,"Lovely hotel!! This really clean, modern hotel. It lovely suites complete small kitchen 24 hour restraunt served excellent food!! The staff helpful polite roof top swimming pool perfect. There steam room sauna gym area. The weather far hot though workout although everywhere fully aircon.The problem location. It miles away nightlife etc, beach miles away. It close airport- I say air pollution all.If making short vist business require relaxing place place you!!!",0.3217447916666667,0.6156250000000001,May 23 2007
46,46,"Avoid rush hour! We've come back staying three nights. Lovely, clean room king sized bed. The obviously refurbished recently. Great range food buffet breakfast. The pool bonus â great way end day. Great get pool â open tnil 10pm, along gym sauna also top floor. Big supermarket across road, right. Cheap local restaurant across road. Â£7 two people entree, main big bottle water! The airport nearby, everything else 15-20 minute walk, travelling rush hour. It took us hour get back back one night caught taxi marina 6pm. Budget 50 dirhams every trip taxi. Beware extra taxes hotel. We booked lastminute.com covered, German couple shocked learn pay extra 20% went settle bill.",0.18662131519274378,0.37947845804988656,May 9 2007
47,47,"Far From City-Close Airport I stay 2 nights alternatives booked. The close airport (10 mins). I like location building buildings nothing see outside window (4th floor). The windows small too. If spend time choose one. You walk main road get taxi (2mins) arrange private car. Deira City Center said close still get taxi. I sleep ear plugs I sensitive aircraft noise outside. Don't except body lotion, cotton pads. They supply minimal needs. The breakfast good. Rich variety hot cold buffet existed. No need mention far Jumeira Sheikh Sayed Road convenient people want shopping want close beach. It good stay stopover night fly another destination.",0.09958333333333333,0.6129166666666667,Apr 29 2007
48,48,"!!!!!Perfect!!!! A freind I stayed Rimal Rotana Suites January 2007 8 nights, say superb. I know im bit late writing review honest, ive come across excellent site today. We stayed twin studio 6th floor 7 story located deira. The room quite spacious, think 36sqm. It amenities would expect 4 star hotel. It nice sized Satalite Tv, full mini-bar, hair dryer, A/C, bathtub/shower. Im sure more, cant remember.The staff helpful always smile face, never hesitated help. Always atended quries within minutes.This swiming pool rooftop sunloungers, quite nice. It also restaurent ground floor inside/outside seating area. This restaurent open 24hrs enjoy midnight snacks room.",0.45357142857142857,0.6884920634920634,Mar 15 2007
49,49,"A pleasant stay I stayed 17 nights end February/early March.Every one staff could helpful friendly, room decent size comfortable. Although kitchen there, I use it. I'm sure anyway kitchen bedroom - many us would home - that's personal thing.The satellite tv worked fine although stations bit 'fuzzy' - common problem I've found Dubai years. During stay, wireless internet installed use rooms, good idea alternative antiquated dial-up room couple computers lobby.A big plus restaurant lobby open 24 hours, menu reasonable. As another poster mentioned, restaurants nearby, including respected-by-locals one directly across road. I personally liked white glass aspect lobby/reception area. Very clean airy. There outside terrace useful smokers particular, much year would option heat humidity.There little attract westerners immediate vicinity, tourist-friendly malls 10 minutes away, City Centre particular.No bar, I discovered Fiipino nightclub behind Rimal, called Metro Manila. I colleagues spent many happy evenings there, entertainment provided couple impressive groups consisting musicians energetic dancers. Decent price drinks too.This certainly I would return to.",0.23924149659863947,0.5446281179138323,Mar 5 2007
50,50,"Nice Modern Hotel: But Beware It's Dry! We stayed days New Year.The staff friendly helpful, two Concierges real &quot;Mr Fixits&quot;.The rooms clean spacious kitchenette boon. The fridge came particularly useful &quot;dry&quot; bar! We able stock beers duty free arrivals aiport. There bars nearby within walking distance, however. There plenty satellite channels TV.We problem location, walked took taxis readily available. We also hire car part stay, taking advantage free underground car park..There small gym top floor, together roof terrace smallish pool. Considering price Dubai hotels, one good value.",0.2710115864527629,0.5061497326203208,Feb 18 2007
51,51,"Nice clean hotel.. We booked xmas week Rimal. Its located Diera business/residential area Dubai short 10-15 minute drive airport. The clean mini kitchen/bar well equipped. We issue hot water running whilst middle shower - told wait 30 mins tank re-heat. This happened couple times :( , staff friendly helpful. The room bathroom nice good size.The location best next time would opt stay near beach. Taxi's issue especially want return elsewere city, rush hour problem. * Tip - get taxi, sit close door telling driver want go. If still refuse, take car/badge no. get report allowed rufuse tkae *We booked [---}, aware tax would added got there. We paid tax around 20% top i'net price.Overall nice money, need take taxi's places would want see.",0.2253787878787879,0.5897727272727273,Jan 19 2007
52,52,"A good value less hectic part Dubai This clean, modern, comfortable business district Deira. Its restaurant great, many inexpensive nice Lebanese, Egyptian, Iraqi cuisines short walking distance hotel. Generally service good. The rooftop pool quite small. It's far Dubai International Airport Deira City Center shopping mall, making location even convenient. On days blisteringly hot, also walk Reef Mall Al Ghureir Center. You often book good rates Rotana site, Orbitz, Travelocity, internet sites.",0.17380952380952383,0.496031746031746,Jan 6 2007
53,53,"Good Hotel - Bad Location We eventually found hotel, took hour map website rubbish - included phoning several times. Was quite funny end. The rooms clean, modern breakfast bar cooking facilities, bathroom clean spacious. Breakfast lobby area, itâs open plan, food brilliant. Location - awful, cross Dubai creek, worst traffic certain times day long periods. We got stuck traffic 5pm abandoned attempt get back hotel. After eating long hot day got back around 10ish... By way traffic everyday, joke. Probably best pick south creek, great location drive insane.",-0.015108225108225092,0.5717316017316016,Jan 4 2007
54,54,"Great Value Excellent Service We stayed 5 nights impressed. It situated Deira &quot;local&quot; area Dubai taxis cheap - Â£10 get one side Dubai (a 30 minute journey) means location really matter much. The recently refurbished rooms lovely. We double room little kitchen, 2 armchairs flat screen TV. The interior tasteful clean. The staff cannot enough you, especially concierge, looked us well. We 2 ladies travelling together enough us. They arranged driver us first day drove us round 4 hours Â£20 great see highlights city quickly.The breakfasts great Â£6 per head buffet breakfast. The swiming pool tiny enough dip, gym although small necessary state art machines.We loved would definately stay return Dubai offers fantastic value money feel like comfortable hotel. Would recommend highly!",0.25633838383838375,0.5676767676767677,Dec 5 2006
55,55,"Nice many problems Nice reasonable location. Food restaurant/cafeteria terribly overpriced get. Some indescrepensies well e.g. ordered coffee evening, got 1 cup Dh 8 opposed pot coffee held 3 cups got morning price. Upon arrival room checking discovered received 2 twin beds opposed booked confirmed king bed. Reception's response blase &quot;We dont king bed you. Try tomorrow see one then&quot;. We insisted king bed finally given one several hours. Upon check-out, reception staff seemed unable operate credit card machine subsequently errors occurred. When kindly requested transaction voided, told blase manner able (!!!!) would send fax bank &quot;it ok either 48 hours 14 days&quot;!!!! Was incompetance staff I probably would stayed frankly would rather deal hassle I choice.",0.13125,0.5765625,Sep 24 2006
56,56,"Lovely Hotel clean This lovely hotel, quite near airport bothered plane noise - barely heard - although could see looked out. The staff could helpful. Everyone friendly. The rooms spotless well laid small kitchenette fridge. Room service prompt, well presented reasonably priced. There plenty choice breakfast. I would happily recommend anyone.Taxi fares Dubai reasonable drivers efficient pleasant. The big bus tour interesting booked hotel.",0.35767857142857146,0.6111904761904762,Sep 15 2006
57,57,"Does money! Been Dubai business trip, late July five nights stayed Rimal Rotana. The rooms spacious clean, furniture pretty old needs replaced. I first given room leak bathroom, many calls maintenance many broken promises fix soon possible I demanded transferred another room. This time leak TV work properly, lucky I TV guy.I got king bed fine, small kitchenette small sitting area. Location wise 10 mins max drive airport near Morkobat street. There couple restaurants near place. The neighborhood Rimal located quite, occasionally hear plans takeoff near airport.But worth US$ 150 per night, literally. I could gone Dusit Sheikh Zayed Road instead.",0.12456140350877196,0.5100877192982457,Aug 23 2006
58,58,Rimal Rotana....Service Smile,0.3,0.1,May 28 2006
59,59,Great Hotel,0.8,0.75,May 25 2006
60,60,Very comfortable,0.52,1.0,May 10 2006
61,61,Excellent Hotel,1.0,1.0,Apr 26 2006
62,62,Fantastic. Great service clean v. reasonable.,0.4416666666666667,0.7375,Apr 20 2006
63,63,Clean Good Value For Money,0.5333333333333333,0.6500000000000001,Apr 17 2006
64,64,Absolutely Lovely,0.5,0.75,Apr 15 2006
65,65,Great alternative,0.8,0.75,Jan 8 2006
66,66,buon soggiorno,0.0,0.0,Apr 20 2009
67,67,TrÃ¨s bon,0.0,0.0,Nov 14 2008
68,68,Impeccable,0.75,0.75,Mar 10 2008
69,69,Un sÃ©jour inoubliable,0.0,0.0,Jan 3 2008
70,70,Rimal Rotana Dubai - probably one nicest hotels Dubai,0.0,0.0,Nov 28 2007
71,71,Das Rimal Rotana war eine Super-Alternative,0.0,0.0,Apr 26 2007
