,Unnamed: 0,Reviews,polarity,subject,Dates_extracted
0,0,"Rude staff bad service. A guy entered room I naked I twice travel agency works I able plan travel. The staff simply ignore requests anything(even wake call considered extra service). In first travel(october 2008), I arrived night transportation arrived late airport. Then gave room 2nd floor. I know two discos first floor I could sleep 4 AM disco's sound. The next time(aug 2009) I asked room upper floors gave one 5th floor. I naked room shaving guy entered room one stuff. I really shocked. The reception given room mine. I know happen!!!! They come transportation I took taxi. The food good first trip second, spicy. Furthermore restaurant full little late stay lobby others eating (there enough couches lobby). Fish chips chips nobody cared fill fish dish again. Very bad service little busy.Their English terrible hardly understand say. I recommend anybody. Go another 3 star hotel. This time I going Ibis (2 stars) I go Fortune again.",-0.10091954022988503,0.4390394088669951,Nov 22 2009
1,1,Value Money This convinient location Diera area. The facilities good. Food delicious. Value money hotel. The management staff cooperative. The pool side area good top floor. Majority Staff either Indians Pakistanis. Some also Bangladesh. Totally Its good time.,0.5525,0.62625,Nov 12 2009
2,2,"AVOID AT ANY COST- They thieves!! avoid cost. They safety deposit boxes rooms reception backroom instead. The boxes combination locks, keys holds spare key boxes. Hotel staff opened box stole 1000 dhs I prove anything. The bathrooms sewage problems stink. Hotel staff unfriendly. Food horrible! A complete scam. Don't risk it. Email info: [--]",-0.14833333333333334,0.715,Oct 17 2009
3,3,"PERFECT HOLIDAYS I stayed Fortune 2005, husband, suttisfied . Therefore year, I decided book hotel. I happy I this, happy assistance, entire hotel, reception,breakfast room,service.Room clean tidy.any extra I needed people happy serve .I little baby me, 11 months, everyone helpfull kindHotel area good,only 2 minutes walk find supermarket, macdonalds,nandos,burger king, pizza restaurants,starbucks,restaurants.I definately use next visit Dubai.",0.3270833333333334,0.5053571428571428,Feb 5 2009
4,4,"Nice enough good location This nice enough brief trip Dubai. The room clean reasonable size, though call luxury.Staff front desk bar best, one lady reception could quite rude chap behind bar seem understand saying lot time.Breakfast okay, although things offer seemed little strange.All served us well short stay.",0.21994047619047621,0.5809523809523809,May 20 2008
5,5,"Nice Hotel Not confused Fortune Hotel Deira.I stayed Arabian Travel Mart. It time hotels difficult find rediculously high rates. By way, Dubai hotels days rediculously expensive anyways.I got single room 125 usd. The apartment recent renamed fortune apartment behind office tower ABN AMRO located main bank street Bur Dubai. This around 5 minutes walk Bur Juman 3 block walk.There good mosque across bank street road. There also good supermarket nearby decent places eat office district.The rooms clean, breakfast sufficient staff friendly. Would recommend place.",0.09739795918367346,0.6074489795918367,May 17 2008
6,6,"It's OK! I stayed 4 nights. The ranked 3 star I think, ok. The breakfast good I can't eat much lunch. The beds comfortable. Staff friendly. Bathroom clean. But I think little bit expensive. The location good worked streets near causes roads blocked.",0.2981060606060606,0.5454545454545456,Dec 1 2007
7,7,Good South Indian Hotel This good especially south Indian . The situated crowded place . Go willing traffic jams . Rooms big sufficient 2 . Got amazing deal worth search Dubai . Close City center mall Diera . Near airport well . Will cost around 15-20 AED frm airport . You get eat Dosa Idli place,0.255,0.5549999999999999,Nov 2 2007
8,8,"Not good Fortune This classed 3 star, I rate highly! We stayed 4 nights. The room usual basic standard bed comfortable I failed get another pillow repeated requests.The bathroom loo cleaned properly hit miss many towels facecloths got 2 us day. One day room cleaned 3pm!The noise nightclub 4 floors audible, must really noisy closer. The pool small roof, try gym ok.Breakfast buffet style although plenty choice, hot food stone cold two mornings. Despite numerous members staff hanging around always hot water, milk etc. The coffee instant!Don't eat restaurant evening. We one night served plate bones rice!! ( I think supposed biryani.)The staff polite enough service variable standard.Dubai fascinating place people friendly. I would recommend staying Deira side creek, particular hotel.",0.09457671957671956,0.4993915343915344,Nov 10 2006
9,9,Civil friendly tired hotel; staff friendly. Very noisy 3am.,-0.13293269230769234,0.47115384615384615,Nov 2 2006
10,10,pas terrible,-1.0,1.0,Oct 6 2009
