,Unnamed: 0,Reviews,polarity,subject,Dates_extracted
0,0,"Not worth stay also Enjoy I already family based Emirates- hence place stay. Despite this, I thought trying Dubai reasonable cost. I managed book stay lastminute.com reasonable price definitely get local Emirates. Strategic location, friendly staff. The negative point, crucial one I think of, NO internet connection! I find location difficult get to. If taxi driver cannot find location he's definitely trying keep longer car possibly charge more. Tell drop building advertisement &quot;TITAN watches&quot;, addition address. The entrance side building adjacent it.I come definitely book another stay near future.p.s. Don't forget request coupon reception gain access gym meridean branch next airport. It's worth visit. Hope enjoy stay Emirates. :)",0.132375,0.5515000000000001,0.5515000000000001
1,1,"Loved stay there! We booked apartment three nights, travel one day earlier, called book extra night day began traveling. The receptionist told book online get cheaper rate. I airport without computer, threw loop. After thinking awhile, I realized LeMeridien part Starwood group. So I called 800 number States, booked great rate. We lucky enough assigned one bedroom apartment overlooking water Radisson Blu -- fantastic! Had newspaper hanging doorknob morning, NO COMPLAINTS! Loved close market, loved kitchen, nice tv choices, clean, quiet, cool, LOCATED fantastically well want mix local culture close metro, whisk Mall Emirates time, take taxi Jumeirah Beach wish, wherever. Very reasonable, frills, plain lobby -- ther 4 nights -- satisfied.",0.3556302521008403,0.6355182072829132,Nov 20 2009
2,2,"Nice apartments but... Meridien? Apparently Meridien chain bought cheap flat Deira put name it. Because nowhere close level Meridien. The apartments nice, clean, building apparently renovated, kitchen fitted pans, cutlery, small fridge cooker. Your dishes washed every day staff. Service, therefore quite good.(Just make sure DO hand disturb notice, risk woken 9 am, asked want issue English language local &quot;The Gulf News&quot; paper. Definitely nice, considering stayed 5 am. And make sure DO hand clean bedroom notice, won't)Apparently, reasonably priced hotels Dubai Deira. The problem Deira want Jumeirah almost every day, 10 eur taxi ride start hurt 3rd day. You also walk brand new metro, means crossing creek boat 30+ degrees walk another 15 minutes station. This problem overcome soon, stations across creek open, sometime 2010.Back hotel, Wifi, one PC reception surf net expensive rate, walk one block next internet cafÃ©. No swimming pool, although allowed use one main Meridien near airport. But need jump taxi, go straight beach?",0.14645454545454545,0.4796262626262627,Nov 14 2009
3,3,"Great budget apartment hotel; convenient location I stayed apartment two nights holy month Ramadan. Reading TripAdvisor reviews definitely helped locating finding nearby amenities, I hope contribute back community review.The front entrance visible turn Al Maktoum Road. From Al Maktoum Road, use placemarks Orlando Sports Bank Saderat Iran.Service friendly helpful. Since I prepaid Travelocity reservation, I need present credit card check-in. I snagged great deal studio room two single beds, since I traveling alone, person check-in offered send someone join two single beds put full-sized sheet them. There welcome fruit basket though.The room spacious clean. The apartment-like amenities kitchen (with refrigerator oven), cutlery flatware really came handy Ramadan, restaurants closed day, supposed eat drink public daylight. I able purchase groceries nearby 24-hour grocery store mentioned reviewers (Choithram) prepare meals. Unlike another reviewerâs experience, room kettle. The central AC powerful, I didnât use room AC even though stiflingly hot outside Dubai summer.Location-wise, convenient location. I walked everywhere throughout trip, didnât need take cab. The newly opened Union Square Dubai Metro station right next hotel, plenty shops within walking distance. I arrived days Metro opening, fortunately, Union Square station one ten stations ready launch date. The Dubai Creek also nearby, I took hour-long Guided Creek Tour (recommended) boarded abra cross Creek.Overall, I would stay again. The biggest advantages kitchen + grocery store, Metro station next door.To assist others, I made Google Map exact location nearby amenities here:http://maps.google.com/maps/ms?hl=en&amp;gl=us&amp;ptab=2&amp;ie=UTF8&amp;oe=UTF8&amp;msa=0&amp;msid=106694324596487583594.000476546243012e4822b&amp;ll=25.266393,55.310315&amp;spn=0.005899,0.011319&amp;t=h&amp;z=17",0.17229961957234685,0.40865144956054045,Oct 25 2009
4,4,"terrible service - standards slipping The service terrible. I stayed many years absence 2 years I came back thinking would get excellent service before.Not time..The front office staff always internet located lobby.One particular, Filipino male &quot;J&quot;, stands door sees family coming â disappears doesnât open door us.We lot problems room first day. No cooking pots, electricity breaking â eventually âJâ came bad attitude I almost left day.The cleaners donât clean room. Dirty bed sheets â I witnessed cleaner removed one replaced another dirty bedsheet.They clean dishes. I photographic evidence this.When previous managers mr S &amp; mr. M there, staff opening doors, holding bags arranging taxis us. Certainly case anymore.Each time I phone front desk, woman answers bored YES Maam. These people interested here. I brought lot custom (british people) ask Mr. R works unfortunately holiday there.I wont bringing anyone anymore tell everyone rubbish is. The attitude individuals work disgusting.dont stay - overpriced offers poor service.",-0.129891899288451,0.4624247400109469,Sep 22 2009
5,5,"Great stay travellers budget! Having stayed Dubai many times many 5* beach city hotels I initially little hesitant staying rated 2* went basis run Le Meridien Group....and pleasantly surprised!Travelling husband 1 year old son delighted friendly reception lady checked us almost immediately even though arrived 6 hours usual check time. The room large, clean, baby friendly functional (although basic) baby cot son already room waiting us, luggage brought promptly service friendly efficient staff.Every time left came back, assisted one staff carrying pushchair steps lobby welcoming happy stop talk little son...this may seem trivial thing help make difference travelling young child really felt welcome!It also brilliant guests welcome use swimming pool gym facilities Le Meridien City (near airport) free charge throughout stay...the taxi around 15dh get lovely place swim generally chill out!The negative things were...some taxi drivers know told us even understand address...we used Radisson Blu across road good reference point walked back. Another negative point apartment, (although knew would basic) lack something simple kettle...this made quite lengthy process boil water cup tea morning! It would also brilliant even small lounge area guests sit night read / use laptops etc...as rooms balconys us baby sleeping would good escape sitting area baby moniter!Apart would definitely go again, great location, many great local cafes shisha bars fantastic place explore Bur Dubai places like Gold Souk, musuem etc!",0.2780952380952381,0.5167195767195767,Sep 11 2009
6,6,"Great rooms simply comfortable service excellent I stayed recently due overnight connection Emirates. As reviewers mentioned, taxi drivers including mine, know was, happy find you. Al Maktoum Rd / 15th, behind Radisson near petrol station get there. It's white building clear sign. My taxi driver extremely helpful, called hotel. It 20 minutes taxi.I stayed Le Meridiens past, including high end ones, reception area one looked dated old. This got worried I really right place, correct. Nonetheless, service check-in excellent. A special thank Dinesh reception kind, polite, helpful efficient check-in process.The rooms actually apartment style suites. They big. There large fully-fitted kitchen area addition sleeping area plus sofa, useful desks. Staying one night, really wasnt need kitchen, considering extended stay would useful. The bathroom nice clean bath deep. Note need switch hot water switch get hot water located outside bathroom door. They provide high quality toiletries sofas. The bed one comfiest I ever slept on, albeit little short, wide. I say room well temperature controlled. Though individually controlled air con, worked fine, I comfortable switched off, suprising considering hot outside.The issues I would report door chain broken, TV channels fuzzy watch. Also I got woken 2am loud bell outside room - I presume fire alarm may mistakenly set off. Thought second, enough wake me.Check-out simple. Simply handed door card lady downstairs, called taxi me.I got great rate direct Starwood. For price, I think best value I ever stayed (it low season though - August &amp; Ramadan).",0.1896136173767753,0.48995822890559737,Sep 3 2009
7,7,"acceptable apartment rate This apartment located downtown Dubai Al Maktom street near Abdonnaser square. The location busy lot constructions near one could hear day . AC efficient though temperature controls work turn AC going cold. The room kitchen spacious clean.The sheaths soft clean. The reception administrators especially Jina Ranjith quite helpful. The computer located lobby equipped printer internet rate high ( 1 AED per minute equals 16.6 USD per hour !). The internet speed good.There nearby restaurant ( Golden Fork ) offers internet access rate 5 AED per hour equals 1.38 USD per hour . It's 5 minutes walk opens 13:30 closes 4 ( Yes ! 1:30 PM 4 AM ).One night noises someone handling garbage pockets floor were, 3 5 I sleep well. Our studio room front &quot; garbage room &quot; !The complimentary English newspaper ( Khalij Times ) satellite TV BBC CBS cold breeze AC relaxing tiresome hot humid day city. The shuttles airport .The iron iron table helpful .Overall good apartment rate I got ! I wanted extend check time 6 hours unfortunately accepted 2 hours I spent 4 extra hours airport waiting flight old father!( I know extending 6 hours regular I really needed . Also I tried book another night able stay 6 hours possible)",0.0863074712643678,0.5154111405835543,Aug 11 2009
8,8,"Highly Recommended It went beyond expectations apartment (service apartment is). Spacious clean rooms, efficient staff... great value money. Le Meridien definitely knows quality service is. Keep good work! Cant forget stay here!",0.4873333333333333,0.66,Jul 28 2009
9,9,"Great Location Nice Hotel I Dubai friend's wedding Abu Dhabi, decided stay based positive reviews well competitive rate.Cab drivers' knowledge location varies. The airport cab driver call obtain directions (keep phone number handy; telling driver located Al Makhtoum &amp; 15th, behind Radisson, right across gas/petrol station may helpful). Once directions, quick ride over. Some cab drivers well aware location, one got mad knowing able give precise directions (I vacated cab pretty much immediately, took another cab).Check-in easy (I pre-paid Expedia), credit card required incidentals. I corner studio room wall windows 2 sides -- really made room look spacious. The room iron ironing board, arrange clothes pressed, needed. Some reviewers noted fresh fruit room daily newspapers. However, I experience this. The room contain 2 complimentary bottles water, replenished. At time, I never bothered ask stay extremely short (2 nights, including night I landed), I time energy raise issue. The bed comfortable, pillows (a pet peeve).The room clean, bathroom. The bathroom average size. The bathroom used white-CFL lighting, I'm fan of, bad enough bother me. The power-point bathroom accommodated 110v cell-phone charger, appeared sufficient hair dryer, etc.The climate control old school, expect able set particular temperature. The fantastic location. Deira creek 5 minute walk, dhows (boats used cross creek 10 minutes away cost 1Dhs). The textile souk across creek, gold souk side -- vigorous 20 minute walk away.The front desk staff extremely helpful, organized local cab ride airport. The cab arrived ahead time, checkout simple dropping keycard.Overall, nice fantastic location. I would certainly return I found back Dubai.On separate note, cabs fairly easy find. The front desk call one you, find walking around fairly busy street need cab, stand around minutes (be patient), keep eye cab &quot;taxi&quot; sign light up; step out, raise hand, cab cut across traffic, come you! Finally, walk shade, hydrate (a lot), plan staying indoors 10AM onwards. Keep mind based experience couple days late June.",0.1662894906511928,0.5287533388597218,Jul 17 2009
10,10,"LocationLocation Location This excellent location near old city, near creek waterfront. It walkable distance old part Dubai. The rooms huge many look creek. Our room 2 bathrooms large well equiped kitchen. It like serviced apartment hotel. Free newspapers morning everything room working order. The look much outside. Excellent value money.",0.35494505494505507,0.506043956043956,Jul 11 2009
11,11,"Good Services I stayed 3 days. It room comfortable, clean huge. I love little kitchen although I cook stay. It good service reasonable price I expect before. All staffs nice helpful especially reception staff Jennifer. For location, little restaurants nearby, also 24 hour McDonald 24 hour supermarket nearby. You walk Deira creek catch bus gold souk spice souk, spends 20-25mins gold souk spice souk.If want take Dhow Cruise Big Bus tour, stop far away.I satisify much.",0.24677777777777787,0.6773333333333332,Jul 6 2009
12,12,"Great Value Place Stay Deira If get good price looking good Deira location place hard beat cost (5 nights cost less 1 night beach hotel!). The facilities such, however across road Radisson Blu 10 bars / restaurants. The provides free shuttle (book night before) 5* Le Meridian near airport make use facilities including 3 great pools. Taxis cheap readily available outside Radisson. Rooms good size include kitchen, make sure ask non smoking room required arrival. The 24 hour Supermarket 5-10 min walk away, turn left, right (opposite Garage selling drinks snacks.). The Creek Abra Station walkable. 40 - 44c trip thankfully humidity low therefore surprisingly bearable - make use nearest air conditioned building find overheating. I recommend big bus tour first time visitors - I suggest getting 48 hour ticket time allows lot see distances sights large. The nearest stop 10 min walk away Banyas Road opposite Riviera Hotel.",0.28043478260869564,0.4280365769496206,Jul 1 2009
13,13,"Our new home away home I encouraged stay based reviews TripAdvisor travelers. I thought apartment would nice closing vacation. What wonderful choice us! We completing vacation started San Francisco, continued Singapore overnights prior repositioning cruise Singapore Dubai -- even deluxe shore excursion Taj Mahal, planned 3-night stay Dubai. We arrived somewhat travel-weary, drive Dubai real eye-opener! We ready take trials sightseeing city wowed us time. It 11:30 posted check-in 3:00 pm. To delight permitted check-in early given deluxe room rather attractive view. The room large--very large: bedroom, living room, dining room, kitchen 1.5 baths including bidet! The suite sparkling clean, delightfully cool welcoming every way. How nice full refrigerator cool drinks kitchen prepare breakfast! This truly set tone stay.We wondered desk would adequately covered night would even concierge. We delighted reception services. They quite adequate. Taxi drivers seemed unfamiliar hotel, wise get card desk gave directions/location hand using taxi.We found staff exceptional. They helped us way asked. All toiletries restocked daily given extra towels kitchen. We given bowl fresh fruit first day 3-night stay offered opportunity enjoy resort services transportation available Le Meridien beach. We take offer all-too-brief stay.This clearly three-star hotel; build expectations associated Le Meridien status. This clean, cozy, charming place stay. It shows wear. On hand, apartment style living truly relax; delightfully close abra station, Dhow River Cruise boats, especially Gold Souk. We walked &quot;home&quot; easily Gold Souk, getting bit challenge.A stay Dubai marvel itself. We took hop on/off bus found great way get around though done best sightseeing personal guide Carlton Hotel nearby.This good one. Hope enjoy stay. Would stay again? YOU BET!",0.37422606463304137,0.5953438034833384,Jun 1 2009
14,14,"Good value spacious The taxi driver found without problems surprised large room was. The bed comfortable towels bathroom huge. This stop-over us, staying days kitchenette would handy, though I'm sure supermarket located. The reception staff helpful fresh fruit room nice extra. There also newspaper delivered morning.This apartment accommodation Deira, old part Dubai walk Deira creek catch bus souks.",0.25725274725274727,0.5859584859584859,May 28 2009
15,15,"Average apartments My original booking 3 nights, I cut short 1 night. The rooms ok, beds average tv small. Few satellite channels well. Good thing fruits service. Not would expect &quot;Le Meridien&quot; though, explains cheap price dim reception.",0.1325,0.465,May 26 2009
16,16,"Le Meridien Residence: Excellent value service I stayed six nights early May, 2009. I booked good (for Dubai) rate Expedia $71 US I unfamiliar Dubai worried two things: solo female traveler location hotel. I needed work days various parts Dubai, go sightseeing scuba diving rest week town using Dubai base. Turns sensibly dressed public take advantage 'ladies seating' buses restaurants, feel ease. However, even without special women-only zones, I never felt uncomfortable threatened I used public buses time. Taxis, cheap, still added pay sit traffic much time. By learning main bus lines, I actually got around well fraction price (yes, good public transport system, complete air conditioned bus stops!).The Deira area, located, close Dubai airport, arrival middle night require long taxi ride. There public bus I much luggage. About location: turns sprawl Dubai, construction detours overall traffic congestion, unless absolutely need beach, I think Deira fine. I love stroll around city, Dubai hot spread make enjoyable, even though located within walking distance several sights. The checkin quick I asked leave credit card deposit, I noticed happened several guests stay. I remember reading reviews Dubai hotels mentioned 'deposit'. Perhaps I prepaid Expedia require one me? This also one block Dubai Creek, watch dhows, longish walk Gold Souk Spice Souks, although Internet expensive, I used one two Internet cafes within 5 minutes walk. The Radisson SAS across street I used landmark taxi drivers take hotel.The room spacious, clean studio full kitchen large bathroom. I received newspaper, free, day really appreciated bowl fruit bottled water upon arrival. I loved fact I lots cold drinks waiting end day refrigerator, LOL. In addition, although I used one day, staying allows use pool facilities Le Meridien Dubai, flagship next airport. They even shuttle goes two hotels twice day.I business do, found messages taken given promptly, wakeup calls done time (and taxi's called I got ready go out), front desk even verified night I needed wakeup call, taxi anything else following morning. Even I didn't, I appreciated fact proactive arranging anything me.Overall, staff put ease, met needs, room oasis, literally, hot place, I close enough walking major sights. The money I saved staying made activities possible. Unless need beach right front you, stay here. Otherwise, stay Jumairah.",0.12750865800865802,0.45513419913419917,May 13 2009
17,17,"Convenient good value stopover We really could fault Residence Deira. All needed clean, inexpensive room close airport good indeed. It guests use facilities nearby Le Meridien Airport Hotel. There many restaurants within walking distance well small local shops. Dubai creek 200 metres away.The residence good stopover would also suit somebody staying Dubai extended period apartments well equippred kitchenette.",0.34740740740740744,0.5311111111111111,May 4 2009
18,18,"Great 2 day stop Apartment (407) clean, big modern, great location. Free water fruit bowl arrival....which nice.Not many good channels telly never really spent much time room wasnt really problem. The door man receptionist couldnt helpful.No internet pc lobby expensive, directed toward 'golden fork' chinese restraunt 4-5 mins walk away. It internet cafe upstairs really cheap! food isnt great though.the downside call morning worship mosque hundred meters away, woke 5am morning, light sleeper :) wasnt loud.I would recomend anyone, great value money.",0.3079861111111111,0.515625,Apr 8 2009
19,19,"Spacious service appartment perfect location. A great place stay despite hotel. They offer service appartments without meals, garage swimmingpool. We booked studio got free upgrade two rooms appartment. We large livingroom, seperate bedroom, large bathroom small kitchen. The two room appartments Creek side great view Creek Bur Dubai.The location perfect. It within walking distance Souks one block Dubai Creek. There 24h supermarket witin 5 minutes walk. It's 3 minutes walk Twintowers find cheap buffet restaurants beautiful view (outside terrace) Creek. The staff friendly helpfull.",0.3986904761904762,0.7390476190476192,Mar 24 2009
20,20,"Good Value Great Location! A great hotel. We stayed cheapest room available huge. All rooms apartment style small kitchens, although equipped well kitchen accessories. Not problem since tons cheap places eat Dubai. It convenient refrigerator room could buy drinks keep cold. There grocery store couple blocks away easy buy snacks drinks. The room nice clean pretty modern style. The bed comfortable decent view windows. It luxury hotel, clean, safe, good bet looking mid-range hotel, one specifically good value. The service excellent anything needed attended staff, including questions tours, etc.The best thing definitely location. It Deira, one older neighborhoods Dubai, within walking distance Gold Spice Souks. It one block Dubai Creek, 10 min walk abra station. The abras small boats take across creek Bur Dubai 1 dirham. Once across, middle another souk area easily walk sights Bur Dubai including museums, heritage village, etc. You need take taxi get fancier attractions Burj al Arab Mall Emirates, true hotels Dubai since attractions located pretty far away center city hotels near resort style.We booked Desert Safari Dune Dinner tour Sunflower Tours (info booking front desk) amazing. We definitely recommend company. There lots companies want try shop around really canât miss excursion.A tips visiting Dubai general: -Bargain! We often got things half price originally quoted, always discount. You canât make ridiculous offer, sometimes may start walk away get best price.-You find cheap food want to. Shawarma always cheap, Indian Pakistani restaurants, especially ones catering locals. We breakfast 2 people 5 dirhams, equivalent less 2 dollars.-Taxis overall quite cheap, sure taxi driver knows going. Our taxi driver got lost going Burj al Arab, one famous landmarks Dubai. Best bet walk major street hail one opposed call one since small surcharge that. Overall issues taxi drivers quite nice.-Donât exchange money hotel. We went regular bank (at mall) surcharge fee, good rate. We got 3.65 Dh US$, rate pegged 3.67. You need change money lot places accept credit cards.",0.2797777777777778,0.5694301994301993,Mar 17 2009
21,21,"Spacious Clean Apartments excellent location We 2 studio rooms booked week March. We arrived 04.00am morning due check 2.00pm, staff allowed us check 04.00am baby, staff told us 1 room available 04.00am 1 bedroom apartment told 2 studio room's originally booked would available 2pm. We call staff reception 10.00am telling us upgraded one rooms 1 bedroom apartment, prevent hassle moving rooms. The 1 bedroom apartments spacious en-suite bathroom extra toilet enter apartment. When enter building let reception put off, pleasantly suprised see rooms. Great value money. Why pay amount room could get spacious apartment amount. The quiet problems noise.",0.2744444444444445,0.495,Mar 16 2009
22,22,"Perfect Dubai - Great Location. Stayed 5 nights 1 bedroom apartment shopping festival. How anyone say location poor really know Dubai all. The location Deira, right centre town, minutes gold souq, Riga Street, creek. If find difficult find first, right opposite Radisson SAS. You cannot central this., bearing mind Jumeirah beach burj al arab good 30min taxi ride centre. We checked midday allowed late checkout 2pm. The staff excellent helpful pointed us direction 24 hour supermarket (3mins walk away) salon wife across road Radisson SAS. There computer fast internet access charged 1dhs per minute ( $5 = 20mins).The room lovely view Al-Maktoum road creek able see fireworks display perfectly every night 9pm. The tv 30 channels, including 10 English, 10 Arabic rest including european channels, indian channels others. The fridge came 2 bottles water, freezer microwave too. Overall experience excellent price reasonable Dubai, costing 480 dhs/night ($140) 1 bedroom apartment.",0.2939010989010989,0.5553754578754577,Feb 10 2009
23,23,"Decent Hotel Bad Location Not bad price It's definitely fancy anything terms Le Meridien. It's standard apartment far away location main attractions Dubai. The location surrounding seem safe great location. I feel comfortable walking around neighborhood night. It's far restaurants malls. There 24 hour supermarket within 5 minute walk. The rooms plain, nothing fancy. It clean layout apartment nice. Other that, stayed one cheaper options could find least decent exactly is. Decent. Average. Don't expect nice luxurious. And go expecting anything either Le Meridien. I would recommend really need find place stay decent price. Otherwise, would've paid money stay closer main attractions nicer hotel. It would come take taxis main areas Dubai.",0.12871598639455784,0.5663265306122448,Jan 17 2009
24,24,"Not bad money We stayed 4 nights October nice stay. We arrived early morning room wasnt available yet, staff could get us room soon possible.Our room huge extremely quiet, despite main road. Liked fresh fruit, kitchen room cleaned daily. The staff friendly.Considering expensive accomodation Dubai, felt Le Meridien Residence good value money. Biggest issue transport. Whilst staff happy try get taxi, one turn peak hours! So definately make use Radisson SAS across road taxis seem stop often.",0.3231111111111111,0.5615555555555556,Jan 6 2009
25,25,"Homely I stayed friend experience nice. The staff friendly, ever willing assist I never saw staff wear frown six nights stayed there. The room neat, bed comfortable clean linen laid every day.The water shower powerful parts bathroom showed signs wear tear.I like fresh fruits kept room first day arrived came quite handy cause checked 12 midnight I famished, I wish fruits day. We stayed one studio rooms looked like mini flat kitchen essentials exception micro wave.Dubai expensive city many imitations, even malls one would expect good originals exorbitant prices displayed, I went Dubai intention fun time shopping till I exhausted, The fun time shopping big disappointment friend I. Aside Dubai lovely experience certainly place I recommend friends family vacation,",0.2401643990929705,0.5704648526077095,Dec 30 2008
26,26,"Good Deal Dubai Dubai expensive place visit, great deal, good location. It's close airport, 15 min, costs $5 taxi ride (UAED25.00) The staff friendly helpful. The rooms large quiet room kitchenette. There restaurants stores within walking distance, Gold Souk moderate walk away (15 min). You might want make walk 51C heat, difficult get taxi take short distance. There taxis outside hotel, walk Radisson across street, catch cab there. On leaving, receptionist call cab you, prepared wait. Some taxis difficulties finding obvious street, pick card receptionist shows location. The room clean, view, showing signs wear water stains bathroom. Bed furnishings comfortable. We nice stay here.",0.1949032738095238,0.6066575091575092,Aug 29 2008
27,27,"Needs bit TLC great price ! At last decent priced place stay Dubai ! My husband I regularly use Dubai stop-over long haul Business Trips struggled find somewhere stay within walking distance creek area 5 star prices. The Le Meridien Residence Deira seems answer. 5 minutes walking distance creek, various bus routes, basic self-catering equiptment good price (all three nights price one night Dubai hotels). We stayed studio apartment basic adequate three night stay. The apartment needed bit TLC particulary around edges equiptment kitchen strange assortment. There full oven hob microwave toaster ! The staff helpful giving directions 24 hour supermarket upon arrival (at 01.00) could buy water breakfast provisions 5 minutes walk. There also 24 petrol station directly opposite water drinks. The residence small well sign posted, driver (Emirates Cars) struggled find residence first night. We certainly using Le Meridien Residence Deira future.",0.1414544513457557,0.4040587673196369,Jun 25 2008
28,28,"Simple apartments good location Deira area near Dubai Creek old town Stayed Residence Deira Le Meridien 3 nights prior SIlversea cruise Persian Gulf. Got fantastic rate Le Meridien website (720AED=$200US total including tax airport shuttle 3 nights studio apartment) since stay week-end (Friday). Wanted book 1 additional night return, would cost much 3 previous nights put together, This small low-rise apartment building located behind Radisson SAS hotel, Dubai Creek, within easy walk 30 cent water taxis historic center, gold spice souks, shopping (modern malls taxi ride away). There supermarket blocks away. The hop-on sightseeing bus ($50 US) stops front Riviera Hotel several blocks away.The 6 studios floor face back (a quiet vacant lot), 3 one-bedroom suites face front (busy street). Kitchen equipment spartan (no toaster, dish soap, cloth, towel rack) adequate simple meals. There full 4 burner range oven (no microwave). Bed bath quite clean, kitchen could used good scrubbing. Bed linen luxurious beds good (firm).Metered taxis hard find (always engaged), desk book advance (hours least) since unmetered taxis cost least double. Airport shuttle free Le Meridien transport booth DXB arrival hall, makes arrival departure simple. There day free shuttle Le Meridien airport (to use spa pool), There access Le Meridien beach hotels.Since hotels Dubai start $200 US per night (600AED plus 20%tax) go well $1,000 US, real bargain.",0.1252857142857143,0.40170748299319725,Mar 19 2008
29,29,"Great rate I stayed Le Meridien Residence Deira 7th 14th August 2007 week teenage son. I loved location, central enought within walking distance Nasser square, gold souk shops, away noise activities Deira. The suite spacious clean. The bed comfortable linen luxurious. The guest amenities extravagant price paid. The staff members friendly, warm totally helpful.The complaint son television compatible Sony play station 2 console. That really big deal.I hope stay travelling without son. It great deal. I would recommend people looking decent accomodation Deira reasonable rate.Ayowande AyoNigeria.",0.28005208333333337,0.5685416666666666,Jan 21 2008
30,30,"Great Convenient Stay Our first Dubai holiday December 2004, We wanted experience Dubai chose stay Diera City going Hilton Jumeirah. Went gut feelings chose Residence Diera. Better expected, spacious, convenient, within 5-10 mins walking distance gold Souk, eateries, mall, boat ride easy get cab. We love ! I would recommend place everyone. We came Dubai Shopping Festival 2007 stayed Mercato area. Traffic bad. We decided stay Diera area next time. In fact, coming Residence Diera 18-25 Jan 2008.Dubai best shopping eating place world!",0.30083333333333334,0.4683333333333334,Dec 24 2007
31,31,"dump dont stay forget cheap go elsewhere facilitiesdirty roombathroom brokendirty bedsheetsbad areanoisyunsafecheap checked next day, terrible, could stay another night",-0.19999999999999998,0.5666666666666667,Nov 17 2007
32,32,"Decent ""cheap"" place stay Deira My husband I wanted split stay city beach- stayed saved money exploring days. The inexpensive Dubai, rooms large fine. The location good exploring souqs catching abra ride Bur Dubai. Immediately around business district, short/cheap taxi ride decent hotels, malls, souqs (also walking distance depending heat tolerance). We came end May beginning June- could take exploring hours time days.The apartment style complex, none concierge etc services nicer hotels. The also hard time getting taxis- busy street outside go two blocks entry Radission SAS (sometimes listed guidebooks Intercontinental). However, staff courteous helpful- knowledgeable nicer places. The really restaurants it, ok Iranian restaurant cheap decent shwarma sheesha resturaunt building. The Radission SAS little complex near better places eat, too.",0.1567328042328042,0.5016754850088183,Jun 6 2007
33,33,"A good place stay My husband I spent romantic 5 nights Dubai stopped here. It perfectly adequate, clean friendly place stay. We initially twin room kitchenette asked double moved really spacious apartment separate bedroom, living area, kitchen area, guest loo/washing machine room. The annex main Le Meridian dining leisure facilities. If stop here. However cope transport smart main (with 3 pools!) daily, Â£4 taxi , use facilities see exploring elsewhere, adequate place stay. It business district, particularly pretty area, close airport found taxis reasonable reliable. The staff really friendly upkeep room faultless. There big Radisson SAS across road quite swanky, seemingly welcoming non-resident visitors. We ended using 9 different restaurants grab taxis everywhere else. All all, long without amenities 'proper' âDeira Residenceâ good place stay.",0.21590476190476196,0.419047619047619,Apr 30 2007
34,34,"Great place stay Just returned fabulous stay Dubai. Deira Residence Le Meridien great place stay reasonable price. The rooms spacious clean adequately equipped kitchenettes. The staff friendly enough help us. A minute's walk away main road, taxi's abundance cheap safe way getting around (make sure get taxi one registered firms use meter avoid overcharged). The quiet lack amenities (clubs, restaurants, shops) mind plus. I would advise anyone looking somewhere use base whilst explore many wonders Dubai offer.",0.3027777777777778,0.625925925925926,Aug 6 2006
35,35,niedriger Preis - niedrigere QualitÃ¤t aber akzeptabel,0.0,0.0,May 29 2009
