,Unnamed: 0,Reviews,polarity,subject,Dates_extracted
0,0,"Awesome exchange students I stayed one marriott apartments semester abroad. It amazing. We 4 girls 2 double-bedrooms, 2 bathrooms, 1 guest bathroom, huuuge dining living room open kitchen balcony panoramic view dubai creek. The staff really friendly always smiling, rooms always clean. Absolutely loved bed - wanted take home ;) The pool area, sauna, steam bath jacuzzi good relaxation, area dubai thats really famous holiday-tourism. Cabs available almost times though since really cheap get around taxi, affordable get clubs, beach mall.A negative things though: costs internet access apartment ridiculously high, right front building new building (sometimes even night time) one day cleaning lady threw left-over food waiting us stove.None less, felt like &quot;home&quot; couple days.Perfect students spend semester university dubai (the UD right across street) business people.",0.2671396103896104,0.6366320346320347,Jan 22 2009
1,1,"nice apartment but..... The one bedroom apartment nice spacious, Staff friendly told toilet flushing constantly night never fixed.Despite number apartments quiet, fact quiet. The residents lounge free wi-fi like sitting morgue.The swimming pool tiny shallow one end proper swimming almost impossible. It shaded get little sun 3pm.2 new tower blocks built next tower B. construction goes thru night noisy. traffic noise also loud.Not bad business trip would choose holiday. Miles beach attractions trying cross roads nearby nightmare Dubai.",0.018901515151515152,0.453560606060606,Dec 1 2008
2,2,"Spacious - great beds! This third year row stayed Marriott annual holiday primarily quality service. The Executive apartments disappoint. Staff unfailingly helpful efficient - even raking laundry find daughters lost cuddly panda!I suppose real beef price - rate I thought I paying racked unspecified tax service charges around $400 dollars night. However prime city centre 5 star resort premises 24 hour service I suppose expected.This good choice family holiday family want go - hotels allow stay 4 room worked well us. Looking previous reviews I would make following comments:ALCOHOL - You going Arab country must expect easy. You buy duty free passports Dubai Airport best make time this. Just across road apartments one hotels The Dublin Arms Pub open 3 am. Only discovered 4 days in!TAXI - It's easier get one doorman stand corner block B roundaboutPOOL - Yes bit small narrow building know could make much bigger. Probably need sunloungers though.LAPTOP - I used large Resident's Lounge top floor work free wireless connection there.APARTMENTS - Very spacious, quiet, clean loved beds. I'm bad sleeper slept like baby here.ELECTRICITY - UK style 3 pin plugs used.All great place holiday . You might better Jumeirah Beach place fine us.Paul Robinson",0.23547619047619048,0.5156190476190478,Oct 29 2007
3,3,"Great want apartment I spent 3 nights Marriott Apartments impressed aspects disappointed others. The rooms huge. I stayed one-bedroom bedding definitely Marriott standards - comfortable. The living room spacious even Bose music system. The entertainment unit needed decorations seemed bare I guess guests would steal whatever nailed down. I problem cleanliness thought cleaning service great job. There W/C kitchen guests nice. The health club area nice although I thought pool small. The sky bridge two towers amazing views creek areas Dubai. The food Sky Cafe (the one site) OK best serve Starbucks coffee makes morning. The bad things. SInce hotel, steady flow taxis I often wait 30-40 minutes get one. Even late March - warm walk day. The apartments taxi service far overpriced compared local cabs. Also, since - liquor license spirits (or whatever) Duty Free way in, forget it. Dubai place pop corner shop pick six-pack beer. After work evenings I wanted sit back apartment cold beer listen music unwind day's events. No luck. I got Government rate 900 AED 10% 10%. Not bad much better hotels 1000 AED night pick bars restaurants patron.I stay unless I forced spend couple days Dubai work related reasons. I'll stick J.W. Marriott 5-star chains.",0.18201587301587302,0.5783174603174602,Apr 5 2007
4,4,"HUGE rooms! I stayed several nights October special Ramadan rate found terrific bargain money (The rates since gone considerably, I noticed!) I huge living room, bedroom master bath, plus kitchenette, clean. There's also washer/dryer combo nice though bit difficult figure unit dry clothes. My main quibble comfortable place use laptop - desk, kitchen counter, nearest flat surface phone highspeed internet connection, uncomfortable height. The actually twin towers walkway two stunning view Dubai Creek. There's also 24-hour convenience store 50 yards away, nice place ususally hot full traffic walk anywhere. The staff nice helpful.",0.19069047619047624,0.7044880952380952,Nov 22 2006
5,5,"Hated This second time staying hotel. I January 2005 one month I problems cleanliness Hotel. The Floors dirty, cant walk room bare foot floors sticky. I've tipped housekeeping make sure clean nothing done. They mop dirtiness makes worse (sticky). Another big complain couch, It stinky I asked front desk 4 times something it, first promised change new one two weeks unfortunately never arrived.Then say changed 3 times already smell (very nasty body odor). Imagine staying 2 months able sit couch, tough.",-0.0957828282828283,0.5469854797979797,May 25 2006
