,Unnamed: 0,Reviews,polarity,subject,Dates_extracted
0,0,"Important info Please note info site correct!! The map shows location Chelsea Tower, Chelsea Gardens. Chelsea Gardens located Discovery Gardens, near Jebel Ali close Ibn Battuta Mall. There nothing wrong location much downtown indicated here. I know - I used live The Gardens watched Discovery Gardens built!!",0.08761363636363635,0.6599999999999999,Aug 2 2009
1,1,"Good choice Dubai I've Chelsea many times business family trip.the best thing chelsea location ,in middle Zayed highway good access almost everywhere ! service excellent rooms really spacious.staff kind responsive. lucky sometimes receive upgrade larger Apartments(ie reserved one bedroom Apt possible upgrade 2 3 bedroom Apt.best choice dubai",0.4840277777777777,0.6194444444444445,Jun 29 2009
2,2,"Dirty Dull Tired that's ladies night..the worse! From moment booked hotel, knew taken risk none stayed place before. It seemed cheap Dubai good location. However, moment arrival departure holiday ruined.The placed us smoking rooms even though requested non-smoking due one group severely asmatic. We also requested rooms 4th, request also ignored decided complain. At point even checked-in!!The rooms poor, every aspect word. The decor, bed, bathroom, security, TV, even bunch backpackers..this much!I would careful using Safari group recommends one friend nearly died quad biking event! There NO health safety code, simply given keys go!!I would never recommend friends family, please consider alternative book! The Lotus across road seemed much better.",-0.05551282051282051,0.5563186813186813,Jun 9 2009
3,3,"Excellent Stay family This perffect place stay family. I wife 10 6 year old sons. The apartment 2 bedroom, HUGE! (larger homes Bombay!), works. Large living dining area, bedroom twin beds kids, master bed queen bed us. 3 bathrooms, kitchen. Man....Stove, oven, micro, fridge, deepfreezer, washing machine. What need kids, morning milk, evening snacks etc etc. Perfect. Located Sheikh Zayed Road central (too bad metro rail work blocks front) got taxis call, close malls. In fact metro stop RIGHT THERE. Next time, I go catch metro. The staff friendly, breakfast good. Its must business execs families.",0.30576923076923074,0.5446886446886446,May 22 2009
4,4,"Loved I stayed partner 22October-27October 2008.The price good services.We book 1bedroom apartment end 2bedroom,very clean tiding apartment.if need use internet everyday need think price AED110 per day,AED40 hour AED30for half hour Hotel.there internet cafe printing shop 5minutes Hotel.This Hotel good location service road sheikh zayed road close many clubs,bars,shopping centre business offices.The loaction excellent.",0.4222222222222222,0.5851851851851851,Nov 4 2008
5,5,"A Good Value For A Centrally-Located Apartment We stayed Chelsea Towers several times. I would consider full-service hotel, rather apartment-hotel front desk assistance. The apartments comfortably furnished spacious (try get one higher nice view city &amp; gulf) overly ritzy. It convenient family friends traveling together.We baby, tile floor particularly suitable her.The pool area nice plenty shelter sun/wind.The location Dubai excellent, centrally located. Dubai world-class traffic, location everything. There small variety acceptable restaurants within walking distance.Big tip: need taxi specific time (or large taxi), come downstairs early - call &amp; order one! It likely come down. Don't expect full service - expect plenty elbow room good location. Dubai hotels VERY EXPENSIVE, found suitable choice.",0.21425170068027213,0.5638737717309146,Sep 17 2008
6,6,"Average terrible service Stayed Chelsea Tower 3 nights. We originally booked 1 bedroom apartment discover one bedroom apartments fully booked. So upgraded 3 bedroom apartment. Now might think lucky dude!I happy first, I arrived room I surprised two bedrooms locked !! I contacted reception expressed dissatisfaction apartment since huge half locked! The receptionist helpful whatsoever, I asked speak manager I told manager call next day.The following day I waiting one called. So I called Manager *MOHAMMED* rude, arrogant provide assistance saying one bedroom apartments open two bedrooms without charge. One thing hotel, room keys work, I went reception reprogrammed, I told system working I stay room without keys!!!I left beautiful Madinat Jumeriah. Check review Dar Al Masyaf.",0.08577302631578948,0.5649122807017545,Aug 20 2008
7,7,"Wonderful Place Stay We stayed week wonderful time. The staff friendly, got upgraded one bedroom suite 3 bedroom suite. Spacious kitchen, clean rooms. I would absolutely stay wonderful kids.",0.6940277777777778,0.91,Apr 12 2008
8,8,To mr Yesser respectful restaurant manager We stayed 11 till march 13 2008.We work Fiteselektor eventThe staff good rooms okay.The food restaurant good.Thank / us.Leo [--],0.45249999999999996,0.52,Mar 15 2008
9,9,Highly recommended Stayed Christmas 2007 found whole experience excellent. Was 3 bedroom appartment (for family 5). It huge. All 3 bed appartments 25th floor (we 29th). We sea view. Room service available cafe ground floor - alcohol. But food service quick. You breakfast cafe well. And amazingly rip given captive audience. Pick menu cafe take back room ease ordering. Eating also easy walk 10 restaurants within 5 mins (including 5 star Shangri-La excellent fixed price buffet meal). Room (maid) service good. It really appartment block communal facilities really miss facilities true 4/5* hotel. No big lobby stroll around etc time. Excellent valet parking set car you. Everything new modern (style). Kitchen equipment bit basic - really geared towards eating pre cooked food rather cooking self. But good sized fridge freezer. No noise issue 29th floor! Pool/sauna good exceptional (and outside course). Small business centre need Internet access (you buy 30 mins want). Ethernet room laptop you.,0.2967450365726228,0.5079049111807732,Mar 1 2008
10,10,"Great - even better service! The great!!! The rooms large (we apartment 3 bedrooms, living room, kitchen, 3 bathrooms). Very good service entire hotel!Great location well!",0.5915476190476191,0.6389285714285714,Feb 18 2008
11,11,"close cigar Appartment size good, poor soundproofing traffic noise issue I 8th floor. Servcie weak: examples include paying late check out, getting room heavy bags find key longer worked way downstairs again, laundry getting returned 2 days till I chased I checking {and dont laundry Fridays} fact &quot;dry&quot; i.e. alcohol available (and dont forget middle east cant pop buy take back room). Food ordered pool took 30 mins arrive I wanted look luggage I checked wanted charge dhs 20 per bag priveledge, incompetance worked favour forgot charge me!All ok place stay, good location, expect 3 star service wont dissapointed.",0.08772727272727272,0.506818181818182,Nov 14 2007
12,12,Good location Great space My husband I stayed 1 week 2 children 5. The first place I check bathroom hence picture excellent condition. We upgraded 3 bedroom apartment excellent. The kids ran around apartment really SPACIOUS. There kiddies channel English helped. The kitchen washing machine came really handy two toddlers. We tried restaurant first morning decor put us left. We ordered breakfast room arrived cold heat up. Ended eating quick meals breakfast rest stay. It convinient going downtown towards bur dubai city centre mall directions towards wild wadi mall emirates. Gettin taxi easy beware traffic. You've got ask best times go town. The staff helpful courteous. Had problems internet access removed bill.Overall got kids need space.,0.3547839506172839,0.5452160493827162,Oct 25 2007
13,13,"enjoyed stay 3 bed apartment good size holiday 4 kids loved it- bathrooms bit small though.so master bedroom.having many kids means need loads washing separate washing machine dryer made life lot easier. The kitchen utensils standard pots frying pans lost non stick bases ages ago; staff prepared replace ate bought lots take aways - kids loved fact bang middle pizza hut, mcdonalds etc.the pool nice good ambience.My kids complained lack good cable channels - yes, tv poor- tv's 1980's.For money asked pay, could least lcd tv's subscribe better tv network.nonetheless, nice place stay(10 days) explore dubai cheaper taking suite fairmont - original plan.one thing note spending july dubai making bookings - kids insist go back chelsea towers, go!!!",0.2958333333333333,0.525,May 27 2007
14,14,"Do trust advertisements We made reservations internet information description webiste travel sites. It look impressive expected good value money paid. However, really unpleasant surpise, small suites two persons 1st, 2nd 3rd floors noise terrible. The staff really helpful services (breakfast, lunch) inlcuding breakfast quality less average. What got nothing information advertised requests made making reservation fulfilled, e.g. asked two beds got one double, specifically requested quite room got noisiest one etc. There number alternatives area budget would better option.",-0.020098039215686262,0.47156862745098044,May 3 2007
15,15,"Modern comfortable The hotel/apartment perfect travelling around Dubai, like were. It newly built modern. The apartments perfect size 2 bedrooms, 2 bathrooms, kitchen everything needed including saucepans washing machine, really need pack much. There also dining room sitting room large T.V. DVD Player. The pool reasonable size modern. The disappointing thing cafe food quite expensive tasty, said nice drinks sheishas enjoy evenings. Overall pleasing.",0.22614718614718615,0.5146176046176046,Apr 8 2007
16,16,"Good facilities overall barely worth money We stayed Chelsea Tower husband November 2006 cannot say exceptional experience. It expensive offered, well-appointed apartment. The staff OK swimming pool fitness area top car park quite good. We ate restaurant one side building alright. We particularly enjoyed water-pipe deserts. Now, I would gladly give 4/5 rating little cheaper, I must say simply average.",0.2940972222222222,0.55,Mar 30 2007
17,17,"Fantastic Very good indeed. Lovely, clean, large rooms. Room service available cheap too. 4.00 uk breakfast. Sm supermarket approx 50m away next building delivered free. Pizza Hut Applebees next door also. Hotel taxis/minivans available, little expensive street always there. Important family 6! Pool large area, good service round. I 3 bed apartment actually slept 8 3 bathrooms. Full kitchen dishwasher, dryer washer. Large fridge separate freezer too. Clean towels, beds made every day like hotel. Staff polite helpful. Safe room.",0.2803778467908903,0.5332919254658386,Mar 12 2007
18,18,"Plesant suprise A four star 48 floor/250m high / serviced apartments located middle skyscrapers close forthcoming highest building world (Burj Dubai). Offering mainly aimed expats etc staying longer, I combined business/holiday trip lasting 8 days Novâ06. Hotel new, built 2005. One three bedroom apartments fully equipped kitchen. Some rooms balcony, three bedroom apartment (free upgrade check-in one bedroom apartment!) probably bigger house back home. It three bathrooms + additional toilet. Nice pool section 25m pool + additional one kids. Good, fast service throughout stay. Quite many restaurants &amp; cafes (including usual Starbucks, Burger King, Pizza Hut etc also Lebanese, Iranian &amp; Indian places), small supermarkets little mall neighborhood within walking distance. And actually possible walk spots, unlike places Dubai simply need use car... Also high-end restaurants available, e.g. nearby Shangri-la hotel.12 lane highway going hotel, amount traffic noise always there. Nothing annoying though, least room 15th floor facing highway. Note highway extremely congested many hours day, even small journey taxi take long time.All really nothing complain about. Itâs exactly full five star extensive pampering etc, four star apartment job well. I would hesitate return place.",0.049287405303030295,0.4558860930735932,Nov 13 2006
19,19,"unhelpful staff We booked internet, paid credit card live Abu Dhabi could forsee problems. We drove dubai. Staff insisted passports ID, have, would NOT accept photo ID, uae credit cards, nothing all. Very unhelpful, careless attitude. Where going charge us room even though let us stay there. Other hotels dubai insist passports ID. Spoilt day.",-0.07215909090909091,0.51875,Jun 5 2006
20,20,"Upmarket place stay The Chelsea Tower provides excellent accommodation, I cant belive rated 70th best Dubai!The apartments nicely furnished, modern fixtures fittings made feel like home home. Views side Tower fantastic, particularly get higher floors. From front building clear views Burj Al Arab (the 7 star sail hotel), Jumeriah Beach Hotel, &quot;The World&quot; new Burj Dubai (currently construction.The pool area good. There always life guard duty, move towels sunbeds dont appear used. The pool side immaculate, clean. Even towels match blue white theme hotels decor. Both ladies gents changing rooms sauna steam room used extra cost. The gym good date equipment instructors hand.Other reviews state fancy lobby. This correct compared large chain hotels. However seating area, reception desk concierge would expect ground floor. Also, whilst restaurants located within hotel, number bars restaurants located street runs front. The &quot;Limelite&quot; bar even deliver food drinks poolside!I would stongly recommend use business pleasure.",0.3635545935545936,0.5094324194324193,Feb 14 2006
21,21,"Nice surprise The new, I think rates low temporarily. But May 2005 got 2-bedroom suite much less cost 1-bedroom Dusit Dubai. The rooms Chelsea larger nicer. It really apartment, full kitchen could used.There health club nice pool (1/2 olympic length, say), amenities fancy lobby, bar, nice restaurants. Breakfast free served next door.",0.2092074592074592,0.567016317016317,Jun 22 2005
