,Unnamed: 0,Reviews,polarity,subject,Dates_extracted
0,0,"Decent would stay I quite worried reading reviews site I'd already booked please donât put off. I 26 year old female I stayed mum Gran really enjoyed stay. Room - large clean, bed massive, queen size I think. The room double supreme, going put another single bed bed large enough three. Nice big flat screen TV range satellite channels. Plenty cupboard space. Breakfast - good spread food, always English fry items, Indian option (alloo puri, dosa etc) American pancakes usual cold items - cereals, toast, croissants, pastries. Location - If going Dubai wanting close Meena Bazaar place you. It practically across road went every day. The creek fairly close too, could walk Meena Bazaar 15-20 mins. There small malls amenities around hotel. McDs KFC opposite plenty eateries open till early hours morning. General â As mentioned, mainly cater Asians Indian owned run. The club little loud I glad requested room higher floor. We 5th floor disco disturb us. The swimming pool little abandoned looks rarely used â inviting. The beauty salon expensive, good. My mum full body massage said well worth money. This top class I wouldnât class budget either â comfortable stay. On last day ordered room service â meal 3 came around Â£15...bargain portions good. I would stay also recommend family friends.",0.13288961038961036,0.4827218614718616,Sep 30 2009
1,1,"Some like won't. . . Ok, lets get point. This nice clean rooms, pretty decent service, located decent area - close Burjuman mall, numerous shops. HOWEVER, becomes party scene night. When enter lobby latter part evening, greeted disco lighting, loud music, plenty loose women. In fact, outside plenty loose women pick up. OH yes, make sure get room high floor. . . otherwise hear thumping music club night.Look cheap, I paid like US$65 per night. It comes ups downs. . .if pretty conservative, I'd suggest staying away. . . mind loud music loose women, price, might worth considering.",0.19101214574898784,0.5642060278902384,Jul 28 2009
2,2,"Don't bother I booked deluxe room towels, tea coffee kettle empty mini bar. I stayed one night staying again. On booking morning I allowed copy bill, reason given booking agent want clients see much commission add. I told staff I concerned commision rate I wanted copy bill told I couldn't. Luckily staff I taxi catch time continue debating matter. Poor rooms, poor service poor staff. Don't stay even last resort.",-0.020833333333333356,0.5375,Jul 27 2009
3,3,"Great Hotel! This steal! I really hesitant stay Regal negative feedback site, especially female traveling solo. I rarely take time write reviews, I rectify poor impression. The room extremely clean. The location great, near lot tourist attractions. Front desk staff extremely helpful. The buffet breakfast amazing. There number good restaurants hotel. Ok, Ritz, I honestly couldnt believe price I got! This one rare gems...a great value.",0.3494791666666666,0.6614583333333335,Jun 23 2009
4,4,great service value money The service pleasant surprise. So price. In fact location also convenient.,0.7666666666666666,0.8583333333333334,Apr 30 2009
5,5,recommended The lobby stinks. There disco downstairs every night loud. The room dark. The picture seen othe buildings next it. The area dirty crowded. Dont fooled picture price. You would better getiing another location quite nice areas. The concierge also unhelpful.,-0.010000000000000016,0.555,Apr 29 2009
6,6,"It's 'ok' â that's it. Booked option last leg business trip budget dictated choice.As many reviews note, merely 'ok'. It covers basics come expect international standard hotels: tv, minibar, bathrooms extra towels, soaps etc. basic cupboard space, small desk chairs, in-room safe. What made Regal somewhat different hotels class (in experience) size room - really quite large boasted king size bed. However, point on, things dont look quite good.Upon arrival, man reception acknowledge us (I travelled colleague) stepped counter, several seconds afterwards... continued work. With mouth hanging open (no jokes), looked said hello asked booking details matter-of-fact way. The first impression left tainted. There extra mile attitude I felt like I bothering entire stay. The reception ladies Eastern descent could speak English well, I often diverted 'English speaking gentleman' queries calling reception. Things always felt hard achieve. My colleague requested wake-up call missed 1hr!All service bad. I needed in-room safe opened done promptly staff friendly well spoken. Staff breakfast also polite.Breakfast served extension lobby (weird) quite tacky really (American Bar night). There also pub lobby clearly local sport hangout multi-national flags grace entrance lobby. On next level club extremely loud. Book floor 7/8 front room must surely blasted noise. (i cant actually believe alow loud).Hotel sits good neighbourhood, easy access Taxi's. The Dubai creek 10 mins walk away. The building however sits large traffic circle currently construction. Dont expect pretty views.Rooms old carpets, broken, burnt dirty corners, look close, find ample eeekkk moments. Lastly, fitness room fine, pool area &quot;health spa&quot; gastly. The creepiest I've seen long time.This seems run mix local support need budget travelers find accomodation Dubai (of plenty). If need budget, survive here, however, stay away want views, luxury something special.",0.08257783882783881,0.3829212454212454,Jan 26 2009
7,7,"Average Hotel Frankly, book friend's company get cheaper corporate rate, I think come back stay hotel.No doubt location good like night club ground floor. It noisy smelly night.The breakfast nice dining tables also limited. If went late around 9.30am dining area, able find place breakfast.The internet charges expensive. It cost Dhs 45 per hour whereas Europe country charge around Euro 3 per hour. Very expensive.The service good. Our room always lack towel. Everyday need call reception 'chase' new towel. The cleaning lady never left clean towel us room cleaning service.Nevertheless, room clean big felt comfortable stay even furniture seems bit old.",0.09801278086992372,0.48201917130488553,Oct 20 2008
8,8,"Not good I book thrue agency. I staying frend.We two visitintig tour DUbai.My complains this:In night club coming many prostitutu.So girls many uncomfortable situation.I mean checked receptions many times , wanted invite frend room didnt give us, call security frend coudnt come room.Stuff unfamilier, especcialy female guess.Also service bad, towels didnt change regularly, ask change it.The sink bathroom problem water coming floor whenever open water. Also two time electricity gone 3 days.Breakfast also bed, served almost main hall, near reception.What I say money I payed room I think service bad. Afterall price isnt small.I woudnt recomend hotel, DUbai get money better service better room.",-0.0009895833333333076,0.5186097756410256,Oct 17 2008
9,9,Basic OK Stayed week business. OK frills. Good sports bar serves plenty brands alcohol including Stella. The bar food suprisingly good.Breakfast poor I guess OK included room rate.Pool small get sun day. Location good - I walked nearest Mall nights eat also walked creek.,0.29500000000000004,0.4625,Jul 14 2008
10,10,"False advertising internet-hotel area construction No Jacuzzi-Broken, covered plastic. Looks used long time. No coffee shop. Not suitable vegetarians. Swimming pool-half full-poor condition, dirty. Bollywood cafe 6-7 girls dancing stage every night men giving money. Only suitable batchelors. Internet picture false.On internet next buildings. These demolished turned roundabout construction work. Bur Dubai construction railway built end 2009. Roadworks. Evidence attached pics. No taxis available bur dubai. One taxi driver told us go bur dubai congested diverted traffic due building work. Hotel said 2 hrs wait taxi chase you. Hotel 1 driver airport transfers free.'No easy access banks, business shopping'.'Pool temperature controlled'. Very congested traffic Dubai holiday destination. Good fofr shopping only. Bathroom-cracks floor tiles. Little holes bathroom tub. Toilet seat broken arrived. Dvd player working room. 'No spa tub turkish bath'. 'Hotel offer shuttle bus airport'. 'Taxi available 24 hrs day'. Have wait 2 hrs. Window room lock open times. Dangerous top floor. 'A bus service runs city centre' Have wait 1 hr due roadworks. Whole Dubai construction located roundabout. Would advice holidaymakers visit Dubai end 2009. 'No currency exchange'.",0.02451923076923076,0.5416666666666667,May 28 2008
11,11,"Pretty Nice rooms; one minor complaint I paid $150 USD one night stay high season. It turned place quite nice comparable western chain. They gave huge room one top floors. Unfortunately I never made use facilities I simply transiting Dubai.But, one complaint two female friends Dubai met came room use toilet. (no lying) immediately manager sent one guys knocking door firm leave immediately. I opened door wide see nothing going on. Anyway, I quite angry rude seemed assume two asian friends prostitutes former acquaintances Kyrgyzstan. Anyway, given Dubai's reputation I understand this, I wish would less insulting it. (I short punching guy face obstinate) But, event definately leave shrowd stay.",-0.010416666666666652,0.49793650793650795,Nov 3 2007
12,12,"Good value little noisy I stayed 5 nights quite pleased. The rooms big price range, comfortable well equipped. Not far get double price across street. Staff also helpful, possible let check early check late additional cost. Location good too, middle Bur Dubai walking distance Bastakiya, Dubai Creek, Burjuman lots computers/electronics stores. My real complaint breakfast, varied high quality one could expect certainly Sheraton/Radisson/Hilton/whatever standards. I also agree wrote noise night club people running hallways late night. DidnÂ´t disturb much, itÂ´s place want peace quiet all.",0.05760959939531367,0.4968405139833711,Sep 17 2007
13,13,Great value I emailed prior arriving asking early check late check out. Very quick reply check early rooms ready could check 2pm instead usual 11am - great!Rooms clean everything needed. Staff helpful - tour reception offered discounts tours.We missed breakfast every morning due staying late getting time hahaPool small clean cool needed day sun. Sun morning hot matter. There gym use it.The nightclub noisy 5th floor hear there. Goddfellas seemed busy well.Location wise 15mins Burjaman. Taxis hailed outside. The porters saying easier hail order taxi.Spinneys road get snacks water there. We got alcohol landed Doha first cheap there. 1 litre raspberry vodka Â£5Overall good value money. Next time go beach hotels splurge abit looked lovely beach doorstep.Everywhere Dubai pread never perfect location.,0.24580246913580248,0.5501234567901235,Sep 13 2007
14,14,"Only If... I booked internet, everything fine I checked around 10:00 p.m..Service good, staff courtious, noise night club 3:00 a.m. unbearable.It sounded like club rooms rather club. room fourth floor beat resonating hotel, ye ye yeah.",0.2791666666666667,0.525,Apr 28 2007
15,15,"Pleasent Stay In Dubai Stayed regal plaza 1 week! pleasently surprised impressed hotel. The room nice, spacious king size bed. bathroom like previous comments say ample room - staff really friendlyhad bed breakfast stay, ate breakfast twice stay, I tiered get up. Breakfast finsished 10:30am. And I wasnt returning till 2/3am lol!breakfast hot (beans, toast, bacon, chicken sausages, hash brown etc) cold (cereal, fruit juice , danish pastries etc) eat much like. Dubai fantastic, safe, friendly place I loved would returning. This good, would like stay somewhere central, restaurants round corner, inc commercial fast food places like (kfc, mcdonalds, pizza express etc). Also Burjuman shopping centre 10/15mins walk away, fantastic huge mall, designer shops. Only negative club music b loud, however I stayed 4th floor ok. Also alot prostitutes hang 2/3am outside - Overall I would recommend hotel, would like comfortable place stay/sleep, would like spend time outside exploring dubia. Service good, price good.p.s. gym, I used altho small, job. Ive seen smaller, bad. 7 machines 3 treadmills. free weights.",0.19550925925925927,0.5884259259259261,Apr 3 2007
16,16,"staff could helpful!! Having thrawled reviews huge number Dubai hotels decided we'd risk regal plaza I say I'm delighted did. Our flight due 5.30am emailed agent regarding early check told we'd book previous night secure this. decided see happened. Our flight early arrived 5.30. On arrival staff explained computer system would turn followiing day till 7am wait till could even access booking. Then shown seats given cold mineral water, 7am sharp checked immediately shown room.The room lovely, bed biggest comfortable ive stayed in. The bathroom (usually deciding factor comes room) lovely, good size, clean, modern good supply towels. 6th floor could barely hear clubs suspect 2nd floor would ne totally different story!!The staff lovley throughout. One evening booked meal Creek could get taxi traffic bad normally leaving 6pm taxi man would take us. retreated back hotel, I quite anxious bday meal partner. The bell boy ( im sure thats correct term) immediately stepped stopped taxi, taxi man refused threatened report way.The clubs really locals westerns. welcome go feel slightly uncomfortable outsiders.The pool surrounded buildings venture it, looked clean, shaded day.For price paid - 4500 AED 9 nights BnB expected basic accomadtion pleasently suprised would highly recommend it.",0.15299768518518522,0.5586728395061726,Mar 7 2007
17,17,"Good considering price I stayed three nights end Sept got great rate Â£50/night Expedia. Prior arrival I faxed asking quiet room read reviews people staying rooms noisey nightclub. My fax seemed trick I lovely quiet room third floor. There view speak however problem I expecting one given central Dubai consists nothing buildings.My bed huge bathroom. The room excellently cleaned daily cleaner willing provide extra towels etc.The pool pretty small though clean quiet. It get much sun overlooked buildings given heat quite nice shade. The 'jacuzzi' however looked bit dirty side poolside showers. Couple warning points:In evening club area frequented 'working' girls, nothing cause problems really place hang out.On check out, I asked pay bill, despite pre-paid Expedia. The person reception accepted without much hassle.Overall, excellent value money inner city.",0.22371794871794878,0.4756410256410256,Oct 30 2006
18,18,"Nice - shame staff We prepaid accommodation two triple rooms/one twin including return airport transfers. Airport transfer arrival fine came leave Front Desk staff tried charge us. After much battling, finally backed albeit reluctantly. Ended three twin rooms meant two extra children share bed adults. Not ugly small kids beds king size booked triples...English Pub excellent meals enormous great value. Remember Dubai Friday nothing opens 1600hours - know. Easy get around good location. Pool small sufficient hot - particularly refreshing kids mind. Small sufficient gym. Front Desk Staff need lesson manners. Breakfast excellent.",0.20108024691358026,0.6873456790123458,Jul 4 2006
19,19,"loved dubai returned dubai visiting friends fantastic place visit. regal plaza comfortable, clean, staff helpful, pool area nothing special small crammed corner building.the regal plaza value money though central, taxis cheap, beaches nice. boardwalk nice place eat.i definetly returning dubai.",0.3703463203463204,0.7005844155844156,Nov 20 2005
20,20,"A pleasant stay. The Regal Plaza I'd call budget maddly expensive either. Our room clean, comforable well serviced. The bathroom good size better adequate lighting sower great (also bath). Our room view swimming pool small well maintained. There jaccuzzi sun beds. The pool area looked sides gets morning sun seems seldom used felt like private pool. The Goodfellas bar ground floor set like sport pub. It serves food alcohol. The steaks good get free half bottle wine thrown in.Breakfast offers range tastes caters various cultures. It hotels finest attribute opinion space limited become alittle chaotic busy times.The central position lots shops resteruants around. The creek 10 minute walk away beach good taxi ride away. (Cost Â£3 one way).I would happy stay Regal Plaza agian.",0.2697732426303855,0.5246598639455782,Apr 4 2005
21,21,TROP DE BRUIT,0.0,0.0,Apr 25 2009
