,Unnamed: 0,Reviews,polarity,subject,Dates_extracted
0,0,"Only boutique Dubai Classy individual (French/Morrocan style) located pleasant peaceful residential area Jumeirah away hustle bustle main chains.Service airport pick departure attentive friendly obtrusive. Our room shared 15 year old son spacious well equipped.(Website details)The staff readily book taxis restaurants excursions etc simply give local information..2 local malls (5 mins walk) provide ATMs,meal options, Spinneys supermarket pharmacy etc numerous taxi/bus options.Jumeirah Beach Park one mile away perfect beach option mere 5 Dirhams.We ate catering would disappoint pools hardly used.Stayed last night large City missed La Maison couple hours !Late October weather comfortable air con.Impossible fault little known gem - back.",0.12308150183150188,0.5356684981684982,Nov 5 2009
1,1,Family suite good young children Accommodation good staff friendly helpful. Location good owners put lot thought detail. Nice restaurant area seating areas. We third villa unfortunately internet business centre. Our gripe hot water two mornings six day stay. Really fun taking cold shower 7am heading airport!,0.19019230769230772,0.6600000000000001,Oct 31 2009
2,2,"First class beaten track Very comfortable nice stay somewhere different opposed global corporate chains dominate Dubai.A huge amount character , friendly slightly dipsy staff good value money. The fact credit cards taken pain disastrous. Beware banks charge around Â£20 transfer money technically additional cost stay.Breakfast delicious proper French food. Make sure know map taxi drivers struggled find it.Would much recommend would stay visiing Dubai.",0.29379629629629633,0.48604938271604925,Nov 8 2008
3,3,"Blissful peaceful far madding crowds We spent week La Maison October, (we family 4), shown trip last year friends live Dubai. Weâve Dubai times weâve hit &quot;kids 12 count adults&quot; problem means can't stay family one room. This makes likes JBH expensive (i.e. two rooms junior suite).At La Maison HUGE two bedroom suite one four villas. The main bedroom large king size bed second room two double beds. Bathroom also huge lots wardrobe space (although enough draw space) fridge/mini bar. The whole beautifully furnished lots artwork display sale. All roughly would pay double room one big hotels.The Jumeirah 1, close Mercato Mall within easy reach many shops eateries. We hired car (for first time Dubai). Parking near never problem. I believe taxis sometimes struggle find small location, especially numbering roads Dubai something mysterious random art, close Mercato gives good landmark aim for!The provides basic adequate breakfast additional charge (60Dhs adults 30Dhs children, pay extra 'posh coffee' like cappuccino). We highly recommend Carpe Diem cafe Old Town Mall (next door Mercato) alternative breakfast. We ate dinner terrace one evening; food good setting perfect relaxed family dinner friends warm October evening (service little slow slide minor gripe).There two small pools 7 8 comfortable sunbeds around each, shaded umbrellas plants. By 3 o'clock sun disappeared behind buildings (this October). We never problem finding somewhere relax (no towels dawn needed here) kids happy splashing seemed like private pool time.The staff friendly unobtrusive responsive requests made (extra towels things like that). The proprietors equally charming welcoming. Emails queries prior arrival always answered promptly.There couple âlittle thingsâ aware of. First all, take credit cards need arrange payment ahead time pay cash. There minor inconvenience arrange international money transfer, worth it. Secondly, right next door mosque came bit nasty surprise first morning 5am! But couple days kids sleeping somehow added charm whole experience. Finally alcohol licence, bring along duty free keep room pre-dinner drinkie.If want quieter side Dubai experience donât need âfull resortâ facilities La Maison DâHotes hidden gem peace tranquillity good value money. We loved highly recommend it.",0.14795875420875418,0.46262896825396826,Nov 5 2008
4,4,"Away madding crowds.... Several villas combined make little gem Jumeirah1. It's residential district, walk - Mercato Mall Spinneys supermarket; Fudo restaurant next Mercato; beach. Breakfast dinner awning outside pleasure, lot thought care put detail, food interior design, little touches evident everywhere, inside out. 2 lovely pools, choose shade sun suit.We 2 rooms (one double, one two single beds teenagers share), differently designed, individual features. Access internet availabe extra cost.Yes, drag transfer money, work exact amount cash need end stay. I would definitely stay again.",0.03023809523809524,0.2790079365079365,Nov 3 2008
5,5,"under-resourced good value convenient I asked local acquaintance recommend boutique first trip Dubai. They laughed!But found place, worked well - ideal, worked well.First, location's good - geography's good, rarely got stuck traffic could always get taxi, I understand that's typical Dubai. Second, beautiful property (I suspect 4 villas put together) rooms large although simple tastefully decorated. Third, food off-the-scale super, expect (all-girl) French management. Four, within strolling distance pleasant public beach. Five, internet works, LAN wi-fi reliable fairly fast. Finally, much less expensive gin-palaces around Dubai.The negatives? They [--] well take credit cards, wire money ahead, pay wads cash. Unbelievable 21st century! There's tea/coffee facilities room, I consider almost basic human right hotel-dweller. And need pick room carefully - first one offered view brick wall (I complained, staff, little moaning, found us another tree window brick wall), internet connections.The staff generally friendly helpful, could bit dopey - food service restaurant ranged fast painfully slow, check-in staff clueless earth get money hotel's account.So perfect, pretty good, unlike armpit wannabe city, character, charm, human touch. We'll stay again.",0.10921171171171172,0.48413770913770915,Aug 27 2008
6,6,Havre de paix et confort dans la ville,0.0,0.0,Nov 2 2009
7,7,fortement conseillÃ©,0.0,0.0,Sep 18 2008
