,Unnamed: 0,Reviews,polarity,subject,Dates_extracted
0,0,Felt cheated extras The location good lot construction going on. Watch charged extra hotel. A laundry bag could cost USD$ 7/-.,0.35,0.35000000000000003,0.35000000000000003
1,1,solid opulent clean comfy GREAT location solid good location - walking hi-end shops close city central. Very safe. Beds little hard common China. This place solid without real red flags. We got part tour package sure pricing solid cant go wrong business class fine tourists. Comparable Four Points Courtyard.,0.11200980392156863,0.45356209150326793,Nov 11 2009
2,2,"Pick different place. Nasty neighborhood, near auto repair machine parts shops. Under construction. Rooms lacking basic amenities, like dresser drawers. Lots better choices Shanghai.",-0.08,0.525,Nov 5 2009
3,3,"Disaster Don't ever consider staying The Bund Riverside Hotel. It disgusting.The lobby looked OK obligitory chandelier beyond disaster.Rooms small tired. Toilet flush, rooms lights flickered made zapping sound, airconditioner noisy, curtains dirty. Once varnished timber trim painted brown. The dining room breakfast served disgusting. Curtains hanging hooks clean. Walls water stained. Utensels tea/coffee/congee/cereal toaster clean. Staff uniforms clean. No conception service. Little comprehension English. Reception housekeeping better. No conception service little understanding English. (They actually asked us spoke English). The thing going - close Nanjing Walking Street.",-0.14879629629629632,0.4838888888888889,Oct 30 2009
4,4,"Terrible!!! The rooms dirty, service terrible. The price much higher give you. The breakfast (that cost 90 RMB!!!) ridiculous.There many many hotels Shanghai, choose one!",-0.164453125,0.7166666666666667,Oct 25 2009
5,5,"Nice furniture comfortable bed lovely bathroom...but find something French Concession For price, place great. Definitely skip overpriced restaurant bar...but rooms tastefully decorated nice (the carpet thing showing age). The staff alright, good Chinese standards (meaning expect people fluent English overly polite, maybe China right place you...the staff speak English well much professional place stayed China). The location okay, however almost Bund destroyed due Expo 2010 construction, affects hotels area. One bonus windows thick get room upper floors, noise. If wanting stay area, great, although I would suggest finding much nicer French Concession.",0.23633540372670805,0.4439440993788819,Oct 25 2009
6,6,"great choice good value We booked Shanghai last stay China honeymoon. We quite worried type booked, belong international chain hotels available centre Shanghai aware never know expect far away home. We much surprised see located strategic position, perfect I dare say, want spend much still whish stay centre, behind Nanjin Road. Many attractions could reached foot! We given fantastic room top floor panoramic view skyscrapers. Wonderful. This best could ever choose Shanghai, great time. Of course many hotels offer 5 stars service already said, good choiche non expensive rates.",0.38333333333333336,0.571031746031746,Oct 8 2009
7,7,"Not bad get good rate. We stayed 6 nights 12th floor Superior City View room. Overall, good main reason got rate 53USD Travelocity. Except carpet, room clean big bathroom comfortable bed. The view particularly good, issue. Outside noise low bothersome.PROS: After rate, second strong point location. It's 10 minute walk Nanjing road metro station maybe 20 minutes Bund.CONS: As others noted, carpet stained unattractive. However, &quot;dirty&quot; cleanliness issue encountered. Second, spite listing PRO, location could better. We used metro lot, would liked closer, especially raining. Also, located industrial supply neighborhood many food vendors/shops restaurants we'd like. And, makes unattractive area walking. Breakfast, included rate, okay expensive 14USD. Internet, 1 yuan per minute, pricey.",0.2681159420289855,0.5171014492753624,Oct 4 2009
8,8,"Good value great location amazing Pudong views We chose superior room Pudong view. It comfortable, two queen size beds, safe, coffee/tea making facilities, bathrobes...at affordable price. Had breakfast first day found quite good pricey. Just five minutes walking Naning Rd. metro station.Reception staff helpful didnÂ´t speak much english.I recommend fee nights Shanghai good view budget high.",0.5300000000000001,0.6293939393939395,Sep 11 2009
9,9,"Great - value Please ignore bad reviews I amazed great vale was. My wife &amp; I stayed 2 nights booked week paid NZ$85 per night breakfast. We surpirswed modern Chinese 4 star expecting much. But clean centrally located Bund &amp; Nanjing Rd (max 10 mins walk). Ok back roads Nanjing Rd dirty THIS China people expect!!! We walked everywhere &amp; late night NEVER felt remotely threatened issue there. The location fantastic price I paid great value. Put perspective &amp; want clean, central cost go here. If want Hyatt style forget realise get pay life want modern expect pay Hyatt prices.Recommended visitors.",0.1204166666666667,0.4995833333333334,Aug 28 2009
10,10,"Disappointing The clean great facilities, staff helpful. Room service breakfast mostly cold congealed, despite inflated price.Unbelievable charge internet use 30 Yuan (approx GBÂ£3.00) PER MINUTE! It also quite slow, presumably order able charge money.",0.05208333333333334,0.621875,Jul 12 2009
11,11,OK Great Things hotel:- Very roomy- $50/night- Location 5 min Nanjing Rd pedestrian mall. Pretty cool..- 10 min walk nearest subway station.- Helpful staffNegative things:- Bathroom stunk. Something really needed replaced - like curtains.- Carpet poor condition- Don't eat Hotel. It's gross expensive.- I'm usually picky beds really really hard beds. I always woke feeling pain shoulders.,0.11212121212121215,0.49924242424242427,Jul 9 2009
12,12,"Clean quiet well priced brilliant location.. I stopped stayed one night, business trip.If clean , quiet, easy get Hotel seek, look further! The Bund Riverside well priced ($70USD night WOTIF), I use next time I pass ShanghaiReally really close underground station Nanjing Road East (Number 2 exit)..Only 3-5 minute walk (dirty) little lane, Nanjing Road!!Bugger charge Internet connection (1 Yuan per minute, 100 Yuan 24 hours). .....the breakfast 50 yuan usual array food associated China...hence I gave wide nerth ate elsewhere.",0.08685897435897434,0.5038461538461539,Jun 22 2009
13,13,"If want room Yes near famed Nanjing Donglu (Nanjing Road East), pleasant walk. It's inspiring walk station interested seeing place real - chaotic traffic, non -stop horning, touts outside rather depressing eateries, hardware stores, construction sites, vegetable peddlers, locals suddenly turn, spit litter talk. Not making judgement locals (they're regular people like everyone everywhere else) snapshot scene I've encountered 4 days neighbourhood. Nothing green, nothing retail along way station.Buildings construction line various routes hotel. What means usual pedestrian walkways blocked (they carve alternatives buildings) pedestrians forced negotiate road bikes, motorbikes cars, give way even lights favour. It's especially difficult raining (frequent summer).There 2 3 dusty convenience stores along various routes pick water snacks, expecting clean, fresh, mouthwatering snacks bento like get stores Taipei Tokyo, forget it. Got grand view room, looks buildings. It's spacious everything aging. Old TV get star movies, BBC CNN, HBO. Turn goes quiet, sound comes back next time. The carpet stained parts bathroom clean enough, little rusty. The horning streets heard even room 9th floor. They ask 600 yuan deposit check in, matter online agent says prepaid bookings, prepare money. Good value want room breakfast. But idea Shanghai Nanjing Road East shopping Bund, probably better stick Nanjing Road pay them.",0.02726190476190476,0.5043406593406593,Jun 16 2009
14,14,"good value money stayed fr. 20th 27th may. first impression good. carpet badly stained. asked switch room, offered upgrade room much smaller, opted stay room front desk said they're running full occupancy. checked 3rd day overnite stay hangzhou left luggage came back, gave us upgrade room (we ask it, pleasant surprise), carpet clean, room even bigger one stayed in. paid, think good value. staff helpful tried best assist. there're lot constructions going outside hotel, due Expo. within walking distance attractions cabs easy get cheap. breakfast boring. thing entire stay. free internet working well.in gist, good value paid &amp; pleasant stay.",0.21970238095238098,0.4908333333333333,May 28 2009
15,15,Dont go hotel...EVER Horriable word need mention experience...first time visit Shanghai heard lot Bund area saw listing mentioned located bund great price grabed deal knowing stupid commercial horriable area blocks away bund view SUITE slums....Dont go EVER,-0.03999999999999998,0.47000000000000003,May 26 2009
16,16,"Great great location great value Stayed two nights prior boarding cruise ship. The location great exploring Bund area. Quick inexpensive taxi rides got us major attractions. Hotel nice staff. We snacks lobby coffee shop room service (average), several restaurants hotel. The spa convenient open 2AM late massages long days. One small warning disabled travelers: entrance long flight stairs street. There also lot construction area (and Shanghai) due upcoming Expo.",0.15399122807017546,0.4657894736842106,May 20 2009
17,17,Good value money This clean well located. A block away Najin street north short walking distance Bund. Rooms clean bright everything worked fine.,0.425,0.6150000000000001,May 11 2009
18,18,"Good near Nanjing Road The close Bund Nanjing Road, fact within walking distance. The area surrounding bit dirty construction repair going nearby buildings. The clean rooms twin beds window facing good. However rooms queen bed small. Rooms clean. Breakfast menu everyday never changes I dont like.",0.13833333333333336,0.5225,May 11 2009
19,19,"More 3 star hotel!!! I stayed quick trip Shanghai. It four night stay overall pleasant experience. I booked Travelocity pegged four star hotel. I beg say even though nice lobby rooms spacious 4 star. The room self clean spacious bed well, everyone tell hard rock. I personally problem it, might. The downside ac unit really working, I full blast barely got cool room. My friend another room, ac unit working all. He called talked front desk several times avial. Luckily hot survived opening windows. I room city view, needless say view great. The breakfast four days there, change all. I would recommend paying extra breakfast included. You get better site. There lot construction going areas, specifically next hotel. They usually start kind early get ready hear metal banging. The internet room included I issues download speed. It seemed take forever, buddy said problems. There WIFI signal. The TV room sucked. There maybe 3 English channels reception horrible. I trick, tv monitor hook monitor laptop play dvds laptop onto big screen even surf there. All disconnect monitor cable cable box back tv connect laptop get sound disconnect green audio cable connect headphone jack laptop. The location pretty good. The main shopping street 5 mins away find lot places eat shop at. There 24 McD's close I would recommend restaurant called CW CB Coffe house. serve food coffee house enviornment. The food good, steak funny taste like foreign countries do. I would stay price right. I would definetly try find something pool next time. The good base laying head night time. Don't expect grand things place.",0.16802050983436853,0.5263198757763976,May 6 2009
20,20,"Very Pleasantly Surprised After lot debating whether stay here, The Manhattan Business Hotel, Charms, I one. I wanted great view I asked digital queen 16th floor booking form (Riverside) honoured. The 17th restaurant noisy previous reviewer pointed view 16th good. The room big King bed desk, free internet, flat screen TV CNN International news stations. There also great bathroom stand alone shower I really enjoyed rainwater effect. Best all, bench front window protruded could sit there, chill enjoy city lights. As solo traveller fine, might bit cramped 2 people there.Service good began prompt reply email giving name Chinese address. This essential arriving cab driver recognise name. The staff bell boys helpful I decided stay extra night, could give better rate one I found expedia I secured way problem. I read previous reviews dirty windows obscuring view, luck would it, window cleaners stay, see enclosed photo. :)Breakfast restaurant top floor helpful staff great views. They really can't enough help there.I bit worried location, 5 minute walk Nanjing Road metro station. The neighbourhood great convenience stores everywhere relief tinsel pestering Nanjing Road. I understand looking shady, all. I glad authentic area best all, bank next door, too.Overall, I'd say, could great time central location without spending fortune relax comfort end hard day walking sightseeing. Remember get Riverside view, though.",0.2708333333333334,0.4586032388663968,May 5 2009
21,21,"Excellent location get bearings We 5 nights March impressed price paid, slight downside beds hard seems chinese staple.Would definately stay again. Rooms spacious, breakfast quite good, staff helpfull.",0.29427083333333337,0.5963541666666666,Apr 9 2009
22,22,"Bund River side - Good choice business Bund river side located near Nanjing Road. Easy access shopping streets amenities. Hotel provide internet connection, rather expensive (100 RMB / day). Nice friendly staff. The girls lobby bar friendly. Maybe i'm blond, 30'ish young man? Bund River Side Hotel you, looking basic accommodation.",0.22008333333333333,0.5703333333333334,Apr 9 2009
23,23,"5 star excellent service We booked 4 nights stay Bund Riverside Grand View Room 1615. Grand view room spacious King size bed. The bathroom new spacious separate bathtub, bathing toilet section. No funny smell mentioned reviewers.The best deal book website registered member entitled freebies. Highly recommended service - 5 star standard, fast efficient. Initially got twin bed room I've called change another room king size bed. In 5 minutes time, reception immediately arranged bring us view change higher 16th floor additional charges. Location 3 streets away noisy bustle Nanjing Road, 10 minutes walking Line 2, Nanjing East metro. My 5 years old boy enjoyed walk. On way back, pass covenience stalls grab snacks drinks back hotel.Shanghai implement &quot;bring bag&quot; concept, chargeable plastic bags. Very environment friendly. Do remember bring tote bag go shopping. Also highly recomended Marcom Manager, Eric Wong always accomodating responsive email requests. Also Front Office Manager, Phillips personally came carry luggages lobby personally called cab us airport. He even gave us personal number assure us hippcups way airport. Added personal VIP treatment I received Bund Riverside family. I definitely highly recommend anyone visit Shanghai.",0.24134273772204806,0.4891692789968652,Mar 20 2009
24,24,"Unfriendly unwelcoming - would recommend anyone We hour, however got pretty good feel place that. It third stayed China booked location positive reviews Trip Advisor. The staff unwelcoming arrived problem came baby cot provided young son. I'd emailed called check one appropriate (ie safe fall of) one provided totally inadequate. You'd expect they'd try help us find solution (ie lower cot high son would fallen out/or provided another room larger bed/mattress floor) - knows - never even tried seemed perfectly happy us leave. We find another whilst husband searched internet I followed son around lobby area - dirty/staff unfriendly grateful leave. Had stayed experience Shanghai would positive - however changing hotels meant ended wonderful end holiday.",0.30403409090909095,0.5925568181818182,Mar 17 2009
25,25,"Perfect Location The perfect place tourist, 5 minutes walk famous shopping street, nagging road, riverside see Pudong, also qipu market buy anything. Rooms really big, bed badroom king size, river view, breakfast ok, snacks include. I stay time came shanghai sure.",0.5714285714285714,0.7126984126984127,Jan 7 2009
26,26,"Not great Coming great Beijing also 4 star, I really expected here. Staff friendly helpful all. I mean, smile saying hi guests doesnt hurt, I get that. Asking help big issue since didnt speak much english. Also, room clean, except main concern sewage smell coming bathroom. It got point sister I put orange peels hot water try get rid smell. The location 5 minutes East Nanjing Rd great walk, people told walk lanes night since safe. Also, went Dec alot area constrcution. There lots hammering starting morning, avoid getting &quot;riverside&quot; view, since alot construction men working!My concern getting taxi back airport. Since I went family, 1 taxi wasnt big enough asked book maxi taxi. The thing is, charging us 260 RMB, came airport maxi taxi, costs us 150 RMB! They kept insisting maxi taxi dropped us &quot;down town&quot; that's 150 RMB, dropped FRONT hotel. Phil, man booked us taxi friendly seemed impatient us brought price differences kept saying dropped hotel! We take hotels maxi taxi unwillingly paid 260 RMB since couldnt find maxi taxi. Just quick note, maxi taxi provided old even meter. (Our maxi taxi airport new cheaper HAD meter!)Overall I really unsatisfied dishonesty.",0.15737239771722533,0.47568945422393694,Dec 20 2008
27,27,"Service best This great place. The rooms huge. The food excellent room lunch. The location perfect. Sat bar hours, easy relax lobby. Best place stayed travels.",0.7791666666666668,0.7604166666666666,Nov 25 2008
28,28,"Great views helpful staff The Bund Riverside easy get East Nanjing Rd metro station - 5-minute walk along road restaurants, great little massage place couple 24-hour supermarkets stocking big bottles Tsingtao Reeb AU$2 pop. Hotel modern feel, clean (except maybe outside rooms' windows), staff speak English(ish) there's bar lobby restaurant 18th floor. Best views book River View room. Our room (1708) jaw-dropping views Pudong. Windows grimy (from construction work bridge Suzhou Creek) rained dripping bay window's flat ceiling got little annoying - all, price paid (approx $600 7 nights) - absolute bargain! OK, Four Seasons nicer hotels find Australia price. Our room one smaller ones, bed big, bathroom massive, shower huge, everything new, BIG flat screen LCD TV 50 channels (you've got love Chinese ads) including CNN, BBC etc, bay window could throw pillows sit back, soak views, sounds smells (the windows open) drinking cheap, tasty beer shops. The mattress hard - told that's standard China. I would recommend River View room, maybe avoid 17th floor. It directly restaurant, hear noises staff move around tables hours, plus highest floor rooms bay window flat ceiling directly rain overflow roof. A couple floors ruin view Pearl Tower Pudong. And maybe negotiate bigger room. We sneaked peek inside one suites look really big. The stores along Beijing Rd sell industrial stuff - valves, washers assorted metal things - walk Bund 10 minutes, Nanjing Rd 5 stores really close. Location excellent plan walk lot use metro, quickest cheapest way get around city (ticket machines English translations, trips cost 3 4 yuan). And Metro line 2, connects Longyang Rd station Pudong airport Maglev line stops. Took us 30 minutes airport get train, simple. The give China Daily newspaper request (in English) exchange major currencies (slightly better rates got Australia), plus there's Bank China next door. And cards reception location - plus popular sights - Chinese case take taxi. We eat (too many choices Shanghai) idea food. Overall, Shanghai explore real Shanghai need cheaper close Bund, Nanjing Rd within walking distance Old Town - plus metro stop - I'd absolutely recommend it. Pudong might much fancier places stay, real Shanghai side Huangpu River.",0.18511651603756862,0.40364421153894836,Nov 5 2008
29,29,"Bund Riverside Hotel Shanghai I recently stayed Bund Riverside Hotel Shanghai Oct. 7th 10th. I must say one nicest hotels money I ever stayed in. I read reviews prior trip made bit uneasy I decided book room anyway. The staff always willing help although English skills limited China! I think alot western travelers expect everybody speak English rest world. I think nice speak English eager help. The short walk Nanjing rd. pleasant fifteen minute walk Bund. Some reviews claimed far Bund Nanjing rd. I guess lazy like walk might seem far I found walk neighborhood interesting. I advise walking one streets Bund Nanjing rd. experince real China. As far Hotel concerned room fabulous stuning view city. I read reviews complaints dirty carpet mold shower, everything room spotless seemed recently renovated. I enjoyed drinks 18th floor lounge panoramic view Bund. I highly reccomend The Bund Riverside, I stayed four star hotels five times cost nice!",0.12205738705738706,0.5447466422466423,Oct 26 2008
30,30,"Great incredible view I stay three nights Bund Riverside Sept 2008. Great spacious room 15th floor nice view Pudong, close Nanjing Road Bund.The room cleanest I ever got whole stay China, even small details (except mildew around bath, quite common hotels China apparently...)Only downside : breakfast room 18th floor quite quickly overflowed, breakfast average (croissants consistancy spounge).",0.325925925925926,0.6222222222222222,Sep 26 2008
31,31,"great deal This fantastic price. I paid 580 deluxe room view Pudong. You read comments people saying good area. I would absolutely disagree, great area right middle old 30's houses along I call &quot;life&quot; going around you. If want something sterile choose one boring areas town booted ordinary Chinese people name progress.And way, buildings behind 'shanty town' one person commented, traditional Chinese houses people lived past 100 years. I went walk one day great hours roaming around. (See attached pic). These knocked next year according people I met moving suburbia somewhere.",0.1404416839199448,0.4771566597653553,Sep 24 2008
32,32,"Don't stay The good: Somewhat cheap, although expensive I thought. I bet find cheaper hotels better location.The bad: Carpet really dirty. The shower mildew growing it. Hotel location far everything, even metro stop. We walk least 3 blocks nearest metro.Overall, I would stay hotel. If I went Shanghai again, I would try stay French Quarter. This dirty far away everything.",-0.033333333333333305,0.638888888888889,Sep 20 2008
33,33,"Great Hotel! Great hotel, friendly staff passable English GREAT location. While immediate surrounding area nothing write home about, two blocks Metro station main downtown area side river. You definitely walk Bund, probably 20 minutes. Great value too!",0.4601851851851851,0.5925925925925926,Sep 19 2008
34,34,A nice Leaving China I fly Shanghai I stayed riverside one night. I wish I could stayed longer.A nice room good price.,0.675,0.875,Sep 7 2008
35,35,"Fine better located hotels The rooms nice, large spacious good bathroom. No complaints whatsoever room. The location however exactly fantastic. It short walk Nanjing Road 15minutes Bund.However, I staying Shanghai I would prefer stay French Concession much nicer area nicer atmosphere. The Riverside Bund somewhat side street lot hardware shops run flats. The breakfast terrible! Honestly, waste money it. Overall, happy stay hotel. The staff EXTREMELY helpful spoke decent English (do underestimate important China). It relatively cheap (Â£41 double room) nice hotel.",0.15204623878536921,0.547135955831608,Aug 16 2008
36,36,"Great location good We visited shanghai last leg china tour end May 08. We've many 4-5 star hotels trip Beijing, Xi'an, Suzhou, Guilin. This one Shanghai one favorites. The location great -- walking distance Nanjing Road Bund Riverside. There're also interesting local streets nearby find food stands, convenient stores local life day long. The breakfast buffet great, although someone tour claimed got food poison uncooked bacon omelet bar. Our room 11th floor really clean, probably newly remoded. It's big, suffient. It gorgeous view bund high rises east side. In evening, everything's lit beautiful. The TV many channels choose including number english channels like CNN. Overall, we'd definitely stay come back Shanghai own.",0.3157839262187088,0.4396179183135704,Jun 5 2008
37,37,"Nice good location The good condition, room clean furnished elegant modern style flat-screen tv. Located close Nanjing Road (main shopping street).Hotel staff helpful English speaking (more less). Breakfast really great large choise different dishes. The panoramic window breakfast room offers nice view.Whenever go taxi need Chinese address you. At reception desk get biz card address well important tourist attractions mentioned Chinese. Take you, really helpful!",0.33754761904761904,0.4984285714285714,May 18 2008
38,38,"Very dissapointed Bund Riverside Hotel.... Having stayed Bund Riverside before, I decided book next business trip.I hate say service really gone backward since last time.The internet speed start joke, 1RMB per minute charge.Breakfast poor, croissants tasted like 3 days, enough seats staying guests breakfast, one cue someone leaves.The noise construction work going outside unbearable carries night.The aircon doesnt work, trust Shanghai's muggy climate must.There hot water, I cold shower mornings.The front-desk staff helpful problems pointed check check out, dont ask anything else.In conclusion poor I wont staying Bund Riverside next time.",-0.18433333333333335,0.48844444444444446,Apr 18 2008
39,39,"Great location pleasing stay first visit China This first vist China, taking Beijing, Dalian (business part trip) Shanghai. I cannot understand negative comments reviewers. We travelled many parts world extensively best we've stayed in, far worst! We fortunate get great room high super views Huangpu river skyline featuring landmark Pearl TV tower - smog permitting. We spent part two evenings sipping Great Wall Merlot gazing room window superb views watching shipping traffic river. The room clean, front desk staff friendly extremely helpful. Cannot comment food eat hotel, wide choice resturants nearby Nanjing Road.We would certainly stay Bund again. One word advise, try get room high (for view minimise traffic/construction noise) one overlooks river.",0.26746753246753247,0.5985497835497835,Apr 9 2008
40,40,"Good stay central Stayed escourted trip round China Sept 07. Overall good nice rooms convenient location. Only mins walk Nanjing Road main shopping thoroughfare. If like shopping place go modern shopping centres high quality western type shops. The also 5 mins walk The Bund, famous riverside walkway.However, dont expecting romantic riverside view window ! We overlooked tributary river wasnt particularly nice look at, mainly shanty town side river ! Have say demolishing probably time read likely beautiful high rise building place. With speed buildings go Shanghai, probably high rise time airplane took Shanghai Intl airport !Overall smart clean located centrally. Staff (as always China) extremely helpful. Tip: Take one hotels cards. On back main tourist sites English &amp; Chinese. Just tick want go show taxi driver ! Quick, easy cheap !! (taxis cheap !!)",0.21251818783068785,0.5212235449735448,Jan 8 2008
41,41,"Ok bother breakfast! We went one best reviews within budget located centrally.And disappointed. We got cheap online deal U$85 night excl. breakfast. For money I complaints. The rooms located higher floors (11th?-17th). The lower floors conference rooms, popular weddings probably run bride.Our room standard double probably quite small room standards (25m2 incl bathroom). It still queen sized double, TV 5 English language channels including BBC CNN, mini bar, desk, decent sized wardrobe sadly Chinese sized bathrobes ok bathroom usual soap, shampoo, shower cap something find usually: condoms! In 2 sizes even!!. Made us laugh! The room bathroom cleaned everyday.Our view Suzhou creek. Sounds nice, looks crap. They tearing entire old neighbourhood build skyscrapers. (Very typical sad, happens Shanghai). They start 7AM windows double glazed hear background (even 12th floor). Also walls thick hear somebody's tv murmur too. As I always wear earplugs neither bothered much. Breakfast included smart (or budget) pick something small like yogurt corner shop across road proper meal later one. Eating cheap China. If breakfast two options. For U$8 standard English/continental breakfast top floor. It ok brilliant. And coffee good. The downstairs lounge/cocktail bar better, order good club sandwiches another snacks menu. Not cheap either Chinese Western standards though.Staff tried helpful everybody speaks English well, all. Which bit tiring typical China.In end, pointing words dictionary travel guide, usually got there. What useful though, provide cards address Mandarin, number useful phrases write whatever address need go Shanghai.Location pretty good, 5 minute walk East Nanjing Rd Bund. The shortcut alley E Nanjing Rd looks bit dodgy, especially night street lights, totally safe. The alley also corner shops easy snacks. We took cabs everywhere incredibly cheap available 24/7.",0.12299906161399807,0.42069524637321243,Jan 6 2008
42,42,"Disapointing Don't believe name hotel, may riverside Bund. Its 10 minutes walk away. We stayed 4 days.The room would ok, normal amenities carpet stained flithy offputting. Everything else clean.Breakfast served top floor fantastic view buffet disappointing. Limited choice, replenished barely warm. I decided skip buffet go egg station, big mistake! The chef idea cook omlette I got pile seperate bits yolk white. The fried egg better, burnt bottom even warm top. There cafe ground floor basic snacks better extra cost. We skipped breakfast ate trying breakfast never tried evening meal.The reception staff pleasant helpful, writing destinations getting taxis etc.To sumarise, horrific I go back, I think better options Shanghai.",0.14792139077853364,0.45111489040060465,Jan 2 2008
43,43,"Would NOT stay Avoid costs!The service desk personnel, except trainees, awful: I told last tourist street map given person immediately front witness map provided another patron two minutes later. Another woman party, spoke fluent mandarin, went front desk exchange currency, first large bills provided her. She asked balance Ms Chrise Wang, front desk attendant, said would provide balance friend signed receipt. Our friend signed receipt Ms Wang proceeded short change again!! Our friend summoned day manager correct problem â useless: Our friend receive balance due Ms Wang signed customer receipt conveniently sign copy receipt. We checked second night instead staying third.Except lobby, room interior worn far beyond age four years â graffiti exterior first bad sign. The one public internet computer shares fax machine crowded counter behind concierge â privacy cost 1 Yuan/minute. The also quite removed Nanjing Road clean westernized hotels.Our experiences really took away overall enjoyment Shanghai. We regret check tripadvisor reviews - would chosen location.",-0.05576190476190475,0.4658095238095237,Dec 7 2007
44,44,"Fantastic great location Great hotel, thumbs here.This approximately 50mins airport hotel. Give take traffic nightmare.Reception staff really friendly service smile cant fault it.The lifts working order, room queen size bed, bathroom great internet access needed (must notebook this) downstairs chance go business room needed internet).My view partial river half facing another apartment block. Push blinds accross!! Great Location approx 10 mins Nanjing road shopping district. walk straight road heaven!!So many shops !! seriously shoppers paradise. One thing careful find many locals selling items either fakes try persuade go dodgy alley ways, consider warning whatever say NO. By agreeing go them, thinking safety. There many pick pockets theives around nanjing road make sure shoulder bag around front you. If backpack make sure front times.This handy warned us problem happens shanghai area. They truely help us.Breakfast western size, huge variety cheeses breads love it!!!This favourite Shanghai, could stay again.I rate 4 star.",0.30579218106995887,0.5931069958847738,Dec 2 2007
45,45,Great location facilities We Shanghai previous 12 months better prepared time select best location optimise 4 day stay. We disappointed Bund Riverside.After 15 hours travel spacious area suite (Room 1218) welcoming. The huge king size bed beautiful bed linen although mattress hard (it seems norm China) great sleep night.The extra space bonus huge windowsills great dry washing!!The bathroom quite luxurious 4 bath towels room day added bonus need wash hair. The shower nozzle great easy adjust. There plenty room vanity unit leave sponge bags spread out. The bath huge plenty room soak hard day sightseeing.There good size television bedroom sitting room. Controls easy work addition Chinese channels also BBC World CNN. There large flatscreen computer desk sitting room easy connect broadband (after willing assistance 3 staff - cord plugged in!!) Connection 100Y 24 hours. There bad stain carpet - looks someone spilt red wine. The whole carpet fact looked needed good shampoo.Breakfast included part tarrif excellent selection Asian Western food. The egg chef cooked great omlette waited. I still cant quite get used diners smoking eat adjoining table. We also lunch cafe near reception - nice quite expensive comparison meals across city.The location attracted us first place disappointed. It 5 minute walk eastern end Nanjing Road shopping mall Nanjing Metro Station 15 minute stroll Bund. Although quite dark around night nothing open felt safe times.I would quite happy stay again. Can't comment standard rooms although suite expensive ($A245 per night bed breakfast) luxury I would quite happy repeat.,0.28724987335359675,0.5902355623100303,Nov 13 2007
46,46,"Run cheap The location good price OK too. However old rooms small run down.My room also next lift quite smelly. I found unusual charge (hefty) broadband internet use, usually free China.I would probably stay again.",0.23382716049382715,0.5187654320987655,Nov 2 2007
47,47,"Location Location Location! We concluded 2 week sightseeing tour China stay Riverside Bund. Our time Shanghai included day leisure hotel's location perfect vantage getting around easily (especially since days National Hoiday made getting taxi impossible). Just minute walk Nanjing Road, happening 24/7 easy walk People's Park (Shangahi Museum, Urban Planning Center) Bund, great place dinner), For adventurous, walk across nearby bridge, finds locals shop. So, something everyone convenient walk away!We stayed room 15th floor one best views city. Imagine delight seeing fireworks display Bund comfort room two successive nights! We found room comfortable beds little softer (more western style) hotels stayed. Breakfast , limited buffet, included custom omelets soft, freshly baked rolls, reminiscent home.Overall, nice end trip!",0.2969890873015873,0.5771329365079364,Oct 9 2007
48,48,great location My husband I travel agents stayed many hotels around world. This favourite good points.The location excellent - 5 min walk Nanjing Road plenty shopping underground stations. One stop underground side river get TV toweretc. There also 2 mini-marts close get snacks cheap bottled water etc.The room good well - good size bathroom good size well - shower bath.We found beds whole way China hard - much different.Our 2 issues staff. At breakfast attentive front counter - concierge asked map idea I asked - check staff fine though.,0.33491586538461543,0.6388421474358974,Sep 28 2007
49,49,good Stayed 9th September. I previously stayed hotels areas China quite impressed quality standards hotels.First impression grand I reached room quite small dull. There place rest suitcase room walk about. bathroom practically bedroom.My main irk room properly serviced dirty glasses left cups taken away although bed made.The srevice breakfast better staff seemed ignore guests.The reception staff unhelpful kept carrying duties I trying get help them.If I going Shanghai I would stay here.The nicest thing glass lift used fea occasons!!,-0.04995993589743589,0.48461538461538456,Sep 18 2007
50,50,"Nice We booked superior river view smoking double room total cost 74$ night.The room, 11th floor, fairly large clean. The bed bit hard soon find standard China. Toilet supply fine items buy small fee. They supply 2 free small bottles water every day.There construction works near room silent.We impressive view window.We took maglev Pudong airport subway East Nanjing Road. Hotel 200 meters station. The location good Nanjing Road Bund, walking distance. We used subway get attractions.The reception ok, smiling trainee received us (supported expert collegue) nice spoke good English.",0.2849007936507936,0.5168849206349206,Sep 10 2007
51,51,"Sweet Suite worth price The Bund Riverside 3* within easy walk Bund Nanjing Lu (pedestrian shopping street). Great location, set neighborhood held excitement (auto/machine parts) seemed safe.My sisters I splurged suite 17th floor $150 per night IT WAS SO WORTH IT. (regular rooms OK, large like suite). Our view river Bund/Pearl Tower DEAD ON big curved window (with windowseat) bedroom. The suite decent size. The living room comfortable sofa, chair , TV enough room put rollaway bed. (living room view neighborhood).Bedroom held king sized bed, comfortable enough (firm ungiving mattress), nicely decorated, large bathroom held small stall shower big soaking tub. Breakfast ($8 per person addt'l) OK, nothing exciting/nothing Asian, great views top floor hotel. Airconditioning never got really cold mind, cool comfortable.All all, great value great space. While lobby unimpressive (tiny), staff helpful (limited English spoken) polite. Taxis easy hail walking Nanjing Lu took 5 minutes local neighborhood.",0.22027417027417023,0.48818958818958824,Jul 30 2007
52,52,"Better hotels money We stayed 7 June 07 4 nights. This quite central, however, walk dark street night get hotel. I felt perfectly safe China safe country, however, could intimidating alone. There also work carried main pathway, madeit slightly darker dingier. The reception area nice, reception staff friendly, English poor (although fairness, Mandarin good English!) however, English Shanghai good comparison Beijing. Our room 1101 tiny, put one suitcase, let alone two. I mine dressing table &amp; husband top chest drawers literallyno floor space suitcase sit, even suitcase stand room. The carpet badly needed replaced, 50% covered old stains. After first night room scorching 27C, I spoke reception morning report fault air con. They said would sorted us coming back night, however, returned thermostat turned 25C, I put right back again, room cooler. I went reception report &amp; someone came &amp; 'fixed' it. The following morning another sleepless night I went spoke manager. She claimed save energy rooms get cooler outside temperature! She agreed allow us move rooms bigger room would allow air circulate better. Our second room 1318, slightly bigger, although much cooler space least one suitcase floor, however, floor also filthy. Other carpet, room fairly clean. The also board exchange rates, however exchange travellers cheques, give Yaun credit card payment! Every Shanghai exchanges travellers cheques guests except one. The location quite handy, cheap, however, I stay again. It 2 min walk Nanjing Road 5 min walk The Bund &amp; underground.",0.10991118669690099,0.4198450491307634,Jun 22 2007
53,53,"Good combination price quality We stayed 4 days May 2007 . It cheap according Chinese standard fares, worth spending money. Great location, allows reach main tourist destinations minutes, nice window view city (we lived 16th flow). Rooms rather big, well decorated clean. The breakfast rather expensive may well skipped, want drink cup coffee overlooking river skyscrapes - come breakfast room 18th floor. The plus serve european breakfast nice juices.Be aware paid advance hotel, ask deposit (the sum whole payment). When check give back change necessary sum them.Look carefully service tax. It 15% inluded room fare. At least reserved room condition.On whole, great! Nice business holidays.And increadibly cheap comparing level european hotels.",0.18782051282051287,0.48012820512820514,May 16 2007
54,54,"Value This value hotel, get paid for. Nothing fancy, O.K. decent sized rooms,O.K. lobby, hallways darkwood paneld, beds hard, The carpet stains it. The soap shampoos individual sized, built shower, also fee amenities, toothbrush, comb etc bathroom included, addtional charge. The front desk speaks minimal English, area safe, tourist shopping, area industrial supply stores. 10 minute walk Qipu shopping mall.",0.04583333333333333,0.4513888888888889,Apr 23 2007
55,55,"Average inexpensive Average relatively inexpensive (for Shanghai standards) minutes walking distance north East Nanjing Road. The neighbourhood consists almost exclusively stores selling auto parts, tools, plumbing supplies etc. These shops close early day, streets surrounding get pretty dark somewhat spooky. However, streets busy day, East Nanjing Road bright shopping malls minutes away.The staff friendly, room 16th floor clean somewhat small. The bathroom large huge shower cabin. We upgraded river view free charge (river view rooms considerably expensive standard city view rooms) good view Huangpu river, Pudong skyline Oriental Pearl Tower, Suzhou creek.The breakfast buffet OK nothing phone home (bread rolls, butter/jam, eggs, bacon, vegetables, noodles, fruit, congee). Coffee lobby cafe quite expensive; payed RMB 88 two mediocre Cappucini.",0.09591097308488612,0.5403726708074533,Apr 13 2007
56,56,"never again!!! simple this: room 10pm noise started. After dealing half hour reception, told us carpet restaurant highest floor replaced, &quot;but finish midnight&quot;! well, complaining without result, finish 1:30am. The morning after, manager offered us 20USD wasnÂ´t big deal, didnÂ´t make noise whole night.... unpolite despective behaviour. Well, real problem donÂ´t care, complain further, lucky stay regret hours chosen hotel. In opinion better book international Pudong somewhere else near subway, works perfectly itÂ´s easy get through.I needed share worst experience ever hotel.",0.1348809523809524,0.489795918367347,Apr 1 2007
57,57,"Top value money After lot research I found offer best value / location ratio Shanghai. It extremely central cost US$70 per night. Located around 5 minutes walk Bund, 5 minutes Nanjing Road metro station, brilliant location. Much preferable stuck Pudong Hyatt Shangri-La.The helpful concierge nice cafe breakfasts. The room respectable size massive shower cubicle mod cons. I definitely stay next time I'm Shanghai.",0.35000000000000003,0.5692307692307692,Mar 9 2007
58,58,"Great place stay This last night China enduring pretty ordinary service accomodation I honestly thought place great.Moderately priced, beautifully appointed, perfectly located Bund, Nanjing Rd Metro.Would definitely stay again.",0.40625,0.7145833333333333,Jan 26 2007
59,59,"Nice Hotel good location This fine view windows absolutely fantastic (see photo), bar top floor lacks atmosphere big group used go one private bars enjoy scenery. The location fine (altough good 7 minute walk Bund). It definitely well worth particularly night lights also morning see everyone exercises. It's 10 minutes walk Nanjing Road, great shopping lights night fantastic. Shanghai amazing city Enjoy!!!",0.4224264705882353,0.5622549019607842,Nov 26 2006
60,60,"Great Hotel Spent 4 nights Bund Riverside, We found position excellent, 2 streets away hub, easy walking distance. About fifteen minute walk Bund.The staff pleasant helpful, reasonable amount english spoken. We asked upgrade got it! The room well appointed clean comfortable. The exchange rate good.Would stay without hesitation.",0.46259259259259267,0.6659259259259259,Nov 10 2006
61,61,"Very nice This also known XinXieTong Hotel New Xie Tong Hotel.It great location 5 mins walk Nanjing Road 10 mins walk The Bund, admittedly 5 mins walk street workshops locals working tools machines, safe glamorous!The lobby small seats relax bar right, bright clean, plenty marble, turn lights 11.30pm!There 4 lifts, one front walk towards scenic one, great view suzhou creek.The corridors swish stylish, room also good quality, good size, even though I guess cheapest rooms, 2 double beds, comfortable good linens, 2 chairs sit table, TV, inroom safe, kettle, tea large windowsill 2 people could completely sit look Suzhou creek Shanghai. Also room slippers, plenty towels dressing gowns. The bathroom massive (for bathroom) well stocked, alsorts items room price on, wanted them. There 2 complimentary bottles water bathroom.The restaurant/breakfast room 18th floor, fine view Pudong. Breakfast consisted cereals, milk, yoghurts, fruit, cut bananas, bread toaster, cooked items chef cooking eggs, well Chinese items. The room massive, sure would happen got busy.All I thought nice",0.31497039359108325,0.5819520326416878,Oct 19 2006
62,62,"A nice This also known Bund Riverside Hotel New Xie Tong Hotel.It great location 5 mins walk Nanjing Road 10 mins walk The Bund, admittedly 5 mins walk street workshops locals working tools machines, safe glamorous!The lobby small seats relax bar right, bright clean, plenty marble, turn lights 11.30pm!There 4 lifts, one front walk towards scenic one, great view suzhou creek.The corridors swish stylish, room also good quality, good size, even though I guess cheapest rooms, 2 double beds, comfortable good linens, 2 chairs sit table, TV, inroom safe, kettle, tea large windowsill 2 people could completely sit look Suzhou creek Shanghai. Also room slippers, plenty towels dressing gowns. The bathroom massive (for bathroom) well stocked, alsorts items room price on, wanted them. There 2 complimentary bottles water bathroom.The restaurant/breakfast room 18th floor, fine view Pudong. Breakfast consisted cereals, milk, yoghurts, fruit, cut bananas, bread toaster, cooked items chef cooking eggs, well Chinese items. The room massive, sure would happen got busy.All I thought nice",0.31497039359108325,0.5819520326416878,Oct 19 2006
63,63,"Nice little good location The friendly front desk staff spoke enough English get business done, including currency exchange. Our room clean, usual amenities; happy find bathrobes slippers. The negative coffee maker work, fixed, even though alerted staff. Views Pudong Suzhou canal spectacular tenth floor room. Breakfast top floor restaurant buffet-style, good mix western eastern items, including omlette bar. The well-located, steps Nanjing shopping street, metro stop.",0.2502604166666667,0.540625,Oct 9 2006
64,64,Value money,0.0,0.0,Jun 23 2006
65,65,Good location!,0.875,0.6000000000000001,Jun 1 2006
66,66,Nice clean good location,0.5555555555555555,0.7666666666666667,Apr 29 2006
67,67,Clean Rooms could better overall,0.2888888888888889,0.4000000000000001,Nov 23 2005
68,68,Adequate But Nothing Special..Over priced,0.3333333333333333,0.3333333333333333,Nov 14 2005
69,69,The View vs The Room The Bund Riverside Hotel,0.0,0.0,Nov 11 2005
70,70,Classy value heart Shanghai (Puxi),0.1,0.9,Oct 4 2005
71,71,Good Location,0.7,0.6000000000000001,Aug 5 2004
72,72,Perfecta opciÃ³n para quien busca calidad precio buena localizaciÃ³n!,0.0,0.0,Apr 9 2008
73,73,Buen para el precio,0.0,0.0,Dec 2 2007
74,74,Mejor que la media,0.0,0.0,Nov 7 2007
75,75,Un albergo piÃ¹ che soddisfacente,0.0,0.0,Jun 16 2007
