,Unnamed: 0,Reviews,polarity,subject,Dates_extracted
0,0,"Great Location Cheap Werid smell This really weird hotel, sure parts needs renovation.Good things: It great location, subway (People Sq) 1 min walk hotel, 10 min walk large shopping area, size single rooms good, cheap price compared ratings, helpful stuff.Bad things: smelly reception base floor, average room cleanness (good compared China standard), noisy areaOverall I recommend it.",0.23019047619047614,0.5814497354497355,Nov 2 2009
1,1,"Nice half old! Hard tell feelings hotel. Good location quite noisy. Very nice room...so might wonder wrong ? something mood - new build old...sometimes gives good results particular case, gives starnge feeling. My phone working, I tried explain problem reception gave minuts. For price I got internet considering Shanghai, maybe ok next time, I try hotel. Breakfast cost 100 RMB. If rate without breakfast eat breakfast there, staff gets nervous...3 persons asks 'what room ?' within 5 minutes.",0.21676406926406927,0.5108008658008657,Oct 22 2009
2,2,"Hotel history- great location good value Even though longer tallest building Shanghai spot immediately (all dark outside, shiny glass), offers tourists perfect location right Ren Min Park, minutes foot Nanjing West Road shopping malls located. Rooms clean (except one cockroach bathroom, lived hundreds generations since 1934, I guess) service ok. Try book online prices vary lot!",0.37273809523809526,0.5535714285714286,Jul 30 2009
3,3,"Stay clear one Well, noisy.The service front desk little stand / I care.The door man bothered help luggage room.The room appeared nice first. But looking closer, femail hair bathroom floor. The tub scratched. The towels frayed around edges I pulled one towel rack, little tiny bug it....could tick? Now I itching every five minutes!! I staying right I type doors slamming hear people room next me.The location great, compared I stayed China, one pretty high priced get return (but also lowest one I found strip).",0.18824675324675325,0.5493073593073593,Jun 3 2009
4,4,"Local Insights Hmmm! A dated old needs learn customer service. I checked 'Corner' room 18th floor clean great view updated bathroom shower. However, hot water. When I complained I told fully booked would change next day yes, knew 18th floor hot water... bothered mention . Moved non-smoking room lower floor cigarette burns carpet overly clean least large!The buffet breakfast terrible, choice quality. Staff limited English communication hard going. The location bad less expensive nearby Sheraton.",-0.1157563025210084,0.45945378151260513,Jul 23 2008
5,5,NOT Recommended: Smelly old well known locals I selected internet considering great location reasonable prices. I stayed 4 nights 2007. The lobby smelly smoke. Old decoration. Limited services.,0.22571428571428576,0.3785714285714285,Apr 27 2008
6,6,"Quaint historic substandard I booked business associate say choice hotel. If I come back I'd definitely stay somewhere else, although Park fascinating piece Shanghai history renovated Western standards, less. When I checked I advised I upgraded suite, find large rather spartan room overlooking three-story video monitor right outside window! It flooded room blinding light 7 p.m. The blackout curtains helped, video turned around 11 p.m.Then hot water following morning, following today I woke absolutely electricity. The fixed it, suffice say consistent quality want, ain't place. But character new steel-and-glass hotels have.",0.11551036682615629,0.39397357028935975,Apr 2 2008
7,7,"Historical need renovation I came back visit Shanghai stayed Park Hotel near Nanjing Square. The Park historical significance (it tallest building Shanghai time) location great proximity Nanjing Square pedestrian shopping area lots food retail shops around. Also, subway across street hotel.The downside room. The size room 5th floor large, however, reeked smoke could tell carpet seen much better days. definitely use slippers walking around room. Grouting tile bathroom could also use updating well. Also, television plenty english channels nice.The lobby looked great, fooled. As reviewers noted, self proclaimed 4 star establishment much closer 3 star. The gym outdated business center extremely expensive use computer make printouts. Great location, sub par rooms, best amenities. I would recommend staying elsewhere money.",0.16259398496240604,0.39404761904761904,Mar 31 2008
8,8,"AVOID...! Having read reviews can't fault location, nice right center city somehow quite appeal me...I chose stayed china 3 weeks diff hotels thought might well look reasonable option still regret til date!The Lobby seemed ok evening come check in, paid deposit went room hugely dissapointed size room still mine, also extremely noisy ok, problem airconditioning system extremely noisy also leakages bathroom. I complained reception times, finally sent someone see problem still didn;t anything finally hours later went downstairs reception complained again, argue guy half hour asked deposit back would go another nearby refused help instead offered business room high rate, finally accepted togive rate. This definitely much better corner building shaped strangely , either way really care 1 night, bathroom clean spacious thought better manage, also computer internet connection extra cost.In night went realised entire entrance filled homeless people people offering karwoke massages not. Even leabing harrasment little kids would grab onto legs demanding money, much worse cam eback end night, realy worth saving extra money go throuhg that..The next morning called requesting later check receptionish agreed till 2 quarter 2 asked someone come dhelp luggage kept waitiunf 45 minutes untill finally came muself luggage, waitinf ro life alone took another 5minutes, finally checking lady said late check checkout time 11 going charge half days rate late check out, I told lady reception allowing 2, refused believe, got point called owner said recordof anyone speaking me, finally arguing another 20mins agreed waive extyra charge still believe claiming never allow check later 11!Overall strange dissappointing experience, think lesson learnt go cheap hotels China, I even asked owner allowed guests harassed people leaving ebntering hte night laughed, sure iof understood sayingt even!",0.050869841269841294,0.487536507936508,Dec 22 2007
9,9,"Great value option I would absolutely return.The actually small piece history one oldest Shangai. All well kept nice find! Great service comfortable setting.The Hotel famous Nanjing shopping district within walking distance (for mind bit walk) &quot;The Bund&quot; district. The complaints small, HARD (not firm), HARD beds, I've found somewhat common China. The rooms typically small (like European Hotels), comfortable. Great tip - 100m Raddisson Hotel. The Raddisson large rotating restaurant 45th floor (think space needle CN tower). Unbelievable view good food. Enjoy lunch dinner. Doesn't open 11:30 am.",0.2035196687370601,0.6287784679089028,Oct 20 2007
10,10,"An Old Standard The Park must renovation since earlier reviews posted here. We found clean up-to-date, looking younger long history might suggest. Its location good gets appears new competition keeping Parkâs rates modest. There many new choices around exciting, donât rule park afraid old run down.",0.13336489898989898,0.4623737373737373,Oct 7 2007
11,11,"Try Central Hotel Pro: locationCon: noisy, old, smelly, service averagei recommend Central Hotel located Jiu Jiang Rd near Nanjing Rd, newer cleaner better service",0.13999999999999999,0.32,Sep 19 2007
12,12,"Two rooms - one The first room I received 3rd floor non-smoking. It large corner suite. The windows single pane sounded like traffic outside coming room. The bed worst three hotels China I stayed at. I spoke front desk eand moved 12th floor. The upper floors business rooms room computer. The room remodeled I could barely hear traffic noise. Once I changed rooms I really began enjoy stay. The breakfast buffet ok, ther amenities - old hotel. Lots foreign tourists there.",0.04478021978021978,0.2907509157509158,Jun 22 2007
13,13,"Good Location noisy We chose wanted stay centre Shanghai . The setting ideal, right edge Peoples Square enjoyed walking round (and underneath enormous shopping precinct aimed mainly teenagers).The superb art deco period piece apparently Mao's favourite Shanghai.We given upgrade -a massive suite rooms,however lot noise (traffic people shouting right night adjoining street back hotel). The bed bathrooms high qualityThe breakfasts OK good varied places stayed",0.30769345238095236,0.585610119047619,May 28 2007
14,14,oldcodgers Arrived tired long flight find booking. WE BOOKED THIS LAST NOVEMBER. After 40 minutes girl desk decided give us room night informed us would take booking agent morning. We told uncertain terms acceptable insisted speaking Manager appeared 4th time insisting. He apologised using excuse girl new job immediately upgraded us suite compensate upset. This must certainly grand heyday tired old lady great need makeover. The staff front polite eager help tours taxis etc staff restaurant certainly needed training. All seemed interested pushing plates around responded tried serve tea coffee. Plates food recharged buffet day ask items. NOT GOOD. Cleanliness average overall. Certainly would grade 4 star. The good thing locality - covenient. Was fun watching excercisers Peoples Square right oposite room.,0.10886068476977567,0.51732782369146,May 20 2007
15,15,"Great Value The may old, service room facilities certainly 4 star standard. We arrived immediately upgraded excutive room (without reason charge). Our room overlooked People Park th 14th floor, great treat. The room pretty good shape PC wireless free charge (for level rooms). Breakfast impressive, really much choice wish eat vicinity. The right front 2 major subway lines great travel around city keen use it. Access cab also convenient located major intersection. 10 minutes walk Nanjing East Road (the famous pedestrian walk). The staff generally friendly, especially polite them.",0.28141025641025647,0.5959096459096459,Apr 15 2007
16,16,"Tired Hotel Central Location The Park Hotel Nanjing Road block away Nanjing Road Pedestrian Walking street. The hotelâs glory days past. The exterior showing age. When entering pedestrian walking street noticeable signage Bank China sign. The bank takes east side ground floor entrance obscured. Also entrance multi-road intersection taxis cannot queue spot. The taxi queue actually half block away east front Radisson New World Hotel. Inside lobby rather dark, unappealing, smelly old smoke. The lobby rather dated worm needs major remodel. Some English understood staff. The elevator quick small. The room spacious amenities including kettle, minibar, free water bottles, TV, blowdryer, safe. A major disappointment carpet room worn wrinkled. It seems carpet least 15 years old maybe 20 years old immediately replaced. The bathroom total disappointment. The tiles bathroom old. The grout caulking graying/blacking unappealing. The ceiling bathroom showed evidence water leak poorly patched; unappealing. The hot water took least 10 minutes warm up. The free water bottles necessary Shanghai water smelled remnants sewage unappealing odor taste. Do drink tap water unless thoroughly boiled avoided possible. The air quality room poor. Though non-smoking room non-smoking floor smokers rooms made room smell bad.The bills four stars. Overall $US130 (final price tax in) night peak season Park Hotel considered poor choice four star recommended price want 4 star hotel. You pay get quality desired 4 star hotel. The Park Hotel grade â3 starâ 5 stars. If want pay price point get acceptable run-down place okay.Pros: Good shopping location, close transit Metro station, helpful front desk staffCons: Outside lobby entrance small noticeable, close busy noisy traffic intersection, full non-smoking floors, air quality lobby musty smoky, air quality non-smoking room musty smoke coming smoker rooms.",-0.03248821548821549,0.47769360269360284,Mar 6 2007
17,17,"Very good great location Spent two nights October 2006. Room could renovation, comfortable spacious everything needed - TV, radio, air con, broadband (not wireless), mini-bar, coffee machine. Air con perhaps slightly noisy. Also worth asking room view Remnibi square, mine average view back. Staff helpful, front desk spoke perfect English. Did try restaurant facilities can't comment them. Location excellent, right Remnibi square access sites there, metro station easy get taxis even bus feeling adventurous. Would definitively stay I find price. Highly recommended.",0.31652116402116404,0.504021164021164,Nov 16 2006
18,18,"Great deal single traveler For many years, Park Hotel tallest building Shanghai probably China. It located right People's Square, close city's best museums, right intersection two subway lines easy transportation. The breakfast buffet also good. A small business center travel agency provide important services. This 1930s lots charm and--most importantly--a terrific price hotel's website single room. (Larger rooms much pricey.) All all, well worth serious consideration.",0.26991596638655463,0.5252941176470588,Sep 24 2006
19,19,"Art Deco Classic My wife I spent 3 nights Park Hotel late May, 2006. If like hotels character, good choice. The Park Hotel well located Nanjing Road, across street subway stop, near shops restaurants. The lobby restaurant areas art nouveau gems turn century. The wood paneling light fixtures restaurant particularly stunning. Our room ninth floor. It small somewhat cramped, attractively furnished comfortable. There built-in closet, dresser t.v., small table reading chair. This particular room even came computer high-speed internet access. The tiled bathroom small adequate, tub-shower combination. There little counter space. The breakfast buffet extensive good. We dinner one night although ok, probably better choices nearby.",0.2212061403508772,0.5366666666666667,Jul 6 2006
20,20,"Park Hotel Just returned Shanghai Park Hotel. Hotel everything -- great location-across usable subway (signs announcements English) ,beautifully landscaped People's Park, Nanjing Rd.(main shopping street), Shanghai Art Museum. Hotel clean. Beautifully restored Art Deco public areas. Get deal buffet breakfast included-served beautiful Deco main dining room. Staff English skills poor good depending speak to. Our room double-paned windows noise. Bed bedding comfortable. Right back local Chinese restaurants English menus. Nearby lanes fascinating traditional life going on. Would definitely recommend comfort, price, location.",0.2856689342403628,0.4855102040816326,Jun 7 2006
21,21,"Good location noisey Stayed end april 4 nights. This ideally located Nanjing Road shops, underground/subway &amp; walking Bund.The still charms 1930s built unfortunately double glazing sounds like sleeping street. The Chinese drivers like use horns every 10 seconds ! Make sure get room highest floor possible. Beds typical Chinese style - hard, seems thing hotels.Breakfast room amazing food good also.",0.19618055555555558,0.5994212962962964,May 1 2006
22,22,"Good value money The location better. It's near main shopping pedestrian mall opposite subway. Free internet access desktop machines room big hit teenage children. Lots good eateries nearby. No major grouses. For paid, good value.",0.313219696969697,0.4193939393939394,Feb 10 2006
23,23,"Not bad Location: Outstanding. Near subway, Ningjing shopping street, local eateries shops, short walk starbucks great bar called Barberossa behind starbucks.Room:A bit dated. Had problem air con - blew much heat breathe. Called room service/ operator help show up. We finally sleep windows open. Service:We slept three room. But provided two sets amenities till made request. Overall, staff nice helpful.",0.1946153846153846,0.5858974358974358,Jan 20 2006
24,24,"Park Hotel - Convenient Location I writing room via free internet service. The centrally located, opposite People's Square metro station. There many inexpensive restaurants/cafes lots major departmental stores within vicinity. I enjoyed stay hotel. The slight 'complaints' I might lights dim first day room strong smell cigarettes (although I given non-smoking room) toiletries exactly best, given price hotel. In addition, non-smoking rooms located lower levels mornings, quite noisy.In general, looking strategically located within medium price range, would one them.",0.22601190476190475,0.49309523809523803,Nov 25 2005
25,25,Customer service left lot desired I disappointed level service I received hotel. The offers money changing facilities guests yet front desk staff refused change currency saying notes old tender (they not). Coffee tea making facilities provided room charged 4 sachets sugar requested none provided room. Staff refused remove charge bill even though paying Â£70 night room. This kind service I would expect 4 star disappointing end good holiday China.,0.021428571428571415,0.45,Oct 27 2005
26,26,"Great Hotel! This located right top shopping area Nanjing Street probably 30 mins walk The Bund (the end Nanjing shopping area). The Shanghai theatre 5 mins walk area lively noisy. The rooms comfortable, clean well decorated concierge amazing. They able help us plan weekend saved us quite bit money arranging taxis us instead taking tours often costly necessarily informative China (beware tours, number take commercial stops silk jade factories Chinese Medicine clinics pressure spend money). All staff wonderful shuttle bus available airport drop within walking distance hotel. I would highly recommend anyone visiting Shanghai given ideal location good service.",0.4111560988031577,0.617689075630252,Oct 18 2005
27,27,"Great location wonderful park view I writing review room Park Hotel: computer free internet connection. My week-long stay enjoyable. It great location--the Union Square Shanghai (with Met [Shanghai Grand Theatre] thrown in). The Remin Square Metro station across road (it's central hub two main lines). I asked room looking Remin Square--and even third floor fantastic view. It's big room, double windows, looking park city lights night. Ask room #303! It cost around RMB950 (+15 % tax) per night: I room back hotel. It's bit I intended pay; worth it. The hotel, unfortunately, little art deco left: rooms aesthetically ordinary, comfortable (the beds real hard, I liked that). I also considered Yangtze Hotel: Sep 2005 still lot construction work going there. It could time dies down. I also thought Ruijin Guesthouse, French Concession; money, lovely want bit piece quiet. While Park great central location sight-seeing, lot great restaurants within easy walking distance (wonderful exception: Kathleen's 5, across way); good local joints, likely need chinese negotiate that. If going stay one top-end-of-town hotels, really good option consider.",0.2741959064327485,0.5120102339181287,Sep 8 2005
28,28,"Grand old dame heart Shanghai The Park Hotel located Nanjing West Road downtown Shanghai one grand old hotels byegone era - era Shanghai used separted French British concessions. Built classical European style, lobby exudes stylish elegance reminiscent 1930s zero center point Shanghai. The elegant dining room spacious commanding view city. The rooms huge clean. At around US$90 double room, excellent value money located directly across People's Square, transportation hub Shanghai 10 minutes walk Nanjing East pedestrian mall, leading famous Bund. Behind hotel, numerous small eateries locals patronise - able read Chinese decide patronise eateries English menu.",0.1798611111111111,0.46770833333333334,Mar 19 2005
29,29,Hotel war sehr gut aber nachts laute BaustellengerÃ¤usche. Rezeptionspersonal zu gestresst.,0.0,0.0,Nov 14 2009
30,30,?????????,0.0,0.0,Oct 24 2009
31,31,Tres bon depuis qu'il Ã©tÃ© refait !!,0.0,0.0,Sep 22 2009
32,32,???????????????,0.0,0.0,Oct 2 2008
