,Unnamed: 0,Reviews,polarity,subject,Dates_extracted
0,0,"Saved location Originally booked another (highly) recommended friend, we've decided give go. The proved charming upon arrival colonial facade however, I dismayed greeted waif damp odour like old hotel. But partner hand hopeful I since booked Club Suite, went along it. My mood immediately lifted lift door opened. The corridor newly renovated room. It looked exactly photographed website relief! The layout sensible spacious I appreciated, lighting also sufficient. There letter notification renovation works place &amp; take place 9.30am 4.30pm. Sadly, awoken incessant drilling &amp; knocking 8am went seemed like forever, really disrupted holiday. Another chief problem shower area. Even whilst showering, water seeped onto floor outside shower area. The bathroom flooded throughout whole time, much water enough time dry. In short, ideal location wing probably popular reviews state 'quiet' all. Besides renovation, also hear traffic whizzing by.",0.216918044077135,0.4796763085399449,Nov 2 2009
1,1,Jin Jiang Hotel Outstanding Hotel great staff- Rooms Cathy Garden wing good size comfort. Location within 2 blocks stop Subway line 1. Lots Dept store shopping custom taylor shops close by. Parkson Dept Store grocery within 5 blocks ( Has great Baked goods. Great Hotel- good Shanghi location.,0.61375,0.6381249999999999,Jun 14 2009
2,2,"Jewel Luwan Good: The best thing heart french concession district yet away noise, shopping general new money flamboyance. Nestled midst bunch art deco buildings, cheaper 2 hotels. Interiors classy old world, Dark wood work, crisp white sheets. Very particular non-smoking rooms, unusual China. Breakfast buffet fantastic.Bad: Rooms particularly noise proof air-cons could restoration. Stingy drinking water.Bizarre: I could swear I heard someone vacuuming 6 AM!",0.16956168831168836,0.42234848484848486,Jun 12 2009
3,3,"Better expected Having read quite reviews, I expect much chose anyway based location. What pleasant surprise. A perfectly pleasant adn well-lit room nice, complimentary coffee/tea set (Cathay Gardens Building), workout facility offered everything I required, inviting lobby terrific location. While I need staff much beyond check in/out taxis, I found helpful. The compound's well maintained grounds lovely oasis noise city side walls.",0.2386904761904762,0.525595238095238,Apr 15 2009
4,4,"What kind management considers them? Following reservation Japan journey Shanghai (China) 15 18 February 2009. I check Shanghai Jin Jiang Hotel 15 February 2009 found informative interesting I expected five star standards. Unfortunately, enjoyment event spoiled number management organizational problems seriously concern risk life threatening issues, suffered, accident illness whilst holiday fault poor quality, poor management Shanghai Jian jiang hotel.I explain problems below.1- My godfather accident lobby entrance due door side glass propel caution lable hardly possible view night elderly peoples well assistance two door man standing door time accident instruct guest even accident give help injured guest floor injured head cause serious bleeding wounded eyebrows blouses behind head.2- Hotel offer first aid emergency services according guest manager; minor injury common hotel. They receive first aid medical care thought wait queue taxi 20 minutes lobby. They said offer transport kind accident, take responsibility guest shelter hotel. After arrive hospital, staff planning leave guest alone, even instructed pay insurance. However waited 1 hour complaint management phone anger guest services, treated doctor bill hotelâs staff instructed manager pay hospital bill. 3- After treated hospital, leave unattended knowledge Chinese language, however managed arrange transport back hotel. After arrived hotel, received simple apologies Hotel Cost Controller offered received free compensation one night stay included compliment dinner. But unfortunately management changes mind day accident. They ask full payment dinner offered management.4- Jin Jiang listed five star hotel. I paid fee stay five star treated five star guest. But unfortunately, given services paid. Hotel prepare kind injury simply call ambulance. There hospitality waited taxi injured guest. According guest service manager; way guest; heâs alive dead yet. Thought general manager avoid seeing us. What kind management considers them?Benjamin",-0.023153594771241817,0.5228874883286647,Feb 25 2009
5,5,"Cathay Building...old tired looking...a bit like staff! In reviews i'm pretty balanced generally positive type however things really irked got 2 probably scraps 3 IMO service terrible.Firstly good bits...top location, good value, local shopping street really handy close enough walk (15mins) main shopping precinct Shanghai (names escapes me). Our room 9th floor spacious, well furnished, comy bed, looked courtyard decent bath (always one prerequistes hard days sightseeing) that's good bits.The room decor although well furnished looking little tired. I mind 'classic' look current trend uber modern suites cold draughty. Housekeeping also little suspect 2 occassions entered suite even DND on. Our main issue lack English spoken reception desk business centre. We 2 dramas, change flight times (by full day) lost camera, occassion received absolutely help. The staff always wanting bring manager talk us perform simple tasks (e.g. asked could talk China Air rep local dialect refused). The ladies business centre rude unhelpful. We also asked report lost camera police needed police report travel ins care less. We also asked call local number see lost camera whilst Shanghai day tour manager appeared room wanting use phone room.Overall, Shanghai great make sure acrobats show amazing!",0.11244260789715334,0.4909036249945341,Jan 9 2009
6,6,"Good Choice!! We stayed 3 night end trip China. The 3 different building, problen ,we stay Cathay Garden. The centraly located. Very nice decorated rooms confortable. We enjoyed breakfast lot choices. The staff always big smile you. They diferent restaurants choices around 3 building, me, best Brazillean call LATINOS, great bar salad, great seafood bar steak.The problen find, internet service included around 16 dollars per day.I would however stay again.",0.4890909090909091,0.5636363636363636,Dec 2 2008
7,7,Nice Hotel Good Location Stayed business trip three nights.Very confusing know three hotels site staying eventually found Cathay Garden.Room large modern comfortable.Down side colleague close lift motor found difficult sleep pushed time ask room exchange.English limited smiles get want end.Another thing pay internet standard would liked think included.I would however stay quite happily again.,0.17967032967032964,0.5032967032967032,Nov 20 2008
8,8,"Good clean We group six pax, We stayed Cathay block executive rooms. This tip got Trip Advisor reviews. We happy stay hotel. The Resturant opposite block 24 hrs. service &amp; served one best meals three weeks tour China. Biggest difficulty communication English, one knows language enough handle tourists. This facility must improved. The house-keeping know 'Towel' ?! Enjoyed well spread breakfast &amp; hospitality. Should offer free internet facility &amp; better TV progms.",0.40606060606060607,0.475,Nov 17 2008
9,9,"great stayed one night business trip, booked far east office wasnt sure expect!great hotel, clean comfy, great buffet good valueonly downside 'no smoking' room lingering tobacco smell, 11pm I wasnt going change rooms!hotel flexible - mess reservation meant booked 2 nights 1, cancelled second without issuethere 3 towers accommodation - check arrive dont get wrong building arrival!",0.2666666666666667,0.6063888888888889,Nov 16 2008
10,10,"happy stayed jin jiang gardens shanghai 9- 16 sept 2008.first, disappointed booking tell whichhotel staying in.thats bad say, checked today.the staff little limited language, try.the service exceptional,the rooms old world,clean,and comfortable.if tell better hotel,i try it.very happy. Gavin Costello Australia",0.0863839285714286,0.5949404761904762,Sep 16 2008
11,11,"A nice place stay JinJiang group 2 hotels area namely JinJiang Tower Hotel JinJiang Hotel. The JinJiang Hotel houses 3 building - North Tower (Bei Lou), VIP Tower (Gui Bing Lou) Cathay Garden (Nan Lou a.k.a. South Tower) operates like 3 different hotels. I opportunity stay four buildings.The North Tower rooms big, little old lotsa character. set back breakfast room canteen feeling make shifts banquent tables. The VIP Tower houses 1 bedroom suites 2 3 room residence/apartments. I told tower caters mainly government officials, explains black cars parked outside. The last trip March I put one bedroom suite. The room exudes opulent style old Shanghai. The bathroom huge.The Cathay Garden renovated block although room smaller, nicely done up. Simple stylish. However, windows rooms 1st 2nd floor facing back frosted. This block back alley view. So ask higher floor rooms. I say block reminds small boutique expensive club house. It's block turn service puts chocolate bed every night.Overall preference 1 bedroom VIP tower, room Cathay Garden lastly North Tower. As JinJiang Tower Hotel, stayed year ago, started renovate rooms. The standard rooms standard, deluxe huge that's is. Breakfast served revolving restaurant nice view city sure still arrangement.Nevertheless, I hesistate return again. It's close shopping 5 minutes walk efficient Shanghai Metro.",0.08552951388888888,0.44093501984126987,Jun 22 2008
12,12,"Loved The Grosvenor House I stayed &quot;Old Jin Jiang &quot; several times since first visit. It recommended friend living China since taken several colleagues whenever visit shanghai. Its old world charm never fails impress one favorite places stay visiting China, I always enjoyed food decor . I taking someone next week, first visit China I feel sure impressed. If want clinically clean modern place you. It clean character staff always courteous extremely helpful. I speak Chinese never problem there.",0.3032407407407407,0.5141975308641976,May 24 2008
13,13,"Nice understated luxury JJ Hotel Cathay Gardens Impressive bit opulent ;-) nice deed. The location great youâre shopping Huaihai Rd youâll find anything like. Personally Iâd prefer Nanjing Dong Lu official visit Shanghai, I couldnât choose.We stayed Cathay Gardens part hotel.Rooms cold (!) I arrived middle worst snow decades, insulation China best - could expected. No heating available. However, duvets warm, provided good tea-making equipment keep warm.The interior design bright welcoming rooms well laid quite large. The separate shower stall nice addition bath tub â I hate standing tub.The breakfast buffet good lots fresh fruit many hot options, Western, Chinese Japanese â good start day.The rates internet access lower hotels (90 RMB 24 hours), ridiculously valid cabled access Wi-Fi almost double price. Not good enough!Would I stay again? Definitely (if I chose stay part centre).",0.21199855699855702,0.6116233766233767,Feb 4 2008
14,14,"Old still nice place Stayed end China Tour, I Cathay Building dates way back still offers good level service accommodation.The room fairly large usual furnishings: chairs, TV, table, fridge, mini bar safe etc. The furnishings including beds well made comfortable, bathroom good size effective walk shower, towels changed daily plenty freebies. The room windows old style metal type open quite wide may dangerous children, air conditioning worked well negated need open windows much.The dining room (breakfast) 11th floor carries huge selection buffet style menus, plenty choice tastes.I found staff FAIRLY helpful, much English occasionaly I felt played that.There well equiped fitness area swimming pool adjacent building, pool large I visited staffed.There good selection shops quite close I felt area safe.",0.24827380952380954,0.47946428571428573,Oct 26 2007
15,15,Errvery mixed feeling This old establishment Shanghai good location. However two wings mistaken cheaper older wing terrible accounts. I first booked two rooms via one website led rundown building one 'receptionist' working behind miserable table. The corridor outside rooms looked something lifted horror movie rooms foul smell. This building looks like servant's quarter me. I call operator requested change room- turned pricier rooms/suites another building. The suites good.The staffs desk bell captains mostly obnoxiously rude unfriendly.,-0.0056410256410256345,0.5035897435897435,Oct 17 2007
16,16,"Great Stay Shanghai When company arranged stay I immediately checked web reviews. I disappointed I read however I happy say I unexpectedly GREAT stay hotel. The room clean, modern comfortable. The bed comfortable, I slept well. The receptionist pleasant attentive needs. The bell staff prompt efficient. The buffet breakfast fresh plenty choices. All I really enjoyed I would stay again.",0.42250000000000004,0.7597222222222223,Sep 14 2007
17,17,"Scene Exorcist Stayed two nights. Seriously awful. I got 11pm night gave room historcal Cathay Garden. I tried run bath, green water suddenly came gushing bathroom massive flood place. Reception enthusiastic I called change room. Only prolonged reasoning, reluctantly get room upgrade bigger room another building. (I tired beyong tired) First floor view - wall stared back I opened blinds. I would definitely recommend everyone get breakfast anywhere cafe. If Shanghai business, think twice location. The streets eternally filled heavy traffic. It would take 35 minutes get Pudong business districts. Not withstanding taxi drivers cursing dragging far-off location. Careful schedule flight out. I tried finish meetings Pudong 5:00, thinking half hour drive back grab bags another half hour back Pudong Airport leave sufficently cushioned 7:30 flight. No! It takes two instead.",-0.03349206349206349,0.5365079365079365,Aug 8 2007
18,18,"Worth look elsewhere The reason I stayed Jin Jiang 2 nights location. After stay I would preferred stay somewhere nicer travelled.When checking girl behind counter gave nothing attitude, everything I asked issue. Simple requests always met sigh. Luckily bell staff helped great. The room (in Southern Building) weird. The bathroom shower room larger bedroom/entrance room.The living area like Motel minimal facilities carpet stained dirty.The bathroom shower clean neatThe restaurant bar OK, small service slow. They divide smoking non-smoking dependent there, I sitting next non smoker table left, four gentleman seated smoking sign removed.The location good looking sightsee (I meetings).I would advise looking elsewhere looking nice hotel.",0.07499999999999998,0.5470238095238095,Jun 15 2007
19,19,"loved Jin Jiang Cathey Garden Stayed Jin Jiang Hotel Cathey Garden three nights business trip. There several Jin Jiang hotels Shanghai, Jin Jiang Hotel's Cathay Garden great, confued Jin Jiang properties.The rooms exceptionally new, clean plush. Great bathroom separate tub shower. The lobby cozy warm addition lobby library. The location unbeatable. The fitness room adequate, bit warm stuffy basement. The breakfast buffet provides good variety western chinese dim sum changed daily stay. Will definitey stay again!",0.3138352272727272,0.4620549242424242,Jun 9 2007
20,20,"Very Local But Interesting So I booked 2 rooms 2 nights Jin Jiang. I got pretty good price thought might interesting. It attractive compound buildings, three separate towers art deco style. Unfortunately, meant I wander one buildings I arrived discover room somewhere else. They take golf cart. The check Grosvenor House slow somewhat inefficient. As I finally sat desk go check-in ritual, I saw front desk attendant pull reservation, clicked reservation, text box popped said &quot;This dirty room.&quot; When I asked that, said, worryingly, 'Oh nothing.'The room large, somewhat dark cavernous. I thought details room actually quite attractive, continuation art deco style. It dirty, least far I could tell. There wireless internet access, go downstairs get username password. My colleague staying building said get access eventually give up.The location quite nice though, outer courtyards seemed nice. I used small gym, fine since I one there.There two restaurants nearby I thought rather good - Shanghainese place called Jade Garden south Mao Ming Nan Lu, Di Shui Dong, cheap charming Hunanese place block north.I could sort tell local phone call I received midnight I going bed whether I interested massage. At least call back I said no. Perhaps meant 'dirty room'? So alright, atmospheric ambience terms architecture. But 'software' place still seems beta version could improved.",0.13929705215419505,0.5897845804988663,May 19 2007
21,21,"Never Again We ended two week tour China Shanghai booked Jin Jiang three nights. We wanted change hotels theend first day. We three rooms samefloor - not. When checking desk staffnever looked us, one room smoking room requestednon smoking, first move. The second king bed suite requested, third move could get smell urine suites bathroom. When took children swimming pool $11 dollar chargeper person use hot tub. We tried change hotels night could find could accomidate requests evening. We move next day JC Mandrine lovely stay. We still waiting refund unused nights Jin Jiang. We suspected something guide checking us said agancy used ten years, I suspect another ten beforethey try again.",0.1388888888888889,0.2518518518518518,May 7 2007
22,22,Do book regular executive room Nice nice decor lobby bar staff could friendlier helpful. I booked executive room I disappointed windows frosted I cannot see outside. The website also states clearly windows frosted. I can't even check weather stepping out. It frosted I cannot tell raining outside. They helpful helping change another room.,0.10687499999999998,0.5187820512820512,Mar 28 2007
23,23,"Traditional Shanghai Jin Jiang Hotel traditional Chinese city large number modern hotels built last 10 15 years. However, still meets lot standards Western type hotels. But, really ritzy flashy. The style ârenovated oldâ opposed big towers newly built. There several buildings referring Jin Jiang. I stayed Cathay House entry level I believe. Other buildings suites larger accommodations higher price well. RoomRooms seem quite large, enough space queen size bed, desk couch coffee table. (See pictures). The bathroom nice well separate walk shower. The style dates little bit itâs ancient. The room I end hallway (707). It meant hallway (nice) small windows didnât provide lot light room. Itâs problem visiting meetings intend stay work room, may find bit dark. Other rooms larger windows right middle room provided light. In room, mini fridge. HotelThe breakfast room 11th floor. Buffet style lots choose from. The gym another building within complex. Itâs convenient especially itâs cold outside rains. It nice swimming pool though. The reception nice grand. Donât expect large open foyer like newer hotels. OtherInternet connection available. A cable room works fairly well, including Skype. The area around JJ pleasant good mix large shopping centers also large number small shops , directly streets, others hidden back buildings. The newer neighborhoods, especially Pudong offer variety; large shopping centers well known brand names available pretty much prices everywhere else world. The Subway station one block away well small supermarket located basement department store. All things considered, Jin Jiang Cathay House adequate leisure business travelers. They find good mix amenities authentic Chinese environment. Something necessarily offered modern parts city.",0.1464968986237643,0.5063436066421139,Mar 10 2007
24,24,"Recommended Stayed two nights hotel, happy recommend anyone. We twin room (super-sized single beds), lots floor space, sofa chair, writing desk. Bathroom large good toiletries, bath separate shower, plenty extra space small lobby containing closet, fridge, safe etc. Staff pleasant polite, especially young men opening doors, getting taxis etc. English spoken. Breakfast delicious, good variety dishes no-one go hungry hotel. Situation close shopping, far old French area, restaurants close - there's plenty tastes. The gardens, noisy.Only two small complaints: bed VERY hard, 'view' 2nd floor window large aircon duct. But kept shutters closed day anyway matter.",0.1981575963718821,0.47820294784580497,Jan 26 2007
25,25,"Good experience Shanghai We stayed business travelers quite happy th accomodations. We upgraded Cathay Garden, new part hotel. The unique sits several acres green space rather flushed roads quite noisy. The rooms stayed new well put together. They non-smoking floor make sure INSIST want that. We ate breakfasts perfectly adequate purpose. For $150 per night, I felt got good room price relative western branded business hotels. The located near Mao Ming South Road, fairly upscale street offers good shopping. It located near old Shiang Yang Market, gigantic flea market since torn down. For imitation designer handbags, go search else where. But average concierge desk surely able direct you. Right outside hotel, however, lot custom tailors are. Be sure visit stores first day. They often finish custom shirt two days even suit four.Getting cab tough around dinner time. So walk ground grab cab road. You better luck.One word advice traveling China - go local Chinese travel agents book hotels. They often much better deals get Internet. The deals one get internet usally include free breakfasts taxes add up. Make sure ask breakfast deals eating breakfasts China hassle la carte expensive....Also, Chinese staff sometimes non-chalant comes customer service. Unlike US/European hotels better service may come $20 bill, always happen China. Be insistent need something feel within rights - clean non-smelling non-smoking room. Don't yell (as degrades status) insistent prepare escalate manager (who always around...)",0.2236088778945921,0.477302961588676,Dec 31 2006
26,26,"Definite 4 star We booked 3 nights &quot;old&quot; Jin Jiang Hotel happy accomondations. Yes, older high ceilings oak wood trimming, seemed well kept. We also really liked separate shower large marble tub. (yes, one four-pronged faucet handles come off, simple screw porcelain handle back on.) Located one fashion streets Shanghai (mao ming), also across dickson center (locale ralph lauren gucci, among others). Taxi cheap Shanghai, $3 $4 cab ride Bund, Pu Dong, Imperial Gardens, less Shanghai Museum. If want use subway, station long block away. Service excellent, staff friendly sufficiently adequate english speaking skills. On site facilities include heated pool bowling alley, available guests. We also found good accupressure massage place block less $15 hour, included 20% tip. And DVD hounds find vendor within 2 blocks, offering DVDs $1.20 per. However, every DVD work US systems. Very safe locale. I would recommend highly although wheelchair accessibility greatest. They step entry lobby, wheelchair ramp side also used baggage carriage.",0.27088064713064713,0.4753693528693529,Dec 7 2006
27,27,"noise-sensitive avoid Room 1023 I left Salvo Hotel enduring one night booked room Jin Jiang five nights. I stayed Jin Jiang Tower before, althoug husband remembers horrible experience (with construction going place rude staff) I remember great experience esp. great breakfast joint right outside proximity Huaihai Road, prime shopping street Shanghai, Lane Crawford, Isetan, Taipingyang Department stores (if want shop someting semi-fashionable go Nanjing Road, used interesting things I increasingly find hard spot anything whets consumer appetite Nanjing Road--although charms, longer shopping street). When I got Jin Jiang, got Room 1023. Given booked cheapest rate listed price Expedia happy got room high floor. And room stunningly quaint nice, spacious, knowledge used guesthouse French colonialists (?), I could see French people dancing room (it big) 1930s. The bathroom huge bathtub separate shower stall, really pleased me. My sister found bug (it roach, something similar, kind decided pursue still excited size room) quickly caught released window. The location indeed great, too. So went shopped, ate went back around 9:00PM. We noticed noise coming upstairs. We sure was, kind light construction noise. It went late night, thought fine turned TV cancelled noise upstairs. But also music coming left side room, stop I called front desk 3:00AM told music (in Chinese). The person picked phone immediately realized problem said he'd take care it. The music stopped. I wonder still fine.Then, sister left husband joined room. He's relatively sensitive noises. He stand knocking noise upstairs, kept complaining front desk it. The front desk person ket telling he/she'd find out, never returned calls. Once even went upstairs &quot;find out&quot; try stop stop. Then realized room right underneath kitchen restaurant 11th floor. The noise coming chef chopping things chopping board, cutting chicken bones, etc. It really bother husband stand it. He tried change room, somehow refused (the apparently many empty rooms kept telling fully booked). When finally went assistant manager talked upset manner decided move us another room. I really mind noise much, I'd fine Room 1023. But aversion noises coming upstairs (incessant chopping noise) it'd better avoid particular room.",0.1981619047619047,0.5326063492063491,Jul 25 2006
28,28,"5-star 1-star service I booked room Jinjiang via online travel agent pre-paid charges. When I arrived, booking screwed concerned receiving payment allowing check first clearing mess. I wait cold lobby ONE hour, tired hungry 2-hour car journey Suzhou. The room given dirty patches wall renovation work going floors (incessant drilling day). The staff cold impersonal. Jin Jiang still long way go catch likes Shangri-la, I stayed Beijing.",-0.18611111111111112,0.5564814814814815,Jul 21 2006
29,29,"Great Location Very Nice Hotel The Jin Jiang lovely old convient sorts shopping, food entertainment. I stayed 6 nights March 2006. I stayed 2 different rooms similar quality. The beds hard rock, I still slept well. This uses white duvet covers mark easily. So, assured getting fresh cover. They process replacing carpets, definitely help appearance. We watched (and heard) 9th floor. Housekeeping could better job bathrooms. The first room I stayed large collecting slimy material around shower drain. Unfortunately, tile black might hiding sorts things I want know about. We also saw 2 small roaches, one room one lobby. However, saw lot roaches journey, terribly shocking.There really bar old section hotel. There's place get drink, like tea room. So, expect nightlife. The convenience store 2nd floor fabulous. We actually found bottled water cheaper store places.",0.11645502645502648,0.49426807760141095,Mar 22 2006
30,30,"Lovely well situated I stayed Cathay Building week. Rooms-----The room spacious comfortable. It nice foyer/dressing room bedroom area bathroom, useful writing desk, chairs, sofa room. Bathroom also spacious well presented separate bath shower. The complaint room windows quite narrow (although six them), making hard appreciate view outside. Shanghai noisy city set back one main streets, making reasonably peaceful.Dining------I ever ate breakfast buffet satisfactory, selection english, continental, chinese foods available; good quality. Service-------Staff friendly attentive I problems talking Englsih. As I would expect 5* hotel.Overall-------I would stay Jin Jiang ideally located main city sights I enjoyed time without problems. However, Grand Hyatt cut offers amazing views city (but probably higher price).",0.23209876543209873,0.5040123456790124,Nov 10 2005
31,31,"Great Place We huge room huge bathroom GrosvenorHouse Jin Jiang Hotel. We also hugesecond room (without requesting it). The fairly priced Art Deco gem, left much way 1935 (with updated facilities). Thestaff attentive, passable English (notas good English 5 star places). The grounds arebeautiful street, gives peaceand quiet common Shanghai. Good free b'fastbuffet. Across street Okura Hotel, also great garden. We lousy meal OldShanghai Moon Restaurant hotel. Too many smokers mediocre food. French Concession areais great walking. Taxis cheap rest ofShanghai. We took great tour (4 hours) JewishShanghai. In sum, loved Grosvenor House. Itwas favorite place 3 week Asian trip.",0.3436,0.5777333333333334,Oct 28 2005
32,32,"Motel I paid five star prices got room smelled, faucets falling off, marble bathtub cracked even provide bedskirts. The walls filthy. I definitely recommend hotel. For price paid (140 US), I would rather stayed Mason Hotel Huai Hai Road. The staff helpful all. We expect &quot;5*&quot; hotel. Very disappointed. Be ware!",-0.6,0.8250000000000001,Mar 15 2005
33,33,"Disappointed My wife I stayed &quot;old&quot; Jin Jiang 2002, quite disappointed experience. We reserved room Grosvenor House, closed building (it right SARS epidemic) consolidated guests Cathay Mansion. The gave us big suite instead, thought nice gesture. But condition room quite horrible: carpet dirty air pockets underneath over, big enough tripped them; marble bathroom tub cut short, used caulk fill hugh gap; wall living room patched painted over, see big rectangular mark wall. None affected sleep, suite big enough family. The staff generally nice, although proficient English. We disappointed read much paid, expected nice hotel.",-0.08821428571428572,0.5107857142857142,Jan 20 2005
34,34,????,0.0,0.0,Sep 8 2009
35,35,????????????â¦,0.0,0.0,Aug 14 2009
36,36,?????????,0.0,0.0,Aug 5 2009
37,37,?????????????,0.0,0.0,Mar 15 2009
38,38,?????????,0.0,0.0,Mar 12 2009
39,39,????????????,0.0,0.0,Mar 2 2009
40,40,?????????,0.0,0.0,Feb 15 2009
41,41,???????????,0.0,0.0,Feb 7 2009
42,42,????????1930?????????????,0.0,0.0,Jan 28 2009
43,43,?????????,0.0,0.0,Jan 10 2009
44,44,Es gibt bessere Hotels,0.0,0.0,Nov 18 2008
45,45,?????????,0.0,0.0,Oct 26 2008
46,46,?????????,0.0,0.0,Aug 23 2008
47,47,JinJiang chain!!! Book 2005 opened 5 star Cathay Garden!!,0.0,0.0,Aug 5 2006
