,Unnamed: 0,Reviews,polarity,subject,Dates_extracted
0,0,"VERY GOOD AND VERY HEART CENTER HOTEL We ony 3 nights shanghai So try get good one. I checked trip internet ask friends choose hotelFirst impression foyer ...most impressive!Our room also impressive decor layout, part corner room overlooking square Nanjing Road. Large, marble bathroom shortcoming, bath shower combined. Room big really nice modern way e- suite China large country nice country great. We enjoyed liked trip.So good heart center hotel.",0.41880952380952385,0.5842857142857142,0.5842857142857142
1,1,"Good location large room Super location, 10/15 min walk The Bund lots shops restaurants doorstep. Foot Massages good! Breakfast fine, large bedroom clean.",0.47931972789115646,0.6162585034013607,Oct 25 2009
2,2,"An excellent start Chinese adventure. The 'central', comfortable superb international buffet breakfast.Our room 11th floor good, well serviced, comfortable enjoyed opening window woke early watch listen Tai Chi group square below. A true 'sound China'!The staff helpful small tour group relished proximity bustling Nanjing Road.",0.37357142857142855,0.5467857142857143,Sep 28 2009
3,3,memorable visit 1.5 hrs approx pudong airport aptly named location.imposing well maintained superior 4 star hotellarge comfortable bedrooms good sound insulationmassive pedestrian shopping area across road subway less 5 mins walk - easy use cheaphotel coffee shop serves breakfast resaonably price meals - wide variety good qualitywould use recommend,0.4166666666666667,0.6600000000000001,Aug 8 2009
4,4,"Beautifully appointed First impression foyer ...most impressive!Our room also impressive decor layout, part corner room overlooking square Nanjing Road. Large, marble bathroom shortcoming, bath shower combined. Loads room stretch out, flat screen TV, firm comfortable bed, large well appointed working desk, smart restful decor large floor ceiling windows arguably best block curtains I come across.This really central; close action Najing Road, 10 minute walk Bund, minutes subway shopping could want either Nanjing Road front 24 hour market back door.Stakk limited English, always polite helpful circumstances allowed.The buffet breakfaqst great, eggs cooked order complimentary English Newspapers.",0.24098639455782314,0.41570294784580497,Jul 31 2009
5,5,"location plus everything expect good city centre You arrive truly sumptuous reception area service given let down. Your luggage handled bell boyâs moment car pulls outside quietly efficiently delivered room. The room spacious clean well equipped tv internet access need it. There also large spa one floor business centre another. The restaurant 2nd floor offers excellent choice buffet breakfast. The service however better weekday weekend really attract staffâs attention coffee tea tables cleared guests left them. Not 5* service people said is, good 3 4* best. Selected primarily central location cross road approx 100mtrs Nanjing Road shopping area 20mins walk Bund location great. Restaurants bars Nanjing road tend expensive. However turn right exit Hotel foyer, cross road walk 100mtrs find small restaurant, âBilly Brothersâ, offers good food reasonable prices.",0.26284444444444444,0.3806603174603174,Jul 26 2009
6,6,"Nice room horrid bed We pleased hotel. Perfect location. We room end. I definitely recommend &quot;curved&quot; rooms parents regular square room nice (yet bigger). The curved room entire wall window, I really loved. I say rooms clean up-to-date. However, get backs adjusted bed. I could feel springs mattress. It pretty bad. They charge everything - business center internet use, coffee packets, etc. I bit horrified that. But room really pretty. I likely stay unless I budget. If replaced bed, I would definitely stay again. Decent breakfast - great.",0.1796296296296297,0.7158475783475783,May 25 2009
7,7,"Comfort location - best show town! Shanghai acrobats, step aside! Our window Central Hotel best show town, looking Nanjing Lu pedestrian street nonstop activity Century Plaza. The morning four us checked in, cousin woke hundred-odd Chinese folks performing morning exercises boom boxes, including one lot martial arts drumming (see photo). What neat welcome China! We go stroll enjoy action every morning there, taking advantage excellent Western, Chinese Japanese breakfast buffet.So word international five-star junkies (like me): If stand life without rainforest shower, save money enjoy plenty comfort Shanghai's best tourist location, center Nanjing Lu five minute walk Metro. The large, comfortable rooms firm comfortable beds, lots electric outlets, including bedside tables, light switches also thoughtfully placed. Good bathrooms standard shower tub.For best Nanjing Lu view, ask room ending 03. Light sleepers may prefer back room; exercisers start bit 7 am. But personally, I loved full view, floor ceiling windows convenient ledge curl throw pillows book, watch Shanghai stroll by.The staff generally excellent English helpful, although always knowledgeable. The concierge desk shared gray-uniformed bellmen gamely try answer questions, better black-suited real concierges.There wired broadband rooms greedy 80 RMB per 24 hours. Annoyingly, can't sign one day time.The Chinese restaurant serves delicious food reasonable prices; recommend highly (although soups dull).",0.29132705795496494,0.4152897748246587,May 9 2009
8,8,"Great Location Top Hotel My husband, daughter I stayed 4 nights thought room lovely, spacious comfortable. Good sized bathroom helpful staff. Be prepared early wake call exercisers music 7am - 19th floor could hear clearly, sound system square blaring piano music best part day!Over road Pedestrian Shopping street convenient. Staff professional helpful.Only fault could find restaurant buffet Salad bar dinner offer full menu - breakfast full accommodated everyone.Taxis easy get plenty - 44 yuan Hongqiao Airport - cheap!Business Centre offered internet access quite costly pay use Table Tennis table Gym, thought using gym facilities would free.",0.37574074074074076,0.5303703703703704,Apr 12 2009
9,9,"Perfectly fine although terribly memorable This decent hotel, fabulous location. The rooms clean well-appointed, nothing spectacular. I can't say anything really wrong hotel, small things made less spectacular. For instance, hair dryer room barely room temperature bathrooms generally seen better days. The concierge gave us incorrect information least twice, really recommend local restaurant ones hotel. We supposed non-smoking room, really matter people smoking smell lingers. Also, Internet service 80 rmb/day, seemed pretty outrageous.On upside, location cannot beat. It's walking distance Bund, People's Park, Nanjing Lu, many restaurants. The service staff generally nice friendly. The breakfast buffet plentiful varied. While Asian selections quite good, Western options so-so (runny eggs, soggy pancakes, average pastries).",0.16993589743589743,0.5241666666666667,Feb 17 2009
10,10,"centrally lovated This right main shopping street, conveniently located. Metro stop 5 min walk.The room clean tidy, quite spacious. Bathroom also neat, included bath well. Hotel's interior luxurious everything shined. Breakfast table big variety European well Asian food, even sushi!",0.17989417989417988,0.3354497354497355,Jan 9 2009
11,11,"Great Hotel Central Hotel - close Nanjing Rd pedestrian shopping area. Large rooms big beds, marble bathroom shower bath stayed 17 floor, LCD TV. Nice view.Breakfast well average western style plenty food .Rooms central heated able cool ok open window. Noisy traffic expect city hotel. Mineral water provided daily. 3 yuan subway machine english limited luckily got tickets get transport card use taxis deposit $25y also top taxis 11y flagfall plus waiting timeSons birthday assistant manager unexpectedly brought birthday cake",0.17267573696145125,0.4204648526077098,Dec 5 2008
12,12,"Excellent Hotel This excellent hotel. I think nothing negative say it. Great staff, great food, great location. I surprised ranking I checked stay, speak positively excellent service offered hotels Shanghai!",0.5777777777777777,0.838888888888889,Nov 28 2008
13,13,"Great value location We spent 3 nights Central October based reviews site. I must say I much add well located staff friendly per rest reviews photos, site, accurate.This Chinese Western run slightly different feel Sheratons etc.What I would like add family three young kids unbeatable. They family suites 8th floor (the 30 floors) comfortable. These rooms consist lounge tv toilet well two bedrooms wonderful bathrooms seperate shower. The whole including rooms new carpet except for, strangely family suites?? Perhaps figure kids mess new ones?Ultimately $300 +tax ,for 5 us including average breakfast extra bed cannot beaten.I made reservation directly Ricky reservation manager little slow respond fantastic.PROSUnbelievable rooms familiesReasonable ratesReally really good locationClean well keptComfortable beds (we never found hard)Brilliant bathroom free bottles waterHelpful staffCONSOnly one, need replace carpets family suites.",0.1549775533108867,0.3957070707070707,Nov 5 2008
14,14,"great location Great location, good size room, friendly staff limited english, excellent breakfast buffet, stayed 5 nights, would recommend stay",0.511734693877551,0.5408163265306122,Oct 28 2008
15,15,"Good great location We stayed 3 nights part 3 week trip China. This third trip China first Shanghai. The virtually Nanjing Road, shoppers paradise, good value. The staff friendly helpful rooms, bed linen etc spotless. The beds harder used UK found nearly beds China tend quite hard. Despite harder beds slept well enjoyed stay hotel.",0.29598484848484846,0.43227272727272725,Oct 16 2008
16,16,"Sleepless Shanghai This first stop China needless say sleep. The beds rock hard I almost expected even endless blankets put top mattress made little difference. The good facilities, advised five star I would rate three four. Had iron board room handy kettle. The room good size free toiletries mini bar. Bit shocked I went buy glass milk keep fridge tea charged Â£3.50. Restaurant facilities ok breakfast good choice. We 13th floor far enough hear noise centre below. The extremely central, title gives away excellent accessing need see things Shanghai. Free umbrella hire available concierge handy rained lot. Make sure make clear want non smoking room throughout trip continously given smoking rooms ash tray taken out. We go back reception explain wanted smoking floor hotels have. Overall good place stay.",0.24735119047619047,0.5766865079365079,Oct 7 2008
17,17,"Perfect location great breakfast Stayed Central Hotel late July 2008.Booked directly via email. Staff helpful. Check-in check-out procedures efficient. Location perfect, within walking distance Bund People's Square. Having stayed northern edge Bund first trip Shanghai, time I chose central location. Had room view large square front Nanjing Street. It great watch crowds move street locals starting Tai Chi 6am.The room spacious clean.Breakfast buffet great, large selection western style Chinese dishes, even so-called Japanese style dishes, looked Portuguese style indeed delicious. Breakfast starts 6am that's great, especially first night one still jet-lagged one needs go back airport early.Air con strong lobby absolutely needed outside temperature well 35 deg C every day, already 32 deg 8:30 am. So felt great reenter every time cool hours sweating streets Shanghai.A number good bookstores found Fuzhou Street two blocks away.I definitely consider staying next trip Shanghai.",0.3195985060690943,0.48164799253034546,Aug 3 2008
18,18,"A Ggreat experience The Central Hotel Shanghai great value, well situated provides good service. We stayed twice short visit central China early May 2008. It seems cater western Chinese tour groups, business people wedding parties, giving quite cosmopolitan international feeling. English widely spoken staff.Rooms (we stayed 1704 2005) well appointed, laundry housekeeping high standard. Beds comfortable, although mattresses may little harder western visitors used to. Rooms good size, although window 2005 smaller due facade's distinctive circular motif upper floors. Climate control room perfect.The buffet breakfast provided &quot;coffee shop&quot; (its actually hotel's main restaurant) excellent combination western Chinese food also good value, included tariff. We found feed really set us day. The can't said buffet dinner available 5.00 pm 150RMB per head. This quite dull lacking imagination comparison - hard believe came kitchen otherwise immaculate hotel. We disappointed avoid another night ate Sofitel next door - outstanding buffet 250RMB. Of course, Nanjing Rd area many good restaurants. The Central Hotel also Chinese restaurant second floor eat at. There mini-supermarket first (ground) floor next business centre, quite good quality shops level 2.The Central Hotel's location undoubtedly one great attractions - walking distance Bund, spectacular Shanghai Museum, course Nanjing Rd's many stores. We also walked 30 minutes Yu Yuan Gardens braved hard sell pearls jade surrounding market. It time later discovered much better jade pearl market directly opposite Central Hotel Nanjing Rd (Shanghai Souvenir Market Pearl City, next Baleno KFC).The Central Hotel highly recommended one best experiences China.",0.1732861111111111,0.3513666666666666,May 9 2008
19,19,"Central Hotel Shanghai The Central Hotel Shanghai, name suggests, centrally located PuXi, block Nanjing Road 1/2 mile Bund. It's pretty much ideal location. I arrived middle once-in-a-decade snowstorm soaked skin sleet snow. Disinclined explore dinner, I changed clothes headed one hotel's two restaurants dinner. The Central Hotel Shanghai includes traditional Chinese restaurant 24 hour coffee shop offers mix Chinese western cuisine. Still feeling sodden unadventurous, I opted buffet dinner coffee shop. Not best decision. Unlike aspects hotel, dinner coffee shop marginal quality. Although several entrees offered, including sushi traditional Chinese dishes addition number western-styled foods, none particularly fresh well made. Everything institutional bland - ridiculously boring dinner city thousands interesting meals. Still, distinct advantage warm dry. My room equally satisfactory: although overly large, featured firm, comfortable king-sized bed, four enormous pillows scattering throw pillows. The room attractively decorated pale yellow gold, polished wood accents. Two armchairs flanked small table next windows, overlooked high-rise surroundings. Like many Asian rooms, one bedside console control lighting, HVAC, large flat screen TV, on. Lots nice high-intensity lighting throughout room, silky linens, overall air quality furnishings invested place nice, relaxing vibe. The bath, although small clearly older vintage, scrupulously clean good repair. Again, typical China, complimentary toiletries extended bounty multiple toothbrushes, mini-towels, lotions, cleaning cloths, unguents, potions, neatly arrayed soldierly ranks next sink. The public portions Central Hotel Shanghai include large fitness center, sauna massage area, meeting rooms, business center, several high-end retail shops. The lobby mezzanine attractively furnished dignified marble gilt whole place upper-end hustle bustle find similarly-positioned across globe: lots sleekly modern folks cell phones laptops busily scurrying cabs, meetings, like. Although staff coping unseasonable weather, made marble steps sloped drive rather treacherous, entire hummed quiet confidence well-oiled hospitality machine, indeed, minor exception undistinguished dinner, I'd say Central Hotel Shanghai succeeds meeting global standards four star property. My standard room cost equivalent $100/night - perspective, good value, complete bargain. I think visitor would satisfied price range.",0.1354957599478147,0.3870874103065884,Apr 15 2008
20,20,"In heart Shanghai The 4-star hotel, located right heart Shanghai. Our transfer Shanghai Pudong airport painless shuttle bus delivered us straight hotel. The located less 100m Nanjing Lu, major shopping district heart Shanghai. Our room bit small, nicely furnished renovated. The sheets highest quality. The outside neon lights changed colours. Very pretty, tacky. Reminded us bit Las Vegas. People Shanghai tended leave us tourists alone, unlike people cities China (e.g. Beijing Xian). Touting rarity. All all, comfortable stay Central, although bit pricier hotels. The location price.",0.10054563492063491,0.4793650793650794,Apr 11 2008
21,21,"Good location decent rooms This default tour group. The entire tour group stayed beginning end 2 week tour. The located one block busy Nanjing lu walking street one find endless restaurants shops. I think location superb. There convenience store 2 blocks hotel. Caddy corner Hotel Sofitel. This also close several banks. I brought back shopping goodies I went dinner parents nearby restaurant.The room I spacious enough 2 twin beds. It usual writing desk chair. Bathroom clean stocked shampoo, conditioner, toothpaste toothbrush, comb cotton swabs.Buffet breakfast bad all. It wonton noodles, udon, breakfast steak, sausages, eggs, fruits, congee, miso soup, salmon assorted breads. Concierge helpful arranging transportation Pudong airport. I also exchanged US dollars front desk although rate higher I thought. In general, I pleased would stay again.At time review, building annex building across street.",0.2192222222222222,0.5432222222222223,Apr 5 2008
22,22,Good value Great location walking around city. About half price big name hotels class,0.26666666666666666,0.3483333333333334,Feb 1 2008
23,23,"Great Introduction This first trip China. Getting customs Shanghai airport horrific - took us 2 hours - high hopes hotel. We Helen Wong Tour fortunately met airport tour guide. She took care everything great stress trying communicate resolved. The great - room immaculate rather classy. The largest Chandelier hanging Atrium ever seen.The Central within walking distance Nanjing Road set early see residents exercising Fan Dancing, Tai Kwon Do even groups Jiving Rock Roll music. At night could see lights Shanghai really spectacular. Our entire experience memorable would recommend Central Hotel anyone.",0.2335714285714286,0.6463095238095239,Jan 28 2008
24,24,"Good apart air-con problems The Central Hotel exactly says tin. The location's great first-time stay Shanghai - strolling distance Nanjing Rd, Bund Renmin Park. Rooms OK size, spotlessly clean good bathrooms. However, visit, room temperature unbearably hot. When asked help trying cool room, staff told us cold air airconditioning switched winter option open window hope best. For three nights, neither us managed decent night's sleep room like sauna. We asked fan second night, duly supplied, made difference, overall made rather uncomfortable stay. It's worth noting there's shop ground floor sells soft drinks, beer, wine snacks significantly less minibar prices. Overall I'd stay aircon issues sorted out.",0.20079365079365075,0.4825396825396825,Jan 17 2008
25,25,"Great Location Excellent location. My wife I really enjoyed hotel. It right centre shopping dining activities. And Metro within 5 minutes walking distance, rest highlights accessible walking, thus made difference. Even walking Bund far.If u coming airport, get airport bus central (People's Park) would suggest get cab transfer u hotel, cos short distance map really quite far u started walk distance. To take cab airport rather costly affair. We managed get relatively high level requested, thing like small rest area smoking area locals smoking away like chimney. The staff helpful, english fair. Even arrived early, expediate process get us room, rather sizeable.Overall, enjoyed hotel, didnt used much facilities cos aint much anyway.",0.23934523809523808,0.5194841269841269,Dec 29 2007
26,26,"great great location stayed 4 nights, great location walked across road Nanjing road heaps shopping restaurants within minutes. Hotel clean well appointed. Would highly recommend",0.6073333333333334,0.74,Dec 5 2007
27,27,This Hotel Lives Name A great sightseeing Shanghai. Very clean pleasant rooms. Huge bed need bathroom Two minutes walk best shopping City surrounded restaurants bars.We breakfast excellent.All staff appeared happy smiling.,0.6014285714285714,0.8323809523809523,Nov 25 2007
28,28,"Excellent great location We returned three night stay Central Hotel part stop-over Shanghai, happy hotel. The room spacious clean (bed little hard taste, I understand that's prefer beds China) massive TV desk, room servicing good, non-smoking floors, staff professional courteous - trouble communicating English staff there. The buffet breakfast also quite good lots options long turn closes.The one bustling parts Nanking Road, main shopping street, rooms would great views neon-lit shopping area night. We reached foot airport via maglev train subway, stop two hundred metres hotel.The reason I given 5/5 price, US$150 / â¬100 per night cheapest class room including two breakfasts, seems bit steep part world. That's price I would expect pay similar New Zealand, wages costs much much higher.We'd reiterate warnings shoeshine scammers area. If forced using services despite frequent use word 'no', pay anywhere near demanded.",0.258590367965368,0.5349837662337663,Nov 8 2007
29,29,"The great good The great thing Central location, halfway along Nanjing road one block back Peoples Plaza midst main shopping street city enjoy elderly Chinese Tai Chi morning! The good thing feels 'Chinese' say larger European properties close by, Chinese bride lobby talking mobile good Chinese restaurant first floor serves wholesome fare leaving menu dishes beloved westerners, ambience good. The rooms adequate amenities (try book corner room spacious picture windows) service always gracious. Its short walk Nanjing road Bund (The famous Peace Hotel closed refurbishment) 'village' old Shanghai. Word warning get taken English speaking 'students' offering show tea ceremonies, art exhibitions etc - scam. The food varied plentiful evening buffet good value.",0.2796594982078853,0.40367383512544797,Nov 7 2007
30,30,"Great Hotel We spent time Beijing Xian tour group booked China Travel Service. The hotels Beijing Xian adequate certainly equivalent four star hotels Sydney. The Central Hotel Shanghai however like five star hotel. It situated right heart shopping district , room A1 mod cons including comfortable bed, buffet breakfast good would get anywhere reception area, staff facilities top class.",0.3593939393939394,0.5036796536796536,Oct 17 2007
31,31,"Loved Central The Central perfect short stay Shanghai. It Nanjing Road providing easy access shoppers paradise without noise actually road. From 22nd floor room could enjoy watching locals perform early morning exercises square enjoying excellent room service breakfast preferred buffet restaurant.The staff unobtrussive helpful asked, providing softer pillows helping operation room safe promptly. Everyone spoke English made stay pleasant one indeed.",0.37416666666666665,0.5020833333333332,Oct 15 2007
32,32,"Loved This one best stayed Shanghai, newer cleaner hotels city, staffs professional, highly recommend travlers",0.4920000000000001,0.44800000000000006,Sep 19 2007
33,33,"Wonderful Stayed 6 nights business trip - everything great!Contrary reviews, staff spoke enough english understand &amp; friendly &amp; helpful. Room spacious &amp; nice, rest (lobby, business center, etc.) beautiful &amp; clean. Had nice dinner restaurant first night, nice breakfast (both Chinese &amp; western cuisine available) every morning.GREAT location - one block Bund, major shopping area.One tip going Shanghai - bring sneakers sandals wear accosted numerous &amp; persistant shoe shine men, chase whole block trying squirt shoe polish!",0.28663742690058475,0.5130116959064328,May 29 2007
34,34,"fantastic location lovely stayed 4 days impressed, staff reception speak great english China I speak great chinese? check effecient quick.rooms spacious well appointed, 2 double beds room spotless - always biggest concern! room service great delivered quickly, use resturants good position many others Nanjing road. The lobby beautiful clean I would certainly receommend others location ease price reasonable!",0.4528991596638655,0.6036134453781512,May 23 2007
35,35,"Great great location This first time Shanghai I found Central Hotel excellent value. We booked website get good discount rack rate. We stayed superior room upper level, requested. The room like five-star quality, service. All staff I spoke spoke English, including check-in desk, concierge business centre staff. The room clean, well serviced secure. The right near heart Shanghai, short walk Bund, shopping restaurants. The thing let shuttle bus airport, could use good clean. Highly recommended otherwise.",0.3486746031746032,0.5373968253968253,May 21 2007
36,36,Terrible experiance The staff could hardly speak English.Our room broken luggage stolen.Management helpfull all.They promised check called security footage outside room nothing followed up.Breakfast served room staffed people &quot;no&quot; english spoken.We charged food beverages consumed ordered.A warning westerners travelling Shanghia. We would recomend people speak Chinese.An absolute nightmare.,-0.24861111111111114,0.48194444444444445,Mar 27 2007
37,37,"Great Location LOCATION LOCATION LOCATION The best thing location shopping. A short walk Nanjing shopping area. We went shopping till hands full. Walked back hotel, drop bags went back shop again. A lot good buys! Also lot good restaurants. I would definitely consider again. The staff friendly, clean. The room nice good size. Seems like renovating hotel, stay recently renovated room. Very comfortable, except seemed difficult control room temperature. Before I went, I little concerned noise commented one reviews here. Actually I hear noise unless I leave window open.",0.3006140350877193,0.5257894736842106,Jan 20 2007
38,38,"Very central good value This great excellent location - 2 minutes away Nanjing road shops, subway, Bund. I've stayed Shanghai 3 times now, tried different hotels, price location (and view Nanjing Road 14th floor too) one hard beat.My issue I thought I booked double, instead received twin - two beds called double beds, bigger single beds... I expecting double queen size bed.",0.148992673992674,0.4331501831501831,Dec 5 2006
39,39,"Check bill! This appearred value money found attempted charge items listed &quot;free&quot; booking. We left feeling management staff purposefully trying defraud us. Other much smaller problems included rooms ready arrived, bed sizes smaller booked, problems getting luggage delivered rooms. We stayed many hotels China give one thumbs down.",0.03680555555555555,0.3798611111111111,Nov 28 2006
40,40,Really nice good value,0.6499999999999999,0.8,Nov 11 2006
41,41,loved central,0.35,0.525,Oct 27 2006
42,42,Excellent Service.,1.0,1.0,Jun 30 2006
43,43,Good choice,0.7,0.6000000000000001,Jun 27 2006
44,44,Highly Recommended,0.16,0.5399999999999999,May 23 2006
45,45,Its central,0.0,0.25,Mar 27 2006
46,46,Many Pro's Con's,0.5,0.5,Nov 4 2005
47,47,Very Pleasant,0.9533333333333333,1.0,Jul 5 2005
48,48,???????????,0.0,0.0,Oct 24 2009
49,49,Vom Feinsten,0.0,0.0,Oct 12 2009
50,50,???????????????????,0.0,0.0,Aug 23 2009
51,51,proprio centrale!,0.0,0.0,Apr 28 2009
52,52,?????????,0.0,0.0,Mar 18 2009
53,53,?????,0.0,0.0,Mar 16 2009
54,54,per fare quattro passi centro,0.0,0.0,Nov 13 2008
55,55,???,0.0,0.0,Sep 25 2008
56,56,????????????????????,0.0,0.0,Aug 24 2008
57,57,Durchwegs zufrieden mit dem Hotel,0.0,0.0,Mar 20 2008
