,Unnamed: 0,Reviews,polarity,subject,Dates_extracted
0,0,"Good location quick first visit. I decided stay Howard Johnson first trip Shanghai I wanted fairly central location. Being business trip 3 days, time see city also limited, central location worked well. Being right near Nanjing Rd, many shops - individual shopping centres, restaurants choose from.The staff pleasant helpful, assisting trying change flight booking. Breakfast average usual buffet style however price bit higher side. The offers free internet rooms, handy have. I great view East Nanjing Rd pedestrian mall, rooms good size, bathroom quite large. Complimentary bottled water also provided day, handy have.I one afternoon 3-4 free hours, decided take quick walk around French Concession area. If I visit Shanghai again, I would likely look something area seeing I experienced 'central' Shanghai now.",0.2857603686635945,0.4964669738863288,Nov 11 2009
1,1,Great location Great location near Nanjing Road (though good Sofitel). Great breakfasts choices tastes. Nice clean rooms. Had good view Nanjing Road. Overall great stay.,0.5666666666666667,0.6300000000000001,Oct 5 2009
2,2,"Very Near shoppings park museum. Decided try 1 night nights stays Westin. Location wise great, right next Nanjing road, nearby People's park wil find Tai Chi excercises morning. Also Shanghai museum within park.Staff extremely helpful also encourage join membership ( free) order get room disc free upgrades. Everything expect 4 star ( would rate it) value money. Henan metro station closeby. Alot attractions within taxi rides RMB 11 ( The taxi fares shanghai starts RMB11)",0.2656349206349206,0.6006349206349206,Sep 17 2009
3,3,"Great location nice I read reviews got bit worried, fine. Found staff helpful location excellent. Very reasonable price too. I would certainly recommend it.",0.5484920634920635,0.7669047619047619,Aug 3 2009
4,4,"Avoid Hotel There customer service hotel. I medical problem required doctor; response âgo find oneâ assistant manager supposedly âthere help you!â. I checked went Westin Hotelâ¦a world difference, better rooms, much better service, doctor arrived within half hour.",0.20833333333333334,0.2916666666666667,Jul 31 2009
5,5,"Ordinary minimal customer service The location great, nothing else stands out. The rooms average (we stayed much nicer Ho Jo Ningbo) breakfast included. This four trip part package. We confusion reservation, even though made concierge counter Ningo HoJo, little attempt part staff help clarify. We fluent Mandarin speaker us, language issue.",0.03821428571428572,0.5814285714285715,Jul 3 2009
6,6,"Amazing location Shanghai Welcoming lilies lobby, free upgrade business floor, two steps Nanjing road, good feng shui roomsâ¦ We could ask more. There plenty around blend Shanghaiâs localâs lifestyle. We went Peopleâs park early morning watch people practice Tai Chi, walked around Nanjing road morning find people dancing. There good inexpensive massage places around area (I highly recommend Xuanni US$8 one hour foot massage Ahen na(#8) Lej yuanjiu (#9) construction first floor there, donât scared, place second floor quite nice.)",0.38272727272727275,0.5339393939393939,Jun 18 2009
7,7,"excellent great service posh hotel, great service, however adjacent open market people chase marketing, try high floor excellent view",0.6266666666666667,0.7566666666666667,Jun 2 2009
8,8,"Good stay The superb location - could hardly better. Near Bund, Nanjing Shopping Street etc,. The good - impressive lobby, good modern rooms - many great views. I got good deal room booking online. I eat breakfast - I thought expensive - enough nearby places eat breakfast in. I would certainly recommend want stay centre Shanghai.",0.4882857142857143,0.6200952380952381,May 16 2009
9,9,"Great Experience HoJo fine. A little pricey hotels Shanghai little pricey. HotelService great. English spoken staff attentive helpfulBreakfast excellent, international mix dishes relaxing atmosphere.Check-in Check-out fast, efficient, incidentRoomLarge clean. I found room little warm, I found rooms I stayed visit little warm. I think time year (April), transition Furnace AirCon.Television mix international channels. Clean bath necessary amenities.Noise issue, quiet room.LocationVery close Nanjing Road, lots shops restaurants nearby.Walking distance Bund many sites.I definately consider next time I Shanghai.",0.2580952380952381,0.5301587301587302,Apr 29 2009
10,10,"HoJo Rescue Wow--was Howard Johnson Hotel Hilton--what difference another continent makes!My wife I stayed two nights Howard Johnson ditching previous (the Bailemen) one night. We read getting affordable room Shanghai tough spent full morning running Nanjing Lu find affordable hotel.After trying Marriott Radisson hotels, happened upon Howard Johnson. At first receptionist insisted price $1600 RMB, negotiated price $1000 RMB per night (it wanted spend, want spend night another creepy hotel).The clean room well appointed marble tile bathrooms counter tops. Prices mini-bar par luxury U.S. hotels, room spacious, smoke-free, provided cable (including CNN HBO), wonderful view neon nightlife along Nanjing Lu.We also buffet dinner. It amazing, quite good--with range western dishes, sushi, seafood, fresh fruit dessert bar.We would definitely stay Howard Johnson again, welcome refuge previous hotel!",0.1465686274509804,0.5133986928104575,Nov 21 2008
11,11,"One best hotels I visit Asia I business travel 4 countries Asia. And time, I say best hotels I visited. Very classy clean room, sharp funcional bathroom, lcd tv, great attention personnel (all talks english), well located near (couple blocks) Mc Donalds Starbucks, wants remementer taste home. The thing I guess improve menu cafeteria; serve thing almost every day, even breakfast.",0.31560606060606067,0.49318181818181817,Nov 18 2008
12,12,"Great price This 4th time Shanghai year. Prior visit, I stayed Pudong side (work related reasons) Shanghai Holiday Inn. If coming Shanghai sightseeing/vacation, stay Pushi side Shanghai. The neighborhood:The hotel's convenient located. It's right across Nanjin Lu witch touristy area. I found 3 Starbucks 1 Coffee Bean within 4 block radius. Nanjin Lu surrounding area great shopping. There subway station get within 5-10 minutes walking. The Hotel:This first time staying Howard Johnson. I would recommend friends came Shanghai. The room I got clean, smell like smoke, view room 10th floor nice. I believe rooms window faces north (like mine), overlooks nanjin lu. happy number TV channel aired english (about 7).The staff friendly helpful english good chinese standards.Room service 24hours. Their menu okay, little shorter room service menus.Asides eating room service, I tried buffet similar hotels I've stayed China. It $20 US (depending exchange rate). The quality selection food okay. Asides convenient, I recommend price.I time try amenities services offered 3 night stay.Overall, I'd recommend almost anyone visiting Shanghai. The group I recommend would Honeymooners.",0.2459569597069597,0.5036172161172161,Sep 4 2008
13,13,"Not bad great I went shanghai business/pleasure. Intel arranged stay 1 week. My room great view nice/clean bathrooms. Excellent location!!! The restaurant crap, I rather eat out. Not really 5 star hotel, like 3-4 star.....",0.3642857142857143,0.6666666666666667,Jun 23 2008
14,14,"Wonderful position This perfectly located centre Shanghai.10minutes walking distance Bound.It's perfect 1-2 night. perfect place stay.Rooms big, clean, many amenities.Restaurants good take buffet....otherwise definetly better resturants area.",0.6066666666666667,0.74,Oct 18 2007
15,15,"Confusing.... The location excellent. However, plenty little issues need addressed. Our booking was, straightforward, booked travel agent, 2 connecting rooms (2 adults, 2 kids) airport transfers. I told connecting room hotel, amazing considering size/ number rooms. We settled adjoining rooms. As I received one key, I assumed room perhaps connecting all. Upon arriving room, discovered ONE room, king-sized bed... Back reception counter ask second room. Ah yes... No adjoining room available. Not good. Upon departure I noticed posted airport transfer charges bill, I settled advance travel agent already. This took 25 minutes clarify reservations department travel agent's office. Despite I provided voucher etc. They really ought look Front Office operation.On positive note; breakfast good, housekeeping.",0.17478114478114476,0.5281228956228957,Sep 26 2007
16,16,Fantastic We booked deluxe room given small suite 17th floor overlooking Nanjing pedetrianised shopping street. Absolutely fabulous. Room large beautifuully equipped wonderful service. Fantastic location - could bettered. Restaurant excellent buffets terrific incredible value (different theme every night). Marvellous lobby bar first rate service. Not cheap real value money. Highly recommended. Din't miss skyline Hangpu River 10 minutes walk. Fantastic day wonderful night.,0.3843697478991596,0.7583473389355743,Sep 20 2007
17,17,"Outstanding Attending wedding held one restaurants, large family group spent 4 nights Ho-Jo could pleased. From reception staff doorman wait staff, everyone friendly professional. The rooms large modern. Most importantly, immaculate, something always seen China's hotels. The bathrooms large rather elegant. Some us views Nanjing Road brilliant lights. One highlight buffet breakfast. There literally dozens breakfast choices including Western Asian dishes, chef whip omelet choice. The coffee tea fresh brewed delicious. The location perfect. Just block Nanjing Road, unlimited shopping possibilities. A walk river took less 15 minutes. Also, short walk subway, giving us access entire city. Overall, best experience China would hesitate recommend fine anyone visiting Shanghai.",0.34271428571428575,0.4980952380952381,Jun 15 2007
18,18,"Good place Rooms comfortable well equipped. Great buffet, western style breakfast. Good location shopping.no free internet though. Comparable 3-star US hotel.",0.5,0.5916666666666668,Oct 12 2006
19,19,"The 'HoJo' - pretty good choice! Having read previous reviews bit worried 5 star self rating, fact number people complained despite booking non smoking room ended smoking room. On basis reviews I rang two nights arrival confirmed booking twin beds/non smoking. On arrival advised full twin/non smoking rooms available. The proposed take king bed room (not suitable mother teenage son) smoking room twin. I thankful I rung confirm booking could reiterate negotiations. In end, without much difficulty, placed suite roll-out bed first night re-located twin/non smoking room next day. Throughout 7 nights staff friendly helpful. Rooms great equipped/re-stocked 4-5 star ammenities, inlcuding robes slippers (noted previous guest absent). The well located city - particulary relation metro, cabs (very cheap) always available outside hotel. The downside overpriced poor standard buffet breakfast ($30AU per person). Other options local neighbourhhood great either - though find 'french baguette' bakery two blocks away.",0.1687179487179487,0.4231410256410256,Sep 28 2006
20,20,"Very nIce 4-1/2 stars Stayed 5 nights business/pleasure. Rooms nice. Marble bathrooms (though toilet sometimes ran flushed so). Bottled water replenished two times day room. Great location, close tourist spots. Fitness center decently equipped (free weights, treadmills, bikes, rowing machines) nice sized indoor pool. Multiple saunas hot tubs (not quite hot enough). Never saw anyone using it. Breakfast buffet fine. Nothing gourmet nice same. Staff friendly helpful, made great recommendations would write directions Chinese taxis. The staff demeanor seemed reflect attitude whoever speaking to. If someone overly rude angry, person became stone-faced. However, I found friendly tone met friendly response.My disappointment expensive laundry (US$2 underwear, $US5 t-shirt) though quick. I'm sure nicer hotels better amenities, one good. Between 4 5 stars.",0.25776881720430106,0.6035663082437277,Aug 2 2006
21,21,"Mediocre I recently stayed Howard Johnson Huangpu District Shanghai. I found mediocre despite rated 5 star hotel. While checking in, found staff unfriendly. They put us smoking floor. We requested transfer non-smoking floor I asthmatic man behind desk acted like imposition. He checked computer told us curtly impossible fully booked. We scheduled stay 5 nights, I requested informed vacancies non-smoking floors stay. While man (his name Michael) replied affirmative, wore heavily burdened expression request totally unreasonable. We never heard again. The breakfast buffet unsatifactory. I fould choices wanting food bland oily side. I would think twice staying Howard Johnson again.",-0.20370370370370366,0.7703703703703704,Jul 30 2006
22,22,"Excellent fantasitc staff good breakfast great location This exceeded expectations start, however order remain objective I put forward areas need improvement. The check-in efficient rooms grand, commanding spacious. The facilities 5 stat - restaurants, gym, concierge, pool more. The decor grand quite Chinese style much suits city.The breakfasts good, fruit selection however good could be. The selection &quot;basic&quot; fruits, road found local fruits exotic fruits I would liked seen buffet. The concierge helpful efficient went beyond duties. The club floor needs improvement nightly cocktail selection quite good hotels. The location good - 5 minute taxi The Bund, French Concession, Nanjing Pedestrian Mall, Old City within walking distance.Would stay happy. No problems.",0.44562499999999994,0.5235416666666667,Jul 10 2006
23,23,"Surely 5 Star Hotel room good toilet inside room got flooded easily.unlike 5 star international hotels visited parts worldi, provide bath robe sleepers made kids.. spa facility 6th floor poor especially decor facilities. For example, wait 10 minutes hot water shower areas. There one bottle appears shower gel shower room. The bottle labelled one guess was. If indeed shower gel, something else one could invariably find 5 stars hotels obviously missing. It seemed entire spa facility inherited previous without substantial improvement works decor shower facility look old.Aapart cotton tips tissue box, toiletries face cream, lotion, women's changing room. I understood husband also razor shaving cream provided male changing room. choice food room service limited food expensive. example, bowl corn soup costs RMB95 whereas best Chinese restaurant voted Talter Shanghai sells RMB38. generally, staff speak fairly good English 8 years old daughter called service centre (they call housekeeping) asked tooth brush, staff tried correct English saying &quot;you mean teeth brush?&quot; I said &quot;three people&quot; reply receptionist's question coffee shop sat us down, tried correct English saying &quot;you mean three persons&quot;.there priority taxi even guest queue taxi behind non-hotel guests. witnessed fight local people valet parking staff became physical whilst queuing taxi.there system lend one brolly room whilst raining. So even stay spouse may heading different directions, work spouse going use brolly soaked rain.one thing worthy mention answer given lfit attendant asked many stars has. Her initial answer 5 star asked sign put tell guests many stars has, answer built accordance 5 star standards applying branded",0.025283730158730155,0.44925396825396824,May 8 2006
24,24,"Enjoyed Howard Johnson This exceeded expectations. The rooms comfortable clean. The resaurants good; morning breakfast exceptional. The staff accomodating helpful directions, etc. The conveniently located good location walking around city Shangai.",0.5819047619047619,0.7514285714285714,Apr 29 2006
25,25,"A Good Hotel Experience I stayed 5 nights satisfied room service. It's best Shanghai, bad.The lobby nice seating areas coffee drinks. Food restaurants sandwich/chocolate shop good reasonably priced. The concierge helpful - happily accomodated requests wrote destination Chinese card us give cabdrivers. Laundry service bit pricey everything returned promptly.The room decent size, bathroom. Water NOT filtered here. The closet small cannot close doors suit jacket hanging, inconvenient closing doors extinguishes light. There in-room safe.The beds hardest I ever seen - like cement pad! Linens nice, towels fine.Internet access business center pricey, local calls made reasonable charge business center. Be warned - pick phone room dial 800 number cost Y$35.Location good Pu Xi side. Sometimes cabs plentiful, sometimes not.My complaint - told us non-smoking room. As went room, worker ran front us, gathered ashtrays, said &quot;Now non-smoking!&quot;. You bully way non-smoking room - pregnant people group got actual non-smoking room.",0.24812500000000007,0.5619444444444444,Mar 31 2006
26,26,"Great excellent service I stayed beautiful property 6 nights really enjoyed it. The rooms modern nicely decorated dark woods. The service overall outstanding. The employees welcome you, open doors you, even call lifts you. Also gym spotless well equipped.The Bund walking distance numerous shops right outside. The negative insanely inflated prices bar, walk outside minimart buy beer almost nothing.",0.226984126984127,0.6089285714285716,Mar 28 2006
27,27,"Better JW Marriott Half tour group 50 people dropped stay JW Marriott. I explored JW feeling dismayed half group headed Howard Johnson Plaza instead. Those feelings dispelled soon I entered HoJo's beautifully appointed lobby decorated Christmas. My husband I two double beds room over-looked busy NanJing road. The room spacious comfortable tub/shower combination bathroom. We breakfast buffet hotels HoJo's beat JW variety, freshness, ambiance. The location also much convenient city's amenities! This Howard Johnson nothing like HoJo's back home! I'd stay again!",0.23796296296296296,0.38148148148148153,Sep 28 2005
28,28,"It's like state-owned enterprise - avoid The decoration good uninspired. Lots like China. Nothing special here. But service terrible.We one executive suite 4 rooms. But never told $72 special beforehand, paid around 30% more. Later, saw special prominently advertised airport leaving Shanghai!On arrival around 5 pm, wanted meeting tea snacks coffee shop 8 people went trade show. They let us large table can't sit together, saying booked buffet dinner. We hour promised leave dinner time. But, no. We asked, then, put two small tables together us. Again, no. When demanded reason, reply incredible &quot;We sort thing grand like this.&quot;We returned late hoped catch supper Chinese restaurant. Although 15 minutes last order time, let us in. Back coffee shop. For 4 us, gave us 2 menus look at. We requested 2 more, ignored waitress. So talked manager, first said searched around menu around. We told can't possibly right 12 tables diners one needs menu? He thought that, gave us tale &quot;another department&quot; borrowed menu, even though dinner time. Even felt embarrassed telling it. A minute later changed story update menu, dinner time. This preposterous glass Evian water $6. We ended complaining hotel's night manager, course apologized. He said &quot;now I know problem is.&quot; I simply told him, &quot;No, know hotel's problem now.&quot;Howard Johnson go back budget segment, even China. In future, shall avoid cost. Or least send someone North America take look this!",0.15033068783068781,0.47539682539682554,Jul 19 2005
29,29,"Not Usual HoJo! This might best kept secret town location value. Don't get scared HoJo connection, lovely opened since 2003. It one best location Shanghai, steps famous walking street - Nanjing Road find everything Pearl City(great prices selection) Silk King(custom made clothing day); Pizza Hut local delicacies. An easy walk People's Square Shanghai museum west 20 min. walk Peace Hotel Bund east. You even walk Yu Garden old city within 30 min. When first walk hotel, beautiful lobby area immediately tells usual HoJo - grand entry way Italian marble floor. Hotel rooms modern, spacious nicely decorated high speed internet connection; upgrade jr. suite, even nice sitting room TV amenities. It also beautiful full service spa gym. Breakfast good eastern western hot cold selections. In addition, egg station cook order. Hotel staff generally helpful friendly. Once I stay here, hard go another Shanghai - can't beat location, pay for, superb deal!",0.2773924731182796,0.5863978494623656,Jun 18 2005
30,30,"They try hard...... I stayed several times, time I get satisfied last. This ostentatious hotel, neither top-class quality. I attracted superb location (right next Nanjing East Road). The staff try hard please, I see sincerity. But somehow, lack little bit inspiration see among service providers world-class hotels. In terms facilities, adequate. To me, much 4-star plus (though say five), attracts lots Americans familiar HoJo brand (and expecting similar home, pleasantly surprised). It also attracts fair bit local travellers, i.e. Chinese businessmen tour groups. Not I dislike stuff, exclusivity helps, case, lessens good experience somewhat... Still, overall impressive act. Recommended seeking decent place without needing pay nose.",0.2224952380952381,0.4963285714285714,Sep 19 2004
31,31,Ottima scelta,0.0,0.0,Sep 1 2009
32,32,????????????,0.0,0.0,Aug 28 2009
33,33,Excelente de corte occidental,0.0,0.0,Mar 16 2009
34,34,???????????????????,0.0,0.0,Feb 24 2009
35,35,??????,0.0,0.0,Feb 11 2009
36,36,?????????????,0.0,0.0,Aug 16 2008
