,Unnamed: 0,Reviews,polarity,subject,Dates_extracted
0,0,"Best View Pudong Bund This first review, however, consider traveler. I stayed several times, 3 times exact. Many reviews inline views. LOBBYThe lobby spacious open. But function rooms floor, get busy crowded event, back lobby. VIEW / BUND SUITEThe view fantastic, get room riverview, however, due shape design building, tricky get view. The best view reserved Bund suite, floors higher 12th. The bund suite provides 180 degree panoramic views, providing views Pudong Bund. The layout nice trendy, High tech, comfortable beds. Everything Bund Suite says, dont leave room. OTHER ROOMSHowever rooms less view. either city view, Bund view. If room happens close elevators, view restricted. If room closer bund suite (and eastern tower) able getter much better view (make sure riverview room). However, room, taking view criteria, rooms nice, relaxing comfortable. Try get rooms 16th floors above.If get club room, wouldnt bother breakfast club lounge, go restaurant western tower-level 2. I must say one best breakfast buffets lunch dinner improvement, however, still better 5 star hotels lunch/dinner buffets there. The Restaurant second last floor western tower, extremely over-priced, food good, wouldnt say value money. The Chinese restaurant lobby floor nice, slightly over-priced.Top floor (western tower) Terrace: That must see feature, whether stay not. bring camera, shoot away night. However, I recommend make reservation, even 30 mins less. The staff terrace bar, non-accommodating say reserved. waited 30 mins, still customers came. I wanted take pictures. Btw, shanghai lights dimmed turned 10pm, want amazing pictures lights shanghai, go beforeSTAFFDuring 3 stays, havent found fault staff member, front desk housekeeping, however, concierge, provide detailed information, never seem smile face. overall, much complaints area either. OUTSIDEYes, currently lot construction around hotel. However, anywhere bund construction! World expo begins May 2010, shanghai construction site, next hotel.",0.2602083333333334,0.4271643518518519,0.4271643518518519
1,1,"Fantastic view The room large small seating area (two small armchairs footrests) fantastic view looking Bund Pudong. It fun watching boats drift river. At night buildings lit fun get wonderful view rooftop bar. The bed bad maybe I acclimatised hard beds nearly three weeks China. However hardest pillows entire trip! I found light switches bewildering. I unable turn lights bathroom loo first night. The light switches almost every wall makes even difficult press certain way turn on. So wonder hard find right one. The loo blocked first night fixed following day thereafter worked fine. There shaving/vanity mirror sink little small tap slightly close bottom sink that's modern style. There nice big flat screen TV DVD player played region 2 DVDs (Europe) nice well MP3 player. Typically internet access business centre NOT free surprising given cost room seems standard China. Also, breakfast, although extensive good eye watering twenty two pounds per person! For lots fruit, waffles, croissants, pastries, freshly cooked eggs well Chinese food.Reception efficient courteous I greated politely (unlike places trip) room reservation confirmed. I disturbed building noise going result Expo 2010 I 10th floor.",0.13792857142857143,0.5234973544973545,Nov 14 2009
2,2,"Best view town The riverside Bund complete construction ready World Expo 2010. Unless willing walk construction, may want wait choose hotel. However, river view rooms offer best views Huang Pu constant fascinating traffic. The rooms spacious modern service excellent.",0.49444444444444446,0.5259259259259259,Nov 1 2009
3,3,"Love although Expo construction sometimes pain I'm frequent traveller Shanghai typically stay Hyatt Bund. Have also stayed multiple times Grand Hyatt, Westin Bund, Pudong Shangri-La also lovely way. I stay combo Club lounge, service, views, proximity Bund, gym. The club lounge serves nice breakfast eggs order evening cocktail hours also nicely done. I also use meeting rooms frequently found also first rate. The gym quite large rarely used guests (not sure why). Pool also large hotel. The regular rooms nice, clean, well furnished pleasing eye well functional business needs. Love teas room always bring home wife.When I travel Shanghai wife I typically try upgrade Bund River Suite AMAZING. Wall windows onto river, telescope, comfy chairs, bathroom dressing area size studio apartment, bar area, etc. The con construction going vicinity. This somewhat impossible predict visit visit although I typically always leave additional time going somewhere Shanghai traffic going anywhere impossible predict. The bar top floor also amazing views believe not, outdoor hot tub surrounded lounge area. I try sometime yet figured without walking bar swim suit.",0.2083415435139573,0.6671133846995916,Oct 30 2009
4,4,"The Best View Hotel Shanghai Probably newsiest 5-star Puxi (but Peninsular open next week). Location: Itâs developed North Bund, âoldâ Bund. However, âoldâ Bund bridge 5-min walk away. Since walking bridge tourist attraction anyway, location actually quite good, particularly nearby construction finished (before Expo 2010?). We didnât problem get taxi, drivers know existence hotel. Facility: Although itâs Regency grade Hyatt (we didnât know booking), easily match beat Grand Hyatt US to. We river view room 20th floor. The view incredible, weather good sky clear (not always). There 8 rooms higher floor river view (note view really river, rather lighted buildings architectures side river). Most 8 rooms view Puxi Bund; two view Pudong. One, suite, tip building best view: Pudong Puxi (probably, room Shanghai view)! Restaurant: try buffet 2nd floor (just arrived didnât want go out), good. It appeared foods (Japanese, Italian, continental Shanghaiese) prepared real time open kitchen setting. The bar roof top best view (the suites). The music played DJ (different DJ/different night) OK. If one doesnât stay river view room, itâs worth get $10 drink enjoy view. Service: The services good expected 5-star Shanghai (or 4-star US hotel). Check-in little slow (we hit bad time, one staff airline crew, one Japanese tour group another rest us). Many staff friendly getting experiences (the 2 YO). The young man business count attentive young lady back. Overall, itâs nice everyoneâs list looking Shanghai hotel.",0.25936274509803925,0.4572875816993463,Oct 17 2009
5,5,"Hyatt Bund Bund unfulfilled promises Location optimal Hyatt Bund Bund 5 min walking Bund, Bund construction area World Expo 2010. At check-in I asked upgrade clubroom I promised would entitle room nice view: I got view wall one side, parking place front little river, Bund site. The club located 3rd floor; view, limited breakfast choice, employees seem wonder I eagerly took away saucer I drank cup coffee. I requested downgraded business package extra club charge worth it. I re-allocated smoking room, although I asked non-smoking reservation and, detail, newspaper included package delivered. Upon complaint reception I told would inform manager next time I would hopefully better experience them. Well, donât think next time. The reason I give overall rating 3 5 clean, rooms big staff general friendly service minded Vue bar made irritations: fabulous view great staff, certainly go there!Tip case stay here: ask room Western Tower gives nice view City Bund (the clubrooms Eastern tower view boring side).",0.09008799171842652,0.41475155279503106,Aug 29 2009
6,6,"Fabulous Hotel bad timing. For summer 2009, possibly worse location Shanghai. Due impending Expo 2010, apparently Shanghai getting brand new infrastructure. Sadly, Hyatt Bund victim this. Fabulous hotel, attentive staff outside front door appears largest city wide construction project ever. The city, particular The Bund, undergoing extensive intensive infrastructure replacement, virtually new city 9 months. Very difficult area walk in, cab rides slow expensive due construction, good neighborhood. Sadly, great lousy location.",-0.08752754820936638,0.5642011019283746,Aug 28 2009
7,7,"Amazing stylish haven... GORGEOUS Now THIS like it. China increasingly setting pace comes luxury hotels. The Hyatt Bund like Park Hyatt Hyatt. Beautifully designed, amazing touches one would expect &quot;W&quot; convenience value Hyatt brand. My family I loved place there's little we'd put &quot;con&quot; column. Perhaps pool small, perhaps location's little strange (but close Bund) silly considering great is. If love modern luxury excellent food service, look further. I wish I back!",0.3209375,0.6262500000000001,Aug 11 2009
8,8,"Quite fabulous room A Hyatt new idiom cool, clean lines,minamalist. Service expected Hyatt excellent. The rooms star. Even rooms facing Bund looking Huangpu river Pudong Pearl TV Tower still memorable.The room huge. Flat screen TV articulating mount. Fair size desk work chair, requisite power plugs include North America plugs, internet halogenlamp. Small chair ottoman. Neutral tones. Floor ceiling windows. Powered curtains shades.Design impressive. Two sliding/moving panels open expose stand alone vanity sink, separate toilet separate bathtub &amp; rain head shower. The 2 panels mirrored one side. See pictures. Words donot suffice describe delightful room...Location plus minus. Walking across famed bridge Soochow creek(where classic Broadway Mansion sits) onto top iconic Bund must.Minus location nowhere land. Many taxi drivers bit difficultyfinding hotel. The Bund dusty mess construction underway Shanghai World Expo 2010 end Bund.Note China access internet expensive.Buffet befits Hyatt brand;. Didnot opportunity try facilities.A 5 star quality room China. I would stay despite location qualityof service ROOM.",0.27440711462450595,0.5411396574440053,Jul 10 2009
9,9,"Luxury plus We 4 nights Hyatt Bund April year, wonderful everything spot on. Its 10 minutes walk Bund main shops magna train currently stops well short Bund I misunderstood said take taxi train startion ride cost fortune!! taking mag train also take normal train nearer station 5 minute taxi ride. The pool fantastic attentive staff looking you. There bar top look onto water watch parade boats night choice restaurants ( much choice restaurants near although good Italian opposite obvious) It expensive homework discovered hotels Shanghai shared facilities beds smaller length hard preferred China. This big fluffy European sized beds extras would expect standard hotel. Highly reccommended expensive dont stay first class kids later ;-) It seemed like Shanghai totally renovated lots road works (World Expo 2010) made dusty city afternoon smog photos told tale obvious there.",0.05888888888888891,0.4503178418803418,Jul 7 2009
10,10,"An excellent world class option Shanghai I always partial Hyatt Hyatt Bund opened up, I wait try it.First, location. The Bund translates two things book. Great views lots traffic need go across river.The relatively new I stayed consequently everything perfect condition. The lower level lobby really interesting nice place coffee.The rooms large bigger traditional hotels Shanghai. The Hyatt interesting concept bathroom actually seperated main room primarily movable screens/doors. Its great travelling solo probably family.The Club lounge cosy good variety drinks snacks. It actually feels like members club. The restaurants good food nice without exceptional.The buffet breakfast really worth price.And yes, get excellent Hyatt service one would expect brand.I would hesitate recommend anyone.",0.41379634857895736,0.5898456615847919,Jun 25 2009
11,11,"locationlocationlocation As staff major airline, relocated Hyatt. Beautiful hotel, location good business includes work The Russian Embassy. It across street! This area redeveloped, probably soon enough most. Bus stops street over, staff seem know help navigate route numbers. Hotel obviously stripped rooms goodies others mentioned, rooms even include clocks. If coming Expo 2010, could stay anywhere else closer.",0.3265625,0.5125,Jun 8 2009
12,12,"Great leisure location ideal business meetings Stayed three nights last March. As reviews havve mentioned, level service views excellent. I try restaurants Vue great place get drink.The big drawback, significant one, location, situated somewhat isolated uninteresting neighborhood. Taxis also bit tricky find times, although least drivers know now.Rooms decent size, although would nicer std rooms couch watch TV onIf leisure time want stay place fantastic views, would recommend hotel. If number business meetings though, would probably better staying one centrally located hotels Four Seasons Ritz Carlton",0.2604166666666667,0.5708333333333333,Mar 28 2009
13,13,"Excellent! Me co-worker stayed Hyatt Bund 3 nites! I recommend getting room river view! worth it! The SPA best, uncrowded, nice 25 mt swiming pool great steam room sauna!!",0.795,0.6300000000000001,Mar 17 2009
14,14,"Best Hotel In Shanghai Just back Hyatt Bund! All I say THE HOTEL stay visit beautiful city. The &amp; staff top notch...I even know begin - incredible!!!! We one club rooms 26th floor. From moment enter room breathtaking. HUGE floor ceiling windows amazing view Bund. The lights night incredible. Gorgeous bed, huge beautiful bathroom, shower kit every kind soap, shampoo, lotion want. Bathrobes slippers, flat screen tv, bottled water, mini-bar, cd player - name - room - first class way. The even small birthday cake husband room checked in. Amazing service. With club room get breakfast buffet evening cocktail service good. The way go. You private club room 3rd floor laptops, tv/news, new papers, bottled water, coffee, juices, fruit every type breakfast foods want. The evening cocktail hour incredible - full bar available included club room price. Great wines, beers cocktail wanted. So nice sit night cocktail look Bund lights. This right Bund best view possible!!! Cabs cheap located good location takes minutes get anywhere $2.00 $3.00. We amazing time beautiful hotel. They also huge indoor pool spa downstairs also nice. The staff well trained anything you. It amazing experience even consider going Shanghai. Please feel free email I answer questions. The Hyatt Bund #1!!! Thank Hyatt amazing time!",0.46532061688311693,0.7086934696509164,Feb 26 2009
15,15,"Good view modern comfortable stay SH Good:1) staffs helpful nice.2) room comfortable big, I appreciate design bathroom area, nice3) ipod player room, impressing...4) happy breakfast buffet, many choices taste good5) view fantasticRoom improve:1) computer center lobby floor, charges RMB40 per 15 mins internet access. I expect charge using computer + internet2) location bit central district, bus MTR nearby. taking taxi cheap, I think big problem me.",0.2871428571428571,0.45357142857142846,Feb 18 2009
16,16,"Great Hotel looks new one year old. Rooms modern comfortable. Hotel 5 min taxi ride main bund area, I walked 15 min. You really learn find way to/from hotel, comfortable walking short distance, taxi $2. Due location away main Bund area, particularly interesting prices bit lower competitors inexpensive taxi ride main area. F&amp;B good healtclub indoor pool area. Beware visiting Shanghai Bejing tea art scams exist!! I got fooled tea scam even though I mind money I lost still unpleasant experience. Google scams learn it. They exceptionally good I say!",0.2314354066985646,0.5708373205741626,Dec 28 2008
17,17,"King Bund I recently stayed Hyatt Bund three nights Nov 10-13 using Faster Free Nights Goldpassport Diamond Member. After staying properties previous visits Shanghai includes Grand Hyatt Jin Mao St. Regis Hotel Pudong, I must admit favorite property.Concierge Lounge: Upon check-in, staff identified status escorted concierge lounge (Bund Club 3rd Floor) staff registered assigned deluxe king room. I given full lounge access diamond member provided amenity consisted three apples. The lounge decent breakfast includes American Chinese offerings. During evening, offered hot &amp; cold appetizers, light deserts cocktails I definitely took advantage of. Dining: I checked Chinese Kitchen restaurant named Xindalu. Here I sampled Peking Duck nicely prepared delicious. The staff friendly paid attention needs. Their Hot Sour soup good albeit bit spicier Iâm used back U.S.Spa: What experience! Iâm spa expert, I absolutely enjoyed experience. From quality bathrobes soaking tub oversized room I received deep tissue body foot massage, added plus stay.Health Club: I often judge hotels based club facilities. If case, Hyatt Bund King. I liked newest latest equipment included tv monitors cardio equipment, star tac circuit training equipment free weights. I worked every morning. No one knew red bull energy drink that's okay.Room: I stayed deluxe king bedroom. It flat screen LCD HBO, Cinemax, Stars CNN English channels plus DVD player. The marble bath sliding doors separate shower/bath nicely designed. I great view Bund.Area Improvement: Not much. They could use ATM wireless internet room versus Ethernet connection. Maybe distance something desired tourist part Bund. There nothing within walking distance I wished explore. But, taxis plentiful inexpensive. Overall I would definitely consider staying 5 star property again. Even I full paying customer, I would come back. Iâm new Park Hyatt Shanghai two nights returning U.S. Weâll see new property takes title All Time Favorite play stay Shanghai.",0.23972107438016532,0.5191460055096417,Nov 13 2008
18,18,"The Best Views Shanghai An oasis calm bustling mayhem Shanghai. I always book executive club room little touches - free cocktails overlooking towers Pudong, selection teas room free internet access - overall saves money make use club lounge.The top floor French restaurant worth trip views Bund alone, little piece Parisian food fancy (pricey) change Chinese cuisine,",0.22954545454545452,0.38636363636363635,Oct 27 2008
19,19,"A Great Hotel My Preferred Choice Shanghai What fantastic stay Hyatt Bund. We three nights/four days loved layout. The spa facility top notch. I used spa three mornings everything locker room pool treadmills outstanding. I wish tub pool area hot, I picking here.The room gorgeous layout wonderful two head shower. The room service fast delivery pickups. The Executive club I highly recommend, fantastic selection breakfast coffee teas great. The views amazing hotel, especially The Vue Restaurant(food good improve time sure, falls short great opinion) The Vue Bar 30th 31st floors.Check Check easy attentive staff greet walk check in, pull line happen waiting. This easily become first choice Shanghai.The NegativeNo duel gender hot tub. There sooooo many light switches room. It makes difficult locate go bed. Only 4 elevators tower 30 floors poor design. You usually waiting one bit.",0.3691954022988507,0.754616858237548,Oct 20 2008
20,20,"For Amazing Views Hotel Here truly first class Hotel every way unbeatable location. The Hotel modern minimalist throughout quality feel fixtures &amp; fittings. We River View King room &amp; check-in asked whether would good view Huangpu River across Pudong. The check-in agent didnât think allocated room would have, spent whilst relaxed drink cafÃ© (at expense) arranging room high floor great view us. This Hotel views high floor wouldnât same. Some low floor rooms wouldnât high enough clear ugly Cruise boat terminal across road Riverbank.Hotel Pros:Comfortable, attractive rooms large walk shower &amp; bath required. On first glance room appears Spartan closer inspection there, concealed nothing looks untidy destroy minimalist appearance. There even choice 3 fresh China Teaâs &amp; special Teapot make in. You small bookshelf several books concerning History The Bund &amp; usual Hotel magazines &amp; books. The floor ceiling windows afford amazing view futuristic new city Pudong many boats travelling Huangpu River. When enough view electric blind completely shuts light completely.The location Hotel good &amp; OK. It definitely best view corner river location across Pudong &amp; back towards Bund. However âon Bundâ need walk ordinary area 15 minutes get âThe Bundâ We several occasions &amp; raining &amp; noted distinct lack shelter rain.The âVueâ Bar 32nd floor must best view cityscape anywhere. It totally amazing bowls &amp; drinks bad either. You actually go outside onto roof &amp; lie lounger, even spa whilst sip G &amp; T! One floor âVueâ Restaurant &amp; lucky enough premium table right end room riverfront. Once again, view unbelievable â especially lights across Pudong &amp; along Bund. You really ringside seat here. The food top notch, Beef Wellington &amp; perfection. The price high would expect that. Of course, service faultless applies everywhere Hotel.Hotel Cons:In June extremely Hot &amp; Humid &amp; room A/C didnât seem able keep it. At times whilst trying sleep hot. I donât know problem room not.There seems shortage Taxis area. We reservations dinner âMâ The Bund (Fabulous) one night &amp; went Lobby 40 minutes reserved time. We wait 30 minutes taxi queue &amp; ended making reserved time Restaurant. If important engagement I would suggest arranging Hotel car ensure make it.If want near shops 40 minute walk East Nanjing Rd, really take Cab &amp; want big choice places eat near might place you.For special treat Hotel unbeatable. To view photos see - www.flickr.com/photos/kiwiexplorer",0.20019211302793397,0.5121810859124293,Aug 5 2008
21,21,"Great Expect plush towels, comfortable bed, high ceiling trendy decor excellent near bund. There were, however, several areas improvement - 1) fridge tiny. I got cake Tea Room (chocolate - excellent!!) wanted keep room. The fridge half would expect hotels I keep cake room services. 2) No free wifi. In fact, internet available via cable costs around CNY 5/minute. Since free wifi pretty much standard now, I disappointed find upon checking in.Vue Restaurant - good. The place looks like spacious library/kitchen. The food, prepared stage kitchen, excellent. From simple champagne risotto, chilled seafood platter (really fresh) steak, everything prepared well. Their complimentary dessert - chocolate bonbon, served dry ice, nice touch.China Kitchen - I dinner before, good, great considering excellent Chinese cuisine Shanghai. For lunch, traditional beef noodles, appetizer dishes (come 4 varieties) , average. Aside Peking Duck, I would recommend anything else restaurant.",0.28708333333333336,0.6263690476190475,Jul 13 2008
22,22,"Fantastic Hotel ! I stayed Hyatt Bund 2 night short trip Shanghai. At first I wanted book Grand Hyatt Pudong changed mind due price (twice higher).No regrets !! This fantastic A Z: room beautilul (and I booked standard view room), new design, state art facilities, amazing views Bund AND Pudong, efficient service (very friendly well). The restaurant bar last floors spectacular (and probably offer best views get Shanghai... however need book advande) food good yet quite expensive.Some previous reviews mention disapointing location. Yes exactly Bund, cross bridge anyway hotels Shanghai require take taxi order go main attractions.Unfortunatly get chance try Spa pool I busy visiting great city Shanghai.All all, I get chance go back Shanghai, I would definitly stay Hyatt Bund.",0.2765237603305785,0.44617768595041335,Jun 5 2008
23,23,Great Hotel Great value money. The view rooms gorgeous!!!,0.8666666666666667,0.7999999999999999,May 9 2008
24,24,"Great stay convenient location I stayed Hyatt Bund 2 nights April 08. The immaculate clean, modern staff incredibly helpful friendly. I travel throughout China 20 weeks per year, times I fortunate enough stay Hyatt (the Beijing) I pleased impressed level service I received.Only downside take taxi across Suzhou River get trendier sites locations. If stay near &quot;Bund Hotel&quot; better far walking attractions restaurants. Otherwise, short ride sites Hyatt.The rooms clean, modern beautiful. Remote powered shades let view Bund bed, close shades privacy getting shut eye. The bar top restaurant (Vue Bar) AWESOME must see terrace. It lounge beds w/ canopies hot tub. You sip martinis take amazing view (or Vue catchily put it).The breakfast Aroma pricey, definitely worth least one try. They quite spread great. Skip Xindali restaurant. It nice, get much much better Chinese food outside fraction price. Incidentally, Hyatt Beijing identical restaurant I ate left w/ feeling small Peking Duck high price tag.",0.31600925925925927,0.5586666666666668,May 7 2008
25,25,"Good let location layout Stayed 3 nights work conference Shangri-La. A number people already said trouble getting taxi driver find Hyatt, new - I problem getting Pudong, several times stay. It feels little like Hyatt landed outer space rather dusty quiet area. It's actually road (about 3 minutes away) Astor Hotel, around years - would recommend perhaps mentioning taxi drivers know they're going? Inside hotel, quite good first impressions - lobby massive - feels bit like airport terminal building chillout music playing background. Had standard room East wing. It feels bit Japanese inside - warm woods minimalist. The layout standard rooms bit problem, though - bathroom area actually open plan, silding partitions divide privacy. A bit weird, alright. But there's proper wardrobe - hanging area bathroom, drawers, bit awkward get access to, overly fiddly annoying. Had breakfast Aroma restaurant - good selection expect, staff overly keen clear things away we'd finished them. Gym pool basement amazing - vitually empty every time I went, even better. Not good free weight selection, though. The bar top floor (Vue) alright - good views Pudong Bund located. If want look pretty view, remember lights Pudong Bund turned fairly early evening. Not much buzz though, compared say Jade36 bar Pudong Shangri-La - suspect place little way. Concierge helpful - got us great table Jean-Georges restaurant Bund - would recommend tasting menu go (RMB900). But concierge also recommended complete dump place said wanted go buy jewellery - sent us tourist trap Jingan - avoid like plague recommend too. Overall, good hotel, location great. It's far Bund - maybe 10-15 minutes, walk little dusty ropey. Plus, layout standard rooms annoying. Probably stay again. Jumeirah opening new near Xin Tian Di later year - plan try next time.",0.06991232592194127,0.45787535114458183,Apr 6 2008
26,26,"what's happened service I stayed friend birthday party Saturday night made sense. Check slow us checking 1 night rather 2 empty much problem.Went brunch Aroma, smell smoking quite strong guess China. Surprised Saturday close buffet 2.30pm 2pm already running food scraps left station. Service quite heavy handed, insisted filling water glasses top order empty 88RMB bottles water quickly.Gym - booked massage get Spa find they'd cancelled it. Asked wait 15minutes. Had go back desk 20mins put massage room. Nowhere sit I waiting therapist. After 10mins, felt like hour, went back desk. Massage finally got underway 40minutes due start. Therapist good though.Found quite odd locker room boys watched getting dressed undressed. I'm European hang ups nudity seemed little odd. The place dead perhaps nothing else would preferred refolding towels something.Bar - asked whiskey sour, barman know make I explained good job. Second one spot too. When I ordered 3rd told 'come back later'. ??? I waitied eventually made drink. 4th even better, flatly refused make drink saying already made three I drink something else instead. I called bar manager convinced make drink. Didn't bother another one!Previous reviews commented great service. I'm wondering whether Grand Hyatt sent staff first opened no-one idea service. For example came lift waiting lobby friend someone rushed check desk, raced us asked us could help us. I think trying helpful made us feel like intruders.All I stay even special rate 880RMB",0.10662588183421517,0.42071869488536157,Jan 15 2008
27,27,"Hyatt again...on Bund! It located north end Bund quiet street facing Pu River; book room River view, terrific view sides Bund. However; hardly walk anywhere, even heart Bund fairly long walk. Sometimes Taxi hard come location bit &quot;off&quot;. The Hotel brand new, modern tastefully decorated. The grand lobby true Hyatt, service around superb! room average size, simple elegant modern amenities. I thought variety complimentary premium loose tea leaves jars lining bar nice touch, in-room coffee maker always plus me. Beds comfortable bathroom separate tub shower. The breakfast buffet excellent, Chinese Western selections well local Shanghai specialties. It bit pricy, comparable hotels class. Many freshly made spot. The Tea Garden lobby level great place meeting, couple tea set back US$25. Although Grand Hyatt Jin Mao across river drawfs one height, new property certainly holds lives reputation Hyatt. I choose stay Puxi day...but I might like location rooms Le Royal Meridien bit better.",0.24802364302364302,0.541829992923743,Jan 9 2008
28,28,"Nice views poor bathroom Am writing review sitting room. I wanted try new since friends stayed gave good reports.The so-called North Bund area, couple minutes north picturesque Bund. Huangpu Road known taxi drivers, useful mention Dong Daming Road ask driver go Bund. You'll quickly see twin towers Hyatt logo one Shimao logo other.We room 10th floor West Tower, partial view Bund blocked Huangpu Hotel front large neon signboard top it. I think staying higher zone (20th above) definitely fix this. Our bed faced window hence could see river bed.Overall room new nice, LCD TV swiveled watch bed, desk chaise lounge. Electric blinds operated via buttons bed let black light.My big complaint bathroom. First, closet set inside bathroom, means drag luggage bathroom unpack. While nice able dress without stepping bathroom, I like idea steam getting onto woolen clothes (suit, overcoat, sweaters...). Would much prefer way Grand Hyatt Shanghai - putting closet bed bathroom, doors sides access bathroom bed area.The big gripe bathroom sink. It's rectangular, shallow, simply drain well design. You faced dirty water sitting sink. And water - I never tasted foul-tasting water coming bathroom faucet 5-star anywhere. I tempted use bottled water brush teeth...Didn't dine hotel, I go Vue Bar top hotel. Very nice view Bund Pudong riverside. Be aware lights turned Bund Pudong side around 10:30pm, get early full experience. Curiously set stairs leading higher level bar (which already 2 floors dining space), open-air jacuzzi surrounded cabanas. I tempted use it, trouble figuring I would get bathrobe without going full length bar. Maybe I'd simply climb fire exit stairs?",0.1541749123891981,0.45093923933209656,Jan 5 2008
29,29,"A new Hyatt spirit We stayed Hyatt Bund five nights November including official opening night - &quot;soft start&quot; period opened facilities including level 32 bar (with great night views), Vue restaurant (Level 30) private dining (Level 31) follow.The two towers, East West, joined central atrium. Technically still Bund area, South traditional riverbank Bund, area undergoing redevelopment. We found pleasant 5 10 minute walk Southern end traditional Bund. It near Shanghai's (rather limited crowded) Metro, still becoming known city's 40,000 taxis (and 100,000 taxi drivers).Hyatt builds great staff teams hotels exception. Nothing asked much - room cleaning, restaurant service, front house, bell staff excellent.Our room, one standard rooms (called &quot;deLuxe&quot;) good size, comfortable, pleasant view across lower old buildings river Pudong. The ever-changing river, lighted tourist boats, coal transport barges, small naval ships, occasional small cruise ship entertainment.There vast breakfast main cafe, also multi-station, multi-national buffet lunch dinner, la carte options well. We could fault food ate six breakfasts, three lunches, four dinners.The room design unusual, sliding panel wall bathroom bedroom. When pulled back provide larger space, oddities - place wall can't access minibar etc back bathroom basin stand. Some dark marks bathroom floor initially looked like poor cleaning proved joint sealant spread darkened stone. The architect cunningly hidden broadband power sockets desk (s)he must hated - fold-up panel wall desk. I hope saves 20 minutes took find them.We took car airport - hour way costs $US70. Given much-vaunted Maglev train (which took anyway fantastic) town station quite distance away side river, found car option convenient.If come commitments Pudong side river (as had), long taxi ride (and peak times slow one) get there. We would done better case stayed side, loved stay Hyatt right price (we opening special) back.",0.14466933775444415,0.4825435203094778,Dec 7 2007
30,30,"High Style Shanghai Hyatt Bund, ShanghaiNew hotel, 1 year old, getting full swing. Impeccable service, always someone help direct. Rooms exquisitely designed chocolate, grey wasabi color scheme, large bathroom separate shower tub, window room closed privacy. Flat screen TV, broadband connection, iPod connection play music room (though I replaced one worked). My complaint chaise lounge deep one end comfortable two, lobby couches built giants. Our room king, 17th floor, good partial view Bund Pudong (if squeezed extreme right full view).Glass-enclosed mirrored elevators give view old Chinese neighborhood nearby, fun wander through.Hotel uniforms black/wasabi accents; chinese styling minimalist manner. Different style position tying together: suits desk personnel, long chiffon pants tops cocktail wait staff.Largest, varied buffet breakfast Iâve encountered, excellent quality. Chinese, western, Japanese, Shanghai cuisines. Flavorful whole grain breads baguettes, European cheeses top quality including mountain Toma Italy. Eggs omelettes, waffles pancakes made order. Noodles dumplings broth. Fresh-brewed coffee made cup, fresh-squeezed juices including carrot mango.Health club, free, spacious. Top line machines, smooth easy operate, least two each. Free weights. Glassed-in yoga stretching room mats, exercise balls ballet barre. Attendant presents towel bottled water enter. Adjacent large pool jacuzzi; full-service spa nearby (not free). A lovely garden pool comprises center lower level juice bar overlooks plantings.Only negative difficulty getting taxis new, main road location. I expect grapevine take care eventually.",0.19397186147186143,0.45581394300144296,Nov 21 2007
31,31,"Gold Passport Members Beware Date Stay: November 1 - 4,2007Room Type: River View King RoomUpgrade: noneAmount Paid Per Night: RMB2180.00++ ($292.00) Had reserve two times original room rate much higher I checked I found much lower rate.Reservation Method: Gold Passport WebsiteLoyalty Card: Gold Passport MemberAirport/Hotel Transfer: Had hard time confirming transfer. The still doesnât e-Concierge system book confirm stuff arrive. So I email address given website. 5 days passed I still able get email confirming transfer I email Customer Service staff Gold Passport fix me. They able confirm everything day.Didnât see representative gate, okay since domestic flight. We finally saw waiting exit us. We walked parking building Audi A6L waiting us. The ride okay, quite long bit traffic go Pudong take tunnel Puxi, instead taking bridge, I often pass coming airport. Well eventually got safe problems there. Location: Quite disappointed location. I guess I caught photos submitted I forgot actually check end Bund located. When arrived I found actually ON Bund bit father end. You still cross bridge turn right drive blocks reaching it. Since itâs new many cab drivers donât is, even lot locals donât know either. So might coaching make sure bring cards taxi map printed would really come handy.Check-in: Quick check-in, though bit disappointed I asked higher room floor told higher rooms booked could put 12th floor. They little problem system borrow passport I got room.Room: Room nice, unfortunately I paid River View Room got view hotelâs tower. I would stand window peer right actually see river Pudong. The open bathroom big, though closet bit tight especially carrying thick jackets, good counter bags end. Walls drawn want privacy company, shower stall toilet stalls frosted wonât feel exposed. The counter faucet bit tight enough room toiletries. Bed: The bed great staying hard beds Hotel Kapok Beijing welcome change. Though pillows wrapped different fabric could bit rough, actually good.Breakfast: Breakfast spread huge. Everything want there, though doesnât seem change. There Chinese section, continental Japanese, also pancake waffle station beside bread counters fruits always nice fresh. I suggest get room package breakfast pay separately itâs 300RMB per breakfast.Check-out: Check quick, though I reserved room I remember selecting Bund Club Promo Package includes complimentary broadband connection. Problem is, seem forgotten kept insisting I pay mine. Since I hurry catch flight I paid little 400RMB 3 days.Overall Evaluation: Extremely disappointed stay. I reserved Gold Passport requested I placed high room told upon checking floors booked. However friends got upgraded keys wonât work floor originally got upgraded River View King Room 26th floor I stuck 12th. And told booked? Then make matters worse, got better view think I paying almost 300RMB night. I decided complain following morning General Manager got note Director Rooms evening together bottle wine (a 10 dollar bottle wine). I really felt offended would assume I know happened friendâs case explained gesture service recovery upgraded rooms. And simply promised update preference future stays. That night I sent email explaining I aware happened glad extended courtesy friends seeing I one convinced actually staying (from Eton Pudong). But I also told I understand Front Desk Staff would lie face floors booked? Plus first day I already informed Front Desk Staff I wish moved promised move soon one available. But never got word really upset I would meet people elevators getting checked better floors better views. So happened request?The Director Rooms sent note following morning apologizing asking way make me. But itâs already last day since meeting friends catching last minute shopping I really donât want stay longer move stuff, besides Iâm going I get back night pack sleep. Itâs case late hero. This whole experience really made think twice I keep choosing Hyatt brands. This first time I ever experience bad unprofessional service coming 5 Star Hotel, I mean I think even motels could better. And think I already loyal Gold Passport member.",0.10927876509455454,0.47122913343965994,Nov 4 2007
32,32,"Coolest I've stayed What hotel! Only open couple months (and signs soft launch phase) everything brand new. My bedroom, double upper 20s, without doubt coolest room I ever stayed in. Minimalist design shades brown. Floor ceiling windows electric blinds. A bathroom without walls, well quite washbasin gives appearance middle room. Pillows shower, two particularly important aspects excellent: choice wall-mounted shower head rainforest style ceiling one. The views superb. My gripe, small one that, many switches hard know what. Service could better, grovelling. The lounge bar cool - cream sand coloured. The food restaurant excellent, breakfast lunch; choice magnificent. The lobby glassed area 2 towers reminded bit convention centres I've to. But add awe place. On downside, hard launch November, I woken drilling room 7.15, conference I attended (facilities staff first class) put hammering us. Location is, moment, issue. Getting taxi hard. I walk nearby junction hail cab airport. The part street appears dead end, another taxis really cause go past hotel. And staff make much effort get taxis, standing street hoping one would come by. Also, &quot;on Bund&quot; hotel's title might lead believe step onto famous Bund Yangtse flowing past you. No. The north Bund. There nondescript warehouses water. No doubt gentrified knocked due course, great location present. I'm going back Shanghai December long weekend much I like I staying here, purely location. There far nicer options leasure stay.",0.15596394346394346,0.48369917119917116,Sep 25 2007
33,33,"Best view entire Shanghai If city shyline view fancy, &quot;can't miss&quot;. It simply best view Shanghai - panoramic view Pu-Dong (East SH) Pu-Xi (West SH). It located Huang-Pu district, 3 blocks away north end Bund. Until recent stay here, I always thought Grand Hyatt Pu-Dong best view, new absolutely claimed Top spot. For city skline view water front, I would rate one top three Asia, par Intercontinental HongKong, Ritz-Calton Singapore. Besides magnifant view contemporary decor out, clearly well managed top international standard. Everywhere go, always greeted smile good morning/afternoon/evening EVERY staff run into. Staffs eager help. If one negative I point to, fact new none taxi drivers I hired know hotel. Even road (Huang-Pu) exactly well known, especially less experienced drivers. I give directions (&quot;north side bund, across &quot;bai-du&quot; bridge turn right first road, etc.) Hopefully time become non-issue.",0.2878246753246753,0.42988261738261746,Sep 23 2007
34,34,"Wow! We extended stay four nights 1. view, 2. room, 3. food, 4. service, 5. location.1. The View. Absolutely best view room Shanghai. Take look two panorama shots (one daytime nighttime) I took Bund River Suite 23rd floor. The pictures say all.2. The Room. The Bund River Suite well worth price: four panoramic floor-to-ceiling windows (two desk/sitting area, one bedroom, one shower/bath room) forming semi-circle end floor. The bathroom big standard-sized room hotel. (pictures attached)3. The Food. For that's open less two months, act together. Breakfast dinner buffet best I've China. Cocktails hors d'oeuvres Tea Room listening wonderful jazz singing piano playing...very relaxing.4. The Service. Highly attentive friendly service everywhere. The staff seems proud service. An outstanding job training done here.5. The Location. Located North Bund, two blocks away main Bund, Hyatt Bund closest 5-star famous stretch Shanghai real estate. If mostly interested shopping, set amid high-end shops non-stop hawkers. If interested experiencing contrasts historical modern Shanghai, best town. (Many visitors Shanghai complain &quot;old Shanghai&quot; disappeared hotels surrounded glitzy signs sky scrapers.) On one side Hyatt Bund lies historic area full housing unique Shanghai, combination British row houses Chinese courtyard living reflecting international history city. And, Chinese still living there! A walk around neighbor hoods gives one wonderful sense history. Just three blocks away area Bund set major gentrification...preserving historical buildings putting new. You observe work progress easy walk. There's lots see. (one picture attached taken north side hotel, 23rd floor.)The best experience China!",0.328672138047138,0.4524410774410776,Aug 14 2007
35,35,???????????????????,0.0,0.0,Nov 23 2009
36,36,?????â¦??????,0.0,0.0,Nov 19 2009
37,37,???????????,0.0,0.0,Nov 16 2009
38,38,?????,0.0,0.0,Nov 1 2009
39,39,??????????,0.0,0.0,Sep 30 2009
40,40,????????????,0.0,0.0,Aug 30 2009
41,41,?????????????,0.0,0.0,Aug 4 2009
42,42,??????????????????????????,0.0,0.0,Mar 28 2009
43,43,???????????,0.0,0.0,Mar 16 2009
44,44,??????????,0.0,0.0,Feb 24 2009
45,45,Wer hier wohnt wird nichts vermissen!,0.0,0.0,Jan 11 2009
46,46,Gutes und neuwertiges Hotel mit hervorragender Aussicht,0.0,0.0,Oct 30 2008
47,47,????,0.0,0.0,Oct 29 2008
48,48,beautiful view!!,1.0,1.0,Oct 12 2008
49,49,????????????,0.0,0.0,Sep 26 2008
