,Unnamed: 0,Reviews,polarity,subject,Dates_extracted
0,0,"We pleasantly surprised nice was! My friend I stayed Hengsheng Peninsula International Hotel three nights October 2009. We booked looked ok photos price affordable. We werenât actually expecting much, wanted decent base sightseeing Shanghai. We pleasantly surprised nice was! Everything went smoothly really enjoyed stay. We nice room: spacious, clean, high floor, comfy beds. The breakfast also good; lot options choose (although lot Chinese style food). There even cook making fresh omelets. There rooftop bar, unbelievable views city. Also prices quite unbelievable, view definitely worth it! We even think location ok. We went around city taxi, bus walking. I definitely book also next visit.",0.21534722222222225,0.5794444444444444,Nov 11 2009
1,1,"Nice Hotel great view much longer!! This decent within walking distance Shanghai's main shopping district Nanjing Road. We stayed 21st floor great view Bund Shanghai's skyline. This wont much longer though building massive complex opposite totally block view. If single guy staying offered &quot;massage&quot; every night get elevators, girlfriend managed scare death stare! The bar top floor cool couple drinks night. There probably better hotels better situated one much walking involved views offer good value.",0.28455513784461156,0.48496240601503754,Sep 26 2009
2,2,"Serviced Apartments free anything Surprise...there budget option, 320kwai night double ensuite apartment, contact Frank! I booked Hostels.net got almost clean room, good; fridge, washing machine, dryer microwave n stuff, shower head missing, bottled water, new tooth brushes... say, Shanghai still building site, sauna massage 2nd floor-well promoted, boz outside offering lots girls. Good breakfast cost 83kwai try lunch dinner!The closest Bridge rebuilt problem walking across creek Bund, soon complete. hotels charge internet, Frank doesn't. If want luxury ain't here, infact less 5 years old luxury, swimming pool cost 35kwai expected buy hat, yes swimming! As mentioned before, get good price good pay 500kwai (some pay 1000+)",0.18396464646464647,0.34840067340067343,Jul 17 2009
3,3,"Try different unless get good deal... I felt much expensive got. We paid $110CAD per night. There many hotels choose nice cost less.The room tiny, clean nicely decorated. My personal favourite bathroom: one wall glass, allowing sit tub yet admire sights main window. The maids sweet polite bellhops always flagged taxi us told driver wanted go. There pool, use, went look it, pool staff friendly. Also, seemed &quot;massage&quot; service offered. In evenings, pretty woman uniform hung around elevators advertising &quot;in room massage.&quot; Our room happened next guest accepted massage (we saw masseuse), rather *ahem* loud!!The front desk staff spoke English. However, overcharged us food restaurant, even though adamant it. We flight catch, pay extra money left poor final impression.The bar top fabulous views, attentive waitstaff, high prices. I would recommend going anyways view. The cafe main floor made really good soup, terrible sandwiches (even &quot;Chinglish&quot; standards).The location quite good: close Bund, need cross bridge get it. We could find foot bridge want risk crossing car bridge (we saw one couple attempt) always took taxi (it's 3 minute ride Bund).",0.1522115384615385,0.564415064102564,May 16 2009
4,4,"Nice offers value We found great rate online $33 thought great value money. The nice lobby friendly staff mostly spoke English. It depends want stay, days I found location bit far sites I liked visit. However, 5-10 minute walk Bund. The rooms plenty clean nice. Bottled water replenished everyday. The morning breakfast sub par highly recommend it, unless want easy meal Western style food. There cool bar 26th floor, Captains Bridge Ship theme (not sure why), provided great views Pudong city, though drinks expensive.Overall I enjoyed Hotel would recommend found good deal online did.",0.3289583333333333,0.5942592592592593,Jan 15 2009
5,5,"Pollution Smell Inside Shanghai smoggiest, polluted city I ever - I cities asiaWith mind, want stay clean without dusty feel room.We checked booking wotif.com mystery deal (which said 4 stars I think false advertising), The lobby quite nice, lady reception rude (but ok english). We given tiniest room dustier outside smelt terrible like mix chemical, pollution cigarettes. I felt like knives back throat. Because I asthma, dangerous. I hoping rooms dusty this.we compained reception this, showed us 4 different rooms equally dusty, dirty smelly.We finally complained manager - Her name fanny, At first lovely tried upgrade us suite, showed us 6 different rooms reassured us wanted us stay hotel. After 6 rooms equally dusty, told could stay would affect health. I asked I could refund (it prepaid) said &quot;No, wotif paid us&quot; I asked use business centre find new hotel, kindly let without charge. She told deal wotif I wanted refund. This lie wotif stated refused refunds, obviously want refund me. I rang wotif (in australia) made complaint, wanted know name, suddenly got defensive turned absolute cow. She basically yelled asking for? I made talk phone angry, complete [--] this. The lady wotif kind refunded money, I charged wopping 50RMB 2 minute call australia. At least straight (even though ordeal took least 2 hours) money backI impressed Fanny refusing refund us, making lie wotif wouldnt let us, also told noone complained find hard believe reading reviews here. I would never stay would warn anyone it.",-0.045291943828529205,0.545151515151515,Dec 3 2008
6,6,"Roach Motel Literally! Even desperately need room Shanghai, consider staying cardboard box bridge book room dump. I checked several hours ago already seen TONS OF COCKROACHES running across floor here. Another one scurrying I type. This exaggeration, people. As enough -- believe me, is! -- NOT travel-friendly Westerners. The assistant manager, Selena, speaks English well, others speak all. Good luck trying translate &quot;exterminator&quot; lacking basic Mandarin. Do favor consider staying circumstances ever! Off find another room Internet I get heck outta . . .",0.08571428571428572,0.3892857142857143,Aug 3 2008
7,7,"Comfortable bed nice room I happy stay Hengsheng. For $50 room per night, I nice room. The bath/shower room partly separated bedroom wall curved glass pretty neat feature. The bed comfortable, best I ever slept travels. I one lounges much regarding location, situated little bit way. One must cross little creek reach north side location. Location backstreet sort Shanghai exactly upmarket !I never bothered breakfast strolled across Starbucks coffee shop morning.I struggle much ther China hotels, English problem.I would return hotel. Some road works taking place present Wusong road, maybe could easily reached completed ?The oriental TV tower sort seen, depends viewing point.I fairly comparably pleased deal I received Hengsheng.",0.2794384057971015,0.5938405797101449,Jul 28 2008
8,8,"dissappointment! Don't stay hotel! The location bed, doggy , smelly area Shanghai. The room size bathroom OK. The worst thing - cockroaches everywhere! I saw least 5 room, plus found 2 suitcase I returned Melbourne!",-0.135,0.5399999999999999,Jul 18 2008
9,9,"It international. CTS booked here. The location central. The walk Bund circuitous bridge construction. I took cabs everywhere annoying add 5-10 minutes trip.I idea prepaid room compared rooms. It large big bed separate sitting room. The bathroom fine, clean excellent plumbing. The AC worked, sort of, international standards. The supplied floor fan essential. I heard _14 rank rooms cooler.There minifridge, good; safe made feel comfortable. Good storage space, closet drawers.I found staff helpful varying degrees English. When understood wanted quite accommodating. The uniformed bellhops, one always &quot;concierge desk&quot;, particularly friendly. They helped get cabs quickly.Do check procedure cashing travellers checks.The always good breakfast usual array international foods. Loading AM meant need lunch.The outside elevator roof led impressive views Bund. There's overpriced menu snacks drinks. This begins 5 PM.The 2 streets running south alongside convenience stores well locally focused shops. I needed lidded tea container, bungee cord strong plaid fabric bag ubiquitous China. This great photography also long made polite pantomime request. People generally friendly.There usually someone &quot;watch? watch?&quot; line outside night &quot;ladybah?ladybah.&quot;I heard locker room pool appalling.As written, carpets noticeably soiled. My room also bugs disappeared lights on.I frequently used automatic water boiler tea, especially used complimentary 2 water bottles.The visitors international mix tours. Chinese people arriving often rather large cars.So, mixed bag. I stay I choice. However mild adventure, I say I satisfied. Chinese cities sprawling I could paid much much less desirable location.",0.16438923395445132,0.4126552795031056,Jul 11 2008
10,10,"Pretty Good The good location. A ten minute walk puts Bund--once get oriented figure route. The immediate neighborhood local feel enough removed offer different perspective. I found small restaurant behind called King Dim Sum real winner. The rooms comfortable well appointed. Given cost, exceptional value. If go 26th floor outside deck provides spectacular views city--an added bonus. The English skills pretty basic among staff true many places.",0.2033333333333333,0.51125,May 9 2008
11,11,"bad money Was 4 days may 2008That second time hotelFirst time I standard rooms SO SO Took deluxe room time including internet . Was lot better first time, room spacious couch extra place working deskStaff less welcomingLocation interresting( 10 minutes walking BUND)For 100$ US night , I think I got I paid Mike Montreal",0.24848484848484853,0.3515151515151515,May 8 2008
12,12,"Attention take care room you`ll book! We booked 2 nights standard room Hengsheng (via &quot;rates go&quot;). We weren`t told standard room means dump! As came room completly disappointed. It dark, raunchy, hackneyed completly uncourtious! In front window concrete pillars couldnt see anything. We changed another standard room better see photos still catastrophy: The bathroom full mold! The ancient shower small-sized touch nasty rottenness showering. The kitchenet, espacially fridge also dirty, grubby really disgusting! Not use it!We asked changing superior room also low standard. The staff nearly always rude unhelpful: E.g.: I running treadmill gym rude charwomen came shouted screamed Chinese. She treated like criminal! She stop accosting till English speaking women came asked I guest. Absurd!On top floor find bar, georgeous view Bund. It could reached vitreous elevatour. Anyway don`t recommend hotel!",-0.11097826086956522,0.4926086956521739,Apr 2 2008
13,13,"Not great Location: About 15-minute quick walk Bund Nanjing Road. Similar walk time, bit longer nearest subway station. Located two blocks nice 'massage' district. Lots beggars street well apparent foreign. It's 45 minute taxi ride Hongqiao Airport closer hour Pudong (assuming traffic latter).You definitely experience 'real' Shanghai since major tourist area- walk direction see life really like majority locals.Accomodation: Not impressed even though 5 years old. The room carpet disgusting- never vacuumed (4 nights) I doubt ever cleaned. The room good size, 'double' bed two beds pushed together. There's in-room safe small refrigerator. There also daily bottles water nice, lots toiletries need them. You pay internet (I think 50 RMB/day), also fitness centre slightly crazy hours 11 - 11 pm. We mixture experiences level English skill concierge check desk. They helpful, though, writing destinations Chinese take cab anywhere.Overall: We got paid Shanghai, I would recommend return it.",0.1378623188405797,0.48804347826086963,Mar 24 2008
14,14,"Was centrally located I bit disappointed I read reviews online said centrally located. Centrally located means able walk outside within 5 minutes center shopping area, metro stop, restaurants. Hengsheng near everything except Starbucks across street. Even walking Bund took good 20 minutes can't walk main bridge go way get side bridge circumnavigate way back river. This good place stay want take cabs everywhere. But even cab drivers get upset want go short distances (like Nanjing Road East shopping area). It's long walk (20 minutes) hurry mood walk, deal grumpy cab driver. The room nice small carpet subpar considering call 4 star hotel. The staff friendly enough 4 star would expect sort travel service help book train tickets (a nightmare process China know Chinese) airline tickets. Instead told us go different street. They also charge $7 day internet usage fine except internet slow. We changed hotels 2 nights ended East Asia Nanjing Road East. Although 2 star hotel, carpet cleaner furniture little simpler staff helped us book train tickets location central 5 minute walk metro 15 minutes Shanghai Museum. Plus internet free. Slow, free.",0.07065412186379928,0.48136200716845884,Mar 22 2008
15,15,"Hotel okay Hotel staff spoke limited English, spoke English. I reserved Suite 3 people included internet Travelocity. When checked gave us standard room overlooked Bund 14th floor. I went back front desk told room gave us suite. Communication difficult two persons check spoke limited English. I finally spoke Asst. Manager went 14th floor me. She looked room told &quot;upgrade&quot; view. I asked suite I paid moved us far, far away remote corner. The room got needed renovation, living room area 2 chairs TV worked intermittently. The room 2 small bathrooms. The carpets dirty holes walls pictures taken town. It looked like room middle renovation. We told option. The breakfast restaurant dirty. They sat us dirty tables every morning difficult impossible get cup coffee. The food horrible best. The concierge staff steered us wrong directions 2 occasions. I hope deliberately it, seemed odd happened 2 times! They nice lounge lobby area morning coffee late nite drinks 26th floor lounge nice drink late night. The premise massage people horrible! Very poorly trained rooms dirty. It's 20 minute walk Bund, better take taxi.",-0.1594957983193277,0.6186974789915968,Jan 14 2008
16,16,"A nice stay I spent 5 nights Dec-Jan 2007-2008. I doubts reading reviews leaving China... Here's thoughts stay.Location:Ok. Longer 100 metres Bund though (despite says), soon got tired walking centre. The helpful doormen got us taxis almost every day, cheap! Y11 (â¬1,1)) cab People's Square.And across street Starbucks! :)Cleanliness:When friends booked rooms Deluxe-rooms left. It much expensive i'm GLAD ended rooms. Clean, good beds - carpet rooms gross, walking barefoot almost socks either... Luckily provided slippers.Clean bathrooms! And hot water time.Staff:Friendly overall... everyone would consider service-minded.Warning:You'll pay Y500 deposition upon arrival. We complained, thougt way much got really unpleasant replies. Anyway, prepared. A friend stayed another paid Y200. Food:Don't spend money breakfast. Y80. Too expensive. We came breakfast around 9.30 people still coming us. The trays empty huge amount workers manage fill them. What good. Grab cab go somewhere else eat, first day. The restaurant also overpriced. TV:Yes, CNN Asia HBO. I know thinking: Why go China watch TV?? But 10 hours walking feels nice watch bad movie relax comfortable bed!Would I stay again:Sure, I mind all! But convenience maybe I would choose something that's closer Nanjing Rd metro.Ajust heating going evening winter, otherwise room freezing cold get back in.Have nice time Shanghai, I love city!",0.15885416666666669,0.6291666666666667,Jan 4 2008
17,17,"Delighted Close HongQiao airport.No problems getting non-smoking room.All staff spoke least little English helpful.Room clean, newish, loved soaking bath watching t.v long day's sightseeing.Room stayed nice warm - important winter.Softest bed i've Asia!!Some construction tall building next door nothing found disturbing.A short walk main sights (Bund, tunnel Pudong, shopping streets etc), restaurants/bars.Great local eatery across road, make excellent xiaolongbao (shanghai dumplings) soup noodles - friendly people delicious, cheap food.Don't bother paying extra breakfast hotel- average. There's Starbucks across road get started find better place breakfast.Overall, wonderful 4 nights HengSheng Peninsula International. I stay again.",0.312536231884058,0.5344927536231883,Jan 2 2008
18,18,"A Good Value My parents checked hour ahead me, within 3 minutes arrival front desk, knew exactly I needed key ready. Booked two twins 23rd floor. It large, corner room decent carpet, modestly sized bathroom, clean. Had issue hot water taking while, I've always taken time drawing bath shower. The beds nice firm. The internet connection room unavailable, slight disappointment.Elevators also little slow getting down, sort thing bothers you. Had drink bar top, everything incredibly overpriced unimaginative. Did get use gym pool.Breakfast buffet included, 90RMB/person, completely forgettable. There place Shanghainese soup dumplings rival place two blocks away tenth price. You might better served street food.Overall, I liked much, thought great value. Just stay away bar food here.",0.22763167388167382,0.5941269841269843,Dec 27 2007
19,19,Nice Hotel Convenient Location This nice convenient location. The buffet breakfast little expensive nice selection food start serving 6:30 AM. The staff nice helpful. This older room comfortable HBO channels broadcast English. This also hot water bathroom. The located main road getting taxi easy. They also small gym nice size swimming pool. Their rates reasonable considering offer.,0.20936274509803923,0.655392156862745,Dec 21 2007
20,20,"Ideal Location Experience Shanghai Last April met chap Cuba travelled world business. His favourite city Shanghai. We intrigued flying time Vancouver Shanghai Europe. Fortunately, local T&amp;T Asian Supermarket in-house Silkway Travel Office. Over summer manager (Nat) created ideal Shanghai package two curious seniors. He recommended HengSheng Peninsula Hotel appropriate plans. Nat arranged tours every second day leaving us alternate &quot;Free&quot; days. Tours included intro day Shanghai lunch dinner. Others day tours Suzhou Hanzhou. Our Guider met us Pudong airport driver one hour trip Hotel. The lighting skyscrapers approach downtown visual feast. We arrived 10 pm, quickly checked in. Our Shanghai Guider ensured everything went like clockwork whole visit. She finally signed us approached airport departure week later.Our suite large well appointed. Right us &quot;old&quot; Shanghai street store front side walk vendors. At noon tables appeared half street providing instant restaurants construction workers. The area surrounding likely high-rises within next year. The variety architectural styles Shanghai mind boggling. There must 20,000 high rises another couple thousand construction. My wife spent hours watching street scene us. Even though construction goes 24/7, noise levels bad. There sirens night like experienced London. The breakfast included package offered varying tasty Western Chinese choices. Our fellow guests made breakfast mini-United Nations experience. After checking went roof top lounge drinks. They quite expensive, somewhat short Whiskey. They last drinks hotel. Although several restaurants hotel, enjoyed sampling numerous restaurants within five minute walk hotel. We happy discovered Cantonese Restaurant block offered Dim Sum encountered whole trip. In Vancouver every second Chinese Restaurant Dim Sum. We never use indoor swimming pool seemed like part separate Spa complex. The ATM handy. Credit Card fraud rampant Shanghai. We warned bank would cancel cards first Shanghai charge unless gave specific dates visit. As protection used cash transactions. The convenient pick-up Tour days. On &quot;Free&quot; days Bund (sight-seeing) Nanjing Road (shopping) within easy walking distance. Pearl Tower newly built Pudong business area short ferry ride across River. We took interesting 3 hour cruise Bund mouth Yangze River. Street vendors persistent around Bund. You get used ignoring them. We ignored one much finally sold us three Rolex knock-offs 100 yuan ($13) rather see us close car door him. He started 300 yuan one. We bit apprehensive first trip Asia. Would two hour stopover Tokyo sufficient time make connection Shanghai? Our concerns based experiences London Toronto. We worried. Japan Air Lines best we've ever flown with. Silkway Travel's Guiders Drivers wonderful. We specially enjoyed kindness care provided young Suzhou Guider. We hope tipped enough efforts behalf. We relied Trip Advisor Reviews obtain flavour HengSheng Peninsula Hotel making final decision. All expectations certainly met exceeded. We definately look forward returning!",0.1792616254713029,0.46392892054182355,Dec 5 2007
21,21,"Needs work First good things it:1. Prompt service dealing booking change.Had make change booking fax home, English. I got prompt response English, fax, bothered send interationally. This kind customer service far better I accustomed U.S. Polite efficient.2. Room alright. The windows needed cleaning; carpet could cleaned better. Could closet space. The water (as Shanghai) smelled dirt yellowish color. 3. Nice AtmosphereHotel lobby nice atmosphere, though could offered seating visitors waiting, one often hotels.Not good points1. English ability front desk staff hit missa. I simply asked towel. The staff person said would $100 (or equivalent to). She insisted right, conversation went minutes realized I asking towel. Apparently, thought I asking extra cot something nature.b. Asked confirmation bill. After couple days, avoid last minute problems, I went front desk asked make sure I extraneous charges, like phone, bill, since I use phone. Again, clerk misunderstood me, told I rung exhorbitant amount insisted must paid. After I stated I used phone, wet bar, etc., went print bill. Whallah, quoting another guest's room, mine.What really annoying clerk insists right, involves guest drawn debate, rather listening guest, checking, God forbid, *she* might one error.Restaurant - Breakfast buffetAwful overpriced - avoid expecting quality Western style buffet breakfast. This faux Western breakfast borders disgusting, especially price.Refusal give key cards guest (per room). I alright this, I witnessed another guest deal asking separate room key card wife. I understand rule, staff know deal issues polite manner, 3 4 star ought.This certainly 4 star means.Location - good. Nothing around it. No Starbucks, nothing Westerner unfamiliar China could patronize.Solicitors/Beggars area. I followed male harrassed I leaving day trip, making way street foot. He followed several blocks I finally reached destination, another hotel. The solicitors (by I mean, asking money buy article goods), congregate front hotel.Overall, I'd avoid hotel.",0.09595342522974104,0.5240862573099416,Nov 1 2007
22,22,"Overpriced poor service Small room - beds hard short - typical China. Comforatble everything need. Complimentary water supplied daily. Business centre open till 08:00. No Services book - find restuarants facilities were, English limited. Food ground floor priced, people smoking next us.",-0.08192640692640693,0.3206709956709957,Sep 30 2007
23,23,"Supposed 4star like 2star We arrived late evening allocated room seemed little worse wear. It late decided accept try restful night.The room basic carpet looked washed ages definate tobacco smell halls, even though smoking room smoking floor.We went restaurant meal although food ok, restaurant looked smelled damp.We tried cash travellers cheques hotel, told enough money cash them, wait till following day could anything. This seemed quite amazing supposed 4star.I also found Assistant Manager handed I complained lack funds cash cheques.Generally OK hotel. I would stay again, definately 2 star delusions 4.",0.05104166666666667,0.46875000000000006,Sep 29 2007
24,24,"Terrible..! I stayed wife work colleagues, far worst experience life. This started.Day 1: I arrived group 29, bell boys refused unload luggage bus even take room, lug room hour check in. The room clean, bed made like hole! So wife went reception told want better room, must pay more, did. The refused take credit card, wanted cash, hand upfront. We found paid money get room already paid for! (the members group got room new room!) Upon asing refund, I told &quot;no refund&quot; argued argued avail.The room given us, good, till time discovered leakage issue entire carpet near bathroom wet! called assistant manager came up, look decided move us another room. He apologized room moved us another simlar room. ordered food, served paper plates plastic cups!!! though would go dinner. After returning form dinner, hoping good nights sleep, woken heat 4 am, upon inquiring, told members feeling cold, turned airconditioning! amazed answer roooms individual a/c units!!! After lot shouting, finally turned a/c.Day 2: After really poor breakfast decided go shopping wanted exchange money, headed reception cashier exchange money told money exchange US$ must go bank! The Hotel looks ok, felt cheated Hotel would reccomend anyone.Amit Kabra",-0.010148187033377243,0.6062362758014932,Sep 23 2007
25,25,"Shady shady shady The never gave back room deposit although told would credited back account within 30 days. Now I'm back home, I figure I'll never get money back. Hotel decent seriously, avoid get money back right away. What shady place.",-0.07341269841269842,0.36408730158730157,Sep 11 2007
26,26,"Great Experience Great Location! I bit skeptical reading reviews, seemed best value me, I went ahead booked it. I pleasantly surprised hotel!The room bit small oddly shaped, (I got room single bed), certainly large enough one person I expected value room metropolis. The furnishings modern clean. The bed actually quite soft pillows luxurious. There's small desk/workspace, small cabinet/minibar TV actually channels CCTV! The bathroom also clean clear window view rest room (of course there's curtain privacy). The shower quite hot great water pressure (which I guess expected hotel, quite treat I staying hostels 3 weeks prior). The western toilet also great. As location hotel, I disagree reviews. I think location great! The 'dark alleys' mentioned reviews small side streets like find urban area. They brightly lit up, I feel threatened time, even late night. But location great It's VERY short walk Bund! You go straight side entrance hotel, follow street forward blocks, turn left block bridge crosses Bund. It's 10 minute walk beginning Bund far nearest metro station (Middle Henan), several major attractions nearby easy get to.The one complaint true taxi driver tries go main entrance, he'll need make U-Turn come back, tough. However, I taxi drivers simply turn side entrance, much accessible. I driver refuse take there.The breakfast buffet similar every Chinese/Western breakfast buffet around- nothing spectacular, decent enough.The one odd thing I put DND sign I feel room needed made up, I came back, I found made sign back inside door. It really bother since I nothing value room, found curious. There's easy use room safe well, case.",0.13063462000962,0.4306565656565655,Jul 14 2007
27,27,"Very pleasant stay From moment arrived hotel, service always prompt courteous. The room spacious, clean modern. We also best chinese meals restaurant, good service. Definitely mind staying I visiting Shanghai good value rate paid.",0.484,0.5890000000000001,May 7 2007
28,28,"Pretty Good Hotel This first stayed China, bad start. The rooms clean enough, although carpet bit dirty - something later discovered pretty standard China. The hallways bit unusual smell them, rooms fine.Our room small, plan looked like one smallest rooms floor. It bath along shower, soap/shampoo/conditioner one - never good thing hair.The gym staff spoke zero English, gym pretty basic. The pool looked OK, apparently werent allowed swim unless brought (or purchased) swimming cap.Before coming I'd read bit location little concerned, bad I expected. Admittedly, *direct* walk Bund/Nanjing, know get actually reasonably easy. The Bund 10-15 minute walk, Nanjing 20-30 minutes. The area well lit time feel unsafe, even walking back around 11pm. Probably annoying thing location lack nearby metro station. We reasonably happy however visit Shanghai again, we'll probably look something bit closer Nanjing Rd, convenience sake.",0.03437500000000001,0.5321428571428573,Apr 25 2007
29,29,"Worst service ever When making reservation asked latest checkout give plane leaves 23.55pm. I told would checkout 6pm, would charged (even confirmed asking again). The next day checked 3.45pm charged half day. Upon asking why, said late checkout 2 pm. After making many objections ones told could check 6pm, nothing help me. Even asked: written proof given checkout 6pm? (answer naturally no) No? Then pay bill. After that, got ganged 3 receptionists unfriendly, almost hostile attitudes.The rooms bad. The location however good. Its 15 minutes walk Bund Nanjing Rd without directions. Walking therefore option. The way taxi, hard time find taxi go back hotel. Asked 6 taxis finding one willing take me.I rate okay, due ok rooms. For rest, terrible experience. Would advice anyone stay hotel.",-0.05396825396825396,0.6095238095238095,Mar 27 2007
30,30,"Not good area/service Upon arrival told didnt double, ordered twin. After requesting money back manager eventually 'upgraded' us original choice. No apology offered. Early check possible ate horrendous food bar awful piano plays tunes repeat repeat. Not recommended. The room nice view fantastic (thanks upgrade), instructions using internet clear caused problems. Staff spoke enough, fantastic English, reception staff frosty. The area, although dangerous, ideal. The walk Bund indirect pleasant location handy metro. Travel taxi easiest. I wouldnt recommend location alone, even ignoring problems staff.",-0.03903508771929825,0.6473684210526317,Jan 5 2007
31,31,"English speaking? I've lived Shanghai visit business. I stayed small (not listed) area. Guys, please, NOT dangerous area Shanghai. The lack super-bright street lighting we're used west make Shanghai streets seem dark dangerous. They not. You missing huge part real Shanghai locking room night. The area long history home normal Shanghai people... get go exploring, even night, come across bustling street markets, food stalls, people chilling PJs, ;) etc etc.About 90% staff speaking english... China, heavens sake! Only top hotels staff speak English, even housekeeping maids likely ever speak English relatively low-paid workers. If dont want shocked hotel's staff speaking English, visit Australia, USA, UK, .....Enjoy Shanghai!! :D",-0.017391304347826084,0.49456521739130443,Sep 21 2006
32,32,"Location problem Although economical generally nice facility, location leaves lot desired. It's easy get - taxis either awkward U-Turn middle busy street, run around awkward blocks. I cabs refuse go there, always hassle them. Walking ok, longer walk Nanjing Road Bund might expect, easy get turned around. At night dark bit scary neighborhood Westerners first visit China. We friends &amp; discovered room unique layout. We room 513 - Our view old section Shanghai - nothing write home about, interesting see. The bedroom smaller friends - 3 steps bed - bathroom lower level. Bathroom modern clean. We shower jacuzzi tub. There working room safe, appreciated. Beds firm (not rock hard) overall room comfortable. There Business Center lobby checked internet - 30 Yuan 20 minutes, something like that. We found staff helpful - bellboy knew perfect English &amp; rest staff tried hard help us whenever asked them, including going street hail us cab. The breakfast buffet fine - I liked getting fresh omelette made order every morning. The meals lobby bar actually good, pub fare. In end, fine good value, I like location. If young like walk long way shadows Shanghai, might ok - otherwise, stay here, determine take taxi. Fortunately, taxis Shanghai reasonable - go town dollars. I recommend evening boat ride river nice day, go Pearl Tower. In evening, go Grand Hyatt Pudong (stay afford it!) The lobby 54th floor. Get reservations restaurant top, go Cloud 9 Lounge (one world's highest - great views) go back level 54 reasonable dinner without reservations. Pudong side newer western, sights want see shopping primarily (older) side river. If want walk shopping sight-seeing, choose something close Nanjing Road. Be sure see Shanghai museum People's Square adjacent museum entire city plan (model) Shanghai.",0.22849999999999998,0.5436010101010101,Jul 17 2006
33,33,"Interesting room layout - great view towards Pudong Stayed room 1422. Nice size, interesting design, separating entrance, bathroom living area. The room seemed well kept, bathroom clean.After arrival, taking shower, water stayed bathtub. I issued complaint, leaving nightly boat-tour Pudong river, problem solved, I returned.Although room 14. floor traffic noise still relatively strong; sleep came without problem anyway (10 hours flight sleep you). Did experience noise rooms.The view room toward Pudong river near The Bund; complaints here.Internet 50RMB per 24. hours (standard ethernet), login work. I contacted technical assistance, promised call back within 5 minutes. I told them, I go town within 20 minutes. I heard nothing this, use internet hotel. The room dual power outlets european australasian plugs 220V 50 Hz.The MasterCard ATM lobby. The breakfast restaurant well stocked, seemed able cater tastes. The elevators built-in safety alarms. When elevator overloaded, really impressive alarm tone sounded, everything stops offending party leaves elevator. It extremely annoying offending party, alas... gives confidence designers hotel.",0.21157407407407405,0.5046296296296297,Jun 5 2006
34,34,"They speak english I stayed early November, horror almost 90% staff speak english, guest hard time communicating staff. Though room quite good, room layout impressive prrovide good view, instead view another room.",0.33854166666666663,0.44270833333333337,Dec 1 2005
35,35,"Nice sketchy location This great, spacious rooms however, located somewhat secluded area, near series highways. I'm sure unsafe actually I uncomfortable idea walking outside late night trouble getting taxis take us back since located isolated area. It affordable however, rooms immaculate clean. The concierge staff friendly nicely designed.",0.08482905982905982,0.524900284900285,Oct 18 2005
36,36,?????????????,0.0,0.0,Nov 6 2009
37,37,Lage naja Zimmer okay Personal naja,0.25,0.4,Jul 28 2009
38,38,?????????????????,0.0,0.0,Oct 1 2008
