,Unnamed: 0,Reviews,polarity,subject,Dates_extracted
0,0,"Acceptable We stayed part Travelsphere holiday, bedroom clean however smelt musty, needs overhaul, food good plenty choice, ok time there, hotels rest tour got better better.",0.5133333333333333,0.56,Oct 22 2009
1,1,"Shabby good food. Fine cheap Eighties bathrooms, nicotine stained walls dated furnishings, however food good. We stayed part Travelsphere tour way hotels use. A surprising choice. The bar rarely open, pool derelict difficult persuade staff open internet centre (although forgot charge it). Next metro central. If get good deal dire pay full prices, disappointed.",0.18511904761904766,0.5262362637362638,Sep 21 2009
2,2,"Great location I stayed 2 nights one week apart.This locate right next (literally) subway station line 1 (Hanzhong Road), one stop train station 2 stops People's Square, reachable easily quickly foot.The located good neighborhood taxis find trouble. Nanjing Road 10 minutes away foot.The standard rooms quite clean spacious bed, closet, desk bathroom.Beds wide enough 2 people (though I stayed alone) good mattresses linen. I find mattress hard people might. Hard mattresses quite common China.The room non-smoking smoke smells.The bathroom clean, western style (american) toilet bathtub. The water pressure strong enough good shower. Standard amenities offered (soap, shampoo, cap, toothbrush paste) well standard discardable flip flops China.A nice thing 2 daily bottles mineral water placed room.The room electrical thermos made preparing tea quick meals easy convenient.The rooms faced main road quite quiet naturally lit large windows.Some minor details showed little worn loose internet connection plug, minor marks furniture dents bathtub.Internet access enough bandwidth needs allowed making computer phone calls good quality.The staff everything power help 11 PM regarding problem train tickets even fault all. I given access business center helped contacting travel agency.The problem I booked taxi airport even though I never asked to. This created minor friction end trip.Summing everything stay great value money great way explore Shanghai.Recommended.",0.16812393162393166,0.43179894179894196,Jan 11 2009
3,3,"Good deal money! This offered Travelocity booked (dirt cheap) flights. We got great deal 9 nights superior room Zhao An PLUS RT airfare Charlotte, NC, USA grand! At price I expected much pleasantly surprised. Since trying save money, decided arrive via Maglev/metro straight Han Zhong metro station right (note: escalator ticketing level exit 4 metro station-we carry bags entrance) . The flight touched 2.30 pm 4pm checked smile! We prepaid, however key deposit, that's normal Chinese Hotels refunded left. The room given first though NOT superior room match pictures shown website. This first room tiny, tiny room one full sized bed shoehorned in. After polite, insistent negotiation junior manager (Neil) given room next door price, two full beds considerably larger. Both rooms clean well maintained, fridge, hot water kettle, tv etc. The beds &quot;chinese-firm&quot;, bathroom spotless plenty hot water. The staff accommodating English skills, that, broken Chinese able communicate pretty well. The bellboys especially helpful, front desk staff. We clothes cleaned picked delivered quickly.The best part staying Zhao An location. Either metro bus easy cheap get Shanghai. Catycorner Hotel bank international ATM. There main South bound bus stop opposite side street North Heng Tong lu upwards 10 lines. For example, number 801 take Yuyuan Gardens (7 stops Xin BeiMen, walk block over). Coming back bus easy too. Additionally, main railway station couple blocks away, restaurants stores area.... including Pizza Hut!They breakfast buffet hotel. I thought little expensive (8$ bucks), adequate food it; Western Chinese.All all, I think great place stay I would stay heart beat.",0.20132664176781828,0.4815281668222844,Jan 9 2009
4,4,"Bare Necessities For less $50 night, got big room big bed good enough sleeping. The room 14th floor (topmost) looked bit shabby; carpet wall paper seen better days price paid, willing overlook aesthetics. We stayed accessible, subway station exit next door, less 1 minute walk. There also convenient store right across street. For travelling across China, I recommend website www.ctrip.com (no worries, english version), book room prices unbeatable. It's relatively safe website; Ctrip listed major stock exchange. I used credit card book hotels everything went smoothly.",0.1743675595238095,0.32462797619047623,Jan 7 2009
5,5,"AVOID AT ALL COSTS Stayed one night 2 Oct 2008.Room clean condition run down, water damaged ceiling bare wood wardrobes. Room service tried force open door chained - happened twice.Did bother knock wait response.Did get breakfast per review here.Tried extend another night, refused rate. They asked double rate paid first night. So hired internet book another night online agent singapore.Internet extremely slow timeout time charged minute. The business centre staffed paper use printing.Came back nights later already paid for. Arrived 4am. Was asked wait 10AM allowed check in. Another kind hearted reception allowed us check 7AM.But duty manager (Richard Cheong) refused entry fiancee time accidentally left purse another bag left another city. She asked ID stayed first two nights. The manager took indifference stance problems. In words. &quot;One person stay go. If dont want stay cannot refund money, It problem.&quot;",0.10180555555555555,0.3040277777777778,Oct 10 2008
6,6,"Good location The alongside subway station subway clean considering numbers using it, crowded use carrying luggage. You carry luggage taxi. Rooms clean adequate, cheaper rooms. We used booking service mini bus airport, arrived time got us destination time without using aggressive driving techniques common China.Various eating places nearby including western one - McD. Nothing outstanding nothing wrong.",0.2066666666666667,0.6608333333333334,Mar 6 2008
7,7,"nice The located ZaBei Area,only 2 Metro stations away nan jing road, rooms clean, offer free internet access &amp; breakfast, chinese massage(health club) nice!shanghai lovely!",0.36527777777777776,0.5916666666666667,Mar 6 2008
8,8,"Perfect Hotel perfect price; Metro next door The Hotel located north Suzhou Creek, 2 Metro stations away People's Square Metro Station Hanzhong Road (the entry Metro next door,... really amazing!)rooms big, bathroom clean (and get one free NestlÃ© Mineral water every day), free internet access, delicate breakfast,... I find point criticize.Enjoy trip Shanghai!",0.281969696969697,0.6100000000000001,Mar 3 2008
9,9,"Good Hotel I stayed 4 nights part Travelsphere Tour. The rooms fine nothing worry about. There nice bar areaand opposite food store sells english snacks arent keen chinese food. The next subway great get place place. Also, I highly reccomend Travelsphere tours I fantastic.",0.30766666666666664,0.429,Dec 1 2007
10,10,"Zhao An- good 3 star Stayed 5 nights college trip.i surprised nice rooms were. 2 people sharing one room double bed each, lovely! extremly roomy lots space move around in. lots wardrobe space cleaners came every day. even telephone next toilet bathroom- incase cant make back time!the staff overly friendly may couldnt speak english.the lot facilities busy didnt time use them. swimming pool roof wasnt filled up. doubt anyone would wanted use anyway 5 degrees stay. think also gym well.the restaurant served ok-ish food. depends whether mind trying new things. breakfast fry-ups. though 'chinese style.' toast jam every morning.on free evenings, made room service. wasnt overly expensive like ordering chinese take away! sweet sour pork die for- best food week! bring food right room trolley give cutlery well chopsticks.the location excellent. next metro stattion, didnt far walk get places. also shopping district road could see pearl tv tower window! If traffic noise affects sleep recommend hotel, corner 6-lane road, noisy, chinese seem beep time! though may depend side building room on.overall, enjoy stay hotel. think 3.5- 4* hotel, rather 3*.",0.24712481962481958,0.48300865800865805,Apr 23 2007
11,11,"3 star It expected 3-star hotel. The staf friendly, rooms clean, breakfast good (lots different food). The location good.",0.1652777777777778,0.5666666666666668,Aug 22 2006
12,12,"Good value - great location metro We stayed week. We thought good value. Very clean. More like 3 half stars. The sits right top subway entrance means everything minutes away train - avoid peak hour! Some reception staff good english, others lacking, tried helpful. A lot tour groups stayed here. The &quot;Steak King&quot; accross road good value meals - expect western style food. Nothing much else nearby. The western breakfast OK bacon usually cold. The prices taxis website quite accurate- taxis cheap Shanghai, get reception write destnation chinese, carry map located - taxi drivers heard it!",0.27457211870255355,0.46454796411318144,May 27 2006
13,13,"Not best - needs work staff management This worst five hotels stayed China Hong Kong pre-booked tour, choice stayed. Had read reviews went confirm staff front desk surly unco-operative ( anumber party problems charged water mini-bar,or trying charge water bought outsideand brought in?), bar service either poor non-existent (one night bar closed set meeting next day!), pool empty water fill June, although already 80^ F end April. In dining room, unprepared diners wanting bottle wine dinner - choice, confusion opening, pay cash delivered! The buffet dinner poorest quality experienced China, the&quot;Western&quot; dinner tour operator organised seen believed (I blame tour co).On hand, rooms spacious found quite clean. When returned end tour one night surpised find one duplexes, lovely spiral staircase leading downstairs lounge TV upstairs bedroom another TV ensuite etc. The long curtains covering double height windows staircase needed cleaning windows, overall enjoyed room. The problem rooms (and alone party this) keycard locking system difficult operate work much time.There Metro station next door hotel, one busy (and chaotic) main roads.As included tour price, possible say whether value money, would want pay much stay here.",0.0658974358974359,0.4537820512820513,May 26 2006
14,14,"A little seedy side The Zhao An least expensive Shanghai choice recent gotoday Beijing/Xian/Shanghai trip. The exterior looked promising, mirrored glass angles, drag bag steps small lobby first bad sign. The lobby packed group schoolchildren Australian tour group. Checking took key deposit required take Amex. There sign saying guest rooms high speed internet access charge I requested one.Opening door room let down. Seedy best word describe it. The wall behind luggage platform scuffed wardrobe dated pastel color. My room one corner somewhat oddly shaped, giving large modern bathroom, cleanest I found China. I also alcove desk promised internet access cable. From peeking rooms mine definitely norm. The low firm two full size beds comforters covers changed daily (if card left bed) instead blankets top sheets. Two free mineral waters replenished daily.The restaurant offered buffet breakfast included package best thing chef made fresh omelettes. However eggs, choice fillings whatsoever. The rest buffet satisfy hunger. We chose eat one night practically everything. One one made selections time waitress came back said out. She pleasant recommended excellent dish I things order annoying experience. And chef send free vegetable dish apologize.Location wise seemed distance away I wanted see cabs cheap. The gift area lobby best looking 2008 Beijing Olympics T-shirt I found anywhere I'm sorry I get one everybody want mine.My friend used pool I wouldn't. The tiles blackened grout chlorine smell.My friends stay extra day booked flights charged extra $35 USD group rate I guess fairly cheap hotel, especially Shanghai. For price I would say good value personally I would rather spend extra money better room location. My friends already booked I decided join next time I'll stay away cheap travel packages go back booking own.",0.14249401018268942,0.4964502845163224,Aug 17 2005
15,15,"A slightly-above-average 3* definite room improvement service We found Zhao An slightly-above-average 3* offers good value money Shanghai, tends expensive rooms many Chinese cities. We booked two Superior rooms, however upon arrival upgraded suites since Superior rooms occupied. Extremely pleased upgrade - suites clean, two floors one even kitchenette. The free ADSL broadband connection room generally worked well throughout stay. Unfortunately can't comment rooms since see them.Breakfast rather disappointing though, hindsight ought bothered, spent RMB 40 per breakfast elsewhere. The quality buffet presentation poor, staff generally unhelpful unfriendly. As breakfast items ran out, staff often reluctant provide requested. In addition, catering vegetarians good.Service front desk also rather variable - staff efficient friendly, whereas others seem keen provide good service - shame. With little extra training customer service improvements breakfast facilities, could excellent 3* hotel.",0.18131410256410252,0.5638461538461538,Jul 20 2005
16,16,"Disappointed I stay I read good reviews website. I disappointed. First all, I'm Asian (Thai) speak word Chinese. When I checked room, I found air-condition working all. The room one window. And 9th floor, windy, plus construction going outside noisy. So, I went front desk ask could get different room. This lady looked attitude, said &quot;No room&quot;, walked away. She even look computer anything. As I stood dumb founded, came back look &quot;Why I still there?&quot;. I asked get someone fix air-con, said &quot;Okay&quot; walked away again. I retreated back room felt like scolded school master. So, besides little English, front desk people attitude. Never I leave anyone ever ask I need taxi help anyway. While I seen asked help caucasian, always great smile. One morning, I decided try breakfast 40 Yuan. Arrived restaurant 10:25am. Paid money got seat. Coffee came spoon, sugar cream. I usually cup two eating something. Anyway, I going grab things eat buffet table, I told woman please hurry take food away. They advertised breakfast 7am 11am, 10:32am. They told I paid money. I demanded money back, left. The day I checked out, I paid 3135 Yuan room phone calls. I stay 8 days. Then, guy presented another bill (12 Yuan) missing hand towel. I tried tell I take it. How I prove something missing? Well, I paid 12 Yuan I could get hotel. Again, 2 luggages, one helped me. Not bad course, room, bed, blanket, towels clean. The room got done twice daily. The bathroom good. The maid nice friendly, unlike front desk people. Two free bottles water daily. However, coffee room 2 Yuan per package. Beware.",0.04904003267973856,0.3790849673202614,May 2 2005
17,17,?????????,0.0,0.0,May 2 2005
18,18,??????,0.0,0.0,May 2 2005
19,19,?????,0.0,0.0,Aug 31 2009
20,20,???,0.0,0.0,Aug 29 2009
21,21,??????????,0.0,0.0,Aug 22 2009
22,22,????,0.0,0.0,Jul 29 2009
23,23,?????????,0.0,0.0,Jul 12 2009
24,24,????,0.0,0.0,Mar 28 2009
25,25,?????????????,0.0,0.0,Mar 27 2009
26,26,???????????????,0.0,0.0,Jan 24 2009
27,27,?????????????,0.0,0.0,Jan 24 2009
28,28,??,0.0,0.0,Jan 24 2009
29,29,?????????????,0.0,0.0,Oct 28 2008
