,Unnamed: 0,Reviews,polarity,subject,Dates_extracted
0,0,"Was treated like dirt complained stolen My family I stayed Jianguo Hotel Shanghai. On June 15, 2009 sister noticed makeup kit missing, My nephew noticed eye contact solution also missing. 8 fish cloisonne also missing. We bring front desk. They come room immedately. They took statement us promptly called us back hour later tell us contacted maid manager said believe it. I would recommed hotel. I also learned I would called police would made reimburse us stolen items.",-0.15,0.05833333333333333,Jun 27 2009
1,1,"Great - great location This really good - great location, staff friendly efficient. Room good - shower. Breakfast good, food hot.",0.666875,0.6975,Jun 17 2009
2,2,Average business Stayed Jianguo one night travelling Wuhan. Overall pretty standard business hotel. Rooms normal size everything needed. Breakfast good varied selection. Hotel location ok easy access Shanghai metro get around. Staff helpful anf looked bags couple hours checked ut early.,0.22037037037037038,0.4759259259259259,Jun 15 2009
3,3,First Class Hotel... Enjoyed stay two nights. The food excellent breakfast superb fantastic choice (including bottles mineral water). Didn't time try swimming pool unfortuately. The lobby toilets immaculate however bizarrely partial frosted glass cubicles doors -a little off-putting say least!Rooms good standard clean. Would definitely recommend this.,0.3699305555555555,0.6119444444444445,Aug 17 2008
4,4,"Nice clean business The Jianguo nice clean 4-star (by Chinese standards) hotel. The rooms big enough, comfortable king size bed, couch desk. The staff friendly never problem getting cards written Chinese concierge let taxi driver know take me. The breakfast also outstanding, mix foods make anyone North America, Europe Asia happy.The location ok. It convenient business meetings close football/soccer stadium. A taxi ride French Concession bad, ride Bund Shanghai traffic took long time.",0.20472222222222228,0.5261111111111112,Jul 15 2008
5,5,"Small room good price Stayed Jianguo three days business. Hotel well priced, found really live 4 star claim. Rooms clean good repair, showed age. Also rooms quite small, especially bathroom. Room quiet.Service good - like reviewers I followed elevator propositioned 'massage' I walking room. Breakfast buffet OK. Hotel location central, price I'd stay again, expectations would set lower 'luxury' front.",0.20668044077134987,0.5386363636363637,Apr 13 2008
6,6,"Very Good Business Hotel Stayed total 9 nights Shanghai. The service cleanliness excellent. The food par morning evening buffet. It conveniently located several large shopping areas, 30 min cab ride downtown Bund areas. If location business close can't better, tourist far action.The beds bit hard, I comparing US hotels. The bathroom nice hot shower, great water pressure. The high speed access made easy work.All good business hotel.",0.37239682539682545,0.6569047619047619,Feb 25 2008
7,7,"Good reasonable clean I hotels Shanghai area one one better ones location cost!I booked asiarooms price MUCh cheaper booking direct.I room executive floor gave benefits free internet, fully digital room tv also doubled HUGE computer, separate floor breakfast - could get western local foods, happy hour (!)Room clean, large comfy fruit basket day.The negative thing I say bed quite hard Chinese 'thing'!Will defianlty stay again!!",0.16779761904761906,0.4985119047619048,Feb 20 2008
8,8,"Nice prostitutes foyer worry though I bother going much detail facilties, staff etc: My room small nice, Internet access handy daily breakfast nice. Concierge helpful writing cards Chinese give taxi drivers.What concern me, I idea hotels, number requests &quot;massages&quot; I members travelling party received. Also, one evening returned 3 prostitutes standing elevators ground floor looking business. (It took realise women standing around bars street corners parts China fact selling themselves.... Call niave!)It would nice think that, even go every business grade China, something that's condoned management &quot;procurement&quot; services could go elsewhere....",0.23692307692307696,0.5423076923076923,Jan 29 2008
9,9,"Reasonably priced central Hotel Stayed Jianguo couple nights weekend whilst business. The Hotel appears fairly open &amp; modern main areas; lobby &amp; restaurants I found bedroom pretty small, old fashioned &amp; bit claustrophobic. However, clean &amp; internet access. On first evening I ate Itoya Japanese restaurant. For personally menu fairly restricted I enjoy I ordered. On second night I ate Sunflower court. I opted order menu &amp; meal acceptable, I wished I gone buffet selection seemed really good. I go breakfast &amp; ate lunch food court one nearby department stores, plenty choice &amp; cheap.The location Hotel much positive. It quiet enough evenings, 5/10 minute walk shopping district.Would recommend Hotel short stay mind fairly cramped conditions room. The room provided decent value money.",0.14509090909090905,0.4884848484848486,Aug 3 2007
10,10,"Very clean comfortable We stayed part Kuoni tour China. Some structural work undertaken, scaffolding erected there. We received fruit free drinks compensation inconvenienced all. The room 15th floor clean comfortable expected facilities. Breakfast good lots choice.",0.3947619047619048,0.7442857142857144,Aug 23 2006
11,11,"Great Place I stayed Hotel several times Shanghai. Rooms clean well appointed. The executive floors lounge 23rd. floor. Great view, relaxing atmosphere. A better breakfast served staying exec. floors. There shopping nearby, huge Catholic Cathedral directly across street. It approx 40 mins. airport. You arrange pick airport. They waiting sign. I highly recommend hotel.",0.3836666666666667,0.5850000000000001,Mar 6 2006
12,12,"Nice place! We stayed 1 week. It international hotel, caring staff. The breakfast buffet geared towards nationalities. Rooms spacious clean. Rooms safe them. Walking distance shopping, bank, restaurants &amp; subway. Hotel restaurants, hair salon/barber, business center, pool, etc. Concierge staff arrange sightseeing amenities. We felt safe area. I liked fact could open windows wish, too.",0.2935185185185185,0.5138888888888888,May 17 2005
13,13,?????????????,0.0,0.0,Jul 27 2009
14,14,FÃ¼r GeschÃ¤ftsreisende ideal---,0.9,1.0,Apr 27 2009
15,15,???????????,0.0,0.0,Feb 28 2009
16,16,Hotel calme bien situÃ© excellent PdJ.,1.0,1.0,Sep 26 2008
17,17,???????,0.0,0.0,Sep 18 2008
