,Unnamed: 0,Reviews,polarity,subject,Dates_extracted
0,0,"Total chaos I want money back. Not something would expect branded &quot;Sheraton&quot; logo.Its either still way getting international travelers expect Sheraton, management really care.Below reasons I recommend anyone stay Sheraton Pudong. - ArrivalAs I arrived Sheraton Complex, driver made mistake took &quot;Four Points Sheraton&quot; instead Sheraton Pudong. The porter Four Points attentive, opened door quick service. I told I staying Sheraton Pudong, kindly directed taxi correct driveway.To surprise, Porter Sheraton Pudon busy chatting colleague, I flag could help bags. When I asked Sheraton Pudong, replied &quot;I speak English&quot;- Check-inThe lady check-in counter either bad day Chinese customs cold arriving customers. No smiles thank you's given. A dry check-in. She even explain porter took bags who/where I supposed ask get delivered room I asked it.- RoomThe rooms decorated nice matter. However, details room finish I expected. A lot things bolted/glued crooked (like faucet showerhead); got worrying construction building self. However, housekeeping services standards except fact people come deliver things room, (I guess since speak English) grunt hand supposed delivered.- BreakfastService HORRIBLE. First day, I served GLASS hot tea, others given mugs. Not weird also dangerous!! Second day, someone gave away seat I buffet. It took restaurant forever find seat, clear table (which half cleaned). I plates hand, one offered help I waiting seat made. - Check outI used in-room internet (for fee). However, check told charges room... nice I pay but, worries reverse could happen. - Bell serviceI advised reserve taxi since I leaving busy time morning (9:00AM). The morning I leaving, bell desk/ concierge busy one available help retrieve reservation. I decided walk curb ask porter taxi I reserved. The porter asked room number (he documents check I correct person), asks I headed.... I already given details destination I made reservation. I bet reservation information relayed porter I lucky I wait taxi. The verdict: building self nice expect motel 6 style hospitality. I stayed Intercontinental Pudong last year waaaaaaay better experience. I recommend staying instead heading Pudong. Sheraton, really need work hotel. Its venue world class name building negative service. If like now, whats going happen Expo??",0.022443019943019945,0.5177920227920227,0.5177920227920227
1,1,"Good quality Very good quality hotel. large room, good service, good breakfast. Just DVD reader missing would perfect.",0.5748979591836735,0.5797959183673471,Nov 7 2009
2,2,"Nice I choose again... Arriving Shanghai today group 7 took taxi Four Points Sheraton reserved 5 rooms. Upon arrival told rooms available. I surprised confirmation papers us.The Four Points staff told us would put us Sheraton Hotel nearby. We walked started check-in. I informed rooms king sized beds available. As I particular bed due back issues, I reserved king sized bed. Through discussion I placed smoking room (25th floor) double beds. The room adequate nice view (but small window), beds small.After 4 &quot;back-n-forth&quot; phone calls I given room king bed (12 floor). However, take look view (in photo). I get look another directly window. Do book expecting nice view... even ask (as I did).One thing I really look 5-star super bed experience... I like sleep well expect best, plush beds... Sheraton great beds.It first day room decent. The check-in problems frustrating I timeline completing work afternoon. I hopeful experience point improve. So far I would suggest considering another hotel.Other comments:* No wireless internet access* Very limited snack options minibar* There French Press room making coffee (this terrific!)* In-room dining choices limited may specific/limited palate: Goose liver??? Mushroom &amp; Jelly Fish sald???",0.19788265306122452,0.542389455782313,Oct 22 2009
3,3,"Wonderful We much enjoyed stay 4 days here. The breakfast &quot;buffet&quot; seen believed. Various stations offer Japanese, Chinese cuisine, egg station, juices, quality breads jams, fruit galore etc.etc. offering great start day. We lucked incredible rates stay probaly VERY competitive class - Sheraton class opposed Chinese class/designed/constructed western branded management. Of great benefit metro stop right door - although beaten tourist track, subway makes accessible anywhere conveniently - nice night land doorstep.",0.3773809523809524,0.47404761904761905,Oct 12 2009
4,4,"Be careful startwood points rewarded I would like start saying isexcellent service 1st class.This third time I stayed business trip Shanghai. My complaint I starwood member, stay one awarded points depending amount final bill is.On visit I booked two rooms internet vai Sheraton customers services would call third party. This time I booking I found rate offered Sheraton site much higher I booked agent. So obviously I went cheaper option. I paid $1200 stay , however I informed I complained reciving points excuse I booked directly entiled recieving points. So aware book directly Sheraton get points. So gets points pay inflated prices.When I travel Emirates long I fly give points , look I booked with, However Sheraton loylalty shceme this.They best rate guarantee,the complint procedure complicated , find room fill complaints form.If website rate inflated first place, customers would need bother explaining them. I",0.1625,0.5216666666666667,Oct 6 2009
5,5,"Will definitely come back again. Booked 3 rooms, stayed 4 nights late-July, can't pleased. Many previous reviews mentioned inconvenient location; subway line 4 completed stop right front hotel. Shanghai 8 subway lines now, take almost anywhere city within 30 minutes CNY4. Taxi also cheap, CNY30 (USD4.5) PuXi areas, CNY15 less 10 min. Pudong Pearl Tower.For hotel, high-end 5-star hotel. Room spacious 42sqm 2 'queen' size beds, rare Shanghai. Pool, fitness, breakfast excellent. What's better, pay lot less 5-star hotels Shanghai. The close 2010 Shanghai EXPO. Will definitely come back agin. Highly recommend.",0.20217687074829932,0.5131292517006804,Aug 14 2009
6,6,Perfect I'll come awesome Perfect,1.0,1.0,Aug 1 2009
7,7,"Good Value Money We stayed Sheraton Pudong 4 nights back February. This second time staying hotel. Similar reviews, could find anything wrong hotel. The room spacious comfortable everything need. We tried coffee shop Chinese restaurant, OK. The location close airport train station. All all, good value money complaints aspects hotel.",0.17045454545454544,0.4068181818181818,Jul 15 2009
8,8,"Great comfortable rooms non centralised location tourists yet ideal business travelers Stayed 6 nights May parent twin room. The bed comfortable room size huge spacious. Previously stayed Four Points next realised Sheraton bigger rooms, bathrooms better facilities. If price consideration factor, Four Points offer value money.Sheraton gigantic bathroom separate toilet, shower, sink area. The shower bathtub separate shower feature rain shower facet ceiling. Very nice touch. I also like closet doors opened room bathroom, convenient one bring clothes bathroom.Facilities wise, health club great. Pool nice, fitness centre also average. Free internet kiosk printing available lobby area. Highly convenient helpful people needing print stuffs.Food wise, My mum I meals Chinese restaurant found affordable excellent food selection offering tasty dishes. Also ordered room service found good affordable wide decent selection.Restaurants helpful location ideal. Taxi cheap, though, one likely taking cab frequently stay here. There subway station directly front offers cheap efficient way get touristy area river Huang Pu. I take train cabs willing drive Xintiandi dinner appointment I had. The train ride fast despite change line twice(!) I reached Xintiandi 30 minutes.If business traveler need frequent Pudong, great cab Pudong 10 minutes set 15 Chinese Yuan (around US$2).",0.3018298368298368,0.5577855477855478,Jul 8 2009
9,9,"top notch Just took quick 3-day getaway trip Shanghai, chose part air-and-stay package. My first 2 choices sold I &quot;settle&quot; hotel. I guess popular location (on Pudong side, walkable TV &quot;Oriental Pearl&quot; tower).The location may perfect some, right top subway station. It takes less 45 mins get Pudong airport using Maglev highspeed train subway (side note: frenquency subway quite low weekend, every 15 mins). And city covered multiple subway lines (up 8 now). As last resort, taxi affordable.What impresses well appointed guest room. Everything need, it. The rain shower nice touch often found others. TV lots channels, nice bedding, separate toilet stall, I cannot find faults. However, I must caution something I found many hotels China. For reasons, materials used renovation/furnishing get worn pretty quickly (I already found little cracks stone tiles bathroom), rooms may impressive couple years.Used gym well, spacious. It's set long corridor style room, equipment facing garden, gives guests tranquil feeling exercising. I took peak pool locker room area (which steam room), nice. And reasons, people used facilities (I went around 6:30-7:00am), that's great.As part package, breakfast buffet included. Lots items choose from. Particularly enjoyed pastry cold section (cereal, salad). Great service throughout, I able leisurely enjoy food, browsing internet (free ground floor hotel).Overall service standards high, inquiries problems answered/solved promptly. I would hesitate recommend anyone.",0.2800823129251701,0.5622680272108843,May 24 2009
10,10,"Don't drink water Room good prices drinks services rip off.RMB 78 (GBP 7.50) bottle water, RMB 50 hour Internet &amp; RMB 60 tomato juice.This China. Does management expect haggle pirates Pudong.",0.39249999999999996,0.5775000000000001,May 17 2009
11,11,"No Complaints Very nice new hotel. Free internet access lobby laptop, plus 6 desktops (link@sheraton great thing) free use.Breakfast included rate, good ample.The hotel, Four Points next it, located front Tang Qiao metro stop, line 4. The metro costs 4RMB per ride. To get maglev station, go Long Yand Rd station line 2. You change trains Century Avenue, easy enough. The maglev 50RMB way, 80RMB roundtrip within 7 days. The maglev ride 8 minutes, plus 20-25 minutes metro to/from stop.The heart Pudong big buildings are, metro ride away.",0.3499747474747475,0.6031565656565656,Feb 24 2009
12,12,Very nice Stayed Sheraton Pudong 3 nights business trip December 2008. As business good free wireless internet lobby. Room internet overpriced every upscale (I never understand this).The breakfast buffet varied food tasted great. Dim Sum station also included.One complaint lobby bar impersonal abandoned feel. The tries spruce live music good result.,0.2597393515575334,0.5446853146853147,Dec 14 2008
13,13,"Great hotel! My husband I stayed Sheraton Pudong Shanghai November 2008. The beautiful conveniently located near subway entrance.After long day travel patience running low attitudes take turn worst, incredibly happy check beautiful, comfortable room. I stayed many great hotels, may one nicest - actually took cameras took photos unpacking soooooo nice. It really welcome surprise changed mood immediately.New, spacious room incredibly comfortable bed, chaise, lovely bathroom, fluffy robes, nice amenities. Perfect.The buffet breakfast downstairs one nicest I ever had. It became favorite meal day.",0.36174999999999996,0.7035,Dec 12 2008
14,14,"Great modern part China. The nice staff helpful. Location great, walking distance train. It far main attractions, 15-20 min cab ride. The room comfortable. Cleanliness problem. Staffs helpful. The bed right, good night sleep night. It good stay.",0.4932380952380952,0.6669047619047618,Dec 2 2008
15,15,"Just pass mark Stayed Sheraton Pudong three nights whilst business Shanghai. The year old good order.Quibbles usual things really. Shanghai expensive food drinks establishment represent good value. (Check back restaurant menu find set meals 90 RMB, staff member point out)Concerned also cost internet access rooms although provided free charge lobby area.SPG rewards upgrade entitlement usual mystery 3 points every $ spent simply credited.Location ok next cheap cheerful four points sister less expensive shopping mall several cheaper food outlets. And usual Shanghai short hair raising taxi journey away venues sides big river... The Bund remains building site things gear Expo infrastructure requirements best avoided now.I would stay again, clean, quiet relative short hop taxi PVG via Maglev station Longyuan.",0.10185185185185185,0.3817460317460318,Oct 23 2008
16,16,"Wow! Wow, far exceeded expectation. The service impeccable. The best I've experienced China.I surprised comments &quot;bad location&quot;. The location &quot;bad&quot;. It's Pudong, business district, away tourist spots. But subway stop literally plaza. In general, subway Shanghai way go around city traffic. By subway, 15 - 20 minutes downtown Shanghai, really convenient Pudong airport, 10 minutes cab ride away Maglev.",0.3225,0.7550000000000001,Aug 14 2008
17,17,"Great swish rooms The Sheraton Pudong Shanghai brilliant hotel.The rooms beautifully decorated, items. The bathroom immaculate rain shower bath.Great wardrobe, safe etc. The breakfast amazing.There also great fitness centre large swimming pool well equipped gym.The location bad - ok business tourist.",0.5682539682539683,0.6550264550264551,Aug 3 2008
18,18,"Beautiful great tourist location Similar others' posts, I agree beautiful hotel, good service howver exciting location. Because new I difficulty taxis finding it, even hotel's business card. The metro/subway station across street Line 4/Brown/Pudong Nan Lu station take taxi Pudong airport cost 125-150 RMB. It's quick 10 minute ride business district Pudong, 15 RMB. For business travel, I'd highly recommend staying here. For tourist travel, location ideal need take taxis cabs everywhere. Also, much immediately around quick bite eat quick mart pick things up. I upgraded rooms levels I colleagues traveling rooms lower levels same. Their breakfast big diverse. Rooms come fully equipped needs (safe, iron, hairdryer, etc.) beds quite comfortable. The front desk speaks English quite well helpful, Mandarin needs help, help get major tourist sites writing things Mandarin you.",0.2122210743801653,0.500206611570248,Jun 21 2008
19,19,"Great stay bad location Great stay, first class way. Location could better.",0.33000000000000007,0.6,Apr 22 2008
20,20,"Great rooms great service funny location I stayed couple times, plan come back. While bit far crow flies Lujiazui central business area, cab ride really fast along river. If need go across Puxi, probably want find place side river. The also located subway stop access pretty much anywhere city within 45 minutes.The rooms huge, well executed. Cool views Pudong Yangpu bridge upper floors. Excellent breakfast. Won't anything diet, fresh croissants really good. Also good room service dinner... Nasi Goreng. Another good food option small grocery basement department store next door. Fresh sushi similar items.Concierges went beyond help issues (lost luggage).",0.2614583333333334,0.5197916666666667,Mar 29 2008
21,21,"Excellent value Shanghai I travel China frequently, cannot imagine horrors I through. Sheraton done brilliant job Shanghai. It's good value. For price usual two - three stars, get close downtown location Pudong - important travelling business. It means staying manic traffic fro Puxi side, price levels usually located. The bed excellent plush supportive pillows. The bathroom large immaculately clean. It even comes 'rainforest' shower.I problems stay there. But unrelated staff. I've found wardrobe opens closes bedroom bathroom bit werid. Same glass pane door loo, finding bathtub inside another glass pane designed shower. (The designer much fun these.The bathroom bit overdone opinion.)Also, bedside switches control reading lights lights near door. It's bit annoying I switch desk lamp lamp next sofa.Other that, staff friendly smart. It quick checkin. The food nice. The staff expect tipped. (Usual pay, places return changes loads coins, expecting leave behind. In Sheraton, hand changes notes hands.)All all, I enjoyed stay Shanghai. If Sheraton something similar Beijing - would make happy.",0.2099359959037378,0.5654941116231439,Mar 15 2008
22,22,"Great I enjoyed This new located Pudong District. There also Four Points Sheraton located right next door, somewhat confusing taxi drivers though mine always able get airport locations. There subway station located front hotel. I Executive Room found nice, bed firm hard, much better China beds. There large flat screen TV room nice desk work area free internet access. My room offered view Huang Pu River particularly scenic, interesting watch high volume ship traffic. The restaurant excellent selection breakfast buffet style selection Asian Western foods fruits, cereals pastries. The dinner menu pretty much Western food acceptable. Lunch ordered ala carte buffet buffet offered excellent selection food. I stayed snow storm January 2008 attendants helpful getting cabs encouraged guests wait indoor stay cold. There bar area lobby area. My business required check in, leave travel check 1 week period check ins check outs efficient. Because snow storm, I walk around area didnât see much interest area. The room problem staying warm. A taxi ride Standard Brand Mall Pearl Tower area 10 minutes. A taxi Pudong Airport takes around 45 minutes.",0.24036656891495606,0.5309300377042312,Feb 2 2008
23,23,"Good Hotel Inconvenient Location A nice, new helpful friendly staff. It still &quot;soft opening&quot;, everything seemed running like clockwork. I upgraded suite really quite nice. The downside convenient central Pudong area Bund, etc. Also well known yet taxi drivers. Even hotel's card, name map Chinese, crapshoot would happen trying get back taxi. One taxi driver took blocks dropped another taxi queue (without charge) know was. The next one took Hilton first (the pronunciation Hilton native Chinese apparently far Sheraton, interestingly). It hassle. The one advantage location closer airport hotels centrally located. And although place way never problem getting taxi hotel.",0.1695681818181818,0.4493939393939394,Nov 13 2007
24,24,"Loved I stayed June 2007 weekend.Although newly opened (and still &quot;new&quot; smell), staff GREAT. Helpful, nothing much, go way say &quot;Hello&quot; assist guests anything!Someone lost mobile taxi rest phone returned!Great experience.Thomas",0.45909090909090905,0.5511363636363638,Jul 30 2007
25,25,"great good location Although locating Pudong area, little far away downtown pudong, around 15 mins taxi. As SPG plus member I upgraded prefereed floor, I didnt see difference except high floor. From room I could see beautiful skyline pudong area, charming! The room clean, big comfortable. Bathroom big two doors, one opened corridor another door facing bed. Water pressure ok though, Forest Rain shower head good one Westin Shanghai. thing I didnt like internet expensive, 7 dollar one hour!",0.24661111111111111,0.6733333333333333,Jul 16 2007
26,26,"Friendly New Hotel Our group booked Sheraton Hotel Pudong last week since regional meeting Shanghai. Upon arrival hotel, I immediately noticed place new elegant interiors. All staff I met, bellhop front desk, courteous.The room I got fairly large nice modern furnishings. I comfortable king size bed, flat screen TV, big shower room bath tub separate cubicle toilet. As mentioned previous post, I trouble sleeping lovely bed pillows plus I hear noise coming outside room. Although different rates internet access room, able arrange group free access check e-mail browse web.Breakfast buffet problem since plenty food choose from. If hurry, better breakfast 8am less people restaurant. The place little packed I breakfast 7am.There one problem though I encountered first night's stay. The door room defective lock since opened outside even without using keycard. I called front desk sent engineering guys fix it. After spending time trying repairs, finally decided replace entire locking mechanism. The manager sent fruit platter gesture goodwill inconvenience caused me.",0.16417949334616003,0.43688872855539523,Jul 7 2007
27,27,"New - still working kinks Stayed one night April 2007; told check-in open one week. Rooms large comfortable, I would recommend staying Sheraton simply mattresses. They much softer mattresses I've stayed China (most places feel like sleeping board). The sheets beds felt like brand new never washed; felt stiff scratchy. There light front door turn off, seem wired switches room. It last night almost 3-week long trip though, tired bothered it. The pool health club open yet, minibar fully stocked, limited room service menu (had call ask menu one room, made us turn back we'd ordered). The location near attractions Bund TV Tower (which visible window), 40 - 60 minute cab ride international airport, 30 minute ride domestic airport. Staff new, act like &quot;trainees&quot;; taken tour room, accompanied two staff members really wanted speedy check-in privacy. There also still construction work progress guest floors. I would stay again, hopefully time worked kinks (and washed sheets!)",0.06614285714285714,0.4348095238095238,Apr 7 2007
28,28,???,0.0,0.0,Nov 11 2009
29,29,????????????,0.0,0.0,Oct 27 2009
30,30,Confort parfait mais tellement froid...,0.0,0.0,May 5 2009
31,31,Parfait pour une escale pro,0.0,0.0,Oct 1 2008
