,Unnamed: 0,Reviews,polarity,subject,Dates_extracted
0,0,"Should higher rankings. Perfect Location This great. In french concession area. 5mins Hengshan road metro station, 10mins metro Peoples square. 5 mins way lots shops stuff. Beautiful park black swans across road. Nice pubs walking distance. Dont stay near Bund city centre...too much building work dust! This great, nice big rooms, HUGE breakfast want. But theres cafe across teh road popular",0.40922222222222226,0.6272222222222222,Nov 16 2009
1,1,"Good Value Services It's excellent place bussiness user, easy reach location nice size room. The internet fast extra charge all. Complimentary juice fruits thoughful shows extra care. Staff warm helpful.",0.42592592592592593,0.5925925925925924,Oct 16 2009
2,2,"nice good location I visited Shanghai many times stay here. The excellent location. There two sub-way lines close - Hengshan Road another one. There huge tree-line park opposite close Xujajai (sic) shopping area. There McDonalds KFC there. In addition Hengshan road huge number bars. There good dining choices road. We Brazilian night buffet 95 RMB. The in-hotel dining OK, Chinese standards I less expensive hotels far elaborate choices. The breakfast buffet good choice western chinese Japanese fair. Service excellent horrendous buffet. It overstaffed waiters would go work mechanically never made eye contact customers. You could waiting endlessly coffee refill one would notice. I think definitely needs work training aspect. Waiters staff polite. The internet connection excellent. Good wi-fi downstairs wired connection upstairs. They tiny business area color printer (weird). A common theme I noticed China carpets poorly kept. I yet see clean spotless carpets. That said I would definitely stay again.",0.2679687499999999,0.5848958333333333,May 25 2009
3,3,"Can't think better Shanghai This located heart French Concession area. From room window see Shanghai offer: impressive high-rises along side typical Chinese life. It's short walk subway otherwise quick cab ride touristy spots Shanghai. (Added bonus speak Chinese: cab drivers seem know exactly is) Around corner Hengshan Lu (5 minute walk) also great (and cheap) Chinese restaurant. The room incredibly spacious comfortable - great place return relax day discovering Shanghai. (We actually corner room windows = light view) The breakfast amazing, staff extremely helpful friendly. I miss it!",0.35045289855072465,0.5065217391304347,May 23 2009
4,4,"nice I stayed two weeks hotel, good location, subway 5 mins walk big shopping centers 10-15 mins walk. The room really clean good condition. Good rain shower bath room. The services really good, people polite there.I stayed executive level, free afternoon tea internet access. seems like business travel hotel, still nice holiday travellers.I definately come back hotel.",0.46787878787878795,0.5727272727272728,Dec 15 2008
5,5,"Excellent value quality Stayed July 2007 refurbished noisy. Refurb complete, new foyer, reception dining room. Friendly staff speak good English. Excellent breakfast plenty choice. Bedrooms well equipped en-suite, large television, internet access, ironing board etc. Hotel facilities good. Good value money. Taxis reasonable, trip bund Â£2.50. Metro station 5 minutes walk. Would recommend friends family.",0.4714226682408501,0.5784651711924439,Jul 16 2008
6,6,"Stay away I still staying Hengshan Hotel right now. I spent last 5 nights.They complete renovation right - tell made booking telephone.Today, Sunday 6am impossible find sleep room ( 8th (Executive) Floor ) heavy noise caused workers. The management refuses compensation - well, internet access room free charge *laughing*Breakfast executive lounge fair... already mentioned - leaves much space improvements.In services directory write, executive lounge open 10pm - 9pm already closed.I deeply disappointed... stay again.",0.019597069597069597,0.4913919413919414,Jul 21 2007
7,7,"Nice Stayed 2 seperate occasions 3 nights total 2 weeks China. Both rooms large comfortable allthe amenities expect 4* hotel. Staff friendly helpful stored bags 3 days trip mountains. Were even able check early (9am) return.Only downside us location. Although area good close nice bars places eat, hindsight we'd booked somewhere bit closer bund tourist attractions are. Would meant less travelling extreamly packed shanghai metro system.Taxi's easy find though cheap huge problem nice hotel.",0.36506349206349215,0.6942380952380952,Apr 17 2007
8,8,"I enjoyed Hengshan My company booked me, I idea price I paid.The room huge, seemed intersection 2 wings, irregular shape, big.The bed, large good.The outstanding part air conditioning. I stayed hottest humid time year, say air con best! Fanstastically cool. I breakfast strange room, seems internal, windows, artificial light. As others said, food OK - ish, I better breakfasts Shanghai.Location is. Nice enough area, park opposite good walk watch early morning exercises activities, although humidity soon got better me.The main road good shops local restaurants. I found great antiques junk shop 500m road.Would I stay again:For breakfast, No.If I bedroom again, Yes.If hot humid: Oh Yes!",0.32748809523809524,0.5164761904761905,Dec 1 2006
9,9,"Not 4 Star Adequate I stayed July 2005 found good. However, needing business trip, I discovered service changed significantly. First good:Cheap price. My rate 590 RMB (about 65 Euros).Good locationRoom size large european standards.Bad:Room dirty, especially carpet bathroomBreakfast buffet lacking. I got 9:00 restocked (all fruit gone) There 5 waitresses standing around talking I get coffee.The employees seem care customers, providing customer service (untypical Asia).I stay somewhere else next visit.",0.18973544973544973,0.5194708994708994,Jul 26 2006
10,10,"Hard Beds clean rooms The nice clean, beds super firm. The breakfast buffet leaves lot room improvement price quite reasonable.",0.19642857142857142,0.6583333333333333,Apr 11 2006
11,11,"OK price Stayed one night hotel. Although Lonely Planet stated located historical apartment building visible anymore. The environment Hengshan Lu French concession nice, especially like western style restaurants, pubs bars.I got upgraded room good. The furniture shows wear tear plumbing best.All all, get rate around 800 RMB/80 Euro good value.",0.26666666666666666,0.48888888888888893,Oct 29 2005
12,12,"pluses outweigh minuses I stayed week Jan 05. When got told cancelled reservation, booked small room wanted could change rooms next day. first tell room. smaller rooms europe, absolutely tiny shaped like rectangle slightly uncomfortable. luckily myself, think could shared anyone. offer room 1009, say no. bathroom funny. narrow could really walk straight inside. however, get moved next day larger room. beds firm. like wonderful sleep, need soft bed, may place you. bathrooms used shower curtain may me, kept getting water ground, plus water drain quickly would liked thought saw places could cleaned better. The location great. safe quiet. saw dancing night tai chi morning. serene different hustle bustle city. every taxi driver met knew problems there. staff speaks little english though saw lot non-asians hotel. i'm sure got questions answered. want brush chinese, like learning communicate different languages would enjoy this. let say staff nice helpful went way 4 5 star hotels i've stayed at. cards english chinese translations major tourist spots address. bring major stuff covered. one annoying thing maids would come 8:30 morning think little early cleaning. nice walk shopping restaurants. price, better expected expensive city.",0.11582364341085272,0.5036950904392765,Feb 2 2005
13,13,"Good value great location local flavor We stayed week last spring suggestion friend company Shanghai spends half time here. He offered 2 places said might like one better &quot;quiet&quot; location. We thought might want action was, got realized meant. Shanghai frenzy, packed, loud, shoving crowds. Unlike big chain hotels, Hengshan older established neighborhood best section town: French concession. It tree-lined street older French villas nearby. The area guidebooks scenic walk itineraries. It across street 2 parks, large one public dancing night, small local one. We liked small park - morning see oldies tai chi getting excercise dancing 1930's music. The remake old Picardie apartment, rooms enormous high ceilings (some) balconies. They classic 1930's feel, artificial authentic well-lived-in feel. Unfortunately, no-smoking rooms can't get one that's totally odor-free. The beds furnishings moderate quality. The bathrooms large, new marble tiles fixtures (including separate glass shower stall) look like designed amateur. Clunky. Westerners problem cleanliness toiletries. The staff speak much English can't rely sightseeing help. But friendly trustworthy. You'll feel secure here. We eat local restaurants real local Shaghainese food. Due jet lag, woke 5am would head either steamed dumpling shop fried dumpling stand, open 6am - 2 blocks away opposite directions hotel. For 50 cents, get holf dozen best dumplings world. We ate copious amounts every morning. There's also one biggest internet cafes nearby, 120 computers. You get fast connection email 50 cents hour. About 2 blocks away subway stop, begins posher restaurants. A blocks away major shopping district huge department stores. With taxis cheap subway nearby, easy get major tourist sites, yet able retire &quot;neighborhood&quot; end day. In summary, looking U.S.-type glass steel hotel. It's want something cheaper tune culture history city, indpendent (i.e., dependent staff arrangements).",0.17033203463203467,0.41636709956709955,Dec 4 2004
14,14,ganz passabel - Spa im Hotel nicht zu empfehlen!!!,0.0,0.0,Nov 18 2009
15,15,Ein furchtbares Hotel einer Stadt voller erstklassiger Alternativen!,0.0,0.0,Sep 15 2008
16,16,na ja,0.0,0.0,Sep 10 2008
