,Unnamed: 0,Reviews,polarity,subject,Dates_extracted
0,0,"Excellent Location Service First time stay hotel. Location excellent. 2 minutes walk subway station excellent manned cab station (the person charge cab stationis cab company)Room smaller expected adequate. Excellent service almost areas including coffee shop, lounge bar, Japanese restaurant, housekeeping, etc.Will come back price right",0.4335497835497835,0.5547619047619047,Oct 14 2009
1,1,Better This 2nd time stay Okura Garden.Room renovated became much better before.Best smelly water. I stay I save money rather stay 5 star hotels.,0.3333333333333333,0.3333333333333333,Aug 11 2009
2,2,Value money many times excellent service little bit costly laundry really costly wise everything ok,0.3696428571428571,0.5821428571428571,May 30 2009
3,3,"Lovely poor value uncomfortable beds best avoided Westerners The historic luxury old French club one beautiful lounges ever see well lovely garden European Japanese orientation adds exotic spice stay. Previous comments old decor really miss point exceptionally beautiful (be sure look function rooms upstairs fine examples art deco). Service excellent Japanese tradition. BUT Japanese-style disadvantages - staff speak significant English, beds hard floors expensive. We stayed club room access club lounge - total waste money room comfortable, staff uninterested little offer, even enough food breakfast (and staff little English understand I complained). I would recommend Western travellers.",0.11373575498575497,0.44660018993352335,Apr 27 2009
4,4,"Nice bit dated I stayed part tour. I know history I came back home. At first glance, seemed like older hotels. However, I walked around first floor saw nice staircase, I knew place must historical significance.The room ok size, I felt furniture, TV, bathroom bit dated. Since Japanese chain, appliances (TV, hairdryer) Japan. I enjoy heated Japanese bidet, welcoming surprise go bathroom middle night. I also enjoyed bath salts provided bathroom.I thought location pretty convenient, close shopping district Huaihai Road. It's also far Yu Garden, Nanjing Road, Xintiandi -- quick tax ride.",0.225,0.4455882352941177,Sep 15 2008
5,5,Good Location Good good location staff exellent booked Deluxe King Garden View room. Located close shops restaurants garden nice place walk dont want venture late.,0.5,0.7166666666666667,Jun 17 2008
6,6,"Below average 5 star In competitive Shanghai marketplace, 5 star Okura Garden ranks far many hotels similiar class. The suffers older fresh properties city. The room clean, contained amenities would expect 5 star hotel, helpful staff. But, room looked felt dated lobby common areas. Location good provided easy access city, airport train station. There absolutely nothing wrong Shanghai, much better choices money.",0.08385416666666666,0.5932291666666667,May 23 2008
7,7,"Good We Okura Garden week long business event. The staff accomodating helpful. The rooms nice, clean, well supplied. The Rose Garden restaraunt adequate breakfast. We enjoyed local suggestions made concierge staff helpful calling cabs making arrangements attractions.One benefits proximity many ammentities. The subway one block away grocery store major shopping street.The location one true strengths hotel!",0.30892857142857144,0.5220238095238096,May 2 2008
8,8,"Quaint refurbished old part Shanghai I like quaint preservation old French Club building, become lobby shops coffee house. The restoration sensitively done, shows details neo-classical style architecture decor choices e.g. chandeliers, tiles marble used etc etc. You feel good piece 1930s Shanghai la belle epoque, something excites time I go lobby.The rooms drab old opinion. They look like trapped 1980s style, carpets worn (but clean) TV set high school days! The bathroom small, separate showers tap reeking rust age. I thought room colleague stayed 22nd floor looked much better. I think renovations yet carried lower-floor rooms, one I staying in.Otherwise, room's amenities adequate. The toilet seat interesting electronic one, Japanese style, sent jet water time I press button. To wash soil you-know-what! Trust Japanese think this!That Japanese run obvious moment stepped in. The counter staff display badge stating proficient Japanese language, number Japanese guests could hundreds. THere also displays Japanese throughout.SO Japanese means service levels higher usually get Shanghai. And this, disappoint.Let quote example: I asked big bed that's preference. They originally run beds I first booked, I think noted preference I checked in, allowed me. Nice touch means much me.All all, dated outfit parts crying overhaul. But software makes lot wants hardware, I think I likely wish return, especially one renovated rooms.",0.12690476190476194,0.35447619047619044,Apr 24 2008
9,9,"Quiet clean bit dated Japanese China The OkuraÂ´s entrance architectural landmark nice garden good area Shanghai. The lobby well appointed pleasant place be. Room clean around, comfortable touch small bit dated. My TV old Hitachi, I mean really old, almost collectible. Cable reception poor quality perhaps reason. If like quiet donÂ´t mind staying 1980s feel Japanese hotel, might choice.",0.14259803921568628,0.5229901960784314,Apr 16 2008
10,10,"Central comfortable Not bad spot recommended well travelled Japanese friend. In case, stay involved overnighter 3 week business trip China I appreciated calm cleanliness rooms, view gardens - especially watching people exercise morning, tea lobby lounge, excellent sushi dinner good morning breakfast. I also enjoyed elegant style place despite occasional 1970's appearance tower block. Service friendly porters excellent.There probably better places stay Shanghai central comfortable.",0.33968750000000003,0.5763541666666667,Dec 9 2007
11,11,"Deep French Concession The Okura Garden Hotel top notch. The lobby area public rooms old French Club, social center French expatriates living old French Concession. They beautifully restored, especially lobby lounge. There lovely garden, actually small private park, front hotel. The rooms 33-story tower added back (ala Helmsley Palace Hotel NYC). Our room(#2222) king-size bed lots storage space, sitting area pretty tight. The bathroom outstanding plenty counter space, large square sink, toilet heated 'bidet' seat, separate glassed-in room shower area front tub window looking bedroom (for watching TV bubble bath? putting show significant other?). Fortunately, modest venetian blind window.The lights reading bed completely inadequate. The table lamps next bed dim, need ceiling light center room read book newspaper.High-speed internet 120rmb per 24-hours. We problem loose connection hotel's tech guy fix immediately. The bell staff room staff cheerful spoke adequate English.The staff concierge desk communicated effectively English understood responded needs. The front desk staff little less able communicate. Room service dinners excellent service impeccable. The breakfast buffet ample plenty choices American-style food. Unfortunately always line tables.The hotel's location little bit remote The Bund People's Square area, two blocks nice shopping street taxis cheap plentiful city.The Okura Garden clearly 5-star operation, well-managed, comfortable sumptuous.",0.14653995664199745,0.4590173432010167,Nov 11 2007
12,12,"Okura Garden Hotel The Okura 1920's ish building, located French Concession area Shanghai. The lobby area well maintained nice historic feel it. The seems target Japanese business travelers tour bus set. The rooms so. For price, I expected much more. But last time I Shanghai, I stayed Le Meridien anything would probably pale comparison that, least room wise. The decor dated although everything clean functional. The bathroom feature typical Japanese toilet, variety functions. Seat warmer, multiple spray options, etc. Whenever I turned light bathroom, toilet made &quot;start sound&quot; took bit getting used to. The internet cost 120 rmb. Sadly always work painfully slow did.The breakfast buffet good offered large selection items. The breakfast room busy.The staff good. All employees wore nametag indicated languages spoke.The located side street Huai Hai Zhong Lu, one main shopping streets Shanghai. A metra station block hotel. A Parkson's department store also block. The Parkson's nice grocery store basement ever popular McDonald's Hagen Daz (sp?) front entrance store. A Starbucks found across street Parksons .If time, take walk around neighborhood see nice mix old new China.",0.16095779220779216,0.43728490259740266,Jun 15 2007
13,13,"Love renovated rooms especially shower area I stayed 2 years ago recently usual choice Shanghai unavailable. I booked one renovated rooms pleasantly surprised. The renovated new furnishing bathroom. The bathroom excellent. Plenty bright lights large shower area. The water pressure shower real stress reliever long day. Being Japanese hotel, lot attention paid bathroom, forgetting toilet seat warmer! The bed hard side small pillow favourite. While rooms modern looking, I cannot help noted lobby need update.",0.14322510822510826,0.4902096861471862,May 11 2007
14,14,"Very pleased! Stayed five days March pleased. The undergoing renovation three floors impact us way. Our room bit dated well appointed comfortable. The bath great one best showers I hotel. Concierge staff helpful knowledgeable. The breakfast buffet missed delicious food many different appetites. It great way start day. The location great touring restaurants. The garden beautiful serene spot busy city. I would definately recommend hotel, however, I suspect price higher renovations complete.",0.5508333333333332,0.6633333333333334,Apr 20 2007
15,15,"Nice The Okura Garden Hotel Shanghai pleasant stay. Located French Concession area Shanghai, quarter mile Metro Line 1 major shopping area. The rooms nice, clean well-appointed. The lobby, bars, fitness facilities (3 treadmills, 2 bicycles, stairstepper, rower, freeweights, benches) excellent. For $250/night U.S., good! Majority guests Japanese.",0.46374999999999994,0.68,Nov 29 2006
16,16,"Good Deluxe service advertised The write-ups reviews Okura Garden led believe I something truly special. The reality fell short this. As westerner perhaps I hotelâs main targeted demographic, (this Japanese chain aimed much market), expectations met. First, letâs review well:- The staff polite friendly many multi-lingual, - views rooms impressive, - food three in-house restaurants good rooms kept clean. - also conveniently close station excellent underground Metro system, I used several times found far cheapest safest way get around city. (Taxis plentiful drive like utter lunatics, seatbelts almost unknown risk much!)- There grass garden area front â pretty unique city. The area vast proximity traffic associated smog (in sunny weather especially) means quite oasis describe, still nice feature. Now bad news:All talk 5-stars, best town, etc. site others made expect best experience, not. For money I expected iron room, pressing service pay extra for. The air conditioning rather old worn out, taking day modify room comfortable, well taking day clear musty smell system. The promised internet access proved mysterious laptop handle, annoying business trip. My minibar contents replaced long well past use-by dates, one glass bottle shattered hand I tried lift â casualty cold fridge months years!The bedâs mattress firm one morning I found bedsheets replaced set over-starched made skin crawl. Not good move.I also wish staff would learn difference attentive pestering. I didnât need maid come second time evening âturn downâ bed rearrange things gratuitously. Maybe service others value expect itâs first time Iâve encountered I found intrusive rather patronising. I donât want give impression bad hotel, certainly good one service levels many I stayed before. It just, view, justify deluxe price tag -- especially competition Shanghai wealth chains: Hilton, Four Seasons, Hyatt, etc., I visited *very* impressed by.",0.1830643738977072,0.5984523809523808,Nov 24 2006
17,17,"Quiet comfortable great service I enjoyed stay Okura Garden much. The garden large welcoming -- oasis peace tranquility noisy city. The food excellent quite diverse, though pricey upstairs European Japanese restaurants. Not especially fashionable service wonderful location make slightly worn quality. Rooms large well equipped, clearly aimed Japanese customers. Bathrooms lovely, old marble huge bathtubs. Easy walk best open air market Shanghai well many sights - wonderful spot middle French concession.",0.3077336860670194,0.4855114638447972,Jul 10 2006
18,18,"Close marketplace good value This presumably built welcome Japanese guests Asia's go-go 80's. While remains well cared daily staff, way reverse aging renovate. In case Okura Garden, one can't help notice dated decor tired carpets. Its older ambiance stands contrast many newer addresses world's dynamic city. All said, staff superb, facilities (including restaurants) entirely correct price. Rooms clean. If want Shanghai chic, stay Westin. If want good deal good service, stay here.A major bonus location near Shanghai's best outdoor marketplace. Louis Vuitton's worst nightmare, doubt, really fun place stock snobby brand knock-offs nice silk items friends back home.",0.2770833333333333,0.5284090909090909,Mar 20 2005
19,19,?????????,0.0,0.0,Nov 18 2009
20,20,??????????,0.0,0.0,Oct 27 2009
21,21,???????,0.0,0.0,Oct 27 2009
22,22,???????,0.0,0.0,Oct 21 2009
23,23,???????,0.0,0.0,Oct 21 2009
24,24,??????????????,0.0,0.0,Oct 7 2009
25,25,??????,0.0,0.0,Sep 11 2009
26,26,??,0.0,0.0,Aug 30 2009
27,27,????????????,0.0,0.0,Aug 11 2009
28,28,????,0.0,0.0,Jul 18 2009
29,29,??????????,0.0,0.0,Jul 18 2009
30,30,????????,0.0,0.0,Jun 10 2009
31,31,??????,0.0,0.0,Mar 20 2009
32,32,?????,0.0,0.0,Mar 13 2009
33,33,?????????,0.0,0.0,Mar 10 2009
34,34,????????,0.0,0.0,Mar 8 2009
35,35,?????????????????????,0.0,0.0,Feb 2 2009
36,36,???????,0.0,0.0,Jan 25 2009
37,37,??????????,0.0,0.0,Jan 4 2009
38,38,?????,0.0,0.0,Oct 24 2008
39,39,????????????,0.0,0.0,Aug 29 2008
40,40,???????????????????,0.0,0.0,Aug 28 2008
