,Unnamed: 0,Reviews,polarity,subject,Dates_extracted
0,0,"Beautiful incredible fancy great amenities Simply wow ! This another wonderful surpirse Pacific Delight Tour. Hotel located good distance away main shopping areas river, however good location (only one block subway). BTW - subway system probably beautiful clean modern world. It short trip Pudong. The also located next soccer stadiums used Olympics pretty good mall block away.The lobby luxurious, staff amazing. The restaurants far I expexted. There even little ice cream shop small casual snack restuarant want casual drink sandwich. There also luxurious restaurant entertainment. Business center cheap internet. My room wasa spacious smarlty decorated, bathroom large large sink counter. My view cool - I could see stadiums. Don;t miss ride glass elevator nightime.",0.2977134646962233,0.6504269293924466,Nov 18 2009
1,1,"Good Value Not great location Stayed one night recent trip Shanghai. Located outside Shanghai Indoor Stadium Station lines 1 &amp; 4 metro. Also close sightseeing bus centre Shanghai Stadium main reason booked here. The pleasant suprise lovely breakfast buffet. Fortunately, included room rate. As central parts Shanghai, bit inconvenient, metro easy enough negotiate signs maps English.",0.1487179487179487,0.5371794871794872,Sep 29 2009
2,2,"Very Good good amenities good food We stayed part tour group package. Our last day, exploration day, staff recommended take cab People's Park, versus taking nearby subway. It hot humid cab definitely way go, located central part city, knows central anymore city 19 million people process constructing population 33 million! The staff helpful food excellent. We used fitness center, also good. There pool, time it. It looked fine. The fitness center windows overlooking one many highways connects area good. We found room spacious comfortable, bed comfortable compared hotels tour. We stay 5-star Beijing beginning tour, almost there, quite. I'd say 4 star good one.",0.38912698412698415,0.5253174603174604,Aug 11 2009
3,3,"Clean friendly nothing spectacular... Not I expecting anything spectacular, Hua Ting bills 5-Star hotel. It certainly amenities, conveniently located near subway stop, there's nothing charming hotel, located pretty far downtown. We explore Shanghai wished stayed closer downtown.",0.3673280423280424,0.7746031746031746,Jul 30 2009
4,4,"Five Star This five star remarkable changing city. It centrally located, near subway. The food rooms excellent. Most staff speak good English. To give example service, one guests tour found camera batteries dead. One bell people took taxi, went store, found several makes batteries would fit, called guest back mentioned brand names prices, asked battery wanted. This beyond call duty.",0.29083333333333333,0.39166666666666666,May 12 2009
5,5,"Helpful Staff ..Great breakfast.. average rooms I've always stayed place Shanghai. What kept going back location, friendly helpful staff good buffet breakfast.I'd like mention one name particularly thank service ...I think lobby /assistant lobby manager - TINA. I running late important meeting another town needed take train understood urgency situation planned everything getting tickets arranging taxi making sure taxi driver best getting ASAP. The rooms average, buffet healthy pretty good.If questions please feel free e-mail vmail19@yahoo.com",0.2636904761904762,0.5301587301587302,Jan 24 2009
6,6,"Great food Best food I China, plenty tasty. Excellent (modern design, nice &amp; clean rooms) nice view Olympic Stadium. The business center expensive internet rate. Great location, next Metro (line 1). Nice swimming pool (on 3rd floor) sauna, steam room, aerobic.",0.3976190476190476,0.5642857142857143,Jan 7 2009
7,7,"Very expensive breakfast I stayed returned due location (adjacent subway line 1) convenient meetings Shanghai. This time price higher I enjoy special pricing holidays. More importantly breakfast included. The breakfast bufffet good price outragious. This far I paid breakfast China. The cost 340rmb 2. This much I paid room Crowne Plaza (nicer hotel) including 2 breakfasts days later Changsha!!! If must stay hotel, cross street go Starbucks.",0.1308673469387755,0.48260204081632646,Nov 20 2008
8,8,"Nice place stay Stayed part Pacific Delights tour. It best food tour. Nice rooms, looks little dated. Overall nice experience.",0.46541666666666676,0.6333333333333333,Nov 14 2008
9,9,would never stay The lobby best thing going it.The room I old grubby looking. The carpet something I never put bare feet on. Mold bathroom.Hard beds. I asked ironing board one sent large whole right pad.Great breakfasts $25 CDN.Stay away pizzas. Poor location near stadium although subway right outside doo.Across road outlet mall lot knock type storesbut drugstore.This part package tour deal.,0.18357142857142858,0.3549999999999999,Aug 2 2008
10,10,"Good Strategic Location Intro- After staying couple hotels centrally placed (ie next Yanan Road), I realized needed one closer factory I visit trips located zone South Shanghai.Location Logistics- This situated South main city. It literally opposite Shanghai Stadium Complex side IKEA. It also short cab ride Xui Jia Huai Shopping Mall intersection (5-6 Malls).- It's next couple Metro Connections take easily parts city. Taxis abundant. It also less tedious people reach Pudong Airport road linked roads leading Nanpu Lupu bridges. Rooms Design- I Superior Room, means basic. The room clean, odours equipped stuff like safe, kettle etc Hot water available.- I'm N American European I find &quot;Stiffer&quot; non-fluffy bed mattresses Asian default thing. Hence I found hard soft either.- The interior design room standard outdated many people complained here. It &quot;shine&quot; even close shabby. - The views 2 types. I got view back faces huge empty ground surrounded concrete jungle (ie nothing write home about). The view side &quot;S&quot; shaped good - facing amazing stadia complex couple interesting buildings.- The lounge, lobby,hotel restaurant, check-in counters best grandest I've seen Asia. Very glittery eye-catching. The interesting elevator hall lobby quite nice 10 super fast elevators available 24hrs.Service/Safety- All requests phone counter met quickly quite efficiently. The English language levels 5-star hotels - &quot;getting there&quot;.- As 5-Star Hotels Shg, place heavily secured lots staff cams. You fend couple pimps exit hotel's compound outside - walk wont problem. Amenities- Since winter, I check breakfast buffet really good. - A nice 24-Hour Deli serves good quality bakery items coffee.- Just outside (in corner compound) 24 Hour mini-mart useful buying stuff costs lot room fridge.Opinion/Pros/Cons- If busy business traveler whose main job visit industrial zone/offices South, perfect hotel. In evening, less, traffic, easily hit Pudong taxi.- It close eating places Xui jia Huai Shopping Complexes.- If lucky, might catch concert Stadia complex hosts international acts throughout year (It Harry Connick Jr, Celine Dion Maroon 5 I there.)- If romantic holiday short site seeing trip, central ideal explore Shanghai. Cheers",0.21880672926447575,0.4335145058384495,Mar 30 2008
11,11,"Not best but... I stayed couple times and, OK, behind shining foyer getting bit run service good I found Peoples Republic China. The rooms faded comfortable, buffet good throughout day, particularly breakfast. At price, average. Tourists may want central location metro fast, efficient, cheap outside hotel. I'll back...",0.24131944444444445,0.4201388888888889,Feb 25 2008
12,12,"Nice We really enjoyed stay found good value money. The room spacious clean, beds comfortable. We 11th floor good views city. The indoor swimming pool sauna good staff helpful. Our concern location central there's metro station outside easy get around city using this, taxi cheap. The restaurants quite expensive used local restaurants cafes near instead. The popular business people international tourists. Overall great stay felt offered good value money.",0.325,0.5591666666666667,Jan 1 2008
13,13,"Happy Hua Ting Hotel Towers We part Pacific Delight Tours group first 13 day itinerary. Our stay brief arrived late Friday evening, went touring day Saturday checked early Sunday morning.Two Shanghai stadiums across way including venue 2008 Olympic (Women's I think) soccer.We quite pleased property overall. We non-smoking recently remodeled rooms 14th floor. The rooms featured large 32&quot; LCD TV, good lighting, ethernet port (did time use), nice bath lotions etc. Fitness room great well indoor pool, sauna hot tub.Very good breakfast buffet good selection Western well Asian menu items.The center town easily reached subway 25-30 minute cab ride away.By way, there's nice department store across road called Foxtown. If hungry go basment level food court find 10 different inexpensive food venues. We dinner four around $10 US! There's also McDonald's well Papa John's.Wish chance stay longer. Maybe next time.",0.283982683982684,0.5081168831168831,Nov 18 2007
14,14,"Called 5 star I think This final stop &quot;Return China&quot; tour heading Hong Kong. Upon entering hotel, lobby quite lovely common areas floors. But 5 star rating ended far I'm concerned. My daughter I traveling friends group tour adjoining rooms. It quite obvious adjoining doors opened very, long time area doors filthy!! I understand stains hotels filth staff opened doors unless blind, care. Mold also problem bathroom thing grossed worse used bathrobes provided. I assumed I put robe clean. After minute two, I seem get scent men's cologne head. I finally realized coming robe!! Obviously guest us used robe too, hung housekeeping never changed out!! Needless say, I called manager seemed totally unconcerned unable understand discomfort. I asked housekeeping bring 4 clean robes 2 rooms took another shower moldy bathroom. The spa pool areas quite nice (and mold free) whole caters much business crowd group like ours. So went swim even though ones pool, attendant kept coming looking annoyed. In fact, every stayed trip, staff least friendly least helpful. The extensive breakfast buffet excellent. We also lunch small cafe lobby priced good. And again, definitely used catering business crowd menu choices child friendly. I'm sure tour company uses time group Shanghai falls weekend conferences going on. It happened changed itinerary get extra day Shanghai ended arriving Friday rest group arrived next day. The location far Bund Yuyuan gardens since tour, matter much transportation taken care of. It took long time get anywhere. There Quik-Mart right outside small grocery store street able get drinks snacks kids. And tucked back behind stores, amongst construction going around hotel, wonderful little resturant went called Xiao Ting. Walk front door, take left little house looks like belong ther absolutely wonderful!! That last dinner people group close hotel!",0.052397523111808834,0.559583878423164,Aug 15 2007
15,15,"Nice Hotel so-so location We stayed Pacific Delight tour. The nice, probably best bunch tour. The gripe I location - always 15-30 min cab ride anywhere; good thing cabs cheap China! Good stuff: Great breakfast, nice Dim Sum place next this. There quick mart stuff lot cheaper mini bar outside door. There subway stop outside, bus station day trips outside. The room comfort. Staff.Bad stuff: location, location, location. It far Bund, YuYuan gardens, Quipo Lu (shopping), almost everything else. If closer, would great place stay cheap (but would cost more)...",0.40701754385964906,0.581578947368421,Jul 20 2007
16,16,"Good business conference location Good, large clean. Large rooms. I wasnt able check fitness spa area though. The breakfast buffet opulent, Asian noodles dimsums eggs variations. An all-night bistro provides pizzas noodles, good survive conference. The lobby staff tends little stressed understaffed time. Queuing likely here.You ignore frequent girl traffic night passing lobby lifts. They wont bother dont bother them. Cant judge acc. price I didnt pay bill.",0.3173115079365079,0.5235119047619048,Jul 3 2007
17,17,"Nice Hotel I stayed 1st April 2007 till 4th April attend exhibition &quot;Everbright center&quot; excellentlylocated next exhibiton (less 10 min. Taxi), I room executive floor, room normal lovely view (floor 26), staff executive floor super excellent; friendly helpfull well trained deal businesstravellers, room price include, wireless internet, coffee teaat time plus breakfast snacks, business center &amp; dry clean, I bet worth paying extra executive floor. The thing I missed able walk around evenings without taking underground Taxi, there's much area (not touristic like Nanjing) although there's malls2 underground stations away, Nanjing much better.....",0.24656862745098038,0.5034313725490195,May 3 2007
18,18,"Mold ruined stay. Hotel Guest November 30 December 5, 2006When car pulls luxurious looking Hua Ting Hotel &amp; Towers, think made excellent choice incredibly reasonable price. The lobby bustling international travellers.......the marble floors glistening water fountains dancing.....definitely 5 star feeling first floor. When check room, heart sink find bathroom black mold everywhere. The rooms seen better days.......they necessities, showing signs wear. The 2 rooms I experienced (I requested room change due much mold overheating) unacceptable. I sure carpets never cleaned!!! I travelled world stayed levels hotels. I never experienced incongruities presentation..........outside room palatial spotlessly clean....inside room want call health officials!!! This bad luck. I spoke several guests stay complained varying levels mold dirty carpets. Unfortunately me, I highly allergic mold stay respiratory system compromised. The buffet breakfast main floor absolutely incredible.All food beautifully prepared displayed....delicious!! The main bathroom lobby spectacular.....if I could booked room stay!I speak concierge problems. I sent email management copy Preferred Hotel Group Hua Ting within group. I receive response director Preferred Hotel Group said would look problem. I would certainly call directly committing booking room.Rosamund ParkinsonMontreal, Canada",0.11605826465201467,0.5673199023199025,Dec 21 2006
19,19,"Amazing Hotel! This simply amazing! The rooms immaculate, beds clean comfortable breakfasts offered much variety (both Chinese Western style). I loved location though... steps away metro, 711, right across Fox outlet mall. I would definitely stay again. We arrived cramped room Princess Elaine 3 gorges tour. We felt like royalty!!! p.s. If take metro go pedestrian shopping area, take #1 #2 make sure remember entrance. If don't, upon return, long way walk get back hotel.",0.3001831501831502,0.5095848595848597,Sep 25 2006
20,20,"5 stars? I think Somehow, cannot count. It nowhere near 5 star International hotel. My initial room internet work, toilet work aircon work. They moved another room aircon work. Food average expensive. Unfortunately hotel, I frequent traveller. They need improve considerably able classify 5 stars.",-0.06703703703703706,0.4138888888888889,Dec 13 2005
21,21,Good Hotel Our room large comfortable. The bathroom well-equipped spotless (it could use better ventilation system.)The buffet breakfast excellent coffee machine confusing people led occasional lines. We found staff friendly helpful. The Metro station right outside front door center Shanghai 15 minutes like get walk around city central location would better choice.,0.29107142857142854,0.449234693877551,Nov 15 2005
22,22,"Mixed feeling Hua Ting Hotel &amp; Towers used Sheraton owned chinese group. Although newest, first impression good, certainly run down. Most impressive big elevator tower always guarantees quick ascents descents, also top floor restaurant.Its setting is, near Shanghai Stadium, somewhat remote city center underground station front entrance. In time youÂ´re Hengshan Huahuai road. Not difficult get taxi either.On average price room lower 4-5 star hotels would good deal. That saw cockroach emerging bed cover left room last time! Probably incident something happen stature. Will think twice book again.",0.17978174603174604,0.38926587301587307,Oct 29 2005
23,23,??????????????,0.0,0.0,Nov 13 2009
24,24,?????????????????????,0.0,0.0,Oct 19 2009
25,25,?????,0.0,0.0,Oct 17 2009
26,26,Una ciudad para volver,0.0,0.0,Sep 18 2009
27,27,????????????????,0.0,0.0,Aug 14 2009
28,28,Una estancia correcta,0.0,0.0,Jul 4 2009
29,29,?????,0.0,0.0,Jan 21 2009
30,30,??????,0.0,0.0,Jan 14 2009
31,31,5???????,0.0,0.0,Sep 19 2008
32,32,regular,0.0,0.07692307692307693,Sep 8 2007
