,Unnamed: 0,Reviews,polarity,subject,Dates_extracted
0,0,"Top Notch Convenience Business Pudong Beyond The St. Regis Shanghai convenient Maglev station PVG airport. This great location business Pudong, might quite good sightseeing.The amenities fixtures par St. Regis properties, however intimate feeling like others. Definitely caters business travelers needs. All services including checkin/out, breakfast, executive lounge happy hour went without hitch.Without repeating comments made travelers, major negative would bed. Although I OK it, far firmest bed colleague staying another room every encountered. If picky mattress might get good night's rest.",0.2675,0.6,Nov 9 2009
1,1,"Very nice; complaints Stayed 4 nights business trip. The rooms cooky cutter, finished nicely stylishly. The rain shower head particularly welcomed 28 hour straight negotiating sessions.They offering deal $25 per night access club floor, included breakfast free drinks hor'd vers (sp?) night. Worked hard enjoy this, could free drinks, definitely would easy justify. The lounge top floor amazing view (smog permitting) free internet.The also accomodating far staying late meeting sessions letting us use lounge area meetings almost all-night long.",0.3009649122807018,0.6688596491228072,Nov 6 2009
2,2,"St Regis My first ever St Regis stay although somewhere lush, didnt disappoint me.",0.175,0.31666666666666665,Nov 1 2009
3,3,St. Regis Shanghai great service wonderful rooms The St. Regis Shanghai plenty super helpful staff 24x7. The rooms exceptional best shower I've hotel! The buffet breakfast good. Conference facilities good silently helpful staff hand entire time.,0.6011111111111112,0.6468518518518518,Oct 9 2009
4,4,"amazing experience We loved - great staff, short walk metro, large rooms bathroom, gorgeous hotel.",0.5023809523809524,0.6797619047619047,Oct 8 2009
5,5,"Not bad 4 star real solid 5 star - missing soft side I like hardware...really nice looking lobby, nice pool, gym...etc, something kind missing true 5 star hotel.I ate meal chinese restaurant charged snack brought I ordered dinner...I thought complimentary body told not. I also seem get butler service any. And old already showing major signs age...especially carpet.Overall, bad better probably 90%+ hotels Shanghai.",0.23416666666666666,0.4733333333333334,Oct 8 2009
6,6,"My 'default' pick Shanghai I've stayed many times, various duration. This 'default' pick traveling Shanghai business. It's located quiet convenient area Pudong. The room's spacious, well-maintained facilities &amp; amenities. bathroom's great big tub + shower actually feel water pressure. The staff's friendly &amp; resourceful despite young female chinese solo traveler who's likely receive maltreatment. vry cozy without feeling uptight like international brands. like fruit basket &amp; breakfast too!",0.1701388888888889,0.42361111111111116,Aug 18 2009
7,7,"Treated like royalty We stayed King Deluxe room six nights trip Shanghai. The room nothing short fabulous personal butler service impeccable. In fact, entire staff - front desk, door, restaurant room service - amazing. Our suite large spacious living room, office area powder room. The bedroom separated living room large double doors. There large flat screen TV living room bedroom. The bedroom walk closet fully equipped large safe, iron, ironing board plenty cupboard drawer room belongings (in addition dressers bedroom). The en suite bathroom palatial. Clad marble, separate toilet area, huge soaker bathtub (with little TV mounted wall) large walk shower. We expansive view (virtually wall wall) Shanghai city lights living room bedroom. They even added extra touches like fresh lilies roses, bottled water chocolates. High speed internet included rate course.Although might appreciate fact central shopping tourist area, enjoyed coming back quiet, relaxing oasis city. The amenities also amazing - large pool view fully equipped fitness room. The quality service amazing. We jetlagged decided give fighting we'd order coffee tea middle night &quot;personal butlers&quot; would bring promptly insist set pour you. When nose piece glasses fell off, front desk immediately located crazy glue me!",0.20206989247311832,0.48784946236559146,Aug 5 2009
8,8,"The best service Shanghai In trip, I stayed Four Seasons St Regis, say St Regis without doubt nicer two hotels. The St Regis staff eager please, spoke excellent English, provided exemplary butler service, free pressing 2 articles clothing, free coffee tea room. It civilized experience Chinese tea morning I packing leave China. Furthermore, airconditioning nice powerful -- important Chinese summer! I stayed St Regis I transit elsewhere China needed overnight Shanghai returning USA. The St Regis closer far quicker PVG airport Four Seasons (the taxi ride airport night cost 120 RMB - less $20), 20 min 40 RMB Maglev PVG daytime. The room great: rainforest shower, generous toiletries, bath tub bath salts made wonderful back first-world city traveling Tibet. The view toward Puxi also pretty good 32nd floor, though Shanghai really one picturesque cities world. I go swim due lack time, pool looked inviting. I good late-night workout gym (which, unlike pool, open 24h) arrival. There used tennis court 7th floor, fitness center attendant said closed while, planned reopening.I sure I would stay base exploring Shanghai distance Puxi, exceptional service, I would delighted stay future.Tip: cabbie know English name, ask &quot;ruiji hongta jiudian.&quot; Hongta means red tower Chinese, tower really lights outline red top bottom. Starwood good giving Chinese names hotels China, make sure get name address China Chinese calling arrive, cell phone hand cabbie.",0.2167441860465116,0.517312661498708,Aug 1 2009
9,9,"thumbs executive lounge teenager son room 20th floor 2 double beds use executive lounge. size room spacious, tastefully decorated, largebathroom amenities need. loved beds rather hard used soft mattress, may pose slight problem.turn service great, always left slippers chocolates us. everyday, housekeeping also left us fresh fruit many bottles water. breakfast evening happy hour 5:30pm 7pm always went executive lounge 40th floor enjoy drink nibblies plus great skyline view pudong. 2 particular exceptional employees made stay much enjoyable..alexander rain. treated us like royalty always addressed us last names even remembered liked drink alexander would bring us. plenty eat...always 2 hot appies plus many cold ones, cheeses, rolls, many desserts fruit. never go dinner afterwards well fed. liked st regis every staff member tried accomodate every one needs...ex: son playing billiards fitness level really warm told pool attendant immediately called air condition come full blast. needed that, would always try bestto accomodate promptness courtesy. found impressive. complaint booked tour ZHOU ZHANG, water city, concierge cheap tour company used HORRIBLE&gt;they picked us 8:30am drove us 2 hotels pick 4 passengers time got destination, 2 1/2 hours long ride BEAT UP old mini van uncomfortable seats. drive 1 1/2 hours long !!! tall, like north americans, mini van would awful enough room long legs airconditioning strong enough summer heat. tour water city alsovery rushed, time pick souvenirs all. transported us called&quot;first class chinese restaurant&quot; ZHOU ZHANG, food almost unedible !i chinese picky eater son barely touched lunch ! example, one dish scrambled eggs onions (which bad), another dish fried celery !!! also served fish tasted like gutter ! restaurant cheap allowed ONE glass either pop, water, beer. glass 150ml !!! additional drinks, needed pay extra !!! afterall, paid almost USD$200 two us tour. I would suggest book tour company pay little book private driver lot comfortable leisure time need it. end tour, felt claustrophobic uncomfortble van got early another stop instead staying another 20 min ride . next day, 15 year old son physically sick heat van, traveling unedible lunch offered.definitely stay st regis shanghai little far center city side river taxis cheap , $6 7 usd, get center town. addition, nothing much around except little convenient store around side street local restaurants never time try. thumbs service big thumbs DOWN tour booked concierge !!!!",0.10206450249853027,0.4846560846560848,Jul 23 2009
10,10,"Great Hotel Shanghai The St. Regis great Shanghai. The service polished, rooms beautiful, food delicious. During stay Shanghai, also stayed Four Seasons say St. Regis cut hotel. One minor drawback St. Regis longer cab ride shopping sites Shanghai; however, would deter staying again. This great property.",0.6,0.6500000000000001,May 25 2009
11,11,"Lived Standard... We stayed three nights got 3 2 deal could fault value. The staff attentive helpfully directing us city glad changed reservation expensive Grand Hyatt felt little stuffy. The subway cheap efficient Bund much quieter. However trip Grand Hyatt (or Park Hyatt...two hotels almost next door other..most confusing!) worth tower indeed tall. However go lounge coffee save entrance fee public viewing gallery. Admittedly 12 floors lower...but hey still hell long way everything else! Great pool people breakfast selection overrun tourists seems business hotel. We booked executive package got evening cocktails...well worth one one night never made dinner food selection enormous!Our Gripe......The fact bedroom charged wi-fi Internet still bugs us. In main areas complimentary, far lesser chains offer free wi-fi hotels still feel able justify charge????",0.19439102564102562,0.4913461538461539,Apr 6 2009
12,12,"A extraordinary experience Shanghai Had idea expect hotel. The trip treat myself, I thought I'd go &quot;all out&quot;, I booked St. Regis.The exterior pretty plain, tall thin dark bronze tower located Pudong across street gigantic apartment block, nondescript. The entry large concrete drive busy corner flagpoles. A bit turn first, first day, sight flagpoles became comfort, like rounding corner catching first sight house. Check bit overwhelming, good way. I welcomed door staff escorted inside. The lobby staggering restrained St Regis way large several-story open space finished dark wood, stone gold tones. The doorman handed trio butlers reception staff, organized paperwork introduced hotel. Now, long flight. I'm Hawaii due business constraints I fly HNL LAX ORD Shanghai. By time I standing reception desk I bit woozy. As reception came close, staff asked please wait moment, point I absolutely knew realized I belong prepared ship someplace I did. Instead, I felt gentle tap shoulder, greeted tall, attractive woman introduced general manager hotel! She welcomed Shanghai, asked long flight was, asked anything I needed, thanked choosing St Regis sent way. Should ever doubt make guest feel special, GM owner takes time greet guests one one trick. A butler showed room. As Starwood member (and arriving immediately conclusion Olympic Games), I upgraded standard &quot;Deluxe&quot; room Mandarin Suite. The butler opened door jaw fell floor. Larger first house fourteen foot ceilings view would quit. Of course, I belong I let butler stunned I was. The entry marble-floored led living room couch, table chairs, cabinet flat screen TV top, windows waist ceiling, large desk printer/fax, reference books return. And Aeron chair. Walk double doors bedroom settee, king bed, armoire second flat screen, bathroom walk closet. The bathroom two entrances, one bedroom one walk closet. There another flat screen bathroom, separate shower jacuzzi tub, generous space. Everything best quality, doubt I arrived. The location ok. The immediate area around hotel, Pudong, visitor-friendly locale. Streets lined walls apartment blocks built around attractive courtyards walled gated public. But easy get around parts city here. And wanted get busy craziness touristy places like Bund, flagpoles front St Regis welcome sight. The also supplied pocket card common translations English Chinese, along common destinations address translated. I always felt confident I could get cab (cabbies NOT speak English whatsoever) find way around, least back start over. Food good, and, I try flagship Danieli's, service always polished professional restaurant downstairs room service. This would place stay looking action. The lounge always quiet rest hotel. Guests seemed around morning breakfast, busy, things rest day quiet. Very comfortable relaxing days work touring, exciting looking party. I loved hotel. It comfortable, quiet, sumptuous respite polluted congestion gorgeous Shanghai.",0.2019385216773276,0.4818301350390903,Jan 14 2009
13,13,"Impeccable service St. Regis!! Without doubt one luxurious hotels Shanghai. I walked lobby jaw dropped I looked around. The staff formally dressed tuxedos. Everyone smiling happy greet warm welcome. When checked I needed money. My bank partner bank Shanghai. I wanted go specific bankâs ATM. The concierge said confusing get myself. They offered one staff members accompany I wouldnât get lost. I impressed offer. The St. Regis pays extra special attention detail trying make stay comfortable. There fruit basket water room flowers bathroom. The room spacious bathroom lavish marble floors, sink nice rain shower. The Italian team Grand Prix stayed stay. The entire front end staff greeted returning team champagne race came second. We got witness celebration. The staff went celebration. I didnât lot free time walk around local area always time schedule tour. We take cab Italian restaurant 35 minutes away hotel. The fare $6 USâ¦amazing!! The driver didnât speak English tried show us important sights drive restaurant. I would definitely stay I visited Shanghai future.",0.3052747252747253,0.5229395604395605,Nov 13 2008
14,14,"Loved stay St. Regis I loved 8 night stay St. Regis!!! The beautiful, food Danieli's restaurant 39th floor fabulous, breakfast buffet good &amp; room incredibly comfortable. I stayed one women floors nice feature offer, makes feel bit safer woman traveller. The St Regis everything would expect five star thing seem five star doormen, level friendliness I received five star properties. Overall fabulous &amp; close Metro station perfect!Note: Taxi's Shanghai inexpensive traffic miserable Metro quick way get around.",0.28989583333333335,0.70625,Sep 26 2008
15,15,"Good But Some Very Annoying Gremlins Stayed St Regis 3 nights based reviews tripadvisor also I Starwood points redeem. Having previously stayed The Shangrila Eton Hotels Shanghai, looking forward staying St Regis read many good tghings it.What GoodQuality good. This includes public spaces lobby, pool area, gym bedroom. All high standard complaints.Room (not exec room) spacious enough bathrooms well fitted marble floors, large bath rain shower. Bed comfortable tv reasonable number engllish language channels considering China.Not GoodSeems though started charge wireless internet access even though inroom guide says still free nothing opening web page suggests charged it. On checking I noticed charged 100RMB night I complained manager stated started introduce charges ! At least guys, please inform guests upfront change policy !For business hotel, seemed dead night. Maybe due mid autumn holiday place lacked atmosphere. Totally different Shangri la always buzzing.If fancy late night drink bar, seems though shut midnight 5 star Shanghai ridiculous.I found service executive room strangely cold. Going cocktails friend 6.30 got totally ignored lady walk ask drink. Also dont expect much food left arrive late 5.30- 7pm drinks 6.30pm !Location isnt great tourists although 5 min walk underground. You right middle Pudong isnt exciting place world !",0.0892892156862745,0.5062535014005602,Sep 17 2008
16,16,"Everything You Want And More Everything works exactly way St. Regis Shanghai. And, considering service economy gap currently exists throughout China, that's mean feat. This respite oasis &quot;pretenders&quot; desperate Western business really can't provide comfort, cleanliness language facility required. Service amenities match, exceed, Starwood luxury properties. And pictures lie. The actually looks way appears Internet glamour shots. True, Pudong trek Puxi hellish Shanghai traffic taxis dirt cheap -- 35 yuan (5.11 USD) even heaviest congestion -- major expenditure time (approx 40 minutes rush hour traffic), money. On brightside, given Pudong location, airport 50 minutes (fare approx 140 RMB; 20.44 USD). That's bonus early morning flight, I did. And touristy things want -- Oriental Pearl TV tower Shanghai history museum; Jinmao tower restaurants bars Grand Hyatt (e.g., Cloud 9); Shanghai Uncle; Riverside Promenade along backside Oriental Riverside Hotel property; Oriental Art Center; etc. Pudong anyway.The St. Regis Shanghai butler service quite swank. So, do-it-yourself person, it'll take getting used to. But acclimate quickly! I highly recommend butler Melannie Zhang. She sweet, bright, quick accommodating young lady. Not hard jaded all. I'm sure ask butlers name, but, possible, I'd request assistance I you.",0.1243672839506173,0.5354835390946503,Aug 10 2008
17,17,"Superb Hotel Excellent Service! I stayed St. Regis Shanghai 14/07/08 18/07/08. There one word describe place - SUPERB.Distance Pudong Int'l Airport 45km (1 hr drive). Checking breeze. Service top notch staff greeting whenever I hotel. The room big clean. The bathroom mirrors walls choice using shower cubicle huge bath tub. Bathroom amenities complete - shower gel, shampoo, body lotion, talcum powder, cotton buds, etc. Internet free hence business travellers find convenient.The located restaurants opposite street. Just behind 24hr convenience shop coffee club. If choose walk little (10 minutes), try Lao Shan Road many Chinese seafood restaurants fruit stalls. Overall experience - satisfied.",0.2317982456140351,0.5407894736842106,Jul 21 2008
18,18,Superior Service The employees bend backwards guests. Every detail addressed. The business district Shanghai easy get around. Our complaint beds hard rocks.,0.13433333333333328,0.7283333333333333,Jun 16 2008
19,19,"Only 4 41!/2 !! Although nice hotel, I think overrated slightly. It definitely &quot;4&quot;, hotels Beijing much nicer.Our breakfast served tour group nice, outstanding. Beds comfortable room clean nice amenities.",0.33185185185185184,0.8094444444444444,May 25 2008
20,20,"Loved St. Regis The car service airport excellent, arrival shown straight room. The room spacious bathroom luxurious. We found staff attentive friendly. We stayed one night way Beijing wish stayed longer. Our favourite two week trip China.",0.5589999999999999,0.74,Apr 20 2008
21,21,"Terrific Hotel I stayed late January attend investment conference taking place nearby Shangri-La Hotel (which double price time conference). I stayed opened 6-7 years ago, expected might deteriorated since - nothing truth. The lobby grand, rooms incredibly plush comfortable, room well designed desk comfortable chair work, excellent lighting. Bathrooms also kept top condition, pleasant rain shower.The service also impeccable top bottom, lounge upstairs worthy rivalling Starwood property.In fact, since stay 2001, become much convenient location city built around hotel, addition restaurants, excellent Shanghainese restaurant outside hotel's front door (to left street). Loads cabs hang around now.Pudong might everyone's cup tea (it still little bit planned sterile PuXi - Singapore Hong Kong comparison west river, perhaps) I thought property great. It's certainly easy get Pudong International Airport.I definitely come back.",0.32437499999999997,0.5645833333333334,Feb 14 2008
22,22,"A great Hotel business stay. I spent week St. Regis. The staff, rooms, meals, first class. The staff St Regis GREAT, make stay pleasure. I never concern anything, car service airport adding pillow top bed make softer.The shopping district night club area, want stay side river old Shanghai, great relaxing stay work, can't beat place.One last thing, check Malones American Cafe side town cold beer great burger too.",0.2384615384615385,0.4576923076923078,Jan 1 2008
23,23,"Luxury Shanghai The St. Regis Shanghai outdid service went three days celebrate daughter's birthday. Although I booked discount rate (3 nights one night free, total price $558 including fees taxes), treated like royalty. The room luxurious wonderful beds softest sheets. The spotless marble bathroom huge soaking tub rainforest shower. Our room supplied complimentary fresh fruit drinking water times. All guests invited executive lounge 40th floor elaborate breakfast spread, complete brie. Drinks desserts served evening. There free wireless access room, want carry laptop, check email executive lounge, even borrow book read library. The pool also pleasure. For daughter's birthday staff went out: cookies favorite fruit (kiwi) arrival birthday present, darling panda stuffed animal. When returned room evening, delivered dozen red roses cake said happy birthday, complete name. The staff helpful every way, concierge accomodated desire travel ferry, subway foot well taxi writing little notes Chinese use day long. We hated leave wonderful hotel!",0.23312499999999997,0.6074999999999999,Nov 20 2007
24,24,"Marvellous Pudong Place The St. Regis purely marvellous. I've never stayed like I'm sure it'll take I find compareable again.I working Shanghai 5 weeks decided call St. Regis home time - bad decision. The staff's great, service excellent rooms really big. No matter room, bathroom impressive rainforest shower simply one best ways start day.We enjoyed breakfast Executive Lounge free SPG, area around great well. You eat hotel, better places around get authentic chinese food, even speek language. Here's must: leave lobby, turn right walk tiny park hit next street, turn right sit one food places street - delicious.",0.42762660619803483,0.5677626606198035,Sep 22 2007
25,25,"Great Spent 2 nights part Viking River Cruise Tour. The room great, service great, food great, altho meal ate breakfast. The upstairs bar makes best cosmo I've ever (no I one breakfast). All-in-all, I've say SR great!",0.6375,0.6437499999999999,Sep 21 2007
26,26,"Loved place except location I spent week business found St Regis oasis.The room beautiful bathroom divine. The bed comfortable I slept well. The executive lounge access limited higher level booking though. It intimate, quiet venue great view sunset.I found complimentary breakfast nice. They great cup coffee feature dumplings, Chinese food addition usual things westerners desire.The exercise amenities simply superb. They adequate selection eliptical, tradmill, bike rowing machines addition full set machines free weights. Even more, men women enjoy separate steam, sauna, jacuzzi amenities. And beautiful pool. And also rooftop tennis court. It keeps going. If need place live Shanghai, good choice since offers variety amenities. I found Cantonese food on-site Chinese restaurant bland surprisingly, overpriced. However, Pudong area demand level competency Mandarin might restrict venues. Once across river, things bit easier language-challenged traveler.Only one disappointment. . .I received &quot;visit 2nd floor gift shop free gift&quot; card check-in package. Baloney! This scam based selling reproductions traditional art requires buying 300RMB silk mounting. Don't fall - Shanghai full art scams disappoints one located St. Regis. I really enjoyed hotel. And I &quot;St Regis experience&quot; measure against, I look forward staying recommend it.",0.2865973440973441,0.5377799227799228,Aug 27 2007
27,27,"Took good care us! Having stayed many top-rank international hotels hefty fees everything, I found St. Regis refreshing. From start, welcomed, butler bellboy showing us room. Although group tour, invited top-floor executive lounge, given tea hot hors d'oeuvres happy hour charge. Internet terminals business center steep 90 yuan half hour - times I used them, charge. Even laundry fees price toothpaste lobby shop quite reasonable. So felt like St Regis really interested taking care us.Our basic room comfortable good-sized large bathroom, separate tub rainforest shower.As much liked St. Regis, I recommend tourists own, Pudong location far anything interest convenient metro. If stay there, light sleeper, avoid Dongfang Road side, views nothing special incessant Shanghai honking quite audible even 15th floor.",0.32109788359788355,0.5967592592592592,May 17 2007
28,28,"Best China From moment arrived here, experience wonderful. The staff attentive nothing much trouble. The room amazing biggest opulent marble bathroom ever. The bed die divine pillows never wanted get from. The butler service excellent. The best part stay amazing pool, one evening, executive lounge, complimentary canapes cocktails/champagne/wine. Breakfast dinner fabulous - one restaurants open 24hours day. The concierge amazing - expecting delivery package stay, arrive. The concierge undertook forward us home country arrived happened without difficulty. Quite best place I ever stayed.",0.5857142857142857,0.6571428571428573,May 11 2007
29,29,"An _almost_ St. Regis Having experienced St. Regis properties (New York, Aspen), I think property actually sister Starwood brand (a Westin) gussied embellish portfolio. In words, since already Westin Shanghai, I think Starwood decided market property upmarket St. Regis crowd branding strategy.I say although features many amenities one might expect find St. Regis, seem thrown together &quot;let's check list&quot; sort way. Which is, I realize, subjective denunciation, distinct impression nevertheless. There nothing especially wrong I can't fault one element stay particular. The exterior aesthetically unremarkable occupies undistinguished stretch busy commercial road (nothing worthwhile within walking distance far I could see). On hand, room immaculate good order. The bathroom modern marbled. The food lobby restaurant okay service decent. The fitness center pool fine free, in-room wi-fi par. But put together, nothing distinguished three-night stay anything extraordinary something I'd expect competent business-oriented hotel. I guess I'm damning property faint praise.One thing worth noting: visitors intend spend majority time visiting old Shanghai (the Bund, Yu Gardens, Xintiandi, Jade Buddha Temple, etc.) note attractions mainly found west bank Huangpu River, Puxi. This located much Pudong necessitate expense cab time order visit many interesting sites.",0.21680481283422456,0.48057486631016033,Apr 29 2007
30,30,"Great service Stayed one night last trip Shanghai, immediately staying Le Royal Meridien. Hotel check-in quick shown room (upgraded suite based Starwood status). Executive lounge open guests spread bit disappointing similar I experienced St. Regis Beijing - I prefer spread hotels closed Executive/Club floor since food/drink selection generally better. Anyhow, room nice, though I found suite decor bit plain (still nice). Nice, large bathroom TV tub. Staff helpful spoke good English, butler service great throughout stay. I'd definitely stay would highly recommend Pudong - aware looking touristy attractions bit far Central Shanghai - Le Royal Meridien right middle action hand.",0.23585884353741496,0.5018962585034014,Apr 19 2007
31,31,Nice Hardware I actually stayed property month. The room St. Regis time largest Shanghai. The hardware actually best I ever seen Shanghai many parts including marble floors imported Italy.Try Italian restaurant top floor go swim large pool. I strongly recommend anyone.,0.36084656084656086,0.40687830687830684,Dec 8 2006
32,32,"Top notch accomodations From moment walk in, excellent.Room: Spacious large windows excellent curtains. Everything worked (lights, tv, radio, faucets, etc.) Iron room, mini bar plenty space luggage. Somewhat noisy due traffic, that's traffic's fault.Restaurants: We ate coffee shop, get full spectrum restaurants, breakfast buffet one best had.Bar: Expensive, that's way is.Facilities: Free internet less 10 minutes WiFi available free. Business facilities good. Exercise facilities amazing.Location: Very close train station, inclined. Taxis convenient. Not convenient shopping locations, willing jump cab, easy trip.Hotel Pens: Steal one. They great.",0.3197751322751323,0.5807539682539683,Nov 23 2006
33,33,"Top score St. Regis We 4 nights (pay 3 get 1 free) St. Regis 3-7 November. Arrived 10pm.from Hong Kong limo ride hotel, driver contact least 2 times, saying expected arrive. Upon arrival, doors opened, friendly faces lined greet us kept getting better. We high floor room large luxurious (silk drapes, chaise longue, executive desk upmarket comfortable chair). The beautiful marble bathroom unveiled behind double sliding doors every amenity weary traveller could wish for. The bed pillows comfortable ever (being part Sheraton group). The executive rooms 24-hour butler service much appreciated. The price included superb buffet breakfast vast would satisfy palate - hot cold choices numerous relate here. The gym good size well-equipped. The whole opulent feel staff super-friendly helpful - talk morning waiting taxi Puxi. Another advantage Maglev train station nearby Pudong side river well worth 10 min. taxi ride airport travel 432kph. Very exciting place world this. Loved Shanghai, St. Regis can't wait opportunity return.",0.2536989795918368,0.6052551020408163,Nov 20 2006
34,34,"Absolutely The Best! Stayed St. Regis September 3 nights part China tour. This without doubt best &quot;5 star&quot; I stayed entire tour. I first stepped lobby said &quot;wow!&quot;. The opulence rooms decors equally impressive. I nice view downtown room. The included breakfasts wonderful. The staff courteous helpful. I cannot comment surrounding area. As part tour group, I never opportunity venture off.",0.5525,0.6833333333333333,Nov 10 2006
35,35,"A 6 (Six) Star Hotel!! We stayed part tour China Ritz tours September. The St. Regis Shanghai rated 6 (Six) Star Hotel! It absolutely wonderful every way. The complementary room service fabulous. It simply best I ever stayed in, I traveled quite lot, business, major cities.",0.4925,0.6314285714285715,Nov 1 2006
36,36,"Good shy Great Stayed St. Regis 6 nights recently. 4 business 3 wife weekend. Overall pretty decent experience.The room nice spacious large well stocked bathroom. The matress pretty hard compare soft beds Starwood properties. Food good - buffet breakfast lunches super. Service business meetings excellent attentive staff hand times. Desk staff Concierge ranged bad great. When I asked one Concierge book dinner reservations Friday Saturday nights restaurants I chose booked Saturday Sunday night. When I explained unappologetic offer rectify situation seem understand I going Shanghai Sunday night. On hand one desk staff went way recomend great place go drinks upon request arranged car collect us trip airport small cafe miles hotel. The car, loaded luggage, arrived right place right time made airport without hitch.The location clearly best taxis cheap trip side river much hassle.It possible get really good rate likely location.",0.25300144300144306,0.6054545454545455,Sep 13 2006
37,37,"Excellent Hotel! I simply cannot understand negative posts location hotel. There subway stop outside! The St. Regis Shanghai wonderful every way. Outstanding rooms, cleanliness, fixtures service. Excellent gym well 2 great billiard tables. It easily one best hotels I've stayed in. Airport pick flawless, check smooth fast. The view club top floor great. We stayed one night way Xian see warriors I would highly recommend one best 5 star hotels Asia. Don't put location. The subway ride Nanking Road worth extra big rooms service. The Westin compare!",0.48966666666666675,0.5527738095238094,Aug 27 2006
38,38,"Wow! The beautiful experience I remember. Location great shopping trip given cheap get taxi, matter much. Every aspect stay arrival check-in conducted room butler service complimentary coffee/tea (and hot chocolate ask nicely) delivered room want it, 24 hours day :)Room excellent size beautifully decorated. Bed pillows could melt into. Bathroom quality too. Buffet breakfast sublime, best one I've ever quality food used good. Great hotel, would definitely recommend stay again.",0.4796875,0.728125,Aug 21 2006
39,39,Excellent Value Shanghai,1.0,1.0,Jun 21 2006
40,40,Great Hotel,0.8,0.75,Feb 14 2006
41,41,Great Service!,1.0,0.75,Jan 6 2006
42,42,Stay elsewhere,0.0,0.0,Nov 9 2005
43,43,Lacks Wow factor St. Regis,-0.012499999999999997,0.6875,Jun 2 2005
44,44,Great Bathrooms!,1.0,0.75,May 11 2005
45,45,Wow,0.1,1.0,Feb 28 2005
46,46,Great business,0.8,0.75,Oct 9 2004
47,47,?????????????????????????,0.0,0.0,Oct 9 2004
48,48,Gran en Shanghai,0.0,0.0,Sep 20 2009
49,49,?????5?????,0.0,0.0,Jul 16 2009
50,50,Tolles Hotel im GroÃstadtgewÃ¼hl,0.0,0.0,Nov 28 2008
51,51,St Regis Hotel Shanghai.... sarete RE per una volta,0.0,0.0,Aug 25 2008
