,Unnamed: 0,Reviews,polarity,subject,Dates_extracted
0,0,"You get pay This standard Ibis located Pudong. A good 20 minute walk away nearest metro station, two shopping areas next door good restaurants, Starbucks, Carrefour supermarket etc. It long way tourist attractions however.Usual Ibis room tiny bathroom (shower, toilet, basin) room bed desk window. Small flat screen TV couple English channels (ESPN, Bloomberg CCTV English channel).Despite reviews saying beds hard, I say hard bed I've sleep since moving China! In fact felt positively soft! However, probably much harder westerners used to. I felt better job could done cleaning. The shower cleaned properly (mould corners, along edges around plug hole) got progressively worse days stayed. There lot noise overnight (we 11th floor) woke several times night - people shouting, car alarms constantly going fireworks. The people staying room us night well I could hear walking around.The staff overly friendly helpful. There free internet available rooms, evening slowed almost dial speed.If put noise, distance everything things bit rough around edges cheap expensive city. However next time, I think I'd pay something better location better experience.",0.11029761904761903,0.37333333333333335,Nov 11 2009
1,1,"Excellent IBIS standard usual We checked-in one night White Mansion Hotel (Bai Sha Hotel) dissapointed change hotel. The room service great usual IBIS hotels enjoyed stay here. Especially, appriciated service level staff spoke English always helpful. But also liked district , cleaniness breakfast. The good choice Shanghai.",0.27499999999999997,0.4708333333333334,Sep 20 2009
2,2,"OK except lacking room amenities 1) Cleaniness: room clean, complaints.2) Location: located opposite Thumbs Plaza Pudong, convenient plenty restaurants Carrefour across street. It little walk nearest metro station, getting cab convenient. Thus, location bad active mostly Pudong side, cab fares trips Puxi side easily make low price hotel. 3) Room: room small basic. There fridge, safe, hairdryer, iron ironing board, tissue, paper cups provided instead usual glass cups, u bring ur shower gel shampoo. We ask hairdryer reception informed days loaned out. Bed hard rock. 4) Service: slightly better typical chinese hospitality.5) Value: make lacking really hard bed, acceptable price pay international brand name clean basic rooms.",0.06938405797101448,0.42971014492753623,Aug 4 2009
3,3,"A clean budget check-in check-out Stayed 2 nights due emergency repairs apartment. This typical ibis (similar France near highways). It surely budget nothing savoured means facilities (a check-in, finish needs done Shanghai check-out). The bed clean comfy &quot;sofa/bench&quot; HEAVILY stained I kept well away that. The bathroom signature ibis prefabricated module type, Grohe shower head sufficient water pressure. I asked non-smoking room, front desk replied specifically differentiate non-smoking/smoking rooms. Fortunately I stayed room reek smoke. There free internet free parking too.There great shops restaurants near by. Itâs also close international exhibition centre. I recommend unless shoe string budget quick business trip.",0.21718750000000003,0.5446180555555555,Apr 26 2009
4,4,"Very good value clean comfortable This new latest Ibis rooms standard french design. Small modular bathroom good big shower. Queen size bed, faux timber flooring, desk window small couch wardrobe. (See photo website). Free broadband internet ethernet cable room. Some international TV stations, inc HBO, Bloomberg French TV, curiously BBC CNN. The Ibis located distance Pudong, far Maglev station Pudong airport. Metro station 1.5km away (take taxi), outdoor mall- Thumb Plaza opposite. It Carrefour hypermarket big range restaurants, bars cafes well Bank China. Good asian breakfast limited western choice, get toast, croissants, fruit coffee 20RMB. A pleasant bar well. Good management friendly desk staff. If price consideration want comfortable, clean international standard free internet international TV, Shanghai.",0.213761346180701,0.4307764278732021,Nov 13 2008
5,5,"Ok only. But I think I'll stay again. 1. Getting there: Good thing printed name address Chinese Shanghai enormous taxi driver would never able find place without address. Even address taxi drivers drove right past. We point &quot;ibis&quot; sign. But like, main road, driveway. So easy find.2. Checking in: HAHA speak English. The whole time there, one manager spoke understood English well enough us coherant conversation. That said, hubby I, speak little halting Mandarin I could definitely say still better staff's English.So check-in bit slow. And gave us smoking room though request non-smoking made reservation. Their response new cigarette smell noticeable. WRONG!! But hard communicate, bared it. But NEVER AGAIN.The bellboy showed us room. And *shock horro* occupied. So left us corridor find new room.3. Amenities facilities: Bathroom amenities toothbrush, unknown brand toothpaste, soap shampoo. Bring buy stuff. Their stuff probably like cheapest find anywhere. They free internet downstairs BUT haha I work work computer. The typing came Chinese writing!!!Oh yeah, free broadband room computer good. I think that's I chose hotel, coz free internet. Others charging ridiculous amounts broadband.4. Restaurant: The breakfast RMB20 per person super cheap expect get pay for. Being unadventurous far food goes, I try things really much choose either. Porridge, fruit, salad, dumplings (that taste nice) oily, salty fried noodles. Juice. I ate once. It enough..5. Location. Ok location. There's big shopping centre across road. Carrefour. Many restaurants, though I would say restaurants kind expensive there. But get attractions town, bit hassle. No train within walking distance, we'd take taxi nearest train station. The taxi RMB20. Not expensive. Just hassle.Taxi town RMB40. Taxi back town RMB65. More expensive coz taxi would make huge round. Take train science centre stop take taxi taxi stand there.6. The room: Small, lots corners stub toes on. Didn't like smoking room smell. But I suppose that's subjective, right? Tiny little bathroom cubicle, I assume standard Ibis hotels. The shower leaked lot water bathroom bathroom floor freezing cold night.Overall ok price. I paid RMB245 per night. Very cheap room Shanghai. But next time I think I'll stay Novotel Atlantis Sofitel Hyland. I ate hotels prefered locations. Didn't like take taxi everywhere.",0.10570282495282493,0.5259908979908979,Nov 12 2008
6,6,Gut sauber und gÃ¼nstig,0.0,0.0,Aug 30 2009
7,7,????,0.0,0.0,Apr 27 2009
8,8,Ibis Shanhgai: VerlÃ¤ssliches Ibis-Hotel sehr empfehlenswert,0.0,0.0,Sep 13 2008
