,Unnamed: 0,Reviews,polarity,subject,Dates_extracted
0,0,"VERY GOOD FOR BUSINESS Spent 3 nights enjoyed services, clean spacious rooms, gym, terrific breakfast. The room quite impressive size, cleanliness decor. The complaint lights insufficient working, IMO. Room rate quite good I thought.We meetings spacious lobby bar high prices tea/coffee unexpected hotel; one meetings held complimentary beverages due local rep making deal. The gym large equipment average; size facility lack staff users made like quiet cavern Friday night. Neighborhood many bars nice restaurants, I really liked residential feel. There tall leafy cottonwood trees lining avenue long distance, many quiet residential buildings area. Plenty tennis played Saturday activity strong around hotel. This good.Recommended neighborhood.",0.26294285714285714,0.5620857142857144,Nov 10 2009
1,1,"Good good location dont confuse stadium (similar name) Most reviewers smart enough check Regal Shanghai East Asia Hotel located stadium, different hotel. I got room management rooms - get using card lift take upper floors. It good deal breakfast included plus free internet. In addition breakfast area want. I liked location - close places needed go. Plus great Mexican place Zappatas far hotel. I really liked going slightly sick Chinese food.",0.24887218045112777,0.6026315789473685,Aug 8 2009
2,2,"Poor Management Excellent staff. 4 star After stayed many times last 4 years, deteriorated 4 stars:- Poor management Hong Kong Assistant Manager arrogant detached clientelle.- Stupid yellow smiley faces worn staff (is Mcdonalds ???)- Cheap brown 'new' uniforms worn embarrased reception concierge staff.More importantly continual messing room rates benefits.As Regal Reward Platinum Member I upgraded Regal Club floor - told 3 days later I could benefits.Unfortuantely General Manager holiday unable respond complaint.In Shanghia, go better....",0.059090909090909104,0.5614141414141415,Jul 25 2009
3,3,"excellent business I've stayed twice - 10 days end March 2009 &amp; earlier 6 days Nov 2008. I like hotel. Check-in smooth, room's spacious, clean, quiet, restaurant staff friendly &amp; helpful. Since I weekend, I used gym well-equipped. There's spa &amp; swimming pool well. You play tennis &amp; squash well.The hotel's located near business area, near popular tourist spots. I could walk office blocks 5 minutes. A large park across &amp; pleasant walk across park business area. The park full activity day - people playing basketball courts, kids playground, people enjoying stroll small lakes, &amp; evenings folks gather dance (line-dance, ballroom, etc) always attracts big crowd.The location used French Quarter old Shanghai lots colonial buildings look at. The streets around tree-lined &amp; away hustle &amp; bustle main roads. Good exploring.",0.282797619047619,0.4855952380952381,Apr 3 2009
4,4,"hated depressing regal east football stadium, think twice staying there....not nice all. rooms, mines anyway, small furnishings basic, like travel lodge. view back stadium, shower height midget, bed hard, towels grey, room smelled smoke etc etc, wasnt cheap 897 night. staff nice either, e.g. I asked breakfast included rate, wouldnt help all. cheek call room ask service stay, I put disturb on....they really didnt first clue service. No bath robe slippers room either. The depressing stay solo traveller yet...never going back.",-0.033854166666666664,0.49375,Mar 12 2009
5,5,"Got paid for; good location We great last minute rate Regal accommodation supposed stay became unavailable unexpectedly. I would consider 5-star would think measures well 4-star. The room decor dated bed harder usual. However, everything worked well really complaints. We liked pillow selection option thought nice touch. The breakfast spread good (much wider Four Seasons Shanghai) loved location. The much personality certainly clean, well appointed adequate purposes, night's stay travelling airport.",0.3564705882352941,0.49882352941176483,Nov 18 2008
6,6,"Exceptional Service Exceptional &amp; personable service moment I checked biz trip (I'm betting) I check tomorrow... Breakfast, dinner brunch buffets amazing reasonably priced. My back bothering I requested feather pillow top (thinking unlikely) within 10 minutes, housekeeping bed:). I resist pushing luck called see I could get ergonomical desk chair magically appeared. Massages always available good. Pool incredible. Concierge resolved taxi charge Yunan Gardens I questioned without second thought. Laundry service within hours. Good, consistent internet service. Room service always within 15-20 minutes.Maybe quality service high Shanghai I return, I'm staying here.",0.4033333333333334,0.6231249999999999,Aug 26 2008
7,7,"Alright smallish room Service ok, better Chinese hotels, nothing impressive. The room quite small, decor bit passe', functional clean. I liked local Chinese restaurant's food, I sure better options minutes hotel.I found expensive (RMB 1200+15% fees) quality (but perhaps Shanghai like this, I know honestly), pay Internet (normal Chinese hotels..) breakfast included.. Four days checking still cancelled pre-authorization credit card, bit annoying. It convenient come Hongqiao airport, less Pudong.",0.14078947368421055,0.47266081871345034,Aug 18 2008
8,8,"Clean Shanghai's French neighbourhood Have quite hotels Shanghai, since local friend recommended us, stayed twice. It clean nice neighbourhood. The staff friendlier Shanghai hotels. The rooms quite large Shanghai hotel. The bed enormous!The problem I room difficulty regulate temperature. The aircon seemed set fixed 24 degrees far cold 37 outside. Whatever tried, could get temperature aircon fan down.The food special, neighbourhood good local restaurants.Before stayed Regal East Asia stadium, one definitely better!",0.14883597883597882,0.4947222222222222,Aug 3 2008
9,9,"Good business far tourist sites Stayed four nights June 2008. Was attending international conference. The room nice, although bed little hard particularly comfortable. The staff polite reasonably helpful. The food restaurant good, although similar food could found 1/3 price block away local Chinese restaurant. Although adequate, far areas tourists interested in, recommended convention/business travelers.",0.19612745098039214,0.5220588235294118,Jul 6 2008
10,10,Perfectly Fine I stayed Regal number times past years come Beijing break. It good definitely destination hotel. It place go looking clean comfortable fairly good area.The rooms pretty good beds comfortable. Internet quite quick housekeeping good job. This definitely business - I probably recommend tourist.The concierge helpful simple request really struggle looking something complicated. For example trying find location restaurant prompt go find instead saying &quot;I know.&quot;The bar pretty good prompt though drinks outstanding. I mus admit I never eaten tho I often go across road Kevin cafe cheaper eats.The subway close good hard get taxis (which true lot hotels Shanghai).All good business probably worth price.,0.2599794238683128,0.5671369782480893,Mar 23 2008
11,11,"Great Hotel Price Hotel diplomat area Heng Shan Road. It beautiful street lined trees bloom spring. The front Shanghai International Tennis Center near lot pretty old houses Shanghai. I regular proximity offices. But close good restaurants, shopping lot bars pubs Heng Shan Road. Breakfast big spread OK quality. Parking free guests car park well lit big.Here negatives: The regular rooms kind old need upgrading I choose usually go club floor rooms paying bit extra. Heng Shan road busy Friday nights difficult get taxicab. I spoilt free Internet many hotels China hate charging US$15 per night it. As guy sometimes pimps wandering outside Heng Shan road offering &quot;services&quot; nuisance.But decent price.",0.1665277777777778,0.48168803418803424,Mar 16 2008
12,12,"A good choice Having lived Shanghai nice return area particular hotel. For wanting hussle bussle Nanjing Road / The Bund head JW Marriott / Le Meridien etc, however middle old French Concession / diplonatic area lots lovely bars restaurants within short walk - look around little bit.The metro station close by, bars restaurants Hengshan Road minutes away taxi take famous parts 5-10 Minutes. The refurbished standard (deluxe) rooms spacious well-appointed. We upgrade club floor preferred breakfast one little coffee shops adjacent tree-lined avenues. I sure worth extra standard rooms great.Service good location quiet nice great access parts city. Restaurants close include Thai, Shanghainese, Vietnamese, Indian, Japanese. Bars include Cottons, Sachas, Irish Bar...Overall big recommend.",0.20590277777777774,0.4148148148148148,Jan 8 2008
13,13,"Just OK The OK; friendly staff, however really close anyplace quite expensive. The breakfast buffet wide selection best I've had. There many options Shanghai, I'd prefer stay different location next time.",0.22875,0.43499999999999994,Dec 10 2007
14,14,"Good place The shuttle arrange meet airport. It cheap, nice met airport sign name 14 hour flight. The staff airport speak English, drivers not. Nice rooms, nice location (in day time) Close park quieter area. I felt comfortable walking around day time. Another associate happy walking dark area, many offer girls appreciate.They ask want upgrade Regal club floors extra charge, unless plan lot drinks happy hour, lot time day, pay large premium free Internet breakfastDon't worry much getting room high floor, air pollution Shanghai bad able see far. The view bit clearer weekends compared weekdays.The rooms nice, individual climate control worked well. The beds bit firm, seems common style China, I still able sleep well. The front desk staff excellent English skills, even housekeeping staff spoke English. The breakfast buffet excellent. It large choice western Chinese dishes choose from. You could get chef prepare eggs way wanted. Food hygiene good, I problems eating here. The lunch dinner good well, much expensive restaurants area. There large priced shopping area blocks away. Lots designer names, price tags higher Europe.The room wired Internet worked well. The room safe large enough put laptop computer in.",0.20933673469387756,0.55109410430839,Nov 30 2007
15,15,"A home away home The Regal located centrally Shanghai close many restaurants bars. A short 10min walk crossroads large multi-story shopping malls. Whether electronics fashion thing place go.The 5th floor recently renovated finished superbly. Photos attached. The 5th floor part Regal Club available upgrade. The extra cost 400 Yuan well worth extra comfort. There also significant benefits &amp; discounts offered part deal. E.g. Free evening beverages club lounge 5:30 - 8:00, breakfast club lounge 4th floor (4th floor also newly renovated), 2 items pressed per day, 50% discount mini bar, 30% discount food &amp; beverages within Hotel, Discounted laundry service, express laundry standard laundry rate plus many benefits. It easy make savings extra 400 Yuan make worth while.They also renovated lobby bar restaurant done outstanding job. As regular Regal, I impressed upgrades made Hotel.",0.29813557654466744,0.43719878606242235,Jul 27 2007
16,16,"A pleasant stay We stayed May 2006. It French concession lovely, characterful area. There quite restaurants within walking distance hotel. It lovely area go strolling. Right across small supermarket. Although business/tourist district, took taxis reasonable. It helpful Name address places want go to, hand chinese. Some cab drivers understand English.The staff friendly helpful times. We complained room smelling smoke moved non-smoking floor. The rooms spacious comfortable cable TV. The bathrooms great well.The breakfast buffet nice selection Eastern, Western fruit.We bought snacks supermarket across hotel. We 5 minutes cab ride away one big markets Shanghai.As female travellers felt safe area hotel.",0.2481415343915344,0.4777248677248677,Mar 5 2007
17,17,"ehhh...... bad, find better. kinda middle nowhere, prepare take cabs everywhere. rooms clean, kinda plain. bed so.",0.20047619047619047,0.4447619047619048,Feb 23 2007
18,18,lot better lot much better choices shanghai place. need updating. indifferent service. inconvenient location.,0.13333333333333333,0.6666666666666666,Nov 21 2006
19,19,"Great service delight My children I wonderful time past week hotel. The room well-appointed clean, beds comfortable. Felix Hu, senior sales manager I made reservations, communicated email quickly. He also arranged train tickets Hangzhou daughters I stayed three days upon arrival China visited Shanghai. He car pick us airport, give us train tickets, take us train station. On returning Shanghai, taken care luggage want take us Hangzhou room ready. The staff extraordinarily helpful, speaking English. The located French Concession area, lovely part Shanghai. It's center tourist areas business district much nicer less crowded area. We took taxis get destinations cost usually less $2 time. The buffet breakfast ample great selection. My daughters enjoyed bowling alley several times stay. On leaving, Mr. Hu gave us beautiful photo book Shanghai remember stay. We travel good deal holidays would happily stay again.",0.3380952380952381,0.5111111111111111,Apr 5 2006
20,20,A little way For Shanghai really pretty good value. The property owned Hong Kong Regal Chain one tell paid enough attention order cater westerners. The little way one needs tack extra 10-15 minutes per cab ride. The rooms fairly large Shanghai 4 star standard. Unfortunately carpet little worn place use little updating. The staff throughout friendly efficient. For budget travelers I would highly recommend it. If company paying head Sofitel JW Marriott closer business districts. The internet connection little pricey. I would walk around corner internet cafe 3RMB takes care one hour log in.,0.026734693877551025,0.5227551020408163,Feb 27 2006
21,21,"OK This get's mine &quot;above average&quot; rating fact great spacious room well delicious breakfast buffet plenty Asian Western high quality food.The total concept however rather &quot;cold&quot; check-in feels like entering governmental building relaxing hotel. I missed feeling welcome; I feeling booked &quot;a place sleep&quot;. I advise long holiday stay, OK short business visit.",0.32384615384615384,0.5492307692307693,Jan 29 2005
22,22,"Nice place little noisy... We stayed 7 nights Regal June 2004. Upon arrival, staff spoke excellent English pleasant deal with. The rooms fairly nice spacious including nice comforters almost felt comfortable Westin's Heavenly Beds. My complaint placed us room next one construction heard multiple pounding noises work throughout afternoon evenings. I would suggest room service, food mediocre tons nice cheaper restaurants nearby. Most service charges fairly high comparable NYC also quite surprised me. An example includes paying $4USD Coke get one across street store $0.30. The also located West side Shanghai bit farther tourist attractions. Although, taxis metro system made commuting areas fairly simple cheap.",0.23387626262626265,0.6209559884559884,Jun 17 2004
23,23,???????????,0.0,0.0,Aug 28 2009
