,Unnamed: 0,Reviews,polarity,subject,Dates_extracted
0,0,"Value money At 468 RMB super big, clean rooms great service.The breakfast dinner choice huge quality can't better.A metro station close makes somewhat centre position.",0.3166666666666667,0.6861111111111112,Nov 25 2009
1,1,"Awesome hotel! Two nights end marathon business trip Hong Kong China. First timer Shanghai well. This one year old, owned Want Want snack company- logo funny looking kid everything. All drinks snacks room product therefore free. Room huge- American King bed, desk chair, sofa coffeetable, large wardrobe, bath slippers robes, sunken garden tub, fridge, free broadband (wired). Had room service one night, cheap quick! Desk staff excellent I overall very, impressed hotel. Note primarily used business travellers inexpensive, lengthy, taxi ride proper city centre. Public transport links I understand excellent I get chance use them. There 24 hour tiny grocer, alldays, around corner, seem much else far dining shopping nearby. But dining cheap delicious. Breakfast buffet large international, included room rate. I would stay heartbeat!",0.36838095238095236,0.5714285714285713,Nov 14 2009
2,2,"Elegant twist... This absolutely first-rate every respect. The staff everywhere, offering helpful. I problem Internet access room, someone appeared new cable within seconds I hung phone report it. The room impeccably clean. The weird touch: apparently owned snack-food company, whose mascot adorns everything... little like Disney character, quite cute. I can't speak location (it convenient Expo center, I interested in) next metro station, Shanghai metro nice system I've seen. The restaurant quite good.",0.17968073593073594,0.6503246753246753,Mar 13 2009
3,3,"Best Mandarin speakers This clean spacious, staff friendly helpful good buffet evenings 120 renminbi. That's good news. The caters chiefly chinese tourists business people, located well city centre metro link taxi couple bus rides town. The staff helpful limited english communication issue. If new China , like me, migt better spending little staying centrally.",0.32126236858379714,0.3993042671614101,Nov 24 2008
4,4,"What rat hole I totally agree last review. All I say decide go China, stay anything less 5 star. I thought three star would equivalent Motel 6 - way. The A/C work well, bathrooms always mildew carpets dining area dirty, I could imagine cooking area looked like. This needs major overall. The bedding clean always try make happy I problem dirty walls, carpets chairs. Shanghai great metro place end city little walk to. Try get something close Bund.",0.03489583333333335,0.5902777777777778,Aug 6 2006
5,5,Not 3 star Just returned tour China ended tour staying Qianhe Hotel. Not good experience! Carpet dirty stained rooms halls almsot afraid walk it. Rooms woren furniture frayed. Advertised bar counter coffee shop. Only one two advertised resteraunts existed advertised shops shelf computer room! We ate breakfast dirty old banquet room I asked empty coffee carafe refilled I told &quot;No&quot;. The breakfasts worst tour. We told could cash travellers checks would tour guide intervened. Do stay unless really looking cheap. It inexpensive I would advise spending dollars staying concerned might carpet!,-0.18437500000000004,0.6083333333333334,Jul 26 2006
