,Unnamed: 0,Reviews,polarity,subject,Dates_extracted
0,0,"A great Introduction China! My family 4 stayed beginning 2 week holiday part small group tour. Hubby &amp; I stayed double room quite small, teenage children shared twin room much larger. At time, found beds hard, holiday realised nothing compared beds hotels!Breakfast mixture western hot food/toasts (but much way cereals) &amp; interesting local foods. The mushrooms particularly delicious. TIP westerners like cup tea/coffee bring bags &amp; little sachets UHT (long life) milk make cuppa room. Milk usually powdered China &amp; generally hard come by. The tea served breakfast weak &amp; coffee almost undrinkable!There ATM lobby.The surrounding neighbourhood safe explore night, blocks impressive department stores lots interesting local stores/streets/alley ways way.",0.10910493827160496,0.4487654320987654,Oct 26 2009
1,1,"Great value good Having previously stayed Shanghai Oriental times , chinese friend suggsted I try hotel.I assured would OK. It OK, I thought great value price paid upto good four star standard. I book larger room worth extra $40US per night. I saw smaller rooms look small. I found room furnishings good standard room clean.Check easy staff spoke good english. The breakfast quite satisfactory I found food level service good standard. Staff available answer questions provide helpful advise local restaurants get around, always enquiring could anything else help.It located near financial centre easy walking distance Nathan Rd embassies. As always, cabs cheap, making getting around peak traffic times easy. A cab Maglev train airport connection cost 40RMB. The drawback I saw 10 minute walk underground, walking around Shanghai always interesting.If good quite acceptable facilities location, pace. Hotel rates hotels Shanghai high I found good standard good price. I return next visit Shanghai. If business want clean comfortable place stay, it.",0.30292682926829273,0.43138211382113817,Oct 28 2008
2,2,"Good I went bit afraid reading review available Net, result nice surprise,I travel lot, mainly business although Shaanxi cannont compare international chains quite good, price. I would rate medium range 4 stars type.Many different rooms chose, want upgrade basic moderate additional, slighty noisy night motorway by. Beds bit hard, day walking city, donÂ´t mind. The service superb, always helpful directions checking wouldnt forget anything taxi. Some delays checking out. Food average, could improved occidental food, China all.Located 10 minutes front center city, fare would cost minimun 11 RMB (1 euro), 155 Pudong airport.I would repeat next time I head Shanghai.",0.13472222222222222,0.4666666666666667,May 20 2007
3,3,"Who needs anything else I've worked Far East stayed nice hotels. So important review I could fine accurate, I say not! I found Shaanxi fine hotel, OK itâs draped opulence people might used practically good looking compared others. But service excellent, advice go, see get places second none.Rooms exposed noisy traffic, show somewhere Shanghai isnât!If I one criticism would 3rd floor restaurant, food table good, little overpriced. But I ask question, hell sitting restaurant many fabulous places see eat Shanghai.Although TVâs rooms mainly Chinese (only one American channel â CNN) spacious, clean, new everything works, including mini-bar fridge!!The beds quite hard, suited may others prefer something little softer! Nice dÃ©cor matching colour schemes also important me, I disappointed.All nice hotel, staff prepared anything you, even make hot sandwich 04:00 morning, simply would happen UK. You disappointed stay here, bill end stay. Happy Travels!",0.26639026988636366,0.6310944264069265,May 3 2007
4,4,"Basic basic basic Traveling two Chinese colleagues, one Hong Kong one Taiwan, stayed three nights. Room sizes varied widely. One tiny, one medium one huge. The seemed new things still pretty fresh. Even though newer hotel, carpet showing wear past occupants.If stay might want room back side hotel. All rooms front almost literally freeway.The windows shut noise, major freeway. Even colleagues enchanted breakfast buffet ready hit streets looking place else breakfast dim sum first day. The buffet expensive offered.This place need clean room basics. It offers little way charm personality.The staff helpful English speakers staff areas. Taxis readily available. I'd look interesting options price better value next time I Shanghai.",0.12600108225108225,0.37992424242424244,Mar 20 2006
