,Unnamed: 0,Reviews,polarity,subject,Dates_extracted
0,0,"Hidden Gem. No Westin perfectly fine. Why would want stay there?* Value-conscious shopper* Be heart French Concession* Stay newish (though brand new) establishment* Be able get metro 5 minutes foot. * Be close bars restaurants* Spotlessly clean, flat screen TV, comfy bed good quality linen.Why want stay there?* If prefer generously proportioned roomsHow much?* expect pay US$100 night.This default choice travelling leisure.",0.23644781144781143,0.3930976430976431,Nov 1 2009
1,1,"Fantastic Stayed couple nights,could done more. The room fabulous,bathroom superb. Bell hops concierges extremely helpful. Location faultless. Lots eating places around area also small boutiques shopping.",0.42083333333333334,0.8000000000000002,Oct 29 2009
2,2,"Great great location My parents go Shanghai nearly every year normally stay Donghu Hotel right street new HoJo HuaiHai. However decided give HoJo chance time recently completed advertising good promotional rate. The rooms excellent - comfortable, big Donghu still comfortable size. The showers high pressure felt great. Location great - major commercial artery Puxi, walking distance number shops restaurants, short cab ride (or long walk) number bar areas, near 2 subway stations want take public transport. We try restaurant -- appeared serve mostly Western food interested.",0.29780773574251834,0.5076924524750612,Sep 28 2009
3,3,"Great staff great location nice call home week My wife I started Honeymoon around world pleased choice fabulous hotel. We greeted nicely everytime came went hotel. The staff always nice helpful best answer questions. Not everyone's english perfect adequate anyone modicum patience. The location long city block away grocery shopping mall. In place grocery shopping train station portal rest shanghai. There good restaurants stones throw away well. The clean quiet. The amenities good well. Being able watch NBA playoffs morning different enjoyable. For travelers speak local language(s) sure grab map &quot;take home&quot; card concierge. It make getting home much easier. Also afraid ask concierge anything looking for. They either go find send right direction (marked map).We look foward staying again,",0.40947089947089943,0.6118988830099942,Sep 15 2009
4,4,"Exploring French Concession - Start here! A good place stay wish explore French Concession, one spots offer something close pleasant walk Shanghai. The 10min Line 1 Shaanxi Nanlu (Shaanxi Road South) Station, 15min rain. No easy access 24-hr stores, stock water snacks basement Parksons (mall metro) way back hotel. Touts traffic junctions.Huaihai Zhonglu (the former Avenue Joffre), metro sits, offers loads dining shopping choices. It leads quieter streets get spots culture history (eg. Donghu hotel, Ruijin hotel, Fuxing Park, former residence Sun Yat Sen, former residence Soong Ching-ling, even Xintiandi - walkable hotel). A quieter, almost pretty spot away rest Shanghai construction.Stay want put remotest possibility encountering mold, rust, dirt aging furniture, yet want pay 5-star rates. Was upgraded deluxe room 1 night superior room due faulty lock, could really tell difference, except complimentry plate fruits maybe &quot;better&quot; view higher floor? Nothing shout about, sky's grey polluted everywhere.You get HBO usual fare cable rooms. Buffet breakfast decent variety: Chinese porridge usual eggs, ham cereal. They ask 600-yuan deposit check-in, matter online agent says.",0.09775362318840579,0.3378985507246377,Jun 16 2009
5,5,A good place shopper nightlife... Certainly one best locations Shanghai.Nice comfortable clear rooms including LCD TV good choice international channels.Complimentary internet room.Interesting design bathroom (especially wash bassin) white.Really like duckies!!!! tub.Bedding mattress excellent good sleep good shopping night life...Eco friendly using recycling paper fabrics instead plastic.Good job congratualtions that.Bell boy service good check check out.,0.479234693877551,0.6253401360544217,Apr 12 2009
6,6,Excellent Hotel good location Room clean nice.Free internet service advantage.Friendly staff.Over excellent choice !!!,0.8466666666666667,0.9225000000000001,Feb 20 2009
7,7,"Great Hotel great service good location It first visit Shanghai, I spend 4 nights I really say rooms excelent, bathroom nice clean (as be), modern confortable bedroom, restaurant serves good food, attention lobby concierge extremely nice, cordial impecable. I definitely go back next visit Shanghai.",0.45472222222222225,0.5269444444444445,Dec 1 2008
8,8,perfect Really enjoyed stay there.Rooms clean. The room equipped everything I could think of.Location perfect.Breakfast fresh tasty.Price extremely affordable quality.no view back rooms though.,0.34027777777777773,0.65,Nov 22 2008
9,9,"Can't wait come back! The building magnificent, HIGH quality design atmosphere. The service friendly helpful. Most staff understands English. My room exceeds expectations, exercise facility treadmills, free weights, combo exercise machine, equipment...it also 2 flat screen tv's, bottles water towels. The restaurant great, breakfast AMAZING, traditional Chinese dishes along w/ traditional American breakfast foods like bacon, eggs, pancakes, etc. I highly recommend staying here, stay comfortable, seemless ENJOYABLE!",0.27671052631578946,0.49526315789473685,Aug 24 2008
10,10,"Wow! After stayed Shanghai several times, I finally decided give Hojo Hua Hai Rd try. It's location famous Hua Hai Rd, smack middle former French Concession. Upon walking small adequate lobby confronted sit check in, friendly helpful staff.The rooms greater surprise new furnishings, mod cons, whopping big LCD TV wall, rubber duckie's bath tub separate shower bath. Views straight across French Concession.Not mention English problem, even housekeeping staff, service bell boys slick. Overall I cant possibly find fault hotel, best I seen 4 star class Asia.",0.12848370064279155,0.372807621671258,Jul 16 2008
11,11,De bonne qualite personel parlant anglais,0.0,0.0,Nov 16 2009
12,12,Muy buena ubicacion,0.0,0.0,Apr 13 2009
13,13,??????,0.0,0.0,Jan 3 2009
