,Unnamed: 0,Reviews,polarity,subject,Dates_extracted
0,0,"Convenient 1) Cleaniness: room clean.2) Location: centralised location Nanjing Road short walk away, bad price comparison prices hotels surrounding area.3) Rooms: local room bit small, adequately equipped. There satellite TV, chinese channels. The bed really hard though.4) Service: I would little complaints service. We'd asked late check-out (for 2 pm) night next morning reception called ask abt check-out. We told lady arranged colleague night tht checking late, told us make sure room 2pm. We turned reception counter 15 mins late. And lady rudely unnecessarily informed us &quot;It's past 2pm&quot; proceeding check-out.5) Value: Overall bad value location, expect good service.",-0.06979166666666667,0.47236111111111106,Aug 4 2009
1,1,"Great location good Excellent location close Bund metro (and diagonally across Westin - fraction price). Rooms good size plenty bathroom accessories. A little worn good standard comfortable. Staff speak English, definitely enough communicate fine, really friendly helpful. Highly recommended.",0.38955128205128214,0.53,Jul 29 2009
2,2,Reasonable price great location Just fine city spend night.,0.47222222222222227,0.6166666666666667,Jun 16 2009
3,3,"Can't Beat Location Fantastic location 5 minute walk Bund, People's Park, main shopping areas. The clean neat large room double bed- enough room 2 people comfortable, desk sitting area spacious bathroom. The bed solid rock appeared box spring mattress strange.The breakfast served next door restaurant overpriced terrible service match. You better going elsewhere picking breakfast items bakery convenience store. One added bonuses free internet computer right room. Staff overly friendly still helpful. We problems checking night staff speaks little English (day staff speak English sure make arrangements taxis check-out day!). Make sure bring proper documentation pay book advance website non-English speaking desk cleark tried charge us room failed grasp concept paid advance. Thanks another guest spoke Mandarin able sort out. And room deposit charge $30 Canadian never figured exactly for.Enough restaurants within walking distance. Other check-out problem able sort out, great place stay location price.",0.17602777777777776,0.5103465608465608,Nov 25 2008
4,4,"Very good deal 5 minutes Bund Great little reasonnable price. Located foot 5 minutes Bund 10 People Square. Clean cute rooms, well decorated, cumfortable beds. Ask discounted rates, 30% 'offcial price'. I paid 70 euros large room, 2 large windows offering nice view, desk computer connected internet free, sofa, usual : minibar, safe, tea coffee machine, etc.Only drawback : english channels TV, rest perfect price compared hotels I've Shanghai.",0.3530527210884354,0.6080102040816328,Nov 4 2007
