,Unnamed: 0,Reviews,polarity,subject,Dates_extracted
0,0,"Great facilities rooms I've stayed multiple times Nov. 2009. The rooms functional, clean, right. The plugs, internet, desk, phone etc. nice. The location near Century park good bad depending want do. Others complained much around, true immediate area, go one direction 1 km, get MTR station get hustle bustle less 30 minutes. In direction, 1 km, get nice group restaurants (some western), Carrefour, Starbucks etc. Both relatively easy walking distance. I usually walk Starbucks expensive cup coffee get pastry near by. If want somewhat adventurous, walk next block morning get traditional Chinese breakfast song (a meat bun 1.2 yuan - less 20 cents USD). There also Family Mart right across street get water quick stuff. Since business east hotel, good place me. The rates really good Shanghai. During trip, I also stayed Crowne Plaza right next door Renaissance much, much better.",0.1647663139329806,0.4522045855379189,Nov 17 2009
1,1,Very good price best location If travels take Shanghai plan travel locations around city side river place convenient. If want city center walk places interest place stay. I stayed 4 yrs ago last week - rooms nice shape beaten track local feel it. Just much going here. The room rate really low - like $75/night - big value Shanghai Marriott property. The JW Tommorrow's Square property wanted $300+ week. The lobby bars nicely appointed modern clean. The room nice shape I didnt feel comfortable walking around near building. Lots local hustle bustle - many foreigners though about. This place highly comfortable functional get flavor city staying here.,0.2487719298245614,0.4458771929824562,Nov 15 2009
2,2,"Cutting Cost Customers Hotel uses saving evironmental excuse trip cost halving eleminate supply basic amenities set rooms. Everything want like extra pair slippers, comb etc. ask it. It annoying inconvenient. Why leave toiletory kits room. This cheap skate service attitude!Like 4 5 stars hotels China, internet connection expensive (RMB120). You pay 4-5 star price facilities pay use it. The best value money China 3-star hotels, Internet connection free even include breakfast.Rooms getting old wih varnishes start crack furniture.",-0.04038461538461538,0.5738461538461539,Oct 30 2009
3,3,"Great service great restaurants wonderful rooms The rooms nice spacious, bed one comfortable ones i've ever slept in. We upgraded club level, gave us clug lounge access (free breakfast, appetizers, drinks). The least 5 restaurants (2 second floor, 2 third floor, Japanese first floor). The service excellent areas. The restaurant prices expensive side, well drycleaning services. The complaint location... 2-3 blocks shopping mall/other restaurants short taxi ride away site seeing.",0.27352941176470597,0.5607843137254902,Sep 29 2009
4,4,"Simply great! Just great place, simple that! Very nice rooms food perfect. Just fooled business bar one upper floors, worth extra money &quot;free&quot; breakfast. Instead go main restaurant downstairs stuff delicious Chinese (but also Western) food. At night, go Chinese restaurant order Peking Duck, awesome! In lobby even puppetmaster making little claydough puppets free, take along; cute!",0.3852314814814815,0.5105820105820106,Sep 21 2009
5,5,Comfortable big rooms Comfortable big rooms. Location ok: 10 minutes walk nearest MTR station takes Shanghai centre. Few small shops nearby.,0.12142857142857144,0.40857142857142853,Sep 20 2009
6,6,"Fits bill Clean, modern conveniences western sized room. Good new side Shanghai, 50 RMB ride old Shanghai. 11 RMB maglev terminal go Pudong airport.",0.2505050505050505,0.3757575757575758,Sep 1 2009
7,7,"Felt comfortable Travelled Shanghai recently business stayed week. The decor stylish throughout - modern, Chinese touch. The room homely offered everything I wanted. The bed exceedingly comfortable - ten ten - service fine. The area fine personally - office two stops underground - large number cafÃ©s, restaurants shops catering (also) western public. But downtown important you, probably options.One comment - previously I stayed much expensive Shangri-La, I found equally nice.",0.16049508692365835,0.4369425547996976,Aug 23 2009
8,8,"Good Hotel smell The bed comfy room looked nice. It even 2 phone lines mom &amp; I talk difference folks back home time. The problem I room smelled like yhe sewer, emanated bathroom. I looked everywhere, room clean. I called front desk change rooms. They said would call back done checking guests. But never called back I never switched rooms. I sure weather May causes smell smell emanated streets Shanghai well. Perhaps itâs pollution factoriesâ¦A things note: â¢ concierge help spoke limited Englishâ¢ The food delicious I highly recommend breakfast. Unless willing venture shops English signs ask food, probably best bet area. â¢ It 15 minute walk closest subway station, great knock shopping mall part station. Donât let small mall entrance deceive you, massive tons stores. â¢ There little night life around area &amp; close particular sights. You need head Shanghai's city center",0.15340525793650792,0.4259556878306879,Jul 30 2009
9,9,"Classy comfortable luxiorous 1) Very Close Exhibition Centre Pudong2) Comfortable Luxirious Rooms3) Excellent Breakfast spread4) Great Lobby5) Good serviceThe bloch whole experience , misplace expensive cell phone never found it.",0.36666666666666675,0.6944444444444445,May 23 2009
10,10,"A good bad position The good overnight visitors need close airport would good place stay. However, I found far city place be. When I saw hotels centre Shanghai I realised I made huge mistake. Saying though, rooms, service food good.",0.361875,0.7127083333333334,Apr 23 2009
11,11,"hate tell people nice bcz going drive price i've staying around 5 times year since opening. agree recent comments listed here. quite understand one saying four star american standards - never seen nicer renaissance states - maybe i've going &quot;wrong&quot; places.true, resididential area. convenient stores, restaurants, bars foot massage parlor right across streets. choices within walking distance (you'll get directions people). one guys gals like go xintiandi hengshan road every night location might bit inconvenient. food, drinks lundry service expensive - american prices. top internet free, something like 15 bucks 24 hours. always go eat drink.",0.05659340659340659,0.6073626373626374,Apr 21 2009
12,12,"Great experience Renaissance I stayed 4 nights Renaissance, Shanghai Pudong. This one best hotels I seen Shanghai. The lobby huge. The ambience good. The rooms well maintained excellent view city. The bathroom good. There choice restaurants available food. The swimming pool health club great. I would definitely recommend hotel.",0.6420000000000001,0.6460000000000001,Apr 21 2009
13,13,"Great Business Hotel One best Renaissance hotels I stayed China. It bit way - surrounded residential area - however taxis easy come quite cheap. Also Metro line 2 15 minute walk (Shanghai Science Technology Museum station). Also large shopping area (Xiangyang Market) metro station similar Silk Market Beijing copies western brands. On Metro line 2 go across river heart Bund area (Nanjing Road) 15 minutes couple dollars. Faster less expensive taxi.Hotel still looks quite new, beds comfortable (standard Marriott) room size bathroom average size clean. Food restaurants good expensive eating out. Wide selection western dishes pretty good service. Small market (like 7-11) across street need buy water supplies. This new place stay visiting Shanghai.",0.16751332001332,0.46144855144855146,Sep 21 2008
14,14,"Fantastic Stunning Marriott Hotel Eastern side Shanghai. Staff every point exceptionally friendly helpful. Beautifully appointed public rooms, lovely bar. Nice able smoke bar... Don't miss quiet little garden roof (Level 6 pool). Breakfast unhurried great selection. Location ok, away traditional sightseeing areas, previously mentioned taxis cheap, 40RMB's get anywhere need to. Don't try walk anywhere time year, hot humid. The cool oasis.",0.3406372549019608,0.6618627450980392,Aug 20 2008
15,15,"Beautiful central Shanghai hotel! This beautiful Marriott property! I would rate 9 US.I stayed 16 days May June 2008 beautiful hotel.The rooms spacious beds new luxurious. 6 pillows I excellent view park city.I business days pleasure. You walk everywhere taxis cheap. Be careful taxis outside areas totally confused lost!! We learned hard way got lost several times.Make sure get card concierge hope back taxi!They good maps help lot get detailed instructions Chinese circle destination trip.We visited club lounge daily high quality happy hour great food stuff. The team club lounge bend backwards please wait hand foot clients. There excellent wired wireless internet seems free unrestricted. I able connect usual US sites without problems. The beautifully decorated.Beware lobby bar lounge though. We went often saw ladies evening working crowd hard business. It obvious staff well aware chummed girls rounds often intoxicated business mens rooms. My friends I saw every night lounge.They tried us well ignored left us alone second night. The food pretty good lounge alcohol outrageous. 7-9 USD per drink beer.Across street Family Mart get water, beer, alcohol, much dirt cheap!I paid 1200 - 1500- 1900 Yuan depending nights room. Laundry expensive send out.I stay probably one nicest hotels China!",0.21333268583268586,0.5792476042476044,Jun 21 2008
16,16,"Nice thin veneer The Renaissance Pudong nice, quiet wonderful service. However, four-star quality American standards. It standard business thin, 5-star veneer. It closer Pudong airport Hongqiao, coming domestically, might want book something central.",0.19,0.5783333333333334,Apr 6 2008
17,17,"quite even New Years Eve Having spent 8 nights hard Chinese beds western part China, comfortable, softer bed welcome night's rest. The room comfortable size, spotlessly clean, crisp white linens, standard room. Marble floors bath cool touch heat rooms easy adjust cold time China. Hot water prompt plentiful good showers. Nice large towel shower. Plenty amenities bathroom. The staff helpful services, prompt check out, cabs seconds, bellmen luggage. English plentiful us know 2 3 words Chinese.The breakfast buffet large plenty choices plus could order eggs way wanted. We late getting 10AM, reception staff called see still serving. They told send us would hold breakfast us...the entire buffet. They break reassured full want more. It pricey compared cities we'd to, Shanghai expect pay more. It good types food it.",0.17053616522366524,0.5040978986291488,Feb 9 2008
18,18,"Enjoyed stay I Shanghai business August. This recommended coworkers. The nice interior room spacious. The staff friendly helpful. This newer part Shanghai. For business, nice. There lot ex-pats living staying area. I found restaurants area accomodating non-Chinese speakers almost picture menus! There many restaurants within walking distance shopping also. If plan lot sight seeing, I would recommend staying side river. I spent weekends evenings checking sights. The cab ride accross river Nanjing Road Old City evenings takes least 30 minutes. However, bother you, nice place stay",0.27272727272727276,0.5522727272727272,Jan 22 2008
19,19,"A Nice Hotel Decent Location The Renaissance Shanghai Pudong nice hotel, outstanding.The check-in fairly prompt courteous. The room relatively spacious one highlight contemporary-styled bathroom. The bed firm relatively comfortable, fussy sleepers might like it.The buffet breakfast excellent - food tasty selection huge.And location pretty good closest MRT station (ShanghaiTech Science Museum) 10 minute walk away. Across street pub, convenience store DVD shop (I recommend DVD shop cheap, lot titles DVDs work). If walk couple blocks find bunch restaurants choose from.",0.43974358974358974,0.7358974358974358,Nov 30 2007
20,20,"Very nice This nice hotel, 5 stars. Accommodations nice comfortable beds clean rooms. The bathroom spacious tub shower living area large. The room (25th floor) quiet street sounds sounds neighboring rooms.The staff helpful arranging taxis concierge desk helpful questions.There internet access room, 120 RMB per 24 hours.The TV features several English speaking channels.I ate many breakfasts The Brasserie 2nd floor found buffet good nice food selection good service. There dinner buffets served also food selection good quality service good. For wishing eat elsewhere, number choices within 10-15 minutes walk.There nice bar sitting area entertainment.The approximately 40-50 minutes taxi Pudong airport (cost ~140 RMB) approximately 60 minutes Hongqiao Airport (cost ~85 RMB.)This second stay I recommend it.",0.3878684807256235,0.6114512471655328,Apr 2 2007
21,21,"Great We stayed two nights recent multi-city tour China. It excellent experience. The rooms large clean, bathroom shower tub (with retractable clothesline). Furnishings comfortable elegant. The buffet breakfast generous offered Chinese Western food. Use computers Internet access business center, I recall, approximately 8 USD 15 minutes, seem terribly unreasonable. Taxis readily available, cost 25 RMB (3 USD) Bund. There two laundries nearby, large shopping center many restaurant options Carrefours within 10 minute walk. (Most restaurant menus included pictures English.) Concierge helpful. The nearest metro station leisurely 15-minute walk. We paid $125 per night (including breakfast) travel agent, incredible bargain US standards.",0.2229761904761905,0.49428571428571433,Apr 1 2007
22,22,"Nice Hotel beware rip-off internet I stayed 4 nights Mid September. It nice plush, compared hotels China, cheap. My biggest gripe country broadband internet access costs around $100 year want close $25 day unacceptable country view, let alone China. I guess think get away since essential business travellers clearly aiming at. Yes, itâs nice good gym breakfast (similar price internet included room rate!), room nice large, out-of-the-way part Pudong requires taxi get anywhere brisk 10 minute walk metro. There much around except Japanese Korean restaurant (both OK cheap) sports bar (aimed guests priced match). Did I like hotel? Yes. Would I stay again? No. I ripped frankly lots really excellent hotels Shanghai offer better value location",0.28846428571428573,0.5793452380952381,Sep 25 2006
23,23,"Great many ways Stayed business. 5 star quality. Located residential area minimal traffic crowds. Never waited 1 minute taxi unlike hotels. Primo room decor modern fixtures, least floors 19 21 I stayed. Could find ice machine. Was told order it. Free broadband internet - cable provided. Has plug accepts US prongs warning: still 220v dual voltage laptops. Exec level worth since provides free beverages, liquor, ice, english newspapers, large lounge small buffet - I think 24hrs. Fitness center large clean weights, good variety equipment water cooler. Their buffet restaurant 200RMB Fri-Sat special maybe days too, much needed break local cuisine since cook order grill offering filet, sirloin, lamb chops, whole fileted fish. A relief mass quantities plain grilled meats. It also freezer full Hagen Das. Unlimited. Video store across street DVDs 20 RMB. Taxi Nanjing Rd shopping 40 RMB, Super Brand Mall 20 RMB. Take Maglev train 40RMB PVG - its' speed astound you- 7 minutes better 35-40 minute taxi. Hotel is~ 8 taxi minutes away Maglev station--again traffic.",0.20467032967032964,0.43855311355311355,Aug 10 2006
24,24,"My new favorite place stay Shanghai area Gorgeous lobby, lavish room, good price. This all, except little far &quot;corner&quot; Pu Dong near Shanghai Pearl Tower. Frankly cabs inexpensive Shanghai location problem. I stayed last day China I would close Mag Lev train goes airport. It's close station ($18 RMB cab.)We dinner one two restaurants inside hotel, I Pad Thai $60 RMB ($8.00 US) nice bottle California wine $32.00 US. Not rip-off all.Very highly recommended.",0.2849053030303031,0.6201010101010102,Jul 22 2006
25,25,"A great stay I returned week Shanghai I stayed Reniasance Shanghai Pudong. This one best hotels I stayed Asia.The room club floor large well designed plenty closet space, comfortable bed large bathroom tub shower. The club room came along access club 26th floor open 24 hours staffed 18. They served hearty breakfast assortment western chinese dishes plenty fresh fruit. The staff courtious friendly fluent English. There wide assortment chinese english newspapers available.All service people (from front desk, taxi station, restaurants, club center, buisiness center cleaning staff) courtious friendly. They spoke English one extent another. The Brasserie afforded nice mixture chinese western dishes. The drawback (and hotel's fault) location new taxi drivers somethimes trouble finding it. My recommendation take direction card show taxi driver.",0.16812229437229434,0.3400703463203463,Jul 1 2006
26,26,"Best I found China We spent one night, memorable one. The room bathroom spacious beautifully decorated. The restaurant dinner breakfast buffets would compare favorably anywhere. We would definitely stay again.",0.375,0.65,Jun 1 2006
27,27,"Good Hotel quiet area Great Hotel located yet developed Pudong area, however 10min. far downtown. The Hotel nice, great rooms superb bathroom. At moment inconvenience may find building constrcution around hotel, therefore make sure room upper floors.Staff kind efficient.There CD DVD's shop front hotel!! good cheap.With regard MAGLEV train, gotta say awsome, however, fast said goes max. speed 301 km/h.",0.43062500000000004,0.7501388888888888,May 21 2006
28,28,"5 Star Service- You get pay This place definitely lives eloquence lobby decor. The breakfast buffet much better western hotels Shanghai wait staff catch napkin hits floor. The rooms beautiful, maybe bit small American standards, perfectly configured hardly realize size.The negatives: Not many...except price...they get big internet, judicious hit VPN emails. It also cost effective dine here. Shanghai (not neccesarily Pudong area) TONS great restaraunts deliver quality food 25% cost. Considering $3-$10 cab ride dining districts, hesitate hit town evening.Of course area really near downtown area, go walks, hit commercial construction projects perhaps residential high-rises. It's 15 min cab city bustle (in China terms).If flying in, consider taking 300 mph Maglev train...it's route Pudong airport stop slightly south hotel....(it demo line try sell country wide project). To airport times ride train.",0.16594202898550722,0.44275362318840583,May 12 2006
29,29,"Most Memorable Feature: Grand Lobby... This lived expectations expected 5 star chain hotel. The bathroom huge relative size bedroom. Decor oriental themed calligraphy liberal splashes red gold. The bed comfortable turndown service included cookie well weather forecast following day. However, service could improved initiative taken esp. front desk staff. Our party 3 (we booked 2 rooms) wanted check told rooms still available despite us arriving standard check time. Reason running full occupancy previous night. (Shouldnât provisions made?) After much discussion, manager reluctantly gave us 1 room (which apparently available show system initially.) Manager claimed room need room maintenance however found nothing spoilt 'unusual' room checked in.Overall, stay pleasant. Admittedly, Pudong considerable distance away city centre average cab ride cost 30Yuan. Enroute, pass landmark constructs Nan Pu âsuspensionâ Bridge well drink sight Shanghai Bund.",0.18115942028985504,0.4884057971014492,Mar 16 2006
30,30,"Lovely Hotel As ppl stated location best really nice. Nice decor, super clean comfortable bed! I would recommend anyone mind taking cab every time. If taking cab non-English speaking driver bothers you, you....",0.5571428571428572,0.7452380952380951,Oct 17 2005
31,31,"Amazing Hotel This may convienient want access city, attending type convention New Shanghai Convention Center (CINEC) place ticket. The staff could friendly, coming airport, arrange car front desk pick up. ( Buick Regal ) The car bit taxi, air conditioned clean. I can't say taxis. I happen Typhoon, say one worst 8 years. The staff anything you, always someone greet matter are. You work nicely appointed gym, done get hour long massage $35.00 USD. You can't beat it. If book room club level I also high reccomend that. Good luck travels.",0.2529254079254079,0.591888111888112,Aug 5 2005
32,32,"Luxury bit peace busy Shanghai Got $85 Priceline bid -- best deal I've gotten Priceline but...this worth more! It luxury soon walk doors. Check breeze bellhop helped transport lugguage room. Service superior professional. Loved bathrooms (separate shower tub) toiletries provided. The room spacious beds fabulous comfy duvet. Internet access available worked 1 night 2 nights I there. Hotel restaurant nice breakfast buffet. But I opted eat menu instead. Really liked Chinese breakfast. For dinner, I really liked Hainan Chicken. Pricey meals I business really feel like wandering around Shanghai long day office. Their fitness facilities pool amazing! This located bit away Pudong ( 10 minute drive away Shanghai hub), taxis really cheap worth peace noisy hub (if that's want). You want carry business card (which also map it) show taxi driver want go...a combination new drivers able speak word English makes totally necessary.I'd stay ever given chance travel Shanghai again.",0.3104545454545455,0.5431818181818181,Apr 17 2005
33,33,"Wonderful Luxury Hotel Away From The Hustle Fantastic hotel. Stayed club floor rate $95 Chinese New Year - rate included breakfast buffet evening canopes drinks. Free internet laundry. Room beautifully decorated fusion western eastern themes - luxurious bathroom, although tub little small side!The pool, gym, amongst impressive I ever seen.As highlighted others 10 minutes downtown taxi - personally found nice away hustle bustle, really peaceful million miles away honking horns downtown (but Â£2 taxi ride way). Genuinely amongst finest hotels stayed last year - eclipsing Century Plaza Beverly Hills Marriott Fort Lauderdale etc. Obviously helps newer service levels quality right there.I would echo comments though - taxi drivers speak English - worth getting details name directions Chinese go!",0.22331574675324672,0.48049693362193363,Feb 20 2005
34,34,"Definately recommend hotel! First trip Shanghai stayed Renaissance Pudong 3 weeks January, great! Very new well-maintained, luxurious rooms/decor, friendly staffs, nice buffets - good value money. Concierge staffs helpful professional - deserve thumbs-up!Located residential area, area peaceful crowded - okay looking central locations. Afterall, taxis readily available. However, note quite new many taxi drivers may familiar.There's also much surrounding area - convenient store massage palour across street. But Carrfour 10-min taxi-ride away, great shopping place avoid overwhelming crowds weekends public holidays.",0.3590909090909092,0.49696969696969695,Feb 2 2005
35,35,"Great taxi center Stayed luxurious wife parents September 2004. The great (rooms, swimming pool, sauna, gym, massage, bar) service, yet centrally located. Didn't find location issue, since taxi ride (available exit - translation services bellboys helpful &amp; necessary taxi drivers spoke virtually English) cost little (average EUR 2) center. This took 10 30 minutes, depending traffic.",0.14602272727272728,0.42202797202797204,Oct 26 2004
36,36,"Very nice business Very comfortable large rooms. In new residential area -- take taxi restaurants, shopping, subway (15 min walk).",0.4126623376623376,0.7207792207792207,Jul 7 2004
37,37,??????????,0.0,0.0,Oct 29 2008
38,38,?????????????,0.0,0.0,Aug 19 2008
39,39,Muy recomendable,0.0,0.0,Mar 29 2006
