,Unnamed: 0,Reviews,polarity,subject,Dates_extracted
0,0,Better expected - comfortable easy would go back. stayed 20 daysGood points-hotel much better average Holiday Inn - swank feel atrium decor public areas.friendly staffgood size room stylish decorexcellent business loungeindoor swimming pool heavily chlorinated need tlc revampbad points -hotel appears tolerate couple spivs offering sex local ladies hang around pavement right outside expect asked want massage happy ending good time ladies everytime leave hotel. 2 individuals particular wre every day 3 weeks.Irish bar empty apart smattering local ladies.,0.20587301587301587,0.45383597883597876,0.45383597883597876
1,1,"New nice This first trip Holiday Inn time I positively surprised. The brand new good quality, usual Holiday Inn standard.",0.2353409090909091,0.5215530303030304,Nov 18 2009
2,2,"Good mid-range Pudong I stayed 6 nights business trip. On arrival check-in fast efficient. I travelled China overnight flight, arrived around 9am morning. I able check straight-in, charged âhalf dayâ early check-in, still offered inclusive breakfast.The room reasonable size 27th floor, quiet. Bathroom also reasonable size, square âtwo personâ size tub overhead shower. The âflat screenâ TV good selection channels, including CNN News channel BBC World News.Internet via cable, charged 1 RMB/min (up maximum charge 80 RMB 24 hour period). Within room, power sockets configured conveniently take British, European US plugs.Breakfast served ground floor via buffet, offers 50:50 split western Chinese cuisines. Overall selection good, service received fast efficient. There also chef cuisine sides cater individual requests.The house restaurants/bars. Flannaganâs, Irish bar ground floor seems popular single business travellers, regular live band. Also ground floor, breakfast served, another restaurant. However noticeable difference restaurant, Flannaganâs room service terms menu options. I try Japanese restaurant second floor, I believe offers sort Japanese/fusion experience. So order usual Japanese sushi favourites, along western dishes shaped small portions (e.g. potatoes/cheese croquets egg omelette pieces etc). Location wise situated one main roads Pudong district, good location want area. However, need financial centre, main shopping areas, I would choose closer area (although taxi journey districts costs Â£2-3) could take youâre travelling rush-hour need use tunnel connecting sides river.Overall I satisfied stay hotel. If want go âhigher-endâ St Regis situated right next door Holiday Inn could worth considering.",0.16180445570689475,0.3463883677298311,Nov 4 2009
3,3,"Great crappy food Stayed 32nd floor, awesome room. The best thing 2 person bathtub I enjoyed everynight walking dirty streets Shanghai. The room clean felt safe. The internet even reliable, expensive, reliable.The side food. The room service food was, well, interesting. I ordered pizza, got one egg yolk middle even though say menu. It made sick even though I scraped yolk off. The next night gave cocoa powder pepper shaker. I notice I put noodles.I tried karaoke bar, I person there. When I asked guests girl brought 6 girls matching outfits said &quot;usually girls ask girls&quot; NOT I meant, I left went downstairs Irish Pub get beer listen great treat Chinese band Van Halen.Other that, great hotel.",0.21735569985569983,0.5309559884559885,Sep 14 2009
4,4,"Great Holiday Inn! All good, staff, breakfast, rooms fantastic beds (nice soft rather usually hard beds Fast East hotels). We liked hotel.A little centre taxis expensive lots local facilities.",0.3225694444444445,0.6034722222222222,Jul 27 2009
5,5,"Nicely redecorated almost new Most newly renovated, really nice job. Rooms comfortable, beds good, bathroom excellent large shower / bathtub.Some small issues: Internet - buy 24 hour pass, however 24 hours log again, get told much time left. Hence I 4 times 24 hour charges bill, I used system 2 days. But argue taken bill. Skype works, iChat not, unfortunately.Speed average.Coffeeshop food somewhat limited, breakfast also quite limited expensive offered.BUT I sure stay again. Favourite Pudong site.",0.2385642135642136,0.5506814173480841,Jun 26 2009
6,6,Good The Holiday Inn Pudong good place stay brief visit Shanghai September 2004. From I remember rooms good (although I Executive room). Good views room windows too. Would recommend.,0.602,0.5826666666666667,Jun 21 2009
7,7,"Good Hotel careful rip spa service! Everything great except massage service. This extortion. They ashamed prices charged. 6000 RMB acceptable type service.Will stay this.Also, I wanted swim pool staff could answer question - speak english willing explain anything. I end swimming.",0.25,0.62,Jun 5 2009
8,8,"Great Location so-so.. Like everything life itâs ratio get pay.Letâs start basics: I stayed paying hotels weekend rate $75 (exclusive breakfast internet connection) price itâs deal hard beat.. (Their official weekday price $225+)The room excellent, elegant, clean comfortable, desk work useful. Breakfast rich tasty (was included), overall (lobby etc) elegant nice.Location so-so, accessible cab, still morning rush hour getting center take 35- 45 Min. For vacation leisure absolutely steal less $100, business traveler consider take morning drive. My recommendation, donât hesitate email call try get less $150 (1000-1200 RMB), $200+ check compare options..",0.2629166666666667,0.5265625,May 21 2009
9,9,"HI Pudong = Great value money! great value money!clean rooms, good location business travelers.",0.8333333333333334,0.7000000000000001,May 9 2009
10,10,"Must one world's best Holiday Inns From warmth smiles, treatment special guest hotel, Holiday Inn Pudong stay darned near perfect. The lobby radiated happy employees. They well trained enjoy jobs. You tell moments. So even wonder Priority Club (PC) upgrade room looks like, feel special.The upgrade provided. The &quot;Customer Experience Manager&quot; behind PC check-in desk said management happy I decided Holiday Inn. He said proud new rooms personally escorted us room bellman bags. (I said myself, maybe know I write reviews, seeing recent top five-bullet ratings hotel, I realized treat guests right!)The room superior truest sense. A corner room, huge, comfortable, light modern huge bath area tub two. The staff people remembered name, albeit Chinese way, calling Mr. Robert throughout stay. Not one, handful employees memorize name really fast check computer make sure address personally. Again, trained make feel special. As Trip Advisor Destination Expert, I many Shanghai hotels, one went customer service.The location Pudong neutral factor opinion. You short two block walk subway Line 4, one stop Line 2 (downtown Maglev station Pudong airport). If enjoy good exercise, interesting five ten minute walk Century Blvd (Line 2 station), Oriental Pearl Tower, Jin Mao World Financial Center buildings, Century Park. There plenty taxis front door, something take granted busy Shanghai.You Bund, harassed constantly touts staked every tourist hotel. The Pudong area modern Shanghai, safe be. Upscale shopping nearby well fashion market shopping Technology Museum subway stop.Contrary another reviewer's comments, several nice Chinese &quot;white linen&quot; restaurants within block. Heji practically next door, storefront 6th floor, crowded locals eating copious amounts great typical Shanghainese food. Whoops, back review...The breakfasts good quality. The hotel's lunch dinner menus looked affordable high quality hotel. I try in-hotel restaurant next time. The fastest internet I seen 12 visits (and maybe 50 stays) China past three years. Lightning fast, like DSL home. It costs 80 yuan, bargain cheaper upscale hotels Shanghai.Which brings back overall quality Holiday Inn Pudong. The staff accommodations leave doubt mind. You wish every hotel, Holiday Inn, could reach outstanding quality.",0.25651685688049325,0.460791158336613,Apr 30 2009
11,11,Shanghai City city centre convenient business perspective. many eateries around hence likings tourist.,-0.175,0.4,Apr 21 2009
12,12,Class Holiday Inn Had Nanjing business trip visit shangai weekend. Stayed top floor room offers facilities. There weekend prices main attraction staff helpfullness. The located Pudong central shopping places Shangai. Taxis cheap stay Holiday Inn Pudong recommended place friends. Offer evening breakfast regis resturants situated ground floor 38th floor. Food good made Olive Oil.Those wish visit Shangai stay holiday inn Pudong ask fot top floor rooms available. The room good enough 2 people u need seperate bed must tell well advance. The rooms clean well maintained.,0.36939393939393933,0.5003030303030304,Apr 17 2009
13,13,"affraid I arrives yesterday holiday inn pudong dongfang road, late flight ca1950, maybe 11 o'clock, I platinium priority club member give room executive floor, I thirsty I take one bottle white wine, I notice bottle open before, I drink pipi, incredible, I go reception tell problem, said maybe I drink bottle wine I want pay, I write u.s.a. complain I still waiting answer, recomendable, high price, low quality service. Maybe page accept fuorum complaint I write everywhere.",0.03280555555555557,0.4588611111111111,Apr 4 2009
14,14,"Now nice I give 5 star rating based get price Shanghai. I Shanghai several times year I find far better value hotels I stay. The completely renovated - many reviewers complaints noise renovations I agree them. I fortunate I stay business I always noise started. The good news construction finished. The rooms newly renovated - The rooms compare Shanghai hotels several times price. They clean, well designed everything works. Our group stays regularly find rooms excellent. The restaurant service food improved immensely - along complete renovation restaurant, also hired Dutch manager seems able work miracle main western restaurant. The Japanese restaurant second floor still bit dodgy, advice avoid one. They Irish bar - Irish name Filipino band - draft guiness pool tables generally fun safe place late night drink. Back I gave five star rating - staff always friendly helpful speak good English. I book Priority Club never problem check-in generous upgrades. The lobby rooms always clean, unlike expensive hotels Shanghai. The rated four star experience good better five star hotels Shanghai, fraction price. I would strongly reccomend anybody staying Pudong business, since tourist area.",0.22903069153069153,0.4520034666188512,Mar 29 2009
15,15,"They finished remodeling...i think I think 3rd time hotel. When I time, I jackhammers saws. However, next door renovation (probably getting ready world expo 2010).The hotel's lobby guest rooms looked contemporary. I think also added English TV channels well. The internet speed so-so. The hotel's restaurants good IMO. The breakfast buffet good Chinese standards, would probably pass IHOP nearby (there's McDonalds within 5 min walk). The Japanese restaurant 2nd floor good. They served Japanese food tasted like provincial Chinese food.Room service still pretty prompt. I ordered spaghetti 2am, took 25 minutes.",0.23229166666666667,0.2791666666666667,Mar 13 2009
16,16,"Transformed first class experience The renovations come end transformation fabulous. While rooms sprawling careful design gives plenty room work rest. The feeling like 5 star property Holiday Inn used know. With new restaurants, new club lounge whole new feel. Flangans &quot;Irish Pub&quot; still still welcome relief great meeting place. Staff friendly level english spoken makes stay easy. Highly recommended value money.",0.28672494172494173,0.5861771561771562,Feb 24 2009
17,17,"great contruction If want stay pudong area ( ie east river tourists stay side, west river, getting pain ) excellent aspects exept 8am 8pm construction noise, jack hammers time. everything else perfect pay stay consruction finished.the staff excellent",0.6958333333333333,0.7708333333333334,Oct 29 2008
18,18,"Hammerjack Inn We stayed 8 days. From 8 morning 8 evening, Saturday Sunday included, concert renovation work tools. Impossible rest day time even newly renovated room 32nd floor. Before booking check renovation works 100% over. Otherwise would quite comfortable usual Asia personel helpful.Jean-RenÃ© BergÃ©",-0.03606060606060605,0.5609090909090909,Oct 28 2008
19,19,"Holiday Inn Pudong great Western travelers I traveled Shanghai alone business I knew staying Western chain would essential. I arrived trouble. The staff spoke english well quick help get around city make recommendations. The rooms beds large, get lot China. There plate fresh fruit waiting room I arrived. This nice touch 20 hour flight. Overall, great place stay!",0.278968253968254,0.36904761904761907,Aug 14 2008
20,20,"It's ok. I stayed 3 nights week. The located Pudong area, many new developments Shanghai located. We chose since one reasonably priced ones Pudong area travel agent checked.However paid include breakfast usually included hotels stayed in. We ended pay approx. USD15-16 breakfast. The room size quite good. There enough space move around despite 2 twin beds luggage. The bed comfortable. The toilet due renovation. It's still usable looks dated compared room goes it. They make giving lot free toiletries like shampoo, combs, etc.What bothered airconditioning working well checked room. To credit, staff promptly came check complained this. However day left still working properly. I felt bit warm room. We asked transferred another room. I guess happen bec. room evenings dinner, since quite cold Shanghai time year, feel hot despite aircon working. For 3 nights use comforter wore shirt boxers. The internet connection high speed sure! I paid 80RMB 24 hour access download speed around 10 kbps, sometimes 15 kbps. This slow, office faster internet connection that. Thus bit overpriced me.",0.15095959595959596,0.5399347643097642,Mar 18 2007
21,21,Ok great !! Stayed secong time year. Booked company policy gave try again. The fine good Irish Bar attached pleasant bar food available.Room adequate I unpleasant smell I locate source. I proabably stay try hotels area.,0.13481481481481486,0.5583333333333333,Feb 26 2007
22,22,Lovely staff This lovely large rooms excellent service. The staff problem understanding English hospitable. I 18th Floor lovely view city. It little distance away Bund get taxi easily bund back. Advise carry card local language incase get lost method could come back local population understand English easily.,0.22459077380952386,0.4465773809523809,Dec 29 2006
23,23,??????????,0.0,0.0,Nov 23 2009
24,24,??????????????????,0.0,0.0,Sep 29 2009
25,25,??,0.0,0.0,Sep 27 2008
