,Unnamed: 0,Reviews,polarity,subject,Dates_extracted
0,0,"Next door railway station Just next door railway station, I checked 30 minutes train departed, nice room service, food average, good value center Shanghai.",0.17499999999999996,0.35000000000000003,Nov 25 2009
1,1,"Excellent location I stayed Yafan longmen Shanghai couple times business trips typical staffs helpful .The real benefit close proximity railway. When I came back one long train journey nice walk across square get hotel. Rooms reasonably priced Internet connection, The restaurant ok fairly standard.",0.24833333333333335,0.45999999999999996,Nov 16 2009
2,2,"Pleasant rooms good location sex massage?! I traveled Shanghai handful students. Most trip spent housing, final night spent Longmen. We pleasant experience. The location good, 3-5 minute walk train, making downtown easy 10 minute ride away.The rooms must recently redone, I found fixtures furnishings great condition. A great room mid-range hotel. The heating also worked well, important thing note Shanghai, weather reliability heating systems unpredictable.The one thing bothered interaction host spa (located upper ground level). I sick trip, thought massage would trick. The rates somewhat expensive Asia, I floored said, &quot;sex massage $XX.&quot; (I remember much). I ask repeat times, I could believe I offered sex Best Western! All I kept thinking student gone down!!!Anyway, criticism I restaurant breakfast held really need refurbishing. Perhaps next list. Otherwise, pleasant positive experience.",0.2534400123685838,0.5414618119975263,Jul 24 2009
3,3,"Close train Nice Hotel, 4 stars right. There masterpieces carved wood.&quot;Bussines center&quot; poor English expensive Internet connection. Wireless working.The next train station, far bus station, however 30-40min center taxi.",-0.020535714285714296,0.4919642857142857,May 13 2009
4,4,"No longer Best Western still OK. This ceased affiliated Best Western brand May 2008, remains useful &amp; comfortable place stay Shanghai, especially anyone needing/wanting close main railway station (which minutes walk away - see pictures).",0.3142424242424242,0.3303030303030303,Aug 11 2008
5,5,"Good Hotel Location ok Surprisingly nice Best Western.Location ideal, next train station, means taking taxiâs get anywhere. Unlike Beijing Xiâan, taxi queue front hotel. Flagging taxi mixed bag. The taxiâs adjacent train station interested short runs. And one help get taxi either. Rooms decent size, clean well stocked. The king bedded rooms end halls downright huge. No issues service, everyone pleasant friendly. There small mix reassigned one rooms someone else, solved almost immediately.Breakfast actually quite good. Nice spread lots choices, coffee hot refills quick.Not bad all, location it. Shanghai cabs pain, dependent cabs ideal. I prefer interesting stuff walking range, plenty Shanghai",0.22348484848484843,0.6045454545454545,Aug 2 2008
6,6,"Excellent though bit way Got reasonable rate 3-4 star (by US standards) hotel. The rooms immaculate, staff helpful english speaking help readily available. The breakfast little over-priced Chinese standards good lots options. It located everbright neighborhood near shopping area, fast food joints, plenty little shops buy water, snacks, extra luggage (if fly back need room souvenirs).The real negative rush hour, getting many popular tourist attractions (the bund, french concession, nanjing street, etc) good 30-40minute taxi drive (still cheap ride ... $3-4USD). Outside rush hour, ~10-15minutes. So type likes stop back intermittently, probably place you. If like us, stop back perhaps day crash room end night, reasonably priced (&lt;$70) place thats far. If place bund, rooms would easily running $150+.The 2 complimentary waters daily nice well.",0.22540404040404038,0.5219191919191919,Jun 21 2008
7,7,"Average; location ok; greatest Hotel newly built, rooms clean, nice, decent. However, location ideal--while within walking distance train station metro, etc, convenient find nice dining options general store nearby. The free breakfast ok. Stick plain porridge safe. The attempts pastries complimented (they try), better serve toast concoctions. Staff hit-and-miss, sometimes friendly helpful, times ignore you.",0.2944359562006621,0.5737267634326457,Nov 21 2007
8,8,??????????????????,0.0,0.0,Mar 18 2009
9,9,?????????????,0.0,0.0,Aug 23 2008
