,Unnamed: 0,Reviews,polarity,subject,Dates_extracted
0,0,Great weekend! We spent delightful time Presidential Suite I recommend highly service excellent General Manager lovely wife charming hosts!,0.5762499999999999,0.7050000000000001,0.7050000000000001
1,1,"Superb Hotel We never expected Ramada luxurious. We ther 3 nights business impressed.The staff amazing friendly helpful, never seen extended breakfast. The Hotel modern I seen make friendly staff services. The room comfortable, big TV CNN, HBO, AXn western movie channels I always find important spacious clean bathroom.If want stay Pudong definitely worth room rate.",0.2976041666666667,0.5109374999999999,Nov 15 2009
2,2,"An example excellence!! L.s.I travelled partner / colleague mine Hong Kong later Shanghai surprisingly treated one best services experienced since long time Ramada Plaza Pudong. The staff went way efforts make stay pleasant comfortable one. Their attention detail extreme recommend everyone visiting region China, business visitor tourist. Thank âRamada Plaza Pudong Shanghai.",0.3842592592592593,0.6518518518518519,Nov 1 2009
3,3,"Smelly rooms noisy elevators got back home sick... Typical Chinese business hotel, business only. Room smelly, decent western television, elevators noisy way back home I already take asperine plane become sick. Staff ok, nothing that. Food good, hey - food good China? The location ok, pay little bit stay Pudong Renaissance bit road well worth extra RMBs!",0.09391865079365078,0.4184920634920634,Sep 21 2009
4,4,"everything I expected This first stay Ramada Plaza Pudong. It everything expect business traveller. Reasonable close ariport, good, clean rooms, enough fitness/relax possibilities, friendly people.. Price/quality also ok. I certainly return.Jan Verschroeven, Maasmechelen, Belgium",0.27843915343915343,0.5227513227513227,Sep 16 2009
5,5,"worth room rate We last week business stayed Monday-Friday, prime reason picked near customer's factory, reason kept us there, By Friday afternoon wait get quick enough... place dated furnitures old tired, bed hard back pain first night, water came bathroom tap awful odor, unforgivable hot water - imagine luke warm bath shower long hard working day... We return next time visit customer, could paid cheaper stay elsewhere. Staff attitude OK, make unpleasant stay.",-0.05657894736842105,0.48333333333333334,Sep 7 2009
6,6,"Catch pulse Shanghai If u wana city centre, sync beat..this nice place stay, dont go looking tranquility.",0.6,1.0,Jul 27 2009
7,7,"Stay location right business seek alternate location pleasure I stayed 4 nights wife May. She traveling business I went along pleasure. We extended business trip vacation Vietnam. This recommended employer's Shanghai office since across street. I would recommend business pleasure. We put executive floor &quot;executive lounge&quot; serving overpriced beverages snacks. For pleasure side life, I take cab get subway I could get around city interesting places. The life around feels oddly suburban, surrounded western type business park full western companies, apartment towers. If stay company paying, buy water beer Family Mart street costs 10% hotel.This location western places eat nearby, interesting places Shanghai. We actually stayed 1 additional night Shanghai 22 hour layover end trip. This time stayed Pudong Courtyard Marriott much nicer room, slightly interesting street life, comparable weekday rate, 20-30% less money Ramada.",0.18408289241622577,0.26895943562610225,Jun 15 2009
8,8,END OF THE TRIP really good lot comfort.It end trip China I pleased quality room .There good shop last shopping,0.58,0.6566666666666668,Jun 10 2009
9,9,"Great hotels especially long stay guests This located outside busy, crowded noisy downtown area. Located JinQiao expat area lots restaurants (I counted 40 within 1 mile hotel). The area nice, green quiet, less opposite downtown. Still downtown far away, taxi 10km go Science &amp; Technology (/ FakeMarket) (Â±6km) take Subway there.The restaurants (1 chinese 1 large 2 openkitchen (Western / Italian &amp; Japanese Restaurant) great breakfast huge. For breakfast choice large western variety large asian variety, great. Staff really polite helpful.The also offers lot meeting / business rooms located New Import &amp; Export Business Center, ideal long stay guests.I would deffinetly recomment friends !!",0.18820739072755208,0.3883954754922497,Jun 9 2009
10,10,"Excellent Hotel I stayed business travel China. Our office nearer, main advantage select hotel. This also far airport (may 30-45 minutes).Rooms great views room also wonderful. Food good, services better. It nearby Indian restaurant solves problem vegetarian guys like me.Per night costs 1000 RMB.",0.6095238095238095,0.7404761904761905,Apr 26 2009
11,11,"Your basic business The provides basic traveler services. The breakfast actually quite good (and came free room). There basic gym decent pool. The staff reasonably helpful. Unlike others, I seem communication problem.The internet service also came free room; however, bit unreliable.The rooms large clean &amp; bed comfortable (maybe bit comfortable!).The biggest down-side get Shanghai need take 20RMB taxi ride 15-20 minutes--just get metro. If want taxi PuXi section Shanghai (where tourist stuff is), takes longer costs much more. I typically metro thing metro fast, clean, safe, ask I want &quot;massagee&quot;.",0.2498599439775911,0.5100140056022409,Aug 25 2007
12,12,"Value money questionable Stayed 5 nights whilst business Shanghai. Booked executive floor &amp; used Upper Deck Lounge checking &amp; out.Upper Deck Lounge totally lacked atmosphere &amp; basic. Girls desk pleasant, great english, causing level confusion.Efficient service bars, bars seemed lack atmosphere. The main one appeared used prior guests heading evening night cap.My bedroom spacious, clean &amp; comfortable. No complaints area. High speed internet access also available room.Ate breakfast main buffet restaurant daily &amp; found choice &amp; quality good. Ate lunch one day &amp; found choice quality excellent!Location Hotel fine. Walked couple restaurants there, took 15/20 mins. More offer a-field, trips would require taxis.",0.236,0.4657916666666667,Aug 6 2007
13,13,"Distant city Pudong area comfortable expat community area Stayed business trip 6 months, small family 2. The establishment offers service apartments (back building) rooms (front).Check-in breeze, front desk staff good english speaking, others challenge. We stayed units throughtout, varying layout size. But overall, size good enough small family starting 60 sq/m price around USD2000 per month. Kitchen open concept 1 2 bedroom units. Broadband free (generally free easily available China) everything else complete clean.From airport, 30 mins drive, new territory Shanghai ie. Pudong. The city another 30 mins so, older territory ie. Puxi. There train station nearby ie. closest would science center 10 mins drive.Surrounding area basically expat community. Mostly people wants escape old bustling traffic congestion Puxi working new territory (down road 15 mins walk, many factories industrial parks) children studying nearby (plenty private schools). A walk 15 mins (opposite end industrial parks) would reach shopping center Carrefour, hair salons, fast foods, food courts, specialty grocery store, spa, fitness club, huge sports shopping franchise (Decathlon), hardware megastore, pub/restaurants (japanese, american, italian, vietnamese, course chinese, etc.). Amenities aplenty. The weekends would families hanging area, next park, sipping Starbucks coffee dogs running around, football games, rolling grass, etc..... bazaars fairs going on.If tired nearby surroundings, short cab ride around Pudong would take longer 15 mins reach huge Pudong parks shopping areas (Thumb plaza) Times Square Pudong Pearl Tower, etc..In short, area superb families. But young couples looking action, better look somewhere Puxi.",0.14317676767676768,0.3531262626262627,Jan 9 2007
14,14,"nice far downtown I accompanied husband Shanghai business. While worked, I spent days shopping, sightseeing spa-ing. This nice - good service, good food, clean comfortable rooms. It perfect business traveller, quite trek vacationer commute side river almost good shopping sightseeing located. Your best bet take taxi nearest subway station (costs 20 RMB August 2004) take subway across river - much faster taxi whole way traffic almost always busy Shanghai.",0.4414444444444445,0.5983333333333334,Oct 24 2004
15,15,Ramada plaza: een unieke ervaring,0.0,0.0,Nov 6 2009
16,16,Perfetto prima di partire,0.0,0.0,Jan 8 2008
