,Unnamed: 0,Reviews,polarity,subject,Dates_extracted
0,0,"The WORST I ever stayed in!!! The title says elaborate. I travel living I've stayed manner brand hotels. I stay hotels 200 nights per year stayed Mercure hotels reading mostly positive reviews here, I booked family vacation. We checked impressed grand modern lobby. When stepped elevator 16 that's nightmare began. The carpet filthy baseboards doors. This continued opened rooms appalled dirty were. The carpet disgusting, furniture. The beds springs hard slabs. They disgusting fabric headboards coated years head grease! The furniture old worn filthy. We didn''t even want touch anything.The room poorly lit probably good thing light would even disgusting I turned one lights mounted wall, fell shorted out! The bathroom health hazard well mold shower dried urine something like orange soda tile. The sink cracked half looked like someone poured coffee never cleaned it. The rooms equally appalling! I went desk ask rooms told would happy move us rooms same. Because 1 exhausted, elected stay 1 night checked next morning first thing. I wish I taken photos post protect future visitors. This must undergoing renovation photos posted simply fraudulent rooms looked nothing like even decor. BEWARE!",-0.10874426078971536,0.6257352748261837,Sep 21 2009
1,1,good value money far city center Baoshan district North Shanghai. Not really much see there. But good choice plan boarding Yangtze cruise Ocean cruise next day. The quite nice. The room (superior) quite large. The marble bathroom adds nice luxury touch. The light color carpet odd choice see small stains. And unfortunately - like hotels China - bed quite hard. But offer wide variety pillows staff willing add extra layers soften bed. The breakfast buffet quite extensive selection decent western bread. Swimming pool / fitness center offer terrace lockers clean. If independent traveler I'd recommend stay closer city center. Don't bother check around sight interest. No restaurant worth visit shopping center nearby. I got great deal booking internet site. Overall I'd say good choice need stay area.,0.16724330357142855,0.45063244047619044,Sep 12 2009
2,2,"Ultra modern 5 star located far downtown We stayed 2 nights April 2009 happy say deserves Grand Mercure label 5 star rating.The rooms spacious well decorated. There reading lamp chair together separate desk. It window could open. The bathroom separate shower bathtub. The drawback drain shower slow drain.Front desk service quick attentive. The breakfast buffet world - varyig shrimp sushi omelettes. Lots fresh fruit also. The wine selection also amazing.The lobby bar feast eyes. Located highway, within 20 minutes driving distance downtown Shanghai.Whatever may situation before, seems corrected. We would definitely recommend without hesitation.",0.2121212121212121,0.6909090909090909,Apr 6 2009
3,3,"Is Grand Mercure??? Don't stay unless I stayed four nights. After stay, I wondering &quot;Grand Mercure&quot; &quot;Ibis.&quot; Just &quot;executive floor&quot; make level. The said 5-star, I think like 3-star. Here's observation.Location (-1): Very difficult find, good neighborhoods. Can reached via Line 3 (Jinwan Town)Ambience (1): I think owner constantly building something. Lobby nice hotel's restaurant (so speak) Cafe 180 small serve everybody (although I saw Chinese people partying rather guest, menu limited. Also, two wings. South wing like traditional Chinese only. North wing newer room like &quot;ibis&quot; style rather 5-star hotel. I think owner also budiling another wing may conference center but...Room (- 1 3 stay executive floor): The basically three levels room. One executive floor room nice, second room North wing newer brighter small. Don't even bath tub shower stall. I think even room Four Points Sheraton Pudong lot better roomier one. The last one room South wing old, dirty, dark. Also, room North South wing weak &quot;air conditioning.&quot; Eventhough I turn individual controler 5 degree c, still hot. Reminded old 2 - 3 star hotels Chinese only.Staff: Trying hard speak couldn't. When I checked in, I asked I like renovated room even though I needed pay extra, check-in staff said &quot;renovated&quot; mean?? Also, knock door second night 7:00, I woke becaue loud open door. A Chinese woman handed sheet paper said swimming pool closed today renovation. But, mention &quot;old&quot; swimming pool open again. And, woman hammering door rather slip sheet door. Just weired. Facility (-3): There facilities except restaurants. No fitness center, sauna outdoor swimming pool, nothing. Business center small, staffs understand English well. The option, indoor swimming pool close renovation say reopen again. Strange.Total Score: -4 -1Verdict: Should avoid unless to.",0.036795845997973635,0.4784473150962514,Oct 7 2007
4,4,OK We spent 4 nights whilst lobby etc modern room dated resembled travelodge i'm honest. Also could hear absolutely everything said corridor hear doors opening closing.Breakfast ok limited compared mercure's China - god help want eggs example !!Overall would say adequate main drawback distance centre/tourist attractions - average 30 Yuan taxi ride places anywhere 150-200 Yuan airport.,0.19441645408163266,0.40838435374149656,Sep 3 2007
5,5,"Good choice Stayed executive room 21st. Pros: Ginormous bed, PC room free internet access, Lots little perks. Friendly service. Good value money. Breakfast huge selection.Cons: currently (Nov 06) remodeled lobby (and lower floors) may unbearably loud. Called room service midnight - brochure says small selection available night, told closed. First day reported breakfast 6:30 - food cold heaters underneath burned turned on.A taxi Yuyuan gardens set back 28 yuan took 30 minutes non-rush hour traffic. It preferable taking metro - nearest station 15 minute walk roadI would stay again.",0.16796875,0.48958333333333337,Nov 19 2006
6,6,"Great Value Out city centre 1st class. Well equipped, clean rooms. Efficient, helpful staff. Laundry service good value.Excellent breakfast. Would recommend.",0.6222222222222222,0.6833333333333335,May 30 2006
7,7,Gutes Hotel...wurde im August einigen Etagen renoviert,0.0,0.0,Nov 3 2009
8,8,bon hÃ´tel pas trÃ¨s bien situÃ©,0.0,0.0,Oct 12 2009
9,9,?????????????????,0.0,0.0,Mar 5 2009
