,Unnamed: 0,Reviews,polarity,subject,Dates_extracted
0,0,"Oriental Riverside Hotel Shanghai Well.... 5 star pretty damn good!!! However, disappointing area - unless like cement glitzy high rises. On last day entire ball room (that fun - 24 hours big band played night) lobby scaffolding - renovations right now, I guess. I must say highlight POOL!!!! Inside glass dome overlooking river - spectacular. By Chinese standards, $$$, 5 star.........",0.2188676948051948,0.4788528138528139,Nov 24 2009
1,1,"Could rennovation good value nonetheless. Stayed attending conference adjoining convention centre. The excellent location, close proximity public transport, shops, restaurants etc. Staff polite helpful, although spoke fluent English. I accept this. After English speaking country!The service good food also high standard.Our major disappointment room looked like could makeover. i.e. new carpet, new coat paint. Similar could said corridors outside room. Nonetheless clean room fault otherwise.The gym also needs serious upgrade exercise equipment order!The pool highlight, top hotel, surrounding views Shanghai.We also given discount, arrival apparent reason. Certainly complaints that, added positive experience.",0.16050828157349892,0.5022307547524939,Nov 5 2009
2,2,"Great room great facilities good location nice view We early check-in pay. But problem, room really good luxurious. We great view Oriental pearl, Jin Mao tower SWFC tower. The Bund Sightseeing Tunnel steps away fastest way get Bund. The subway ofcourse cheaper. But takes 5-7 minute walk. Make sure visit Super Brand Mall!Because jetlag missed breakfast dinner city.",0.5133333333333333,0.6405555555555555,Oct 18 2009
3,3,"Dysfunctional lots service issues Bad experience first day itself. Staff find reservation hassle close hour I get room available 2 3 nights I needed it. If father-in-law knowing higher-up, I'd move day early. Adding insult injury, room I got smoking room.Then day 3, came back room one afternoon key work. Came got new key. Went work either. Went get new key tell staff follow try work either. Went (3rd time now), asst mgr came down, wanted come up, I said forget - go fix I'll go it. Waited 10 min, told go problem fixed.Went I there, group 4 staff waiting swiped card and... work. After getting multiple keys swiped, finally found one worked gave assurances would work going forward. I told maybe switch new room said worry. Well, we'll see I'm writing review right happened...Bottom-line, a) staff can't accommodate got problems (doesn't matter who's fault) b) problems. Food average. For room costing equivalent USD 150 per night (which Shanghai major amount), I could've gotten 5-star experience somewhere else.To fair, positives good location near Oriental Pearl TV Tower across river Bund area.Take advice - pay money stay somewhere else.",0.0548243918779633,0.5242823644609359,Aug 25 2009
4,4,"Nice terrible service. The Oriental Riverside is, unusually, pretty low rise Pudong area Shanghai. It's near enough things (Oriental Pearl TV Tower two minutes away, Shanghai WFC centre 10, lots restaurants water front plenty shopping), underground (5 minute walk) tourist tunnel (right outside door) near enough make getting across river quite easy. The right banks river and, got room right side, views wide Pudong river interesting, necessarily spectacular. Our room, riverside view room, spacious, well equipped comfortable. The lobby area large, dramatic inviting. Overall, impressions good.Sadly, let terrible service.Check fine, normal credit card impressions on. Shown room, staff member opened door walked loitered waiting tip. Having spent three weeks far China, found tipping uncommon (and I even encountered refusals) led awkward moments. Shortly afterwards, woman burst room carrying small vase, insisting needed bathroom. Shortly that, another woman came removed fruit bowl, declaring we're allowed it.The concierge desk useless. Asking times viewing platform World Financial Centre open (it's 1,555 feet is, currently, highest viewing platform world - definitely worth visiting), told newly opened attraction closed, despite fact I could see camera flashes coming platform. Ignoring them, went anyway, paid money, enjoyed hour top world.Asking concierge book taxi 5am proved impossible, us told there's point turn up. A phone call taxi firm soon one booked, turned bang time.Asking times MagLev train airport (we go early) given two different opening times, wrong.These basics, especially business that's attached International Convention Center, unforgiveable got basic things wrong. A 5-star hotel's concierge service relied upon visitors, failing area they've let entire down.As staff checkout. Never before, standard hotel, I made wait reception staff member goes check I've stolen anything room.It's lovely hotel, I leave quick enough. We tempted stay either Hyatt hotels WFC Jin Mao tower, decided save money stay river. When go back, it'll Hyatt.As aside, Shanghai make sure leave time drinks bite eat Cloud 9 bar Jin Mao tower. It's difficult find, requiring three different lifts, stairs corridors and, get there, expensive, worth effort every penny spend there. Really.",0.016144999781363415,0.49396016441470997,Jul 16 2009
5,5,"Great locationgood Hotel I wife 3 nights. We enjoyed much stay oriental riverside. Very nice room ,good breakfast, best location Pudong,with nice view Bund. 5 star Hotel friendy staff. Will stay Hotel,recomended!!",0.7110714285714286,0.6585714285714285,Jul 12 2009
6,6,"OK room Terrible Service Felt cheated Bad location Old gym equip My husband I frequent travelers. We live hotels often live condo Chicago. In nutshell, stay 5-star Bund side equivalent cost. There much Pudong side. We found taking metro Bund everyday coming back Pudong side sleep hotel. Stay anywhere Nanjing Road I think quite happy close everything want see Shanghai tourist. Here's detailed list bad experience hotel:- Upon check-in asked non-smoking room. We got room &quot;no-smoking&quot; sign outside door. Once entering, reeked smoke incents (probably trying cover cigarette smoke smell). We asked another room front desk, told us believe us supposed non-smoking room. They sent bellman us confirm giving us another room. This move #1. In 2nd room (445), smoke-free. Then later, entire floor smelled smoke, much started entering room. We placed pillows foot door prevent smoke entering room (see photo). They need implement non smoking floor entirely.- Outwardly, LOOKS like 5-star hotel, staff trained professionally including assistant manager. Our internet work room, said use Business Center FREE rest day. Later day, tried charge us Business Center services. At first denied knowing internet problems, acknowledged heard would charge us reduced rate. Um... hello?! It offered us FREE since paid internet service room getting. It obvious trying cheat us money. This conversation assistant manager, Mark Cai. Eventually, moved another room internet works. This move #2.- Gym equipment: Treadmills old, tracks frayed edges pay attention, could trip fall treadmill seriously hurt yourself. The stationary bike (both them) work. The free weights rust handles. - Currency exchange: On last night Shanghai, wanted take river cruise needed cash pay tickets. We tried several times retrieve cash lobby ATM worked previous days failed particular night. We asked front desk could charge us amount onto room give us cash? Their response: NO. Could exchange Yen? NO. Could exchange Taiwan dollars? NO. Then (Alex, Anthony) proceeded joke around Mandarin making statements laughing: &quot;These people money. They poor.&quot; My husband understand Mandarin told later. Completely unprofessional behavior. Since unwilling help us, missed cruise. On last night, instead spending romantic night cruise, I found writing long list complaints suggestions General Manager; letter I highly doubt get General Manager given poor service received entirely 6 days stay hotel.- If DO decide stay here. Don't stay room 425. The 5th floor banquet hall nights hours chairs, tables furniture dragged across floor. Also, 2 different parts hotel. When entering lobby. Request rooms facing river, nicer. They initially try fill ghetto half hotels first (our first room).- There flat screen tv's here. For 5-star hotel, that's pretty backwards.- Check also took nearly 30 minutes.- When husband I came downstairs luggage, 1 3 bellman came help us. One Cuasian couple came luggage, 3 ran over... yes RAN help luggage. Travel tip Asia: Even speak language. Use English get respect better service. It's sad true.- The great thing room view. We view Bund Huangpu River window. At night see brightly lit river boat cruises go like parade.",0.06303102453102456,0.44224603174603166,May 4 2009
7,7,"OK Hotel good location felt cheated We came back stay wanted share feedback others aware of.The GoodStandard room best aspect location, right next Pearl Tower. Also recommended Super Brand Mall (SBM) opposite Pearl Tower. Plenty great eating choices 5/6th floors. As bought breakfast hotel, often ate - good satisfaction. Particularly recommended: try Green Tea Icecream Shake Noodle Bar 5F SBM, outlets town...The Bad- Our room small working room attached it. This barely cleaned (with thick layer/smell dust) previous guest's nail clippings!- Spa Area bit murky, lights sauna, steamroom operation, murky waters jacuzzi, spa attendant using relaxation room mainly - relax himself!- We reserved room via HRS.COM understanding internet included. We told case. At check out, charged internet based time log-in actualy online usage. So log ur first day even 5 minutes, times starts running then, end paying exorbitant rate RMB 120 2x 24 hour time periods within day!! Especially dodgy charged us internet day, internet server 8 hours! At check out, understanding client's situation front desk staff Alex Shen Amy Tang, said said that's computer calculated it, that's would charge - bad behaviour.You better hotels better locations far better customer service Shanghai.",0.13407322068612396,0.4311699948796724,Dec 19 2008
8,8,"Standard business We stayed 6 nights conference Shanghai International Convention Center. I booked another website definitely got great deal. I think worth published room rates conference advertised rates.Because attached Convention Center, convenient. You never walk outside, great cold rainy.The front desk staff helpful speak decent English. One best things luggage storage. I traveling around China week meeting stored luggage I returned. Nothing lost, great. The also offers currency exchange. What interesting booked room another website, check out, give receipt. You contact whomever booked, save initial receipt. The also allowed us late check out, 2pm, helpful. The room spacious bed comfortable bed I found throughout China. This bed least firm bed, great. There dent center bed, I think pushed double beds together, beware. The bathroom interesting separate shower separate bathtub. The shower enclosed clear glass water pressure shower medium. The shower head bathroom malfunctioning water spraying place despite adjusting it. I finally gave took showers clear glass shower bathtub.The room cleaned daily, two complimentary small bottles water provided daily. There nightly turn service would get 2 cookies plus small pastry piece chocolate little red tin. That nice touch midnight snack. There mini-bar room, well larger bottle Evian bottled water complimentary price clearly marked. Toiletries, hairdryer, refrigerator, hot water heater making tea also provided. I used refrigerator store orange juice I bought grocery store. There also TV room 4 English channels (CNN, HBO, National Geographic, another news channel). Although room designated non-smoking, I felt cigarette smoke wafting room. The first day checked in, room smelled like cigarette smoke. We left window open day, finally, cigarette smoke disappeared. When turned heater, initially, smoky odor, heater running while, smoky odor disappeared. As hostels/hotels found China, put room key card slot activate electricity room. It easy turn lights room leave heater overnight. There control panels either side bed. We also left one room card key slot turned lights day sure refrigerator turned room card key removed. We storing small food items refrigerator. That worked well last 2 days, housekeeping would take away room key card slot day. We asked new room key card once, got, next day, new room key card taken again. By time, almost ready go, ask second room key card. The restaurant, I ate lunch buffet. There mix Western traditional Chinese items. The food typical would see expensive buffet. I would eat unless I pressed time. There restaurants area (accessible Metro taxi) offered better tastier food.The location okay Pudong district, primarily caters towards business travelers. The Riverside Promenade lovely day night. There excellent Superbrand shopping mall across street (5 minute walk), grocery store basement, 2 foreign language bookstores (you buy English books here), multiple different types restaurants, including food court 5th floor. The Jimao Tower, offers excellent views city top, well Shanghai Financial Center (highest view city) located Pudong district easily accessed foot (10 minute walk). Some fancier skyscrapers located Pudong district across river Bund district.It 5 minute walk Pearl TV Tower 7 minute walk Lujiazui Metro stop. The cheesy Bund Sightseeing Tunnel also located right front entrance, tunnel allows fast easy, cheesy access Bund district. The touristy sites Shanghai Bund area, French Concession, Old Town, easily accessed cab Metro. To get Old Town though, much harder use Metro, actually fun take ferry (0.5 yuan). The ferry dock located bit south hotel, 12 minute walk, ferry, takes 6 minutes cross river. During day, undergoing renovation/construction, lot noise that. At night, room quiet. We faced garden riverfront view.The also beautiful round pool small exercise room. The pool small swimming laps, exercise room cardio machines, offers great views river. The offers wi-fi room certain floors Convention Center. There 3 yuan per minute charge internet use Business Center. I sure wi-fi charge is, I'm sure may costly. Overall, geared toward business traveler location Pudong district. The touristy areas easily accessed taxi, Metro, Bund Sightseeing Tunnel, even ferry. For meeting Shanghai International Convention Center higher end amenities never walk outside, great business hotel. If want heart touristy area, bit far action. Very pleasant business hotel.",0.1310052071098583,0.4426753694195556,Dec 7 2008
9,9,"Under renovation Business trip. The location excellent, brief walk Pearl Tower, Subway, Insect Museum, large shopping mall (with many good eating places), Bund &quot;The Kitchen&quot; (a fantastic Italian restaurant Bund put say full, walk anyway). The staff really helpful great language skills. The room 4 star internal level (rather typical 4 star Asian). I would recommend River side rooms time enjoy view! TV average, bed comfortable, bathroom OK quite compact separate shower. Internet access poor, renovation noise day (until evening!). I eat snacks/coffee lobby lounge. That lounge, Spa, expensive quality offered. Try elsewhere! The Hotel &quot;right&quot; side Bund Pudong International Airport 30 minute cab ride MagLev terminal. If handle walking luggage, stick Subways/Maglev etc. (Clean, fast, easy navigate, safe...). You always pick cab brief trip subway station hotel. Do follow advice given elsewhere cab directions written - drivers generally non-English speaking - repeating louder help.",0.1858772675736962,0.4858021541950114,Dec 5 2008
10,10,"Great room bad experience. I stayed I attended congress Shanghai International Convention Center. The well placed congress. I booked room Expedia.co.nz gave much better rate either congress booking website.My room 6th floor designated smoking floor. My booking room view river non-smoking floor. However, reservation reservations others congress stayed hotel, request non-smoking room ignored. The problem fourth floor non-smoking fills quickly. I told repeatedly views poor 4th floor, colleagues stayed fourth floor reported case.The room I received great views across river, well laid clean. I quite pleased room. The bed comfortable, bathroom large furnishings nice. Housekeeping came room evening drop cookies give newspaper.However, I would never stay again. First all, Pudong pretty soulless compared side river. While lots restaurants shops Bund side, inexpensive options Pudong. The exception Watsonâs grocery store located nearby really good value buying things. Each night, took subway side river eat.The breakfast Y180 highway robbery.The worst part two nights, concrete poured roof. At 10PM, concrete trucks began pouring loads machine pumped roof. Until 2AM, trucks running blowing horns concrete. The sound concrete like someone rollerblading room. Plus I got notice would blasting 15m room I open window. No high class disturbing guests construction night. They probably wont pouring concrete again, care little comfort guests case, probably wont care construction projects need carried dead night.So summary, nice Shanghai congress, cost sleep dollars. Otherwise, look options.",0.09754699248120301,0.5073308270676692,Oct 28 2008
11,11,"Good choice Good good location. It Pudong waterfront promenade, views Bund Pudong skyscapers. Very big clean rooms big bathroom. Huge lounge. Good breakfast.Only 200 meter nearest metrostation, reach middle Nanking shoppingstreet (next station) couple minutes. Cost 0,3 eur.Very big shopping mall near hotel.",0.3055555555555555,0.3941666666666667,Oct 24 2008
12,12,great place great location The Riverside Oriental Hotel Great Hotel great Location rooms big I stayed superior room I look standard rooms well finished. I could find faults airconditioning good breakfast wide varied problem smoking ask non smoking area. The tunnel river bund old part city right outside hotel. The Hotel quite part Shanghai close attractions. I wll staying again. A nice touch bed turned night cookies chocolate beside table.,0.3206349206349206,0.5109126984126984,Aug 25 2008
13,13,"Perfect perfect location... avoid August! Stayed 10 nights August, 2008. Great hotel, expensive top-notch facilities service. English problem staff. Room super nice, clean, fantastic view overlooking river... spent hours night watching neon-lit boats go by! Perfect location; 2 blocks humongous mall grocery store, access modern stores food chains, pedestrian tunnel side river literally front lawn hotel. The tall Pearl tower also 2 blocks away.. nothing 3-minute walk. Taxis front take anywhere else Shanghai, plenty within short walk, (cheap reliable) taxis take everywhere else! I'd never stay anywhere else...(Oh, avoid August; VERY hot VERY muggy...made hard enjoy outside keep positive attitude touring shopping.)",0.34437417654808966,0.6147299077733861,Aug 8 2008
14,14,"Oriental Riverside Hotel: Very good Stayed four nights May 2008. Staff helpful. There language problem. The rooms good size every thing worked. Great location-next Pearl tower bund tunnel. The Super Brand Mall, minutes away several nice restaurants (5th floor) including terrific vegetarian restaurant grocery store (Lotus, basement). The Metro (line 2) close go Nanjing Road rush hours. I would rate average.",0.2903030303030303,0.5178787878787879,May 20 2008
15,15,"A facility decline The feel facility decline. My room dingy out-dated, power outlets television work. The room poorly ventilated--I awoke first morning room full exhaust fumes.The &quot;1930s&quot; restaurant lobby mediocre warmed-over institutional food staff seemed confused customer. The bar poorly stocked bartender unable fulfill basic requests. Another customer received meal reverse order. I would go again, however, see jazz band plays nightly--they dreadful point hilarity muddle one jazz standard another.In general, staff seemed rather bewildered presence guests needs expectations, first night I felt bad gamble remain. We moved another Pudong turned outstanding.",-0.18714285714285714,0.5688095238095238,Apr 8 2008
16,16,Impressive Large bedroom bathroom wonderful view river towards The Bund. Service staff courteous attentive.We seemed western people (an fact Shanghai!!) slight language problems. Staff spoke basic English difficult communicate problems. Very impressive exterior easily accessible Shanghai across river.Breakfast OK - much choice continental style.,0.26934126984126994,0.553015873015873,Mar 5 2008
17,17,"Great Hotel. Deserves higher rating. We've back Shanghai I would love write review wonderful hotel. We booked five nights (one Deluxe room, River View one Standard room, Garden view) never regret it. The Deluxe room spacious. I loved tasteful yet simple decoration furniture, big bathroom (with shower bath tube), wonderful River Bund view good service. Our children stayed modest Standard room also quite spacious room gorgeous view (from room see river Pudong skyscrapers including Jing Mao Pearl towers). Both rooms clean well maintained. The Standard room PC, Deluxe room internet connection (2 yuan min). My husband checked emails several times paid 6 yuan service. You also free internet connection Element Fresh cafe Super Brand Mall (2 min walk hotel).The hotel's location perfect us. It located Bund Pudong area Convention Center. If prefer quiet place crowds noise Nanjin Road, you. The Pearl Tower (including quite interesting Historical Museum) Shanghai Aquarium 2 min walk hotel. The Pudong Bund Sightseeing Tunnel even less. The Metro station 3 min walk. The Super Brand Mall gorgeous restaurants, cafes shopping 2 min walk. They serve great breakfast Element Fresh cafe there.So, I highly recommend want stay 5 star's good location get reasonable prices like (less $90). Then SUPER VALUE.",0.34333333333333343,0.5500885935769658,Jan 6 2008
18,18,"Better I anticipated !! Stayed 13 nights courtesy Travelocity pricing mistake ($27 per night) firstly I surprised 2 reviews given amount western tourists hotel.The location greatest asset also achilles heel depending requirements. It's Pudong (east) side river action takes place side. However soon notice much quieter calmer life around traffic hotel's itself. The also 3 mins walk away Super Brand Mall Lotus Supermarket basement stock drinks, snacks, etc. Lotus also reasonable hot food section higher floor mall find KFC, McDonalds Burger King along many restaurants.The rooms good, fantastic certainly nice usual amenities like tea making facilites. The beds comfortable. Seperate shower bath although shower door close bit water leaked floor. I bit surprised iron ironing board quick call reception one delivered 5 minutes. A 4 way electric adaptor also sent room similar time. A bit puzzling maid made room day. Some days would leave 2 bottles water, days 1, days none. Same shower amenities, complain amusing see would left. Using internet 120 RMB per day within room 3 RMB per minute business centre. I laptop one morning needed print something used business centre. The printer misconfigured (connected wrong network PC) lass managing centre clue I fixed simply unplugging one wrong one plugging correct one. Bit surprised still charged 10RMB fixing problem !! The also recreational facilities, included price extra. The gym, sauna swimming included tennis, snooker, table tennis, pool, 10 pin bowling crazy golf extra. Have say I thought paying 80 RMB 1 hour snooker bit steep nosiness I went basement times never anyone there.On first couple days tried buffet breakfast buffet lunch. Breakfast good lunch bit disappointing. In fact arrival 2 days I decided look lunch (we arrived early 12noon room quite ready) quite impressed day visited, nearly dim sum section disappeared one thing I really wanted enjoy. Also sweet section limited.The staff courteous fact I spoke Chinese really impact staff spoke English. I even haircut someone spoke discernable English received great haircut.If asked would I stay would answer definitely yes I would surprised I visited Shanghai soon I simply tourist saw everything I wanted.",0.17909050179211466,0.5169866871479774,Mar 28 2007
19,19,"Better Than Expected I attending conference Shangri-La Hotel, minutes away foot. Unfortunately, Shang booked out, travel agent suggested place instead. It hard find (tell Taxi drivers 'Bin Jiang Da Jiu Dian' 'Shang Hai Guo Ji Hui Yi Zhong Xin') small adjunct Shanghai International Convention Centre. However, place APEC meeting 2001, quite regal, even little bit gaudy way. The gym could nicer health facilities kept little bit better room faultless - large, wonderful views Bund. The glass door shower nice, service really impeccable. The location also good next Pearl Oriental Tower (which houses Shanghai History Museum, quite interesting) Lujiazui subway stop.If mind quasi-Communist feel place over-the-top decor lobby (the rooms fine nice great views) bad choice actually Pudong/Lujiazui area. Mainland Luxe!",0.2455952380952381,0.5723710317460317,Feb 3 2007
20,20,"Dirty room Hi, I stayed Oriental Riverside Hotel July 2005. I thought 5 stars 5 stars standard. But not. The carpet dirty blood mark bedsheet. Need upgrade.",-0.39999999999999997,0.5333333333333333,Mar 24 2006
21,21,????????,0.0,0.0,Nov 22 2009
22,22,ottima posizione-,0.0,0.0,Oct 29 2009
23,23,Excellent,1.0,1.0,Aug 28 2009
24,24,Excelente en la parte moderna,0.0,0.0,Mar 22 2009
25,25,??????????????????,0.0,0.0,Feb 27 2009
26,26,Super Hotel!!!,0.6510416666666665,0.6666666666666666,Aug 25 2008
