,Unnamed: 0,Reviews,polarity,subject,Dates_extracted
0,0,"Great Location - Away busy streets - Just perfect! Arrived Tueday stayed 6 nights main building huge room 2 double beds. Beds indeed hard, much sightseeing, etc. get used them. Maid service great. Never ask room made front desk service good too. Breakfast come room I ate couple times necessity. It buffet costs $15 nothing write home about. For food shopping would recommend Parkson supermarket next subway stop. Would stay heart beat. For room well $100 grand. Loved fact also offered free internet.",0.36500000000000005,0.5983333333333334,Nov 24 2009
1,1,"Good Value location ambience Stay original building, no: 1 charming old world feel it. We upgraded larger room, spacious quite elegant, Chinese furniture 2 double beds. If want pay more, stay really beautiful room front overlooking garden. Bathrooms OK, spacious, little old hey China paid $110 AUS night.Staff reception helpful. Take leave room cleaning - I think attitiude, lick polish! Hotel breakfast fairly standard, mix local western food. We try several restaurants hotel. The Donghu's French Concession area great location, lively plenty cafes shops within walking distance. The large indoor pool gym, I'd fully intended use somehow seem find time. I find time massage &quot;beauty parlour&quot; - long menu curious services - great. Worth couple extra dollars massage shops streets. I'd stay good value, authentic traditional Chinese decor great location.Oh good free internet access room!",0.2753756957328386,0.466530612244898,Jun 25 2009
2,2,"Great rooms great location Just stayed Donghu Hotel Main Building. We travel Shanghai every month business, really offers great values terms price/location/quality. Hotel surrounded excellent restaurants, nice streets small local boutique stores / cafe's/winebars(on Xinle Lu). The rooms spacey clean, main building excellent garden, try book front front side building balcony, You see garden. Of course, resides historical building facilities bathromm bit old fashioned, absolutely issue since eveything tidy clean. We travel around world monthly basis we've seen worse hotels States nad Europe. DongHu great choice!",0.36483333333333334,0.5833333333333333,May 25 2009
3,3,"Construction noise ruined stay On surface Dong Hu Hotel nice - large room, large bed, fluffy pillows, new finishes bathroom. The mattress hard rock old charm. BUT...construction starts room early morning. There continuous hammering drilling. I complained moved another room. That room smoky (recirculating smoker's rooms air) I decided live it. The next week construction moved side building right room. I hear bzz, bzz, bzz, BANG, BANG, BANG non-stop starting 9:00am. I staying two months I ask speak manager. The manager really address complaint , looks feet , mumbles sorry says noise stop. The noise stop continues another hour I decide I can't take anymore leave room. It really bother fanciest place unresponsive attitude regarding unacceptable conditions really got me. Also &quot;fitness center&quot; one exercise bike one knows use.",0.025968872397443814,0.4113842506699649,Mar 22 2009
4,4,"Great value excellent room Bdg 1 French concess We arrived late expected shown room within minutes - suite overlooking front garden Building 1 - bargain price. Spacious well furnished hard wire internet connection. Walking distance great shops easy walk Metro - anyway taxi Bund couple US dollars. Good choice restaurants easy walking distance streets felt safe...but watch bicycles coming every direction!Really pleased hotel, understand comments form people buildings front street far see.Staff efficient friendly.",0.25882352941176473,0.6387254901960784,Mar 6 2009
5,5,"Such nice place great price Such nice place value! We stayed week Shanghai upgraded rooms would stay Main building. The prices Expedia gave us extremely cheap even upgrades.When arrived, placed 5th floor, large rooms everything furnished polished dark wood. The king size bed comfortable often slept without meaning to. We large windows along two walls plenty light unlike hotels throughout rest trip. The furnished style elegant.We would definately come back ever get chance!The people front desk helpful make sure done enough reserach own.Located conveniently French Concession lots interesting buildings look wonder.",0.2647392290249433,0.5229969765684052,Jan 27 2009
6,6,"Cordial Staff Reasonable Hotel A nice enough hotel, friendly staff. Be careful room selection. The newer addition original building (bldg. 1) noisy, thin walls, loud plumbing creaky floors. The original building solid nice.",0.21812499999999999,0.6916666666666668,Jan 11 2009
7,7,"Overrated This expensive stayed two week holiday China unfortunately uncomfortable. The mattress old sagging; room small, dark noisy. One redeeming feature excellent Japanese/Korean restaurant. Worth visiting food architecture bother stay night.",0.09090909090909091,0.5727272727272728,Jan 7 2009
8,8,"Garden-like feeling bustling high rise Shanghai We stayed Building 1. There series neighborhood buildings, charming. We second floor room couryard view. Large room high ceilings, Chinese decor room, added glass sun room thru sliding doors. I would preferred sofa club chairs sun room I found unusable wood table stools, screen, large chest. Friends room 5 open terrace city views, one might ask floor view. Our bathroom could used remodelling friends room 5 new fixtures, black marble vanity. generous toiletries amenities bathroom tray. Obligatory chinese electric tea kettle room instant coffee tea supplied. A caution black coffee maker counter tho consider mini bar usage charge 18 yuan day use it. Generous breakfast buffet Asian Western items. But forget bring meal voucher let ! Very limited seating lobby, -- Don't sit coffee bar area lobby ordering attendant order leave ! Very rude, I thought ! A good alternative Shanghai high rise hotels good neighborhood walking shopping eating.",0.13255185786435786,0.4304473304473304,Oct 31 2008
9,9,Very beautiful nice service bright smile. I Shanghai many times hotels Donghu one best I ever stayed. Overall experience - satisfied.,0.59375,0.5874999999999999,Sep 27 2008
10,10,"Stayed across street The Donghu owns several buildings block. One large luxurious boutique seems reviewers referring. We stayed another, seems targeted towards domestic travelers. I wanted stay near HuaiHai Road past that's always favorite part town. I used love quiet neighborhood was, small shops, cafes, boutiques. Boy things changed. Well, first hotel. We paid $45/night place, overall I think got nice value there. The lobby small, professional staff friendly. The hallsways narrow low ceilings, room quite small-- big enough full sized bed, small desk table. Flat screen TV wall honestly I think TV would fit. Tiny bathroom walled rest room frosted glass interesting feature. All price Shanghai I think bad choice. Now neighborhood... I can't say disappointed I way area changed past 5-6 years. I went one evening search fruit juice, found nothing Irish pubs, western dance clubs, high end boutiques (Coach, Bulgari, Rolex, etc). Was I still China? Hard tell. Late night club music permeated air, various stragglers hangers-on permeated streets. Really disappointing. Anyway, I'll rate 3-stars since Hotel good deal, luxury wing look pretty nice.",0.0900027685492802,0.4556644518272426,May 16 2008
11,11,"Charming French Concession! Just returned 9 fabulous nights Donghu. We done lots research exceeeded expectations. The rooms quite different good idea check room first. The hallways public areas filled antiques historic photos Shanghai. The staff helpful, friendly spoke English. The grounds beatifully landscaped well maintained. A large breakfast buffet 100 items available daily. We enjoyed tasting lots new dishes read complimentary Shanghai Daily News. I glad staying Donghu one classic charming hotels Shanghai modern ammenties.",0.2856926406926407,0.44999134199134194,Apr 18 2008
12,12,"Excellent 4 star villa-style hotel.. great rooms excellent service Hotel 7 different buildings. Go buildings 1 7, 3 floors buildingsandbelongs rich chinese tycoon. Rooms large, well decorated (shanghai style)Efficient business center 1st floor.Internet WIFI freeStaff reception speaking good EnglishHotel located north eastern part Xuhui district, near Huaihai Zhong Road. website [--]",0.42017857142857135,0.5853571428571429,Feb 23 2008
13,13,"Donghu Hotel: 2 3 star experience We chose Donghu Hotel French Concession traveling outside Shanghai, stayed luxury Nanjing Road. The primary consideration less congested area Donghu perfect terms location. There many boutiques restaurants area surrounding hotel.However, state room sub-par. I read many reviews hard beds experienced Donghu. The bathroom set okay black mould around shower stall. The carpet look like hoovered stay one side room, gap carpet ended wall. The walls also extremely thin time neighbor's bell rung, got answer door. We tired change hotels suspect booked expensive room (there many categories varying price levels), would much better experience. That said, staff polite tried help could. This property much Chinese-standard rather international-standard looking luxury, would fair choice given surroundings polite service.",0.22289473684210528,0.521140350877193,Jan 3 2008
14,14,"Great would stay again. We stayed conference husband attending. The rooms large, clean comfortable, service excellent. Breakfast selection good included Chinese Western style selections. The Donghu located nice neighborhood, required cab subway ride sights Shanghai. This uncommon though Shanghai huge sprawling city. Cabs cheap, subway stop near Donghu, use subway ever. Internet access better China, also allowed websites; general public less access, figured increased access large number foreigners. I would definitely stay again.",0.30357142857142855,0.5382034632034632,Nov 16 2007
15,15,"Donghu Hotel - French Concession-Shanghai Just privilege spending 14 days Shanghai,more particularly Donghu Hotel,which French Concession area.Whilst glitzy upmarket high rise stakes,we found comfortable,large rooms,good views trees,old building highrises background-great blend- quiet.Everything worked staff accommodating friendly.This No1 building can't speak rest complex.The area marvellous,lots little parks,great tree lined streets busy bustling Huaihai Road round corner one shopper wants labels shopping .Metros 5 minutes away-but walking Bund easy 5k stroll.Think Bund highly overrated glad stay area..Lots good varied restaurants about.We enjoyed Shanghai far could imagined look forward re-visiting.Leaves Hong Kong dead.",0.17787499999999998,0.45108333333333334,Oct 16 2007
16,16,"pleasant boutique great location Posted following review name Donghu Guest House. Nevertheless, hotel, I'm referring to.Stayed 3 nites Sep 2007. It's cosy boutique hotel, done classic look. Not hip trendy kind classic, towards basic old fashioned ambience. Thought could bit stylish trimmings. Rooms may look bit barren clean though. Service staff good I complains there.Location excellent within walking distance shopping Huaihai Rd lotsa food places. Close French Concession area, I really like. For price, great prefer boutique environment. I would stay again. recommended,",0.4128070175438596,0.5189473684210526,Oct 9 2007
17,17,"pleasant boutique great location Stayed 3 nites Sep 2007. It's cosy boutique hotel, done classic look. Not hip trendy kind classic, towards basic old fashioned ambience. Thought could bit stylish trimmings. Rooms may look bit barren clean though. Service staff good I complains there.Location excellent within walking distance shopping Huaihai Rd lotsa food places. Close French Concession area, I really like. For price, great prefer boutique environment. I would stay again. recommended,",0.46137254901960784,0.566764705882353,Oct 9 2007
18,18,"Charming...but 4*? This wonderful heritage building old world charm wonderful architecture. It's located vibrant, active eye opening friendly safe neighbourhood. Be adventurous, walk outside wrought iron gates experience every day life Chinese neighbours going daily business - especially early morning!As itself, I admit 4* I expecting price charging. A lot rooms renovation.The first room I extremely small, tap fell hand first time I turned water. I transferred another room fix tap day two. The second room bit bigger whole time I hotel, carpet cleaned even - lint, threads debris floor. The second day, I returned room meeting room cleaned all. I found housekeeping staff hall asked clean it. I informed I must put 'Please make room' sign door knob. There one! I call Front Desk couple times get bottles water, coffee also toilet paper. There alarm clock room, basic need travellers though considered high priority Chinese. The staff Business Centre could understand basic English, perhaps regular girl break? However Front Desk staff proficient.It's unfortunate 4* live reviews. I've tourism industry 25 years, seen wonderful 4* hotels.Note: If desire Chinese food, great French Bistro (Des Lys) Table d'HÃ´te menu 48RMB behind hotel.",0.1573604465709729,0.4004453441295546,May 10 2007
19,19,"Would Definitely stay Donghu again! We stayed two nights Donghu Shanghai staying another four-star nearby Suzhou week. We knew Suzhou (Bamboo Grove) well-rated Chinese standards pleasant stay bracing come-down Donghu Hotel; pleasantly surprised.We called ahead ask room old part (as opposed new block across road, seemingly anonymous) indeed given enormous, clean nicely-furnished room traditional style part hotel. The bathroom large fully-functioning, bed huge comfortable, whilst room second floor overlooking street, disturbed noise: reviewers noted, quiet position leafy, pleasant area city traffic blare problem.We eat breakfast I cannot comment it, half dozen restaurants bars (including Japanese restaurant). The location superb walking heart Shanghai. There plenty eating places choose immediate vicinity hotel, pub smart restaurants next door hotel. A 10 minute taxi drive got us old part Shanghai great day's shopping sightseeing.Turn left left again; Metro stop five minutes' walk away. This line get Renmin Square, amongst places (Line 1).For spot shopping right around corner hotel, turn right wander around streets behind hotel; incredible array small boutiques trendy bars coffee.All round great unbeatable location, particularly time Shanghai premium want waste lot time getting around town. The staff friendly spoke reasonable English. The room spotless. The bed comfortable. No noise disturbance. We could asked (especially price!)",0.21082674571805002,0.5084580274797665,Feb 21 2007
20,20,"A great great neighborhood! I stayed Donghu Hotel July year, fantastic choice Shanghai hotel. The spread several buildings either sides street. Be sure ask room Garden Building, building loads character rooms quiet. I booked smallest room possible, adequate one person. The rooms immaculate, modern, well decorated. I room end hallway, bathroom huge! Nearly big Tokyo apartment. Lots free water every day, coffee machine room, loads fresh towels. My two friends booked room two king sized beds, room massive. Two large beds, plus huge 'porch' windows looking garden big comfy chairs lounging.The staff spoke English fairly well - problems certainly speak Chinese! The located French Concession, lovely leafy neighborhood great return day strolling city. We eat restaurants cannot vouch them. Be sure pay visit Dragonfly Spa, across street - Western-style, modern spa - cheap pure bliss!",0.3148193760262726,0.5498084291187739,Aug 24 2006
21,21,"Great even better location The Donghu Hotel lovely historic cluster buildings located French Concession area Shanghai, China. The lowest price room smalll, got asked one upgrade. The next level fine, though little small. Our room nicely appointed bottles water supplied daily free charge. The beds hard, beds slept China, exception Shangri-La Hangzhou. Every direction walked Donghu interesting. Less block away &quot;old ways&quot; market street tiny stores open street selling manner food goods. One good steamed buns, fresh every day cost pennies. The staff Donghu helpful, though English little rough times.",0.17015151515151516,0.4312878787878788,Jun 27 2006
22,22,"peaceful oasis In hustle bustle Shanghai motorbikes sidewalks cars driving every red light - Donghu offers peaceful oasis.Great location French Concession, although Fake market end road closes end month relocates (still known where).We stayed garden style hotel, slightly expensive much nicer modern apartment block across road lacks personality style.Breakfast looked little dodgy, road Elements Fresh - excellent breakfast place 4th floor, (outdoor roof terrace 5th floor).The staff courteous friendly. The room service food cheap excellent. The TV HBO channel nonstop films (for exploring Shanghai became much), rooms large clean beds comfy.I also stayed 5* JW Marriott week although comparable, Donghu offer pleasant taste Shanghai watching budget.",0.25766218081435477,0.5297446514837819,Jun 16 2006
23,23,"Great Experience I sayed five nights May 2006 great experience. I got one lower end rooms (about $65 per night), rooms mostly high end. It great location Luwan/French Concession near knock market (soon closed), shops restraunts, nice park I often got early watch older folks morning excersises. It also near subway system, getting around easy underground taxi. The thing I appreciated busy day QUIET night; beds also comfortable, big plus China. The staff spoke good English always pleasant helpful. Did try food establishments; gym mediocre, though indoor pool seemed quite nice. My room small side, compares well size would get say, Hong Kong. I would stay without hesitation.",0.28579710144927534,0.5401449275362318,May 27 2006
24,24,100????????????????,0.0,0.0,Nov 10 2009
25,25,???????????????????,0.0,0.0,Oct 12 2009
