,Unnamed: 0,Reviews,polarity,subject,Dates_extracted
0,0,"Great building terrible service We're regular visitors Sofitel properties China parts Europe. Typically staff well trained attentive. This place disaster. We transiting Shanghai one night, reservation made GM another Sofitel property. After attempting check Exec floor told stay floor reservation showing Exec floor res. That highlight stay...The lobby staff (concierge) dismissive interest helping us. Honestly, place SUCH disappointment hardly worth time review it...",0.053333333333333344,0.5426923076923076,Aug 13 2009
1,1,"Huge room great service Traveling airline friend obtained discount rate $84/nite 2 nites seemed great value nice hotel. Our room seemed spacious 2 queen beds large center nite stand 2 smaller ones outer sides, sofa coffee table, desk &amp; chair, closet drawers hanging space, TV top cabinet housed mini-bar refrigerator. The bathroom large glassed shower separate bathtub 6 ft long 3 ft high. Free English language newspapers available daily concierge desk. The lower level travel ctr booked flts Xian (charged 4% credit card use went ATM machine lobby got cash) shop sells cold bottles Tsingtao beer. The location across river action taxis cheap metro/subway even cheaper faster. The minimum charge cab fare (11 yuan $1.60) gets Science Technology Museum metro station (anyone front desk gladly write names places want go Chinese show cab driver - forget take business card get back) escalator takes huge underground shopping mall - metro station another level. This mall appear guide books bargain hunters paradise - watches, jewelery, purses, clothing, pearls, Tiffany knock offs, etc, etc.. The shop keepers, armed hand held calculators, seem speak enough English bargaining purposes. The standard procedure show price item key 20-30% discount show discounted price. If really interested shake head NO walk away. If interested counter offer 1/4th original price go there. I got pair Ray-Ban style sun glasses $8 pair Bose style ear buds also $8 (the music laptop sounds pretty good). I left 3 shirts dresser drawer remember arrived Xian. Using Costco intl telephone card called Sofitel shirts - gave airline friend brought me.",0.18858000858000862,0.48445731445731455,Jun 7 2009
2,2,"nice - terrible room-service!! Just back 2 night stay would like say rooms nice - though little bland. I problems air-conditioning (I make cold enough) though bad enough warrant calling someone up. The lobby fairly impressive staff friendly helpful. The rooms also nice quiet.My biggest problem room-service I may unlucky I would like give TA members tips. If order set-breakfast, sure state everything would like list, even think come anyway ie tea/coffee. My husband ordered omelette runny middle - personal thing people would inedible. Saves lot hassle tell cook it. I ordered Chinese breakfast I assumed certain items would come standard, seeing list ie tea, soy milk etc tell them, I got ONE item list 5!! To fair I tell sent missing items promptly. To honest, good!So all, ok ok spot I paying it, I would stay side river town.",0.10750425170068027,0.5351899092970522,Apr 7 2009
3,3,"Exactly looking This second time I staying I can't happier. The rooms spacious amazing views sides. The roof top panorama restaurant bar rotating, sip drink (rather pricey I might add) might enjoy 360 view Shanghai. The Gym Sauna well equiped staff really helpful. The location really convenient. It takes 30 min taxi airport another 15-20 reach downtown.",0.3071428571428571,0.3642857142857143,Jan 24 2009
4,4,Brilliant - cannot fault I arrived long hard journey - greeted high level professionalism. The staff great.The breakfast perfect - complaints here.Room huge homely - I spectacular view Shanghai room.I work related incident I needed staff's help. And disappoint - I impressed yet courteous were.If going Shanghai money splash - give place serious consideration.,0.36663636363636365,0.7736666666666667,Jan 13 2009
5,5,"Loved It This first time Shanghai Sofitel perfect us. It comfortable (beds little firm though) great views. The staff helpful polite, breakfast excellent lot good choices.This quietest ever stayed in. In four nights bothered noise corridor, doors banging, loud people surrounding rooms.We enjoyed stay much.",0.44354166666666667,0.6619444444444444,Sep 17 2008
6,6,"Rooms great views Have stayed three different occasions generally pleased. The rooms different, baths overlooking Pudong without, rooms great views. The rooms spacious firm beds usual facilities. My negative rooms could little cleaner.When trying find electric plug socket obvious skirtings cleaned carpets could cleaned little bit better. However, bathrooms clean. Unlike reviews, I problems room air conditioning bath plugs.The lobby spacious impressive feels cold uninviting. The staff job well friendly. The lobby restaurant ok. The long one block walk subway fifteen minute walk Science Museum, another subway station, plenty shops cafes. There Lotus supermarket block away cafes, convenience stores massage parlours across road, otherwise area around little interest. I recommend using subway get side river traffic horrendous, especially rains.Definitely, hotel's best attribute views, particularly club lounge floor. Otherwise, I left feeling feels cold clinical, functional unfriendly.Nice bedrooms nice views.",0.09791666666666667,0.5691666666666667,Sep 10 2008
7,7,"It alright..... The Sofitel Jin Jiang alright..The rooms nice, spacious, good view. The bathrooms nice large. The beds weren`t comfy. When went Shanghai 35c outside, air conditioning work all. I called 5 people room kind looked like I nuts. All air conditioning blow air. It didnt get colder 24c room.The staff werent helpful. I found rude polite. Some barely spoke word english, concierge didnt either. The reason I stayed beacuse went Thailand southern china stayed nights connect back home. Plus looking something looks fairly nice outragious, stay sofitel hyland looking sofitel experience.",0.23907563025210088,0.47521008403361337,Jul 19 2008
8,8,"Great amazing facilities service. I stayed 2 week ends row, due heavy partying Shanghai... The Pudong 10 minutes Taxi Maglev train station (get name Chinese trip, show taxi driver). It's also 10 minutes Taxi Jinmao, 15-20 minutes Taxi Bund, location ok, even though middle old new city. I executive room fantastic; large, well equipped, clean. The TV could upgraded Flat Screen, 5 stars hotel. The Bathroom amazing well view Pudong bathtub. There also really good amenities, great pool, fitness center Spa. Service really good well food too. Only negative point atmosphere, quiet young singles, I guess appropriate families.",0.24030483405483408,0.49651875901875914,Jun 24 2008
9,9,"good amentities lousy staff twice month, I experienced consistent lousy customer service.Booking: I online. Among selection hotels Shanghai, I chose price location. They offer attractive price club room. Location hotel: somewhat near PVG airport. take maglev train taxi, take approxmiately less hour reach hotel. 10 mins walk takes Lanchun subway station. There good massage parlour eateries nearby. staff: check-in, never address name. never smile! speak staff phone, speak Shanghainese totally ignore existence. During stays (twice month), late check-out pre-arranged approved check-in staff. Nevertheless, time, check-staff pass message staff next shift. As result, miscommunicaiton happened I &quot;told&quot; &quot; reminded&quot; assistant manager time. No appology offered .Conclusion: looking cheap accommodation, place.",0.1263888888888889,0.47111111111111104,Jun 23 2008
10,10,"Sofitel Hell I displeasure staying Shanghai (Pudong) property one occasion I still can't believe I keep going back. This property staff joke. Where I begin? Maybe overly expensive, yet sub standard breakfast evolve change all. Just low quality food time, expressionless staff. The housekeeping/engineering team much better. Shanghai one two temperatures. Hot cold. And way. The air conditioning work all. Its loud air blows itâs cold warm. You call engineering get nothing team people tapping around blankly staring you. There point calling anyone help thing. I mean, bathtub wouldnât drain. Well 3 days I finally drag someone hand come room deal situation. Did fix problem, no, drained informed use again. The beds must form Chinese torture, like sleeping steel slabs. Of course look great white bedding fluffy pillows. But turn lights carpet dirty, realise sleeping next nights equivalent barn floor. Now I understand perhaps wait staff, housekeeping engineering may limited English. But Bellmen Concierge shouldn't. They pretty close fluent. And prices charge room service, laundry, etc indicates making healthy profit staff speak good English, surely Sofitel afford send English lessons major markup making dumb westeners. Now reason I problem bell desk is, two colleagues booked sightseeing tour countryside. Well, day hell. The concierge happily took 450 RMB hands. . . failed inform us would circling greater Shangahai 2 hours 15 mins collect 6 tourists!! Then spent another 2 hours bus get destination. Once informed use allocated public toilet absolutely disgusting. This westerners used too, toilets breeding ground disease, number people using surely violated sort capacity code! Westererns anticipate paying $64 USD half day tour going bring toilet paper, meals, refreshments half day tour! Now course say problem tour company, tell this. Why concierge warn us? Tell us bring water, food, going 4 plus hours til reached destination? Huh? When finally got back evening, went straight bell desk/concierge ask come let us go uninformed awful tour, know got? Blank stares, commitment, responsibility actions, even polite acknowledgement perhaps work communication skills!!! The Sofitel simply unacceptable, rude offensive - AVOID IT can!I intrigued leading brand going register comments complaints. I pray Pudong staff suffering lack motivational management, surely company policy treat guests. . . it?",0.031431443191311616,0.4298245614035089,May 28 2008
11,11,"Some improvements required. I stayed 4 nights business trip Shanghai. The clean, something plus must polluted city I visited date. Room well appointed maintenance good order. I think falls &quot;charm comfort&quot; areas little way nice areas break external gardens stroll round. Food ok, nothing spectacular. Not Sofitel' best effort I would probably avoid staying again. A 3 star hotel.",0.338510101010101,0.5262626262626263,May 24 2008
12,12,"Fabulous Hotel Stayed week treated like Princess.Upgraded room one highest floors fantastic suite free internet access, laundry service happy hour (which unfortunately I never time take advantage of) breakfast amazing.Really good hotel, highly recommended.Gym small side, adequate pool heavenly.Restaurant top floor expensive revolving views make food superb.Hoping go back business year!",0.26611111111111113,0.6477777777777779,Mar 27 2008
13,13,"Good stay Sofitel I good stay Sofitel. Here's I liked disliked - Liked - 1) The overall good service upfront approach staff - indicates good solid training Sofitel.2) Got suite bargain rate - 1400RMB reception desk upgrade small fixed cost. Always nicer bigger room good rate!!3) The efficient concierge desk - solved queries, made reservations, every day. 4) The temperature controlled well maintained indoor swimming pool delight use.5) Central location - A 20 RMB taxi ride away anywhere.Disliked - 1) A suite nature fully loaded goodies...probably barest suite I ever come across - effect bigger room nothing else. Strange!!2) I'm favour policy hotels offer 150 items breakfast - opinon people eat things - cereal. fruits, breads, hot dishes rest either thrown away, put cold storage served another day forcibly used cook dishes - unsuitable solutions far I'm concerned. You meal wide variety lets conserve resources canAll good stay I recommend.",0.231,0.5319999999999999,Mar 18 2008
14,14,Very good Great hotel. Very modern. Nice restuarants also plenty options within walking distance hotel. Pool gym great. Rooms clean great view particularly bathroom. Staff helpful. I would definitely stay again.,0.5013333333333334,0.6463333333333333,Mar 2 2008
15,15,"Close Airport It's good close airport, 5 mins taxi ride getting Maglev Train Station.but u wanna go city centre, u've got walk 8 mins metro station n 15mins ride NanJing East road!so u gonna go shopping stay, good choice.The good, stayed room 2 single beds n thought ok beginning, saw room configuration one King bed, knew wrong...cos' far bigger one stayed!The check-in staff r nice n helpful (cos' let havean early check-in noon)Swimming pool clean n tidy, shower area ...Overall, would say businessman r much suitable stay hotel!",0.33090986394557825,0.5974489795918367,Dec 22 2007
16,16,"Although somewhat way real gem I offered I thought low bid five-star Shanghai Priceline.com rewarded room Sofitel. I'd stayed another operated French-owned chain quite pleased development. On checking in, I offered upgrade which, added Y400 per night included standard executive package buffet breakfast (very nice), broadband Internet, one free piece laundry per day, open bar happy hour ample noshes 6 8 evening, spacious suite non-smoking, upper floor incredible view Pudong skyline. I've stayed hotels rooms smaller suite's entrance foyer, even half-bath. Service superb throughout. The one potential drawback major business, shopping tourism district either Pudong Shanghai across river. Taxis cheap, drivers invariably offer unpleasantly thrilling race dense traffic. Curled defensive fetal position backseat taxi best way enjoy scenery. Fortunately, Lan Cun Road subway station block away street running perpendicular front hotel. (Unlike subways elsewhere, Shanghai's system clean, new, efficient, well air-conditioned lots signs announcements English. The ticket machines even bi-lingual.) Once I became comfortable navigating meetings around town subway, I happy I booked seven nights.",0.35703610175832406,0.6160531238309017,Nov 6 2007
17,17,"Not usual ""Sofitel"" service Below average service, funny soundbites events get nerves:- went 9:45 breakfast, wearing slippers, told rather abruptly compatible hotel's dress code breakfast... Went proper shoes on, told shoes ok now, breakfast service nearing 10:00...- checked 7 a.m. carry luggage way cashier, across lobby, porch taxi. Not soul sight.generally friendly service, + location bit far everything. Room OK.",0.03711843711843711,0.5223137973137973,Oct 31 2007
18,18,"Comfortable bed first choice We arrived Shanghai end Typhoon got around 2:00 am. Check efficient allocated twin room king size rooms smoking rooms. We went look king size room stank smoke stuffy opted non smoking twin next day asked another room alloacted nice corner king size non-smoking room. No free internet access shame. Across China less fancy hotels guesthouses free broadband shame 5 star hotels really rip everyone offThe complaint bugs - maybe bedbugs bugs room I got bitten over!The bathroom shaver charger plugs would take toothbrush (fisrt time evr) charge room desk.The nice lacked personality inpersonal. The fruit breakfast could better (ripe) fresh watermelon juice fantastic. Across great coffee shop restaurant called Tete Tete. The food delicious menus english. The concierge (though friendly) know anything restaurant shame much better value choice foof anything else itself.Easy get taxi best way travel Shanghai. Be prepared traffic! Also wits hailing taxi street, get pushy beat locals game.Go Haagen Daz river, near bus station big shopping centre Lotus supermarket (huge supermarket). Not branch street waterfront - get amazing views Bund, especially night here.We drink revolving restaurant top hotel. It nice service fantastic - view missing due weather.We chose attending function convenient think would choice another visit Shanghai. Perhaps Peace finished rennovations then...",0.298510101010101,0.5765151515151515,Oct 30 2007
19,19,"Excellent Business We stayed Sofitel business. The five star close convention center trade show. When checking asked wanted upgrade executive level adding in-room internet service, breakfast happy hour drinks &amp; food executive floor 42. It extra $30 per night. We decided upgrade disappointed. Our room modern spaceous. We view downtown Shanghai. The breakfast quite good. You could buffet, quite delicious, eggs made order. In evening day work, nice relax drink appetizers. The staff quite friendly helpful came recommending sites see restaurants. We definitely stay Sofitel whether business pleasure.",0.45,0.6227272727272727,Oct 24 2007
20,20,"Really nice We stayed attending Special Olympics World Games Sep/Oct 2007. It recomended us travel agent close Pudong Swimming Pool son competing.The 46 stories high nice room 26th floor amazing views. As mentioned reviews main centre Shanghai places interest short distance away Metro Taxi, cheap. Be warned however, driving Shanghai faint hearted best sit front seat to. Century Park Shanghai Museum Science &amp; Technology 15 20 minutes gentle walk away. Lancun Road Metro station Line 4 5 minute walk hotel. Metro signs English well Chinese automated ticket machines convert English touch button. The Maglev train station short Metro journey Lamcun Road Station although another line. The staff fairly fluent English extremely helpful. The consierge particular great help finding good local restaurants shops, suggesting places interest visit, arranging tickets shows etc. The main restaurant bar expensive local terms two private (Chinese) restaurants basement excellent much reasonably priced. We visit revolving rooftop restaurant bar understand guests nice. The buffet breakfast European options coffee/tea service dreadful real complaint hotel.Shanghai amazing modern city Chinese people friendly would recommend base visiting city.",0.1646587301587302,0.5479206349206349,Oct 19 2007
21,21,"Lovely slightly let location We stayed Sofitel 4 Nights September allocated priceline . Having read previous posts enquired upgrading executive room arrival bargain price 230 RMB per night . This entiltled us larger high floor room ,which clean comfortable stunning view Shanghai , access club lounge breakfast evening cocktails canapes ,free internet access one peice laundry per day . This exceptional value I would recommend taking offer.The located short 5 minute walk Lancun Rd Metro station warned service stops quite early night (around 10pm) .I would recommend using metro wherever possible Shanghai traffic HORRENDOUS . Our tour guide would pick us would taken hour get centre rush hour ,for reason I taken one mark away . This first time I stayed Sofitel found level service Hotel chain competitors I would happy stay",0.18197222222222226,0.6165277777777779,Oct 18 2007
22,22,"Its expected When checked in, given superior room 12th floor. Carpet faded kinda dirty. Room smells like use long time. Requested transfer better room. Due misunderstanding, upgraded deluxe room charge talked asst manager. All front desk staff nice &amp; fluent English. There shopping center resto 7-11 near option dine inside hotel. The bfast spread good. Congee preserved veggies dimsum soybean milk chinese guest. The fried noodles sucks. The entrees (ham, bacon, sausage, etc) wait staff 3. Not good deal US$138/room/night/bfast/net. Location wise sucks, F&amp;B needs lot improvement. The interiors, so-so, typical definitely 5 stars Shangrila Pudong 7 8 stars, know I mean ?? I wished we'd stayed Four Points Sheraton instead.",0.010243055555555552,0.5526041666666667,Jul 12 2007
23,23,"Good Place Business Travelers I asked company move Four Points Sheraton Shanghai (where I originally planning stay) Sofitel JJ Oriental Pudong. I hoping I made big mistake. It turns I hadn't.At airport, flight late driver left. I sought Sofitel kiosk Pudong airport asked help getting hotel. They efficient effective I car (albiet $65 car ride) within minutes. Check quick (which nice since late evening) asked I would like upgrade one Club rooms equivalent $25 per night. Of course, I said yes. The Club rooms higher, come free internet (usually $12 per day), happy hour snacks, one piece laundry pressing free day, free breakfast 42nd floor. $25 day deal!The room small irrgularly shaped, view awesome. I whole wall windows overlooking Huangpu River Century Park. I could see Cirque du Soliel tents put stay Shanghai!The bellman brought bags quickly greatly appreciated. Also appreciated were: free robe use hotel, cookies bedside every night, 2 free bottles water per day, free shoe polishing. The people Sofitel nice. My complaints room service menu (not nice 5-stars I've stayed Shanghai), gym open 6am-11pm, district located big commercial district, rather residential. Not much within walking distance. Other that, great place stay!",0.25490476190476197,0.5800000000000001,Jun 25 2007
24,24,"Helpful staff good location The staff exceptionally helpful. I arranged car pick PuDong airport sent 3 people sure would miss me. The rooms new general decor excellent. One pay get elegance, I go Shanghai sit room. I cannot report restaurants, friends reported first-floor place first-rate.With club-level rooms, access 30th floor (free breakfast, cocktail hour free internet connections 3 computers available. The location good: next People's park mall, 10 min walk Bund. Lots beggars around, persistent threatening. Rooms appear cost $180/night. I suggest dealing directly Accor web-site lowest proces.",0.4323593073593074,0.6031024531024531,Apr 2 2007
25,25,"good Nice hotel. Room spacious clean. Bed comfortable.Located residiential area. 5 -10 min walk local shops, restraunts subway station. (line 4- Lancun rd. station).Take Maglev train (50rmb one way, 80 round trip) per person (10 min) . And taxi (20rmb)(7 min). If taking taxi straight airport 150rmb travel time 45min. TIP: Have map hand jumpinp taxi driver can't rip off.",0.27777777777777773,0.5166666666666667,Jan 22 2007
26,26,"Good Hotel Nice Sofitel-group.plus: good view, nice, clean spacious rooms, free lounge airline-staff, friendly hotel-staff, large supermarkt 10min walking distanceminus: 15min walk metro (or 1,15 EUR taxi) - offside tourist spots (a new metro station come early 2007 5min distance), almost restaurants/fast food around, much space clothings room (only one small wardrobe)we room 3116 (photos), stayed 2006-10-13 till 2006-10-18due location - I would try another next time, although finePS: prepared hard mattresses (common China)",0.20444996180290298,0.5668990323402089,Jan 7 2007
27,27,"Great Service- Beautiful Hotel I've stayed several hotels Shanghai first time PuDong. It definately best location want sight see know Shanghai easy city get around cheap taxis. I know wrote bad reviews Hotel TOTALLY unfounded. This 5 star excellent rooms, Service, facilties. The think lacked Gym Spa great! This great Business I think become staple I'm Shanghai.",0.46794871794871795,0.7084615384615385,Nov 11 2006
28,28,"Nice comfortable probably go back My husband I stayed Sofitel JJ Oriental Pudong 5 times year. The staff terrific, Spring Restaurant downstairs basement good food expensive. The reason going back, every time go there, air conditioning work room becomes hot go lobby cool down. It like sauna rooms. The reason internet unreliable, hit miss. My husband travels business relies internet heavily. Although started feel like second home due great people work there, room temperature unbearable.",0.11993464052287581,0.49869281045751634,Nov 10 2006
29,29,"Good average 5star The good avarage 5star, canÂ´t complain something.The room quite big nice decorated. Everything working . The lobby lobby cafe great atmosphere.The service worked smoothly.The standart breakfast complete, missed bit cheese.The recreation facilities average. Standart sauna steam-bath. The rest looked quite nice. They also offer lot massages, etc.ItÂ´s good everybody needs stay days Shanghai. Its close New Intl. Expo Centre.The best thing great room rate. Only 130$ day.CouldnÂ´t find cheaper class.",0.3844919786096257,0.5973262032085561,Sep 15 2006
30,30,"Wonderful Experience Prior leaving China I read negative reviews noticed early dates. It turned good choice liking, leaving feeling improvements made time. When arrive property entrance raises expectations something grand first walk doors; lobby that. Huge, roomy sides without walls- around additional views upper floor. This dedicated elevator 46 47th floors windows spanning floors offer quite view Pudong. The lovely scattered seating 46th floor allow carefree experience along view one enjoys favorie drink friends. The 47th floor French Restraunt, hold wallet. It pricey. It much like private club setting quite nice. Appetizers drinks added RMB 1000 bill! As stated earlier lobby quite eye catcher. It really sets mood expectaions stay. Upon checking I upgraded Business Floor I could enjoy private breakfast area, free internet, comfortable accomodations.For bed could bit softer, still I make actual complaint I find mostly comfort. The layout room nice high floor enabled curtains remain open I could wake marvelous sunshine, wide jaws thunderstorm.. one day!!While I Spanish Foot ball team arrived play China. They private party one Chinese restraunts staff really worked give team moment without crowds. The team members freely avaiable exercise rooms however seemed enjoy posing photos guests staff. Of course, I recognize I know seemed personable smiled great deal.I arrived JJ Oriental feeling wonderful excitement left feeling I could stayed bit longer.. Next stop Hong Kong.",0.265,0.47565891472868216,Aug 12 2006
31,31,best!!!!,1.0,0.3,Aug 3 2006
32,32,Pretty good experience...with problems,0.475,0.8,Jul 16 2006
33,33,The best Deal Money Could Buy,1.0,0.3,Jun 19 2006
34,34,Love Hotel Great Place stay,0.65,0.675,May 31 2006
35,35,Unexpected surprise,0.1,1.0,May 25 2006
36,36,unpleasant experience repeated,-0.6499999999999999,0.95,Mar 6 2006
37,37,I froze room,0.0,0.0,Oct 18 2005
38,38,everything great location sterile,0.8,0.75,Aug 2 2005
39,39,Not nice shanghai surprise,-0.3,1.0,Jun 26 2005
40,40,Very Good Hotel,0.9099999999999999,0.7800000000000001,Nov 20 2004
41,41,TrÃ¨s bon hÃ´tel,0.0,0.0,Nov 12 2009
42,42,dÃ©cevant !,0.0,0.0,May 3 2009
43,43,Super Ã©tablissement,0.3333333333333333,0.6666666666666666,Apr 15 2009
44,44,tres bon niveau,0.0,0.0,Mar 19 2008
45,45,Un grande,0.0,0.0,Nov 16 2007
46,46,Vraiment bel,0.0,0.0,Sep 8 2007
47,47,Muy buena opciÃ³n,0.0,0.0,Aug 25 2007
