,Unnamed: 0,Reviews,polarity,subject,Dates_extracted
0,0,"Centrally located convenient roomy We stayed 6 nights booked based TripAdvisor reviews. We glad did! We booked 3 bedroom apartment 4 people. One room queen sized bed, one twin bed it, third room two twin beds TV. All rooms individual air conditioning heating units. We got great deal Expedia.The hotel/apartment located across street mini-market, convenient snacks essentials (unfortunately fruit veggies meat, coffee eggs). The located 2 blocks Line-8 (blue line) Metro stop Dashije. This made accessing metro convenient. People Square, Nanjing Lu, Old Town/Yuyuan Gardens inexpensive 12 RMB taxi ride away (People Square may walkable cold there). You take Maglev (50 RMB) green line (I think line 3, sure), transfer Line 8 (blue line) get take taxi ride 130 RMB depending traffic.Check-in took bit time required passports written form registration staff. They reservation correctly english understandable. There doorman always people help get taxi need it. There many restaurants nearby way Metro. There also bakery nearby early morning treats. Our rate include complimentary breakfast, bit pricey, try that. We also try internet. We however use laundry self-service 15 RMB wash 15 RMB dry 5 kg laundry (about $5 US small load). The pool closed winter try that. As reported Trip Advisor posts, construction going hotel. We 4th floor sounded like us. It bother us much ended 6pm day start 9am.I really enjoyed stay apartment roomy location centrally located wanted see. Unfortunately, Bund still construction, get see that, see Pudong side. The rooms large comfortable bedrooms good sized clean bathrooms. The kitchen bit small included refridgerator/freezer, stove, microwave, sink water cooler. We chose pay rent kitchen equipment (10 RMB day) instead bought pan used paper plates/utensils. The water cooler life-saver actually boils water, able coffee/tea, ramen, etc. first night even though yet bought pan. The living room included couch two side chairs TV. There many channels TV including english stations. The service great daily maid service gave us 3 gallons bottled water water cooler upon arrival. There also shampoo, body lotion hand soap dispensers hair dryer bathroom. If I visit Shanghai again, I would definitely chose stay again!",0.08904023624953858,0.445108896271687,Nov 21 2009
1,1,"Excellent value location good view The location excellent got pretty good price. Our room 24th floor great view People's Square Museum. The room essentially two bedroom suite although one room set office. One breakfast included day. The breakfast buffet served good variety food lots choice. They starting renovations floors pool updated next two months.The one block away &quot;food street&quot; 20 restaurants choose from. There small grocery store across street choose cook tiny kitchen want snacks. The provided medium size bottled water cooler - 12 litres.The old city short walk away hotel. The Bund undergoing extensive renovations nothing see walls. Shanghai hosting World Expo 2010 Bund city much better next year. If plan take cab airport Maglev train, make sure print English Chinese directions website show cab driver. They also business card size directions front desk help get back excursions.",0.2857142857142857,0.43201058201058207,Nov 13 2009
2,2,"reasonable rate good location The building close metro station, IMO, metro best way get around Shanghai. Also, within reasonable walking distance Renmin Square Nanjing Road. I also noticed area watch salesmen every 50 meters trying sell watch (Note, I'm sure countless others posted, simple &quot;bu yao&quot; leave alone). Also, apartment I spacious clean.",0.37083333333333335,0.5682539682539682,Nov 5 2009
3,3,"Location location location We stayed 6 nights arriving early morning flight Phnom Penh left early hours. We booked previous night would checked straight arrived (using maglev, metro Peoples Park 2 minute taxi ride airport) hadnt actually used night let us check late extra cost. Our two bedroom apartment came living area small kitchen, bottled water microwave. The kitchen cupboards completely empty (plates, cuttlery etc hired) except 2 water glasses (in bathroom) 2 mugs small supermarket across road, huge variety street food, subway, macdonalds, coffee bean (stuff dont PP)etc minutes walk away plus bottom floor Shanghai Times Square building (a couple blocks away) western supermarket. The location brilliant (especially price). We walked nearly everywhere, museums, shops, Xin Tan Di, Old Street etc taking metro across river (the tunnel Bund still reconstruction). Our 'room' cleaned daily got fresh towels (plus rang). The undergoing construction (as lot Shanghai moment) noise daytime enough drive us 9 time returned 4 5 quiet again. We would definately stay again.",0.06231884057971015,0.37826086956521743,Nov 5 2009
4,4,"Help yourself... I stayed NH twice last week similar experience Ausiemum. I upgraded times two bed suite great views People's Square- 17th 22 floors. Approx 300M new Dashijie metro 10 blocks Nanjing Lu. You could hear people rooms next door- rooms I had- little traffic noise streets below. I tried room service average. The breakfast buffet also average(60RMB). I found cheap internet gaming lounge Jinling Lu offset 5RMB/min wanted charge- 3RMB per hour printing lots smokers like everywhere else China. Even short-comings, I would easily stay price considering taking family next time.",0.14321969696969697,0.41045454545454546,Nov 1 2009
5,5,"good could great customer service training reception This good could great modifications &amp; training reception staff customer relations. On positive side coin-operated laundry able laundry. It cost 60 RMB wash &amp; dry 2 loads (would stay based laundry alone). The positive fact metro within 5 minute walk corner shop across road. Our 2-bedroom apartment got great rate Expedia spacious clean (advertised rate counter much higher). There kitchen charged extra utensils including kettle coffee cups. On negative note witnessing argument reception staff guests belongings locked room following charge dispute. On strongly negative note, I asked receptionist assistance booking ERA circus show (understanding charge make booking unlike hotels I stayed China). After unsuccessfully trying convince book affiliated acrobatic show instead handed senior male staff member â may manager (???) - told ERA good acrobatics (not true â see trip advisor reviews!). When I still assured still wanted go ERA telephoned booking service, told expensive seats left 590 RMB seats (approx $100 Aust night) 290 RMB seats I seen available via hotels internet. When I queried assured internet details accurate. Frustrated, I made way via metro ERA circus ticket office plenty 290 RMB seats available (surprise, surprise!). This led basic lack trust staff (although laundry ladies lovely). Having seen ERA show I would disappointed missed hotels affiliation another acrobatic show. So, prepared rely pay extra charges, great location, spacious, clean apartment, access affordable laundry.",0.13826283670033673,0.5110900673400673,Oct 31 2009
6,6,"Great locations large apartments well suited English speakers We stayed 6 nights New Harbour Apartments. The apartments great value money, large great swimming pool travelling children. It centrally located many shops nearby. It close old town area (sort one edge) used traveling Asia may cause culture shock.We hired guide pick airport six days guiding. We used Jean ourexplorer glad did. ( Feel free contact wish info.)The major difficulty shanghai getting taxi. Even address card taxis can't able take their. They either know street worth location at. The cost guide minimal cost holiday, added lots value sightseeing eased problems getting back hotel. As two families travelling needed three taxis time. Jean showed us metro well short two block walk hotel.Back hotel, stayed two bedroom suite friends stayed three bedroom. They clean maintained day. Having kitchen full sized refrigerator great bonus. Breakfasts included day suitable. The hot items similar different morning.Everyone spoke English unexpected. The laundry service great value prompt.",0.27897005772005773,0.522056277056277,Oct 1 2009
7,7,"Much expected Stayed New Harbour apartments 7th Sept- 14th Sept 09 teenage boys three bedroom apartment. Had booked heaps research site. We happy level accomodation boys room great, plenty room spread out. Had read beds good say beds fine pillows. The cultery issue I took plastic pieces sufficed well coffee charge u coffee room. Water cooler kitchen great microwave kettle problem. Breakfast inculded three us 60rmb problem, breakfast adequate us westerners obviously 5star buffet required ie yogurt,cereal,toast,eggs,fresh fruit,juices,coffee. Location minutes Dashjie metro, 10 min walk Peoples sq bund although construction bund makes hard access puxi side. The area around apartments local loved, problem wandering around night. Two streets snack street, small supermarket across road cheap snacks soft drinks 2litre coke 1.00aud, fresh milk etc. We 26th floor great great views. Air conditioning rooms, well windows opened loved. Laundry done 3rd floor detergent supplied 30rmb 5kg wash 30rmb dry saves alot hassles especially travelling kids. Internet rooms think tad expensive 15yr old go business centre 2nd floor 20rmb 30mins still pretty expensive. McDonalds around corner right metro u desperate junk hit. Overall would recommend hotel, plan go back real soon, loved Shanghai.",0.17189349945447502,0.5116594516594516,Sep 22 2009
8,8,"excellent - nice surprise We (3 friends) stayed September 2009 impressed. The 2 bedroom apartment clean spacious enough 3 us. The kitchenette small, ate anyway. The pool spas fabulous restaurant excellent buffet style breakfast. The apartments well located easy taxi ride Yuyuan Gardens surrounding market well subway station. It easy 15 minute walk Bund. Unfortunately, Bund completely inaccessible totally construction World Expo 2010. But walked came across pedestrian crossing went river Pudong area great walking area along river well. Rather go one observatories, chose go Cloud 9 Bar 88th floor Grand Hyatt evening best views Bund etc drink price going Jinmao Tower - little tip you. But would absolutely recommed New Harbour Apartments would definitely stay ever Shanghai again.",0.3639141414141414,0.7395815295815297,Sep 21 2009
9,9,"Much I expected!! My husband I stayed New Harbor Service Apartments Sept. 9th- 15th. This first trip China. This one best ones stayed at. First, remember travel country vastly different culture things going get used to. The smells, sounds way people react canât speak language. Chinese people friendly. If give smile kind respond kindly back you. Remember foreigner now. Everything needed available us hotel. If want 1, 2 3 bedroom available good size refrigerator gas stove top. If want cook rent utensils hotel. Let know check in. There 2 sizes 1 bedroom. If going stay days need 1 bedroom get larger 2 extra charge. It roomy. The front desk English speakers, (not great, try help best can) think standing desk making rude comments appropriate, donât. They may able speak completely understand everything saying, understand lot. So kind!!! They arenât stupid. Just use common words speak slowly (try learning language). We able exchange money easily. Donât bring travels checks, hard hotels get cashed times go bank. This could take several hours (believe me, tried). Bring cash keep money belt times. We needed airline tickets travel another city accommodated us smile efficiency. I needed iron ironing board. I called desk asked person answered spoke English, able help me. The negative I could add internet costs $10 USD per day. The time starts day noon goes noon next day. They in-house well self service laundry 3rd floor. It convenient us wash 2 loads clothes dry 1 less $8USD. Just outside small grocery store get things need. McDonalds KFC also close (just 5 minute walk). If want eat hotel, restaurant good. The menus English, try new foods. There number Starbucks close well need regular coffee fix. If mood shopping, ask front desk directions âThe Nanjing Walking Streetâ huge street every kind shop possible. Itâs near People Square love it. Hope enjoy much did. Very family friendly!",0.190016835016835,0.43755577755577757,Sep 19 2009
10,10,"Great families I stayed week mypartner, 2 year old 6 yr old, learnt swim pool. We two bedrooms, added cot free. The food right building next one famous restaurant streets Shanghai. The appartments large nice views. The location excellent, near people square, old city, old market, 10 mn Nanjing Lu 5 mn underground station, two stops Pudong. It good place stay children, near everything needed. The staff friendly completely fluent english. They know Bund promenade closed pedestrians EXpo 2010. Try massage parlour yongshou road, 1mn hotel, 30 yuan full body massage, forget.",0.304047619047619,0.47353741496598645,Sep 9 2009
11,11,"Basic good value &quot;This really good. It really good view. Maybe floor have. It big place. The rooms big. It pool. It nice chilly. The bedroom big. The breakfast delicious stuff. I liked bacon toast. It's far away lots stuff. It stuff much. If kids, pool liked I talked would really good fun.&quot; Scarlett (aged 5)We stayed 3 nights two bedroom apartment booked expedia.com AU$320 / 3 nights. One bedroom two big singles, small double. We decided push singles together, made bed couch cushions one two children. The apartment large clean - decor basic, fine. It good space used cramming one room. The staff particularly friendly. Breakfast okay - many asian choices, eggs order, small selection fruits cereals, toast. We use kitchen, eating cheap. The delivers complimentary 3 gallon bottle fresh water, appreciated. They also self-service laundry, huge wash dry 45yuan - another great service offer. We found task difficult Beijing - great clean clothes. They renovation work moment, disturbed us little night. There mention booking check-in. We liked typical Shanghai street - aromas colour real life. We walked major shopping areas, despite intense heat, nice return home well air-conditioned place, pool well. My husband hair cut place opposite 10 yuan (AU$1.80). We used 24 hours internet room, check billed two days - 24 hours covered noon- noon. This annoying explained organized it, careful use beyond 24 hour period. I would recommend want save money, yet spacious comfortable, quite well-located spot family.",0.1925663919413919,0.5596840659340659,Sep 3 2009
12,12,"Great Value Great Location! This perfect place four us. We booked two-bedroom Apt throght Hotel.com $110/night. My husband I room Queen size bed, teenage boys shared room two single beds. The Apt. also huge living room, small kichen fridge wate bottle. We gong cook, fridge nice option. We love do-if-yourself laudry service 2nd floor. After staying 6 days, I 4 5 loads laudry reasonable fee. My boys enjoyed indoor swimming pool ping-pong table. The complain I internet charges. The location can't better. It close Bund within walking distance Nanjing HuanHai Road. The subway also nearby. There Shangai styled residential area nearby. You see real Shangainese living there, making selling food. A lot old buildings torned build high rises. I hope keep ones. This makes Shangai fasinating, unique interesting flavor. I would absolutely recommend anyone visiting Shanghai.",0.33991373360938576,0.6227467218771566,Sep 1 2009
13,13,"Great location - shame staff 'extras' We stayed 3 nights last week, booked 3-bedroom apartment Expedia. On arrival, staff insisted reserved 2 rooms grudgingly gave us apartment booked. I wanted visit Tong Li quoted hourly rate driver (taxi) - taxi driver happy switch meter paid it; however receptionist arranged complained I paid hours estimated. Because I returned earlier expected, cost less (and presumably cut less). Also, checkout, insisted I taken drinks fridge - bothered might long I paid 2 bottles!The rooms spacious (apart bathrooms) clean. However, rennovation work currently going - week, working water pipes/supply meant hot water followed water rather murky brown colour while. There kitchen utensils, etc - available cost.We found repeatedly difficult flag taxi (I would assume rush hour rain, things would much worse). However, 10-15 minute walk Peoples Square subway. The could provide local map charged 15 RMB tourist map proved useless - ones guide books would suffice. Wired internet access available 30RMB hour 70RMB 'day'.There numerous grocery stores/supermarkets nearby buy drinks, food, fruit 'basics' based experience locations within China, better staying somewhere staff pleasant.",0.07040229885057472,0.5419540229885057,Aug 28 2009
14,14,"Great location - smack restaurant area! The room adequate, lavish branded chain hotels. Kitchen boiling/cold water, fridge, micro stove, utensils (apart cups glasses).Breakfast buffet adequate, lavish branded chain hotels.Location convenient, lots dinner options around block: specatacular al fresco seafood places, several halal offerings muslim. Many convenience stores too, stock soft drinks. Huai Hai road big malls within walking distance, well nearest metro station. Nanjing Road, People's Park Bund (although construction moment) short taxi ride away.Business center overpriced, charging 5RMB per page b/w print-outs.",0.23666666666666664,0.3066666666666667,Aug 27 2009
15,15,"Fantastic Option Shanghai Vacation Especially Families We returned 1-week stay Shanghai New Harbour really enjoyed service apartment offered us. Outside fact get real apartment living setup, location fantastic. We enjoy taking local life food, departure swankier hotels along Nanjing West Road I would stay business (which frankly much less interesting surrounded mainly brand new malls selling usual stuff see Hong Kong, Singapore, New York, etc.)The immediate vicinity apartment local residential area lots interesting local dining options caters tourists middle class Shanghai residents. Within streets' radius rows restaurants types, convenience stores, banks, cafes, etc. But whole area still nevertheless amidst bustle Shanghai city itself. So weather legs permit, interesting walks one willing walk towards Yu Yuan (you'll see local markets, streetlife, etc.) Nanjing Street (via People's Square) Bund. And cabs easily available everywhere, plus metro around corner.Our apartment basic clean. Although Ritz It definitely much nicer mid-level national chain hotels US like Courtyard Marriott, Best Western, Holiday Inn, etc. Some earlier reviews cited hard beds carpets... get - beds regular floor new faux wood. There renovation going stay confined daytime bothered apartment mainly late afternoon thru early morning.One initial concern I pulled driveway getting cabs entrance main road. This worry unfounded concierge get one quickly you. And time could easily hail cabs even side streets outside entrances, otherwise main street less 20 meters entrance taxis aplenty. Internet free capped 70 yuan per day unlimited usage. And others already pointed rent basic utensils stay (which totalled around 20 yuan whole week us). Coin-operated laundry done onsite also dropoff ladies manning machine wash area came US$15 total family twice. Overall, little additionals come top reasonable room rate... entire bill weekly stay - including overpriced airport pickup (we lots luggage two young kids), almost daily internet usage, dropoff laundry (twice), utensil rental, 2-bedroom unit, taxes - came US$100 per day fantastic value imho. But best fact great location type holiday like - easy access good food, interesting neighborhood, reasonable proximity sights, etc.",0.18903466483011935,0.4306834075015893,Aug 19 2009
16,16,"Great scores high fronts As reviewers noted, great location. It's close many major sightseeing sights, stores restaurants, yet residential neighborhood that's quiet. It's also within 5 minute walk Metro station. The layout apartment rooms conducive family traveling together. It's clean. The kitchen, comes handy want heat something microwave keep something chilled refrigerator. The water cooler great amenity. The staff helpful. Also enjoyed pool gym. The seems attract diverse group international travelers. Compared many hotels town, offers great value. We would definitely stay again.",0.3289035087719298,0.5175438596491229,Aug 17 2009
17,17,"Great value money top location Puxi We 4 persons 50+ couple 50+ daughter rented 3 bedroom appartment (room 2207) two times 2 day's one week time. Appartment two kingsize-bed rooms, one single-bedroom. Each bedroom including spacious livingroom separate airco-unit. To surprise also two toilet/bathroom units; long queing sweaty day city. The breakfast 3 persons included OK; one breakfast paid site (60 RMB). Actually choose appartment looking &quot;budget including swimpool&quot;, also without swimpool (we busy city using it) great value money top location puxi. Walking distance peoples square babyface discotheke. accross street around corner supermarket fruit-stores buy drinks, fruit stuff daily needs. Bee aware want cook kitchen appartment bring cooking hardware, cares cooking average diner-price local restaurants around corner. Once know place blindly walk (and sometime's guid taxi-drivers) appartmentbuilding, aware location hard find taxi-driver showing address english (be prepared sort map showing location appartment). I would certainly reccomend appartment friends others.",0.1736309523809524,0.4427380952380953,Aug 8 2009
18,18,"Best possible location families I really glad found hotel. Finding somewhere four people could stay apartment hard Shanghai, layout rooms absolutely ideal. The staff (mostly) helpful, comfortable. I disagree travelers say beds hard. I thought fine. My kids lot fun pool, they'd gotten tired bustle life outside. My criticism cleanliness - okay... want look closely corners bathroom behind taps. But hey - every immune system needs bit training, bad, eat surfaces. All recommendable.",0.152962962962963,0.5902777777777778,Jul 26 2009
19,19,"great families We family 4 stayed 4 nights apartment. We rented 3 bedroom . Nice comfortable , luxurious apartment. staff attentive. Anything needed one call away would arrive time all. location wise, apartment situated older residential area Shanghai. If u want experience regular living Shanghai, could place u. Do let surroundings fool you. subways 5 minutes walk away could always hail taxi u within minutes. plenty good restaurants around years around corner along Yunnan Street. Xiaoshaoxing restaurant famous chicken block away. Teckshing restaurant- great old Shanghai delicacies wontons, xiaolongbao, shenjianbao, noodles etc across street. There lot restaurant choices viccinity. Shopping nearby well 10 minutes walk xizhang nanlu. The Bund 20 minutes walk away even though would avoid bund Shanghai Expo. see, bund heavily renovated moment preparation next year world's expo Shanghai. roads sealed off. makes sight seeing dusty incovenenint. crossing street hassle bund nowadays mention literally eating dust traffic flew u. Anyway, would recommend families only.",0.25568627450980386,0.6494268476621418,Jul 21 2009
20,20,"Great value. We extended family 5, ages 18-58. We stayed 6 nights pleased. This great value Puxi district Shanghai. It's short walk Dashijie subway Station. We 3-bedroom apartment 2 bathrooms. One bedroom king bed, one double bed 3rd twin bed. This luxurious clean spacious. The employees friendly helpful. If person helping us could speak English, he/she got someone else. There small grocery store across street great buying bottled water snacks. Three breakfast passes part deal bought two others morning. We enjoyed breakfast thought handy. Breakfast buffet western Chinese breakfast items. As meals restaurant, I would bother. We dinner mediocre. There many restaurants surrounding neighborhood. There business center Internet computer costs 20 yuan 1/2 hour. There also internet cafe couple blocks away try it. Be sure get business cards front desk name printed Chinese taxi get back. This location close People's Square. As group, enjoyed living room rather typical rooms.",0.22458333333333333,0.46349537037037036,Jul 18 2009
21,21,Solid especially families I live Nanjing get Shanghai often business sometimes family. I originally found looking could fit family four hard China. The apartments multiple bedrooms great. Children parents get good rest. Since I using business travel. It's solid value great location hard find. Highly recommend business family travel. If log onto site get member's discount easy way track reservations.,0.20642424242424245,0.5187777777777777,Jun 3 2009
22,22,"great location good service clean real find two adults 11 year old boy / serviced apartments great. They usual &quot;no utensils / cooking stuff&quot; apartments space layout apartments good.service: number occassions staff really excelled helped us booking rail tickets returning lost tickets, getting refunds, holding travel bags, phoning us deliveries made etc. place 'thick it' remains quite quiet get good nights sleep retreat. I chose place noticed absence bad reviews - know why.",0.20032051282051289,0.4480769230769231,May 29 2009
23,23,"Perferct accomodotion relaxed sightseeing We wanted stay 1 week Shanghai looking good accomodation good location (near Bund/Nanjing Road close subway). And found New Harbour Service Appartments, also good comments site. We appartment 15th floor nice views Renmin square streets neighbourhood. The rooms spacious convenient. The kitchen indeed got utensils, rent buy store across street. There also 2 TV's, one living room one bedroom. The bathroom little bit old, worked perferctly clean.We include breakfast booking, several good bakeries surrounding area, fresh croissants breakfast want!It takes 15min walk towards Bund, although taxi cheap 11 RMB. In 5-10 min Nanjing Road Renminsquare. Also French Concession walking distance destinations walk metro. Also cheap get around!Internet (if bring laptop etc) 2nd floor expensive (20 RMB per 30 min) also slow. You find good internet cafe corner 2 RMB per hour (don't forget bring passport registration).After week long stay Shanghai travelled spots returned last night. We booked smaller room, kitchen living room significant smaller. But last day perfect.",0.22892633228840123,0.5092371995820272,May 10 2009
24,24,"Very Spacious The clean spacious. We suite price great. 2 bedrooms, kitchen, large living room washrooms. The caf best relax saw sights inn Shanghai. A great place come back home rest. The general area bit crummy Shanghai like honest. Hotel staff helpful hailing cabs giving instructions wanted get to.",0.445079365079365,0.511547619047619,Dec 15 2008
25,25,"About eight minutes walk People's Square (Renmin Square) With Shanghai booming, accommodation expensive city; New Harbour Serviced Apartments offer sensible alternative. I little concerned previous comments surrounding area looked like confirmation traveller's photographs. However, goes show appearances deceptive! From check-in waiting staff, cleaners concierges, employees friendly approachable. The standard English waiting staff particularly good. On downside, must one mile The Bund - disappoinment venue was! The Pearl TV Tower across river - many buildings - wreathed industrial smog!",0.11675275482093662,0.39056473829201105,Nov 7 2008
26,26,"Family Friendly New Harbour We stayed 2 bedroom suite New Harbour one month 4 year old son. The rooms spotlessly clean - let people say tip China fool - I gave 20RMB (USD 2.50)each week always dishes washed (there's full kitchen) clean towels, irons etc. There full laundry room onsite, cheaply. There clean good sized pool let kids play frowning them.The staff kind attentive. Room service food average inexpensive dealing time change big bonus.The neighborhood awesome. Everything within easy walk, Yuyuan Gardens, People's Park, Starbucks grocery nearby every item loved home - got Golden Grahams, Aunt Jemima, organic fruits &amp; veggies- name (in Times Square) well market live frogs, chickens snakes. As far old neighorhood falling housing, China NY, huge mix older housing brand new skyscrapers. Street vendors upscale restaurants flourish. It's eclectic scary. The people kind wonderful interested you. Go whole city torn redeveloped.",0.3149794823232323,0.6099400252525252,Nov 1 2008
27,27,"Good Value Location Spent 4 nights October. We 3 Bedroom Superior room found accomodation far better written number people here.OK Just set basic facts1) Yes beds hard (REALLY HARD)2) There cooking utensils, cutlery however rented simply go corner shop cheaply.3) Yes older part town however different Asian cities, best locations older areasWe enjoyed stay, certainly easy walk Bund Nanjing RD well Metro.DId issue wth Breakfast - NO. For value I would stay again.",0.26911764705882346,0.4661064425770307,Nov 1 2008
28,28,good value visited three days bit worried reviews great. However booked two bedroom room two nights really pleased room. It clean quite roomy.The bathroom little bit tiered clean. Please note kitchen utensils all. There microwave.The room quite good views could even see buildings across bund. The situated amongst people live work really nice way seeing real china. The serves pretty good breakfast note four us price room included two breakfasts per day. It cost us fiver buy bad value.The fairly near everything walking feat roads difficult cross. We took cabs everywhere really cheap.A tip make sure book transport collect airport.For one know take even written chinese taxi drivers struggle two luggage compartments really small.All found good value money cost us Â£140.00 stay four us.,0.21444334650856395,0.5958937198067632,Oct 25 2008
29,29,"Great Location Space Great location, central major tourist sites (French Concession, Pudong, The Bund Old Town). Low level english Reception helpful.Bathroom plumbing leaked room bath/shower. Swimming pool also bit green. Gym facilities average. Good internet connection rooms.Apartments middle small local community added lot character may everyone's cup tea.Much better alternative smaller room better hotel.Difference Superior Deluxe minimal. Room sizes/layouts exactly same. Our Deluxe apartment computer room instead second bed room.Kitchen's small cooking utensils supplied (these rented). Deluxe apartment bed queen. Superior room friends king. All beds hard (Common China).Small bottled water cooler every room water cooler function faulty 2 rooms had.Used laundry every second day efficient reasonably priced. Air Con worked well rooms.We would definetely stay again. Great value money loads space.",0.18186274509803924,0.4346813725490196,Oct 6 2008
30,30,"YMMV really liked We booked NHSA 5 nights late August, based reviews research. We generally like extra space stay couple nights one bedroom deluxe suited needs perfectly value price good city location. We booked directly website included transfer PVG, relaxed way arrive long flight.The building modern block, approx 28 floors I think, fringes lower level locale close old city. Expect see local street life close by, several restaurants small shops. Donât expect English understood Michelin stars, busy always good sign. There convenience stores close too, well basic supermarket opposite Eastern entrance want get snacks, beer etc. We found area totally safe time day night, felt totally ease.We found ideal access metro (line 8, 5 minutes walk one stop Peoples Square intersects lines 1 2). To walk Peoples Square 10 minutes, could take longer, cross couple busy streets. Taxis cheap plentiful. If like explore walk bit, location great, Nanjing Lu north Peoples Square thatâs thing. The French Concession, Bund, Old City Xintiandi easy walking distance. We used metro taxis trips farther away.We requested got high floor, mainly possibility urban views away ground level noises (this city 18 million people all). Two guest elevators worked well never wait long even breakfast rush.The apartment clean fully functional, bathroom little small maybe needs updating bit. The bedroom compact limited wardrobe space nice bed firm mattress.The small kitchen sparsely equipped utensils, rent need them. But everything needed, fridge water dispenser. There also microwave, cooker hob washing area. The water dispenser hot tap, gives instant hot water tea/coffee, well room temperature tap drinking! No chilled available, filled bottles left fridge refreshing drinks.We found staff helpful efficient, businesslike mostly reception friendlier restaurant. Breakfast buffet, mixture local international choices hot cold, good enough us donât expect Shangri La 60RMB.I would recommend property visitors capable dependent. We really liked whole package, people different choice.",0.18547996976568407,0.4807331821617536,Sep 19 2008
31,31,"Helpful staff average room location Booked primarily wanted little bit extra room family four. Booked room website ended 2 bedroom apartment. Overall, room spacious lots room wife, 2 kids (ages 4&amp;6) me. Queen beds bedroom fine. Overall, particular apartment ware tear, nothing huge nicks there.To echo earlier review water pretty nasty. Started bath kids water filed tub kept getting yellow. Don't know problem Shanghai general.The location little distance central Shanghai. It took us 15 minutes get people's square area. Cheap Taxi ride Bund. The immediate area residential/local. We fine this, always enjoy seeing city outside main tourist areas. However, I see less adventurous might little bit nervous night, leave lot English friendly places. Having said I went late night get money ATM made trip local store without problems. We ate breakfast buffet morning. Adequate nothing fancy. Used indoor pool one day, water bit warm smelled sanitizer. In locker room also sauna jacuzzi. Unlike reviewers, I problems service. Our Mandarin skills pretty minimal reliant English skills front desk staff. Never problem! They helped us get areas needed get helped us book train Beijing.",0.10752314814814816,0.4261574074074075,Aug 15 2008
32,32,Bad location .. first timers I stayed 5 days month based reviews here.. I quite shocked disappointed I reached there. The building quite good adjoining area like slump .. quite dirty smelly... way u live neighborhood ur holidays... rooms ok.. stains carpet.. bathroom bad.. mean it.. black stains floor bath tub.. since concierge .. first timer shanghai would find difficult there... reception people told pizza hut KFC Mcdonalds nearby .. three days I found 200 meters away... I reckon different chinese names places thus people fluent english cant guide u anywhere. The bulding around 1 km away main shopping area Nanjian Road around 1.5 km Xian Tin Di .. u r shanghai.. must go.... Overall service quite good .. staff courteous... first timers.. please stay away .. something u would like,-0.03982438016528925,0.5198863636363636,Jul 28 2008
33,33,"Nice Location fair experience We spent 4 days New Harbour Service Apartments. We party 9, including 2 older couples family consists 5, wife mself 3 kids 6, 4 1. We booked 2 rooms. One 3 bedrooms one 1 bedroom one older couples.The lobby ok personnel spoke enough english us confortable. The fare paid included breakfast highly recommended. They eastern/western dishes, good fruit, good coffe good bread. Even fare include would nice take it.The room clean furniture good shape except kitchen really small kind accessories. It included stove, mini microwave oven drinking water. Air conditioner worked fined minisplits room, adjust temparature area without making unconfortable everyone else.We requested crib baby send quickly without extra charge.The &quot;hotel&quot; located 3 4 blocks away &quot;peoples square convinient. It easy take taxi many convinient store walking distance.There also banks nearby needed change usd, disadvantage took long banks change money.It pool well mainteined great idea kids, went every day probably one best part trip them. Even apartments good ocupancy pools almost noone.In opinion good option someone traveling full family, could say Chinese owned property attracts customers many different countries.There hidden extra costs checkout easy fast.Good option!!!",0.35159390378140376,0.5397889147889148,Jun 24 2008
34,34,"Nice suites great location good value dodgy service I first stayed 2003 Shanghai completely different. This month I looking somewhere stay 30 days thought I would give go again, previous stay quite good.I contacted directly booked one bedroom suite 13,000 RMB 30 days. That good value. The reception efficient though incredibly friendly. They gave one newer suites 26th floor I grateful could see big buildings around People's Square window.The rooms well furnished. The living room comfy brand new soft sofas, albeit Chinese size (i.e. little small), dining area living room good size design well thought out. TV something little old DVD player. The lighting right. There air conditioning unit wall individual controls works well indeed. Overall living area good large size one bedroom suite.The bedroom nice fantastic king size bed foot thick matress right me. Not soft, hard. They clearly taken comments previous hard beds, maybe exist non-refurbished floors. The room large fitted wardrobe unit enough space put belongings. There separate air conditioning unit bedroom works fine. There oddly located switch right side wall bedroom entrance. Common sense told light switch bedroom emergency panic button - press mistake.Kitchen small basic seem new living room bedroom. However perfectly functional water dispenser/heater, cooker, microwave large fridge freezer. Cutlery included bowls, plates, knives, forks, chopsticks errrm, really really sharp meat cleaver. On request also lent brand new iron board.The bathroom feel new refurbished living room bedroom though functional decent size. The sink unit fine large mirror though lighting extremely bright. They supply comb, tumblers soap (in wall fixed dispensers). The bath little old shallow plug opening mechanism work meant bath I needed get knife prise steel plug drain water, minor issue. Shower bath mixer, adequate pressure. Again, shampoo soap dispensed wall units. The toilet fine watch dangerously located metal door stub placed right front toilet, I hit toe hard. Kind walked I stepped toilet closing door. Overall, bathroom functional thouh tiling flooring little old.The broadband good reliable. Though please note this...since connecting hotel's network, firewall blocked four hundred intrusions 30 days laptop connected. If want plug laptop, absolutely make sure properly protected.The door cleaning staff friendly indeed helpful. Same cannot really said reception staff who, due poor english, really could deal issue han check-in check-out. Anything else baffled including: ordering room service, requesting iron, requesting temporary residence form. On latter, I simply nightmare little 20 year old guy reception idea, end said &quot;sorry I cannot help&quot; disappeared leaving standing reception. Took employer shout Chinese finally sort (48 hours later).The room service food extremely poor expensive. I would touch again. The breakfast okay 60 yuan could get better one elsewhere.In terms location, 10 minute walk People's Square perfect. The location called &quot;prime&quot; central.Be warned though, &quot;Japanese Bar&quot; ground floor seems staffed ladies, let's say, questionable motive. I remember five years ago I last stayed here. Idid go bar 2nd floor, I could see staff bar empty looked quite depressing. Then found barman sleeping underneath bar. I walked still asleep I left.Overall, extremely well located, good value comfortable hotel. If want somewhere central stay base, perfect. If youhave issues best get reception sort - try get friend it. Also, bother food here.",0.12019929019929013,0.47095065845065837,Jun 22 2008
35,35,"Best Value money! Keep coming back! Stayed 2007-and came back. Great families traveling friends. It like simple,basic Holiday Inn US. Beds hard-but typical CHina-(just ask another duvet sleep x-tra cushioning) This Westin w/the&quot;heavenly beds&quot;!) Super location right midst local life,close walk centralized People's square big hotels. (Pick card taxi driver'sto find hotel-some cannot find-but cross streets big busy) Free brkfst improved since last time I stayed-there variety day! Internet cheap,pool fitness room clean.Some rooms newly renovated,and little tired-but still decent. No kitchen utensils-buy across street-big fridge hold snacks wine/beer cold-filtered H2Odispenser kitchen. Individual A/C units room-maid turn day. Front desk work hard help.(For reviews-typically culture formal-&quot;smiling&quot;all time-is part Chinese service industry-efficiency working hard is!) Careful $ exchange desk-often run money-need come back later theday-if one than1K-change airport small commission fee.(Chinese banks-have long lines!)Map desk terrible-just walk big hotels People's Square Radisson/LeMeridien/Ramada pick better map concierge desk. (Blind Massage place around corner(Green sign)-no frills place/dive-but $6 45 minutes/fullbody/with clothes on-awesome!! Also, foot massage)Koreans,Japanese,Europeans,S.Americans stay here-Americans stick w/their familiar US chains.This awesome deal-3people/3bedroom-$150 breakfast-save money shopping! (You're room day!One jetlagged anyway-so get use living room sleeping challenge,without waking others.",0.11187485759854181,0.38428315105946687,May 1 2008
36,36,"Excellent Hotel We returned 5 night stay Shanghai. We booked New Harbour Apartments based reviews regrets. It great location.It real experience located among locals stone throw away touristy things like Shanghai Museum, Peoples Square. The staff v,friendly contrary read previous reviews. We stayed 3 bedroom superior room perfect spacious, clean. We intention cooking need hire equipment. The breakfast westernised. We chose walk People square day get metro 15min walk get feel local life is. Crossing roads nightmare, even green man showing constantly dodging cars...but bear mind loads people crossing. We dinner Epicure 45 v.nice approx Â£200.00 4 people another night went chinese restaurant called 1221, recommended Â£50.00 4 people packed full expats airline staff. We ate bavarian restaurant called Paulen, also v.nice bear mind restaurants smoky hope get table nobody smoking heaps. We went across Pudong couple times went JianMao breath taking views also Oriental Pearl Tower. We coffee Jian mao able look 87th Floor Hyatt Hotel Lounge.On one night went Shanghai Acrobats Performance located posh side Shanghai next Ritz Carlton Portman. This great night , 200RMB seats - 4 rows front, similar Cirque du Soleil fraction cost. Shanghai must see.",0.29138755980861236,0.49629186602870806,Apr 18 2008
37,37,"A Must Stay So glad stayed here. We traveling family 2 teenage daughters &amp; booked 3 bedroom apartment thru expedia. What great value &amp; location. Was bit nervous reading reviews staff attitude &amp; unhelpfulness pleasantly supprised. The bell boy greeted us arrival &amp; helped baggage, reception staff pleasant helped us throughout stay train bookings &amp; recommendations. And thankyou laundry girls 4Th floor. They let use machines tiny fee ( 2 teenage girls lots washing!!! ) The apartment large &amp; clean fantastic views - water cooler big plus instead bottles water usually get. (We stayed high floor can't comment rooms). The breakfast restaurant usual bit crowded staff tried really hard good value. The location best. You could walk everywhere wanted ( although taxis cheap). walked Nanjing Rd,The Bund, Yu Gardens &amp; Bazaar. The area around really bustling full restaurants - go walk night fantastic. There supermarket across prefered little corner shop opposite direction.I mention beds - Rock hard back said Yes Thankyou!!! I havn't back Physio since I arrived back Australia.Very happy Shanghai first stop instead Beijing. My husband China 3 times &amp; said would shop Beijing. He was'nt wrong ended buying 2 extra suitcases Beijing.",0.19078781512605042,0.463781512605042,Apr 11 2008
38,38,"hidden gem I highly recommend service apartment. My family four stayed 3 bedroom, 2 bath apartment, included daily breakfast buffet 3 (additional breakfasts around $9) $170 per night. At front desk, always someone spoke english. We 19th floor - much view, higher floor, softer sounds cars honking. The kitchen small, really needed microwave refrigerator. No utensils dishes. Dining room living room relax in. Tvs living room master bedroom. Beds firm, soft sheets, lots pillows. Air conditioning units room. Bathrooms clean water pressure strong.It's located neighborhood near Renmin park blocks metro stop. I think 1 taxi driver knew located, sure carry business card!!! We usually take us corner Jin Ling Yong Shou Roads walked 1/2 block. There's internet cafe 1/2 block away charges 3 yuan/hour. Fresh dumplings sold maybe 2 blocks away. Lots seafood restaurants block away. Very convinient!",0.08536458333333334,0.3923456790123457,Apr 10 2008
39,39,"Decent We chose place travelling family 2 teenagers, needed space reasonable price. New Harbor Service Apartments served purpose. It's quite centrally located, within walking distance shops restaurants. The apartment got pretty spacious, otherwise simple basic...good enough especially used rest long days sightseeing.",0.0703030303030303,0.6228354978354979,Dec 31 2007
40,40,"Central Location Great Value Stayed 4 nights October. The near People's Square / Nanjing Rd area also walking distance Xintiandi convenient. Bund three min cab ride away. However, many cab drivers can't find side street none know about. Best map handy show cab driver.Place clean. However, I booked nonsmoking room got one reeked cigarettes. Nothing nice housekeeper could get rid smell. Sigh. That problem traveling China. Breakfast buffet adequate purpose. Although seating somewhat limited. Be prepared share table stranger traveling alone.Price reasonable. I would stay again.",0.4025974025974026,0.5341991341991341,Dec 29 2007
41,41,"clean spacious Enjoyed 5 night stay 3 bedroom deluxe apartment (25th floor) family. Very spacious apartment, 3 bedrooms 2 bathrooms, combined lounge/dining area, great views towards Bund (during times smog cleared!). Very sparsely decorated though, pictures wall cushions sofa (which shown website).I knew kitchen equipped (from previous reviews), even include spoon stir tea/coffee bit ridiculous! The green tea bags free pay little packets coffee, went bought supermarket (lots nearby).The breakfast passable opinion worth 60RMB. We 3 coupons per day breakfast, 1st day one us passed buffet breakfast ate local breakfast one nearby eating places.Location fantastic - could walk heaps places including Yuyuan Bazaar, Bund, Nanjing Rd, People's Park (the Shanghai Museum well worth look), Times Square, Xintiandi. Lots cheap places eat nearby, around Yunnan Street.Having gym indoor pool complex added bonus.Would recommend apartments staying nights Shanghai, extra space fantastic.",0.16649305555555557,0.4840277777777777,Dec 24 2007
42,42,"But I keep going back it! You need verify information regarding bed size configurations reserve room. The largest bed 180 cm, followed 150 130. This corresponds approximately Queen, double super single size. There King size beds. And way beds hard bricks, uncomfortable normal China.We always bring camping pads make sleepable. My kids seem care, I do.The Superior two bedroom Queen double less expensive &quot;decorations old&quot; meaning furniture older (but disgusting) often stinks like smoke. If request nonsmoking rooms, air room arrival possible. The Deluxe two bedrooms 14th floor expensive. The view relative quietness higher floors worth price difference. But &quot;new decorations&quot; meaning newer unbelievably, even harder beds. The beds also smaller, double twin. The windows rooms single pane glass traffic noise lower floors substantial midnight. The curtains move breeze even windows closed. We use apartments often live China travel Shanghai often. These offset uncomfortable beds.......The Western breakfast fair enough price pool heated quite nice. My kids like lifeguard time. There park track jogging fairly close gym two treadmills assortment freeweights. There microwaves, stoves(gas) ovens small refrigerators apartment (although I never stayed single bedroom apartment I know those). Just caticorner New Harbor, small local grocery store buy ramen, cereals, milk, disposables like paper towels, bowls plastic cutlery. Four blocks away Times Square shopping center City Supermarket lower level. Buy ham, cheese microwaveable pizza rolls save money eating apartment. YuYuan Garden, beautiful photo op ancient architecture, 10 minute taxi ride away buy teapots, fans, kites things China there. The bund also 10 minutes taxi. Peoples Square two blocks away, dinosaur museum kids love. The location justifies cost need modify comfort expectations. At least room spread compared accommodations (in price range) area.",0.05969608622669847,0.49042318225991677,Dec 4 2007
43,43,"Great value! Felt like lived Shanghai vs. visted! My family 5 stayed Shanghai 4 days. It situated local neighborhood far main Shanghai sites Bund Nanking Road. I loved really gave feel city touristy spots. We safe, fresh street food every morning breakfast - situated withing 1 block radius! There's also great street dinner find assortment restaurants filled locals within block away. We best meals there: traditional hotpot, famous Shanghainese steamed dumplings Uighur lamb kabobs (the best I've ever had!). Our apartment 11th floor - great view! It spacious approx. 1,100 sq ft. - 2 bedroom, 1 bath space. For 5 adults, treat space usual rooms though struggle 1 bathroom. The drawback since rather serviced apartment less service. You apartment cleaned every day - beds made, bathrooms ar cleaned. However, front deck staff entirely helpful. If looking day trip one water villages near (highly recommend Zhouzhuang dating back Ming Ching Dynasties - filmed MI3), ripped front deck folks set us private van costing 1,000 RMB would could gotten 700 RMB. I'd recommend asking laundry women private van since seemed sincere told us afterwards could gotten us one much less. If looking typical tourist's trip Shanghai interested exploring locals live, too, great place great value!",0.31077861952861957,0.5147685185185185,Nov 17 2007
44,44,"A Good Choice We stayed one night, impressed standard apartment. Very spacious everything need. Breakfast great value 60 RMB (about Â£4) per person. My criticism would check in/out staff friendly welcoming, really issue. Would stay again, particularly Shanghai days apartment like would feel like great base. Good location too, 10 mins walk People's Square.",0.22303113553113554,0.5727106227106227,Nov 11 2007
45,45,"Good place stay Myself husband stayed four nights beginning October. We found extremely satisfactory. We one bed apartment sitting room, kitchen bathroom. It serviced well day clean spacious. We currently round world trip liked space apartment instead small room. We also one higher floors great view city lights. There TV sitting room bedroom. Like another reviewer said, found supply hot/cold water kitchen great-also making cups tea morning! True, want self cater hire crockery, cooking utensils etc I can't imagine anyone would want food outside door cheap yummy. It cannot cheaper easier self cater. The location excellent. A friend lived Shanghai three years also said location cannot beaten. It fairly local area nearby restaurants etc would tourist friendly English menus etc 10 min walk user friendly parts Shanghai nice local area get flavour real parts city. There WIFI rooms bit minus us business centre two computers (although cheap). There also two restaurants use. All excellent value price-we paid 30 euro head per night.",0.2816666666666666,0.538,Oct 26 2007
46,46,"leave believe glowing reviews Selected hotel/apartment based trip advisor recommendations. Not lucky time. In past stayed great places based trip advsior. This exception. Pictures looked good, beds solid (like granite) Disturbed housekeeping bring charge items beyond teacup. Ahh... smell! Raw sewage mould. Still coughing! Gas shutoffs worrisome. Consider another location, leave, stay.",0.2158119658119658,0.4991452991452992,Oct 25 2007
47,47,"What Great Stay! Three us stayed 2 bedroom apartment 6 nights great stay. The room clean, shower hot drained well, apartment large enough us sprawl out. Bottled hot/cold water kitchen came handy making cups tea. The location fantastic- walking distance major sights People's Square subway station. The breakfast great us Americans, especially fresh-cooked eggs strong hot coffee. We would definitely stay again.",0.3904846938775511,0.7444217687074829,Oct 20 2007
48,48,"Excellent location Loved property. The location price right! We booked deluxe 1 bdrm study apartment computer ready waiting arrived. The staff good helpful. The western/chinese breakfast good. We ate meals there. We walkers walked literally everywhere: Old Shanghai (25 minutes), Nanjing Road (10 min) Bund Pudong River cruising day night (25 minutesJ). We would walked faster weather hot high humidity, plus 5 year old stroller. We would definately go back Shanghai stay place. It comfortable, clean place stay. Not much english ... A grocery across street anything might want. Fresh fruit street. Laundry third floor. Our drawback Shanghai food. We survived well kitchenette grocery near by.",0.3003004535147392,0.5145578231292518,Oct 15 2007
49,49,"Good place expect full service We stayed 4 days beginning September satisfied hotel. Firstly, focuses long term business clientel, tourist. The staff spoke good english problem checking asked anything tourist related know answer. However Shanghai easy navigate huge problem. The rooms old appartments, hotels rooms. I someone vouch lived Shanghai exactly expect live (tiny kitchen all). It midway bund Shanghai Musuem central get. The metro 10 minute walk away. You could walk french quarter (like did) I would highly suggest go metro go stop two. Around people square (where musuem is) lot shopping restaurants. For price good deal. As travellers note, going Beijing first, Shanghai, much shopping Beijing possible Shanghai noticable expensive everything (if trip would goto Shanghai first, Beijing avoid problem).",0.19707070707070706,0.4801388888888889,Oct 10 2007
50,50,"Decent Service Apartment We stayed 4 nights New Harbour Service Apartments. We arrived early Shanghai pleasantly surprised allowed check-in 8am without additional charge. Receptionist cheerful check-in breeze. On 1st night, booked deluxe 1-bedroom apartment. It spotlessly clean, came decent sized bedroom queen bed, plenty wardrobe space side-tables. The view much look city pretty smoggy. The bathroom clean water pressure strong. We small kitchenette small fridge, microwave portable drinking water. In fridge, soft drinks beer available, although price, price-list displayed kitchen cabinet. We shifted deluxe 3-bedroom 2nd night onwards friends joining us day later. The 3 bedder apartment huge, came side table, dining table large living room. 1 room would master-bedroom attached bathroom, 2nd room normal sized room queen bed, 2rd room room single bed. Everything new night-lamp still wrapped plastic. There big attached bathroom near living room. I little bit surprised absolutely utensils provided kitchen, want cup coffee, take black bring along small teaspoon.The living room sofa, potted plants, coffee-table tv. We could find 2 English channels - HBO Channel News Asia Singapore. The bedroom living room separate air-cons 2 remote controls, entirely Mandarin, can't read Mandarin problem using remote, need get help reception.We given bk'fast coupons buffet spread much rave about. Very selections although breads, jams, butter, local food like dim sum noodles, however egg station understood English, order sunny side scrambled eggs. The staff polite.The location service apartment great! It near Shanghai museum (which I recommend, 4 floors!), near Bund, near Yu Gardens I absolutely loved highly recommend! The bund absolutely beautiful night old buildings fantastic, must take night cruise bund bring along video-camera. The landmark Shanghai Pearl Orient Tower also must see whole Shanghai (it reminds Eiffel Tower). Keep ticket stubs may want visit wax museum located 1st floor Pearl Orient Tower, showcases old Shanghai lovely old photos.Taxis plentiful flag rate 11 yuan. Although local tells nearly impossible catch cab summer rainy days. A note caution: flag cab, sure quick, cab 'stolen' noses local couple, waiting occupants exit cab couple walked right got cab, although clear waiting get in. There plenty restaurants Shanghai prices reasonably cheap. There al-fresco restaurants Bund (at back Shangri-La hotel) lovely, get enjoy beautiful lights backdrop lovely buildings see ships cruise by. The downside Shanghai horrendous traffic, plan itinerary early try avoid peak-hour traffic really bad, stop-go-stop-go...you get picture. The ride airport took us hour get apartment arrival caught peak hour traffic.We took 'MagLev train' (magnetic levitation) airport returned home. You experience it, took 7 minutes train station airport costs 50 yuan (keep boarding stubs, show them, pay 40 yuan). This special train goes airport get this...330km/h. It sure beats sitting cab hour.Beware 'spitters', quite lot them, watch step. We found pretty safe Shanghai, shopping fantastic taxis plentiful Autumn. Would definitely stay New Harbour I ever visit Shanghai again.",0.15370574515923355,0.5398161851068827,Sep 28 2007
51,51,"Shabby cheap unhelpful good location Don't believe website: 1-bed deluxe apartment small, badly stocked: kitchen cooking utensils, cutlery, crockery kettle - even though provide two free teabags two mugs. All hired fee, except kettle, pain - especially housekeeping speak English takes four calls 30m wait get item room. You rather wish they'd roll extra $20 overnight price done it.The checkin staff surly; per reviews, luggage help forthcoming (and I'm 5 months pregnant, struggling two suitcases!). The apartment itself: stained, especially bathroom, furniture fittings cheap, tatty - much like well-used student accommodation, fact. Reasons stay here? Good-ish space money, centrally located, plus A/C works fine. Our taxi driver took three turns round block find it, walking distance People's Square (which see windows). The surrounding streets look shabby, badly lit night, seem safe enough.",0.10591666666666666,0.5409166666666667,Sep 7 2007
52,52,"Good value We end 3 week trip china 3 kids. We opted apartments finish trip give us freedom. We arrived ok taxis seem struggle find place. Check ok friendly. The apartment 3 bedrooms a/c worked fine - nonce got supply enough remote controls. Pool good - 3 bedrooms 2 adults e kids charge extra 4 people use pool - whic thought bit much! Breakfast 3 people i.e. per room - crockery cutlery inh apartment - cannot self cater unless nbhire these. Howeverf overall good value. Near peoples square fairly central. Japanese restaurant attached - ok, good bar helpful staff recommended places visit shanghai.",0.3074561403508772,0.42368421052631583,Aug 30 2007
53,53,"Disappointing poor service This place bit disappointment, particularly comparison places stayed. When arrived, bellboy stood watching us struggle luggage - offer help transporting bags apartment forthcoming, I noticed alone this. When left, security guard asked another bellboy help refused outright. Reception staff varied disinterested rude, exception one man. Our apartment way resemble photos used advertise place - view great 5th floor I imagine higher would fine, I'm complaining that. However, decor furnishings quite pictures imply. The rooms recently decorated bathroom seems partially done, old tired wardrobes remain. Our safe work kitchen pokey. The pool also quite bit smaller appears pictures.We booked apartment 3 people given breakfast vouchers 2, 2 towels. It took phone calls get third towel, extract explanation entitled 2 breakfasts even though booking 3 - gave end. Breakfast OK, bad, amazing, service poor.Location reasonable, 10-15 mins walk Nanjing Street 20 mins walk Old Town, enthusiastic walker. Found staff offensive I consider staying again.",0.03994252873563218,0.5301724137931034,Aug 22 2007
54,54,"Great Location Value We found New Harbour Tripadvisor happy choice. The reviews accurate. If want fancy, highend experience (spa, nice linens, crazy lobby) place definitely you. But plan really seeing city want nice place sleep/rest find adequate.The location awesome - right heart town. My favorite waking watching locals go day. I think that's much fun seeing bunch tourists westerners hanging around! Taxis little trouble finding it, made safely quickly every time. Breakfast great - nice mix local western foods. Front desk helpful, doormen wonderful. Steve even walked us blocks find sim chip cell!Someone mentioned smelly slightly true. It's humidity smells like dampness. Nothing gross, tad off.Overall, Four Seasons definitely met needs. We'd stay again.",0.3211348708762502,0.5642618301238991,Aug 8 2007
55,55,"Great location I spent three nights July 2007 superior 1 bedroom suite 1539rmb, including service internet access. Superb location rooms price. The decor bit shabby bed firm uncomfortable. No cooking facilities one bedroomed apartment nice sitting room.Breakfast hit miss affair, days excellent days waste 60rmb. A bit expensive considering get eat lunchtime bbq Xiantiandi 68.The gym typical pool sauna area nice.I would definitely stay again.",0.22845238095238093,0.6174999999999999,Aug 2 2007
56,56,"good value good location This good value well located. As family 4, space nice--only 1 bathroom, though. It also relatively inexpensive high speed internet nice, athough somewhat expensive, breakfast additional costs. We little trouble cabs knowing get reported. All all, satisfactory experience. It clean well maintained (except real complaint windows dirty outside). We great view open window enjoy it!! I would definitely stay again.",0.16170833333333332,0.542,Jul 24 2007
57,57,Good value money Just back three night stay New Harbour. Location great apartment good value money. However found reception staff unfriendly helpful - said may becuase always quite busy. One thing watch reception exchange sterling - either notes travellers cheques.,0.3337662337662337,0.4292207792207792,Jul 23 2007
58,58,"Value money Hotel located 10 minute walk nanjing road. You wake trough bit fusy part town problem that. By way used taxi maybe 25 times pay 20 yuan, 2 euro, 2,5 dollars... So that's problem. Since middle downtown everything within KM (or miles).All rooms apartement style booked 2 1 bedroom deluxe. We got 3 2 bedroom deluxe. Rooms average, thrills worked fine. Kitchen nothing talk kitchenware needs rented (no need holiday).Breakfast good, buffet everything need. Staff speaks little english. Hotel renovated there, notice noice so.I would recommand anyone needing comfortable, great value center Shanghai.",0.25993589743589746,0.4653846153846154,Jul 14 2007
59,59,"Excellent - value location The New Harbour Service Apts. provided terrific value (approx. $750/week family 4). The 3-bedroom suite spacious, two bathrooms, kitchen, dining room living room, two cable TV's, air conditioning, internet. The centrally located. It's within 10 minutes The Bund, major upscale shopping dining, shopping bazaar tea gardens, Renmin Park (Shanghai Museum Shanghai Art Museum). The also fitness center pool. Breakfast 3 included: serve Western Asian food; 4th breakfast cost reasonable 60 RMB per day (about $8) The staff speaks passable English, meaning never problem understood, even asking iron, directions open bedroom safe, new internet cable. We highly recommend hotel!",0.1756818181818182,0.4599393939393939,Jul 11 2007
60,60,Smelly poor staff good location We stayed New Harbour 2 room suite. On arrival shown uncleaned room smelt awful complaining &quot;upgraded&quot; us 2 room suite clean also smelled awful. The rooms big losts room furniture tired useless.The front desk staff dour chinese type prefer avoid eye contact hide back room excpetions. The doorman great eager get cab.The breakfast buffet OK - quality varied tremendously day day.The location good - everything short cab ride away.,0.04331550802139036,0.5120320855614974,Jul 7 2007
61,61,"Great Stay We stayed New Harbour Serviced apartments recent holiday China. Our stay total 4 nights amazed quality offer low price. Location:The location spot perfect Yuayuan tea rooms, bund, french concession, peoples square, xintande huahai shopping district within walking distanceRooms:We opted executive suite prices cheap well worth separate kitchen, dining table, lounge also separate study PC internet access. The rooms great roomy bedroom big.Service:We problems trying communicate wanted staff bit effort get message across.Overall: You cant beat basically staying studio apartment incredibly low rates charged ( think payed somwhere vicinity $100-120 Aus per night) especially hardly ever jump cab could walk everywhere.",0.24964646464646464,0.5597474747474747,May 31 2007
62,62,"Excellent home base I booked 2 bedroom apartment (for 3 people) $100 per night. When arrived upgraded us 3 bedroom place I can't speak 2 bedroom units nice. Big living room, dining room, nice bedrooms, 2 bathrooms good showers, clean, nice view, good air conditioning, good daily cleaning service. And beds softer anywhere else stayed China, quite comfy. Note, luxury hotel, furniture expensive floor fake wood. But clean nice comfortable. As long go expecting Ritz quality disappointed.The kitchen small want cook anyway. It water cooler purified bottled water great feature, fridge. No cooking equipment rent stuff cheap want it. The gym quite nice, internet use reasonable price public computers. The breakfast bad eat trying first day plenty yummy food steps away front door.We thought location ideal - walking distance Old Town Bund (if mind walking mile). Very close People's Park. And taxis cheap easy get around. Plus subway stop People's Park subway system nice, clean, reasonably easy use.Front desk staff spoke good English quite helpful. Overall fond Shanghai compared places China - much neon American shops commercialization fun really liked hotel. Highly recommended, especially 1 person couple want additional bedrooms.",0.28221014492753627,0.5932246376811593,May 30 2007
63,63,"Great hotel! Great great price. Excellent location, staff spoke good English, clean friendly. Far better value big brand hotels, much less terms amenities. Highly recommended.",0.4334615384615384,0.5582051282051281,May 27 2007
64,64,"excellent choice Appts great location . . reminin square metro link styley xitandi area (good restaurants) Hotel short walk areas ideal. Staff polite helpful - rooms clean large - beds hard typical aisian hotels I've stayed in. Nice pool area. Breakfasts also good excellent choice (Bacon, saus, hash browns eggs done every like plus usual cereal toast etc) Will absolutley recommend anyone else (in fact Mum's going stay next week !)",0.3536011904761905,0.639077380952381,May 27 2007
65,65,"Great Place Hotel excellent location 1 km The Bund, Old China andNinjing Road. We booked 3 bedroom &quot;superior&quot; suite arrival available reason put us ina 2 bedroom 1 bedroom suite fine. The 2 BR smoking room could would change claiming wasfull. Did offer try change following day though I pushed issue. Over staff cordial generally friendly spoke good english I say went overboard service e.g. seem know smile. The rooms fine (once got rid smoking) clean. Great views (we 23rd floor). We suites sure &quot;normal rooms&quot; like. The beds rock hard bad mark I could give. TV ok mix English (CNN, HBO, ESPN) Chinese channels. Business centre 2nd floor could easily catch news home via internet.Restuarant provided good western style breakfast would recomend evening meal. Plenty Chinese restuarants nearby alternative. Also small supermarket across road could get supplies. All up, enjoyed stay wouldgo back again. There 4 us, myself, wife 2 late teenage children comfortable.",0.18686868686868685,0.44789562289562296,Apr 19 2007
66,66,"Loads room Two adults, 1 child toddler stayed 2 bedroom deluxe 10 days - hard beds bit shock, apparently common China. My bad back actually got better straightened every night! The cot supplied bedding free charge. There plenty space us. The staff helpful would write name destination Mandarin taxis. Taxi's find bit hard find two one way streets, provides map chinese business cards made easier. Plus taxis keen rip (as long take genuine taxi private car meter glove box). We organised trip directly (via phone calls emails confirm details). We negotiated even lower rate staying 10 days. The problem arrived around 9pm gave away room put us slightly smaller one. But pointing got upgraded superior room even room extra toilet extra charge. Also, use external laundry - much better quality value money housekeeping house. Pool also clean, super warm!! Would stay again.",0.12663690476190476,0.4479166666666666,Apr 11 2007
67,67,Tremendous value Tremendous value excellent location The Bund Renmin Park. Great views city 26th floor. Good breakfast buffet. Staff helpful though quite dour. Plenty space money. Beds hard!In-house bar rather tacky really interesting eateries round about; try Yunan (food) street adventure.,0.49523809523809526,0.75,Feb 25 2007
68,68,"Good location We booked 3 nights end trip round China. We found staff friendly. The suite clean adequate stay. It luxurious perfect needed. It quite conveniently located mind walking little, however taxi's cheap matter want walk.The food basic nice, although breakfast little dissapointing.",0.3233333333333333,0.5715277777777777,Feb 24 2007
69,69,Great family group A group 5 adults one baby shared 3 bedroom 2 bathroom apartment comfort. It spacious kept clean daily servicing. A cot (travel-cot type) provided charge. The location good plenty restaurants food stalls around mini mart right across street. You walk Nanjing Lu Xintiandi 20 minutes. If feel lazy taxis cheap. We great view towards Peoples Square.,0.41654761904761906,0.6819642857142857,Jan 26 2007
70,70,"Fantastic families First 2 nights given low-floor superior room 2 queen sized bed.Musky smell carpet,otherwise okay.room rate 2-bedroomed suite+3 breakfasts daily=one room room downtown.On return Hangzhou,upgraded delux 2-bedroom suite superior rooms taken,much nicer higher floor,no smell,overlooking People,s Sq.Breakfasts good,esp coffee,since usually coffee China elsewhere tastes like milky water.This apt 's coffee tastes smells like expresso.",0.35625,0.6354166666666666,Jan 22 2007
71,71,"overall good experience I booked via hotels.com got good price. I payed around 890 dollars 6 nights three bedroom apartment. There one big livingroom tv, sofa two armchairs plus kitchentable six, two normalsized bathrooms tub, three bedrooms one small kitchen. Two bedrooms slept two people (one queensize bed first two singlebeds second). We five people (one family five adults) apartment suited needs perfectly. The kitchen equipped anything terms cups, glasses, plates cutlery. If want rent hotel. Since thousands great restaurants neighborhood really need kitchen anyway. The beds hard normal China slept well anyway. Also, apartment quiet.The apartment pretty cold since january winter month Shanghai. We heard Mao Tse Tung actually decided south Yangtse river, heating would installed buildings, strange reason Shanghainese still install heating buildings. Luckily every room air conditioning A/C (we put 25 degrees celcius) freeze.Overall good location. About three minutes walk Huaihai Rd, one biggest shopping streets. A taxi ride People's Square, Bund, Pudong etc 12-19 RMB (1.5-2.4 US Dollars) always taxis available getting around cheap easy.The condition apartment okay, little tired corners nothing bad considering low price great location. New towels cleaning every day. 3 free breakfast coupons day (the breakfast 50RMB without coupon). The breakfast good juices, omelettes made especially you, toast, fresh fruit chinese dishes like try new things. Some staff spoke english language problem.I would definately stay again.",0.1916498316498317,0.5060164141414141,Jan 7 2007
72,72,"Nice I think thing makes excellent sheets. I honestly get traditional gross sheet set up. There nice goose comforter white duvet cover. The pool nice considering middle city. Everything convenient, many good restaurants close looking chinese cuisine. Also close reming square, shanhai museum, huahai nanjing, best places shop. There nice view city night day. It clean enough. It good alternative large foreign chains charge excessively uphold upscale brand.",0.31958247066942724,0.5344547964113181,Dec 27 2006
73,73,"Great place good value stayed 2 room apartment 4 nights. clean tidy. The kitchen quite small useless also utensils. But eat time like did, shoulnd't concern.the location quite good right next major food street shanghai. think yunnan st.the location quite ok bit far walk major sights close metro station. But taxi quite cheap china, ok. breakfast buffet excellent missed avoid dinner restaurant. My friend ordered spaghetti came sweet sour sauce instead tomato!!!overall, highly recommend place",0.30512531328320797,0.5676691729323308,Dec 23 2006
74,74,"location-price-quality combination hard beat Booked Nov 06 Expedia - gives excellent discount booked together flight. Called day before, immediately connected English-speaking assistant confirmed booking immediately agreed early check-in.A nice high-rise area, otherwise somewhat dull, safe good number services (shops, restaurants, internet cafe etc) nearby. The big advantage roughly equal distance major attractions: Bund, Xitiandi/Frenchtown, Old town, Nanjing shopping area, People's Square. You get foot within reasonable time, tired walking, cab 11 yuan (~1euro/70pence) cases. Taxi to/from airport 45 minutes/150 yuan. Taxi drivers usually know place printing map address website advance helpful.We 'delux' suite 22nd floor, clean, quite spacious, air-conditioned (separate units bedroom lounge), tv, wc, bath shower, hairdryer enough furniture small family: double bed, sofa, armchair, dining table 3-4 chairs, coffee table, plenty storage clothes bedroom. Kitchen separate small room large fridge, gas cooker, microwave, sink water dispenser.Kitchen utensils rent - got kettle occasional cup tea, could get cooker work (so microwaved water instead). We bother much this, I imagine could important anyone kids staying longer time - would really like cook yourself. I'm sure would fix though, promptly reacted requests, care go ask.Another strange thing kitchen water complimentary watertank reason heated, cooled - I could find button change this, water warm (but hot enough tea) time. Perhaps I unplugged whole thing.The furniture decor occasionally mildly dated otherwise make impression new well-maintained. Hard flooring nice difference usual Anglo-American fitted carpet grease, stains dust (have sniff '5-star' Peace Hotel, example, understand I mean). The maid service efficient, really scrub place clean every day.The best thing real apartment one rooms windows different views, instead locked 'single cell' confinement, however luxurious might be. Being able rest partner watching TV working room also essential jet-lagged traveler. Most serviced apartments I stayed compromise service way: would provide cleaning week frequently charge final cleaning; almost never typical facilities. This case New Harbour though: get daily cleaning extra charge, 24/7 reception service, swimming pool sauna, business centre Internet PCs, breakfast (good), 2 restaurants (decent), bar (hugely overpriced), fridge drinks (cheap) hairdressers (good cheap).Breakfast included one person, people pay 50 yuan (5euro/3.3pounds) per person - reasonable varied substantial fare (both Chinese European) get there.Most staff speaks English, many problems this. They overly friendly sufficiently efficient.Among glitches, I already listed gas cooker thing (they seem charge kettle though). Another mild problem PCs using Chinese version Windows - means know button click stop thing saving passwords. One PC business centre seemed infested spyware throwing cascade windows might wise type sensitive information there. Also, I tried follow instructions connect Internet dial-up room work. They offered ethernet cable 70 yuan day I take I needed check mail couple times, I can't say good is.In nutshell, seen different areas Shanghai, I think good option terms price, location quality. I think would even valuable anyone opts self-catering holidays there.",0.2048220298220298,0.49985601161527093,Nov 9 2006
75,75,Excellent value Excellent value money quite well situated- apartment spotlessly clean even offered inclusive internet. Great families. Reception ok although english staff limited. Good laundry facilites - altogether successful stay.Some breakfasts included price - good selection chinese western food -I definitely come back accommodation,0.42644557823129253,0.48520408163265305,Oct 31 2006
76,76,"Clean Stayed 3 nights mid-September (actually, I booked stay week, plans changed accomodated change). I booked 1-bedroom unit, upon check-in, ran gave 2-bedroom price. The room well laid clean. Bed hard indicated another reviewer - typical type bed China. The location convenient - quick walk Huai Hai Road Xin Tian Di. The immediate surrounding &quot;local area&quot;. They internet access rooms business centre, charge extra that. The breakfast provided okay, nothing great. Definitely value money.",0.20069444444444443,0.4597222222222222,Sep 26 2006
77,77,"Good value Good points:Convenient location - many resturants within walking distance;Staff helpful honest (I left skirt wardrobe, returned I checking out);Thorough room cleaning everyday; Not goods points:Beds extremely hard, hope add pad beds replaced soon;Bedroom carpet dirty, hope replaced wood floor living room;Breakfast better; Try eat much can.",0.19283333333333333,0.5441666666666667,Sep 4 2006
78,78,"Good price quality We returned week Shanghai . The service appartement New Harbour good . The situation good . The clean , apartements spacious .Our kids 13 14 17 enjoyed pool second floor sauna. The breakfast cheap good , restaurant expensive China good!",0.3450482093663912,0.620413223140496,Aug 4 2006
79,79,"Great base explore I come back week Shanghai staying New Harbour.Firstly easy find go town Maglev (50RMB - Worlds fastest train â buzz) get underground (2RMB well air-conditioned) Peoples Square. From turn right exit no. 1 walk along park near shops â go pedestrian overpass (you see New Harbour lit towering buildings â 28 floors) streets walk â managed airport room 1 hour, 12 hours flying, luggage fairly easily). If getting taxi easier driver find Jinling Dong Lu (Jinling Road East â full musical instrument shops!) Yonshou Road Jinling.I stayed friend one bedroom Superior Suite â basic room 7th floor. It good size living room sofa easy chair plus desk chair. It also TV loads channels â mainly Chinese Japanese also number English speaking ones â well CNN HBO. It microwave huge fridge freezer (stocked mini bar also things like Chinese pot noodle coffee â cheapest mini bar I ever seen too!). The bedroom large enough â twin (yes ahrd beds good back !) â massive wardrobe another TV â en suite everything need â great shower well appreciated long flight. Both rooms air chillers walls bliss â 35 degree Celsius plus outside 95% humidity â way get cool enough sleep. The great place come back long day exploring city heat. The location fine â edge Bund Nanjing Road shopping areas, edge Old Town, road start French Concession (Gods Kitchen massive super club 10 mins cab area) Renmin Park. So perfect us explored every day foot. It also edge new area see bit daily life locals great watch high floor. They especially great watch crossings â everyone going different directions â one bumps other! And people sitting street cool night.The staff front desk efficient overly friendly â make nice change overly cheesey American reception staff! (Though found people Shanghai friendly chatty.) We got taxi back airport coming back due early flights â reception sorted taxi great! Theyâll also post cards need get stuck post office ages trying pronounce word stamp!The pool looked great didnât time use it. The Japanese restaurant attached also good cheap first arrival night meal â paid Â£9 2 main dishes 2 beers green tea (the later free restaurants except airport!). Also check bakery round corner called Relax miss breakfast â finishes 10 (we missed every day!) bakery Jinling Road â believe eyes â persuaded buy weird cake furry top â looked weird, much chilli breakfast smelt bad. The buns almonds great though. There supermarket outside front left loads great stuff.The water cooler room god send â drank 2x11.3litre barrels 6 days room â much about. It hot cold water â switch back heat water tea noodles â takes bit finding. It also free get even though says room portfolio pay additional barrels â donât.Yunnan Road round corner great food street â plenty interesting sights too. Nanjing Road 10 mins walk away â Old Town opposite direction, essential haggle â bought stuff around 50 60% market prices- sometimes less!Essential good suite enough space. Would definitely stay again!",0.2065255418771044,0.4758001142376141,Jul 30 2006
80,80,"execellent price/quality We, family 4 children aged 9 10, stayed week New Harbour. ItÂ´s execellent place families. The apartments spacious, clean well equipped (exept kitchen empty). The gym OK large swimming pool daily attraction kids. Breakfast allright although place small times people got breakfast hallway.Staff friendly. ItÂ´s excellent location, 5 minutes walk renmin square shopping malls 5 minutes form chinese shops old town. A 15 minute stroll get Bund.The largest appartment (up 5 people) less 100 euro per night including breakfast. So itÂ´s much better deal comparable 4 star hotelÂ´s.",0.17170995670995673,0.4433189033189033,Jul 28 2006
81,81,"Good families - okay location Just got back Shanghai. We stayed New Harbour several days. The location pretty good - 10 minute walk Yu Yuan Gardens, 5 minute walk Huai Hai Lu 10 minute walk Nanjing Dong Lu. There nothing much around (within 3-4 blocks). People's park 5 blocks away metro. Breakfast great - plentiful buffet western Chinese foods.The pool also nice - luxurious nice.Front desk staff fluent English, seems bit understaffed key times (they always rush).We would recommend future.",0.2666477272727273,0.40809659090909095,Jul 5 2006
82,82,"pleasant stay New Harbour I stayed New Harbour May 29th June 4th.The well located-within easy access Bund, YuYuan Gardens, French Concession old Chinese area. The room air-conditioning spacious -double bed, sofa, easy chair, large desk,fridge,microwave ,some dishes (minus utensils) water cooler. It clean bright overlooked small park . A buffet breakfast provided good start day; offerred variety dishes (fresh fruits, cereals, breads, eggs, tea/coffee/milk/juice plus hot dishes etc.) Those front desk pleasant enough pretty good command English.They provide free useful map city ask.Getting around city metro possible practical. There many subway stations meant fair walk (at least 20 minutes) get them. ( Shanghai population around 18 million subway system 50 stations-they presently extending it- Seoul similar population extensive system 250 stations!) Buses might better way get around people speak English signs English using bus option. (If I return China I would want map bus routes.) Taxis inexpensive.The touristy area around Yu gardens worth visit-lots reasonable souvenirs. Nanjing road also nice surprise.I recommend getting tickets Acrobat show Portman Ritz-Carlton complex.The area modern, huge,modern obviously place wealthy stay. It raining heavily day I looked like drowned rat I picked ticket nevertheless treated well staff I waited enter theater.Also, prepared bargain-it seems expected lot places. I found ordinary Shanghai resident willing try help directions map streets printed Mandarin English useful.",0.19541533937760355,0.45945274850935236,Jun 25 2006
83,83,"Great Apt Hotel Good Prices I really enjoyed Shanghai one reasons New Harbour Serviced Apartments . We got three bedroom apt perfect five people since three rooms. One room queen, another 2 double beds, third room one double. We nice sized living room adjacent dining room. Small kitchen since cooking perfect store fruits drinks. They utensils rent stay. Rooms bright nice view surrounding roof tops &amp; buildings. The rooms 2 bathrooms cleaned day. Hotel provided decent breakfast buffet (bread, eggs, fruit, cereal) three individuals triple room otherwise USD $6 per person. The best breakfast I noodle soup restaurant across hotel. It's one sells pre-made fried fish behide glass window prefer eat home. Hotel nicely situated. It ten minute walk away Nanjing Road close Bund. Only difficult thing know Mandarin explain taxi drivers located, takes get back. The provides business card map taxi drivers know read patient find one does.",0.35882740447957834,0.6378787878787879,May 17 2006
84,84,"Terrific place families If kids, all, want gives everyone place relax recharge, whether common space private areas.I spent almost week five-year-old good everyone bedtime (in single room, first person goes sleep, room goes dim quiet). Some quick notes:* Rooms high plain* Breakfast convenient unspectular* Pool gym nice enough* Location awful 10 minute walk everything* Staff goodSo bottom line: nothing spectular great value suite hotel; highly recommended families. I come back.",0.17588095238095242,0.5121547619047618,Apr 18 2006
85,85,"Not bad The facilities nice clean. If want use kitchette, rent utensils though. Be warned, west, likely used soft beds beds Asia hard particularly Shanghai. Also, Shanghai smokers haven. Although room designated 'non-smoking' well floor, ash trays everywhere room. The buffet okay, large spread means. In terms location, 5 blocks (5 minute walk) pedastrian walk.Personally, I would check Central hotel, money PRIME location.",0.1820436507936508,0.5329365079365079,Apr 11 2006
86,86,"Just little additional information In far New Harbour Serviced Apartment concerned, I basically agree comments reviewer January 11, 2006. Good value, good location, clean apartments hardish beds (which bother first minutes). But service apartment utensils except couple cups glasses. It even provide teaspoon knife fork plates bring want cut fruit make sandwich make cup tea. The front desk speaks english ok. Just want add information New Harbour Serviced Apartments, particular deli street reviewer refers to. I think he/she might mean Yunnan street. Seems lots food, particularly little corner store selling barbecue mutton skewers. Those guys Sinkiang look eurasion skewers yummy cheap (2 yuan per skewer works 20 US cents). There's always little crowd around them. There restaurants around I get chance try hosted. looking nice restaurants also try following:1) Ye Olde Shanghai Station restaurant serving high quality Shanghainese food. Its refurbished old shanghai train station. Not cheap Shanghai standards. A meal 4 mid sized 6 dishes came 550 Yuan.2) I highly recommend Ba Guo Bu Yi, located Ding Xi Road Zhao Hua Road. The food Szechuan restaurant authentic (so warned, food spicy) cheap. A meal 4 adults good sized dishes (3 cold dishes 4 hots dishes bottle traditional chinese yellow wine) came 450 yuan approximately US$55. But even better good value delicious food restaurant puts show, artform traditional Sze chuan province performer able change masks rapidly. The show lasts 10 minute worth seeing. The phone number 13524605236 (ask speak Ms Yang).3) Also, go see Shanghai acrobatics show children. The show good reception give written directions.Taxis relatively cheap drivers pretty honest. All use meter. Teh restaurants recommended Shanghai traffic good, cost 25 - 30 Yuan get New Harbour Serviced Apartments.",0.2304671717171717,0.5447458964646464,Apr 5 2006
87,87,"Great value location I booked meant mother I could stay apartment separate bedrooms pay far less would done two rooms. It also meant could spend evenings comfort watching TV (satellite) together living room area. I sometimes wonder people expect money. This provides good sized accommodation great location price anyone would consider snip. While glamorous fashion 5 star hotel, still provides level convenience comfort rooms don't. To able make tea coffee, cook make sandwiches time one wishes real pleasure. It feels far like home home room. There also good pool leisure facility self service laundry. The breakfast buffet mixture chinese western food restaurant offers reasonably priced menu throughout day lunch dinner. The staff varying standards english comprehension, get efficient getting taxis time. There small supermarket opposite bakery greengrocer round corner. The really convenient taking taxi across river Pudong far tunnel river. Ask room high views excellent, particularly get one facing People's Square. So, want high priced plush looking room sit bed watch TV fine. Personally I prefer somewhere spread comfortable living area sit, socialise watch TV I want relax. While taxi drivers trouble knowing is, ask card provided regarding taxi reservations, back actually map showing exact location chinese.",0.22019047619047624,0.41828571428571426,Mar 28 2006
88,88,great price/performance ratio,0.8,0.75,Mar 10 2006
89,89,good value,0.7,0.6000000000000001,Jan 11 2006
90,90,Good choice,0.7,0.6000000000000001,Dec 27 2005
91,91,Review New Harbour - great place stay,0.4681818181818182,0.6022727272727273,Nov 13 2005
92,92,Apartments great Shanghai,0.8,0.75,Nov 7 2005
93,93,Value Money.,0.0,0.0,Sep 20 2005
94,94,Great value money,0.8,0.75,Sep 11 2005
95,95,Fabulous apartments families right city!,0.37857142857142856,0.7678571428571428,Jul 11 2005
96,96,Great Place close everything,0.8,0.75,Mar 27 2005
97,97,Good far far good,0.39999999999999997,0.8,Oct 29 2004
98,98,??????,0.0,0.0,Oct 31 2009
99,99,Excelente ubicaciÃ³n servicio,0.0,0.0,Sep 7 2009
100,100,Excellent rapport qualitÃ©/prix - trÃ©s bon emplacement,1.0,1.0,Aug 27 2009
101,101,La suite 3 ch plus que parfaite pour une famille ; proximitÃ© de tout ce qui est intÃ©ressant,0.0,0.0,Aug 27 2009
102,102,Parfait pour des grandes familles,0.0,0.0,Jul 14 2009
103,103,??????,0.0,0.0,Jan 16 2009
104,104,Lo recomiendo !!,0.0,0.0,Oct 27 2008
105,105,Komfortable und ruhige Bleibe,0.0,0.0,Feb 2 2008
