,Unnamed: 0,Reviews,polarity,subject,Dates_extracted
0,0,"Great place stay - comfortable rooms tasty food great service! Some best parts hotel: fitness center spa well-kept, individual televisions elliptical machines, even yoga judo classes offered. The pool, according one colleagues, clean over-chlorinated.The breakfast buffet wonderful: go Asian, go American, go British, go Japanese... there's everything. Dim sum, omlettes, pancakes, French toast, melon, mangoes, corned beef hash, smoked salmon, salad, banana bread, croissants, cereals, juices.... list goes on. One warning - smoking section, still plenty smokers world need catered to. The smoke DOES waft occassionally non-smoking section, hey, nothing's perfect.The rooms clean, luxurious bedding (I wanted take home pillows!), nice decor, flat screen TVs, transitional/modern fixtures, free wifi... I gave four stars room one time, I came back room, gentleman cleaning room obviously sick - sniffling coughing place. Not wanting get sick stay, I understandably dismayed germs spreading cleaning faucets, counters, etc. I wanted someone reclean room left!Since cabs inexpensive (literally, $3-5 places!), location fine. Be careful room is, though; since well-travelled fork sorts, traffic horns morning wake (if want sleep in.)The park, along convention hall/center several villas. I went jog throughout, though short, wonderful much greenery hand middle industrial bustling city.I suggest anyone travelling hotel, Shanghai general, take little pocket Engligh-Chinese dictionary, maybe even take Chinese CDs library travelling. English spoken widely, past &quot;hello!&quot; &quot;thank you!&quot;, lot staff, like approximately 75%, know I meant I asked pharmacy, drug store, place buy medicine. But charades goes long way!The concierge desk come go; head concierge extremely knowledgeable, others iffy. Make sure write card intend go Chinese, show card taxi driver.Bon voyage!",0.15101284958427813,0.46397770219198786,Nov 18 2009
1,1,"Hotel Agreable In nace garden place, nice kind stay. Do hesitate go ...My critc might hard, suppose high class ...",0.31208333333333327,0.7454166666666666,Aug 22 2009
2,2,Superb setting We enjoyed four-night stay 2008. The park surrounding ideal before-breakfast after-dinner stroll. The excellent - try Chinese restaurant.,0.6799999999999999,0.74,Jul 15 2009
3,3,"Great shame location Spent two nights business trip. If location, would absolutely nothing complain about. The rooms clean, pretty big offer everything need. Bathrooms also clean, large there's good selection different toiletries. And there's free internet rooms, tea making facilities&lt; complimentery mineral water, well-stocked mini-bar, etc. - everything expect.The breakfast buffet offers lot options, asian western fare. And try dinner buffet - many options, like sea food love it. I also oredered food room service hit-and-miss - great soup, dissapointing noodles - prices pretty modarate class hotel.The receprion staff helpful, wrote places I needed go chinese, I problems taxi drivers.The downside location - yeah, park setting great, want sightseeing main attractions pretty far take taxi.",0.2410640799529688,0.5259553203997649,May 28 2009
4,4,"mediocre The location great walking residential former French Concession, green park surrounding nice... international rates get limited Chinese service... poor English operators front desk people... mediocre expensive Western food room service, tired room decor. Free internet VERY slow, kept cutting out. Everything beige.",-0.10738095238095238,0.4697619047619048,Feb 19 2009
5,5,"Very nice French Concessions This nice hotel, located French Concession, favorite part Shanghai. We stayed many times particularly recommend club floor, dinner drinks snacks really good.It quite situated small park, ask park veiw secure green scenery window. The low rise quarters surrounding nice restaurants cafees makes ground good walks.It 4 star hotel, little flossy corners, nice clean rooms excellent breakfast buffet. So respect price, top level experience.",0.3397807017543859,0.575438596491228,Feb 3 2009
6,6,"Good best location This newer comfortable rooms. I breakfast dining areas, included room rate also good. This sits I think government compound grounds large well maintained. It relaxing walk grounds days work. There restaurants close short taxi ride gets Heng Shan Lu lot western restaurants bars. My favorite Omally's say best burger Shanghai. For good choice hotel, many choose many different prices high reasonable.",0.4207226890756303,0.5594453781512605,Dec 6 2008
7,7,"All 4 star experience could improve... The great rooms nice quiet setting. The restaurants lacking however executive lounge smoke fest night. The best workout room I experienced Shanghai yes I stayed Shangri-La :). It close Xintiandi 20 minutes Bund. I stay again, make sure note restaurants area. Simply Thai one good lunch option I found New Heights bund.",0.5036363636363637,0.6583910533910534,Sep 19 2008
8,8,"A Good Hotel We stayed Radisson Xing Guo late August . Our family five includes children aged 15, 13 9. My sister law also us. We found location quite acceptable. The walk us subway took 15 minutes. And subway line 2 took us quickly tourist attractions. The nice pool. Food fine. We purchased air tickets business office rate seemed match offered ctrip I doubt paid much fee. In fact left envelope cash room air tickets ended costing less agreed upon price.Our reservations include free breakfast last day. But waived charge even though argued paying.Our minor complaint concierge aware Museum Science Technology closed (Monday) day asked going there. This may unfair primarily responsibility check out.All all, nice stay.",0.12315789473684209,0.47596491228070176,Sep 6 2008
9,9,"Nice Room Pleasant Stay We stayed Radisson Shanghai Xing Guo Hotel part group tour package included visits Beijing, Xian, Shanghai Hong Kong. The Radisson pleasant near area Shanghai known French Concession (or French Quarter). The modern nicely appointed, bit far subway stop center tourist action Shanghai. Since part group tour, distance problem since free time taxi central city area anyway. Had free time evenings, would catch taxi since subway stations 30 minute walk away (nearest stations: Line 2 Jiangsu Lu Line 1 Heng Shan Lu). The shops restaurants French Concession might evening diversion could considered, tour itinerary allow much exploration therefore attempt walk hotel. The set cluster old colonial style villas park, keeping area's French colonial history. It would nice walk grounds, time permit. Staff professional willing help. Our room nicely appointed comfortable 2 persons. It probably every amenity I would wanted lot work went details fit room guests. Our bathroom ample nicely appointed well ton marble mirrors make one feel like one new Shanghai millionaires. Our package included daily buffet breakfast excellent. As hotels China, offerings included wide selection western asian breakfast dishes sunny beautifully appointed dining room. The Radisson offered large indoor swimming pool, huge work area, even 6 lane bowling alley. This good business travellers mind taking taxis families would stay put property enjoy onsite amenities offered. If I return Shanghai own, I would likely book closer People's Square, Bund, possibly near subway stop order access restaurants, shopping night life Shanghai famous for. The Radisson would bit way access things via subway.",0.3118857565199028,0.5507264280435011,Aug 9 2008
10,10,"A tad far nice rooms The bit far city centre main cluster big name hotels. Most taxi drivers know remember address preferably road junction Mandarin. The main entrance located inside park/grass area, direct taxi driver around bends find lobby.The rooms reasonable size comfortable king size bed. The room bathroom clean (I'm quite picky cleanliness!). They gave usual cable channels TV free bottles water room replenished day.The breakfast standard breakfast, good selection food, tasty. At least chef standing cook eggs how/when want them. The staffs particularly helpful, answer questions/help make reservation restaurant ask. But expect help plan day depth knowledge city.If I went back Shanghai again, probably stay bit way hassle take taxi every time want go out. The taxis cheap (meter starts RMB 11 takes forever meter jump compared Asian city taxis), sometimes heavy traffic jams cars DON'T move!! But nice located French Concession area tranquil quite lovely area Shanghai.",0.16373456790123456,0.4842592592592593,May 23 2008
11,11,"Great Hotel! Would go back again!!! We visited Shanghai business I given responsibility planning whole trip. Considering I well travelled knowing going China two whole weeks, I knew comfort security important. To honest, I made reservations Radisson Plaza Xing Guo based price. I knew little downtown since China business pleasure, real importance us. Hotels downtown near Bund along banks Huangpu tend $250 - $350 USD range I thought ridiculous!!! We short 10-15 minute car ride away downtown core. The overall lovely. An impressive foyer, attentive staff etc. We arrived day Typhoon Wipha hit Shanghai original room reservation impacted since person room night chose stay extra nights wait storm. Lucky us - upgraded suites really breathtaking! HUGE room, HUGE bathroom, HUGE bed! The bathroom room really spectacular. Marble, gold, granite, tub, shower etc etc. The room clean, bright, relaxing etc. Bottled water complimentary room. We ate breakfast really quite lovely. The restaurant staff also attentive quick remove dishes done them. Our driver translator quick inform us picked interesting since apt foreign diplomats government officials foreign business people hotel. From saw grounds, really lovely. If typhoon weather 3 days there, would walked around grounds explored gorgeously manicured gardens well. Only minor complaint arrived check took little prodding get us upgrade. After airplane 16 hours sitting Shanghai traffic another hour plus, energy battle front desk staff. Lucky us, translator hired saved day pushed get us rooms brief rest dinner. All all, best bang buck near downtown Shanghai.",0.2861011904761904,0.598469387755102,Nov 11 2007
12,12,"Nice location This nice quiet location Shanghai rather attractive part town. The grounds expansive dotted buildings dont really qualify 'garden'. The rooms neat adequately equipped. The level service depends upon member staff draw. I service really excellent especially Li Palace resturant, indifferent - particularly front desk. Be warned staff speak english quite trying.The food Li Palace fabulous staff helpful. The buffet breakfast provides huge variety satisfying meal though food offer made well.",0.3714285714285715,0.6714285714285715,Oct 30 2007
13,13,"nice Very nice hotel, confortable, nice pool area.We reserved internet PREPAID room. But arrived 10:30 pm room available. So put us suite first night change rooms rest stay !!Internet 20 dollars per hour !!The noisy (street noise) center staff good pleasant, rooms confortable pool great. So good stay.",0.4895142227564102,0.6176923076923077,Aug 6 2007
14,14,"Business stay Stayed business meeting. Rooms nice - stayed &quot;Jr. Suite&quot; Plaza Club use ( executive club, pretty plain service good. The standard guest room, nice, small, clean. Jr. Suite room equal Shang. I would stay again. The service crew business meeting excellent. Food excellent well.",0.3683982683982684,0.6642857142857144,Apr 19 2007
15,15,"Great Shanghai We stayed property 3 nights July 2006 3 5 year old daughters. The bathroom large clean huge tub. We two beds comfortable. The TV got many foreign channels. Here couple points:1) great pool gym. I got massage ok, great. The floor near pool slippery, careful. The pool clean great spend time at. There also deck exerce room. 2) location. It 100 degress plus Shanghai, explore surrounding area much foot. We go shopping centers either, stores area willing take cab.3) staff: The level English pretty good.4) food: good. breakfast buffet great always get diet coke ice :) We ate 3 nights dinner food excellent picky. Not pricy either.We really liked highly recommend it.",0.3775044091710758,0.6427248677248677,Jul 28 2006
16,16,"A Lovely Boutique Hotel I extensive research picked Radisson Plaza Shanghai 15-acre garden may serve playground young kids. As matter fact, garden provides great view rooms front, also filters noises inherent populated city. The service friendly, yet could energetic. The breakfast great combination Western Chinese food, providing kids jump start daily. I wish rooms could spacious bathrooms.",0.29791666666666666,0.45694444444444443,Jun 27 2006
17,17,"The Best Hotel I stayed many luxury properties, best. Prepare pampered 5 start luxury. Location also conveniant.",0.675,0.35000000000000003,Jun 11 2006
18,18,"LOVED IT! We stayed three nights april. We happy chose hotel. In begining tried go Westin internet offer tought location better could problems credit car. This excellent and, contrary thought, location problem anyway take taxi everywhere Shanghai cheap. There excellent restaurants around. Hotel staff excellent always treated us great give us good advice. We made reservation Raddisson web site breakfast included. Breakfast good. The nice, seem crowded.",0.8268181818181817,0.8654545454545454,Apr 18 2006
19,19,"A treat! Travelling single mom children always easy. At exclusive hotels, treated respect. Unfortunately. Radisson Plaza Xing Guo exception. The location might best, although good restaurants great shopping close by. But everything else almost perfect. Food fantastic, especially Sunday Champagne Brunch. Breakfast buffet good. Staff helpful service-minded. Pool gym highest standards rooms spacious comfortable. But best all: one rather hotels high standard treat people equally! And make feel genuinely welcome, even happen single mom!",0.38821995464852616,0.5739002267573696,Jul 14 2005
20,20,"What nice surprise! We returned 14 day China tour best Radisson Plaza Shanghai! The located beautiful Frenchtown section Shanghai. Although need take cab restaurants shopping districts, cost minimal. The room spacious comfortable. The staff extremely helpful buffet breakfast best many choices Asian Western style.We thoroughly enjoyed stay would definitely return property!!",0.415,0.5692307692307692,May 22 2005
21,21,"Best kept secret Shanghai This great, cool, quiet, gardenesque setting urban Shanghai. The in, border of, French Concession. It's Ritz Carlton Four Seasons, much better Hilton Regal... plan Puxi Pudong, much better located Grand Hyatt Shangri-la. I stay time, I Shanghai quite bit, corp rate hotel. Do put fact Radisson! I usually prefer Four Seasons, Ritz, Mandarin Oriental class hotels, since I spend much time Shanghai, can't dropping $300 night 15 nights month. This place really hidden gem Shanghai quite good value.",0.2830952380952381,0.45083333333333336,Apr 2 2005
22,22,???????????????????????????,0.0,0.0,May 24 2009
