,Unnamed: 0,Reviews,polarity,subject,Dates_extracted
0,0,Best Service ever!!! Incredible Staff Very helpful staff!! made stay unforegettable experience.... Well Done!,0.7635416666666667,0.5,Sep 27 2009
1,1,"Nice enjoyable business This bargin! Its quite new. Wonderful bed. Nicely decorated room, decent shower.",0.5213383838383838,0.7868686868686869,Aug 27 2009
2,2,Best thing - Location. Worst thing - Location I stayed business trip. Rooms comfortable modern nice LCD TV free wired Internet. Like bathtub amenities. The new all. The complaint room air conditioning blows right face I ended switching air conditioning hot summer nights. The best part many reviewers mentioned convenient location downtown near shopping restaurants subway. The worst part also location. It busy intersection shanghai drivers lover horns. So woken 6AM whether like not. Also huge construction site across street traffic wake bulldozers cranes will. Another side elevators south end frequently used staff housekeeping expect long wait. North end elevators fine.,0.16110423967566825,0.5775785061499348,Jul 14 2009
3,3,"Exceeded expectations The across street Four Seasons two blocks away Nanjing Lu. Starbucks downstairs 24/h convenient stores, ATM bakery block away. Walking distant restaurants, DVD stores Dagu Road club, SIN, across street. The lobby new modern, staff slightly weird (one stop staring me). The room comtemporary feel nice clean. internet free, wired. The room service menu 11:30pm sad 7 choices. But RMB 630 nett/night weekends, real bargin (Four seasons across street charge RMB 1700/night +taxes). If crave cheaper option stil, check Hanting Express Shimen Road around RMB300/night)",0.06474747474747475,0.6193434343434343,Jun 28 2009
4,4,"A new concept suites heart Shanghai... So many hotels Shanghai many competitors too...Shanghai everything propose spoiled travellers me...Was impressed especially location, cannot find better... located opposite Four Seasons Hotel steps famous People Square.Rooms, well need say suites impeccable, well designed nice furniture, color shades excellent amenities, really appreciated bedding, lighting large list TV channels. The complimentary internet access Wi Fi thru plus.Staff services fine especially security doormen assist anytime taxi many things need hotel.Good job easy different Shanghai...",0.3428880643166357,0.6079262007833437,May 7 2009
5,5,"Not bad price location I stayed eight days visit friends meet business contacts. I set expectations low based limited reviews online. The room rates reasonable time internet connection included (wired. wifi rooms). The location across street Four Seasons. It's 5 minutes walk Nanjing Lu subway station. Central enough walk attractions around Shanghai. Itâs one main reasons I selected versus others similar quality.Overall, lobby facilities 'ok'. Nothing grand. The details layout seemed bit off. Once I got room however, I impressed. The room I received looks 1 2 unique room layouts (see photos). The windows span length room nice. Bathroom details modern, nice clean. Towels big, soft comfortable. The bed great. Sheets pillows comfortable. Lounge chair work desk well placed, modern convenient. The windows operable bedroom bath allows fresh air (Shanghai Fresh) circulate. Since I previously lived Shanghai, I never requested room service required much assistance. Overall, service good. I could tell people still trained trying maintain high standards. It perfect (staff door always personable outwardly friendly) front desk individual encounters staff good. Even cleaning lady elevator greeted us (ni hao) unexpectedly reveals training welcome greet guests. I'd give special credit bell boy (Mr. Smith) getting room order finding umbrellas downpour. The room well cleaned daily. They never knocked âdo disturbâ light on. The gym adequate. I used one three treadmills stay. The outdoor tennis court nice. I looked basement pool got lost trying locate it. Based quality room, I'd recommend friends looking decent though I caution construction across street.Notes Caution: (1)There construction currently progress front hotel. It looks like getting started. Expect noise. It tolerable I though continue past 10pm. The Four Seasons guest also put thing they're probably paying least 2x more. (2) There whiskey lounge bar next door (same building separate entrance). Although itâs ground floor, hear singing music 20th floor. (3) rooms seem allow smoking. There odor room though may change seeps carpet curtains. (4) The signage &quot;Howard Johnsons&quot; tiny. Coming airport, might know arrived right location since even taxi drivers getting familiar name.",0.2565388007054674,0.5186419753086419,Apr 30 2009
6,6,"Practical business reasonably convenient limited amenities Convenience - even offer basic service currency exchange, staff said `just opened' December service ready yet, though already three months. Location - none cab drivers recognized name hotel. Better tell opposite Four Seasons Hotel. Don't expect much see around area shopping/sightseeing. Restaurant - getting lunch/dinner problem. one restaurant (cafe) entire hotel, serves buffet breakfast. Dinner impressive - average Western Asian dishes three-page menu. Disappointing price charged four-to-five-star hotel. Starbucks right next door.Hotel staff said cheap food stalls selling local snacks within 5-10 mins walk. Haven't seen though.Service - Marco concierge exceptionally helpful. Offered help family buy meal local restaurants nearby. Brought back scrumptious food within 10 mins. On another instance, I trying check boutique I saw Beijing staff asked look around local department stores without offering help. Deluxe rooms spacious all, looking new residential building. But clean, nice bathroom compensated part that.Huge plus guests required insert room key elevator access floors ensure security. If looking safe, comfortable place stay dont require much amenities, go one.Taxi airport costs RMB 150.",0.14951462678735408,0.47221566312475405,Mar 26 2009
7,7,Buon un pÃ² fuori mano,0.0,0.0,Sep 25 2009
