,Unnamed: 0,Reviews,polarity,subject,Dates_extracted
0,0,"Good place overnight airport stay I stayed single night, arriving long flight Newark, traveling Nanjing, China. The Ramada easy get to, convenient free shuttle service airport. The room large clean, nice enclosed balcony area. I reasonably priced Chinese dinner one restaurants, Brasserie, good night's rest almost airplane noise.My journey next morning Nanjing quite interesting, I took Maglev train city, two subway rides Main Rail station, I able catch one EIGHTY bullet trains run Shanghai Nanjing EACH DAY. Crowding subway quite excessive, even Saturday morning. Pollution bad Shanghai, terrible Nanjing. People everywhere quite friendly...not trace anti-American feeling.I would gladly stay Ramada Pudong Hotel future trip.",0.21297619047619049,0.5713095238095238,Nov 2 2009
1,1,"good Good standard, good western options beer foodas hotels china, restaurant service hopeless.. get used it. best bunch....",0.5166666666666666,0.35000000000000003,Oct 18 2009
2,2,Okay one night flying The Ramada Pudong airport average airport fine nights stay flying out. Rooms ok everything need bathrooms werea little cramped. All services fine would use flying Shanghai Pudong. Free shuttle bus airport,0.27083333333333337,0.5285714285714286,Jun 15 2009
3,3,"Good Hotel I stayed property two weeks bit concerned I read prior reviews fellow trip advisors. The booked work I really choice. The room I stayed clean room service good. I worked long hours stay house keeping would always leave small snickers bar bed I return night. I thought quite nice.The staff check efficient I say concierge average. I called late night organise wake call next morning I meetings attend to. I never got wake call. When I questioned brushed one seemed want take responsibility. My room package also came complimentary buffet breakfast every morning. The breakfast crap. Everyday food quality average. The location airport good want stay overnight. But centralised. But always catch shuttle bus airport connect Maglev Long Yang station transfer metroline want go Puxi.Finally, one thing I like offered free wireless lobby. When I stayed Ramada Doha provided free wireless rooms. I thought Ramada brand hotels service.Overall great overnight Shanghai catch plane next morning. I would recommend business Puxi Pudong. They far better located hotels Pudong Puxi city centre.",0.11113095238095239,0.48196428571428573,Apr 1 2009
4,4,Pathetic service We never life experienced bad service. Rude completely unwilling help!!!,-0.1674479166666666,0.6777777777777777,Sep 15 2008
5,5,"Convenient airport I stayed Putong Ramada last week I arrived Shanghai late night. The literally next aiport, convenient flew late stopover. Even though right airport, I barely heard plane noise.The rooms adequate one night stay. I late night snack restaurant. It included fresh fruit bowl wonton soup. The wonton soup ok, shrimp soup taste fresh, I eat them.I would recommend need somewhere sleep one night near airport.",0.08992673992673993,0.38736263736263743,Sep 1 2008
6,6,"convenient stopover The next Shanghai airport. There shuttle bus terminal exit journey take less 5 minutes. Check fast, staff helpful, English OK. Room toilet clean. Even though next airport quiet. Shanghai 1 hour taxi bus, best take 400 plus km/hr Maglev train. It reach Shanghai minutes. The shuttle talk back airport, short walk Maglev station.",0.18205128205128204,0.25384615384615383,Jul 17 2008
7,7,"Old tired noisy Stayed one night flying PVG next day. On arrival staff stood 5 minutes looking us luggage interpreter shouted get porter - first time happened China far.Rooms old fashioned old TV small bathroom separate shower. Considering new airport looks, looks like good 20 years airport built.Internet available 2 RMB per minute max charge per 24 hours 100 RMB.Don't believe website says rooms soundproofed, I heard every takeoff landing overnight.I'm sure airport hotels worse, China, all, Ramada group ashamed themselves.",0.08548951048951049,0.41167443667443665,May 27 2008
8,8,"sleep street rather Okay nobody best 2 that's deal night desk. We arrived Pudong Sanya ten hours outward flight. The woman desk Ramada possibly rudest person I've ever come across 'service' industry - taxi driver airport. We'd China three weeks already loved - anywhere, great bits crap - avoid Ramada help it. And must stay there, open wine -it's awful, corked they'll try make pay. And go plumbing school stay there. Cisterns disaster. Horrible end great trip.",0.08333333333333336,0.6270833333333333,Apr 21 2008
9,9,"Convenient stop-over Shanghai Ramada Pudong Airport Hotel (executive room)-efficient executive check-in 7th floor breakfast served 6am. Hotel 5 minute shuttle bus ride airport terminal. Hotel shuttle parked bay #9 #10 30 minute frequency. The bay clearly marked located airport terminal car park. Room clean small bathroom relative suite. Room amenities include microwave, small refrigerator LAN internet access. 40 minute taxi ride Xin Tian Di 140 150Y. Be aware taxi fares increases 10:30pm.This trip part Tibet/Nepal trip. The Tibet itinerary booked Access Tibet Tour agency (highly recommended). Communications ATT (Brian Yang) timely trip went according itinerary.",0.032380952380952385,0.41285714285714287,Mar 8 2008
10,10,"Great stop-over Stayed whilst stopping-over Shanghai found free airport pick-up / drop-off quick convenient.The well presented good service facilities. The Brasserie restaurants buffet menus provided wide range dishes, unlimited supplies. Whilst Chinese restaurant provided authentic dishes reasonable price.Our standard double room clean, tidy comfortable, good shower blasting jet-lag.Using free airport shuttle bus combination Maglev train provided convenient means getting city centre. After exploring Shanghai's hectic streets, nice head back relative tranquility airport.Overall - good Shanghai stop-overs.",0.3473684210526316,0.5105263157894736,Jan 4 2008
11,11,"Beware things Airport hotels flexible check times due different arrival times guests. I heard property really bad emailed night say I would 0800. I got 0800 room available. They told I would wait almost 2 hours get room. NO WAY! I tired needed sleep badly funny. I spoke Duty Manager sent cafe room cleaned. Over hour later I room. Bad start! The room ok actually - weird balcony enclosed. Then again, probably sensible toxic air around here. The rooms quite comfortable well cleaned. Housekeepers best job entire property. The telephone staff leave lot desired. Room service guy takes ever deal room service menu quite limited. I fan food despite adventurous eater. Regardless, prices good I guess. I business would never choose come back.",0.004931972789115671,0.5058503401360545,Oct 23 2007
12,12,Very good Very pleasant stay hotel. Excellent airport - 5 minutes shuttle bus also takes Maglev station (in airport) takes 8 minutes get new exhibition area. Food restaurant good although breakfast buffet could bit hotter. Overall good experience would stay again.,0.4888552188552188,0.7149494949494949,Mar 17 2007
13,13,"Dated tired building works We stayed overnight flight back uk. From reviews expecting nice relaxing room. However arrived noticed building works. Half refurbished, mention booked website. We went check in. I requested double room ,now beware double room China means twin room. So thats got. I went complain said upgraded us deluxe room half building twin rooms available. Well room nice all, dread think standard room like. It dated, clean beds hard nails. Needless say sleep wink. It looks like updating rooms, would recommend stay completed.Unfortunately 2 mins airport bearable staying overnight stay.",0.029390463337831754,0.5632816014394962,Sep 18 2006
14,14,"Ideal stop hotel. Ideal stop connecting flights next day. It right decision stay get rested long overseas flight rather making conncection Hongqiao airport almost hour away evening . The shuttle bus pick location across Exit 9 / 10 name clearly marked concrete piller eye level. It smaller size (Perhaps 16 passangers) bus runs every 30 minutes starts early morning. The bus also clearly marked name. Be careful loading bus loading traffic side lane also observed airport maintenance vehicles traveling opposite direction. When arrived arrival level , larger bus waiting location told waiting airline crews. The driver big bus kindly helpful directed us proper waiting area. Hotel check-in , bell restaurant services great English spoken throughout hotel. The lobby grand considering stop-over hotel. Rooms relatively small contemporary, clean efficient price paying, good value. One TV channels provided up-to date flight departure information comes handy reson people staying hotel. We ate hotel's Chinese restaurant balcony level food delicious, especailly Chinese style steak. There complimentry breakfast buffet provided Western food restaurant main level expect buffet could run $20 per person. For room rate $100 per night 2 real bargain quality food reasonable. The airport undergoing major expansion may consider annex terminals similar Vanocuver, Orlando Hong Kong without use shuttles, Until Ramada Pudong ideal choice long filght. It upscale Ramada.",0.2312687969924812,0.4652819548872179,May 29 2006
15,15,"Best choice PuDong Airport The Ramada situated Pudong airport good choice late arrival early morning departure. There shuttle bus runs airport every 30 minutes. This departs airport opposite Exit No. 9 10. Be aware get taxi drivers understand English. Taxi bus takes 5 minutes two sites.Check straight forward. The staff reasonably friendly speak good English. Rooms clean comfortable, bit small. Biggest problem rooms noise, get room facing airport noise planes also road. This fine early flight arrived late expect lie in....Food okay, Chinese restaurant varied menu staff generally attentive. Check basement bar, drinks quite expensive often quiet get right crowd scream.",0.21100198412698415,0.4382936507936508,May 29 2005
16,16,"nice stopover Conveniently located airport magnetic levitation train...but far everywhere else. If go town ensure taxi go airport -and add ten minutes onto journey -but takes slip road - get concierge write chinese little map back card. This good stopover make town quick morning levitation train metro, exciting way see shanghai time.The rooms good size -beds slightly hard side, long long flight sleep. Staff friendly attentive without face. Good value near airport stopover, probably better stay town tho' staying one night.",0.23375000000000004,0.5029166666666668,Mar 17 2005
17,17,"comfort I opportunity stay Ramada Pudong Airport Hotel twice past two weeks. It's located immediatly adjacent airport property, 3 minute shuttle bus drive terminal. Based upon experiences previous visits Shanghai, closest acceptable &quot;western style&quot; hotels require least 45 minute drive airport, real treat 18 hour trip US. The executive level floor rooms comfortable spacious. The executive lounge offers free beverages snacks, features two full service restaurants. AT US$95.00/night, including full breakfast bufet, also good value.",0.21133333333333332,0.4796666666666667,Dec 15 2004
18,18,??????????????,0.0,0.0,Oct 19 2009
19,19,???????,0.0,0.0,Sep 24 2009
20,20,??????,0.0,0.0,Jul 30 2009
21,21,Sehr gutes Hotel und klasse Service,0.0,0.0,Oct 25 2007
