,Unnamed: 0,Reviews,polarity,subject,Dates_extracted
0,0,"Found cockroach room - Lousy customer service Had negative experience staying hotel. At first glance, seems good - clean spacious room &amp; bathroom, good choices breakfast. However, I returned room 2nd night, I found big cockroach running around bedroom. I immediately called receptionist told send someone up. I wait 20 minutes call remind I'm still waiting someone come. The staff come expressed disbelief. looking around, finally managed catch cockroach. No apology offered staff receptionist. As happened quite late night I already exhausted, I decided demand change room decided sleep. After stay, survey email sent I voiced feedback. The reply came addressed someone else (A Mr XXX instead name) say usual thing: &quot;We truly apologize inconvenience caused hope come back visit us next time&quot; I definitely NOT recommend anyone stay unless customer service improved. It's really disappointing &amp; unpleasant experience.",-0.05462962962962963,0.4962962962962963,0.4962962962962963
1,1,Great Hotel Lousy Staff... i'm sure anyone encountered thing me... As long u yellow speak mandarin get downgraded service attitude chinese staff there... well... disappointed see double &quot;queen&quot; size beds... super singles... maybe something bathroom... shared room business partner... see brushing bed...,-0.04166666666666667,0.40805555555555556,Oct 29 2009
2,2,"Shanghai oct 2009 Great hotel! Nice location, good service, great room etc. Highly recommend others. Will stay I'll come back!",0.5433333333333333,0.6066666666666667,Oct 18 2009
3,3,"Its luxurious good quality Hotel This first stay Shanghai sure last! I sure stay, looking Hotel Puxi I looking explore city also night. I got great deal Swissotel. From Pudong International I took Maglev train later taxi- make sure got directions mandarin. If light baggage might able transfer Maglev subway- directly Jing An Temple. As Hotel next subway station location quiet good. There restaurants mall well Jing An temple around corner. I arrived early Europe, room ready me, I took laps pool refresh. Even afterwards kept waiting women front office recognized I still around checked within seconds. I got standard room facing mall- nice view. room fairly large bathroom comes bathtub separate shower. Internet included room rate worked fine. I breakfast twice restaurant alright, nothing special. I guess everybody find something thrill get early. Breakfast room service par 5 star charged even breakfast included room rate. Never before. The pool wellness area well done, shower restrooms little dirty. If seeking posh luxurious stay somewhere else- relaxed stay Puxi Swissotel would still choice.",0.17965167548500882,0.45092592592592595,Oct 17 2009
4,4,"A good choice Shanghai! Just came back trip Shanghai stayed Swissotel Grand six nights there. The location great, near subway malls eating places close by, grab cab easily entrance. It's rather touristy area though, fair amount construction going buildings around, many areas city.Had long, tiring flight appreciated quick check in, staff communicated pretty well English lobby nice modern. Good first impression, made even better free upgrade premier room. The lift area corridor elegant good furnishing, usually tell-tale sigh worth stars. The room good too, particularly large spacious enough, expect luxury hotel, plasma tv, comfortable arm-chair work desk subtle lights everywhere. I like clean, modern style, nothing shabby hotel, I believe fairly new one. The bathroom impressive, although bathtub little small use all. Very nice amenities, room cleaned well everyday. All pleasant stay fabulous rate (less USD 100 night!), would certainly stay I visit city again.",0.3131501623376623,0.5771969696969698,Oct 7 2009
5,5,"Very Nice Hotel-Watch construction I agree pretty much last review, experience location fine. The subway right around corner get Bund 20 minutes.All amenities would expect 5 star hotel, comfortable service good. In opinion beds quite comfortable. One thing I would watch though is, like Shanghai, major construction projects going around hotel. From looks things going quite work goes 24/7. So light sleeper, might problem. But really good deals there.",0.4172985347985349,0.6294139194139194,Oct 5 2009
6,6,"Good business good leisure travelers I opportunity stay Swissotel Grand Shanghai nights mid-September business trip. The location purposes beat (3-5 minute walk Park Place, office building various companies' offices). It's located close several major malls (think luxury stores like Fendi, Tiffany &amp; Co, etc.) good restaurants shopping. The nothing special. It pretty new, rooms, lobbies, restaurants, etc. nice, modern look feel. High speed internet available (for fee, although included company's negotiated room rate) worked without problems stay. Bed comfortable (I 1 king bed), bathroom good size (with separate tub shower), typical amenities (kettle tea, minibar, 2 free bottles bottled water/night, slippers, robe, umbrella, toiletries, hairdryer). TV service room pretty good too. A variety Chinese international channels (including CNN, BBC, National Geographics, Discovery Channel, German stations). Hotel 24 hr room service, I utilize this.Breakfast buffet ok - good international breakfast buffets I've high end Chinese hotels (such Tianlun Beijing). There typical western offerings eggs made order, bacon, yogurt, cereal, baked beans, variety regular sweet breads/rolls. There also Chinese breakfast offerings including steamed buns (roast pork, sweet bean paste buns), dumplings, congee noodle bar (where choose want noodles assortment offerings). Beverages included usual coffee hot tea, well milk, fruit juices (apple, orange, grapefruit, etc) hot cold soy bean milk. Service ok. Not superb, subpar, ok, nothing special. Overall, good stay would definitely stay I back another business trip office. If I vacationing Shanghai, I'd probably choose closer tourist attractions (to illustrate, taxi Yu Yuan Gardens took 20 minutes).",0.1964963203463204,0.47208651348651354,Sep 29 2009
7,7,Excellent value 5 star Very nice suite sitting room. Excellent service. Enjoyed location. The executive floor offered nice refreshments snacks afternoon. Breakfast good too.,0.7933333333333334,0.8833333333333334,Jul 28 2009
8,8,"5 Star Hotel without service! In-room dining menu limited took ages food served. We ordered spaghetti bolognese - definitely worst pasta ever had. Club Sandwich near cafe's standard even. Hotel staff... definitely NOT know smile. paid price enjoy 5 star standard, unfortunately... able deliver any. wrote feedback form... NO service recovery done! NEVER even think staying there!",-0.10564123376623376,0.4334415584415584,Jul 22 2009
9,9,"Great location great room fabulous view! I loved everything hotel, including high tea, breakfast dinners night bad either. My room fabulous view, modern everything worked. I loved small efficient closets. My complaint 5 star must charge internet access lots less expensive hotels offer free. I guess one way make money.",0.20270833333333338,0.6420833333333333,Jul 20 2009
10,10,"smelly rooms gravestone mattress far away typical swiss In words, rooms smell something weird give headache. We changed three rooms already still smell. Poor room arrangement room ideal single occupancy given privacy bathrooms. Poor pressure water hot water. The mattress like gravestone, breakfast buffet average quality guess what?? spa treatments joke. DEFINETELY SWISS experience, probably UGADA like. The location though fantastic.",-0.04716117216117214,0.6376373626373627,Jul 15 2009
11,11,"Excellent business hotel! Excellent 5* business great service.The rooms bit small side little storage room. The bathroom everything need. The bath tub redundant VERY small. Even asian people. CouldÂ´ve used dwarfs though...The workstation room perfect! A desk proper comfortable leather chair. Brett 20 something shy bartender well trained taught couple things cocktails, single malts vodka I didnÂ´t know. Location good. Next door thereÂ´s shopping mall, restaurants direct vecinity, youÂ´re 3km Bund. Xian Tien Di, restaurant bar area visited mixture expats, asian western tourists locals 10-15min taxiride away. Too bad charge (a lot) internet. 30 RMB per hour 120 RMB per day. It complimentary business hotels nowadays.",0.16284863945578232,0.46575963718820856,Jun 11 2009
12,12,"Excellent service clean rooms top rate accommodations I stayed two nights busy weekend. The check-in painless staff putting groggy mindset trans-pacific jet-lag. The service impeccable, spotless. The floors card controlled worry random people wandering halls. The room service professional impeccable. Two issues place:1) The elevators go leisurely place 5 star hotel2) cost wireless 120 RMB/night bloody murder country average person makes 100 RMB/day",0.21060606060606063,0.5636363636363636,May 1 2009
13,13,"Unexpected gem I pleasantly surprised quality value hotel. It well apppointed tastefully decorated. The buffet breakfast included price offered vast array different food, enough keep us full day. The room spotless comfortable staff really helpful. The problem I saw charging 15% service fee bar ans restaurant bills otherwise, experience provided unexpected gem.",0.1725,0.7125,Apr 8 2009
14,14,"Not really worth price ... I stayed many hotels Jing An area Shanghai, one really worth price. The brand new stylish. The rooms virtually storage, easily dozen light switches difficult figure out, privacy bathroom, charge Internet connection (that hardly ultra fast describe website), staff reception arefriendly poorly trained.",0.08983585858585856,0.5441287878787878,Mar 5 2009
15,15,"Nice modern clean Hotel - Central locations Shanghai Stayed 3 days February.It nice amenities. The rooms small side - shower bath area amazing.Great spa, pool sauna fitness area.Great buffet food service - obliging concierge team easy get via taxis.The experience soured ordinary staff check point - however, Manager soon sorted us out.Overall pleasant stay.Close subways shops general store extra supplies food. Chemist Burger King across road.",0.1833333333333333,0.5346153846153846,Feb 25 2009
16,16,"perfect Shanghai experience Swissotel Grand Shanghai beautiful, spacious, new best possible location seeing old new Shanghai. It's considered positive atmosphere Abbot adjacent Jing An Temple chose special ceremony last week's Spring Festival, hugely important. I experienced staff cheerful, helpful, knowledgeable truly step staff 5star hotels china. Remember, China, training staff western hospitality practices new field Swissotel getting right. I enjoyed lounges, fitness spa facilities welcome breaks cacaphony Shanghai; meals healthy, varied, excellent; business comunication/tech support worked flawlessly. The concierge arranged excellent side trips entertainment. I say?",0.4260822510822511,0.6317740901074234,Feb 4 2009
17,17,"Top notch facility need drastic service quality upgrade My husband I stayed Xmas New Year. We fortunate find holiday package deal good enough I said Claude I would less critical service aspect experience.And facility turned great, chic decor furnishing, spacious room abundance amenities. At price paid, absolute steal.The downside whole experience service quality, though much expected new hotels China. A couple areas worth pointing management cue follows: We breakfast included rates, 7 days, grown frustrated amused lack professionalism breakfast staff. Many inexperienced handle crowd, senior ones nonchalant look faces. We watched one man's experience ordering cup coffee four different attendants look coffee pot end. The breakfast experience bad enough think worth start day wrong note.The place I would love spent time retreated given lack courtesy fitness center, particularly young lady evening shift. My husband I levied sense guilt every time used facilities towards later end day. Unless related someone power, I would suggest beefing attitude.During check out, I expected, unless watched item carefully, could easily lose hundred US dollars. All items included package charged la carte. Surprised? No. Intentional? Hard say.All in, enjoyed spending 8 days beautiful new close many attractions Shanghai, especially given price paid. Would revisit published price without service seeing major pick-up? probably not.",0.12414552501761804,0.5216349541930937,Jan 19 2009
18,18,"Excellent Expierence I recently stayed Nov 28-30th (15th floor city facing room, nice view) end trip Asia. Based reviews I delaying booking Shanghai longer I waited cheaper prices got I would reccomend others say end I saved several hundred dollars. I rewarded amazing weekend deal less half hotels I looking (Shangri-La, Regis Royal Meridian, Eton, Weston) (just $300 USD 3 nights including breakfast) sacrifice star class location. I actually process booking Weston found deal. I familiar Swissotel chain, stayed Atlanta, I jumped it. This new I found staff attentive request actually exceeded expectations. Service excellent, exactly I would expect 5 star. I used concierge frequently happy report problems, checking I book reservations Jean Georges completed front desk actually room assigned. My wife happy Chocolate Buffet breakfast buffet good. I say 3 mornings breakfast buffet got worse day. Friday amazing, Saturday good I dissapointed Sunday might saving big guns brunch get taste. The pool nice steam room sauna, nice way relax long haul flight back US. The room ultra modern (which liked others may issue with). The bathroom lovely, marble especially shower hand held rain shower heads. As stated tub small large 6'3&quot; frame nice option, used dry swim suits. I agree prior review glazed glass facing bed room best design disturb someone sleeping get night use restroom, also speaker bathroom volume control hear TV, interesting say least. But minor. TV nice large LCD, HD channels though, I thought funny nice TV HD options may China's fault. The location central walking distance one attraction central many average cab ride $7 get anywhere airport (airport $15 45 min ride). The business cards address &quot;Please take Swissotel corner of...&quot; written back Chinese helpful. On next trip Shanghai I'll looking first instead last combination price, location, service can't beat.",0.24491114149008875,0.4885091516670462,Dec 6 2008
19,19,"This solid 5 star After staying several 5 star hotels recent trip China, husband I agreed 7 month old Swissotel Grand Shanghai outstanding. The location perfect, within walking distance shopping restaurants. The buffet breakfast excellent presentation simply beautiful. What made stay better hotels attention detail staff. One managers U.S.A really understood requests, whereas staff fine hotels politely listened nodded, really understanding questions. This knows meaning customer service.",0.32604166666666673,0.5046875,Oct 22 2008
20,20,"Form Over Function Found great rate breakfast National Holiday Swissotel's website possible book phone number anywhere call reservation ! We got Expedia 4 us spent 4 nights 2 rooms overall pleased.Beautiful contemporary design soothing light earth tones throughout. Function takes back seat Design though: -A nice oval desk fixed sticking angle away built credenza like I thought I would , I walked middle night..... twice. Ouch. -There's one electricity socket desk virtually found. For business hotel? Come on! -Other small drawer night stand, one large drawer bed, built foot bed. Not convenient older. The small drawer bottom closet blocked sliding glass closet doors; unuseable!-With large peek-a-boo glass panel bath bed rooms OPAQUE shade would nice instead translucent &quot;modesty&quot; shade. So use bathroom night illuminating sleeping area room mate!-Multiple light switches redundant. From left left bed could turn on/off disturb feature one room light entry main lights operable right side right bed, switches nice designer recessed night lights. The small halogen reading spot lights great though!-The bathroom well lit two switches onyx illuminated sink barely evident. Nice design idea though! No counterspace....a couple shelves drawer toiletries!--There glass-over-water walkway enter restaurant lobby cover big rivets running middle yellow safety tape, almost certainly people catching soles shoes tripping! How little plants instead !!!!-My two gripes: -Twice I suggest staff breakfast that, least (and I love otherwise) I want hear compete high energy techno music 730 AM breakfast !-Internet $17 day ..... small perk could extend SwissGold members least!Despite this, I REALLY LIKED THE HOTEL !-Though English perfect front desk staff young attentive. They bar style stools sit check out. Conceirge good. Housekeeping efficiently invisible, spotless ,excellent ....with turndown.-Breakfast selection extensive, attractive enjoyable.-Roomy bathroom. Tub smallish shower roomy. They replaced used bathrobe daily ! Good amenities. -Firm comfortable beds foam pillow delicious duvets/ linens changed daily (Is Swissotel chain put little cards saving environment ????)-Good location 1 block main subway line. Walkable French concession, numerous restaurants couple malls.-Nice pool (you need swim cap), gym, classy looking mens spa area: steam room sauna (though one day one seem on), cold plunge pool, not-hot-enough multiperson jacuzzi two nice individual jetted tubs, good showers.My overall experience great I overlook kooky little design (and web site) flaws. With Shangri-La go catty corner several upscale hotels nearby, hopefully competition keep good value money!",0.19879762166224424,0.49244310575635886,Oct 13 2008
21,21,"Very good option Shanghai I stayed Swissotel Grand second time ten nights.As others rightly pointed out, position good introductory price appealing. My experience good: nice, new rooms cool design. The fitness centre newly opened spa pool spotlessy clean functional wit state-of-the-art equipment. The food could better, probably going improve new restaurants open.I actually quite impressed service. I arrived check 08:00am king bedroom available, twin. When I pointed king bed important me, staff converting room king one five minutes!!! Now, service!I definitely go back.",0.3982248505462791,0.5742547928262214,Aug 5 2008
22,22,"Very nice. New hotel, recently opened. Good location, close shopping areas. Room pleasant stay in, package included breakfast free broadband.Overall, pleasant stay.",0.43537878787878787,0.7547348484848485,Jul 31 2008
23,23,"Disappointed... Well, well, well. I tried hotels SH fair compare. However, I somehow regret booking another 5-star I could given price paid. The located little away downtown area SH. But then, SH small make much difference me. In sense, I quite like neighbourhood residential area, certainly less &quot;tourisy&quot;. The mall next seems quite high-end super market located basement mall great. In terms room, okay amazing. It give &quot;WOW&quot; effect (unlike another 5-star I stayed BJ). Actually, upon checking in, I asked would possible us upgrade bigger room (just curiosity...since friend needed prepare exam). The frontdesk lady looked us weirdly asked &quot;do REALLY need upgrade?&quot; Well, I thinking, MY decision I one paying? Why question like that?! The bathroom alright...just like ppl said previous posts I repeat. The tub appealing all...just small even fit one person.We fortunate problem air-con system. My friend complain bed little hard. Oh~ little side story explain ridiculous business centre is. Our mobile got stolen last day toured city. We wanted make call home got back since already checked morning, asked front desk could place call pay it. We directed business centre 2/F told phones business centre cannot place international calls!!!! What kind business centre this???? We RE-directed back frontdesk...who tried redirect us back business centre I made fuss! We eventually shown pay phone somewhere corner hotel!!! Boohoo... again, I agree NO way compatible 5-star rating...I happened visit Shangri-la stay man, SH one can't go wrong...it definitely let despite terrible experience BJ one. In short, I recommend hotel. I probably booked I knew. I bitter since got good deal offered trial package. I suppose I picked new hotel. It impress!",0.025295214045214037,0.46266113516113516,Jun 27 2008
24,24,"Did enjoy stay Shanghai â Swissotel ReviewIt really difficult know begin terribly bad stayed week I think opinions relied upon;Temperature â You control temperature room figure difficult air con controls rest itâs like freezer. The air-conditioning cold need put sweater go drink food buffet bar. Everyone spoke said many people came colds contrast temperature outside great.Business Suite â Apparently staying business suite ridiculously small certainly suite compared standards 5* hotels. It felt small desk space small. In addition internet hardly ever worked.Internet â After two days complaining IT person finally said could increase speed room, goodness knows didnât first place. As attend conference business hardly able get done.Bathroom â The bathroom sliding door big pane glass. This means sharing guest see use toilet door doesnât seal properly hear well! Not pleasant experience described manager response ridiculous, first said modern design. Modern design well good doesnât meet requirements tastes majority guests. Next manager said âBut Chinaâ said live China place see hear people going loo public toilets something youâd expect 5* hotel.Shower â If take shower hotel, despite reading review advice go somewhere else make sure put towel front door seals doors donât work otherwise flood bathroom. One colleagues also said light shower hanging exposed wires, dangerous.Food â The buffet good food nice itâs frozen surrounding air temperature itâs far expensive youâd much better either catching taxi back Pudong eating somewhere view eating somewhere local areas around people friendly. I except itâs new since lived China eaten many new restaurants never encountered incapabilities waiting staff hotel. Itâs usually simple things make waitresses/waitors make difference, staff often took plate away youâd finished meal actually eating never came round offer drinks throughout meal, catch attention difficult.Smell â Having stayed week new (6 weeks) unfortunately test subjects horrendous smell man made chemicals coming paint, varnish glues stick everything together. When returned everything suitcases needed washed smelt chemicals also time suffered terrible headaches must caused new made substances. The headaches disappeared returned home.Changing Rooms â We unlucky enough stay side near large shopping centre decided change air-con system roof 5am morning. Whilst kind construction work 24 hours day expected China normally hotels make arrangements kind work either start reasonable hour fit really well sealed windows. In case didnât, felt like someone hammering piece metal room. Subsequently reception staffs helpful arranged us move rooms side hotel; successful quieter. However informed checked out, night free indeed wasnât bill. We assumed night change rooms night bill. However, subsequently hotels finance department receded offer saying mistake emailed say taken money night told free. They still havenât responded email manager correct basically best example terrible place terms quality service.",0.06128783312327616,0.5120012968747144,Jun 9 2008
25,25,"Good... far away excellent Overall good located near subway (Line 2, Jing' temple station) course embedded nice area: central far away tourist masses Bund.As read reviews issue currently finished (May 2008): pool open, unfortunately whole staff enough trained five star respect closed shops restaurants whole athmosphere sometimes little bit lifeless.Anyway, I've never worked - maybe could &quot;normal&quot; first days new Hotel- life Shanghai?! And course, offered us attractive low rates five star, overall attractive stay!",0.20866477272727277,0.5494949494949496,May 29 2008
26,26,Fantastic Stay We stayed Swissotel Grand Shanghai great. The Hotel Staff great forthcoming. The rooms nice decorated spacious. Location great top Subway station next great shopping mall major brands. Would stay anytime fantastic value money.,0.5035416666666667,0.6749999999999999,May 28 2008
27,27,"Needs lot work This location excellent, unfinished staff need great deal training.Unlike website, NOT YET FINISHED. Large facilities, pool, spa, restaurants yet open several weeks least.However rates good, location excellent - Pudong airport via Maglev metro Jing'an temple took less 1 hour so. It less 5 mins metro entrance.However internet appallingly slow, rooms already falling apart parts staff know little nothing, although eager (perhaps eager) please.If want cheap Shanghai comfortable beds, hot water, short walk metro, take it. However need service, internet works, sink drains, breakfast juice diluted girl can't make pineapple juice know slice ... fine.The opened gym yet even changing rooms. However give voucher Hilton spa gym arrange car take free - although less 10 minutes away - facilities superb.",0.27032312925170066,0.563265306122449,May 20 2008
28,28,"Rather 4star We returned one week stay newly openened Swissotel Grand Shanghai. Overall I recommend hotel, got pretty good rate 5 star hotel. Although, I would expected range.Pros: Convenient location close metro line 2, close French connection, nice modern rooms, lovely bathroom tub shower, nice view, excellent breakfastCons: spa fitness area still construction, use business center NOT free!!!, worst complain service, service service. It looks like want five star hotel, fact deserve 4 stars.Especially breakfast, service good all. You ask three times get juice waffles ordered. Sometimes staff brought table time get get it. Lucky you, ready then. Also upon checkout, discovered easy! The whole checkout procedure took us 35 minutes presented us wrong bill 3000 RNB amount booked!! We presented reservation told us higher rates Monday Thursday. Four people finally worked problem behind reception without able solve it. Finally, manager call ended paying exactly booked. When signed bill then, lady behind reception told us forget 6 RNB charge bill. I know say checkout hassle. This NOT deserve five stars! Before call five star hotel, hire five star staff.",0.14810901988636366,0.6326941287878788,May 18 2008
29,29,??????????????,0.0,0.0,Jul 14 2009
30,30,Gute Anbindung fairer Preis.,0.0,0.0,Jun 28 2009
31,31,Super Hotel guter Lage,0.3333333333333333,0.6666666666666666,Mar 18 2009
32,32,??????,0.0,0.0,Jan 23 2009
33,33,Excellent hÃ´tel,1.0,1.0,Dec 9 2008
34,34,??????????,0.0,0.0,Dec 7 2008
35,35,????????????,0.0,0.0,Oct 25 2008
