,Unnamed: 0,Reviews,polarity,subject,Dates_extracted
0,0,"loved far away traditional heavy style hotels around city.very kind personnel, beautiful stylish spacious &quot;studio&quot; rooms.amazing gym, pool spa service.very close international shopping area domestic airport. come back sure.",0.2772727272727273,0.6308080808080807,Nov 19 2009
1,1,"Style luxury bargain price We booked expedia stayed overnight return flight UK . The opened recently floors yet completed. So currently prices reasonable one stylish luxurious I ever experienced! Reception staff exceptionally courteous helpful-one even escorted us nearby restaurant asked advice. The pool spectacular. The rooms large beatifully-designed open plan sliding door dividers eg window bath. Breakfast included,and individually cooked.Overall wonderful experience",0.38952380952380955,0.6715476190476192,Nov 19 2009
2,2,"Fantastic Oasis Half world away noise, pollution queue-jumpers Shanghai Puli. From moment receptionist said hello I felt able relax - staff really made place, happy acquiesce request. The rooms elegant modern wonder. Wall buttons control blinds window shutters - touch button shutters slide away blinds roll it. And window seat comfortable old rocking chair. Some might say design room, open bathroom, ideal couple fine. Perhaps problem building work going around - leave immediate area step construction work. The masterplan area involves new buildings rising sky around best ask garden view room. But lots great bars restaurants nearby much better area stay Bund. Oh free internet lobby supersonic real boon - also stayed Peninsula charged extortionate amount business centre. Not everyone brings laptop holiday free access great.",0.427922077922078,0.5879148629148631,Nov 18 2009
3,3,"still improve... I've preview new property days opening honnest, ipressed exquisite design, pure, relaxing comfortable. The long bar truly innovative, pool spa like serene place restore mind busy day vibrant city rooms large, well designed perfectly comfy memorable stay. If i've resume, let's say The Puli perfect escape top design architecture expectation, disappointed...However, far i'm concerned, can't limit expectations design two nights stay The Puli, say i'm bit disappointed...First all, property really middle works besides, try look much around arrive right front thhe hard imagone five stars welcome guests mess full dust noise. Anyway, still soft opening period find affordable offers expect nice area now. However, location excellent, central, close best malls Shanghai walking distance nicest restaurants.But unfortunately, messy area main problem... The service trained enough think say China yet ready cause i've wonderful service experince Park Hyaatt i've waited ssame The Puli case. Staff nice professionnal enough hardly solve problems could have, concierge information front desk really good restaurant, inform works cause cold buffet sweet dishes actually, order different dishes two menus, asian one continental one. Both offer good selection portions ridiculous breakfast included package, bit pricey. Moreover,if staff front desk smily, case restaurant think bit unfortunate five stars...Same disappointement room service...i highly recommand go eat chinese snack hungry night. With BF, came back late Hanghzou wanted something eat room. We decided order Puli burger 45 min (which long...), extremly chocked portion. We even think though order 5 years kid that's ridiculous. Moreover, food bit cold sincerely sexiest burger had... And usual The Puli, little bit pricey.We disappointement well pool open 11pm facilities opened well went there, pool dry sauna available. We wanted steam jaccuzi unfortunately facilities maintenance... That's acceptable five stars even still soft opening period. But let's say pool truly amazing...But property good potential rooms fabulous, large overlooking charming park large windows. You'll find state art equipment (flat screen, mobile phone, Ipod station, rain shower, deep bathtub TV, electric blinds...) honnestly, lighting syste bit complicated maybe anticipate go sleep. You'll find free minibar well free expresso machine two nice details proof generosity, welcome fruits good little problem bathroom one bottle shower gel, shampoo conditionner bit generosity would highly appreciated.An thing The Puli improve housekeeping cause first night, came back room 9pm came back room turn servce. I've decided call inform came right away bit embarassing cleanliness perfect finding hair toilets really good thing...Finally maybe worst problem soundproofing said tripadvisor member, floors opened yet allready noisy... But problem, i'm afraid nothing improved regrettable...But let's give bit time property rivalize Park Hyatt Peninsula. For now, lot improvement needed plan stay high potential property, stay average bit disappointed. So, better wait property fully opened see The Puli space world Shanghaiese five stars hotels...",0.14350593850593846,0.5734373265623265,Nov 18 2009
4,4,"great making stunning, stylish yet quite cozy. great ambience. given opened two months, service impressive. four seasons calibre really feel trying make stay comfortable truly appreciate effort. love open space concept room. complaint bed comfortable opinion, sheets frette quality pillows soft enough i'm really spoiled four seasons beds. noise IS problem though. lot construction going book rooms facing park. still lots noise like people talking loudly corridor definitely hear people moving chairs around floor you. quite sure solve this. worry becomes well known higher occupancy rate. get late room service willing deliver certain items room 1 p.m. thoughtful. even room service juice freshly squeezed soft boiled eggs done perfectly. would still highly recommend believe picky.",0.2740092165898618,0.6338812083973374,Nov 14 2009
5,5,"Expensive mediocre completely avoidable I opportunity stay The Puli Shanghai early part November 09Overall, look nice, currently many drawbacks simply justify expense staying thereThe check process smooth positive thing I say stay. Let start room. The room stylish elegant really practical. The bathroom open concept use glass doors block bathroom, room feels crampedThe work desk like regular table chair ergonomic warned plan work desk couple hoursThere 'free' minibar soft drinks couple bottles cheap beerThe sinks bathroom quite stylish impractical. All water splashes aboutThere one restaurant premises meal selection limited. So option brave language barrier go meal taxi. There much area unless walk Portman Ritz Carlton, far cold, aggravating walkIn addition, service restaurant needs huge improvement. On day 1, I arrived restaurant breakfast 6:15am, turned away statement 'we open 6:30'. On day 2, suitably chastised, I arrived 6:45 am. I person restaurant. Despite that, took 15 minutes get omlette cooked wrong. When I sent back, took another 20 minutes return. All all, 35 minutes omlette customer restaurantThe room service menu bit larger variety warned, portions would leave even anorexic hungryAnd yes, final warning. This money changer's license yet. So change money you. The closest place therefore get money post 5pm airport (an hour away). Seriously, front desk statedAll all, pretty rates, I'd rather stay Four Seasons even The Portman Ritz Carlton",0.1132809825833082,0.671672126323289,Nov 13 2009
6,6,"The PuLi - five years making Finally urban resort nestled Jing An Park elevated Yan An highway bustling Shanghai threw open doors public weeks ago. And first impression isâ¦the delayed launch well worth it! What initially designed &quot;Exclusive&quot; property club-like access F&amp;B outlets solely residents altered welcome non-residents well. Some feel still filters walled garden environment surrounding Club floors levels 20 26 suggest part select crowd.Managed Urban Resorts Concepts, The PuLi member prestigious Leading Hotels World. It claims proudly traditional, distinctly modern. Interesting description. The PuLi designed oasis middle city. And felt that. It really hard find (a blessing perhaps) without GPS navigator. (GPS reference: 31Â°13&quot;23&quot;N, 121Â°26&quot;39E Google Maps).The grey slate walls bamboo trees lining perimeter give air wonderful anonymity emanate almost zen-like feel enter property.The lobby epitomizes concept lobby socializing along one wall really l-o-n-g bar multi-purpose design operation. Itâs bar, service counter Reception Desk one. The rest area made comfy lounge chairs, works art floor ceiling library complete diverse mix books.The Reception counter first Iâve encountered uses Mac Books workstations â 5 â black color one equipped Logitech Trackman Wheel mouse. Standing back looking counter enveloped dim lights, illuminated distinctive Apple logo back computerâs lid stood out. The symbol cool, Apple brand, everywhere! I spotted least five MAC users among guests using complimentary Wi-Fi lobby area. The Library also home iMAC. Lucky Iâm MAC fanboy! A Speedtest Wi-Fi resulted 9Mb download speed 10Mb upload speed â impressive.Inside wood floored stone walled guestroom, find plenty keep entertained, hydrated comfortable.Fortunately, unfortunately â property direct sunlight (even typical overcast Shanghai day). And like kind ambience, sit in-window sofa â might well heaven. However, direct sunlight brings heating/cooling issue â find room tad warm like I did, quick flick switch labeled &quot;blinds&quot;, instantly diffuse light, help cool room down. Incidentally, would nice touch Receptionist &quot;Jimmy&quot; escorted room pointed blinds could closed added comfort. I wonder Housekeeping partially close window blinds cleaning empty room help lower cooling costs?As dusk descended, lights Shanghai came alive surrounding buildings passing cars.As becoming commonplace type property, Nespresso Essenza coffee machine along capsules. They color-coded machines&quot; easy follow operating instructions. A selection organic teas included new-found favorite â Chamomile Citrus. What treat! The mini bar free (filled soft drinks, beer juices â refilled day) also carton fresh milk. A small bowl fruit provided (green apple, orange kiwi â sadly banana) along delightful chocolates. This accompanied glass cloche-covered plate delicious Brie cheese, cookies half fresh fig.The small bottle 2004 Cotes Du Rhone takeaway savored another day. The room 8 bottles distilled water (4 pre-chilled fridge) â great thought. However environmentally -friendly combination could one large bottle pour 4 small ones back-up. One pleasing touch would Jimmy took room, offered make coffee.It important note first I stayed phone toilet â power socket. Intriguing. They certainly future-proofed room - 18 empty power sockets choose from!The bathroom/bedroom really one, divider behind bed, sliding glass doors give extra privacy, needed. The big bath sits window, inviting especially TV front side views city. There two Villeroy &amp; Boch pedestal washbasins joystick-like water control, beside one multi-function shaver socket power socket BYO items, plug supplied Vidal Sasoon hairdryer.At side double bed, nightstand, switches control lights, two international power sockets use. Below, unit one more.Close bed Bose Wave radio illuminated clock (handy view night) CD inside labeled &quot;PuLi music&quot; â one 4-minute track (ITunes [perhaps mistakenly] interpreted title as: Ride &amp; Shake - MONSTER GRIP - Liquor Store Slaps) â background music playing ISTV system enter room. Would liked tracks type music. The room compendium rack contains &quot;Take Home Menu&quot; â a.k.a. Room Service.Inside one many cupboards, DVD player, adjacent it, TECHNOLOGY KIT complete four cables â VGA, Ethernet (although there&quot;s free Wi-Fi), RCA cables, male-male 3.5mm audio cable. Enough great majority travelling folks, box good illustrations details use all. Another cupboard houses safe good size contains power socket charge laptop, cell phone camera, also light see important diamond stud earrings. I could find torch.The desk sits beside one windows, view either highway below, 32&quot; Sharp Aquos LCD TV â incidentally mounted pull swing bracket allowing easy viewing almost anywhere room including toilet cubicle providing don&quot;t mind lack privacy leaving door open. There&quot;s good functionality TV weather, World Clock, flight arrivals departures, City info Currency Exchange rates. You also find Hotel info along movies music demand.Opening desk drawer reveals varied selection stationery supplies elegant ballpoint pen. This second Iâve encountered many weeks stocked-up pens consistent image wants project. It came black color pencil made recycled newspapers magazines whose days, I fear, release eBook readers, numbered. More subject another time.Beside desk power sockets receptacles plug gizmos using cables supplied Technology kit. Some may find tad low design issues needed addressed. I still think works. Unlike many rooms days one phone bed (Alcatel), honest, Iâm sure average traveler needs prefer use mobiles. The also provides mobile phone used in-room anywhere Shanghai â never far away room. Calls made unit charged back room account.The wooden floors bother since times I like walk around either socks, bare feet. For may concerned cleanliness, disposable slippers provided. It may good idea staff wore soft-soled shoes stop noise created heels soles resonating stone wooden floors. Old fashioned Chinese slippers could go well interesting Chinese-worker style uniforms.At rear Long Bar The Garden, resort-like aura. Lined bamboo trees, area gives air tranquility. Apart distraction occasional car horn wafting techno music, could almost imagine Balinese garden complete l-o-n-g water pool. Wi-Fi available garden.I went around 6pm sun already set. There bit breeze gave slight chill. But I determined stay outdoors smoke cigar. A pre-dinner Bloody Mary seemed right kick-of evening. And came salted roasted almonds, olives wasabi peas. In rush get there, Iâd forgotten pack cigar torch, make supplied matches tough use wind. Maybe worthwhile invest cigar torch.Dining second floor Jing An restaurant real treat. The room beautifully decorated carried wood theme found property.A highlights meal warm bread rolls accompanied butter pots foil wrapped salted un-salted Beurre EchirÃ© -- real favorite!For starter, I Foie Gras Smoked Chocolate (amazing tasting combination), main course Lamb Noisette Pomegranate sauce. As dessert I chose Artisan Cheese plate jam. These topped cafetiÃ¨re Chamomile Citrus Tea Petits Fours. My comment meal use less parsley garnish â three ordered dishes. Also, quite impressively waiter knew names cheeses, however, openly admitted know which.For like working relax, Spa Fitness area located level 2 probably everything need. There beautifully laid Anantara Spa, Technogym-equipped gym, 25m long swimming pool floor ceiling windows overlooking park entire length pool.Even though partially open scheduled ready December, Iâm told running full occupancy. Itâs wonder I went Breakfast around 0930 room busy.After quickly seated served coffee, I directed help buffet choose juices include fresh watermelon, least 12 types pastries plus breads, yoghurt, fresh dried fruits (such cranberries) cereals.I couldnât help notice fresh granola bars beigels, sampled both. The granola bars soft crumbly, I pleasantly surprised exploding flavors bit them. The taste top part beigel I toasted reminiscent Welsh Rarebit, bottom half crispy chewy - delicious especially coated Beurre Doux unsalted butter preserves (jam, honey marmalade) provided table nice little white pots.For Yoghurt, I mixed various nuts seeds, fruit puree â Yum!Main course Ã la carte, I opted omelette smoked salmon â another particular favorite mine. The presentation great (apart green parsley again) I lightly dusted salt flakes presumably Himalayan found table along Peugeot pepper mill.Choosing seat facing window, I overlooked park could catch glimpses people enjoying Sunday relaxation couple joggers, perhaps getting ready hearty Meat Pie lunch promotion The PuLi.Just checkout, I imbibed delicious tea Long Bar using Wi-Fi. This time, I asked Chrysanthemum giant flowers inside cafetiÃ¨re beautiful backdrop purple flowers table.The PuLi could perhaps described eye candy soul, restful mind body. Job well done guys - finally!Photos: http://www.flickr.com/photos/27621015@N08/sets/72157622532142089/show/",0.20019014550264547,0.5061466600529101,Oct 28 2009
7,7,Excellent Great new Jing An district Shanghai - next parkGreat decor - antique Asian styleFantastic serviceAmazing pool spa areaFabulous food restaurant + great breakfast buffet + good wine selectionLibrary lobby great relaxing,0.5557954545454545,0.5605681818181818,Oct 27 2009
8,8,"5 Star Hotel 5 1/2 Star Service We stayed wonderful Oct 17 Oct 21. Check efficient given city facing room. A host accompanied us room talked facilities within explained everything worked (ie. cappuccino machine, safe, etc). We pleasantly surprised drinks room complimentary. As described web site rooms large well appointed. Top line finishing noted suite (ie. Villeroy Boch sinks toilets). According wife, dual ionizing hair drier worked well. The bed comfortable variety pillows available. The water pressure good water fixtures. The flat screen television mounted swiveling bracket TV could moved face areas room. The writing table well equipped. There plenty closet space store second suit case items may accumulated travels. As construction East side hear little noise evening. We moved West side (Garden facing) last 2 days noise issue resolved. Service staff members excellent. Staff always able full fill requests made smile. The business center free use internet Apple computers even bottled water station. The sanitation rooms property excellent. If breakfast included, order hot meal la carte cold meal buffet. Although people recommended hotels located popular areas I regrets staying Puli. The Puli located short 3-5 minute walk Ji Ann Temple station. Overall, Puli one best service facility.",0.2813550420168068,0.5065826330532213,Oct 21 2009
9,9,"Perfection exist After delayed flight Shanghai terrifying taxi ride airport, combination left us worse wear, arrived The Puli 1am. And promptly felt whole lot better! The bellboy opened door, manager charge greet us concierge waiting bouquet roses reminded wife wedding bouquet. We upgraded and, knew stay part honeymoon trip, chocolate truffles bottle Moet Chandon waiting us. To make long story short - lobby breathtaking, room gorgeous, staff exceptionally well trained, nothing much trouble (we someone helping us choose 5 pillow options, good humor). The swimming pool brilliant; first indoor infinity pool I've ever seen. The manager made point introduce us seemed around much time. The whole place personal feel management staff really put effort make us happy. It difference typical chain experience. The concierge desk quite impressive. All staff really know talking ready recommend anything might need Shanghai. They use cool computer system show exactly things located city. If come enjoy nightlife Shanghai, person know Chris concierge team. He knows need even trouble explaining it. He managed get us members club, apparently place Shanghai, quite good time. I really trying hard find something wrong hotel... The one thing cocktails bar par. But there, see gentleman training staff art cocktail mixing, I doubt improve. We typically favor boutique hotels personal service. The Puli great combination certainly provides individual attention, large amenities might need. I would recommend business pleasure, I definitely want go back.",0.19419158361018823,0.5176744186046512,Oct 12 2009
10,10,"Deluxe Oasis city Just returned week China stayed brand new Puli Hotel &amp; Spa. If need Bund view view Pudong Skyline location Puli Jing An district excellent. The Metro around corner, nice chinese park temple behind excellent shopping/nightlife within easy walking distance (5-10min). Don't worry contruction side opposite (building 2 new Shangri-la hotels) -ask room park view - city construction everywhere (area around Park Hyatt Grand Hyatt desaster Bund closed next months due refurbishment). Back Puli - enter Lobby pathway water chinese Art Lobby immediately feel completely bustling city. Candles, quiet music, water dark wood completely new atmoshere. (Forget JW Marriott Four Seasons, think Aman Hotels) - style next decade. Staff friendly helpful. Rooms great - bathroom bedroom combined easily separated sliding wall, huge rain shower, bathtub city views, LCD TV DVD, BOSE sound system comlimentary minibar Nespresso machine. The SPA also great, especially huge indoor pool (5x25m) daybeds views....you never go another city,",0.26166405433646817,0.5375391849529781,Oct 10 2009
11,11,"Great service incredible staff Although open yet, interaction I've staff nothing pleasant. We reserved room past weekend open time generously compensated us arranging room another nearby hotel, paying breakfasts, offering us free pick-up drop-off services, free minibar, etc. They also sent us hand-written letter apologizing director sales visited us chosen apologize. The level service encountered far leads believe stay pleasant I look forward future.",0.3530555555555556,0.6576388888888889,Aug 5 2009
