,Unnamed: 0,Reviews,polarity,subject,Dates_extracted
0,0,excellent stayed 3 nights. got good room good service. Staffs helpful clean best,0.7144444444444445,0.6483333333333333,0.6483333333333333
1,1,"Great Hotel - Good Service I stayed Shanghai 2 days. I felt comfortable , room clean quiet staffs nice. The food bad , ok .",0.5020833333333334,0.6937500000000001,Nov 16 2009
2,2,"Disappointing stayed asset junior suite 7 days. suite spacious tastefully decorated though carpet bit grubby. perhaps expected much reading overwhelmingly positive reviews tripadvisor, bathroom wasâ¦ uhmâ¦ disappointing. smelled mouldy black mould corners shower around bathtub.okay, truly bargain staff helpful friendly, sorry, poor breakfast cleanliness issue makes average me.",-0.12619949494949492,0.5648989898989899,Nov 12 2009
3,3,"Very helpful staff Good clean hotel, good location, close metro station, reasonably priced restaurants outside hotel, breakfast served basic good, helpful staff, communication English problem staff reception. Would like stay I ever go back Shanghai.",0.27878787878787875,0.3522727272727273,Nov 5 2009
4,4,"Good clean Arrived airport taxi glad I tough place find. Its hidden away courtyard behind large apartment blocks. Taxi Â£5 gave taxi driver directions.This real good check quick easy, staff spoke good English. Close metro station making easy get around city.Breakfast basic good. Ate elsewhere. Hotel booked train tickets Beijing delivered reception us collect minimal charge. Rooms clean relaxing. Building work going noise level wasnt loud I think trying get ready expo 2010.Very hellpful staff recommended yuan yuan restaurant around corner. Good place eat nice Chinese food menu staff happy help. Our waitress number 295 best, everything make sure food wanted.Hotel organised taxi wrote tanslations Chinese script.Management great job would happy go back again.",0.3110944240944241,0.6065777370777371,Nov 1 2009
5,5,"We like ! Thanks previous comments made book hotel. It nice, little clean place friendly helpful staffs. Nothing elaborated much satisfied money paid. We stayed week really enjoyed going around Shanghai subway easily reached. Some small chinese restaurants nearby good, particularly fish menu. We cannot speak Chinese, placing order difficult. A bit drawing skill could help smooth communication locals. Also nice bread shop corner. The drawback Chinese people still heavy smokers smoke seems everywhere even nice restaurant, mention itself.",0.21559523809523803,0.5768253968253968,Oct 28 2009
6,6,"Nice enough negatives... I stayed 3 nights recent visit Shanghai.The located courtyard away main street real problem find it. Local shop owners appear away excistence, meant took 45 mins find it. It fairly close metro station takes 20-30 mins reach centre. Staff working reception polite helpful. All rooms (or I told) available stay smoking rooms. The first room I terrible stale stench smoke. When I went back reception ask another room, I given another smoking room, less smelly. My room nice, clean, nice telly safe. The view nice, overlooked I describe rubbish tip people sorting rubbish get plastic bottles recyclable material.Another annoying thing 3rd night someone clearing rubble continued 1am! When I mentioned reception staff checking following day, seem phased I saying all!I stayed third floor looked like experiencing leaks corridors towels laid florr soak water. Some corridor walls also badly water stained.I agree people commented hotel's breakfast, terrible. I decided skip together. There plenty cheap eating places outside, much deal.There couple computers internet connection used free charge guests.I would recommend place friend, value money. This place luxurious option, mid-range sleeping option planning spending lot time using facilities, fine.",0.060101010101010106,0.5287878787878788,Oct 12 2009
7,7,"A nice good located clean hotel. A great value. Stayed 5 nights.A nice, good located clean hotel. A great value.Just 5 minutes walk subway nearby small mall find several restaurants good bakery. 10 minutes walk centre busy Xuhui District lot department stores restaurants are.The room little fridge safe. In entrance little room 2 computers free use.The whole staff friendly attentive; receptionist speaks English helpful.Because roof works floor move another room. The lady manager friendly felt really sorry it. But rewarded junior suite:-)",0.3453623188405798,0.6217391304347828,Sep 29 2009
8,8,"Great hotel... I enjoyed staying Asset Hotel SEP 09. The location bit main part city, near subway stop, Dong An Road, Line 4 (not Stadium stop). If I remember, correctly, come turnstiles, go right exit steps left (exit 2??), walk straight next major intersection, Wangping Lu. Cross street big bank right, cross Wangping. The driveway entrance right near corner Wangping alley. http://www.smartshanghai.com/maps/smsh_map.phpI thought front desk staff extremely helpful writing directions Chinese. The front desk staff spoke English, however certain employees spoke much better. They would research line exact address I wanted. They provide English/Chinese map.The rooms basic, however enough stay. My room second smallest, worked fine single traveler. Free wired internet computer, room 2 free computers lobby. Basic cable English channels, mini fridge, safe self controlled A/C. No hairdryer, I saw, iron. I laundry. I thought bed tad hard, better places I stayed. The breakfast combo Asian/Western. Yes, repetitive, included room price. On western side, scrambled eggs, bread/pastry, cereal, fruit, coffee/tea. You taken public transportation taxis hotel, I feel price, worth it. If want great massage cheap (88 RMB) try Butterfly Massage north hotel. It Aveda feel enter.",0.15927002583979327,0.36624215577703945,Sep 28 2009
9,9,"Good place stay business If looking luxury 5 star middle Shanghai, go here. But someone comfortable Shanghai looking decent inexpensive place, great find. I stayed week night. Check great, room ok, free internet, free breakfast, lots good small local restaurants stores. But near People's Square, fine me. For price, afford bunch taxi rides still come cheaper similar places Shanghai. Even breakfast coffee eggs unusual Chinese hotel.",0.28101851851851856,0.5189814814814815,Sep 18 2009
10,10,"GOOD VALUE IN SHANGHAI We stayed three nights. The clean, well appointed rooms, surprisingly comfortable beds - Chinese hotel! They best slept two weeks China. The front desk staff helpful, spoke good English. They decent enough breakfast ( included rate 288 yuan/night), plenty restaurants around corner evening meal. The location quiet, bit way, could get anywhere Shanghai two subway stations within 10 minute walk, plenty taxis available.",0.3410256410256411,0.43846153846153846,Sep 17 2009
11,11,"Good value money We stayed seven nights junior suite looks photos. The within easy five minute walk Shanghai Stadium Railway station cost 8 yuan two us get Nanjing Street (less $1.50). While staff spoke limited English, friendly helpful. There free computers could use downstairs although slow. Breakfast great adequate. Scrambled eggs, toast, cereal fruit heap asian style dishes. Scrambled eggs nearly always cold, could gesture lady heat microwave. They cook eggs request. Room well equipped although iron however getting stuff laundered dirt cheap. It cost less $10 three shorts pair capri pants drycleaned. There library previous guests left reading material could use. One day problem water pipes water brown first turned shower on. The refunded us 100 yuan inconvenience.",0.05422305764411027,0.43225563909774434,Aug 28 2009
12,12,"A pleasure stay at! I stayed Asset one week now, staying another week more. I satisfied services. I'm staying business-double easily feel &quot;home-away-from-home&quot;! The location Puxi, I feel Xuhui pleasant neighbourhood. Remember, shortest way subway turn RIGHT front door. This took figure out...;).I've five-star hotels too, one those. But 3+ nice. There fixed internet-line room, worked well, get daily waterbottles, toothbrushes, combs, nursing kit (nail-file schwabs), slippers etc. The view window great, there's roof-terrace garden surrounded high apartment-buildings.",0.35642857142857143,0.6235497835497836,Aug 24 2009
13,13,"Not really Trip Advisor led expect Firstly arrived 9am, Check 2. It raining heavily soaked walked subway. I explained we'd traveled Beijing kids tired, room available could check in? Now dont fall Chinese Hotel Scam, basically charge 2 rates room. The first rate basic rate, i.e double room tunr alone pay room rate - Even though one you. Which fair enough. Well second rate per person, 3 staying double room suddenly get charge double room rate plus 50%Now traveling 4 year old 7 year old. I ever put 7 year old. The telling enough room, explained 4 year old would sleep brother bed gave proper hard sell trying upgrade business suite. I none let us check 9am. That worth mention genuinely great thing. Expecting Junior suite stunned arrived 'suite' It tiny room one double bed it. Not wanting push luck settled three bed. The room looked like modern affair set aged room. The walls mouldy TV 1800's. But provide DVD player let borrow DVD's charge.Breakfast ridiculous.The location really sells hotel. Its way within easy reach Subway. It surrounded shops, banks, restaurants etc... And actually felt ideal location get away hustle bustle Shanghai. But, despite negativity felt rooms price really convinced stay first place would convince stay again. Just dont expect great disappointed get average, cheap years past sell date.",0.09037467700258398,0.36078811369509045,Aug 8 2009
14,14,"hidden little gem bargin price I've China five years know well horrors local seen Expat perspective looking five star glamour, dont go Asset hotel. If looking clean rooms incredibly friendly staff, best value money Shanghai.Often, Staff aloof level english low honest, IS low among lower level staff, however deter least. smile ALL time, polite friendly outgoing like marked breath fresh air.And Speaking Air,, Air cons work like champs, must Shanghais brutal summer, there's limited selection English TV IS limited planning hole room, might want bring along DVDs go complimentary DVD player.the Business room one I selected small fridge coffee station, convenience stores within 50 meters location. It NOT metro line, friendly front desk staff get taxi record time explain driver headed. minutes Xujiahui shopping area need taste expensive shopping.It best views, primary building tucked back side street, however I noticed little traffic noise windows closed.Breakfast selection small adequate there's effort cater Locals tourists, selection eggs toasts crossiants. Additionally, probably best cup coffee I've Shanghai friendly staff grin efforts say names things offer pronunciation tips really nice experience.Beds are, posters mentioned right middle chinese &quot;so hard can't sleep&quot; soft comfort, placed egg crate bed soften experience I'm quite sure one good enough they'll bring another..there's distinctive European influence furnishings might see occassional bit water stain hallway, building remarkable good repair carpeted rooms super fast internet too.In short, found place excellent value money, much so, I've asked monthly rate return I hunt flat. I'd recommend highly expat budget.",0.1638515406162465,0.42682695300342366,Aug 2 2009
15,15,"A great budget-conscious traveler The Asset Hotel almost perfect budget traveler. Price, location quality outstanding price range. The staff extremely helpful courteous, English skills adequate. They really seem care making sure good stay. The standard rooms fairly small, clean comfortable. I reserved business room online $45 night. The junior suites much roomier, cost least $10 more. Each room comes fairly hard mattress (typical China I understand), small desk, small flat-screen TV picks mostly Chinese, couple English-language Asian news channels NHK Japan. Internet provided room via Ethernet cable. Speeds slow adequate. There tiny business center near lobby two Internet terminals.Location excellent -- 7 minute walk Dong'an subway station. The Shanghai Metro excellent get anywhere need go city 40-60 yuan. The neighborhood around small 7-11 type convenience stores drinks snacks, coffee shops, small restaurants -- aware, English menus. Breakfast included -- small buffet mixture Chinese Western hot cold selections. Quality selection decent enough get started day.It's Four Seasons, price, fantastic bargain.",0.11950354609929079,0.47635933806146574,Jul 25 2009
16,16,"Good price I travel Shanghai frequently I'm searching elusive decent, cheap reasonable location SOFT beds hotel. Well, Asset well - RMB260 night including decent breakfast? GREAT value. Location? Fine. Bed? A BIT softer still &quot;Chinese&quot; feel. Summary? Good value take hard sleep.",0.31987179487179485,0.5442307692307693,Jul 2 2009
17,17,"A nice clean comfortable hotel! Based reviews Shanghai hotels budget had, decided book big room Asset 3* Hotel rather standard room 4* 5* Hotel. We booked non-smoking Junior Suite extremely happy it! It spacious well decorated basically looks exactly like photos website. Our friends also booked Junior Suite room nice. The staff friendly speak amazing English. The breakfast also reasonable. A basic selection Chinese Western foods.The location great - 5-10min walk subway get anywhere Shanghai. There cool spots around like 24hr bakery across street.",0.3490686274509804,0.5014705882352941,Jun 19 2009
18,18,"great value location either plus minus depending travel style Stayed 5 nights. Check-in swift, English-speaking manager providing us useful tourist maps info, without us needing ask, nice gesture. Room decent size, overly large tiny either, well appointed chair, desk, ample space luggage TV ample English, Chinese Japanese language cable channels. No room service provides &quot;sherpa's&quot; guide shanghai restaurants deliver, ranging Shanghainese Indian Western; tired travel weary took advantage this.Breakfast simple adequate. In-room internet complimentary fast.Now negatve points-- location good bad. I loved natural residential neighbourhood, felt 'real' anywhere else sterile Shanghai, though taking subway tourist attractions tiring. Before stay here, ask really thick attractions; so, maybe choose another hotel. For attractions, transfer different subway line necessary-- particular line runs infrequently often wait 10 - 15mins next train. While expensive bargain subway, taxis quite cheap fast. The negative shower-- I saw beginnings mould problem perhaps show lacklustre cleaning effort. It take much energy scrub away starts lower tone room. Lastly, I would aim room back hotel. There kind atrium front, room front, like was, hear lobby conversations, little annoying.Overall, paid, good deal.",0.14421130952380956,0.43130952380952375,May 17 2009
19,19,"jog thru China Nice budget hotel; nice clean, well maintained room. Not thick things, nice residential neighborhood plenty amenities close subway easy access rest city.",0.3833333333333333,0.8347222222222223,May 3 2009
20,20,"Good Deal showers super clean location central Great deal paid 40 $ night.Internet fast, 30 yuan taxi ride Bund, metro quick cheap.Showers little dirty, otherwise place seemed tip top shape. I would asked another room arrived 1am needed crash.",0.19458333333333333,0.5866666666666667,Apr 20 2009
21,21,"Great Value Money We booked based Trip advisor reviews. The well located although taxis little bit trouble looking it. However, drivers knew name road road is. The hidden courtyard. Upon arrival, staff helpful baggage, check quick soon room.The business queen room, smallest room I've seen certainly wasnât roomy either. However, comfy nice, well maintained clean. For price, satisfied. The free internet worked fine quite fast too. The bathroom supply thick towels, toiletries toothbrushes, well array amenities. In room slippers also provided, safe easy us store belongings.We also enjoyed walking around neighborhood located. We found metro station nearby, didnât use used taxis mostly. There convenience store nearby beside Guci cafÃ© stoneâs throw hotel. Hotel mini bar prices also surprisingly affordable.The buffet breakfast also good. They small pleasant dining room supply bread, bao, eggs, porridge, meatballs, etcâ¦certainly good start kept us going! Of course, isnât five star breakfast good , tasty, also constantly replenished.All all, price, certainly satisfying stay, would recommend hotel.",0.33302545155993424,0.593431855500821,Mar 23 2009
22,22,"Great budget Asset one best budget hotels girlfriend I ever stayed in. They easy contact via email, great value money, near enough two train stations easy get around shanghai. Convenience stores restaurants located nearby case want step quick snack, overall staff polite (a rarity chinese service industry, far experiences shown).The room large enough tastefully decorated. The bathroom worked excellently restocked everyday. The breakfast buffet satisfactory, little same-y (not much variety 3 days there), mostly scrambled eggs, vegetables, meatballs, congee dimsum, cereal bread western diners.However one issue keeps giving 5 stars. We requested pickup , cost 250 RMB. Upon arriving Shanghai's pudong airport roughly 12am, could find sign name it. We walked around 15 minutes eventually calling asking pickup arrived. Unfortunately girl line speak english well, told us &quot;just take taxi hotel&quot;, did. 3 days later, day departure, Mr. Reynold manager approached us informed us pickup 1 since already paid service, asked (in polite manner, I must add) would willing pay half original charge (125 RMB) cost.I felt quite unfair us walked length airport already 12am told staff take taxi there. He explained night staff good english, I understood side story ultimately I felt take hit misunderstanding. Eventually I offered use advance deposit made upon check-in (worth 100RMB) recompense, mr. Reynold, look happy it, agreed.I think Pudong airport's procedures regards waiting arrivals main cause problem, upon departure saw sign said &quot;meeting area&quot;. Perhaps taxi there, yet exit bagage claim area already numerous people signs hotels guest names, confusing.I would highly recommend staying Asset Hotel visit Shanghai, would probably best take taxt (or airport car did) get hotel. We paid 200RMB airport car, lower asset offer, though I think bargain enough get even lower.",0.22504251700680272,0.5019501133786848,Nov 15 2008
23,23,"Good service attitude Instead usual choice international chain Shanghai, friend I decided save good money shopping time round. We spent total five nights Asset Hotel Sep 2008, happy decision. We chose stay Asset Hotel seen management's response bad review tripadvisor.com. We took indication takes serious view business indeed, turned quite true. Shanghai city maps, metro maps tourist information made readily available near hotel's entrance. This case five star hotels previously stayed Shanghai - ask them. The counter staff also attended queries patiently took efforts find us answer hand. The good service attitude compensated lesser aspect - location, breakfast room fittings, big problems overcomed quite easily.Taxi drivers generally know Asset Hotel. Some took long time locate property even furnished exact address: 590 Wanping Road South. Hence, important tell taxi drivers located near, specifically, diagonally opposite Longhua Hospital. However, one mind taking crowded subway 7 10 min walk, one alight Dongan Lu station (Line 4), get station exit no. 2 3, walk straight one reaches cross junction (where &quot;Guci Cafe&quot; visibly situated), stone throw there. We also found breakfast rather inadequate, terms quality quantity. The staff appeared rather hessitant, unsure whether replenish food ran (usually 9am). Hence, spent days taking breakfast outside good food affordable easily available Shanghai. We stayed junior suite second floor found room whole clean, though observed paint parts wall peeling off. We also observed hooks hanging clothes available bathroom hassle take hangers bathroom. Given entire bathroom tiled white ceremics, brown stains tiles also quite visible.Nonetheless, whole pleasant stay. The free internet access big plus point. It allowed us last minute planning facilitate change travel plans. We encounter slowness difficulties accessing net.",0.14117021276595745,0.41798417894162576,Sep 21 2008
24,24,"Great Hotel Friendly Staff I stayed Asset Hotel 19 nights last month, I recommend anyone looking good good price. The staff door keepers/security front desk personnel room maids breakfast service friendly , helpful establish good atmosphere, soon feel home. My room (superior single) clean, air conditioning, LCD-TV , refrigerator working well. The breakfast buffet offers vast variety Asian Western style food: scrambled egg, spinach, sweet meat-stuffed dumplings (baozi, jiaozi, mantou), fried noodles, croissants, toast, jam, peanut butter, rice/ soup, corn flakes, melon/apples, milk orange juice, tea, coffee, water etc.., tasty hygienically presented staff wear masks.Two subway stations (Line 4) located within 7 minutes walk hotel, Dong An Shanghai Stadium, also supermarket, local convenience stores restaurants nearby.As mentioned earlier review, problems speed internet connection, since friends told rather common Shanghai, I can't blame hotel.To sum up, good value money!",0.2991369047619048,0.4565476190476191,Aug 4 2008
25,25,"Asset Hotel gets better This second review Asset Hotel. The first stay last October I unexpectedly checked early another poor customer service. Now, many others âdiscoveredâ reviewed Asset, I returned two separate stays two nights six nights May see changed.In January I two-room executive suite, preferable Junior Suite. The room sunny bath considerably smaller. The furnishings same. If really want separate sleeping room two TVs, go executive suite. Otherwise, I think enjoy junior suite more.The rooms refurbished I stayed newly redecorated junior suite rate around US$75 promotional low-season. I attached new picture room. The brown toned dÃ©cor restful classy. There sheer Roman blinds along room darkening drapes. New brown carpet floor, rooms west side sunny days. You get pay Asset. If pick lowest promotional rate room, get small room, paying around US$30 western-style accommodations Shanghai. (I passed peeked several types rooms remodeling.) The rate quoted final rate, nothing added checkout. Everyone gets free limited breakfast China Daily newspaper front desk. The enjoys high ratings based commitment customer service. All front desk personnel, well housekeeping, cooperative willing help. They smile time, seem genuinely happy jobs. Although conversational use English, try hard get help understand needs. There always one person duty knowledge English. On negative, free in-room wired internet terribly slow time, equivalent dial-up speeds. The TV cable CNN back well ESPN, Star movies National Geographic. Perhaps biggest drawback location XuHui district, near Xujiahui shopping area, nice resolution. The missing link Inner Circle (Line 4) Line 8 Subway open, within five-seven minutes enter subway station (Shanghai Stadium) get tourist areas city, including Pudong Longyang Station (Line 2) connection airport Maglev. The standard fare 4 yuan (US 60 cents) gets everywhere downtown quickly clean bright stations cars. I took completely bilingual subway lot time new convenience Shanghai's traffic gridlock 7 a.m. 7 p.m. Subway East Nanjing Road quicker five minutes cheaper taxi. See subway map [--]. Even heavy daytime rains, able summon taxi several minutes.As prices rise Shanghai, American dollar continues slide versus RMB (yuan), value-oriented continues provide great rooms friendly helpful people.",0.15558835104289648,0.4372613144431326,May 30 2008
26,26,"China I stayed junior suite taking recommendation one suggestions I've read. At first I sketchy quality I placed reservation night website less UDS 80. The quality exceeded way expectations, room area quiet, I felt like I really got relaxation I've wanting. Instead staying night, I changed mind stayed rest trip. The even offered free transportation airport extended stay suite really made enjoy stay even more. I felt like treated kindly staff friendlier helpful questions.Some things could improve provide foreign exchange, convinient I go bank. Also, near tourist spots therefore I go taxi luckily taxi fare cheap, lots great shopping spots restaurants near good! I enjoyed stay much!",0.3090350877192983,0.5106140350877193,May 23 2008
27,27,"Helpful Staff My friend Shanghai booked me. I'd say exceeded expectations rate-range. To good bang buck.Besides nice clean room, staff impressed most. satisfied requests quickly. That's main reason I'm writing review, breakfast (yes, hot food complimentary!) free shuttle bus bonuses.With many hotels choose from, I'd say I'll stay Asset next time I'm Shanghai.",0.4378205128205129,0.6371794871794874,May 14 2008
28,28,"Nasty cheap After reading reviews hotel, I thought would nice place stay, I got disappointed.Arriving hotel, first impression real good. On outside looked real nice even entrance quite impressing. After quite speedy check-in, brought room I'd rather forget I saw.The room Small, capital S. The window open, curtains dusty, sheets bed felt like put still wet, size bathroom kinda okay, shower real dirty. There kind brown stains corner; looked like properly cleaned months! Next that, room end hallway, was, I thought beginning, kinda nice. But spending couple minutes room, I changed mind. Right outside room staircase emergencies. Since painting building people running metal stairs time. What noise! And besides noise, sort noise coming outside, even though located right next road. And way, breakfast horrible. There much choose orange juice aweful.Luckily stayed one night!!",0.05682936507936507,0.5217460317460318,Apr 13 2008
29,29,"Overrated okay. Perhaps earlier reviews coated bit much sugar. Asset much going it, also, much going it. small wanping road, southern part city, far away downtown area shanghai. Hence, we're talking 30 45 minutes commuting everyday, down. bad deal tourist willing take metro bus, thats best way see city, hey, point directly awarded hotel, one ancillary things. Anyway, breakfast bleak, least there, unlike lot places china. staff helpful, although sometimes understand saying, still say yes, later screw up. To summarise, asset average situated far main attractions city. Choose tight budget, otherwise look something else may cost little more, closer action is.",0.006801587301587305,0.43598412698412703,Apr 12 2008
30,30,"Great price We booked travel agent 2 weeks trip. We throughly happy stay. The clean, safe, quiet. The located one way street, although easy accessible streets surrounds it. The done similarly Travel Lodge US. The room fridge safe deposit box inside, little things comes regular rooms. The also complimentary breakfast coffee, milk, orange juice, fruit, eggs, various Chinese style foods, toasts, fruits. The also 2 computers guests use. The within 10 minute walking distance various popular locations underground stations.",0.2642647058823529,0.524132730015083,Mar 30 2008
31,31,"Good place stay Shanghai I spent last weekend Shanghai found Asset Hotel booking.com website. For traveller exploring City Metro walking good choise. Just 5 minutes walk Shanghai Stadium (circle line), approx 30 minutes Bund Metro . Heng Shan Lu bars restaurants also far away.The staff friendly least front desk English speaking. The rooms modern equipped, cozy clean. And also simple western style breakfast available. All I satisfied recommend budget travellers. I paid 208 RMB (approx 20 EUR) per night, good rate Shanghai valid End February 2008.",0.1963084464555053,0.5079163973281621,Feb 5 2008
32,32,"A Hidden Gem Before I arrived I worried sub-$100 [USD] Shanghai. Having cut parking lot tall buildings find entrance ease worries either... but.. This really gem. By Western standards, I would say 3 star hotel. Not many amenities, rooms bit plain, rooms small. I chose upgrade [why not, price right] found 2-room suite large living room bedroom. Rooms plain [now I'm repeating myself, so, must true]. I commented manager I leaving said working consulting company updating colors furniture.. Honestly, would awesome place turn art-deco-style hotel... Lots potential.. I'm looking forward seeing turn into..On plus side, staff excellent... Very excellent. Warm friendly. Rooms clean. Beds comfortable [not hard!]. The internet connection speedy [not always case China hotels] good places eat [local food] nearby. Check location carefully booking. If business Shanghai side town, highly recommended. If heading tourist stuff Bund, good location direct subway line around south side city (between [Dong An Lu station] Bund) yet completed. You'll need go way around city center riding trains.Shanghai one favorite cities world nice bargain find convenient location. If want central location, check &quot;The Bund Hotel&quot; another great bargain.",0.26607607886904766,0.5893973214285714,Feb 4 2008
33,33,"Cozy Hotel Sitting now, I say comfortable. The rooms small thats bag dont come deal everything else top noch including service priceless anyone who's China knows good service priceless. (hard come sometimes). Its geared towards foreigners directory English Mandarin. Because room small quick heat cool down. Comes mini fridge, even electronic lock box. The shower nice bath tub. They serve breakfast morning nice trying save money.The hidden buildings close street, wont hear loud honking cars going by.",0.2549691358024691,0.6146604938271607,Feb 3 2008
34,34,"Value money If want cheap, clean I would recommend one. Yes 3 star, 200RMB great value- clean, healthy breakfast good place stay days. We ended using metro sightseeing- 10 minute walk course metro easy use. Only problem might taxi driver find hotel- others said. Although I printed address instructions sinohostel ( booking agent I used) I also printed instructions web sites- eg shanghaihotels- taxi driver ended using. A good base sightseeing.",0.2618055555555556,0.654861111111111,Jan 14 2008
35,35,"Quite hotel! Despite location (10km+ Bund), quite unique. It's hidden busy streets nearby quite frankly good thing seeing amount construction projects realized area. Location = ok.... however - subway cab get Shanghai's main attractions (i.e. The Bund Pudong ect.) - minor detail consider inexpensive taxis Shanghai. Staff = exceeded expectations - nice see dedicated staff! Breakfast = ok - quite pleased included room rate (33$/night - check www.asiatravel.com). Overall = Great value!",0.32499999999999996,0.5397435897435898,Nov 18 2007
36,36,"Boutique hotel!! I've arrived form Shanghai, I found two new reviwes Asset Hotel. I say perfectly describe little pear (and better me, since english mother language).Also, I little worried first two reviews good true (I'm sorry trusted you, mates!!) What could I add? Warm welcome, good English reception (even I faced problem late morning asking place golf shopping), clean fresh rooms, good prices (27 euro/night Superior single room B/B, 30 euro/night twin room B/B).. The management helpfully stay, set Airport transfer reasonable price; opening &quot;meeting&quot; room saw three us sitting sofa near entrance deciding go dinner; smiling every time saw us 7days stay..I given double room ground floor: dark, fences windows, twin beds, two complimentary water bottles every day.. bathroom full towels complimentary items, cleaned every day..Free cabled internet room, perfectly working (ok, fast, I found many slower China!!). Two computers connected internet available free front main entrance.No CCN Tv (no LCD), collegues told rooms!!).Now, I report something perfect, somebody believe reviews!!Let's start:Breakfast: poor - I've 3star Shanghai last year paying money Breakfast lot better. Many Chinese breakfast food, &quot;we&quot; European used have.. small brioches (plastic taste), white breaded toast one jam.. A good orange juice (even fresh) something worth wake morning.Location: mhhhh - know Shanghai, located &quot;south/west&quot; part city, 1 km inner Ring road Wanping exit. Subway 5 minutes walking, change line go Nanjing Road/The Bund. The purple line new, line finished yet: even pick hours, trains waited 10 minutes, trip Bund takes 30/40 minutes least. When line finished (maybe next week, thinking Chinese construction timing) I think take 20 minutes go there. So, heart city, even far away it. But, peak hours, take also 1 hour reach main touristic attraction (Yu Gardens, Bund, etc). If going visit Exhibition, take 1 hours (Subway takes 60 minutes 15 minute walking). So, hotels suggested location.. remind times organizing travels. Also, consider from/to airport taxi takes 90 minutes peak hours!Noise: high early morning - waken 7.00 every morning truck loading trashes.. starting demolishing cover garage windows frontal right wing - starting work 7.30 hammering surface. Well, probably unlucky.. What else I add? Everything wrote small beautiful hotel.. I suggest consider stay there, good quality/price ratio, small problems forgotten easily thinking nice advantages face sleeping there. Hoping, course, popularity make price raise quality follow (as sometimes happens).",0.21997703222703222,0.48135774410774407,Oct 19 2007
37,37,"Great Value Functional Rooms Shanghai If looking cheap, I averaged USD $33 per night, clean, functional rooms Shanghai, look further. The located driveway near corner LingLing Lu WanPing Nan Lu heart Xuhui District. You're within walking distance Shanghai Stadium. (A Special Olympics family staying stay.) And No. 4 line subway system. Short taxi rides Grand Gateway, bit longer ride Nanjing Huaihai Lu areas.I believe I got &quot;superior&quot; room. The queen-sized bed comfortable me, I like bit harder surface. (Most beds SH quite hard US standards.) The bathroom large, glass enclosed shower (no bathtub). A small refrigerator well in-closet safe included. A great feature air conditioner, cooled room quickly. A small, 18-in flat screen TV hoisted corner. A small desk good enough plug-in provided LAN cable, Internet access free speedy.One negative: room walls thin... I could hear next room couple talking, well snoring late evening.I've got one session 3 weeks, already booked next stay. If want place store things, sleep overnight, out/about days evenings really cheap... book Asset. Oh, quirky stairs ramps along corridor. The elevator middle &quot;sloping&quot; hallways. Quite bit stairs navigate unless next elevator bay.I try morning bkfst, lots options nearby.",0.12743764172335606,0.49412698412698414,Oct 3 2007
38,38,"Helpful staff Amazing breakfast This amazing. The free Western Chinese breakfast awesome - cereal, dumplings, coffee, eggs etc. The staff spoke English helpful friendly. The 2 blocks away subway. The clean. It great!",0.4228787878787879,0.5509090909090909,Sep 3 2007
39,39,"The Gem Shanghai Outstanding hotel, 5-star-plus service! Over years, business pleasure trips, I stayed several hundred hotels, one ranks top three. Super excellent, always prompt service, exceedingly clean rooms, halls, reception area. Staff very, helpful, even several urgent &quot;crazy&quot; requests I had! English spoken good, speak well native speakers. Hotel located Xuhui, nice part Shaghai, near several busy streets, set street little, and, result, very, quiet. Seemingly everything (shopping, Shanghai Museum, even number consulates, etc.) short, inexpensive taxi ride away, definately problem. If notify advance, pick airport. My top cudos, future &quot;home&quot; Shanghai. --vn",0.26437499999999997,0.47350000000000014,Aug 2 2007
40,40,Hotel agradable en Shanghai,0.0,0.0,Nov 1 2009
41,41,buon rapporto qualitÃ prezzo un po' fuori mano...,0.0,0.0,Sep 18 2009
42,42,???????,0.0,0.0,Sep 11 2009
43,43,Je m'attendais Ã mieux...,0.0,0.0,Aug 12 2009
44,44,Hotel para jÃ³venes,0.0,0.0,Jul 26 2009
45,45,muy buena relacion calidad precio,0.0,0.0,Jun 16 2009
46,46,?????????????????,0.0,0.0,Feb 5 2009
47,47,????????????????????,0.0,0.0,Jan 4 2009
48,48,Buona scelta,0.0,0.0,Oct 26 2008
49,49,????????????,0.0,0.0,Sep 11 2008
50,50,Sehr gute Preis - Leistungangebot!,0.0,0.0,Mar 28 2008
