,Unnamed: 0,Reviews,polarity,subject,Dates_extracted
0,0,"Express indeed For US $120 less 3 nights stay, value indeed! Be ready deal staff, speak english...prepare talk chingrish communicate like talking baby. That dont mind, one adventures go mainland China. Things turned well though. Left luggage travelled Hangzhou. There also free internet lobby.Nonetheless, Holiday Inn Express ask hotel, sans excess (pool, ref, mini bar , room service et al) Breakfast fine - came set meals, basic eggs, hard boiled eggs hot tea, sausages &amp; bacon, congee, simple veggies breads. Also comes coffeee, teas, juice.Rooms small clean. Bed sheets great too. Hotel also free laundromat. The hood's safe even night. Its situated front creek location commuter friendly. Some Shanghai cabbies know is. It also near Carrefour. It suggested ask front desk . It also around 10 15 mins walk nearest train station. Cabs Shanghai also cheap. If get hungry middle night, aint many joints open nearby. Front desk offered McDonalds delivery declined. We're Shanghai we'll eat McDo? :(",0.16856060606060608,0.49956709956709955,Sep 6 2009
1,1,"Hotel Review - Holiday Inn Express Putuo Shanghai Nice Hotel affordable rate Shanghai. The rooms clean comfortable. The breakfast basic. The rooms noisy new construction especially early morning. Short walking distance many restaurants Carrefour. The drawback access taxis, second time 2 years staying many taxis know located. As well taxis hang around hotel, tell need taxi advance.ThanksMartin",0.24573002754820938,0.5435950413223141,May 25 2009
2,2,"worth stay memorable stay shanghai, cleanness lobby room satisfied.",0.45,0.65,May 20 2009
3,3,"Not best location Shanghai Hotel 8kms central area taxi drivers find diificult locate.Failed call taxi managed difficulty return.Taxis cheap however.Construction work taking place sides hotel.Access main road rough takes 10 mins.Rooms spacious,double bed clean comfortable.Electricity go time time.Some western style food available cafeteria.Difficult find restaurants within walking distance although good one China Greeen [about 20mins] also Starbucks vicinity.",0.2957575757575757,0.3925757575757576,Feb 28 2009
4,4,"Hated Holiday Inn getting ASAP Construction Site! Do stay here, huge diggers operating throughout early hours! plus Miles away Shanghai City, Taxi drivers job finding it. I'm moving today 2 terrible nights pre-booked 380rmb worthy!",-0.3366666666666666,0.78,Sep 29 2008
5,5,"new stayed 5 nights, say looks quite new specially interior building quite new shape.the rooms good size writing desk small sofa. receive comlimentary tea coffee plus two bottles water every day. also bathroom good state.talking breakfast, included room rate say best breakfast, less choice chinese western. like hotels china staff real language difficulty.the main down-point location, eventhough quite close metro line 3 (5 minutes walk) go poor area maybe tourist look great. also located end narrow road taxis think dead end.all liked hotel. specially price right quality.",0.24359504132231402,0.4360094451003542,Apr 14 2008
6,6,"A Standard Business Hotel This property located Shanghai city. It 25 minute car ride city non-peak hours (11pm). During peak hours, expect longer drive.If tourist Shanghai, I suggest stay distance unbearable. Hotels Shanghai city expensive HKG, suggest give miss. You regret distance rather daunting. Traveling long flight, want go bad traffic throughout stay.Breakfast miserable. Rooms clean, tiny.",-0.26904761904761904,0.5880952380952381,Mar 22 2008
7,7,"Great Hotel ... Out way though This property solid 3.5* hotel, located suburb.Rooms: new, clean rooms, sheets changed daily, triple sheets, giant shower box, bright, curtains overlap sleep properly. Bottled water provided daily.Excellent free buffet breakfast: fruit, veggie, toasts, Chinese congee, chow fan noodle available well three main courses choose (beef noodle soup, fried rice, western style - eggs, hash brown, bacon).Free internet: three computer stations available lobby well free wifi.Location: It's bit way. Most cab drivers cannot find without name card. The check agent give card check use show cab driver. Cab 30RMB Nanjing Road 60RMB JinMao Pudong side. Ride Maglev station 70RMB.I'll stay price right.",0.2703717850776674,0.45940921823274766,Nov 27 2007
8,8,"Good service getting expensive... Was forced stay almost two weeks due unexpected travel glitches. Overall, I enjoyed stay hotel. &quot;Price&quot; reasonable. It RMB330 nett including free breakfast internet night. This rate went RMB380 nett. The new provide shuttle services Jongsan Park station (Metro Line 2, 3, 4) four times (8:00, 8:30, 9:00, 9:30) week day.Also, hotel's &quot;Great Room&quot; restaurant offers number set menu lunch dinner, around RMB 20 30. The staffs said used laundry room got rid it. Too bad.. Also, one biggest Carrefour across street although take time figure get there.However areas improvement1) Location: Very remote area, hard find. Even cab drivers trouble. Use &quot;Uning ru&quot; &quot;Kwangpusi ru&quot;2) Renovation??: The constantly construction...3) English??: Although staffs tried understand staffs limited ability, speak Chinese. Leverage &quot;survival English&quot; like &quot;shuttle&quot;4) Too many group travellers: Well can't help but...Also, I think overall price increase rapidly. Already RMB50 increase..",0.0390325616412573,0.43188217579521926,Sep 26 2007
9,9,"Above Average Positives:1) Clean, modern looking rooms2) Clean bathrooms - good showers.3) Free Internet4) Front desk call cabs you5) Free breakfast - though mostly Chinese-type breakfast. There eggs toast well.Slight Negatives:1) Taxis normally know location even address. Would suggest bring map indicates location hotel. Keep mind several Holiday Inns Shanghai may confusing taxi driver. Cab ride Nanjing Road RMB25-30.2) Water funny smell. I used free bottles water provided brush teeth.",0.23452380952380952,0.5535714285714286,Sep 24 2007
10,10,"EHI Experiance I enjoyed two week stay Express Holiday Inn Shanghai. The new clean, also quite. Some people like location taxi's easy come Shanghai hotel's rates reasonable. The buffet breakfast good. The staff works front desk speak good English helpful. The air conditioning room work great terrible. I told people travel China often air conditioning places work well. The internet service computers business center also work well I able get e-mail days I there. I would reccomed anyone visiting Shanghai problem traveling around via taxi cab.",0.380909090909091,0.5307154882154883,May 27 2007
11,11,???????????????,0.0,0.0,Nov 12 2009
12,12,????????????,0.0,0.0,Sep 29 2009
13,13,????????????,0.0,0.0,Jul 23 2009
14,14,???????????????????,0.0,0.0,Jan 23 2009
15,15,hÃ´tel trÃ¨s correct mais inconnu des taxis mÃªmes,0.0,0.0,Jan 22 2008
