,Unnamed: 0,Reviews,polarity,subject,Dates_extracted
0,0,"Good Location Small Suites But Comfortable The Hotel Location perfect, close downtown. The Suites pretty comfortable one Living room, Kitchenette &amp; bedroom. If want cook something good place. The rooms higher floor gives good view &amp; people seem know place well.",0.43500000000000005,0.6599999999999999,Jun 7 2009
1,1,"Very nice clean suite If subpar location, would great pick. Located quiet residential area Shanghai, hidden gem one biggest rooms I ever seen I quite places (see profile) !As name suggested, rooms suites really nice living room, bedroom, kitchen bathroom. I best sleep ever business trips here. The knock location. Some local taxi drivers know place sure carry local map hotel's business card case. There's decent restaurant within walking distance Shanghaiese restaurant left next motel. No convenience store could spotted nearby well.",0.21385416666666665,0.4654513888888889,Feb 11 2009
2,2,"Excellent I 3 weeks. This HOJO nothing like North American HOJO, one much better! I've travelled quite bit I tell rooms good shows website. There lots hotels tries show pretty room actually there, quality room nothing looked website, HOJO, believe better shows site. Believe it! Beautiful suite nice kitchen &amp; sink buy pots &amp; pans :) biggie..The bed king size...good mattress, pillows...everything excellent..there nothing I would complain place trust me, I picky person, I say good...its REALLY GOOD!! You'll thank recommendation. Another good thing place I stayed 3 weeks, sales person, name Frank offered washing machine room. The moment I checked in, brought washing machine set balcony. This convenient I said, I'm picky person I would prefer laundry. He also gave free access internet. The staff extrememly friendly cleaner cleans room every single day time I'm work, room nice fresh! The bathroom equiped almost need..and replace every single day! The thing I say missing swimming pool, would great one..but biggie Shanghai beautiful city I'd rather go visit places. Convenience wise, ok...doable...I say...taxi available anytime ...of course...anywhere else...during rush hours always longer...but otherwise great! Staff downstairs friendly helpful. There travel agency downstair guy working also Frank. Very helpful times took real good care help organise weekend trips Hangzou etc. Finally...its really nice ...and worth money...and honestly...it made stay comfortable! Would definitely stay I'm back Shanghai!",0.42016550522648083,0.6189895470383274,Nov 5 2008
3,3,"Great rooms friendly staff For approx A$120 per night magnificent apartment King size bed. The quality fixtures fittings top class. The facilities excellent separate TV's lounge bedroom, fully equipped kitchen.Prices food quality also good Monet Restaurant - but, tables occupied Saturday evening there.The staff efficient friendly - broken English, passable.Yes, downside distance centre town. However, taxi The Bund cost A$4, really issue?We would stay again, thoroughly recommend it.",0.3594230769230769,0.6061538461538463,Jun 16 2008
4,4,"Like private apartment Was booked local business contact. I admit I feeling good Howard Johnsons, former luxury apartment building. Each room lavish suite kitchen, bath, separate bedroom, living room, office nook. Beautifully appointed. Nice big walk-in shower. Fancy bathroom sink. Highly recommended.",0.32333333333333336,0.5127777777777778,Mar 2 2008
5,5,"A recommended The excellent location. Just minutes walk Nanjing Road subway stations. It take long walk Bund well.( Last time I went Shanghai stayed Westin. Of course services provided Westin provided higher quality, cost much much higher too.)We 2 rooms clean comfortable. The serivce quite good well. We booked travel agent. The price reasonable compared services provided. I recommend friends stay go Shanghai.",0.2916666666666667,0.5266666666666666,Jan 15 2008
6,6,"Best Hotel Shanghai Howard Johnson All Suites Shanghai place stay! I frequent traveller I travel Hong Kong Shanghai every week, arrive every Friday depart Sunday. Somtimes I stay 3 nights depending situation. The nice lobby, although staff members sometimes quite friendly manageable. The room large clean! No complains there. Comfy beds price around 500 - 600 rmb, get suite necessary amenities, coffee maker, mini bar, refrigerator, bottled water, washroom amenities. Transportation convienient versus 5 stars like le meridien etc.. As located suburb area, taxi quantities seems around area!",0.4136904761904763,0.5657142857142857,Aug 15 2007
7,7,"Good Hotel The Howard Johnson offers hotelroom; large suites kitchen seperate living bedroom.The Howard small compared big Shanghai Hotels. The rooms well equipt, chairs, large sofa, flatscreen television large workdesk. The bed large sleeps ok. The rooms decorated nice good paintings colours walls.The bathroom ok, large simple equipt.The staff friendly thats all, roomservice menu small quality pricing ok.So far everything ok, altough I personally got one negative point.Because rooms large equipt appartment rooms located private feel lonely. Maybe litlle bit strange post review really felt way, rooms remind home, dont see lots guests. Overall; good place stay, reasonable pricing, small.",0.19457983193277315,0.47179621848739506,Jul 16 2007
8,8,"Good Value Money But expect good service I stayed HJ All Suites Hotel last year whole December I found nice Apartment. The Suites 50 sqm. You choose 1 2 bedroom suites spacious living area, small kitchen kitchen supplies less big bathroom. The shower ok heating bulbs working. The Air condition, time heater really working bedroom. Therefore I leave curtains closed almost whole 4 weeks. The staff firendly actual help. At check could find reservation made company. It took 1 hour check in. I ate one time restaurant twice room service. It ok I thought little bit expensive. The location reachable Taxi walk 15 minutes next Subway station. The door man friendly know famous places Town. Otherwise better without them. I would recommend place spacious rooms service.",0.15883333333333333,0.4743333333333334,May 11 2007
9,9,"Small good rooms Neat clean rooms.Good value money. Some rooms small better. We didnt air con working sitting area, didnt matter much could fixed it. Overall average experience, could better",0.1716666666666667,0.39,May 7 2007
10,10,"Good Business Pleasure I recently China business chance stay pretty nice hotels. I ended trip days Shanghai relaxation stay Howard Johnson All Suites Hotel ( confused Howard Johnson Plaza Hotel). If staying hotel, make sure taxi driver knows one mine didn't. I ended Howard Johnson Plaza quite ways away actually better location. Who would thought would two Howard Johnsons Shanghai?Getting back experience. Everyone nice helpful, part, I arrived checked-in. The problem I bell hop never brought bag room. I ended go back lobby get bag bring myself. No big deal. The food average good breakfast morning. The room big seperate sleeping area, kitchen, large bathroom living area. My complaint room bed. The bed hard rock. As true, necessarily bad thing China. Every I stayed rock hard beds &quot;5 star&quot; hotels. One American hotels Shanghai may softer beds.As location hotel, good vacation leisure. There really nothing within short walking distance. I went walk Saturday night found nightlife shopping area. I happen find cool hole-in-the-wall bar called Charlie's Coffee Bar Nanjing W Rd. It nice atmosphere drinks expensive.Next time I stay closer shopping areas I Shanghai business, great place stay.",0.16183020683020688,0.5194348244348244,Feb 22 2007
11,11,"tasteful The business suite huge could really make home away home even kitchenette I use nice touch, serivce excellent, rooms clean. The location bit far everything special restaurants attractions nearby can't everything, price good. I would stay again, close hongqiao airport well, well managed!",0.4341369047619048,0.7726785714285713,Aug 29 2006
12,12,"Suites good choice accommodation I stayed 2 bedroom apartment (2 couples) enjoyed stay. The rooms large bedroom comfortable Kingsize bed. Only one toilet/ bathroom. But kitchen, small office area large lounge area. Also stayed 2 nights one bedroom suite. This also good kingsize bed small kitchenette. shower (in suites - bath).Good small gym business centre (open 8am 10) Internent 10y 10 mins 1 minute, fast, unfortunately.Service bellboys/conceirge good. Free China Daily USA today available fast.Check service could modernisation.I booked thru internet site wotif got excellent rates first 2 nights I wanted extend stay one br suite sent back website could match price.I would definitely opt choice back Shanghai. Caution There HJ HJ All suites Hotel Shanghai.",0.21970779220779219,0.5111580086580088,May 29 2006
13,13,"A ship good crew A ship good crew. The Howard Johnson appears magnificent reason be. However;1 Arrived room number scribbled wrong.2 Showed breakfast find bacon, sausages, hash browns etc places chase staff get top situation 3 separate occasions (we stayed 5 nights).3 Used shower use pool stood cigarette end there.4 Had faith door staff putting taxi sending right direction, leaving use one time ask taxi driver take us maglev train, take us airport, took us straight airport!!5 Hotel concierge name only, great donât ask questions.Chose recommendations web, I suspect managerial shake would improve things here, stands I wouldnât go back. Great hotel, motley crew!",0.40534391534391534,0.654973544973545,May 7 2006
14,14,"On own! I hate write review, nearly missing flight due negligence staff, I feel like I need warn others. The Howard Johnson indeed luxury terms appearance - beautiful lobby, rooms, spa. But luxury terms service. I booked transportation airport told wait lobby would inform shuttle arrived. 10 minutes scheduled departure I became worried went ask desk. As turns shuttle come gone notice staff. To make matters worse offered alternate method transportation, even apology. Thank God partner spoke Mandarin able get taxi (at 3X price) take us there. It terrible way end vacation Shanghai, I want anyone else experience.",-0.03863636363636364,0.5613636363636364,Mar 19 2006
15,15,"Fab suite! We upgraded reception deluxe suite - lovely! Very clean, recently refurbished, even small balcony. It fairly modest, space room.The staff friendly, handful speaking fluent english.The disadvantage taxi drivers seemed unsure - even though main road. But key card reception gives map it, helps. Would definately stay again.",0.24598484848484847,0.6903030303030303,Dec 2 2005
16,16,"2 weeks Howard Johnson My first trip China company put HJ 2 weeks. This brand new numerous staff fall help. The suite I cost around 1200rmb per day really impressive bedroom c/w king size TV; kitchen; bathroom shower living room seating four five, big TV, desk high speed access. The suite lights light switches average house many 8 light switches operate lights bedroom alone!The good bits were1. A dining room catered western tastes including on-demand eggs way like morning.2. An incredibly swift efficient valet service keep clothes 8 hours matter speed service I requested.3. Good in-room internet access 4. Excellent coverage European soccer cable feed!The drawbacks 1. An air conditioner handle Shanghai humidity even November keep suite cool enough Canadian's taste2. An on-demand hot water system mind gave wildly fluctuating shower temperatures 45 seconds time.3. It's location Yanan Road W. greatest reaching anything interesting footAs rookie China, feeling decent value I got compared central, downtown hotels.",0.3736796536796536,0.5587337662337662,Nov 10 2005
17,17,?????????????,0.0,0.0,Feb 22 2009
18,18,??????????,0.0,0.0,Sep 5 2008
