,Unnamed: 0,Reviews,polarity,subject,Dates_extracted
0,0,"An institution! After reading reviews seeing pictures, I admit best maintained world. But doesnt matter always historical institution location fab,so close Bund!The staff kind helpful I went (New Year 2000-2001), I 15 back amazing experience Shanghai. came back 5 years later I couldnt recognize anything cause changes fast!",0.3073737373737374,0.36161616161616167,Sep 2 2009
1,1,"Great historical great location The Shanghai Peace Hotel long history, located right Bund Shanghai. It great classic environment, service great well. We stayed one night, compared five star hotels, expensive.From window, could see bund, skyline Pu Dong. The bar downstairs nice well.",0.38567099567099566,0.5997619047619047,Nov 19 2008
2,2,"One Best Hotels World!! I spent first night China Peace Hotel Shanghai. I requested history. I disappointed. I arrived 9PM, dark I tired long flight Vancouver Beijing. I awoke next morning short sleep beautiful sunny day. I went Phoenix Dragon room ninth floor breakfast. The windows opened warm day. I sat window overlooking Huang Pu Pudong. It like fantasy come true. As I looked window, first visual impressions China true China. I never forget it. The staff excellent. The location could better. I love Peace Hotel, Heping Fandian, Chinese. This must.",0.2802631578947368,0.4535087719298245,Jun 22 2007
3,3,"The place stay Shanghai The Peace delivers history comfort.It pleasure staying hotel.The authentic art deco wonder.We stayed week seventh floor enjoyed every minute. The actually two towers rooms tower farthest Bund.When enter Nan Jing road, turn right find way elevators lead restaurants roof top bar. One hidden staircase takes pastry shop, serves pastries, tea, coffee diet cokes. Another staircase take small bookstore library area.The bar best visited night. There gorgeous view Bund lit night. Plus month China I found served club house sandwiches potato chips. Heaven overly expensive. The rooms seventh floor spacious, well laid separate dressing room(included room safe) huge bathroom, soaker tub separate shower. The location couldnât better, door turn left Nan Jing road. Cross street Bund long walk way stroll either day night. If like glass look Lalique statues outside restaurants, right Peace Grill Lalique glass everywhere.",0.2335978835978836,0.45026455026455037,Apr 22 2007
4,4,"Tourist trap The might gotten 'good' rep. 10 years ago, seems done anything since. Rooms big. Beds rock hard.worn out- would description. After 4 nights changhed Ramada bit central Nanjing lu. Same price much nicer.",0.2333333333333333,0.29583333333333334,Mar 15 2007
5,5,"Avoid This Hotel!!! We Scotland, Shanghai holiday period visiting close Chinese friends. On evening out, planned meet guests bar Peace Hotel The Bund. We arrived first, waited bar. Our guests phoned us say arriving, one us went outside, met brought bar.We asked would liked drink placed order. When part-way drinks, waitress come table started talking guests, ignoring us. We waived away. She opened menu started talk guests again, pointing cover charge. We said, quite firmly, &quot;these guests&quot;. The waitress took notice. She pointed service charge one guests. Only said third time &quot;Yes, know cover charge, okay,&quot; waitress leave.We complained management left, prepared suffer serious loss face front important guests. One us senior citizen many grey hairs though working professional person, could retired chose; doubly disrespectful her.One reasons offended travelled Shanghai many times before, treated extremely well, courteously professionally establishments. This contrasts greatly treatment received The Peace Hotel.The Peace Hotel unclean, smells rotting, staff rude. I amazed famous dignatories ever stayed recently. They ill-advised. What poor image China present world!I would urge anyone stay Hotel, barely shadow glory days. Five stars? I would give one.",0.09523809523809523,0.43303571428571425,Feb 13 2007
6,6,"Peace Hotel - Its bad I stayed Peace Hotel many times last 10 years conclude bit tired could cleaner, however, extensive travels China stayed much worse, many around Shanghai I hope objective points Peace help you:The view one best Shanghai, particularly restaurant though many rooms view all. The position also excellent. The food restaurant reasonably priced Chinese cuisine menu translated English, breakfast predominanntly Chinese suit tastes. The Peace one oldest hotels China fittings architecture exquisite, history place phenominal. The Peace built early 1900's suspect re-fitted since 60's. The could cleaner various visits many rooms varying cleanliness. If want ultra modern accomodation fluent English speaking staff resaurant offering full Western cuisine Peace you. Either way I think tourist would want stay Peace couple nights.",0.20066666666666666,0.3940000000000001,Nov 27 2006
7,7,"Go history We spent last night Shanghai Peace Hotel May. We previously stayed Portman Ritz, Pudong Shangri-La, Grand Hyatt. We knew Peace Hotel class, really wanted one night historical hotel. And one two nights, I think worth stay. We suite, high ceilings view across river Pudong. In morning could see groups people practicing Tai Chi park along Bund. The room's furnishings old-fashioned bit worn. You felt though stumbled one old 1940's movies walked room. Beds comfortable, bathroom, luxurious, acceptable - hair dryer, soaps, bottled water provided. The location plus minus. Traffic noise pretty high time, end Nanjing Road right Bund. But view rooftop bar/restaurant spectacular night, quick walk Bund, catch riverboat cruise, walk Najing shopping.The breakfast/brunch included price. It begin compare lavish breakfast spreads Ritz Grand Hyatt, find enough cheeses, fruits, breads slake appetite lunch.",0.16574126984126986,0.44124682539682547,Nov 24 2006
8,8,"It depends room get Stayed Peace Hotel last leg inclusive tour. There many types rooms real crap shoot get tour.My room fabulous; huge, old well cared for, wonderfully remodelled bathroom, walk closet. Two friends rooms smaller, nice.Another friend got 2 room &quot;suite&quot; nightmare. The sitting room tiny okay. The bedroom miniscule dresser, ancient peeling walpaper, stained bedskirts. I think get one &quot;outside&quot; rooms better off. The bad room group faced smallest interior light-wells. The others &quot;back&quot; building (so views), rooms nice enough care.",0.16428571428571434,0.6309523809523808,Nov 6 2006
9,9,"If like old-style grand hotels - go it! Some people prefer stay hotels offering latest design, style type &quot;sophistication&quot; &quot;luxury&quot;. If one - choose Peace Hotel Shanghai. However, love old Grand Hotels rich history atmosphere go it. Because mind air condition cooling room zero, room bit noisy (because one busies corners central Shanghai windows double sound-proof type). On contrary, appreciate little signs former glamour, excellent location bund, beautiful restaurants unmatched views river Pudong wonderful roof terrace. If nice staff, nice well. If reason travelling best value money (and value measured room amenities &quot;luxury&quot; gimmicks) choose another hotel. But miss opportunity experiencing part Shanghai's amazing history.",0.38909722222222215,0.6531944444444445,Oct 19 2006
10,10,"Horribly bad This terribly bad. The room dirty smelly, clerks rude, food lousy, I would willing give 1/2 star!! Stay away hotel.",-0.34419642857142846,0.7119047619047619,Oct 9 2006
11,11,Disgustingly Dirty The Peace Hotel one dirtiest I've stayed anywhere world. The price high cheapest hostel city cleaner. The service non-existent floors littered dirt debris. The place smells bad rooms musty. Give miss.,-0.3799999999999999,0.6688888888888888,Oct 5 2006
12,12,Riding historic reputation This may historic great location hardly enjoyable. I booked room web site pretty good deal. My room dark dingy. I water pressure shower sink. When I called room service understand hung up. I would recommend anyone.,0.3,0.4785714285714286,Sep 29 2006
13,13,"Five Stars Horror I stayed wife along families trip China. We decided stay Peace reasonable price great location along Nanjing Road, Shanghai's famous shopping district. I first start positive hotel. The location can't beat terms vicinity Nanjing Road also Bund River, etc. Now I understand Peace Hotel famous historical landmark built 1929 architecture carefully preserved. However, circumstances I recommend anyone stay unless total emergency. When first enter hotel, smells like rotting wood. The carpets disgustingly worn complete need remodeling. This place looked like something horror movie. Things get worse enter rooms. We four rooms serious mildew mold issues bathrooms (see pictures attached) disgusting carpets continued dirty worn down. The showers designed poor way took shower, water would drain properly ended flooding entire bathroom. (Some advice: Bring flop flops shower.) We stayed 2nd floor South Tower (where restaurants were-We eat obvious reasons). If unfortunately need stay there, pick room higher hear traffic horns honking times day.I simply comprehend 5 star rating. To add insult injury, staff also average many poor Enlgish compared Chinese hotels I stayed at.This 1.5 star best I kind. This might dirtiest hotel/motel I stayed (Hotel 6, Days Inn, etc. included)I speak Concierge say shut sometime 2007 full remodel. Don't stay till then!Some general advice: -When shopping hotels China, best rule thumb stick foreign run chains (Hyatt, Marriott, Novotel, Sofitel, etc) Chinese run hotels tendency inflated star ratings (like Peace.) well kept.-Unless department store type chain store, items bargained (especially street vendors). If paying 50% first offer listed price, probably overpaying (Try get 25-40% first offer)-Stick cabs meters. Cabs ridiculously cheap.-Pedestrians right way! Watch crossing street!",0.05396599927849929,0.5329162157287156,Sep 23 2006
14,14,"Unbelievable Bad I stayed week September 2006 north wing, supposedly 'upmarket'. This 1 star hotel. standard room tiny, dirty, aircon didnt work properly, wiring hanging wall, room one tiny window overlooked service shaft. The room dark. Room service appalling. food overpriced mis-represented. eg stewed peaches 3 peache halves straight can. Telephone unreliable due poor wiring. Business center vastly overpriced terible service. Porters surly. A plague umbrella sellers, pen sellers, watch sellers cluster around front door chased away staff one would expect reasonable hotel. I speak Chinese 4 fights reception various aspects room, service on. DO NOT stay here; visit jazz bar drink, take photos building, food across road peace annexe (south) support smelly, dark, overpriced rip-off! (only good aspect location - right Bund Nanjing rd)",-0.06257763975155278,0.5207556935817805,Sep 13 2006
15,15,"Good Bad There positive negative things say Peace Hotel. If looking decent place stay great location, place. If want luxury, need go elsewhere.Positives: LOCATION. Right Bund beginning Shanghai's main shopping street, Peace Hotel best location city. Otherwise, I standard room bathroom old tired, room spacious. I needed extra bed room, even bed plenty space room.Negatives: The bathroom terrible. Staff generally short rude, nowhere near helpful. I asked several times recommendations get tailored suits Shanghai, time concierge directed wrong place. Also, check I went main building (North) staff informed I booking even though I pre-paid Expedia. The problem I booked South Tower. Apparently different booking systems. Word advice Shanghai well: taking taxis, NEVER take red taxis. They run unethical company rip off. Stay green cabs.",0.02165334665334666,0.4233141858141858,Aug 19 2006
16,16,"Fantastic Peace There many things say Peace Hotel, must say location fantastic located bund Nanjing road. It 5-10minute walk major shopping Nanjing road, bright neon lights, like mini Vegas.The hotel's ambience relaxing friendly, great jazz band play great oldies. The room like apartment huge, bathroom something would see suite.No complaints, one restuarants best chocolate tarts i've ever tasted. TO DIE FOR!!!If going back, would never second guess stay, unless cause booked POPULAR!!",0.4609375,0.6062500000000001,Jul 31 2006
17,17,"Peace of.... After pre-booking Amex Travel, front desk staff refused honour standard corporate rate company demanded I pay 40% more. After 10 phone calls various managers 40 minutes later, unfriendly front desk staff finally relented giving pre-negotiated rate. My reward perceived stubbornness dingy room damp peeling wallpaper, yellowing curtains, TV didnt work, lovely view across dark alley adjoining brick wall. I must say I warned posters staff facilities thought perhaps might bit exaggeration happening here. Next time I'll pay $10 try somewhere little higher Tripadvisor popularity index.",0.09903846153846155,0.38653846153846155,Jun 15 2006
18,18,"Good location This landmark great location, historic things (like air conditioning) always work anticipated. Stayed large group standard rooms hardest beds I ever life. Service good, overall cleanliness good. Staff pleasant, overly friendly helpful asked something. I think good value money. Property nice restoration work modern upgrades tastefully incorporated.",0.4402014652014652,0.48809523809523814,Jun 1 2006
19,19,"Peace Hotel bad anticipated I always wanted stay Peace Hotel, reading reviews I reluctant. It much better I anticipated.I found front desk, bell hops, concierge professional friendly.I eat restaurants I cannot comment.Definitely DO NOT waste money jazz band. It beyond terrible, totally key ripoff. The hostess jazz bar rude obnoxious.The rooftop bar worth price drink; really fantastic view.My room small, least expensive available main building.The bathroom modern clean, room nothing great, bad price I paid. There distant construction going on, enough noise bother me.All all, bad. One night enough experience old-world atmosphere.",0.036449275362318845,0.5405797101449274,May 6 2006
20,20,"Stay away! They try say 5* hotel- NO WAY. I upgrade room bec SURPIOR room I ordered garbage view yard. The resturant 2* resturant, terrible service I charged food I get. No Peace hotel. For 190US$ much better",-0.25,0.6666666666666666,Apr 25 2006
21,21,"Too many locals I spent two weeks tour leader China. Shanghai last city I requested tour company stay Peace Hotel. My last stay wonderful. This time rooms like saunas AC ask fans. Also, dining room staff slow sometimes downright rude. My main beef local country people using front steps pick place tours around city. If something soon idiocy, lose overseas customers. Trying push seetheing mass yelling people pleasant.On good side, close everything house-keeping staff always obliging. PS. Never stay Zhouzhuang overnight. They still learnt set tables breakfast.Cartam",0.12424242424242422,0.3696969696969697,Apr 11 2006
22,22,"The checkin warning The check warned us, staff rude abrasive smell sewage desk hardly five star. On first entering room looked impressive furnishings fittings looked tired bath drawn water yellow. Our bed like sleeping old ornate doors TV far away worth on. Breakfast basic affair bacon scrambled eggs greasy toaster useless staff hard attract. A simple request milk delivered room met total lack communication. Waiting room service meals drawn affair end result dodgy anyway. The bar mezzanine level smell nearby toilets wafting combined smell sewage cooking present whilst waiting lifts upper levels. Our upgraded room looked across building site work going hours night. The staff noisy hallways constantly banging doors service areas. One many surprises coming back room day temperature 3Â°C find heating turned off. Whilst exploring hall runs foyer Bund entrance noticed doors appeared closed found halfway hall driven back stench raw sewage. The thing missing Basil - five star no, Fawlty Towers yes!",-0.028786324786324792,0.36880280830280826,Mar 29 2006
23,23,"No Manners I recently stayed Peace Hotel Shanghai parents, room charming, staff not. We stayed one nice suites facing river room o.k., though carpeting furniture little old holey. The front desk staff, however, rude least bit helpful. I live China I accustomed Chinese culture, kind cultural difference, RUDE. If never China, think need help finding restaurants, places interest, etc., stay here. You'll lucky front desk staff acknowledge presence let alone provide information.",0.1140151515151515,0.5294871794871795,Mar 20 2006
24,24,"Old World Charm I pleasure visiting Shanghai business February spent free time, 3 nights, Peace Hotel. I used Trip Advisor guidance got I expected, old world charm old dated added pleasure trip.Excellent location The Bund, close shopping Yu Yuan Gardens Old Town. I would happily stay again.",0.1588888888888889,0.46222222222222226,Mar 9 2006
25,25,"never I stayed Peace Hotel May 2005. It experience I wish repeat. The room smelly, furniture broken glued together sort superglue upholstery dirty I dare sit chairs without putting clean towel onto seat! My reservation non-smoking room - apparently means arrive room housekeeping knocks door take away ash trays! The window close properly - course stop rain entering room 1 inch gap window. The whole window side damp (it rained days) soaking wet. On top expensive Sheraton Marriot Hong Qiau - problem hotels booked first night due trade fairs.",-0.03784722222222222,0.4298611111111111,Mar 6 2006
26,26,"Well past Sell-by date Having recently spent night Peace Palace hotel, world famous long colourful history, I extremely disappointed cleanliness, service facilities. The hotel, particularly rooms, dowdy grubby. In fact whole could thoroughly good spring clean. The attitude staff leaves much desired, one gets feeling favour simply talking you.The well known âJazz Barâ nothing rip-off. Even guest, expected pay privilege buying drinks there, listening Geriatric Band way past Sell-by-Date. The band sound though old wind record player whose spring broken, certainly âjoie de vivreâ left. The Peace Palace living past reputation, day age, certainly classed 5 Star hotel.I recommend anyone.",-0.014069264069264077,0.4287878787878789,Nov 26 2005
27,27,"Historic older Peace Hotel Spent three nights historic Peace hotel, wow place, good, stayed least expensive room, quite Hilton, around time pretty inside, service great. Its based short walk river end main shopping street. loved it, try .",0.14702380952380953,0.5226190476190475,Nov 26 2005
28,28,"Peace Hotel - excellent stay great location I truly worried stay Peace, reading reviews below. I therefore pleasantly surprised find room HUGE (as big one I Island Shangri-la, admittedly Hong Kong). The room clean amenities provided (toothbrush, toothpaste, slippers etc) par even better luxury hotels. We stayed part package, even accorded one better rooms (we rubbish view). Staff pleasant I found breakfast good quality. Our friends' room slight smell personally I always burn lavender candle can't see problem is.The location perfect - 3 mins Bar Rouge Bund 8 issue hawkers/beggars besiege moment step outside, that's hardly Peace's fault.In short - great stay would stay again. As Pudong - well Shanghai traffic awful personally I prefer Bund side. Obviously business Pudong may suit better, Peace cannot beaten.",0.2700757575757576,0.6056818181818182,Nov 14 2005
29,29,"Peace Hotel Was Just Fine Spent two nights Peace Hotel. I room facing Nanjing Road, 5th floor. And yeah...It's noisy street (but late night). I suppose windows open, would bother, even 5th floor. But muggy often, I can't imagine open anyway. I know 'new' wing vs. 'old' wing, room spacious, clean, big bathroom nice amenities, good minibar, decent selection television channels, including CNN.The built 1929, restored kept intact, far I see. One could call gloomy, I suppose. But authentically gloomy, so. There great architectual details around, everything needing updating seems updated.The staff helpful friendly. The concierge arranged dinner reservations one evening without hitch. No questionable billing tactics kind thing, everything be.Breakfast uppermost floor like buffet breakfasts get China: Some Western things, Chinese things, pllus omelette chef. It fine me...Plenty choose from, tasty. In fact, last morning, arranged 'breakfast box' us, flight early, gave us something road.In all, I would say like charming old hotels, want feel like Shanghai fabled 'Paris Orient', Peace Hotel would great choice (though might want make sure 'right' wing building get room like mine). However, modern kind place, probably you. As service, may pampering hotels around, anything I wanted provided.",0.2876892299619572,0.5546206655297564,Nov 5 2005
30,30,"Let Rest Peace We asked central location stayed first last 4 nights. On first visit I wondering fuss about. The certainly needs lot capital investment room clean, reasonably spacious light. What change though returned room overlooking light well centre. The bathroom mouldy, floor looked cleaned time. We changed another, larger room 'executive floor' shabby cleaner. The room dark even daylight possible read sitting beside one lamps. A disproportionate number staff name tags stating trainee but, particularly dining room, appeared disorganised and, shabby, ill fitting uniforms, somewahat lacking customer service attributes. On morning left, still setting breakfast early eaters gone.Don't it. There reason choose relic.",0.11958994708994711,0.5226719576719577,Sep 9 2005
31,31,"Stay Shangri La Pudong- price better evrything!! The Hotel truely mixture ancient modern decore built Gothic Style, known luxury magnificence.(not more!!!).We come Shanghai often usually stay Pudong Shangi la fabulous decided try Peace Hotel change. What disappointment!! The good thing location Bund shops/markets. The Jazz Club fabulous expensive, even coffee overpriced.Our room airconditioning broken down, asked reduce fee Peace Hotel sorry, sorry, sorry no...no... The restaurant looks impressive service slow ordinary.The worse thing staff rude!!!! They need lessons The Shangi la Hotel. We decided never stay again!! I still stop visit toilet coffee(even though I know I'm ripped off) least clean civilized.",-0.05535300925925927,0.6259953703703703,Aug 9 2005
32,32,listened,0.0,0.0,Aug 7 2005
33,33,Shocker!,0.0,0.0,Jun 23 2005
34,34,Not good idea,-0.35,0.6000000000000001,May 13 2005
35,35,Who people?,0.0,0.0,Mar 3 2005
36,36,Shut down!,-0.19444444444444448,0.2888888888888889,Jan 27 2005
37,37,Ideal Location,0.9,1.0,Nov 17 2004
38,38,Not 5-star,0.0,0.0,Nov 12 2004
39,39,faded star,0.0,0.0,Aug 17 2004
40,40,What nightmare!!!,0.0,0.0,Jun 17 2004
41,41,?????????????,0.0,0.0,Aug 8 2009
42,42,??????????,0.0,0.0,Feb 3 2009
