,Unnamed: 0,Reviews,polarity,subject,Dates_extracted
0,0,"good value location This definitely compared international chains clean, efficient, staff helpful. Just used people smoke around 3 dedicated non smoking floors people still smoke hallways...Location, quite convenient walk 5 mins shopping street. If single male, BE PREPARED solicited walk front drop massage bunch men. Just keep walking get drift.The room smaller then, sleeping cleansing right? The washroom took 50% entire room, separate shower tub.I stayed 1 night acceptable I stay longer, may issues cleanliness I found many condom wrappers bed night table I looking! If travelling family, I would highly recommend quick make sure room G rated kids ask end ketchup packet beside bed.",0.20661904761904765,0.5002592592592593,0.5002592592592593
1,1,"OK bed hard avoid Chinese restaurant The room acceptable bathroom nice. However bed hard, I got back pain. What really annoyed cashier Chinese restaurant 2nd floor, I think. It last night I dollars credit card. All places went accepted credit cards big surprised accept it. So I told I go lobby offered hundred dollar bill security case I come back. My dinner less $50 I annoyed cashier looked I thief refused. She ordered staff accompanied lobby staff apologized elevator. I never treated horrible way I angry stupidity cashier. For reason, I go back even free. Her ignorance cluelessness beyond comprehension.",-0.09844444444444447,0.45577777777777767,Nov 13 2009
2,2,"Good great The counter/bell/concierge service decent, presumably due business clientele may targeting. Airport transfers somewhat expensive - avoid time book take public transportation. The single rooms standard furnished small. The twin/double rooms reasonable size. In-room, wired internet access available chargeable. Breakfast poor terms selection quality - try cafes eateries neighborhood better value orientation area time. In vicinity: mix commercial/office buildings accompanying banks/post offices/similar amenities. The location major roads servicing area mean several visitor destinations affordable cab ride away. People's Square Nanjing East Rd (shopping district/pedestrian mall) less 10min away foot, convenience stores local sundry shops eateries along route. The Bund 15min walk away unfortunately road/construction works, maybe expo coming up. Overall par, rates could considered high could indicative segment targeted.",-0.026583850931677023,0.3918167701863354,Aug 21 2009
3,3,"Good facilities so-so staff annoyances... This lot going it, quite managed right. The front desk staff spoke limited English none friendly accomodating. During check-in, bellhops offer help many bags. The concierge great. Most annoying...expensive Internet, expensive coffee breakfast included. I also lost items I purchased...not sure hotel, review theft may mark. I wish I would spent another $20 $25 night stayed JW Marriott (check travelocity). Location good, closer hotels Nanking Road.",0.27417582417582415,0.47634310134310126,Aug 6 2009
4,4,"Great value good location black teabags! We back 3 night stay good 4 star convenient location, couple blocks East Nanjing Road maybe 4 blocks The Bund. For Aussies like eat M The Bund straight walk Guangdong Lu get there.Our non smoking room 16th floor quite big massive bathroom. It clean good airconditioning typically China hard beds.As non coffee drinker I dismayed find coffee sachets provided make hot drink.House keeping could provide black teabags room service deliver one room. On requesting another teabag next day I told I would pay it. I offered exchange coffee teabag go. Green teabags provided either.A small frustration good value hotel. I'm sure people 16th floor, business seemed incredibly quiet. We paid $A305 3 nights. A special deal offered via Expedia. We try restaurants hotel. But loved Paris Baguette shop across road.",0.1938968253968254,0.5476349206349208,Aug 1 2009
5,5,"Excellent Value I stayed 10 nights June. Only 3 floors non-smoking. I booked non-smoking room executive floor, which, I found I arrived, exist. I immediately offered upgrade suite non-smoking floor, complementary internet access. A steal $80 night. Staff, particularly Concierge desk, helpful. Breakfast buffet great, filling reasonably priced. Other great choices within easy walking distance. I try restaurants. Terrific location old-school neighborhood. Easy walk everywhere. The room bathroom decent: quiet, clean, spacious, modern. The bed hard, fine. I'd absolutely stay again.",0.18969298245614039,0.6554824561403509,Jun 16 2009
6,6,"Enjoyed stay We stayed Bund Shanghai May 6th-7th thoroughly enjoyed stay. We family three kids (12. 9, 8 years old). We arrived Bund late night first night China. We lots questions employees lobby, helpful. The next morning leaving early catch train nearby city. They made sure made correct train station delivered box breakfast room left. They went way help us. Housekeeping incredible! We needed extra towels ice, delivered promptly. The tucked away neighborhood 5 minute walk Nanjing Road, nice pedistrian shopping area 10 minute walk The Bund Pedestrian Walkway along river. We enjoyed observing life Chinese neighborhood. There also French bakery (with free internet) convienent store around corner. The room bathroom plenty space. There two large twin beds room. We paid roll-a-way brought in.On second morning stay, enjoyed breakfast buffet, included Asian Western food items.. Everything delicious! Check-out time 12 noon, let us check 2 p.m. without charge. We leaving sleeper train Beijing 9:40 p.m. held bags backpacks evening shopped ate.We would definitely stay again.",0.2473714285714286,0.456831746031746,May 25 2009
7,7,"Great location great value: $54 per night four star The Bund Shanghai Bund confused Hyatt-on-the-Bund Hotel.The Bund Hotel modern four star ideally located center central (Huangpu area) Shanghai. The East Nanjing Road pedestrian zone (and metro stop) 10 minute walk north; Peopleâs (Renmin) Park (and major museums metro stop) 10 minute walk west; Bund waterfront 20 minute walk east; Yuyuan gardens (and old town tourist zone) 25 minute walk southeast.Unlike new hotels Pudong area, elegant located isolated tourist wasteland, Bund (relatively) quiet Guangdong Road low rise area full small shops local color, within reasonable walking distance many tourist sights.The Bund rooms nicely decorated, rosewood paneling furnishings. Beds extra firm, bed linens excellent. My corner room wrap around balcony windows views three compass directions, like bridge ship. Rooms usual four star amenities. The disappointment TV work (static only) newspaper service (English language papers available read business center). Free bottled water provided marble granite bathroom, teapot provided boil water. The mini-bar internet hook-up usual charges.The front desk staff efficient, concierge staff friendly eager please. A western style breakfast buffet available $12 included room rate. I try restaurants. There options nearby, including French bakery tables (I believe) free wi-fi half block north (the charges $1.50 per quarter hour use business center internet laptop). A large modern supermarket one block west north hotel, several mini-markets even closer. The best part 6 night stay Bund Hotel price -- $54 plus tax per night superior single (actually twin bed double) room booked Travelocity. I usually bid international hotels web, price good pass up, especially since location ideal.Reserving hotels China problematic, since location important -- hotels quite isolated location names suggest. Also, non-smoking rooms difficult obtain (the Bund Hotel 3 non-smoking 22 floors, Travelocity operator even called guarantee I got one). Also, even better hotels China may advertised base rates rooms tiny even windowless, I chose superior rather standard single $6 $48 base rate. My superior single twice size standard single (320 vs. 160 square feet according internet description).To find Bund Hotel Pudong (PVG) airport take Maglev bullet train ($6) Longyang Road metro station, line 2 (60 cents) East Nanjing Road station. Exit metro station onto pedestrian street walk several blocks west Sofitel Hotel, turn south (on Fujian Road) several blocks Guangdong Road. The Bund Hotel one block west (not visible approach it). It 10 minute walk. Watch turning traffic whenever crossing intersection. Street names well marked English Chinese. A taxi airport takes hour. I hope enjoy Shanghai Bund Hotel much I did. Happy safe travel!",0.14916582335413503,0.46058778883454227,May 1 2009
8,8,"Okay I go back. I booked directly. This isnât nice Park Plaza Beijing beds horribly hard. Our room (#1607) city views backside. We could see nearby freeway. The room two double beds nice large bathroom. The employees friendly exception William concierge desk, helped us obtain train tickets Hangzhou. The location great, 15-minute walk Nanjing pedestrian street. I especially loved area around street, quite colorful street food vendors small shops. A grocery store nearby, well pastry/bakery. I stay unless I got great price.",0.3117942176870748,0.547874149659864,Apr 5 2009
9,9,"Good 4* Hotel downtown shanghai Booked w/ Ctrip I arrived HongQiao airport. Got 930am let us check 11am ok, walked around 11am. Taxi airport 55RMB, rush hr traffic, steal.Hotel located close bund Nanjing Road. Probably 5-10 mins Nanjing 15 Bund Walking. Near highway easy get HongQiao elsewhere.It's relatively quiet corner Shanghai, Fukien Lu Guangdong Lu. But still close action. The room clean large. Had corner room w/ two twin beds (but seems like oversized twins.) Had computer room great! Free internet usage. Usual chinese amenities, toothbrushes, slippers, robes. Bathroom separate tub shower nice. Housekeeping OK job, nothing write home about. I think changed sheets/pillowcases I stayed two nights I care. Staff decent english China plus friendly.",0.28921957671957677,0.5201058201058202,Mar 9 2009
10,10,"great accommodation - great value Shanghai Our stay Bund terrific I'm surprised comments Tripadvisior. The rooms modern, spacious spotless. Whereas staff modern spotless. There language problems everyone seemed committed making stay pleasant possible. Also hotel's location (some 800 mertres actual Bund) superb visitors. And finally, Bund Hotel flashy town, represents outstanding value money.",0.3095238095238096,0.7101190476190476,Mar 5 2009
11,11,"Thiefs work I left computer room here, missing I returned. The managers told I must misplaced it, I 100 percent positive left bed. They said would look surrveilance tapes see anyone entered room. They said could see maid, see take computer. They refused show video tapes, would help filing police report. Needless say, DO NOT STAY unless want things stolen room.",-0.09610389610389611,0.39935064935064934,Feb 19 2009
12,12,"Okaish good location We stayed bund heading south china despite read found o.k rooms vary size due floor plan hotel, staff happy change rooms. They usual tricks check one breakfast double such, prepared haggle bit. Chinese hotels loud, thats way - like go international chain half fun double price. Breakfast avoided ,if rather choose better rate, head Paris Croque shop side street",0.12380952380952381,0.34047619047619054,Jan 3 2009
13,13,"Pass. Don't stay business hotel. While place nice inside staff kind, stretch four-star business hotel. The rooms loud, including crappy floor groaned every step. Room bad buddy, though. Just, worth money. It nice, though, PC live internet room. I liked that, knowledge I never pay it.Best part stay bellhop interpreted cab driver I going pay half wanted charge me. He trying best scam me, I speak Mandarin, bellhop interpreted getting money wanted me. The bellhop thought funny. He best professional, though, laugh scamming cabbie simply interpret. By way, use cabbies official cab area Shanghai airports. Everyone else basically scam. There reason I'll never stay again, though. My clothes bathroom floor I showering. I know time shower leaked fast I could lather head. My clothes day soaked. Not little wet, freaking SOAKED!! So, I find another outfit wear day. This near end vacation China I already shipped dirty clothes back States make room souvenirs, etc. I clothes, wanted completely wet clothes, course, cleaned dried. (Or least dry.) The bathroom floor flooded every time showered. We get extra towels basically build small wall take short showers. I asked multiple people around waive drycleaning charges. No one would. It 100% hotel's fault bathroom flooded clothes laundered, matter 'manager' I spoke hotel. This joke. No one would waive laundry charges one even offered change rooms. Business hotel? They business.",0.08292033235581622,0.5038863287250386,Jan 1 2009
14,14,"Average best The Bund Hotel significant aspirations...looking outside looks contender 4+ star least know judge book cover.We probably arrive ideal condition, sweaty smelly train 10+ hour journey HK...but still something walked said looks good problems behind scenes...The foyer/restaurant area particularly grand walk trys impress level Royal Park HK somehow fails...i know describe appears maybe trying hard much gold etc. making place look tacky days went weeks stay hotel.The two best things Room location. The room particularly good almost double/triple size room HK although granted level amenities LCD TV, spacious bathroom/shower area etc. TV cupboard (which one pet hates)...but apart room superb.The next best thing location literally short stroll Bund Bund Sightseeing Tunnel good way getting across Pudong.The worst things keeps even getting three stars quality restaurants, quality breakfast , cleanliness overall attentiveness staff. The restaurants amazing got European option Pizzas, pastas, steak, burgers etc. Chinese restaurant actually pretty good interior needs good refurbishment looked bit run also, got Russian restaurant perfectly honest fancy all.Breakfast bad felt bit &quot;meh&quot; fantastic breakfast buffet Royal Park HK. Cleanliness high priority hallways corridoors lead rooms kept tip-top condition atall...they're quite dirty dust/cobwebs lights ground dirt faded carpets. The staff top attentive atall tended chat whilst waiting served food/tea/coffee etc. breakfast Lunch/Dinner.To Summarise Bund Hotel could excellent cleaned act little, refurbishment little extra staff training...investing better restaurants slightly better amenities moment unfortunately holds back average. On Month holiday China worst stayed (eclipsed even New World Xi'an Â£30 night!)",0.16017150673400676,0.5092034932659932,Dec 7 2008
15,15,"Small Nice Just came back China. Stayed The Bund Hotel 4 nights. Location great, walking distance Nanjing Rd, People square &amp; even Xantiandi. We upgraded excutive room, nice decor. The surrounding quite run actually quite charming. You see really interesting aspects life Shanghainese. Only thing lot people working speak English. The front deck &amp; concierge good though.",0.2912037037037037,0.5532407407407408,Nov 28 2008
16,16,"Not Have stayed twice November business. First time standard room, last time executive room. Still can't understand I paid smaller room!Breakfast better options main restaurant, &quot;Executive&quot; benefits joke. Housekeeping leaves alot desired, replace coffee sugar 2 days. Had keep phoning little extras make life bearable away home.I would stay again.",0.19212962962962965,0.3592592592592593,Nov 19 2008
17,17,"Noisy rude I thought room looked nice; quite spacious, fairly new, big tub, good view massive window. And location pretty good tourist purposes, despite actually anywhere near Bund all. This concludes anything positive I say place.I completely agree previous poster bad choice want get sleep. The bed comfortable. The heating work, although could control hard wanted cold air blasted you. The walls appeared conduct sound rather insulate it. And seemed lot sound: bathrooms, guests coming back late shout hallways, cleaning staff shouting first thing morning, etc. On top that, I found staff cold brusque completely unsympathetic complaints. This contribute positively Shanghai visit I left feeling tired frustrated. Maybe I unlucky time I risk again, recommend anyone else risk either. I hesitate slightly say so, I think perhaps western management would better choice.",-0.005808080808080806,0.49292929292929305,Nov 4 2008
18,18,"Terrible want sleep Positive reviews travelers may justified respects.In case, experience terrible. On floor, I several nights groups Chinese laughing, shouting, meeting around elevators 2 3 am. The last 2 nights, I 3 4 hours sleep.If consider central point judged quality calm sleep get, may enjoy points mentioned reviews.Good luck",-0.07097902097902097,0.5201631701631702,Oct 31 2008
19,19,"Bad service dirty decent location Location close major attractions immediate surroundings old dirty. Front desk unpleasant., unhelpful, plain rude. Concierge friendly little greedy--tried helpful fee attached. Bathroom dirty. Overall, would stay recommend unless one desperate reasonably low price Shanghai peak season. Would recommend paying little staying slightly farther foreign-/American-based chain like Holiday Inn rather Chinese-owned one.",-0.18956766917293233,0.568796992481203,Oct 30 2008
20,20,"Dont get excited upgrade Location convenient - easy walking distance The Bund Nanking Road. Hotel bit dated decor. Staff generally friendly speak good English, especially Concierge staff also helpful.If ever get upgraded Executive Room like did, dont get excited glorious may sound. It simply means get : - exclusive checkin Level 22 (instead ground floor) ;- free access internet service (not free internet access). They PC use L22 need pay 40 Yuan 1 hr interneT access 80 Yuan 24hrs.;- breakfast Level 22 (instead Level 2 masses). However, food selection Level 22 limited. One better breakfast L2 masses. There difference level service here. - free happy hour around 6pm (not sure drinks serve never back time try)We found bit toe nail carpet room first checked in. This Executive room!",0.2463988095238095,0.554920634920635,Oct 30 2008
21,21,"Ruined noise rude staff The Bund overall fairly nice hotel, thanks service I really regret staying there. The rooms quite attractive price - I one really mind hard beds. They seem cut corners (e.g. air con, tv shower bit unreliable) view great location bad all. However, turned staff front desk barely looked us, smile all. Didn't think much time, second day woken early morning shouting. This carried hour point trying sleep more, I got up, exhausted. Went downstairs complain (very politely), try really hard get guy reception look me, mixture boredom hostility. Told noise, carried staring me, said &quot;Well want it?&quot;. Was stunned I muttered something thinking might want know, person next lost patience snapped &quot;maybe could ask stop!!!&quot;. To reception guy gave sarcastic laugh said &quot;OK&quot; (i.e. &quot;whatever, go away&quot;). I've stayed number hotels China, I expect much; I need kind grovelling customer service considered necessary much west. But I think, basic, interest providing somewhere people actually sleep, speaking like respected human beings. The Bund failed come close either regards. I Shanghai couple days, totally sleep deprived one them. I guess back luck involved - maybe staff shout every morning - care getting sleep I'd say definitely go elsewhere. The Bund needs replace retrain front desk quickly (and soundproofing would good well). Otherwise I hope go bust.",0.1334615384615385,0.43051282051282047,Oct 29 2008
22,22,"A1 location Stayed 4 nights.Paid little bit extra (but well worth it) executive room located top 2 floors hotel. Staying executive room exclusive check-in level 22 rather reception ground.Free internet usage best bit happy hour every night 6:30pm 8pm level 22 free drinks. The bed comfortable, bedroom bathroom quite big clean.The staff spoke good english helpful.The location great, 20min walk bund, 15min walk subway (Nanjing East station) 10 min walk Nanjing st.Would stay again, really enjoyed it.",0.39616666666666667,0.482,Oct 21 2008
23,23,"Great location OK quality The Bund Hotel well located within walking distance Bund, Nanking Road etc. The room spacious others China useful daughter us required extra bed. The bathroom enormous. Furnishing OK, beds hard China. A good value money without great.",0.38083333333333336,0.5141666666666667,Oct 19 2008
24,24,"Good Tourist Hotel We stayed Hotel seventh floor 8 nights October. We found well situated The Bund, Peoples Square shopping 10 15 minutes walk hotel. The quite, service reasonable concierge extremely helpful directions tourist information. Pitfalls, beds harder places stayed China. Buffet breakfast satisfactory, drinks bar expensive. An average 10 dollars Australian glass beer spirits. The security good",0.13611111111111107,0.48888888888888893,Oct 19 2008
25,25,"functional adequate This fine. Nothing great, nothing horrible. Nearest subway 6 blocks away. The bund 10 blocks away. Breakfast mediocre. Coffee great hard get. The omelet guy pretty good. There large selection mediocre food.Room spacious. Room 180 degree view, 16th floor. Nice look window city below. Of course plenty much taller buildings city. The bed extremely hard, I prefer firm bed. TV remote missing, I never bothered complain. room safe provided. bathroom fine, small.Concierge great. They really tried helped find method get laundry done... All round, fine.",0.09409937888198758,0.5715320910973084,Sep 21 2008
26,26,"Good location good value The Bund great location walking Bund (10 minutes), Yu Gardens Nanjing Rd. The immediately surrounding streets slightly down-at-heel nothing sinister. Good value money, clean well-appointed room (go Deluxe noise). Definitely 5-star lobby slighly worn air-conditioning fabulous, fine we'd stay again. Staff (contrary reports) helpful including booking theater tickets writing place names etc Chinese. Restaurant appalling went emergency! French-style bakery useful. Get name chinese characters taxi airport. The Westin road great breakfast - expensive worth splurge!",0.17222222222222222,0.5143719806763285,Sep 2 2008
27,27,Good Shanghai NB: This actually BundBut great location. Walking distance Nanjing Road Bund. Lots stuff close-by.The room clean comfortable breakfast fine,0.4472222222222222,0.5750000000000001,Aug 5 2008
28,28,"Great Location great price Paid $120NZ (cheap expedia) stay night definitely worth it. Was half way Bund, museum main shopping st Nanjing St. Was nice hotel, clean large room. Only problem outside bathroom water leak making wet patch floor. We problems checking in, although make us wait till require 12pm time check in, stored luggage took shops.Cost us 150yen airport get too.Would recommend staying 4 star place.",0.2909126984126984,0.5490476190476191,Jul 22 2008
29,29,"Recommeded Stayed 4 nights last month would definately recommend others. We paid little extra upgrade executive level worth free internet access executive lounge. Our room good size, immaculate nicely furnished. The bathroom also large well appointed, bath well separate shower. We nice high impressive view night skyline. Hotel staff helpful overly friendly. We ate resturant (there 3) satisfactory bit souless relatively empty.The Bund smack bang middle everywhere want go problems sightseeing going eat. In fact across road nice frech style bakery fancy little bit western indulgence.",0.25412698412698415,0.5075132275132275,Jul 18 2008
30,30,"Great location Good experience overall. I would definitely return.PROS:Location - Ideal sightseeing, interesting sites (East Nanjin Road, People's Square, Huangpu River, even Old City &amp; YuYuan Garden) within walking distance. Very convenient well take underground, 5 minutes walk line 1.Room - Nothing spectacular quite right. A/C, SafeBox, etc. Unlimited access high-speed internet included Executive room price. Nice bathroom. The mattress ok.CONTRAS:- English level staff (which friendly, way) pathetic.- Breakfast rather disappointing - pity get awful Lipton tea China! - And THIS orange juice, I cupboard.- Due central location, Chinese likely harassed people offering watches, sunglasses, IPods... well girls (there red-light district nearby).- I little problem computer room, I could fix since OS Chinese. But I called front desk came within minutes.- AVOID THEIR CHINESE RESTAURANT!!!!!!!!!!!!!!!!!!!!!!!!!!!!!!!!!!!!!!!",0.07803782755705829,0.5075126796280641,Jul 7 2008
31,31,"No air conditioning night This third stay The Bund convenient location, good value price, ongoing irritant management's &quot;energy saving&quot; practice turning air conditioning midnight 6:00 a.m. Waking 3:00 a.m. warming room unpleasant.",0.01666666666666668,0.5166666666666667,Jun 29 2008
32,32,"Comfortable slightly old fashioned The Bund Hotel comfortable. My rooms pleasant, although elsewhere feel decor little dated maybe lick paint order. The breakfast selection good, although I dinner first night restaurant great....would recommend eating outside evening. The concierge helpful speak good English. Its worth pointing quite 5 mins walk The Bund Nanjing Shopping street website points - much like 10-15min walk, single traveller I felt (perhaps uneccessarily) safer taxi, costs 50p (UK) destinations. I meetings afield, perphaps worth noting ever were, concierge assured journey would 10mins usually something underestimation!",0.21955026455026452,0.43597883597883585,Jun 24 2008
33,33,"Nothing special I stayed Bund 5 nights May. Overall, good standard hotel. It's nothing exceptional, pleasant stay in. The location good (close main shopping road, 15/20 min walk Bund, 20/25 mins walk old town) The room clean, bed large, bathroom goodies good quality. No problem all. Just felt like average international 4* hotel...",0.3410544217687074,0.45952380952380967,Jun 4 2008
34,34,"Not fussed Bund Hotel My wife I recently returned Shanghai first visit China. (23 -28 May 2008) We might spoilt staying Holiday Inn Central Plaza Beijing comparable price discounts booking early.The Bund Hotel cheap everything need comfortable stay. There lot roadwork going front moment bit noise.The best thing found great meals Shandong Road. When come turn right head toward Bund Shandong Road 100 metres left. For breakfast ate 'Jianbing' like pancake cooked hot circular griddle topped egg covered shallots coriander, dollop chili folded, cut two placed bag. All 2 1/2 yuan gets lunch time.For lunch dinner another place two doors get Jianbing hand pick vegetables, tofu, etc want boiled large pot delicious soup. Buy Tsingtao beer across road 4.40 yuan set table side road outside cafe feast. About 4 yuan meal eat like king next nothing.Can also recommend foot massage Wei Jun Bund side Westin Bund Hotel (about 400 metres Bund Hotel) $7 absolute heaven. Take along Tsingtao really want decadent.Enjoy!!!",0.2710841049382716,0.44029982363315695,Jun 1 2008
35,35,"Really Liked Bund Hotel We arrived Shanghai Sunday afternoon took taxi bus station Bund Hotel. Check-in smooth (as every stayed China) soon room liked much. I surprised find addition CNN, ESPN YES broadcast Yankees baseball game (from days before, still first Yankee game season I able see I heaven). The room extremely comfortable (aside hard bed, China knew expect found beds firm... stop us sleeping fine, though.) We booked Superior Room 830 RMB, given room high floor, looking street local buildings.We liked control panel next bed, controlled room lights television found bathroom perfect order everything could need plumbing working fine).As noted, middle everything walk many areas take one multitude taxis available (except pouring rain getting taxi problem might expect). The doorman always helpful flagging cab us one requested ride airport waiting schedule. We walk around night problems whatsoever. We also got used walking Metro entrance People's Square, great many lines stop there... 10 minute brisk walk. We also enjoyed walking streets around checking local shops businesses.I used Helen Huang Spa found people friendly foot massage I excellent. I also used computer Business Office, reasonably priced (but cheap internet place outside would been). The young women working helpful pleasant. When connection slow, I complained gave extra time. (Note: This hotel's connection speed. Later trip went Beijing used free-standing internet place connections much quicker hotel!)As noted, branch Paris Baguette, bakery chain, right across street picked goodies breakfast evening. On first day I received message prospective dinner companion (given us desk check-in delivered room second time, contained wrong telephone number). The Concierge Desk able make reservation us restaurant choice, directions sometimes unclear English terrific (that's number wrong message). They nice tried hard please... aware would issue dependent Concierge service speak Mandarin.On whole, liked Bund Hotel aside long walk Metro, I would recommend hotel.",0.2019968820861677,0.4885941043083899,May 27 2008
36,36,"Executive Room beats My wife I spent two weeks China staying various hotels various cities. This best. In Shanghai pre-booked 2 nights Bund 2 nights Radisson New World, thinking Bund might live reviews site. We stayed whole time Bund, Radisson good view room expensive smaller.The Executive Rooms top (14th) floor probably best book early busy season. They good size (for China) include desk. The decor room excellent, room dark wood panelling gave warm homely feel, much better sterile modern hotels stayed later trip. The bathroom immaculate - well designed big bath, separate shower everything kept clean.The actually Bund, easy walking distance tourist areas Nanjing Rd Bund. This turned good thing - chased beggars people trying sell us watches etc soon left hotel. We breakfast excellent French bakery across road breakfast places locals used nearby cheap.The minor complaint internet (free) little slow, still OK.If go back Shanghai need check hotels offer, we'll go straight here.",0.21735037878787877,0.4341969696969696,May 20 2008
37,37,"Above average paid... minor quirks For paid (approx CAD $100/night), got decent Shanghai. Check-in smooth. I expect staff English great that's okay me, although bellhop's English quite good even gave us pointers rode elevator him. People saying staff rude... people, part Chinese culture. They rude, is. In North America, considered overly polite fake. But I digress.The room two doubles quite large 12th floor. Bathroom nice, marble tub shower. From afar, bathroom looked spotless &quot;sitting&quot; around, notice could've done better job, although decent enough.I pleasantly surprised see electrical outlets accomodated North American plugs, except two tv functioning (not big deal, plenty others).I checked gym 3rd floor items like treadmill cycle.The restaurants lower floors looked quite busy lot foreigners seemed like dine rather go out.Noise: I can't remember reading anywhere Friday, Saturday, Sunday, restaurant 3rd floor turns club-like setting pounding bass-throbbing music. We 12th floor interestingly enough, could hear sound washroom, main room. All I say is, try get floor high I can't imagine could hear lower floors. It loud.My gripe internet. I know China blocks 10% internet sites I sure half time internet blocked connection flaky. I think both. The internet 80 RMB/24 hours, going charge much, better flawless, blocked sites, not. One time went good hour I call someone help, resolved.Location: ok every review I read said central. This true. It's right centre attractions. Meaning, particular close everything... right smack dab middle. Can't really complain again, price paid, fine. Just expect doorstep main attractions: The Bund, Nanjing Road, People's Square/Shanghai Museum. Although Nanjing Road would closest one three, 7 minute fast walk away (4 blocks). Also, location slightly seedy. Keep aware surroundings walking around 9pm walking around area, although still scary like major US city.Check-out also quite smooth.",0.16979581529581528,0.43360606060606055,May 4 2008
38,38,"Great Hotel I stayed executive level, given provides free (reasonably high speed) internet small bump price, I'm sure afforded better level service.Room chairs could actually used reading, nice firm bed welcome flight Chicago.The location good: I found pretty much anywhere I wanted go walking distance.My &quot;suggestion improvement&quot; Chinese version location printable website cabs could find easily airport.",0.3290196078431373,0.6183660130718954,Apr 26 2008
39,39,"Good Service beds could better We arrived Bund Hotel recommendations fellow Tripadvisor members. This great mere 15 minute walk Bund 5 minutes Nanjing Road. The service good, especially concierges bellboys. When asked good Chinese restaurant, candid told us go another restaurant(despite hotels Chinese restaurant); since know area time, bellboy walked us way (great pick, btw). Like another member said, nearby French bakery great convenient. With said, beds much harder beds China (and went Beijing Xian). Nevertheless, overall, great amenities services, location top-notch.",0.39394736842105266,0.5344736842105263,Apr 18 2008
40,40,"Great Location concierge needs improvement My husband I stayed &quot;executive floor&quot; The Bund two nights mid-March 2008. We knew little booked stay rush. Indeed, reasonable price, expecting much way accommodations service. Boy pleasantly surprised! The hotel's large airy lobby houses small concierge stand, souvenir shop small bar area. Because executive floor reservation, however, check ground level lobby; instead, sent 20th (or 22nd?) Executive floor lobby check in. The reservation clerk spoke English quite courteous professional. Unfortunately, arrived Beijing via night train, 10 attempted checked in. The clerk told us could give us room right away, would cost us additional amount equal 1/2 day's stay. Alternatively, offered let us hang Executive floor lobby 11 am. We opted latter, offered coffee, tea free email access computer waited. It bad.We happy executive level room - price executive level less $15 regular room, well worth small extra fee. The room spacious (about 400 square feet), bathroom big too, separate tub shower. One complaint bathroom could've incorporated counter space around bathroom sink toiletries, really, No biggie.We happy cleaning staff well. Our cleaning lady efficient unobtrusive. She picked laundry 11 am, back, hanging closet short hours later - cheap. I'm talking less $2 (USD) pair shorts - excellent prices!The also houses restaurants salon performs massages. We visited Russian restaurant late night dinner (11:30 pm), pleased food entertainment. The menu included western Chinese meals - food prepared quickly tasty. The entertainment consisted singing duo, male playing keyboard background music, female counterpart sang lead vocals Russian, English Chinese tunes. It cute. A patrons dancing, fun.As reviewers mentioned, hotel's location good price. It's 10-15 minute walk The Bund Pudong skyline, 5 10 minute walk Nanjing Road. The downside location interesting view room windows - forgiven exchange bargain price. Lastly, concierge impressive. On three days visit, staffed two employees, neither spoke fluent English. They made recommendations restaurants attractions generally helpful hailing taxis speaking behalf Chinese taxi drivers. Concierge staff play crucial role travelers, especially language barriers exist; therefore, aspect hotelâs customer service really needs improvement. Nevertheless, good value service otherwise good, I would stay again.",0.12125582750582749,0.4088197913197914,Apr 15 2008
41,41,"B E A Utiful Bund! We 2 superior rooms, one queen one twin. The twin excellent size, queen &quot;cosy&quot; go Shanghai tour room, big issue. The bathrooms immaculate, service excellent quiet night.We requested smoking rooms pleased find smoking floors request met.Check Check quick simple I thrilled that, although I speak Chinese everyone spoke English, even door attendant.The staff friendly helpful, door chap great directions, advice getting cabs. Breakfast pricey Chinese standards 80Rmb varied plentiful. We enjoyed breakfast also quick easy found suited need well i.e eat hearty meal get sight seeing. As paying guest breakfast (not room rate) seem keen us pay morning run off, found quite funny, could annoying some.All would recommend great place especially really well located, could walk Nanjing Road 5 mins tube 10. Also great Italian restaurant called &quot;Tartufo&quot; 5 mins walk away Chinese food gets much.It worth noting booked solely great reviews received disappointed. A Great Find!",0.36129032258064525,0.5281874039938557,Apr 1 2008
42,42,"Very good locaion It nice good location, especially enjoy short walks. I actually walked various tourist spots problem. The french bakery across street perfect breakfest coffee unless prefer huge Western Chinese style buffet breakfest hotel.Overall, good experience.",0.34928571428571425,0.5200000000000001,Mar 4 2008
43,43,"Loved Bund! Really liked hotel. We booked executive room perfect size - bathroom good although shower could bit powerful that's opinion! Staff great, really helped directions etc. Location good - walking distance things great. Breakfast good - although staff could little attentive, bad thing something took bit getting used to!!",0.5641666666666667,0.6777777777777777,Feb 14 2008
44,44,"Decent enough hotel...but problems This decent enough, good location 15 minutes walking distance Bund Nanjing street, Hunagpu Park, People's Square, etc., service needs improved. My first night hotel, I ready take anice, relaxing bath go sleep, bath, I get tub drain. Then, I tried call downstairs tell tub, phone work. So, I throw clothes back run downstairs tell tub AND phone. The lady fornt desk came room maintenance guy came. The tub fixed maybe 5 minutes. They showed turn knob drain water. But hard turn. So, later, I used wash cloth plug drain baths. I want take another chance. These people left room, I decided shower bath. Well, I shower, engineer guy came check phone. I jump shower let in, dripping wet towel around me. Pretty embarassing, say least.He left within three minutes I'd say. The next day, even though I getting ready leave, I disturb button on, I could get ready go day. The maid still knocked door pestered I trying get ready. I told I disturb button on, said sorry came cleaned anyways, walk around I getting ready leave. She left minutes later, another maid knocked pestered me. I told room cleaned maid. Then engineer guy came see phone again. I way door mumbled something left tool box room. I ready leave stand around waiting him. So, I left I came back later evening, tool box gone phone working. The next day...same story...the maid pestered I disturb sign on. Overall, good experience, I probably stay again, unless nowhere else available stay. There Westin right street, side Bund near Pearl Tower The Grand Hyatt. I never complaints I stayed Hyatt. I say go hotel.",0.07992063492063492,0.34644841269841276,Feb 11 2008
45,45,"Shhhhh.... Don't tell anyone A 4+ star heart Bund USD $120 per night concierge level... WOW!.The location great [10 minute walk People's Square 15 minutes Nanjing Rd shopping (not cup-o-tea, popular shoppers)], room large, clean well appointed. I definitely stay again.The negative downstairs concierge. Very amateurish good quality. Oh, I could figure turn TV, turn light top tv... I take buld.. Hmmm.. Not big problem really.Some good local places eat nearby short taxi ride anything Bund offer. 10 minute walk subway.Definitely good business travelers hotel.",0.2844345238095238,0.5849107142857143,Feb 4 2008
46,46,"Very good location service room We honeymoon visiting large cities Asia. I let know booked. We upgraded amazing suite!The Bund well located, great shopping walking area next it.Staff kind helpful.Breakfast buffet good, although outstanding.We gladly stay The Bund again.",0.5226984126984128,0.6398412698412699,Jan 13 2008
47,47,"Excellent value I sure expect I booked rush. We pleasantly surprised hotel. The room big, clean brilliant value. We Shanghai days central location handy.",0.3446666666666666,0.6968888888888889,Jan 8 2008
48,48,"Great location moderate expense On last trip Shanghai, agent booked centrally located Shanghai. While name bit misleading, I must say location brilliant. A short 10 minute walk take The Bund area, Nanjing Road.The rooms nice, well appointed, CNN english speaking channel. Service good, breakfast acceptable. Diagonally across street however fantastic alternative get breakfast, french influenced bakery good coffee fresh pressed orange juice.",0.32928571428571424,0.5604761904761905,Jan 5 2008
49,49,"Great Service This first trip China I travelled solo ... felt safe problems getting town. The centrally located least 10 - 15 min walk The Bund 5 - 10 mins museum People's Square. The staff concierege especially helpful, spoke fairly good English problems communication. Had lunch dinner restaurant 2nd floor good. Close ATM machines usual fast food conveniences, also small mom&amp;pop local cuisine. Room &amp; bathroom roomy - I non-smoking room/double 15th floor ,,,only complaint carpet needed thorough steam cleaning. But service great I would stay again.",0.19000000000000003,0.4507017543859649,Nov 26 2007
50,50,"Loved Bund Hotel The Bund Hotel Shanghai last stop 5 city tour China. We impressed size decor rooms. It like boutique hotel, real gem country top price 5 star rating mean much lesser accomodation expected.The Bund lovely hotel, felt home room enjoyed large marble bathroom, tub glass shower stall. Our &quot;4 5&quot; star hotels China smallest bathrooms I've ever seen. The breakfast buffet good wide variety western chinese choices. It 3 blocks walk Nanjing Road, little farther walk Bund. We ran time, took Taxi far end Bund Hotel 11 Yuan. It also 11 Yuan Yu Yuan Garden shopping bazaar old Chinese concession, must-see Shanghai.The problem encountered Bund Hotel hard mattresses. This seems problem thoughout China. However, mentioned Guide requested extra comforters used mattress toppers. Overall, I would recommend Bund Hotel, hope stay future.",0.1395578231292517,0.5019430272108844,Nov 19 2007
51,51,"Nice rooms bad experience overall stay I problems checking given room away, lied twice whether rooms available. They also made switch rooms half way stay tried make pay room rate agreed reservation hotel's website.The staff unhelpful trained international standards (or even hotel's booking systems). They sympathetic situation, made work resolve cock ups.There minor problems services, room key working.I filled feedback form detailing problems, surprisingly I heard back them.On plus side, rooms comfortable modern, location pretty good. However, problems outweighed I definitely stay again.If want advice, stay Shanghai YMCA. It's 1/3 price, less plush comfortable 3 star, service location excellent.",0.16277777777777777,0.54375,Nov 6 2007
52,52,Nice Staff good location breakfast Stayed Bund 3 nights. The staff polite. The breakfast buffet good reasonably priced.,0.5499999999999999,0.7000000000000001,Oct 27 2007
53,53,Fantastic reasonable priced great position Our family six stayed three rooms Bund 6 nights. Our room two TV sets toiled visitors. The two young people family business suite computer internet. The staff helpful especiall Patrick Leo got us taxi wrote destination Chinese. We pleased Bund.,0.33571428571428574,0.5642857142857143,Oct 27 2007
54,54,"Great stay Centre Shanghai The Bund new well equiped terms facilities. Rooms large, bathroom massive marble, modern clean. The Bund first stay China compared favourably similar business type places UK US 4****. Location great us, walking distance The Bund (but view dont fooled name set back 10 mins it) museum, short cab rides rest. I would recommed want something close centre reasonable cost.",0.2472763347763348,0.5013708513708514,Oct 22 2007
55,55,"Excellent rooms Very comfortable well equipped room although carpets seen better days. Excellent buffet breakfast Y85. Downsides: immediate area around best good 15 minute walk Bund, Peoples Square nearest underground station.",0.7866666666666666,0.7333333333333334,Oct 18 2007
56,56,"Recommend Bund This clean convenient, good jumping point exploring Shanghai. It good value price. We non-smoking double room free Internet exactly advertised. We really happy service well. It easy get taxis front short 10 minute walk Bund easily walk around river head back night.The front desk friendly recommended several local restaurants us.Would recommend good, cheaper alternative American chain hotels like Westin, street.",0.3073692810457517,0.4509150326797386,Sep 10 2007
57,57,Nice great value Even friend Shanghai commented steal given location (literally 5 minute walk Nanjing Road) quality rooms (the Deluxe room I 4th floor like suite). I'd definitely recommend anyone planning trip Shanghai - beautiful great value.,0.5928571428571429,0.7714285714285715,Aug 1 2007
58,58,"Pleasantly surprised great rooms We surprised see PC free internet connection arrived room Bund Hotel. We given smoking room fortunately smell like smoke. Very nice marble bathrooms elevators, clean room, quiet location. Average food Western restaurant. Unfortunately, Chinese restaurant missing items menu gave us cold, undercooked rice barely lukewarm tea. Walking distance Peopleâs Park Nanjing East train stations.",0.12791666666666665,0.5708333333333333,Jul 9 2007
59,59,Excellent,1.0,1.0,Jul 4 2007
60,60,Excellent Hotel; knowing culure enrich stay...,1.0,1.0,Apr 29 2007
61,61,Great great noisy location,0.8,0.75,Dec 14 2006
62,62,One scam another,0.0,0.0,Dec 9 2006
63,63,Excellent value,1.0,1.0,Nov 15 2006
64,64,LOVE THIS HOTEL..what jewel,0.5,0.6,Nov 14 2006
65,65,great location shopping,0.8,0.75,Oct 6 2006
66,66,The Bund Gorgeous!,0.875,0.9,Jul 17 2006
67,67,assez correcte,0.0,0.0,Jul 17 2006
68,68,?????????????,0.0,0.0,Oct 4 2009
69,69,Moyen eviter chambres cÃ´tÃ© rue,0.0,0.0,Aug 8 2009
70,70,Empfehlenswert,0.0,0.0,Jun 14 2008
