,Unnamed: 0,Reviews,polarity,subject,Dates_extracted
0,0,"Beautiful compound This composed several different buildings set back street compound gardens trees, quiet pretty. Staff service excellent cooperative. They always ready answer questions provide sightseeing advice, though one person front desk who's English par. Room nice small balcony. While city center, cheap taxi ride gets 20 minutes so. Considering cost savings, well worth staying here.",0.24499999999999997,0.4880952380952381,Nov 15 2009
1,1,"Overrated I think four five star reviews bit misplaced. This decent nothing special. My room small bed comfortable. The location far away central business area major tourist attractions metro within walking distance. The breakfast OK again, I've better. If want bargain Shanghai I recommend New World Mayfair. This place expensive good.",0.07718787622633777,0.5387830118599349,Jul 3 2009
2,2,"Paradise Shanghai If must go Shanghai, must stay hotel. Oriental Luxury affordable price. I stayed seven days business trip blown away facility. The staff excellent - friendly, courteous, helpful. The rooms immaculate - I stayed building two. The ammenities superb. If want quiet, peaceful, gardenlike resort middle thriving metropolis relax in, place. There doubt I staying I returm Shanghai.",0.47678571428571426,0.6404761904761905,Feb 15 2008
3,3,"Paradise Shanghai Iâm going write convenience amenities villas, look website Iâve provided. What Iâm going tell international 5 stars Iâve stayed, one really open horizon luxury peacefulness Shanghai city, yet youâre expect pay price cheap motel Hongkong. Best feeling, walking small road inside hotel, villas resort (whatever call it) smell heavenly flower sense, canât find else whole.Thumb baby.",0.14206349206349203,0.45555555555555555,Oct 20 2007
4,4,"A quite place stay Stayed past three nights. The nice, especially price relative big American European chains downtown (i.e. Hilton, Marriott, etc.). The grounds lots trees green. Room one 7 buildings. I stayed main building - room 6122. It 20-30 min. taxi ride &quot;downtown&quot; business side city going domestic HongQiao Airport convenient. A lot Japanese live neighborhoods nearby walking 10 min. find quite dining choices, especially Japanese food. The also several restaurants site. Room ample size quite clean. High speed internet available small charge. Service generally good, true 5-star. Still I think represents good value.",0.10150856389986826,0.3727536231884058,May 30 2007
5,5,"Peacful Oasis Very quiet business 30 mins centre Shanghai. Set gardens seperate health club pool comprises buildings centred around main hotel. A lot Chinese politicians use I know traveller stay I came business company office grounds. Very nice, quiet place stay want thick things!",0.12145833333333333,0.471875,Oct 19 2005
6,6,Stadsmanna mÃ¤ssigt,0.0,0.0,Sep 5 2009
