,Unnamed: 0,Reviews,polarity,subject,Dates_extracted
0,0,"A 4-Star Hotel 2.5-Star Service Location: It located outside âinner circle highwayâ downtown area. One take taxi go anywhere. Although Shanghai Taxi expensive, traffic jam unavailability taxi near often makes trip somewhere become headache (there Starbuck two blocks away however). Facilities: The relatively new. The lobby area small, part used bar, bench divider customers sit (you get picture). The room relatively small, well equipped (the room washer). No comments food (We usually donât eat restaurant). Service: Here problem. We booked itâs 5-star (actually I found later travel sites list 4-star) expected 5-star service. First, one two employees entrance, none opened taxi door helped luggage arrived (we didnât need anyway). When checking-in, told double room booked available twin rooms available. Based experiences, almost US brand hotels provide next grade room instead; hotel. Both front desk girl manager talked polite, business-like, tone (certainly 5-star, star, business tone) firm twin room. Their excuse double booked. Based observation later, even half full (It Saturday). Since 15-hour flight didnât energy go next level manager find another hotel; settled twin room. We moved Hyatt Bund next day.In summary, hotelâs facilities 4-star service 2- 3-star. If one business Hongqiao, OK stay (but Sheraton near-by). Otherwise, many others available competitive rate, much better location serivces.",0.07708513708513709,0.3141991341991342,Oct 11 2009
1,1,"Basically good It may little far downtown, still good place stay. Rooms equipped washing machine, came handy towards end trip wanted get laundry done heading home (so whole pile get back). Rooms clean comes toiletries standard accessories good have. Service generally good. Housekeeping efficient knowing speak mandarin come handy requesting items them. They greet english can't say anything else beyond &quot;Hello, Housekeeping&quot;. When breakfast, warned certain young chap charge eggs section. Very unfriendly non-caucasians nonchalant attitude. Not great way start mornings.",0.270203081232493,0.5189075630252101,Oct 9 2009
2,2,"Really great traveling groups Grand Mercure Hotel Shanghai everything wanted! Eight us went Shanghai weekend little food tour wanted stay together &amp; separated many rooms. I know many hotels offer suites four people, I came across Grand Mercure. I found opened 2007, meant everythingâs bound fresh new. My friends I decided get two suites, four people occupying room. We given suite generous space contained two bedrooms, two bathrooms, living room, dining area &amp; fully-equipped kitchen even washing machine. One suite priced around RMB 4000.00 three nights already. It definitely value money. A definite plus hotelâs Lv Feng Chinese Restaurant. Since weâre food tour Shanghai, decided give hotelâs restaurant try. The food bit costly compared Shanghai food spots aware weâre 5-star hotelâs dining establishment. We ordered dim sum variety Chinese dishes disappoint group. I compliment chef using fresh ingredients avoiding usual downfall Chinese foodâextreme oiliness. All all, dining experience satisfied us tummies. I would definitely go back Grand Mercure Hotel I return Shanghai another vacation.",0.18147233201581028,0.4980237154150197,Apr 28 2009
3,3,Good far downtown Decent I paid around 85.00 night taxi ride downtown 7 dollars. Our room one wall peeling wood. Clean bathroom nice bed. Balcony allowed use.,0.3866666666666666,0.7933333333333333,Apr 18 2009
4,4,"Rooms need update The lobby beautiful! Very modern. But rooms need update. It seems like money went lobby &amp; restaurant. The Bed hard. It shock sit bed. You actually sleep piece wood box spring. There mattress. The bathroom fine shower best part room. You hear people opening closing doors night long. Walls thin face street, traffic noise annoying.",0.10305555555555561,0.5882407407407408,Dec 14 2008
5,5,"Great Deal I two nights stay hotel, nice sleep, bed fantastic. Staffs' service good helpful.",0.6699999999999999,0.8125,Dec 11 2008
6,6,"Great place 2-week stay Stayed work trip large group associates. Overall, nice hotel, comfortable room great rate (US$80 / night).Location OK -- kind long walk closest subway, close restaurants shops. Relatively central Hongqiao.Had put usual strange Shanghai occurrences...occasional strange smells wafting hotel, washer/dryers room work, I called room &quot;massage&quot; once.Staff super-friendly. Food restaurant overpriced Shanghai standards -- 5 min walk would take many better options.",0.32089285714285715,0.5017857142857144,Nov 25 2008
7,7,"Food Let Down Service general excellent: housekeeping efficient friendly except one room maid displayed acute annoyance failed understand request tea bag. Concierge helpful. My room spacious although kitchen cookware, crokery cutlery provided. I find provision washing machine great asset. I would give four stars food beverage department needs lift game.First, ONE cup tea/coffe provided buffet - extra charge extra cup tea/coffee 50% cost buffet (they explained discourage people ordering coffee sit day; reason charge water). The food quality sub-standard - I served chicken seared outsdie RAW inside. The rice congee lumpy barely warm (when I complained I told way eat it). The service staff polite talk head across dining room (admittedly I one - staying long, I suppose).",0.08131528964862296,0.5305792972459639,Dec 1 2007
8,8,"Recommanded groups!! Everything wanted!! Eight us went Shanghai weekend watch F1 Grand Prix wanted stay together &amp; separated many rooms. Not many hotels offer suites 4 I came cross hotel. As opened months everything new. Great size suite, 1000sq, 2 bedrooms, 2 bathrooms, living room, dining area &amp; fully equipped kitchen (even washing machine). So took two suits, suit around 4000Yuen (3 nights) = US$530. Great value works 1000Yuen whole stay. At beginning, main concern location hotel. It heart Shanghai, around 15mins away taxi. The high-way takes central experience traffic there. Although may sound far honestly stay town, spend time stuck traffic small streets Shanghai. Cab fare cost around 40 Yuen. Another pros close race track... great grand prix weekend!! Will definitely go back stay traveling group again!!",0.26591810966810964,0.5708513708513708,Oct 15 2007
9,9,"Very good experience... I stayed Grand Mercure Shanghai 1 night amazing. I paid $89 twin room friend rated 5 star good start. When arrived plenty staff hand help us taxi take luggage. Hotel reception beutiful lovely bar/seating area bakery. Reception staff friendly well spoke good English. On way lift found bell boy opened July 1st onlyaround 2 weeks old! The room nice, wasnt biggest room well laid out. We flat screen tv, mini bar, microwave, 2 hobs (plus extractor fan) even washing machine!! Very unusual hotel. The room basically brand new added greatnesss all. I would highly reccomend anyone wants luxury stay doesnt want break bank. 5/5",0.354105949197861,0.6293850267379679,Jul 18 2007
10,10,???????????,0.0,0.0,Nov 17 2009
11,11,??????????â¦,0.0,0.0,Oct 27 2009
12,12,???????????,0.0,0.0,Sep 27 2009
13,13,????????????,0.0,0.0,Aug 27 2009
14,14,confortable et personnel attentif,0.0,0.0,Aug 25 2009
15,15,?????????,0.0,0.0,Jul 9 2009
16,16,?????????????,0.0,0.0,Jul 4 2009
17,17,????????,0.0,0.0,Feb 22 2009
18,18,???????????????????,0.0,0.0,Feb 19 2009
