,Unnamed: 0,Reviews,polarity,subject,Dates_extracted
0,0,"So-so uninterested staff Stayed six nights Aug-2009 room facing Zongshan Park 21st floor another view 23rd floor. The rooms pretty decent nice. One best features travellers metro station right next hotel. The biggest problem staff - almost one speak English, sort conversation problem. As example, laundry issues one occasion time, would send note Chinese, delivered someone speak word English!! The redemption lay fact operator end Services button (0 phone) keen usually resolved issue, though took one call every occasion.Shockingly, bell desk/concierge staff seem unfriendly lot, totally uninterested dealing guest requests. Front desk staff rate close second uninterested unmotivated category.The gym pretty decent, especially since overlooks Zongshan Park one see loads people walks/practising Tai Chi mornings.Taking staff attitude consideration, average stay in.",0.18870238095238095,0.45945238095238083,Aug 25 2009
1,1,OK great Definitely 5 star. Service pretty hopeless. Pool looks good internet good real life,0.2785714285714285,0.6071428571428571,Aug 8 2009
2,2,"Decent Hotel Value Money Mayfair decent 4.5 stars hotel. The room little bit small clean tidy. It close Metro station good accessibility. The staffs friendly. Great variety choices buffet breakfast, even Hong Kong style instant noodle! It comfortable hotel.",0.2852272727272727,0.640909090909091,May 16 2009
3,3,"Loved Ambience I visited city business colleagues based feedback colleagues visited Shanghai &amp; stayed Hotel Mayfair, let one bit. Perfect ambience, wonderful rooms, prompt service, good connect city conveniently located near metro railway station. Staff courteous. Everything good &amp; attractive price. Highly recommend stay hotel.",0.5049537037037037,0.6586574074074074,May 10 2009
4,4,"Great Stayed three nights Mayfair. Very comfortable bed, pleasant quiet room, nice bathroom. Robe, slippers, supplied. Electric kettle, drinks, minibar. Breakfast buffet superb. We room service fast good. Staff friendly. Lots shops nearby places eat out. Near underground station getting around, taxis cheap too. Did notice water smelled bad. Window room could opened fresh air necessary. Drapes kept light well. Used laundry somewhat expensive, although excellent.",0.361078431372549,0.7409803921568627,Apr 6 2009
5,5,"OK Hotel The easily accessible metro (Zhongshan Park, lines 2,3,4) - Exit #5 station. It five minute walk actual station done via underground passageway. Line 2 runs Long Yong Rd Maglev runs Pudong. So RMB44, possible get Pudong within one hour (taxi runs RMB200 hour peak traffic).The tap water smell funny/fishy. This I stayed numerous hotels Shanghai Beijing within happening. The staff speaks sufficient english, fluent enough troubleshooting deep issues. The seems cater local / asian business people although I also see crew Lufthansa. The area around surrounded high rise residence, gives local feel rather tourist feel like around Nanjing rd.",0.12694444444444444,0.38416666666666666,Feb 13 2009
6,6,"Nice good quality We stayed three nights tour China (our second tour China).The excellent standard, good food excellent accommodation.We eat dinner enjoy excellent wide-ranging breakfast. There many eating places nearby problem finding somewhere nice eat.The rooms excellent standard. Clean sumptously furnished decorated.The service excellent.",0.5911111111111111,0.6599999999999999,Feb 2 2009
7,7,"There things mind.... First all, tap water smells bad... ? or.. problem city ?The tap water Beijing doesn`t smell bad....Room fine, except fact charge internet RMB 120 per day.Someone saying internet slow.Yes, slow charge money.Breakfast crap except croissant. Western dishes fine, Chinese dishes not.... I didnt touch Chinese dishes day 2.Staffs kind speak English okey.I purchased package tour flight hotel, I dont know much room fact, If price around US 100 including breakfast tax, I would NOT complain.The center Shanghai, close aZhong Shan Park Station, although I used taxi time. (RMB15-25 per trip sightseeing sites restaurants.)Taxi People`s Park 15-20 mins.Taxi airport costed RMB 170 night (40-50 mins)Taxi Mag-lev station RMB 80 morning(25 mins)I recommend AS LONG AS price USD 100 includng breakfast tax, whatever season is.Otherwise, spend time net-surf tofind better hotels.You would realize plenty hotels Shanghai.",0.11228070175438598,0.37368421052631584,Jan 3 2009
8,8,"Beware....of Annex Building On recent trip Shanghai, I booked reservation I thought New World Mayflower Hotel Shanghai. However, upon check-in I told room &quot;Annex&quot; building. The annex building turned different hotel, Penta Hotel. The rooms Penta Hotel NOTHING I expected Mayflower based previously viewed internet pictures. There information Mayflower room all. I completely disappointed would recommend hotel.",-0.14671717171717172,0.43686868686868685,Sep 23 2008
9,9,"Great price This great price is, opinion, better location many expensive hotels. room well presented, clean modern. The lobby really nice. Check quite slow expect staff overtly friendly, professional. The bar expensive prices charging reflection costs Shanghai. It's case rob tourist. staff constantly ask would like drink, another drink, pour drink etc. constant presence quite unnerving unnecessary. Just leave us alone!!A fair price good hotel.",0.24342592592592593,0.6087037037037037,Aug 20 2008
10,10,"Very Good Hotel Great Value I staid New World Mayfair Hotel couple days visit Shanghai. It perfect strengths far outweighed weaknesses. The rooms clean, stylish well appointed. Most amenities internet, fitness center sauna free. (Although sauna best I've seen Asia.) Breakfast free whole quite decent exceptional. The staff generally courteous.The location quite center city good neighborhood plenty restaurants. It right near subway station get major tourist attractions pretty quickly. The restaurant also reasonable pretty good (although I one meal there). On whole, good hotel. The price reasonable (around $130). It might quite luxurious best 5 star hotels Shanghai, given less half price Hyatt others, I give strong endorsement.",0.3285117501546073,0.6032455163883736,Jul 30 2008
11,11,"Very Nice Business-Type Hotel As part recent China tour, hubby I stayed New World Mayfair Hotel Shanghai May 23 24, 2008. We arrived late evening still bit wait check (several folks front us). We pleasantly surprised learn upgraded king, non-smoking room one executive levels (room 3106). The room large usual amenities. We lovely view park adjacent hotel. The downside us bed hard. We like hard mattress....but VERY HARD. Breakfast standard buffet (wait staff seemed quite bored service slow poor). We know could eat executive level lounge, instead regular breakfast buffet. No one ever explained benefits executive level floor us...we found lounge (nice views, complimentary beverages, magazines newspapers). Plenty see Shanghai. We especially enjoyed Shanghai acrobatic show Shanghai Urban Planning Exhibition Center. Hotel located good distance many &quot;attractions&quot;....so need travel taxi public transport. We try it, told subway system &quot;user friendly.&quot; The park across lovely great walking. Standard western chain restaurants close-by (Pizza Hut, KFC, etc.) Also supermarket (Carrefour) within walking distance. Hotel modern beautiful public areas. Very busy lobby area. We bit wait check-out (even 7:30 AM). We see many tourists ...mostly business people. But seemed like nice, business type except hard bed slow service breakfast, quite comfortable here.",0.15875567521908987,0.5235375600009746,Jul 24 2008
12,12,"Loved ! This really good - new, modern, efficient, clean, convenient - I want business trip. Note - downtown city centre. The rooms smaller compared established well-known hotels space enough move around in, well-lit, paraphenalia I need.There lots places nearby eat want eat in. Across road, left, 15-minute walk Carrefour supermarket.",0.23922558922558926,0.46994949494949506,Apr 5 2008
13,13,"Lots Problems Hotel Hotel hardware fine. I like rooms although bit small. Location good close shopping restaurants Changning district Shanghai. The parts though par five star hotel.I came delegation seven people. And us agreed come back again. Firstly three seven us problems key card. It painful haul luggage upstairs discover key work. Two delegation members twice!For business elevators enough service guests coming mornings. There long wait elevators quite full. Breakfast involves lining give numbers. The waitresses staff look frazzled stressed cope crowd. Checking checking involved long queues. One thing I hate hotels China need check room (to make sure run away bathrobes remote controls) let go. This takes longer time.In China many hotels charge Internet access. This one 120 chinese yuan (US$15) per night. And slow. The theme seems guests spend long time waiting anything. For checking in, Internet, food etc.All worth money one pays for. There many better choices elsewhere Shanghai.",0.03311965811965811,0.5004273504273505,Mar 14 2008
14,14,"Great location good value! My Shanghai friends arranged Hotel near offices etc. Close subway ,breakfast excellent bed comfortable.Staff friendly efficient bar nice. Definitely stay April.Very good value money I stayed Shanghai many times price high.",0.5290000000000001,0.639,Feb 21 2008
15,15,"Just fantastic - absolutely fantastic I worried arrival Shanghai, cold unwelcoming stepped airport, Bejing years ago I starting get concerned.Having arrived I knew going good, directed executive floor I checked coffee attentive staff process done room 35th floor.As part excutive floors, room spacious well equipped, separate lounge/office separate bedroom excellent bathroom wetroom featuring great shower!There staff everywhere, place spotless, put something ashtray gone go back minute later.The executive breakfast free all-day bar fantastic too, along breakfast, lunch, afternoon tea dinner stayed day could eat free!Well worth stay, paid 850RMB night special corporate rate internet included going long I good again....",0.2845864661654135,0.53796992481203,Jan 13 2008
16,16,"Excellent Shanghai Hotel This great 5 star Shanghai. The lobby beautiful welcoming. It even piano player singer lobby lounge evenings.Check-in fast easy. The rooms nice bright. Beds soft (unlike lot China hotels).Not sure location took tour buses cabs everywhere, I think close subway getting around own. There's plenty shops nearby get essentials.Overall great place stay Shanghai.",0.5652777777777777,0.7726851851851851,Nov 30 2007
17,17,"Excellent Hotel! We stayed Mayfair Hotel 12 nights October Special Olympics. The breakfast buffet wonderful, even 12 days. We also enjoyed dinner buffet couple evenings wonderful well. We view park across street. This great location, subway stop 5 minute walk, even need cross street! Service overall excellent. The rooms clean. The concierges helpful. We would stay again, would definitely recommend hotel!",0.5278174603174604,0.6442857142857142,Nov 1 2007
18,18,"Really comfortable - pleasant stay My husband I stayed Mayfair 3 nights part organized Grand Prix trip Travel Department. On booking, requested upgrade Executive Suites. The additional cost approximately â¬50 per night well worth extra money. Highlights:-The suites beautifully appointed separate living area, bedroom, vanity area bathroom. There sliding door separating different rooms dÃ©cor fresh modern. -The bathroom little small, pretty impressive. It marble, separate bath big shower. The water pressure shower great (nearly take skin full pressure!!). There also wall mounted TV there!! Great selection toiletries available including tooth brush kit, loofah, gels, shampoos, vanity kit etc. Bottles water provided day oral hygiene etc. -The bed little hard, comfortable none less size great. Comfortable duvet pillows also provided. Bathrobe slippers also provided.-The room fully air-conditioned God sent humidity Shanghai little unbearable (it 30 degrees 80% humidity trip). -Mini bar well stocked replenished daily. Prices would expect â extortionate. -As upgraded executive package situation executive floor. This 35th floor amazing views city (the night lights picture behold). We also access executive lounge meant free drink (good national brand available), dining area breakfast reception area manned time (very convenient speedy check out). The staff super efficient area. -Ironing board iron room. Also efficient laundry service available dry cleaning regular laundry. -Very efficient staff throughout experience. -Impressive beautiful lobby lounge areas. Grand piano surrounded water feature pianist playing nightly â relaxing. Lifts also really impressive marble, mirrors brass. A staff member almost time simply cleaning shining up. Flowers placed cigarette bins making less unsightly. Low lights:-I really canât think any!! This relatively new shows. Some travelers mentioned little way true, however, taxis cheap, ever spent equivalent â¬3.00 average â¬2. Tip:Visit M Bund â really great restaurant.",0.2878800044718013,0.5530972268472268,Oct 22 2007
19,19,"The Mayfair's fab! Great property, views, ammenities, staff, breakfast - outdoor pool 15th floor - park views - beat stifling Shanghai summer! Only downfall location: metro line super close attractions. However taxi's always available inexpensive. Highly recommended.",0.34888888888888886,0.6094444444444443,Aug 26 2007
20,20,"Kind Disappointing I booked hotel, asked queen bed room, non-smoking. I realize things guaranteed, I found (after 20-minute wait check-in, heavy luggage, no-one bothered relieve of) available. Later, I tried sleep twin bed provided, I realized must really deisgned Chinese people, I 6' 3'' feet stuck bed least inches, even though I sleeping diagonally. My room seemed small - positively liliputian, actually, particularly bathroom cramped lots sharp corners.The internet charges 100RMB per day also amongst highest I've experienced China. Overall, I found really rather disappointing experience, especially positive comments here. I travel lot China especially Shanghai, I know fact lot better money.",0.029373278236914605,0.4715564738292011,Jun 24 2007
21,21,"They 4 Star 5 Star Tower The central city I knew booking. It located area heaps shops restaurants right next door Zhongshan Station, makes easy get sights. The negative 2 towers, one 4 star 5 star tower. The receptionist informs upon checkin tries upsell rooms 300yuan($50). I idea room going minibar rock hard beds. Be aware booking booked room standard requirements.",0.015238095238095236,0.35857142857142854,Jun 12 2007
22,22,"Comfortable convenient one small step beaten path Comfortable, convenient, especially want bit away &quot;usual suspects&quot; hotels tourist ghettos. Exceptional value yuan/dollar spent. Mayfair immediately adjacent one subway line short walk two lines, making travel around Shanghai breeze. Nice shopping, many good restaurants price ranges, several Starbucks immediate area. Easy get taxi hotel. Very capable staff patient broken Chinese or, alternative, fluent English.I like stay little away center cities get better feel everyday. Yet I always want able get main tourist sites virtually extra effort. The Mayfair perfect regard. Clean, quiet, spiffy, obscenely luxurious, quite comfortable &quot;new&quot; feeling. It's long way Pudong airport, worth extra dollars spend get there. I early Springtime, see rooftop outdoor pool, imagine that, open, becomes absolutely unbeatable combination price, convenience comfort, long mind using taxis (which inexpensive) using subway (which, brand new, reason mind it).",0.17308413078149923,0.4803827751196172,Apr 13 2007
23,23,"Fair Deal Mayfair Definitely workable Western business traveler, accommodations Shanghai keep getting better better. I remember years ago staff Peace Hotel could barely pronounce places's English name. Your Mayfair staff miles beyond this, though course need patient, are.That said, great worst expat exploitation zone get real Chinese food! Also close domestic airport Zhongshan Park nice way forget urban hell Shanghai.Service prompt, attentive, accurate.",0.171875,0.43645833333333334,Mar 25 2007
24,24,"Really good We stayed 7 nights beginning October really pleased place. Our room high great view surrounding area. It clean, friendly efficient offered variety places eat drink, although main bar shut time National Day holiday week. We buffet couple nights get good mix local western food unlimited free beer! (Well, included price long eating) We chose mainly outdoor swimming pool 15th floor. But although warm enough weather swim, windy cool relax. There young teenagers braver enjoying swim. Pleasant spot though fantasic views across park rest city there, expecially night.There's much locally ( find anything) Zhongshan Park good walk around big enough away couple hours.It's quite close metro Zhongshan Park (about 10minutes) 3 stops Peoples Square, good location access city centre.I'll putting review whole trip Shanghai page.",0.32475308641975303,0.5175308641975308,Oct 24 2006
25,25,"good value 4-5 star Owned managed New World Group (Hong Kong) service catered Western traveler. Seemed quite Hong Kong tour groups, shopping weekend. Quick check friendly staff. I requested Non Smoking - King bed accomodated without problems. Agree previous review far many smoking rooms Chinese hotels. Room clean &amp; quiet, housekeeping staff accomodating, helped get laundry done I missed cutoff day.Coffee service provided lobby morning, starbucks around corner.To sum up, great value ($1000RMB) well western managed hotel. I stayed 5 Stars Shanghai little nicer, also double price.",0.1573442760942761,0.3766414141414141,Oct 20 2006
26,26,"Good Services I asked local Shanghainese friends choose one; arrived late, however got there, packed asian people smoking lobby...; felt really bad hotel, checking process really fast, staff really helpful spoke fluent English, plus really friendly Caucasion staff, surprised.The looks like typical asian apartment, really tastful, clean worth for.Plus great buffet breakfast.Subway nearby, however take taxi, cheap easy get around, aware raining, NO WAY catch taxi!!",0.15605324074074078,0.41,Sep 20 2006
27,27,"Pretty Good! The rooms spacious, clean comfortable. There's direct access subway lobby although use coz seemed taking cab convenient (about RMB15 25 average main shopping centers). The bit way - couple malls nearby stuff stock so-so, there's small factory outlet nike, adidas sports brands. There's restaurant right hotel's lobby (a tenant, I suppose) - Today Tomorrow - serves really good chinese food...price affordable (arnd USD5-10 per dish) ambiance clean nice. Across street restaurant dimsum fast food restaurant. The attendants speak much english point pictures indicate many plates want - 1 dimsum platter good 1 2 4RMB (around USD0.50!) flavor great - eat chinese vinegar! Yum! This place gets full meal time. Beside dimsum place 7-11 type convenience store.Be careful crossing street. Even road may one way cars, roads remain 2 ways motorcycles bicycles. Look ways several times, even already crossing!I recommend although might able get better location. Otherwise, need place sleep pricey access restaurants, place book.",0.29656593406593407,0.518040293040293,May 29 2006
28,28,"Bad Service! DON'T GO! We April 21st, 2006 April 23rd, 2006. I bought voucher travelling agent Hong Kong (meaning I paid room already). They held RMB $ 5,000 credit card 'till day (today April 26th), amount still held.I called two days ago guy I talking admitted made mistake holding us RMB $5,000. We voucher need credit card file hold amount. He agreed call bank release amount, still done yet. I staying standard room two nites earth hold much money? I called today directed line health club! What da hell going people?! Because health club people direct line back front desk...I call long distance front desk again.... I still waiting call back problem still yet solved.I called bank asked long money hold, said probably 3 weeks intention releasing it. You know travellers, really need extra money credit card. It mistakes hold much money, make effort release money. How ridiculous that.I definately stay again. Service bad. People clueless....",-0.08805555555555555,0.3488888888888889,Apr 26 2006
29,29,"Pretty good. Stayed here, early september, good - wasnt sure expect never travelled china - Hotel modern, state 5 star probbably like 4 - 4 1/2 still good - Seemed popular flight crew guess recommendation. Staff friendly helpful speak english english speakers reception nice. Rooms front good views skyline park across road aswell large entertaining chinese ( chaotic ) intersection - Lunch breakfast everyday high standard large selection - dinner malaysian festival food entertainment fun good ( really dont want eat dinner - thats fun didnt night) All good stay - recommend . The previous comments valid well - although beaten path - taxis plentiful dirt cheap - $3-4US *most* destinations city - well worth thrill ride :)",0.3276223544973545,0.49882495590828907,Oct 25 2005
30,30,"A bit beaten track stayed mayfair last month. Definately suggest book non smoking room seem abundance smoking rooms. At reception tried railroad smoking room could 'nonsmoking&quot; treatment done it. idea thought could room heavy smoke smell soft furnishings! inspecting room returned reception try negotiate way real non smoking room. Otherwise everything good. usual big hotels, breakfast rather overpriced. Bakery next door nice. Train station alongside huge park across road. Small take away food shop 'old' section (left ramp reception) sold sandwichs, biscuits chocolates. 10% 6pm. Mcdonalds across road. Other wise nice hotel.",0.1625,0.43385416666666676,Sep 25 2005
31,31,??????,0.0,0.0,Nov 6 2009
32,32,Keine 5 Sterne wert,0.0,0.0,Oct 31 2009
33,33,?????????????,0.0,0.0,Mar 12 2009
34,34,?????????????,0.0,0.0,Mar 8 2009
35,35,????????,0.0,0.0,Feb 11 2009
36,36,Me encantÃ³ el el servicio recibido,0.0,0.0,Oct 30 2008
37,37,Excelente Hotel en Shanghai,0.0,0.0,Sep 6 2007
38,38,GÃ©nial !,0.0,0.0,Aug 3 2006
