,Unnamed: 0,Reviews,polarity,subject,Dates_extracted
0,0,"Simple - Good location We travelled quick business trip Shanghai stayed location. It located Bund, walking distance away (6 7 blocks) Nanjing road (the main shopping avenue).The clean. The room small 42'' plasma (with Chinese TV only) computer room free internet. The window could open. The bathroom small OK.This ideal leisure travellers little time waste taxis subways (Shanghai's traffic really messy). I would reccommended long stays business trips.Mrs Zhang front desk helpful friendly speaks really good English (which easy find many Chinese places).Bottom line, 3 star hotel, nothing fancy it, get exactly paying for.",0.15197916666666667,0.46182539682539686,0.46182539682539686
1,1,"Room great staff rude incompetant If looking room need help hotel, would perfect. The room clean comfortable (after travelling throughout Asia, bed welcome change usual hard pads). There windows room, may ideal couples, I would suggest inquiring beforehand. I used laundry service I quite pleased results. I suggest breakfast serve. It's cheap buffet, tastier options outside. The location nice, situated right next bund walking distance nearest subway station mall. The wireless internet working properly duration stay.This last extension trip, I needed help front desk things. 1) I needed make international call. It work. I told confirm number dial 011 first. I went back room tried get work. I went back downstairs waited line served. They made call someone told activate phone. So I went upstairs tried again. Didn't work. Then I went downstairs waited line again. I asked confirm I dial get China, told 0011. So I went back tried it, still work. Long story short, I waited line 5 times find numbers giving wrong bother activate phone first.2) I needed help booking day side trip. I asked provide service. The woman looked like huge inconvenience said I go book it. I told I speak Mandarin thought I needed help. She assured would speak English there. I also told I wanted book advance I would get seat, I want spend day journeying ferry port book come back later. She assured I went day I wanted go, I would get seat. I asked sure, assured I would fine. Sure enough, I make journey day trip I wanted booked solid next two days, ones well. Wasted entire day never got side trip.3) Wanted exchange money, told come desk whenever I wanted. I came 5pm told exchange desk open 9 4pm. I seriously low yuan spend night it. 4) Asked map, told would cost money. I showed rather simplified map I asked point something it, told pointing spot would also cost money. So I guess room charge exactly that, room charge only. Don't expect help staff.",0.1511904761904762,0.4717081529581531,Nov 2 2009
2,2,"You get pay for! This good location quite odd. The rooms really tiny uncomfortable staff unhelpful, location good value money I think would struggle find better price location central.We stayed four nights okay. It job served purpose. We happy move though. Four nights definitely enough us.",0.2533333333333333,0.645,Oct 15 2009
3,3,"A Dump Based tripadvisor reviews booked roomin hotelwith window. turns window means fixed opaque glass pane. therefore ventilation. august temps rising 30 degree celsisus, regularly switches central faulty AC system meaning around 3 a.m. may wake sweating feeling suffocated fixwd glass 'window' can't opened. nothing reception speak much english. room lighting bad feel adungeon somewhere. everything feels damp clammy. breakfast bar/restaurant overpriced. everything around resembles huge construction site especially bund. location advantges staying taxis cheap much construction, can't really walk anywhere bund. go somewhere else unless want experience black hole calcutta",0.03611111111111114,0.3939102564102564,Aug 4 2009
4,4,"Great location Great staff humid rooms Stayed 14-22nd July business. booked room agoda got good price basic room. From Pudong airport, took maglev longyang rd. metro line 2 Nanjin rd. east (cost 50+4 rmb) total. The located 10 minute walk metro station. Perfect location access city view. two mini markets located 1 minute away, choose among japanese/chinese, plus two chinese local restaurants within 2 minutes walking.RoomsFrom reviews hotel, I prepared small room size, problem saw actually true. Unfortunately I disturbed first night, aircon, directly head bed. Even off, strong draft sound, throughout night airvent, made ask new room following day. I got new room problem, bit bigger, sound airvent little less disturbing.. Only real criticism I rooms humidity room, felt high, 7 days I stayed here. Even though hygrometre showed 55-65, clothes suitcase cold wet, even though I unpacked it. Same thing goes bed linning. I theory general using bad centralized airconditioning system rooms. Staff servicesThe staff present stay friendly treated well. English knowledge okay basic inquiries. I never used restaurant services offered, except FREE wireles internet, great thing. Only wireless connection free, LAN costs 30 rmb day. The general nicely decorated dimmed light.PS. If already plan visit, I recommend getting personal guide. I personally recommend Aron, helped me: shanghailocalguide.com. Another tip make survival list 10-15 basic Chinese words sentences take every where. Best regards C.B.Pedersen",0.14367439096850862,0.48100178253119436,Jul 22 2009
5,5,"Past prime You tell used grand hotel. Not anymore..When first checked got room, tiny cot window, even though booked window. As error corrected got slightly larger, dated dirty room. Extremely hot, dirty bathroom dated interior.On plus side, location pretty good, I guess hard find cheap central is. If handle bug bites, go it!",0.0467948717948718,0.625,Jul 21 2009
6,6,"Decent could better The reasonably well situated, since I vacation I would preferred rather French Concession area. Nanjing road stressful many aggressive sales men day hookers night. I stayed two weeks, I got know surrounding place well. There cafes bars anywhere nearby. You walk least 15 minutes find nearest Starbucks. Subway station far. Beds hard. Room decent, small windows. I basic kind room. So although, decent deal price, I would rather paid extra 10-20 euros gone better hotel.",0.16225490196078432,0.49215686274509807,Jul 21 2009
7,7,"Great value great location clean friendly staff Really nice great location, near subway, main sites. The staff really friendly, room good size, good facilities. I would recommend anyone nice great value hotel.",0.5525641025641026,0.6641025641025641,Jul 15 2009
8,8,"Good business travel GREAT LOCATION Good overall hotel, clean. Excellent location, walking distance Bund, Nanjing Lu, metro station, plenty cabs. Art Deco decor. Not overly content service, small room window, small wardrobe, small bathroom.",0.3251851851851852,0.5622222222222224,Jun 29 2009
9,9,"Comfortable Rooms Ideal Location At first bit hard find extensive renovations going area, fault hotel. It Dianchi Road behind Peace Hotel right Bund. To get took Maglev Pudong Airport took Metro line 2 Longyang Station East Nanjing Road Exit 3. The 5 minutes walk direction Bund ask someone area directions.The room small comfortable, clean; kettle, coffee, tea hair dryer free internet. It reasonably priced given location, keep mind itâs business hotel. Again Bund 2 minute walk around corner famous shopping street Nanjing Road 5 minute walk away. The staff friendly extremely helpful.",0.21621428571428575,0.692936507936508,Jun 18 2009
10,10,"Comfortable rooms great location I usually pick hotels based location first. This suited perfectly right next Bund short walk metro. The thing I ask room provide comfortable base return to, since time I sightseeing. The Manhattan Business Hotel provides exactly that.I booked Common Room. It's small room king size bed taking room. There windows, really bother me. The thing can't tell morning night except looking clock. They put plenty mirrors give illusion space also helps lighting. The room little dark. I could used brighter, white lights.The bathroom small, clean new fixtures. It hidden behind sliding mirror door. You get shower stall tub, I take showers. The towers new soft! I can't tell many times I've gotten worn scratchy towels hotels.There also small armoire hang jacket pants, small safe inside. There also small desk wall mounted LCD tv (it 26&quot; tv I believe). I usually watch CCTV-9, English language international channel I'm China, I miss HBO American channels. I wish managed fit small refrigerator though. Not crucial Family Mart block away.Wi-fi worked perfectly netbook. They two connection points fifth floor, either one worked great. The signal good (3 5 bars me).For around $45 night, room perfect me. If traveling another person family, I'd definitely get bigger room, I would definitely book again. You can't beat location value.",0.11591883116883117,0.5251294372294371,Jun 7 2009
11,11,"FANTASTIC I travel extensively business pleasure. This hotel's room gave much pleasure relaxation. The room quality, size, offerings far exceed cost. In fact Executive Suite amazing Jacuzzi tub outrageous huge shower, fantastic size room much room &quot;hang&quot; relax made feel like rich celebrity realistic budget. Location great. Shopped able enjoy &quot;bund&quot; even though I one night in. Loved much going back next week next business trip. Very unusual I enjoy staying different hotels everytime. This offers incredible amount price. Service fantastic.",0.25439102564102567,0.5929487179487181,May 30 2009
12,12,"No Window Good location near Bund area. 5 min walk enjoy spectacular view. go night prefer weekend, light building. Great. Staff friendly, Spa ground floor, services quite pricey thou. You could get less expensive spa else where. The room extremely small big plasma TV, quite difficult enjoy TV got NO WINDOW.",0.1814102564102564,0.5474358974358974,May 2 2009
13,13,"Superb Hotel great location Shanghai I stayed executive suite six nights found great!! Very friendly professionell staff superb location The Bund. My suite, I got 90 dollars, really worth money. You walk 30 seconds reach The Bund one minute reach Nanjing Road East. The Hotel really really clean. The bed pretty hard always get case China! Recommended!!",0.5149450231481479,0.7212962962962963,Mar 31 2009
14,14,"Good location comfortable yet daggy I stayed Manhattan Bund Business Hotel couple nights February 2009. None maps I viewed prior booking gave accurate indication location - FYI located behind/next Peace Hotel (North). Dianchi Rd runs parallel Nanjing Rd one block Zhongshan Rd (The Bund) Sichuan Rd. And 5min walk either Bund Nanjing Rd. And 10min walk nearest subway station.None reception staff spoke much English, enough get (barely). My room Executive Suite, HUGE!!! lounge/receiving area, work area/desk (and computer) king sized bed &amp; 42&quot; LCD. The rooms however daggy, looked like styled 1970s. The bathroom big, included spa bath, awesome multijet shower. High speed internet available via wired connection (and computer) room 10yuan 24hrs access, free via wi-fi - however place room I could get strong signal floor inside door (not convenient, considering big room was). Contrary reviews, rooms windows; can't see frosted glass - view anyway. The buffet breakfast extremely good value 48yuan. I never dinner restaurant multitude places eat nearby. Drinks room fridge also quiet cheap hotel, yet still cheap mini mart end street.The things I like were:- The tourist maps area Chinese - No English maps all.- The lack decent wifi signal room.- Communication reception staff difficult little English skills. Even asking days weather got chore.All all, price I paid Executive Suite (~AU$150/nt) I got good deal, I ever go back Shanghai, I would strongly consider staying .",0.20063095238095247,0.49128571428571427,Feb 24 2009
15,15,"Better 3 star I would say another good stay, 5 min walk metro station, station 1 plaza exit no. 3 fly Pudong airport get maglev train (40 yuan) get metro Longyang station metro line 2 (green line) go East Nanjing station 4 yuan get gate no. 3 walk Bund ....might little difficult find ask people around there. There family mart near hotel, place eat breakfast dinner. This near Bund travelers must go see take picture Orient tower. When got hotel, room small put lots mirror room look bigger, room every equipment there, kettle, coffee, hair dryer, big LCD tv. The bahtroom small tub clean ok want take shower. The room clean bed ok ....blanket thicker also 1 pillow people flat. If didnt stay room much complaint tv channel HBO CNN watch rest Chinese channel. Anyway cheap try book agoda website. I say almost 4 star hotel.",0.12331111111111114,0.5028555555555555,Nov 19 2008
16,16,"Good quirks I stayed Manhattan Bund Business Hotel couple nights. I got late, due late flight - I checked 2am, called let know, fine. The reception staff efficient, although know English - one day, I talked fluent guy fluent lady gave information. The next day, receptionists know English resort calling English-language Guanxi telephone line resolve query (I asking directions).The rooms small 1970s decor, charming way. The bathrooms ok, bit small size. There in-room safe net connection (wifi wired). The service good - I left room afternoon weekend, cleaned I got back. When figured I foreigner, left English-language paper, considerate.The room free net connection via in-room computer, several high-speed wifi I connected laptop. These good. My gripes room were:1. No fridge2. The bedsheets tear second night3. The underside sink tap encrusted I know what....obviously cleaned well4. No desk....in business hotel, supposed work desk?The bar restaurant empty throughout stay. However, atmosphere, due 1970s feel, barman bar-lady friendly really helpful. Beer 25 Yuan bottle, expensive China, expensive hotels China. I try food here, expensive anyway lots places around food. I try massage sauna I heard kinda expensive. A business centre would also helpful....The location good - minute Nanjing Road, 5 minutes Nanjing Road East metro (line 2), minute Bund. The area safe, even late night. Yes dark, I see anyone dodgy around here. And easy catch taxis outside hotel, always one (or two) waiting. There also small supermarket, Family Mart, corner near hotel, essentials toothpaste, bottled water, snacks baozi (although baozi I saw kinda old!).",0.09477272727272729,0.41916666666666647,Aug 23 2008
17,17,"Good deal. Good location. Little old! I saw reviews Trip Advisor booked Expedia. The location great - one block famous Nanjing Road, Bund, plenty shopping! The downside location main road, evenings little dark walking back hotel. At night, definitely little scary someone else (ie. spouse) OK. There's enough people times day bad.The restaurant top (8th floor) could better. There's free breakfast stay disappointing. Prices alright Canadian standards pricey China.The room small. Be enough two most! There's minibar fridge cold drinks wanted, often summer hot days!OVerall I ok stay would look something main road next time can't beat price!",0.10860119047619045,0.5820238095238095,Aug 7 2008
18,18,"Good location small basic rooms Although close Bund &amp; Nanjing Road, want upgrade/book large room staying one night want level comfort. As per reviews, basic rooms TINY. Our 1st room, size walk-in closet, tiny non-operable shaded window &amp; decor, âAsian exotic&quot; dark colors bit dark depressing. As bags barely fit room, paid several hundred USD (for week stay) upgrade larger room -so much budget hotel. The larger room lighter dÃ©cor large operable window, King-size bed, mini fridge, hot pot, desktop computer, large flat screen TV &amp; small shower (no bath) within tiny bathroom. The carpet, dirty stained, vacuumed stay. Housekeeping inconsistent terms cleaning floor, counters, replenishing water, &amp; providing newspaper, etc. Laundry service good &amp; reliable. Despite name, means business hotel; clock room, on-site business center, wireless internet rates confusing convoluted, printing docs front desk quite task. The desk staff speak VERY little English. The restaurant top floor always empty, well bit dark dismal, ok quiet drink. Great location want close Bund (near entrance Psychedelic tunnel) next time stay closer Sofitel area Nanjing French Concession area.",0.07372767857142856,0.4117261904761905,Jul 16 2007
19,19,"Nice great location I've staying business Shanghai couple months now, incredible amount trouble finding (a) going rip (b) service approaching usual international standard. I tried Manhattan Business Hotel Bund (historic riverside area Shanghai) strength Japanese guidebook review.Turned pretty well. It's Bund main drag, Nanjing Lu (the main commercial thoroughfare Shanghai) two minutes walk underground/subway. Historic looking building, friendly front house staff, I got suite 777RMB ($100).Broadband room, nice shower, lots free mineral water.Breakfast good - freshly made real coffee, orange juice (as opposed orange squash served last 4* I stayed Shanghai), nice service (a waiter spotted I wanted toast, made buffet toaster- without word request me).Only one downside strange design reason, none rooms clear windows - frosted glass windows. And open. Weird.It swimming pool, exercise room Michelin starred restaurant. But want reasonably priced centrally located friendly staff, I'd recommend strongly.",0.21182795698924728,0.41034946236559133,Apr 27 2006
20,20,Buena ubicacion,0.0,0.0,Aug 26 2009
21,21,comodo niente di eccezionale,0.0,0.0,Jul 21 2009
22,22,??????????,0.0,0.0,Jul 21 2009
23,23,?????????,0.0,0.0,Feb 23 2009
24,24,Excelente ubicaciÃ³n,0.0,0.0,Jan 16 2009
