,Unnamed: 0,Reviews,polarity,subject,Dates_extracted
0,0,Very good mind downtown Stayed couple nights. It good clean four points. The location center means cannot walk reach bussling areas like bond nanji st. You take metro though (about 2 mns walk) handy 3 stops away downtown. However positive thing located sort pedestrian area gathering lot restaurants shops; quite entertaining accomodating. Highly recommended mind taking public transport downtown,0.37539393939393934,0.6212121212121213,Nov 17 2009
1,1,"Not much price Hotel average, rooms normal fair, breakfast normal western unless want eggs beyond ability coordinate one order time, means long waits. Hotel staff friendly lounge staff personnal band starts 8 PM drowning attempts conversation colleagues anyone else matter. Location good transportation ,but surrounding area isolates Shanghai, would China Pizza hut, Papa Johns, Burger King, etc around property. Overall dressed 3 star capable good one night stay. For longer stays much better hotels closer Peoples park real Shanghai price.",0.23970588235294119,0.41323529411764703,Nov 16 2009
2,2,"Close subway downtown.. At end stay, I enjoyed I hesitant beginning.Starwood advertising 1.6km's away centre Shanghai bit misleading. I expected meant I could walk The Bund 20 minutes - I could not. This was, however, incredibly convinient subway (1 minute away) would whisk downtown Shanghai quickly.The situated interesting area. It part obviously new complex houses clothing stores restaurants, great nearby. We ate somewhere complex almost every day, even attended nearby Circus World performance.The property new therefore nice. The rooms large comfortable, even *true* Sheraton quality bed used North America. Bathrooms large well equipped, rooms even nice views Shanghai's skyline distance.I'm sure internet available rooms, business centre could pay use computer - bit expensive side. On floor, lobby, free wireless.Lobby area elegant nicely dressed lots places sit wanted use computer. We never tried restaurants outside fingertips.Overall - nice, new, modern property. If mind taking subway couple stops downtown can't get better place many options food. Just expect close downtown Shanghai - plan take public transit.Also - really close Maglev Pudong airport. Maglev $10US cab ride away, took forever traffic ways.",0.2690952380952381,0.5838756613756614,Oct 31 2009
3,3,"ordinary This squeaky clean, modern businesslike . Check quick impersonal warm personal welcome pretty much hassle free. On hand, concierge helpful friendly bellboys. It jus ordinary stay major issues except checking out, billing errors.The location suitable tourist wants shop Nanjing Lu. They would better staying downtown area .However near railway station great one plan use super efficient train getting around nearby cities .",0.1822420634920635,0.5305555555555556,Oct 30 2009
4,4,"Excellent Hotel We stayed 3 nights October, 2009. I choose I needed area. Although located away city centre, however easy get area taxi subway. The located back shopping/eatery complex food outlets average visitor would need. The room average size, clean modern, overuse brown tones. The breakfast included rate again, average. Overall happy convenience hotel. We recommend it.",0.1981818181818182,0.5090909090909091,Oct 10 2009
5,5,"Great - recommend We chose Four Points Daning could get great deal using SPG points 2 rooms.The located close one Shanghai's many expressways, easy reach airport. We discovered #1 subway line block street Shanghai Circus World that's convenient way get around city. The surrounded 'Daning Life Hub'. I know owns property small village shops restaurants cater travellers. We also found handy food court 5th floor many Chinese regional venues well Korean Japanese, finding food problem.Except one restaurant (Tias Kitchen) got good service throughout hotel. What I noticed staff seemed trained make us feel welcome. Even maid would greet us smile every morning, spoke fairly good English too. The complementary breakfast provided featured American, European Chinese style food good quality.We reported problem kettle room. When returned replaced complementary fruit basked it. They also process steam cleaning carpets (we got letter effect) know continuous maintenance works.The day left I asked extended checkout rooms. Absolutely hastle. It simply 'Certainly, what's room number?', key strokes computer, smile, done. On checkout review bill daughter's room, transferred balance room single charge VISA account. We pay restaurants, long distance internet (which bit pricey ok).",0.27129251700680274,0.44925170068027204,Oct 1 2009
6,6,"Excellent Hotel I stayed Four Points Daning 5 nights using SPG cash points. The still new. The service excellent. Checking efficient. The rooms spacious two double beds. This main reason I booked family 4. It bit crowded 4 still OK saved lot $ way (at 1600 pts $30/night). If want room 4, good option. The furniture simple Ikea style pleasant enough.The location main touristy area convenient. The nearest subway Yanchang (not Circus World) 5 minute walk. This two stops Shanghai Railway station took D train day trips Suzhou Tongli. The main People's Square stop 5 stops away. Taking subway Shanghai easy transferring Line 1 Line 2 takes lot walking.From Pudong Airport took Maglev experience took taxi end Maglev line Y160 hotel. Going back Pudong airport taxi cost Y200 hour.The located middle modern shopping complex lots restaurants food choices. We loved pastries Bread Talk Paris Baguette, yummy. Cheap alternative buffet breakfast expensive China's standard Y120. The chain restaurant Ajisen ramen noodle delicious noodles. I miss already. Another plus hotel, Shanghai Circus World 5 minute walk away. This venue Intersection Time show. The show acrobatics show contemporary style. The show creative tricks impressive. Still highly recommended Shanghai.Overall excellent value. The location also convenient easy access subway.",0.3276231060606062,0.5954599567099567,May 30 2009
7,7,"Definitely worth considering Shanghai! My husband stayed times business first visit Shanghai - stayed six nights. If adamant heart city good place stay. The relatively new, rooms large, clean get much value money staying one good hotels centre town, albeit decorated many shades drab brown! Breakfasts good even better value-for-money get included rate. The concierge (Victor, I think memory) probably best ever experienced anywhere. Extrememly helpful gentleman nothing ever much trouble, follow thru first class. The subway (Yanchang Rd) one block (turn right) easy safe use, cheap. You literally 10 minutes People's Square subway. Taxis also cheap, sometimes (or, mostly!) traffic horrendous. Things Shanghai spread out, - may look close map actually rather far one intends walking, walking Shanghai also great. The surrounded many shops restaurants. We tried Blue Frog (already well rated reviewers) well 'SouthEast Asia Restaurant' 4th floor next door Latino restaurant nearby, good enough. If want KFC, Pizza Hut bakeries, among others, too. If want cheap food supplies, RT Mart, huge grocery / dept store next door great this, even look! We would definitely stay encounter problems except found bar rather pricey!",0.3366186252771619,0.5150121423292154,Sep 30 2008
8,8,"Loved hotel!! I stayed Four Points Daning business trip Shanghai Sept, 2008. The staffs nice polite. They gave us free upgrade free breakfast internet. My room huge! I loved breakfast!!!! Tons choices, Western Chinese style! And gym swimming pool nice well equiped. The thing I wish gym opens 24 hours. Overall great hotel!The big supermarket next door convenient, everything! You get water snacks cheap. The location alright since like 5 mins walk subway station, costs CNY30, 40 mins (because traffic) Huai Hai Road rush hours. I would want stay again!!",0.39718749999999997,0.559375,Sep 25 2008
9,9,"Lovely Location bit way We stayed 3 nights September 2008. The lovely - located new shopping area outskirts Shanghai. The Metro station 5 minute walk centre really easily accessible. Taxis cheap little scary! No seatbelts time!It really business hotel, given location, probably nice hotels rate city centre. However, lovely, big beds modern rooms. It also lovely gym pool. There's supermarket next door cheap water (its pretty expensive hotel). The bar directly opposite good food beers.",0.2147077922077922,0.5402164502164502,Sep 18 2008
10,10,"Four Points Daning - Excellent way I stayed Four Points Sheraton Daning August 2008 one week second business trip within weeks, recommendation local colleague.And boy I glad I stay there! My previous experience Shanghai Sofitel Hyland (on Nanjing Road) June, Four Points everything Sofitel not.The Four Points almost brand new (less two years old I think), every facility could require. The gym modern equipment pool area lovely. The lobby area bright clean helpful polite staff, check 1am done quickly efficiently. The rooms furnished tasteful contemporary style, large LCD TV. The bathroom (and especially &quot;rain shower&quot; - way blast awake morning!) excellent, spotlessly clean.The gripe room smell cigarette smoke - strong non-smoker noticeable. I guessed going problem check-in request non-smoking room met polite incomprehension.The breakfast buffet good, wide range options, oriental style western. The restaurant staff attentive without intrusive. We eat breakfast, particularly good little bar (the Blue Frog) directly opposite good range western style options, several dozen styles restaurant either wthin mall attached within hundred metres entrance.The local area huge plus bit let time. It really touristy area, like Nanjing Road is, anything want see short taxi ride away. But touristy area, extremely quiet relaxing walk around - hawkers beggars bothering every steps. All all, smoky smell room, would undoubtably 5 blob score!",0.17355382051810628,0.4279445818731532,Sep 5 2008
11,11,"Can't get spacious luxurious pleasant Flawless. The rooms incredibly spacious excellent condition: clean, neat serviced daily efficiently. The beds comfortable, sofas; plenty space storage. Air conditioning provided room vast range temperatures ensure optimum satisfication everybody. The bathroom modern well looked after, well necessities replenished either daily, necessarily; hence environmentally friendly wasteful. The lobby well maintained bellboys polite helpful. The front faces mall, including supermarket (RT-Mart) many fashion shops. Shops many restaurants also accessed one lobby escalators. The rooms secure access limited room keys, therefore residing hotel.The Health Centre clean, new friendly. The service excellent, staff would offer use steam rooms saunas within minutes entering changing rooms. Lockers secure, though lifeguards, staff would regularly look window (backing onto reception) ensure everybody safe. The pool well lit, warm changing rooms new well equipped guests. The breakfast supplied good variety choices; Chinese Dim-Sum egg station; day. There would people everyday offering tea coffee, well clearing away dishes efficiently. There many foods choose from, food replenished quickly avoid waiting guests. Definitely worth Five Star rating would definitely return future.",0.3686345083487942,0.5553400409114696,Aug 23 2008
12,12,"A truly 5* experience We two adjoining rooms 11th floor &amp; Shearton Four Points best (out 5) entire trip.The pool nice clean big we'd expected. Changing rooms immaculate eagle-eyed attendant asked we'd like use sauna, soon returned swim. She even found &amp; returned hair elastic I left bathroom!Buffet breakfast catered every taste. Eggs, noodles soup &amp; dumplings cooked order, steamed 'dim-sum' staples, including bacon, sausages, fried rice, wedges, congee etcShops near include RT Mart (get supplies - DO NOT drink Evian hotel, set back 65 yuan...buy RT Mart 16 yuan!! You also buy bread, steamed buns &amp; ready meals supermarket-and-a-half), Toys R Us, Apple, Evans etc. You'll spolit choice far restaurants concerned - KFC, Burger King, bakery, Japanese, Cantonese, Spanish, Italian. You name it, they've got it.",0.12314814814814817,0.3986111111111111,Aug 23 2008
13,13,"Good Start Bad Ending We stayed couple times March. I first impressed front desk delivery service request first visit. On second visit, request extra towel never delivered. Then requesting check-out 12pm granted, went across street supermarket couple odds-and-ends items around 10am morning, laying handbags everything else around room, thinking would come clean room check out. To surprise, coming back 30minutes, maid already made bed taken towels. She said cleaning room us, watch belongs -- even met us, would know stays room. Well, I told checking noon, (and cleaning effort get wasted degree? -- thinking myself) All zippers bags open. Luckily, I wallet me. I taken passport safe put handbag already -- fault. Nothing missing, I felt uncomfortable. Upon checking-out, I asked front desk housekeeping knew checking today, would clean room leave. Front desk said yes, opposite maid said. I told front desk I feel comfortable happened earlier, &quot;oh, well, I sorry&quot;.I may stay again, I careful I leave room make feel comfortable.",0.1462121212121212,0.49621212121212127,Apr 1 2008
14,14,"Super Sheraton Collected airport taken Hotel long journey.Greeted shown shown room luxuriously appointed superbly furnished.Check-in taken care room courteous,and relaxed -just tonic long trip.That followed long soak deep bath modern,very spacious bathroom.Then couple beers swish circular bar - let-down days I barstaff quite speed!!Both restaurants bar smart staff throughout attentive,pleasant welcoming always helpful.Views room(20th floor) brilliant especially night.The room real peaceful retreat watching great selection football widescreen quite chilling.They also well equipped gym real bonus find good facility within hotel.Location perfect either taxi subway downtown,and good mix shops,restaurants &amp; bars right doorstep.Thoroughly enjoyable stay one best hotels I stayed at.Highly recommended.",0.3410144927536232,0.6028364389233956,Nov 20 2007
15,15,thought great This first visit Shanghai I thought great.Fav part included breakfast. Great selection Chinese non-Chinese choices. I addicted dim sum. And coffee great too.The decor room nice. Hotel clean. So much called asked I disturb sign 3 days asked could clean room 4th day. :) Apparently aromatherapy lobby too.Highly recommend,0.36333333333333334,0.6033333333333334,Nov 8 2007
16,16,"Very Good There two Four Points Shanghai I stayed both. I preferred Daning better location.This new building outdoor shopping complex includes major Shanghai chain restaurants stores. It's like less expensive version Xintiandi. It's convenient 5 minute walking distance nearest metro station takes minutes get People's Square metro. notes:- Internet free like Pudong, however free wireless internet first 7th floors.- There NO hawkers/beggers area security guards everywhere- The korean restaurant nearby dog meat soup tasted like mutton. - blue frog across street soupurger\drink lunch special RMB65 burger juicy- room service cheaper Pudong location tasted great- breakfast buffet much selection 5-star hotels- bellboys ignore Chinese, however Shanghai hotels main customers white businessmen.",0.1213481084133258,0.4201872764916242,Nov 4 2007
17,17,"Sheraton Daning good We booked starwood website since starwood members. We thought since fairly new would really nice also introductory rate 688 yuan good. Although things nice, overall disapointed. I'll break good bad:Good:The rooms nice clean (since new hotel). The location decent lot western (mostly American), Chinese Japanese restaurants within complex (across street). However, get main tourist sites (the Bund, Oriental Pearl, etc...) need take taxi. That take rush hour cost around 30-35 yuan.Bad:The internet service intermittent. We tried connect several times able to. When late night nothing could do. If day would call IT department, miracle miracles, soon IT department contacted internet service would start working. My guess enough bandwidth router manage guests try use time contacted kicked someone else off. At one point paid entire day able use 30 minutes. They charge us asked take off. BTW, charge internet use 120 yuan 24 hours.Also, front desk processes need work. We ask give us 2 keys. Also, even though booked king room several months advance, type room available checked sleep smaller bed. When arrived English room service menu room. I go downstairs ask front desk knew nothing it, restaurant also knew nothing finally ended giving regular menu restaurant.Bottom line want clean stay decent price, mind poor service operations, plan use internet stay here. Otherwise better go somewhere else.",0.1350494550494551,0.45457348957348953,Sep 18 2007
18,18,"Highly recommend I've Shanghai several times pleasantly surprised stay hotel. It opened March 2007 still new look minor faults (no full length mirror bedroom). I would strongly recommend going Shanghai. The rate favourable (less 700 rmb king size bedroom) right next metro line bring central Shanghai. It also right beside Shanghai circus. Though area chinese such, good introduction westerners - plenty restaurants bars. Also shops abound western companies, interesting tourists. The free pool access lovely changing facilities, though women get jacuzzi access I found pool cold comfort. The bedroom comfortable stock drinks next door supermarket (behind bike shop Nike outlet store advertising) keep fridge. The bar overpriced drinks, bar across road (Blue Frog?? something like this). Breakfast buffet style good choice. Probably best standard breakfast I've China.",0.15414862914862917,0.4185324675324675,Jul 16 2007
19,19,"As Good As Last Time Our second stay two months (first stay end May)Asked whether wanted become member Starwood Preferred Guest upon check . Told member two years. She said could get points booked room thru travel agnet (also prepaid) dont mind. But would upgrade room give us fruit plate (by way asked donate US$1 charity fund time). Fruit delivered 5 minutes entered room.However, dont find room different one stayedlast time although 15th floor instead 17th floorin May. Room still fairly new basically clean tidy.Free fruits provided every day Room keycard work times. Even newlyreprogrammed keycard work one time use.Breakfast included room rate food quite OKA 3PM late check request acceptedOverall impression goodOff topic:Went Blue Frog Bar/Restaurant across street lunchon last day. Everything theresis expensive. Mushroom soup RMB45, Burger/Hotdog range RMB70-80, Coke RMB20. There many reasonably priced eateries complex dont worry stucked",0.08627946127946128,0.37478956228956234,Jul 9 2007
20,20,"Not delightful We booked using cash points program inside starwood $30 cash plus 1600 pts. It strange computer system connecting starwood group, know elite starwood members. stingy upgrading us better room nice enough reluctant upgrade us. We put standard room first two nights. It 28 sq meters room. We came back Nanjing stay another two nights, asked upgrade us, moved 32 sq meter delux room. They also tried charge us $40 instead $30 cash. We call starwood corporate office Asia straight out. The front desk people mechanical professional enough handle guests' requests. We received good services bell persons. All bell persons treated us nicely helpful.This one restaurant bar, never used. The chinese restaurant opened lobby affiliated hotel. We used room services couple times good. outside huge shopping complex supermarket, bakeries, restaurants. The pool exercises room big plus hotel. pool water bit cold though.location good. There many taxi waiting front hotel. Most time bell persons would run outside complex get taxi guests. In Shanghai, could difficult get taxi peak hours. Although subway station within walking distance, since station middle subway line connect northern shanghai people center shanghai, trains time would full already running station. We tried subway 9:30 Saturday able even get train. Therefore I think location good. Rooms well equipped beds comfortable. one room relatives stayed dirty. They changed another room later. Wifi connection free public area. one time found uniform lady, believe house keeping, room two unidentified persons chatting came back room. They came questioned many people room cleaning. They said nothing happened moved knock empty room yelling &quot;house keeping&quot;. We think strange although lost anything, highly unprofessional employee(s) guests occupied room. It seems respect guests' privacy all. Next time, I choose Le Meridien, right Nanjing Road.",0.067879767291532,0.45238202973497094,Jun 22 2007
21,21,"Technology Not Suitable Business Traveler Hotel located convenient, new area Shanghai good restaurants amenities around. Access subway also good.Business travelers think twice hotel, especially need access good communication internet services.â¢ Internet service basically unusable. In addition extremely low speeds, put &quot;blocks&quot; normal internet services VOIP Virtual Private Networks (VPN). Most business travelers need access services shortsighted blocking them.â¢ Telephone service seems issues well, blocks &quot;Dial USA&quot; services also seem place.â¢ Several dozen TV channels NOT include either CNBC Bloomberg - I find essential traveling business absence inexcusable.Management refused respond issues I staying there.While good value nice hotel, communication problems make business use problematic.",0.19211647727272727,0.500284090909091,Jun 18 2007
22,22,"Bad Experience Stayed total 5 nights (2 different stays) period 2 weeks.The fairly new - 6 weeks I told front desk.* Public Areas: New nice. Adequate 4 points hotel.* Room: Rooms nice although dont understand bathroom seems moldy despite new hotel. I also dont understand nonsmoking rooms ashtray matches smells like smoking room. The 4 points Pudong nicer rooms.* Internet: Does work people running Windows Vista. The staff worked hard get fixed luck, even I returned 2nd stay. For 2 night stay, charged 4 nights Internet access even though work. When I asked remove this, obvious attitude distrust. The ensuing paperwork long. The Manager AND IT engineer summoned. All $30 charges. 1st time I've seen type distrust inefficiency.* Service: Service attitude China isnt par places like Tokyo, Seoul, Taipei, HK. Staff isnt attentive. Staff greet guests public areas.* Rate: They intro rate 660 RMB. Hard beat.I return 4 points Daning. I stay sister property Pudong, despite unattractive location.",0.0616161616161616,0.4961279461279461,May 28 2007
23,23,"Almost 5 star I bit nervous coming hotel, expectation Four Points high anyways I looking forward Daning location moment taxi pulled front things begun look brighterâ¦..Location: Loved it! Not downtown well located lovely shopping area called âLife Hub Daningâ lively (but noisy), bright, colourful, clean, useful (plenty shops restaurants)Rooms: Clean, big, well equipped nice touches. Almost 5 starStaff &amp; Service: Better 5star hotels I stayed trip Beijing XiâanFood: Breakfast bit average standard rest hotel. Room service restaurant good. Bar good well.Concierge: Not best well informedSpa: Wonderful swimming pool bad either All good fantastic value money. It might make wonder Four Points 5 star Sheraton business hotel!",0.38134986225895323,0.560530303030303,May 17 2007
24,24,"Delightfully Surprising! I've never much luck Sheraton's Four Points Hotels. But one Daning Shanghai (not confused sad Four Points Pudong Shanghai) terrific! It's located newly developed shopping area, surrounded ton great restaurants shops. Half excitement staying exploring neighborhood!The building beautiful...colorful simple design. The lobby spacious modern, everyone doorman girls check counter smiley friendly could wanted. It's room though really made experience. They upgraded suite (platinum membership starwood way go!), moment I stepped in, I knew new favorite Shanghai Hotel (sorry, St. Regis!). The suite's living room spacious beautifully decorated. The carpet new soft, window huge, overlooking part city. The bedroom part suite drop dead gorgeous. Cabinets, LCD TV, king sized bed, panoramic window right places. The bathroom done black slate right corner building, shower toilet, one could see city. I'm good describing, let say I impressed, I've seen lot nice hotels.Brought movies hotel, able get DVD player working. After call help desk, customer service agent came room immediately solved problem, cheerful manners. Swimming pool, locker rooms jaccuzzis, gym top notch looking. Overall great, sleek property, priced right! Not exactly downtown, 7 metro stations People's Square, center Shanghai. Definitely worth visit.",0.21933242196400093,0.5499572795625428,Apr 25 2007
25,25,???????????????,0.0,0.0,Nov 10 2009
26,26,??????????????,0.0,0.0,Jul 9 2009
