,Unnamed: 0,Reviews,polarity,subject,Dates_extracted
0,0,"Wonderful reasonable price We started Grand Circle tour Royalton Hotel. It beautiful Western style amazing breakfast buffet. We came back Shanghai tour stayed Royalton again. We left bags them, carry along rest tour, glad service. The breakfast buffet everything one could desire, Chinese breakfasts eggs, bacon, fruit, pastries, etc. They even omelet station. The restaurants wonderful. A bar short menu available lobby area. The restaurant located ground floor serves great food continental menu. The restaurant second floor offers variety Chinese selections. We ate never bad meal, favorite second floor Chinese menu. The French Concession short taxi ride hotel, amazing section city see tour. We walked Bund French Concession, long walk, interesting perspective city. We felt like lived there. So, yes, Royalton long way Pudong airport, money style, would gladly go back there.",0.22352941176470587,0.43725490196078437,Sep 15 2009
1,1,"Average best. - Okey rooms. Fairly Average.- Nothing Amazing, everything basic.- The Rain shower nice, water bit yellow.- Room comfortable.- Location Far City. 30 mins taxi everything.- An Old Tesco across street buy groceries- Make sure bring card go out. Most taxi's know name.- Lobby smells like Cigars.- The Whole Smells like Cigars. Even non-smoking floor.- You Hear highway night open window.A Fairly basic hotel, Recommend. Stay Pudong Shangri-La, Now, Amazing!",0.278125,0.5274305555555556,Apr 2 2009
2,2,"hidden gem I stayed couple nights business trip. It's pretty close Hangquo airport. It took 20 minutes car airport hotel. The hotel's located pretty busy area, tucked away hustle bustle, good bad thing. It's good b/c pretty quiet, bad b/c took pretty long time catch taxi.Food good.The room clean.You're able get room w/ computer, I recommend it. I asked room w/ computer, work. A tech came fix it, still work. They gave different room, room's computer worked, tech came fix it. Nonetheless, room clean comfortable.",0.14722222222222223,0.6736111111111112,Mar 13 2009
3,3,"Nice choice slightly beaten path Shanghai We stayed single night business trip. The location 1.5 hour drive 6PM Shanghai traffic Pudong Airport. The rooms clean modern styling. Many western channels available TVs, plenty English signs, beds soft Chinese standards. The several dining options, Chinese restaurant properly reflects milder, fusion, Shanghai cuisine.We would definitely stay location again.",0.1325714285714286,0.2880634920634921,Jan 23 2009
4,4,"Great soso location The rooms good condition, beds comfortable. The best part resturant food! The breakfast buffet great, variety. Staff friendly helpful. It located huge market/store good place get snacks things like that. One problem would location. Its little congested around bit far The Bund. Other I recommend place.",0.4135416666666667,0.6312500000000001,Jul 10 2008
5,5,"Absolutely Fabulous This first stayed trip China Grand Circle Travel. This amazing hotel. The rooms top shelf (meaning great) service best I ever experienced. I think part look like million dollars stairwell I walked times exercise one day (this service stairwell guests would rarely see unless crazy like need work-out). The beds comfortable. The rooms emasculate. The restaurants excellent food service. Right around corner huge Chinese supermarket purchased snacks ease food budget. In mornings people surrounding neighborhood congregated court outside market Tai Chi. The thing could make even better would could transplanted nearer Bund tourist sites. However, local color location made longer drives tourist sites.",0.29813161375661373,0.6055390211640213,Jun 28 2008
6,6,"Very good We enjoyable stay Royalton Hotel. The room excellent resturant superb. Resturant staff problems understanding English got away ordering meal, problem. Location well away tourist sights Shanghai, may well plus. There good supermarket across street (underneath sports arena) large well stocked cheap US standards. There Chinese resturants area however. Several groups exercises morning around interesting.",0.4807142857142857,0.6089285714285714,Sep 20 2007
7,7,"A ""sleeper""...going local great experience local friend suggested hotel...it great. Staff friendly; reasonably good English; great facilities, rooms, linens three restaurants. Almost boutique-sized hotel, impersonal many chain hotels. High four star quality. General Manager grew France although Chinese...management seems solid...younger staff, hotel's open five years. Spa, night club, 3 restaurants, lobby lounge/bar.",0.32192307692307687,0.49153846153846154,Jul 6 2007
8,8,"Nice room bad service Their restaurant offered nice food, absolutely love it. We deluxe suite, room spacious quality furnished. The service bad, especially room attendant, rude. Anyway, I think I back yum food!",0.05090909090909095,0.7484848484848485,Jun 24 2007
9,9,"Excellent date business I stayed Royalton business conference location really choice. The Royalton located western part Shanghai, quite far away usual tourist sites, though metro station 15 minutes walk away. There also supermarket conveniently next door UFO shaped &quot;gymnasium&quot;. If mind location, excellent, modern, high class, high rise amenities. The ran standard rooms I got spacious two room suite good view, I complaints about. The room included good breakfast buffet consisting western asian food. However, internet access extra charge (up RMB100 per day) beware comparing rates (you able find several Shanghai hotels include free internet access room rates). The staff polite good understanding English. I would stay business, probably I sightseeing.",0.23954545454545456,0.4161363636363636,Apr 3 2006
