,Unnamed: 0,Reviews,polarity,subject,Dates_extracted
0,0,"Very happy service We always travel, stayed many hotels, I really liked helpful happy staff !!",0.66,0.72,0.72
1,1,"Fantastic View Two words, âAwesome Viewâ. Given amount high rise buildings Shanghai, location tower 360 degrees unobstructed view city. Lobby starts 38th floor rooms goes 60th floor.The room typical Marriott sized nicely furnished. Because extensive food choices around Shanghai, use hotel's restaurants. Having read constructions around Bund preparation 2010 Expo, glad chose near Bund construction 24 hours. JW Marriott centrally located Nanjing Road West within walking distance Nanjing Road East, shops located. The disappointment Tomorrow Square, turns shopping area, one giant restaurant. Overall, I would recommend JW Marriott Shanghai.",0.0827777777777778,0.6102777777777778,0.6102777777777778
2,2,"Great convenient location We great stay - convenient subway, ideal us get around city quickly. Concierge lounge good - breakfast included congee, dumplings, selection pastries, couple hot dishes, cereals, fruit etc. It seem like lot look around room, actually plenty selection. Hors d'oevres also good many time would come CL snack enjoy view.Didn't chance try pool looked amazing!One caveat - rollaway bed friend found bed hard. We asked 2 extra duvets could sleep top - I'm sure housekeeping puzzled get promptly requested : ) If need rollaway, may wish reconsider get another room.",0.4061274509803922,0.5848856209150326,0.5848856209150326
3,3,Highly Recommend Property Stayed one evening - Saturday evening - excellent rate. Had visited shanghai before. simple get Airport. MagLev train (at 431 KM/hr) Metro station - Green Line - several stops People's Square (4 RMB fare.) Exit station Exit #11 (there close 20 exits!) right front me.I emailed Concierge ahead arrival travel desk get first class train ticket Suzhou following evening. I recieved call room little check let know ticked waiting travel desk.Did pay vist Lounge top floor - however purchase breakfast following morning. Excellent deal - view.The Nanjing Road quite experience done before. Traveling alone walking route late evening (past Radisson Hotel) I approached one lady interested &quot;having coffee&quot; me. Declined gracefully. follow one individual side street buy couple rolex Watches 140 RMB each. Originally offerred 2000 RMB!.Sad discover real place shop[ 580 Nanjing Road - direction - towards center Shanghai - couple blocks Hotel.Would highly recommend dictinctive property. Returned afternoon tea 38th floor Lobby 4.30 PM last day China - light show taller buildings starts 5 PM. Tea bread &amp; butter pudding - excellent expensive view/service. Stop tea even staying Hotel.Would highly recommend property.,0.17836754241926656,0.47850848385331135,Nov 17 2009
4,4,"Somewhat dated overhyped On first arrival, impressed view etc.. next time I would try another property. First, overall staff attitude friendly hotels stayed China. A purchase three small bottles evian water close $25 U.S. My room 45th floor impressive view (if could see air pollution), nicely decorated, quiet, comfortable, although somewhat dated (picture tube tv). The location, next Tomorrow Square, really advantage. Shopping nearby main shopping street , Nanjing Rd. annoying countless people hawking watches, massages, etc.. Go elsewhere Shanghai shopping.",0.1627450980392157,0.471078431372549,Nov 6 2009
5,5,"Perfect place stay shanghai I loved hotel, near perfect location, close tomorrows square(where go morning see locals workout), far away shopping street. Great concignere helpfull recommending places(everything see, party, eat shop). The hotell lobby 38th floor makes spectacular. I stayed regular room good space, ver nice bathroom great view. The excutive floor deal also nice, free flow wine, snacks, breakfast(either continental american) tasted superb. The facilities general top notch, drawback wireless room. We also stayed different french quarter really nice but, felt kinda far away, kinda &quot;used&quot; even though everything clean nice. I'd difinitly recommend jw mariott travelers, leisure business stay perfect. And also always cabs ready outside wihich helpfull. Just tell staff outside tell taxi drivers we'd like go. use taxis told cabs go exact spot made logistics alot eaiser.",0.40150537634408606,0.6339330024813896,Oct 20 2009
6,6,"Fabulous Location Service We arrived Shanghai days meeting scheduled GAP tour China. This really well located, also provides friendly, attentive service, extremely comfortable beds level cleanliness found many low budget travel hotels China. Sadly, stayed JW Marriott two days, join tour group horrible two blocks away. We would HIGHLY recommend anyone staying Shanghai.",0.10291666666666667,0.6533333333333333,Oct 8 2009
7,7,"Nice- But plan lot Elevator time I stayed September rate 1980 + 300 tax ( approx 370 USD) night expected. The modern rooms comfortable. Check -in efficient staff friendly ( although always knowledgeable) Housekeeping excellent job daily cleaning evening re-fresh. The gym decent size, keep warm workouts uncomfortable. I booked meeting room top floor. When group arrived, I found electricity projector didnât work. The staff seemed completely flustered idea do. I eventually found alternative room told I moving. The lobby 38th floor requires transfer another bank elevators get room. Getting gym requires yet another set elevators. Communication issue. I asked concierge make reservation provide address cab driver. He made reservation one location gave driver address another location. There vegetarian restaurant less 50 meters front door (make left) thatâs excellent. They attempt mimic various meats good job. Continue street shopping mall â youâll find amazing prices bags, clothing watches. Stay away buffet lobby, WAY overpriced, looks like Dennys food quality average best. The gelato sold lobby pretty good.",0.3088310185185185,0.5532175925925927,Oct 6 2009
8,8,"smells awesome The lobby refreshing smell long day Shanghai. Excellent service excellent location Shanghai. Our taxi driver dropped us service rear entrance made less auspicious beginning soon staff saw us, whisked bags away terribly attentive. My husband gold Marriott member upgraded us Jr. Ste something near 46th floor, I remember exactly. The room great, view amazing. I never heard another soul room. The breakfast plenty choices East West seafood terrific breakfast. The bar nice cocktails view service flawless. I would hesitate return.",0.46888888888888886,0.7444444444444446,Oct 4 2009
9,9,"Phenominal Service Room Location Food The service Marriot superb. If I made eye contact staff, immediately responded, asking I needed anything. At one point, I needed go pharmacy get medicine. They brought Hotel Car driver English speaking Concierge take pharmacy, help obtain I needed brought back hotel.....at charge. I've never provide level service before. The rooms great, beds comfortable, bathrooms spotless. Food excellent. Would even think staying another place next time I Shanghai.",0.4742857142857143,0.5357142857142857,Sep 27 2009
10,10,"No better place stay Shanghai Everything screams luxury, especially attentiveness staff. The service incredible. At times seems staff outnumber guests. There nothing guest. The room prices reasonable, given high end major city. It's hard find better value anywhere. The rooms floors 40-58 spectacular views city. Prices cocktail lounges restaurants bit pricey, however, pay views. It's worth it. The centrally located close Nanjing Rd. shopping Bund. It's across People's Square major art museum. It's easy cab ride Pudong business financial district, major tourist attractions. You simply mist stay Shanghai.",0.19053921568627452,0.5307142857142857,Jul 10 2009
11,11,"Another Great Stay JW Marriott Second time hotel. Really enjoyed stay well. They upgraded us corner room large sitting area addition bedroom area. The Concierge lounge 59th floor nice. Evening snacks OK, great. As Platinum, could breakfast lounge restaurant. Chose restaurant nicer buffet - coffee morning lounge. Not busy there.The hotel's location perfect - shopping (580 Nanjing Road West market) steps away plus main walking street Bund within reasonable walk. As always, traveling China - make sure name address written local language cab drivers seem clue otherwise. Even - get lost easily. For dinner - 1221 awesome. Have Shanghai noodles.",0.3737216117216117,0.6121041921041921,Jul 6 2009
12,12,"fantastic hotel- one marriott's best great location superb people This one best I stayed long time. It one world I would recommend anyone would def go back Shanghai again. Location smack bang middle Shanghai (and busy, traffic ridden Pudong side hotels eg Hyatt.. avoid nightmare zone currently- Bund area construction going next year's world expo ruining one nice parts Shanghai time being...)I albeit upgraded top (59th) floor access exec lounge (gold card holder helps). The room amazing views (altho one least favourite cities world...) well designed coffee machine niceties. Large, comfortable, great bathroom. The exec lounge (along J W Marriott Beijing) also one best Marriott. Fantastic selection food drink (which save lot wine etc cheap city) computers get internet access. Worth paying get access breakfast probably enough eat drink evenings- pays itself. Plus continual fresh fruit juices, coffees etc day... If venture 38th floor restaurant (also lobby floor) breakfast- fabulous selection excellent service. There restaurants hotel- including chinese one American one (given number American business people hotel- prob popular) huge amount outside well.The concierge desk staffed excellent helpful people. As reception. They also friendly.There pricey Mandara spa hotel- offering promotions obviously getting enough business. It good average. Even promos- expensive is. The one outside pool- nothing spectacular China standards pools inside good weather ok mega polluted (a days year?) good quick swim sunbathe.My tip? Shanghai great place go to- going tourist- huge amount see. You easily everything Shanghai interest less day, garden/canal areas day trip outside? So despite fantastic hotel- I would recommend staying long soul-less polluted city....",0.2585714285714286,0.5013095238095239,Jun 10 2009
13,13,"Wow! This far best I stayed China, Asia. It absolutely beautiful, modern yet traditional, staff could help tried. Check-in quick efficient. The last time I stayed, I left cosmetics room, housekeeping kept 3 months I returned. I much help everything I asked for, booking train tickets borrowing umbrella.The breakfast overwhelming choice: fresh fruit smoothies, waffles eggs made/cooked front you, baffling array pastries, juices, dimsum, cereals caters practically every taste diet possible.The gym really well equipped sufficient amounts weights cardio machines, fabulous indoor pool, jacuzzi, sauna steam rooms almost rude use it.The bathroom great massage shower plenty products. The bed comfortable - beyond description.This great location work, plenty hours well. It pricey, facilities, staff location make worthwhile, make want stay far longer 3 nights.",0.33373015873015877,0.6055555555555555,Jun 6 2009
14,14,"Great - close ""real"" ""knock off"" shopping The JW Marriott Shanghai continues I appreciate love quite, clean rooms great service. Located busy Nanjing West Road (Nanjing Xi Lu), 60 story hotel/apartment complex close I need well shopping (and knock shopping â read below), sights Shanghai (the Bund 10 minutes away Taxi). If going Shanghai business, might want pick close offices (and likely will) spend lot (lost) time taxis given traffic. Check floor 38, 60 floors total. If happen Marriott Gold Platinum, executive lounge 59 great views. One minor point donât allow guest executive lounge without paying extra. The nice rooms, good bed, high quality service one come expect South East Asia. The service level quite high â consistent throughout floors functions. Restaurants Hotel: The breakfast (if included rate Gold/Platinum) well stocked, wide variety foods quite good. However, 190 RMB ($28 USD) I donât find good value, found far expensive tastes. The restaurant similar, good food price easily beat going street getting recommendation staff. Getting To Hotel: Getting airport 150 RMB taxi ride, ârichâ schedule pick Audi A6 via mere 690 RMB. China unusually safe country, I recommend local taxi lower rate (even first time travelers China) assuming degree adventure/interest. Before travel, print going web, alternatively, land, desks arrival lobby baggage claim someone write Chinese (just case taxi driver doesnât understand English). It takes 50 minutes, depending traffic. Getting Hotel â Maglev (magnetic levitation train) . As alternative, (and never done â should) take Shanghai Maglev Train Airport Long Yang Road station. The Maglev train runs every 15 minutes airport, travels speeds 430 KPH (250 miles per hour â top speed varies somewhat time day). It takes 6 8 minutes go airport Long Yang Road station, another 20 30 minutes taxi (about 50 RMB taxi) hotel. Cost train 40 RMB (posted 50 RMB, sure 40 RMB), well worth tourist experience. About half way airport station, pass Maglev train going direction sounds bit like sonic boom. Eating Out - I looked local restaurants late night arriving hotel. On prior visits, I left exit going right, circled block taking right hand turns. Of course, McDonalds directly across street, goes China McDonalds? This time, I exited LEFT main exit, crossed Nanjing West Road, turned slightly Right. Just past Porsche dealership/showroom, take first street LEFT. Go one block, find number restaurants open 2AM (this 5 minute walk). I ate two different ones, get great meal fraction Marriott charge 40th floor. A bit caution restaurants seem function mostly Chinese (marginal English) although menus photographs fun try Chinese skills. I enjoyed food sterile (yes, perhaps double entendre) restaurants Marriott. I recommend experience bit adventure, wanting eat inside â wallet thank stories tell go home. Knock Off Shopping: For remember good old days Xiangyang (Xiang Yang) market Huaihai road, closed government June 2006. For familiar open air market, could find anything, everything fake knock off. If looking taste Xiangyang market, donât mind hassles negotiation (buyer beware â negotiate hard â¦. And I mean really hard) smaller version Xiangyang street JW Marriott. Go Left front door, go Left Nanjing West Road, go 5 minutes bridge (there police station corner). Go another 2 minutes right hand side 4 story building located 580 Nanjing West Road â contains small, yet lively version Xiangyang market. 580 Nanjing Xi Lu -- Beware â fair warning â everything building fakeâ¦..everything. It might look real, label might say 100% real â isnât. But seeking DVDs, Watches (Rolex, Tag, name it), North Face, Caloway Golf Clubs, Polo shirts, Crocs, Purses (you name brand) anything else brand nameâhere is. There also local souvenir products sold building looking gifts. To say vendors âaggressiveâ, better negotiate hard huge (HUGE) understatement. To give examples, âwine holdersâ look like Chinese outfits bags --- starting prices somewhere 45 65 RMBâ¦.I bought 5 RMB â yes, less 1/10th starting asking price. Fake pashmina start 145 RMB 15 20 RMB. Fake Rolex watches â starting 600 1000 RMB sold 110 RMB. A pair Crocs went 50 RMB. DVDs still running $1USD (7-8 RMB) bargain hard. For start Â½ price, vendors expect this, make killing. I highly recommend try multiple booths general pricing start buying â walking away get price âshoutedâ guess ârealâ price. Note fairness, toss price out, meet it, honor offer â careful putting might consider âlow ballâ offer might end âoverpayingâ. Trust I tell even prices â vendors making money. I stayed several times past well Ritz road. At rate approximately 1300 RMB $195 USD per night, delivers consistent product solid value. As rate escalates (in opinion 2000+ RMB), depending pay, value proposition shift significantly plenty hotels Shanghai consider value basis.",0.10407111839354836,0.42889741878059623,May 27 2009
15,15,Solid business good location Have stayed JW Marriott business trips four times past three months. Location excellent; taxi drivers know pinch draw picture rocket shaped building show that! I like strolling around park across street morning business meetings. Rooms nice usual five star conveniences. Beds comfy handy reading lights. In room internet RMB 50 per day works fine. The Chinese restaurant good. Local Shanghaiese friends said dim sum one best among major restaurants. The cigar bar merely ok. Room service breakfast pretty average too.Only real negative pretty hard get cell phone reception room upper floors; may go lobby use phone Blackberry.Overall good choice international businessperson travelers want five star amenities.,0.24667777777777772,0.4844222222222222,May 3 2009
16,16,Stunning property great service!!! I stayed JW Marriott Shanghai husband 5 month old baby received fabulous service entire team whilst enjoying stunning accommodation. This really perfectly located things must see Shanghai - back,0.4444444444444444,0.6861111111111111,Apr 18 2009
17,17,"5* - nothing say really We stayed Marriott points. Despite upgraded room Executive floors (although without associated privileges). Neither wife I could really fault hotel. The check-in excellent room comfortable great views Tomorrows Square. The location superb want heart downtown Shanghai.Didn't really use facilities swimming pool (the indoor one bit boring/bland otherwise excellent probably lot nicer summer outdoor pools open well) gym. The gym spacious airy lots well maintained modern kit. No charge pool gym.Didn't use in-room interent (for charge) use Blackberry free wifi lobby worked well email web browsing even checking-in online.Right across street within couple minutes walk plenty food outlets breakfast Tomorrow Square tube line couple minutes walk. If going take Maglev airport (50 RMB 300 kmph) get tube - can't go wrong English - quick, cheap interesting way get hotel.We would stay flash.",0.34885964912280704,0.6013157894736841,Mar 26 2009
18,18,"nice business style Relying bit memory banks one, typical 5 star style business hotel. The reception actually half way highrise made good views. The breakfast good. Service professional courteous. Location good near main street leads way bund. A moderate walk xintindi (sp?) restaurant area. Plush like jw marriott. Shanghai good fun, like large HK I prefer Beijing piece China",0.2929414682539682,0.5157787698412698,Mar 23 2009
19,19,"Great Hotel - stayed MANY times. Best place Shanghai. I stayed many executive level hotels shanghai area one I choose go back to. First all, location VERY important shanghai due horrendous traffic problems. This well located business pleasure. The lobby starts 38th floor nice building. I like go long day chaos shanghai, feels like really going away. lobby level, go another set elevators take rooms. The rooms nice, marble baths, awesome comfortable beds (which huge plus china). The standard rooms small, I always book room level 2 standard get spacious. The corner rooms nice windows overlooking city. Only thing room flat screen tv, standard tv. That would seriously complaint. They nice choice restaurants, good location rarely eat - walk something nearby.",0.30689655172413793,0.5614942528735631,Dec 9 2008
20,20,"Mediocre Hotel Shanghai This last stop China trip aesthetics great staff mediocre best. Great location city, trust concierges' aware though staff see fluent English phone operators necessarily able comprehend well speak means screw appointments general information. The Mandara Spa, provides great service, ticked advertise special cannot provide &quot;they products&quot;; well hey take signs advertise special. I went Le Meridian check spa actually got better info sites shows concierge staff JW. Overall JW standard.PS: Don't go offer using van airport, budget time go metered cab, gteed cheaper. A great alternative I used, catch Maglev train takes 8 minutes Longyang Road station Pudong.",0.25309106098579787,0.48807435254803666,Sep 20 2008
21,21,"Loved JW Marriott Tomorrow Square The JW Marriott Shanghai truly wonderful. We two rooms four us club floor. The rooms spacious comfortable, really nice bathrooms. There celadon green porcelain accessories, pretty, artful spray fresh flowers every day. (I especially appreciated lots places put things) The club room nice, variety seating choices outlets laptops them. The view club lounge 59th floor wonderful view People's Square Shanghai skyline. The breakfast club floor OK, sometimes bit odd (we found last day would custom eggs you, never told 5 night stay). The staff dismantle breakfast, snacks etc. militantly time appointed. If came breakfast even 1 minute late, would luck. The snacks wines good. The club floor privilege comes FREE LAUNDRY. This HUGE probably saved us hundreds, able leave everything clean. The lobby 38, take another elevator room, sometimes seemed hassle. The California Grill restaurant excellent, Chinese restaurant. The location short cab ride Bund across People's Square includes Shanghai Museum (wonderful!) sights. There indoor/outdoor pool attractive nice place sit and/or swim. The staff helpful arranging transportation (with four people usually needed minivan) one day arranged guide us short notice tour French Concession. The guide driver good.All welcome, luxurious respite end hot sticky sweaty day sightseeing.",0.3773529411764706,0.6231372549019608,Jun 12 2008
22,22,"Stunning builiding decent room Not JW-level service JW title given top Marriott hotels I expecting top notch experience.As taxi pulls curb-side, offered help bellboys take luggage half party lost traffic airport hotel, decided wait downstair waiting area. When party arrived, took elevator lobby 38th floor. While guests counter, left counter 30 seconds agents either works others chatting pay attention me. When one finally comes around, welcome greetings. This lack greeting something I seen JW before. The rest checkin quick although passports photocopied. I seen highend China. I offered exec lounge priviledges 600 Yuan/day. Since I plan day hotel, I declined offer.To get room, took another ride lobby 44th floor. The room furnished cherry wood color pleasing eyes. The twin beds comfortable soft. A work desk chair TV/mini-safe occupied opposite side beds. The TV old tube-type, something I would expect 5-stars least JW. The wall wall windows offer stunning view tomorrow-square park. Although view Pudong side partially block Meridien Capital Land buildings accross park. The marble bathroom roomy good amenities. The bathtub also water jets please other-half. The standing shower also lovely water pressure decent.The location JW-Marriott outstanding. Within blocks well-known shopping street Shanghai subway station accross street, get anywhere Shanghai efficiently. The Bund 15-20 minutes walk hotel.If JW, would fine separating run-of-the-mill Marriott JW always service. This deserve moniker JW.",0.14776785714285712,0.5029761904761905,Jun 11 2008
23,23,"No stone left unturned. SENSATIONAL. Perfect every imaginable way. We upgraded junior suite sensational views. The room incredibly clean comfortable. Everything might need provided - including small gift (teapot) take home! What wonderful room. In terms amenities, pool awesome restaurant. Breakfast included exemplary homemade sausages, espresso coffee freshly squeezed juices. Superbly done - everything PIPING HOT! This offer food small quantities - thus ensuring freshness hot temperature. WOW factor every way hotel. The management staff deserve nothing praise. THANK YOU much - special thanks upgrade accommodate 2 young children comfortably. Noted AND certainly appreciated. Would recommend place without doubt whatsoever.",0.36168831168831167,0.6411255411255411,Jun 1 2008
24,24,"Terrific service This one corporate Shanghai. Loved location near everything. Train station like 5-10mins walk away. Within walking distance major shopping malls &amp; food. Fantastic view room get see city view even there's smog.After long day work, best place R&amp;R lounge enjoy city view. The staff polite &amp; helpful especially I'm getting advice go night out.However.... thing I hate take lift lobby 38th floor change another elevator room. Is irritating rush.",0.11517857142857145,0.6285714285714287,May 22 2008
25,25,"Superb apartments luxurious facilities service highest kind I stayed month serviced aparments JW Marriott Tomorrow Square Shanghai experience second none. The building incredible stands congested illuminated Shanghai skyline, makes feel staying somewhere special. The first 30 floors apartments 30 floors rooms.I stayed studio which, though could larger, luxurious comforable. The main part room comprises giant bed matress foot thick means one simply hit bed fall alseep straight away. The main area also sofa TV area also little dining table. One side room nothing giant floor ceiling window incredible views Shanghai. The furniture expensive takes short cuts here. The kitchen small fully equipped fitted kitchen, oven, cooker, washing machine, dish washer, extractor hood, sink, large fridge/freezer comes cooking utensils, pans, cups, glasses, plates, bowls, tea, coffee, sugar, milk etc. Never really usd kitchen though many places eat out.The bathroom nice, good lighting, Kohler bath, walk shower two side jet streams water well powerful main shower hose. The bathroom fully equipped restocked free shampoo, soap, fresh luxury towels, fresh bathrobes etc.When I arrived complimentary bottles wine, quite lot free beer fridge snacks. All fee. There's mini bar apartments.As apartment resident get use facilities get 25% room service, shops etc. The gym free good. The two pools (one inside one outside) great, sauna steam room, part price. The food restaurants (which also room service) nicest food have, fresh tell came straight pan delivered room.The lifts excellent efficient service always highest order excellent english speaking staff. After weeks staff know name also impressed me.The food court ground floor sells good quality western meals lasagne, sandwiches, pizzas, sweets, cakes, wine beer well western magazines english newspapers.The Mandara Spa luxurious addition providing massage spa facilities beautiful relaxing authentic surroundings. Probably one best massage spas East Asia though pay this. A good hairdresser too. A haircut costs 130 RMB.Location wise, right bang middle best part Shanghai. The affluence area illustrated Ferrari Maserati showrooms adjacent Porsche Mercedes showroom directly opposite.Though expensive, (it cost 28000 RMB month, that's 4000 US dollars), money well spent afford it.",0.29983021077283367,0.5246096799375488,May 2 2008
26,26,"Good business great location The JW Marriott fine hotel. As business hotel, hard differentiate mass business hotels Shanghai, makes stand out...?1. The location Tomorrow's Square great. You ask somewhere central, better access Shanghai. 2. The views great (if smog). Reception 38th floor guest rooms upwards 40th floor. 3. The showers 3 heads massage end long day.4. The executive lounge large comfortable, offers good selection food &amp; drinks.The restaurants good (but great) - standard calibre. The meeting rooms good notably, air-conditioning works properly holds temperature.Two small criticism; (1) Whatever produce season... every dish, every day! (2) Taking lift room 38th floor &amp; separate lift 38 ground gets tedious days.",0.2601319875776397,0.5017494824016563,Apr 21 2008
27,27,"Good location a-typical JW The location good Shanghai Museum, People's Square Xintiandi within walking distance. After marvellous experience JW Beijing anticipated similar service levels room standards quite par. Decor room dark wood plenty windows let light. Breakfast buffet plentiful dinner Wan Hao good quality (although pricey would expect). Stanley Yin - Front House Manager - incredibly helpful offered many tips eat/drink city. Do get cab go 'Face bar' relaxing drink Colonial atmosphere.Biggest let staff standing waiting hand tip absolutely everything you. It seems hospitality received Beijing (that came expectations financial reward staff) place here. Shame. I like tip good service rather nod head. On ground floor small cafe sells good quality sandwiches, snacks bottles wine cheaper pay 38 floors up! Overall good base, I would recommend league JW's I stayed at. As long expectation mind disappointed.",0.18065656565656568,0.5085858585858587,Apr 11 2008
28,28,"Great Hotel Location Easily found arrived Shanghai, reception desk veryu friendly efficient chinese know how. Room 48th Floor comfortable every amenity bed sooo comfy. Restaurant staff hover meal distracts views ambience I felt, may me. Concierge desk ground floor knowledgable forthcoming straight away 'add fees' service - watched, expected I guess hotels calibre. Overall comfortable enjoyable stay, good location within easy walking distance metro lines shopping areas park close by. On higher end scale far rates concerned top well looked honoured guest.",0.32715686274509803,0.6107843137254902,Mar 27 2008
29,29,"going downhill I stayed regularly past 3-4 years, usually 4-5 times per year, I know well, recently I notice decline satisfaction stay. Here I say that:1) Room temperature- I prefer fairly warm, last stays I notice room cooler hallways control room work. I always call complain, send engineer comes measure temperature informs manually increase temperature. So purpose in-room control??!!2) Internet service- past week absolutely terrible- room executive lounge.3) Food- November I ate executive lounge night leaving got food poisoning.4. Gym- nice gym, recently hardly anyone monitoring actual gym person front desk near elevator. Also, used fruit bowl front desk, I ask it.Time reconsider I'll stay Shanghai.",-0.04635416666666666,0.4022035256410257,Feb 25 2008
30,30,"Average rooms service One three hotels stay Shanghai. It ranked number 3 Shangri-la Pudong Radisson New World. The rooms average Marriott, befitting JW. Even junior suites impressive. Drab green carpet unimaginative decor.Would return better choices there. The family suite Radisson New World twice size much modern price. This place hold candle Shangri-la Pudong!",0.04277272727272727,0.4554090909090909,Feb 17 2008
31,31,Great Hotel - Business Trip I stayed several times continue several times year Shanghai business. This heart downtown area. Very nice upscale. Beautiful views city top floors. Service always good. Laundrey service good. The gym good view city well. Would highly recommend traveler Shanghai area.,0.519,0.559,Feb 6 2008
32,32,"Simply great ! I completed 2 week stay Executive Apartments hotel. The entire experience described posts excellent ! The room simply perfect. Spacious, well appointed, comfortable, excellent views city. The staff responsive I ever stayed in. Any request responded almost instantly. They went way make sure I comfortable. Room service fast, accurate, food excellent. The room service menu, little limiting, many choices including several excellent restaurants, concession stand lobby sells pre-made meals. Its great location near many businesses local attractions. The internet service also excellent always case China. A total five star experience.",0.4345000000000001,0.6565555555555557,Jan 18 2008
33,33,"JW Marriott -- Again Terrific I returned 5 days JW Marriott Shanghai. This, 4th stay past 2 years, confirms view JW Marriott deserves top grades. Rooms (and views) terrific. Location marvelous (in contrast Four Seasons), Nanjing Road, walking distance Bund, near two subway lines, 10-minutes walk Xintiandi otherwise centrally-placed (unless, course, business Pudong, area offers great hotels). The Marriott well-maintained shines; three restaurants offer terrific food; staff knowledgeable, accommodating friendly. The Executive Floor Lounge spacious, comfortable offers free internet access. With âJWâ brand, Marriott attempting pierce top echelon international hotels; Shanghai property, succeeds.",0.3220588235294118,0.5735294117647058,Nov 26 2007
34,34,"Most awesome I've stayed at!!! The JW Marriot Tomorrow Square hands best I ever stayed at! We stayed 4 nights November visit Shanghai. Since I Platinum member Marriot, family I greeted personal assistant checked us escorted us rooms ensure satisfied everything. We also greeted room exquisite bowl fruit beautifully packaged truffles. Although rooms bit small side, beds overwhelmingly comfortable, hard get mornings. We also wonderful view 49th floor room. I additionally impressed Excecutive Lounge nice airy provided great array snacks beverages throughout day well complimentary internet access. The Executive Lounge assistant nice offered many invaluable recommendations shopping restaurants nearby. It also cool highest library world (according Guinness World Record 2006), interesting check out!Lastly, I recommend Mandara Spa located hotel. This one beautiful spas I've ever to. My sister I 2 treatments totaled approximately $100 each...what deal!! Also, guests, get additional 10% off. We private suite treatments spacious (with private bathroom) beautifully decorated. The aestheticians wonderful kept conservations absolute minimum could peacefully enjoy treatments.Overall, location, price service impeccable hotel! I plan stay every time I return Shanghai!",0.48220654121863793,0.6880824372759856,Sep 21 2007
35,35,"Best Hotel I've Ever Stayed At Think 38th floor lobby added safety feature residents JW Marriott. You're well insulated random solicitations constantly go along Nanjing Rd yet stroll away desire experience it. You're close Ren Ming subway station hailing taxi prove difficult Shanghai, taxi stand constantly taxis waiting outside 1st floor lobby. Being Platinum member, I upgraded 55th floor executive level room room facing Bund. There fresh fruit, box chocolate truffles, bottles water, varied selection teas waiting room. TV channels include CNN, ESPN, CNBC, MTV, HBO, Showtime, Starz English. The bathroom shower bathtub. The Executive Lounge 59th floor provides drink top shelf liquor well sodas, water, coffee, tea, juices, milk, breakfast, late afternoon hors-d'oeuvres, evening desserts everyday including weekends. The full service gym provides iPods workout everything American could want free weights, cross trainers, treadmills. The 7th floor pool oasis urban Shanghai jungle indoor outdoor pools laps recreation. All JW Marriott well worth 2500 RMB price tag outshines I've stayed at.",0.06805555555555555,0.3634259259259258,Sep 18 2007
36,36,"Fantastic This Marriott best- got happy staying Marriott property. The lobby 38th floor room 54th floor amazing views. The room little small side, Shanghai really need spend much time indoors. There many things next pay views &amp; location. The pool &amp; spa little tricky find, provide oasis city relax &amp; swim Shanghai's heat. Also staff restaurant attentive. Tip Shanghai: Take Metro cross river costs 2 yuan rather silly tourist tunnel costs 35. Go dinner Xintiandi- really nice restaurants try Shanghainese food sweeter rest chinese food.",0.23093750000000005,0.5171875,Sep 17 2007
37,37,"Fine great location Although clearly aimed business travelers, stayed tourists really enjoyed it. As everyone noted, truly first-class stunning views lobby rooms. We used miles stay here, result view towards river. Still, complaints. Lovely room 51st floor...elegantly designed, big, luxurious bathroom.Also, tourists, noted location excellent. It's hop, skip jump Shanghai Museum, running best museum country, Nanjing Lu, pedestrianized main shopping street. A 20-minute walk Nanjing Lu takes Bund. We make French Concession, short walk opposite direction. As slight complaint, I wanted echo point made earlier reviewer service: although efficient courteous, proactive way. For strives one best, disappointment. Upon arrival, asked restaurant recommendation. They one would offer hotel's restaurant. Not helpful. Other that, excellent stay.",0.2556712962962963,0.48905092592592597,Sep 16 2007
38,38,"find Indian chef ! We returned home Tasmania magical tour around world. The Marriott hotels rarely let us Shanghai exception. The staff polite always helpful, room perfect spacious especially given upgrade arrival. Most memorable Indian chef buffet evening always around make special treat indeed everything produced delicious difficult know stop eating.",0.35015873015873017,0.8260317460317459,Aug 28 2007
39,39,"An oasis CHina I idea anyone give bad rap. Please stop complaining elevators next line rave great views. You cant one without people. The rooms beautiful shape incredibly clean. This makes fell like Chicago - 3rd world country. The cars S class Mercedes (very classy)and suites full wall windows. I've stayed Ritz Carlton, Grand Hyatt andn Shangri La among others - heads shoulders those. Great location walk shopping too. English skills spotty across Shanghai place avg. Laundry comes back less 4 hrs extra charge.",0.17968750000000003,0.3973958333333333,Aug 13 2007
40,40,"A bit dizzying! JW Marriott strong hotel. They everything make 5 star hotel, somehow miss mark. The rooms large, modern comfortable. Bathrooms nice &amp; include relaxing, homey touches like fragrant bath salts. In-room tea stations another charming touch. In-room internet connections speedy. The gym &amp; pool quite nice. The spa fair, extremely accommodating. Spa rooms quite small &amp; aestheticians arenât best though prices would lead believe otherwise. Food poor side, though good China. The restaurant average. Room service tricky â slow &amp; need make sure spell things exactly want else end âinterestingâ pairings! Service mediocre. Everyone friendly, soon realize many weak understanding English, poses problems. For American catering business travelers, staff either speak better let know donât fully understand &amp; seek someone else staff does. This language barrier lead quite misunderstandings &amp; thus delays. Lastly, 60 stories high! You donât even get lobby 38th floor! While delights people, scares death! I prefer shorter buildings. My 1st night here, I never fell asleep nerves! Now soon I get room, I immediately shut curtains. My last time here, I stay coworker âExecutiveâ floor. Never againâ¦I learned Executive floor(s) top ones.",0.227180829228243,0.5413492063492064,Jul 19 2007
41,41,"Great stay could better We stayed 3 nights pleasure. The nicely appointed rooms great views (request room views Pudong, get stuck looking endless ugly high-rises). The breakfast buffet wonderful well.Only couple things slightly tarnished stay.1. Staff always smiling proactive. For example: I go airport 9pm Friday (peak hours taxis) long queue (5 us) waiting front car. The 2 bellhops simply stood waited taxis pull hotel. It obvious guests headed airport tight schedule. At 5-star hotel, I would expect bellhops intuitive/proactive, helping hail taxis simply calling taxi company ahead time make sure cars standing guest use peak hours. 2. Check-in smooth check-out nightmare. We 2 rooms, one room booked Marriott Reward points room booked online - Weekend Transportation package (inclusive breakfast 2 people 8 hour use car). When checked out, surprised additional charges suppose included. It took us 15 minutes go bill line-by-line staff. Eventually, charges removed, one would expect caliber, charges inclusive package calculated grand total first place. So, check bill carefully check out!",0.1760085978835979,0.6105324074074076,Jun 12 2007
42,42,"Wery nice hotel- sad Shanghai air The JW Shanghai luxury motel truly landmark buidling. Do leave extra minutes want go though- lobby 38th floor need switch elevators get rooms 38 up. We 55th floor access concierge lounge. The rooms well decorated sumptuous bedding. The view (rm 5505) included prominent buildings Shanghai wrapped us great vista- unfortunately haze evening replaced stark reality Shanghai air pollution day. Opening curtains morning light reminded sepia toned photo- shades grey brown inter mixed spelling another day breathing in. The concierge level worth fine wines, dim sum, great breakfast. The Marriott well located get anything Shaghai area. For familiar Hong Kong travel, great MTR &quot;Octopus&quot; like transport card purchased. The park across street convenient, beautifully arranged bit greenery catch moments surprisingly yourself. The concierge great job securing us center stage seats Shanghai acrobat show- pay minimla extra VIP seats- really worth it.",0.25126666666666664,0.5071999999999999,Jun 10 2007
43,43,Great Hotel I spent 2 weeks business JW Marriott May 2007. The Hotel great. Room bathroom nice. My room 55th floor splendid view. Service good also. It always pleasure breakfast 38th floor great views. On buffet find everything want (including &gt;10 different corn flakes asian dishes). Another good point free wireless lan lobby executive floor lounge. To sum up: A good (I 'm sure one best Shanghai) good location excellent service,0.6270833333333333,0.6686805555555556,May 21 2007
44,44,"Great Business Traveler USA Regardless reviews, I seriously doubt 5 better hotels Shanghai. I great experience JW early May (8th - 12th). Check breeze corner room oversized everything I needed, included large bathroom view. Upgrading Executive Level brainer given amount food, beverages, attentive service. The bed super comfortable I never heard noise 47th floor room. The gym excellant - large outfitted modern equipment (and always open). The negatives elevators (required switch 38th floor) food quality average. Great location business Puxi area, super clean, attentive service, Starbucks downstairs case one needed reminder home. Walked nearby Meridien, seemed nice surrounded construction locals selling counterfeit product - ideal book.",0.25129870129870135,0.6594155844155843,May 15 2007
45,45,"Great Experience Spent week holiday wife daughter first week April. JW marriott ideally situated near centre Shanghai. Very close museums, shopping, walking distance Bund adjacent beautiful landscaped gardens. The located edge used Shanghai Race course. As well Starbucks hotel, another one 100 yds away costa across road opposite Ferrari garage adjacent hotel. The views simply stunning. There choice 3 excellent restaurants. The Spa facilities also well worth visit. We found staff helpful eager please. The room well equipped, walk shower etc. toiletries restocked frequently.Would certainly return.",0.4010989010989011,0.5272893772893772,Apr 15 2007
46,46,"Very impressed service JW Marriott This late review family I stayed JW Marriott duirng Chinese New Year. We arrive Shanghai Chinese New Year's Eve witnessed many fireworks traveled airport hotel. Upon check-in, found staff extremely professional. The front desk clerk escorted us 54th floor rom stunning view towards Pearl Tower. Throughout night, fireworks erupted skyline made spectacular sight room. The room standard size Marriott room bathroom especially large walk show sunken bathtub. Everything 5 star, including staff. I ask concierge various staff members interpret Chinese provide travel instructions various venues. They extremely pleasant. For breakfast one morning, breakfast buffet found staff nice variety Chinese, Japanese American food extensive. The view 38th floor dining area also spectacular. We chance use swimming whirlpool locker area...found nice. However, bit inconvenient transferring elevators get pool area. Overall, Shanghai trip Chinese New Year great JW Marriott best place stay.",0.25279295417226455,0.4679579041648008,Apr 1 2007
47,47,"Don't stay When booked hotel, Trip Advisor rated #1 I found lots problems hotel1. Toxic smell hotel, breathe2. Poor location3. store needed tolitires, walk long way find TAMPAX4. Shanghai cash only, ATM ran money days end5. 3 attendants elevator serve purpose6. conciere clueless7. business center make copies, even though I paid exra stay business levelWhat I liked hotel:1. starbucks lobby2. view",0.009999999999999986,0.5800000000000001,Apr 1 2007
48,48,"Faulty Towers The Marriott means well suffer problem faced foreign run Hotels China, simply can't get quality staff. Customer service aspects shangai life contrived natural Marriott capable implementing basic standards. They've failed.Designing room easy bit...and yes they've got right. Beds comfortable Marriotts. But I said, easy part.Don't order room service. We know expect bells whistles order room, least expect cooked. We tried room service twice I say late night kitchen shut food standards agency (that's one exists).The breakfast pleasant surprise usual fodder. Trying get cup coffee breakfast room proved rather much staff wife I invented ingenious methods coaxing hiding, like walking kitchen begging staff fill empty cups. This unforeseen, staff training exercise received hoots laughter us staff unfortunately failed pick irony episode continued ignore thirsty guests.My advice Marriott fly senior staff Hong Kong show done advice you, punter, stay here!",0.11453136810279665,0.5269085411942555,Mar 20 2007
49,49,"Luxury bearthtaking view boot I stayed twice Tomorrow Square (as locals call it, simply 'Ming Tian' i.e. 'Tomorrow', late Jan year end-2005. Twice I satisfied service, facilities location. But recent stay, satisfaction level increased. For following reasons:1. Check-in simplified seamless. Previously, one reaches hotel, let bellboy take luggage, get tag take express lift 38th floor lobby check in. Then, take another lift 38th floor room. In recent stay, check took place first floor (newly setup) counter, bellboy goes room luggage. Just one still needs go 38th floor first take another lift room. Anyway, improvement shows listens customers' feedback, I precisely suggested earlier stay.2. They recognise return guests, make sure feel welcome. Partially I stayed standard 2-3 nights, partially I Marriott Rewards Card, allowed corner room time round. Slightly bigger usual standard room, nice view bathroom. Such nice touch goes miles, least me. I feel want back, that's I mighyt next time round.3. The smiles lower-ranking staff obviously, endeavoured learn speak English. I Mandarin speaker I notice even lift attendant, chambermaid restaurant waiter speak standard English big extent. Two thumbs this. Maybe China preparing 2008 Olympics, Shanghai gearing 2010 World Expo, regardless, efforts commendable!Of course, this. The location near People's Park Square means literally heart Puxi, near many attractions. The main subway station Lines 1 &amp; 2 also near, 2-3 mins' walk. Getting taxi also straightforward, 400-500 metres west retail shops, restaurants supermarket. Within 5-10 min walking distance local food street, Nanjing Road Pedestrian Mall, Starbucks (just downstairs), McDonald's, banks, post office shopping (gaudy) tourist stuff. But twice I business, I really time complete circuit.And oh yes, Tomorrow part tall buidling, many people swear views. I must say quite nice, oftentimes, Shanghai skyline blocked hazy, cumulus stuff. Pollution perhaps. I personally like Tomorrow service, location, luxurious facilities newness. Stay mind paying premium regret it.",0.15724747474747472,0.39281933087488635,Feb 3 2007
50,50,"Prefect location The view great 53rd floor room. Located People's Square/Tomorrow Square, many major sites within walking distance. Taxis cheap, traffic horrible. The City commerce. Great restaurants. Do miss City Planning Museum historical photos well future plans.",0.19531250000000003,0.540625,Feb 1 2007
51,51,Fantastic Stayed JW Marriot 2 nights January 2007 I must say fantastic hotelHaving originally planned stay hostel I glad I chose pay extra stay somewhere niceStaff helpful concierge useful helping decide go. All spoke good english.Room fantastic great gym poolLocation heart city next peoples square short walk Bund,0.3645833333333333,0.5583333333333333,Jan 18 2007
52,52,"Uninspiring - executive rooms deluxe Even though booked using Marriott website, check-in instant, took ten minutes. The room big windows, nice view 45th floor. The room uninspiring, special edge extreme luxury.We asked upgrade executive room, find executive room (except 9 floors up) smaller, less window deluxe. It incredible! 60US night room smaller regular room! If view, pick another hotel, plenty rooms high floors. Considering JW Marriotts' rates, problem finding better value money place Shanghai.",0.17709273182957394,0.5379834200886832,Jan 10 2007
53,53,"Great views good location service We stayed 31 December 6 January 2007.We lucky enough upgraded executive suite 54th floor. The views stunning! The access executive lounge (breakfast, drinks entrÃ©es evening) excellent added bonus.The room huge, bed difficult get of. The bose cd/radio good someone else said dvd player would nice.Service smiling ever-helpful. The breakfast buffet plenitful fresh.The gym excellent large, pool. Location really good everyhting close taxi metro SHanghai think location important criteria.At rate I would definitely stay again. Loved stay.",0.4732886904761905,0.7507440476190477,Jan 8 2007
54,54,"Wonderful great location. I stayed JW Marriott Tomorrow Square 3 days business trip China. This one nicest hotels I've stayed Asia. I lucky enough upgraded suite top floor, views amazing. One tip - go top floor executive lounge, ask one ladies take onto roof. The door hidden behind bookcase &quot;highest library world&quot;. This one best views Shanghai! Make sure night see various light displays around city.This within walking distance Nanjing Road well Bund, subway stop right across street Starbucks.",0.38231292517006804,0.6386621315192744,Dec 19 2006
55,55,"Excellent best. The Pros:1. Service spectacular. But true 5 star hotels China, I think service JW better get comparably priced Shanghai. 2. I given complimentary upgrade one &quot;service apartment&quot; rooms. These really condo rooms include full kitchen, separate living room, washer/dryer. Since I long trip, access washer dryer fantastic bonus. The &quot;service apartment&quot; rooms room 10 36 getting high floor room important you, like rooms. On hand, air pollution consistently bad Shanghai never able see squat anyway. 3. The restaurants very, good. Expensive, good. The nearest cheap places eat 300 yards away shopping mall attached Radison Hotel. By way, I would say Radison much, much superior location. The Cons:1. Other reviewers raved location. Yes, close People's Square terminal gives access 2 different lines, taxis cheap Shanghai I know people even bother train. Plus, language barrier subway employees insurmountable. My advice take taxis forget subway system.2. For tourists business travelers, I believe Pudong side enjoyable convenient. I spent time going Bund Pudong side river I wished I stayed begin with. 3. Nanjing Road major shopping area, street peddlers street prostitutes numerous aggressive I never set foot street again. Since proximity Nanjing Road supposed one JW's selling points, I would discount location factor. 4. The shower disappointing. Not shower powerful, one cloth shower curtains kept blowing around sticking leg. Very irritating I'd expect 5 star hotel. 5. The toilet disappointing too. I'm one guys reads toilet direct light toilet dark read.",0.18621198568872993,0.5560673822301728,Dec 10 2006
56,56,"Great Last time Shanghai stayed Shangri-la Pudong. I preferred hotel, better location. The staff friendly nice, well-appointed luxe room. In North American standards upscale place. But Shanghai, places bit flashy one, like Hyatt. Nevertheless, great place stay great location. Close bund, shopping, main attractions. Marriott beds firm comfy, linens always quite nice. The breakfast buffet quite nice, really want see buffet hop Shangri-la :-).",0.3367083333333333,0.5299999999999999,Dec 1 2006
57,57,"Nice stay here. We recently stayed five nights Marriott. It's American rating American hotels, quite good. Rating class Asian hotels, notch lower. We travel Asia twice year pleasure, partly luxury hotels outstanding good price. We chose Marriott time giving 3 frequent flyer points every dollar spend. That irresistable. And Marriott well placed The Bund.The room average size, pleasant clean, anything particularly outstanding it. All staff dealt pleasant. The general restaurant good. The club room evening appetizers extensive I seen clearly meant subsitute dinner wanted. The needs find better tour agency affiliate with. We hired private guides twice, neither nearly professional guides Beijing Xian. However, conceirge agency provide car driver $20/hr. take anywhere want go. Like cab drivers, speak English. You give Concierge itinerary write Chinese discuss driver. As long want change it, fine. The drivers even park walk store ticket window make sure know go, nice.",0.27741935483870966,0.49265232974910395,Oct 31 2006
58,58,"Fabulous location Staying days real joy. There slight muddle booking, easily fixed upgraded executive floor junior suite.Room great- thing thought missing power points charging equipment.But location excellent, food good, staff helpful Shanghai amazing interesting city. Many things wanted visit walking distance- hard get lost real landmark. And needed cab, really plentiful cheap. Highly recommended!",0.339561403508772,0.5278070175438596,Oct 28 2006
59,59,"Beautiful great location - JW Marriott Tomorrow Square My family I stayed second time two years. Because begin 25th+ floor, views city rooms spectacular. We loved everything - staff, rooms, location. We withiin walking distance major shopping street Nanjing Road well luxury shops located opposite direction.. The Bund also within easy walking distance. Because many great restaurants Shanghai, I would spend money food, unless must business reasons. It expensive better values found. We took subway Shanghai experience travel done taxi - cabs cheap plentiful. From JW Marriott, never far part Shanghai wanted visit, including French Concession area huge outdoor area many counterfeit goods sold.We love Shanghai recommend highly. Dont' go summer months avoid it. Too hot humid!",0.3556349206349207,0.6106349206349206,Oct 19 2006
60,60,"Terrific place After 14 hrs traveling Shanghai Chicago, welcome! I nothing positive things say -- staff incredibly service oriented, room absolutely gorgeous -- first rate. We brunch next day displays picture worthy - food wonderful. I would go back heartbeat!",0.44106060606060604,0.6578787878787878,Oct 7 2006
61,61,"One best Marriott properties world... My wife I spent 3 nights JW Marriott Shanghai one executive level floors, upgraded suite. This new modern. The localation convient several torist areas, brisk 15 minute walk Bund. The Club level spectacular views Shanghai skyline, professional helpful staff.The downside holiday traveler tend go often busienss traveler, transfer 38th floor get lobby gets tireseome.Overall good experience.",0.3477272727272728,0.46909090909090906,Sep 24 2006
62,62,Great families Hotel spectacular views prime location (best views face river Pudong). Luxurious accomodations. But connecting rooms except suites connecting corner rooms (very expensive). Regular rooms small-ish. Not great choice families.,0.225,0.6144871794871795,Jul 24 2006
63,63,"Amazing experience! I stayed many Marriott properties around US abroad, definitely best bunch. My husband I selective, usually stay Four Seasons hotels local luxury boutique properties vacation. In particular case, chose Marriott location I zillion points spend. The service impeccable, rooms chic, nice, elegant touches them. I usually eat restaurants, I would definitely recommend Sunday brunch here. If enjoy Alaskan king crab legs, caviar, foie gras, free flowing Perrier Jouet, love brunch... All concierge staff knowledgeable helpful, I especially counted head staff assist English best group. Trust me, town, concierge best friend. He write things taxi drivers, get reservations hottest places town. Overall, experience perfect check check out, I would gladly return property again.",0.3794444444444444,0.514888888888889,Jul 16 2006
64,64,"Awesome Hotel This AWESOME. Great rooms, great club lounge, great restaurants bars, great lobby, great location, great spa, etc. My complaint one service (which notice people also commented on). They really, really need train employees 100% customer service I encountered levels check in, housekeeping, club lounge, etc. Probably restaurants worst. But aside, I love always choose stay visiting Shanghai.",0.4383333333333333,0.6916666666666665,Jul 7 2006
65,65,"Excellent Stay JW Stayed two nights towards end May enjoyed every minute it! The room spacious bathroom. Service simply outstanding - doormen, front desk, waitstaff coffee shop, housekeeping - staff gym! They even staff waiting elevators hit &quot;up&quot; &quot;down&quot; button! The gym facilities top rate food cafe good.Location bad - close Shanghai Museum Nanjing East shopping street. Otherwise, sights easily accessible taxi - expensive all. This highly recommended.As transfer airport, I met taxi driver (with new Mercedes Benz vehicle) arranged trip airport (domestic) RMB150.",0.35438446969696974,0.5488510101010101,Jun 25 2006
66,66,"Holiday Inn 2000ft I'd spend months planning trip China spent hours researching stay time Shanghai felt disappointed hotel.Location wise fine. It's within walking distance Bund French Concession, there's subway close by.However 5 star. Despite upgraded junior suite, room worth money overall atmosphere like Holiday Inn 50 floors ground. The executive lounge well stocked excellent view, staff stony faced atmosphere non existent.In general, staff seem interested guests (maybe bit pampered excellent Four Seasons Hong Kong Peninsula Beijing). Little things like bags taken car checked out, mistakes bill, asked stay OK, given wrong type room checked in... added mediocre uninspiring experience.I understand Marriott American chain hotels, I'd say stands clearly (and good way either)!",0.16770833333333332,0.48166666666666663,Jun 23 2006
67,67,"Loved Excellent - Excellent - Excellent.Perhaps little way attractions, taxis cheap (you pay 1.50 US dollars get places city), definately worth staying there.",0.5303571428571429,0.6571428571428571,Jun 16 2006
68,68,"Best Shanghai Great Location, Great Rooms, Great Views.... pretty much sums up. This iconic look seen fitting major metropolitian area. The rooms spectacular grand views entire city below. Our room seperate sitting area/ office slightly seperated bed, beyond expectations perfect sleeping jet lag trip china. The bathroom large featured seperate shower bath, shower featured traditional shower head along wall mounted spray's nice touch. If chance access &quot;executive lounge&quot; great breakfasts pre dinner meals (the JW Burger die for), make difficult pull away try local fare. Many &quot;food streets&quot; located near soak local culture, along muesuems Grand Opera House.... convinent subway system steps away makes great location. Some problems though: location pool gym hidden required finding right bank elavators take walk second set elevators followed another walk get pool area, painfully kept cold. Not high profile perhaps Grand Hyatt Westin Bund second none terms room, location, service.",0.2524768518518519,0.5980357142857141,May 8 2006
69,69,"Great If budget take hit, I highly recommend location amenities. I've stayed twice -- executive floor, regular room 45th floor. They're similar except rooms executive level larger (at least mine) bathroom looked skyline -- really amazing view. Still, second stay regular room also fine -- nice, without window bath. The bed amazing. The staff friendly without obnoxious, although I find strange women press elevator buttons me. Room service typical Marriott, nothing special. The arrange car pick PVG airport, expensive -- 590 RMB (~$73), least 2x normal cab would cost. Still, normal cabs scare heck Shanghai everyone drives fast crazy, I mind cost. I'd warn really feel like China inside -- could New York, London, Tokyo. So looking Chinese atmosphere want look elsewhere. But tired business traveler (like people hotel), find comfortable, dependable place call home Shanghai. Highly recommended.",0.12029332736229291,0.5124075924075924,Mar 9 2006
70,70,"almost perfect started title almost perfect bad experience front desk lady check in, happy asked non smoking room ended smoking room, also proof I deserved co's corporate rate, made dig luggage lobby find business card.other that, food delicious, view room great, location excellent (nice &amp; hip bars restaurants + important museums/theatres close by), little plant room flowers bathroom nice touches, bathrooms nice (better Portman Ritz Carlton), room coffee instant mix.was 5 nights, nice home away home, again, almost perfect",0.41118421052631576,0.8464912280701755,Feb 24 2006
71,71,"Excellent choice First class Stayed two nights, upgraded free studio suite 45th floor. Views spectacular room. Bathroom huge jacuzzi bath seperate shower. Bed extreemly comfortable. Swimming pool good. Nice little touches room like gifts inc sweets pillows, pottery teapot box etc. Staff freindly helpful, always someone open lifts etc. Only bad points were, cocktail first night lobby lounge looking city tried repeat second night told allowed cocktail lobby lounge go bar wanted one. Also prices quite expensive tax added everything I suppose prices expected top class like one.",0.22347222222222227,0.634074074074074,Jan 24 2006
72,72,"Very good niggles My wife I booked JW friday saturday night. The looks fantastic quite unique skyline. The main lobby 38th floor (strange true). nice bellboy escorted us 1st 38th floor bit information restuarants, even gave us free tourist map got lobby. check flawless great fortune upgraded suite rather deluxe room booked. suite fantastic, 45th floow overlooking nanjing road. everything perfect. 2 bathrooms, jacuzzi, lounge area large separate bedroom. far good. bad points encountered. 1st night went JW Bar (40th floor) nice cocktail. sitting minutes rather tired looking Chinese girl (wearing old coat) came seating area (a small alcove area one chair one long,set back seat) asked us would mind sat there. objections talking plans weekend. The Chinese girl proceeded ask us came from, whether husband wife finaly saying liked English men. As obviously respond correct/usual manner left repeat thing group Americans, substituting I like English men American Men. We left bar went lobby lounge/bar another cocktail arrived ordered. I took bar explained wrong (it velevet glove chocolate/vanilla/creme de menthe cream it)as drink obviously contain cream rather like martini. The barman apologised brought another free double bourbon whilst made correct cocktail. duly arrived still correct thing. yes contain cream time, fact looked remarkably like large alcoholic milkshake. still nevermind tasted nice. The next night went bar asked cocktail menu, told cocktails bar go bar 40th floor. took us back little cocktail bar day before..but waitress adamant go 40th. didn't, went room rang service manager expecting form apology. get one, seems given cocktail 1st night..it mistake. explains correctly made. whole though good hotel.",0.1644145084934558,0.5174547479810636,Jan 23 2006
73,73,"One best hotels I've stayed An absolutely superb hotel, fantastic service, well equipped room, wonderfully comfortable bed, great resturants great location.Take time visit Mandarin Spa also.Trust me, Hyatt Pudong good hotel, much better.",0.7,0.7,Jan 5 2006
74,74,"Excellent slightly behind Grand Hyatt experience After staying stunning Grand Hyatt disappointing Ritz Carlton, I checked-in JW Marriott Tomorrow Square. I thought post Grand Hyatt stay, come close match experience. I quite wrong JW Marriott quite contender although way outshine Hyatt.LOCATION: Prime position middle Nanjing road Renmin Park Shanghai Museum across road. A visit Shanghai Urban Planning Exhibition Hall amidst park must provides scale model current future Shanghai. Massive shopping centers landmark locally-owned department stores within walking distance.EXTERIOR: Architecturally striking, either love loathe it. The futuristic 60 storey skyscrapers Shanghaiâs third tallest. It resembles pen pyramid shape roof unique twisting half structure block midway, visually interesting view different angles. The building designed architect gives Portman Ritz Carlton, Westin Shanghai, The Oriental Regent Singapore; Hyatt Regency Atlanta &amp; San Francisco: atrium wizard, John Portman.DESIGN: Similar format Grand Hyatt Shanghai: guests whisked lobby Level 38 (Hyatt 54) views similarly stunning. With absence central core atrium Hyatt, Marriottâs lobby level spacious smaller 3 storey atrium grand staircase leading restaurants above. Rooms start Level 41 59 (Hyatt 57 87).ROOMS: Room size smaller Hyatt's, plan typical rectangular rooms. The dÃ©cor mainstream 5 star hotels may suit wider audience whereas Hyatt design-oriented, sophisticated stylish. Nonetheless, still nice room one whole timber panel wall bed, nice platform wall sit enjoy view. Sitting area cramped twin bed rooms, look king bed rooms extra space. Also, Opt room facing Huangpu river / Oriental Pearl Tower. At mid winter period, fog obstructed view literally living sky. Bathroom spacious nicely finished bright color marble frosted glass door.SERVICE: Typical 5 star. Thereâs always beautiful female staffs lift greeting guest seemingly genuine smile Ground Lobby levels. Beware porter entrance way tricking guests hire expensive Mercedes Taxi (not owned hotel). We hailed regular taxi Zhouzuang (Unescoâs world heritage site) couple hours drive Shanghai. As stepped in, female porter asked us get changed Mercedes taxi claimed price. As start driving, driver refused use meter started bargain price. He said normally 4 hours trip would cost RMB1000 (half price), day claimed gladly offer RMB600. We simply felt cheated, choice. It great ride anyway brand new Mercedes, weâre complaining.FACILITIES: Great facilities complex. It adjoining retail podium houses Starbucks shops; spacious Mandara Spa, rooftop indoor outdoor pool. During winter, free-form pool big empty hole. To visit pool, guests pass Spa entrance, walk across different lift bank, take lift up, stroll along long glass-house corridor amidst zen garden reaching pool âclub houseâ style lobby. Very nice despite long journey.OVERALL, good hotel. Excellent location, beautiful rooms, comprehensive facilities good pool area. I would rate slightly lower Grand Hyatt, Hyatt better: better building, better design stylish.",0.24930524759793055,0.5649627405115211,Dec 8 2005
75,75,"Fantastic 5 star! Last Visit:March 2005I spent 2 weeks Shanghai. We stayed Four Seasons(Awful), Grand Hyatt(Average,Poor service) stayed JW Marriott. We Canceled booked nights Four Seasons/Grand Hyatt went back JW Marriott. The service fantastic! They really quality service down! It great stay. May I recommend getting club room. The club lounge Oasis fantastic views great people. They really help ask!Great place! Highly Recommended I say often.",0.26361111111111113,0.49789682539682545,Nov 10 2005
76,76,"Very Nice Hotel -- Skip Executive Floor though I agree previous post part. This VERY nice. Nice rooms, huge (and upgraded corner room supposed bigger), nice bathrooms, comfortable bed (which hard find China). But executive floor lounge dissapointment best. Hardly food, hardly anything drink bad, rude service. Staying executive room way EXACTLY staying standard room. I stayed like 8 times both. So pay extra executive room - getting anything access executive lounge I explained worth it. I've heard wonderful things Westin plan try one next time.",0.17356060606060608,0.5378787878787878,Nov 4 2005
77,77,"Wonderful Views I recently stayed JW Marriott reading reviews Trip Advisor. My friend I stayed Executive Room - big fairly comfortable. Bathroom bit disappointing much smaller I led believe. We 57th floor magnificent view towards Bund. The Executive lounge 59th. The food Executive lounge fairly ordinary nice never less. The drink another matter - served 5 7.30. Not receive drink well mixed, either much gin, much tonic etc., The last night I asked brandy ginger told &quot;none left&quot;.Everytime (and quite often) went lounge asked room number. We 6 days seemed bit strange asked many times. Two woman amongst mainly men, would thought would stood out.We went two tours tour group recommended - first round Shanghai little disappointed lack ground covered 8 hours. The next tour Zhouzhuang - driver guide. The guide forthcoming much information wandered round beautiful water village lunch mediocre little place. On way back instead telling us information audacity go sleep. I also found car driver guide becomes shopping trip taken places buy - commission I guess incentive. If larger tour party pressure put buy. We would use tour company again.Other compared Club Executive rooms I stayed JW Tomorrow Square uninspiring. The though magnificent well worth visit bother executive lounge unless business person ane require facilities.",0.11530303030303032,0.47272727272727283,Nov 1 2005
78,78,"A Many Splendored Thing We live Canada everything self-service called 5 star establishment.This tomorrow's future tody's dain age. Staff drowning politeness. Was upgraded large corner room.Each time leave room come tidy up. Stayed Grand Hyatt Sept./05. Standard same.Food excellent location great.Stayed The Wynn Hotel, Las Vegas last week nothing write home about, everything self-service.Welcome China new superpower, lead others follow envy.",0.3087012987012987,0.4874783549783549,Sep 13 2005
79,79,"JW Marriott Tomorrow Square Fabulous, highly recommend hotel. Cab ride &quot;the market&quot; 15yuan including tip. Great location.",0.34,0.8225,Jul 27 2005
80,80,Gas Mask Swimming Pool,0.0,0.0,Jul 20 2005
81,81,Like Hotel,0.0,0.0,Jun 25 2005
82,82,Very good expensive breakfast,0.20499999999999996,0.74,Jun 15 2005
83,83,Wow!,0.125,1.0,May 23 2005
84,84,Great JW Mariott Shanghai,0.8,0.75,Mar 30 2005
85,85,JW Marriottt Shanghai - Worthy 5 star rating,0.3333333333333333,1.0,Mar 21 2005
86,86,Excellent location,1.0,1.0,Mar 14 2005
87,87,A good choice,0.9099999999999999,0.7800000000000001,Jan 2 2005
88,88,The Best,1.0,0.3,Nov 30 2004
89,89,Excellent business,1.0,1.0,Aug 26 2004
90,90,??????,0.0,0.0,Nov 18 2009
91,91,??????????????,0.0,0.0,Nov 15 2009
92,92,?????????????,0.0,0.0,Oct 5 2009
93,93,????????????2???,0.0,0.0,Oct 5 2009
94,94,????????,0.0,0.0,Sep 26 2009
95,95,??????????,0.0,0.0,Sep 16 2009
96,96,VERY GOOD !,1.0,0.7800000000000001,Sep 7 2009
97,97,??????????????,0.0,0.0,Sep 2 2009
98,98,????????????,0.0,0.0,Aug 27 2009
99,99,???????????????????,0.0,0.0,Jul 22 2009
100,100,????????????,0.0,0.0,Jun 9 2009
101,101,???????????,0.0,0.0,Jun 9 2009
102,102,Nicht zu empfehlen,0.0,0.0,Apr 16 2009
103,103,?????,0.0,0.0,Feb 5 2009
