,Unnamed: 0,Reviews,polarity,subject,Dates_extracted
0,0,Pleasant rooms good location Having read previous reviews I concerned tour group booked hotel. They assured us good quality relieved find was. The rooms clean modern decor - stayed two different rooms fine. The bed large comfy bathroom lots nice marble glass. The located near busy road makes good connections main attractions. The thing less perfect breakfast area hectic although good range Western Oriental food.,0.3282142857142857,0.5230952380952381,Sep 22 2009
1,1,"Hated place Worst I've ever stayed in. It's got everything could spell accommodation NIGHTMARE.We hit stench terrible odor lasted lobby room corridor.Disinterested waitress chat amongst stale, overcooked buffet breakfast greet us morning.Was sitting around lobby, reading guide book bought Sydney, got bitten mosquitoes hangs around lobby accused stealing guide book gift shop assistant.Many times stop maid cleaning room clearly put DO NOT DISTURB sign door. We complained reception this, night , I got bitten BED BUGS sleep entire night.Would avoid place like plague.It's shame Australian management stooped low level!",-0.3272727272727272,0.4848484848484848,Jan 26 2009
2,2,"Wonders China Tour Shanghai:Rendezvous Merry Hotel - &quot;Appalling.&quot;A TripAdvisor Member, Liverpool, U.K.Stayed finale 'Wonders China Tour.'Have back U.K. 2-weeks still trying get food poisoning.The lobby, vast open unappealing area, draughty cold.Our room bathroom, though somewhat cramped, clean presentable.By far worst part restaurant. A breeding ground bacteria. It probably worst restaurant part world. The buffet style food presented large containers kept warm hours end 2-candles beneath containers. Many candles burnt replaced. At best, food ever lukewarm. The thought still makes us shudder. The chefs (if could call them!) wear hats. All restaurant staff appeared totally disinterested. They chatted amongst themselves.Overall, impression management poor needs root branch overhaul employee practices restaurant hygeine.My wife I never stay one chain hotels ever again. This alone spoilt 6-week holiday Singapore, Australia, Hong Kong, China.",-0.0012698412698412727,0.6585714285714286,Dec 9 2008
3,3,"An excellent I recently stayed one week business trip China. The booked company; I say matter fact company's first choice stay.No matter. I found perfectly clean comfortable, certainly lived its' rating. Admittedly location good tourist's point view, without wishing seem selfish I China business tourism.But tourists make effort work vagaries Shanghai underground, nearest Metro station (Jiangsu Rd) 10 - 15 mins walk away. Taxis difficult get - difficult anywhere else Shanghai.I dine I buffet breakfast every day. I found excellent. My criticism I asked bag placed room I could send clothes laundry. In fact actually took clothes I left laundered, included I want included - hardly crime century!I would certainly recomend others I would stay",0.11686507936507937,0.6648809523809524,Apr 23 2008
4,4,really conference Stayed long tour china staying variety hotels 3* 5* .The Hotel people said bit way bund shopping etc But taxis easy get cheap.it near expressway every shanghai ! The rooms clean facillitys standards small .Ok one nighters base.This caters mainly conferences bit impersonel staff fine ane spoke better english spoke chinese.Food ok recommend breakfast meals bit motel style .The worst part bar .It VERY expensive carried 15% surcharge everything ! better getting taxi going local bar street (Blue Frog Nanyong street 10mins away 60p fare )where europeans drank .friendly atmosphere CHEAP !!The overall view Hotel OK better,0.14149305555555558,0.4519444444444444,Jan 10 2008
5,5,"Had move one night This worst location, worst &quot;restaurants&quot; I've stayed in, noone speaks English, took long get smell clothes.",-0.5125,0.6,Dec 3 2007
6,6,"Good This good little away &quot;action&quot;. You need cab, bus metro get main attractions. The staff really friendly efficient. The breakfasts good bother eating meal service food good.The clean rooms nice price.They &quot;ran out&quot; white wine (yes entire white wine 2 evenings)Worth price though. Depends want. It's safe, clean reasonably central.",0.28191176470588236,0.49137254901960786,Oct 28 2007
7,7,"Modern Hotel A Big City Top notch geared business travelers tourists alike (first used China iron room). Clean, comfortable, well equipped. Can't say anything negative, except tourist, might helpful stay closer Bund since always taking taxis area. We used subway Shanghai well - fantastic, clean, easy use (maps, fares), lots posts English. A little confusing street find way back hotel, eventually made it. Breakfast top notch well, Western Asian buffet, good service, minimal box breakfast leave early (not even butter rolls, least fresh).",0.13667874396135268,0.42763285024154596,Jul 20 2007
8,8,"This MOTEL HOTEL! This place calls 5-star hotel, reality, like motel. The front entrance lobby looked modern, rooms terrible. Their Chinese dinner restaurant consisted 7 odd sized tables almost ventilation room larger 300 sq. feet. Since family I non-smokers, second-hand smoke endured sure made think lung cancer. The driveway exiting dangerous, heavy pedestrian/bicycle/scooter/vehicle traffic, time drove came close getting accident. My travel agent notified recommend others.",-0.1051851851851852,0.5487654320987654,Mar 28 2007
9,9,really bad mistake booked executive suite 5 nights.the room dark uninviting.it vile smell.the couch bed hard impossible get comfortable.the food lounge cold. checked 1 night .reception checking early felt summed place obviously enough customers dont need care,-0.28854166666666664,0.6135416666666667,Jan 17 2007
10,10,"Smelly room We booked December 2006 five nights part holiday China stayed one night. Our room smelled mould urine. Hotel staff competent overly helpful. When asked change rooms gave us key new room offer move bags despite partner fractured arm sling fall days before. When I asked tourist map receptionist laughed rather sneered. It Australian run Australian prices (high China) Australian service standards (mediocre poor). After inquiring nearby restaurants eat told twenty minutes walk away, decided meal bar. The menu standard Australian pub food - chips, burgers, tuna sandwiches etc. A tuna sandwich burger two beers set us back 388 yuan $70. The next busy noisy expressway. I sure central 30 minute taxi ride Bund Nanjing Road East ideal tourist's point view. It good place stay want watch English language television want converse many Australians stay might better Australia.",0.06359848484848483,0.4037542087542087,Dec 5 2006
11,11,"Exceeded expectations...Value $$ Though might 5-stars,I still giving &quot;Excellent&quot; rating price I paid relative centrally located hotels (big-chain). This steal. This rather centrally located well kept. Room clean orderly. Though I found bathroom little cramp (they included shower bathtub) big deal. Bathroom amenities though rather standard sufficient even rain shower! Truly relaxing long day sightseeing etc. Hotel also provided 2 bottles drinking water day, came handy.During 3 nights stay, I managed get good rate inclusive breakfast served make stay even sweeter. =) If can, request room facing city views nicer rooms tad brighter bigger!As parts China, cabs cheap plentiful convenient getting place place. Will definitely consider staying again.",0.15029761904761904,0.4196428571428572,Mar 16 2006
12,12,"Super Hotel. Great Value What lovely is. OK, quite good Hilton Shanghai, chinese really would split hairs tell differance. We stayed 2 nights (Â£38 double room) elegant, friendly, lovely breakfast (included price)very clean. Large room Kingsize bed. Bathroom lovely, extras would need. Extreamly central. But taxi 60p within two mile radius porter calls one you.",0.329516806722689,0.5879551820728293,Mar 4 2006
13,13,"Good Home Away From Home Stayed Rendezvous one night July. Actually 5th visit hotel. The location excellent since near source business may find convenient. The rooms spotless, everything works breakfast buffet wonderful. The staff pleasant, solicitous helpful. The air conditioning worked well important consideration Shanghai July. There plenty traffic around rooms quiet traffic heard. A good night's sleep result. We shall return.",0.46666666666666673,0.6499999999999999,Aug 9 2005
14,14,???????????????????,0.0,0.0,Nov 11 2009
15,15,?????????????,0.0,0.0,Oct 26 2009
16,16,MOYEN,0.0,0.0,Sep 17 2009
