,Unnamed: 0,Reviews,polarity,subject,Dates_extracted
0,0,"Loved location We textile tour US guide China 32 times. So knew Shanghai. The remodeled get room facing street. I two different rooms two different occasions problems. Everything clean rooms huge. I could walk right across street People's Park never felt unsafe. The breakfast buffet huge. I loved fried potatoes....and tomatoes fresh. I also ate regional vegetables meat. I drink coffee strong. I loved stay there. I still hear street saxaphone player outside window......I also laundry done reasonable price. It came back day, folded neatly ironed better I could. I would definitely go back.",0.3003174603174603,0.5452248677248678,Oct 30 2008
1,1,"Lucky Dip On second stay I discovered gets OK reviews bad reviews. The room I given visit meant class one I month comparison. The room bare floors carpert ripped out. I got tin insect spray delivered room deal cockroach bed bugs, shower broken, bed small. After night wrapped clothes protection I slept extensive 'negotiations' front desk I got room I last time - '502' - bumped another person booked it. Same price much larger included carpet light.At best place passable. At worse experience never forget. The staff generally helpful 502 cleaner good never expect smile distracted conversations benefit (even speak mandarin!) They never say 'xie xie' 'bu ke qi'. The company runs Park Hotel looks much better close - maybe reject staff end here.",0.14696969696969697,0.4125,Feb 5 2008
2,2,"Disgusting dirty stay here! We checked afternoon checked next day. The disgusting dirty. I tolerate older style hotel, dirtiness? No way. It huge let holiday. We checked lovely 5 star next door. The bathroom appalling I refused get shower. It mouldy, dingy reminded cheap backpacker hostel.",-0.1990740740740741,0.6226851851851852,Jan 19 2008
3,3,"Convenient central location This hotel, north People's Park, ideal location first-time tourists. It next junction two major subway lines, blocks Nanjing Road pedestrian mall Shanghai Museum. The lobby appearance former elegance faded away. Our rooms furnished two twin beds, large enough feel cramped space small enough feel luxurious. The furnishings old, good condition. It warm stayed (about 30C), air conditioning barely adequate. The rooms initially slightly musty odor, seemed dissipate. The rooms ethernet connections internet; find cable, bought one 10RMB (later, found ethernet cable desk drawer). The buffet breakfast pretty good, cost 66RMB; lots places outside could get much cheaper breakfast. For ATM card Bank America, China Construction Bank ATM located shopping mall Nanjing Road two doors east.",0.16397392290249435,0.35374149659863946,Jan 17 2008
4,4,"Good location forget luxury Visited Shanghai first time 2 girlfriends. Excellent location, room clean, good shower that's it. No luxury whatsoever, fine us day needed place sleep. Definitely place like spend lazy day in. But stay again, prefer little luxury next time.",0.3178030303030303,0.5666666666666667,Nov 15 2007
5,5,"What DUMP! Avoid place!!! Just returned small group tour China suspicious read previous reviews website. (Sadly I choice since I tour.) The positive thing said location across People's Square. The picture listing makes look glamorous night lighting let fool you. The lobby looks elegant vintage styling that's far goes. When arrived I given dark, smoke scented filthy room facing dingy building. I immediately complained given slightly &quot;better&quot; room another floor, meaning reek smoke. I tired move upon inspection discovered old, decrepit scratched furniture burn marks. Carpets filthy stained. Bathroom grubby: moldy grout caulking around tub toilet. Window bathroom stained sealed. Furthermore safe either room I in, although several members group them, slighly cleaner brighter rooms I did. (Most group NOT happy accomodations.) Apparently remodeled rooms facing street which, though noisy, least daylight. I stayed one night woke itching sort bites head. There way I going stay place one night, I left found clean, modern reasonably priced place elsewhere expense. To add insult injury, I later discovered front desk staff completely useless trying locate guests. My husband attempted call several times said find roster. They record registration, could connect anyone group, spite fact required passports arrived. Forget emergency! I agree reviewer mentioned staying older hotels China. We stayed older hotels China cleaner better kept. All resources seem going new properties preparation 2008 Olympics.",-0.03231658692185008,0.46118421052631564,Nov 1 2007
6,6,"Great base explore Shanghai This nothing special - paying top dollar room here. Hotel well located road People's Square metro station (which conveniently linked Pudong International single simple change Maglev train Longyang Road).The rooms nothing special, well turned comfortable.The front desk nothing special either, capable translating addresses English Chinese use taxis.The place spend oodles time in. It suited place simply sleep at. As such, I highly recommend base exploring based location price.",0.11444444444444447,0.462936507936508,Oct 30 2007
7,7,"Not worth We stayed 4 nights July. The good things first: breakfast included price decent spread western chinese food. The AC (a necessity hot summer months China) worked well room. Location great, across Metro People's Square right street flashy pedestrian shopping area upscale mall. The minuses...I got creepy feeling everytime I walked due fact employees always staring us. I saw westerners staying even couple days thet got recognize staying hotel, still stared us. The rooms definitely old (marketed old world European) there's difference old dirty, place both! The carpets stained rooms cracks walls near sink shower. The last night constant drip near mini bar, probably caused room above's AC. Given limited knowledge Chinese employees minimal knowledge English, difficult tell needed fix problem. Overall, must better deal Shanghai place. The overall ambience worth spending money on.",0.00986050986050986,0.345983645983646,Jul 27 2007
8,8,"Great Location This wonderfully located front People Square (main museums, metro station), next main shopping street like walking, way river french quater. My room perfect quiet. Interenet business center ok.In restaurant friendly. You breakfast Stabucks block away.rates good value money staff front desk helpful.I would easily go back th",0.27608481262327417,0.44881656804733727,May 27 2007
9,9,"Don't bother possibly worst China! I've stayed vacation first time Shanghai, China last year basically ruined trip. I conversation friend last week told exciting wonderful time Shanghai week told also stayed 2-3 star new one! She told NEVER stay new maintence hotels China best.... I've decided I need give guidance fellow travellers booking Shanghai could basically make break stay city...also NO ONE experience horrible nightmare in.I travelling husband's family since family friends city decided stay nights. My sister-in-law booked thinking I would absolutely adore since supposed built early century Renaissance-esque decoration since I adore anything sort antiquity it. When arrived, quite impressive stone Roman Columns front entrance ends there...When walked front entrance, looked like maintained since built front desk EXTREMELY slow, took least half hour check NO service anything since wanted know local day tour local attraction, reply always know....Our room size decent I felt like I back dorm room college minimal amenities feeling A LOT worst, least dorm room clean. The windows open VERY DUSTY wall keep curtain close ALL times. Also, room well kept carpet looked filthy walk around socks whole time (we threw socks away end trip). The bathroom okay crevices tiles bathtub black. TV remote control dirt around numbers use towel use it.... Believe - I DID NOT put clothes away left luggage ALL times. I joking husband I need go local supermarket get cleaning supplies scrub place clean!Actually, one incident I never forget comes husband realized left wallet behind 2 blocks away go back get guess what, already finished cleaning room...we amazed surprised given condition. Basically - dreaded going back every night I cannot complain in-laws already felt really bad... I've never felt happier checking ANY hotel. I've stayed MANY hotels since I travelled lot business (have stayed 6 stars 1 star hotel) one worst I've stayed in.",-0.05494834710743802,0.4724793388429752,Nov 26 2006
10,10,"What Great Place Stay!!! I certainly stay next time I go Shanghai! The location absolutely awesome, right intersection East West Nanjing Roads. The staff helpful, friendly and, English could call &quot;bilingual,&quot; best completely responsive needs. The amenities lovely old Italianate style hotel. If put new carpeting could easily upgrade 4 star! It wonderful free internet laptop room. I stayed 4 days never used restaurant much available outside easy walking distance. Everything room clean perfect condition. Don't afraid bad review hotel. It average price could never beat location.",0.308459595959596,0.5477092352092352,Sep 28 2006
11,11,Great location room view My family spent five days found location excellent. We paid better room facing front worth extra. Everything room great including internet connection notebook. friend single room back quieter front looks dirty courtyard debris. The restaurant standards average famous eating street two minutes walk away.This excellent location facet reasonable price. It old building slightly worn carpets decor expect shine Radisson next door. I use location ambience people's square. Note inconvenient handicap wheelchair.,0.1848370927318295,0.4634711779448622,Dec 12 2005
12,12,"Not Even 3 Star I unfortunate enough stay travel agent could book else. This built 1928 time would outstanding - longer. This desperate need serious make everything tired worn out. I stayed two different rooms, suite twin share. In suite I turned bed spread stains looked though could bodily fluids. The beds hard case right throughout China. The showers water pressure resembled hose rooms. The rooms clean overall grout one bathrooms really dirty. The breakfast buffet caters eastern tastes western menu available consists coffee, toast ceral. I stayed away milk I always sceptical dairy products Asia. Coffee tea facilities room Chinese Tea. Cable T.V HBO BBC world news 50 Chinese stations. The best things location want eat western food go next door Radisson.",0.009199134199134191,0.43609307359307364,Nov 8 2005
13,13,????????????????????????????,0.0,0.0,Sep 19 2009
14,14,??????,0.0,0.0,Aug 17 2009
15,15,pas si mal que cela,0.0,0.0,Jun 23 2009
16,16,????????????????????????????,0.0,0.0,Mar 27 2009
17,17,???????????,0.0,0.0,Mar 22 2009
18,18,?????????,0.0,0.0,Feb 10 2009
19,19,???????,0.0,0.0,Dec 29 2008
20,20,?????????????? ?????????????????????????,0.0,0.0,Sep 30 2008
