,Unnamed: 0,Reviews,polarity,subject,Dates_extracted
0,0,"Japan-China youth friendship tour! went Shanghai stayed rainbow hotel, think pretty good, compared hotels China. This provides English staffs(some even speak Japanese) problem staying here. Theres also Japanese supermarket nearby.",0.13749999999999998,0.32916666666666666,0.32916666666666666
1,1,Basics Hotel I visiting Shanghai take part exhibition chose Hotel close exhibition venue. Its economical fairly popular business travellers. Don't expect much luxury get basics economical rate. Sad part Internet free must business traveller. Though use business centre services free. A big plus point commercial gym swimming pool use free.,0.20999999999999996,0.6399999999999999,Jun 4 2009
2,2,"My Shanghai Home I stayed Rainbow 6 7 times now, I keep coming back, must something right.Rooms always nice big, clean everything need. Only annoying thing (but I think Chinese hotels generally), never iron room, fair always bring one quickly.For Shanghai class expensive, I pay around RMB 575 deluxe double. However, that's value stops. Food, particularly drink, expensive. I 1 litre bottle water got stung GBP 7.00. A small glass red same. Bar menu pretty bland, I find amazing country cuisine China. Although dumpy little restaurant opposite taxis park, food superb, dirt cheap. Most staff pretty helpful, generally never smile, put bit downer things.Having said this, Shanghai home. It convenient, clean, good facilities break bank, unless spend time bar. I never real problems here, need ask anything sorted.Would certainly recommend it, I continue use I done last trips.",0.12044467787114846,0.5455812324929973,Jan 16 2009
3,3,"Rainbow ok... After travelling first Beijing terrific experience, I high expectations Rainbow Shanghai. Apparently one time one finer hotels Honqiao area. I must say I little disappointed. Here list good bad 5 night stay:The Good:-Rooms clean-Washrooms clean well kept-Walking distance INTEX (Exhibition Centre)-Beautiful lobby great Tailor shop (Mr. Tong)The Bad:-Poor room service (bad menu supposed hot food cold)-Exterior poorly maintained including fountain-A MOUSE ran Lotus Pavilion Restaurant eating dinner-VERY BAD expensive in-room internet connection (UP 90 RMB/day)-Unfriendly staff helpful-Shower ran hot water several times-AC BARELY worked. We cooled lobby going roomIn I guess really geared toward westerners. I stayed worse places I would stay again. The Galaxy next door Mayfield better options area. Or spend extra dollars stay Hilton Sheraton.",-0.03139957264957262,0.5043162393162393,Jun 10 2007
4,4,Good great price Stayed Rainbow Hotel 1 night. Good size rooms good service. Excellent value money I got deluxe room CNY750. Only drawback bit far Bund taxis cheap never 15 minutes away anywhere.,0.48699999999999993,0.786,Jul 21 2006
5,5,???????????,0.0,0.0,Nov 16 2009
6,6,?????????????????????,0.0,0.0,Nov 7 2009
7,7,?????????????,0.0,0.0,Aug 26 2009
8,8,???????,0.0,0.0,Mar 24 2009
9,9,?????,0.0,0.0,Mar 11 2009
10,10,??????,0.0,0.0,Mar 4 2009
11,11,????????,0.0,0.0,Oct 25 2008
12,12,????,0.0,0.0,Oct 14 2008
13,13,Schlechteste Hotel 5 Jahren,0.0,0.0,May 1 2008
