,Unnamed: 0,Reviews,polarity,subject,Dates_extracted
0,0,"Happy stay Hotel clean breakfast good. Easy access main road outside, watch scammers though",0.46444444444444444,0.6511111111111112,Nov 4 2009
1,1,Service Poor service I expected world class.,-0.25,0.5,Oct 3 2009
2,2,"Brilliant location shops sightseeing. Large room, nice toiletries. clean bathroom. We stayed 18th floor good view skyscrapers. Hotel precipitous view central balconies 7th floor below. Rooms round edge space centre 7th 25th floor. swimming pool 7th floor looked good swimming caps us could go in. Probably could bought one ask. Breakfast buffet good selection varying cuisines.Excellent location main high street shopping although get harassed minute walk people trying sell stuff. Can walk Shanghai museum 30 mins also river. The sightseeing tunnel Bund interesting underground monorail light show way. Shops stay open till 9.30 little electric train runs highstreet feet get tired. 2 yuan single journey",0.2246386800334169,0.5384252297410191,Aug 12 2009
3,3,Great Location ; Not Very Impressive Hotel This great location ; pricewise moderate comparison offerings along Nanjing Road. I booked Deluxe room comes nice sitting room area ; furnishings old design although well maintained. The room big decent RMB 1100 I paid.Check efficient. The biggest selling point location. The right middle Nanjing Road shopping area great exploring area. THere better alternative stayed Citadines Jinqiao...read review ! Breakfast good normal. Overall paid location price fair old although clean well maintained.,0.32122161172161173,0.5673305860805861,Feb 26 2009
4,4,"Tried Ramada Plaza Change I've Shanghai many times usually stayed Hyland Sofitel. That recently raised prices fairly dramatically apparent added benefits guests - so, trip, I decided stay Ramada Plaza (just road).Tried book Ramada website - reason being, I found out, retained &quot;Ramada&quot; branding, sold Chinese company sometime ago longer part Ramada chain.So I booked travel agent slightly better price Sofitel.I arrived around noon. Check-in extremely smooth fast - long flight Melbourne - blessing. I'd booked, 7 nights, room double bed smoking floor. The bed pleasant surprise - king-size and, firm, nowhere near rock-hardness characterise beds Asian hotels. I slept well.All rooms positioned around central atrium quite pleasant enter leave room. Security good must use key-card elevator go room - put key slot elevator knows floor rest.The room, itself, extremely clean, bathroom standard 4-star and, quite comfortable spacious, need updated 2-3 years' time keep star rating.A nice touch free wi-fi internet worked well. The Sofitel (and many others) charge around $20 per 24 hours internet access, made margin price Ramada Sofitel even greater.For english-speaking guests, TV limited channels - CNN, HBO National Geographic, CCTV9 Channel News Asia. As hotels, should, least, BBC World,Australia Network Star Movies list. I eat - I seldom Shanghai. Breakfast included. There SO many good, cheap eateries around area, pay silly prices within itself??I problem in-room safe - response staff prompt, courteous and, first person's english limited, quickly called senior person arrived within minutes, spoke passable english solved problem quickly.I stayed February 2009, air cond turned - that's standard hotels time year. However, opening windows, trouble sleeping, My room 19th floor I street noise disturb me.The location: really can't ask better Shanghai. You're right Nanjing Road East pedestrian mall three minute walk Peoples Square subway station central hub subway system get pretty much everywhere cheaply quickly. SIgns, tickets machines announcements trains also english - system easy use - well clean efficient. For places subway reach, use taxi - they're still quite cheap here.Would I stay again? After comparing rates Sofitel new Grand Central Hotel across road, then, likely, yes I would.",0.24371779014636158,0.48017419088847646,Feb 14 2009
5,5,"Rude Check No Cold Aircon heat. I checked 8pm long flight long taxi ride. Taxi arrived bellboys help luggage. Went receptionist get room, nobody front serve I asked front desk check in. Booked king bed smoking room, said kings thing twin bed room. Then gall rudely tell I wanted not. Fine pre-paid I took it, wasnt I would walked right due attitude. Asked assistant manager come talk rude her. Go room find internet connection besides wireless (my wireless adapter computer broken) Call assistant manager tells deal nothing could do. even though front desk told rooms wired connections. The room condition appalling, toilet mold growing over, bed rock hard, I ended sleeping sigle seater sofa, smelled bad. Finally last straw cold airconditioning night. Only heat... I called said open windows nothing do. Opened windows people screaming road. Paid 2 days I left first morning 10 4 hours sleep. Checked next door great compared dump.",-0.05108363858363858,0.5560744810744811,Nov 29 2008
6,6,"Great Location Good Hotel The location right Nanjing Road Pedestrian Mall - good bad. You right middle things, traffic bad. It walking distance many things - short taxi ride others.I stayed Executive floor (23rd) nice large-ish room large bathroom jacuzzi. Water pressure shower average. Fresh fruit delivered arrival. The housekeeping staff attentive. The view looking Nanjing Road The Bund, good! Access floor room key slot elevator - need press floor button - you.The Executive Lounge Level 25. Breakfast included room price, average best - nothing rave about.The doormen always helpful directions flagging taxi down, even peak times short wait taxi.Overall I liked hotel. Was cheap, convenient good stay in. It excellent, definitely average.",0.2135813492063492,0.5919097222222224,Sep 25 2008
7,7,"Best value/location! I stayed last year, recommendation Tripadvisor users. There negative comments time, seemed nicest vs. affordable great tourist location last minute decision check Bund. My expectations average. This turned fantastic hotel, I enjoyed every second stay. Check fast simple, English; took care taxi request departure immediately. I checked 10pm, I expected get &quot;leftovers&quot; room. To surprise, I upgraded suite. It impeccably clean comfortable great shower decent view. After 2 weeks Chinese food (which favorite, but..) I chose dinner little steak joint across street. I take rickety elevator second floor, I little scared. The doors opened beautiful, quiet, Western-style steakhouse, I delicious affordable grilled steak prawns glass wine. I'm happy I decided stay Ramada Plaza.",0.2466049382716049,0.4922398589065256,Jul 28 2008
8,8,"Very good place We really enjoyed stay Ramada. Our travel guides booked us, arrived pleased. The lobby welcoming concierge maps advice hand out.Cabs easy come front everything needed stay.The room clean, everything worked well.If want &quot;no worries&quot; stay book relax.",0.542,0.8026666666666668,Jun 24 2008
9,9,"Best bet $200 The Ramada bit hard find first day - well worth effort. (warning: I received multiple âmapâ locations different sources showed WRONG location.) The Ramada located next Royal MÃ©ridien, rear entrance lobby directly Nanjing Rd (the pedestrian shopping boulevard). The location exceptional!The lobby impressive lots marble classic design. Shops, cafÃ©, travel agency, airline office, bakery, business center, etc. lobby. The buffet restaurant excellent selection Asian, American European foods. I really liked breakfast dinner buffets (about 400CNY). There also classic Thai restaurant hotel. (thereâs Subway restaurant located outside lobby)My room amazing. Large, clean, well equipped - slippers, robes, mini-fridge, coffee, desk, sofa chair, etc. The bathroom separate soaking tub glass shower area. The room wireless internet good signal strength (four bars). I booked King Bed Superior Room 900CNY (about $150USD) Ramada.com web site, got 10% discount AARP AAA. I arrived 9AM gave free upgrade King Bed Suite (1,170CNY)The Ramada designed rooms around open atrium, floor see Roof Lobby. The service staff excellent. Minor warning: I woke persistent beeping noise (like someone text messaging phone room) turned in-room safe &quot;low&quot; batteries. When I contacted service, knew causing sound fixed immediately.Overall, Ramada great location - lobby rear access tourist area shopping district. The food rooms service excellent. A GREAT value $200 (including free Wi-Fi!)",0.3349319727891157,0.48248299319727894,Jun 8 2008
10,10,"Good Location Shanghai We stayed Ramada Plaza Shanghai 2 nights. The new since local changed Ramada Hotel. It located Nanjing Road East pedestrian street Shanghai. Nanjing Road East find local foods, stuff products. It one visited area shanghai. The room rate bad considering shanghai one expensive cities asia. There hotels located different area shanghai choosing depend like. The french concessioner area find luxury items. The Pudong area business hub Shanghai. The Nanjing East area find chinese local products. The size rooms bigger newer hotels shanghai. Many staff knows speak english always ready help needs.",0.14204545454545453,0.3553451178451178,May 8 2008
11,11,"Worst Experience staff Beauty Salon overall service I dissapointed couple things happened. First all, long flight, I wanted make phone call beauty spa enquire massage services. There 2 different phone numbers phone directory, work! I firstly connected dim sum restaurant, 2nd number connected housekeeping department. I called reception ask transfer beauty spa...and still connected dim sum restaurant!!After lots frustration, I went made appointment 45 min shiatsu massage costing RMB 200. The price written front desk menu clearly English. However, massage room, approx 15 mins, I suspected massage therapist giving shiatsu massage. I asked massage doing....and minutes, I found giving Massage costing RMB 480 lasting 90 minutes!!! I asked name massage answered &quot;test&quot;....I didnt even understand talking I told I actually wanted SHIATSU, said know was, also DID NOT offer massage!!! I angry, Shiatsu massage clearly written front desk menu!!! I complained guy looked like manager spa. He merely asked lady come front desk explain...and I could even understand chinese accent even I speak mandarin fluently myself! He later used threatening tone said me: &quot; YOU SHOULD understand girls understand Shiatsu is, Thai massage gave similar anyway!&quot; Then I asked: &quot;why girl front desk tell give 90 mins I requested 45 mins.&quot; He replied: &quot;the girls front desk tell massage therapist customers wants. YOU tell massage lady want directly!!!&quot; I soooo angry said, I want make huge scene case. I paid left. However, I want warn everyone worst service could ever offer 5-star rated hotel. TERRIBLE!!!!",-0.12077907986111111,0.4005208333333333,Apr 22 2008
12,12,"Excellent location If want see much Shanghai offer, perfect location, close People's Square. Ignore hustlers Nanjing Road walk side streets work way Bund go across Museum. My room large everything I needed, - free fast internet access, powerful shower, comfortable bed. Great views city (especially covered snow). Negatives: lobby soulless I found front desk staff bit cold.",0.3185846560846561,0.7496693121693121,Feb 22 2008
13,13,"Great location - easy access Booked flight package Cheaptickets Christmas holidays - good price 5 day stay Westcoast. Location right Nanking Road near People's Park perfect. Easy access airport Maglev train Number 2 tram Nanking East station - best get right pedestrian street figure way around People's Park interchange, even though map looks closer. When get underground station, turn right head Nanking Road (you see spaceship Radisson Hotel horizon) walk blocks hotel. There sign indicating Ramada Nanking Road pedestrian walk, look distinctive roof line street find it, right Meridian Hotel left walk towards People's Park.The biggest problems honoring &quot;free breakfasts&quot; promised Cheaptickets. They would honor one even though made double reservation. They charged $20 US second breakfast, nice buffet definitely worth it. I tried confirm Cheaptickets ahead time insure knew offer included free breakfasts, assured CT case, not. So make decision getting free breakfast unless traveling solo. This disengenuous offer I also fault Cheaptickets part continuing fraud well.Also even though upgraded studio room, nice, drawers cabinets. This awkward things lay floor cabinets I looking forward unpacking everything easily available 5 day stay. The room lovely, quiet even elegant lack drawers bit oddity.But beyond two glitches, rest stay wonderful location. Loved eating South Beauty, care Shanghai Uncle, okay meal Meridian next door. Great dumpling snack place right across street upstairs Daniang Dumplings sign near Shanghai First Food Store across street fried dumplings really treat wander around see huge variety every sort Chinese food stuffs right Nanking Road.Special places visit close course Bund, Pedestrial Tunnel Pudong, People' Park, Shanghai Museum, Shanghai Development Exhibit within blocks radius hotel.Don't afraid use metro best get card multiple rides purchase putting certain amount card use finished keep buying single tickets. They want deposit card buy value total rides, cheap don'teven worry turning back in. I got two 50RMB cards ( total approx $20) use 4 days left station done, ready ride Maglev back airport.",0.2737271062271062,0.5108333333333334,Jan 8 2008
14,14,Good Value Western Style Hotel Not top flight international clearly better average Ramada North America. The rooms lobby quite good location excellent. An easy cheap (but exciting) cab ride key destinations.Reasonable value got. One would easily pay similar North America. I eat I never find restaurants worth effort price. Lots options around within easy walking distance. I would recommend hotel.,0.3222222222222222,0.5611111111111112,Nov 2 2007
15,15,Can't better This all. It worthy five stars. Rooms good. Lobby elegant. Location tops. It main shopping street steps away metro go 7 stops 52 cents connect world's fastest train gets Podong airport 30 km (19 miles) eight minutes 431km/hour (270mph) USD6.50!,0.44833333333333336,0.6866666666666668,Oct 28 2007
16,16,Very convenient location reasonable service good comfort We stayed 2 nights september 2007 favourably impressed comfortable room excellent location next pedestrian zone lots activities late night. Excellent breakfest service.We recommand anybody looking comfortable Shanghai.,0.43636363636363645,0.6363636363636362,Sep 26 2007
17,17,"Central location average We stayed 3 nights hotel. Check-in check-out good fast. Breakfest good liked style.Room service okay room average size clean furniture good conditons.The pool nice even big. Fitness centre well equipped.Take care room safe runs batteries. If batteries empty ... changed safe open.Nanjing Road nice, many watch-bag-dvd-deales. You like it.",0.3703703703703704,0.6061111111111112,Sep 17 2007
18,18,"Bad check-in experience This conveniently located, rooms nice comfortable. We bad checkin experience -- booked two rooms (for family 4) requested one king size bed arrived none available. They rooms king size beds would give us expensive. A supervisor also could remedy situation. Overall stay comfortable left bad impression service overall.",-0.01607142857142853,0.49107142857142855,Jul 22 2007
19,19,"horrible The lobby nice,rooms average.However food, particular breakfast , aside choices, astonishing finding cockroach walking bread station. The staff informed action laugh among them, later advised us cockroach killed, apologies concern hygiene shown.I never stay again!!!",-0.05821759259259261,0.40370370370370373,May 22 2007
20,20,"Laughable service I stayed night business trip April. First impressions grand rather tasteless foyer. Check-in disaster. I told reservation me. I showed confirmation code reservation details PC. The front desk manager unable find trace it, told booked internet agent, might it. So even confirmation no., mean get room! The manager left 15 mins &quot;check sales&quot;. Iw another 15 mins one reception clerks took initiative allocate room issue key regardless reservation status. More shockingly, another guest walked sufered fate whilst I waiting. I asked colleague scheduled arrive later me, reservation cancelled! My issue even serious hiccup, systemic problem, guests kept waiting half hour (I timed it) front desk. Service main cafe/restaurant also full hiccups. I ate dinner I arrived late, lunch next day I meetings hotel. I asked coffee lunch, told included price buffet lunch. I told I would pay it, still took ages arrive. I also noticed food served lunch dinner identical! Thankfully rooms representative grade hotel. The room clean, furnishings average, everything worked OK. I intend stay again.",-0.010061553030303039,0.5210227272727272,May 4 2007
21,21,"Great Service!!Great Hotel! I've stayed 3 times. Every time rooms great, breakfast nice, amenities rooms wonderful, love shower!, clean, friendly staff, etc. The last time friend I stayed asked several things staff request met courteous, speedy action. Very please. Also great location.",0.49743589743589745,0.5782051282051281,Apr 13 2007
22,22,"Do stay sorry I booked reservation Ramada Plaza based recommendation. I know person thinking said stay here--the service atrocious, maintenance terrible, noisy, expensive get. Here's I experienced: requested quiet, non-smoking room--got put smoking room next construction; bath towel actually dirty (hair it); air conditioning non-functional maintenance unwilling anything fix it; rooms noise street (even 24th floor); workout room dismal overheated; room sink clogged I got room; asked concierage book us tickets Shanghai Circus World, instead booked us 4th rate show run-down theater scary part town extremely high rate; maps give outdated missing huge chunks subway system scale parts; English spoken understood anything. Upon issues explained desk (in English OR Chinese), response help. I would really like save visitors extreme pain wasting money time (we one night see circus missed imcompentent concierage). Stay somewhere, anywhere else!! By way, stopped Radisson help concierage terrific, beautiful, staff friendly (what change!), location good, I would try heartbeat.",-0.051315104166666674,0.5842361111111111,Mar 24 2007
23,23,"If need service o.k. This service-oriented one. Apparently owned government staff students lot training hardly visable service-orientation language skills. The however clean rooms also. We meeting customers complaints bad rooms etc., comes service, makes bad performance, especially banquette department. The servants could speak understand English, 20 cups 40 partcipants coffee, air condition work 5 days although complaint several times, general managers invisible staff responding. Near meeting rooms heavy construction going hardly help staff get meeting going. It took lot effort get wanted nothing extraordinary. So need comfortable bed nothing else, o.k. , breakfast buffet fine, restaurants also o.k. The location good, reach tourist attraction foot. If expect service friendly staff go Royal Meridien next door, find everything want slightly higher price, however. Their bar 66th floor amazing. Drinks food excellant European prices.",0.11473333333333334,0.5018666666666667,Mar 19 2007
24,24,"You enjoy This great fantastic location business tourism. Rooms great, beds firm nice (I've bad experiences rock hard beds) lobby facilities top class can't beat location. You right heart action quick walk east bund, shopping plenty right front door quick walk west Renmin square arts, museums, gardens hotels. Cabs frequent along road adjacent hotel. Great value tourists especially business centre really came handy I running seminar time",0.281390977443609,0.5963032581453633,Jan 19 2007
25,25,"GREAT Helpful staff, great location, walking distance Bund (Peace Hotel M), right ON major shopping pedestrian street Nanjing Donglu...theres convenience store right across Nanjing st (so avoid overpriced minibar), Pizza hut well within feet one entrance crave western food...A subway within couple blocks, etc etc...Super-clean rooms flower bathroom, HBO, CNN, etc. (and coffee packets room! A rarity China!). Our friend's room 17th floor pristine beautiful, brand new, felt like true 4 star, 19th newly renovated showed little wear, still excellent. Would definitely stay again. Great place, room even somewhat view river Pudong....at amazing place factor price!",0.3918222402597403,0.5987824675324674,Jan 19 2007
26,26,"Very nice I spend 2 nights beggining December.It huge center town, meters main shopping street, Nanjing Road. The clean, comforts price great.",0.2904166666666667,0.6366666666666667,Dec 29 2006
27,27,"Sleepless Ramada got back China entire family 16. It first trip Shanghai together 12 year old daughter booked 8th floor later told floor preferred newly weds. The first night bit noisy newly weds games hallway! On fourth night, couple beside room quarelling quite violently. It terrifying came point banging walls like going come it. Later, someone banging door trying open it. I call assistant manager, front desk concierge several times commotion would stop. It terrible, horrible! They physically drag couple. When daugter I finally got doze off, someone knocks room 12:38 am. Scared, I go door find was. It staff asking I requested change. I quite confused change I wanted time night! The following day, sister-in-law wrote letter complaint management personally submitted it. When returned check could talk manager, shocked see torn letter held assistant manager! They probably want complain reach general manager. There sincere apologies, cheap offering 5 small cookies dinner plate bowl fruits tied recycled ribbon! The great breakfast buffet excellent location! If polish relationship guests, I mind going back living next vacation now, I would consider hotels family I feel secure! Peace mind is, all, one reasons vacation!",-0.07517217630853994,0.45141184573002757,Nov 6 2006
28,28,"Very good This Ramada better ones I've used America. Helpful, friendly staff, nice rooms great location exploring foot underground.",0.6369999999999999,0.7060000000000001,Oct 31 2006
29,29,"Nice Hotel / So-So Area HotelI apprehensive staying Ramada brand experiences US totally poor. However, Shanghai Ramada genuinely 4 star good service English speaking concierge. The room spacious clean. Staff friendly. There security staff first floor times. It 1 hour taxi ride (140 yuan) Pudong International Airport.AreaThe area pedestrian mall area East Nanjing Road. Very unfortunately major tourist area touts full force. You cannot take two steps without stopped offered bags, watches, women. It enjoyable place stay. There zero nightlife there. The upscale area West Nanjing Road near Portman Center Shanghai Hilton much better place stay. There better dining, nightclubs, bars less beggars touts.Nearby Dining/ShoppingCabs cheap every shop restaurant reach. Good spicy food good service Meilongzhen Restaurant. We dined Shanghai Uncle Westin Hotel food service terrible. If plan visit YuYuan Garden eat ShÃ nghai Lao FÃ ndiÃ n (Old Shanghai Restaurant) visit Shanghai would complete without experiencing wonderful view/food balcony M Bund. We went KaDe Club video shop loaded DVDs cheap though authenticity questionable.",0.2066964285714286,0.5410714285714284,Oct 13 2006
30,30,"Hotel Nice - Major Check problems I recently booked three rooms Ramada Plaza Shanghai Ramada Reservation desk. While making reservation, I informed special package included free laundry, free room broadband service free buffet breakfast. This package $10 USD rate posted internet. I went ahead booked package.At check in, refused honor package. They said participate package informed Ramada International. They would upgrade room, would include items noted package I booked. After going three levels management, eventually agreed provide breakfast broadband access business center. The nice. The two room suite nicely decorated quite comfortable. There bit noise outside, expected due location hotel.The located busy tourist street (Nanjing Lu). The Bund area Huangpu River approximately fifteen minute walk. In opposite direction, one reach museum area well metro approximately 5-10 minutes.The service level somewhat disappointing compared hotels stayed throughout China.",0.12498376623376624,0.5237012987012987,Sep 23 2006
31,31,"Great stay Location: excellent, right centre want ShanghaiRooms: spacious, well equipped, cleanStaff: helpful friendlyRestaurant: breakfast disappointing, okValue: somewhat expensive (staying Club floor NOT worth it)Recommend staying",0.15446428571428578,0.5482142857142857,Aug 5 2006
32,32,"Great Staff Location My family rented two rooms 4 days end June 2006. The location excellent, right Naijing pedestrian mall lots new shops, restaurants new building. The Bund 15 minute walk river sights spectacular Pudong skyline.The 4 star usual modern western amenities. Several restaurants upper floor executive lobby overlooking city.The front staff helpful spoke English. I want compliment excellent concierge names Mr. William Shen, helped us way beyond call duty. He accompanied us nearby dim sum restaurant help us orders Chinese language menu - kudos Mr. Shen.On side, internet access expensive health club charges deceptive. The manager tried intervene told club run separately Ramada. Although fitness equipment, pool, showers, spa excellent, indications using sauna extra charge (the spa next free guest). There many English language signs front desk health club charges, nothing said sauna extra $10 dollars per person. Also son I forced buy $12 swimming cap pool written rules. But surprise, many people using pool swim cap! So, let nice lady front cheat &quot; rich Americans&quot;.That unpleasant experience trip. Caution: China still poor country many beggars shady character 10 pm Mall elsewhere outdoors. You swarmed know tourist.",0.16758016674683343,0.48718594676928006,Jul 12 2006
33,33,"Great Location Great services I stayed Ramada Plaza Shanghai May 2004 5 nights vacation. Check breeze. The receptionist front desk friendly. I upgraded suite soon discovered type room travel agent booked available. My room specious small living area though little dark one small window. The bath room fantastic large Jacuzzi. It built marbles. House keeping excellent. My room always cleaned pefect manner. The location certainly best leisure traveler. It within walking distance attractions, Bund, Nanjing Road, Legendary Peace Hotel, Peopleâs squares, etcâ¦ There plenty good cheap eats well many large department stores smaller shops around neighborhoods. My breakfast included room rate. Food good, service staff pleasant. However, guests find available table ourselves. The restaurant packed large tour groups breakfast time (7am 10am). It bit struggle find table every morning. I share table strangers times. One thing need aware. This two entrances. One entrance JiuJang Road, one East Nanjing Road. This could Shanghai two addresses. Overall, I satisfied stay. It good value money. I would definitely stay again.",0.30927871148459385,0.5705532212885155,Jul 1 2006
34,34,"Ramada Plaza good experience overall! A well location busy hectic city.The located main shopping street Shanghai well located walking major tourist sights also good underground system.The facilities good staff efficient friendly. The breakfast restaurant food fairly typical average nothing write home about. The accomodation, particularly suite accomodation trip, spacious, clean well equipped. Overall I pleased enough would discount using again, however I would probably look see else available price range.",0.2539351851851852,0.45231481481481484,Apr 7 2006
35,35,Excellent location average,0.2833333333333333,0.5,Nov 18 2005
36,36,Love location!,0.625,0.6,Oct 25 2005
37,37,Reasonable Price value,0.2,0.6,Oct 16 2005
38,38,You believe Ramada!,0.0,0.0,Sep 28 2005
39,39,Fab Location,0.0,0.0,Aug 1 2005
40,40,Construction Boom!,0.0,0.0,Jul 31 2005
41,41,Better average Ramada,0.175,0.44999999999999996,Jul 15 2005
42,42,Bait Switch rates?,0.0,0.0,Apr 18 2005
43,43,Best location ok rooms,0.75,0.4,Jan 26 2005
44,44,More acceptable,0.5,0.5,Oct 8 2004
45,45,????????,0.0,0.0,Oct 25 2009
46,46,???????????,0.0,0.0,Aug 14 2009
47,47,????????????????????,0.0,0.0,Aug 6 2009
