,Unnamed: 0,Reviews,polarity,subject,Dates_extracted
0,0,"Excellent value frills! Location quite good crossing taxi Puxi going Lujiajui. Unfortunately, ambience accessibility somewhat spoilt ongoing Metro construction work Pudong Avenue. Neighbourhood little dusty unduly noisy. Room offers good size comfort, without unnecessary features over-intrusive service. Another plus convenience dining 2 wonderful Chinese restaurants either side Pudong Avenue entrance. One popular Sichuan restaurant; newly opened &quot;Fusion&quot; place featuring interesting dishes like Foie Gras done Chinese-style Prime Mutton sourced Hainan.",0.22313311688311685,0.6021103896103897,Nov 9 2009
1,1,"Good Value room The room good. It large nice sitting area. Our room came kitchen good size room. This made nice us store food purchased store. The shower nice, little small personal taste. The bathroom needs lighting. The walls bedroom dirty, rest area clean. I would stay again, price good value.",0.33356349206349206,0.6352380952380953,Feb 18 2009
2,2,"Nice place I stay whenever I come Shanghai. It close company's Shanghai office. The employees front desk speak English (minimal though). The rooms spacious clean mini fridge water/coke/juice. The restaurant second floor serves breakfast westernized items. Although I thought french fries little weird breakfast! They really nice selection fruit, I made mistake loading find tasted salty (not sure why).They also 4 5 English channels tv's nice.I would definitely recommend hotel.The thing I like taxi drivers familiar make sure address Chinese.",0.06759259259259259,0.5598765432098767,Oct 16 2008
3,3,"Decent place I stayed The Barony round trip China. The booking done chinese agency, I canât comment room rates.First I bit worried I know Shanghai former visits, though name new me. When I saw tiny lobby, I got reservation english language skills front desk officers seemed minimal.On hand, rooms fairly big clean, also bathroom. The view Pudong great. The door gives alarm properly locked. Breakfast buffet quite good, I think I best croissants China hotel. On 4 days, I also dinner restaurant last day. To order took due language barriers, restaurant staff helpful eager feel us comfortable ... kind charming trouble, I donât mind. By way, chinese meal good value quality.Thereâs another restaurant nice ambiance decoration building separate entrance road. The Metro station 5mins walk though need change trains youâre heading Nanjing Huaihai Road.Get business card hotels address, taxi drivers familiar hotel.",0.22748877665544334,0.426773288439955,Mar 21 2008
4,4,"One night We stayed one night Barony Purple Mountain fully booked. It modern hotel. We would stay one night only.The rooms fairly large,clean bed comfortable.The breakfast liking, cold fried eggs Congee ( rice porridge) I ate fruit ok.",0.15142857142857144,0.7271428571428571,Sep 14 2007
5,5,Une chambre? non ! Un appartement avec vue magnifique sur Pudong,0.0,0.0,Apr 11 2009
