,Unnamed: 0,Reviews,polarity,subject,Dates_extracted
0,0,"Nice Hotel; Very Modern We spent night China tour. I notice dirty carpets others complained reviews. The breakfast excellent served atrium offers gorgeous view straight inside towering building, giant scrolls running walls. Our room (not sure standard not, since tour group booked us) nice came additional features like washer/dryer, handy traveling around accumulated pile dirty clothes (and laundry service EXPENSIVE). The inside beautiful modern.",0.15444444444444447,0.614093567251462,Nov 20 2009
1,1,keep slippers handy returned galaxy hotel...Checked looked fine. Got room I say DIRTY. Carpets looked like construction worker tried ground mud carpet. afraid take shoes...found slippers put barrier carpet. Not sure towels replaced...so climate change darned put every single towel tub changed. close subway....but 10 minute walk got line let transfer line 2 sights shanghai. loved city hotel.....,0.02789115646258503,0.7147392290249434,Nov 16 2009
2,2,"Mutton dressed lamb I stayed attend exhibition Exposition. Its certainly local made information I got, good 20 minute walk (and cross major 10 lane roads) get there! This ok - second room I got ok, rejected first basis dirty (there stains bed covers...) Although room prepaid (and guaranteed) one worlds largest business travel agents, I still pay DOUBLE room rate per night front either credit card (not pre-authorisation, actual transation) cash. None staff speak words English either - making rather difficult.The major problem dining - breakfast expensive western rates (15 Euros) quite limited buffet - meals far more. I never basic meals restaurants quality horrific, cost high... Beer bar/restaurant horrifically expensive, 4.50 Euro per bottle cheap beer. There lot things really bugged stay - like chinese waitress began lay table next customer literally seconds I finished meal still drinking (!), terrible layout reception parts pay everything upfront, twice over. (internet, mini-bar). Also, want sit bar night (which terrible 8 dollars beer) need able tolerate horrific chinese renditions western love songs, sung daily cheap, tired group 7-11pm. I ended drinking beer iPod drown out.I got room service one night, eating something thinking &quot;this bit cold&quot; I got violent food poisoning next 12 hours. This near center anything - 30 RMB taxi downtown, tourist spots. The appeared nice I first arrived, 5 night stay I learned really despise it. This made even worse I dinner Rennaisance 400 yards away (which 30% room) different league. It like taking cheap, tacky Chinese (which galaxy is) hookers hang every night, comparing beautiful western chinese influence amazing bars evening entertainment. I gutted. really bad choice - next time anything Galaxy.",0.015511054421768712,0.4337808012093726,Sep 1 2009
3,3,With Good view Shanghai Nice Hotel good amenities ample room space. Covers good view Shanghai room lobby.Thanks room interior heating system makes us forget city outside temperature sub zero. Located heart city good connectivity main attractions city. Nice Cuisine Shanghai's Famous Crab,0.5185185185185185,0.6425925925925926,Jun 14 2009
4,4,"Good Hotel English needed Stayed one night could get accommodation Renaissance full stay Shanghai.It located business district Renaissance costs something like 70% Renaissance charges.A good value money price pay standard business facilities well pool gym.The downside fact many staff members speak English help ask question English.As first trip Shanghai, difficult make understand I want (unlike Renaissance home).The rooms good bathroom linen.",0.17727272727272725,0.39166666666666666,Jun 11 2009
5,5,"Cheaper Five Star I moved return Jinan Hotel cheaper Renaissance Yangtze...and I wish I hadn't. This Hotel huge! No personal touch full loads tourists tour Operations. The Housekeeping staff went extent trying charge water sanitary napkins without bill. There breakfast place measly sandwich I could pick Lobby overpriced. Definitely kind place, OK spend night so.",0.08055555555555556,0.6694444444444444,May 14 2009
6,6,"Highs Lows Its really quite hard start describing Galaxy tries things people. Its well located Shanghai business areas perhaps better western food selection hotels I've stayed Shanghai. (The breakfast great..) Also view top floor (32nd floor) bar, odd clear night get fantastic, (well worth extra pay drinks..). The ammenities great, shops, barbers, selection restaurants, bar, even Karaoke style full nightclub here, well usual sports gym activites. (so never bored evenings..)I imagine opened grand, however looks tired need good clean, also likely (western business men espicially), get followed girls, street, bothered locals, even far girls try get room. The staff seem turn blind eye this, local police.At night unless brave enough try take taxi somewhere, little see around area, venture soon approached girls.Not bad short business stay, one family longer vacation please Galaxy.. Get cleaners in..",0.11895833333333329,0.5270098039215686,Jan 20 2009
7,7,"Old dirty Hotel book hotel! The remodeled last years, therefore find dirty carpets bathrooms beds. When arrive night lot chinese girls wait come room...The breakfast o.k. expensive (about 20 USD) Never again!",-0.34375,0.46277777777777773,Sep 20 2008
8,8,Very Nice way We returned Canada staying Galaxy Shanghai tour. The lobby 1st 2nd floors elegant. The room nice nothing exceptional. The carpets dirty two hotels stayed. The breakfast better average service great. The reception staff interested helpful asked getting one bed instead two.We went walk around area found best location. However great bus tour near tourist attractions visited.,0.3518223443223443,0.618543956043956,Jun 5 2008
9,9,"FILTHY CARPETS I escorted tour China group stayed 2 nights Galaxy Shanghai. Although middle nowhere, first impression large convention excellent....beautiful huge lobby, bar live entertainment, nice restaurants friendly bell boys. When got elevator 10th floor, I remarked rugs hallway definitely needed shampooing. They filthy. At first glance room looked ok, perhaps bit &quot;tired&quot; 4 star need re-decorating...but I noticed carpet...every square inch carpet filthy, filthy, filthy! I mean ground &quot;mud&quot; ! I travel agent 30 years never seen anything like it. Our group 7 rooms booked 10th &amp; 14th floors, every room same. One room also cups filled tea previous guests still sitting dresser. Everyone group commented absolutely disgusting bad location. Better stay area Nanjing Road.",-0.12871101436442348,0.6382305194805193,Apr 30 2008
10,10,"Good location price This well located (if possible Shanghai) Best shopping Pearl International Market $2 cab ride away...slightly further, &quot;Bazaar&quot; 'local' goods sellers wiling bargain. I dont' recommend restaurant (except hot dogs awesome!) put whipping cream baked potato! Great laugh real tasty. The rooms spacious well appointed....and quiet. The staff helpful everything including taxi drivers. I would definately recommend hotel.",0.3192307692307692,0.464102564102564,Mar 18 2008
11,11,"Well run My wife I stayed September 2007 4 nights part group tour.We found professional hotels tour. The staff friendly helpful.Our room decent clean without anything spectacular. The beds hard per everywhere else China. Galaxy smallish gym good equipment, pool. This best buffet breakfast tour hotels - good quality wide variety food. For snacks groceries, walked Parkson Grand, supermarket downstairs. The Friendship store closer expensive. We excellent foot massage road Parkson (there big &quot;massage&quot; signs pointing street). There probably much way tourist attractions near hotel. It 20 minute taxi-ride city. The park nearby vibrant night, locals dancing singing. Overall nice offers good value professional service.",0.2536008230452675,0.47016460905349794,Nov 17 2007
12,12,"Great Place The Galaxy We tour group enjoyed 4 night stay hotel. The atmosphere good breakfast included excellent selection. We room service one night arrived late rather slow coming enjoyable pasta meal same. One thing found really strange asked pay cash guests hotel. This 1st time ever happened us. We also problem laundry husband went stairs paid directly reception. We find staff poor English.We supper one night nice bar area, service excellent nothing much bother. There nice piano music created nice ambience.Our room large two double size beds nice clean bed linen good size bathroom. It luxury type room definitely adequate There tea making facilites replenished day bottled drinking water supplied.One thing mentioned fact may appear close airport fact least hour away &amp; longer peak traffic Pudong International Airport. Many people made mistake ended airport used Domestic flights . The fast train good option get Pudong time table currently starts 7.00am early flight perhaps possible. Certainly something considered booking flights.",0.2707571857571857,0.5515465465465467,Oct 18 2007
13,13,"Good great area exploring While convenience Hongqiao airport (the domestic airport China) quite ideal, ease access via metro Shanghai city proper best. You pretty much need take cab nearest metro stop. Cabs cheap might better taking taxi entire journey. Nothing walking distance surrounded business type hotels. Lots tour groups stay fills property up. Clean, pleasant decent breakfast buffet.",0.32077777777777783,0.5862222222222222,Sep 7 2007
14,14,"Enjoyed Galaxy! I stayed business meetings Shanghai. The lovely, great breakfast buffet morning - western style food well local food. There two restaurants hotel, one local food -- good selections good service -- Korean BBQ -- also good food good service. I stayed business suites stay found accommodations tasteful elegant. It spa-like feel room, towels, etc.As location, yes bit west downtown Shanghai proper. However, I go walking several days antique shops, memorial gardens, etc. I took cab places I wanted see (Yu Garden, Bund, temples, etc) found cab fare reasonable -- 3-5 dollars per ride. The traffic bit cumbersome, cab rides sometimes bit lengthy.All all, I found stay nice. It served business needs quite well. If I Shanghai vacation, might nice closer downtown, I said, cab fare reasonable finding cab quite easy.",0.36333333333333334,0.5885606060606061,Aug 26 2007
15,15,"Good clean accommodations Stayed beginning 14-day tour China; spent three nights here. Location desirable central attractions. But since group tour, drove sights attractions early morning evening time spare. Hotel rated four-diamond Chinese standards, American standards, I would rate three-diamond. Saw lots Americans/Europeans, staff spoke little English. Breakfast extremely good Chinese Western dishes. They even Korean Japanese corner sushi miso soup. Quality food average. Service little desired. You wait coffee cup refilled. Rooms extremely clean well appointed. We in-room safe along refrigerator room. The thing lacked iron &amp; board call bring room.This excellent tour groups. For individual leisure travelers, location undesirable find transportation get everywhere.",0.16883680555555555,0.40833333333333344,Aug 6 2007
16,16,"Nice Hotel Arrived three days two night. Great hotel, located near main attractions. The staff wonderful breakfasts great. The rooms large clean. The two stry lobby interesting. The elevators fast staff met needs. If going Shanghai business need see sights, wonderful place business. Several meeting conducted hotel. However, want get walk streets nigh near sights place you.",0.47091575091575094,0.64003663003663,Jun 21 2007
17,17,"Chinese hospitality Spent two nights Galaxy end three city trip.Glitzy high rise catering business pleasure tourists world. Very nice room, clean. Very close Parkson department store City Center Bldg (walkable). Lots service help everywhere. Mostly helpful always large breakfast area. Ample buffet style lots choices, Western I liked something everyone. A &quot;Korean Corner&quot;, baked beans white sausage Brits, frosted flakes Americans. Service lacking here, maybe busy. We seated end table 8 8 people. No offer move us, brought 2 chairs squeezed everyine in. Took 3 requests spoon went found own. Coffe self-erve took long time get refill. Long wait juice glasses fruit bowls filled buffet. Scramble style area lots bumping queueing repeatedly.Received electic adapter less 2 minutes requesting.Two complimentary bottlesof drinking water dayTakes long time get hot water butwhen comes, plenty water pressure good.",0.23517857142857138,0.4714682539682539,Apr 14 2007
18,18,good way end tour The Galaxy last 15 day tour. There werea lot North Americans hotel. The rooms clean modern. The buffet breakfast delicious one highlights us Shanghai. This along Bund able take taxi $10. There also stores restaurants nearby (although eat there),0.4611111111111111,0.5486111111111112,Feb 14 2007
19,19,???????,0.0,0.0,Nov 20 2009
20,20,????????????,0.0,0.0,Oct 29 2009
21,21,??????????,0.0,0.0,Sep 1 2009
22,22,????????????,0.0,0.0,Jan 25 2009
23,23,?????????,0.0,0.0,Oct 29 2008
24,24,??????,0.0,0.0,Oct 29 2008
25,25,?????,0.0,0.0,Oct 3 2008
