,Unnamed: 0,Reviews,polarity,subject,Dates_extracted
0,0,"Decent interesting location This actually inside soccer stadium. If stay room 1st 9th floor street view (you looking inside/lobby stadium. The basic rooms slow clean well-equipped. The nice restaurant serves great breakfast (combination Chinese western food). It health spa lobby looks plush outside. There stores bar also located stadium. Not sure anything else nearby. Overall, crazy location nice 4-star facility.",0.20488888888888887,0.486037037037037,Oct 8 2009
1,1,"Brilliant. Great rooms food staff. Impressive lobby. Very clean hotel.. Big rooms. Everything almost new. Great breakfasts. Swimming pool, massage, fitness. Everything need. Hotel part Shanghai Stadium (built.in). Taxi drivers problems find hotel. You show key chinese name address hotel.",0.457003367003367,0.6627272727272727,Sep 17 2009
2,2,"All depends room get Stayed five-night business trip I say room standard service quality extremely variable, depending room get many staff deal with. On website looks like good idea different others claims great views inside Shanghai Stadium. As I booked &quot;stadium view&quot; room I looking forward experience turned room looked onto interior staircase stadium, colleagues problem. Many &quot;stadium view&quot; rooms small pitch-dark even day get sunlight all. My second room, I moved hours negotiation dealing less five staff, different: bright, airy, large windows, views (of flyover, least view sorts). Some staff nice courteous, others plain rude. I felt long operations running smoothly staff well-rehearsed friendly routine, whenever things went wrong many turned &quot;not problem, try somebody else&quot; mode. Overall, average experience.",0.1789080459770115,0.531288998357964,Oct 26 2008
3,3,"Very Convenient Hotel This selected company, I know expect. From research, appeared far away downtown area Shanghai. It proved convenient location, easy get taxi. It also block away subway. Considering extensive road construction Shanghai, hotels easy get to, even though may central, hotels necessarily great supply taxis waiting outside.My room large, quite clean. Their breakfast buffet many choices - typical Chinese, Japanese, European/North American.There consistently fleet taxis waiting outside, given inexpensive price, preferred mode transportation Shanghai. Overall, I would recommend friends, sure.",0.21976190476190477,0.4773015873015874,Aug 3 2008
4,4,"Great experience Regal Stayed one night Regal. Although I booked club floor room, I upgraded club floor suite I checked - pleasant surprise! Suite well appointed central lighting control, electronic blinds, 3 LCD TV's massive bathroom muti-head shower. Several items (including beer) mini-bar complementary well - nice touch.The room included buffet breakfast, good, well high speed internet. Can't think anything negative say except location may ideal tourists, since longish (35 min) , 45 RMB cab ride Pudong hotel.",0.3313888888888889,0.6505555555555557,Jul 13 2008
5,5,"great around us$100 stayed many time business purposeif first visit stay short better find different location around bundif looking budget taste local area good optionhotel located inside shanghai stadium walking distance great local shopping area (xu jia hui )and subway stationits great 4 star ,rooms good size upper bigger,the stadium get widder upper part roomsonly con building inside stadium arriving road means good walk way far anything get taxi every tourist attraction 10 15 minutesfirst time stayed little strange time became repeat guess mainly price room size rooms higher executive room really BIG good extended stay",0.3085984848484849,0.4384848484848485,Mar 4 2008
6,6,"After location confusion good experience The Regal Hotel group scolded (purposeful deception) . It two Shanghai properties, called Regal East Asia. One (not one) word &quot;international&quot; innocuously inserted title, also frequently omitted. So book thinking Hengshan Road (a happening nightlife area) wrong. This located inside Shanghai Sports stadium ground, set back road. Easy miss unless taxi driver before. Other location switch, exceed expectations. The outfittings relatively new high quality, rooms plenty light well designed (for use space). All amenities provided, five star hotel. The pool also excellent: 20 meters, infinity edge, clean. And, rooms view sports stadium. The downside located &quot;local&quot; up-and coming middle class area Shanghai. It's way (centrally) convenient taking metro, intersection two metro lines. If mind southwest Shanghai location lack foreign-oriented diversions, could work you.",0.2054895104895105,0.5117599067599068,Oct 23 2007
7,7,"Repeat visit This repeat business stay me.This time I got upgraded non smoking Regal Premium eleventh floor.The room clean modern design, outfit operation.View city.PROs; plush towels, safe large enough laptop computer storage; business size room; flatscreen TV; prompt staff service; quiet; extended choice breakfast food; nearby access metro/subwayCON: cramped office space business work; local radio broadcast; expensive internet breakfast extra;",0.08677248677248676,0.39576719576719577,Oct 8 2007
8,8,"Lost privacy Great location, rooms clean comfortable. Interesting outlook. However, checked-in, front desk persuaded pay deposit...and agreed, take away foods drinks fridge. And seems nothing lost, agreeded, later arrived room already 30 mins, taking rest, I sleeping bed, boyfriend walking around little shorts...suddenly, someone opened door keys...and shouted. Is staff. I cried what's happend? And said know guests inside, coming collect foods drinks fridge...Oh~I thought annoyed, know? Since checked already 30 mins...and strange staff come suddenly, ruined privacy, I going complain said sorry us, I forgave then. Besides experience, nice.",0.13901515151515154,0.6090909090909091,Jun 27 2007
9,9,"Solid Hotel Good Price I stayed 4 nights Regal Shanghai East Asia pretty good experience. I booked based room rates close proximity Metro Station.Check-in fine, apart I point breakfast included room rate. The room better I expected pretty decent size standard. The bathroom clean.The Metro station 2 minute walk away rest Shanghai easily accessible - I wish trains ran hour two later night! You pass Starbucks way Metro station supermarket built side stadium.This good hotel, Shanghai's main attractions doorstep, I willing sacrifice order save cash. The Metro efficient enough taxis cheap location make much difference.",0.25526315789473686,0.4842105263157894,Jun 20 2007
10,10,"Interesting location! I stayed Regal Shanghai 6 nights recently. As part Shanghai stadium, fairly easy taxi riders find. The fare Pudong airport 170 RMB. The reception ok, booked Regal Club room used check-in 12th floor. The lounge staff helpful nice throughout stay, assisting us restaurant bookings etc. There lady called Kris star! The lounge (breakfast evening drinks + snacks included rate plan) bit old fashioned ok. The selection food limited lounge never busy (only saw max 10 people one time), I guess worth provide more. Everything tried perfectly fine. Our room, 1215, one old rooms. The re-vamp moment quite rightly so. The furniture 1980's carpet seen better days. The size room great everything worked. The rates general decent considering 3-4* hotels Shanghai pricey. The tube station 5 mins walk away plenty taxis. I use facilities (shops, spa etc) look ok. Moods bar, also 12th Floor, ok lacks atmosphere. The French Concession great place wonder Sasha's (a western style bar) far. M Bund great meal Shintori. The People 7 bar trendy service great. There bar Julu Road called Goodfellas ( bit seedy) give free beer go early evening! A river cruise evening must - view amazing. Perhaps one nicest days day trip one canal towns. The nearest one 1 1/2 hrs Shanghai tour buses leave Shanghai stadium. A top tip - might need help buying tickets unless Chinese great. Another highlight trip Propaganda Poster Arts Museum. It bit difficult find get there, interesting. I definitely go back Shanghai likely stay somewhere bit central.",0.29526022588522594,0.5288404304029304,Nov 15 2006
11,11,"Great bit different ! Stayed 6 nights leisure break October 2006.Was bit apprehensive brand known quantity, however I worried.Location slightly centre, south west main attractions, accessible metro station (2 mins walk), cabs easy get. I think location plus point means get much better value comparable place tourist location.The building itself, within Shanghai Stadium, impressive.My wife I stayed Regal Club room (there special offer website USD 130 per night). This entitled us check-in 'club' (12th) floor, meant entitled free breakfast, evening drinks canapes, various extras. I would highly recommend booking class room.The club lounge excellent view stadium, lucky pop concert first night stay - interesting !Our room large, clean, facilities expected 4-star property. The decoration bit old fashioned taste, I would preferred something bit contemporary. Not major problem, however, everything good condition. Bed hard, I actually like that, warned like soft mattress.We dine except take complimentary breakfast canapes, however good quality. The drinks also bonus - basically full bar could help - quite easy overdo !All staff great, polite, excellent English, extremely helpful. They booked us restaurants, trips, cabs, works.In short, I would hesitate stay again, let apparent 'remote' location put off.PS Some friends booked one cheapest rooms - OK pretty small bit tatty - I would def recommend higher class room.",0.2676582792207792,0.5258008658008657,Nov 10 2006
12,12,"loved going shanaghai visit daughter working there. booked 4* four nights, 6th october, fabulous price 97 pounds sterling room only, 2 people. expect much price pleasantly surprised. gorgeous hotel. staff excellent. accommodation first-class. time use excellent leisure facilities. located near metro. convenient extremely cheap - 28 pence bund, places interest. definitely recommend.",0.3619230769230769,0.7073076923076923,Oct 30 2006
13,13,"Very nice This nice hotel. Our room comfortable, good ammenities. All staff helpful. Pool hot tub area nice - close 9:30 PM. Be careful confuse Regal INTERNATIONAL East Asia Hotel located French concession closer city center. This great flying Hong Qiao Airport (only took 20 minutes get there.) But, otherwise bit far major attractions. Metro stops placed quite far apart Shanghai. The actually attached stadium - (makes easier cab drivers find). You get Pudong airport using public transport (mag lev green metro line, change people's square red line - exit metro left walk 5-10 min.) but, luggage would recommend taking taxi. They offer miles room rate least 700 CYN. We booked internet $57. Overall, happy here, especially good rate would stay especially flying HongQaio.",0.21044642857142856,0.5738095238095238,Oct 14 2006
14,14,"Great Hotel Value! Although The Regal Shanghai East Asia Hotel 3 star hotel, I found much much better 4 star I stayed Beijing (the Swissotel). Reasons I liked Regal Shanghai East Asia Hotel: room bathroom clean; room size lager I expected standard room; room decorated modern simple yet elegant way; staff friendly spoke English well; subway around corner block; far attractions subway. I cannot think complaint really...",0.2527777777777778,0.4804761904761905,Jun 15 2006
15,15,????????????,0.0,0.0,Nov 13 2009
16,16,??????????,0.0,0.0,Oct 2 2009
17,17,?????????????????,0.0,0.0,Sep 2 2009
18,18,??????????????,0.0,0.0,Aug 11 2009
19,19,?????????????????????,0.0,0.0,Jan 19 2009
20,20,????????????????,0.0,0.0,Oct 24 2008
