,Unnamed: 0,Reviews,polarity,subject,Dates_extracted
0,0,"Reasonably priced 5star The Broadway Mansions Shanghai built 1934 recently refurbished modern Art Deco style. Situated close The Bund within walking distance Nanjing Pedestrian Street. What pleasant experience disaster The Bund Riverside Hotel. Here everything spotless state art. Rooms well equiped amenities. The TV also PC room.There minimal charge use internet. Tea coffee facilities available utensils packed neatly specifically designed draws. Iron ironing board stored wardrobe room safe. The service impecable staff well versed English languages. When need service room, someone almost immediately. No swiming pool good exercise facility spa/beauty parlour. Quality control high agenda. The Breakfast room overlooks The Bund choice food quite extensive suitable tastes. This hotel, opinion &quot;Hidden Gem&quot;",0.25916666666666666,0.47821428571428565,Oct 30 2009
1,1,"Most enjoyable stay! We stayed Broadway 5 nights honestly I must say one best hotels we've ever stayed at. All staff spoke English, always friendly polite helpful. They called airline confirm flight checked out. They wrote sightseeing destinations Chinese us told us approx. much taxi ride would cost. No detail spared. The rooms impeccable, thought everything fluffy bathrobes flashlight plus desk drawer every international voltage plug could recharge camera battery plus laptop.The downside construction Bund, made walk Nanjing Rd minutes more. Room service delivered quick - less 15 minutes! The delivery boy appreciative I gave tip. The price would way paid come 2010. I would definitely recommend hotel.",0.28775,0.43083333333333335,Oct 10 2009
2,2,"Cool TERRIBLE construction site (at least 2010) Like: - prime locaton famous bund street (though stay, city renovating bund 2010 SH Exhibition event, making ALL hotels on/around bund huge construction site)- well-preserved old-time charm- solid isolation, mean sound proof: stayed 7th floor, construciotn outside went 24hrs, opened window, insupportable, closed window, heared nothing...- confortable bed- great, great view (Please, DO book room river view, otherwise pay price staying bund, facing ugly street view???)Hate: - fact practically bund life 2010 - OMG, so-called continental breakfast, charge $20/ per person, scandal: warm orange juice, cold/ stale cafe, unfresh meat...go bistro SH excellent food half price- smell: vague strong smell kitchen garbage lobby stairs, making doubt hygiene hotel, despite almost impeccably roomConclusion: still best deal bund street river view old-time charm. wait 2010 event (the price tripled though...)-",0.16609848484848486,0.5744318181818181,Aug 24 2009
3,3,"A pleasant comfortable excellent service We stayed Broadway Mansions June 30, July 1, July 2, July 21 July 22, 2009. Not pleased overall service breakfast superb. The staff friendly helpful eager please guests. I happy I would return again. I stayed several similar hotels Shanghai best. It short walk Bund (under construction 2010 Expo) Nanjing Road. Taxis easy find beautiful view Huangpu river night lights. I coke bar I thought excessively priced, bars. If happen dislike room, ask staff asccommodate you. I dissappointed charges internet many hotels Shanghai same. Considering convenient location quality room, I think one best money. Charles Gloria Juedemann, Union, Missouri USA",0.4255555555555556,0.615873015873016,Aug 1 2009
4,4,OK- needs review standards Hotel close start Bund- 11 CYN taxi 10 min walk closest Subway stop Line 2 Nanjing East. Staff nice. Room clean reasonable size. Problem TV Air work properly 1st night. Went called frount desk 3 times. It maid hallway got someone come fix problem. Breakfast OK- 128CYN 18US. Internet expensive. Hotel needs make sure staff checks rooms putting guest one. Bellmen staff average.,0.20166666666666672,0.5488888888888889,Jun 7 2009
5,5,Comfortable well priced I recently stayed Broadway Mansions 5 nights. The room clean comfortable view stunning. The staff friendly spoke enough English understand. The little isolated prepared walk main tourist areas ( 10-15 minutes ) . Even taking cab prepared endure awful traffic jams ( case hotels around Bund). I never breakfast great Japanese restaurant premises ideal business lunches. Overall around $120 /night great deal !,0.2482843137254902,0.5519607843137254,Mar 13 2009
6,6,"Recently renovated excellent value ! Stayed October 11-20, 2008 Room 811 views Souzhou Creek Huangpu River. Very clean comfortable room plasma TV large modern bathroom tub walk-in shower.Excellent buffet breakfast selections. Very pleasant helpful staff. All all, I emphatically recommend hotel!",0.4701360544217688,0.669795918367347,Nov 6 2008
7,7,"Nice Hotel Our room 15th floor, facing Bund. The view awesome. There construction right front hotel, need take nap day, itâs noisy. The breakfast included, breakfast outside hotel. The bar expensive comparing hotels stayed China trip. If looking great view Bund river, itâs great stay. But donât care, find better place stay.",0.3410714285714286,0.6170714285714285,Oct 27 2008
8,8,"Appalling Service Iffy location Get used staff outwardly upscale laughing -- ask directions make dinner reservation. They *not* speak English proficiently embarrassment (?) often giggle. Avoid concierge service much possible, frequently given wrong information.The location would ok, currently cut Bund (there used pedestrian bridge), obliged take taxis anywhere. They construction work below, expect re-shuffling rooms give anything 13th floor. Service thoughtlessly bad -- cleaning women come round late noon (and open room door, even it) give absurd gifts (cheap little pouches), breakfast staff forget coffee refills whisking plate finish still chewing. A real disappointment.",-0.1551470588235294,0.5568627450980392,Jun 30 2008
9,9,"Just passable service low quality I group colleagues stayed 5 nights disappointed. The rooms good clean. I stayed Executive floor, facing Bund amazing view. The noise works bridge problem since stopped working night. The main problems service. The staff concierge speak limited English requests usual &quot;please write address fabric market Chinese taxi driver&quot; troubles understanding. In 2 occasions gave wrong address taxi driver and, general, seem willing help.In two occasions room service entered room despite 'do disturb' sign door. The minibar refurbished use.At night also saw pimps front hotel. One guest spit lobby staff complain anything. Overall, recommend it.",0.011819727891156475,0.4406462585034014,Jun 20 2008
10,10,"An encouraging mixture We stayed Broadway Mansion Hotel four nights early May, booked Chinese Travel Agent know trust implicitly.The striking, solid block dominant position overlooking Bund, also building site new Bund bridge constructed. That said, noise never apparent although detour pick side river unfortunate.The rooms one might expect, comfortable well-maintained. That said, moved up-graded first night, room 'refurbished', moved up-graded second night strong smell solvent corridor adjacent, in-house rebuilding. And third room fine!The staff exceedingly helpful welcoming.Would I stay - yes, hope internal external building work last finished. With that, certainly one best positioned hotels Shanghai.",0.18806141774891774,0.3249567099567099,Jun 3 2008
11,11,"Enjoyed stay Broadway Mansions Hotel I stayed three nights end march 2008. My room one upper floors, facing Bund executive suite. The view great produced amazing photos. Unfortunately direct access Bund restricted currently working bridge. To get Bund pedestrians walk 8min detour across bridge along creek.Internet access Business Centre expensive side.Rooms made expertly day bathroom amenities refilled.Beds extremely comfortable comparison norm hard beds China.The restaurants great. The service impeccable Chinese retaurant level 2 well Lobby Cafe. I enjoyed wines lobby cafe Friday night whilst waiting get dark city lights come on. It noted week nights city lights come power saving effort. The floor ceiling windows make easy people watch see traffic bicycles go by.",0.22009803921568624,0.5426470588235294,Mar 30 2008
12,12,"Still renovation 2-3 star 5 star view (if get it) I stayed mid-October 2007 one upper floors, facing Bund executive suite. The view really great hotel's best feature. The next best feature location plan hang around Bund stay. We became issue later fight traffic get parts city. The biggest issue still renovation get room one floors renovated expect noise, smells (some fairly foul, maybe toilets replaced?) workers walking around leaving equipment hallways. In case, get room walk drop cloths, past ladders, unfinished rooms step bucket dirty water inexplicably left front door three days. I purposely call front desk see workers, even cleaning staff would take initiative remove it. They didn't. Only one elevator worked problem busy check-in check-out times.The second biggest issue get details right, add up. Our suite nice, great. The bathroom clean functional, towels several years old (fraying edges). Little annoyances added up. Electrical switches mislabeled plugs inconvenient locations (I charge cell phone hall example), room safe bolted down, new wallpaper peeling places, carpet looked old already, computer room dusty plugged in, large paint splashes several places windows numbers marked them, probably construction notes. I see single glass / metal surface cleaned properly. The elevator always dirty. I felt cleaning staff simply moving dirt around, really cleaning.The daily breakfast fine, although I think staff still trying figure things out. Internet access available extra charge. Overall, staff friendly helpful.My advice travelers wait renovation unless get really good deal room facing Bund floor that's renovated. Even then, expect luxury simply get details right. It's two-three star five star view.",0.11853036443461974,0.4165320377022505,Nov 1 2007
13,13,"Broadway Mansions fine us My husband I stayed Broadway Mansions Sept 2007 (booked Haystack ) stopover way home Oz Europe experience good one. The undergoing renovation upgraded executive room extra cost obviously one newly renovated. It huge separate room big desk computer - luxury anywhere Europe. The bathroom spotless also obviously brand new. We check gym spa find fantastically well located right Bund also found staff helpful friendly. Also, check restaurant (except breakfast ok)as spoilt choice anyway Bund eating options.Sure, bit noise dust renovation yes one lifts working really matter us thought $137.73 AUD cost night fantastic value Europe.",0.25375676406926406,0.5140503246753246,Oct 17 2007
14,14,"stay broadway mansion risk! If like cockroaches, filthy black carpets, non working elevators, rooms smell paint fumes chemicals, place you. Though travelocity advertises 4star, I arrived construction. Hallway carpets missing black dirt; one elevator worked. dining area rooms reeked toxic chemicals nerve charge full price. If stay here, warned!!!!!!!!",0.05952380952380952,0.6380952380952382,Sep 29 2007
15,15,"AChinese Experience. The Broadway Mansions Hotel also known Shanghai Mansions causes confusion taxi drivers! We stayed twin room 19th 25th June 2007. We looking forward promised much publicised view river, boats etc. Instead looked dingy buildings.Our room large â bathroom. The latter contained bath shower â shame shower cubicle didnât frosted glass water leaked bathroom floor time shower used. The bar soap provided commencement stay became disgustingly soggy time went on. Other complementary toiletries replaced daily â including comb, shower cap, toothbrush toothpaste. We able borrow multiplug adaptor hotel.As reviews stated â beds firm, really liked slept well hammering banging construction new lobby woke us 6am morning. There in- room safe â bottom wardrobe floor level. Ours locked arrived handyman able open us â wonder secure really experience. We asked â received - small wonky ironing board. I managed level putting one legs inside shoe!! We left two sealed bottles drinking water daily extremely useful much appreciated. There also jug drinking water room â passed one!The carpet dirty rest room average cleanliness. The maid work extremely quickly floor definitely cleaned daily. There quite sophisticated lighting system illuminated âDo Disturbâ light outside door. Housekeeping still knocked door even sign on.Despite âcoffee tea making facilitiesâ advertised, ever left three kinds tea bags â sugar, creamer coffee. The promised fresh fruit delivered first day stay.The doormen excellent (and patient) obtaining taxis us, reception staff twice wrote destination incorrectly - costing us extra taxi fares time. Being taxi driver speaks English given card wrong information extremely stressful knowing taxi taking long way intended destination creates anxiety. The sauna non-existent, fitness centre joke. No Internet access available within unless computer. We also find business centre. The concierge rarely found.The nearest Metro Station far away convenience. Reception staff polite businesslike language skills extremely varied. Some interested helping us â others indifferent.We booked Airport shuttle â looked nice illustration temporary lobby â reality somewhat different!! However got us airport never use again.",0.09343262640137641,0.49373515373515375,Aug 14 2007
16,16,"Landmark style This solid mid-range facilities one expect category. I staying March 2007 room I spacious, clean, comfortable. I would definitely fork river-view suite - views possibly best one Shanghai, overlooking colonial Bund futuristic Pudong - night looks fantastic, day equally impressive. Without river-facing suite, one still enjoy views 18th floor viewing balcony. The rooms internet access, TV, minibar etc. - usual stuff.The character style, may may everyone's taste. Travellers expecting international chain atmosphere come here. Breakfast buffet (both Western style Chinese) good, dinner, avoid hotel's eateries head much better (and/or cheaper) places elsewhere. In particular avoid 'Western-style' menu otherwise cosy ground floor cafe/bar/restaurant - awful. The staff extremely friendly helpful, even English language abilities varies. A range day trips booked hotel. Other on-site services include rather dingy sauna (better avoid), OK gym, Chinese massage. There also basement night-time karaoke bar, seems cater particular Japanese Asian single male business travellers. BM landmark art deco building 1930s, featured Shanghai's turbulent history. For tourist purposes, ideally located, minutes walk away Bund, East Nanjing Road (the main shopping street). Taxis cheap always plentiful outside hotel. Being surrounded busy roads though, exactly quiet corner Shanghai, building site noise (which difficult escape anywhere Shanghai) also likely impact guests might want sleep rest day.On whole I would recommend BW active traveller looking bit local flavour accommodation, use much apart convenient base explore truly exciting city. The history, views, location makes average me, though visitors amenities might result lower rating.",0.14139384920634923,0.47078373015873015,Mar 31 2007
17,17,"Broadway Mansion .. Stayed 3 nights feb20-23 part tour group. Very old hotel. Every room different. Some rooms reasonable, not. Most room Safe. No iron, small bathroom, old system complicated light switches. Not clean. Cannot move twin bed together. Can open windows.Internet business center, limited hours. Cost 6 Yuan 5 minutes. (7.6 Yuan per 1 US dollar)Breakfast second floor, okay great..some food cold. fruit, french toast, eggs order, limited supply.Good location. Only 10 minutes walk Nanjing Road shoppings activities are. 5 minutes Bund.",0.018621553884711796,0.4655639097744362,Feb 25 2007
18,18,"Nice - hard beds The good: pretty good location nice breakfast buffet (American Chinese). The doormen great (can hail taxi) confirm driver destination. The front desk cards state English Chinese &quot;Take __&quot; fill Chinese you. Everyone seemed speak good English. The English HBO Cinimax. Room large teriffic newly remodeled shower/bathroom. But beware, every room somewhat different compared others. Had post office business center hotel, well pushy sales staff attached gift shop.The bad: ROCK HARD BEDS!!! The floor softer beds. I never slept brick bed staying here. The others tour group complaint. Because I primarily use room sleeping, I rate 3 stars, even though great spoke English helpful.Although fast Internet, charged $20 US day $1 minute use, I thought high.The food store extremely high ($3.00 Coke could buy .50 street) I guess expected hotel.Bottom line, part included tour group, bad. But paying going business, beds hard could stay better price.",0.13228216954779456,0.45682490932490927,Jan 21 2007
19,19,"Overrated bit drabby internet working. The location good room definitely 4 star, like 3 stars. The shower drain got fixed pretty quickly. The room drabby dirty sheets towels changed regulary. In room, internet working checked in. After advising numerous staff (5 total days), still fixed. We complained last fifth day, finally allowed us use Business Centre internet free. The communication staff poor.",0.06083333333333332,0.5422916666666666,Oct 29 2006
20,20,"A Study indifference Hotel conveniently located Bund rooms large. After runs hill quite rapidly. The desk seem get names right room took 20 minutes discussion get 2/3 right. The Chinese restaurant staff competent. The &quot;Western&quot; restaurant staff could walk right never notice 6 people waving. The buffett dishes taken left. We know happened next morning. The Cafe staff somewhat quicker uptake. They smiled bill paid. 20 minutes morning cup coffee 2 patrons, 1 bartender waitress? Yep. 20 minutes. Nice price, sans breakfast coupon given service somewhere else probably good idea.",0.23684807256235826,0.4850907029478458,Jul 14 2006
21,21,"Frustrated stay I recently stayed two people three nights B'way Mansions r. disappointed. I idea actively renovating rooms. There mention website, anything mentioned I emailed confirm checked in. We informed small laminated notice desk room construction begun December 2005 would going daily 6 pm. On first morning dull buzz vague chemical smell left day. However, second morning, clearly sound construction going room incredibly strong toxic, glue smell permeated entire suite. My frustration initially made reservation Deluxe Bund Suite includes king-size bed, I decided I wanted certain get one newly renovated rooms change reservation 2 double beds. I Mandarin-speaking friend contact directly US change reservation. However, arrived room 2 double beds available manager offered us &quot;upgrade&quot; suite, assuring us one renovated rooms. What actually got initially reserved--there upgrade! At first I thought manager also lied room one renovated--it looked nothing like pictures Expedia website--but read one travel guides rooms underwent renovation several years ago. It ridiculous deceptive calling rooms renovated point especially currently work rooms!There small frustrations nothing I would expect grade. The concerns I elaborated above, however, due class general lack consideration patrons. On side, room clean view excellent.",0.01522827947246552,0.4048676130071479,Apr 23 2006
22,22,"Should close construction The construction. The smell pounding evident throughout. We moved twice. Our last room next door curtained area rehabbed, atleast painting staining wood immediate area. The rooms clean bathrooms well scrubbed. The atmosphere hurt disruptions going throughout building. I would advise one hold reserving improvements completed, size building, could quite now.",0.15416666666666667,0.25416666666666665,Apr 7 2006
23,23,"Good This nice suprise. The look nice outside, inside makes it. The staff friendly although english skills could better. But really helpful every way. The rooms average, 2 twin beds, big used one. The bathroom also nice. I mention, superiour room....There som construction work taking place floor, worked around 08 around 6 pm bother us all.We try breakfast price quite stiff; 118 Yuan buffet. Instead went &quot;Manabe&quot; bund western sandwiches coffee.The location good too. A taxi xiangchang market (fake brands etc.) costs 15 Yuan. The bund bridge, althought bund overrated opinion. Nothing much see, busy tourists.We pleased overall, would stay return Shanghai :)",0.22511559696342304,0.4995169082125604,Mar 30 2006
24,24,"Nice Surprise! If looking Western service amenities, may place, looking great location, great view, bit old-world Shanghai, great value. Accomodations adequate - spacious, high-ceilinged room (riverside - recommended view; bit noisy, hey - Shanghai!) everything needed comfortable stay. Restaurants bit boring, much within walking distance irrelevant. I loved I could fling open windows overlook Bund, river Pudong across! Very colorful!!Recommended!",0.29404761904761917,0.6202380952380953,Nov 21 2005
25,25,"Average Hotel But Love View Overall, average friendly staff. The view river front rooms great. Excellent view Bund Pudong.We Executive Room facing river, rather dated. However, spacious. The bathroom clean need makeover. The beds little hard common problem China.But rate paid approx AUD $145, fairly good value. It situated close Bund fair walk Metro.",0.2508333333333334,0.5327777777777778,Oct 4 2005
26,26,"Great location nice room friendly staff! Stayed 4 nights. The new decorated deluxe room furbished decorated best taste. Small clean. Don't know standard rooms nice. staff friendly helpful. Very favourable price compared good standard fantastic location hotel. The building old, good condition everything clean. The buffet breakfast good (poor choice expensive), better take breakfast Ã la carte coffee shop (opened 24 h). Would choose again!",0.3205325545666455,0.5730038143674506,Oct 3 2005
27,27,"Old-style Shanghai This one old shanghai hotels lot history lot character. The staff pleasant helpful everyway possible. The location also excellent, stunning views Pudong Bund. I stayed twice, occasions I able persuade staff upgrade suite. The suites nice, spacious well furnished. Ok ok, maybe I luck Irish irish passport I got twice I would recommend others try. All good standard lot character charm.",0.44179487179487176,0.5850000000000001,Aug 27 2005
28,28,posizione strategica vista stupenda e camera ottima,0.0,0.0,Oct 28 2009
29,29,?????????????????,0.0,0.0,Sep 5 2009
30,30,?????????????????,0.0,0.0,Jan 9 2009
