,Unnamed: 0,Reviews,polarity,subject,Dates_extracted
0,0,"Holiday Inn Shanghai Vista clean room, comfortable, central location, ease travel tourist spots, lots restaurants surrounding affordable food.hotel room charge reasonable. Gym indoor swimming pool, good workoutduring winter.",0.33809523809523806,0.5357142857142857,Nov 16 2009
1,1,"Better average HI bit far centre We stayed 3 nights August. A perfectly comfortable Holiday Inn comfortable beds choice pillows room (no asking them). Restaurant OK, international menu dinner - nothing get excited perfectly acceptable. Breakfast buffet quite good. Location busy main road (noise room problem 8th floor). Minibar expensive - bought dozen cans beer soft drinks price one beer - go shop outside front door! The main problem distance main attractions Shanghai. A good hour road day traffic Shanghai (bad). The nearest metro good 30 minutes walk - forget - always hot humid taxis VERY cheap. Rooftop pool (indoor) nice.",0.263695652173913,0.5994202898550725,Oct 26 2009
2,2,"Good great breakfast The modern good service staff helpful.The breakfasts best exoerienced China large variety food.The television least 6 English speaking channels.The pool fitness centre also subperb large pool spa, steam room sauna well gym golf room.The criticism cost internet usage business centre. It one expensive I experienced anywhere world.The drinks bar also expensive considering buy beer little shop outside fraction cost.The location also little far downtown train station.",0.18767857142857147,0.504107142857143,Oct 21 2009
3,3,"It's lovely Hotel I Stay last week. It's lovely hotel.10 minutes railway station tosuzhou. Concierge bought train tickets ,their service good warmly us.Gave us lot detail information ,it's useful us.They recommended suzhou hangzhou train,that beautiful cities .The town, take cab easy expensive ,very far away pudong airport ,nearly 1 hour taxi(RMB160).",0.39898148148148144,0.6112962962962963,Sep 13 2009
4,4,"GOOD SERVICE This year ,first time went vista.Find logo changed lovely. ALL staffs kindly .And Concierge offer service thoughtfully.During ,they give help lots.Before leaving give namecard help ,just call them.So warm here.Thanks.",0.525,0.6138888888888889,Sep 9 2009
5,5,"Great service great location This already second visit 2009. The went renovation program feel comfortable minute, arrive. The attentiveness employees especially front desk restaurant improved. The key areas Puxi easily reached Holiday Inn. Good value money I paid!",0.38092592592592595,0.7148148148148148,Aug 21 2009
6,6,"Good I always stay I come Shanghai .The 10 minutes away city center,20minutes away shanghai airport. A lot local bank arround hotel,but use ATM internation credit card .Good bell service,very friendly warmly.Good lobby spacious room good air-conditon good indoor swimming poor top building free charge, restaurant many people,very crowded morning .",0.38611111111111107,0.5222222222222223,Aug 19 2009
7,7,"Great place stay. I can't say much price, everything covered tour went on, sensational. WiFi throughout, great facilities (pool etc) rooms stayed quite large based experiences Asia. The staff also fantastic. We communication issues found hotels stayed China, alway able help needed it.Though bit way city center, cost 20RMB get Nanjing Road itself. There's convenience store downstairs, places eat (including McDonalds) road. There's also games arcade across road kids!All all, great place stay, quite location bit away hustle bustle city.",0.29824263038548754,0.4863662131519274,Jul 20 2009
8,8,"We really enjoyed Vista We stayed 3 nights Holiday Inn Vista loved it! We travelling family 5 able accomodate us one room two double beds one extra single bed. It great pay one room. Yes, extra bed made things little tight, room still clean comfortable. After long hot days walking around Shanghai, 3 kids happy jump well maintained pool located top floor. Another big plus amazing breakfasts: clean, lots choices (american asian styles), good coffee!The price room right given hotels closer downtown area charge twice much. Yes bit way us, problem given travelling taxi Shanghai easy cheap! Staff reception concierge friendly helpful.",0.2998293650793651,0.5198015873015873,Jul 20 2009
9,9,"Peaceful staying It really nice trip Shanghai, especially I holiday inn vista. The guys always could consider worries advanced, need think many matters excluding meetings. Thanks lot guys holiday inn vista, I would next time I chance trip Shanghai.",0.30625,0.5375000000000001,Jun 30 2009
10,10,"Excellent stay great service ok location Last May I stayed short business trip Shanghai. My company booked I really know expect. Because Holiday Inn I high expectations stay.But stay excellent. The like old Holiday Inn's. It's totally refreshed gives trendy fresh welcoming upon arrival.The rooms nice. I booked Kingsize bedroom big enough me. Especially bed rainforest shower something really enjoyable.The location ok. I prefere staying located city centre, next good restaurants. This located 10/15 minutes city centre, still much huge city like Shanghai.Everyone nice me, especially concierge staff really good job providing list best possible restaurants area. Also transportation back airport arranged smoothly.To short.. Great hotel, great service, ok location one satisfied guest!",0.3797727272727274,0.572929292929293,Jun 23 2009
11,11,accomondation good Milk biscuits provided tea making area,0.9099999999999999,0.7800000000000001,Jun 19 2009
12,12,"Global brand cover local issue. When I come Shanghai, I frequently stayed hotel. Because Chinese staff lives near hotel, pick early morning.First stay around 2005, may opening. At time service facilities organized well, example shower hot water example Chinese clerk Chinese service American manager scolding loudly.Even thourh became somehow better better recently except thin wall rooms, I several uncomfortable incident hotel. When I checked hotel, clerk suggested upgrade room exective floor. I agreed suggestion stayed room one night. However, I sleep night due terrible noise air conditioner. I complained clerk next morning changed another room. She apology complainment. Only showed frustration me.When travel schedule shorten I asked clerk change stay, locked room. I could understand might miss computer operation, aplogy I complained incident.After visit, I got finishing blow I got credit card bill. They made double billing me.Fortunately, Holiday Inn local service office country, I could negotiate local service desk. They solved issue promptly.I got lesson experience. I may still keep using global brand even though higher cost. Because I get local support I got trouble abroad. Another lesson I never stay Holiday Inn Vista Shanghai more.",-0.016935483870967747,0.32016129032258056,May 3 2009
13,13,"Average best I stayed couple times business trips Shanghai. The everything would expect Holiday Inn. The room decent furniture bit old. The chinese restaurant quite good reasonably priced. However, much see neigbourhood railway station. And looking western style cuisine, closest thing get would department store across street hotel.Oh...and importantly, want travel city centre, close. With Shanghai's traffic conditions working hours, going enjoyable taxi ride.",0.2685897435897436,0.41858974358974355,Feb 5 2009
14,14,Great Hotel - Nothing link Holiday inns UK We stayed part Virgin holiday. I wonder would like holiday inn... It fantastic! 4star accomodation grande lobby excellent food! Location little Shanghai matter coach would pick morning etc need get yourself.I images reviews following website[-],0.45208333333333334,0.7083333333333334,Jan 30 2009
15,15,"The price right somewhat way tourists I tourist first 3 days 11 day visit China I stayed hotel. It booked tour agency. The bad experience check-in . I confirmed reservation king bed could accomodate it. Also, Holiday inn priority club member usually good least free drink sometimes upgrade . You may want pay bucks ask deluxe room executive floor. There exercise room lounge access do. I booked standard room 10th floor although bit small acceptable necessary amenities everything worked. There construction going behind busy street want book high floor. Breakfast included food quality quite good. Service excellent restaurant. They even allowed us breakfast early one day early call guided tour. One thing keep mind though around rush hour longish though expensive cab ride downtown Shanghai area .Most tourist attractions located around Bund Nanjing Road pricey hotels located. The nearest fine restaurants 20 minute cab ride away area called Xin Tiandi French Concession. Pricey chinese standards well worth visit . For arrive lap tops encounter sticker shock hotel. Expect pay $13 hour internet access.",0.15416225749559084,0.5102116402116402,Nov 8 2008
16,16,"bit way We stayed 7 month old baby 5 days. It clean safe places eat nearby. As small one us ate every night chinese restuarant superb (although overpriced Chinese standards) long people there. When 2 tables service became chaotic. Breakfast good buffet selection. Rooms clean spotless I worry poor fish bowl.Downside location. Shanghai pushchair friendly reliant taxis meant effectively add good hour onto anywhere went traffic heavy. In saying never problem getting taxi .Checkout also interesting experience (again Chinese hotels stayed in) hurry - night check out.Overall - fair price , reasonable hotel.",0.27182539682539686,0.5238095238095238,Sep 28 2008
17,17,"Great Rooms Great Service Stayed 2 nights King Bed Deluxe Room. The decorated nicely staff helpful. The rooms well appointed comfortable. The bed soft cozy. The bathroom nice rain shower head. I surprised find small fish bowl desk 2 colorful fish swimming around.There restaurants shops within walking distance hotel. Taxis plentiful cheap. A taxi to/from Pudong Airport runs 180-190 RMB, good deal considering 60 km away. Taxis tourist areas run 30 RMB way.I highly recommend want stay somewhere comfortable upscale without spending lot money.",0.38733333333333336,0.7226666666666667,Jun 17 2008
18,18,"Reliable business This return visit, stayed 3 nights arrival Shanghai/China. My previous stay May last year. My reasons returning rather pleasant hotel, comfortable, clean, efficient friendly staff, location. However, opinion, early rave reviews website grossly rated hotel. I would say solid 3.5 star Holiday Inn. It slightly way business/commercial area, metro station short taxi rides away taxis cheap. Its locatition Northeast city makes convinient Shanghai railway station, Shanghai Hongqiao airport reasonably convinient Shanghai South Bus terminal.Note next main road plenty taxis passing by, entrance side road taxis all, hardly taxi queue businss. A want pick-up long distance fares like airport etc. Hotel doormen often go main road wave taxi, I fond lot easier walking main road. Another note seems one highest internet charges China. 24hr charge 115Y, hotels China experience, internet free nomila cost. Thankfully also hourly rate 10Y. Another note previliged use executive lounge, lounge dispproportionally small stark hotel.",0.10160714285714287,0.44976190476190486,Jun 9 2008
19,19,"Good confortable room I 've stayed Vista several times keep coming back. It's good hotel, nice comfortable rooms good bed, clean I especially like executive floor, nice quiet athomosphere. The decor nice OK restaurant nice staff. Pricey although, got angry charged 35RMB + tax diet Coke, that's rip-off! Only problem long check-out time; I know take long check out.",0.24561403508771926,0.6543859649122807,May 14 2008
20,20,"First night China Had two nights end September. This welcoming comfy seats lobby. Had fish little tank bedroom.Had huge superb shower room although friends bath. Thought bar turned cakes sale. All drinks hidden back room. Had snack bar afternoon. Chinese dumplings, nice. Felt safe walking around outside although crossing road bit nightmare. Much safer use footbridges cross. Found nice shopping mall 5mins hotel.Thoroughly enjoyed buffet evening. Called western plenty dishes choose including Chinese. I baby lobster cooked order. Buffet breakfast good too.",0.27365740740740746,0.42037037037037045,Oct 17 2007
21,21,"Excellent Hotel After long flight welcome sight arrive Shanghai Vista. The fairly new interior feels nice fresh. All staff friendly helpful good English poor Mandarin!My room good size incredibly comfortable bed, nice clean, room safe toiletries could need provided bathroom!The breakfast great selection Chinese, European American foods, healthy otherwise! The evening buffet equally good. If veggie like easily able get decent meal.There small shop outside sells snacks water etc. A small bottle water 1.50 yuan literally next nothing. The provide two complimentary bottles day need need go far pay much.There coffee shop lobby sells delicious cookies. I suggest try orange goes great cup coffee.It's centrally located although plenty shops food places short walk away. It however fairly close Jade Buddha Temple definitely worth visit.Definitely excellent I absolutely hesitation recommending it.",0.3272856772856773,0.5393615643615642,Oct 8 2007
22,22,"Good Pick Don't let distance away city center scare you...I thought it'd scare me, I wrong. The located busy neighborhood couple malls within walking distance (5-10 minutes). As such, plenty eateries shops vicinity. Also, restaurants right alongside across street...lots lots food options. The closest Starbucks, care know, blocks walk away.We walk city center couple times take daily Shanghai scene outside tourist traps, take hour. But, note straight line - frequently stopped shops poked heads eateries well markets get good feel everyday citizenry life. Also, taxis bountiful usually 1 2 waiting que take anywhere relatively cheap fares.The lobby modern featured pianist every night - good. The bar/restaurant seem crowded morning night 5 days there. One thing worth noting &quot;over&quot; staffed lobby...there probably 15 staffers 10 would suffice...almost seemed like hawking you. The check-in clerks spoke enough English communicate essentials. Also, negative, staff NOT know area well...asked nearest coffee shop/cafe, clueless. I would've guessed one common questions guests...as mentioned earlier, Starbucks nearby. In redemption, however, requested extra bottles water fruit knife separate occasions evening promptly courteously delivered...good service.The room stayed modern, clean, comfortable. We view school/small street - might've backside/quieter side. Regardless, double queen beds &quot;firmer&quot; side, that's Chinese way. The bathroom featured rain shower, good, also speakers linked tv turned on.We utilized concierge booking tour Hangzhou. The pricing steep, thought would personalized tour...not case. It like commercialized outfit...way expensive, probably double I would've payed outside. Just warning.Overall, would go back reasonable rate, location, cleanliness.",0.11518452380952382,0.3812678571428571,Jul 30 2007
23,23,"Best Holiday Inn I've stayed at! We tour China Shanghai last stop. When saw we'll staying Holiday Inn, hoping best. To surprise, turned nice one! The room clean decor date. The beds typical hard beds found throughout China. Most staff spoke good English helpful. The good business center lobby area. The stay included free breakfast buffett, also good. The indoor pool spa top floor well game rooms play mahjong cards. The negative thing I think location. It's near business district near tourist attractions. A taxi would likely needed.",0.2892753623188406,0.5173188405797102,Jun 24 2007
24,24,"Dont let name ""Holiday Inn"" fool you-it's fancy! We spent one night adoption agency get fly everyone Beijing day. We arrived tired San Francisco flight sure expect exotic place. We shocked luxurious was. We went bed immediately, next morning breakfast met number families adopting agency. Adoption #1 topic, right came compliments itself. Our stay short I can't fairly comment proximity shopping, features pool, business center, etc. As far rooms, lobby, breakfast area concerned, however, pleasantly surprised.",0.05066964285714286,0.5702876984126984,Apr 30 2007
25,25,"Average center great pool fitness facilities I stayed Vista 2 nights. I (paid) upgrade Executive Club checking in. It offered -among other- bigger room, free Internet room free sodas minibar day. Check-in efficient although staff sometimes trouble understanding difficult questions English. The room spacious I mean, _very_ spacious. There separate bedroom, separate living room. The bathroom big enough bath separate large shower. The layout room bit confusing especially lightning plan puzzle sometimes. Be aware dates printed bottles cans production date, expiration date.The situated outside City center, taxi's generally available; taxi ride center approximately 60 RMB. The fitness room well pool located top (21st) floor. Poolsize average, fitness room big lots (sometimes) outdated equipment. There ample TV sets watch workout, also look outside en enjoy view Shanghai. Openingtimes 05:30 23:00 , great. All all, price/quality good, although like centre action, consider another rely taxi's.",0.09796626984126985,0.4104001322751322,Jan 16 2007
26,26,"Poor Executive Floor Service Overall quite OK. The staff lobby friendly willing help. The room clean. The room cleaning maid full smile. However, whole pleasant experience could stained one two service staff. Now culprit time Executive Floor service desk: I told check upper floor (I think 19/F), I went I met poker faced staff there. (I wonder might sent terrible staff Executive Floor limited damage there). I greeted said I would like check (it Saturday afternoon around 4:00pm 19th Nov 06). She tried find booking record (but without greeted back, even invited sit sat comfortably Taipan chair....). I reserved non-smoking floor told I get non-smoking rooms occupied. But I booked room one month ago. Anyway, I pretty easy going guy I bother.The day (Sunday) I went Executive Floor breakfast morning. Again, I met another &quot;special&quot; service staff. She like move lot. The reason &quot;she bandage knee&quot;. So work passed polite nice trainee. While official service staff hide staff room kept talking, complained complained that, door opened. So every one eating breakfast suffer big talk. This staff smile, service attitude, even want see guest Executive Floor. Alas, big contrast young unseasoned trainee (another lady). I guess might management problem even could recruit right people, could trained nice.A days later, another drama. It evening around 8:30pm. I went Executive Floor friend bit chat business. The service staff sat indeed dating boyfriend there. They talking (argueing) heatedly smashing table, shouting other. I would say even 2 star China would allow happening. And I talking international chained reputatable Executive Lounge. I indeed disappointed.",0.058961640211640215,0.4591269841269842,Dec 4 2006
27,27,"Nice Quiet place There number Holiday Inns Shanghai one pay attention specific name Holiday Inn. This Holiday Inn Vista kinda away hustle bustle Puxi downtown. Transportation-wise exactly convenient (at least 10 mins away closest train station almost hour away airport, jams highways). But exactly exclusive location, one see real, local Shanghai instead heavily-invested, too-glam-to-be-true Pudong/ Bund Puxi. It good gym, good size pool (and I can't emphasize enough gentle sunlight beaming roof land swimmers' back... bliss), good jacuzzi, spa center, good business facilities. The room size deco right. Comfortable worth price.",0.2655357142857143,0.4297023809523809,Sep 26 2006
28,28,"Clean good standard nothing special I stayed business trip 4 nights Executive Floor. I found reviews bit overrating compared I experienced. The rooms clean rooms well furnished. The floor noisy beds comfortable. The normal breakfast room crowded every morning didnÂ´t enoght seats, especially beginning week. The breakfast good there. The breakfast business lounge was, however, poor. The location far main points interest taxi 15-20 minutes Bund others, taxis cheap. There big electronic store right opposite Chinese shopping mall 400 metres street, area bit boring, safe.I expected bit hotel, overall standard good suits business travellerÂ´s needs.",0.17119635508524395,0.5116431510875956,Sep 25 2006
29,29,Good service Highly recommended limited budget want stay good service &amp; atmosphere Shanghai city. Not resort type lot facilities business type instead. Only disadvantage is: need take 5 min's drive nearest subway station.,0.2977142857142857,0.5765714285714286,Aug 27 2006
30,30,"The Best 4-Star Hotel Experiences China We stayed three nights overall pleased hotel. The Vista could pass 5 star terms lobby, room decor, facilities, breakfast. The pool EXCELLENT- 21st floor, large swimming pool (and need bathing caps here; can't say many pools China). well adjacent sauna. Most staff speaks English point need know much Chinese. We loved room's shower well- area bathtub, instead shower ring ceiling, plus seating place rest use hand shower head.Some reviewers said missed breakfast- huge mistake. The breakfast like brunch- excellent array food drink available. The food probably plentiful terms Asian cuisine, chef hand make western eggs, I saw cereal, Bacon/Sausage day. Unlike hotels, least 2 different hot dishes day (some items staples, others vary). I strongly encourage breakfast stay (it included package, weekend rate I found quite reasonable). Internet service worked flawlessly room- cheap, I must say (1 yuan per minute, capped 100 yuan 24 hours).This say Vista perfect place. The location bit way, quick taxi ride brings main tourist areas reasonable ($2-3 US?) price. We arrived night, cabbie trouble finding (we driver call get directions/ cross streets, thankfully worked well). Room service also so-so. The pizza OK American standards (at $8 US, certainly cheap area!). The Singapore noodles completely tasteless- shrimp, squid, seafood tasted same. We ate dinner once- cheap, food ok nothing great, portions tiny, bottled water costs 25-30 yuan ?!? We also awaken 7:30 housekeeping first night - ouch; I guess put &quot;do disturb&quot; out, still early Saturday morning! Our mechanical latch broken door, least seem work. And You book website get good rate; promise lowest internet rates site found true. We would definitely stay came back Shanghai. In lobby I saw sort award &quot;Best Mid Level Business Hotel Asia.&quot;- I would tend agree. In fact, impressed stayed another Holiday Inn Beijing (Holiday Inn Downtown, Vista's standards OK).",0.2580908289241623,0.48194444444444434,Aug 22 2006
31,31,"A just-OK stay We stayed Holiday Inn Vista mid-July 2006 2 nights. A pretty clean hotel, little less polished I'd expected. The color scheme little strange lobby rooms. Our room smelled little funny first entered--smelled little bit like cleaning solution. Not bad, took getting used to. The bed OK--not exactly flat box spring like standard Chinese-style bed, comfortable mattress either. There comfortable topper nice pillows bed.The room cable CNN, high speed internet cable malfunctional room. We go lobby use wireless laptop, paid flat rate 115RMB 24-hour pass. Not bad plan use times, cheap want check email.The staff professional best accommodate every request made. We problems internet 11pm staff member called one IT team wake get password us use lobby wireless. We also asked room higher floor, change us.We eat breakfast, try dessert lobby bar. My husband took one bite take another that. It looked sweet, all. You may expect Chinese food court, western hotel.The location convenient all. It's 10-minute taxi ride nearest subway station (which Jing An Si). All areas tourist would want visit fair distance away taxi, LEAST 15-20 minutes everywhere went. It's ideal location want see Bund, Pudong, Yuyuan Gardens, French Concession, types places. Overall, I would stay rate paid (about US$100 Deluxe room). I think comfortable hotels better location price paid. If mind spending extra time taxis get good deal hotel, bad place stay.",0.13690656565656567,0.46233585858585874,Jul 27 2006
32,32,"Comfortable Very comfortable room 2 good size beds. It impeccably clean contained little extras expected good hotel, including iron board wasnt always available standard chinese hotels.The breakfast excellent good range western choices service first class room restaurants.One poster mentioned staff rushing you, I think attentive thought clear plates away soon took last mouthful. I found staff friendly eager practice English! Overall I found Chinese people friendly.Only downside bit way, 5/10 taxi ride takes major spots.",0.24475694444444443,0.4211805555555556,Jul 26 2006
33,33,"A modern offers basic comforts We stayed 3 days sightseeing. The location bit way main attractions, easily assessible via abundance taxis. We double-bedded room spacious clean. The bed comfortable room amenities complete. A minor downside bathroom small 2 people time. Buffet breakfast OK, mix local &amp; western dishes. Service restaurant average unfriendly. (We noted waitress always seemed hurry clear dishes &amp; cultery table without making sure done them.) Besides breakfast, take meals restaurants expensive. Service good &amp; friendly rest hotel. We would book ever return Shanghai again.",0.14958333333333335,0.4094444444444445,May 22 2006
34,34,"Re : Modern Comfortable Hotel I stayed Vista Shanghai times business trip come like hotel. First good aspect, modern looking contemporary furniture rooms impeccably clean. I mean really clean, spotless. Right best 5-star hotel. Not trace dirtyness found anywhere. The bed comfortable particular, bathroom great. Water pressure strong overhead rainforest shower provides comfortable bath. The bathroom nice amenities generous supply bath facial towels. However, bath-tub standard/delux rooms prefer tubs, take note. The room amenities complete, everything business traveller need including abundant powerplugs charge &quot;stuff&quot;. A big writing desk broadband internet. Service good friendly though outstanding. The house-cleaning staff above-par compare rest helpful friendly. Now bad aspect, restaurants expensive food quality selection so-so, get much better deal visit restaurants outside. Also annoying lounge I received business guest. The lounge insist &quot;allocate&quot; 3 cups per tea-pot 3 visitors, good luck, pay another pot. Location problem. For leisure, nothing see within walking distance. However, main shopping districts 15min taxi ride away. I recommend visiting Shanghai business basic comfort like good rest important overlook annoying aspects mentioned above. It also good bargain mind location bit way.",0.2284063852813852,0.5643154761904762,Feb 14 2006
35,35,"Very good measures Very good modern hotel. I arrived relatively late run standard rooms I reservation upgraded suite. The room nice (and new). Good professional attitude. No problems anything.Good choice food breakfast. Lobby bar ok, pricing pretty close western prices.The location good bit better. You take taxi wherever going. Remember take business card lobby, speak chinese.A big electronics store side street 5 floors stuff.",0.32883522727272724,0.4805965909090909,Jan 29 2006
36,36,"Great room Nice Hotel.After staying Ocean &quot; tour groups &quot; hotelthis gem. What I found China moreelaborate lobby ( Chinese 4 &amp; 5 star ) disapointing rooms be.The rooms clean, well appointed spacious . Staff courteous.Not central taxis cheap. On main road.A bonus new, opened European superstote Carrefour onlya 5 minute walk hotel.Never ate can't comment food.but again, food cheap China would pay eat overpriced restaurants.Would definitely stay again.",0.2745920745920746,0.47599067599067596,Nov 13 2005
37,37,Positive experience This great nice amenities. Front desk people professional courteous speak English! Concierge helpful well. They helped directions go Bund airport. They even stored big luggage short trip Guilin. Breakfast buffett style tastes so-so. Location bad although I wish closer Bund Nanjing Pedestrian Street. I would definitely stay again.,0.2422727272727273,0.5243434343434343,Jun 10 2005
38,38,"Very Professional Very professional staff, helpful obliging.One staff provided charger recharge mobile phone battery.Excellent room! Very spacious, clean.The cleaning staff great job every morning. Great idea provide complimentary bottled water room.Only problem people know situated.",0.38875,0.42000000000000004,Nov 23 2004
39,39,Sehr gut aber...,0.0,0.0,Nov 25 2009
40,40,????????,0.0,0.0,Nov 23 2009
41,41,Shanghai mit WohlfÃ¼hlfaktor,0.0,0.0,May 12 2009
42,42,Camas de ensueÃ±o muy buen,0.0,0.0,Oct 1 2008
43,43,sencillamente fantastico,0.0,0.0,Sep 30 2008
44,44,Cuidado con el booking,0.0,0.0,Jun 20 2008
45,45,Zimmer absolut sauber und gepflegt,0.0,0.0,Jan 2 2008
