,Unnamed: 0,Reviews,polarity,subject,Dates_extracted
0,0,ok nothing special We stayed end tour around China arriving early hours delayed due weather. At check staff rather uncommunicative giving us room even point us direction lift let alone assist us find room help us luggage. Rooms clean adequately equipped nothing write home like fairly low quality 3* 4* advertised as. Breakfast ok reasonable range options comparable standard 4* hotels I stayed across Asia.Fine night two base Shanghai sure better options around.,0.1871428571428572,0.4962433862433862,Aug 13 2009
1,1,"Ok rooms location great Stayed 2 nights. Rooms big. Small bathroom. Overall ok, I think could find better, closer sightseeing shopping.Breakfast good. Not much option, second day breakfast elsewhere.Try HAPPY FEET massage/reflexology clinic alley next supermarket.",0.28750000000000003,0.3791666666666667,Jul 16 2009
2,2,"A Vast Improvement... I stayed dozens different hotels Shanghai across China, stayed The Shanghai Hotel several times past years.Before irritations - minor, there. The staff previously seemed cold aloof; breakfast mediocre I problem staff's English seemed disappear.This one several Shanghai managed Shanghai Jin Jiang International (Group) Company Limited, years. Now I personally convinced change management company, international management brought in.My reasons saying twofold: one, standard printed English new literature rooms exemplary, best I ever seen China far I concerned wordperfect. Second, transformation standard huge. The staff helpful pleasant, duty manager especially went way help member group left cash card atm reception. The breakfast great, far fewer bored disinterested staff shuffling trying find something do.I also noticed visit Shanghai Peace Hotel, also managed group, closed - time! I look forward refurbished reopening 'under new management'!The Shanghai Hotel also revamped improved business centre, also signs pointing swiming pool (although I visit this).Also, improvements resulted massive price hike - yet anyway.",0.029607765971402345,0.4184933753115571,Jan 13 2008
3,3,"overall good hotel. Location greatest, taxis cheap. We tried walk back Pu Dong ended getting taxi.Breakfast nice.Rooms looked bit tired &amp; bathroom floor stained.Luggage took ages come &amp; tried get trolley porters insisted delivering themselves.",0.2833333333333334,0.5,Nov 18 2007
4,4,"Not Too Bad I stayed three days group high school students start China Tour. The rooms OK, though beds rooms little hard, lottery whether got soft bed hard bed. I shared triple room two teachers crowded, expected. The breakfasts quite good - served Level 1 restaurant nicer less crowded ground floor restaurant. Staff efficient overly friendly. Not staff spoke enough English communicate needs again, got by. Some students ranked favourite hotel.",0.011500000000000005,0.4254444444444444,Oct 5 2007
5,5,"A great start China Trip This start 2 week Page &amp; Moy trip. We pleasantly surprised standard hotel. Staff curteous efficient. Ground floor bar snack bar good (just aware order sandwich, comes chips filling).The impressive thing breakfast - everything could want western chinese, even japanese sushi. Would certainly recommend hotel.",0.3210989010989011,0.41164835164835156,Sep 30 2007
6,6,"Rooms OK service brilliant Stayed 3 nights Sept 07 part tour Eastern China. The room comfortable enough good facilities, service left lot desired. Staff front house rather aloof, bar bit sad lonely place mixed drinks inspiring. We group meal one night, awful - making effort bunch tourists.",0.06433566433566433,0.6472027972027973,Sep 29 2007
7,7,"Very welcoming comfotable. I stayed Shanghai work purposes February/March 2007 I thought really nice. The rooms well decorated, air conditioning heating, tv various channels including sky news music channels. The lobby stunning, large bright, cosy little bar (which serves nice red wine). I dined executive breakfast room mornings plenty offer (free, buffet style including bacon, sausage, cereal, toast, coffee). It also beautiful view Shanghai skyline. I return Shanghai time I I use again, I cannot fault it.",0.3797321428571429,0.6523809523809524,Aug 7 2007
8,8,"A descent descent price The location best tourist tight schedule, though taxi fares Shanghai fairly cheap, averaging RMB 17 one way within city (RMB7.5= U.S.$1). Our friday stay U.S.$80. Same type tourist areas cost least $50 more. The end 3 star beginning 4 star clean beds &amp; bathroom, descently decorated room lobby, restaurants gift shops. Their service pretty well rounded, laundry service, cell phone charging currency exchange. Most check in/out staffs friendly except managers standing lobby cold look. If stay less 2 days Shanghai, I recommend pay little stay Nanjing Road centrally located. Otherwise, see lot local cultures soon walk hotel. There local small shops, bars &amp; restaurants, convenient stores good qualities services.",0.16144642857142855,0.4413690476190476,Jul 23 2007
9,9,"Not Best Shanghai My wife l spent four nights Hotel, prior embarking organised tour China. I approached Hotel little apprehensive viewing many comments Trip Advisor.It certainly four star Hotel purported Travel Brochures, would rate bottom end three star.Be may, accomodation clean. The location near subway, importantly location allows wander streets see many real faces China. There plenty small shops nearby large supermarket within one km..Whilst l found reception staff quite unpleasant, staff approachable possible helpful. For Hotel significant foreign tourism, indeed lack English language support available within Hotel.Breakfast indeed satisfactory, although two locations seemed continual confusion dining room attend. My tip polite direct agree you.The Laundry service indeed cheap excellent.",0.18797123015873018,0.5010416666666667,Jul 16 2007
10,10,"Very good location We stayed six nights Shagnhai Hotel Wulumugi Bei Lu part 14 days group tour China May Alberta, Canada. We room 14th floor. This located busy district Shanghai across biggest hospital Shanghai. From room could hear traffic car honks early morning. The rooms small, yet met travel expectations: clean room, clean bathroom, hot shower, working air conditioning. The quality Western Chinese buffet breakfast average. The within walking distance many local shops, upscale mall, subway station, restaurants including Pizza Hut. Taxi fare cheap China. We took taxi visit new Pudong commercial district overlooking Bund Shanghai Museum. The paid taxi fare 26 RMB, less $4.00 Canadian. If like Chinese arts, culture, history, Shanghai Museum must see. The entrance fee 20 RMB, less $3.00 Canadian, great bargain. The museum also great gift shop. If looking good local restaurants Shanghai, visit Canglefang #333 Changle Road Shanghai food, Dongbeiren Shan Shee South Road Northern Chinese food waitresses sing Chinese folk songs table, Paulaner Brauhaus Shanghai Riverside Promenade overlooking Bund, Binjiang Dadao Pudong good German cuisines, burgers, fries, clubhouse sandwiches.",0.22616161616161617,0.3554769921436588,Jun 10 2007
11,11,Very short stay The booked part package deal. We twin room 2 nights. We use hotel's facilities visiting sites time. Buffet breakfasts great start days sight seeing.,0.43333333333333335,0.5466666666666667,May 7 2007
12,12,"OK nothing special We stayed 2 nights hotel. It ok, nothing special. We paid 85$ night, fair price hotel. You enjoy Shanghai, nice town.Two negative things: First, wait long get checked in, second, internet definately high speed.Would come",0.2614835164835165,0.5643223443223444,May 5 2007
13,13,"Very good near Jing'An Subway stop We stayed 4 times past 6 months, time great stay. It appears cater Asian European tourists business people, see almost North Americans. The rooms - least experience - meet US standards. The rooms well decorated amenities, furniture well-styled well-maintained (except one room pretty scratched), Cable TV works well, mini bar well-stocked, etc. The lobby bit spartan, altho gift shops. You get phone calls asking want &quot;massage&quot; would Chinese hotels, usually see &quot;ladies&quot; standing discreetly shopping arcade entrance night. The business services office Internet - use must, internet gaming center block Jing An subway stop offers 1 hour internet access equivalent US$1. This conveniently located Italian restaurant coffee shop called Vero Moda, traditional tea shop called Sophie's, good restaurant called A Future Perfect. If making reservations China, use elong.net ( partner Expedia) get best rates.",0.21289473684210525,0.3821052631578947,Mar 6 2007
14,14,"OK great The rooms pretty nice bed comfortable. I disagree previous reviewer though said location good - 10mins walk 5 stops subway Bund 30mins taxi due everpresent rush-hour. There many hotels much closer centre. The level English reception poor would expect 4-star Shanghai. The gym real disgrace - one treadmill, one bike dumbells middle hallway outside business centre - queuing everything A/C load bored businessmen watching idea fun gym you! Finally breakfast pitched much Asian traveller soggy, warm toast adn undercooked eggs choice westerner.",0.14318840579710146,0.4731159420289855,Dec 7 2006
15,15,The Shanghai Hotel home three weeks... I stayed Shanghai Hotel 19 days visiting friends there. I enjoyed stay including free American Breakfast. The location excellent commuting many parts central city..Staff cordial well dressed helpful me. The room clean well maintained porter. I highly recommend hotel.Ron Lewis,0.36583333333333334,0.56125,Oct 18 2006
16,16,"OK Accommodation good location Hotel really old location good. Neighborhood need. The &quot;ding&quot; room shower [--] - water REALLY weak. Other that, clean comfy hotel. We paid US$80 per night told good deal quality location.",0.28518518518518515,0.577777777777778,Dec 10 2005
17,17,"Loved Shanghai We stayed Shanghai 3 nights start tour Page &amp; Moy. The staff numerous friendly problem, could call that, came change travellers cheques. The policy ringing bank clear acceptance travellers cheques 2 occasions took 20 minutes even though Thomas Cook cheques passports us. Obviously stung fakes past wished taken cash us instead cheques recommended tour company. This happened - elsewhere problem. The rooms large clean. The furnishings seen better days acceptable. The location far city centre taxi needed get crossing roads impossibility thousands bikes, mopeds 4 lanes cars direction. There lovely Italian restaurant 200 yards away made nice contrast Chinese food twice day! The restaurant tended crowded breakfast time many people tour companies leaving early days out. There good selection western items breakfast including egg, bacon, toast, fruit, fruit juice, cereals yoghurt. Do miss Shanghai night 'tunnel' ride river - Fantastic!! A real highlight.",0.24231601731601735,0.5414502164502166,Oct 6 2005
18,18,Hotel correcto,0.0,0.0,Nov 3 2009
19,19,??????????????????,0.0,0.0,Oct 31 2009
20,20,?????????????????????,0.0,0.0,Aug 17 2009
21,21,???????,0.0,0.0,Jul 7 2009
22,22,Ottimo Hotel zona centrale al giusto prezzo,0.0,0.0,May 7 2009
23,23,?????????????????????,0.0,0.0,Mar 30 2009
24,24,????????,0.0,0.0,Mar 15 2009
25,25,??????,0.0,0.0,Feb 16 2009
26,26,?????????,0.0,0.0,Feb 5 2009
27,27,??????,0.0,0.0,Sep 18 2008
