,Unnamed: 0,Reviews,polarity,subject,Dates_extracted
0,0,"Unscrupulous Management! BEWARE WHEN BOOKING DIRECT WITH HOTEL!!! MANAGEMENT IS UNSCRUPULOUS! DO NOT DIVULGE YOUR CREDIT CARD DETAILS TO THEM! We turn back Llhasa due riots found Shanghai. We called Old House Inn day arrived (Friday) check last minute rooms available Friday Sunday. After informed fully booked Friday, receptionist Nicky said would get back availability Sat Sun somebody may cancelling booking. We made arrangements stay friend called back (Friday evening) said room available nights would change rooms. I made mistake giving credit card details guarantee, thinking reputable place reviews I read internet. On Saturday morning, however, thought might well stay put friendâs place called check could cancel reservation. We told problem I would charged it. On Monday afternoon, however, waiting flight back Singapore, I received call hotel, âa courtesy call inform charging full nightâs rate cancellationâ. That certainly courtesy I received them, phone slammed I tried explain I told earlier would cancellation fee. Upon reaching home, I called credit card company check charge made Old House Inn, Shanghai, Mar24. No, I informed told worry since I give security number credit card. When I received credit card bill, needless say, I shocked find charge RMB1030 Mar24 to, Old House Inn, Laoshiguang Restaurant! My credit card company says money paid whether want give refund, especially since everything done phone. The apparently phone records, quote support argument, I asked check second call I made seem record memory it. It one thing charged cancellation fee, another told would charge later charged full room rate âno showâ told manager I choice matter!",0.06255858083250661,0.36049933862433864,Apr 2 2008
1,1,"Lovely peaceful neighbourhood A private, calm peaceful house excellent exterior interior design. The service personal, helpful warm. Two minutes walk across Chashu Road, lovely restaurants bars. Walking inside small streets away main road near restaurants lead interesting residential house built around 1920. Ten minutes walk Jing An Park Temple, best visited earlymorning around 7:30 a.m. Walking around Jing An Temple let see many nice building 1920's - one best experience visit Shanghai.",0.39814814814814814,0.5289351851851852,Jan 6 2008
2,2,"Great Litlle Boutique Hotel We wanted alternative megachain hotels, first choice (Hotel No. 9) booked,so agent found this. We loved antiques, charm, etc. We large room second floor King size bed - yes, traditional cement mattress. I guess stay Sheraton softer one....We adequate air conditioning, bathroom big clean, liked breakfasts, tho also sometimes ordered ala carte something heartier. Didn't eat restaurant since there's much available Shanghai, pleasant.The staff friendly, there's computer near front desk free internet, could walk french quarter. All all,a good alternative staying could city world.....this definitely Shanghai experience.",0.3148109243697479,0.49089635854341745,Jul 8 2007
3,3,"Hip old-skool style Had great stay hotel. The rooms big great interior design. The service also excellent staff friendly accomodating.The restaurant also interesting. It modern hip, stark contrast supposed-Chinese-inn atmosphere hotel. Food delicious, although free breakfast got boring 3rd day. Same menu every day. Location great too. It right many little shops, bakeries, train station. Taxis easily accessible too. One thing note. If expecting totally Chinese traditional inn experience, might little disappointed. Don't expect much.",0.22753105590062114,0.5511180124223602,Mar 13 2007
4,4,"Great Boutique Hotel Quickly:- Boutique hotel- GREAT restaurant attached- Spotless sparely, chic-ly decorated rooms- 12 minute taxi ride The Bund- Staff driver pick organize day tripsIt's called Old House Inn cool OLD HOUSE. If looking non-corporate charming place stay Shanghai, stay here. I think 20ish rooms spotless chocolate wooden floors, antique furniture good [firm] beds. Over course ten days, I stayed two different rooms. Room 201 large, comfortable queen bed tables. It also two french door windows open balcony overlooks [very tasty] restaurant attached property - A Future Perfect [where eat basic breakfast]. This restaurant great covered patio serves excellent martinis. I eventually moved 3rd floor cozy room slanted ceiling I nicknamed Anne Frank room. I alone seriously matter. I loved place. It easy stay staff wrote destinations hopping taxi. There common room computer guests [although I believe rooms wireless access]. You hang restaurant/bar need social interaction.",0.2642544492544493,0.49305435305435313,Dec 27 2006
5,5,"Great location shame breakfast This highly recommended gem Shanghai, I can't quite agree Shanghai needs of, unique experience. I travelling business stayed 5 nights.I arranged pick-up service Pudong airport, waiting I arrived. I phoned tell them, English great, I entirely convinced would sort it. The driver arrived 15 minutes later.The located main road, initially I put location looks bit dirty, that's nothing worry about. Reception could sprucing up, otherwise fine. I initially room 303 top floor, sloping ceiling, I get full four-poster bed seen website. It nice bath-tub, sloping ceiling, best shower world. I changed rooms one next door problem nice four-poster shower cubicle I could stand in! There really fast FREE internet connection rooms - forget laptop. Beds surprisingly comfortable despite firm British standards.The restaurant breakfast, bizarre system get card reception give waiting staff. Breakfast consists four thick slices white toast, boiled egg, coffee tea orange juice. It's O way start day, traditional. You buy options, I thoroughly recommend museli - comes lashings fesh fruit yoghurt costs reasonable price.The staff reception desk extremely helpful personable. They understand speak, write addresses Chinese characters you.Overall, good stay looking something usual corporate experience.",0.18774928774928779,0.4640521586675433,Sep 5 2006
6,6,"Good location - so-so accomodation Located middle French Concession, Old House good location ins't center city hustle bustle. The rooms nice clean, small, typical Chinese mattresses (i.e. extremely firm). The hotel, unfortunately, adjacent restaraunt, quite loud. It seems like room immediately kitchen, noisy - especially started early morning serve breakfast. We also conjectured kitchen used hot water, able achieve one semi-warm shower per day. The rest cold showers. It shame noise water detractors, otherwise I would enjoyed stay.",0.09545454545454546,0.5579545454545454,Jul 10 2006
7,7,"Fashionable My young cousin lives Shanghai booked son me, certain trendy. The room little small, share bed. But clean bathroom reasonable, water hot variable pressure. I use heater little even April. The staff friendly imperfectly anglophonic, dealt well laundry emergency. The included breakfast western, shame really, son liked it. There nothing great interest right nearby, JingAn station far walk. The map businesscard stylised taxi drivers trouble finding place. It pricier places stayed cities, could Shanghai phenomenon.",0.1662037037037037,0.5434523809523809,Apr 29 2006
8,8,"Shanghai Surprise! My boyfriend I stayed OHI 4 nights true gem hotel. We booked standard double, stay one larger &quot;suites&quot; top floor first night b/c booked. While room larger (king bed tub v. double shower stall), worth extra $$. The room transferred much intimate smaller, bathroom nice LOVED it. We actually preferred smaller room cozier none noise/ventilation issues former reviewers had.There issue w/ heating/AC unit b/c remote Chinese, front desk VERY helpful entire stay. It true: prepared limited English-speaking staff night, day, staff super friendly. While never made breakfast, restaurant staff also helpful whenever popped buy water, etc. I HIGHLY recommend preferred alternative Hyatts mainstream big hotels b/c true gem! We would go back heartbeat!",0.15431175595238097,0.3898660714285714,Feb 16 2006
9,9,"Old House Inn -- disagree previous review Appreciate comments previous reviewer, experience Old House gem hotel. The rooms minimally furnished four poster beds traditional (or least traditional style) furniture makes unique experience away bland chain hotels. The staff friendly helpful well located French Concession.I wholeheartedly recommend stay there.",0.00416666666666667,0.46388888888888885,Jan 5 2006
10,10,"Clean lone travellers Stayed twice 14th (Double room 680RMB)and 17th (Single room 490RMB)Both rooms clean tidy small compared hotels. Heaters adequte shanghai winter windows shutters fold back windows. (lot gaps)Television offers European US channels English lang CCTV9. The resturant sold 3rd party Bar resturant. Did eat resturant menu looked european/US.Breakfast included price Tea/Coffe 2 slices toast 1 boiled egg. No choice offered.Staff friendly speak fairly good englisg belive German, write desination chinese required.5 Minutes walk Jinghu Temple metro2 Minutes Hilton HotelOverall travelling part group give feel small family run private apartments.As single traveller lonely Hotel.",0.10047619047619047,0.3722077922077922,Dec 29 2005
