,Unnamed: 0,Reviews,polarity,subject,Dates_extracted
0,0,"Just quite yet... Date Stay: November 27-29,2009Room Type: Deluxe River Vie RoomUpgrade: noneAmount Paid Per Night: 3,800RMB (560USD) plus taxesReservation Method: Peninsula WebsiteLoyalty Card: NoneAirport/Hotel Transfer: Came package picked Park Hyatt instead airport since I moving hotels. The driver speak english all, I'm chatty anyway. Location: It's directly &quot;main&quot; Bund area (which lot road work days World Expo 2010) two blocks Nanjing Road. Taxi's know hell I suppose new. Check-in: check counter filled staff can't seem get right, took 15 minutes get key work 15 minutes decided take first room send key later. (it finally took 2 hours malfunction system)Room: The room weird. big enough Junior suite least Grand Deluxe room. When enter door anteroom, ahead door bedroom left walk closet. The problem window bedroom corner big photos, like 1 meter wide, see part Pudong Skyline (with correct angle see Pearl TV tower) side see another river. I'm really particular view problem roof tent placed front window obstructed view even more. Like I said i'm really particular pay much river view, expect least descent one. I called operator said front desk busy call soon can, waited hour, literally finished watching latest episode Glee TV iPod.They eventually called I called operator follow up, first told nothing could could move suite following day. When I told since I'm 2 night transferred first night Park Hyatt I want go inconvenience moving another room again. They finally showed another room smaller one time problem half view blocked building. In fact bed, see side huangpu river, Pudong skyline could seen side work desk TV are. So left bigger room half small obstructed view small room wrong view, settled bigger room.Bathroom: big, instead relief shown bathroom photos, window. The shower stall adequate, really small big one Park Hyatt either. The toilet pretty standard, I expected automated like ones Peninsula Tokyo Park Hyatt Beijing &amp; Shanghai, I quite disappointed I said .Bed: Bed comfortable really soft hard either, pillows soft, I use feather pillows home soft...your head literally sinks it.. Breakfast: breakfast chaotic, felt like Chinese restaurant lunch hour lobby even guests. You'd expect month staff would bit better american breakfast served cold. Check-out: Check okay I going room breakfast I told guy front desk I running bit late flight could print stuff could make faster. But I got I surprised didnât anything given front desk didnât much guests werenât even busy accede request.Overall Evaluation: The Peninsula never made feel like I special welcome. Okay, &quot;Good Morning&quot;. &quot;Zhao shang hao&quot;, &quot;nin hao&quot;, perfunctory really count. They even greet pass front desk, would busy minding stuff talking staff. I really say welcoming. They also work English, I China many times I'm pretty much used level English use, even new (having stayed Le Royal Meridien Hyatt Bund months opened) I say Peninsula staff cut it. Would I stay again? I doubt I would ever come back, next trip I might stay Park Hyatt instead since offer room upgrade next visit Fairmont might open then.",0.07413376780224608,0.44205447330447334,0.44205447330447334
1,1,"During Soft Opening Inspite many hotel's services fully operational, clear excellent place stay completed. The rooms spectacular.",0.45999999999999996,0.6266666666666667,Nov 21 2009
2,2,"Beautiful throughout work done service The Peninsula probably beautiful room I ever stayed - perfect combination ancient modern Chinese, slice art deco(check photos). Every detail exquisite idea dressing roomoutside bathroom superb I wonder nobody ever thought before.And details carried public areas aregorgeous too. The bed also comfortable I ever slept anywhere. And internet radio worked well, internet phone allows free international calls. The service front house staff generally excellent pick-upfrom airport. But service restaurants definitely needs work. Wewent Cantonese restaurant one evening poor service let place down- wine brought late seemingly fresh microwave rather fridge, winerefills unforthcoming, general inattentiveness staff. Even worse wasbreakfast service pretty shoddy top-class wrong ordersbeing delivered, refills tea/coffee missing, tables generally ignored.Worst one morning plate delivered unwanted baconwhich I specifically said needed. When I said wrong order thewaitress offered remove bacon plate kindly explained thefood cooked separately. Only I explained I wanted new plate didshe bring one. Laughably inept.It's great training new staff I'd leave thestaff speed. By contrast, stayed Shanghai (the Puli, seeseparate review) impeccable. I'd give one go Peninsula gets speed.",0.2112049062049062,0.631132756132756,Nov 18 2009
3,3,"Luxury After absence decade, I finally returned Shanghai, stunned find city I barely recognized; luxury style could found around.I arrived Pudong's new terminal 2 - world class. Hoped Maglev Train, great ride! A shame take way town - badly thought - still fun experience. Stayed newly opened Peninsula Hotel. Though I still prefer Hong Kong property, rooms beautiful well appointed! Was blown away afternoon tea Park Hyatt Pudong. Had several exceptional dinners: Mr. Mrs. Bund, Franck's. Both French. Service impeccable, atmosphere lively sophisticated, food terrific. What one ask. Drinks Bar Rouge, M1NT Lounge 18. Shanghai definitely way competing NY's Londons world.",0.24795875420875418,0.5486531986531986,Nov 10 2009
4,4,"great potential still work My 9 year old daughter I stayed new Peninsula 3 nights second week soft opening. First positives: rooms beautiful spacious; closet/dressing room huge, bathroom large luxurious separate bath shower; lobby attractive (although Lobby restaurant close entrance); security excellent, security staff street elevator access limited guests keys; large welcoming staff, every time entered hotel, greeted 10 people; free international calls (and yes, really works); full time staff member airport meet flights send guests off, able help us check Chicago flight business class line, even though coach tickets); good location Bund (although Beijing road, past entrance, crowded tour busses sidewalks jammed tour groups); go 2009 aware river walk completely closed construction Expo 2010.Now negatives:(I complain pool open told advance)check in: took 3 tries room key work checked ingym: good equipment headphones provided, fruit (you get towel bottle water walk in)water: can't drink water China, supply water bottles turn service, enough water tooth brushing drinking day-they supply free water room (maybe stock cabinet?)restaurants: ate Lobby breakfast daily (included room rate) dinner, room service dinner once, one dinner Cantonese restaurant. Each meal included 1 5 errors: 2 billing errors (price bill higher price menu-once Lobby, Cantonese restaurant) many errors ordered (too numerous list here). After billing errors, corrected bills apologized offer remove items (as luxury hotels US would done). After breakfast least 5 errors, I spoke manager let know wait staff able understand requests. concierge: although friendly, seem poorly trained. asked one long would take walk Pearl tv tower hotel, know; asked tourist tunnel river worth seeing, said never there; attractions within easy walking distance hotel, seems odd concierge never there. We wanted see acrobat show able get tickets night wanted-I think makes sense Peninsula-they access tickets; got tickets different show, said would deliver taxi directions room, never did.All above, I attribute soft opening-everyone still training, knew coming &quot;soft opening&quot; expectations high. But one inexcusable negative experience. Our last night, master light switch stopped working, left ability control lights, pitch black room, mood light bathroom. I feel way desk use computer screen light I could call front desk. They sent maintenance person quickly, took 15 minutes figure fix lights. Being stuck dark room long disturbing, especially daughter. I called manager 20 minutes, came room. I let know upset (what point fancy controls work!) asked consider adjusting bill reflect light fiasco poor service issues experienced.When checked out, I surprised see bill adjusted. (there also breakfast charge, promptly removed breakfast included rate); asked, manager gave 9 year old teddy bear told she'd booked Rolls Royce take us airport. (our rate included ariport transfers). While enjoyed Rolls Royce, I still think adjusted bill certain Peninsula Chicago (where stay several times year) would adjusted bill similar circumstances. I traveling China regularly business think twice returning hotel, unless I hear sorted service issues. But beautiful, I hope train staff better fit luxurious surroundings. And I hope reading reviews taking steps resolve remaining issues.",0.1695173807673808,0.5061156934233858,Oct 31 2009
5,5,"Don't go yet still need time... We stayed 4 nights/5 days hotel. I concede opened 3 days arrived Peninsula badge one expects certain level competent service regardless new is. The room (an Executive Suite) clean, nicely decorated welcoming chocolates well box truffles Armani nice touch. Upon unpacking found room safe work within moments front desk dispatched personnel inspection. He first two evening. The next day safe still in-operable, another call went down, third day I gave up. I time moved valuables lobby safe inconvenience however I choice. The matter finally solved day I left, I mentioned duty manager surprised hear informed situation! When I went lobby safe retrieve valuables, front desk clerk gently reminded I room safe unnecessary use lobby safe!During stay living room, bedroom bathrooms always kept clean. I complaints whatsoever housekeeping service. There however design flaw problem. In changing room area dressing table runs 5' long, useful especially women 1 1/2&quot; gap wall edge table anything falls able access it, even bottom sealed unit. The hairdryer asthmatic long hair give plenty time even highest fan temperature setting barely pumps hot air.The car service bit nightmare, I ordered car fetch daughter friend's house Pudong area (45 minutes away) The car organized 5:15 PM I assured driver would leaving immediately car pick child almost 7 pm - never made dinner reservation night.Our nightly rate included 2 American breakfasts (2 eggs, sausage, ham bacon, yoghurt granola parfait, fruit plate toast) breakfast big neither two daughters I envisioned eating everyday 4 days. We chose menu instead. The allow guests chose items rather enforce massive meal individuals. To make matters worse, one breakfast meal correct - ever! The first day room service even three attempts get right finally gave up, items ordered never showed even asked for. Service lobby restaurant expects 5 star hotel. If offer service pouring cup tea best pay attention cup content I NOT flag wait staff pour cup, DON&quot;T show side I'm pouring MYSELF cup tell ME job - job it!If I ask teapot moved closer set waitress DO NOT EVER frisbee coaster end table coming around teapot! Secondly put teacup gently thud clank! This like dim sum hall service rather 5 star service!",0.1540218360071301,0.5291834309481369,Oct 30 2009
6,6,"Peninsula Shanghai â Day three (since opening) â Room Tech facts If one thing won&quot;t short check room newly opened Peninsula Shanghai, it&quot;s button press. There myriad choose from! In standard room #723 (if thing exists luxurious establishment) less 29 panels containing various buttons, displays sockets press, read plug things into.If one thing won&quot;t short check room newly opened Peninsula Shanghai, it&quot;s button press. There myriad choose from!In standard room #723 (if thing exists luxurious establishment) less 29 panels containing various buttons, displays sockets press, read plug things into.At comfortable desk, check outdoor climate, include wind velocity, adjacent panel, it&quot;s possible tune variety internet radio channels. And still feel audio-deprived, MP3/ ipod dock sitting unit permits audio playback via hi-fi system behind near big flat screen LCD TV.The 2-line sleek looking color screen desk IP phone â one seven telephony-enabled units room permits free VOIP calls providing first press VOIP button. I tried worked first time following simple on-screen instructions. The interface 9 languages choose from, want, pair Bluetooth enabled device phone â mobile phone transferring address book.Docking iPOD straightforward, 3GS iPHONE worked treat allowing playback tunes. I get message first docking say supported â I pressed clear I listening The Beatles. However please note, unit charge battery [at least unit] watch out. Just iPOD dock wall, curtain control panel mirrored side â easy access saves standing walking 8 steps.On side desk find panel allowing HSIA connectivity (but in-room supplied LAN cable), legacy dial-up port, USB connector 4-in-one printer, fax, scanner copier lives cupboard behind desk. Again, cable room. There one power socket international style providing 220v 110v unit directly it. Since laptops come auto-sensing power bricks, I guess say desk two power sockets. The type power sockets found TV, dressing area bathroom. There easily available power sockets bed. Wi-Fi wired broadband free â speedtest showed 3Mb connection â using LAN cable 100Mb port.The king size bed night-stands sides mirror type phone desk, plus bedside control panel another 29 buttons â seems like number 29 here. On wall, reading light control unit. The His Hers controls nice touch I wonder one wins controlling TV...A wall unit behind desk big feature room houses fax machine, Nespresso coffee maker, Mini bar fridge, DVD player, multimedia docking panel LCD TV.The multimedia panel (concealed TV) connectors receptacles able plug everything in. This includes HDMI four different SD/CF type cards cameras digital media card using devices. The TV remote used volume control. Sound reproduction fairly crisp. There USB socket, I suspect it&quot;s power, files playback.As enter bedroom, (of course) panel left side pushed choose one four pre-set lighting moods, well let increase decrease humidity â dry wet call it. Mine showing 56%.The dressing area houses room safe recessed wall, hidden behind panel press-type knob release door lock. The safe big enough house 17&quot; MacBook Pro.By mirror dressing area, found signature nail dryer made famous Fraser Hickox Peninsula Tokyo. Adjacent another panel showing outside temperature plus UV humidity really makes sense, since dress up, need know many layers wear braving elements. Next radio panel listen news favorite local internet based radio station. And case phone rings, wall-mounted handset within arms reach.A Butler box allows leave laundry shoes polishing, pressing valet call button, valet sprint along pick items servicing without bothering you, goes returning them. It&quot;s two hours since I pressed button, scuffed shoes still there.The bathroom two vanity units â one either side room. One easily readable LCD clock wall, complete A/V controls TV/music hands-free phone. There course power sockets vanity units toothbrush plug supplied hairdryer.The bathtub area control TV, make phone-call - almost hands-free utilizing wall mounted control panel.Not outdone, toilet cubicle another phone used hands-free mode although handset well. There Privacy button Emergency Assistance call unit.Something note panels switches labeled Chinese English, temperature controls switched C F.If seeking refuge panels, switches lights, one area room free services that&quot;s shower cubicle. Here enjoy another type power trip - power shower.A nice product â hat goes Peninsula IT Team putting together â I know struggle must been. And one group make happen â it&quot;s PENINSULA.Another star definitely born.",0.10846894874672651,0.40498436748436745,Oct 22 2009
