,Unnamed: 0,Reviews,polarity,subject,Dates_extracted
0,0,"top value If mind taking Metro waking short distances, Jinqiao HIE you. Shanghai rather pricey town accommodation stands value. In opinion --- good location -just around corner Carrefour, excellent takeout sushi stand couple fast food places. Yes, possible Metro, Maglev Pudong-- I way back. From Pudong airport- one wheeled suitcase ( tons luggage) take Metro Jufeng (line 6) Longyang station ( line 2) get Maglev straight Pudong. Get info google route, save $$$. Oh yes ---FYI way IN Pudong taxi drivers seem hard time finding place. ...bring map!!!!",0.23879231770833337,0.5441666666666667,Nov 22 2009
1,1,"Good Hotel business traveler good value money spent; could better good restaurant. I stayed colleagues around seven days. A neat decent staff communicating English. The bit away main business centers. But travelers would prefer quiet evening busy day, could mean blessing disguise. The major draw back lack good restaurant. The one limited service, extends good hospitality. While departmental stores ATMs around corner, good restaurants nearby. And happen vegetarian fruit shop front boon.",0.1822055137844611,0.43493107769423567,Nov 3 2009
2,2,"Good value money I wanted inexpensive 2-night stopover Shanghai, gave I wanted. The room good - would great English TV channels worked! They usual BBC /CNN etc listed, No Signal got selected them. I understood travellers said hard beds, ultra-hard: I like mattress hard side, perfect.The 250 metres Metro station: go stairs station walk straight along road (past taxi stand), river, left. It walkable heavy luggage - see station.Getting city easy via Metro. I used Maglev Metro get airport hotel, decided take taxi return journey, would definitely recommend that: 120 yuan took half time one tenth hassle! (Get airport info lady write name address Chinese.)Next supermart, plus couple cafes: I ate one delicious meal 2 pound.A big plus free internet room (and computers foyer laptop). The minuses lack English-language TV; porter, get luggage / room yourself.I put others' description breakfast go first morning; kicked second morning, I delicious meal savoury rice absolutely delicious green beans. Not I'd normally breakfast, yummy - I wanted recipe I seldom cook! If want European, toast, boiled eggs, small sausages, ham.",0.14493727598566308,0.4764336917562724,Sep 17 2009
3,3,"Out way fantastic value The ways outside busy part shanghai, easily eached via Line 6 Shanghai subway system (which new modern). Easy get airport via train; need take taxi. Hotel clean modern, offers free internet access lobby, nice free breakfast every morning. Very nice staff, speak enough english. KFC supermarket right around corner; also good haircut place across street. East side see Pudong clear day. Very good AC beds. Really disadvantage distance central Shanghai, otherwise great place stay.",0.32785281385281384,0.564664935064935,Jul 30 2009
4,4,"Great Value stopover Hotel 500m Metro, (Jufeng station), 200m stated HI Express website takes 6-7minutes walk although roads cross. There Carrefour supermaket next door KFC Younge King (Chinese fast food). Hotel nice example HI Express, hotels China issue kids eat free policy and/or try charge kids room, one key benefits HI Express familes. Keep hard copy booking clearly infers children included prove point.Allow hour transfer to/from airport MagLev Metro, though probably make less.",0.12638888888888888,0.4597222222222223,Jul 25 2009
5,5,"Excellent Hotel cheap! Internet free!!! Very good modern decor. Not close attractions, stayed one night long layover. It's close airport either, maybe 30 mins taxi. In hindsight taken train airport, easy much faster cheaper. Taxi cost like 120 yuan. bed hard china, service excellent clean!",0.44836538461538455,0.651923076923077,May 12 2009
6,6,"Excellent This close city centre main attractions, metro line 6 station (Jufeng road) 2 minutes walk away hotel. The ticket price Longyang road (Maglev station) costs 3 yuan per person. The highest metro fare 6 yuan Qibao side Town. The location perfect, next carrefour supermarket, KFC excellent Chinese restaurant called Yongheking. The negative point breakfast. If like Chinese-style breakfast (fried rice, noodle, vegies) good you, toast jam boring week longer. The rooms perfect big enough travellers. And also quite clean.",0.20438596491228075,0.6149122807017544,May 6 2009
7,7,good basic My husband stayed nine days. It realy cheap clean. Build years ago everything still new. Just 10 minutes walk subway(metro). No attractions around good someone needs clean little money.,0.2535774410774411,0.4977272727272728,May 1 2009
8,8,?????????,0.0,0.0,Oct 19 2009
