,Unnamed: 0,Reviews,polarity,subject,Dates_extracted
0,0,"GREAT HOTEL AND STAFF Stayed 1 weeks suite 33rd floor , rooms large clean, shower bath great problems all. Food excellent friendly staff, Johnny var manager friendly guy.",0.609421768707483,0.7340816326530614,Nov 1 2009
1,1,"They it. I stayed two days Longemont I good experience. I booked online via expedia I believe left note requesting room view high floor number. Looks like read since I got room 46th 56 floors. Great view part plan get good understanding extent city. I saw slice it, I know ginormous real.Great attentive service clean rooms. Not tacky, things seemed properly installed. I never figured change AC form 21C never bothered call reception. Very quick turnaround service. I called asked map. They answer right away I map delivered within minute 2. I also stayed long room (3pm) one day forgot tell I went case could clean room. But figured I returned fresh room! Stuff like makes impressed.I slept breakfast buffet (not included price reason) days ended ordering ala carte menu all-day-restaurant. I picked Japanese breakfast uninspiring pricey 138 RMB service fee. IT meal I I couldnt tell food generally boring.",0.18378028404344193,0.5655054302422723,Oct 11 2009
2,2,"Phenomenal Hotel This place final stay tour package. Pretty amazing hotel, I must say. It easily rivaled best hotels I've ever stayed US. Beautiful rooms, luxurious, amazing lobby. The breakfast good, outstanding, good. I expecting since awesome, I complaints breakfast. The chef breakfast European guy, Euro stuff good, Asian stuff good. Otherwise, great hotel, question.",0.5107017543859649,0.6641228070175438,Sep 27 2009
3,3,"Originally The Regent still nice There ownership change &amp; Regent name removed, still 5 star quality. The location may problem some, taxi's cheap Shanghai, $3-4 USD get The Bund Pudong. Large rooms, oversized bathrooms separate tub &amp; shower, &amp; rooms bathroom walls slide open rest room. The facility usual Regent high quality touches &amp; attention design detail. Try get corner Studio room numbers end 02 13, &amp; impressed larger spaces. Spectacular views clear day, since occupies top floors 50+ story office building. Fantastic roof top infinity pool &amp; one impressive gyms I've seen hotel. Great restaurants, wonderful soft beds compared China, &amp; top notch service. Priced would expect 5 star quality.",0.4172402597402597,0.6569047619047619,Sep 26 2009
4,4,"Good modern hotel........ Stayed 2 nights husband business trip Zhejiang province. Hotel reception large, clean modern, staff efficient friendly. Our double room 26 floor first appearance looked modern tidy. However, upon closer inspection furniture fittings dented/scratched computer desk dried food stains. Carpets needed good wash looked grubby. Double bed comfortable though. Wireless internet free room large plasma TV too.There lots choose buffet breakfast, Chinese congee pastries, cereals, baked beans, bacon, sausages ands fresh fruit name few. We ate evening around Shanghai city lot cheaper hotel's restaurants.This bit way centre Shanghai near public train system therefore got around taxi picked outside hotel. Taxis cheap get around Shanghai.",0.2310662525879917,0.4228571428571429,Aug 1 2009
5,5,"No hot water Overall excellent rooms, downgraded 2 stars hot water early morningPlace felt clinical unfriendlyVery comfortable bedsLocation - tourist area 5-10 mins away taxi.... really much see Shanghai (certainly NOT tourist destination)Shanghai polluted overcast time - would recommend anyoneI gave 2 star hot water shower despite fiddling setting 5 minutesOn check staff didnt ask I thought stay, room, etc I wasnt able comment indifferent staff I didnt see point feeding back fact stay spoilt cold showerI wouldnt stay",0.07270408163265306,0.5961734693877551,Jun 21 2009
6,6,"Excellent hotel! We stayed four nights spending three nights Peninsula Beijing...It's former Regent payed 100 USD per night/room. We rom 20-something floor amazed it. The view perfect, windows floor ceiling, big bath-tub, walk-in shower lights inside really feel perfect. You've got everything need 5 star hotel. Location way smaller airport city center need 20 minutes Bund, depends traffic. This one best hotels I ever stayed in, much better Peninsula Beijing...",0.45999999999999996,0.47000000000000003,Jun 14 2009
7,7,"Awesome Hotel Stayed 9 nights Corner Suite 51st Floor, The view simply amazing one see Shanghai Skyline full glass walls bathroom !!! Awestruck feel there. Most would rooms size bathrooms Aigner Amenities rain shower jaccuzzi feel like king castle. The rooms contemporary decor plush furnishingsThe Staff warm friendly ever smiling helpful concierge would never let feel place. While move concierge would always make sure Taxi Driver takes right place name place always handed guest scribbled mandarin return card could hand cab driver says &quot;My Residence Shanghai&quot; address printed Mandarin English.The service simply superb excellent food, lobby bar comes alive night live piano signing performance pop duo. Amici Italian Dining offers excellent food highly rated Shanghai. Even breakfast breakfast lounge vast buffet spread huge choices western hot asian breakfast.The Hotel situated city centre slightly away tourist spots like The Bund Nanjing Road hardly much consequence, 20 minute cab ride. One easily accept little fact Shanghai city centre quite huge. For wish avoid shanghai traffic 500M walk nearest MRT Metro place connects Nanjing Lu",0.3398037501932591,0.58118820861678,Jun 13 2009
8,8,"Excellent We stayed Longemont April 2009 truly excellent stay.We fortunate enough stay suite corner floor 43 views absolutely stunning. The room immaculately clean 2 42&quot; flat screen TV's every convenience could wish for. The bathroom absolutely enormous huge cylindrical glass shower looked view.Breakfast served spacious extremely comfortable club lounge freshly baked European style bread, variety western Asian hot cold foods - significantly better many club lounges I've visited.Service impeccable - one stage a/c failed complained way out. When returned 4 hours later left note room apologising giving us results temperature tests conducted twice whilst out.The reception areas pleasant great bar lovely coffee shop bake bread.We would definitely recommend Longemont.",0.24983870967741936,0.557258064516129,May 4 2009
9,9,"For modern tech savvy travellers Overall fantastic...where I start? Stayed suite club floor....it everything. Lots plugs various types (no need adapters) places expect be. Nice LCD TV, iPOD docking station, hi-speed internet, lights switches everywhere even need get bed case forgot turn light off. Even individual lighting reading whilst bed.Overall interior design planned well, modern, spacious, beds amazing pillows (normally I tend complain lot about), towels huge too. They've even thought things magazine rack next toilet people enjoy read whilst...hmm...The side regarding room would water pressure shower I thought could better.Location? 10-15mins away Nanjing, much around except bunch massage places :) So looking taking stroll shopping stay Hilton.One best overall experiences I've while. I choose hotels based name, facilities, room design overall review travellers.You check Wynn Macau also spectacular slightly tighter budget, Star World Hotel, located opposite very, similar Longemont.",0.18462301587301583,0.43573412698412695,Apr 3 2009
10,10,"Thank You great stay The Longemont! My husband I returned 7 nights Longemont Shanghai enjoyed stay immensely. I booked based previous reviews Tripadvisor I little worried reviews 2009. However, I got great deal included buffet breakfasts two, I pass up. In addition, I also bit weary comments Longemont's location.... The first day arrived hotel, via taxi Pudong Airport, 9:00 a.m. check-in supposed 2:00 p.m., I expecting turn us away simply store luggage. But no, asked questions happily gave us key room 40th floor. We impressed extremely pleased well!! The staff attentive pleasant everyday. The buffet breakfast amazing, Asian Western food catered for. The room lovely spacious. The Metro 10 minutes walk hotel, great taxis, although cheap, wasted lot time traffic, drove nuts. I enjoyed thrill excitement taking Metro (Jiangsu Rd. Station (Line 2)), anywhere wanted go. It simple inexpensive (3 4 rmb each/each way). We also felt comfortable walk night eat outside hotel. We fabulous meal famous Restaurant 1221 last night. It across road, 5 minutes walk. We also enjoyed fabulous Seafood buffet Friday night hotel, amazing well priced. The seafood, vege dishes, etc., even desserts die for. I cannot remember last time I ate much, ate slowly paced savour every bite. The Longemont great hotel, I highly recommend it. I picky person I sure expect, I certainly impressed I found Longemont. I sure too! The Longemont home away home I felt extremely comfortable there. There need cater for. Congratulations Longemont Shanghai job well done!!! We definitely back again! Many Thanks!",0.3499319727891157,0.6069225785552316,Apr 2 2009
11,11,"Enjoyed Very Much I visiting son studying Shanghai stayed 2 nights . My room 45th floor excellent view. The room best I've Shanghai huge bathroom large 40&quot; flat TV. The internet included nice surprise. I've stayed several others 5 stars hotels Shnaghai one best all. Check breeze, concierge helpfull, buffets one best China (I tried all: breakfast, lunch dinner) great selection western food. A little away main tourist areas, easy get taxis anyways. In wonderfull experience. I recommend business leisure travelers.",0.44069327731092445,0.4821708683473389,Dec 8 2008
12,12,Longemont # 1 I business travler. I stayed many top hotels Shanghai past 15 years. None compare Longemont (formerly Regent) terms value.It 5 star price 4 star free internet many perks. This October 5th stay hotel....the first 3 still managed Regent. I bit apprehensive change management negative affect quality service. I would recomend everyone anyone looking great deal.,0.27249999999999996,0.4408333333333333,Oct 31 2008
13,13,"Great Place Stay Period Of Stay:21-July-2008 27-July-2008Booking:We booked online Agoda, really good price didnât problems it.Check-In:No problems check-in, nice quick. They also offered us upgrade next type room, declined.Room:3615 The room really nice well designed. The bathroom nice big, like hotels give matchbox. The view wasnât great still nice night lights buildings.The two annoying things room lights, would turn light on/off bathroom lights room off, would turn lights bed, annoying person bed. The annoying thing fridge, first 3 days would never get cold, finally got really cold last 3 days stay.Hotel Facilities: - Internet Access â free quite good, although seemed lot sites wouldnât work, still usable service - Pool/Gym â Only went viewed these, looked really nice. - Restaurants â Had breakfast included room, O2on2, food good, get boring 4th morning morning; went dinner Chinese restaurant last night there, sat went order, items menu werenât available (no chicken beef), went back O2on2 dinner night.Location:The location likely isnât best Shanghai worried first got there. But couple days getting idea wasnât bad location all. There subway 5-10 minute walk away, made getting around easy. Also cause taxiâs cheap used couldnât bothered walking subway.There fair amount places eat around mini-marts everywhere too.Check-Out:No problems all, nice quick.Overall:We would happy stay nice place stay, even night birthday put birthday cake room really nice them.The changed names âThe Regent Shanghaiâ âThe Longement Shanghaiâ Regent signs taken down.",0.16754716981132076,0.6290880503144655,Sep 14 2008
14,14,"Decent Hotel Unlike reviews Trip Advisor, I found decent. I stayed property March 2008. My room 22nd floor offered good view city. The room basic, decent enough good night sleep days hard work. The bathroom separate shower capsule (which little bit cramped up) bath tub. The hotel's lobby worth word. Itâs quite spacious attractive. Besides breakfast (which used good, choice Chinese international cuisines), I never opportunity eat food hotel. Overall good place stay Shanghai work, specially visiting office Yan An Road.",0.23072089947089947,0.4507275132275132,Aug 26 2008
15,15,"Going downhill offhand service awful location I booked another moved Regent basis various things read online especially glowing comments pool. A big mistake pool closed 3 weeks there. Don't get wrong terrible undiscerning traveller may even perceived good. But I irritating eye detail I quite spoiled I always notice bad things quickly. Firstly, good things get one-sided....the views rooms, probably all, amazing, esp bathrooms.....the rooms quite modern big beds big....and general 4/ 41/2 satar hotel. But quite 5 certainly 5+. Why not? Firstly, staff pretty offhand take real interest either checkin checkout time. They functional approach rather hospitable one. Secondly, shiny clean grime areas, cracked paintwork, worn carpets etc. Even sign outside broken thus making hard find. Thirdly, many things renovated stay including pool told booked. compensation apologies made regarding pool cold letter (4 fact) room arrival informing many things renovated. Finally importantly, location awful. It far far centre things, maybe hour worst normally least half hour therefore meaning spend day motorwy going backwards forwards. I found irritating checked early even though pre-paid went instead JW Mariott totally utterly different class much better location. One final note, changed hands July 2008, dual-named altho sure long last. It longer Regent anyway. The new name Ridgemount Longmount something mount. But Regent more. Maybe they, like me, decided scratch wanted get rid it. Not recommended.",0.0066187080892963265,0.5881999264352206,Aug 7 2008
16,16,"Only 4star Regent We selected Regent name previous experiences Regent Hotels. This definitely 5star Regents used to. They taken another 4star chain today. The already pretty used take closer look. Nothing elegance cleanliness typical Regent Hotel. The coffee shop tables along windows glass table tops. Unfortunately tops moved slightly normal position looked right breadcrumbs dirt edge table glass top. Nobody dared clean shift tops back position. The menus heavily used without many choices, buffet quite poor. The chinese &quot;open&quot; restaurant smallest menue I ever seen chinese restaurant. The post cards handed Bell captain (and paid stamps) arrived anywhere 3 weeks. As Regent disappointment I shall closer look buildings future picture I saw misleading. Overall average.",-0.019209956709956708,0.4372294372294373,Jul 12 2008
17,17,"Amazing This, said one best hotels i've ever stayed in. The view first arrive magnificant. The rooms beyond luxurious lobby beautiful. It amazing pool. The staff curtious friendly felt welcomed. The food delicious. The amazing made holiday one best we've ever had. Definately recommend anyone. 5 Star.",0.6340909090909093,0.6303030303030304,Jun 13 2008
18,18,"Disappointed The Regent We booked 'romantic package' last night China. This included welcome flower set up, sparkling wine, 15 minute massage afternoon high tea.Unfortunately staff seem aware package existed.Check took long time met blank look explained type package booked. It took persuading convince waiter afternoon tea included rate.The lady Spa seem happy fact one us complimentary 15 minute massage. The sparkling wine eventually arrived late evening welcome flower set non-existent.The best part stay excellent massages beauty salon two minute walk hotel!",0.2864285714285714,0.5504761904761905,Apr 20 2008
19,19,"Loved regent I pleasure staying Regent Shanghai travel conference greeted suite perched high 30th floor. The fabulous service exceptional. The facilities dining, relaxing working first class I would hesitation recommending five star others.",0.43533333333333335,0.7346666666666667,Apr 14 2008
20,20,"Great This great hotel, although high!!!! I stayed 41st floor, highest room I long time...Maybe next time I would choose slightly lower floor, 20???Great rooms, love bath almost bedroom (shutters opened achieve closed preference).Nice bars (try cigar bar nobody seems know about, really nice decor intimate set-up private conversations, nobody smoking cigars , thankfully).Amici Italian restaurant, great food service.Regent great name lives reputation. I wopuld stay again.",0.32671130952380956,0.4844047619047619,Mar 27 2008
21,21,"Exceeded expectations When comes hotels, I hard please frank I expecting much I booked Regent. From previous trips China, I knew country's strongest point hospitality industry. Yet, I positively impressed.First, service seamless. I would leave room go breakfast upon return room made. I would go hours, supply water bottles replenished. And on. Interestingly, I never saw housekeeping cart anyone hanging around corridors. Things happening behind scenes, sight. I like that.Service effective responsive. For example, I needed urgent items shopping quickly me. As aside, I gave guy money shopping, turned fake. So pay stuff himself, adamant want extra money. I pay again, course, I liked genuine attempt empathise.One small problem: I asked one staff directions cafe I could sit sun enjoy cuppa. He directed fairly poorly Starbucks I never found. Upon coming back useless search starbucks I found exactly kind cafe I literally meters away, opposite hotel. I'm sure guy thinking! Really, they're great directions.I impressed food, Asian Western. I ordered room service truly blown away pizza! Well, I starving time, great pizza nonetheless...The location good (short cheap taxi rides everywhere), view room 51st floor fabulous, breakfast buffet one varied tastiest I experienced.Internet room free (so be!!), TV large even connectors plug laptops etc (a great unusual touch!!), choice TV channels good, shower bathroom outstanding (though items made plastic, good plastic least) staff friendly.As I said, really exceeded expectations I given &quot;excellent&quot; rating. A rarity me!",0.17425685425685428,0.5043610710277376,Mar 21 2008
22,22,Opulent downtown A real five star hotel. 20 minutes taxi main shopping district. Amazing swimming pool gym. We stayed level 45 - seemed like tallest building town. They supplied DVD player complimentary - flat screen TV rooms. Bathroom first class except sliding doors - big deal. Some noise carried adjoing room TV loud. Multiple restaurants good. Japanese restaurant nearby. Also near two corner stores - mini supermarkets like 7/11's. This 30 minutes domestic airport. The international airport (Pudong) 60+ minutes drive - Sunday traffic. Was difficult get taxi's raining centre town. Great business meetings. For travel Shanghai dissapointment - Beijing amazing. For shopping Shanghai endless shopping centres many famous brands.,0.2083333333333334,0.4695833333333333,Feb 2 2008
23,23,"Great Hotel Great Value This fourth stay Regent year ticked boxes. Extremely comfortable rooms, spacious bathrooms, good gym pool, slightly centre get caught awful Shanghai traffic going business. However get centre leisure, rush hour, 1GB pound minutes one abundant taxis. The eat buffet large restaurant catered almost type food; Chinese, pasta, salads, shellfish, western meats / vegetables wide selection desserts around 12 GBP. Check staff bit grumpy, fathom air-conditioning would gripes. Definitely worth stay.",0.14672619047619048,0.502827380952381,Dec 20 2007
24,24,"Missed food lobby... Of course good, Regent!Great room great view 43rd floor. Huge bathroom kinds toiletries.But arrived 5 pm wanted little snack dining city, disappointed. No snack lobby! We could join high tea, full package. For snack sent 1 restaurants hotel.So took 2 starters Italian restaurant. Of course guests time! And restaurant staff obviously disappointed take main course well, pity.",0.04628205128205129,0.6056410256410256,Dec 3 2007
25,25,"Excellent Hotel I looking best price. I read mixed reviews website. After checking hotel, Fodors guide etc. I decided take chance. It stunning spacious modern rooms. The &quot;plastic&quot; bathroom bowl practical nothing else room cheaply made. The beds comfortable. Every encounter staff friendly helpful. The swimming pool spectacular. Do get breakfast included choice abundant. This super especially price.",0.4406410256410256,0.6878205128205128,Oct 21 2007
26,26,"Gee REGENT? It &quot;get here&quot; bad, can't seriously call 5 star hotel. Staff: nice friendly, others curt, careless, best disinterested, like bar manager worked calculator 5 minutes whilst waiting Evil Eye notice us drinks menu. Rooms okay - small, low lighting annoying, sloppy cleaning, inconsistent housekeeping (no shampoo 2 days 35 minute wait get some). And nice-looking plasma - expect work well hours time.Food's great - breakfast Sunday brunch fab. Good gym pool.But The Regent got something people let really badly. But anyone The Regent Shanghai actually care?",-0.010555555555555545,0.5941520467836257,Sep 18 2007
27,27,"Fantastic luxury property Overall, I loved Regent. There complaints listed profiles somewhat justified expectations. It's new property western edge former French Concession. As such, technically central Shanghai edge it. That said, never 15 minute taxi ride anywhere Puxi. Taxi drivers may know try tell speak Chinese 'take to' card works well. It's also convenient domestic flights Hongqiao airport (and took hour Pudong airport). The beautiful (though chosen real porcelain washbasins that's small criticism). I stayed twice August September 2007. Both rooms great fairly large fantastic views. The beautiful infinity edge pool overlooking city glass-enclosed aerie 26th floor. Service always excellent professional. I would definitely stay Regent Shanghai again.",0.24086233766233767,0.4619792207792208,Sep 11 2007
28,28,"Great place Spent 2 nights Aug 2007 definitely lovely.What I care cleanliness first place The Regent Shanghai met expectations; room clean, spacious furnished good taste.We given room 50th floor (!) outstanding view city.Service good expect 4 star location, although not-so-close city center, fairly good given Shanghai get taxi Bund 3 euros.Definitely try it!",0.36287878787878786,0.5598484848484848,Aug 24 2007
29,29,"High Quality High Value Everything feels spacious lobby rooms restaurant. We reserved 2 deluxe rooms. Upon checkin asked wanted upgrade jr suite studio. We chose studio provided us well appointed spacious corner room. The round glass shower stall overlooked city, fixtures high quality. A/C worked well. Lighting okay could better. Beds comfortable. Service excellent. Our daughter's room deluxe - good, though upgrade studio worth money.",0.43416666666666665,0.6416666666666667,Jun 27 2007
30,30,"Re : You Get What You Pay For I tried Regent Shanghai recent business trip Shanghai.This brand new 5-star Shanghai opened less year. It's located bit outside central Shanghai area within residential office district Yan An Road. I attracted stay due low price promotion offer nearly 50% lower 5-star hotels Shanghai. And Regent well known brand I guess even bad, bad. Moreover, rooms looks quite nice website photos. Well, let's say wise saying &quot;cheap things good things&quot; applies here. This notoriously inconsistent. A grand beautiful lobby matched lousy rooms lousy workmanship. The photos room may look good physically look things closer, everything poor quality. The plastic basins tubs ( ceramic ), bare plain room decor horrible shower cubicle dark claustrophobic. To make matters worse, water pressure poor tea-plate size &quot;rainforest&quot; shower &quot;rain&quot; &quot;drizzle&quot; even water volume turned max ( Conserve water save cost? ). And first time ever, I saw dirty basin supposedly 5-star ( see photo ). The last time I saw dirty basin 3 star Jogjakarta 3 years ago. This speaks lot poor housekeeping hotel. Yes, plasma TV no-name brand picture quality poor I bother watch it. This room pretend high-end actually not. The service inconsistent. I met rudest receptionist ever lobby I wanted checkin instant I thought I Chinese government ministry asking directions ( maybe better manners there! ). Fortunately, rest staff better. The club lounge also mediocre evening, dark can't read. Breakfast served lounge quite good though. Because located residential office area, view speak off. At night, lights turn of.In conclusion, basically, &quot;you get pay for&quot; kind hotel. If going Shanghai business need place stay nice lobby meet guests, OK. But choosy picky like me, fall cheap price look elsewhere.",-0.008741432178932166,0.5369002525252525,May 22 2007
31,31,"Wow. Stayed 4 nights fabulous. The staff can't enough facilities amazing. We bought DVDs Beijing asked could use DVD player, gave us within 10 minutes (3 people turned door help) told us free use stay. The pool 26th floor spectacular proper lengths it. The food breakfast buffet dinner staggering choice, expect prices. The SLIGHT downside location. It's smoggy 10-15 minute walk rail station, even so, fabulous hotel.",0.23333333333333334,0.7366666666666667,May 2 2007
32,32,"Not staying I stayed 2 nights business trip. The exterior look nice. I like location though. The area crowded easy find dining shopping around. The exception nice massage place across street. For fraction price charge spa, I nice 2 hour massage. The service staff bad Shanghai 5-star hotels. They seemed even rude Chinese guests. I left 'do disturb' sign door I left meetings one day since I lot papers lying around room. When I returned night, I found room cleaned papers stocked pile. I can't say I appreciated intrusion. That's first since I usually get voicemail message note door asking permission clean room first. When I checked out, took concierge 30 minutes bags taken downstairs. I actually sit cab 15-20 minutes bags arrive. Overall, business traveller friendly I stay again.",0.15552631578947368,0.44298245614035076,Nov 30 2006
33,33,"Very Cool Comfortable Hotel We stayed September part 3 week spin China Japan. For 5 days loved Regent Shangahi. Get corner suite -- floor ceiling bathroom view amazing! Comfortable beds, awesome flatscreen TV's rooms (not suites), amzing brunch buffet food around world, nice spa work room. Also -- Regent Club one upper floors &quot;joined&quot; reasonable rate per person get free happy hour cocktails free internet -- worth price alone need check e-mail amount time. The drawback possibly location (not walking distance downtown), reasonable price cabs, could get almost anywhere less $3...just tell concierge doorman want go they'll write chineese, tell taxi off!",0.37627450980392163,0.7124509803921568,Oct 6 2006
34,34,"Good Service Regent Shanghai one newest Shanghai. I stayed Deluxe room 37/F 180 degree city view (of course there's clear sky serious pollution). Room comfy spacious, bathroom huge chic bath tub shower box. However, 42 inches Plasma seems big room ! Selection TV program sufficient. Of course, picky person, still find something &quot;need improved&quot; - get problem lighting, cleaness housekeeping. Apart it, quality service ! Cannot complain service - staffs able speak fluent English helpful, goodlooking (it's important too!) polite even though cannot speak Mandarin. They willing help make reservation explain taxi driver place I wanted go accurately. Don't worry location (I know reviews mentioned inconvenient location), drivers know is. Highway nearby takes 45 minutes airport (costs RMD 160).",0.20444444444444443,0.6238888888888889,Jun 5 2006
35,35,"Bad Location Dont understand one Tripadvisor member said Regent good location.There virtually nothing neighbourhood hotel. No restaurants, shops (except convenience stores), subway stations. Must take cab bus real annoyance rush hours rainy days. And many cab drivers know hotel.So must give directionThe guests stay (3 nights early May). Room bad fairly large bathroom. Local phone cheap. Charged 20 cents Rmb 2 minute local call internet expensive (Rmb 40 15 minutes)Wont pay Rmb160 buffet breakfast although quality bad.Service efficient polite particularly bell boys doormanWill consider staying I get good rate package(paid US$300 time including return airfare HK-Shanghai-HK 3 nights stay daily breakfast)",0.05417366946778711,0.41324929971988794,May 9 2006
36,36,"Blew away brilliance This new Regent Hotel I believe soft-launched end last year. So 180 400 rooms operating.This brilliant. The rooms large landscape picture windows, spacious, rain showers baths. The panelled walls bathrooms slide open create open plan space, great sitting tub watching Shanghai sky night.The club lounge 48th floor amazing, affords spectacular views multiple aspects.The ground floor bistro/bakery eames chairs egg chairs around small water feature, well number coffee machines traditional tea items contemporary setting, lounge bar opposite purple colour uses mirrors break space.I really blown away, especially I went spend nights much celebrate Grand Hyatt Pudong, I found desperate let down.Stay - team brilliant, worth it. I'm picky person I know I nothing bad say it.",0.16412753912753913,0.5608891108891109,Mar 8 2006
37,37,"All About Details It truth universally acknowledged distinguishes oustanding average detail operation.I decided stay Regent Shanghai ideal location, supposedly stylish design, legendary service associated Regent brand name. Apart location, indeed excellent leisure business travel, facility service arenas meet expectations.Don't get wrong. The Regent Shanghai &quot;wow&quot; factor. I impressed spaciousness lobby. In opinion, grand Grand Hyatt Shanghai lobby, kind reminded Grand Hyatt Hong Kong lobby. And rooms nice, equipped four-fixture bathroom comfortable beds divine duvets. But failed details. Although soft-opening stage, health-club opened days I checked in, pool fitness center smelled like new paint. And little stones left construction still pool (I almost cut myself). Given hotel's new, I'll give benefit doubt assume things improve time goes by.What really annoyed service. I came high expecations service experience Regent's late Hong Kong Wall Street properties stellar. However, stay, I saw F&amp;B managers walking arms folded smile-less housekeeper ordering us go rooms cleaning. I expect service perfect soft-opening, I certainly expect service mind-blowing China, I expected Regent brand.Regent Shanghai means bad hotel. As whole, reminded Far Eastern Shangri-La Taipei. With location physical layout, definitely potential become significant player Shanghai luxury market. But like great wine, needs time age. And proper supervision/management, undoubtedly flourish.",0.22857725607725612,0.6283344433344434,Jan 15 2006
38,38,???????????????,0.0,0.0,Jan 15 2006
39,39,??????,0.0,0.0,Jan 15 2006
40,40,????????????????,0.0,0.0,Nov 22 2009
41,41,??????,0.0,0.0,Nov 15 2009
42,42,Uno dei migliori di Shanghai e di tutta la Cina!,0.0,0.0,Nov 2 2009
43,43,????????????!!,0.0,0.0,Oct 21 2009
44,44,??????,0.0,0.0,Aug 2 2009
45,45,?????????????,0.0,0.0,Jun 25 2009
46,46,?????????,0.0,0.0,Mar 28 2009
47,47,?????????????????NO????????,0.0,0.0,Mar 21 2009
48,48,??????,0.0,0.0,Mar 13 2009
49,49,Shanghai Regent - Genial!,0.0,0.0,Jul 9 2008
