,Unnamed: 0,Reviews,polarity,subject,Dates_extracted
0,0,"Good Location Excellent Value Minor Problems One husband's officemates recommended I regrets booking hotel. First all, paid RMB1,074.00 4 days 3 nights. Quite inexpensive right? That also includes one buffet breakfast day. Since I mother whole stay, I pay RMB20 another buffet breakfast. Check-in check-out fast though I requested press atm pincode offline. So I go nearest ATM machine check balance still correct transaction. The minute walked inside room, I surprised room bigger I expected. It smelled like cigarette smoke I called reception complaint. After whole day city tour next day, smell longer there. Thank goodness! The sheets clean, well pressed stains. They provided double window panes prevent dust come big building construction across hotel. Bailemen next bustling train station also famous Jingan Temple. We went places train convenient. The food breakfast many Chinese varieties. I hope Western well. The coffee dispenser strong forget add hot water. But want energize, perfect you.",0.23698979591836736,0.4447278911564626,Oct 29 2008
1,1,"Great location. Not western crowd... I recently (August 2008) one night spend Shanghai way back Europe Nanking. I choose: stay hour town 250 rmb, closer town, more. Sometimes much more. This perfect compromise. It located next beautiful, lively Buddhist temple (Jing An Ci), clean 50 No. 2 subway line, goes downtown connects nicely Mag Lev airport. The clientele mainly Chinese, nice, staff fine, patient spoke English well. The room clean well appointed. I would happily go back.",0.3509090909090909,0.4666666666666667,Aug 13 2008
2,2,"good clean convenient Bailemen conveniently located across subway station shagnhai, You hop quick easy subway many parts city within minutes.The room clean roomy, includes good variety breakfast one person.There 24 hrs mcdonald next hotel, plus many restaurants shops within blocks.",0.36999999999999994,0.5033333333333333,Apr 27 2008
3,3,"Good Location nice breakfast The classified 3* pay less S$500 4night. Location near Jingan Temple, 5min walk Metro.The room maid helpful,my hubby step broken glass inside room, immediately room maid got vaccum clean whole carpet again. Taxi easy get bring anywhere. Check in/out fast. Breakfast comes western local delight, bad, quite variety. The famous Jingan temple next door mind walking, choose walk Nanjing walking street Bund, forget bring along camera find lots nice scenery along way. Of course, Taxi cheap always hail one happy riding!",0.21154320987654318,0.545679012345679,Apr 21 2008
4,4,"Good Value Hotel We stayed 3D/2N. The 1 2hr drive (depending traffic) new terminal 3 airport. 5-10 min walk subway. 5-10 walk mall burger king. The bed soft though. We deluxe room. It big. No english channels e.g. CNN, BBC, HBO, etc. The Chinese buffet breakfast ok. Didn't speak much reception I problem communicating them. Money exchange rate good.Near good bar/restaurant called Spot bands playing. Also near Irish pub.",0.25303030303030305,0.3420454545454546,Apr 13 2008
5,5,"For budget travellers The location almost top metro station good. The traffic streets quite hard, continueing thru night. View guite good, least room street.The staff speak good English, manage.Breakfast good. Only &quot;western&quot; items available. Tea teabags, like strong coffee, really enjoy breakfast.Internet connection quite expensive consider price room, 40RMB per day.All all, quite cheap, quite clean, quite ok. Just expect five star luxury service.",0.2205354449472096,0.5421493212669682,Apr 11 2008
6,6,"Great Location - nothing else We booked based reviews TA, agree location great. However realised 3* China measure Europe felt place dingy, food awful instead staying 3 nights booked checked 1 night. Perhaps I put fact condoms sale en-suite, must say first me. On whole hotels Beijing Xi'an great 4* site.",0.24642857142857144,0.6226190476190476,Mar 24 2008
7,7,"Great Location Excellent location Shanghai, recommended ELLYSE. Subway stop literally corner. Bookstores, food shops around block. Near hotel, 24 hour convenience store + McDonalds + Shanghai restaurant still open arrived 1am. Rooms ok, clean enough. But location everything case. Airport shuttle buses hongqiao pudong stops here. We paid 19 rmb 4rmb airports one way using shuttle bus.Will consider next time stay Shanghai.",0.30740740740740746,0.5944444444444444,Nov 24 2007
8,8,"Review Location great train station call jing stn nearby. also tourist information center opposite street , room big , ( normal two bed ) thus plenty space throw things around , even safe depost room could also opt put valuables lobby .. shops nearby food problem fact food consider cheap spend money food Dislike The food good , took breakfast two days , could endure thus went eat lobby service SUCKS big time , expect smile greetings them. whole bad service good , would get better rating.",0.29375,0.41041666666666665,Oct 29 2007
9,9,"amaizng location Stayed 5 nights. great location great price. 40-50 US$.Rooms huge, bigger JC Mandarin I stayed payed 120US$ night.Excellent location Jignan temple right Jignan tube station. full restaurants, bars shopping malls,.very accessible even forgotten address card, need say Jignan temple back here.On flip side hardly speak English ordering anything bit cumbersome,but best value get great location",0.3765873015873016,0.49603174603174605,Oct 3 2007
10,10,"Perfect location great value We returned trip Shanghai stayed Bailemen 4 nights. The staff professional willing help hour. The location spectacular love neighborhood feel. The Jianan Temple across street Jianan Park also across street. The windows overlook beautiful park one see locals getting morning exercise dawn.Cheap yet trendy restaurants within one two blocks Nanjing Road- artery Shanghai's commercial shopping district starts Bailemen ends Bund. The kilometers walking helps one truly appreciate upper end Shanghai life.The rates walk-ins cheaper paid. A triple room advertised &quot;discount&quot; board $45. The exchange rate currency banks convenient.Rooms simple comfortable. The breakfast Chinese general include toast, sweet rolls eggs. My 9 year old love eating noodles fried chicken well abundant fresh fruit breakfast part Chinese breakfast.The store next door nice grocery convenience eatery picked bottled water every day 20 cents bottle.If looking clean, well-run good service value money, disappointed.",0.2522988505747126,0.5200738916256157,Apr 12 2007
11,11,"Tired Three Star Stayed three nights. It rated three star according local system expect level service appointment this. Patronised mainly Chinese far could tell. We found bit tired decore need refurbishment. The bed hard, TV channels Chinese except one English BBC CNN. The breakfast, included room rate, Chinese buffet dishes might suit Western tastes. Bread, jam, butter, omlette soft drinks Westerners might find suitable breakfast although dumplings noodles also available. Coffee quality Westerners might find acceptable. On positive side handily located West Najing Road. A subway station across road Japanese department store food hall, supermarket, pharmacy, cafes pizza restaurants.",0.04282976827094474,0.3911541889483066,Dec 3 2005
12,12,????????,0.0,0.0,Oct 15 2008
