,Unnamed: 0,Reviews,polarity,subject,Dates_extracted
0,0,"Avoid - sucks Lets start negatives: 1) Horrible Location - construction around area, noise disgusting people walking around, smells bad outside, solid 10 minute walk train station, food options crap (just McDonalds) 2) Beds - Awful, unless like sleeping rock 3) Internet - crap 4) Food - breakfast selection small good 5) Amenities - No pool gym. 6) Room service - seems closed 11pm...they told us try McDonalds. Positives: The customer service excellent, complained room upgraded us suite, marginally tolerable. I advise stay here, look closer city centre near bund/TV tower area.",-0.3666666666666666,0.5611111111111111,Aug 31 2009
1,1,"Great We stayed Days Hotel Shanghai November 2008. A really good hotel, comfortable staff great. The rooms really spacious, bathrooms great - bath separate shower.We found glass wall bedroom bathroom quite funny. We would able afford booked directly I know tour agency booked got really fabulous deal.I would definitely recommend couples want comfortable stay. There also hair beauty salon useful.My problem location. I would definitely recommend walking around neighbourhood night even though right next door railway station. It 15 minute taxi ride main shopping tourist spots. Taxis quite inexpensive though.",0.3401322751322752,0.6135582010582012,Dec 3 2008
2,2,"Didn't Love It Part Days Inn chain, Days Hotel Shanghai possibly bit modern upscale North American counterpart; however, location left little desired. Located north main Shanghai attractions (the Bund, Nanjing Road, etc), Days Hotel sticks like sore thumb amongst construction rubble. The closest subway station Shanghai Railway Station walk towards subway alleyway lined vomit reeking heavy urine smell. Our room two double beds, firm comfortable. Bedding white cotton duvets room came two free bottles water per day. On first night, discovered huge brown, sticky substance sheets top bed headboard. The next morning, imagine embarrassment room attendant discovered stain looked us accusingly! We tried best broken Chinese tell wasnât fault arrived. She changed sheets later day, found brown, sticky stain exactly location! We discovered stain actually battery acid leaking flashlight located bed. We brought flashlight lobby manager explained happened. He said would call housekeeping get soiled sheets changed one came night. The next day, new sheets appeared along non-leaking flashlight.Breakfast buffet served 3rd floor offered North American Chinese selections. We early departure (5:30am) kind enough package breakfast go us included container two cakes, bottle water, yogurt orange.I wouldnât choose stay didnât enjoy location. It dank desolate. The street side railway station looked modern brightly lit never ventured there.",0.13891091143998124,0.3400927883486024,May 4 2008
3,3,"Loved Food. This Hotel quite close Shanghai Station cannot hear trains fact quiet th 12th floor.The rooms superb every facility available (Razors toothbrushes combs etc.etc.)The house Restaurants superb excellent value.The Concierge extremely helpful booking tours,Taxi's,and evening show superb.The surrounding area redeveloped like lot Shanghai put this.This excellent Hotel reasonable price.Mick &amp; Jean London",0.5816666666666666,0.8237037037037037,Apr 11 2008
4,4,"New modern Days Hotel relatively new modern located mixed residential/commercial area distance Shanghai's tourist spots like Bund Museum. We stayed 3 nights late February part Smartours group San Francisco. This part Days Inn franchise.The areas sides appeared recently cleared views rooms including good. All saw plenty debris 3-5 years areas new high rises (same true many sections Shanghai clearing old neighborhoods redevelopment.) There restaurants shops across including McDonalds block away. We felt safe walking around neighborhood even though residential areas looked blighted.Our room standard 2 full beds. Bathroom large tub (some rooms see-through baths.) All furnishings modern including 27 inch LCD TV sophisticated light control switch bed. Room small fridge complementaries included 2 bottles water, coffee tea, slippers, free use safe DSL connection. There weighing scale (great checking luggage weight) plus bathrobes full bath accessory kit (comb, toothbrush, swabs go lotions soap). Bed firm OK. Heating good. Room comfortable clean.The reception area small functional. We chance explore facilities mostly tours. It interesting hotel's top floor used storage room rather penthouse restaurant..Our package included daily breakfast buffets modern styled coffee shop third floor. Food good wide variety American dishes (bacon, sausage, eggs, toasts, cereals, salads, etc.) Chinese dishes (fried rice, chow mein, pork dishes, dumplings, etc.) fruits juices omelet station. We also ate Ming Garden, restaurant located second floor, tried variety dumplings soup delicious cheap ($12 2.) The place empty except table one table 3 waitresses waiting us. They could speak English (as staff except maybe clerks reception desk managers) nobody warned hot juice one dumplings squirted scalded upper lip (iced OK.)Because location, choice take taxi everywhere. Taxis cheap ($2-3) sometimes hard flag unless helped doorman. Shanghai's traffic bad seemed worse Beijing taxi ride could cost more. Shanghai rainy days provides umbrellas free use guests.The hotel's ATM machine accept Visa/Mastercard walk 3-4 long blocks right past freeway find one.All all, clean, modern comfortable rates bargain. We mind staying again.",0.19697746697746704,0.465925296925297,Apr 1 2008
5,5,"So-so Stayed part Smartours package. This ok. It brand new, honest I expecting more. It pretty far tourist sites, immediate surrounding area pretty desolate (they tore bunch buildings I assume construction begin soon build new sky scrapers). Catching cab front never difficult, always ask you. It also incredibly clean. My pillow smudge it, bathroom patches around tub toilet. Good variety channels TV, including 5 english. Breakfast good, served trendy room. They spring rolls, dumplings, eggs, toast, bacon etc. They free room internet, great.",0.36371079213184476,0.6593673577884104,Mar 1 2008
6,6,"Clean Comfortable...Highly Recommended! We stayed Days Hotel, Shanghai December 2007. We wanted decent location near metro line, allow easy access throughout metropolis. After looking several hotels near Railway Station, decided favorable...and disappoint. Front-desk staff pleasant reception area large, modern clean. Our rate 400RMB/night (approx. $70.00 U.S.). You save dollars booking Expedia. Other reviewers commented general vicinity snuff, I felt safe walking around hotel. I never bothered anyone, annoying art students/tea ceremony scammers nowhere found area either. Bonus! There number small shops, grocery stores, etc. surrounding streets, well Western regulars (McDonalds, KFC, etc.). Rooms large, immaculately clean elegantly furnished. I found beds quite comfortable compared hotels I stayed China bathrooms especially nice long day walking around Shanghai (beautiful tile work variety good quality toiletries). There variety TV channels, including HBO. Free internet access provided. There also &quot;chocolate lady&quot; knock door around 6:00pm hand bite-size Dove bars guests. All all, I highly recommend would definitely stay again.",0.22426190476190477,0.5647460317460318,Jan 1 2008
7,7,"A nice The days nice still new ,so everywhere still clean.The complaint I beds like concrete, ask reception thay hadsofter matresses rooms,the girl behind desk gave us four rooms choose found one thought might bit comfotable sleeping discovered was'nt. The staff great englishwas'nt good problems, could always make understood.The breakfast best I've certainly worst.We never problems getting needed go either taxi metro near by.",0.2990706168831169,0.5754586038961039,Oct 16 2007
8,8,"Nice location good When first arrived Days Hotel, I rather worried decent looking buildings around us. The surroundings bit run down, mostly small local shops catered locals. But I must say, room turned quite modern big enough 4 us (2 adults 2 children). We encountered one problem stay, toilet blocked 1st night. We also found air lobby unpleasant. I suggest anyone wanting stay bear mind take taxi anywhere want go. Taxis inexpensive. Reception employees speak good English extremely helpful.",0.08619281045751633,0.47728758169934643,Sep 2 2007
9,9,?????????????????????,0.0,0.0,Aug 16 2009
10,10,????????,0.0,0.0,Jan 24 2009
