,Unnamed: 0,Reviews,polarity,subject,Dates_extracted
0,0,"Excellent facilities services A perfect business - perfect service, room, food, great gym, nice pool, good location.especially outside swimming pool....next time I continue stay hotel.",0.7285714285714285,0.7714285714285714,Jul 22 2009
1,1,Great great location This great spotless rooms great service. It minutes downtown taxi ride 3 dollars major tourist areas. Hotel affordable comes across five star. Great views higher floors whole city river.,0.52125,0.595,Apr 18 2009
2,2,"Very nice - people fear heights This sigh sore eyes, travelled hours. If afraid heights, stay away. I usually effected heights, little frightening.The rooms large, comfortable. I stayed one room sister ordered room service. We wait long, tasted great.",0.20825892857142858,0.6696428571428572,Jan 23 2009
3,3,"Best stay Abroad Purple Mountain amazing. first impression absolutly positive huge lobby, two ladies black dresses playing Piano fluette, amazing atmosphere. room spaciuos study desk, fax machine, bathroom bathtub separate shower, find room everything need, Iron Iron stand, Umbrella, tea set complimentary tea bags..etc.Next time I go shanghai, I forsure stay Purple Mountain",0.40132575757575756,0.6015151515151516,Jan 7 2009
4,4,"Death trap I spent one night Purple Mountain Hotel colleagues. Due fire hotel, leave middle night book another (Grand Hyatt, warmly recommended). That bad, accidents happen. But case fire 5th floor, big enough 37th floor full smoke, single fire alarm went entire building! We lucky enough one colleagues woke smoke. You would expect expensive take care basic safety systems professionally, apparently anything goes place. I tried find fire web, seem news incident. Hopefully nobody died.",0.052202380952380965,0.4419642857142857,Dec 8 2008
5,5,"Great price excellent Checked Purple Mountain New Year's treat finish 10 day budget/backpacker-style China trip. Arrived without reservation offered (without negotiation) exceptional 590 RMB rate lovely room 38th floor great view. The buffet lunch restaurant comparable local restaurants stated reviews - FAR superior (and I thought I hated buffets...). Local Chinese food great, much cheaper, question, 5 star food 5 star price high enough warrant complaint us North America Europe. The quality lunch home would least twice price. Prices comparable Shanghai hotels, well, stated reviews, NOT lower rather twice three times price. The lowest rate offered Hyatt 2100 RMB. A cheaper 5 star (or insist, 4 star, non-Chinese standards) IMPOSSIBLE find paid (the equivalent US$75). Very highly recommended!",0.15071146245059294,0.5422411067193675,Jan 5 2008
6,6,Excellent food Service good exceptional asian standards. Rooms clean well mantained.The food exceptionally good make stay pleasure. For one try special noodle dishes prepared display dedicated noodle chef. Meeting facilities exellent.,0.4443537414965986,0.6944897959183675,Oct 24 2007
7,7,"Fantastic view We stayed Purple Mountain couple times visting China, It beautiful high standards, We rooms 17th floor 30th floor, fantastic view either, Breakfast good caters Westerners. The quiet, clean rooms fairly large, bathrooms good size well.The restaurant expensive, lot's good restaurants within walking distance much cheaper.Take Metro Dongfang Lu Science Museum underground market, pay three yuan one way, Westerners &quot;twice price face&quot; half whatever ask for, half starting price.",0.2611746031746031,0.5550158730158731,Sep 13 2007
8,8,"Modern transport links great We stayed 2 nights end April. The new, high quality, 5 star establishment. Rooms decorated high standard. The breakfast/ lunch buffet excellent. Note - pool open June &amp; DongFang metro station closed 6 months. This means 15 minute walk nearest metro. You always take cab town beware took us 50 minutes get Bund due traffic midday. You better getting cab metro station.There also construction new buildings nearby (we notice noise work starting)Probably ideal tourist metro back running apart would recommend.",0.08698051948051946,0.4652922077922077,May 1 2006
9,9,"Exceeded expectations newly built modern decor I visited new year's holiday boyfriend january delighted find modern well-appointed. It first visit shanghai, I expectations since know anything fact boyfriend's mother stayed recent trip. Upon entering huge lobby, I surprised find massively decked christmas tree banner reading, &quot;Merry Christmas.&quot; I didnt think communism christmas compatible but, apparently, are. During check-in, receptionist friendly quickly upgraded us executive room highest floor. Upon entering room, impressed contemporary dark hard wood floors, modern decor, immaculate bathroom. The room smaller expected actual wall dividing bathroom bedroom area, curtain, could serious privacy problem people, bed comfortable great mattress, super soft sheets, plush comforter. I highly recommend breakfast buffet (included room rate) fabulous selection eastern western delicacies, dinner selections leave much desired, quite expensive, better left undiscovered. The staff helpful friendly approached, hover, may interpret disinterest. Overall, experience pleasant, exception bizarre incident, foot masseuse, worked hotel, followed us room barged payed massage charging room rather paying cash preferred. We call concierge talk order get room! Crazy lady! Moral story: great hotel, great amenities, get foot massage.",0.19436307519640855,0.508732884399551,Mar 15 2006
10,10,"Comfortable good services I stayed Sept. 2005 business found superb place overall. My room 39th floor great view. It nicely furnished came large TV. The bathroom good size nicely appointed. The breakfast buffet offered good selections, staff helpful. The &quot;broadband&quot; Internet connection excruciatingly slow -- like dial service U.S. The great business travelers, Shanghai purely tourist, need amenities pay price Purple Mountain.",0.4875824175824176,0.6575824175824175,Oct 24 2005
11,11,"good expensive particular services I staing Purple mountian couple days august 2005. The place good offeres services youÂ´d expect 5*. I paid special rate 135 USD, still lot Shanghai standard. You get good 4*-place half plrice offers everything needed (gymnn, internet etc. standard 4 * seen now). A partcularity swimmignpool roof 5th floor - nice view.Even worse- everything expensive here, laundry triple price comapred others (45RMB shirt instead 10/15 4* places staid before), I paid 45 RMB (4.5 Euro) bad expresso, 120 RMB per day internet (free cheap many 4*). Food OK, comparable better Chinese Japanese food find small places find Shanghai(where eat 50-70 yuan full meal nice place, yesterday, even alone withe improvisation. Quite upper class restaurants enlish menues pictures menu ). The catch breakfast ... 4* places often chinese breakfast (which hot meal rice meat fish, reasonable coffee available though).So conclusion somebody help get around order food, like adventure ordering food China... better stay 4 *.",0.15077551020408161,0.49923129251700676,Aug 9 2005
12,12,"Pricey 5* Stayed Purple Mountain 21 Apr 05 Shanghai Auto Show going on. Due auto show hotels Pudong fully booked. The Executive room Purple Mountain 5* quality, expensive 1660rmb plus 249rmb surcharge. This equates $230 one night, priced. I also charged 57rmb internet, I use. Beautiful property, excellent room &amp; average buffet breakfast. But, expensive.",0.115625,0.623125,May 11 2005
13,13,"Nice Hotel hard find info on! Stayed Purple Mountain 10 days March 2005 Shanghai trade show little tourist time. Located Pudong, pretty convenient New Shanghai Expo Center, 10 30 minutes depending traffic. This huge benefit vs. hotels side River old Shanghai. It good location business hotel.I find difficult get across river restaurants, sightseeing, activities. Taxis cheap prompt. Local shopping, etc. good side though.The nice. Rated 5 stars Chinese Tourism I would classify nice Hyatt, Westin, Radisson, etc. hotels cities. However, scale 4 Seasons, Grand Hyatt, et. al. Probably 5 star though. Rooms dark wood rich nice. Restaurant excellent breakfast good dinner. Served Western Asian foods. I get try Chinese Restaurants hotel. There excellent Chinese restaurants nearby worked great us local hosts. The business center good. However, room broadband slow. I think hotel's fault local internet service. The staff friendly helpful.Lastly, rate quite value compared hotels comparable amenities. I paid $120 night I found quite bargain.",0.265409275683666,0.5405173688100517,Apr 17 2005
14,14,Esta muy muy muy lejos de ser un 5 estrellas,0.0,0.0,Aug 21 2009
15,15,??????????????,0.0,0.0,Aug 3 2009
16,16,Sehr reprÃ¤sentatives Hotel,0.0,0.0,May 29 2009
17,17,cinque stelle prezzo di quattro,0.0,0.0,Oct 28 2007
