,Unnamed: 0,Reviews,polarity,subject,Dates_extracted
0,0,"Good location This like mid market service apartment rather hotel, spent 6 days found reasonable price excellent location.The block 8 floors high central HuaiHai Road, upmarket shopping street Shanghai. The beauty location right Shanxi (South) road subway station line#1. Sightseeing via subway buses therefore convenient even get tired walking around shopping street itself. The staff helpful found us carpark space visiting friends well directed us take subway Shanghai circus station show called ERA, fantastic show!The rooms average size bigger room end block asked quiet room away main streets busy traffic seen heard. The bathroom bit small sufficient accessories fittings pleasant stay, bath showers work well. There tea making facility room also free broadband internet common China hotels. The furniture adequate slightly worn out. Breakfast good spread catering Chinese, Japanese western style food top floor restaurant. Food quality reasonable juice coffee way standard. For need coffee fix, Starbucks next door also fast food outlets across street desperate western comfort food. The Chinese style porridge best I tasted since visiting HongKong eggs omellettes presented terrible mess. The bargains business men needs room last minute: every evening seems sign selling single rooms RMB530 inclusive facilities like car parking! (see photo)",0.10352607709750569,0.388452380952381,Sep 11 2009
1,1,"Easy walk everywhere center The best location plan see city. Very easy go everywhere...A lot nice rest. &amp; shops &amp; malls,.....The crowded best shops area Shanghai..",0.570952380952381,0.5761904761904761,Aug 14 2009
2,2,"Always Excellent Mason This eight time I stayed Mason, would never stay anywhere else Shanghai. We visit Shanghai half business, half pleasure, mason fits bill counts. The rooms spacious, clean modern, international style. The breakfast great, omelettle/egg chef cook order, bacon, fresh fruit cereals, well requisite asian dishes.The rooms cleaned spotlessly, internet free room, location superb. South Shaanxi metro right doorstep, ATM hand, fantastic restaurants within walking distance, eg Face Bar Ruijin Guesthouse, Isabella's Trattoria, get investigate side streets. Parkson Plaza Department Store directly across road, stock bottled water champagne. Starbucks downstairs kickstart day. The reception staff I find helpful booking train tickets, handling myriad messages, parcels etc. All all, winner.",0.3146031746031746,0.5012698412698413,Jan 21 2009
3,3,"The deluxe room Well third stay honestly say pleasure again. The last time I stayed earlier month (Aug 08) upgraded deluxe room ,the standard rooms pretty good expectations high . I dissapointed.The room larger far space.The room service usual excellent standards ,your washing done ,packed ironed bag full 10 UK pounds ,returned 24 hours ,The bathroom least matching 4 star european equivalent . joy stay ,convenient location ,reception staff speak near perfect english .if try guided tours ,especially circus .For pounds get guide,travel luxury ,worth every penny. You'll still need ear muffs light sleeper local law enforcement curtailed noise minimum past 11pm . You get limousine FREE return airport stay 5 days longer. 10 10 time round",0.22199999999999998,0.4852222222222222,Aug 26 2008
4,4,"Good place stay westerners A less expensive familiar big brands, offers lot, although things may missing. This bother sleep, work, however leisure might need happy heading out.The interior modern, rooms like new, spacious. Some rooms bath, walk shower. There tv limited english channels. No entertainment. However broadband access free, via ethernet port. Outside rooms note swimming pool, small gym equipment room, two pool tables.There roof top bar, however may open summer, closed (despite signs saying open). There ground floor starbucks, many good places eat nearby within walking distance.Breakfast available - buffet chinese various western foods. Don't expect continental full english breakfast, find something suit you.I always stayed rear hotel, quiet. Overall, good western style hotel, particularly suited business travellers.",0.15321243042671617,0.35844959802102666,Apr 5 2008
5,5,"Really liked Mason Hotel: excellent value money We really enjoyed stay Mason Hotel Shanghai. Although located busy shopping road (Huaihai road), town traffic noisy, traffic noise room acceptable (on 7th floor). That downside, explaining less perfect score. However, half rooms (even numbers?) side hotel, quiet (not experience) .Room comfort spaciousness excellent, far superior got double price Hong Kong, subsequent stopover. Located heart elegant French Concession, right South Shaanxi metro station, easy access rest city right midst many good services tourist sights. There HSBC ATM next lobby.The interior clean, peacefull, elegant modern feel. Staff friendly helpful. Breakfast facilities excellent offering mix local Western food. Terrific value money.",0.29963924963924965,0.5362554112554113,May 27 2007
6,6,???,0.0,0.0,Sep 8 2009
