,Unnamed: 0,Reviews,polarity,subject,Dates_extracted
0,0,"top stay great hotel, good location, highly recommended stay shanghai(and forget check lounge 18 bund)",0.54,0.5975,Nov 4 2009
1,1,"The details really make difference We'd booked studio JIA three nights part trip round China. The bit tricky find, get good map ok. It's right West Nanjing Road metro station that's got airport, ride Shanghai's superfast maglev train (recommended).From moment arrived made feel welcome. Checking took minutes shown studio fifth floor.The room compact beautifully designed. This pays lip-service idea design. From well thought bathroom multi-region plugs, entertainment system, cleverly integrated kitchenette countless details, tell someone's spent serious amount time designing room look great function well place stay.Oh - bed comfortable bathroom toiletries really nice. And free broadband really fast reliable.We did, however, one major problem. Shortly checked in, noticed strange, drain-like smell. I'm sure coming from; possibly air-con unit kitchenette extractor fan. We put first night, get better, complained front desk.They responded admirably, checking smell moving us suite (no studios available). I safely say enormous suite impressive room I've every stayed in, huge living area lovely stone balcony. I assume problem one-off - really appreciated excellent service get sorted quickly.There lots nice touches too. The complimentary afternoon tea cake evening drinks lobby good way start evening Shanghai. And breakfast fantastic; expected buffet actually full waiter service breakfast cooked really high standard.Location? You're moments metro stop lots posh shops restaurants around. For something earth, hit food street round corner try Yang's Dumplings particular. They're something local institution, someone point way.The bad points? Well, information either rooms stayed in. I think want call reception information everything room service check time, bit information hand would've useful.And obviously, issue first room. But really, that's negatives. Assuming issue one-off, I honestly see could better Shanghai.",0.24518470418470417,0.5571847041847041,Nov 1 2009
2,2,"Wonderful In lovely 1920's building right Nanjing Road West.Perfect front desk staff. Helpful, warm, charming service.Lobby cute, slightly crazy air con (but that's China, keep 18C lucky). Room great, handy beautiful carrara marble kithchenette.Perfect bathroom. Towels could better though. Bit worn out.Decor simple minimal, yet warm welcoming.Issimo Restaurant AMAZING, best italian food I ever had. Pizza fantastic (I'm italian obsessed pizza).Delivered room fancy. Room service amazing, comes Issimo, menu.Breakfast good, could improve service buffet selection. Eggs amazing though, served grilled asparagus. Coffee amazing (Illy).I loved hotel.",0.4240388007054673,0.6944885361552028,Oct 10 2009
3,3,"Gorgeous great breakfast room stylish little small Jia fabulous based explore Shanghai. Stylish small excellent service really good feel. Our room lovely little small. Other that, positive things. Breakfast excellent (the rye pancakes especially). The afternoon snacks evening drinks real bonus. The service fantastic. Good gym washing machine dryer helpful.",0.29896694214876035,0.6918388429752067,Sep 29 2009
4,4,"A Shanghai Paradise If going Shanghai Jia it. Huge comfy beds, Hip Hotel decor, great staff, complimentary breakfast coolest dining rooms, complimentary afternoon tea evening wine,beer softdrink bar.The location perfect Nanjing road- walk pretty much shopping want.... copy markets 3 blocks away, piazza Starbucks, Wagam (italian food need western hit), bakeries end best street food laneway. Yangs dumplings best..... always queue. The traditional Shanghai soup dumplings 4 5 RMB. Further giant oysters BBQ garlic tomato touch chilli steal 5 RMB each.The Hotel perfect every way.Staff friendly,efficient always incredibly helpful I could easily moved forever. Thanks Jia.",0.43240740740740746,0.5907407407407407,Sep 23 2009
5,5,"Return stay-enjoyed second time! We returned trip Vietnam Shanghai spent last 6 nights trip balcony suite 6th floor Jia Shanghai. We stayed June time returned family upgraded room type balcony suite.This one cool hotel, lobby music, furnishings, guests, service-all top notch.Jia mean home, I told, lives up, quite exceptionally, name. Our suite full kitchenette, 2 baths, surround sound, 2 flat screens, balcony, great gadgetry including i-pod connection surround sound, plus 5 star restaurant quality cooked order breakfast day. The downstairs reading room, fully stocked refrigerator non-alcoholic drinks espresso's available 24/7. We rather took advantage available Pelligrino, Illy Coffee espressos cappuccinos juices hours, since kept strange work/sleep schedule last leg 15 day trip. The also quite good happy hour delicious olives nuts, stuck n/a beverages choice.The downsides rollaways children nightly turndown service(perhaps understaffed low season?). Otherwise location, hotel, service hard beat Shanghai price.I would highly recommend anyone coming Shanghai.",0.27697916666666667,0.4886458333333334,Sep 1 2009
6,6,"Top 10 I probably slept 1000+ beds round word. Hotels, Motels, friends houses, B&amp;B's, sleeping bags back seat cars....The JIA one 10 ten places stay world. Something different, fantastic interior design great staff supporting unique concept.I stayed 1 bedroom suite would recommend anyone, Mom Sultan Brunei. Downright cool.Two things need work. - The huge, hi-tech TV seems 5 channels.... late night room service weak, noodles rice Shanghai?I'll back ! ! !",0.11000000000000003,0.5083333333333333,Aug 22 2009
7,7,Wonderful Nice sits traditional building. Location ok given steps subway station. Room decoration stylish.If interst try local style.. breakfast close by. It cost us ~USD2/person only.,0.35000000000000003,0.7083333333333334,Jul 27 2009
8,8,"There's place like JIA. Where I even begin? Like previous reviews mentioned, JIA home away home â discreet location removed hustle bustle (but conveniently located otherwise connected) fantastic retreat. Itâs centrally-located Nanjing West Road, within 30-second walk Nanjing West Road Subway Exit number 2. Itâs right around corner Wujiang street, one end many trendy chain restaurants, another end night-market-esque âXiaochi Jieâ Mr. Yangâs dumplings found. However, I first arrived, I couldnât even find hotelâs entrance â itâs two doors âJIAâ written next â bellmen standing outside giant awning. Thatâs theme JIA â know youâre looking order find it.Step inside, two staff members dressed nines form-fitting black outfits, tapping away behind sleek Macbook. Everything check-in process quick slick â present unmarked white plastic key must scan order call elevator. Walk dimly-lit halls step inside inviting Studio room â complete stove, microwave, refrigerator, flat-screen TV. There pots pans cook with, well blue china, chopsticks, utensils serve on. The wallpaper portraits Chairman Mao it, one set drawers, thereâs Chinese version Monopoly, Chinese Checkers, English translation The Little Red Book. Itâs details!The King bed comfy, also small sitting area large couch, table, floral-embroidered ottoman. Bathroom included deep bathtub, ârainâ shower, jasmine/tea-scented toiletries. The staff extraordinarily attentive, bringing ice, extra sheets, etc. within minutes, making dinner reservations well. Itâs though could anticipate I wanted. (On last day, I called find checkout was. The staff member replied, âItâs 12:00 â would like schedule later checkout?).Continental breakfast simple, yet satisfying â ample selection breads, cheeses, yogurt fruit compotes, fruits, juices. Other complimentary âtreatsâ include afternoon tea, thereâs always new sweet treat well coffee, tea, unlimited soft drinks. From 6-8pm, thereâs free wine lobby, well. Definitely hit time, donât forget leaf unique coffee table books have. The conference room/business area includes two computer rooms sleek iMacs huge monitors.Two days in, friend upgraded us Studio Balcony Suite â oh, sweet was! The sitting area massive, fully-stocked bar martini shaker, bottle opener, measuring cup, six shot glasses, tumblers. The balcony looks onto Nanjing West Road, see interestingly-lit buildings night. Thereâs even small table two bar stools, want youâre party outside. There speakers ceilings sitting room bedroom, youâre even slightly tech-savvy, itâs easy take advantage different cords connect computer iPod blast party music space. The suite also includes powder room addition regular bathroom.Essentially, imagine thatâs unbelievably trendy, also back-breakingly accommodating, youâve got JIA. You even giggle way out, staff still indulge you. Book online, rates extremely affordable. Ah, JIA, sweet JIA.",0.11925394293815346,0.47696115775063136,Jul 25 2009
9,9,"Amazing Stayed JIA, trendy, classy hotel. The decor, cleanliness, staff world class. Loved breakfast toiletries.",0.545,0.8999999999999999,Jul 11 2009
10,10,"Fantastic Hotel Fantastic Hotel. Service exceptional, great location within walking distance high end brand name shopping mall. 1 min Nanjing road west line 2 underground. 10 mins Taxi French concession.I could recommend more. Rooms felt like home home usual corporate copy cat rooms.Breakfast great freshly cooked eggs order. The best part free wine beer every night 6pm - 8pm. A fantastic way unwind hectic day shopping sightseeing.Only downside stay constuction site used bund. Don't bother Expo 2010 disaponted.",0.3851111111111111,0.5593333333333333,Jun 22 2009
11,11,"Impeccable Service We stayed two nights JIA truly enjoyed stay. The beautiful design nice spacious rooms. In particular service impeccable. The staff friendly made relaxing experience sparkling water softdrinks offered without charged throughout day. In evening JIA offers wine, olives almonds, often relaxed lounge glass wine heading dinner. We also stayed two nights URBN, much enjoyed stay hotels. If return Shanghai would probably spend nights URBN due primarily enchanting courtyard URBN has. The service JIA was, however, better whereas URBN added many extra expenses final bill everything included daily rate JIA.",0.3736979166666667,0.5536458333333334,Jun 15 2009
12,12,"Stunning! This great option staying Shanghai well located, excellent value stunning stylish environment. It rather like staying ones designer apartment hotel. Rooms spacious comfortable, âkitchenetteâ area, fabulous bathrooms free WiFi. Good sound-proofing, superior bed linens, (although rather less great toweling) lovely toiletries. There turn service free soft refreshments throughout day good free wines available 6pm â 8pm ( although I receive advertised Veuve Cliquot arrival!) For me, two weeks travelling China, free in-house laundry facility great benefit (even washing powder provided). The restaurant, Issimo, enjoyable lunch also good breakfast. Restaurant staff particular friendly food high standard. I would certainly stay highly recommend it.",0.44549182299182305,0.6521308321308321,May 31 2009
13,13,"Really nice boutique hotel... The modern clean well decorated modern comfortable style. The room big king size bed lovely. The bathroom modern separate walk shower bath nice quality toiletries. There tea pot kettle room make green/ jasmine tea I liked.I room service I first arrived I jet lagged efficiently dealt with, arrived said would nice. I breakfast good. although service eggs slow I leave get meeting arrived (which hardly end world!).There small functional fitness centre I used days. There free unlimited water available drinking cleaning teeth (and making jasmine tea) lobby night free wine put guests nice touch.There also free broadband room came handy.Staff friendly, helpful efficient I checked time problems.I enjoy business trips much really enjoyed stay, luxurious spacious enough creature comforts feel homely - I slept better usual result. I'll staying I'm Shanghai later year.",0.2860000000000001,0.5425,May 27 2009
14,14,"A Winner What great - really good bedrooms, useful foyer guests only, good restaurant, great brekky, I could go on. Service beyong reproach, central location, could hard find, beds doonas (duvets) offered blankets means hot often warm climate. Shanghai , clean , safe interesting city prepping dor EXPO 2010",0.3875,0.6322619047619048,May 21 2009
15,15,"Exceptionnal design... service... Such disappointement especially see Jia beautiful, maybe incredible design i've seen city hotel. Every detail lobby, restaurant spacious room suite simply crazily trendy superb. I could even say Jia nicest city world problem: service...First all, arrive pay around 200 Eur per night, least, expect bit help left taxi lot baggage, expect smile, staff happy welcome best adress Shanghai case disappointed.Moreover, forgotten welcome drink details offered reservation procedure.Fortunately, i've informed manager took problem hands evening, staff already nicer almost problems solved still, turn service. However, apologize, GM offered one night free two nights stay nice gesture wish find five stars service i'll choose Jia cause i'll choose design hotel.However, still highly recommand Jia perfect location middle Nanjing rd, heart city; yummy italian restaurant eat delicious food trendy cool atmosphere; comfy large rooms finally design, unique, everywhere hotel....I'm sure Jia deserves three points stage, can't give due service...",0.40422735760971046,0.6307749766573296,Apr 14 2009
16,16,"Almost perfect stay! They done lessons! Though quite happy stay Jia last year, still decided stay Jia 10 days Shanghai visit, mostly perfect location. But I say, I really impressed! All small irritating things niticed last time gone! The service much better, almost perfect. The rooms lobby stylish nice, used be. The reception staff efficient helpful, The breakfast served upstairs restaurant much much better before. They still serve caffee, tee soft drinks lobby throughout day, still happy hour wine, gerat unique! We tried italian restaurant once, pretty good. The place seems in, since restaurant pretty full. The bar also nice, could arrange couple tables more. So whole, felt really home Jia would hesitate stay next time again.",0.4060267857142856,0.6333333333333332,Mar 23 2009
17,17,"Without question impressive We originally picked newer URBN JIA due hype URBN receiving time - however another two nights break fill decided move JIA change scenery. I think moving JIA best decision made six week break. This oasis Shanghai appreciate quality discern true style need stay. The lobby calming cool - complimentary afternoon tea evening drinks bar exceptional - particularly Shanghai even coffee expensive western standards. The restaurant offers great value western style (italian mostly) cuisine - set meal AUS$25. We currently live Philippe Starck designed apartment building familiar style - appreciate appreciate deisgner finishes place stay - LCD tvs, marble kitchenette, floor ceiling gold Bisazza mosaics bathroom, Philippe Starck designed porcelain products, polished wood floors, thick wool rugs - exceptional quality end end. There really money spent building worth every dollar I paid stay here. The manager visible time often seen chatting guests giving guidance anyone unfamiliar Shanghai. Avoid rest stay here.",0.2817234848484849,0.4534722222222221,Jan 3 2009
18,18,"Boutique Chique Shanghai-Loved it! What change stay lovely small, unique, ubercool, hip biz hotel. Bang centre Nanjing Road, quaint decor, outstanding crisp linened bed, amazing shower. Nice continental breakfast, albeit bit strange sit bar cereal!Loved small touches, helpful friendly staff , knew u wanted ask for, resturants, parks, shopping etc.Funky gym, could lap pool. Only side room view!",0.2042735042735043,0.6138888888888889,Dec 14 2008
19,19,"What great - place stay Shanghai We fell love Jia Hong Kong stayed years ago, &amp; excited heard parent company planned open Jia Shanghai. There never doubt would try Jia Shanghai soon chance.We disappointed. Jia uber-stylish incredibly chic right heart Shanghai.The good* It's stylish hurts. Everything place screams cool. Check photos site site. It's great!* The rooms big comfortable. I slept soundly thanks black curtains &amp; comfortable bed. Quality linen good, bed hard soft &amp; pillows downy &amp; soft.* Air conditioning efficient &amp; quiet* The bathroom big &amp; beautiful. The Bisazza tiling fabulous. Excellent quality toiletries.* Every room kitchenette well comfortable sitting area (Jia means home, rooms designed home away home).* Free internet room.* Very well equipped gym.* Complimentary glass Veuve Cliquot cocktail check-in.* Complimentary refreshments day - soft drinks &amp; water day, wine evening, coffee &amp; cake afternoon.* Fantastic location right Nanjing Road.* Great Italian restaurant in-house.* Very good service staff front desk.The bad* [Temporary Problem] Construction next door noisy end wrong room.* Toiletries replaced 4 day stay &amp; ask new shower gel.* Breakfast average. Continental breakfast included room rate &amp; selection slim. Extensive menu breakfast items available.* Breakfast served bar area &amp; crowded...Having stayed numerous hotels Shanghai, far &amp; away favourite. Maybe ideal love business extensive buffet breakfast &amp; complete business facilities, want stylish heart Shanghai, can't better Jia!",0.23930834317197958,0.5990480125934671,Nov 29 2008
20,20,"Didn't want leave Stayed Jia Shanghai 5 nights, absolutely loved it.It great boutique hotel, right touches. Beautiful rooms, wonderful decor (love Tom Dixon lights) great service.Beds super comfortable bathrooms pretty special. Gorgeous bisazza tiles lovely bathroom products.Loved little touches like cakes afternoon, complimentary wine champers evenng bar. In city dodgy Australian white cost $100, fact could lovely prosecco evening going fantastic.Great location West Nanjing Rd. Plus right next Wujiang food street, famous Yang's Fry Dumplings - best dumplings Shanghai fabulous 'local' experience. The French Concession area also within walking distance.I can't rave enough place. Would stay next trip Shanghai.",0.38053350970017635,0.56331569664903,Nov 12 2008
21,21,"Great Boutique I recently stayed JIA Shanghai impressed it. I previously stayed JW Marriott Ritz Carlton compared vary favourably.The room great size comfortable bed I liked fact stereo set I could play ipod it.The service good whilst I eat restaurant I drink bar, Tuesday night pretty lively fun.My complaint relates room service, precise, lack of. I able order food outside charge room convenient.I would certainly stay would happily recommend.",0.38023427552839323,0.661358543417367,Sep 25 2008
22,22,"LOVED IT! We stayed four nights, thoroughly enjoyed it. Its location convenient West Nanjing underground station (literally one minute away) useful get around. The location also quiet good.We standard room spacious. We loved entertainment system large LG TV!!! We also enjoyed small things like fresh apples lollies well. The complimentary breakfasts nice, fresh croissants choice cereals among selection. We also liked free drinks, afternoon tea sessions. The complimentary glass wine/champers also nice touch.The front desk always helpful friendly, spoke good English.There probably cheaper hotels around, quality service Jia superb.NOTE - would recommend going street JIA cheap food street, fantastic street food eaten cheap prices - dumplings aplenty!!!!",0.38611884920634915,0.5704317460317461,Sep 17 2008
23,23,"Nice really priced For first time I decided say goodbye Ritz Carlton, Four Seasons etc...in Shanghai try famous Jia Hotel.It nice really OVER PRICED.A room room ! If pay more, service going receive. JIA give service expected price.I return",0.35,0.5791666666666667,Sep 7 2008
24,24,"110% Perfect I never written review before, feel compelled spending 4 incrediblenights I would consider one world's finest boutique hotels. Jiareally feel like opulent home rather hotel.I contacted directly got much cheaper rate suite thanbooking website. I mentioned husband's birthday thenon arrival upgraded Penthouse suite described asbreathtaking bathroom huge luxurious. In penthouse waiting forus, bottel French Champagne fruit platter. After long flight, thebed felt like cloud. Prior arrival I organised concierge book restaurants andtransfers. All done without problem.The Penthouse, breakfast area bar (we loved complimentary afternoon tea andevening drinks) immaculate every staff member came across veryfriendly willing go way make stay memorable aspossible. Their English reasonable too- better expected. I even consider staying elsewhere next time we're Shanghai. Even theposition perfect.",0.2777777777777778,0.5249999999999999,Jun 21 2008
25,25,"Style substance stayed Jia may 08 weekend.... Having stayed top hotels around world (Mandarin, Ritz, Aman Resorts, etc), found experience priced average. Here problems Jia .1) No basic amenities - whole point staying smaller exclusive boutique (as opposed Ritz Carltons / Marriott's world), expect personalised experience boutique hotels known for. - Well... starters... wake late miss normal lunch hour (i.e., 2.30PM)... need meal... either need walk main street find one... use &quot;Unique home delivery service&quot; caters outside restaurants reach hour+. ... OR... reception told me.. eat instaht noodles provided pantry.. make myself... charge prices for.... OK... where's personal touch that? - For that's priced high side... think acceptable. I understand might able run full service kitchen day.. given boutique that's sold personalised experience, offer maybe small menu peak hotels... done really really well. - You can't even get room service coffee. - And...... restaurant closed Sundays.... er... days close restaurant.. would anyone pick Sundays.... ??? end, take taxi Portman Ritz blocks away get meal.Other that... decor bad... staff OK.",0.13780303030303032,0.43909090909090903,May 27 2008
26,26,"Incredible Oasis The Jia incredible treat I would highly recommend looking quiet &quot;boutique&quot; experience instead large 5 star hotel.The design contemporary, warm stylish.I felt extremely &quot;comfortable&quot; &quot;relaxed&quot; rare dealing hussle bussle Shanghai.My complaint morning breakfast buffet little lacking comes &quot;protein&quot; content.",0.2190376984126984,0.6223809523809524,May 23 2008
27,27,"One best hotels world I pleasure staying Jia Shanghai 5 days early March. It tail end hectic business trip I planned 5 days first stay stunning city Shanghai. Several friends lived Shanghai recommended number high end hotels French Concession - although looked nice I touring area, I definitely say choice stay Jia definitely correct one.I thought I booked car pick review forgotten confirm this. When I called hotel, offered give cab driver directions - without problems. On arrival (around 11pm) rapidly checked wisked room. The room, standard studio, spacious incredibly stylish. They clearly thought everything - although simply furnishes everything incredibly comfortable functional. The king bed one comfortable I slept fluffy pillows. The toiletries amazing well (ginger-jasmine sent beautiful esp flawless rainshower).There simple kitchen came handy. The free wifi unique. The lobby beautifully decorated beautiful bar/breakfast room. Although breakfast simple (I think people expect continental breakfast lot more) - plenty fresh fruit, breads pasteries (excellent Asian standards), great coffee. There non-alcoholic drinks coffee available throughtout day free - another major plus (soda pelligrino free - nice touch). Defnitely geared western crowd.The location prime - practically top Nanjing West subway station lots cabs. Its also quiet nice location main food street block away. The staff incredibly helpful wrote name location I needed throughout day make cab travel breeze.In mind, alternative Jia staying Shanghai - truely magical place functional, stylish, comfortable. It truly home away home!",0.3644444444444445,0.5964575702075703,Mar 19 2008
28,28,"Very cool new place Shanghai New JIA Shanghai fantastic!! rooms amazing stylish, attention detail design taken serious thought, everything need, have!even little kitchen!The lobby breathtakingly cool like walking art gallery! The staff attentive always open door arrive.In rooms lighting digitally programmed moods effects, blue led switches, get great big LCD tv every room, 2 suites! plug laptop desk , allows personal music play every room suite - great soundsystem too! free wireless broadband, nice considering 5 star hotels China still insist charging!The location perfect, right opposite one favourite malls, Citic plaza. Also within walking distance rip-off plaza 66 - really need Prada fix!The restaurant open yet , HK Jia anything go going fantastic! Currently running home delivery service local restaurants choice great idea room nice (corner suite) I decided stay take japanese delivered watch tv instead going one night!the bathrooms minimal fittings super high quality, lovely slate flooring whole bathroom..I stayed Shangri-la, Hilton, Portman ritz carlton, The Westin, I say JIA beats all!!!- I always return Shanghai trips! feels much home ! thanks JIA!",0.30058603896103897,0.5503284632034633,Oct 4 2007
29,29,Nice!,0.75,1.0,Aug 29 2009
30,30,Decevant,0.0,0.0,Sep 23 2008
