,Unnamed: 0,Reviews,polarity,subject,Dates_extracted
0,0,"Worst service recent memory. I booked regular room first smallest room I ever seen. I 2 nights I let go I taking shower water suddenly went icy cold winter Shanghai. Fortunately, I almost done shower I would frozen shower. I called desk apology. I requested transfer suite paid double price discount. The room spacious internet working - apology discount insisted something wrong notebook. I could accept working ago small room I transferred from. Then I wanted cook food I told I pay 10 yuan utensil. I would stay even free.",-0.10769230769230768,0.5430966469428008,Nov 8 2009
1,1,"Best Value Money If dont need frills - stay here. They give nice comfortable rooms, I got one 26th floor - view amazing nice cool breeze. The rooms bit small comfortable clean - ask USD 30. Just carry map location along you, many Taxi drivers know location Service apartments.",0.4033333333333334,0.7045454545454546,Jun 7 2009
2,2,"Great value Families I stayed one 3-bedroom apartments end November family 5 (all adults) 3 nights. The apartment spacious large living dining area. The apartment modernly design high quality expecting price paid.The issues front desk I found staff rude unhelpful (even bell boy friendly helpful!). Also, whilst apartment fully furnished, kitchen completely empty utensils washing machine laundry water pipe installed needed call maintenance fix. Although location close places interest, considering price quality worth staying Rayfont (since price taxi's fairly cheap Shanghai).Since traveling group 5, Rayfont best choice could find.",0.29191964285714284,0.4507142857142857,Nov 23 2008
3,3,"bad money Not expensive , stayed 4 nights small basic room approx 450 rmb Quite modern clean. But romm small almost desk computer. Then changed room one bedroom apartment type kitchenette living room. Much spacious almost twice rate .Restaurant breakfast OK nothing (half chinese half western style)Staff quite professionnal need repeat many time coz english is.... SO SO At end OKHotel location ..... Not busy district walk leat 15 minutes ( taxi ) find shops restaurants.At end , bad . I would return short stay second choice . I would try another place . Nothing really amazing place except low prices basic rooms....",0.019097222222222248,0.3890277777777778,Nov 14 2008
4,4,"Okie Short trip We stayed 2-bedroom Apartment Block B 26th floor 5 nights. Rooms neat clean there's nothing much complain it. Breakfast good decided go breakfast instead.One thing staff, speak much English fortunately able speak mandarin them. We asked one staff regarding shopping areas Shanghai recommended street full shops. (That around 6 evening). So I hailed taxi proceed there. I shocked stores closed. He inform shops closed then. In end, I take taxi another shopping area.If staying without using facilities fine. I went pool 3rd day stay found weird swimming cap needed going pool gotta purchase it. It &quot;indoor&quot; swimming pool, Why say &quot;indoor&quot; previously raining droplets water dripping &quot;indoor&quot; pool glass ceiling. Maintenance pool area kind poor.I would probably think twice staying amount I paid for.",0.057291666666666685,0.45260416666666664,Nov 3 2008
5,5,"Great lot patience tolerate incompetence. FACTS. I reserved room www.hotels.com $59.00/night. I stayed 18 days '08 Olympics. . If smoke, make sure stress travel agent online booking company want non-smoking room. Those rooms located first eight floors building. In words, expect non-smoking room high stories. . I made sure I called days arrival confirm reservation. Always that. Luckily, reservation though language barrier. The telephone number [-].. Once arrive PVG airport get luggage, exchange $500 RMBs/Yuans bank kiosk located baggage claim area. At time, rate $1.00 = 6.74 RMBs/Yuans (pronounced Kwan). Warning, trust exchange bank tellers slipped 100 RMB/Yuan notes two fake 100 bills. As saying goes, know know. I discovered couple days later one would accept two 100 bills fake, fact color copies, SOB! Taxi drivers gave &quot;are kidding me?&quot; look. It embarrassing. I ended shredding throwing away. Learn -- fake bills 20 RMBs/Yuans. 100s rare I unfortunate one. Check every single 20 100 RMBs/Yuans bill even get change bank teller, front desk employee, store clerk, restaurant, even taxi driver rushing give change back rush hour traffic. Stop take time checking every single 20 100 bill. You scratching fingernail neck hat General Mao Tse-Tung. If feel crevices likely fake. Don't worry get rushed clerks laugh trying smart checking fake bills. Do find money hanging trees. I learned lesson hard way ended catching fakes days Shanghai.. The hour drive PVG airport. Cost approximately, 100 RMBs/Yuans, bad all. Make sure print copy Internet address Chinese taxi driver better yet, print attached scanned card show Taxi driver. Most drive fast. Close eyes think happy thoughts. No tipping China. The formerly known Rayfont Celebrity Service Hotel Apartments. It located 1077 Xie Tu Road (pronounced Che Two Lu) intersection Ruijin Road (pronounced Roohen Lu), Lu meaning Road. . At check time, front desk run debit 1000 RMBs/Yuans deposit supposed return damage room.. The single room reminds bit room W Hotels States -- dark brown somewhat contemporary furniture. The room Queen-size bed nice large leather headboard, like hotels China, mattress padding, word, felt like sleeping hard surface, bother since better back; however, majority Westerners find extremely uncomfortable. The room also included desk, chair, two end tables, one table lamp, dresser, decent-size closet, small combination safe, analog television 60 channels including English language American channels. The room looked exactly like panoramic picture advertised website; however, room big appears picture. After all, panoramic picture makes room look larger. The size bedroom 10ft x 12ft including furniture. There 3ft clearance around bed.. My room clean odorless.. The AC room worked great. You freeze room outside temperature August reaches 95 degrees.. You get Internet service room via Ethernet cable 40 RMBs/Yuans $5.00/day. Instead, I wirelessly freely joined unlocked Linksys Network placing laptop computer close sliding door end bed. Sometimes connection weak enough check e-mails I made coffee shop restaurant usually free wireless Internet service available. . The bathroom looked like picture advertised website well. Stand shower, commode, faucet wash feet, plenty cabinet space, heated lamps winter, plenty clean towels, combs, tooth paste, tooth brush, hair cap, soap, shampoo, conditioner, body wash, etc. . Housekeeping great job. A team two girls usually knocks door 9:30 a.m. 1:00 p.m. They sweet, polite humble. They speak English. Expect knock door even clearly place &quot;Do Not Disturb&quot; sign outside door handle. They every single day regardless -- accept it. They stupid -- they're trying job. They seemed honest, nothing taken room, MacBook Pro, iPod, camera, PDA, souvenirs -- nothing. They replace sheets every third day effort conserve water (Kudos); however, replace towels every single day I asked to, mopped bedroom/bathroom/balcony floors, wiped dust. No tipping China.. Although floors concrete, one easily hear guests floor walking bed frame banging headboard floor whenever getting on. That expected construction quality China par.. I able hear traffic construction noise 18-day stay -- course sliding door balcony always closed. By way, make sure door lock position balcony fire exit door leading stairwell.. I never felt unsafe anytime stay even I returned midnight; however, I brought attention assistant manager fact security guard checks access keys whether guest staying letting person walk lobby catch elevator up. He sincere showed interest I trying make aware of. He assured security guard. What referring young guy waits outside door holding Walkie-Talkie. He usually opens passenger door whenever taxi pulls entrance. Not guys work third shift ask credentials, standard practice hotels around world. After all, anyone would problem walking late night, taking elevator room breaking in.. The assistant manager William Yuan. Very nice, professional, soft-spoken, young fella. He spoke English well eager assist me. I impressed outstanding customer service managerial skills.. Although restaurant hotel, I eat I told good. I can't say sure.. Be aware sending dirty clothes laundered expensive. For example, wash plain white undershirt, T-shirt, underwear, etc. cost $20 RMBs/Yuans = $3.00. Each shorts cost 25 RMBs/Yuans = $4.00. Your best bet need wash clothes get hotel, make right Xie Tu Road, walk next street, make right, walk apartment building behind find public Laundromat. Make sure check price sheet. . One Wednesday midnight way back hotel, taxi passed Karaoke club Xie Tu Road approximately 300 yards across hotel. There lots attractive women I mean really, really attractive girls existing club. The taxi pulled entrance. It little midnight. In lobby I counted six girls sitting couches two standing talking one another. First thing came mind was: &quot;Holy Toledo, must fashion show I wasting time Starbucks Costa Coffee Shop.&quot; The women I saw lobby night b.e.a.u.t.i.f.u.l. Not average, 5'10&quot; Shanghainese, long black hair, pretty girls. These girls looked like models - kidding. I traveled many places world like Russia, Ukraine, Italy, France, Brazil, Germany, Denmark, Japan, name different. They looked like models. They vulgar. They speak anyone. They sleazy looking. The scene looked like after-fashion show function. The concierge, trying keep eyes open China employees work 12-hour shifts, pay attention girls. They minding business. I asked whether I missed fashion show. He explained working girls left Karaoke club street came earn money return services single/lonely guest shows interest. He added professionals charge 120 RMBs/Yuans = $18. He also mentioned working girls clearance tested. I asked whether sight working girls lobby offends guests. He replied low key despite beauty. That know exactly single staying alone not. Folks, I learned later typical hotels China even luxurious hotels &quot;Bund&quot; many tourists refer recommend reviews. Again, typical hotels there. Since cup tea, I ended going room slept face down. :-)WHAT I WISH WAS DIFFERENT - Let begin saying one China obligated cater us whose native language English I respect that; however, elsewhere China language barrier. Most front desk employees concierges speak understand little English. Let stress word little. In rare cases, I able find concierge spoke understood English well. I blessed one concierge understood helpful recommending places dine, professional /well-reputable massage parlors, wrote directions Chinese give taxi drivers, etc.. The irritating frustrating things left really bad taste mouth were:(i) Receiving calls room. Almost every time girlfriend called hotel, gave room number, last name, asked transferred, front desk operator(s) acted clueless failed transfer call. She called every morning 18 days I stayed went teeth pulling process reach me. Even Chinese buddy lived Shanghai spoke perfect Mandarin Chinese became frustrated repeated incidents stupidity incompetence front desk operator(s). They hang phone times. No kidding. (ii) The incompetence front desk/reservation due language barrier taking initiative. Say want check two days scheduled date. So call Hotels.com inform leaving earlier scheduled. You go downstairs inform (clearly slowly) front desk staff plans. You ask document system guest room # .â¦. checking two days earlier. The front desk staff assures noted system. You stop next day 100% sure time around staff front desk aware plans cannot find notes! So inform (clearly slowly) plans. On checkout day, final walk housekeeping confirm damage room nothing missing. You request housekeeping girls call front desk inform everything okay. They make call standing there. You go downstairs check really quick check out. You ask 1000 RMBs/Yuans deposit back say cannot yet check damage room! Fifteen minutes wasted taxi waiting entrance running late airport. You call housekeeping confirm. They finally return deposit. You ask regarding refund two nights staying there. They reply Hotels.com call confirm checked earlier planned. On way airport call Hotels.com. They call confirm left. You expecting refund credit card, right? Guess â 30 days pass refund! You call Hotels.com call confirm front desk unable find reservation system person phone âpasses buckâ ask Hotels.com representative call next day speak someone else. Welcome China folks â ask simple question likely end getting passed five different individuals question answered. I guess shy away whenever language issue.",0.08376832280531261,0.47407859572400385,Sep 29 2008
6,6,"A good slightly out-of-the-way location Having booked Rayfont Hotels.com rate less GBP Â£30 night I expecting great things. I pleasantly surprised. The inside attractive double room well-presented, wood effect flooring, lots storage balcony. The bathroom beautifully appointed spacious. My room whole clean seemed well-maintained. There good pool free guests, receptionist made point mentioning check-in. The restaurant first floor attractively decorated and, apart breakfast, suprisingly reasonably priced. Staff friendly concierge particularly helpful translating destinations Chinese characters taxi drivers arranging taxis. The downside location - metro station nearby took twenty thirty minutes reach places interest taxis; although cheap, hassle cost could mount like come go day. I agree previous reviewer extremely hard find primary information online. After lot searching, I stumbled across hotel's website English (http://www.longemonthotels.com/en/dyrf/).",0.2881944444444445,0.49826388888888884,Sep 16 2008
7,7,"Rayfont - bad option Initially found place Expedia wanted find info. But it'svery difficult locate www. I eventually found website Chinese only, rates online booking, pretty useless. Additionally, business card states web email address.Location: South west Shanghai. Not usefully near metro, unless really want walk 15 mins searing heat. Therefore, taxis everywhere. Average price 25 rmb, average journey time 20 mins so. Depends time day, destination, course. Getting taxi home rush hour nightmare. 45-60 mins fom Pu Dong airport, 30-45 mins Hong Qiao. Small metro next hotel, restaurants within walking distance. Most taxi drivers clue find it, take card hotel.Accomodation: booked &quot;luxury 3 bedroom deluxe suite&quot; Â£79 per night (expedia). Initially booked 2 nights case like it. But like stayed 5 nights. The apartment spacious well equipped, quite well maintained modern dark wood flooring throughout, comprising:1 king size bedroom en-suite (the en-suite bit tired shower bath). 2 double bedrooms separate shower roomwhich good condition. Good size living room 2 sofas, dining table chairs, tv, cabinet, etc. Basic comfortable welcoming.Fully equipped kitchen (glasses, cutlery, plates etc available request) washing room (with washing m/c). Huge balcony wrapping round whole apartment. Dirty, unfortunately, windows.Internet available 3.6 rmb per day, plus .06 rmb per minute, 300 rmb per month. Apartment cleaned daily laundry service effective bit expensive.Didn't bother restaurant, except one late breakfast utterly pathetic. Pool looks good, big. There's massage place basement. Staff fine, although wife Chinese I spared usual communication problems.Would I go again? If I needed accomodate 3 people, family, definitely. If two adults, I'd go better location.",0.07907801418439715,0.4696099290780143,Aug 31 2008
8,8,"Avoid possible We impressed hotel. We two bedroom apartment, consisted 2 bedrooms small hall connecting them, along small closet bathroom. First, good: room 23rd floor nice view courtyard, relatively noise free (from outside noises anyhow). There TVs bedrooms got lot channels (once plugged coax cable, unplugged), including several English channels. Check-in check-out somewhat efficient, least prepaid reservation (unlike person behind us whose reservation lost). That's end good...The rooms reeked smoke (we non-smokers, stayed smoking rooms many times without problem, smell rooms enough make sick). The beds hard springs poking you, mattress sagged tendency roll towards middle. They required 1000 CNY deposit, long list things could charge &quot;damaging&quot;, even though room already poor shape. There 3 us, asked new towel, presented receipt showing 90 CNY charge, eventually, much struggle, figured charge returning extra towel. The floors seemed thin could hear people us moving around, top experience out, kill several bugs (beetles?) bathroom. I would really recommend spend dollars stay somewhere else.",0.04912616952939533,0.43223188102220356,Jun 16 2008
9,9,"Not Celebrities.... Out centre Shanghai beside french concession, Celebrity typical asian serviced appartment offers exactly advertises - great space bargin $$$.The appartments relatively easy find taxi drivers ,but bring card case - imediate locality lots small shops stock snacks drinks appartment good bakeries breakfast. If enjoy walking, ex-pat area, bars restaurants, French Concession 15 minute walk throught tree lined streets.The room (we delux suite) large seperate kitchen (with utensils) dining area sitting room seperate bedroom. Comfy sofa (which opened bed) large tv lent comfortable lounging space evenings. Good hard bed basic bathroom (rubbish shower). Decor excellent good black curtains stop early morning sun, trafic noise!Staff friendly tried help minimal english - matching minimal mandarin! On arrival reception record booking - transpired read name passport properly, looking booking name James (my middle name!!!!!)Didn't eat cafe: looked ok though &amp; always seemed busy.The pool spa area basic sufficient laps wake morning.For money Celebrity offers fantastic space travelling children rather cooped Shanghai's small rooms. Not central within taxi ride anywhere!Recommended.",0.1716736694677871,0.3872198879551821,Apr 9 2008
10,10,"Too far It smells. Shanghai smells, hotel. It puts Sh Shanghai. But city that's grown fast really advance plan sewerage system, perhaps like others. The staff try best. Their English levels really bad they're eager help. The rooms look good website close bony uncomfortable. In favour they're huge inviting. The local area rubbish. There nothing see do, end getting taxis centre town. Fortunately they're pretty cheap. If got money, stay one super luxury hotels. If haven't, bother Shanghai.",0.1988888888888889,0.5688888888888889,Jan 14 2008
11,11,"A reasonable fair price Stayed family suite 3 bedrooms one big living room. It kitchen well. Stayed 3 days perfect us. We stayed 6 people there, instead getting 3 rooms, decided try big suite. Worked pretty well 2 bathrooms showers (one bathtub well), large kitchen large living room + 3 bedrooms course, nobody got tired sitting others laps. The living room natural meeting point large dining table coffee table, could sit. A drawback definitely breakfast. Not inspiring, pretty cheap (20 RMB). There good little kiosk next bought food instead. We pay extra plates, knives forks kitchen totally empty even gave making dinner went instead, count making 3 star Michelin dinner here. Would recommend room 3 couples like us. The service fair. The location little bit away center pretty close Shanghai office though walking distance. Next time I'll rather choose something closer city center take cab office...",0.19325396825396832,0.5402116402116403,Dec 11 2007
12,12,"A well run I spent almost two weeks special olympics, I chose based location, reviews price I certainly disappointed.Check best, staff barely spoke english got formalities direct room minds put ease. The rooms great condition excellent views across city.The side resturant best, poor cloice food back room needed painted. There prblem getting taxi's hotel. Also, mentioned actually three ATM machines besides lift, need walk street withdraw cash.",0.23189484126984128,0.39816468253968246,Nov 13 2007
13,13,"A Well Kept Celebrity Secret Getting there: From Pudong Airport 160 CYN. Best map &amp; Chinese translation hand driver. Found one online lifesaver. Keep mind taxi drivers speak little English. Check in/Check out: There 1500 CYN guarantee charge visa card check in, refunded checking out. Had problems credit card that. Checking easy. There English speaking staff available assist.Conceige Services: Provided good map helpful information. Luggage storage facilities available - fact held bags us 2 days went Hangzhou want lug along. Also helped us book tickets Era - Intersection Time, quite distance away, wanted get ourselves. We tried initially book online arrived, avail.Rooms: We booked 2 bedrooms apartment - thrilled. There 2 bedrooms double bed (a little hard, I found alright), telephones television each. In one rooms, refrigerator tea making facilities. Bedroom slippers available room airconditioning. Handy like varying temperature gets varying times! And â¬50, simply unbelievable Shanghai!!! There 2 blocks - A,B C,D. In first part stay, C block better A block, appeared holder damp problem. We quite high up, good meant noise! Shanghai busy city!!! Bathrooms showers - tubs. There plumbing issue, I think rather common throughout country. Easily remedied good ol'plunger quick sort out.Entertainment: Television local channels. Hardly used hotels facilities, although I sure facilities had. I think massage services coffee shop house. They also local English papers magazines. Best bring novel.Location &amp; Local Amenities: SItuated 15 minutes metro station - Da Ma Qiao, handy efficient. Otherwise, staff hails taxis guests. Please aware may queue morning taxis. Taxis cheap safe. As Shanghai spread out, taxis less essential - use official taxi rank!!! Local Amenities include supermarket 5 minutes walk away - cash local credit cards only. There also bakeries &quot;pao&quot; stalls (steamed chinese bun) convenience stalls nearby. Silk King Da Ma Qiao junction wanting buy Silk. Overall, would stay again. Good value, convenient. But looking 5 star comfort, it! This local business/family hotel, one looking clean decent accomodation base.",0.18007068452380953,0.4533134920634921,Oct 7 2007
14,14,"Neither heaven hell During 11-night stay Celebrity experienced everything prior reviewers noted exception location. It within walking distance tourist attractions, especially hot August. The property relatively new, already showing signs age deferred maintenance. I saw plunger outside front door, prepared worst, need use it. The cleanliness ok. The damp mopping merely spreading around soil, I wiped spills kitchen floor paper towel came black film. Ok, details. The front desk staff ranged smiling dismissive. Rarely truly helpful. They clearly suffered ails many Chinese hotels. The public contact staff process oriented customer oriented. Being forewarned previous reviews, inspected refrigerator soon entered room found plugged in, turned room temperature inside. We asked relocated immediately.Our deluxe suite special Travelocity, great deal. This rate high value, get prepare western breakfast range, coffee maker, hot water pot. For 50 Yuan rent basic tableware cookware. It's good deal longer stays, allowing spoiled westerners enjoy eggs style cold breakfast cereals like home. A Century Mart four blocks east good selection groceries, fruits vegetables. The convenience store two doors west.The deluxe rooms comfortable nice sofa side chair, living room table, TVs bed living rooms, dining room table four chairs. The beds reasonably soft considering China. By western standards firm, much better rock hard common China. Sheets changed every days, change daily request. The maids tried hard. The problem damp mopping without frequent rinses clean water training issue. Another long-term occupant different maids complained elevator assistant manager lobby lack cleanliness unit.The restaurant reasonably priced limited breakfast buffet. After one try, opted cooking/preparing own. The location south downtown, 15 25 yuan taxi tourist attractions. Taxis cheap, daytime gridlock make problematical sometimes. The doormen efficient obtaining taxis street.The internet service worked advertised. The plug converter, extra pillows extra towels required signed receipt, promising pay missing upon checkout. The south view high floors takes Huangpu River, site 2010 World Expo along river.If mediocre good enough value driven, Celebrity decent choice. The longer term reservation specials price property bargain range per square foot three-star property. The two three bedroom units certainly draw family small group friends. If require attentive service and/or require pampering, happy Celebrity.",0.16426609848484847,0.5158634334415586,Aug 29 2007
15,15,"Underwhelmed We stayed largely due positive reviews find puzzling. Indeed new experienced number basic failures. Plumbing poor - housekeeping plunged toilet once, though little paper confront. The refrigerator slightly cooler room temperature, fact discovered chicken salad sandwiches spoiled. The manager splice wires get Internet connected. Service somewhere lax arrogant. Upon requesting late checkout, Assistant Manager told us (very belatedly), &quot;Ha ha, no, see... Shanghai. We here.&quot; We've stayed ten diverse hotels Shanghai; many fine options reasonable prices. The old adage still rings true: usually get pay for.",0.08894300144300143,0.4388888888888889,Jun 11 2007
16,16,Amazing Hotel AMAZING hotel.Very near attractions.Friendly staff(atleast one English speaking).Chepest Hotel find.The almost new facilities.Dont spend much Brand name hotels.,0.27272727272727276,0.4757575757575758,Apr 30 2007
17,17,"Great Value Money I stayed brother friends last March I good place stay running tight budget. Unlike previous I stayed in, Shanghai last December, standard stuff. No pillows L'occitane toiletries. But lets say adequate. The room okay, got two bedroom unit, though beds small share beds, okay...its like cramped. The problem 1 bathroom mornings hell.The staff can't speak much english helps speak mandarin. bank next door need money convenience store next it...so buy supplies. Anyway good hotel, even greater value money.",0.195326278659612,0.3365520282186949,Apr 4 2007
18,18,"Highly recommended!! We stayed Chinese New Year, fantastic! The place spotless modern bathroom comfortable bed. We got room highest level view top famous oriental pearl tower. As chinese new year, free firework shows everynight made stay even special. Service excellent offers affordable buffet breakfast affordable prices. Anyone looking reasonable priced, lovely consider Celebrity Apartment. Although bit far touristy places, situated quiet neighborhood taxis doorstep.",0.30420369104579625,0.5528343586238322,Mar 14 2007
19,19,"Great Hotel This great price, fantastic balcony view. The room really clean always least one staff memeber duty spoke English. Not really walking distance BUND all, easy find taxi time day night. Also, located less 1 block 7-11 type store, worries purchase water snacks hotel. The bed really comfortable, room bigger many I China (maybe small American standards). Highly Suggested!",0.2055555555555556,0.48933333333333334,Jan 25 2007
20,20,"Best Value Shanghai-Excellent Hotel great service We stayed October 16, 2006 October 25, 2006. The well located, staff helpful even concierge. The rooms clean well appointed. The breakfast buffett everything, including chinese favorites western style breakfast.The staff english skills like 7 1 10 scale enough help stay.. The air conditioning rooms excellent broadband access, although additional charge, runs well. The minor flaw drainage bathtubs toilets somewhat slowTransportation easy catching taxi easy. The business cards map printed backside cab driver knows return hotel.I look I go back Shanghai. This winner..",0.3072549019607843,0.4996078431372549,Oct 29 2006
21,21,Rayfont- auch mit Kind empfehlenswert,0.6,0.9,Oct 22 2008
22,22,????????,0.0,0.0,Sep 11 2008
