,Unnamed: 0,Reviews,polarity,subject,Dates_extracted
0,0,"Good Good hotel, good price, good location.The problem smell restaurant.",0.5599999999999999,0.68,Jul 10 2009
1,1,"Excellent location large rooms The location good true. Barely minute's walk West Nanjing Road metro station. We took Maglev train Pudong airport, changed metro line, got West Nanjing Rd station, walked hotel. The reverse departing. The short distance metro station, central location West Nanjing Rd area itself, meant far less time commuting anywhere. This important requirement tourist.The rooms quite large comfortable. There instructions set lock safe, took several visits housekeeping people even could decipher ! The air-conditioning bit warm side. Otherwise, found staff helpful, enough people front desk spoke English. Exchange rate offered currency exchange also good. Whenever requested, checked show timings, ticket availability etc us phone, helped us.The breakfast average. My grouse I booked place months advance 580 Rmb/night 4 nights. A week going there, I noticed internet quoted rates dropped price. When I told same, requested reduction, refused (the happened Hong Kong hotel, reduced price much asked for).Otherwise, found clean, would consider staying again.",0.2399470899470899,0.46662257495590825,Jun 1 2009
2,2,"Great location average The fabulous location West Nanjing Road 50 metres tube line. I cannot think better location Shanghai base trip, lots restaurants nearby best street shopping Shanghai (if women is) starts 50 yards (MaoMing Road). For reason cheap price certainly worth considering especially plan exploring city spending lot time hotel. The okay rooms clean slightly worn out, marks walls towels bit worse wear etc passed wife's bed linen toilet inspection must clean. We large room sofa desk. The airconditioning poor really fan system great night room became quite stuffy.The staff okay speak great English. The breakfast poor, point 3 5 mornings opted go excellent cafes outside pay breakfast. I worry much good breakfast bakery across couple pounds. The lobby small amenities apart small business centre cheap internet access.Overall okay, advantage cheap compared Shanghai hotels wonderful location. Arrange transport advance arriving train, impossible get taxi car know street.",0.20732303732303733,0.5490604890604889,May 12 2009
3,3,Stay bed want night I booked triple room found two 1 1/2 size beds arrived requested another bed done hotels previously. As bed took much space asked removed good job additional cost I told 2 nights even though booked triple room! We informed annoyed staff room booked triple including breakfast given breakfast vouchers 2 people told pay extra third person wanted it! So careful may book one thing get charged extra things without informing you. Also staff friendly helpful speak little English restaurant waitresses speak English all!! The lobby constantly smelt like sewage 4 days I there. The room good size though bathroom size small en-suite. The location good close Nanjing Road. This good someone wants place sleep fussed service get good one.,0.07331410256410256,0.47546153846153844,May 4 2009
4,4,"OK place beware things Great location (line 2 door 4) nice walking street plenty shopping, clean, room good value. Close high end shoppes. However beware following: The master air condition system. You hot management says hot. The interior rooms (no windows) A/C extremely stuffy A/C off, quite uncomfortable. Also... breakfast included quite lousy food, greasy fatty stuff overall poor quality, worth eating opinion, even free. For $$ ((about 460 RMB) great location OK place, internet worked great included.",0.20246031746031748,0.6328571428571428,Apr 25 2009
5,5,"If toilet flushed... This would get rave reviews husband wasnt toilet situation. Let preempt saying working toilet essential us stay - wasnt important, would gone campsite.They put us &quot;matrimonial room&quot; toilet didnt flush. We stayed total 4 nights 2nd night, asked change rooms able give us new room, great. The toilet room flushed slowly job stop working last day there. But already leaving didnt bother complaining it. They issues plumbing sure. This November 2008 might fixed now.There lot good things hotel. Breakfast nice hearty; hop skip away subway stop surrounded little restaurants mall fast food places. The staff pretty accomodating friendly, rate pretty cheap - around 50 USD night. So like I said, would stellar wasnt toilet.",0.17680976430976436,0.4661148522259633,Apr 24 2009
6,6,"Good ask what's important--proximity metro comfortable bed? POSITIVES: convenient/close MTR, nice location, cleanNEGATIVES: excruciatingly uncomfortable hard bed I ever slept on, somewhat thin walls, slow internet accessBOTTOM LINE: good 1 night stay extremely tired, close public transport, good fried dumplings near Yang's",0.1572222222222222,0.5905555555555556,Mar 24 2009
7,7,"Ruitai hem Initially, I wanted stay somewhere close Bund. I pleased I didn't; Bund dirty crawling people.I booked Ruitai situated close West Nanjing metro stop line 2 (it's around corner left), two stops East Nanjing metro stop, closest Bund, one stop People's Square, main interchange lines 1 8. From W Nanjing E Nanjing costs 3 Yuan.The starting show signs age, scuffed furniture slightly marked carpet; however, rooms large spacious (I booked deluxe room USD80 breakfast included). As expected Chinese hotels, bed firm plus super king sized. Staff friendly helpful.The bathroom fully equipped toiletries shower bath. There also small fridge stash food drink. And subject drink, wine drinker, Marks Spencer opened store W Nanjing Road around corner Ruitai - walk hotel, turn right Taixing Rd right Nanjing Road, walk 200m M&amp;S. In food department small offering well-priced wines. As food, turn left head end mall â Starbucks one last stores left. Cross Shimen #1 Rd continue Wujiang Lu see left hand side yellow sign Yangs. There two, go one furtherest away. Here get best fried pork dumplings Shanghai. Go cashier tell many want, pay join queue. As guide, four ample dinner 4 Yuan total, thatâs cheap eating.Shenâs Restaurant second level cheap. If donât speak Mandarin, find English speaking person guide menu. I kind chicken hotpot rice 500ml bottle beer 49Yuan. Downside, chicken laden bones.All all, great location adequate lodgings.",0.1261420828493999,0.41029810298102976,Oct 21 2008
8,8,"Wonderful Convenient We sure expect based extremely cheap rate posted mixed reviews read. However, went open minded extremely pleased experience. We arrived long train ride Beijing. After lugging bags Shanghai train station couple minor detours, found exit West Nanjing Road subway stop. There construction going little difficult trying figure was. Once found street sign way one short block later hotel.The staff extremely friendly spoke much English others encountered trip. We arrived 8am (long check-out) staff willing help us out. They checked us advance, let us eat breakfast (it included room) stored luggage explored city. When returned afternoon, told could go room MUCH nicer anticipated.The king sized bed probably one cleaner, inviting beds I've ever seen (at least hotels within price range) size room pretty overwhelming. We huge TV, plenty room run around (not running around) sitting area desk, chair, armchair AND ottoman! Another perk -- opened shades realized corner room huge wall windows! Granted, best view (who really enjoys view city alley anyway), something.The bathroom immaculate complimentary bottles water nifty disposable slippers. Everything clean staff prompt services. We called front desk one day laundry service almost immediately hanging phone, someone door waiting take bag.One thing I found bit odd...we left room one night hour around 6 get food. We came back bed made breakfast vouchers nightstand. A bit creepy, missing anything. The jury's still whether good bad thing. One thing I must add: room little LED display outside says whether room (you keep key slot order power anything room). So maybe staff nice?",0.17791666666666667,0.528888888888889,Apr 17 2008
9,9,"Good location I would recommend I booked Ruitai Jingan location: close city center (a 15 minute walk takes People's Square Shanghai Museum), extremely close subway station (with good connections destinations Shanghai: I really recommend using subway). I impression I received good value money: nice large room, clean hotel, staff answered (few) questions I had. Breakfast, included room price, good: wide choice (hot) items, salad bar, bread marmelade available. The disadvantage I location room (not city view), I really mind since I room sleep.",0.2897619047619048,0.5963865546218488,Jul 28 2007
10,10,Very dated tires This part package sorted toour operator part organised &quot;China Excursion&quot; package. This far worst I stayed long time. The nice looking outside said done rooms large tidy &amp; comfortable (except mosquito's). The view stagnent river hot. We booked &quot;superior&quot; room given basic room decorating superior rooms. That I could accepted staff tell us getting booked. One reception staff demanded deposit even welcomed manners seem far between. Our representative picked us tour following morning even said far normally pick people ..... fact finally obtained map reception even it. The buffet breakfast ok served &quot;ballroom&quot; seen better days. Down sweeping staircase find carpet table cloths frayed. The service staff could bothered stop chatting assist guests. The piped music halls seemed start stupid o'clock ever BeeGee's Abba I would liken 1970's throwback. The information stated safety deposit box every room .... NOT case would use reception. The outside areas tidy clean positionally far away &quot;anything&quot; consideration next visit.The staff badly need customer training smile would top wish list.,0.09804232804232807,0.6092159692159692,Jul 19 2007
11,11,"Good location Stayed 3 nights May 2007 Ruitai Hotel Shanghai. The location excellent, across subway station close west part Nanjing street. We payed 80 USD/ room/night including tax breakfast.The room got big wonderful king sized bed. Large windows, nice furniture complimentary mineral water daily.Just two minuses: first one - opposite huge building construction pretty noisy 6 AM 7 PM second one - toilet broken, water running bathroom floor. As long stayed repaired, cleaning lady putting towel absorb water.Breakfast ok, Chinese western food. Reception staff speaks English.As second minus bad luck, I recommend anyone looking nice location centre. You get easily to/from Pudong airport using Maglev train subway no. 2 (West Nanjing / Shimen Rd station).",0.21517857142857144,0.46216269841269847,Jun 2 2007
12,12,"Great location great Great handy location city centre - right next Metro station easy get sights. Room amazing - huge big bed - good value, paid Â£38 per night room. Breakfast included tarif good selection Chinese Western food. Staff friendly helpful.",0.46760317460317474,0.571047619047619,Apr 24 2007
13,13,"Good location I expect Ritz Carlton I chose I like Ritz Carltons, near business travel appointment.The room fine enough - spacious traditional/Asian furnishing, excellent housekeeping, etc. expect Ritz.. I get little annoyed price charges internet access.I usually look forward least one meal Dining Room signature restaurant whenever I stay RC, one disappointment. The food good enough, experiences RC's impressive. At prices, I'd like impressed, satisfied.The public rooms fine enough, felt little corporate austere I prefer.The take-away: there's much complain about, I'd prefer staying nearby Pudong Shangri-La. The guest rooms little nicer Ritz, I prefer ambiance Shangri-La return upcoming visit back Shanghai.",0.17291666666666672,0.4842948717948718,Feb 22 2007
14,14,"Pleasantly Surprised - central convenient We looking stay conveniently located near subway station, plan head Pudong Airport train morning. Upon check-in, upgraded higher class room reservation originally made for. This pleasant surprise. Our room wonderful clean, large huge windows overlooked Nanjing Lu (though somewhat noisy, yet typical area). The rooms complimentary water, free wired internet access, received free hot breakfast (generally combination Chinese western fare). Staff even spoke English (though limited) great.Outside, walk block get subway station #2 line. This one stop west People's Park Station. You find many food/drink options Starbucks local street fare shopping alley outside hotel. Fun shopping alleyways! Plus, Nanjing Lu outside hotel, upscale shops along road, that's prefer. The Portman 2 blocks away. I suppose pleasant experience expecting much, received much anticiapted. Regardless, great find location, definitely returning future.",0.25170068027210885,0.49227891156462594,Feb 6 2007
15,15,"A great Stayed 7 nights - great location No 2 subway line (Shi Men Rd stop (now known West Nanjing) two minutes walk away)Street market 1400-2100 mall outside hotel.Had room level 7 (11 floors) - king size bed - nice firm.Shampoo, soap, bath foam, tooth brushes &amp; bottled water provided - replaced day.Ate breakfast morning - full buffet plenty choice.Used internet service situated level 11 - 5 RBM 15 mins.Currency exchange front desk - rate bank. But aware exchange offered Sunday.",0.35000000000000003,0.559375,Dec 9 2006
16,16,Excellente suprise!,0.0,0.0,Aug 12 2009
17,17,???,0.0,0.0,Jul 13 2009
18,18,Es mejor dormir en el suelo que en la cama,0.0,0.0,May 4 2009
