,Unnamed: 0,Reviews,polarity,subject,Dates_extracted
0,0,"Rather Expensive The Room Size If price reduced say USD 20 USD 30, I would say reasonable. The Hotel good, however, room tightly layed-out. Bed, TV, coffee table, writing table, tiny luggage bench bed, seemed squeezed small space! Very compact large property. The service Front Office I check-in swift professional. My queries information internet service late check-out till 2pm immediately understood responded.The breakfast service also prompt efficient. Our coffee continually refilled. The downside breakfast service layout buffet spread. I walked 3 rounds could find juices. Eventually, I asked service staff told juices entrance! It totally cut-off entire food fruits line, also beyond greeters desk, definitely first many experiences hotel. Recommended visiting offices complex, convenient. Otherwise, various hotels Pudong Area might better terms choices, cost room comfort.",0.05248015873015873,0.4837962962962962,0.4837962962962962
1,1,"Nice Business Hotel Shanghai nice business heart shanghai.. seems quite full even work days, restaurants full time.. stayed 3 nights good service hotel.. 5 blocks away nanjiang shopping district..",0.4728571428571428,0.7685714285714286,0.7685714285714286
2,2,"Stay Hilton Westin On suggestion break regular routine I decided change hotels. I Shanghai 4 6 times year. I spend 5 6 months China Taiwan, I usually stay Hilton Shanghai. Some told try Westin. I did, I suggest donât. After 16 hour flight, hellish drive here, Iâm greeted wait sir let help someone came you, oh wait, let help another person came you. I get shoe box size room wait bags. And I wait, I wait. I called, said way up, I wait. I thought I go drink executive lounge, oh sir donât access. Iâm Platinum SPG member. Sorry sir. First I would hate see standard room, second I would hate see treat non-high level SPG members. Internet free. Horrible stay, I checked one day, went back Hilton, treat like treated Iâll build hhonors points instead SPG points. A great location, beautiful Lobby good restaurants good enough trade internet fee, executive treatment tiny, tiny, tiny room 3 times cost! Stay elsewhere!!!",-0.06842105263157894,0.5373819163292847,Nov 24 2009
3,3,"Choose one! Unfriendly staff. Bad, say least, breakfast. Never again!!We wrote complaint still wait answer!",-0.38281249999999994,0.4104166666666666,Nov 23 2009
4,4,"Pleased stay. The Westin quick walk Bund currently construction. It 15 minute walk Peoples Square ,the Urban planning Museum Shanghai Museum well Nanjing Street shopping. The lobby modern attempt looking tropical palm trees middle bar area. There several restaurant/eatery choices good. Our room living area could closed sleeping area giving daughter privacy her, said, &quot;comfy&quot; rollaway bed. The bathroom nice size seperate tub shower. The shower great..it rain shower. The room free internet.",0.2786111111111111,0.4483333333333333,Nov 13 2009
5,5,"Fine Hotel Traveled land/cruise tour. Finished tour Shanghai. Hotel lovely. Room 2 beds huge, bathroom also huge. Business center always available, service prompt. Bottled water always promptly brought needed more. Had corner room, &amp; watching traffic &amp; accidents entertaining rained. Buffet meals excellent, though hard find offerings offerings went areas. Dining area lots steps particularly difficult handicapped folks tricky manuveur one handicapped.",0.2583333333333334,0.638888888888889,Nov 9 2009
6,6,"Usual Westin standard exec floor good slow service though Well placed walking Yuan Bazaar Gardens, Bund ( expo 2010 building site moment), restaurants, etc. There plenty small 7/11 type stores directly opposite too. Taxi rank site. Close metro system.Stayed 22nd Exec floor offered well equipped room. Usual heavenly bed, computer station (great plug system lets plug type electric item anywhere world straight in), small fridge/in room bar, safe, chaise, really lovely bathroom separate shower bath. Nice well lit roomy cupboard drawers clothing, plus drawers toiletries vanity, something &quot;trendy&quot; hotels forget days!Concierge helpful, always get write going Chinese leave hotel, remember take hotel's Chinese printed info getting back. Most taxi drivers speak English Shanghai. Concierge organised reheeling shoe efficient. Organised restaurant bookings also, especially smaller local type Mom Pop restaurants decided try English (try Sichuan Hot Pot restaurant - mindblowing!).Ate Italian restaurant one night dairy food craving came us China while, unfortunately can't recommend it. Think Olive Garden run Austin Powers. We 25 mins wait bill asking twice ignored. Not exactly standard. Also problem waiting 20 mins drink bar atrium area, even though people bar staff standing around vacantly. However breakfast la carte menu last day service excellent. There small cafe makes lattes sandwiches ate breakfast days. Service OK, ask hot coffee usually tepid, sandwiches nice.The pool facility OK, hire swimming cap, pool deep, nice swim looking nightlit skyscrapers. Didn't use business facilities charged extra. Odd staying exec floor business ding use.Overall OK hotel. Would stay rooms, restaurants business centre.",0.11176767676767675,0.40876262626262627,Nov 7 2009
7,7,"Top Quality No ifs buts, thoroughly enjoyable stay attractive comfortable hotel. We ate evening good Italian restaurant , also enjoyed breakfasts cocktails. Both front desk Concierges helpful. I'd happy stay again. Our room comfortable, well laid-out interestingly designed.A word Shanghai though. The Bund, maybe biggest tourist attraction completely boarded pedestrians whilst put road underground preparation major trade fair next year. You cannot walk along even see river Shanghai side whilst walk along next buildings form Bund dusty, building site, can't appreciate buildings right underneath. Similary Pudong building site. It looks fine river - river cruise way going see Pudong skyline Bund. Once however extent construction aopparent, nowhere observation platforms high towers Pudong side. Traffic pretty congested, getting around excursions etc sometimes painfully slow.",0.320995238095238,0.5902285714285714,Oct 25 2009
8,8,"loved westin bund center got great rate, rooms decent size city. centrally located. staff amazing. yes, breakfast buffett little pricey, worth it. although, eat sunday brunch, lobby going on, complete orchestra opera singers - amazing! gym spa also great. bad thing say hotel. would totally recommend it, well stay again.",0.24839743589743596,0.5794871794871795,Oct 21 2009
9,9,"Great place best China trip great location, super friendly staff, SPA great, price unforgetable!Nice Breakfast buffet. good concierge desk help needsWill back!",0.6272916666666667,0.5620833333333334,Oct 19 2009
10,10,"Not value money I expected hotel. Apart location, little else comment postively. There lack information rooms regarding restuarants facilities; apart Spa service. This priced, food including breakfast! $40 breakfast buffet China!",0.1171875,0.4625,Oct 12 2009
11,11,"Excellent great service The staff attentive decor lobby unique, twin glass staircases lit colors cycled every minutes. The breakfast buffet excellent, offering everything American traditional Chinese foods. The group traveling stayed nice hotels across China far best.",0.4479166666666667,0.6583333333333333,Oct 8 2009
12,12,"Third Successful Meeting I arrange meetings group I manage go Shanghai week every October returning year. The guestroom costs may bit high side, meeting planner, meeting space, F&amp;B assistance, food quality responsiveness staff rank high, mention central location. I also plan meetings Europe US (3 meetings year) venue remain unchanged coming years. We alternate European US locations cities, Westin Bund. My group satisfied.",0.0968,0.5342,Sep 30 2009
13,13,"As expected Westin standards let concierge advice Stayed early Jan ( 1- 2 weeks chinese new yr (CNY).) Upgraded us junior suite. Room fantastic. - huge, nicely decorated spacious shower room. Generally I expected Westin stays. Walking distance bund. Everything ok 1 let down. We seeking advice 1 young chinese lady concierge, Westin Bund, train station Suzhou ( west bound) misguided us another train station Hangzhou ( south bound). We reached find huge, huge crowd due crowds/workers going home CNY. Struggled crowd waited tickets counters find wrong station. Wasted half day. So becareful check properly correct station tottaly depends advice",0.07198117539026629,0.4851813590449954,Sep 15 2009
14,14,"awesome awesome trip china nice place stay staff amazing, well located got great rate mexican agency called viajeshelvetia.com. Hotel lots amenities great views.",0.6475000000000001,0.7125,Sep 7 2009
15,15,"Amazingly convenient comfortable Have returned 4-night stay The Westin Bund. It amazing! Extremely comfortable, luxurious obviously expensive!The self-contained easy forget there's big city see! There numerous restaurants, bars, fitness centre fabulous spa (which husband I highly recommend!) The staff speak excellent english go way help. There loads info offer help trips whilst expensive, they're organised well.Our room also massive! Bigger flat home worked out! The bed extremely comfortable shower amazing. All creature comforts.I know obvious thing mention, worth bearing mind.....everything extremely expensive. For example, coffee Â£8 get pair pants washed costs Â£4. My husband I little self-restraint spent fortune!! There one thing upset little hotel. My husband approached 3 occasions escorts different parts hotel. I mention hotel, regret would next time. The cynic says aware this, I'd like believe otherwise know sure. There obviously lot money thrown around The Westin lot business men.......Overall, great stay we'd go back (if ever money again!!)",0.1740782828282828,0.5728451178451178,Sep 2 2009
16,16,"Ovepriced 5 star quality I spent 6 nights first time Shanghai. I originally going go Grand Hyatt seemed better situated Puxi side, close People's Square, Nanjing Road, Yu Gardens airport, well closer train stations. I booked hotels.com I've upgraded one newer rooms something like 120 yuan per night. However, I impressed room decor; seemed tacky warm - like 3 star quality. There ceiling spot lights 2 table lights bed created bright atmosphere. The bathroom actually kept bumping desk whenever wide open (slide door). A room advantage they're reasonably big short space. I stayed 11th floor.The bed harder Westin hotels I stayed toiletries (shampoo, shower gel body lotion) poor quality.The room service great, though bad value money. Don't get wrong, I've even stayed four seasons past I know good value money is.The main restaurant closes 2pm anyone wanting late lunch... well bad luck! You buy sandwiches (which good I would recommend cheap breakfast) &quot;Treats&quot; shop downstairs. I snacks lobby I originally refused second cup share tea pot friend, I found bit rude.The location nice, great views directions.So overall, want stay here, expect stay cheap even though original rates may lower places. These rooms worst I've ever seen 5 star rated even though argue location makes it. I personally stay again. I register write review, I hope helps everyone!",0.09149122807017546,0.5355263157894736,Aug 31 2009
17,17,"Amazing - everything could need! After crazy 5 day trip Hong Kong late arrival Shanghai, I pleasantly surprised find work booked amazing hotel.It great restaurants, fantastic lobby staircase looks though ballroom, different bars, spa world rooms fantastic. I would liked stayed longer 10 days expensive formula 1 town prices went far!The thing price I guess thats pay quality.Also Sunday Brunch something experience least book advance.",0.12857142857142861,0.7828571428571429,Aug 27 2009
18,18,"Excellent short time town Excellent location. I would recommend staying short time Shanghai would like see bit city (Peopleâs square, Nanjing Rd, The Bund). Rooms par Westin hotels Iâve stayed (thatâs say excellent). Based prices coffee lobby area (around 80 rmb), Iâd recommend dining elsewhere â plenty choices. The Banyan tree spa recommended friends â purported best spa chain Shanghai. Check times 2pm. Receptionists speak good English. If youâre getting early, let know - arrived 12 sit around hour. Taxis too/from Hongqiao airport cost approx 50 rmb; to/from Pudong airport approx 250 rmb",0.425,0.5613636363636364,Aug 16 2009
19,19,"awesome fantastic center town, walking distance everything, beautiful view, clean, awesome smell lobby, hallway &amp; rooms",0.5861111111111111,0.7833333333333333,Aug 10 2009
20,20,"One best Title say all, location service lobby. Nothing much trouble staff. You step within minutes quite literally heart everything. Go enjoy.",0.25,0.275,Jul 14 2009
21,21,"The staff really goes way helpful Stay 4 nights family reading extensively previous positive reviews Trip Advisor also feedback colleauges stayed here. I must agreed others deserves accolades received far. Lobby gorgeous best appreciated nights also Sunday's brunch live orchestra plays beautiful classical music. Only shame lacks high floor bar/restaurant take City view Bund night. One improvement use better insulation individual shower stalls bathroom prevent water splash leaking wetting marble floor( hence safety hazard one easily slip/fall careful).Highest marks must go staff, especially Concierge desk headed Ken X. He crew went above/beyond help us feel home- arranging private piano practice time/space two sons high caliber pianists, spending countless hours reviewing surveillance tape trackdown whereabouts missing camcorder taxicab, answering numerous questions locations/hours shopping/dining establishments. I think relentless pursuit highest quality service possible makes stay truly 5 Star experience.Must also give high marks gorgeous pool swimming lanes 3rd floor family I enjoyed immensely length stay.",0.1994036796536797,0.5581233766233766,Jul 7 2009
22,22,"An excellent option I've travelled Shanghai often chance stay Westin couple occassions.Its close Bund therefore meetings side, need factor hour travel.The rooms nice right sized. The bathrooms unusual free standing tubs one soak in.The food options varied uniformly decent. The buffet breakfast really worth price excellent options. Take trouble try home made yogurt. The lounge good place relax evening.The service whole professional.An excellent international standard choice Shanghai",0.35925770308123245,0.5457282913165267,Jun 25 2009
23,23,"Enjoyed staying there! really great hotel, friendly staff, great food, I would say perfect.Ok almost whole Bund construction take face mask you!!!",0.598125,0.62,Jun 3 2009
24,24,"must one best hotels China I paid $800/ night (which bargain) stayed 2 nights; true 5 star standard.I stayed SPG preferred guest floor, soon walked room smell nice aroma. It's close Bund. Great service, professionally trained staff.Just can't find enough words say good thing hotel.",0.5071428571428571,0.5571428571428572,May 24 2009
25,25,"Stupendous beds right midst Shanghai I stayed three nights start May, taking advantage Labour Day weekend. Although arrived time whole coachload tourists, got checked quickly room.The room great; split two sliding partition, incredibly comfortable bed. Westin marketing 'Heavenly' bed that's pretty apposite superlative; I could quite happily stayed bed weekend (although would meant missing Shanghai). There's two televisions, DVD player watch whatever films channel, although view across river, one across rooftops Bund - interesting look see birds flying around people tops buildings. Bathroom excellent: huge freestanding bath good powerful shower, although toilet paper quite cheap quality.Room service prompt good quality; breakfast executive lounge also good variety, especially doughnuts (on hand croissants pretty much rock hard). Prices services seemed bit steep - close 1000 RMB massage, Shanghai could get 50 hotel, I suppose kind person pays 1000 RMB spa treatment kind person wants get wrenched hour unspeaking Chinese masseuse. Sunday brunch meant best town, again, little pricey. Then again, I drinking weekend; I been, 418RMB champagne I could force would probably bargain.Location great - although present time Bund construction work (they're building new promenade) although walk Bund, can't see river. Then again, near sorts interesting buildings (HSBC, central post office, on) complete disaster.Signage little confusing time time. We Office Tower (there's also Grand Tower side atrium) spent time wandering escalators looking business centre. Other that, place great.",0.23096666949608127,0.5056804742098858,May 5 2009
26,26,"Very Good Hotel Greta Location Over last 4 years I stayed Westin Bund Center three times. The rooms, service, restaurants, facility would expect five star hotel. The bad thing I could say prices high. When visiting Shanghai go wrong hotel.",-0.03285714285714284,0.5790476190476191,May 4 2009
27,27,Excellent Hotel Excellent Service The property great great view. The reception helpful also gave tips overcome language barrier. I strict vegetarian breakfast buffet could completely bounds helpful chef personally pointed every single eggless dish also made things me. Great stay.,0.4428571428571428,0.5564285714285714,Apr 24 2009
28,28,"Decent great My sister I went shanghai 3 days easter, third time Shanghai. Having stayed Four Seasons past two times, thought we'd try Westin closer bund. We room two beds, I sure rooms like ours, one corner (901) strange layout. The room felt crowded, bathroom, definitely lot smaller Westins I stayed China countries. The worst part room though thin wall. Our neighbours seem TV addict TV 9am late night, I could hear everything TV room. However, flaws aside, quite reasonably priced class. The staff concierge helpful. The located dead central shanghai, rather within walking distance bund, ideal us - coming back bars night near bund convenient. A short US$2 cab ride yue yuen xin tian di. Overall, bad hotel, I went back Shanghai again, I would probably stay Four Seasons instead.",-0.023333333333333314,0.4728888888888889,Apr 19 2009
29,29,"Baby! - 5 star be! My colleague I spent 2 nights hotel. It close customers priced well (we got excellent on-line rate direct hotel). The first thing struck I walked Atrium lobby - oh goodness....the stairways frame perfect island seats sit chat / drink prepare dinner meetings. The stairways lit different colours night grand restaurants surround creation themselves.We dined superb Buffet ground floor restaurant. The price reasonable selection large. Ask big &quot;red seats around round table&quot; - conversation well shared chairs shield noise form tables!. Western, euro eastern tastes catered for. The staff subtle well trained. I lucky enough find New Zealand Green Lipped mussels I amazed, heaven impressed - fresh too.Breakfast buffet 5/5 terms quality. Don't drink standard coffee like coffee - ask espresso favourite surprised quick arrives.Anyhow room I 1716 - large room (normally double size normal Hotel room) lounge takes half space, bedroom quarter size bathroom quarter. Big bath, rainforest shower, &quot;Westin heavenly bed&quot; (which reason I always love Westin), spacious lounge, great working desk international plugs tons storage. A dumb thing lounge though large glass box containing large glass tube (AKA old style TV). Internet via cable although free room rate, confused asked pay (the system silly). The wireless via ChinaNet unreliable. Free also around hotel.Finally, checked Sunday missed brunch (we checked 1pm) saw following - costs around US$90 free flow champagne (Mumm) huge selection incredible food. Kids catered games, popcorn candy floss area cool crafts people local art &quot;give away(?)&quot;. If read Bangalore West End Taj review, see I mean awesome - one beats West End!We checked minor bill dispute tour took (sadly person booked made major stuff refused lose face &quot;ate it&quot;) make sure check bill. Errors seem habit every I stay at.Conclusion - I'll make sure I'm back - place perfect location, price, facility, service value. Go afford (and given current economic situation, get deal).",0.1988749098124098,0.538326418951419,Feb 22 2009
30,30,"Relax Recharge Revitalize After long anticipated wait, finally arrived Westin Bund Centre Shanghai.First sight impressive. The moment entered hotel, pleasant smell.I might sound weird, yeah, I never good smell before.The check-in quick, knew it, room.The room beautifully appointed, see pictures. I booked &quot;Grand Crown Deluxe&quot; room, obviously Grand Tower.I Kinda doubt impressive crown building really hotel, apart high class suite there.Service wise, pretty good. The &quot;0&quot; Express Service pretty much solve ur needs. They also answer call surname, time got name wrong.Room service almost excellent. I said almost excellent hair one food, although quick fix problem.Tea Coffee facillity room really good. Not instant coffee but, real coffee powder.Eating Prego MUST.The bubsiness centre helpful went way help recharge phone.A little side that, one night unable sleep 8 (just feeling tired). I locked door switch Do disturb sign.At 1.45 pm I receive call asking want room cleaned. Maybe me, isnt &quot;Do disturb&quot; sign means Do disturb?But yeah, minor problem.Overall, great, beautiful, clean luxurious. But comparison expectation, fell slightly it. I mean, price, expect better.Dont get wrong though, still good.",0.30286111111111114,0.6624097222222222,Dec 30 2008
31,31,"Good Business Hotel delivers The Westin Shanghai 5-star business hotel, located Puxi within walking distance famous Shanghai Bund Area. This first time staying Westin offering relatively competitive rate âWinter Promotionâ program. December usually low season Shanghai hotels kind promotion. ArrivingI picked staff upon exiting airport terminal escorted limousine. I wasnât pleased quality car, despite Audi A6, feels rather bumpy. Also making matters worse driver speeding, due miscommunication. Upon arrival hotel, lady staff escorted room check-in formalities. The RoomI booked standard deluxe room newer Grand Tower wing paper 38m2 actual room feels bigger corner room. Not sure upgraded room type. The bedroom tastefully decorated, functional luxurious. There good size glass working desk assortment plugs internet connection wired wireless free guest. The internet speed fast. This pleased business travelers probably make majority clientele hotel. Thereâs also sofa daybed window. There however, much view speak except partial size view Pearl Tower. The close proximity office buildings privacy purposes, curtains need drawn. There 32â Philips LCD TV DVD player. The bathroom separate shower cubicle good size bathtub weird spoon shape. The claim âdesignerâs bathtub I find difficult get itâs quite slippery use caution. A pleasant surprise bathroom strong water pressure, commonly found Shanghai hotels I tried far. Thereâs also abundant toiletries supply towels various size. There course signature Westin Heavenly Bed comfortable, I feel doesnât really live hype. Perhaps heavenly bed different one Westin another. Overall, comfortable room retire long day. Common AreasThere isnât much around immediate vicinity hotel. There isnât much eating outlets available either right outside I find quite odd usually streets Shanghai populated various restaurants. Fortunately, good assortment restaurants including Chinese, Italian cafÃ© serve buffet breakfast, lunch dinner though expected price expensive side. The common areas generally beautiful lighted grand staircase changes colors night. Also entire front wall lobby atrium decorated lights I think Christmas decorations. Itâa colorful hotel. I say fantastic buffet breakfast. Not food served fresh, selection huge include many items typically found buffet breakfast. Itâs something I look forward every morning 3 day stay surpassed buffet breakfast served Intercontinental Hong Kong. So many hotels including even luxury 5-star hotels seems serve poor quality standard buffet breakfast day day refreshing find Westin Shanghai excel area. ServiceService generally fast efficient lacking warmth. This business fast response good thing I business trip, I dislike wasting time waiting anything. I made many request staff wide variety task items since I meeting business clients everything arranged quickly without fuss. There even âService Expressâ button phone guest call request promptly. When I said lack warm service, means like staff rarely smile âIâm busy donât try disturb lookâ makes one hesitate call upon them. Also, like morning going buffet breakfast, I greeted good morning staff rush around clean tables pour coffee. Instead, every table, âGood Morningâ card actually greet guest good morning written remind guests hesitate call staff need anything. Kind strange greeted way, sure Westin way. I assumed majority Westin Clientele business travelers. ConclusionThere isnât much fault for. Perhaps service warmer that, Iâm hard press think thereâs much like breakfast service response. Itâs business competitive rates good choice purely business, aspect, deliver expected.",0.1991125541125541,0.5530458373825722,Dec 6 2008
32,32,"Very comfortable After roughing 2 weeks; place heaven. We room separate lounge $350 night. Nicely decorated, quiet, free wifi, really good turndown service room service excellent. Location close enough walk Bund Nanjing road. I particularly liked huge bath comfy beds choice pillows.",0.46888888888888886,0.7814814814814816,Oct 26 2008
33,33,"A Fine Hotel My stay Westin Shanghai Oct 15th though 17th, 2008. Overall nice property. I believe overpriced good location attentive staff. The workout facility good great, Treadmills slip running speed staff early morning. The executive level offers standard fare I enjoyed eggs cooked order toast. My issue really better options price point fact, better options less cost. But favorite booked Westin Shanghai indeed good choice.",0.2972222222222222,0.5120370370370371,Oct 20 2008
34,34,"Nice good location bit expensive This second time Shanghai times I've stayed Westin. The nice, modern beautiful lobby, rooms expect Westin, bit small luckily got upgraded suite.Location good, walk Bund, Yu Gardens, People's square, quick taxi anywhere else.Service okay, bad feel like 5 star-hotel service focus customer king. I issues make feel special like hotels I've stayed before.I try different next time I visit Shanghai would still recommend business pleasure travelers since I great stay.",0.30271164021164015,0.577579365079365,Oct 18 2008
35,35,"Great Hotel Location 5 min walk Bund 5 min walk main shopping area Shanghai suffice say found perfect. A 10 min walk along Bund took tourist tunnel take across Pu Dong.We deluxe room truly excellent. The room split bathroom, bedroom sitting room could made open plan partitioned sliding doors. Lovely bath shower really well lit.Service good nothing much trouble staff dealt with. Breakfast also good wide variety dishes freshly made cooked front you.A pleasant stay!",0.5061904761904762,0.6495238095238095,Oct 12 2008
36,36,"Stunning lobby great service... We stayed Westin last 2 nights trip China treat, previously stayed Jin Jiang hotel.We really enjoyed stay Westin, I really like chain feels like slightly different approach rest similar chains. Little things like welcome drinks lobby arrival, excellent facilities room (incl complimentary toiletries/accessories), &quot;Treats&quot; shop great buffet selection. Also Banyan Tree spa although expensive great that's into.When arrive struck huge stunning lobby based around massive glass atrium illuminated glass staircases huge palm trees. Looks great especially evening. We got breakfast-included deal Expedia would agree otherwise breakfast little expensive - standard class hotel? It certainly wide selection good plenty local options well Western food. The staff mainly eager please, I disagree earlier comments reception staff seeming like new recruits - charming keen us. The let lobby bar staff service pretty slow even though busy. Which means 15% service charge stung bit.We tried pool jacuzzi time people there, great. A small gripe: direct access pool changing room - bizarre design fault meaning walk, dripping towel robe, back corridor past gym get showered changed. But hardly massive hardship - puzzling.All I would definitely recommend although 110GBP per night incl breakfast cheap.",0.17529076479076483,0.5794083694083693,Oct 2 2008
37,37,"Typical business The Westin typical fare expensive business hotel, know getting arrive. There two sides building however, new part old part, I stayed definitively new part better. This time I stayed old rooms quite disappointed, room small pokey, bit worn, old style tube TV. The water bath brown, in-room internet terribly slow like going back 10 years (both free wifi paid so-called broadband), really frustrating. Room service good, fast prompt, menu limited, food worthy 5* prices. The staff reception poorly trained, they'd recruited. I stayed many excellent hotels, Westin one them.",0.031877213695395513,0.5182703659976388,Aug 30 2008
38,38,"Good Bund Just completed 5 day stopover Westin Bund Center Shanghai.Hotel good 4 star property attentive staff quality amenities including good swimming pool.I ate several meals including providing hospitality would highlight &quot;Prego&quot; serves quality talian cuisine. I fortunate receive complimentary upgrade executive club room 18 floor good order well serviced staff. My usual gripe hotels providing &quot;value money&quot; experience applies Westin unfortunately. The credit crunch catch establishments eventually. There also several comments local Shanghai papers regarding low occupancy rates hotels. With EXPO 2010 offing, I think Shanghai hoteliers, including Westin ,should review room rates encourage visitors.And I hate standard practice adding 15% service charges bills. I understand speaking Chinese colleague service charge fact &quot;service&quot; i.e. tip, instead covers VAT local sales tax. However, I think hotels retail outlets China state prices inclusive VAT etc rather sneaking tab post sale. Probably need kind legislative change doubt.All good well located easy walking sight seeing business premises Allow plenty time going one place another Bund present whole area many roadworks area congested business hours. Another word advice make sure well buckled taking taxis driving seen believed, real white knuckle stuff...",0.1954597701149425,0.4250766283524905,Jul 22 2008
39,39,"My home home I travel Shanghai regularly business typically spend 100 room nights year Shanghai. I've sampled several hotels downtown area much prefer Westin. The rooms generous, quiet, beds comfortable. The staff friendly efficient. Superb leisure facilities house Banyan Tree Spa excellent although expensive. Wide selection inhouse restaurants fairly expensive quality so-so. Prego, Italian restaurant, favourite. However, many excellent restaurants area suit tastes/budgets.Good selection TV channels although couple movie channels often give poor quality reception. For business users, business centre well equipped although wireless access slow (wire connection better attracts daily fee). There enough lifts busy times take get ground floor.The executive lounge comfortable nice place spend hour end working day.",0.1904513888888889,0.5325106837606838,Jul 2 2008
40,40,"Very Nice I've 3 stays Westin Shanghai past 3 weeks. My first visits Shanghai. The reason I'm giving top rating - rate - room size vary tremendously. My first room good sized... certainly complaints. The 2nd one - granted stay one night - tiny... tiny... 3rd room MASSIVE! I'm sure happened I upgraded paid rate time. Check slow first time, 2nd 3rd time, someone met I walked front door escorted directly available receptionist. Very swift.Rooms well appointed, extremely comfortable, a/c worked fine, bathrooms quite large separate bath shower. Breakfast main coffee shop main level average - VERY crowded. Some food plates/bowls replenished quickly either.Breakfast Executive lounge opposite... peaceful, quiet, uncrowded, great selection.Room service good quality.Evening options executive lounge plentiful atmosphere relaxing. The gym excellent large. Complete Cybex weight machines plus free weights dumbells plus cardio gym 6 Precor ellipticals (newer ones), 10 treadmills well stairmaster numerous recumbant standard bikes. All good shape TV each. The gym also open flexible hours. Rooms main tower wireless internet (free) unreliable. Wired connection chargeable. Rooms 2nd tower wired connection fee.My complaint besides size one room TV erratic. It would frequently black out, last day stay never recovered. Check pretty quick staff reception OK friendly. I'd definitely recommend place - especially need good gym typically book executive rooms. As me, I'm going try Shangri-La next time something different.",0.15818765849535077,0.4747755236216776,Jun 19 2008
41,41,"Great Place Business Travel Stayed three weeks May/June. Very convenient location working downtown area near Xintiandi (10 minute cab ride even rush hour). While I can't say Bund lot me, convenient within walking distance Nanjing Road shopping. The several restaurants, good. Breakfast buffet exceptional, selction western Asian foods, expensive $30/person given current exchange rates. Did big Sunday brunch, lower key Dim Sum brunch upstairs excellent. Rooms good sized, logically laid out, well appointed. The fitness center good - lots cardio equipment separate machine/free weights room. The Banyan Tree spa die for. Fantastic massages, bit pricey local standards.",0.27183333333333337,0.47800000000000004,Jun 18 2008
42,42,"Excellent Hotel Great Hotel. Wonderful Staff. The rooms luxurious. Good bathroom products, flat screen television, subtle lovely decor furniture.3 good restaurants. Expensive compared local restaurants, nice.Hotel Reception/Bar interesting, beautiful.Very near sights.Would highly reccommend.",0.3429761904761905,0.5546428571428571,May 31 2008
43,43,"Beautiful property good location This last stop 2-week independent tour China. The attractive property upgraded, based Starwood gold status, junior suite Grand Tower, even though using points. We also obtained executive lounge privileges using additional 2,750 points per night 3 nights. This well worth since breakfast restaurant quite expensive. We beautiful room spacious, modern bathroom. The check-in particularly friendly I found English skills Service Express staff somewhat lacking. We checked executive lounge I discovered I left ATM card machine lobby night before. The staff could helpful, including placing call US contact bank (at cost me) following email departed. The card found I suffered loss. The short walk Bund therefore prized location. I would recommend location well-appointed rooms also dedicated responsive staff executive lounge. There also attractive pool I never time use it. If anyone interested, took worthwhile walking tour led Dvir Bar-Gal, Israeli journalist, history Jews Shanghai [-]",0.295625,0.5220833333333333,May 16 2008
44,44,"Good business stayed weekend - good business decent location close Bund - check fine - nearly staff passable English - room nice, good size clean big walk shower stand alone tub - food ok - lunch buffet breakfast room - ok western food chinese city - made car; taxi's complete nightmare worth every cent car instead getting lost,ripped off, robbed etc - overall good standard good standard rate",0.32545454545454544,0.38984848484848483,May 13 2008
45,45,"The Best Yet We checked Shanghai Westin impressive Westin Hotel Beijing. The sitting room/office, bath bedroom elegant comfortable. We took quick inventory amenities discovered toiletries usually offered hotel. Slippers robes, umbrella also available.We free time dinner since centrally located Bund, group us decided walk Nanjing Road, pedestrian zone. Here find many famous stores like Peloman, Hensen's Suit, Peng Street, Hongxiang Ladies Apparel, Mankton, Renli Fashion, Long Feng Traditional Chinese Clothes, Heming, Lan Tang, Bobu Leather Shoes, Shengxifu's caps Zhangxiaoquan' Cissors. We walked past department stores restaurants. We wanted get flavor district. We rubbernecking... fending vendors wanted sell flashing wheels clip shoes glide along street. At age I gliding business.Dinner quite cosmopolitan. We western oriental choices International fare evening South African. A nice change, nice choice.",0.25580808080808076,0.4858585858585858,May 12 2008
46,46,"Fabulous My partner I spent 4 days Shanghai Westin Bund Center, Shanghai. What fabulous experience!!!The staff could enough make trip enjoyable. We stayed one Deluxe Rooms - absolutely pure indulgence. Spacious, well appointed rooms. Clean, quite great view Huangpu River Pearl Tower. We used Banyan Tree Spa relaxing pampering. I dont think staff quite ready deal European Male - much giggling always present smile I treated well.Everything read Westin website genuine IS offered!!. Outstanding spacious rooms, fabulous food, wonderful staff - want!?!?!?!The location makes walking anywhere easy. At reception little maps touristy places marked Chinese, English PinYin, need help finding directions show map either taxi drivers passers by. At intersection (for foot) 'pedestrian traffic controllers' - best sources guidance walking helpful.But remember China! locals bit reticent dealing foreigners, dont put approach passer ignore - rude, open west - (although happens London, Paris &amp; New York).Places MUST see1. The Green Jade Buddha Temple - get taxi dollars). At Temple vegetarian restaurant food outstanding!! Oh word caution, fully functioning Buddhist temple, ask permission take photographs - alto' one say anything dont ask, good manners ask offend Buddhist population.2. The Yu Yuan Garden - cup genuine Chinese tea Yu Tea House - (but use downstairs - upstairs visitors twice price). But talking couple dollars. Take day stroll around gardens amazing history great experience.3. Walk around absorb atmosphere Shanghai - city I fallen love with. It quite safe walk little side streets see locals live.4. Go antique bricka brack stalls 'antique' market.5. If want authentic local chinese food find 'supermarket' grocery may find restaurant upstairs. 6. The Bund 5 minutes walk Hotel also must stroll along.7. When queuing buy tickets locals push push push (it helps played rugby contact sports LOL).I loved Shanghai, I loved Hotel cant speak highly place cant wait go back!!!",0.2492971599107963,0.49666850321395783,May 8 2008
47,47,Great rooms great beds great service Stayed Chinese New Year escape fireworks neighborhood. We great stay. Our room Crown Deluxe new tower. Loved layout able separate seating area sleeping area. The bed super comfortable. Maybe best beds China.,0.5389277389277389,0.6154428904428904,May 1 2008
48,48,"CLASSCLASSCLASS Stayed Westin way through.Within minutes felt guilty I without family enjoy.This A1 would reservations staying again.In actual fact simply would'nt consider staying anywhere else.I tried hotels Shanghai, exceptional.The problem I needed time mentioned I think I'll take family back later year.The rooms great,I stayed suite Grand Tower 10/10.In fact everything 10/10.The chocolates made downstairs Treats great.Carried fragile chocolates 10 hour flight I carrying nitro make sure didnt break I could bring intact family,well one broke survived.I always compared hotels Westin Guangzhou favourite hotel.Well great ,I still hold Westin GZ top list basically I think much smaller lobby makes personnel experience whereas th Westin Shanghai/Bund grand scale hotel.However certainly leave satisfied.The food exceptional,I found I ate Open Lobby Restaurant good PREGO also good.I still think PREGO Guangzhou Westin much better food maybe might open kitchen front eyes.No matter ,this establishment high standard people, like go place good seen,well place might comfort zone.I would rather enjoy CLEANLINESS AND GRANDNESS AND SERVICE.THANK YOU WESTIN SHANGHAI I WILL BE BACK AGAIN.",0.22622448979591842,0.4852664399092971,Apr 25 2008
49,49,"Great throughout one flaw indifferent staff Stayed two nights business Westin Bund. Driver pickup airport flawless even though someone yelled parking car front his. The driver calm since I idea yelling about. Once arrival, upgraded fantastic room 26th floor stunning view amazingly furnished room. Really loved view river bath tub. All amenities would expect top notch staffs constantly showed good signs well established hotel(friendliness, smile, professionalism...)...except one staff took care check out..will come back later.The location quite tricky since lots construction going around area overall far wish go Shanghai. I one snack restaurant one room breakfast find faults.The let I check experience; staff took care check indifferent, voice small unforgivingly commanding. An old couple also wanted check I waiting paperwork without eye-contact told go. Her voice small couple could hear. When couple asked again, said &quot;yes go&quot;. The old left looking confused. Thought rude basically showed attitude me.Anyway, general I enjoyable stay would love come back stays.",0.19431899641577058,0.5043906810035841,Apr 5 2008
50,50,"Shanghai First Timer's - Westin O Plenty! The location convenient really nightlife. The place Peopleâs Square, would assume lacks location, would make service. I say Westin started strong. My girlfriend I Jr. Suite, one best parts trip. Unlike people travel, ones enjoy amenities hotel. Heavenly bed, rain forest shower, spoon (soaking) tub, hair dryer (for ladies), prompt 24hr room service, sofa lounge glass deskâ¦all great features room sockets fit needs. But, would change temperature settings whenever I left room day. Room service ok, ran particular dishes early 12am! Excuse me, I thought I hotel. I must agree Sunday Brunch âThe Stageâ, within hotel, top notch (MAKE RESERVATIONS ASAP, FILLED UP EVERY WEEKEND)! It noted best brunch Shanghai, I would say one best brunches world. Top shelf liquor everywhere (you greeted line glass champagne cherry bottom), caviar (if that), made order pancakes, sushi, baby lobstersâ¦etc. Lets forget string section, yes live classical music dine to. The bad things brunch dessert map choices buffet located.The spa great, I would repeat honest. Concierge pretty helpful throughout entire trip though. Not knowing Chinese, helped best could. Not fluent, better outside hotel. They help us organize 1 day trip Beijing (round trip airfare included) private tour guide take us Forbidden City, Tiananmen Square (Closed Peopleâs Republic Chinaâs Congress session current issues Tibet) Great Wall. A bit expensive, since I sure next time I China, going better never going.The one incident occurred Shanghai late night coming Pearl Tower Pudong jumped RED taxi. I initially hesitant using cab since color different I seen point driver didnât seat surrounded plexi-glass (youâll know Shanghai). But right outside tower another taxi right behind him, indicating must taxiâs congregated. Well inside cab, drives little informs us tunnel closed (how tunnel tolls close 9pm) needed take us longer route. What could done since already cab already driving minutes (could driven us bad area knew). Obviously agreed, noticed meter moving FAST. Usually increasing 1 RMB every 5 minutes (you notice keep times dash separating stoppage time, distance trip time), cab meter increasing 1RMB every 30 sec. Now know getting hosed, concern getting safely. Once get hotel, I figure I would get one doormen help contest amount one time, one greet cab. I go inside concierge get assistance, driver drove off. The receipt generated cab fake concierge told I gotten one help would let leave, point NOONE OUTSIDE. They inform us take red colored taxis. Again, excuse I I extremely knowledgeable Shanghai!At end story, would I stay Westin Shanghai Bund Center againâ¦I would, next trip I would try something (Starwood) inside Peopleâs Square 1st.",0.15211988011988017,0.429825396825397,Mar 19 2008
51,51,"Friendly staff great I stayed business conference. I impressed property staff. The staff friendly spoke good English. It also reasonable walking distance Nanjing Dong Lu shopping area. The downsides were: taxi queue long peak times, doormen try get cabs come property, sidewalks around property finished (fully paved) yet.",0.3777777777777778,0.5944444444444446,Mar 10 2008
52,52,"Warning Construction Around Hotel We stayed Westin Shanghai February 8-11, 2008. The biggest problem construction going around hotel. All sidewalks within blocks radius repair, basically walk dirt. I think major repair completed next months, ask book.The location ok, warned one side one tower views all. As overall location city, great. Nanjing road Bund blocks away, places tourists business people spending one hour. In fact within walking distance major shopping malls immediate area run part Shanghai.The consists 2 towers, crown grand. All rooms called jr suites, bc divider small sitting room. I little put front desk bc basically lied said upgraded jr suite, fact rooms size. The rooms nice, especially bathroom, bc divider seemed little cramped. One problem faced brunch dimsum popular locals unable book table even day advance. There one ok restaurant near called Old Uncle Shanghai Food, located basement office tower. Overall I would recommend tourists visiting Shanghai.",0.1270940170940171,0.4601495726495727,Feb 20 2008
53,53,"Slipping A nice hotel, certainly one top 100 inthe world claim! Stayed three nights moved St. Regis.I stayed Westin times year ago definite buzz hotel...very attentive staff, outstanding food hotel, upgrades, big focus guests. Not year. Staff Executive Lounge seemed lackadaisical best. Food spread impressive, two kinds wine...a white red (undistinguished Shiraz screw-top bottle.) Newspaper delivery haphazard. Amenities restocked bathroom. Most unpleasant surprise came first afternoon. I taken jetlag nap 5 PM. I locked door turned &quot;do disturb&quot; light, also deactivated doorbell. The phone rang. Someone asking please open door could return laundry! I staggered door handed laundry...no apology waking up. (It would obvious!) No explanation calling room &quot;do disturb' sign on! The rooms Westin never great. In junior suite new wing, there's almost place sit...a hard, armless desk chair chaise. That's it! Lots room...large foyer, big bathroom...but two uncomfortable places sit. One TV remotes work either. The internet connection very, slow.These minor points still good one, ever one 100 best world, ain't anymore!St. Regis, hand, seems improve age. The Royal Meridien also preferable Westin location, cost, quality comfort rooms.",0.1766012079318531,0.5142249685798073,Feb 16 2008
54,54,Great location good qualty business Stayed 7 nights suite executive floor. Overall handy location two blocks bund. Staff generally spoke good english. Quality room dining average restaurants large standard fair acceptable. Great pool spa.The rooms good size nicely furnished comfortable. Excellent views rooms acrosst Pudong.The club pleasant good breakfast service drinks afternoon.Had enjoyable stay. Recommend dinner whampoa Club. Fabulous.,0.4913871635610766,0.6607453416149067,Feb 10 2008
55,55,"de-luxe ! I room new tower got free upgrade executive floor. Not rooms better I got free breakfast could evening snack lounge (actually good choice sandwiches, salad, small hot items). Room luxurious furnished tastefully (although hard wooden floor would finished better carpeted floor). Bathroom nice big bath also rainfall shower. Room sort &quot;mini suite&quot; although wardrobes near front door, far bed could place ! Location good although edge central area. Not much traffic noise. Gym excellent two levels although changing area small. Breakfast amazing although service little efficient (plate taken away I still toast hand).",0.24759986225895317,0.5634641873278237,Feb 5 2008
56,56,Coming back Walked immeditely felt home. Staff greet door escort reception. I room new tower wow I say. I great view bund oriental pearl (when I could see rain snow anfd fog). Walking distance Bund E Nanjing Rd. Used spa loved it. Room service food excellent. Definately would stay again.,0.45606060606060606,0.6674242424242425,Jan 26 2008
57,57,"Great Comfort We spent 4 nights right Christmas leisure trip Shanghai. First time China, impressed Bund Westin. Extremely good value price, even expensive chinese standards. Staff helpful best help us speak chinese all. Concierge able book us two trips (one outside Shanghai) advised us restaurants bars.Upon arrival &quot;encouraged&quot; reception upgrade junior suite new wing. We visited two, picked one impressive view 21st floor. So happy.Besides overlooking view, really enjoyed luxurious modern equipment room bathroom.Trying spa wonderful experience : great massages, gorgeous decoration, even though really expensive.We tried neither restaurants bars, &quot;international&quot;. The breakfast offers amazing choice high quality food.Plus really close Bund, walking distance People's square Nanjong road. However taxis always available overcharge, happened us Jin Mao tower Pudong.I can't say recommend it.",0.3863732563732563,0.4755034471701138,Jan 17 2008
58,58,"Overrated poor business I visit Shanghai often business decided try Westin Bund area. Convenient location. Nice restaurant next door called My Shanghai Uncle - traditional chinese menu, reasonable prices, upscale crowd, english translations menu.I platinum amex Gold SPG member gotten upgrade. They upgraded executive floor room size supposed non-exec floor allow access exec lounge included breakfasts. What point upgrade? The room clean although I bit freaked find durex condom pocket bathrobe. Was planned part Gates Foundation AIDS prevention program informed colleague sign robe washed? Not sure.The bed hard pillow top ineffective. certainly &quot;Heavenly Mattress&quot; advertised American Westins have. I complained told U.S. mattress. I believe told truth. I check U.S.The lobby restaurant ok. The breakfast fresh buffet style. I would like see choices reasonable price. The food fair.The real kicker place claim &quot;best business traveler asia. They must kidding. The business center open til 11 pm poorly accessible except two escalators elevator. When backlighting laptop screen failed, went business center rent laptop- price: 800 rmb ($110) day! With 6 days left town I could almost buy new one that. I asked I might get repair done idea business center. The concierge helpful idea either. The english skills business center folks also rather marginal. I tried explain one computers center strange signaturing top browser page might sign virus infection keylogger got nowhere. I decided go computer store.The concierge gave two addresses. The first turned bank. The second place sold cheap monitor ($90) I attached laptop - problem solved. The point business center solve business person's problems. I ordered three times room service. The first time I got Chinese dish noodles shrimp reasonable $12. The dish size adequate seafood minimal. The second dish filet $25.00 plus service charge. The meat weighed 2.5 ounces total 4 bites. The potatoes dollop diameter quarter. There 5 small pieces vegetable. I complained manager told correct portioning. I ordered hamburger night still hungry. It ok.Concierge services average several folks seemingly covering without adequate english skills. I expect english skills I pick american promotes american business crowd.Pricing lower expedia directly suspect that's get room mattress I expected.Overall, I find worthy repeat business staff.Scott R",0.06786814880035219,0.33899955976227153,Jan 9 2008
59,59,"Impressive buildings staff could wake bit Stayed one night early December, check-in shown lift supposed take room, fact wrong building ended wondering around feeling lost (because I was).Went back reception eventually ended room, asked changed immediately, smelt terrible. I pay extra upgrade new wing (there two wings, new wing approx one year old old wing five years old according staff member I asked), got junior suite suite average sized room, smelt OK though.It took hour bags transferred old, smelly room Junior Suite, much prompting two trips back reception.Didn't think worth money, I one night. Previous posters noted construction noise outside hotel, I unaware night I stayed. In opinion expensive unimpressive, I nothing compare Shanghai first visit.",0.029419191919191925,0.4149621212121213,Dec 16 2007
60,60,Excellent Great location old established side river ( NOT Pudong ) close Bund old town. Plentiful cheap taxis take anywhere else anyway.Great service round whole glitches happen minor mention. Sunday brunch classic event amazing entertainment food every type freshly prepared.Rooms modern everything could wish for. Club rooms lounge even better even expensive. In spite cost still relatively cheap compared major cities countries.,0.2278508771929825,0.4929824561403509,Dec 10 2007
61,61,"Simply excellent Our three nights exceptionally comfortable - spacious room, good food helpful service. A quality act.",0.575,0.675,Nov 27 2007
62,62,"Very Pleasant Stay This lovely great location. It right heart city, blocks Bund, roads leaving fast-track onto highway system. The rooms nice (I stayed Grand Tower wing) spacious, pleasant, signature super-comfortable beds. Beautiful design, rooms new.I wish coffee shop better. I sort wish huge hotels China could one local dish dinner menu. Perhaps breakfast there, restaurants better, I want give short shrift! I would stay again.",0.4584920634920635,0.6584920634920636,Nov 15 2007
63,63,"Very nice I absolutey love Shanghai always prepped good time anyway, Westin Bund Center helps make trips Shanghai something I look forward to. It's still major business hotel, goes - huge cold lobby, bar lobby, group check ins, etc... rooms great; large, clean - great bathrooms plenty windows light. The staff pretty much leave alone unless need something, whatever accommodate special requests. If travel times get room upgradeson request...unlike hotels.Recently city construction right outside seems go 24 hours day really loud. Other one best business hotels I stay in.",0.275741341991342,0.5607142857142858,Nov 4 2007
64,64,"Very good Very good hotel. Check fastUnlike previous stayed Beijing (Kerry Center Hotel) staff speak English fairly well.Large room. Great bathrooms. Firm bed...some may find hard though.Location wise, quiet place within walking distance BundGood breakfast spread... tried mainly oriental selection good.",0.31756410256410245,0.5065384615384616,Oct 20 2007
65,65,"One best hotels Shanghai I travel Shanghai regularly. For recent trip, I decided check Westin Bund. Stayed total 6 nights. Was given Grand Deluxe Room (kind like mini-suite). The simply fantastic. Location excellent - 10 mins walk Bund. Hotel relatively new. Excellent staff - courteous always willing go extra mile. My package covers breakfast evening snacks fifth floor executive lounge. Excellent food service there. Westin Bund - certainly new address Shanghai!!",0.46746448863636364,0.6772508741258741,Sep 5 2007
66,66,"Business It large large lobby, several restaurants, everything business traveller needs. This business travellers cosy cold marble lights honeymoon cosy weekend would rather stay Four Seasons Shanghai alternative. The breakfast excellent one better buffes tried, quality average varieties food large, maybe different fruites darkbread healthier. The room comfortable large. Seperate area TV watching also Tv bedroom area, good desk working relevant connections. The bathroom large seperate room toilet, shower room seperate bathtub. The thing good toiletries, bathtub salt anything like use bathing. They though razor, toothbrush male travellers probably happy selection females one lotion good. You could clearly see probably 80 % men guests...Location convenient taxis really cheap forget get card give driver get back hotel... The taxidrivers understanding english good. I try restaurants nothing say them. Internet computer business center costed 80 RMB half hour. The service good, got tourist stomac problem Shanghai went pharmacy got back medication quickly. The bad food Not come hotel...",0.18554894179894182,0.4884589947089947,Sep 2 2007
67,67,"Loved loved loved Westin Shanghai!! Just returned home 4-night stay Westin Shanghai (7/18-7/21/07). What enjoyable stay! Upon arrival, husband I upgraded Grand Deluxe Room whisked away separate, tranquil, glass-enclosed area check-in. The process breeze went right room. I pleasantly surprised find fairly large room equally large bathroom - ultra-modern yet homey. The lighting welcoming soothing, too. Everything immaculate, organized non-cluttery. The bed firm yet comfortable, towels plentiful, shower (both overhead rain showerhead separate hand-held, too) great, too. We never bothered whenever Do Not Disturb sign - placard discreetly slipped door let us know room could serviced due Do Not Disturb sign. Which I thought great touch - immediately reminded us call front desk housekeeping left room. We also laundry stay, returned us nicely folded organized cute basket!One day, I literally stayed room day get work done. I think says lot able stay long feel right home. The room full natural light, flat-screen TV awesome A/C never loud disruptive. Total heaven!The hotel's location OK. Not conveniently located touristy area (that could plus!) still easy enough (10 min. walk metro, taxis always plentiful cheap). Despite location, lobby always lively bustling - I love. I lunch one day Le Royal Meridien (which located busy Nanjing Road area, close shopping metro), vibe definitely different. Very quiet dead; I much prefer liveliness Westin!Service good, too. The concierge staff helpful always offered assistance smile. However, I think language barrier always concern (the Westin staff's English pretty good, maybe could bit better). I speak Mandarin, never problem us. But I could see guests getting little frustrated. During breakfast one morning (the buffet plentiful yummy, way), European couple next us asked waitress napkin. I think nodded, really understand request...so nothing happened. The female patron visibly annoyed asked napkin time waitress understood. Now, maybe patron bad day begin with, I think kind snotty, pouting behavior really necessary. They ended leaving mid-meal seemed like even pay bill! Anyway, ridiculous I laugh. Earth lady: foreign country! So another plus Westin: fun people-watching!!Overall, fabulous stay highly recommended. There many hotels Shanghai I'd like try, Westin definitely tops list hotels I would visit future.",0.22579717630853993,0.5499025974025976,Jul 23 2007
68,68,"Not great young Western women Sorry I writing review one year visit.This immaculate, I happy comfortable corner room. The thing I mention general vibe I got staff hotel. I think accustomed dealing guests demographic- 25 years old, blonde, American. They seem especially comfortable talking even making eye contact.We see several &quot;working women&quot; bar night, bother all. We even saw one young lady accompanying much older Western man upstairs. Again, fine me. The thing made uncomfortable whenever I walked alone (without fiance) hotel, staff would look inquistively start speaking walkie talkies. This said, I certainly cannot complain services. I travelling fiance, Shanghai speaks fluent Mandarin English. We enjoyed stay much.I would certainly recommend business travellers. However, next time stay different hotel.",0.1629251700680272,0.4866496598639456,Jul 5 2007
69,69,"The best place stay Shanghai! Perfect location, beautiful rooms, comfortable bed, flawless services. Can't ask more! Our booked entire China Trip agency upgraded us junior suite. I know exact rate, I'd say experience worths $300.00 night. The location Shanghai important. Most new hotels Putong, fancy commercial area. Westin historic district 5 minutes walk Bund. There numerous fantastic restaurants nearby lots local shops. My wife paid 120 Yuan (after bargaining) great looking dress store near Westin, clerk speak English, shy negotiating us. It's quite fun! Later, found something similar later temple market, asking 600 Yuan! It's great place, overall stay pleasant! It actually reminds W Hotel New York.",0.326979797979798,0.46169191919191915,Jun 30 2007
70,70,"Five Stars bit generic The Westin absolutely attains world-class standards accomodation, service cuisine. It's bit bland, one could find experience five star city around world. But lovely respite hurly burly Shanghai. The breakfast buffet delicious.",0.25555555555555554,0.6013888888888889,Jun 12 2007
71,71,"Westin Bund Wow, I say, absolutely beautiful, got upgraded junior suite, closet doors frosted glass, modern, bathroom marble deep tub separate shower two showerheads, bed comfortable, contemporary sofa dark wood writing desk. The truly experience. Definitely worth money.",0.25583333333333336,0.5720833333333334,May 7 2007
72,72,"Amazing experience Stayed 2nights family. The located 2 blocks Bund. This also 5star expect high level service moment step in. During checkin, there's complimentary fresh juice station. At site, also opted suite option. Although, suite included 2bed rollaway 1bathroom, still luxurious.The room come 2tvs desk area. The bathoom separate shower (rain-forest style) tub. Maintenance helpful prompt. My luggage zipper got stuck desparation I called front desk (11pm) quickly dispatched engineer assist me. Sure enough, person able safely open luggagewithout damaging suitcase inner contents. Dining also great experience. The breakfast buffetwas probably best I china (better Grand Hyatt Beijing) b/c selection. Also, items seemed fresher fresh fruit yougurt custom smoothies. Yes, also omlette waffle station. A plus buffet items english translations making tempting try asian breakfast options. For dinner, ate pan-asian restaurant called EEST also great experience. The menu diverse, dishes well made. Dessert something desired though. After late acrobat show, forced eat generic 24hr dining option, disappointment. I woud rather eaten EEST again, unfortunately closed night private wedding reception. Conceirge services helpful mean well, accurate. I wanted schedule trip Suzhou told I could simply purchase train tickets would problem. So, I went train station told return tickets shanghai sold due holiday weekend. The Westin staff informed this. They make later setting acrobat show (not missed). I heard several different theaters/troupes offering shows confused pick. The concierge said would look theoptions get back us. Sure enough, 30min later, came room info differences. We made choice andhad wonderful time. The staff speaks excellent english. Overall, also great hotel, worthy 5star rating. Breakfast buffet exceptional missed. The location good.",0.19913398692810458,0.4958317771553066,May 6 2007
73,73,"Grateful traveler This first trip China. Since elected travel rather tour group, decided stay employed English speaking staff case needed ask assistance getting around area. Well, decision proved wise, (only) reason mentioned above, second day Shanghai, I came sinus infection resulted fever, needed seek medical attention. I felt miserable get bed, let alone get dressed look medical facility, husband went front desk ask doctor call. Within minutes, English speaking doctor patched room asking condition. This happened Sunday, 11:20 am. By noon, doctor visiting room, questioning examining me. He gave prescriptions antibiotic, decongestion shot anti-inflammatory/fever reducer bring fever (all little medical bag). By late afternoon, I felt well enough walk around, even manage venture Xintiandi awhile. That evening, doctor called check â even doctor doesnât that! The next day check date traveling Hangzhou train, something I certain I would able quick response staff doctor contracted Westin. We felt capable hands. So, warm thanks Mr. Alvin Yuan, Concierge Team Leader, Dr. Alex Liu CanAm International Medical Center â saved trip! And Westin Shanghai, thank providing high caliber services, rate 5+ stars book. Additional comments: housekeeping service checked every night see needed turn service. On first day, room completely made time came back breakfast, fresh towels toiletry items restocked, thing second day, called ask would good time clean, I room day sick. That evening, came back Xintiandi, room clean, even changed bed linen, something much appreciated sick, even day. We breakfast buffet âStageâ first morning. The selection all-encompassing one female maÃ®tre d' provided personalized service, explaining items different buffet stations, giving us recommendations, bringing us âmust-tryâ items herself, essentially ensuring breakfast delightful experience. So, regret I able maximize Westin stay experience I sick half time I there. But one get sick away home, one ârest easyâ Westin, provide comforts home.",0.050888447971781305,0.4358333333333334,Mar 26 2007
74,74,"Good Rooms/Lousy Service Three night stay Westin Shanghai February 25-28. We booked package rate included airport transfers breakfast. Airport transfers excellent time. Hotel excellent location - three blocks Bund. Check-in OK - &quot;guaranteed&quot; room choices available bed configuration, happy replacement. We newly renovated room guest Crown room. I preferred room - better layout seemed roomier. Bathrooms huge contained separate shower tub. Unfortunately, shower also flooded bathroom floor easily. There door bathroom, large sliding wall - proved inconvenient. Service &quot;Stage One&quot; restaurant bad - three us ordered ala carte one ordered expensive buffet one night. My brother overly generous buffet plate, offered sushi Chinese guest, staff quickly approached guest communicate buffet plate could shared. Although error, embarrassing staff approached Chinese guest - common discriminatory practice China. Manager appropriately apologetic made amends, damage done. Then, next day breakfast, Chinese guest discovered caterpillar steamed vegetable greens - ugh. Next, reason, housekeeping skipped evening service last night - one night happened need extra towels shower flooded. When I contacted &quot;service express&quot; button request housekeeping extra towels, towels arrived housekeeping person refused take older dirty towels - annoying. Finally, American friend employed Westin emailed message group - message never delivered. On good note, there's great alternative hotel's restaurants - go basement ajoining Bund Center office building eat Shanghai Uncles - better food much better prices service. Overall, mixed bag - physical facilities, location lobby staff excellent, restaurant housekeeping staff snuff. We lunch Le Royal Meridien near Shanghai Museum - nice looking good restaurant service. If wedded SPG, looks better option Shanghai.",0.18577233372687924,0.4870675914994097,Mar 7 2007
75,75,"Loved modern chic! The boyf I upgraded executive room new wing (which used serviced apartments). It great, big screen TV living room bedroom well.The bathroom real treat!An additional plus? The &quot;Welcome Shanghai&quot; brochures guides, especially helpful first timer like me!",0.29985795454545455,0.5047348484848485,Feb 11 2007
76,76,"Brilliant modern Puxi Amongst better hotels Shanghai, Westin can't-miss choice. Pricier properties (Grand Hyatt, St. Regis) business district Pudong, Westin sits blocks storied Bund (easy walking distance). The ultramodern fantastically comfortable, makes great home booming city.",0.44166666666666665,0.6604166666666667,Jan 4 2007
77,77,"Beautiful Hotel This beautiful hotel. Our room two room suite large marble bath. We booked Viking tours, group type rooms. Everything looked new, may redone. It also great location walking almost everything. Some group side river cab everwhere. The breakfast also great, lots choices.",0.512847866419295,0.6980983302411874,Dec 9 2006
78,78,"Excellent This fabulous. The staff cannot enough you. Our room beautiful. Clean airy beds sunk into. Don't leave without trying beauty treatment Banyan Tree Spa. Heavenly. I could fault hotel, great perfect location.",0.630952380952381,0.85,Oct 30 2006
79,79,"Bad place get sick! Let up! What waste money. Over done. Garrish. Felt like I Titanic. Enough enough. Opulent fault.After eating one apples set room, I paid snack bigtime.This place touch Shanghai, might well moon Las Vegas. The best thing woman frong desk kind way way out.Never, ever again. What waste dough.",-0.062499999999999965,0.46547619047619043,Oct 20 2006
80,80,Excellent Hotel - Would stay Spent week Westin Shanghai loved every moment it. Staff wonderful service impeccable. Our deluxe room 11th floor direct views river Bund one side Pudong other. The light show across river Pudong night spectacular (shades Lost Translation - 80 story buildings amazing video footage) My favourite white dove started bottom building flew top. Brilliant service - wonderful room - extra large fluffy white towels bath robes. Couldn't asked more.My grateful thanks staff. Will definately go I get chance.RegardsNardya Colvin (Australia),0.4069642857142857,0.5726785714285716,Oct 16 2006
81,81,"Ok wait reno done My wife I recently stayed Westin Shanghai. I agree reviews lobby main atrium areas excellent. The rooms quite dated though Westin. Business center good Internet 40 RMB 15 minutes criminal. Internet expensive China Starwood hotels. Get act order Starwood!We upgraded suite however room still quite small. The beds probably worst thing room. Quite shame since Heavenly bed sheets them. Make sure withstand VERY hard mattress.The executive lounge 5th excellent. I would highly recommend getting access it. Standard fare food (for asia, much better lounges NA) free alcoholic drinks.I speak concierge hotel. It seems entire tower renovation thus closed October. I doubt Westin fix room problems. As SPG members aware, Starwood finishing Royal Le Meridien area. It much better location shopping siteseeing (right corner Tomorrow Square Nanjing road(main shopping road). This open end Sept. I took look new looks stunning. I would definitely stay next time around. We also stayed Four Seasons. This far best Shanghai. The location awesome nearby fifth avenue types shopping dining along upper Nanjing road. We awesome time there. Beds amazing well.Other I want dis Westin b/c nice area much worse.",0.1992199467199467,0.5610679135679136,Sep 12 2006
82,82,"Tacky mess--Shanghai meets Las Vegas The clean staff polite efficient. However, rooms tiny decor horrendous--dark wood mirrors everywhere. This one ugliest &quot;high-end&quot; hotels I ever stayed in.",0.18333333333333335,0.6000000000000001,Aug 23 2006
83,83,"Excellent Hotel Stayed 4 nights part touring holiday ( train) appreciated luxury overnight sleeper journey. We ate night disappointed three restaurants - ate twice 'EEST', good ! The staff attentive. We hoped river view room, proved impossible, however corner suite (upgraded extra cost) view across Bund Pudong. We actually loved changing colour staircase ! uplifting !We would particularly like mention Mr. Lawson Sun (reservation manager) contact e-mail. booked train tickets onward journey, saving us great deal trouble time; tickets waiting us arrival.A enjoyable stay lovely would recommend business travellers tourists.",0.4067857142857143,0.6188095238095238,May 26 2006
84,84,"Stunning Hotel I stayed The Westin two nights end April. The Hotels design stunning. Despite Mainland China level english, spoken staff great. From moment stepped Hotel left nothing left desired.Food served flawless high level service. I defenitely come back.",0.3288888888888889,0.4766666666666667,May 11 2006
85,85,"Avoid For first time disappointed regretted have, many years, systematically chosen Starwood property whenever one available destination.The Shanghai Westin starts big lie, everything makes believe property enjoys high-rise Bund view, pictures show high building Westin-crown-like top fact different small ugly building hiding behind one presented, view all. This dishonest unacceptable commercial trick, unworthy Starwood say least.Our &quot;Executive Floor Deluxe&quot; room, view speak of, narrow crammed space ridiculously small poorly fitted bathroom... And meant GPG upgrade !The Executive Club poorly designed area, partly gained corridor, offering miserable breakfast unhappy miser happy hour, rude incompetent attendants. The staff even know Shanghai concert hall (world famous !) gave us wrong information deprived us attending temple festival looking forward too. (They said finished not, stupidly believed found two days later, indeed finished) We never heard &quot;sorry&quot;.The hotel's overall decoration joke &quot;kitch&quot; fluorescent colours ridiculous bad loud musical performance lobby, corridors low husband bow head walk through, appalling food very, bad service ground floor restaurant, restaurant offers better food looks like poor motorway facility...At 450 $/night sad affair extremely overpriced compared much better local hotels Four Seasons Shangri-la, mention fabulous, excellent Bangkok Royal Orchid Sheraton offering large, well appointed stunning river view room (and great Club service) 1/3 price ! The Westin Shanghai rip-off, scandal, shame Starwood.We certainly never choose Westin property think twice, check ask blindly trustfully going Starwood 20 years.",-0.0823762838468721,0.5891176470588236,May 10 2006
86,86,"disappointing I grew Shanghai special attachment area around hotel. I booked three nights managed stay one. The close office buildings around one could literally see almost everything offices: computers, desks, file folders, etc. By induction, would wide display left curtains open. I checked 9pm flee 11 morning. I guess crowded buildings expected Shanghai. But Westin price, one would expect bit more. Also, service polite indifferent.",-0.015357142857142861,0.5351785714285714,May 3 2006
87,87,"Stunning Shanghai Hotel My husband I recently spent three pleasant nights Westin Shanghai. We SPG members arrival asked would like upgrade SPG floor room one Executive Levels extra US$70 per night. We glad agreed included lovely breakfast buffet Exec lounge, snacks beverages day, best Happy hour 5.30pm - 7.30pm. We Sydney enjoy nice glass wine. Imagine horror reading wine list restaurant first night seeing Australian wine pay around $10 charged around $100 per bottle (or $20 glass). Off happy hour night upgrade paid itself.The rooms comfortable, luxury beds wonderful. Marble bathroom stunning well appointed. We ate one meal Lobby restaurant nice, went local restaurants lunch dinner rest time. If love Peking Duck try find restaurant (I could read name!!). Come Hotel turn left Walk straight along cross street staying left hand side. You see building office building, may notice restaurant second floor. Catch lift 2nd floor find authentic Chinese restaurant serves amazing Peking Duck (and many lovely dishes). Four us feasted AUD$60 service attentive. Cannot quite get used people smoking restaurants, hey, home!!The Spa luxurious offer discounts guests expensive initially seems. They also put package together suit desires. I enjoyed half hour back massage one hour facial, heavenly!!Staff courteous times whilst lobby bit garish also something intruiging welcoming coloured stairs - sort reminds horses change colours Wizard Oz.Highly recommend middle busy city.",0.31434523809523807,0.47717687074829934,Apr 21 2006
88,88,"Loved Loved hotel! My husband I visited Shanghai two children would guarantee us connecting rooms. Our two suites (each living room) beautifully decorated contemporary Asian theme. The bedroom portion suite somewhat small, overall layout spacious. The bathroom great! Beautiful marble, glass lighting fixtures. Plenty amenities. The staff courteous helpful exception concierge. He spoke little English know anything new Circus/Acrobatic show town. The breakfast buffet plentiful, lunch menu good selection Asian Western items. Overall great experience, I hesitate stay again.",0.3482140151515151,0.518560606060606,Mar 20 2006
89,89,"Kooky lights I chose Westin one newer hotels also I usually like Westin decor. The general fitout kooky say least - palm trees (fake? real?), weird lobby layout really garish stairs lit different neon colours.The rooms fine, although water disgusting - stunk mud dirt. The first night I tried shower, bathroom flooded water everywhere.Beds great, usual. For 5 star hotel, I expect more, particularly subtlety.",-0.023809523809523805,0.555952380952381,Feb 13 2006
90,90,"Surprise Shanghai Spent weekend back Nov 2005 Westin Hotel - Shanghai. Out surprise 5-star Starwood's right next Bund designer shopping mall brand new western restaurant 5mins walk hotel, convenient! When get bored 5-star Shanghai, try Westin!",-0.04177150974025974,0.30815746753246753,Jan 25 2006
91,91,"Best Hotel Shanghai My husband I went Shanghai Christmas/New Years year 10 days.Because going reasonable amount time, decided stay different hotels.The Grand Hyatt view, Portman Ritz Carlton elegant, Radisson New World friendliest staff best location, Westin far best all-around.The lobby modern interesting, lighting changes colours stairs, restaurants back first several levels enjoy overlooking lobby.We ate twice, buffet restaurant, breakfast &quot;hairy crab&quot; dinner buffet. Both good priced such, wide variety quality selections.Our room corner junior suite, beautiful, deep bathtub window overlooking lights bund beautiful night, separate glass shower. I much liked bathroom.Fresh fruit bottled water provided daily.The room amenities good, bed comfortable, good selection TV stations.The staff pretty friendly concierge parking attendants helpful.Our trip pool interesting. My husband said hot tub boys locker room new modern, experience girls' locker room opposite... hot tub bubbler broken, hot tub old, murkey water, seriously needed updating.The location Westin good... blocks Bund, Nanjing Road, leads good shopping.It bit way Sofitel Radisson, quality much higher.I would make choice next visit Shanghai, definitely!",0.3191060606060605,0.531309090909091,Jan 11 2006
92,92,"Not worth price I thought average, slightly overpriced offered. We New Years decided stay party, buffet excellent 4 days total bill high compared services had. We explore around hotels price range seemed offer. I probably wont stay again.",0.1391885521885522,0.4942457912457912,Jan 11 2006
93,93,"Excellent Experience I stayed upper floor room great view toward Bund direction. The bathroom, spectacular view rain-fall shower impressive. The room nicely decorated ambiance refine. It separate living area smaller side. Then again, city Shanghai.In opinion, came across business travelers polite functional style services compared attentiveness five-star hotels Asia. I actually found location convenient unless business nearby wish able walk Bund. The massage SPA fine I think overpriced offer.Overall wise, excellent experience room service commendable. I'd consider next visit.",0.46611111111111114,0.61,Jan 8 2006
94,94,"Service stay Westin divine! Just returned three night stay Westin Shanghai.Was bowled fantastic service staff.Everyone , porter, concierge , receptionist took pains make stay truly home away home. Beds guestroom comfatable, toilet extremely clean. Ambiance bright , cheery modern. Avoid like old-style decor ambiance. There's good gym spa third floor hotel. We chose stay largely location-- right bund , five minute walk celebrated restaurants like Whampoa Club Jean Georges ( building called No 3 Bund ) five block walk Nanjing Road , major shopping street Shanghai.One major note caution first-time visitors Shanghai-- assume Shanghai major business city, general standard English spoken understood populace high.Most Shanghainese thatI met speak English all, minimally.I understand Beijing, capital, English much widely spoken understood. So Mandarin speaking , try bring friend conversant language,especially trying take cab.The taxi-drivers I met understand iota English all!",0.21438405797101454,0.40844720496894416,Jan 3 2006
95,95,"good still needs improvment We stayed westin 6 days Oct. Nice room, nice bathroom. The staffs good, business travelers. There lot Chinese women &quot;hanging around&quot; bar &quot;looking foreign friends&quot;, The really borther all, makes money guy buys drinks, etc girls. I hope bit discreet although I realize people make living somehow. We Washington, DC. The five start hotels never let happen lobby bar here. Overall, nice business travelers, friendly young people.",0.3490909090909091,0.5095454545454546,Nov 25 2005
96,96,"almost perfect We 3-night stay Westin great. The price high compared hotels vincinity, class own.We buffet dinner average. We visit restaurants.In afternoon ordered in-room lasagna, great dissappointment. Every Italian would scream sacrilege classic dish. There noodles prawns it, stead pasta grounded meat. The Westin charge meal returned untouched.Apart lasagna-dissaster fun time luxury could wish for. It felt like coming home stroll city. The location also ideal, direct next Bund. Enough reasons classify excellent!",0.3217777777777778,0.4971111111111111,Oct 18 2005
97,97,"Its good We stayed two bedroomed suite. It good value, modern compared hotels. Wonderful restaurants nice settings. It big groups staying need book ahead.",0.4392857142857142,0.5678571428571428,Sep 2 2005
98,98,"We got upgraded We arrived 2PM Wed. told king sized bed wife me. To compensate us Starwood members, gave us upgraded room 15th floor, complete separate sitting area, 2 TVs, desk FAX, deluxe large marbeled bathroom. Everything working order figured complex lighting system. The staff friendly, English spotty - passable others minimal. It seems English speaking skills found staffs mainland China remain weakness... comparison tourist cities especially Hong Kong.",0.07642857142857143,0.46035714285714285,Sep 1 2005
99,99,"A lovely however This beautiful, immaculate, ultramodern hotel, however room little storage/closet space. The bathroom gorgeous, counter space poor lighting. The one outlet bathroom &quot;shavers only&quot;, making almost impossible use blow dryer provided. The room appears well suited male business travelers, ill-suited females want put make blow dry hair!The spa outstanding. Service throughout outstanding.",0.17029166666666667,0.7754999999999999,Aug 9 2005
100,100,"Great Hotel Hi,I road lot lately one thing I must say key great stay _great_ spa hotel... Yes, Westin great spa... Check go.Now standard chat... Rooms: The rooms nice, see pictures... The location good, middle lot action. Service: The service friendly quick. If forget plan ahead book reservations dinner super hot place - problem, go Concierge's desk get in. Food: The several restaurants, go casual place, buffet style downstairs - great brunch, way fancy sit dinner type place. Tours: Also town 1-2 days, set 1 day tour private guide car. Not expensinve quick way get around town. Why Excellent? Well, I tend mark &quot;Excellent&quot; beyond service unparallel experience. This great, I back, get wrong. However, hotels get &quot;Excellent&quot; book. The 2 important questions:Would I got back? Yes.Would recommend best friend? Yes.Happy Travels!",0.24685763888888887,0.5455381944444445,Jul 22 2005
101,101,The Westin Shanghai Fantastic! I got back 2 different stays Westin nice. The Westin located great area Shanghai close The Bund. You must take stroll Bund European feel night one side side China big buildings light Pearl TV Tower. I first room 1811 great nice city view corner room quiet. The second room 1111 exact layout floors. I would stay heart beat. The Health club top notch Spa looked like every girls dream.,0.21108585858585857,0.4133838383838384,Jul 20 2005
102,102,"The Westin Shanghai Surprise While Grand Hyatt across river boast tallest world, there's still something said staying that's crowning presence along Shanghai's historic Bund. No, avenue per se, 5-minute walk away; yet presence landmark sight, lighting nightscape tourists ogle every evening. As service, yes, Westin lives hype...cool, crisp, almost cold attendance everyone. The room I got corner deluxe magnificent view river, thanks, I presume earlier request made via e-mail. Kudos reservations officer. The breakfast buffet rather run mill--certainly confused weekend brunch top mood excesses. Be especially wary language barriers miscommunication dealing Concierge. When I asked taxicab Armani store, I brought 40-minute taxi horror ride Armani Bar across town. Not fault taxi really--the concierge assumed I wanted go wrote driver. All middle afternoon....talk Shanghai'd! Will I stay again? Truth told, I've gotten mighty curious tallest one across river. But sheer proximity charms Shanghai--the Westin deserves mighty crown. PS: I think Heavenly beds over-hyped...they're nice--but really, call heavenly reeks much marketing arm.",0.1049707602339181,0.6029239766081871,Jul 11 2005
103,103,No King bed you!!,0.0,0.0,Jun 15 2005
104,104,Fabulous Hotel,0.4,1.0,May 29 2005
105,105,Lovely,0.5,0.75,May 20 2005
106,106,location location location,0.0,0.0,May 12 2005
107,107,Living Bund Shanghai,0.0,0.0,May 1 2005
108,108,"A ""Must Stay"" hotel.",0.0,0.0,Mar 25 2005
109,109,Chic Shanghai address,0.0,0.0,Mar 20 2005
110,110,Living loud side,0.1,0.8,Dec 9 2004
111,111,Excellent Hotel,1.0,1.0,Nov 16 2004
112,112,Nice addition Shanghai,0.6,1.0,Oct 9 2004
113,113,??????????????????????,0.0,0.0,Nov 11 2009
114,114,????????,0.0,0.0,Oct 4 2009
115,115,?????????????,0.0,0.0,Sep 2 2009
116,116,????GOOD,0.7,0.6000000000000001,Aug 16 2009
117,117,????,0.0,0.0,Aug 3 2009
118,118,??????????????????????????????,0.0,0.0,Jul 25 2009
119,119,?????????,0.0,0.0,Jul 23 2009
120,120,?????????????,0.0,0.0,Mar 25 2009
121,121,?????????????,0.0,0.0,Mar 6 2009
122,122,???????,0.0,0.0,Feb 26 2009
123,123,???????????,0.0,0.0,Jan 13 2009
124,124,????????????,0.0,0.0,Jan 9 2009
125,125,???GOOD!,0.875,0.6000000000000001,Oct 30 2008
126,126,????????????????,0.0,0.0,Aug 16 2008
127,127,On s'y sent bien !,0.0,0.0,Dec 2 2007
128,128,Un precioso,0.0,0.0,Sep 21 2007
129,129,das Beste Old Shanghai,0.1,0.2,Nov 11 2006
130,130,SPLENDIDO HOTEL,0.0,0.0,Jul 15 2006
