,Unnamed: 0,Reviews,polarity,subject,Dates_extracted
0,0,"Don't fooled pretty lobby Stayed Sofitel Shanghai Hyland three days November somewhat disappointed. This get top ratings Trip Advisor reviews I somewhat reluctant book it, I received great three-for-two-nights deal hotels.com. Upon arriving, lobby spectacular I began feel better choice.--until I got room 10t floor. I choose upgrade Executive Level offered upon check-in (for $50 night). So I imagine lower floors discount bookings rooms certainly standard luxury chain. Nothing really bad, pretty dated small old bathroom. Not much view, either. Beds hard, often case Asian hotels. The hallways dark dingy. Service sullen concierge even look phone conversation I stood least 10 minutes. One afternoon upon returning room, made up, roll toilet paper missing. (As single male traveler, I approached prostitutes quite often right outside hotel, I guess that's hotel's fault) I hope (and suspect) rooms service Executive level better. I eat hotel.On plus side, location right main shopping street within easy walking distance attractions close subway. Lots restaurants area, tons mall-type shops. I also free WiFi supposed included. I suppose lower floors still access WiFi lobby area. Lots international news entertainment channels. Overall, terrible experience, also one lives expectations Sofitel hotel. This would nice three star place, understand going in, likely satisfied. Unless I got great deal, I would stay again, Shanghai lot upscale hotels vicinity.",0.13663127413127413,0.5017471042471044,0.5017471042471044
1,1,Thumbs up! Up expectations! Reasonable price good location. Service good enjoyed stay. We would recommend hotel.,0.5249999999999999,0.625,0.625
2,2,"Superb Location The lobby's nice European iintimate feel, unlike grand high celing entrance luxury hotels China tend favour. The cannot said basic room had. The carpet's dirty, bathroom well furnished generally tired looking. Upgrade club room instead come expect Sofitel normally offers. The location however, keeps hotel's rates up. Step outside , middle Nanjing Walking Street stretches km , filled shops, shops shops, good people watching well, sitting walkway cafe. There're least two Metro stops linking different lines along stretch, one talk leisurely stroll Bund. Remember ask complimentary Shanghai Guide, comes nice illustration tourist attractions different metro lines, much better map I bought bookshop. Breakfast nice, freshly squeezed juices, European pastries local fares, egg stations, enough good hearty start day.Like posters mentioned, Concierge seems interested talking serving guests. A little professionalism desired.",0.21949999999999997,0.4991428571428571,Nov 24 2009
3,3,"Good location - business focused The Sofitel good location within easy walking distance People's Square Bund right next subway stop. The poor bar - local bars much better - especially Marriot Radisson.The rooms clean fine, business focused comes bit shock staying boutique Beijing, The breakfast included Â£20 wireless also charged around Â£12 day - included previous hotel.I went half-day trip organised zhouzhuang water village. The guide terrible rushed us round breakneck speed. None guest happy it.,When next Shanghai I think I'd pick similer area, probabaly different hotel.",0.13265306122448978,0.49455782312925173,Oct 31 2009
4,4,"Our stay made visit Shanghai even enjoyable. Checking greeted cool drink friendly, courteous staff inform us usuall details one needs know.Our room ( suite) spacious, beutifully furnished amenities excellent view city windowsThe premises well located adjacent square shopping pedestrian street (Nanjing East) far Bund. The metro within five minute walk taxis door.Unfornutely spent time vising place shopping. We get much time enjoy available facilities.Breakfast 30th floor best ever. Your request choice menu and/or variety oriental continental choices including juices fruit.",0.4312500000000001,0.5625,Oct 28 2009
5,5,"Superb location comfortable - club level The Sofitel Shanghai enviable location pedestrianised Nanjing Road shopping street, heart city - although several entrance levels little confusing. I started check-in main lobby sent club level complete it. The room traditional style, comfortable well appointed amenities (tissues, safe, coffee/tea, toiletries, turn-down service). It bedroom separate lounge area. I club level access, superb extensive breakfast served. Happy hour complimentary drinks snacks available early evening, together free internet (note, Facebook China!) newspapers. The staff friendly helpful. I never go restaurants hotel.Being Sofitel, sophisticated French ambiance it, added level comfort overall experience.Shanghai fascinating explore many sights. Its also dirty, dusty, noisy, smelly consistently overcast pollution. I also never encountered much constant hassle (albeit non-threatening) people selling watches, bags, phones sex, increasingly annoying visit continued. Also warned city preparing 2010 Expo, Bund completely closed reconstruction locations also vulnerable disruption period.Overall, Sofitel exceeded expectations.",0.15895833333333334,0.5390625000000001,Oct 23 2009
6,6,"terrible Sofitel dirty dated... When usually book Sofitel, least expect high standard service clean place... Not well located cause admit location Sofitel Hyland really good, close shopping, sightseeing nightlife. But ready pay 1500 CNY minimum location??? I'm sure topic one consider important, hotels around better price cause Sofitel really expensive offers.Maybe surprised review get decide go. Actually, invest everything lobby quite trendy nice flowers arrangement understand better start check in... First all, staff really helpful smily. At reception,they treat number human pretty disagreable moreover cause they're especially arrogant. However, let's say i've unlucky maybe staff working front desk nice... At least, restaurant, staff really good impression place good: smily efficient staff, good presentation (very good dinner buffet), nice food, large choice...But worst thing get floors... The corridors dark carpet smells bad. Cleanliness one important thing unacceptable five stars dirty. Same thing discover room: dated, old furniture, dirty carpet lot spots (quite disguting...), smudge bathroom around toilets find hairs previous customers, dated equipment (shower system, bathtub, lighting, TV...)... No need talk size room bathroom hope travel cause standard five stars even one four stars. To compare, Novotel Peace Beijing better, much better. The positive point Sofitel &quot;My Bed&quot; comfy again, good wake insects (i prefer think kind insects...) bites legs...???Sincerely, really really recommend moreover cause Shanghai much offer... This nothing standard Sofitel especially cause brand really upgrading hotels group forgetting one???",0.14477597402597406,0.5766596921596924,Oct 19 2009
7,7,"Worth money Comfy, modern cozy hotel, smack middle all.",0.07500000000000001,0.2875,Oct 18 2009
8,8,"Top Hotel positioned perfectly enjoy buzz Shanghai. Top Hotel stay at,with upgrade executive level must.You pay extra,but free full breakfasts,finger food &amp; drinks evening,free internet access&amp;newspapers,it's well worth extra.The staff delight deal &amp; front door leading mall,this place stay Shanghai.My concern smoking non smoking floor.When Shanghai I definitely stay Sofitel Shanghai Hyland.",0.30624999999999997,0.5562499999999999,Oct 18 2009
9,9,"Great Hotel delicious Food Stayed 4 day business trip. Great location go everywhere City. Club room nicely furnished offers free breakfast internet. Also access Club Lounge 30F serve great wines nice finger food evening. There also nice books libary China free Internet stations. Breakfast fast superb, especially Croissant - best ever! Restaurant Lobby level great food selection plenty french chinese dishes. Staff friendly caring, helped lot travel arrangements.",0.532638888888889,0.675,Sep 24 2009
10,10,Excellent Good excellent staff. Rooms clean comfortable. I would recommend visiting Shanghai business pleasure.,0.7153333333333334,0.8620000000000001,Sep 16 2009
11,11,"The perfect location stay shanghai Being middle class retired couple, found centre that's happening Shanghai could better.Being centre pedestrian mall Nanging Road, shops restuarants etc, meant able walk destinations easily. On first outing Nanging Road mall, took ride tram/trolley takes one end mall other- great way get grip area, husband trouble walking, great introduction. Cost RMB 2 30 cents Australian way- pay trolley.The Bund renovated expo, massive works means cannot see anything roadway. The best view, relaxing take ferry cruise river . Fabulous worthwhile.Shopping - cost goods seems similar little cheaper Australia, looking &quot;copy&quot; bags, watches etc well known brands, inundated offers take shops, gentlemen street. We bit nervous, agreed accompany long within walking distance hotel. We suprised taken one street Nanging road, happily bartered costs handbags fron $200 $45. excellent leather bags wallets.We tried thing days later HongKong, prices much higher.The best day trip Water town Zhou Zhuang. You need day stay lunch/dinner possible. We unfortunately included town trip garden town Suzhou, sorry allowed time Zhou Zhuang, even though private hire car day.We booked Shanghai Eastern Taxi Service, also picked us airport arrival. Great service , great someone meet arrival. Contact Shanghai Eastern Taxi Service info@shanghai-taxi.com reliable pricing info prior departure home.",0.2701388888888889,0.5304093567251463,Sep 15 2009
12,12,"Avoid unless club level rooms - total rip-off prosititution outside. Avoid costs unless club level rooms. We booking Â£100 check tried 'upgrade' us club level room Â£150 including breakfast. We declined upgrade. Our room smoky calling reception told would try change us evening...Then went tiny tiny bathroom - tiles cracked toilet seat toilet seat cover different colours different plastics...the whole room dated 1970's feel. It modern fresh. The TV flat screen - everywhere else China (apart from, interestingly, another 5 star Shanghai) flat screen TVs - Chinese motel chains Â£38 night, local 'boutique' hotels Beijing Â£33 night...so Â£100 night I kind hoping timmings I'd able enjoy elsewhere!No bathrobes either slippers (fundamental stay China various reasons - replaced every day Â£33 Beijing!).The area poor - central very, sleazy. Husband approached 5 times near area sex begiinning 6 p.m. hardly late!. The location around Nanjing Road East Peoples Square somewhere I would stay children (or recommend anyone else sex tourist). We checked pretty quickly moved elsewhere. This problematic. They determined stay 50 minute wait debate able finally leave. See reviews went - place HIGHLY recommended.",0.07068181818181819,0.4483838383838384,Sep 13 2009
13,13,"Great Hotel great location great service great breakfast We stayed suite club level. The room comfortable incredible views Shanghai. We received gift bottle wine, fresh fruit pastries. The free breakfast offered club level outstanding. The buffet great plus could order many items menu.Unfortunately, stay, I suffered medical emergency. The provided wheelchair driver take western doctor. This service greatly appreciated.",0.5228571428571429,0.6017857142857143,Sep 8 2009
14,14,"Sofitel Hyland : Great place Shanghai I Went many times Sofitel Hyland Nanjing Road Shanghai, business.Hotel luxurious 4* standard, amenities needed category.Rooms decent size, flat screen, clean, smoke free nice bathroom concept (open bedroom)Stayed SUPERIOR ROOM CLUB SOFITEL - category. Breakfast included rate. Big buffet, good quality top level building fantastic view Shanghai.You access CLUB SOFITEL lounge complementary drinks night free internet access.Situated Nanjing Liu Bund, one attractive place Shanghai.Service perfect, clean, secured.French feel little bit like &quot;at home&quot; part French Accor Group.I recommend every Business stay Shanghai. No question.",0.3803571428571429,0.5972222222222223,Aug 24 2009
15,15,"GOOD HOTEL IN GREAT POSITION We stayed 3 nights lovely March finished month cruising travelling around China Far East Asia.Upon checking in, upgraded lovely suite high floor consisted hall, lounge room, bedroom bathroom views city. This pleasant surprise.We booked Club Room enjoyed facilities provided especially breakfast drinks nibbles night.We also ate downstairs couple times coffee shop reasonable food slow service. The position Sofitel fantastic, right heart shopping area close tourist attractions. We enjoyable stay comfortable hotel.",0.39869047619047626,0.7453571428571428,Jul 27 2009
16,16,"Excellent location Excellent location Nanjing Road pedestrian mall lots nearby shopping dining options short walk Shanghai Museum The Bund.We stayed club level room, inclusive breakfast, evening drinks &amp; canapes executive check-in check-out quiet club level.Even though arrived 8:30am, gratefully allowed check room straight away. We given complimentary fruit juice platter fruit room. The room moderately sized comfortable bed, lounge chair, desk free Internet connection, TV, minibar wardrobe. The bathroom separate shower low bathtub. Bathroom products made L'Occitane.Breakfast served club lounge 30th floor, fantastic city views provides delicious beautifully presented food. There la carte selection hot dishes (eggs, pancakes, waffles, Asian soups etc) continental buffet including fresh bread, pastries, tropical fruit, cold cuts, cheese, jams, fruit juices more.Complimentary club level evening drinks served club lounge 6-8pm. Wine (French, Australian, Chilean Chinese white red), beer, softdrink fruit juice offered along hot cold canapes brought table. The end club lounge library/lounge area 3 free Internet terminals. Most, staff spoke English courteous. The concierge staff helpful booking tickets us giving instructions Chinese taxis.",0.2215,0.5369444444444444,Jul 22 2009
17,17,"Fantastic ~ pity bar The title sums experience up. You could ask better location, food selection breakfast top class, rooms &quot;western size&quot;, staff friendly efficient, flash bar cut mustard. It way formal impersonal. This part place lets ~ important part solo traveller ! Not cheapest place I ever stayed in, hey ~ travelling, want eating Big Macs every day !!!",0.2535493827160494,0.5709876543209876,Jun 17 2009
18,18,"Location service I inventive I say best location city right pedestrian Nanjing road along shops malls could dream of. It also 10 minutes walk away Bund.The hotel, although old, renovated. The lobby cosy ''small'' good way except like usual Chinese gigantic unfriendly lobby. The bar, located floor intimate. The coffee shop, also floor offering nice interactive buffet gives great freedom choice. The night time gives locations totally different ambiance thanks lighting.The executive lounge last floor shows great view city. The service caring, breakfast tasty diverse buffet la carte evening cocktail time friendly warm.The rooms nice shabby I read previous posts. The bed particular comfortable. The bathroom may bit small still separate bathtub shower.",0.26829192546583847,0.48184265010351973,Jun 4 2009
19,19,Right Walking Street If looking &quot;Walking Street&quot; look Sofitel Hyland.During stay China I used numerous occassions never disappointed.The backs onto &quot;Walking Street&quot; beware young ladies offer take &quot;sexy dancing&quot; expensive night out. If decline offer within moments another service young men.,-0.03061224489795919,0.4479591836734693,Jun 3 2009
20,20,"A great location stay Shanghai This similar Sofitels China. The rooms quite nice, although particularly spacious. I find property 'old tired.' The location great, pedestrian portion Nanjing Road. You accosted usual &quot;watches, bags, DVDs, jeans) hundred times day part town, 99% give (a) wearing iPod pretend hear (b) continue talking friend there. Despite busy location, quiet. The view room terrific -- overlooking bandstand Central Hotel. Check terrace 7th floor -- peaceful great views city (day night). 1200 CNY/night (plus 15% taxes) cheap, comparably priced places I've stayed town (Jin Jiang Moaming Road Swissotel near Jing'An Temple). The food okay, perhaps bit sub-par 'luxury' hotel.",0.15640350877192982,0.5435087719298245,May 31 2009
21,21,"Good staff- disgusting food No complaints actual itself. Most staff helpful. The major let disgusting food.We went burger Mosiac Restaurant. The meat rancid. I physically ill 1 bite. Interestingly, Manager seem care all.Breakfast bad. Off cheese. Half cooked eggs. Just nowhere standard NOT back",-0.11140873015873014,0.47301587301587306,May 28 2009
22,22,"Very good great location The Sofitel Hyland offers comfortable, modern experience amongst hustle bustle Shanghai. City centre hotels often compromised space lack facilities, Sofitel Hyland manages offer excellent facilities bright spacious rooms high standard. This located one main shopping precincts city, yet located 10 minute walk The Bund. If restaurants take fancy, multitude places right doorstep, short taxi ride away.The modern styling, comfortably so, I mean enough interest features without quirks 'modern' hotels come with. The staff manage hit right balance welcoming efficient. Having couple bad experiences checking trip, I pleased report check in/check process efficient",0.24950414078674954,0.5333012422360248,May 16 2009
23,23,"Good location good leisure business Surprisingly good service friendliness shanghai. Located right Nanjing road quiet secure. French asian style good quality food. AF/KLM affiliated. Rooms good size good amenities, concierge quick helpful. 15 minutes walk Bund shanghai Museum. Hagen Daaz beside entrance Starbucks closeby.",0.4349206349206349,0.46408730158730166,May 10 2009
24,24,"Beautiful Amazing location! We amazing stay Sofitel Shanghai. We stayed 4 nights upgraded suite soon checked in! Fantastic staff. Very, nice helpful. What ever needed, helped us. The bar great relaxing. There's amazing pianist plays popular songs night, great relaxing, enjoying drink. It clean, spacious. The restaurant buffet delicious.We absolutely loved stay would again, I cant think one thing wrong time here!",0.5176041666666666,0.7693750000000001,May 7 2009
25,25,"In heart Nanjing Pedestrian Mall This first trip Shanghai staying made convenient everything wanted do. You step door right Nanjing Road Pedestrian Mall. The room nice - big bathroom bit tired nice same. The bar beautiful - lovely atmosphere seluded areas sit relax glass champagne listen groovy background music. The buffet breakfast ok, nothing write home about. We added bonus Accor Advantage members got us 50% food beverages hotel. Service ok staff could speak English.",0.32612244897959186,0.5229264782836212,Apr 25 2009
26,26,"Best location town clean well designed rooms We stayed two nights could asked better location. It center Shanghai shopping district, easily walked (15 minutes) Bund Pearl Tower. Beautiful foyer, rooms well designed layout room strange- TV moved watch bed. My luggage got lost way concierge called numerous times updated throughout day. My luggage found delivered within 24 hours thanks help (and Japan Airlines- easy deal with).The negative lack pool, I would definitely recommend hotel.",0.25641025641025644,0.5397435897435898,Apr 18 2009
27,27,Nice location ... typical Sofitel quality service Stayed 2 nights. The centrally located Shanghai lots sights activities vicinity. Did partake much I business. The shops/restaurants closed 10 I expect.The room I stayed small unexpected. Clean rooms fairly modern. No issues noise anything like that.The breakfast lounge typical breakfast fare service fine.,0.09545454545454546,0.49545454545454537,Apr 18 2009
28,28,"Right Nanjing St near Bund We enjoy small elegant every time visit (this 3rd visit). Great staff, nice rooms, right Nanjing shopping street. Only negative street vendors accost soon leave front door; go side door miss all. An easy walk Bund, outstanding breakfast buffet, attentive staff.",0.2681972789115646,0.652125850340136,Mar 15 2009
29,29,"Wonderful location This second stay Sofitel Hyland. Our first visit room 20th floor wonderful views, occasion 15th floor room damp smell entered. We staying 2 nights &amp; hardly ever room staying longer I would asked change rooms.The location can't better; right Nanjing Rd, reception staff professional check-in/check-out quick. flower arrangements lobby amazing candles make relaxing place especially evening. We eat restaurant can't comment food always enjoyed drink bar evenings service faultless.I would stay Sofitel would request room first visit.",0.3035863095238095,0.5577529761904763,Jan 28 2009
30,30,"Badly need renovation Nice lobby, rooms badly need work. Bed rock-hard. Combo shower/tub",-0.26666666666666655,0.7777777777777777,Jan 6 2009
31,31,"Great Stay booked club room via website - room available!! However glad end, club benefits excellent. Private check-in 30th floor. Our room 25th floor &amp; best view!! view oriental pearl &amp; river room window!! well located short-walk bund, markets &amp; corner store.club breakfast 30th floor terrific, selection food great &amp; quality top notch. staff attentive.We made sure made free 6pm-8pm club drinks &amp; superb, selection premium beers, wine, scotch &amp; even cognac avaiable well excellent finger food. Room good.Hotel highly recommended - spend money club benefits",0.48249999999999993,0.7168827160493828,Jan 6 2009
32,32,"Room great service I believe Sofitel 5 star property service really there. F &amp; B- food chinese restaurant &quot;Mao&quot; expensive taste average.- breakfast cafe daily. Got tired food 1 week. Quality taste good though. - service staff slow inefficient although cafe crowded. They stand around talking instead clearing plates topping coffee tea. I ask top everyday. I see Caucasian lady moves fast clearing service guests local staff. - I asked fresh hot waffle asked could heat cold one laying there.- la carte orders cafe one night food taste terrible. It difficult get attention staff eg. get glass water. The restaurant quiet guests nowhere seen. I see 3-4 standing cashier counter entrance necessary?- 1 order sandwich room service took 45 minutes although staff said 25 minutes. No follow call say would delayed.Housekeeping- took away drinking water replenish. We ask it.- replenish bath gel fortunately I brought own- nice fruit platter given first day staff bother clear change rotten fruit that. I expect given fruit plate daily could least remove rotten fruit remove whole plate. - floor clean. Our feet turn &quot;black&quot; walk bare footed room- toilet seat cover broken whole week I never repaired. I assume clean whole week would discovered broken. Security- saw lots around good never smiling. Maybe supposed &quot;serious&quot;.Room- room nice cozy extremely comfortable beds pillows. Even extra bed I slept great. - lock handle sliding door toilet quite difficult handle. I fiddling 5 minutes I could get out. - goes wardrobe door. Not practical. - sufficient storage space luggage clothes- many tv channels choose fromFront Desk- staff check us friendly efficientLocation fantastic. Lots shopping malls, shops restaurants nearby. I would love return Shanghai future would choose stay another hotel. There many choices choose from.",0.08544753086419751,0.5158333333333333,Dec 13 2008
33,33,"Overpriced First night Shanghai China. Was impressed lobby. The restaurant nice, location close lot others. Found rooms small cigarette smoke noticeable. Staff slightly aloof. Stay nice, last night stayed Riverside Bund super.",0.2766666666666667,0.5233333333333332,Nov 25 2008
34,34,"Wonderful Staff Excellent Location Best Shanghai I chose based fellow reviewers' experiences finding website, booking too.It certainly gave us one best experience; reasons:1.Excellent location, right Nanjing Pedestrian Walk (East) close Nanjing Rd East EXIT 1 Metro Subway, around 5 minute walk (to right side Hotel 1st floor)2. Surrounded Fast Food Rest. Department Store &amp; Various Stores opens 10pm3. Wonderful Staff; nice Security Staff (from every entrance), helpful concierge staff, friendly reception staff efficient Housekeeping staff. For taking Maglev train Airport &amp; Subway Nanjing Rd East ( 20-30 minutes trip compares taxi 1.5 hours), please take Exit No. 1, turn Right side, walk along road, Hotel opposite side, looked Haagen Daaz Ice Cream Restaurant next Hotel Sofitel- Nanjing Street entrance. We filled online feedback suggested Signage put around Subway, see prominent signage added difficulty local people seemed aware name Hotel, Hotel took suggestion seriously hopefully fellow traveller find easier future.",0.394047619047619,0.5356625258799171,Nov 22 2008
35,35,Beautiful Hotel The Sofitel Hyland Shanghai great place end 12 day visit China. The lobby beautiful staff efficient. The concierge helpful needed go addresses familiar. We got locations easily written Chinese addresses. Breakfast included room rate wonderful. The croissants fabulous.Our room well appointed everything needed including chocolate bedtime. We view city. The located right Nanjing Road convenient everything. It's walking diatance Bund.,0.44748168498168506,0.6103663003663004,Oct 23 2008
36,36,"Good busy central location This good hotel, although quite class Sofitel Xi'an. I think thing I really like opens right onto Nanjing Road always heaving get mobbed hawkers selling $10 Rolexes $15 Versace handbags whenever step - still many like central location.We Club room high floor great view Pudong Club facilities really good (again great Xi'an). Our room large clean lovely bathroom.We ate restaurant ground floor good/average buffet although also la carte. We ate one night bar called Five Bund (about 10 minutes walk), good fun. We also got cab one evening went Ruijin Hotel complex French Concession lots bars restaurants - drinks Face Bar curry Huzara - great. Another interesting place dinner would Zintiandi area - nice lunch KABB.",0.3370666666666667,0.49717142857142854,Oct 9 2008
37,37,"Excellent Excellent Location This Hotel superb. We stayed 3 nights disappointed. We stayed Club Room I say well worth extra cash. Club Rooms Check 30th Floor. This also breakfast best breakfast trip China. The breads etc beautiful. As Club Room residents, also get free internet 30th floor 6pm 8pm night free drinks canapÃ©s nice touch.The Hotel main shopping street close Bund. Infact itâs great location everything. We found much easier walk everywhere get taxis. You spend half time traffic taxi everywhere.I would truly recommend anyone. Staff attentive, food good, dÃ©cor clean modern service second none. Loved it!!",0.5087121212121212,0.6181818181818182,Oct 6 2008
38,38,"Lovely Sofitel Hyland Shanghai I recently returned five night stay Sofitel Hyland Shanghai. A nice heart shopping district East Nanjing Road. The staff always polite, courteous always willing help. The room rather small adequate. The breakfast buffet plentiful nice choice Chinese Western fare. And French owned run, baguettes desserts wonderful. I also enjoyed dinner buffet featuring Asian Western food. However, one also order la carte dine restaurants hotel. The location walking distance Bund, Shanghai Museum, Shanghai Grand Theater Urban Planning Museum. All all, I would surely stay Sofitel Hyland again.",0.2783333333333334,0.5024853801169592,Oct 3 2008
39,39,"Good Business Hotel Sofitel Hyland right middle Nanjing Road shopping area. This high end western conveniences good service. Everyone speaks English willing help taxi, airport arrangements in-town dinners. I stay business tried arrange tourist stuff thru them. Meals good, great. The 7th floor spa small workout room. Most spa business appears massages grooming. Room rates expensive, even Shanghai, hassles problems western travelers.",0.15326530612244896,0.4268367346938776,Aug 24 2008
40,40,Loved Sofitel I loved Sofitel Hyland! The location beat. The staff friendly helpful rooms clean- I would definitely recommend staying visit Shanghai.,0.48583333333333334,0.6900000000000001,Aug 22 2008
41,41,"Sofitel Hyland - great location Stayed Sofitel Hyland two week business trip Shanghai. I expecting fairly good things &quot;luxury&quot; french branded hotel, I say necessarily live expectations.We met airport car, service excellent first time visitor (although marginally overpriced) much comfortable spending hour ubiquitous VW Santana taxi FAR less nerve-wracking.On first arrival midnight, check quick, bellboys taking cases us delivering moment two walking room. First impression room 18th floor &quot;is it?&quot;. It certainly clean tidy, though mildly shabby places, unexciting. The bed comfortable without exceptional, bathroom pleasant luxurious view I high rise construction opposite.Breakfast next morning (and next two weeks) perfectly okay, wide range choices, hot cold, healthy healthy, local Western. The main gripes tea coffee frequently served lukewarm, service often rather patchy.The bellboys helpful every morning helping get taxi, making sure driver knew take us. The concierge also helping writing addresses chinese. The main plus point though, location. It's remarked reviewers many places within walking distance, Bund, Jin Mao tower (WELL worth visit either drink bar meal restaurant) main Nanjing Road shopping area itself. Some may find hawkers (selling everything fake Rolexes Gucci handbags, well &quot;personal services&quot;) pain, easily brushed simple &quot;No thanks&quot;. Some beggars little persistent though.I quite ready leave two weeks, fault hotel. The service received mostly efficient mostly friendly. The facilities mostly good, food mostly decent. All all, nearly good experience, falling little short several ways. Would I go back? Probably, though would tempted explore options area first.",0.23206902356902354,0.47513756613756625,Jul 17 2008
42,42,"loved sofitel hyland ! We stayed November 07 amazing hotel. The concierges check staff nice speak good english. It one best possible locations Shanghai, Nanjing Road. The rooms small, yet clean, still nice. It`s also within minutes bund, Nanjing road metro station. The breakfast amazing here, cannot wait return.",0.49833333333333324,0.7072727272727274,Jun 25 2008
43,43,"Great Central Location We liked location much Shanghai's city attractions. We could walk Bund, Renmin Park, Pudong, etc. The room adequate. Staff helpful regarding places visit, suggested destinations, etc. English spoken understood well Front Desk Concierge staff. With much dining choices Shanghai, need eat hotel. Breakfast buffet great.",0.3633333333333334,0.4083333333333334,May 21 2008
44,44,"A Great Location A comfortable European style hotel. I appreciated place even Kunshan prevous 6 days. The room small, clean comfortable. The bedding comfortable. The lounge area nice I ate lightly sampled beers on-site brewery (A real treat). Service good. I depart early (before 06:00) next morning. I made taxi arrangements ordered room service breakfast 05:30. The food delivared time delicious.The fronts busy shopping area full restaurants night life.I definitely would stay I opportunity.",0.2992592592592592,0.5166666666666667,Apr 4 2008
45,45,"Still great nice club lounge A little year last stay, I returned business. I really like hotel. It nicely decorated. I used gym, adequate, spa, massage nice. I stayed club room gave access top floor lounge. It nice great view. The breakfast good (better Horizon lounge China World Shangri-La Beijing).",0.5211309523809524,0.6342857142857143,Mar 31 2008
46,46,"Great location small rooms This one best locations Shanghai. Its right Nanjing pedestrian Street countless shops great atmoshere doorstep. However, hotels restaurants, wont find much way dining besides fast food close hotel.Our room little small side, combined bath/shower. However bed confortable amendities room sufficient. We booked accor.com website managed get AUD$100 night incl tax.Overall great I would stay again, probably get upgrade bigger room.",0.25178571428571433,0.5046703296703297,Jan 20 2008
47,47,"Location location location Stayed part tour around China October 2006 3 nights.Room comfortable clean, pretty standard good size would expect international chain standard. What really sets apart location breakfast!First breakfast really rather good, good selection pastries, breads, juices, plus chinese western breakfast staples (the egg chef makes really mean omlette too) get good start day. Waiting staff typically attentive efficient refreshing coffee cup almost every time I turned back!But main selling point location. If want right heart action place, right Nanjing road 10 minutes walk Bund, much life I spent 20 minutes one morning watching people taking part dance class square below. For pining tastes West KFC McDonalds yards (ideal late night snack want pay room service prices).There may better hotels Shanghai terms comfort luxury, beat Sofitel location quality staff service",0.2460097001763669,0.44045414462081134,Jan 18 2008
48,48,"Great Location!!! As mentioned previous reviews, great location right pedestrian street Nanjing Rd. I high expectations rooms based pictures website standard room one them. But, bad facilities clean. My complaint connecting room I booked children wherein aircon controls working.The concierge helpful getting taxi us way back airport making sure drivers (we got 2 taxis) understood airport going since almost cab drivers encountered understand English. With this, make sure hotels/other sites address Chinese else difficult time telling driver headed.",0.12160714285714286,0.5054265873015873,Jan 16 2008
49,49,"Not great Superior Room The superior room great . Yes, I know basic room still standards apply. The carpet stained air-con control. Thank goodness middle winter may evaporated mist. Also, bath horrible rubber mat stuck bathtub - made toes curl. The website clever eagle-eyed realise free broadband seperate bath/shower applies Club Sofitel rooms superior room.....I'm sure mean misleading (sic). Paying broadband room old school days (120 RMB 24 hours) could access internet free lobby. Concierge helpful housekeeping kept room neat tidy. And, yes...the beds VERY Comfortable. I'm sure great reviews Sofitel stayed Club Sofitel rooms. Finally. Yes, Sofitel Hyland great location going hang The Bund day winter freezing found walking towards Old Town/French Concession day cool restaurants funky shops seem be.",0.3529666666666666,0.6749444444444443,Jan 5 2008
50,50,"Great location This older property rooms reflect this. Room size large, even bit cramped. Bathroom OK clean.But location hard beat. It's right Nanjing Road, middle busiest shopping sections pedestrian only. It's far away Bund (15 mins walking).",0.14484126984126985,0.5654761904761904,Dec 31 2007
51,51,"Nice quiet bustling area Shanghai I arrived onsite make booking (it late night). It business trip, I stay single suite due availability). For price, stay alright. It cost 3000+ RMB/night 2 nights. Its breakfast great! Though I would say lobby justify comfort rooms. Check fine. The people nice professional.Conclusion:The stay alright given price. Won't exactly call worth value. I believe Westin Bund Center Royal Le Meridien would better price range (in terms rooms, is). But place quiet. Good travellers wanting good rest.",0.298015873015873,0.4837301587301586,Dec 10 2007
52,52,"On Pedestrian Street The Sofitel Shanghai great location. It right middle Nanjing Road, pedestrian street. The facilities excellent although personnel front desk either totally new competent. It took forever check-in, forever change money, forever ask anything.",0.33829503829503826,0.5421800421800421,Nov 22 2007
53,53,"Modern comfortable Stayed one night suite. One comfortable beds every encountered. Both living room bedroom large LCD screen TVs. As mentioned many reviewers, location big plus point short distance (10 min walk) Bund right middle famous Nanjing Road pedestrian mall. Only complaint internet charge RM120/day. By Chinese standards, outrageous price.",0.11333333333333334,0.4976190476190476,Nov 18 2007
54,54,"Highly recommend Sofitel Hyland My wife I returned 5 nights Sofitel Hyland. It comfortable fantastic location immediate access Nanjing Road. within walking distance Metro, Bund Peoples Square. The rooms comfortable (the bathroom small ... what) beds great - firm. Breakfast excellent. The staff helpful. A comfortable 3 - 4 star great location. I highly recommend it.",0.40272727272727277,0.7527272727272727,Oct 15 2007
55,55,"Loved Sofitel Hyland Shanghai We stayed week Sofitel Hyland Shanghai. We booked Accor web, said guaranteed lowest price ( true!). We paid 60 Euros plus tax really nice experience.- Hotel Lobby renewed: modern, nice.- Staff attentive speak English ( frequent China, love this!)- whole clean well decorated- rooms large modern. Beds GREAT! Sofitel something related bed experience really good. Our room quite silent, even front square lots people since early morning.- sight window un believable: front square, many lights every building... great. - bathroom one renewed, quite new, even though. Very comfortable, white. Nice.- Internet access good.- several restaurants, good level good food.And LOCATION: middle everything. Excellent location. One entrances faces walking street Mardi Grass held February.In words, I could believe got good low price! I expected much less, I say.You offered upgrade renewed room, breakfast included, per 20 Euros more. It good option, bathrooms absolutely new room different decoration, minimalist modern. We take option.If stay Shanghai, I definitely suggest take option (unless plan work business district, little far hotel).",0.3264258082343188,0.5220070000921065,Sep 26 2007
56,56,"Great Location I've stayed three times always booked Club Sofitel rooms, superb. The Club lounge offers great views city decent breakfast.The location excellent main sights (Nanjing Road, Peoples Square The Bund), downside hawkers harrassing soon walk door, trying sell watches, handbags &quot;lady massage&quot;.There's metro station nearby much easier cheaper use Maglev train metro reach airport using taxi; car journeys Shanghai pretty terrifying get used chaotic driving - I've seen one accident four business trips.Just wary friendly locals wanting practice English offering take drink view tea ceremony - they're scams rip e.g. 1000RMB tea ceremony huge bar bills vastly overpriced drinks - warned!",0.23489583333333333,0.6749999999999999,Sep 16 2007
57,57,"great hotel! spent 3 nites end sept,great location. reading bad reviews regarding hotel,i decided go anyway,i upgraded room &quot;sofitel club&quot; top floor lobby ,front desk,and complimentary breakfast computer access $120 nite!! fews minutes bund pudong.i work 5 stars resort around world GREAT! staffs spoke well english helpful needs. great leisure business.enjoy trip : )",0.3723958333333334,0.5513888888888888,Sep 8 2007
58,58,"A mixed bag ! Four us spent 5 nights Sofitel Hyland late August 2007. We family group consisting Mother, Daughter, Sister myself. The booking 2 superior rooms twin beds. We chose number reasons, importantly two points, location (slap bang Nanging Rd ) room description official web site, stating separate shower. This make showering easier 70 year old Mother. Not simple climb bath shower! We also liked picture net superior room. On arrival given rooms 16th floor. Avoid rooms 1622 1601. They NOT renovated small worn furniture. The view construction site, rooms back side Hotel. The bathroom quite shock. Shower bath!!! Very small. Exiting bath done far end would step toilet! The air conditioning room 1601 barely working. On raising concerns reception told full moving us would difficult. No explanation wes given difference room picture shown web site. An offer made send repair man fix aircon. The temperatures Shanghai time 32 36 degrees C. After tinkering aircon improved enough keep room reasonable long door card left power slot 24/7. We sent e-mail Hotel Manager relating disappointment concerns. At point future I report back reply.On positive side breakfasts superb variety quality. Wonderful value money set us day.Location also fantastic Nanging Rd two Metro stations.",0.1346868686868687,0.4977532467532467,Sep 4 2007
59,59,"Good value! Good location, rooms tipical Sofitel Standard, breakfast service also good. All good 4-star level. Yes 5-star, good 4-star quality (and better many called 5-star hotels). And addition, good deal, compared hotels Shanghai much expensive, higher standard. You know get Sofitel!",0.4228571428571429,0.5025000000000001,Sep 2 2007
60,60,"Location PLUS! Spent 26, 27, 28 July 2007 Sofitel Hyland Club floor definitely way go time China SO HOT! Days around high 30s degrees C, nights much better! I recommend time year travel China though looking attend Olympics (August 2008) I would go Shanghai Beijing might degrees cooler sightseeing uncomfortably hot chore. Sofitel Hyland well located within walking distance (even heavy backpacks) metro. We great views Pearl Tower. (if could peer air pollution!) The airconditioning worked well, thankfully! Shanghai cheap, I would recommend pay extra stay Club level; worth it, especially travelling laptop, free access internet (3 computers) &quot;happy hour&quot; showers nibbles aplenty. I travelled 18y.o. son studying year Nanjing Uni., great chats local staff enjoyed days luxury beyond university dorm! There's Aussie Manager (Anthony, ex Adelaide guy) staff wag: he's terrific wealth experience home, Hong Kong, Asian cities within ACCOR group probably gives bit edge terms service, though hear many Australian accents there. This Sofitel right head Nanjing Lu, pedestrian walk,and nearby ridiculous number shops selling &quot;pearl&quot; jewellery. Easy get taxi from, plenty buffet breakfast choice wide range appealing cereals fruits blessing one cooked breakfasts! Unfortunately, swimming pool high summer something missed, busy sightseeing use much anyway. Corporates however enjoy currently-being constructed outdoor entertaining area 7th floor Anthony overseeing huge improvements mean balmy nights spent brilliantly landscaped area capable holding 300 people. All all, well located presented hotel. But favour buy (from Foreign Bookstore Fuzhou St, near Waygong Hotel) up-to-date easy decipher street map. The one Sofitel dreadful.",0.15836557539682541,0.5457266865079364,Aug 22 2007
61,61,"Right On Nanjing Rd - Great Location! I spent amazing week Shanghai I stayed The Sofitel Hyland whole duration.Location perfect right Nanjing Road like 'Las Vegas Strip' Shanghai. Full life energy road looks amazing night.The room smaller I expected. The view incredible, great feeling waking seeing Pearl Tower. The beds pillows comfortable. The thing sheets tucked properly, presentation messy. I suprised sheets changed all. I stayed week standard clean it, twice least. I noticed I accidently spilt something sheets even change it?Bathroom good ammenties. The shower head tricky turn on. Just remember pull nozzle tap shower work.The restaurant nice breakfast definitly worth getting. Didn't get sick restaurant food! yay. Staff occassions attentive. Had ask pot coffee 3 times brought out. There big buffett selection. They really labelling nametag next foods. Didn't know chinese dishes were. The Business Centre charges 3RMB minute! Extortion! But I choice I needed check flights I checking out. There internet place friend find said 10RMB hour Nanjing Rd. But advice suggested show passport scan record websites use net. It's goverment thing. I requested late check-out gave till 2pm perfect. I able last minute shopping around Nanjing Rd head airport afternoon.Just keep mind really difficult get taxi Nanjing Rd, Shanghai. Try get staff lobby Level 2 run grab one you.This at, want middle action!",0.21538638262322476,0.5068191311612363,Aug 22 2007
62,62,"Simply Superior Sofitel My husband &amp; I spent 10 nights Sofitel July. I must admit slightly concerned reading many negative reviews forum. We could fault Hotel anyway ever, fact I think I tried hard find fault it, avail. The beds comfortable pillows amazing. The staff reception helpful ceratinly could complain lack English, fact good, course MUCH better Chinese, visitors THEIR country. Our room little small side nothing worry about. It clean, everything worked bad smells reported previous travellers. Even cleaning ladies lovely. Breakfast real treat, able look Nanjing Rd, watching Tai Chi, exercises, dancing locals going normal everyday life. The food excellent, huge variety, everything one could possibly want more. Lastly, one thing everyone seems agree on, location cannot beaten. You right middle Shanghai's main pedestrian street. It experience sit people watch, especially little trains run carrying weary tourists.We would highly recommend Sofitel Hyland anyone certainly stay again.",0.19804804804804807,0.5241269841269842,Aug 19 2007
63,63,"Drippy noise We tour trouble acquiring non-smoking rooms hotels, however, leaving group coming nonsmoking rooms available - would cost extra, window leaked rained. The also charged us included breakfasts took one hour rectify bill tour guide. Will go back China again.",0.125,0.17500000000000002,Jul 2 2007
64,64,"Good Location - bit pricey This second stay Sofitel. In 2006 lobby renovated year new shiny :-) I say location great walking, shopping etc. however great taxis took 10 minutes busy times get main road. Room nice pleasant nothing write home club rates. Breakfast club lounge tasty view great. I agree reviewer, staff never told us additional items could ordered :-( A colleague stayed terrible problems temperature room. Mine fine.",0.17853535353535355,0.651969696969697,May 18 2007
65,65,Sofitel Hyland fantastic This one favourite hotels World. Location fantastic. The bar area second floor refurbished great. The rooms modern facilities first class. I cannot understand people said disappointing. I suppose hard please.The club floor restaurant offers great place work unwind. The club breakfast good offering something everyone. But location sets Hotel apart.,0.2698484848484848,0.5413636363636364,May 16 2007
66,66,"Disappointing We chose location thought rates thru website reasonable club facilities (free broadband rooms).However, disappointed club room got small toilet TINY! The toilet flush extremely frustrating took flushes clear minute waiting flush!!! The toilet sink plumbing also bad.At Lounge even disappointing served 2 types mini canapes 6pm onwards. Breakfast average silly reason Club staff inform guests additional menu displayed breakfast buffet. We found overheard regular guests asking.Overall Shanghai interesting city food lovers lack taxi ques really spoiled trip. On last night raining shopping literally fight taxi. Basically tourists basically become rude locals order survive conclusion Shanghai:-( Definitely would return hotel.",-0.0896033653846154,0.5106508875739644,May 6 2007
67,67,"Nice! Breathtaking view! Stayed 3 nites part China tour. Nice facility, smallish room adequate. Billed best shopping street China, could right, sort shopping experience I looking China-very western.The room assigned overlooked river, Bund, huge TV tower, view breathtaking, especially nite. The skyscrapers lit like huge Las Vegas!Room iron ironing board hairdryer blew hot air 3 minutes cold. Had laundry done prices costly facilities. Breakfast lavish, wide variety food French specialities. Staff pleasant, bed comfortable.All all, I would recommend property.",0.34866946778711494,0.7388655462184874,Apr 25 2007
68,68,"Loved stay Sofitel We spent 6 nights April Sofitel. The location superb -- right pedestrian mall within walking distance Bund, various department stores, Renmin Square. We always within 10-15 minutes taxi anywhere wanted visit Shanghai. The concierge/bell boys always helpful making sure destinations written Chinese. The taxi card maps handed Soiftel helpful. We even used subway go Shanghai Circus station see Chinese acrobats French concession.We upgraded Club Sofitel, well worth extra money. We got one bedroom suite: one bedroom, spacious bathroom, living room rollaway bed daughter. We checked 30th floor; used internet room free; cocktails/appetizers, breakfast there, although chose breakfast 2nd floor wide variety breakfast selections opportunity see tai chi dances Nanjing Road.We ate two noodle shops adjacent Sofitel well noddle place across way. They English menus ordering problem. We also discovered underground shopping mall Renmin Square. A wonderful gesture: daughter's 18th birthday occurred stay. The management sent delicious birthday cake. We tell Sofitel daughter's birthday -- must noticed birthday passport.BTW, short taxi ride away, went Dragonfly (in French concession -- concierge addresses) wonderful Chinese massage, reasonable price.",0.2802484472049689,0.41759144237405094,Apr 18 2007
69,69,"Five star location two half star Great location, close stuff want see Shanghai, many within easy walking distance, itself? The room amenities quite basic (even though &quot;very pleased upgrade reservation suite extra charge&quot;) somewhat aged date. The service staff average, better. And seriously, top $200 US per night this, stones - straight face - announce want 3RMB PER MINUTE molasses-slow Internet access? Come on, 21st century. From I sit, 5-star location 2-star still add good deal paying 4-star price. Try Ho-Jo street instead.",0.19131944444444446,0.47274305555555557,Apr 17 2007
70,70,"Great Location Great Hotel Slightly Expensive... When arriving 11am room ready. Check lady tried sellus better room spot, since I found standard expensive enough already, I go it. Lucky I didn't. My standard room great, huge, sofa area large bathroom.Due membership &quot;Sofitel PrivilÃ¨ge&quot; got nice orchid bouquet fruit beside note general manager welcome present.Breakfast extremely nice, great buffet wonderful atmosphere restaurant. Perfect wake to! Overall I happy Sofitel Hyland, even though might cheaper places stay Shanghai. But location product makes that.",0.40443722943722943,0.6573593073593075,Apr 12 2007
71,71,"Club Sofitel worth We went Shanghai national holidays Oct 2006 - see photos teeming people time year. The Hotel located convenient central part city - Nanjing road walking distance famous Bund.We Club Sofitel suite good. What liked hotel: beds superb, brand new tasteful bathrooms, prime location, excellent breakfast (complimentary), canapes drinks evening (complimentary), free internet access. Room service good, I tried spa massage good others stated probably quite expensive. Went gym quiet due absence people - disappointment. For class, deserves better gym.Must do: visit Bund drinks one bars top buildings (I forget name - 21 Bund?), visit Shanghai museum, go Xintiandi drinks/dinner, course shopping. The concierge helpful guide you. Also make sure pick tourist map excellent listing places visit things do. I found useful.Overall - great hotel, upgrade Club class better experience.",0.3649594155844156,0.5861345598845599,Apr 1 2007
72,72,"Overpriced great location sightseeing shopping We China packaged tour upgraded based tripadvisor reviews. (Paid extra $150 night 3 nights Shanghai).Since Sofitel members upgraded concierge level glad since guests happy regular rooms. Ours nice tiny even NY comparison. Bedding mattress best China tour! Check-in breakfast club level 30th floor also complimentatry alcoholic drinks chinese snacks 6:30pm happy hour.Location good Bund People Square. Nanjing Road like little Times Squares lights stores longer ideal place go shopping Shanghai either upmarket discount items. Also gets annoying approached every 50 feet folks trying sell fake watches bags walking wife offers lady sex massage walking alone. Would advise going either offers since I heard nightmare stories. Also many obnoxious beggars kids toddlers tow. Whatever do, give money!!!Overall happy stay thought bit overpriced disappointed Nanjing Road longer hub shopping.",0.16306818181818183,0.5887237762237763,Mar 25 2007
73,73,"A decidedly mixed experience chez Sofitel Stayed four days Sofitel part educational tour MBA students. Had single room, 11th floor, benefited renovation process. The carpet stained, bathroom fixtures old clunky, closet shallow I close door clothes hanging, TV never work, clothes I sent laundry came back smelling like Hangpu river water. On side, like Nanjing Dong Lu experience location good. It's easy walk Bund Peoples' Square. The staff attentive, breakfast buffet nice selection. But location primary criteria, much nicer places comparable prices (especially Crowne Plaza Fudan).",0.20604395604395606,0.495970695970696,Mar 17 2007
74,74,What great location I agree previous comments stay everything doorstep. Unbeatable! I friend stayed club Sofitel room check smooth effecient 30th floor. The room bathroom large bright. The Sofitel bed concept great I best bed ever trip China ( third visit). Beds Asian hotels hard excellent. The views great stay higher floors aware construction site one side might disturbing staying low floor.The service Club lounge 30t floor good. The staff numerous tried help whatever problem had- case ranging finding local telephonenumber get jackets tailor. Always friendly polite. You free drinks 6pm 8 pm soft drinks coffee rest time. Breakfast buffet style also get menu card list various breakfast items choose from. The view lounge magnificant. My disappointment spa. I manicure chineese lady job trained for. She could speak English I gave trying get least treatment hands. The Spa quite expensive friend loves massages went one numerous places outside got massage facial fraction price charged.But overall judgement good choice city stay.,0.18887605042016808,0.4524824929971989,Mar 13 2007
75,75,"great base shanghai Stayed 4 nights Sofitel Hyland. Great central location Nanjing Rd., within walking distance Bund, Renming Sq., etc. Subway station's short walk away. The room I quiet comfortable. I found great value price. An ideal base looking around Shanghai.",0.22199999999999998,0.7133333333333333,Feb 18 2007
76,76,"Can't beat Location We found positives negatives, number reviewers overall recommend it. We can't go past location often get good price seems. Other pluses room comfortable price --(I agree though sounds like club rooms much better --we basic one low floor without much view) -- staff friendly (perhaps always efficient) Malaysian/Thai special buffet put good change. Some negatives included half hour check rearranged rooms, long time process payments, seemed need three people, strong smell varnish lobby several days, basic (but clean) bathroom and, like another reviewer , airconditioning turn down, despite telling us fixed it. (It others family rooms too). That would often put us hotel. But overall long expecting 5 star, us location value money made negatives.",0.14268925518925518,0.34606990231990237,Jan 24 2007
77,77,nice Stay three nights. The located middle NanJing Rd. Easy access buses subway.The room good size bed comfortable.,0.42666666666666664,0.6466666666666667,Jan 22 2007
78,78,"Superb great rooms fantastic location! We settled Sofitel Hyland Shanghai evaluating number options winter holiday vacation China. We knew wanted centrally located (it 15 min walking distance Bund, HEART shopping site seeing, close subway) also stay luxurious relaxing hotel. Look further, Sofitel Hyland it!You get airport via taxi 145 yuan (takes hour). This pretty cheap (in fact taxis overall cheap recommend them) probably best arrive via taxi. Going back airport, however, want take either taxi subway famous Maglev high speed train station city gets airport 7 minutes. It tourist destination actually even cheaper taxi.Most action city (in fact trip) West river. There things East river (e.g., like big TV tower) recommend staying there, easily get back. There nice hotels there, famous one I think new Park Hyatt. Anyhow, Sofitel Hyland absolute center city, famous Nanjing Shopping Road. We happened 12/31 New Year's celebration occurs front door -- gives idea centrality.We contemplated lot whether spend extra money Club Sofitel level room decided end go -- glad did! While entire renovated, Club Sofitel rooms tad nicer offer access lounge really really great! In morning, lounge offers nice free breakfast buffet, addition pretty broad menu also order favorite breakfast foods (e.g., eggs, pancakes, french toast) -- free well. There 3 computers free Internet dedicated front desk staff lounge well. The lounge relaxing, go time day. If jet lagged, like were, lounge great place go early morning relax. In evening lounge offers free appetizers cocktails -- yummy went every single night pre-dinner, meeting guests talking staff.The room extremely comfortable. It new, stylish, nice size, amenities could want (except iron, although Club guests get 1 free pressing). The shower neat window looked room (you close shades though). Our room 24th floor reasonably good view.We eat restaurant, comments there. We find staff overall helpful nice mix locals Sofitel managers abroad.You always step right outside center all, even late night. You catch taxi easily help staff. Always destination written Mandarin, though, people speak English, particularly taxi drivers. The helpful card name/address Mandarin addition names/addresses famous sites nearby.We highly recommend -- relaxing place, fantastic business pleasure!",0.29690014642220525,0.5578353386809268,Jan 17 2007
79,79,Great Location - Great Hotel My wife I stayed Sofitel previously (2004) return Shanghai booked another Accor property (The Panorama) based price. We lasted three nights Panorama heading back Sofitel. Stayed Club Sofitel floors received upgrade small suite. Nice touches like welcome back note Genreal Manager returned stay another city. Staff firendly helpful. Love Sofitel MyBeds beds Chinese hotels. Breakfast complimentary drinks Sofitel Club Lounge good also fast reliable free interent access.We loved bathroom layout. Location great future stay anywher else Shanghai.Only brickbat regards air-conditioning could adjust cool eniough level even though winter.,0.3304166666666667,0.5033333333333333,Jan 7 2007
80,80,"Great Location We got good price going online booking direct Sofitel fro internet special, half price travel agents Expedia. The great location back door opening onto Nanjing road. Only 10min walk Peoples Square Shanghai Musuem. The public areas nice represent good quality 4star hotel. Our room small. It everthing would expect, i.e. tea/coffee, TV, safe, a/con, etc, small. The bed comfortable, bathroom usual luxury marble affair, simple white tiled room needed upgrading. I think I would stay again, would try one hotels along fromt Sofitel, maybe The Howard Johnson bit cash Le Meridien. I expected Sofitel, least location good.",0.21856150793650797,0.48445436507936507,Jan 2 2007
81,81,"good excellent location Stayed five nights fault it. We large room plus sitting room 18th floor good view theNanjing Rd.Location could better.Very comfortable luxurious newer hotels course also lot expensive.Service excellent,best China except Victoria Cruise ship Yangtze. Bell boys staff helpful efficent,much better Peace Hotel Beijing. Both hotels part French Accor Group.Good value money charged us Â£27 included breakfast extra bed put sitting area son stay one night. Breakfast first class.If want splash expensive meal go Jean Georges Bund much cheaper chinese food try Old Station Restaurant",0.2558403361344538,0.45981792717086833,Nov 14 2006
82,82,"Average good location Stayed 3 nights chose central location. The taxi airport CNY150, though took maglev train (&amp; subway journey) way back. The pedestrianised Nanjing road, 10 minute walk Bund, 5 minutes subway station.We found lobby breakfast area clean modern recent renovation, though help notice terrible smell throughout. The room small rather dated adequate stay. Some staff incredibly rude, entering lifts we'd even got instance. I think may China thing rather anything specific hotel. Breakfast fine, little crowded get early.",0.05869791666666665,0.4336458333333333,Nov 1 2006
83,83,Great Hotel fantistic location The going construction quite while. We took chance delighted stay. This great prime location walking mall. The metro blocks away. This location highly recommended,0.492,0.748,Oct 27 2006
84,84,Great location room I stayed 3 different hotels Shanghai far best location room. The bed little hard taste seems like hotels China hard bed (from 6 experiences). The room clean right Nanjin road exciting action is. There alot restaurants go 20min walk go Bund. There 2 subway lines close one major People Square station. I definitely recommend place go back again. For 110$US bargain thelocation quality.P.S. As renovations completed lobby nice.,0.22712797619047614,0.5674404761904761,Oct 12 2006
85,85,"Please stay here! I get negative reviews hotel. From moment walked door ( renovations!)we treated like royalty. The clean, exceptionally comfortable breakfast seen believed. Our room fantastic, smells, large, clean excellent views Nanjing Road. The location exceptional, minutes everywhere! Taxis called bellboys, nothing much trouble! This far friendliest I ever stayed throughout world. Worth going back Shanghai stay there! Our reservations processed efficiently smiling friendly staff! We loved it!! It made trip! Every one spoke loved going home recommend friends!",0.3849801587301587,0.621904761904762,Aug 20 2006
86,86,"Frustration Sofitel After long international flight, booked night Sofitel Hyland Hotel major internet service. When went check 10pm, lady front desk would honor rate we'd booked hour ago. We confirmation number could still view receipt online. The best rate could offer US$25 rate we'd booked. She finally suggested go find another hotel!!! We surprised major, supposedly upscale international chain would offer kind customer service, honor rate booked even mistake. We eventually asked manager duty (a good piece advice problems China), also would offer us better rate, give us upgraded room. We finally took tired! The next morning, spoke day manager apologized rate available last night computer time difference headquarters. She negotiate us eventually gave us back HALF money owed rate we'd booked. :Including talk two staff night day manager next morning, spent 1.5 hours time Shanghai talking staff problem. They still never owned problem, saying neither fault theirs.We club room, looked renovated. The furniture decor nice, bed pretty hard (standard hotels China). Hotel's location convenient, right Nanjing Lu's major shopping area blocks walk Bund. Free wi-fi included room rate, hotel's rate expensive. Make sure ask hook computer. Also, main lobby entrance renovated right now, expect rerouted check in.Overall, fairly nice hotel, poor customer service standards international chain. Make sure confirm rate phone call stay here, expect Chinese service standards best.",0.16018620268620268,0.47275742775742785,Jul 27 2006
87,87,"Excellent stay Club Floor I stayed suite (#2714) Club floor 1 week. My business partner stayed room Club floor.Overall, stay excellent:The interior public areas Club floors rooms attractive.Location convenient: 5 minutes walk Peace Square, 30 minutes walk Xintiandi, 10 minutes walk Bund. The section Nanjing Road, located, crowded pedestrian road. The problem frequent number people offering foreigners watches, go tea houses (they fact turn clubs try fix escorts charge 1,000 RMB 2 drinks - careful go places).The king size bed really comfortable. The room size little small compared many 5 stars hotels. But still comfortable.Service excellent entire stay. The Club floor staff particular excellent, friendly, smiling. It important know first dry-cleaning service free (not first item entire bag!) extremely fast. I thought 1 item I gave 1 trouser. My business partner gave clothes room. Both us got cloths back within 1-2 hours free.Breakfast free Club floor. The buffet large, quality good, space pleasant. There even private section.Internet access Club lounge free (2 PCs, printer). I paid 140 RMB 24 hours room. It charged specific computer, room. Internet access two computers room charged twice fee.The charges 500 RMB transfer nice car Pudong airport (45 minutes). A regular taxi, requested porter, 150 RMB. I tried massage 4th floor. It expensive (between 400 1,000 RMB per massage). I chose 1:30 hour massage 8 RMB, I think. At one point, Chinese massage girl said something me, I really understand: I answered &quot;yes&quot; thinking asking I enjoyed massage. She said twice. I fact asked I wanted additional massage (facial, feet). At end session, I charged 3 massages, 1,800 RMB, really expensive. And bonus, following night, massage attendant woke bedroom ask I wanted new session! I doubts problem comes girl herself. I complain I thought I naive. But careful.In 3 years, I stayed 3 times hotel. I already happy service Club Floor. This year, tyhe renovation, stay even better. I plan change moment.",0.2250324675324675,0.5919208096867672,Jul 25 2006
88,88,"Loved Sofitel Stayed 3 nights (executive floors).HK$1090 per night.My comments:Excellent location.The location like: Times Square New York, The Strip Las Vegas, Dundas/Yonge Toronto, Causeway Bay Hong Kong. Very clean.Nice service.Most staff communicate pretty well English.Newly renovated.Must go Sofitel Club (executive floors).Highly recommended visiting Shanghai first time.",0.30727272727272725,0.5775757575757576,Jul 18 2006
89,89,"Finally last renovating refurbishing! This second time I've stayed Sofitel experience time immensly better last stay 2003. They midst renovating lobby public areas disruption areas. The rooms freshed new furniture fittings. Service impeccable, expected Sofitel hotel. Location fantastic keen shopping located heart Nanjing Road.",0.18737373737373733,0.3560606060606061,Apr 27 2006
90,90,"I would return Sofitel Hyland I booked positive experiences staying Sofitel Xiamen Sofitel Xi'an. I booked 2 rooms, one husband 2 nights, 1 parents-in-law 4 nights. The reservation problematic - I booked internet travel agency received confirmation I contacted 2 occasions reported record reservation. To cut long story short, names sent unusual way, 1st 2nd names running together, despite I surprised could found names manually checking list guests checking-in relevent date. It caused fair bit panic, since rate pre-payed, I unable cancel, agency uncontactable phone China reservation department claimed never received booking agency before. The rate inexpensive China maybe difficulties upgraded renovated club floor rooms received benefits (although staff first refused let us breakfast club lounge). The newly renovated club floor rooms small, dark extremely stuffy - air quality seemed poor air conditioning seemed make difference. I live China used conditions never stayed somewhere air quality felt worse inside outside. The view room quite good - could see Pearl Tower. The beds comfortable bathrooms small adequate. It actually pretty unpleasant stay room though atmosphere. There also chemical smell corridors 2 us suffered headaches stay, although obviously I know related. There renovations taking place main lobby means taxis waiting, bellboys helpful hailing cabs. The location central, walking distance Bund rest China, taxis cheap, easy honest (carry card around) I think staying French Quarter even Pudong would fine tourists - relaxing. The hawkers Nanjing road persistent walking I approached several times men offering illegal substances. In summary, old - old Chinese standards - renovations may help surface rooms remain small ventilation terrible want feel energised fresh mornings - stay elsewhere.",0.057976190476190466,0.521984126984127,Apr 23 2006
91,91,"Good location but... The location great. However April 2006, significant renovations underway. The main lobby closed, many floors allocated function/meeting rooms seemed renovation.Luckily days, construction noise loud room ninth floor.Some mornings conversation breakfast possible due noise. Staff working breakfast buffet disinterested complaints, offered poor service general.Reception staff hand good.The rooms quite basic whatever do, use mini bar. A small bottle water cost 45 yuan plus 15% service charge. In convenience store mall, 1 yuan!",0.14594444444444443,0.5342222222222223,Apr 13 2006
92,92,"Super convenient location! I travelling business trip Shanghai stayed Sofitel Hyland second time.This near office I must admit bit pricey even corporate rate (RMB1002.80 nite includes 15% tax). The needs renovating - carpets dark-colored need cleaned, curtains look dirty. The breakfast buffet average got boring 4th day (they serving thing). The air-conditioning worked fine although I recall I stayed January 2005 heat warm I switch night.However, located right Nanjing Road, heart everything. Shopping, work, taxis, train w/i walking distance (even high heels walk fine). I got clean sheets, clean bathroom, clean towels, etc. I would stay would recommend anyone wants stay Nanjing Rd.",0.11445378151260505,0.48631652661064423,Sep 27 2005
93,93,I would stay Sofitel Again The room requested reservation made available time check-in. They say would allow upgrade higher price. I given second rate room smell good difficult control temperature.They charged extra High Speed Internet Access slower dial-up.The buffet included room like many hotels China although adequate meal.The one good thing right plaza within easy walking distance many attractions.,0.24787545787545787,0.5094139194139194,Sep 23 2005
94,94,despite bad reviews I loved place I bit put bad reviews regarding staff small rooms however relief non concerns trueThe check staff wonderfull help full consiege also helpful great command English language Hotel great location close shopping superb underground The buffet breakfeast great excellent range asian Western food Reports renovation noise unfounded I never heard noise Look great excellent location price great value indeed,0.3684210526315789,0.5649122807017544,Aug 14 2005
95,95,great location,0.8,0.75,Aug 8 2005
96,96,Good Service Hotel Sofitel Hyland,0.7,0.6000000000000001,Jul 19 2005
97,97,Perfect location,1.0,1.0,Jun 22 2005
98,98,Average Hotel,-0.15,0.39999999999999997,Jun 7 2005
99,99,Memorable Experience,0.5,1.0,May 18 2005
100,100,great good location...,0.14999999999999997,0.675,Jan 18 2005
101,101,Bad Service,-0.6999999999999998,0.6666666666666666,Oct 30 2004
102,102,convenient great,-0.4,0.75,Aug 21 2004
103,103,Great location great hotel!,0.9,0.75,Jun 29 2004
104,104,Good Deal hard beat location!,0.1677083333333333,0.5708333333333333,Jun 1 2004
105,105,Gute Lage - Zimmer ok,0.5,0.5,Nov 5 2009
106,106,??,0.0,0.0,Nov 1 2009
107,107,??????,0.0,0.0,Oct 23 2009
108,108,Cina,0.0,0.0,Sep 29 2009
109,109,magnifique,0.0,0.0,Sep 25 2009
110,110,Trevligt pÃ¥ bÃ¤sta lÃ¤ge.,0.0,0.0,Sep 1 2009
111,111,???????????????????,0.0,0.0,Jul 26 2009
112,112,???????,0.0,0.0,Mar 18 2009
113,113,Cher personnel limite et chambre vetuste,0.0,0.0,Feb 28 2009
114,114,?????,0.0,0.0,Feb 28 2009
115,115,???????????,0.0,0.0,Dec 29 2008
116,116,Bon sans surprise,0.0,0.0,Dec 9 2008
117,117,???????????????,0.0,0.0,Oct 28 2008
118,118,Sofitel Hyland: Chaude recommandation!!!,0.0,0.0,Sep 29 2008
119,119,Tres bon business,0.0,0.0,Sep 10 2008
120,120,Bon,0.0,0.0,Aug 17 2008
121,121,Eccezionale,0.0,0.0,Aug 8 2008
122,122,Super,0.3333333333333333,0.6666666666666666,Jan 18 2008
123,123,Vier-Sterne-Komfort zum gÃ¼nstigen Preis,0.0,0.0,Oct 25 2007
124,124,Emplacement magique,0.0,0.0,Aug 2 2007
