,Unnamed: 0,Reviews,polarity,subject,Dates_extracted
0,0,Great hostel kitchen needs improvement big nice rooms overall good experience. staff helpfulkitchen opening times need mentioned tried order lunch 11:15 could make fried rice yet.Overall nice place easy get taxis short walk subway.,0.3916666666666666,0.5729166666666666,Aug 13 2009
1,1,"Pleasantly surprised..... Getting hostel across Wuning road..... achievement itself, aside - lovely hostel:)We backpacking 8 months twin room ensuite, however facilities could easily used dorms. The washroom facilities excellent cleaned everyday. Our ensuite quite large separate shower cubicle (a luxury!) extremely clean. The staff helpful, little harrassed!! We stayed eclipse busy. Breakfast ok, computers good (but free advertised , ok 1 Yuen per 15 mins isnt free!!). The food good restaurant. Relatively close subway easy get around. Shanghai disappointed werent hostel - would definietly recommend.",0.24066108630952382,0.6492619047619048,Jul 30 2009
2,2,"Phone Stolen locked private room hostel....awful experience! On surface hostel clean seems well run mobile phone stolen locked private room here, I would suggest anyone considering place avoid costs! My boyfriend I stayed week part 6 month round world trip adn 4 weeks spent China. This place experienced robbery. After visiting nearly 40 hostels 6 months says something!When told hostel staff phone missing wanted report police, sent member reception team police station us told us lie.The guy hostel talking police refused tell phone stolen hostel made story I mugged street. He told sign statement made police officer I said I wanted sign well became really aggressive starting shouting me. I really frightened boyfriend travelled world twice never experienced anything like that!I found majority staff seem sweet innocent phone stolen afterwards definitely intimidating current would hang around glaring foreigners reception area internet access bar. It seemed like might sort organised crime going everyone it. Conveniently security guard phone indentical mine fixated playing around day, day mine stolen. V strange!",0.08634259259259258,0.45000000000000007,Feb 16 2009
3,3,"Big bustling hostel This hostel picturesque part Shanghai, getting across manic Wuning Rd something achievement. The hostel set back road sort cul-de-sac, shielded worst noise road. It huge place. There two residential blocks, large reception/internet/seating area linking two blocks large bar leading that. As single traveller Shanghai work, I thought would good place meet people. However, socialising aspects far outweighed inconvenience location general standard facilities. There two showers two toilets sex floor, although I never queue, get pretty smelly dirty. There hot water rooms every floor, one kitchen two washing machines per block. This makes really inconvenient want make cup coffee heat noodles. The bar food, reasonably priced tasty- make sure put order computer prepare unpleasant stand-off staff dinner come. There also buffet breakfast included room price, great- cereal, (cold) steamed buns red bean porridge. The internet intolerably slow seven terminals 500 travellers prepared long wait. Finally, hostel anyone needs good nights' rest. The long, institutional corridors magnify every sound- particularly people locked rooms early hours.Having said that, big, fun, cheap hostel drink cheap beers fellow travellers game pool FIFA PS2 week Shanghai, might place you.",0.026994851994852,0.5626662376662376,Nov 13 2008
4,4,"Impressed! We're three girls mid 20's sharing triple private ensuite hostel week half impressed. Contrary name, hostel definitely city centre, however read reviews website knew came realised central would way budget. It's really easy pick taxi outside hostel takes 15 minutes get People's Square, costing less Â£3.00. Our room pretty large gets cleaned every day, we're getting towels replaced free items toothbrushes shampoo provided. The staff seem really nice. There's air conditioning room appears free charge internet (via lan cable) slow, especially peak times, works. The shower hot good pressure. We went restaurant one night. We expecting great really enjoyed it. We western fix pasta pizza tasty tasted really fresh. We noisy neighbours couple nights annoying part parcel staying hostel complain stay long. Some reviews mentioned beds hard, firm problems sleeping respect. It's definitely worth taking hostel card address Chinese well small map back, hardly taxi drivers speak read English, come airport taxi make sure address printed side street would pretty difficult find first time.The hostel close subway station also.If I return Shanghai I'd definitely stay again.",0.1221022517534145,0.5078995939461055,Oct 20 2008
5,5,"Just great After travelled month around northeast China visited 6 cities 6 different hostels, I say best all!! Clean, modern, new, staff nice speak english, offer free breakfast (very good way!!), free internet works enough PC's!!! And free shuttel bus city center (the subway station far either). The lounge bar area also great. This place stay Shanghai!!",0.38456439393939407,0.6021590909090908,Sep 26 2008
6,6,"Great hostel Shanghai I stayed youth hostel week. The hostel large many facilities hotel-like, especially single double rooms, I tried (see below). The hostel facilities good. There free internet, free in-room (slow) wifi, TVs rooms, air conditioning rooms. The bar/restaurant area pleasant good place meet people evenings. There laundry facilities hostel staff help booking train tickets, airport rides transport.At first I standard single room ground floor. The room ok, single bed free wifi, toilet shower, kettle green tea sachets. However, bed super-hard, space kinda limited. There two small lights room, made dark â desk lamp kept spluttering I tried touch it. Add fact windows gave onto front entrance, also made noisy people congregate outside smoke chat. Lastly, air conditioning unit rooms controls Chinese â handset room stopped working short while, gave choice unit off, full blast. My stay single room short, however, one dark morning storm moved Shanghai, big leak opened ceiling room, flooding floor. The staff quick efficient moving double room.Double rooms similar single rooms, overall pleasant â space, air con unit newer, beds thankfully softer. You also get better quality shampoo, I noticed....although Iâd recommend buy shampoo supermarket. Getting hostel easy long taxi directions Chinese, remember road Wuning Nan Road, Wuning Road proper. You also get metro (Caoyang St. stop), I see could bit confusing, metro station 3 different exits. The rule thumb is, exit metro, turn right follow tracks short distance towards intersection two big roads, one Wunin. Cross road (taking good care), hostel short ways gated entrance right.Around hostel, find cheap places eat. If walk onto Wuning Rd turn right, find meal 10 yuan. There also small shop outside hotel, ownerâs livelihood seems depend fleecing non-Chinese tourists....a bottle Nongfu Spring water cost 5 yuan (more I would pay bottle water Europe!), Family Mart Shanghai standard price 1.7 yuan.The reception staff speaks English pleasant willing help. The bar staff bit stand-offish I there, one point shouting I asked question twice (I understand answer first time....I trying best, Iâve taken months Mandarin!).The negatives hostel inconsistent room service - items necessarily replaced often, shampoo tea. Also, wireless stopped working days none staff seemed know why, would fixed - left lot travellers line free computers. Tip: bar ethernet points, front desk happy lend ethernet cables need them. So laptop, ethernet bar lot faster wifi room.",0.17390824622531945,0.43102787456445996,Sep 14 2008
7,7,"Great place 5 star incredible price When China, Romans do....This fantastic hostel accomodations sharing private rooms, incredibly cheap. I stayed private room month taking course begin expound wonderful staff, management facilities. My gripe really bad tp. You buy cheap Carrefour street. One plus really amazing street market, behind hostel. I bought eggs (by ones) fruit daily. mandarin oranges best apples. Cooked eggs (hard boiled) electric teapot provided room.There house dog named Chris loves hates you. It became mission love me...he did, finally.",0.2659356725146199,0.6682748538011696,Mar 28 2008
