,Unnamed: 0,Reviews,polarity,subject,Dates_extracted
0,0,"Just Reasonable From outside looks like new actually old hotel. Some rooms recently refurnished. However, I much like it. I call 5* quality all.The best thing revolving restaurant 41st floor lets good view city. However, service restaurant mark.",0.2574300699300699,0.32604895104895104,Oct 31 2009
1,1,"Service surprisingly good Chinese-run My husband 1-yr old baby stayed overnight friend's wedding, hotel. The overall facility room clean, comfortable nice. Maybe expectations Chinese high, ended really enjoying stay. First off, remind bring baby crib (they brought room promptly). Even crib still plenty room, standard room (it called Superior). Since I speak Chinese, I'm sure staff's English level is. But really impressed us was, efficient finding things left room checked out, AND mailed home address day (we paid shipping course). Maybe kind service assumed normal Western hotel, Chinese hotel, I pleasantly surprised. I expecting wait weeks stuff mailed out, all.",0.22306666666666664,0.4224888888888889,Aug 5 2009
2,2,"Not bad I read reviews I found bad all.The first room stayed ultra modern although bit small; 42&quot; plasma TV, good bed, etc; one problem: wall separating bathroom rest room glass. That rules visitors, say least.In room found coffee maker, small fridge, cups saucers, cutlery, etc.After cruise stayed different older room actually much better; needed paint, larger, traditional bathroom.We liked buffet dinner food lobby; small gift shop one buy water drinks, though supplies two free bottles water day, hotels.Everybody actually helpful, although English definitely fluently spoken; try managed. The concierge was, however, bit useless.The location adequate, though personally I would preferred central location, near pedestrian mall Yu Yuan Gardens. We found best souvenirs small towns river cruise. I think shopping Shanghai great everybody makes sound.We experience unrelenting noise construction site nearby; Shanghai now, since preparing World Expo next year. The Bund, instance, mess.All all, pleasant experience, though next time I would go J.W. Marriott's better location.",0.2088095238095238,0.44785714285714295,Jun 8 2009
3,3,"Good Location Jin Jiang last stop. I finished Business meetings wanted stay good shopping area 2 days. The Rooms lovely, tariff bad, staff extremely cold tried charge complimentary water discourage asking water - since I require couple small bottles day! The massage parlour staff, too, forced big tip me. The good thing Hotel lot good shopping places close by. The Buddha Jade Temple also far off. Lots nice restaurants around chose from.",0.1925,0.5722222222222223,May 16 2009
4,4,"Bad Hotel I stayed total 22 nights March/April 20 nights February enough give opinion.The first time I stayed standard rooms lower floor, rooms bright modern, cleanliness good moving depending cleaner hit miss.Second time staying, I upgraded executive rooms floor 35 extra Â£'s better deal.Bad points: If want piece quite you, granted moving letter desk saying carrying works day, ok problem. What tell care time day start finish. The drilling laud I could hear TV, want noise stop complain. The first time I complain I got back work 8.30pm drilling noise still underway. The second time complaining 07.30am, give dam guests.The rooms give impression adjust air co I found case. When I asked room temp I advised move rooms I solve problem. The room temp fixed centrally; room 26 &amp; 28 uncomfortable. You can't leave windows open noise.The food poor indeed, revolving restaurant room service.There far better hotels Shanghai I stay again.It also gets tire coming back work later evening joined elevator free lance prostitutes offering services. Outside main door hotel, allow street traders hassle buy knock merchandise, guests complained several times problem gone away. I stay hotels 9 10 months year around world I know I like things Iâm paying. The first time staying I didnât suffer noise food bad plenty places eat outside.",0.056519607843137275,0.3829901960784314,Apr 6 2009
5,5,"Don't Believe Hype Based appearance, seems quite nice. However, shower leaked toilet kept running. Also, Business Center good deal. They charge RMB 3 per minute computer super slow outdated. What great scam.If Chinese limited (like mine) expect get much help staff. Several know help say &quot;The Bund&quot; Chinese - I believe concierge misdirected us 2 separate occasions. There good restaurants within walking distance. Xintiandi Nanjing Road fairly close taxi (approx RMB 11-14).",0.15257142857142855,0.4115238095238096,Mar 28 2009
6,6,"Overall good Shanghai Pros: Location, newly renovated rooms, good serviceCons: Bad breakfast buffet: dry bread, horrible sushi. We checked early, coming straight train Bejing, upgraded, could check 8.00 am. We told, complimentary breakfast - 1 person ... - went buffet - It really worth money - afterwards, told, offer apply day checked ... Had known this, would definately eaten there. But apart misunderstanding, overall impression good. Nice, new room OK staff. The location French concession good.",0.18200336700336703,0.4853198653198654,Mar 25 2009
7,7,"Great Hotel Fashionistas Jin Jiang Tower center Shanghaiboutique shopping. Within blocks areclose thousand specialty clothing storeswith great products unbelievablepricing.That's thing good it.The place litterally &quot;stinks&quot;. The lobby andelevators putrid stench. Apparentlythe gardeners atrium maintainthe plants roots rotting.Well that's rotten. The serviceis rotten too. The Jin Jiang Tower laziest mostrude staff Puxi. The updated rooms nice decor, view nice,location great. Try get cab there. Good luck!Better go take chance flag oneon Changle Lu. The doorman busy smokingcigarettes yacking buddies.Better bring cart you, bellboys sight.",0.42444444444444446,0.6138888888888889,Jan 14 2009
8,8,"Pretty good - nicely renovated I stayed two nights part tour group. The certainly nice especially recently renovated rooms. The bed comfortable, flat screen TV many many channels, bathroom well stocked amenities, room view fantastic. The located older part town nice grand olde Shanghai charm. Many upscale shops restaurants within blocks, around corner. With room rate, included breakfast top level rotating restaurant. The view unmatched almost anywhere Shanghai. There five food stations one custom cooking chinese noodles, one custom cooking eggs. Many many choices, including dim sum. Do forget swimming pool huge sauna sixth floor. The sauna three fullsize heated pools, steam room, full back scrub massage services. I went nights relax long days walking tour shopping walks. There two minor point I wish would consider improving. First foremost, internet connection fee way high, $180 rmb hour, Come on! Second quality staff may fluctuate. Although everyone friendly, I encountered two went motion. It little bit far bund. The choices walk three long blocks take subway two long station away, take taxi costing $25 rbm. However, much fun shopping neighborhood, shopping buddies see need go Nanking Road shopping area. One bought new suit-case fill clothing bought. So concerns staying here, I would ignore previous reviews regarding outdatedness hotel. The renovation wonderfully done transformed one favorite town. (mind you, I stayed two Shanghia before).",0.2727272727272727,0.5584071484071483,Dec 3 2008
9,9,"Adequate good location My friend I stayed two days Jinjiang Tower part holiday package offered travel agency. The exactly five stars international standard, major complaints. The conveniently located near Huaihai Road, eateries Hong Kong Xinwang cafe Bifengtang restaurant round corner. The nearest subway station - Shaanxi South also 7 ten minute walk. A cab ride Xintiandi major shopping district cost RMB 13-15. The rooms clean, comfortable decor updated LCD TV - complete premium international channels CNN, HBO, BBC, Deutsche Welle etc. Our problem wall-mounted hair dryer bathroom found awfully weak. Other that, overall comfortable stay Jinjiang Tower would consider staying again.",0.08614130434782609,0.4644927536231884,Oct 7 2008
10,10,"Great great location - make sure get updated room I lot apprehension staying hotel. While &quot;first five star hotel&quot; shanghai, certainly didnt appear americans would consider 5 star (at least anymore). however, location rates good ignore. june 2008, rooms executive floor, larger coming perks (free breakfast, internet etc), updated. fiance stayed january march executive floor found rooms &quot;dated&quot;. pleasant surprise, arrived put updated room (fairly modern). got deluxe king room 13th floor (34 sq meters)the room came every possible bathroom amenity (shampoo, conditioner etc, toothbrush toothpaste, razor, comb, cotton.... really didnt need bring anything). room also came two complimentary bottles water daily. internet fairly expensive 120 RMB 24 hours, connection easy set fast. centrally located... concierge speak english willing help. enjoyed great breakfast every morning 41st floor - wide selection foods choose from. restaurant rotates, get great view city dine.",0.2761054421768708,0.5619756235827664,Jul 24 2008
11,11,"Good choice good location I spent several days Jin Jiang Tower Hotel part large group overall experience good (yes, except musty smell lobby, that's way goes humid areas). The rooms, albeit smaller side, newly refurbished sleek IKEA-look excellent lighting - even small reading lights beds - something hard find even glitziest hotels world.The bathroom fine well stocked everything possibly need, razors tooth brushes wooden combs. The negative here, noted another traveller, hair dryer stuck drawer - bend dry hair, least hair dryer powerful.The gym bit small machines, also larger terrace area jog outside (if prefer jog city room mate every morning - park far hotel).The indoor pool nice large enough 4 - 5 people swimming laps once, I notice much chlorine, contrary, I found water rather fresh, clear clean. Please note bring swimming cap seems &quot;mandatory&quot; Chinese pools. (They enforce strictly hotel). There also vapor sauna hot tub changing room areas.Now, one thing TOTALLY worth stay breakfast. Never I seen abundance, buffet tables buffet tables food varieties: Japanese breakfast, Korean breakfast, Singapore noodles, Spaghetti, soups, Chinese dumplings, American breakfast eggs kinds also European style items, ranging fresh rolls one best dark grainy breads I ever tasted etc etc etc. And I mention served 41st floor revolving restaurant? You get 360 degree view Shanghai, quite amazing. This way I able fill breakfast escape sometimes well average group food served trip.Another tip: Not far find Cafe Costa HuaiHuai Road quick delicious caffeine fix.",0.16315425685425683,0.46861154401154403,Jul 14 2008
12,12,"Between great terrible Excellent: rooms, location, space, breakfast room.Bad: staff, lobby smell, services.Mixed feelings here. Rate good.",0.375,0.8375,May 12 2008
13,13,"Not bad great location This certainly one newer ones town. It probably THE place stay first opened, beginning show age. The location cannot beat one block Huai Hai Road one main shopping drags city. You walk lot restaurants well, warned several blocks Metro stop. If want decent moderately priced central location far People's Square Grand Theater, one do. (If want great moderately priced hotel, go Eton Pudong side beaten path.) There better hotels better locations much higher priced. This one run Chinese government quite level luxury chains, spend lots time room, one adequate. The room stayed 21st floor solid B+ terms size, quality cleanliness staff accommodating enough. No complaints noise all. We eat revolving restaurant 41st floor breakfast buffet. I recommend Chinese food, lots variety food fresh. I real complaints elevators bit slow hair dryer vanity drawer extension cord short forcing kind bend dry hair. The swimming pool large clean chlorine heavy side. The women singing lobby piano bar evenings nice touch.",0.1826058201058201,0.47870370370370374,May 5 2008
14,14,"Location location location The Jin Jiang Tower recommended Chinese friend living Shanghai married European expat. She booked got great rates. It's 5 stars standards Ritz-Carlton, I'd rate good American 3+ stars good value best location Shanghai, middle French Concession district, wonderful restaurants shopping everything else. I've stayed Shanghai 4 different trips 4 different hotels favorite.",0.309375,0.39531249999999996,Dec 30 2007
15,15,"Not international 5 Star pretty good I stayed JJ Tower week. It first time Shanghai I wanted nice place reasonable price. The JJ Tower quite good. My room nice, recently renovated great view 21st floor. The cleanliness great. The cleaning staff put little effort cleaning bathroom carpet... I'd hate see UV light would pick up.The food restaurant edible, service poor view made it. The service satissfactory. The front desk staff helpful friendly decent english skills. The Business center well equipped internet terminals provided. Broadband provided room, wireless.The location great. It's close Xian Tan Di (10 min walk) Bund (10-15 min Taxi). There lots great boutiques restaurants within 2-4 blocks (Starbucks McD's 4 blocks away).Definately great place stay budget $200 US / night.",0.2781166666666666,0.5569999999999999,Nov 20 2007
16,16,"Not bad needs refurbishing Stayed recently wife. She friends stayed business travelers, found ok. Smoking allowed hotels China Japan, mind, make sure reserve non-smoking room. We forgot add detail, arrived given twin room smoking floor. As wife's pregnant, demanded non-smoking room got upgraded twin room executive floor, 34th floor. We problem upkeep room, somewhat old needs refurbishing. This quite evident revolving restaurant, well-stocked varied buffet breakfast served daily, especially anyone notice panoramic windows' metallic mesh blinds rusty stained haphazardly repaired. My wife I speak fluent Mandarin, used English front desk phone operators, good, bit slow, English skills. There many small shops eateries near minutes' walk takes road many Western brand boutiques. The subway station good twenty minutes away, easy find, taxicabs plentiful expensive. Wished I tried 6th floor pool time. The Xintiandi district restaurants, galleries shops 30 mins. foot. We Shanghai late September 28 degrees Celsius humid. Our Shanghai friends say cooler weather, sweated lot. By way, many Jin Jiang hotels Shanghai area, chain &quot;Chinese brand&quot; went public sometime last year, I think.",0.16436781609195403,0.41800766283524904,Oct 2 2007
17,17,"Good location We stayed part tour group. The rooms okay-- carpet rooms seemed bit worn bad cleanliness. Everything else clean order. It 5 star hotel. 3 4 stars appropriate. Staff excellent-- good service well trained. Internet worked fine. Location French Concession area plus me. It feel like neighborhood people actually lived. The taxi places interest cheap (11 Renmenbi Bund). Be aware taxis hard get places, like Old City area, rush hour. We free breakfast coupon part tour package. The breakfast buffet top (a revolving restaurant) excellent chinese western food choices. We one night part tour charge breakfast 170 Renmenbi.",0.38608333333333333,0.5024166666666667,Sep 30 2007
18,18,"Convenient great breakfast Although wanted stay closer Bund old city, trouble getting Shanghai beginning National Day week. This still conveniently located taxis museums locations western Shanghai couple dollars. The lobby nice, people polite, staff desk concierge spoke english well. Bell staff promptly obtained taxis never difficulty communicating taxi drivers wanted go. The breakfast huge buffet 41st floor, rotating restaurant. Most days sunny view incredible. All party enjoyed food, lot variety good. You could eggs cooked order, asian food (great vegetables!), fruit, cereal, meats, anything could think of. I pleasantly surprised good coffee was, tea loving friends liked tea. The issue could quite cool restaurant, food would get cold.My issue lack cleanliness rooms. The bathrooms ok, minor problems grout, carpets filthy. I think know vacuum is, carpet never appeared swept stay, I venture never steam cleaned. Thank goodness complimentary slippers, I wore times. The beds comfortable linens clean. The drapes dirty too.My husband used gym spa times, including whirlpool foot massage, gave good marks. One little tip, perhaps travel already know this, I figure turn lights first...in couple Chinese hotels stayed in, small slot near door insert key card, activates electricity room. If know this, I saved minutes fumbling dark, doorman tell me.",0.20587398373983737,0.5451219512195122,Oct 14 2006
19,19,"$7.00 cup coffee!! After long day traveling, I arrived JinJiang Tower. We use side door, since lobby construction, front entrance closed off. My booking arranged via business collegue Shanghai lives their, I would thought I got good deal. But arriving home, reading posts here, I paid much. Did get breakfast, room so-so.What really urked price cup coffee lobby, 55RMB, almost US$7.00 I almost flipped! In China??? A beer top floor actually cheaper.From location point view reasonably nice location. But taxi's reasonable, everything close by.",0.2555555555555556,0.41111111111111115,Sep 6 2006
20,20,"Not Recommended... Arriving amazing time MO KL, high expectations. Unfortunately, so-called 5* poor. Firstly, got booking wrong gave us twin beds instead double. They could change us next day, good start. The rooms gave us standard 5* hotels. The bathrooms small, plastic shower curtain bath tub act shower toilet way wash basin. If want keep 5*, definitely need complete overhaul rooms. Service average much improvement needed. Even though got good rate hotel, extremely disappointed staying 2 nights changed Shangri-la Pudong.",-0.055916666666666656,0.47616666666666657,Aug 24 2006
21,21,"Decent Hotel I recently stayed Jin Jiang Tower 2 nights. Shanghai amazing city.The Tower impressive lobby, rooms little dated. Everything clean I agree another post could use update. I also found staff restaurant front desk little curt. Also, front desk closed night, made hard group jet lagged friends get assistance call rooms. Most hotels I stayed 24 hour front desk staff. Also, elevators took FOREVER.The neighorhood ok, lot shopping nearby (within couple blocks). However, I go back Shanghai, I would prefer stay closer Bund. Overall, I would probably stay again.",0.16797619047619047,0.48166666666666663,Jul 11 2006
22,22,"Loved Jin Jiang The Jin JIang Tower heart French Concession, cheap taxi ride Bund. Our room clean huge, bathroom little dated, $135/night great deal. The lobby beautiful, although weird smell fortunately seem escape anywhere else hotel. The best part staying Jin Jiang free breakfasts rotating restaurant beautiful views entire city. We would return anytime.",0.3913690476190476,0.6982142857142858,May 17 2006
23,23,Would stay Jin Jiang Tower The common facilites good standard room 2 others tried move us poorly maintained. The carpet dirty worn. I would guess never replaced seldom cleaned. The bath dirty full mildew mold. A bottle Tilex would done wonders. It shame facility really nice one point could upgraded minimum investment. It onlybad experience hotels China. Beijing Xian hotels good,0.053333333333333344,0.6477777777777778,Nov 13 2005
24,24,?????,0.0,0.0,Nov 22 2009
25,25,???????,0.0,0.0,Oct 28 2009
26,26,????????????????,0.0,0.0,Oct 27 2009
27,27,Excelente,0.0,0.0,Oct 18 2009
28,28,????????,0.0,0.0,Sep 19 2009
29,29,??????????,0.0,0.0,Sep 11 2009
30,30,???????????,0.0,0.0,Sep 1 2009
31,31,???????????????????,0.0,0.0,Aug 23 2009
32,32,????????,0.0,0.0,Sep 21 2008
33,33,Absolut empfehlenswert!,0.0,0.0,May 18 2008
34,34,Alles allem empfehlenswert,0.0,0.0,Aug 8 2007
