,Unnamed: 0,Reviews,polarity,subject,Dates_extracted
0,0,"Great Hotel small rooms My stay City Hotel wonderful. Service excellent, front desk personnel spoke great English, helpful recommending sites restaurants area happy call cabs rainy weather. The rooms clean, nice view city, bathrooms nice. The flaw rooms room smallest I stay China, worth given hotel's amenities service. The nice neighborhood, 2 blocks Starbucks serving breakfast lunch, lots cute stores nearby. I would stay City Hotel without hesitation.",0.5419047619047619,0.7792857142857142,Oct 10 2009
1,1,"Good place business traveler Did stay Hotel 4 nights...had fantastic room almost top floor breathtaking view Shanghai...Pretty close old exhibition center thatÂ´s I lookin for...Will stay next year.DonÂ´t think I would stay Holidays, attractions far away, anyhow...spending holidays Shanghai???? xcuse me?What terrible: The breakfast...gosh bad....just enough...okay..no need this...",0.22000000000000003,0.5800000000000001,Oct 1 2009
2,2,"Definitely excellent Extremely well situated right French concession; We booked thru Rates go excellent rate 42 euros/room however Rates go service useless forgotten fax reservation. City managed get us 2 double rooms, Very reliable helpful staff. . We get breakfast chinese breakfast (dumplings) 10 yuan 15 meters Star'bucks 50 meters.We extremely pleased certainly come back next stay Shanghai",0.1980769230769231,0.4313186813186813,Aug 22 2009
3,3,"Surprinsingly good We stayed week based previous experience, really good value money. The faclilites excellent staff simly great, helpful always smile thier face. Please aware tell need know more, I mean wont get proactive advise, instance, ask long taxi take airport, say hour, explain road works way could potentially take considerably time. This attitude simply way are.This located right French Concession near beautiful shops hidden beautiful restaurants. (Avoid restaurant 1 South Shanxi Road adventurous). There wonderful little sort eatery Shanxi Road (left hand side hotel, side walk - need cross 1st street keep walking around 50 metres) You see cook dumplings. You need buy tokens lady cashier exchange food want. We really unexpensive wonderful dinners there. Also stuff friendly willing give foraigners hand. I would go anytime",0.27916269841269836,0.5336785714285716,Aug 21 2009
4,4,"Exceptional MGMT As traveler always dread unexpected surprises traveling, especially tiring day long trip. Not here....everyday reward one's self job well done. The City Hotel staff exeptionally accomodating quick please. A reflection management attitude provide 5 star service exceptionally reasonable rates. It convienetly located great shopping, good restaurants metro short 12 minute walk away. You pay find level comfort service. All hotels house restaurants provide stellar food service. Its also great place relax, quiet business cocktail enjoy great fare reasonable prices. With fitness center, house spa absolutely reason leave. I call City Hotel home traveling Shanghai. Thank You Mgmt job well done making feel like I someone special! Jerry Lee Gomez San Antonio, Texas",0.2973214285714286,0.6202380952380951,Jun 9 2009
5,5,"Positive experience I spent 6 nights City Hotel freinds. 25th level. It awsome. The neighbourhood clean, lots shopping, transportation...Staff freindly.",0.16464646464646465,0.4484848484848485,Mar 28 2009
6,6,"Perfect Location We stayed 4 nights September trip Shanghai.We really liked several reasons:1. Location - It situated close old French Concession area Shanghai, want walk around take look &quot;old&quot; Shanghai 20s 30s - perfect place. Also, two blocks away West Najing road TWO huge brand new malls, house brand shops expect see major city - D&amp;G, LV, Armani, Versace, etc. So shopping - location excellent. Also away major tourist areas, find big crowds peddlers fake goods (DVDs, bags, watches, etc) might closer Bund East Nanjing Road.2. Food - several restaurants hotel, including Excellent Japanese sushi restaurant, American Steakhouse tradition Chinese restaurant. It's hard find place Shanghai choices one roof. Plus two blocks away modern malls Nanjing road find restaurants choices - Western, Chinese, mixed, etc.3. Service - everyone friendly helpful.Rooms pretty good, nothing exceptional, clean everything expected have. Plenty English channels TV, always nice China.We actually paid extra substitute another hotel, its' location disappointed.",0.2142508417508418,0.4727420033670035,Sep 25 2008
7,7,"Average simple business Average Shanghai business 2km south west People square. In opinion good solution whoever looking clean hotel, quiet affordable price. Service good, english speaking personal. The breakfast average.The main weakness swimming pool fitness room. The best consider none.",0.21944444444444444,0.3686507936507937,Mar 24 2008
8,8,"Avoid hotel! A group 6 people rented three rooms period 19-24 April, 4 people stayed yet another night 25-26 April place.During checkout 24th, one rooms quite full boxes, bags suitcases. In chaotic situation one cabin bags left either inside room outside room, us. Returning later day, realized bag missing. To make long story short:- took two hours convince personnel look bag, found partly emptied- acted rudely towards us, like fault- despite repeated attempts never received papers enlisting damage suffered. We finally received Chinese-language fax probably Shanghai Police notice events.- made us feel like idiots make matters worse upon return, one bellboys dropped suitcase damaged another.My advice avoid hotel, many nice, clean hotels around!",-0.003777777777777791,0.4736666666666667,Apr 30 2007
9,9,"Unpretentious good I stayed City Hotel Shanghai ten days, 18th 28th December I spent nice holiday there. First location: The location ideal, five minutes walking central Shanxi Nan lu metro station, French Connection, one best areas Shanghai. The staff friendly helpful front desk ladies speak English. I know people stayed four stars hotels Shanghai nobody staff spoke English...;-( I changed rooms twice, first one no-smoking 10th floor second no-smoking 17th floor, clean, confortable nice view futuristic scenery Shanghai. They superior standard rooms cheapest ones but, anyhow, nice.I breakfast times hotel. It included room rate cost 80RMB, 8 euros/ day. It bad I agree previous review Mr. Amherst: staff always friendly. By way, Starbucks 3 minutes far sometimes I breakfast. I try restaurants cafÃ¨ hotel.The bad thing deposit asked advance first day I arrived. I already paid amount room Expedia asked 3000RMB (300RMB per day) possible service I would use forthcoming days. I refused pay money I gave 600RMB deposit I back last day.Besides, 24hour music cable radio corridors floors simply terrible.",0.12179687499999997,0.4547395833333333,Jan 4 2007
10,10,"An OK The hotel's location ideal, somewhere Huaihai Zhong Lu old French Concession Nanjing Xi Lu, comfortable distance.I made reservation internet travel agency Shanghai, informed I would pay bills directly. I fount people front dest friendly. Later room, I somehow forgot little keyholding box door. When bellboy took luaggage room left, I could find room key, bellboy left door key holding box. I called front desk telling person I could find key. They duplicated key immediately friendly manner.The place I feel needed improvement Vienna Room breakfast time. The services VERY uneven. Sometime service friendly efficient, morrnings services cold, negligence, VERY bad. The hotelroom service good. Cleaning ladies conscientious. I particularly remember cleaning lady 10th floor, Ms. Wu Yuxia. Still, days staying hotel, I used take roomkey I went out, I forgot key room could get in. I found Ms. Wu Yuxia told this. She helped making several phone calls, finally openned door me. She apologized must follow rules letting room. This evident responsible employee hotel. I believe deserves thanks respect.I also found bellboys people gate quite friendly.I stayed five days, I chance taste several restaurants hotel.",0.07723958333333336,0.51828125,Dec 19 2006
11,11,"Never bad place like It needs least 2 pages describe feelings I got hotel. I've many hotels around world, cheap hotels made feel bit upset (not much coz I know I get rate).At City hotel, even smiling quite hard get first step arrival. That's 1st thing. The 2nd, flight arrived Shanghai 6:30 p.m. so, I asked keep room me. They asked credit card guarantee even company sent reservation letter least 2 weeks prior. So, company sent comfirmation letter City one contracted hotels.The 3rd thing was, asked credit card guarantee fine guarantee. But blocking whole amount staying, 9 nights plus personal expenses 300 RMB per day. It charged 8,100 RMB first night!!! And made angry amount blocking credit line, STILL! (I checked-out since Nov. 29, 2006. The actual amount already cut credit card guarantee amount still there.) The 4th was, services Front desk, cafe 4th floor else ineffective. Some understand English all. The 5th, I ordered breakfast box WEEKDAY since I go work early morning. And I wrote paper show receptionist I want WEEKEND. What I got EVERYDAY boxes even last night I called receptionist inform I wanted wake late departure date. The receiver understand I said sent room service girl ask I want again. I explain seemed understand well. Guess I got, I got box 6 a.m. everyday!!!The 6th, I always got services receptionists without smiling. Only girls smile know deal guests. For me, bell boys concierge speak understand English much better receptionists also know word, service-mind quite well. Moreover, bit ridiculous I, guest, greet first everytime met. Being nice suitable hotel, I guess. :PAnyway, maybe, I expected much rate, 862 RMB per night. What I say hotel, location best thing nothing else.",0.046214808558558564,0.43283783783783786,Dec 6 2006
12,12,"Nice clean tourist class great area I booked 3 night stay via Travelocity - deluxe room reasonably priced 104 USD per night. This attractive compared chain hotels whose rates least 50% more. The location French Concession main road lots boutiques little shops. About 4 blocks metro stop (Shan Xi road), huge shopping area well. Safe area night - problems walking alone getting taxi.The front desk staff speak reasonable English buffet breakfast included room rate, convenient. Food average selection western Asian choices. There couple floors non-smoking (4?) room clean. The bed little low (no boxspring) nice firm mattress lots pillows. Bottled water (2) provided bathroom replenished daily - I needed brushing teeth (don't drink tap water!). The light system bit complex deal - I could find setting shut lights bedtime. In end, I simply removed room key power setting door.The crowd appeared mostly tour groups Europe parts Asia, occasional vacationing couple. Would stay rates still relatively reasonable.",0.18703125,0.527358630952381,Jun 2 2006
13,13,"Nothing bad say Shanghai City Hotel positive suprise mom really expected shabby 2-3 star hotel. The recently renovated everything new clean.The staff friendly indeed speak english. At least much able conduct buissness needed services e.g. getting taxi, adresses written Chinese, using internet,exchanging money. Certainly worth 3 stars, 4 star least 3++. The price cheap compared I would rate location couldn`t better. 5-10min walk nearest metro station(Shanxinan road) taxis always waiting outsaid hotel. The &quot;doorman&quot; always polite greets asks need taxi.Then goes gets even tells driver Chinese want go. Be sure take hotels card, reads Chinese adress hotel, whith go taxi show driver come back. We stayd 6 nights hotel, booked internet superior room, whitout breakfast. (Cost 200 euros/person)Everything went smoothly, even tryed brekfast couple mornings pleast whith it. I would certainly use returning Shanghai. It cheap, well located,(just beside Hengshang Moller Villa) clean, renewed, friendly 5-10 min walk Nanjing Huihai shopping street, metro Xiangyang &quot;fake market&quot;. Sadly fake market moving location July 2006.",0.13801170183982686,0.4658878968253968,Jun 1 2006
14,14,"Fantastic breakfast I amazed helpfull nature staff willingness try speak english. I months pregnant breakfast needed satisfy baby, varied great. We Only stayed 2 nights back April 05 ideal location famed fashion market Yu Yen gardens great. Will going back Shanghai March 06 definatly stay hotel.Did realise till leaving cash machine lobby tucked away round corner, much easier trying change sterling desk.Forgot submit review last year!",0.2523809523809524,0.4404761904761905,Mar 2 2006
15,15,"More 2 stars I surprised see rated 2 stars, perhaps I stayed &quot;executive&quot; room nonsmoking floor. I would give 3 stars, would stay again.I one serious problem, room smelled sewage first night. However, smell gone next morning return except faintly bathroom time time. I suspect I complained would moved another room.The room nicely decorated clean, bit small. The free internet connection worked well, though I would recommend leaving computer disconnecting net unattended. Note internet free executive rooms, costs extra rooms. The internet fee almost equals difference deluxe executive room, might well go executive level want internet access.The light switches bed little illogical -- left-hand switch operated right-hand light vice versa. English TV channels minimal. Sound insulation seemed good, open windows slightly even though high rise. The location convenient downtown Shanghai.The included buffet breakfast reasonable quality presents limitless opportunities stuffing yourself. The Western food vary much day day, Chinese dishes seemed change more. I sample food.The staff friendly, level English uneven. I better luck face face phone.The executive room rate includes free laundry service one tee-shirt. I found later per *stay*, per day, seems stingy long stay.",0.1369308943089431,0.4623577235772357,Feb 9 2006
16,16,"It's good I want pay lots money hotels expensive Chinese. I took suite City cost $160 ish. I pleased it. It's Chinese whilst room service always come exactly ordered, immediately go fetch bits wanted willing heart. I stayed 6 nights found staff friendly, helpful refuse tip offered! It well situated see sites. It made trip really enjoyable use Shanghai, hotels,you could anywhere world.",0.20437500000000003,0.49849999999999994,Nov 12 2005
17,17,"Great location good value This nice within walking short cab distance almost everywhere went Shanghai. The common areas beautiful rooms average (mine little worn, clean). One thing I liked I could open window room. The internet connection room fine, business center help variety services. Breakfast included room wide selection Asian European foods. My complaint staff speak English well enough consistently get food, information, directions need. The supervisors help, mis-ques annoying.",0.10190972222222221,0.46249999999999997,Apr 20 2005
18,18,????????,0.0,0.0,Nov 19 2009
19,19,????,0.0,0.0,Sep 6 2009
20,20,???????????????,0.0,0.0,Feb 25 2009
21,21,???????????????,0.0,0.0,Jan 2 2009
