,Unnamed: 0,Reviews,polarity,subject,Dates_extracted
0,0,"Great early flight catch I stayed one night I transit Shanghai. The ideally located airport, Terminal 1 Terminal 2, Maglev station. My room nice clean. The downside fact room next lift, I could hear people shouting (literally) outside front door, get much sleep all. I hotel's fault, inconsiderate guests.Reception staff polite friendly.",0.2655092592592593,0.4907407407407407,Oct 12 2009
1,1,"Nice room great value The location ideal - two terminals, easy walking distance, quiet. Ideal late arrival early departure. Spacious, clean, modern room, free wired Internet. Great view terminal, planes taking landing. Price 338RMB English language website, 298RMB Chinese language site check in. Dinner (RMB 38) breakfast (RMB 20) buffets Chinese oriented, western food. Down elevator food court (Kung Fu, KFC, Pizza Hut). I regular, Northwest flights arrive late/leave fairly early.Check check fast Chinese standards - minimal lines, fast service. But ready check room want check out, Chinese hotels I've stayed do.",0.24977777777777782,0.4772991452991453,May 15 2009
2,2,"Convenience This good flight canceled changed sits two terminals Shanghai airport. It's good value $50, includes breakfast, comfortable rooms, flat screen tv free internet laptop. The decor bit gaudy try hip, live it. It's surprisingly quiet given location airport. If feel like getting town, eat several fast food outlets well airport restaurants ( tasty good values), The transit visa also good 24hours shoot Shanghai Magdev, super fast bullet train downtown Shanghai 7 minutes!",0.3457459207459207,0.525,Jan 5 2009
3,3,"Good value though let 2 big issues This airport situated right inside Shanghai Pudong Airport. The lift takes hotel, directly two terminals. It therefore extremely convenient Pudong Airport.For 298 RMB (about Â£28) I expecting much suprisingly modern comfortable. The split two parts - Ease Hotel Motel 168. My room latter, former class probably expensive.The room good size overlooked one terminals. It also surprisingly quiet considering location. The furniture build new shower room large modern also, well designed. Soft carpeting furnishings though bed hard pillows low quality. There large flatscreen TV wall, though Chinese channels work desk. Great plus point free internet, including use ethernet cable.However, decent let two annoying issues. The first water bathroom luke warm most. The second 11pm decided carry work rooms subjecting constant loud banging noise 4am. As I get 6am flight, I get sleep kind defeated whole object there.The room service menu looked bad expensive though 38RMB dinner buffet good value (the restaurant Ease Hotel). Some translation also amusing.If increase water temperature prevent noise (which hardly difficult do), would got 5 star me. Therefore, summary need stay Pudong Aiport, &quot;good&quot; choice considering price, location facilities.",0.12329299488390398,0.4937598386462023,Nov 27 2008
4,4,????????????,0.0,0.0,Oct 24 2009
5,5,SEHR EMPFEHLENSWERT - DIREKT AM FLUGHAFEN,0.0,0.0,Apr 25 2009
