,Unnamed: 0,Reviews,polarity,subject,Dates_extracted
0,0,Nanjing Hotel Very convienent location. Nothing flash clean everything needed. I bother breakfast.,0.2833333333333333,0.5,Oct 11 2009
1,1,"Happy Nanjing! What easy pleasant introduction Shanghai! For starters, SIMPLE get airport - take Maglev Express train terminus, transfer Metro Line 2, 6 stops Nanjing Road EAST, exit 1, turn right, walk less 1 minute voila! Nanjing Hotel. (The express train costs 50 metro ride costs 6 could easier navigate.)For 3 nights location ideal, central everything. If feeling ambitious, 7am walk Nanjing Road People's Square see morning buzz exercisers dancers. What treat! The quaint charm it, I love type place! Like reviewer I also 8th floor, 801 corner room, also end corridor, TWICE big rooms hotel, 2 windows nice airy breezy draft. I mention because, effective October 7, dismantled AC winter season. Great environment, great like bit air quarters. :) Problem solved, ask (nicely) fan room,As commentary regarding front desk staff, I live Asia found staff patient, accommodating, helpful. ALL OF THEM. From moment I walked issue Expedia booking quickly resolved. I given choice rooms. I provided fan room, travel advice, restaurant advice, shopping advice, even hair dryer request! I think guest China take time communicate slowly language, met courteous helpful response. As bedding, reviewers complained yes bed IS firm I LOVE it!! (I'd sleep floor I could, hello tatami mat futon!) If noise issue definitely want back side although I front side noise completely dies evening. I generally light-ish sleeper problem. Actually I thought room corridor super quiet (not even sure guests stay- THAT quiet) In room broadband internet available .10 mn 20 day, fairly reliable altho time-out every couple hours government ban F@cebook, Tw1tter Pic@sa currently place, fyi. I would definitely recommend friends. Also, I highly recommend sichuan restaurant (told Front Desk staff hehe) around corner (try chicken peanuts YUMMMM, 28!) also Brick Coffee takeaway stand delicious Iced Pearl Milk Tea Coffee (6 10 respectively). See photos attached. :)",0.2626576420258485,0.5850138026224981,Oct 7 2009
2,2,"great find hunted trip advisor shanghai hotels went Nanjing.The location really great- 50 metres shanghai's super shopping street, 70 metres Nanjing rd East metro station right opposite 3 4 really good cheap restaurantsif concerned road noise night, ask room whose number ends 10 17.BTW people said front desk people rude-i find that- bit cold hey, long want spend front desk shanghai",0.2469047619047619,0.5502380952380952,Oct 6 2009
3,3,Good location 50 pedestrian street metro My 8 night stay especially pleasant corner room 820 end corridor passing guests. The wide single beds comfortable. Didn't open windows hot &amp; steamy outside &amp; course there's noise car &amp; motor bike horns. The step bathroom interesting &amp; sometimes shower took time warm worth wait refreshed. Didn't think buffet breakfast Yuan 30 worth money (lots food choices outside stalls &amp; cafes). The restaurant menu adequate. Room cleaning good. Post box outside &amp; PO blocks away philatelic counter. The police station doors lots men uniform ! English language channel CCTV9. Walk back streets &amp; see different world one Nanjing Lu. Get early see tai chi &amp; badminton &amp; people watch.,0.22530020703933742,0.37946169772256727,Oct 4 2009
4,4,"Extremely Rude Front Desk Staff The previous reviewers correct. The great location, right next pedestrian mall. The carpet dirty, bedding questionnable, bathroom dimly lit, strange step up, lots mold half showers cold.The windows really thin, noise unreal - light sleeper, stay here! The worst part unbelieveably rude front desk staff.When asked directions local coffee spot (Starbucks) pretended notunderstand. When white son spoke Mandarin (he currently attending University China met us trip), refused listen him. Finally, one ofthe rudies said go buy map gift shop...they one map front desk! I never stay again, recommend hotel. There places handy nice, helpful, staff!",-0.003630952380952385,0.524702380952381,Oct 3 2009
5,5,"basic clean good location People reception speak english, better places stayed.Shower little water pressure.Nothing else say. Basic.Super location, good nanjing road. Walking distance Bund People's Square.",0.24427083333333333,0.42500000000000004,Oct 3 2009
6,6,"Do hate job much? State carpet hardness bed different stayed in, China , BUT impression get staff absolutely hate job absolutely hate customers!! One big advantage location - close metro great. Close The Bund - that's mess moment weeks yet I would expect. Great street stalls breakfast etc - go door, turn right next street second street plenty street stalls. Yum.",-0.06263736263736266,0.4758241758241758,Sep 23 2009
7,7,"great value convenient location For rate got expect Hilton, get course. But got absolutely fine room, clean well looked great location near shopping street walking distance Bund (which course currently big construction venue Expo 2010) meters away metro station. Did try food rate incl. breakfast. Lots small Chinese restaurants street though. Overall great value money deal completely satisfied stay. Service attitude reception different, depending staff catering you. One great, two others not. But probs all. Would definitely return.",0.25833333333333336,0.53,Sep 12 2009
8,8,"Unbelieveable value location I swapped hostel centre. I believe affordable could right centre action. It great wander along Nanjing Donglu night, fall bed. It's especially good solo travellers like me, really want walking long way get back accommodation night.The room fine...clean comfortable. Some staff bit surly, 300Y night, place fantastic.",0.2850649350649351,0.5168831168831169,Aug 30 2009
9,9,"Decent Hotel Great Location I agree previous posters said. The fine - clean enough, standard REALLY hard bed, decent size room. The location EXCELLENT making perfect place stay one night sightseeing.The negative thing I found lighting bathroom terrible maps Shanghai available us.",0.15989583333333335,0.6432291666666667,Jul 23 2009
10,10,"Great Hotel : ) One best aspects location, right NanJing road easy access underground station 'newer' parts Shanghai. The nice, big, clean rooms. One thing slightly strange standing bathrooms rooms everyone felt dizzy!! (we big group nearly everyone mentioned it!!) maybe us. The staff also polite helpful.",0.3703199404761905,0.5140873015873016,Jul 16 2009
11,11,Good location price. Bad The price good location. The room clean small. I stay again.,0.16333333333333339,0.5933333333333334,Jul 6 2009
12,12,"Best Shanghai location price range! As reviewers say, truly right Nanjing Lu. This nice considering tourist hub. The subway stop also corner makes quick route MagLev train (to Pudong airport).There c-store across street I believe 24 hours handy snacks water. If looking nice Americanized breakfast free wifi, walk Nanjing Lu toward People Square stop Costa's. I know Nanjing Hotel internet I iPhone me.The rooms nice. Booked ctrip.com around $40 - $45 night. They clean comfortable. No complaints, except shower head's spray bit strong (normally good thing, setting). Also, tub clogged bit I would stand water I showered. A minor thing me, I bother complain. The beds standard hardness China standards. So used know means surprised. If used it, probably need adjust firmness, unless staying higher priced hotels.Note windows open air conditioning works nicely. The rooms front side building balcony treat.The TV Chinese channels -- watch TV. Our unit also fridge mini-bar items, kept waters stuff there. We also safe room opened key card. The room also come hot water maker complimentary tea.The staff helpful nice speak good english. The breakfast spread restaurant okay. I go back many options area.Safety: There kind police station bureau next door Nanjing Hotel. And though area feel seedy (being right Nanjing Lu), never hurts see that.One last thing hotel. When walk room get nice clean smell. None musty old funk. For me, moment truth entering new room. Nanjing passed smell test 2 different rooms I stayed in. If budget same, I definitely would stay again. Hope details help!",0.2798953823953824,0.5833549783549783,Jul 5 2009
13,13,"Great location! Stayed part GAP tour loved location. Literally 30 second walk Nanjing Road even walking distance Bund People's Square. Also, close subway. Plenty restaurants area (Western Chinese) lots corner stores buy things like water snacks (there also fridge also room use). The seems pretty old still fairly clean friendly English speaking staff. Balcony also pleasant surprise nice lean balcony take sights, sounds smells busy street below. I highly enjoyed stay!!",0.3470833333333333,0.4811111111111111,Jun 3 2009
14,14,"One best locations ever I LOVED hotel! It everything needed 30 second walk Nanjing Road. I think could get better location. It relatively short walk Bund walkable Yuyuen Gardens Bazaar.It roomy comfortable completely renovated, although I change rooms mid-stay inherited bed made concrete seem cosy, otherwise great! The first bed good, second remain burned memory forever.There hawkers outside try entice bad restaurants there, ignore find quality restaurant 90 little 30 metres past people. Also watch mad motorbike riders step front door. They stop NO ONE!The supermarket opposite cheap chips good getting change train 1/2 block away.The English translations hillarious particularly lifts - I'm sure wrote make sense :)",0.19704861111111113,0.46134259259259264,Mar 18 2009
15,15,"Excellent location great value satisfied This great, rooms clean comfortable lots space, TV, internet access (with cable), fridge, closet, safe box, desk. The location could'nt better, 1 block away famous Nanjing Rd. Subway station 1 block away, near. There also wide selection restaurants shops area. Would definitely stay again.",0.4713888888888889,0.7191666666666667,Mar 5 2009
16,16,"Decent Experience The great location right Nanjing Road. It convenient get major sights Shanghai. The subway stop less minute walk hotel. The price also great location, things mention:Our room 406 pretty bad stench filled entire room one restaurants across street. We informed staff unfortunately said rooms booked. They well aware stench actually said room 406 worst room far smell. Upon checkout mentioned staff knew experience manager following day nothing could it.Other stench, service average bad one. There hotels right area (actually right Nanjing Road 2 minutes west north side much cheaper rates (about $5-$10 cheaper) available cheaper price location. All bad experience, great price great location.Not sure I would recommend place, looking spend much money central everything concerned things like &quot;smell&quot;, etc may good find.",0.14150432900432902,0.5493746993746994,Dec 26 2008
17,17,"Great Location I looking close Nanjing Road amentities without pay fortune. I found Nanjing Hotel 200 Shanxi Road. It one Jin Jiang group. I read reviews often read statement &quot;hard beds.&quot; My 18 year old granddaughter thought comfortable bed slept I agreed, best sleeps I long time. The room large enough comfort, clean quiet could open window rather put noise AC going night. There hot water times, day night. Breakfast Chinese eggs available plenty toast goes it. There four restaurants road opposite hotel, plus small super market one minute's walk took us busy Nanjing Road shops restaurants. The staff friendly majority spoke English. All 3 nights $56 per night double! Not bad value!!",0.23017857142857145,0.42834325396825396,Nov 4 2008
18,18,"Location!!! Location perfect. Only steps Nanjing road metrostation. The room quite small bathroom smelly. There fridge, safety box, TV 70 channels (only one english) balcony superior room. Average reasonable price.",0.1511111111111111,0.6200000000000001,Oct 24 2008
19,19,"A small Oasis Calm! This 1st stopped small group travel holiday. I amazed many people working behind small reception desk, I say them, whilst rude, particularly friendly welcoming! The rooms clean, linen fresh, bathroom ok, important things turn trip memorable wrong reasons! The location great, walking distance lots great places restaurants galore doorstep. The must peaceful stepping outside felt like constant game 'chicken'! (Beware cars, bikes motorbikes careering road!)",0.10413510101010102,0.5851010101010101,Oct 13 2008
20,20,"Location location location. I stayed Nanjing Hotel twice short-stay China, mostly great location. Subway's around corner well famous East Nanjing Rd. There's small Supermarket across street couple restaurants, well fruit vegetable stands road (South Shanxi Rd.)Besides that, rooms spacious, okay city trip. Both bathrooms I had, way small kind smelly. But reception staff helpful friendly. So, service location great, rooms good sleeping, nothing more.",0.37072649572649574,0.5683760683760684,Sep 24 2008
21,21,"Great location price The Nanjing 1st trip across Asia, Shanghai Bombay. This turned best mytrip. Great location, around corner subway station, ona main pedestrian-only street, (Nanjing Donglu). They fastInternet connection good price. The bathroom must havebeen recent remod, newer cleaner many I'veseen U.S. I try restaurant once, mediocre. There fine places eat next door across thestreet. I tend buy water local vendors, store mini-fridge.",0.353030303030303,0.45303030303030306,Aug 22 2008
22,22,"Great option heart Shanghai An aged hotel, probably luxurious one business men several years ago. Today, great budget tourism.You could see TV tower new SWFC tower room window, skyscrapers. The room service right. The breakfast also OK, bear mind chinese breakfast !It's located close Nanjing Road, main commercial street Shanghai. Besides, could reach Nanjing East Road metro station 3 minutes !! If see picture building street located, able imagine that, becasuse old little dirty, location great !",0.20476528679653677,0.43584956709956707,Aug 8 2008
23,23,"Good budget great location An ok little budget great location. Situated main shopping street, 10 mins The Bund one way 10mins People's Park other.Rooms basic clean little small.Staff helpful spoke EnglishSubway station round corner.",0.3039583333333333,0.5158333333333334,Jul 18 2008
24,24,"For like city atmosphere Our room level 4 could hear noise streets quite loudly. The beds quite firm.The steps away Nanjing Road Shopping Mall (part road cars allowed), walking distance Bund (which crowded night surrounded beautiful lights buildings), Yan'an Rd East tunnel, pier, Silk King (where got silk dresses made). It short taxi ride Old Shanghai (which I prefer be). The service average front desk people understand/ speak little English (it difficult find information nearby tourist places).",0.02125,0.45999999999999996,Jul 18 2008
25,25,"More expected! I stayed 11 nights hotel. To honest room delux room, quite big, good bathroom, fridge, safebox good air conditioner.The location fantastic, close pedestrian area east nanjing road close metro station line 2. Just 10 15 minutes walk Bund area even less people's square.The stuff speaks english, breakfast raelly worth it.I recommend eat there, find lots restaurants around.Inside much better looks outside.I think price cheap expensive! If look budget standards, place be.However, quite hotels area condition.In opinion west nanjing road may better place look foreign bars clubs fancy stores.Have pleasant stay!Shahab",0.23110500610500612,0.4123931623931623,Jul 5 2008
26,26,"Good budget We stayed Nanjing Hotel last month. It good, basic budget hotel, steps Nanjing Lu. I picked within walking distance things wanted see, never walking. Took taxis everywhere. Due congestion front hotel, taxi drivers may drop block before. Some taxi drivers difficulty finding place, sure take map location you.Hotel clean, front desk staff spoke good English. Breakfast 30 yuan (approx $5.10US), changes many items daily. Compared pay US breakfast, good value, need like eat vegetables breakfast. Several times ate food nearby street vendors, breakfasts 3rmb. We hated Shanghai (much prefer Beijing), ever go back, would stay again.",0.2159803921568628,0.3897385620915033,Apr 5 2008
27,27,"Good location The best thing location. Otherwise basic furniture 80Â´s. Some staff members speak English, all. A bit noisy, remember earplugs.",0.425,0.26562500000000006,Jan 7 2008
28,28,"Good location price Stayed 3 nights needed cheap place - saving expensive end holiday. But surprised large room actually price, great location right middle Nanjing Road. It superior twin room, cost pounds standard one. The room two single beds, two chairs, small large table, good lighting, TV (only Chinese stations), tea making facilities. The safe work though. We room end floor (no.435) , balcony looking cross roads below. It noisy outside 1am, silent. Except one night builders shop opposite decided bit hammering 3am. The room clean comfortable, bathroom ok. The shower worked well towels small sufficient. For price room good would definitely go back there.",0.1864838864838865,0.43321308321308327,Nov 3 2007
29,29,"Nanjing Hotel good me. The Nanjing Hotel average hotel. The best thing going located less city block Nanjing Road short distance Metro. There several restaurants located area convenience store located across street. The rooms clean bathrooms remodeled. The west side balcony access rooms, also noisiest side traffic side. The staff helpful speak English. In all, I would recommend traveler budget needs quiet clean place sleep at.",0.21166666666666661,0.34,Mar 27 2007
30,30,"Okay good location We stayed Nanjing Hotel July 21 23 part small tour group.This basic one. No hair dryer, alarm clock, safe. But room good size, clean.The location best point steps away central portion pedestrian-only zone Nanjing Road, major tourist shopping road. It's also near metro station, made easy get Maglev station go Pudong Airport. One note make glass single-paned, quite easy hear noise outside. I would recommend bringing ear plugs peaceful sleep.Overall, I would recommend budget-conscious travellers want good, clean place stay.",0.2760964912280702,0.45416666666666666,Aug 11 2006
31,31,"Nanjing Hotel can't beaten location value After originally booking 2 nights Nanjing Hotel, immediately booked another 4 nights soon saw room could see everything wanted week Shanghai 350RMB night (internet booking), suited budgetOur room B class (better A class) large bed softest matress ever 18 months living working China. The room corner quiet, clean, stains carpet, shower bathroom perfect bar fridge well tea making facilities green tea bags.The Aircon good cause draft best thing room windows open good lighting thanks light bed, standard lamp desk lamp well ceiling lights. Three occasional chairs, coffe table, good size wardrobe bedside tables drawers made room seem like suite. The TV modern large 30 channels (although CCTV9 English).We asked got hair dryer, one night left window open, mosquito call reception got us mossie zapper.The staff spoke good English, travel agency desk, like China, much us.We bother eating restuarant (we never eaten hotels always fun cheaper eat outside) little lane outside dozen places choose breakfast day one block lane locals would eat way work. As well several little convenience stores grab beer chips well good fruit shops within part lane.We found lots local eateries small streets run Nanjing Lu. Those resturants Nanjing Lu expensive locals eat mall good value.The location best part. Just thirty paces Nanjing Lu main pedestrian shopping mall, Metro stop corner, 5 minute walk Bund Peoples Square direction.We noticed Intrepid Tours puts tour groups Nanjing Hotel easy see why.",0.22902397838568053,0.4189344815940561,Jun 8 2006
32,32,Very central. A nice heart Shanghai. Close subway close Bund. Nice clean rooms good city view. Reasonable priced.,0.41111111111111115,0.7041666666666667,Mar 28 2006
33,33,"Great location Clean, comfortable, large rooms english speaking staff Nanjing Road, 5 mins Bund. Underground train around corner. Excellent local restaurants opposite hotel. Didn't eat told v. ordinary. Turn right head 1 block find small supermarket, 1 block find good, cheap laundry. Also great breakfast snacks area. No hairdryer room one available reception get it. Recommend taking own.",0.3509803921568628,0.5331932773109244,Jan 26 2006
34,34,"Great location This nice great location, next Nanjing Rd 10minutes walk The Bund. Although 5 star clean friendlyEnglish speaking staff. I would recommend anyone good price also.",0.4823809523809524,0.7157142857142856,Oct 24 2005
35,35,??????â¦,0.0,0.0,Nov 9 2009
36,36,Convenient location. Just average,-0.15,0.39999999999999997,Jul 10 2009
37,37,un timo!..... un 0 sobre 10000,0.0,0.0,Jun 19 2009
38,38,moyen pas de clim,0.0,0.0,May 20 2008
