,Unnamed: 0,Reviews,polarity,subject,Dates_extracted
0,0,excellent room well equiped clean ; decoration nice bed confortoable. This really top area nice small shops restaurant eat typical chinese food. nevertheless far city center cab much problem. Breakfast buffet amazing provide great choice excellent products,0.36000000000000004,0.61625,Nov 24 2009
1,1,Modern Hotel excellent value. Couldn't fault Novotel Atlantis. A modern excellent amenities friendly helpful staff.The rooms spacious well kept clean.The within walking distance train station. I would highly recommend would stay visiting Shanghai future.,0.39937500000000004,0.5193749999999999,Nov 5 2009
2,2,"Good let poor lighting bathroom Stayed 1 night 37th floor. Big flat screen TV BBC (is coincidence French chain!) â Sleep facility. Separate purpose-built spacious shower bath. Very poor lighting bathroom, particularly front mirror sink. Not 5 star, certainly 4 star.Revolving restaurant 50th floor â excellent views Shanghai â seafood buffet. Part seemed closed â descended lift found deserted part two bemused security guards looking us. They soon gestured us building main street where, 10-20 metre walk, soon back main hotel. Glorious view Shanghai room. Despite high up, lifts quick.About 40 minutes Pudong international airport (150 yuan taxi).",0.09257236227824463,0.3532539682539682,Sep 29 2009
3,3,Very nice hotel. We stayed 11 nights. nice big room. free internet rooms hotel. rooms cleaned every day. nice swimming pool view city. Also good restaurants.You catch taxi go city center. Or use metro 4 minutes walk hotel.,0.4514285714285714,0.6571428571428571,Sep 26 2009
4,4,"Overall good I stayed 2 nights heading back Canada 4 week trip China &amp; Malaysia. At first, I sure expect I found exceeded expectations. We arrived red-eye flight Kuala Lumpur much surprise, able check right away (9am). Also, given free internet access (which included price) &amp; late checkout without hassles. The lobby nice spacious.I must say, service impeccable. Housekeeping already room arrived set rollaway bed provided lots extra anemities without asked. We got corner room spacious even extra bed, lots room suitcases. The downside location. It's business district Pudong even close subway station. The nearest one least 15 min walk away seems like eternity 40 degrees outside. You definately need take cab get anywhere. Luckily Starbucks next door handy.In all, I satisifed would stay again.",0.22995464852607708,0.46648904006046876,Jul 29 2009
5,5,Basic business basic business hotel. decent clean rooms. heart pudong. 10 min away thr maglev shanghai airport. reasonably priced. starbucks adjoining lobby..,0.14666666666666667,0.45083333333333336,Jun 16 2009
6,6,"Very good Been 4 days. Hotel's allure great. The restaurants interesting serve good choices tasty cuisine. Service quick smile. Location issue. From Pudong airport, taking high speed train + taxi = 30 minutes max. This way, avoid cranky taxis. Internet room works well.",0.5290476190476191,0.5385714285714286,Jun 6 2009
7,7,"Nice modern unpretentious I liked lot. Modern, efficient good health club facilities. Well located Pudong business area. I becoming fan brand. Nice looking restaurants site.",0.4785714285714286,0.6928571428571428,Feb 27 2009
8,8,Novotel Atlantis Shanghai I stayed Novotel Atlantis four days overall OK. Is far away Pudong Airport relatively close Puxi Pudong city centre. The actually close quite food places need adventurous walk around city check places eat. The staff ok. Some spoke good english staff concierge lacked bit English. If need go Puxi I would suggest catching cab relatively cheap. Taxi airport 125Yuan.,0.23846153846153845,0.40769230769230774,Feb 15 2009
9,9,"Good choice Business travellers My company liked put colleagues reasonably priced close office. Their suite fairly big living room separate bedroom.The knock definitely location. It's within walking distance public transportation routes including subway. I recalled one occasion went dinner one night, started snow heavily find taxi take us back hotel. At end, called conciege staff kind enough send taxi bring us back. Of course already frozen death waited cold street almost hour.",0.09999999999999999,0.5051282051282052,Feb 4 2009
10,10,"Not bad Not cheapest stay, look cheap. Most staff nice easy communicate with. You speak simply slowly. We problem non-smoking room smelling cigatette smoke, 2 guests told us did. As well guests smoking non-smoking areas, saw several seem respect guests, even like spitting discarding half-eaten candy floor. I wonder look years guests allowed follow rules like that?",0.0803030303030303,0.48246753246753243,Jan 23 2009
11,11,"If distant wasnt factor Upon reading previous reviews, quite worried. Most negative reviews quite far actions. I visiting shanghai 9 nights stayed Novotel Atlantis 3 it. I didnt really care whether far I another 6 nights Westin right centre town.Let tell this. It far would imagined reading reviews.I got perfect room 37th floor, corner room. Absolutely perfect view Shanghai Pudong Skyline (from back) one side commercial ports other.The checkin rather annoying, considering already given call arriving 1am. That didnt bother much though.The room beautiful, spacious (maybe corner room) said, beautiful view.Room service food good quality. House keeping really leaves alone &quot;Do disturb&quot; sign on, look hotel.On second day, I went Art50 Restaurant top floor, revolving restaurant. The food ok, seafood buffet, big fan seafood, dont know go it.But think seafood lovers might great, I'll leave people comment.At dinner, Director Food Bev noticed dinner alone (I travelling alone), came greet me. Talked must say understanding professional hospitality issues.Oh, ordered good pint beer me, house, always welcoming Aussie.Upon departure day, went breakfast 2nd Deck Cafe. The Breakfast nice, cook egg spot you. I reckon bread could better, get rock hard.Staff breakfast service rather less friendly, rarely smile, didnt really bother me. One good thing, quick remove used plates, real plus.Check quick pleasant. The bellboy quick get room, Reception staff quick processing. Further more, He make sure quoted correct A-Club Membership number.Overall, pleasant stay. If werent looking right heart town, Novotel could choice. I would agree previous reviews abit way, fortunately me, said, part factor consider stay. I would love come back again. Recommended service.",0.29416741539383046,0.5109913147648996,Dec 21 2008
12,12,"What A Disaster The reviews point hotels unfavourable location. It removed shops, restaurants anything would give visitor thr feeling Shanghai. The rooms clean well maintained staff limited English foreign visitors. It without sense place. I try premier restaurant top floor hosted business guests rather expensive 118 yuan buffet second floor left embarrased poor quality food confussed selection. Another review warned in-room massage &quot;extras&quot; offered - warned - good look Accor operator. Another warning; I booked Accor website problem Assist Front Office Mgr produced print-out full credit card number, name security three digit code back card - security nightmare. There plenty better alternatives give visitor sense excitement Shanghai.",0.010374149659863949,0.3423469387755102,Nov 10 2008
13,13,"Good mid-range This nice friendly staff. The room fine cable tv, fridge bottled water came handy (although cheap buy city well). The bit tourist area, walk river taking 40 minutes. However, pudong dadao runs outside major rd easily get bus, taxi hotel, cheap. A taxi nanjing donglu (major shopping area river) costs 25RMB cheap western money. Even taxi airport equivalent $20 1 hour ride. However, taxi drivers go fast drive rules buckle up! Also, metro station 1 block away trains great Shanghai (although crowded). The breakfast standard western/asian hot buffett Olive's restaurant good (and cheap). Make sure learn basic Chinese come ask staff write name Chinese give taxi drivers. I found people (and hardly taxi drivers) spoke English. The people Shanghai however friendly accommodation get along fine smile laugh.",0.27536195286195286,0.5069023569023569,Sep 16 2008
14,14,Hotel assessment I stayed week Novotel Atlantis Pudong. The location suited business people tourists. However rate much cheaper (around $50/night cheaper) hotels city centre (eg Bund). A taxi Bund costs 20 yuan ($3). So 10 minute trip reasonable trade off. A subway station one block away even cheaper transport. The room expected 4 star. Restaurants disappointing typical Shanghai. (The Hyatt's highly rated restaurant cost $300 2 much inferior Hong Kong standards.) The standard food hygiene Novotel appeared good however. The breakfast buffet quite good. The gives litre bottled water every day essential Shanghai. Travel advice concierge staff really unavailable due extemely limited English ability. Not even brochures available. Most guests Europeans English may demand much. Conclusion: would stay lower expectations.,0.12031385281385282,0.35035714285714287,May 30 2008
15,15,"I suspect find better Shanghai The rooms nice enough best run Novotel Asia. You might want avoid restaurants pretty hopeless. The independent Chinese restaurant outside main entrance left vastly superior impressive destination. After 10 days meetings travellng I thought nice massage, steam sauna might order. Unfortunately massage girl got bit upset I declined 'Special Massage'. Very disappointing end scenario major brand hotel. If thing best avoided.The Sofitel Pudong classier much expensive, I stay future.",0.20030045351473919,0.5387981859410431,Jan 29 2008
16,16,"Nice shanghai We stayed (23 &amp; 24 August) booked website. The side quite far away downtown Shanghai much see near hotel, subway 15 minutes walk away need use taxis.On positive side clean, friendly knowledgeable staff speak good english. The rooms modern high standard, rooms higher great views river. pool plenty restaurants bars. special mention helpful concierge staff.overall good good value money, pity distance downtown.",0.29805133477633483,0.5148886002886003,Sep 17 2007
17,17,"A good Hotel Pudong I stayed Hotel several times last year general opinion positive....nice modern rooms great view high floors, good restaurants, nice bar 50th floor (turning around slowly giving excellent view Shanghai night...No serious problems except Pudong area close centre Shanghai (need taxi)",0.30435897435897435,0.5171794871794873,Aug 24 2007
18,18,"Nice comfortable inconvenient uninteresting location. I stay whenever company sends Shanghai business. It certainly good business especially youâre business Pudong area. However, I would recommend tourists simply far least inconvenient get central interesting neighborhoods city, like Bund Nanjing Road. Youâll take taxi subway get anywhere. Sometimes, itâs hard get taxi rush hour itâs raining! Besides, thereâs really nothing interesting within walking distance around hotelâs neighborhood, certainly restaurants, cafes, shopping. The fairly large lounge/bar business lounge 48th floor. Rooms spacious, especially âde luxeâ rooms. They well-lit, light colored modern furnishings, clean, ample closet space. Most, rooms birds-eye views city, beautiful especially night! Beds firm, almost firm, pillows thin, towels plush supply bathrobe, slippers, complimentary bottled water. Nice touch fresh rose pillow turndown rose petals floating toilet! The hotelâs gym big well-equipped. The restaurants adequate I would recommend eating donât to, good value money quality food inconsistent best. But breakfast buffet bad, good variety dishes. Overall, good value money donât mind location inconveniently away city center attractions.",0.17411120129870125,0.5951302863802864,Apr 17 2007
19,19,"Great Hotel My husband I another couple stayed Novotel Atlantis first week Feb 2007. I book hotel, friend did, I concerned reading reviews site.We excellent experiences. Upon arrival upgraded business class extra charge us. Our rooms small well appointed everything could need. The beds hard, ordered extra duvet put us. The bedding pillows comfortable. The rooms spotless, recieved turn service every night. We brought 2 fresh roses every night, turn service, also tidy bathroom put rose petals toilet. The rooms robes, irons, comforts home plus more. The toiletries exceptional, nothing left out.The restaurants great. They little expensive, quality selection great. There small deli type restaurant, well two casual dining rooms, revolving restaurant 50th floor. There also lounge lobby.Our every wish catered promptly professionaly. I dreading check becuase I read negative things site. I went entire bill (6 nights meals) fine tooth comb absolutely mistakes. The couple travelling problems either.The rooms complimentary bottled water daily.The staff helpful spoke English well. The concierge front end staff especially helpful directing taxi drivers us, providing us notes chinese give taxi drivers.It 15 min major shopping, mind got see city.I would highly recommend hotel, would stay myself. Everything exceeded expectations, believe me, I fussy guest.I almost forgot mention fabulous workout facility. It fully stocked gym. The change rooms steam rooms hot tubs. This complimentary. The pool beautiful lots windows oversee city.I find spa services little expensive, ingulge. However, I sure par market value.Do hesitate stay here. It definatley business/corporate hotel. They know treat guests comforts home, including western food. Have great trip!",0.18222813238770685,0.5356028368794327,Feb 21 2007
20,20,"Terrible service remote location never We read good reviews hotel, booked 4 nights January 2007 website. The far attractions city. There absolutely nothing interesting around (other frienly local massage service opposite entrance). Your best bet take taxi metro station metro city centre. You course take taxi city, traffic bad would take close one hour, bets cheated taxi driver 50%. The highrise building, nice views especially night, rooms simple, room heating working. However took us one day three different engineers convince heating working properly. After that, changed room, heating fine, already got ill. Any service pricey bad. For example internet access 4 yuans per minute (240 yuans 24 euros per hour), connection slow (apparently due earthquake Taiwan). connection 3 yuans PER HOUR city, 1 yuan per minute (60 yuans per hour) 5 star Shanghai. Also, double charged bill I booked internet (apparently problem VISA machine day). Explaining situation communication nightmare, noone speaks good English. Worse think understand! After hours battling agreed contact finance department acknowedged error, I still waiting refund. In short, I would never stay again, I cannot recommend anyone.",0.025555555555555567,0.48684920634920636,Jan 8 2007
21,21,"Great value money 2 nights october got corner-room 41 th floor. view jin mao tower bund. room clean comfortable. booked accor-hotels.com webside payed approx. 95 US-$ one night.the staff helpful friendly. breakfast buffet excellent, find something europeans/americans asians.when come pudong airport take magnetic train take taxi hotel, cost approx. 3 US-$. go bund take also taxi, 15 minutes cost approx. 2 US-S.",0.5419444444444445,0.71,Oct 8 2006
22,22,"Had great stay Novotel This typical novotel property. Clean business like throughout. The rooms simply nicely appointed. Some great views upper floors including spectacular views Jin Mao Tower - Shaghai's tallest building. The located Pudong district 20 min taxi ride main toruist areas The Bund. The good news taxis shangahi relaible really cheap get front hotel. There really much around area far shops restaurants. Ask direct couple large shopping restaurant complexes 5 min taxi hotel. You might want try dining revolving restaurant top hotel. I never can't comment, ride top fun stomach churning glass elevator 70 stories! The great indoor pool spa facilities used quite bit well. Overall good choice - though heart tourist area.",0.3154761904761905,0.5377846790890269,Aug 30 2006
23,23,"Not best hey Novotel This adequate business travel.The lobby ok, typical 3.5 - 4 star.The location great Pudong access, terrible holidays, 45mins French Con.The service average. Concierge bad.If dont speak Mandarin commuication chore, impossible, I speak Mandarin, tested staffs English skill, great.The room typical novotels.I paid sedan transfer airport ended mini bus need retirement.Look place blow away. If another option means stay here. But personally I think highly overpriced is.",0.1264102564102564,0.471025641025641,Jan 20 2006
24,24,"enjoy stay Altho' near shopping area public transport, quiet clean. Stay deluxe room asked city view. Taxi still cheap get anywhere.",0.24523809523809526,0.5142857142857142,Nov 26 2005
25,25,"I'll stay again. Very good value money. Clean, efficient quite satisfactory Pudong - everything one really needs. Seems popular French tourists unpretentious business travellers (that's me). I'm becoming Novotel fan... .",0.42111111111111116,0.5716666666666667,Aug 25 2005
26,26,great pudong I 4 day stay recently. Rooms lovely although windows bit small. The conference facilities great too. The position pudong means markets bund need catch taxi cheap 2 euros rides! Stay enjoy!,0.436875,0.60125,Jun 7 2005
27,27,ottimo rapporto qualitÃ prezzo bellissimo,0.0,0.0,Sep 24 2009
28,28,Hotel irrÃ©prochable cependant un peu Ã©loignÃ© de l'hyper centre,0.0,0.0,Aug 27 2009
29,29,Ein Novotel - nicht mehr ganz das neueste,0.0,0.0,Sep 12 2008
30,30,Superbe hÃ´tel - Vue imprenable sur Shanghai night,0.0,0.0,Aug 31 2007
