,Unnamed: 0,Reviews,polarity,subject,Dates_extracted
0,0,"Disappointed cannot called art gallery I read Business Traveler Magazine expectations decor design @Gallery Suites (Art Gallery Suites Hotel). However, I entered tiny lobby one small piece artwork, I began doubt. Then, I entered suite (#301), I surprised like BT Magazine described. My room plain green wall art work, design such. The room size good noisy car horns street like six morning till mid-night. Service okay new definitely meet expectation I stay again.",0.050159840159840145,0.6047452547452546,Nov 21 2009
1,1,"Art DÃ©cor Style Shanghai I Shanghai business stayed 6 nights Gallery Suites Hotel. I heard owned Singapore tour company also interior style rooms much talked local press.Objectively speaking, location rather ideal located French Concession quarters. The surrounding environment somewhat European feel many little eateries restaurants nearby. The underground station merely minutesâ walk away Huaihai Road shopping street 2 stations away. There also shopping district 5minsâ walk, nice park, really wonât feel distance.The conservation building 50+ rooms. Rooms spacious well-appointed. One thing note rooms may suitable couples single travelers bathroom separated bedroom beaded curtain nothing else (at least room I had). The room equipped LCD TV, DVD player, free internet access iPod docking station (on request). The also provide mobile phone local calls, I think useful service. Staff generally attentive obliging speak English. Breakfast, although included room rates, starts 7.30am, need leave earlier business tour, request pack local breakfast you.All all, I cannot find anything negative would hesitate recommend anyone thinking staying there. I would probably stay I need go Shanghai future!",0.1476231527093596,0.44445812807881785,Nov 9 2009
2,2,"The boutique Shanghai! If looking unique experience gallery suites ideal boutique option!We travelled group 20 ppl managed accommodate needs sufficiently. An added bonus friendly staff best ensure guest pleasant experience. Special thanks Frankie , Ben, Angie rest team assisted us.The newly opened non smoking policy place everyone's delight. Rooms spacious beautifully decorated art deco style old Shanghai modern day conveniences like. Recommend take time enjoy tea room art gallery have!Hotel located picturesque French Concession area also close main attractions Shanghai. The meal provides breakfast simple service disappointing. Unfortunately there's room service available either given experience breakfast may good opportunity try one many restaurants area.We great experience would recommend personal small group tours.",0.2737402597402598,0.5733246753246753,Oct 29 2009
3,3,"Very Nice Indeed This impressed I beautifully restored boutique Shanghai - I can't wait get home give review :) therefore I writing room now.Location-wise great short walk Heng Shan Lu/Road Station (Line 1) Metro (subway) line, right &quot;downtown&quot; works perfectly us I get experience local flavours Shanghai. It's residential area next little park. We got nice room also &quot;sun-room&quot; great relax chaise lounge action-packed day walking sight-seeing (or business).Breakfast included though choices may little limited - (yet sufficient) - us problem prefer go local options soy milk fried dough (You Tiao Mandarin) breakfast anyway - Chinese treat relive fond child memories.Everyone extremely friendly approachable, time efficient. We arrived long flight Chicago direct, little scheduled check-in time 3 pm. The room ready (which expect since relatively small operation less 40 rooms) treated tea/coffee lounge. The Guest Service Manager offered give us tour building rooms (so happy instead designated room would happy switch us). They beautiful rooms indeed, interior designers fantastic job restoring heritage listed art deco building.In end though, still prefer room assigned (for fact little triangular &quot;sun-room&quot;) - wait long really.I chosen fact advertised entirely non-smoking property (which course important one issues allergies). I stayed properties Asia before, times even requested non-smoking room (or non-smoking floor), room would still stink like ash-tray regardless class. So really big selling point people like me.At check-in, also discovered would provide mobile phone use (I even got Skype-in number diverted it) still connected even about, handy! There charge in-coming calls, think roaming charges save :)YES, I would love stay visit Shanghai future.",0.27031926406926404,0.5701190476190475,Sep 14 2009
4,4,"Step back time fantastic boutique Positioned near Hengshan Road station great little hotel. Only 40 rooms decorated Art Deco style, staff welcoming friendly. I problems TV immediately apologised upgraded bigger Art Deco Suite.Great place base explore wonderful French Concession 15 minutes subway get Bund Pudong.It recently opened done great job keeping character building. They still waiting cable channels installed overseas TV shows, that's hardly problem. There cafe downstairs get complimentary breakfast, see offered room service meals and/or drinks.Overall, thoroughly good, clean spacious hotel, I go back Shanghai I certainly stay again.",0.20365646258503403,0.569671201814059,Sep 5 2009
5,5,Excellent,1.0,1.0,Nov 25 2009
6,6,?????????????,0.0,0.0,Oct 29 2009
