,Unnamed: 0,Reviews,polarity,subject,Dates_extracted
0,0,"The Stall Golf Course rude main reason stay there. I going bullet experience:- location hour plus Shanghai downtown, one way shuttle, fees- Western restaurant location, western food good, wine selection limited.- Chinese restaurant location, Dynasty like cafeteria style (food so), Zen Den Herbal Restaurant food good staffs friendly, authentic dishes I enjoyed. The Chinese restaurants consolidated Zen Den. Korean restaurant tried.- Spa clean, staffs friendly. - Golf, I play I turned staff checking golf course.- The facilities ( go kart, archery, ping pong, pool) average most.- Craft studio closed,- From location hire car driver take Suzhou City, Hangzhou City, Zhouzhuang, Da Guan Yuan Garden, Zhujiajiao, Shesshan. Beware time travel takes longer estimate due weather traffic congestion. The destination, allow time estimated. The drivers friendly limited English skill. Make sure wear seat belt drive ifself experience.- The staffs limited speaking skill.B.Fu, California",0.17648384353741497,0.39484977324263043,Nov 24 2009
1,1,"Loved Sun Island My husband I traded Tahoe Time Share week Sun Island International Resort [-]. This located 45 minutes west Shanghai island River Mao. The resort occupies island includes 2 extremely nice golf courses, spa, several restaurants, horse riding ring, outdoor pool/slide area (closed fall/winter), Go-cart track many âactivityâ venues. Bicycle rental island within resort shuttles instantaneously appear door whenever want go one part resort another. Note though â activities seasonal want FULL experience (wave pools, etc) go summer.The resort very, nice, well kept, clean, wonderful place stay. The grounds gardens spectacular army gardeners keep so. We October 2008 National Day holidays. When arrived, resort (which generally frequented Chinese families), empty. On National Day weekend, full. Trading time-share particularly good, Interval International (the organization one trades timeshares through) provides âGuideâ takes care arrangements may need want. Our guide wonderful young woman named Elaine relied great deal arrange trips Shanghai, getting back airport, etc. We difficulty arranging things first website process rebuilt accessible English werenât sure get airport. We finally called resort arranged driver pick us PuDong airport (and hour half drive resort). Mr. Su airport arrived took us resort flat fee $335 RMB well. There seem number âbusinessâ meetings often restaurants business groups. However, never over-crowded always able get table. There several restaurants resort wide variety choices meals. There even âwesternâ restaurant incredible breakfast buffet served includes made-to-order omelets number Chinese western dishes. Restaurant also deliver lodging (we even one night). The accommodations great â 2 bedroom, 2 bath chalet type lodging. Many lodgings stand-alone. It sort âTudor Englandâ style it. Our unit 2 stories living room, kitchen, bath bedroom downstairs bath/bedroom upstairs. I canât say enough service, cleaning, maintenance, shuttle. It really well done reliable. The pictures website recent shows really looks including furnishings, etc.Getting Shanghai resort involved buying ticket shuttle scheduled go 9AM return 9PM costs 50RMB per person. If (or group) people going Shanghai, go/return time youâd like (minimum charge 3 people). We 3 days spent days wandering different sections Shanghai. It really convenient drive Shanghai city center 45 minutes (traffic included). Would recommend Sun Island? Absolutely. Especially golfer Spa fan.",0.23352040816326533,0.4681405895691611,Oct 24 2008
2,2,"Excellent We returned week Shanghai Sunisland Golf Club Resort. The resort excellent. When reach there, picked mini van book earliers. The drive Pudong Int'n Airport Sunisland 1hr 45 mins. We reach resort around 9.pm greeted Joyce, allocated us attend needs. The check took 15 mins. She bring us chalet chalet wonderful. The resort horse range, go-kart, spa, golf swimming pool. All pay order enjoy facilities. The weather Shanghai time ending spring. So, bit cooling. As resort located outskirt near Zhang Jia Jiou, air morning refreshing. Our resort full beautiful flowers trees. All chalet name according trees flowers grown around areas. The resort come 4 restaurants ie Korean restaurant, Chinese Restaurant, one allocate main lobby last one Szechuan Restaurant. The restaurant mostly Chinese Restaurant whereby food pretty good reasonable.As pool, I comments unable use closed opened 6/6/2008. As horse ride go-kart, sons love it. Both sons age 13 6.The place I stay near Zhang Jia Jiou surrounding area beautiful sight seeing place Mission Impossible Three filmed. The scenery beautiful. That place whereby bought lot paintings sourvenirs. A word advise, must bargain.The service provided excellent. There one time burner short circute ask room service within 10 mins technician came. Talking fast service.In resort, also provide shuttle bas drive destination inside resort. You need give room service call.Overall I would say good resort service excellent.The part far Shanghai town.",0.3038888888888888,0.6668402777777778,Jun 16 2008
3,3,Shanghai Sun Island int'l club est un excellent resort,1.0,1.0,Oct 13 2009
