,Unnamed: 0,Reviews,polarity,subject,Dates_extracted
0,0,"Be prepared pay air breath This exactly expect business rather uninspiring place Shanghai be: professional service, clean functional rooms, good international breakfast SPA.The issue I made (or try to) pay anything could: I checked tried upsell upgrade executive floor, I accept I discovered I pay I wanted bring guest lounge; next I went business center print documents wanted charge time I needed access email retrieve documents, fortunately bit reasoning attendant saved money; last least charged get sauna, I escape I really needed relax I never heard charge.",0.1511111111111111,0.3677777777777778,Nov 15 2009
1,1,"Very Good Hotel Food Lounge Below Average... First all, I would like say I used travelling Asia Pacific, especially Hilton Hotels. Actually, I Hilton Honor VIP Diamond. Therefore, I access lounge Hilton Hotels I stay. I also used staying Hilton Shanghai.This offers good service (all team customer focused friendly) well located, near Puxi district, underground line 2 (5 minute walk), well shopping malls, good restaurants bars. The gym also good tennis court, squash court small swimming pool ~15 meters (still little bit cold...). The SPA proposes good packages skilled staff wet area nice (hamman, jacuzzi, sauna). Still, women area sometimes noisy staff sometimes remind cleanliness customers... This supposed 5 star hotel, even wet area.As far food concerned, restaurants like Leonardo, People Water, Sichuan, Atrium la carte, good reasonable prices (i.e. compared 5 star hotels Shanghai). Still, overall quality buffet (lunch, dinner) decreased past 7~9 months (i.e. compared 5 star hotels Shanghai) seems target local customers anymore international ones: may cheap &quot;Shanghai style&quot; buffet..., lower price elsewhere but...On contrary, buffet breakfast still good. Large choice, good break, good pastries, good everything.The lounge (it offers wonderful view Shanghai new).This review comparison based experiences lounges Hilton Beijing (2 hotels), Hilton Seoul, Hilton Hanoi, Hilton Kuala Lumpur, Hilton Singapore quality level similar one another.Unfortunately, tea time evening snacks Hilton Shanghai average Hilton lounges.1) Tea Time:- Pastries (small tarts cakes) proposed limited amount. Once 25 cakes finished, stock renewed. Whatever time 3.30, 4.00 4.30 pm. Moreover, 25 cakes remain tea time, left table evening snacks...- There cut fruits- There chocolates.2) Evening snacks:- Wine: proposed wine Chinese. Otherwise, pay foreign wine. Even Hilton Beijing enjoy free Australian Chili wine...- Food: past 5 months, menu snacks changed all. The food remains same: pasta, beef, pizza, same... You never enjoy fish change.- There cut fruits.- There pastries.- There chocolates.Those weaknesses make great difference enjoy Hilton lounges Asia Pacific.To conclude with, good good service lounge needs improvements satisfaction customers.",0.2018805803571429,0.45780877976190476,Nov 14 2009
2,2,"Hilton high list... We enjoyed every part 3 night stay Hilton Shanghai. Although part group, great service received less own. Our room beautiful, housekeeping responsive little request, personnel went way helpful. The neighborhood lovely walk around, lots interesting local shops &amp; restaurants. The nearby park especially tranquil bustle city.",0.33381944444444445,0.5922222222222222,Nov 8 2009
3,3,"new China My husband &amp; I visited Shanghai, China Oct '09 astonished seeing future. Everything city, Hilton Hotel stayed, local stores shopped, amazing skyscrapers Pudong area, eye-opening experience. The people helpful &amp; friendly everywhere. I encourage tourists walk around beaten path get see world headed.",0.22227272727272726,0.3959090909090909,Nov 8 2009
4,4,"Good place stay - relaxing Been tight biz journey. Flew tue stated work next minute I landed. In evening got hotle discovered nice SPA kinds massage hot/cold tubs 2 kinds sauna. Great tired traveller. Good restourant, nice jazz club 39th floor. Rooms large. Rates quite good. Met several frequent travellers come 7-8 imes year, always hotel.",0.2779081632653061,0.48316326530612236,Nov 4 2009
5,5,Pleasant stay Very good service. We asked king bed reservation checked got twin beds. The staff extremely prompt moving us another room. Nice Samsung flat screen tv. Unfortunately Hilton pool renovation go Equatorial Hotel next door. We nice view room 17th floor. Buffet breakfast Atrium pretty good. Good selection western chinese food items. Can't comment location pre-arranged transportation tour.,0.2956410256410257,0.620897435897436,Oct 3 2009
6,6,"Just So So expensive restaurant! I chose Hilton location close pick point (shuttle bus offered Ningbo hotel). Well, room clean bit outdated. Following improve :1. Staff - cannot feel welcoming you, ask something replied short cold face2. Spa - massage fully booked room services provide3. Restaurant - I ordered Lobster Spagetti Italian Restaurant (remember get RMB100coupon complimentary water deduct checkout). It first time I experienced cook front spagetti I believe cook chef. If I find info menu, I take risk. In general, usually make crepe, beef tartar, soup fresh mix salad front customer! Well, waiter put lobster cook quite slowly keep stir &amp; stir almost 10mins! I cannot help ask lobster overcook! He replied waiting spagetti kitchen mix together! Hey! If want make cook show, well prepare ridicoulus! Finally, taste cannot compare cook real kitchen! If chef holiday, pls offer cost RMB280!!!Breaksfast - Not much choice special food provided like fig (not dried one) fresh all.Finally, bell boy make bit positive. It heavy rain I check out, helping take luggage bus station almost 10mins walk.P.S. Swimming pool renovation. If need swim, arrange use next door.",-0.0071497866377282105,0.48363259928477315,Sep 26 2009
7,7,"In need upgrade.... better service! Last time I stayed Deluxe Plus room, nice....This time I stayed normal Deluxe room. If toilet needs flushed 4 times empty - something seriously need upgraded,A disappointing 2nd visit 4 weeks,I also disappointed none bellboys made effort hail cabs, even though long queue taxi line see many empty taxis driving main road. Very disappointing.",-0.024475308641975318,0.4944753086419753,Sep 21 2009
8,8,"Very nice! A saviour time need. I travel living stay hotels 200 nights year. I've stayed manner hotels Hilton Shanghai rates way there. We took extended adult family China vacation. We booked another Shanghai terrible. We moved Hilton 1 night disgusting treated like royalty. The Jing'An area, heart Shanghai centrally located everything. The assistant manager James greeted us upon check-in assistant Carrie checked us in. They courteous efficient pampering started offered extend Hilton Honors Privileges entire group allowed us use Executive Level lounge. Our rooms lovely spotlessly clean bathrooms. The beds best China (known extra hard beds) welcome respite day sight seeing shopping. All staff doormen managers greeted us warmly day special thanks goes Patrick, manager Atrium Cafe fed family morning Diana, manager Executive Lounge, welcomed us evening helped us unwind complimentary cocktails appetizers. She personally saw needs. The Penthouse Bar 39 great atmosphere wonderful views city. The jazz act there, &quot;3's Company&quot;, wonderful service attentive. I cannot say enough good things helpful, friendly staff! The spa also nice even bit small well equiped fitness equipment relaxation areas.I one complaint - food hotel, delicious, expensive. Breakfast averages $25 per person I think much. The 20 years old I feel probably could use remodeling I hate end negative note I say wonderful five days Hilton Shanghai agreed would love stay soon.",0.26647086466165404,0.6174498746867166,Sep 21 2009
9,9,"Good best location turists The good excelent. The room acceptable large need. I sugest ask high floor view sorrundings worth it. Unfortunatelly center, turist wanting visit city need take taxi (the fare 8 USD). From perspective, Raddisson, Marriott Sofitel located exactly center. If I go back Shanghai, I stay one these.",0.1624285714285714,0.30185714285714293,Sep 16 2009
10,10,"Good experience price Had good promotion overall greatly satisfied service cleaniness hotel. Breakfast good many bread choices. SPA nice strange system: pay going sauna, pool.... In total good hotel, bit tired room wise great location service!",0.43461538461538457,0.6269230769230771,Sep 15 2009
11,11,"Acceptable unlikely visit We stayed Hilton Shanghai 23 24 July. Unfortunately late getting Hong Kong (due visas issues â make sure come Hong Kong plan return China multiple-entry visa), since room prepaid waiting us. We informed taxi charge airport around RMB 150 â charged RMB 220 (by meter) I suspect driver took long route around.The rooms average compared 5-star hotels stayed. The rooms look outdated, appears generally. The situated far action city, i.e. main river Shanghai far away. There separate shower, rather shower bath (and strangely enough separate shower head roof â watch chilly expecting it).The breakfast selection good.There excellent massage center around back (go outside hotel, turn left walk alley left â ask number 32 (this nu lady worked feet)).One thing I found unreasonable price using Internet business center. They charge exorbitant (and I would even say extortionate) amount RMB 4 per minute use Internet (compare RMB 5 per hour paid Shigatse). In supposed world-class hotel, ridiculous price charge guests â make lot reasonable, free. This final annoyance staying hotel.Other outdated room, location hotel, shower bath expensive business center, OK, though I suspect I stay somewhere else make back Shanghai.",-0.0342283950617284,0.4963271604938273,Sep 2 2009
12,12,Very good hotel-friendly service spacious rooms I stayed business trip August. The breakfast amongst one best/varied ones I ever experienced. You skip lunch round two big buffet. Because late night flight allowed occupy room 20:00 night additional cost-great service!On side inernet acces costs RMB 120/day. You'd expect 5 star offer complimentary internet service...It's conveniently located near underground station onward travel. Aircon worked fantastic-an absolute must August. Views penthouse bar 39th floor amazing night. For 70EUR I paid per night good value money. Will stay next business trips.,0.2637037037037037,0.5457407407407407,Aug 31 2009
13,13,"Hilton A #1 good customer The service best I ever received. The staff always kind friendly always point directions lending helping hand. The rooms clean, showers great water pressure, beds heavenly. If I come back Shanghai, I'll definitely stay here. Great food",0.5157407407407407,0.5555555555555556,Aug 18 2009
14,14,"Book confidence! Very nice place... [Perspective: I 7~8 10 picky guest scale]This fantastic job making feel comfortable, productive, &amp; interested surroundings 4-night stay. rIncluded photos room 2903. Was automatically upgraded pe Hilton Diamond status &amp; access highly recmnded Executive Lounge 38th floor - breakfast, afternoon tea, 'happy hour' drinks, &amp; light snacks could found. Lounge quite &amp; comfortable seating easy access power outlets. No kiddies 13 allowed ExcLnge. Open lounge/bar 39th floor equally nice full menu (ClubSndwch good) &amp; Tiger Beer tap. Great(!) 3-pce lounge band S.Africa plays - piano, upright bass, female voice. Lobby Lounge great meetings &amp; people watching. 700rooms lots people. 6 fast elevators, min waiting. Lobby resturant excellent breakfast options - equal Asian I've stayed. Something everyone critical meal! Excellent frothy coffee.. (must use FrenchPress great machine). Fresh squeezed OJ. Bacon could usually done bit - pick pces. Architecture lobby/resturant avant-garde inspiring neither 'drab'... Excellent staff - spoke English well. Never &quot;attitude&quot; any... Location bit isolated interesting parts city - taxis always ready-&amp;-waiting outside. Typically get anywhere within city $4~$10 USD (28~68 RMB). Just remember bring map/info card gives @ check-in Chinese/English communicate taxi drives rarely speak English. Room comfortable &amp; quiet. Very nice bed/duvet! High-speed wired &amp; wireless reliable. Several eng TV channels. Two comp waters per day. Good safe. Desk chair nice. A/C blows working - burrrr... bummer. I adjusted vanes duct blow = better. Bathroom contemporary, clean &amp; nice. Ceiling hand shower head option. Excellent water pressure &amp; temp stability. Enough room one/two people. I'd stay second.",0.3771568627450981,0.613529411764706,Jul 20 2009
15,15,"Good Value decent business I stayed business trip becuase excellent 'two one' offer available internet.The rooms standard size, good beds. My room seemed renovated recently &amp; everything worked well. The bath far shallow, shower poor.I used executive lounge meetings breakfast. No complaints, bit busier most. I always found seat.The real negative food lobby poor, done draft Tiger lager, undrinkable.In summary, good value top end buisness hotel, looking luxury, destination hotel, decent bath, would go elesewhere. The 'two one' offer made excellent value money.",0.2723529411764705,0.6272549019607844,Jul 15 2009
16,16,"Fabulous Stay Hilton Shanghai We considered Executive Customers entitled Executive Lounge free wifi, continental breakfast, afternoon, tea, evening cocktails. Our room also located Executive Floor. Everything single thing room, Lounge, service received Hotel fabulous. I inquired Sichuan Restaurant top floor within minutes, manager restaurant downstairs speaking directly food, assuring evening wanted dine would make certain would dishes available us would spicy taste. I highly recommend anyone!",0.2825396825396826,0.6028571428571429,Jul 14 2009
17,17,"A bit drab.... Stayed couple nights. Check efficient staff friendly shower work. Loved huge LCD TV living room. Room service fantastic, food came flowers, mint sweets, beautifully presented laid out. Bed nice comfy. Furniture old threadbare though. The wallpaper bit worn wooden furnture eg cabinets desperate need makeover...Took taxi airport took 1.5hours due traffic construction along highway - please note travellers. Normally would hour journey. I'd still recommend travellers cost much value get children, I would give miss.",0.2541666666666667,0.6270833333333333,Jun 21 2009
18,18,"'Precious' lounge rules. My family three recently stayed Shanghai Hilton stayed many, many Hiltons world, found Executive lounge pretentious 'Hilton-dom'. They archaic (by today's standards) dress code shorts sandals sportswear. One man came breakfast trousers sandals chastised asked go change. I think one appear bathrobe (as I saw Hilton lounge once) seems bent maintaining British standards bygone era, along matching stilted unfriendly attitudes. It different Beijing (Wanfujing) Hilton cannot enough you. The room average bathroom small dated. Definitely nothing special.",0.1326530612244898,0.4929591836734694,Jun 15 2009
19,19,Everything nice! This nice locating center Shanghai minutes walk subway. The room nice equiped big LCD TV. The breakfast 5-star quality.,0.27499999999999997,0.55,Jun 7 2009
20,20,"Great Location Location - Great, 5 mins walk MTR, easy locate get station.Check-in/out - typical Hilton styleRoom - Spacious little bit old style, doors wardrobe repair can't close completelySwimming Poor - great indoor one air outside good;Service - staff concierge r smart, tell exact taxi fare place i'm going to!!! wonderful!!! besides, r willing help making dinning reservation! made saved lot time checking places roaming charges~",0.2995881164965986,0.6125850340136054,Jun 1 2009
21,21,"A Hotel living past repotation reputation - An anachronism I stay 5 star hotels world always executive floor, I basis comparison. I found particularly poor terms customer service responsiveness needs. problem, General manager, Guy Hutchinson, available - someone hospitality industry, seems aversion dealing guests. The problems bears Hilton name, attracts guest must enjoy high occupancy rate therefore feel need improve. At one time posh Hotel little competition, old tired, even point staff executive lounge feel OK treat guests rudely. There son many new, modern beautiful hotels CShanghai - avoid one : :caveat emptor.&quot;",0.07725757575757575,0.502969696969697,May 30 2009
22,22,"Great stay! Stayed two-week business trip. Staff accomodating, ready help, constantly smiling. Excellent service lounge particular, I accessed daily colleague mine. Fares appeared reasonable, including food/wine. Fitness center well equipped; pool nice. As rooms, mine needed refurbishment met expectations terms overall size, comfort, cleanliness equipment. To sum up, good choice!",0.3860606060606061,0.49060606060606066,May 29 2009
23,23,"Great Hotel Great Service Great Executive Lounge Staff I thoroughly enjoyed recent stay Hilton Shanghai...Great looking lobby, great room (a remodeled room), fantastic service. I arrived later evening promptly assisted bellman taxi. I approached check-in desk, told I HHonors Diamond member, I'd upgraded Executive Floor room, go 38th floor check in. Upon arrival lounge, I offered beverage choice (I beer) efficiently checked in. The check-in guy apologized profusely actual room available executive floor, recently remodeled room 'good view' side 27th floor. Fine me, I still full Executive Lounge privileges (full breakfast AM, afternoon tea snacks, evening cocktails appetizers). The room good, nothing overly special, comfortable--great bed, fair bathroom great water pressure shower. 10 minutes check-in, knock door brought HUGE basket fruit (probably 20 small mangoes). I wanted nothing lounge, constantly offered refills, greeted name upon arrival time, free wifi internet access there.I ate one meal Atrium 'coffee shop'. I sandwich soup, food quality good, although service ran little slow. I venture near hotel--directly across street several pubs...I ventured one couple cold beers--a little pricey Shanghai, surely better bar. Be careful venturing near hotel...I propositioned 'massage' professional woman one evening, every night clever beggars shamelessly send young children pester money relentlessly. I hope I score good rate next time I'm Shanghai...It's great great service definitely lives 5-stars granted Chinese Tourism Bureau.",0.2946541950113379,0.5389229024943312,May 8 2009
24,24,"Disappointed 3.5 star service We 3 adults stayed 2 nights tour package. Although I saw lot Hilton fans, I disappointed 4 (not say 5) star service:1. More 1 month ago I wrote emails directly (and also later agent) reminding special requests including 3 separate beds, non-smoking. I received confirmation would arranged. Upon check-in, I realised I'd done useless. I asked whether I'd like smoking non-smoking room, I repeat special requests.2. The room given prepared 3 persons. The staff check-in told would come add bed. Until we'd wait room unreasonable length time chase call, one came add extra bed provide one set things including slippers, cups immediate use.3. The bell boy time tell taxi driver going I say (but boy asked us going beforehand).4. Front desk staff informative. A staff even gave wrong information lounges.5. At breakfast buffet, used plates always collected.Shanghai many famous 5 star hotels I don' think one recommended.",0.024175824175824177,0.5186813186813187,May 4 2009
25,25,"Still one... I stayed &quot;new&quot; 1994 coming back ever since.In many ways, improved upgraded along way. Demand renovated room, old rooms really old.This stay Executive floor RMB 1900/night. Excellent room, small bathroom (old dimensions) good b-fast top notch service.China sometimes overdoes 5-star &quot;everyone must served&quot; attitude...ask simple question get bombarded answers solutions run away think through. All I asked time breakfast buffet finished....Bar 39th floor still good needs serious make-over.I'll back!",0.22976190476190475,0.3820578231292517,May 4 2009
26,26,"This place stay Shanghai Being Hilton Honors member Hilton Shanghai first choice taking family visit family China. I read reviews trip advisor fairly confident choice. The stay far exceeded expectations had. The beautiful, convenient service top notch! I felt comfortable teenagers use services well walking around neighborhood. If one issue would gift shop. Should need personal item (which case) hard communicate language barrier needed. It would nice walk gift shop pick item! The executive floor services offer 3 servings per day. Aside coffee (sorry Starbucks) everything fresh good. The location excellent shopping dining. Nothing seemed take 15 minutes except course airport! Don't think twice. If budget stay Hilton!",0.41389880952380953,0.7348809523809523,Apr 23 2009
27,27,"elegant comfortable Very elegant 5* best location. Service excellent. Wellness great (SPA, Sauna, hot tube). The pool little ambient. Roof bar offers great view great cocktails.",0.555681818181818,0.7,Apr 9 2009
28,28,"Hilton name still good I stayed two nights 1/Apr 2/Apr/09, room furnitures bath room bit old outdate still clean. At lease TV 40 inch LCD., Also, I enjoy indoor swimming pool sauna room gym facility. The opening hours from7:00am till 11:00pm long opening hours, suitable Business Leisure customers use facility different hours. The breakfast good, different kind foods Chinese European. I enjoy staying hoteland prices reasonable. Also, short walking distance (about 5 mins)from underground hotel. I use next time.",0.24333333333333335,0.5082352941176471,Apr 5 2009
29,29,"Renovated rooms nice I stayed several times last years. If get one renovated rooms, get updated furnishings bedroom, (flat screen TV nice work desk etc) older rooms dated furniture questionable electrical cord/outlets. Bathroom could use renovation well. There seems price difference, I would ask renovated room even room size smaller. Most time, there's line front desk check-in/check-out, I recommend giving extra time check-out morning. The nice fitness room state art equipment. If mood going dinner, I'd recommend extra time waiting line taxi evening well.",0.15154761904761904,0.4375,Mar 24 2009
30,30,"pleasing choice stayed Feb 09 sale rate available website, excellent value, think basic room category quite pleased state room, clean comfortable nice view french concession townhouses.had absolutely problems check services. busy anonymous like take many services, depends style. breakfast lobby good, nice atmosphere good range. however taste shanghai water rather heavily chemicalised, hotels fault though.people talked location far bund peoples square main drag, well, shanghai huge city guess depends areas want visit whether location problem. found location good exploring western side city, jingan temple nearby, french concession area doorfront, subway far away easy get areas. also right next overhead expressway easy get out.gym facilities good, heaps cardio machines 6-7 life fitness machines, fitness classes available too. indoor pool lovely, also good size. jacuzzi, sauna steam clean, attractive well run. sum, great choice, would definitely go back.",0.3396589446589447,0.576866151866152,Mar 1 2009
31,31,"Upscale Inconvenient Impressive service, style, rooms Hilton, though friendly first-time visitor looking explore city foot &amp; metro. Location five minute walk closest subway station, difficult one luggage due pedestrian overpasses without working escalators. Highlight &quot;The Penthouse&quot; bar 38th floor, relaxing, friendly place wrap busy days.",0.015109890109890115,0.6513736263736264,Feb 22 2009
32,32,"Not Hilton Standards Upon arrival charged additional amount full board booked line, due increase. The price expensive quality food offered.The weather turning cool heat full blast. If turned thermostat AC, heat came instead. We complained front desk said &quot;heat time&quot; could changed. Tempature night 80 degrees.",0.020833333333333325,0.5041666666666668,Dec 19 2008
33,33,Great Staff Executive Lounge We recently stayed Shanghai Hilton. We town business meetings location fairly convenient husbands meetings.We loved Executive Lounge. They attentive great breakfast mornings. I think 3rd day staff Executive Lounge knew I always Diet Coke around 11am I would walk ask &quot;diet coke?&quot;. Very nice attentive.The lobby always active lots people meeting chatting. Great vibe. Lobby bar good place end day.The probably like 5 6 restaurants. I lunch least Atirum restaurant. They menu lunch buffet lunch.The location good room usual amenities.Bottom line: Good great atmosphere attentive friendly staff.We would stay again.,0.4539814814814815,0.6488888888888888,Nov 18 2008
34,34,"Consistently high quality Stayed property many times before.This time I managed get brand-new (at least that's smelled) business room executive floor. Two short nights unfortunately allow visit executive lounge.Extremely functional nice room, loved bed bathroom also nicely decorated.Enjoyed breakfast downstairs Lobby level; great choice (nice German choice). Incredibly efficient.All all, convenient great location. Not far old Shanghai airport 45 60 minutes drive Pudong Airport.An extremely well oiled machinery; super staff, well done!",0.3184259259259259,0.6725925925925925,Nov 16 2008
35,35,"Good! Stayed 3 nights Saturday - Tuesday - business trip. Nice room - nice staff lobby area, helpful friendly - one best I've experienced.Only thing I complain one breakfast, breakfast area little busy - attention standard. Had ask hunt waiters coffee. The 2 days alright.",0.32494949494949493,0.483080808080808,Sep 24 2008
36,36,"A bit business orientated bad Not bad hotel, good foyer though nothing spectacular, quite good area close French quarter quite good getting about.. The rooms bad,, smallish European Chinese hotels ample supplies everything need. Overall adequate average. Okay value money. I stayed twice felt worth another go. There better hotels Shanghai, money pretty average get well looked after. Would go again. Yes would always feel fine memorable.",0.2976190476190476,0.45396825396825397,Aug 29 2008
37,37,"Great Value I've stayed LOT hotels China one best values money. It's Ritz, Four Seasons 5 star international hotels. But clean nice, bed comfortable, room service fast good, gym spa excellent service impeccable. They went way, doormen, housekeepers room service stewards, friendly helpful. I'll definitely stay again.The negative Internet connection slow TV one older smaller tube versions. But small relative positives.",0.2691666666666667,0.5454166666666668,Aug 11 2008
38,38,"Very good getting better This second time I stayed centrally located, business oriented hotel. The level service remains high obviously aspiring maintain high level service major remodeling 7 floors.Although business oriented hotel, I recommend families tourists (solo group) because, former case (at time writing), breakfast free kids 18, latter case well run well located. It close Jing temple subway, Shanghai's two major airports--though closer Hongqiao Pudong airport, walking distance several atttractions/major streets (it 15 minutes Huai Hai Lu 30-45 minutes best part Huai Hai Lu).If business traveler, absolutely work Hilton Honors points member sufficient status, may chance upgrade Executive floor well take advantage wonderful Executive Lounge (which offers breakfast, cocktail hour, nice amenities). Of course, always pay stay Executive Floor, cheap.Given aforementioned remodeling/reconstruction, check carefully location room may affect noise levels.As many places Shanghai, construction environs hotel. So far eliminated cheap restaurants/small shops area take advantage options can.Unless prices change dramaticaly, I would definitely stay next time I Shanghai.HINT: Do ask view East may able see Jin Mao International Financial Centers (two Shanghai's tallest buildings) Pearl TV tower.",0.21138709677419354,0.44022580645161286,Aug 3 2008
39,39,"Stay baby Nice hotel, line Hilton standards. The location close interesting places Shanghai, like Bund, People Square (and museums), Pudong, Yu Gardens. Around much places dinner, Xintiandi 10 minutes taxi. I travelled baby staff helped everything (babycot highchair room, example). Breakfast dinner good choice dishes.",0.5,0.56,Jul 21 2008
40,40,"Wonderful great location First trip Shanghai. We loved property staff attitudes large, airy lobby restaurants comfortable rooms. It away downtown mob Pudong construction, close many restaurants French Concession, half-block away metro. When space available, upgraded executive floors first-rate club lounge. Before that, comped nice breakfast downstairs lobby. Very attractive property great workout facilities. When eating local restaurants, enjoyed upstairs Sichuan restaurant much.The Jing'an Temple metro stop (Line 2) across freeway, five minute walk elevated walkway get across main street. The metro far convenient many destinations cab made trips People's Square, East Nanjing Road, Pudong fast reliable. Escalators (almost always working) made short trip metro even easier. With lots luggage, cheap 11 yuan taxi ride gets to/from hotel.Since French Concession, many good restaurants within walking distance short taxi ride. Plus, lots trees, nice parks, crush high-rise buildings.",0.4196649029982363,0.5698236331569665,Jul 9 2008
41,41,Great Stay Great stay well organised excellent facilities.View service 39th floor bar impressive.The best I stayed Shanghai Can thoroughly recommend.The food good well.Visitor New Zealand,0.7393939393939394,0.6424242424242425,Jul 8 2008
42,42,"Wow! What GREAT place! This 5th trip Shanghai, first time Shanghai Hilton. To start with, one Assistant Managers met curb, name, escorted private desk promptly checked hotel. This typical customer service hotel. Every employee greats simple hello even nod head, always questions, directions, etc. I upgraded &quot;executive&quot; floor offered free drinks heavy snacks evening, I believe 6 8. The lounge located one higher floors (26 I think great view city. They also offer full breakfast included &quot;upgrade&quot;. Again, staff executive lounge great!!I ate first night buffet good reasonably priced. There several restauraunts bars hotel. I recommend Penthouse bar, amazing view city!As location, appears lots around hotel, althought I really get wander around much. As parts city, I felt safe getting walking around, little crime &quot;feels'&quot; much like western city.The room iteself comfortable looked new. I would highly recommend anyone traveling Shanghai.",0.2552878787878789,0.5203341991341991,Jun 3 2008
43,43,"Great - would stay Stayed two nights business. Very nice room, nice breakfast good atmosphere restaurant, nice bakery, etc. Will stay next time I visit Shanghai, question.",0.58,0.725,May 1 2008
44,44,"Treated like King - Huge Executive Lounge I stayed 3 nights, since I HH Gold directed executive lounge upon check in. This lounge opened late January impressive. It Huge, wraps around entire east south side. Many plasma tv tasteful Chinese decoration. Since someone else checked in, I invited sit one many sofas enjoy welcome cocktail. Staff extremely friendly, best English speaking staff I China. Remembered name throughout 3 days. Was given executive floor upgrade, full access lounge breakfast, afternoon hot cold snacks, plenty enough dinner. Free internet. Free drinks 5-7, I tried first time Chinese wine impressed, I fan wine. Room spacious, amenities Hilton, welcome fruit, flowers chocolates nice bamboo box. Large plasma tv. One day exhausted walking entire day, used spa, nice. Had relaxing rooms, steam, sauna, hot tubs, etc. Large indoor pool. Offers spinning, yoga, free weights. Very nice spa.The location west side city, distant want stick Bund Pudong, quick cab ride away, quicker metro. I got airport taking Maglev, transferring metro line 2. You get jing temple, walk south one block towards park elevated highway, take pedestrian overpass non functioning escalators hugr nuisance Hilton right hand side. Easy get around subway. It west end French concession area, 10-15 minute walk central area French concession area Huaihai road. Overall excellent service, best executive lounge I date. Only con would location want Nanjing road, Bund Pudong, personally would willing give service amenities location rate I paying.",0.29596588990206013,0.5723066531577171,Apr 1 2008
45,45,"As Nice It Gets The Hilton brand offers hotels questionable luxury locaton rivals The Four Seasons which, me, best.The room decor service impecable. Standard rooms come flat screen television comfortable comtemporary furniture. The suite large large tv's master suites control panel bedside.The American breakfasts sumptous. The service excellent.Even doorman take special care direct taxi driver tthe exact location wish wish travel.",0.1525595238095238,0.43363095238095234,Feb 2 2008
46,46,"Good location I stayed 3 nights early Dec 2007 Hilton. It located near French Concession area. As expected business hotel, clean efficient. The staff courteous, helpful spoke English.",0.22083333333333333,0.42500000000000004,Jan 22 2008
47,47,"Not bad reviews I little apprehensive booking Shanghai Hilton reading reviews stay pretty nice. I booked two Pointstretcher Award rooms six nights Christmas. I arranged airport pickup PVG transported comfortably minivan. We met arrival Assistant Manager escorted VIP check-in area. We upgraded adjoining rooms Executive Floor refurbished rooms Plasma TVs comfortable beds. The bathroom little small side modern marble countertops. The shower bathtub hand shower overhead showerhead. The shower curtain, however, good job always puddle floor shower. My complaint enough drawers clothes. Other minor inconveniences, room nice. The room attendants excellent rooms always made cleaned time finished breakfast every morning. We comped breakfast Executive Lounge 39th Floor food selection adequate although Dim Sum usually far hot. There also eggs cooked order. The location good within walking distance shops Huaihai Road Xintiandi although I would advise taking inexpensive taxi ride. The staff helpful courteous. The major complaint I buffet cafe ground floor. It was, far, worst buffet I ever major Asia. They themed nights buffet ate Sunday night International night. The selections scarce quality food poor. Whatever I served carving station qualified meat sushi fresh. Anyway, real complaint I hesitate stay again.",0.10456140350877191,0.6305263157894737,Jan 5 2008
48,48,"Expensive This one expensive hotels I've stayed China. Although service excellent rooms pretty worn comparable standard costing lot less. The food poor plus even get charged breakfast. Its unpleasent anything, tired extremely expensive.",-0.07166666666666667,0.5966666666666667,Jan 3 2008
49,49,"Overall nice stay. My stay November 27 28, 2007.Having Shanghai several times, I've always liked French Concession. Last time (September) I stayed Westin Bund. While nice enough, felt nickeled dimeed death charges things like bottled water, restaurant snack, etcetera, exorbitant. And, many staff nice enough, several seemed bit arrogant terms attitude.The Hilton French Concession. It's nice place walk meander yet convenient much Shanghai. The greeting received warm welcoming sent Hilton Honors desk check in. We helped extremely professional woman named Willa indicated rooms upgraded. Upon arriving rooms, found box chocolates, basket fruit bottled water welcome us.The rooms stayed neat, clean, fine condition although years old terms decor. Despite that, complaints. We also noticed renovations/modifications way. The beds nicely appointed comfortable--that counts lot!Complimentary breakfast served 39th floor (they renovating one usual breakfast locations. Selection reasonable, although one morning staff slow replenish food chafing dishes.I needed use business center posters color copying. There language challenges (I yet find Chinese aren't!) staff eager please.The cafe lobby offers great menu selection choices please traveler part world. They also themed nights restaurant. We took guests dinner buffet happy food selection.All all, stay great. It feel friendliness smaller property amenities service better managed Hilton properties offer. I'd highly recommend return again.",0.25873873873873876,0.4447747747747747,Dec 25 2007
50,50,"Getting little tired still nice Very nice, efficient, anonymous business hotel. The food quality fantastic. Room looking bit tired could use renovating - example, peeling paper bathroom mold behind... Very good service top hotels China.",0.23024999999999998,0.7280000000000001,Dec 10 2007
51,51,"Very good service Because I generally stay Hiltons I (I'm Diamond, top-level member), I read Trip Advisor reviews booking (or staying) hotel. The reviews seem really mixed, staying property, I understand (though I believe, average, pretty good hotel). The staff exceptionally helpful courteous, newly redecorated rooms attractive comfortable (though I believe furnishings, etc., highest quality). All restaurant meals room service, perfectly fine beautifully served. I thought location fine, well, good (inexpensive) taxis readily available metro station relatively nearby (I walked 10-15 minutes location I conducting business). In all, I thought bit pricey, service good, room fine (it interesting see business floor lounge, eventually reopens). One odd thing still bothers me, however -- maybe simply inexperience traveling extremely humid climates. On day I checked (after stayed several days), I surprised see cockroach walking around telephone. I know roaches appear time time, I recall seeing one long time, I've never seen one Hilton. I realize reporting here, I may discourage future guest staying hotel. To clear, I stay -- without hesitation. However, I find bit odd. In (other little &quot;room mate&quot;) , fine hotel, I would encourage anyone consider staying location price appropriate needs.",0.2792312834224599,0.5601476954418131,Nov 30 2007
52,52,"Much improved great stay My agent booked Hilton one night, despite negative reviews I decided stay way Shanghai. I pleasantly surprised experience. The room freshly remodeled modern style staff consistently friendly helpful. Room service food good, view top-floor lounge nice.",0.3372222222222222,0.5822222222222222,Nov 8 2007
53,53,"High Standards Hilton Spent three nights Shanghai Hilton business.This towering skyscraper hotel, reasonably well placed business sprawling city.As previous posts indicated, look little dated, bedrooms could possibly benefit update. That said, nevertheless international high quality, amenities could wish business stay.The bedroom comfortable, little old fashioned. The bathroom good indeed, huge bath marble fittings.The conference facilities good indeed. There wifi public areas, unfortunately free. There number restaurants, Chinese western, high quality. There pleasant bar top hotel, spectacular views city. Lounge areas ground flood comfortable, regular live musical entertainment good artists.Staff throughout delightful anxious please.This good international standard. It deservedly five star, despite need updating.",0.235719696969697,0.5099038461538461,Oct 29 2007
54,54,"Quality gone Seems quality slipping. I stayed newly renovated executive floor room. I upgraded free. Ok, nice, I wish left &quot;regular&quot; room. These new rooms poorly planned badly maintained. Outlets sparce inconvenient locations. No outlets near bedstands, example. No ironing board iron room. Maybe think people staying rooms never iron clothes flight. I do. So, I call iron ironing board brought up. What mess! Very poor quality board, low, iron leaked. Ok. What could happen next. Well next desk lamp, special plug special outlet. It special, stay plugged securely, lamp flickers whenever I move chair. The lamp stay adjusted illuminate entire desk, one maintains adjustment. So, sadly droops side illuminates inside section large glass (yes glass!) desk...The bathroom modern &quot;artsy&quot; decor, barely functional. There separate shower stall. For room costs much (2150 RMB, company's special rate), one would think might that. I think I must spoiled staying Shangri-La Pudong (same price, much nicer room bathroom, AND everything works!).Well, I stayed Hilton least 3 4 times per year past 4 years. I never seen room like particular Hilton property. Oh well...this first night. Perhaps get better later week.",0.066257215007215,0.4402864552864552,Oct 29 2007
55,55,"Very good The Hilton Shanghai well located, rooms everything would expect Hilton. I booked standard King thought good room, high quality bed bedding, nice bathroom. Staff great. Laundry business center ridiculously overpriced, that, complaints all.",0.3135185185185185,0.5916666666666667,Oct 13 2007
56,56,"Great want massage room I stayed three nights. On first night I walk elevator, joined, nowhere girl press floor buttons. Weird. On final night, thing, another girl except time &quot;hi.... Like massage?... nice...: I said thanks persisted following room, I shut door face.Otherwise place shabby tired, needs visit wrecking ball.",0.09222222222222222,0.5787037037037037,Sep 23 2007
57,57,"Stay away least Currently staying I strongly advise stay elsewhere. I stayed many premium hotels city chose Hilton time see like. Being Gold VIP member I made online reservation including airport transfer reconfirmed another email directly hotel. The greeter arrivals airport reservation helpful all. Even I called I got uninterested advise take taxi.Arrival pretty crammed affair, nothing nice although valet present. The lobby nice enough check-in behind counter looks old worn. Reservation details wrong, hard understand made electronically. Service friendly even telling Executive Lounge closed renovations.My &quot;Deluxe&quot; room 2121 anything deluxe simply bad. Already musty smell I entered room interior simply unacceptable price one stay 10 premium hotels less get MUCH better product. It seriously much better Motel 6. On positive side clean bed comfortable it. Cheap tacky decor well worn replaced years ago. As I writing scratched desk I looking wheel base bed listening construction noise annoying whistling sounds bay window. I called change rooms apparently possible exception suites. Rather paying extra 2-3 start I try check early find better place.Hilton Shanghai? Defnitely me!",0.04356254856254856,0.5364341214341215,Aug 19 2007
58,58,"Exemplary good service The amount brown marble Hilton lobby gives vaguely dated impression, offset quality rooms, convenient location service.The reason I writing review related service. The concierge Shanghai exceptional. I number requests staff English speaking exceptionally helpful. In country sometimes difficult make understood (even rudimetary grasp Mandarin) makes difference. If I return Shanghai I would stay again.",0.19166666666666665,0.625,Aug 13 2007
59,59,"A good option different kinds travelers I selected primarily Hilton hotel. This 3rd I utilized Shanghai (one expensive another cheaper) I would rank quite good.The largely feel features business hotel. It priced accordingly terms cost items bar, restaurants, business services, room rates, on. The Western, I guess surprising given Hilton hotel.The good business services office. I used Internet printing services, though, noted, services expensive. The staff also professional conversed easily English. I used concierge staff make train reservations quite helpful. The housekeeper excellent job keeping room good shape observing living patterns (e.g., regularly refilled hot water pot since I using it). On related note, I raised issues manager I quickly got response even visit management upon departure.The far subway well served taxis. Across hotel, number restaurants bars. Some restaurants English language menus Western style breakfast options. If speak Mandarin, I would encourage voyage restaurants 2-3 block radius hotel. There 1 historical site note near well 1 large shopping complex.My room, 14th floor, offered decent view. It spacious well equipped. My complaint room desk/chair set appropriate lot computer work. I told going remodel rooms.While I primarily recommend business travelers, I think good tourists others needing versatile well run hotel.",0.12870535714285714,0.47064789377289373,Aug 12 2007
60,60,"Nice place Shanghai Hilton Shanghai comfortable place stay 1 night double room I've paid 1300 rmb.When arrive Pudong Airport easily go one hoteldesks, Chinese selling rooms almost every hotel.Its certainly worth asking several desks ( price vary ! ).When made choice one desks staff show several hotels. As foreigner pick wellknown like Hilton, Howard Johnsson, Okura etc.The staff offer price, go negotiate save least 300 rmb! And sometimes free taxi Hotel.Ok, let's get back Hilton;Check-in goes fast altough lots guests, porters assist times luggage.The rooms large big windows nice views.Rooms equipt Wifi, 2 large chairs, 2 telephones, minibar en good clean bathroom ammenities. The beds large sleep soft!The room equipt good guestdirectory wich offers information Hotel Shanghai's hotspots.A plus variety people staying Hilton, Shanghai hotel's staying businessman.Overhere students, tourists, businessman Chinese contact example bar easily made!The restaurants nice provide good healthy food, also roomservice menu large offers good choices like;Jetlagmenus, American Cuisine, French Cuisine etc.Lots taxis front one big plus; everyone citizen know's Hilton! So cant get lost.Overall; good value money, nice clean save place stay, relatively nearby big Shanghai Hotspots!",0.2682142857142857,0.4331829573934837,Jul 16 2007
61,61,"Stay iin Shang time stay old Astor Hotel trips Shang - 4 year, flight d/x'd Hilton came though quickly get room - great room, great staff. If know Shanghia, go safe, solid place stay",0.4222222222222222,0.46666666666666673,Jun 30 2007
62,62,"Incredible Service The service outstanding, concierge service incredible. They helpful, recommendations always great, directions taxis always spot (important taxi drivers speak English). The rooms like typical Hilton rooms. Nice, nothing incredible creatively decorated. The room comfortable clean. Room service great. It actually cheaper order breakfast room service vs eating buffet. Go figure. Room service, minibar internet service made easy place get work done road. The workout room really nice. Lots cardio equipment weight machines. The Bund, still really easy get there. Just cheap taxi ride away. The Hilton location little easier business, deal Bund congestion. Next time I'll probably stay Bund see I might missing. Overall though I happy hotel.",0.4041319444444445,0.6496527777777777,Jun 24 2007
63,63,"Ok rooms could face lift Stayed 8 night 5th May. The located 5 minute walk subway line 2 stop &quot;Jing temple&quot;. From 3 stops main shopping area Nanjing road (or 2 stops, want upmarket shopping, fakes 580 Najing Road W short taxi ride)From Pudong, taxi takes 50-60minutes (non peak hour) cost Rmb150.Hotel ok, I stayed Hiltons better.Positives: good location, generally friendly staff, large bed, great bathroom amenities (from Crabtree &amp; Evelyn).Negatives: Aside Saturday morning, I queue every day breakfast. though went reasonably fast, It still takes good 5-10 minutes seated. Rooms mentioned bit dated, TV old work well, bathroom small, hairdryer old style neighbours speak loud / tv loud, hear room.With said above, negatives minor, I would stay due location fact I walk companies office avoid nightmare peak hour traffic jams.",0.2174185463659147,0.43615288220551374,May 14 2007
64,64,"Good Value Labor Day Holiday My third stay hotel. The entire little bit dated butwell maintained. Room clean good service.Breakfast chaotic many people (breakfast till 10:30AM). Waited 10 minutes table 3rd day. But waiters/waitress, captains, managers trying best. Reason many people staying Hilton special price RMB678 (each day) abt US$87 local Chinese including breakfast two Labor Day Golden Week Holiday. My price US$295 per person including Dragon Air Hong Kong Shanghai return 3 nights Hilton(on twin share basis) daily breakfast. So good deal",0.3216443452380952,0.3860267857142857,May 8 2007
65,65,"Historic Hilton If looking bit history may place you. Friends Shanghai tell one first five star hotels Shanghai looks like much changed since originally built. The rooms dated, bathrooms pokey walls paper thin- able hear conversations TV next door (without glass wall) disturbed sleep. For supposed 5 star , approx. US$230 per night, expected more.In favour good location top floor bar fantastic. If looking 5 star Shanghai I would first look Shangri La Hyatt.",0.19791666666666666,0.4576388888888889,Mar 11 2007
66,66,"Great Hotel Great hotel, nice big spacious rooms, clean. Staff friendly bar top fantastic view serves great drinks. Definately reccomend it, also really close markets shopping!",0.5114166666666666,0.651,Mar 8 2007
67,67,"Great Hotel Great hotel, great location...I stayed past 6 years love coming back. The staff friendly helpful, nothing much trouble them.Rooms okay could upgrading overall cleanliness standard fantastic. Food main atrium restauant superb although bit expensive definately worth experience. Stay confidence !!",0.297671568627451,0.4490196078431372,Feb 26 2007
68,68,"Fantastic Hilton! My partner I stayed Hilton Shanghai early November 2006 thoroughly enjoyed ourselves.We come Shanghai Hong Kong stayed Conrad, awesome, Hilton lot live to, did. As anniversary, I arranged bouquet flowers room upon arrival. When checked in, lady came rushing us guest relations explaining flowers room presented complimentary breakfast vouchers ones spa, too.The room spacious, lovely corner window looked rooftops local neighborhood. The bouquet sweetest smelling flowers room even thrown petals bedspread lovely. The bathroom clean spacious, too. The best bit however spa. Located 4th floor, go there. There's quite good gym lots modern equipment, good pool fantastic sauna/jacuzzi/steam room set up, seemed use quite bit; walked streets Shanghai days, need good foot soak. We also booked spa special massage involved quite hefty massage facial. Lovely.The exec floor lounge good too. Every evening 5-8 invited go drinks snacks nothing much trouble staff. The comment I would make small lounge therefore get full quickly, mostly American business guys, get quite loud. ;o)Every morning breakfast lobby area, kind weird begin quaint nonetheless. Service impeccable, counted lot.In all, great visiting Shanghai. We vacation, always, local things, walked subway (Jiang Temple - around 5 mins walk) got taxi Maglev back Pudong airport. It added experience, fantastic one all.",0.33250481000481,0.550734126984127,Dec 1 2006
69,69,"Awesome Hilton Recently, partner I great pleasure staying Shanghai Hilton.Upon arrival airport, comfortable clean car awaiting us courteous driver,who although spoke limited English helpful .Upon arrival shown large room great view 29th floor. The bathroom clean found bootle champagne abowl fruit chocolates awaiting us.The room-service staff extremely courteous Bar staff Housekeeping personnel. The Penthouse Bar became regular final drinks stop.The Restaurant , also top floor excellent food sumptuous.Breakfast The Atrium excellent first day, staff remembered liked tea coffe brought straight away. The concierge food beveridge staff extremely helpful names places eat drink plus great pieces advice way places see.Having stayed sveral Hilton Hotels, would rate one best.",0.4100457875457875,0.6208340377571149,Nov 27 2006
70,70,"Loved Hilton My husband &amp; I stayed Hilton Shanghai 3 days Sept 10-12th. We HH Gold, given executive floor room 35th floor fabulous view Bund. It anniversary staff wine, fruit &amp; chocolates waiting us.We found room larger expected (we expecting tiny room find major cities). The maid service outstanding. Our room always cleaned 30 min hanging sign door handle.We used gym spa, found better adequate. Steam room/jaccuzzi amazing 15 hour flight! Our breakfast executive floor wonderful. Service outstanding food excellent. I say enough great things executive staff! I realize breakfast buffett Atrium area highly priced...but all, especially big cities?? I'm sure concierage offer great b-fast suggestions - doubt least 4 Starbucks w/in walking distance.The highlight trip concierage. He helpful us, every way imaginable. He wrote taxi destinations us least 3x day, great making suggestions tours dinners. Truly outstanding service.Just note: speaking one executive floor staff members, mentioned rooms going re-done next year. For less impressive rooms ours, appears change, soon!One thing caught attention - ever asked directions, staff members told us take taxi - things walkable. We found odd, b/c walked many destinations (Temple, People's Square area, etc). We felt either people long walks China OR staff afraid we'd get lost.... advice..find map start exploring!!Try Massage Parlor around corner ($7 USD full hour massage!). We also LOVED M Bund, International Pearl Market, Yu Garden, &amp; 1221 Restaurant.All all, wonderful Hilton met expectations Hilton standards. Great location great city. We would stay again.",0.3390512820512821,0.5992535612535611,Sep 14 2006
71,71,Disappointing. Neglected rooms longer worthy Hilton name.,-0.13333333333333333,0.85,Sep 9 2006
72,72,Great great location,0.8,0.75,Jun 22 2006
73,73,Highly Recommend Shanghai Hilton,0.16,0.5399999999999999,Apr 17 2006
74,74,Hilton Shanghai - Hilton standard,0.0,0.0,Mar 14 2006
75,75,Quite comfortable GREAT location,0.6000000000000001,0.775,Mar 7 2006
76,76,OK,0.5,0.5,Dec 16 2005
77,77,Great Service Shanghai Hilton,0.8,0.75,Nov 23 2005
78,78,Great service Hilton,0.8,0.75,Jul 7 2005
79,79,???????????,0.0,0.0,Nov 8 2009
80,80,???????????????,0.0,0.0,Oct 27 2009
81,81,??????????,0.0,0.0,Oct 8 2009
82,82,Excellent Hotel d'affaires,1.0,1.0,Sep 6 2009
83,83,????????????????????????,0.0,0.0,Sep 3 2009
84,84,??????,0.0,0.0,Aug 17 2009
85,85,??????????????,0.0,0.0,Aug 12 2009
86,86,hoch modern und faszinierend,0.2,0.3,Apr 16 2009
87,87,???????????????,0.0,0.0,Mar 26 2009
88,88,?????????,0.0,0.0,Mar 12 2009
89,89,??????,0.0,0.0,Feb 14 2009
90,90,????????(??),0.0,0.0,Feb 12 2009
91,91,?????????,0.0,0.0,Sep 25 2008
92,92,MitigÃ©,0.0,0.0,Jul 28 2008
93,93,Hilton Shanghai,0.0,0.0,Jul 1 2008
94,94,No esta mal,0.0,0.0,Nov 7 2007
95,95,gute lage - guter service - nix zu meckern!,0.0,0.0,Aug 6 2007
