,Unnamed: 0,Reviews,polarity,subject,Dates_extracted
0,0,The bed good also clublounge service The title say's better average I normally experience. staff helpfull friendly. Stayed one night. Stayed hotels Shanghai (company)-rate state last stay here. I took clublounge upgrade reason price seperate additional internet + breakfast + lounge-promotion-stuff. The building clearly older architecture style Hotel-building. There separate shower (in bathtub curtain) room spacy. Location good starting travel west Suzhou evening stuff Puxi.,0.23154761904761903,0.37023809523809526,0.37023809523809526
1,1,"VEry Nice Hotel Stayed 2 nights Renaissance middle Shanghai business district Sep 2007.The location fantastic rooms great. The staff service also good.They tool care well considering first trip Shaighai.Breakfast buffet spread huge tasty well.The rooms bright clean. The gym facility fully functional useful good stock towels water.We orderd pizza room service wanted something quick surprise tasted delicious, ended ordering same.",0.4486666666666667,0.5605555555555556,Jun 11 2009
2,2,"Speedways Progress! I moved Renaissance Yangtze Hotel across Business Associates' Offices. Breakfast included price &amp; quite expensive, though good. The view Speedways speeding traffic something. Showed China about. The foot massage lady great. She also comes Room want.Rooms really nice staff good. Seems like Management good training staff.",0.535,0.7383333333333333,May 13 2009
3,3,"Exhibition centre Some hotels near exhibition centres &quot;well used&quot; &quot;jaded&quot;, one.The Renaissance offers sumptuous beds quiet rooms. Everywhere perfectly clean well maintained. The restaurants well serviced staff friendly helpful. After long, tiring days nearby exhibition centre, treat savour.If thinking shopping one nearby shopping malls, make sure large limit credit card. The goods may carry well known European Japanese brand name, also carry high price tag. Curiously, hotel's shop attractive souvenirs offer, readily accept principle bargaining. Just prepared spend time reach final price!",0.21258068783068784,0.5390440917107584,Apr 27 2009
4,4,"Comfortable City Hotel I stayed one week business, managed couple personal days sightseeing.Checkin mid-day fast pleasant: I took club upgrade, entitles breakfast, 'happy hour' free drinks nibbles evening, penthouse amongst perks. Refreshments lobby rather expensive, even 4/5 star hotel. My room well appointed kingsize bed, LCD TV en-suite. I hosted colleagues company week chance try hotel's restaurants. I used pool sauna twice, inspected gym: good.Across road (under elevated roadway) right oasis tranquility called New Town Central Park where, nice day, relax stroll round hour so. The within easy walking distance large shopping malls. There taxis entrance take downtown reasonable rate.Staff pleasant courteous, contributed enjoyable stay.",0.29906818181818184,0.6561915584415584,Apr 18 2009
5,5,"Disappoint Stay last Nov business trip, last stay mid-2005. Feel getting worse worse! Check mid-night, greeting check-in staff....the breakfast service worse, also Chinese restaurant expensive service food far behind before... Talk restaurant staff, ineresting said ex-food beverage manager Hong Kong gone hotel, standard dropping down. Is excuse customers? I recommend friends!",-0.18792735042735043,0.3882478632478632,Feb 21 2008
6,6,"good business stay business purpose onlyhongqiao area far tourist real shanghai areasis new development looks like western cityif first visit shanghai stay bund areanormal clean rooms nothing fancy good buffet breakfastgubei area near lots restaurants supermarket (taxi)walking distance hace food street ,also new many western choices (Mc,starb,hoot etc)if stop front sheraton building grab something Zoes cafeteria,very good value coffe lunch",0.250959595959596,0.4878282828282829,Jan 24 2008
7,7,"Great retreat busy streets Shanghai We stayed club level room six nights made Shanghai much enjoyable us. As first time travelers (from US) China, suffered culture shock times Shanghai, always pleasure come back Renaissance.Our room comfortable fairly modern. We took advantage good-sized mini-fridge store groceries purchased foreigner-friendly Friendship Store across street hotel.We found access club key, included easy filling breakfast (with lots Western style food choices) day, drinks throughout day. When eat main restaurant couple times, food quite good also expensive.The service provided concierge impeccable. We relied quite often write destination Mandarin could communicate taxi drivers. All employees met spoke good English.This hotel's location bit center city, bad all. We found taxi rides Bund, People's Square, etc. typically took 20-30 minutes. Great hotel; decent location; perfect retreat Shanghai's chaotic streets.",0.3373913043478261,0.5201449275362318,Nov 5 2007
8,8,Comfortable Stylish Renaissance I tail end 2 week business trip. The quite near office logical choice. The room nice - extra comfy bed (best one trip) plenty pillows.The bathroom amenities Asian smell (lemongrass) really nice well. The gym pretty good - decent equipment personal TVs one. The weights ok - enough tide over. I agree reviewer - breakfasts amazing -great selection pastries - nice - typical omelet station Asian/Indian/Japanese top Western fare.Food little pricey (by Shanghai standards) unexpected top end hotel.,0.3159,0.5776666666666667,Nov 3 2007
9,9,"Very nice helpful courteous staff pillows smelly rancid This good hotel. I assigned wrong room occupant. I went back desk, manager apologised compensation. Room OK neat pillows stank rancid sweat. I tired complain slept left next morning.Breakfast OK - standard fare.A bit remote",0.17333333333333334,0.45,Oct 24 2007
10,10,"Excellent Hotel I recently stayed Shanghai Renaissance. The rooms nice staff helpful. The room large well appointed. The bathroom also roomy.The buffet served variety western food breakfast, lunch dinner. During evening string quartet play lobby nice touch.The concierge helped us book tour Shanghai. Get personal guide worth money.",0.3438095238095238,0.48650793650793644,Aug 6 2007
11,11,"great clean rooms Very clean modern hotel. Breakfast buffet extensive american asian offerings. Hotel staff formal helpful. Location convenient wanted be, I definitely stay again.",0.2304166666666667,0.4366666666666667,Jul 19 2007
12,12,Consistently Good Stayed recently again. Only asking I realise short walk Intex Shanghai Mart expo hallsExcellent service throughout arrival checkout. Breakfast good bar pleasant. Rooms well appointed good beds showers. Minor grumble Aircon thermostat buzzing switched &amp; off. The Sushi restaurant good expensive choose eteries fine upto standard many hotels.Its bit town 1 hour car PVG Hongchow [sic] pretty close. Taxi central ~30 rmb 15 mins ishGood gym &amp; pool time.,0.2515625,0.5276041666666667,Oct 16 2006
13,13,"Renaissance reflected Just returned week long stay hotel.The food wonderful!, especially bread pasteries better Paris!The breakfast buffet excellent western, eastern 'in between' dishes.The location bit remote Bund, taxis cheeep, getting around signs Mandarin English helpful.Shopping 'centralized' Shanghai ,as Hongquia pearl market proximally located hotel.The spa well equipted relaxing ,with cold &amp; hot plunge pools along requisite sauna &amp; steam rooms.The management, especially Robert Food Service Manager ,were excellent assisting food choices house ,as well excellent surrounding Dining choices.Intend return Shanghai ,as well Renaisance Yangtze, distant future.",0.275,0.6203125,May 4 2006
14,14,"shower tempurature problem comfortable bed, good/friendly staff, small room, small bath, shower temperature changes every 1 minute, long taxi queue commute hours (there public transportation around, location, pretty much take taxi anywhere to/from hotel.)",0.042857142857142864,0.46666666666666673,Mar 6 2006
15,15,"Good gym sell comfy rooms. This city center Shanghai, cabs cheap staying away crowd wise choice. The great gym (free), opens early 5:30am, spa pretty good. The breakfast one best ones. They Chinese, Japanese great American breakfast food, lots fresh pre-cut fruits breakfast. The rooms nice modern, top efficiently designed. It makes feel like home days. The Executive floor lounge nice happy-hour selection beer, wine, snacks (hot cold)and sweets. The restaurants okay definitely eat possible. Overall, 3 times staying positive experience.",0.343973063973064,0.5146464646464647,Jan 3 2006
16,16,"soft coccon I stayed numerous times, last time May 2005. Always felt sense cared there. Great new pillows comforters. The pastry shop lobby great, snacks simple breakfast. Slightly location, one side building next freeway.",0.18552188552188553,0.3772246272246272,Jun 7 2005
17,17,"really enjoyed stay Renaissance Stayed 7 nights business trip November '04 -- nice environment, staff, comfortable rooms accommodations. Had regular room service breakfast: one morning 10 min late, I noted manager: got complimentary breakfast following morning, well plate fruit chocolates. Hotel close shopping, large hotels, Starbucks !! One note: rush-hour taxi line long, morning evening -- plan ahead car.",0.14035548941798942,0.44953194953194964,Jan 4 2005
18,18,???????????,0.0,0.0,Oct 21 2009
19,19,SchÃ¶nes Hotel einer weiterhin boomenden Stadt,0.0,0.0,Oct 17 2009
20,20,Ideales Hotel fuer den deutschen Chinareisenden -Beste Club-Lounge-,0.0,0.0,May 20 2009
21,21,?????????,0.0,0.0,Feb 25 2009
22,22,???????????,0.0,0.0,Feb 10 2009
