,Unnamed: 0,Reviews,polarity,subject,Dates_extracted
0,0,"Good quality nothing special Stayed 2 nights business trip. People desk, nice, welcome smile all! Room average size, plus small kitchen (microwave sink). There two breakfast rooms: one ground floor, good choice crowded another 14th (... well I remember exactly floor...). This one reserved superior room, people in, poor choice opinion. Position good, especially love italian luxury brands: Gucci Bottega Veneta shop doors next entrance.",0.1769548872180451,0.5684962406015037,Nov 20 2009
1,1,"Great location aware extras I stayed 3 times, third last. Upon reserving I told internet complimentary (I would never stay charge that), checking I presented bill 2 days internet amount 30 USD. I protested ignored that. They got 30 dollars extra, lost customer. Location great, breakfast average. Rooms ok, stiff prices internet keep away hotel.",0.2285714285714286,0.3816666666666667,Sep 25 2009
2,2,"Great Value would definitely recommend I stayed Central View Suites trip Shanghai mother happy choice. The purpose trip simply sightseeing, sightseeing did.I'm picky cleanliness disappoint. There convenient safe room well snacks case get munchies (though, price I suggest stopping keep nearby). The located would high-end, name brand shopping district (i.e. gucci, prada, dolce, ferragamo, burberry, etc) I felt safe walking neighborhood late night early morning. It's 3 block walk West Nanjing metro stop. The central hotels I looked expensive, walking East Nanjing night, I would assume much noisier well. So price, really can't go wrong.My 'complaints' would bed little hard taste, request add padding (which I did) still little hard better. Also, I figure keep water falling shower.If even call complaints, overall experience pleasant simple... I like simple :)",0.17303571428571432,0.5305272108843536,Sep 21 2009
3,3,"loved beautiful hotel, nice rooms, clean, cental location. need stay ritz carlton save money here. disappointment breakfast buffet morning. stays open unitl 10am, stop putting (lukewarm) food around 9am. everything else superb, including front desk went thier way translate list things english mandarin--very helpful. lots great bars neighborhood also, since bar kind dead night.",0.3430555555555555,0.7041666666666667,Sep 19 2008
4,4,???????????,0.0,0.0,Apr 20 2009
5,5,????????????????????,0.0,0.0,Mar 21 2009
6,6,Un 5* bien situÃ© aux services 2*,0.0,0.0,Nov 15 2008
