,Unnamed: 0,Reviews,polarity,subject,Dates_extracted
0,0,"Beautiful - Most comfortable bed Stayed week 12-20Nov 2009 370 travel agents conference. Hotel staff exceptionally professional eager assist possible. Room service food pretty good - expensive though! There quite great places eat around ridiculously cheap comparison! Breakfast bit waste money opinions - $50AUD little selection - again, may places eat near hotel. The rooms clean furniture could use upgrade. Bed EXTREMELY comfortable shower. Very quiet - hear anything hallways rooms all. Get everything Concierge - really huge help city.",0.20306159420289857,0.5784057971014492,Nov 23 2009
1,1,"Good looking dated Stayed Oct 2009 superior king room 1,900RMB. Good hotel, quiet location away noise construction going city. Nowhere good Peninsula Hotel Beijing. Only problem staff entered room even though disturb sign displayed whislt out. The management apologised charge one night. Good gym, shower room size generous, although fixtures getting old dated. The cafe looked dated, breakfast nothing special.Recommended restaurants are:-Din Tai FungYang's Fried DumplingLost HeavenCrystal JadeFu 1088Whampo ClubSee Bund, Pudong skyscrappers, Jade Buddha Temple, Xintaindi, French concession, time allows go Suzhou Hangchou. For excellent tailor, specialising ladies silks, well menswear, go Lu Ping, Room 157, 168 DongMen Road, Cloth Market (Zhonghua Road). Email address [--] telephone [--].",0.45999999999999996,0.5833333333333333,Oct 26 2009
2,2,"Oh no! Frankly speaking I little disappointed spending 5hrs Four Seasons Shanghai. I've foot broken several days that's I chose Four Seasons One-stop solution spend cozy weekend, thinking I could enjoy fine dining service well equipped room hotel. My disappointment start arrival doorman gate give help. I open door. The frontdesk staff concierge watched passing whole lobby reach desk check-in without providing pro-active aide. It I raise request staff finally find wheelchair, frontdesk staff seeing standing crutches whole process check-in. Then I asked I could table steakhouse, I told closed due holiday, japanese restaurant? closed well. And in-room dining menu shrunk due change time. That left limited choice food there's one restaurant opened support big hotel. The room facilities old-fashion well. Nowadays hard find non-flat-screen CRT TV set even motel city, I got Four Seasons. Maybe I asked much, hey, Four Seasons, somewhere claimed able satisfied subtle needs clint.",-0.031738945578231294,0.42240646258503395,Oct 5 2009
3,3,"Generlly good really Four Seasons standard The hotel's generally good great. Comfortable rooms relatively small even according Shanghai standard. I never get water temperature right shower. The breakfast's OK again, great. It's located Puxi best spot. Service's good, still address name, great, personal.",0.18238095238095237,0.4677655677655678,Aug 24 2009
4,4,"The benchmark They say first impressions important - well knockout. Picture it, boiling hot humid day step shuttle long flight. Someone takes bags, another brings bottle water whisked effortless check in. All I get room, bags followed promptly smile. From moment I received best service every member staff I came contact with. You love location, decor, comfy beds soft towels. The quality amenities bathroom clearly give sense establishment about. If I say anything negative would be............ummm.....nope, can't think anything. I hope reads - CONGRATULATIONS! From frequent traveller, 10 10 job!",0.21666666666666667,0.5013888888888889,Aug 24 2009
5,5,"Service Exemplified I never bother writing reviews, motivated Four Seasons Shanghai really went beyond helping tight spot. Without going particulars, I honestly say I never impressed level service attention provided helping secure room retrieve items I left behind lounge. Whomever I dealt with, I wish I gotten name, great.",0.29214285714285715,0.5035714285714286,Aug 13 2009
6,6,"Best Shanghai This best me. Water clean smelly, I smelly water 5 star hotels Shanghai before.This quality really four seasons around world.But business stay, paid company. I can't mention price.",0.3527777777777778,0.3625,Aug 11 2009
7,7,"Excellence throughout From doormen arrival departure, reception, rooms, room service, lounge, dining rooms bar, especially concierge staff, was, 16 days, excellent memorable experience.",0.5,1.0,May 28 2009
8,8,"Very average property Stayed property 7 nights March 09 Premier room. Pros:Rooms spaciousProperty location good area food, shopping site seeingLots eating options near Pool 20 meters lengthRoom service good, reasonable delivery time, value money, practical menu optionsBuffet lobby cafe better dinner breakfastCons:Inconsistent serviceStaff surly like better Four Seasons propertiesDeco room lobby, bar, gym, pool, etc datedDust corners bathrooms, rooms, public areasPool gym areas utilized 'tucked' away easy accessToo much chlorine poolAirport pick service somewhat crazy driver (other drivers kept honking)Overall, satisfying stay prices. Could stayed across street (Howard Johnson Business Suites) 1/2 price get service amenities.On section across hotel, land cleared suppose New World property - keep checking location good. That would highlight trip us.",0.12156299840510366,0.5370813397129187,Apr 10 2009
9,9,"Loved Hotel - Not Location The Four Seasons Shanghai really nice (as would expect FS), love location would probably choose stay different area next time. We got upgraded basic room top floor next Presidential Suite, good view city. The room really big bathroom huge, TV seemed little bit outdated. The staff brought us fresh fruit day made sure comfortable stay.We checked gym spa excellent. There's decent size swimming pool jacuzzi adjacent gym, plus men's/women's lounge fancy toiletries, sauna, steam room. The lobby definitely impressive nice bar cocktails night. I used business center twice probably nicest business center I ever seen.One thing entrance seems cause much confusion Shanghai taxi drivers. When first arrived, driver drove side walk front realizing entrance. Overall, liked lot, love location. The staff attentive, go way anything special (as I seen Four Seasons past). We probably stay somewhere else next time.",0.26597842261904764,0.5138640873015873,Apr 10 2009
10,10,"The Best Hotel Shanghai The Four Seasons Shanghai truly oasis nestled within concrete steel chaos defines Shanghai. This primarily Four Seasons business travelers tourists making quick jaunt around city. The location excellent, great shopping tourist sights short walk away. The employees' level English fair, certainly proficient, concierge multilingual eager help translate situation. I yet encounter China staff fluent English speakers.The breakfast/brunch simply outstanding freshly baked European style pastries, croissants, omelets dishes top quality ingredients. Fabulous coffee, freshly squeezed juices fast, attentive service. The toiletries L'Occitane course well stocked highest quality. The sheets high count egyptian cotton generous duvet making comfortable sleep. Our bathroom well designed great water pressure.Spa excellent. Had great massage manicure.The top floor bar treat end long day pretty decent band great views city. It may like Four Seasons resort, amazing hotel.",0.3756969246031746,0.584905753968254,Mar 9 2009
11,11,"One great hotel! Great location near main shopping street hear noise. Lovely rooms great staff lobby lounge particularly great- high ceiling could really relax stare dream away music playing background. I business, short trip much time hotel, I sure I stayed longer, I could used facilities. The breakfast great though- food quality exceptional service staff friendly polite. Business center large separate workstations individual printing station. Nice magazine newspaper selection well. Overall great stay- wish I could spent time there!",0.3878174603174604,0.5266997354497355,Jan 11 2009
12,12,"Great service lovely room classy food We stayed Four Seasons 3 days November following package:Bed breakfast 3 nights;Dimsum lunch Si Ji Xuan restaurant; andSpa voucher RMB1200 (RMB600 2 persons).The room classy stylish design faulted. We loved bed pillows great rest every night. Location good within walking distance metro station getting taxi always easy needed one. Perhaps could speak local language found service impeccable. The staff responsive unobtrusive. We enjoyed dimsum lunch spa treatments although spa voucher, would given miss prices way beyond typical Shanghai standards (although much line spa prices). It first time Four Seasons Hotel think it'll last.We quibbles stay though. First, shower cubicle bathroom door suction could easily swung open. Also, water drainage system shower cubicle took long time clear. When two combined, meant water flowed bathroom floor time took bath. That quite unsatisfactory.Second, find breakfast spread impressive all. Selection variety small quality food mediocre. We stayed Regal International East Asia one night also Peninsula Beijing far better breakfast spreads. At RMB470 2, felt overpriced - included booking, would definitely looked alternatives. That said, Shanghai food generally cheap anyway need gripe lousy breakfast; I thought I'd highlight part entire Four Seasons breakfast.All all, apart minor flaws, happy stay service received felt Four Seasons live hype.",0.23878787878787883,0.5694907407407407,Nov 18 2008
13,13,"Good quite usual Four Seasons standard A nice greal Location Shanghai, near exclusive shopping, great restaurants, etc. While building good, nice lobby lounge, good restaurants nice rooms, quite come usual Four Seasons standards (especially quality service leaves lot desired). Room nice enough (stayed centre suite), food restaurants tried fine too, service satisfactory. Most staff spoke little english, especially night satff reception etc, communication mostly tiresome lengthy. The also [--] laundry last day, creating unnecessary stress departure. All nice experience, one would definitely expect paying grand night. The worst Four Seasons I ever stayed far. Next time Shanghai we'll staying Grand Hyatt awesome Jinmao Tower, gorgeous fantastic views town, good food great rooms (spent bit time there). Shanghai great city, well worth trip plenty 4-5 days.",0.2659722222222223,0.6401709401709402,Sep 26 2008
14,14,"Getting old.... The four seasons Shanghai getting old ! Nice location, great service room average.Don't give wrong... ...it nice needs work do...",0.24642857142857144,0.5928571428571429,Sep 3 2008
15,15,"Always first class The Four Seasons Shanghai always first class experience. never fail meet door welcome name. The rooms fresh immaculately clean perfect working order.For brief business stays need everything work advertised relaxing 'homecoming' end day Shanghai, number one choice.Keep Four Seasons.",0.40208333333333335,0.5499999999999999,Sep 1 2008
16,16,"Four Seasons Four Seasons I stayed Four Seasons Shanghai 4 day work conference. I found room extremely comfortable (in way Four Seasons I stayed - Toronto &amp; Sydney). The twice daily maid service prompt thorough. My &quot;complaint&quot; would gym - although expected equipment, small room (not stuffy - air conditioned) without windows. If I staying holiday, I probably cared - business trip, gym often escape. Overall food decent, would fair judge employer arranged meals I sure cost factor (as well feeding large number people). I opportunity dine restaurants la carte.",0.11584249084249082,0.5372405372405372,May 13 2008
17,17,"Pure Class Four Seasons Shanghai without doubt best Shanghai.The Location good plenty things nearby within mile selection shopping mall's stocking world class brands.The FS relatively new kept immaculate throughout, opted bigger Premium room delighted choice lots space furnished high standard.The bathroom area particular well designed featured lots wardrobe space, high tech means however would expect FS.The Lobby area amazing central bar sophisticated reception featuring best flower arrangements ever seen.This although busy certain class time feel uneasy, staff attentive spoke good english.We dined one Restaurants first class, Jazz Bar top great views Shanghai sip champagne Mezzo selection available came handy 2nd bottle.The Spa chic, great selection massages available reasonable price masseurs well qualified.Overall looking various hotels whilst I know I made right choice, nearly went Grand Hyatt good little hectic class FS.Overall I expected good end day FS offers across board hotels resorts, one though remain special us celebrated Wife's 40th Birthday there.The staff manager went great lengths make day special one flowers cake signed card. I even filled questionnaire pleased receive personal e-mail manager thanking time.Finally little advise tours, opted 1/2 day city tour covered sights great guide Mercedes book concierge reasonable price.A real peace heaven hectic like-able city.",0.3557066267066268,0.5591277056277058,May 13 2008
18,18,Five Star World Class Hotel I spent couple days Four Seasons Shanghai impressed. The kept immaculate condition service exceptional. The rooms plenty space beds comfortable. The bathrooms huge clean. They even L'Occitane soap Shampoo nice touch. I went swimming pool nice place relax hectic day city. I would highly recommend anyone planning stay Shanghai.,0.48037037037037034,0.8277777777777778,Feb 24 2008
19,19,"Standard business Good business stays, nothing more. I liked location, interesting - similar hundreds &quot;five stars&quot;. If want feel something unique try Hyatt Shanghai",0.22499999999999998,0.536875,Jan 19 2008
20,20,"Good Business Hotel The Four Seasons Shanghai good business hotel; rooms comfortable spacious, bathrooms beautiful, lobby bar okay, location convenient. Overall typical Four Seasons; contemporary elegence feel, restaurants bars feel like restaurants bars. The pool spa facilities nice, amazing. The service Four Seasons standards every way. The staff go way help you. And Shanghai, views great - lloking impressive skyline form privacy room, check somewhere Pudong.",0.3583333333333334,0.6513888888888889,Jan 12 2008
21,21,Very nice modern - expensive This typical smart modern good facilities friendly staff. It expensive quite centre action perfectly good place stay bits pieces would expect,0.19114718614718615,0.5402597402597403,Nov 4 2007
22,22,"Service service service! great service I've stayed Shanghai Four Seasons 4 times last year. I'm satisfied room, service food there. The thing I complain coffee light breakfast buffet. I stay last time. I went 4th floor (swimming pool) get coffee there.",0.30833333333333335,0.5972222222222222,Oct 25 2007
23,23,"Beware organizing event We held seminar week Four Seasons. While level general service quality food high, audio-visual support non-existent. Here 2 examples: When speakers failed us, staff behaviour showed complete lack skills could fix problem; checking PA system another part fed sound room session progress. In addition, meeting room horrible acoustics. Finally, moment meeting ended rushed removed tables prepare another event. Fair enough -- booking ended -- warning material still scattered around found way dustbins. Not exactly would expect class hotel.",-0.016700000000000003,0.5952,Sep 18 2007
24,24,"nice worth paying big bucks I stayed part business trip. It quite expensive. The hospitality nice. They welcomed room, brought refreshments tea. Took luggage me... good probably expected hotel. However, money spent per night room, $200 night. It simple room. I mean, sure clean comfortable. I see anything special justify money paying. It big either. The nice grand. area around so.",0.20848997493734336,0.5901106934001671,Sep 16 2007
25,25,"Great Stay Good Value Stayed Le Meridian, Four Seasons, &amp; JC Mandarin Shanghai trip. Here comments Four Seasons.Location: I prefer less crowded location. Four Seasons located several long blocks Nanjing JC Mandarin. There's great local food street Wujiang Street. About block way Dagu Road find several coffee shops, day spas (e.g. Dragonfly), dvd/stores.I thougt Four Seasons good location close things subway still removed bit crowds.Room: More tradional room indicated thecandid photos previous posts. Very Clean nice. No plasma tv still great room.Service: I found service best Four Seasons places I stayed trip. Seemed like folks four seasons little experienced. I issues slow drain Four Seaons. Some came fixed immediately. Four Season concierges helpful. Breakfast &amp; Fitness Room: Breakfast similar asian breakfast. Solid.Cost/Value: Four Seaons ran buy 2 days get one day free special July website. Cheapest room 1900 RMB/night w/ breakfast. Factor free day. It great deal. For late night snack near Hotel, walk Wujiang street, wait line try Yangs Fried Duplings. About 3RMB per order. Cheap!Overall great stay.",0.32809920634920636,0.4888253968253969,Aug 22 2007
26,26,"Great value The four seasons Shanghai may live standart bigger sister New York, however great value. The price Vs. performance, far better NY. It may stylish &quot;buissiness interior&quot; But clean, modern well run. If picky arriving inspecting room, friendly staff anything help satisfied.We room top floor witha fantastic view overlooking superelevetad highways, scyscrapers, superconstructions buzz supermetropolis. For us locations great. 5 minutes major attractions taxi. Not like &quot;Regent&quot; stayed first night. That far town, thats changed Four Seasons.The spa area superb, superb pool superb service.Breakfast rich, however bit factory like. But hey! BIG food served breakfast great.I would book day get good rate.",0.4276439393939394,0.6475151515151515,Aug 19 2007
27,27,"Horrible Experience - Stay another Hotel This terrible service bad best. The location middle nowhere, although taxis cheap get around in. Also, served raw chicken CHINA!!! We sick days. They apoligize, apologies certainly seemed empty.Also, wine cheese night staff idea wines cheese were. The night debacle again, got apologies. Overall, I would recommend anyone. The management go thier way help situation either, even upper management Four Seasons. Trust me, want get sick raw chicken China. If 3 star hotel, maybe would okay, pay best expect best! Don't stay here!",-0.1153235653235653,0.5486365486365486,Jun 30 2007
28,28,"Clean lovely pleasant I nothing bad say Four Seasons Shanghai. I say utterly spectacular, VERY pleasant stay lovely hotel; nice, attentive staff, incredibly clean, cozy, modern rooms, wonderful breakfast buffet. But obvious step inside mainly catering certain clientele - business men! They're everywhere. Like freaky Magritte painting, men business suits place. The lobby small sparse. I however, compliment incredibly kind front desk staff. Not one hitch check-in; fact I informed husband would arriving me, problems obtaining key even though reservation name. A bit pricey side, stayed one night - memorable stay all.",0.3302154195011338,0.7732426303854877,Jun 22 2007
29,29,"Our Favorite In Shangha This favorite Mainland China. We stayed five times time enjoyed visit. There attention detail find hotels country. The warm service, perfectly maintained clean surroundings, lovely rooms outstanding food. This say perfect Four Seasons, compared Chinese Hotels, find property league own.Rooms. We tried cheapest suite prefer Premier Room. It spacious luxurious. There nice dressing area plus good sized bathroom seating area. Some fabuluous views. Service. Our first visit, three years ago bit rougher last visit spring. They really put together great staff. They warmth often find staff China. Last visit check in, front desk room, plus usually send basket goodies son.Upkeep. So many Chinese properties start look run quite quickly chipped paint stains, etc. Not here. It like new.Food. Lovely breakfast terrific service improved. Dinner service restaurants last trip standard experienced previously.Location. Not good J.W. Marriott, worth walk. Much better anything Bund.",0.33922558922558926,0.5196127946127947,Jun 17 2007
30,30,"Should Four Seasons This Four Seasons live Four Seasons standard usually great, good value money paid. FIrst location poor, near Bund Old City, shopping (to get 15 minute walk poor area). It's 20-minute walk Shanghai Museum, borders traffic area crossroads overhangs. It near Bund Pudong.The room clean small Four Seasons standards, lobby loud even fountain soothing presence rushing river added comomotion. Not good value money spent, unlike absolutely wonderful Four Seasons Hong Kong example. But Shanghai, opt Hyatt Pudong view, location, ambiance luxury. The Hyatt bars restaurants visited excellent plenty choices restaurants there.",0.09867424242424243,0.5429166666666667,May 11 2007
31,31,first class I setting lobby bar morning coffee. This place spectacular. First class accomodations first class service,0.3375,0.475,May 7 2007
32,32,"Beautiful Property Quite Central This beautiful Five Star property center Pu Xi, Western (and livelier) part Shanghai. In case need say name Chinese Si Ji Jiu Dian. Although malls lively street life nearby, really 5 minute cab ride away lot diifferent attractions. The rooms tastefully decorated look wear tear often present Shanghai hotels. I stayed one night, I wish I could stayed longer!",0.178030303030303,0.4458333333333333,Feb 5 2007
33,33,"I Lived Like King Four Seaons When Shanghai, stayed Four Seasons little week spent another 3 nights Intercontinental. Both rated 5 star hotels reality was, Four Seasons wiped floor Intercontinental many ways. It contest.First things first, location Four Seasons Puxi perfect. Situated far away crowds Nanjing Rd within comfortable walking distance Huai Hai Rd (and Xin Tian Di), I could think better location Shanghai offered better insight city. This area character. It glass concrete high-rises, chaotic crowds, insane traffic general hustle bustle Shanghai. You restaurants night markets along Wu Jiang Rd, high-street fashion Nanjing Rd West, modern pleasant shopping strip around Huai Hai Rd (unlike Nanjing Rd East) eclectic nature Puxi rather staid clinical air Pudong.If enjoy exploring city foot place be. The nearest subway station also stoneâs throw get sick walking everywhere taxis dirt cheap public transport taste. Pudong nice I felt home welcoming Puxi.We stayed regular Superior Room didnât luxury upgraded deluxe premier room didnât matter â still felt like heaven. The rooms ultra clean, service impeccable, staff friendly helpful facilities top notch. My missus works industry uber-critical comes accommodation. Even hard time faulting Four Seasons Shanghai. I made use business centre highly impressed everything setup (except slower usual broadband internet connection) gym pool would envy paradise tropical resort. It honestly felt like second honeymoon werenât fact I actually Shanghai work.I highly recommend Four Seasons manage get better deal burn-a-hole-in-the-wallet rack rate 3,300 RMB. Otherwise, would expect nothing less treated like royalty fork sort dosh. This highlight stay Shanghai.",0.26644423558897246,0.5565543666859455,Dec 23 2006
34,34,"Spacious excellent service one best hotels china This one best Four Seasons I ever stayed. The service amazing, rooms bathrooms space amazing. The space compared 5 star hotels China incredible.",0.7107142857142857,0.6678571428571428,Dec 8 2006
35,35,"Great gym For wonderful name Four Seasons has, I thought rooms adequate nice. It's nice hotel, fantastic exciting. I give highest rating one best gyms I've to. Also, bar pretty lively really cute singer!",0.49497245179063365,0.7803030303030304,Nov 21 2006
36,36,"Should called Two Seasons? A major disappointment stay Hong Kong Ritz Carlton! Although arranged Club Room, check in, taken place club lounge, somewhat cold reception incompetent employee. Having told room would ready time despite 1345, half way process abruptly ordered club lounge everything told time reversed taken room. Disappointment would understatement! I thought wrong hotel- 1 1/2 Seasons? Very small rooms, spartan comparison sister properties, basic &quot;lemon&quot; decor, low quality little make view cooling towers adjacent shabby high rise staring 15 metres away window! Have experienced sinking feeling payed top dollar great room greeted property keeping basic business Wuhan? Further, highly recommended Four Seasons chain &quot;well &quot;,but frugal friend, I acutely embarassed! The &quot;limp&quot; fruit bowl thrust abruptly door moments later improve feelings place. The staff little English, seemed poorly trained almost unfriendly. Such contrast excellent Four Seasons Singapore I love. The lounge ok; better English needed Stalinist attitudes need reviewed. I could help feel needs &quot;hands on&quot; manager better training around. This Four Seasons us know it. The surrounding area uninteresting seemed miles anywhere. The concierge helpful print outs areas interest.I could help think number &quot;generic&quot; hotels looking much put area Shangahi, Four Seasons picked one get foot hold Shanghai. Whatever, brand represented well property, us big disappointment, particularly aftger staying properties Singapore Hong Kong. I gather building property Pudong- let's hope better place!For money, must much better Shanghai, would someone please let know is!",0.08853260869565217,0.4860144927536232,Nov 11 2006
37,37,"One Best Hotels I stayed The best way sum experience Four Seasons Shanghai say one best hotels I ever stayed at. I stayed many Four Seasons Ritz Carltons, etc., exceeds others. The facility new, rooms, etc. excellent shape. The food excellent, truly distinguishes service. The staff cannot enough you, truly treat like royalty. After making long trip China, better place get jet lag Four Seasons.The location great well. You walking distance museums, shopping restaurants short cab ride bund. No negatives, going Shanghai, can't go bad staying here...",0.4181818181818182,0.5362470862470863,Oct 24 2006
38,38,"Lovely Lobby This lovely moment walk in. My room elegant beautiful bath. Very clean room, excellent laundry service lavish buffet breakfast. Very nice little shop too. The business center small nice I never wait computer. I felt comfortable here. It relaxing atmosphere welcome large city.",0.4135634920634921,0.7492380952380953,Sep 29 2006
39,39,"Excellent! Everything true 5 star quality. We stayed 3 nights Premier room (60 sq. m.) king cot teenager. Requested received high floor view. Room, bathroom fittings fixtures immaculate. Airport pick service great check in. Food spectacular main cafe restaurant. Had evening buffet one night thought I'd died gone heaven. Location close Nanking Road interesting side streets local restaurants. The Four Seasons disappoint opinion even better Four Seaons Singapore, also great hotel. Don't hesitate stay afford slightly high rates.",0.45787878787878783,0.5875757575757575,Aug 27 2006
40,40,"Fabulous Hotel! Our stay Four Seasons Shanghai fabulous, traveled family including 2 children ages 10 &amp; 11 yrs. The kids loved pool swam everyday! The staff friendly concierge spoke exellent English. Be sure concierge write card would like go Mandarin show taxi driver, nifty cards map back made traveling around city easy taxi. The buffet breakfast great, well restuarants hotel. Be sure check #580 Nanjing Lu Road ALL shopping knock offs, see want ask, much secret rooms back (hidden officials). Be sure visit &quot;Cloud 9&quot; top Grand Hyatt 87th floor good views! We definitely come again, go wrong staying Four Seasons!",0.25043650793650796,0.6369047619047619,Aug 14 2006
41,41,"Great Asian This best China I encountered. Very nice large rooms good spa facilities. Chinese restaurant excellent breakfasts wonderful great selection. Food varied enough I become bored selection even multi-day stay. Best service level. I became ill concierge found excellent English-language health clinic. Other aspects service also excellent. I find neaby neighborhood interesting (in contrast reviews) since little bit &quot;old Shanghai&quot; remains, block walk, fast disappearing throughout city. Overall, 4S Shanghai rates best hotels found Bangkok, Singapore Hong Kong. I twice look forward returning.",0.3898660714285714,0.5574404761904762,Jul 7 2006
42,42,"Nice rough around edges I stayed Four Seasons Shanghai week late June husband attended conference. I think company booked almost entire hotel, group 400 run place week there. We might overwhelmed staff, since service bit inconsistent, food so-so (admittedly huge) breakfasts, lunches, dinner buffets. I ordered room service once, lot tastier served meals!I also several spa treatments, pretty inconsistent. The pool amazing though--I quickly established daily ritual swimming right breakfast every day. The nicely decorated, staff eager help bit rough around edges. All all, live Four Seasons, good start.",0.19296536796536798,0.6079831932773109,Jul 6 2006
43,43,"Wonderful Service so-so location Fabulous service especially include Club Floor privileges. They greet curbside ( I ordered car hotel) wisk room check there. Rooms great..bed comfortable..bathroom luxurious. Club Floor terrific..you make dinner reservations. You even checkout there. Great wine, 2 computers use good breakfast cocktail hour. A great place start visit Shanghai. While centrally located nothing interesting directly walk within block two hotel. Surroundings little dumpy. And everything looks like 2 blocks map ends much farther. But definitely good choice first couple nights. Much better Ritz location far away anything designer stores...why go there..we US. Also Ritz bad, huge covered entrance..with many tour buses etc. J. W. Marriot better location either these.Right acoss form People's Park Shanghai Art Museum Katheen's 5 restaurant...all great. I go inside JW looked good exterior.",0.3386458333333333,0.603125,Jun 18 2006
44,44,"Fantastic Hotel I returned three night stay fantastic (May 27-30, 2006). Service superb, rooms spacious comfortable (Premier Club room), Club Lounge comfortable &amp; efficient excellent choices breakfast great selection drinks evening (as well appetizers). Location good (closer Bund Ritz Carlton), nice (long) walk Bund. Would highly recommend anyone traveling Shanghai. The went beyond expectations I've stayed many fine hotels around world. After departing arriving Beijing, I realized I'd left music CD's room. I emailed see could ship Atlanta...they offered overnight Beijing, free charge. Excellent choice Shanghai. Also highly recommend Jean Georges splurge dinner Shanghai. The view bund across Pudong light show night spectacular.",0.5014035087719299,0.7384210526315789,Jun 7 2006
45,45,"Great Hotel An oasis calm, luxury comfort heart Shanghai. Everyone bellman spa staff polite helpful. The rooms offer comforts home - bright open spaces great view Shanghai skyline - wonderful sun goes lights come on.Want arrange something extra special? Call assistant concierge Tristan Huang needs - delightful person true professional - make happen.",0.43763227513227515,0.6050264550264549,Jun 4 2006
46,46,"fantastic four seasons Just back business trip Shanghai loved Four Seasons Hotel. Room:I one Superior rooms large European standards. There king size bed, widescreen TV &amp; DVD player, armchair, internet connection, excellent clothes storage &amp; still plenty free floor space move around in. The bathroom also big, immaculately clean brilliant shower. Other nice touches included complimentary L'Occitane toiletries (refreshed quickly used them), bathrobes slippers. Breakfast:It buffet style &amp; pretty much every conceivable style breakfast food could think ordering. Everything I tried good. We 1 meal restaurant (the Chinese one - styles available), though best meal had, pretty good hotel.Location:Regrettably, I time much exploring I would liked, get great impression lie land &amp; relation sites. It seemed central enough though - could walk Bund 30 mins &amp; interesting markets stalls near vicinity.Service:I'm usually little scepical service, would attitude important thing room. It said though, staff Four Seasons really go way make stay comfortable. All staff, without exception, polite, requests I made dealt immediately &amp; nice touches complimentary water fruit rooms.Gym:I use it, one colleagues said best he'd ever seen hotel.Price:I paid around EUR 100 night (excluding breakfast) - amazing value quality anyone European perspective.Overall, I whole-heartedly recommend Four Seasons.",0.3324145962732919,0.5345031055900621,Jun 3 2006
47,47,"A calm My wife I spent three nights May 2006. We ended getting upgraded executive suite, always nice way start stay. The executive level 37th floor provides lounge free breakfast, nibbles early afternoon cocktails early evening, well two PCs internet access. Rooms. The room (admittedly suite) spacious, two important features: really excellent shower (with good water pressure) comfortable bed. The Chinese seem go hard beds even luxury hotels, relief excellent matress - extremely relaxing sleep in. The TV OK rather gigantic, level furnishing good standard. The room maintained well. Also, bedside lighs good quality allowed reading bed - frequently problem even expensive places.Laundry - though I ticked &quot;ordinary&quot; box (next day service) came back within four hours!Si Ji Xuan restaurant (one six hotel). This good quality dim sum fair price (around GBP 10 plenty food tea). You find better Hong Kong London search out, nonetheless good. We also tried dinner pleasant meal: good Sichuan prawns though rather ordinary Beijing duck (go Grand Hyatt Beijing this) certainly pleasant meal. Service: Excellent stages experience: friendly, competent. Pool spa. There pleasant indoor pool (though view such) fourth floor. The gym good standard, plenty cardio machines reasonable range weights, including free weights. There one rowing machine I never could figure settings of. Machines mostly little TVs cna plug headphones wathc exercise. Decor: nice art deco style touches e.g. 37th floor lift area, though overall America busness hotel, style tasteful rather stylish.Location: conveniently near French quarter, delighful pedestrainised area bars restaurants (e.g. excellent T8 restaurant) popular expats. It minutes taxi ride away Bund, particularly spectacular view (go Grand Hyatt Pudong 87th floor views). Perhaps setting Bund would better tourists, certainly inconvenient. Overall, good stay, I would happy return.",0.37888888888888894,0.5954583333333334,May 15 2006
48,48,"Four Seasons saved trip tp Shanghai! We moved Four Seasons checked one day Grand Hyatt (see review know why!). The FS everything GH not. Discrete. Calm. Welcoming. Well-located. First location. An earlier reviewer commented negatively neighbourhood I disagree more. The neighbouring streets offer interesting insight onto Shanghai life away high-rise always felt safe us. Plus five minute walk main metro line (which runs Maglev terminal, travelling way). The also edge French Concession found main area go night restaurants day shopping. We booked Premier Room but, bad experience Hyatt, asked see room checked in. They patient showed us two rooms made choice. The room good size interesting view back towards downtown area - beware, however, I heard someone lift complaining room overlooked building site side hotel. I understand reviewers complain standard fittings room luxurious standard expected FS. The cupboard doors drawers thin poor; tv small; room generally seem enough furniture it. But everything needed, plenty space bed wonderful.Service levels hotel, quite FS Hong Kong, welcome relief standard Shanghai brusqueness. Do go Chinese restaurant dim sum lunch - lady served us delightful, talked us different choices sauces kept tea cups constantly filled! As decamped Hyatt lunch - mere 15 pounds head - calmed us assured us made right decision. Special mention also Helen concierge arranged everything restaurants train tickets efficiently helpfully.This may best FS world must surely one best hotels Shanghai. This really city tourists even FS mainly filled business people. Yet atmosphere much congenial relaxed Hyatt location sightseeing unbeatable. Stay regret it.",0.19311035525321243,0.4811092214663643,May 11 2006
49,49,"Loved It Stayed 5 nights March I loved it. Excellent service around great L'Occitane products use. Concierge helpful needed pretty close Xiang Yang Market, Xian Tian Di, Yu Yuan Gardens, Nanjing Road, etc. I would definitely stay future.",0.45625000000000004,0.659375,May 6 2006
50,50,An oasis Shanghai We stayed 4 nights Four Seasons 30th floor Center Suite. We upgraded reserved Executive Suite. The room wonderful every amenity would expect luxury hotel. The service incredible looked forward welcome back greeting every time returned hotel. The concierge staff handled plans without hitch. It could better. Breakfast Studio Cafe elaborate delicious. The Four Seasons elegant retreat hectic Shanghai. We pleased choice.,0.5545454545454546,0.7181818181818183,May 2 2006
51,51,"A nice business Shanghai True Four Seasons brand, excellent stay Puxi side, centrally located far anything. The rooms nice, bathrooms L'Occitane products.",0.5016666666666666,0.8291666666666666,Apr 30 2006
52,52,"Great excellent rooms Stayed two times March'06. Excellent rooms great views. Great breakfast buffet fresh orange juice (a rarity China). Great facilities, including spa. Very convenient location close People's Square French Consession.",0.6333333333333333,0.6444444444444444,Mar 20 2006
53,53,"The best I every stayed I work corporate travel fortunate stay great hotels throughout world. The FS Shanghai probably best I yet stayed in. From moment arrive, treated wonderful, courteous care attention made feel special. The room I stayed junior suite generously sized separate seating area. The bed enormous extrememly comfortable soft sheets quilt. I especially loved bathroom deep decadent bathtub separate walk-in shower cubicle. The complimentary toiletries French Provence company L'Occitane smell delightful. Running bath takes around minute thanks powerful plumbing! At time visit I feeling unwell attentive, sending in-house Doctor translater room gave exceptionally good care. I ate three occasions- room service Chinese breakfast arrived promptly delicious also buffet breakfast brunch ground floor restaurant. The choice food buffets staggering lovely touches like ice-sculpted swans made feel special. If going Shanghai Four Seasons ultimate comfort combined wonderful staff great accommodations I stay anywhere else. Absolutely fantastic.",0.498905529953917,0.6680875576036867,Feb 19 2006
54,54,Great Hotel - Don't stay anywhere else Stayed Four Seasons 28 Dec 05 6 nights. What lovely hotel. The staff fantastic. Each time returned greeted &quot;Hello welcome back&quot; We centre suite extremely comfortable spacious. Very large bathroom. Nice little touches fresh flowers around suite. We got great deal &quot;third night free promotion&quot;. The gym well equipped. The change rooms/spa area best I seen hotel. There EVERYTHING one would need. It little away things Marriott (which seem personal FS) taxis cheap matter. If going Shanghai stay FS. I stayed many excellent hotels around world FS rates them. Also visit Jean Georges Restaurant Three Bund. - Fantastic!!,0.42142857142857143,0.6703571428571429,Jan 12 2006
55,55,"Very Nice Hotel Would Stay Grand Hyatt Next Time Stayed Four Seasons 2 nights June 2005. Beautiful hotel, would expect Four Seasons. The room huge, separate dressing room, large gorgeous bedroom. Service excellent. The spa wonderful reasonably priced. Loved Western-style buffet breakfast. The drawback bit way. The Grand Hyatt Jin Mao Tower great restaurants obviously &quot;the place stay.&quot; It's younger touristy. The Four Seasons mature private.",0.44021428571428567,0.6766785714285715,Nov 25 2005
56,56,"Great Hotel Great hotel. Excellent service, well located main attractions. Maybe I expected little breakfast, plus served room extra cost (at least I charged anything).Hotel new, rooms good size, nice bathtubs. I'd stay sure. A downside restaurants close 10pm, like Shanghai (don't ask why, I simply can't understand...). Make sure eat that!!!Tip - use taxis, they're convenient incredibly cheap.",0.34472064393939394,0.6014249639249639,Nov 14 2005
57,57,"Sooo Bad! Usual 3 star experience Four Seasons! My wife I went Spa package offered. We carry bags entered hotel. Front desk courtesy poor. The Spa awful. The massage terrible, quality 5 year old giving you. We contacted General manager Peter Weber. He never stepped office talk us. He gave us 30 US dollar credit bad massage, gave us money back. At Breakfast Buffet set amoung uncleaned bar night before. Also witnessed unhealthy practices breakfast buffet employees.1. Waiter digging hand cold dry cereal containers grab hand full put mouth. Several times.2. Chef sneezing without covering mouth middle breakfast buffet, touching hot food chaffing dishes visual inspected. Several sneezes/touched every dish.Peter Weber General Manager never came visit us face face requested. The flawed many ways! Recommend staying JW Marriott, better local great service!!!",-0.07496794871794868,0.5016666666666667,Nov 10 2005
58,58,"Getting better goes.... The FSS improved since last stay June. Its service standard gone I impressed treat return guests well. The nice touches remembering preferrence Chinese snacks (and milk chocs), love dark chocolates need extra mineral water, etc tell I return FSS again... I Fenruary next year!",0.2409090909090909,0.3606060606060606,Oct 20 2005
59,59,"beyond expetation Four Seasons Shanghai low-profile luxury kind hotel. It's hidden gem. I fell love moment I stepped lobby.It's spotless clean, flower arrangements breath taking staffs friendly. I tried 2 restaurants, good.I really enjoy stay. Highly recommand.",0.31928571428571434,0.5819047619047619,Oct 10 2005
60,60,Pleasantly surprised,0.1,0.9,Aug 30 2005
61,61,Oasis bustling shanghai,0.0,0.0,Aug 8 2005
62,62,Lovely Shanghai,0.5,0.75,May 2 2005
63,63,Fabulous 4 Seasons,0.4,1.0,Jan 19 2005
64,64,Very dissapointing Four Seasons,0.2,0.3,Jan 15 2005
65,65,Four Seasons one day!,0.0,0.0,Jan 6 2005
66,66,Good atypical Four-Seasons,0.35,0.4,Dec 6 2004
67,67,A rather dissappointing stay Four Seasons,0.0,0.0,Nov 24 2004
68,68,OK like 3 4 star service,0.5,0.5,Oct 13 2004
69,69,Loved fresh flower arrangement...,0.5,0.65,Jul 4 2004
70,70,????????????????????,0.0,0.0,Aug 19 2009
71,71,???????,0.0,0.0,Oct 29 2008
72,72,excelentes detalles,0.0,0.0,Oct 27 2008
73,73,????????,0.0,0.0,Oct 24 2008
74,74,exzellentes Hotel guter Lage,0.0,0.0,Apr 2 2008
75,75,Un buon albergo,0.0,0.0,Sep 2 2007
