,Unnamed: 0,Reviews,polarity,subject,Dates_extracted
0,0,VERY GOOD VALUE We stayed 3 nights liked clean nice room good view best service. The price expensive good value,0.6545833333333333,0.7112499999999999,0.7112499999999999
1,1,"Terrific value I US visited Shanghai week. The geared towards business travelers; room layout reminded Hyatt's back states. Room amenities top notch, service. The location terrific well. Overall, good value.",0.235,0.5466666666666667,Oct 3 2009
2,2,"Hotel Carolina everything need comfortable stay Hotel Carolina Xinhua Road Shanghai, West downtown, Pudong area. Because downtown reasonably priced. I stayed week class mates I taking course Economics school with. The school 5 min. walk away, perfect. The metro station West Yan'an rd. 10 min. walk. The hotelwas impecably clean, staff freindly rooms beautiful. There AC internet every room. room also bar fridge nice. The free breakfast great. AS variety Chinese food toast, fruit, coffee, cereal area avail. There computers internet buiness centre. I can't say anough pleased I ws place. It great value service excellent. Btw area runner close great park running called zhongshan park. Go early do. Zongshan loop trail popular locals. It really long loop, much better running sidewalk full sun.",0.4987719298245613,0.6989473684210527,Jul 22 2009
3,3,"Pleasant stay would definitely come again! It overall great get-away everything. It's located Chang Nan District Shanghai... It within reasonable distance places (20 mins away taxi). The room clean cozy I loved bathroom most! The showers comfortable pressure... two shower heads! One fixed acts rainshower, one detachable shower head that's pretty neat. The toilet probably one better ones I've seen China awhile. I honestly pay attention beds 3 nights I've stayed here, I slept immediately since I quite exhausting travel schedule. There's driveway gate leads towards hotel... The actually 30 meters away street imagine quiet is. There absolutely NO NOISE streets. There two convenience stores ends streets. By way, located near middle street, intersections worry either. Catching cab quite easy well, many vacant ones pass road quite frequently.The continental breakfast make full food's decent, gives enough energy survive lunchtime. What else there... Ah yes, places suggest foreigner definitely visit. Of course, Wai Tan area, check Cheng Huang Miao great place checkout neat architecture buy local goodies, souvenirs, etc... For cheap bargains go Qing Pu Lu - bought ridiculously cheap Giorgio Armani / Burberry London ties 30 RMB... comes matching cufflinks pocket sleeves.. If I gave someone gift, person would even suspect would replica looks real (maybe real?). Anyway, rocks I definitely would return again!",0.2477477477477477,0.5344594594594595,Jun 14 2009
4,4,Plaisirs Simples,0.0,0.0,Oct 19 2009
