,Unnamed: 0,Reviews,polarity,subject,Dates_extracted
0,0,"Improvement needed meet standards Mariott The setting rooms good still room significant improvement, specifically following topics :1) internet connection slow2) room sometimes cold3) breakfast times correspond times indicated guest services directory. Directory says 6.00 am, reality 6.30 and, even then, staff fully ready.4) Beers Zpark bar served appropriate glasses.At stage I would recommend could revise opinion general service level improved. I consider topics could fixed rather quick.Luc Godefroidluc.godefroid@us.henkel.com",0.2361111111111111,0.3861111111111112,Nov 18 2009
1,1,"Promising First Visit When Shanghai I usually prefer stay central location Nanjing Rd new offered attractive introductory corporate rate decided give go. The location way city centre attractions situated right beside metro station. This first time I made use metro Shanghai I found cheap, clean easy use although congested busy times. The built directly top shopping mall also contains plenty restaurants part mall much else area although lot construction development work taking place area suggests may change soon.As commented previous reviews occupies top half building check 25th floor. This involves separate lifts reception desk rooms one pet hates. It frustrating facilities fitness centre lower levels. I try fitness centre although well equipped exceptionally busy widely used general public well guests. Admittedly visit fitness centre peak time. The rooms well furnished comfortable expect new hotel.The offers Western south east Asian restaurants given high number eateries mall quiet great shame I ate Asian restaurant last night food truly excellent.Overall promising visit new I give consideration future visits",0.1371090697919966,0.41254513778904023,May 8 2009
2,2,"Good standard 5-star fare location may suit everybody If Shanghai business meetings mostly Pudong area (Lujiazhui example), find hotel's location simply far away action. That's exactly I found I first meeting near Science &amp; Technology Centre 9 am, back Huaihai Road 10.30 meeting, lunch Yan'an West Road near Jiangsu Road, finally go Lujiazhui 4 pm presentation. Whew!If I'm Chinese recognise Chinese characters, I'd forced take taxi complete juggernaut. And trust me, traffic jams Shanghai make short 6km route last hours, that'd make late, late, late! So I depended metro, even fun cross one end Shanghai end!So, I reckon want something central, choose hotels Nanjing West Road, Lujiazhui even Nanjing East Road. I've earlier reviews hotels areas, I stayed halcyon days budget fatter boss less concerned minute travel costs.So, thanks current global economic crisis, I've &quot;exiled&quot; part Shanghai, good 15-20km away heart action. Granted nice mall right beneath hotel, ONLY one mall nothing much around (unless love shopping old computers IT knick-knacks &quot;mall&quot; opposite). But like taking metro mind (massive) crowds one world's populous cities, fact located metro station find favour you. Getting food quickly, shopping groceries fill room's mini-bar going parts Shanghai served metro would never issue. Convenience tagline here.Amenities wise, suffers weird design hotels form part big building actually office block. Those who'd stayed Grand Hyatt Jinmao Lujiazhui JW Marriott Tomorrow Square know I mean. Having lobby 25th floor, gym 10th room 38th breakfast place 26th floor, using elevators, confusing enough anybody, included. Imagine dip gym pool wrapped bathrobes, take elevator guests office workers 25th floor lobby, walk dripping water elevator 20m away take another elevator room 46th floor. One reason I use trunks despite high hopes time round.But again, sucker high-rise hotels love views 46th floor glass window, one you. Yes, admittedly, I loved view room too, frequent visitor Shanghai, much thrilled about. And talking view Lujiazhui financial district Bund 20km away.All all, new touches 5-star outfit software, especially wait staff breakfast place front desk staff, lived expectations. I think good training plays strong role I happy Renaissance able achieve city truly known good service people usually deemed less courteous.Oh, one small (quirky) thing mention: suggestive uniform staff... I notice made wear coat suit shirt, blouse even T-shirt it! So see cleavage well-endowed staff chest hairs others stout erm, manly. Gosh! I know I complain since feast eyes, still.... haha",0.12441865747421303,0.4455749291860403,Apr 28 2009
3,3,"Convenient Hongqiao Airport/Shopping/Metro Station Extremely pleased recent visit. Very modern 60 storey sits atop large Cloud Nine shopping center main Metro line (Zhongshan Park station: lines 2, 3,4). Within 5-6 miles Hongqiao Business Park, Shanghai Innovation Business Park Southern Railway Station. Easy find night since building outlined neon blue lights. I could Pudong area across river &lt;40 minutes straight subway line (avoid traffic taxi fare). Same subway line drop People's Square, Nanjing Road, Bund, 15 minutes. Good sized rooms new modern comfortable beds flat panel TVs. Executive lounge unique dual-level; large, comfortable decently stocked drinks light snacks brought attentive staff certain hours. Plentiful breakfast buffet morning. Azur restaurant standard fare. Multiple choices dining (both fast food sit down) Cloud Nine shopping center without ever leaving buidling. If fly Shanghai domestically Hongqiao airport business sightseeing side river, convenient. If flying Shanghai Pudong International airport business Pudong area I would recommend Renaissance Pudong.",0.2040199227296002,0.4423842107713075,Apr 10 2009
4,4,"Easy Access Location The sits next / atop shopping mall (Cloud Nine Shopping Mall - http://shanghai.iknowthiscity.com/?p=229). The metro runs mall basement level easily accessible without go outside. The metro station Zhongshan Park line #2, interchanges lines #3 #4. Line #2 runs east-west take tourist destinations. RMB3 get destinations west river like Peoples Park (Shanghai Museum, Shanghai Grand Theatre, etc.) RMB4 gets east across river Oriental Pearl Tower, Jinmao Tower, etc. RMB4 also get Long Yang Lu station get MagLev Pudong (RMB40). For RMB 44, get Pudong easily within ONE HOUR cheaper taxi (fare RMB200) faster, especially weekdays.Within mall, dozens restaurants fast food places. Almost menus Chinese English. The location residential area, staff fluent English tourist areas Nanjing Road, sufficient get by.The lives Renaissance name. The staff fluent English professional. The minor drawback lobby 25th floor means take one elevator 25th another elevator room. Strangely offer turn-down service. Otherwise I recommend want get away central part Shanghai. The shanghai metro easy use get around, offering cheaper, faster way get around, making great value.",0.18500000000000003,0.4365942028985507,Feb 13 2009
5,5,soggiorno fra le nuvole !!!!,0.0,0.0,Nov 25 2009
6,6,??????,0.0,0.0,Nov 19 2009
7,7,???????,0.0,0.0,Sep 1 2009
8,8,?????,0.0,0.0,Aug 26 2009
9,9,??????????,0.0,0.0,Aug 19 2009
10,10,?????????????,0.0,0.0,Aug 12 2009
11,11,????????????????????????,0.0,0.0,Aug 5 2009
12,12,?????????????,0.0,0.0,Aug 4 2009
13,13,???????????,0.0,0.0,Jul 11 2009
