,Unnamed: 0,Reviews,polarity,subject,Dates_extracted
0,0,"Mixed feelings I stayed last year march. Actually, I rather satisfied choice issues contribute lower rating. Advatages:- Beautiful rooms. In opinion, one nicest rooms I ever to. They big, clean, equipped everything one could need special atmoshere.- Friendly helpful staff.- Nice common areas Chinese influence furniture architecture.Disadvatages:- Location. There nothing interest area, even posibilities drink. The way (exept taxis) get Bund taking bus (up half hour!!) complicated find bus station, especially way back Bund hotel.- Breakfast tasteless served ugly rooms, partly without windows. - No spa area (at least I find any)- Appearance outside nothing special, simple block cannot compared stunning architecture Shanghai (but minor issue)To sum up, I regret stayed Golden Jade Sunshine surely better choices.Shanghai city well worth visit. It historical cultural feeling Beijing perfect example want see nation's national economy prosper. Quaters like Pudong, Bund Nanjing street well French quater also places gorgeous, whereas &quot;old city&quot; everything else connected Chinese traditions disappointing. All all, I loved Shanghai hope return one day prefer Beijing.",0.10206501831501831,0.4831623931623932,Apr 22 2008
1,1,"Adequate needs Hotel part Travelsphere Discover China Tour. Nothing much around views building sites. However planned activities nights meant location problem. Supermarket across road brilliant cheap beer chocolate. Smoky bar area non-smoking floor OK.Rooms large well appointed possible toiletries etc.Shower good, enormous bath.I like hot/cold water dispenser room thought water tasted strange. It seemed take forever boil seem hot. I would buy alternative bottled water supermarket drink that.Breakfast adequate.A Satisfactory stay.",0.2947619047619048,0.6161904761904763,Apr 11 2008
2,2,"Plenty sunshine Shanghai! If smack-bang middle activity Shanghai, look further!The Golden Jade Sunshine Hotel great terms cleaniness, comfort friendliness. Rooms tastefully decorated &amp; large, bathrooms generous shower vanity area. If sensitive smoke though, favour book onto non-smoking floor people Shanghai smoke (and spit...ugh) absolutely everywhere!It's 15minute taxi ride Nanjing road there's really alot happening area around hotel- although there's great convinient store across road grab 2 minute noodles midnight munchies.Hotel provided complimentary bottled water everyday slippers, even rent plug adaptor charge camera, phones, etc.Breakfast little ho-hum. Loved variety, everything tasted bland oily. Typical Shanghai food I guess, can't complain...plus can't go get breakie anywhere else since else local eat!I reccommend quiet location stay in, tour staying young kids. Otherwise things places wonder free time, I highly reccommend staying somewhere else closer Nanjing road.",0.2025453514739229,0.5350113378684808,Apr 1 2007
3,3,"nice I've stayed Golden Jade Sunshine Hotel Shanghai January I've great time. Hotel situated city centre I mind much taxis cheap get anywhere. The neighbourhood nice convenient several supermarkets, pharmacy amenities one find useful. The interior designed oriental style room oriental style also. The room comfortable nice. The shortcoming window overlooking construction site meters away made horrible view noise 7am untill 4 pm. The room equipped satellite TV watch CNN, HBO number Chinese TV stations also broadband connection free. Since I bring laptop I wanted use internet business centre I told non-Chinese websites available mechanical problem (!?).The staff really nice helpful. They spoke English German well.We buffet breakfast really nice. We could choose Chinese breakfast Western one.I would definitely recommend anyone.",0.16634615384615387,0.49711538461538474,Jan 26 2007
4,4,???????????????????????,0.0,0.0,Aug 17 2009
