,Unnamed: 0,Reviews,polarity,subject,Dates_extracted
0,0,"Really nice It great surprise discovered thar 30â¬ bedroom deluxe one King size bed fantastic view. It's really close Bund city center, really wlaikng distances, like say places... I'd really reccomend it. The best 10 days trip China!",0.37750000000000006,0.4925,Sep 24 2009
1,1,"Big average OK Entering looks bit shabby, service OK, takes, rooms modern, tab extra knob drinking water interesting location great; cross brigde almost Bund. Have breakfast view food; I seen view I avoided it.",0.2611111111111111,0.35000000000000003,Aug 27 2009
2,2,"VERY unpleasant staff This good value hotel, rooms spacious clean location excellent, yet I rarely found unpleasant staff worldwide!!! They seem unable smile totally annoyed questions relating ANY topic. If insist upon asking information city, end getting tiny piece paper words scrubbled Chinese one ever bother explain mean (you're supposed show piece paper taxi drivers, etc). All refers ALL employees managers working hotel, reception businness office.Also, main entrance, systematically get harassed people trying take local markets literally following street get really upset yell leave alone! Why anyone anything keep people away?",0.013872549019607845,0.5324019607843137,Aug 22 2009
3,3,"HORRIBLE STAFF TERRIBLE BREAKFAST ROOM We 3 Nights book business room double bed, first sight everything looks ok outside....and Lobby...the Staff impolite speak English...the bell boy face look like smelled bad rude us...Positive: Location near Nanjing Lu , reach TaxiNegative:1. rude, impolite Staff 2. room smell strange damp3. breakfast poor please go outside take breakfast, miss breakfast Hotel...and expensive food serviceAVOID THIS HOTEL!",-0.25035714285714283,0.5185714285714286,Aug 11 2009
4,4,"Worst ever stayed Where start, thats problem.The staff ignorant rude. I stood waiting check took 20 minutes even acknowledge stood lobby. Room service appaling, ordered food took almost hour send up, time longer hungry. And add tip without even checking thats okay you.THEY ALSO CONNED ME.The staff dishonest.I wanted change 50GBP chinese RMB, roughly 500yuen. And pocketed money thinking I could trust them. But went pay something next day, noticed yuen, infact Taiwaneze dollars. (100 yuen=Â£10 100TaiwanezeD=Â£2) This meant lost Â£40. I went complained them, refused hand back single penny. They denied everything. THIS HOTEL CANNOT BE TRUSTED!The bedding made, bathroom unclean. wardrobe small even fit hangers it.I would recommend ANYONE.",-0.10194805194805195,0.33766233766233766,Jul 21 2009
5,5,"Luxurious room bargain-basement price Several reviewers reported poor-quality rooms -- room April 2009 4 5-star quality, nearly nice Park Prince Tokyo I'd previous week. The interior finish beautiful perfect condition, linens bedcovers luxury quality. It may sub-standard rooms; happen get one these, ask better. The neighborhood right around much happening, far, -- inexpensive cab ride walk, -- fashionable tourist areas. For price I thought good value.",0.4279047619047619,0.6182380952380953,Apr 30 2009
6,6,"Price location OK food service poor We came tour I tried get 2 night extension online 6 weeks respond several attempts. So decided wait till got group. No problem getting extra nights. Room nice great view course noisy street outside - big deal use earplugs want window open fresh air. No a/c roomBeds hardest experienced China - Hong Kong Mexico hard! There security light inside door mind comes intermittently night. There possible way turn take eye shades. The bath tub deep slippery one needs careful. We asked non slip mat them.Food poorest places ate 3 weeks They set places table, coffee tea well stewed disgusting. The buffet breakfast lukewarm even early morningThe staff reception curt rude least bit helpful. We asked things neighbourhood either understand know.The rooms clean towels good, kettle tea drinking water tap. I stayed 3 star hotels helpful staff better food.",0.09433641975308642,0.5524691358024691,Apr 23 2009
7,7,"Fantastic price paid I amazed Â£20 night buy you. The room high standard, clean. It little small larger rooms. The lobby spacious get around town taxi easily cheaply. The service great, seem large desk different sections use I stood minutes staff heads I basically ignored. I eventually served English spoken staff. They made mistake bill double charged apologise rectify situation I even noticed it. Ignore touts outside wanting go shops! The main shopping street ten minute walk warned tourist get constant hassle people selling watches, dvd etc.",0.08789484126984128,0.4283730158730159,Mar 2 2009
8,8,"tolerable It's really cheap bad cab ride. But except cheap wares shabby restaurants there's much nearby. Also, rooms tiny stained sheets, tiny closets (not deep enough hangers) dingy bathroom. The massage parlor appears prostitutes - I check myself, sketchy guy lobby handing cards girls bikinis. And girls looked like hookers I saw hallways. Also place smells like ashtray left clothes smelling like ashtray. The fitness center business center bad might well all.",0.012500000000000002,0.41944444444444434,Feb 24 2009
9,9,"With low price complain about? With low price RMB216 (subject 10% charge, totally RMB238) per night, I satisfied even though downsides:1. In middle night, I could sometimes hear people next room talking also I could hear door bell neighbour room rang. I believe attributes thinner walls, uncontrolled voices people (as many local Chinese do);2. The bathroom wall facing bedroom made glass venetian blind outside. The venetian blind cannot totally closed up, sharing room non-lovers, embarrasing (luckily I travel alone time).All provisions excellent: clean large room, hot strong shower bath tub, slippers toothpaste toothbrush shower cap shampoo bath gel bed sheets renewed everyday (which I think necessary environment saving), safe (I walked back alone 10pm), good location 10 minutes walk Nanjing East Road Metro Station, staff normal, smooth reservation via venere.com.Bonus: A drinkable water tap apart usual water tap sink, electric water pot, hair dryer, safe deposit box.Some reviewers said nothing neighbourhood besides mobile phones, electronics shops. Actually small shopping mall north along Sichuan Road, 4 minutes walk away.Shanghai new favour weekends short vacations need make dress up, relax. It's full creation fun.Back hotel, worths much costs. I've Paris January. With provisions, least costs Euro 100 Paris.",0.11775169275169275,0.46196026196026185,Feb 23 2009
10,10,"New Asia Was Awesome I stayed New Asia high school cultural tour earlier year. It far best I stayed whilst China. The staff friendly, close good shopping, breakfast great. They however need larger seating area breakfast buffet - friends I usually sit peoples tables due lack free ones.Otherwise, great experiece.",0.3063368983957219,0.5440641711229947,Nov 10 2008
11,11,"Just fine $50/night The people dogged obviously think get $50/night. If looking bed that's comfy enough, location central enough (especially considering taxis places $2-$3), that's clean enough $50 night, New Asia fine. The front desk speaks english plenty helpful me. The breakfast even pretty decent couple days $4.50, gets tiresome eating thing breakfast every day. If high maintenance want 5 star 3 star price go elsewhere. As far women night, I approached man trying sell &quot;massages&quot; 3am one night, expected lot places 3am Shanghai.Also, advice find (which bit difficult without good map) take Maglev, switch metro get East Nanjing Rd-that way switch lines. Head East Nanjing (away Bund river) 2 blocks turn left (north) Sichuan walk another 4-5 blocks. The bridge left Tiantong rd. Hope helps.",0.09187088274044797,0.5320092226613965,Sep 30 2008
12,12,"Good location Stayed family end month long trip travelling China. This fairly central - short walk Nathan Road (over one bridge) close shopping restaurants. The clean, 3 star property. Nothing amazing basic clean. Beware rip-off taxi drivers get front door - one put metre overcharge us take us acrobats show.",0.17592592592592593,0.4972222222222222,Mar 28 2008
13,13,"Avoid costs....... I group tour students Portland State University. This 'hotel', actually brothel, awful. Rooms dirty, bathroom shower paint peeling tiels, ventilation inadequate, 'women night' prowling throughout hotel, massage area actually front prostitution operation. This unsatisfactory overnight stays.......many better options there......",-0.12083333333333335,0.5458333333333333,Mar 25 2008
14,14,"Very Satisfied We booked internet desperate get actually laundry service. We come back Suzhou Hangzhou comparison hotels stayed two cities, New Asia Hotel much nicer. I liked moment got cab cuz actually bellboy serving us. We saw many foreigners lobby felt secure instant. The room stayed (545) nice. They re-furnished room plasma TV movie channels(you pay 20-80rmb depending movie tho) . Their services quite satisfying. Laundry service, mini-bar room, see bathroom bedroom, like japanese love hotel. high-class one. lol furnitures made dark wood look modern classy. The amenities clean descent too. We ordered room service kick see good. To surprise, stir-fried rice tasty dishes yummy too. The breakfast amazing well. It located quite near bund going take walk today honest wanna stay in! i'm definately staying ever come back shanghai, although quite unlikely considering air pollution fact shanghai people snobby always trying rip us tourists. Highly recommend Hangzhou trip. It's beautiful air much cleaner. People civilized nice.",0.2738797061524334,0.5677640036730947,Mar 14 2008
15,15,"Proceed caution I booked room two nights elong.com--I think $35/night--and chose good location inexpensive rate. I expecting much. I planned stay two nights, actually decided leave one night. My room tiny, dingy (not little old also really clean), smelled strongly really acrid smoke bag still smelled like smoke days later. I woke hair pj's also reeked. UGH! I would suggest staying location + super-cheap-price concerns. Also, I traveling alone deadlock manual lock inside, creeped out. Actually, kind seemed like set 70s horror movie (but maybe I got creeped The Shining mind). EVEN SO, ruin time Shanghai--my new favorite city. I can't wait return...and shell someplace little nicer.",0.10956439393939393,0.4580965909090909,Mar 3 2008
16,16,"Better I expected My friend I booked standard twin room 3 nights. The quality better expected cheap price. The room clean beds quiet comfortable. The location quite near city centre, Nanjing Road could walk around 15 mins. Surprisingly, nice small local food shops around hotel. FiFi, Italy",0.22261904761904763,0.4738095238095239,Dec 27 2007
17,17,"Very nice We stayed two nights part group tour. We told expect much actually nice. It old art deco features inside 8 floors. The restaurant top floor. We nice room overlooking electricity cables outside, matter slept there. The beds comfortable room clean. There lot dark wood everywhere bit dark.The area around exciting somehow ended walking around red light district looking somewhere eat! The main shopping centre 1 km away Bund 10 mins walk.The night arrived three weddings could get anything eat bit pain, breakfast nice.Shanghai even bigger Beijing people speak English bit Western influence city bit easier go own.",0.28057971014492755,0.5518840579710146,Oct 23 2007
18,18,"Okay Stay New Asia Stayed New Asia Hotel part package tour China. The far worst stayed whole trip, still bad. The room large clean least safe th room. The real side whole choice drinks bar. No wine vodka I believe. It forced us get anyway certainly choice elsewhere.",0.00230880230880231,0.5406060606060608,Sep 30 2007
19,19,"worst dishonest staff frequent traveller. stayed many hotels none worst this. staff dishonest. Beware belongings want clean room check whether give fake note changing currency. Ban internet connection. Manager basic service manners. overall, say worst shangai. dun even deserve 3 stars",-0.28484848484848485,0.6022727272727273,Aug 23 2007
20,20,"Nice good location problems My stay organised tour company I traveling I happy choice. The room comfortable, spacious nice clean. Rooms serviced daily, problems. I stay couple days tour finished felt safe comfortable. I room one higher levels view looking city. It lovely night. Being main street, little noisy nothing overly horrible I sleep.Breakfast included westerner eastern country, quite experience. Luckily time got Shanghai used 'western style' breakfasts. Spam never looked good :-) hehehe... It's exactly used to, fine get by. It appreciated made effort cater us. Hey, foreign country can't complain really.The staff ok. I found attitude every stayed at. They spoke limited English abit abrupt, I think that's are. Often would find staff member could speak English help out. We lucky enough English speaking guide traveling us, last resort. Location - bad. Was half hour (slow) walk Bund. Taxi's always front door take ever need go quite reasonably priced. There major retail shops around corner Nanjing Road far taxi. I hesitation recommending clean, comfortable place stay.",0.1761904761904762,0.5264808362369339,Aug 8 2007
21,21,perfectly adequate I booked elong.net. I mostly driven price- seems hard get something 300 RMB Shanghai. We double room attached bath.I thought perfectly adequate- Hilton price expect Hilton. Reception staff helpful spoke good english. used business center book train tickets surf web went well.I never eat Hotel restaurants cannot comment food there. 1 block away busy alley (Zhapu Lu) full restaurants shops foot massage places- convenient. convenience stores within 50m never problem finding taxi.If looking affordable place stay I surely would recommend New Asia.,0.21344696969696966,0.38348063973063967,Oct 1 2006
22,22,"Fading glory China Located busy street corner, 10-15 mins walk tourist Bund, The New Asia Hotel foyer impressive. However double room felt like belonged different hotel. Definitely need renovation, carpet old stained, double bed small seen better days, shower took time heat bathroom could quality time scrubbing brush bleach.The staff polite, helpful absolutely be, expect much help maps suggestions eat. Check bit stressful lots people behind desk, 2 people allowed handle check excessive amount paperwork required effect this.We stayed cheapest level room saw door rooms seemed modern ours. Also, room rate got competitive.",0.11313131313131314,0.530808080808081,Sep 1 2006
23,23,"What looking for? Yes.. looking for?In August, looking budget hotel, far Bund, 3/4 stars.. seen lot hotels chinese web site good discounts, booked three night.The rate 26 euro / room / night, standard room, and, Shanghai, really good price. The &quot;old style&quot; building, 15 minutes walking Bund. We given 8th floor room, small, queen bed, prepared one (I think gave us single room used double). No view (in front building something), but, even small, room ok.. good air conditioned clean.The problem little &quot;smell&quot; wet, reduced hours keeping air condition max speed.We problems employers: really rude, poor English, every request seemed annoy them. For example, I went receptionist asking could write chinese address taxi driver.. I've answered &quot;Give Passport&quot;. &quot;What?&quot; &quot;Passport&quot;. She help untill verified I guest.Breakfast (3 euro), ok, nothing special, chinese (75%) continental (25%) good give energy long day.The street Nanjing Road (no shops, restaurant), find everything 10 minutes walking. We come back walking 11:30 pm, felt safe problem. Anyway, remember taxi take anywere 1 2 euros (Pudong 2,5 euro)I try restaurant ( I avoid holiday), I cannot give opinion.Well, budget traveller, looking place sleep, safe, clean, location ok, you. If family, child, businnes traveller, probably find something else (even deluxe rooms could larger confortable).",0.17202752976190477,0.43892857142857145,Sep 1 2006
24,24,"Great location cheap room rate Right bang Nanjing Rd Pedestrian area, road traffic noise real problem. Comfortable room seems recently refurbished . Managed get great online room rate (--). BUT beware , cheapest rooms windows!!. As staying week extra RMB60 per day well worth it. If energy could probably bargain bitCheaper rooms overly large adequate back sleep. Literally 10 -15 minutes walk Bund, Peoples square , Shangahi museum. Did use restaurant many great cheap restaurants around. Mojo Coffee Nanjing Rd aways provided morning caffiene fix.Hotel staff helpful English pretty good reception. Note would provide iron press clothes - send laundry service- cheap great service great I needed iron clean shirt busniess meeting!Major Hint-- - make sure take empty suitcase Shanghai YOU WILL buy stuff! If staying Shanghai, may well stay right action RMB 300 per night price right!",0.30868535586277523,0.5140552995391705,Jun 3 2006
25,25,"Not best place I experiences cheap good hotels Shanghai wanted stay near Bund time fun it. So I decided stay New Asia Hotel I found Trip Advisor website.This eastern side Shanghai good things are: (i) far Bund (ii) expensive (iii) rooms small clean (but mine view soever.) (iv) felt quite safe.The good things are: (1) immediate neighbourhood around interesting attractive (seems concentration shops selling hardware industrial products); (2) restaurant great would walk good 10 minutes decent restaurants hassle raining coz taxis also difficult come peak hours rains (isn't like world over??); (3) Hotel dfinitely NOT within walking distance nicer areas shanghai hengshan lu area, leafy area formerly part French German concession (so I told) consulates located lots nice restaurants, bars etc) (4) NOT near business financial area around Portman RitzCarlton area (could 45 minutes cab peak hours) (5) near Yu Yuen Lao Shanghai Jie places frequented tourists south (could 20 minutes cab peak hours);(6) near Xin Tian Di, happening place bars Shanghai. The worst thing New Asia Hotel pay internet access. It's one strange things Shanghai usually get free high speed broad band access cheap pay staying expensive (like Shangri La equivalent). Perhaps I'm one fault, I've stayed cheap good hotels Shanghai Beijing never pay broadband access I shocked told chargeable. Broad band access US$8.00 per day.As I travel Shanghai part business part fun, I staying New Asia Hotel again.",0.10004662004662007,0.5229496144880759,Jun 3 2006
26,26,"A decent enough cheap option I stayed 5 nights, leaving 13th Jan. Pretty good location - 10 mins Bund - decent price, v.good breakfast, though food restaurant average. In fact restaurant character all. Best get food. The facade cleaned, room, others, view street outside. I opened curtains morning find tarpaulin drawn across. Didn't hear much noise workmen though. The cleaning go mid-february, certainly negative, think online prices lower normal this.",0.20555555555555557,0.508888888888889,Jan 22 2006
27,27,Nice rooms lousy food An OK lousy breakfast. The location condition room excellent.,0.22000000000000003,0.7,Dec 20 2005
28,28,"Good great breakfast The twin room I stayed fairly large, clean good condition. The close several good shopping streets, lots bars restaurants. The best bit though breakfast, wide range Chinese Western style foods.",0.3982683982683983,0.3980519480519481,Jul 29 2005
29,29,n ai pas aime,0.0,0.0,Nov 5 2009
30,30,????????,0.0,0.0,Sep 28 2009
31,31,hÃ´tel moyen,0.0,0.0,Aug 20 2009
32,32,??????????????,0.0,0.0,Jul 21 2009
33,33,Nos gusto mucho,0.0,0.0,May 10 2009
34,34,Meiden Sie dieses Hotel,0.0,0.0,Mar 11 2009
35,35,gutes 3-Sterne Stadthotel,0.0,0.0,May 18 2008
