,Unnamed: 0,Reviews,polarity,subject,Dates_extracted
0,0,"Excellent experience We thoroughly enjoyed hotel. My partner I spent 8 nights vacation planned business trip cancelled. We'd stay either reason. The location excellent -- 2 blocks Jing'An Temple metro station, walking distance People's Square, French Concession tourist sites, short taxi ride places tourists go.We found room amazingly low price Ritz -- easily less half I'd expect pay US elswhere, willing arrival upgrade Executinve Club level. It worth it. This gave us 24 hour access helpful staff, snacks drinks, free business services, including internet access, plus breakfast morning happy hour evenings. I'd highly recommend splurge, especially since charge internet rooms.The rooms luxury standards every way offered good views city. Some site described &quot;cold,&quot; I guess eye beholder. (I'm sure mother would agree.) I found elegant beautiful.The part complex 2 resiodentail towers expats small shopping center. It bit much like home taste (Tony Roma's, California Pizza Kitchen), I admit I liked supermarket selling western items there, I go Starbucks. There actually restuaurants many tastes, I ate good Chinese restaurant seemed attarct locals well foreigners.My concerns -- service inconsistent regarding little things, like turn down, newspaper delivery, always occurred, differently day. The concierege desk could best described unengaged -- one sentence anwers, quick recommendations rather asking questions find might best custormer, sort thing. All though, nice place stay.",0.25954861111111116,0.4839027777777778,0.4839027777777778
1,1,"5 stars Excellent everything, room big clean. However, internet charged RMB 120 / day, seems routine China hotels. Close Plaza 66 located busiest street. The buffet breafast good many choices.",0.5111111111111111,0.5666666666666668,Oct 31 2009
2,2,"Great location terrible internet bad 80â¬ night The best thing location &amp; amount useful services outside front door shopping complex - several restaurants, nice massage place, pharmacy, Starbucks, supermarket. This great business execs like always hurry. The rooms pretty standard, actually first time stay RitzC &amp; I underimpressed. The Meredien JW Marriott Nanjing East road nicer, good location.Both co-worker problems cleanliness room checking in. I totally suprised cheap rate internet - less half price Meridien 800 RMB including buffet breakfast.The worst internet access worked half time even abnormally slow. Staff tried pass government blocking sites, I used access airport lounge departure &amp; problem there.Hard say I stay next trip SH - internet problem really got nerves.",0.11666666666666664,0.511111111111111,Oct 25 2009
3,3,"What Age ? Ok, little tell-tale signs age (like design lift lobby &amp; architecture) Ritz always live reputation. Great maintenance good service. It centrally even train station (Line 2, Nanjing West station) want beat gridlock Shanghai traffic. LobbyThe position reception little awkward. You go main entrance, past lift lobby (to rooms) turn right. You FIND reception check-in.Rooms*Very Spacious bedroom bathroom*Flat Screen TV*5-star toiletries amenities*Very plush mattressBreakfastIt good western oriental spread Tables.I would absolutely stay !",0.1652674706246135,0.5156462585034013,Oct 17 2009
4,4,"Close perfection We much enjoyed three nights Ritz-Carlton, built late 1990s almost venerable local standards. If donât business Pudong, location West Nanjing Road good, opposite 1950s Soviet-style Exhibition Hall short taxi ride Renmin Square. We excellent view SW French Concession. The centre upmarket apartment/office complex shopping mall amenities five star plus establishment.Our Club room bathroom spacious elegantly furnished liked slightly retro decor generally.In-room internet service pay-as-you go, irritant, free access Club.Service Club elsewhere impeccable excellent dinner Palladio, hotelâs Italian restaurant. The airport arrival departure service expensive greatly eases experience.This one best hotels type stayed in, anywhere, strongly recommend it.",0.32083333333333336,0.53,Sep 25 2009
5,5,"A good exceptionally good service I returned 5 days Shanghai whilst staying Ritz Carlton.The fairly central location good selection shops, restaurants bars encircling entrance bars restaurants within 2 minutes walk.As would expect standard facilities great fixtures fittings still look like new even though refitted couple years ago.I stayed Club Level section hotel, slightly expensive normal rooms addition Club Lounge facilities includes business facilities well 6 separate dining options throughout 24 hour period, coupled unlimited beverages alcoholic non variety throughout stay Club Lounge.The service faultless personal touch even remembering name (with guests names remember I amazed).The rooms I thought clean comfortable nothing outstanding money paid.Drinks average 5* room service, took advantage club room save fortune would miss nightlife.All quality I would use I try couple others I visited whilst Shanghai.",0.303317384370016,0.571555023923445,Sep 23 2009
6,6,"Excellent Business Hotel Ideal Location I stayed Portman wife 5 nights September. The location near perfect. It two blocks Jing'An Temple subway station, plenty taxis outside, central location means relatively close neighborhoods. The latter point important us Shanghai constant state traffic gridlock. Yes, better newer hotels Pudong side, convenient shops, restaurants nightlife. There also small market beneath sells western food drinks caters expat population living two service-apartment buildings sandwich Portman.The room spacious, flat-screen tv good-size bathroom, separate glass-enclosed shower. Our rate includes internet breakfast, I agree reviewers internet, paid separately, expensive, mention slow. The breakfast good western asian selections. Service sporadic. One day offered tea coffee (ordered waitstaff included buffet) another day one asked wanted them. Like Chinese service, pro-active flag waitstaff want something.Overall, experience great, wonderful business central location.",0.22997863247863246,0.4391239316239316,Sep 16 2009
7,7,"Comfortable Cold This last stop 2 week trip China pricey booked (also stayed Regent Beijing, Sheraton Guilin Yangshuo Mountain Retreat). We received terrific rate using Agoda accessed via TripAdvisor's comparison pricing significantly less quoted rate Expedia, Orbitz others deluxe room breakfast included. Only problem record prepaid reservation arrived spent several (about 15-20) minutes looking record reservation despite copy finally agreed entitled room there. The room large excellent toiletries bathroom lovely separate glass shower deep soaking bathtub. Buffet breakfast huge included Chinese, Western Japanese specialties , though tea coffee service slow servers often searched for. The entire &quot;feel&quot; cold impersonal. In addition, substantial daily internet charge seemed inappropriate expensive begin cost Business Center ever higher. The location terrific--close subway easy access inexpensive taxicabs well. This clearly elegant generally &quot;cold&quot; charming feel it. I prefer charm.",0.07103174603174603,0.5523412698412699,Sep 9 2009
8,8,It perfect hotel. I think perfect food services there.And I like envirenment there.,1.0,1.0,Aug 24 2009
9,9,"Very good business I stayed first trip Shanghai business. The upgraded colleagues club room. The room spacious, nicely furnished nice big bathroom. The service good, staff friendly helpful. The location fantastic (Nanjing Road West, near Plaza 66) - lots shops restaurants vicinity. If wish venture areas city easily done via taxi cheap Shanghai.",0.397948717948718,0.6316666666666667,Aug 23 2009
10,10,Excellent food excellent service! Every thing good! I felt comfortable there.,0.84875,0.9,Aug 20 2009
11,11,"Lub It This around while, even though exterior charmless, I happy newly renovated rooms. I still like location, service, also importantly, around long taxi drivers definitely know get there. With almost destination, literally guide taxi driver street-by-street basis destination.",0.24689393939393936,0.6215909090909091,Jun 26 2009
12,12,"Where everybody knows name The Ritz Carlton hotels exemplify great service. I stayed business twice reception always amazing. There staff member waiting pick airport arrive waiting take directly room check (no front desk waiting). This welcome long flight. Through week I also greeted repeatedly lobby staff name many times. The staff available quick question help.The rooms impeccable, bathrooms always lovely. Amazing large tub shower. The beds comfortable wonderful flat screen t.v.'s. The gym nice lot equipment available. I never issue finding machine work on. Food restaurants great. The great buffet breakfast. In Portman plaza also great places get western food. I'd recommend Element Fresh! You also shop many malls walking distance. Its great area, lot business expats here.",0.486304761904762,0.6239428571428572,Jun 23 2009
13,13,"Doesn't quite live expectations I've stayed Portman Ritz Carlton visiting Shanghai opportunity stay month break 6 years.While there's distinct improvement rooms, there's distinct drop service levels.At check in, staff attempted shoe horn twin room even though king bed booked confirmed guise 'completely full'. Twenty minutes later, room king bed magically become available.The room pleasant. Good furnishings. Great bath waterproof pillow attached top. The shower good range temperature pressure.Food options limited couple international outlets like California Pizza Kitchen right outside hotel.Breakfast currently served Tables restaurant restaurant accessed outside due renovations progress. The breakfast selection standard nothing particularly pique curiosity.The airport transfer expensive I wish cheaper equally convenient options available.In all, decent completely lacking service one would expect Ritz Carlton.",0.22049264069264068,0.44854285714285713,Jun 22 2009
14,14,"High quality business Use regularly located near office. High standards staff service, rooms good size, usual business services available. secure. Near restaurants various styles price levels, convenient business district. Drive Pudong airport hair raising.",0.177,0.4306923076923077,May 10 2009
15,15,"partially renovated full amenities showing age Service typical China, great compared Asian countries service among best world. Restaurant food ok, great. The complex everything, including starbucks, HSBC, Paul's French bakery/ restaurant, pool, etc. However, new hotels major Chinese cities, one starting lag (though one point time, set standard Shanghai). Hotel +/- 20 years old, thru 1-2 renovations already. However, parts still looking old, hallways brown/rust colored carpet date furniture. Location seems bit way new center town, seems closer Huangpu river.",0.09493145743145744,0.33019480519480515,May 8 2009
16,16,"Finally Renovated I like decor Pros- Great Location- Great public areas- Rooms finally renovated- Still best breakfastCons- Hate new colors- Service nice, nothing spectacularI've stayed several times years work. So I've seen many sides throughout years. The recently renovated that's good news. The bad news new coloring nice 6-7 years ago. The brownish room coloring gives old feeling made feel I 75 yrs old. Bathrooms impressively updated full marble glass that's good thing. In fact, brown-colored bathroom themed seemed match room decoration. That may I feel fully comfortable sleeping rooms.Good news public areas still spectacular. All years, public areas always immaculately clean. The restaurants, nice, overpriced. Buffet meals excellent (still best buffet breakfasts Shanghai) dinner buffet geared western business travelers. The location great Nanjing road, yet located heavily congested parts East Nanjing Road. Service good, yet slow. Check-in process language barriers (us Americans speak bit fast sometimes) major problems. Food service restaurants good well, even though buffet services. Note, RC Portman expensive, would expect brand. So great value, especially compared Le Royal Meridien. I think hotels equal preferences largely dependant preferences. Le Royal Meridien newer hardware seen bit modern tastes. I prefer RC Portman's location driving bad trying get Le Royal Meridien's prime Nanjing location downtown Shanghai.",0.242878905514775,0.5787172971955581,May 7 2009
17,17,"Comfortable Puxi-side luxury calm(er) part town Overall, offers luxurious experience competitive price. While property compact, still manages almost everything business pleasure traveller would want. While might argue get true local flavor staying here, relative calm order property quickly make it. Finally, first-timers mind spending little more, limo service smart way go getting in/out airport. Some points I hope useful:-Streets / sidewalks congested parts town-Standard rooms plenty space two lots hidden treats strewn about. Lots closet space drawers long-term stays. Even discount rate, able score 29th floor room.-If expect rely public transportation, area might disappoint. There indeed couple subway stations within walking distance, far enough taking taxi almost always better option.-If intend walking, factor 40 mins get People's Square (with couple hair-raising road crossings way). -A lot expats reside area, could good bad; also means many chain-store options: downstairs Starbucks definitely convenient, high-end boutiques within around (along prices) different find international cities.-Check-in/out quick orderly experience; might experience line cutting, assertive time wasted.On personal note, first trip Shanghai I opted Radisson New World. I noticed prices part town I wanted stay (i.e. Puxi side / Nanjing Road). My main concern lack transportation options, I found Shanghai taxis quick efficient (as long directions written Chinese ready), I never felt like I cheated.",0.10711214461214462,0.44137124137124145,May 7 2009
18,18,"Lovely right Nanjing Road Since renovated, rooms nice. They spacious, fabulous bathroom. We stayed Club Floor. The lounge great, wonderful views. Food tasty lounge Cafe.",0.6276190476190476,0.8392857142857143,Apr 15 2009
19,19,"A piece home Shanghai! I stayed Portman business large group. The Portman extremely comfortable, would expect Ritz Carlton. The beds gave us great sleep long days! The rooms bathrooms extremely large always nice. The Western business park everything Starbucks California Pizza Kitchen. After traveling Asia 2 weeks, succumb CPK one night, nice American option. The great location- never waited minutes taxi, reason take taxi dirt cheap! The breakfast incredible, included room rate incredible selection food- American Chinese. Room service also good. The complaint I would power went numerous times. We faulty hair dryer- even on, would blow fuse opened drawer in. They pretty good sending engineer quickly, 5th time getting pretty frustrating. I constantly meetings, time change rooms, although never gave us option. If I go back Shanghai I would definitely consider staying again. You get authentic Chinese experience, OK trip. Shanghai wonderful- city incredible I would love go back.",0.318316798941799,0.5540410052910052,Apr 10 2009
20,20,"Great atmosphere incredible energy buzz throughout hotel. Lobby Lounge great teas, perfect afternoon. Great atmosphere. Comfortable. A new favorite place afternoon tea. Would definitely recommend friends!",0.592929292929293,0.7671717171717172,Apr 3 2009
21,21,"great hotel!!!! I visit Shanghai 3-4 times year try always stay hotel. great location close shopping bar/restaurant areasnice sized rooms well kept general. The gym also average. service attentive helpful, could something internet service slow wireless",0.24444444444444446,0.4888888888888888,Mar 25 2009
22,22,"Very good The quite old Shanghai I think rooms must redecorated recently. They're good. Big bathroom, LCD TV DVD. There's shopping center outside western supermarket, Starbucks sort thing.I've stayed times. I mind staying again.",0.18,0.2705555555555556,Feb 26 2009
23,23,Very Nice Very nice-truly first class...loved western food available location (good first time visitors). Excellent service helpful. Not folks want real local color-all upscale places nearby-but fun see. Great price.,0.37538461538461537,0.4108974358974359,Jan 13 2009
24,24,"Beautiful Hotel The disappoint, although compared new Beijing Ritz room smaller pricier. However still Ritz standard. Professional staff, large clean room nice amenities. Very helpful front desk concierge service. I dine restaurants. Within walking distance plenty nice restaurants, likely much reasonable price tabs.",0.28979353979353983,0.5833166833166833,Jan 5 2009
25,25,Brilliant. Great Place I stayed Portman business. It compares favorably Shanghai I stayed (Hilton). Very large rooms quite reasonably priced due company deal them. Excellent location Nanjing Road. Very nice bar enjoy live music drinks. Not sure restaurants. get better value elsewhere. Th Chinese restaurant fancy rubbish terms food quality. I didnt try Japanese place.Good swimming pool. But deserted.,0.3746382189239333,0.5747165532879819,Jan 2 2009
26,26,"Nice comfortable Stayed Portman days ago friends wedding. Had high expectations ritz, met expectations. The room good size, bed comfortable. Check fast efficient even though spelt name wrong took longer find reservation. Room service fast food good. The Japanese restaurant however good pricey shanghai standards. would reccomend it. Location decent, lots high end shops plaza 66 right next door. Overall average hotels Ive stayed shanghai.",0.15101904761904764,0.4922190476190476,Dec 8 2008
27,27,"Top choice Shanghai Was Shanghai end October exhibition, stayed Ritz...the rooms really nice, over-all excellent service.I taken photos rooms everyone see. The room I booked I think around 50m2.The Jazz bar quite good want wind stay night.Only downside elevators, always huge fight get mornings around dinner time...the really something this, Mainlanders know concept lining up!",0.4077160493827161,0.5654320987654322,Nov 29 2008
28,28,"brand new! Brand new! Yes, The Portman completed 's much awaited renovation. I course called make sure true booking room - last thing I want hear never-ending drilling hammering. I always preferred stay location central usually takes less 20 minutes get anywhere everywhere Puxi area. But avoided early months year renovation. Rooms nice club lounge area super spacious! Love it!!! Oh - also bombed previous coffee house transformed nice contemporary all-day dining.",0.22921697443181818,0.44883207070707076,Nov 26 2008
29,29,"The best Shanghai After staying 4 days &quot;Pennysula hotel&quot; Beijing, happy Portman was/is/will true five star price service. The room lovely good quality amenities. The service better excellent. We executive club floor, staff extremely helpful attentive, I went last day tip Simon Wang extremely helpful friendly, unfortunately. We ate Chinese Restaurant, excellent usual. Good taste, good portion reasonable price. The Italian restaurant however another story. It's excellent usual, price? Put way, need small mortgage eat there.Generally speaking, much better time Shanghai Beijing. Portman always favourite since first stay 1998. Good location, good service good food.",0.38482142857142854,0.5928571428571429,Nov 1 2008
30,30,"Brand new good location After remodling, room great &amp; location Ritz Carlton could better.Service phenomenal.",0.5340909090909091,0.5761363636363637,Aug 1 2008
31,31,"Not great expected Before trip excited stay Ritz Carlton, expectation way high! However arrival disappointedThe lobby average, room average much real luxury get Indian 5 star hotelsService good, staff responsiveOver would recomend",0.19125,0.5325,Jul 30 2008
32,32,"Love check - love Club I think place greatest! I booked Club room sedan airport. As I walk Customs, I greeted usual smiling airport representative, time informed I desired would complete check process waited car come around!! What great set-up!!! Mind car alsways minutes, now; instead standing around waiting I could get check process completed. When inquiring new Club service said &quot;Not all, additional service, enjoy time Shangha more&quot; I floored! When Ritz opening airline????",0.3714015151515151,0.5171717171717172,May 2 2008
33,33,"A little way great comfortable room! I prepared based reviews little way was. The described 5 min. walk Line 2 W. Nanjing station big luggage tow sore feet like 10-15 min. It easy find, though! Based later taxi rides I definintely would taken &lt;$2 cab ride subway station hotel. We arrived rail station around 9am crossed fingers they'd let us check-in even mentioned - given fantastic room great view Shanghai Exposition Center across street. The bed ridulously comfortable room well appointed nice decor large flat-panel tv multiple English channels. The bathroom decked nines designed cool trendy. Within moments getting room tickets Shanghai Acrobats delivered. We delighted find acrobat theatre level 4 - idea checking in! A Starbuck's, California Pizza Kitchen, Tony Romo's, pharmacy grocery store located Shanghai Centre complex far walk busier area Nanjing, Yu Yuan Gardens Jade Buddha Temple. There dim sum restaurant across street named Bi Feng Leng (or something similar) great treat - ask English menu! Concierge helpful, easy catch cab overall I truly enjoyed stay.",0.2829926108374384,0.5329967159277504,Apr 30 2008
34,34,"Love Portman Ritz Just came back Portman Ritz Carlton. I love hotel. The renovated room splendid abundant ammenities available. Service excellent, concierge helpful helping find places looking for. Location nanjing xi lu location upscale designer brand malls-- excellent location metro line 2 2 blocks away hotel. One downside hotel: still undergoing renovation work floors expect hear drilling sound early 7:30am. But overall splendid room, excellent location outstanding service. I definitely stay again.",0.49166666666666664,0.6203125,Apr 22 2008
35,35,"Good service; updated rooms nice This second stay Portman Ritz-Carlton Shanghai. Service top-notched stays. During recent stay, I one newly updated rooms. Very nice, indeed. The definitely needed upgrades. I satisfied value hotel.Also, stay, I feeling well. During breakfast I asked server pharmacy nearby. I pleasantly surprised later day &quot;get-well&quot; card staff room. Nice touch! By way, located area caters ex-pats. There pharmacy there, medical clinic next it.The overall location convenient shops restaurants, albeit little pricey given prime location.",0.23993315508021387,0.470855614973262,Mar 29 2008
36,36,"Nice - bad service Stayed 2 weeks hotel. The location good: In center Shanghai Nanjing W rd, includes kind facilities Starbuck good swimming pool. I deal 3 issues make think bad choice:- Value money there: 380 RMB breakfast (50USD). Room rate 1300 RMB (for simple room).- Personal lobby unfriendly glance - No security, anybody use lift reach room. This issue consider enter 3 sides.There plenty alternative Shanghai offering lower rate.",0.18363636363636363,0.5614069264069264,Mar 24 2008
37,37,average stayed first time 10 years back days till shanghai amazing development property didntnow average maybe great entrance price much better options pudong puxi also dislike location restaurants downstairs option really good options walking distance bi feng tang,0.1704545454545455,0.4439393939393939,Mar 2 2008
38,38,"Not impressed Stayed Ritz-Carlton weekend Shanghai. Note renovating rooms, club lounge, all-day restaurant ground floor outside, noise top bottom hotel.Most rooms however supposedly renovated, means 'larger bathroom' flatscreen TV.On surface seems fine, niggles make wonder hotel. First charge internet, 96 RMB per night. I plugged Mac work, I ring business centre, say &quot;our network work Apple computers&quot;. In fact end I 'duty manager' business centre woman breath could killed small children room, I fixed entering data network settings.Breakfast budget small African country, I went Starbucks round corner - also HSBC nice little supermarket full imported goods. I left shopping room cleaned. When I came back shopping gone, took hours returned, explanation apology.The standard room small, reasonably well fitted out. again, mistake - put DVD player, plays Chinese DVDs only. And TV stuck wall, I could plug computer.Not sure whether I would stay again, long walk metro, surrounded shopping centres rather anything touristic.",0.10975694444444449,0.40592592592592597,Jan 30 2008
39,39,"Newly Reno Rooms Perfect I arrived Jan.3 stayed 2 nights. I treated royally given one newly renovated king rooms. It impeccable. I stayed several Ritz hotels United States one superceded rest respects. The swimming pool long good length swims. The health club amenities first class every respect. The room service second none rapid I anywhere world. When I asked help internet connection I barely hung phone well spoken English speaking Chinese duty manager service. I stayed one night 18th floor night 20th floor. The bathrooms comparable suites Bellagio fine details like Wall Street Journal delivered exquisitely woven bag impressive. A big bowl fresh fruit rooms nights two bottles well needed water. I found every attention detail room excellent. The American ones take lesson presented here. As I found traveling worldwide best eat local foods stay away American attempts. I try deluxe hamburger one night found bad one I Hilton Amsterdam wise choice. Oriental influenced fish, chicken, pork dishes finely presented Tea Garden. While I better food 5 star hotels I really complaints traditional Chinese foods cooked served here.",0.23803030303030306,0.43040259740259734,Jan 11 2008
40,40,There's better... Good luxury meet executives 'famous' people. But really central (need walk blocks take cab city's shopping restaurants areas). A much better place stay central New Jin Jiang Tower French Concession district (not mix older Jin Jiang Tower) became favorite 4 trips Shanghai.,0.2548209366391184,0.4534435261707989,Dec 30 2007
41,41,"Not worth money The well located offers quite bit shopping within walking distance fails meet expectations come prices charge.PROSGreat location friendly staff. CONSThe rooms decor older needs updating. The TVs equipment rooms also need serious investment. If option, skip $40 buffet breakfast talk walk outside. Not breakfast $38 $40 including service good.I surprised Ritz-Carlton 3-4 security personel lobby times allowed prostitution openly sold lobby second floor bars. After 10-11 PM so, prostitues (at least high class) could seen hanging around lounge, bar elevators.Overall, I recommend based cost inability meet standards sets prices.",-0.023541666666666662,0.39781249999999996,Sep 28 2007
42,42,"Good somewhat indifferent experience I first stayed Portman back 1992 still Shangri-La property. It later acquired Ritz Carlton chain,and I stayed half-dozen times last two three years, including last couple days. In 1992 state-of-the-art, pride Shanghai. With veritable explosion five-star properties recent years Portman finding tougher keep up.The lobby magnificent gleams quality Ritz combined bit Far East mystery. The bar area attractive comfortable, though cab lines often long, front entry unique mini-city.The rooms range decent good, bit outdated several respects, ie, telephones early 1990's sufferclarity problems, rooms old shower/tub combo units aremore Marriott Ritz, rooms coffee makers like.Or not. Go figure. None variation rate-related, mind you.Th interesting thing Ritz chain that, I frequent guest several around globe, I pet peeve usually similar, devoid local content. While generally rely high quality surroundings (some little dusty perhaps), tendency bit boring 'sameness'. In Portman's case, I find opposite true: unique property local flavor, lacking standards - even guest attentiveness - typical Ritz. Stay Ritz many locales greeted hearty &quot;welcome back!&quot;. At Portman struggle find reservation, bit indifferent, overall perfunctory attitude. They clue whether before, often scan screen far enough find special request info without point out. I say wait-staff room service staff solid.Overall, I like property, I sampling others (I go Shanghai four times year). On last trip I hit Four Seasons.Pretty good!",0.13455504896994253,0.4523117190138467,Sep 28 2007
43,43,"Luxury Service Standard Room I stayed 7 nights room 4407. The location Portman RC makes convenient United Plaza Plaza 66 office buildings Puxi. There also lot shops restaurants area nothing complain location. The service good, I suppose expected Ritz-Carlton hotel. The staff address name time, always helpful, etc. My room high floor (the 44th 45) nice, showing age. Apparently rooms (called &quot;Shanghai rooms&quot;) remodeled larger bathrooms plasma TV's. My room category I know determine gets one I never offered choice learn reading later. The TV small bathroom average size without separate shower like many luxury properties days. Still room nice general. I would say point dissatisfaction prices charged laundry minibar. Usually laundry hotel, even good one, Shanghai relatively inexpensive Portman RC charges prices comparable hotels Tokyo. A shirt costs around $7. A coke minbar around $5. I like hotels, especially ones supposed offer highest levels service, charge high prices kind little extras. The room rate, I know advance agree arrival, reflect level try gouge little things arrival. Still Portman RC remains good choice people business Puxi side Shanghai. Not sure I would stay convenient business.",0.1811111111111111,0.5581069958847736,Sep 14 2007
44,44,"Pretty Good could better I stayed numerous RC properties around world. This one type service expected, nothing goes way beyond expectations. We stayed Club Level 4 nights, found food somewhat repetitive. The staff helpful directions taxi, great information trips outside Shanghai. The really good location, easy access Bund train (5-8 min) taxi (15 min). Also, really good shopping within walking distance.",0.3277777777777778,0.5319444444444444,Aug 19 2007
45,45,"Wonderful Service My daughter I spent week Portman Ritz early June returned several days late June. We Club Level room access Lounge 43rd Floor.If need near Pudong specific business reasons, location Portman Ritz fine. There shopping nearby, walk (20 minutes) French Concession museums People's Square. It cab ride restaurant district Bund, Xintandi Taiking Lu LuLuan gardens cabs cheap slow rush hour traffic. For informal light meals, charming Chinese sidewalk restaurant right across Nanjing Road Ritz also Element Fresh (Swiss chain) right next hotel. There subway stations 3 blocks either direction hotel. subway Shanghai doable, best way get Pudong well connect MagLev (high speed train) trip Pudong Airport. I cannot say enough good things staff Club Lounge. They unfailingly helpful sorts things....restaurant reservations, airplane reservations, reservations (non Ritz) hotels cities, credit card problem...no request problem beyond scope work. They greet name remember return. I would say best-trained staff I ever encountered. Our double room fine, recently renovated decently equipped. Don't put unappealing entrance court complex, careful walk drop-off area chaos pedestrians. The breakfast snack food Club Lounge excellent. The room service good well. One night ordered late night supper brought Club Lounge open staffed 24 hours computer station, wireless internet, bottomless supply Perrier. The health club good plenty date equipment. The indoor-outdoor pool resort-like, pretty nice urban hotel. When went Peninsula Beijing couple weeks later, realized Portman Ritz spoiled us. The Club Level Lounge Penisula closed 11 shut wireless internet time. Unbelieveably, even hotel-wide Business Center shut midnight. We travelling without laptop segment trip real problem. Don't people know know midnight Beijing noon New York? The Portman Ritz may beautiful dramatic architectural point view Shanghai, definitely would first choice return trips.",0.1848913504795858,0.4632543926661574,Jul 4 2007
46,46,"Not bad We stayed May 2007 one Ritz Carlton's really RITZ. It clean everything need, older furniture rooms slightly beat up, decor little dated. I enjoyed stay I usually looking clean convenient, was. But, I would pay top dollar stay here. I liked location - close everything little quieter (if thing Shanghai) neighborhood.",0.15064102564102566,0.5012820512820513,Jun 25 2007
47,47,"Better expected After read reviews, I little bit scared. Had choose I visiting friend living nearby. I chose Shanghai Rooms I say better expected: great service, nice lobby (a little dark stretched elegant), nice rooms recently renovated (very nice bathrooms). Laundry service excellent (my shirts packed brand new), nice food good Sunday brunch free Champagne. The based main shopping street, 15min Bund close nightlife areas.One regret: I spent two nights...",0.2687212121212122,0.5887151515151515,Jun 25 2007
48,48,"Seems over-rated I staying business right now. The rooms nice like would expect Ritz Carlton.There something wrong elevators, since long waits get one them. Maybe programmed wrong enough elevators, waits long.With group four travelers, half us booked Club rooms, half regular rooms, cannot meet breakfast, since Club room breakfast floor 43 available Club rooms. None us understand split us way, management seem care.Hotel management seems oblivious concerns guests. I sure like this, seem like five star all.",-0.022509157509157496,0.562296891143045,Jun 21 2007
49,49,worst concierge service The perfect location. The rooms large well re-furnished.But concierge service worst . They clue restaurant city show happening town. They speak english well sometimes rude.,-0.1393877551020408,0.6440816326530612,Jun 6 2007
50,50,"totally exceeds expectation We read previous reviews requested shanghai room via email hotel. To surprise, staff called way China confirm details. I pleased quick response.When arrived, got upgraded exeutive suite. The room spacious, clean everything think 5 star hotel. The linen bedding best. The blanket soft comfy. You'll feel like sleeping million dollars.It located heart Shanghai City convicenient close tourist spots. So looking good location, disapoint you. I glad I choose Grand Hyatt far away everything. On last day, husband got sick relief know English speaking medical centre hotel. The services staff fantastic.The got eveything need I definitely stay again.The low point feather pilow soft. So can't sleep soft pillows like me, please bring own.",0.20276190476190473,0.5356190476190477,May 19 2007
51,51,"This Ritz? OK, I live Atlanta (former HQ Ritz Carlton home three properties), expecations high, feels like Marriot (pulling door feels *exactly&quot; like Marriot Marquis Atlanta) R-C. God help pedestrian trying cross taxi area! Navigating lobby ridiculous, central elevator area makes hard walk crowded. Room size amenities OK, furnishings feel little worn RC's normal luxury standards. I like light controls nightstands, turndown service better many properties. Based fellow travelers reccomendation, I'll try Four Seasons next time.",0.15836647727272726,0.4488541666666667,May 7 2007
52,52,"Depends room book I stayed 3 days work purposes. Originally I given simple room old dated. I disappointed I expected &quot;Ritz&quot; would nice.As I got room, still ready me, cleaned. I waited 30 minutes, went back room. The key room working. Again, I went downstairs get new key: again, work! So 45 minutes trying get room paid 12+ hour flight.I given upgrade nicer room, perfect!!! marble sink, massive plasma TV, great decor. So depending room book- may great holiday, pretty disappointing experience.",0.10539772727272725,0.6772930194805193,May 7 2007
53,53,"Great Location Great View Great Service We spent two weeks Portman Ritz-Carlton. We wonderful experience enjoyed every bit it.We arrived Dec 30, 2006 (almost) 3 year old daughter. The light arches entrance made welcoming place. The bell man helpful. After delivered luggage, stayed told us park future validate parking etc.We stayed 34th floor. The room comfortable nothing fancy. However, view made up. Our windows directly overlook Shanghai Exhibition Center. The holiday lights historical building looked spectacular. Too bad take picture lights turned Jan. 3.The location convenient many good shopping dinning spots. Simply walking streets outside evenings (when cold) enjoyable. It two blocks away nearest metro (subway) station.On New Year's eve, seeing Shanghai Acrobatic Theater 4th floor, daughter hungry. We ended getting room service her. She got full Ritz-Carlton treatment order kids meal. Lucky us, twice whole stay.The breakfast buffet dependable, could use variations (especially two weeks straight). However, bother kid all. She enjoyed daily rice congee pickles fried eggs bacons occasionally.The lobby staff restaurant managers would greet kid spent time talking playing every day. When mentioned kid's birthday coming February, staff sent birthday tray name cookie room. On last day, one staff bought toys (most likely money) her. The Ritz-Carlton lion one favorite.",0.2617424242424243,0.5458338744588744,Jan 19 2007
54,54,"Terrific Hotel - Ignore Negative Reviews I stayed Portman Ritz Carlton - Shanghai twice January 2007, I highly recommend hotel. First, location unbeatable, world-class shopping conveniences immediately outside front door. The lobby public areas modern stylish, Chinese flair. Thus, I imagine areas recently updated based certain negative reviews site. I know SHANGHAI rooms recently renovated; thus, make sure guaranteed room making reservation. A business colleague Shanghai room disappointed since room needed updating. Every staff member I encountered bilingual point. I strongly recommend hotel, particularly must comprehensive business services available. Finally, I upgraded order Club Level access, food, beverage, service, privacy well worth extra juans/RMBs.",0.08837142857142856,0.4802793650793651,Jan 16 2007
55,55,love hotel! Stayed second time services perfect! Liked everything!,0.59375,0.6000000000000001,Jan 6 2007
56,56,"Great workout room Stayed recently renovated &quot;Shanghai&quot; Room, luxurious, Ritz-Carlton. Service great Shanghai, nothing compared say Tokyo Hong Kong. Slightly offhand attitude staff, general, satisfactory. Concierge efficient helpful.The private transport (an Audi A8 Chinese equivalent think) good, reasonably cheap (about $25 per hour) 5 times cab, still good deal. Great night town someone special.What outstanding, however, workout facilities. All Life Fitness equipment including large number bikes treadmills, well full range weight machines.Sauna, steam room, two jaccuzis, swimming pools, squash court top condition. Best service staff. Constantly replacing water bottles, handing cold wet towels etc.Also, every bike treadmill personal LCD TV full cable tv. This good option",0.3262081128747795,0.4947619047619049,Dec 20 2006
57,57,"Excellent Service Good Hotel I'll start bad. My room property probably Ritz standard. It probably bit nicer typical Sheraton Marriott. Primary negatives dated bathroom (still nice) rather firm bed (though bedding quite nice). So real complaint, quite I would expect Ritz-Carlton. All business amenities provided available.On major plus side, nominally disappointing room condition made excellent service, expected brand. I 5 nights got good picture quality housekeeping, dining, laundry, bell, etc. All top notch. The gym also excellent, bringing workout clothes.Internet access charged minute, capped 100 RMB/day. The location 3 Km west Bund. Taxi virtually attraction 12-20 RMB (&lt; $3 US) fast, get hung location complaints. Taxi PVG 200 RMB (~$30).",0.27979166666666666,0.605,Oct 22 2006
58,58,"Loved Ritz-Carlton! We wonderful experience Ritz-Carlton Portman. We got great deal Travelocity $250 night. The entrance impressive design furnishings hip. The rooms beautiful. It's everything expect five star hotel. The staff professional helpful. The concierge helped us get private tour guide driver take us around city day. It definitely worth it! Our tour guide excellent...she spoke English well customized day around interested in. We liked much, hired second day take us shopping. The downside enough people concierge desk. There times I called one answered went desk, wait 5 - 10 minutes could talk someone. We would definitely stay again.",0.3272222222222222,0.49069444444444443,Oct 21 2006
59,59,Luxury way The Ritz-Carlton West side river near main shopping street - Nanjing Road. The executive club rooms luxurious well-equipped. The staff executive Lounge speak excellent English friendly helpful. The Bund waterfront easily accesible taxi Tourist Train (a Disney-Like experience whose flashing-lights epileptics) easy route sky-scrapers Pudong opposite side river. Great breakfasts happy Happy Hour. We stayed four nights - wished longer.,0.42371794871794877,0.5576923076923077,Oct 5 2006
60,60,"great The trick stay newly renovated Shanghai room club level, slightly expensive (my company corporate rate) standard room (everyone site complained about) - new rooms better decorated, separate shower stall, beautiful bathrooms Plasma TV. I personally like Portman, convinient place stay foreigner speak chinese (don't need carry card name chinese, every taxi driver town knows &quot;portoman&quot;), service efficient (they always greet curbside I order airport transfer papers ready sign, wait line check in). Also, convinient everything might need hand staff speaking great english - airline offices, western run medical center, banks, wine store, element fresh, pharmacy, post office, etc. I stayed 5 star international hotels Shanghai none beat Portman location front.",0.15198863636363638,0.3493371212121212,Aug 7 2006
61,61,"Worn old city many new luxurious options I long preferred stay Portman, given location, service well-established reputation Shanghai. This last visit shattered earlier opinions.The looking worn old desperate need makeover survive competition Four Seasons, JW Marriott five star brands appearing across river Pudong.Some particular disappointments: 1) Internet LAN cable short reach bed, WiFi unavailable; 2) shower head old rickety; 3) towels, although large size, quite rough skin; 4) amenities generic cheap; 5) staff inattentive (nobody lobby take suitcase check-out, bring taxi stand); 6) old televisionâs remote control work well, requiring jam fingers buttons change channel.For leisure travelers, suitable choice given location focus business guests. For business travelers, consider Four Seasons JW Marriott strong alternatives.Until completes significant renovation, I would avoid place spend money property value cost.",0.08662042502951593,0.4262022825659189,Jul 12 2006
62,62,Terrible This nice especially Ritz Carlton. I stayed multiple Ritz Carlton's worldwide worst. It &quot;tired&quot; needs major updating everything Lobby rooms. Skip staying spend money JW Marriott Four Seasons Shanghai. This needs major renovation one I stay again.,-0.31071428571428567,0.7142857142857143,Jul 7 2006
63,63,"Gracious old - pleasant stay We bit stunned first arrived hotel... standard Ritz Carlton. The huge thus impersonal, i.e. lack signature personal touch Ritz Carlton. Language problem could post barrier... although service staff could speak English, would get lost try get details. However, snobbish enough provide attentive service foreigners &quot;locals&quot;. I Ethnic Chinese, thus always put end queue trying get enquiry concierge. But that, I'd say reception concierge still courteous enough. We stayed standard room find room &quot;small&quot; read previously, furniture indeed dated. However, &quot;antique-ness&quot; disperse feeling old Shanghai, like gracious old lady. In fact, I quite fall atmosphere first day.The complaints room would dimly lit room (ok day time sun shining in) sun gone down; small bathroom leakage toilet bowl (service swift though... repaired short trip dine), separate shower cubicle.The gym well equipped opened 24 hours (I hope I remember right), swimming pool good size comparing hotels Shanghai. There even mini-supermarket attached block sold good quility deli, price course!With excellend location, still list choice hotels next trip Shanghai.",0.16109977324263042,0.3985600907029479,Jul 6 2006
64,64,Very Poor Service When arrived met outside limousine man said would take us room. The room took us room booked standards. We tired 24 hour trip spent night room next morning I went complain offered limousine ride airport. I refused told room booked available. I told notified us room going available could go elsewhere. I note reservation made six months advance website. We eventually moved higher floor still correct room offered 10% discount WHOOPEE! Needless say staying year. So message meet car bad news since want deal privacy room front desk.,-0.16936868686868686,0.4441414141414142,Jun 27 2006
65,65,Can't wait go back What service! I want leave. I recently stayed 9 nights Club floor enjoyed every single aspect stay. Can't wait go back. Great staff. A special mention goes Mr. Ralph Grippo GM also Angela Andy Club Lounge.,0.22653061224489798,0.3551020408163265,Apr 20 2006
66,66,"Great business people After reading reviews I little concerned staying here, thankfully fears unfounded. Our business partners booked room corporate rates helped. My one-bed room plenty big impecalby serviced. Nice touches like complementary bottled water replenished daily ice delivered turn-down welcome. The staff helpful. Free coffee lobby morning (until handy Starbucks opened) suits needs! Be sure try on-site Element Fresh nice, reasonably-priced breakfast Long Bar pre-dinner Guiness (buy-one-get-one happy hour). Just across street great typical restaurant outdoor tables...not fancy, fairly crowded, good food prices well totally local crowd.This offered everything I need business trip home base.",0.31049242424242424,0.6065404040404041,Feb 19 2006
67,67,"NOT REALLY A RITZ Very poor example Ritz Carlton. Staff nice accomidating, yet rooms facilites VERY outdated look like nice holiday inn ritz carlton. I didnt want beleive reviews try myself, I booked three nights Ritz. When I arrived found extra small club room, squeeze 2 beds, I canceled remaining days booked hyatt.If stayed ritz carltons, come drink bar, stay somewhere else, dissapointed.In addition, food facilites club level poor. Nice room, selection quality food POOR.",0.029999999999999978,0.6023809523809524,Feb 13 2006
68,68,The Ritz Rules!,0.0,0.0,Feb 9 2006
69,69,Not Ritz Carlton 5 star Shanghai standard.,-0.0625,0.1875,Dec 3 2005
70,70,As travel agent woud recommend,0.0,0.0,Oct 18 2005
71,71,`Better reviews read,0.5,0.5,Sep 2 2005
72,72,Very Nice Stay!!,1.0,1.0,Aug 30 2005
73,73,Ho hum,0.0,0.0,May 25 2005
74,74,Nice Hotel,0.6,1.0,Apr 8 2005
75,75,So So,0.0,0.0,Feb 28 2005
76,76,Too Tired,-0.4,0.7,Jan 26 2005
77,77,???????????????,0.0,0.0,Nov 25 2009
78,78,?????????,0.0,0.0,Nov 15 2009
79,79,????????????????????????,0.0,0.0,Nov 12 2009
80,80,?????????....?,0.0,0.0,Oct 12 2009
81,81,?????...,0.0,0.0,Sep 29 2009
82,82,??????????????,0.0,0.0,Sep 1 2009
83,83,???????,0.0,0.0,Sep 1 2009
84,84,?????????????,0.0,0.0,Aug 13 2009
85,85,???????????????,0.0,0.0,Aug 1 2009
86,86,????????,0.0,0.0,Jul 27 2009
87,87,???????????,0.0,0.0,Jul 26 2009
88,88,?????,0.0,0.0,Jul 17 2009
89,89,??????????,0.0,0.0,Mar 10 2009
90,90,???????????,0.0,0.0,Mar 5 2009
91,91,?????,0.0,0.0,Feb 26 2009
92,92,???????,0.0,0.0,Dec 31 2008
93,93,Spitzen Hotel - Spitzen Service!,0.0,0.0,Oct 25 2007
94,94,fantastico,0.0,0.0,Dec 24 2006
