,Unnamed: 0,Reviews,polarity,subject,Dates_extracted
0,0,"Mixed Feelings I still checking today. I mixed feelings place. Positive: nice room decoration, large, well appointed room equipped printer, great bathroom, staff friendly, good location sightseeing Hongqiao/Gubei district, Chupa Chups reception (cute touch ;), nice view room high floor, plenty distilled water bottles room, etc...Well may little comfortable thing disturbed fact found dead fish fish tanks floor EVRY DAY despite attempts correct problem (we written called GM directly two occasions). There quite fish tanks floor add flavor whole ambience hotel. However, find live fish feeding dead fish hungry right outside room, whole desired effect gone! This lack attention details equates dirty toilet restaurant opinion. Imagine posh restaurant. You find food/service/atmosphere liking. Then excuse go loo. And toilet find dirty mess! Also stay constant drilling hammering noise construction site nearby downstairs. We stay room whole day bad despite receptionist telling us construction stops 6pm, days continued till 7pm. Most staff members quite competent friendly I found one girl (Ellen Ely?) restaurant 8th floor particularly unfriendly. Once husband I went breakfast although one guest whole space, told take smaller table expecting place full. We follow âinstructionâ took bigger table 4 window beginning till end breakfast, two guests arrived. She seemed angry whole time there. What nice way begin day! Next day breakfast I could find clean plate put food buffet I asked girl, politely, âmay I plate?â. She goes chores without answering I said âexcuse me?â answered loud âYES (as âI heard you!â). She also bring tea I asked for. As I mentioned, personnel I dealt polite professional takes one person destroy whole experience small establishment. Oh, one last thing, late 30âs sometimes found lighting room dim. It would nice choice dim brighten it.",0.11233413682277318,0.5025213170667716,Oct 25 2009
1,1,"Amazing Hotel Big Problems In 2008 I stayed 14 nights three separate occasions. I keep going back, quiet, well located, outstandingly designed wonderful attention detail, staff friendly, helpful polite. The service best I anywhere. This truly wonderful boutique hotel. But may dissapointed.This boutique reminds high performance italian sports car - Lambourghini perhaps. Highly desirable, must put problems.And definitely problems.Heating: The rooms far hot winter way cool switch air conditioning summer. And windows open fraction. Noise: The 8 floors bit street noise excusable. However famous nightclub ground floor makes wild noise 2.30am. When I room 5th floor bed shaking, glass desk vibrating I could actually hear DJ. When I moved 7th floor quiet. try stay upper floors. The problem ground floor nothing it. In October 2008 building work round floor. Jack hammers day clearly heard room 7th floor.Plumbing: In visits I never managed fill uber-stylish bathtub. The water flow copper chrome taps trickle. The massive tub looks amazing, real dissapointment.So I go back? Because stylish, calming, discrete I stayed best staff great location business Shanghai.",0.2407037037037037,0.5822022792022791,Sep 3 2009
2,2,"disappointment. Dead fish fish tanks. Ground floor facilities closed due refurbishment. Constant hammering drilling noise days. Hopeless service; concierge; receptionist refused help change flights airline even though I I speak chinese. Inflexible: breakfast one even though I made booking two. We stayed four days. I asked could two breakfasts two days stay. Hotel staff refused. Breakfast meagre disappointment anyhow. Staff lacking knowledge unhelpful regarding tours. Not good leisure travelers. Only good thing hotel, studio room hotel's location old French area Shanghai. If want truly great boutique experience China, go The Opposite House Beijing instead. Book studio 70 room. Brilliant service - staff bend backwards help. Great facilities. Great food. Architecture interior design, unique. Our room felt like interior Mies van der Rohe's Farnsworth House.",0.10500000000000001,0.5129166666666667,Aug 23 2009
3,3,"Great Hotel As people said necessarily easy find since entrance side. Also Cab drivers always drive right becasue one way system entails quite long loop around main roads get it. Hard fault hotel. Rooms nicely decorated adequate size, though shower drainage system surrounds toilet little strange. Very nice attentive staff, The air conditional common areas corridors bar / restaurant top hotel, could better. Make sure take advantage free happy hour drinks / snacks. Well worth hot day sightseeing. Otherwise price food drink quite expensive - example $6 US cup coffee morning. The location great right next Fuxing Park great atmospheric sights times day well within walking distance restaurants bars.All great place stay",0.2575753968253968,0.5592328042328042,Aug 5 2009
4,4,"Once find GREAT hotel. We arrived dark rainy night, got little frantic went front bldg &amp; signs said 'closed remodeling'. You go around back bldg find entrance - poorly lit, get discouraged!The lobby small, dimly lit, nice. But room great. Big, clean whistle, great air con, gorgeous huge bathroom, swell amenities. We booked CTRIP breakfast NOT included rate. Be sure ask booking, cause pricey add on. We ate - convenience. Very quiet/small restaurant. We decided go days. We loved location (we're walkers) - right next FUXING Park. We'd go back heartbeat.",0.24195134575569358,0.537808833678399,Jul 30 2009
5,5,"Perfect every way Stayed 4 nights end 2 week holiday China. I thought room perfect: spacious, enormous comfortable bed, immaculate bathroom drenching shower free standing tub could party in. Everything beautifully tastefully designed. perfect relaxing day out. It also reasonably priced given above. There restaurant eat there.I also found location great. It 'french concession' area littered interesting bars, restaurants shops. There seemed nice mix locals, tourists ex-pats about. It short stroll major shopping streets, slightly longer walk shanghai old town area cheap taxi ride Bund.For tourists wanting discover variety shanghai I would say much better option internationl high rise hotels abound elsewhere.",0.38408730158730153,0.6112698412698412,Jul 15 2009
6,6,"Far exceeded expectations negatives I come Shanghai several times year business. I almost always stayed Bund popular areas business travelers. Le Royal Meridien Shanghai common default place comparison.Pudi Boutique Hotel suggested colleague stayed month ago, I decided try it. I travel lot rarely wowed room. This one it. I stayed one &quot;Studio Rooms&quot; large comfortable king-size bed, flat-screen TV easily viewable. The TV part &quot;shelf&quot; swivels 360 degrees, watch TV large desk opposite bed. The opposite side TV classy bar nice glass ware.The sitting area glass-enclosed; bathroom large tub, walk-in shower wet room rain forest shower head; dual-sinks washing-up area well stocked, toilet area built-in magazine rack. The closets large enough week stay, accessible bathroom hallway (the closets built hallway/bathroom divider, doors sides).Free wired internet room ethernet cable included. Free printer room (USB cable included). Free breakfast included - restaurant AND in-room dining. Free cocktail hour evening. Free gym one treadmill, one bike, large set free weights, universal machine. I never anyone else I used it.The downsides negative expecting them:- There one restaurant often people there. The menu huge, picky eater, may eat meal eat often.- The location fun The Bund - there's lot around itself. I'm adventurous food, I try local restaurants. The area feels quite residential actually. I discover within walking distance there's shopping mall cinema (Transformers Terminator playing moment English), maybe I explore area enough. But expect taxi want go somewhere.I think I've found new Shanghai.",0.16210891381345932,0.5154712711530893,Jun 27 2009
7,7,"FRINDLY STAFF AND BUT LACK OF KNOWLEDGE Staff friendly , beautiful ...but staff lack city knowledge knowledge",0.66875,0.825,Jun 26 2009
8,8,"Nice sligthly overrated Nice room great bathroom (lovely big bath), helpful staff good location, felt really live great reviews below. Not bad choice though.",0.4984848484848485,0.6796296296296297,Nov 20 2008
9,9,"truly luxurious boutique It often photos match reality did. Our suite superbly comfortable stunning look at. The staff warm friendly manager young lady door attentive helpful. The position ideal exploring still oasis calm.We cannot find anything fault recommend anyone especially, told, &quot;if want soft landing&quot; first China experienceJenny David Goldstein, Australia",0.3154040404040404,0.6520202020202019,Nov 8 2008
10,10,"Pudi: great rooms great staff! My partner stayed Pudi Boutique Hotel three nights last week (until 21 September) deluxe room. It luxurious room week long stay China. We especially liked stereo system swiveling bar room. The glass-enclosed bathroom spacious. The shower bit dark toiletries nice elsewhere, provision two types bathrobes, crispy white sheets, complimentary bottled water handy kitchenette compensated.The entrance back building, staff standing lookout time help first time visitors. The location next Fuxing Park close restaurants shops French Concession makes ideal. Taxi's metro cheap easy. The staff helpful, translating destinations us could communicate taxi drivers. They staff speak English well.Facilities inlcude small well equipped gym. Pity buffet breakfast closes 10.30 even Sunday.Would recommend adults, looking bit luxury tranquility away big chain hotels.",0.2974358974358975,0.4551282051282052,Sep 24 2008
11,11,"Truly excellent This could want hotel. The website give away much information I hesitant book, glad I did. Excellent location, extremely friendly helpful staff best all, rooms. They're excellent - spacious, kitted beautiful objects artwork, lovely soft beds great thick sheets, window seat overlooking park below, huge luxurious bathroom separate deep oval bath, best robes. We wandered bar happy hour whilst sat large windows overlooking city lights, sampled excellent wine hors d'ouvres FOR FREE! After Pudi went Paris stayed luxury hotel, could think Pudi. My advice - hesitate, book Pudi.",0.5757518796992481,0.6922932330827068,Sep 13 2008
12,12,"Mom loved After mother announced visit Shanghai, I really wanted make special experience. That fore I visited several hotels Shanghai find best. Finally I ended decision Pudi Boutique Hotel Fuxing Park. Why? The style location hotel! The located right next Fuxing Park crossing Yandang Lu Nanchang Lu. You walk Huaihai Lu within 5 minutes reach Xintiandi walk less 15 minutes.When arrive crossing maybe find quick, entrance little bit hidden. But arrived nice employees open door welcome dark reception area. You feel like club hotel, makes special. After short check passport floor manager guide room, first proceed in-room check-in done quick single signature. After wards introduced room functions features.The rooms really beautiful decorated high-quality furniture 50 sqm. You feel like mix art furniture exhibition good condition rooms. In Shanghai often find hard beds sometimes comfortable European backs. This offers great soft beds extraordinary complimentary pillow menu. The bathroom offers plenty space, bathtub massage function, rain forest shower well two sinks. The desk offers lot space well complete office equipment printer.Other amenities outstanding service roof terrace, offers stunning view French Concession area well outdoor jacuzzi. Your floor manager always reachable gives best pleasant stay.The breakfast served 8th floor. A small fine buffet offers choice cereals, lot fruits, Swiss cheese more... additionally order breakfast menu. I recommend &quot;champagne scrambled eggs&quot; makes start day even special. My mother finally stayed two nights Pudi Studio Room really enjoyed time there. She never seen anything comparable style service before.",0.2672230769230769,0.48943388278388267,Sep 10 2008
13,13,"Perfect place perfect area We returned 4 weeks trip China, started 3 nights stay Pudi Shanghai, finished one additional night.We loved brilliant decoration kindness, competence availability staff.The Pudi rated kids &quot;best China&quot;!",0.925,0.95,Sep 7 2008
14,14,"Terrific little place I gave place 5/5 based value money.Stayed 2 nights late January chose place trip advisor. I booked room sofitels website. If book 15 days advance get good discount, I ended paying US$150.00.The staff friendly efficient spoke surprisingly good english. Other reviews hotels Shanghai seem complain level english staff.Room grand comfy bed, large new bathroom, spotlessly clean. It hard fault. There fish tanks place. Groovy.Breakfast delicious. The second morning I flew early asked room service. Apparently earliest get 6.30am. I nevertheless put 6am form arrived 6am!The 2 minor issues I Saturday night disco ground floor. A previous reviewer mentions I booked quiet room put top floor. I could hardly hear disco keep awake. Secondly, shower's plumbing little dodgy water leaking underneath tiles. This reduced pressure shower head ashame.Overall terrific little I loved stay here.GrahamAUSTRALIA",0.11239549876646651,0.4946883582367454,Feb 17 2008
15,15,"Highly recommended We chose new based reviews tripadvisor disappointed. The standard size accommodation superb base rate paid, facilities room far beyond found grander establishments. The friendly, helpful staff well trained new Dutch manager, makes accessible guests. Any minor teething problems (some mentioned earlier posts) acknowledged resolved way discourage future travellers. This backpackers tight budget chasing loyalty points faceless high-rise. Business travellers delighted office space, solo females level security, tourists peace quiet staff address name. More worth visit.",0.17384199134199133,0.4898965848965849,Feb 16 2008
16,16,"Boutique Great hotel, service attentive. Stayed junior suite spacious. good restaurants nearby. eat rest. 4 nights! Good breakfasts. Loved style atmosphere. Manager breakfast time say hello.booked accor. asia website &amp; got better deal booking accor.com",0.5,0.68125,Feb 3 2008
17,17,"Close perfect Pudi close perfect hotel. Reception staff incredibly helpful friendly, checked personal butler given quick tour everything shown room. Rooms large lavishly appointed (in understated tasteful way, apart Dallas-esque bar). Beds supremely comfortable, bathrooms feature jacuzzi baths large rainforest showers everything might possibly want need provided. Breakfast impressive location central. However, couple issues. One nightclub ground floor - could hear music unitl 2.30am one night (and six floors it). To fair, staff offered move us another room rang ask long would continue, moving room's really solution 1am, obviously option hotel's full. Our issue room extremely warm aircon set hot air only. Our final issue hosted fashion show one evening meant breakfast morning finished earlier usual, uncomfortable people show standing guests, hustling dining room set show. Otherwise, top marks Pudi.",0.24437602627257804,0.642487684729064,Jan 17 2008
18,18,"Great find great area Shanghai Pudi Boutique Hotel run Accor Hotel Group behaves like exclusive boutique hotel. Stayed 3 nights pleased. The brand new room great- I especially liked huge bathroom. Breakfast top floor 8 floor missed-- try vanilla french toast. Overall, great experience great location Shanghai. Close Dragonfly massage spa got foot massages night!",0.5566433566433566,0.6234265734265735,Jan 14 2008
19,19,"Cool funky finding Fuxing Perk I agree previous reviewer say small,comfortable friendly hotel. Staff speak good English (which always case Chinese hotels).Rooms manner gadgetry also comfortable, relaxing user friendly. Great beds spacious bathrooms free internet access. The business traveller find desk drawer full office equipment printer/fax rooms. Atmospheric public area lighting always brightest soothing restful.The top floor houses restaurant, bar, meeting room, small gym roof terrace. Good breakfasts served friendly attentive staff.Situated within easy walking distance Xintiandi numerous restaurants shops. Do find time stroll around Fuxing Park particularly morning hundreds locals gather exercises social dancing.Only opened June '07, rates currently well published tariff (see [-]). This run Accor Hotels really Sofitel despite appearing web site.",0.23366666666666672,0.4446666666666667,Oct 6 2007
20,20,"Pudi great business pleasure! Pudi Boutique great choice Shanghai! The website justice, really gem hotel!It smaller boutique/design hotel, around 50 rooms. The staff friendly, helpful every possible way. The service truly top notch.Pudi located next Fuxing Park, French Concession. It's convenient location made walking dinner, drinks, shopping easy.The rooms incredible terms decor. It successful marriage modern, chic style ammenities, predominately chinese feel. The entrance room large fish tank built wall, well enormous tank lobby. Inside rooms, entire wall windows, view either park street, blinds controlled remote. The King bed comfortable, especially enjoyed 'pillow menu,' upon arriving get order pillows would like stay. The bathroom stunning- wet room shower, biggest stand along bath tub possibly ever seen. Rooms divided half, speak, tv center stand swivels around. On one side bedroom part, large desk phone, fax, printer..., chairs relax in, side bed.The top floor Pudi restaurant, gym, bar, lounge, outdoor terrace... again, beautifully designed, elegant, stellar service.The water Shanghai undrinkable, excellent giving plenty bottled water guests. Everytime returned room, would least six new bottles water.If travelling Shanghai either business pleasure, Pudi great choice!",0.30420995670995676,0.5527933777933777,Jul 29 2007
21,21,??????????,0.0,0.0,Aug 29 2009
22,22,Excellent hÃ´tel!!!,1.0,1.0,Aug 12 2009
23,23,Sympatique mais approximatif,0.0,0.0,May 8 2008
24,24,ein schÃ¶nes haus - aber besser nicht wochenende!,0.0,0.0,Mar 31 2008
25,25,schÃ¶nes Design super Lage aber technische Probleme und nachts laut!!!,0.6510416666666665,0.6666666666666666,Jan 12 2008
26,26,L'excellence au coeur de l'ancienne concession FranÃ§aise,0.0,0.0,Jan 7 2008
27,27,Increible situacion lujo asiatico en un boutique,0.0,0.0,Oct 17 2007
