,Unnamed: 0,Reviews,polarity,subject,Dates_extracted
0,0,"Comfortable convenient We found clean, well-equipped convenient. We booked standard room, comfortably big enough young family 3. The 10 minutes walk subway station, could get city time. For time feel like eating outside, good Cantonese restaurant building. The money changer offering decent conversion rates, real time saver many money changers city. In-room Internet free cheap fast enough (make sure ring lobby activate it). Overall good 3-star hotel.",0.2046666666666667,0.5005277777777778,Jul 29 2009
1,1,Reasonable 4 star You might end book Wendy Wu 3 star tour. If one better hotels stay certainly good enough. Only bathroom bit let odd bit mould mean rooms bathroom dirty. Food okay. Generally good experience.,0.16672979797979795,0.5751262626262627,Nov 2 2008
2,2,"Very good gritty location Stayed part tour. first stop China. Rooms comfortable, nice staff, beds firm OK, Sensational Breakfast (mixed Eastern Western). Just bit far town, otherwise good. Was nicest stayed China",0.32722222222222225,0.59,Oct 31 2008
3,3,"Enoyed The Ramada I started trip China Shanghai, taking 20 hour train journey Hong Kong Shanghai. The Ramada 10 minute taxi ride Railway Station - can't walked many flyovers Station Hotel. It tourist part town decent coffee shop although Internet facilities available site, expensive 2 minutes along road huge Internet ccafe (for want better word) good, fast, cheap acccess. Lots little supermarket shops around, plus market small park join Tai Chi mornings locals bring caged birds hang trees get fresh air.After two stops hotels Xian Beijing, definitely best staff generally helpful.",0.21789215686274513,0.5553921568627453,Sep 24 2008
4,4,"Good somewhat remote main Shanghai sites Stayed part Wendy Wu Tour. It Ramada brand. Hotel good 3 star. Rooms good size typical layout. They clean comfortable, bathroom good condition - I even bath!! Complimentary water room. Breakfast included good, selection western chinese food. The fault quite remote main sites Shanghai. However, subway within walking distance taxis cheap. If go lobby turn left come small park locals practice tai chi mornings gather dance evenings. Also men come show caged songbirds. If go turn right little supermarket selling lemonade, wine snacks. Also keep walking turn left follow block get sample lifestyle locals. It safe area. If I stay Shanghai I would probably choose central hotel.",0.25406190476190477,0.4524952380952382,Dec 3 2007
5,5,"Small OK My wife I package tour China part Wendy Wu Tours &quot;China Experience&quot; tour staying Shanghai, Xian Beijing.The first port call Shanghai stayed Ramada CCECC Hotel Zhabei. For communist country ws bad however, expecting 5 Star luxury forget it. It classed 4 Star Hotel must mean China standards even still pleasant place stay.Breakfast OK variety Western Asian food satisfy tastes rooms cleaned daily higher expected standards. The fault could find standard room double bed hard bearable.Staff treated us well nothing much handle majority able converse English.A reasonably priced within striking distance major tourist venues nearby small park variety locals morning Tai Chi etc.",0.09616666666666668,0.4713333333333334,Nov 10 2007
6,6,"My nicest stay Shanghai This second time staying Hotel Shanghai. I loved place much I stayed twice! The rooms good size wish including minibar, cable TV, tea tray, etc. The bathrooms great, excellent condition, clean good size. The shower powerful tub clean.The CCECC hotel, also called ZhongTu, 4 lifts wont trouble regarding floor stay on. The reception big staff speak good english. No communication problems whatsoever.This conviniently located close railway station far enough (5mins) stay away pickpockets (always mind wallet Shanghai though). Closest subway station 5mis walk taxis major atractions cheap cheap cheap. Advice: stay hotels way close railway station! Difficult get taxi full pickpockets!The laundry service excellent, cheap fast. Well done guys.My wife I lovely stay I'm sure I back 3rd time! Until then: Zai jian!",0.32961309523809523,0.5763888888888887,Jun 7 2006
