,Unnamed: 0,Reviews,polarity,subject,Dates_extracted
0,0,"Hidden Gem Pudong This proves Pudong great base Shanghai visit.We stayed half price paid Puxi-side hotel, comfortable nonetheless. Outstanding Courtyard hotel, marble lobby foyer. The staff graciously granted request extra towels too. Room service satisfactory everything clean. The bathroom immaculate, deep tub two massage showerheads, perfect tiring day exploration.Within walking distance Chinese international restaurants, shopping center, subway exit. The Pudong sights one two subway exits away People's Square exit those.Free wifi would made stay perfect, internet access expensive.If budget want stay comfortable that's nearby main attractions Shanghai, place you.",0.2011111111111111,0.4810185185185185,0.4810185185185185
1,1,"My ""go to"" I stayed least 10 times. It might greatest Shanghai price choice. The rooms clean, food great, service excellent, location strategic. For me, I like stay closer airport also closer Pudong Riverwalk area great restaurants. A taxi hotspot 5 minutes 15 RMB. Everyone speaks great English GM wonderful Aussie lady really knows run hotel! For price simply cannot beat it. The breakfast buffet excellent. I wish internet cheaper $20 per day, Marriott decision throughout China...",0.5166666666666667,0.6851648351648352,Nov 23 2009
2,2,"Great Value The best Courtyard Marriot ever stay in. The restaurant, club-level lounge, room -- everything much nicer expect price. I stay vacation, work trip right.",0.5714285714285714,0.4464285714285714,Nov 18 2009
3,3,"Excellent value convenient We took advantage low rate expedia, although surprise fees (perhaps fully disclosed hard understand), good experience. The location quite convenient - inexpensive get cab Puxi, take metro, two blocks away. Good breakfast &quot;au bon pain&quot; type place 1/2 block away way metro. We first unsure staying Pudong seemed far 'action' Puxi, really easy get back forth, frankly liked Pudong - easier breathe, price incredible. Rooms nice, staff friendly helpful. Only complaint - business center astronomically expensive - easily spend business center room costs, keep minimum!",0.27625000000000005,0.575530303030303,Oct 12 2009
4,4,"Very good correct price We stayed 3 nights found good correct price. Although luxury standard Marriott hotel, big room king size bed high quality service. The staff speaks good english, standard China.I would recommend people looking good reliable accomodation good price.",0.429,0.41800000000000004,Aug 10 2009
5,5,"Good Stay weekend. I got quite good deal 450 RMB per night weekend including tax.Very helpful staff check-in desk, big help I problems checkin. The staff lobby bar also friendly helpful. Overall I good stay weekend. It quite new new shopping mall called 96???",0.35752840909090905,0.4323863636363637,Aug 2 2009
6,6,"Good The location property may strategic shopping due convenience office, selected hotel. The rates offered also quite affordable compared many hotels. Though looked quite dodgy outside actually bad. What like room actually quite nice cosy. The rooms also kept clean main concern. I trouble using steam iron within minutes call operator, I housekeeping girl came assist me. Though sha cant speak english well definitely friendly helpful. The reception staffs quite friendly well. I also like bellboys cos always helped catch cab. They helpful time.I would recommend wants value money. I used room breakfast facilities, rest I explored. As breafast selection, extensive love croissonts! It excellent!",0.18094696969696972,0.44515151515151513,Jul 2 2009
7,7,"Good Hotel Great Service frequent traveler. During 2007-2008, I spent 6 months (off on) living Shanghai. The Courtyard Marriott became 2nd home.The 10-15 minute walk PuDong Times Square (shopping area), much else near hotel, limited food (McDonalds, local restaurants) nearby. The restaurant nice Chinese American restaurants, although little pricey (typical Shanghai restaurants cater Americans). The rooms clean, slightly average size, non-descript.However, I loved staff. They anything please ask them. One colleagues lost luggage one shirt, bellhop top shirt found laundry service open another 2am cleaned him. This typical service level I experienced. After 2-3 weeks, staff called name.If business travel requires within walking distance PuDong Times square, I would recommend hotel. If traveling vacation, I would recommend Puxi side.",0.16532242063492067,0.4653968253968255,Jun 23 2009
8,8,"Good Hotel Very helpful Staff I found comfortable &quot;Not Luxurious&quot; The staff polite, helped whenever asked.Breakfasts good, The Place eat looked small, always tables worked well&quot;The food evening day excellent value money staff happy explain whats what.Only complaint , prices drinks &quot;alcoholic&quot; Spirits extortionate , doubles would avoid , best triple UK price more.The internet also far expensive, although worked well &quot;This Free charge&quot;I would certainly stay next trip",0.29933035714285716,0.5619642857142857,May 17 2009
9,9,"A friendly hotel...but near anything terribly exciting We stayed 4 nights business quite pleased overall experience. The rooms clean designed Asian theme. Beds comfortable, pillows fluffy. HOWEVER, freezing cold city arrived, heat hotel. The front desk said heat controlled head office authority turn free will. So froze. They give us extra blankets, zero degree weather, need heating. Especially considering Marriott hotel! For food, McDonalds road bit, plenty local restaurants near well. Unfortuantely, one shopping mall within walking distance hotel, larger one road (we try walk it), I suspect 20-30 minute walk away. Also, pay Internet. It quite expensive I remember. I'd go back they'd turn heating cold, AC hot. P.S. Andy bellhop boy gem. Very smily friendly.",0.04300213675213676,0.5376068376068376,Apr 5 2009
10,10,"Average Business Hotel Rooms:Low ceiling room furnishings bed clean comfortable. Toilet could luxurious feel. Air-con temperature adjustable slow response. Breakfast:Service staff courteous. Unfortunately, food never replenish many empty trays (did matter I came breakfast 7.30am 9am). Hot food (i.e Fried Eggs, Noodles) counter kitchen staff generally ignored customers, raise voice get attention. Food plain come Room fee, I would bothered. But savings grace Juice counter variety freshly squeeze juice.Facilities:Gym small condusive workout.Service:Generally, staff courteous good natured. Room extension 1 hour rejected. This also caters local businessman, tend bud-in dealing counter staff.Location:In Pudong area many local also cheap eateries nearby. For shopping, local shopping mall 2 blocks away. Within 10mins walking distance Yaohan Times Sqaure. Massage Shops (probably happy ones) round corner.",0.1757936507936508,0.525297619047619,Mar 24 2009
11,11,"Very plush comfortable Hotel average traveller needs No mistake nice - probably bit top travellers paying bill. Rooms spacious spotlessly clean, service first class - place lacks real atmosphere. Ideal business trip overnight stay really leisure traveller. Pudong fair hike The Bund, Yu Gardens Nanging Road holidaymakers might better central location.",0.3909803921568628,0.5696078431372549,Feb 20 2009
12,12,Very good Pudong One night stay business.The suggested major customer special rates. Slept big suite good price.,0.4479285714285714,0.5462857142857144,Jan 5 2009
13,13,"Very good Shanghai A perfect Shanghai, helpful smiling staff. We definitely recommend hotel, even bit far city centre (if one define center Shanghai), reachable direct metro (line 7, 4 6 Century Avenue) taxi (not expensive, expect 20 RMB minimum go old town instance).",0.28444444444444444,0.5533333333333333,Dec 25 2008
14,14,Decent good location Stayed free night Shanghai. Decent rate good location. About 2 blocks metro station. 45 mintes taxi airport.,0.42666666666666664,0.6666666666666666,Dec 22 2008
15,15,"Not Marriott Quality; There Are Better Places Shanghai I spend many nights year Marriotts consistently average. This exception.The front desk check-in slow lackadaisical. They refused accept Marriott card reasons could explain. When message light message said package front desk, could find package (it delivered room several hours later.) There enough elevators service floors, elevators s-l-o-w. The food average.The room smallish. There one small water bottle room (for two people) whereas every stayed China two large ones. The hair drier work large stain carpet. The first morning room contained 6 packets decaf coffee none regular. The second morning shower head blew shower turned on. The soap bar bathroom miniscule; hardly shower size.This worst stayed China. I could believe Marriott property.",-0.0021164021164021213,0.3713369963369963,Oct 27 2008
16,16,"Decent Good Value A little rough worn around edges decent business pleasure providing good value. Comfortable bed (Marriott standard) average room size. Could little cleaner (carpets need good cleaning) hot water takes time get going. Staff English-challenged usually communicate they'll find staff better English skills. Restaurant (Spices) limited menu food average. For example, fish chips frozen fish sticks. Recommend eat another (e.g. Shangri-La good restaurants pricey). McDonald's KFC within walking distance desperate fast food. ATM (China Construction Bank) right around corner.You walk nearest Metro station (Line 2) 15 minutes away (Century Avenue station), put side river heart Bund (Nanjing Road) 10 minutes. Walking distance Oriental Pearl Tower two tall towers (Jin Mao Shanghai World Financial Center); 20-30 minutes.I prefer Renaissance Pudong newer nicer save couple hundred yuan staying Courtyard.",0.1339047619047619,0.46347619047619054,Sep 21 2008
17,17,"Very happy Hotel I writing room Shanghai Courtyard Marriott third night here. MY AC works great; food good (a little pricey, breakfast overpriced Shanghai), room service quick efficient. Taxi rides everywhere reasonable metro station within short walk. I communication problems everyone extremely nice here. Best bed larger pillows down-filled abundant! Much better first five nights I spent Zhongyou hotel. Great business.",0.4322395833333334,0.5652083333333333,Sep 7 2008
18,18,"Good Value Hotel. Location ok. For money, decent deal. Although, better options there. The clean well rooms. Nothing fancy. It american business hotel. Although, much bigger Courtyard Mariott's states. The food great Cafe, especially buffet. The bar atrium nice well. The A/C reason work well. We problems one rooms A/C switched another room. The lobby also hot sometimes I guess likes save money A/C. It five minute walk Metro find upon exiting metro, make sure get directions upon exiting metro. I would definately recommend taking MagLev Airport Metro, using Metro Cab ride, much cheaper.It located Pudong, much around. Cab rides around City cheap, getting Bund French Concession fairly inexpensive.",0.32796296296296307,0.5814197530864198,May 30 2008
19,19,"Great value hotel! I glad I stayed Courtyard Shaghai Pudong. This superior Courtyard hotels US. The entrance lobby marble floors elegant. My room bathroom clean, quiet bed comfortable. They provide terry bathrobbe slippers. The staff courteous always smiling. The times I requested room service, door within minutes. While offers Western Chinese cuisine, I preferred eat restaurants close hotel, good inexpensive. The drawback close downtown Shanghai. You take taxi subway (a 5-10 minute walk). Fortunately cost ride town dirt cheap, anywhere $3.50 $5.00 taxi drivers expect tip!",0.39844444444444443,0.644222222222222,Mar 24 2008
20,20,"Good business Good business purposes Pudong, rely public transportation cab go Shanghai means planning hour way. Otherwise, rooms nice, clean comfortable service expect MarriottCourtyard.",0.4611111111111111,0.6277777777777778,Dec 30 2007
21,21,"Good quality convenient location A fairly typical Marriott fills tower Pudong area Shanghai. This main business district squarely aimed business customers. This cheapest business Shanghai long way, extortionate level service provided. It usual features - reasonable sized rooms good quality beds furniture, effective air con, good cleanliness, well equipped bathroom, Internet (at charge), shop, concierge.... Breakfast plentiful available 6.30. Some unusal items reflect local cuisine, western staples feeling adventurous.Most desk staff English speaking; staff less so, major problems encountered.A big plus block Shiji Avenue metro stop. This line connects airport maglev one direction, runs city centre other. In total took 30 mins leaving airport terminal arriving hotel, 30 mins less took colleague taxi.There also range shops restaurants within walking distance.",0.11359126984126984,0.396031746031746,Oct 25 2007
22,22,"Take Heat Five nights Misery. Lack quality communication basic harrasment face. Most staffers trainees worse language skills.My misery royale poor airconditoning roon temperature around 24 degrees celcius add injury nsult maintained official temperature.No senior met resolve problem change room. Food room service disappontment. In general total disappointment. f time would checked second day.Saving Grace clean rooms, comfortable beds good housekeeping.",0.05606060606060606,0.5068181818181817,Apr 3 2007
23,23,"Beautiful Hotel This beautiful staff supremely welcoming. My workplace booked hotel, I expecting much. I pleasantly surprised. My one complaint, really complaint, restaurant menu could selection dinner. However, I'm picky eater put much stock comment. Breakfast buffet selection western food) really yummy.",0.25,0.49090909090909096,Mar 17 2007
24,24,"Best deal Shanghai I've stayed number Courtyards US, I guess I expecting something similar Shanghai. Instead I treated something level Marriott's finer domestic hotels. The staff great it'll cost half upper echelon hotels run you. The neighborhood bit boring, $2 cab ride get subway anywhere could want go.",0.14166666666666666,0.4020833333333333,Oct 3 2006
25,25,Great Hotel Stayed 5 nights wonderfully run ..congratulations staff .. professional polite friendly.,0.495,0.53,May 24 2006
26,26,??????????????,0.0,0.0,Oct 6 2009
27,27,Excelente pero caro,0.0,0.0,Apr 23 2009
