,Unnamed: 0,Reviews,polarity,subject,Dates_extracted
0,0,"LOVELOVELOVE THIS HOTEL!!! Have stayed 88 Xiantiandi three times always treat. Huge rooms hardly want leave. Curtained bedroom area. Fabulous bed, great pillows, spacious stylish lounge/suite area, fully equipped business traveler, great lighting electronics. Delicious breakfast buffet. Now, could make sure woudn't rain I come town. It also 5 minute walk Green Massage YPlus Yoga, fantastic make perfect day.",0.44236111111111115,0.8358796296296297,Nov 24 2009
1,1,"Fantastic Hotel comes premium I stayed Xintiandi last December watch new years celebration. This pretty fantastic, rooms spacious well maintained. The rooms view lake great place watch fireworks from. The impeccably clean contemprorary furnishings staff extremely helpful. The location also ideal, since right next main shopping area. While little expensive, worth view. This also executive residences frequent business traveller. I canât imagine much better place stay I travelling work.",0.23849506974506973,0.5689033189033189,Oct 12 2009
2,2,"Best area Shanghai We spent five days Shanghai went city. We felt lucky come back 88Xintiandi end day. This best area neighborhood. Very convenient everything. We walked Yuyuan Gardens, Peoples Park French Concession. The two blocks around filled great cafes restaurants, including wonderful bakery. Unlike large, busy hotels quiet, peaceful place. Our room large living area separate kitchen bed area. The best part room large windows glass door opened balcony overlooking beautiful park lake city skyline distance. What great view! It interesting watching park activities people coming going. The room clean comfortable free internet, music system, leg&amp;foot massager, bowl fruit (that filled day), comfortable bed different pillows want, free water bottles. Also included great breakfast buffet Chinese dishes Dim sum delicious. They also typical American breakfast foods (cereal, fruit, eggs cooked anyway want) European foods (meat &amp; cheese salads, best homemade bread jam.) We use pool fitness center ones there. The workers nice helpful spoke English. They problem getting us taxi whenever needed one. We would definitely stay 88Xintiandi again. If want great experience Shanghai stay here!",0.3800276854928018,0.5233499446290145,Oct 11 2009
3,3,"great location great service Have stayed 88 Xintiandi three times past year overall good experience. The rooms great cool design furnishings. For boutique hotel, good place business travelers desk accessories fax / phone communication system first rate. Breakfast pretty basic terms selection items dinning area nice happy hour type thing late afternoon. Some reviewers say needs restaurant bar. disagree. There 40 bars restaurants Xintiandi complex alone.....all walk 20 -25 meters there! Plus concierge quite helpful.Only drawback many taxi drivers know exact location. You get card name Chinese characters say &quot;Xintiandi&quot; they'll drop near Starbucks ( 3 minute walk hotel).This nice fun part town. Definitely worth try.",0.356875,0.5182638888888889,Sep 9 2009
4,4,"Upscale Alternative This property much acclaimed Xintiandi area Shanghai owned operated developer developed Xintiandi Shanghai. As high quality product &quot;boutique&quot; property extrodinarily located forgets fundamental needs high daily rate bar full service restaurant. Kind shame. The room experience however magnificent long facing Xintiandi &quot;mall&quot;. Ask room facing road hear pounding late night disco night across mall. The rooms designed beautifully raised bed area enclosed sheer drapery making true zenful experience. Music provided room well take one away hussle Shanghai street scene. The desk area huge accommodating working day necessary. Anyone would want office away home like this.The staff courteous multi-lingual. One nights I I invited management team join 3rd Floor meeting/concierge suite partake bit happy hour. Wonderful management staff along local patrons hand share complimentary wine hors d'ouevres. A nice evening dinner out.All-in-all, charming, restful elegant property well suits location discerning guest.",0.32635714285714285,0.614,Aug 19 2009
5,5,"An Oasis Calm Elegance bustling Shanghai This 50 room, 7 storey boutique Oasis calm elegance amongst Shanghaiâs bustling skyscraper blocks.Strategically placed edge fashionable Xintiandi shopping restaurant precinct across road beautiful park lake.My wife I walked comfortably view impressive collection artefacts Shanghai museum. On another occasion strolled beautiful Fuxing park (laid French days past), old French Concession area. Here viewed homes Chou En Lai Sun Yat Sen, founder modern China.Our room 88 Xintiandi extremely spacious tastefully decorated, modern style using many traditional Chinese elements. Free Internet cable connection room, plus free Wifi enabled us keep date e-mails â even eating breakfast, overlooking park. The personnel, led resident manager Jocelyn Yu, attentive helped us varied requests concerning, places interest, shopping, tailoring, Mandarin tips âwhere buy muffinsâ. (A plate freshly-baked assorted muffins magically appeared room hours later!).88 Xintiandi definitely home next Shanghai.",0.26100000000000007,0.54,Oct 19 2008
6,6,great fantastic - rooms awesome - ask lake facing room though back side gets noisy niteclubs.breakie basic perfect location thoughalways stay i'm town,0.5333333333333333,0.6291666666666667,Aug 17 2008
7,7,"Great modern boutique This really nice place stay Shanghai.Small enough feel special big enough handle needs. The people work friendly helpful. The rooms larger average, modern plasma tv, free Wifi, foot massager juicer (yes, fruit included) rooms still warm feeling them. The elevated beds really comfortable colored lights fun touch. You near Bund old Shanghai 10 min cab ride away. You upscale shopping area unique shops. nice walking. You go wrong booking room here.",0.23598214285714283,0.5735714285714285,Jun 26 2008
8,8,"It OK Maybe I higher expections I have.I arranged airport transportation advance. Perhaps omen, driver show up. I called hotel, racking $$ cell phone, finally, driver hurries says waiting us another gate. He could smoothed things apologized, instead went waited international gate. I explained error, cause came Beijing (domestic gate) , San Francisco. I submitted airline info advance. Whatever! I aggravated.Then I checked in, I told I 1 room. I originally asked one 2 bedroom suite, e-mailed change two standard rooms. So I questioned check-in, told indeed 1 room, I assumed changed back 2 bedroom suite. Of course, got room, standard room clearly accomodate 6 us. I call front desk, clear things up. They quickly sent another key 2nd room. I complaints amenities. The rooms nice enough, location great like trendy ex-pat friendly restaurants. The staff friendly. The breakfast though lots choices, best quality.More problems occured first night room hot water. We use another room take shower. Then, returned afternoon, brother's room water all! So, move another room. When I went front desk complain, assured replacement room larger. It wasn't. My brother move yet another room.The staff apologetic, water problems 2 separate rooms simply acceptable expensive rooms were. I'm starting think I stick American chain hotels instead independent boutique places.To hotel's credit, manager call personally offered free airport transportation airport return trip, sent fruit gifts. It nice her, I would rather problem free stay freebies.Had problems, I would happy camper. I wonder experience ordinary though water problems 2 separate rooms would indicate otherwise. Would I stay again? Probably not. I think I'll try another hotel.",0.19708333333333333,0.49642857142857144,Jun 23 2008
9,9,"Exceeds expectations 88 Xintiandi truly wonderful boutique hotel. It excels aspects: service, design, room size, location. More &quot;generosity spirit&quot;, nothing feels mean cost saving. The staff lovely helpful. Everything asked provided relaxed fuss manner.For breakfast one sit terrace look old roofs Shanghai. They could improve coffee machine espresso, I never stayed China wonderful coffee? Our room huge nice wee balconies. Beautiful flower arrangements adorn hallways decorated extremely tastefully Chinese antique furniture.Also free working internet. Fabulous.",0.40660714285714283,0.724107142857143,May 17 2008
10,10,"Good value good location good surroundings Well-situated Xintiandi district designed taste functionality, 88 XTD nice place stay. I think beats average price point China, least everything works properly. For short vacation stay, traveling companion I agreed entirely suitable.For longer stays, sink microwave looked handy substitute proper service apartment. I also think Xintiandi location stronger positive tourists business people. But China, functional decorative aspects room made tremendous difference comfort level. The breakfast room balcony quite enjoyable amid spell nice weather, buffet breakfast line generally (surprisingly?) high standard joint-venture/foreign breakfast spreads China.Several staff pleasant greetings even helpful. But compared China's best hotels, level professionalism quite there. Nobody looked like ready jump helpful without prompting. Ten years ago, might qualified special recognition given dismal standard service prevailed. Today, little effort would make difference decent enough place stay one keep coming back to.We're glad stayed there.",0.2738016868189282,0.5108695327660844,May 15 2008
11,11,"Awesome location Great location pretty part Shanghai, excellent shopping restaurants/bars. The staff helpful, spoke good english. No external noise due quadruple-glazed doors/windows overlooking plaza, however internal noise rooms next door hallways (why people bring noisy children stay hotels like ruin experience others???). The room lovely, huge king sized bed comfortable. Extras like proper coffee maker juicer appreciated. Only strange thing milk coffee/tea available, either room requested reception (yet available breakfast).So unless stuck room next door inconsiderate parents offspring, find lovely place stay.",0.3077272727272728,0.4852272727272728,Dec 11 2007
12,12,"Boutique alternative 5* Tourist Traps - Loved it. 5* facilities, rooms kitchens, lounges crowds. In lovely French quarter, 15 minutes walk taxi anything want see. We spent 5 days happily spent 2 room reading relaxing. If want western chain near tourist traps 1000 rooms, stay here. The breakfast executive club adequate quite 5* level variety. Cannot fault quality cleanliness service. We &quot;lakeview&quot; room suspect rooms overlooking shopping centre less attractive (and less costly). Bed bit small expect king size quite comfortable. Great amenities. If I come back Shanghai business (probably reason I'd go back) I'd stay here.",0.16315789473684209,0.39824561403508774,Oct 3 2007
13,13,"new home shanghai I spent weekend (or one night) 88 Xintiandi I happy report I found new home Shanghai. The strange thing I decided stay almost accident. I China entire month December staying town two hour drive Shanghai. When I flew last weekend I stayed Four Seasons thinking 16-hour trip Iâd want âthe best.â For second stay Shanghai I wanted save little bit money originally going book night Okura Garden Hotel b/c I heard French Concession happening place stay Shanghai. At 1430 RMB night â rate I found LHW site -- Okura considerably cheaper Four Seasons. However, reviews Tripadviser Okura mentioned rooms exactly highest standard quick look Okura website confirmed suspicions. In photos, rooms looked pretty basic. I decided take look CN Traveller site look recommendations. First list 88 Xintiandi. I clicked website found quoted rate USD 283, roughly B&amp;B rate four seasons comes to. Still, I thought Iâd check online reservations system availability. To surprise, I found weekend rate USD 210++ which, cheap Okura, definitely savings four seasons. I figured Iâd give go.I happily say Iâm thrilled I did.I mention I bit love-hate relationship âBoutique Hotelsâ â I usually find hit-or-miss. I often find enough staff, lack proper â often basic â facilities, good value money. When I first walked lobby 88 Xintiandi, heart sank. It small looked looked like could use fresh coat paint walls refinishing parquet floors. I figured Iâd dooped again. Oh well.When I made room 3rd floor, however, quickly forgiven forgotten: Very, nice indeed! This room HUGE. With Huge king size bed, king size desk, 42 inch plasma DVD surround sound, I mention huge king size bed? And comfortable too! Maybe four seasons mattress caliber, trust me, itâs sufficient. WOW. All bargain price USD 210++ -- Fantastic! I donât know poster mentions room felt cramped. To didnât feel cramped all, I alone s/he mentions staying 2 friends I wonder anything it. Perhaps add roll away bed, takes living area. Still, one rooms I wish I time sit hang in. itâs totally livable space. I cant tell many rooms, large small, often leave feeling good place crash store belongings about. The rooms Xintiandi total opposite â I staying lowest category room. I canât even imagine big livable true suites are.The roomâs decor done Iâve heard Japanese style â lotâs wood paneling, circular pillows curtain separates sleeping area living area. There kitchenette stocked microwave blender (with suggested mixed drinks smoothie recipe, bottles Xintiandi branded wines. Again, full marks presentation! I donât want mislead anyone thinking rooms anything really are. To fairly untrained eye, room seemed roughly 550 sq ft I think pretty large room standards. I donât technical specs room, I cannot say sure. When I say rooms huge, I donât mean presidential suites. But fit king size bed still room separate sleeping living areas. So give idea size.Meanwhile, even lower category rooms balconies facing Xintiandi courtyard. I guess considered undesirable b/c noise night, terms view, I thought great.More importantly, really could chosen better location. Iâd say 70% restaurants bars shanghai guides happen part Xintiandi complex. I would say someone really wanted to, could spend weekend Shanghai even leave Xintiandi. (not I recommend this, Iâm saying totally possible.) The 15 minute taxi ride Bund centrally located attractions, general great base operations explore shanghai. I would echo warnings Tripadvisor members regarding noise night. Xintiandi shopping destination day bar club destination night. I aware noise factor due reviews site intended staying late Saturday evening thereby missing noise. In end, however, I spent entire day running around shanghai sightseeing I tired I got room didnât chance really rest. At around midnight I decided rather head bars Iâd might well try get rest, even though I thought given noise might problem. Thankfully, I tired I simply conked work rested ready next morning. Iâm call âlight sleeperâ I definitely trouble sleeping noise around, keep mind book. Or maybe pay little extra get city view room may little quieter doesnât face courtyard. I lower floor whatever âin end didnât bother one bit. Hopefully next stay I make one bars.The included breakfast acceptable â pretty much standard buffet-breakfast get hotels. It included price room nice. On website pictures door lounge-like area happens large balcony outside breakfast room. The weather course cold stay outside right use, I imagine spring summer time would great place cocktail. I also spent hour fitness centre across courtyard Alexander City mall â nice, although I think 100 RMB charge bit excessive one hour workout. I also very, happy service. Again, zillions staff members busing enough accommodate guestsâ needs â I mention affordable laundry service (which I unfortunately didnât enough time take advantage of.)I guess complaint â minor one â common areas look little worn. The hallways wall wall carpeting looks like tred bit much lobby could use sprucing up, minor â actually pretty negligible. I mention part fist impression negative one.All all, I hope / intend return 88 Xintiandi. I think better value price I doubt another Shanghai match value. This exceeded expectations every way I would wholeheartedly recommend anyone looking great Shanghai.",0.12605488749933189,0.5015649885094331,Dec 10 2006
14,14,"convenient location stayed one night wanting stay (but corporate &quot;city cap&quot; rate) 2 friends town Miami loved location, rooms feel little cramped terms location &amp; etc, cannot beat place terms conveniencethis also cute boutique bit soul typical chains, rooms little kitchen case want eat restaurants right outside (there tons choices), definitely worth trying",0.19533730158730156,0.46547619047619043,Dec 5 2006
15,15,"My two cents... I two things add previous reviews:1. I've frequent guest 88 Xintiandi past three years say great service mentioned reviews consistent. In fact, service gets better time staff gets know you. If thinking staying again, go it. Don't bother &quot;luxe&quot; properties Shanghai.2. There terrific Chinese restaurant called Villa du Lac street. Go left entrance Huang Pi Nan Lu--toward Huaihai Central Road. It across street corner park entrance one old concession buildings. Just ask front desk staff 88 Xintiandi--and make reservations.Villa du Lac serves old Imperial Court cuisine--Huaiyang. There handful style restaurant Shanghai, nearly good.",0.12239583333333334,0.39322916666666674,Nov 19 2006
16,16,"First Class Excellent Location This excellent hotel. Number one: best section Shanghai, tourist section walking mall blend Chinese western style restaurants, pubs, clubs. Famous shopping nearby, 4 blocks off, Nanjing Road walked 16 minutes. Hotel modern elegantly styled, detailed woodwork, detailed trickets room, mini kitchenette, high speed internet, impeccably clean, bathroom nice. It small boutique style hotel, monster chain hotel. The draw back noise windows night tourist walking area, personally I slept good, I see trying go sleep 9:00 pm may background noise [you could always put cd, provide many cd's room]. I staye twice, booking October trip. Very nice breakfast buffet included. Highly reccomend, especially due location, I stayed nice hotels Pudong area, isolated, need take 20 minute taxi City, walk door.",0.38277777777777783,0.6226388888888889,Oct 3 2006
17,17,"Very highly recommeded Decided stay 88 Xintiandi months research deliberation. Our first visit Shanghai, part business part pleasure, wanted well located character, atmosphere sense shaghai; afterall, wants stay nameless &quot;cookie cutter'&quot; designed chain feels like could anywhere? This place absolutely lived expectations hesitation recommending anyone looking personal service, sense intimacy. The staff incredibly professional went way assist needs. Our two rooms overlooking park fantastic: huge size, kitchen, dining lounge areas, decorated combination chinese antiques, carved screens '60s modernist funriture gave sense could china; loved antithesis glitz, formality pretentiousness usual business suspects eg Shangrila, Four Seasons, Westin etc. Whist rooms back foverlooking lively redeveloped Xintiandi precint may noisy, completely quite.You can't better terms central location. Xintiandi may newly developed, character beutifully retiained, providing countless top-notch restuarants, bars shops; Shanghai intimidating fisrt time visitors area provides welcome respite. Since everything Shanghai spread out, walking around usually option. Taxis cheap pletiful I feel important choose locating interseting immediate environment, rather relative position city: I would never stay, say, Pudong (sterile), The Bund (stunning buildings traffic like highway) Renmin Square (massive bleak). If elegant, chic authentic sophistication after, another gorgeous option Ruijin guesthouse, set quiet lush gardens within French Concession.",0.19637121212121214,0.5630185185185185,Sep 30 2006
18,18,"Trendy Noisy Agree reviewers fun &amp; trendy can't beat location, BUT three stays I'm going back I can't take nights noise 1 AM. The right bar district Xintiandi matter hard try shut street noises out, can't. The music plays 1 AM, revelers sometimes still street even later. If yourself, hey, sweat! But town meetings work, need sleep stay in.",0.18690476190476188,0.40523809523809523,Mar 15 2006
19,19,"Watch Ian Shraeger! I looking cool along lines W Hotel's &amp; came across this. The pictures justice - taste level terrific! Very interesting mix contemporary meets China deco. Whomever designed interiors going big time. Being appareal business I inspired lobby design new tradeshow booth based astetics hotel, that's tastefull - welcome reprieve old big commercial hotels trendy wanna Shraeger hotel. The rooms spacious, soothing, accomodating business people toursits alike &amp; tremndous value price. Wish Hong Kong like this. The breakfast buffet average cares, place great!",0.25331439393939403,0.43726325757575757,Jan 29 2006
20,20,"Impeccable Ask room facing park, noisy clubs go full throttle... Then, real treat: kinds restaurants (T8 Villa Deluc pricey, not-to-be-missed), bars, coffee bars, boutiques, etc., right Xintiandi. Service amazing. If looking comfortable plush hotel, unlike chains, place ought book.",0.34716553287981855,0.5892290249433108,Jan 4 2006
21,21,"An absolute Gem 88 Xintiandi absolute gem! Rooms enormous, staff wonderful &amp; service better. On previous visit Shanghai stayed (and enjoyed) Portman Ritz Carlton -- 88 Xintiandi new Shanghai home! Location excellent. You walk door moments good shopping, great restaurants fabulous massage Green Door Spa (for whopping $12!). We 2 bedroom suite fabulous. 2 big bedrooms. One attached bath. A 2nd full bath located near living room. Big living room area dining &amp; kitchenette. Small balcony overlooking park.We bothered street noise, requested rooms higher floors park view. A fellow traveler one deluxe rooms/park view. It huge living/dining/kitchenette.Service excellent everything meeting us airport, bringing laptop room &amp; hooking us internet recommending spas/restaurants/shops &amp; good car/driver hire take us around. Ask Iverson - he's delight!",0.3531515151515151,0.6248484848484849,Oct 19 2005
22,22,"Nice Boutique Located heart Xintiandi entertainment complex in/close former French Concession. This good &amp; bad - want hang western style restos &amp; bars (&amp; pay western prices too), easy here. But noise bars noticeable hotel's rooms (tho overly intrusive 5th floor least). The 56 room boutique good, average good - rooms large mini-suites great balconies. You must pay Y100 visit adjacent Alexander City gym (which dead!). Breakfast buffet adequate ... blow away like Peninsula Beijing's buffet. Staff friendly tho front desk / reception seemed need 3 ppl check &amp; out. Conclusion: If need want area, definitely good choice. If location irrelevant, JW Marriott Ritz outstanding alternatives.",0.1811796536796537,0.48425324675324666,Jun 5 2005
23,23,"Pricey location location location.... As frequent visitors Shanghai, stayed Shangri-La, Renaissance Pudong, Grand Hyatt, Four Seasons - place favorite far. The location great lots shops restaurants within walking distance. We great balcony facing pedestrian street overlooking outdoor cafes boutique shops. The staff friendly helpful - rooms come small kitchenette. The downside price.... place overpriced worth, I think stop wanting stay again.",0.32249999999999995,0.6799999999999999,Mar 13 2005
