,Unnamed: 0,Reviews,polarity,subject,Dates_extracted
0,0,"Comfortable quiet welcoming....overall superb place say frenetic city 20 million There seemingly countless choices Shanghai far places stay. If interested close Bund every-bustling colorful Nanjing pedestrian mall, place. But mind 25-40 minute taxi drive (depending traffic) get Pudong Bund area, there's better place stay Shanghai Crowne Plaza Fudan.To note:1) The rooms great: spacious, comfortable pleasant.2) The beds comfy variety pillow styles.3) Internet service fast though bit pricey 100 yuan/day max.4) The breakfast buffet sumptuous usually comes room charge.5) The Saturday night dinner buffet (often two-for-one deal) 198 yuan per person also sumptuous.6) The staff, management bellhops door greeters, great....friendly, smiling well-trained.7) There's local restaurant that's good quite cheap nearby feel like spending 60 yuan plate spaghetti resto. (I got plate reasonable pasta restaurant 12 yuan.) Ask concierge closest Chinese restaurant is, walk walk right past go inner parking lot area see local, budget restaurant.If first time Shanghai, go wrong staying Crowne Plaza Fudan.",0.17742857142857144,0.48476190476190467,Sep 21 2009
1,1,"An Exceptional Hotel At A Great Price! An outstanding located Northern urban area Shanghai (YangPu), across FuDan University. My first visit February 2007 place I stay visiting Shanghai. True, little way, nice away hustle bustle downtown hotels priced like New York City. The service equal better higher priced downtown hotels almost half price. At night, area peaceful safe across University area students live. There also little campus shopping area 1 block get sit meal reasonable price, along convenience stores, coffee shops, fresh fruit, small grocery store get basic staples.The staff primarily Chinese English, languages (French, Indian, German) quite good excellent. Most staff genuinely friendly guests, rarity I lodged several hotels China &quot;friendly smile&quot; goes far walk away. If know anything Chinese culture, many put friendly face, even would prefer to...., well, know I mean.The also offers web rates including exceptional buffet breakfast caters Chinese, Japanese, Western tastes. All food fresh usually replenished quickly, except peak times. If special food request, usually handled easily.I read reviews lament fact subway long walk, however bus system also easy use many lines go hotel. Most buses announce scroll next stop Chinese English. Until subway line 10 opens nearby, take 139 bus (2 RMB) across Han Dan Road front University, HongKou football stadium (about 5 stops), subway line 3 8 choose from. Remember bring 1 yuan (RMB) coins buses make change. Line 8 take People's Square connect anywhere city lines 1 &amp; 2, walk 2 blocks NanJing Road pedestrian shopping mecca. If hurry, taxi fare downtown Puxi approximately 30 RMB 30 minutes. To PuDong area price.Locally, walk 1-1/2 km east reach WuJiaoChang center complex shopping malls restaurants. Too hot tired walk, take bus 850 1 RMB 1 stop dropped Wanda Plaza, part mall complex.People also said getting PuDong International difficult. If e-mail ask, respond Chinese instructions hotels location taxis.Basically, interested staying quiet area saving money, still want 4/5 star attention service, THE stay at.",0.15167274788703355,0.42774407338693055,Jun 30 2009
2,2,"Very good excellent service location bit drawback. We recently stayed Crowne Plaza Fudan Shanghai found enjoyable service outstanding. The modern, extremely clean well kept, good variety facilities. The service-oriented, attentive, responsive attitude staff excellent - commendable. The drawback I found location hotel, well-removed core Shanghai 30+ minutes walking distance nearest subway station. You basically must rely taxis local travel. While staff good telling taxi drivers exactly want go provide cards location Chinese, I still problems drivers able find hotel, especially taking taxis Pudong airport including one driver, clearly completely lost drove trying find -- tried charge 240 RMB 160 RMB fare. Fortunately, Crowne Plaza staff negotiated driver, behalf, reduce fare 180 RMB. Overall, great stay, downside location.",0.3514666666666667,0.5789333333333332,Jun 25 2009
3,3,"Good Hotel bit far Downtown The Hotel close Fudan University Shanghai. Do carry Map instructions Chinese reach hotel. Not Taxi Drivers know place, Our Cabby ask people Airport. But finally found it. The property good rooms spacious Shanghai Standards.",0.21666666666666665,0.55,Jun 7 2009
4,4,"Must good. At 10 pm Concieage convinced us resturant open shanghai. The concierge apply worst world. They said ALL restaurants close 10, 10.30 could go bar. We head upstairs told closed well. So landed Macdonald's . The sofa upholstery befitting Crown Plaza. Also learnt offer lounge access Gold cards guests- unlike Hilton.",-0.08,0.64,May 29 2009
5,5,"Very pleasant I stayed week Crowne Plaza Fudan club level (15th 18 th floors. Everything fine I pleasant stay. I recommend club 19th floor: daily &quot;happy hour&quot; 5:30 pm 7:30 pm pleasant atmosphere, drinks various canapes. Breakfast buffet gorgeous, service excellent, rooms clean, chech-in speedy simple. If wish avoid taxis (half hour no-rush time), two metro stations half hour walking distance directions along Handan Road. A huge shopping center, named Wanda Plaza relative vicinity. Nice little garden Fudan University campus, front hotel. Many bookstores little cafÃ©s nearby residential area South meet students.",0.30605263157894735,0.5661654135338346,Mar 16 2009
6,6,"Out Way worth it. I liked hotel. Out centre Shanghai, convenient I working relatively short cab ride phrenetic centre. No issues early check in, arrived overnight flight. Room comfortable facilities I could wish - needed high standard cleansiness.Breakfasts excellent choice east west included reasonable room rate. I two formal meals- one Chinese banquet organised hosts, European style meal reciprocate- excellent. Bar prices reasonable.Health club pool well equipped looked after- annoying thing requests fill assessments quality service staff several occasions. Staff overall friendly reasonable prices use phone business centre.Check efficient. Convenient ATM foyer",0.19535714285714287,0.4735714285714286,Jan 5 2009
7,7,fantastic Very modern comfortable facilities. The room nice especially bed. The newly opened restaurant quite good delicious tapas food. I love hotel.,0.444040404040404,0.7493939393939394,Dec 9 2008
8,8,"Great Hotel My husband I stayed Crowne Plaza Fudan Shanghai based Tripadvisor recommendations, disappointed. The new superior grade room spacious nicely decorated. The bathroom elegant hotels tour China. The staff extremely attentive. We met door arrival escorted check-in desk. We arrived 12:00 p.m. given room immediately. The bell boy showed us room explained everything room including fire evacuation route! The food good although drinks expensive. My complaint prior leaving trip I wrote email requesting concierge write directions, Chinese, give taxi driver. I never received response. Fortunately I able tour guide Xi'an translate directions Chinese prior arrival Shanghai. This important taxi drivers sure find hotel-we discovered first time went sightseeing got driven wrong hotel. Overall, excellent I would definitely stay again.",0.2756545454545455,0.5952707070707071,Nov 14 2008
9,9,"great We stayed Crowne Plaza Fudan Shanghai 4 nights June 2008. We found great.We arrived overnight flight 10:00am room ready us check in. This unexpected suprise allowed us shower small nap heading day. We emailed earlier scan email taxi card &quot;please take ___&quot; chinese. This something really makes getting lot easier.The room large clean. The bed comfortable also pillow menu. The staff also helpful. The inside nice, modern artworks interior design evident.The opposite Fudan university bit main touristy areas like bund, however cabs cheap matter costs $5 get side town.For lunch couple times went Fudan walking street - 1 minute walk wonderful food restuarants there.This really cheap around 600RMB Crowne directly. Other hotels Nanjing Lu 2 - 3 times expensive similar quality.",0.19967619047619048,0.5636190476190476,Jul 1 2008
10,10,"rough spots This shows China come long way customerservice amenities. There wonderful features thisestablishment, customers aware fewrough spots around edges. While room rates arefar comparable US hotels large cities,there surprises: (1) internet exorbitantly expensive;daily in-room internet 100RMB, 12 US dollars; (2) foodoptions limited; simplest request like sandwich ora cup coffee difficult arrange; (3) lunch buffetis 20 US dollars extremely mediocre. Otherwise stayhas comfortable.",-0.017012987012987004,0.611038961038961,Jun 29 2008
11,11,"Great hotel. Fair location. Four star hotel. Great staff, facilities. Only downside well away everything interest neighborhood lot character. Factor cab rides whenever want go anywhere.",0.575,0.85,Jun 8 2008
12,12,"Really enjoyed hotel. We spent four nights excellent hotel. Our room large, well appointed, comfortable clean.We paid little extra access club floor proved worth while. Here breakfast, checked email, enjoyed evening cocktails canapes, popped coffee whenever wanted. All without charge.All staff always attentive, welcoming helpful.By chance Chinese New Year additional benefit meeting two dragons club lounge part festivities!The short taxi ride Shanghai Bund city centre, fare 35 yuan, short walk massive mall every kind shop restaurant.",0.24850829725829726,0.5285064935064935,Feb 23 2008
13,13,"Superb I booked I Fudan University. I bother distance Shanghai city centre trips Bund took usually 25/30 minutes costs 5 euro taxi. The plus definitely rooms. Even standard rooms every kind amenity, slippers, bathrobes, bathroom amenities, balance office utilities. The bed large really comfortable (true story 6 different types pillows). Bathroom large contains bathtub well separate glass shower. Internet available standard rooms cost 100 RMB per day; lobby restaurant wi-fi free connection accessible.The breakfast dining buffets average wide selection food, top class quite expansive (dining buffet 200 RMB). For eating, also big shopping area close (10 minutes walking). Service facilities always remarkable. Indoor large swimming pool gym noteworthy (changing rooms, sauna whirpool particular). Overall great comfortable upper range 5 star category.",0.19585537918871251,0.46948853615520286,Feb 19 2008
14,14,"Good Value But Location Inconvenient We day transit need room Shanghai booked Club room 950 Yuan. The room quite nice, breakfast buffet average, free internet nice, service accomodating. For night stop fits bill, longer term base touring city, would suggest paying getting closer town center. It's long taxi drive town IF ITS RAINING AND NEAR WORKER QUITTING TIME may long wait taxi --- try 90 minutes waiting rain. At least downtown access Metro later return stay Royal Meridien.",0.08437499999999998,0.5375000000000001,Dec 11 2007
15,15,"Excellent value great location. Clean whistle, nice room, club floor rate included lovely breakfast well happy hour lasted 9:00 included alcoholic beverages.",0.5452380952380953,0.8142857142857143,Nov 16 2007
16,16,"Great Stay! I'll echo sentiments people below...A GREAT hotel!I booked club-level room, seemed best deal, gave breakfast morning (sufficient--not outstanding, good food, decent selection) evening cocktails appetizers (which enough dinner). One better values I've Shanghai RMB1000 club level add ons.The room clean, spacious offered 8 English TV stations--more places China. My gripe club level lack free in-room internet--I expect pay internet access, club floor, included hotels Asia, including more-expensive sister-property Intercontinental Pudong Shanghai. Bathroom large--tub separate glass shower.Service good, 'ground floor' club room. When I arrived hotel, I presented passport 'Rose', told I check Club Level. Rose awesome, almost accomodating...She took personally, asked I wanted drink brought Qingdao beer another girl checked in. That end 'Rose Experience'. She happened standing near door I returned office second day--she acknowledged name proceeded escort room, making friendly small-talk day life general...I believe Chinese call 'Tan Tian', translating literally 'talking sky', or, small-talk. :)The club floor staff helpful almost over-crowding me...I get diet coke beer, let alone trying re-fill water glass ice, swoop finished plates 10 seconds. I'm really complaining, I never complain good service!Great hotel, great experience...The far away anything exciting Shanghai, that's fine me. It half-hour ride office, worth great property great value! Definitely going consider next time Shanghai.",0.40512195121951217,0.5828455284552846,Oct 25 2007
17,17,"Watch CC statement Extremely comfortable large beds clean, spacious rooms. Hotel room rate good value money Shanghai (around 600 RMB) although NOT include breakfast, in-room dining menu view expensive. The location good want amongst action. A Cab Pudong area night cost 60 - 70 RMB. However, #139 Bus heading west handan road 2 RMB (about three stops) takes convenient subway station.I disappointed one aspect. The charged credit card second, extra amount ($30) prior stay, without consent. I noticed statement, I contacted were, curiously, unable satisfactorily explain happened fee represented. They reluctant refund it, (only upon insistence) instead offered credit spend services. Then actually arrived hotel, I received different, inconsisent explanation charge represented. They seemed unwilling unable refund amount card, ultimately paid cash. Just check CC statement...",0.01478696741854636,0.5257142857142857,Oct 14 2007
18,18,"Great inconvenient location This sparkling new beautiful. The staff concierge helpful knowledgeable. The price incredibly reasonable. I booked Crowne Plaza website room rate 670 yuan per night double including breakfast. The breakfast nice wide selection Asian Western dishes. The cafe also offered nice desserts served wonderful afternoon snack. There restaurants well although try them.The downside hotel's distance areas Shanghai tourists want visit. Our daily taxi fares amounted $20 $30 day. Shanghai good subway system. If I stayed again, I would take taxi closest subway station order cut transportation costs. For dining, good shopping dining center close hotel, within walking distance, five minute taxi drive away.",0.2729912764003673,0.5285651974288338,Oct 7 2007
19,19,"Sensational Hotel Experience A friend I returned ffrom week staying Crowne Plaza Fudan. We stayed one club floors represented excellent value money. The rooms beautiful THE comfortable beds. The club floor provides breakfast, beverages day wine/spririts canapes evening. It's quiet lovely. The drawback staff speak little English prepared explore Shangahi easy-to-read Subway map problems. The concierge best bet English speaking assistance. Enjoy!",0.39791666666666664,0.5769230769230769,Sep 10 2007
20,20,"Lovely Very clean spacious room, good food restaurant helpful staff. Location 30 mins Bund . Club lounge good internet access, breakfast ok, nothing special.",0.49054421768707485,0.6044897959183674,Aug 31 2007
21,21,"Fantastic na quite convenient area It may seems foolish many booking room near Fudan University, Shanghai city centre plenty great hotels. Yet, Crowne Plaza deserves go! It's 10 kms. Pudong/the Bund ( mere 25/30 RMB taxi fare!), great!The lobby enormous, big enough accommodate groups. Check pretty fast. That's important!Even though arrived 10 hotel, king club room aready available. As see picture, modern, new arge room, every amenity expect 5 stars hotel, including, slippers, bathrobes, office utilities, in-room internet (100 RMB per day), bathroom amenities.The bed large, comfortable! If allergy, ask Housekeeping, many 6 different types pillows accommodate every guest!The opened June 2006, fact new! The Club Lounge - located top floor (all club rooms located top 3 floors too) large, staff always helpful! Breakfast good (buffet style, good quality); day drinks available; evening cocktail hour canapes (very good ones! 4 choices white wines, tell something quality hotel!).This boasts Beauty Salon/spa (we try it), gym (very new! Not big, state-of-the-art treadmills, step rowing machines, three fours machines plus weights) indoor swimming pool (large access open air terrace chairs tables). Changing trooms top notch, sauna whirpool! Wow!The wine bar, Tea Lounge restaurant. The concierge helpful, booked train tickets Beijing easily, fastly 50 RMB surcharge per person! So go train station ask them??Taxis readily available. The located opposite Fudan University, quite area lot students! It give glimpse everyday Chinese life!My compliant staff speak adequate english. It's really difficult make understand everything simplest requests. Anywho, couple good english speakers, locate stich them!All all, good, way 4 aa 5 stars And price cheap, compared quality located downtown (club room 900 RMB/day! Isn't bargain??). I'm sure choose hotel, disappointed!Rating: A--",0.262470689033189,0.5115181577681578,Aug 28 2007
22,22,"Great staff We really liked hotel, service, concierge services, room quality, club lounge hotel. The breakfast average good hotels stayed China things made that. The beds comfortable. The club lounge internet useful. We 2 adults 2 children (11, 7) one room two double beds. The room worked well us. The kids loved pool. The location negative comfortable taxis never problem find. The hotelâs concierge handled tickets Shanghai Circus us. The concierge staff helpful making reservations, providing recommendations. The food mall recommended lunch 15 yuan taxi great place go meals. There kinds restaurants including Pizza Huts etc. There Walmart behind food mall area too. There also excellent Chinese restaurant called &quot;Real Good Seafood Restaurant&quot;. The food service good here. The market price fresh fish pricey though best fish I long time.",0.36318181818181816,0.5377272727272727,Jun 27 2007
23,23,"New Great hotel. Very new time stayed there. Staff struggle bit English. Best find someone who's relatively fluent stick time there. Location bit centre, plenty taxis around (It take around twenty minutes centre town). The restaurant bit steep side considering food quite cheap China, food really nice. There also large electronics mall road handy get camera stolen (like happened us days Beijing!). Overall, good place stay mid-range traveller.",0.33676323676323683,0.44800199800199797,Jun 3 2007
24,24,"Nice place Before left, I looked reviews hotels Shanghai. I left somewhat confused, seemed good reviews. So I booked it, disappointed. This really good value money, large rooms (deluxe I remember well), good service, actually also nice restaurant. Rooms clean comfort. It takes taxi drive center, price low (3 4 euro), center Paris Rome., necessary - I would say - stay center tourist.",0.24612433862433866,0.5159523809523808,May 9 2007
25,25,Wow! We stayed tour group Smartours fabulous say least! The thing I say bad distance city (about 25-35 minute cab ride depending traffic) anything besides comforters. My travel companion severly allergic forced sleep sheet stated blankets....but aside that....beautiful classy!,-0.0936111111111111,0.6219444444444444,May 1 2007
26,26,"Love it! I stayed April 12-14, 2007.Architectural &amp; Interior Design- Understated, contemporary.Rooms - Complete interent service, comfortable beds, flat screen TV, mini bar, robes/slippers. Housekeeping great job!Breakfast Buffet Cafe - Good spread western/chinese cuisine poor service height morning rush.Check In/Out - painless efficient.The drawback location least 20 minutes w/o traffic downtown. The driver cab rode even familiar hotel.This definitely 5 star hotel!",0.20681818181818185,0.5704545454545454,Apr 20 2007
27,27,"Wonderfulwonderful This great hotel! The best I ever stayed in. The beds heavenly; service fantastic; executive lounge perfect! Allan, manager executive lounge, extremely gracious helpful, ensuring fantastic stayI doubt ever stay anywhere else Shanghai. Shanghai big city. Unless want spend time one area, going use taxis anyway. Location much issue provides wonderful value",0.5416666666666666,0.6833333333333333,Apr 15 2007
28,28,"The thing consider I can't add much what's already said. We 4 nights hotel, everything (room, food, etc.) superb. The downside, mentioned, location. And I would say choice excellent value convenient location. If want near action, stay unless willing put long cab rides (20 minutes off-peak; 30 otherwise), posibility (as happened twice 8 rides) driver get lost way back hotel. It would nice stay downtown, especially difficult get cab back rush hour. It would nice step door shopping/dining/sightseeing/entertaining area. But would cost 4 times amount paid ($82 night, booked phone IHG reservations, including great breakfast buffet.) comparable property. The reservations agent told us qualified weekend rate, known otherwise. So, care boonies, fantastic value.",0.27777777777777785,0.6666666666666667,Apr 8 2007
29,29,"BEST VALUE IN SHANGHAI I spent 500 nights hotels China least 50 nights best Shangai including Pudong Shangri-la, Portman Ritz Carlton, Renaissance Westin. The Crown Plaza almost equal best much less half price. I checked Club Floor 7:30 PM pleased find happy hour went till 8:00 PM. Most hotels close club happy hours 7:00 PM. The club lounge one nicest top shelf liquors several hot hors doerves. Unlike many club floors, surprisingly empty service good. The location convenient worth savings. One taxi drivers Pudong airport trouble finding download map directions web site go.",0.3655555555555556,0.4434920634920634,Mar 24 2007
30,30,Excellent Hotel,1.0,1.0,Dec 6 2006
31,31,Fantastic Hotel,0.4,0.9,Nov 26 2006
32,32,Best Quality Price Asia,1.0,0.3,Nov 21 2006
33,33,One nicest hotels I ever stayed,0.0,0.0,Nov 12 2006
34,34,Very Pleased Hotel Amenities,0.65,1.0,Oct 29 2006
35,35,First Class All Way,0.25,0.3333333333333333,Oct 23 2006
36,36,Excellent,1.0,1.0,Oct 1 2006
37,37,Absolutely Wonderful Hotel,1.0,1.0,Aug 27 2006
38,38,Great! Hotel,1.0,0.75,Aug 17 2006
39,39,???????,0.0,0.0,Oct 3 2009
40,40,???????,0.0,0.0,Sep 28 2009
41,41,??????,0.0,0.0,Aug 11 2009
42,42,?????????????,0.0,0.0,Mar 7 2009
43,43,?????????????????????,0.0,0.0,Jan 21 2009
44,44,????????????,0.0,0.0,Sep 27 2008
45,45,Excellent,1.0,1.0,May 5 2008
