,Unnamed: 0,Reviews,polarity,subject,Dates_extracted
0,0,Nice avoided tourists Nothing wrong hotel. nice rooms good breakfast. However visting Shanghai stay there. This targetted business travelers business tourists. There nothing see around there. You walk subway (10 minutes) ride Nanjing Road take hour. If take taxi key places Pudong cost 70rmb time. This confused Crowne Plaza also Pudong better located.,0.171875,0.759375,Oct 25 2009
1,1,"location big problem Stayed one night , 15% surcharge, needed pay 98rmb internet check emails. There many alternatives much closer city.The location main problem, The tea coffee canister empty I sure would replenished time. The staff profesional,polite helpfull. Room would expect, served nice meal nothing side terms food alternatives shopping could find.",0.26666666666666666,0.5031746031746032,Sep 23 2009
2,2,"Nice Hotel.... Nice food! This nice hotel, located clean area Shanghai.... A supermarket 5 minutes walk, metro stop, The shuttle take riverside underground market, bus fills quickly! Rooms large, great showers! If want use pool bring swimming cap.... They strict cleanliness water!",0.5327380952380952,0.7258928571428571,Jul 23 2009
3,3,"Great Hotel Value My wife two young teenagers stayed two rooms next other. The rooms bright large standard rooms. The beds comfortable soft hard others stayed three city China tour. There plenty shopping around want pick water soft drinks stay. The Metro short 15 minute walk next Science Museum. I recommend Metro travel quick efficient take tourist destinations 4 RMB per person. The taxis great real cheap start 11 RMB get in. We took taxi one night YuYuan Gardens 21 RMB, that's like $3.50. Make sure tell driver use meter (Fa Bieu). The staff write Chinese tell drivers want go. Make sure name return trip. We use amenities offer dined every night. The rooms great value $136 dollars per night per room. It still cheaper staying comparable downtown Shanghai.",0.2825188964474679,0.49342403628117915,Jun 24 2009
4,4,"Some Jewels missing Crowne..!!! When one travelling new country, especially business everything impeccable done style.. And, China tad bit handy would Mandarin dictionary.. Which I carry terms 5 - Star would live standards..It somewhere, faltered bit.. It may learn wheel progresses.. The catch line Crowne Plaza 'The Place Meet' - and, yes exude business atmosphere. But, located much extreme end Shanghai.. So, travelling Pudong International Airport - ready trip excites initially, Shanghai every sight welcoming. But, progress tired weary self wants nap - taxi seat cushion need..!!Atlast, arrive friendly staff greets you.. A must need keep niche.. However, uppity managers may act bit skeptical although, confirmed ballroom schedule business manager apologetic..The rooms treat one gets soak away worries warm senses bathrobe.. As one works schedule, breakfast time flies away every morning.. A sleepy walk, finally sumptuous yummy breakfast greets you..The Congee Dimsums favourite.. The pancakes honey maple syrup melt away.. braised mushrooms unique flavour China must have..Thus, king-size breakfast sets ball rolling seminar company staff really helpful.. Also, conceirge deserves pat back job well done.. But, sometimes staff approach foreign guests problem English.. However, Hotel lives stature despite, distance Place Meet..Haibo there.. Who Haibo..? find out.. A blue-fellow likes wave Hi..",0.11704792490118578,0.48432806324110667,Jun 18 2009
5,5,"Great Hotel shame location!!! I spent 3 nights Crowne Plaza, December 2008. What great Hotel!! Friendly staff, comfortable rooms, excellent breakfast spread, resonable price rates (about $110 USD)...this Hotel really good,,,,,,except long, long way Shanghai centre!!Train stop 8 minutes walk lobby, gives 4o minute ride Century Ave, 5 RMB,,, thats excellent value. There also Hotel free shuttle bus, I onl used twice, took Exhibition Centre, saving long train journey, expensive taxi ride, cheers!!Wireless Internet Lobby, pay go internet room. I would love stay again, close enough Shanghai me, unfortuantely. However, train line door, taxis always waiting take well..",0.34966666666666674,0.6066666666666667,Dec 15 2008
6,6,"Great service breakfast buffet Great service. Since new city, always consulted concierge helpful. I love little extras like night turn bed replenish toiletries drinking water, fill ice bucket. Breakfast buffet good selection especially Japanese section live cooking. All wait staff helpful one waitress grilling fish could find cook. They eager please yet annoying.The rooms tight bathroom nice clean. Pillows blankets nice. They even offer pillow menu respond every need, extra cost. I wish wifi free internet connection, even limited basis offered rooms. We enjoyed free wifi lobby though.",0.31020977633477637,0.5726002886002886,Dec 5 2008
7,7,"way nice My wife I part tour group China. We stayed Shanghai two nights. This great. Our standard room king size bed good size, clean comfortable. The decor room nice modern bathroom good well. It tub separate shower worked great wife able relax tub I showered. The beautiful gym nice hotel. It number treadmills/ellipticals number workout stations really find run-of-the-mill hotel. The pool looked nice although time make there. This place best buffet breakfast four hotels stayed China. Being Shanghai (wonderfully modern city!), place definitely catered foreign/business travelers. It's located free trade zone seemed close many business related facilities, unfortunately far tourist-type places. It usually took least 40 minutes get destinations.Shanghai great city though. It overcast rainy, trapped terrible smog city, still really interesting place. Given time, I would loved explore more. Would consider returning future particular agenda could explore.",0.3343650793650794,0.5867777777777778,Nov 25 2008
8,8,"Good good location. From check check staff friendly, efficient polite. All spoke good English, including Windows Restaurant (no doubt named big, er, windows!) breakfast buffet excellent meals I also good. It advantage open 24 hours, convenient jet lagged business traveler going stir crazy room 2am!In contrast light airy restaurant I found guest rooms little dark dingy rather heavy dark wood furniture dark cream walls- mention desk chair strange shade orange.Other facilities include good gym open 6am 11pm, pool two Asian restaurants.The location great unlikely location would choose unless good reason, business free trade zone across road. However, metro station five minute walk away, taxis cheap shuttle bus take markets malls several times day.There better (and better situated) hotels Pudong Shanghai doubt slightly way helps keep costs value money included overall experience Crowne Plaza earns average rating.",0.16513888888888886,0.46277777777777784,Jun 2 2008
9,9,"Pleasant Stay I stayed 2 nights business trip.Room really nice, tiny problem shower well designed water goes floor.Enjoyed stay considering rate really good deal.Nice atmosphere good staff. Loved breakfast buffet.I'll definately go back.",0.4904761904761905,0.6380952380952382,Mar 18 2008
10,10,"pleasant surprise Went conference business trip. Hilarious first time shanghai part way taxi ride, driver asked teh was!!! ( built month ago). Hotel clean, north american style buffet breakfast great, didnt really try lunch dinner since town every day. Room clean, although shower doors badly constructed water basically dumped onto floor time finish theres flood. Its also way city building rapid transit station next issue might resolved now. But overall acceptable price right.",0.26255518353174606,0.5051984126984127,Feb 5 2008
11,11,"Worst service ever We went due flight cancellation. The check-in staff told us room cleaned &amp; come back 20 minutes. When came back told room available. When complained one spoke English( even though spoke before) They offered us room next door &amp; It midnight raining took it. The place dump, filthy dirty, fridge, working airconditioning, bathroom tap broken, sheet bed. We never stay Crowne Plaza Hotel anywhere world experience.",-0.2568181818181818,0.3795454545454545,May 20 2006
12,12,???????????????,0.0,0.0,Aug 11 2009
