,Unnamed: 0,Reviews,polarity,subject,Dates_extracted
0,0,A great place stay days I stayed 5 days really enjoyed layout apartment (1 bedroom) proximity Peoples Square subway - directly behind Raddison Hotel.The apartments cleaned everyday I found staff friendly. I vouchers breakfast used one occasion. I preferred find something street drop Starbucks 2 minutes away.The apartment well layed - thing didnt washing machine.,0.07993827160493827,0.6265432098765431,Nov 14 2009
1,1,"The location can't beat Very near People's Square, 1, 2 8 subway lines, get many parts city quickly. Nanjing St., New World Shopping Center, ATM's, post office, pedestrian shopping area, &amp; Shanghai Museum within easy walking distance. Lots little food shops nearby stocking kitchen. The reception staff professional courteous helpful providing directions, writing notes Chinese, etc. The housekeeping staff warm friendly. The room quite spacious I appreciated free internet well iron, hair dryer, refrigerator, microwave, etc. The ONLY downside breakfast, awful. The restaurant converts kind Taylorist, production-line buffet later day tell. The restaurant staff downright surly food bleak. Definitely vegan vegetarian friendly.",0.1335966810966811,0.5597402597402598,Nov 8 2009
2,2,"Great Location â Basic Hotel ! We stayed Citadines September couple days good experience. The positives â Location â That big plus. All shopping streets 5 mins walking distance metro station close really get feel city.Room - The room basic clean well equipt basics amenities apartment.Business Center â There couple PC terminals lobby used read city plan.They also allowed us late checkout, assisted us getting cabs etc finding nearby ATMs.The Not-so positives â Tour Information â much information available regarding city reception 1 guide book (no options) u take get idea time get hang wasted much time. Language certainly issue.Breakfast â First issued 1 breakfast coupon 2 us double room lot discussion second coupon issued breakfast really bad / cold / stale. Itâs better book without breakfast grab sandwich Starbucks nearby.Overall good experience quick rush.",0.09017857142857143,0.4071428571428571,Oct 8 2009
3,3,"Not Perfect Worth it! Just went SH fren's wedding crowded National Holiday. We lookin' accomodation expensive good travelling group.I stayed Citadines Shinjuku Tokyo earlier totally impressed. Therefore I say I'm little bit disappointed compare tokyo experience. However, I look around spacious 2 bedroom suite we've got, full equipped pantry necessary equipments including electronic vacuum cleaner....a BALCONY 2 full shower/bathrooms provide well balance private &amp; common area occupants stay....plus convenient location (block away subway heart city), actually pretty good pick who's travelling groups looking comfy crazily fancy accomodation! I admit lot lacking...yet honest Shanghai, really need dine easily find superb choices cuisine u wanna try.....I also admit service utterly great (they can't find reservation even gave print confirmation note becos wrongly type first name last name space system.....not typing wrongly once....), bad compare average China (sorry lthough i'm Chinese, agree service quality never reliable even really expensive spots) they're helpful really need (not do'nt look like really need assistance) they're cheerful time least!So think i'll still go back future, cos cozy spacious, kinda well maintained clean...tho' perfect price worthy. Esp travelling groups good fren hunting new excitement around SH City, place provide enough!",0.11910827020202018,0.5707196969696969,Oct 6 2009
4,4,"great location lacking. We recently spent 8 nights business trip. The location perfect 1 bedroom suite spacious. There small restaurant open average breakfast. The cereal offer fruit loops honey puffs. The food lacking selection quality. The staff could speak english well difficult discuss anything. There really facilities hotel, room service, gym, pool. What get spacious clean space top location good price. For worth money, certainly nothing rave about.",0.2067782738095238,0.5372767857142857,Sep 26 2009
5,5,"Great location great value After reading many reviews Shanghai hotels, I expecting bad experiences, two I chose (the Marriott Renaissance Yuyuan Jinjao Citadines) exceeded expectations satisfied requirements. Like Citadines I've stayed, one provides short longer term studio, one two bedroom apartment. My 1 BR apartment consisted separate full kitchen (not Pullman kitchen area living room) separate bedroom living room, course full bath, basic toiletries (shampoo, soap, shower gel, toothbrushes paste). The bedroom comfortable queen size bed living room also sleeper sofa, 1 BR could easily sleep four comfortably (sharing beds course). The property furnishing seemed new smartly furnished. My rear apartment (eleventh floor) overlooked construction site unobstructed view futuristic Raddisson New World JW Marriott towers. The construction noise nonstop 24 hours/day, seemed bother last day. Currently, would difficult find ANYWHERE Shanghai construction nearby. It possible construction complete, view might obstructed, apartments across hall face Beijing Street small park across street. My major criteria selecting convenient location, FREE Internet service, full included breakfast, English speaking staff, clean comfortable rooms affordable price. This Citadines scored B+ pr better counts. The property five ten minute walk following: west end Nanjing pedestrian mall, several high end department stores shopping malls countless food courts western menus, near street (to west blocks) many restaurants frequented local Shanghaise, Peoples Square Park metro center three major subway lies intersect (the 1, 2, 8), Shanghai Museum, Art Museum, Urban Planning Museum, bizarre stretch shops east Beijing Street find hardware, industrial parts, power tools, crack pipes, gears, eight story electronics mall full kiosks selling semi conductor chips every part would need build computer network one component time. (I'm suggesting shop even put stretch street top list, doubt tourist walking through!) The Citadines provides two free Internet terminals lobby, FREE wired Ethernet connections rooms, albeit running somewhat slowly. The included breakfast plentiful varied every day, included mostly Chinese American fare (cold cereals, fried / scrambled boiled eggs, breakfast meats, cooked vegetables, steamed buns, always lunch type entree two, juices, coffee, tea, breads, etc.. While fabulous, breakfasts adequate changed enough daily week I bored it. For money (I took advantage Citadines special sale price ran 550 650 ($75 - $85) total per day, property great value compared anyplace else nearby Internet would $10-$20 per day more. There always someone front desk spoke English well enough conduct business staff always friendly helpful (which common experience I would expected elsewhere around Shanghai). It seemed majority guests business split 50/50 Western Chinese. Best tour groups contend with! The front desk book tours though seem standard pricing. If looking luxury five star accommodations (and Shanghai plenty choose from), place you. But want clean, comfortable stay convenient location good price, I'm comfortable recommending it.",0.16130194805194809,0.5054797077922077,Sep 14 2009
6,6,"Great location spacious rooms This wonderful right heart Nanjing road pedestrianized shopping street. It's 5 minute walk People's Square subway station Nanjing road shopping street. Just road small street lots little local restaurants foot massage places (wonderful long day sightseeing). There excellent dumpling places along street picture/english menus.We stayed 1 bedroom suite extremely roomy comfortable. There separate kitchen living room area sofa bed. The bed rather hard used maybe bit uncomfortable that's typical China... hard beds! We 17th floor balconies could get good views city. There two free internet terminals lobby use. We buffet breakfast two included rate. The breakfast good selection pastries hot western Chinese dishes. The one thing bit odd booked directly hotel, got 1 breakfast included rate 1 bedroom suite booked via another website (I used Agoda), included 2 breakfasts room. We hoped take Maglev arrived Shanghai arrived late ended taking taxi. We paid 190 RMD taxi I've read seems like paid bit much! On way back took Subway/Maglev combo quick easy much luggage.The excellent value. It's priced much lower hotels right Nanjing Road. I've stayed Sofitel Nanjing Road given price difference Citadines, I would take Citadines anyday.",0.18001267636684307,0.5326940035273366,Aug 19 2009
7,7,"Highly Recommended The nice surprise us. The one bedroom apartment definitely good solution family children â queen size bed bedroom pullout sofabed living room. There one TV set turnable, one either use living room bed room. The apartment spacious well appointed, well equipped kitchenette fridge!The centrally located, 1.5 block away People Square west entrance Nanjing Road. Breakfast, included room rate, good great variety hot cold food. We booked room via Expedia. For $72/nt (tax included), already steal! I definitely recommend anyone!",0.267,0.7345,Jul 2 2009
8,8,"Best value Shanghai stayed 6 times Quite simply best value Shanghai. Forget mini bar, concierge, overpriced dining 'features' western hotels. Book room fill fridge locally priced items, buy DVD's (there's player every room), kick back enjoy Citadines Jin Qiao. Everything want see Shanghai doorstep. The first time I stayed I initially hesitant due seemingly unbelievable price. But perfect, yes, price unbelievable! Best location Shanghai, I keep going back more.",0.25514705882352945,0.37296918767507004,Jun 3 2009
9,9,"The Location The location price probably greatest thing ever abt citadines brand. This affordable option Ascott group service apartments Asia.For 699 RMB, get one bedroom apartment well appointed living area sleeping space. I tried studio one bedroom option Feb say RMB $100 almost silly save. For extra $100, get bigger space roam relax day exploring ShanghaiThis place 2 streets away Nanjing Street abt 5 minute walk away Renmin Square MRT station connects everywhere . The bund New Heights restaurant (overated) abt 10 minute cab drive away peak hour location unbeatable. I stayed Ramada one night double price, I would gladly trade Citadines next trip bigger space fully equipped kitchen, living space modes.It comes standard everything expect chinese 500 RMB, amenities, umbralla, room safe etc great Tv channels.the big plus place free internet, available room also lobby computers. The breakfast so-so service unbeatable.they book train tickets, get flight tickets (although I recommend booking via ctrip save hassle) get cab. security tight. Get room facing construction site sleep like baby ! The restaurant next door great spot eat late night plus convenient 24hrs Lawson around corner",0.18578910220214567,0.4176199887069452,Mar 3 2009
10,10,Great Hotel This perfect leisure business travelers. It located close Peopleâs Square local subway line. Our small group nothing good things say hotel. The rooms large (one-bedroom suites). The kitchens well equipped guests wanting cook rooms. We received special room rate extra benefits hotels website. I definitely stay next trip Shanghai.,0.28051948051948056,0.4344155844155843,Jan 4 2009
11,11,"Great value Central Shanghai I stayed 2 weeks Jan 08. Citadines part Singaporean Ascott Group runs serviced apartments. Citadines lower end (Ascott high-end, Somerset), still definitely much better local chains price pay reflects that. Serviced apartments mean minibar, room service concierge, equipped kitchen utensils, stove, sink fridge (at least 1 bedroom suites). Unfortunately, closest supermarket I could find 15 min walk away Nanjing Road Pedestrian street. The location unbeatable price &amp; quality. You get cheaper, it'll definitely local experience quite shocking traveled much Asia. Citadines quite deal extended stay.The design quite upscale materials little cheap. Despite newly built, hallway carpets already showing wear. Not staff speak English may problem. Breakfast get boring days variety Chinese western options.There also laundry room ground floor. I try gym.",-0.08131313131313131,0.41900252525252524,Dec 22 2008
12,12,"Might everybody Location downside, located two busy inner city roads, prepared traffic noise. If put small face cloths bathroom, hairs bathroom floor, coffee stained bed linen, windowsill outside littered cigarette butts, mould around bathtub,a complicated slow elevator system good value. For RMB620 (64Euro / 91USD) get decent size apartment seperate bedroom, fully fitted kitchen, good size living room sound system 1/2 dozen international channels tv plus free internet access. Walking distance Peoples Square station access Lines 1,2 8. Short stroll Nanjing Road walking street easy walk Peoples Park, Shanghai Museum, Grand Theatre etc.The apartments comfortable reasonably clean, although bit wear tear. Bathrooms small acceptable. Good value price located right downtown bonus. So fussy prepared accept everything perfect good choice. Much better standard room.",0.2678075396825397,0.5271825396825397,Sep 4 2008
13,13,"Fantastic find! My husband I stayed October 2007 three night mini-break let tell you, place find! We pleased choice following reasons:LOCATION: It couple minutes' walk Nanjing Road (where action is), People's Park, Shanghai Museum little Bund (you MUST cocktail sunset M Bund - view!). We caught taxi airport arrived quite late night get bus train, fare expensive. The located main road easy find, neighbourhood seems safe (the streets well lit always lots people around, even late evening). There's also convenience store meters away.ROOM: We stayed 1br suite great. Lots room, exceptionally tidy clean, modern, secure, little balcony, great little living room area. We normally stay smaller studio-style rooms really enjoyed cup tea putting feet end day little lounge watching bit CCTV giggles (we can't speak much Mandarin amused adding dialogue...). The bed great - nice n' firm, hard. It also well-equipped modern kitchenette.FOOD: We always prefer go 'forage' local food rather eat meals hotel, heaven discover around corner 'food street', restaurants little hole-in-the-wall outlets. If stay MUST go Fry's Dumpling Shop. We ate breakfast every morning stuffed $2 each. It fun sitting amongst elderly neighbourhood folk, crammed tables, slurping away delicious, juicy dumplings ever taste... Seriously, still dream dumplings!PRICE: I think paid US$117 night, which, given quality accommodation location, absolute bargain. We actually felt like paid room - good. Don't put anyone labels business - think comfortable base exploring, without frippery regular hotel. We care much staying places lobby particularly swish on-site restaurant breakfast great, still felt lovely clean, modern feel it.And listen anyone complains construction noise Shanghai. It's city that's developing phenomenal pace there's construction going everywhere. We rather enjoyed peering balcony workmen - shutting evening went bed (the windows quite soundproof).Also note little Mandarin goes long way Shanghai - need phrasebook ask things like extra pillow. But part fun travelling overseas?Yes, definitely return Citadines Jinqiao get Shanghai heartily recommend others.",0.1991582491582491,0.5518809893809894,Jul 23 2008
14,14,"Very Nice Hotel My family stayed one-bedroom unit comfortable. It queen-size bed bedroom sofa bed living room 2 kids slept. The small kitchen compelete equipment.The location convenient, short walk going Nanjing Road. It actually boundary East West Nanjing. If coming People's Square, small road beside Radisson Hotel take short cut Citadines.The breakfast good except served exactly main dish two consecutive days. The staff accommodating. They gave us extra pillows, water, blankets. Everything clean. Overall, great time. We loved place, kids called second home.",0.21462962962962961,0.4032407407407407,Jun 22 2008
15,15,"fine tired physically office shanghai nanjing west road huangpi. radisson new world's prices creeping past year, decided stay citadines reasonable price.i enjoyed location. proximity subways pedestrian walk nanjing east road great.rooms basic. carpets wood floors. beds bit hard bathroom bit small. hallways bit tired. carpets looked like cleaned while. &quot;gym&quot; converted one-bedroom two machines it.breakfast buffet good value Rmb45 per person.conclusion: get pay for.",0.02779720279720279,0.5193514818514818,May 9 2008
16,16,"Dark long corridor... I stayed 1 nite 25 April, Studio room. This final nite China, travelling alone.The room alright, bright standard hard bed.However, toilet bit dark, yellow lights.The corridor worse, I stayed room 1509, walk bit lift. The corridor properly lit up, lights on, hence kind eerie. And although close train station, construction site beside hotel. Meaning walk past reaching station. I came back night around 9pm find rather dark. I recommend single gal stay unless (1) ask room near life (2) take cab back coming back late.However, plus point near famous clothing market - qi pu lu. About 10 mins cab.",-0.0007467532467532481,0.40572510822510827,Apr 28 2008
17,17,"I see westerners like I stayed one night Citadines.Itâs clean, apartments well designed.If I Shanghai two weeks I could see benefits, itâs designed couple nights.As tourist seem cold business stay nothing facility whole. I know I attract negative reviews taking position I sticking opinion. The attached restaurant (French style) average. The staff great food overpriced boring. The buffet meal offered breakfast even limited. In rooms well designed new..Yes.Heaps westerners talk with..Yes.Need make fun? You sure do!!...because itâs roof.",0.04287414965986395,0.6429818594104308,Apr 26 2008
18,18,"best location shanghai We stayed Citadines 4 nights, 3 weeks traveling China. For us, like home, many nights hotels rooms . It's wonderful separate living room, small yet fully equipped kitchen wonderful &quot;serpa&quot; delivery service connected with, provide food delivery best restaurants city within 40 minutes. The apartment small functional, clean nicely decorated. The staff nice, part speaking English, well.There free internet lobby, small seating area newspapers. The location amazing, five minutes walk Nanjing people square, behind posh hotels Radisson new world Meridien.The price got site unbeatable low shanghai.The complaint I mention launderette hotel, suggested high priced laundry services used.",0.28822865013774107,0.611206611570248,Apr 20 2008
19,19,"Location Location As i've made decision always look ascott groups accomodation first anywhere go, chose Citadines Jinqiao Acsott properties bit steep. Had great time Somerset Makati hence expectation kinda higher arrived Citadines. It expectation stil Ascott property standard. It's clean, staff kind, friendly helpful. Surprisingly breakfast much better Somerset Makati. I 1 bedroom apartment. It's compact nice. All kitchen utensils available includes small dishwasher practical. Do drink tap water. It tastes strange even fact i've boiled twice! The sofa bed living room really cosy loved it. The place quite small guess Citadines made that. Intended young single executives. Location great. It's walking distance everywhere. There's coffebean family mart (convenient store) corner hence making place convenient place stay vibrant ever busy (and full contrsuctions) city Shanghai.",0.2868261904761905,0.4764380952380954,Mar 25 2008
20,20,"Conveniently located This place quite conveniently located, near People's Square Nanjing Road. Restaurants fast food joints plentiful Nanjing Road area, food concern.We stayed one bedroom unit sofa bed living room area. The first days woken sounds banging. There note table notifying us due redecoration parts building next it. However struck put us end, made booking, knew small child us. Thankfully banging unbearable level.The breakfast bad, except yucky coffee. At RMB40 child RMB20 quite good spread. The lobby area quite nice underutilised there, especially reading tv area. One evening family I went read newspapers becoming dark, staff quickly came turn lights us. Staff wise, good points bad points. Some staff attentive helpful, total opposite. The doormen noted taxi's numbers times arrived left good practice. We change room last day heater/airconditioning unit decided function properly. This surprised maintenance staff check matter immediately. They sent cleaning crew see matter could sort out, decided move us new room. Overall pleasant stay would stay again.",0.13540241120886282,0.4933365917236885,Dec 27 2007
21,21,"Cleanest Place Shanghai It first time Shanghai &amp; booked 5 nights Citadines Jinqiao Hotel partly first &amp; review I found here. Now &amp; I'm gladly adding own. The rate affordable around Rmb500 considering rated 4 star. Indeed, location ideal. We took Maglev airport subway. It minutes walk exit 6 People's Square metro station. Turn right &amp; find Family Mart convenience store well Starbucks. About 3 blocks left Huanghe Road one find lot local restaurants stay open late. Our room faced small park &amp; quiet night much noise street. It short walk Nanjing Lu. Walk east 20 minutes &amp; reach Bund passing local hardware stores. Aside location, best thing studio room booked cleanliness. In experience, seemed cleanest place Shanghai. It also microwave, fridge, dishwasher, iron, room safe, kettle, stove &amp; utensils, etc. apartment hotel. The room key card need use elevator sometimes took long work elevator try inserting sides. The toiletries basic, nothing special towels spotless white. The tap water tasted strange gargle bottled water safe water drink Shanghai. Breakfast still good value RMB40. Beware use correct date breakfast voucher honor past dated voucher. We tore topmost vouchers without checking date. I argued front desk matter warned us. They insisted breakfast provider actually separate company hotel. They agreed give us one complimentary breakfast. Some breakfasts, looked xiao long bao outside hotel. The English speaking staff helpful, even spending quite time figuring use IP card. The doorman almost got us ripped though tried give us unlicensed maroon taxi leaving airport time lemon green Dazhong taxi dropped arriving guest I insisted taking instead fortunately jolly driver spoke little English rare stay. Overall, quite satisfied stay hotel. We'll likely stay go back Shanghai.",0.15330547112462006,0.4272796352583587,Dec 25 2007
22,22,"Excellent service amenities. New We stayed studio - dishwasher, toaster, microwave, induction hob, pots/pans/utensils need. Everything looks really new. Room clean. 5min walk 2 subway stations 5min walk away 1 end famous Nanjing Pedestrian Mall. Good service staff, helpful could speak English. It pretty cold Shanghai room toasty warm - almost stuffy took thermals &amp; opened windows cool air. 2nd night figured turn fan function air conditioner much better. Would definitely stay again.",0.2832929292929293,0.5979393939393939,Dec 6 2007
23,23,"brilliant value Prior put conference company uber luxurious Grand Hyatt, wife wanted slightly affordable accomodation Puxi long weekend.For get Citadines great value seriously good location. At RMB650 night one bedroom unit certainly complaining.The emphasis practical, separate living room bedroom, decent sized, well equipped kitchen, feels like home hotel. The bed comfortable, good working desk, living room, always like sofa coffee table.The location behind Radisson superb. This gets excellent rating simply good value money - city hotels getting increasingly expensive.",0.3583959899749373,0.644486215538847,Nov 30 2007
24,24,"Great Stay Citadines We stayed 6 nights end October - clean staff friendly although speak English made directions bit tricky. However speak English helpful would write name location us needed getting taxis. The room good size - microwave, sink even little dishwasher cool. The room spotlessly clean. The breakfast good value - slightly priced.The location ideal 5 minute walk Nanjing Road - even dont good sense direction always find way back hotel. Another bonus free Internet access provided lobby.I would recommend anyone travelling Shanghai - seemed popular business people still quite tourists - I would stay",0.30533333333333335,0.5213333333333334,Nov 21 2007
25,25,"A Practical Alternative I stayed newly renovated Citadines Shanghai Jinqiao 2 nights 1-BR suite. The property well-located prefer near Nanjing Road. It block away shops (and mayhem) pedestrian street seems ground zero shopaholics. Citadines also conveniently close 2 metro stations making easy check popular places like hip Xintiandi area. It also short cab ride away colorful bazaars Yuyuan Gardens. The property occupies rather drab looking building I'm sure used something else prior takeover Citadines. The decor throughout apartment-hotel simple devoid anything grand. The halls leading units also sparse utilitarian. The apartment units, simply furnished, clean one marvel sheer amount closet space available. The attached kitchen nicely equipped modern conveniences utensils good news long-staying guests. There small dining area lobby serves breakfast light meals. The greatest advantage staying Citadines Shanghai reasonable rate quote units. I paid equivalent US$100.00 large room apartment-hotel close Nanjing Rd., premium area quite known hotels charge least US$200/night (Le Meridien, Radisson, JW Marriott). I quite satisfied choice accomodations I surely stay again.",0.24743618450515004,0.6303510474200129,Feb 14 2007
26,26,???????????,0.0,0.0,Jan 29 2009
