,Unnamed: 0,Reviews,polarity,subject,Dates_extracted
0,0,"Solid Business Hotel - Excellent rooms firm beds This solid business hotel. The beds nice firm unlike soft mattresses states murder back. Rooms well appointed terms lighting, bathroom, supplies.Service good bit cold side.Breakfast, included w/ rooms, good means best I experienced Asia.Location close Shanghai Mart - within walking distance dare deal crossing street",0.2928571428571428,0.5057142857142857,Nov 26 2009
1,1,Great learning venue This fabulous. The accommodation rooms beautiful...very beautiful.. could watch TV bath jet lag much bath. ..The conference rooms also good breakout rooms large roromos - staff wonderful.,0.6248979591836735,0.7369387755102041,Oct 16 2009
2,2,"Clean Quite Great Hotel, Location Key since need Area.... The Gym small good Quite, Pool nice big clean locker roms nice showers.... room great except bed hard rock otherwise sheets conforters excellent..... NO nightlife all.... club great music 2 workers NO customers ever.... There Piano BAr also silent.....",0.4179761904761904,0.6729761904761906,Oct 13 2009
3,3,"Awesome Garden This, said one best hotels i've ever stayed Shanghai. The view garden first arrive magnificant. The rooms beyond luxurious surely among largest city. It amazing pool. The staff curtious friendly I felt welcomed. The food delicious. The amazing made stay one best we've ever Shanghai. Definately recommend anyone. 5 Star. It would ideal would BBQ party beers stunning gorgeous garden!",0.6125,0.6763888888888889,Sep 12 2009
4,4,If better location! As good needs value best experienced trip. . We upgraded suite room superb. The service excellent staff accommodating used having. The 30 minute taxi ride (only $5 cost) center Shanghai issue always seems bumper bumper traffic road two places.,0.5525,0.6900000000000001,Jul 18 2009
5,5,"Eerily quiet nice To follow reviews, location odd (and cabs trouble finding it, even location card). The staff English-friendly helpful glitches.The room large I garden view, preferable highway view. Bed comfortable; bathroom nice.But whole place strangely quiet. Hardly ever saw another soul. The attractive health club virtually empty, except chatting staff members, weird I left earlier I would wanted to. Business center 2 internet stations I wait 20 minutes use one time. But offered tea juice I waited.",0.051719576719576714,0.5034391534391535,Apr 19 2009
6,6,Great Staff! Love ! email u wanna know .. downside location .. away main attractions.. nothing pretty reasonable cab ride solve . If food little bit shopping u're looking .. fear not... theres huge carrefour beside ... fast food food court well .. GREAT PLACE!!!,0.3776515151515152,0.6848484848484848,Mar 10 2009
7,7,"Excellent I Shanghai two days, last two days China way end journey!A superb hotel!The positive aspect location, good aspects, I easily forget one! You pick taxi 20minutes center! Don't worry :)Where I start? Beautiful rooms, everything may need hotel, modern clean decoration!The staff really speak english say words like others hotels I stayed China! You easily figure staff formation english see young boys girls working....finally adults working here!The breakfast superb big room lots different food!I sure would comeback I ever came Shanghai again...hope :)",0.3660881542699725,0.6026216712580349,Nov 18 2008
8,8,"Fantastic I can't add much previous reviews. This superb Hotel. Everything perfect. So many lovely staff dressed neatly. My room great although warned bathroom window straight bedroom. Some might like this. As I business worry me.Great place stay want area reason. If I visiting tourism I would stay city.Also previously mentioned, Carrefour shopping complex short walk. I ate food court times get away food. It quite OK menus English. Lots variety cheap 50 - 60 RMB beer.If want cheap clothes, watches, bags etc Pearl City shopping centre 20 min walk further. As lot places China negotiate price down. Its great fun play hard good it. A good rule thumb never pay anymore half initially ask, always better go even further.",0.2542407407407407,0.4953148148148147,Sep 20 2008
9,9,"A good Hunked full week corporate training course, conclusion is:PLUS:Excellent facilities. An extremely sweet , service-minded accommodating staff international average. &quot;OK&quot; food (choice good, quality rather average (no WOW factor - noodle station great); modern, pleasant spacious rooms executive needs; walking distance Pearl Market Carrefour shopping mall food court.Good conference facilities excellent service catering. Nice surrounding gardens breaks. The Bund 20-30 minute taxi ride away.MINUS:The beds hard!Internet slow. Not hotel's fault - feel like 25 people times checking page visit....The buffet varies little, Shanghai style cousine may many westerners challenge meat dishes &quot;bones fat&quot; included. There however always good alternatives la carte.",0.2925138888888889,0.5392777777777777,Sep 19 2008
10,10,"Business Shanghai Area This beautiful hotel, oasis people little Chinese ability. It staffed impeccably dressed polite staff. After days getting know staff, I asked employee fluent English managed speak comfortably. She told staffed many students currently studying English part business curriculum nearby universities. These positions like internships gave chance practice conversational English. What luck me! My Mandarin BARELY usable. Hongqiao (&quot;hong-chow&quot;) area outside incredibly congested Shanghai. If looking Shanghai tourism, stay closer Bund. If need get somewhere outside city, stay fight traffic leaving/returning city. The convenient thing immediately next 7-story food/shopping complex. Plenty prepared food found lower level &quot;food court&quot;; groceries, clothing, toiletries, liquor, souveniers abundant. Just look English speakers shopping complex. The issue I there, travel agent quoted different price (by LOT), anyone willing discuss happened, able give price quoted. We unable compromise, I ended agreeing paying $100 USD per night planned, check price paperwork checking in! This WAY EXPENSIVE China, worth afford it. Quick warning: If wander outside, immediate area pretty safe, stay street side billboards. You welcome behind people living spaces &quot;painted over&quot; city!",0.13407657657657654,0.4636486486486487,Jul 28 2008
11,11,"Good Experience! Stayed one night Millenium-Very nice hotel, modern decor, clean. Most staff spoke english, always nice.Breakfast included rate I buffet. It pretty good fairly wide selection items. I surprised see putting green outside window. I get chance use see pool gym.I stayed business, within walking distance shopping. Carrefour next door.The pretty far south Bund Pudong area (tv tower), I recall correctly shuttle areas.",0.24277777777777781,0.5566666666666666,Apr 30 2008
12,12,"I would Highly reccommend traveller. I stayed Hotel 2 girlfriends,we adjoining rooms spacious clean modern view surrounding city ceiling floor windows. Our checkin/checkout seemless. Cost @ $800AUD including fantastic buffet breakfast 6 days. Great value! The nearby supermarket handy ATM personal items. Here Shanghai must prepared catch cabs form A-B .This expensive way travel easiest way get around, public transport complicated. Getting taxis Hotel trouble, peak hour traffic nightmare, practically 24.7. There catering tourism Hotels Shanghai. You must go clear idea want want go. No brochures appear foyer Hotels. The staff Hotel helpful directing us turn telling cab drivers take us language. Always carry card Hotel staying mud map returned to! A lot taxi drivers illiterate make sure absolutely know take you.",0.1957777777777778,0.5945925925925926,Dec 29 2007
13,13,"Good place stay Good stay Shanghai. Only thing bit difficult get cab hotel, cab drivers come often, walk near intersection wave cab, lot cabs near intersection. Overall, great hotel.",0.22444444444444445,0.553888888888889,Jul 9 2007
14,14,"Good Just stayed biz trip last week. Got good rate, 800 RMBThe located Hong Qiao, expat area. It's beside Carrefour shopping centre, convenient want bit shopping. But situated quite distance Xintiandi, Bund, Huaihai Rd central shopping areas. But I travelling Shanghai, location convenient since I would avoid traffic business districtThe new, opened Oct 2006 according staff. Lobby rather grand, 3 restaurants. Only tried chinese restaurant bad. Less oily salty chinese restaurants I tried China. Food quite highly priced. Was upgraded club room. The room quite big well furnished. The sockets desk multi-adapter, convenient travellers need use laptop charge phone. bed's comfy bathroom nice too. It rather nice stay I would stay",0.22904356060606063,0.4937215909090909,May 24 2007
15,15,"Good little action This great many ways, rooms large minute flatscreen TVs, superb bathrooms monsoon shower heads comfy beds plus impressive aray dining choices decent gym. While staff dont speak flawless English, make customer service focused enthusiastic proud hotel. On cons side, far away Shanghai action, good 30 min taxi ride Bund/French Concession etc set back 35 yuan makes taking impulsive stroll somewhat difficult. That said want near Hongqiao airport expat districts, good bet. It might also come handy back stop Shanghai's big 5star names fill popular months",0.38123897707231036,0.568342151675485,Apr 24 2007
16,16,????????,0.0,0.0,Aug 13 2009
17,17,????????????,0.0,0.0,Mar 10 2009
18,18,?????????????????????,0.0,0.0,Feb 28 2009
19,19,???????,0.0,0.0,Feb 6 2009
20,20,???????????,0.0,0.0,Oct 16 2008
