,Unnamed: 0,Reviews,polarity,subject,Dates_extracted
0,0,"Very good indeed! Me father (family owned business) stayed Courtyard Marriott 4 nights mid november. We got good rate Expedia (USD108), I thought reasonable compared similar grade hotels (150 up). Having stayed &quot;chinese&quot; Hangzhou, I decided adventure again. kept simple Marriott chain.The new - opened June, amenities commom areas well mantained. Awesome bar lobby floor, stylish, cool restaurant 2nd floor nice gym 4th (pool too). Location-wise, perfect - byGrand Gateway mall, metroCity, subway station Papa Johns Starbucks!! Being brasilian american education, I loved re-encounter papa johns pizza again!! And 3-5 minutes walk!The bad part services paid - breakfast included rate, add another 26 USD USD 17 internet. But still, leisure want check emails, cheaper go cybercafe. And food, go starbucks Costas CafÃ©, set. However, I must fair, one hell breakfast offer, americans europeans, breakfast anywhere may around 20-30 USD, amount may right - even though well served, little much brasilian budget (in comparison terms, nice breakfast costs around 10 bucks).One short note, also tailor shop right inside front door hotel. They special sale, get 3 custom made shirts 48 bucks each. I couldnt hold bought 9 shirts loved it!!! They deliver 2 days.In short, I would definitely stay recommend people.",0.33166703985669505,0.5581922675026125,Nov 24 2009
1,1,"New pristine super service good price The service superb. The staff plentiful always available eager help. The room beautiful, pristine, nicely appointed, American soft bed! Apples room. The brand new spotless. After month standard Chinese hotels, firm beds, I found heavenly. Location good. A beautiful 6 floor elegant mall across street. Subway stop block. Rooms running $90+ per night. Restaurant offers western Asian foods reasonable prices. I loved hotel, staff, room, amenities. The internet bit pricey 120 yuan (about $17) breakfast buffet amazing array delicacies 170 yuan ($25). So breakfast internet, much bargain.",0.3539591567852437,0.5045981554677207,Jul 28 2009
2,2,"I great stay I great stay hotel. I chosen place since international Xujiahui Area. I surprised product behind new Courtyard line. It nothing American ones even European Courtyards different. This one full service doesnât look like Courtyard.The Gym swimming pool fantastic service food Restaurant casual outstanding. Especially breakfast buffet would expect Courtyard, Honestly even better Renaissance Marriottâs I stayed before. Rooms ok, big cozy. Check good Service overall tried best make stay comfortable. The bar gave good start evening happy hour Alan great guy filed glass wellâ¦ I would recommend everybody likes five star stay four star pocket.",0.29690235690235695,0.6017115600448933,Jun 28 2009
3,3,"Big Surprise fantastic stay I travelled Shanghai 1 day business four days leisure booked newly opened Courtyard. The rate good I thought, ok Courtyard, I arrived I amazed. What great hotel. Not comparable Courtyard's I ever seen. Full Service Hotel great heated Swimming pool a, I guess, around 250 - 300 sq Gym newest cardio etc. This Courtyard designed following new style, friendly bellboy David told proud. Check good, great Lady friendly explained amenities hotel. Also MoMo Cafe Concept. I remember something Modern Eating. Anyway, restaurant offers fantastic breakfast buffet daily changing chef's special like Breakfast Pizza Spinach Frittata. Never before.. But Pizza overall great!The room size ok room design interesting sliding door separate bedroom bathroom. I personally liked lot. Room clean.Staff friendly try best made stay comfortable. They done great job since opened February. I definitely would recommend traveler. And thr location next French Conssesion convenient visit Bar's Restaurants. Also inside 5 minutes walking distance three big shopping malls including IT four floors.",0.3404248608534323,0.4767291280148424,Jun 5 2009
4,4,"Good job The staff really friendly helpful throughout stay, compliments! As gold member I got access executive lounge, I warmly recommend business traveller Shanghai. The rooms big, nicely designed, bed great. The fitness center one I seen international feels like real gym, also thanks attentive staff. The prices yet high good hotels Shanghai, all, good deal.",0.31898437500000004,0.45406250000000004,May 14 2009
5,5,"Very Satisfied Customer (Twice) I stayed Courtyard twice last 3 months time impressed rooms, facilities staff. I found staff incredibly friendly efficient. While may close city centre relatively close areas French Concession. For convenient 5 minute walk office. I hesitate return.",0.278125,0.4208333333333333,May 11 2009
6,6,"Terrible Stay... We expecting nice 800th one world. The renovation quite pleasant lobby, soon got room, way small paid for. The bathroom linked entrance, sort architectural design make bathroom seem bigger. This created inconvenience one person bathroom, person could leave enter room. The bathroom door also lock. All wanted pleasant, clean care-free place stay, instead bathroom design gave us unneccessary inconvenience room use. This designis okay staying yourself, definitely 2 people.",0.2034848484848485,0.6734848484848486,Apr 20 2009
7,7,"Disappointed We checked 2 days official opening day, however, still felt ready open. No directory, toothbrush shaving kit room upon check in. I asking weather day, gave phone no. call myself. What nice service!!! By way, toilet door unable open stuck floor. Upon checked, sincere fond farewell even THANK YOU FOR STAYING WITH US. VERY disappointed....",-0.1787037037037037,0.5805555555555555,Feb 19 2009
8,8,"brand new courtyard 800th one chain We checked brand new Courtyard Shanghai Xujiahui 27 January 2009, apparently 4 days opened. The decor modern pleasing. The room 2 adults 2 beds bit small commode shower encased plexiglass material. For privacy using bathroom one close bedroom area rolling breakfront. The shower excellent choice rain shower head hand held adjustable shower. Bathroom amenities nice.The buffet breakfast served executive lounge 23th floor. Not sure case fully running. We enjoyed coffee bread cereal options. Most hot dishes Oriental items, stuck cold items pleased.The staff gracious helpful. Nice TV, reading material, computer access sitting area available.They nicely equipped gym absolutely beautiful pool 4th floor.The within walking distance metro near 2 nice shopping malls. The Grand Gateway mall across street really nice dining options.We took number 3 airport bus short taxi ride - cost 58 rmb 2 people. Returning taxi Longyang rd MagLev PVG cost 150 rmb 2. These 2 rather inexpensive options traveling airport hotel. We found staff welcoming helpful. They really went way make us feel comfortable. We Shanghai 3 nights sightseeing. The bit main attractions, city 20 million nice bit beaten path. We recommend staff think great start. Did I mention middle Chinese New Year Celebration!!! Very loud colorful, something see.If looking nice new good staff book Courtyard Shanghai Xujiahui next trip Shanghai.",0.2937740800865801,0.608011544011544,Feb 1 2009
9,9,????????????,0.0,0.0,Nov 14 2009
