,Unnamed: 0,Reviews,polarity,subject,Dates_extracted
0,0,"You find something better Our room pretty old clean. On arrival upgraded big suite, nice surprise, still refurnish rooms.Breakfast ok, nothing special though. The staff friendly helpful, mix understanding caring.The far everything, taxi ride The Bund costs 25RMB, cheap.I think find better price.",0.23782705389848252,0.5629317111459968,Sep 9 2009
1,1,"Overall good experience I stayed freind's recommendation closer &quot;real Shanghai&quot;. I disappointed. The rooms nice - 5* - 4*+. Breakfast buffet very, good well coffee served breakfast time.The 400M Metro fairly convenient. If feel like taking stroll, #3 line 1KM away. Best all, staff accomodating speak english helpful.All all, good stay.",0.5440909090909091,0.5354545454545455,Jun 26 2009
2,2,"Comfortable Hotel Business Tourist Location If want near motorway good one you. Actually situated vitually underneathe intersection two main Highways North WEst City. Location wise suits businessman really inconvenient traveller. Fortunately Travel Co I travelling provided transport downtown - fortunate nowhere near subway station anything interest whatsoever.Taxis cheap still China disaster.Bar lobby souless - rooms spacious, clean bathrooms big. Buffet breakfast provides western oriental cuisine fine.",0.24466666666666664,0.5448888888888891,Aug 24 2008
3,3,"Location could problem I rate average me, end day touring I desire go night. I look around nothing vicinity. No bars, clubs shops restaurants.The modern provide good facilities food service high standard.",0.15166666666666667,0.3233333333333333,Jun 15 2008
4,4,"Management problems The hotels name Shanghai Lansheng Hotel, carry anymore SAS Radisson name.The rooms spacious, clean well acceptable. It however evident facing range management problems. Facilities may past like KTV, disco closed. The bar time closed, I looked always empty.The suffering unfriendly male pe3rsonnel presenting attitude like serve Non-Chinese guest. The highlight friendly female trainees better staff.During 2 months stay I noted frequent interruptions supply water guest rooms due maintenance. On occasions interruptions exceeded time indicated TV channel.Negative also location, real attractions vicinity hotel.Considering 4 stars itâs 4 star price, Shanghai certainly provide better options. Acceptable discounted low rate.",0.10952380952380951,0.41911027568922304,Aug 24 2007
5,5,"Bad location We stayed Shanghai 4 nights June 2006 hotel. Out tour operator Kuoni offered 2 hotels Shanghai - one Shrangri La (which expensive). We concerns location left proved correct. There absolutely nothing around hotel. You get taxi wherever go need avoid rush hour takes longer. The taxis cheap tried get taxi New World night taxi drivers know take us. On one occasion, direct taxi driver - easy speak english.The breakfast average, although rooms good size. The view room uninspiring - concrete jungle. Having there, I think would better stay Howard Johnson Ramada. We ask travel company alternative, unable offer us.",-0.002331002331002329,0.5511188811188812,Jul 11 2006
6,6,"Great Hotel would go back again! I loved hotel, rooms big, clean nicely decorated, king size bed, huge bathroom seperate shower bath, breakfast lovely, works going outside effect stay, good location 5 star!",0.4241666666666667,0.5650000000000001,May 3 2006
7,7,stay away travellers beware worst experience life rooms smelt mouldy even dehumidifier middle lounge area wouldnt recommend worst ememy,-0.6666666666666666,0.6666666666666666,Nov 9 2005
8,8,"Stay somewhere else We stayed May 2004 week disappointed. Rooms: The rooms badly need remodel. The carpet faded stained. The bathroom cleaned well. The bedding old dingy. The room entire floor reeked smoke even though nonsmoking room. The view interesting, especially morning bicycle traffic comes by. The breakfast served good, though every day gets boring.Location: This far nearly everything. You take taxi everywhere go. It 20 30 minutes get downtown main sites. Fortunately taxi ride often $5. Overall, many nicer hotels better locations. I would stay again.",0.08774509803921571,0.5455882352941177,Oct 22 2004
9,9,?????,0.0,0.0,Nov 17 2009
10,10,??????????,0.0,0.0,Sep 21 2009
11,11,?????,0.0,0.0,Mar 29 2009
12,12,??????,0.0,0.0,Mar 1 2009
13,13,Solides Hotel Lage,0.0,0.0,Sep 11 2007
