,Unnamed: 0,Reviews,polarity,subject,Dates_extracted
0,0,"Good Hotel Great Location In Pu Dong I stayed Radisson Century Park Pu Dong four nights business. The rooms clean comfortable, large. The buffet breakfast good. Staff spoke good English. Free internet satellite TV lot English channels. At $170.00 USD per night breakfast decent value Shanghai. The adjacent shopping restaurant area Carrefour, many small stores, numerous restaurants. Maloneâs American CafÃ© good western food Korean Barbeque place good. I would rate solid 4 stars good location would stay again.",0.35038095238095246,0.47126190476190477,Oct 29 2009
1,1,"Business needs fulfill really tourist I think I comment much room service.It fulfills basic needs. As breakfast, liking especially since I seen placing breakfast food early night before. However, decent restaurants cafes nearby. Some days I would skip buffet breakfast grab sandwich scone cafe starbucks. The gym well equiped. After day's work, nice go good cheap massage near hotel.For me. conciege helpful knowledgeable directing places want go. Location plus tourist. It costs minimium 30 yuan travel xintiandi, nanjing road anywhere around bund traffic smooth driver taking ride. Especially since every driver knows hotel. It useful directions written Chinese show driver. The subway better faster choice feel like walking. And fooled Shanghai map, looks think. Overall good affordable. But tourist budget, might consider elsewhere.",0.22592592592592592,0.4606481481481482,Sep 24 2009
2,2,"Business Hotel good facilities ""soft beds"" Our company company-rate hotel. I stayed August 2009 two periods 2 day's part china business trip. I stayed often alway's pleased return back. loby staff helpfull, beds &quot;soft&quot;, internet free additional charge breakfast-buffet good; basic minimum needs business traveler fullfilled Hotel. Also outside right side good choise restaurants, chinees Queen faforit, also Thai eating facilities present.Transportation Pudong-airport done either Maglev + taxi taxi (both way's RMB 120 takes 30-40 minutes. Transportation town (puxi-nanjin road west) done taxi direct (RMB 45 day-time) taxi&gt;science Center&gt;Metro line2 (RMB 16 (11 + 5); night taxi RMB 65.Bee aware Expo 2010 whole city big road-construction site resulting multiple trafic-jams, even late evening night. If frequent visiter Puxi side evening entertainment, easy count 30min-45min single drive.Of course blame hotel.",0.23148268398268398,0.4224242424242424,Aug 31 2009
3,3,"Good Hotel Good Hotel. Modern Facilities. Easy access go somewhere Pudong. Got Carrefour nearby, Indian traveler, Indian Restaurant around corner..",0.5083333333333333,0.5833333333333334,Jul 19 2009
4,4,Decent business Due recent budget restrictions company decided narrow choices contract hotels Shanghai. The Radisson one hotels made cut. Rooms clean breakfast good internet free.The tries trendy quite get there. Most staff trying friendly yet experienced often know handle ordinary requests.They definitely upgrade key card system soon. Everytime get lift see people failing use cards get floors. I return reception 2 times finally get key card could actually open door room.The Radisson also little far business centers Pudong Puxi.However price ok basic needs covered.,0.1495580808080808,0.6002525252525253,May 16 2009
5,5,"Good enough Had stay business trust China colleagues misplaced. The location little off, nowhere near downtown, near office, reviewers mentioned, enough restaurants, bars shops serve expatriate local community here. The overall decor nice, like psuedo W, overpriced Chinese contemporary art hotel.The room also nice large enough, cream/white walls, decor furniture still look brand new. The internet also free , great rare countries.Breakfast typical 4-5 star boutique quality style. But better traditional beef noodles across street. And venture lunch dinner outside too, much variety there.It also March still freezing 5 degrees colleagues I here. My colleague know cold, concierge lent personal leather jacket colleague wanted go out. wow",0.153771645021645,0.4983261183261184,Feb 25 2009
6,6,"Good food OK accomodations Strayed property Sept 2008 part global business meeting held ShangHai. The food service excellent, buffett breakfast, lunch dinner good mix western chinese styles. The room, so-so. ShangHai humid city (like Miami). The upstairs floors distinctive odor, somewhat musty carried rooms. Didn't bother couple days strong first day. The rooms already starting show age / tired decor. The bathroom nice, starting date. The bathroom glass wall room - hope spouse need privacy bath john. beds nice, free wi-fi internet decent view new area city. Great location nice additional dining entertainment options nearby mall. The area geared towards expatriate community stores / restaurants reflect (carrefour grocery store, irish pub, etc...)",0.31839826839826846,0.5065656565656566,Sep 11 2008
7,7,"chid design Pudong I stayed July 07 Propak Exhibition good location New Exhibition Center.Rooms nice decorated touch, large comfortable, see pictures see glass wall bath bedroom.Location good business especially exhibitions take care taxi drivers problems sometime getting there.A plus mall shops connected written reviews: many restaurants dinner options (Japanese, CHinese, Indian, Pizza Hut, Italian...) good Carrefour supermarket, beauty parlor massage center 20 â¬ 2 hours oil massage.NEGATIVE: gym lower level good Radisson hotels even equipped latest Technogym treadmills (my opinion best machines that) something missing.More negative steam bath, pools cooling small sauna inside man's bath, relaxation area sauna.",0.2805046897546898,0.4763502886002887,Jun 23 2008
8,8,"Great Hotel Radisson Pudong Shanghai, great stay Business travelers, tourists.It's short taxi subway. Great price real modern, clean hotel. Nearby Starbucks, Pizza Hut, great restaurants. I recommend anyone want get ripped Shanghai priced hotels.The photos online really way looks, surprises. Its beautiful.",0.5462962962962963,0.6277777777777778,May 18 2008
9,9,"Very Modern Decor I stayed Radisson Pudong recommedation business colleague. I really sure expect. I pleasantly surprised. The decor modern. The hallways dark. But get room, different story. The walls pure white. All furniture white smooth. The bathroom small, feels spacious glass wall adjoins room. It probably sounds creepier is. If staying room another person, shade put down. I myself, really matter.There several restaurants hotel. I ate dinner couple times restaurant first floor dim sum restaurant third floor. There also many restaurants shops area next hotel.",0.13418650793650794,0.3705555555555556,Feb 18 2008
10,10,"Designer chic good all-round service Stayed week business. Most reviews said already, I confirm impressions - chic, designer good service.Another plus, depending point view, location. It's situated close various restaurants shops part tailored visiting western businessman. There big choice Chinese restaurants menus English well Chinese, also restaurants cuisines. I would really recommend hotel's restaurants - vastly overpriced, case European-style one, good.At weekend I went Century Park watched people flying kites- bad way passing time jet-lagged can't bothered going somewhere particular.",0.13777777777777775,0.35,Jan 1 2008
11,11,"Excellent Definitely stay I go Shanghai. Loved modern, chic design. Enjoyed much I decided take time write review first time ever. Previous stays likes Four Seasons, St. Regis, Marriott, etc. many parts world prompt to.I checked late evening, greeted polite, professional staff reception. They apologetic 3 minutes I waiting another guest checking in. Waiting 3 mins staff kept saying &quot;sorry&quot; -- that' pretty rare mainland. Then I offered free upgrade suite. (I booked hotel's website offered special deal HK$680/night + 15%.) Room spacious, clean, white light tone, design simple yet elegant, comfortable bed. Very quiet -- extra points given annoying find constantly hearing people next door doing, even high-end luxury hotel. This problem absolutely exist rooms here. One flat panel TV living room another one bedroom. There's one thing I like -- one corners bathroom walls part made glass, means share room friend embarrassing. Even pulling curtain still entirely covered. Pretty annoying. Oh well, bathtub separate shower ceiling decorated paintings compensated part that. There's iron iron board one closets care. Shoe shine service means leaving shoes basket inside closet cleaning lady polishes you. Not professional kind shoe shining service expect Four Seasons.Windows overlooking mainly newly built apartment buildings, one side I could see church, another side I could see &quot;Big Thumb Square.&quot;Speaking Square -- That's good reference point talking cab drivers. At square, also quite restautants -- First see one claim offer Hong Kong cuisine (didn't try can't comment whether authentic not);Opposite Indian one (I see Indian people eating Indian chefs working inside);Then couple Japanese one;Two Korean restuarants;Shanghainese, Northeast Chinese,Hong Kong style seafoodPizza Hut,Another pizza fastfood place,HaagendazStarbucksHong Kong style dessert placeTwo western bakeriesAnd there's Carrefour supermarket (opens 10 p.m.)There's open area locals/tourists hang 10 pm. Nice like outdoor cafe there's one center.There also four restaurants inside hotel. I tried one 3rd floor serving Cantonese cuisine. Modern design, tasty food, well, kind top-notch Cantonese restaurants find big variety delicate dishes, simple black pepper beef stir fry dish &quot;special&quot; fried rice taste good. There's also all-you-can-eat dim sum lunch try.Breakfast room service -- congee tasty. There's cafe offers sandwiches/pastries/coffee hotel. Just turn left leave foyer. Next *MY FAVOURITE* fruit store! Great variety higher-than-average quality fruits. Not easy find mainland, especially close hotel. Open till 12 midnight. Not cheapest get caught eyes moment I passed first time.There also hair salon, massage place -- Just turn right coming hotel, two-minute walk most. The salon charged 38 yuan blow dry. They'd ask type shampoo want. I asked what's difference two offered told one regular extra charge, another one adds extra moisture cost 20 yuan more. I chose latter make feel &quot;safer&quot; really know would &quot;regular&quot; one. There's also hair salon inside hotel, I called make reservation morning, told come 5 mins. I did. Then lady asked wait another 5 mins. I again. When I returned, said stylist way coming building back (apparently provides residence staff). I want waste time waiting I left. Still lady polite kept apologizing. Broadband room complimentary. Had bit trouble connecting initially. A manager tech staff came 10 mins I called help fixed it. This review getting long I better round soon. Just say one time staff highly professional -- One spotted taxi bill opened door asked I came from. I puzzled first quickly explained normally cost much: meter showed bill 150 yuan. I told I went remote places relieved. Can believe front door staff attentive care customers? Another staff reminded ask driver receipt there's anything wrong I file compaint. These staff unbelievable -- SUPER!!OK, I'm calling place home Shanghai. Only thing need think Pudong side, international airport new business district is. It takes longer go Puxi (xi=west, dong=east) Bund XinTianDi located. Depends priorities are. I stayed legendary Peace Hotel, left one night old stuffy, stayed JinMao Grand Hyatt, enjoyed staff cold indifferent. Stayed one Jin Jian hotels, cost 800 yuan/night nowhere close I get Radisson Pudong. Good luck!",0.16380530371096408,0.46735532811004526,Aug 30 2007
12,12,"Quite Nice ! Stayed mini break. Nice hotel, lovely lobby, modern interiors. Rooms spacious great ! Cool design Bathroom, panel glass Bedroom. Service levels good, speaking english.Not bad spread breakfast western side. Chinese side impressive. It slightly central. Two options, take metro Century Park, takes 10 mins Shanghai Telecom Tower. Cab ride metro 10 mins.Or take cab straight Central i.e. Bund etc. This wil take longer 20-30 mins depending traffic (and driver !!! Yes, quite mad there, like Formula 1)Overall quite nice !Must try Massage Salon close Hotel. Took wife great foot massage heavy day sightseeing reasonable open till 1am !",0.2690151515151515,0.5824242424242425,Jun 3 2007
13,13,"Would definitely stay We stayed late Jan/early Feb found great. Our flight arrived early obliging let us room early. Room bathroom (separated glass wall) spacious, everything needed beds comfortable. The staff helpful. My husband disappointed breakfast thereafter walked round corner beautiful bakery - tempting!A quick taxi ride metro everywhere wanted go easily accessible. Do make sure destination written Chinese taxi driver ask staff inform them.",0.18990196078431373,0.5566993464052288,Apr 21 2007
14,14,Wonderful Experience Just came back week Hotel. I visiting conference held every two years. This Hotel everything traveller could ask excellent Internet access room free great modern Gym fittness. The staff warm welcoming 95% speak excellent English.Large Luxury Rooms. This best Hotel experience I 7 years business travel China. Highly Recommended.,0.616,0.6289999999999999,Nov 27 2006
15,15,"Radisson Pudong - excellent! We returned staying conference found excellent choice. It new, edgy modern, great service whilst didnt use restaurants breakfast also excellent . Pudong side river problem perhaps even positve (quiet night) 15min walk easiest metro services I ever used 10min taxi trip CBD",0.42626262626262623,0.7319865319865319,Oct 26 2006
16,16,"brand new great modern Just return day, needs good review, since I impressed hotel! The price-quality ratio perfect, I paid little 50 â¬uro per night Deluxe Room (without breakfast), excellent deal. The room eveything one needs, even broadband internet included room price. The bathroom bright modern rain shower enjoyment itself. The large room equiped flat screen TV, everything realy top-end! Overall service throughout also fine. The thing annoying loud kitchen fan, get table breakfast away open kitchen Asian food. For someone looking modern great price, got Radisson Hotel Pudong!",0.31889858405483407,0.5826298701298702,Oct 10 2006
