,Unnamed: 0,Reviews,polarity,subject,Dates_extracted
0,0,In heart Huangpu District In heart Huangpu District. Easy access interesting points.,0.4666666666666667,0.6666666666666667,Nov 2 2009
1,1,"Great Location highly recommend. Hotel clean get free internet room. We stayed business suite came computer well, sure rooms. The decor top chinese style furnishing. Bed quite comfortable. The large bathtub small plus.The restaurant expectations. Definitely count great food plan dining hotel. I'd suggest take short walk Nanjing Rd, there's plenty choose. We tried breakfast buffet would definitely recommend it. It cost RMB$90 (around $13 US) terrible. You get way better food elsewhere fraction that.Hotel well located. Most main Shanghai attractions within walking distance. Nanjing Rd (10-15 min. walk), Bund (15-20 min. walk), YuYuan Garden (20-30 min. walk), People square (15-20 min. walk). The Nanjing Rd East Subway station 5-10 min. walk take subway almost location. Getting Pudong Int'l Airport, took taxi came RMB$186, 75 min ride. If much luggage, faster take MagLev Train Longham station (RMB$50), take Subway Metro 2 (RMB$4) Nanjing Rd East station, walk exit 3 turn left exit station. Then walk 3-4 blocks (about 10-15 min.) intersection Guangdong rd. Definitely recommend price. BTW, paid around $79 / night.",0.14373321123321128,0.5140262515262516,Oct 23 2009
2,2,"Reasonable location Stayed 4 nights executive suite 25th floor. Any commentary aware rating 5 star one get little picky. We booked online paid US$500 4 nights total.Staff friendy Chinese run (which often case).On arrival ushered 31st florr VIP checkin little strage nobody waiting foyer. But went smoothly efficiently get us room super quick time.It two older style TVs, nice big bed separate TV / coimputer / louge area. No big quite sufficient. The PC provided reasonable speed basic work quite functional. I found mysilf using rather laptop. Reasonable view fog (nobody likes calling pollution such).Make sure bring shampoo us found teh one small container supplied worse soap. They also conditioner supplied also little annoying given bad quality shampoo.there local English paper foyer worth quick read.It impossible get rate online included breakfast first morning try quite OK could get heads around 90RMB price tag. There many cafes restaurants nearby experionce local Chinese flavour much much less.Its short wallk walking street (East Nanjing) worth trip many good restaurants around also. Don't jump ones street level overpirced venture levels reasonable value good quality.Otherwise grab taxi (min 12RMB) zip (except incredible traffic) major sites old town (fairly close), Pudong, etc.Overall I would stay asl long rates 4 star level.",0.1364130434782609,0.4464975845410627,Oct 19 2009
3,3,"Greta Location - good value Stayed Salvo many many times whilst getting bit tired location next Bund Nanjing Road cannot beaten price.Try get upgrade upper floor views superb. Don't expect large rooms - big enough Excellent top floor bar, bother restaurants leave lot desired. Execption Japanese gound floor. Staff pretty good helpful, overly",0.33095238095238094,0.49523809523809526,Sep 27 2009
4,4,Excellent Hotel - 5* low priced + Excellent location Stayed Salvo Hotel September 24. I stayed business queen suite consists bedroom office room. Excellent oriental influence. Located 2 minutes away Nanjing Road. Rates affordable compared hotels Shanghai (paid approximately $100 USD). Will future trips Shanghai.,0.33437500000000003,0.5874999999999999,Sep 26 2009
5,5,"Great location. Stayed two nights. Rooms large - actually business suite reasonable - booked Expedia. Big bonus internet available room. Bathroom clean overly large separate shower - fancy corner bath. Furniture little old fashioned appearance slight Chinese flavour (well China), two TV'S. Were 17th floor great view river. Location super, minutes walk The Bund (unfortunately building site due Expo 2010) Nanjing Road. Staff polite, courteous informative, particularly bell boys. Great value money Shanghai.",0.19933673469387758,0.47803854875283447,Aug 30 2009
6,6,"Good value great location The Salvo Hotel (what fantastic name!) well located central Shanghai close Bund Old Town. It local Chinese-owned operated thus guests expect Western-style decor - lots gold carp room! Having said that, staff I met spoke good English. Service general fast efficient. The room basics, CNN, good internet connection. Overall, I would stay again. Its good value money well located.",0.32875000000000004,0.41750000000000004,Aug 15 2009
7,7,"Good I would recommend good friend Loved hotel, good English speaking staff, location close many touristic places (although located old area Shanghai, maybe want really modern place could stay across river Pudong area).Nice suite living room separate bedroom. Big bath tube separate shower lots controls. We computer (yes, provide computer guests) free internet (a MUST hotels nowadays specially China)!The western restaurant menu attractive (and little expensive compared China standards). I would recommend getting things room service instead: options cheaper! Also, check best prices drinks room service minibar, different!We booked booking.com website got VIP check-in 31st floor.",0.3585084033613445,0.47478991596638653,Aug 10 2009
8,8,"Excellent place stay middle Shanghai I loved hotel! I surprised see bad reveiws, I say stay wonderful. The location perfect; near bund shopping. Lots little alleys explore wander through. Easy walking distance many places interest.Our room actually suite, separate bedroom Bund view. The furniture exactly style, newish, clean seemed fit mood. We water room daily, along variety teas. The bathroom modern cool shower separate bathtub. And best, course, computer free internet room! We problem staff. The wait help buffet restaurant particularly friendly, busy helping large number people. I enjoyed variety breakfast buffet. The fruit fresh seasonal, including lychee, watermelon, longon, others. They also nice cheese platter, along Chinese Juk, traditional western-style food. All all, I would stay hesitation. I thought great room price.",0.3014761904761905,0.5441190476190478,Jul 26 2009
9,9,"Worse In Asia So Far This far worse stayed since traveling Seoul, Beijing Shanghai. We originally reservations three nights first hours immediately decided change reservations switch hotels. We requested early check-in told problem. When arrived 9 hour train ride, told would wait noon. Ridiculous. The rooms old worn. The bathroom small dirty. For lunch ordered room service girl speak english. It took 30 minutes calling back forth get order in. I called Assistant Manager help anything except girl spoke English call us back. Then I called Assistant Manager said could help eating lunch busy! We wanted go Cloud 9 Grand Hyatt. When went conceirge get taxi, waited five minutes employees goofing around. Then asked much taxi would long ride. We told 30RMB would take 20 minutes. He set us taxi told driver charge us 35RMB, meter. The taxi ride took 10 minutes. On return taxi trip, used meter cost 15RMB. Ridiculous.The breakfast buffet disgusting, fruit fresh. The furniture worn. We shown dirty table actually used another return guest. Horrible.This worse experience ever. I would never recommend anyone. Anyone likes must experience staying cheap motels back home know better.Also high-speed internet takes five minutes load web page.",-0.07614942528735633,0.5104597701149425,May 22 2009
10,10,"Loved great location staff helpful free internet every room! We pleasantly suprised arrived teh Salvo fairly 'cheap' option compared others shanghai. Location great room overlooked bund, great view. ROOM;Its traditional design lots dark wood gold, nice, room big bathroom corner bath andf great shower, hairdryer nice powerful well (normally problem long hair dry) Each room desk sofa chairs, 2 tvs, computer free internet excellent resource. HOTEL: Concierge heplful luggage, taxis, directions etc speak quite good english. Business centre booked train tickets, commission lot could def get cheaper found convenient.. Girl pretty rude though. December seems time renovations China yet work going banging/noise. Then 2nd 3 nights made us move rooms happy upgrade us. (I wouldnt recommend payong upgrade, much difference all, couple freebies table chairs)LOCATIONGreat, easlily walk Bund area taxis cheap. Shopping great markets leave room case! M BUnd fabulous restuarant must go, WEstern food, good, reasonably priced (Â£21 3 course meal new years day) concierge cannot enough you, service impeccable.",0.3542902711323763,0.6430582137161086,Jan 6 2009
11,11,"Perfect Choice After last two year two different cheaper accommodations, I decided book since &quot;boss&quot; come us wanted comfortable hotel.After search, reading TA reviews usual, I decided book since seemed best quality/price ratio period.I must say I happy choice.. I want repeat general description itself, so, usual, I'll write &quot;The Good, Bad Ugly&quot;THE GOOD1) Location - 5 minutes (two blocks) away Nanjing Road E 10 minutes Bound. Placed small safe one-way road, traffic noise present all!2) Rooms - clean, medium space. We booked higher floor rooms, single double, result nice view, especially night.3) Breakfast - happy - plenty stuff, promptly refilled, European Asian style.4) Room maid - perfect!! Not disturbing requested, cleaning room short time out..THE BAD1) The lobby bar - overpriced China. A Tea/Coffee offered 5 euro each.. also last floor bar, live music, high prices.. but.. know entering it..2) The crowded check-out - long queue present every morning, take 20 minutes process it. This used different &quot;tourist group&quot;, behind them, need patience!3) Bath tube: even provided &quot;old-style&quot; plastic curtain, (and using right way), water flooding everywhere floor. Maybe, placing fixed glass protection, least beginning tube, would solve problem.. THE UGLY1) Ok, I faced problems: I asked receptionist late check-out, answer &quot;you book internet website, contact modify reservation&quot;.. what?? late check-out? Well, since I'm stubborn, I go day later, receptionist told &quot;No problem, I you&quot;.. so.. It matter girl desk..2) Hotel Travel agency - I book two internal flights train.. ok, it, really impolite. They also tried overprice transfer airport van. As usual: trade trade trade - China!! Pay attention: going pay Credit Card (as I guess 90% usually do), Travel Agency make pay 5% commissions. As see, bad things.. nothing compared nice time spent clean friendly hotel. The Concierge useful, suggesting us 4 different restaurant one better other!!I strongly recommend location, clear rooms, good service prices.. independent brand nothing less compared famous (and expensive) international brands.",0.14535422077922078,0.4558769230769232,Dec 4 2008
12,12,Great Location Shanghai This great super location. The room large clean. Loved fact I computer room personal use. Water provided daily nice touch. Many places easy walk take taxi - pretty cheap!! I would stay recommend anyone.,0.43745421245421245,0.6582417582417582,Oct 22 2008
13,13,"Comfortable little bit boring The Salvo five star hotel, living expectations rooms service. It's little bit boring, compare west brand hotels Park Hyatt, Radisson Westin Shanghai. If Salvo much less expensive these, I would stay again. The location good Huangpu next Bund shopping street. Great breakfast restaraunt top floor nice view. Expensive nice top-bar, guest, fantastic view Bund radio tower. Roomservice great delivered smile. Rooms spacius well equipped everything need. Large bathroom bathrobe slippers, corner tub shower. Seperate living area bedroom stuffed great amenities. It's international feel chinese management style overall, ok. We good stay!",0.1595238095238095,0.5555860805860806,Aug 10 2008
14,14,"Overnight Stay I stayed 1 night catching return flight home. It roughly 40 mins hour away airport cost 160 rmb. On arrival check fine. Nice hotel, found corriders sickening hot, air conditioning go room.The room nice clean, bathroom consider 5 star rating, weird stains bath, dislike.The view spectacular bed comfortable. I ask wake call 5am, get this, luckly awake......I ate japenese resturant really liked food.The next day tried charge extra breakfast, already paid online took charge bill, even time breakfast anyway leaving 5.45am.Also taxi airport tried charge 360 rmb, fiddled meter gave 200rmb, ashe made didnt understand, do.So careful, always make sure ask price beforehand, otherwise try swindle every penny, best way exact money give say nt otherwise taxi drivers give change make none.Shangai great place location ideal shopping tourist things.",0.29305555555555557,0.6932870370370372,Aug 2 2008
15,15,"Business room August 2005 I stayed Savo August 2005 quite new. We business room two persons. The nice clean, room. One thing quite disappointing non-smoking rooms least told asked moved non-smoking room. Otherwise room nice spacious, although walls weren`t soundproof.We used restaurant once, service really good. Overall staff eager help. When visited bar, asked cigarettes, bartender went buy us downstairs. Many staffmembers didn`t speak good english, everything went ok eventually. There also people spoke good english.It hot August location could bit closer Nanjing road walking wasn`t really pleasure. But don`t mean far away, I go Shanghai again, I take closer main streets. Although taxis ridiculous cheap, used taxi A LOT. The surroundings weren`t luxurious, many constructions I suppose area could look totally different nowadays.Overall nice place go back relax harassed day street sellers beggers. It place people didn`t stare tug arm. Especially blue-eyed blond husband seemed sight many people Shanghai, quite surprising :D",0.27965198863636365,0.6042305871212121,Jul 22 2008
16,16,"Great! Stayed Salvo Hotel (Zhongfu Shifuhui) 3 nights May Superior Deluxe Room 12th floorRoom excellent nice view. A living room (with tv tons channels), Bedroom (with tv tons channels) bathroom huge bathtub top range shower facilities.Location pretty good, couple blocks away Nanjing RoadStaff friendly speak understandable english.",0.5104166666666666,0.7541666666666668,May 29 2008
17,17,"Central Location - godd great We stayed Salvo Hotel two weeks. The five star western restaurant, local restaurant japanese rest. The local restaurant fair priced excellent food. We baby us staff know do. Had ask babybed babychair many times. The centrally located minutes bund, Nanjing road, old town subway. Would recommend get good deal.",0.17142857142857143,0.39642857142857146,Jan 7 2008
18,18,"Love Hotel Hate food We stayed Salvo Hotel executive deluxe rooms 4 days 3 nights 19 October 22 October 2007. Overall standard rooms average. However, staff friendly. We noted staff greet guests upon arrival main door anywhere hotel. Free breakfast provided 31st floor restaurant. However noted service 31st floor restaurant average 5-star hotel. The waitress collected breakfast coupons us morning also friendly. The staff talked quite loudly among themselves. There variety type food available. We kind food three mornings. The waiter waitresses attentive. Most time raise hands request refills coffee tea. The tea served came residue teacups !The conveniently located. Next Italian restaurant serves really cheap tasty Italian food.It closes 5 am. Check !",0.09621212121212121,0.44356060606060604,Oct 24 2007
19,19,"A real deal! shadylaw This 4th stay Salvo Hotel far every visit pleasant. The staff speak good english. It 4 blocks away nanjing pedestrian walk. By taxi, get around town within minutes. The price reasonable compared hotels Nanjing Pedestrian area (too rated plus touristy me).",0.3405555555555555,0.6077777777777778,Sep 30 2007
20,20,"Good tourist restaurant serve xiao lung bao? My family I stayed Salvo Hotel 3 nights near end June 2007. We booked three rooms part package tour China.The Salvo Hotel nice tourist located near Nanjing Road East (a pedestrian mall shopping district lit like Vegas night) Bund. In regards tourist sites Shanghai, I cannot speak distance hotel, picked up/dropped tour bus I really pay attention time distance sites. However, Nanjing Road East Bund definitely within 10-15 minute walk (or shorter, depending speed stroll). Also depending facing room, get great view Bund and/or Pu Dong district (where distinctive looking Oriental Pearl TV Tower located).Some specific notes Salvo:1.) As mentioned above, booked 3 rooms (1 queen-bed room 2 double-bed rooms). All rooms 2-room suites one room office/sitting area (with desk chair, couch, tv) actual bedroom. However, queen-bed room also came equipped computer hooked Internet. The double-bed rooms not. There charge us access Internet via computer queen-bed room. (As result, switched one double-bed rooms queen-bed room twice Internet access!)2.) Unlike hotels stayed China, beds Salvo &quot;typical&quot; rock-hard, super firm mattresses. Instead, bed mattresses felt like bed mattresses find U.S. hotels.3.) As reviewers mentioned, bathtub/shower setup little odd (not bad, odd). The easiest way explain picture large shower stall triangle-shaped bathtub far corner stall takes 2/3rds stall space. Then, closest shower doors, multi-headed shower structure jets coming top middle. I've attached picture review. Overall, shower works fine none us problems temperature, water pressure, anything else. None us tried tub, I can't speak are.4.) The breakfast area get VERY crowded peak hours (seemingly around 8am). The area set handful small 2- 4-person tables large number 10+ person round tables seating first-come first-serve. As result, crowded, prepared share tables. Also, mid- large-sized group, may find little difficult sit together. We 6-person group one morning took us 10 minutes hovering could claim 6 open seats table.5.) The breakfast buffet average comparison breakfast buffets China. While 50/50 mix Chinese Western food items (including omelet bar), much overall variety food. The food fine, nothing complain about.6.) The restaurant NOT serve xiao lung bao (the steamed pork and/or pork/crabmeat buns Shanghai famous for). For me, absolute egregious offense... especially 11pm night want order room service.",0.08025879917184266,0.438379917184265,Jul 20 2007
21,21,"Passable experience I stayed Salvo 5 nights month. The room comfortable served needs sufficiently. I appreciated provision unlimited amounts bottled water tap water Shanghai tastes really bad. However, tea provided, well, Chinese tea, bring need regular tea. The located 10-minute walk Nanjing Rd East subway station convenient enough mind walking. I travelled mother really best hotels wanted take subway. A slightly expensive option take taxi (11 RMB vs 3 RMB), ended time. I found best way travel time many places interest us, namely Yu Gardens, Lujiabang Fabric Market, within walking distance. The staff Salvo sufficiently polite friendly. The concierge could advise best options day-tours Suzhou saved us costs went packaged tour. The hiccups English cable channels TV really nothing night subjected miserable screenings English channel CCTV. I also found room slightly musty smell stale smoke , mother find problem all, may sensitive nose.All all, satisfactory stay though I choose stay unless I intend spend lot time near Nanjing Lu. My advice would stay near subway station easy use self-service machines provide English instructions buying tickets.",0.12997311827956992,0.4385028949545079,Jun 23 2007
22,22,"Choose Somewhere Else To Stay I stayed Salvo Hotel Shanghai, China June 9, 2007 - June 15, 2007. I want preface review letting know I stayed Ritz-Carlton Beijing influenced views Salvo Hotel.The Positives:The Salvo Hotel blocks away River (which upscale restaurants stores) well nice shopping district allow automobiles (I remember name district, go straight front door hit shopping). The Salvo Hotel great location. The lounge 31st floor great views River good selection drinks. My group found good place hang evening feel like going out. The rooms quite spacious, although two beds room twin sized. There free internet hook hard wire laptop room. Some rooms (single rooms) computer provided. We could find networks hook to.I liked sushi place first floor, I sushi connoisseur, I want give impression great sushi. Some group members I traveled say good. It fairly cheap. If Chinese food, lot restaurants around (in walking distance). The shopping district also McDonalds, KFC &amp; Pizza Hut Western inclined food. We saw River lot non Chinese upscale restaurants (which expensive). Literally across street small shop sells drinks cheap prices.The Negatives:The breakfast selection good &quot;Nice Western Restaurantâs&quot; (actual name) I ended eating &quot;dinner&quot; (veal, rice, bread, watermelon) breakfast choices appetizing. I tried cereal throw tasted disgusting. Also, cook eggs liked add extra ingredients body it, I stayed away it. You need open every top buffet line translations correct might think dish actually something else. There free Chinese bottled water, I suggest take day.Although rooms fairly big, bedroom actually small (there sitting room desk, couch TV). The bathroom huge bath tub, shower, bath tub, right outside (using &quot;shower door) extremely small great water pressure. There one sink one person time small is. Outside bathroom, wet spot looked like mold it. As reviewers commented on, rooms hallways dark decor dark wood.If speak Chinese, I would suggest stay hotel. The staff barely speaks English people do; speak well. Another issue I charged exchange money Ritz not.While I stayed hotel, took away English speaking channels (1-6, CNN, ESPN, HBO, STAR, National Geographic) explanation ETA would corrected.Conclusions:They say 4-5 star I disagree it. I think, best, 2.5 star hotel. In opinion, location going it. If money, I would suggest staying Western hotel. I think staying Western Hotel, would lose experience China.",0.14041032067347858,0.42134278002699044,Jun 22 2007
23,23,"Service price good accomodations left little desired I stayed Salvo three days recemt business trip Shanghai relatively mixed experience. The rooms quite large nicely decorated. The service good computer room. The location excellent, close Old Shanhai attractions. Negatives place follows:- rooms bit dark part due sheer size large wooden furniture felt bit cramped.- strong musty wood smell room smell worse colleague's room. Not sure was, kind smelled like musty oil stain something.- internet connection (which pay for) slow, whether used room computer hooked laptop ethernet cable.All all, good experience, I choose, probably better alternatives price.",0.21106107660455486,0.5369289164941339,Nov 27 2006
24,24,"suiterooms PC This greatest room journey.First wonderful view Shanghai riverside pearltower front. We slept open curtains romantic view. We suiteroom( Luxe-executive room)withe two TVs PC internetconnection, never dull moment 're returning strolling around nearby Nanjing road BundGreat brakfast too, althought breakfastroom little overcrowded arrive normal breakfast time 8.amOnly complaint noisy airco, overall wonderful stay nearby main important area.",0.3057692307692308,0.6294871794871795,Oct 21 2006
25,25,"Don't go ""business twin"" rooms I saw three positive reviews tripadvisor, asked couple Chinese people live England told must new (allegedly built 2004) I decided go Salvo. I booked ineedhotel website, Chinese agent Beijing facilitates booking Chinese hotels English-speaking customers. The travel agent helpful I good feeling it. I booked &quot;business twin&quot; room cheapest list. But given claimed five-star hotel, I thought cannot bad. I stayed three-, four- five-star hotels Shanghai past, even three-star hotels bad I nice room.When I got hotel, room shown facing kind office door wide open, two ladies shabbily dressed chatting loudly, not-too-appealing music played loudly, too. Whenever went back room see ladies staring us hear loud music. The room stuffy, smelled musty. My sister allergic reaction air, although I okay. The bathroom smelled like cleaned properly, smell reminded us public bathrooms China. And bathtub, shower stall. I thought five-star (or semi-five-star, reviews state) cannot room without bathtub given normally hotels ranked according kinds amenities have. The cheaper room stayed Salvo, allegedly &quot;five-star&quot; hotel, shabbier three-star hotels (and even newer two-star hotels Beijing) I stayed China, particularly regarding smell bathroom lack bathtub.I realize even five-star hotels China weak plumbing around bathroom. But smell dinginess bathroom quite unconscionable I went downstairs ask receptionist change room.But receptionist friendly checked us suddenly became unable understand English. I spoke Chinese, really help. She basically said get pay for, cannot move us another room unless add 322RMB rate paying. I told would get genuine five-star I going change hotel. I booked six nights I hoping she'd agree change us different room. But since refused, I turned Expeida.com booked Jinjiang Hotel, real five-star (maybe 4.5 people). I glad I pay whole six nights there, I could leave enduring one night.The upside porters absolutely refused take tip, used case hotels China ten years ago. But I mind tipping porters carry bag.The breakfast mediocre decent. I saw head waitress behind counter spitting sink, seem realize sort nice thing front people eating food. Overall, &quot;too Chinese&quot;--good old socialist feel one concept service. It's okay dirt-cheap hotel. I'd find even spitting throwing room keys customers somewhat cute. But given I paid pretty dencent amount money, I appreciate sound spitting restaurant rough manners receptionist(s). It indeed pretty close Nanjing Road, close reviews claim be. Having stayed Peace Hotel, given Expedia incredible deal Peace Hotel least summer (some rooms much cheaper Salvo), I'd go Peace Hotel I want classic Shanghainese feel AND proximity Nanjing Road (Peace Hotel Nanjing Road).",0.08669523099850973,0.4959513164431197,Jul 25 2006
26,26,"Perfect litlle price Worldwide experienced traveler , giving full compliments particular .Upright politenes , clean rooms , wide range arrangements facilities .Friendly , english speaking staff , In midlle town center , reachable foot ..If come , shurely may choice !!!",0.29850260416666663,0.49791666666666673,Jun 8 2006
27,27,"Hotel Salvo - I would stay I glad I picked Hotel Salvo. It well located, rooms clean small. I two little complaints - first, lack water pressure 14th floor, shower like trickle. And reason, clocks room. Two nice televisions, clocks. I asked front desk could one, said &quot;the rooms equipped clocks.&quot; Odd.But I would stay again. The bathroom nice, lobby staff fine. The breakfast good, got us door. So I give thumbs up.",0.3296527777777778,0.6702777777777778,Jan 7 2006
28,28,central salvo 5* salvo bargain us 83 dollars per room per night. rooms spotless tea coffee making machines. (take tea coffee - local stuff acquired taste.) 2 beds - large single size sofa armchairs.there several offices floor - apparantly quite common china hotels rent rooms companies purpose. way disturbed this. one sons lives shanghai went check several hotels prior arrival. one staff friendly spoke english also showed room. bund nanjing road within 3/4 blocks.go drink cloud 9 jiamao tower(pudong)for view.the business restaurant good value money although nothing memorable. beer much cheaper thasn groundfloor bar. cross street abundance tiny cafes shops. taxis cheap drivers usually speak english reluctant pick up. tells driver destination. expect find ant tourist information places; either move demolished!the street signs chinese english makes easy navigate.,0.12700828157349897,0.3559213250517599,May 29 2005
29,29,?????????????,0.0,0.0,Oct 17 2009
30,30,zentrale Lage - sauber - freundliches Personal,0.0,0.3,Oct 11 2009
31,31,?????????????????,0.0,0.0,Aug 29 2009
32,32,??????????????????,0.0,0.0,Jul 21 2009
33,33,??????????,0.0,0.0,Mar 29 2009
34,34,hÃ´tel de catÃ©gorie internationale,0.0,0.0,Nov 16 2008
35,35,??????????,0.0,0.0,Sep 25 2008
36,36,Non si puo dire che sia un 5 stelle!!!,0.0,0.0,Jun 25 2008
37,37,Cuidado que te hacen pagar dos veces la lavanderia,0.0,0.0,Nov 15 2007
38,38,buena eleccion,0.0,0.0,Mar 30 2007
