,Unnamed: 0,Reviews,polarity,subject,Dates_extracted
0,0,"genuine 5 star My husband I took advantage weekend rate, stayed last Friday- Sunday good conclusion trip Shanghai unpleasant stay another hotel. We many high class hotels one them, beautiful decor quality furnitures throughout. Food good staff generally helpful spoke good English exception China. Overall happy Sheraton.",0.3392307692307692,0.5274358974358974,Sep 7 2009
1,1,"Need keep Brand Name Sheraton brand who's tag line 'belong'. Being SPG platinum member, I stayed quite Sheraton's. All colleague's advice stay renaissance next door I heed till date. But fit fury decided stay Sheraton. Lobby: Good expansive lobby. Bit old. functional. Service lobby quick I escorted room( changed day later due maintenance work.)Rooms: Had may call suite - big room separated partition. First thing one goes room would notice smell. If room smells good would probably pleasant. But Bad here. Did expect Sheraton. I suppose AC rains. The service also pathetic. They tend neglect basic things like replacing toiletries. The bed also upto mark. The housekeeping never even bothered clean carpet stay suppose small spill peanuts made first day till left. Room service never responded smile. Internet one worst seen sheraton..Overall I would say really needs lot work change outlook well looks inside. Checked moved Renaissance even though bit expensive.",0.044097222222222225,0.4124999999999999,Jul 31 2009
2,2,"truly fabulous top notch service The located middle downtown travel major spots via metered cab ( doorman standby get one esp. rush hours, 15 mins ) take metro ( 10 mins walking distance station maximum 10 mins downtown ). Two biggest exhibition centers situated right next â traveling exhibitions, perfect you.Usually I donât like eat hotelâs restaurant, since offer free drinks time, I tried Italian restaurant 27th floor, turned impressive experience. The female Italian chef arrived town long time exactly knows food tastes awesome excellent view city. I also business lunch 2nd floorâs Japanese restaurant, service awesome humble. The waitresses running restaurant get want minute although pretty busy. The breakfast buffet fantastic, donât enough time eat â âgrab goâ counter right lobby, coffee fresh bakeries. I really mention deli 2nd floor offers extensive selection home made meat items â like I find Frankfurt, lots fresh pastries. I told best bakery Shanghai one frequent guests I bumped into. Generally speaking, staff courteous service professional humble, front office girl wearing traditional Chinese qipao friendly helpful good knowledge city happenings. The room warm cozy me, âEast meets Westâ style distinguished new hotels. The Sheratonâs signature sweet sleeper beds soft / fluffy comfortable â I usually bring travel pillow here, I sleep well. The gym 5th floor imported machines. If spare time, also try lovely Spa next it.Another thing GM hotels sit lobby every morning hotelâs rush hour, problem, approachable willing help. This truly different hotels never solve problems canât find right person / decision makers.Last least, worthy 5-star youâve gotta try it.",0.24780698137840998,0.4864553700267986,Jun 18 2009
3,3,"A SPECIAL LOCATION About location. This centre, centre 15-30 minutes taxi (about 50-70 RMB). The district special business district foreigners (with girls also). There expensive shops local buyers, restaurants, choice, like centre city, walk, go 1000 restaurants see Shanghai life. The hotel. Nice, big hall. But...small rooms, WiFi complimentary (it racket!), small territory - tennis court, walking place, garden (there garden - like room). FOOD - top flour Italian restaurant - expensive tasty! (There wine collection). Ground flour restaurant make poison - shall died shall think so. For - expensive, I think.Good trip everybody!!!",-0.06235119047619048,0.49607142857142855,Jun 5 2009
4,4,Excellent Excellent well appointed rooms good location next exhibition centre,0.675,0.65,Apr 20 2009
5,5,"Exactly expected Sheraton Its always nice come city never travelled feel home comfortable place.I stayed Sheratons before, I knew roughly expect hotel.LOCATION:The location perfect me, Bund downtown, west side city. There Starbucks/McDonalds within 5 minutes walking distance plenty Chinese Asian restaurants around.The drive International airport 45 minutes.CHECK IN:Smooth, professional, got non-smoking room I requested for. Check quick 17h00.ROOM:I believe I standard room. Nothing fancy, good bed. Big flatscreen CNN handful international channels. No seperate shower (always petty). The minibar well stocked.BREAKFAST:Plenty space, plenty choice. Various Cheeses, sausages, juices, breads, etc, etc. Not choise Ive ever had, plenty hotels I stayed less choice.OVERALL:A good stay afford time get settled local/boutique hotel. At know get get it. The price always pay big brand little charisma/character",0.15720486111111112,0.3611111111111111,Mar 30 2009
6,6,"Terrific rooms great breakfast I understand negative reviews received.I received free accommodation breakfast I competition, I trying careful overly bias review.The lobby two large chandeliers. Checkin smooth four clerks handling arivals, though I gather occupancy 60 per cent.Our 15th floor room accompanying hallway appeared recently renovated, business centre, fitness centre admittedly small indorr swimming pool.The room exceptionally quiet presumably double-glazed even though backed onto freeway tollway seemed carry cars motorcycles/ scotters (no noisy trucks viewed).Beds comfortable; room excellent lighting modern plasma television, well large writing desk trendy chair.Two complimentary bottles tap water provided day, lotion, shampoo, conditioner reasonable range teas plus plunger coffee.The bathroom modern glass bowl basin: I could work lower plug. The bath reasonable size new, good sup-ply hot water evident. There six lights bathroom including one uplight, gives idea good standard illumination.The wardrobe reasonable size. Breakfast ground floor excellent: notable omissions mango juice cooked tomato (raw tomato available). Everything else breads, yoghurts, cold cuts, hot dishes even dried mango, walnuts cashews place one's cereal available, 'egg station' two chefs cook order.As usual type hotel, Internet business centre extortionate CNY7.5 first ten minutes CNY1 per two minutes thereafter.The thing I found strange mens' facilities near swimming pool fitness centre lacked showers: course, one able walk one's room shower.",0.18896911730245067,0.561750718417385,Mar 12 2009
7,7,"Far Far Away Firstly would say, Ok far away almost everything. But still easy reach land@Hongqiao airport. I would suggest anyone leave airport train station(south terminal) Otherwise forget it. IT Far Away! Bellman concierge helpful. Subway 4 block away 10 mins walk. Nothing much see around except one shopping mall names ParkSon. Hotel right next Renaissance hotels. Reception also nice helpful. Club lounge ok nothing mention it. Check process super slow due unprofessional staff guess. Room ok, got suite pls. take one similar like connecting room. Try get room digit follow XX01 only. make suite space. Main restaurant ok, buffet also fine. Atmosphere also fine regular old fashion Sheraton. Only one problem far, Housekeeping job properly. Till night checkout desire report Duty manager. So morning Assistant front office manager promptly get back fantastic manner result. I really sincerely appreciate.",0.21663690476190478,0.5516970009157509,Dec 17 2008
8,8,"OK much better hotels money The Sheraton Hongqiao ok, problems previous reviewers encountered (esp overbearing staff lobby, pay phone bookings via concierge). The building quite old parts really shows (e.g. bathrooms) At point relatively recently tried freshen &amp; updated fit-out rooms. The location lousy... long way west city. Fine reason stay far west, otherwise, would NEVER choose far away centre. The rooms basic fine. The furniture dark wood &amp; old-fashioned style aside, job. Like reviewers, I found bed rock hard - uncomfortably (and like hard bed). The air conditioning worked fine. The bathroom mix new &amp; old. The shower one oldest mixer taps ever seen, though wash-basin bathroom storage shelves much newer glass (although showing scratches &amp; signs age).The breakfast buffet ok (incl room rate), although worst coffee ever tasted. I buy food drinks (so can't comment reviewers comments high prices).All all, typical older Sheraton terrible location... Shanghai many hotels, really choose stay here.",0.017540106951871654,0.4780258467023173,Nov 1 2008
9,9,"Very average business For rate charged (around 1400 RMB), means cheap alternative Shanghai standards. The staff hardly speaks English ones frequently misunderstood orders. The room alright, nothing more.Beware room service restaurant prices, complete rip-off quality food (at least Italian restaurant) appalling. Paid 800 RMB two course meal glass champagne. The starter borderline uneatable, main course overdone potatoes/sauce tasted poor. The champagne (at 180 RMB per glass!) poured already opened bottle simmered carbon oxide nonexistent. Tasted really bad, waiter even tried getting away half full glass.The lobby spacious teared seating - skip food head somewhere else want enjoyable dining experience.Would recommend better alternative table.",-0.05509803921568624,0.46225490196078434,Sep 4 2008
10,10,"Sunday Brunch I stay, Brunch friends wanted let others know GREAT value money: For RMB 238 serve literally hundreds hot cold dishes, oysters lobster Sashimi, breakfast dishes, lunch dishes hot cold, desserts....fantastic. In view best deal town. There also free-flow Sparkling Wine, beer soft drinks.They Filippino Jazz trio entertaining start finish.Service great, staff friendly (most) speak English :-)",0.2980769230769231,0.6576923076923078,Aug 19 2008
11,11,"Very average Sheraton Stayed work week. Hotel staff friendly courteous. Ran meetings ball room week, function rooms quite good. Food however sub par expensive. Breakfast buffet expensive get. Function package morning/afternoon tea lunch horrible. Same bad food every day. Business center also expensive printing. Wouldn't really recommend it.",-0.12076923076923077,0.5632051282051282,Jan 26 2008
12,12,"Excellent Business Hotel Stay 2 days Jan 2008. Things I like: The new, room well equiped. The staffs well trained, courteous helpful. I felt overall services great well ahead China. Things I dislike: Except average breakfast pricey rate, weak link I pick on. However, maybe due focus cater bussiness traveller, everything seen &quot;by book&quot; lack surprise element really leave impression.I recommend Shangahi job call holiday.",0.23740530303030305,0.49829545454545454,Jan 23 2008
13,13,"Superb blend east west I spent 6 nights business. I Starwood Preferred Guests Floor 19th 26. I can't speak floors, room spacious, comfortable thoroughly immaculate. Bathroom completely new modern. Seating desk area comfortable. The general opulent well staffed. It wonderful Chinese styling feel like home, feel place either. There attendants everywhere ready help. It major ex pat English pervasive. No language difficulties. They cater English speakers greatly helped directing taxi drivers making reservations. I thought room reasonably priced, everything else way overpriced local standards. Breakfast near $30! Mini-bar items twice I'd expect even NYC. This surprising considering numerous local reasonable options available nearby. The PROS - right highway makes easy access taxis. It near number high-end department stores numerous restaurants (including Starbucks morning coffee McD need french-fry fix.). Area Westernized feel plenty comfortable exploring.The CONS - outside central loop, good 20+ minutes Bund, longer Pudong. Area Westernized lacks local flavor. Not much way cheap local shops, stores higher priced (but necessarily higher quality). It's 15min walk nearest subway station taxis required, they're cheap!",0.23732278138528146,0.4412148268398268,Dec 27 2007
14,14,"Overall good little mixed I stayed one Club Rooms recently.Unfortunately, could give non smoking room, smoking room, promise 'it would smell'. Admittedly, - fine. However, floor outside smelt like ashtray! Very unpleasant everytime I walked to/from room.The service overall fine - little variable. Example Club room staff prepared help anything - booking restaurants, booking taxis, recommending restaurants etc. However one (inexperienced possibly?) simply said (very nicely) go concierge ground floor. much help!Rooms fine - average Sheraton, nothing special clean, spacious &amp; comfortable, Internet access, decent TV etc. expected nowadays.",0.12956709956709955,0.4816017316017316,Dec 20 2007
15,15,"oriental oppulence top class gube area lot western expats therefore lot mixed restaurants district. This offers everthing discerning traveler would want, lovely foyer bar restaurants, probably touch way everything else makes slight inconvenience",0.15555555555555559,0.2777777777777778,Dec 7 2007
16,16,"Shanghai'd Shanghai This one worse run hotels I long time. Typical Sheraton style - lot grandeur, horrible service, facilities overall experience. Food god awful. No matter go hotel, cost $$$. Ever hear $12 1.5 liter bottle water? How $20 pizza? Better yet, $70 coffee four. I meeting Starbucks.Outdated room decors, fitted sheets seem unknown cleaning staff. Bathroom decor needs updated functional. Location one hardest get Shanghai. Unless lot money spend nothing, business traveller.",-0.19074074074074077,0.5666666666666667,Apr 30 2007
17,17,"OK but... Like contributors, mixed bag.The ground floor-lobby,bars,lounge mess. There plenty staff waiting 'help', overbearing sensation. The piano keeps playing ad nauseum- must drive staff insane!Bedroom OK smallish, staff polite, drinks expensive, good breakfasts.",0.12857142857142856,0.4428571428571429,Nov 22 2006
18,18,"I never stay I stayed Sheraton Grand Shanghai recent 3 week trip included Park Hyatt Tokyo, St. Regis Beijing, Red Capital Ranch Great Wall, Peninsula Hong Kong, JW Marriott Shanghai.Our group's experience Sheraton good. As Sheraton Grand property, I expected comparable others. The management Sheraton visit properties learn properly run luxury hotel.Our first problem occured upon arrival airport. We used Sheraton's airport sedan service transfer airport hotel. The Sheraton touts use BMW sedans service. Yes, BMW provided, luggage would fit trunk, driver refused put one carryon bags front passenger seat. We forced wait different vehicle obtained. The driver Mercedes sedan Park Hyatt driver Rolls Royce Peninsula problem placing bag front seat.My room Sheraton suite club/executive floor. The suite somewhat small, adequate. However, many unnecessary pieces furniture decorations room seemed tiny. The breakfast offering club lounge marginal.The attitude definitely &quot;off&quot; luxury hotel. Five us wanted sit lobby lounge waited another member group arrive. We sat 3 5 ordered drinks, 2 decided order anything. The waitress informed us everyone group must order something. Those ordering allowed sit lounge. Keep mind tha anywhere else sit lobby waiting.In couple days Sheraton, similar occurances. For short stay amazed many times behavior conflicted rules. We decided check early transfer JW Marriott (which found excellent hotel).There signs placed around prohibiting various things. The feel military camp 5 star hotel.I believe problems probably due management's reliance strict enforcement rules, results fully considered. Overall, staff friendly efficient, enforce &quot;the rules&quot;.During previous trips Shanghai, I stayed Jin Jiang (the old Jin Jiang, new wing) Intercontinental. I would recommend Sheraton I would pick JW Marriott first choice.The Sheraton property nice convenient conducting business West side town, make negatives.",0.10927565124933547,0.4384237107921318,Nov 6 2006
19,19,"mixed feelings I staying 4 nights club executive room I mixed feeling everything, may possibly said also chinese properties .Hotel nicely kept though young ,rooms traditional american style (not mine definitely) bathrooms small little oldstyled .Equipments room satisfying,beds confortable ,airconditioning so.Club room quite small without toilets , first two drinks need go back room.Staff friendly chinese way (they say often country worldwide probably that's trained...you cannot leave brifecase concierge contains laptop !!! charge tickets reconfirmation restaurant boookings) .Prices drinks ridicolous beer glass wine close 10 euros .Location also primary , 30 minutes away bund without restaurants interesting shopping malls nearby.Food acceptable - average go Italian restaurant.After spent three weeks asian countries probably I got spoiled attitude found somehow confusing",-0.01876446759259259,0.36327160493827165,Sep 16 2006
20,20,"Great Hotel although little overbearing This amazing. It definately deserves five stars. I've stayed plenty Sheratons one got best. The rooms spacious comfortable. Of course, may reason chose Sheraton well known Heavenly bedsheets. The service definately remarkable, botht Concierge staff. There literally 6-7 people greeting enter hotel, check in, etc... When return even one tiny little bag, staff get bring room. I've never service US, even W-Hotel. This may sound bit overbearing, hey getting price paid for. Would rather service crappy service room? As food, try restaurants many choices outside hotel. The bad thing downtown area. But still, $21 RMB ($3 USD) take taxi Pudong area (Downtown). I would definately return Sheraton I'm ever Shanghai again.",0.22764705882352945,0.6289215686274509,Feb 25 2006
21,21,"Over-bearing over-attentive staff. This grand-looking lobby full chandeliers, sculptures marble. Got room Gold Preferred Guest, modern fully comfortable. When first check in, Housekeeping would leave 2 rubber ducks tub teddy bear (and yes, stuffed animal)on bed tags say &quot;take home.&quot; This could seem little spooky first impression room. And put teddy bear away, would reappear spot night night. The entire staff nice polite, doubt overly attentive over-bearing times. When walk out, least 5 people say &quot;good morning&quot; &quot;good evening&quot; time, leave restaurants, would even put jacket you. The bar so-so, breakfast okay. Room service terrible. Gym big equipment choices scattered (different treadmills, bikes, weights, etc.).All all, stay grandness expect comfort like home.",0.11680555555555558,0.493425925925926,Jan 3 2006
22,22,"nice bad location The definently five star hotel, one problem.The location realy bad! I went outside walk, almost nothing see! Also, I went five minutes twenty people came ask buy something(watches,food,massage) It comfortable.Regarding rooms, I stayed regular room gorgeous!The furniture room provides outstanding! If business sure room you! The service also good people nice! Overall, worth stay location good like hotels Shanghai!",0.15691666666666668,0.5252763532763534,Aug 30 2005
23,23,"Poor service Concierge staff I stayed Sheraton Grand Tai Ping Yang two nights end October. The staff generally friendly helpful apart one concierge staff.On first day, concierge staff, Wilfred kindly made restaurant reservations me. However, second day, I asked another concierge staff, Franklin make reservation, refused lying telephone connect internal lines. I queried staff previous day. He asked room no. advised phone charge billed room. I also queried requested day before. He even asked make reservation stated phone call! After much argument, finally agreed make reservation much reluctance. I really astonished rude service provided Concierge 5 star hotel! I regular business traveller never encounterd poor service hotels China Far East. I consider staying quality staff inconsistent.",0.040079365079365076,0.47509157509157507,Nov 10 2004
24,24,"Almost Like Being Home Arrived late Friday US. Greeted surrounding staff entering Hotel escorted front desk. Service attentitive parent Westin hotels States. Stayed Club room surroundings quiet comfortable allowing much needed sleep. Closet well equipped dozen hangers differnt types, small safe, extra pillow (in case 5 bed enough), iron full size ironing board. Bathroom tub/shower, glass bowl sik vanity, soaps, gels, lotion shampoo, nail kit, shoe cloth, combs, toothbrush, sewing kit, anything might need couple rubber ducks. Main room large flat screen lcd TV, bed, desk chair, high speed internet connection (extra fee), sitting chair coffee table, dressers end tables. I'd guess 400 sq. ft. Controls HVAC mounted wall easy find set. Had unplug something plug iron mess full room light, fan &amp; tv controller sits bedside.Drank ate barfood first floor bar. It western style food looked tasted espected, good great. Had pants dry cleaned pressed without difficulty.Rate paid 1488 RMB ($180) plus 15% service fee, remember tipping necessary since Hotel adds it. Might steep Sheraton many US places like Westin, badged Westin.Returned twice night week travels around area looked forward returning time.",0.19060755336617408,0.4742036124794745,Aug 31 2004
25,25,???????????,0.0,0.0,Nov 9 2009
26,26,????????????????,0.0,0.0,Oct 19 2009
27,27,????????????????,0.0,0.0,Aug 4 2009
28,28,Gutes Hotel sehr guter und freundlicher Service.,0.0,0.0,May 18 2009
29,29,?????????,0.0,0.0,Mar 25 2009
30,30,??????,0.0,0.0,Mar 16 2009
31,31,??????????,0.0,0.0,Feb 14 2009
32,32,??????,0.0,0.0,Jan 18 2009
33,33,Tres bon,0.0,0.0,Jul 8 2008
