,Unnamed: 0,Reviews,polarity,subject,Dates_extracted
0,0,Lovely great value This nice looking new trendy hotel. The service OK. The rooms roomy clean. If business area great value hotel.The pool long narrow - best I seen Hotel laps.,0.4757300275482094,0.6276859504132232,Oct 14 2009
1,1,"One best business hotels Shanghai I travel Shanghai moderately often business. The Parkyard ideally suited people business Zhangjiang industrial park (Lenovo, Flextronics, Valeo, many international high tech firms). It bit &quot;beaten path&quot; headed night dinner clients colleagues, organic restaurant train station next door excellent food fine casual dining (and I'm really picky Asian cuisine).The almost new, solid 4-5 star level furnishings decorations. The layout tends cross German modern contemporary Chinese serene. Unlike expensive Shanghai hotels, staff generally well trained (except shoe shine service, horrible ... put lots polish shoes, buff off!). The heath club really health club nice lap pool, exercise room quality &quot;real&quot; massage service. Breakfast good, sometimes crowded. The house coffee good, use automatic capuccino machine instead.The caveats; block rooms along one side situated along noisy/busy sidewalk (I think ChenHui Road). There's 8' privacy wall, help want sleep in. Always request room window one interior courtyards.Price: I think one best values Shanghai, even factor cost taxi PuDong PuXi.",0.1625708699902248,0.44380254154447696,Feb 8 2009
2,2,"Quite nice small little problems... I stayed 3 times since Oct 2007. As previous poster pointed out, new close Zhangjiang industrial park international companies located. I stayed reason.It's also near subway station, 5 mins' walk, right hotel.As far concerned, bell hops polite, helpful cheerful. Two remembered I last stayed - quite impressive!!The business one restaurant serves breakfast dinner limited menu. The breakfast good great variety. Now dinner average pricey step walk food entertainment area next (literally next door - subway, starbucks, Chinese restaurants, etc)I like fact lobby chic, minimalistictic smells good time. The rooms spacious minimalist style. Internet free charge works well.The problem HOUSEKEEPING - 1st 3rd (most recent) stay, I needed call housekeeping back clean again. There hair, watery stain patches sticky stuff writing desk time.The manager apologetic explained running full house, could true. I eventually upgraded executive suite room available night. In room though, phone work.These small little issues prevent giving rating 5. I look forward staying staff friendly (except staff breakfast).By way, coming back Puxi area, make sure bring hotel's address. Most drivers side city know hotel. Tell next subway station. I post pics later...hope helps!",0.15706998556998555,0.42167420234086905,Nov 3 2008
3,3,"Great place stay ZhangJiang I booked several nights business delegation Pudong, ideal needs. There great attention every request, staff beyond helpful. The new, since last Subway stop Pudong, relatively quiet (i.e., tourists) - was, again, perfect group. As located right next door Zhangjiang station, commute Puxi locations simple efficient.",0.31642316017316013,0.46853354978354983,Dec 30 2007
4,4,Hotel Parkyard Shanghai.,0.0,0.0,Jul 23 2009
5,5,Non credo lo consiglierei...,0.0,0.0,Apr 17 2009
