,Unnamed: 0,Reviews,polarity,subject,Dates_extracted
0,0,"Great location helpful staff We one night New Harbour Hotel next day switched here. Fraser perfect us. The rooms bit small, new clean. We 2 bedroom washer/dryer full kitchen. Only negative one bath family 5, managed. They could bit better daily housekeeping (the trash cans small empty them), otherwise great place. The staff helpful patient 3 young boys. Breakfast 2 included Element Fresh bought extra. The location great-we could walk everywhere! I highly recommend place. Good business center small gym, treadmills, weights, etc. Pool short walk located spa across yard. Nice pool, great kids since spa; say spa staff patient us.",0.17882284382284383,0.4941958041958042,0.4941958041958042
1,1,"Good Choice Serviced Apartment near XinTianDi I stayed month summer, would recommend anyone looking comfortable service apartment near XinTianDi area. The service apartment well located - 10mins walk XinTianDi, 2 mins HuaiHai Road, Times Square shopping mall good supermarket. Fraser Residence also home trendy restaurant, Fat Olive, managed local celebrity chef David Laris, Element Fresh, reliable salad/ sandwich chain popular Shanghai expats. I problems housekeeping calls front desk, issues resolved. Front desk helpful general. Pool dismal. I paid RMB 600/ night one-bedroom duration stay.",0.29583333333333334,0.5,Aug 31 2009
2,2,"Much better earlier reviews indicate Despite prior Tripadvisor reviews, stayed Fraser close daughter summer internship, needed 2BR apartment, travel agent negotiated good rate 11-day stay. We wonderfully surprised quality room services staff. There two excellent American-style restaurants sixth floor popular local expat community (The Fat Olive Fresh Essential). The food good reasonably priced, friendly waitresses taught us Mandarin.The location within walking distance Huai Hai Lu shopping area (2 blocks north), grocery ATM machines basement level Times Square shopping mall, People's Square, Xintiandi, Old Town. Taxis cheap probably walk, though, except exercise. The staff helpful writing destinations Chinese characters cab drivers. Ask get driver pick Pudong Airport rather rattle around cramped cab. Be sure carry hotel's cab card get back htoel many cabbies found tough find place.We like Fraser much negotiated monthly rate daughter, staying another 10 weeks 1BR apartment Frayser summer job.There construction throughout Shanghai Expo 2010, including putting subway Xi Zhang South Road next Frayser. The noise bad, though, 17th floor.",0.2380917874396135,0.4856038647342995,Jun 14 2009
3,3,"great location experience local living Booked 2 bedroom penthouse. Living room newly renovated &amp; nice. But bedrooms small. baby cot, there's hardly space walk. Toilets looked barely renovated, style &amp; design different living rooms. Washing machine working well - dryer timer spoilt &amp; 6 hours later, clothes still drying! Luckily fixed problem I notified them. Broadband internet also took time fix I could use them. Kitchen utensils quite complete. With young kids I usually buy food back &amp; dine in, bowls &amp; plates come handy.Food - impressed Element Fresh. Bought breakfast streets nearby. Freshly baked cakes going 8 rmb 10. Deep fried dough (you tiao) 1 rmb each. Yummy. For dinner, restaurants streets nearby sell fried rice 5 rmb plate, duck noodle soup 8 rmb, fresh big oysters 1 rmb per piece, prawns, crabs etc etc....Initially I thought location little far - took good 10 min walk Huangpi nan rd. But soon I found gem. The next section Shou Ning Rd comes alive 9pm. Road stalls lined road, selling clothes, DVDs, &amp; food (fried noodles). Really got feel locals live.",0.10649621212121214,0.4439123376623377,Apr 15 2009
4,4,"Good choice Nice, clean apartment style facility.Free internet. Courteous staff around. Element Fresh Restaurant provided decent breakfast; great juice bar.Location also good walking, subway.Would recommend.",0.5291666666666667,0.7270833333333333,Apr 5 2009
5,5,"Very LOUD! - construction ok, well things every person needs know. I stayed since March 2008. The Hotel undergoing phased renovation. As result, constrant noise ocurring early morning. They tell construction starts 9:00PM, fact banging started 7:00AM. It Sunday morning I writing review, I assure allot noise going right woke 7:00AM. I've complained months, truth is, construction workers hard control China. I highly recommend staying awya least 6 months finish work.",0.028783068783068758,0.5855423280423281,Oct 11 2008
6,6,???????????,0.0,0.0,Feb 12 2009
