,Unnamed: 0,Reviews,polarity,subject,Dates_extracted
0,0,"Great short/long term stay Stayed Eversunshine 10 days business trip October. We stayed 13th floor Duplex apartment stay next time Shanghai.Rooms clean furniture equipment brand new. Bathroom highlight me, especially shower. On main floor fridge stove microwave. Neither got used stay, although store fruits purchased fruit stand around (next Domino's Pizza ). Our room include internet access pay 40RMB ($6) extra per day it.I think great location Pudong area. You bank right building (another one across road), several restaurants within couple minutes walking (there good one across road building says TF COFFEE), forgot name it, great food prices fair. Subway far, 12 minutes walking Line 4 subway 15 min walk Line 2. Only problem taxi drivers find it, always give directions (or like point way, since met single cab driver spoke English)",0.2801991341991342,0.49489393939393944,Oct 18 2009
1,1,"Better long term stays one two nights. This meant someone probably needs place stay nights. If tourist, better side river touristy sights are.The rooms two floors, steep slippery staircase bathroom bedroom second floor. The staff desk NOT attentive courteous communicating guests.On side coin, rooms clean, new, nice, coffee shops, restaurants, large shopping malls (Times Square) within minutes foot. The buffet breakfast decent enough. Given alternatives quick stay Pudong price, room, amenities satisfactory.",0.18817349317349316,0.47960456210456204,Oct 9 2009
2,2,"Great Hotel good outlook Great Hotel good outlook Pudong. Duplex Suites bedroom bathroom upstairs. Free internet Business Centre. Lovely breakfasts included great selection. Nice kitchenette utensils cook/prepare foods. I knife sent room I sign docket either return departure charged it. Good location - 5-10 minute walk main shopping area, 15 minutes Subway. Close City (only 20.00-25.00 RMB City Taxi). Friendly staff. We great view looking Pudong area towards Shopping area Towers.",0.5244047619047619,0.7273809523809524,Jul 21 2009
3,3,"Value money Stayed suite room,with 2 big n small room.Lounge.Very neat n comfortable.Buffet breakfast provided.Surrounding shops area given facelift probably becos coming EXPO.Really recommend value customers.",-0.125,0.25,Jun 29 2009
4,4,"Nice Pu Dong Area I stayed Shanghai Ever Sunshine Hotel four nights found good. The suites two floors bedrooms second floor. Nice friendly staff, The little problem location. It's little bit walk 15.-20 minutes nearest metrostation. But taxi cheap Shanghai get taxi insted!",0.30666666666666664,0.6877777777777778,Mar 31 2009
