,Unnamed: 0,Reviews,polarity,subject,Dates_extracted
0,0,"Clean comfortable The Holiday Inn Downtown Shanghai really downtown. Okay, close Shanghai Station, easy access subway bus stop Pudong Airport right behind - really want interested shopping entertainment. On hand, doormen always ready hail taxi explain driver want go. The well Holiday Inn standard, pleasant lobby bar. The rooms clean comfortable. The orange juice minibar recommended. I stayed half dozen visits Shanghai I never disappointed.",0.15522486772486774,0.5292989417989418,0.5292989417989418
1,1,"Perfect Nice Hotel, clean, wonderful service good located business &amp; private travellers.",0.6294444444444444,0.8141666666666666,Nov 18 2009
2,2,"Handy station This Holiday Inn perfect need near massive chaotic railway station. I arrived train 20 hour overnight journey Hong Kong huge relief exit station look see sign directly front you.True little centre main subway stop station along number fast food restaurants supermarkets. My room Great Wall wing good size comfortable king sized bed. It kettle tea/coffee, safe valuables, bath tub, minibar, dressing gowns, aircon, internet access, large tv English channels etc - pretty much everything need relaxing stay. The spacious foyer bar pleasant place sit, also coffee bar basement sports bar. The reception staff little frosty, tends common throughout China. The chambermaid staff little friendly.All may smartest area town, I would recommend staying here. It would cheaper staying Bund good transport connections.",0.2965993788819877,0.612111801242236,Nov 13 2009
3,3,"Outstanding service CLEAN good breakfast solid internet When taxi dropped us front &quot;Holiday Inn&quot; looked rolled eyes. A Holiday Inn us typically middle road, expected business trip Shanghai.The fist night, nice, non-smoking rooms. Much cleaner hotels I experienced China. Many even top end hotels seem &quot;dirty&quot; here.The internet 60RMB add (~$US10) kinda bummed me, internet solid fast trip. Well worth would pay 1 hour access US airport!The breakfast (50RMB ~$US7.50 add on) wonderful weary American: Made order omelet , french toast, great bacon, along fruits, breads odd (to Americans) assortment food passes breakfast China.We take train, bit walk Holiday Inn train station. They next door other, across wide crowded plaza. The trains station set foreigners, many english signs trains station. The nice, tall (6'5&quot;) english speaking concierge &quot;Miller Zhang&quot; lugged two huge rolling suitcases across plaza us, got us security instructed gate agent call us train came. We agreed pay 50 RMB ~$US7.50 happy help us task.Then problem train. The adventure begins. Miller left, since good wait supposed leave train, lugged bags back hotel. We able get two new non-smoking rooms spot rate reserved. These rooms remodeled section nice well clean.I connected internet book tickets flight replace train trip, web sites needed 24 hours advance. So Miller Zhang came rescue. In short moments, us booked China Eastern, business class. Miller delivered tickets room line 1 hour later.This exceptional service makes instant favorite China!",0.2625117845117845,0.4704713804713805,Nov 7 2009
4,4,"Average Hotel The food pretty much average. Customer services average personnels quite rude stop stare top toe happen walk past somewhere hotel. I guess cultural thing I experienced everywhere. But provided American running hotel, I think service standard needs improvement. I would recommend friends go long budget travellers.",0.04615384615384615,0.41923076923076924,Sep 8 2009
5,5,"Lovely Stayed part Jules Verne tour China. Lovely hotel, great buffet breakfast dinner. Spacious rooms. Internet available rooms fee. It located outside city centre tour picked coach go everywhere problem. Reception staff bit unfriendly. Be careful ATM machine 'ate' bank card get back later day.",0.2625,0.46249999999999997,Aug 13 2009
6,6,Don't stay here. The lobby nice room little old a/c barely worked. Th carpet old old fashioned haridryers barely worked. We leave key wall a/c would stay took 24 hours cool off. So let clean room would stay cool. The breakfast great start till 6:30 am. We leave 6 AM fly gave us crappy bag items. What starts breakfast late airport wants 3 hours flight?,0.1986979166666667,0.484375,Aug 12 2009
7,7,"Great option next Railway Station! This great option want close main Railway Station. My wife I traveling train lot luggage. It took us 7 minutes walking front door main entrance station. The typical Holiday Inn China standards -- quite good. The front desk helpful, room clean, happily accommodated late check-out. Just warning, 2 wings exactly close other. The full-time golf cart shuttles people wings (probably two minute ride). Not huge deal, I could people might annoyed (if wanted eat Western buffet, example, cart building so).Overall, highly recommended planning use Rail Station. It's quite, clean, service good. If I using Rail Station, however, probably better areas town stay. My 5 star rating location based proximity Rail Station.",0.21238095238095242,0.5526984126984127,Aug 3 2009
8,8,Very nice refurbished rooms (if get one) *Good*Nice refurbished rooms - non refurbished rooms okGood serviceSpoke good English willing give travel adviceNice breakfast - slightly limitedQuietVery good location (about 1-2 mins walk metro)*Bad*Had argue staff problem rooms (This hotels fault move guests. I think could dealt problem better end upgraded suite).Non refurbished rooms nice still ok,0.3948333333333333,0.5671666666666667,Jul 26 2009
9,9,clean easy access tourist attraction subway stayed 3 nights. accessiblity airport: From Pudong airport shuttle bus line 5 take hotel. located 3 minues foot Shanghai railway station(south). takes long. due traffic took 1.5 hr. terrible. From Hongqiao airport (old airport) take 30 min taxi. 50RMB. worth it.Hotel staff-service good.Room: clean. standardBreakfast: good. recommend tourist business traveller aswell.,0.1335185185185185,0.5687037037037038,Jul 9 2009
10,10,"Great location Excellent location, next Shanghai Railway station metro stop, Kerry department store, KFC, medicine shop etc. Good airconditioning, helpful staff. Decent breakfast choice three kinds coffee. Room jasmine tea, coffee, sugar, coffeemate, sugar-substitute like Equal. Toiletteries decent moisturiser.",0.4047619047619047,0.5619047619047619,Jun 5 2009
11,11,Convenient Location Very Friendly Hotel Staff Taxis train station conveneient. Pizza Hut back side hotel. Breakfast unbelieveable second floor overlooking city. A lot staff ready get whatever needed. Chef ready make kind omlet. Chinese breakfast western too. It fantastic! The coffee beans ground selected coffee. Conceirge helpful. Made suggestions best interest since prices might expensive. We one early morning train catch excursion prepared box breakfast us ready needed it. Staff always smiling willing please.,0.23161764705882357,0.41764705882352937,Jun 2 2009
12,12,"Just OK good location near train station. This ok. Stayed GREAT WALL WING, advertised &quot;newer&quot; wing. The room clean modern, small! The right main street, definitely hear traffic outside, even night! A/C good also. We asked new room this, gave us small electric fan instead since said A/C centralized temp rooms.What attracted us though low rate Priority Club website gave us, proximity Shanghai Railway Station. We walked behind catch early train Zhenjiang.Will I go back again? Hmm....maybe not.",0.12714556277056277,0.4224296536796537,May 27 2009
13,13,"I wish service would good location Firstly, I say far disappointing experience Holiday Inn hotels China.The located across square main train station. It two wings, accessed walk around house (if coming train station). The streets around night popular among homeless, sleep street. Also, one point awful smell sewage system coming up.On arrival, upgrade processed (being PC Platinum) asked. It took ages check manually fill long forms regarding visa passport details. After getting upgrade Priority Club floor, I still ask details regarding benefits - compared usually explain without asking (based HI experience China).Got room 15th floor (dedicated Club Floor PC Plats). The room small, I problem getting two medium-sized suitcases it. There also wardrobe, metal line hangers next door. The windows - double windows dirty small morning looking I thought raining there, even though sunshine. The beds also rock-hard.Good side 6 free soft drinks allowed daily mini-bar.About Club lounge - quite small. And tables 2. But family 3, one us sit separate table. The selection breakfast quite poor - 9am cheese fish already finished, I grabbed last yougurt pancakes. Good side least lounge free wireless. During day drinks freely available - ask receptionist want something. Which also annoyed family 3 I Platinum member, never ever problem around globe chain 3 persons instead 2 (as twin room), moreover staying club floor. This time however wanted charge extra lousy breakfast 3rd family member. After long conversation agreed least.Oh, guest also given vouchers welcome drink bar. Well, I went juice. They orange option available, others run out.All - later staying Shanghai Holiday Inn Pudong, experience price way better, like 5*-s. I suggest stay stay next train station, otherwise get way better hotels money town.",0.03373015873015873,0.4732936507936508,May 22 2009
14,14,Comfortable The highlight stay foot massage hotel. We part large group spent time sightseeing comfortable stay. Simple clean frills fanciness.,0.25442176870748295,0.526530612244898,Apr 21 2009
15,15,"Perfectly adequate charmless Great location; great price (560 RMB tax plus two breakfasts included, deluxe queen bed, 10th floor ), small physically complete room, clean, non-smoking, comfortable bed, trimmings (toiletries, robes, towels, hot water, flat TV, tub, hair dryer etc). Great Wall wing, smells, one refurbished rooms I think, excellent lighting reading work room. Quiet heating/ventilation.Oddity: glass floor-to-ceiling wall bathroom bed; OK, could blocked (mostly) venetian blind, really unnecessary. Maybe got unadvertised fetish room.Buffet breakfast excellent, plenteous, excellent staff. Lots food service even though arrived near end breakfast period. Well done, HI.BUT, room little charm magnetism! Certainly expected four-star rating. Partly due poor small cell-like windows.When cracked open all, continuous noise PA lady train station. Fortunately, noise well blocked windows closed. No view speak of; mostly rear advertising sign. Dirty windows. Corridor sounds entered room easily.Summary: excellent main purposes convenience, sleeping rest; much less interesting way. Maybe high-level 3-star place. Good prices website.",0.23414816602316604,0.588912483912484,Jan 2 2009
16,16,"Not bad - pool We recently stayed Holiday Inn Downtown Shanghai (Great Wall Section). We wanted three things...1) A comfortable bed.2) A bedroom seperate living room.3) A nice swimming pool.We got 2 3.ProsStayed Executive Suite costly nice.Concierge knowledgable, helpful friendly.Breakfasts pretty good.Door attendants exceptionally helpful given pay rise.ConsNo swimming pool.Location okay, catch taxis everywhere. We hoping little closer everything. Check pain backside. Allow extra time checking out, need go bill carefully. We University educated people understand bill. To day unsure charged correct amount. Many checkout counter similar difficulties.General staff helpful friendly especially restaurants.We trouble Internet pack belongings second day. This major inconvenience took time. The new room view.We ordered room service one night meals lukewarm/cold-ish. For AU$100 pretty disappointing. The staff speak English well.",0.16982808857808862,0.5450466200466201,Dec 28 2008
17,17,"Good near train station We stayed across street train station. We way Beijing via train needed place stay one night Shanghai. The location great purpose. The train station far touristy spots Shanghai, really downtown name suggests, Metro get mostly anywhere need go. From Pudong airport, accessed Metro across street train station. After taking really neat Maglev train (peak speed 430 km/hr, 8 minute ride), take Line 2 (Longyan stop) change People's Square stop Line 1 (Shanghai Train Station stop) get train station. With Metro stations Shanghai, numerous exits numbered, look map figure exit number take order exit subway closest spot destination. Changing lines People's Square overwhelming sheer number people transfer lines here. Not lot people transferring, lot people subway trains itself. There also lot stairs, too. If lot luggage, may better take taxi Maglev stop train station directly avoid crowds stairs.Finding entrance bit tricky. From train station, see signs Holiday Inn, entrances located back sides buildings attached. This means cross main plaza two buildings get backside either building. After made across plaza, walk around long gated fence even enter either entrance hotel. If lot luggage raining, pleasant walk stairs plaza distance get actual entrance bit farther anticipated. As found later, actually faster cross plaza, instead go around outside buildings get entrances. The two buildings, Great Wall wing Plaza wing. The Plaza wing older two buildings, room there. We know checked Great Wall side. I sure would find wing staying prior arrival, would helpful. If standing facing Holiday Inn buildings train station behind you, Great Wall wing left Plaza wing right. If check wrong wing, take underground tunnel, actually entrance/exit underground parking lot. Overall, tunnel seemed pretty safe, always bit cautious driving China seems follow obvious rules. You share underground tunnel incoming outgoing cars cross building. We know this, since checked wrong building, thought would check place checked in. Fortunately, that, receptionist walk across underground tunnel get bill.The room spacious. Beds China firmer Western beds, bed comfortable. The bathroom decent, overall, room clean. The room also non-smoking, plus. A lot people smoke China smoke waft way room. Fortunately, experience that. Our room faced train station, lot noise train station night. There persistent loudspeaker night long. I sure woman saying, seemed Mandarin Chinese sentences repeated endlessly. It might better quieter ask room face train station. You put room key card slot activate electricity room. This seemed common theme traveled throughout China. It bit tricky figure turn lights night, removed card night. I think hotels looking conserve energy. The staff speaks decent English. They also helpful courteous suggesting restaurants. We eat hotel, drink there. Staff attentive lobby bar. There currency exchange front desk, also helpful. One helpful things free luggage storage. We catching night train Beijing checking out, able store luggage afternoon. The area surrounding little bit seedy night whole section homeless people camped sleeping bags, again, big city near train station. They seem bother us all. There lots fast food restaurants area, ranging KFC Japanese noodle shops. There good grocery store area, small convenience store buy bottled water, drinks, snacks.Overall, great location, across street train station. It far touristy sights Shanghai, take Metro practically anywhere. If planning spend longer time exploring Shanghai, I would recommend staying closer tourist attractions. If need place sleep way next destination via train, place stay. Staff courteous, attentive, helpful. The room clean comfortable. For us, right purpose: spending one night Shanghai, could catch train Beijing next evening.",0.1387324929971989,0.4954808590102707,Dec 6 2008
18,18,"Very Acceptable I'd never stayed Holiday Inn expecting much photos I'd seen various websites.But I pleasantly surprised here. It's big 2 wings need make sure taxi goes correct wing, otherwise walk underground car park get wing bit inconvenient.Very comfortable room amenities. Good laundry service. Very helpful staff really try hard assist you.Didn't try restaurant lounge top floor fine breakfast using free internet.Finally, close railway station. I'd definitely stay again, much better photos suggest..",0.21076023391812865,0.4818128654970761,Nov 24 2008
19,19,"Don't stay I decided book name Holiday Inn standard good not.First check around 4.30pm room finish ready 4 pm 1 room ready wait room ready. When go room room look nice book deluxe room, main equipment there, room clean, bed pillow comfortable. The front said call us another room finish 15-20 mins call I call check said 1 room finish 5th floor, say ok move there, housekeeping still cleaning bed sheet start yet leave luggage stay room got again...(how front say done) go out, around many shopping mall also restarant, another bad thing 2 building walk car park underground go another side many people get confused. go came back room sure room finish something pop mind, room look like another room friend got I know standard room paid deluxe room standard late want sleep.One terrible thing happen, lights celing bed turn 1so 's mean light bed turn off, call front said take key card mean everything off, imagine another person want use electricity tv can't take card light could turn off, call house keeping come help still can't turn off, said fix morning 1 way turn take key card out! So night want go bathroom turn light must put key card first light turn too. The near subway I think Red line line no. 1 near railway station noise night too. One bad thing breakfast, much food choose juice taste bad.",0.08395061728395065,0.6020987654320986,Nov 19 2008
20,20,"Was good This clearly need renovation. We new rooms. The room oke little bit old. The breakfast terrible. They enough time fill plates enough place sit. The groups individuals breakfast together, enough room problem was!If better look better offer.",-0.010942466624284795,0.49994702267429536,Nov 2 2008
21,21,"Well located Hotel I stayed Holiday Inn Downtown Shanghai couple times business trips typical Holiday Inn staff helpful rooms well appointed. The real benefit close proximity railway metro. When I came back one long train journey nice walk across square get hotel.One slightly strange thing two halves make sure know one staying at! Also facilities halves, short walk two buiding (situated either side square).Rooms reasonably priced Internet connection. The restaurant ok fairly standard.",0.15833333333333335,0.3895299145299145,Sep 4 2008
22,22,"It Holiday Inn! We stayed holiday inn - downtown shanghai may 07.It would expect holiday inn be, nasty surprises nothing special either. The room bit musty first night noticable second night stay. There good little american bar oppposite wing stayed. We watched FA cup final crowded every bar/ resturant went shanghai (this good thing).",0.21946428571428572,0.49797619047619046,Jul 20 2008
23,23,"A pleasant heart Shanghai Rooms big spacious good amenities provided. Furnishing appeared well-maintained. It would bonus TV set provided Plasma, trend amongst many Holiday Inns around world. Hotel good facilities, including gymnasium. The restaurant also serves good quality food reasonable prices.Location excellent Airport Express Bus (Line 5) steps away hotel. The railway station also across street hotel, thus providing easy access places like Hangzhou Suzhou. Also located back Shanghai Railway Mass Rapid Transit (MRT) station, important interchange station red line (Line 1), yellow line (Line 3) purple line (Line 4). Taking MRT ride station get virtually anywhere within Shanghai city.Around hotel, also find numerous eating outlets. Prices cheap western standards food hygiene good. There also shopping centre within 3 minutes walking distance. Imported fashion found inside departmental store shopping centre.All all, good suitable leisure business traveller. There doubt Holiday Inn Downtown Shanghai one value-for-money cosmopolitan city. :)",0.37694444444444447,0.5141666666666665,May 13 2008
24,24,"Friendly Staff Good example Holiday Inn chain. Much better Pudong Holiday Inn although modern. Great location stroll around two good restaurants site.Staff helpful friendly, got taxi Maglev Longyang Lu problem although needed hand gestures!!Only one quibble location, right next railway station get bit noisy night.Would stay again.",0.37357142857142855,0.4385714285714286,Apr 20 2008
25,25,"Practical surely get better hotels Shanghai Pro:- front train underground station- decent service- frills (bathrobe, toothbrush, slippers,...)- fairly centralContra:- old used furniture carpets (Plaza Wing)- low ceilings- needed ask change sheets stains (wich promptly)",0.3327777777777778,0.600925925925926,Jan 24 2008
26,26,"Holiday Inn Downtown Shanghai great! This one best hotels I ever stayed in, anywhere world. I read bad reviews going apprehensive - need worry.The front desk staff helpful dealt quickly, efficiently pleasantly queries week there. The room, 10th floor, spacious, quiet well maintained. The two restaurants bar good breakfast choice wide tasty.It right next door mainline station metro, accessible even absolutely central.",0.30306776556776555,0.46845238095238095,Dec 11 2007
27,27,"No surprises This typical business hotel, charming personal good standard surprises. We stayed Great Wall Wing, rumors said Plaza Wing better. The room small, clean, well-equipped nice modern furniture. Breakfast ok, nothing special standard buffet. The breakfast hall bit shabby well kept breakfast. The location bit far interesting parts city, taxi cheap subway close-by big problem. I would recommend anyone want splurge luxury near People's square bad surprises moderate price-range.",0.18551648351648353,0.5102930402930402,Nov 12 2007
28,28,"good value money stayed holiday inn downtown plaza tower 2 nights start tour china. must admit read reviews little concerned. perfectly adaquate room high floor windows cleaned would great view.the bed hard bedding comfortable clean.the bathroom ok pretty good shower plenty cosmetics, handy touring.the best bit though breakfast excellant choice extensive. bad value money pay.",0.4423809523809524,0.6781547619047619,Oct 28 2007
29,29,"Should traveler's last resort even recommended!! Our 3 night stay booked Isram Tours, sold us 4 star property. We read reviews prior travel, I wish experience worse reviews read upon return.The check-in acceptable, &quot;upgraded&quot; us 10th floor room, nonsmoking requested. The moment exited elevator carpets unbearable putrid mildew smell. The room even worse, mildew affected sinuses minutes. I called front desk tell I cannot breathe, need room change, instead housekeeping came chemicals sprayed presence without consulting us. My breathing became worse, finally manager offered us another room 6th floor. We even exit elevator, tabacco smoke smell unbearablystrong. Hard believe, I unable breathe, offers us another mildew infested smoking room! According manager duty, cleaned carpets 20 years, cleaning scheduled 2008!! At point, ready leave find another hotel, manager offers us lovely clean room renovated Plaza Tower, 3 minute walk thru underground garage. The room high floor, clean, renovated, fresh smelling, per initial expectations. When refused pay high $$$ upgrade fee, move back infested tower, offered 2nd LAST option room renovated tower, smoking floor. The manager aware smoke aware respiratory problems caused chemicals sprayed arrived, becausewe prepaid voucher, said even offering us room renovated tower. At moment I equally angry tour operator manner staff treating us.Between 2 evils, accepted renovated smoking room 4th floor lovely roof view, next elevator. Overall opinion - I would recommend anyone. Either towers. The mildew infested, staff treats tourists traveling prepaid vouchers 3rd class citizens. During entire stay, reminded front desk staff price paid, almost grateful gave us room !! With attitude, I cannot think positive feature hotel. Both towers close train station, night theside streets full homeless people sleeping store entrances.There established restaurants vicinity, inexpensive eateries, attractions, mediocre mall across street, overall high 2 star property low 3 star property. There better hotels close Nanjing Road rate. I never leave home without first checking tripavisor reports.",0.07195934637068357,0.4179950669485553,Sep 22 2007
30,30,"convenient slightly average The rooms clean comfortable. There's shuttle bus service, 5 (bus fare: RMB18 ) Pudong Airport hotel, save lot money. The journey 1 hour, slightly long worth journey. Lots shopping malls located within walking distance Hotel. I would stay next trip",0.12380952380952381,0.35714285714285715,Jun 11 2007
31,31,"Great place stay I stayed (Great Wall Wing) 3 nights May. The chosen close proximity railway station (2 minutes walk) highway (run past hotel) links due many meetings planned Shanghai.The rooms normal size would expect Holiday Inn, TV, fully fitted bathroom shower bath. We asked received queen size beds rooms. After 12 hour working day temperatures 25-30 degrees, beds proved comfortable.The staff keep rooms imaculate day always helpful curteous.The Great Wall Wing lovely restaurent serves breakfast morning choice fresh fruit, cooked breakfast (Bacon, Eggs, French Toast, Beans) chinese variety. Whilst sample main restaurent, menues prices looked good mixture chinese western dishes offer reasonable prices.There small well equiped gym, 4 lane Brunswick bowling alley, sports bar plasma tv's, usual quality gift shops, gentlemans clothes shop, travel agent.All would highly recommend using base. Shopping areas spread Shanghai walking option, however average taxi fare upto 3 people Â£1.00 really issue.",0.16298611111111108,0.4407638888888889,May 12 2007
32,32,"Are Chinese Accustomed Hard Beds??? I went mom dad Shanghai Beijing last May 2007. I opportunity stay Holiday Inns Downtown Shanghai Beijing.The first thing I noticed H.I. Downtown Shanghai really stiff beds mattresses! I didnât think could happen four-star Shanghai â one biggest cities world. After first night, I asked add sheets bed since really hard â like sleeping single sheet comforter floor! When I came back, nothing really changed. They simply added another sheet blanket really nothing soften cot (mine extra bed). Even two beds room hard cot! I wondering really Chinese standard comfort. H.I. Downtown Beijing better, softer beds!",0.04841791979949874,0.2699874686716792,May 10 2007
33,33,"Great value nice staff central location I chose I make 9am meeting downtown, also I intrigued location near railway station. The rate real surprise every international brand priced 2-3X much. From airport, take maglev subway line# 2 People's Square station switch line # 1 get Shanghai Railway Station. You take exit #3. Just outside exit huge mall, left side.Some reviews already made expect worst I pleasantly surprised friendly bell boy beatiful room (I post photos I get back home), may cosy US standards I came HK seemed spacious comparison. There free bottled water coffee service cabinet. My favorite details small cloisonne bottled framed hardwood frame beatiful silk matting, hanging bathroom.I eat hotel, opting instead try eateries mall. The Cafe De Coral Hong Kong meal BBQ pork rice 20RMB.Yeah, service China hit miss carpet old. But I met mostly friendly helpful people makes fruitseller charged 2X knowing I foreigner (even though I Chinese descent).",0.14886363636363636,0.4556818181818182,May 7 2007
34,34,"Stayed Holiday Inn Shanghai - great We stayed days Smartours travel group. The lobby common areas nice modern actual rooms great. They clean little outdated, hard beds, blow dryer room sucks, couple mosquitoes somehow made way room night even though windows closed. I stay again.",0.06160714285714284,0.47500000000000003,Apr 16 2007
35,35,"Troubled stay Holiday Inn Downtown Shanghai Recently stayed Holiday Inn DownTown Hotel Shanghai. The minute showed voucher receptionist, asked us pay another 130.00 US dollars upgrated rooms new wing. When said want so, tried persuade us again, showing us pictures room adding bed would soft would big quiet room. When made clear interested, asked proceed checking could finally go room, spoke chinese laughed rest stuff present time. Our room 8th floor big alright. However, bed really really hard asked housekeeping send us extra mattress could place underneath. Tired flight, immediately went bed. Soon realized even though night time, noise intolerable would tough time getting sleep. Not that, heating operating really cold. Still, decided would dealt next day tired late anyway.The next day husband I pains bodies hard bed, also cold. I immediately went downstairs complain receptionist giving us worst room could, said could paid got one new rooms. At point I got really angry demanded spek manager. He escorted room, verified deed heating broken down, room noisy also bed hard. He took look reservation paper, said immediately transferred 12th floor one renovated rooms originally supposed anyway! Soon bell boy assisted us luggage went new room. This one lot smaller first one 8th floor, brand new, softer matress seemed quiet too. Therefore agreeded spend next 3 nights there.Breakfast nothing special I specify stuff wellcoming warm ! Quite different I expected Holiday Inn Hotel. The price restaurant case want dinner 35 dollars buffet dinner, charge quite expensive beverages...Back home I really can't tell I able find lot info net, regarding location, good thing metro station near hotel. The second morning there, Monday morning, asked 11.00 morning change us 100 euro bill , told go bank Sunday previous day, enough money !!! That really weird thought, want start day arguing again. Therefore left search closest bank. Luckily, 4 banks neighboorhood one could assist us break (!) hour ! Then went back demanded bill changed. They ! I cannot understand argue everybody reception simplest things done ! We enjoyed Sangai perhaps go back time future, definetely never stay ever again. The second room given alright, stuff reception restaurant rude wellcoming, anyway, soooo many better hotels, so, never ever Holidai Inn Sanghai ...",-0.011961647390751876,0.46179352156964093,Jan 27 2007
36,36,"Stay Here Canada Hello fellow Canadians travelers. I tell ever Shanghi need great hotel. I suggest stay Holiday Inn Downtown location Shanghi. Yes could pay much more$$$$ stay RITZ ect.. However recieve much better service personal otherwise Holiday Inn(Downtown). I many good things say I brief highlight one example. After meeting wife vacation Shanghi 2 years ago n buisness trip. I say happily married 1 year now. I aniversary year holiday inn (downtown ). I wanted surprise wife beautiful day cap aniversary room. The staff I advised plan wishes make day great possible everything make happen.In fact staff Holiday Inn went way beyond expectations. I thought, put candles flowers send us bill check time. NO WAY!The staff made dinner wonderful, also made sure entire room dedicated aniversary. I mean HUGE ARANGEMENT flowers heart shape bed surrounded rose petals. Each flower individually cut size fit arrangement flowers(very difficult job hand). Orniments signifying &quot;Double Happiness&quot; popular Chinese slogan couples happily married, married aniversary ect. Decorations, ornements dinner aranged, champainge. There much I fear quit reading soon. I happy husband wife even happier I walked room. I mean cried joy surprise sheer beauty room entirety. I would time staff holiday inn wife I. I thought things (to numerous mention) well. Talk Jerry, Anthony rest holiday staff needs, wants desires I assure happiness satisfaction. Remenber Holiday Inn Downtown ShanghiRemember Jerry- ManagerRemember Anthony- manager Remember Holiday Inn StaffIf remeber things stay Shanghi perfect sure!",0.34038461538461534,0.5906695156695156,Nov 21 2006
37,37,"Steer avay! I really can't understand IC grooup waste brand firming old, dirty, noisy out-of-everywhere hotel. It's real trap. The brightside servicefull personel, rest - godness! There's another one, nice, Pudong: choose it, avoid Downtown!",0.05625,0.5,Aug 5 2006
38,38,"Great service reasonable location First all, Holiday Inns China like ones America. They're WAY better. In another league, really.We stayed executive level, cost something like $15 more. But extra money, get breakfast lounge, unlimited drinks happy hour plus hot/cold appetizers, could make meal inclined. The room clean, looked much modern featured many amenities imagine looking exterior hotel. The bathroom nice -- luxurious, except unbelievalbe variety toiletries. One reviewer wrote beds hard. Well, yes, bit hard everywhere China. It's cultural thing, quality thing. Most people get used it, supposed good back anyway.The location hard say much good bad about. I mean, two minute walk Shanghai's main train station, unless going town, use much. Then there's subway, also minutes' walk. That works well. But, bit locals-oriented shopping around (and great &quot;hutong&quot; -- old backstreet -- neighborhoods, find them!!), usually end traveling parts city stuff. The subway comes often, cabs cheap, hardly seems worth concern.",0.21167929292929288,0.4731060606060605,Jul 4 2006
39,39,"Not great stay elsewhere! We stayed 4 nights executive level Great Wall Wing. We secure great rate hotels website hindsight wished paid stayed elsewhere. For executive room room tiny, move chair away desk could walk past bed. The bed worst ever room, extremely hard rang housekeeping couple nights unbroken sleep unable offer assistance, end resorted adding extra duvet top mattress helped slightly. The bathroom small although kept clean uninviting.We breakfast executive lounge downstairs restaurant average staff unwelcoming also. The happy hour executive lounge ok staff prepared bare minimum didnt appear happy even that.The location probably worst factor, although close metro nice area come back night.Unfortunately I dont feel I much positive say perhaps spent 5 nights Crowne Plaza Beijing enjoyed perfect stay Holiday Inn Downtown really didnt rate comparison.I would recommend staying return Shanghai future spend money stay Nanjing Rd/Bund area.",0.10695503421309874,0.5618963831867057,Jun 17 2006
40,40,"Nice Hotel Not Very Quiet There two towers hotel: Plaza Wing Great Wall Wing. My room Plaza Wing. It quite large Holiday Inn, looked upgraded recently. The bathroom clean well maintained. The room internet service US$15 per day high, particularly China. My room loud. Construction ongoing constantly Shanghai, directly front main train station. Handy getting around city, trying sleep. The gym (located Great Wall wing) small, two modern treadmills good selection weights. The breakfast buffet, although cheap US$6 (if included room rate), also average, although made order omelet bar. This appears frequented mostly business travelers, although fair number tourists. There places eat shop vicinity hotel, including several coffee shops high end department stores, supermarkets area. If noise stay, would get much higher ranking.",0.2775952380952381,0.5407075702075702,Jun 2 2006
41,41,"Very good good location! We stayed 3 nights February 2006. At first looking map seems way. But really isn't. Cabs cheap plentiful. The subway stop right near by. There also lots malls, shops stores right around itself.Best part location quick easy access Subway. No problem people speak English. Very user friendly.Taxi drivers seem aware though (and let tell Holiday Inn Downtown Shanghai mean thing must bring card!). Even card Mandarin speaking mother cabbie seemed bit unsure get (but got pretty much price direction) really matter end.Also I think stupid 2 different hotels linked name (they face pedestrian plaza). Our &quot;wing&quot;'s gym sorry excuse gym free weights cardio machines. In directed go &quot;wing&quot; larger gym. Thankfully wing restaurant breakfast. Breakfast usual Chinese, Japanese, American breakfast. You'll find whatever want here. It good. The room Ethernet Internet Access fee I thought reasonable. There daily maximum (I forget details).Rooms decent like regular Holiday Inn North America. Clean, nice bathrooms (with shower curtains short though!).Good service attractive lobby sorts things.I would stay I returned Shanghai!",0.1819009551495017,0.4889345344577903,Mar 23 2006
42,42,"Convenient location subway riders As part hotel/plane package, husband I stayed Holiday Inn Downtown. This Holiday Inn comparable United States. The rooms comfortable clean. Unlike many hotels, sufficient lighting. The included buffet breakfast western Chinese food selections. It easy put together bacon, made order eggs, juice, toast coffee breakfast. There absolutely nothing see close by. The subway, however, around block easy use. We travelled tourist spots via subway. Tickets purchased automated machines subway stops fares English. Once subway, stops announced English. Also, maps exits posted English. If figure subway system NYC, San Francisco, London, Paris, Madrid, Barcelona, Hong Kong, Tokyo, Kyoto, problem Shanghai subways!",0.2357575757575758,0.4454545454545455,Feb 22 2006
43,43,Brilliant brill would deffinatley reccomend anyone visiting shanghai. fab!!!,1.0,1.0,Dec 13 2005
44,44,"Great location My husband, couple friends I stayed week. It great location near metro train stop independent travel easy. It much like Holiday Inns. The breakfast great. Comfortable clean rooms.",0.45899999999999996,0.6035,Nov 11 2005
45,45,"Don't go there! I stayed one night August. The room small, air conditioning noisy, bathroom quite shabby (the shower aimed wall bath). The fridge room noisy fact room block noise - could hear traffic outside, people corridors noise walls adjoining bedrooms. The light work room took 2 hours someone come fix it.Breakfast make-shift restuarant selection poor.This would expect Holiday Inn - advice - go there!",0.05833333333333333,0.42333333333333334,Sep 5 2005
46,46,"Picky traveler liked I stayed fall 2004. Although 'downtown', directly across train station good travelling parts China. The room clean good size. The staff service expectations Holiday Inn. Lobby common areas nice clean. Bathroom large clean well. Nothing really bad say all. I would rate experience 'above average'. This newer hotel.",0.189952380952381,0.5520158730158731,Feb 4 2005
47,47,"Adequate night's sleep Having read Frommers Guide decided stay Holiday Inn downtown Shanghai. We chose Plaza Wing reportedly &quot;slightly upscale.&quot; We requested smoking room advance told none available upon check in. When front desk clerk realized would go elsewhere, suddenly found room. Silly things let cash $100 US time ( hotels China never questioned this) also nuisance. Overall, room &quot;satisfactory&quot; adequate. Walk time train station 5 minutes saves great deal time taking trains Souzou Hangzhou.",0.18680555555555556,0.5055555555555555,Oct 29 2004
48,48,???????,0.0,0.0,Nov 23 2009
49,49,???????????????â¦,0.0,0.0,Oct 19 2009
50,50,?????,0.0,0.0,Oct 7 2009
51,51,?????,0.0,0.0,Sep 29 2009
52,52,???????????????,0.0,0.0,Sep 29 2009
53,53,?????????,0.0,0.0,Sep 18 2009
54,54,??????????,0.0,0.0,Aug 28 2009
55,55,??????????????????????,0.0,0.0,Aug 19 2009
56,56,Zu empfehlen,0.0,0.0,Jul 28 2009
57,57,SUPER LAGE - IMMER WIEDER,0.3333333333333333,0.6666666666666666,Apr 25 2009
58,58,westliche Oase Shanghai,0.0,0.0,Mar 11 2009
59,59,????,0.0,0.0,Oct 29 2008
60,60,??????????????,0.0,0.0,Oct 5 2008
61,61,???????????,0.0,0.0,Sep 11 2008
62,62,Clasico ejecutivo,0.0,0.0,Dec 10 2007
