,Unnamed: 0,Reviews,polarity,subject,Dates_extracted
0,0,"Not Sincere !! My boyfriend I took trip London weekend. He interview decided treat go night before, book nice hotel, meal see sights. I stayed Malmaison feel I know brand well, foodies I thought would perfect us. We even got good deal - Sunday supplement. You spend certain amount Brasserie get good rate room. We checked in, thought receptionist asked right questions, definitely lacked politeness form warmth. Our room small otherwise nice. The bath tub however left nasty bruise thigh. The tub deep option good thing lack thought one might get without falling. There rail tub deep effort get out.Our main issue Brasserie.We ordered starters drinks; waitress friendly helpful. Both boyfriend I ordered steak 20 odd quid each, looking forward it. I asked medium well-done boyfriend medium rare - came cooked same. The worst part though finding large shard metal cooked one chips. We showed waitress shard metal apologise said would get manager - instead manager coming sent back saying could free dessert worth Â£5 each. Working hospitality I thought way good enough asked manager.When came over, apology lacked sincere even concerned. After explaining situation him, told us located fryer used shut - found strange told - waitress found chip. Quick thinking managers part clearly lie showing respect either us customers â loyal customers, gravity situation. We told package nothing could do. We much looking compensation sincere reaction concern health safety.In end pay meal I still feel annoyed disappointed way treated lack response situation.",0.11891790674603171,0.5432123015873016,Nov 17 2009
1,1,"My favourite London hotel... Malmaison Charterhouse Square favourite London hotel, contest. Reasonably central quiet location, really far hustle bustle central London. It's also right Smithfield market always buzzing loads great bars restaurants nearby too.Great staff, service, food rooms make winning combination every time.",0.19821428571428573,0.5086309523809524,Oct 29 2009
2,2,"I'm definitely going back! This first time Malmaison hotel, I disapointed.I arrived 2 hours early order leave cases reception however accomodating within minutes room ready me. As birthday gave extra toiletries treat nice touch!I spent day relaxing room partner arrived lovely - great flat screen tv, cd player, lovely bathroom, great room.There faults - lightshade broken rip bedsheet disapointing considering cheap hotel. However ate night made food delicious!I would definitely want go back!",0.17625,0.4229166666666666,Sep 7 2009
3,3,"Paradise London The Malmaison London 2 minute walk Barbican tube station Charthouse Square - quite part london small park. The building old historic. staff helpful held cases prior check put room arrival. The room big unfortunaly views good. We sunday papers delivered next morning. Unlike Mal hotels DVD player room, whole, I would still visit again.",0.0959090909090909,0.2513636363636364,Aug 20 2009
4,4,"An oasis city Another great stay hotel. It's hard believe London - hustle bustle - look small fenced park area. Lots parking opposite around nearby streets. Near tube stations. Great staff, fantastic breakfast. Will definitely stay again.",0.19479166666666664,0.5302083333333333,Aug 12 2009
5,5,"Over rated credit malmaisons My Partner I travelled UK three day midweek trip August, eager stay malmaison previously stayed liverpool one unbelievabley enjoyable. However london version. On arrival found girl desk stand offish almost rude. We instantly felt like inconvienance! Not nice feeling budgeted especially stay hotel. The room nice, nice mal liverpool clean airy, standard room opinion rated priced. The bathroom clean nothing ordinary again, bed comfortable. For whole three nights stayed felt like putting people enquire anything!! The thing give food excellent restaurant staff restaurant really nice!!! I wouldnt stay feel paid could get equally nice centre london paid here. Getting tube main city costly time consuming.",0.24242063492063493,0.682936507936508,Aug 8 2009
6,6,"mal Have stayed Malmaison Clerkenwell work really impressed. The guy reservations made booking really helpful even checking general manager could special late deal us. When arrived, check really friendly efficient. We upgraded (without asking) superior double rooms work rooms. The room great size huge bed. I stayed Shaftesbury Metropolis Hyde Park night before, read good reviews tripadvisor Mal surpassed every way slightly more. The bathroom products fab, always, bed well huge really comfy lots lovely touches like bathrobe cd player room. The breakfast fabulous, loads choice continental cooked - eggs benedict delicious. We stayed number Malmaison hotels Hotel Du Vins (with without dog) consistently good service luxury fair price. Highly recommended.",0.4132792207792208,0.6437012987012987,Aug 6 2009
7,7,"wantwd Great location City London next Smithfield. Loads things see places eat locally - though hard beat Mal's restaurant. Their Fresh Local menu fantastic value, though cheese French night! The superior room spacious everything needed.",0.25083333333333335,0.45916666666666667,Jul 31 2009
8,8,"Outstanding staff convenient location Stayed Mal London others around country fan sister chain, Hotel du Vin. We booked Room/Dinner/Breakfast package standard room, turned excellent value. All exceptional. Dinner lovely restaurant set menu (which enough options) could mix match la carte additional cost wanted to. The wine list amazing know vino expect pay top dollar it. Hotel located Charterhouse Sq 2 mins easy walk Barbican tube station (Met/Circle/H&amp;C lines), easily access central London well 30 mins. There handful bars en route fancy getting evening. We turned 3 hours check-in ditch bags day delighted given room straight away - staff helpful weekend. I can't recommend place highly enough - become new favourite base London frequent visits.",0.31419457735247214,0.6208532695374801,Jul 29 2009
9,9,"DOG FRIENDLY :-) We've great stay Malmaison usual Mal perks levels comfort (have stayed Glasgow Belfast ones before) first time traveled dog enjoyable experience was! We'd struggled find London Pet Friendly* someone mentioned Malmaison chain - we'd assumed going - came trumps lots welcomes staff doggy bed room. Our dog even preferred Mal bed we'd bought us! Top marks :-)* We'd initially looking Montague Gardens Bloomsbury comes Google Pet Friendly, indeed is, they'd wanted Â£1000 returnable deposit crazy! We ended paying flat rate Â£10 per dog per visit Malmaison...",0.2875,0.568452380952381,Jun 28 2009
10,10,"Peaceful Oasis City I stayed Malmaison one night, friend, part 'stay Â£10 Sunday spend Â£75 brasserie' deal. As rooms generally run around Â£240 per night attractive offer. Charterhouse Square beautiful, green leafy oasis easy access rest London foot - Barbican minutes away - numerous buses tube. Be aware quiet area Saturday Sunday's lot smaller eateries shops closed cater City workers. There's Tesco Express corner nr Barbican Tube drinks snacks. Restaurants, Smiths Smithfield, along Charterhouse St open weekendsIf want different experience London couple tube stops (to Liverpool St) bus (153) explore Spitalfields Market areas connections Huguenot Silk Weavers, Jack Ripper Dennis Severs House. Plus trendy Hoxton &amp; Shoreditch. Or press bit Geffrye Museum. We twin room, comfy beds downy pillows, spacious. There desk high speed internet connection (complimentary I believe) WiFi hotel's public areas. Flat screen TV, CD player small fridge room. You request fresh milk delivered morning along morning newspaper. There's usual tea/coffee/kettle combo. The windows open want fresh air.Plenty hot water bathroom bath shower. Toiletries provided duel shampoo/shower gel, hair conditioner small soap. Smelt like Molton Brown Yuan Zhi products Malmaison 'spa' packaging.There's iron, ironing board safe wardrobe. The food restaurant 85% service attentive friendly.They charge Â£35, departure, two breakfasts actually partake refund without argument. All pleasant would perfect trip away one love well anyone needing near city without feeling concrete jungle.",0.21087962962962964,0.520787037037037,Jun 21 2009
11,11,"Covenient location chic design Stayed Malmaison 4 nights business trip. The conveniently located quiet location Charterhouse square nearest Barbican tube station. The interior dimly-lit well-designed. Meanwhile rooms (and bathrooms) probably slightly larger rooms similar price London hotels. Ameneties fridge, hair dryer, cd player, flat screen tv, iron ironing board, tea/coffee set, safe, there. The food exceptionally good breakfast lunch. It appears people staying visiting London business. Didn't problems service allowed 3pm check convenient I late flight Heathrow. Certainly recommended business travelers.",0.13311688311688308,0.454978354978355,May 22 2009
12,12,"Marvellous position I stayed Hotel husband two nights celebrate birthday extremely pleased it. The reception staff friendly helpful, room comfortable, air con (unlike Mal Glasgow). Drinks etc good price compared usual London Hotels. The location different, bit away centre character, peaceful square outside.Went Club Gascon restaurant round corner, also v good (One Michelin star!)I would certainly return",0.2926623376623377,0.591038961038961,May 14 2009
13,13,wonderful start finish absolutely complaints. lovely room bathroom. great breakfast. great evening meal. helpful staff. nice decor. quiet area. building alot character. modern chic yet homely. reluctant leave.,0.4511111111111111,0.6859259259259258,Apr 19 2009
14,14,"Don't waste money Square Suite My new husband I booked 4 night stay Square Suite honeymoon. We paid Â£488 per night bed breakfast inclusive tax. We stayed Malmaisons impressed looking forward stay Square Suite. We expect anything booked honeymoon aware that. Nothing mentioned us check-in even bottle wine I thought might nice touch seen paying almost Â£2000 room. The suite mainly black purple cushions ornaments etc. It could really refurbishment black wallpaper marked scuffed bits coming places. The suite general looks tired. The lounge area terrible views - looking onto roof large pipes. There plasma screen lounge large corner black suite purple cushions. We told booked, walls carpeted (they weren't). It's quite dingy whole wallpaper black etc. I think would preferred spacious brighter suite. Personally I like way suite laid out. There tiny bathroom right came main door, opened lounge area. Plasma screen lounge DVD player. There corridor bedroom double bed, king size super king (which used home). The bathroom large wooden bath also plasma screen tv double sinks (wooden also). There toilet bathroom, quite bit walk night need toilet. There another plasma screen dvd player bedroom. There bathrobes I ask I got given one! They replace toiletries bottled water days. Also practically every time arrived room (which 5th floor) key never worked go back lift get reset. This happened several times became pain end. I guess I sound like I right moan Â£488 night I expecting perfect wasn't. I complaints breakfast nice staff always polite friendly. However could stayed Dorchester another 5 star London half price paid Square Suite Malmaison. You live learn!!",0.09853492220340045,0.43509708890143683,Apr 18 2009
15,15,"Fantastic! Highly recommend hotel. Stayed 3 nights could find fault. Check fast staff friendly helpful full information. Rooms good size spotlessly clean. Food excellent restaurant, also good wine list great range cocktails. Booked go back June cant wait .",0.478560606060606,0.6263636363636365,Apr 16 2009
16,16,"MalMasion - Bad! Stayed business recently., I stayed many london hotels, expensive relation get hotels centre. It tries hard trendy, rooms small pokey, extremely warm. I needed keep window open throughout. Some things good - like free internet - little touches missing - like face cloth wash dressing gown. Even though I paying - I felt ripped off, I settled bill. All coleagues ranging age late twenties early thirties pretty appaled. If want young trendy, caring comfort used travelling -0 - otherwise, stay intercontinetal!",0.05104166666666665,0.5596666666666666,Apr 10 2009
17,17,"Mal Life pretty good! I lucky enough win prize two night's dinner, B&amp;B Malmaison - I chose London. The quiet location yet really easy get minutes tube theatres, museums, shopping London offer. The staff reception helpful friendly - one exception. The staff Brasserie attentive, relaxed, friendly efficient. The food Brasserie also high standard. Our room 6th floor back - quiet, clean, comfortable. This best I stayed subtle, homely stylish ambience unexpected London hotel. Yes I prize I enjoyed Mal life much, I plan go back more!",0.31351999999999997,0.5538133333333333,Apr 6 2009
18,18,"great London find! We stayed many hotels London, mostly Hiltons (as gold card holder) one real find. It really good area bars restaurants (SOS around corner wonderful breakfast lunch). The itself, like Malmaison hotels, something bit different it. It quite dark inside, deep purple reds. The located square gated park Middle. The quite quiet (ask back side room want really quiet). The rooms range size get ones say 'space chill out', rooms good size. Other ones smaller Mal perks there. Very sleek. The staff great. Also added perk fly London Luton, get Farringdon Station, one stop St Pacreas, within 5 minute walk hotel. Bar downstairs quite nice usual bars, pricey. Still tons places eat drink within steps hotel. Highly recommend place. Also, hint, book line try wait close date travelling. You find starting Monday week looking stay, rates go availability. So able get room Â£99-119, Â£155 week before. Worth it.",0.27997863247863247,0.46329059829059827,Feb 24 2009
19,19,"Lovely room Great Location We stayed one night last weekend. Although live London, I booked meal nearby Smith's Smithfield's (great restaurant way) partner's birthday thought would nice book romantic stay nearby hotel. We dissapointed. We stayed superior double room overlooking charterhouse square, good size London hotel, nicely decorated spotlessly clean. With huge Kingsize bed good sized lounge area. The bathroom nothing spectacular, again, tastefully decorated comfy, deep bath decent shower. Staff friendly helpful. I booked room directly day stay. As weekend late booking room Â£195 (usual rate Â£260). Not cheap, pretty reasonable compared London hotels.It's true particularly close west End London's main attractions, couple minutes walk Barbican station area London lovely, lot's great bars restaurants Barbican Centre Museum London right doorstep.All nice lovely spot. I'd definately stay again.",0.30974248790425263,0.637079831932773,Nov 29 2008
20,20,"Secret little treasure..... Stayed one night Mal friend weekend pampering stopover. Great area lots bars energetic nightlife. A real little hideway feels outside London.Would definitely stay little romantic getaway next time. Food restaurant fantastic wine list cocktails. Room (premium suite) spacious clean atmospheric feeling rest hotel. Big bath, lovely big stereo TV, lounging area, etc. My regret I could stay longer!",0.08391203703703703,0.4680555555555556,Nov 16 2008
21,21,"Quirky kind place I Business London one day people I meeting reccomended place close office. The kind funky. It dark lobby, kind black deep red. The staff pleasantThe room I small warm. I couldnt seem control temperature I found somewhat uncomfortable.The bathroom clean modern small. The bed reasonably comfortable heat made difficult sleep. The room old small tube style tv, (looked like something might buy yard sale $5.00)I decent english breakfast restaurant.I paid $400.00 Cdn stay here. The location good becuase business trip I probably would go little luxury next time. I think would appeal younger traveller.",0.13056666666666664,0.5136,Nov 14 2008
22,22,"Great stylish friendly staff I stayed Malmaison two nights business London. Location wise Malmaison perfectly located get I going business friend mine convinced worth longer trip office I can't say I disappointed.The Malmaison located quiet Charterhouse square, near Barbican (not far tube station). The staff friendly I checked I felt welcome. The room rather larger, nice comfortable bed. The decor room well general typical &quot;Malmaison style&quot; stylish using lot color. I really like everyone uncertain look website see liking.There excellent bar make fabulous drinks food restaurant also good. There also nice pub next door (the Fox Badger) owned operated Malmaison. They actually also rooms one stay - tried yet pub offers good food nice atmosphere.",0.3341369047619048,0.6290476190476192,Jul 24 2008
23,23,"Loved it! I stayed wife Saturday night loved hotel. We booked via laterooms week advance got double room Â£150. The hotel's located peaceful square far Smithfield market, although i'm guessing probably quite peaceful week market's on. We pleasantly surprised size room, far massive London reasonably sized considering. Plus cheapest rate I'm sure there's plenty bigger rooms prepared pay more. The beds quite hard still comfortable slept well. We eat nightcap staff friendly bar reasonably busy midnight Saturday.We'd normally stay The Hoxton we're London full good alternative. We thought reasonable value London average sized rooms lovely character.",0.2593055555555555,0.6454398148148148,Jun 30 2008
24,24,"Loved Malmaison! I stayed Malmaison London 5 nights month. I agonized stay ultimately chose Malmaison based website proximity business I conducting. I dissapointed! The beautiful room (a superior double) huge! Everything spotless well apointed. The soaking tub fantastic!The food delicious (both restaurant room service).Please note located &quot;The City&quot;, good 15-20 minute cabride main tourist attractions. The located near Barbican Faringdon tube stations I reccomend taking train everywhere. I would definitely reccomend!",0.4446969696969697,0.6757575757575757,Jun 18 2008
25,25,"Disappointingly average recommended My husband I chose part break wedding anniversary thought would special bit different hotels. We wrong.It's definately worth money - average disappointed. The reception area okay, staff friendly, rooms small beds hard wood. Breakfasts quite nice close lot nice restaurants bars.This definatley worth price charges. We stayed far nicer hotels London lot less money better amenities eg pool.",0.016739926739926733,0.5181986640810169,May 15 2008
26,26,"Fabulous This fantastic - beautiful bedroom bathroon spotless well maintained. Reception staff really polite helpful - easy check Breakfast fantastic - lots choice - try bar evening go cocktail menu - Mal Mule gorgeous A wonderful place stay - sit back, relax see top London run. 5 stars Malmaison !!!",0.5489895833333333,0.74,May 6 2008
27,27,"Hot Water???!!! We stayed Malmaison one night standard double room partners birthday.Our rate included accomodation, 3 course dinner breakfast.The room lovely, large bed comfortable. We switched air con going sleep woke 4am gasping drink boiling hot. So switch back again.We problem hot water bath. There note say want water really hot switch safety button off. I sadly gave us luke warm bath. In end run 3 baths I starting feel little guilty water. Then using sink boiling water coming cold.We drink bar dinner, sadly asked French barman time, looked us disgust seemed reluctantly, gave us answer.We lovely meal restaurant food brilliant wait staff. Very polite friendly. The sommelier nice kept glasses topped out.We breakfast early morning choice fantastic. We would recommend paying included stay.On checking thought bill bit much check I got home. On checking charged us dinner although already included rate.On calling question I told Â£75 would refunded! Over really nice stay, would stay again, none issues would really put us would gladly try Malmaisons.",0.2222436884236453,0.5897783251231526,Apr 12 2008
28,28,"Good location could great Stayed Malmaison London 2 nights. It great location lovely building. Checking fast lady helpfull. Room small seemed clean, information pack ring reception info things. We ate restaurant first night bar nice service ok wait table even though booked. The food average cold breeze comes main doors upstairs people smoking auto doors open time, lots people asking moved. Breakfast well worth service great much better evening staff. Cleaner didnt much room managed make bed disappointed seemed rushed.Overall good price need make sure service much better. I would go back again.",0.27325102880658436,0.5294238683127572,Apr 8 2008
29,29,"Mal'ard! First time London branch classy UK chain. I know London pretty well, delighted find lovely building Charterhouse Square, near Barbican Smithfields, nice, quiet (for heart city) enclave. The lobby typical &quot;none black&quot; Malmaison, I find subtle lighting policy little close &quot;we've power cut we've got candles out&quot;, maybe that's me. Very friendly reception staff. The room cosy side, hey city London, gonna get wildebeest grazing bathroom. The room spotless clean, usual Mal touches - JVC stereo, wifi access, big enough telly, proper coffee making facilities, iron ironing board, fluffy towels. I find rooms bit warm side (it mild London December) I found happy balance I opened window. Smashing powerful shower big bath, taps running I could pretend I submarine hit. It's 250 quid night, cheapest bed London; I arrived good mood I left even better one; must something right. A note Mal team read - I suggest iPod sound docks rooms?",0.23502463054187192,0.5293924466338259,Dec 5 2007
30,30,"weekend getaway wedding fayre x THIS HOTEL IS WONDERFUL. From minute walked welcome pure mal, par others stayed Birmingham , Manchester Edinburgh. This really greatest chain earth. THe slight negative size room, London come expect city . Bathroom lovely, exceptionally clean tidy complimentary extras lovely, liked new conditioner, nice touch think available last stayed 'mal'. Would go instant. Worth every penny. Bar staff really nice, eaterie went way make sure breakfast 100%. FAb!",0.34889315230224316,0.6383379247015611,Oct 4 2007
31,31,"Nice stay nica location I got treated night London stayed Malmaison. Quite expensive (Â£180 room) perhaps London prices. Our room nice clean small (I guess, typical London again). The front desk staff helpful ordering us taxis giving us maps local area. The bar downstairs lacked bit atmosphere quite expensive, I think cocktail I almost 8 pounds (but nice!). I've Malmaison I like chain. It's shame hooked airline partner earn frequent flyer miles.",0.08333333333333336,0.5583333333333333,Sep 26 2007
32,32,"Great place. I able write review places I stayed I busy.No offence I hate go London, bit like Leeds grass, sorry Londoners offence.However; changed mind, greeting arrival thank staying. I honestly say I perfect stay, brasserie service menu excellent good value. Will back.",0.38999999999999996,0.7727777777777778,Sep 5 2007
33,33,"Thoroughly Enjoyable Experience We felt thoroughly spoilt moment entered Malmaison. The staff certainly extremely pleasant, helpful charming. The room large tastefully decorated. Dinner delightful experience every member staff working hard make stay meal experience remember, definitely was!",0.4079931972789116,0.7195578231292517,Aug 30 2007
34,34,"Nice - shame Sommelier! One nicest things Malmaison location: Charterhouse Square absolutely lovely, quiet atmospheric. Our room nice, good size, tastefully decorated large windows looking wonderful square. We cocktails bar dinner great, also delicious meal restaurant almost spoiled one thing: THE SOMELLIER. Oh dear, place like Malmaison employing somebody awful beyond me. We found bullying, sarcastic downright rude. I expect somellier provide help advice asked for, expect wine choices sneered expct made feel uncomfortable. He would turn eating restaurant really nice place, perhaps came across thing i'd word manager...",0.29026785714285713,0.7116815476190477,Aug 20 2007
35,35,"Can't fault Malmaison We stayed Malmaison London Saturday night table booked 'The Ivy' (which brilliant way).Anyway aware central,but stayed Malmaison Oxford knew staying Malmaison problems.It let us down.The clean &amp; trendy.The room spacious everything need &amp; huge bed &amp; bathroom.I see reviews people said beds hard.Well problems &amp; great nights sleep.The staff &amp; checking excellent &amp; lovely bar downstairs &amp; barstaff great.I can't comment food ate out.Although central.its 2 minute walk Barbican tube station,so 5 minutes central London.I can't fault &amp; hesitate stay next time we're London.",0.3834722222222222,0.5654166666666667,Aug 19 2007
36,36,"ok near nice malmaison Belfast I recently stayed Malmaison London. turned check 2 told check least another hour.... (check time 2) needed somewhere 3 needed room could shower etc... talking receptionist told us room would ready 10 mins, told us take seat wait. (no complementary drinks offered !!!) finally got room 20 mins waiting. Room ok. small standard malmaison Belfast, room clean, furniture dirty scratched. nice area though. overall worth money charge. I stay quite alot malmaison def staying next time visit London.",0.05457175925925926,0.4886111111111111,May 13 2007
37,37,"Good City business stay I stayed Malmaison two nights business City area. The rooms small modern fairly well appointed. The bed comfortable one, I want share another person. My room dark quiet fine since I sleep there. The location great walking City offices. It's also close tourist attractions (St. Paul's etc.). The decor lobby pretty amusing (faux alligator reception desk, etc.). I check room service, restaurant, bar, etc., well positioned visitors eat many good restaurants area. The situated back small square even black cab drivers little trouble finding it.",0.2256944444444444,0.5398148148148149,May 8 2007
38,38,"Top notch pay Stayed quite times got around reviewing it.Location wise, well placed Farringdon, around corner Barbican Farringdon tunes near various nice places like Barbican. It central London, perhaps might right area city everyone, London might worth checking near want be, although near Tube.Rooms typical Malmaison, absolutely stunning inside, modern, cool. If stayed one before, know expect. Otherwise, treat, two things bear mind. Firstly, beds pretty hard - Mals. I love them, everyone feel same. Secondly, rooms somewhat small size Mal standards. This problem me, I spend lot time them, they're comfortable retiring day city, planning spend lot time room, perhaps look towards spacious enclaves.Lovely bars, good food, good service, generally polished experience, pay it. When I stay here, bill fortunatley me, I still feel need point lovely is, perhaps represent amazing value money, cash, I'd probably shop see else I could get price, perhaps I'd slum Travelodge Farringdon Â£50 keep Â£200 change. Food thought!",0.2634054834054835,0.5422943722943724,Mar 30 2007
39,39,"Great hotel! I stayed Malmaison London one night January 2007. I sure expect already stayed Malmaison Newcastle, Manchester Leeds reading reviews implied London might live others - I pleasantly surprised!The quiet, picturesque square within short taxi-ride one tube stop Kings Cross station.The room standard London size still seemed new - none wear tear Malmaisons. The bathroom huge well equipped felt contemporary. We problem toilet flushing continuously rang front desk within 20 minutes sorted.The entrance lobby quite dramatic doubles champagne bar, whilst decor rooms like Malmaisons - modern stylish.All staff met extremely pleasant - guy fixed toilet also serving breakfast next morning extremely friendly efficient. The food also good - room service snack late night full breakfast next morning great. We also drank bar lower ground floor late found really atmospheric cosy.Incidentally found bed extremely comfortable, unlike reviewers - I guess depends personal taste!All thought excellent value money London would definitely stay next time visit.",0.18769162210338683,0.4360323826500297,Feb 5 2007
40,40,"Very good! My boyfriend I stayed Malmaison London two night city break. The location excellent, short walk St Paul's Tate Modern wanted visit.I found check staff helpful, goes bar staff problems wireless internet connection. Room service little slow arriving (and give gentle reminder), whole service good.The bad thing stay bed hard, us suffered aching back result!Overall I would recommend (very good deals Superbreak.com) providing problems back like hard bed.",0.10377450980392161,0.5152941176470589,Jan 30 2007
41,41,"Stylish service appauling! We stayed weekend Oxford street closed pediatrians. We knew little way matter really close tube station. The nice I little disappointed stayed Hotel du vin (sister company) expected similar standard unfortunately be. The real problem previously mentioned service restaurant, evening meal breakfast cheap Â£18. The buffet good array however ask juice replenished also bowls, seem anyone designated particular area table matter waited 25mins someone take order, ask 3 times toast apparently 'on its' way!' When breakfast arrive cold, well luke warm, final straw husband sent back. The manager however come apologise graciously charge us breakfast, seems ongoing problem though based previous reviews. It potential needs kick bottom!!",0.016493055555555566,0.5152777777777778,Dec 28 2006
42,42,"Return visit shows great improvements I've written previous review Malmaison London, I extolled possibilities lamented shortcomings, based stay months property opened. Business took back part London November 2006, I decided give another try. I'm glad I did! Many quirks seem ironed out, operation much professional, staff knowledgeable helpful, traces previous &quot;attitude&quot;. The installation champagne bar small stylish lobby welcome addition. The rooms, still small side, feel spacious due fresher color scheme (or maybe I room high floor overlooking charming park Charterhouse Square, gave us sun-drenched mornings). Although still drawers clothing, adequate closet space, even suitcase caddy room. As UK properties, complimentary tea-making facilities &amp; supplies provided, option order fresh milk left door, gratis, morning nice touch. The bathrooms wonderful, spacious enough great showers, stylish black &amp; white dramatic spotlighting, big &amp; fluffy towels, best soaps &amp; shampoo, generous sizes. Bed linens luxurious, beds quite comfortable. Room decor sleek. Free high-speed internet access provided rooms. Breakfast excellent filling (though pricey, included room rate), restaurant consistently turns good fare lunch dinner. The location little usual tourist track London, 3-minute walk Barbican tube station (and Barbican concert hall complex), easy get point within central London. And immediate area around Malmaison interesting fun, good restaurants, excellent wine bars, tapas places, etc mention pleasant walk St Paul's Cathedral, Tower London, etc. St Johns Priory Church &amp; ancient St Johns Gate around corner. Best all, edge bustling City section London quiets night, possible get good night's sleep without resort earplugs.Requests staff fulfilled quickly professionally, including taxis different locations different (early morning) times husband morning checked out; cases, phoned room 5 minutes ahead appointed time, told taxi arrived. A request plug adaptor shortly checked fulfilled within 2 minutes request phoned reception.We definitely return Malmaison next time we're London -- even business appointments part city!",0.273424408014572,0.5203187613843353,Nov 24 2006
43,43,"Modern private square - Great city business I stay regularly work (office Aldersgate Street) I city work first choice. It tourist conference venue either - rather usual resident businessman working city day two wanting nice modern place stay comforts.It easily reached Tube (Barbican Tube round corner - direct link eg Euston Square - 10 mins)It great location London work. It 5/10 minutes walk main parts city, also walking distance St Pauls Cathedral.On hand, also close Smithfield market (literally round corner), located private square (Charterhouse Square) means actually main road making nice quiet night's sleep. I'm told Friday evenings around Market lively, market area quite bustling soemtimes, I've never disturbed .The rooms comfy done typical Malmaison style. The beds large (though may find soft). A hint : make sure dont give one rooms made wheelchair users - great able bodied (eg shower head far low anyone 5 ft tall). Also rooms facing Square much pleasant outlook.Breakfast good - room, arrives nicely presented wooden tray exactly ordered (doubtless meet time conscious businessman's needs!). Bathrooms nicely presented huge tubs shower gel etc take away. All - great stay business. If looking tourist hotel, best going eslewhere - geared that.",0.23058119185778764,0.49307198711454037,Nov 17 2006
44,44,"Great alternative traditional tourist hotels I liked MalMaison. We business distance major tourist attractions bonus - overrun &quot;happy snappers&quot;. We good sized room lovely bathroom. The in-room wireless Internet great, audio/video. Complimentary water in-room iron iron board much appreciated. Quite relaxed quiet location London hotel, although close good restaurants lively bars around Farringdon Clerkenwell. Would readily stay again.",0.38452797202797206,0.5717948717948718,Oct 23 2006
45,45,"Peaceful Location lively area Stayed 3 nights business/pleasure. I'm fan chain I impressed initial impressions, especially ancient quiet location - unexpected dozen yards London's meat market. The square closed night traffic.The big letdown poor service meals. Something going wrong waiting kitchen staff. As party twelve, soup produced waited 10 minutes pate arrive. So soup cold. Fillet steaks got mixed - tell well done rare. No plates breakfast. Things like indicate sloppy management area.On plus side, internet access easy use - plug play/work. I also like ironing board iron room.",0.00016835016835016326,0.6037037037037037,Oct 15 2006
46,46,"Stylish Consistently excellent - stylish modern design throughout, efficient staff, wonderful breakfast (good buffet, plenty healthy options &amp; excellent cooked menu). Excellent location, minutes Barbican tube station, two stops Kings Cross, makes easy get West End 10 minutes walk St. Pauls &amp; Tate Modern. My gripe would variety room sizes, range large quite cramped. I pay tariff, high &amp; include breakfast, get reasonable price (Superbreak - Â£220 2 nights B&amp;B - less 10% book Shell Visa card!), I believe beaten quality better many 'so-called' 5 star hotels.",0.4445939849624061,0.6489774436090227,Aug 27 2006
47,47,"Wow! I disagree last review, Mal fab!The food excellent, staff wonderful, yes young, helpful, smiley nothing much trouble. Did look anybody.Can't wait go back, get chance, ask front room view square fab!",0.21694444444444444,0.45555555555555555,Aug 9 2006
48,48,"cant neutral stayed malmaison 45 nights period 3 months apr june 2006 business traveller.the good :1) rooms spacious comaped london standards relatively new furnishings still worn down2) close farringdon barbican tube station fairly close st. pauls well good tube connectivity3) free broad band (not wire - less though :(the bad:1) senior staff counter etc. hoity toity, since frequented local celebrities, kind look upon business travellers ,esp asian ones.2) say toiletries free customers take, personally found toiletries substandard range (only soap, liquid soap, body cream, bath oil provided)3) gym tread mill, ellptical trainer stepper small area stretch, dumbell rack 10kg larget dumbell, small cramped4) food average, pricing high, nothing great around place well5) small little lobby, might classy constructed wear tear doesnt feel comfortable lounge around in, back , little bar downstairs nothing one outside room.6) chain hotel, loyalty rewards etc. :(, want attract frequent travellers dont show way7) one bring laundry reception8) views rooms, ones front aleast two windows, ones back one little window9) corporate rate 175 usual rate 195, fairly expensive 3 start facilties average restaurant !!10) staff primarily consists un-trained job trained eastern european kids, dont concept service ingrained them, uniformity service",0.04577751951331498,0.4712838613406795,Aug 4 2006
49,49,"Great Lovely hotel, great rooms firm comfortable bed. Away main tourist haunts great night Islington (less 10mins bus stop 2mins hotel) City, Barbican underground also 2mins walk.",0.3875,0.575,Jul 18 2006
50,50,"Good business travellers Excellent location business travellers (if work City is), normal tourists, far everything. Very stilish hotel, nice lobby, small rooms, friendly staff, Charterhouse square absolutely stunning, cheap 200 pounds per night, good restaurant. I confirm reviews: beds firm confortable sleep.",0.27307692307692305,0.6557692307692308,Jun 12 2006
51,51,"Most uncomfortable bed I 've ever (tried) sleep This indeed stylish hotel. The lobby great rooms good oh dear, retired end evening bed like sleeping hardboard. Everything else great place (except bad tv radio reception) terrible bed meant I would return. Also, except Barbican near anywhere.",0.1333333333333334,0.7407407407407408,May 27 2006
52,52,London Wall Stayed business traveller. Nice room. Nice bathroom. Terrible view (I first floor back facing wall). Friendly efficient staff - check check painless.,0.13749999999999998,0.638888888888889,May 23 2006
53,53,Great London Hotel We stayed Malmaison weekend London Marathon- Its set Nice quiet Square 2 minute walk Barbican Tube station. We booked stay Superbreaks cheaper malmaison Direct- incuded free breakfast!- All staff really helpfull asked best places eat/drink even tried thier best help us using plug play broadband!The Hotel beautiful- rooms little bit smaller normal standard malmaison guess expected London. On way back one evening even got chance see film making using part square film set covered fake snow- something really cool extra!.Would recommend staying definately using next year!!,0.26458333333333334,0.48796296296296293,Apr 30 2006
54,54,"Great location good Mals.. Great Malmaison Hotel (as seem be), however stayed others chain one quite good terms service also room quality.Rooms quite bit smaller usual (as would expect London), felt furnishings quite top quality others either - curtains wallcoverings etc didnt luxury look/feel them. The bar also tiny - there's 2 you, better going Smithfields Market area drink.Have stayed Threadneedles Hotel city - better rooms/service price! Think loyalty Malmaison might wobbled bit. But still best Manchester, Leeds, Birmingham far i'm concerned.",0.3578125,0.4921875,Mar 28 2006
55,55,"Excellent Fantastic hotel, great rooms, wonderful location work week nice quiet weekends. Sleek, modern contemporary. The rooms particularly cheap neither ridiculously expensive.",0.3466666666666667,0.685,Mar 2 2006
56,56,"What fantastic Hotel What great place stay, almost want see rest London... I did.Let's start fact bathroom amazing. I need remodel mine. Not huge bathroom, sexy design. Also, give largest hotel-sized soap lotions I've ever seen, must 100 mL (which probably 5 6 times size places). I took mine home!!!The room good size ample closet space, guess think stay 2 weeks. I king-sized bed, full pillows warm duvet. Free Internet access get pay for, connection spotty times.The real negative comment perky front desk staff are. They pleasantly delightful even 8:00 am, I could barely even keep eyes open. (let's blame Jetlag, ok??) Do really need say good morning everyone????I thought price right business class London, thank-gawd work paid it, 'cause 200 Pounds night, cheap. However, well worth end. I can't wait next trip back London, stay again.",0.2787267080745342,0.5743788819875775,Jan 27 2006
57,57,"Malmaison - one bad house :) (that means good!) I think criticism really nowhere near anything. Located pleasant victorian-style mansion house, recently refurbished couple years ago. Staff friendly welcome reception. And room, although small, still good quality. The bed also little hard - say that's good back. The bathroom nice huge bath shower - usual toiletries! Breakfast little disappointing - served 10am - away ON THE DOT. Plus bowls cereal fruit buffet selection - inlcluded overall price. It sounds like I knit-picking here, I - that's focus one paying Â£120 night. The essentially near perfect. The rooms warm comfortable. Staff friendly Barbican tube located around corner. It really near anything touristy, although St. Pauls Cathederal short walk.",0.19934895833333335,0.59296875,Dec 1 2005
58,58,"Excellent Room 318 We sayed Room 318, back great view quiet courtyard. We got good deal Superbreak 3 night stay weekend I assume 318 standard room. It quite roomy enough lovely comfortable bed large bathroom bath separate shower. The slight downside breakfast. My husband chose full english I went something lighter. Mine seemed freshly cooked looked waiting around got bit dry. Something watch eat late weekend. But lovely beautifully quiet location convenient City. And want go eat heartily recommend Fabrizio's Hatton Garden 15 minute walk away.",0.233734335839599,0.5179949874686717,Nov 4 2005
59,59,OK pricey This slightly different others chain probably reflects city. The others soul. It's pricey manage wing expenses go it. If I paying I would feel I would spent good deal money little.,0.19375000000000003,0.43928571428571433,Sep 22 2005
60,60,Very pleasant stay Malmaison,0.9533333333333333,1.0,Sep 19 2005
61,61,Much Better time!,0.625,0.5,Jun 25 2005
62,62,Great Hotel quiet location,0.4,0.5416666666666666,May 2 2005
63,63,Nice Hotel Service let,0.2222222222222222,0.6444444444444445,Mar 21 2005
64,64,A lovely stay,0.5,0.75,Mar 16 2005
65,65,Stylish central quiet location,0.16666666666666666,0.5277777777777778,Dec 9 2004
66,66,superb,1.0,1.0,Oct 3 2004
67,67,Malmaison London,0.0,0.0,May 15 2004
68,68,Lovely Building Stylish Lobby Shame Room,0.5,0.875,Mar 19 2004
69,69,Not bad - patch Malmaison's!,0.09687499999999996,0.5208333333333333,Feb 25 2004
