,Unnamed: 0,Reviews,polarity,subject,Dates_extracted
0,0,"Very basic charming helpful staff I wanted somewhere inexpensive stay I dealt queries editor book mine published next year. For purposes fine, I must put special word praise receptionists. They anxious helpful, welcoming. I notice one adverse reviews complained absence IT facilities. I needed IT facilities, receptionist explained get internet cafe ten minutes walk away - served needs perfectly. The room shower-room indeed small, bed I occupied firm, I slept well. Whether unusually not, I noise problem all. I missed kettle tea arrangements normal guest houses hotels, altogether convinced drinks machine substitute. But tea respectable tea-bag, powdered stuff, I complaints quality drink. I suppose coffee instant, sad. The breakfast basic, I normally eat much breakfast. Someone referred bread slices: libel. The rolls good Italian-style rolls. My practice eat one tea secreted paper napkin provided eat later cheese Tavistock Square. I would recommend place wife, somewhat disabled needs lift. I would certainly mention fellow-academic cheerful disposition needed somewhere convenient stay using London libraries. Many visitors evidently miserable fuss-pots.",0.10168650793650791,0.506984126984127,0.506984126984127
1,1,Value money nice hotel.close major city attractions .Stairs good.But quite reasonable price .,0.3475,0.7000000000000001,Nov 20 2009
2,2,"basic friendly staff I stayed 2 days . The room, breakfast basic! cannot expect lot pay lot... dont recommend families.This students accomodation only. one plus friendly staff! welcoming helpful.",0.21614583333333334,0.4875,Oct 9 2009
3,3,"room small 4 persons, small bathroom, did`nt work ,the shower mean. The staff gosh:( bsides that, located near subway, Near park, shops, bars resturants near by..just 4min walking subway,",-0.18035714285714283,0.5267857142857142,Sep 30 2009
4,4,"Good somewhere sleep that's We stayed 3 nights. I never seen bathroom tiny! There lifts, continental breakfast consists juice 2 bread rolls, pay get anything else, much better. We bother going again. The parking could find ten minute walk away multi-storey carpark, (very expensive!). Staff friendly. If plan staying room bit somewhere sleep, bit claustrophobic. Good place local restaurants easy walk Hyde Park Kensington Gardens.",0.14652777777777778,0.5702777777777778,Jun 25 2009
5,5,"OMG - staircase hell.... I knew I fit suitcase stairs going problem room size. We booked Triple Room wife I sharing 4 year old. He loved top bunk, wife impressed bottom single bunk 1' wide single bed wire mattress springs.... creak creak creak night everytime someone moved! :)I understand paying Mayfair, location absolutely brilliant owners slum lords! I pity poor buggers ever fire.... would impossible escape time.Anyway, get pay here. Nothing location...",0.09789377289377289,0.5791208791208792,Apr 8 2009
6,6,"One Hostel It clean (a bit outdated), safe two 22 year old females traveling themselves. The location great, two minute walk tube. Mainly, safe clean. Sure bathroom size restroom stall, budget great-- especially need place put bags sleep night. If plan spending time room, place. I would definitely rather stay hostel day!",0.2846153846153846,0.6504273504273504,Jan 14 2009
7,7,"Just awfull !!!!!!!!!!!!!!!! This defenitely hotel!!!!Maybe hostel good one!!!!First booked double room end room one bed bed another-I dont know say english,sorry.....The one bed teribble condition... We put blankets get sleep!!The bathroom,well that? Have ship before? Well 100 % worst!! You cant imagine. 2 people bathroom possible,just give example!!We try get sleep posibble!! The walls like paper full young people shouting jumb floors night!! We telephone receptionist ,but 1 hout problem solved-in way....The heat!!! Do believe London???? We lucky enough weekend went cold!!!The breacfast?? Well joke!! Juice coffe ,you choose slice bread butter jam. For everything else pay... And I imagine delicius would be... Anyway,so much noise breakfast childrens,we couldnt stand!!The good area.. I love Bayswater!!! 4d time going area..Trust me!!!Find another want take sleep!!!",0.09925595238095238,0.5648809523809524,Dec 20 2008
8,8,"Incredible. Please. This hotel! Definitely Lords Hotel NOT hotel. Maybe quite years ago...The building old tired. A considerable reform badly needed. It seems like close getting last pounds collapse.Welcome: double room transformed six beds room (three bunks middle) place even sit. They apologized full, I made paid reservation two months advance. After much complaining, changed following night third class boat room submarine bathroom. But double room, least...Breakfast basic: orange juice orange powdered water?? Old bread bums cheap coffee. If desired luxury pay (this includes milk... cereals).Of course lift. From breakfast room boat room: Four high stores. We hire two &quot;sherpas&quot; help us up.Summarizing: ItÂ´s ratther cheap place teenage hostels deserve stars recognition, least know going. This pure cheating.Something positive: Location near Hyde Park Queensway.",0.0865984015984016,0.34783799533799536,Oct 28 2008
9,9,"Quite nice Me boyfriend stayed 4 nights June. I booked advance read whole lot reviews, good bad, overall good. I say I really enjoyed stay here. The staff nice room clean. The bathroom cleaned every day, sheets clean (not changed, course). They change towels every day, I agree that, plus environmentally friendly. I change towels house every day, changed want extra cost (1/2 pounds, I think). I slept well. The room tiny bathroom, I'd rather share one, considering price, I would say pretty good bargain. We paid extra English breakfast honest, I could eat everything much. But boyfriend did, so... Continental breakfast consists two bread rolls (one whole wheat, great us ladies), jam butter, milk coffee orange squash (more cordial, ok). You things extra cost. We went sleep shower perfect us. That second time London first time I also stayed Bayswater. It's lovely area, near Queensway Bayswater tube station (5 min walk), Hyde Park, Portobello market lots restaurants. They also outlet adaptors hairdryers request, great. I also needed fridge store insulin, I'm diabetic provided well, problem. Overall, looking budget hotel, insist good place rest, cleanliness location , Lords Hotel place stay.I'm going back November I've already booked again.Sofia AraÃºjoPortugal",0.3196759259259259,0.5041666666666667,Oct 5 2008
10,10,"Basic good value If looking cheap accommodation convenient location Lords suit you. Its one hostel. Fairly clean, rooms serviced daily, leave towel floor 1 pound charge (they supply new one). The bathroom tiny better shared facilities. The rooms dated jumble bunks single beds. I liked Bayswater handy location, tube nearby bus stop hop hop bus Hyde Park. Don't get excited 'continental breakfast' two dinner rolls jam, coffee tea cordial ('squash'). We managed find pub around corner, Black Lion 4.95 pounds full breakfast coffee. Tescos Spar near well buy supplies there. There's bar fridge tea coffee making facilities tv phone. I also liked fact secure building (we stayed building separate main building check-in). Staff friendly.",0.2858737753474596,0.5189735702893599,Sep 11 2008
11,11,"One cleanest cheapest hotels central London Very convenient place reach, nice warm staff, clean room sheets surprise London! We stayed triple room, although room tiny, designed well. We even balcony I felt like I movie!!!The bathroom small, least inside room, clean. Breakfast includes two nice breads jams, coffee tea juice. It Ok price. I suggest ones want stay central London cheap price. Sema, Turkey",0.2442857142857143,0.5664285714285715,Sep 11 2008
12,12,"great ultra cheap place expensive capital world basic brilliantly affordable place heart london, close beautiful hyde park, museums, happening portobello, could ask Â£60 night shower. tired, great job good staff incredible price. know it, they've going nearly 40 years, equation must work.",0.43928571428571433,0.6901785714285715,Aug 21 2008
13,13,"The cleaning ""ladies"" steal I thought good place stay cheap money. But found people clean rooms steal. Im 100% sure item stolen they/ person there. Its cheap hotel, owners hire cheap labour trusthworthy. If want keep things safe...dont stay hotel!!",0.5186111111111111,0.7498148148148148,Aug 11 2008
14,14,"Avoid costs!!!! Cheap, tatty, grimy, sleazy tiniest bathroom imaginable. It like something Dickens - &quot;Bleak House&quot; apt. The saving feature location. This place absolute pits - low point visit UK.There spirit meaness proprietors convey - basic services, freely provided establishments available cost.Very disappointing",0.1275,0.6300000000000001,Aug 8 2008
15,15,"Worth money. I liked it. Booked Lords Hotel less 24 hours arrived Â£50 one night. Was room London I could find. Easy get bus Oxford St 5 min walk bus stop. Or 2 mins Bayswater tube. My room bright wallpaper I would rip I owned hotel. It huge problem. The room small clear, I balcony, lovely view quiet street en-suite. Very small ensuite, smallest I ever seen everything worked I happy.The area great. Lords quiet street right next Queensway Westbourne Grove lots restaurants, bars shops. It looks lot map anything actually is.Bed comfy, I slept really well, external internal noise. Not luxurious I ever stayed Â£50 night great stopover.",0.18727743271221534,0.46829192546583853,Jul 11 2008
16,16,"Glad chose Lords Hotel Personally, I enjoyed stay Lords Hotel. It's located near Bayswater tube station close Whiteleys shopping centre (inside shopping centre there's H&amp;M, M&amp;S, Muji, Books Etc...), many restaurants, cafes, pubs supermarkets near it, even travel far dinner shopping.The price paid stay Lords Hotel 8 days 7 nights, twin room breakfast, cost 400 pounds 2 person(200 pounds each), well within budget. Breakfast rather boring, 2 small loaves bread butter/jam, tea/coffee/orange squash, managed survive buying orange juice/milk/fruits/yoghurt nearby Tesco supplement breakfast. Their staff friendly efficient. I arrived Heathrow 6am reached hotel, 8am, fortunately, available rooms check early, ended checking early hour rather wait 2pm.First, gave double room, realised that, went reception told needed twin room, without complaints, changed me. Thr room mite spartan-like, problem me, brought traveller size electric jug hairdryer. If wanted hot beverages night, could them, wanted blow-dry hair, right side. Basically, would say Lords Hotel someone want good night's rest long day sightseeing travelling. It's also excellent stay someone tight budget like stay hostel share showers toilets strangers.Though bathroom small, often knock elbows walls, least share strangers, matters me.If i'm going London again, i'll definitely stay Lords Hotel again.",0.17354395604395603,0.5796703296703298,Jun 15 2008
17,17,"Clean good value. This really cheap London. I didnÂ´t expect much booked positively surprised. itÂ´s nothing fancy clean, safe friendly staff. We two people got big room three beds. I never seen bathroom small one room room lots money clean. The included breakfast great, itÂ´s coffe breadrolls get stuff cheap price. I read somewere closest subwaystation Queensway whitch wrong, itÂ´s Bayswater. They one minut apart trouble finding that, know it, itÂ´s easy. Next time go London planning spend much time definetly stay again.",0.23791666666666672,0.5541666666666667,Apr 30 2008
18,18,"Great Location Friendly bit noisy morning We stay Lords Hotel mid-march 2008, main building, 100 meters, problem, much better. No elevators, cramped stairs reach room 4th floor. The room clean, brand new ok. Very small bathroom. The neighborhood quiet. The problem inside. From 7h30am, ear shower's noise, water sounds. Breakfast 9h30am bread, butter jam. Avoid orange juice, juice. Add Â£4 ask eggs bacon. TIP: avoid students groups breakfast 9h. Location great, 15min Portobello market, Notting Hill nice restaurants around (chinese, greek, japanese). Transports: bus stop around Oxford street Tube Circle line stop Bayswater. TIP: use Central line stop Queensway, convenient go downtown Circle lines delays.",0.27836452762923347,0.44948306595365417,Mar 21 2008
19,19,"Shabby good location On time arrival, told overbooked move another first night. This first negative experience. When returned next day, got room top floor, fifth think. Of course elevator, extremely typically narrow british staircase. The room small, two singlebeds, floor leaned extremely, ant bathroom larger little cupboard. The shower almost water. The dining area looked new, breakfast much talk about. The staff ok. The located nearby everything; Hyde Park, shopping malls, restaurants minutes away nearest underground station. At time stay, filled swedish students schooltrip, noise night through, neighbourhood wasnt quiet either.",0.06869318181818182,0.4727272727272728,Jan 21 2008
20,20,"IN A VERY NICE AREA value monay I stayed Lord's 5 nights february 2007.If CONSIDER THE PRICE talking London VERY GOOD DEAL!!!the clean enough indeed old,if old believe IT WOULD COST DOUBLE ,because great location!All disadvantages recall comes fact old.The room good,pleasent big,the furniture nice tapestry wall 70's found cute even though outmoded old.The bathroom HOT WATER time,it small even though clean smelled bit bad think pipes something like that.What liked location:NEAR 3 UNDERGROUND LINES,5 min.from bayswater(yellow&amp;green)and 10 Queensway(redline)Bayswater A REALLY SAFE AREA nice buildings lot hotels expencive lords hotel.SO lords GREAT DEAL OFFERS THE GREAT LOCATION AND THE CLEANNESS!",0.4118840579710145,0.6237681159420291,Nov 24 2007
21,21,"hotel*not hotel*a [--] hole.*i cried Went nice weekend, see Ricky Gervais Royal Albert Hall, picked due location. It like CRAP b&amp;b Blackppool. The reception diff building, 5 mins away. Our bit rooms, reception, mothing, even drink machine. Just room building. The room next door 5 travellers in, shouting, slamming doors nite. Room smallest ever seen, matress thin, could feel bed frame. The bathroom plastic cubical fitted corner room, sort like airplane loo(same size). taken lots fancy clothes, never got wear them, access iron. Its basically hostel, shouldnt called hotel.We booked paid 2 nites, left 1st nite paid full wack somewhere else.DO NOT GO UNLESS U ARE A YOUNG TRAVELLER . IT WAS A SHOCK TO ME, AND DIDNT THINK PLACES LIKE THAT EXSISITED.IT SEEMED TO BE GROUPS OF YOUNG TRAVELLERS OR SCHOOL TRIPS TO LONDON.",-0.01944444444444446,0.4861111111111111,Sep 30 2007
22,22,"Cheap bit tatty clean First impressions grim place. Shabby carpets stairs paintwork left lot desired.But room clean, bedding spotless towels also clean.The graffiti bunk beds room little disarming.I found room quite airless despite opening window wide possible pillows like rocks.But looking somewhere cheap stay London couple nights, bad.And pretty good shops decent cinema Whiteleys Centre nearby.",0.12403846153846154,0.6384615384615385,Aug 22 2007
23,23,"Great value price! I say reading reviews, I little worried I really need to. We arrived sunday 3 afternoon lady reception really nice answered questions. We first floor main building (no lifts). We little surprised end room 5 persons two us receptionist fast reassuring us share. Yes, bathroom small water hot pression good too. They change towels explained paper bathroom door. The room clean extra blankets (even need them).The sides walls thin could hear people next door. also, breakfast consisted 2 little breads jam tea coffe. But price paid, really reasonable!I would totally come back hotel!",0.11063657407407408,0.5714814814814815,Jul 19 2007
24,24,"Excellent budget London! Im back 5 days staying Lords. Its great budget London! 2 mins walk (well lit pubs feels safe enough walk) Bayswater Tube station runs circle line. Plenty restaurants nearby convenience store within 2 mins walk. Hotel clean tidy. The 2 buildings, one reception rooms, rest rooms another biulding 30 seconds walk first. CCTV buildings. The second building (where stayed) card lock front door thats quite safe. Not sure reception buiding, didnt lift. We top floor bit work getting luggage, sure up, wasnt going til time leave! I didnt mind! Room good size two us. Comfy beds, colour tv, large window, small ensuite towels. Towels arent changed every day unless request Â£1 charge do. But survived quite happy one towel each! Soap supplied shampoo, etc... tea/coffee making facilities paying Â£40 night I wasnt climbing walls lack services! I think people expecting Hilton ever go, Â£40 night, get real! As I said, bathroom small, lovely powerful shower hot water. Extra blankets provided, used boost pillow height (home comfort!) Wardrobe hangers, extra radiator though didnt need loads sockets phone chargers, hair dryers, straighteners, etc...! Bring hair dryer! We spent Â£180 4 nights twin room. Thats fantastic! Breakfast included that, building, didnt bother it. No great financial loss felt that! I would definately go back!",0.23599687349687354,0.5128354978354979,Jul 16 2007
25,25,"NOT SO BAD FOR A BUDGET TRAVELLER HOTEL I stayed Lords Hotel last March 9 years old son friend mine son. I must say reading reviews worried staying there. Anyway, wanted try...Of course depends looking for, experience bad all. It true bathroom incredibly small rooms huge well furnished, also true breakfast best, location unbeatable. About 5 minutes walking distance tube even less bus stop. Moreover rooms clean (unusual budget hotels London). Considering rate, I would say bargain. This first visit London I've stayed worse places (dirties, unsafe centrally located) paying more.I would stay Lords Hotel future I would recommend people wishing visit London budget.",0.023529411764705896,0.463235294117647,Jul 14 2007
26,26,"Lords HOTEL bad HOSTEL We returned 4 days Lords Hotel, Bayswater, London.It terrible place I ever stayed. 5 (five) beds small room, - one single chair. Ande bathroom......also terrible.",-0.4677380952380952,0.6834920634920635,Jun 10 2007
27,27,"Just position I stayed Lords Hotel Bayswater London one week..unfortunately! I payed 500 euros really small single room: 2,5 x 4 metres. The bed fit wall window really noisy, wood pavement, moquette quite dirty forniture old. The desk broken glass top drawers removed. You see television people next room walking moving bedroom. The wardrobe doors.The bathroom bathroom..it portable toilet ! I mean small area, similar shower one, got WC, dwarf sink shower. And washed would obviously get &quot;bathroom&quot; completely wet! say poor quality breakfast? Only two old gummy rolls, marmalade jam glass orange juice. A croissant? Â£ 1.20 ! A glass coffee milk? Â£ 1.00..Thieves!And security? Fire doors woody covered inflammable paint...is safe?Receptonists waiters never help you, neither travel alone bringin 25 kilos baggage! Stairs steep tight. Be careful fall down!Also pay attention room telephones, sleep night school classes school trip. The'll make ring night long!Something good Lord's Hotel? position 200 metres bayswater tube station , close hyde park 4 kilometres marble Arch. 400 metres Queensway station. Served Central, Disrict ad Circle llnes.",-0.012465277777777789,0.4257291666666667,May 31 2007
28,28,"Good service good value Stayed Lords three nights friend fun sightseeing. After reading reviews bit worried, decided try anyway. We're glad did. Yes, rooms prettiest look worn down. Yes, toilets may smallest planet.BUT: The price average London, toilet, sheets (and room) clean, lock window (something that's possible many hotels London supposed better one). On negative side, walls like paper voices corridors rooms may disturb.The staff great! Extremely friendly helpful. I stay would recommend budget travellers.I've paid worse hotels London.",0.2709876543209877,0.5507716049382716,May 19 2007
29,29,"ugly room My first impression room bad, I opened door bath room.. The bath room ugly: every mould smelled ugly. bath room also small shower whole room gets wet...We also got one towel per person whole stay 4 days. When I asked reception little towel more, told us costs Â£1 extra towel change towels except extra money...Afterwards told bath mouldy, came look bath, laughed said mould, certain, could even smell it.For breakfast get 2 rolls, 2 pieces butter 2 jam. You also choose orange juice, coffee tea. The orange juice ugly tea strong. For things like croissants, toast, milk, cheese, bacon cappuccino pay extra. You also pay extra Â£3.00 per piece luggage deposit luggage room, lounge free.For safe deposit boxes pay Â£1.00/day.There one little detail: The 3 different houses one street away other.I never stay dirty taste.",-0.06633503401360541,0.5642772108843537,Mar 25 2007
30,30,frozen london basic single room last decorated seventies. A plug radiator provided nowhere plug !. So cold night indeed. No soap small bathroom either. tea/coffee water room tea/coffee drinks machine downstairs buy sainsbury's nearby. But that;s get pay rock bottom prices...you pay ritz get ritz ! It's near marvellous moroccan iranian restaurants ok pubs busy queensway If want stay london want stay room long sort fine..take jumper winter though !,0.02110714285714286,0.45634523809523814,Nov 25 2006
31,31,"Budget Travelers - best choice I read many good bad reviews didnt know believe....but I decided go anyway. I went boyfriend stayed 5 days..We great time! If dont lot money dont want stay hostel, dont care luxury want place sleep, perfect choice!! It's near great shops metro station. It small bathroom though (hot water course). You one towel per person cleaning lady peaks trashes everyday. The breakfast bread marmelade cup coffee juice. Sometimes lot noise walls thick many children stay (school excursions).. Try Tour de London also includes cruise Thames. Take inspector ticket musseum Madame Tussauds cheaper dont wait line. Also select one choices...with 3GBP tea. Go Crypt (Trafagal Square) typical english place &quot;tea time&quot;.. try apple cramble!Ino Greece",0.2598958333333333,0.5882291666666666,Nov 6 2006
32,32,"Very friendly My family I really enjoyed stay Lords Hotel. The location great, near Notting Hill, Hyde Park Oxford Street 15 minutes underground.The staff reception breakfast room really friendly polite. The room simple clean warm. The bathroom small convenient. The breakfast included two pieces bread, marmelade, butter, tea coffee, juice. You pay supplement.This breakfast enough us, need buy extra food.The area Bayswater nice, lot shops restaurants.London expensive city, wanted simple nice place stay, sleep, breakfast Lords Hotel good place us.",0.2887745098039216,0.5896638655462185,Oct 22 2006
33,33,"Lords Hotel We London cheap-side, always finding clean simple accomodations. But LORDS HOTEL Bayswater tube sta, filthy, stunk like pee, diplapidated, furniture broken, grafitti filled poorly run felt like true fire trap. Paid $$ advance so-called English Breakfast . . boiled egg smaller egg-cup . . AVOID THIS PLACE! The bad news is, actually recommended easyjet site! I'd say, AVOID USING EASYJET bookings.",-0.10757575757575756,0.5339826839826839,Sep 18 2006
34,34,"Very clean ensuit room I stayed Lords Hotel one night:Very cheap single room (ensuit) Â£ 40, breakfast included (2 rolls, butter&amp;mermelade, orange juice coffee) Don't expect much little money! Breakfast 7.30 9.30Small room (it smelled lot cigarretes) confortable bed clean linen. Nice covers. I saw extra blanket electrical heaterTV, telephone hairdryer. No kettle room (No tea/coffee facilities)Tiny toilet/ shower BUT spotless, VERY CLEAN shower hot water.Only one towel (bath towel only, hand towel)It needs ventilation, fresh air carpet must replaced ASAPExcellent location CENTRAL LONDOL (Bayswater) : tube, shops, restaurants, safety area...Friendly helpful staffFor GBP 40, get confortable clean bed (ensuite) mind tiny room, cigarretes's smell (I smoke) simple breakfast. I would stay I travel 1 2 nights",0.20162437343358394,0.5946616541353382,Sep 9 2006
35,35,"Lousy When I read reviews contradictory. So I tough people picky. Don't get confused: It worse bad expectation. Filthy carpets, washroom jock, get drying yourself. No ventilation. Breakfast ? A hard bun cup coffee. You always surrounded feeling cheapness stinginess. Lets put way: We traveled 10 countries Europe far worse expensive. In way back stayed near-by Notting Hill Comfort Inn. Same price far better",-0.21203703703703697,0.6177777777777778,Aug 19 2006
36,36,"Good starting point Stayed 5 days. The downs: 1. The bathroom small stuffy. 2. There one towel us3. No glass bathroom toothbrushing. 4. Cleaning amounted emptying waste paperbasket bathroom nothing else5. Breakfast : 2 buns, butter jam 1 cup coffeeAdvice: take ekstra towels (or pay Â£2 clean towel)as change towels stay.The ups:1. Location good starting point. 2. Walking distance underground buses.3. The staff helpfull polite.All things taken consideration, ok, would stay again.",0.21770833333333334,0.39000000000000007,Aug 9 2006
37,37,"able eat roll stones problems you. 1.cold, hard roll butter breakfast2.the bath room larger toilets railway stations3.the wall floor room thin enough know exactly neighbors doing4.there two things you: a. keep key room b. clean trash bathroom everyday",0.024999999999999998,0.6185185185185185,Jun 11 2006
38,38,"Fair stay I schoolgroup. Lords Hotel fine rooms us. Clean nice. The service reception quick kind.Only breakfast boring. Same thing every morning - bread, butter jam.",0.2023809523809524,0.6749999999999999,Feb 23 2006
39,39,"Great me!... Really lovely, warm, cosy single room - perfect overnight stay I travelling alone. Booked internet ease, efficient &amp; friendly service staff reception. Room en-suite bathroom clean tidy, room also TV, telephone &amp; hairdryer. New bed linen &amp; towels provided. Will definitely book again. Easy get - 5-minute walk 24-hour bus service London's West End/Oxford Street (buses every 8-15 mins throughout day). Highly recommended.",0.40076423576423575,0.6809357309357309,Feb 1 2006
40,40,"Well well.... After reading reviews Lords, I surprised arrived. We given room annex - top floor, meant spent long tiring minutes taking suitcases upstairs. The room clean big: asked double room actually five beds it. The bathroom small morning wait ten minutes hot water. And worst all: room cold, freezing three days. Actually, bothered most, otherwise location great breakfast bad people suggested. Nothing special, two buns, jam butter. So 30 pounds night double room, worth try. But maybe better go summer.",0.027086167800453528,0.4456235827664398,Jan 30 2006
41,41,"Great location clean room certainly worth money Since budget expect much it. But surprised clean room. The room English regard wallpaper cosy. The shower small water hot!! Very good beds, good blankets good heating. Besides that, located well, 7 minutes walking tube, walking pass shops restaurants. Very nice staff reception. The bad thing breakfast, I'd say go that. But less money I would stay sure.",0.29068287037037044,0.6017901234567902,Jan 1 2006
42,42,"Not bad! Stayed Lords Hotel three nights better I expected. Nice clean, small bathroom though...We'd reservated double-room got 5-bed room, plenty space. The breakfast recommended. (Eat breakfast Patisserie Francaise 127 Queensway instead!!! Very nice place!)Service OK.Lords Hotel good budget traveller. Notice! It one-star nothing else!",0.3686751302083333,0.6733333333333333,Aug 12 2005
43,43,Good choice budget traveller,0.7,0.6000000000000001,May 16 2005
44,44,shocking loud dirty,-0.5,0.8666666666666667,May 10 2005
45,45,Clean good price tag,0.5333333333333333,0.6500000000000001,Mar 31 2005
46,46,Great budget traveller!,1.0,0.75,Mar 16 2005
47,47,Student Budget Hostel Type Accomodation,0.0,0.0,Jan 8 2005
48,48,Last review,0.0,0.06666666666666667,Dec 1 2004
49,49,sleepover good,0.7,0.6000000000000001,Nov 20 2004
50,50,THIS HOTEL WAS JSUT OK,0.5,0.5,Jul 15 2004
51,51,Ok budget traveller,0.5,0.5,Jun 7 2004
52,52,Expect much,0.2,0.2,Dec 11 2003
53,53,Hygiene miserabel Zimmer sehr eng Lage ideal,0.9,1.0,Oct 4 2009
54,54,fÃ¼r Klassen- oder Gruppenreisen bestens geeignet,0.0,0.0,Sep 20 2009
55,55,sicuramente c'Ã¨ di meglio....,0.0,0.0,Aug 22 2009
56,56,Assez bien,0.0,0.0,Aug 18 2009
57,57,Une auberge et non un,0.0,0.0,Jul 15 2009
58,58,Mamma mia che esperieza nell'inferno,0.0,0.0,Jul 6 2009
59,59,Okay aber sehr bescheiden!,0.625,0.5,Jun 18 2009
60,60,para dormir ducharte apretado,0.0,0.0,May 27 2009
61,61,FÃ¼r Anspruchslose zur Ãbernachtung bedingt tauglich,0.0,0.0,May 10 2009
62,62,Week end PÃ¢ques entre amis,0.0,0.0,Apr 19 2009
63,63,Mucho mejor de lo que esperaba!,0.0,0.0,Mar 9 2009
64,64,Ad un prezzo cosÃ¬ basso: che ti aspettavi???,0.0,0.0,Nov 23 2008
65,65,Propre facilement accessible et pas cher,0.375,0.375,Nov 12 2008
66,66,Bien placÃ© et pas cher,0.0,0.0,Sep 16 2008
67,67,Lords Hotel: Non vale piÃ¹ di quel che costa!,0.0,0.0,Mar 27 2008
68,68,Lords vu par deux Ã©tudiants ...,0.0,0.0,Jan 31 2008
69,69,PÃ©simooooooo la peor plaza de nunca! evÃ­tala!,0.0,0.0,Jun 18 2007
70,70,No podeis pedir mas por este precio,0.0,0.0,May 30 2007
71,71,sucio asqueroso!!!!,0.0,0.0,Mar 5 2007
72,72,Excellent pour petit budget,1.0,1.0,Feb 19 2007
73,73,Un asco!!,0.0,0.0,Jan 22 2007
