,Unnamed: 0,Reviews,polarity,subject,Dates_extracted
0,0,"An honest review We stayed Fairway 2 nights, left booking quite late rang Fairway found availabiltiy, read comments trip advisor unsure whether proceed booking, however decided take chance hope best.Upon arrival Kings Cross found problem, across road corner Burger King, check Reception across road Central Hotel, check speedy staff helpful, given room number 9, 1st Floor, double room.The room small small thought might been, double bed, small wardrobe, dressing table, two small bedside cabinets, also included TV worked perfectly fine, hairdyer telephone. The bathroom quirky small, certainly couldnt fit one person one time, found quite amusing, however, clean room. There also small heater room found open window certainly problem heat. We problem hot water, shower powerful hot water morning night.The room overlooked front street, noise late night nothing concerned about. Breakfast: - This located downstairs basement, I need agree comments here, opt breakfast second day. We found location really good, links within minutes hotel, would stay again, found little expensive paid Â£170 two night stay could get good deal worth money. I;m sure worse places stay, really nothing complain about.",0.0889421768707483,0.5026213151927438,Nov 2 2009
1,1,"Be Warned...do NOT stay basement room! I seen reviews thought looked worth try??I also noted comments basement rooms asked room upstairs. When I arrived confusion request room NOT basement. The receptionist took bit time look keys decided able help.I ended double room shared shower/toilet although I sink. The kettle reach plug I put floor dried milk seemed curdle water added, ended putting sink.The bathroom small dark suspect 'dirt' floor. However worst part stay constant sound boiler above, like room industrial hoover! This allowed 2 hours sleep....The breakfast good toast arriving I finished fatty bacon uncooked sausage. This background loud argument coming kitchen although foreign language.I note reviews positive up-stairs rooms DO NOT STAY offered basement rooms...you sleep!I hoped basic clean quiet B&amp;B, unfortunately basement room breakfast good. They say get pay I convinced I instance!",-0.053921506734006745,0.4490004208754208,Oct 11 2009
2,2,"Excellent - exactly I wanted I looking something clean , central value money. That I got. I know wanted luxuries I would pay . As I free internet room, tea coffee , filling English breakfast clean small room. Toilet shower facilities worked well good pressure , small clean. As I said want larger prepared pay. You walk door front Kings Cross , Eurostar , underground trains buses.",0.22777777777777777,0.4533333333333334,Sep 24 2009
3,3,"Great Place You Have Upper Room This place, like Central Hotel, all: great price, great location, great owners friendly helpful. The caveat is: book early, get desirable room. We booked late, ended basement room. It dark, dank depressing. Other basement rooms saw same; close 'breakfast room' (also basement, way) must incredibly noisy odoriferous (be prepared wake literally 'smell coffee' breakfast preparations start around 7:00 AM rooms!).The uppers saw looked way pleasant. The place clean, even dark depressing basement room, never felt scrungy. If get shut Central, whole street (Argyle) lined nearly identical hotels, looking better (eg. Alhambra) others (Princess). At end street Wardonia Hotel, looks upscale. This street great, quiet location, able find reasonably priced, pleasant place somewhere here. DO NOT blow money Novotel near British Library (often recommended various websites); quieter street half price tired looking Novotel.Fairway/Central owners proprietors especially friendly helpful.",0.22719907407407408,0.5571759259259259,Sep 24 2009
4,4,"Excellent Value. The Fairway reception across road Central Hotel, look inviting outside. On checking guy desk kindly offered carry case across road Fairway Hotel carried case room. Single room en suite, small comfortable clean. The windows double glazed, needed literally across road Kings Cross. Breakfast excellent, full English Breakfast available well cereals, cooked meats, cheeses fruit juice. Very friendly staff.",0.298921130952381,0.4696428571428572,Sep 20 2009
5,5,"Good location service room needed work This good value travelers budget, plan spending whole lot time room.Cons: bathroom needed re-tiled, never dried out. It kind nasty. The room hot, could used sort fan. Every morning, line breakfast room. We time wait, ended skipping breakfast buying something McDonalds Pret every day. The WiFi work first 3 days stayed there, work, slow.Pros: The location EXCELLENT. The entrance St. Pancras/Kings Cross station literally around corner. Six underground lines ton buses run there, meaning get almost anywhere London without changing trains/buses. The perfect home base explore London. The staff always friendly extremely helpful. WiFi always available Central Hotel lobby, OK. Other bathroom problem, room clean.I would advise London tourist stay area. There dozen similar-looking hotels block. Were better Fairway? I know. The Fairway decent, cheap place stay important workable flaws.",0.2496212121212122,0.6443181818181817,Aug 23 2009
6,6,"Good location tiny room! I stayed Mid- June parents, brother grown-up family vacation. The staff friendly helpful, room clean neat small!! We booked family room four us consisted one double bed two twin beds. We felt like sardines!! We either bed luggage floor vice versa time would nowhere walk. There also air conditioning I know common U.K? And boy oh boy hot! The bathroom clean quite cramped near impossible shower getting clean clothes wet, really small! The location excellent though, tons restaurants shops nearby. The breakfast good get early tiny room 5 tables.",0.12275094696969698,0.5225000000000001,Aug 11 2009
7,7,"staff/location good. facilities poor arrival found bed breakfast. room extremely small, badly need air conditioning. arrival found room window sellotape replace panes broken glass. general condition window poor state. indicated full english breakfast, case, served luke warm, beverages left lot desired. opion, bed breakfast standard basic accomadation, useing again.",-0.0346153846153846,0.3878205128205128,Aug 7 2009
8,8,"Great experience I staying again. My teenage son I stayed twin ensuite room second floor. The room clean, albeit small (cozy). There large clean window opened onto small balcony potted flowers. We slept window open street noises issue all. The staff polite, helpful freindly. Breakfast wonderful treat: sit table service delicious food. Not stale buffet many hotels offer. I usually like vary experiences going vacation I take chance staying anywhere else London. (By way, stay away Cromwell Crown Hotel. About price real dump! Like night day!) Just short walk toward tube station left couple blocks charming pub nice bookstore.",0.18300034506556245,0.49527605244996564,Jul 25 2009
9,9,"Small clean cosy We book short notice afetr discovered needed stay central London night. We steered clear hotels area fair favourably site.The location handy needed, minute's walk King's Cross/St. Pancras station. The area lovely bustling late, situated road full B&amp;B style guest houses.The built old Victorian/Edwardian style London terrace, certainly lot rooms crammed building, resulting much smaller average rooms. In double room, little enough room walk around bed. Having said that, many positives. The staff friendly, clean location (coupled fact allowed come go pleased) made ideal needed.If clean reasonably priced near handful major London stations (King's Cross, St. Pancras, Euston) probably good bet. Would probably still recommend Travel Lodge available though!",0.1884151785714286,0.5212425595238095,Jul 9 2009
10,10,"Very basic accommodation. Clean good breakfast great location The service OK. When got room saw twin even though booked double. The guy reception appeared care, attempted find us another room. The one showed us stairs dark went twin room. No apology discount.The room VERY basic also clean. For price I think fine.The location great. Very close Kings Cross Station, able jump underground easily get onto EuroStar leave London.The breakfast included good. The service girls kitchen excellent, food good. Full bacon, eggs, baked beans toast. As much tea coffee toast wanted. Great way start day.The location fantastic important wanted see lot couple days. The worse thing getting double room booked.",0.37798611111111113,0.5566666666666668,May 2 2009
11,11,"Very Good Hotel In The Best Location There confusion first arrived two seperate hotels company (Fairway Central). Many group didnt recieve rooms booked however, luckily room ok, got room booked. The room tiny, however adequate short stay. It generally clean tidy, small bathroom also good conditon. Fresh linen given daily basis, room also also cleaned everyday. The breakfast quite simple average, ordering sometimes difficult language barrier however, still filling set day. The location best thing, located directly across Kings Cross Station. The Underground ran directly room downfall however, isnt fault hotel. Overall, good providing quality service great rates. A small adeqaute base London.",0.2114444444444444,0.46540476190476193,Apr 7 2009
12,12,"Great Location Nice Hotel ! I stayed family Fairway Hotel last month.The location excellent. Just steps King Cross station, move easily anywehere London.The area excellent : Burger King corner, McDonalds around street, couple Indian Food restaurants less 5 minutes away, Excellent delicious Shawarma restaurant nearby, convenience stores around, etc.We got family room : One double Two single beds. The room really big lot space. Very clean. The bathroom rather small, clean works ok. Heating system kept room confortable. Wireless Internet worked room ok time.The Full English breakfast served basement restaurant. The quality ok. Reception across street, Central Hotel. Very friendly staff reception. On checking left luggage hours problem all.Overall good experience I recommend !",0.35374338624338625,0.4811463844797178,Dec 2 2008
13,13,"Excellent Location Comfortable stay Good prices We actually put Central Hotel right across street. We triple room nice, clean comfortable. It little small, really going stay room much anyways. The breakfast nice served polite staff. The best point location. Its right outside Kings Cross makes life easy!!! We used go London come back tired comforting dont lots effort get back lodgings. I loved stay I would surely recommend budget trip.",0.2930779761904762,0.49974603174603194,Nov 12 2008
14,14,"Good quality value Stayed couple nights. The Fairway Central owned family reception hotels Central.I booked double ensuite 2 nights Fairway that's exactly I got. A good-sized, clean room almost new furniture. The ensuite small, clean, &quot;wet-room&quot; type shower.The bed firm (a bit squeaky moved it!) comfortable crisp, clean sheets extra pillow blanket wardrobe.There tea/coffee making facilites hair dryer, plus free wi-fi internet room.The full-english breakfast included price good negative I walls seem quite thin unusual able hear people talking adjacent rooms.As &quot;converted house&quot; type hotels, lift stairs quite narrow.Be warned charge 5% surcharge paying card, price I paid (&lt;Â£60), I though excellent value.I would definitely use again.",0.1931818181818182,0.548800505050505,Nov 9 2008
15,15,Fairway central Well I booked room fairway ended central. I understand pretty much one same. Very last minute booking I meant staying hostel reading terrible reviews I chickened out. Paid Â£48 double room (no singles available). When I got I got offered upgrade en suite Â£9. I said thanks I got room central en suite anyway I'm glad I said no. Nice clean room. TV tea coffee facilities. breakfast 5.15am eurostar booked location included price though. Nice friendly staff fine checking early. The best thing location though literally across road st Pancras 2 mins walk. Was happy budget room staying travellodge again.,0.19041666666666668,0.5030833333333333,Oct 31 2008
16,16,"bad services We reserve good advertisement reasonable priceWe get reserved rooma small room top floornot good bed, suitable blanketsbad served douche together 8 people, water flew awayno save escape fire alarm, opinion dangerousnot enough room guests breakfast",0.10937500000000001,0.5770833333333334,Oct 15 2008
17,17,"Perfect Location Friendly Staff Just returned 2 week stay London. The room small, spend much time there...mainly sleep. The shower compact nice (plenty water pressure plenty warm). The full English breakfast filling kept us going lunchtime included egg, bacon, sausage, beans, toast, tea coffee orange juice. There also ham, tomato cereal available. Though I read reviews breakfast room always full, wait get seat one time minutes. The location excellent...just short (and I mean short) walk Kings Cross station could get tube lines. There's even entrance south side street cross road get station. We also able ride National Railroad Gatwick Airport inclined, catch Eurostar there. This anything hotel, stays days, I would recommend purchasing Oyster Card travel. It's pay go card enables ride tube well bus. The cost 3 pounds card easily add money card needed either station Post Office convenience store around corner. Tube rides deduct 1.50 bus rides deduct .90 pounds.The staff nice asked extra set keys, actually cut us new key room. The office across street Central Hotel, problem. I felt safe outside door kept locked must key (which provided) enter hotel. We need it, saw several travelers able store luggage office awaiting check in. We asked ground floor twin en suite room received it. Being Missouri, worried air conditioning, never needed. We stayed end June first week July temperature never issue. I see someone ground floor room, narrow stairwells could problem, especially large suitcases...since lift (elevator). There hair dryer coffee/tea making facilities well.Overall, extremely satisfied stay Fairway would recommend anyone planning spend whole lot time hotel. If wanting luxury pampering, need spend money book different hotel...but wanting spend lots time sightseeing taking city, place stay.",0.18840657404610894,0.49656473371589643,Jul 10 2008
18,18,"Okay short stay The reason I booked I want something near King Cross/St Pancras International station since I leaving Paris hotels fully booked. Indeed close station, 100m. I warned reviews reception located opposite Hotel Central. There lifts hence try request rooms lower floors large luggage you. I lucky room located first floor. I've booked double room. The room small space luggage one. Breakfast okay. No complaint there.The room clean well kept.",0.1336466165413534,0.39553884711779447,Jun 24 2008
19,19,"Just I looking central clean I stayed Fairway seems Central across road , share reception dining rooms seperate.The room though big exactly I looking for. I ensuite double , price central London I thought good value. The breakfast though allout buffet filling , English breakfast ,cereals small buffet. Friendly staff central. Eurostar across road.",0.11089743589743589,0.2884615384615385,Jun 3 2008
20,20,"Avoid... We booked room Central Hotel arrived told we'd checked Fairway. As soon go in, find landing seen better days. lifts, stairs narrow steep. could barely manage luggage turns. what's more, soon arrived first landing, full dirty laundry, left middle landing, leaving practically space guests go through.the room smallest we've ever hotel. clean would definitely stay 1 night.breakfast shame. claim full english breakfast. well, consists baked beans, oily egg and.... HALF A SAUSAGE!!!for amount money spent, could got much better hotel. try avoid it!",0.13472222222222222,0.35833333333333334,Apr 22 2008
21,21,"Good Location The located steps tube station bus stop.Small room toilet/shower, clean. Breakfast good enough, much choice. Reception across street Central Hotel. Note, pay credit/debit card, charged additional 5% fee.Wi-Fi worked Ok, I find place room good signal :)I would recommend short stay.",0.28787878787878785,0.4863636363636364,Feb 21 2008
22,22,"Great Location Four us stayed quad room, saying get pay . The rooms basic clean adequate ensuite tea coffee making facilities. The location great, 2 minutes Kings Cross took short Tube ride central London.Parking available outside cost Saturday afternoon 08.30am Monday easy find.I would recommend anyone looking clean basic accommodation within easy reash London's centre.",0.2708888888888889,0.48777777777777775,Jan 10 2008
23,23,"The Pits This low one could go. The double room single size. The toilet, basin shower fitted area toilet. The storage space virtually non existent lifts.Definitely backpacker stuff.",-0.027619047619047616,0.10285714285714284,Nov 5 2007
24,24,"Great Location! I stayed March 2007 1 night. I allocated room 12 ensuite room. It reasonable Â£48.00 per night. THE ROOM:The room well sized considering location. All furniture room matching pine. There double bed (even though Iâd booked single), 2 hooks back main door, chest drawers, wardrobe 5 hangers inside spare blanket. There kettle 2 cups &amp; spoons, coffee, tea sugar sachets. There 2 bedside tables lamps telephone, 15â TV remote electric alarm clock. There hairdryer working radiator.The shower room clean 2 hooks back door, shelf inside shower cubicle, mirror, wall mounted toothbrush / cup-holder, complimentary soap bar. Clean toilet toilet roll provided. The shower room small adequate. Towels bath mat provided.THE HOTEL:The located Argyle Street, meters Kings Cross Station. The reception actually opposite, âCentral Hotelâ. The dining room breakfast, included price. I time breakfast, cannot review part. A metres Burger King. There HSBC cashpoint corner. Then around corner large Post Office, Cost-Cutters, McDonalds, Subway takeaway, Indian Restaurant, Noodle Bar, Cafes, various newsagents. I dinner cafÃ© also eaten Noodle bar previous occasion. THE LOCATION:The Hotel located metres Kings Cross Station. Its ideal visiting London Business travellers due close proximity Kings Cross. OVERALL:A nice place stay. Very convenient location reasonable cost. Recommend it.",0.13544334975369463,0.32693760262725785,Jul 9 2007
25,25,"Different experience It difficult find low budget lodging downtown London, I spent quite searching place wife I. I actually booked B &amp; B website, I little surprised find old hotel. The location hard beat getting into, of, around London. They serve full English breakfast, pretty good, I think wife I English speaking people whole place. Walls doors paper thin long climb narrow stairs get room (if problem people). Limited options eating, etc. nearby, handy trains underground. Overall, paid, bad deal, particularly pleasant stay.",-0.022385912698412697,0.509077380952381,Jul 4 2007
26,26,"Be Prepared Location central. There nearby bars/restaurants I'd go planning visit touristy spots, right place.I NOT stay although I've booked room (and received confirmation) TWO MONTHS prior visit. I arrived hotel...go door sign saying something lines &quot;we're booked, go Central Hotel across street check in.&quot; At point...do I choice??? The fact room confirmed given away others outrageous. Central Hotel, also operate, listed lower rate. They even apologetic...nor offer give refund difference. Totally ridiculous!",-0.09136904761904761,0.5450892857142857,Jun 15 2007
27,27,"Stay Elsewhere! I'm surprised generally positive reviews led booking stay London.As budget priced hotel, I high expectations. However, I look decent bed, clean room pleasant service. The matress thin lumpy. The springs bed squeaked every move. The room thorough cleaning time. The carpet old, dingy stained. The bowl containing tea coffee packets hairs thick layer dust. The tea pot stained dusty. As service, women working dining room spoke mostly one another Russian paid litte attention guest except tried come end serving period. I saw refuse serve one family came 9 unable find available table earlier.As amenities, elevators. So, carry bags 3 narrow flights stairs descend 4 flights basement breakfast morning. They've blocked room phones making outside calls contrary information front desk pay phone first floor accept bills coins, I suppose takes calling cards. The wifi claim available rooms, go sit stairwell near first floor seating area. And worked intermitently there. Water limited commodity. And since someone else taking shower floor, I absolutely water output shower.The redemming feature proximity London Underground. It quite litterally around corner King's Crossing/St. Pancreas stop allows catch variety lines taking throughout city. That said, spotted probably dozen small hotels within two block radius. So, I would encourage consider one those. I next trip London.",0.04317087127431955,0.5126620888689855,May 28 2007
28,28,"funky affordable Funky affordable place stay London. With US vs. UK exchange rate, finding affordable place stay London easy. It conveniently located couple blocks Kings Cross/t. Pancras rail station, great airport &amp; Underground access. Check-in sister across street, easy figure out.We top floor, meant climbing 52 narrow, rickety steps luggage, easy task. We room shared bath &amp; shower &amp; never wait either.Although room size postage stamp, clean overall, carpet stained spots. The twin beds uncomfortable mattresses. The TV got poor reception &amp; 3 4 channels.There English breakfast included price, &amp; full, breakfast room always crowded, staff best get everyone served timely manner.",0.13690476190476192,0.5928571428571429,May 22 2007
29,29,"Great price location avoid basement rooms! My fiance I stayed bank holiday weekend last September. Some friends stayed highly recommended price location felt safe booking room there. The location right across King's Cross station really can't beat, price central London also great bargain. The quite nice little old. The rooms small B&amp;Bs London since spending lot time rooms that's ok. The website says rooms refurbished (and looks really lovely photos) obviously one older ones, shame still adequate. Our room wardrobe, bedside table, TV small washbasin. We never problems waiting go shared shower good. The breakfasts typical English fare, toasts, beans, eggs, juice on. Not fantastic quality definitely adequate. The thing really let us stay room location. We basement issue ended disturbed every night early morning rumbling sounds Tube trains passing underground. It close tunnels! So want take advantage location price hotel, sure get room away basement, unless sound sleeper.",0.22857266865079362,0.4700049603174604,May 2 2007
30,30,"Great value Great Location Yes room small, I could see window costs almost three times much. Now really, anyone travel London stay room? If enjoy sitting around room, may place you. Was fine couple adults.Rooms CLEAN well serviced. Breakfast hearty nothing special. Staff helpful. Laundry nearby.",0.34904761904761905,0.4871428571428571,Feb 12 2007
31,31,"A cosy gem near Kings Cross Station My son (23) I (52) London music gig &amp; wanted modest clean quietish one night. The Fairway perfect - room well furnished, clean, warm ensuite facilities, teamaking stuff tv. We really comfortable &amp; quiet night's sleep despite close Kings Cross station. The breakfast, included price, generous I definitely stay next time I'm London. Thanks manager helpful friendly manner efficient staff. See again!",0.24391339869281048,0.45424836601307184,Feb 12 2007
32,32,"Can recommended One best things meters Kings' Cross, excellent location.On first night assigned basement room horrible view, triple room asked making reservation. We therefore asked change second night moved nice room first floor. Breakfast OK dining room small, usually wait turn may share table guests. There two people reception, one nice much.All all, looking clean comfortable budget hotel, I would certainly recommend one.",0.1894973544973545,0.5021164021164021,Nov 22 2006
33,33,"budget gem My friend I spending one night (at short notice) London needed somewhere central cheap - got double ensuite Â£65 LateRooms seeing favourable reviews here. At low price bit worried would total dump truth. The room modern clean tastefully decorated neutral colours (no chintz clashing carpet) though small, certainly tiny. The ensuite consisted toilet, basin shower modern clean shower hot powerful. Plenty clean towels; extra blankets pillows wardrobe needed. Certainly enough space hangers even week's worth clothes. There plenty drawer space - furniture looked new actually. TV, hairdryer coffee/tea facilities room too. We find problem noise underground - odd faint rumble night live city anyway we're used degree noise. The location great - straight across road Kings Cross St Pancras need worry getting back night dodgy area - constantly busy people traffic, usual hustle bustle city quite reassuring midnight unfamiliar area. Can't comment breakfasts decided lie lunch instead there's Burger King doors coffee / pastries etc available across road Kings Cross station. Staff really friendly let us leave bags day saved us Â£12 locker fees. Wouldn't hesitate stay flying visit friends. Not kind place I'd spend days husband romantic trip I wanted chill room excellent base want bed night somewhere shower. Brilliant budget find.",0.11260864458538879,0.4475217289170778,Nov 10 2006
34,34,"near Kings cross station Just arrived back two night stay Fairway Hotel.Near Kings Cross station, clean staff nice.We basement twin room, tube could hear got used it. The beds need replacement proprietor solved problem giving us extra duvets put mattress bless!. The breakfast hot sufficient, It cooked asked it.Overall enjoyable stay, felt safe would recommend anyone wanting stay near Kings Cross Station.The staff really nice made stay pleasant",0.24230769230769234,0.4243589743589744,Oct 30 2006
35,35,"SMALL clean adequate...not bad I guess. An honest review... I stayed Fairway couple nights. Here thoughts:SMALL SMALL SMALL. I actually believe TINY single room was! When I first arrived hotel, lady front desk looked suitcase said &quot;You may leave us take clothes upstairs without suitcase.&quot; I asked said &quot;The suitcase fit room together.&quot; Neither suitcase particularly large. I trekked microscopic cramped stairwell went room. It TINY! I could believe small was...and woman right...my suitcase BARELY fit room I stand bed get suitcase room close door! When I shut door, actually scraped foot bed. There single extra inch space. Check photo....the room glorified closet...seriously.BUT....I guess place adequate spending time room. It clean tidy. There small armoir chair single bed. There also mini sink...barely big enough get hands in! I kept wondering could possibly for!The shared bathroom alright...small, clean I never wait, I guess I can't complain.The breakfast simple alright. They gave egg, beans toast tea/coffee. Not bad, I guess.The truth London ridiculously expensive. If wanna see city stay cheap, I'd recommend place students backpackers.",0.07008448540706605,0.4622119815668202,Aug 18 2006
36,36,"We Return Fairway The best thing itsSTAFF...they lovely people location train tubes King's Cross. We warned area bit rough found filled families business folks day.My husband I plus 3 friends stayed 3 different rooms Fairway different &quot;takes&quot; hotel. My husband I happy accommodations, although rooms small, perfect anyone wanting clean spot shower, change clothes, cuppa tea, sleep snuggly, enjoy breakfast take another day touring. This lounging room relaxing... compact. I also think people extended height girth-- might find bit confining people advanced age would find stairs difficult. One friend single problems hearing family next door... never seemed sleep, friends basement (nice room) heard tube 11 night early morning one must always careful night anywhere one stays.The British Library around corner, Dickens house within walking distance there's pub left (as step door) serves great Sunday lunch Marks &amp; Spencer train station....and tube line right there...what could want? Oh, price-- reasonable arrived I always able email questions received quick replies.",0.26426020408163264,0.5528571428571428,Aug 5 2006
37,37,"Clean friendly perfect location Perfect location, 3 minute walk King's Cross Station. Clean, friendly staff, ok breakfast. Rooms bit warm--they offer guests small fan. However, would definitely stay again.",0.37333333333333335,0.5800000000000001,Aug 1 2006
38,38,"Not TALL people!!! My boyfriend I tall, he's 6 4&quot; 5 10&quot; 4th floor felt like 10th! The staircase hell tiny, ceiling got closer heads went along draggin suitcases behind us. It like scene Alice Wonderland! We paid $230 bucks two nights! I think reasonable, considering tiny cot like bed even bend knees walk around get bathroom. The bathroom small I care even though I spent 8 hours it! DO NOT EAT THE HOT DOGS sold street vendors. Toilet smell bad least I know cleaned while. I'm glad got room OWN in-room bathroom. There one window room. You could barely stick hand feel air alley way. I minded entire stay cheaper...it's worth price paid. We paid 40 bucks huge room vegas that's expensive place!I stay again.I eat breakfast, see either....The staff could little friendlier.and f person made comments american's reviews. Screw Hampton Inn too, I'm contributing Paris Hilton's Jimmy Choo's.On positive note...kinda....security good. No humbug street walk in, door always locked. But fire floor...there window jump we'd decapatated way stairs.p.s. Remember eat hot dogs!!!!Happy Traveling!Pamela",0.036035353535353545,0.515040404040404,Jul 26 2006
39,39,"great value money exellent value money, helpful friendly staff. room clean bathroom, would recommend short break.",0.4129166666666667,0.615,Jun 22 2006
40,40,simple clean I stay 3 nights there. The room small clean. The location excellent safe. Breakfast sample many options. Overall fits short stays.,0.1925925925925926,0.49523809523809526,Jun 9 2006
41,41,"Great value! I stayed five days found perfect location, close tube lines. ThereÂ´s lot places eat take away around corner.The rooms bit small, cozy clean (they hair dryers coffee facilities). Breakfast fine try wake early donÂ´t wait.I went famous places enjoy everything weather. Try miss Camden Town Market Portobello. Good trip everyone!!!!!!",0.44433333333333336,0.671,May 24 2006
42,42,"Best Value London Yes, rooms small clean staff friendly go way helpful way possible. We stayed Fairway 3 occasions London. The proximity Kings Cross / St. Pamcras Station convenient numerous options close delicious meals reasonable prices - pubs, Indian, Chinese, etc. The breakfast simple ample make bit effort 'beat rush' crowding waiting.We consider Fairway good value money, compared central London choices.",0.25244444444444447,0.4848095238095238,Apr 29 2006
43,43,"Really Clean Perfect Location And Friendly Staff What Else Can You Ask For? I stayed family bed breakfast came visit London im international student, asbolutely clean towels changed everyday rooms cleaned daily well. I stayed bed breakfasts London never seen clean bedrooms like one. overmore, rooms enclosed bathroom quite useful small compared b&amp;b, bathroom ok u need comfortably wash urself. staff pretty friendly nice leave ur bags last day u leave u make ur time london. went bk bags 11pm everybody absolutely friendly time. breakfast ok, english breakfast 2toasts, egg, beans, bacon, butter, marmalade, continental breakfast 2toasts, cereals (there wholegrain ones raisings normal ones), cheese, ham, marmalade butter. would really recommend hotel, location perfect, literally near tube train station st pancras. even booked room stay place 2 weeks!!",0.2689351851851852,0.49876543209876545,Apr 12 2006
44,44,"Not ""lovely"" all. Less impressed got there. Although staff friendly, cannot say rooms. First, incredible amount stairs go luggage ludicrous! My boyfriend I 5'10 athletic build made sleeping extra small &quot;double&quot; bed disaster. The room shabby, obviously one newly redecorated rooms. The bathroom behind us toilet running water never stopped night. However, staff, again, nice arranged taxi us 4 AM. Although price right, room definitely not.",0.22434862012987017,0.5009537337662338,Apr 3 2006
45,45,"Not best I suppose ok price paid,Â£153 double room 3 nights.we disappointed full english brekfast!!this consisted 1rasher bacon,fried egg beans.no sausage,tomato mushrooms.there 5 tables everyones use meant wait turn.rooms typically english small,shower wasnt great water running bathroom room use.felt staff could friendly,they certainly didnt go way guests.when enter meet worn tatty carpet seen better days,this give good impression guests.if known many stairs going climb room day certainly wouldnt stayed here!breakfast served basement room 66 stairs climb!!on arrival thought never going get suitcase upstairs one offered help.",0.25315126050420167,0.4539915966386554,Mar 19 2006
46,46,"Great Location I expecting much first arrived pleasantly surpised I saw room. It small clean. The location right around corner, less minute walk King's Cross station convenient get around city airport. Hot english breakfast included rate 30 pounds per person per night. Breakfast consisted 1 rasher, beans, 1 poached egg, toast, tea/coffee, butter, jam orange juice. The staff friendly helpful. If stopping London days looking cheap, comfortable place stay, I would definetly recommend hotel.",0.2416592261904762,0.4726488095238095,Jan 25 2006
47,47,"Excellent value convenient location The Fairway Hotel absolute gem price category. Our room small, extremely well laid-out, spotlessly clean, freshly renovated decent taste. It small climb beds anything; floor space. We two comfortable beds, shower, bathroom door closed, TV, wireless Internet access, window could open, heat could control, electric kettle teacups tea. The drawback smell fresh paint (that's window could open came handy). There plenty hot water shower, although temperature control slightly whimsical, varying flushing water usage parts building.The management helpful allowing us check 10 am, even guests checked out. Maid service prompt efficient. Breakfast (egg, bacon, beans, toast tea/coffee) hot, tasty efficiently served.Here factors keep higher category: *a worn, still respectable, carpet stairwell *the unattractive (but sturdy easy clean) marble-patterned formica lines narrow heavily used stairwells*the lack lift second floor*the whimsical temperature control showerThat's it, really. For price (we paid Â£48/night), I'm willing live things. I'd rather spend extra money theatre tickets shopping.I bit embarrassed negative reviews Americans here. No, Hampton Inn, also sitting field next highway exit middle nowhere: convenient, quiet safe location one world's fascinating cities. So please let reviews scare away: fantastic value.",0.16624311294765842,0.5518939393939394,Jan 22 2006
48,48,Very good choice We stayed Fairway Hotel 5 nights.The room really small everything clean. The breakfast nice staff friendly.The location excellent discover London King's Cross station crossing tube lines. Great value money(68 GBP triple ensuite room).I stay again...,0.5052380952380953,0.6914285714285714,Nov 22 2005
49,49,Great Location best offer Absolutely great location use visit London. The rooms extremely small bed uncomfortable. The showers little temperature control shampoo provided. Breakfast quite nice. The staff friendly helpful. All would great rooms bigger.,0.31704545454545463,0.6136363636363636,Oct 23 2005
50,50,"Parva sed apta mihi C'mon guys, make trip discuss category hotels, wrong job: tourist officer Government! This simple hotel, humble ambitions, friendly owners good service, pay nothing comparison exagerated hotels.For Americans: please, come Europe, remember spaces different, can't compare old towns huge American ones.",0.05208333333333334,0.49434523809523817,Oct 6 2005
51,51,"Lousy The room extremely small âdoubleâ bed looked like glorified single bed. I measured small I would wake every hours make sure I hadnât fallen yet. The toilet seat plastic broken, complained front desk it, fixed enough last one use breaking again. The sink small I couldnât fit hands inside time (I donât large hands), could either burn hands freeze inside sink couldnât get warm water (because hot tap left cold tap right). The windows, although double paned, wouldnât lock, making easily openable outside (the front desk didnât understand could possibly safety issue). When attempted get breakfast, tiny room held 15 people completely packed capacity times attempted eat morning, went Burger King next door. One great advantage close subway station, making easy run away room, want step inside it.",0.07068452380952381,0.4242435515873017,Aug 12 2005
52,52,Good value family Stayed Fairway family room husband two daughters 12 16.The room little cramped tiny shower spotlessly clean serviced day. The breakfast either full English continental always offered toast drinks. The staff breakfast front desk friendly.Not luxury comfortable good base explore London.,0.2029166666666667,0.575,Aug 1 2005
53,53,"Very good value money Stayed June 2005, top floor corridor.All all, good value money aimed traveller's budget planning spend much time hotel.Pros- Price (134Â£ 2 people one room, 3 nights)- Clean rooms, beds made floor cleaned every day- TV room- Free Coffee tea room - Free English Continental breakfast included- Friendly staff- Pretty quiet neighbourhood- Close Kings Cross stationCons- Small rooms- Shared bathrooms toilets (at least price) though pretty clean floor- Somewhat thin doorsIf decide go there, find quick bite next door Burger King. I also recommend follow Argyle Street south-west nearby Leigh Street Marchmont Street find cheap really good pizza, pubs, good Indian food.",0.2778030303030304,0.5519696969696969,Jun 21 2005
54,54,Okay We stayed son Fairway April. The room bathroom small indeed. But everything clean. The bathroom ok. The location 1 minute walk King's Cross Underground station many lines passing thru. Location great.The Breakfast simple good value price. The price 65 Euro per night per double.It ok spend little time room.,0.2497916666666667,0.4827142857142858,Apr 25 2005
55,55,Good value money... We stayed Fairway Hotel Kings Cross last weekend (15.4.-18.4.)... say itÂ´s real value money...+++ great location - st.pancras railway station nearby (our train luton airport arrived there) - kings cross underground station 50m away... BurgerKing 20 away... :-)++ clean room+ fair pricesCanÂ´t say anything breakfast - always went pret manger... ;-),0.3516666666666667,0.5316666666666667,Apr 19 2005
56,56,"Good value/location I returned student trip Paris London. We stayed Faiway Hotel/Yorkshire Palace 3 nights. We arrived quite hours check-in kind enough let 21 us store luggage one rooms returned. There lift lug suitcases narrow stairs. The room husband I shared small cramped. We enough room open suitcases. The bathroom small. Only one person fit it. My main problem room (#24) took shower, super careful otherwise water would spill bathroom. We get extra towels clean mess. The breakfast quite hearty - eggs, beans bacon. The staff friendly. The location great - right around corner King's Cross station Picadlly Line. Ideal getting town shopping sight seeing. You'll find banking, pubs, restaurants, markets area. We found internet cafe mins away - important group kids wanting contact friends family. However, questionable dark. When one student phoning mother phone boot metres away internet cafe, stopped man trying get come hotel. Luckily nothing happened. Of two hotels stayed London, location best value, size rooms amenities, I would stay Putney Bridge Travel Inn.",0.1705612244897959,0.5755017006802722,Apr 2 2005
57,57,"A great inexpensive London place The staff extra friendly helpful extent providing battery charger allowing us leave 6 bags small office arrived early morning date check-in. The location wonderful--1/2 block tube train station . Also, bank corner. Very convenient! The room small cramped, well heated. It clean. The English breakfast good; however, items offeredupon request. Our stay 03/06/05-03/11/05.",0.1787878787878788,0.4022727272727273,Mar 24 2005
58,58,Great place great value.,0.8,0.75,Feb 16 2005
59,59,Location location location,0.0,0.0,Feb 7 2005
60,60,nice B,0.6,1.0,Jan 19 2005
61,61,Great wee gem!,1.0,0.75,Nov 24 2004
62,62,Great place,0.8,0.75,Oct 20 2004
63,63,Brilliant location value money,0.9,1.0,Oct 11 2004
64,64,Great value,0.8,0.75,Sep 1 2004
65,65,quite ok,0.5,0.5,Apr 14 2004
66,66,Charged credit card without permission,0.0,0.0,Dec 31 2003
67,67,Pied-Ã -terre formidable,0.0,0.0,Nov 22 2009
68,68,Assez bien,0.0,0.0,Nov 3 2009
69,69,Pratique,0.0,0.0,Oct 7 2009
70,70,ottimo b,0.0,0.0,Sep 24 2009
71,71,Potremmo tornarci perchÃ¨ ...,0.0,0.0,Aug 5 2009
72,72,Ottima posizione e rapporto qualitÃ prezzo,0.0,0.0,Mar 10 2009
73,73,fantastico,0.0,0.0,Dec 4 2008
74,74,Muy limpio bien comunicado,0.0,0.0,Dec 1 2008
75,75,lieber ein paar Pfund pro Nacht mehr bezahlt,0.0,0.0,Jul 24 2008
76,76,Sehr nettes sauberes Bed,0.0,0.0,Apr 3 2008
77,77,Accettabile abbiamo riscontrato dei problemi,0.0,0.0,Dec 17 2007
78,78,Sehr zu empfehlen!,0.0,0.0,Apr 28 2007
79,79,buena relacion calidad-precio sin lujos,0.0,0.0,Jan 23 2007
