,Unnamed: 0,Reviews,polarity,subject,Dates_extracted
0,0,"Comfortable B My husband I recently stayed Elizabeth Hotel Eccleston Square 9 nights. We chose location convenience near Victoria Coach &amp; Tube stations proximity Golden Tours starting point. We wanted affordable quiet room. Our room quiet clean comfortable bed two pillows apiece. By European standards, I believe room spacious. The carpeting wall decor somewhat worn bother us. There lot stairs, elevator well. The breakfast room pleasant, continental breakfast plenty eat - although full English breakfast available fee. All staff attentive friendly. There also reception room tea newspapers, although I would liked separate computer available customer use.",0.2823684210526316,0.48771929824561405,Nov 1 2009
1,1,"Great Location clean quiet good value My husband I 60, retired travel Europe year. This first trip London surrounding areas wonderful 2+ weeks. We booked Elizabeth Hotel (in Victoria Eccleston Square) based number good reviews Trip Advisor well recommendations couple travel books. We pleased stay Elizabeth. First: The location absolutely terrific. It near (just 3 blocks) Victoria Tube/Train Station Victoria Coach station 1/4 mile Buckingham Palace several great restaurants nearby (see below). Second: The VERY clean well maintained. Our room made-up/serviced every day 16 nights. Although features property bit &quot;worn&quot; (i.e., carpeting) nevertheless, quaint comfortable. The elevator small fine -- quirks -- instance: Sometimes get main floor, push desired floor button, doors close, sit minute, door opens still main floor -- wait minute, doors close go!) The elevator seems &quot;newish&quot; think might programming glitch something. We learned laugh guess would delay day not. We thankful elevator worked take us 4th floor room!We twin room (2 twin beds) although small, fine. We tiny nightstand 2 beds, small &quot;desk&quot; stool, small &quot;bureau&quot; drawers handy, plus small closet safe closet. We great, large window overlooking street lovely Eccleston Park across street. We pleasantly surprised quiet lovely neighborhood is. Even though close train, coach, subway stations/lines, never heard them! Walking late night neighborhood safe, pleasant, quiet.The side Elizabeth Hotel shower en-suite. The hand-held shower head &quot;holder&quot; never worked properly (despite request something it). We learned wash one hand rinse other. If fix shower head room 403 would great. Bathroom &amp; shower small managed --- pretty much expected London European cities we've visited.The front desk staff pleasant helpful (will provide assistance ask them) provide unsolicited &quot;tourist-type&quot; information. The kitchent staff incredibly hospitable, cheery accommodating. The included buffet breakfast fantastic (Fresh warm croissants, raisin pastries, warm small french-bread type rolls, white brown toast made order, juice, coffee, tea, 3 types cheeses, 3 types deli meats, yogurt several types cold cereal). You cheerfully greeted morning lovely staff member, asks would like tea, coffee, juice (orange grapefruit), fresh fruit salad. The coffee french press delivered fresh hot table. For extra charge, full breakfast (eggs, sausage, etc) also available. On days leaving early (6am) day trip, provide &quot;box lunch-type breakfast (cereal milk, granola bar, etc.)There several good restaurants within walking distance hotel. Several restaurants Wilton -- 10 minute walk hotel, including: &quot;Grad Paradiso&quot; (recommended hotel, good italian food, moderately priced comfortable, great lamb chops, pastas salads); &quot;Seafresh&quot; (great seafood, real ambience speak of, fish terrific, we're pretty particular); Kazan (turkish, fantastic lamb shanks vegetable dishes, service great); The &quot;Blue Jade&quot; (Thai food) around corner Elizabeth...food good, quiet, pleasant really hectic day sightseeing. We also dinner twice &quot;Buckingham Balti&quot; (on Buckingham Palace Road near Victoria train sation -- really good curry chicken tika masala). We ate pizza Prezzo (very large place, loud, crowded inexpensive) however, food mediocre -- great pizza Saturday night, terrible Pizza Tuesday night, pasta nights quite bland.All would definitely recommend Elizabeth Hotel Eccleston budget-minded stay great location.",0.25595634920634924,0.5657793650793651,Nov 1 2009
2,2,"satisfying two Danish couples stayed Elizabeth 8 nights. If return London we'll chose Elizabeth again. The rooms big - go London stay inside. The staff friendly attentive. The continental breakfast delicious staff best make sure everything right - weekend things rather busy, managed minimize waiting seated much possible. We'll back. Regards. Anette",0.38847402597402597,0.6149639249639249,Oct 17 2009
3,3,"Great location breakfast Our family four stayed one room Elizabeth Hotel Victoria, London. While lot space move around luggage, staff friendly, breakfast great (served pretty basement breakvast room), location convenient - easy walk Victoria Station Buckingham Palace. The Eccleston Square pretty quiet.",0.43690476190476196,0.7380952380952381,Oct 8 2009
4,4,"Very friendly staff! This centrally located, clean comfortable rooms. I agree reviewers chic elegant. However, warm welocming staff make this. I would certainly recommend others.",0.3405919312169312,0.6134920634920635,Jul 28 2009
5,5,"chic kind We spent pentecost holiday London slept The Elizabeth. We thought (according website) chic, not. Not rooms got style view website see. Not all. We got room 3 backsite. First I bit disappointed, I expected. But afterwards I happy room. It quiet bathroom also smal. And dthe staff friendly. The breakfast perfect. You ask key eccleston garden. Bring wine enjoy stay.",0.23522727272727273,0.6333333333333333,Jul 27 2009
6,6,"Cozy clean good location. We stayed almost 2 weeks London. Chose Elizabeth location, prior decent reviews reasonable rate. The included breakfast satisfying dining staff incredibly polite solicitous. They also cleaning staff, kept small room immaculate. To save costs, took small room shared bath. Not bad, room 5th floor elevator went 4th. No a/c quite warm, small fan helped measurably. Would recommend management put screen single window hooks hang clothes shared bath. Biggest disappointment internet connection lobby (not available rooms) work 5-6 days visit. That great inconvenience, spend money internet cafe check business emails, could access documents laptops. All guests access beautiful private garden across street hotel. Hotel several blocks Victoria station, yet still fairly quiet clean street Belgravia.",0.19214285714285714,0.5930380952380951,Jun 17 2009
7,7,"nice staf Good Hotel nice park front, close victoria station, staf helpfullthe breakfast good, rooms small, nice place , recomend price worth it.",0.42555555555555563,0.5888888888888889,Jun 9 2009
8,8,"Great location helpful staff. This older well kept hotel. Its three blocks Victoria Station. room family room (#12) street level. It probably room gets noise next reception elevator. Yet surprisingly quiet 10:00 p.m. The room worn look clean neat. The bathroom plenty hot water shower great pressure, light streams shower head. Towels fluffy largest I've seen hotel. Note : full hot english breakfast longer included, good continental breakfast choices cereal, juices, coffee, tea, fruit salad,toast, rolls, meats cheeses satisfy most. A full hot English Breakfast option. We found staff helpful, quick respond questions requests one minor problem room ( bathroom exhaust vent work) fixed . This modest priced gives good value.",0.276159420289855,0.5194202898550725,Jun 9 2009
9,9,"Great Location Filthy Room As dedicated follower Rick Steve's travel guides Elizabeth Hotel near Victoria Station I ever unhappy with. Positives: close Victoria Station, quiet location, good breakfest. We stayed quad room #12, 2 single beds 1 double 3 adults. It adequate space. Guests receive access beautiful private garden across street nice picnics.The room worn much plain dirty. The carpeting many stains felt extrememly greasy, light fixtures filthy/stained, bottom mattresses exposed top sheet (no bed spread) large stain housing keeping finished cleaning room. Paper products restocked. The bathroom vent operational - fixed 3 nights. Other things note, WiFi lobby only, english breakfest longer included room rate (although buffet include adequate). The staff locals limited help. As example: man asked could go traditional english tea city concierge suggestions bother pull 6 tour books sitting behind her.",0.11705837173579112,0.506221198156682,Jun 8 2009
10,10,"Wonderful service - Great The Elizabeth Hotel37 Eccleston SquareLondon, EnglandOur family three adults stayed The Elizabeth Hotel three nights Friday, January 29 Monday, February 2, 2009. Yes, Monday, February 2, day recent snow storm London. I e-mailed several times asking questions regarding accommodations making reservation always received prompt courteous reply. I booked two bedroom, one bathroom (with bathtub overhead shower) apartment (Flat 5) pleased choice.The Apartment - The apartment top floor (the elevator went one floor apartment apartment one flight stairs inside entrance door) lovely views park across street living room kitchen windows. One bedroom one comfortable double bed, dresser lots drawers closet hang clothing. The twin bedroom two twin beds closet also. The living room one couch one chair, TV lots space. The kitchen well equipped microwave, surface stove, oven, refrigerator, dishwasher washing machine. The furnishings comfortable whole apartment SPOTLESSLY clean. The hot water took get hotel's top floor always plenty it. The bathroom amenities (shampoo, lotion, bar soap) replenished daily well fresh towels delivered. The Elevator (The LIft) - Yes, small creaky always worked appreciated. The Breakfast - Two nicely decorated small rooms excellant full English breakfast could cereals, danish rolls, warm croissants fresh fruit salad (very good) available. Pots tea delivered table smiling staff. The waitstaff amazing job serving many people, always greeting smile small amout space. Yes, one morning need wait five minutes seated, !!!! The Location Hotel - Perfect making connections either Victoria Bus Train station. Truly easy ten minute walk (maxium time) station. A taxi cost less five GBP station hotel. The blocks around mix private homes (beautiful old buildings), B &amp; B's, hotels restaurants. A walkable area.The Hotel Staff - PERFECT - We arrived early Friday AM (9:00 AM) adult son feeling well overseas flight United States. Immediately receptionist, Monika, found clean available room could lay down. This help much appreciated three day stay I contact Ann, Sopie Simona different occasions one professional helpful. Extra service always smile. From help ordering dinner delivered one evening using lounge computer, supplying us cold bottled water, giving accurate directions making arrangements ahead time private taxi pick us 5:30 AM morning departure (THE snow day) - Everything great customer service.The Cost - Very reasonable considering London expensive city. So, YES, I would stay hopefully get chance to.",0.2661050496886974,0.5087452107279693,Feb 14 2009
11,11,"A good experience... We decided spend days London Christmas family Bucks. found Elizabeth internet - checking reviews together lots others. You feel looking needle haystack hope best disappointed. We brought frozen food family I called home staff kindly promised put freezer stay 4 nights.Our room small, admittedly, room really place suitcase except beds, hand comfortable. The bathroom clean shampoo, body lotion etc. possibility make cup tea coffee really appreciated. Breakfast sumptious tasty, well prepared quickly served. The staff reception well breakfast room kind attentive. We shall doubt return again. Again, reading reviews bit surprised relatively negative. We cannot way subscribe them. With old house make space cannot expect given ballroom nooks crannies find houses.",0.2588095238095238,0.5190476190476191,Jan 6 2009
12,12,"A great place stay London. We stayed Elizabeth September,08. The conveniently located near Victoria Station, rooms nice resonably priced. The english breakfast good well. I would recommend all.",0.48200000000000004,0.5860000000000001,Jan 1 2009
13,13,"Best Place stay London I stayed many hotels london, never satisfied time stayed The Elizabeth Hotel Victoria. Staff friendly helpfull. Breakfast cooked liking served hot you. well huge selection Continental breakfast. I would definatly come back back london next time place makes fell home.",0.3486111111111111,0.4666666666666667,Dec 9 2008
14,14,Nightmare experience! I booked travelstay.com I previously. I found staff lacked manners-I appreciate greeted Sexy. This inappropriate. The room looked alright first glance I experienced budget hotels I woke covered huge red weltsifrom bedbugs. I managed squash one. My face covered large red bites go day. Really! money I payed I expect leave bad shape!,0.08400488400488401,0.44300976800976805,Nov 9 2008
15,15,"Great location good value We recently returned UK. We stayed four nights Elizabeth Hotel 37 Eccleston Square. It excellent value. The location super close Victoria Coach station lots restaurants/pubs, etc., within walking distance. The room small, London. It clean adequate. The tv small work well care go London watch t.v. The staff pleasant even web check us night coming home. The rate included full English breakfast small adequate. menu offers following: egg, bacon, sausage, beans, tomato toast well tea coffee. They also offered juices dry breakfast packaged cereals. We always got right away maybe Oct. busy, seem quite full.I think looked real life good website nevertheless I would recommend someone wants good location, bathroom, breakfast, VAT included. If book early website get better rate. We paid 105 pounds per night. For London, think bad. It far luxurious provides good clean comfortable bed good breakfast.",0.2745535714285714,0.49851190476190477,Nov 6 2008
16,16,"Second stay The rooms small even London standards hallways like rabbitâs warren. The bed comfortable, shower stall small.The breakfast service decent Standard English menu, menu every day.The font desk staff fairly indifferent incapable verifying flight schedule.",0.13518518518518519,0.35462962962962963,Oct 17 2008
17,17,"Asked taxi set pirate cab Stayed Hotel 1 night Sept 2008. Familiar area , close Victoria Station. Hotel 2 star terms quality rooms; 19th century townhouse converted minimal updates. Requested taxi 06:00am another train station catch train Holyhead. We quoted approximate cost 10 Pounds front desk staff. Next morning private car arrived 06;00, taxi told cost 25 Pounds! We flagged taxi paid 12 Pounds ride. The taxi driver told us London full pirate cabs &amp; probably Elizabeth female staff member booked ride receive % kickback fare refer pirate cab company. I mind someone earning commission expect someone acting behalf act interest. I would never deal business abuses trust way one reason never return Elizabeth.",0.007716049382716046,0.3422839506172839,Sep 23 2008
18,18,mixed feelings 3 days elizabeth long trip nZ. caught train heathrow Victoria walked Elizabeth. The location great found minutes. The rooms great family split 2 rooms long way eachother. The rooms clean really really small good condition. would stay couple small kids. The breakfasts really good generous.,0.2333333333333333,0.48636363636363633,Sep 20 2008
19,19,"Well worth money Having read mixture reviews I kept open mind expect arrival hotel. Having returned I would certainly recommend anyone. The staff pleasant helpful. The room ( family room) clean tidy breakfast absolutely delicious. Although queue table, forwarned information booklet times avoid. For travellers want accomodation good central london you.",0.43492063492063493,0.6097883597883599,Sep 12 2008
20,20,"It's okay nothing special Booked double room, given 5 bed room upon arrival clean basic, tiny bathroom considering meant 5 people!Beds soft, quite comfortable; room quite hot, fan enough cool comfortable temperature.Breakfast adequate, expect huge quantities.Luggage room real bonus, allowing leave luggage securely arriving early departing late.Staff quite friendly morning checkout. Checkout 11am. It 11.08am reached reception almost shouted receptionist overstaying time, tried charge us extra Â£15, despite mentioned listed anywhere beforehand, unfortunately spoiled otherwise perfectly acceptable stay.Overall, bad, reasonably priced great location.",0.2546634920634921,0.5600126984126984,Aug 19 2008
21,21,Great location needs face lift Positives - great location. Otherwise little overpriced basement room ripped carpet mouldy bathroom. Some staff great like one organised air conditioner booked months seemed record of. (she gave us one room needed small airless room).But aspects service leave something desired like fact book airport shuttle services you. Breakfast pretty ordinary extra thin toast one morning husband asked 2 rashers bacon told policy one rasher per guest. As I ordered cooked breakfast I ordered rasher bacon asked put plate! This last stop 6 week European tour lot luggage bought set scales make sure weight OK. We left staying available you.,0.18515625000000002,0.5284722222222222,Aug 19 2008
22,22,"Great Staff We stayed part Rick Steves tour. The staff friendly helpful. The breakfast (included) always served hot smile. The rooms clean neat however beds old (you fell middle night) rooms small. The location great, close Underground, buses, trains.",0.31712962962962965,0.48888888888888893,Aug 4 2008
23,23,"friendly great kitchen staff yes may need updated cant buy smile strange city .This old city old hotels .When lot countries look good clean bed good breakfast good smile . Yes stairs small rooms old bath room spit polish cant hurt ,but would",0.2918650793650793,0.38492063492063494,Jul 23 2008
24,24,"For price cheap dumpy! If cost 50 pounds less would fine -- room standard amenities, small like cupboard I went sort maze stairs get old house. But bathroom look clean bed uncomfortable, 150 + pounds charge really find better this! At best clean quiet small hotel, frills, ambiance enjoyment merit high rates.",0.16739583333333333,0.453125,Jul 17 2008
25,25,"Untrustworthy - Would NOT Recommend! Upon first glance, Elizabeth seemed nice family recommended Rick Steves tour books. Wow, misled! We booked room family four (dad, mom, two children) w/ en-suite bathroom four months ahead time reconfirmed accommodations three weeks prior arrival. When arrived check-in, rudely greeted informed family room reserved guaranteed &quot;closed.&quot; The desk clerk informed us would placed two side-by-side double rooms. As climbed steps top level, realized rooms actually opposite ends hallway guest rooms . To top off, en-suite bathroom facilities promised charged extra for. We promptly informed desk clerk going work. We informed rooms available night, apartment would available next morning would moved would accept accommodations evening. With little choice, complied find next morning family apartment &quot;sold night.&quot; Our family VERY DISAPPOINTED accommodations, bait switch tactics practiced hotel. When asked speak manager two separate occasions, manager found come day. The manager never contacted us. No one offered accommodate family way. On morning departure desk clerk actually apologized leaving stated felt &quot;treated dirty.&quot;As far accommodations concerned, rooms small. The sheets bed large rips holes. The television antiquated channels worked. I would definitely NOT recommend due poor customer service untrustworthy tactics.",0.02078341013824885,0.45522273425499227,Jul 8 2008
26,26,"Lovely retreat Stayed three nights April. Beautifully situated, gardens across road real treat - private park heart Victoria.The location fantastic - five minutes excellent links parts London, easy walking distance West End, Knightsbridge, Hyde Park etc.The breakfast adequate - look like photo website, varied filling. Tchibo coffee demand definate advantage! There loads good local restaurants, menu St George's Tavern, 3 minutes away, excellent good value.All provides excellent value money terms London hotels, I would qualms recommending booking again.",0.5650000000000001,0.6694047619047617,Apr 29 2008
27,27,"Great Location trust 'em We found apartment service hard time finding one room 5 us. After reading reviews, including mention Rick Steve's, booked 7 nights. Great location, 5-10 minute walk Victoria. Eccelston Square provides nice ambience. Interior typical London/European hotel, nothing fancy. Not sure deserves 3 star rating. I recommend need Concierge staff provide guidance. The staff's limited English skills makes communication beyond basic needs difficult. I upset fast one tried pull us requested taxi early Sunday morning Heathrow. They fed us line taxi's charged double rates Sundays (wrong) black taxi's wouldn''t able take 5 people luggage (wrong). Their rate 65 bp 15 bp greater black taxi meter. If later day, could probably negotiated something less. There enough London options, I would recommend one. Also, beware use room's phone call cell phone, rates ridiculously high (they card room showing rates 12 minute call London cell phone 19 bp - $38). My bill also showed three phone calls mine.",0.04827838827838826,0.49506715506715504,Apr 27 2008
28,28,"Standard European Hotel There appears one Elizabeth Hotel London. The one stayed quiet street row houses near Victoria Station. It 2 minutes coach station 5 minutes train/underground station. The basic European hotel. No frills, clean room nice bed. Though cold even snowed there, room hot. The window left open I'm assuming ones hot. We slept window open fan window still hot. Our room 4th floor elevator small. Once got 4th floor walk narrow staircase get room. I felt like I rabbit's hole. The staff nice allowed us leave luggage arrived check-in. We slept late breakfast smelled wonderful. We London 2 nights served purpose. It affordable London. I would stay again. After reading reviews Elizabeth sight, sound like obviously not.",0.11100427350427348,0.5518162393162394,Mar 27 2008
29,29,"ok worth money Stayed one night boyfriend. Looked pictures info internet thought looked really nice.Location - hard find knew easy walk tube station.Staff polite helpful. Paid alot money, find room disappointing. I asked double bed although relatively comfortable, small thin sheet cover us! Bathroom extremely small view window - horrible. Room right temperature.Overall clean London all, dont get much money.",-0.018865914786967416,0.591046365914787,Mar 25 2008
30,30,Not worth money Was offered meeting - someone else paying - looked web site pleasantly pleasedWhen I arrived room OK - basic quite large en suite (it annexe outside)However I disturbed night - dont know air traffic factor - air con unitsStaff helpful wouldnt offer refund explanation change roomI needed stay another night however didnt want stay I went street got room Jubilee Â£40 less - I slept much better thereI wont go back,0.14216269841269838,0.37182539682539684,Mar 19 2008
31,31,"Typical Bead Breakfast The Elizabeth Hotel typical London Bed Breakfast quiet, up-market square. We styed one night adequate enough. It clean, quiet generally pleasant. The room (a double ensuite) fine, nice view square, little small, afterall, one night I think I would liked spent week there. When arrived, registered quickly luggage taken storage us. We went see show evening arrived back late (around eleven o'clock). We quickly let whilst travelling back late hour, unpleasant people loitering street. The Breakfast next morning nice, small, however edible same.",0.10431547619047621,0.5050595238095238,Feb 24 2008
32,32,"Very nice good transport links Me family four spent weekend London, decided 'The Elizabeth Hotel' looked like nice place single nights stay.When got front door impressed area in. Whwn rang bell first time, door unlocked, moment one front desk. We stood front 5 minutes, finally opened. This problem whole visit. We told polite receptionist reservation, confirmed it. As 10am able go room, told would ready 2pm (we told via e-mail advance). This would problem suitcase big enough hold everything needed four people weekend big one (trust is!), would hard haul around London 4 hours. The rceptionist said could leave bags room hall ws conveniant.The journey room reception bit like maze, adds charm think. The quad room small big enough 4 people. It thoroughly clean, always important, bathroom also completely functional. We walked home Victoria station Saturday night 11pm, felt completely safe. We got problem got room. The rooms warm (this February, heating on!), although takes lot get hot bed, I ended lieing top duvet. The bed perfectly comfy. The people us made bit noise moving around, noisier would expect footsteps be. Although 5 mins really problem.The breakfast efficient, nice atmosphere, food nice aswell. The staff throughout stay polite, always good. The checkout efficient, oerall stay pleasing. Just add nearby underground coach station extremely conveniant stay.",0.25333928571428566,0.5611071428571429,Feb 6 2008
33,33,"Cheap Nasty Hotel! I booked three person room private bathroom one night, told guy arrived losing money booked one night could sold someone nights. As told - problem, however continued ranting raving even got room - rude unwelcoming. The room 5 beds reason quite mediocre, matresses ok. It ground floor right front quite noisy night. It said private bathroom side hall - toilet didnt work nearly overflowed flush pushed. The private bathroom resembled something like smelly train station, manky smelly, concrete floor, shower level toilet drain floor denote shower - whole bathroom wet shower on.i booked internet photos looked quite ok, misleading. This area whole heap hotels would highly recommend viewing booking internet like one. Any hostel matter better wannabe-hotel. I definately going back!",0.06800170068027211,0.5143112244897959,Jan 1 2008
34,34,"A fair note based price range I London, early Nov, husband 1st trip Europe Singapore. I see mixed comments abt Elizabeth fair, I say better BB areas, price range, rooms breakfast wise.I also stayed Surtees nearby hotels strengths weaknesses.Elizabeth HotelStrengths: clean room, clean common toilet (if opt room without ensuite toilet), nice, warm, hearty English breakfast. We stayed top level lift goes 4th level, 1 level climb still manageable us.Weakness: bed soft lumpy, ended backaches stay 6 days. The problem got better got Paris BB much harder bed. My husband serious back problems, main reason return Elizabeth future unless change beds.Surtees Hotel:Strengths: price paid double bed room without ensuite toilet, place offered ensuite toilet. Bed harder Elizabeth, i.e. backache inducingWeakness: Stairway even narrower Elizabeth lift entire hotel. We lucky 2nd level. Breakfast toast, fruits cereals, cold satisfying all. There also proper luggage storage area, deposit luggage checking out. We told leave near main exit!1 last tip:do NOT travel London anywhere Europe heavy luggage. In Singapore many Asian cities, come from, pampered subway/metro stations escalators/lifts platform way ground level. But Europe, subways oldest world, stairs. Having backpacks manageable trolley bags way avoid straining yourself.We glad travelled 2 small bags 1 big one. I feel absolutely sorry tanie31, fair, I say BB hotels price range similar London, better prepared way avoid bad experiences. Remember, London old city, buildings like Eceleston Park Victoria, 100 yrs old, expect? Also rooms London BB small, small hardly walking space laying trolley floor- prepared...",0.08471354166666668,0.45346354166666664,Dec 11 2007
35,35,"Absolutely terrible I stayed The Elizabeth Hotel May first overseas trip Australia. After 23 hour flight I arrived find room ready. I able wash face etc smallest toilet/bathroom ever. When I arrived back go room I found I top floor. However, lift go way top floor I drag 20kg suitcase 2 flights narrow stairs. As small girl travelling proved little difficult! I stage dying shower.....After 5 minutes running water I went reception tell shower cold told unfriendly reception staff need run around 15 minutes!!!! What waste water! It got worse cause afternoon boiler broke hot water rest stay. Just need 's cold outside sightseeing day. So, whilst location ok, breakfast ordinary, staff quite unfriendly, room bathroom small need invest new boiler lift goes way top! London fabulous I would never stay recommend EVER.",-0.018439078282828286,0.5593967452300787,Oct 29 2007
36,36,"Very Nice Hotel Great Location We opted book studio apartment two us want crawling twin room. It good choice, kitchen nice stocked every utensile needed,including toaster, kettle microwave. The room 1 twin bed 1 double sofa chair table tv. It also hairdryer fan bathroom normal sized tub shower shelves put toiletries. There amenities bathroom, shampoo etc. generous towels, also coffee, tea,chocolate etc. provided kitchen.It nice go morning power sightseeing pick sandwich come back room put feet cup coffee. Then would head afternoon sightseeing come back drink nibblies heading dinner. We always cheese pate picked one local delis.Lots great resturants area deli's food stores pick food. There several places Victoria station five minutes away pick food. We saved lot money studio bring food back to.The breakfast room quite pretty lace table cloths nice dinnerware. The breakfasts best I've ever London. Absolutely everything would want. Cereals, yogurt, fruit, eggs cooked order bacon sausage, toast, coffe, fruit juice etc.Yes elevator small, new mirrored make seem claustrophobic.Only complaint would beds little hard run shower quite get hot water morning. I can't speak size twin double rooms see studio comfortable. And yes carpeting shows little wear, however Sheraton.Someone another review said charged 30 pounds long distance using phone card. We inquired told could happen dial 9 get outside line negates phone card number calls countries 3 pounds minute. We phoned Wales room charged 30p per minute, came 1 GBP entire call. So info misleading.In thought nice hotel, terrific location would go back again!",0.19925579322638146,0.5248885918003565,Oct 16 2007
37,37,"OK London Stayed 2 nights room 18 4th floor. Small twin room front overlooking garden.Reception desk lounge office side desk.Small lift 4th floor quite slow.Narrow passage way rooms.Small twin room tiny shower room. Not much space suit case etc. T V, telephone,hairdryer,tea tray/kettle fan. Good breakfast basement.Paid Â£110 night.Not bad London. 5 minute walk Victoria station.Take exit platform 1 / 2 . Turn right station. Cross road top,turn left infront Comfort inn, right Eccleston square.No 37 left end.",0.06558441558441559,0.358008658008658,Sep 16 2007
38,38,"Great location old cramped We stayed small nights late July first night, felt like paying much necessary quiet clean neighbourhood. There hotels within block considered booking travels. It already late us move, stayed put.This offers variety rooms apartment suites, convenient us since large group. While suites quite tight, offer everything advertised, including full kitchen mini appliances washer/dryer combo unit. Still, building old flooring washroom felt aged dirty. The bathroom sink clogged hair previous guests felt like whole place needed good scrubbing.We read reviews trip quick book a/c unit making reservation others recommended. However since happened unseasonably cool visited, returned device first night. The a/c unit costs GBP 9.95/night takes fair bit room space already rather cramped.Our suite top floor (4th floor), nice since people us. The elevator seems new, small slow, stopped us couple times stay, though always managed get next floor. There staircase, runs suites I imagine would get quite noisy. The one suite ground floor next elevators stairs &quot;Do disturb&quot; sign hung whole time, I took reminder thin walls were. Wouldn't want get stuck room!If going take advantage breakfast included room rate, I suggest going extra early. Near end, wait long get table kitchen run everything cold cereal.Also, sure test room safe. While worked fine, one relative's room opened using code set combination 123456. The near Victoria station, still 5-10 minute walk away. There restaurants, pubs shops area, pretty convenient. We never heard traffic voices street. The front desk friendly, times questions find anyone. They're supposedly staffed 24-hours, clear contact someone anyone physically there.All all, decent stay here.",0.09020079622758193,0.4399507833436405,Aug 8 2007
39,39,"Bed Bug Palace! I writing warn fellow travellers. The reviews mixed - I decided take chance offerred apartment style room, suited long stay needs time (1 month). The facilities met expectations I gained web surfing hotel, I initially happy decision stay hotel.After one week I started notice irritating bites skin areas covered pyjamas. At first I thought insect must bitten time day, bites increased number obvious next days. I confused I bitten, soon suspected bed bugs. When I raised issue manager, complaint dismissed. After making fuss, room sprayed, assertions bed bugs. Ultimately - I caught several presented evidence night manager. I given another room night. In chain excuses, manager claim I must brought Sydney - even though clearly case aas I directly travelled home, Sydney.Management showed little interest solving problem, ultimately I moved another (the Lime Tree - much nicer sympathetic plight hands Elizabeth Hotel). Management Elizabeth Hotel made apologies me, acknowledgement sleepless nights I endured, embarassing skin disfigurement caused bites. There also offer compensation inconvenience, cost I incurred laundering clothes ensure bugs follow me.Management Elizabeth Hotel demonstrated embarassment situation, sympathy plight making.A situation like bad luck beyond eliminate possibility. However, response well within capability management deal with. Management showed uncaring attitude hindsight evident many reviews.I doubt bed bug problem would noticed short stay, guests would simply assume insect bite time, would able track back hotel.My experience tips balance mixed reviews well negative side. Travellers advised stay away - better hotels area equivalent better rates.",0.08579545454545454,0.4588023088023089,Jul 23 2007
40,40,"Fine Hotel close Victoria Station Our party six spent one night Elizabeth Hotel June. Overall felt worked fine us. It convenient Victoria Station. The outside beautifully done lovely flowers I would highly recommend like flowers/gardens get key front dest private neighborhood garden. We enjoyed wonderful walk garden evening arrival. The rooms seemed clean decently appointed although throughout definitely &quot;worn&quot; feeling. The linens, furniture, etc. need updating. The staff pleasant helpful. The breakfast fast, however fast, plates brought incorrect orders seemed kitchen quickly putting plates together - necessarily cooking order. Overall, okay I think may able find something better comparable prices.",0.29773333333333335,0.5589333333333333,Jul 18 2007
41,41,"Decent close Victoria Station My husband, daughter I stayed one night. It convenient Victoria Station &amp; Gatwick Express. We third floor. The room small, OK three us. We book air conditioner advance, helpful. It's portable one using it, window must left open; much noise though, problem. The beds comfortable - double bed sagged middle. The bedspread stained, overall room clean. The safe nice feature. The bathroom clean, tub difficult get of. It extremely slippery, mat nothing hold to. The breakfast good.",0.16447368421052633,0.4666666666666667,Jul 14 2007
42,42,"Wouldn't Go Back The Elizabeth looked attractive outside fairly quiet street, across pretty private park. Our room reasonably spacious clean. The beds uncomfortable--minewas hard lumpy. In six night stay, sheets changed last night--after second note I left requesting changed. The safe blow dryer work. There twenty minute wait seated indifferent breakfast.And staff quite indifferent guests. One day way out, clerk sitting behind desk nothing, new arrivals rang doorbell knocked door. We felt quitenervous night coming back tube station, homeless people hung end street. The air conditioner interesting portable contraption every four hours would sound alarm cut emptied water collector. I definitely would stay again.",0.12673160173160172,0.4295815295815296,Jun 19 2007
43,43,"Better Thank Expected I spent 3 days June Elizabeth hotel. I booked triple room. The room small livable. The bedding needs upgrading.The breakfast good. location excellent. It 2 blocks Victoria station. Although little seedy night, problems.There seems many B&amp;B's area. I check prices, I can't compare. Overall,if I find comparably priced NAME ,I would stay again.",0.2578125,0.5,Jun 12 2007
44,44,"Great B Stayed Elizabeth Hotel 3 nights enjoyed stay much. If want get away large chain hotels, consider Elizabeth 37 Eccleston Square, Victoria, London. The Elizabeth delightful bed breakfast close amenities.Staff friendly welcoming certaintly best breakfast (included price) I long time hotel.",0.5264732142857143,0.5610714285714286,May 11 2007
45,45,"quiet loud Remember - UK rooms toilet. The room reserved shower sink, toilet hallway. We ended changing got there, sweet let us so. The 8-10 minute walk Victoria train station (where Gatwick express metro are), 5 minute walk Victoria coach (bus) station, 15 minute walk see Queen Buckingham Palace. The breakfast included room's cost, pretty tasty. They cereal, juice, coffee, breads, eggs meats made order!",0.2001190476190476,0.5683333333333334,Apr 16 2007
46,46,"It getting better visit! I guest Elizabeth Hotel since September 1979 although tariff gone significantly, service amenities. The located charming quiet neighbourhood, short walk Victoria Station. It also serves one best breakfasts city THE BEST Orange Juice, ever!!As I frequently stay here, I thought appropriate finally review stays here. Very nice, clean, highly recommended.",0.43974358974358985,0.6044871794871794,Apr 10 2007
47,47,"Reasonable Central London comfortable rooms I stayed &quot;The Elizabeth&quot; June 2006 two roooms- one 80 year old grandmother.Rooms: Failry spartan, comfortable. My room shower basin, toilet. My grandmothers Ensuite. Airconditioning additional charge, normally necessary London.Location: Great. 7 minute walk Victoria Station (tube, National Rail, shopping, grocery). Restaurants around corner plentiful. Cabs stopped right outside hotel.Hotel general: Pleasant breakfast room, comfortable reception area, friendly accomodating staff. There also lovely garden accessible key reception.I would absolutely stay again. The price good central area London.",0.26765306122448984,0.5801133786848073,Feb 20 2007
48,48,"Excellent Location My husband I stayed The Elizabeth (on Eccleston Square) Victoria, London 4 years ago. We booked stay past October 2006 value, location B&amp;B atmosphere. Although prices gone little past 4 years, still reasonable todays market price. The location blocks Victoria Station, makes convenient reach place want go London. The facility nice Victorian era feel it. There one lift change floors on- problem may want request ground floor room. The full English breakfast excellent included price room. The staff seem locals friendly. Both stays able drop bags check go start vist London. I satisfied stay would highly recommend friends. There area close enough walk Buckingham Palace St James Park. The area felt safe-which always case London. Of course, one always aware ones surroundings. We plan stay next time go back 2010. Also, get London Pass Transportation Pass (tube buses). If planning visiting 4 sights well worth made nice search change entrance bus tube fees. Enjoy stay spend fortune Elizabeth Eccleston Square Victoria, London.",0.2654166666666667,0.5164583333333332,Nov 28 2006
49,49,"without flaws definitely return The Elizabteh Hotel better I expected, again, I expect much based mixed reviews I received. So high expectations, may place you.I stayed 3-6 Oct, travelling alone. I room 4th floor, quite alright given lift. I also felt safe staying female lone traveller. The weather good, I need fan open windows wide room comfortable temperature ventilation. The single room small, sufficient. It nice picture website, alright me. Also, kettle provided room boil water looked bit dodgy - heating coil looked like coated funny looking layer. But hot water readily available lobby, tad inconvenient, able fill water bottle easily. One thing I like floorboards seem loose walls bit thin... people staying next wake early/sleep late, prepared disturbed, case me. I found noise floorboards thin walls annoying. However, area nice quiet, pleasant. The location average me. A bit disappointed service. I arrived slightly 1 hour earlier informed room ready, I could check-in stipulated time. So I spent time reading lobby waiting check-in time. Apparently, room ready check-in staff inform me. I saw one family checking go ask staff I could check in. It inform I could. So bit annoyed this. In addition, housekeeping replace stuff upon removing them, e.g. bathroom floor mat . However, staff generally friendly, polite, helpful.Pleasantly surprised breakfast served. It tasted good, food arrived warm quite soon ordering. But warned breakfast room cleanliness freak. I sat table breakfast days noticed table cloth stains every day. But cutlery clean, bother me. Overall, stay quite pleasant, I would definitely stay I visit London again. But particular quality, might find disappointing.",0.08870336453669786,0.5577503052503052,Oct 17 2006
50,50,"Quaint But Disappointing We chose Elizabeth Hotel proximity Victoria Station recommendation travel guru Rick Steves. While facility charming, leaves much desired.When arrived, sent basement room. It cramped hot. Upon calling office told fan closet. It help. We moved another room upstairs windows bedroom bathroom, ventilation. However, room nowhere near elevator. We either haul luggage 5 flights stairs take elevator come 4 flights stairs.The made several buildings, confusing navigate, even signage provided.The staff pleasant helpful. But facility one I would visit again.",0.11127777777777777,0.5375555555555555,Oct 3 2006
51,51,Great location We stayed two days. The location really great minutes get Victoria station. The situated quite square lovely garden. Our room supposed simple double room turned family room got one large one small beds. The second one useful place baggage (the room rather small).The bathroom clean tiny. So whole ok. Maybe stay again.,0.23721088435374152,0.4025510204081633,Sep 2 2006
52,52,"Mixed thoughts Stayed four nights blistering heat July. We double bed 2 singles ample needs. It could imporved cosmetic touches good paint job new clean bedspreads curtains. We find extremely hot able book airconditioning 3rd day. The unit cooled nicely needed emptying every 3 hours. We main floor flowers window sill. Unfourtunately, get ants coming window close AC. We arrived 2 room ready close 230. We put stuff small storage room ready. The safe nice feature. Breakfast good, except hot glasses, heat wave disappointment wanted cold drink. No faceclothes available, noticed Edinburgh too, British thing? The tub tricky get handrails available bath mats prevent slipping. Close Victoria Station, although heat chose take taxis. We arranged taxi airport trip home, thinking getting regular cab. Even though I told girl reception 4 people 4 large suitcases, small private car arrived. He call minivan, cost us 55pounds instead 40 quoted night before. Having said taxi around 50 minivan comfy ride. So all, mixed feelings whether I would stay again. Certainly July. I anything compare London. However stayed Travelodge Edinburgh much cheaper basically amenities except breakfast, I guess cheaper place London hard come by. Nice able us one room, hard find internet searches.",0.12969753930280248,0.4744246104772421,Aug 8 2006
53,53,Good value great location I took son friend (both aged 14) Elizabeth Easter. We stayed two twin rooms fine.I found clean staff helpful lots information transport places visit.Surprisingly ate nights. The food good prices London standards bargain.The boys played football Hyde Park breakfast allow read newspaper peace.We appreciated good transport links safe area went theatre night.returning lateThe Elizabeth anonymous chain like something individual intimidating enjoy stay.,0.4333333333333334,0.5136363636363637,Jul 17 2006
54,54,"Hot cramped Hotel After reading reviews Trip Advisor, Rick Steves' book researching web site, I decided book family four one night. Huge mistake.Although close Victoria Station easy walk wrong choice. We arrived late night informing would arriving late met nice evening clerk pleasant new. He informed us room downstairs?? Downstairs? They assigned us room basement. Room #37. Ok I thought, least cooler keep air conditioning night. Was I ever wrong. The main point I researched web site promise air conditioning. Don't bank folks. A sign desk says book air conditioning 2PM day. Well arrive aware fact luck. And mind you, downstairs like oven. There 2 sections basement, one breakfast room (which nicely cooled) doors seperate guest rooms are. That folks oven is. OK, I thought again, we'll open window get cool air in. Oh I ever wrong again. Our window opened shaft style walkway looked straight fan/cooling/heating system hotel. Fans clicked groaned night outside directly little window. And I mean little. I took picture post along review.The room furnace air movement all. It quad room, double bed 2 twin beds. Compared quad rooms booked elsewhere Italy, cramped. You could barely walk around double bed get bathroom. The bathroom clean take giant step tub extremly slippery rubber mat. Found extremly dangerous. Toilet paper set counter top, holder. The double bed sagged sadly middle felt like pressed together middle night crease. Which help body heat along heat room. Breakfast next morning. We seated right away breakfast room I selected self service buffet (continental breakfast) husband chose full breakfast came room. Mistake. The server gave husbands breakfast away table next door waited 1/2 hour get everyone else getting 10 minutes. Even checking girl took another 15 minutes get breakfast. The &quot;lace&quot; table cloth looked like washed weeks. There grease stains, jam stains, crumbs knows else it. Filthy.All all, hugely dissapointing aspects. We stayed 5 medium priced hotels Europe trip summer Med cruise one bottom. I would recommend stay again.",0.07855101338055884,0.5127521153089334,Jul 10 2006
55,55,"Does says tin! Had 2 night stay London wife reading mixed bag reviews, decided Elizabeth Eccleston Square. We disappointed. The signs good start found reassuringly busy!Although room huge, thoroughly clean modern furniture, proper bathroom bath-tub, simple good decor tea/coffee making facilities and, importantly us, safe room (which charge use!). The staff front desk friendly knowledgable always ready make recommendation dinner. The garden opposite 'must see' did, three times fact. Breakfast real plus though, excellent choice food, including cooked breakfast served smile mornings! All all, pleasant stay real moans!We stay London often, we'll back The Elizabeth next time do.",0.27380952380952384,0.42970521541950113,May 25 2006
56,56,Okay place stay - get pay Close Victoria Station. Staff helpful breakfast good. Our twin room extremely small extremely hot. Overall Elizabeth Hotel okay place stay one two nights Elizabeth disappointment.,0.15714285714285717,0.4642857142857143,Jan 24 2006
57,57,"Good Budget Hotel This serves purpose well. It cheap stay central London cofortable, clean warm cosy.This budget many frills. Instead get good basic standard accommodation. My room spotlessly clean, average size, small WC shower, TV, kettle etc phone - everything I needed short business trip price-tag match - 89 British Pounds small double room breakfast.It's old terraced building close Victoria Station ideal.While building old rooms seem newly simply decorated.Breakfast excellent cooked order.Many staff foreign, possibly eastern European helpful pleasant. No restaurant plenty nearby.Old-fashioned decor hallways old photographs made feel homely.It's luxurious comfortable I would stay again.",0.20770482603815937,0.4354946288279622,Dec 13 2005
58,58,"Friendly fabulous We arriving London next week staying London Elizabeth Hotel. We thousand questions updated booking last minute nothing problem them. The service outstanding. The person dealing Kate fast helpful replies information. We decided reading reviews Tripadvisor I know we've made right decision. I'll put review tripadvisor staying, I've experienced far, I doubts going wonderful.",0.3660714285714286,0.6477380952380952,Dec 7 2005
59,59,"Fantastic Location We stayed Elizabeth (Two adults &amp; two teenagers)for six nights June. It charming hotel/terrace opposite Hyde Park (wonderful morning walks), hop skip jump tube bus outside. A little corner store around corner. We top floor stay lift tiny, quite walk stairs hot. Floor two/three overlooking street park would best. The could revamp. Service great. Breakfast really good would stay again.",0.4364583333333334,0.5916666666666667,Oct 17 2005
60,60,"Ask Many questions book! We late arrival first night there. The &quot;double room&quot; literally shoebox size. It truly looked like closet. The next day, I asked change rooms. Initially, front desk person said rooms. After I persisted, came new room, room rate, much larger. I checked published rates, discovered &quot;small&quot; &quot;standard&quot; doubles. I clearly small double first night, &quot;standard&quot; next, refused adjust bill insisting rooms size. The rooms shabby, clean. Had staff pleasant accomodating, I would hesitate recommend it. The location convenient, I think better values London staff truly understands customer service.",0.15674242424242424,0.36673400673400675,Jul 5 2005
61,61,"Family spaces last London After many hours online trying find accomodation family group six, read reviews near Victoria station, excellent choice, two bedrooms fully equipped kitchen living room foldout beds two, one double bed, two singles also. The rooms spotlessly clean, staff friendly informative, I would recommend anyone traveling family, rooms suitable two people hard find. The breakfast included excellent, cooked order thoroughly enjoyed there.",0.3760416666666666,0.5684027777777778,Jun 15 2005
62,62,"Beautiful private park Very convenient location. Excellent breakfast. Loved private park.Friendly, helpful staff.",0.4583333333333333,0.6416666666666666,Jun 10 2005
63,63,"A lovely beautiful square. Our family five returned wonderful three-night stay Elizabeth Hotel. We found clean, well-appointed, well-maintained, breakfast ample, well served, well prepared, staff perfectly helpful competent. Although busy, convenient, area, square quite peaceful quiet. If stay Elizabeth Hotel, miss opportunity spend relaxing hours exquisite square itself. Just ask receptionist key. It beautifully maintained botanical garden room children run play. I would certainly stay Elizabeth Hotel would recommend friends. Of course getting upgraded family room 2-bedroom flat extra cost certainly contributed impression place; indeed convinced would probably worth paying extra money flat I ever stayed again. Besides enjoyed additional space, able laundry kitchenette, allowed us avoid expense taking meals restaurants.",0.3588744588744588,0.5621753246753246,Apr 27 2005
64,64,"Booked boss Booking unknown someone else (in case, Boss) - always scary thing do. On Tuesday 15th March, usual City hotels full. Using reviews Trip Advisor booking Wotif, I picked Elizabeth Hotel. Not close City, close travel links. Its easy find meets &quot;good night's sleep&quot; requirements - one did.",-0.14333333333333334,0.6466666666666667,Mar 17 2005
65,65,Was okay The Elizabeth Hotel quaint hotel. It great location next Victoria Train Station. Our room (triple) extremely small 3 people room clean balcony facing Eccleston Square. The staff helpful although I really think liked Americans much.,0.30208333333333337,0.4437500000000001,Feb 16 2005
66,66,Great Location Room small clean. Bathroom average size also clean. Staff pleasant breakfast good. I'd recommend it.,0.3966666666666666,0.6709523809523811,Jan 17 2005
67,67,"good location mediocre Close Vitoria Station (walking distance), quaint street. This classic example get pay for. I wanted something area short notice &quot;local&quot;. Found room late rooms web site 100gbp. The room good sleeping, it. Bathroom nothing get excited about. The help seemed mostly young immigrants, truely hospitality professionals.For one cheap quick night London ok, I'll take chances many choices next time.",0.1796875,0.4963541666666667,Jan 5 2005
68,68,"Mediocre Start Finish I known bad sign find reservation, despite used hotel's web site. Yes, eventually give room, bouncing poor (large) family another -- I wound room 5, view ventilation shaft instead Eccleston Square I'd led believe making reservation.The room basic. The &quot;full English&quot; breakfast grudging, maybe least welcoming breakfast I 2+ weeks England. The room hot (temp adjusted). TV basic, cable channels.On plus side: close location Victoria Station good, neighborhood seemed fine.Overall disappointment. Not disaster -- rats, break-ins -- pretty much without charm.",-0.06326530612244896,0.5996598639455781,Nov 1 2004
69,69,"This London Elizabeth! My friend I spent many hours many days researching London hotels Trip Advisor. We found bargain great reviews: The London Elizabeth Hotel. For months, thought staying first two days trip September. That looked e-mail confirmation found actually booked room Elizabeth Hotel. The reviews Elizabeth Hotel nearly good, big believers fate, decided keep reservation. We low expectations, may helped, pleased part. The reasonably close Victoria Station, taking red eye flight sleeping night, seem bit far walk (a cab would've good idea). The staff ranged indifferent snotty, fairly useless, really need anything there. We walk 20 flights stairs get room (no lifts), fun. Despite air conditioned, room stayed pretty cool, even got 80 degrees outside (Fahrenheit--obviously). The bathroom okay: shower great, wall next toilette jutted angle, legs long sit normally. So, first time life, I use toilette sitting sideways. That's one memory I'll always Elizabeth Hotel. Other that, nothing memorable--just okay place stay.",0.25086206896551727,0.44419540229885074,Oct 12 2004
70,70,"good location We stayed Elizabeth Hotel February, 2004. The family room small 2 adults 2 children, served purposes. For travellers heavy luggage might inconvenient, though. The bathroom good condition. The English breakfast wonderful breakfast room clean. The location excellent, especially since arrived Victoria Coach Station Stansted Airport.",0.2826666666666667,0.701,Sep 28 2004
71,71,Just OK,0.5,0.5,Jun 29 2004
72,72,Good place stay,0.7,0.6000000000000001,May 13 2004
73,73,Not bad,0.3499999999999999,0.6666666666666666,Apr 23 2004
74,74,Nice location poor service,0.09999999999999998,0.8,Apr 4 2004
75,75,Stolen Medicine,0.0,0.0,Mar 24 2004
76,76,Not advertisment.,0.0,0.0,Jan 22 2004
77,77,Really nice place stay,0.6,1.0,Jan 22 2004
78,78,Great Location,0.8,0.75,Nov 24 2003
79,79,The best stay I ever London!,1.0,0.3,Jul 9 2003
80,80,Watch phone charges!,0.0,0.0,Mar 17 2003
81,81,TrÃ¨s agrÃ©able,0.0,0.0,Oct 29 2009
82,82,pro e contro,0.0,0.0,May 4 2009
83,83,Elizabeth Hotel veramente perfetto!,0.0,0.0,Mar 5 2009
84,84,un ottimo consiglio!,0.0,0.0,Nov 24 2008
85,85,HÃ´tel de rapport qualitÃ©/prix correct connaissant les tarifs londoniens...,0.0,0.0,Nov 1 2008
86,86,pulito comodo per trasporti ed abbastanza confortevole,0.0,0.0,Oct 12 2008
87,87,Bastante bien para ser Londres,0.0,0.0,Sep 18 2008
88,88,per chi ama lo stile british,0.0,0.0,Aug 21 2008
89,89,Very British,0.0,0.0,Aug 5 2008
90,90,simple propre et bien situÃ©,0.0,0.35714285714285715,Jul 22 2008
91,91,Comodissimo Hotel Londra,0.0,0.0,Jan 4 2008
