,Unnamed: 0,Reviews,polarity,subject,Dates_extracted
0,0,"Perfectly fine price Myself, wife &amp; (adult) daughter spent 2 weekend nights cost less Â£180. So that's approx Â£30 per night each. Yes, that's Central London ever get pay for. It's basic, furniture old odd lick paint go amiss places. Cleanliness OK plenty clean bedding. The TV quite small shower room nowhere hook wall (i.e. shower yourself) ............... Â£30 night Central London. The old building steppy flights wide modern standards would problem mobility good. Breakfast fine plenty cereals, drinks, toast, fruit etc. A cooked breakfast automatically provided simply ask one kitchen/waiting staff &amp; one would provided you. The location good, around corner Paddington Station(s). Loads shops/pubs/restaurants area. Across road green 'square' 10 minutes walk away Kensington Gardens. You want spend day room nice reception area 2 large sofa's TV ground level. Reception manned times went in/out hotel. I'd go back problem great value money.",0.17723809523809525,0.3750952380952382,Nov 17 2009
1,1,"Cheap NOT nasty This place real find... trendy Paddington..... Cheap clean, tidy friendly.The minus hard beds train noises dead night.FANTASTIC hot running water small bathroom.Even though late check still stored luggage I explored London stored luggage check till I ready tp leave LOndon.. OUTSTANDING.......Will go back",0.14843750000000003,0.5932291666666667,Sep 22 2009
2,2,"Great family run We stayed Dolphin xmas 2008.This great family run hotel, clean rooms helpful polite staff.The centrally located provided perfect start discovering London.The money - value ratio Dolphin perfect. We looking forward stay Dolphin re-visit London.",0.610952380952381,0.7085714285714285,Jan 11 2009
3,3,terrible Very bad single room (nr. 1),-0.6604761904761903,0.6936507936507937,Dec 21 2008
4,4,"Good night stay less We booked 16 oct 20oct 2008. And locatoin price main criterion. Its nice little perfect location. Just fiew minutes walk Paddington station, 20 minutes Heathrow airport train 10 minutes away Londons main attractions. If need excellent room service (you take care yourself) relly good place stay. Brecfast room small fit guest, might want eat out, waited 10 -15 min. Personel helpful, 3 beds room moved 2 together (to make stay romantic) dust bed. Reception sorry room cleaned pretty soon, thing complained. Other people complaining noise subway, yes heared allso, really bother us, maybe opposit give trip feeling big metropol. There nice pubs, small stores dining places near by, everything need close you. At end come see London enjoy trip. Hopefully same! Tip: booking ask room stairs view street!",0.20736666666666667,0.5413333333333333,Nov 30 2008
5,5,"If like black Mold We've stayed many budget hotels London past years flight changed Heathrow year wanted change Paddington area order close train back Airport. When checking convient Paddington station selected Dolphin close proximity station. That good thing Hotel. We expected small room norm London. But upon opening shower stall Black Mold going walls shower gross. On leaving outing day, asked desk clerk please shower cleaned, little bleach would done wonders mold. But upon return room late night sign cleaning mold all. The staff desk clerk Breakfast ladies abrupt unfriendly. . If we'd stay one night I'd found bleach kill mold myself. The twin beds pushed together would ok springs coming side mattress, I found problem first night getting bed I scratched leg one protruding metal peices. Not place we'll ever return again, I would recommend friends enemies stay here, unless want put health jeopardy.",0.056510416666666674,0.46562499999999996,Aug 26 2008
6,6,"Godd location really I say! Booked one night stay, going chelsea flower show, Location fine within walking distance Oxford Street area shopping going evening. I read website I booked recently reburbished. On arrival checked told room downstairs, fine got room, downstairs yet refurbished fact new carpet roled corner! soon shut door load rumbling noise room started shaking! yes tude train going by, minutes room probably happened 2-3 times, I also used toilet room flushed made loud long whistling noise! After going bit shopping returned room, room shaking everytime train went by! I decided actually way anyone would able sleep noise went ask time trains finished I told midnight, started 6am, I asked could change room, person desk said yes hesitation told us move room ground level. This room much better less noisy, clean refurbished room! But apology staff putting us shaking room start with! Breakfast ok, basic could done fresh fruit. Check smooth could leave bags day flower show.",0.20518839712918663,0.376774322169059,May 24 2008
7,7,"Get pay here! I stayed two separate occasions one night cheapest I could find I tight budget. The first room nice enough (room 4) - clean sheets, en suite generally neat tidy. I simply wanted somewhere sleep, place Id choose holiday (its book feel special). Its old place, charm, carpets second room stayed rooms great I wouldnt walk around bare foot - hell, central London sheets clean comfortable.You also hear tube train quite well stay ground floor - though, again, didnt bother much - anyway doesnt run night.One thing could improve staff - quite abrupt, friendly all- consider many might paid well probably travel miles morning there.. maybe Id same.Finally, expect much - annoys read reviews written people who've paid Â£40 quid expect Hilton standards - get pay here!NB: I booked &quot;The Dolphin&quot; ebookers second time I arrived guy said Id allocated room &quot;The Shakespeare Hotel&quot; directly next door - apparently there're jointly owned - however I wanted room Shakespeare Id booked one (the pics Shakespeare seemed bit ropey, even though may well same).. I thought bit crafty them! (I swap reservation! - better devil know business finding budget accommodation London.",0.19875669202592283,0.4310474781628627,Apr 12 2008
8,8,Worse $2 Egypt We booked room en-suite reception said didn` t.After argueing 30 mins manager said could ensuite wanted 18 pounds extra night change rooms several times stay.Decided itPut us third floor shared bathroom fourth. Room small bed wall. Window didn`t close properly pipe running water noise night long. Got help reception things. Water stopped completely one morning middle wifes shower didn`t come 5 mins.Came back one evening around 6 couldn`t get room workers stairs pulling carpets.Somebody already said worst stayed dives Egpyt thought couln`t bad that. But wrong. If go deserve get.,-0.20535714285714285,0.33476190476190476,Mar 29 2008
9,9,"Not bad 2* My (ex) girlfriend booked Hotel night flight London.... ok.We came arrive Quiet little Big city jus get room top floor..... whispered girlfriend said &quot;wer lucky coz wer top floor get good view&quot; receptionist said &quot;The stairs ur left&quot; like OMG 3 big bags us yes ended carrying 2 top floor. The room BIG 2 single beds put together, 1 single bedon beside 2 single beds... 1 double deck bed corner.... hell point??? jus 2 us many beds! The toilet? yes small even average guy! flooring walls toilet PLASTIC! like Public Toilet Stands corners West end put room..... know pictures quite Decieving coz website looked good knowing 2* expect great..... good thing think friendly Guy reception Checking out. tripadvisors..... want jus really really really really desperate place sleep yes SLEEP..... suggest book hotel. even Hotel?! unfortunately Yes Hotel",0.1495238095238095,0.43976190476190474,Mar 6 2008
10,10,"Not bad I booked The Shakespere redirected The Dolphin.I stayed one night road The Falcon expecting far lower standard accomadation price difference surprised.Yes lot could better, bit heat would nice The Dolphin proved good value money essential staying London. Irish visitor",0.17625000000000002,0.5308333333333334,Feb 21 2008
11,11,"A bad THE WORST HOTEL OF MY LIFE!!!If want spend good week end pleae go hotel. I first booked online double room girl friend told us web site bathroom...moreover pictures really looked well expensive(80 euros)We arrived friday, receptionist lady awful impoliteOur room fourth floor, good luck stairs(small, smelling)then I discovered share toilets bathroom ...but finish: toilets: lights neither toilets room, flush working!!amazingand finish positive point: double bed, three small beds!Ithe breakfast 7 30 9 00for price I expect something delicious I disapointed! Thing queue want eat15 minutes rush hour...Regarding room, It look old, dirty...the onlything good nice view squareTo summarize If want good week end go hotelGuillaume Paris",0.14510822510822513,0.5526406926406926,Sep 30 2007
12,12,"Warning - never This sure worst stayed in. The rooms dull cleaning pure. I madras, could feel springs. If reason deside stay hotel, ever accept room basement. The beds shaking due subway trains running hotel. I never stay hotel.....",-0.14047619047619048,0.6527777777777778,Sep 19 2007
13,13,"No way! The best things said locationand people work there. After that, hill.The rooms tiny. Our bathroom measured 3' 4' (think aboutthat!). The carpets throughout filthy ourbedspread. (The sheets OK.) This one hotels thatassumes guests criminals charges 20 pounds open aphone line. Then, confirm flights Air Canada, werefirst sent pay phone next door cut us aminute charged one pound, charged L2.20 short call room. Breakfast served 7:30 9a.m. far small room. The suggests itunwise go late, obvious reasons. A self-serve breakfastarea rolls, juice coffee open 11 a.m. would beso much preferable points view. If mindroughing 70 pounds night living place thatwants drinking smoking anywhere (and requested smoking room!), place OK. I never return.",0.05629629629629629,0.4725925925925926,Sep 5 2007
14,14,"Avoid costs I invite avoid want good vacation. We passed last night water falling ceiling TV; cleaning never done staff always pleasant especially miss breakfast 09:03. The main advantage close Paddington Station (2 min away walking), prospected hotels around area visited front SHAKESPEARE &amp; DOLPHIN HOTEL (the side street), think tell you, seems better similar price English Breakfast.I publish pictures took order illustrate speech.",0.19772727272727272,0.5146969696969698,Aug 22 2007
15,15,"Toilets We stayed 3 nights... I glad stay longer. We could sleep alright tube underneath bother us, maybe top building. The rooms small, alright, exept cleaners left dirt things bed. We knew toilet room, know stait in... one toilet even finished yet one flush well. We breakfast hotel, full heard people get piece toast!The staff unfriendly. The location ist perfect! I say this: It looks nice outside, nice insideYou stay stay long come evening sleep",0.14780701754385966,0.5802631578947368,Jul 25 2007
16,16,"poor nights sleepas bad beds noisy underground. choose shakespeare get moved dolphin. unfortunately beds hard,only one pillow noise shaking underground keeps awake.this mentioned blurb!coffee tea making sub standard,the kettle cracked brown.the staff fine breakfast ok.its shame good area,but wont staying",-0.09666666666666664,0.6733333333333333,Jun 28 2007
17,17,"nice despite bad reviews checked tripadvisor reviews AFTER booked dismayed read. expected worst, found quiet, fairly elegant tree-lined square block paddington station. given large room front hotel, almost brand-new bathroom &quot;pod&quot; corner. surprised pleased find coffee maker &amp; fridge room. furnishings worn unduly so, carpet newish &amp; clean. could hear trains passing hotel, faint rumbling, nothing keep awake night. altogether one nicest &amp; cheapest places i've stayed london.",0.014632034632034652,0.7662337662337664,Jun 17 2007
18,18,"Very basic Upon arrival I given small room behind reception. The sink shower inside room, actually room, toilet another tiny division. The carpet worn, holes stains cigarette marks. Had window looked upon wall bedroom windows. The close Paddington station good planning use station; also bad hear feel subway trains, trying sleep. My luck I always tired walking London I always felt asleep quickly. The breakfast nice basic. Staff OK. Summing up: cheap place; good location; basic unsatisfying. Not place hang out; place go end day (try to) sleep.",0.08249999999999999,0.48495833333333327,May 21 2007
19,19,"functional place stay When I read latest review done French guy, I bit apprehensive expected worst. But I arrived hotel, place looked charming calm. The receptionist nice. I booked two rooms there. The lobby charming. There toilet sometimes two showers every floor. They clean. The size rooms beds vary. Mine forth floor. The breakfast copious correct price paid. The rooms cleaned every day. staff helpful. Many restaurants vicinity. All all, good place stay. The negative point carpet. If could change it, place would really perfect. Another thing, remote controls rooms. Bad tv reception room could fix buttons missing tv set. But London, I think bother watch tv. There lot things see shopping do. So cares tv reception good not. I recommand someone wants something functional expensive.",0.22424242424242424,0.5943939393939393,Aug 12 2006
20,20,"I go back First off, check Dolphin, first thing usually send Hotel, Shakespeare next door. Now here's rub. If stay rear hotel, get almost NO air flow room gets quite warm. Then try take shower might faced hand shower mount wall. (love 1 handed showers) Additionally, water pressure pathetic actually getting clean challenge. Then, finish off, outside window open passageway ground Circle line subway runs past.... And know tube know trains run every three minutes, clatter-bang way station. Our room might well Paddington. Thank god 1 night. Also want make calling card calls room, need give 20 quid deposit. They give back place 5 places stayed made us this.Didn't even stay breakfast (the wakeup call WAS time though) Got hell out. I probably NEVER return",0.020098039215686283,0.41715686274509806,Jul 6 2006
21,21,"For budget traveler Not bad, get pay for. I've stayed twice really problems. The staff helped asked fuss. The price bad got great location. No complaints breakfast, though dining room bit cramped. I'd recommend either showing soon open business near quitting time, space.",0.17857142857142858,0.5261904761904762,Jun 10 2006
22,22,"Never again! We stayed 4 nights unless want sleep noises train going bed every 3 minutes midnight..don't it.They also allow smoking reception area stinks. The breakfast basic wait line piece toast. We asked soy milk weeks advance still provide it. After asked moved quieter room, tried cancel rest stay much surprise. We paid 4 nights advance.It akin hostel would go again.",0.02500000000000001,0.33125,May 29 2006
23,23,"For budget traveler No frills, budget hotel. It conveniently located near Paddington train station tube station (only block so) makes getting around town countryside relatively easy. There air conditioning room comfortable night. The offers good breakfast.Stay plan except night want something inexpensive safe near train station.",0.2916666666666667,0.5666666666666667,Jun 13 2005
24,24,"Youth Hostel hotel! The Dolphin Hotel cannot classified hotel. Youth hostel proper description. The room got (and immediately left!) small, bed mattress worn down, curtains halfway falling carpet vomit stains. There two (maybe three?) toilets whole ONE tiny shower. For 18-year old backpackers would probably fine, everybody else: Stay elsewhere!",0.034974747474747485,0.37252525252525254,Nov 18 2004
25,25,"Not great Ugh! From looking reviews I paid way much. I paid 250 GBP one night. My window first floor, street level would close lock. Stains bed sheets help luggage staff. The room service fairly priced quality food, bright spot dismal hotel.",0.3892857142857143,0.6226190476190476,Sep 16 2004
26,26,"Non-smokers beware The bad, looking non-smoking, forget it. When I visited fall 2001 (admittedly several years ago), manager smoked like chimney, permeated entire top bottom. Smell smoke everywhere. Beware, look *non-smoking* hotel.",-0.04999999999999996,0.44791666666666663,Jun 8 2004
27,27,"fair price bit dingy hotels pluses: room service breakfast, internet access sister shakespeare, close buses Paddington station. However. carpet soiled, room bit dingy. It bit bigger previous room we'd stayed another hotel. overall fair experience",0.24666666666666667,0.49333333333333335,Apr 13 2004
28,28,"Dolphin Hotel great Recently visited London (May 2003) stayed Dolphin Hotel. Was section 2 blocks Paddington Station. The across nice little park lightly traveled street. The clerk delightful helpful man always ready story suggestion see. The room (our's triple 1st floor) nice roomy clean bathroom. Nice fridge too. Breakfast could little better, much choose continental breakfast - cereal, toast, boiled eggs canned fruit. The full english breakfast little better. All - I highly recommend hotel. We got great rate 6 nights - around $700 american.",0.3312083333333333,0.593,May 28 2003
29,29,"Great Stay Just returned (Dec. 1, 2002) great stay Dolphin. It's great bargain. We paid 70 ppounds tiriple. The clerk cordial helpful. The located nice square 2-3 blocks Paddington Station. The area nice, seedy I thought might be. The room triple pictured Internet site. It quite lovely spacious Europe. The bathroom immaculate! The hall stairs somewhat faded charm, cares areas long room clean.The negative lift, carry bags stairs.",0.4000000000000001,0.7000000000000001,Dec 6 2002
30,30,Archi nul,0.0,0.0,Oct 11 2009
31,31,Positivamente impressionato,0.0,0.0,Oct 2 2009
32,32,Lo peor de lo peor,0.0,0.0,Sep 16 2009
33,33,inacceptable,0.0,0.0,Aug 23 2009
34,34,A Ã©viter !,0.0,0.0,Jun 2 2009
35,35,discreto,0.0,0.0,May 21 2009
36,36,UbicaciÃ³n inmejorable,0.0,0.0,May 11 2009
37,37,l' habit ne fait pas le moine,0.0,0.0,May 1 2009
38,38,A Ã©viter,0.0,0.0,Apr 24 2009
39,39,Aceptable,0.0,0.0,Apr 16 2009
40,40,Une arnaque au coeur de Paddington,0.0,0.0,Mar 22 2009
41,41,Lugar economico e ideal,0.9,1.0,Jan 15 2009
42,42,Ã©tonnÃ©e des commentaires lus moi je le conseille cet,0.0,0.0,Nov 29 2008
43,43,A eviter absolument,0.0,0.0,Nov 17 2008
44,44,miteux,0.0,0.0,Nov 3 2008
45,45,bonne surprise !,0.0,0.0,Nov 3 2008
46,46,Si puedes evitalo,0.0,0.0,Nov 1 2008
47,47,HÃ´tel dÃ©conseillÃ©,0.0,0.0,Sep 5 2008
48,48,attention!!!! c'est une catastrophe!!!!,0.0,0.0,Jul 25 2008
49,49,ZweckmÃ¤Ãig und sauber â fÃ¼r diese Preiskategorie O.K.,0.0,0.0,Jun 4 2008
50,50,Pas si mal aprÃ¨s toutes les mauvaises critiques que j'avais lues!,0.0,0.0,Jan 22 2008
51,51,ok,0.5,0.5,Oct 8 2007
52,52,Beschreibung des Dolphin im Internet weckt falsche Erwartungen...,0.0,0.0,Oct 7 2007
53,53,Saber dÃ³nde se va,0.0,0.0,Sep 23 2007
54,54,Un taudis !!!,0.0,0.0,Jul 31 2006
