,Unnamed: 0,Reviews,polarity,subject,Dates_extracted
0,0,"place condemned..absolutely disgusting dangerous look pictures web site, nothing like !! never [--] hole life..it condemned closed immediately doesnt cause psychological damage anyone else. Environmental health called now. They notice window forbids enter cameras recording equipment (i wonder ?) Steer well clear...this place worse halway house tramps vagrants third world country .",-0.3482142857142857,0.4571428571428572,Sep 12 2009
1,1,"crap hole.................................................. What cr hole, bird crap windows...it must [--] sooo much, light shade hanging ceiling, goes wall plugs......tea coffee making facilities....what joke!!! two dirtys cups, two tea bags skanky kettle!!!! bed sheets full hair faded!!! none furniture matched...not prob realise door missing wardrobe......walls dirty marks ceiling, shower tiny walls paper thin, man sick middle night upstairs....next door garage thats view of.....went breakfast five day stay!! didnt want risk it..dirty dirty hotel...staff unfriendly, didnt hardley speak english....no communication anything...you leave key whenever went out....coming back one there....we looked window man asleep kitchen, knock window wake up. pay arrival. asked pay card, said ok, adds extra 10% 15% wasnt even sure!!!!!!!!!!!!!! didnt ask I.D could anyone, come back sed room 15 problem given us key...no security all!! wouldnt recoomend enemy!!!",-0.08503844246031747,0.5178350970017636,Sep 5 2009
2,2,"Rememberable trip good rooms, nice staff, tasty breakfastI London weekend I spend good time.",0.6666666666666666,0.7333333333333334,Sep 2 2009
3,3,"Very dirty even place name .Avoid it. I booked online found situation accepteble, arrived I shocked I seeen place dirty even less hostel situation like staple would recommended anyone even free charge , room dirty beding &amp;pillow full hair dirty sheet, shawer I discribe mizrable ,the toilet flash working ,shower floading ,no hot water , dirty cups lip stik mark , tea bags opened, ask cash payment 11:30PM paid reception man wait street reception there. I recommened health inspecter visit place. owful contental breakfast. thats level present hotel.",-0.30291666666666667,0.6222222222222221,Aug 5 2009
4,4,"The terrible I've ever seen The website looks really nice believe single word.1) The 24 hour reception closed, I wait outside phone them2) They wanted give wrong room, I've booked studio kitchen included wanted place single room. She began search reservation sheet found 20 minutes!!3) The lady wanted pay cash although website said I pay credit card. We long discussion gave in.4) When showed studio cleaned yet. Everything dirty, fresh linen bed, wardrobe broken even dirty t-shirt ground. So I refused stay.A strange thing I checked credit card statement found another debit London Shelton Hotel. I'm sure I never signed bill containing amount.Summary: It's shabby dirty, staff unfriendly, dodgy unmotivatedNearly everything that's written webpage lie.So go there.",-0.1620535714285714,0.5448412698412699,Aug 1 2009
5,5,"What nice hotel!!!!! We really liked hotel.....arriving Sweden night hotelin Piccadilly awful couldnÂ´t sleep bed, found liked alot...we booked 2 nights stayed one night extra.....If going back London come back....you sure that.Nice people working, nice rooms good service!!!! 5 stars Agneta, Malin, Kristin, Monica, Gustaf Eric Sweden.",0.41250000000000003,0.7836111111111111,Jul 20 2009
6,6,"Awful dirty noisy staff bad attitude Bar Indian Restaurant Arrived 12.00 p.m., 24 hour receptionist, one room booked, another room booked (3 night stay), sorted receptionist arrives 13.30 p.m. Room corridors dirty, carpet runners wall, rubbish vacuum cleaner left corridor. Room basic, faded duvet cover, room clean, Bathroom great, T.V. badly tuned, wires attached everywhere. Eventually got hold receptionist 14.10 p.m. said would sort out, return London 18.30p.m., waited 2nd room sort out, asked compensation said no, 2nd bedroom, toilet seat dirty, curtain bathroom, view onto busy road. No card payment accepted cash, put cash top shirt pocket, banking accounting system. Asked drink, bar facilities available. Continental breakfast, tea, coffee, toast, marmalade, 2 x susuages, fried egg (very oily), tried stay poached egg, understand, scrabbled turned omelete, salt, pepper tomatoe sauce table set. Bathroom cleaned new towels given 4 day stay. Difficulty sleeping noisy busy road. Hotel sale, advertisement removed internet accommodation sites, nothing like write photographs. Bad impression London visitors Canada.",-0.17592733353602916,0.48284813013073885,Jul 4 2009
7,7,"Cheap Cheerful! After reading reviews quite worried staying here. This worry proven unjust soon arrived hotel. The staff welcoming accomodating, although plush tidy basic essentials weekend trip footy! I'd recommend friends people bit life them. The people enjoy would snobs stuck people othing better moan complain! Thoroughly enjoyable stay!",0.3361111111111111,0.6222222222222222,Apr 27 2009
8,8,"Basic OK 1 nite stay footie. When enjoy stay one day - football match like cheap. ok book. My partner I stayed Hotel easy access Emirates Stadium.Location good - near Finsbury Park, Tube Station. Lots bars takeaways nearby.We stayed 1 night.We able check early - 11.3OAM. Check time 11.30am.The lock door dogdy difficult lock.The bed comfortable.The TV large work properly, unless stood held aerial yourself.We pay full viewing room.Breakfast described, (continental)we sausage, egg, baked beans 2 pieces toast.The main light bedroom work.The shower facilties exactly wonderful- shower curtain disgusting, wrapped around showering.Staff friendly.There parking facilities.Price good, considering London.Would stay 1 2 nites.",0.18233082706766923,0.5681704260651629,Mar 18 2009
9,9,"""How bad could be?"" - Famous last words! This 'hotel' awful! My boyfriend I decided book cheap night, thinking 'how bad could be?' - famous last words! I would recommend anbody, least children could smell drugs smoked multiple rooms. Once inside room, discovered dirty was. The bed covered hair shower thick black mould. The tiling within shower frankly dangerous sticking sharp angles. We decided leave approximately 5 minutes entering hotel. Please make mistake!",-0.20759803921568623,0.5808823529411765,Aug 6 2008
10,10,Great Hotel!! lovely friendly hotel...me kids went stay weekend enjoyed much cosy atmosphere..thankyou!,0.54,0.592,Nov 28 2007
11,11,"Hell Hole Turned told reservation kept card declined payment supposed made arrival according website I used?? I agree comments place find true, dodgy I get brothel feeling place too. It also seems DSS residents too. We going see Spurs close honest. It treck nearby stations tube. It disgusting mildew showers dirty carpets. Various windows including one mates room smashed. We locked went leave morning staff could find Spanish eastern European spoke English. DO NOT STAY HERE!!!",-0.07222222222222223,0.5388888888888889,Oct 2 2007
12,12,"Proper Shite Avoid place like plage! I booked stay 2 weeks ago, area terrible I would even get car here, next door tyre yard reception shed like lean next door taxi drivers hanging around outside. The restraunt doubles indian take away exactly I expecting restaturant.Further this, altough I cancelled booking claiming I stayed since debited credit card I used reservation.",-0.1875,0.23333333333333336,Oct 2 2007
13,13,"Schrecklich Awful TerriblÃ© -- avoid place costs! 1. This place near Finsbury Park!! It middle freaking (Haringey)2. Morning, noon night: &quot;staff&quot; actually keep main door locked, meaning cannot leave enter place without let in/out-- exude confidence area dispel rumours brothel lower floor. I sharing room friend got 1 key! Once I explain I 5min let in. 3. Disgustingly dirty, loud (main road) uncomfortable rooms (no chairs, bedside tables) unhygienic bathrooms. It's type place want bring bedding towels. 4. I many friends student days London -- imagine delight showed doorstep asking turned away like criminals: No visitor's allowed, hotel's policy!!! Well say description!5. Breakfast room doubles Pizza parlour / Indian restaurant! One look inside enough make wanna grab something else",0.00689102564102565,0.5974358974358973,Aug 27 2007
14,14,"DO NOT STAY HERE This supposed romantic weekend away without kids! It awful experience I had. We booked two nights stayed one.The room filthy. breakfast unedible, staff unhelpful night sleep groups youths outside revving car engines playing loud music. A night I never want go again!",-0.16785714285714287,0.6928571428571428,Aug 24 2007
15,15,"Awful. Don't stay My girlfriend I came Ireland see Arsenal match. The pictures internet looked lovely. We understood 24 hr. reception. Not so! We wait hours get room. Our room shabby dirty. The bathroom filthy. The tv work. Each time tried make tea milk curdled. We even bought milk thing happened, must something wrong water got bathroom. We breakfast - feel brave enough... Our towels changed, room cleaned stayed there. One staff member nice rest rude uncaring. They insisted leave room key reception day went out. They give us key front door time. objected rule, said policy. We felt uncomfortable anyone could access room there. We stay late afraid would nobody reception let us in!!We found whole experience staying shelton upsetting disappointing, definately staying again.",-0.15027777777777776,0.8047222222222222,Jul 31 2007
16,16,"Absolutely Disgusting We booked London Hotels 4 u website showed nice picture room description facilities. How wrong this! When pulled couldnt believe it, reception actually street! We given room inside main front door street. The room disgusting, smelly dirty cigarette burns bed sheets, massive dirty black stains carpets, shower broken hanging off. We asked moved, given slightly bigger room dirty. We two women feel comfortable felt need put furniture front room door night. Breakfast bad sit Indian Restaurant attached place. Nobody turned breakfast 8.15am. We could face eating tea toast didnt trust hygiene. There also kind club restaurant think kind brothel. DO NOT STAY HERE",-0.1434210526315789,0.7543859649122808,Mar 8 2007
17,17,"good experience I went family stay new years, things needed, clean staff friendly. They also served lovely breakfast.",0.4381060606060606,0.630909090909091,Feb 7 2007
18,18,"Do stay here!!!! I stayed 2003. I heard renovated. The awful, I went shower luckily hot water. But I shocked see cockroaches bathroom rentokil ( mice poison). NEVER IN MY LIFE AGAIN.I dare try breakfast. If first time London want cheap stay please ruin holiday.",-0.07777777777777778,0.7527777777777778,Feb 6 2007
19,19,"Worst ever This worst ever! I'll give &quot;short&quot; summary experiences:SATURDAY* When arrived Saturday, water boiler broken. They would fix evening, could take shower even freshen up.* The water boiler room (for making coffee tea) burnt flakes bottom. We decided make coffee, good thing soluble coffee's expiration date June 2006. * The bed one sheet, i.e. one wrap mattress. There comforter top I doubt washed putting us room. We thought forgotten put sheet comforter, asked extra sheet, owner understand needed for. Only suggesting pay sheet, agreed giving us one.* When came back night dinner, found heater work. When complained that, transferred different room. Here, course drama sheets happened again. The owner got annoyed asked extra sheet (not mention coffee expired room well, water boiler flakes too).MONDAY* In morning, warm water take cold shower. We decided say anything hope warm water would back night.* At night, still warm water, reported that. The owner would look it. We reported around 11pm, 12.30am, already asleep, knocked door check. We told already sleeping. For record, almost NO guests hotel, could busy guests. TUESDAY* At night, walking around London day, found bed refreshed. A good thing, sheets!! When asked owner sheets, told us he'd right us. An hour half later, 1am (!), finally arrived extra sheets.WEDNESDAY* There water pressure room. When reported this, asked take shower yet another room. The room used guest left hour before. The room cleaned yet, employee quickly cleaned shower us. When entered room, clearly guest us smoking, room smelled badly. For reason, refused offer change rooms again.",-0.023412698412698392,0.5106782106782106,Jan 16 2007
20,20,"absolute disgrace The first word entered head pulled taxi SEEDY! My boyfriend paid online debit card going back, I wanted cry. After meeting manager infomed us &quot;thought paid, hadn't&quot;. A complete lie money already taken bank account. He suggested pay upfront cash, refused. I think must realised half wits dropped subject. After flying barcelona travelling day looking forward nice hot shower. No chance. The water freezing plughole blocked. What shambles!! The good point god awful place train station across street. perfect hasty escape!!",0.16414930555555554,0.6319444444444445,Sep 23 2006
21,21,"The worst stay I ever This without doubt worst stay life - (had working site nearby) - rooms ground floor opposite Indian - deserted 5 nights stay - plastic tablecloths breakfast served (though brave enough try it!!). There huge flat screen tv back wall indian, enables rather deaf staff sit listen bollywood films full volume til midnight every night. The room bare electric cables hanging wall, pillows rich tea biscuits, I managed cry faster shower (thats could get temp stable) - also guttering leaked onto pipe right outside window sounded like tin reshaped!!I sure animals stayed RSPCA would round condemn it.Unless really dislike DO NOT STAY here.And website - I never read utter tosh - even advertise honeymoon suite - good god would hate bride make stay here!!You warned.....",-0.028214285714285713,0.5499801587301587,Aug 7 2006
22,22,"Warning stay here! Warning stay here! Warning stay here! Warning stay here!It disgusting. We found putrid wanted leave refused give us money back. They said turned bookings place deserted. We left one night anyway. The breakfast served woman smoking cigarette, coffee like battery acid asked anything tea coffee kids sternly said No!. The locals told us brothel. Just learn form mistake donât stay there. Itâs way ruin holiday!",-0.24597800925925928,0.3398148148148148,Jul 28 2006
23,23,Un seul mot...HORRIBLE,0.0,0.0,Jan 31 2007
