,Unnamed: 0,Reviews,polarity,subject,Dates_extracted
0,0,Really nice week end break beautifull A nice friendly convenient location. We really enjoyed stay come back. The room good size decent amenities staff made us feel welcome.Would recomment hotel.,0.3946296296296296,0.582962962962963,Nov 25 2009
1,1,"Very Good Hotel Good Location, nice quiet cul de sac, hustle bustle minutes away. Hyde Park far well. Had noon tea in-laws nice. We superior room nicely decorated comfortable. The guys girls worked also friendly, offering us champagne arrived early room wasnt ready. Although probably standard practice :-)Expensive - average price london 5 star.",0.31926470588235295,0.7037254901960786,Oct 28 2009
2,2,"Wonderful Wonderful Wonderful! I stayed Knightsbridge 3 nights mom sister. The triple room spacious extremely clean. The bathroom HUGE towel warmer. The service impeccable ambience comfortable, yet stylish. The location could beat....very close Harrod's quiet street. Also close Knightsbridge tube stop. The quaintly stylishly decorated, pictures close reality. I would high recommend restaurant anyone visiting London.",0.5230555555555556,0.7852777777777779,Oct 15 2009
3,3,"Immaculate Property My friend I stayed week, single room, great experience. The staff accomodating eager help way possible make stay enjoyable. room small, expected, bathroom nice room bath kept SPOTLESS housekeeping staff.Great location shopping museums.",0.2731746031746031,0.6293650793650793,Aug 12 2009
4,4,"Great service wonderful hospitable people neat pin superb location insulting expensive Internet policy We stayed time another example boutique like. We stayed 6 nights May June, 2009. We enjoyed Immaculate, colorful floral arrangements, gracious polite staff always help, lovely room decor, excellent concierge service. And, often commented upon, beautiful bathrooms, live them, luxurious kept spotlessly clean home. Obviously, location wonderufl always stay Knoghtsbridge. The bar services little pricey, expect neighborhood. What expect 20 pound daily charge Intenet services, ,even though contracted provider. Since Internet provided free many pubs lesser hotels, outragious charge insult. For establishment like this,internet considered part service, like hot water. It's utility, profit center. And burying 20 pound daily charge room rate soluton. At most, I would put value 5 pounds day service include rate room charge -- 20!!! This major irritation us every day. The rest hotel's attributes balanced out, I give management thumbs issue mar otherwise lovely experience.",0.3073717499064721,0.6218106995884773,Jul 28 2009
5,5,An Exceptional Gem We discovered beautifully designed boutique Hotel visited London attend Wimbledon. We stayed many extraordinary hotels trip Knightsbridge far one favorite hotels time. I go back another visit I ready drive London again. Great restaurants nearby course Harrods bonus design made extraordianary experience Staff wonderful!,0.45,0.75,Jul 24 2009
6,6,"Excellent We stayed tail end long trip Europe - exactly needed. Like (as someone else mentioned) home away home. The staff goes way make feel welcome. The rooms well thought adorable. The location great shopping - Harrods, etc. I stay next time I London. As one minor negative, check time 11 needs changed 12.",0.3277777777777778,0.5444444444444445,Jul 2 2009
7,7,"Excellent 5* boutique near Harrods homely feel I spend 2 nights Knightsbridge March 2009 really enjoyed stay. The location great Brompton Road (with Harrods shops 2 minutes away), quiet dead-end street. The street really nice trees buildings white charming typical English architecture.The unique homely feel decorated elegance, style originality. Each room different decor, makes want come back try different room every time. The quality service excellent staff professional helpful.The point restaurant. There 24 hour room service (with good quality food) however; feel like eating meal room want meet friends, go lovely Library room Drawing room. The clientele quite diverse: families, couples, business men, etc., always good sign (I beleive).I hesitate recommend anyone visiting London.",0.28140096618357485,0.5646135265700483,Jun 9 2009
8,8,"Home away home An excellent hotel, providing first class service moment walk door. The rooms extravagant, 'homely', food tasty simple.The staff - fantastic, knowing exactly kind service after. Located near major shops Knightsbridge, ideal shop-til-you-drop weekends, also quiet road, relaxing breaks. A hidden gem world hotels I would highly recommend it.",0.3232575757575758,0.59,May 6 2009
9,9,Worth Money Well positioned yet quiet convenient. Comfortable rooms offer restful night busy day London. The reception team pleasant courteous.,0.35555555555555557,0.5833333333333334,Apr 28 2009
10,10,"Great experience My husband I stayed 8 nights Knightsbridge Hotel around Easter weekend. We told celebrating wedding anniversary found champagne, chocolate coated strawberries bouquet flowers room - lovely surprise. stayed room 502, top floor, decorated tones green, pink lilac. The romm huge, comfortable bed, large sitting area (it actually one teh larget room hotel). The bathroom marble, great shower/tub combo. The room faced street entrance on, I surprised quiet was, considering hundre meters Harrod's! Service excellent; even everyone working foreigner, competetnt directions gave good recommendation places eat. We took every breakfast room, even fully booked hotel, service always thorough time. We actually dined room once, food excellent. I loved honesty bar system, well stocked. The common area include lobby, sitting room library (basically another, slightly smaller sitting room); tastefully decorated, never found crowded (howevr, get back 11pm later nights). Overall, lovely stay, place I woudl recommend friends family.",0.2775369458128079,0.5134646962233169,Apr 16 2009
11,11,"Loved Location! I recently stayed Knightsbridge 5 days Jan Business. What I say, location best! If looking something close shopping, cafe's, etc without staying crowded tourist run location, This it. The rooms small side, I highly encourage get upgrade suite. decor fabulous Honor Bar systems fabulous! staff friendly helpful! We return!",0.4088671875,0.59875,Feb 17 2009
12,12,"wonderfull stay gem start saying jully going back stay again. first super location near harrords bictoria line convinient. rooms wonderfull, beatifully decorated marvelous bathroom. colorfull vivid front desk superhelpfull. area quiet despite center area clean.",0.25749999999999995,0.47833333333333333,Feb 6 2009
13,13,Excellent Service I stayed reccomendation friend previously stayed here. The calm area knightsbridge. I stayed deluxe room delightful ample enough working space. All staff genuienly nice helpful. Definetely looking forward next stay.,0.4166666666666667,0.6645833333333333,Dec 25 2008
14,14,"Looking forward next visit! I stayed Knightsbridge weekend, highly recommend Hotel. It central shopping easy access central London Business. The Hotel great relaxed atmosphere room well presented comfortable. It highly recommended discerning guest. All Staff friendly helpful, makes easy stay international traveller I look forward next visit.",0.24726190476190477,0.4408333333333333,Dec 17 2008
15,15,"Fab Boutique Hotel This fourth stay feels like &quot;home away home&quot;. Can't say enough hotel, especially decor, staff location right heart Knightsbridge. Nothing changed 3 years stayed here.Although may busy, always seems calm haven. At time year wonderful come sit front fire lounge. We often met friends felt comfortable sitting either lounge library able help drink honesty bar. Room service little pricey !",0.24713392857142855,0.6210714285714285,Dec 7 2008
16,16,"Fantastic Really loved boutique hotel. Right centrer Knightsbridge, close Harrods, quiet. Very friendly helpful staff every area. Nothing much trouble. Will stay next time.",0.23903061224489797,0.48843537414965993,Oct 20 2008
17,17,"A Gem!! The Knightsbridge amazing boutique hotel. My husband I stayed celebrating 1st wedding anniversary - ideal romantic hotel! The rooms warm inviting decorated well. The staff accomodating received water chocolate every night returned home. The location cannot beat, minutes Harrods excellent restaurants. It's bit pricey worth want memorable stay!!",0.54765625,0.6749999999999999,Jul 5 2008
18,18,"Fantastic We stayed Knightsbridge Hotel, Beaufort Gardens, one night June. Everything superb brilliantly friendly helpful staff beautifully designed furnished bedroom guest rooms. It fabulous great location great staff.",0.578125,0.8625,Jun 29 2008
19,19,More Great location staff. Room little crammed clean well maintained. Two nice lounges honesty bar well stocked. Breakfast disappointing standards. The price structure breakfast misleading. Nice stay improve.,0.24427083333333333,0.690625,Jun 27 2008
20,20,"Great Stay My husband I recently spent weekend Knightsbridge Hotel impressed. From moment arrived really felt peaceful, relaxing middle London. Our room (luxury double) comfortable lots extra little touches really made stay enjoyable memorable. The breakfast menu extensive although exactly cheap, thought well worth it. We also drinks one evening well stocked honesty bar, spend peaceful hour drawing room.The staff helpful, friendly knowledgeable. They happy help asked directions found courteous pleasant dealings them. I hesitate recommend Knightsbridge Hotel, we'll certainly return.",0.27625496031746033,0.5363095238095238,Jun 11 2008
21,21,Very High end What great hotel. We booked Knightsbridge final two nights two week vacation. It definitely nicest place stayed (and great places). Our room little small overall great room. It expensive I blame exchange rate W.,0.16705,0.6052000000000001,Jun 8 2008
22,22,"Convenient Cool An eclectic, nouveau hip well-located boutique Knightsbridge, steps Harrod's, minutes Kensington Gardens, etc. My complaint ridiculously over-priced wireless (20 pounds hour??).",-0.09666666666666666,0.5900000000000001,May 19 2008
23,23,Nice watch breakfast costs We stayed last weekend disappointed lack communication actual costs breakfast.We found best confusing worse deceptive.On booking confirmation indicated breakfast included.On breakfast request card prices.The prices room service pack read.There kettle room enabling us make hot drink. On ordering tea cost Â£4.00 stated actually Â£4.43 list price list.The attractive breakfast fiasco spoilt us.,0.08863636363636362,0.5810606060606059,May 6 2008
24,24,"FANTASTIC location We party 5 celebrating birthday thoroughly enjoyed Easter stay. From fresh water chocolates every night, complimentary champagne birthday, bottle wine apologise small accident bathroom... fault service. Excellent rooms attention detail, quality fittings much needed complimentary umbrellas! Food good honesty bar fab. Would definitely recommend back London!!!",0.3395454545454546,0.5436363636363637,Apr 1 2008
25,25,"Wonderful experience Our four night stay Knightsbridge made holiday London memorable. The real warmth notice soon walk door. Our room fabulous. All staff superb, always friendly nothing problem. Special mention must go Per, head concierge, went way help us anything needed. We would recommend anyone looking fantastic London experience!Brett Amanda, Gold Coast, Australia",0.5257936507936508,0.7523809523809524,Mar 11 2008
26,26,Wonderful Hotel Perfect location shopping although restaurant room service food excellent! Could fault staff friendly helpful including lady reception helped us husband ill. Would definitely stay again.,0.4791666666666667,0.8333333333333334,Jan 21 2008
27,27,"Loved The property staff lovely. I felt chic soon I walked in. The three lobby spaces beautifully decorated-modern minimalist. Each evening I drink library felt like I staying modern english country house. Most importantly me, felt new clean. My room, superior single, small beautiful-exactly I expected website. The closet large, good place put suitcase, bathroom big beautiful, though tub, shower-be sure request tub. The location perfect-walk Harrods, Harvey Nichols, V A, natural history museum. Close underground. Really perfect place stay. My recommendations request room front-I chose back facing room thinking would quieter, street quiet nicer view. Also ask tub want one. The staff young, friendly, tech savvy. One guy checked fight home online I hold phone.I would go tomorrow I could.",0.31687186147186147,0.5806395382395383,Jan 4 2008
28,28,"Cute convenient This cute convenient location Knightsbridge. It quick walk Harrods museums. The intimate boutique style interesting &quot;honesty bar,&quot; well stocked pantry lobby take want sign sign sheet. The decorated tastefully interesting art room attractive comfortable. I would classify casual luxury. One warning; I got superior double tiny! I would definately stay again.",0.3095238095238096,0.6261904761904763,Jan 2 2008
29,29,"Great Experience! The Knightsbridge Hotel recommended us friend, location superb, rooms accommodation first class. The staff warm, attentive professional. The rooms english charm little details makes like ordinary hotel. We stayed two seperate occasions would highly recommend anyone appreciates comfort stylish setting.",0.3615909090909091,0.5684848484848485,Nov 22 2007
30,30,"Great Hotel We stayed Knightsbridge 4 nights Oct 4-8. The well located quiet street right near Harrod's, etc.. We walked everywhere. Our friend lives Chelsea 20 minute walk. The also booked private car us tour around bit.The room spacious affordable (for London standards, still $650/night). The bathroom big got newspaper every morning. The lobby nice sitting area fireplace. Very comfortableI would highly recommend would stay again.",0.22714285714285717,0.4945039682539682,Oct 18 2007
31,31,"Quiet Gem overlooking Harrods Travelers San Francisco AreaWe arrived Knightsbridge Hotel early Sunday morning expecting drop luggage drag around London room available could nap.Much surprise immediately shown room, bit small side big charm. Everything room, lamps bath sachets translated cool! We wall windows overlooking Harrods' dome lighted night! One would expect area noisy crowded Knightsbridge halfway cul-de-sac, insures quiet right heart Knightsbridge!Breakfast included served room appointed time. Although simple breakfast best food London. The bath large lovely bath products including delightful box bath sachets.I wish dollar stronger could return quickly Knightsbridge.",0.24470293209876542,0.43543430335097,Oct 2 2007
32,32,"Highly Recommend Myself husband stayed last week. We stayed two nights. I could recommend highly enough, room gorgeous, staff really helpful, really near tube, harrods, harvey nichols etc. I definitely staying again.",0.16571428571428573,0.44380952380952376,Sep 24 2007
33,33,"Concierge sucks... The rooms nice (except a/c loud), location great BUT concierge sucks!!! husband I travel like stay nice hotels rooms ect concierge services. We tried book tikets movie one night could it.. I can't imagine I tried book show tickets them. Overall nice I probably stay again. Eat amaya fabulous indian restaurant...",0.21764204545454546,0.6954545454545454,Aug 29 2007
34,34,"Another great Firmdale Hotel This 3rd stay Firmdale Hotel I'm starting sound like paid sales rep. We already tried Soho Covent Garden Knightsbridge. Once hits marks. You two choices parking, next door Harrods car park directly outside concierge feed meter 6pm whereafter free. They take care congestion charge well - makes hassle free stay. The rooms interior decor beautiful. There dining room take breakfast one ground floor rooms. We chose breakfast bed real treat. The staff wonderful, extremely helpful courteous - I think Firmdale must cloning somewhere. The location shopping brilliant tucked away quiet close immediately Sloane Square/Kings Road Harrods. There numerous great restaurants around. If fed ubiquitous Hilton/Marriott/Shearton blah blah hotels perfect. Same price different league.",0.35261904761904767,0.5718253968253968,Aug 21 2007
35,35,"Well looked We stayed friends weeks ago thoroughly enjoyed experience. Normally stay large chains Hilton change decided taste boutique experience. We glad did, Knightbridge home home feel although formal dining rooms lovely comfy lounges perfect pre-show/post shopping glass champagne. The honesty bar well stocked everything champers cocktail making kits. Breakfast served room however chose take room far self indulgent. The staff polite attentive. Dino concierge helpful nothing seemed much trouble. Even though main road feels secluded.The part -Our friends room although beautiful spotless small, however made frette linen miller harris products. Our room fine pretty much luck draw. I def staying again.",0.2543839758125473,0.5738473167044597,Aug 6 2007
36,36,"Excellent boutique Excellent Location Stayed two nights. Had great experience. I would highly recommend tourists London.Hotel small extremely well designed across couple large traditional London townhouses situated quiet square Knightsbridge central london. Its fantastic location leisure travellers: easy access harvey nicks, restaurants, museums, cabs, tube.Rooms well designed clean bright. Bathrooms large well equipped. Staff helpful, enthusiastic polite. Concierge excellent. Communal areas chic clean. As boutique didnt formal bar communal honesty bar extremely well stocked - hagen daz, snacks every drink could think of. (I didnt use room service couldnt comment it)Previously stays London Berkley, Claridges, Dorchester, The Parkes Met.This boutique i'd rate favourably them. I would highly recommend it. For London extremely good value money.",0.35523809523809524,0.6888095238095238,Jul 16 2007
37,37,"Excellent stay Recently stayed two nights. Great excellent service location. We ate breakfasts common rooms stylish. Although gym, close Hyde Park like jog. Only minus small size room small even London. The room, however, nicely appointed spotless. Other minus wireless internet slow.",0.1832142857142857,0.5996428571428571,Apr 8 2007
38,38,"Great Times I would recommend anyone - great location, quiet &amp; peaceful, beautifully decorated, great attention detail, pleasant &amp; helpful staff, good food...",0.6166666666666667,0.71875,Feb 18 2007
39,39,"What wonderful hotel! My husband I stayed The Knightsbridge recently three nights. The absolutely lovely; room beautiful,and granite bathroom well appointed. The lobby drawing rooms charming cozy, fireplaces lit comfortable sofas chairs.I never stayed staff warm, friendly courteous one.They extraordinarily helpful gracious, wonderful recommendations reservations.It located lovely, peaceful street, perfectly located near Harrods, certainly within walking distance many attractions.There restaurant, must take breakfast either room one drawing rooms, problem us all.It wonderful stay, I look forward returning! I highly recommend lovely hotel.",0.4766309523809523,0.7330714285714285,Jan 17 2007
40,40,"One best experiences ever We stayed Christmas one best experiences ever. The staff extremely helpful attentive. They even left us gifts Christmas! The sitting rooms warm inviting fireplaces, mulled wine library.",0.4791666666666667,0.5166666666666667,Jan 7 2007
41,41,"Brilliant Design Hotel In Knightsbridge The Knightsbridge Hotel beautifully appointed design block Harrods short stroll Sloane Street shopping. Very nice lounges adjoining honesty bar. Smart decor. We stayed New Years three nights junior suite $700.00 US. Nicer accommodation New York hotels. Gorgeous, though small granite bath. Large room bells whistles, great design, flat screen tv dvd, comfortable seating good lighting. Great food service. Breakfast included rate--either set offerings la carte--not typical English breakfast many different offerings eggs benedict Canadian pancakes. Excellent service friendly, cordial staff. Would highly recommend. The tip carefully review bill upon departure sometimes honesty bar charges totaled day added single line item entered indvidually. Breakfast included GBP 16.50 per person; again, charges appear individually. All charges handled discretely politely.",0.3094894094001237,0.625350185528757,Jan 4 2007
42,42,"A pleasant stay We stayed two nights December, paid 200 GBP per night standard double. The lobby pleasant spend time always fully occupied get seat plush sofas. Perhaps expected weekend Christmas.We arrived Friday 2pm, stated check time, number guests. The staff seemed unable cope rush, asked us sit lobby, waited 10 15 minutes checked in. However, staff always pleasant, helpful. I liked free DVD rental front desk, DVD players every room.Our room small comfortable, spotlessly clean, overlooking quiet street back hotel. The bathroom delight, bathrobes lots fluffy towels. The odd thing since restaurant breakfast room, obliged breakfast room. Ok, problem, except room small, table chairs, meaning eat sitting bed. This problem, fact quite nice breakfast bed (complementary) Sunday papers.Overall, enjoyable stay. It always pleasure turn busy Brompton Road quiet tree lined cul-de-sac, return 'home' rest.",0.18104166666666666,0.5488194444444445,Dec 18 2006
43,43,"Loved Knightsbridge I took mother surprise birthday present London stayed Knightsbridge reviewing several hotels using Trip Advisor. The Hotel excellent location, close major shops close tube quiet road. Inside simple beautiful. The staff friendly helpful made us feel welcome. Our room although huge wonderful, decor beautiful like show website. The bathroom big immaculate, plenty big bath towels shower lovely powerful. It little touches well made stay special. They came turned bed put slippers us, complimentary bottles water newspaper morning, hairdryer connected wall, umbrella cupboard us use stay, also, favourite, hangars come wardrobe hang clothes properly without struggle. All I would thoroughly recommend mother already decided would like go back father friends.",0.2943369708994708,0.5354497354497355,Nov 24 2006
44,44,"Loved hotel! This wonderful Iâve recommended many people. It warm charming great location; close bustle city life block away quiet location. We arrived 10am 9-hour flight Dallas offered early check-in able get room upon arrival. The room comfortable (nothing generic â decor charmingly distinctive) bathroom spacious modern. The room comes mini-bar, hairdryer even umbrella inclement weather (we hadnât packed one). We ordered room service dinner breakfast always wonderful â good weâd get restaurant. Because weâd long flight went bed early first night (about 7pm) room well insulated didnât hear one peep another room around us. The staff superb extremely helpful reservations suggestions. One thing didnât like smoking allowed lobby common areas, case European cities (weâve learned live it). We back London definitely stay again!!",0.35949494949494937,0.56820987654321,Oct 25 2006
45,45,"Cozy bright boutique Knightsbridge Beautiful upscale boutique terrific, friendly service, tasteful amusing decor nice location, close Harrods, Hyde Park. Pricey, that's London. Can't think single thing complain about, nice. Room service bad all, beds really comfortable. Beautiful street, quiet relaxing. Apparently hotels Firmdale group excellent.",0.3283482142857143,0.7321428571428572,Oct 24 2006
46,46,"Lovely Stay This great quiet side street two blocks Harrods. I stayed single room, small, really nice comfortable. The Miller Harris toiletries great. The turndown service lovely, nice linen sprays aromatic oils.I also stayed sister Number Sixteen, I liked thin walls absurd (I could hear neighbors whispering). This much pleasant experience I can't wait stay again.",0.3007440476190476,0.7102678571428571,Sep 9 2006
47,47,"An Oasis Busy Knightsbridge I pleasure staying 6 nights Knightsbridge business London. The Beaufort Gardens location peaceful yet half block bustling shops restaurants Brompton Road. The Piccadilly Line easily accessible via Knightsbridge Tube Station Harrod's.Although small U.S. standards, room comfortable bathroom large wonderful bathtub. The staff friendly solicitous. Upon arriving early check-in, I served lovely tea drawing room prepared room. A nice touch welcome long flight.I look forward staying Knightsbridge business travel must confess would expensive family trip.",0.25297619047619047,0.5856398809523808,Sep 5 2006
48,48,"Wonderful Hotel My wife I stayed Knightsbridge Hotel earlier month. Our room beautifully decorated, quiet nice view Beaufort Gardens. The location excellent. While expensive, reasonable London standards. We would definitely stay again.",0.35000000000000003,0.737037037037037,Aug 27 2006
49,49,"Don't think we'd go back Knightsbridge This hotel's location quiet tree lined street one best assets. The rooms smartly decorated, although small, staff quite attentive. However, extras charged bit top. Five Pounds bucket ice room? It's small details like prevent us recommending Knightsbridge friends.",0.2017857142857143,0.4345238095238095,Jul 5 2006
50,50,"Still Exceptional The amazing part staying step busy Brompton Road find quiet, sedate street seems miles away traffic commerce. The owners continue find young, friendly staff standards exceptional today among first guests years ago.",0.3058333333333333,0.5366666666666666,Jul 4 2006
51,51,"Once wonderful Firmdale hotel! My wife I spent night Knightsbridge last week stop London meet friends. We spent nine nights Firmdaleâs Soho Hotel last year loved it. Due limited time London year, decided one located closer needed made sense. Even though Knightsbridge row converted townhouses, still maintained gently edgy feel liked much Soho. It would placate âchintz crowdâ better Soho might, still quiet, subtle way. As expected, arrived airport ahead posted check time politely told room indeed yet ready. When offered leave bags return later, staff made call housekeeping put us first list tea, coffee biscuits arranged us lounge (these refreshments never appeared bill). The room much like Soho, bright, clean large London standards. We miss full wall glass Soho offers, high quality room there. Check smooth taxi arranged check found front, luggage loaded precisely time. We looking forward trying next Firmdale opening fall next visit.",0.18423195084485408,0.39069124423963136,Jun 28 2006
52,52,"Fantastic I returned couple days Knightsbridge. We stayed recommendation friend. As always staying new hotel, I nervous expect. The truly fantastic. I lucky enough stay amazing hotels around world, including many boutique hotels, ones holds them. We checked put room lower level. It beautiful, huge room I concerned noise. I asked change staff could helpful. They moved us room fifth floor overlooking street incredibly light filled beautiful. It slightly smaller still large size city hotel. The appointments well done large comfortable bed sitting area.The public rooms simply beautiful. Modern well done yet inviting. The honesty bar nice addition great grab drink hang salon. Friends staying across street Parkes spent time us salon talking great time. It like staying fashionable, incredibly gracious friend hosting house. Finally, staff. They young, energetic could nicer helpful. They helped us number things ranging business issues recommending places eat. I strongly recommend staying another Firmdale next trip London.",0.38560004810004817,0.6262506012506014,Jun 12 2006
53,53,"Wonderful great location My family I stayed seven nights really enjoyed hotel. Our rooms spotless large, decor lovely. We liked dressmaker's mannequins (small large) every room (useful also draping raincoats over!). The lovely quiet residential street right busy Brompton Road easy access cabs, bus, tube stores/shops/restaurants.We booked adjoining rooms husband I could next fourteen-year-old daughter. This first &quot;solo&quot; room loved it. If girls, love Room 1 (which adjoined via small indoor passage Room 5 - room glass door hallway daughter could stay late watching MTV UK never heard TV, still felt connected room). Number 1 lovely deep pink room gorgeous wild-poppy floral pattern bed, draperies, etc. My two big sons shared luxury double two twin beds (joined like king freaked first) made separately individual use. The downside room, (#5) windows street level cars going apartment complex often driving around right outside --or loading passengers -- felt less private draperies open! Our room , like others, had, addition bed, sofa coffeetable armchair. Televisions cable access DVD player room welcome, especially large DVD library could borrow free! Another nice touch -- bottled water bed turn-down service.The bathrooms - - magnificent. Spotless, huge, marble, bidet toilet, heated towel racks, large tubs, terry robes, slippers, Miller Harris amenities. The location cannot beat -- steps Harrods, steps Harvey Nichols, tony Knightsbridge fabulous shopping. Tube stop (Knightsbridge) Harrods, convenient (though check schedules...the Brompton Road exit Knightsbridge station -- one closest -- closes late night parts weekend. You walk little father Sloane Street exit.).Close casual dining options (good kids) Wagamama Chinese place (the Good Earth?) Pizza express. A McDonalds corner must... Also apparently good Thai nearby though never went. Several little french/gelato places steps away. Went great (expensive) fancy Japanese restaurant recommendation hotel...The honesty bar (small) public rooms lovely welcome touch. Though restaurant, room service delicious prompt. My kids loved pancakes bacon...bacon London different US particularly wonderful!Coffee divine double cream -- pricey 4.00GBP (about $8.00!)Only small downside -- staff, VERY nice accomodating, seem know lot things expect front desk/ concierge staff know. (Notwithstanding one good dinner reservation above). Often front desk staff overwhelmed guests, &quot;concierge&quot; might available. The &quot;concierge&quot; know Harrod's hours, know well-known restaurants, help us day trip issues, least TRIED. (They mostly young good-natured, many non-natives seemed know little London.)This quite spendy -- especially terrible exchange rate. But wonderful place. We would definitely stay again.",0.21781794425087103,0.5436265969802556,Jun 2 2006
54,54,"Charming quiet boutique The Knightsbridge Hotel oasis calm large sometimes overwhelming city London. Set quiet street near famous Harrod's department store, perfect place get sound night's sleep recharge batteries long day sightseeing shopping. The lobby, drawing room reading room intimate stylishly designed. The honesty bar stocked wide range spirits, wines, champagnes snacks. The rooms bit smaller I expected, especially considering I paid 200 pounds night &quot;luxury&quot; room. But beautifully designed. The staff mostly attentive helpful, even packing breakfast us take day trip outside London one Sunday morning. But due small size hotel, staff easily become overwhelmed front desk. If phone ringing one guest desk seeking assistance, take several minutes needs attended to. The concierge made excellent restaurant tour company recommendations, person, concierges sometimes seemed bit uninformed. We younger couple late twenties, might appreciated active lobby social scene, really nice place three nights. I would recommend discerning couple tourist seeking quiet, stylish place stay.",0.24729497354497354,0.5745436507936509,May 12 2006
55,55,"Simply-Lifetime Best Hotel Although many years, experince Hotel stays mind. In word, Perfection. Everything proper - quite, small, exquisitely originally decorated staff wish would marry family. This tastfully, understated slice heaven.",0.375,0.5785714285714285,Jan 6 2006
56,56,"truly lovely stayed Knighstbridge three nights sad leave. The rooms beautiful bathrooms well-appointed. I'm picky person I loved everything place. The location superb. The public rooms perfect meeting friends, reading newspaper. They even deliver breakfast sit fire enjoy tea. But importantly, service excellent. This separates good great, mind. We asked switch rooms first night...the bathroom bit chilly weather London become quite cold week there. The front desk staff kind immediately changed room, upgrading us larger double. Throughout stay, everyone Knighstbridge gracious helpful. Absolutely delightful hotel.",0.39904761904761915,0.7142857142857143,Dec 7 2005
57,57,"A little Gem! What I say Knightsbridge Hotel, &quot;Near Perfection&quot;. We stayed occasion 25th Wedding Anniversary, could wished pleasant place start memorable trip.The Location great love shop. It's around corner Harrods, multitudes chic boutiques. Unfortunately, proximity fantastic shopping venues area, takes wonderful Perfection &quot;Near Perfection&quot;, difficult get driving vehicle. The welcome received outstanding. We arrived early, room ready, instead letting us fend ourselves, treated tea cookies lounge. Nothing beats cup tea, comfy chair, beside crackling fire. The Concierge's best we've seen. Small large requests handled &quot;My pleasure&quot;. A big one us... They arranged car parked noted bit &quot;frazzled&quot; drive Heathrow. They also sent small gifts welcome us, wish us Happy Anniversary! Very thoughtful. Our room - 108, beautiful. The decor richly simple elegant. The bathroom described woman's fantasy... Bright lights, makeup mirror, tub big I could float. The complimentary toiletries top quality, small touches cotton swabs makeup removal pads icing cake.Breakfast superb. &quot;Seasonal Berries&quot; garnered huge bowl fresh strawberries, blueberries, raspberries. My husband Full English Breakfast, need eat Dinner. We definately recommend hotel! It's wonderful!",0.3414561011904762,0.6613095238095239,Nov 28 2005
58,58,"Perfect every way We stayed one night, everything perfect even better portrayed web pages. Food brilliant (we lunch Library lovely breakfast). Our rooms artistic spotlessly clean everything could possibly want. All staff helpful, courteous friendly. Nothing much trouble would definately stay again.",0.4479166666666666,0.8041666666666666,Nov 25 2005
59,59,"wonderful time Knightsbridge London We spent six nights Knightsbridge Hotel (part Firmdale Hotels) located one block Harrods, quiet side street. It lovely hotel, right size us, 40 rooms. Although type food site, problem, many wonderful places meal grab cup coffee. We stayed double deluxe room, rather small, I think unusual London. It wonderful duvet, queen size bed, flat screen tv, desk couch room. The bathroom completely granite large tub/shower. The closet rather small served us well, great mini-bar (expensive, are) in-room safe. We delivered paper every morning beautiful turn-down evening. They great details including hand written welcome note manager. We quite pleased everything one bad thing say, would stay ANY Firmdale Hotel experience!",0.29977777777777775,0.6171269841269842,Nov 25 2005
60,60,stayed many times always great! Over past 3 years I've stayed atleast 8 times business &amp; pleasure anything upto week time. Staff always friendly helpful &amp; room service always delivered time. Location great shopping - Harrods etc road &amp; also interesting shops Beauchamp Place &amp; Brompton Cross. Rooms great - comfortable &amp; cozy. Standard double small couple staying couple nights though. Great - highly recommended &amp; I'm fussy!!,0.30941358024691357,0.4738271604938271,Nov 23 2005
61,61,Perfect Haven Finest boutique I found London. A perfect off-beat location. Extremely attentive staff. Nice comfortable rooms. A place come back,0.5666666666666667,0.7833333333333333,Oct 18 2005
62,62,"Some credit The nice hip location wellUnfortunately, due miscalculations I without accomodation one night London. I tried check using debit card but...The accept guarantee (I understand that) could get aproval calling bank (which enough debit card).I rush Barclays Brompton Rd get money order finaly check hotel. Have I mentioned pouring?The ways payment really up-to-date",0.195,0.675,Oct 11 2005
63,63,"Fantastic The Hotel tucked away quiet, residential street Knightsbridge. Harrods high end shopping stores blocks away. The staff friendly, knowledgeable courteous. The rooms nice, clean, bright small. The Hotel offers two sitting rooms fireplaces honesty bar late night cocktails. The Hotel attracts locals well towners. I highly recommend Knightsbridge!",0.17511111111111116,0.5858888888888888,Jun 14 2005
64,64,"Lovely Really nice boutique quiet side street near Harrods. Our room really nice, wonderful bathroom. The service superb (almost scary well anticipated needs). The downstairs lobby/sitting areas cozy. The location good. A short walk Hyde Park Tube stops. Good restaurants, huge number. Luckily business trip. I think could afford usual budget, though.",0.3022222222222222,0.7414444444444446,May 6 2005
65,65,"Excellant Location atmosphere This fantastic location close Harrods, main busy road, traffic noise problem. The staff friendly long journey little things like arranging tea coffee delivered room nice touch. The breakfast &quot;to-go&quot; great idea I early start following morning tea, orange juice danish packed ready I left.Highly recommend",0.23472222222222225,0.5027777777777777,May 5 2005
66,66,Beautiful hotel; great location,0.825,0.875,Dec 26 2004
67,67,Great Stay!,1.0,0.75,Oct 15 2004
68,68,Location beauty elegance,0.0,0.0,Aug 21 2004
69,69,Beautiful room little loud (visited 10/02),0.25416666666666665,0.7666666666666666,Jul 28 2004
70,70,Fewer amenities price implies,0.0,0.0,Apr 30 2004
71,71,Just short excellent...,0.5,0.65,Dec 31 2003
72,72,Comfort Joy Knightsbridge Hotel,0.8,0.2,Nov 3 2003
73,73,Perfect small elegant,0.4166666666666667,0.7999999999999999,Oct 7 2003
74,74,Excellent Oasis Heart Knightsbridge,1.0,1.0,Jun 13 2003
75,75,Overrated,0.0,0.0,Jan 9 2003
76,76,Tres Chic !,0.0,0.0,Jan 9 2003
77,77,Desagradable trato,0.0,0.0,Nov 5 2009
