,Unnamed: 0,Reviews,polarity,subject,Dates_extracted
0,0,"Awful I've never done bad review goes. Firstly hotel, B &amp; B. I stayed another room ,when I stay London short notice. London booked up!. I'm afraid nothing going it. The odd smell go in: room basic, expected shower dirty huge muddy foot mark black hairs (only) towel threadbare. The bed lumpy carpet ..well.. The place noisy - traffic going past night I sleep wink. I choice stay, late night I could wait leave. Really try everywhere else (I did!)",-0.19888888888888887,0.5438888888888889,Oct 15 2009
1,1,"Great location price VERY basic I stayed Hotel Earl's Court solo trip London way home Toronto East Africa. Earl's Court better rates single rooms many hostels central London. Reading reviews made nervous stay, overall I satisfied.My single room (no ensuite) cost approximately $50 (Canadian) per night (175 pounds 5 nights). The West Kensington one minute's walk Earl's Court subway station, KEY. This station border Zone 1 Zone 2 transit system, far go still paying Zone 1 price. This helps save weekly travelcard cost. It main road windows open summer months (no a/c) noisy. The mattress uncomfortable. The room sink mirror small. The sheets towel clean room itself, certainly worn, clean. The bathroom hall tolerable, &quot;nice&quot;, separate toilet room fine. They include breakfast, consists toast, cereal tea/coffee. Friendly staff. FREE wireless internet! (quite fast connection)Overall, great value/location budget traveller picky.",0.1442002442002442,0.5367200854700854,Jul 23 2009
2,2,cheap expect.....!! cheap &amp; cheerful though room dirty breakfast room dark unusal funny smell.tho indian lady front desk stunning. Hope single?,0.21011904761904762,0.7026984126984127,Jun 18 2009
3,3,"A great stay budget I stayed despite reading reviews found ideal stay. I one night, night Brits nearby Earls Court Exhibition Centre. Apart noise taxi's outside I issues all. The room clean, warm comfortable. There problems staff, apart arriving empty reception. Tea Coffee available outside room, I taken budget option ensuite bathroom.",0.2946969696969697,0.5659090909090909,Mar 30 2009
4,4,"Do stay here!! We staying one night tickets Wimbledon. I stayed more!It looks ok outside inside wasn't!The gentleman reception exactly friendly seem happy working.Our room ground floor opposite reception. The wallpaper peeling walls, shelves dusty, tv aerial held coathanger. There makeshift dresser damaged cupboard door handle. Someone even taken batteries remote control tv.The ensuite tiny wet room - see pic!The walls paper thin, could hear person next door laughing 2am started snoring hardly slept.Continental breakfast included decided that!",0.023878205128205102,0.4724358974358974,Jun 25 2008
5,5,"Disgusting Seamy Revolting Sleazy Horrible. They say picture paints 1000 words. I really wish I'd taken digital camera show disgusting place is.The good thing right near Earls Court tube station escape realise bad establishment really is. If wise, please accept judgement. Know I exaggerating, JUST DO NOT STAY THERE. Here story......When I arrived Greek guy reception (who wearing t-shirt shorts) busy watching TV notice I there. I knocked window. He said &quot;hang minute, mate!&quot; made wait whilst watched concluding part whatever watching. I thought myself: &quot;I want hang on. I've travelling 11 hours!&quot; After long check-in process I given key room first floor. I noticed &quot;non-smoking&quot; room smelled stale sweat cigarettes, as, fact, entire hotel. The dÃ©cor must dated early 70s. The flaking yellow wallpaper impregnated smoke. Despite ashtray (a strange thing non-smoking room), surface cheap formica table pitted scorched crater-like cigarette burns. The dirty army green bedspread covered musty unwashed blanket also littered cigarette burns. The nasty, ill-matched sickly pea-green nylon curtains (I thrown better away) made enough fabric draw across window.The ledges, windows pelmets thick dust. The carpet matted years congealed dirt. Its original colour anyone's guess....oh taps brown rings sludge around them.No kettle room. Instead use communal one downstairs. Not wanting use powdered milk I ventured kitchen basement opened fridge......AAAAAAAAAAAAAAAAAAAAAARGH bowl tinned tomatoes covered green mould sat mildew-covered shelves! No way I going eat breakfast!It almost impossible find words convey seaminess place. To hugely outdated one thing, seamy, dirty sleazy quite another.Went back room shave. No towels, plug sink. Went reception asked towel. The guy said &quot;oh sorry mate, I forgot,&quot; gave towel (which, fair, perfectly clean, thank goodness). As plug, said: &quot;well there.&quot; I explained wasn't, grudgingly went found one, ok.The communal bathroom toilet (which stank urine point made stomach churn) dirty I buy bleach cleaning materials local shop bleach everything I used it. At least hot water plentiful supply. The extractor fan sounded like pneumatic drill. The light switch ill-placed dangerous.I get sleep there, felt ill-prepared interview day followed.I stayed hotels cheaper, yet far better this. Everything place sad, old, worn, decayed, unpleasant seamy. It quite clearly run people care.I half expected dead body fall cheap MFI flat-pack wardrobe (from 1975) wobbled I opened it. Just old musty blankets cigarette pack there. YUCK!",-0.10170908593322385,0.5583634373289547,Jun 17 2007
6,6,"Worst I stayed ever! Extremely disgusted directly opposite reception. The flip doors opens 2 different room, extremely stupid design there. The room DUSTY, dark even lights on. The bed even big single, double bed?? The toilet extremely small. The carpet looks unvacuumed last 6 months. Very noisy next road. You even hear people talking outside! Hotel's breakfast normal, self-made bread toast. The receptionist looks Italian guess private home managed. I hope get see rating here. I really regret paying 60 pounds hotel!",-0.15808390022675733,0.36933106575963714,Jan 20 2007
7,7,"Disgusting We prebooked prepaid (unfortunatelys) stay Earls Court hotel, bases pictures trust hotelwebsites info.I reccomend anybody. Everything dirty. Our bedblankets full stains filth. The walls full dirt fingermarks. Window curtains dirty. The toilet flush. It looked like never vacumed. Old wine fridge. The bathroom door did't close. Lamps work. I London around 30 times stayed hotels different standard, far worst I stayed in. The fact payed 110 euros it, even worse.Don't book hotel.",-0.2121212121212121,0.5909090909090909,Oct 25 2006
8,8,"Simple points abou Ok, points note hotel:Poor points:Room I requested (twin instead double ensuite)Communal shower dirtyBreakfast basic continental breakfastNo hot water room elsewhere (couldnt shave)decor pretty shabbytoo many stairs climb roomGood points:Central close tube station",0.21428571428571427,0.4813775510204082,Feb 22 2005
9,9,"Just mediocre Convienent location tube station I really like hotel. Some good things, bad. Good one person who's staying long time. Rooms small, hot water almost never ran shower sink rooms. Room telephone filthy. A bit over-priced get. Don't bring lot luggage lift. Friendly staff. Probably would stay again.",-0.007499999999999995,0.6216666666666667,Mar 18 2004
10,10,"Could Go Either Way I mixed feelings beginning. My room top floor elevator go way up. Not huge problem first - I discovered small elevator carry 1 suitcase time. Both suitcase together could weighed 150 lbs. However, woman desk pushed buttons elevator sent luggage meet me.The room small, I found European rooms be. That surprise disappointment. The room clean comfortable.I supposed stay one night fly home next day, emergency I get home right away. The staff made sure I room long necessary suggested places eat helped figure ways make meager budget work extra week I there. I worried able pay room, made feel welcome told worry would worked end. The staff great went way help out.But... time finally leave, I resorted sliding suitcase flight stairs I lift elevator. I'm afraid I woke entire 5 am, I could do!I would stay again, I would ask room near elevator! It close tube long walk Harrod's!",0.10531084656084655,0.5573941798941799,Jan 6 2004
11,11,"Poor Value Money Although twin room booked one month ahead, got probably worst room building. We given room B5, basement Meeting room ground floor. All time heard footsteps all. The room extremely small. Other one pair bunk bed, nothing place sit spread open luggage. Toilets outside clean. But showers horrible. Showers fixed wall water falls almost wall instead you. So close enough wall itself. Showers suitable tall people. Since problem room B5, asked another room shifted room B10. Same &quot;facilities&quot; without noise. Room square inches bigger two chairs. If lots luggage, struggle get downstairs staircase. The lights room low (I mean Very). Now good things. The Basement kitchen well equiped clean standard facilities (microwave, electric oven, refrigerator, cupboards, racks, plates, cups etc.) The breakfast good. (cornflakes, milk, bread roll, pie, apple, jam, butter, coffee, tea, hot chocholate, orange juice etc) Staffs reception friendly helpfull. My major complain room beds. We paid 52GBP room per night surely worth. About security, We found room kept unlocked cleaning lady finished work inside room. Next time I there, I look something better. The place unbeatable. three minutes walk Earls Court Tube station.",0.027277777777777783,0.4835833333333333,Dec 4 2003
12,12,Excellent value Ideal location. My wife I stayed Aug 04 1 week found Earls Court pleasant great value. The rooms clean ideally located tube. On searches Hotels Earls Court seemed come best price compared others catagory - We received 7 nights price 6 deal booking directly (The receptionist said offer year round). All decent place stay. I would go back. MJ,0.5405555555555556,0.6430555555555556,Sep 18 2003
13,13,"Not greatest place stay especially need wake call. We stayed Earls Court Hotel last week March. When arrived, desk clerk hostile. We originally booked 6 nights, told long gave 48 hrs. notice, could cancel nights plans changed. The desk clerk yelled us told us would pay 20% commission night cancelled, even though going stay 4 nights. The &quot;breakfast&quot; consisted toast. That's it. We ended eating first morning. We 2 tours scheduled asked wake call mornings. The first morning, wake call 25 minutes late. THe second morning, never came, luckily happened wake time get bus. The morning leave airport, call never came. Talk stressful. The rooms small. Our garbage taken every 3 days. The bathroom room quite shabby holes walls peeling wallpaper, flooring, etc. The extra blankets closet &quot;hairs&quot; them. We paid almost 60 pounds night place, worth it. I stay again. The one nice thing place 50 steps tube station, rather quiet area. Besides that, I would stay away.",0.13518518518518519,0.4872222222222222,Apr 4 2003
14,14,deludente....camere minuscole...,0.0,0.0,Jul 14 2009
15,15,Non ci tornerei,0.0,0.0,Aug 14 2008
16,16,State lontani!,0.0,0.0,Apr 27 2008
