,Unnamed: 0,Reviews,polarity,subject,Dates_extracted
0,0,"Worst Hotel ever I've London, marvelous city, I've sleep horrible hotel, everything absolutly dirty, I could say even disgusting!Please: worst thing sleep there! It even ruin visit London.Why let, city like London, open?Marc.",-0.52,0.96,Sep 23 2009
1,1,"We Survived !!!!!! Don't book ever hotel!! We go one booked overbooked. Andrewshouse Hotel ramshackled, shabby place I ever seen life I travelled world including Asia.When arrived old man opened door, totally unfriendly, uncooperative indifferent. We ask manager's name given us booked us there.The room price Â£65, would worth like Â£ 20 I would say place terrible earth.The totally delapidated, run-down I really wondering City London keeps rotten place running international guests area wich one poshest.The lady , wife unfriendly old frustrated man, actually nice Brazilian woman, eldery lady, nice. She cut price Â£5 found us nice.The ensuite room WC shown website indeed website bed courtain picture taken century ago. The room totally yuck,, tapestry coming ceilings, ashes little lamp next bed previous guest left ashes cigarette there. A cubicle middle room shower unit. The white inside curtains almost brown, never washed brocate curtaines kept together piece green package band. I close eye absolutely ice cold room. Under cover blanket woolen blanket like 60 years ago whole burning...The breakfast totally miserable, totally cheap jam I know nature, sweet, 4 hyperthin slices us 2 cheapest white toast bread, NESCAFE, corn flakes egg looked like moulded (was green) 5 hours boiled.This place immediately closed I contact authorities. It hell place! Don't ever go, book Ibis so...",-0.0022474747474747507,0.4558080808080809,Mar 30 2009
2,2,"Hell EARTH HELL EARTH!!I booked online payed prepayment, photos i-net looked good. The place horrible, horrendos important thing teatment. The MANAGER sort old man Indian 1/ smoking lounge despite restrictive signs &quot;NO SMOKING&quot; 2/ Carpet steps kept together duct tape. 3/ Rooms stinking I sure service worse look hotel, stay let prepayment money go found decent place 50meters street.It really shame nobody London municipality taking actions. It isTHE SHAME, BLACK SPOT centre LONDON",0.09999999999999999,0.6088888888888889,Aug 25 2008
3,3,"Absolutly Disgusting Hotel Dirty, gross decor generally unpleasant.We moved one booked full. En-suite facilities shower cubicle middle room. Would walk barefoot sleep beds. Only spent 4 hours room, far much. Breakfast included, declined. The park bench opposite far appealing itself. We could go on, but...",0.007142857142857125,0.5107142857142857,Jul 22 2008
4,4,Do go there!!,0.0,0.0,Nov 2 2009
5,5,Sightseeing Urlaub,0.0,0.0,Oct 28 2009
6,6,Si solo vas al hostal dormir...,0.0,0.0,Aug 17 2009
7,7,Andrews Horror House Hotel,0.0,0.0,Jul 18 2009
8,8,Esta casa es una ruina versiÃ³n,0.0,0.0,Jun 23 2009
9,9,Credetemi: Sporchissimo..C'Ã© lo sckoch adesivo Ovunque,0.0,0.0,Jun 11 2009
10,10,Schrecklich,0.0,0.0,Jun 4 2009
11,11,Einzig positiv - die zentrale Lage!,0.0,0.0,Jun 3 2009
12,12,Lo recomiendo,0.0,0.0,Mar 29 2009
13,13,horrible despreciable,-1.0,1.0,May 9 2008
14,14,Pratique !,0.0,0.0,Dec 27 2006
