,Unnamed: 0,Reviews,polarity,subject,Dates_extracted
0,0,"Worth trying get good rate Good location near Baker Street. Staff friendly helpful. Rooms small fine need bed night also beware noisy neighbours. Complimentary breakfast included decent enough selection choose start yor day, also tea, coffee, chocolate available machine lounge time needed it. Room clean towels changed second day there. Not sure I would pay full rate I got good deal I felt I got good value.",0.30514705882352944,0.5091503267973857,0.5091503267973857
1,1,"lovely clean modern place stay London centre close Madame Tussauds London, Baker streetthe rooms small essentials great cleanand staff super friendlybreakfast plentiful ( like boiled eggs come quick!)tea/coffee machines lobby - 24 hoursI happy staying",0.42142857142857143,0.6523809523809524,Nov 14 2009
2,2,"Good value great location Pros - close Baker Street tube station, makes location perfect tourism; good continental breakfast; polite staff; quiet room (we got backside one); good shower; nice area; reasonable price Central London.Cons - tiny room, miniature bathroom; dirty carpet (it definitely needs replaced); really need care bit cleanliness.Overall pleasant experience, I would recommend Americana days stay.",0.34645833333333337,0.5925,Oct 12 2009
3,3,"good value everything needed nice breakfast. Well posh location price good, especially needing place shower sleep, were.",0.5525,0.8450000000000001,Sep 16 2009
4,4,"Great Hotel stay really pleasant comfortable.. close center underground .the offered drinks tea/coffee wanted them, room modern bright...we enjoyed time would defo go back highly recomended booked octopus travel online got great deal Â£153 2 nights b&amp;b(continental) 2 us. parking 100 yards hotel..ncp quite pricey Â£30 per day.. central london!!!",0.34933333333333333,0.5156666666666666,Sep 2 2009
5,5,"Americana We stayed Americana three days august. The location great, short 5 minute walk Baker street underground. Good breakfast,free coffee day &amp; night. Smallish rooms clean enough. The thing needs repaint walls looking bit shabby. Would stay again.",0.3111111111111111,0.6416666666666667,Sep 2 2009
6,6,Not I expected The Hotel good location.The staff polite friendly.Breakfast great.However rooms small tight can't find place suite-case !!I would recommend one day stopover.but long stays I stay find cheaper hotels bigger rooms!the back rooms quit!the front rooms noisy busy street.try get backside room.,0.0923313492063492,0.39619047619047615,Aug 21 2009
7,7,"Rooms disapointing need updating We stayed Americana weekend, I booked looking reviews sites, also price excellent location seemed ideal.The room disapointing, first look, seemed nice turned light on. The carpet dirty, anything it, obvious hoovered, bad need shampooing, carpets throughout halls same. The blind, leaf pattern resembled hash plant go up, lights always on. The bathroom small, shower door, well worn, opened enough get tiles broken floor walls. It great need updating.Unfortunately room stayed must either previously smoking room yard used smoking employees stale smoke smell lingered room times. Also stayed hot London help stuffiness room.Apart I fault anything else, plus points, staff friendly, breakfast fine, location excellent, minutes walk Baker Street tube station ten minutes walk Oxford Street.I stay Americana again, unless I knew rooms updated, mind I would say stay there, longer days.",0.08240740740740739,0.48456790123456783,Aug 17 2009
8,8,"Good location could improve We stayed one night. Arrived saturday long bus trip, got twin bedroom instead double room.... complain wanted go see sights asap!. Room basement window opened (good job noticed window leads outside stairs go street)...not safe.The room imaculately clean ok, bathroom, dirty bits hard get areas.Breakfast nothing special, ok.Location really good, close Regent Park, Baker St... perfect go Wembley Stadiun stop Baker St took 15 min. Metropolitan line.It fine price paid.",0.23326719576719576,0.5326719576719577,Aug 17 2009
9,9,"Slightly disappointing considering good reviews I stayed Americana friend 2 nights June, I booked based good reviews. The location perfect, really close Baker St tube station there's shops pubs near too.The website booked specify twin double room, I asked twin room booking. When got there, got double room back hotel. It tiny stuffy, seem clean toilet flush working. Based room, I would rated 1, disappointed. We spoke guy reception (who friendly) could get different room, unfortunately booked night, offered give us different room following day. The second room got twin room lot bigger nicer. Everything working fine happy enough. Both rooms could've done lick paint though. Breakfast OK. I'm sure I'd really stay again, good value great location, going stay nights grand.",0.150703125,0.5148090277777777,Jul 17 2009
10,10,"Perfect location short stay London We stayed Americana July 2009. We 5 days see sights Americana perfect base Baker Street Marylebone stations minutes' stroll away. Having Regents Park close lovely several pubs restaurants nearby (The Volunteer pub great find!) We room rear really quiet - unexpected London. The bed really comfortable, room clean bathroom small good shower. Breakfast adequate. We would stay next visit London. My suggestion would kettle teabags late night early morning cuppa.",0.19749999999999998,0.5983333333333334,Jul 17 2009
11,11,"Brilliant-would definitely stay again! Stayed 3 nights whilst town LIMS show. Lovely clean foyer, excellent fresh continental breakfast, free drinks lobby, polite staff, secure. Great location tourism, 5 minute walk Baker Street tube station. Room small side inconsequential midnight every night. Clean bathroom, safes fitted rooms. Lift stops 3rd floor small, beware carrying large amounts luggage. Quite lot traffic noise front due location main road affect sleep.On basis stay, I would definitely stay again.",0.2652521008403362,0.553935574229692,Jun 19 2009
12,12,"real find! great little tucked away behind baker st.the rooms lovely clean beautiful decor.The staff superb,nothing much trouble.As single woman traveller I felt safe hotel.I DEFINITELY stay London.I hope keeps lovely atmosphere dosent resort gimmicks raise profile.Stay are!!/",0.28814484126984125,0.5845238095238096,May 31 2009
13,13,"Excellent location clean Great location clean take kettle need drink first thing morning drinks available downstairs. Also take ear plugs light sleeper traffic loud. Staff really friendly, breakfast good: would go maybe August would choice hot (window shut eliminate traffic noise) subjected rumbling lorries buses night long.",0.40064102564102566,0.7194871794871796,May 29 2009
14,14,"highly recommend city trip We stayed 3 days.Very close important things see London, undergrond 10 minutes away (very easy use).Staff friendly, room small OK clean.Over all, good long weekend.Would sertenly come back next trip.Tumbs !!A lot thanks staff hotel, hope read reaview :-)Belgium greats all.",0.2413888888888889,0.5263333333333334,May 4 2009
15,15,"Great location cheap price London This great location close Baker Street Station Regent's Park. It's also walking distance St Pancras (15 minutes) Eurostar leaves from. My room good size quite comfortable. The complimentary tea, coffee, hot chocolate etc coffee machine lovely added touch. And price cheap central location London.",0.4136363636363637,0.6500000000000001,May 3 2009
16,16,"Excellent - especially location price This small bed breakfast style location excellent location 5 minutes walk Baker Street Tube station near everything London. I recommend anyone travelling London budget. I stayed 5 nights extended trip Egypt. The rooms small extremely quiet, tons hot water, excellent spa bath products amazing staff buffet breakfast included. The front desk open 24hrs. There many excellent reviews already I go on...I'll say I agree every positive comment absolutely nothing negative say hotel.",0.3173295454545455,0.6955492424242424,Mar 31 2009
17,17,"Home away Home... I booked 3 nights Americana recently pleased accommodations, helpful friendly staff well convenient location. On previous trip UK 2006, I stayed several reputable hotels Earls Court. The rooms Americana larger better storage areas new flat screen televisions, personally I felt like Regent's Park/Baker Street area desirable place stay...and room rate actually quid less! The en suite bathrooms also larger well appointed. I extended stay day later returned week travel stay another day flight home. Finally, everyone worked cordial matter time day night I encountered them, helpful local information. This definitely case several hotels I encountered, many put restrictions times come go. I would recommend American traveler looking good value safe comfortable convenient hotel.",0.15524475524475523,0.38607226107226106,Mar 12 2009
18,18,"Could much better little care Totally agree said previous review Superkev. We exactly experience wise enough ask better room, stuck miniscule double room first floor (enter room via washroom). If cared bit cleanliness room size mattered, unfortunately clean room important aspect me. Cobwebs, dirty carpets, grubby toilet, marked walls acceptable therefore I cannot recommend hotel. It's shame breakfast, location free hot drinks excellent.",0.18170289855072466,0.5554347826086957,Feb 23 2009
19,19,"A little disappointed overall plenty positives. Just come back Americana. I would rated 7/10 good lady thought 5 first 6 departure.Pros; Location- close Baker Street tube, 10 mins walk Oxford Street/ Hyde Park, 2 mins walk Regents Park. Very pleasant staff- complained pokey double room gave us nicer twin basement cafuffle. Bathrooms nice modern mosaic tiling. Reception area nice free coffee (not great, mind!), tea apples- nice touch. Breakfast ample continental boiled eggs choice cooked meats.Cons; First room tiny, get past reception area, light colour carpets decor good state- need attention soon! Our second room spacious walls carpets badly marked, ceiling marked (!?), lots cobwebs bathroom little grimy &quot;hard get&quot; areas.I would go back, good lady would push would prefer return Astor Court available.Highlights break? Dinner Langhans Bistro (fab) late night kebabs peculiar kebab shop road (small incredibly tasty home-made chips!).",0.19027777777777777,0.5105555555555555,Feb 15 2009
20,20,"good decision stay americana real reason chose americana stay close venue I important appointment following day I required good night sleep.Inspite heart London, quiet room neat tidy. The automatic coffee machine asset place making coffee easy. The gentleman reception kind helpful well. The breakfast good served well.Overall purpose visit stay I can't ask anything served purpose anticipated.I sure I staying I important venture London.Excellent single person staying official business possibly anybody wants stay heart city quiet neat place.",0.3832581453634086,0.6033249791144527,Feb 2 2009
21,21,"Really lovely Just came back saying 3 nights here. What I say place? Firstly great location, safe easy access town. The room tiny stayed room sleep, I complaints. The shower room small also ,but shower fantastic, powerful hot. The breakfast lovely place clean. staff helpful.Overall I really loved place return again. The thing stopped rating highest need coat paint new carpets I stayed far expensive hotels patch place.",0.24681818181818183,0.6843939393939394,Jan 27 2009
22,22,great location super clean Been Americana 4 nights .Cannot fault .The rooms normall london quite small job .The location absolutly fantastic 3 stops underground Oxford circus . Hotel staff really friendly .Cannot enought .Highly recomanded .Will go back,0.28928571428571426,0.5595238095238095,Jan 5 2009
23,23,"Super experience Americana This super although weather poor nice bright clean convenient made everything. It perfectly located shopping Selfridges stores Oxford Street. For guests,the reception area spot one watch tv, coffee wait great comfort beautifully decorated surroundings. The rooms well appointed lovely interior decoration,Also, linen bedroom furnishing delightful. The helpful check continued support staff desk information throughout stay sunday tuesday made short break London memorable. Just one small thing brass front door polished like Brass Rail restarant ground floor Selfridges.",0.3880208333333333,0.7192708333333334,Nov 12 2008
24,24,"The price right. Booked Hotel internet couple weeks ago - hearing several good reviews accommodation. From outside I must admit really look much. However stepping proved pleasant surprise The lounge reception clean modern touch staff helpful. . Upon receiving room keys, partner made way room (on upper floor). Instead opting walk flight stairs decided take hilariously match boxed sized lift - added character anything, mention also gave us good laugh!Getting room problem, however inability use door keys! Luckily lovely room cleaner came aid.The room clean, modern everything could ask considering amount money paid - short essentials (En Suite, Freeview T.V, Landline Phone, Wi Fi &amp; Hair Dryer). Breakfast simple continental breakfast served purpose fine offered enough variety. Overall I would highly recommend anyone looking go London budget - disappointed. Forgot also mention literally 2-5 minutes Marylebone Baker Street stations various shopping outlets food chains scattered around. Would stay recommend friends/family. I'd also advise anyone London grab tickets Blood Brothers Phoenix Theatre - fantastic show!",0.22227106227106233,0.49036630036630036,Aug 14 2008
25,25,"Typical tourist overpriced London Stayed one night hotel. Rooms quite small, clean within easy distance Regents Park, Baker Street transport. Okay night two doubtless typical tourist class priced London.",0.10023809523809525,0.574047619047619,Jun 27 2008
26,26,"Great location price Booked mid week break London. Really liked townhouse style great location near Baker street tube station Madam Tussauds. Tour buses also go area. The points, reviewers noted. The Carpets! I begin... They bad state. If replaced would really nice hotel. We booked twin room two nights double, offered us another room free charge, nice considering bothered. Bathrooms clean modern. Rooms small job. They offer really nice tea/coffee day reception nice touch long day sight seeing. Would recommend location price wish they'd get new carpets!",0.21977693602693607,0.5902429052429053,Jun 26 2008
27,27,"Very Nice. Nice area shops restaurants nice parc across. Easy access underground. Breakfast nice. Cheese, toast, croissants. Toilets nice, room also is. All really nice hotel. :D",0.597037037037037,0.8814814814814815,Jun 4 2008
28,28,"Enjoyed stay This great hotel, especially price location. It's located near beautiful Regent's Park, tube, restaurants laundromat. There's also mini grocery internet cafe nearby. Robert Simon front desk helpful, changing room requested (due construction noise - new room fine) going purchase clothes hangers I requested room. Beyond Robert helpful suggesting itineraries places visit overall friendly, making trip even enjoyable. The negative points many significant sustaining. I would definitely stay Americana again. Our stay first half Feb '08 (this review way overdue) construction building next door so, I mentioned, first room noisy Robert moved us new room nice quiet. The room faced street I find loud despite others written. The rooms small, one person really walk bed wall time, unless plan spending lot time room I worry it. The elevator neat, old style one gate, small go top floor. If large suitcase might able fit second person elevator time. Regarding television, I remember people wrote stations limited remote control room quite stations indeed remote room. All great deal. After hours online research, Americana cheapest, yet still decent, I could find. So want save money place go. The free breakfast also great draw. I'm US remember I paid $130 US dollars per night two people double ten nights Otel.com. I think might converted 65 British pounds per night time.",0.17814502164502166,0.4552770562770563,Jun 2 2008
29,29,"Good location - pity racket Room tiny &amp; basic, clean.Great location - 5 mins walk Baker St underground get places easily. Oxford Street 20 mins walk. For price, fine beware like lie-in morning - building work next door loud &amp; started 8.00 every morning. Likely going next months..",0.15666666666666668,0.44965277777777773,Mar 4 2008
30,30,"A good choice I stayed Americana business several occasions 2007. The nice location, close tube (Baker Street 5 min walk). For small, comfortable central London, I think good value. I've stayed several different rooms found clean well laid-out functional.The bathrooms, although small (and minus bath!) clean modern; water hot throughout day. The breakfast continental buffet style there's reasonable choice much want.I've never problem checking out.Things could put visitors:1. busy road anyone staying front WILL hear traffic noise;2. there's restaurant eat bring something back (Tesco road)3. TV gets tuned reception desk; can't room. Every time I've stayed I've 4 channels TV different ones time - annoying planned watch football ITV ITV. Reception sort though.",0.11303240740740743,0.5153703703703704,Dec 4 2007
31,31,"Fine location nich bathrooms.. Very bright ( 3.th floor), small rooms. Very good closetspace!, beautyfull new bathrooms, amazingly big,The carpet looking dirty, rewiers, found dirt bed wasnÂ´t ousr! A big shame, cause expect that, would perfect place, price!Practical location, 4 minutes walk easy-bus stop, Bakerstreet subway,and close oxford street.",0.25639835858585863,0.6532954545454546,Nov 19 2007
32,32,"so-so Tiny room, toilet good. I can't understand TV remote controler. To turn TV off, move bed. The staffs kind, much bright. Everything so-so.",0.3111111111111111,0.5,Oct 11 2007
33,33,"Tiny dirty The room fit bed one foot around side it. We trouble fitting two backpacks somewhere! The shelf toilet covered hair dustbunnies rotting avocado bed. When mentioned front desk check-out replied &quot;Well YOU tell us dirty, fault too.&quot; That great hear. The worn, room tiny filthy. Definately would stay again, disappointed.",-0.09102564102564102,0.5250000000000001,Sep 30 2007
34,34,"Great Hotel high-priced London I pleasantly surprised hotel. I ton research trip advisor I found best less $150 day look sound absolutely disgusting. Once found experience great (we took long route, really 2 blocks tube). The desk attendant helpful efficient. When asked fan room one returned. The room looked like pictures I saw here. It small claustrophobic, clean, nicely decorated. The problem shower work first time tried use it. We called front desk seem surprised hear problem. However, within 15 minutes someone came fixed problems. The continental breakfast excellent. Not coffee machine, juice, milk, cereal, yogurt, fruit, croissants, rolls, toast, deli meats cheeses. This great, relatively inexpensive overpriced London I would absolutely stay look forward it.",0.2137777777777778,0.6225555555555556,Sep 28 2007
35,35,"Pleasant Surprise! We (me fiancÃ©) stayed Hotel Americana London 3 Sep 5 Sep 2007. Hotel room really small, tidy surprisingly modern considering .. ;-). Reasonably priced hotels London really dodgy located far away transport network. Staff helpful, breakfast okay location great!Only couple minutes walk Baker Street tube station bus station across street. So even tube strike ruin stay...Even though located near main streets area, noise.I definitely recommend friends, visit London :-).",0.26794871794871794,0.6153846153846154,Sep 18 2007
36,36,"Satisfied Customer We found booked Americana short notice relying website reviews disappointed. Walking distance Bakerloo tube station adequate number bars eateries nearby. Nicely renovated checkin adjacent lounge breakfast room. Our two rooms overly spacious low price, London. However clean comfortable adequately fitted out, elevator. Included breakfast quite full-English, still good standard. A well-presented friendly helpful staff.",0.33194444444444443,0.5513888888888888,Aug 22 2007
37,37,"Good little find Brilliant little - stayed one night attending concert 5 mins walk Bakerloo line, clean, en-suite done looked like room too.Staff friendly reception, would definately recommend going London - definately use again!!",0.3922309027777778,0.6583333333333333,Jul 15 2007
38,38,"Good price- lovely staff Myself fiance stayed 3 nights July 6th-9th. We London Live Earth gig chose I read good reviews Tripadvisor knew near Baker st tube, Wembley Park line. It indeed VERY convenient. Near Oxford st shopping, stones throw Madame Tussauds handy Wembley Stadium. We one basement rooms, honest, pretty small. There patio door rather window I little worried security probs all. Room clean modern bathroom good, great pressure shower. Excellent hearty breakfast available staff lovely (a nice man reception got us tickets Madame Tussauds Â£17 vs Â£25 would paid door!). When checked let us leave bags caught flight. Good experience- would stay again.",0.42216810966810964,0.6357142857142858,Jul 13 2007
39,39,"really nice place stay What lovely small hotel. Such find London lot smaller places awful. The staff really friendly helpful. Rooms quite small tastefully decorated flat screen TV. The bathroom pleasant large overhead rainshower boutique. The breakfast plentiful lots choice, lounge area free tea coffee modern. The minor downsides were:A bit noisy staying fourth floor street ( 7 11 pm).The room hot due temperature London stay, air conditioning large window (a nice area outside window sit get there).This really nice area, quite upmarket felt safe night two females travelling alone.I definately return again, one best 3* I stayed London. Compare 5* Russell square, rooms smaller service food much better. This quite central easy get around 2 tube stations close.",0.19867460317460317,0.5396825396825398,Jun 15 2007
40,40,"Really VERY pleased stay We stayed one night Americana, I impressed. Yes, room small, well laid furnished light colours seem claustrophobic. The bathroom, although small, good overhead 'rain' style shower, well standard fitting. Breakfast good. The lounge area real bonus 3* hotel, free tea coffee lovely touch. It would seem bad reviews mostly couple years ago. The renovated since then, standard compete hotels higher rating categories. I'll hesitation staying again.",0.23666666666666675,0.5525925925925925,May 16 2007
41,41,"careful! Please use credit card hotel. I stay 3 nights april 21-24. When I check-in I presented VISA, PRE authorization, since time I sure method payment (cash, credit card).When I checked-out april 24 I decide use another card, American express, instead VISA. All debts charged AMEX card.Nevertheless, I checked cards balance, I verified THEY BILLED BOTH OF THEM!!!!I enormous headache dealing wtih VISA AMEX trying cancel undue debt.Therefore, large bad faith actually robbery.My advice: stay hotel, pay cash.",-0.12295918367346936,0.5691609977324262,Apr 26 2007
42,42,"Great location lovely We really enjoyed stay Americana. We end March stayed four nights. The staff nice. The room small, pleasant, location excellent. It's within two blocks two different tube stations. It's also quiet street, near several good restaurants pubs. Everything clean comfortable. This great budget-minded. We would definitely stay again.",0.40875,0.65375,Apr 12 2007
43,43,"wonderful welcome! stayed 4 days enjoyable stay... small cosy.. somewhat noisy fact could hear neighbours, lucky considerate neighbours.The nice lobby coffee machine available hot drinks complimentary kettle rooms. The continental breakfast consisted bread, toast, croissants pastries, hams cheeses eggs cereals yoghurts... plenty hearty breakfast set day.. never shortage food!The shower room good size, bed room.Above all, staff extremely helpful welcoming.Would definitely stay again!",0.3525641025641026,0.6891025641025641,Mar 13 2007
44,44,"Great experience! Best location peaceful area heart London.A boutique , cosy lobby - sitting room variety complimentary coffee / tea .Very clean warm rooms recently renovated everything brand new.Amazed continental breakfast included juice,all kind coffee , tea , selection cereals , bread , croisants.Also fruit , yoghourt ,cheese , ham, smoked turkey , boiled eggs etc Above people friendly , profesional helpful.",0.4467424242424242,0.5236363636363637,Feb 9 2007
45,45,"Great Location Friendly Staff It nice experience staying Americana Hotel.The staff available anytime need , always willing help information require.The location great, 10 min walk Oxford Street 3 min Bakers Street underground station easily move around city. Rooms clean. You enjoy complimentary coffee, tea anytime &quot;warm&quot; lobby area. We also found breakfast satisfying. Room rates reasonable.Surely would enjoy using next stay London !D. Petrou/S. ChristodoulouCyprus",0.41766666666666674,0.5878888888888889,Jan 26 2007
46,46,"Good value hotel. We stayed three nights Americana Hotel. The pleasant lobby area breakfast served complimentary hot drinks available throughout day. The double room small clean tidy, towels changed day staff reception helpful friendly. The conveniently located minutes walk Baker Street Tube Station. This budget price good value money. Car Parking available outside night NCP car parks nearby expensive use day.",0.2684375,0.49375,Nov 3 2006
47,47,"good location decent price We stayed refurbished satisfied new standard (especially brand new bathrooms nice). The rooms vary size, barely turn around bathrooms, however, lucky get room large bathroom. Rooms small LCD TVs lacks international stations, unfortunately.The staff available 24/7 friendly helpful. Nice breakfast complimentary tea/coffee/etc available time. Good location, decent pricing.",0.2895589826839827,0.5577164502164502,Jul 20 2006
48,48,"Friendly good staff! Two persons stayed four nights july 2006 two bed room downstairs. The room seemed newly renovated, everything worked well.The staff helpful careful used many hotels friendly!A good experience!",0.3795454545454545,0.5661931818181818,Jul 19 2006
49,49,"Poor despite good postion. Big problems here. Not clean. Regretfully paid 6 nights advance. Believe prepared small rooms, long rooms satisfactory. But genuine health hazrd. The first night woken noize airconditioning vent outside window. Made noise jackhammer. repeatedly went on. They changed room complained next morning. This one ok clean all. Shower ridiculously small point can't even wash properly. TV work properly went occasionaly reason. The staff nice enough admit manager look place properly. Breakfast ok. The position good, favour give place miss.",0.10343822843822843,0.38735431235431234,Jul 3 2004
50,50,"Beruit better Possibly one worst hotels (I use word loosely) ever misfortune stay in.Booked two nights could manage one.The room filthy, carpets disgusting, bedding alive, light fittings hanging walls, wardrobe door lying next wardrobe floor. The bathroom permanent waterfall taps shower work, tiles loose water stains roof walls....we mention toilet !Avoid costs !",-0.1671607905982906,0.5948717948717949,Jun 14 2004
51,51,"Some problems liked Ipve stayed Americana 3 consecutive year I agree, rooms small, access 4th floor must made stairs (a nightmare carrying heavy luggage !) yes, bedcovers usually dirty, breakfast complete (however tasty) bath towels clean, personnel attentive helpful, mention excellent location 24 hour desk service . Indeed, would demand refurbishment (and actually it?s going one year). Besides that, I still recommend it, travel see London, hotel...",0.13666666666666666,0.6599999999999999,Apr 7 2004
52,52,"Also impressed Very small expected. But well-maintained. Bed coverings shabby, carpet dirty, bathroom ok especially pleasant. Hot water came went - know when! Sheets directly mattress, pads. But clean towels day bed made. Pleasant people desk. Excellent location. Great price. All all, mixed bag.",0.1618589743589744,0.6630769230769231,Mar 30 2004
53,53,small convenient Stayed 2 nights. Our room tiny location convienent price reasonable.,0.037500000000000006,0.44999999999999996,Jan 15 2004
54,54,"Not Impressed This impressive. It good location several odd problems. The shower rusted, tiles missing, room tiny, bedspread damp (wet) worst bed bugs! If willing put price charge, great!! On way back London, 20 pounds I found much much much nicer Oxford Circus Area.",0.03324786324786324,0.47128205128205125,Dec 11 2003
55,55,"Hated place I stayed place one night September. I put room very, small absolutely disgusting. Shower stall moldy, linens clean staff told management really care upkeep hotel.Do stay here.Terry",-0.5016666666666667,0.624,Oct 29 2003
56,56,"Pleasant stay good area A pleasant place good area (near Baker Street Tube Station). Rooms small clean coffee/tea, phone, TV. Personnel helpful. Cold complimentary breakfast enough. Nothing special, comfortable quiet (we back side). Good location walking Marlebone Road, Regents Park, Baker St. Tube Station. We'd stay again.",0.2776984126984126,0.603873015873016,Oct 17 2003
57,57,"Nice little I stayed single room June 10-15. The room downstairs night I could barely hear rumble tube (Baker St. tube station 3 blocks away). Walls thin I could hear neighbors shower (among things). Room small, I expected (I went see London stay room). The shower size phone booth. The room air conditioner (from I could tell), really needed. The TV 3 stations, CNN. The staff friendly helpful. I liked handed key room instead placing counter. A small quiet pub next door.",0.022879464285714288,0.5120386904761905,Jun 20 2003
58,58,aceptable,0.0,0.0,Nov 16 2009
59,59,Excellent rapport qualitÃ©/prix,1.0,1.0,Nov 14 2009
60,60,Bastante Aceptable,0.0,0.0,Nov 2 2009
61,61,HÃ´tel pleins de charme Ã proximitÃ© du centre mais dans un quartier tranquille,0.0,0.0,Sep 6 2009
62,62,Bon rapport QualitÃ© Prix,0.0,0.0,May 28 2009
63,63,Lo recomiento totalmente buen emplazamiento confortable,0.0,0.0,May 13 2009
64,64,Capodanno 2008 Londra,0.0,0.0,Feb 2 2009
65,65,sympathique et acceuillant,0.0,0.0,Jan 7 2008
66,66,Manque de propretÃ©,0.1,0.4,Nov 29 2006
