,Unnamed: 0,Reviews,polarity,subject,Dates_extracted
0,0,"stay away dump , dont enticed cheap price location, dump.",0.4,0.7,Feb 7 2009
1,1,"Never Take leaf book stay place. If fact I went London three days [November 2002], I would taken stuff moved another hotel. Justification:1/ worst - I booked room via Internet received acceptance two days, called asking feedback - said room booked everything ok. Mind you, I particularly wanted single en suite. When I came hotel, reception desk closed although knew time arrival. Then little boy came said I take room Cedar Hotel, part Annexe. I went told room ready; however, double room sink, suite I booked. 2/ room quite shabby window close [thank god warm]3/ staff unfriendly4/ guests mostly youths different countries - I guess want party, may try, otherwise don't.",0.006364468864468868,0.4555860805860806,Feb 17 2007
2,2,"Do Not Stay Here DO NOT circumstances stay hotel. I booked single facilities. However I given smaller broom cupboard home. It also right behind railway tracks entering Victoria railway station meant constant noise throughout night. The toilet 2 floors away small fridge provided work. The location good Victoria coach station moreso Victoria rail station. The staff breakfast fairly pleasent polite good morning. However room dreadful factors paled significance. So tempted price, DO NOT STAY HERE.",0.05735930735930736,0.5257575757575758,Jan 28 2007
3,3,"Good place location price My boyfriend I originally booked Cedar Guest House web site January 5-8 2007, turns small hotels street actually connected. Upon arrival, transferred Annexe Hotel. We ensuite double room. The room tiny, decor ugly, kind customer service. But clean enough (not sparkling though) - bed bugs creatures, breakfast provided (although didnt take advantage this), got excellent price (40 pounds/night), location close public transportation popular tourist sites (right Victoria Station). This adequate us, I guess depends important you.",0.21092436974789916,0.5682773109243698,Jan 22 2007
4,4,"WARNING: Stay away Arrived laden luggage annexe long trip next day. We greeted voice intercom asked us names, answering question told room taken given wrong credit card details available rooms left evening. Fortunately, read bad reveiws way conducts buisness, person reservation details printed internet. credit card details woe behold correct. He proceded try tell tried email let know. also happened blatant lie. We phoned twice confirm reservation twice told everything fine. We confrontation front told another around corner could stay . shambles turned be. experience annexe got holiday bad start stop travellers going rubbish job done.",-0.16319444444444442,0.4361111111111111,Nov 5 2006
5,5,"Well worth money The okay price well worth it. It clean cosy offers simple breakfast every morning- similar bed breakfast every way cost. My warning bring earplugs tube station right across street quiet. The beds comfortable though. Overall, well worth it.",0.20556776556776557,0.4035531135531135,Jan 1 2006
6,6,"Customer Service? Firstly got reception made us wait outside [...] cold 10min inside knows what.When finally got inside reception desk told Hotel cancelled reservation informed us via email telephone. This far true, never informed this.So told simply asked another room, problem sign hanging said Rooms Available. The nice man behind reception said possible holding customers.(at 23:00???) Anyways finally left, say cancelled reservation without informing us. We proceeded Comfort Inn around corner told us people turned away constantly Annexe Hotel problem....Â¨thanks Annexe Hotel great London stayÂ¨",0.0859375,0.5671130952380953,Dec 11 2005
7,7,"Decent enough - positive experience I booked double ensuite jan 2005 website. The 4 5 hotels/b&amp;b street (hugh str) owned management basically I got view expect reading reviews, terrible.I tight budged I knew I stay 2 nights, spent outside, hanging London til late night.Another thing totally need LOCATION. And it. Close victoria station coach station needed 3 am.I made phone call directly months told fully booked, suggested try anyway website booking. Not booking system website allowed book anyway period also special discount type room, usually costs around 50-55, I around 41 (all GBP Â£). I previously made deep research, nothing area costs amount, places I contacted prices shared bathroom.We given room bathroom inside, everything decently cleaned, bedbugs, animals, hairs traces previous people, dirt bathroom.The room small, double bed barely walk inside. If small luggage lucky: travellers luggage stay altogether room. There drawer place store things. There TV cups necessary tea. We use things anyway.The area noisy, street pretty silent cannot hear trains victoria station. It seem even bad neighbourhood, since got back shows midnight/2 found basically NOBODY around.The bathroom proportioned room, small, imagine elevator max 3 people capacity, put WC small basin inside, that's bathroom. The shower provided above, whole bathroom water becomes shower, bit odd italian taste London write essay brit showers. Me friend used found problem.I remember freezing cold, anyway, windows although old, hole suffer inconvenience night. Breakfast morning typical UK B&amp;B, cereals, milk, tea, coffee, bread whatever included price.I doubt give place 3 4 star, I decided 4 2 reasons: one price/value good (remember I paid 41 per night) second checked noon leave luggage picked 3 later on, let us charge. Both hostels I previously I visited London charged incredible amout pounds leave luggage common room. Those guys kept 3+ suitcases 12+ hours charge. They curfew, good also spend night pubs/shows/out.The staff overall friendly rude. I see also many &quot;clearners&quot; mornings going stairs seemed work lot.Keep mind I advice families children, old people (there's elevator building old victorian one, difficult stairs), think need extra room clothes, desk write/read. I sure bigger rooms request expensive.If 2 point hostel cost much (if consider extras, linen, breakfast, luggage deposit, lockers). If upgrading hostels b&amp;b/hotels try.I understand needs budged traveler high-class tourist hilton I hope I wrote clear honest picture place. If I go friend needs taste I would take consideration getting back here.",0.04860735117777372,0.3972118570005894,Jul 29 2005
8,8,"Bad! stay room small bad smell, even though booked ensuit room actually take bath bathroom make feeling well. price expensive next time, better pay little B&amp;B rather stay here.",-0.08874999999999997,0.4408333333333333,Mar 31 2005
9,9,Muy buena situaciÃ³n lo demÃ¡s muy mal.,0.0,0.0,Aug 27 2008
10,10,Service mediocre et chambres horribles,-0.5,1.0,Oct 11 2006
