,Unnamed: 0,Reviews,polarity,subject,Dates_extracted
0,0,"Nice - great value After checking reviews try find something expensive area, I decided book City Hotel. I disappointed. Entering twin-bedded room 4th floor I thought I going pass heat, I able turn efficient radiators comfortable level even though control knob stiff. It surprisingly spacious, clean nice view City lights. The beds little small hard side, I would preferred duvees rather sheets blankets, still comfortable enough, reasonably quiet. The bathroom small, surprisingly enjoyable shower small non-power-shower rose, complaints. I breakfast, would cost additional Â£10. Very good value City hotel!",0.21210317460317463,0.6203864734299518,0.6203864734299518
1,1,"Good Hotel little noisy I stayed City Hotel September 2009 3 nights. It first time London I knew hotels expensive. We want spend fortune hotel, that's decided stay City Hotel. It close Downtown, take tube Aldgate East takes city centre. The clean staff mostly friendly. However, like bathroom, small! With 3 ladies everybody get dressed much fun. Furthermore, located directly street, noisy also night. I sleep earplugs even window closed, room still noisy!Nevertheless, I would recommend expensive Downtown short time. Don't expect luxury, 3-star hotel. If stay much room come sleep, like hotel!",0.045512820512820504,0.44948717948717953,Nov 22 2009
2,2,"A surpassed expectations. The staff could friendly welcoming. They helped us celebrate daughter's 30th birthday style many special touches. The cocktail lounge good buzz. The restaurant served wonderful Asian fusion food dishes please taste. It served beautifully tasted even better. The rooms varied decor traditional loft-type cool clean well equipped. We walking district Brick Lane, Columbia Road flower market Spitalfields Market great fun Sunday. A great place stay.",0.49325396825396817,0.5980952380952381,Nov 17 2009
3,3,"unexpectedly good! reception public areas good, room clean, staff friendly. Didn't try eating bar looked lovely though deserted. Very handy location good value. Room back quiet window could open.",0.3906060606060606,0.5136363636363636,Nov 3 2009
4,4,"Don't put off!!! Don't let people's reviews put booking hotel. We arrived car heart sank turned corner Osborne Street saw inside I forgot run street looked. The reception welcoming friendly staff booking-in took matter minutes. We'd booked two rooms, one husband one son. His room third floor obviously refurbished yet looked rather 'tired', especially bathroom, everything clean. Our room top obviously new extension quite contemporary. The bathroom quite small functional lack shelving toiletries etc. lovely white fluffy towels. The beds comfortable crisp white sheets extra pillows provided. Again, nowhere room put cosmetics, toiletries etc could benefit chest drawers similar.The rate paid include breakfast special rate Â£7.95 (usually Â£9.95) ordered paid breakfast arrival. This good value money. There hot cold buffet good choice dishes excuse anyone going hungry. Another bonus secure, site car park, although additional charge worth .The views front bedroom windows leave lot desired view well placed, 2 minutes Aldgate underground station 10 minutes walk The Tower London Tower Bridge.We felt perfectly safe walking back late night.All good city although full room rate could considered high type run location, always discounted rates found I doubt anyone actually pays full rate. We paid Â£59 per room (+ breakfast) absolute bargain London hotel.Would definitely stay without hesitation.",0.13831045648118817,0.4795630521240277,Oct 28 2009
5,5,"Don't go On first walking room I pleasantly surprised. The room larger expected, bright airy large flat screen tv. However, beds uncomfortable - come need good nights sleep. Pillows mattress rock hard, air con fridge made strange noises night. Also, tempted eat restaurant claims get 50% food 20% drinks. Me boyfriend students dont lot money, told guests would get money encouraged us go restaurant. However, ordering food drinks, one waiters came bill, saying could get 50% off, also take 20% drinks. There also &quot;service charge&quot; explained charge every table pay waiters get food bar kitchen. But RESTAURANT, waiters expected bring food surely?. He expected tip well service charge. In end took service charge bill, 20% 50% food drinks. So ended paying lot money things ordered - food ridiculously overpriced. Would surprised kept money taken food drink tip.The location great. Was couple minutes walk Aldgate East tube station, I didnt feel safe walking short distance hotel.Would recommend",0.0981203007518797,0.5883458646616543,Sep 2 2009
6,6,"Surprise Booked hotel, read reviews worried might lie ahead. But arrival found reception staff friendly helpful check efficient. The room I allocated back quiet. Lovely comfy bed, big T.V. fridge, bathroom...all spotlessly clean. No problem toilet. Towels etc changed daily. Breakfast available hotel, lots coffee shops area preference. Lots interesting places eat area well, Brick Lane around Spitalfields market area too. The nearest tube one minute away also possible walk Tower London area. Thought great place stay, good value good location.",0.3080555555555556,0.4522222222222222,Aug 29 2009
7,7,"This fantastic! You disappointed. I also worried reading previous reviews. My mind put rest soon I walked reception warm welcome. Checking took minutes, whilst sharing joke clerk. I soon outside room door hesitantly put key card opened door....to large, clean, modern room. LCD TV wall..a double single bed (all me!) even today's paper, latest editions two well known magazines left out.Heading trendy bar I relaxed comfort heading back room fell asleep comfy bed.I rang reception get room safe opened within minutes maintenance guy door professionally showed operate it. I felt safe times found service extremely pleasant good natured.Some people commented surrounding area safe areas. I would really agree, area IS blue collar long follow rules personal safety would anywhere fine. The tube station (Aldgate East) literally one minute walk away. In fact, I think area much offer terms diversity mainstream areas London. If like curry spoilt choice. I say I love curry head best curry life (and free drink!) one restaurants brick lane.",0.2288888888888889,0.4436207636207637,Aug 20 2009
8,8,"Hard believe gets bad reviews!!!! First all, like others read previous reviews really worried staying wife 9 year old daughter. arrived plesently surprised close aldgate east tube station booked reception nice efficent. The lovely reception area issued room key thinking go, But say rooms beautiful clean, seemed rooms honest think first room decorated. air con 32 inch lcd tv wall, 1 double bed single bed (room 418 way). bathroom decorated nicely clean facillities worked. rooms cleaned every day fresh towels every day well. food lane bar bit expensive walk front door plenty resturants either side brick lane, (hope like indian food plenty resturants well.) stayed four nights really enjoyed every moment london, said aldgate east tube station right beside worries walking far get anywhere. defiently back london would reccomend anyone. Hope put mind ease reviews worring. Have nice stay!!!!!!!!!!!!!!!!!!",0.19238095238095237,0.5820987654320987,Aug 17 2009
9,9,"Worst Hotel Ever! Firstly I little skeptical booking reading reviews. But one right I could see stay. I still went booking 65 year old parents wont walk lot get tube station nearby.The location Blue Collar filled bangladeshi restaurants good others looked like needed cleanup. Our room second floor since booked weekdays none DJ music downstairs disturbed us. Although teenager used stop restaurant downstairs everynight blarring loud music car. I really wanted call police annoying. I realised I cant expect area perfect. I could see Ibis nearby god I wished I stayed there. The three days stayed service teribble. With exception plumber nice speak guided us local transportation, came repair toilet already read reviews working. The reception staff well mannered looked like going jump minute felt like wereint welcome ask anything else except pay them. Although bar downstairs problem us, everything 3 day stay filled issues. If could afford little bit stay Ibis close hotel.",0.11749482401656315,0.5236542443064183,Jul 29 2009
10,10,"It really depends want London I booked I read many negative comments City Hotel Tripadvisor felt panic. But turned quite right checked in, except one really HUGE turn off-- toilet work gaga flushed down. The porter quite helpful finally made toilet work again. But really number one scary scene life. It noisy room party downstairs. But soundproof wall good therefore could hear banging sound door slamming neighbors second night checked in. The TV room work all, ended sleeping early saved energies sightseeing whole day time. The good thing location cleanness. It's close Aldgate East station easy go around London city tube. I appreciate cleanness staff best maintain, however I think best way give overall upgrade renovate rooms. Many comments say best cheap price. But I ended paying expedia.com. I suggest people avoid booking system expedia since I find price fluctuation tricky. The internet cheap convenient (compared Comfort Inn stay last two nights London). So, overall, I think good frugal student budget bunch friends good time London. But couple, could kill romantic aura quite instantly.....",0.2581419234360411,0.4311157796451915,Jul 19 2009
11,11,"Please dont go We stayed weekend february 2008. An absolute disaster start finish.Do deceived richly elongated photos. It cramped scruffy place.Arriving friday evening told unhappy staff member pay advance. No reason exclamation. Fair enough, places happens. We paid went bedroom. At time place refurbished impossible tell parts refurbished hadnt. The place dirty even mice wore overalls.The rooms laminate floor finish, curling corners. They unnattractive reasonably clean. We told breakfast would served bar next morning turned inedible breakfast among upturned tables chairs.On saturday night thought we'd drinks bar told street entrance bar &quot;Private Party&quot; pay Â£10 Â£15 cover charge (cant remember which). We said residents told still pay. On asking reception didnt want know. The bar advertised one place's best features. Throughout whole weekend never heard single comment anything staff member. On monday morning checking I let staff know grievances, answered 3 blank stares. No explanation apology except say bar reserved party owners son. Not one staff member even identified took responsibility everyone. The place completely devoid atmosphere. The rooms furnished family size fridges, abviously DSS residents wouldnt problem place least pretended hotel. Please dont waste money. depressing",-0.02757936507936508,0.49801587301587297,Jul 3 2009
12,12,"Great entrance lobby shame rooms match! Seeing pictures online, entrance lobby expecting something great. The room stank smoke, someones rubbish bed immediately asked moved.The rooms ugly need re-doing. The hallways looked horrible too.The staff didnt talk great english either.It okay 1 night stay would stay longer.",0.2,0.6785714285714286,Jun 30 2009
13,13,"Cheap Chic Booked due cheapness it, paid Â£99 2 people 2 nights...Upon getting looked smart outside..and rooms big airy. Couldnt fault beds. We fridge. tea/coffee making facilities well good. TV old shabby one bit putting, reisdents flat screen tvs! The bit rough area, bad woman wouldnt feel safe walking around alone area night. It tesco metro 2mins walk away tube 5mins walk. Ideally placed want close touristy things dont want pay central london places. All all...great needs different location",0.14787087912087912,0.48864468864468863,Jun 29 2009
14,14,"Terrible service! I thought would probably cheaper book direct, I attempted book room telephone. On phoning, I found staff hard understand, difficult make understood. After minutes trying get staff realise I wanted, I decided give book person instead next day I would area. As native english speaker, I think difficult expect phone answered someone capable communicating effectively!I turned next day, I expected communication difficulties would easily resolved person. Sadly, I completely mistaken. The problems continued. After ten minute conversation, I attempted get staff perform simple task booking room two weeks time, I became increasingly frustrated. They seem grasp idea that, no, I want room tonight, I want 2 weeks time! These communication difficulties could easily sorted staff become even frustrated I them. I tried hardest polite patient possible, rude I got impression basically bothered. In end I left without making booking, I simply afford waste time! I decided stay somewhere else end!City Hotel probably nice place stay, god knows anyone manage actually make booking",-0.08008620689655174,0.4548316912972085,Jun 14 2009
15,15,"Avoid hotel. Terrible management rooms Avoid hotel. Terrible management rooms. I spent two-night City Hotel May. It far worst Iâve ever stayed. I checked 11pm wanted relax, nothing room worked, I able sleep 1am. The TV remote control functioning TV itselfâs channel button gone. I called reception desk. The guy came up, something image showed up. He said âsee worksâ I didnât know use TV. It turned remote control working one enter specific channel number (if know channel working) change channels. Then hot water came shower. I call again, waited, first person came didnât know problem second one able fix show knob, said âsee worksâ I didnât know operate shower. Not I wasted time, I insulted.The next day I rash get place sure exactly map, I asked reception desk way out. Big mistake. The guy something front company 10 minutes still answer me. When I asked happened since I hurry, manager stepped office told âwe donât provide service.â No wonder many problems, look kind manager has. When I asked anybody direction London streets, happy help. However, manager doesnât seem know hospitality service business.",-0.04204545454545456,0.5316919191919193,Jun 6 2009
16,16,"Excellent next heart London At first trouble locating hotel. But turns less block Aldgate Underground entrance.The area seedy go nice enough. Not neighborhood I would recommend walking around night, even I found things.For looking tourist thing one metro stop Tower London like I already said less one block Underground.The staff exceptionally friendly helpful. The restaurant ok small cafe next door offers excellent breakfasts cheap. If ask crescent ask put ever want less 3 pounds.The room large since 4 people worked really nice. We never figured turn tv since really matter.Turns located Aldgate Whitechapel, area Jack Ripper attacked women. In fact several locations found blocks hotel. While mother in-law little nervous husband I, history buffs, LOVED it.Overall great price, lot frills worked perfectly us.",0.23870238095238097,0.48751587301587296,Jun 4 2009
17,17,"Pleasently surprised I opportunity read reviews last minute booking city London.I one hundred per cent familiar &quot;best&quot; area's stay within London budget Â£500 2 night trip London (and includes travel!!!) decided take chance priced Â£80 triple room 2 adult breakfasts.I must admit I expecting budget due price, located osbourne st extension brick lane. The nearest tube aldgate tower london tower bridge ten minute walk away. The location seem bit run gloomy quite upbeat inside. The bar area looked nice modern I believe undertaken new face lift recently.The reception staff extremely friendly,understood english exceptionally nice 3 year old daughter grumpy long journey!the room pleasant surprise, good size, clean, comfortable double bed single bed plenty space maneuver.The bathroom clean provided good supply water,I cant stand fiddly showers weak water I usually find budget hotels. Shower gel, soap shower hat provided. There also fridge within room found fantastic store drinks coffee/tea making facilities aswell phone modern flat screen tv!Our room looked bleak part london, junk yard opposite bleak stone buildings city gherkin thing I could find fault with. The bed cosy, tube small walk, choice restaurants within walking distance, late night convenience shops within short walk although I wouldnt advise walking round anywhere alone night women, I feel safe hotel, unlike hotels I stayed london! We got good nights undisturbed sleep, sirens, chatter outside noisy tubes running underground!Breakfast fantastic, really good choice buffet including continental (lovely pastries) fresh juices,cereals,fruit full cooked breakfast buffet mushrooms,tomatos,hash browns,sausages,bacon 2 choices egg! The restaurant staff attentive, filling coffee cup moment running low. Smiley friendly staff fantastic head waiter charge 3 year old daughter despite fact gave hubby run money managed plow breakfast!All excellent stay. It little bit away main attractions central well worth price 5 mins tube west end.Highly recommended would stay again.",0.15241601478443587,0.5270472704683231,May 13 2009
18,18,"Great stay great price!! I bit afraid staying reading reviews, reason to!The great, central location (just around corner Aldgate East tube station). The lobby looks 4-stars room much acceptable. The staff VERY international, still helpful available.Everything worked, bed linen towels changed every day.I mum friend recommend city break!",0.31375,0.495,May 10 2009
19,19,"Great stay Firstly: Americans seem problem British loos. Just push lever way, pump it, let go,and things may turn right:-)I room facing back, can't really comment level noise room facing street. True enough, party area week ends, although room right bar, I disturbed.Had great stay. Room refurbished still pleasant. Service breakfast good. Fridge safe box OK. Clean tub I used every morning. Telly small cares? I go London watch telly. Still I managed watch East Enders Match The Day:-)At weekends, people pouring tube Osborn Street heading Brick Lane. Take walk yourself. There 100 Indian Bangla restuarants street loads night clubs.Coming hotel, turning right, find old, crammy pub next corner called The Archers. Just sit pint John Smith's. I really recommend pub. Small East End. Including drunks, tacky paint interiors,and occasional West Ham supporters. But homely, including blonde smacker behind bar:-) (no offence, Ladies, joke)Don't use Tube, use feet. Going left right Aldwych High Street keep going right The City London short walk. Or turn left Mansell Street right The Minories. In The Minories find Fuller's Pub called The Chamberlain. Great ales there. Walking The Minories short walk The Tower London.This perhaps five stars, location is. Take advantage use feet.Now I chance, I would like thank Juli reception nice.",0.20481610530391015,0.4476751838946962,May 2 2009
20,20,2 am...awakened sounds fight outside window! I never stay again!They trying renovate hotel...but room must've forgotten bathroom! Old w/yucky shower curtains...horrible toilets pump handle flush!only good thing view Gherkin tower room...you look view dump first...,0.26249999999999996,0.29583333333333334,Mar 24 2009
21,21,"Great Value money. Would definitely stay What wonderful surprise. After little dubious reading reviews sure expect. However, room top floor modern bright airy comfortable, everything wanted. I think maybe best room (600) corner dual aspect windows. We never heard night club...didn't even know existed. Breakfast also good excellent choice fare. Very good value money, every asking double nightly rate paid. We paid Â£75 including breakfast.",0.41515625000000006,0.6043055555555555,Mar 20 2009
22,22,"Close attractions We spent 7 nights July, enjoyed stay hotel, close public transportation used every day, also nice continental breakfast, nearest attraction went Tower London one subway stop away.",0.276,0.4333333333333333,Mar 17 2009
23,23,"You could worse probably bit better We originally given room 101, right nightclub. I read nightclub website thought complaints exaggerated...they aren't. In fact, I quickly asked front desk degree nightclub would disturb us told would affected. It pretty loud. The plumming bit rough, too. The room decent size located close Aldgate-East metro station. The Tower London blocks away. The area blue collar filled ethnic businesses restaurants. Some looked tasty!I think I paid 65 pounds night wish would spent better hotel.",0.17566964285714284,0.5157738095238096,Feb 27 2009
24,24,"Hotel nightclub turns night's sleep nightmare letter complaint trading standards sums up: here's copy letter trading standards: I one many tourists stayed one London's hotels. I complaint make 3* property. City Hotel, 12-20 Osborne Street, London, E1 6TE. I stayed said property 19-21 February. The proprietor chose provide room first floor (room 103). When I returned room 10 pm 20th I noticed right room, hotel's restaurant massive event taking place, DJ, karaoke etc. Basically restaurant turned nightclub. When I opened room I realised soundproof. It actually vibrated nose right underneath me. I booked room, like probably travellers, order get good night's sleep continuing trip Montreal Singapore 21 February. I complained receptionist noise. She lied me, explaining noise would stop within 30 min (that's shift ended problem would become someone else's problem). I tried awhile sleep complained reception 2:30 am, point time I realised I would able sleep all. I checked 5 am, nightclub closed 3 am. Prior I watched TV, fairly high noise pitch, simply drown disco happening floor room. I believe proprietor's failure offer alternative room proprietor's utilisation restaurant quasi nightclub suggests complete lack professional concern paying guests. How nightclub operated guest rooms sound proofed? I duly received apology check-out, frankly, apologies cost-neutral proprietor probably uttered time international travellers got stranded questionable establishment. I wonder means I receive money back receive reasonable compensation lost night's sleep. This operation deserve name 'hotel'. It even live promises, namely deal customer complaints instantly. Frankly, staff care less.Sincerely,",0.06900432900432901,0.39633004926108373,Feb 21 2009
25,25,"Terrible Hotel!!!!!!!! Not happy stay all. When I turned two receptionists none really interested speaking me. The original room put front noisey horrible!I complained evening luck I found another receptionis try verry nice make feel better, Giorgia I believe I moved room back. . Also back onto service area really noisey 7.30 staff banging lift!The fire exit plan clear.... I could go I believe proud room!Honestly area I would recommend anyone staying matter cost would shock good reviews planted.",0.208531746031746,0.5301587301587302,Feb 8 2009
26,26,"Great Location Brick Lane good cheap eats near-by I wanted stay somewhere near Brick Lane check fuss about, discovered City Hotel searching online. The Osborn Street, actually turns Brick Lane. Being near convenient since tube closes around midnight, I clueless terms night buses. This saves pretty penny terms taxi rides. It also nice able wander weekend Brick Lane market minutes. The room clean spacious. The toilet little finicky, I mastered lever tries. The staff friendly helpful. The buffet breakfast 10 pounds, I thought I would give try. Not really worth it... especially eat meat. And run cheese time I got around 9:30a. I would suggest try one many inexpensive eateries surrounding area. There's also Tesco far away Whitechapel. The room fridge kettle, store perishable foods make tea heart desires.Also, online price 50 pounds, extremely reasonable comparative hotels downtown. However, I reached hotel, listed price 150 pounds. So, I advise booking online!",0.19831349206349208,0.5404761904761904,Jan 22 2009
27,27,"Basic convenient location Myself sister stayed one night City Hotel London 28 November 2008, going theatre. We found area ok, little main hustle bustle easy get Tube. The area little bit delapidated cheap clothes shops reminded little bit slightly dodgier areas big cities New York Liverpool. In I complaints problems, Tesco, newsagents bars 5 minute walk Aldgate East Tube station like 8-10 minutes Aldgate.The lobby seemed smart marble flooring modern fittings, staff welcoming professional. We book breakfast Â£10 whatever seemed little steep us, went Starbucks nearby. The room could better, first impression looked little bit shabby, simple things floral net curtains drooping fixtures fittings little worn, slightly higher spec, instance blinds plain nets, smarter appliances, plain bed covers, would lift whole feel room. The bathroom looked like net curtain attached shower curtain, kind thing affected mine sister's impression room. It appeared clean otherwise ok. The walls seem little thin appeared Christmas party going bar, could hear small hours. I also found room little cold although radiator (which could done clean/lick paint) control it. In night I woke feeling cold spare covers pillows would expect, laziness I bothered go ask spares - certainly 3am pj's anyway.On plus side, location quite good due close proximity tube. When going asked reception could order us taxi, little worried chauffer driven Jag turned cost us Â£20 Soho rush hour traffic, cost us hackney going back night. It also cheap, I booked special internet rate non-refundable (10 day advance booking) cost Â£53. The room spacious beds reasonably comfortable, whole met needs.All I get cheap deal chain I would probably book I simply looking somewhere get head down, romantic break special occasion I wouldn't. Otherwise great base I would definitely recommend simply sightseeing budget want somewhere go back end day.",0.05676942039442039,0.485632635882636,Jan 18 2009
28,28,"Almost quite Just 4 nights City Hotel London EC2. Great room plenty space, air con working anywhere pretty hot.Great location end Brick Lane fancy curry - 20+ indian restaurants single street. Plenty nightlife non-threatening atmosphere.Good location, 3 mins walk Aldgate East tube.Breakfast average, 1 poor one last day - cold poorly cooked.",-0.04126984126984126,0.5478835978835979,Oct 19 2008
29,29,"Gets job done; sketchy service My wife I stayed City Hotel two nights early September 2008. Our rates 75-90L per night, though probably could done better planned earlier.The located east end London, bit north City region. It short walk Aldgate East underground station, though time trip, walk required crossing poorly managed, dangerous intersections contruction. The neighborhood notable reasons. Firstly, right near Brick Lane, overflowing Indian food. We intended sample famed London-Indian food, never chance trip. Secondly, area popular visitors seeking Jack-the-Ripper tours. This one worst areas London, ridden crime, filth prostitution. During stay, never felt unsafe walking back forth Underground station.Our room City Hotel adequate terms size, furnishing, cleanliness, amenities. It included hairdryer, wi-fi access cost extra.We ugly view back yard block. There lot channels &quot;available&quot; television, inaccessible poor reception. But again, cares window view tv. You're get see London, right?We experienced noise renovation work hotel, generally middle day. We hear noise club ground floor, though fifth floor, perhaps far enough insulate noise. My biggest complaint City Hotel front desk service. Our initial flight London cancelled (TY, Delta). I made expensive international call City Hotel, informing I would arrive first night booking, still intended arrive following morning. The receptionist acknowledged message reservation, assured everything would taken care of. I also sent text message email address, noting delayed arrival.When arrived next day, record called. When pulled booking, large &quot;NO SHOW&quot; written across front. They kept asking I talked I called. They eventually able get room me, without us wait 20-30 minutes sorted things out. What point calling ahead?Furthermore, front desk staff, although seemed always well intentioned friendly, repeatedly struggled perform relatively simple tasks. We asked extra shampoo soap (Delta lost luggage), told us would bring up. We ask three times it.We also asked &quot;do disturb&quot; door sign. They said would bring up. We asked around three times two days. They finally explained DND signs frequently stolen guests run out. Huh?! I never heard guests stealing DND door signs. They finally able get us one, final night there, though I noticed sign url different it.We declined breakfast try food drink available restaurant/bar.All all, City Hotel bad money location, must deal phone, make sure get name talking to.",0.0802962962962963,0.47126631393298063,Sep 23 2008
30,30,"Cockroaches Building Work I stayed Hotel many times work unfortunately account awful place...Do fooled new tacky marble entrance, hilarious descriptions &quot;Boutique Hotel&quot; advertised many websites Expeida.The City Hotel disgusting, smelly rotten dump building infested Cockroaches. Don't surprised wake middle night one crawling across face. If bad enough, also woken every morning 7am horrendously loud building work, banging drilling throughout Hotel.I wrote letter complaint City Hotel manager, Mr Gomez, demanding refund. He completely ignored one month, I pestered much eventually offered measly 30% next stay - provided I booked directly Hotel full rate. Naturally I turned decided write review warn anyone seriously considering staying foul place.Sadly, I stay weekend, arranged work, I received terrible service, woken builders NEXT DOOR 7am, almost puked I saw state toilet.The City Hotel run money grabbing manager care less customers. The staff equally miserable. Not surprising though I guess.If want stay Brick Lane, better spending night big Curry Bin Rats.",-0.12952861952861952,0.5320033670033671,Aug 26 2008
31,31,"Worst value money ever I stayed several hotels London area past years. City Hotel definitely worst value money, I experienced. Our room located first floor noise street, hallway nightclub downstairs terrible. Really terrible. The rooms acceptable better would find price range central location.I definitely regret I read many warnings website I booked rooms. I would recommend City Hotel anyone.",-0.16333333333333336,0.5572222222222223,Aug 4 2008
32,32,"Nice loud music Got room last minute Â£50, stayed one night. Was really impressed room money. There power shower, bath, big bathroom, tv, fridge, big room 3 beds (I staying single room).Only prob music, place located top nightclub playing loud music early hours - plus room back beer garden loud noise too. It depends would bother though - I think going anyway coming back late drinks anyway prob sleep room bargain money.Is quite busy, lively area couple minutes aldgate east tube station. All enjoyable stay, would perfect noise - I let completely put though.",0.18022432113341205,0.5082251082251082,Aug 3 2008
33,33,"Invasion privacy I stayed May shocked discover lack professionalism shown staff. Last weekend guy going I finished time I staying revealed asked receptionist staff spy me.To horror told obtained dvd surveillance recording monitored movements. Apparently knew staff well asked watch movements. He guest using bar work colleagues.The receptionist staff also fabricated story aim discredit guy believed lies.As per data protection act code ethics, staff given sensitive information.",-0.09166666666666666,0.5611111111111111,Jul 19 2008
34,34,"Stay Away - Book another Hotel This horrible, location way someone said staying answered, would reply shock horror! The sheets wripped knew changed them, beds uncomfortable, staff lobby helpful all. The subway station closed maintenance part stay made getting around even harder. The noisy night long heard sirens. One night club downstairs put black plastic bags doors windows see party going Security 'patting everyone down' entering. Seriously, spend money stay somewhere else. The City Hotel Sedey Hotel. We needed cab go Hotel airport since subway closed told price ahead time cab way told price almost double staff said would be.",-0.16712962962962966,0.45740740740740743,Jul 9 2008
35,35,"disappointing Stayed 1 night June '08, room right bar/nite club despite assured would able hear thew music inthe room, middle actual dance-floor! Staff unconcerned complained managed get sleep music finally finished around 2:30am.Room spacious interior designer must bad day got one - bizarre described as.Safe say back.",-0.05402597402597402,0.5124891774891774,Jun 28 2008
36,36,"Fantastic short stay! I stayed The City Hotel one night - yesterday, actually, due convenience shooting location, I taking part filming quite early start next day. Due location 150 miles away Telford, I required travel afternoon beforehand, stay night, check next morning filming, taking little overnight bag shooting location - really, I required hostel. However, ever visited London, know book hostels, unless like sleeping secure trousers, cash strapped body various places (although could make form running target, tramps chase grab wads cash), therefore, I decided spend bit one-night accomodation!Henceforth, The City Hotel beckoned! Originally, I going stay right near Bethnal Green station The City Inn, due considerably cheaper (I payed Â£75 single room ensuite bathroom - actually room 3 single beds, I myself, thank Lord! - whereas room The City Inn would Â£44. It would cheaper to, closer shooting location Claredale Street, I spend travel, accept cash, The City Hotel did), I plonked The City Hotel, due reasons brackets, held considerably better reviews. Breakfast included rather hefty price though (you buy breakfast seperate charge, around Â£6.50 continental breakfast, consists mainly ham. Orange juice Â£1.50!), I stayed anyway.It pleasant enough, I say! I arrived overnight bag Aldgate East tube statiion, short walk road, past Burger King KFC, direct road left. You could see mile off, I felt incredibly posh I stepped foyer marble floors! I've never actually stayed overnight London either, maybe somewhat novelty, always lovely! I checked - French-sounding receptionist woman helped me, although really speak much English, went room, number 403 (fourth floor, third room along). It lovely, actually. Smelt highly disinfectant, beds clean white, comfortable-sized bathroom shower, large bath, sink obviously, toilet, lovely little toiletries including Lancome mini-moisturiser bottle (!), main part room television five working channels (always plus point, too. Don't always find hotels television's never work?!), kettle, fridge, large vanity desk. There large wardrobe, bookshelf, phone, course, menu, Â£5 'The Lane', hotel's incredibly pricey restaurant (Â£21 two-course meal, one person! Take advice, go see area eat out! Who wants stuck anyway, UK's finest city?). There's also safety deposit box top wardrobe, I never bother things, I'm bum :)Anyway, I unpacked, suitably went area, see London, revel hours I spare filming commenced. The hotel's location actually fantastic - Osborn Street leads right onto infamous Brick Lane, hub London's Asian culture sports many curryhouses might well convert Islam, I saw Carrie Grant walk past (the red-haired judge Fame Academy!). And I'd revelled many attractions East London offer - Brick Lane, bagelhouses (a man greasy spoon named Sams Cafe, Bethnal Green Road, following Brick Lane, told Brick Lane actually nicknamed 'Bagel Lane', Amsterdam-like 24-hour bakeries. And God, smell divine! Cheap, - around 60p large slice cheesecake), Bethnal Green Road, Vallance Road (where Krays born raised!), Blind Beggar, Tower Hamlets markets typical London culture (it rough quite made out, go visit, I encourage it), course, convenient Whitechapel, Jack Ripper walks, East End frivolities history encompass it! The tube's street away, I mentioned before, fantastic! On side, beds absolutely rocksolid. I'm talking 'hard' either, I'm talking, The Flintstones actually made slabs rock. They uncomfortable, two days later, I still back ache, I get wink sleep. But I one night, I really can't complain positives. However, I would re-consider accomodation choice The City Hotel staying two days - I think doctor sort back that!Remember, there's breakfast either, quite annoying. I'm nothing grump without breakfast, I leave 7.30am due filming (check actually 11am), I quite peeved. The staff helpful either. It's fault English incredibly poor, employed can't speak fluent English. Maybe rather strong Northern English accent throws usually London twang, still problem. I customer, I expect spell words annoy even furthur saying idea Claredale Street is, London A-Z, unsure bus tube times, know look them. This quite problem, shoot immiment, fortunately, I caught bus outside busdriver kindly told get Bethnal Green station walk there. Londoner's really unfriendly they're made out. I've visited quite times I've never come across abruptness, course, careful. It capital city, indeed, East End.As whole, pleasant stay. I'd stay hopefully, I take part filming particular area, I advise longer days. Make sure know directions too, take quite fair bit money plan eat hotel! Breakfasts easy locate many cafes, bagelhouses greasy spoons area though, I truly bother it. Still, fantastic location, nice clean, I ask Â£75 room?",0.1357045332257197,0.4499609900457358,May 29 2008
37,37,"HELL HOLE! - Mr Gormez The called Manager! We arrived room looked OK price Â£100. We went evening returned around 12.30am. The nightclub next door loud busy, however knowing went concerned. We woken 3.00am fighting directly outside hotel. This involved around 100 people probably estimating! It like war zone wife horrified see people floors heads used footballs! Bottle used weapons locals also come join in. Masses police ambulances arrived hour order restored. We failed get back sleep sleep broken wife disturbed acts violence witnessed. We went reception around 9am ask see manager told due 11am. We went grab something eat returned 11am. We told meeting. As train catch left contact details asked could ring us. In end wife ended ringing Monday Saturday night. She explained situation voiced concerns response &quot;It nothing me, want it&quot; In obnoxious tone. Fair enough could help riot night, however courtesy call part refund, well basically anything rude totally arrogant. This guy needs sacking quick tarnishes reputation even further.",0.01666666666666666,0.4029411764705882,May 17 2008
38,38,"Not sure say I sat room I write laptop. I booked room Late Rooms one Â£100 pn within 1 mile I working (Aldgate/Tower Hill). I midweek cannot vouch week ends.Location fantastic. Walking distance City, Tower Bridge Tower London etc (10 mins) situated southerly end Brick Lane shortage places eat character goes Indian Quarter.The standard Tariff room rediculous area (Â£150 pn) seems plenty sub Â£100 deals. I've paid Â£275 3 nights.They middle extensive refurbishment confusing mix boutique/up market accommodation (completely place area) building site.The frontage respectable foyer plaster wires. The reception staffed non enthusiastic Europeans maybe Indians - sure. The lifts tiny service floors confusing. The corridoors worn tired looking probably last things list modernised. Rooms oposite mine boarded night workmen going business day.As observed TA members noisy street lots activity, sounds music outside throughout evening night, however, part character area join in.Thats worst bits. There between!The good bits fantastic. The location mentioned before. The good sized room done modern wooden flooring, large wall mounted Digital Freeview TV, tasteful, modern (if minimalist) furniture, fridge (not stocked), large fan, airconditioning, comfortable clean bed (bedding changed daily far I tell) clean working en suite bath/shower/toilet. Loads plug sockets lighting.The bar modern comfortable looks onto street sit watch amazing mix people walking by.Breakfast served bar reasonable value Continental Full English Options amongst others ranging Â£1.50 Â£6.50 (the pork leek sausages tasty) coice cheaper al fresco cover breakfast oportunities round corner Whitechapel Road. Great sunny morning.The Bar Menu evenings good reasonable prices fancy something different exclusive go next door The Lane restaurant seems part business (you get Â£5 voucher spend there). The quisine Carribean exceptionally good. Not cheap area competitive standards elsewhere London. They boast celebrity diners 3 months since opened including Alicia Keys Boyonce I understand chef Collin Brown also well known.Finally one futher downside. I middle mini heatwave May! The room temperature uncomfortable windows open street noise invasive (I first floor). Having fan night leaves head ache airconditioning unit works 20 mins failing error code. It may problems list improvements still done, hand may indicate quality maintained.It interesting see people think work completed.",0.11628174603174603,0.4877208994708996,May 8 2008
39,39,"Really Not Great! Not happy stay all. When I turned three receptionists none really interested speaking me. The original room put front noisey horrible!I complained moved room back. The &quot;kitchen&quot; sink old damaged worktop, bathroom missing tiles bolb really poor. The main bedroom seems also back onto service area really noisey 7.30 staff banging lift!There also funny window kind blacked room service area (I joking!) see people walking around!!!!!The fire exit plan clear.... I could go I believe proud room!Honestly area I would recommend anyone staying matter cost would shock good reviews planted.Think I photos look them.",0.16589506172839505,0.4864197530864197,Apr 9 2008
40,40,"Great Location getting around This good value London. If book advance Laterooms get twin Â£65 single Â£55.During February 2008 I think process refurbishment.The rooms good size, warm en-suite. The beds comfy, I stayed number times.The great thing get full size fridge room plenty tea coffee.The bathrooms big enough, showers powerful fittings bit wobby. Osborne Street bit noisy early doors noise issue London hotels.The situated 2 minutes walk Aldgate East Osborne Street turns Brick Lane. This predominantly Asian area spoilt choice fancy curry.As alot areas London need aware night (no worse alot areas) short walk tube bonus. I would say 3 star, luxurious ok, standard alot backpacking hotels great value London. Staff friendly bar breakfast looked good. I hesitation recommending hotel.",0.3215029761904762,0.4672619047619047,Mar 1 2008
41,41,CIty We booked last min.com Â£110 2 nights.it cost us Â£40 park car hotel-we though included cost room came quite shock! The located near tube station good say feel safe walking station especially night. The room ok nothing special. What didnt like night trying sleep constant noice police sirens help already formed opinion great area. We chose try local resturants can't comment however nice looking chinese next hotel. Have stayed london lots times cheaper worse far.,0.13714285714285715,0.4880952380952381,Feb 17 2008
42,42,Worst I've ever stayed The pictures look nice fooled. There nightclub ground floor goes 3am. Even though 5th floor room rocking...The guys behind desk rude unhelpful. We ended leaving even offered refund. The rooms basic refitted (guessing) 20 years. Carpet worn. Just bad experience.,-0.25,0.6741666666666667,Feb 11 2008
43,43,"Good location nightclub open till 6am!!!!! We stayed City Hotel Saturday night.....which bit mistake!!! Our room nightclub open 6am!!We 3am, time got back room nightclub full swing noise bit much.The club closed 6am, took another hour everyone club left street.It made sightseeing next day pretty hard couple hours sleep.....check 11am.The room roomy clean, shame noise....would go back again.",0.08499999999999998,0.3794444444444445,Jan 30 2008
44,44,"alright bad location three friends recently stayed one night whilst visiting london. location terrible, like ghetto fine, however, four young women, found unsafe shabby. looks place here. upon arrival greeted less impressive welcome, staff bearly spoke english rude. first given wrong room, complained gave us different one, still room booked. booked executive quad room website pictures looked fantastic, reality, given family room absolutely nothing like photographs decor left alot desired. undergoing building works awoken loud banging drilling. said this, bedding towels clean, suppose got paid wasnt bad, would deffinately stay again, would recommend anyone.",0.013939393939393974,0.561969696969697,Jan 16 2008
45,45,"Nice enough We stayed City Hotel 2 nights. We chose mainly due low price. The neighborhood pretty shabby, rooms fancy, spent time discovering rest London anyway, really care. After all, nice enough looking place get rest sightseeing. However, I go back London, I would choose even better location.",0.17884615384615382,0.48269230769230764,Jan 3 2008
46,46,"The worst i've ever stayed Me three work friends stayed one night christmas party family room 4 adults possibly worst ever stayed in, arrived check staff short polite.As soon stepped room strong smell damp floor boards curled corners decor dated also damp patches ceiling.When arrived back room two beds absolutly soaking wet, water dripping ceiling lights, beds wet unable sleep them, called reception seem bothered told us fully booked able moved, one friends sleep floor.In morning member staff came inspect room apologise offer explination, checked asked refund, even question obviously knew going offer us refund discount.At point apologised offered kind explination matter.I would never recomend anyone would never stay again.",-0.08148148148148149,0.5498148148148148,Dec 4 2007
47,47,"Night club versus Hotel The rooms clean, reasonable size &amp; general facilities Ok.The main issue nightclub situated ground floor &amp; operates every night. It much ( music emanating within club roudy patrons leaving early morning hours (1.00 - 6.00).Management need decide club business business, compatible. Issue raised management little interest concern shown.Cacelled booking recommend.",0.11197916666666669,0.45416666666666666,Dec 3 2007
48,48,"No nope! We stayed City Hotel September 06 found much less expected. From photographs Hotels.com looked fine, vast difference photos actual rooms. The establishment tired dire need remodeling, due neighborhood I doubt ever happen. The view second story room window abandoned building pile trash junk deposited front it. Charming!The room clean, air conditioning opening window invitation aromas curry noises Whitechapel. I personally like curry, noise acceptable. We see bugs.The breakfast buffet fine included room charge $155.00 per night. The close Ripper tours Underground. Aldgate station around corner. Our room huge European standards I say fine Indian restaurants area. Next time London find accommodations.",0.06875,0.4010416666666667,Nov 21 2007
49,49,"Great location super value Brick Lane The City Hotel one minute Aldgate East station, Whitchapel Street trendy Brick Lane. It's old that's modernised many times, decor fittings seem missed sucessive refits. But great location, room large view street onto 'Pickle' couple blocks away. Service good, although staff seemed East European, somewhat erratic English, willingness help made amusing (sometimes frustrating) conversations. Good basic breakfast restaurant, adjoing bar busy nights. There's dozens fantastic Indian/Bangladeshi restaurants within five minutes walk Brick Lane. And wild night spotsAs London prices go, one cheap. Better value money central London.",0.32424430641821944,0.510879917184265,Oct 26 2007
50,50,Grunge Grunge Do stay This awful hotel. It connection The City sight taller buildings. It would accurately described Bangla Hotel. It en route Brick Lane.I paid 3 nights wanted move one Staff would refundDidn't see bugs... would surprised... see previous reviewDecor tired run downBad Indian Music playing loudly day nearby buildingSafety Handle Shower came handThere vacant lot across street full abandoned washing machines fridgesAccording taxi driver bomb explosion years ago outside may reason vacant lot,-0.02416666666666667,0.5674999999999999,Sep 29 2007
51,51,"Hmmm ok....... Stayed one night.The located near Aldgate East station, good location.But area around quite 'dodgy' looking.Streets clean etc I like walking back late night back hotel.The staff pleasant.The clean.Stayed double room, extra single bed, guess make triple.Room large clean, fridge it.I fourth floor stayed Thursday, never got hear noise club beneath.The undergoing refurbishment, u plan room 9-5 gonna noisy.Being fourth floor, good london, looking thru scaffolding.The beds quite comfortable night hot. I tried leave window open noise traffic made difficult. But room standing fan, ok really.I slept pretty well.Bath/shower powerful clean.Breakfast, full included deal. Breakfast served club, great, nice room/ambience music(soft) u ate. Breakfast buffet, u ordered brought out. So pretty standard tasted good.Despite surrounding area, looking like dump.....there loads indian restaurants located close hotel.I ate saffron, pretty good. Hmmm sure one, I thought all, ok, surrounding area, stay again.",0.20685425685425685,0.5267195767195767,Aug 24 2007
52,52,Very unpleasant Grubby.Old fashioned.Noisy.Not recommended.I need say more.,-0.17249999999999993,0.75,Aug 21 2007
53,53,"multiple problems The extends night club next door, Cafe Suki. Our room first floor right club. Friday Saturday night impossible sleep 3AM. BTW, know that, filter high frequency stuff, leaving bass drum, modern music incessant beat essentially tempo?The wireless Internet service spotty. The signal seemed come go producing frequent disconnects. Multiple complaints front desk revealed probably always like (they seem surprised) could possibly improve it.Our room (112) 3 microscopic beds (genuine singles, even twins) hard. Sitting small desk room, least 3 inches back chair foot bed.For Yank, price $275/night seemed outrageous....but London.On good side, front desk girls pleasant place pretty clean. Also, like Indian food, heart district Brick Lane (Osborne turns Brick Lane north hotel).",0.06922619047619047,0.47422619047619047,Jul 11 2007
54,54,Shared bed bugs Great location fantastic value room seemed spotlessly clean. It morning I realised I'd biten night beg bugs.Needless say first last stay.,0.3633333333333334,0.55,Jul 6 2007
55,55,"Tired unhelpful Recently stayed City Hotel London Osborne Street, chosen due excellent location part town. However, deeply disappointed - decor tired need serious TLC, particularly rooms. My room tired, cracked damaged floor, bath panel unattached revealing crust dirt underneath, shower head filthy, room corners filthy, curtains stained. On arrival, staff (though all) unhelpful. It reminded old-style backpacker's hostel, though price - Â£130 - certainly wasn't. The busy tourists, made regret would experience city London hotel. Duly checked found much cheaper spotlessly clean room Ibis round corner (lacking character yes, clean good value). I business, matter hugely, part holiday, I'd pretty fed now. Hotel needs serious updating worthy room charge.",-0.019306418219461684,0.6744824016563147,Jun 28 2007
56,56,"Awful My wife I stayed two nights order see show West End.We arrived Sunday find bar restaurant shut - I chose specifically save us go food. The room reasonably clean though mysterious marks carpet outside window full cigarettes fast food cartons. My wife commented tiled bathroom floor dirty showed soles feet first foray there.Both nights kept awake street cleaning, passing sirens stench fast food coming nearby Indian food outlets. I can't comment food feel like spending additional eleven pounds continental breakfast. Luckily pleasant sandwich shop next door provided us regard lunch.I'm sorry say redeeming features all!",-0.024038461538461543,0.6230769230769231,Jun 23 2007
57,57,"Just Plain Weird This really weird, mixture unexpected good things terrible general day-to-day things. First I booked paid advance, I got tried make pay unhelpful downright rude. My room large clean, great, lots complimentary quality magazines room, great, otherwise really, really dingy coffee facilities dirty. Bathroom also dingy. I can't put words, I felt strange wait leave. One good thing terrific view gherkin building window. I stayed I needed Whitechapel business Ibis full. I stay again.",0.09199792960662526,0.6344616977225673,Jun 16 2007
58,58,"Good value money. Convienant location. We stayed recent short break. After reading review Tripadvisor I asked high floored room booking incase club noisy. My husband I 3rd floor room looking front. Ok, views great spent little time room. We surprised large room double two single beds. It basic clean. The location handy. Only five mins tube station serves several lines. We enjoyed great meal Brick lane. You must try 2nd Bagel shop hotels Salted beef bagel delicous. It's 15mins walk worth walk. The club/pub nicely decorated even Friday night hear noise it.",0.22965320910973083,0.45034161490683233,Jun 11 2007
59,59,"Excellent value grungy area. Away tourist areas, good value moments City end Brick Lane. I personally love area, though overseas visitors may find bit tatty. With tube station (Aldgate East) round corner, there's need splash West End hotel. And end evening take advantage excellent choice curry houses Brick Lane saunter back bed.The rooms surprisingly spacious considering built-up surrounding area. The staff pleasant, internet access, free newspaper, tea/coffee making facilities etc, well worth money.",0.5133333333333334,0.5966666666666666,May 31 2007
60,60,"Still good value The City Hotel regular base visiting daughter, living digs Stepney. It's probably ideal conventional tourists wanting West End, want City East End great.Rooms vary big vast - room recently would accommodate 2-bedroom apartment. The photo shows double plus twin beds sofa, show wall devoted wardrobes, dressing table &amp; TV, kitchen area fridge plus two armchairs &amp; coffee table! There full bathroom generous supply toiletries. All less Â£60 per night two us - pretty good London.The room spotlessly clean, whole, although corridors always smell cigarette smoke. The staff polite, efficient helpful (eg I needed make emergency repair trousers).On side - aware Saturday night disco night bar downstairs, goes wee small hours. Bring earplugs - stay mid-week.Also, past experience breakfast adequate wonderful - bother time.Big attraction us (though again, suit everyone...) - along road Brick Lane, 'Curry Heaven'. The Shampan Restaurant best, reckon. The whole area deserves wander round daylight, still traces original Huguenot settlers subsequent Jewish community,it's fascinating rather neglected bit London's history.It's worth shopping around rates vary enormously different internet agencies.",0.09741679467485917,0.4759017684824137,Mar 10 2007
61,61,"Good Noisy This definite benefits. It's cheap close Underground station. It's near Brick Lane Aldgate East station around corner. If love Indian food, plenty great restaurants nearby. Also close two different grocery stores. The room clean, comfortable surprisingly large European standards. The bed fantastic, bad either. We mini-fridge handy. Breakfast impressive, lot caffes nearby get full English breakfast cheap. The view great, really can't beat price. My complaint club downstairs loud. We second floor could hear music room. It's problem Sunday, stops 11 pm Monday Thursday. The problem Friday Saturday goes 3 am. However, complained staff took great care us. They gave us another (bigger) room higher floor extra cost rest stay even threw bottle wine. I'd definitely stay again, specifically ask room one higher floors.",0.24228878648233487,0.5450076804915513,Feb 22 2007
62,62,"Great Hotel London Wonderful, helpful staff, spacious sleek room, FANTASTIC location - easy walk attactions quiet street allowed great rest. The breakfast good.",0.6054166666666667,0.7308333333333333,Feb 22 2007
63,63,"Not amazing comfortable good location We stayed one night Hotel. Room spacious - maybe required bit updating, bathroom ok, pretty clean. Overall ok - counting fact slept mostly walking sightseeing. We flew Stansted Airport, train connection Liverpool Station. This located 10 mins walking station staff friendly allowed us leave luggage reception arrived room ready early morning. We found useful. If expect economy, clean room like sleep palace - I would recommend Hotel.",0.2865196078431372,0.5958823529411765,Feb 19 2007
64,64,"Not perfect incredibly good value After read bad experiences guests had, I somewhat nervous I got City Hotel. However, end I pleasantly surprised. I paid extremely reasonable Â£50 stay one night - although I booked single room, room I got actually double 2 single beds. My night quite wild justify all, brilliant large room plenty space spread out.The room CLEAN - carpets corners sheets, I tend look closely, problems there. The bathroom, too, clean, nicely decorated.Okay, glitches. The curtains hanging curtain rail foot so, bit rough-looking I achieve perfect darkness (however, Brick Lane lights Gherkin shining unlikely anyway. You're City!). The TV room work - seemed someone nicked batteries remote control, even replaced, work. However, staff extremely helpful this, within hour replaced non-functioning set brand new (bigger!) set. They friendly helpful throughout.There also bit trouble door lock, kept sticking, meaning I get help (still helpful) staff get room. Oh, seal around bath plughole properly sealed, bath gradually leaked drain I it.But look, money location, absolutely brilliant. The staff could every problem, nicer. (They still repainting, way.) All all, I would definitely stay visiting London. Having lived London 7 years, I know kind thing expect much money. This absolute bargain. And sign cockroaches :-)The breakfast okay - nothing special, fine, hosted bar next door, quite &quot;cool&quot; (as I believe young people say). Best way getting get Aldgate East tube - literally 2 minutes walk around corner.",0.19302417027417026,0.5395997474747474,Jan 5 2007
65,65,"Are really London here? Accommodation ok regards beds &amp; cleanliness. Hotel staff bit indifferent, several reception staff seemingly chatting russian. They were, however, helpful left luggage several hours hotel, since flight way past check-out time, book us private car (not taxi) take us Victoria station departure flight gatwick.The restaurant, breakfast served, refurbished stay. The meal adequate rather disappointing.Hotel location near tube &amp; Petticoat Lane Market. The area ethnic south asian enclave - heaven love curries (which don't!)The area right front actually quite rundown. From room saw several persons, males &amp; females, several occasions, entering alley right across entrance relieving themselves. Truly room view! Some visitors may find neighbourhood rather intimidating.We chose price, great triple room decent size. Otherwise nothing attract here. Next time I visit London, I happy smaller room better area, even views room!",0.18407738095238094,0.3436011904761904,Nov 24 2006
66,66,"Great Eastend location Hotel situated Whitechapel High Street start Brick Lane.The hotel's website describes financial district, case. The area quite shabby fascinating. Fantastic want sample multicultural Eastend London. The markets - Whitechapel High Street ,(Sat.) Petticoat Lane Spitalfields (Sun am.) great. Loads cafes, coffee bars cheap curry houses.Good transport links rest London. Hotel room quite basic big clean, beds comfy. Breakfast good. Staff efficient friendly. Would stay again.",0.37397435897435904,0.5426923076923077,Nov 8 2006
67,67,"Good location Good location. We stayed 5 nights. Nice big room. Friendli staff free copy daily newsaper. Breakfast average served restaurant. Easy access U-ground East-Aldgate 100m away. From room view &quot;Cucumber-building&quot;. Bricklane &quot;Bangla-town&quot; place stay like authentic good Indian/Pakistainian food. Nice plenty restaurants within walking distance. And exiting stores losts different curries spices. Would defnitely stay again. FH, Denmark",0.34487179487179487,0.5679487179487179,Oct 29 2006
68,68,"Complete Dive! Do Not Stay Here Complete Dump!Cockroaches bathroom, bedlinen clean..Carpet smelly stained.Spend extra money get something better...ITS A DIVE",0.075,0.3,Oct 19 2006
69,69,"This place entrance Hell I've stayed hotels world, worst cities, far away, ranks right plague. For starters, modern computer systems running place, I checked in, scrambling figure staying mostly notepads paper. The staff trained, nothing seemed function (internet service entire time I there). When I booked non-smoking room, said accommodate (originally). When I told I leaving, sudden, room opened up.DO NOT CHECK LUGGAGE WITH THIS HOTEL. If foolish enough stay place, note checked luggage room consists piece wire place handles luggage, kept OUT IN THE OPEN, IN FRONT OF THE DESK. My laptop stolen care, police said there's nothing done it. My travel agency (Peak Travel) said liable it, I say, fine. HERE'S THE WARNING TO EVERYONE. DO NOT LET YOUR TRAVEL AGENCY BOOK YOU HERE.The located section London routinely police cars going it, like siren noises police tape around crime scenes, place you.",0.05937118437118437,0.5768925518925518,Oct 9 2006
70,70,"basic clean...could TLC Stayed 3 nights tattoo convention Trueman brewery. For us, ideal location. Right tube convention...also within walking distance Tower bridge &amp; even walked teh river far westminster- bit hike nice dry day. Also, taken many convention goers, nice atmosphere.Room clean shabby &amp; really needs updating. Adjacent bar/ restaurant The Lane popular &amp; contemporary doesnt match hotel...if refurb vain winner.Only paid Â£190 3 nights right, certainly doesnt command Â£150 per night rate stated hotel.First day ask batteries remote, pillows, glasses days went everything used, i.e soap, tea bags replaced &amp; keep asking refills.Ask room rear brick lane VERY busy noisy. Bins emptied night, curry houses never seem close constant alarm &amp; car noises. So, pretty noisy stay.Free breakfast ok, I'd paid Â£150 per night I'd kicking off. But cereal, tinned fruit toast start day get exactly that. Times strict though, come 10am cleared away.Staff pleasant enough bit clash culture regards customer service Polish Eastern European...standards service &amp; expected seem differ.All all, stay pleasant enough paint job &amp; customer service overhaul would recommended.",0.2790731292517007,0.5768282312925171,Oct 8 2006
71,71,"Stay away like insects! On arriving pleasantly surprised, reception area lovely bar. Our room decent size 3 single beds, although bathroom quite small acceptable size. However, put cases ground bug ran feet, bathroom another one. Over first 2 days 6 bugs running around carpet. As 4 hangers wardrobe living cases, put cases beds case crawled in. The worst part last day, brushing teeth saw something ground bathroom....a huge cockroach. The side panel bath falling ran back I could anything. As last day bother complaining incident, kept bathroom door closed blocked towel. The bugs may force weather hot (approx 28 degrees) honest make us feel better! Apart fine, staff friendly breakfast satisfactory also. The 10 minute walk Liverpool Street Station around corner Aldgate station, difficult get around, however looking something central, may best choice.",0.16723356009070295,0.5332199546485261,Aug 10 2006
72,72,"Affordable helpful relatively convenient sites The City Hotel good place stay good price. We booked early 5 months advanced paid $160 per night quad room two couples. Generously, let us check early hour permitted us leave luggage morning got airport. They helpful, multilingual staff. The Aldgate Easte metro stop within 3 blocks. They serve descent breakfast. Be sure late. Women accompanied dark, large city. If back London, I would return City Hotel.",0.20584415584415588,0.4288600288600289,Jul 13 2006
73,73,"The City Hotel London UK My hustand I two teenage sons, stayed City Hotel 6/19 6/29. The clean though bit run (they renovating), front desk staff helpful though terribly friendly found accommodations sufficient. If staying summer beware air conditioning. 6/19 cool I notice returned 6/29 windows opened (no screens) dusty fan running. Our room 6/29 front terribly noisy cars trucks racing road - I difficult time falling staying asleep noise. The so-so area. If take underground, exit East Aldgate - less minute walk station. We fine returning early evening I would wanted walk around dark. While eating breakfast 6/20 local police stopped car questioned &amp; frisked three young African American men right outside dining room window letting go. The breakfast provide so-so. Cold cereal, various types juices, looked slices american cheese ham, toast, rolls, coffee, tea. It compare Paris, Rome &amp; Florence. The bright spot Indian restaurant corner, Clifton's. The food EXCELLENT!! I highly recommend chicken korma mushroom rice - FANTASTIC -- Also, good naan.",0.03812316284538508,0.4985655496766607,Jul 10 2006
74,74,"Okay disappointments I went 18 months old daugter, mother, brother extended weekend holiday 4 nights. I booked triple room crib londonnights rate 64Â£ per night. I read tripadvisor reviews regarding average sized spacious rooms lounge areas expecting real value money. What huge disappointment! The room typical shoe-boxed sized London room three single beds squeezed inside barely little spot could put crib baby. The rooms obvoiusly come various sizes spacious described previous reviews.The walls rather sound proof doors NOT. We could clearly hear anyone passing hallway. However, fourth floor disturbed noisy bar loud music. The room fairly clean however I found blond hair floor besides bed (our whole family dark brown hair!!). The bathroom small, yet clean toiletries even tub. Everything order except huge crack sink.We quickly realized amenities supposed present ALL rooms according website NOT present. There hair dryer, even though listed brochure. A disappointment since I bring I trusted amenities' list. The also supposed wireless internet according brochure, get laptop catch anything. When asked reception told us get voucher 3Â£ (about 6 US$) lasted one hour's internet access only!! What wrip off!Regarding staff true might fluent English. Also indifferent staff I ever encountered upon. They rude anything, indifferent. They sat behind desk facial expressions all. Never smile 'have nice day' 'good morning' anything. I often passed lobby alone toddler stroller even anyone engage common courtesy gestures holding door me. They sat stone faces like could care less. Not warm welcoming feeling all.Actually best positive thing unique location. We found Asian atmosphere quite charming curry smells alluring. Since eat halal food truly prime location. We also happy find 3 minutes' walk away beautiful East London Mosque. All interesting multicultural neighbourhood. We also felt safe bothered anyone streets. The tube station Aldgate East less minute's walk couple stops away London sights. If ever stay would ONLY unique location since one find many hotels part town. I would recommend people openminded, tolerant prejudiced towards religions cultures. If oldfashioned conservative type...better stay West End!!",0.15864427759740263,0.5130512265512265,May 30 2006
75,75,"Turned around left We booked four nights hotel, upon seeing it, left. We booked Hotwire, hoping stay City (London's financial district). This appeared within zone. Unfortunately, isn't. In fact, I've appealed Hotwire change map. City Hotel sits Whitechapel, according Rough Guide London, according personal observation. Whitechapel home London's Bangladeshi community. Community life centers Brick Lane. Osborn Street, street sits, turns Brick Lane. Whitechapel traditionally immigrant neighborhood. While area rich history hosts several markets worth visiting, I would choose stay London. While close Tower London, offer leafy charms comforts West End. If stay here, know neighborhood shiny skyscrapers clean streets. In words, City. The streets lined upmarket boutiques eateries, West End. This working-class neighborhood. The hotel's security seemed iffy. The streets immediately surrounding cleanest loveliest London. The area quite congested. City Hotel staff leave two sets lobby doors wide open street, made uncomfortable. A local man asked us rather forcefully local liberate payphone using outside hotel. A homeless person came partner, engaged conversation, asked money. Upon checking taking elevator floor, found several housekeepers smoking listening loud music end corridor. They left stairwell door open, smoke permeated hallway, also room. This was, me, sign poor management. Staff assigned smoking areas disturb guests music. The room left much desired. Although large included living room small kitchen, depressing. The lights dim, decor extremely dated. With one window (in kitchen), smoke smell bedroom dissipate, place felt gloomy, even relatively sunny day. One lights bedroom work. The living room odd assortment furniture flowery, old-fashioned patterns. While I appreciated collection magazines left guests, could make room's failings. I would preferred much smaller space better furnishings. We found staff less willing help. When complained receiving BBC1 room, staff said receive channel. This would US equivalent receiving CBS, ABC, NBC. We found hard imagine. During several visits England, I've never stayed B B offered television receive BBC1.Some staff members spoke less-than-fluent English. When said would leaving, one member responded, &quot;Where problem?&quot; We cancelled reservation stayed another hotel, much happier. Staying Notting Hill and, later, Kensington meant could explore neighborhood around hotels without taking Tube. Whitechapel far tourists' paths. It area I would want spend trip exploring. Although I left name phone number hotel, general manager responded. The City Hotel offers cheap rates London ($77, case), pleased pay stay felt up-to-date secure. The hotel's star rating 3, I feel merited rating. I would give 2 stars best. I Europe several times. This latest trip 3 weeks long included 7 hotels. The City Hotel worst lot.",0.04000390320062451,0.3977946916471506,May 24 2006
76,76,"Good Value great location sight seers!! We went London one weekend sight seeing decided book online hand. We found City Hotel decided go looked quite smart good value (in comparason London Hotels). The Room quite basic TV, Tea Coffee etc everything needed. A menu restaurant downstairs left welcome file however went downstairs Restaurant closed (would nice told us checked in). We however told food bar (same menu) bar lively quite noisy opted go meal one local restaurants nearby. There lot choose area mainly Indian. When returning went bed found walls quite thin next door obviously getting ready go (11pm) could hear conversations going on. They eventually left returned room 4am, I tired I fell straight back sleep. The handy spot East end London. There Tube right around corner extremely handy sight seeing Science Museum Tower London. The area bit run Hotel fine. The staff helpful friendly. Overall I would recommend people looking good value need close city centre.",0.23234532828282828,0.4461185515873016,May 9 2006
77,77,"Saved Service. Myself friend stayed City Hotel keen week-end rate.The first floor room Very spacious,well going rate Hotel Rooms London.Clean well presented bathroom requisites good order.Our problem became apparent Sat night seriously effective sound system began operations Private Party Bar.The Hotels guide warn music Bar 0100 came went companion visit reception see could moved music (and Vibes) turned down.Neither proved possible resulted letter complaint Manager.All might seem negative result City Hotel getting raspberry exemplary manner Duty Manager General Manager dealt complaint following day (Sun).The duty Manager met us acknowledged strength complaint,apologised inconvienience advised us would recieve refund charge night.The Bar/Restaurant recently refurbished seems area skimped acoustic panels prevent upward escape noise.The moral story U staying Sat night avoid first floor rooms facing front...unless course u party animal case disregard this.All City Hotel attractive location anybody looking REAL London warren side streets markets immediate vicinity make interesting browsing experience.",0.17708333333333337,0.4892361111111112,Mar 8 2006
78,78,"wow- much much better expected friend booked us whilst feeling adventurous. I told I liked area booked I bit nervous wondered I really liked area enough stay there. I pleasantly surprised quality City Hotel. I've stayed London various 2 star 4 star hotels, B &amp;Bs apartments great value. My twin room 4th floor view 'gherkin' basically balcony, large west end B&amp;B I would expected walk find 4 5 beds filling every inch floor space. It spacious room, clean, bright (although pictures justice), stocked tea making equipment large empty fridge- silly minibar items afraid dislodge fear paying hefty prices. Despite city, I found quiet trouble sleeping.The breakfast continental served modern restaurant nice bar, substantial enough. There apparently internet access one two computers clean bright lobby, working three day stay. My mates room rear facing also large, FULL KITCHEN! oven, hob, microwave, sink, utensils, everything. neccessary 3 days certainly good know future trips.The aldgate east tube stop (District) whitechapel. I love spitalfields market (sunday) area Brick Lane. I think area would daunting first time visitor, someone wants stay closer common tourist attractions, done already want nice clean, large room good value money, put City Hotel top list.",0.2816160714285714,0.5930238095238096,Feb 12 2006
79,79,Good Value Friendly Hotel I stayed 4 nights course. I paid Â£55 per night double room double single bed. I noticed rack rate Â£160. good nicely tiled bathroom usual toiletries. A fridge kettle. The room spacious. The room clean bed linen. The bar restuarant good. The staff helpful friendly. I also recommend Clifton restaurant (Indian) end street excellent Indian food lovely surroundings.,0.35368253968253965,0.5482857142857143,Feb 7 2006
80,80,"Be brave could turn favorite! This amazing weekend special offers. It Brick Lane vast collection indian restaurants. It traditional classic London near 'trendy areas' whitechapel, spitalfields etc. You easily walk thru 'City' incredible buildings right Convent Garden. The bit tired side, little bit scruffy Â£40 night brilliant I stayed quite costing double barely good. Comfortable, Good breakfast, good security, clean, good bathrooms, private parking, 2 minutes Aldgate East Tube station takes anywhere. 10 mins walk Tower Bridge...when tube strike walked everywhere. It usual tourist Victoria/Hyde Park area want see, live, 'real London' gem.",0.31190669449598024,0.5922193877551021,Feb 6 2006
81,81,"ok - good location Stayed 2 nights here.It good location nice staff there.But well average ways.There bugs I thank for.Floors dirty.Bed linen clean toilet mattresses linen skipped off.Do go unless business simply come sleep.I would take family there.Breakfast simple, order omeletts etc.But cheap donÂ´t high demands.",0.28525641025641024,0.5166483516483517,Jan 30 2006
82,82,"Unusual good-value The City Hotel located Osborn Street, effectively &quot;Brick Lane becomes Brick Lane&quot; - convenient best Indian food Britain, minutes' walk Liverpool Street, round corner Aldgate East tube.I can't fault value, least discounted prices offered - I booked room Â£45 night ended getting suite bedroom lounge areas, kitchen bathroom!The room clean furniture comfortable, although 3* I'd expect five analogue terrestrial telly channels.The decor mostly OK - interesting murals wall lounge area! - fixtures fittings need lick paint. My room back rather grotty view back yards.There noise bar Saturday night, excessive.The staff friendly efficient, breakfast buffet included room rate - I try good smells coming breakfast room! (Neither I try restaurant, menu looked OK).Certainly good option budget-conscious traveller decent place crash long day wandering around London.It slightly feel basic that's upgraded meet requirements three stars rather one that's always way, price I paid hard quibble, especially given amount space I had!",0.23199999999999998,0.4599999999999999,Jan 16 2006
83,83,"Fantastic East End. After reading reviews I bit wary staying City Hotel boyfriend I could happier.We've stayed number London hotels, luxury budget, City Hotel value money comfortable. Most rooms London tend small (tiny!) side (unless willing pay small fortune), City Hotel provides spacious rooms. Ours complete bath/shower, fridge, tv, double single bed. The room always cleaned high standard pressure room certain time morning enable room cleaned. Staff polite helpful. Breakfast would expect continental breakfast - cereal, toast, fruit juices, fine start day sightseeing. The also one stop away Tower Hill visit Tower London London Bridge. The area greatest east end. If want surroundings rows white-washed buildings tree-lined streets, stay west end (such near Paddington station), although find standard great price City Hotel. The 30 second walk tube station plenty places eat area - great Indian restaurant left called Clifton (apparently favourite local footballers models), KFC Burger King junk-food junkies. There's also small local shop stock drinks snacks etc.Overall, great 5 night stay hotel, can't say much complain about! I noticed people mentioned noise surrounding streets night-time staying big city! Noise (and even bad compared cities i've stayed in) pretty much expected, whatever city stay - London, Paris New York. If want quiet, relaxing break go stay country!Will definitely looking stay future, excellent hotel. :)",0.14092926013380558,0.46261953955135765,Jan 3 2006
84,84,"bagels We always stay City Hotel,Visitors aware situated East End area appear seedy newcomer open mind chance experience real London.The staff friendly efficient,rooms spacious clean,ample buffet breakfast.lively bar attached pleasant atmosphere.Good public transport links West End try 25 bus see famous London landmarks including St.Pauls cathedral.",0.294047619047619,0.511904761904762,Dec 28 2005
85,85,"Average stay Stayed 2 nights room four (2 single beds + 1 double bed). The location ok since fairly close Liverpool St get e.g. Stansted express. Otherwise need take tube center takes time Aldgate East station around corner.The traffic noise nearby street may bit loud, settles later night bit even sleep room's phone ringing. Water dripping made noise bathroom; hopefully there's leakage pipes inside wall.The breakfast included (tea, coffee, cereal, yoghurt, toast, juice) good service ok.",0.21785714285714283,0.4014285714285714,Dec 5 2005
86,86,"What pay get Stayed recently 2 nights boyfriend London course. The rooms little retro side, I hate sold Double two single beds pushed together nothing hold place!Cleanliness room absolutely fine, problems bed bugs all, breakfast good served much stylish bar downstairs!All all, fairly average soulless hotel. You might well stay Travel Lodge.",0.08252164502164502,0.5331168831168832,Nov 21 2005
87,87,Stay away Seedy location. Bed bugs left multiple sores chest back.,0.0,0.0,Nov 19 2005
88,88,"Very pleasantly surprised There shortage hotels East London lets face it, area isnt great. Its kind spot go vacation. However I business tend nearby I needed find easy get to, right near Aldgate East station.I paid Â£55 'family room' sleeping 4, though 2 us staying. My hopes particularly high.However I impressed interior hotel. The reception bar 'The Lane' belongs modern clean. We checked quickly I also surprised find porter lift took us floor. Something rarely get 3* hotel, especially E1!I reached room partner quite shocked. Hotel rooms London notorious poky. However size apartment. There kitchen, lounge, large bedroom single double bed, bathroom shower bathtub.The equipment room included desk, table chairs, sofa, armchair, dressing table, microwave, television, display cabinet (admittedly rather random), trouserpress etc.It slightly mismatched ok, little shabby, still pleasing see. The room quite hot I believe someone else mentioned, two big fans cooled us down.The wall lounge handpainted mural beach (again, random!) though tried recreate Tuscany villa East London!We comfortable stay, able cook microwave meals enjoy evening plenty space. The next morning complimentary breakfast. You pay fiver full English stuck free menu. This included toast, juice, cereal, croissants - usual.We also checked easily. Overall I pleased stay. I expecting small dark untidy room instead met big clean one. If need stay East London I would recommend it. I booking again.",0.1674017857142857,0.5393392857142857,Oct 24 2005
89,89,"Seemingly Average The price paid pretty much got. It Â£55 paid one night stay there. The area around seemingly blane boring. Liverpool street road nice. The literally 45 second walk aldgate east tube station district tube line hammersmith city tube line. If would prefer metropolitan tube line, algate mainstation 3 minute walk away. With tube close 10 mins central london destiantion. The West end close tube. I stayed 5th floor, room 511 warm reason. The windows open inch 2 old, need replacing really. The whole seems slightly washed colour effect, colour scheme generally cream washed red. The internet access reception public anything wanted look privately online wouldnt applicable. Your allowed take key hand reception leaving collect return. The room self standard size, seemed clean constantly reminded wasnt clean cream white colour everything. The bathroom average sized, shower total crap, shower bathtub turn forces head water firing back wall, right onto dry towels back bath towel rail. But saying this, Â£55 london expensive, live suburbs, come saying get pay for. I think ok saying doubt i'll return again. Comfy pillows though. Those squishy ones.",0.0257688382078626,0.49844560588463016,Aug 23 2005
90,90,"Would go back...ever. The refrigeratordid work. We conplained told designed keep things cold, keep sandwiches going bad. We tried order room service...they told actually room service. Best all, I got dozens bug bites sleeping one tiny beds.Oh, neighborhood seedy.",-0.01428571428571426,0.5523809523809523,Jun 25 2005
91,91,Excellent value,1.0,1.0,Jun 23 2005
92,92,Not recommended families,0.0,0.0,Jun 12 2005
93,93,Excellent Value money,1.0,1.0,May 30 2005
94,94,Hen Nights Made welcome,0.8,0.9,May 16 2005
95,95,Great good location,0.75,0.675,May 13 2005
96,96,Good family value,0.7,0.6000000000000001,Mar 11 2005
97,97,good,0.9099999999999999,0.7800000000000001,Feb 17 2005
98,98,Very good value,0.9099999999999999,0.7800000000000001,Aug 28 2004
99,99,excellent value,1.0,1.0,Aug 20 2004
100,100,Zona excelente muy buena relaciÃ³n calidad-precio,0.0,0.0,Nov 17 2009
101,101,Buon rapporto qualitÃ prezzo. Pulito. Ottimo servizio.,0.0,0.0,Sep 5 2009
102,102,Hotel viejo poco cuidado sucio,0.0,0.0,Aug 13 2009
103,103,Hotel pulito e accogliente un quartiere particolare,0.0,0.0,Jun 18 2009
104,104,Super Lage nette Personal guter Preis bei Online-Buchung,0.16666666666666666,0.4833333333333333,May 26 2009
105,105,Buena relaciÃ³n calidad-precio situaciÃ³n excelente,0.0,0.0,May 18 2009
106,106,charmant,0.0,0.0,Apr 14 2009
107,107,excellent rapport qualitÃ©/prix,1.0,1.0,Jan 26 2009
108,108,Grenzwertig,0.0,0.0,Dec 29 2008
109,109,Decadencia en estado puro,0.0,0.0,Oct 11 2008
110,110,City Hotel Londra,0.0,0.0,Sep 18 2008
111,111,Maravilloso,0.0,0.0,Aug 15 2008
112,112,fÃ¼r den Preis o.k.,0.0,0.0,Aug 7 2008
113,113,Zentral-gÃ¼nstig-ok,0.0,0.0,Jul 29 2008
114,114,tolles super lage,0.3333333333333333,0.6666666666666666,May 25 2008
115,115,simple,0.0,0.35714285714285715,May 14 2008
116,116,Nice staying,0.6,1.0,May 1 2008
117,117,Correcto,0.0,0.0,Mar 12 2007
118,118,el de las cucarachas,0.0,0.0,Aug 13 2006
