,Unnamed: 0,Reviews,polarity,subject,Dates_extracted
0,0,"Great really top London small budgets This best value money I ever saw London. It beats everthing likewise cleaness, space, organisation quality low budget. The room I stayed huge. It could size three rooms average London Hotel, real luxury 30Â£ only. To characteristics hotel: managed German YMCA, Christian Youth Association. Staffs German, seems Austrian Scandinavian.Furniture tidy, clean, clean clean..... It makes feel spend night German Bed Breakfast. Everything well looked well maintained. The sink large. There pictures wall room huge, makes bit boring. Nevertheless, excellent value money. Lancaster Hall Hotel real secret bargain London. As unbeatable low fare, reservation must made well advance. Even low season, room hardly available without reservation. It fairest deal I made London I really felt respected guest. In all, great place stay low budget.For price I paid, bathrooms outside plenty them, risk cueing up. The applies toilets. Bathrooms large, clean, clean cleanâ¦..There always soap available dispenser. Showers separate everything friendly again: clean, clean cleaner ever find another place outside hotel. The breakfast room large I estimated accommodate 100 guests. Breakfast great choice unbeatable. It typical German continental breakfast large choice different sorts cheese, sauchisages, jams, honey, different types fresh bred ranging white bread wholegrain bread, fresh eggs, Cornflakes, Muesli, free choice unlimited smiling waiters tidy clean black white uniforms serving tea/ coffee/ etc..This costs 5Â£ place beat London far I experienced.For travellers desperate TV, fact I TV room downside. However, I mind probably rooms might TV. Nevertheless, bible room, religious (non Christians Christians included) non-religious travellers, provide space rest mind. Security provided CCTV cameras watchful staff. In all: great experience disappointment I London. It place upcoming Olympics: clean, impeccably managed, exceptionally great value money extremely fairly priced, price unbeatable offered, best breakfast 5Â£ London. In addition, itâs great location center London.In all: great experience, unbeatable price. Iâll come back, sureâ¦.and enjoy great breakfast.",0.23258194186765624,0.5140599876314162,Nov 3 2009
1,1,"We enjoyed visit Lancaster Hall Hotel It clean, comfortable, close tube Paddington Station. We room bath lots hot water. The breakfast included room charge plentiful - meats, cheeses, cold cereal, breads, boiled eggs fruit, tea coffee. The room small, going way London spend time room. The disadvantage lack good restaurants within walking distance. But always anyway. We would definitely stay again!",0.15185185185185185,0.7277777777777779,Oct 28 2009
2,2,"You find better I stayed hotel, knowing budget hotel. expect budget service too. The place smells smoke, noisy groups travellers. I even open window fresh air. Better value money found elsewhere. Not recommended solo traveller, place feels like hospital waiting room. Not appealing. I back london back place. Nor would recommended anyone else. find somewhere else, budget mean pay room, want comfortable feel safe away home.",0.17229020979020981,0.4247377622377622,Aug 2 2009
3,3,Perfect Ideal place stay business budget . Staff helpful rooms clean confortable. Located near amenities also offers Student accomodation reduced rates Hotel also. I stayed many years found good base travel around City. Rooms twins double beds continetal style feel.Breakfast 10/10,0.3418518518518519,0.5977777777777777,Jul 30 2009
4,4,"Why bother staying value money. The staff rude stay, helpful all. The dated decor. I needed directions, find myself. There better hotels there. I recommend anyone. It ruined trip london.",0.13333333333333333,0.4666666666666666,Jun 26 2009
5,5,"Great budget choice. Stayed single youth wing room. Room quite large clean. Toilet shower rooms private clean. Some fool group incredibly loud yelling second morning woke up, room quiet. Breakfast I would call expanded continental - rolls, croissants, bread (toast), cottage cheese, cream cheese, spreads, cereal, 3 types cold cuts, 3 types cheese, fresh fruit, tea coffee... I really enjoyed breakfast. I never stayed near Paddington bit things I'm used I find location excellent - handy Hyde Park quite handy bus routes. My main complaint would probably lack common room kitchen facilities - I like cook meals. I would recommend.",0.1701884920634921,0.5337301587301587,Jun 1 2009
6,6,"If find better value UK capital tell I stayed excellent value central London many years found consistently good offering comfortable, clean friendly accommodation, whether stay youth wing section. Okay, may little dated design decor matter full buffet breakfast thrown in, enough see supper time? The location excellent, close two underground stations Paddington perfect walk ever changing Hyde Park. There numerous local shops restaurants. And I looking forward staying again...",0.40651041666666665,0.5875,May 11 2009
7,7,"Good experiance Stayed 3 nigts las summer (-08). Very nice staff, clean varied breakfastbufÃ©.We would love come back!The location nice too, cross Hyde Park Harrods places.4-person familySweden",0.4030952380952381,0.6107142857142858,Apr 15 2009
8,8,"OK place My friends I stayed youth wing three bed room weekend Christmas shopping. The rooms simple, decent size, nothing fancy. The bathrooms halls, hand, clean.The breakfast quite good staff friendly.Quite cheap compared places, I know I'd consider staying again.",0.17708333333333331,0.4842261904761904,Mar 8 2009
9,9,"YOUTH WING ECONOMIC AND BASIC BUT GREAT It nice find economic place London. The room big enough me, clean, basic services. The toilet en suite, common clean. If looking place sleep want share room people, I think could good choice.",0.24285714285714288,0.4285714285714287,Dec 30 2008
10,10,"Very good I stayed youth wing- accommodation basic best basic accommodation I seen long time. Everything spotlessly clean, plenty showers toilets number guests never queue, room surprisingly spacious bright. Breakfast also superb, location.Absolutely unbeatable value.",0.5140740740740741,0.5255555555555556,Oct 25 2008
11,11,"Life Saver When booked turned really good, leaving late night make decision look somewhere else, came rescue. We asked look room booking problem with. It clean, nothing fancy spacious enough London. Bathroom also clean. Continental breakfast quite good - read opinions differed mine - included cold meats cheese, croissants well toast, fruit salad, juice etc - self serve limited ate. Front staff fine little reserved. Hairdryers irons loaned front desk fee fee refunded returned. Only really negative could smell cigarette smoke hallways 2 days front door stated clearly smoking building. Not sure about. Didn't want comment really happy found vacancy late night. Couldn't stay 4 days booked previous place could accomodate us 2 nights found even better less cost last 2 nights problem.",0.01966991341991343,0.5586399711399712,Jun 18 2008
12,12,"Very Basic Hotel. This basic good value price. It conveniently located near Lancaster Gate tube station within short walking distance Paddington mainline rail station. I two nights fulfilled requirements somewhere clean safe stay. The best description room spartan. There touches luxury (nor I expecting price) tea/coffee making facilities, hair dryer iron (available reception fee). The television tiny wall mounted high wall one crane one's neck watch it. It's I expected price I paying I disappointed I complaints. The breakfast basic well adequate.If want place sleep London could worse this. Recommended single travellers.",0.21279100529100525,0.4419047619047619,May 19 2008
13,13,"Lucky second option After arriving airport 7am find original booked closed (had advised flight times, confirmed ok) ended walking asking room. Luckily one available us. The beds comfy, rooms decent size London. Continental Breakfast included, enough keep us going lunch. Had complaints.",0.24083333333333332,0.5583333333333333,May 14 2008
14,14,"Great hotel! My husband I stayed last summer son, time 6 month old. Our experience great start - email-contact booked, wanted ask things regarding son. The response quick everytime staff helpful service-minded. When arrived put babycrib/bed room. The room clean average size. Good Londonhotels hard find, small, dirty etc still VERY expensive! Lancaster Hall great, nothing luxery, need -very clean, good area walking distance Hyde park Oxford street, close Lancaster tubstation, still quiet.The staff friendly helpful, breakfast included (also usual London), wich good. Infact, I've booked ,for trip summer friends. Looking forward go back!",0.2325,0.5256349206349207,Feb 28 2008
15,15,"Clean basic good location price I stayed youth wing room (shared bathrooms) week last January. The great location sightseeing quiet clean. The morning continental breakfast nice. The shared bathrooms cleaner I usually find places shared bathrooms, room pretty large. The best thing place 30 pounds...something price London usually pretty dingy, noisy, bad location experience.",0.23984126984126986,0.6013492063492064,Jan 6 2008
16,16,"Can't believe place From regular business traveller UK. I stayed Lancaster Hall Hotel, can't believe place described reviewer April 7th. I found clean, welcoming, superb location getting around London, exceptionally good value. To good continental buffet breakfast included price, real bonus. I always stay future visits London, recommend friends business contacts.",0.3076666666666667,0.43619230769230766,Jun 19 2006
17,17,"Fabulous friendly affordable I stayed husband 3yr old daughter week May thoroughly fantastic time. Our room exceptionally clean light airy, requested room facing back nice quiet. The breakfast buffet varied plentiful (on contrary places stayed at) enjoyed us much. The staff cheerful friendly continuously helpful many queries. The fabulous location high standard leaves hesitation recommend anybody travelling London - certainly stay ourselves!",0.2831328320802005,0.5673558897243107,May 29 2006
18,18,"Smokers Only - Please Dirty, nasty, stinky noisy. All wrapped one address. The rooms small crowded. Beds twin size uncomfortable. Second hand smoke plentiful, save many pounds uses. Bar soap one box tissues amenities, tv remote control. Windows can't opened smoking rule, rather exception. My towels, left floor, changed, hung back up. This YMCA facility really meant hostel ensuite facility. In words, bathroom. I would rather stay tent Hyde Park.",-0.0953125,0.5140625,Apr 6 2006
19,19,"Lancaster Hall Hotel The Lancaster Hall Hotel conveniently located short walk Paddington station, undergound mainline trains, even shorter walk Bayswater Road get bus Oxford Street, walk short distance Lancaster Gate underground station.It affiliated German YMCA Youth Wing attached Hotel. It great place stay. I booked Youth Wing usual, I arrived Hotel I upgraded room I 11 nights June 2005. The rates Youth Wing quite cheap, I would go far say stay Youth Wing would almost cheapest London. You substantial breakfast whether staying Hotel Youth Wing distinction guests staying either far breakfast concerned. The difference Hotel Youth Wing Youth Wing share showers toilets, t.v. rooms, young probably every night need t.v!The service staff extremely good someone reception 24 hours day. I would recommend Hotel, Youth Wing, anyone wanting stay London. It conveniently located much transport West End. I stayed number occasions various visits London.Thank staff Lancaster Hall Hotel making stays London easy.Liz Noble",0.19687500000000002,0.53125,Jun 26 2005
20,20,"Clean whistle great location great breakfast! Just great, reasonable option found. Lovely attendants desk, great family-friendly atmosphere throughout. And although baths en suite (we stayed annex) step hall, incredibly clean, beautifully laid out, spacious steamingly wonderful. I'd stay -- I traveling brother 15-yr-old daughter, thrilled. Plus, best, enormous map city I've seen anywhere, displayed right front desk. Extremely convenient!!!",0.5099618493230625,0.7043884220354809,Nov 17 2004
21,21,Superb value money - good breakfast I stayed Youth Wing number times find clean excellent value money. I 50yrs old fine stay travelling budget.The staff efficient friendly. I like always go back first choice.The breakfast also good.,0.48348484848484846,0.5375757575757576,Jul 25 2004
22,22,Un posto da tenere considerazione,0.0,0.0,Nov 23 2009
23,23,Hotel sencillo pero muy bien ubicado,0.0,0.0,Oct 18 2009
24,24,Un estupendo con una muy buena relaciÃ³n calidad-precio en un sitio muy tranquilo!,0.0,0.0,Oct 4 2009
25,25,PuÃ² andare ...,0.0,0.0,Jul 27 2009
26,26,Sencillo pero muy bueno,0.0,0.0,Jun 17 2009
27,27,bien,0.0,0.0,Nov 18 2008
28,28,economico pero bueno,0.0,0.0,Jul 30 2008
29,29,War fÃ¼r den Preis Ordnung,0.0,0.0,Jul 21 2008
30,30,si vas solo dormir muy bien,0.0,0.0,Jun 2 2008
31,31,Amabilidad atenciÃ³n,0.0,0.0,May 5 2008
32,32,Me gusto el Lancaster Hall,0.0,0.0,Dec 13 2007
33,33,bestes Preis-LeistungsverhÃ¤ltnis,0.0,0.0,Oct 4 2007
34,34,Preiswerte saubere Unterkunft.,0.0,0.0,Sep 23 2007
35,35,gran destino para visitar londres,0.0,0.0,Aug 17 2007
