,Unnamed: 0,Reviews,polarity,subject,Dates_extracted
0,0,"Big improvement since last visit We stayed Athena Hotel 2007, thought nice worth come back however time I amazed huge improvement made. From beginning stay received friendly helpful service reception. Rooms recently refreshed new wall paper, headboards, bed lamps furniture. We pleased, room looks fresh clean. Donât look photos put site, date. Breakfast good full restaurant busy 9am. It could good idea breakfast half hour earlier people still rooms.",0.2653181818181818,0.4616439393939394,Nov 2 2009
1,1,"Great Value Money Prior arriving London, wife I booked online (around corner) terrible experiece. We knew would returning London next week stopped Athena inquire room return. The staff pleasant showed us room. We could see building, though old, maintained level pride (clean rooms everything worked). For thorough review, read Mr Sadiq Lakhani's, January 1, 2009 write-up. I feel accurate portrayal found. I would like &quot;ditto&quot; comments. Thank Athena helping wife I regroup accomodations stay London. Don Kudrna, California",0.21111111111111114,0.5277777777777779,Sep 27 2009
2,2,"HORRIBLE PLACE We arrived 5.30 paid full amount 2 rooms booked, went upstairs see rooms god bad, room meant tobe 3 bedded Non smoking room, arrived ash tray cigerette buts outside, room smelt damp, hot went bath, towels got out, husband went asked some, told laundry arrived today, (saturday) meaning towels beds changed, rooom, double single bed it, one small towel, bed also stained. complained wanted leave full refund, But No charged us Â£100.00 taking bath, still waiting the?Â£160.00 extra paid. Never again, place shut discusting.",-0.1270757020757021,0.4034493284493284,Jul 5 2009
3,3,"..Most Amazing Experience!!! highly recommeded ... RECOMMENDED!! I booked internet one night stay prior arrival online Credit card.Reading reviews scared, website showed facilities wanted. But reviews bad...So I booked online credit card one night. In case turned like said I would run away next day. I arrived last night, however I called booking agent took direct number called morning please give good room I heard scary review it. I tell true all, I assume probably could nearby people killing competition... knows, takes lines kill business. But really dont go &quot;too much&quot; reviews, call personally take name person desk later tell room was. Ok... review....Its amazing , excellent location, great service, lift rooms, drag bags 4th floors losr 5 lbs. Internet wireless Â£ 7 day 24 hours laptop. Does feel like BB all, like proper hotel, wait book one two days come chance get amazing rates.... There good coffee tea making room. The decor, fixtures, lights, plugs, design room right... There attention detail, heating superb , -6 degrees nowadays here.... brrrr..... Jan 09. The TV nice, new wall mounted, washroom clean impeccable, I must say amazing room, price , Jan 2009 price Â£ 40 internet.Sussex Gardens location great , close Hyde park close Edgware Road budget restaurants internet cafes open till late night. Buses tube real close.In London Sussex gardens great area stay in, close Marble Arch, Oxford Street crazy shoppers, minutes pop bus going Edgware road. I love London I love way one paying write this. I also , like avid traveler budding travel writer, I travel mostly SE Asia, Thailand around. London many years now. So give shot, coming London, call before, agents, take number agent call personally ask good room. And made.Try one night doubt, like many BBs lined Sussex gardens, 50 I assume, move.the next day too. Happy traveling.... thank Athena!!! Sadiq Lakhani A Banker , Adventure traveler, IT professional. Wannabe Travel Writer.... sadiq.lakhani@yahoo.com",0.28825723542704673,0.5220856135478777,Jan 11 2009
4,4,"They let We arrived 2.30pm find room ready. They 'lost' housekeeping keys wanted us depart without room keys, leaving possesions behind. We got back around 10.30pm find get room way we'd shown wedding going on. We told go outside enter another door know about. The plumber showed us right around building completely separate entrance informed of. Thankfully got back still someone around would never known get in. The shower work properly. Breakfast late toast tea. I advised daughter gluten intolerance acknowledgement made. The road noise kept awake night too. The room adequate cheap - could enjoyed stay staff organised. I really feel previous reviews people going extra mile willing help gave high expectation customer service there. I really disappointed experience.",0.061673881673881666,0.4279365079365079,Jun 6 2008
5,5,"Just avoid Decadent,unpleasant,filthy,with personnel accurately uninterested customers. The room got, number 3 ground floor, tiny could barely move.The wallpaper peeling wall,the heater stincked,the carpet full dirt.Noisy something seemed us underground passage trains something similar. We shower soap, I asked receptionist some.He answered provide any.Can beleive it?? He astonished candidly advice step outside buying it, newsagent 400 yards away. They sponsor three star rating ,but deserve even one star.The breakfast served basement At first breakfast scramble eggs served cold ,the second time ok.And advice whoever planning travel London:If find places London show &quot;no vacancy&quot;placard except Athena hotel, obvious reason spoiled many travellers' hope.",0.1576923076923077,0.45128205128205134,Dec 20 2007
6,6,"Worst Hotel Ever I regular traveller London , I say , worst I ever stayed in.The rooms smelt fusty dirty. There dirty stains wallpaper outer bedding. Sash Windows fully close , heating work. Very noisy cold night.We complained staff rooms, shown alternate room bad. They offered move us accross road - phone call possible. When checked morning night porter asleep, wake aks receipt. No receipts available - provided postage address - still waiting ..Full tradesmen - suitable families anyone else. I would recomend anyone-",-0.34423076923076923,0.6148915187376726,Dec 7 2007
7,7,"Clean decor looking tired Made unexpected arrival reception, staying one night wanted drop overnight bags, whilst went lunch theatre. The receptionist made us welcome checked availability, room ready checked immediately.We paid Â£99 room thought reasonable London. Yes decor little tired, chair sit wanted bath washbasin plugs SHOWER SHOWER order day.The staff pleasant tasty English breakfast made served order.",0.16659090909090907,0.7000000000000001,Nov 14 2007
8,8,NEVER AGAIN! Horrible! We stayed one night paid 150 pound! The room basement - clean. The lady reception terrible. I feeling felt disturbed reading book. The breakfast horrible. We changed got much better one 71 pound.THIS &quot;Athena Hotel&quot; hotel! It less dosshouse (but expensive one)l Through money window much jmore staying place.NEVER AGAIN!!!!!!,-0.20697528545673075,0.6715128205128205,Sep 27 2007
9,9,"Nice clean perfect location We stayed Athena 5 nights family room reasonable rate. We happy nice, clean hotel. The breakfast good (English breakfast) included price room. The staff kind helpful. This located Sussex Gardens, pleasant avenue lined London plane trees (Platanus acerifolia) far Hyde Park, close Edgware Road Paddington tube stations easily go anywhere London. Restaurants, convenience stores internet facilities also within easy reach, round corner towards Paddington station (Praed Street, London Street). I would definitely come back!",0.4185185185185185,0.721851851851852,Jul 20 2007
10,10,"Would never go back We booked January year bring 40 people half aged 12 13. We visited week stay owner helpful showing us every room would using. We happy left booking. On arrival young man desk unsure pupils staff put opposite, acceptable safety reasons. The opposite poor standard. We spent nearly two hours trying find suitable beds party. Some guests party room man desk attended. The party kept everyone awake 3a.m. This great location station rooms smelt smoke, breakfast slow ask things ran out. I would recommend simple reason I trust booked, going get.",0.07490740740740741,0.3499338624338624,Jun 17 2007
11,11,"Nice good location We stayed Athena 4 nights. The staff pleasant helpful, requests dealt speedily . The breakfast morning good (english breakfast) included price room. The located close Edgeware Road Paddington tube stations easy get anywhere London. The also around corner rather fine Indian restaurant, Ryath, fancy lovely meal. My gripe would decor (needs makeover) need somewhere put head night, good breakfast cant go wrong here.Louise, Dublin, Ireland.",0.3798148148148148,0.6876851851851852,May 6 2007
12,12,"expect We stayed Athena 3 nights, I booked web booking read couple reviews ( I know wrong way round)and started panic people written dreading arriving there. For paid I expect Ritz, room clean tidy,plenty hot water,staff friendly helpful get pay for. I remember reading reviews Marriott Marquis (5 star) New York stayed last year negative, fantastic every way always go reviews wriiten try hotels yourself.",0.09100378787878788,0.5964015151515152,Feb 17 2007
13,13,"Will stay again! We actually booked Gower Hotel opposite, arrival sent Athena Hotel unfriendly receptionist, without explanation.She assured us Athena actually three stars instead Gower's two. Having seen inside Gower, happy go! So Athena went, greeted another monosyllabic receptionist given key Room 15. I know paying Â£55 expected room clean wasnât. I attached photos really donât justice, much worse looks!The carpet absolutely filthy, dark grey 15&quot; wide border dirt around skirting board, blended nicely paint blobs unidentifiable stains rest patterned with.... The wallpaper peeling walls net curtains looked thought never washed, dark grey carpet! The bed pushed right window tie nets knot stop falling us night. The bedding actually surprisingly clean considering rest room, shame sheets holes them! The bathroom however, fairly clean although toilet brown stains it. We would complained surly receptionist disappeared went back downstairs, honest state place I'm sure would anything better anyway. When went breakfast morning studiously ignored serving staff 5 minutes managed corner one ask supposed sit. The breakfast ok, complaints money didnât come back see wanted tea coffee. So hugely disappointing experience always prepared basic room cost dirt staff attitude. There 3 star rating signage anywhere view Athena Gower across road display supposed two star rating.We friends run three star would rating taken away nerve give customers room like this!",0.046456916099773225,0.44859977324263034,Sep 12 2006
14,14,"zero stars Whe back holland four day stay terrible hotel, bath whas broken, cold water, holes wooden floor , ventilation sticking hot!! bad service absurt dining room basement level, stars whe say!!",-0.37276785714285715,0.5595238095238095,Jul 24 2006
15,15,"No hot water We booked 6 nights, hotwater first day arrived 30 hours plane. We promised would fixed, day.we gave 3rd day,we received compensation stay, fortunately moved across road wonderful place called Darlington.Don't even consider staying Athena Hotel.",0.2708333333333333,0.5138888888888888,Apr 11 2006
16,16,"Utter Rubbish If could give zero stars would. Stayed partner february place dump. Wallpaper falling walls, smokey room, awful shower, dirty bed clothes stains floor. Staff dull uninterested, reception smelt like takeaway. Do stay here, save money something better, like cardboard box.",-0.2783333333333334,0.76,Mar 17 2006
17,17,"Never We stayed december 2003. We booked room safe, safe room, even reception.On first morning breakfast photo equipment stolen room.The staff didnot want provide us telephone number local police help us way. The thing accuse us (falsely) properly locked room.When returned room hours later door locked personnel lights turned on. A 2nd try pasports money?This never ever again.After lot complaining offered us side street. We declined seeing rooms (closets) discovering cockroaches.So warned.",0.10909090909090909,0.34393939393939393,Nov 25 2005
18,18,"Third time charm I've stayed Athena twice (2001 &amp; 2003). I came expect friendly, helpful staff clean, well kept rooms. This last trip (Jan 2005) told different tale. An un-friendly staff little knowledge help tourist make way basic tour reservations. Torn wallpaper public areas, torn drapery room, general tired, worn-out feeling taken place warm &amp; friendly. It sad see charming gem tarnish become undesirable.",0.09851190476190476,0.48988095238095236,Jun 3 2005
19,19,"Gone hill My wife I nice stays shortly refurnishment 1999, room 4 especially nice, wonderful big bathroom. However.... last two vists 2003 2004 experianced rude uninterested staff, rooms deperately required basic maintainace. Really shame see place go hill. We prefer Holiday Express North Acton....Clean professional.",0.1907407407407408,0.4224537037037037,Mar 20 2005
20,20,Disappointing This disappointing surprising considering local competition. We originally offered room 51 basement small barely walk around bed get shower room. We offered alternative reception could receptionist walking us. The second night room 42 although front building better night. The rooms tatty although clean lack attention works needing lightbulbs heating. Breakfast okay hotels better.,0.08244444444444446,0.4356666666666667,Dec 5 2004
21,21,"friendly We back London. Nov 2004. And stayed Athena hotel. Our room clean enough stay there. The carpets dusty,the wallpaper peeling walls, basically rooms given quick 5 minute clean per day. stayed five nights bedding never changed time towels once.Upon arrival greated friendly english speaking guy. But rest time owner rest staff unfriendly welcoming. Unless nationality (greek think).The breakfast worth consisted rasher bacon ,a suasage egg cold.There lots hotels street choOse would choose another making sure owner one three hotels",0.15026041666666667,0.4336805555555555,Nov 9 2004
22,22,"Smaller Friendlier I've stayed twice Athena - year apart - remembered us, specifics us - like visiting old friends. The rooms clean nicely decorated. The breakfast staff extremely accomodating American needs &amp; desires. Overall great place - hope return frequently.",0.20462962962962963,0.49444444444444446,Jul 18 2004
23,23,"Never The Athena turned worst least 35 different hotels 4 different WestEuropean countries, price ranges, I stayed 2003.During x-mas holiday, first morning stay, breakfast, room burgled, camera equipment stolen. Not nice experience happen.This didnot offer sign sympathie, didnot cooperate way (were even unwilling call local police), accused us door locked properly (which showed had) returned evening turned even left door hotelroom open lights turned cleaned day.They take responsibility trying get another room night porter let lady didnot room said allowed stay husband without paying 12 years, 5 minutes later offered key wrong room another guest.We couldnot file complaint, told kind tales. E.g. night porter allowed call manager evening, night porter telephonenumber, mobile phonenumber (but eventually still calling), etc. etc. They couldnot provide us another room since none available, half hour lot rooms empty..In end offered us choice three rooms another (of owner), one (their calles suite) smokey romm room could lifted outside one could hop out, another one even showed running cockroach, exactly paid for.When refusing stay here, found another (with kind personnel managers) didnot want check us argument anything us, travel agency.And fort, fort.Should ever decide stay hotel, make sure never leave anything rooms since lockcan flipped open outside fast simple. There safe room security system outside (allthough many hotels environment possess system)",0.009947916666666667,0.46209821428571435,Feb 20 2004
