,Unnamed: 0,Reviews,polarity,subject,Dates_extracted
0,0,"Oasis heart City We bit worried comments site still 'building site' completely dispelled arrived. The faultless checked moment checked out.We stayed weekend yes area quiet evening staying parts Capital, BIG plus. The 2 minutes walk Bank Moorgate tube station easy get west end food drink. The rooms spacious bathroom huge fantastic shower. The Bose sound system iphone/ipod great touch.Interiors luxurious felt properly pampered. Staff quick, efficient friendly gave us really good advice places go, get etc.Definitely come back again.",0.2950980392156863,0.528921568627451,0.528921568627451
1,1,"Stunning Hotel excellent service! My Husband I stayed weekend one night. We impressed Hotel, modern stunningly decorated. The room really nice, one best weve stayed in. It huge bed lovely chez long bottom bed. There huge flat screen tv wall. The bathroom gorgeous one biggest bath ive seen lovely walk shower. The side I could see dressing gown, would nice use bath small point. There also enough coffee one cup I rang housekeeping brought us box extra milk coffee extremely quickly!The little far usually stay short walk (less 5 minutes) moorgate tube station staff also booked us taxi asked great.Superb hotel, friendly staff. We prefer stay central like said easy get tube hotel.",0.2472306397306397,0.6637542087542088,0.6637542087542088
2,2,"Another wonderful Apex hotel! We stayed new Apex two weeks opening. It fantastic. The room (I think upgraded superior) spacious, beautifully decorated, warm, welcoming. The bathroon equally impressive, walk-in shower huge bath. The service also friendly helpful. The slightly less glamorous location one Tower Hill, set side street near Moorgate, easy get it, three tube stations easy walking distance plenty cabs main street. We definitely back. This chain simply superb.",0.464251893939394,0.6700757575757577,0.6700757575757577
3,3,Stunning decor run 4* level My partner I visited relaxing weekend away Birthday.Pros - This Hotel lovely luxurious dÃ©cor well set out.Rooms nice well acquitted fab big bath walk shower. The staffs pleasant.Nice quiet part London City.Cons - Hotel still construction wasnât advertised I wasnât pleased I woken 8am Saturday morning drilling banging.Hotel bit way I didnât see problem happy use underground station along road. Customer Care standards 4* standard.Rooms werenât cleaned evening opinion useless fresh towel freshening going evening meal. While staying fire alarm went early hours Saturday morning got stood street night clothes staff seen. We went back find staff standing chatting reception didnât bother tell us going needed hotel. A total disaster guests extremely angry way situation dealt with. I still idea happened got letter outside door saying sorry inconvenience. Not standard customer care expect 4* hotel.,0.10176470588235297,0.5460784313725491,Nov 24 2009
4,4,"Very nice though little way Superior King Room:Pros: Very clean, modern tidy rooms. Quiet location. TV Freeview. Great bathroom deep free standing bath walk shower. Good colleciton free toiletries. Bar staff helpful. All staff friendlyCons: Only 1 chair sit (not counting chaise lounge) tricky eating food room. Location easy use tube. A bit &quot;out way&quot; west end etc. Saturday night, local places open near hotel. When booking direct online, watch VAT added end. I thought I paying one price I clicked last button I get final price VAT. Is me? Maybe I getting old!",0.2127,0.5409333333333335,Nov 23 2009
5,5,"Nice shame value money Stayed opening night, sadly aware hand, otherwise may moved elsewhere. It wast 'soft 'opening shame, somewhat higher expectations especially money paid.Room service menu virtually non existent, phones room work, lots dust rubbish around, rooms numbers falling walls lifts leave good impression.Otherwise great location, close city, although aware eating options close weekend. Rooms nice, plug access difficult. Free wi-fi good.Reception staff fab, really trying make place work, thanks stayed second night.",0.17941176470588238,0.551470588235294,Nov 21 2009
6,6,"Beautiful nice quiet part EC London. I stayed hotels opening weekend (nights 13th 14th). It's extremely close proximity Moorgate tube/train station connected convenient transport lines London. It's Northern line means 10 minutes line London Euston King's Cross St Pancras train stations. Also, Bank 5 minutes walk opposite direction also DLR line - easy access Canary Wharf east areas London.Now hotel! As expect brand new hotel, extremely well decorated - high standard too!Although obvious 100% completed, hinder guests encountered stay. Everything functional staff made sure went ensure disruptions occurred.I booked Deluxe King room (sorry rest review obsolete!) brilliant. I've stayed 5 star hotels even scratch quality room (detailed pictures I've uploaded).In terms bedroom quality, far best bedroom I've stay in, side Dubai. The bed extremely comfortable provided abundance pillows cushions increase comfort levels further.The room two (yes... 2!) 40&quot; flat screen tv's freeview channels both. We spend long room weekend make good use unfortunately! Unfortunately, blu-ray player room even though website said there. This really problem I said, spend enough time room need it.There many nice little touches too. Like &quot;Do Not Disturb&quot; button (as opposed traditional handle sign), actually worked - contrary lot hotels function. The Bose iPod SoundDock great listening music whilst dressing suprisingly good quality small product. Your usual amenities included, iron board, safe, fridge, tea coffee kettle. By default, stock minibar, require service ensure tell check-in.Unfortunately I use room service bar I cannot comment services. However, requests I made promptly dealt I left happy customer!The free complimentary wifi also brilliant. I've always problems getting online hotels Apex problem access always superfast accessible iPhone.I've used TripAdvisor help decision making many times, I thought time I actually posted review photo's - I hope helped make decision :)PS: Request room 109 excellent room!",0.24230817433595214,0.5847405536849982,Nov 18 2009
7,7,"Great location friendly staff Stayed opening weekend (13th/14th Nov). Fantastic location, easy get around. It literally 5 minutes walk max, either Moorgate Bank tube stations. If coming Kings Cross I did, took 15 minutes get tube walking. Hotel fab, room well kept clean, considering opening weekend builders still adding finishing touches, respect hotel's valiant attempts minimise mess. Beds amazingly comfortable complimentary internet nice touch...pity places like this. Breakfast choices great, would nice see 'full veggie' breakfast option although still plenty choices. Staff friendly helpful. Definitely recommend",0.35220588235294115,0.6240196078431373,Nov 16 2009
8,8,"Comfortable decorated taste I stayed 2 nights opening week. Everything crisp brand new. The tastefully decorated outside inside, nice materials colours. It based new, concrete building quiet street City (dead end thru traffic), 5 mins walking distance Liverpool Street station. The City London oldest part city beautiful streets buildings many shops, bars restaurants, beware closed weekend. For reason, rates probably better weekends weekdays.The City King room I stayed like est hotel: nice decorations, nice materials, everything clean good working order. It big though, bed takes half available space. One big suitcase problem, two get bit cramped. Bathroom bath walk-in shower. The complimentary bath duck nice Apex touch. It's bad reason ducks cannot float upright always tilt side. Another weird thing bath tub feature handheld shower, done bathing make way walk-in shower rinse remaining soap body. Otherwise bathroom nice, spacy comfortable. The shower great pressure temperature.Staff friendly, spite opening week seemed quite experienced. I ordered breakfast room, days I received I ordered right time. Complimentary wifi good. Very large flat screen tv good quality.",0.30773782467532473,0.5496320346320346,Nov 15 2009
