,Unnamed: 0,Reviews,polarity,subject,Dates_extracted
0,0,"Not Bad quite expensive The Location excellent &amp; I found adequate 1 night central London stay. The west-end comfortable 5-10 minute walk.Ok IT IS expensive, doubt &amp; rooms quite small But I guess thats get kind excellent location...(Breakfast quoted Â£17.50!!!!!!) - I declinedThat said, room clean &amp; comfortable whilst I found staff friendly &amp; helpful throughout. The nice cosy bar area.I've stayed worse.",0.2671874999999999,0.6781250000000001,Nov 20 2009
1,1,"Better expected After booking theatre package I happened poor reviews hotel. Four us two double rooms expecting worst pleasantly surprised. Despite needing overall lick paint inside least rooms clean comfortable. The shower room small also clean functional. Every item expected room working order intact. We arrive busy time breakfast forewarned would happen. Despite table linen changed sittings, choice food good frequently topped up.More coffee toast offerred despite fact many staff. I dont think one member staff English yet exceptionally friendly helpful. Maybe overall three star rating would better yet take price theatre ticket paid Â£70 per head bed breakfast. We cannot complain central London.",0.05297101449275362,0.47652173913043483,Nov 15 2009
2,2,"Biggest rip-off I ever stayed in. I booked anniversary trip London wife based glowing descriptions &quot;London's leading independent luxury hotels&quot;. This certainly not. If I decide book budget anywhere world, budget price, I prepared make allowances. If I paying Â£161 per night executive double room,on promise luxury, I expecting. The first room given minute smallest toilet shower cubicle I ever seen. When I queried reception, I assured executive room would change one bath. The second room small contained tiny bath longer 4 feet. It almost impossible walk around bed, looked remarkably like bed publicity photograph except smaller, It covered cushions, piled corner next wardrobe, leaving nowhere suitcase. I aware rate included continental breakfast full english breakfast would extra. What I expect was, arrival breakfast room, (I would call restaurant dark dingy room basement) see queue disgruntled people sitting line chairs though waiting dentist told waiting tables breakfast. This small room held around 12 tables, already 9 people front us queue. The pleasant clueless Eastern European waitress came first couple apologise table 4 people could let unless prepared negotiate sharing arrangement next 2 people queue behind them. Being English polite they, course, agreed want make fuss, unlike me!. When I protested girl yet another failing meet standard boasted marketing, english failed her. As guests pointed out, staff part Eastern European polite helpful be, but, clearly working constraints penny pinching management running operation shoestring. My advice go anywhere near place. I cannot say worst I ever stayed I spent 40 years travelling world business I stayed horrors probably worst value I ever experienced.",-0.004361207897793265,0.4114982578397212,Sep 21 2009
3,3,"Expensive is. Four us stayed two nights business. My room small cramped evidently basement. It also stiflingly hot air conditioning anywhere hotel. One colleagues also tiny room. The two rooms reasonable.On first night four us ate ominous no-one else dining dining room 6:30 - 8:15pm!!The food ok, small portions. After meal coffee cold beer warm!! Â£25 per head. The staff throughout pleasant courteous worked hard, redeeming factor hotelI would stay again, Premier Inns much better. If stay eat italian across road, good value, fantastic service fabulous food!",0.20138888888888887,0.5874603174603175,Aug 4 2009
4,4,"Horrible Hotel I booked room Grange Langham Court supposedly 4 star hotel. If categorised 4 star, room 2 star best. On lower ground floor bars window view generator every 60 seconds throughout night. Situated next building site noise started early complimented noise breakfast room virtually opposite room. There also pile chairs outside room staff lugging around periodically. I told wireless work room, far underground I think. The cherry cake fact room smelt urine. All bargain Â£129. On Friday morning I could wait get away Grange Langham Court I definitely going back!",0.022222222222222223,0.35000000000000003,Jul 18 2009
5,5,"friendly helpful staff lovely room would stay Booked ticket tree tickets show 50th Birthday weekend together 8 friends. Read reviews went little concerned would find far complimentary. We aware could book 2pm arrival 10.00 booked allowed book cases drag around London Sunday booked lovely breakfast happy us leave cases collect end day catching train home. Taxis called us throughout weekend. I even requested iron got back 1 morning I could use morning brought room within 10 minutes together ironing board tow. Couldnt ask more. We booked 2 double rooms one triple. The triple little small rooms clean, nicely decorated adequate weekend. I well chuffed room biggest 4. Nice small friendly hotel, adequate overnight stay, would book again.",0.25265151515151507,0.5403409090909091,Jul 3 2009
6,6,"Avoid costs I stay Grange Langham businessregularly gets worse everytime, gripes follows:1. Small, dirty rooms. Bathrooms particularly filthy.2. Unfriendly rude staff speak good English.3. Check in/out times take forever.4. Food/room service appalling.The thing going location, plenty better choices close by. A colleague mine stayedat nearby Holiday Inn said cheaper cleaner.In summary, avoid costs. Seriously.",-0.0574074074074074,0.6111111111111112,Jun 26 2009
7,7,"A complete joke - see funny side ...... Just We stayed theatre ticket effectively free. As result, able laugh appalling quality hotel. Had paid ANYTHING AT ALL, would different matter.For starters, arrival no-one around seemed bothered looking lost knowing go. Then someone finally showed interest, background appear understand form english language.Then, laughs started got room.This billed 4 star accomodation.Our room double bed one &quot;folds wall&quot; type usually get caravan !!!!The leg propped bed fitted slight tap foot I walked past, bed came crashing onto ground.The &quot;double bed&quot; 2 x single quilts supplied.Our room ground floor, right next street. The bathroom window looked straight onto street bath positioned directly window. This window blind curtain whatsoever. The window frosted anyone walking street, free &quot;peepshow&quot; might well offer. To overcome this, I used one single quilts stuck window.We went intention good weekend let mediocre dampen spirits laughed off.A day getting home, I thought would interesting see say weekend I sent email complaint.The reply ........ special reduction future stay hotel.Thanks, big NO THANKS.Would I recommend anyone ? Well, depends.If paying accomodation : absolutely way would I recommend it.If accomodation free ......... could probably still find better elsewhere !!!!!!",0.12628564288720542,0.45554353054353053,Apr 29 2009
8,8,"nice would go back The rooms comfortable clean modern,there bath rooms lovely shower room.The staff reception bar area pleasant could enough you.I stayed 4 star london many times yes loads facilities small friendly good location.I would stay anytime.",0.4122727272727273,0.63,Apr 14 2009
9,9,"Don't stay We booked theatre break husbands special birthday. The room stairs, dreadful, even 2 ** rating. We disapointed. We stuck lift scary told always happening. Reception poor, staff busy answering phone deal guests properly.",-0.17410714285714285,0.6089285714285714,Feb 26 2009
10,10,"Extremely disappointing This 3 star hotel. It must barely 2 star reality. We booked room day told Bistro closed. We given choice dingy room lower ground floor smelled smoke one size shoe box. The room sold double room bed fact 3/4 bed room even put bags still walk round bed! As Bistro closed, dinner poky room food truly awful. I sent sandwich back twice first time bread stale second time supposed toasted sandwich turned cold toast ham cheese rather toasted together. As bad enough ruin night London, 7.30 fire alarm went awake told happens often customer smokes room. I travelled stayed many hotels life I honestly think one worst. I'm kicking I check trip advisor first! The redeeming feature staff, were, despite problems, really lovely people, professional helpful could circumstances.",-0.09404589371980675,0.46966183574879233,Nov 4 2008
11,11,"4* - Very shabby Just returned 2 night stay Grange Langham Court party 5, left feeling far happy comfortable stay. Rooms small, worn clean exception linens lovely fresh. Fixtures, fittings furniture poor cleanliness standard hough whole rthe room needed good deep clean, tarit including restaraunt, breakfast room lounge same. Reception concierge staff polite helpful altough waitress staff slight language barrier came across rude appearance poor.If looking stay bit comfort pampering place you. looking quick saty frills ok. I sytay again.Good location shopping theatre within strolling distance nd short cab ride.I think ratings bit out.",0.17500000000000004,0.48371212121212115,Oct 20 2008
12,12,"Well Placed see room stay This good looking good location within walking distance Oxford Circus. The reception area lounge fine get stairs picture changes. The rooms tiny double I given bed pushed wall, The window looked onto outside stairway restaurant could used ventilation without heavy curtaining bathroom miniscule poorly draining shower. A caravaner would coped better kettle, TV trouser press provided cramped working space.Breakfast served another subterranean room generous buffet, inexpensive choice cheaper continental version.There lots staff invariably cheerful helpful defend indefensible.",0.21166666666666667,0.485,Oct 16 2008
13,13,"Nothing special A 4 star certainly isn't!The rooms particularly small like photos portray web site. I showed receptionist room website told I booked hotel. My original allocated room changed much brighter slightly larger room - happy days.The five minute walk Oxford Circus tube London Palladium. Its situated Great Portland Street. However, rather dark area walk Oxford Street night particularly enjoyable - it'd fine summertime! To make us feel even less safe, bookmakers corner road robbed broad daylight - cops everywhere!!!The staff wonderful though - faultless. They cannot enough great advert hotel.",0.3646164021164021,0.576223544973545,Dec 16 2007
14,14,"Claustrophobic Grange Langham Court We booked different Grange Hotel facilities (baths rooms, mini bar, iron board room, draught beer bars) transferred one told same. - thank god similar location 5 minutes road hotels good point. We told transferred becasue someone checked room originally booked nothing could it. Very disappointed - room tiny - smallest room I've ever price disgraceful. We staying 1 night overnight bags. Had suitcases I know would done since nowhere put them.Bed comfortable clean small - double size. No bath, tiny shower, mini bar, ask iron board return reception ourselves. No discount apology basement room window looked staight onto wall.When complained seemed confused problem offered free breakfast (which involved 40 minute wait good). We said acceptable since facilities booked available offered free dinner restaurant (we already dinnerereservations though), offered taxi restaurant specifically chosen could walk it, voucher future stay since intention staying useless. We eventually took free bottle wine complaint form send management. The problem prices charged description 4 star certain expectations nowhere near met. It clean good location room facilities, food staff service 2/3 star most.",0.035365560365560364,0.5637974987974987,Nov 5 2007
15,15,"great time booked 2 rooms one twin one triple, rooms clean newly decorated. The staff fantastic especially porters took time go flag black cab us, easy task rugby start. The breakfast continental, although would nice option pay 'full english'.the location ideal even though 5 minute walk Oxford street surrounding area quiet.we would stay excellent value money",0.3474747474747475,0.7184343434343434,Oct 22 2007
16,16,"Nightmare Room - Barely room swing cat !! This disappointing I ever stayed !! Myself wife booked basis location pictures saw hotels website. It cheap standard represented reasonable value was. What surprise got there. The room got barely big enough single. A four foot six inch bed hardly fit room wardrobe joke. As arrived late, person desk helpful could English poor wearing shirt looked like washed month. He literally looked like got boat foreign port. Being late, used room sleep checked next morning. It intersting meet fellow traveller reception desk checked time us, also checking row recception wanted pay second night event though leaving. Unbelievable!! Our weekend saved getting junior suite amazing Millenium Hotel Knightsbridge remaining two nights London. They facilitated us checking 9.30 morning arrival could helpful everyway. It expensive worth every penny. A great weekend in.",0.026142857142857148,0.4125714285714285,Oct 15 2007
17,17,"pretty poor When I arrived disappionted. A small hotel, small room. A long way third floor tiny 2 person lift!! barely 3 star. Poor value. Avoid possible.By contrast Grange Holborn good, 5* 4*. I think got ratings wrong!",-0.04923076923076924,0.5461538461538461,Oct 13 2007
18,18,"Where management? After tiring day work long journey, arrived Grange 10.45pm, looking forward comfortable bed, drink something eat. We informed man reception transfered sister side Hyde Park: would order car take us there. No explaination forthcoming poor English made investigation difficult. We arrived sister 11.55, Â£20 taxi ride away area London arranged stay in. Negotiations compensation difficult, due lack management available throughout stay - promised certain things, agreements renaged upon. Each time arrived reception, residents complaining overbooked lack service. We certainly read reviews thoroughly book London again!",0.0019047619047619054,0.5311904761904762,Jun 16 2007
19,19,"Only 4* thing location! Just back weekend trip London, stayed Grange Langham Hotel, arrriving disappointed, booked twin room, absolutely tiny, making complaint took time offering us another room basement next wine bar, needless say take room, eventually lenthgy discussions gave us executive suite better similar standard rooms hotels, really annoyed us staff far friendly looked us outer space explained pleased room, took 2 hours rectify!!! In saying location superb, beds comfortable breakfast fantastic ordered room mornings charge Â£2. I go back though.....oh air conditioning!",0.030585937499999993,0.60375,May 28 2007
20,20,"Sorry say 4 Star The OK (Just) rooms small, could take cat would room exercise.Good location sights theatres restaurants pubs near. But would recommend location. There far better hotels area really 4 star. If want place sleep shower it,s ok cheap.",0.04583333333333334,0.56625,Mar 14 2007
21,21,"Awesome! Absolutely disappointing- smoking room although booked- disturbing noises staff 6 12pm- wait breakfast 20 min although room half empty- uncoordinated, unfriendly staff- dirty room needs refurbishment- broken radiatiors - possible turn off- broken window - possible open",-0.1606060606060606,0.6606060606060606,Feb 7 2007
22,22,"2 star acting 4 star Did think much thought overpriced was. Staff ok, particularly poter seems little shabby could refurb. Room ok small, expected. I surprised 4 star seemed like 2 star. I paid GBP 100 included breakfast, thank goodness, GBP 20.00. Breakfast taken small basement room nothing special. Location ideal 5 minute walk Oxford Street. Fairly quiet area pubs, restaurants shops right beside it. The rates seem differ shop around.",0.18146825396825397,0.4715873015873015,Feb 4 2007
23,23,"Not worth it. A horrible smokey atmosphere greeted hotel. The reception next bar/lounge area smoke drifts through. Whilst I checking assistant kept anwering phone kept apologising delay. It took 10 minutes check despite person there. I confirmed check company paid room cost breakfast next morning. The room fourth floor back hotel. It clean could been, bathroom unpleasent damp smell. The towel rail half hanging wall. I soon found why. The showeroom small, sitting loo nose inch tiled wall. The way sit loo hang towel rail!!After going dinner card would open room, took two trips reception finally send someone reset electronic lock.The walls pretty thin I could easily hear someone's TV well night.The breakfast terrible. At breakfast informed breakfast paid company - I sort later reception showing copy invoice. The food breakfast disgusting. Little fresh fruit, soggy toast, coffee I best decribe 'smoked'. All horrible breakfast room basement rude unfriendly staff.",-0.0833829365079365,0.6021031746031748,Feb 2 2007
24,24,"Great Location Good Hotel I travel London business week regularly stay hotel. At first, I sure it, here's facts1. The rooms vary greatly - try go one back it'll quieter.2. The fittings good quality - currently re-carpeting rooms putting new curtains/bed furnishings etc The beds comfortable.3. You find big room - either average smaller average. There's aircon, cheaper summer months.4. The bar area lovely - big cosy sofas reasonably priced drinks. 5. The location fab - good Oxford Street/Regent Street, mention lovely pub called Yorkshire Grey good pizza place - Sergios across road. Plus 2 late night shops within 1-2 mins walk6. The rooms spotlessly clean staff helpful friendly.7. From personal experience - could LOT worse!",0.23052121212121215,0.4853476301476301,Dec 15 2006
25,25,"Overpriced underdelivered * Room ready 3pm. Receptionist said checkin 2pm guarantee room would ready 2pm expected us walk streets room ready 4pm* Three sleeper room small. One single bed small double bed - double bed two single quilt covers* Bright neon lights outside shone curtains night* Most staff eastern european couldnt speak much english* Internet access extortionate Â£2 15 minutes* Ordered coffee bar cold* Ordered iron room workAll all, disappointing stay overpriced hotel.",-0.03046218487394957,0.3705042016806723,Dec 8 2006
26,26,"Good great Booked directly good price - avg $200/night excellent location thoroughly enjoyable hotel.Everything London expensive. Langhan Court, cheap, good value great location convenient hotel. Near Oxford Circus tube stop central things London.It luxury tourist class either. The star rating system arbitrary opinion. I would rate 3.5 star. Nice comfy beds, clean crispy sheets, marble baths, adequate size rooms London. Major drawback Langham Court lack management site. Mostly Eastern European staff limited English language skills. Seemed like dreaded seeing coming knew ask something able answer. Every transaction difficult drawn little English staff seemed know. Definitely place stay depend concierge make recommendations, reservations, etc.All all, adequate place stay good value price. Skip breakfast - expensive good. Go around corner one several little delis nearby good cup cappucino nice bacon egg breakfast $10.",0.20192791005291003,0.5372089947089949,Nov 26 2006
27,27,"Tremendous location walking everywhere - great breakfast! After initial problem tiny, ground floor room facing onto street, accommodated level three great room met requirements. This fantastically located within walking distance every part London, staff could helpful. Would definitely stay - may September 2008 - God willing.",0.36041666666666666,0.59375,Nov 20 2006
28,28,"Terrible place-Don't waste money !! We stayed times last couple years stay increasingly worse. We checked 2 pm unfriendly receptionist ( someone died turned ?) given keys room basement made up, I complained given another miniscule room mezzanine level 1st floor sloping walls slightly larger single bed passed double. In addition room stunk smoke. (We specifically asked Non Smoking double).Unfortunately, running late I time complain 2nd room well..I would suggest Grange Langham Court could worse spend money curtains actually cover windows look like swiss cheese due moths. At breakfast extremely stressed waitresses struggling cope amount tables crammed dining room size postage stamp.All all, I would rather sleep rough London pay another nights stay called &quot;hotel&quot;.",-0.19611344537815126,0.39740896358543415,Oct 25 2006
29,29,"Would stay This lovely area little cafes, restaurants pubs outside door. The staff immediately friendly felt quite welcome. Looks like large outside actually quite small. We shocked got room could barely turn around it. The bathroom unbelievably small disappointed. However end fine, made didnt seem bad. White bed clothes good two girls slapping fake tan (we apologise). The maybe 15 minute walk Oxford Street/Regent Street etc. It also within walking distance Leicester Square, Covent Garden Trafalgar Square. I would recommend quiet, fairly central staff extremely helpful. The nearest tube station Oxford Circus.",-0.06935941043083899,0.4799319727891157,Aug 26 2006
30,30,"Great location excellent staff The Edwardian building whose last renovation took place ten years ago, chief distinguishing feature exterior totally clad black white tiles. Although self-rated four-star, itâs really three. Rooms average size London, faded serviceable dÃ©cor, standard Grange Hotels marble-tiled bathroom. Reception efficient friendly, support staff excellent. Because age building, overall feel âcompactâ, especially lift. Best rates gained late booking (we paid GBP60 double continental breakfast weekend). No air-conditioning, stayed heatwave managed open window. Location excellent â north Oxford Circus tree-lined street, surrounded restaurants pubs. Overall, excellent value money get right rate (book Grange website within two weeks arrival)",0.27472943722943727,0.4561688311688312,Jul 4 2006
31,31,"Happy stay We stayed 5 nights. Booked on-line HotelDoorman quad breakfast included. Dates booked mixed reception resolved them. Room given triple cot bed added. Room small, faced inner courtyard quiet, air-con. However room toilet clean, beds soft. Great buffet breakfast sausage, scrambled eggs - late goodies run out. Staff polite helpful. A convenient 5 mins walk Oxford St Tube. In-house Vino Restaurant offered great 2 course dinner menu 7GBP, MacDonalds Starbucks short walk away. In complaints price.",0.19027777777777777,0.4666666666666666,May 27 2006
32,32,"It's quite good! I stayed partner 1 night 13th May. We got room Â£80 late room deal I think got bargain, breakfast (all eat continental buffet), included. The staff friendly (and smartly dressed) check quick efficient. Our room first floor back although small, clean well presented. The bed extremely soft big duvet, bit like sleeping huge marshmallow really comfortable. The TV Sky Sports 1 2 well terrestrial channels. There mini bar (but sure whether 4 star hotel) air con. Some decor needs attention minor repairs required - eg bathroom door knob broken, bathroom sink tap needed mending but, balance quiet room nice lovely back street away noise bustle Regent St. The close BBC building also opposite Yorkshire Grey pub BBC radio presenters apparantly drink! If I choice I'd rather stay Jurys Russell Hotel slightly better rooms slightly better location one smaller, cheaper good base hit Oxford/ Regent Street. I'd certainly stay get deal breakfast bargain close shops. All good stay would recommend hotel.",0.1633147321428572,0.4681200396825396,May 14 2006
33,33,"I liked it! My husband I stayed Langham Court Hotel last March enjoyed stay much. The well located, five minutes walk Oxford Circus. It true rooms little bit small, also comfortable clean. Bathroom also small shower fantastic!The staff friendly problems all. I highly recommend hotel!",0.20190476190476195,0.5547619047619048,Apr 12 2006
34,34,"Honest THAT bad! I stayed business one night March 17th. The situated small street noisy 5-10 minute walk Oxford Street underground Oxford Circus. The looks lovely outside lot character inside. On arrival, reception staff extremely efficient helpful regarding directions surrounding area.I booked twin room first floor, room front hotel. The room much small side, probably could new decor absolutely immaculate. I tiny en-suite bathroom shower problem me.The room usual amenities, trouser press, hairdryer, tea coffee tray. Satellite television also included movie channels bonus. There 24 hour room service menu 21.30 really offers drinks sandwiches want more, Oxford Street abundance places eat. The food served Langhams Brasserie served extremely quickly waitresses fabulous! Very polite extremely pleasant. I could fault service food all.The beds verrrrryyyyyy soft yes, creak every time move and, I would recommend trying get room back possible small pub across road, and, whilst noisy night, I awoken 7 sound lorry delivering pub.The real problem I window extremely draughty. I turn radiator room combat this, luckily extra blankets wardrobe I used, I feel enough complain however. As someone mentioned another review, adjustable climate control rooms could problem summer.Also looking wi-fi internet access any, but, pub across road hot-spot!All all, I liked hotel, I would probably stay again, honest I stayed far worse 4 5 star hotels character. This loads.Its great little Central London budget hotel!!!!!",0.12033813747228381,0.588159645232816,Mar 26 2006
35,35,"Getting shabby OK last resort Have stayed three years. It's OK , starting look bit shabby - eg blotters reception small clocks showing world time torn marked ith couple clocks missing. It's like manager walking round looking caring, bit sad.Room OK, clean, looking bit shabby management determined spend single penny maintenance.Staff generally polite helpful.Breakfast acceptable, cold plates hot breakfast.All all, I stay I could get somewhere else, stay faintly depressing experience disaster.",0.023015873015873024,0.48539682539682544,Jan 17 2006
36,36,"Pleasant enough good location. I've stayed twice year occasions I found pleasant enough. The first time friend's stag-do April second wife I weekend London summer.The fairly decent easy find location close Oxford Street. The rooms clean quite small, however occasions spend great deal time room matter much.Both times room front okay - extremely noisy early morning bottles stuff collected nearby bars.The continental breakfast decent enough dining room strange place - almost basement. The bar small serve draught beers - bottled, appear restaurant strangely. However neither mattered plenty pubs, bars restaurants close by.The staff could bit friendly, I think staff encountered visits one receptionist spoke couple words us.I get good deal internet reservations site - I based review - I paid full price I would probably disappointed.",0.215,0.5938690476190478,Nov 8 2005
37,37,"How 4star? On arrival told longer room due technical problem moved another hotel. Despite providing home mobile phone numbers reservation attempt made warn prior arrival. As also requested early check could get changed attending wedding early afternoon, proved major inconvenience. Eventually bumped poor souls gave us room. I say room; smaller cupboards cleaned. The complementary breakfast horrible too, served dining room windows felt like cellar boiler room. Recently stayed two 3star accommodations USA far superior aspects hotel, especially service, I feel embarrased American visitors country. When learn stop putting rubbish? A two star best.",0.05367647058823529,0.47058823529411764,Jul 28 2005
38,38,"Good location oh! beds - yuk!! We stayed 2 nights (2 adults, 2 children) - location excellent, short walk Oxford Street etc - sadly, fairly serious failings. The room size small - often case London, especially family rooms - beds really awful. I stayed hotels around world never come across truly appalling beds â uncomfortable noisy soon anyone moved. We stayed second night weâd effectively paid advance. The clean breakfast adequate (although that). The restaurant closed evening, although no-one seemed know why, I canât comment food. Further Friday night, noise one nearby pubs went quite late &amp; certainly kept adults awake. I thought reviewers may over-played bed issue, sadly not. Overall I couldnât recommend anyone simply awful beds.",-0.042372134038800705,0.5927248677248678,Jul 11 2005
39,39,"great location good value This second stay disappointed. We booked executive room small, typical London, amenities great breakfast thrown well. This situated near Oxford Circus easily accessible theatres attractions. One highlights trip visit Windsor Castle. We took train (about one hour) would certainly recommend attraction, especially may second third trip London seen major attractions.",0.21500850340136055,0.4711734693877551,Jun 22 2005
40,40,"Still best little stayed After booking one night stay four years last visit, found review page somewhat alarmed criticisms.Our arrival nothing quell fears allocated room already occpied sleeping client. However, staff quickly efficiently put right profusion appologies embarrasment.After things settled relief found place much unchanged. The room remembered, small spotless well furnished, OUR bed perfectly acceptable, nice proper pillows. The brasserie open 11pm perfect little ideal late night glass visit theatre. We ate also food good standard, evidenced popularity locals lunch time. The staff may largely non-English could pleasant helpful. Our one warning would NOT use cabs booked hotel, one supplied twice expensive black cab; take short walk Gt. Portland street hail one yourself.",0.2383101851851852,0.5174933862433863,Mar 18 2005
41,41,clean centrally located,0.18333333333333335,0.47500000000000003,Mar 17 2005
42,42,Home Home,0.0,0.0,Dec 29 2004
43,43,VERY CENTRAL BUT ROOMS SMALL,-0.125,0.36250000000000004,Aug 23 2004
44,44,Oh uncomfortable bed!,-0.625,1.0,Apr 1 2004
45,45,Excellent value clean comfortable great breakfast,0.6416666666666666,0.8125,Jan 31 2004
46,46,What happened hotel?,0.0,0.0,Jan 18 2004
47,47,Nice trusted credit card,0.6,1.0,Nov 3 2003
48,48,I pleased,0.65,1.0,Oct 27 2003
49,49,air conditioning water coolers,0.0,0.0,Aug 15 2003
50,50,Home away home Grange,0.0,0.0,Jun 12 2003
51,51,Piccolo posizione strategica.,0.0,0.0,Jan 8 2009
52,52,??????????????????,0.0,0.0,Jan 1 2009
53,53,Muy bien situado pero habitaciÃ³n MUY pequeÃ±a,0.0,0.0,Feb 27 2008
54,54,lovely place stay!hotel incantevole centralissimo.,0.5,0.75,Feb 26 2008
