,Unnamed: 0,Reviews,polarity,subject,Dates_extracted
0,0,"Great location good value money The great location, within walking distance theatres bus stops outside. The staff friendly helpful front desk directions. The bit dated kept clean. We room back looking garden, quiet clean, room reasonably sized two, wardrobe full sized bath. Would recommend asking garden room road front busy. The breakfast buffet style kept well stocked fresh, lovely. We would definitely go enjoyable two days.",0.3772685185185185,0.5401851851851851,Nov 15 2009
1,1,"warm friendly would certainly go little dated yes BUT clean warm friendly front desk catering staff cleaners,,we garden room ask one booking noise lovely outlook ..room furnishings bit dated NO DUST OR GRIME... bathroom full size bath even though room large big enough anyone..the bed lovely suffer bad back woke well refreshed ...the food good quality well presented buffet..the staff looked us well giving refills tea coffee checking ok busy run smoothly.....the bedroom large desk comfy chairs sit everything could wish for..we would go stayed two days lovely..redruthless",0.23161027568922304,0.5023809523809524,Nov 12 2009
2,2,"good price A bit rundown? yes. Spotty internet? yes. Lots street noise window? youbetcha. Indifferent staff? yep. Breakfast? indedible (really).BUT location fabulous - right around corner British Museum, heart metro system - clean. Beds comfortable. En suite small, clean functional. For price, much better location value bargain &quot;Bed Breakfasts&quot; Gower Street. I'd stay (and get breakfast elsewhere).",0.30767195767195765,0.5817460317460319,Nov 10 2009
3,3,"Worst worst!!!! Last time I came Europe june I went Hungary businness.I thought worst part experience difficulty find people I could communicate with. Since isn`t easy find english portuguese speakers Hungary.... But it`s interesting don`t give proper value positive things. Over I stayed great fair price, internet always working, breakfast fantastic staff really really friendly. Now I London, naturally surrounded english speakers... I couldn`t miss Budapest drop more. At least concerning hotel. Let`s talk horrible Bedford Hotel.Walls thin paper sheets. Breakfast short options, least waiter capable smiling offer coffee once. My troubles begun 2 days arriving, I trying confirm previous reservation I weeks earlier. The reservation mistake I fixed dates. When I arrived London gave us (me wife) twin room since double. And blamed reservation THEY wrong. Fantastic. First night I slept many inches away beloved wife I would like to. But since tired tried keep that. Internet worked ok, room awfully decorated place apart noisy smelly due lot old carpet everywhere. Ok.I never great complainer. Usually brazilians complainers.... trully deserve all. When I arrived I paid 11 nights advance. And nightmares begun.Second night internet didn`t work. Than came back work. Third night same. On fourth day, yesterday, stoped working till couldn`t come back. Everytime someone calls reception ask everytime staff gives horrible attitude answers like it`s problem. I heard literally &quot;(...) since internet complementary doesn`t full obligation work&quot; - relation, guest, customer, started gou really sour.Tonight I came back 8pm I asked reception came back said fine now. When I came room may guess...... Nooo, wasn`t working. That edge. Came downstairs asked refund following nights. Checking receptionist VERY rude. Asked sign receipt reason refund &quot;checking earlier&quot;. I tried write reason concerned internet, practly yelled saying I couldn`t write anything else apart that. So I said I wouldn`t write said I wouldn`t get receipt. Like p leasure punishing I punished I already. Fantastic.... Same moment came another guest ask horrible internet service. I said I checking earlier reason, lousy internet. Seemed like I throw holy water devil.... The receptionist threatened forcing leave I approached guest make suffer like me. So, imagine I left looked another hotel. Hope I better luck now.Please, patience read unhappy review, please consider staying another place. It`s best thing yourself. I complainer, I difficult guest.... place really deserv worst consideration.",0.004053030303030297,0.48444295900178247,Oct 24 2009
4,4,"Decent Hotel This top price. It good location Russel Square, nice central, shops tube station within walking distance.The rooms old fashioned. We twin acceptable size fittings decor dated. There noise rooms. The breakfast help acceptable only. I would recommend would prefer location price luxury room. The staff helpful room decent.",0.15092592592592594,0.5842592592592593,Oct 5 2009
5,5,"decent great location good value Very small single room old, clean. Bathroom updated excellent, although small (but full bath). The bed quite uncomfortable definitely &quot;single&quot;. Breakfast basic mediocre. The whole old particularly updated, clean. Fabulous location. Free wireless. I think I'd stay again, I might recommend it, emphasizing good value money.",0.18453514739229024,0.5941326530612245,Sep 25 2009
6,6,"The horrid The first room I shown (111) dreadful, dark, dank musty. Its prepaid heart sank I realised I even walk away. I looked around dismal room decided call reception. They advised double rooms available showed twin floor (107). At least brighter without awful damp musty smell pervades many old hotels. Unfortunately, walls paper thin I endure endless mobile chat two americans next room. Thankfully I able sleep I stripped nasty blanket opened windows wide let air - even though mattress hard - plenty hot water I face breakfast made hasty early retreat morning. This epitomises 60's hotels zero investment - I stay anything.",-0.12876984126984126,0.5261904761904762,Sep 18 2009
7,7,"Great Location We stayed Bedford one night found comfortable. I booked Triple room, twin room roll away bed added. It fine one night, room quite small 3 people would found cramped stayed longer. The location perfect, central theatres shopping. The breakfast nice eat much like. We room overlooking garden lovely quiet night. Overall comfortable stay.",0.3738888888888889,0.5986111111111111,Aug 25 2009
8,8,"A great little central position Stayed Bedford twice summer visiting London shows. We asked room upper floor facing back proved quiet spotlessly clean. This total luxury many great features, one pleasant garden area back. The staff always pleasant helpful breakfast fine. Perhaps best thing position. It close Holborn Russell Sq tubes, although walked used buses quite lot. The british Museum round corner lots restaurants nearby. A tip anyone staying 3 days - invest Oyster Card. It's great value used buses tubes.",0.32960526315789473,0.46929824561403516,Aug 5 2009
9,9,"Great location superstaff I stayed Bedford daughter ,who regualr guest Bedford , 4-8th July.The room booked travelagency preference room first floor.When I checked twinroom available first floor.I dissapointed within couple minutes another ( much bigger) room arranged me.I told could stay one night move twinroom next day.The room wonderful, two little bathrooms lot space! Southamptonrow bit noisy problem all.The next day I asked reception possible could stay room. Ten minutes later arranged without problems without extra payment! We could stay four nights stay.Really great kind helpfull people Bedford.One wonderful thing lovely garden sit beer.The location great too, walk hotspots London offer. Very close mainstations ( Eurostar) bus- undergroundstations. The British Museum round corner.I definitly book Bedford coming LondonThe Bedfordhotel gives value money!",0.2804829545454546,0.46553030303030307,Jul 29 2009
10,10,"good value superb location traveling solo, expecting shoebox single, pleasantly surprised -- even bath larger expected pricehad room facing rear, quiet. (there complaints noise rooms facing southampton row.)no a/c, cool enough issue, windows opened prefer anyway. convenient wifi room. noise family kids next door later stay. buffet breakfast nothing special, filling. staff always pleasant, room common areas always cleanall good place land excellent location -- try walk everywhere, central take time midday go back room rest -- real plus.",0.24573934837092734,0.4939849624060151,Jul 20 2009
11,11,"A good A good good lcationPROLocation - far center, - near tube station - bus stops teh side roadEating shops closeCONSThe room street (1st floor) noisy peak hoursSome smog smell inside room peek hours",0.25833333333333336,0.47500000000000003,Jul 15 2009
12,12,"Happy well situated This really well situated - went two shows walked back quite safely afterwards...breakfast evening meal standard experienced previously expensive hotels London. Our room back quiet, clean staff keen help. (We getting bit old fashioned radio bother us!!) No problem booking luckily allowed room well alloted time. Only problem visitor (from side Atlantic) demanding - continuously - obvious upset staff targetted time alter approach us - credit hotel.Hope stay Activegrans Nottingham",0.19618055555555555,0.4634259259259259,Jul 10 2009
13,13,ABSOLUTELY WONDERFUL !! Great Value location This little gem. The gourmet breakfast (( eat)) fabulous. The front desk help exceptional esp young girl named Yavonne. The location super smack heart three main areas ALL needed bus routes right near tube station LHR.,0.3664880952380952,0.6585714285714286,Jun 30 2009
14,14,Excellent value money considering location Stayed one night seeing Warhorse nearby theatre.Room spacious clean comfy bed. Breakfast pretty good. Reception desk - friendly efficient.Superb value money Central London.,0.41309523809523807,0.6214285714285713,Jun 13 2009
15,15,"Memorable (for wrong reasons) Bedford good value money--very central expensive--if come 1960s-style (my room still two wall-mounted speakers controls near bed tuning centralized radio programming!) low expectations. The housekeeping staff know English friendly. Don't expect much help front desk, one two staff members excepted. Also know avoid--for example eating CafÃ© London I always remember serving worst salad I ever eaten whole life. That must count something! On check three days, charged 50p--yes 50p--to store bag part afternoon! I feel sorry porter I might otherwise given Â£1 tip.",0.017708333333333326,0.5458333333333333,May 24 2009
16,16,"good value returned weekend theatre break, went see oliver superbhotel location convenient attractions recommend russell square station central holborn .breakfast good enjoyed hot full english morningsif want good bloomsbury area give bedford try",0.43444444444444447,0.5366666666666666,Mar 21 2009
17,17,"No Problems We stayed two nights 8th 9th March deal included rail travel, B &amp; B one main meal. The room clean, well equipped, well heated 3 star rating. There good choice hot food breakfast, standard cookin, food preparation presentation surprisingly good one lunch restaurant. At times staff helpful particularly pleasant breakfast room/ restaurant. Also quite night. All total contrast Royal National group ownes road. That definitely avoid. My opinion, based 3 star rating.",0.2833333333333333,0.5204545454545455,Mar 13 2009
18,18,"I caught scabies I booked well known booking service. Arrived late evening, unable move another hotel. Staff reception surly unhelpful. Room disgusting I ever stayed in. The window close, room filthy sheets duvet cover bed. I felt intimidated I want leave room again, I slept top covers: luckily warm night. A week later I came bites awful itching, doctor said scabies, said took week come out. When I checked dates exactly matched stay Bedford Hotel. I contacted website immediately wrote review removed details.",-0.0613888888888889,0.6219444444444444,Mar 9 2009
19,19,"Value money great location clean! We stayed The Bedford 1 night late theatre showing want get cab way home. I sure expect, pleasently surprised little city hotel. Parking provided small charge (for London prices) underneath hotel. We Double Room 5th floor. It small, clean tidy. Bed comfortable, bathroom compact bath shower, basin toilet (soap shower gel provided). Tea &amp; coffee making facilities TV. The room little hot &amp; stuffy opened windows looked onto lovely garden area. We right next lift heard noise all.We walked Covent Graden 10/15 mins meal Leicester Sq theatre.....and walked back afterwards. It late unfortunately bar closed looked welcoming.Breakfast good: Buffet/self service consisting Full English breakfast, cereals, danish pastries toast. All served hot smile. The Lounge area looked new modern (fresh flowers) lovely view garden pond area, imagine great place drink warmer weather.The reception staff polite friendly.I would definately recommend anyone needs bed night London sights/shows shopping.",0.17844680571953297,0.5130045039135949,Feb 16 2009
20,20,"Good little price I've stayed four seperate occasions visiting London.OK-if want &quot;lap-of-luxury&quot; place you. However price charged clean, handily placed, good budget-minded traveller let's face London spend lot time room. The price included breakfast &quot;all-in-all&quot; I've got complaints I four stays.One tip try get room back overlooking garden. Those rooms much quieter windows open, I do, facing Southampton Row noisy.Overall I recommend good value money.",0.3421296296296296,0.5111111111111111,Jan 28 2009
21,21,"great use stayed hotels group own[imperial hotels] must say nicest yet.bear mind tourist class dont expect extras enjoy stay.i wonder people made petty complaints reviews usually stay would like stay hotels long prices comparable. get pay for,so stop whinging enjoy yourselves.",0.1678571428571429,0.5392857142857143,Jan 17 2009
22,22,"Good location nice Had 2 nights @ Bedford Hotel Oct 2008. Wanted parking city centre without paying nose. It seemed fit bill did. Parked big underground car park (plenty room) Imperial Hotel (sister hotel) across road. This cost Â£40 2 days. The reception staff friendly, left one helpfully came road us give us parking voucher I`d absent mindedly left. Room nicer expected. It quiet city centre location, faced back, quiet courtyard trees shrubs. It`s good location price, within walking distance lot city centre sights mind walking.",0.24041666666666664,0.3788888888888889,Nov 10 2008
23,23,Awful Hotel booked 2 nigts stay The first room shown tiny odd unpleasant smell. The second one same. Both rooms general feeling grimey. The senior person reception uncaring quite unpleasant. We knowhere near Covent Garden told Superbreak brochure 1/2 away. It worked 20 mins. taxi. We booked 2 nights managed find accomodation left quickly possible terrible smell nose rest evening.,-0.17944444444444443,0.5255555555555556,Nov 3 2008
24,24,"Great find! Stayed two hotels Imperial Hotels group (President &amp; Imperial) provided bad experience. I expecting Bedford Southampton Row bad pleasant surprise! The refurbished. The room I stayed new bathroom, comfortable bed, although furniture, curtains bed covers new clearly given deep clean - smell fresh. My room back overlooking garden I think worth asking one main road busy day night. The breakfast good staff restaurant reception efficient friendly. The slight downside room walls paper thin I sleep ear plugs trouble me. I definitely stay Bedford again.",0.1152832674571805,0.5198880105401844,Oct 19 2008
25,25,"Good Value Bedford Hotel, London13th October - 16th October 2008I spent three nights three friends found satisfactory price charged, allowing fact London prices high.. The room clean, reasonably appointed toilet facilities good condition plenty hot water. We rooms third floor back overlooking pleasant little garden disturbed traffic noise, could problem front hotel. The reception staff pleasant helpful, asked extra towel given two without delay. The breakfast better I four star London last month breakfast room staff efficiently organized lady charge. I would hesitate stay againE Middleton, Edinburgh",0.2579166666666667,0.4290740740740741,Oct 18 2008
26,26,"Sleepless London As soon saw building knew going great stay, looked badly need TLC. However wife said &quot;it's one night&quot;, went ahead checked in. It one hotels could get 5 us one room.The room straight 60's beds wheels, every time sat one rolled away. This funny first irritating. I noticed noisy room assumed window open. On going close I realised so-called double-glazed windows actually prototypes, window designers still working them. Closing made virtually difference sound levels.We went meal I careful drink strong beer help sleep. This worked 3 hours traffic noise woke up. I lay awake 3 hours, finally giving struggle getting up. The girl desk, whose English limited, either understand care. The bill 176 UK pounds. When I think double I pay stay Intercontinental Toronto I realise rip-off London hotels are.If thinking going take good earplugs book room back property, expect much.",0.08508658008658009,0.5066450216450216,Jul 31 2008
27,27,"So bad! I stayed whilst away home course work.It claims 3 star I cannot imagine achieved rating.The reception area oldfashioned decor generally quite shabby.When I went room I unlocked it, worn-looking/tampered-with key hole, hardly reassuring. When I entered room I found reflected appearance unappealing reception, I tried overlook fact along decrepit tv. I tried hope least clean, unfortunately I let too. There hairs (clearly mine!) dotted around room fact I found one long dark hair I unfolded supposedly freshly laundered towel.I called porter, followed reception arrange breakfast sent room following morning, however person answered calls could hear me!Unfortunately room located end corridor every time somebody entered corridor stairwell I could hear door slam - difficult sleep result this, well fact I feel safe.If considerations cost location I would still hesitate recommend hotel, I'm sure youth hostel would provide better value money!",-0.07331871345029238,0.5826023391812866,Jul 23 2008
28,28,"...** Great price / location .... Booked advance sister,,, wasnt sure expect.... everything went planinc safe car parking [chargable..] worth it,!...SUPERB LOCATION... short walk shaftsbury ave,,,so 20 mins tops west end...For price paid ,inc good buffet breakfast Â£100 per night double room...The room quite small ok...and clean ...could done towels pillows [please note]And staff , opinion, great friendly efficient....To recap .if reasonable ..in respects could much worse ! !I wouldnt hesitate book again...",0.31261904761904763,0.5263492063492062,Jul 7 2008
29,29,"Good Value Money Stayed one night June 2008. Location close Holborn Russsell Square tube stations. Room decent size, staff friendly helpful, breakfast reasonable. Overall good value price central london.",0.3059523809523809,0.45952380952380956,Jun 21 2008
30,30,Great value money Just come back spending 4 nights Bedford. We found great value money great location. You 5 minutes Russell Square tube station. We rooms 4th floor overlooking lovely garden (a rareity London). The hotel's public areas recently refurbished immaculately clean. All staff friendly breakfast good. I would hesitation recommending anyone would definitely go back.,0.36180555555555555,0.5097222222222223,Jun 13 2008
31,31,"Not good My husband I stayed 3 nights Bedford early March 2008.The good thing location - close (2 minutes walking) subway station Picadilly Line. All things importante good:- The cleaness bad- The size bedrooms ridiculous (10 sm)- During stay hot water bath- When walk reception good design... rooms need imediate refurbushing.- The breakfast horrible employees rude. In dinning room, lack cleaness (for example towels plates spoons...)I find quality/price relation unapropriate. But... London everything expensive.My advise: pay little stay nice hotel.",-0.006071937321937319,0.6008190883190884,May 8 2008
32,32,"Not bad excellent location We came back nine-day stay Bedford. Yes, many better hotels London price 90 pounds room located steps Soho, Biritish Museum, Aldwych, river, bus stop door - better?Staff friendly, breakfast reasonable, water hot, bed narrow eight channels tv ten speak German French. Restaurants pubs galore, Sainsbury's nearby - ask room looking little garden.But come london see sites, need more?",0.21916666666666665,0.46777777777777785,May 4 2008
33,33,"Pleasantly Surprised I London 3 days, found great. I told really close Russell Square tube station, difficulty finding it, unable find anyone knew was. When I arrived I apprehensive external appearance less attractive, found service check quick friendly. My room small lovely, clean decent bathroom. The continental breakfast included price adequate, able serve full English breakfast small extra charge. The housekeeping staff effecient, though I impressed although I left &quot;do disturb&quot; sign door I could sleep flight afternoon, came anyway. The porter great allowed store bags charge I checked I could go get coffee Starbucks (directly street!) hailed cab take train station.I would recommend anyone looking comfortable, frills stay central London.",0.19166666666666668,0.49006410256410265,Apr 26 2008
34,34,"Terrible experience!!! (We stolen room) When: 2008 April 07 to10.Idea: Bed breakfast.Bed: We got reservation double room (my wife me) received twin room asked correct room complain well received reception staff rude full cinism.Breakfast: worst breakfast found Europe trip (the continental choice poor English choice bad regarding guests)Main problem: We stolen room! When arrived sight seeing day found suitcases backpack padlocks broken, inside everything moved, total mess. So immediately checked belongs somethings missing. We informed reception responsibles went nearest police station.The nothing help us insecure place.If choice stay, please careful !!!",-0.32400390625000003,0.5688541666666667,Apr 22 2008
35,35,"Old clean staff friendly I stayed Bedford one night April agree posters found clean good value money considering excellent location. Admittedly, I lucky given one renovated rooms (a colleague stayed unrefurbished room difference was...smelly), therefore nothing complain about. The room size decent (for London), clean I found breakfast ok. The reason I rated 'above average' due staff, incredibly friendly helpful. We incident stolen bag, city centre, away hotel, although absolutely nothing night staff reception went way assist could, making phone calls, trying calm colleague etc etc, none do. I stayed London always found polite coldness staff remarkably uncomfortable, especially compared hotels outside capital.I would recommend convenient location relatively good value money looking something fancy special.",0.23984487734487733,0.5879689754689755,Apr 21 2008
36,36,"Very Good Value Money After reading reviews Trip Advisor I little worried might find Bedford Hotel, recommended us friends past, sure would fine. The undergoing refurbishment floor floor - could hear drilling noises room, day bother us. Our room 3rd floor overlooking gardens back. It quiet, clean appears recently refurbished. The bathroom small adequate beautifully tiled. The TV old, worked London watch TV. The reception, dining room residents lounge modern bright, bar/cafe, open non-residents. The staff polite efficient. There complimentary newspapers reception morning. Breakfast choice (we chose continental) enough, plenty tea coffee served table requested. This Southampton Row perfect location walk Covent Garden Strand area, although two tube stations (Russell Square Holborn) within short distance required.The car park chargeable.In experience, hoped - good value money.",0.29996666666666666,0.5126222222222223,Apr 1 2008
37,37,"Friendly fantastic I stayed nights ago, exam. Staff reception really helpful friendly. My room small (even single) reeked paint. Even though redecorated, whole decor room old fashioned, windows rattled night wind. Walls paper thin....I could hear guy next door bathroom.....Despite room good, Bedford bad. The location good breakfast quite nice.",0.1273979591836735,0.4614965986394558,Jan 24 2008
38,38,"Good value modest I low expectations UK hotels. They usually overpriced, undersized staffed incompetent unhelpful people. Someone US probably grasp exception Bedford is.Rooms decent size plenty closet space. Free wi-fi -- almost unheard treat UK. Usually cost $20 per night!Furniture little worn, comfortable room clean.Staff friendly helpful.Location great central London, close Tube bus stops.By UK standards, good value money.",0.20101190476190475,0.5573809523809524,Dec 20 2007
39,39,Not bad Check problem room facing garden accomodated. Food - ask Yvonne suggestions. I enjoyed every suggestion made. Yvonne also helpful. The english breakfast bad ... enough selection start day off.Room - basic clean redeeming feature access WiFi catch emails.Location - best feature. Good restaurants nearby; Covent Garden 10 minute walk; shopping 10 minutes Oxford street. Underground close by.Value money - I receive value money.,0.3606060606060606,0.4598484848484849,Dec 15 2007
40,40,"central location helpful staff pleasant stay Stayed bedford recently girlfriend spent couple days london see tutankumun exhibition terracotta warrior exhibition, bit dubious reading reviews trip advisor. however arrival found concerns unwarranted,yes facade dated, around it. Requested quiet non smoking room given room back overlooking garden, quite pleasant outlook,staff polite, friendly couldnt enough help,even going rain hail us taxi! found clean shaby dated, room spacious clean,altough beds pillows pretty hard,and hotels walls paper thin.But convienence hard beat close holburn russel square tube stations,on road plenty places eat,and close alot major attractions british museum. Was plesantly surprised would definately go again.",0.1567982456140351,0.5004385964912281,Dec 3 2007
41,41,Great value A really great little hotel. The location wonderful bus stop right outside door. The room clean staff wonderful. The restuarants area great bargins.,0.5527645502645503,0.6939682539682539,Dec 2 2007
42,42,"Horrid place! I honestly could tell bothered more: finding interior room stinky, dusty filthy bathroom absolutely disgusting state (toilet even flushed, let alone cleaned, previous occupant) seeing rudeness cinism staff I complained. If located almost anywhere else world could dream charging people 90 pounds disgrace. Hotel Metalurg war-torn Bosnia 15 years ago five star experience compared this!",-0.16000000000000003,0.5866666666666667,Oct 14 2007
43,43,"Totally Satisfied Stayed Bedford 3 nights end September one night week later October. Rooms small comfortable, baths older clean plenty hot water. Staff friendly accomodating. Had free wireless internet staff moved room good internet recpetion room I first given weak signal. Both stays I allowed check room morning, room cleaned available. This nice comfort flown across Atlantic night arrive early morning. English Breakfast included morning adequate nice opportunity meet others staying hotel. Excellent location two blocks British Museum, two blocks Russell Square tube station walking distance, pleasant day evening, Covent Garden West End.I stayed much expensive hotels London I liked less. For &quot;Budget&quot; London Bedford quite good I gladly stay again.",0.2922619047619048,0.561904761904762,Oct 11 2007
44,44,"I can't complain price vicinity ideal location Although I read negative reports hotel, I decided book anyway conveniently situated, really near Leicester Square, Picadilly, etc. The price Â£72 double room one night breakfast bad I expect frills 3 star hotel.We arrived morning 9:30 prepared leave luggage go sightseeing. How surprised checked us able go rooms.I asked rooms away road side given rooms overlooking garden without problem.The staff efficient, never queue desk, friendly problems.The price Â£72 single room/Â£97 double one night breakfast bad I expect frills 3 star hotel. The room OK, could open windows, depending party nearby could get noisy. I knew bathroom tiny fight curtain inconveniences little long everything clean.Breakfast buffet choice two juices, cornflakes usual muesli collection, eggs fried scrambled, bacon, usual unhealthy looking white bread toast second day I saw soft brown bread. Fruit conserved ones. No joghurt cheese. I quite content I need big breakfast. The breakfast airy bright view garden. Excellent quality vicinity near everything. The buses stopped almost front hotel. It Russell Holburn station. After day touring, got back 5pm showered catnap evening entertainment.",0.13450255102040817,0.4258078231292517,Sep 6 2007
45,45,"Truly Awful This truly worst place I ever seen. We booked double bed arrived rude dismissive staff tell us would room two twin beds. The halls trash them, whole place smelled like mildew smoke room downright horrible! A Motel 6 better!There terrible, loud sound permeating room us absolutely awful. We lasted 5 minutes decided move another hotel. Do stay here. It's budget, bad (and staff acts though want anyway).",-0.4146153846153846,0.7035897435897436,Jun 29 2007
46,46,"London's worst I wirtting review jail shooting travel agent recommeded dump.........just kidding!But staying Bedford .........the jokes you.I wouldn;t even consider flea hole paid stay again.3 stars behind,,,,,,,,doesn't deserve rated.Staff - unproffesional freindly, entire rooms stink terrbile odors, breakfeast - TG Starbucks accross street, beds - jail mattress comfortable,good location...............but, abosutly send mother law stay romantic getaway Osama Bin Laden.",-0.1166666666666667,0.4375,Jun 21 2007
47,47,"Gem budget travellers! There much I fault Bedford on. I wasnât expecting luxury price location, I get return comfortable friendly hotel. The location brilliant people want explore Londonâs sites. I would recommend www.walkit.com, offers great walking guides around city. You see site accessible everything foot Bedford. My husband I saved quite bit money walking rather paying tube.The bedrooms roomy comfortable. Contrary Gentlemenâs comment I found I abundant supply shampoo shower gel. I would also disagree comment concerning House Red Wine. Iâm sure hefound bad bottle thoroughly enjoyed it, quite looking forward drinking return visit!I found also booking directly also save money. www.imperialhotels.co.uk. Overall I would hesitate recommending Bedford . It friendly staff, comfortable rooms, great location even better price. I hope enjoy visits London much Husband I did!",0.2964285714285715,0.5371693121693122,Jun 20 2007
48,48,"It Value Location â Five / ten minute walk Euston / couple minutes Russell Square Tube &amp; major bus routes Waterloo. In evening want make way Covent Garden 20 minutes walk Â£5 taxi ride. In good location Parking Surprisingly budget London centre underground parking â never used better check important you. The building â. I would say late 1950âs infill block Southampton Row. . The five floors â round reception / bar &amp; lounge &amp; small conference room. Condition dÃ©cor OK â could updating clean fair would go Bedford value &amp; location rather architectural beauty. Reception &amp; Public areas â A welcome feature Bedford rather nice garden rear â opens pleasant lounge area. The restaurant simple roomy. &amp; clean. The corridors could re-carpet &amp; dÃ©cor need lifecycle update. The Bedrooms â Braise â step 1970âs â single rooms long &amp; narrow âcabinâ feel them. The bedside switchgear controls lights / radio/ TV â speakers built curtain pellet â I say 1970! I always found rooms clean â couple colleagues made negative comment I would say night two fine. The double rooms good size â given budget price suggest âtreatâ yourself. A plus rooms I windows open. The bathroom â A bit small â clean. Shower bath. Only soap provided bring shampoo. Food â Only ever breakfast there, good. The lady charge breakfast service efficient &amp; team walking around time clearing tables &amp; filling cups. I stayed best hotels London &amp; I say service Bedford Restaurant (for breakfast) would put others shame. The negative comment Food &amp; drink quality house red wine â terrible stick beer!Staff â I using Bedford year â staff turnover seems low â reception people helpful, I already mentioned restaurant lady The housekeeper I believe also considerable time. In well looked after. Over â Bedford Â£80 night OK couple nights business â would go honeymoon there. It part Imperial group larger hotels area â The Imperial / The President &amp; Royal National. I believe Bedford guests use facilities (including Swimming) operations. I think Bedford represents excellent value &amp; provides good service end market. Tip â Book room back looking garden â high front / bring shampoo &amp; donât drink house red wine.",0.210437271062271,0.5341712454212455,Jun 10 2007
49,49,"What experience During Sept 2006 wife I visited London first time little apprehensive. The flight South Africa arrives early morning unfortunately allowed check in. We stored luggage (at fee) hit streets. Later given double room garden view (as requested) although right next elevator noisy!! Fortunately people us left water running, room flooded VERY prompted given another room. Here I must compliment staff frontdesk. Our new room twin perfect aspects - garden view.We never ate anything breakfast many good quality restaurants short walking distance. The breakfast polite &quot;hitting spot&quot;. Nothing nothing special. We chuckle Chinese lady runs room like military bootcamp guests soldiers. You see humour this!! The front desk staff helpful friendly exception one gentleman obviously missed real ambition undertaker. The rooms general public areas clean. We friends stayed road one sister hotels complained constant noise. The Bedford quiet except one night people building adjacent one heck party.The conveniently situated close Russel Square tube station. From place London far day pass Underground. Being South Africa obviously found walking around night extremely safe. A number good quality restaurants area traveller there's Bureau de Change across street.Overall I'll recommend anyone fussy used lap luxury. It good value provides everything want expect holiday. In fact first place I'll consider next visit London.",0.17352774258262063,0.391138739309471,May 18 2007
50,50,"Value Stayed Bedford part 'Superbreak' hotel/travel/theatre package Sound Music (you must go can, fantastic). Hotel fairly good, staff general fairly good. Breakfast good. You get pay I would stay short break, however, reservation evening meal. The waiter served bottle white wine never seen form cooling, asked provided ice bucket. The food good really, wife's chicken cooked time dry. My steak cooked replaced one well done although asked medium rare. A lady nearby table sent burger back raw middle.It pity lady charge breakfast operation used evening, runs efficient ship.I would request high rear room road front fairly busy. Plenty pubs etc nearby short walk Holborn Russell Square underground.Overall, fairly satisfied would stay eat evening.",0.14784382284382286,0.5277972027972029,Apr 18 2007
51,51,"70's revival The bedford reasonable base prime location public transport. You 4 min walking Russell square tube, 6 min Holborn. The hotels public areas shiny modern. The room I stayed firmly 1970's, BUT classier end 70's. A reviewers commented comedy built consoles, personally I found speakers built pelmets quite amusing, switch transfer radio music bathroom highly amusing; important point note dated, worn out; maintenance people must damn good job. I found breakfast perfectly ok 3 star hotel; continental get croissants, get danish (quite reasonable danish selection).I would avoid toast tastes like cardboard. The staff seem curteous friendly; room keys substantial; I normally wander bit metal/wood, could used build bridges with. The standards cleanleness ok, room improvement I would say, ie dust people would normally look. The locale I would consider safe night, fair restuarants area; represents good value money overall.",0.22065217391304348,0.518840579710145,Mar 29 2007
52,52,"I'd go back! Went weeekend break 22 feb- 26 feb. On arrival greeted friendly staff, asked room back receptionist smiled must get often i'm glad would imagine quite niosy front.Double bed room ok, bit old fashioned cares going sleep. Room huge big enough 2 people room clean important. Room warm sign air conditioning going really hot.Its cheap cheerful London hotels expensive location excellent, 5 mins metro walkable go late late drink.I would recommend people loads spend top hotels going london see london spend room.",0.19527777777777786,0.5577083333333334,Mar 1 2007
53,53,"Ok Stayed Bedford 2 nights Jan 5th \Jan 7th.Really nice , clean , spacious twin room.Breakfast quite good, ( careful, pay extra 4 pounds English breakfast) continental breakfast included, some, English isn't. I know why. Best ask first.One reception staff, male, friendly, others really nice.I recommend Bedford, great location. Have agreat time.",0.35032051282051285,0.4538461538461539,Jan 21 2007
54,54,"Back 70's Having stayed Bedford, I've looked reviews can''t recognise room I stayed in. It may single rooms, small, extremly dated furniture. consoles 70s, dirty curtains and, front noisy traffic Southampton Row. The bed feel secure either. The bathroom reasonable size, shower old style mixer tap bath temperature difficult control.On plus side, conveniently located underground car park breakfast OK.Not stayed Central London quite time I know alternatives compare, Â£71 per night least reasonably cheap.",0.0158482142857143,0.45245535714285723,Dec 10 2006
55,55,"A well located pleasant week's stay We enjoyed first visit London fall 2005 much planned return next year. This time checked &quot;Trip Advisor&quot; reviews hotels offered airline package, chose The Bedford full included breakfast. From comments &quot;Trip Advisor&quot; requested rear facing room lower floor. As room faced Garden relatively quiet even windows open. We appreciated lower floor fire alarm went one morning 5:30 am. After day got used room key end long rod deposited front desk leaving hotel. We also checked passports cash depository rental front desk. If lose safety deposit box key charged 150 pounds. When fire alarm went key first concern. Our room comfortable fairly spacious bathroom. A minor annoyance flimsy shower curtain tended blow shower running. Also, available space, can't understand one towel rack four towels squeased onto it. We usually hearty breakfast advance sight seeing. We called Filipina hostess breakfast &quot;Our Lady Morning&quot; friendly way seating everyone. She told us move 240 guests 60 seat dining room morning, pleasant really efficient. On visit concentrated learning bus routes. Nearly London buses pass within block two Bedford great. As sightseers sitting upper deck bus happy slowed congestion. My wife enjoyed shopping Oxford Street. We usually walked one way, returned bus shopping back-pack. A note caution fellow travellers ... think twice buying heavy books shoes easily make check luggage overweight check return flight. Surcharges really expensive overweights. As Vancouverites enjoy Chinese &quot;Dim Sum&quot;. London's almost hidden China Town twenty minute walk Bedford reduced price Dim Sum 2:30 pm 5 pm. We also enjoy Japanese East Indian Food available many restaurants pubs within blocks Bedford. A well stocked Sainsbury super market also within blocks Bedford. Being adjacent London University British Museum makes interesting surroundings. Just well room TV seem many channels. But &quot;Coronation Street&quot; runs Canada 9 months later. Now seems like almost religious experience knowing future lives deaths Corno much advance. While luxurious, Bedford completely suited needs. The front desk people helpful. Our room clean well maintained. Our package included &quot;Hotel Link&quot; Gatwick Airport via Gatwick Express Victoria Station mini-bus hotel. As listened fellow travellers picked hotels mini-bus departure, seemed ones complaints. Which bad testament week's stay The Bedford.",0.18582375478927204,0.47107279693486587,Dec 2 2006
56,56,Simple Friendly Staff Super Location Good Value! Stayed 2 nights Sept 2006:Pluses:- Location location location! Fab part London!- Lobby - airy lots glass people watching!- Friendly staff - cheerful helpful!- Breakfast fine better expected! Although Â£4 supplement Full English.- Twin bedroom spaciousMinuses:- Bathroom basic could little cleaner- 11:00 AM checkout- No A/C (ok winter probably terrible Summer)- False fire alarm 06:30 HRS!Overall - I booked short notice scoured tripadvisor pages decided best option available me. I paid Â£90 twin room inc breakfast. We given lovely room front views Southampton Row. This could work bit noisy light sleeper likely open windows night. I loved hustle bustle London.Directions - Gatwick get Gatwick express train London Victoria (Â£25 return fare). At victoria buy day ticket zone 1+2 Tube (Â£4.50). Catch tube Green Park (one stop) take piccadilly line 4 stops Holburn. Come station - turn right - cross road walk straight ahead along Southampton Row. The left hand side 5 minutes walking.Great wee find!,0.20218253968253969,0.4891423451100872,Oct 13 2006
57,57,good business It second stay Bedford 4 nights. It's good business trip. Central located. Room clean. But breakfast poor (like english hotels 3 star).,0.19523809523809524,0.3928571428571429,Sep 12 2006
58,58,Decent value,0.16666666666666666,0.6666666666666666,Jul 19 2006
59,59,straightforward,0.375,0.375,Jul 5 2006
60,60,Great value,0.8,0.75,May 29 2006
61,61,Great location excellent price - two.,0.6,0.9166666666666666,May 1 2006
62,62,Very decent,0.21666666666666667,0.8666666666666667,Jan 2 2006
63,63,Good Value Good Location (repeat customer),0.7,0.6000000000000001,Oct 27 2005
64,64,Nice,0.6,1.0,Apr 5 2005
65,65,Nothing Special - But Decent Price,0.2619047619047619,0.6190476190476191,Dec 4 2004
66,66,A friendly good value hotel!,0.68125,0.625,Nov 9 2004
67,67,room okay breakfast disappointing,-0.04999999999999999,0.6,May 23 2004
68,68,?????????????????????,0.0,0.0,May 23 2004
69,69,Hotel muy correcto,0.0,0.0,Oct 17 2009
70,70,Seguro que repito,0.0,0.0,Jul 22 2009
71,71,CÃ©ntrico funcional,0.0,0.0,Jul 18 2009
72,72,??????????,0.0,0.0,May 17 2009
73,73,Hotel normal bien ubicado,0.15,0.6499999999999999,Feb 25 2009
74,74,La Colazione all'Hotel Bedford...molto meglio fuori,0.0,0.0,Dec 26 2008
75,75,??????????,0.0,0.0,Nov 22 2008
76,76,bien para su precio,0.0,0.0,Jan 1 2007
77,77,"Bon rapport qualitÃ©/prix (""single"") Ã Bloomsbury",-0.07142857142857142,0.21428571428571427,Nov 27 2006
