,Unnamed: 0,Reviews,polarity,subject,Dates_extracted
0,0,"So embarrassing hostel would nicer Luckily staying night!Our room seemed like quickly cleaned, yes smelling quite stale, noticed lower ground room window view rubbish bins... leaning window. This far worst I've ever stayed in, life! Even dodgy Thailand hotels far nicer.Oh - breakfast stale too.Terrible service, Terrible atmosphere, Terrible food, Awful room.",-0.37575757575757573,0.8484848484848485,Jul 6 2007
1,1,"bring toliet paper. First start postivies, clean lovely part london, hyde park. close paddington station kensington park. The basic comfortable would average experience incredible rudeness staff. left standing ten minutes upon check chatted phone feet shoving check form us slamming key table. This behaviour continued two nights. While room cleaned day toilet paper replaced. When asked desk told check around presses! like fool check found none asked again. snapped told get toliet paper ladies toliet ground floor! imagine suprise honest amusement, saw another party walking back shop toliet paper! lady desk told nothing could forced buy own!this selection instances right unacceptable behaviour. another friend refused entry hotal night out, door slammed walking literally squashed door. boy glad check say goodbye rudest people ever met. The feeling must mutual lady reception barked us key even say goodbye. charming. avoid costs bring toliet paper.",0.24394605064247918,0.5682350718065005,Feb 4 2007
2,2,No Comfort Here The room small damp/water stains ceiling cracked peeling wallpaper. The bathroom dirty. No hot water available part stay.Only one inferior room available request alternative accomodation.No response received letter complaint.,-0.09166666666666667,0.5283333333333333,Dec 29 2006
3,3,"Disappointed COmfort Inn Hyde Park London We returned around world trip stayed 5 nights Comfort Inn Hyde Park. The staff extremely rude moment arrived. The room small (even London standards) twin beds small TV.The accommodation dirty cobwebs walls ceiling. The towels threadbare, sheets washed stained.The room slant, bed felt like would fall out. The bathroom floor creaked groaned entered floor shower alcove extremely spongy (as though floor boards shower module)Due rudeness staff continental breakfast provided price spent day half night speak anyone.",-0.3177083333333333,0.5270833333333333,Oct 31 2006
4,4,"Fraud In Returning Credit Card Charge After Cancellation On December 23, 2006 intended stay Comfort Inn, Virgin Atlantic Flight cancelled British Captain, Mr. Harwell, led plane cuffs decided partake much Christmas Cheer getting cockpit 747. At rate, called cancel reservation, assigned reservation cancellation number Hotel kept promising refund. They never provided it. That out-and-out fraud, I would HIGHLY RECOMMEND NOBODY FALL ASLEEP WITH THEIR PINKY IN THE MOUTH OF THE COMFORT INN, HYDE PARK. Disgraceful!And called speak American PR Boy, Mr. Weiner, answer Comfort Inn sign independently owned. How convenient! Stay away place, unless enjoy robbed.",0.13714285714285715,0.2664285714285714,Aug 4 2006
5,5,"comfortable Comfort Inn I stayed single room. It small adequate. The room clean, bed comfortable included tea/coffee. The en suite bathroom also clean bath tub hot water! As I 4th floor, I appreciated elevator - London hotels them. Breakfast continenal sufficient. Staff reception OK. It quiet street short walk buses, underground stores. My problem I two heavy suitcases. It pracgtical take bus I wheeled Lancaster Gate tube station. Any one else situation would better advised use Bayswater tube station - especially coming Heathrow. Other location central, safe fairly quiet. If want de luxe accommodation North American standards want something inexpensive clean, I would recommend.",0.16360930735930737,0.508603896103896,May 29 2006
6,6,"Good Lord I know hotels London expensive horrible place. They room hotel, put us one flats next door. It even disgusting call bar. The sofas holes, plastic floor bath room, everything least 40 years old. The reception staff seemed rather weird well. For 25% I decent area before. W2 full them. They pay stay CI.",-0.07564102564102564,0.5570512820512821,Sep 17 2005
7,7,"Can't swing cat Comfort Inn!! I know London floor space mimum, like things need pay it. However hotel, Comfort Inn, Craven Hill Gardens near Hyde Park really goes far (or small case may be) cheapest! My single room small, impossible move bed wardrobe etc without banging limbs. The en-suite (cut room shape) ridiculous. As room small got incredibly hot, making difficult sleep. Any complaints made staff handled poorly, cases staff downright rude. So HUGE thumbs down-this Comfort Inn comfortable!",-0.11899553571428569,0.6527678571428571,Sep 13 2005
8,8,"No problems Comfort Inn We returned London spent three nights Comfort Inn Hyde Park Hotel. We booked day got good price two double rooms second floor. The rooms clean, comfy, big small either. The room bit smaller other. One room shower booth tub. Both worked well toilet. Bathrooms adequate size clean. Rooms cleaned everyday towels changed. There tea coffee making facilities although kettle new clean. TV 4 channels plus payTV payPlayStation. The windows could opened nice otherwise room would humid warm. There also fan two extra pillows closet. The traffic disturbed little windows open. The continental breakfast muesli corn flakes, yoghurt, croissants, buns cheese cold cuts, tea/coffee+ juices. It gave good start day. The staff friendly (the young people desk nicer older ones). Our flight left evening could leave luggage reception day, lovely. It small walk Bayswater Lancaster Gate tube stations otherwise good location see London. You walk Oxford street tired find lots shops restaurants Queensway also. All pleasently surprised would stay again.",0.11259182736455464,0.4604912764003673,Aug 26 2005
9,9,"CONVENIENTLY SITUATED I stayed 4 nights November 2004. The (bargain) single room very, small o.k. sleeping. Except large stain carpet, room clean, bathroom quite nice clean. You hear neighbours, walls doors thin. Breakfast basic, service friendly. Reception helpful extremely accomodating. The big plus street located quiet buses tube stations nearby. Perfectly sufficient people travelling small budget.",0.13847789115646258,0.5693707482993198,Apr 6 2005
10,10,"Small cheap We returned week stay Comfort Inn Hyde Park. The room clean, small. The bathroom also cramped broken tiles. The beds also uncomfortable. On good side, room clean, staff helpful. And cheap. Breakfast morning consisted croisants, rolls, juice, ham, cheese, yogurt cereal. It fine. If looking clean, basic inexpensive plan spend much time room, Comfort Inn Hyde Park fine. If looking alot amenities large room, stay somewhere else.",0.1631746031746032,0.5369047619047619,Apr 3 2005
11,11,"Cheap worth Just returned 5 day stay Comfort Inn Hyde Park. This great stay basically need place sleep shower. Arrived overnight flight New York took Heathrow express straight Paddington station. One plus Comfort Inn Hyde Park convinient location. It's right street numerous tube lines tube station 5 minute walk. Plus, there's always people (mainly tourists luggages) walking streets. Hotel desk room ready even I got hour early. Since single occupancy must admit room size surprise. It super small! But sleeping. The bathroom though nice somewhat european decor it. Few negatives: elevator slower snail. You spend easily sometimes 5 minutes waiting hit floor. Also, peaceful 90 percent time walls real thin noisy flatmates beware every slam room door heard felt. However, big plus breakfast consisted fresh bread, cereal, juices, coffee/tea, etc. Excellant way start day. All all, Comfort Inn Hyde Park great affordable way spend one's holiday London. I think twice booking next time visiting. Enjoy.",0.18805930735930737,0.4505151515151515,Feb 20 2005
12,12,"Deluxe Suite HUGE We stayed one deluxe suites (3 bedrooms, 1 bath) large. The bathroom, particular, huge London standards. I emailed directly, got great rate. Overall better expected, negatives. The furniture sitting room quite stained worn - hard believe corporate standards. (There actually holes fabric.) The floors creaked terribly, guests upstairs walked late night (which A LOT), noisy us. The lift barely big enough three people, that's housekeeping staff vacuum cleaner pile towels stored there, often. Finally, reception manager bad need basic customer service training, actually heard &quot;that's job, problem,&quot; &quot;I'm paid to...&quot; difficulty washer/dryer room. But overall, I think got GREAT value there.",0.08315696649029983,0.46014109347442683,Sep 7 2004
13,13,"worked fine. Yes, small, cozy. This nice location can't beat price. The staff friendly short walk Paddington underground station. Located lovely neighborhood. The drawback air conditioning London little warm August.",0.19441666666666668,0.675,Aug 30 2004
14,14,"Oh small! We recently returned trip London stayed Comfort Inn Hyde Park. Rooms get much smaller these! There barely room 2 single beds, let alone luggage. The carpet furniture fine (for low-end chain) good condition, size made nearly unbearable. Also lobby area lounge small. The elevator....I even go there! The staff average best. As say, get pay for.",0.12058982683982683,0.3803896103896104,Jul 20 2004
15,15,"Acceptable great price... If seeking low-priced place lay head high-priced city, good value you. Always clean, friendly staff excellent location close Paddington Heathrow Express. I much appreciate possibility pr-check Paddington, I carry luggage flight goes. Certainly, rooms small especially highest floors, London's nightlife prevents spending much time inside room. I go regularily, always booking via laterooms.com 45-50 Pounds per night.",0.35909523809523813,0.6101428571428571,Jun 8 2004
16,16,"Great value Very clean hotel!! The interior need updating can't beat price. Great location, short walk Paddington station, convenience stores restaurants. Front desk extremely helpful. I woulddefinitely stay again. (We stayed two bedroom flat, room).",0.3657986111111111,0.6391666666666667,May 22 2004
17,17,"Dissappointed I first stayed Comfort Inn - Hyde Park duringmy first trip London, years ago. The nice, small cozy, staff friendly service great. Unfortunately, I saw size bedroom, I shocked. It frightfully small! Not Comfort Inn's created equal. I expecting normal size room, like US properties.I immediately went downstairs complain, saying made mistake gave wrong room, much dismay hadn't. So forgetting American minded values, I put stiff upper lip made best it! All all, cozy breakfast room pleasant. I recommend budget minded travelers, want nice clean place stay.",0.11843167701863354,0.6039855072463768,Feb 9 2004
18,18,"Room Was 6'x12' I admit US $ weak, leads high prices UK, reason one pay $100/night rundown room 6'x12'. The furniture least 30 years old..very worn. The bathroom 3'x3'. I turn around shower. The &quot;single&quot; bed tiny. They frank tiny rundown rooms.Okay.. enough bad. Here's good points. Location great ! Very good base celebrating New Year. Restaurants good/plentiful. I even used laundry street. Paddington station 5 min walk.Bottom line - If get good rate worth inconeniences. If pay full price, prepared disappointments.",0.12618378226711557,0.6019222783389451,Jan 7 2004
19,19,"Good value London accommodation Stayed Comfort Inn Hyde Park business, wining dining town client location great. It's near lots good places eat Queensway road. Found excellent rate website someone recommended *****. Hotel clean, staff courteous, I got really good value money.",0.6383333333333333,0.7475,Nov 6 2003
20,20,No estÃ¡ mal aunque podrÃ­a estar mejor,0.0,0.0,Sep 14 2006
