,Unnamed: 0,Reviews,polarity,subject,Dates_extracted
0,0,"Good round pleasantly surprised! We enjoyed stay here. The staff pleasant friendly. The room clean better equipped expecting, although would hot summer ventilation system really work. It true window close properly, resulting strange wind moanings! The Cafe Rouge really good, excellent choice food, good service prices high. It really good atmosphere. Breakfast good value however, refills drinks offered. The situation excellent, recommend Thames Clipper service central London.",0.36896520146520145,0.5857875457875458,0.5857875457875458
1,1,"If low standards hygiene stay - otheriwse stay Holiday Inn Express! An absolutely horrible example hotel, room stong stench urine, bathroom disgusting smelled really bad. We complained french speaking receptionist useless said rooms, night manager , another non-english speaker got us room time window close properly, bedside lamps work, curtains fell rails....etc etc, disasater good value all. If enjoy living filth, smelling urine room kept awake cold drafts sirens stay here. I leave go Holiday Inn Express bit dearer million times better aspects.Re-cap, Ibis Greenwich (and Liverpool) filthy, staff care clientelle say good ar elying else low standards hygiene themsleves.Note HAVE NO CONNECTION TO THE hOLIDAY INN EXPRES BUT FOR AN EXTRA 10 POUNDS YOU GET BREAKFAST AND A BEAUTIFUL ROOM AND PROPER SERVICE.",-0.13687499999999997,0.5360833333333332,Nov 6 2009
2,2,"Ideal Maritime Museum Visit A 5-10 min walk Docklands Rail Station 5-10 min walk Maritime Museum made location suitable us. Given ground floor room yards Reception area sound call older couple. Reception always answered questions care, even stepping building underline directions. The restaurant busy evening meal I rarely seen organised, willing staff meal enjoyable too. In contrast, however, breakfast staff food disappointing. We booked 1 night I would skipped breakfast stayed longer. Altogether would happily visit again.",0.2758333333333334,0.6891666666666667,Sep 24 2009
3,3,"GREAT HOTEL NOTHING TO MUCH TROUBLE Great Hotel would recomend it, Its perfect location",0.6000000000000001,0.675,Jul 28 2009
4,4,"Great Location Stayed Ibis 2 nights seeing Madonna O2. The location great, centre Greenwich close station. It easy get O2 - either river 188 bus Greenwich centre. Takes matter minutes. Hotel ok - typical Ibis attached Cafe Rouge get breakfast. Staff Cafe nice staff except one receptionist quite rude.Rooms quite small basic (and quite warm hot weekend air con didnt seem good).I would recommend due location.",0.3324358974358974,0.5756410256410256,Jul 16 2009
5,5,great location reading reviews worried letting n for. say really pleased.we fr concert o2 location perfectthe rooms cleanplenty nice places eat nearby couple good barscheck cocktails desperados great drinks really nice staff,0.6166666666666666,0.7166666666666667,Jun 13 2009
6,6,"Pleasant room good location. Pleasant room, clean little larger Ibis rooms. The bathroom functional well lit. We charged car park room park car 8pm time already find another car park, refund though. The well located Itâs conveniently attached wonderful CafÃ© Rouge breakfast instead hotel.",0.48072916666666665,0.7166666666666668,Jun 11 2009
7,7,"Booked Easy Access Start London Marathon But Pleasantly Surprised! I read reviews people stayed around time partner - 2 nights half running London Marathon. We arrived checked efficiently. On viewing room expect Ibis hotel, rather like travel inn. There large bed (which pretty firm), flat screen TV, remote, small clothes hanging space, tea coffee making facilities, desk, chair Wifi access keyboard needed it. The bathroom sufficient shower bath soaps provided (no fancy toiletries I'm afraid). There two pillows room, soon I asked reception extra ones provided hairdryer - I bit surprised built one bathroom, fine &quot;borrow&quot; one reception. The staff working reception fine efficient pretty helpful. If wanted alcoholic drink hang visitors would go next door Cafe Rouge, pretty laid back, covered, heated area outside balconies eat drink staff really friendly attentive. The food also nice, continental breakfast (for need collect voucher reception) Â£4.75, includes large fresh orange, coffee, pan au chocolat, Bon Maman preserves french bread. There also ironing facilities need them. The really central Greenwich nightlife, 10 minute walk DLR. We would also recommend Rivington Bar Grill around corner like fresh seafood oysters. I can't complain I stayed Greenwich I would stay again. People may bit upset increased prices night marathon (approximately Â£40 per room extra), happens majority hotels around London call &quot;event weekend&quot;. PS Another good point, I thought, bedroom doors closed really quietly, bonus mornings want bit lie in.",0.07509157509157509,0.49526862026862045,Apr 29 2009
8,8,Avoid Dreadful miserable staff poor quality accommodation,-0.84,0.9266666666666667,Apr 12 2009
9,9,"3* Hotel 5* star price tag Not even 1* good thing location nightly stay expensive dearer quoted Â£113 night, staff rude bad attitudes, bar reception appalling tea, wine, gin, beer, ice lemon drinks lucky enough get one person looking bar/coffee idea motavation, comfortable lounge guest sit reception area cold, towels pillows small room ask them, bring cat room swing it, car parking painful I know start, planning staying forget pack sense humor need it.",-0.2576388888888889,0.8008333333333333,Mar 30 2009
10,10,"Good value money My wife I stayed several times, complaint silly rather annoying extra charge refills coffee breakfast (the breakfast Ibis hotels much generous, self-service). But CafÃ© Rouge attractive evening meals good. The staff pleasant, location excellent, parking (just) big enough- Greenwich good base.",0.16578431372549018,0.6174509803921568,Mar 20 2009
11,11,"Good Location This good location, close DLR Greenwich stations. It also good bus route O2 near shops, restaurants, Greenwich Market tourist sights Greenwich. The hotel's public areas little shabby want late-night drink, served reception separate bar. Our room small, clean adequate nights' stay. The adjacent CafÃ© Rouge provides good choice nice evening meals. The main problem breakfast. A voucher obtained reception decide point whether would like continental full English breakfast. You present voucher CafÃ© Rouge breakfast service attentive. The continental breakfast quite reasonable terms quantity,except includes one cup coffee. When asked refill, told would pay another Â£1.61 per cup. I think expensive unreasonable. I can't think I've asked pay extra second cup coffee breakfast spoilt overall impression establishment.",0.154596688034188,0.4346100427350427,Jan 26 2009
12,12,"Pleasantly surprised Having read negative reviews I little apprehensive staying here, Â£80 per night around Â£40 cheaper hotels SE London. In point fact I found staff reception helpful courteous. The room basic expect Ibis, clean good condition.The late night bar pretty limited choice (G&amp;T without lemon same), number pubs nearby good atmosphere. Plenty restaurants within walking distance - definitely choose one breakfast rather overpriced CafeRouge. All all, OK price.",0.14884920634920634,0.5378571428571429,Oct 22 2008
13,13,A nice base London I stayed Ibis 2 nights weekend .I previously used Ibis hotels UK Europe always found clean efficient .This exception .Check breeze room clean good standard .The linked Cafe Rouge nice fairly priced London .Greenwich station couple minutes walk London Tower Bridge 2 stops .I would problem recommending clean modern anyone wants short break capitol reasonable price.I certainly use,0.2625079365079366,0.5825396825396825,Jul 18 2008
14,14,"Don't bother! Don't fooled nice appearance hotel! To fair good points greatly located easy reach DLR, o2 decor bad.However, actually enter everything goes bad. receptions front desk unhelpful explain anything. When get room basic bed like concrete. There hairdryer either. If want privacy go elsewhere, cleaner barged door I dressing. My boyfriend thought we'd use room service dinner, room service doesnt exist there. You told wait (somewhere, idea where) food &quot;won't long&quot;. We left 30 minutes clue supposed collect food time bar unattended. It would seem chefs barman made food himself! If hungry morning like start day nice breakfast, go elsewhere breakfast minimalistic. Value money poor. For Â£5.65 get buffet consisting bread, eggs slices meat. No fryup?! The staff consciencious; asked whether meal ok clear indication supposed go available. We even told breakfast room was.The two star reason. If want roof head, go here, want luxury go elsewhere!",0.22431372549019613,0.5162254901960784,Jan 23 2008
15,15,"Very Poor Hotel cheap! Sign outside says weekend prices Â£70 Â£80. I booked advance charged Â£105. When I queried I think lucky, charging Â£130 event area!.Fire alarm went 1:20am - staff around advise guests all,Lift crashed bottom shaft.Woldn't go again!",-0.08833333333333335,0.5908333333333333,Jan 4 2008
16,16,"Really Bad Hotel Very poor service, VERY basic overpriced. My reccomendation 'Do Not Stay Here.'",-0.40666666666666657,0.5363888888888889,Dec 28 2007
17,17,"Impressed I worried staying reading negative reviews. However, I wrong. I pleasantly surprised considering cheap Â£55 p/n. Last MInute.com classed 2* hotel. I expecting dump, long clean I'd happy I staying one night.The room decent size. It appeared newly refurbished. The bathroom modern though small bright airy.Our room overlooked Thames could see O2 Arena clearly. The room spotless impressed choice tv channels tea coffee making facilities 2*.The disappointment hairdryer room I called ask one told supplied. Had supplied I'd rated 5 rather 4.One thing. The directly flight path Heathrow. Planes come low noisily hotel. That said go London stay room, much problem rather slight distraction.Overall I would definitely come back here. Especially going concert O2.",0.12173063973063972,0.5363552188552189,Sep 1 2007
18,18,"Wouldn't recommend friend... I could start totally slating I think I point positives first...The location fantastic - 2 min walk park Greenwich, DLR, Cutty Sark (although refurbished moment totally covered up), pier boat trips city, Greenwich market, etc.The quite cheap comparison hotels area.That's positives - negatives...We made reservation using hotel's website. When arrived find reservation, even though I print-out confirmation email. The two receptionists began speaking French, answering phone, dealing customers - basically everything could ignore us.To cut long story short, hour later given disabled room horrible worse room hotel.For two-star London bad let badly staff. Some friends also staying shower curtain bathroom. When asked receptionist could get one replied, &quot;I work here&quot;. She obviously answering phone checking people goodness heart!We eat breakfast Cafe Rouge adjoining hotel. We went Organic Cafe road lovely breakfasts every morning.",-0.09338624338624338,0.4933862433862434,Aug 8 2007
19,19,"Fine no-thrills Lets face it, Ibis' pretty much throughout world, exception. Rooms small, basic, clean tidy good use space. The location great exploring Greenwich Cutty Sark area, proximity Greenwich train station means serves useful base going afield City. There plenty places eat nearby, connected Cafe Rouge. Breakfast Cafe Rouge wa nice grossly overpriced. The foreign receptionists clearly little overworked stressed, polite everything could help us. I would stay again, although I wouldnt bother Cafe Rouge breakfasts.",0.16887254901960783,0.4897058823529412,Aug 2 2007
20,20,"Ibis Greenwich London - Fine money. I really dreading 2 night stay Greenwich Ibis reading reviews site. Luckily fears un-founded.Upon arrival, I pleased find clean &amp; uncluttered reception area. The receptionist abroad spoke good enough English &amp; polite enough. Ok, like previous review says, receptionist answer phone whilst time dealing check - problem - I checking 2star Ritz afterall.When I got room, I pleased find clean. Yes basic, wardrobe bit small side, TV reception great &amp; biscuits - things I could live with.Breakfast included price &amp; want take breakfast buy voucher reception breakfast Cafe Rouge, next door. I ease &amp; full English breakfast ok I've better value. There plenty cafes near serve breakfast &amp; probably offer better value.The good locaction centre Greenwich. Handy Maritime Museuem, Greenwich Observatory &amp; O2. The nearest underground stop DLR Cutty Sark station.I hesitate staying again. In life get pay for. I pay much compared prices happy I got I paid.How get - travelling underground central London, find way Canary Wharf underground Station Jubilee line. Then exit station &amp; take DLR (Docklands Light Railway) Cutty Sark - use underground travel pass DLR . When leaving Canary Wharf underground station follow signs DLR, signs DLR Heron Quays. You leave station left &amp; get outside Heron Quays accross road right.. The Heron Quays sign partially hidden trees. You want train heading Lewisham &amp; get Cutty Sark. The 3 mins walk away. Leave Cutty Sark station turning right station, whetherspoons turn left, right junction &amp; head towards Cafe Sol able see Cafe Rouge. The Ibis attached Cafe Rouge.Tip - going concert O2, getting back nightmare almost everyone wants get tube North Greenwich underground station time, queues horrendous. You catch number 188 129 bus bust stop C outside O2. You use underground travel pass bus.",0.23418903318903325,0.4418994708994708,Jul 30 2007
21,21,"Good location horrible We stayed Ibis hotels know basic usually represent excellent value money.We stayed attending party nearby know area.First things first, location handy Greenwich high street Cutty Sark, good point.When get parking available within compound - advised receptionist staff park there. There Pay Display car park directly behind everything London, cheap. You however move car car park space become available, cost Â£3 day (cheaper Pay Display though!)On arrival reception, apparent receptionist's grasp English exactly fluent manners none existant. Whilst processing arrival proceeded answer phone without excusing himself. I begin imagine gained position &quot;Team leader&quot;.The room per reviews basic, functional. The TV poor reception toilet struggled work. Thankfully staying one night.It one cheapest hotels area (we paid Â£70 night - room only) would recommend spending little lot more!",0.11533950617283949,0.5618827160493828,Jan 14 2007
22,22,"VERY Basic This one basic I've ever stayed - certainly UK anyway. The rooms cramped little grubby toilet flush properly entirety two day stay, despite complaint reception.Best thing location. Really handy Greenwich attractions - park, markets, cutty sark etc. It's also ajoined Cafe Rouge lovely meal outside terrace, brilliant waiting staff.Wouldn't really recommend except mind basic, budget (think hostel!)",0.17096088435374152,0.37028061224489794,Aug 25 2006
23,23,"terrible - one worst hotels I I stayed Ibis business suppose Monday Friday. I hugely dissapointed I arived first night. One reasons I booked I wanted close metro (DLR/Tube) reseptionist told &quot;2 minute walk&quot;. It ended like 10 minutes inconvinient people might lugging suitcases might wearing high heels work. The rooms resemble someones cold dark basement. As soon I opened room door foul odour one might expect hostel 3 star hotel. There poor decor included one metal chair. The room freezing night eventhough thermometre 30c. The bathroom great shower tub backing hair curtain. Just I thought things could get worse, I found standing reception morning hair. The previous night receptionist gave adaptar turned faulty I called told bring anything peoples rooms I go pick hairdryer myself. The price advertise around 78 GBP quality price absolutely rediculous. After returning room morning I quickly packed things checked out. I ended Novotel actually real 2 minute walk metro stop really nice comfortable almost price. This first last experience Ibis care customer image.",-0.024696969696969676,0.5725000000000001,Apr 9 2006
24,24,il tout pour lui,0.0,0.0,Oct 10 2009
25,25,TrÃ¨s bon hÃ´tel,0.0,0.0,May 12 2008
