,Unnamed: 0,Reviews,polarity,subject,Dates_extracted
0,0,"Small room understatement I stayed Boulevard Hotel friend mine last year. The location sensational, neighborhood safe. I traveling Europe month half I got there, size rooms unbelievable. Only one us could walk room time, SO cramped. The bathroom tiny, nearly impossible shave legs. The staff clueless half time, although friendly. In addition, charged $80 get phone line room make local call. I upset I paid much disappointing room. Believe me, I stayed small rooms one absolutely INSULTING.",-0.0857843137254902,0.5245098039215687,May 20 2009
1,1,"Great Value Overall Nice Hotel I stayed friend, visiting town. Yes, rooms small -most rooms large cities small. The rooms clean (their beds damn comfortable), room affordable (ask triple, bigger price double), location - awesome. I regret staying actually recommend place anyone everyone. Only problem, they're handicap accessible, stay unable/unwilling walk stairs.",0.2416220238095238,0.5180357142857142,Mar 13 2009
2,2,"expected We previously stayed Boulevard Hotel, Paddington, found clean, modern, well worth money, included continental breakfast.A year later returned find middle takeover easyjet(everything bright orange) told booking. The room small, wardrobe gone(we left 2 coathangers), everything bright orange(not fainthearted).Also around us building materials paint.When went breakfast first morning told could voucher McDonalds road(not appealing best times).I feel told refit lack breakfast could made choice whether stay book somewhere else.The saving grace polite staff.",0.18758169934640523,0.37516339869281046,Aug 26 2008
3,3,"Stay Somewhere else! Upon arrival Hotel I immediatley dissapointed. The pictures website make look like Modern Little Boutique Hotel. This case all. I known, reception staff rude I called two weeks prior confirm I hoped bad day unfortunatley level service. There elevators 30 hours travelling Australia carry heavy suitcases flight stairs assistance even offer. The room small, I get bed husband walk past. The bathroom small sit toilet brush teeth basin time! All double decker buses stop outside passengers able look tiny little room close curtain unfortunatley lighting bad. I happy look past I enjoy London really wanted somewhere clean sleep, service staff bad, unaccomodating simple requests had. We ready leave first night want loose money already paid. The hotel's cafe construction (which advised of) choice breakfast vouchers macdonalds 5 star cafe street offered 1 piece toast, nicely decorated though! Seeing though London enjoy gorgeous city, booked early morning tours refused offer us breakfast vouchers 7.30am, get breakfast leave 7am. For depature 30 minutes earlier would offer vouchers explain even try accomodate. I surprised Paddington many hotels competition area would even try slightly please us. We loved London would go back there, would stay hotel. It worth hassle. It great location, still worth staying here.",0.05031528964862298,0.4553391670058338,Aug 20 2008
4,4,"Dont bother Boulevard It mistake booking Boulevard Hotel. We limited budget trip currency conversion therefore looked several options chose Boulevard web site made look particularly attractive reviews looked showed pretty favorably. What found upon arrival, however, web site completely misrepresents itself. certainly strike &quot;modern&quot; see it. We knew would small idea small meant microscopic. We also booked larger room told upon arrival one asked PAID (no refund) longer available. &quot;we nice room basement..LG1 would do&quot; To compound problem didnt feel comfortable leaving striking looking something else either felt trapped staying. To preface: big people. That said, girlfriend I could barely squeeze two bags room together one us moving, sit bed free enough floor space could navigate. Just rediculous. The bathroom small I couldnt bend shave wash face without showering floor water. The staff apparently knew first day placed bath towel upon floor help control challenge. The fact sink approx 8 inches wide didnt help. My poor girlfriend couldnt even shave legs shower simply couldnt stand inside lift leg time. Think RV Camper trailer bathroom. Its small folks. We also read friendly terribly helpful staff was. Forget too. They site often not, awake setting front desk. They NOT enthuesiastic welcoming. Actually one person saw pretty often staying day staff always 9 didnt much interaction unfortunately. The three people met simply vacant. One evening towels girl friend went front desk see could obtain more. The greeted &quot;what YOU want?&quot; scowl middle eastern fellow manning front desk......feeling uncomfortable, came back shoe box explained happened. I returned stairs made sure fully understood guest would quickly applologize her. He reluctantly wasnt genuine. I REALLY unhappy this....The next morning I told day staff happened never saw again. The pros / room cleaned every day / really tidy, spectacularly small / recently renovated looked new- think Ikea / location great close Paddington Station tube rail lines / ten minute train ride Heathrow / lots good restaurants area good selection traditional pubs lounge / ten minute walk Hyde Park Kensington Palace area / walk tourist sites really want / outstanding restaurant 50 feet away serves new British cuisine (why I idea seems place neighborhood). The cons / felt misrepresented werent given opportunity make right / construction within would wake 8 whether wanted / completely disinterested staff / called &quot;easy hotels.com&quot; written door! / phone / desk furniture kind within room / absolutetly room move around / breakfast place sit enjoy breakfast shown web site / take voucher McDonalds wanted fulfil commitment provide &quot;continental breakfast&quot; therefore good egg bacon sandwiches terrible coffee every morning love / theTV remote didnt work one could figure us wanted change TV channel climb suitcases / closet hang anything / iron board press cloths couldnt hang up.....you get picture. If single person simply want place lay head night, dont mind dissapointed cheated little bit, might like Boulevard/Easy Hotel. Otherwise, spend extra 25--50 pounds night get real hotel. There 100 within mile Paddington. Now know wont make mistake twice.",0.10903817718632534,0.4653679653679653,Aug 16 2008
5,5,"Do Not Stay Here I back stay London (23rd -25th June 2008). I supposed stay boulevard arrived told staff due water leakage rooms renovated would moved round corner. After arriving next told staff would staying either, moved again. arrival next place told would BASEMENT room. We decided look room deciding stay not. The bathroom smaller toilet plane.NO JOKE. way anyone would able shower it. To worsen things room actually door leading street. That final straw. We task trying find vacancies easy wimbledon week everywhere full. We came across castleton unfortunately booked kind manager MARK rang around hotels found one could accomodate us two nights.Our new lancaster court 10 times better boulevard. I would definately recommend castleton lancaster hotel.perfect location top attractions especially oxford street, marble arch, hyde park. DO NOT GO TO THE BOULEVARD HOTEL.",0.08456818181818182,0.49189393939393933,Jun 26 2008
6,6,"Avoid place! This place rip off. We made mistake booking websute non-refundable, non-cancelable policy reason including family death! We booked basis positive reviews website. Big mistake!Impossibly small room - husband able stand touch walls (average size man). No way wash face without sitting toilet. Noise night long stairs porn shop corner. We unable open suitcase stand floor time!",-0.025606060606060604,0.3595454545454545,Jun 19 2008
7,7,"Nice could done better I stayed 4 nights, happy end, almost price go Chrysos. The rooms extremely small, comfy. The furniture quite old, mattress puffy. Next bed small &quot;bar&quot; surprisingly coffee machine, never used it. The bathroom small, claustrophobic, better try another hotel. The air van bathroom would go 15mins turned light (imagine long day walks around town shopping). With regards breakfast, I could say almost none. I usually eat morning, boyfriend would make go little adventure McD. After breakfast (which surprisingly Continental breakfast - I've never seen continental breakfast insufficient). The stuff speak well English (though may sound strange cause London), end manage make understood. The good thing close Paddington station, front small park. You also Indian Cuisine restaurant next hotel's entrance I suggest go often though food ok, make pay would expect.",0.15499379652605463,0.4078784119106701,Jun 4 2008
8,8,"Comfortable The photos hotel's website quite misleading, especially reception unrecogniseable photo. However, reading reviews trip prepared. Despite bedroom shower room small, sufficient three nights, found room confortable, warm clean. The towels changed room cleaned every day, great young male receptionist helpful friendly. The great location. We breakfast presume still cafe around corner breakfast room reception, building work going on. We found good value money played large part enjoyable stay London.",0.3685347985347986,0.626043956043956,May 20 2008
9,9,"good little I've using Boulevard 1-2 times year since 2004. I usually fly London long weekend shopping cultural pleasures, travelling either alone hubby. I always content price/quality ratio, trip exception. The Boulevard small, modern hotel, is, like small hotels London, situated old townhouse. The rooms tiny, clean functional Scandinavian style modern decor: light wood, laminate floors, flat screen tv etc. The bed double rooms queen-size one, single rooms there's single bed. The beds comfy bedlinen always immaculately clean. There small cupboard/dressing table unit (with hairdryer) room, that's regarding storage space. If lot luggage, might want consider one bigger double rooms. There coffee/tea -making facilities room. I've usually room back quieter, trouble sleeping room facing street. But light sleeper, bring earplugs. There also noise corridor, occasionally. (Having said that, last visit floorboards room creaked occupant walked there, bad).The bathrooms really tiny, clean feature everything needed. The showers good water pressure enough hot water. There soap/shower gel dispensers towels changed daily.During last year so, hotel's owner apparently changed. The rooms also small facelift (new curtains etc), prices gone slightly. Previously, reception area acted also breakfast area (breakfast consisted cereal, toast, coffee/tea, juice), March 2008 reception area renovation got breakfast coupons cafe next door instead.In cases, staff friendly informative, let store bags day reception check-out I've evening flight home.The Paddington area filled restaurants &amp; pubs transportation links Heathrow &amp; city centre excellent: Paddington rail station several tube lines within 5 mins walk. There also handy bus connection, line 23, runs Liverpool Station 24/7 easy access Stansted Exporess Stansted airport. The bus stops right front hotel.This perfect someone looking comfy place sleep in, want much hotel. The rooms suitable max. 2 people much luggage. There's lift hotel, prepared carry luggage stairs. I recommend independent travellers, tourists people looking clean, reasonably-priced place stay.To sum up: nice little small clean rooms. Good connections. Know expect, like it.",0.19272936740678676,0.46632523390587893,Apr 21 2008
10,10,STAY AWAY - trust DO NOT STAY HERE. The photos website nothing like actual is. Small rooms - I 5'9&quot; I could easily reach one side room hands one side feet. You barely fit bathroom room luggage. The breakfast horrible staff barely spoke English. BEWARE.,-0.052380952380952375,0.40476190476190477,Apr 8 2008
11,11,"Tiny But Ok My partner I stayed Boulevard Hotel 2 nights early February 2008. The close Paddington station, convenient. It also close Hyde Park, Oxford Street attractions. When first walked reception realised big trouble 2 large suitcases reception area. There elevator lug 20kg suitcases 4 flights stairs. The hallways also tiny - 2 people can't walk together side side.Our room? Well, I think word small really appropriate - tiny maybe closer truth. We trouble opening 2 suitcases once, basically impossible do. There double bed corner almost directly next bed door smallest bathroom I ever seen life! We could fit two us bathroom one time - small. Having said this, bed comfortable room clean, spend much time room London, size much issue us. If had've staying longer, would asked bigger rooms. The room also TV lots channels choose from.The reception area also breakfast area big. They would trouble 10 people came breakfast once. The breakfast included room cost, consisted cereal, yoghurts, bread selection fresh pastries, nice tasty. Staff friendly breakfast happy serve hot drinks.If fit, I would recommend walking tourist destinations area. There alot see along way close local attractions. As late departure London, good enough hold bags us - trouble fitting room reception!",0.1020421989934185,0.42267414157658056,Mar 10 2008
12,12,Small rooms nice clean These rooms pretty small still nice price. Everything freshly renovated furniture electronics new. The &quot;breakfast&quot; get cafe street anything tea toast. The service good everyone reception extremely friendly. It pretty close metro stop nice close major attractions. I would stay again.,0.29633164983164983,0.6562289562289562,Mar 9 2008
13,13,"Change breakfast We stayed one night 17th February 2008. This currently building work going breakfast room. When go reception morning given breakfast vouchers directions restaurant. We expected continental buffet breakfast, got &quot;help yourself&quot; vacuum flasks hot water coffee (various teabags also provided) plate one slice toast cut diagonally two warm crumpet. Butter pots jam table.My partner diabetic, purchase extra food, enough him. This arrangement seems quite new, could teething problems, restaurant service slow, bear mind, business meetings attend.Hotel room clean, although floors rooms corridors laminate, produce lot extra noise carpets would deadened.",0.053780108780108776,0.41641802641802644,Feb 19 2008
14,14,"Good stay You certainly get pay for. The room (204) smallest room I ever stayed in. How managed get double bed remain mystery. I could honestly touch sides room walls time. Definitely bring much luggage....But.... left room spotless. Some street noise, that's expected central London location - even 5 mins walk Paddington safe area.I would stay again, may ask another room, possibly equally tiny room???!!",0.17619047619047615,0.38511904761904764,Feb 11 2008
15,15,"It's O.K. but.......... We spent third stay hotel. This stands moment. We people industry try fair sides. Our stay NÂ°1 refurbishment reopening 4 years ago. Taking account small rooms bathrooms, stay NÂ°1 O.K., even though hand basin shower leaked. One year later, stay NÂ°2, bad. Walls badly marked dirty, hand basin shower leaked (not room), bed linen worn done nothing general wear tear. We said 'never again'. So stay NÂ°3 ? We got impression tidied place put double glazing windows (the busy street bus route). From promotions, picked good price four day stay. I promised like second stay, would check-in straight away check-out. For travels use rooms sleeping avid tourist spend day half night about. We found stay NÂ°3 (Jan 08) O.K. They made efforts appear making efforts keep standards (two star level). Our shower leaked asking two days, finally gave us sheet put bathroom floor stand water. We forgotten size rooms. WARNING We recommend people 80 kgs (220 pounds). People weight problems using bathroom passing room. We region 70 kgs (220 pounds) work plan pass one another room. Think camping car give idea size room bathroom. We travel light one suite case plus hand luggage, room left room move. Positive side ....location, price (if negociated) dÃ©cor modern pretty good continental breakfast included room rate. If weight quoted, explain see help room inches bigger (or take two rooms). I think size bathroom/s same. We may stay again, find something better price location (a difficult task London). The breakfast housekeeping staff always super. Management reception quite standard.",0.07066498316498317,0.429040404040404,Jan 8 2008
16,16,good little tired Nice little hotel. Clean contemporary begining show wear tear. Blinds work shower leaks bedding getting bit tired stained.Come guys great first opened I feel getting lazy taking money.You need lick back shape.I'd still stay please take P....,0.12152777777777779,0.5791666666666667,Dec 25 2007
17,17,"excellent value I recently overnight layover London: husband booked single Boulevard I cell/i-net access range I idea expect. The Boulevard easily accessible location near Paddington Station: I arrived late evening felt safe walking alone area. I pleased room, regardless compact size. The floors built-in closet/desk/coffee shelf bright light wood. The bed uuber comfy plush comforter chilly night (the window right next head bed little draft). The bath clean cute, hairdryer small flat screen tv hanging foot bed bonuses.Before heading back Heathrow Express (which also handy), I able enjoy quick croissant, juice &amp; cappuccino (included room price) hotel's simple lobby/cafe. I plan trying Boulevard future visit London. I impressed considering economic price.",0.25062169312169313,0.5376719576719577,Nov 26 2007
18,18,"Nice trendy We paid really reasonable rate room comparison 3* hotels area. The small rooms really compact make little space really modern furnishings.The shower best ever, really warm powerful! They hairdryers room they're good, really need one take own.It's smoking hotel, can't smoke room either.Breakfast basic (toast, cereal, croissant) enough start off. The really close paddington station underground, need get taxi. There's liscense near sells everything, pubs ( beware stop serving 11pm dot) lots places get food right doorstep. On departure day, let us leave bags behind reception whilst made last hours.",0.20762362637362633,0.43566849816849806,Nov 9 2007
19,19,"Excellent stay The even better reviewsPerfect location easy access Hyde park, Oxford street, London eye etc.....It took us 15 mins Heathrow airport 24 hrs buss accessI read reviews noice street true I think reason constructed new windows double glazing sound proofI definately staff I go back London",0.25496632996632995,0.5375420875420875,Nov 7 2007
20,20,Excellent value money! Amazing value money fantastic little hotel. Just returned two night stay. The situated fantastic location approx 2 mins Paddington station. They let us keep bags final day massive plus. The reason I wouldnt give place five five fact right bus stop little noisy. The rooms tiny extremely clean. Will definately returning!,0.23075396825396824,0.7863095238095238,Nov 4 2007
21,21,"Don't waste money We, two singles (late-20s/early-30s), booked 6-night stay standard double room end Sept '07. The Boulevard Hotel undeniably fabulous location 2 min Paddington Stn but, sadly, recommend closet-sized dump.THE ROOMA steep, three-flight climb narrow staircase found us room larger prison cell. Immediately right room entrance bathroom, one 2 ft sq. manoeuvre. The sink small (1 ft wide) I wet face without also wetting feet. The glass shelf sink placed false move could bring forehead crashing it. The drainage sink poor could leave tap 15 seconds filled up, wait 5 min drain. The shower stall standard, water leaked onto floor. Without bath mat towels bath towel mop up, presented bit problem.Moving room, one finds double bed. The space beside bed wide enough one standing suitcase, space foot bed. The vanity little alcove left.CLEANLINESSThe sheets bed seemed reasonably clean, though mould near bottom shower stall little worrisome. We look use kettle provided, used one spoons chocolaty dessert one evening. We left well away mugs staff would know used. Imagine disgust pulled spoon mug use next day found sticky chocolate tip spoon. The cleaning staff also repeatedly left shower dripping tidying bathroom would return room find water splattered bathroom floor. When call made reception, staff member merely handed towel, apologies offer mop floor me.THE HOTELTwice, key stopped working door. The second time I made three-flight journey reception desk reset, staff member greeted with, &quot;Oh, let guess, key working.&quot; &quot;Yes,&quot; I said, &quot;how know?&quot; &quot;Oh, happens time. Our security system reset every day.&quot; &quot;Isn't somewhat inconvenience?&quot; &quot;It's security.&quot; I asked set I could keep opening room door duration stay, did. Clearly, set expiry time cards; set day check out?There zero soundproofing room doors. Indeed, fellow travellers could heard hallways, doors opening closing sounding own. The bathroom door large enough door frame, allowing sounds heard there, too.It needs mentioned second night, hotel's fire alarm system malfunctioned, causing alarm sound 6 times 3:30 8:30 am. The alarm consists siren sounds 30 seconds lights room turned on. The night staff failed call alarm maintenance people night &quot;they come anyway.&quot; Neither compensation apology offered.I put small inconveniences stays various hotels throughout Europe, Asia, Australia, North America. Never I come across indifferent staff. It staff members' complete unwillingness help take extra step sets apart many I stayed at.",-0.005661375661375663,0.44494708994708987,Oct 6 2007
22,22,"Wouldn't recommend. When checked room still dirty state disarray previous occupants (bed unmade etc) wait reception hastily made room up. The room accommodated little bed nothing else.When discovered head electric toothbrush broken staff advised reception day chase stay get replaced. They interested, despite - admission - fault. They reluctant shell paltry Â£7 replacement heads hang around extra hour checking rude staff went purchase replacements us (rather give us money ourselves!). The situation resembled pulling teeth rather cleaning them!The thing going price location close Paddington station underground.",0.026736111111111113,0.5305555555555556,Sep 7 2007
23,23,"great place good place. value money london. london price simply better. small room modern, wood floors, lcd tv sky, nice breakfast. great great great staff. request non smoking room mine smellt bit smoke must london budget.",0.516,0.6337142857142857,Sep 7 2007
24,24,"Great place location perfect stay My wife I stayed nights great hotel. The rooms small, given needed room put luggage sleep, great. Beds bathrooms clean. Coffee pot chocolate biscuits room nice touch. Breakfast good nice foyer enjoy hotel's coffee, cappuccino, espresso, etc. Having TV room helped catch weather day also night watch BBC offer. The far Tube stop, Tube stop (Paddington) far attractions wanted see. Across curry place, take-away fish chips, pub great beer, great atmosphere English breakfast. Plus able store luggage check early catch Scotland train later evening. Wake-up calls helped well. And hottest day England came round, air conditioner kicked quickly cooled room relief. All great place value. Would stay again.Peter Heather",0.34841524216524217,0.5725516381766383,Aug 13 2007
25,25,"Good Hotel Excellent Location When I arrived lady front desk noticed single rooms back available. She gave double basement. My first night terrible since I could hear footsteps restaurant me. The next day moved single room third floor. I must say room quite spacious single compared hotels I stayed London. There plenty room walk around bathroom well inside room. The room also closet store clothes. The entire clean looks brand new. There 24 hour front desk attendant provide guest services. One flaw a/c work full speed. I take filter feel air. The 100% perfect. But $100 night center London get spacious clean room comfortable bed, a/c, friendly service, full strengh shower 24 hour hot water. I travel every year London compared Norfolk Square Sussex Gardens, seems best bargain. One tip- faces busy street ongoing buses. Therefore request room back stay away basement.",0.19314690685658426,0.41792696550761077,Jun 7 2007
26,26,"Superb value location If looking good value close Paddington station bus routes central London - excellent choice. I stayed 5 year old felt safe well looked supeb staff. The rooms exactly web site - modern clean. They small want bed night rooms warm comfy clean. We stayed front - choice ,which little noisy ( bus stop outside) would stay back next time. Breakfast bonus didnt expect price good. Would definately go would recommend friends.",0.3188725490196078,0.46588235294117647,Jun 3 2007
27,27,If want cupboard This building series Â£90 night cupboards hotel. The rooms tiny. At best manageable one night. Book double one person expect unpack. In fact take big case expect either leave outside prepared sleep it..,0.2,0.19,May 24 2007
28,28,Excellent This best London.....i stay always first time boulevardstaff help lot..they gave girl friend free londoan maps....help us booking tours 24 hour reception friendly staff always willing help guest felt like home....so comfortabe help making phone brother tell make call using cheap calling card newly refurbish.....excellent location 2 mins talk station nice safe area.....can walk hyde park oxford street.....24 hours bus accessi surely go,0.449905303030303,0.6459806397306398,Mar 30 2007
29,29,"Basic clean friendly reasonably priced. What's like? I've staying Boulevard Hotel 3 nights week since November 2006, previous &quot;digs&quot; (The London House Craven Hill) went administration, closed kicked weeks notice.The Boulevard quite small, fairly limited facilities. It's basically bed breakfast establishment rooms en-suite. The rooms tend small side others noticed, I real problems despite 16 stone, 6-foot-2 male. The decor quite plain restful - blond wood, laminate floors, cream walls. I think building refurbished years ago definitely starting show wear tear, I'm told recently changed hands new owners process organising another refurb.I basically use place sleep I'm London work, leaving breakfast 9:30 usually returning 10 pm. There's lift stairs quite narrow, well I small wheely case backpack - anyone two weeks' luggage big case could difficult time getting room third floor. Also, storage facilities rooms huge - wardrobes particular small, might living suitcase duration. Again, problem minimal luggage.Things I like: comfortable beds, controllable heating (and air con I use yet), excellent showers (a really nice, high pressure deluge!), really friendly helpful staff, excellent location (4 minutes' walk Paddington station), cleanliness (excellent), price (reasonable). Reception open 24 hours day great, since I usually check quite late arrival night. Breakfast bit limited (white toast butter selection jams, croissants, cornflakes, orange juice choice tea, coffee etc.) arrangement small restaurant next door &quot;full english&quot; small extra fee. Not sure still going, however. To honest, picky I tend take tea bags, granary bread marmalade staff toast bread forth. Little things matter spend half life away home. :)Things I like: rooms front overlook bus stop single glazed sash windows. This means hear buses going past late night, light sleepers might better ask room back building. There internet access building - I asked, list things done, I get impression quite long way list. I find annoying since I work IT I'm used hot cold running net access times, might me. The fact floors laminate means inconsiderate guest floor really spoil evening coming late night banging around, unfortunately there's lot one - luck draw. The breakfast room (which basically entrance foyer) quite small (about 7 tables seating 2-3 people) certain times completely full wait sit breakfast - although fairness happened twice 3 months. The bathrooms (really shower rooms) room small I sometimes find difficult get close enough sink shaving, resulting water bathroom floor.Things avoid: couple rooms subject weird reverberating noise sounds like electric motor running next room 30 seconds every minutes. This kept awake I've since asked never put rooms again!So, summary, reasonably priced, clean basic bed breakfast great staff great location. A niggles, general nice little place stay.",0.04296544725116154,0.4855775970061686,Mar 8 2007
30,30,"Very small room even smaller bathroom charming! Great location price - 5 minute walk Paddington station convenient line shopping district airport link. Everything compact lifts - room smallest I ever seen could touch walls arms outstretched bathroom even tinier forehead touches washbasin toilet! The laminated flooring also proved annoying creaky. There alot noise street (all rooms face street bus stop outside - window could fully shut) corridor. However breakfast lovely fresh croissants, Danish pastries, cornflakes hot chocolate. Staff friendly helpful.",0.17777777777777778,0.5516666666666666,Feb 9 2007
31,31,Construction noise -- pneumatic drill 9 am!! There really noisy construction next door I stayed (laye August 2006) -- forget slepping past 9 am! And looked like long-term project. Also staff disorganised called 8:30 ask I checking out. I stayed two nearby hotels called Norfolk Towers Royal Norfolk found better Boulevard -- fooled included breakfast: much. Only plus Boulevard AC -- case really hot.,0.10625,0.4666666666666666,Aug 31 2006
32,32,"never We stayed couple nights room smallest I ever into,with single bed apparently called &quot;twin&quot;!The sheets towels werent changed everyday common overall room gave impresion dirty.The breakfast quite poor 3 slices bread butter jam coffe tea orange juice corn flakes,definitely worth waking 8 it.Anyways staff friendly helpful.It expensive get pay I certainly found better hotels price even less London. For sure I aint gonna stay again!",0.04456654456654457,0.4369820919820919,Jul 17 2006
33,33,"Duck Boulevard I done fair amount online research advance one-night stop London glad discovered Boulevard. My criteria: low-priced, reasonably comfortable lodging close proximity Paddington Station (and Heathrow Express). I happy report Boulevard hit right notes. My 3rd floor single 50 pounds night (booked 5 weeks advance online) met needs nicely. Yes, bedroom quite small en suite bathroom closet-like, spaces well-designed tastefully decorated. I slept okay, despite moderate street noise (ear plugs recommended light sleeper like me). The room instructions regarding wake-up call alarm clock, I set alarm cell phone sufficed. Good thing, since I needed catch 5:30am-ish Express train LHR. This easily accomplished since 5 minutes walk Paddington Station (from right front entrance station, walk straight ahead either platform 6 7; Express ticket kiosk right trains leave every 20 minutes Heathrow 5:10am on). The neighborhood decent I stayed town longer, I'd likely explored tree-lined residential area surrounding shops food options nearby Praed St. In summary, Boulevard ideal one night, especially given I solo guest, traveling light. Recommended!",0.33101731601731604,0.6676406926406927,May 30 2006
34,34,"Good Value money! After searching B&amp;B weeks, I chose one â I glad! Reading scary reviews lots B&amp;Bs, I felt âleast riskyâ. My criteria was: something within budget, Central London, safe clean. It doesnât sound like I asking much, reading B&amp;Bs, something challenge!For B&amp;B, Boulevard Hotel exceeded expectations. The staff friendly helpful. The place immaculate. The room bit small, comfortable â everything provided for. The location central. True claim, lots exciting restaurants cafes around area. A lot interesting areas (Edgeware Road etc.) within walking distance. I also pleasantly surprised quite places area offered cheap internet access. The Paddington Tube station within 5 minute walking distance.I impressed 24-hour reception service. The safe reception always manned. The staff always smile faces helpful every way possible.The disappointment breakfast. I disappointed âContinentalâ breakfast really glass orange juice, pot tea, lots toast various jams butter.Would I go again? CERTAINLY! In fact, itâs B&amp;B Iâll go whenever Iâm London. If youâre budget canât afford Ritz, I suggest stay Boulevard Hotel.",0.17611367127496164,0.5660138248847926,May 30 2006
35,35,"Give Boulevard go!!!! Boulevard Hotel perfect nights stay! The breakfast nice, tea/coffee orange juice, cornflakes lots toast butter jam. The rooms small side, clean, TV ace! Great location, friendly staff clean rooms made pleasant budget stay. Would book another stay Boulevard, I hard please!!!",0.3263671875,0.6658333333333334,Apr 10 2006
36,36,"Decent budget hotel. As budget hotels go one pretty good. The room, although small, modern demonstrates clever use space every nook cranny used something. The bathroom, yes small clean great shower. The breakfast ok, cant really go wrong toast cornflakes though! My problem one day returned room sheets changed, bed made matter. They room duvet thrown bed new towels left sitting bed. All good value Â£160 3 nights great location, get pay for.",0.22414772727272725,0.623409090909091,Oct 7 2005
37,37,"Convenient We spent 3 nights Boulevard Hotel July 15-18. We booked earlier year &amp; confirmed via email problems. We Rm 101, large double, decent bed, a/c, circulating fan, hair dryer, tiny bathroom would make airplane proud. Everything clean arrived &amp; cleaned day. Breakfast 8 - 9:30 simple, filling: cornflakes, toast, juice, tea/coffee. Every room flower box, nice touch. The neighborhood quiet lots small hotels along Norfolk Square. Praed St. several pubs, Indian restaurants, shops, St. Mary's Hospital. The walk Paddington Station quick block away -- getting &amp; Tube (Bakerloo Line &amp; others) simple &amp; painless! This good value money &amp; we'd stay again.",0.19005602240896358,0.4966386554621848,Jul 24 2005
38,38,"Fleas! My husband I covered flea bites days. They got luggage wash everything spray apartment got home. This filthy, DO NOT STAY HERE!",-0.2,1.0,Jul 11 2005
39,39,"No hot water I returned disappointing 7 day stay hotel. This actually second stay--the first March. The hot water furnace broke 4th day still fixed I checked 3 days later. While front desk staff pleasant, seem concerned everyone taking cold showers. Plus, I told couple times fixed hadn't. And management offer compensation guests (the full). I planned making London choice future trips anymore.",0.014829059829059818,0.4851709401709402,Jul 6 2005
40,40,"Dirty gross disguesting. Please Read. All I say arrived pulled back sheets night, someone clearly sex bed (their stains public hair). No one changed sheets. We go downstairs, get new sheets, change ourselves. Considering place $120 night USD, I heart attack. Horrible, small, location anywhere want hang out, take metro places London. I feel London general hard place find decently priced USD get money's worth stretch imagination, ridiculous, nearly ruined trip.",-0.11646464646464644,0.4458585858585859,Jun 1 2005
41,41,"Decent Place Stay... I stayed twice week - two days, gone two days, back three days. Although I'd booked singles times, first time put &quot;small double&quot;, let I wanted room street. The second time I got single, also back away street. (A choice I definitely recommend get it: noise difference front back building substantial.) The rooms are, um, cozy even one person &quot;small double,&quot; perfectly functional need reasonable place sleep. Each air conditioner. I think anyone's told staff need clean filters while, though - I hosed one set shower afterward box blew three times much air. :-) Turning mattress helped sleeping comfort - &quot;foot&quot; end higher &quot;head&quot; end, I turned around (no small trick single-sized room!) remade bed. Rooms come towels tiny soap bars: flannels (washcloths) shampoo - bring own. Housekeeping OK - I certainly describe &quot;dirty&quot; all. Noise adjacent rooms noticeable obnoxious, surprise budget hotel. Norfolk Place several great bus routes - coming back contral London 15 bus drops right across street hotel, going toward center picks right around corner. (Norfolk one-way street...) Breakfast corn flakes, white toast, tea coffee, orange juice sort. Perfectly decent, staff helpful. I thought area fine - lots restaurants pubs, newsagents, Paddington station nearby, etc. Edgware Road Oxford Street easy walk, Hyde Park. The day I left I got 0450, Heathrow Express Paddington 0510, inside security Terminal 3 0550. Very convenient.",0.20180500440917112,0.42697310405643746,May 30 2005
42,42,"Very small We stayed 4 nights, must say, room bathroom smallest one world. It wasnÂ´t clean sheets broken... The location isnÂ´t bad.",-0.23708333333333328,0.6241666666666666,Apr 20 2005
43,43,"Maybe One Best Bed I stayed friend 4 nights week ago. We booked one double bed 51.00 GBP per night special discount rate. Room: As many people said, definately big - Yes indeed small small. The bathroom also small. The bed big enough sleep 2 adults. The room decorated IKEA style - moden. The room clean provided new towel bedding sheets everyday stay.Facility: Room has*coffee/tea maker (but never used kettle dirty use)*hairdryer*flat screened TV (which least 20 channels)*wardrobe*air-conditioning (it working maybe April stayed)*shower/toilet (shower powerful able get hot water anytime)Breakfast: We breakfast 1st morning. The breakfast simple- 5 slices toast (for 2 adults) jam/butter, glass orange juice, cup coffee/tea. But also cereal (optional). Staff: Friendly helpful. Reception open 24 hours.Location: 5 minutes walk Paddington Station. There many restaurants nearby area - American, Chinese, Greece, Indian, Korean, Fish &amp; Chips, KFC, etc.... In overall, I would recommend people stay B&amp;B. I guarantee dissapointed.",0.08333974667308001,0.4548244348244348,Apr 17 2005
44,44,"Excellent value location Stayed Boulevard Hotel Praed Street 5 nights March 2005. The location excellent--a couple short blocks Paddington Station. The rooms typically small bathrooms even smaller, clean. Each room air conditioning hair dryer. Breakfast pretty sparse--tea, coffee, toast dry cereal. Overall, terrific value price. The staff helpful friendly. They store luggage arrive check-in. The downside lift, carry luggage many flights stairs (up 4 floors). There great sports pub corner called Fountain's Abbey. Good food reasonable prices.",0.26156250000000003,0.6224999999999999,Mar 24 2005
45,45,"Small cozy I spent week Boulevard June 2004. I found convenient location. While room small, contained everything necessary comfort - including air conditioning- room immaculate. Everyone staff helpful.",-0.09999999999999998,0.49166666666666664,Jan 6 2005
46,46,"Very Accommodating! For first trip Europe, Boulevard Hotel delightful comfortable place stay. Our rooms tiny, manageable. My sister I looking affordable, safe place stay, found one Boulevard Hotel. The rooms clean, except comforter, never used. The bathrooms also clean, small. We problem shower, staff fixed problem morning everything fine. But worry hot water times. The best thing take shower night early morning, preferably 7:30 am. The rooms air condition quite selection tv channels, fun fall asleep to. Because located accessible location buses tube, noise outside. That actually much problem. We slept window cracked open, noise bad. Also, transportation within walking distance, never problem waiting bus long. The continental breakfast also lovely. It light, filling breakfast, included price room, great price. I say miss jam orange juice...they really good. And overall, staff excellent. They kind, accommodating, personable, overall pleasant. We would definitly stay again!",0.3134408602150537,0.5052150537634408,Nov 10 2004
47,47,"Great Value! We stayed Boulevard 5 nights summer, great experience. Yes, rooms TINY, since spent time town, bothered limited space. We especially liked location - minute walk Paddington Station, lots fast food grocery stores nearby. Our room clean tidy, staff accomodating &amp; friendly. London expensive town, nice find safe affordable budget option. My one complaint buses rumble right past day night. The solution? Get room facing back, wear earplugs like I did.",0.26347117794486213,0.5541353383458647,Nov 9 2004
48,48,"A good value London My wife I enjoyable 4 night stay small double Boulevard June 2004.Yes, room small - that's expected London. It clean, comfortable well-furnished. The bed comfy, sheets clean. Blonde wood furntiure flatscreen TV gave place modern / contemporary air, contrary &quot;Ye Olde England&quot; decor London hotels aim for. Our room relatively quiet, away front. However, meant view window straight room across way. Just remember close curtains undress!The ensuite bathroom is, others described, little closet. A little acrobatics required move around there. But newly tiled, clean functional.The aircon unit room removed reason. In place ill-fitted piece concrete. Thankfully hot need it. Otherwise, took away overall charm room.Staff friendly helpful, front desk staffed 24x7. Breakfast quite decent consisting juice, toast tea/coffee. Location superb minutes stroll Paddington Station, numerous buses around corner. A pub fish &amp; chip shop across road. Some lovely Indian restaurants around block internet cafe 20 metres road.All up, nice great price London. We'd stay again.",0.23168377321603126,0.5006842619745846,Nov 9 2004
49,49,"Little Disappointed I reservation stay 5 days mid August - needless say, I stayed three. It first experience hotels London. Yes I fully expected small reviews written here. The size really bother much, I find clean. The walls room incredibly scuffed suitcases various things banging years. There left wrappers small garbage items corners room. Hair crumbs floor. And top off, sort stain bed sheets. Oh yeah, top comforter looked like washed 30 years! It stayed floor whole time I there. Didn't even want sit it. The dirt stains incredible! The plus - I paid housekeeper 2pounds put clean sheets bed. And did. She understand word English, I figured money would talk. The AC aweseome! It humid muggy mid August, coming home cold room great. And shower wonderful heat water pressure, rare London. The TV nice comfort well.My advice travelling London Europe first time North America - This NO WHERE near Best Western Days Inn familiar with. Customer service different here, cleanliness standards much lower Canada US. Stay location, cost hot water - stay far away bed comforter - could catch disease thing!",0.16962719298245615,0.5468859649122808,Nov 3 2004
50,50,"Great Location We booked advance confirmation venere.com two large double rooms, arrived reservation us, 24hour flight that's want hear!The best could, consisted two tiny rooms. On upside rooms clean location great!Overall great value money London! Just remember check reservation days before!!Also, Frontline cafe couple doors good food.Cheers",0.3835396825396825,0.46274603174603185,Oct 4 2004
51,51,"Cheap pleasant I also read review stay night September 11 2004 believe bathrooms could quite small! bathroom parents caravan bigger! room clean nicely decorated 'new / clean' smell it. We given large double error booking, see americans slated rooms much, larger average probably feel extremely claustrophobic. I would definately recommend cheap short stay, cannot expect palace cheap price! The location brilliant, 10 minute walk Hyde Park. Staff friendly really flexible check times",0.1949916371507281,0.582262888626525,Sep 28 2004
52,52,"Cheap Cheerfull I stayed 3 nights boyfriend. I read reviews b4 going still didnt think rooms would bad. I wrong!!! The rooms TINY!!!. The good thing rooms nicely decorated excellent location! We got hour early still let us check in. When got room hair floor even bed!! We small double room nowhere near big enough 2. You cant move bathroom, like aeroplane toilet! The sink small barely manage wash face it!If thinking staying I definately recommend book large double(im sure much bigger would be!). Also request room back noise front terrible, keeps awake night!(its 24hour bus route)I would recommend stay looking cheap basic NOT planning spend alot time in&gt;",0.0063461061507936595,0.5087136243386243,Sep 11 2004
53,53,"Nice! I stayed two weeks boyfriend. I large double room, large! It little, nice, great television optimal AC! The shower big place room! Unfortunately two days hot water, problem suddenly resolved.It enough clean, even one day forgot enter room, without cleaning. The really bad thing ever change sheets, 15 days...Breakfast ok, bread butter jam, tea, coffee, milk, chocolate (don't take chocolate, terrible!), cereals orange juice.The well located, 5 minutes walk Paddington station Tube.This cheap nice, rare thing London.",0.13659361471861473,0.6806277056277056,Sep 1 2004
54,54,"Wonderful charming.... PERFECT!!!! I understand reviews place. We stayed 2 weeks, everyday PERFECT!!! They let us check 30 minutes early, reserved room back (as I requested), breakfast time, delicious, filling free, plenty hot water EVERY morning (that's rare UK), great satellite TV, AC (also rare), great location, staff first rate importantly... clean!!!The staff friendly, helpful, cheerful hard working!!! I stayed many hotels, far, best!!!! I'm picky!!!! I like everything clean.... could say I issues. lol Room cleaned DAILY! AC worked worked well. The 14 days there, weather muggy kept AC day out, came home nice cool room. TV much better hotels... great stations (I believe 10) reception great! Hot water shower EVERY morning!!! A huge plus rare!! Breakfast served 8:00 - 9:30 every morning!!! It consists cereal (if desired), basket toast (5 pieces cut half) may refills needed, orange juice, coffee, tea, milk, water hot chocolate daughter said best she'd ever had!!!Now, people complained rooms small... true, however, building surrounding buildings, built hundreds years ago... (England, especially London old) say even shower impressive, one works without constant repair amazing!!!Now fish chip shop across road... called &quot;Mickey's Fish Chips&quot;... DELICIOUS AND VERY WELL PRICED!!!! One order chips enough feed two people 1 pound!! The cheeseburger 95 pence!!I know review little long, I agree last reviewer, need &quot;understand going get&quot; fully, make mind!!! I trouble recommending place anyone!! I guess can't please guests, worry negative reviews.",0.3507991536458333,0.6355208333333334,Aug 20 2004
55,55,"Cramped Clean We stayed calls &quot;Large&quot; double room. The positives: flat screen TV best quality reception places stayed European vacation, neat modern blond wood flooring, $100/night, fair continental breakfast good service (the breakfast room small may wait bit table). The negatives: tiny, tiny bathroom (do drop soap, able pick up. Think airplane lavatory that's is), elevator (the stairs narrow equally cramped - thank God second floor), frills amenities, one side bed pushed wall allow room walk bed side room.In summary, bad room price understand going get.",0.1787037037037037,0.4245370370370371,Aug 2 2004
56,56,"Very good job! Bravo! Really good hotel.Very compact rooms well planned furnished IKEA-style furniture incredibly good price quality. You pay much less hovels Victoria spotless en-suite room complete flat screen satellite TV, A/C lot. In addition, well located, next Paddington Station really good chippie! If managed well, good greatest competitor new EasyHotel have. Breakfast continental however, anyway gives English breakfast London days?",0.38712121212121214,0.41615800865800867,Jul 21 2004
57,57,"Clean We stayed 2 nights short trip London March 2004 enjoyed it. The rooms indeed small, hey, tourist spending overwhelming part time discovering town, I think issue, much less b/c beds comfortable. Unless, course, fat, instance risk getting stuck door foyer. The room clean bathroom well-equipped. The location excellent, staff nice friendly breakfast satisfactory. Having B&amp;B'd whole United Kingdom over, I think price, reasonable deal budget-travellers get Central London.",0.30083333333333334,0.6154761904761905,Jun 21 2004
58,58,"OK want cheap Stayed Boulevard June 2004. Like everyone else said, rooms small - amazing cram 36 rooms small bldg! Because family 4 two rooms - adults basement kids second floor. Air conditioning worked - 2nd floor room hot stay. Hallways tight make sure luggage easy manage. Not cleanest place I've ever stayed. I would suggest plan staying rooms length time, OK need relatively cheap place sleep. It near tube buses easy get around. Also, fish chips place across street good.",0.23974089635854345,0.5624276377217553,Jun 13 2004
59,59,"Terrible Room horrendous tiny little box, litteraly 6ft X 8ft bathroom shockingly small, incredible, manage fit promise obviously former closet amazing. also near bus stop onwer feels compunction yelling loudly foreign tongue hours night.at least location excellent tv channels english hotels reason cheap good location.",0.1798611111111111,0.5180555555555555,Jun 8 2004
60,60,"Tiny nothing little coordination can't handle It took us hour find (which 5-minute walk Paddington) oops. Tired &amp; grumpy long flight, ecstatic finally find (turn left get Paddington Station &amp; second street right). Unfortunately, let us check 2 hold luggage got lunch. Since lifts, two us (girls), packed enough 3 wks 1 wk stay, struggled luggage steep &amp; tiny stairs (PIVOT). Our battle stairs humorous enough, room even funnier. Seriously, 15x7 best. I could lay across bed &amp; touch walls. We room front building, loud, helped us get morning go sightseeing long nights London. The bathroom tinniest thing ever. While washing hair, almost guaranteed bruised elbows washing face takes mad coordination skills. Somehow, able contort around room throughout week. Breakfast pretty much coffee toast. This definitely part &quot;London Experience&quot; clean, cheap &amp; memorable. Who could ask more?",0.09448260073260073,0.5972069597069597,May 27 2004
61,61,"Cheap moderately comfortable. The Boulevard conveniently located two blocks Paddington rail tube stations. The rooms small, en suite bathrooms even smaller. It bare-bones, price can't beat London. The breakfast corn flakes, coffee, toast uninspired, filled void saved cost extra meal expensive London.",-0.034374999999999996,0.67875,Apr 28 2004
62,62,"Compact Clean bargain! Great value money.I stayed single Boulevard Hotel last week four nights. Considering London costs getting really date, albeit QUITE small room, central London great. Situated short walk Paddington Underground station, I trouble getting anywhere I wanted city.The room clean small. My room located interior, window facing sort tiny courtyard. It let light view, I also notice traffic noise others mentioned. If planning spend lot time room, might little claustraphobic. However, if, like me, intend spend trip exploring city, perfect.I can't comment breakfast I morning breakfast served. The staff courteous helpful I asked, example, wake-up calls. Would stay again.",0.20388655462184874,0.47829131652661067,Apr 28 2004
63,63,"Cheap clean well located Boulevard real bargain London: cheap, clean well located near Paddington tube (4 lines).We booked small double room 2. Of course, rather small smaller student room (so I used it). There's bed shelf it, small table, cupboard, drawer desk stool. It's great one's bathroom, even small. The breakfast perfect us staff friendly. The room cleaned everyday.The problem noise street. Rooms front front busy bus stop noise really annoying night.Something know: three floors without lift!",0.14254166666666665,0.5695,Apr 26 2004
64,64,Terrific choice budget travelers,0.0,1.0,Apr 22 2004
65,65,great location clean,0.5833333333333334,0.7250000000000001,Apr 13 2004
66,66,Small rooms right,0.01785714285714285,0.46785714285714286,Apr 5 2004
67,67,Great price,0.8,0.75,Mar 11 2004
68,68,Nice Inexpensive Place!,0.75,1.0,Feb 24 2004
69,69,Real Bargain By London Standards,0.2,0.30000000000000004,Oct 27 2003
70,70,Great 'modern' hotel!!,0.55625,0.525,Sep 10 2003
71,71,Sconsigliato,0.0,0.0,Sep 8 2009
72,72,Lo consiglierei,0.0,0.0,Jul 31 2008
73,73,Buen para ir Londres,0.0,0.0,Oct 30 2007
74,74,Aceptable para su precio,0.0,0.0,Oct 3 2006
75,75,angemessenes Budget-Hotel,0.0,0.0,Sep 26 2006
76,76,Amateurs de la propretÃ© hÃ´tel Ã Ã©viter...,0.0,0.0,Sep 24 2006
