,Unnamed: 0,Reviews,polarity,subject,Dates_extracted
0,0,"Location. Location. Location. Too bad itâs dump. You get pay â¦ itâs cheap. And shows upkeep. Hotel Proâs: Location â youâre 5 minute walk Bayswater Queensway Tube stations (making easy get anywhere city) beautiful Hyde Park (great people watching relaxing). Hotel Conâs: Size â I donât care room small, Iâm sleep. The bathroom different matter. The entire thing tile (floor, walls) shower curtain middle floor sort slopes towards drain. After shower youâll standing puddle brush teeth sink. Everything damp including TP roll. Cleanliness â I clean freak. However certain standards ought met hotels. The Annur stains carpet, stains bedding (I donât want know â¦ slept top covers gross), water stains ceiling, lack fresh towels (considering bathroom â need towels everything damp shower), window wouldnât budge stayed open whole time. Continental Breakfast â 3 types breads (with toaster), 3 kinds cereal, milk, coffee, jam. No fruit, vegetables, meat, eggs. If donât love toast cereal â opt paying extra breakfast go get real food elsewhere. Would I stay again? No. Would I recommend mother? Most definitely NO! Would I recommend others? Only incredibly broke, fifthly, generally people Iâd want stay touch with.",0.1845825984714874,0.5531599059376838,Jun 12 2009
1,1,"Poor cheap - acceptable From outside looks good. The location good - area around excellent access tube. In dim distant past probably good (under different management different name).It clearly little investment years (though several large heavy boxes something arrived lobby stay - may good sign). It also precious little maintenance years - however room sleepable bed, functioning bathroom. Carpets stained (some dirt stains, bleach stains really stubborn dirt stains removed). The phone seem work, concern us. The room small - luggage short stay, long one, OK too.Lift Out Order - narrow staircase used. With light luggage floor 2 OK. With heavy luggage limited mobility would nightmare. Other reviewers also say lift order, seems long term thing (unless boxes lift machinery).Another reviewer noted heat room cold. When arrived room's heat also, thermostat valve end radiator - room cleaning probably switch clean. If recognise is, heat stay - UK visitors recognise it, others told unless ask. When turned valve on, room rapidly became warm enough, eventually got level right.Staff pleasant &amp; helpful - They let us check hour late problem extra charge. Staff also problem us bring back take-away food late night eating breakfast room (did mention rooms small?) provided cleared ourselves.No review breakfast slept late.In summary, adequate 2-3 days - low price, good location accommodating staff.",0.1421412374473599,0.5062698412698413,Nov 18 2008
2,2,"You get paid HiI've come back hotel. I know reviews negative. However, I would challenge anyone else get triple room Â£60 night Bayswater area.At end day, maxim &quot;You get pay for&quot; really applies here. Our room fine. Had clean linen towels. even colour tv! Having hot running water (albeit noisy pipes) good.We needed place lay heads night, long days sight seeing.The staff helpful allowed us chose number rooms ended picking nicest one. Some rooms pretty awful.This place going closing end November. It building owned Sultan Brunei - converting 10 luxury flats.The key negotiate price right receptionist. He (Stancho Malik) willing give room knock price - however, time running hotel.",0.10130511463844794,0.5353483245149913,Nov 10 2008
3,3,"Disgusting !!! The absolute disaster !! Smelly, dirty. Tiny rooms unclean. Bathroom toilet - well, worlds describe, absolutely hygienic standards . Breakfast served unfriendly lady lack cleaning everywhere. So donât want ruin impression London, donât even think stay place.. I really donât understand got even 2 stars authorities responsible look hotels keep standards donât close !",-0.04684343434343438,0.5217171717171717,Nov 3 2008
4,4,"Forget It Keep looking I read reviews booking 4 nights thought bad, I wrong!I room 5th floor advised lift currently order, looking sign elevator order time. After finally carrying bags 5 flights stairs I left explore London. I arrived back approx 9pm find TV broken phone room contact reception I decided I would read, 2 minutes turning light I darkness I sure I going stairs again.Following morning I reported problems, light fixed TV never attended to. I checked early found rate &quot;The Ritz&quot; compared disgustingly dirty hotel. On upside majority staff helpful.",1.1895246692412391e-17,0.46289682539682536,Oct 20 2008
5,5,"Ignore reviews!!!!!!!!!!!!!!!!! I booked hotel, 3 night stay,then read reviews, Big Mistake. Most reviews accurate. Ok 4 star paid budget one thats got. We paid around Â£86 per night double room bed breakfast, I paid alot 4 star hotels poorer standard hotel.The staff friendly helpful. On arriving An-Nur offered room told little small, like could choose another one. If nothing said would happy take room, choice offered took it. After looking 4 rooms picked one fifth floor. The lift working ,but fit healthy climbing five flights stairs problem.The breakfast consists cornflakes rice krispies, toast breadcakes. Tea coffee available day.. The shower room worked well hot water time. Towels changed every day. The carpets rooms stained vacuumed daily.An-Nur prime location close 2 tube stops. Kensington Palace Hyde Park short walk away. The area close good selection places get good food.The next time I go London I stop An-Nur again. You pay budget is.",0.1952380952380952,0.46706349206349207,Sep 20 2008
6,6,"Disaster The receptionists kind. Elevator broken, climbe dirty stairs four floors every day. The carpets meet quality zero star Bombay. We think London authorities close hotel.",-0.07333333333333332,0.7333333333333334,Jul 26 2008
7,7,"A Disgusting Experience We stayed An-nur Saturday 19th July see West End show Lord Rings last night Musical Show.Ok I know cheap I would expected price.I never disgusted dirty hovel Hotel, I shall finding I contact London regarding ths flea pit. The room self filthy, carpets disgrace one vomited floor past cleaned carpet properly left dry. We allocated room sixth floor right top hotel, lift working climb stairs top hard going, good thing small bags suit cases haul flight stairs.The rooms smoke alarms fitted ceilings Fire Regualations Fire Alarms corridors case fire. Also climbing room, stairwell fourth floor blocked rubbish etc wall, hazard case evacuation Hotel.The room drab paint walls discoloured cracked. The shower something third class rated dump.And Breakfast morning joke, called Continental breakfast, disgusting, rolls, toast ,cereal, tea coffee, meats cheese, included Continental style breakfast, orange juice.The jam marmalade large bowls help spoon each, unhygienic start, contravened,Food Hygiene regulations.I would stay Hotel ever would advise people same, I know cheap get pay cost Health Safety.But I find I contact report broken Fire Regulations Hotel.",-0.08511904761904761,0.4829506802721088,Jul 22 2008
8,8,"NOTfor Americans We arrived exactly one month day Sept. 11th. (despite dates say) Being Americans, clearly Muslim owned hotel..we Christians there, rooms complete little arrows ceiling pointing towards Mecca.. besides filthy..very uncomfortable situation able change hotels would have...",0.03750000000000001,0.594047619047619,Apr 4 2008
9,9,"expect much When checked in, receptionist let us choose room 2 2 different types(double/twin). That kind them. The double room tiny. You could barely walk around bed. Its bathroom tub. Dirty carpet. The next twin room abit larger, 2 twin beds. One bed blocked closet doors, push one bed away closet everytime.... Bathroom tub good hot water pressure. No shampoo/conditioner. But door open way. It opened inward stuck toilet. I lucky slim enough squeeze outof tiny bathroom. Bed linen worn shabby. Didn't want walk barefoot inside room. noise next door sometimes disturbing. Breakfast nothing rolls (jam&amp;butter), cereal milk, OJ, Coffee Tea. We eat much stay. However,very convenient location. Bus stop 1 min away. 24hr bus also runs. 2 Min Queensway Tube station. Bayswater station also short walking distance. There lots restaurants, pubs shops around Queensway.",0.06,0.4341666666666667,Mar 13 2008
10,10,"The worst ever! I stayed 3 nights worst experience ever. I never write review hotels, this, hotel. Since I backacke bed uncomfortable bed. The toilet everything dirty. It nightmare!!!!",-0.5055555555555555,0.7166666666666667,Feb 15 2008
11,11,"Stay Away From This Dump!! UGH! The rooms paper thin walls, room size childs bedroom bathroom kindve wetroom lukewarm piddle water shower! I know sounds extreme stayed 2 nights, rate low want trapse area looking better accomodation (although several area) Do favour trust reviews site. IT SUCKS!",-0.08928571428571429,0.475,Oct 24 2007
12,12,"We wish seen site booked All reviews truly describe disgusting state &quot;hotel&quot;.It small shabby, double bed single room, bathroom really 'wet room'.We feel sorry staff work surely get another job better hotel.The breakfast basic, call continental breakfast trade description act - roll/toast, cereal, diluted fruit juice.This type &quot;hotel&quot; gives bad impression hotels neighbourhood outside look lot appealing.Under circumstance would recommend staying DUMP anyone.D L",-0.09795918367346938,0.46391723356009074,Aug 16 2007
13,13,"small dirty one moan hotels, feel ought give opinion hotel, ok cheap, good part city, dirty small, light fittings broken, TV, carpet filthy covered bits, bed sheets clean top cover dirty cigarette burns it, bathroom also small fairly clean, toilet seat broken, cost us Â£58 per night room, filth expected amount money? dont know decide,",-0.0725,0.5844444444444445,Jul 27 2007
14,14,"tiny!! This definitely worst accommodation we've stayed in, I'm sure smallest. The room small single room two beds squeezed it. The bathroom also tiny, shower basically nozzle wall toilet, got whole room wet showered. There water pressure water temperature never crept tepid. The room bathroom quite clean everything worn old appearance, e.g. bedspreads tears them. The carpet hallways appeared covered old drops white paint plaster.The lift tiny, slow old.Finally, breakfast pretty basic. Toast cereal, tea, bad coffee cheap (i.e. fake) juice that's offer.On plus side, staff quite nice, location good since booked discount website, price OK too.Don't stay place want sleeping there. It romantic also room work study. This absolute bare basics budget accommodation easy-going traveller.",0.07231950844854072,0.49951100870455706,Jan 7 2007
15,15,"An Nur - No Way We returned weekend London. I honestly say never terrible expereince!For duration stay heat, hot water, staff inform us ongoing problem sufficent time us rrelocate.The rooms tiny, poorly furnished dire need redecorating. The bathroom looked never seen cleaning product. There light one beds held together masking tape!Location wise spot on. Everything else.....dont bother!Avoid like plague!",0.10625000000000001,0.74375,Nov 22 2006
16,16,"Disgusting What disgusting dump! Nothing functioned, even elevator, everything old filthy, service all. The matress' springs poked beds. The worst place I ever stayed in, left one night even though payed two, glad to, get away!",-0.43928571428571433,0.7428571428571429,Oct 27 2006
17,17,"Baffled positive reviews An-Nur I picky budget hotels. I stayed comparably poor hostel London two weeks prior much less money. You deceived cleanliness facade lobby cleanest aspects hotel. My wife I stayed An-Nur July 27 July 31, last 4 nights two week trip England I felt suckered booking DUMP reading dishonest reviews another website. We paid $108 night, I realize nothing London July. If I already paid, I'd never stayed here. Pay sleep well. The staff nice, dump. I wish I could seen rooms people written positive reviews website referring to, I understand anyone say anything positive facilities themselves. The disgusting. Stains everywhere lobby. It's kind place makes feel dirty moment elevator doors open onto floor. We stayed room first floor. It DISGUSTING! The sheets, towels, bathroom counter things clean hotel. You want sit bed walk without shoes floor. There telephone room, BUT work. Not Safe. There drain middle bathroom floor whole bathroom serves shower. You LITERALLY sit toilet take shower time. The shower sprays toilet would fill left lid showering. The shower &quot;curtain&quot; close shower head practically wrap like cape want prevent soaking disgusting, worn, moldy, bathroom floor, (which incidently floods take shower.) If I persuaded NOT stay here, I think anything will. Bring flip-flops shower. Better yet.... Just stay hostel save money. This one sad hotel. Never ate breakfast reading reviews, sure heard everyone else eating atrium window 6:30 am. Believe reports loud garbage collection An-Nur Hotel. The Thisleton Kennsington Gardens Hotel around corner (probably &quot;real&quot; hotel) dumpster outside windows back An-Nur Hotel staff throw bags empty wine bottles late early hours 1:00 4:30 stay. Garbage collected woke us 6:00. Hotels comparable one line street , Queensburough Terrace, look stay here. Pay to, please DON'T STAY HERE. Please. I feel bad staff work dodgy establishment. ----Josh, California",-0.03907496012759169,0.4982522594364701,Aug 8 2006
18,18,"Don't get know Anna Our travel agent booked us London. Although location convenient two tube stops little else good say. Read reviews, would concur. The rooms hot, extremely small, carpets walls dirty, non-working phones, small television three channels. We two rooms wife three older children. The salvation gone day. I travel lot business far worst I ever stayed in.",-0.05798611111111112,0.6465277777777778,Jul 22 2006
19,19,"Good location film makers making movies London On arrival London evening 29th June , girlfriend checked told power fault floor room situated , would move hotels . She subsequently told undergoing refurbishment. Other people checking successfully ( notably large party Japanese tourists ) We moved across road, Hotel An-Nur. This grubbiest I misfortune stay in. The floor room located filthy carpet stains room . The room extremely small , broken curtain rail. There cigarette burns curtains. There coffee tea making facilities , stains bathroom shower floor. Really unacceptable .. girlfriend stated, like film location intravenous drug users .I went across original asked alternate accommodation. I told full &quot; due Wimbledon &quot; , hotels/rooms available. I asked guests able receive rooms booking made two weeks earlier, secondly attempt made either email phone inform situation. No adequate reponse given. We choice stay room, speak day manager following morning.The day manager helpful, apologised , informed us compensation would available website . We patrons made complaints An-Nur moved.Copy complaint booking website..I received 22% compensation cost :-( My heart goes newly weds previous review bad luck stay .",-0.029376503126503126,0.41008537758537755,Jul 15 2006
20,20,"YUCK My husband arrived 11 hours travel, honeymoon, expecting much, high maintenance all, place awful. I like say negative things, say, stay ANY desire enjoy ANYTHING stay. May well hostel. The rooms tiny, OK mind stubbing toes everytime try move all! The phones work all... let use phone. They lock doors night sign says ring bell enter door locked...NO BELL... sleep couch hopefully hear get back. It nice experience.. breakfast, great like stale bread rice crispies, ALL choose from. Not mention OVEN hot little box room, window must remain WIDE open hopes breathing, which, turn, leaves restless night sleep, constant LOUD garbage collection...just NOT anywhere near ideal. I suppose mostly upset fact advertise newly remodeled phone/internet, etc... NEVER remodeled, asked certain rooms remodeled, laughed said &quot;no, remodel, rooms same&quot;...don't go unless planning hostel booked....worth spending extra dollars go anywhere else....our humble opinion.....the newlyweds...",0.12300574425574425,0.49997335997336,Jul 5 2006
21,21,"Cold Showers poor service Ok expect much cheap hotel, whilst location good nothing else good hotel. We charged parking Â£20 24 hours sent road mate concierge park, could parked road free did'nt realise untll left. We hot water entire stay. So endure stone cold showers bathroom nearly stand toilet shower little room. We complained cold showers reception, seemed like new well case could nothing help us, apart say booked stay would give us discount. (I think so) The rooms terrible, decor falling off, road noise bad, lift feels like needs replacing falls off. The staff, whilst tryiing quite hard, struggle converse English.I would stay again, cheap, cheaper better value",-0.00987276612276612,0.5587218337218337,May 22 2006
22,22,"I sure WOULD stay AN-NUR We stayed Sept 30 thru Oct 6. The staff cordial rooms clean. The Continental breakfast good adequate. There many ethenic restaurants nearby also several tube stations within several blocks. Kensington Palace short walk shopping center several blocks away. It convenient location. The rooms small, plan sightseeing day, fine. The bathroom unique arrangement facilities. It takes adjusting to. Steve Linda YoungFloridasty39@hotmail.com",0.2594791666666667,0.4270138888888889,Oct 29 2005
23,23,Best value basics If expect much price pay disappointed. The rooms/decor falling apart rooms extremely clean. Breakfast expect price. The staff exception breakfast staff (who smile) best i've experienced - happy helpful. This try rip like many others. Great location. I make regular come London. RobNZ,0.47424242424242424,0.506993006993007,May 3 2005
24,24,"Would stay An-Nur I travelling London larger group many stayed London knew expect cheap hotel. We chose since advertised tour-operator catalogues thought least somekind guarantee Hotel quality. We wrong - I seriously wonder really checked travel industry people sell tourists. Staff seems speak many languages, except English. Stairs hard climb suitcases. Rooms lousy - even &quot;London standards&quot;. Yes, bathroom really tiny, I guess cannot expect anything else room shoebox size. One colleague mine even sleep hat - window broken could closed even night. The breakfast deserves hardly called &quot;a breakfast&quot;: mainly coffee bread, much else. The location good, consider paying pounds get real hotel.",0.007142857142857152,0.4277777777777778,Apr 17 2005
25,25,"Noooo! Booked An-Nur virtue price, favourable reviews website. Whilst worst budget hotels London, I'm certain better, even price. The first room I allocated curtain rail immediately fell head upon closing curtains! The second room little better (ie. nothing fell walls) rooms (and bathrooms) tiny, terribly 'tired' shabby - whole place dire need thorough refurbishment. On plus side, bed linen bathrooms clean (despite condition) location handy - couple minutes' walk Queensway Tube.",0.08761599511599513,0.5541269841269841,Apr 5 2005
26,26,"A work-out I stayed An-Nur 21/03-25/03, well, interesting. Me friend stayed twin room, smallest twin room I ever encountered. This small even London budget hotel. But small manageable. The bathroom even smaller. You could sit toilet showering brushing teeth. When showered water got everywhere, way drying it. Mind you, get money's worth An-Nur. It cheap. We paid Â£84 4 nights. Our view parking lot alley, best, cudos possibility sitting ledge window. TV 7 channels good reception nice. Breakfast cereals, white bread jam cheese, croissants rolls, milk, apple- orange juice. Staff friendly. + snack machines lobby. - elevator out-of-service. We lived 5th floor, carrying 15 kg suitcase 5 flights stairs hassle. So carrying whole bunch shopping bags wearing high heels. But also good thing seeing could piece cake lunch work walking back room later. ;)",0.27134259259259264,0.4388888888888889,Mar 26 2005
27,27,"Nothing fear! I stayed wife 17th-19th Dec.-04, last stay 1992. The room/bathroom small bit worn, clean tidy. The breakfast area nice, food OK.Our room 6th floor, elevator order got good exercise well. Cheap (to London). Good value money. Helpful staff.",0.3895833333333333,0.6083333333333334,Dec 20 2004
28,28,"Great forget bathroom The staff great humorous, excluding rude Russian(?) breakfast staff. Location also excellent two subway stations nearby, offering access three metrolines. Breakfast better I expected jam toast style continental breakfast, however sign meat fruits... Beds nice sleep TV watchable channels. But bathroom - I guess Brittish bathroom designers must still living dark centuries past. Otherwise cannot explained, bathrooms tiny room take shower one manages that, bathroom floor wet rest stay water go drain nothing dry it.",0.23095238095238096,0.5821428571428572,Oct 31 2004
29,29,"Small rooms On arriving staff friendly evident stay. We lovely continental breakfast hot coffee, croissaints bread rolls cheese lovely light airy conservatory. Everything really clean.On downside. We really looking forward stay London An Nur seemed fit bill. What disappointment. The room given small (about 7ft wide narrowing 4ft door way accomodate ensuite.) The cupboard store clothes door 2 feet wide. The mirror missing wall bed area leaving 2 screws. We chair side bed moved get cupboard bathroom get room.I climb partner every night get double bed one bedside lights order. At foot bed telephone tv wide window sill. The window large making room light despite net curtain breakfast room.The shower toilet area also small. I short found uncomfortable shower small area. I kept knocking toilet tiled walls feel cold shower curtain never pleasant.Despite niggles - On positive side: - Yes opposite Kensington Gardens either stroll along Diana Memorial Fountain walk way see Peter Pan. It Big Bus Co. City tour stops road end. It tube line cafe culture feel highstreet local Bayswater shops cafes. Walk along road Notting Hill. Well situated exploring.All bothered big room going affect stay, An Nur suit you.",0.013172750672750672,0.40240610740610744,Oct 4 2004
30,30,"Great Staff A Nice budget manages combine great location, near Bayswater Paddington, good facilities, wonderful staff reasonable price. Something hotels area manage do.Facilities adequate rooms coming equipped walk shower TV manages get watchable satellite channels (such Sky 1) opposed usual Eurosport norm price.The real acid test 'would I willing stay again' answer would definately yes.",0.3441025641025641,0.5664102564102563,Jul 6 2004
31,31,Evitatelo!!,0.0,0.0,Oct 7 2009
32,32,Squallidino!,0.0,0.0,May 29 2009
33,33,Abominevole,0.0,0.0,Nov 17 2008
34,34,Se lo conosci lo eviti,0.0,0.0,Nov 2 2008
35,35,Ci siamo trovate bene!,0.0,0.0,Jun 16 2008
36,36,Schrecklich furchtbar schmutzig...,0.0,0.0,Sep 16 2007
37,37,Mieux que le camping ? Ã peine !,0.0,0.0,Nov 5 2006
38,38,Katastrophale ZustÃ¤nde,0.0,0.0,Mar 26 2006
