,Unnamed: 0,Reviews,polarity,subject,Dates_extracted
0,0,"GET REAL stopped reason people do; THE PRICE !!!hotel IS dated tired decor wise,accomodation adequate,everything worked should.heating great,towels changed daily,as family 5 cost us Â£64 per night,cheaper travel lodge!!,in heart london,2 mins tube,would stay again? DEFINITELY, want luxury stay hilton ritz pay extortionate rates,if want somewhere cheap get head end hard day? placeexcellent helpful staff,come folks GET REAL aint getting anywhere cheaper better value money",0.0989670138888889,0.49232323232323233,Nov 10 2009
1,1,"Basic Hotel Good value central london After reading previous review, bit sceptical visit. Granted..The shabby parts end day get pay for. Me friend stayed 31st October paid Â£58 room, including breakfast.The Hotel 2 minute walk away Queensway Tube station, therefore easy access wherever wish go (as long tube lines running)The room basic, hot water clean towels. Good running shower beds fine (could done bigger pillow flat). The channels tele worked bit arial adjustment. There smell curries etc read previous reviews. Overall, It great weekend.. Hotel fine pleased booking.Long live King(s) Hotel.",0.22691387559808618,0.45745614035087717,Nov 4 2009
2,2,"AVOID AVOID AVOID For without time read detail, key point: AVOID THIS HOTEL AT ALL COSTS.I needed one night London booked room 3 without reading reviews. Big mistake.What good it? Location close tube. Clean sheets. Simple reasonable breakfast (cornflakes, tea, coffee bread jams). One towel 2 bars soap per person. Fan. Hair dryer. Water hot. Looks OK outside.What bad particular order: Room extremely shabby, flap paper hanging ceiling one bed. Curtains thick dust. No plug sink bad smell. When emptying sink, smelly mess gurgled bath plug hole. No water glasses. No control room temperature. Sash window heavy push open crashed shut like gillotine released. Lights bed work. TV unusable - 3 channels severe interference. Beds decrepit, 2 3 hard appear springs. All bed base units heavily worn dirty. Under behind beds extremely dirty. Outside room narrow passages lift (luckily I heavy cases), stair carpet thread-bare many places. From breakfast room kitchen walls clearly far clean. This wasnât cheap, I paid Â£96 one night.Overall, makes ashamed British. God knows impression UK place leaves poor innocent overseas tourists stay there. AVOID LIKE THE PLAGUE - stay risk catching :-)",-0.010238095238095218,0.6071088435374149,Nov 3 2009
3,3,"discusting needs closed now! stayed two friends called hotel, read reviews went, big mistake! staff ignorant bit friendly helpful. terrible smell throughout sickening, shower filthy water controls fell wall, drains blocked, pillows filthy, doors secure, complained didnt offer move us another room would made much difference, offer clean shower us still filthy. friend informed took photos wer putting internet.",-0.3194444444444444,0.5914529914529915,Oct 12 2009
4,4,"minging scuffy needs inspector looking somewere stay booked looked nice walked in, nice surprise got think smallest room net curtain black anything shaver shower worst hair pillows,i went cmplain, moved another stinking room window hanging shower broken bare wires running along floor light bright breakfast load rubbish could wait get there,i even videod top 60 pound fine going congestion zone london sorry give liverpool anyday",0.09999999999999999,0.6194444444444445,Sep 24 2009
5,5,Why environmental health shut place down? Don't let owner make money keeping terrible place open. Go stay Jesmond Dene around corner instead choice.Stayed original booking (at Albion House square) fell electricity (in puzzle.....) - informed arrival 6.30pm. All &quot;full&quot; signs places locally meant either accepting stay Kings spending time (that available already plans evening changed) finding somewhere else. This place shows shocking levels lack maintenance poor value money. Didn't risk breakfast - given bad rooms I convinced stomach would survive it.... rejected first room offered water working - lack surprise request alternative room duty manager big warning sign. They obviously used complaints - presumably choose ignore them.,-0.1472222222222222,0.5086805555555556,Sep 18 2009
6,6,Wish I'd known! Stayed friend first night trip get sleep. Too creepy words - big mistake.,-0.08333333333333333,0.4777777777777778,Sep 8 2009
7,7,"The Kings Hotel poor condition canât taken seriously. We booked Kings Hotel location price, didnât read review bookedâ¦.BIG mistake. Location fine; located 4 kms Oxford Street. The area many Indian restaurants, including one inside Kings Hotel. Our room located directly restaurant, odour kitchen extreme.The biggest problem Kings Hotel hygiene. The rooms literally dirty. Not little bit dirty, dirty. Dirty way never seen before, I guess never see again. Thanks Rentokil box floor didnât experience bugs rats. A cleaning tip would vacuum beds. There loads dirt beds, including old batteries, underwear things. I never seen bathroom dirty life, fact hot water. The toilet didnât flush properly, times didnât flush all. We get new towels every day, sheets beds wasnât replaced even though needed.We didnât feel safe room, window didnât lock, roomâs entrance doorâs lock joke. The door could opened outside lock inside. The Kings Hotel poor condition canât taken seriously.",-0.09679050116550117,0.5139568764568764,Aug 29 2009
8,8,"The worst we've stayed throughout holiday England! The room dirty carpet looking never cleaned months. The beds literally half broken, make sure sleep &quot;right side&quot; bed order prevent us falling over. There bees room (almost 10 them!!!!). And worst thing was, found centipede crawling three year old son's bed !!!!... When made complaint asked refund, receptionist could say make complaint agency booking made.",-0.2802806712962963,0.5395061728395062,Aug 5 2009
9,9,"WARNING - May Contain Rodents!!! We arrived 2 night stay hotel, exterior marble floor theentrance inviting. However greeted unfriendly receptionist. We handed key sent four flights stairs luggage traipsing behind us. The room double single bed, decor grimy oldfashioned. We happy ended long trip arrived London, however expected money paying. The beds flat pillows duvet, sheet blanket, matress seen better days, springs uncomfortable. On looking wardrobe solitary spare pillow, yellow meldewed. In front wardrobe mouse trap, box poison kind.Wanting freshen I ventured showerroom, I began run water bathroom sink greeted gurgling foul smell, (believing toilet) I consulted partner. On inspection noticed ran water sink shower tray began bubble fill pungent water. We informed reception sent maintenance man remedy this. We sat bed whilst began plunge shower tray, mirror opposite bathroom witnessed faeces emerging plug showering surrounding area. We promptly returned reeception requested change room. This worst thing encountered wrongly named Kings hotel.We relocated room appeared better, smelt fresher entereed, beds condition previous room solitary spare pillow mouldy state wardrobe. Smelling curry decided go dinner, werev directed curry house adjoining hotel, appeared okay seated grease stained tables. We chose exxplore thee surrounding area instead eat out. We returned went bed, slept although uncomfortable experience, pillows flat obtained cricks neck springs digging backs.Our second night, woke around 4am clicking sound, first thought wwas fan on. However turning light turning fan, noise persisted. After investigations became clear noise coming waste paper bin, I witnessed something moving bin, afteer stamping floor became clear rat. The rat clambered bin ran along room bed. Again went reception waking staff member informed encountered. They sounded surprised insisted would inform manager. We spent remainder night awake huddled bed wondering whether rat still bed. We spoke manager oursselves departure, unaware nightmare, knocked minimal amount bill. Unless employed Environmental Health Pest Control I would stay clear hotel!",0.00010204081632653422,0.4275510204081632,Jul 3 2009
10,10,"Fab location! Kings fab location, 2 minute walk nearest tube! The problem found smell curry room - next door indian restuarant - opened window smell went away! Apart great time London!",0.3333333333333333,0.5833333333333334,Jan 2 2009
11,11,"Not bad We, family parents two kids, 10 15, stayed week autumn holiday quad, room four. The staff reception always really friendly, answering questions helping us needed. For example, room felt hot central heating turned - someone complained cold!? - I asked chance get radiator room receptionist came room manually set radiator off.We've hotels London Kings anything special: worn outlook, smallish rooms, basic furniture, blankets sheets instead duvets duvet covers. But toilet shower worked alright, breakfast tasty (toast croissants butter jam), personnel breakfast room really helpful polite. Yes, lift, going 3rd floor hard sometimes, Yes, sometimes smell curry air, that's understandable there's Indian restaurant downstairs - could easily open window get fresh air in. The location excellent prices low, can't expect luxuries price - didn't! I read many negative reviews site quite scared holiday ruined lousy hotel. That's welcoming surprise us spend nights holiday week friendly ordinary near everything favourite city, London.",0.020089285714285723,0.4512400793650794,Nov 10 2008
12,12,"Disaster!!! I wish I could tell rooms cramped beds sucked maybe curry odor place. Or maybe I could tell shower hot water maybe staff terrible.I wish I could tell that, I can't. Reason I stay there. Why? Well two small kids, wife I flew Miami, got dump, room us. They said booked never got reservation. I booked via Hotels.com 2 months advance I homeless London family. Apparently 4 rooms available whole London week, affordable one $800 per night stay 5 nights.After 3 hours manager able get sort favor book The Alexandra Hotel blocks away. (Another dump, another review) This 2 nights. After two nights manager King's able find us place another hotel. At move rooms morning check rooms hotel.Moral story is...when going one continent another family everyone favor spend extra bucks serious hotel, bypass roach traps round Hyde Park.",0.04215686274509805,0.4715686274509803,Aug 8 2008
13,13,"Dump first order This place dump. Conveniently situated yes, would saving grace. Unclean. Staff care less. No elevator, us 3rd floor walk-up [some 5th floor]. Curry smell right times. Shower work. Toilet flush properly [and belly bug Morocco]. All all, would recommend stay away place altogether.",0.047959183673469394,0.29081632653061223,Apr 20 2008
14,14,"Kings Hotel nightmare! There things I would like let know regarding hotel.First, I booked twin bedroom mum I arrived, double bedroom us. The bed room worse bed ever slept in. In fact, hardly slept uncomfortable could feel springs matress material. I also realised shower ensuite bathroom broken I told owner, obviously knew told us said: &quot;yes, that's ok, plumber coming tomorrow&quot;. So showed shared bathroom first floor. I took shower next morning 8.30 hot water left! His reply I got earlier! I obvioulsy happy whole situation I told I ready pay ensuite bedroom broken shower cold water shared bathroom. He accepted charge price basic double bedroom. However, next day, told 10% deposit I paid online going website people I pay deposit him. I pretty sure lie find anything website clearly stating deposit going to. I leave day I left mum deal problem eventually paid 10% well price rooms. And end! He gave another bedroom own. That bedroom terrible state even electric wires sticking wall! She woke 7am freezing (it snowing outside). She tried put heater working asked landlord it, said putting heater 8pm 4am!!! Finally, mum enough paying extra night, managed find another place stay in.As imagine, problems really affected weekend London, think twice book hotel!",-0.02363132363132365,0.5173365673365674,Apr 5 2008
15,15,"Avoid cost Don't mistaken name, nothing regal Hotel.Arrived Hotel realized mistake room cramped dirty cold.The smell Indian food engulfed entire Hotel directly Hotels business Indian eating house. The bathroom sink plug, shower curtain allowed water pour onto tiled floor, tiolet handle loose cold water tap worked intermittently.The TV blurred channels. The bed hard flat pillows. One important thing also ripped purchased sit curry stairs sorts cost added final bill.",-0.09640720390720392,0.5349053724053724,Mar 24 2008
16,16,"Run away fast We planned stay one night we've informed arrival room booked flooded. They replaced single bedroom additionnal bed, means room move around bed. Bad experience.....I advise hotel.",-0.14285714285714282,0.6202380952380953,Mar 10 2008
17,17,"Okay choosy +Perfect location+Friendly staff+TV 5 channels (though picture shaky times)+warm room+separate toilet bathroom+Triple room instead double room (we one double one single bed)+effective fan summers-terrible mattress (could feel springs back)-mouldy bathroom-curry smell hotel-no lift-simple typical breakfast (croissants, toast, tea/coffee, orange juice, cereals)-cracked tiles wall floor -noisy air conditioning bathroom, though light switched on.We stayed week Kings end December. We expect much it, since room rates high. I'd say bit lower two star hotel. The staff friendly, although spoke fluent English. We checked noon, however actual time would 2, room available, luckily. One day, room service left us towels, receptionist gave immediately informing it.We got triple room instead double one. Obviously, space double room. The room next stairs, therefore noises bit easy hear door. About location: near two underground stations, Queensway Bayswater. There nice English pub near hotel, also serves delicious meals decent prices. There lots different restaurants Queensway: Asian, Lebanese, Italian, fast food etc.",0.17245798319327732,0.3966946778711484,Jan 4 2008
18,18,"Would recommend! I checked sister overnight stay. I taken sister London 21st Birthday present wanted things nice.We arrived booked twin room back January told twin rooms gone double available - impressed told nothing could done twin rooms taken. We shrugged shoulders decided go night.We went room, 5 flights stairs - anyone large suitcases manages can't imagine (we glad backpacks!) We discovered paying en suit bathroom hallway! Back downstairs went complaining - told nothing could done. It turns room small fit bathroom private bathroom room built seporately hall - good need toilet middle night! Again best attempt complaining offer room available (which single!) decided go night.Back room discovered lock bedroom window paint peeling away around sides huge crack glass. Our kettle broken, lid would stay left boiling slightly dangerous. When tried put provided fan night discovered dodgy plug sockets - fan kept loosing power resolved moving plug socket - needless say bit worried.Our private bathroom hall smelt drains, cracked tiles plug sink, sister dodgy looking brown stain provided towel.After washing may hair morning I used provided hairdryer discover bare wires coming socket hairdryer crack - choice use though (very quickly may add!)The breakfast room small breakfast consist cereal could help along tea, coffee orange juice brought table plate containing two slices toast one croissant - bad compared terrible breakfasts i've London hotels past.Unfortunately experience I can't comment rooms etc may like, though leaving another person complaining customer service manager.I would say stay avoid room 50 costs! I letter complaint way them!",0.018071705426356586,0.46334809892949436,Jul 16 2007
19,19,"The Kings Hotel fine! We booked stay Kings Hotel price location read terrible reviews, high expectations. Our experience satisfactory. The room wastiny, clean enough. The breakfast good staff particularly helpful nice. My husband found nearby cost much one night paid four Kings Hotel. Sooooooooooooo, want place sleep excellent location near Hyde park two underground lines, Kings fine.",0.27323611111111107,0.6196111111111112,Jul 11 2007
20,20,"You Can Find Much Better For The $$$ I last minute hurry find London quick trip. Was looking economy, location, convenience. So, I jumped Hotels.com search Kensington area London Kings showed several others -- Kings appeared better based pictures, amenities, price, I booked 2 nights. The first night I arrived, I told desk staff water leak fixed, took liberty moving across street Park Lodge Hotel -- big deal me, I tired. Until I got checked Park Lodge -- crummy room see review..... The next day Kings Hotel got water problem fixed I packed moved Kings. On booking website, said took credit cards, desk staff demanded cash payment room..... Hmmm...... So, without many options full shcedule, I paid cash checked in. Next problem elevator/lift I third floor 2 heavy bags. I lazy usually take stairs, day I really needed lift. So, I hefted bags 4 flights narrow stairs old victorian - narrower hall, little spiral staircase narrow door I could barely fit -- I thin. This room -- literally 7 feet 8 feet dimension bathroom 3 feet 3 feet includnig shower! Problem advertised elevator -- not! Also smelled smoky ashtray room. The room vacuumed linens fresh, that's all. My advice -- stay away one! There nice right around corner one called Corus Hyde Park lovely, quaint, charming, well priced.",0.1172514005602241,0.4319327731092437,Dec 7 2006
21,21,"Hates it! This AWFUL! When got overbooked, sent us across street stay Friday Sunday. The room stayed small, I booked room extra bed, meaning loads extra space-which iI get I could barely move, alright, clean quiet. But door bathroom proper door....Sunday walk King's bags. They gave us room nice view of...nothing. THe room ground floor directly right window reception. They could see entire room pretty much curtains woudln't close. The window difficult close. But room extra large room, welcome change. However shower needed fixed- really hot water came burned boyfriend. I hated place. The bedside light work, carpet DISGUSTING. Do favour DON'T come here!!!",-0.00763888888888888,0.5613591269841269,Nov 16 2006
22,22,"Stay Away Our room antiquated clean. It third floor walk up. There soap one day. The shower angled ceiling, confining. They agreed change room new room's window balcony lock connected another room balcony. Breakfast meager say least. Internet photos breakfast need updating. Only good thing location. It close 2 underground stops close Kensington Park.",-0.005871212121212124,0.5568181818181819,Nov 3 2006
23,23,"Don't even think it! A truly dreadful 'hotel'. The room dirty, TV work perched head height unsecured! There stains curtains partly hanging window rattled fastener. The window frame black rot. The beds grotty horrible blankets look clean. The shower curtain discoloured grouting loose mouldy. The overhead wash-basin light bathroom work replaced even informing reception cap ran milk breakfast!Don't stay ...",-0.24805318138651478,0.5879392212725547,Feb 28 2006
24,24,"absolutely dirty 4 days december.the room absolutely dirty dust everywhere. bedspreads absolutely dirty.the first night found big fly room. used mugs didnÂ´t clean them. bath wasnÂ´t cleaned anyday . tv working.the good thing heat.in end , forgotten.",0.12407407407407407,0.6814814814814815,Dec 12 2005
25,25,"Totally unacceptable The staff rude us arrived - demanded see passports even though UK us, credit card machine broken pay cash - still wanted passports. We booked double room given twin - room small beds fit next eachother. There toilet paper sugar, 1 towel cup. The TV work. The room filthy final straw finding cockcroach bathroom. At point went reception asked find us another - did. I would recommend anyone.",-0.17575757575757575,0.5045454545454545,Nov 28 2005
26,26,"Friendly staff problems I stayed King's Hotel second week September. Over all, I pleasant stay, things bothered me. It mainly concerns way advertises. On several websites information send travel agents, said 3-star (although, fairness, sites, 2-stars claimed), extensively renovated, offering continental breakfast option English breakfast, also, would host Tapas Bar, first one England. None true however. It's certainly three stars. It's two stars best. So advertise otherwise? It may mistake, update information travel agents.Extensive renovation. Strangely, I found pictures room bathroom, seemed renovated. But I stayed group 34 people, none rooms group staying renovated. One conclude indeed ever renovation, must carried eighties, count anymore. Especially not, done well begin with.A continental breakfast available, however I want live continent serve particular breakfast. If Europe meant, probably case, even French Italian standards basic. However, forgiven. One cannot expect much continental breakfast. Unfortunately, claim also able provide English breakfast, true all. When requested, reply was, chef available morning best try somewhere Queensway. Their advertising must therefore erroneous, said provide suggestions English breakfast.The Tapas Bar another feature puzzled me. I actually feeling soon I walked reception area, tapas menu (let alone typical Spanish dishes) staff certainly come Spain, came India. So I surprised find restaurant serve paella, curry. Now me, I come eat tapas. But advertise feature really there? Coming state rooms. As said, rooms renovated, say terrible. Certainly, quality maintenance poor, could certainly use renovation, everything function. Also, I find special class, fresh towels every day. The biggest plus-point however staff. They extremely friendly helpful.In conclusion, I say problem really sort accomodation offers. It's fact advertises something not. I hope future something maybe get quality standard level friendliness staff. Then would certainly able claim three stars. As is, basic two star hotel, need renovation, advertises facilities offer.",0.1169080919080919,0.3845123626373627,Sep 10 2005
27,27,"NOT RECOMMENDED AT ALL This worst place ever stayed in. Knew old someone elseâs experience thought would clean friendly. Were mistaken! Obviously changed hands since then. Our rooms dirty, pillows like thin sheet cardboard television broken. We stayed five nights. The day arrived asked extra pillows television fixed. Second day asked pillows told extras happy could leave. They knew full well couldnât busy time hotels available otherwise would have. Kept asking television fixed room kept telling us would be. On third night asking enough took Television three flights steps office. On fourth night television appeared room actually worked. Sorry didnât carry office day arrived. Linen beds didnât get changed there, towels got changed every second day (no hand towel, bath mat all), every day bed got made (pulled up). We got refills tea, coffee making. Shower base overflowed whenever taking shower. My advice would NEVER STAY THERE!",-0.09956275720164608,0.43065843621399186,Jul 17 2005
28,28,"Quaint comfortable We Americans take much &quot;granted&quot;. Like inexpensive hotels clean modern.. In London,, perspective overhauled Kings Hotel hotels looked intoâ¦ The Kings old rustic standards.. walking three stories (no lift/elevator) helped build stamina. We found staff friendly helpful.. The breakfast good.. Cereal, juice, coffee, croissant, toast.. served friendly staff. Location great (next lovely park subway/metro stops). Overall, good money,, âdown sideâ cleanliness take granted there, ( i.e. Shower curtain, window curtains, corners room). But,, bedding clean (bed comfortable) also bathroom, adequate HOT water. An enjoyable stay needs.",0.36271929824561405,0.5320175438596492,Mar 18 2005
29,29,"NO HOT WATER Stayed 18th-22nd Decemnber. Great location 2 star hotel. We arrived early left luggage. Checked - 4th floor room , elevator two children bags. We told lack hot water enquired reception. This saga time enquired told would fixed day. Returned home day two find hot water electricity gone 3rd 4 th floor. many unhappy guests. offered another room difficulty packing childrens things lugging bags stairs much. As left , management verbally offered refund complained I still waiting - almost 4 weeks later. For location Bayswater great - find another unless mind cold washes basins chance electricity.",0.06437908496732027,0.49640522875817,Jan 13 2005
30,30,"worst probably worst I ever too. I was't even thinking staying London I happened forget keys flat I gonna stay I choice. I saw negotiated deal 40 pounds/night double two nights, possibly three. I said I would need stay 3rd night, told doubles available moved us single! gave matress I sleep floor. matress awful, even move. overall I move room 3 times, one double single, first single got electricity, moved us fourth floor (without lift). bedrooms common aspect though: windows never closed properly winter nice central heater never worked.it first time I paid ended sleeping floor! staff pleasant, especially young manager thinks best.",-0.08445238095238096,0.41804761904761906,Jan 6 2005
31,31,"Absolutely fabulous :-(( How about... cockroach room!cold showers day night long (getting early day 2 ask staff put boiler finally helped)disinterested staffuncomfortable pillows (feels like flat old towel pillow case)short 'Japanese' blankets - choose: cold feet cold necknoisy street, kept us awake3 TV channels oneboiling hot breakfast room smelled last night's curry ricehorror kitchen (cooked breakfast probably walked itself):-((",-0.19192307692307692,0.6178205128205128,Dec 20 2004
32,32,"good price great location My wife spent week budget november. The staf helpful accommodating. We requested room first floor booked given room 4th floor. After first night given choice 2 rooms first floor remainder stay. rooms small american standards adequate. The rooms clean bugs. Bath small shower smaller plenty hot water mornings( night). tv reception auful able see channels. The breakfast simple orange juice, coffee tea. Ceral, toast bread along butter jely ample. breakfast staff always right anything needed. The worn clean well located bus tube. never waited longer 5 minutes bus train.",0.20773242630385486,0.4300566893424036,Dec 12 2004
33,33,"Ok good price OK get good price want spend time seeing London, looking room. My single room top floor brought luggage back checkout day. The room small, I needed - bed, wardrobe, cabinet. The TV worked reception poor. The shower low pressure, got job done. No face cloth hand towel provided, large towel changed daily. The location good. Two short blocks Queensway full restaurants shops nice shopping mall (Whitelys). Two tube stations Queensway also easy get anyplace city. I satisfied price I paid.",0.25371762740183795,0.48500417710944027,Nov 11 2004
34,34,"Do Not Stay Here! We returned London Sunday, October 17th. We stayed Kings Hotel previous three nights. The first thing I wanted I returned home write review tell everybody distgusting was. We triple room small could hardly put luggage down. The bed sheets dirty even fit bed. The pillow hard size travel pillow. The shower smallest shower I ever in. It would drain properly management seem care. The television inoperative. When I approached front desk problems care. We spent twenty one nights throughout Europe trip problems last three nights Kings Hotel. It dirty disgusting anything possible stay room three days. It uncomfortable sleep whole three nights. It bad ruined stay London. London would great experience, remember DREADED KINGS HOTEL. If traveling London, homework. Find place given decent ratings spend money need be. I would spent three times much I would known horrible place much going ruin end trip.",-0.12662037037037036,0.5009259259259259,Oct 19 2004
35,35,"Hotel Hell This promotional package. A group 14 arrival horror. The rooms ready, 6 group members stay across street one night electrical problems; better. Because scheduled travel Paris next morning inconvenience group. In early morning hours (4am) group moving back hell. The elevator bell boy. You carry luggage flights stairs. The remaining stay better. Rooms running water, heat problems, one room problem mouse. I would never recommend worst enemy. This business.",-0.1125,0.475,Aug 31 2004
36,36,"impressed At $250 night I would expect this;- uncomfortable beds due protruding mattress springs- threadbare sheets- sheets paint stains, color walls / ceiling; either used drop cloths removed painting.- large hole ceiling- hole floor, carpet- broken tv- locks windows despite easy access outside- corroded shower fittings- plug sink- light sink inoperative- lights beds inoperative- generally poor workmanship upgraded decor- broken windows railings stairs area- surly male staff ( females ok )- elevator- communal female restroom ( bottom floor) permanently &quot;out order&quot;- sign communal male restroom reads &quot; flush&quot;- tapas ( spanish appetizers ) bar advertised providedOverall, worse $39.95 night motel I've ever to.",-0.037632275132275135,0.43769841269841264,Aug 18 2004
37,37,"Poor service poor room We recently booked King's Hotel vacation package wish stayed elsewhere. The day arrived check week, told room us would stay next door night. (This despite reservations six months!) When finally given room next afternoon, three floors (no lift) tiniest room two I seen. (This sixth trip London, way, I well acquainted small English rooms.) There two twin beds placed end end small nightstand between, furniture one &quot;closet&quot; less two feet wide, two hangers. There small TV mounted wall, reception poor impossible view anything.The bathroom equally cramped, shower small drain base, hand-held spray leaked, shower curtain hung angle due sloping ceiling. It impossible turn around shower keep water overflowing onto floor. The breakfast croissant, toast, juice, corn flakes, coffee/tea adequate servers prompt pleasant. The desk/office staff less helpful, manager seemed aloof. After leaving week countryside, returned King's one night (also pre-booked) catching flight home, given room top floor (five half flights) bathroom hall. When asked room lower floor leave 4:30 AM want wake everyone struggled stairs luggage, manager said nothing else walked away. (Our traveling companions also experienced similar problems rooms lack response desk.) The conveniently located Bayswater area, nice neighborhood stay, overall somewhat dingy appearance, tiny rooms, apathetic management minuses. A visitor better price.",-0.006801994301994303,0.4493019943019944,Aug 2 2004
38,38,"Not bad After reading reviews site well sites, really prepared worst. We pick choice (it came package). Anyway, turned better expected (our expectation rather low though). While there, overhear girl complaining fact hot water dad take cold shower. My girlfriend problem first night water seemed ok morning. The bathroom really tiny shower moldy. I guess one positive thing close tube many buses ran neighborhood. Another thing staff nice general complimentary continental breakfast fine.",0.04704944178628391,0.5418660287081339,Jun 21 2004
39,39,"Not Bad All My wife I stayed King's Hotel late April. After reading previous posts expect much pleasantly suprised! The hotel's location great, many shops restaurants plus three tube stations within walking distance (Including Paddington Station). The rooms pretty clean- bit spartan. It's true, elevators, we're young mind all. There street noise speak although guests slam doors every five minutes. Guess can't blame Hotel, though. Service friendly- complaints there. Our bottom line- three star price we'd stay heartbeat.",0.2782051282051282,0.5750000000000001,May 31 2004
40,40,"Original hell Dirty, damp, dingy disgusting.. Don't stay here!!We booked hotel, reccomended Hotel Connect special 3 nights 2 deal.The management seem think promotional rate deserve get.The central heating work, subsequently hot water.Rooms bathrooms mouldy sub standard, faults numerous list.Breakfast disappointment- server actually 'sold' muffins ÃÂ£1 complement seasly portions..I could go on, hate relive experience...",-0.1840659340659341,0.5131868131868131,Mar 10 2004
41,41,"Good location bad room We fourth floor room lift (elevator) luggage assistance. Although advertise private baths, room. Ours hall next room. The baths moldy shower curtains dirty stained. Rooms space heaters faulty cord plug would smoke sizzle. It taped masking tape. We requested another room given one first floor next office. It noisy. The staff slammed doors night could hear traffic stairs. One night staff starting fighting hallway outside door around 1am. They drinking. This lasted nearly two hours.",-0.0041666666666666545,0.3020833333333333,Dec 28 2003
42,42,Horror Hotel,0.0,0.0,Nov 16 2009
43,43,horroroso,0.0,0.0,Aug 4 2009
44,44,Ã eviter tout prix,0.0,0.0,Apr 27 2009
45,45,suficiente,0.0,0.0,May 13 2008
46,46,Fatal,0.0,0.0,Apr 7 2008
47,47,Kings Hotel...wiederlich!!!,0.0,0.0,Nov 17 2007
48,48,L'Htel Kings non Ã¨ degno di questo nome,0.0,0.0,Feb 26 2007
