,Unnamed: 0,Reviews,polarity,subject,Dates_extracted
0,0,"Indifferent Staff - Dont bother Had read really good reviews decided worth try. Booked twin room one night asked nice view, get this. In fact view horrible. Cannot complain room clean comfortable could hear buzzing noise night must sort machinery. Also corridors horrible smell, hard describe is.The worst thing attitiude staff breakfast. There much hot food buffet, ask small quantaties cooked time even though busy. We offered hot drinks, staff intent clearing ask us needed anything. We ask twice tea staff seemed trying avoid us. When went get toast cleared things away! All quite stressful experience.Although good price quite way London really worth effort getting there. We disappointed stay would stay again. We certainly expected better Holiday Inn.",-0.04644736842105265,0.6740350877192982,Oct 24 2009
1,1,"Top Notch Hotel This fine hotel. It's bright, modern, clean professionally run. The staff helpful responding quickly maintenance issue lending plug adapter. Although I booked via Hotwire, request quiet room honored I treated well throughout stay. The room digital safe, comfortable bed, nice bathroom great shower handy refrigerator intended minibar. In four days, I never heard noise planes landing Heathrow inside room. Outdoors, plane occasionally passed overhead sufficient altitude noise barely noticeable. Had I read comments reviews, I would even noticed Heathrow traffic passed overhead. Internet access, Europe entirely free. However, front desk provide free one hour voucher usable (in principle) wifi access lobby. I discovered voucher (password) worked room well wifi wired access, speedy. You also buy vouchers 1,4 8 hours voucher, including free one, good 72 hours log pay time actually used. For 7GPB I purchased 4 hour voucher even use time stay. Most hotels sell time must used continuously, scheme refreshing change. Getting central London easy NOT fast. The E2 E8 buses stop right outside door frequent service Northfields Boston Manor respectively, Piccadilly Line. Figure good hour West End. Both buses continue Ealing Broadway find Tiger Shop shopping centre. On main road near hotel, bus 267 goes Hammersmith Bus Station catch tube 9 10 bus town. It's good 1.5 hours bus (except late nights) due horrible traffic, especially around Chiswick. The 237 goes White City stops front Shepherd's Bush station Central Line. Again traffic Chiswick slows journey substantially. If catch either 237 267 change 27 Turnham Green Church go High St. Kensington Notting Hill Gate way Camden Town, assuming time spare! Throughout night, N9 runs Trafalgar Square Heathrow directions stopping Hotel main road. A good bet night owl catching early flight Heathrow Tube starts up. The area around fine peaceful respite hubbub central London. Along high street there's Cost Cutter local supermarket new huge Morrison's two block farther east. Then usual neighborhood businesses, pubs, etc. Nothing special nothing avoid. The canal far picturesque gentrification area appears stalled due recession. But couple days feel home Brentford. And nearby famous Kew Gardens always worth visit. So, summary, seasoned London Transport user willing spend extra time necessary commute town, top choice. If prefer closer action, willing pay two three times (or rough youth hostel), definitely you.",0.21153608087818607,0.5003567850278376,Oct 12 2009
2,2,"Well worth visit This well presented hotel. It main street Brentford, roughly equidistant London Heathrow Airport, directly flightpath airport, that, hot evening, sat window open thought airliner would fly right window, every 90 seconds. However, flights stop 10 pm, night relatively peaceful.The situated mixed area. The front looks Brentford Locks side smart quite chic. The Georgian market square Brentford (The Butts) lock. On side industrial slum abandoned railway line, ask room overlooking locks.We stayed convenient Syon House Park, five minutes' walk away, interesting area Brentford Dock, approached canal towpath. It good getting Central London. Buses Ealing Broadway Gunnersbury undergrounds stop close by.The 4-year old ugly outside interiors stylish well kept indeed; speck dust shred litter anywhere. Food good, breakfast dinner, though portions vegetables bit mean. Staff obliging pleasant.There annoying rumbling noise plant night.But altogether well managed recommended hotel.",0.12372023809523815,0.47605017006802725,Oct 1 2009
3,3,"Good Value Stay Stayed last Friday friends. We going Coldplay concert Wembley beaten price.Although bit way nearest tube within walking distance, I would recommend going event Wembley want keep costs whilst staying London.The clean staff friendly professional.We stayed Â£78 per room per night including breakfast, felt excellent value money. There also secure underground parking Â£10 per night.The recommended local Taxi company Boston Manor Cars, took four us Bond Street Â£28 Friday afternoon picked us Wembley Stadium Midnight took us back Â£30. Would definitely recommend also.",0.2796111111111111,0.44655555555555554,Sep 21 2009
4,4,"Great Meal nice Part way stay hesitation recomending. Interesting location reasonably new canal front development edge Brentford. Restaurant nice, good Indian food varied English/Mediteranean/Asian menu suit tastes... usual boring fayre. Bar free internet good.Normally stay purely normally around Â£100 mark clients pay. Today I got good rate especially upgraded exec room balcony... well huge communal roof terrace lovely",0.2944242424242424,0.6919696969696969,Aug 26 2009
5,5,"Terrible Sound proofing Exec Rooms I happy give HI glowing review earlier year. I also persuaded extended family visit May 09 (I booked 4 x Executive rooms - special treat I thought - wrong I!). My complaint large function room ground floor one floor Executive rooms placed floor above. We stayed Saturday night large wedding reception taking. Directly underneath rooms disco went 1am. The vibration bad even ear plugs (always carry them), impossible go sleep. All party suffered noise (so bad I could easily recognise words songs!). I called midnight asking reception could intevene confirmed 1am finish. Clearly no-one wanted upset wedding party. Absolute nightmare. The next morning fed complained receptionists interested. Another guest heard us came us say standard room guests running riot floor sleep either. Of course, I wrote complaint letter - reply. I also complained HI head office - reply. So moral story - check wedding (or event) taking place find another hotel. And expect customer service problem.",-0.07095543345543344,0.5006715506715507,Aug 26 2009
6,6,"Suprise find Brentford I memories Brentford 10 years ago, suprised find area around up, several chain hotels, new Hilton built.The bright clean, large room overlooking canal. It good able open window, even though air conditioning worked well.Location wise buses went Kew Twickenham regularly. There Prezzo restaurant 2 minutes walk away across lock, airy canalside tablesWe ate dinner one night - good, portions little big. Breakfast busy, staff efficient clearing, adequate tables. Some food, bacon, little cold.The quiet night, even though wedding, bed comfy I good night's sleep.We chose going watch BHA play Brentford, ground short bus ride, 30 mins walk away.",0.23525678866587957,0.44430834317197954,Aug 25 2009
7,7,"A bit way nice Lock Accessible Tube bus. A little way prime focus London only. Location Lock lovely, though. Take stroll look narrow boats white swan family beautiful, clumsy black cygnet. Close grocery store convenience store update travel cards. Rooms fine. Ask one looking lock rather street - uninspiring.",0.17395833333333333,0.5548611111111111,Aug 19 2009
8,8,"Friendly comfortable new convenient Heathrow As I seemed trouble getting Reception form carpark one friendly reception staff came carpark render assistance. The staff consistently helpful pleasant one night stay.I chose proximity Heathrow. We 9:30 flight reached Hertz Heathrow around 20 minutes London morning peak hour. The also conveniently located near buses trains Central London tariff substantially less hotels Central London. Its proximity The National Archives appeal genealogists using facility.Our balcony room top floor spacious comfortable. From huge balcony views Brentford Lock colourfully painted canal barges moored along banks. I thrilled offered free wireless internet access although one use lobby. While using internet husband I ordered dinner modern smokefree bar. Our casual meal well presented tasty. The restaurant good position edge canal.The formerly depressed area appears undergoing redevelopment, next rather smart new blocks canalside flats. I imagine future area become quite trendy.We visiting London regularly Australia since 1983 staying 3 4 star hotels This far best stayed. Our loathing London lodgings disappeared stay here.",0.2142187177901464,0.46402714349142926,Jun 17 2009
9,9,Couldn't asked Couldn't really asked hotel. The rooms lovely super-clean staff friendly helpful,0.4291666666666667,0.4916666666666667,Jun 2 2009
10,10,"A TOP HOTEL FROM THE HOLIDAY INN FRANCHISE A Favourite Holiday Inn mine. This well maintained hotel, staff excellent, rooms clean tidy executive rooms nice views Brentford Lock.The restaurant excellent specialising asian food, Friday Night Curry night geat value, great tasting, help buffet.. I always enjoy visits look forward coming back soon.",0.5266666666666666,0.625,May 31 2009
11,11,"Very stylish This new hotel, located Brentford High Street, waterside canal complex, surrounded new developments. Very convenient Kew Gardens Thames Richmond, new stylish Holiday Inn, pleasant rooms public facilities. The room comfortable, breakfast buffet good (self service) Car Parking hotel, though I thought Â£10 charge residents overnight parking high. The public rooms convenient spacious.",0.2666017316017316,0.5602597402597402,May 5 2009
12,12,Loved Room. The Hotel Lot ofm peace. No Noise &amp; air pollution. The Bar good. The Food simple &amp; tasty. The Room great Family stay enjoy peaceful weekend.It nice Water Lake front Child feed Ducks &amp; birds bread.Nice Fresh air breathe.Really recommend stay.,0.46875,0.6258928571428571,May 4 2009
13,13,"Quite decent First reaction far central London. To go Northfields (Tube) station, took us 10 mins via bus E2 (bus station 30 meters away). To Leicester Square, another 30-40 mins. After 10 days travelling Central London, 40-50 mins travel quite bearable though.Quiet hotel, clean modern. Did try food seems restaurant well patronised. No complaints. However I think may able get similar 20-30 mins nearer central london. Just need research.",0.17361111111111108,0.5229166666666667,Apr 21 2009
14,14,"Fantastic value money We stayed 2nights 3 children (age6,3 9 months) The staff friendly helpful, printing info attractions mentioned may visit. We ate restaurant nights food well priced restaurants (average price Â£10 main meal-v.large portions!) choice 10items children 4.95The child friendly well situated next canal. It 15min taxi ride (Â£8) nearest tube within 15mins heart London-so brilliant value stay location (Â£100 2 nights Expedia) Less half hour drive LegolandOur room expect Holiday Inn,no surprises quiet night(no noise corridors,slamming doors etc) The added extra car parking Â£10per dayThouroghly recommended definitely stay",0.14910714285714288,0.45357142857142857,Apr 13 2009
15,15,"A Perfect Hotel So says Brentford great destination? We treated extremely well here. The staff fantastic concierge desk, thought Duty Managers desk (Sorry) best I ever dealt with. He friendly extremely knowledgeable. As Platinum member I used treated well, people fantastic.The lobby rooms fine; requested room view lock. They originally put us room faced Bus Garage. When I spoke manager helpful finding alternate room - The view looks directly across river side road, night fun sitting near window looking water. The surrounding neighborhood fantastic, ton sidewalk cafe's choose - first night sat small pub, terrific pub food drank entire bottle wine 2 hours. The tubes two systems stations within short walk â 3 bus stops way, much cheaper, If lot site seeing like did, tube best betThe lobby fantastic breakfast value money. But since donât eat pork, alternative meat available, chicken sausages, could much better. We tried cheaper hotels I rather pay get better service treated likea guest....Overallâ¦ everything perfect big Thank duty manager team made stay great one.",0.29427083333333337,0.5830729166666668,Mar 25 2009
16,16,"A lovely stay We stayed Holiday Inn 2 nights new years (this 2nd visit) I cannot speak highly enought hotel. The rooms, service, food &amp; value second none. I cann't comment location visiting friends living close collected going anywhere. The staff little stand-off-ish times never real problems. We upgraded superior room, patio door onto balcony overlooking brentford lock, breathtaking summer.I'm really looking forward next visit, I stay anywhere else.",0.2462603305785124,0.4222314049586778,Feb 20 2009
17,17,"Great Deal - Great Hotel Spent weekend hotel. Arrived 10 leave bags told efficient receptionist room ready could check in. Room, requested quiet one overlooking Brentford lock. The room warm spotlessly clean. The furnishings functional, bed slightly soft liking. The shower bath excellent. We used quiet night live rural location. We slight difficulty getting used traffic noise especially load emergancy vehicles going past 1.20 sirens going. The breakfast good even fried eggs soft. Had full english never home. All Â£59 per night two us. A deal excellent value money. We certainly stay next visit London. The negative I think weather good!",0.21242882117882117,0.49941391941391944,Feb 7 2009
18,18,"Great Value Stayed New Years Day , Kew garden visit, good deal Â£49/night breakfast 4 another Â£10. The surrounding area nothing pleasant, 'better' rooms overlook lock better view. The room two comfortable double beds mod cons. The staff helpful requested extra towels/coffee delivered within minutes. We used gym, good view lock whilst running, cycling sit ups etc. The breakfast buffet excellant huge hot cold selection attentive staff getting coffee cleaning tables immediately. We parked road side overnight problem, industrial estate. In evening walked local shops good curry local Indian, complaint watered lager!Handy visits London, drove 4 miles Chiswick area park safe area free weekends catch tube centre zone2 station Turnham Green etc.Overall good value, good rooms good service, fully reccommended.",0.32121933621933624,0.558932178932179,Jan 16 2009
19,19,"Superb! We stayed Holiday Inn Brentford lock.We found rooms clean,stylish comfortable.The Breakfast Dinner bit priced saying portrayed four star status,so prices expected.The reception staff friendly helpful,I happily stay again.Superb!",0.746875,0.7875,Jan 5 2009
20,20,Stinky smoking roomfaraway center Unbelievable stinky smoking room!Faraway London center ~1h.Good breakfast,-0.15,0.4000000000000001,Dec 7 2008
21,21,"An out-of the-way surprise. I reserved visit travel service, I somewhat concerned I learned location I remembered industrial area. I guess I considered urban redevelopment since whole Brentford area gentrified resettled. This relatively new well run. Another reviewer mentioned team front desk polished professional. No doubt accounts number business clients hotel. Though I tourist basically came back sleep, I chance use bar room service. Some choose bar modern less 'quaint' others Brentford. Room service odd features. For instance, bread extra cost item. If order specifically, come dinner. Other that, food *excellent* here.Some London's workers live Brentford, bus service frequent. There bus stop ten steps hotel's front door. Busses connect suburban trains underground (closest tube station Boston Manor)..I took photos attached.",0.11913299663299665,0.3153451178451179,Dec 4 2008
22,22,"From The Start Manager team Wonderful This good Team. We traveled lot Holiday Inns first check in, given courtesy call recognized platinum member. We Love Staff always friendly &amp; helpful. We two great night sleep. No plane noise even though near airport. The service restaurant excellent. The Hotel Manager personally cleaned table made us comfortable. The breakfast time busy, Manger staff good job. Thank you- Emme.T",0.49875,0.616111111111111,Nov 2 2008
23,23,"The BEST London Hotel Stay To Date I visited London every year two fifteen years. I stayed everything simple B &amp; B's luxury lodging. My stay ranks 'number one' ranking visits. Yes, central London, public transportation swift frequent central London 30 - 40 minutes away. Also, opportunity enjoy 'feel' neighborhood charming. I checked professional, efficient friendly young lady, assigned wonderful room overlooking locks (I surprised find though centuries old, still working locks.) The quite new clean, clean, clean! Everything room working order bed comfortable. The airconditioning system quiet efficient. The windows open.....another plus us appreciate fresh air. The bath also spotless.....housekeeping superior! Also, every member staff I came contact friendly...with smile 'hello'....something found many lodgings. The mini-fridge real plus. There large grocery store short distance hotel, snacks drinks available abundance. The neighborhood bit worn-out also includes upscale housing. Shops kinds within walking distance...and several local pubs 'must' visit! All all, stay comfortable I hated leave. To management staff, may I offer hearty &quot;Bravo!&quot;",0.2549233147804576,0.4534359925788498,Oct 2 2008
24,24,Jobsworth staff Watch prices - lower rates available Â£200 per night excessive offers. It booked Company allocated places lower prices filled end paying full price. Given there's even bottle water room - exactly good value. The reception staff font house management budge interest anything upholding policy. After one night I checked booked cheaper much better road. And cheek even though I vacated room completed 8am tried charge extre Â£50 late check I rang 11.30 confirm I staying.,0.05694444444444444,0.5213888888888888,Sep 24 2008
25,25,"Good Hotel far London I knew heart London, I booked Hotwire implied closer was. It's easy get bus right outside front door takes Boston Manor tube station Piccadilly line takes right downtown. It took us usually 45-50 minutes get heart London back. I wish little closer, price Hotwire good pass up. The nice staff pleasant friendly. There grocery store short walk away, spend much time area. I would stay I could get price. If I pay lot more, I might try find central hotel.",0.2713471177944862,0.4866541353383459,Aug 12 2008
26,26,"This *not* London I picked Hotwire since seemed like reasonable price London. However, 90 minutes outside London train - lucky hitches manage catch every train time since switch Metro National Rail. On Sundays trains run limited schedule took 2.5 hours get back London part working tracks trains running less frequently slower.The also convenient Brentford station walk 20 minutes (average pace) assuming lot luggage. You take bus taxi too. They don't, knowledge, shuttle bus station. The area particularly attractive although nice British pubs OK river walk. Royal Botanical gardens far (40 minute walk) I find particularly worth entrance fee. The biggest problem business center can't print anything (such boarding pass next day's flight). They also charge lot in-room internet access (four pounds hour fifteen pounds 24 hours) which, given lack business center, seems bit outrageous.",-0.002738095238095245,0.38964285714285707,Aug 7 2008
27,27,"Very good overall The Holiday Inn Brentford Lock well-kept, clean, modern situated safe, quiet neighborhood near London. About room I can't complain, large spotless. The flaw would 10 TV channels. The location, though bit way, fine, easily accessible wonderful transportation system. My biggest complaint would ridiculous amount charge internet breakfast (13.95 pounds), making things little less convenient. Overall, I pleasant experience would recommend it.",0.21242261904761905,0.5191785714285715,Jul 3 2008
28,28,"A postive surprise My wife booked us part suprise party birthday, although close home I got opportunity sdtay. We exec room comes neatly furnished balcony (shared terrace really) overlooking locks. I impressed room, ammenities general ambiance beat many business hotels I've stayed within UK. Breakfast standard fare bar bit anemic comfortable. For good food drink go Wier bar nearby bit Glsitening Waters Caribbean restaurant. The well located Twickhenam rugby well Heathrow. One party managed leave camera behind, ever expect still there. The staff honesty good manager waiting us went back check. For short stay really well better locally. Well recommmended.",0.24083333333333334,0.4197222222222223,May 29 2008
29,29,"Fawlty Towers! Well start? Chicken dinner arrived - potatoes - never came! Fruit crumble - unsugared burnt top, delay vegetables served main course goes cold, cold yorkshire puddings, wilting salad, burnt garlic bread tasteless lasagne - period 3 night stay!Breakfasts hand superb - slight problems - ran fried eggs black pudding constantly, fruit juice wasnt topped - catch waiter remedy problems. Now praise - waiters/waitresses superb - running around best - clearly overworked - much enough hands deck - management ashamed themselves. Staff best - accepted complaints apology sincere smile - clearly used it. 3 waiters New Zealand guess young lads work necessity fund holiday England - overworked couldnt possibly reason. Hi Brett Shane - stars. Management need good shake - complaints made never showed faces - young staff simply reported back came back apologies.Now home smile - Fawlty Towers nothing place!!!Because part coach tour 48 included meals feel simply couldnt cope - shouldnt accepted booking. To top min bar sealed couldnt open fridge! We couldnt bothered ring reception..........!Oh AND lager...........get drift???!All enjoyable stay - dire funny!!!!Credit young staff accepted complaints graciously without one bad word say management. Truly loyal yet undeserved!!!!",0.10712127442185004,0.48689906584643433,May 28 2008
30,30,"Poor organisation management My wife stayed Holiday Inn Brentford Friday Saturday night disappointed hotel. Check good room clean window faced onto wall . The organisation bar restaurants poor. We tried get drink bar dinner gave 20 minutes, two staff, one trainee one experienced. The trainee spent time waiting get answers experienced one telephone time result drinks served. In restaurant situation reverse eight staff standing around time clear plates buffet dinner. After dinner group started loud music next room despite multiple requests turn volume nothing happened great trouble hearing dinner speaker. The music went till late night could heard bedrooms. For breakfast next day queue 30 minutes allowed restaurant. The management poor recognising pre-empting problems deal properly. This one Holiday Inn I shall avoid.",0.06845959595959594,0.4739646464646464,May 11 2008
31,31,"Excellent After horrible experience Boston Manor (see review) checked @ Holiday Inn. Service excellent, rooms clean! This be, THUMBS UP!",0.3932291666666667,0.925,May 7 2008
32,32,"This Holiday Inn really good! This lovely. It sits next Grand Canal (I think) view great. We three great nights sleeping ever soundly Holiday Inn. No plane noise even though near airport. The service reception excellent. The breakfast service also good.The downside one pay lot internet access would expect four-star business like Holiday Inn provide wireless access broadband connection free. There toiletries like toothbrush toothpaste bring own. Shower shampoo gel provided. The rooms spacious - try get rooms double beds - comfy! If book well advance, sometimes get good bargain like 69 pounds breakfast. Holiday Inn farther away train station Premier Inn view worth it. A nice Italian restaurant called Prezzos opposite across canal serves relatively tasty pizzas pastas. The service ok. Cafe Rouge Strand Green lot better.",0.37770833333333337,0.5145833333333333,May 6 2008
33,33,"good!!! As Platinum holiday Inn member, really felt appreciated: given list fill kind snack drink I wanted house. This (a huge fruit basket bottle water) I received minutes later room - room executive one, upgraded.This executive room good - receive various free drinks plus snacks.I asked could extend stay one night - want pay offical online rate though, expensive (the fully occupied), I need check early, would waste money pay 200 GBP half day extra.They checked reservations gave low rate first night - 69 GBP.Now I call great service!!!The offices I work next GlaxoSmithKline Great West Road, five minute walking distance, taking shortcut along canal.The taxi ride Heathrow costs 19 GBP pre order service recommend Holiday Inn Brentford. Don't take black cab - charge double!!",0.20027777777777775,0.44659722222222226,Apr 28 2008
34,34,"Refugees Heathrow We among 9,000 passengers unceremoniously dumped Heathrow Dec. 23, 2007 connection cancelled British Airways. The airport utter chaos complete meltdown. Having gotten help whatsoever British Airways, ended Holiday Inn. It cost 29 pounds cabfare way. The indefinable comfyness makes feel safe home. The staff could nicer. They helpful, sympathetic, efficient. They let us use computer try find alternative transportation. I hour. We several questions able answer gave us correct information. We really appreciated assistance bad situation. The breakfast nice bonus, too. There bus stop right outside entrance. There cute pub across street (we go in). Overall, comfortable place.",0.19386554621848742,0.5045518207282913,Feb 8 2008
35,35,"stuck Heathrow give place go! I stuck Heathrow December due fog. All airport hotels booked out, 1000 people slept terminals night. I booked Holiday Inn - 20 min drive Heathrow comfortable nights sleep. It's basic clean hotel, need layover. It's 20 min drive LHR lot cheaper closer airport hotels!",0.12833333333333335,0.6,Jan 10 2008
36,36,"Good Clean Hotel soundproofing All all, good - ample secure parking (Â£10 per night) general look modern, clean well maintained. I stayed deluxe room (Â£30 extra), room large comfortable.The letdown lack soundproofing rooms - heathrow airport miles away, - planes fly right endless stream around 4am - 11pm - meaning alot sleep had! For immediate flightpath major UK airport, I would expected better soundproofing - especially upgraded room - even travelodge Gatwick almost alongside runway good soundproofing really hear planes - Â£30 night!",0.24581597222222226,0.6080952380952381,Jan 5 2008
37,37,wedding annerverary We great time hotel. The staff friendly nothing much trouble. within 5minutes checking knock door. Champange strawberries annerversary. compliments duty manager. found good expecting anything. room comfortable clean. I would recommend anyone staying,0.4806944444444445,0.68,Dec 22 2007
38,38,"Comfy Stayed one night, room clean bed really comfortable. breakfast nice, however staff bit grumpy...maybe employ people morning people.",0.45555555555555555,0.8333333333333334,Dec 12 2007
39,39,"Worth exploring surrounding area Hotel excellent every way. Paid extra room balcony overlooking Lock. For stroll evening, admittedly High Street needs renovating, worth exploring. Just High Street interesting leafy streets, small park church restored unusual way. We walked Syon Park Lyon Wharf, good view, made way along river Richmond Ham House (open Public - National Trust).",0.25583333333333336,0.45388888888888895,Oct 16 2007
40,40,"Clean Safe Good Value Stayed family wedding nearby Syon Park. Hotel modern, clean safe. Breakfast excellent. The beds (and floor - long story) comfortable. Staff courteous. Parking safe. All-in-all good hotel, slightly iffy location.",0.4412820512820513,0.6128205128205129,Sep 23 2007
41,41,"Nice Comfortable Hotel - Avoid food though! Stay quite regularly enjoy stays.The rooms clean comfortable nice bathrooms.TV good selection channels rooms contain tea coffee making facilities.The secure car parking good location.The problem I ever encountered restaurant - food terrible, especially considering price (Â£15 burnt steak served 6 chips!).Overall would definitely recommend - London short hop away, eat out, in!",0.2517777777777778,0.7124615384615385,Sep 8 2007
42,42,"Good one night stop Due silliness TravelLodge booking system, I found better value stay one night move Lodge road three nights. Rate Â£85. The Holiday Inn fine. Very comfortable newly developed area along canal. As mentioned previous poster, parking problem, When I arrived I directed car park local shop hotel's full. The reception staff said cars clamped I asked guaranteed that, shrug. I able move car park late evening. I used restaurant breakfast buffet style cheap Â£13.95. If I stopped again, two three cafes along High Street I reckon would better value.Would I stop again? It would depend price. I'm happy &quot;bargain basement&quot; Lodge.",0.22774691358024693,0.5414197530864198,Jul 13 2007
43,43,Very clean comfortable Stayed one night whilst attending evening concert Twickenham stadium. Location great wanting visit west London although probably bit far visiting central London. The location easy find short distance M4. Parking bit problem arrival party however guests left late afternoon able park car underground car park. There would serious problem parking close room left car park obvious secure paring area. The clean looking new sparking. The staff extremely friendly gave feeling nothing would much trouble. We stayed executive room balcony overlooking canal made nice stay. Shame think put chairs balcony. Breakfast good although little slow replace food exhausted guests. Overall good place stay I would consider using visiting west London future.,0.15873917748917749,0.5264718614718614,Jul 10 2007
44,44,"Nice Stayed 4 nights business. Very nice, modern rooms. Didn't try restaurant bar good selection pleasant well outside area. The express checkout exactly fast staff helpful. Not many channels TV though. The bed comfortable, room quiet curtains kept light out. Avoid complimentary newspaper light sleeper hang door 5am! Pappadums Indian restaurant excellent.",0.38688888888888884,0.6455555555555555,Jun 8 2007
45,45,"Great - superb value London. Modern (opened September 2005) four-star nice canal-side location Brentford Lock. Easy access junction 2 M4, plenty secure underground parking (Â£10/night) lift direct car park hotel. All staff extremely friendly great kids - ended given three cuddly toys stay. Also offered us late check-out last day without us even asking it. Family rooms spacious clean, two good-sized double beds.Immediate surroundings pleasant new apartments barges canal eating options - Grounds coffee/wine bar, Prezzo pizza, The Weir gastropub - decent meals latter two, problem taking children either. Also Costcutter supermarket complex stocking cheap booze required. The rest Brentford seemed bit down-at-heel, matter visit sights London.Though way city centre directly tube line, transport central London straightforward. The E8 bus stops directly outside (we never seemed wait longer 5 minutes one appear) - 10-minute ride bus get Boston Manor underground station Piccadilly line - 30-minute journey gets central London. We bought 3-day travelcard Â£20 per adult gives unlimited travel buses underground - children 11 travel free both.We stayed week Easter seem overly busy - plenty spare tables breakfast, excellent - self-service cold hot buffets. Also, one evening meal fine fairly priced - got 'early-bird' 20% discount dining 7:00p.m. even though get 6:55.And finally excellent value - booked website Â£59 per room per night, family four including breakfast. Superb 4-star London. We also stayed one night Travel Inn trip London worked Â£105 including breakfast parking.",0.28656838656838657,0.5692669942669942,May 11 2007
46,46,"Good points concern The building modern well designed located banks Grand Union Canal Brentford. It's immediate surroundings pleasant Brentford somewhat run (not sort place go evening stroll).Hotel services good although food variable quality. The room rate fluctuates greatly high nights (Â£159 standard room without breakfast). Car parking fees also high side Â£10 per night. Food, hand, reasonably priced.Availability real problem book good time.",0.3486269841269842,0.5573253968253968,May 9 2007
47,47,"Great Twickenham Stayed two nights ( SAT &amp; SUN ) Â£51prpn, carpark underneath hotel, drive straight in, access reception carpark. Superb twin rooms two double beds, clean!Breakfast excellent large choice good service. Sunday rugby day Twickenham, bar open 9:30 it, 3 minutes taxi bars shops Richmond, easy get M4, going rugby great hotel.",0.4861471861471862,0.5965367965367965,Apr 20 2007
48,48,"Great Hotel Great clean, modern hotel. Rooms decent size reasonable price. Good transport links City. Will back!",0.41166666666666674,0.5683333333333334,Mar 4 2007
49,49,"Perfect London weekend come car South West / M4 My wife I delighted stay 2 nights December 2006. The year old retains 'new' feel know guarantees cleanliness modern design.It's located decent London suburb Brentford within mile M4 (for South West England), couple miles Kew Gardens, 4 5 miles pleasant shopping &amp; eating Richmond. Parking costs Â£10 per night - secure, underground car park. Now key bit - Brentford tube / underground line get central London easiest thing get Kew tube station (which approx 2 miles away) take underground straight - journey 15 mins Westminster etc. At Weekends (Sat &amp; Sun ONLY) parking close Kew tube station easy, free charge &amp; plentiful safe &amp; respectable residential roads nearby. There limit time may park, makes perfect place approach capital!We initially checked double room, would recommend request 'twin' room. This gets size size bed double room, 2 associated space comes that. We moved 'twin' first night difference overall experience considerable - roomy relaxing.As rest hotel, modern comfortable design, staff friendly immediate location nice - located right water canal locks, surrounded newbuild apartments waterside development. We ate Kew (there's variety nice little restaurants 'village-like' area immediately near entrance tube, plus Kew Grill, ASK italian pubs), also accessable easily plentiful buses taxis.Overall, want middle action Oxford Street, Piccadilly Soho, clearly you. However driving capital (from west/northwest especially) fancy weekend daytime shopping/sightseeing followed lowkey evenings Kew Richmond, would hard beat. We paid Â£29.95 per room per night special 2-4-1 promotion, deal made stay better!",0.25899350649350655,0.5284888754656197,Jan 13 2007
50,50,"After Katrina's huracan We spent 2 nights new, clean, modern hotel. Due Katrina's disaster USA, arrive day supposed check in. Despite events USA, staff still charged night spent hotel. Very insensitive! The located great distance London main attractions. From Heathrow airport, take Picadilly line, getting Boston Manor station take bus #8 represents extra cost. There convenient stores feet buy metro tickets, mail postcards, buy fruit magazines. When asked directions information, front desk staff helpful friendly.",0.1474747474747475,0.34273989898989904,Oct 29 2005
51,51,TrÃ¨s agrÃ©able,0.0,0.0,Apr 9 2009
52,52,Gute QualitÃ¤t fÃ¼r ein Hotel im GroÃraum London,0.0,0.0,Oct 2 2007
