,Unnamed: 0,Reviews,polarity,subject,Dates_extracted
0,0,"Awful! : long review please read! booked hostelbookers.com booked twin private room like thought communal facilities like usually find hostel, plus sister. managed find ok, steep steps upto tiny reception desk. guy asked booking slip also paid deposit, seemed little confused. turns double free choice accept it. also private bathroom like we'd booked (and he'd lied us asked!), use one downstairs. room 12 4 flights stairs reception hard legs!the room tiny, room swing cat; foot tiny double bed wall! dirty dingey. snob always stay basic accomodation truly dreadful. plug socket thick dirt, tonnes cigarette butts outside window, mould everywhere. also mouse trap!! bathroom terrible too, hair bath, black mould crevices, dont want know met toilet. shower hot water, shower head low, nearly crippled bending backwards.one towel bar soap provided, well tea coffee facilities daren't touch.as bad enough sleeping double bed sister, mattress pillows seen better days. mattress rock hard pillows...well, felt though pillow all, paper thin. worst night's sleep ever, especially windows rattled whenever train went by.breakfast left floor outside door said wanted sleep in. bad. continental style; croissant, bread roll, yogurt, juice. basic filled gap.great location, yes, that's it. also let leave luggage collect later, although this, mean allow leave landing. considering always someone recption, advise this!",-0.15142926356589148,0.4959302325581396,Oct 11 2009
1,1,"worst bed ever I needed spend weekend london I booked room hotel, single room shared facilities. The staff nice, good point room. The bed room terrible, probably worst I ever slept (even worst bunk bed bestplace paddington) Shared facilities clean. No shared places hotel, breakfast served directly room.I suggest anybody",-0.28124542124542123,0.7752747252747254,Sep 12 2009
2,2,You get pay It's definitely budget accommodation advertised. It's close Paddington station. The staff helpful (not sure spoke English well - hard know hardly spoke me). The rooms small (big enough single bed suitcase) clean contains sink little balcony. Bathrooms shared need get early people shower half shower screen water goes everywhere. Breakfast included. It's bad great. I would recommend anybody tight budget I would stay couple nights (anything gets little depressing).,-0.061742424242424244,0.5116161616161616,Dec 26 2008
3,3,"Stay Away - Unless like Bed Bugs Not good hotel. Bathroom dirty. Asked better room said room I good gets.Later night, bed, I woke feeling bite leg.I get up, pull covers bed I see bed bug signs.So I spent night chair.",0.04615384615384616,0.49230769230769234,Sep 4 2008
4,4,"Good value great location. It easy find ( although one small door ) steep stairs ( better good physique ). The price extremely good value location. Next Paddington station get anywhere time.The guy behind desk little bit weird. He talkative, always said &quot;hello&quot; &quot;goodbye&quot;.Fresh Towels breakfast every morning.There two public bathrooms ( toilet room, room sink though.). We thought gonna messy, clean actually. And never wait ( least long). In room also table, chair closet.The rooms small simple, bed could've better breakfast ok. instant coffee, tea, crackers, jam, cheese, cookies/chocolate roll yoghurt. They try though, want good breakfast somewhere else buy bread make own. samovar really old teacup knife instead spoon, girlfriend I thought funny :).Don't expect 4 star hotel. If picky want good cheap stay, located centre London, great one !Great one students young people.",0.23912215099715098,0.5525417175417175,Jul 19 2008
5,5,The service amazing We lucky enough find little gem near Paddington Station. We given walk rate Â£50 night sensational area. The rooms clean comfortable tea coffee making facilities. The staff happy help ever way could. I would certainly sugest using budget need something simple clean.,0.2635799319727891,0.7177551020408164,Jun 15 2008
6,6,HÃ´tel pas cher,0.0,0.0,Nov 18 2008
