,Unnamed: 0,Reviews,polarity,subject,Dates_extracted
0,0,"Decent hostel great location The best part hostel great location easy access many sights public transportation. An above-average breakfast included many options cereal, yogurt, apples, oranges, toast, croissants, different types sausages, baked beans. If leave breakfast began, sack breakfast could ordered day before. The bathrooms pretty clean showers nicest I've ever seen hostel. There plenty storage space sink room. The bedding bit odd pillow attached sheet instead bunching pillow I stick sweatshirt it. The staff knowledgeable helpful. You could buy tickets many attractions front desk convenient little bit cheaper too! It interesting place different sorts people (seniors, families young children, singles).",0.2721726190476191,0.5055555555555555,May 11 2008
1,1,"The cheapest ok place central london London hostels prices gone roof last decade bad experiences, I sticking YHA St Pauls. If coming London short stay shop, cheapest safe place stay. This hostel centrally located direct train connection London Gatwick Airport good underground connections. It also clean, quiet offers good breakfast included price. I always 10-bed dorm second floor (note elevators 19th century high-ceilinged building means fair climb lot luggage!). If upper bed bit tricky climb though I try request fave bed booking. The shower rooms pretty clean hostel (the trick shower evening instead morning rush hour) toilets. In stays staff helpful times I question.The area City night much do, besides nice Italian restaurant corner. But St Pauls many night bus stops problems getting home.",0.18159722222222222,0.40277777777777773,Sep 29 2006
2,2,"OK short stay I stayed YHA City London two nights (8 &amp; 9th jan, 2006) parents wife. We given room no. 20, located first floor. I pay 196.80 GBP four bedded room two nights. I little difficulty find hostel St Pauls tube station. I forgot see map. I relying address (its good idea check map arrival).Staffs reception desk helpful.In room three boxes (they call beds!!) top (see picture) VERY inconvinient. They two + two bunk beds (not boxes). Pillows thin. Only one Heavy chair table within room (just room small). Only one window room ventilation. The floor carpet wet. We basin inside room power plug sockets, convinient. Since floor woodden, makes pleanty noise someone walks corridor. There pleanty toilets showers floor. But toilets narrow adult person sit. Showers small nice.Breakfast nice. You may choose continental English set menu. There self catering facility, guests food restaurant.In building, elevator, prepared sweat lot pleanty luggage. Rooms available 14:00 first day arrival. We could manage staying two nights, cramped inside boxes. The room NOT worth price paid.",0.10970000000000002,0.49646666666666667,Jan 10 2006
3,3,"Well located good hostel Stayed couple years ago thought I'd post belated review.Excellent location - walked many places here. Also close tube buses.Hostel clean, never wait shower. Breakfast great recommend dinners.",0.6191666666666666,0.6900000000000001,Oct 21 2005
4,4,"Good hostel calm area. I stayed hostel 5 nights june/july 2005.The hostel located area dominated business offices consequently making calm night weekends. St Paulâs Cathedral around corner (where sightseeing buses, ordinary buses taxis stops) likewise Millennium Bridge one take stroll Thames. Blackfriars underground station (which I used) 5 minutes walk away.All staff friendly helpful. I slept room 11 beds, equipped one big locker one small locker side bed (you need bring padlocks both). Earplugs necessary use since windows open (it hot) bell St Paulâs rings every hour (yes - even 4 a.m.). There plenty shower rooms toilets, clean.The breakfast good one need start long day sightseeing. The bad thing breakfast allowed get one item.It says YHAâs official website youth hostel guests ages.If looking calm hostel good location, I think good choice.",0.16470760233918127,0.6334502923976608,Jul 5 2005
5,5,"Basic well located The rooms basic, clean staff friendly helpful. The hot breakfasts fantastic, although evening meals cheap I would expected. Share bathroom facilities always great, relatively clean. Not youth, plenty people ages. It well locateed, opposite St Pauls cathedral, public bus service regular. For basic, budget (by London standards) accommodation frills, would recommend place.",0.21138888888888893,0.43527777777777776,Jun 29 2005
