,Unnamed: 0,Reviews,polarity,subject,Dates_extracted
0,0,"Good clean value money. My husband I stayed 1 night trip theatre location brilliant walk back show Victoria. The room 'standard double' that-It light, airy, clean tidy. The bathroom compact shower nice hot clean towels (that even changed halfway day!) The bed squishy side comfy enough. My real complaint would creaky floor boards people room sounded like River Dance everytime moved!! This annoying didnt last long everybody bed. The breakfast lovely, fresh, well cooked breakfast endless toast! The staff friendly smiley (even always dressed professionally!!) I would recommend anyone looking basic, clean accomodation expecting 4* Â£92!!",0.20649839743589743,0.5435256410256412,Oct 11 2009
1,1,"WORST ROOM EVER!!! We booked wotif.com thought would rather good. no. Over 6 week holiday worst room had! We booked double room bed got even fit two normal pillows next other. I ended sleeping floor partner bed, fit! The ONLY share toilet 30 rooms 6 flights stairs us almost always engaged toilet shower room. It always disgusting hair water everywhere. We got swap rooms night safe broken room got fantastic! must got worst room place.",-0.13640350877192983,0.4973684210526316,Sep 1 2009
2,2,"Book direct hotel! Had great one night stay here. The location fab London stroll road Victoria coach station (and also within short walking distance Victoria tube/train plus Victoria theatres). Since main purpose trip go see Wicked fantastic walk back after.Booked direct (discounted) price usual sites. This meant full english breakfast (delicious) included - book via another site. They confirmed booking immediately triple room, phoned hours later say mistake would instead take three single rooms price? This problem (in fact slightly better deal) us receptionist apologised profusely.On arrival staff friendly helpful - continued throughout stay. At 10.30am anticipated dropping luggage two rooms ready let us straight in. The rooms small tiny bathroom (1 metre wide) that's fine - concern me. The LCD tvs room freeview worked perfectly beds comfy. Most importantly, everywhere spotlessly clean.This perfect 1 night stay - paid full price would disappointed, I suspect special prices run throughout year. If problems getting luggage several flights stairs, feel claustrophic cupboard-sized bathrooms cannot walk 10 minutes - everyone else I certainly recommend it!",0.19600970017636685,0.46178791887125237,Aug 10 2009
3,3,"loved hotel! We stayed room 2 beginning june 2009 found wanted central london. It close everywhere perfect location sightseeing.Our room spotless checked every day 5 day stay, staff always genuinely smiley helpful, especially breakfast room front desk, always pleased see us asked day.The food breakfast room started day beautifully, served hot fresh always smile huge amounts toast tea full English breakfat.the undergoing refurbishments breakfast room main stairs, coming together nicely. room (2) spacious beds comfy plentiful bedding, I know bathrooms comedy small, people take seriously found quite hilarious needed, could sit toilet business brushing teeth sink washing feet shower time!Our room quiet except selfish others think slamming doors funny 4 am, fault hotel, loved stay back late August.Ella HansenBath, England",0.23173076923076924,0.6080128205128206,Jul 26 2009
4,4,"Great location good bang buck! I great time hotel. Very cosy, almost like home central everything (very close Victoria Station). Considering cost equivalent hotels around area, I thought pretty good. The rooms single small, again, get pay for. I found staff helpful Winter, nice, warm place stay 5 days.",0.3931122448979592,0.5813775510204081,Jul 24 2009
5,5,"Good great location I enjoyed stay hotel. The location excellent, next Victoria station, walking distance attractions many restaurants/pubs around. I basic room ensuite perfect needs. The bathroom small, overall room big enough Europe clean. The staff helpful could friendlier. I could store luggages arrival departure. The inconveninct breakfast, limited toasts cereals. But there's restaurants serve English breakfast area. I knew advance, there's elevator I carry luggages 3 floors...",0.27938988095238093,0.47736607142857146,Jun 24 2009
6,6,"Get pay for! Stayed Georgian House Hotel June 16-18th. Had basic room bathroom 49 pounds night.Here pros &amp; cons hotel:PROS:- Location (Close Victoria Station &amp; Restaurants)- Price- Free wifi (If get working)- Safety deposit boxCONS:- No Air Conditioning- Small window, cannot get fresh outdoor air- Lacking cleanliness- Very worn furniture units- Breakfast disgusting- Need leave key everytime leave",-0.049999999999999996,0.5892857142857143,Jun 18 2009
7,7,"Nice price great location Spent 3 days London son fall 2007. This excellent value great location. Bathroom small guest size 2XL men women, able close bathroom door! I stay again!",0.44453124999999993,0.605625,May 21 2009
8,8,"The suite like house London I've booked room 5 people I get suite basement building connected receiption; I get keys 4 days stay I figured owner house center London.The suite large composed by: kitchen + sofa zone, bathroom, sleeping room. 2 beds located sleeping room, 4 beds comes aut 2 sofas.If lucky get good weather eat connected courtyard .In room available PC internet connection 24H free, get room unavailable get free access PC close receiption.The breakfast &quot;continental-style&quot;, various good. If get suite exit make 2 minute walk breakfast.",0.2922619047619047,0.5436904761904762,May 12 2009
9,9,"Convenient Victoria We stayed one night end trip UK. The convenient Victoria station. The room spacious clean. We expecting usual double bed (similar US full size) pleasantly surprised UK King ( US queen). We notice much noise outside hotel, heard lot late night noise within hotel..... footsteps around crying baby across hall. We recognize responsible unhappy baby, clear much noise insulation walls. Overall, seemed good value one night, want negative based one night's sleep.",0.04035087719298244,0.4517543859649123,May 11 2009
10,10,"I returning We booked two rooms abysmal. They located basement area dark, gloomy warm. The photos website referred Trades Descriptions Office.The bathrooms must smallest I ever seen, much I stood sink leaned forward slightly backside pushing door (and I slim bloke). One receptionist particular rude, discouteous unhelpful. I'll charitable put language difficulties clearly trouble understanding point I trying make. When discovered one room bath towels told us waiting delivery following day. Unbelievable!The web site says provide free complimentary English breakfast checked told continental full extra Â£3.50 per head. The icing cake 4.30am wake call never ordered - can't people check something simple this?On checking receptionist bother asking everything order - probably told truth many times.At Â£90 per night must better places stay even central London.Take advice stay somewhere else.",0.13722222222222222,0.3814682539682539,Apr 28 2009
11,11,"Welcoming great location lovely breakfast! I recommended friend also stayed found excellent. The location brilliant - close Victoria quiet street, room I stayed lovely - newly decorated, tastefully done everything could need. I found towels new fresh everything clean. The breakfast one best I've London too!...the sausages eggs really good. I found staff couldnt helpful - friendly efficient. I would definitely recommend it.",0.4780871212121212,0.6001515151515151,Mar 24 2009
12,12,"Great young travelers want stay hostel This probably great families looking get away romantic trip. However, traveling budget like hostel atmosphere probably perfect spot you. It's conveniently located near Victoria Station connects Victoria, Central District lines lead practically everywhere want go. It may particularly date rooms small clean service friendly accommodating. Just remember get pay â want bigger flashier London youâll shell big bucks. This place really traveling budget.",0.25722222222222224,0.4722222222222222,Mar 6 2009
13,13,"Very pleasant stay Recommended friends disappointed:Smart comfortable room, brilliant prompt service, lovely breakfast, informative helpful local surroundings services. Great central London location. Thank much.",0.44592592592592595,0.5677777777777777,Nov 10 2008
14,14,"Ughh-- nothing like website!! I would recommend anyone. Period!The rooms small (like smaller average London), like sleeping box!! The run-down, grungy need repairs. The breakfast sub-standard really low quality. The bacon I served basically piece white fat meat... yuck!Although staff friendly enough, I enjoy stay. The thing going central location.Oh, website completely misleading. I idea featured pics, definitely like room I stayed in! so, go look somewhere else-- fast!!",0.007932692307692307,0.44999999999999996,Sep 26 2008
15,15,"awful unfriendly I confirm description misleading.The room ridiculously small, funny spend 3 nights there. The towels grey thin usage obviously poor washing, hence extremely unpleasant use.The staff friendly all, refusing upgrade room unless I paying standard rate (which obviously higher, case lot higher, lastminute.com rate I purchased at).Avoid means can.",-0.13541666666666666,0.6166666666666666,Sep 1 2008
16,16,"Horrendous We returned HORRENDOUS stay &quot;Deluxe Triple Room&quot; &quot;hotel&quot;!!!! (who rated hotel? I even call low grade B &amp; B!!! ) Our aforementioned &quot;Deluxe Triple Room&quot; basement. The deal I got (Â£95 per night) could booked contacting directly - I wonder why???? I know - agent SURELY would recommend staying run down, dirty, unsafe, smelly, noisy establishment. I also understand deduct first night soon book - know stay otherwise. I really find incredible powers give establishments star rating even allow house continue trading guise B &amp; B hotel. They even audacity tell newly refurbished. I never seen throwovers beds good shop sold - stained stinking. The radiator leaking. The beds damp, room damp, sheets torn, &quot;bathroom&quot; little closet - horrible. I cannot describe bad place was. If stay place reading review, stay peril.Also, breakfast inedible!!!",0.07145675505050506,0.588895202020202,Jul 31 2008
17,17,"Friendly Staff I've stayed Georgian House times I've visited London, November 1999 November 2002. Last time I actually booked street seeing declined headed Georgian House I accommodated ground level room even reservations. The definitely needs refurbishment OK short stay. The staff quite nice, full English breakfast included close Victoria Station safe neighborhood. Having experienced seen two others nearby, I would likely book future.",0.22934027777777777,0.4456597222222222,Jul 27 2008
18,18,"Not seems The website portrays classy, well equipped homely. We quite dissappointed arrived find place quite shabby, No worries , I thought, ensuite room. When I actually saw ensuite (bathroom?!) much better! It nothing temporary plastic cubicle fitted corner room, shower enclosure toilet small basin. You swing cat! The toiletries provided small bar soap (you could purchase shower gel shampo etc 80p reception) They looked exactly placed rooms. Towels tiny. Room clean sheets wearing places. Walls thin hear everything. Really disapointing seeing pictures website, obviously taken hotel.Breakfast????? meant fit Royals!!!!!",0.05960784313725491,0.4588235294117648,Jul 17 2008
19,19,"I used love I stayed multiple times enjoyed price location. However, I longer recommend it. On first arrival, room key missing I given spare. The shared bathroom renovated since I 2006, water pressure even London standards terrible. In addition, switchboard broken rooms phones...anytime I needed make call I use phone lobby.The room key showed mysteriously next day I checked in, I given proper key. On Wednesday, room robbed. The door kicked in, lock broken...but cellphone, iPod Canadian/American money gone. The staff seemed surprised, course, would 'be held responsible'. We checked next day (robbery discovered 11.30pm night before) much better place.So, I can't recommend one anymore. I really liked place...but I stay stuff secure, I recommend anyone else.",0.030000000000000006,0.5516666666666667,Jun 23 2008
20,20,"nice room shame stairs! Just spent 3 nights georgian house hotel, 3 adults,2 small children. First impressions entrance hall reception little bit shabby stairs, however renovation rooms newly decorated carpeted nice. We one room 2nd floor one 4th lots stairs lift ideal young children luggage. Breakfast nice breakfast room small became full quickly, struggled get table 5. Found bizarre staff foreign, speaking limited english, guests, appeared english place. Hotel well situated victoria station sightseeing.",0.12298947264856355,0.4686698150334514,May 11 2008
21,21,"good price Nice Stay!We 4 nights last december 2007. The room big confortable king size bed, bathroom little tiny, although correct. The main thing everything clean, staff helpful. The breakfast simple correct, everything expect hotel. The location superb, five minutes walk Victoria Station, 15-20 minutes walk Buckingham Palace 10 minutes Houses Parliament Big Ben.Perfect me, worth price London.",0.2682738095238095,0.45479591836734684,Jan 5 2008
22,22,"Ok good location There five us traveling (3 adults 2 small children). All pleasant stay. The room decent size (London standards) bathroom typically small...but survived. The staff pleasant. Its awhile since there, I recall either elevator scary one. The breakfast room nice breakfast, 10 days england getting tired traditional English breakfast. We pretty close things far tube.",0.17777777777777778,0.7033333333333334,Jan 1 2008
23,23,"Not what's packet!! The web-site looked attractive I called, I told large re-decorated room reserved. 6 flights depressingly dreary stairs torn wallpaper worn carpet later attic room best could decribed clean simple. Very small shower room - postage stamp sized towels bar soap - basicas could get. Breakfast 7 flights stairs - basement- bacon awful white slimy residue, congealed egg, mushrooms kept warm hour grilled tomato missed grill - decided give miss!! Fair say - returning Hotel again.",0.16445360195360192,0.5380463980463981,Dec 5 2007
24,24,"Awful experience upgraded! Stayed due London 2 nights business. This recommended Batersea local passed entrance. It looks fine outside believe me, far want go! However, booking website looked fine seemed good value offered web. Arrived checked 3 hour journey London, looking forward seeing show night. Got single room could cried! A small smelly room light speak of, shower terrible assuming could get wardrobe reach shower room! swinging cat? No chance plastic spoons nice touch toothbrush glass tea coffee making facilities. I even want think stains wall headboard were....I seen much better university halls residence!On plus side I complain reception helpful short notice....They converted apartment road 5 minutes walk I stayed night. Not quite complete clean smelt absolutely fine. At 11pm I grateful anything! I return breakfast next morning stay, say more....checked Victoria Thistle next night could happier!I thank Georgian House Hotel changing room night cannot recommend way. Need stay near Battersea? Stay Victoria Thistle.",0.06395617667356798,0.4886162870945482,Nov 8 2007
25,25,"Unfair play We booked twin room Bower House Hotel via venere.comin advance (3 months arrival). Venere.com separates theBower House Hotel (by guest rating, price rooms, bylocation quiet street) Georgian House Hotel (theguest rating lower, rooms cheaper locationis St.George's Drive) although belong sameowner reception located Georgian House Hotel.We decided pay comfortable accommodationin Bower House &quot;air-conditioning units, powerfull shower&quot;and located quiet Cambridge Street (according descriptionon web-site conformity venere.com)than Georgian House Hotel.However, arrived, suggested occupy roomin basement Georgian House Hotel awful smelland stuffy air (it seems laundry room nearby). We beenassured &quot;Deluxe&quot; room. When rejected &quot;Deluxe&quot; room suggested another &quot;Deluxe&quot; room 1st floorof Georgian House Hotel. It small double room asimple weak shower, without air-conditioning, noisy (we hearedeverything neighbours upper floors toiletroom). Again, persevering assured room a&quot;Bower House Deluxe&quot; room. Since refused believe this, havebeen suggested cancel reservation made 3 MONTHS IN ADVANCEand look another accommodation somewhere around. We notready offensive reception since complaints aggressively rejected, finally agreed stay room 1st floor. This &quot;Deluxe&quot; room different cheaper&quot;standard&quot; room ONLY BY bottle cheap wine-drink. Next morningit occures assigned &quot;continental&quot; breakfastwhereas venere.com description followed shouldbe &quot;full English&quot; breakfast. Both breakfasts poor plainthat tasting like eat them.So, bewary choose hotels!",-0.031249999999999993,0.5345833333333333,Oct 5 2007
26,26,"Pleasantly surprised Out 6 places I've stayed London, one I definitively say I would stay again. The lavish, I basically got I expecting hotel: clean room comfortable bed. I booked room top floor shared bathroom. There 3 bathrooms hotel, seemed enough, I never wait use one, always clean. The location great, minutes walk Victoria station. The rate included full English breakfast, always served quickly, staff helpful, I arrived. The downside lift, really issue I trying get suitcase 4 flights stairs. On daily basis I mind exercise.",0.20729166666666665,0.590625,Sep 23 2007
27,27,"good value money london I stayed London daughter july07. We took cheaper room, walk five flights stairs. The room small comfortable, clean ensuite, heating TV. The room clean breakfast good value. I booked accommodation double room nights single daughter leaving I staying own. They move charged single rate, I grateful for. I would recommend lot luggage due lift. The location excellent walking distance Victoria station bus centre. The local pub located street behind, restaurants short walking distance. I would definitely stay again.",0.16058201058201055,0.4765873015873016,Aug 26 2007
28,28,"Great Hotel Great Value! The Georgian House Hotel definitely hidden gem heart London. First, perfectly situated within walking distance (5 min) Victoria Tube Station, great help u need see numerous attractions scattered city. The area also minutes away Buckingham Palace Buckingham Palace road, filled many great restaurants. Big Ben Westminster Cathedral also close area. Also, clean, room surprisingly spacious (considering tiny rooms typical European hotels). There computer one use lobby, 24 hr receptionists great help, especially booking tours us. Breakfast veeeery good, fruits, cereals, toast, juice, jam, honey... u could english breakfast freshly cooked (eggs, sausages, mushrooms, etc.). Finally, price reasonable London quality, 70 GBP per night double room. Noteworty mention area filled hotels quality, one charges least 10 GBP less per night.",0.27458333333333335,0.5561979166666665,Aug 25 2007
29,29,"Good choice budget My husband I stayed Georgian House July 2007. We booked advance one hotel's basic rooms shared toilet. The staff kept responding e-mails arrangements good.The overall VERY GOOD INDEED. The reason three instead four stars room tiny really claustophobic. We stayed tiny rooms besides could expect luxuries 45 pounds night. However room small window roof leaning heads. I felt like living shelter 2nd world war.Other that, lively reception day long, breakfast PERFECT (real English breakfast, bacon, eggs all), hotel's location also convenient (near Victoria bus , train metro station).One last drawback affect us drawback anyway fact elevator. Climbing stairs four floors easy thing erderly people.Marina - Greece",0.1653030303030303,0.4297619047619048,Aug 17 2007
30,30,"Things always appear....even rooms!! Kingston, Ontario CANADAMy husband I stayed Georgian Hotel June 14 -17, 2007. We booked internet price location. The pictures rooms website NO WAY reflect actual room looks like!Our double room fronted road, seemed used drag strip, especially Saturday night. There small balcony room full cigarette butts wet roll toilet paper (I even want think that). The carpet front patio door soaked reason, I presume someone left door open rain got in. The bathroom shower stall could use sort shelf least put bottles shampoo etc it. Everything put floor.The good thing I say breakfast always good, staff breakfast room efficient polite.I would stay future......",0.07291666666666666,0.37786458333333334,Jul 4 2007
31,31,"Never Again! I booked two rooms--&quot;a double twin standard room ensuite shower toilet....&quot; The twin fairly large room VERY small bathroom/shower. The double VERY small room bath. Neither room looked even remotely like website (they pretty shabby). Both rooms 4th (???) floor 78 stairs lobby. The positive rooms appeared clean.I think website misleading rooms portrayed. I also difficulty booking/deposit proceedure ran credit card three times. I'm sure honest mistake, instead staff helpful it, rude defensive.I would never stay again.",0.05704295704295704,0.507916527916528,Jun 9 2007
32,32,"Great location This nothing fancy, great location. Our room clean comfortable location close Victoria beat. We appreciated hot breakfast every morning. I'd recommend anyone looking good value!",0.5273809523809524,0.6500000000000001,Jun 4 2007
33,33,ok short stay We returned weekend hotel. We booked deluxe room turned Bower House part hotel. This quite strange arrangement meant walk street get breakfast- much fun pouring rain. The room though small clean pleasant enough however bathroom rather small felt rather cramped-if carrying extra pounds- forget it!!!. We nasty shock booked website advertises local car park vouchers available reception meaning maximum cost 24hrs would Â£16.50- longer available aked used free spaces outside hotel!!--- We would done we'd told booking in- parking instead cost us Â£54 approx 30 hours- BEWARE.The lovely residential part London Kings Road/Sloane Square within walking distance.,0.10760233918128656,0.4634502923976609,May 29 2007
34,34,Great stay I great stay. room clean also small. (single room). But ok since usually dont come London stay room day. I cant say anything breakfast I lazy get time. I left usually around 10 10:30 came back around 6 pm. After shopping sightseeing I always pretty tired. My room faced street noise I tired really care it. But unfortunately I could hear every single word neigbors spoke watched TV. bathroom small. I'd say overweight people possibly use shower. But location great. The area seems also safe. The staff actually helpful friendly except one guy reception one night didnt really bother anything. Regarding London prices one definitely consider hotel. It's cheaper hotels worth money. Always try get discount hotels website.,0.09569664902998237,0.5130952380952382,May 22 2007
35,35,"Modest great location I stayed 3 times past 6 years things stayed part.The good:1) fantastic location - close Buckingham Palace, Guggenheim, House Commons, Pall Mall (all within 30 minute walks, 10 minute cab ride)2) great price especially location3) clean4) huge breakfast fills day5) quiet safe neighborhood6) close Victoria Station7) Interesting, non-tourist pubs close by8) store luggage hours check out.Needs improvement...1) staff attitude aloof2) common bathrooms sometimes need cleaning midday. No problems evenings morningsWhat need know...1) Basic hotel. If expecting waited hand foot kinds services, stay here.2) No elevators.3) Many B&amp;Bs street we've seen internet person, look inside. Georgian House probably least expensive..4) If plan spend day hotel, much watch TV read common lounge.5) get cheap rates, may share bathroom stay annex building block away.",0.17954545454545456,0.5026515151515151,May 5 2007
36,36,"So First all, expensive, London hotels are.I choose time I go London, I really like it, I'm afraid choose another one, could much worst.The quite far public transportation, though 15-20 minutes walk Victoria train station, also nearest tube station. The Victoria coach station 10 minutes walk.A single room shower 50 pounds. They clean small bathrooms smaller boxes added old rooms.The included breakfast good fat (I chose English one).A strange custom book room, charge advance one night credit card, time make booking.",0.05907738095238096,0.4165178571428573,Apr 6 2007
37,37,"would go baack We basement room nice big. 3 bottles water room replenished next day. Only problem room voist damp smell.The staff unpleasant unhelpful. I cannot understand people would think breakfast good, We entitled continental breakfast upgraded Â£3.50 english breakfast, consisted toast, sliced tomato, 1 rasher bacon 1 sausge tiny, bigger thumb! The second morning McDonalds breakfast shopping centre next Victoria Station. The really close Station pubs vicinity Wetherspoons station. We paid Â£70 per room per night. It OK think could get better location price stay again.",0.10200000000000001,0.41833333333333333,Mar 26 2007
38,38,"Nauseous experience The young man checked us seemed rather disinterested provide much useful information regarding stay. We stayed Quad room happened located top floor (at least 4 flights stairs reach!) elevator sight. To horror, room nauseating smell paint fumes made one night stay almost unbearable. The tiny window limited opening, obstructed large steel bars. The paint fumes caused family develop headaches well particularly sore throat.In morning, dramas encountered breakfast table man checked us provided us breakfast vouchers. In fact, man never told us needed vouchers receive breakfast! This caused unnecessary level frustration, embarrassment angst family I. The situation eventually resolved man checked us finally accepted failed explain us needed vouchers, accordingly give us.Not comfortable healthy stay.",0.11036414565826329,0.4899859943977591,Mar 2 2007
39,39,"Deluxe okay We booked Deluxe room stayed 3 nights. Were put Georgian House (not Bower). Fare breakfast 85 pounds-night two. I strongly recommend stay deluxe room. Our room adequate. Small, comfortable bed, nice amenities, manageable though small bathroom conveniently located, 5-7 minute walk victoria station. Sounds like regular rooms small less comfortable. We liked it. Price right felt got moneys worth. I would stay again.",0.29087301587301584,0.5636650386650388,Jan 31 2007
40,40,"Wouldn't bother staying all. We stayed new years eve location seemed good walking Thames watching fireworks. The area nice quiet felt safe. I would, however recommend staying length time. The rooms ok size, corner standard twin, bizarre bathroom that, inside resembled toilet might find plane train. It tiny. The room faced onto street window shut properly, could noise street. The room small smelly useless bathroom looked unkept. There lift so, anyone disabilities pushchair would really struggle!. There also fire escapes apart main door hotel. It worth mentioning breakast lovely staff breakfast also friendly. However room small ended sharing table complete strangers time day, something really want. This somewhere would want get back to.",0.1812362258953168,0.3736914600550964,Jan 6 2007
41,41,"I Always Come Back! It's luxury least, better so-called hotels vicinity. It's affordable London minutes walk Victoria tube train station. Victoria bus station also close by. I always make sure e-mail ask student room. If walk five flights stairs, room lower budget price. I've always clean room, always come back. It's London, rooms supposed small people! It's place put head down.The breakfast room can't beat. It's one budget hotels serves hot breakfast.",0.043560606060606064,0.39217171717171717,Dec 5 2006
42,42,"Stay away Once walked knew mistake. We checked went room. The air musty , wallpaper peeling walls. Bathroom tiny dirty. Couldn't open shower door way hit toilet. We spent one hour depressing went found us another hotel.",-0.2222222222222222,0.46666666666666673,Oct 9 2006
43,43,"The deluxe room excellent I live England, travel London business usually get great deals via [--] however, last minute trip I get favourite places. I paid Â£85 double deluxe room, single occupancy, room 38 basement.Overall good value money- room clean, queen's size bed comfortable, satellite TV complimentary mineral water.The shower loos noisy, due mini bore system used, liveable with.The room clean fresh towels day. Full English included room rate, bit disappointing scrambled eggs bit greasy side - things fried I'm used grilled.Broadband access Â£1 15 minutes excellent.I arrived bit worried, pleasantly surprised.Oh, I got complimentary toiletries people buying small shampoo shower bottles 80p (the size usually get complimentary hotels) sure rooms toiletries.",0.2200640692640692,0.5532603174603176,Sep 19 2006
44,44,"Never going back Our recent stay extremely disappointing. It supposedly rated 3 star establishment opinion deserve anywhere near rating overpriced. The whole run-down feel it. Our room grime marks walls, carpets bed hole bedsheets (which changed entire 4 day stay). The room supposedly cleaned prior arrival toilet still contained contents previous guest. The &quot;ensuite&quot; bathroom tiny plastic cubicle fitted room door work properly enough space even dry shower. The staff rude, I would describe particularly welcoming professional either.The room nothing like photos website. There many many 2 3 star rated hotels area much cheaper prices, definitely staying elsewhere future.",0.04891304347826087,0.33804347826086956,Sep 4 2006
45,45,"DO Not Stay Bower House Georgian House Hotels - rip-offs The rooms rundown, extremely small poorly decorated. The bathroom small could barely spit, let alone use normal bodily functions. What described internet booking site really exists miles apart. There far many choices hotels London waste money time either two hotels. What rip-off! No phone room (which Bower House) block half away front desk call complain terrible bed seemed even smaller standard double. The mattress awful! The room felt Dirty!",-0.19166666666666665,0.4364035087719299,Aug 30 2006
46,46,"Avoid My wife, son I stayed couple nights last summer. The room incredibly small overheated: air conditioned hot water pipes made inferno. On top I realized I charged using online service I walked. There lots similar class hotels area less money.The service personnel friendly, rooms terrible.",0.023148148148148164,0.4759259259259259,Aug 22 2006
47,47,"Low value money My husband I, plus another couple, stayed Georgian House Hotel twice last trip London, stayed total five standard rooms. Each room different, general adequate clean, basic. (However, recommend Room 41 located basement.) If planning stay summer, sure ask fan - there's cross ventilation air conditioning.The relatively long walk Victoria Station, quite convenient hoped.While understand London expensive, US$ exchange rate poor, still feel receive good value price paid stay hotel.",0.06666666666666667,0.44009259259259265,Jul 19 2006
48,48,"Not website makes out!! Stayed daughter one night Georgian House Hotel researching hotels web.The website portrays classy, well equipped homely. We quite dissappointed arrived find place quite shabby, indifferent reception staff whos English language skills left bit desired. When arrived room still cleaned someone spoke english less friendly. We waited landing look communal bathroom extremely heel, mildewed grotty looking. No worries , I thought, ensuite room. When I actually saw ensuite (bathroom?!) much better! It nothing temporary plastic cubicle fitted corner room, shower enclosure toilet small basin. You swing cat! The beds extremely uncomfortable slanting towards head end I woke severe neckache! The decor rooms scruffy looked though complete refurb order.At breakfast discovered booking continental breakfast provided cooked breakfast extra Â£6 each. When booked website misleading, quoting info Musk sausages Royal family order, part breakfast, say pay extra them.Overall disappointment!",-0.043809523809523805,0.34497354497354493,Jun 7 2006
49,49,"Very good value excellent location. I pleasantly surprised hotel. First, location excellent. It nice neighbourhood easy walk Buckingham Palace, Victoria Station Victoria Coach. Our room top floor, big climb top. However, spacious clean room private bath. The staff friendly helpful. Even though supposed charged internet access, let us unlimited use computer free. Breakfast good. Lots variety; cold cereals, yogurt, toast, eggs, meats, juices, fruit endless cups tea coffee. A &quot;full English&quot; sure! We eat till dinner. We recommended place friends stay again.",0.41250000000000003,0.7078086419753087,Apr 18 2006
50,50,Served purpose This great looking place stay need bed sleep located close Victoria Station. We room 3 people breakfast included. We left every morning return night suited purpose. We flown Gatwick took express Victoria Station. It short walk there. We also booked 2 different tours Evan Evans left Victoria Coach Station walk there. The less positive aspects elevator. Our room third floor (64 steps up) meant drag luggage up. We made sure came night need come back next morning. The room clean given fresh towels every day. The bathroom room extremely small. The shower door could open entirely hit sink. We joked plan took shower much room work with. The room also air conditioned I think I would want stay summer. The floor room also several squeaky boards. The breakast included sufficient. The staff helpful although much friendly others.,0.11290074659639879,0.3667709705753184,Apr 4 2006
51,51,"Never. Period. We booked family room Hotels seven nights 3/2006 Spring Break Holiday. The listed three stars, believe it! Old quaint great historic buildings, (they held restrictions upgraded) dire need refurbishment. Needless say displeased thought misrepresented booking agent's information hotel's web site. We stuck three nights made arrangements left.The nights credit numerous telephone charges since credited account booking agent.The bright spot staff, part friendly helpful. The manager willing work us get booking agent resolve problem (she also frustrated agent's inability get straightened timely manner).",0.14426470588235296,0.5461764705882352,Mar 27 2006
52,52,"Great place stay (and eat breakfast) My family enjoyable stay Georgian House. The location great, friendly, helpful staff always available. Be sure get &quot;full&quot; English breakfast included room rate booking tasty meal fill up: several kinds cereal, peaches, grapefruit, several kinds juices, coffee, tea, plus egg cooked order along sausage, bacon, bread, mushrooms tomato. Much, much food hotels offer. You pay 7.50 pounds per person extra full breakfast included room. The rooms spartan, clean. Fresh towels daily. While reading paper lobby, I overheard several complaints front desk: hotel's fault. One couple arrived check-in, front desk said reservation. The couple booked Expedia.com apparently mis-informed couple. The next day another man told front desk thought breakfast included room rate desk said not. He also booked Expedia, confirmation paper show clerk. The clerk confirmation told Expedia meal included. I booked directly via e-mail single problem room reservation. When I booked, I asked for, received, full English breakfast problem. So book third party? Also, handy internet access lobby costing 1 pound 15 minutes.",0.24070952380952376,0.3755269841269841,Mar 16 2006
53,53,"Thoroughly enjoyed Georgian House! We stayed 9 years ago wonderful experience. Although first choice, I research hotels area horrified reviews bedbugs, filthy carpets overall nasty experiences. I concerned area declined since stay, delighted walk Standard level room find clean tidy (and bugs!), nice tea tray. To us perfect London flat type room added ambiance stay London. If looking fancy terribly picky, I'd suggest Deluxe level room, modern touches remodeling. We actually stayed way Expedia booked reservation preferred Standard. It's location perfect anyone flying Gatwick. Gatwick Express Victoria Station 10 - 15 min. walk there. Tour bus companies stops near Victoria, several tourist attractions pubs within walking distance. The staff friendly helpful. We would definitely recommend hope stay again.",0.20025641025641028,0.5478205128205128,Mar 1 2006
54,54,"Two Classes Service We choose paid major online travel seller. The advertised three stars, actually two standards service. There nice three star rooms come breakfast one star hostel style rooms basement include breakfast.I paid three star hotel, I receip listed three star. I placed one star room denied breakfast. I went front desk showed travel confirmation clearly listed room three star, refused offer three star service told travel agent booked &quot;standard room&quot; three star &quot;premium room&quot;, I reminded front desk girl confirmation three star service listed it--she told take travel agent. The staff nice, quite firm would honor level service I paid for. When I asked abou prices standard v. premium room refused discuss prices. Clearly, working hard present inferior basement rooms sort three star service evasively placing blame travel agent &quot;misunderstanding&quot;.As evidence basement room far less three star, I included photographs. In first see sign posed doorway basement stair warns guests carpet loose stairway less entirely safe. The second photo shows shower corner bedroom (no, corner bathroom, corner bedroom) also see satellite television quite small includes 4 BBC channels. Third photograph shows quite bit wood rot outside shower. The last photograph 1/2 bath opposite side room shower.Regretfully, none photos paint picture three star I paid dearly for.***Please see travel receipt I provided staff**Georgian Bower House Hotel 35-39 St Georges DriveLondon, England SW1V 4DGUnited KingdomCheck in: Fri Sep-23-2005Check out: Mon Sep-26-2005 Reservation questions: -----For information contact hotel: Tel: --- Fax: -----Hotel class: 3.0-star More lodging infoRoom description: Standard Triple Contact: Mark Howard",0.055695266272189355,0.34993836291913216,Nov 30 2005
55,55,"A real bargain great location I stayed Georgian House first trip London. As woman traveling solo tight budget, I wanted someplace safe, clean, affordable, conveniently located. This place delivered spades, served hearty breakfast carried dinner, too. Plus staff generous directions restaurant recommendations someone wanted hang locals. My complaint: bed kind lumpy -- again, time I lay end day, I tired care. For everyone complained elevator help carrying bags, I say is, hello, read web site make reservation! It's like keep secret.",0.06981074481074483,0.5275335775335775,Oct 15 2005
56,56,"Nice enough We stayed double room ground floor worried would hear everyone walking stairs next us wasnt bad. Considering meant staying building (The Bower House) I dissapointed werent given room there. Our room smaller I expected - small cosy good enough boyfriend I. It clean bed comfy, shower tiny - knocked elbows tiles washed hair! We stopped 2 nights fine length stay. I would preferred bath, seems doubtful London large enough bathrooms fit bath in! Wasnt keen english breakfast - Â£3.50 extra got fried egg, 1 piece bacon, 2 small sausages, mushrooms tomatoes. Neither us like egg, boyfriend doesnt like mushrooms tomatoes less got empty plate didnt offer substitute anything! Nice style building great location - 5 minute walk coach station room good enough short stay, I wouldnt pay extra cooked breakfast, someone else mentioned, security high priority - luggaue storage room key code guessable plus ask room key reception without prove actually staying room. Nice enough, slept well, liked range available continental breakfast cannot fault location.",0.10888492063492065,0.5131448412698413,Oct 13 2005
57,57,"Would never stay again-no security We spent one night horrible. I stayed hostels nicer place. Granted great location number options area. You required turn key every time leave, ring doorbell get say room number hand key-no questions asked. The luggage storage room ridiculous-it dirty storage closet combination lock simple combo. The closet also sight reception. Also window room lock-I felt unsafe vulnerable I sleep We supposed get breakfast included rate refused it. The staff either surly completely uninterested. It would better pay little stay somewhere nicer-with security!",-0.04062499999999999,0.5651785714285714,Oct 11 2005
58,58,"Very disappointed Georgian House For price paid (45 pounds / night) expected small room problems. We expect share bathroom eight rooms plan showering accordingly; B&amp;B's stayed 2-3 rooms per bath.The worst problem security. You buzzed front desk could go two three sets stairs without receptionist seeing you, check. Also gave room keys without checking id, kept key us despite policy leavinhg keys desk went out.The luggage room people like us leaving London several hours checking out. Although electronic lock, simply gave combination anyone left luggage there. When picked suitcases 6 PM could choice five bags one would known.There's difference cheap caring cheap careless. We NOT recommend establishment.",-0.17142857142857146,0.539795918367347,Oct 4 2005
59,59,"Not best... We found Georgian House Hotel Rick Steve's travel book looked site online. The looked nice site, booked it. What realize Georgian House one least 20 budget hotels found square block area. All hotels look pretty much - little downscale, charming looking. They pretty much cost same, offer full english breakfast convenient Victoria Station. You could literally take bags Victoria walk around area find place vacancy comparable Georgian, may affordable. The area hotels fine, Victoria Station area bit dodgy. As far itself, typical English budget hotel. The rooms charming, clean. The old beds okay.",0.2741319444444444,0.5125,Sep 20 2005
60,60,"Don't Know If I'd Stay Again... The Georgian House Hotel good location. That one perks hotel. We stayed 5 nights, late June - early July. Since early mid 20's planned 3 months travel need affordable stay London. The basic, student, rooms offered 52 GBP per night negotiating offered room 35 GBP. The student room top floor, extremely cramped, hot warm days, worked ok I suppose. We spend much time hotel. The bathrooms unpleasant located one floor room. I think cleaned often I recall seeing towel lying floor several days row. There two showers, one without functioning cold water broken holder hold showerhead hand entire time. The walls paper thin noise loud tourists kept us throughout night. The place old could use revamp advertised public internet slow cost pound less 10 minutes. My advice: Unless truly need save every last penny, spend couple extra dollars go somewhere nicer comfortable. We enjoyed location since really find walking major attractions burden, would loved stayed somewhere little clean welcoming. It's great budget - London EXPENSIVE - spare extra pounds I recommend so.",0.07835917312661499,0.44974160206718344,Sep 10 2005
61,61,"Outstand inexpensive My family I stayed back week's stay Georgian House Hotel. It first visit loved it. Excellent rooms. Very friendly service. And great location London. 5 minutes walk Victoria Station, main attractions city within easy reach; short walk Kingâs Road, Chelsea Flower Show, Hard Rock CafÃ©. The near Big Ben Buckingham Palace, convenient shopping Oxford Street Knightsbridge Harrods. A Great Place stay, looking forward going back.",0.3097222222222222,0.4727777777777778,Aug 3 2005
62,62,"A pleasant London I interested see wide range experiences hotel. Happily, good experience summer, I grew quite attached hotel.We used base trip, came went times--so got experience several different rooms. My husband, 15-year-old daughter, I stayed 3 different triple rooms (one double bed one twin pullout sofa) total 4 nights, either Â£90 Â£120 (depending whether room upgraded). Then, daughter I went Edinburgh, husband stayed single room 3 nights, Â£50. Then daughter I stayed double room Â£75.We full English breakfast included, although true guests. They told full English breakfast included book online, I recommend verifying that. We found breakfast excellent breakfast room pleasant. The full breakfast included fried egg, sausage, English bacon, coffee pot tea, choice white brown toast, well everything available buffet continental breakfast (canned peaches grapefruit, orange juice, several cold cereals including muesli, jams). Service prompt.This Georgian house converted (in places, might say &quot;chopped up&quot;) English hotel. Therefore room unique, things bit quirky (such bathrooms squeezed odd corners). To me, added charm London; I want feel I standard motel room Los Angeles! I pictured former &quot;Upstairs Downstairs&quot; type house I lucky enough experience. The pleasant downstairs dining room struck exactly type room &quot;Downstairs&quot; staff would enjoyed meals in. We former elaborate fireplace behind bed beautiful ceilings--although odd modern lamp hanging it. Many bannisters, ceilings etc. throughout reflect former life building, I would like know about. This part I enjoy staying London.They process upgrading rooms, may explain nicer others.I know mattresses others had, I slept best Georgian House I entire stay U.K. Paris. I arrived totally exhausted night 10+-hour flight San Francisco (plus 8 hours' time difference). I perhaps best nap full night's sleep life there. I slept great every night Georgian house.All rooms teapot, mugs, glasses, teabags. The TVs small American standards 4 channels, true places stayed U.K.On one nights, stayed triple Bower House. This probably nicest room. The walk back Georgian House breakfast short.At first I thought staff little impersonal, later decided busy place best. One cabs never arrived, I impressed see woman desk come running outside try find one us.It true elevator, several steep stairways half-stairways. If can't handle baggage, good place you.I thought location great. It nice, quiet, safe residential neighborhood yet convenient Victoria Station. Victoria Station huge sprawls, good 3 blocks tube part it; so, again, tons luggage, enjoy walk. However, anything carry, pleasant walk. I found good laundromat nearby.",0.2345659117305458,0.48925958188153307,Jul 29 2005
63,63,"Nice modest We went London 5 people, two couples single. Booked Georgian House trepidation, reviews seem rather wildly skewed- indeed, high points low points. The bathroom shower WAS smallest ever made, taking shower involves contortions. However, rooms clean, thought felt quite safe. Unlike many, find help helpful, pleasant friendly, seem know fix problems (like turning TV). But ingenuity, managed quite well. We liked full breakfast, included room price. You can't beat price, especially travelling family groups, student room option makes quite affordable. The location fine- near enough tube, excessively noisy touristy neighborhood.",0.25445767195767194,0.6261640211640213,Jul 22 2005
64,64,"Nice little close Victoria Station This March mom, brother I spent weekend London. We shared triple room Georgian House Hotel. It small near Victoria Station, walking distance. The room bathroom small large enough purpose. We stayed night. Everything clean. The breakfast menu rich food (eggs, cereal, juice, ...).We booked directly website since rates cheapest: -------------. We paid 75Â£ per night!Two drawbacks:1) could hear people got early room us. Even though guys got 7 AM bother us much. 2) elevator. This bother us since things us.",0.06285014005602241,0.48697478991596627,Jun 19 2005
65,65,"You Get What You Pay For (in Pounds) Well, I think reason differences reviews everyone's expectations vary widely.For me, pains give 3 stars, fair. I paid 50 GBP decent place sleep. Nothing nothing less. I expect nice all.. wasn't! With low rates, can't expect anything special! However, observations I think important regardless I paid are: There one single glass cup room (to sip water) No one right mind would eat free breakfast &quot;breakfast room.&quot; When I went there, packed, loud, full noisy kids, simply place I'd desire eat. So, I paid breakfast somewhere else.The notices place talking take responsibility items lost stolen use in-room safe. My safe, however, appear working. And frankly, someone steals something YOUR room I paid for, yes, responsible!No clock room (like many places), bring clock (no wake-up calls offered).I honestly felt like I staying hostel.. hotel. If pay bit more, I'd look better place.",0.29620634920634914,0.5980317460317461,Jun 6 2005
66,66,"Excellent student rooms budget I stayed 2 nights student room Georgian House Hotel, 30 GBP night (shared bath). Considering remarkable price I paid, good location hotel, high price London hotels, I happy staying here. Good things:- Near Victoria Station bus terminal- Internet access lobby (nominal fee)- Friendly staff- Unbeatable price.- Great breakfast included price.- TV, Washbasin tea kettle room, - Shared bathroom clean.Not-so-good (but bearable considering low room rate):- Student room top floor, LOTS stairs (esp staying cheap room top), getting luggage quite difficult.- Bed sloping- Room tiny (but clean enough, bother me).All I happy would stay I return London budget.",0.413140350877193,0.6922105263157894,Jun 5 2005
67,67,"Great Place To Stay We stayed three nights (15-17 May 05) happier value, cleanliness, friendliness staff, security place. We paid 72 pounds per night double bath included full English breakfast VAT. I knew elevator I booked I asked first floor. Upon arrival 11:30 AM said room would ready 5 minutes (official check-in 1:00 PM) was. I room #1 king size bed, small closet, telephone, TV w/DVD player, water heater coffee tea bags, safe, full bath. The room nice. The bath small shower, sink, toilet. Note: A large person (over 300 pounds so) may difficulty getting shower toilet shower sink. The room pleasant clean; appeared recently renovated. The daily maid service cleaned room, made bed, brought fresh towels, new soap. The room (#1) located first floor right rear corner building quiet area. Actually whole seemed quiet. The thing close room steps basement breakfast served. This &quot;modified&quot; 4 story Georgian townhouse I'm sure rooms somewhat unique, (i.e. different layout, square feet, furniture, decor, bathroom, etc.).The breakfast served 7:30 10:00 good. They coffee, juices, milk, fruit, jellies/butter, cereal tables (self serve) served full English breakfast (one egg sunny side up, sausage, bacon/ham strip, scoop mushrooms, two cooked tomatoes, toast.) The staff friendly whatever could help, i.e. let check-in early, answer questions London, phoned airline me, expedited breakfast I leave 8:00 AM tour, mailed postcards, etc. I always felt safe. The front desk always staffed (24/7), in-room safe, locks room door adequate, window securely locked (even though I first floor ground slopes window two stories up). The hotel's front door always kept locked (the front desk electronically unlocks door ring buzzer). The front desk monitors front door via closed circuit TV door directly visible desk.The located nice convenient area. It five minute walk Victoria Coach Station (public tour buses) 10 minute walk Victoria Station (trains subway). Needless say, plan walk to/from Victoria Station suitcases I would highly recommend rolling luggage had. Victoria Station Gatwick Express train; train leaves every 15 minutes nonstop Gatwick airport 12 pounds per person. In addition, major stop hop-on hop-off buses (two companies: Big Bus Original Tour) located Victoria Station. There English pub restaurants nearby numerous restaurants Victoria Station. On first day walked Buckingham Palace, St. James Park, Big Ben, Westminster Abbey took 45 - 60 minutes (each way). Prices high England. The currency conversion almost $2 = 1 pound. I found good value especially consider includes full breakfast. In addition, I checked gave option paying charging dollars credit card good rate (1.897871 dollars per pound) lieu pounds. This saved bucks pay credit card conversion fee. I would highly recommend hotel.",0.21379541963412932,0.4847305078434112,May 19 2005
68,68,"Would never stay again. I honestly know start hotel. I picked location near Victoria station, I tried get taxi station hotel, taxi driver refused said close drive. I pleaded I 2 large bags, still refused told short distance- close. It took nearly 20 minutes. And made worse I drag luggages streets rain. When I arrived, I given room top building. I asked another room lower level vacancy. With elevator I bring 2 luggages one weighing 50 pounds, 25 4th floor. It horrible. I asked anyone help me. The people could workers I would pay fee. The room extremely small, roof dormers felt like cave. The bathroom small actually smaller cruiseship bathrooms. A tiny window faced smokestacks horrible view London overall. After shower, water drain, second look room. I realized would way stay another second- depressing. I eagerly paid one night stay order cancel reservation rest week them. I changed hotels The Melia White House corner Regent's Park $75 per night. I king bed, beautiful bathroom room, American outlet plugs, helpful concierge, baggage assistance, incredible stay right near one beautiful parks London. It worth little bit money good, comfortable vacation. Would never stay Georigan Bower House again.",0.09702380952380951,0.5087481962481963,Apr 25 2005
69,69,"Not good choice I stayed 2 nights beginning March 2005. What luck, 2 nites.Good:1. Close Victoria Station (but pls note many famous tourist attractions Victoria area)2. Clean bathroomBad:1. smallest I've ever stayed (i've many different parts world), especially bathroom, kidding, similar even smaller toilet plane2. becos room faces street, quite noisy (depend luck much traffic passing by)3. window thin curtain movd wind even window closed completely (in summer ok, winter.....)4. breakfast included basic, tea, juice, toast, fruits cornflake. maybe hotel's strategy encourage customers upgrade full breakfast 3.5 Pound per person",0.07018518518518518,0.5395833333333333,Mar 22 2005
70,70,"Bargain I got I paid for: I paid Â£45 ensuite single....and I got ensuite triple!I would stay hear againI'm 6ft 2in room &amp; bathroom anywhere near small site made think going be. In fact barely smaller Premier Travel Inn I've to.Positive---------Bigger room expectedPerfectly cleanFast powerful showerInternet facility Â£1 per 15 minsEasy find 10 mins walk loads restaurants including Â£6 eat pizza restaurant!Negatives-----------The floors creaky - whenever move hear floor, anyone walks you...whatever, I got sleep problemsWhenever I closed room's door made bit bang, I know guests found that.Luggage security - Instead storing luggage behind reception you, tell take upto room enter &quot;dead easy remember&quot; 5 digit security code. And course there's big sign saying they'll accept liability thefts. A previous guest could easily tempted go nick luggage easily memorable code is..and there's security cameras luggage area. This what's stopped giving Georgian House 5/5Timing breakfast - It's available 7:30. That meant I things preferred way round: I'd rather breakfast showering/dressing interview suit...It available 7:00 earlier.",0.08928571428571429,0.4730158730158731,Mar 18 2005
71,71,Excellent budget I stayed Georgian House girlfriend last February. We booked double shared bathroom (We budget happy find double room less Â£50 night central location). We found clean . The fact lift bother us much (I suppose fitting lift nice building would good - This esthetic point view course!!!). The bathroom shared clean well equipped bedroom decent size.,0.3089583333333334,0.49750000000000005,Mar 10 2005
72,72,"Not best value area Our family stayed Georgian House Christmas. The public areas adequate, rooms worn, peeling wallpaper, old dingy linens furniture, funky repairs, especially tiny (but basically clean) bathroom. Staff varied surly civil, hard-working, refused provide help finding nearby restaurants stay open around Christmas, except say werenât any. Be sure get breakfast least 15 minutes end serving time, especially want coffee, clean early, try see room moving in; better others. There over-30 guest clearly attempting pick young girls couple days around computer area, despite proximity reception desk. This good neighborhood, well located, lacks much pride ownership, best value money given places stayed.",0.22548309178743964,0.45809178743961354,Feb 17 2005
73,73,"Great excellent value nice staff We stayed 4 nites February loved hotel. For standard European great. Sure rooms smallish, bathroom size powder room, yes, walk several flights stairs. But warm cozy, excellent service, amazing location -- minutes walking Victoria Station. Be sure check website special deals room rates. Breakfast included price helped budget --not lot frills good, hot, plenty it. Just street Ebury Wine Bar -- dinner two nites good.Thanks Georgian House Hotel - we'll see again!",0.4206683375104427,0.6177944862155388,Feb 15 2005
74,74,A elevator still gives shaft! My girl friend I spent visit London way back visiting Malta. It first visit London I chose location Victoria Station Buckingham Palace. We arrived bags front desk received warmly. We carry bags rooms due lifts construction made even difficult. The room tidy bathroom size one airplane one could barely move . Not I recommend nice location staff property well.,0.18681818181818183,0.5443939393939394,Feb 15 2005
75,75,"Excellent budget I spent 11 nights Georgian House Hotel late January - early February 2005. I heard rooms would small, pleased size single standard room - huge large enough cramped. The carpet, wallpaper, etc somewhat worn room clean. The en suite bathroom kind fiberglass prefab unit - small clean convenient. My bed comfortable sheets crisp clean, towels nice fluffy. The room radiator heat, even without radiator warm enough I sometimes slept window open. The breakfast traditional English breakfast consisted fried egg, slice meaty bacon, really good sausage link, sauteed mushrooms, half broiled tomato, two pieces toast, plus juice coffee. They always prepared quickly. A buffet-style Continental breakfast also available. The staff front desk polite helpful. Internet access without computer available computer lobby small charge - much convenient checking email finding internet cafe. Restaurants Sainsbury's grocery store three blocks away, 5-10 minute walk Victoria Station, yet street busy fairly quiet. My room faced courtyard back I hear street noise except occasional siren. All all, I would recommend someone seeking relatively inexpensive place stay heart London, looking clean comfortable opposed luxury accomodations.",0.1869047619047619,0.5046130952380952,Feb 12 2005
76,76,"BEWARE!!!!! Georgian House first stop 2 week trip Great Britian. The staff unfriendly less informative helpful. The rooms 'threadbare' 10 years ago really funky smell hallways. To top worst stay entire trip, overcharged credit card I file complaints credit card company. Also, &quot;small 19 rooms&quot;. They cheap part really large hotel. Don't try save money here. You'll regret it.",0.1543290043290043,0.5548701298701298,Jan 9 2005
77,77,"NICE AREA - Could use repair We spent 4 days November hotel. I give credit location, surprisingly quiet neighbourhood; considering two three blocks Victoria station. We 3rd floor elevator quite killer long day traipsing London foot.Downfalls:The rooms small, clean.The floors - beds - creaky, could hear everything neighbors well heard.The shower temperature regulator knob came right hands time attempted adjust scalding water pliers Leatherman front desk - spite saying would something - nothing.The floor (tiny ) bathroom flooded time shower taken sopped thin towels given hotel. I also wet floor every time I wash face shelf set wash basin set low face can't get close it.The breakfst offers variety, including English breakfast, really get low-market versions everything. We decided many places find good capuccino Victoria station us opt mediocrity start day.The staff over-friendly, rude either.Overall, 'do-able' go back.",0.07431972789115646,0.35424036281179133,Jan 6 2005
78,78,"Surprisingly bad I usually spend couple weekends year London I always read reviews website booking room. Now first time I experience huge difference reviews impressions hotel.Maybe I stayed one night, room I got (nr 4) bad condition - holes carpet, peeling wallpaper also didn`t look clean (blankets stains)... probably English bad describe I felt. Not single thing room looked inviting! The breakfast also poor, positive thing mention lady reception, friendly.Will never stay avoid place future!!",-0.07209451659451657,0.6172049062049063,Jan 5 2005
79,79,"I usually picky bit disappointing. My husband I got back Christmas/New Year's trip London yesterday stayed Georgian house 7 days. After looking website reviews I quite excited I booked great little place. Unfortunately, disappointed many aspects hotel. We 20's stayed many low budget B&amp;B's hostels around Europe past equal better here. The location could beat, wonderful, quiet area close sights! We loved it! But mattresses horrible! You feel springs sticking back I woke first night immense pain. The bathroom also funny, mildew chemical odor. The furniture bedding also low budget. The comforter seems like could 80's. You would think could little better, like get new cheap comforter awhile Marks Spencer. The pillows also awful seemed like stole hospital. We also correct channels offered, instead german programs apparently picked satellite house next door. After first night considered leaving, asked another room first. They accommodate, although lady said matresses same. The next room vast improvement, side building. The furniture better, mattress still kind bad. We laid every comforter slept much better way. Our tv also right channels. The bathroom clean, much smaller first one (almost like ordered pre-fab motor-home bathroom put in). If tall fat, place you. The breakfast also disappointing. It adequate, best I've lovely country. Oh well, fabulous time New Year's would definitely stay area again. There ton B &amp; B's Victoria area, I try another next time. Good luck great trip! Britons tuly wonderful people, I impressed country's generosity came tsunami disaster.",0.16471934844816202,0.5353639298554553,Jan 4 2005
80,80,"Fun small great location Took group London September stayed 7 nights Georgian House. Staff friendly helpful prepared carry bags. There elevator request lower floor like stairs. Rooms small comfortable t.v., hair dryer, teapot complimentary tea coffee. Bathroom adventure tiny stall shower. Sunny breakfast room choice English breakfast eggs, toast, sausage, mushrooms tomatoes cereals fruit plus coffee, tea hot chocolate. Hotel located quiet street couple blocks Victoria Station area small hotels B &amp; B's. There couple markets small restaurants nearby. Do use laundry recommended hotel. Very convenient great job charge dry cleaning type rates regular laundry. Better find nearby laundrette.",0.1879385964912281,0.49527665317139,Dec 28 2004
81,81,"Good place stay medium quality stuff bad place breakfast I decided spend time Hotel, I saw pictures know broadband room! It also important get close enough Victoria (which 5 inutes walk Hotel)I also read advises site, opinion:I spent three nights November, Bower House &quot;department&quot; Hotel! The building, room facilities room good condition! Tea maker (tea, sugar, cream etc), hair dryer, heating fan (was used continously, staying room), toiletteries, etc prepared room clean! After fast check-in (5 mins) I good first impressions! I left broadband cable home, therefore I asking another receprion desk. The answer: none! :-( Just gone room came back additional packages, somebody else standing behind receprion desk! I gave another try. And new receprionist (his name surely David Copperfield something like :-)) pulled one several cables beneath desk!!!The next morning I little hurry, jumped brekfast room (I continental breakfast) asked fast service (I reach Gatwick Express). The first 15 minutes I get anything else hot chocolate! After this, I left room (as Elvis time). The next day I've got everything within 30 seconds. Everything means: 1 cup hot chocolate, 3 slices toasts, butter jam! I go breakfast room next (on last) day, I gone Victoria baguettes.The room small, also nice! The bathroom extremely small, clearly almost new (I never seen size bathroom before!). Daily cleaning!The location Hotel perfect! I advise Hotel busy business travellers, ask breakfast (and keep mind: leave network cables home)Have nice stay there. After I still think: I return Hotel!",0.16959868959868957,0.4962517062517063,Dec 13 2004
82,82,"Nice great area Georgian House Hotel nice great area. It's walking distance Victoria Station also far themse, Parliament Westminster.The room small, also bathroom (later inputed small) everything clean. But different rooms (others bigger better bathroom). Breakfast also ok. Luggage room little open every guests, put extra lock luggage.All all, nice great area short stay London.",0.250219298245614,0.5984210526315789,Dec 3 2004
83,83,"Disappointed I expected. Clean sheets, acceptable breakfast.Very poorly lit room, almost dangerous. Forget reading anything! The heating far high. Had keep window open heat smell. Good price, expected better.",-0.024848484848484845,0.6263636363636365,Nov 29 2004
84,84,"good value money georgian house provides good value money. rooms small clean. stayed month &quot;student&quot;( basic) room. congestion shared bathrooms fortunately.the breakfast delicious ample, keep going day. staff friendly knowledgeable. internet front room quite expensive, keeps monopolized! stay coming see london stylish room priority. (see rick steves &quot;sleeping london&quot;, refers student rooms suitable backpackers, frugal visitors predominated. ) three long flights (and down) stairs luggage quite haul. noporters lifts prepared. sixty mind, seventy might take room first floor!",0.2718162393162393,0.5851709401709402,Nov 22 2004
85,85,"Great B I came back London trip , stay 10 nights , arrived 6 hours flight room ready (11.00 )We ask twin bed room twin bed room , freshly paint et decorated.Near victoria station train underground , easy way get around London .The breakfast treat 2 days , one girl serve already know order morning. that's service....They sat tv watching tv London offer many things do...Go best place I know....",0.46190476190476193,0.48333333333333334,Nov 13 2004
86,86,"Quite adequate clean convenient I spent week October 2004. I e-mailed asked ground floor I problems stairs. I told I first floor double room. It turned 2nd floor (US), I full staircase half climb. The room tiny US standards, 9' wide maybe 12-15' long, including bathroom. This size pretty standard European rooms, though. There tiny desk w/coffee/tea service. The stool doubled suitcase stand. The closet narrow pre-fab unit held 4-5 hangars. The bathroom tiny miniscule sink 4' x 4' shower stall w/glass doors. open fully one side sink. The tv 5 channels. The window, faced street, opened top. The turned ok.The breakfast room basement. I started ordering full English breakfast OJ, fried hardboiled egg, bacon, sausage, broiled tomato, cooked mushrooms toast bacon eggs, w/toast. There also choice 5 cold cereals canned peaches grapefruit, plus excellent coffee. I specify I wanted egg cooked &quot;hard&quot; (no runny yolk) kitchen accommodate. In fact, breakfasts really quickly delivered. You go in, get cold cereal coffee, bring juice, take order, bring toast, shortly after, hot breakfast. It took 1/2 hr. start finish.The place clean, though I found sticky rim coffee cup one morning. I also noticed cup glass room changed, I know they're merely washed sink ???They change sheets 7 days I there, though change towels daily. A tiny bar soap provide. Bring shampoo, etc. There's bus runs via Victoria Warwick, perhaps block closer getting Victoria.Given cost, 50 pounds single, respectable place spend night seven. The neighborhood feels fairly safe far walking night There's enough pedestrian traffic walking Victoria frightning.",0.0967155067155067,0.5053235653235654,Oct 24 2004
87,87,"Not Good They Say I stayed reading favorable Trip Advisor reviews, imagine surprise I entered $90 single room ensuite bath, find 6 x 8 space mildew problem bathroom. Granted, rooms London run small, price, considering supposed one &quot;better&quot; rooms (not dorm-like ones), quite uncomfortable. The single bed firm small closet desk, enough room put chair desk. Since mildew smell bad toilet seat open way (fell time one sat), I even retreat bathroom use chair! Had spend evening time outside lobby.The ceilings walls quite thin, anyone walking talking nearby heard. However, street noise bad. This Victoria, nice, safe neighborhood plenty restaurants around, walk Tate Britian Museum. Staff generally friendly, giving maps (for price) info. Internet available cozy lobby, 4 pounds per hour (about $8). I'm sure well heat works since I use it, make sure store luggage away radiator (you'll trouble finding space, though)! Good Europeans already using Euro (for 50 Euros, single acceptable). But Americans converting dollars, $100 might shock. Might make sense get one cheaper rooms without bathroom, since bathroom uncomfortable anyway.",0.004584017515052008,0.5273399014778325,Oct 15 2004
88,88,lovely place Lovely hotel. Friendly staff. Good Breakfast. Large room. Nice confortable bed. Very good location. You walk different routes example sublime Chelsea royal Belgravia. If paint could five stars. We feel real London.What find!!!!,0.47639632936507936,0.6342857142857142,Oct 13 2004
89,89,Very Nice My wife &amp; I stayed three nights quite pleased. The Bower house 'upgraded' rooms reasonably priced early october. Breakfast good location dont mind short walk Victoria Station--quiet area. We'd stay,0.38000000000000006,0.6333333333333333,Oct 13 2004
90,90,"A great London Hotel My husband I stayed Georgian House Hotel 6 nights first week September. We really pleased location hotel. The close Victoria Coach station number tours leave from, close bus station, close tube station (Victoria) close Victoria Train station. Plus also supermarket laudromat close walk Buckingham Palace. The staff helpful friendly breakfast included price best breakfast away. Just prepared stairs lift, Georgian House Hotel front fact. A great Hotel, would stay again.",0.515625,0.5291666666666666,Oct 7 2004
91,91,"Good price average quality room great breakfast We stayed family 4 2 nights July 2004. The reasonably well located, staff pleasant friendly breakfasts wonderful. The room fair bathroom need upgrading. However, good value given high prices found London hotels.",0.5218333333333334,0.6856666666666666,Sep 12 2004
92,92,"Very accommodating staff! We stayed August 2004. We found Rick Steves booked student room top floor 45 pounds. We knew room would small, prepared miserable heat. It impossible tiny window provide adequate air circulation, luckily room sink I could get middle night splash water face. It miserable night. Luckily -- reason I giving good rating -- asked another room available prepared pay increased rate -- care point cost 1,000,000 pounds per night, knew stay small, hot room remain sane. They gave us huge room ground floor huge windows, double bed single bed, high ceilings 45 pound rate. We felt like getting best deal London. Sure, bathroom hall, cares? It clean. The breakfast delicious, neighborhood great. I really impressed gracious moving us superior room raising rate, I fond memories hotel.",0.19461341525857656,0.5953891449052738,Aug 19 2004
93,93,"Pleasantly surprised Finding single room London August easy! Prices skyrocketed, insanely high value Pound makes difficult find reasonably normal room inhabited furry little creatures. Having stayed various London fleapits years, I found Georgian House Hotel one pleasant hotels price range. Check litsted 1300 hrs. I arrived early morning (around 0700) asked I could store bags check-in. I given room key breakfast (the meal nominal charge) charged half-day rate room. It's true. The lots stairs. Be forewarned. If top floor, prepared lot excercise. Having said that, room clean comfy double bed. Towels replaced daily room tidied. Breakfast - cereals, eggs, sausage etc excellent carry late lunch. Staff excellent - polite, cheerful helpful. All all, highly reccomended. Thanks, Trip Advisor. Your site excellent.",0.21834325396825396,0.6289285714285713,Aug 12 2004
94,94,"Good Value We used Trip Advisor help us finding best lodging locations recent trip Enland Ireland. Georgian House Hotel noticed rated fairly high. It offer best price great location, close Victoria Station, makes convenient getting around everything London. Not ever staying London prior trip, locations compare Georgian House Hotel with-thus 3 star rating, London may 5 star. The breakfast quick good, attentative staff, biggest dissappointment en-suite bathroom, funny odor (from blue toilet water?). TV work watches tv London anyways. For US travelors forget pack wash clothes, since provided locations England Ireland",0.3579411764705882,0.4773529411764706,Aug 4 2004
95,95,"Enjoyed stay When arrived, told us would one room first night another room two nights. They gave us place store luggage since arrived early room ready. Our first room: When arrived room, certainly impressed American standards, went two-week trip Europe, soon realized room actually pretty decent compared European standards. The bed comfortable. The bathroom small workable. There small desk TV. It advertised air-conditioning, individual thermostat room. It one unit entire going start using later date. This really problem since late April. Just open window get cool air needed. Our second room: To get room, walk around block (very short distance) another area. When arrived room, pleasantly suprised. The room elegant par American standards. The room bigger plush. The bathroom bigger. The television selection. And provided us complimentary bottle champagne bottled water. There still air-conditioning wanted cooler, open windows overlooking street below. This room little expensive nice.The staff friendly. There computer lobby internet access (they charge small fee). Another one great things close proximity Victoria Station (short walk), get anywhere. There also lot shopping dining Victoria Station area. But best thing full English breakfast got morning. It excellent. They gave much wanted. Sausage, eggs, mushrooms, tomatoes, toast, jam, cereals, juice, milk, breakfast tea, fruit. Awesome.We would recommend anyone. For price, can't beat (you find specials web). If looking inexpensive, decent hotel, disappointed.",0.16315856129685913,0.4859169199594732,Aug 2 2004
96,96,"Best sausage breakfast had. As family four, good choice us. We fourth floor family room en suite. LONG flights stairs creaky floors clean excellent breakfast. Would stay again.",0.5323809523809524,0.5257142857142857,Jul 18 2004
97,97,"Georgian House Stay This one least expensive hotels I could find London. We stayed 2 nights end May 1 night beginning June, 2004. For first two nights, student room top floor small, cozy. However, TV work, sink little smelly, running water (even toilet) bathroom across room first morning. Thankfully couple bathrooms, TV fixed reception alerted. Our stay June much nicer, student room 4th floor (3rd floor UK) larger big window. Overall, I would stay due price, quality.",-0.024754901960784313,0.33333333333333337,Jun 22 2004
98,98,"Excellent price I stayed two different occasions three week trip England. Both times room clean comfortable first room I stayed small balcony. The second time, I stayed one cheaper âstudent roomsâ fifth floor. This room smaller, good deal 30 pounds night. Both rooms shared bathroom bathrooms nicer others. One sink seem clean, others fine.The reception friendly helpful breakfast good. The location ok, 5 min walk Victoria station. There several stores restaurants within easy walking distance. Overall, pretty good budget I would stay again.",0.3395370370370371,0.5587037037037037,May 27 2004
99,99,A Canadian Find,0.0,0.0,May 21 2004
100,100,Excellent price great location clean!,0.7527777777777778,0.8166666666666668,May 5 2004
101,101,Nice,0.6,1.0,Apr 25 2004
102,102,Nice great location train/undergrounder users,0.7,0.875,Apr 22 2004
103,103,Comfortable Convenient,0.4,0.8,Apr 11 2004
104,104,Return Visitor,0.0,0.0,Mar 10 2004
105,105,A great place,0.8,0.75,Jan 9 2004
106,106,good quality / price,0.7,0.6000000000000001,Dec 15 2003
107,107,One best area,1.0,0.3,Sep 10 2003
108,108,Georgian House B,0.0,0.0,Feb 6 2003
109,109,Apartamento Planta Baja,0.0,0.0,Nov 12 2009
110,110,No Esta Mal...,0.0,0.0,Aug 26 2009
111,111,Nein danke,0.0,0.0,Jul 27 2009
112,112,Bed breakfast bastante bueno,0.0,0.0,Apr 15 2009
113,113,Luces sombras,0.0,0.0,Jan 30 2009
114,114,Bien situado,0.0,0.0,Jan 29 2009
115,115,Excelente buena ubicacion desayuno ingles completisimo,0.0,0.0,Jan 8 2009
116,116,B,0.0,0.0,Oct 17 2008
117,117,Hotel cÃ©ntrico limpio,0.0,0.0,Oct 14 2008
118,118,Suficiente para unos dias sin lujo.,0.0,0.0,Dec 30 2007
119,119,SÃ©jour vraiment super!,0.41666666666666663,0.6666666666666666,Jan 25 2007
120,120,Petit sympathique,0.0,0.0,Oct 17 2006
