,Unnamed: 0,Reviews,polarity,subject,Dates_extracted
0,0,"Very basic clean I stayed Chelsea Guest House I assessment Southbank YMCA road. I little worried pleasant area night however much bigger looks 20 rooms occupied Monday night I stayed. Although single room stayed small, definately job. I stayed room right back little street noise (room 21) comfortable night sleep. The TV basic 5 channels expecting full Sky package! The bathroom impeccably clean shower wonderful! The staff also kind enough allow park car car park day attended assessment &quot;as long gone 5pm&quot; adequate. Staff polite although I really much them. I eat breakfast time McDonalds right next door anyway.For price - brilliant.",0.18019666033554924,0.5129268982046761,Sep 15 2009
1,1,"fine booked travelling london see sister, exactly see internet price paid think perfect place stay nice close victoria station.have say problems bit noisy expect central london near airport!!!!!",0.4286404079861111,0.5666666666666667,Sep 6 2009
2,2,"noisy.... Positive points: The location nice area.Negative points: noisy, even front part house.On top heavy traffic, also lot flights (even night) every 2-5mn. The rooms bad isolated, hear easily neighbourhood.Rooms &amp; bathroom dirty. You also wait long time breakfast (and ask want toasts).",0.07706060606060608,0.6302121212121212,Aug 1 2009
3,3,Fantastic value money clean I stayed 3 nights found one cleanest hotels/guest houses I ever stayed in. The room good size ensuite bathroom location perfect travelling Central London. I believe photos website true representation actual rooms would definitely recommend good value clean coming stay London.,0.3993333333333334,0.621,Jul 29 2009
4,4,"Small maintained rather pay better guest house Having checked guest house friends, horrified see small rooms state repair,Lamps broken, holes walls doors.Maids start hoovering corridors 7.30am, chance lie in.Quilts paper thin everything dated.What see web site getting, would never stay again!!!!!",0.04433593749999999,0.47857142857142854,Apr 26 2009
5,5,"A pleasant surprise Having paid Â£44 double room Saturday night, expecting much, pleased say turned really good find. Our room spotlessly clean, bathroom. The bed comfy room decent size. The shower great - knocking away cobwebs night before.It's Ritz price paid well worth looking place lay head and, like us, sleep night sauce.",0.3806060606060606,0.6583333333333333,Feb 2 2009
6,6,"Good budget! This located Zone 2, south Thames. Good know planning see sites relying public transport, likely end paying day pass Zones 1 &amp; 2, costs 10 GBP day. The rooms clean, although window broken, bathroom very, small. Towels provided, basic TV well. Walls thin, others noted, would definitely recommend ear plugs. We used them, slept fine. The slightly dodgy area, would recommend walking home night. Buses run tube station fairly regularly, overall, thought good value London standards, although probably stay again.",0.10977777777777777,0.45701709401709406,Oct 14 2008
7,7,noisey dodgy area basic MOTEL would mean tv room dinning area smilling staff VERY NOISEY WITH PEOPLE SLAMMING DOORS AND WATCHING TV AT ALL HOURS (1am 2am 3am) unlucky enough get room 13 old front part wich lacks double glazing road noisey one MAIN ROADS south london low level (200ft) jumbos fly every 10mins WE ALSO GOT SORE NECKS FROM ONLY HAVING ONE PILLOW??????????????? take advice dont stay !! polish staff would smile faces would crack two AND IT LOOKS NOTHING LIKE THE PHOTOS ON THE WEB SITE THATS LIES,0.12118055555555557,0.3986111111111111,Aug 29 2008
8,8,"like sharing bed place you!!! Stayed 2 nights July working nearby,first impressions wasnt bad,after somewhere sleep day draw line finding BEDBUGS mattress!!!!but really found unbelieviable manager/receptionist accused bringing hotel!!Needless say informing local enviromental health.",0.06666666666666667,0.39999999999999997,Jul 12 2008
9,9,"Not good We stayed four nights, would left five minutes got late night place go. First positives:It right bus line, far restaurants.Now negatives:- The rooms small.- The place noisy, sounds like dungeon clanking doors late night.- We lucky got room away street, facing street would noisy.- There night tables, table lamp sat floor.- The TV remote work TV problems.- The toilet plugged, flushed sounded like plane taking off.- The bathroom small hard turn around it.- The bedroom small, foot tthe two small twin beds. - The chest drawers falling apart.- The rate 59 pounds night.-It nothing like room describe web page.",-0.07167366946778711,0.4493557422969188,May 21 2008
10,10,"Basic Bed London I stayed Chelsea Guest House 3 nights. My initial impression area dubious railway station quite lonely, however improved I got bearings). The guest house cheap - frills - I comfortable double bed clean ensuite shower. They provide breakfast number places immediate vicinity get some, although I this.Ask room back building guest house busy road traffic noise early morning quite bad.",0.05151515151515156,0.3901515151515152,Oct 23 2007
11,11,Un po lontanoma buon prezzo!,0.0,0.0,Oct 16 2008
12,12,????????????,0.0,0.0,Oct 5 2008
13,13,Ottimo rapporto qualita' prezzo,0.0,0.0,Sep 23 2008
