,Unnamed: 0,Reviews,polarity,subject,Dates_extracted
0,0,"Nightmare - never awful experience. booked two nights checked first. (we many hotels never even thought checking out).If could found somewhere else night would stayed one night awful hotel. extremely small smelly, bathroom disguisting. My son shower drain could cope water, flooded bathroom.I could even bring shower. moved bin find tampon, indicated room even cleaned. cleanliness average. advertised line garden view, joke, garden view yard neglected half dozen mattresses stored collecting alsorts bacteria. We could even bring breakfast. Also health safety aspect poor kettle resting shelf cable dangling. This certainly 3 *",-0.2582010582010582,0.5523809523809523,Oct 31 2009
1,1,"URGH! Don't Go There!! It well situated - redeeming quality. What little full english breakfast was, good - enough it. (One slice bacon, one sausage, half small tomato, one fried egg small spoon beans). The RoomsWe two rooms equally bad other. The wallpaper 'tired' discoloured damp patches surrounding window ceiling. Bathroom tiny discouraged us using shower shower head disgraceful. The staff friendly, surely better places spend Â£300 two rooms two nights.",0.04269607843137254,0.5268954248366013,Oct 26 2009
2,2,"Small Basic need There poor reviews site I really worried booked I checked (I know!) I quite concerned. I must speak I found however room clean I needed one night stop. Yes small clearly need upgrading - pay central london location fine. The nearest alternative Â£40 I searched chains &quot;better hotels&quot; area. This small, secure clean (perhaps friend I lucky rooms got mould mildew certainly sheets towels exemplary. Staff polite helpful, Breakfast buffet (therefore abundant portions) adequate, egg, beans, sausage, bacon, tomato fried bread enough anyone surely huge pot tea lots hot toast - I challenge get hot toast bigger chains! All cereals/ fruit continental stuff too.Definitely Ritz I needed I would stay one night stop, somewhere hang hat rest head, need be, is, nothing more.",0.1704212454212454,0.5475122100122101,Oct 16 2009
3,3,"small rooms small cooked breakfast consisting 1 sausage 1 rasher bacon 1 egg half cherry tomatoe Stayed one night travelled family visit son 21st Birthday. Couldn't life see distinction double/single rooms! They looked - small! The tubs milk room gone off, although restaurant pleasant comparison rooms, cooked breakfast rather insulting regarding size!In conclusion, taking everything account - size really matter!!",-0.07925925925925927,0.4101851851851852,Oct 8 2009
4,4,"Avoid-Charged no-show I never gor confirmation Unfortunately I got charged nothing!! I sent online availability request six nights gave credit card number. I never heard back hotel, despite fact I gave two email addresses. I wrote email following day reminder I know read I read receipt. Again answer. I hurry get reservation therefore I booked elsewhere. They dared charge one night never dared reply. I sent another email asking refund me, needless say I got zero answer. I called rude unpleasant man answered saying automatic software sends email. I THINK THEY THEY ARE JUST ROUTINELY ROB TOURISTS ON ONLINE RESERVATIONS. TOO LATE I SAW ANOTHER COMPLAINT LIKE MINE ONLY AFTERWARDS!!",-0.23312499999999997,0.595,Sep 25 2009
5,5,"Ruined break DONT GO HERE! First impressions, around corner Madame Tussards, location great.However, first went man behind counter disinterested booking in. We asked pay room straightaway.I asked man could print us google map directions Soho, said could buy map Â£3.Went room 27, like walking wardrobe, room could hardly fit bed in! The bed took space literaly wall wall.Went 'bathroom', shower tiny. Im size 6 could fit it! corner shower net.On floor bathroom another drain, shower understood why.Even poor net impossible get floor wet! The floor full mildew! As see photos.When seen mildew, decided check bed. To horror urine staines bed mildew!This really spoilt birthday weekend, slept towel underneath blankets! The view one 'courtyard' lovely view old beds holes springs hanging out.I visited many hotels, hostels around world honestly say worst place ever stayed in. I even stayed generater london much cleaner!For money spent disappointed! There better hostels next nothing price!I wish checked reviews going!",0.060688405797101455,0.4844202898550724,Sep 20 2009
6,6,"great location really bad Ok, perfect. The rooms quite small, shower tiny, floorboards creak, gets stuffy night rooms front quite noisy. But one night way France fine. The guy desk helpful, lift (it's quite old works...), room clean everything I needed (plus nice biscuits) bed comfortable. The breakfast pleasant breakfast room good service friendly efficient. There plenty places eat nearby evening conveniently situated, Euston St Pancras. It's fine price I'd stay again, I really recomment longer stay",0.33049019607843144,0.6037254901960784,Aug 28 2009
7,7,"awful got there! I really happy all. Was made feel welcome, guy desk rude arrogant. My colleagues split three different floors freaky, rooms disgusting. We also leave rooms keys guy desk left meeting dinner! It look clean all, things missing, clumps dust skirting boards, top wardrobe, wardrobe. There odd looking stains walls, shower, floor sink bathroom unclean, damp stains ceilings bathroom bedroom. The desk broken also unclean, I get bed completely uncleanliness, I sleep night leave tv someone tried get room earlier on, really freaked out. We left soon possible next day never bothered breakfast.",-0.04952380952380954,0.48357142857142854,Aug 2 2009
8,8,"Location it. The best things Mabledon Court location (close King's Cross-St. Pancras, major rail underground station), price, fairly reasonable London. The rooms, generally, small hot, bathrooms especially oppressive. If front street, find noisy. The staff generally congenial breakfast good, enough draw us back second stay.",0.171875,0.4791666666666667,Jul 17 2009
9,9,"Budget choice We would recommend short stay budget. Plusses include friendly staff, nice breakfast room good breakfast. The close mainline underground stations.On minus side rooms small, beds small shower small. We stayed June heatwave bathroom unbearably hot. We managed cool room little placing fan window ledge. We room back surprisingly quiet apart squeaky floorboards. Shame old mattresses patio.",0.09749999999999999,0.4435555555555556,Jul 5 2009
10,10,AVOID! Booked stay 1 night unfortunately cancel. I cancelled booking 3 weeks beforehand...yet card charged full amout despite reassurances would be. E-mails were/are ignored phone calls yielded sucessI spoken various members staff including manager despite promises refund none forthcoming.,-0.05000000000000001,0.6833333333333332,May 24 2009
11,11,"The position good. The minutes walk St Pancras Kings Cross stations. It's next pub selection eateries nearby. Laundrette, small supermarket great bookshop street, location excellent us arrived Heathrow (via train) departing next morning Paris Eurostar St Pancras Station (home terribly over-rated champagne bar). As hotel, well. The double bed pushed wall, struggle open small suitcase - way put bed. The bathroom ancient, well everything old. But fan needed afternoon sun blazed in, sleep well. I think clean enough, hard make things look good they're old. The breakfast room delightful I think we'd discovered earlier could used area relax evening. Not suitable anyone disability elevator worked everyone shut doors. Otherwise run floors locate it, use stairs.",0.10541666666666666,0.5334027777777778,May 9 2009
12,12,"good value money After reading reviews booking I consider cancelling. However, I glad I didn't. The Hotel neat tidy manned reception times. No public access. The stairways well decorated plush carpets. The room though small quite reasonable. The bed 3/4 size starched white sheets pillow cases. The room TV remote control, tea making facilities telephone. There small wardrobe dressing table enough room walk about. I front building overlooking road hear traffic window closed. The fan room could used I need it. The floor creak bit could expected building age. The overall appearance room bit jaded clean tidy. The breakfast one best I anywhere! Very quick service, clean tidy dining room, full English breakfast, gorgeous sausages hot tea toast. I would book next visiting London stayed economy hotels capital.",0.23806666666666662,0.4748666666666667,Apr 29 2009
13,13,"Disgraceful - worst ever misfortune stay The room filthy, paint peeling window window ledge, &quot;net&quot; curtain torn shower area covered mould, quite frankly words cannot discribe bad was.The rating sorry experience would zero.The recommendation I could offer DO NOT GO THERE.",-0.6,0.9333333333333332,Mar 30 2009
14,14,"Believe reviews; bad! As written double rooms tiny; bed pushed wall, pushed peeling melamine type board. There countless strands long hair embedded carpet. The wallpaper peeling one place, stained with, looked like tea/coffee. The paint window sill peeling over. No storage space all. Shower room shower cupboard, floor mouldy. Didn`t like look bed, ripped base. Breakfast, okish. Staff weren`t bothered complained. We fled one night.(would stayed first night weren`t going charged eitherway)",-0.07749999999999999,0.45999999999999996,Mar 29 2009
15,15,"Dirty Mouldy Bed Bugs This dirtiest I ever stayed in. Good points - breakfast eastern european staff serve breakfast.I stayed four nights whilst waiting move flat - got bitten several times one night. I bought cotton sheet wrap flip flops use joke shower The bathroom dirty, mouldy smelled strongly decay. Carpets never hoovered properly, shelf desk stained people's food covers, curtains, wallpaper long past best. I spent three evenings walking around London stay dirty, horrible room.",-0.08111111111111112,0.4255555555555555,Feb 15 2009
16,16,If afford pay bit go there! Put way... breakfast bad....the floor room squeeks rooms really tiny. If want take shower cannot move cubicle 40cm 40cm.The service general rather bad. I asked towels cleaner forgot put room I rang reception I told: &quot;When come downstairs I give you&quot;.....basically come get yourself!... The staff friendly crap job. Also careful cos arrive ask pay whole stay advance...( I think scared see rooms want leave!).It's I money time otherwise I would changed hotel.The positive thing central ( near Euston - Kings cross camdentown ) dont even get bus tube go heart London...i think good backpakkers care noise bothered much little inconveniences like mentioned above.Just avoid bad... actually lot fun although I get drunk order sleep room 27 near lift emergency exit door room floor floorboard cracking making funny noises could hear every night every morning people passing get lift.,-0.0015316205533596617,0.5566864295125165,Jan 23 2009
17,17,"Sad tired friendly staff good breakfast We booked overnight Hotel, returned home. Had staying longer, would left found another place. The room tiny shabby, bed pushed wall, drawers put things - cupboard shelf. We asked man reception twin told twin rooms rooms like this. One lights work, fixed quickly. The bed hard, pillows uncomfortable, shower tiny. On plus side, breakfast lovely breakfast room pleasant surprise comparison bedroom.To sum up, worst place ever stayed far room concerned, could recommend it, found staff extremely friendly, especially two men reception day arrived.",0.036764705882352935,0.6799019607843138,Dec 6 2008
18,18,"War Terror The rubbish due fact nothing clean state, staff speak english, guy reception looked like ghost, use loft insulation sheets bedding, bed bugs. I go ages please safety dont go I suffering stay I got infection bed bugs. How health safety pass it?",0.08055555555555556,0.3583333333333334,Nov 19 2008
19,19,"Very Clean Friendly staff excellent price The room small side, however, everything worked, tea coffee provided room, alonf tv, hairdryer, showering lotions etc. Free Wi Fi available. The breakfast good, hot fresh much continental style could eat, followed cooked english breakfast well.All staff freindly, informative.At price I paid, I could ask more. After general need good comfortable bed, clean room, ballroom sized room, day.I return",0.36931372549019614,0.5729411764705883,Nov 19 2008
20,20,"Chicks_8 Not nice start holiday. Behind reception desk messy. Our double room tiny, could hardly get two suitcases bed wall. Dirty windows broken catch, dated fabrics, tiny shower badly split rubberised discoloured curtain. Noisy pub next door. The breakfast nice leaving early cooked one. Expensive is.",-0.196547619047619,0.5448809523809525,Oct 7 2008
21,21,"What doss house This worst I ever stayed in. I would recommend anyone stay, pits. How classified beggers believe, well maybe homeless.DO NOT STAY HERE!",-1.0,1.0,Oct 4 2008
22,22,"Disappointed I booked room two nights, staying sister. We requested twin beds possible. Upon arrival, told doubles. This double tiny, closer size king single quite awkward sharing partner. The shower covered mould tiny size, impossible shower without flooding bathroom.",-0.23201058201058197,0.6626984126984127,Sep 21 2008
23,23,"great location manky shower For opposite British Library ensuite room, good value.The rooms hot (and get hotter higher building go), windows open fans provided.We problems tv staff lovely. The front desk staffed 24 hours day. The breakfast fine.But showers quite manky - small.Still, want location budget hard pressed match hotel.",0.26933333333333337,0.5121666666666667,Jun 12 2008
24,24,"Don't stay hotel... I awful experience Mabledon Court Hotel London. There many reasons bad, I tell exactly why. Firstly, staff quite rude. I problems room dealt rather badly. I one found blood sheets (they claimed coffee), I requested separate bed provide instead gave one double bed stating separate beds there. I think personally told booking instead realizing upon arrival. Also old hotel, I could hear everything going around me. The walls thin, I could hear everyone walking around room. Also, end stay, I requested I get invoice stay problems stating I requested beginning. I problems colleagues also problems I leave unmentioned. I think that's bottom line I advise NOT stay here. Even though superb location, I think find much better place stay - especially price.",-0.049375,0.5172916666666666,May 5 2008
25,25,"OK worth 3* rating Having previously read reviews I wasnt expecting much I wasnt disappointed. It basic hotel. Not sure warrants 3* claims be. The room small, bathroom reasonable shower cubical tiny, smelt musty. The sheets clean, tv aereal could get channel 5. I couldnt work whether nets black black dirt. The staff friendly helpful. Fortunately I ionly booked one night spent evening dining out. On return lights stairs werent working seemed every floor. The lights room didnt work morning staff member fixed promptly, I dont know turn lights night save money. The breakfast ok. I If want close proximity Kings X, British Library etc ok. I dont think I'll stay again, wasnt bad 1 night.",0.03266666666666667,0.4750555555555555,Mar 1 2008
26,26,Good value location The double room stayed bad size. Clean loads coffee/tea/milk facilities. The ensuite bathroom air filter window smelled musty. Small shower. Because bathroom I want stay day so. The breakfast good Â£75 night double room breakfast good value money. Especially considering excellent location closeness Euston/King's Cross St Pancras. Friendly staff.Would definitely use short stay.,0.2961111111111111,0.4911111111111111,Jan 26 2008
27,27,"Location everything Alas I confirm worst fears I reading unfavourable reviews appeared site. I decided give try â never set foot again. I paid Â£65 per night tiniest single room I seen London (and I seen many). You contortionist able use shower, room small cannot even providea chair. So nowhere sit apart narrow bed. Atfirst, I thought toilet tank leak â no, simply takes 10-15 minutes fill again: better flush toilet night exasperated noisy trickle prevents going back sleep (and naturally bathroom door close properly). As service, equally deficient. I innocently asked receptionist give change I needed Â£3.50 coins buy bus pass. Answer: everybody pays card cash! In themorning, prepared long wait get indifferent breakfast basement. They âtry harderâ know it, location makes ideal new St Pancras Eurostar stationâ reason I foolishly decided give try spite highly negative reviews predecessors.",0.0315842094413523,0.45576066790352515,Dec 2 2007
28,28,"Convenient rather luxurious! I quick google search Hotels London Area near Euston Station one cheapest ones I found.I slightly worried booking I read negative reviews, I got I found absolutely fine. + Plus points: Freindly receptionist, clean room tea/coffee facilities, full english breakfast included, back-street (quiet) location, walking distance dozens places eat, walking distance Euston, Kings Cross, St Pancras. - Negative points: Budget hotel. Don't expect Ritz, need somewhere sleep breakfast, can't go wrong here. All all, recommended.. budget.",0.025000000000000005,0.40416666666666673,Nov 30 2007
29,29,"OK place crash night catching Eurostar As everyone else said, room small. But said that, spotlessly clean, breakfast good, staff helpful. Free WiFi available PDA Laptop (they give password reception).Beware rate quoted Expedia include VAT @ 17.5% We paid Â£70 + VAT double room = Â£82.25Also booking Expedia, Credit Card guarentees booking, money taken booking stage. (Don't surprised asked payment reception desk !)I want stay length time, small room would eventually done head in. My wife I used place crash night trip Eurostar, respect room fit purpose. You easily spend Â£200 room part London, pretty good value.Euston, St Pancras, Kings Cross Stations easy walking distance (you need cab unless really unable walk). There pub next door serves food, many eateries within walking distance.",0.2504166666666667,0.5233333333333334,Nov 27 2007
30,30,"No room sir Booked room two nights website, asked email extend one nite, approved. Sure enough, arrival room, person name booking list hope. I went cybercaf print booking docs suddenly found room (and name) system. The first night however disappeared I go elsewhere (48hrs cancellation policy meant I go back nights two three). Bizarre. The room 4th floor quiet (to back) reasonable nick. I paid 75 single. I shall go back.",0.11623376623376623,0.36089466089466093,Sep 16 2007
31,31,"WONDERFUL! I found likely escaped Alahanbra (terrible) think really lucky. The people estremely kind gav e us room top floor garden view. It peacefull, noise , slept perfectly.the breakfast huge, big buffet! stayed 8 nights. location perfect ..near king cross's tube station area safe night also.",0.29444444444444445,0.6719444444444443,Aug 18 2007
32,32,"Bed Bugs!!!!!! Bed Bugs!!!!!!! Room 23. Oh goodness.... Please think I fussy traveller, I'm not. I love budget one dreadful. And budget Â£95 per single/night. I stayed one night. Well ended checking 6am, woke 4.30am! The rooms tiny hot stuffy, carpets grubby I woke find huge BED BUGS crawling large blood stains ALL sheets eaten alive! Absolutely vile. I stayed cheap backpacker accomadation world including India Bangladesh I never experienced bed bugs. Only saving grace staff, nice people. Can't comment breakfast I made sharp exit funnily enough, appetite......Do stay EVER.",0.037119047619047635,0.716904761904762,Apr 25 2007
33,33,Atrocious Stayed recent conference trip London. Only chose place location situated close Kings Cross station. Rooms extremey small musty get quite warm summer. You're better staying one Premier travel inns price pay place.,0.021428571428571432,0.5357142857142857,Apr 8 2007
34,34,"Considered worst I stayed in- desperate only! I stayed partner September let make choice hotels, entrusting would good taste. After booked I looked reviews hotel, instant feeling made mistake proven wrong To day extra cautious want make kind mistake again! The side street extremely small outside, reception, particular lobby put I would describe box room first floor, hardly room walk around, head bed one wall foot bed touching window curtains joined window sill, imagine small room is, My partner I give way either us needed step desk chair area bathroom also extremely small shower, sink toilet close other, The door bathroom thin hear everything! The shower plastic curtain water contained leaks onto floor bathroom drain, cannot walk around bathroom without getting feet wet. Toletries provided cheap quality. The service average, one person front desk staff seem particularly bothered quite offish, told us bigger rooms night could offer switch next day were, When requested fresh towels morning I told I get downstairs.The positive note breakfast included price average, quite nice cosy setting menu limited choice service seemed slow.What intended 3 night stay cut short one night find another hotel, abundance London much better price quality personally I would suggest stay ONLY desperate feel absolute necessary close Kings Cross station, Euston anything else nearby.",0.002691598524931856,0.5357896424563091,Feb 1 2007
35,35,"More B I concur previous review, hotel, realistically - B&amp;B - ideal small persons/couples wishing stay London.Overall I wife excellent experiance four nights stayed there, costs excelent twin ensuit room - approx GBP45 per night - special Xmas price internet site. Staff helpful even lent laptop access internet rm second floor. Mac owners beware, wireless network incompatable.On whole, I'd highly recommend singles priced GBP50 doubles GBP60. Breakfast bonus, although bacon eggs bit small side.Location ideal, two rail stations three tube stations within easy walking distance. Close British Museum, British Library major universities. Also good access shopping, sightseeing theatre. I utilise price right.One major bug, rooms indeed small bathroom unit must see get meaning. As such, small person make best it, giant, avoid.",0.2420337301587302,0.4921428571428572,Jan 19 2007
36,36,"OK small people. Definitely smallest rooms I ever seen. The whole room size average bathroom. But, location great, price reasonable (by London standards) staff friendly.",0.209375,0.50625,Jan 7 2007
37,37,"Highly Recommended Very Friendly Staff I went London attend course 2 weeks own. I originally booked internet disgusted find room dirty completely substandard. So, horrible sleepless night I got 6.00am next morning went looking another area (Kings Cross). I luckily stumbled accross Mabledon Court Hotel. It located safe area, 3 minutes walk tube station (which Picadilly line, ideal travelling major tourist destinations). The staff front desk helpful - I even treated complimentary breakfast morning since I checked early. I stayed 2 weeks - staff friendly accommodating nice especially since I there. My room looked onto street -I slept window open every night due heat I never problem street noise. My room nice clean, small ensuite bathroom. Breakfast lovely. I find little expensive comparison hotels area.I would definitely recommend hotel.",0.11241935483870968,0.6297849462365591,Aug 18 2006
38,38,"Run Away FAST! I went August 10th 2006. I booked LateRooms reroute trip terrorist alert. We get Mabledon get room 15. Well... let tell you, room big post stamp bathroom filthy. No fridge, hair dryer old, tv tiny 5 channels only, in-room coffee facilities amounted instant coffee. BEWARE &quot;wireless Internet connection&quot;!!!! For one, see wireless network able access it. When ask manager (that tried convince significant get romantic rather surfing net night *right* get go, arrived asked it), tell go downstairs lounge. In lounge find router WITHOUT modem barely plugged electrical line and, ask manager router cable attaching Internet he'll reply &quot;because wireless&quot; (see, I work online everyday know stuff works). RUN AWAY fast can. What advertise false, conduct despicable. If believe me, go check router lounge.",0.01563025210084033,0.5257282913165265,Aug 17 2006
39,39,More B Booked late rooms short notice 'hotel' served purpose room rate Â£95 however I think would serve customers better described B&amp;B.Excellent location minutes station. Room little small dÃ©cor dated however room bathroom clean! No air conditioning make extremely uncomfortable night London summer; however fan room helped. Tea making facilities room great I arrived late.Staff polite quiet breakfast good,0.18803030303030302,0.5975757575757576,Jun 28 2006
40,40,"Very small room good service On arrival offered put sister round corner would bigger room. I declined I quite tired chosen location. The single room really small: hardly space bed end wall, bed small desk (see picture). The bathroom nice clean. The room clean (except windowsill). The staff really helpful breakfast room breakfast really nice. I imagine one smaller rooms, I think good short, inexpensive stay nice area London.",0.13029100529100526,0.5708862433862434,May 11 2006
41,41,"Dreadful I awfull experience hotel. friend booked 6 weeks advance, phoned 2 days arrival, told everything fine. On arrival told booking us rooms available, told could stay Bayswater hotel, however would pay rooms. spoke manager must say unhelpful, uncaring person ever met. Plus didn`nt want right across side london. We ended another cheaper wonderful staff. Don`t ever stay one, (if actually rooms)",0.24773809523809526,0.5410714285714284,Jun 11 2004
42,42,"Keep looking My friend I also similar experience two previous reviews. We booked weeks advance, reconfirmed day before. But got put us another Bayswater first two nights. It waste time Bayswater terrible. I never got reason reservation changed day said confirmed. They pay taxi hotel, though. And days spent Mabledon fine. I liked room. I wish mishap beginning happen. And I say Andy, works front desk, helpful kind. I stay again, though, risky.",0.07291666666666667,0.4895833333333333,May 22 2004
43,43,"problems I supposed stay Mabledon 05/05/04 09/05/04 yet room one night. I similar problems previous tripadvisor reviewer. I'd booked room 6months confirmed booking 2 weks arrival find room booked me, didnt know was, great welcome 11 hour flight ten oclock night? They could accommodate us one night, booked us another Russell Square asked they'd pay taxi receptionist said manager would need authorise that, like previous reviewer, never there!Had aknowledged responsibility wouldnt writing staff great overall decent seems like somethings working there! Be careful better still dont risk it, lots hotels area!",0.182421875,0.6046875,May 15 2004
44,44,"Beware Mabledon Court Hotel 1. Your &quot;confirmed&quot; booking may arrive,or dates may wrong, eg., days short.2. You may kicked room , belongings removed without prior notification you.3. Rooms substandard, dingy, may lack window curtain.4. The manager may &quot;unavailble&quot;, make appearance, may surly, unapolegitic, haughty.5. No wake call requested. All happened us March 26-March 29, 2004. A unpleasant experience.",-0.14166666666666664,0.425,Apr 13 2004
45,45,"Small Rooms Friendly Staff The rooms small, bathroom even tinier, service good. English breakfast morning delicious wait staff friendly, front desk people friendly accomodating. We clean towels shampoo/soap, beds made daily (be room 10/11am). Although noise outside night, trouble sleeping sight-seeing day. Stayed 3/13/04-3/20/04; would stay again. 65GBP night, got deal www.orbitz.com. The last day though, another traveler informed us staying Euston Plaza (not far Mabledon Court) seemed much nicer, price. Might wanna check out.",0.1908854166666667,0.3994791666666667,Apr 5 2004
46,46,"Worth money We got back short trip London stayed Mabledon Court Hotel 4 nights. Since February off-season, reserved double 65GBP, $130. The front desk people nice. Our room ground level facing street found fine. We worn every day much sight-seeing, night slept kind street noise might been. We travel lot found room adequate European standards. It clean fresh towels every day. We double bed, small table 13&quot; tv 4 BBC channels, hair dryer, coffee/tea maker, private bathroom. The funniest thing whole shower literally 24&quot;x24&quot;! (I sewing measuring tape me.) We open shower lean wash legs feet. So need want large private shower, you. Breakfast included price pretty good. You could English breakfast (eggs, ham, sausage, tomato) and/or cereal, fruit, yogurt. It's enough fill get day started. The location short walk Euston Square, Russell Square, King's Cross tube stations. The location convenient. It's also close great fish chips restaurant called North Sea Restaurant Leigh St. Overall, we'd stay Mabledon Court Hotel London standards good value money.",0.24124098124098126,0.404906204906205,Feb 21 2004
47,47,"Thumbs I booked Mabledon Court Expedia, without able find much poasted web, I thought I'd share positive experience. I found Mabledoon Court good value London. It's well located, little south east King's Cross station (ergo easy transit access), safe fairly quiet sidestreet -- room facing street problem sleeping window open night. (If concerned noise, might try ask room facing back.) The front desk pleasant friendly, breakfast good, overall furnishings modern, clean well-kept. If enjoy small-European experience require frills, I recommend it. I would stay again, myself.(We got off-season rate Mabledon Court Hotel 65 GBP per night two-person room 1 bed February 2004. I think air conditioned, doubt summer rates higher, mileage may vary.)",0.3020055821371611,0.4763397129186603,Feb 17 2004
48,48,Bien placÃ© pour Eurostar mais chambres minables,0.0,0.0,Nov 7 2009
49,49,Pour un week-end Ã§a suffit...,0.0,0.0,Aug 17 2009
50,50,cmere pulitecolazione abbondanteposizione strategica,0.0,0.0,Aug 8 2009
51,51,Catastrophe,0.0,0.0,May 27 2009
52,52,aÃ¯e aÃ¯e aÃ¯e,0.0,0.0,May 26 2009
53,53,Consigliato,0.0,0.0,Mar 25 2008
54,54,Piccolo grazioso,0.0,0.0,Sep 29 2007
