,Unnamed: 0,Reviews,polarity,subject,Dates_extracted
0,0,"Quiet perfectly located We spent week Commodore Hotel highly recommend others. I stayed various hotels London believe best value money. The rooms small sparcely decorated clean cozy. We lovely room top floor enjoyed peace quiet. The breakfast good service. The location fantastic Lancaster Gate Bayswater tube stations. Hyde Park stone throw's away. The rooms inexpensive like husband I, need room within sleep. This perfect spot.",0.3403921568627451,0.6227450980392156,0.6227450980392156
1,1,"Great location Spent last weekend London friends. Stayed Commodore 3 nights small clean nice room. Friendly staff, great location. We arrived Gatwick problems getting hotel. Quiet area, nice pub (the Mitre) fantastic lebanese restaurant (Fontana) near by. Would definately stay again.",0.3013888888888889,0.5850000000000001,0.5850000000000001
2,2,"Smallest room ever I stayed 1 night 15th October. I sure located. I ended calling directions. I came Paddington rail I took London express. It bit walk, 20 minutes lugging things around.The receptionist knew I walked Paddington &amp; gave room number (I think) 34. It 3rd floor lift, happens top floor. Seeing I lug things 3 flights stairs I happy. She said I could wait &amp; would someone take things me, I friend waiting dinner I opted take 3 flights stairs. However, check-in fast efficient despite giving worst room ever receptionist pleasant friendly.The room disaster. There photo bathroom I practically walk side ways sink shower. I'm 5'2&quot; uncomfortable me. I imagine anyone bigger manage there. There also room put toiletries. The bedroom room anything. In fact, desk front double bed. The space foot half desk end bed. That meant pull chair completely. To work I sat bed pulled desk towards me. Since space tight, I hop onto bed get side bed I couldnât pull chair go around bed.I've stayed twice past hit miss me. I like big inconsistencies traveling - business pleasure. Therefore, I return would recommend anyone - regardless location. There plenty hotels within area better.",0.05726817042606517,0.4688387635756057,Nov 3 2009
3,3,"bit basic four star great location I never london sightseeing/shopping trip. You can't fault location three minute walk lancaster gate tube station 20 mins marble arch. It also almost overlooks hyde park kensington gardens. The basic four star apparantly standard London. I dread think 3 star lower might like.The room nice, bed comfy linen gorgeous bathroom minute. You could hardly swing yourself, let alone cat!! It perfectly clean, however, minibar well stocked. Breakfast dreadful. A continental breakfast included room rate poor selection cereals, fruit, bread etc. Service impeccable though. Dinner also disappointing. We going show one nights left enough time go nice restaurant dinner shopping day (the red shoes brown shoes-you know yourself!) eat night. We asked two fillet steaks tough, overcooked flavourless accompanied limp salad leaves. So, avoid eating can.We found service staff quite good. We arrived back late one night find room soaked rain coming open window. They moved us quickly efficiently courteous polite times. Also, looked bags day checking flight late evening.",0.06021527777777776,0.5700999999999999,Oct 29 2009
4,4,"Terrible Stay...Better Hotels Same Price My wife I researched Trip Advisor left. There positive negative comments, decided spend 8 nights Commodore Hotel Oct 16-Oct 22/09. Many reviews accurate. We upgraded suite (room G-5). Although room larger, carpets dirty stained, replaced years ago. The furniture worn, general appearance lobby area okay. When paid online, included breakfast morning part stay. Unfortunately, went first breakfast, told breakfast included. The staff rude unaccomodating, made attempts clarify concerns...they told us get breakfast. The bedroom king size bed, but, put fitted sheet bed give flat sheet. This means sleep duvet kept bed guest guest. The bathroom small, exposed electrical wires underneath sink. No face cloths provided all, plenty hot water.On day check-out, expressing concerns, I informed male front desk employee indeed I received breakfast day wife I. He apologized said female employee wrong.Overall, cost room, saw hotels much better rooms rate. The location excellent, again, plenty hotels area much newer accomodations. In fact, ate breakfast another nearby hotel, staff polite welcoming.I would reocommend Commodore Hotel anyone. Read reviews Trip Advisor see others said. We made mistake trying positive comments, paid closer attention negative comments. The negative comments right money. My wife I going back London next year, staying somewhere else.As someone travelled many countries stayed many hotels, take review accurate. This rated 2 stars, staff unpleasant, rude unaccomodating.",0.020122319540924204,0.4611230242625592,Oct 23 2009
5,5,"I've I'll go I stayed many London Hotels set Commodore. This little really offer lot. You next great places eat, Hyde Park, three tube stops less 5 minutes walk, mention Heathrow Express Paddington ten minutes walk. The rooms fine, bathroom spotless, service excellent. The area safe, really nice walk around. One nicest parts London base take tube everywhere.",0.25104166666666666,0.513888888888889,Oct 10 2009
6,6,A safe quiet good position london tourist My room small adequate &amp; pleasant. Downstairs 2 beautiful rooms sit &amp; relax one many papers supplied. The breakfast good European style buffet additional cost hot one check included many seemed included. The fault I found carpet looked stained put report housekeeping &amp; didnt tell gym {but walking day I need it.},0.35833333333333334,0.5630952380952381,Oct 2 2009
7,7,"lovely bad, breakfast two starts hotels, bad coffee selection food tiny..they def. focus that. There far many waiters breakfast room ignoring little space. They one actually spoke english instead.but leaving breakfast behind, everything else spot on!",-0.06562499999999998,0.5986111111111111,Sep 23 2009
8,8,"great staff excellent food convenient room bit small. My wife I seventies. We stayed 9 nights hotel. All staff pleasant helpful. Excellent dinners. Only complaint would size room - found small believe standard London. Heating controlled centrally, room.",0.29533333333333334,0.6000000000000001,Sep 22 2009
9,9,"Perfect A top little hotel. Perfect position -across road Hyde Park. Public transport local shops 2 minute walk away. Friendly staff, clean room comfortable bed. No problems traffic noise.Hot water needed (not 10 minutes later)Enjoy!",0.39490740740740743,0.5629629629629629,Sep 16 2009
10,10,"Dont stay first floor!!!! Opt fot 7th Floor option Just back short break london partner, early arrival, vould go room 1 ready. walked across road Kensington Gardens, fab!! We arrived back around 6 7, given room 105, rooms small, view wasnt best looking onto seemed rooms hotel. woke 5.30 following morning someone seemed lap room 2nd floor, could hear creeking floor boards doors banging television on, went 7am, I wanted noise I would stayed home ans gone work. When went breakfast 9.30, said receptionist noise disruption 5.30, happy move us 7th Floor, heaven, lovely room, apparantly room executive room, king sized bed, ever dont upgrade one rooms arent worth it, standard Double Rooms actually much bigger newer looking.",0.14575255594135803,0.2915123456790123,Sep 16 2009
11,11,"Very Nice Great Location. First must say location brilliant. Situated Hyde Park, stones throw away Lancaster Gate, Queensway Bayswater underground stations. Its also main road even center London quite quiet. The staff friendly rooms clean. I've stayed bigger rooms four star room big enough decor simple modern. I've better breakfasts, however upgrade full english comes almost Â£10 head thought rather steep bit egg bacon. Overall nice good location, I've stayed better hotels price.",0.3333730158730159,0.4998639455782313,Sep 4 2009
12,12,"Top quality reasonably priced. We stayed one night wedding anniversary, really wanted somewhere crash sight seeing London. The location perfect short walk Lancaster Gate tube, nice area feel worried coming back late night. Hotel clean, receptionist quickly dealt check room ground floor. Wasn't sure expext paid London prices room Superking size bed, wet room, T.V tea coffee making facilities. Room clean decor ok too. I read reviews booked people moaned space furniture compared size room. The furniture big (big bed mentioned before, big wardrobe) plenty room manoever see issue was? We continental breakfast included stay, restaurant busy wait long plenty choice toast, cereals, fruit, yoghurts juices choose from. Food nice staff friendly helpful, also efficient cleared away quickly making space customers waiting. We ahd thoroughly nice stay would recommend highly, contemplate staying extra night last minute get back kids. We would stay again.",0.2343548387096774,0.5159856630824372,Sep 2 2009
13,13,"The end wedding completed perfect place I needed place stay wedding night close Paddington station offered touch class luxury, I got whole lot Commodore. We arrived late get chance use whole facility eat dinner there, room got amazing perfect location gardens outside. The staff allowed us deliver bags days held securely, kept copy day's paper us offered fantastic breakfast next morning.I would recommend anyone looking fairytale room wedding night stay here, anyone simply looking close Paddington, Lancaster Gate local amenities.",0.245,0.47880952380952374,Jul 1 2009
14,14,"Great location - Central London I stayed father Sept. 2008 6 nights. The location excellent, right near Paddington Station, subway stations, Hyde Park Oxford/Regent Streets within walking distance. We like walk, walked Trafalgar Square, Picadilly Circle, The House Parliament, Natural History Museum, Buckingham Palace, St. Pauls Cathedral. Mind you, trips took hour half walk. So it, take subway - cabs get bit pricey travelling Canadian dollars. There lots great, cheap restaurants around Paddington Station. Amazing location, can't beat.",0.3919047619047619,0.5852380952380952,Jun 28 2009
15,15,"I book place often great! (but book suite) This GREAT value, quite smart little hotel. The double rooms 4 poster beds spacious, clean, nicely decorated charming. The bathrooms classy well equipped, central business night out. The down-side 'suites' extremely tired clean comparison. I wish I upgraded. DO book double room instead, I often do. I eaten breakfast (I find hot breakfast room relax - I fussy!), always found staff pretty nice.",0.24793686705451415,0.6856658047834518,Jun 21 2009
16,16,"Very poor value money After spending 800+ euro two rooms (2 nights), less impressed size rooms, double room smaller average garden shed, single room amazingly size double!!.Would I reccomend anyone staying hotel?, NO.",0.07687830687830689,0.4428835978835979,Jun 14 2009
17,17,"Ok Well located 5 mins Lancaster Gate Tube. The clean friendly staff. Very comfortable lounge plenty free papers read.The continental breakfast relatively small choice however, quality good.Only gripe - room little tired side noisy plumbing. Try avoid ground lower ground floor rooms.My partner stayed months ago much better room. All all, price good choice - clean, safe, good staff save poor room Id say comfortable place.",0.24449074074074076,0.5727777777777777,May 17 2009
18,18,"Great location great staff exceeded expectations A great little hotel, made perfect base shopping theatre. The staff professional friendly made group five feel welcome. We delighted get upgraded rooms enjoyed generous continental breakfast. I would definitely recommend it.",0.4239583333333334,0.6875,May 11 2009
19,19,"Maximum 2 stars internet pictures lying. I reserved 3 nights considering four star normal range. When arrive received small room one meter bigger bad. One friend single room, received 6 square meters room. After discuss personnel, gave us &quot;executive room&quot;. This little bigger old furniture situated ground floor horror view (pipes) terrible smell. The breakfast bad. No fruits variety included 2-3 things. For basic foods parts (eggs) pay extra.I objection way everyone managing business, I really like hotels, lies customers nice pictures wrong information. I think much fair publish real pictures real condition hotel, maybe customers looking many bad reviews. And also also help us damage holidays.",-0.08542517006802719,0.5602040816326532,May 5 2009
20,20,"Great Great Location We stayed Commodore Spring Break pleasantly surprised.The location great, nice. The rooms big European standards water pressure great. The staff also really helfpul.If looking nice quiet area, dont pass up- You disappointed dont listen bad reviews.",0.31256410256410255,0.6166666666666666,Mar 31 2009
21,21,"Not bad price I returned 4 night stay Commodore husband (3/11-3/15). There many negative reviews I bit nervous. However, London, can't beat $125 paid night I satisfied stay.I suprised checkin. They nice informative I used hotels explaining breakfast &amp; whatnot. The girl pretty rude. No one helped us luggage. Usually need help seems two separate town houses joined. So room 52 something like this...Up elevator 6th floor. Turn left go 2 stairs, go 3 stairs. The go door. Then turn left go winding staircase (15 stairs so). Then turn left go door. There room 52. Obviously could used help bags maze.The room good size decorated nicely Victorian style. The furnishings bit tired though. The bed king (actually 2 twins pushed together) since we're used sleeping king, glad see that. The bathroom needed thorough cleaning. The shower mildew grimy looking overall. The room clean otherwise corner room ceiling water stains. Appropriate amt towels provided replaced day. Coffee tea provided room good hair dryer provided (trust one I long thick hair used much worse dryers much expensive hotels).A pretty good free breakfast provided- cereals, toast, cheeses ham, fruit, breads, butter/jams. You order eggs, bacon, etc surcharge. One morning, one came 15 minutes did, told kitchen closed. They agree make breakfast though complained bit.The located right across Hyde park 2/3 block walk Lancaster Gate tube. There restaurants area really nice indoor/outdoor pub many stores run something.",0.14003341687552218,0.5185568086883876,Mar 25 2009
22,22,"Overall- decent away crowds Overall, pretty nice, let first focus negatives:The dark-haired receptionist behind counter checked courteous arrived around 2pm weekday (I would hate think white, even next day even crack smile spoke her, pretty jovial spoke guests white).The room stayed Albert Suite - toilet flush right away, wait around 2 minutes able flush properly. There much walking space bedroom, bit hard iron, example (iron board requested way, took back made room first night).The positives:The Albert Suite beautiful! Only one quick flight up, bathroom left little foyer walk in. To right curved staircase; leads bedroom right shower right front (so there's toilet sink downstairs shower sink upstairs). The rooms: walls red color off-white color, there's mahagony canopy bed, everything victorian style, heavy drapes, tv, phone, hairdryer, pictures royalty everywhere, chandeliers...The male receptionists friendly able leave luggage beneath main staircase hours checked (it seems like quite people thing).Overall, I would definitely recommend place. The underground far away, there's also little shopping street Queensway also far hotel.",0.06915842490842489,0.449408424908425,Mar 23 2009
23,23,"Not even close promise! They promise modern boutique hotel... When arrived late one evening, placed basement (room L9) called &quot;standard&quot; double room, room NO soundproofing ever, could hear neighbours talking - saying. The restaurant ventilation like train passing outside window. After lot arguing unfriendly receptionist, upgraded &quot;excecutive&quot; double room. The difference standard excecutive beeing bathtub, excecutive little less noice kitchenventilation.... Upon check out, waited 20 minutes behind couple experience - refused pay full price room. They get reduction - manager available reduce price...General notes:- Hotel last renovated 2002 - looks way- The bathroom cramped - wanted look mirror - needed close door.- General conditions maintenance bad, fungus shower, scratches furniture, lock roomdoors work I could keep going.- Very poorly signed - difficult find rooms hotel. Who knows happens fire - people running aroud trying find exit...- If want cheap - find another - cheaper- If want style - willing pay - were, lot's good hotels London, one them.",-0.010674603174603161,0.4121428571428571,Feb 23 2009
24,24,Poor customer care!! We booked Commodore Hotel 2 night stay well advance arrival told due hot water one floor could accommodate us transferred us another (not within group). We obviously happy forced Â£20 hands cover parking costs went Hotel Elizabeth bearing mind Commodore said better filthiest I ever walked needless say stay spent long time Concierge Royal Lancaster Hotel opposite rooms happy ring round find us accommodation. I upset even ring Commodore Hotel complain I knew I would lose temper doubt would fobbed us usual cliches perhaps discount towards next stay!! Will never stay due poor customer service care policy! Also noted Commodore even ring us morning let us know happening. It really put dampner weekend especially find alternative accommodation imagine one busiest weekends London (we ended staying 2 different hotels)!,-0.06956521739130435,0.4891304347826087,Dec 16 2008
25,25,A Good Tourists Hotel I enjoyed stay Commodore Hotel London. A 10 minute walk Paddington Station makes access Heathrow Airport via Heathrow Express/Heathrow Connect handy. Lancaster Gate tube 5 minutes Hyde Park/Kensington Gardens closeby makes nice walk break busy streets central London. So location good. The pretty standard tourist class hotel. The staff friendly room ready upon arrival noon. To surprise I king sized bed comfortable. A definite selling point common London hotels price range. The competitive room rate made good choice. A continental breakfast included. Unfortunately nothing really brag department. The breakfast acceptabe best. There eat English breakfast ?5 5 minute walk Bayswater Ave towards Queensway tube much fulfilling. A good stay overall.,0.332190635451505,0.5145484949832776,Dec 4 2008
26,26,Fantastic staff A lovely Victorian centrally located amenities. The staff particularly accomodating extremely pleasant. The room delight--large four poster bed necessities. The restaurant served huge breakfast dinners excellent. Check history grandfather clock lobby. Recommended all!,0.45714285714285713,0.7285714285714286,Nov 14 2008
27,27,"Great Hotel My husband I stayed Commodore 10 days October 2008. We little surprised size room, tiny, well appointed. Housekeeping kept room spotless. The bathroom wonderful, marble lined wall-less shower water efficient toilet. The continental breakfast adequate, coffee great, 10 days, change would nice. The 2 minute walk away Hyde Park, close Kensington Palace, Marble Arch many attractions.As reviews, recommed The Swan Pub 2 blocks away meals. Entertainment Fridays, Saturdays Sundays.All terrific place stay, would stay again.",0.29732142857142857,0.605952380952381,Nov 4 2008
28,28,"Tiny room clean I stayed four nights October 2008, hard time understanding earned 4 stars--even London standards.I went several rooms finding one adequate. The toilet broken first room, little water pressure second room, third room acceptable (I think newly remodeled). The room could cleaner. The duvet cover stained, well towels.That said, service pretty good. The bellhops particularly helpful.I stay again. The location excellent, many hotels immediate area.",0.13428458796105852,0.41380433292197993,Oct 29 2008
29,29,"Good location decent stay Stayed two nights May 2008 second trip London. I decided different location last stayed London. I liked quiet location easy enough get tube needed...pub convenience store also nearby.The ok. No issues check check out. Hotel staff friendly. The room small enough two us. We twin beds, comfortable...the sheets ok cleanliness, nothing gross. Bathroom clean served purpose. The room looks nice first glance, inspect close looks little tired...this actually applies rest hotel.The continental breakfast came room...tea/coffee toast right me. We actually booked double room asked check could get twin room two beds...they able accomodate wait minutes make changes. Can't complain much safe, accomodating, got good night's sleep, good location. Some cosmetic work rooms really needs.",0.2313293650793651,0.42980158730158724,Oct 26 2008
30,30,"Lovely Hotel stay A great quiet convenient location close Lancaster Gate tube. Well furnished clean rooms, great price, friendly helpful staff, beautiful public areas complaints, except I thought continental breakfast offer much choice.",0.4091666666666667,0.535,Oct 20 2008
31,31,"Great little My teenager daughter returned staying Commodore Hotel 7 nights. The staff extremely helpful everything directions arrangeing car take us theatre. Breakfast great staff effecient quick.Afternoon tea lobby lovely gentleman served us polite reasonably priced London. The Commodore central everything, close subway, buses, parks, busy street Bayswater, found quiet night. Rooms small little shabby renovating rooms, They always clean beds comfortable.I would highly recommend anyone wants experince London offer limited budget.As mentioned prevous reviewer Swan Pub great place take break supper drink. The Fish Chips huge shared resonable price.",0.20451190476190476,0.5283095238095238,Sep 28 2008
32,32,Clean confi Small room comfortable bed. Very clean room bathroom.Less 5 minutes away Lancaster Gate tube stop (Central/Red Line).There's pub called Swan block away live music Sundays. There also small grocery store next it.Staff nice polite.I would stay again.,0.19996212121212126,0.61375,Sep 22 2008
33,33,"Exellent We stayed wonderfull weekend.Very friendly staff, close city, breakfast buffet really amasing ( quality quantity ).I forgot shoes room, happily send post home address.One go back !!!",0.34375,0.425,Sep 11 2008
34,34,"Staff friendly I stayed daughter last Saturday August 30th yesterday Sept 3rd. IThe staff reception lovely great help advice sorts topics, book tours using tube getting best value booking tube.They always friendly, courteous helpful every way.The staff worked breakfast room also helpful. Again I found times efficient friendly time becoming rare combination!!The location excellent next time I travel husband early next year going well I already told Commodore.",0.37499999999999994,0.4730392156862746,Sep 4 2008
35,35,"Did like Just returned weekend mother &amp; 2 sisters. When first got rooms, even though requested low floor bedroom, put 7th floor 70 year old mother would able lift went floor 6 &amp; climb windy stairs. We put case &amp; told us nothing else available, 2 rooms given tiny twin rooms, shabby looking rooms. We going check &amp; look another mothers 70th birthday london , staff came choice different rooms ended taking 2 ground floor rooms lot better share double beds.The staff friendly, breakfast badly organised, quite chaotic. The location good &amp; reception area lovely I say I would return hotel.",0.1375,0.5316666666666666,Aug 13 2008
36,36,"Not Bad London Overall, short stay fine. It exceptional London Hotel reasonable. Our room almost mini suite pleasant surprise; compact everything needed; tea/coffee facitlites, fridge, TV good signal plenty channels, nice toiletries, mini safe. Cleanliness room brilliant location great close Lancaster Gate tube Kensington Gardens Hyde Park. Although reception service arrival good, breakfast service left much desired. We breakfast included nightly rate real understanding staff entitled full breakfast continental, guests know whether seat wait seated bit chaotic time slow even restuarant quiet. The restaurant manager seemed forever apologising looked run feet. This put dining evening. This however gripe stop going back short stay. As others suggested, Oyster card really good buy, gets tubes buses london zones.",0.3231944444444445,0.5260416666666666,May 27 2008
37,37,"A Good Nights Sleep Awaits You The Commodore offers exceptional service reasonable rate, central location, tiny rooms. The staff multilingual helpful information dining tourist attractions. There brochures lobby area. The included breakfast consists cheeses, croissants, fruit, toast, cereal juices &amp; coffee. The rooms inadequate American tastes functional, clean one comfortable beds I ever slept on. The mini bar reasonable sensible. We used stairs lot elevator size sardine can. The bathroom five five offered stand shower tub, sink toilet stacked nearly top other. Besides room size view (our window looked another window) I would call excellent stay. When I return London, I plan stay again.",0.2486111111111111,0.49027777777777776,May 24 2008
38,38,"fair stay commodore check ground floor lobby hear words&quot;your room one floor down,sir&quot; little sinking feeling expected...didn&quot;t I cheekily ask room view?OK rate 110 pounds continental breakfast included alternative offered really wanted wouldn&quot;t honour web price..but always seem US gets sticky end stick? Anyway, going lower floor ,fairly close lift, another no-no us generally, surprised room itself..L5.. fairly big, bathroom clean, bed large,the TV picture bit fuzzy used news..but view there..albeit looking 70 degrees could look church across road!...anyway location wanted ten minutes walk across hyde park royal albert hall, tour saw concert evening..an 8 quid taxi ride saw back hotel..best traverse park dark!...shower hot towels seen best days ...my dogs towel body fluffiness...breakfast swish restaurant/breakfast room..only six steps room left lower level gym...ah yes gym!! 0640 rythmic knocking wall next door made smile , boy guy stamina thought, imagining honeymoon couple comes naturally news came max level banging went on...and on...after 20 minutes I get up, walk four steps way, right, along corridor bang door gym, find running machine literally four feet heads tv situated full blast another guest 3 miles breakfast!! commodore provided entertaining anecdotes conversation, enjoy stay stayed would ask another room, paid low internet price( seemed time) bargaing powers limited. would stay again? maybe..but seen hotels area would look around better deal.if one available.",0.20782572751322756,0.45058201058201064,May 18 2008
39,39,"Good value avoid tiny rooms! We first shown room 510 - cupboard two beds wedged it, one across radiator, across door terrace (shabby decking grubby furniture, overlooking mews).However, settled room fourth floor found clean, comfortable pleasant base Bayswater area.Despite large number football supporters (mainly family groups), breakfast buffet offered good choice staff professional.Shall use again!",0.21968864468864469,0.5336080586080587,May 17 2008
40,40,"Not Really Four Star Hotel My wife I stayed Commodore week holiday early May 2008. We booked trip package Expedia. As I know British European hotels older smaller would expect North America, I paid extra stay Commodore additional comfort place rated four stars. I feel rating overstated relieved check last morning.First, though, good points: The Commodore excellent location. It right across Kensington Gardens / Hyde Park. If weather nice, pleasant walk many sights (Kensington Palace, Diana Memorial, Victoria &amp; Albert Museum, Harrods). If weather bad (or want see distant sights), Lancaster Gate tube station 5 minute walk away. (A quick tube tip - Get Oyster Card save time lining tickets save large amount normal cash fare.) The continental breakfast fine, however, breakfast room often crowded. Also, staying days, may tire limited selection items.Now, reasons giving Commodore two stars: First, room exceptionally small. We room 504, told check-in one nicer rooms &quot;terrace&quot;. The terrace turned small balcony couple dirty, old chairs overlooked alley. The room space luggage. (We kept week doorway &quot;terrace&quot;.) The carpet quite worn closet space small two people. The bathroom adequate although roughly finished. However, biggest complaint far noise hotel. Pipes kind banging went behind bed nights. Noise rooms disturbing drawers doors banging floors creaking time. My wife remarked &quot;the walls must paper thin&quot;.Would I stay again? Probably not. Even using British standards, I felt misled Commodore's four star status would probably give somewhere else try I returned. I imagine accommodation rated three stars British standards. But, advertising four star location (and charging four star rates) I feel misled Commodore penalized giving overall rating two stars.",0.08232401656314701,0.4560248447204969,May 8 2008
41,41,"Commendation Coommodore I lived London many years sample hotels; I reside Greece stay north Hyde Park interesting experience.The well positioned, short walk Lancaster Gate tube Queens Road, many shops, restaurants (Whiteleys) cinemas. The standard dÃ©cor good. My room, narrow stairs, lift access, small perfectly acceptable. The fact staff member brought bag helped. Indeed staff tended attentive engaging.Breakfast meal I (it separate Mediterranean restaurant). The service slightly anarchic serious time pressure problem. The range food beverages good coffee tasted like caffeine it.A plus point rooms good broadband connection (fast). A minus point pay - although Â£7 24 hours better rate many hotels offer. However, free already paying one Europes highest rates room!",0.27875,0.5376666666666667,Apr 29 2008
42,42,"Nice Place Staff No complaints -- nice, clean room. Comfy bed. Pleasant employees.",0.575,0.9166666666666667,Apr 23 2008
43,43,"A good bet Initially heating room work (this day snowed London) moved another room without fuss. The rooms spacious London standards completely modern, though small TVs disappointing. The located close Lancaster Gate tube Hyde Park, secluded I hear traffic noise. Breakfast nice, nothing exciting.",0.14375,0.5125,Apr 16 2008
44,44,"A Lovely Place Stay I came back spending nine nights Commodore Hotel two friends. We see shows,tour city check wonderful restaurants.We wonderful time three us loved theCommodore. After day touring would come back lobby always great fire going. Its warm inviting. They great breakfast nice bar drink. Even better people. Everyone niceand friendly towards us. If asked anything wasnot problem. I would certainly go back. Thank Commodore wonderful stay",0.5882142857142857,0.6307142857142857,Apr 16 2008
45,45,"Second visit I actually stayed Commodore (10 years ago) pleased then, natural choice return. The location perfect, two-minute walk away Hyde Park five minutes nearest subway. Also, modernized since last stay safety deposit boxes rooms gym. The one thing disappointed time around continental breakfast buffet. It probably poorest breakfast I've ever experienced (it better last stay, choices like eggs different kinds cheese). Tea, juices different choices bread would OK weekend stay, tiresome six-night stay... Apart that, I recommend Commodore Hotel. Nice staff too.",0.19722222222222222,0.5324074074074073,Mar 31 2008
46,46,"Great I booked part package best I've stayed London far. It less 5 minute walk Lancaster Gate tube station, quiet neighbourhood internet cafe close excellent pub less 5 minute walk away (The Swan Bayswater Rd.), room bathroom clean quiet staff friendly.Breakfast included morning I found dining area rather large small hotel. It busy morning I never wait table. The staff attentive clearing away dishes replenishing buffet.I arrived early Friday morning check took time I wait 15 minutes room ready. I also able check night I left, pick 4:25am I want go check procedure early morning. They happy accommodate request. There always staff present desk, day night.Pictures online exactly see get there; surprises. I would definitely stay would recommend anyone travelling alone couple. I think would bit cramped travelling children. You really could ask better place stay.",0.25213403880070545,0.4908730158730159,Mar 24 2008
47,47,"good great money As European hotels, rooms small. Knowing accepting this, I stayed Commodore number reasons, location, amenities, cost. When I arrived room, bed hairs top. Not big issue, removed comforter. The blanket closet dirty though since 7th floor, radiator heating air trapped work. In spite technical issues, staff extremely friendly came fix heat bring us new blankets. The included breakfast delicious. Regarding location, far enough night time hotspots could get good night sleep. At time within 5 minutes walk time two tube lines. This made convenient get anywhere city. If compare expensive Ritz hotel, extremely disappointed, look Commodore is, budget hotel, satisfied extremely enjoy stay.",0.16297348484848487,0.4908143939393939,Feb 28 2008
48,48,"It o.k. Commodore I got extremely good price that, Commodore good deal. The room small, would bothered I'd stay longer - o.k. one night. The bathroom clean small - problem really, since I alone. It tiny quiet room. The best I liked breakfast room, breakfast itself. The location positive me: within 2 minutes I Hyde park - within 5 min. cab Paddington station. After all: I'd come back again, getting good price.",0.28956709956709953,0.46598484848484845,Feb 17 2008
49,49,"What Gem I booked based reviews London difficult city find decent priced hotels pokey frankly quite horrid.This truly wonderful find. It really good value - I paid Â£100 one night including breakfast twin room Expedia.The entrance nice homely quality feel.The room 6th floor clean right size. It newly decorated still modern neat. shower great water pressure toiletries Neutragena plenty them.The breakfast good, served modern room, plenty choose from, cereal, yoghurts, plenty fruit, toast, ham, cheese etc bonus hotels price include breakfast.In terms location I would say 5 minute walk Lancaster gate tube central line situated behind Thistle Hyde park round corner Corus hotel.I would definately stay again!!",0.2562981000481,0.6123292448292448,Feb 6 2008
50,50,"Excellent stay!!! The Commodore Hotel situated near Hyde Park. It easy reach tube (Central Line).Staff extremely helpful. We emailed day ask could check early. They made sure able to.Our room lower level near restaurant/breakfast room inconvenience it.The room spacious much liking beds duvets instead blankets sheets.The badroom clean, maybe bit small. Breakfast feast fresh fruit, cereals, croissants,...When I return London I stay again!",0.26230769230769235,0.592863247863248,Jan 6 2008
51,51,"Good value Service Stayed December 2007 -- Thought fantastic value money -- room good size price paid, everything clean, breakfast wsa excellent staff really friendly -- would definitely stay",0.505952380952381,0.6857142857142858,Dec 14 2007
52,52,"Very happy price We got great discounted rate Expedia 60 quid (price quoted Aus$138 + tax per night).Room lower ground level. Whilst space pretty tight, room nicely furnished &amp; big king size bed, mini bar nice good sized bathroom. Staff helpful breakfast adequate. The complaint noise - could clearly hear gym equipment tv next door longer 6 morning. However, early, &amp; price paid, thrilled would happily stay again.If paid full rate though, I would want room upstairs somewhere away noise.",0.3297089947089946,0.6223544973544973,Dec 5 2007
53,53,Excellent hotel!! As know London terrible expensive. You might expect much pay case I experienced industrie best.After checking saw booked us queen size bed. Me 2.06 meters scratched head went reception. They gave 2 alternatives look at. Both rooms king size bed I choose one them. We go outside bite eat offered move luggage. Very professional aproch.Location perfect. Near Lancaster Gate central line. Hyde Park couple steps away around corner great pub!Yes London still expensive mind pay little get excellent service.,0.19918402777777777,0.5855555555555556,Nov 26 2007
54,54,"good location but... Good location Central Line, nice lobby, staff helpful nice checking The person reception asked twice I taken anything minibar, like insisting...Room lower ground floor, next lift staff room, noisy 6am 10.30 pm. Breakfast ok France Ibis hotels (2 star hotels - 50 euros/night, 300 euros Commodore)",0.3875,0.509375,Nov 8 2007
55,55,"A little bit average unfortunately We visited London first time found great deal American Express. They claimed 4-star hotel, however seem case. Though decent location near Hyde Park 15minute walk tube (train), worth effort stay there. The service ridiculous sense would shut heat every day, though 40's, trouble water system, staff unhelpful. I understand maybe trying save electricity, however, least let us know shut heat every day!The rooms tiny experience expected 4-star hotel. We extrememly dissapointed stay would recommend.",-0.043154761904761904,0.47500000000000003,Nov 8 2007
56,56,"good find stayed happy room staff,as hotels, differences staff, reserved, still helpful, quite friendly. also breakfast included every day real money saver. My suggestion would vary breakfast fare little. good, week ready something different. This good location, close tube paddington station, across hyde park, great place rest bones long day sight seeing",0.35673076923076924,0.5884615384615385,Oct 28 2007
57,57,"Good Hotel Stay At After freading lots reviews trip, I decided write review. The Commodore Hotel nice 3 star hotel. It's smaller side, that's common European hotels. The lobby nice inviting. It rather Victornian style daughter liked, room furnished way nothing else besides lobby was. While nice room, rather stark white black trim. The bathroon bigger expected, although behind fire door supposed shut night, making awkward get night. The beds okay really great. It quiet nice. It's close Hyde Park many touristy areas. The Tube entrance close Central Line. On previous trip close CIrcle Line little convenenient, anywhere get tube great lines easy follow get anywhere. The front desk people helpful overly friendly. They charged 4 GPD Internet (1 hr. whether used hour). Breakfast came reservation. It good variety (nothing hot) thing every morning many servers bustling seem relaxed. But certainly saved us money gave good start day. We ate restaurant (Mediterranean food) right, much menu I wanted order. It area basement (with window) breakfast. Our rooms clean nicely done done every day. I would stay again--I liked location. We sleep anyway. We bought 7 day pass tube economical easy use.",0.22622093023255815,0.589700996677741,Oct 15 2007
58,58,"Great Hotel - Crappy Desk Staff We stayed Commodore 4 nights early August, 2007.Great room, nice bathroom tub, lovely outside patio, decent breakfast, CRAPPY desk staff - felt like East Germany 1980's every time talked - cold arrogant - &quot;not problem&quot; attitudeThe location great - near Hyde Park THE SWAN - nice pub, also close buses tube, walking distance Paddington station.But sure missed GREAT, SOFT ENGLISH HOSPITALITY !I'm sure hired staff Hanoi HiltonThe great bargain....got room &quot;OTEL.COM&quot;, would highly recommend website.If deal desk, nice London hotel!",0.38342592592592584,0.6574691358024691,Sep 16 2007
59,59,"First time staying UK...Commodore good choice! Our family 4 stayed Commodore Hotel July 2 nights. As first trip abroad never booked online before, reservation clerk really good. We booked 2 rooms townhouse part - one 2 twins one queen (seemed like king!). The rooms roomy. Our teenaged girls room huge bathroom. Our room large bathroom quite small shower. Lots antiques rooms...loved that! Very clean rooms, get cigarette smoke wafting rooms. England gone non-smoking I think staff might smoking near doors windows. They might need work staff areas smoking...for example: smoke outside restaurant front door smoke really come in! The breakfast really good. Lots choices continental well English breakfast. The service throughout excellent.Unfortunately elevator go floor go stairs...but 3 weeks hauling luggage, surprised. The location great. Not even 10 minute walk Paddington Station 5 minutes Lancaster Gate. Super convenient location. We found several great places eat, one stay away &quot;Zorba's Greek Restaurant&quot;.We would stay Commodore Hotel without hesitation.",0.27585137085137085,0.4732178932178932,Sep 4 2007
60,60,Decent rooms - super location Great location - bus stop subway 3 blocks away. Across Hyde Park. Close Paddington. Our reservation Hotels.com got messed - asked 2 singles (for mom son) us double. The front desk worked hard correct (they full) - took 3 shots got nice room. Recommend ask see room fully check in. Rooms / baths small (it's London) clean nicely furnished. It's older character - e.g. rooms short stairs get them. Continental breakfast decent. Front desk helpful. Workout room equipment good condition.,0.23454861111111114,0.5477430555555556,Aug 28 2007
61,61,"Great Value Hotel Great Value hotel, stones throw Hyde Park. A 5 minute walk Lancaster Gate tube. Not massive choice restaurants pubs within walking distance meant area quiet night times though! Island restaurant bar next Lancaster Gate tube recommended.Hotel continental breakfast good, rooms quite small needed ie bed, air con, tv shower. Based price paid I would recommend.",0.32285714285714284,0.5733333333333334,Aug 26 2007
62,62,"Cute traditinal English I lived London twice first time going back vacation. I went husband best friend husband. We chose stay traditional English rather one well know chain hotels. We got great deal on-line. The nice, clean, staff friendly enough. The rooms small bathrooms tiny, expected traditional type much time really spend room anyway?! The free continental breakfast nice way start day included much food continental breakfast I ever gotten US. The nice, safe area London close tot tube. One favorite pubs, The Mitre, located nearby- great food drink wonderful atmosphere. I would definitely recommend anyone looking nice, quaint wants taste traditional English accomodations (with private bath rooms).",0.3142929292929293,0.5472222222222223,Aug 21 2007
63,63,"one told small rooms really First time London, loved city itself. The quiet area beautiful Hyde park, 10 minute walk subway(underground tube) bus stop one minute walk. It take 20 30 minutes get destinations, ok this. Onto hotel, room small I almost breathe. There small hallway led double bed enough walking room either side. Across end bed smaller closer table tv(small again). The bathroom good size experienced hot cold water regularly shower. We ask bigger room shown one another twin bed foot bigger. We decided take least view back overlooking little houses. Yes hear noises floor you. The breakfast good staff pleasant helpful. When tried explain I difficulty size room, I tell large bedroom, I know bigger most, I'm usually fine rooms one. When leaving whole staff started laugh us, I found slightly funny also discerning time. They really care said us north americans use shrugged shoulders. I got use room, view windows opened. The lift/elevator supposably holds 4 people I would go husband, 3 3 lift big, I guess common london. Thank God London worth it. Oh yeah get tube bus pass zones 1 2 around $23 pounds week well worth it. I would go back London heartbeat hotel.",0.15899501661129567,0.46334483346111255,Aug 13 2007
64,64,"Basic problems Hello,We stayed commodore three nights. * Rooms nice basic* Personnel friendly. We need change one room everything taken care handled smooth way, thank that.* Location good, short walk tube. Close Kensington Oxford Street.The problem breakfast room. It tiny room eat. Either push waitresses ones sitting next you. Not good way start day.Anyhow, would stay eat breakfast cafe close hotel.",0.16704545454545452,0.49090909090909096,Aug 5 2007
65,65,"Good experience Stayed 2 nights ( Wed &amp; Thurs). three us - one twin room one single room. Rooms small clean well equipped. Single room compact shower bath bit disappointing. Had flat screen TV though twin room tiny portable. Could claustophobic stayed long! visit london stay room!Found quiet yet busy morning breakfast. Breakfast great - (Included room rate (Stg Â£94 twin Â£84 single) good selection breakfast - usual juices, grapefruit, prunes, big bowl natural yoghurt, cereals, bread toasting, rolls croissants, mini danishs, ham cheese etc cooked vbreakfasts could order extra charge. Staff friendly efficient refilled breakfast supplies almost end service. 20 minute walk OXford street, area lot hotels. Very close kensington Park PAlace short walk ( 20 mins bring high street ken.)Overall enjoyed stay - found staff efficient clean goes long way! Would stay again.",0.11163139329805999,0.46485890652557316,Jul 18 2007
66,66,"Great For last three days wonderful trip Great Britain, one great experience. The entire staff pleasant, helpful available needed. The meals (breakfast evening) quite good. The menu choices quite adequate staff make sure every detail satisfactory. I planning another trip United Kingdom upon arrival departure, I'll staying hotel. It wonderful stay.....and close beautiful gardens. Much time spent walking park.I would highly recommend Commodore Hotel place stay!",0.5127450980392156,0.6159150326797384,Jun 20 2007
67,67,"Good value My wife I work central London needed somewhere stay nights booked based upon reviews here. It's nice hotel, nothing spectacular excellent value money. It deserves 2 star rating.Location2 mins Hyde Park, 10 mins Paddington station, 5 mins central line tube 20 mins walk Marble Arch. All major tourist attractions within striking distance small quiet square. There plenty restaurants nearby area feel comfortable walking around dark. So hustle bustle close enough required.Roomsmall clean, showing signs wear nothing put off. Great shower small bath. This room sleep room service though.Reception &amp; barfriendly helpful reception, bar quiet nice decor sensible prices. No attempt rip like many London hotels.Breakfastthe included continental breakfast adequate want cereal toast. It cold ham cheese try. grapefruit prunes tinned fresh fruit basket. Hot food extra attempt really rip something like Â£3.00 hash browns srambled eggs Â£8 full breakfast.There restaurant try.Overall seems pitched midmarket done well. I hesitate stay recommend people want sub Â£100 night room days. You'd probably need pay nearly twice something next notch-up.",0.20976562499999996,0.5171875,Jun 15 2007
68,68,"Hidden Gem Great Location I little worried booking seemed good true. In fact excellent deal. Fantastic location accross Kensington Gardens close zone 1 tube stop. Internet Cafe's Queensway walk Notting Hill Marble Arch make great spot. We Townhouse part property directly accessable lift able use lift go way. Rooms clean, bright tastefully decorated. The included breakfast good getting day going. Highly reccommended.",0.43816666666666676,0.6432222222222223,Jun 8 2007
69,69,"good choice We stayed week beginning March. I read reviews trip advisor booking package orbitz. We choose based price location tube &amp; Hyde Park.I pleased hotel. Our room unique set up. When entered bathroom right went 5 stairs room king bed. Our room looked street &amp; Hyde Park. The room small european rooms are. The room tastefully decorated. We complaints room. Our safe difficult open staff assitance open one occasion (we never problem hotels). Our carpet stained &amp; need replacement, could dial friends room phone. The phone worked fine call front desk.We continental breakfast everyday certainly helped save money especially given current exchange rates! The tube short distance great. The neighborhood around quiet &amp; safe. I would definitely stay commodore next time I visit london. I also recommend Mitre pub around corner. The food great.",0.17266666666666666,0.5286190476190477,Apr 28 2007
70,70,"Theatre Trip On Theatre trip London, friends, stayed Commodore, first time there, last!!! Hotel Excellent |Location, close Westend etc, Rooms small side, however immaculately clean &amp; well equipped, staff friendly &amp; helpful &amp; hotels facilities ie: public area's etc lovely.the one downside would suitable disabled elderly people unless fit, rooms accesible Stairs.on whole though Commodore well worth visit",0.24461111111111114,0.4661111111111111,Apr 1 2007
71,71,"Great Location We returned spur moment trip London. We departed Amman day decided spend weekend London! I immediately began research line hotels dismayed costs hotels disparaging reviews pricey locations! I kept coming back Commodore Hotel location mostly positive reviews. So, husband I decided take chance booked theCommodore. We arrived morning prior check time long flight layover Bucharest. We pleased able take Express Heathrow Paddington short hop Paddingtonto underground. When walked Lancaster Gate thrilled! Hear alongside Kensington Gardens, trees, flowers, fountains, etc. (You must realize Amman, Jordan green). We arrived staff welcoming, checked us room immediately, even though early. The lobby, somewhat small inviting confortable. Tea desserts served one desired. Our room inside room kingsized bed, desk, chair, armoire, tv entertainment center mini bar. The bathroom wonderful bath tub shower. Once again, luxury one hates use much water Amman. The linens quite nice, bed firm, comfortable pillows soft. We large window allowed us view weather, check temperature, etc going day. The breakfast buffet comprised typical breads, cereals, fruit, juices, meats, cheeses, condiments well tea coffee. If one desired, could ordera larger English Breakfast. The neighborhood great walking many nice restaurants nearby. The architecture also pleasant, fun walk city view different buildings sites.The negative floors squeaked bit, person us moved about, could hear it. We London spend time lying bed generally start moving 8:30- 9:00, really problem.I would hesitate stay again. I see basement rooms rooms compare with, quite nice.",0.21795562770562768,0.48339231601731597,Apr 1 2007
72,72,"Beautiful great value money! My boyfriend I stayed commodore mid-march went way beyond expectations. We room 106, quite small huge bed wetroom. It perfect place come back hard days sightseeing, underground 5 minutes hotel! The breakfast well organised good included price.The newspaper door morning lovely touch.The luggage storage corridor worried initially, went pick heading airport everything fine.Overall excellent stay, would recommend would stay future!",0.4029513888888889,0.5888888888888889,Mar 31 2007
73,73,"Pleasantly Surprised This first trip London Commodore Hotel met basic needs 6 night stay. The staff always helpful engaged question. Yes, room small cleaned daily new fresh sheets &amp; towels everyday. You going sight seeing day London anyway room place drop recharge. My wife I enjoyed complimentary breakfast meats, cheeses, cereals, tea etc. Well worth cost looking save pound two. The located directly across Hyde Park full excitement day opportunity purchase local art Sunday. Two tube stations Central Line assist moving sightseeing areas. Local pubs (The Swan, The Mitre &amp; Leinsteir Arms) area (walking distance) offer great ales english food.I hope enjoy stay Commodore great value vacation needs.",0.20887445887445888,0.39585137085137084,Mar 26 2007
74,74,"Great Weekend Stay We stayed Commodore Sunday Feb 25, boyfriend I two friends London concert.We booked two months advance finding great deal (Â£56 per room inc continental breakfast) ebookers.Both rooms located ground floor happy lot. We HUGE bed, wet room. Our friends nextdoor slightly smaller room bathroom.Breakfast plentiful, croissants, toast, cereals, cheese, ham, bread, yoghurt, juices... You could pay full english, bothered.The location great, couple minutes Lancaster Gate tube, central line. It's also perfect Hyde Park.So, told happy stay.It's best i've stayed equally certainly worst. I would visit again, especially could get price!",0.3260504201680673,0.6380252100840336,Feb 28 2007
75,75,Perfectly adequate Very well located centre London. We comfortable rooms basement. Got excellent price discounthotels.com - good continental breakfast included price. Well worth money - really nice find. Recommended.Finnish family group,0.5047619047619047,0.5904761904761905,Feb 28 2007
76,76,"Very Central Tubes/Shops/Hyde Park Just come back three night stay, pleased hotel, town house room one little complaint shower bath, apart that, clean, staff helpful. Location great exploring London, easy walk Lancaster Gate Queensway. Hyde Park road. Would rebook time.",0.18840909090909094,0.6198484848484849,Feb 27 2007
77,77,"Great find We two night stay February. It minutes walk Lancaster Gate underground station easy find, great place be. The inviting welcomed everything efficiently dealt with. We ground floor, G8, lovely double room, view! Very clean, bright, comfortable bed, amenities good bathroom powerful shower. Breakfast steep stairs restaurant - included continental, fine first day, good juice coffee - meats second day, towards end breakfast period though! We also cream tea, pleasant. Good value money. I sure I stay would recommend it.",0.4192222222222222,0.5968888888888889,Feb 20 2007
78,78,"Great find We stayed long weekend; theatre trip museums.We chose hotel, partly close proximity Hyde Park, love, also proximity Lancaster Gate tube stop, makes everything easily accessible.If maybe planning first trip London, nice area safe, even night time.The staff friendly, responded requests promptly efficiency.The foyer bar areas beautifully decorated, antiques, lovely mirrors paintings - imagine English be.We executive room, larger others, (still huge, capital city remember!) looks central sort atrium (quiet evening).Decor simple cosy - dark wood furniture, creams whites.The bed good comfy, bathroom small well functioning everything spotlessly clean.There also ice machine ground second floors, great fixing drink room got ready nights out!The breakfast room small, queue table one morning quite late down, times seated immediately.A continental buffet laid - bread toasting, bread rolls, croissants, butter, jam, honey, ham, cheese, yoghurts, fruit juices cereals.I surprised see cooked breakfast option extra - 7.50 GBP full breakfast, I think 2.75 two poached eggs toast. Consequently, I see anyone cooked breakfast!In past stayed Corus Hotel, hundred yards away, Commodore huge improvement, little money.",0.1579089506172839,0.5155533509700176,Feb 11 2007
79,79,Poorly run We read reviews turned one night December got offered room four poster bed small sitting room spiral staircase. One attractions large bathroom tub. The room nice hot water bathroom. When complained said could send somebody look since evening said expecting get fixed next morning. Following morning still hot water surprised apparently believed us previous night. Turned whole side problem. Eventually offered could shower one basement rooms (which horrible book one these) They give us discount room still $240 staff poorly trained responsive first started complain. The tiny breakfast room crowded.With many hotels choose London would recommend it.,-0.039598997493734335,0.49360902255639116,Feb 8 2007
80,80,"Lovely - great value money We stayed second floor stardard double room four night boyfriend, loved it!We booked hotelsclick.com got low price compaired London prices. Hotel good conditions charming athmosphere. Everything worked better expected. Our room small beautiful. Bathroom good condition, shower new worked well. Continental breakfast excellent, staff friendly. It extra considered vegetarians too. Location also good. Hyde park also lot's good restaurants nearby. We highly recommend everyone! A great stay quite small budget!",0.41449380165289257,0.5679338842975206,Jan 12 2007
81,81,"Value money Date 13th December 2006Hard call 4* however price, Â£80 good value. The room small functional bathroom much bigger broom cupboard. If looking short stay good price close West End good choice. Unlike reviews found staff friendly helpful. Overall price location would use odd nights stay London going theatre. I would recommend longer stays.",0.2268333333333333,0.393,Dec 15 2006
82,82,"Noisy Room Great hotel, let put basement room. Even though reservations six nights, put noisiest room hotel: basement, next restaurant staff preparation area. We could hear staff laughing much day, restaurant noise 6:30 closing evening. Fortunately room much, annoying were. Otherwise, clean courteous service. Rooms small, expected 1800's building. Street quaint clean. I'm sure upstairs rooms quiet. I would return, upstairs room. Loved location next Hyde Park, made easy access running morning.",0.19592592592592595,0.5786419753086421,Nov 21 2006
83,83,"Stay Commodore The Commodore Hotel located near Lancaster Gate Bayswater underground stations Central line London. Pretty convenient, also walking distance Paddington Station laden bags. Reception staff polite helpful kept room lengthy delay airport! It late... The reception area nice small cozy bar well open late (not noisy). My room third floor spacious. The elevator corridor room small side. The bathroom clean well appointed room furnishing OK. There restaurant basement I use occasion food always surprisingly good visits always served friendy efficient staff. Breakfast area one choose either continental breakfast full cooked English (for additional cost). The staff eager please helpful. I return reccommend Commodore, rooms tad nicer. There internet access point, free, also internet rooms.",0.0728030303030303,0.5150000000000001,Nov 17 2006
84,84,"Good Cemtral London We stayed Commodore 4 nights. Hotel comfortable, quiet location clean. Staff overly friendly efficient job. Hotel good location - walking distance Queensway underground station.We two rooms faced street small park opposite. Rooms small that's London used sleep in! We see couple rooms faced back ( looking quiet mews) definitely roomier!",0.20512820512820515,0.4743589743589744,Nov 6 2006
85,85,"Pleasant Stay Commodore Stayed Commodore 6/25-6/29 found location comfortable. Assigned room 203, across remians old church, nice room four poster bed. Room clean bed comfortable, heated towel rack nice touch. Assuming breakfast lodging, hit buffet downstairs order menu. Plenty food. Make time nightcap Red Bar, open guests nice cozy nook. Sizable martini's!!Location directly accross Italian Gardens Hyde Park short walk either Lancaster Gate Queensway tube stattion. Queensway Road interesting hodgepodge resaturants shops, great place buy pain medicine aching knees sundries. Read ton reviews confused negative entries property, Would problem recommending hotel.",0.2589473684210526,0.6035087719298247,Jul 16 2006
86,86,"Disappointing Just returned two night stay Commodore colleague I visiting London business. Booked availability short notice reasonable price (#100 per night-ok London).First impressions good, looks lovely outside continues reception lobby. The staff pleasant handled booking efficiently, offering help bags though need this.Our room 7th floor, served lift (stops floor 6), luckily travelling light problem would staying longer luggage. The real disappointments began here, first room small basic. My bed creaked loudly slightest movement though reasonably comfortable. The view good back hotel, could see rooms private decks perhaps basic rooms. On positive note bathroom good everything worked.The real disappointment breakfast continental buffet, adequate good quality. The orange juice much watered make toast. This definitely I would expect 4 star hotel. Only 2 weeks earlier I stayed another 4 star london actually cheaper far superior every way. Unfortunately availability trip.On whole I would say ok ways, definitely 4 star standard, 2 3 star most. The breakfast, lack room service, generally basic nature accommodation confirm this. It good value money I would stay again.",0.16458448117539026,0.5202502295684114,May 19 2006
87,87,"A great find! We booked internet 4 night stay London. It exceeded expectations every way. The position perfect sightseeing...close Tube station, tourist bus stop, beautiful Kensington Gardens Hyde Park, restaurants, shops etc. The staff pleasant, courteous helpful...although hampered poor English! We initially problems connecting internet helped us resolve problem. The room smallish ample cupboard drawer space. We appreciated safe well. The bathroom beautiful...recently renovated, lots hot water, nice toiletries. The bed comfortable although doona (duvet) top sheet strange. The room thoroughly cleaned day tea bags, coffee, toiletries replaced. The outlook onto central well attractive really matter us. The best thing inclusion continental breakfast price. It served newly refurbished room delicious...plenty everything, attentive staff food high quality. We would happily stay recommend others.",0.3791078787878789,0.6209284848484848,May 19 2006
88,88,"Wonderful needs little T.L.C. A family memeber, son I stayed recent visit London home town England, vacation San Diego. Before leaving States, I extensive research several websites best hotels money, Commodore shortlist. For 100 pounds night, inluding breakfast, two us 3 4 star seemed reasonable.We arrived little early check in, twin room ready, went room look see like, I pleasantly surprised. Yes, room small, thats way houses built back then, dont expect older houses large rooms, furnished well, dark, clean lines, bright white linens(heavenly soft, I didnt want get bed morning), private deck, overlooking residential Mews terrace. T.V., safe, internet point, telephone, hairdryer, conversion plugs, usual stuff expected. Beautiful black white marble bathroom, loved that.The staff kind, helpful, second day, knew names room numbers, warm fuzzy, friendly enough. Breakfast good, plenty choice, enough filling start day. We eat restaurant first night, tired venture far, food obviously freshly prepared, arrived steaming hot, good, however, would nice waitress knew one phrase English. Overall, good stay hotel, seemed like three star hotel, trying four star boutique hotel, quite making it, losing details, like frayed towels bathroom, threadbare carpets places, asking small thing reception evening, receiving promised, able regulate temperature shower, give ten minutes either frozen scalded, cleaning rooms great, sufficient, four star standard.But overall, great stay, would definitely recommend others stay there, good value money.",0.20838095238095236,0.474943722943723,Apr 22 2006
89,89,"Ambivalent feelings Just quick review heads future travelers. We stayed Commodore two nights found somewhat disappointing four star hotel. The room identical saw web nice view front building towards Hyde Park. The bathroom adequate needed superficial repair. The front windows entirely close. The carpeting needed cleaning charged bar fee use. The staff friendly, responded requests go way inquire doing. The restaurant downstairs convenient, tad disappointing. We got impression staffing changes going hotel. Overall, I would probably try another next trip abroad.",0.04416666666666665,0.44833333333333336,Apr 12 2006
90,90,"Tiny room This problems. When arrived, elevator work floors. The room tiny, I say tiny, I mean it. Not enough space. The place could cleaner.The breakfast great, good food included reservation. This 2 star hotel, more.",0.1171875,0.5671875,Mar 28 2006
91,91,"Nice place needs lot help! I took mom trip Europe. We back 30 years, I took time finding right places. Or I thought. We arrived Commodore daytime desk help bit put helping. They want us leave room key, odd Americans. There were, however, night shift people wonderful. Very friendly extremely helpful. We truly enjoyed company levels. Our rooms &quot;second&quot; (3rd) floor. The rooms windows opened atrium area center made nice bright. My room less okay, carpet dirty enough want walk barefoot on, bathroom need good cleaning okay. My mom's room next door, heater work whole week there, came numerous times fix never did. Her heated towel rack broken, coffee maker broken. It would seem things would noticed cleaning, seems issue. The place livable needed help. Internet available rooms needed utilize lobby area felt awkward well imposing ask use something paying for. The bar open minimum hours extra staff run it. Restaurant basement bad, actually good deal money. Was empty time went in, service good, one one like was. The park nearby easy access well tubes. Would stay again, simply staff. They wonderful.",0.1791635338345865,0.577355889724311,Jan 28 2006
92,92,"Good Value -- Bit Cleaning/Repair Off Hyde Park, Commodore looks quite elegant outside. Entering reception area continues impression, staff helpful, attentive, well-dressed. The single room I ordered small certainly sufficient, simple tasetful furnishings. A bit noise main drag block away, overwhelming. There in-room Internet connection (not wireless) seven pounds noon noon, nice option.The bathroom disappointment. The showerhead cracked sprayed water room, think might noticed last cleaning. But bathroom could use real cleaning anyway, odor first thing noticed entering room. With bathroom, small okay, smell not.Standard continental breakfast included, access Commodore's simple fitness room climber/elliptical hybrid, treadmill, free weights.The neighborhood full restaurants, pubs, cafes, decent walk ride Lancaster Gate underground station three blocks away get lively locales. There several hotels around Commodore, security coming back dinner show major problem.",0.11000180375180374,0.4615277777777778,Jan 4 2006
93,93,Nice place We stayed London 3 nights Oct thought Commodore great deal price. London pricey place visit complaints Commodore.It close tube station walk around Hyde Park easily.Would stay again.,0.7,0.875,Dec 3 2005
94,94,"Good place short stay London This convenient, near two tube stations, hence go anywhere London need looking much around subway. We found quite silent. Although room near lift, never heard noise it. In room next our, man started talking phone middle night clearly heard him, found insonorization room/room insufficient.The bathroom surprisingly wide, shower work 100% well problem. The room big (but acceptable two people) clean, bit much warm last days high temps London, maybe helped this.Breakfast average, excellent Greek Yoghurt toasts top notch. The food type four days stayed The young staff kind attentive, appreciated help.the price make good spot stay London. It's front Kensington Gardens noise Bayswater. For sure place consider short stay considering price.",0.2077380952380953,0.41121031746031755,Nov 2 2005
95,95,"Very nice We stayed Commodore Hotel England September 19 Septemeber 25, 2005. It lovely area (many hotels, across two streets Kensington Gardens easily accessible underground many restaurants) beautiful old building. The problem discovered room âhalf floorâ, climb one flight stairs reach elevator. We arrived 11PM porter, take bags ourselves. The room good size European character. The nice little bar good breakfast buffet. Most staff foreign, polite good jobs, extremely helpful came asking âtouristâ questions.I would recommend Commodore, sure room directly accessible elevator. Also, careful, laundromat blocks away laundry problems attendant. One dryer used kind plastic residue ruined clothing. The attendance refused anything, even contact owner.",0.3189777777777778,0.5801111111111111,Oct 17 2005
96,96,"Never again! We stayed Commodore April 2004 pleasent stay original victorian style room great location. We booked May 2005. We got schock saw room. As expecting similiar room , got badly decorated room besides elevator 2 big 1 small bed 5 people could easily stay although booked two. The heating room order room like sauna. As asked could happen completely styled room last year price. They told us probably upgraded townhouse room last year standart room! As asked change heating elevator, told us rooms available. Because fact impossible sleep room heating &amp; noise elevator, middle night went demanded another room. They moved us room attic impssible move&amp; sleep two . After sleepless night &amp; making big scandal manager, found available room basement. At least far away elvator functioning heating big enough two!We schocked allowed sell boxes rooms! This worst experience worldwide!",-0.008287037037037032,0.4509259259259259,Oct 11 2005
97,97,"A cozy home away home.... I beyond impressed past summer I unexpectedly great fortune spending 7 nights Commodore Hotel London. It seemed every member staff went way me. The room cozy, bedding much like Westin's benchmark &quot;Heavenly&quot;. I'm exaggerating I say I felt sad leave. I'll back next summer.",0.09500000000000001,0.5984999999999999,Oct 4 2005
98,98,"Rooms small could turn around I really liked lobby breakfast room hotel. However, room small uncomfortable. It corner room bed took entire room. I know rooms generally small London, ridiculous. The breakfast good service wonderful. The corner rooms rooms, broom closets.",0.08629629629629629,0.7116666666666667,Sep 2 2005
99,99,"reasonable Stayed April 05. Location good quiet square five minutes walk Lancaster Gate Tube station Central line minutes Hyde Park. The area round nice quiet night.The room really small particularly bathroom small. The beds, however, comfortable. There tv, safe minibar. The small lift corridors. Hotel price included reasonable continental breakfast. Not much variation meat cheese. There secure luggage store (the staff put luggage stairs). Staff polite helpful. Overall, bad long price reasonable. Donât expect much.",0.04498834498834499,0.4395687645687646,May 20 2005
100,100,"Great Hotel Stayed April 05. Booked lastminute 5 days travelling. Booked twin room Â£82.The fantastic location Hyde Park 5 mins max walk Lancaster Gate Tube Station.The room biggest I've seen perfect needed. Very comfortable beds, tv, safe, minibar private bathroom. The bath rather tricky get sides high. But everything perfectly clean. Crisp white bedding.Staff friendly able leave luggage checking out. Price included continental breakfast - perfectly adequate. You could pay extra cooked breadfast.Cannot comment either restaurant bar, though look bar looked cosy.The furniture old style made bit different average hotels look same.Would definately recommend would stay again.",0.2902894736842105,0.5553684210526316,Apr 18 2005
101,101,A nice London area The Commodore nice stay London. The location great. It white buliding trees church near by. The looby tiny great deco. All though service good location. My family I wanted another bed family member sleep in. Well happen. So four us crammed full size bed! The bathroom like closet. But sightseers would okay would room often!! I hope find review somewhat helpful.,0.440909090909091,0.5772727272727273,Mar 10 2005
102,102,"Nice Quiet Ok may small lift, corridors dining room bedrooms character comfortable far better box type room modern hotels. The area round really nice quiet night get woken traffic trains. One small point gym could excercise bike.",0.18333333333333335,0.5888888888888889,Jan 30 2005
103,103,"Excellent value quiet location We took advantage late-booking rate day offered directly phone half web site rate. A polite request non-smoking, quiet room resulted us allocated splendid executive room lower ground floor. Don't panic - basement one four large windows doors opening onto internal terrace. The terrace would nice sit outside summer. The bathroom shower might suit everyone fine us. Everything clean pleasantly surprised find high quality features like duvet queen size bed good quality, firm mattress. There also small mini-bar big enough take fresh milk coffee. A hospitality tray tea coffee provided, although decaffinated herb teas offer. They probably available request.There small features could use attention executive standard room, like damaged picture frame, everything functional. The rate included continental breakfast thing I would rate poor. The pastries cold meat (only one offer) good quality cheese unimaginative. We try optional cooked breakfast, might preferable.The staff helpful friendly happy store luggage checkout. Note secure luggage store, leave valuables.Location good set away Bayswater Road quiet square two minutes walk Lancaster Gate tube station Central line, get around easily. Conveniently, there's tiny general store tube station sells emergency toothpaste, bottled water, etc. Overall, recommended excellent value money. We use again.",0.15358691444057299,0.5523770809136663,Jan 29 2005
104,104,"Amazing cant find one thing wrong hotel! Excellent location - 1 minute hyde park, 2 minutes tube station, main road quiet square next beautiful cathedral.Staff friendly helpful, breakfast delicious.Although rooms bit small, clean, tidy well furnished bathrooms nice.I definately stay due excellent, safe location.",0.31055555555555553,0.6027777777777779,Jan 28 2005
105,105,"Convenient location reasonable place stay.... My family I returned stay London. We started ended visit Great Britain, Commodore. I can't say I somewhat disappointed charming room pictured internet one assigned to, initially basement rooms seemed somewhat strange--however right next door three children, close restarant, therefore conveniently located, breakfast. Our rooms much view, courtyard(L3 L6), clean comfortable.We preferred size bathroom, second room had, last night London(403), though still charming antiques, extra money paid better room particularly evident. All though, Commodore Hotel convenient fairly reasonably priced place stay. (December,2004)",0.12671130952380955,0.44077380952380946,Jan 6 2005
106,106,"Loved welcome tray (tea coffee...) Nice quiet place.The people desk smiling.The room nice cosy, breakfast tempting.May 4 stars bit much.The rooms particularly bathroom small.",0.3738095238095238,0.680952380952381,Jan 4 2005
107,107,"Great location My husband I stayed The Commodore Nov. 24-27th. The well located quiet street close Hyde Park, Lancaster Gate &amp; Paddington tube stations. The breakfast included rate good. The biggest drawback terrible shower facilities. If water freezing cold scalding hot never anything between! Would I stay again? Probably I could get another fantastic rate like last stay.",0.11361111111111111,0.6644444444444445,Dec 26 2004
108,108,"Terrible Hotel I booked Lastminute Â£95 Saturday night. I expecting 4 star hotel.I shown standard double room Townhouse - stay part hotel, rooms hardly big enough swing cat stunk smoke. After shown second room awful first ended paying another Â£40 upgrade suite - bar stopped serving midnight (so meet definition 4 star states food drink available 24 hours).Oh, next morning lukewarm water bath shower.Lastminute tell rely provide star rating beware - research book.",-0.06250000000000001,0.4444444444444445,Nov 9 2004
109,109,"My Stay Commodore My wife I stayed Commodore Hotel Oct. 3-9, 2004. Here humble opinions observations:GOOD: Nice location across Hyde Park Central Tube Line. Well situated main drag quiet street. Decent breakfast included optional English breakfast available fee. Nice little bar hotel. Also, I read reviews mentioned narrow hallways small lift. These observations true, I've smaller lifts Europe. It still better climbing stairs. The hallways least wide enough negotiate luggage. This place decent cost. London expensive, all, can't think US terms far get price paid.NOT SO GOOD: Man, I'll tell you, even close light sleeper, get much sleep hotel. Every conversation adjoining rooms hall could heard clearly. Normal walking hall floor floor us sounded like stomping due rickety floors. The inevitable door slammer floor wake even sound sleeper. The real clincher staff vacuuming hall carpets 8am every morning. In short, I've plenty hotels life, noise factor higher average hotel. Also, bed hardest I've ever slept on. If like Tom Hanks Castaway used sleeping ground, bed OK you. Otherwise, may tossing turning alot. The shower good pressure, I got lot hot cold hot again.In closing, like things life, Commodore good bad. I'll probably try another place I go back London, bad option overall. Cheers!",0.11005434782608696,0.5044384057971015,Oct 11 2004
110,110,"For Buckingham Palace good enough My trip London terrific thanks staff lovely Commodore Hotel. The room clean (almost spotless), bed comfortable, bit short since I'm 6'3&quot;, even problem; bathroom terrific. The room safe, TV instruments make coffee, supplied. Over room perfect one person. Yes, could bigger, I planning spending long hours room. YOU'RE ON VACATION, SLEEP, SHOWER THEN GET OUT OF YOUR ROOM. Oh, amazing view 'OLD' church/apartment - beautiful. The daily breakfast (which included) excellent well staff. Workout room small, perfectly fine excercising. Tube close, well park, people selling beautiful art weekends.Listen, I've stayed Lanesborough, Hempel hotels terrific, money service, great hotel. For individuals want cry hotel, call Queen see she'll let stay couple days, since obviously satisfied anything. P.S. If lets stay Palace, ask what's purses.",0.3091666666666667,0.6571153846153847,Jun 21 2004
111,111,"It's good money My 3 friends, I son good stay Commodore Hotel end May.. We say good things hotel, staff service--friendly, efficient, helpful!! Our stay 6 nights. The location perfect needs, Hyde park 2 min walk area simply quiet, safe, peaceful place stay. Inna",0.46111111111111114,0.6814814814814816,Jun 15 2004
112,112,"Great Just got back 4 night stay Commodore May '04 wonderful time there. Got pretty good deal laterooms website (69 pounds double room per night taxes/breakfast included). Location good, 5 min walk Lancaster tube station. Also 10 min walk Paddington station (many trains depart here, also Heathrow express). Very quiet neighborhood. We pleasantly surprised well entire decorated Victorian settings (pictures Queen Victoria everywhere). Our room 6th floor, despite small yet function lift narrow hallways, room comfortable yet typical small london standards. Room bit stuffy since A/C oil exhaust kitchen would rise around dinner time. Bed good, cable tv wonderful antique style decor. Bathroom amazing well. Breakfast self serve buffet cold foods cooked breakfast @ additional charge. They also pre-arranged taxi service pick directly take Heathrow 30 pounds flat rate (great 2 people, since Heathrow Express slightly cheaper departs Paddington station). Overall nice place would stay again.",0.2747023809523809,0.5967857142857144,Jun 3 2004
113,113,"Hotel character I can't believe negative comments hotel. I've stayed three times full character. Set quiet square five minutes walk Lancaster Gate tube station, place wonderful charm ambience. It clean, staff pleasant. OK, corridors rooms quite narrow, lift small, rooms I stayed large, well-appointed, clean, comfortable. Breakfasts average, extra Â£7.50 cooked English breakfast - made order - beats usual self-service fare kept hot plates hotels! I always got good rate using Internet stay again.",0.18473511904761905,0.5026785714285714,May 14 2004
114,114,"Cheap I booked cheap rate (59 GBP double room incl. tax breakfast) 4*, bit disappointingÂ´: small room, poor breakfast, friendly staff quiet area, good location. The year stayed St. Giles (near British museum). Altough 3*, rooms bigger beter furnished, breakfast self service.",0.11363636363636363,0.4412121212121212,Apr 28 2004
115,115,"Do stay DO NOT UNDER ANY CIRCUMSTANCES STAY HERE! I booked impression 4* hotel...but wudnt even give 2. bed uncomfortable, tiny, could hardly sit couch, tv channels german. room looked dirty, fake marble-looking bathroom. corridors lift JOKE small are. good thing 11oclock check extended 12oclock. amount paid it...i bitterly disappointed. ive stayed many hotel, many 4*hotel well...however, hotel, would NEVER stay ANY circumstances.",-0.09930555555555554,0.6326388888888889,Apr 23 2004
116,116,"Not terrible Stayed last night European adventure. The hallways elevator cartoonishly small, however room comfortable size (much larger rooms Holiday Inn, stayed earlier trip). The bathrooms beautiful exception shower curtain, bit rust bottom. My compliant bedding. The pillows mattress made feel though I sleeping giant marshmallow. If handle squishy bedding, can't beat price location.",0.162,0.6466666666666667,Mar 30 2004
117,117,"Four star I think Do stay hotel. I came high hopes viewing pictures internet. The supposed luxury accomodations etc. I sorely dissapointed. We stayed double standard, roomy, nice bathroom. The good things end there. The customer service horrible, especially receptionist front desk, barely gave us directions room plopping keys front us. Our beds made, call towels blankets several times even came. The internet service working - also took several calls. Prompt service priority people. The supposed hotwater maker rusty disgusting, curtain shower mildew ring. The room musty people work one thing mind: getting money customer. The towels bathroom looked like fight tazmanian devil. There thing genuine, hearfelt customer service here. It's hustling buck. A terrible staff could care less well long spend money highly overpriced minibar $15.00 internet access.",-0.036959064327485386,0.5018713450292398,Mar 26 2004
118,118,"Would never stay again! My husband I stayed February '04. The room small COLD way regulate heat. The housekeeping minimal. The worst, tho, shower burned us morning &quot;mixer&quot; cold water work. We complained several times nothing done. We spoke General Manager desk clerk rate reduction night checked out, agreed reasonable. However went check clerk denied knowledge conversation refused summon Manager discuss reduction, telling us write letter instead. This fellow observed denying every guest request phone converstaions irate previous guests. Would never stay again!",-0.2553030303030303,0.5083333333333333,Mar 8 2004
119,119,"A Good Choice I stayed Commodore (Feb '04), happy room general. It conveniently located tucked back quiet, leafy circle little traffic. The room, halls, elevators, public areas mostly small, expected price range London. My room (504) immaculate, marble tiled bathroom perfect, lovely private patio table two chairs overlooking mews back. The restaurant basement looks recently refurbished. There many low moderate-priced hotels part London. I'd go back instant, especially room.",0.16513157894736843,0.46114035087719296,Mar 3 2004
120,120,"Enjoyed Commodore Hotel We stayed Commodore Hotel, 50 Lancaster Gate, London, England four nights. With sights see, hang around day, slept enjoyed breakfast came cost room. We paid $124 night tax service fees included, additional $100 added on. Lodging expensive London. The room comfortable. The problem last day left one towel two us, housekeeper finish making bed resupply tea service charged mini bar use it. These little things bother us dealt easily. The front desk people friendly helpful. We able store bags extra cost since arrived early morning room would available 2:00 p.m. The breakfast wonderful, assortment cereal, buns, cheese, yogurt, juice fruit, location great especially like walk run morning - entrance Hyde park across street. Also, Tube (we found efficient way get around seven day pass cheapest fare even staying four days) blocks walk. There also bus stops close by. I would stay again.",0.22424242424242424,0.5920454545454544,Feb 28 2004
121,121,"Great Hotel book! I pleased Commodore Hotel. I stayed cheap London hotels before, Commodore nice every respect. The rooms biggest I've London (though I always stay cheap places) beds comfortable. Even bathroom big, English bathroom. It marble nice. I also thrilled see double room also sofa! I've never gotten utilitarian desk bed... room nice desk, decent bed good linen, sofa. For 69# night, I extremely satisfied. The tube station nearby, bus station even closer.",0.47479166666666667,0.6697916666666666,Feb 15 2004
122,122,"A great place stay My husband I returned London (Jan, 2004) pleasure staying The Commodore. The room (an executive double (?) ground floor) clean though fairly small American standards. Just note- hallways small climb stairs. There elevator floors. The large wardrobe plenty room stash things, appreciated programable safe. They also provided electric kettle tea/coffee supplies. There enough room top wardrobe stow two large suitcases freed floor space. The room also desk (with hairdryer drawer) chair. The high ceilings made small room seem bit bigger. The draperies lovely chandelier elegant touches. The bed (two twins put together make king) firm comfortable. There four large, high quality pillows synthetic comforter duvet. All all, one better beds I've slept on. The bathroom spotlessly clean-very modern cultured marble walls chrome fixtures. The price room included continental breakfast served downstairs restaurant. It featured 6 types cold cereal, milk, orange apple juice, yogurt, ham, cheese, croissants, bread, assortment jams, fresh fruit served tea coffee. A full english breakfast eggs, bacon, tomatoes, baked beans could purchased additional 7.50 pounds. The wait staff pleasant. The food always fresh attractively presented-far I say American hotels I visited. The location perfect sightseeing London. It 5 pound cab ride Heathrow Express Paddington station, 5 minutes walk Lancaster Gate tube station, 3 minutes nearest bus stop (both city buses tour buses stop there). There lovely 300 year old pub, The Swan, couple minutes walk away Bayswater. The located block Hyde park. The park easily accessed Lancaster Gate. The area quiet felt quite safe walking night. We traveled city found location convenient. Okay, complaints. Mind you, trivial I wanted include everything. The room keys HUGE. They're attached billiard ball type thing added weight backpack. The heated towel rack bathroom work last day (it would nice operating cold outside). There two towels bathroom. I'm sure could asked more. There channels television. We time, want watch TV, 4 things choose two news. Also, buy phone card plan make phone calls (local long distance). Their phone rates high. I know I've gone forever, I would appreciated details I looking hotel. The staff helpful, room nice, location good. I would definately recommend The Commodore.",0.2411439153439153,0.5144804232804234,Jan 29 2004
123,123,"A Wonderful Hotel!! My 3 friends I delightful stay Commodore Hotel. We cannot say enough good things hotel, staff service--friendly, efficient, helpful!! Our stay 3 nights--we hated leave vowed return Commodore next time London. The location perfect needs area simply quiet, safe, peaceful place stay. Thanks made visit grand memorable. Judith Burdack",0.3964285714285714,0.6309523809523808,Jan 19 2004
124,124,A great place stay London!,1.0,0.75,Nov 10 2003
125,125,I would recommend hotel!,0.0,0.0,Oct 19 2003
126,126,rave bad,0.3499999999999999,0.6666666666666666,Oct 13 2003
127,127,Much better average London price.,0.175,0.44999999999999996,Oct 3 2003
128,128,Nice Moderate Hotel,0.3,0.85,Jul 20 2003
129,129,elegant stay,0.5,1.0,Jul 11 2003
130,130,Don't stay,0.0,0.0,Apr 22 2003
131,131,Very Nice Hotel,0.78,1.0,Apr 2 2003
132,132,spend lot time outside room!,0.0,0.05,Oct 18 2002
133,133,The Commodore; epitome elegance.,0.0,0.0,Sep 26 2002
134,134,Carino,0.0,0.0,Nov 26 2009
135,135,Muy bien comunicado,0.0,0.0,Oct 18 2009
136,136,Varning med ganska bra lÃ¤ge men det finns bÃ¤ttre nÃ¤rheten.,0.0,0.0,Oct 1 2009
137,137,SchÃ¶nes traditionell eingerichtetes Hotel guter Lage,0.0,0.0,Oct 1 2009
138,138,Bien pero algo de ruido,0.0,0.0,Aug 30 2009
139,139,accettabile,0.0,0.0,Feb 11 2009
140,140,magica londres,0.0,0.0,Dec 21 2008
141,141,Correcto muy bien situado,0.0,0.0,Oct 21 2008
142,142,un vero gioiello!!,0.0,0.0,Sep 29 2008
143,143,Bon hÃ´tel,0.0,0.0,May 13 2008
144,144,Consigliato!,0.0,0.0,Sep 25 2007
145,145,Hotel nicht zu empfehlen,0.0,0.0,Sep 21 2006
146,146,Gerne wieder!,0.0,0.0,Apr 3 2006
