,Unnamed: 0,Reviews,polarity,subject,Dates_extracted
0,0,"Its true get pay Oh dear........where I start. Stayed concert 02 arena couldnt book closer Greenwich (because London Marathon next day). Not convenient transport Stratford. Not short walk railway/bus station Route 25 bus stop outside front onward access areas, would advised walking local area dodgy bit unsavoury. Hotel dated tacky. We shown little hut car park surrounded 8 9 little huts - think economy Butlin's chalets got it. No curtains door light poored making impossible sleep. Shower hot uncontrollable, toiletries small bar coal tar soap. Not able get BBC1 TV fuzzy, bed v.comfortable, didnt sleep much all. Didnt complain one night but, lesson learned, definately staying again. On plus side breakfast included reasonably good, although little rushed accommodate people. Hotel tarrif cheap def. get pay for.",0.01904166666666667,0.47424999999999995,Apr 27 2009
1,1,"Comfortable Clean And Very Friendly staff extremely friendly helpful, room clean well decorated.Breakfast (Full English) morning good. Overall found good value money. I hesitate recommend hotel,&quot; - round excellent&quot;",0.35631944444444447,0.5308333333333334,Aug 7 2008
2,2,"Don't stay Barely slept due lack curtains. We went reception 4.30am ask change rooms alternative room same. Spoke owners check-out told us come back like there, saying Summer light! Customer service non-existent. Breakfast bun-fight 5 tables 30 rooms. Although room rate cheap, point staying somewhere can't sleep care.",0.16562500000000002,0.4375,Aug 3 2008
3,3,"Forest View Hotel E7 9HL- Wonderful Went reception booked 2 nights, asked see room first happily obliged to. We booked spot. Checked next morning, guest decided stay room looked at, yet alternative even better. We given one apartments converted house back. (Included Twin Bed, Bathroom, Lounge, Kitchen. Lounge clean new nicely decorated kitchen. The twin bed room spacious, nicely decorated antique pine laminate flooring. Everything clean comfortable, The decor fresh neutral. The bathroom beautifully done spacious fantastic power shower (in rooms). Even though seperate building back hotel, safe secure. Other twin double ensuite rooms 2 storey annex attached building within hotels secured gated car park. The comfy welcoming bar huge screen tv, drinks reasonably priced (and London prices). Dining/breakfast room nice clean. The breakfast filling, tasted great, kept going lunch. As business trip able connect laptop wireless internet . The staff friendly helpful ensured enjoyed comfortable stay. Would definately stay again. Turn right 10 min walk Romford Road Leisure Centre, 20 minute walk get Stratford Shopping centre, main shops, amenities buses etc.",0.3870074117801391,0.6089977699068607,Jul 19 2007
4,4,"Dreadful! Three us stayed Forestview recent tradeshow EXCEL seduced (for London) relatively cheap price - ended paying ways. It located seems really rough area East London. It convenient EXCEL, restaurants close definitly want street night. If idea good environmental health officer room 1.30 morning asses noise next door's night club place you. Two nights running unbelievable noise came next door complaining second night 11.30pm alternative room offered. The fact one colleagues locked bathroom 30 minutes lock fell door (and despite promises get fixed throughout stay) seemed like minor issue comparison. Otherwise slightly worn around edges clean uninspiring breakfast.",0.004687500000000001,0.4307291666666667,Apr 5 2006
5,5,perchÃ¨ non lo hanno ancora chiuso questo hotel?,0.0,0.0,May 5 2009
6,6,"""Se non hai grosse pretese....""",0.0,0.0,Apr 29 2008
