,Unnamed: 0,Reviews,polarity,subject,Dates_extracted
0,0,"Good central London choice Stayed one night wife's birthday (even though live London, I thought would fun stay far home). As I've lived London 12 years I knew location good -- Oxford Street shopping, short walk dozens good restaurants, 2 minutes Marble Arch tube. Check-in friendly efficient. The room (an executive room -- 118) spotlessly clean, comfortable bed, great bathroom good view street. Breakfast tasty efficiently served. A couple things missing room - alarm clock minibar would nice - 3* I extremely impressed facilities. The room small side bit noisy night -- central London expected.Only slight gripe queue checkout morning - express check prepaid guests would good - I got front queue service friendly efficient.I think would hard beat West End without paying significantly more.",0.32672595520421605,0.5481884057971014,Nov 2 2009
1,1,"basic clean We got good rate stayed one night October. The lobby breakfast area recently decorated finished good standard. The rest looks tired dated compared rooms decent size spotlessly clean. Very good breakfast good location near tube. Overall good stay, eb evern better whole modernised.",0.313125,0.47635416666666675,Oct 29 2009
2,2,"The worst i've stayed in! We returned moyston last night.I looked lots hotels went chose one location.We stayed 2 nightsI must say good thing place.When arived, room (206) large terrably decorated, could deal thatBut 2nd night bed broke went reception told gave us another room key. offerd help moving luggage.We moved room 326 seemed woke morning mother felt ill went told reception said main office would contact us havent yet, returned room felt dizzy again. I still feeling ill now.",-0.10690476190476192,0.6428571428571428,Oct 28 2009
3,3,"Great location shopaholics! Stayed night Aug 2009. Check-in process swift. The room clean, bed comfy staff helpful. My reservation fact guy reception asked I wanted newspaper next morning even I said yes, I receive next morning. The location perfect. Close Marble Arch station stone's throw Primark.",0.39444444444444443,0.5750000000000001,Oct 25 2009
4,4,"EXCELLENT!!!!!!!!!!! My wife stayed four nights pleased room service excellent full english breakfast served table hungry also top much continental wish ,with courtious staff.Linen changed every day better 4 star hotels used.We also impressed cleanliness room quality bathroom fittings.",0.5363636363636364,0.5954545454545455,Oct 22 2009
5,5,"Best situated Grate service I've Mostyn October 8 -12, 2009 grate experiance. wonderful. situated neer London attractions. It Oxford street write accros cheep store &quot;Premark&quot;. The underground station half minute walk almost bus lines going throw neerby. hyde park kensington minute walk close lot good restaurants bars. room got clean tidy capt way stay house cleaning. breakfast marvules includind fresh guice eggs. service realy good staff really nice welcoming. I realy recomend I'm sure going stay next visit London :).",0.438125,0.5603472222222222,Oct 14 2009
6,6,"Great find use Stayed friend Proms Park getting last train home going hit miss! Great hotel, nice helpful staff central London hotel, thought room, bar food prices reasonable. The location perfect shopaholics tourists alike, like us wanted somewhere walking distance Hyde Park. Room overlooking inner 'courtyard' usual workings have, like A/C units, someone's room to, complaints. However, clean everything worked, ask. After staying last year cost twice price simply location, even consider looking somewhere else next year's Proms, Mostyn is.",0.2884444444444444,0.46247619047619043,Sep 14 2009
7,7,"Good Experience The Hotel great location, checked 12 room ready lady reception asked leave bags porter, returned 1.00pm told room ready quite good check time 2pm... room OK.. staff reception friendly could speak fluent English...",0.2975,0.505,Aug 31 2009
8,8,"None I've expected When I booking I've read lot good reviews tripadvisor, choice 2 hotels I chose one convenient location. The location definetely really good block Oxford street tube station room awful. On web site I saw nice big renovated rooms noone told rooms executive standard ones. Standard quite spacious London standards really dated broken window, airconditioner, poor bed bath. Also rooms really noisy could hear everyone corridor. The stuff helpful helping repair safe broken throughout stay I really worried money left bags time. The breakfast nice, much choose still hot stuff.",0.12142857142857141,0.4309523809523809,Aug 28 2009
9,9,"Baaaad!!!!!!!!! stayed mostyn 26 june 31 june room 205 , room standards. reception staff polite . checked move hilton discovered holding almost 700 ponds (4000 saudi ryals) demanded money returned refused threatened police manager said quote &quot;I dont care bring police&quot; money spent hotels name longer hold account . i'm planing sue destroy reputation tourists. unfortunately didnt know mess ! mony-n-k@hotmail.com",-0.2546875,0.31875000000000003,Aug 21 2009
10,10,"Brilliant My mother I comfortable twin room third floor == clean quiet. The shower great. Lots hot water. Best hotels I stayed England. The full English breakfast delightful; eat 'til dinner. The coffee wonderful. I problem using internet provided cable I Vista. The best part stay concierge. After losing cards, helped make phone calls (of course yelled first stupid I deserved), truly amazed I got back. He nice person made us feel really well looked after, dealing dot2dot mastercard. Thank Danny! Everyone really nice helped us out. I highly recommend restaurant staff.",0.38698412698412693,0.5788888888888888,Aug 17 2009
11,11,Great location near everything ! This great location minutes Oxford street bus stops tube stations Marble Arch. Would recommend Saint Christopher's Place inexpensive place eat day site seeing. It five minutes walk hotel. Our room clean quite big city centre hotel. The air conditioning break second night staff try accomadate us best could fan. It fixed final nights stay !,0.3668518518518519,0.49,Aug 12 2009
12,12,"Excellent Location! Stayed Mostyn last year surprised find completely rennovated last visit last week! I strongly suggest book one executive rooms (completely renewed, spacious London standards) official website therey special deals going on.Location perfect, 2 minutes away Marble Arch tube station Oxford street, quite street.",0.29913419913419914,0.5004329004329005,Aug 11 2009
13,13,"Great Value For Money Excellent Location Before travel I heard many comments skeptic kind standard I see. I really surprised good hospitality, good rooms, everything great.",0.5777777777777778,0.6666666666666666,Jul 15 2009
14,14,"Compact centrally situated We last stayed 13 years ago. Since changed Best Western, completely refurbished modernised. Fantastic situation, near Selfridges Oxford Street. Quiet unusually large rooms London.Staff freindly efficient. Rooms aircon, needed there, need request reception time switch on.Nice expanded continental breakfast.",0.2015873015873016,0.342063492063492,Jun 28 2009
15,15,"relaxing friendly clean! spent couple weeks mostyn training courses london. found relaxing environment. staff always friendly helpful, particularly woman took breakfast order every day! staff seem continuing mission dirt, cleaning time.the rooms comfortable, found problem noise busy road bus stop outside, neighbour TV loud expect peace.",0.2536666666666667,0.47833333333333333,Jun 18 2009
16,16,"Perfect location good value old rooms The location mostyn best feature. Right heart best area london - Oxford street, Hyde park. Just two minutes Marble Arch tube station Central line. Very easy reach important sites London.The lobby nice english breakfast good.The drawback poor condition room. Very old shower, call staff help operate lousy shower. Noise rooms clearly heard room overall gave feeling room want get of.I would go back location good value, low expectations quality room.",0.28670238095238093,0.46020238095238086,Jun 3 2009
17,17,"Great Hotel - Worth every penny I stay mum every year,FOR 2 WEEKS!! THE LOCATION IS great,the english breakfast excellent,the staff helpfull,and best concierge,helping everything always smiling.THIS WAS MY 6TH TIME HERE AND I HOPE THERE WILL BE MANY MORE.",0.4955357142857143,0.35000000000000003,May 24 2009
18,18,"Superb location - great value money I can't believe negative reviews I've read TripAdvisor - sure people looking prices - 5 star hotel?? I've stayed Mostyn three times short trips London - I've nothing good say it. I've always found clean, comfortable. The breakfast selection adequate - I found service breakfast excellent. The great joy Mostyn location - Oxford St. within 2 minutes walk Marble Arch tube station - 5/6 mins Bond St. station. There always activity surrounding streets, I never felt ill ease walking back even quite late evening - I recent stay. Ok - cheap, compared city centre hotels good value - special deals worth looking for. I got great 4 night deal booking early. For short trip London want wasting much time travelling Mostyn ideal - I'll certainly staying again.",0.3356912442396313,0.571615463389657,May 10 2009
19,19,"""Hotel Lessyn"" would accurate. The location fine rooms OK. The advertises free wireless really works lobby maybe first floor (we room second), WLAN work laptop (and probably newer machines running Vista, probably Macs). The lobby pretty nice music least unobjectionable 70% time. I think actually spinning one Hotel Kostes mix CDs 1970s sexy-time jazz-funk Moog synth CD tray. Nice try! My major problem grudging, reluctant service. I'm sitting lobby right watching front desk talk guy front desk chick actng like walked street started bugging her. We brought dinner Selfridge's WAY much trouble trying get use flatware restaurant. The concierge told us ask bar, bar said no, I laughed asked ordered cheapest thing room service could two forks it, seriously? Then went got some, clearly Really Big Deal said repeatedly rules. So cheers her, management obviously stick collective !@&amp;^ ridiculous. Great location get cheap rate, I stay one night, two duress.",0.20548941798941806,0.5571869488536154,May 8 2009
20,20,"Mostyn....great location shopping getting around.. Stayed 3 nights price included continental breaksfast surprised find plentiful extremely good. Included juice,tea coffee, breakfast buffet table cold cuts, cheeses,cereals, muffins, toast order, croissants, fruit. served downstairs dinning area bright modern oh newspapers available free aswell. Large plasma tv morning show too.Our room large tv tea coffee making facilities, alarm clock hairdryer. Bathroom clean modern walk shower stall. Main lobby plush, modern clean. Fantastic concierge , Ray , knowledgable area [lots bus routes feet main lobby Oxford street steps away, literally 2mins lobby doors right across Primark!] Check easy quick .We got car arranged concierge back Heathrow two us two cases hand lugguage cost 35 pounds cheaper train much convenient.We would use Mostyn convenient shopping also walking across Marble Arch, crossing road walk Hyde Park continuing walk Buckingham Palace [takes while] onto Kensington Palace Hyde Park. Nothing better long walk warm sunny spring weekend.",0.23839627805145047,0.5200602079912425,Apr 26 2009
21,21,"worst western hotles The went heavy renovation, esp. lobby floor. However new, elegant appearance skin deep. The room allocated us beginning underground level. There window locked possibility open it, Even view would A/C units (not mention heat sound). The room air-conditioned since needed fresh air refused take it. told possibility relocate us night next day shall receive upper floor room. got 2nd floor room open windows. room rahter small least air.the lobby might new floors corridors old. wood floor keeps squicking whenever people step found hard get quiet moments inside room people constantly walked corridoors made noise. one elevator carry 4-5 persons constantly packed people. wait several rounds till could use it. steps nowhere found (only outdoor emergency exit stairs).the restaurant located hte underground floor windows natural light. noticed waitress kept touching clean glasses inner rim really nasty.all &quot;good value&quot; extremely disappointed.",0.010866477272727278,0.4583570075757576,Apr 18 2009
22,22,"Nothing special good location decent value helpful staff Sometimes Tripadvisor makes overly apprehensive hotel, I fine place. It's located Oxford street Bond St. Marble Arch Underground stations Central Line.The rooms expect range, larger typical London fare. Staff actually friendly helpful wide array things.Downside? Typical London stuff - exorbitantly-priced internet access, expensive breakfast (you're better going M&amp;S Pret A Manger around corner), one, very, slow elevator. And Underground, tourist reasons, hardly anything Central Line, climbing Underground labyrinth interiors gets old.Still, good rate, I'd stay again. My complaints minor. It better I expected.",0.10857769423558894,0.49209273182957397,Apr 7 2009
23,23,Bit let down.... Took mum Birthday bit let twin room basic wasnt clean &amp; Bathroom MANK- cut hole bathroom door would open toilet Very Strange... Towels dirty (Blood Stained) room Boiling even April I would hate stay summer. When arrive feels trendy/posh bit false impression rooms nowhere near nice. This would fine cheap getaway would advise romantic weekend relaxing weekend.,-0.0010069444444444527,0.5028298611111112,Apr 4 2009
24,24,"Nice Place I travelled London Business Place Centrally Located. The rooms nice bathrooms clean. The WI-FI teh reception worked fine internet room also fast good. The Breakfast good service staff excellent. The conceirge best I ever met, extremely helpful anything may need assistance with. A nice place stay right central London.",0.4888605442176871,0.6946938775510204,Feb 26 2009
25,25,"Nice To Be Taken Care Of. We stayed couple nights quickly realised staff well average terms customer care. The clean, rooms nice breakfast good. The location ideal walking main tourist area close Marble Arch underground visits afield. The downside double glazing combat noise traffic like reviews expect middle fab city. The value money great I mention staff especially reception front house areas gave exceptional attention detail. Thankyou.",0.26990740740740743,0.6254629629629629,Jan 27 2009
26,26,"Pleasant stay We stayed long weekend. We asked family room renovated prices descent. Breakfast included, booked room internet. THe room first floor, renovated large. It clean I guess better rooms I stayed (it's fourth time I return). I try breakfast usually eat lovely places St. Christopher's place. One complaint I sofa made bed although family room make bed ourselves. But general staff welcoming (with exceptions course). I think I would recommend location perfect access tube several bus stops. They also offer transport airport moderate prices.",0.1926190476190476,0.47357142857142864,Jan 22 2009
27,27,"really disappointing I think worst experience Best Western Hotel. Had problems check I booked single room 2 months advance said available single stay, bad gave double room; real problems started: room ok, spacious, massive bed etc. BUT: room lower floor horrible smell sewer inside loads beatles bathroom!!!! Unbelievable!! Plus night really noisy I think, room underneath kitchen/restaurant 6 o'clock am, started wash constantly open close taps sounds much amplified another ANNOYING thing house keeper REALLY RUDE always insisted enter room 9am clean I still sleeping!!! NO WAY!!!! Well I suppose kind crapy experience I WILL NEVER come back again!!",-0.039126570767195765,0.516005291005291,Jan 19 2009
28,28,"natalie This first stay hotelas January las year stayed 5 nights. UNFORTUNATELY BOTH STAYS WERE A DISAPPOINTMENT. In first stay works going without prior notice complain understood works done(EVEN IF EVERYWHERE WAS A COMPLETE MESS AND VERY NOISY). But location I booked year I took forgrantedthe fact works would finished. This time though disappointment anoher! FIRSTLY, THE MOSTYN HOTEL DOESNT CATER FOR FAMILIES IN FACT THEY DONT HAVE FAMILY ROOMS. I requested family room first place party 3. These available instead opted single room double room also stressed wanted next eachother inerconnecting. I also called reservations make sure everything well understood.PLEASE NOTE THAT I HAD BOOKED FOUR MONTHS PRIOR OUR ARRIVAL. Upon checking receptionist surprised told request didnt result documents I presented hime mine stated also called TWICE. In return answer requests guaranteed one arrives hotel. I asked possible anychance changes room reply upgrade pay affitional Â£20 per person per night upgrade. This UNACCEPTABLE would cost us another Â£300 afterall rooms intercoonnecting PLACED ON DIFFERENT FLOORS! ONE ROOM WAS IN 1ST FLOOR AND THE OTHER ONE WAS IN THE 4TH FLOOR! It total disappointment top could cancel booking arrival lateand would pay cancellation feesso stay 1 night cancel nights. FORTUNATELY THE THISLE MARBLE ARCH HOTEL JUST OPPOSITE HAD A FAMILY ROOM AVAILABLE FOR US AT CHEAPER PRICES AND THE ROOMS ARE NICER! SO THISTLE MARBLE ARCH SAVED OUR HOLIDAY ...... AND FRANKLY YOU CANT COMPARE THE BREAKFASTS OR THE SERVICE! THISTLE MARBLE ARCH OUTDOES MOSTYN BIG TIME! BREAKFAST AT MOSTYN IS PRACTICALLY TOAST AND CEREAL WHILE THE THISLE MARBLE ARCH BREAKFAST IS SO ABUNDANT YOU GET FULL JUST BY LOOKING AT THE STUFF!HONESTLY GUYS IF YOU WANT TO HAVE A FUN HOLIDAY...... FORGET ABOUT BEST WESTERN MOSTYN AS DISAPPOINTMENT IS GUARANTEED!",0.04722490347490347,0.4090948090948091,Jan 15 2009
29,29,"Good value London especially 3star great location quite basic Stayed overnight recommendation colleagues terms location, price previous positive experiences - staying overnight company Christmas party. If I holidaying I think I might disappointed, balance given price basic rooms, facilities extras available I found decent valueThe location particularly good tourists, price extremely good central London. It cheaper book room get late night cab home. Other guests included overseas business travellers tourists, well numerous Christmas party attenders.Everyday, non business, facilities room fine - plenty towels toiletries, good mirrors illuminated magnifying mirror bathroom (which also worked), comfortable bed good linen, tea coffee making, hairdryer, safe, also clean. Breakfast nice - simple good continental buffet kept properly stocked- many people ordering various cooked options looked tasty - also good coffee. The reception public areas bright modern, surprisingly extensive 3star hotel. The staff also helpful friendly reception; restaurant service good tables well prepared, also chambermaids smiley well turned out. Staff also regularly remind breakfast additional room rate (my take major issue guests although quite clear booking website prices room only)The downsides really centre size capabilities bedrooms - noisy nearby busy streets rooms double glazed, mine also dodgy a/c - room boiling even windows open December,. I iffy shower (although I bath shower hot water hand basin, water shower bath water remained resolutely cold). The good news shower/bath leak (which happened much pricier establishments) water least plentiful. My single room- although actually double bed would technically accommodate two people, small - bed fitted desk/TV/luggage bench - room armchair - colleagues twin rooms also small, although clean well furnished - certainly nothing like pix website. The small corridors access areas also mean relatively fresh paintwork rapidly looking worn scuffed. And single lift bit nightmare slow. I'd suggest avoid trying leave 8 morning based performance peak check times.",0.15635002094679507,0.4662691475191476,Dec 17 2008
30,30,"Lovely breakfast Stayed couple nights last weekend, mainly see show sights. Bit worried previous reviews especially comments building work breakfasts. Well everything fine. Our room OK, clean, huge everything needed. Have say breakfasts great. Fresh fruit, cereals, meats, cheese, croissants, bread, fruit juice,etc buffet table full English breakfast HUGE (great scrambled egg). Service good. Very attentive waiters bringing tea, coffee, toast, etc. Reception staff charming. Problems: hairdrier needed replacing, lift slow (but stairs bar showed beauty original building). It quiet night - convenience central, minutes Oxford Street expected. There reasonable eating places nearby (go along Oxford street, St James street leads St Christopher Place lots restaurants nice atmosphere).",0.2731837606837607,0.588034188034188,Dec 11 2008
31,31,"Don't stay expect breakfast smile! I'd eaten dinner Mostyn years ago impressed. My usual London fully booked I thought repeat visit (should noted reviews!) Mostyn would good alternative. Not good. The foyer impressive but, I checked in, I told packed breakfast would sent room morning. When I asked I told booking I received 'so what' type shrug given room key. I asked I could book table restaurant (I like wandering around night unfamiliar districts looking restaurants) told I'd make arrangements. When I tried this, I told restaurant fully booked - thank goodness! The restaurant typical hotel, basic menu starts Â£43.00, way expenses level. The doorman however exceptionally helpful directed reasonably priced restaurant streets away. My room, well, certainly refurbished. The bed comfortable room cramped particularly welcoming peeling wallpaper stuffy feel. When 'breakfast' arrived morning, pathetic. Cold croissant, stodgy something (?) yoghurt useless - plastic container complete plastic cutlery - and, coffee tea. Apparently expensive restaurant capable providing breakfast nor, even, fresh coffee guests. I meeting 10.00am searched Starbucks breakfast. I never return Mostyn - refurbishment excuse charging full price sort unacceptable service foisted upon unsuspectng guests. Why provide breakfast opposite? Arrogant, inconsiderate, experience I intend repeat.",0.07749007936507936,0.5101587301587301,Oct 25 2008
32,32,"Its Fine!! I booked huge internet search stay 3 girlfriends got great deal hotels website. I requested modernised executive twin rooms quiet part - checked ground floor overlooking busy road - asked changed, moved 2nd floor given double rooms. I asked double beds could made twins housekeeping staff around change them. We offered change room checked options, stuck double rooms. Be warned - ask one updated rooms, modernised jaded. The corridors dark depressing one lift tiny - trying leave sunday nightmare lift overdrive trying take guests - ended using service lift! Saying staff helpful, location Marble Arch end Oxford Street fantastic I slept really well!!",0.10828317901234569,0.39262345679012345,Oct 20 2008
33,33,"Convenient good value I've used Mostyn couple times overnights London, mainly close West End business dinners parties. Yes, rooms vary size, I've always found adequate, clean good value - considering location. The showers work, air-con works, tv works, there's coffee tea making room - believe me, always case London's West End unless go high-end prices.Personally, I've always found staff friendly smiley but, since I'm tourist, I'm probably dependent some.Okay, bit tatty places; soundproofing okay (central London, remember, never going quiet) I keep going back, must something right!",0.31807359307359306,0.425974025974026,Oct 10 2008
34,34,"Best West London location great price Stayed night Mostyn conference London. Price via Best Western website great. Location, North west end Oxford Street, can't beaten. Hotel staff pleasant good service. Breakfast room refurbished, can't comment that. Hotel corridors narrow, steps room I in. Renovations bedrooms carried well, although bathroom room couple little things needed fixing (e.g. plugs sink bath). I noted airconditioning - try it. My room backed road behind hotel, reasonably quiet night. All all, given convenience Oxford Street West End, good service, I would recommend highly, especially get great price too.",0.4104166666666666,0.567857142857143,Sep 20 2008
35,35,"Nice quiet central After bad experiences London hotels, I decided find Best Western time, satisfying cases.The Best Western Mostyn Hotel located small street 3 minutes (literally three minutes!) Oxford Street Marble Arch underground station. There also many bus stops close reach virtually every part London. Its position best I could find, small street located means quiet place despite noise traffic found Oxford Street time.The double room single double bed, large comfortable, bathroom large shower bathtub. Anyway place clean comfortable, staff friendly helpful.Rooms fridges, air conditioning suddenly stopped working times day, minor problems.I surely consider going back next stay London!",0.20104365079365083,0.4039550264550264,Sep 5 2008
36,36,"Very nice excellent location I stayed Mostyn Hotel 3 nights. The room recently refurbished, plainly furnished bathroom clean. The location excellent, within minutes walk Oxford Street. The price also reasonable, 88 Â£ per night single room. London great town lot things see do. I definitely recommend primarily location price.",0.3873593073593074,0.6246753246753246,Aug 19 2008
37,37,"Great Stay We stayed eh Mostyn 5 nights last month thoroughly enjoyed stay. Our room compact recently refurbished, nice modern feel clean well looked after. Staff friendly helpful throughout stay I must echo location place really fantastic (just 30 sec walk Oxford Street). And Mostyn really great value compared prices hotels area. All excellent hotel.",0.37916666666666665,0.6185897435897437,Aug 14 2008
38,38,"Great location This good location, around corner Marble Arch station Oxford Street. There good pub eat road Wetherspoons pub end Bryanston Street. There car park street get discounted rates. The staff friendly. We continental breakfast adequate. We also recommend Loop Bar Restaurant Dering Street New Bond Street 10/125 mins walk away. The food reasonably priced club dancing went 3 am.",0.4321885521885522,0.5636531986531987,Aug 14 2008
39,39,"Many Faults I greatly disapointed Hotel. An organisation I belong to, received discounted rate Hotel booked in. It first time I stayed London 3 star Hotel.The lobby small welcoming. There stud walls up, work carried hotel. To honest looked like builders yard. Not good 1st impression.The receptionists, male check night, argued whether breakfast included room rate. We booked room full english, serving FE, argued continental included. Bizare, I could understand way around, FE Coninetal. So refused breakfast, eventhough confirmed reservation included breakfast. We asked complaining, Continental breakfast was, breakfast box good. We told use Weatherspoons road breakfast. Oh joys friendly staff....not!The lift 1st floor, graffiti inside door. Gave impression scruffy hotel. On 1st floor, wagons dirty linens blocking corridor. They moved side next morning. Corridor narrow.The room looked nice, newly refurbished executive. Looked nice, little touches like 2 bottles water, box chocolates. Tea/Coffee making facilities draw, desk. TV poor picture. Air Con great. Bathroom looked OK, full things like shaving kit toothpaste. The BIG problem I hot water. Reception staff could care less, I never hot water shower wash, one could care less.To honest, bill paid someone else, I would paid room. We get paid for. The women reception moring rude, bothered unhelpful. If worked company would last 2 minutes. I wanted speak Manager, available. While I waited see I allowed see manager, I noticed left luggage room, constantly left open unattended. Anyone could walk take bag.Would I EVER stay again.....NEVER EVER EVER, last London, I would pitch tent park take chances. Be warned!!!",0.11185668320283704,0.5075206702129779,Aug 10 2008
40,40,"Very disappointed My husband I booked based location. We checked reviews balance seemed suit needs. We London one night looking forward sightseeing good English breakfast, included according booking. We delighted location near Oxford Street, Hyde Park, Marble Arch - perfect!The lobby impressive receptionist pleasant although arrived early (11 am) room ready great. The disappointing aspect check-in informed due re-novation dining room continental breakfast would delivered room The receptionist apologised accepted disappointed would looked forward English breakfast.The room clean basic small. The double bed squashed wall positive side bathroom clean shower excellent. The air-conditioning also good appreciated considering temperature London 30 degrees day!One complaint relates fact I asked reception, later evening, toothpaste avaiable hotel. The information room said toiletries available request, I happy pay this. The receptionist girl checked us in, said would check send room. That never happened even get courtesy phone call tell us available.The continental breakfast ordered 8 arrived ahead time 7.45 good......but pre-packed tray reminiscent bad airplane food! I researched many London hotels online booking Mostyn disappointed night London I planned.",0.13633149678604226,0.5473370064279154,Aug 2 2008
41,41,"Great New Look I stay twice Mostyn every year. The refurbished Lobby rooms. Looks smashing. I stayed wife one newly refurbished Executive Rooms, lovely colours great ameneties.Staff friendly take good care guests. Must mention Maroun - Head Concierge, helpful took extra care.New Bar Lobby looks nice, I like big painting Bar. Seems busy place evenings.I comeback recommend everyone.Amit Khemani",0.3866856060606061,0.5174242424242423,Jul 30 2008
42,42,"Avoid costs About I say good Mostyn location. Otherwise, greeted indifferent staff, smelly hallway, extremely noisy room. There bus stop right side buses stop start night. The adequately soundproofed keep noise outside, prevent noise adjoining rooms. The dining room construction there, delivered box breakfast room. However, nowhere room three us sit eat except bed. Three nights three nights long.",0.10734126984126983,0.4865079365079365,Jul 25 2008
43,43,"Just OK After reading reviews here, overly high expectations, thought relatively short stay (three nights) would ok, part. The location best feature. It's close Hyde Park, Oxford St. shopping tube station. The needs tweaking. Our room, extremely small pretty, bed comfortable bath clean modern. The carpet need good cleaning, walls. After first night, lack room spread fact one chair got bit wearing. The issue staff. They come across informed interested assisting us. We always referred concierge, who, helpful, often needed chased busy. Our room included full breakfast. The waitstaff morning attentive. The thing really require morning coffee days we'd get immediately, days we'd get find ourselves. On last morning, cooked food stone cold inedible. There new restaurant serves dinners. We never tried seemed expensive prepared spend travel money high end restaurant mid-price hotel.We'd like come London one day, would stay somewhere else.",0.14945428645428646,0.5275247345247346,Jun 28 2008
44,44,"Don't fooled online photos My family I cashed several hundred thousand Best Western Gold Crown Club points Italy/London trip. The Mostyn best located Best Westerns available, highest rated Trip Advisor. The location IS great; literally one block two blocks Marble Arch - easy access much central London.The breakfast really pretty good, too. Plenty options, &quot;Full English Breakfast,&quot; cooked relatively well.The staff's service snooty best, last day &quot;concierge&quot;/bellhop helped us get door made great suggestion using private cab (not black cab Gatwick Express) get Gatwick Airport.The lobby nice new, bar, rooms shown online represent every room hotel. In fact, appeared rooms 3rd floor like - frumpy, worn, old. Ours felt like big &quot;taco&quot; - floor dipped much middle room drawer TV stand kept coming open effects gravity.Overall, I'm sure stacked Best Western hotels London, I disappointed shabby room snooty service.",0.27025904203323553,0.3686054089279895,Jun 12 2008
45,45,"nice good location I booked tru booking.com.This excellent location, cleanliness room, level noise better many london hotels. Service good, changed room without asking beacause problem it. The price transport airport bad, leaving city 0400 morning use public transportation.",0.54375,0.6166666666666667,May 29 2008
46,46,"Good Stay Good Value The great location, clean well facilitated price. The service staff attentive enjoyable stay Mostyn. My wife I stayed six times week time believe great value money.",0.6095238095238095,0.7000000000000001,May 19 2008
47,47,"Very convenient I stayed lots London mid higher price hotels come expect &quot;well worn&quot;. I pleasantly surprised Mostyn. The new Reception area smart inviting. The staff attentive helpful. Breakfast good, plentiful good quality. The room small side, London rooms are, although enough wardrobe space, drawers put anything else in, sleeping there. We problem TV, reporting Reception fixed straight away. We 3rd floor problem noise street - tip, checking city always ask put upper floor possible. They always try oblige (it means sometimes wait little longer lift, trade-off worth it). Bathroom large enough clean, good shower plenty hot water. No problem noise neighbouring rooms (and know occupied seen people going them). The bed seen better days - par course London hotels. For price paid considered good deal location idea, 1 minute walk away Marble Arch. If looking somewhere close eat drink, recommend The Three Tuns (turn left door, left end road The Three Tuns pub/bar 500 yards right (1 minute walk). Good wholesome English food Â£8 - Â£9 main course",0.2145775838744589,0.4607819264069264,May 19 2008
48,48,"Brilliant Location Chose Mostyn reading reviews (albeit bit reluctantly) location sounded great, was. On checking in, given suite (wonderful), shown basement area, smell sewerage toxic! Our stay suite lasted 5 minutes. However, fair moved immediately fourth floor. The breakfast Mostyn excellent London hotel. I would definitely stay 1 min walk Oxford Street.",0.55,0.76875,May 14 2008
49,49,"nightmare london They put us room go8 ground floor famlies. It dark room, views, window locked frosted glass looking hall way kitchen. noisey.The loo broken, room ok, tv work well, staff helpful, mini bar. They never informed check 11am 12 noon wanted extra 25 uk pounds, agreed charge.The ac cold would go up, argos buy heater. Not nice hotel, first time spend two night windowless hotel, staff interested taxi arragement airport",0.025,0.5033333333333333,Apr 28 2008
50,50,"Great Location Good Hotel Stayed weekend contrary reviews I previously read pleasantly surprised. The minute Oxford street, great shopping couple minutes walk Marble Arch Tube station. Our room first floor, although small clean. The room noisy traffic Portman road, location makes that. The breakfast good buffet style english variety continental choices. The public areas clean. I would book again.",0.3238888888888889,0.5322222222222223,Apr 28 2008
51,51,"Traveler Beware! I stayed 2 nights, April 17 18th. There's positive thing I say place. Please look places even think booking room place. One porters ( Big stocky guy) seemed always want tip. The morning staff must nicer evening staff. The internet works downstairs lobby room. Did eat hotel. I cannot comment it. The beds old raunchy.Whatever do, stay away hotel.",-0.02772727272727273,0.44409090909090915,Apr 19 2008
52,52,"Decent - pretty basic This located near Marble Arch Tube station crowded busy Oxford Street. The ok shape, nothing fancy. The elevator hallways tiny, well room, like London hotels. The bed ok, I've better. The bathroom shower spacious room overall fairly clean. The walls door thin could easily hear neighbors coming going. The frontdesk service bit slow, helpful answering questions.For location price would good someone couple weekend getaway.",0.20568627450980395,0.5279411764705882,Apr 18 2008
53,53,"Horrible Hotel Stayed 2 nights Bed &amp; Breakfast, room tiny, staff unfriendly, shabby, breakfast horrible, go outside round block restaurant evening. We ended eating Thistle across street bit pricey service &amp; food exceptional.Only plus next oxford street shopping",-0.3666666666666667,0.49166666666666664,Apr 6 2008
54,54,"Good excellent location We returned one week holiday staying Best Western Mostyn Hotel room good (clean, spacious, quiet, comfortable beds, good bathroom, excellent water pressure, enough towels etc). The service friendly reception - e.g. check-in check-out. Also concierge doorman helpful occasions. The location excellent, steps Oxford street suitable walking Soho Piccadilly Circus.Things could improved include: shower room hand held shower head, fixed shower head wall! The lobby bar somewhat basic selection (e.g., PiÃ±a Coladas).We would definitely stay again.",0.3698232323232324,0.5773737373737373,Mar 22 2008
55,55,"Good location First excellent location price paidThe improvements stairs foyer bar area finished pretty impressive walk in.Our room 4th floor corridors problem noise.There 1 lift problem. It amazes hotels particularly london advertise room double get bed one side.That aside poor reception tv room adequate small couple nights,the bathroom renovated nice.Overall good base london staff friendly enough.",0.18847222222222224,0.5944444444444444,Mar 21 2008
56,56,"Rude smelly cold water Absolutely terrible! Started put smally room underground, door propped open knew smell arrived. complained moved another room equally smelly big wet patch near radiator. We complained offered full english compensation rooms singles. We declined breakfast took single rooms, televisions work hot water shower morning. When said person reception morning told us would better told us night rude manner nothing could now! I never return may consider avoiding future best western hotels",-0.06347402597402597,0.40746753246753253,Mar 18 2008
57,57,"nightmare DO NOT stay cleaniness comfortable bed expecting!Even though reviewers mentioned renovations, lobby looks attractive. The rooms upgraded bed old, lumpy, made ripped sheets. There electrical socket falling wall, stains chairs, hallway room horrible odor. My room faced main street noisy street traffic.Don't even think eating meal there. While I checking another couple took one look room left. What dump!",0.06018518518518522,0.5564814814814815,Mar 17 2008
58,58,"Good Stayed end February &amp; work Lobby finished.Room bright, clean &amp; warm &amp; bathroom fine.Good selection tv channels.Staff efficient &amp; friendly especially Conscierge.Great location Oxford Street &amp; near Tube &amp; Hyde Park.Breakfast OK.There one lift sufficient I there.",0.35520833333333335,0.7000000000000001,Mar 12 2008
59,59,"Good location decent hotel! The Mostyn currently under-going lot construction work foyer area pointed I booked. To honest really effect stay all. My room 3rd floor excellent. Lovely big double room, marble furnished bathroom, decent TV everything fine.The excellently situated London sights absolutely ideal Oxford St shopping. Just around corner Marble Arch tube station.A decent mid-priced (I paid Â£99 per night) London hotel.",0.39611111111111114,0.5633333333333332,Mar 9 2008
60,60,"loved omni well location, construction hotel, staff friendly, rooms clean smart presentation maids.The problems rooms cool mirror shaving broken",0.26668154761904767,0.6934821428571428,Mar 1 2008
61,61,"Great location The really well located. It feet away Marble Arch tube station doble decker tour starting point, many restaurants ATM tellers nearby. You lot walking around. It excellent!The staff helpful room clean big. Only inconvenience I found bathtub little high shower door covered half bathtub floor got wet short height person, difficult get tub, careful. They also offer free Internet access, wireless lobby using network cable room, extra LAN cables go lobby use Internet. Overall, I would totally recommend would definitely stay again.",0.08141304347826087,0.4915942028985507,Feb 23 2008
62,62,"Great Location Staff Stayed 2 nights November, location great Oxford street, construction cause us problems,room fair size clean, The staff cheerful helpful, wife lift phobia use stairs soon staff ware escorted room ,while I took cases lift.We would stay gain without doubt.",0.6373333333333333,0.82,Feb 5 2008
63,63,"Great location. Good value HiWent London shopping trip last weekend. Was wary reviews quite bad. We booked two standard rooms upgraded cost family rooms. There lot work going lobby, re-tiling etc step timbers etc get through. However concierge helpful. As long know advance problem. The lift working apparently past reviewers. The rooms average sized VERY clean. The beds really comfortable. Extra pillows blankets wardrobe. Tea coffee making facilities hair dryer. Plenty bathroom products towels. Had problem air con fixed immediately. The windows appear double glazed slight draft. Also front - Room 226 quite noisy. Did really bother us time night good sleepers.My friends problem shower room one days ( hot water). This last night nothing could done discovered late. They offered showering facilities another room make up.All - basic clean -very central. It right opposite Thistle Marble Arch ( twice price). If want clean basic accommodation near Oxford Street dont want pay fortune you.",0.08722734254992322,0.3995929339477726,Jan 15 2008
64,64,"Under construction! My second review Mostyn time bit difficult. The lobby/reception area construction bother us all.On arrival accomodated ground floor rooms rejected arguing got room 309 (third floor). The room good size ready refurbishment. TV-signal missing 5-night stay nothing done repair it. The room street side noise acceptable.Housekeeping ok, clean sheets every day towels. Free newspaper well (Daily Mail).The breakfast room refurbished breakfast 8.95 Â£ 10.95Â£ english breakfast much less average experienceI uploaded pictures hopefully give impression hotel.The well located, big, 121 rooms, would come back price right. We paid 83Â£ double room incl. tax breakfast. Do expect much disappointed. I still recommend The Three Tuns pint descent lunch, nice place. In New Quebec St. small chinese restaurant, Red Sun, ok.",0.08114564007421152,0.32792594310451456,Jan 4 2008
65,65,unpleasant experience The horrible refurbishment going on. You chance relax long day marvelous London. The lifts order use staircase get forth floor. In general unpleasant experience London.,-0.21666666666666665,0.7999999999999999,Jan 2 2008
66,66,"Not impressed Stayed one night recently disappointed experience here.Please note building work going moment reception restaurant areas ground floor resembles building site. Have qualms works obviously striving improve place.I booked double room instead got twin room although spacious enough one person rather dated. The room hot stuffy despite air-con on.Also noise busy street allow good night's sleep.Futhermore, I housekeeping issues room. It well cleaned previous guest.Also reception seem care whether I good stay although polite enough, enquire stay upon checkout.I got room great rate website rush back hurry.",0.12648237179487182,0.4678685897435897,Dec 22 2007
67,67,"Badly organized dirty The first impression standard ok, bit worn down. But read on. I would reccomend hotel!My first encounter booking. The website allow book 3 rooms. We needed 4. After difficulties I able speak directly, Best Western's customer support book 3 rooms either. It took 3 e-mails 4 phonecalls period 4 days get reservation confirmed. And I never got confirmation e-mail, promised twice...But worst come. (Please read end)Our double bed worn down, I layed one side bed, matress lowered much girlfriend rolled me. For record, I'm fat. I addition room ice cold. We complained got new room. The bed better, still freezing cold. We told heating would turned up, wasn't. The next day spoke twice technican sent check out. I got response, I spoke technican directly (met elevator) said heating part building due som construction building. I asked new room, got. It heating, well bathroom, least bedroom. This seemed ok, even though bit worn down. But going bed, discovered sheets actually used!! No doubt! There bread crumbs wrinkled signs used. We course asked new sheets, got. What frighten customers attitude hotel. No one seems care. I got reaction I told reception sheets dirty. It seemed like everyday business them, simply care. If I worked I would least apoligized! And even offered reduction price.As location, good shopping. It's west end Oxford street. Bars nightclubs end street. And long street. You take taxi/bus.",0.007888407888407882,0.43925135710850005,Nov 30 2007
68,68,"Its location This 2nd stay year Mostyn, 4th stay last 3 years. Nice traditional comfortable situated behind Marble Arch Thistle Cumberland hotel. Yes getting work done moment, little bit dusty there, interfer stay. Some extra goodies put room (chocs water) extra toiletries, nice. Rooms moderate saze, quite spacious others quite small, London. Would stay again, price right. Great loaction Hyde Park, Oxford Street, 15 minutes walk Soho. Keep good work.",0.14551339285714288,0.5376488095238094,Nov 28 2007
69,69,"great location Stayed one night. Booked 2 twin rooms given 2 spacious quiet family rooms. The rooms really clean beds comfy. Check quick efficient.All staff friendly helpful. The breakfast really nice lots choice although juice hot drinks weak watery. There building work going moment Reception look great hear noise rooms.The location great - close marble Arch, Oxford Street Hyde park. We went London Palladium evening even relatively short walk Oxford Street. We would definitely consider staying",0.2862962962962962,0.5956481481481483,Nov 9 2007
70,70,"Liked place alot. We London visiting son school there. You can't beat location -- Oxford Street two second walk around block. Hyde Park close. We arrived almost 10:00PM. The clerk front desk polite friendly able check within minutes. Our room third floor -- yes, elevator service. The clerk told us service elevator, quite small. She offered someone bring bags, declined - whatever struggles bringing bags entirely doing. The room bigger I expected bathroom comfortable size apparently newly done over. We notice room proper &quot;dresser&quot; put folding clothes away in, two serviceable nightstands drawers. The closet nice size plenty hangers. I loved programmable safe room. We stayed eight days every day returned spotlessly clean room neatly made bed new towels left bathroom. Kudos cleaning staff. There construction going lobby, really bother us. (The elevator, way, service last night.)The could benefit new windows street noise pretty loud (we third floor apparently busy corner.) In all, good far outweighed inconvenient I would recommend anyone looking location, location, location good price.",0.19502525252525252,0.49934343434343437,Oct 27 2007
71,71,"Great location stay reduced rate I chose location I able get cheap Sunday rate, worked averaging 90 pounds two nights - amazing deal location, especially I noticed rack room rates 190 pounds per night family room!This location can't beat - 1 block Oxford street, 2 Marble Arch...all shopping restaurants could possible need short walk away, worth spending bit extra for.We family room(1 double, 1 single bed) side building facing Thistle hotel. The room fairly spacious London room - though dark - lit small lights, two burnt out. The room reasonably clean, though bit battered. Being lower floor side building, meant lot late night noise outside... lot bright light room. Getting good nights sleep noise next door...and sounds centre London challenge best. For price payed, satisfied - excellent location, decent room coffee/tea/snacks, clean bathroom toiletries expect, friendly staff try help. Don't get breakfast, rip off...there plenty places get quick breakfast nearby fraction price - one many Pret locations London probably easiest.That said, way I'd pay full rack rate room. For 90 pounds per night.. good deal... If I spending rack 195 pounds per night, I would expect better.",0.29691156462585033,0.5678843537414966,Oct 13 2007
72,72,"Rude Staff We stayed 3 nights hotel.Apart excellent location someone wants tobe near shopping areas rest awful.Small rooms,very old building,extremely noisy (despite fact stressed reservation want quiet room) worst come.The last evening came back 11.30pm found elevator order. We climb three floors stairs saw people certain age real problems going up. Nobody staff apologized said something help. The following morning asked someone bring suitcase found second elevator,for staff obviously,which nobody suggested least older people!!! It may cost lot compared London prices really good hotel.",0.0020147642390289395,0.37021475256769376,Oct 11 2007
73,73,"London Mostyn Hotel Have seen bad reviews Hotel, really can't say anything bad experience all. Room clean comfortable homey. Chocolates pillow every night really nice touch. Breakfasts hearty, staff helpful, really good base short break, especially like shopping, middle Oxford Street. Great",0.06051282051282052,0.6141025641025641,Oct 1 2007
74,74,"Great Location I stayed 27 September (same review below) encounter problems reviewer states. The staff friendly welcoming, breakfast staff equally good - little quiet i.e. ask everything instead asking we'd like toast, coffee etc - breakfast free depending rate free ALL party, one person. We Leisure B&amp;B rate paid Â£100 room via website cheapest option us; booked 3 weeks advance arrival. They also allowed us check 1pm despite saying 2pm invoice problems this. Check 11am good late sleepers.The location best bit, literally 2 minute walk Selfridges &amp; Co. many shops Oxford Street. There's Taxi rank right outside (opposite BW Mostyn Hyatt) need venture onto street get taxi usually every couple minutes so. Ave. price taxi us ranged Â£8.00 - Â£12.00 going from/to Euston Station also Knightsbridge The Strand. The rooms small comfortable clean main thing. We twin room always little better doubles size shape room. They held luggage free checked didnt carry around went home. They keep six hours free enough. Anything one payment Â£10.00 reasonable. The room service limited adequate rush. A bit excessive Â£7.00 sandwich wrap walk two minutes onto Oxford Street find food much nicer price larger meal. I didnt hear complaints I would go again, mainly great location also London clean fresh hard find.",0.20250276854928026,0.5292691029900333,Oct 1 2007
75,75,"""Worst"" Western My family I spent three days Best Western Mostyn Hotel Marble Arch section London.I honestly could reccommend anyone.Despite complaints staff, room never cleaned linens changed.Our adult children found room open one day.The gentleman charge breakfast room impolite husband even threatened eject room asked free breakfast policy. It turns one breakfast free pay other.Hot meals even money. I stayed many hotels offer free breakfasts.Have never run this. Do even consider staying there.",0.19999999999999998,0.52,Sep 27 2007
76,76,"great value We two rooms one night early August. I'd booked website got great deal paid front breakfast included. We chose alternative grossly expensive across road join coach tour following day. Considering gone 5.30 morning get breakfast early anyway,I think worth paying higher price. We delighted rooms - clean, quiet extremely comfortable beds top tour bus right outside door. We even cross road.",0.25639880952380956,0.44494047619047616,Sep 19 2007
77,77,"Basic Great Location Shopping Although I previously experienced London experience, I expect room small! Having said that, planning spending days room, therefore room served us well. We good night's sleep bathroom clean good size. Breakfast included rate, however still decided breakfast restaurant. You choice full English buffet, continental buffet. On first morning opted English breakfast quite yummy, although obviously expensive! On second day opted continental. If going visiting museums, catching hop on/hop bus, etc ask concierge help directions. They helpful managed save us lof money buying tickets directly hotel. Staff nice, overly friendly.The best thing location. It's literally 2 minute walk away Oxford Street (on Marble Arch side) perfect shopping.",0.3514583333333333,0.5029166666666667,Sep 8 2007
78,78,"Terrible The toilet cleaned, air-con TV work. We got twin room despite booking double que ages get breakfast. The staff promised get back us regarding complaints yet......I've stayed better youth hostels London payed quater much.",-0.05555555555555557,0.2833333333333333,Aug 17 2007
79,79,"mark Arrived late first night, around 23:00 - given room downstairs - set rooms cellar last third window street level! Demanded different room told I could get one tomorrow. This must routine people coming late. They probably wait see complain... The room (The one I got next day) average size I see rooms standard size. Even though third floor, lot noise coming street. The matress soft I kept falling middle partner's heavier weight. The pillows hard got stiff neck. The rooms clean I complaint bathroom unless prefer shower hose. The breakfast food ok too. The staff mostly foreign I communication problems. I also tried connect web (got cable, username password) signal low I succede. The person reception said would come help didn't. So internet 5 days (cold turkey).There one important advantage hotel: Its proximity Oxford Str., Marble Arch reasonable price.",-0.01035714285714285,0.43429487179487186,Jul 4 2007
80,80,"Superb Hotel. Superb Location. We stayed Mostyn two occasions June 2007 different rooms occasion. Although rooms small, exceptionally clean well looked after, little dated. This expected city like London deter us booking stay future. Our room second floor occasions central traffic noise, enough disturb enjoyment certainly much expected.We found staff friendly Concierge &quot;Raynard&quot; readily available offer helpful advice needed - nothing much trouble him. Well done, Ray!The within two minute walk Oxford Street two minutes tube station. The location absolutely suberb ideal place starting shopping expedition starting sightseeing tours. All all, pleasant stay whenever visit UK future we'll staying at.So, Aussies looking London Hotel, can't go past Mostyn - made feel welcome safe.",0.21874999999999997,0.5044871794871795,Jun 29 2007
81,81,"Great Hotel Great Location I stayed 3 times I cannot find fault. Of course little things niggle us idealhotel ideal price ideal location right Mayfair thetop Park Lane. My latest stay 3 nights Fri Sun.My room top floor back overlooking Portman Sq. As always central london get noise traffic night expected. Fantastic reception staff room service prompt attentive waiter. Good plain clean room.I know 3* get chocolates pillow everyday.The located 2 mins walk new Oxford St PRIMARK busy least carry shopping far. M&amp;S Selfridges 3-4 mins walk away Oxford St.Turn left pub' called The 3 Tuns good swift one two. Which good, partner go PRIMARK relax pub'. Turn right go end Bryanston St food &amp; Wine shop needs.To shop Harvey Nich's &amp; Harrods I walked Hyde Park 2 minutes door. To avoid Jay Walking Marble Arch take tube entrance Marble Arch tube follow signs exit 4 underground. This bring Hyde Park Speakers Corner. Follow signs Edinburgh Gate exit park Knightsbridge opposite Harvey Nich's 2 mins Harrods. Take walk back calm shopping (did thing visit V&amp;A Science Museums).Hyde Park also good afternoon resting deck chair sun.I took advantage hotels early WEB special deal WEB site got double room average Â£62 PRPN. For location excellent value. Planning another visit late August.",0.2532315115440116,0.5289608585858587,Apr 17 2007
82,82,"Could fault great time! I nervous previous reviews kind I say super experience Mostyn Hotel! Everything start finish great - staff helpful friendly, room warm, spotless comfortable, I requested quiet room I staying young son sure enough got spacious quiet room! The location fantastic, less one minute Oxford St Marble Arch tube stn. The concierges particular incredibly helpful, going way give people tips advice....a good tip get book car back airport departure, reasonable. And hold bags check want sightseeing!! All wonderful experience cant wait go back!!",0.3767934782608696,0.5508212560386473,Apr 11 2007
83,83,"Location great fine price I stayed Best Western Mostyn business two nights. The proximity Marble Arch tube station great, meetings easy walks tube stations easily accessed Marble Arch. The area around good restaurants lots shopping, one desire that.The quite acceptable modestly priced venue center London. The room clean reasonable size one two people (not large -- I'm used staying Hyatts, Marriotts, etc. US). The staff friendly helpful.I would stay again.",0.4019897959183674,0.5696598639455782,Mar 29 2007
84,84,"Great Hotel location The Mostyn Hotel right heart shopping centre, steps Marble Arch Oxford Street. The staff friendly efficient, consierge chatty informative giving us directions bus numbers markets sights. The room good size comfortable double single bed, could taken child free [pay breakfast], room would large enough. Not much view, overlooked internal yard, window opened afforded fresh air. Breakfast ok, buffet style plenty it, keen underground dining room, I like windows, ok price.All I would happily stay again, looking forward taking 8 year old half term wish us luck!",0.2523809523809523,0.4365914786967418,Mar 6 2007
85,85,"A really good best location! Me 9-year-old daughter stayed 3 nights happy stay. The location absolutely outstanding, Oxford street shops around corner short walk underground buses.I booked room months ahead got really great price Â£50 per night fÃ¶r twinroom!The room nice clean, althought bit noisy since facing street. It problem us, go London quite vacation ;)This absolutely best hotelexperience London far I definitly stay next time again!",0.4705128205128204,0.6096153846153847,Jan 28 2007
86,86,"Well located many problems The excellent location, one block Oxford Street Marble Arch. The staff friendly helpful. However, gave us &quot;underground&quot; room (name &quot;bloomsbury&quot;), access stairs. They say internet access rooms, possible access wi-fi lobby. No ethernet connection either. At least free. The room comfortable overall clean, found several used paper tissues bed. This might cause wife getting sick stay (we found papers late).When staying hotel, make sure get rooms higher levels. And order in-room breakfast - small expensive worth it.",0.1119940476190476,0.6648015873015873,Jan 13 2007
87,87,"Little gem! We surprised overall high standards hotel, considering reasonable price paid 2 night stay New Year.The staff exceptionally friendly helpful, rooms clean well equipped location excellent Oxford Street Marble Arch tube station.",0.23707281144781145,0.5882828282828283,Jan 10 2007
88,88,"Very good! We spent 10 nights Mostyn hotel, everything good. The room pretty big breakfast also ok. It buffet. There tea service (with hot chocolate cookies also). Staf nice, location perfect (1 minute Marble Arch).",0.51,0.6788888888888889,Jan 7 2007
89,89,"wont stay Well located, nice lobby, helpful concierge. Upon arrival greeted bobby removing undesireable floor.Room tired, tiny, water stained ceiling, aircon didnt work (fixed request).",0.1,0.54,Dec 20 2006
90,90,"Handy shopping weekend This welcoming lobby bar area, nice public bathroom. Although says charges fee leaving baggage checking out, I charged fee. The also happy hold safe-deposit key I returned claim luggage.I allocated room ground floor, believe I given smoking room, despite requested non-smoking one. This problem, though, room smelt fine. The room fairly run down, decent size. The TV reception bit snowier I'd preferred, I hardly watched TV weekend. I read bathrooms small, size average British hotel. However, door bathroom shut way first day, companion I report it. The problem mysteriously resolved next day. I pleased housekeeping - good eye preferences.I also say reasonably-priced airport transfer service. I use it, I already train ticket, I would probably use next time. We try breakfast, I know good breakfast place close by, two people nice meal price one breakfast. In conclusion: yes, room bit run down, fine. Our ground-floor room faced street, yet I find noisy. And location fantastic. I'd definitely stay again. In fact, I'd chose Thistle across street.",0.23656378600823047,0.5543004115226338,Nov 15 2006
91,91,"Smal Noisy Rooms My partner chose ony staying london one night really wanted place crash. The ok, nothing special ran completly foreigners, didnt probem quite slow checking etc. Our room second floor, window facing main road, traffic light junction 20 yards away, bus stop outside. At time didnt really take much notice room 15minets plans rest day. arrived back around 9.00pm decided drink bar, archers lemonade partner pint, somehow managed come Â£9.00 lady bar adement correct. We bought drink hour later man severed us, drinks however came Â£5.50?????? Once room noise traffic realy bad, 1.00am fed able sleep went complain reception. The man reception told two things could me, move diffrent room, couldnt full, give discounmt room, wouldnt booked room directly hotel. I told ridiculous wanted speak manger, replied come back Monday till then!! speakless point 1.15am Saturday! Not applogise fact happy room al could say room acceptable poeple happy stay room!! This ok apart staff knowing doing, rude really bothered whether happy not!!!",0.12811986863711003,0.47229064039408863,Nov 15 2006
92,92,"Awful Hotel! My friend I went shopping trip London last Saturday (11th November). We went one night decided Mostyn Hotel handy close Oxford St. First impressions great - smelly reception, conscierge available etc. Anyway, worst bit London one night back back plans two days. We arrived back Shopping 5.45pm Sat night asked taxi booked 6.15pm. At 6.15pm conscierge called us say book taxi expensive book hail black cab!! So went reception asked - found. I asked reception staff conscierge could hail us cab said would better ourselves. I told unacceptable service I going write letter Manager (which I will). Anyway, make long story short, walked 20 minutes could get taxi, ended taking tube, (which involved change) subsequently 1 hour 10 minutes late dinner reservation show go to, 40 minutes eat....They practically ruined weekend!! Rooms incredibly dusty cramped also.",-0.11302398989898989,0.48777777777777787,Nov 14 2006
93,93,"Noisy cramped I found room small even though expecting reality bit shocker! The room faced road noisy, woken early every morning sound buses refuse removal(i think that's was, I see outside windows glazed right ground) I found fact gave us room knew travelling young baby extremely inconsiderate, fully booked could change.I wait leave.",0.07305803571428572,0.4494642857142857,Oct 27 2006
94,94,"Great location Oxford Street We stayed three nights 28-sep-06. There short mix rooms, names smoking non-smoking, reception quickly resolved. The rooms small little floor hanging space clean tidy. The bathroom also small good shower, important husband I.As wedding shopping eat drink can't pass comment.The concierge helpful pleasant.Would stay short shopping trip I going spend lenght time room.",0.24354166666666666,0.5608333333333334,Oct 7 2006
95,95,"Great value location We (two couples) stayed two nights. Sept 29 &amp; 30.Everything really great. Our rooms clean reasonable sized. The reception, particularly concierge fantastic helpful.I stayed hotels London go back next time go london.Most hotels London crap overpriced. This one got spot on. Quiet, cozy great location, 5 minute walk Marble Arch tube stop. One minute walk Oxford street.At end street probably one best Indian restraunts London (Port des Indes) It's cheap. But try Sunday lunchtime great value.",0.2505208333333333,0.5494791666666666,Oct 6 2006
96,96,"Not Good Used Be I stayed twice (in 2004 2005) good then. However, returning London, I decided I stay again.The supposed air-conditioned. Some rooms rooms blow warm air. My brother accompanied mother London room. His room spacious cool; however, lucky. The first room given hot, requested another room. They gave us room floor, hot, too. All rooms booked night, though, stay second room moved to. We sleep window open ventilation night. Needless say, street noise, get sleep. (We moved across street Thistle Marble Arch next day. Highly recommended afford so.) Temperature controlled front desk, too. You cannot adjust yourself. The room safes Mostyn longer work. The discontinued offering amenity. (You lock valuables front desk, though.) This really big deal, advertises rooms in-room safes, hassle go room waiting front desk somebody help need something.The lift small, hot, graffiti it. Be careful getting lift, too, floor raised could trip looking exiting.Last least, bathroom drains slow wad dark, curly hair shower second room moved to. Housekeeping obviously needs pay attention detail cleanliness.This really gone quality past year. Recommended:Request inner room street. There view, rooms quieter a/c works. Also, NOT accept room first floor. A worker told us trouble a/c first floor. Not sure would put people paid a/c rooms. While front desk waiting somebody help get safety deposit box first (and last) evening, two people (also staying rooms first floor) came complaining hot rooms were.Pros hotel: Raynard, concierge, helpful extremely nice. He remembered trip London last year greeted friendly hello smile. The location fantastic.I hope decide stay Mostyn experience better ours. As I previously stated, brother's room suitable; not. Hopefully, get suitable room able move one is.",0.1497959183673469,0.46667800453514735,Oct 5 2006
97,97,"air conditioning work We disappointed upset stay Mostyn air conditioning cooling room. Even asked turn down, still warm air blowing vent. We complained one night clerks moved us &quot;cooler&quot; room. Same problem. It ordinarily mattered much, 80s London looked forward returning cool room long day sightseeing.My daughter I checked next day spending miserable, warm night window open. We supposed stay four days. We found air conditioning broken, clerks failed tell us that. I really appreciate dishonesty, male night clerks indifferent whole problem. I guess care lobby nicely cooled.In rooms clogged sinks, water barely went drain. In first room, shower spurted water floor. Sadly, staff made first room used another unsuspecting tourist evening. I thought pretty tacky.Also, safes rooms working keep valuables safe deposit box area adjacent check in/ reception area. Not inconvenient use boxes every time need remove money, jewelry, passport, open area absolutely privacy take items put back in.The last complaint elevator. Having stayed twice before, I well aware small slow elevator. However, visit elevator stop evenly first floor stayed. That could safety issue someone toting baggage someone see well.I thought overall quality maintenance lacking. I would recommend anyone point.The two positives I think wonderful concierge/porter named Raynard helpful cooperative wonderful location hotel. It near Marble Arch, Oxford Street, underground tube system.I wrote letter customer service Best Western, responded saying seven days respond complaints copy sent well. Well.....I'm still waiting.",0.04841435185185184,0.4539467592592592,Oct 4 2006
98,98,"Good central cheap. We good stay Mostyn House. We arrived using offer --- gave us half price Best Westerns, worked Â£30 pppn. Considering round corner Marble Arch, thats excellent.We room 402, family room round back quiet. The bedroom decent standard bathroom modern. There one small lift floors took tired use stairs.Breakfast buffet cramped restaurant downstairs. Not lot room, though staff attentive. It doubles Bang! sausage bar night. There money vouchers welcome pack arrive. We'd happy go back.",0.22238095238095235,0.5231746031746032,Sep 13 2006
99,99,"11 night stay mixed experience two 21y/o visitors Concierge (when could find him) knowledgeable, reminded us much Hotel Babylon's concierge - knew everyone worth knowing, offered tips discounts London. unfortunately front desk staff spoke VERY LITTLE english. ridiculous. prepared speak slowly clearly.Incredible location adjacent Oxford Street, 60 second walk Marble Arch underground, close casino, indian restaurant chemist. Rooms spacious cleaner never gave bath toilet good scrub - stayed 11 days, shorter trip I could understand, hope cleaned left.Breakfast average. nice first days menu never changed, got sick 7th day. fresh fruit available first three days disappeared - ask specifically day following. idea put available kitchen. also line breakfast room full 8:30am - small restaurant, line pre-paid breakfast available 10am. telephone room work, shout top lungs heard, could hear another conversation time - obviously crossed wire.porn channel television, unblocked unaviodable flicking thru channels, cant imagine parents staying children would think. this, lovely - room service prompt staff friendly, beds made day safe room secure.HIGHLY recommend Indian restaurant around corner entrance - fancy dress well, price worth highest quality indian food.",0.12779421768707483,0.42153741496598646,Sep 6 2006
100,100,"Definitely Recommended I stayed Best Western Mostyn April 9-12 pleasantly surprised!! I booked room single thinking I would getting single bed (thats hotels London give you), however I ended King size bed bonus. The rooms large &amp; clean staff friendly helpful.I nervous booking London price range pretty much dives. I came across Best Western massive search hotels price reasonable. For 2 nights I paid $222 (pounds) excellent downtown London.The area perfect, right thick things (just Oxford Street) quiet time. Your main street hear lot traffic people. I would absolutely go back I ever London again!!!",0.2747779304029304,0.47267399267399274,Jul 12 2006
101,101,"Good Location Nice Hotel Had last minute overnight stay London think we'd get decent reasonable price. Luckily found good reviews BW Mostyn managed get room reasonable price London.Very central location good access tube, room slightly small side clean &amp; presentable. Nice bathroom too.Would definitely come back future.",0.2505882352941176,0.5246078431372548,Jul 2 2006
102,102,"Excellent Location I stayed one night Mostyn Hotel myself. The room, though large, well appointed number travel magazines bedside cabinet. The television flat screen bathroom clean comprehensively stocked.All staff responsive helpful exception concierge arrival watched struggle stairs luggage ,even though I walking stick! Full Continental Breakfast served pleasant basement well trained,efficient staff. The Hotel one minute Oxford St Marble Arch Tube Station ideal location sights shopping.",0.47278911564625853,0.6814625850340137,Jun 2 2006
103,103,"Not first choice Wanted treat girlfriend night city we'd previously stayed Thistle Marble Arch thought we'd try again, time quoted us rate double we'd paid last time. This Hotel opposite thought we'd give try.Got standard rate London (Â£99) excluding breakfast given complimentary upgrade syndicate room. The receptionist checked us curteous service little slow credit card declined machine I pay cash (Not fault I know, pdq machines tempramental)The room nice size King size bed. As I say syndicate (bed pulled wall) area behind bed look clean, though rest room fine. Our room lower ground floor faced street, I expected traffic noise none, caught sunrise really nice.My gripe however plug bath. I really wanted bath shower I asked Reception possible get one said would send night porter look (It 10pm). I appreciate 24 hour maintenence site I would appreciated curtesy call back, even say sorry spare. After hour nothing happened I complained night manager said late I going go bed. 5 minutes later porter turns spare plug, makes wonder anybody even sent look first place.As I say first choice Hotel, nice room, bed night really needed, incident plug spoiled somewhat.",0.058826164874551966,0.3974910394265233,May 27 2006
104,104,"excellent!! We (myself 3 others, 16/17yrs old) stopped Mostyn 3 easter hols. It prime location, 15 min walk Madame Tussauds, 5/10 min walk tube station - absolutly brilliant! 2 twin rooms us, fabulous! TV sky channels (not ever time watch it!) staff friendly helpful! weve never stopped without parents before, found staff helpul, patient dint clue doing! I would throughly recommend Mostyn - deffo gonna go again!!",0.44375000000000003,0.56875,May 5 2006
105,105,"What could possibly want??????? Well I spent absolutely ages trying find perfect base London night wife celebrate birthday. I trying balance location Vs cost Vs tripadvisor review bit missionBUTI opted Best Western Mostyn I absolutely moon choice. The location good Sainsburys express thing road cheap pastries, water, juice ect ect cheap rate got include breakfast. You Hyde Park stones throw away also real close Marble Arch tube. We walked Leicester Square Covent Garden area nice stroll. If pulling many bags walk Paddington also okay arrived.The room small nice bed, TV, tea coffee, real nice hot powerful shower made stay perfect. We top floor nice quiet! Check photos.Lastly staff also really pleasant. The conciege whose name escapes bubbly funny guy.So stay hotel. We got Â£50 night via BW website. I would happy I paid Â£60-Â£70 Â£50 steal.",0.39226190476190465,0.7160714285714285,May 2 2006
106,106,"I can't say enough positive things Hotel If looking great hotel, one it! The service fantastic staff friendliest England. Vivian signed us everyone professional pleasant. I called desk couple times I needed information tours, calls, pillows, heat time answered us immediately pleasant way. Our room 320 main street, sounds keep us awake, slept great! The room clean, well stocked coffee, tea cookies, plenty towels comfortable clean beds. Continental breakfast great. In America lucky stale donut old coffee.. At Mostyn get coffee, tea, juice, cereal, yogurt, rolls, eggs, ham, tomatoes, bagels, etc. included. We needed lock bags travel tour bus check out.. problem.. kept bags safe picked 7 hours sign out. We needed cab service Ray called made arrangements, put bags cab treated us loving guests. Hotel cost reasonable $180.00 per night. I can't say enough marvelous little Marbel Arch. There great little pub across street Fish Chips named Three Tuns.. well worth visit. Stay Mostyn Hotel Marble Arch sorry. The McIlvaine's Florida,USA.",0.34601010101010105,0.6446464646464647,Apr 4 2006
107,107,"Excellant HotelVery helpful happy staff Very clean Great Hotel, Super friendly happy staff.Very clean Hotel nice atmosphere. Rooms good size clean. We stay good location well.Wonderful Steak restaurant minutes walk away called 'Black Blue' mm mmBar prices London good services excellant.The side Continental Breakfast, The crosiants rolls dry appeared stale,but maybe stored properly etcThat said wouls still stay again, skip breakfast.A+++++++++",0.3541812865497076,0.6430994152046783,Mar 24 2006
108,108,"Great London Hotel This amazingly convenient place retail therapy (2 minutes Oxford Street, 2 minutes Marble Arch tube, taxi rank right outside) v. friendly, helpful staff. We arrived 11am expecting leave bags, room ready. Unlike others posted, room (twin room no. 206) reasonable size London, pretty quiet (overlooks Seymour St, busy Bryanston St). Heard one siren night. Breakfast pretty good, although expensive 11GBP full English included package. Plethora local eating places much cheaper.Our thanks poster mentioned putting room card slot activate lights; without you, we'd never worked out.Great place.",0.16898496240601504,0.5062656641604009,Mar 18 2006
109,109,"I'd never come back !! Well visit UK really unpleasant Mostyn hotel. Here experience hotel:I arrived Sunday, room 320. The first night I put money room safe. Monday morning I left sign &quot;DO NOT DISTURB&quot; leaving. When I came back I found room cleaned ... What surprise - I open safe!! Later appeared opened someone else money gone. When I asked administration use special equipment see entering door, appeared lock broken. The one entered room really prepared - fingerprints cleaned away. I received understanding apology hotel.",0.08653273809523811,0.32956349206349206,Mar 17 2006
110,110,"A pleasant surprise paid 120 US dollars day two people buffet breakfast alpharooms mid-february 2006. rooms big enough two people, big london standards. everything clean. nice get tea coffee hot chocolate biscuits room everyday. staff always nice too! cleaning ladies porter, front desk staff teh breakfast staff. really pleasant courteous.in middle night however, hear police cars sirens, pay middle london - cannot beat location. one minute walk oxford street. would definitely stay would recommend EVERYONE.",0.2744871794871795,0.5764102564102564,Feb 25 2006
111,111,"Great overnight stay Mostyn I stayed Mostyn February 21, 2006 overnight flight Washington DC London promotion British Airways offering free night's stay. I arrived around 9am I luck room ready me, everything prepaid arranged. The reception staff pleasant answered questions, concierge gentleman helped heavy bags (I believe name Ray) nice well. One thing note order operate lights room insert room key slot light switch. The bed comfortable, room clean, shower worked nicely overall I complaints. The elevator quite small though. The reason I give rating 'excellent' one main reasons I chose in-room internet access available room (single, 201) still upgrading system. However, wifi available lounge someone reception print connection information need. The location great well, close Oxford Street. I recommending family friends come visit me.",0.29066252587991726,0.599896480331263,Feb 23 2006
112,112,"Superb Location - Suprisingly good Mostyn Hotel indeed value money price 68GBP per room per night. The location absolutely fantastic convenient retail therapy cultural excursions! The rooms compact yet comfortable clean staff helpful. Due strange time schedule grace breakfast offered last day. Although reservation included breaksfast, informed not. Due time constraints,we clarify matter left hotel. Beware hidden charges! The latter set aside, Mostyn exceeded expectations 3* particular area. I would strongly recommend looking frills yet clean conveniently located accommodation.",0.23041666666666666,0.4442592592592593,Feb 9 2006
113,113,"Best value My friend I stayed Mostyn 6 nights absolutely loved it. The Mostyn standard one nicer Best Westerns Days Inns States. The price right location perfect -- right Oxford St., tube station several bus stops right nearby.The rooms small typical London -- travelling U.S., standard rooms like there. The decor old-fashioned gaudy (pinks reds golds), again, typical British hotels. The bathroom lovely bathtub. Everything clean fresh towels, bottles coffee-making supplies well-stocked. The television picks bare essentials British programming, cable satellite here.The noise street bit annoying early morning, middle city, do. The consciences outstanding friendliest we've encountered London yet. I stayed many different hotels London one pleasant many 4-4 1/2 star hotels. For price, definitely return soon.",0.24651067323481116,0.4558210180623974,Feb 8 2006
114,114,"A Lovely Stay Best Western Mostyn I would highly recommend hotel, staff friendly extremely helpful - made new friend Ray concierge desk. A large buffet breakfast choice continental English. The within minutes walk Marble Arch &amp; Hyde Park.I would definitely stay again.",0.18733175914994096,0.4157378984651711,Jan 28 2006
115,115,"Not Bad My wife &amp; stayed 2 nights. Although nothing flash serves purpose. The original room told go cleaned yet, staff quickly found us another room cleaned. The rooms small looking stay night two room size issue. Can't beat location either!",0.16302083333333328,0.6091666666666666,Dec 5 2005
116,116,"Can't beat it! I stayed 19th November honestly say first rate. The staff, appearance look brillant. The room excellent bed comfortable bath great. I would recommend anyone without doubt.",0.61,0.7566666666666666,Nov 24 2005
117,117,"Good value Good location This Hotel nothing write home hotels go - room small cramped, service OK nothing special.The location value make good option require luxury accomodation.A minutes walk marble arch Oxford street little hyde park.For price (especially book online) good value central London.",0.28625,0.555,Nov 14 2005
118,118,"Clean My husband I stayed Best Western Marble Arch, London beginning October 2005. We chose Best Western price reasonable hotels (although still expensive American standards). I germaphobe I pleasantly surprised room. Our bathroom cleaner stay many top notch hotels states. The carpet stained many places really bother since I planning laying it. One night arrived back I noticed blood sheets changed. We asked new sheets sent 2 blood (someone bad day, I guess). The staff appologized made sure received clean sheets. I would still recommend though. The location excellent (right Oxford street high fashion shopping area) walking distance many places like Camden Market, Picadilly Circus, etc.) It also right next central line tube stop. Be sure bring earplugs, however. Otherwise might woken traffic deliveries around 4AM Bryanston St. I came prepared fine. I would stay again. Also, Cafe Uno (go Seymore ways see it) near good/reasonable Italian food. There's also Starbucks area.",0.2540363721246074,0.4477737458619812,Oct 18 2005
119,119,"Okay nothing great! This VERY basic. It decent price good area, Oxford Street. We stayed August 2-5th returned August 24-27th. I dont think I would stay bad hotel. There much see London really doesnt matter hotels like b/c never it.The Good,The location great tour bus stop block away lets onto A/B/C lines. The tours get anywhere London. The price good. The shopping Oxford great lots little shops things easy get to. The clean offered breakfast.The Bad,The staff friendly. We asked ice go stairs given two small glasses ice. wierd! The rooms small bathrooms okay. It pretty outdated style.",0.2627085877085877,0.5469525844525845,Sep 4 2005
120,120,"Great Hotel Had wonderful stay hotel, central, could enjoy London's main attractions. Hotel clean, breakfast good. Very recommendable.",0.49416666666666664,0.6122916666666667,Aug 1 2005
121,121,"A so-so experience If used cheap tourist-hotels, I expect would find Mostyn nice hotel. But point view itÂ´s best so-so hotel. I stayed 4 nights 2 children. And thing thatÂ´s REALLY good hotel, itÂ´s location - close Oxford Street Marble Arch tube station. The staff generally friendly - porter (a rather big man looked like big beer-belly) arrogant type - acting like owned place. Our room OK - OK. They wait long give rooms major overhaul. The bathroom pleasant though. Aircondition noisy could adjusted - turned off. Elevator capacity much small (only one guest elevator). Breakfast buffet quality average. All I would return to. There plenty better choices London.",0.24586805555555558,0.5277777777777778,Jun 29 2005
122,122,"disappointing My husband two kids (18 24) stayed one night silver wedding anniversary celebration. Location good staff pleasant. Rooms bit shoddy. Dirty curtains broken tracks. Kids room 115 smoking room balcony bucket bricks? loads old fag ends. We room 130. It bad position, first thought great end corridor passing people could open windows huge air vents machinery needed right outside room. Good job air conditioning night would kept awake noise. If offered room ask given another. VERY DISAPPOINTING.",0.0505654761904762,0.614107142857143,Jun 23 2005
123,123,"A Pleasant Surprise - A Great Value With dollar value almost half British pound, somewhat difficult find affordable London would meet high standards. Since I traveling son, needed room two beds since would traveling June, I wanted sure room air conditioning. Being budget minded, I read previous reviews TripAdvisor Best Western Mostyn Hotel. All positive comments written true.The location (right Marble Arch/Hyde Park) superb. Located right Oxford Street, midst lively London scene yet set back block offering quiet atmosphere. The staff friendly extremely helpful. The concierge staff probably unknowledgeable I've ever encountered. The rooms simple clean comfortable. The bath facilties, however nice. The shower heavenly bath towels large comfy. The air conditioning worked well much needed appreciated. The best part however price! I booked Best Western website received almost half price rate prepaid WEB special. Quite bargain, London standards.I must warn Americans however. If dollar remains weak England - Beware spending DOUBLE absolutely everything. A Starbucks coffee costs $5 U.S.! Three days London ws enough us - wallet happy move on......",0.2788917163917164,0.4929166179166179,Jun 17 2005
124,124,"Great position We stayed London Mostyn Hotel several years love going there. Its handy, comfortable clean. Good breakfasts afterwards close Marble Arch end Oxford Street. Great place see London return.",0.5208333333333333,0.6375,Jun 16 2005
125,125,"Great Hotel Great Location It thanks Trip Advisor Reviews booked 'girls' weekend away London 22nd April certainly NOT disappointed. The reception staff, breakfast staff porters friendly helpful. The rooms clean towels changed daily basis. There bath hot powerful invigorating shower. The room tea coffee making facilities adequate supply 'Nescafe' sachets, tea bags packets biscuits welcome busy day's shopping.Breakfast fine hot cold buffet although dining room huge, trouble finding table. This probably due quite early 8.30 9.00 a.m.The location fantastic, two blocks away Marble Arch Tube Station minutes walk Oxford Street. Please make mistake us get tubes Kings Cross station hotel. Dragging suitcases tubes stairs fun especially paid total Â£8.00 tickets taxi would price. We learned mistake though departure porter hailed taxi carried cases put in! This far best stayed visiting London. Yes, sirens heard night expect staying heart Capital City.Yes stay without doubt recommend friends.",0.2327107279693486,0.5550766283524904,Apr 29 2005
126,126,"Disappointed Good location disappointed hotel. Would stay again. The air conditioner working although asked repeatedly looked at, nothing done. The receptionist confirmed would looked would call us - nothing heard them. The room faced busy street - try get room facing street side many police ambulances pass middle night.",0.028571428571428564,0.5571428571428572,Feb 6 2005
127,127,"Great Location Great Hotel We stayed Mostyn 5 nights December 2004. It thoroughly lived expectations pretty much exactly reviewers said.We room back (overlooking police station, previously mentioned) quiet relaxing. The staff always polite. We would stay Mostyn highly recommend anyone. As said many times here, location exceptional!",0.2918055555555556,0.5054166666666666,Jan 13 2005
128,128,"Great great area town This convenient location (close Marble Arch tube, lots bus stops take attractions around town, great shopping, great restaurants, etc.)I would agree reviewer mentioning breakfast room small crowded. However, pricing right, location great, service good (rooms clean well kept, staff friendly, heating works great...). Overall excellent. I stay I go back London.",0.47264880952380955,0.5681696428571429,Jan 5 2005
129,129,Fantastic Value Discovered Mostyn internet usual fully booked. Wish I found years ago ! In opinion best value facilities area. The Mostyn puts celebrated (and expensive) neighbours shame,0.23958333333333334,0.5666666666666668,Nov 25 2004
130,130,Feel home,0.0,0.0,Nov 3 2004
131,131,Great I come back sure!!!,0.5921875,0.5462962962962963,Oct 16 2004
132,132,Small rooms great location - forget Deya!,0.375,0.575,Oct 12 2004
133,133,Book carefully Mostyn,-0.1,1.0,Jul 20 2004
134,134,best price,1.0,0.3,May 29 2004
135,135,Brilliant Hotel,0.9,1.0,Apr 23 2004
136,136,GREAT HOTEL!!,1.0,0.75,Apr 6 2004
137,137,Dissapointment,0.0,0.0,Aug 23 2003
138,138,Excelent Room Rate Heart Oxford Street,0.0,0.0,Jun 5 2003
139,139,Hate place,-0.8,0.9,May 12 2003
140,140,Tranquille et bien situÃ©,0.0,0.0,Apr 26 2009
141,141,aceptable,0.0,0.0,Apr 22 2009
142,142,perfetto mostyn,0.0,0.0,Jan 5 2009
143,143,Bon hÃ´tel,0.0,0.0,Oct 27 2008
144,144,TRES BIEN SITUE ET TRES AGREABLE,0.0,0.0,Jul 1 2008
145,145,tres bon pour le centre de londres,0.0,0.0,Apr 19 2008
146,146,laut,0.0,0.0,May 29 2007
147,147,Problemas problemas: No dormimos nos han cobrado de mÃ¡s.,0.0,0.0,Mar 13 2007
