,Unnamed: 0,Reviews,polarity,subject,Dates_extracted
0,0,"Nice friendly staff We stayed weekend one night Docklands like ghost town weekend, unless event going excel. We used going see Disney Ice O2. Be careful check tubes DLR weekend though, bit way. We got DLR Tower Hill, straight Royal Victoria. Nice hotel, modern new feeling. Swimming pool nice relaxing feeling. We eat hotel, went Italian restaurant near excel, five minutes around corner. There also shop along road sells water, drinks snacks etc. The staff seemed nice friendly reception. Our room large one large king size bed large sofa bed 3 year old. It looks like rooms refurbished recently. All nice stay, I must admit pay much room, really complain, Â£60 night!",0.29817532467532465,0.5454415584415584,0.5454415584415584
1,1,"**** Star Hotel ****prices * service. Stayed Crowne Plaza Xmas party. Parking nightmare. Pointed direction car park 40 parking spaces residents far bigger. Had run reception get code order get barriers lift cars parked behind us. Not great start night. Ended going EXCEL car park billed Â£18 night. Food Service party excellent. However want rest get here. We room overlooking car park door leading next room could hear everything. The couple next door kept us awake two hours, end resort phoning front desk. Something I've never do.To credit management, matter dealt immediately.Breakfast rushed. We got plenty time going close, cereal gone replenished. We shown table, it. I ask waitress tea, I find toaster, toast. This standard request every I've ever to. Everyone hunting around milk, sugar, butter. It totally disorganised. One guest boiling tea knocked clashed rather rushed waiter.Returned breakfast see checking queue stretching lifts. Resorted organising check 1pm miss rush. If Xmas held next year, we'll take taxi home. Really worth aggro. Could much better staff key places reception restaurant.",0.06029411764705882,0.5102941176470589,0.5102941176470589
2,2,"Could take classes service Stayed 3 nights conference Excel Center. Easy three minute walk venue nice men golf carts awaiting need quickly make way street. Hotel extra clean, modern comfortable. Large room stocked mini bar convenience store next door case want spend extra money. Almost good things say except one important necessities - SERVICE....they bar restaurant served good food drink could get it. The staff clearly overwhelmed despite fact convention business knew huge event going on. Ordered room service get called back three times tell I ordered available. Gym well equipped crowded mornings shared apartment tower close by. Only two elevators serving least 6 floors clearly enough. Lower rating I think size, brand location could better. There nothing Docklands night time entertainment I could see. Try going Greenwich little culture. Caribbean Scene restaurant across street nice suprise well needed change scenary. There private car service stairwell property great job allow use credit card payment - lifesaver I travelling little cash learned many London taxi's take American Express. Not bad I consider staying event next year. I'll know expect much slow, uncaring, unfriendly food beverage staff.",0.2273991402116402,0.48644179894179884,Nov 19 2009
3,3,"excellent birthday gift I went crowne plaza celebrate boyfriends 25th birthday. The room clean service excellent. room service brought wine cooler could put champagne bought in. I'd say care park expensive considering already pay fair amount room. But complaints!! Very nice hotel, situated close Royal Victoria station easy get o2. room beautiful view docks o2. Very romantic!",0.43133522727272733,0.7880303030303032,Nov 14 2009
4,4,"Excellent service room overlooking 02 Arena... Magic! Booked 8pm night got good deal.Check effortless staff polite.Room service efficient comfortable bed.Our room looked towards O2 Arena minutes walk Excel centre.Bathroom little small, excellent power shower....Would definately come back!",0.35638888888888887,0.6222222222222222,Nov 7 2009
5,5,"Good value price I stayed 2 nights Crowne Plaza, perfectly fine business trip. The DLR station 3-5 minutes walk away. It's quiet neighbourhood I would say, eventhough quite busy due gymnastic championship took place O2 Arena. The staff helpful friendly. Check-in procudures take longer though hotels I would say. Breakfast buffet excellent. The Spa area alright well. Overall, I would definately stay again, especially rates quite reasonable kind hotel.",0.2570512820512821,0.5217948717948718,Oct 29 2009
6,6,"Generally Good The location near Excel centre good. Unfortunately, I attend meetings central London, poorly sited. The nearest station Royal Victoria, one stop inside zone 3, unfortunate location need travel London.The room I given good; bed certainly comfortable bathroom good. There was, however, wifi access room. One slight niggle remote TV missing battery - thought room service could checked this!Food good, basically carvery grill offering limited choice usual high prices. Being carvery grill little suit vegetarians. To make matters worse area exactly well endowed restuarants locally, though Caribbean restaurant nearby.I get chance sample gym, pool spa hotel, looked good free charge guests.I obtain good deal price stay go way setting cost travel London. The seems good Excel Centre London City airport much else.",0.10567239858906524,0.507389770723104,Oct 16 2009
7,7,"Very pleasant stay - great rooms friendly efficient staff. Excellent room comfiest bed i've slept long time. Also, room service cooked breakfast tastiest i've ever ! The room peaceful, apart fom occasional slight aircraft noise, effective blackout curtains. Wide range tv channels internet access. Staff friendly efficient - particularly polite efficient reception, particularly friendly bar/restaurant.",0.3656410256410257,0.5596153846153846,Oct 8 2009
8,8,"Excellent Experience Not sure moaners about! We arrived early afternoon stay, prior concert O2, realising stayed previously owned Holiday Inn. The decor seemed little changed, good condition. Check-in doddle well handled friendly staff, (by way, recommendation house burger accurate!). Room spotlessly clean well prepared, elements working perfectly - irritating need calls reception broken missing items! Breakfast among best presented (and perfectly cooked) encountered ANY world, including top end cruises hotels. The one weakness coffee/tea/toast service par - meal almost completed got any, ask it.All all, really good choice mid-range visiting O2. ( Connection O2 simple - 2 stops one change, takes around 20/25 minutes way)",0.28078947368421053,0.5513700918964076,Oct 2 2009
9,9,"Lovely lovely location ideal O2 arena. We stayed Crowne Plaza supporting runner participating London half marathon O2 arena. In terms needing near O2 great location, terms central London quite way took 20 mins get there. Not helped engineering works DLR although within walking distance station. The room spacious clean amazing view Canary Wharf. We ate restaurant disappointing, however giving staff benefit doubt catered wedding day. The staff unorganised meant happy paying 12.5% service charge added bill. Food average given prices. However overall enjoyed stay would stay again. In terms value absolute bargain lastminute.com. Keep eye out!",0.2852941176470588,0.5833333333333333,Sep 27 2009
10,10,"Not great! Arrived mid afternoon queue 20 minutes check in. Eventually got room discover key work. I returned reception I got impression thought I know key card worked. So, I returned room member staff discover key work! Rather using master key (there member cleaning staff there) left standing door went get key sorted. I stand another 10 minutes return. Therefore I reckon 40 minutes walking getting room! Breakfast following morning ok. Coffee bit scarce finding clean bowl bit difficult also. Otherwise standard business hotel.",-0.010256410256410255,0.6192307692307693,Sep 26 2009
11,11,"Not going back!!! Although location id brill, 2min walk DLR overall good sized rooms, badly managed. We sent one member staff another 40 mins get extra sachets sugar milk still ended going shop nearby buying some!!!! Staff horrible attitude, especially pool girl, night staff didnt even speak english. Better value Express Holiday Inn (honest).",-0.011,0.4966666666666667,Sep 16 2009
12,12,"Dissapointed! The room ready 2pm check in, probably nearer 2:30 managed get room.The rooms clean, modern comfortable otherwise.The mini bar inventory short refilled correctly I felt necessary mention front desk (would incurred additional Â£7.00 room charge otherwise).The Food Beverage service seriously lacked I'm afraid.We waited hour bar &amp; grill seated menus, It felt like invisible end ended leaving tasting food.",0.09333333333333337,0.6380952380952382,Aug 24 2009
13,13,"Excellent Myself husband grand-daughter returned 2 night stay I must say lovely time beginning, greeted polite manner departure. The room spotless beds comfortable. We hours journey city, time went quickly DLR railway onto tube etc. The situated righ docks overlooking o2 arena. After returning evening (both nights) able sit drink unwind. My grand-daughter loved swimming pool sauna steam room spotless staff friendly.",0.591547619047619,0.7821428571428573,Aug 22 2009
14,14,Great family break Stayed 4 nights thoroughly enjoyed stay. Bedrooms clean. Flat screen TV room good selection channels. The whole family enjoyed pool. Children allowed pool 8am problem. (Make sure take towels bedroom give one! Breakfasts fantastic - loads choice. Staff whole friendly. Docklands Light Rail 2 minutes walk away journey Central London takes approx. 10-15 mins. Would recommend anyone.,0.36797619047619057,0.6302777777777779,Aug 18 2009
15,15,"lovely would stay again. booked unsure situated, pleased easy get underground light railway, would stay travel back city, nice meal bar reasonably priced although didnt stay breakfast. The room comfortable queen sized bed, best ive slept whilst away, would recommend anyone wanting quiet area mind using undergrounds etc.",0.43033333333333335,0.6516666666666666,Aug 16 2009
16,16,"Very relaxing stay away hustle bustle My family stayed July couple days visit London see sights take show. It first time staying London, idea far London would be. This problem. The Docklands Light Railway took straight back hotel. The area really quiet (I imagine would different event Excel). Lovely view Docklands Canary Wharf. We 3 children book 2 rooms, adjoining. The rooms exactly website. Kids go pool certain hours good taking children. Our stay include breakfast Spar Nisa 2 minutes walk get yoghurts, juice, fresh bakes etc. There excellent restaurants within walking distance. Oyster cards must, found easy going back forth centre London. Would highly recommend hotel.",0.24408521303258143,0.5251629072681703,Aug 10 2009
17,17,"Superseeded Expectations! We stayed Crowne Plaza London Docklands 2 nights Family Room (1x Queen Bed, 1x Queen Sofa) superseeded expectations. The modern, rooms clean, excellent facilities, location perfect. The DLR station 3 minute walk away took 10-15 minutes get Central London (Tower Gatway Bank Stations). Woke every morning beautiful buffet breakfast included. And 109 pounds 2 nights!",0.5338095238095238,0.7928571428571429,Jul 24 2009
18,18,"A good nice location spoilt small silly things"" I booked well known late booking site price competitive. The front desk staff attentive efficient. I offered upgrade suite extra Â£70 I told would view dock etc, I declined it. I however still given nice queen room view extra cost. We enquired robes booked told room call would brought up. This delivered promptly.The room clean almost everything expect standard. However bathroom towels small two small pegs wall hang wet hang robes. The thing found disappointing Dove cream wash dispenser shower sink. I understand hotels trying cut waste help environment, however use suited budget travel four star one.I would recommend restaurant dinner breakfast excellent. The dinner disappointment partly waitress managed get two things small order wrong partly pretentious way food served (Grilled salmon served wooden board new potatoes dish side! Too &quot;cheffy&quot; unnecessary.A walk along dock afterwards revealed great looking Thai restaurant looked like would much better proposition.However aside, good value price I paid, I might happy I paid full price. I would return I got similar deal.",0.10528973950026578,0.5457190324295587,Jul 19 2009
19,19,"Very nice On arrival mini suite extra Â£25 pn accepted.the room spacious comfortable good views dock 02 arena.Breakfast good plenty choice.Pool gym nice also.Taxi Euston station cost Â£23Only one problem reception cleaner took Our Towels mistake room, spoke supervisor said knew would bring us straight away.1hr later towels. We went receptioin check asked towels asked could find send us.Only paid told. We rufused cleaner took room left folded chair get mixed bath room towels.We waited another hr end left leaving never send us.Ok 2 towels 2 expensive extra large bathsheets taken use pool.Apart nice enjoyed weeks stay there.",0.2249039264828739,0.49664995822890556,Jul 16 2009
20,20,"First rate well worth ride City Stayed 2 nights wife. Hotel exceeded expectations. Fantastic location Victoria Dock, sat sun could anywhere world.",0.3166666666666667,0.4444444444444445,Jul 4 2009
21,21,"Clean comfortable - good nights sleep We booked Top Secret Hotel lastminute.com pleased. The pool ok size, breakfast lovely room clean.The around 2 minute walk Royal Victoria DLR station around 20 minutes central London. We given room overlooking dock nice view although bathroom quite small thought good value money â especially breakfast buffet style lots choice. We ate attached restaurant food good standard although service little slow.The lobby impressive offered upgrade room check-in extra Â£30 night declined people may think worth money. There Spar shop next door avoid parting lot money mini-bar!!",0.28928030303030305,0.5434090909090908,Jul 1 2009
22,22,"What expect - expensive due location. To sum expensive comment - expect really. It's slap bang next door excel centre Royal Victoria Dock, far o2 (albeit side river) easily reachable distance Canary Wharf - yes, expensive side London.Having said that, reasonable hotel. Clean, well appointed expect Crowne Plaza. Check reasonably smooth, although expect cheeky get early check-in. I slightly concerned swiping credit card &quot;provisional&quot; check-in (ie, sort details give room key) - turned ok key waiting envelope I returned show excel. However, colleague mine told (late night) error systems room available - offered re-locate nearby Marriot canary Wharf - least sorted problem (including providing transport alternative him).The seems pride &quot;Docklands Bar Grill&quot; restaurant - felt pretty much standard fare me. I ordered steak side order chunky chips paid around Â£25.00 it, ended run mill steak, served run mill way. This leads costs &quot;extra's&quot; hotel. The bar expensive, avery little choice around excel centre (there several hotels bars area), bit fish tank area local wise. Having said that, couple good restaurants local vicinity - options eat.There small car park attached back hotel, large multi-story back too. This excel centre run car-park charges expensive (around Â£20.00 per 24 hours) again, context area - hotel.The rooms well appointment general decor good standard. One slight niggle I returned room breakfast one morning find service personnel room cleaning. I rush, apology offer come back I got ready. I walked room started get ready. I ask leave faced grumpy reaction! When I returned evening, I found returned finish job I ring reception ask fresh towels delivered room. This I would expect 4 star hotel.In general, front house staff quite pleasant. They poor breakfast, especially busy. You asked room number arrive breakfast, that, free all. I chase service staff around ask tea / coffee toast! However, arrived nice.The service staff rooms sub standard opinion. They least courteous enough know whether leave room - especially used people preparing conference event excel (surely gains trade from).In general - ok. If I picking tab first choice service level meet price tag - however, corporate guest ok bar good area socialising colleagues friends evening. The total cost worth result gain staying opinion - hence overall rating.",0.08589544513457556,0.469117782378652,Jun 16 2009
23,23,".............Okay! Stayed one night. Arriving hotel, first impressions like good. Reception staff okay. Check bit werid. Ask something room like asking lotto numbers. Drama! Sort set mood whole stay. Restaurant okay too. We decided head dropped bags room. No one said hi us restaurant. It busy seemed like staff stressed place. A girl behind bar asked senior memeber staff something walked away, rolled eyes made face! Not professional! After waiting 15mins even get menu! I believe GM took order! He lovely! Nice guy! Even though restaurant staff I cant understand GM took order? At least said hi! Makes big difference! I could go Breakfast pretty much above! It nice though. Trying get cup coffee server like check in! I would probably stay again! Check ten times better check in. A young man girl duty morning. Chatty Friendly! Just want!I normally dont make point things like obvious things need looked at!",0.2178349247685185,0.45613425925925927,Jun 15 2009
24,24,"Zero - Problems is! Booked online Crowne Plaza got excellent rate Â£74/night B&amp;B family 4 advance payment. This gave us negative, travel back London. DLR station closed bus Canary Wharfe/Canning Town, little stresful times can't hold responsible poor staff London Transport.On entry bright, modern spotless. Check-in effortless, professional human.Room functional, comfortable clean.Ate restaurant cut restaurant offers. Simple menu well cooked presented. Once staff professional human.Hotel quite every night despite used local airport.Breakfast excellent. No waiting tables, plenty space. Buffet service lots choice always well cooked, fresh used good product. Service drinks/toast excellent.Also ate bar small problem one meal, sorted immediately spoil experience.Not much round hotel, couple restaurants bars, 2 shops Excel short walk. DLR station Royal Victoria 200 mts, open!Pool gym usual offer welcome after/before full day London.Once issues check-out.All excellent good staff, would return without hesitation recomend anyone. It somewhat unusual get city/chain manages give feel small family run hotel, but, expierenced here. A good facility good staff credit industry.Well done everyone Crowne Plaza Docklands.",0.2331060606060606,0.4996103896103896,Jun 7 2009
25,25,"A Very good Hotel This exactly business be. Smart, clean efficient. The reception bar staff professional polite. The bar goos breakfast. All all, I would thoroughly recommend it!",0.34849206349206346,0.4621428571428572,Jun 5 2009
26,26,"Fine Stay Darklands If Docklands Crowne Plaza major downside, would isolated location. On hand, need close Excel Centre, location could hardly better.The Crowne Plaza good great. Starting basics: The room rate 180 GBP, 270 USD 206 Euro â little pricey offerings probably good London standards. Front desk service prompt friendly memorable. My room clean odor-free, bathroom adequately appointed, climate-control system worked well. The room bit narrow adequate one person. The carpet little worn. The two single beds soft (i.e. firm) mattresses I loved might find intolerable even painful. Maid service adequate; I leave tip first day since I yet local currency noted transgression replacing towels shower floormat. The rooms soundproof I experienced hallway noise night. The view room dull. Interestingly, door handles key slots guest rooms wheelchair level. Room photos little misleading furniture appears made cheap particle board, case. The dÃ©cor probably best judgment call whomever designed â orange, red, maroon color combination minimalist furniture design. While clearly intended retro Mod motif, simply impact looking cheap like last decorated 1974. Be assured neither true.Oddities: I see bellman four days hotel. A hair dryer provided tethered inside closet. There low-voltage, two-prong outlet bathroom. There safe rooms. Closet drawer space minimal. Internet access ridiculous 15 GBP per day.A breakfast buffet hotelâs restaurant, Docklands Grill, included room price adequate remarkable (except offering baked beans). Dinner Docklands Grill really quite good reasonably priced. A good-sized swimming pool, jacuzzi, well equipped exercise facility available.The surrounding area â called Docklands â beaten path. The locals disparaged area action. While true, clean, quiet, safe. It clearly old working-class area process revitalized modern style contrasted existing architecture days-gone-by. There number small shops little grocery stores within block two Crowne Plaza, I look far re-supply myself. Happily, quite easy inexpensive (roundtrip 3,20 GBP) ride central London âDLR,â above-ground train station directly behind Crowne Plaza. Itâs 15-minute ride Tower London. The Crowne Plaza probably knock socks off, suitable stay near Excel Centre. If intent explore London, probably want stay somewhere closer action. Hope helps.",0.1420164835164835,0.5260219780219781,May 28 2009
27,27,"Wonderful Service The beautiful, staff took care traveling issues I vacation would ruined. The restaurant nice private bar several sports events going on. They happy get would like go. The best experience I ever had!",0.59375,0.646875,May 20 2009
28,28,"Same staff! The lovely quiet area river, seemed peaceful felt safe. The couple minutes walk station easy find. Very close 02 want wanted.The fantastic, modern, clean, pretty large rooms London comfy beds. The swimming pool etc also brilliant, clean plenty big enough need. Breakfast also great, plenty food, catered everyone.However side staff let badly. I stayed many hotels (from 1 star 5) never come across staff unhelpful rude. I donât ever complain unfortunately felt really needed hotel. A examples - member staff swimming pool would give towel, told use one room, I explained (very kindly) I wanted use shower would budge, I never come across 4star wouldnât give towel! So I requested clean towel sent room, never showed up! The breakfast advertised 2 people Â£18, checking got charged Â£18 told showed voucher â one told us point within stay lady rude pretty much said wasnât problem. I pay checked went double check sign â mention vouchers went back speak manager â refunded breakfasts. Even little things like asking spoon eat cereals never showed up. Overall wonderful staff let place shame great place there!",0.19602869352869354,0.549065934065934,May 20 2009
29,29,"excellent round! be! stayed easter weekend, little wary rotton exerience id birmingham last month. however, need worried.from moment westepped made feel welcome genuine forced like many.we great suire smashing views albert dock.the rooms brilliant, staff credit industry food service second none.im quite picky, im well beaten one.book advance best deals wont go far wrong here.its 3 min walk DLR station 25 min run central london.brilliant pool beware &quot; brats&quot; school holidays.",0.22812500000000002,0.5916666666666667,Apr 29 2009
30,30,"TERRIBLE CUSTOMER SERVICES - WOULD NEVER GO THERE AGAIN!!!!! After member Quad Club number years, decided change terms aggreement without notifying me. My discount taken away without reason, even telling me. Absolutley appaled customer services. Was told manager would call discuss membership - day I still await phone call. DO NOT USE THIS HOTEL OR GYM!!!",-1.0,1.0,Apr 25 2009
31,31,Abysmal Service never bad service!!!! I joined called service called quad club I would get extra benefits I staying particular hotel. While staying IV bad service level communication abysmal. From them! The monthly subscription I pay worth nothing I get use gym cannot swing cat inn use swimming pool dirty wouldnât wash tramp it!! They also cheek withdraw discount benefit I complained bar manager disinterested could manage stump âsorry thatâs company policyâ again!! I absolutely appalled would never stay priced staffs useless!!!,-0.44294507575757575,0.5060606060606061,Apr 24 2009
32,32,"good place quite difficult get We booked stay lastminute.com. Â£60 night seemed good value also offers around price website, cost turn day appears four time this. The man initially gave us twin room two single beds wanted double. I read website twin rooms two double beds I think phone ahead state preference (I must read wrong section). The lad reception nice, said double rooms executive suite gave us instead extra cost. Needless say happy meant cost four hundred pounds. The problem construction work tube line easy could get hotel. We walked Canning town really dark bit scary.",0.07852130325814537,0.5604010025062657,Apr 23 2009
33,33,"Crowne Plaza Quad Club - complete joke. I member Quad Club two years Crowne Plaza decided change rules membership, without notice, without notification care customers say. I asked three times call manager - day I waiting.Some staff believe customers, heard rude comments female bar staff duty manager service skills whatsoever.I stayed Crowne Plaza least month I shall never staying again.",-0.1,0.33333333333333337,Apr 21 2009
34,34,"Lovely stay Crowne Plaza London Docklands My husband I stayed 1 night could visit exhibition Excel (just road).Our expectations great, since booked Lastminute, bargain price area. However, happy stay.Check - easy, despite arriving early, able move room 10.30AM, whilst waited room (30 minutes) given complimentary beverages bar.The room spacious clean lovely view Thames (we worried would get car park view, would awful, delighted got). The bed comfortable, little soft, managed get good nights sleep.The bathroom nice, full size bath good water pressure.We availed 19..99 unlimited room movies internet package (24 hours) good value.Parking easy inexpensive (4 pounds 24 hours).Breakfast plentiful good quality. Good cooked selection average continental options.If need area Crowne Plaza would first choice.",0.32681111111111105,0.6421555555555556,Mar 30 2009
35,35,"Lovely location shame twin beds! I booked via lastminute.com Top Secret cost Â£60 one night. The sign reception said room would normally Â£250!! I sure I would find value money price.We got checked ease. It busy Tina Turner o2, however opened extra check desks cope queue. Upon reaching room annoyed find twin room - I asked upon check boyfriend man flu sniffling rather lot decided keep twin beds.We going Greenwich Observatory evening, location pretty accessible that. Set Victoria Dock lovely outlook (although room looked car park, - Â£60!!), Sunday morning walked around Thames Barrier Park look Barrier.I pre booked us Docklands Bar &amp; Grill (attached hotel) dinner, advised I vegan. We got back Greenwich 9.30 meal clue vegan thing, although I asked managed whip pleasant roast veg salad, boyfriend chicken something enjoyed. It perfectly pleasant, unsure would Greenwich food wise, I would eaten somewhere else money cost us probably outstanding meal.Breakfast included meal, however decided take advantage two one offer Â£17. I would paid Â£17 each! Breakfast usual buffet, soya milk - day age soya milk pretty poor standing. So cereal me, hash browns beans - felt unwell that. For veggie meat eater though, great selection breakfast.I would recommend work paying - get cheap deal discount website. It clean, pleasant met needs.",0.24222470238095237,0.6612103174603172,Mar 17 2009
36,36,"Great location good pool poor food Stayed deluxe room, two nights. We choose proximity ExCel exhibition centre. The room quite small, London standards reasonable. The price (also London standards) also reasonable.The swimming pool quite large (about 20 I guess) quiet there. The Gym area I use looked OK. Overall, fitness facilities amongst best I come across London hotel. We dinner restaurant arrival. This pleasant, since dining room drab, food boring (bad) jazz band playing loudly. The next day dinner room, merely boring. There number restaurants area probably better option food. I recommend nearby China Palace dim sum example.",0.043630952380952395,0.5610119047619048,Mar 2 2009
37,37,"Unbelievably bad....Don't stay here. The first night stayed (6th Feb) experienced extremely loud dance music pulsing early hours morning. My partner rang front desk ask explanation 3.15am, night porter said would call us back. Not call back, apology disruption offered. The music finally stopped approx. 3.40am. The following day, partner spoke Guest Service Manager, Benjamin Langer. He apologise, offered us bottle wine room, accepted believing night one off. Unbelievably, thing happened Saturday night (7th Feb), even worse listen brawling fighting outside well. I rang front desk got response previous night - apology, explanation. I expect lot Crowne Plaza hotel. To put loud bar/club mind crazy - customers stay &quot;nice&quot; get good nights sleep. To say customer service occasion poor understatement.On checking even asked pleasant stay-probably good thing them. We got little sleep weekend, left thoroughly fed whole experience.",0.0720352564102564,0.5198717948717948,Feb 20 2009
38,38,"great facilities location Everything Crowne Plaza Docklands lovely, great decor, facilities, caters well leisure business.The one thing would complain weight machines gym rusty could staff leisure area's e.g. pool, gym, problems questions rarely someone help.Food lovely, thoroughly enjoyed restaurant bar, staff helpful. Parking pricey safe location... Â£29 2nights parking.I would stay again.",0.45454545454545453,0.5909090909090908,Feb 15 2009
39,39,"Another fine mess? We booked double including breakfast Â£57 Lastminute. Check fast friendly opted take offer Â£30 upgrade executive room larger bigger bed. This also included on-site parking Â£14.50 day would pay way. Our room 6th floor modern, spacious clean great view old dock across O2. We impressed.It took around 20 minutes, hour stated previously, get West End, checked location booking know heart things. No big deal us though, wanted bargain, little time spent tube problem us.After busy afternoon shopping, dinner West End, returned around 9.30pm. The nearby Spar still open enabling us pick couple things wanted, changing headed bar. This fun began! The bar area big large central rectangular bar, modern, cold. Double doors front building let huge blasts ice cold air whenever guests came out, also seemed draft adjacent reception area, possibly caused front doors building. We asked arrived table service, told was, found table nobody came serve us. So I went bar, although I person waiting still several minutes I served returned drinks. I bothered, later someone else happened him. There seemed locals evening one them, large surly guy opposite side bar us started loudly telling bar manager thought kept waiting buy drinks. He complaining another group local guys, 10 them, served ahead he'd waiting first. He went back table rejoin friends called manager carried complaining, reappeared bar still barracking manager also berating female bartender apparently served guys first. By time attention every guest bar. My girlfriend I commented manager long since lost control situation security called deal well now. We also agreed would soon trouble guys complaining served ahead him, sure enough, cue, began heckling him. Within minute groups feet, pushing shoving, saw least one guy pulled disagreeing parties made sit friends. We close seeing nasty bar fight two groups men clearly fair bit drink, security finally called first class job calming things down. All entertaining, free, possibly kind entertainment expected!Next morning ventured breakfast. The food good plentiful lots choices suit all, theory nobody go hungry, might needed spoon eat cereal yogurt. Or wanted ketchup HP Sauce couple bottles 30 tables share. In general service dreadful. I could say I've already told one long anecdote.Would stay again? Yes. For price great weekend break London patience eat restaurant service worthy Laurel Hardy.",0.06952604515984799,0.4892711826514643,Feb 8 2009
40,40,"Once You Get Past Ordeal Check-In Perfect I arrived London wet wild December Friday evening 2 weeks Christmas spend time Family. Due illness travelling companion unable accompany me. However accomodation booked Credit Card, going cause problems foreseen. However expect left waiting almost 40 minutes getting near reception desk. At stage getting frustrated. The person dealing reception happy letting stay person made original booking. And friday evening close Christmas party season getting",-0.03706293706293706,0.4585664335664335,Jan 20 2009
41,41,"Very good 4* relaxation staying near 02 Excel I booked lastminute.com 30th december top mystery hotel, described &quot;Fantastic amazing superb docklands luxury - 4* - London&quot;. I paid Â£60 double room thought amazing value.I wanted spend quality time girlfriend new year's day, somewhere quiet spa facilities, price ideal.I requested room view waterside 02 arena I previously read ugly carpark views. Fortunately, able comply request given really nice, spacious room second floor, facing river, set romantic tone.When checking in, given card fill options including delivery morning newspaper. Watch receptionist tell charge newspaper, led believe complimentary. It not.The room everything could ask except safe keep valuables in, bath gel bottle virtually empty went use it. Tea coffee facilities fine enough sugar milk us drink.Also, minibar well stocked expensive. A mini bottle wine cost approx Â£5.50! We therefore purchase anything instead bought snacks Spar supermarket nearby. In addition, Keep mind tvelevision extras films, internet use, chargeable services expensive too.The Quad Club offers guests purpose-built health fitness facility, indoor pool,jacuzzi, sauna, steamroom gym, really enjoyed these, although swimming pool gym little small side. Also, first entered, nobody reception, familiarise facilities. It girl appeared desk, although kept leaving again. I feel could improved upon. Beware since 1st January Â£2 charge using towels, however welcome bring room towel.As others mentioned, area quiet nothing vicinity, unless happen going Excel Centre 02 arena. As such, limited dining options. The Crowne Plaza bar restaurant called Docklands, expensive. Instead, opted dinner Ibis restaurant road came Â£20 2, without dessert, reasonable. The next morning planning breakfast Ibis well, Â£5.50 per person, saw basic cold buffet opted it.Luckily, Crowne Plaza offered us 2 price 1 breakfast, costs Â£16.95 normally. The breakfast impressive, variety hot english breakfast items, well many juices, yogurts, cereals fruit. At Â£16.95 far expensive, offered 2 1 basis worth it!So would I recommend hotel? Well, If want hussle bussle London, near attractions answer no. If however, relaxing getaway quiet surroundings right you.",0.13898321842766287,0.5587408476297364,Jan 4 2009
42,42,"great Having read comments hotel, I worried I made bad choice. I stayed 2 nights bed breakfast deal ?70 per night. Right minute I entered reception I knew I made right choice. The reception staff excellent, friendly curteous. My double room top floor (6th) view front O2 Arena. The room spacious clean. I lunch bar I must say staff attentive. There varied choice menu prices comparable London prices. Good quality food. Breakfast buffet style choices varied, food quality good hot. Yes Docklands I read travel time London. I found heartache since I knew I booked I would Central London. Its matter knowing want go take right tube first taking DLR 1 minutes walk hotel. I found I could Tottenham Court Road 20 minutes. I could find fault dont understand previous people found complain about. All good 4 star well worth trip.",0.306832298136646,0.5638612836438923,Jan 1 2009
43,43,"Next nothing About reviewer: 30 something traveled business brought wife (no kids). We're US first trip London.The docklands may great place live London (its cheaper centrally located places), horrible place average hotel.Price: Almost $300 USD per nightRooms: Nice, modern, clean, thin walls (we asked moved)Check in: Horrible. There hardly anyone hotel, took hours check in. Manager blamed new staff.Food: Restaurant serves good quality food, slightly priceyNightlife: The bar ok, need hop train see real nightlife.Business Center: Meeting rooms freezing. They single PC use surf web.Positive surprise: The train (DLR) 3 minutes awayNegative Surprise: There nothing immediate areaNet: stay elsewhere",0.05760152545866831,0.4981189445475159,Nov 9 2008
44,44,"Great stay Crowne Plaza The Crowne Plaza great occasion dock visiting Excel O2. Do stay spending entire trip sightseeing central London. As stated, hour's ride DLR Tube. Choose closer main attractions. Now, back Crowne Plaza, room 5th floor lovely - king size bed, desk, bathroom full tub offered plenty room move around. The room clean bathtub ,in particular, pristine. The Docklands restaurant lobby great dinner. I salmon salad tender, tasty salmon I ever had! The breakfast buffet also quite good, offering large variety foods, pricey (16.95 pounds). There also several restaurants left side street near Excel (about 5-minutes walk) warehouse building: Chinese, Japanese, Fox pub. The Fox pub good food reasonably priced. The Crowne Plaza less 5 minutes walk Royal Victoria DLR station. This important note aside restaurant others I reviewers mentioned (Carribean, Spar convenient store) nothing area!",0.27818204365079363,0.44049603174603175,Oct 13 2008
45,45,"Good business stay. Stayed corporate conferance. This nice clean rooms good food, although bit upset getting salmon starter lunch dinner night before.Staff fine.Bar expensive (Â£9.50 vodka redbull).Sorry cannot enthusiastic bland characterless business hotel. Stay someone else paying.",0.27999999999999997,0.5958333333333334,Oct 13 2008
46,46,"Corporately dull poor value I suppose I many problems - annoyances - Â£15 wireless that's free places, pn top stiff Â£129 single room (ok, London, what). This characterless box dreary redevelopment docks. Rooms fine, elsewhere grim al way. Reception slow, breakfast shockingly sparse price, I'm kind service, patchy. I'd recommend choose somewhere lot cheaper, quality much worse overall. That's unless someone else ios paying bill - I suspect stay actually foot bill themselves. That goes too.",-0.02559523809523808,0.5119047619047619,Sep 5 2008
47,47,"Great...but dinner menu terrible Six us stayed last week. We really enjoyed stay, check fast efficient, rooms lovely 5th floor beds soft comfy. We used pool twice clean staff werent great times went one desk find way aroud.We booked dinner hotel, menu terrible 3 options starter, main desert none good two started vegetarian portions tiny, definitely worth Â£21.99!! Breakfast lovely, booked B&amp;B! huge amount food cereals, fry best bit pancake machine, press button 2 pancakes freshly made pop out!Internet rooms terrible, use book attraction took ages even get site... cost Â£5.99 defo worth it!!",0.1260921717171717,0.6183585858585859,Aug 23 2008
48,48,"Hotel lovely location not... We stayed The Crowne Plaza two nights 6yr old son. The Hotel lovely well worthy four stars. We got amazing deal made location - hours worth train rides heart London! Although tube/DLR prices good two hour return journey really eats day - fault I booked it. Should visiting 02 excel location ideal.The rooms exceptionally clean tidy, spacious enough food delicious - childrens meals high standard too. Drinks prices ok.Staff friendly efficient.There great deal nearby Spar shop, newsagents lovely Carribean restaurant - albeit little pricey - watching pennies also food take much reduced price.I would stay going 02 Execel ....Or Olympics.",0.33121052631578946,0.5911578947368422,Aug 14 2008
49,49,"Don't bother! Great location Excel, however service terrible. We told arrived restaurant bar would closed refurbishment given reduction rate inconveniece. The bar restaurant need refurb. anything needs replaced, staff. The restaurant pasta buffet, however several tables left dirty pots taken away, buffet replenished. After trying get served bar 45 minutes, gave (not lack trying either). Would return hotel. I thought Crowne Plaza would good, I wrong. If I going Excel future, I would prefer stay Novotel Ramada.",-0.07777777777777778,0.47500000000000003,Aug 12 2008
50,50,"Great Excel We stayed Crowne Plaza one night, going Motor Show see Squeeze playing evening. We arrived check time parked car park, checked reception would OK. Car park charged per 24 hours and, upon checkout, seemed charged Â£2 less advertised Â£14.50, good!When Motor Show, checked hotel. We allocated &quot;disabled-friendly&quot; room (not requested one) 5th floor, quite near lifts. The room booked &quot;executive&quot; level spacious, well-equipped comfortable. We also found clean good view river.The disappointment stay general, could eat Caribbean restaurant opposite, full (nothing hotel!). However, 10.30, ventured across road, back asked food still served. We advised bar next door (part hotel) would serving bar food 11pm. We enjoyed meal cocktail free beer, served compliments signed Priority Club Rewards scheme I booked - bonus!!All all, great time - Squeeze fantastic too!!!!!!",0.2946052631578947,0.5224561403508773,Aug 1 2008
51,51,"convenient O2 bit far anything else! Quite far central london, 5 mins tube o2 arena. DLR station next hotel. Actually o2 Arena view room. Would reccommend travelling see concert leaving early next day. Not practical planning shop sight see. Especially last day, ended carrying bags around day. It's seemed like much hassle leave travel back city collect them. There City Airport 5 mins away hotel, good choice flights lot expensive using one main airports. The clean, modern well presented, lacking little atmosphere. If hoping sight see, word warning concerning red tourbus tickets. We charged double price one &quot;official reps&quot; bus stand outside Tower London! No reasonable explanation refund given &quot;shopped&quot; rival.",0.043108974358974345,0.44999999999999996,Jun 24 2008
52,52,"Great Service I pleasantly surprised Crowne Plaza found service excellent. I read rest trip Advisor reviews prior booking one guest mentioned views car park one side views waterside other. So checking I asked side we'd allotted, hearing car park side I asked possible room looking waterside guy reception really helpful sorted everything fantastic room, (better original room I think) overlooking water.... wonderful. The restaurant staff helpful, careful drinks expensive adds quite costly evening. All great experience Crowne Plaza.",0.308,0.675,Jun 24 2008
53,53,"LOVED THE CROWNE PLAZA I treated partner 30th birthday, stayed one night, best night ever had. The location perfect, carribbean restaurant across road hotel, served excellent food. We made full use swimming pool, spa steam room. The breakfast next morning impressive too, buffet style, variety usual english breakfast, also cereals fruit wanted go healthier option. I impressed room bar downstairs. The drinks bar abit pricey expected London. The staff abit confusing begin with, ok friendly.All I would definitely come back future, perhaps get massage done. I would recommend people want get away night two, far get either. The disappointing thing found car parking, paid for, Â£14.50 24hrs,considering paid reasonable amount room think Crowne Plaza charge fee car parking,but can't expect much London really.",0.27272727272727276,0.5238636363636363,Jun 23 2008
54,54,"good money stayed one night junior suite, check bit slow room clean well appointed, nice touches like free water Internet access, suites seem good views dock o2 arena! bar nice usual overpricing London bars, breakfast good, big selection hot cold food although included room rate would cost Â£17 per person witch opinion fry worth. pool gym lovely well maintained! recommend wanting central London stay perfect want escape hustle buseel London visiting excel o2 arena's.",0.32950980392156864,0.6164705882352941,May 24 2008
55,55,"Very pleasant stay We stayed close Excel exhibition centre, minutes away. The close DLR unfortunately us running! The location convenient centre London mind that. The service friendly food quality good. The leisure facilities ok little cramped next pool.Our room junior suite spacious &amp; small balcony view docklands, surprisingly quiet.",0.17984848484848487,0.5075757575757576,May 6 2008
56,56,Fabulous:) A great facilities needs have. Great food wonderful wellness area chill day town.By underground close city Canary WHarf( great shopping)Beds comfortable room clean spacious.,0.5985185185185186,0.8055555555555556,Apr 22 2008
57,57,"service questionable My family I stayed Crowne Plaza Docklands Excel April 2008. The convenient London sightseeing. Hotel states 4 miles outside Central London. It may be, however, add additional 45 minutes travel time way London. Bar Restaraunt service low rate. Servers make routine rounds check diners. 17.5% gratuity already added cannot make point withholding tip gratuity. Room service delivered charged one rooms order it. I spoke manager X3 removed. It remained bill. Parking lot behind hotel. I would recommend leaving vehicle there. There three cars burglaries stay. Their windows smashed. Hotel management respond I called say glass noticable pavement rooms window. The car alarms going least 5 minutes. Maids routinely forgot leave towels rooms. We call every day towels even though put old towels tub. Coffee/ hot chocolate stocked used them. Again call resupply. Mini bars refrigerator work. I dissapointed Crown Plaza service. I woul stay recommend one asked.",-0.10833333333333332,0.4583333333333333,Apr 7 2008
58,58,"Good 'Eventually' We stayed C.P Docklands four days end March 2008.When arrived, told price booked longer valid would pay more. After lengthy coversation end I told greeter Ashly, I going ring head office, allowed book agreed price. Following 10hr trip, previous 30minute conversation, told room would available untill 15.30.when eventually shown room good hotels stayed Europe, anything special.Apart outside noise, mainly planes ok.The view spectacular.",0.33999999999999997,0.41500000000000004,Apr 7 2008
59,59,"Good quality depends type room General:This near London City Airport reminded morning 6.30am. There quite lot building work also taking place close by. Close Canary Wharf free shuttle morning good business travellers get nice breakfast. It within easy reach city centre DLR jusr around corner.Rooms:Vary greatly. My colleague stayed nice room sixth floor views basin. Mine views multi-storey carpark. Safes provided superior rooms make sure clarify need one, nowadays always I think. Rooms seemed well cleaned beds comfortable. The heating works well showers powerful. Internet still charged for.Staff:Helpful efficient, problem checking out.Food:Did eat menu expensive. There small shop waterfront basics tea coffee facilities available room. There chinese restaurant road. For cheap breakfast go IBIS road 5.95 buffet.Facilities:The pool fine small, relax swim. The bar functional bit sterile.",0.302020202020202,0.6668686868686869,Mar 28 2008
60,60,"brillant Me partner going concert o2 arena. We chose location beside arena beside london city airport,The staff pleasant helpful, rooms lovely restaurant bar food gorgeous.I problems hotel, think location perfect long dont mind travelling DLR station 5 min walk away.I would definetly recommend prospective concert go-ers would go back second.",0.3433333333333333,0.5928571428571429,Mar 27 2008
61,61,"Great Hotel shame food Stayed overnight conference Excel Feb 08, couple minutes walk venue good parking. Plesant room, quite warm, window opened fresh air (and noise planes airport). Recxeption staff friendly acknowledged us warmly whenever passed. Pre supper drinks smart cocktail bar restaurant good, ingredients two requested.Supper Restaurant OK -food good worthy star ratings. The staff made enthusiasm lacked skills. But-oh dear! breakfast good all- usual &quot;full english&quot; sitting hot lamps getting dry, staff inattentive, continental buffet laughable, usual dry mini pastries cooked many hours (maybe even night before?) sweaty sliced cheddar sliced ham (how continental that? well, perhaps sweaty bit!) yoghurt foil topped plastic tub fruit bought ready chopped still tasted long life preserving solution came in.So 6/10 Hotel, 4/10 food drinks",0.2096790890269152,0.6279503105590062,Mar 9 2008
62,62,"Simply Superb! I stayed Crowne Plaza London Docklands business trip simply superb! The room good size, clean, nicely decorated sufficent amount lighting. The bed pillows comfortable. All staff extremely courteous could ensure stay pleasant enjoyable. The buffet breakfast also excellent good range continental cooked English breakfast choose from. I would definitely stay again.",0.6184615384615384,0.7966666666666666,Feb 20 2008
63,63,"O.K. general bad experiences. Not great value money. I know say hotel. It's O.K. room design feeling I would return I really wanted needed London full leisure facilities affordable certain time. Having said cheap (at least solo traveller) near furthest South East London, near Greenwich, beyond Canary Wharf. Though I suppose enough customers The Excel Conference Centre Canary Wharf (there free regular shuttle bus C.W.) keep reasonably popular. There probably London hotels pools etc. slightly less much central.I stayed before, previous instances hotel, front view Royal Victoria Dock pretty super. The Thames less widest point whole city.I found quite likeable, reasonably soulless place. There much 'lastingness' I felt. Though I liked bar restaurant, bar palled me, though nice enough, good enough place relax. Cocktails Â£8.I one complimentary night stay, price, booked directly Inter Continental Hotels, came approximately Â£148 one night one complimentary night. The rate Â£99 include tax 17.5 percent, that, I told checking rate included breakfast, Â£16 per day. There's nothing really expect pay extra breakfast. You checked-in room information tells breakfast served certain time duration, price suggestion costs rate agreed room information, reception, bar restaurant, go breakfast breakfast. For legal contract client must clearly know something sold her, contract must absolutely specific. I learnt law school - must clear contract - terms contract - important price - must absolutely clear fully capable knowing acceptance goods services delivered. And terms contract must stated somehow customer contract recognised law.I doubt anyone would sue Crowne Plaza Hotel Â£16 day, illegal do, worse many guests foreign able go along court make claim. To stay two weeks, say, told agreed paid already breakfast, would worth suing for, expect something like that. There never even hint suggestion whole breakfast extra direct Crowne Plaza rate - never even suggestion offer buy breakfast price, checking out.The second two nights four night stay London December another four star London, The Chiswick Moran, I much preferred. It lovely hotel, cost Â£20 less two nights even though one Crowne Plaza nights complimentary me.WATCH - looking trains Central London late night (Friday case). The hotel's live train information showed platform: two trains come, well midnight. The ticket machine said make sure trains left buy ticket, I did. But trains disappeared screen fifteen minutes waiting, none came, screen said &quot;System Closed&quot;. A taxi Clerkenwell cost Â£25 Abba taxis, I thought reasonable.It's best list good points bad points I can't make mind itself, breakfast charges aside.Good pointsGood seaweed toiletries. The bathroom also quite nice.I must say, desk armchair one comfortable find, seat back move body separately angles give excellent, functional comfort. However, bright red leather appeal say least, I got really sick it.I loved soft armchair room, lovely fabric excellent idea two parts - long, high footstool part forming good chaise longue armchair placed chair, I found it. A subdued red elsewhere hotel, attractive. An excellent point.The restaurant bar staff seemed pleasant service good.As I.C. priority card holder, I received free small glass nice wine meal. I really recommend South African Beaujolais, one glass house wine, La Campagne Merlot. In bar, large bottles Magners cider good idea.Restaurant - good bad - main course reasonable also less reasonable (thai green curry). Starter, soup, gourmet standard, pastry desert, mille feuilles, really delicious, excellent. Prices little expensive far I thought, though starter desert worth it.The bar quite nice, spacious, bright red leather everywhere got while. I'm 'don't leather' 'don't wood' stage life.Breakfast close excellent I come quite years, better Crowne Plaza Hotels I stayed in, though pay this. As much freshly squeezed orange juice want. Excellent fruit selection. The best part fresh baked blueberry muffins pastries. Very good seeds, nuts dried fruit selection go cereal (around 10 selections cereal). Eat much want. Sausages herbal, lovely.Excellent musical duo bar Friday nights 9.30. Lovely Latin American North African music (guitar, vocal percussion.)Jacuzzi fine swimming pool reasonable size though large. Gym fine visit though see bad points also.Royal Victoria Dock D.L.R. train station couple minutes walk (quicker via passageway) Canning Town Jubilee underground train line one stop away. It's 20 25 minutes South Bank lucky, usually around 30 more. The nearest night bus goes Canning Town, need taxi there.Royal Victoria Dock nice, though nothing nice bar restaurant opposite I before, time. I think Caribbean place, attractive location. I know local Ibis Hotel bar visitors. It's far train O2 Centre Canary Wharf.Bad pointsThe garish bright red browns room coridor carpet made feel really sick actually, gradually stay. The thing I liked colour scheme thick floor length curtains. To me, certainly far nicest Crowne Plaza Hotel rooms attractive. Perhaps many like though!I view multi story carpark opposite, that, though smallish window dirty see well, I know would cleaned window tilts open height-wise bottom. Perhaps reason reason, like problem, remain.The sauna broken whole stay, stuck around fifty-five degrees. This temperature hardly worth staying at. There sign saying contractor contacted, obviously day even next day call agreement. The steam room broken completely whole stay, access. Just sign broken given, mention contractors here. When happens full day, especially facilities reason gone another, one may expect partial refund gratuity, example drinks, nothing. (I remember staying two star place Canada small sauna lovely staff contacted everyone possible sauna fixed within hours was. Crowne Plaza wastes effort.)I good number times, steam room nearly always broken sauna nearly always low temperature. I doubt usually like this, sufficient get angry neither fixed duration stays.The fitness room small large 200 rooms whose leisure facilities also external leisure club.The best available price, booking nearly two months advance came approximately Â£132 per night breakfast. I checked around week stay number web travel agents often offer good savings London hotels, single rate dates time Â£149 per night budget agents. I feel expensive hotel, I feel litte expensive rate I got without complimentary night.I think I would go pay full rate without complimentary night I received. For location, two thirds price inclusive would appropriate, less. I took price Â£99 thinking first inclusive. I probably would booked full price tax given upfront, certainly I known tell breakfasts charges eaten all..",0.17214138455883748,0.5014035034671828,Dec 20 2007
64,64,Great Hotel Wow! This great hotel. Very modern clean. Great staff. Everyone staff willing help. No one waiting around service. Hotel 5 years old. Beds low comfortable. The thing negative nothing around within walking distance. Tube conncection minutes away take 10-15 minutes get town. We stayed St James Crowne Plaza three nights 2 nights. Even though hotels brand different. Definately would recommend hotel. Pool indoors great well.,0.28260416666666666,0.6653125,Nov 27 2007
65,65,"The best London! We stayed November whilst visiting Stuff magazine annual show Hammersmith. I say excellent hotel. We got rate Â£76 Double lastminutelondon.com - use confirm reservation hotel. Fortunately however staff helpful even though get travel agent, created reservation us ask payment us - said would take t/a directly! Excellent start.The room really nice view Dome - even got firework display later evening thanks Silvertown Residents Association.Food top priced either - got bar meal Â£30 including two rounds drinks. Leisure facilities fine too.Overall, top class well maintained. I really fault it.",0.44404761904761914,0.4642857142857143,Nov 10 2007
66,66,"Good.....for is. This modern Crowne Plaza clean comfortable respects I enjoyed stay although make use facilities (fitness centre, pool, restaurant) apart bar. There club lounge I given free drink token instead. They charged morning newspaper bit strange considering exactly one free reception! The located near conference centre Excel short walk Docklands Light Railway take City. It costs Â£4 travel Bank unless Oyster Card (welcome London, city loves rip off). A taxi back night cost Â£25. So great something Excel convenient night town.",0.32291666666666663,0.5165625,Nov 6 2007
67,67,"Stay city instead! I stayed I going conference Excel thought I nearby. What I know wasteland around conference ended day. No restaurants, bars, shopping - outside fast food expo hal what's hotel. And I also know difficult get in/out London Excel like I thought would be.To top off, I would call &quot;budget business.&quot; It trappings business hotel, done poorly. The &quot;stylish&quot; look decor cheap particle board furniture. The desk chair low reclined adjustments. The Internet cable-only (not wifi rooms) verrry slow (although claimed high speed) expensive. The room service edible, that's all. The towels crunchy. The hairdryer attached wall - really think I going steal it? And lighting bathroom terrible - get dressed two tiny spotlights?The one upside front desk checkin person friendly professional. All all, I plan staying again.",-0.06100000000000001,0.5266666666666667,Oct 4 2007
68,68,"excellent docklands stayed 2 nights business east london happy choice.the rooms good size clean .they also well equipped keypads internet,movie channells etc.......all premium price must add!!.breakfast buffet good items fresh unlike buffets UK .overall would stay agin needed end London.",0.5985185185185186,0.6766666666666666,Sep 24 2007
69,69,Good Hotel A Bit Out Of The Way Rooms: The room nicely furnished large TV. And bathroom nice usually toiletries really good shower.Staff: The staff good checking doddle.Location: This close wanted (The O2 Arena). But still 10-15min walk nearest tube station meant lot walking.Food &amp; Drink: We ate kinda pricey food came quickly quite nice cant really complain.Overall: It good planning seeing show end London I use base explore central London.,0.33411564625850343,0.5948979591836735,Sep 16 2007
70,70,"Nice outskirts London I stayed mum partner visiting New Zealand. It little outskirts London nice hotel. The rooms nicely decorated, well maintained clean. They also quite large. The room double sofa bed surprisingly comfortable. The sofa bed already made checked in. And even sofa bed still ample room 3 us move around comfortable in. Our room overlooked carpark great quiet nonetheless. I presume rooms would nice view dock area.The gym reasonably small main equipment. The pool closed maintenance renovation stayed there. I breakfast mum said nice.The staff quite good, nothing mention specifically friendly gave us directions phone phoned midnight got train know go. Nothing complain about, would stay again!",0.28948593073593076,0.5939359763043974,Sep 14 2007
71,71,"Excellent stay! We booked 2 night stay August Bank Holiday excellent stay. We wanted stay around Excel area perfect. Very modern good sized rooms, excellent buffet breakfast swimming pool. We 2 kids pool bonus!A minutes walk DLR station handy.We got great room rate Â£66 including breakfast per night delighted it. We stayed The Hilton Canary Wharf last year, rates much higher standards equally good! Will definitely stay again.",0.5417857142857143,0.6076190476190476,Sep 12 2007
72,72,"Great Hotel Package! I booked I took girlfriend anniversary trip seeing Prince O2. I booked celebration package Â£178 included; Junior Suite balcony docks, 3 course meal, bottle champagne, full english breakfast free car parking. ALL FOR Â£178! I know easy get central London took 25 minutes. If going O2 takes beating. I worked additionals Celebration package junior suite Â£60, cant go wrong!",0.12604166666666666,0.6354166666666667,Sep 4 2007
73,73,"Excellent throughout We went 02 arena see Prince 1st September &amp; looking nearby disappointed. The within 20 mins arena close DLR (Docklands Light Railway). The well appointed overlooks Victoria Dock. Check-in smooth helpful directions offered 02 without asked for. Impressive !! The well decorated spotlessly clean. Our room second floor overlooked dock good view 02 arena. The double bed comfortable good size bathroom superb shower (very refreshing journey). Plenty clean towels bathrobes nice touch. We dinner restaurant good standard. The staff helpful point intrusive. After gig (which excellent way!!) cocktail bar. Great selections cocktails Â£8 throw plenty non-cocktail options too. A peaceful nights sleep followed use on-site leisure facilities. A dip pool bit steam sauna jacuzzi set us breakfast. I avoided gym though I'm THAT energetic !! Breakfast served upto, I think, 11:00am weekends. This good standard. A self-service buffet offering full-english continental style breakfast option. In Hotel Foyer couple Vespa Scooters could hired Â£45.00 per day Â£90.00 weekend feeling adventurous. Our stay Hotel excellent throughout weekend staff helpful, courteous cheerful.",0.5128194444444445,0.6511666666666667,Sep 3 2007
74,74,"Good sterile This good hotel, isolated centre London beside Excel centre close Canary Wharf. It necessary creature comforts expect go walk evening. The staff competent.",0.475,0.7166666666666667,Sep 2 2007
75,75,"Nice modern one favourites I regular business. Decent size rooms nice modern furnishing. Swanky bar good breakfast. Has one nicest swimming pool town. Slightly way within 5 minutes walk DLR station.Tried &quot;bar food&quot; &quot;fine dining&quot; room service - recommendable I afraid might take DLR back central London Canary Wharf want something else place pretty deserted night. There goodThai restaurant within 10 minutes walk (look towards North East entrance see big red neon sign) use Chinese restaurant nearby. Dinner took 3 full hours last time I problems delivering. The offers shuttle bus service Excel Centre vicinity e.g. Canary Wharf, morning buses get quite crowded remember pre-book service check in. Also remember ask driver's (a decent Polish chap last time I there) mobile number see come pick way back (you pre-book reception well! He works really hard keep everybody happy!Switched another nearby recently due fact preferred rest team (colleagues) really want odd ball here. Will definitely go back later year I own.",0.08861111111111114,0.38173076923076915,Aug 31 2007
76,76,"Excellent We booked close O2 arena London. The location close Docklands Light Railway, great links London attractions. It also close ExCel centre Fox pub lovely chinese restaurant.The quite new funky bar.There leisure facilities looked great long opening hours, although use trip.Check-in painless. Carparking behind special rate Â£14.50 24hours. Room luxurious spacious everything need bathrobes mini-bar etc.Breakfast served 11.30am weekend - really quite late. It self service buffet something everyone. Our criticism tea coffee serve get chance remind them!Overall shall happy stay again.",0.3031076066790353,0.6339981447124304,Aug 12 2007
77,77,"Fantastic Hotel !!! As frequent business leisure traveller, I cannot find fault all.I booked celebration package Â£175 included executive room balcony, full breakfast 3 course evening meal.The decor rooms modern spacious, bar great atmosphere much ate spent evening bar.It correct staff foreign friendly polite.I booked friend 40th Birthday directly hotel, really can't complain else get 4 star London, queen room 3 course dinner breakfast Â£124 total.I would recommend anyone!",0.2839423076923077,0.4011538461538462,Aug 11 2007
78,78,"Great Location dearest local hotels I first deal room cost. I visit London Excel 2 3 times year various events normally stay Novotel IBIS 2 minute walk Crowne Plaza. Both Novotel Ibis fully booked I gave Crowne Plaza try. I disappointed although paying Â£25 Â£30 usual.The great location front London ExCel Exhibition centre easy walk Royal Victoria DLR station.Take swim gear enjoy swim dinner, I take mine regretted it.My room excellent I needed including bath robe. The work desk set working full executive chair desk lamps. For business traveller visiting London Excel great bus shuttle Canary Wharfe well.I dined restaurant meal fantastic. I like finish Irish Coffee bit dissappointing.This geared business traveller week shows but! I certainly would put people staying negoiate rate closer offer adjacent hotels, go it.Locally front dock quayside small general store require small items stay. A top carribbean restaurant right opposite main entrance chinese restaurant called Superstar along road towards main entrance ExCel centre. With good rail links central london DLR outside The Ritz Hotel Piccadilly 30 minutes.The Excel centre open coffee bars, eateries shops free use cash dispensers.",0.2618279569892473,0.48114439324116753,Jul 11 2007
79,79,"Spacious excellent breakfast We stayed last november convention excel center. This brilliant need room 2 people. We booked room 3 got massive sofa bed already set us. Furthermore felt like proper bed rather usual sofa beds sometimes end hotels. This slightly expensive hotels area budget tight would worth visit. There great swimming pool keen getting lapse in. Last least, breakfast fantastic. They quite big selection including lots choices small kiddies!",0.16231203007518796,0.4523182957393484,Jun 29 2007
80,80,"Very nice We stayed weekend London marathon running marathon ourselves. We booked using priority points platinum cardholder room upgraded even though usually case using points. We wanted near Excel centre register Saturday disappointed short mins walk road. We parked car park charged Â£15 night, reasonable amount spaces also multi storey car park next door. We used DLR around corner London 10-15 mins, probably ideal location sightseeing day/night us suited us fine. The room clean everything needed - tea/coffee / bathrobes / toiletries etc. We ate restaurant / bar also ordered room service pleasantly surprised prices sizes meals - especially large appetite feed running 26.2 miles! We told fully booked feel overcrowded service impaired. We used pool facilities last morning (as checkout 12pm), necessity ease aching legs almost place ourselves. After reading previous reviews I little wary service standards I would recommend would stay next time get chance take part marathon again.",0.11530801209372638,0.5071806500377928,May 1 2007
81,81,"A Pleasant Stay We stayed Easter Weekend another two couples, booked theatre tickets weekend.Check-in handled smoothly, problems delays allowed rooms little early. Same check-out - efficient.Rooms/bathrooms fine, clean well equipped although safe room. We views river, although one couple party overlooking car park - glad allocated room!Breakfast good, hot cold buffet, plenty offer, staff little scarce problem self service.Bar service bit hit miss, staff attentive others seemed better evening. Bar busy evenings club like atmosphere. Location â probably best want Central London. The docklands service underground excellent trains running every ten minutes two minutes walk hotel. There appear much going around hotel. It probably busier exhibitions Excel even though think suited business traveller would stay again.",0.2529861111111111,0.5367361111111112,Apr 20 2007
82,82,"Don't put bad reviews! - We excellent stay. My 10 year old daughter I stayed Fri 23/03/ Sun 25/03.My daughter particularly wanted stay somewhere pool and, also fairly tight budget, excluded many Central London hotels. At time booking mixed reviews shortly appeared really bad ones. Naturally, I fairly apprehensive expect...A previous reviewer commented number foreign staff yes, true employees, bar one, spoke noticeable foreign accents. This said, problem understanding us every single member staff unfailingly polite, friendly helpful.On Friday evening opted eat hotel. The restaurant menu fairly standard. Two main courses listed unavailable night disappointing, however kids eat free I cannot complain much! The food acceptable, ok, rather outstanding. The buffet breakfast good set us full day sightseeing.Our twin bedded room well furnished, clean reasonably spacious. The items mini bar expensive hotels, however two small bottles mineral water per day complementary. There also complementary newspapers ice machine along corridor.The health club facilities fairly standard pleasant nonetheless. There gym, swimming pool, unisex jacuzzi steam room, seperate saunas men women. Being able relax pool hard day's sightseeing definitely worth 15 minute DLR journey Tower Gateway.A word warning - large new development built right next hotel. The short walk station therefore noisy. Inside room aware noise, room right opposite end hotel. Some rooms nice outlook dock whilst others, (ours included) looked onto multi-storey car park. If I stayed I would make point requesting room view dock although voile curtain thick enough hide view car park.Overall, pleasant stay. I felt offered good value money attitude staff certainly contributed enjoyment weekend.",0.1778515311848645,0.47582491582491593,Mar 28 2007
83,83,"Great stay We loved modern, relaxed atmosphere hotel. Staff friendly helpful - even checking little slow - enough us. Our elderly father treated great respect help needed freely given. Bar food simple well cooked breakfast first class quality. We'd visit again.",0.2697916666666667,0.5242063492063491,Feb 7 2007
84,84,"Distinctly generic me! OK, Ritz, rooms clean, beds usual Crowne Plaza brand therefore suprimely comfortable. The staff average staff London (don't speak perfect English, certainly communication difficulties)! Food ok, breakfast. The best thing decor (in view), modern, inoffensive. Certainly, ExCel, can't go wroing! For central London short journey DLR Tube away, 25 mins. Due city location, rates tend much less average London -expect pay Â£90 per room book 2 weeks advance. In London hand Â£150 would reasonable expectation -the rooms also bigger hotel. There nothing &quot;special&quot; hotel, soulless, woks fine.",0.17048160173160173,0.42088744588744587,Jan 15 2007
85,85,"OK I stayed 4 nights trade show Excel Centre February.It good location that, next door man-made lake (part docklands) short walk Excel Centre.Of course, busy exhibition attendee's.The coped well enough busy crowd.My room rather nice, bigger I expecting comfortable. Clean. The downside windy day wind howls around outside, seems whistle parts exterior building, quite loud.The bar area get busy large groups salesmen Exhibition Centre.Breakfast good, terms quality service.Good for: Staying near Excel, exhibitions.Not good for: quiet days away.",0.23104761904761903,0.4790952380952381,Nov 1 2006
86,86,"Dont go Dont go there!!!!!!Let introduce myself. A frequent traveller Europe fan Priority Club. I seen Holiday Inns, Intercontinentals Crowne Plazas, etc. This trip confirmed belief success company depends good management good people. Definitely present London (monopoly location?)hotel. A shame group hotels.I arrived fair Sunday evening. After full day travel I arrive bar girl tells I still order sandwich, need sit down. Nobody coming. Obviously staff stressed. enough staff..I return bar 10mins another guy tells kitchen closed. roomservice. I order beer go reception order sandwich need eat room. I prefer eat lobby colleagues nearby bar.After returning bar I see waiter wants serve cup coffee. falls people laugh time adjascent table. Obviously cause fun, related incident. The waiter goes tells &quot;this funny!&quot; angry tone.This moment I decided I tell fellow travelers place.Monday Sales Meeting go lunch. We order waiters clue ordered what. Finally get drinks left alone. After glasses empty manage convince waiter would like second round drinksâ¦Tuesday afternoon colleague hands power adaptor receptionist 15h. I return fair 18h ask adaptor. Nothing. They donât find it. After called colleague handed device I speak lady given adaptor. (BTW I able receive EUROPE âUK adaptor since Sunday nite them, well next Excel people continent)She told confused thought colleague would return lended adaptorâ¦â¦I told mine I bought 5pounds I expect back I return dinner. She tells find solutionâ¦.I turn concierge see taxi I ordered 18h50. still here. They order one meâ¦â¦no taxis waiting although I always see people asking taxi. Bad organizationâ¦So I waiting outside still 5mins taxi here. Luckily another cab passes I able catch time meeting center.As I return dinner I ask adaptor, Nothing. Although solution promised. I ask manager (Tesh?) I ask go another room discuss I upset. He prefers stay reception. I tell stay disaster day 1.I telling story get really upset tells might give adaptor next morning. No excuse side instead threatens call police throw out!!!!I laughing tell it!Finally search 10 time find adaptor room number itâ¦Its mine looks alike I take order stay connectedâ¦â¦..I donât blame employees management. Obviously 90% people trained would even survive East European hotels I usually stay. I saw waiters trouble hold trays serve drinks time. (e.g. coffee cup example)Would glad see colleagues confirm impressions!Alexander",0.05879629629629631,0.43026620370370366,Oct 11 2006
87,87,"Don't go Celebration! We booked &quot;celebration&quot; package one night included 3 course dinner champagne, fortunately celebrating anything going Roxy Music concert Ex-Cel. First impressions fine, lovely room (excepting building site opposite). Our first problem bar, eastern european staff winging none really knowing doing, service dire free drink (another part package) queried Reception hit right button pc checked in. At dinner requested champagne waited 15 mins bottle Verve Cliquot shown us, whisked straight away replaced house champers! Dinner average, say it. Breakfast usual buffet service, juice weak tasteless. We go waiters standing chatting service point ask tea - top mugs large thermos!For money completey unworth - thankfully concert great celebration weekend good one!",0.16689393939393937,0.5082251082251082,Jul 25 2006
88,88,"Not good Beijing! Having recently stayed Crowne Plaza Beijing impressed, I excited prospect staying Crowne Plaza Docklands.Sadly two cannot compared.The reception dull, lifts badly lit. The room ok-ish, felt looked bit grubby, nobody really cared whether cleaned properly not. The sheets though beautifully crisp, white clean.Unfortunately put room overlooking building site,so rudely awoken 8am sound drilling.The breakfast certainly anything write home - ok, sampled breakfast Beijing I left disappointed.If used high quality Crowne Plaza elsewhere, stay London Docklands branch.",0.1746949404761905,0.457485119047619,Jul 4 2006
89,89,pleasently surprised Good service friendly staff. Well located close London City Airport City London still easily reach DLR 20 minutes.,0.4020833333333333,0.7083333333333334,Jun 29 2006
90,90,"Very nice undertrained staff We ended staying airline decided carry us night! We flying City Airport. The fairly new then, rooms comfortable indeed - clean. Decor imaginative funky. I also loved views room across Greenwich Peninsula docks. The food restaurant good (without first class) serving staff needed little training. Our waitress trying pour wine thumb base bottle, obviously something well-trained since nearly went me. The bread rolls end lap served equally trying- to-be-very-upmarket way.",0.2757521645021645,0.624134199134199,May 12 2006
91,91,"Decent business I stayed week working Canary Wharf. Unlike lot posters I found enjoyable experience. My room clean, modern large well set up. My room faced water much better car park. At time I hear plane arrive airport nearby. Breakfast good although staff get bit confused times. My partner ate dinner restaurant friend said food disappointing.The facilities (gym, pool, spa, steam room, sauna) simply excellent better hotels I previously stayed at. These facilities 5 star really add hotel.I would recommend business travellers Canary Wharf Excel. Due location lack entertainment dark I would suggest anyone visiting London.",0.2092195767195767,0.48149470899470903,Apr 23 2006
92,92,"Don't go unless attending conference Excel We stayed Crowne Plaza Docklands Easter weekend stayed Crowne Plaza St James previously. There comparison. I'd made reservations January husband self parents-in-law. When arrived one booking although prepaid I confirmation numbers me. One booking completely different name!Our rooms shabby - water mark ceiling one room furniture badly damaged other. Only one room safe, neither trouser press mini bar 4 pm second day stay one room serviced! The linen decidedly grubby, air con extractor fan bathroom work.On Friday evening went drink bar stay long like local youth club - full &quot;immigrants&quot; playing pool - expect Crowne Plaza. The lighting dim bar lifts bar staff seemed indifferent bother restaurant.We gave went Novatel nearby bar first floor overlooking water, comfortable seating staff attentive even though aware guests hotel.The Docklands Light Railway service excellent and, buy single ticket to, eg, Canary Wharf (well worth visit) buy travel ticket whole underground system bus service.The Excel centre open day evening but, there's conference taking place, appears meeting hall locals. There one two fast food shops open place wander around alone.",0.15067619047619046,0.5082380952380952,Apr 18 2006
93,93,"Don't Bother The location good staff arrogant, rude put customer first.I reserved double room could offered twin even though I booked month beforehand! Don't impressed grand looks - flight path London City airport clearly run immigrants care you.In-room internet expensive (Â£15 per day)....Keep Away!",0.171875,0.6604166666666668,Apr 4 2006
94,94,"Stay Elsewhere -- Staffs Not cooperate Customer I stay business trip. I told receptionist that, I requested room, quiet I could finish work day. I told I knew located near City Airport runway I wished room, facing runway. He replied problem room OK. On morning next day, I found room facing runway also construction site. I requested change room. I finally moved another room 4:30 pm I requested 9:00 am. The whole day wasted.In first room, I cannot turn light reading. I phoned receptionist one came change light bulb. In second room, safe working I could lock door. I bother call deal kind staffs. When I came hotel, I found automatic door main entrance open. The sensor see open door you. No one even bothered put sign inform guests door open. Therefore, lot people stood front door waited minute find door working.If I traveled Canary Wharf area another business trip, I stay another hotel. There lot hotels Canary Wharf area staffs willing provide quiet room business traveler. A lot hotels much nearer Canary Wharf, financial district. If I travel Exhibition Centre, I like stay another area. The DRL convenient. If I travel London holiday, I would like stay center London. Why I stay hotel, far away major attractions, I get room, noisy?",0.14516666666666667,0.4793333333333334,Mar 20 2006
95,95,"Enjoyed stay stayed 1 nightGoodadjacent Royal Victoria station take central London 20mins London city airport.recption staff friendly helful.room service efficient good choice.hotel clean modernroom nicely furnished comfortablepool small otherwise fine. good hot tub suana.bar restuarant modern funky overlooking dockands water.cheaper central london hotels pool.adjacent Excel conference centerpoorNOT way central london, tourist need travel via tube 20mins cost Â£6 return. car parking around Â£10-14 per dayno walk etc bars nearby.summarygreat delegate attending conference excel center. Also get money slightly central london long dont mind travelling tube get everywhere. stayed business took family enjoyed pool staff children friendly albiet really set business peolpe.",0.2234848484848485,0.4462121212121211,Feb 21 2006
96,96,"favor stay Anywhere place The good things. Less 5 min Docklands Light Railway. The gym pool. Breakfast pretty good.The bad things - could get good night sleep mattress old soft. When I complained offered use wooden board, enough boards every room. Not enough water pressure shower temperature switching burning hot icy cold - never fixed. The rooms need renovation. The furniture old. Internet service rooms work.I would recommend anyone.",0.04901960784313727,0.4549019607843138,Feb 9 2006
97,97,"Functional isolated. Stayed Crowne Plaza, Docklands 2 night business trip.Arrival: Travelled via Docklands Light Railway Canary Wharf. Due construction work I ended go multi-storey car park order reach front door hotel. The run shuttle bus commuter hours to/from Canary Wharf. I would definitely recommend means, although need book peak times.Check-in:When I checked I told room twin room, 2 single beds. Being 6'3&quot;, ideal, I asked rooms double bed available. I told I wanted upgrade (at cost). Out principal I declined, next minutes receptionist continued keep asking upgrade, I started find annoying. Not sure kind staff incentive selling upgrades. My mood helped I found 5'3&quot; colleague given double room without upgrading!Room:Clean, modern, good view Canary Wharf, even 3rd floor. Although view may disappear construction next door completed. Bath / shower good condition. Aircon bit noisy. Tiny single beds...Food/Drink:There absolutely nothing nearby, save conference centre, unless willing travel little, bar/restaurant option. After deciding nothing restaurant menu appealed, I decided burger bar menu okay. Food drink prices shade expensive side, surroundings pleasant enough staff generally attentive.Overall:Would probably stay somewhere surrounding amenities future. But decent, modern functional hotel.",0.08923160173160172,0.48790283790283784,Jan 23 2006
98,98,"Pleasantly surprised Stayed Crowne Plaza London Docklands 2 nights December, since attending wedding Canary Wharf. Getting Royal Victoria DLR stop, could spot easily since big red sign clear 100 yards away, navigating round building site next bit problematic, lack pavements. We found back entrance brings right DLR station next day, use stay here!!The room got seemed superior room, although I'd booked standard one, however since I'm Platinum Priority Club card holder, sometimes room upgrades given. The room lovely, clean modern, well fitted, everything worked perfectly (shower, air conditioning etc). We got unlimited free bottles water minibar free bottle wine arrival.The facilities good - gym &amp; pool useful, bar restaurant area good size modern. WE breakfast one morning, use bar times, Christmas parties taken residence.Overall I impressed hotel. The location going useful everyone, anyone travelling docklands Excel I would thoroughly recommend hotel.",0.2887301587301587,0.45342151675485015,Jan 12 2006
99,99,"Flight path! If different location I would problem it, fact non-smoking room absolutely reeked smoke! The service OK found couple receptionists really rude unpleasant. The cleaning staff housekeeping nice though. However, right flight path! I can't understand many reviewers mentioned this. I particularly light sleeper I found noise unbearable planes pass directly top very, low. There nothing surrounding area either - shops, pubs, bars, restaurants make sure everything couls possibly need going back night!The would got 3 5 central London, least better location.",0.10535714285714284,0.5682301587301588,Dec 22 2005
100,100,"Good value upgrade check-in I stayed September. I resident Sunday Monday night I booked Superior Room Â£110 + VAT (Incl Breakfast). The 2 minute walk (if that) Docklands Light Railway - Royal Victoria Station. It takes 10 minutes get Tower Bridge DLR station convenient. If like quiet area (as shops/nightlife) ideal right beside river surrounded apartments, excel centre new apartment developments. You also get good view millennium dome canary wharf.The noise planes London City Airport, overly busy airport affect however light sleeper may wish take ear plugs.We used DLR get walked round corner reception modern I say luxurious.There separate check area Priority Club members basically sign hanging one end reception desk together clipboard details PC members checking day, idea make mark next name room card etc ready envelope, credit card pre-authorised etc, waiting around. I platinum member PC details list fact empty.The staff reception quite efficient pleasant gave room key promptly. No mention upgrade made (a benefit Platinum PC membership) I asked told I upgraded Executive Room. When I asked difference I told room higher floor (again canât complain state allowed terms conditions also!).I enquiried suite available much would cost upgrade. They told would Â£50 per night upgrade Junior Suite Â£75 Executive Suite.Having read details rooms prior booking website I knew junior suite one large(ish) room I chose Executive Suite fourth floor (they five total I believe one floor).The room located far end corner. As enter hallway area wardrobe, safe, iron, etc, door bathroom standard size bath tub, separate power shower, sink vanity unit, molton brown toiletries, done dark slate white colour, quite nice looking overly big.The Living room quite large looked directly development new road (this may apartment block I believe Barratt building there) got clear view Millennium Dome Canary Wharf distance together river. The living room floor ceiling windows opened onto balcony ok standing wasnât wide enough chairs. The balcony wrapped around whole suite area.The living room dining table four people, usual desk area, two leather arm chairs leather sofa (modern design green quite hard comfy looked ok room). A filter coffee maker one bag coffee (more available free housekeeping), 21â standard TV, mini bar, fairly good lighting air conditioning worked well living room area.The bedroom end hallway private people round drinks, desk area, 21â TV, style armchair ottoman living room, large super king sized bed actually comfortable. The bedroom separate balcony time looking directly river nearby developments. Again air conditioning always seemed little warm reason.Service standard UK service; I let decide means! We get everything wanted end!Room service ok menu boring. The restaurant downstairs quite large looked nice enough weekend body would dining own!Breakfast served main restaurant downstairs, usual Crowne Plaza Offerings service. Donât order poached eggs wonât arrive (both mornings), buffet bad nothing special worth included rate.For price I paid I feel I got good value Â£204 night incl VAT &amp; breakfast large (by London standard) executive suite. I wouldnât however pay rack rate Â£360+ VAT excl breakfast.Hope helps make mind up.",0.19008131123262695,0.4854375996810207,Dec 16 2005
101,101,"Business Traveller This excellent business traveller especially working around Canary Wharf. I stayed 3 weeks happy stay.High Points:*Rooms clean*Staff friendly*Shuttle bus Canary WharfThanks,Steven",0.4800000000000001,0.72,Dec 4 2005
102,102,"Good excel We London conference excel. We executive room king bed. It definitely average. Nicely decorated, breakfast good. The menu restaurant good. The bar menu better. In fact bar quite popular spite pricey. We also walked Novetel ate dinner there.We looked getting room too. Dinner good. The Novetel nice,It seemed like step Crowne, rooms pricey. For money, Crowne wins. There much Docklands area unless convention, I would look else where. It took 2 hours get Heathrow metros. You make changes.",0.2985207100591716,0.4585798816568048,Nov 11 2005
103,103,"Stay elsewhere First good things. It short walk Docklands Light Railway take Canary Wharf City. It 20 minutes quite far seems. However, reviews said nothing around somewhere want go unless night.The first room I &quot;superior&quot; one. The second one I moved (see later why) &quot;standard&quot; one much difference. Decent size, clean well laid rooms.That I saw good Crowne Plaza. I initially given smoking room (even although I booked non smoking one) smoke end smoky room really ideal. Now make mistakes, subsequently handled really, really bad.I called reception ask move me. After 15 minutes promised call back materialised I called again. Someone way up. I going wait long well I didn't. I went reception told nobody way! I'd still waiting I gone back Reception.As Platinum member Priority Club (you need say 50 nights get this) would expect, perhaps, might keen look you. I mistaken front. At least room I moved non smoking. However, reviewers pointed underneath flight path City Airport. I sleep pretty soundly spent many nights airport hotels, noise woke up. If light sleeper definetely want stay here.The bed pillows way standard Crowne Plaza, although may perception I disappointed way I treated start stay. The CP London City excellent well worth staying (Standard Executive Rooms excellent) beds comfortable.All I wont going back I would urge anyone thinking booking think twice so. You might lucky might similar experience mine!",0.17574786324786326,0.44401709401709394,Sep 8 2005
104,104,"Great setting decent The standard rooms flashy new Crowne Plazas, however whole lovely. Set dock side right next Docklands Light Railway station, lovely place stay, get away noise pollution Central London. Yes, takes little get airports/central areas, want relax evenings (or times stay) ideal - less short break tight timescales, I guess. Good restaurant, bar pool/gym, convenient parking (though watch overnight charges ExCeL car park next door - use hotel's instead. Our room couple minor maintenance issues, offered upgrade, can't complain.",0.14800029515938606,0.4340594254230618,Aug 5 2005
105,105,"Modern Hotel Gym This modern, clean, stylish gym pool. Comfortable rooms tea &amp; coffee. The gym reasonable treadmills, bikes, cross trainer multi gym equipment. Additionally situated right beside Victoria dock run outside wish. I've ever breakfast buffet great. Good range cooked items, fresh fruits, cereals. Staff helpful try accommodate requests. They interested unlike hotels! As transport 2 minute walk DLR Royal Victoria Dock stop - itâs 15/20 min ride Tower Bridge stop. Itâs 1 stop away Canning Town Jubilee line. The perfect business city want good great rate. I used stay Thistle Tower - would never go back try place out. Admittedly itâs centre town dayâs work I'm happy get back relax. I wouldnât recommend seeing London tourist, I would say itâs far sights.",0.3324404761904762,0.5504658385093169,Jul 20 2005
106,106,"Nice Rooms..Too Far! This modern, clean rooms...but TOO FAR! They offer type shuttle transportation service to/from airport downtown area. Be prepared spend lots time using public transportation and/or spending majority vacation money taxi cabs.",0.23611111111111113,0.6777777777777777,Jun 18 2005
107,107,Lovely,0.5,0.75,Jan 24 2005
108,108,First class cannot get better money!,0.4375,0.41666666666666663,Dec 17 2004
109,109,Excellent value!,1.0,1.0,Nov 25 2004
110,110,Disappointing,-0.6,0.7,Oct 22 2004
111,111,awful awful awful,-1.0,1.0,Sep 14 2004
112,112,Great place,0.8,0.75,Aug 23 2004
113,113,I'd stay I you!,0.0,0.0,Aug 22 2004
114,114,You must stay here!,0.0,0.0,Jul 28 2004
115,115,Great,0.8,0.75,Jun 1 2004
116,116,Hidden gem weekend,-0.16666666666666666,0.3333333333333333,Jan 8 2004
117,117,BloÃ nicht mit der Familie,0.0,0.0,Nov 26 2009
118,118,sonnige Tage London,0.0,0.0,Nov 15 2009
119,119,A Ã©viter!,0.0,0.0,Nov 3 2008
120,120,SchÃ¶nes Hotel den Londoner Docklands,0.0,0.0,Aug 19 2008
121,121,superbe,0.0,0.0,Jul 20 2008
122,122,Magnifico,0.0,0.0,Sep 8 2007
123,123,Confort mais personnel dÃ©plaisant,0.0,0.0,Aug 21 2006
124,124,un vrai cauchemar,0.0,0.0,Jul 25 2006
