,Unnamed: 0,Reviews,polarity,subject,Dates_extracted
0,0,"Not trustworthy respect booking We booked quite lot advance ABC Hyde Park Hotel, 2 nights (20 21 november 2009). We arrived there, happy seemed nice outside, discover decided move us another street (Sussex Gardens): Rhodes Hotel. We told guy reception booked ABC liked appearance expected good standard it, said Rhodes standard ABC. So went Rhodes, incredibly, there, told us room hotel, would give us room different building street close there, Radnor Pl. Finally arrived (not sign anywhere), room bad far booked ABC. Very poor service, serious all, never got email ABC telling us would put us different lodge.",0.17205555555555554,0.580111111111111,0.580111111111111
1,1,"Good couple nights We stayed 3 nights hotel. The first night woken 3 times due party going outside. The music loud, smashing bottles, yelling, drinking taking photos lit room. If due jetlag, I dont think would slept wink. At first I thought nightclub, 2.30am I went downstairs ask time closed. Reception came room believe loud I describing. They said London noise restrictions (found true) therefore would ring ask turn down, happen. It till 4.30am I able fall asleep even though party still full swing. Although first night horrific, next 2 nights quite. The staff good, great, helpful. The breakfast great. We enjoyed toast, cereal, fruit, juice coffee offer, ideal us. The view broken blind broken window (red tape cracks) back carpark filled rubbish nice. Overall I would recommend money limited want stay night two max.",0.07142217101894521,0.5021377368151562,Oct 20 2009
2,2,"Don't think I'll use Hotel clean rooms number points I would mention. Firstly first day one small hand towel two us. Our room room 16 eight flights stairs fancy lugging suitcase well good, otherwise ask low numbered room booking. On note breakfast room lower ground floor means even climbing breakfast. The location great, 2 minutes walk Paddington station 15 minutes walk Oxford Street. The worst experience coming back 1.00pm Friday afternoon find front door locked notice door saying would back 15 minutes. An hour half later two walks round block cup coffee local cafe someone duly arrived open door man reception. Not expect 3 star hotel.",0.05760233918128656,0.389327485380117,Sep 21 2009
3,3,"gem Having stayed central London B &amp; B's, I thrilled discover little place. It's great value money, even get discount somewhere like laterooms.com. Our double room clean decent size. The TV large flatscreen model plenty channels. Breakfast bright airy room included FRESH FRUIT fabulous bonus. There plenty eat although get full cooked breakfast. Best all, staff helpful let us leave bags foyer day checked out.",0.3256324404761905,0.502827380952381,Sep 9 2009
4,4,"Unclean bedsheets hot water Hotel appeared first glance ok, refurbished ok staff besides eager give new bed sheets. Free wifi flat screen tv. But room clean looking, especially found quite hairs bed. Also shower boiling hot water, shower possible. Have much worse-looking hotels London, cleaner-looking bed sheets. Supersmall room, problem. Breakfast ok.",0.1637711247086247,0.6094587703962704,Aug 26 2009
5,5,"Accomodating Value Money My husband I 8 year old son stayed 1 night along friends 2 adults teenage son.We found staff helpful even though english limited.The rooms clean opinion big PLUS point.The breakfast fine,cereal,tea, coffee, toast....ask seconds obliged problem.For Â£70 3 us think actually really good deal.I booked September....they given us Loyalty discount staying again.The situated great position,ideal exploring London.I would definetly reccomend it. Reading reviews understand sometimes things go according plan...this could happen even 4/5 star hotel,but feel sure given chance would try resolve problem.If looking somewhere clean base explore great price London would reccomend 100%",0.20833333333333334,0.4741452991452991,Aug 10 2009
6,6,"Don't fooled Hotel's website We made booking Laterooms.com beginning June stay 2 nights July. We arrived check-in told although booking full guests staying longer would put Classic road. The Classic disgusting, look review put there. If mistake made management tried put right would bad mistake, deliberately overbooked refurbished overflow guests would alternative stay inferior road. Don't make mistake next time could you. It allowed reporting trading standards.",-0.07655122655122655,0.37168109668109667,Jul 22 2009
7,7,"Another great stay This third time now. I'd booked one night time I'd arrived I needed stay another. The guy reception said booked second night hour later called mobile managed rejig room reservations I could stay room second night. If good customer service, I know is! I'm surprised review below. I thought breakfast fine. It's basic continental breakfast much like get hotel. The mattresses exactly soft I find comfortable enough sleep on. From perspective I think great value money. If expecting 4/5 star luxury accomodation London prepared pay 2 3 times rates charged hotel. I paid Â£49 first night via late rooms Â£55 second direct hotel. Lets face it, could really end staying awful flea pits London paying kind rates! The thing I problem previous stay internet booking I made via hotel's website which, rather oddly, processed via paypal billed dollars. There issue dollar amount charged less sterling rate room initially trying charge difference. I argued issue, mine pursue further. The thing I concerned fact get email confirmation showing booking details. I book via site time I know sorted issue yet. Neveretheless minor point dealt time. This small, clean mostly well run place opinion I think hard pressed find somewhere significantly better rate central London. I'll certainly staying again.",0.118577694235589,0.4224937343358396,Jul 16 2009
8,8,looks deceving The room nice bed hard could get nice night sleep . The frist morning went breakfast would day sight seeing shock offered bowl cereal two slices toast one boiled egg peice fruit decided breakfast out. The next day wife walking stairs hand rail came away hand behind would fell way stairs. staff care show concern later found staff understand english speak . If wondering stayed could find three nights free. We glad leave,0.10815656565656565,0.5256313131313131,Jun 21 2009
9,9,Limpio buen ubicado pero pequeÃ±o,0.0,0.0,Nov 13 2009
10,10,Gute Leistung fÃ¼r wenig Geld,0.0,0.0,Oct 25 2009
11,11,buon rapporto qualitÃ prezzo,0.0,0.0,Sep 15 2009
12,12,ABC Hyde park london,0.0,0.0,May 6 2009
