,Unnamed: 0,Reviews,polarity,subject,Dates_extracted
0,0,"Excellent Value We budget travellers preferring make time exploring destination. This cheap, clean fantastic location. It actually lot better expected read reviews real criticism quality sausages breakfast! The staff friendly County Bar comfortable drinks good value money.Don't put want somewhere sleep long day night London - place job.",0.3386904761904762,0.6,Nov 21 2009
1,1,"It`s absolutely Fine For Budgest Travellers Some people reviewed seem expect five star one star price.Wake people! London one expensive cities world. To get single room plus breakfast Â£43 cheap going find without going youth hostel dormitory. If London short period time, planning sleep, place perfect. If planning romantic break want dine hotel, look elsewhere.The built 30`s probably last refubished 70`s. My room small, furniture old tatty, TV didn`t work. But, bed linen clean, two towels clean, communal toilets bathrooms clean. The full English breakfast buffet style help affair, whilst food wasn`t fantastic, OK, filled rest day. If want leave bags check cost 50p, won`t exactly break bank.Best location. It`s 5 mins walk Kings Cross &amp; St Pancras, 1 minute Euston. The Northern line tube Euston means Oxford Street Leicester square ten minutes leaving hotel. The neighbourhood fine too, Hilton Hotel side street, Premier inn little way around corner (Although it`s twice price doesn`t include breakfast).If genuine budget traveller knows get pay for, problems staying here. If kind person finds Travelodge Ibis downmarket want Hilton road.",0.20727040816326534,0.501998299319728,Nov 10 2009
2,2,"cheap clean funny traveller abroad must say certain qualities kind london tube, double-deckers fish chips wrapped news papers. first bit shocked worn-out everything is, longer stay stronge go charm. good price. small clean room, clean bed clothes every day. facilities clean. breakfast &quot;english&quot; - supposed - maybe even much, saussages, bacon, beans.... would appreciate youghurt. town transport close, close center.the thing found annoying enter room right common corridor, unlucky neighbours room bit noisy.i would return travelled london again.",0.14531746031746037,0.598356009070295,Nov 6 2009
3,3,"old smelly.. My boyfriend I London 3 days 2 nights County hotel.. close centre city (very near British Museum) well served tube buses.. best (and only) quality hotel!the old, smelly fatiscent! room (we 6th floor!!) small, service inside room, little washbasin wash hands..but pretty impossible!the windows dirty can't look trough!the bed linen clean, pillow dirty smelly! I could'nt use it!!!the bath bad, clean essential even washbasin go wc come back room wash hands! foolish!we lucky user bathroom! imagine people 4 rooms using it!the breakfast simple, essential bad..Finally I think I come back again..and course there's something better!",0.05044704861111113,0.5048809523809524,Sep 16 2009
4,4,"County Hotel - Count us There may worse hotels Greater London area, great difficulty finding one. Problems included dirty surroundings, lift smelt urine. harsh lighting, communal bathrooms, poor service staff. All experience would want forget soon possible. The best feature stay one night. Not experience would want repeat hurry. We stay breakfast, uninvited visitor room, could discerned member staff public,as I screamed horror beat fast retreat. We rushed establishment fast possible, absolutely horrified.",0.09999999999999999,0.7192307692307692,Sep 5 2009
5,5,"Its bad! I stayed one night friend I think bad others said!Its budget hotel! Its old fashioned need paint job clean Buffet breakfast good! I saw chef comein several times replenish food.You shared bathrooms showers certainly powerful!You get pay frills want somewhere central put head could lot worse!The porters rather abrubt though time warp. Also, ask room back traffic bit noisy!",-0.02246031746031741,0.4123650793650794,Aug 4 2009
6,6,"Great little find - cheap This cheap &amp; cheerfull extremely well situated near Euston Station &amp; well known landmarks ie British Museum. The staff friendly &amp; price nice. The room basic &amp; included small tv, kettle etc &amp; clean. I would definately recommend &amp; I hope remains yet.Any &quot;upgrades&quot; result higher prices charged. Its Ritz Hotel definately cuts mustard.",0.19386904761904764,0.5614285714285715,Aug 4 2009
7,7,"Avoid place cost! The County Hotel London miserable place I've ever seen... Me partner budget travellers we've London loads times, hostel we've ever stayed prepared us this... The reception area dark gloomy hole, dirty carpet low grey broken ceiling. The whole place feels like prison... Our room third floor, door terribly dusty dirty grid. The room lit fluorescent tubes, making atmosphere far away cosy could possibly imagine. There several locks door, increasing feeling unsafety. The TV 1980s everything else room broken. We half expected find dead body wardrobe. As soon entered room went cancel nights we'd booked terrible place. Fortunately problem, fact staff hardly seemed surprised I told thought terrible. We hardly slept there. At 8:30 unfriendly cleaning woman kept knocking keys door trying push open. Fortunately; we'd locked door! We bother staying breakfast I read miss anything. Don't go hotel, want cheap accomodation London, try EasyHotels...Their rooms cost half County's they're ensuite, clean modern!",-0.10801587301587305,0.5337301587301587,Aug 3 2009
8,8,"Me grandson County..wish we'd gone elsewhere I think hotels like existed anymore!! From seedy, dirty, paper strewn reception even seedier Concierge desk plac.e dreadful.I 5 year old move around find somewhere else.It's grotty, miserable, dropping pieces depressing. Staff interested short supply. My room disgrace....budget not, nothing bad.STEER CLEAR...cheap rooms, well, even cheap 100% charging.",-0.26071428571428573,0.6285714285714284,Jul 25 2009
9,9,"You get pay for. I stayed night 1 night week everything last minute. Im used quite fancy places rule, expected worst.The price Â£43 single 1 night including breakfast.(doubles/twins Â£56)The staff reception fins checked ok found room first floor.the room nothing write about, bed small tv wardrobe, chair sink. clean, checked bed clean.its place would want room long, place crash.the room strip flourecent lighting, odd.The breakfast surprisingly ok, full english breakfast things would expect find.my verdict would be, great short time crash out.bear mind, also, quite central london price steal.what people expect price?? hotels start around Â£80 upwards area. people need get real, get pay for, price short time, complaints.",0.1775132275132275,0.37579365079365074,Jul 25 2009
10,10,"Cheap London The County Hotel one seedy hotels either going love hate. Its got lot character even though paint peeling walls strange smell air. I paid Â£40 per night bad. You get much that. The rooms cramped, beds lumpy want wash walk one spooky corridors looks like something The Shining! The showers actually worth effort. The County pretty good location. I found really useful catching Eurostar Brussels (ten minute walk). Its also great location visit British Museum Tube Station Euston, hop across road. From couple stops centre London.",0.2097222222222222,0.49097222222222225,Jul 23 2009
11,11,"Jeepers!!! Stay Away From Here I understand, also need budget traveling listen,some places better closed hole one themIâm snob horrible, called budget price isnât relevant grubby, sticky battered rooms, lifts, bar, part place happen walk into.Anybody thinking place value money needs reality check get better cleaner places pounds without breaking bank. Donât fooled pictures website I assure doesnât look like now!Anybody military back ground think back block rooms toilets 1950s barracksAnd go, thatâs County (without spit polish)If think Iâm harsh fair enough, warned Iâm telling like is. I disappointed walked place already paid for....I assure It hadnât paid front I would stayedMarks 10 ..........3......... thatâs porter helpful person there.I found user reviews I cannot believe I read give good score earth on? cannot justify dirt cleaning regarless costIf youâre going London see show whatever ruin trip sake saving pounds. Im Sorry County Hotel need sort place big time heres one example many....just go look carpet bar window tell im wrong!I Recommend everybody stays away place find another hotelI wish id checked reviews mate told hed booked",-2.413528314402514e-18,0.5260869565217391,Jul 8 2009
12,12,In need change First positives. The easy access Euston station compared many hotels London comes relatively cheap. Been racking brain trying think things come any.The facilites miserable. The door room looked though kicked flimsy. Felt bit doubtful leaving anything room. The room best described basic. The shared toilets showers archaic. There seemed constant stream laundy packed around corridors.Breakfast grotty crockery cutlery seen better days grubby. I think age knife prevented cutting sausages; seemed closer connection leather meat.The staff gave impression would rather anywhere else attitude guests bit way rather reasons work.Overall place needs improve terms customer care quality range facilities. Not worse place I stopped closer end scale other.,0.03555555555555557,0.5516666666666665,Jul 2 2009
13,13,Don't even think it! I've stayed much cleaner certainly pleasant youth hostels half price. The place filthy staff rude unhelpful. Stay full clear place.,0.0770833333333333,0.5458333333333334,Jun 30 2009
14,14,"Simple cheap conveniently located The simple completely tasteless, cheap, clean conveniently located. Even shared bathrooms always available, clean hot water. Also, breakfast good.",0.24933333333333332,0.6551428571428572,Apr 29 2009
15,15,"What BUDGET """" find"""" The built 1930's mint condition. All rooms shared baths tub /great shower head hot water clean convenient rooms. For Â£ 43 per nite (( sing)) incl fab full english buffet brakfast great deal.And I might add location Heathrow via Picadilly line Russell Sq Soooooo nice. And close EVERYTHING !! Oh yeah pub attached great cheap daily food lunch dinner Sat Sun ( )Superb bus connections Euston Station Cambden Mkt,....",0.5103787878787879,0.6827272727272727,Apr 28 2009
16,16,"Not nicest place! Immediately I walked door I realised I made mistake booking room here! I expecting much Â£43 per night, even price I rather disappointed. All I expecting clean room friendly staff, much ask County Hotel.After waiting 15 minutes check (there someone front making complaint (!), one person reception), I rudely informed I mispelt surname making booking (which I obviously hadn't)! Eventually I managed check given room 4th floor. The room small, TV remote, wash basin small cupboard empty spirit bottles someone obviously left behind cleaners taken away!In morning I prompty woken cleaner entered room immediately knocking giving time speak (!) followed interrogation time I would leaving could &quot;clean&quot; room.The rooms clean (by stretch imagination), neither communal areas, including main reception area, bathrooms, stairwells, dining room. Not nothing look clean could actually physically pick dirt!Even Â£43 pn disappointing good value money, despite location.",-0.052333333333333336,0.561047619047619,Apr 26 2009
17,17,"Rude Staff Dirty Places No Sleep! I stayed stopover early morning coach tour Europe cheaper one tour company suggested. Location perfect I wanted, price I could afford.I arrived check-in, told ?Spanish receptionist take bag porter check later. She even want see documents check I actually reservation (I'm thinking &quot;Free Left Luggage London!&quot;). Room tiny, loud! I overlooked main road busy night, sleep all! Plus, banging doors night, presumably bathrooms along corridor.Bathrooms corridors acceptable I found dirty plate festering away next lifts! Bathroom light work either walk get one did.I would recommend it, stop-over tours, nearly Â£30 cheaper one company recommends 5 minute walk tours starts.",0.03245614035087719,0.5070175438596491,Apr 21 2009
18,18,"You get pay The location convenient arriving Kings Cross, St Pancras, Euston stations, centrally situated Bloomsbury area London, near British Museum. It reasonably priced London standards, compensates shortcomings (in view). The main limitation WCs shower/bathrooms shared, means always terribly hygenic, although serviced cleaned every day. The single room I stayed clean enough, tatty, and, like whole hotel, badly need refurbishing decorating. The breakfasts provided reasonable choice cereals, fried foods, etc. Staff particularly helpful friendly, although I think unusual London hotels. The porters particularly surly, serving staff restaurant much better. I think offer reasonable value money, OK look roof head visiting exciting city London.",0.044792960662525895,0.4819979296066253,Mar 24 2009
19,19,"sleeping morgue would better!! booked place girlfiriend coming london three days budget. walk hotel, use loosest terms - dullness grime place hits straight away. lobby desparate need lick paint maybe even replastering carpet less thread duncan goodhew. rooms, one say rooms, sure rooms strangeways prison better would seem like luxury. carpets threadbare, sheets although clean looked like replaced 30 years. closing door greeted worlds fastest closing door slams force one megaton atom bomb!! walls shake closes, guests every door close entire hotel. The shared bathroom basic say least, urine stained tiles around toilet area showers certainly seen better days, 1950's come mind. unfortunate punishment ill london spending full evening prison cell room, say dirt, impression everything dingey dirty. basement roof need serious makeover. located yards away tavistock bus bomb went years ago, much terrible incident crime shame damage dire need refurb!!!!the plus points scraping barrel location, good tube mainline stations. budget, choose youth hostel premier inn instead place trully poor crime &quot;hotels&quot;",0.00018253968253965967,0.5023015873015872,Mar 8 2009
20,20,"Fair enough Stayed Nov 08 - third time I used it. Brilliant/the Ritz - quite adequate price location certainly is. Single room, shared bathroom WC. A handy place (if hypersaturated fats) doubt adequate fry-up breakfast see much day. Spotless linen (not sure carpet though), WC likewise.The (new) receptionist used giving orders taking them. That might consideration fourth stay.",0.20680014430014426,0.43536556036556034,Jan 28 2009
21,21,Fine spend much time If want somewhere sleep cash shops ok. Our room clean including beds. The communal showers loos also clean. The staff unhelpful ot info tourist information. The whole place musty smell old. From talking another guest I found used student accomodation students left yesterday. Should hostel rather hotel.Breakfast good lots choice. Overall clean cheap want spend anytime book Travelodge opposite looked nice,0.30916666666666665,0.44125000000000003,Jan 4 2009
22,22,"Just say NO County Hotel The County Hotel wretched establishment. It far dirtier, less organized, less friendly less spacious HOSTELS (not hotels, mind you) I stayed Europe! At least hostel staff attempt make feel welcome, act presence irksome mistake. I felt consistently uncomfortable unwanted County, tried spend little time I could room bleak dingy lobby. I choose stay hotel. Rather, school I studying (located continental Europe) booked us rooms academic excursion London. They even paid English breakfasts us! It would better sprung clean bedclothes. The breakfast included greasy eggs, mealy sausages, ghastly edibles. I note Continental options agreeable - especially muesli. I stuck safety cold grains fruit, rather risk shimmering threat hot breakfast. Another unpleasant surprise came I first walked room. With proportions ship's cabin (on lowest deck), view back alley rickety bunk bed, space much beckon glare me. The stained sheets (the comforter something crusted it) harsh lights nothing allay discomfort. Having sink room convenient, communal bathroom not. And accidentally lock out, good luck trying get porter help you! They treated peers undisguised disdain sometimes even scorn. One wonders people decided enter business.",0.029967948717948726,0.5272435897435896,Dec 29 2008
23,23,"Don't I stayed many low-cost ho(s)tels expectations, worst place I ever stayed in...filthy, noisy inside due &quot;doors&quot; even worse streetnoise, cold heating stopped night, lavabo clogged, breakfas decent choice depressing atmosphere tasty...do favour stay there!",-0.3154761904761904,0.7202380952380952,Nov 13 2008
24,24,"Shabby I spent 4 nights hotel. I didnt expect much thats I got. If spend one, maybe two nights London looking somewhere rest head night, Id say adequate, might start go little stir crazy. The room tiny, bed ok linen clean pillows paper thin, room badly needed coat paint freshen up. The bathrooms dingey werent cleaned night. The bar seemed ok, prices cheap closed 11 night closed day Sunday. The breakfast reasonable except toast left hot buffet went soggy. The staff polite welcoming, didnt smile say hello. On whole, I wouldnt go back unless budget tight option.",0.058869047619047626,0.43151785714285723,Nov 4 2008
25,25,"Hotel loosest sense word! I made mistake staying The County Hotel five years ago. Back I vowed never darken door again. The weekend past I repeated terrible mistake. Four weeks ago I spent four wonderful days London staying near Ibis Euston (great good price). Then opportunity came impromptu trip budget constraints. This reasoning parting Â£84 hard earned cash room two nights god forsaken dump. As turn Woburn Place Euston Road foreboding gloom County hits street, even front building grimy windows quite possibly dirtiest London. As force way revolving door met large brown lobby sets tone rest building namely unwelcoming inhospitable. When place last given lick paint? Check fairly efficient receptionist friendly enough. I given key cell. Cells consist bed, small portable television without remote control. A sink shared bathrooms every floor. (1 bathroom every four bedrooms) However, toilets separate bathroom. An uncomfortable bed two pillows softness two lumps lead. The bed side light strip light harsh actually brighter main ceiling light. I might add sheets appeared clean seem changed daily. Needless say I spent two sleepless nights. The uncomfortable bed compounded fact walls paper thin room bathroom constant flow bedroom doors opening closing bathroom doors opening closing sound toilets flushing. This cacophony doors slamming height late night people go bed early morning. It really make restful nights sleep busy day sightseeing London. I must admit I shower two days stay. I couldnât bring use bathroom facilities. The bathroom closest cell three soiled towels floor â enough put off. Nor I make use dinning room, despite fact Â£84 bed breakfast. I put fact beside kettle cell sachet milk covered indistinguishable grim. The modern additions âhotelâ internet terminal reception I inserted required Â£1 coin failed connect net. Also mobile phone charging cabinet enough leads cables able charge model mobile. I didnât make use it.I stayed hostels budget hotels similar basic facilities difference spotlessly clean County grimy impression given staff get away bare minimum terms house keeping. The people would comfortable dump would people happy ***** (5 letter word beginning S)",0.04932614555256064,0.530884995507637,Sep 29 2008
26,26,"Wouldn't go again. My husband I stayed County Hotel 16/17th September, found quite easily directions supplied.I wheelchair big obstacle get in.Booking quickly done received room key porter travelled Australian,a lift 1st floor exceptionally smoky room despite requested room non smoking one!!whoever must bad lungs coughing guts now!!! first thing open window get porter spray room air freshener effective 5 minutes! We sprayed many times remained smoky even window open! The room basic quite clean.Breakfast good quite honest good selection food much wanted,the waiters/waitresses friendly helpful,couldn't fault food all, clean overall dining room.Drawback lack ensuite facility!One warning!! Don't book taxi porter get ripped off!!instead go outside get black cab less half price!! horrendously overcharged driver used satnav direct him!!!this true taxi drivers London 'knowledge training'",0.20629807692307683,0.5063461538461538,Sep 13 2008
27,27,"Great Value This place bad review suggest. The staff friendly, bathrooms (shared) spotless though mothball smell, clean. The biggest advantages obviously great location little half cost budget hotels area. If like it, surrounded every side much nicer (and expensive) venues. If need room sleep, shower, store things, perfect.",0.18173076923076925,0.6006410256410256,Aug 23 2008
28,28,"Better expected Having read reviews booking (for 3 nights), I pleasantly surprised. Staff friendly helpful, bathrooms toilets close room always free accessible breakfast right (with British breakfast, I expect something traditional, exotic culinary delights, exactly that, much wanted). Of course, place basic rather run down, reasonably clean, all, expect price Central London? The location perfect.",0.20246449456975774,0.4776106934001671,Aug 17 2008
29,29,"Pray There Isn't A Fire! Very basic, incredibly cheap Central London (five minutes walk Euston Station). Room size prison cell, bed rather less comfortable. Toilets bathrooms shared several rooms.Biggest problem came late night fire alarm. There fire notices rooms (is legal?), guests idea evacuation procedure, assemble etc. Consequently stood around directly outside entrance could burning building. There seem staff hand help guide five minutes alarm sounded. A far impressive performance.The English breakfast okay, limited vegetarians (eggs baked beans).",0.16936507936507939,0.4009920634920635,Jul 27 2008
30,30,"careful A bit basic ok, dont think would stay again,good getting around tube,easy find ,the room basic,the shared toilet shower wasnt ideal ok, sheets cleaned everyday towels.breakfast abit dodgy,be careful eat.",0.18185185185185185,0.5583333333333332,Jul 18 2008
31,31,"ITS A DISGRACE!! We stayed one night only, thank goodness, Nelson Mandela's Birthday Concert, Hyde Park 27/06/08. It cheap, expecting much....we spent boozy weekends dives Blackpool mind roughing bit occaision. This A DISGRACE...the toilets dirty, old inhospitable, wash basin wash hands returning bedroom. The corridors high ceilinged, grubby,cold creepy. The fixtures fittings old, unsafe. The windows 4th floor room locks fasteners opened wide onto sheer drop...DO NOT BRING YOUR YOUNG CHILDREN HERE!!The breakfast rancid, cornflakes edible, waiters oppressive,especially doorman acted like extra Tenko. The dining experience possibly similar eating victorian workhouse, serviettes plastic flowers superficial resemblence hotel....you could eat much wanted eggs example first looked double yolked examination probably pidgeons inedible, stomach churning!!! We exhausted elated concert sleep woke 6 sound doors slamming, police sirens church bells. The thought anyone would book looking place unwind busy day sightseeing, possibly idea indicative English Hospitality filled us horror!!!Unless blissfully unconcerned environment, safety children, origins breakfast, sadomasochist, poor backpacker stop here...PAY ANOTHER Â£20-30 per person AND ENJOY YOUR BUDGET HOLIDAY travel lodge, novotel premier inn.",-0.022560096153846156,0.5232051282051283,Jun 29 2008
32,32,"get pay During 2 night stay County, huge complaints felt entire old disrepair. The nearby hostel stayed prior County many ways nicer hotel. The whole place smelled weird decor old shabby. Our room problems except old shabby like everything else. It reasonably clean carpets, curtains, bedspread looked dirty. The bed sheets towels clean though. We hardly spent time room sightseeing day every day, place sleep sufficient. The shared bathroom facilities clean enough functional. The great location probably best thing hotel. As far staff, helpful others not. The receptionist check show slightest hint interest friendliness, porter helped us arrange early morning taxi train station wake-up call helpful. If looking place amount character charm, County you. But, need cheap place sleep night County might good option.",0.21045454545454545,0.5243181818181819,Jun 12 2008
33,33,"The negative reviews false. After reading negative reviews, bit nervous staying here, fears unfounded, place perfect us. The location central; days walked attractions rather take tube. The English breakfast buffet generous three weeks traveling Europe, eggs, toast, beans, sausage, bacon, that, also cereal, juice, tea. The &quot;seasoned travelers&quot; wrote negative review clearly need seasoning: Sure, Four Seasons, I've stayed lots hostels North South America, County Hotel beats easily. There indeed real showers, cares? If go ANY US, even nice one, going end standing tub. We also found staff friendly.Yes, doors seem slam pretty loud, hear neighbor's door. You also hang &quot;Do Not Disturb&quot; sign go bed, cleaning staff starts early. But minor complaints, price location, County Hotel cannot beat.",0.1777777777777778,0.5776455026455027,Jun 12 2008
34,34,Worst experience ever........ HelloI wish feedback experience staying County May 30/31.I booked twin rooom supposedly bath English Breakfast. When I checked I told TOURICO HOLIDAYS -my booking agent - provide Continental Breakfast. The receptionist said would call TOURICO confirm get back clarify never did.Our room bath WC despite booking reference clearly stating printout I gave receptionist.The public WC's disgusting decorated contents someone's poorly stomach.At breakfast &quot;Restaurant Manager&quot; surly unwelcoming. All could say &quot;Continental Breakfast&quot;. The toast mould &quot;Chef&quot; stand row waiter front customers.All poor experience. The staff receptionist showed total lack integrity.I felt embarassed behalf foreign visitors received negative impression fine capital city.Ben Ackroyd,-0.16188888888888886,0.48033333333333333,Jun 1 2008
35,35,"County Hotel The County Hotel big surprise cheap London, fact bathrooms shared. The staff pleasant polite. The rooms clean,as bedding, I've dearer hotels clean. The shared facilities clean shower worked wonderfully well.We booked full breakfast pleased. It buffet breakfast could help much little wanted. It well cooked tastety.All BIG thumbs The County Hotel. Just try ask room back like traffick noise!",0.33070512820512826,0.5346153846153846,Apr 30 2008
36,36,"Breakfast great eat rolls The rooms small reasonably clean, aware road outside &quot;never sleeps&quot; light sleeper, ask room back aovid traffic noise. The disgruntlement I male guest chose use bathroom mornings without troubling close door first minor complaint. I quite impressed breakfast served despite warned expect much. I'd love know building used prior - nurse's halls residence, perhaps? (My friend suggested pyschiatric home!) You get pay management/owners looked building's features/potential restored sympathetically, adding en suite rooms, could command much higher room rate currently do. Just opinion though. Heigh-ho.",0.18833333333333335,0.426078431372549,Apr 13 2008
37,37,"Filthy filthy filthy. Imperial Hotels, operators County, say providing accommodation since 1857. That also probably last time property thoroughly cleaned. In course five-night stay I asked moved twice (the time I made request quarter-century travel across five continents) confirm rooms uniformly squalid unappealing. The leaking Victorian casement windows, can't fully closed, admit wind rain. Horizontal surfaces covered millimetre-thick layer black street dust. The carpets, I given understand, laid 1970s. If risk breakfast, apt find debris previous day's meal adhering plates. Ironically, communal bathrooms showers probably cleanest parts house.The County conveniently located--Euston Station 150 north--and, London standards rate, economically priced. Those are, however, things said favour.",-0.08888888888888889,0.6444444444444444,Mar 31 2008
38,38,good value sister stayed two nights march 2008. wasnt expecting much read reviews honest think got paid for. wanted would paid stayed somewhere else. bed comfy breakfast great. need work done staff friendly room clean. yes place need love attention given restore potentially great pay fine. require bed sleep cheap price get.,0.5131944444444444,0.6,Mar 29 2008
39,39,wow I stayed knowing budget hotel. At time booking afterwards read peoples comments concerned went attitude spending alot time room hotel. Ok room dated small staff friendly always help. The porters got used straight away even need say key number. The breakfast excellent every morning. Who goes london stay room? I literally woke morning showered eat breakfast left came back 11 oclock night. Very centrally located places tube. Do put peoples comments. If want better go four star hotel. I concerned bathroom facilities room problems shared bathrooms. They always clean toilet paper last morning mistake even found shower cubicle floor. There plenty toilets bathrooms floor. On one occasion met someone corridor morning. I would definetely recommend anyone would like stay central london. Always ask room back quiet night.Michelle Farrugia (Malta),0.14818840579710146,0.43152173913043473,Mar 23 2008
40,40,"Read This If You Are Staying At The County Hotel Euston My friend I looking close Camden weekend shopping going evenings. I stayed 1st - 3rd Feb 2008. If looking relaxing romantic eveninigs soaking private bubble bath you, want somewhere cheap leave belongings, shower sleep perfect. The staff reception effecient check simple. We obtained key room form porter went averaged sized twin room. On first glace seems sparse, everything needed there. There two quite comfy beds, fresh sheets blankets two pillows. There extra blankets drawerss use. At front room sink little soaps, drawers, towels, small kettle, tea coffee spoons etc, TV leaflets area. The radiator lovely warm wardrobes hangers them. The room overlooked main street traffic could heard whether window open - loud definately disturb sleeping! The rooms pretty clean - jut little dust cracks behind radiator. The shower rooms literally 3 steps away side corridor I see another person use whoel time I despite rather busy. They sparse water hot kept clean. Between four rooms end corridor two showers three loos, lockable. Breakfast surprised I expecting much Â£51 per night two people! There huge selection sausgaes, tomatoes, bacon, two types egg, toast, rolls, butter, jams, marmalades, fruit, lots different cereral well fruit juices, teas coffees. There also alot attentive members staff breakfast too. The key left reception whenever left hotel, problem. The porters effecient, even 3am came night asked point us nearest place sold food! It took us eight minutes walk back Camden five minutes get Kings Cross - location brilliant, accross road Euston tube/ train station road Euston Square staion. The generally quiet despite quite full. I'd stay shot. It may luxury certainly value money.",0.1540769085411943,0.5267762660619804,Feb 4 2008
41,41,"DON`T GO HERE!!!!!!!!!! The Hotel total disaster.. Nothing works, NO showers, stand dirty bathtub, people work totally unhelpful shame human race...IÂ´ll rather recommend bying sleepingbag sleep whit bums parks..IÂ´m NOT kidding, donÂ´t [--] go County Hotel, dissapointed..",-0.15,0.6,Jan 4 2008
42,42,"Great price....nasty I stayed twice. I make mistake again.This admittedly great prices. Â£41 single. But admittedly prices renovated since seems like 1960s cash cow. The rooms basic, fine, also nasty - TV bolted desk, switch separate light switch strange reason. There always seemed something broken - first time I stayed, phone work, bathroom light shared bathroom work. The second time, bedlight room work, bathroom light again...It REALLY hard sleep well here. The windows single glazed, avoid rooms main road like plague, rush hour traffic 6-7am wake up. Also, every door 'slam shut' function walls really this, every time someone leaves room like bomb going next you.There also proper showers. You stand bath. The floors bathroom rotting linoleum. The place ludicrously overheated winter.The one positive thing breakfast....and price. If afford more, though, go somewhere else. I certainly will.",0.11028138528138527,0.42481818181818176,Nov 21 2007
43,43,"come bad!! For Â£41 night, 2-minute walk Euston station, simply never going better County Hotel, unless friend offering free lodging! It's clean enough, well-guarded enough, breakfast bad, rooms TVs, bath, toilet &amp; showers clean. I frankly idea people expecting location price. The complaint I walls bit thin, rooms close other, whenever anyone closes bedroom bathroom door, like small crash room time. But get used it. And may dodgy characters about, nothing like brothel drug den earlier reviews suggest. I highly recommend need central London budget.",-0.009500000000000012,0.49902380952380954,Sep 22 2007
44,44,"Become time-traveller! My rating based expectations price. For Â£41 single Â£53 double excellent location central London, one expect much! It get room shabby B&amp;B. At County, staying purpose built albeit one nearly 70 years old which, apart occasional lick paint, seems undisturbed since. The experience bit like going time warp. The rooms small clean en-suite. However, I never wait get access bathroom. The plumbing old-fashioned showers powerful. The signs around seemed 1930s originals. The bar offers glimpse London pubs used be. Even bar prices seemed several years date!Breakfast traditional substantial. Porters, receptionists bar staff polite helpful.OK place urgent need refurbishment but, know anywhere else central London price-range whose directory room services still includes (at extra charge) breakfast room service, babysitting internal extension florist, I'd love hear it.If Imperial chain ever decided spend bit restoration could probably re-package County &quot;retro-experience&quot; double rates!",0.12976190476190477,0.3244642857142857,Sep 4 2007
45,45,Terrible - Stay somewhere else! This worst place I ever stayed in! And comparing hostels well hotels. To fair canât expect much price I hoping would least clean hospitable.The staff incredibly rude unhelpful. When checking basically told receptionist better things hurry up. The shared bathrooms dirty expected use towels already communal areas supplied personal ones. Breakfast awful stale bread gone milk.I stayed hotels Imperial chain never problems I surprised bad service here.If need cheap place stay London I would advise staying hostel finding another similarly priced hotel. It trying hardest make unpleasant experience possible.,-0.16706349206349205,0.6567460317460317,Aug 15 2007
46,46,"AWFUL This truly terrible. When booked realised budget two experienced travellers perfectly used hostels expecting cheap cheerful nothing more. Firstly, arrived I said name receptionist proceded fling yellow form actually threw biro! When I filling form fast I could (taking roughly 60 seconds total!) receptionist tapping nails table ushering along actually said &quot;I things know&quot;. My friend I actually believe it. The porters inoffensive general although I certainly call friendly! The maid woke us 8:30 seemed badly organised staying one night need checkout 11, would expect maid clean room. The bathrooms grimy hot tap became hot turn shower scalding hand! There bath towels provided room, couple hand towels basin. Those provided bathroom obviously want use can't sure clean bathrooms shared. When friends came foyer walking back, first words &quot;it smells here&quot;. After expecting much breakfast thought might something edible, wrong were! The cooked breakfast looked worse school dinners, bread rolls rock hard stale, milk off. There waiting staff diners fussing around us seemingly purpose, friend described &quot;zombies&quot; I think summed well. Frankly horrid experience I would never return!",0.06892006802721092,0.5760090702947844,Aug 15 2007
47,47,"Nice Hotel I returned Manchester UK staying 4 nights County Hotel London. My room spotlessly clean. The breakfast lovely staff friendly helpful. Yes budget people treat it. For rates charge, one never going get facilities top class hotel. All I want somewhere sleep nice clean room nice clean bedding. Which I County Hotel. The situated near Euston Station. There bus stop outside hotel, tube station Russell Square around 5 minute walk, time walk Euston Station.I stayed County pleased it, I already booked 10th December 2007Kathybell25/05/2007",0.3482142857142857,0.6107142857142858,May 25 2007
48,48,"Depressing horrible Fair enough, cheap London, I guess I expected much, place horrible! I've stayed similarly priced places London better locations, none anything like this.The staff reception rude looked like they'd rather anywhere else there. The whole place incredibly depressing vibe it. My room particularly clean, plain ugly. The whole place needs renovated, badly. Nothing - furniture, curtains, blankets - seems like updated replaced (or cases even cleaned) good 40 years. The noise street horrendous stopped sleeping The shared bathrooms also issue, terribly clean either hard access needed people using them.Do favour, stay hotel.",-0.14080086580086582,0.6245670995670994,May 18 2007
49,49,"cheap cheerful!!! i've discovered staying regents palace aka flea pit!!! years . county half price paid flea pit place sometimes minging! regular theatre goer sometimes want go evening shows can't unless stop overnight london due living midlands trains back.this great short walk euston,and far west end great tube,bus links can't bothered walk.yeah old fashioned,scruffy there's en suite cheap safe warm me. plus brekkie amazing brekkie rarley eat till late night,i've three stays booked far tjhis year probaly more. thing i'm keen keys i'd prefer key card problem.plus last year stayed days clean towel new small bar soap every day.i book british travel agency/company even better value cheaper booking self",0.21274817136886104,0.5255104091310988,May 10 2007
50,50,"Where begin! Things started badly stay County Hotel, one parties booking &quot;lost&quot;. I fail understand happen, that's told. After finally allocated rooms, eagerly anticipated good kip long day course.The lift, hindsight, best thing hotel, actually worked.The room large enough stick single bed in, vanity unit end. I would hazard guess Malboro cowboy stayed room me, stunk like someone smoke 24-7 past 3 years. This somewhat strange, 2 inch gap top sash window frame, provided ventilation, whether liked not.My colleague knocked door seeing room, quote &quot;I realise places like still existed England&quot;. I terrible nights sleep located right next door ambulance depot, one main roads running Bloomsbury. The window problem clearly accentuated noise penetration.It worth noting one toilet shared 8 bedrooms, need loo, frustrating time. For blokes there, sink room reachable.The breakfast administered guy looked suspiciously like Pol Pot, ruled breakfast room similar attitude doppleganger. The breakfast passable, like cold toast unsually chewy sausages. Even though cheap, find better alternatives similar price. How place passes health safety year I know!",0.04118165784832452,0.46155202821869484,May 1 2007
51,51,"The 70's Hotel around! The breakfast great, aside rest bit let down.I cant describe 70s place is, orange wool bedcovers, orange curtains, dark brown orange carpets corridors etc, like Life On Mars Rising Damp something.We asked double, 2 single beds pushed together, split apart I fell middle maid walked in, without knocking, I found rude. We werent given &quot;do disturb&quot; sign anything. Anyway, walked on, made leave quickly, bwahahaha!The whole really isnt bad. Its good value, put new carpet down, got new curtains, beddingand furniture, maybe threw double beds king size beds, it'd superb.If I really lost choice, I'd stay without much protest.",0.08992604617604617,0.34089105339105336,Apr 16 2007
52,52,"decent budget choice The County budget choice Imperial line, properties along Upper Woburn. We stayed 3 nights small triple daughter. We selected County price ($71 pounds English breakfast buffet) location near Euston British Museum. The guests families children, retired couples, solo. The staff friendly, cleaning services prompt, breakfast quite good (tea, coffee, juices, milk, cereals, fruit, rolls, toast, jams, eggs, bacon, sausage, beans, tomatoes). There bus stop outside front door small bar serving drafts 3 cask ales good prices. Food also available order bar.",0.12083333333333332,0.3404761904761905,Apr 14 2007
53,53,"Good budget Stayed one night. We picked basically reasonable priced near Euston station getting train. The reasonably priced facilities basic good tv tea coffee making facilities rooms. There satety deposit boxes reception. Staff friendly got buffet hot breakfast consisting bacon, sausage, egg etc. Continental breakfast also available.",0.3375,0.5361111111111112,Dec 3 2006
54,54,"Sleepless Nights! We stayed three nights honeymoon. What mistake. I wanted checkout minute went room. It like hospital room, infact convienced mental institution hospital time ago. Shared bathrooms toliets horrible like everything else hotel, I felt like I school camp again. The bed terrible. We rolled middle could actually see sprngs sticking mattress. I actually thought floor comfortable. It close train Eurostar positive note. We stayed day long could didnt go back . You get pay for.... much.!I would never stay again.",-0.09356060606060608,0.41212121212121217,Nov 4 2006
55,55,"Perfactly Acceptable I've given 4star rating compares Hilton even Imperial counterparts (its part Imperial chain), pretend anything cheap cheerful hotel.I chose stay County prior I staying considered long stay (AKA bedsit) truely aweful - everything place foul.The staff friendly County, Â£40 night includes lovely English breakfast. The rooms clean - old fashioned. Equipped TV tea makers.The bathrooms shared, I assure readers clean - apparently cleaned every 3 hours. There's grout, filthy shower curtains showers hot powerful.I've fair share NASTY hotels, County Hotel certainly exceeded expectations - great small budget. Would I return - yes absolutley I budget.",0.12375541125541129,0.566883116883117,Nov 3 2006
56,56,"For impecunious scholars If go, make sure ask room back. The street front one busiest London, cars, taxis, coaches, buses lorries fiercely rushing past night. Even window closed, constant noise makes impossible sleep.Otherwise, great location work British Library, easy access Euston, Kingâs Cross St Pancras railway stations. Until Eurostar reaches St Pancras (2007), fact conveniently located Eurostar Waterloo, No 68 168 bus drops right front hotel.So pay location. The rest bad indifferent. If come London see sights West End, find far better en-suite bargains Bayswater shop around. The Â£40 rack rate (single, incl. English breakfast) negotiable agencies offer lower tariff Internet.The big, silent breakfast room remind monastery, like tiny room â indeed really suitable scholars work British Library University London.",0.06004140786749483,0.457487922705314,Sep 19 2006
57,57,"Very basic We stayed 2 nights 27th May 2006.The great location easy access tube lines Euston, Euston square Russell square.The rooms basic comfortable bed, sink television variety channels. Although bed sheets clean, cleaning rest room scratch. When arrived dead insect next sink ciggarette butt floor remained left 2 days later.The rooms en-suite share bathroom 6 rooms. This inconvenience however I aware booked it. The toilets sinks go back room wash hands.The reception staff friendly allowed us early check-in 9.30am.The porters rude unhelpful. Coming back two nights row caught sat around beer reception. We even charged 50 pence leaving bags couple hours checked out.The decor old fashioned looks run-down. The public areas dull badly need bringing up-to-date restoring. On positive note lovely cooked breakfast set us days sightseeing. The cheap Â£52 per night served purpose base sightseeing somewhere sleep. Other one worse hotels I stayed in, although spoil trip London. I would reccomend budget traveller frills.",0.03789281705948374,0.4203563411896745,May 30 2006
58,58,"edwardian splendor county stayed county week last year visiting london lord mayors show although en- suite facilities staff friendly food good. dinner night plain -fare money pay cant buy coffee anywhere london for. paid Â£4.00 dinners chops onions, cottage pie etc. go anywhere london central pay coffee. going back least year.the decor edwardian art deco places especially bathtubs although baths en-suite every floor dont wait queue bath shower. although edwardian places rooms everywhere went spotless would recomend anyone budget wants value money. time back roomm change night sleep.",0.062225274725274726,0.37930402930402934,Apr 24 2006
59,59,Clean cheap generally quiet well placed If consider much pay I think great. The thing may put people isthe factthat bathroom toilet shared along corridor ALL rooms. I also like factthat light flourescent tube light.I back three times far one night stays workign London I go back again.,0.18611111111111112,0.5319444444444444,Apr 4 2006
60,60,"truthful review Very basic,it stated two star one star would line.It stayed untouched 40 years,very rowdy guests area,kept clean guests tried flood place leaving baths/showers running.Breakfast good,staff untalkative,not many spoke good English basic can't complain price,central next good transport links.Hey,you get pay pay much bargain.",0.2904761904761905,0.4017857142857143,Sep 7 2005
61,61,Uno de los peores hoteles...,0.0,0.0,Nov 15 2009
62,62,abbondantemente scarso,0.0,0.0,Sep 16 2009
63,63,Para lo que cuesta excelente,0.0,0.0,Jul 13 2007
