,Unnamed: 0,Reviews,polarity,subject,Dates_extracted
0,0,"Cockroaches bathroom! Steer clear Central House Hotel! This disgrace avoided costs. I stayed 1 night (10th-11th Nov 2009) I would never EVER go back, would I wish unpleasant stay anyone. PLEASE BE AWARE NOT website advertises pictures bear little resemblance actual room. A details Central House Hotel Experience:-Room smelt stale smoke-Ripped duvet cover-Shabby appearance (dirty walls, holes wall, dirty scratched laminate floor)-Broken sink-Broken lights-2 Cockroaches bathroom (absolutely disgusting unacceptable!)-Dirty bed-side table (cup stains)-Cracked bathroom tiles-NO HEATING!When I requested complain stay I told I send email hotel. I never stayed poor unsatisfactory hotel. Stay another neighbouring better quality - many Victoria area.",-0.1648611111111111,0.4824074074074074,Nov 12 2009
1,1,"TERRIBLE PLACE! Don't waste money dump! My husband I stayed (room 303) two nights end London/Berkshire vacation. We trying find reasonably priced place stay area friends also staying (Winchester Hotel). This option quite disappointed! The room tiny definitely needed renovated. The walls ceilings cracked. The paint peeling walls. The bathroom full mold mildew. The tiles cracked loose. The shower curtain blood stains mildew bottom it. The trash emptied used female hygiene pad behind toilet wrapped tissue somehow got overlooked. The cherry top pubic hair located bed I pulled sheets go bed. I complained nothing done. I told guy desk Trip Advisor would getting &quot;a page-full dump.&quot; I know inexpensive place stay, least clean place!!! It rated three stars, I give one. I'd rather stay hostel!",-0.08378498189696106,0.4583214624881291,Oct 21 2009
2,2,"Mould exposed wires peeling paint stained carpets - needs total refurb. Although staff pleasent enough location central, I would recommend friend. The decor much desired mould exposed wires bathroom totally unacceptable. The entire (with exception reception) requires total refurbishment much higher specification currently has.",0.05,0.5333333333333334,Oct 18 2009
3,3,"If worst London I've yet see I booked double room far smaller single room I've ever stayed before. The bathroom facilties even smaller, bearly room one person wholly clean strange smelling. The worst day stay day 3 - day started hot water (whole hotel), I returned home end day find mobile phone stolen room! Avoid hotel!",-0.1333874458874459,0.5740259740259741,Sep 24 2009
4,4,"ceiling leaked! We initially happy &amp; felt offered value money, night ceiling started leak light &amp; smoke detector. We reported straight away could offer another room, bucket.Luckily missed bed disturbed night I feeling anxious. In morning stepping around soggy carpet &amp; worried electrocuted. I also suspect smoke detector working &amp; stains around fittings meant new problem.On checking asked refund forthcoming.The desk staff maintained able make decision refund &amp; unable contact manager. No concern offered &amp; advised write complaint &amp; leave them.The next day husband spoke manager &amp; finally offered 50% refund.Although went way compensate us feel adequate &amp; full refund given goodwill.",0.055011655011655024,0.5971445221445221,Sep 9 2009
5,5,"Think compact go wrong. We read reviews Trip Advisor saying rooms small side definitely case (we Room 108). We could open cases fully floor put onto bed time needed access them. We couldnât empty cases eliminate need put things wardrobe small would held six items â staying five days light clothes. There drawers room wardrobe door it.There safe room could use, take valuable room wardrobe. There little balcony outside window, notice window asking tenants go balcony, presumably safe, matter anyway open door fully access balcony bed right side it.Whilst room much small side, clean tidy serviced every day cleaners.Other reviewers said staff unfriendly ignorant - I would like say experience staff totally opposite. They greeted time helpful asked help advice. They provide number leaflets reception area things whilst London book onto tour company leaflets required.Breakfast served continental (wish London hoteliers would go back Full English), plentiful. It self service, staff hand fill trays back up, never hanging around waiting supplies replenished.All all, good London hotel, ideally placed Victoria Pimlico tube stations. Yes, rooms small, borrowing room little while, setting residence there. We would definitely consider booking short stay again.",0.08273065476190476,0.48299107142857145,Aug 1 2009
6,6,"Pay For A Prison Cell !!!!!! Let start begining. From Victoria TRain Station good 10-15 minutes walk luggages way I saw many hotels, passsed grtocery store , restaruant KFc. The outside nice order attract custmers prison. Anyway got warm reception guy okay. Booked family room expecting room like website no!!!!!!!!!!!!!!!!!!!!!!!!!!!!!!!!!!!!!!!!!!!!!!!!!!!!!!!!!! &quot;Here go room 52 basement&quot; said staff After opening many fire door many turns (like maze) found asnd expecting nice room no. okay key rarely fits old fashioned room keys werte attcually cards room using cards open attcually cheaper price room! Okay got super small little amennty like prison. Family room one samll sofa bed smaller doubke bed one real double bed. The floor wasnt carpet atucally fake wood squeeks ever go it. The TV wsas roof small walking. There water pipes stinky smell sewage go top room. okay bathroom small poorly mainted shampoo running low. THere small desk chair desrk filled weith junks like instant cofee dirty mugs feedback forms. THe gunranteed wifi signal room avalible. Okay later go complain indian staff bad atictiude hears consverstion &quot;May I help you&quot; &quot;Yes I want know complasin room 52 thw wifi signal&quot; &quot;I understand room 52 poor basement rooms I change room&quot; regarding wifi signal said avialbe room&quot;&quot;Your website collegue&quot; &quot;Okay may right need see proof&quot; anyway arguing agreed switch room next day diffrent family room. The breakfast = horrible. wholly cooked egg , toast,yougurt,milk,creal,juice,butter, packaked muffin,cofee. Okay I bear When got room changed found much better atucally rate room 52. I room 17 ground floor wifi signal. SO I unlock door CARD floor carpet time real beds looks bit like websites picture. The toilet shower however flaw 2cm lower toiolet floor curtain blocking floods easliy. Nextg day I deciede complain compesation first night I bad attitude indian manager. When I told everything said &quot;What expect isnt 5 star budget hotel&quot;after listing things relieved dtress said &quot;I things worry like daughters school .. things please tell writing&quot; The story way long bad things remeber JUST DONT BOOK THIS HOTEL THE BASEMENT ROOMNS ARE LIKE A PRISON!!!!!!!!!!!!!!!!!!!!!!!!!!!!!!!!!!! If cant give location price hotels clse including nextdoor Let tell next doors like Easyhotel, AScot Hotel,and many go google maps street view look self names. The computer lobby cost money",0.06575814536340853,0.49302422723475364,Jul 28 2009
7,7,Not claustrophobics Four us attending royal garden party location ideal allowed get rooms early. Our friends family room good size 2! Our room iniscule. I struggled open french doors balcony got paint fragment nail. They need cleaning decorating. Fan wall. There odd smell corridor! Breakfast bun fight poorly set dining room. Felt sorry staff fight way jostling diners replenish crockery etc. Breakfast fine kept us fuelled lunch. The price good bed breakfast stay one night. wifi handy.,0.26611111111111113,0.5775,Jul 17 2009
8,8,"booked turned told room! We booked room 3 months advance. After travelling Australia (a good 24 hours) turned tell us room us. They tried tell us leek could stay, even though top regestration card said &quot;dummy room&quot; in, probably overbooked find us alternative accomodation 1 night move us back 2nd night So walk another 10 minutes luggage get best western actually better hotel. On 2nd night stayed appauled, room big closet. hard fit 2 people luggage it! bathroom like port-a-loo! I WOULD NOT RECOMMEND THIS HOTEL AT ALL!",0.2899621212121212,0.2674242424242424,Jul 15 2009
9,9,"Nothing like pics website I wish I'd looked reviews I booked hotel. I check hotel's website though booking room looked different ones website arrived hotel. It tiny, double bed 'wardrobe' tiny fitted 5 things it. The bed unstable bedside lights work, 2 sockets room, 1 work. The bathroom size cupboard shut door get shower. The shower corner bathroom- cubicle, side maybe 2 inches deep, 2 mins whole bathroom floor flooded. We put room basement area, corridors kitchen dining room grubby smelled bad. When came back room one night maid opened window ground floor. It seemed like 2 star 3 star me.Apart fine.... lol.",0.09097222222222225,0.4434722222222222,May 11 2009
10,10,"fab planning cheap weekend london place stay clean ,freindly, warm. good breakfast lots .and good local pub round corner.",0.3966666666666666,0.54,Apr 19 2009
11,11,"Fit purpose Inspite views others I say rooms look like web site lucky enough one. Although small, clean smart back quiet. One one cold night stay radiator came room warm. The shower room small, might expect created bedroom, fit purpose. The breakfast continental seemed plenty. However I longed rearrange serving area less convenient arrangement would difficult imagine. This luxury days sightseeing shows quite adequate conveniently situated Victoria Pimlico statins 30minutes walk Big Ben.",0.03783068783068783,0.48941798941798936,Mar 24 2009
12,12,"Noooooooo Terrible, worst room i've ever seen ..... You must choose getting room, u luggage ........ Disgusting, think staying [--]",-1.0,1.0,Mar 13 2009
13,13,"For Cold sleepless nights must! Hotel clean Close Victoria two good points. The room looked nothing like theWebsite, shoebox Bathroom/shower. Windows single glazed must original installed. They unlockable draughty. Our room basement bags Laundry delivered railings 7am morning. Breakfast chaos. Interestingly, 6 unfortunate guests stuck lift staff oblivious told them[even alarm going off] Would like repeat experience!!",-0.023001700680272106,0.7520408163265306,Feb 22 2009
14,14,Awful If werent fact 1 night paid advance would undoubtedly checked again. The room filthy shower room almost unuseable. I stayed typical London B&amp;B's one I felt like I needed fumigating. It minging I barely slept thinking state place. I still itching now. (4 days later) It alike youth hostel hotel. Breakfast ok ran crossants asked met dissaproving grunt. stay away.,-0.11458333333333334,0.575,Feb 17 2009
15,15,"Really Comfortable Stay!! I stayed Valentines day. Really comfortable beds, brilliant sleep! As breakfast, try opted lay-in(!) room seemed lovely clean.It face main road, really affect us, really hear roads. The room VERY small, tiny wadrobe bathroom (more like wet room) longer 3 nights ok!",0.29166666666666663,0.5771794871794872,Feb 16 2009
16,16,"Worth stay budget Before I went short getaway I read reviews good pics hotel's website looked fine plus price Lodon central location also good. The nice central area reception area clean, contemporary staff friendly throughout stay. The double room booked small clean refurbished wanted spend night anyway. The breakfast morning really nice could eat much liked, London budget planning spending lot time room, worth giving go, paid less Â£50 B&amp;B, couple tube stations nearby well shops, pubs restaurant one would need.",0.2911249999999999,0.5256666666666667,Feb 13 2009
17,17,"Not nice Checked website visiting disappointed, Room 3rd floor facing pain road....very hot room keep window open meant noisy night. Bed extremely soft clean. Old TV high shelf sitting precarious position. Ensuite like plastic box room door....shower tray dirty though someone dyeing something it. Toilet noisey fro ages flushing. There even sizeable gap bottom door floor, could see people walking by. Floor creaked constantly.Didn't sleep well next morning leaving, lift order. Went back stairs way carpet covered horrible stains. Had seen first I stayed. Rooms nothing like website.Male Reception staff asked quite personal questions checking lone female - This bit uncomfortable plus english good hard understand.I would recommend staying hotel....for area must nicer places nearby",-0.11815910585141357,0.42321827744904666,Jan 14 2009
18,18,"Comfortable place Grate location, close Victoria Pimlico Stations. Bus 24 took us central part London.A staff friendly helpful. We happy breakfast room. I truly recommend place anyone.",0.47187500000000004,0.675,Jan 4 2009
19,19,"Never again!! Where begin... reception literally held together ducktape. And warned, rooms look nothing like samples website. The beds soft they're like camping bed. The &quot;ensuite&quot; cupboard step floods shower. There single glazing, hear everything going outside. I finally got sleep 4am!!! I would breakfast I could smell burning decided it. I wait check out!! 1 night enough. I would never, ever, recommend anyone.",0.12857142857142856,0.5142857142857142,Dec 18 2008
20,20,"Never repeat mistake staying Central House Hotel visiting London On arrival room late evening (No 56) found central heating working one electric heater supplied room. The hallway lot warmer room. After complaining another electric heater bought room make much difference. We asked moved another room told non available fully booked. After ten minutes main light water leaking resulted water dripping one beds. We decided could stay room wanted moved, taking belongings reception much ado finally moved another room. Which ultimately lot better warm leaking lights.I would recommend anyone I know certainly make mistake again.",0.17006802721088435,0.47176870748299315,Dec 15 2008
21,21,"Good stay London Its bit weird see bad reviews hotel. I stayed 3 days really enjoyed stay. First location good close victoria station. I travelled london easy travel place time. I used public transport, usual london busy. I taken buses underground trains see clients, easy travel. The staffs friendly, informed refurbishment work going apologised inconvinience. I would say great advantage business people give free Wi-Fi Internet. Its good kept room nice clean every day.The price reasonable, think worth pay stay hotel. The pimlico station nearby victoria station located minutes walk hotel. I recommend especially business people good location friendly staff.",0.2956597222222222,0.603611111111111,Dec 15 2008
22,22,"Good enough I freaked little I read reviews I already booked chance find another one.I must say I pleasant surprise I saw hotel. The reception smelled paint everything else OK. The woman attended us spoke us perfect Spanish make sure understood her.There lift seemed new.We room basement (room 4), next room breakfast served. Although noise breakfast hours, wasnât excessive. The room looked like ones website. It extremely hot inside (too much heating) window faced street first thought may insecure. It wasnât Belgrave Road safe place.The cleaning OK, except bathroom cleaning left lot desired. The bathroom extremely little. The shower pan level floor shower head fixed, someone shower bathroom flooded.The breakfast OK. There wasnât much variety enough everyone.The close several bus stops, stations Pimlico (the closest one) Victoria wasnât far away Buckingham Palace.Overall I liked lot itâs true itâs expensive itâs value.",0.18690476190476185,0.5228174603174602,Dec 11 2008
23,23,"Hotel Hell! Booked via Superbreak - particularly cheap really poor value money.The bedclothes first room offered liberally sprinkled pubic hairs moved another - less appealing room - clean sheets.Overall impression everything slightly grubby reluctance touch taps walk barefoot!Long overdue refurbishment progress Reception operating broom closet present.Breakfast room badly laid scrum every morning, ask bread, milk, eggs, etc. refilled. Again everything felt grubby.Needless say recommending staying again!",-0.0864583333333333,0.4666666666666666,Nov 25 2008
24,24,"The advantage location. Very small rooms, rooms even basement carefull go there.The bathroom small, like bathroom ship. No lobby renovation. No internet access customers building. It worst I've ever been. How got three stars??? The good thing staff helpful.",-0.10714285714285714,0.7057142857142857,Nov 25 2008
25,25,"Room 52. The Gateway Hell. OK I know thinking - London prices. It's budget hotel. So never going Ritz, it? But I'm fairly sure even waste disposal area Ritz going step compared this.I thought I'd list hotel's 'features' decide whether book perhaps look elsewhere.Reception area - Has obviously wittily refitted retro 1970's style (surely?) Bus station meets youth hostel. Service swift I suspect mainly keep people moving give anyone chance complain anymore already.Corridor areas - In sheer stroke luck Room 52 basement allowing fully exploration hotel's corridor system. It turns carpets actually patterned. It stains. And handles doors last year. I fully see point. And what's this? An outside corridor? How exciting. It's raining corridor? Look bright side though perfectly safe fire. Something damp never going burn.The Room - Obviously card swipe system working. And obviously hotels need healthy gap door floor allowing clear conversations lucky guests walking by. What's this? A laminate floor? A patterned laminate flo .... Oh ... My mistake stains. Thrill creaks floor shifts move across it. Be amazed anyone could fit floor badly. Watch rotten bit radiator. Again - positive side - one going creep middle night.The bed comfy clean - well part is. The furniture seen better days there's odd bit bed badly nailed (it fell off) hardboard cover. A little later evening became clear ...Anyway onto bathroom possibly one I've serious risk dirtier coming went in. Rot door frame, mould walls. But shower .... It amazing. Rather risk giving staff something extra clean decided use shower tray. Someone perhaps needs point quite hard keep water shower tray using fresh air alone. Mind you, fair, lot hot water. Sadly mainly floor.So back bedroom mysterious box bed. Turns soil pipe room above. Some people prefer sounds whales singing, people count sheep others think little fluffy rabbits drift sleep.And me? How many pints drunk order wee long? Sleep tight.",0.11173276128633271,0.5135526180169037,Nov 18 2008
26,26,"Worse I've ever stayed We booked via Superbreak. I assure nothing super setting romantic break I'd envisaged. It Â£94 one double room continental breakfast. Despite requesting room upper floor booked, assigned room 52 basement - accessed dirty corridor several sets stairs. There window one side - could see hear people walking past street. The blind wonky fit way across window. The floor laminated wood effect, dirty marks creaked ever trod. The room beginning corridor rooms basement area lot noise shutting doors people going rooms beyond ours. The room cold - radiator work plug electric heater. The bathroom tiny frankly worst I ever seen (and I've stayed skanky places) - mould, flaking paint, rust, cracked basin, dirty taps. There bath, shower tray shallow could quick shower else tray would overflowed water drain away quickly. On plus side I say shower powerful plenty hot water. There tiny tv wall bracket - binoculars would helpful - small 'wardrobe' without sides - basically front back rail one coat hanger. We complain twice (immediately saw room went dinner) told rooms available. The man reception said he'd speak manager later (apparently time) get back us never (and stayed late could). We took photos offending bits room mobile phone showed - said sorry reiterated room give us busy , mix-up rooms earlier first day back holiday anything it. The worst part whole experience 'box wall bed' discovered later, getting bed (and bed actually comfortable), turned house waste pipe room above. I go detail suffice say went bed greeted morning sounds no-one endure. They may well going toilet end bed. I overly fussed many things I put pillow head stop gagging. We hang around sample continental breakfast I can't comment that. Needless say we're taking Superbreak.",-0.06870748299319729,0.46901360544217685,Nov 12 2008
27,27,"Satan's favourite Where shall I start, well I booked Expedia paid well horrible dive worth. I arrived reception like crap hotels made mistakes booking.After 5 minutes tinkering computer sifting looked like collection papers marked coffee rings found room.Room 55, may well another part London. This room located another part accessible going basement coming 4 flights stairs side, broken ridiculously narrow doorways. The walk room grim, disgusting hallways, carpets match way, different patterns completely different colours particularly well laid.The room still care cleaners I arrived. I think kind tea party bathroom certainly clean. The wooden floor room looked like something would find student housing. The blinds windows scummy say least, partner climb bed roll roof cords broken. The TV portable thing bracket corner wardrobe 4 pieces wood screwed together, rail running across doors. There number telephone reception, probably avoid compaint calls. The saving grace bed comfortable. The bathroom worst I've ever seen I've seen real[-]. The floor tiled took 1 step forward toilet would shower basin. I seen better bathrooms camp sites.Would I stay again? Maybe I homeless, pennyless, saturated 40 days 40 nights relentless rain free. Until hell becomes incredibly cold.Anyone planning booking I would advise really think again, unless they're paying stay!",-0.06521620142309796,0.5635741652983033,Oct 4 2008
28,28,"Very much liked location hotel. Very much liked location hotel, Victoria Pimlico tube stations walking distance. Also, lots nice bars, restaurants shops area.Stayed 2 nights. However, try stay basement rooms!... I double room, far breakfast served. Room small, expecting that, shower. The thing unbearable heat dark room was. Alothough spend much time room. Morning could hear staff walikng past preparing breakfast, heals shoes hitting floor. Then chatting, first morning I awaken &quot;You must [--] joking!&quot; made shout I trying sleep. Still banter went on. Breakfast fine simple, continental, staff service poor. No plates dishes out. I search cupboards. Also nice coffee menu tables, avalible, plus machine vended hot water, sachets Nescafe. Second day I went Restaurant around corner, two huge breakfasts coffee orange Juice Â£14.00. I attached picture. Will see I get name restaurant. I observing guest entering breakfast room, sure sit eat wait. Would nice member staff hand welcome people.Overall great clean hotel, shame service could little better.",0.20580128205128206,0.62247557997558,Sep 20 2008
29,29,"Good Value London; Easy Location We stayed one week vacation London. Our goal find reasonably priced good location, fit bill. Upon check-in, assigned impossibly small room second floor - bathroom practically 3'x3', really even room walk around bed.I noticed room safe, I went desk ask. While I there, I asked larger rooms available, desk clerk happily moved us MUCH larger room first floor. That room little hallway right inside door, large bathroom, desk lots room. Much better!The breakfast room little chaotic, area food located cramped. And, need buy another toaster two. There line every morning! Staff friendly accommodating. Location-wise, easy walk bus ride Victoria Station, several restaurants nearby. Overall good value money - ask larger room check in!",0.22939369658119663,0.45204517704517705,Jun 23 2008
30,30,"What I Expected Absolutely I expected!Needed Westminster business, wanted something nearby, cheap, clean.I got something near Westminster, cheap, overall pretty clean.Gripes? Not really, I paid Â£100, thats I got.Bathroom cubicle amazingly small, works.Was first floor, traffic noise bit problem.Would I stay again? Yes, fleeting visit.",0.118,0.5153333333333333,Jun 18 2008
31,31,"Nice overall quite satisfied We read horrible stories cheap hotels mananged find middle-price range Central House.Overall happy hotel. The rooms small ok. The shower, however, really small water spilled toilet bowl floor got really wet annoying. The location, although 10 mins Victoral Station, rather hard find first day address buildings side road rather &quot;messy&quot;. We nearly thought walked wrong way. After first day, problems going to-and-fro station. The plus points are, provide kettle boiling water, told provided Europe hotels. The breakfast, though simple, good enough budget travellers like us.I would recommand travellers want simple yet affordable hotel. The location, near Victoral Station already major plus point.",0.05231481481481482,0.5100970017636686,Jun 16 2008
32,32,"Nice confotable I stayed 4 nights. Everything clean working well. The stuff friendly helpfull even offer print easyjet boaring card (free charge). They Ice mashine reception. The single room I basement. It small confortable. The bathroom big enought badtub great whole day walking (to relax sleep well). I none smoking room. My room smoke detector. Please donÂ´t try smoke inside non smoking rooms, one morning guy started smoking inside room triggered fire alarm waiking everybody. If I go London I try stay Central House.",0.24202380952380956,0.5114285714285715,May 12 2008
33,33,"Adequate Stay ...Great Location We stayed 2 nites, first allocated room thatwas small us volumious baggage.we talked desk advised rooms weresmall ( also noisy front) fewwere slighly larger, allocated room rear lot better &quot;caravanserai&quot; lotquieter.The following morning went breakfastroom cellar fairly crowded,but breakfastoffered adequate ( boiled egg, cereals, toast,muffins. pastries,assorted teas coffee)In found spotlessly clean, adequatelyserviced, reasonably priced LONDON.By far best feature location ,a 15 min walk toVictoria train/bus station.Also area large variety ofpubs eateries choose from.We use facility again.",0.2870039682539683,0.4823412698412698,May 11 2008
34,34,"Unimpressed Six us stayed parents' Ruby Wedding anniversary February 2008.When first arrived check-in wanted leave luggage. The receptionist simply gave key luggage room sent basement without even checking I was.The location good (between Victoria Pimlico stations) price reasonable London - paid Â£72 night âdouble roomsâ. However......- Size room: room boyfriend I given could called double. There hardly room around bed take turns unpack get changed. See attached photo youâll see little room around bed, I took photo back wall. I mention member staff really paying double room rates could describe single, smiled walked away. My parents brother sister law better sized rooms, however smallest bathrooms I've ever seen. As Dad said, bathrooms bigger North Sea Ferries.....- Cleanliness: room clean; shower curtain bathroom door dirty, big cobwebs ceiling. I think carpet well hoovered either, fairness cleaners probably fit hoover room anyway.- Electrics: looked bit dodgy- Service: I asked chill bottle champagne celebrate parents' anniversary unable help. We also asked borrow iron told one borrowed remember unable get back us. Having said that, would probably ironing corridor board fit room (seriously).Breakfast: ok plenty it, freshest food best quality (tinned fruit, croissants bit chewy). The kitchen area tiny people falling get fridge get cups coffee.Other: hooks anywhere room, nowhere hang coats, hooks towel rails hang wet towels. Also, safe room Â£2 day - I've never pay safe before.So unimpressed. I know can't expect 5* money London, I still feel service cleanliness could better, plus additions rooms (a towel rail, example) could make real difference. Plus I still feel ripped calling room double.",0.1168703007518797,0.4268796992481204,Feb 29 2008
35,35,"Ok us glad I want two weeks. We stayed two nights went see Wicked (me, wife &amp; eight year old daughter). The fantastically situated Theatre, Victoria Station bus. In fact bus stop right outside door, unlike previous London visits used bus time. The also near range nice restaurants shops (the mexican rather good welcoming). So faults location all.The basic budget definately frills hey thats paid lets honest 9.30am day returning 11pm.Check fine top floor. We attic room consisted two single beds double bed (You see website). The beds realy comfy realy tired - decided bed each!The room huge big enough us. The bathroom quite small - I bigger ones caravans! The bathroom like sealed unit shower, sink toilet level (a little like wet room). I surprised tiny room flood showers didnt. The strange thing found felt like bathroom swaying without drink!Now moan:When got room strong smell paint bathroom door bit tacky, done. Also room window open would close. This problem small needed air due tot paint fumes! The room lock lot desired Im sure hard kick would sufficiently opened door.Breakfast ok bit tight squeeze everyone lined around single toaster plenty stuff eat serials coissants etc. Dont late though everything gets put away dot! We went 9.15 bread toaster close (9.30) would put out.Radiators corridors seemed full pelt (It like Dantes furnace) hey hadnt I would probibly complaining cold! In things hotels cant win :)All budget hotel, budget price, comfy beds fantastic location. Not choice I staying fortnight I stay London another 2 3 nights I would consider staying again.",0.10406626984126985,0.49278888888888894,Jan 25 2008
36,36,"Quaint Comfortable This first stay London took gamble arrived London reservations. We quite well lastminute.com booth. VERY HELPFUL use whenever London renting cellphone odds ends. We got room great price!The location little walk Victoria station, made fine luggage all. The outside charming. White area great! Nice neighborhood, parks around, within walking distance Buckingham Palace. Quite nice!Beware though first stay outside US...rooms small! No kidding...the bathroom includes shower, loo, sink size bathtub home...BUT...for price, location, us great!There nice breakfast downstairs mornings, also nice luggage storage room. However, possible get lost hallways doorways.Our rooms clean beds nice cozy. The room needed, simply place crash.I would recommend anyone, long ready small room necessities. Great price, great location, nice safe area, cute shops around, miss getting fresh bread cheese block two away!",0.31127688172043005,0.6227035330261138,Jan 15 2008
37,37,"Fine price area Paid 70 per night 2 nights online rate. Had room 105 nice spacious window opened, decent sized bathroom stairs. The room done up, bathroom dirty missing grouting cracked tiles, clean I problem it. It seems rooms place vary lot, best advice ask moved happy room likely selection. A friend mine stayed single room said totally unacceptable - tall said room length him, could turn TV sitting bed! Staff friendly OK contintental breakfst. Extremely convenient area city centre attractions Victoria station (Gatwick).",0.14553571428571427,0.5988095238095238,Jan 10 2008
38,38,"Location excellent satisfactory slightly disappointed Very much liked location hotel, Victoria Pimlico tube stations walking distance. Also, lots nice bars, restaurants shops area.Slightly disappointed photos displayed hotel's website. It made whole place look bright airey wasn't. The photo used displayed bedrooms (bright modern) definitely reflect room I stayed maybe refurbished.The first room placed basement unusual view corridor leads breakfast room. No natural light claustrophobic. Asked reception change obliged. This time put room top floor. The window high view least natural light happy. The room small appreciate generally case London, however seemed pre-fabricated. The floor wonky felt like tilting. The bathroom small sat toilet knees poked shower cubicle shower pressure weak. The TV remote work (probably made different manufacturer TV itself!) much problem.However, absolutely complaints regard cleanliness room, maid service reception staff.All all, time I stayed (two nights) fine. However perhaps expectations little high (especially paid Â£180 stay).",0.08273873873873876,0.6298063063063062,Jan 2 2008
39,39,"Fantastic Location Me friend stayed twin room, 2 nights weekend London. The rooms small side fine length stay. Most impotantly rooms clean! The staff friendly. The hotels location fantastic. Close lots really nice bars restuarants short walk Victoria Station. I would definatley use weekend stay London. ;)",0.2863636363636364,0.7000000000000001,Dec 23 2007
40,40,"Enjoyed Stay Read previous reviws booked concerned I made unwise choice. Hotel clean comfortable. As previously reported roms small adequate one night stay. Reception staff frienly helpful. Breakfast enjoyable. Location ideal, within easy reach Victoria station.",0.28500000000000003,0.5700000000000001,Dec 5 2007
41,41,"Smallest. Room. Ever Booked weekend away friends near staying in, plus budget book advance limited funds. Was worried due bed bugs reported reviews previously site problem. Not bed bug sight (and yes I check mattress!) The problem size room. Stayed room 402. Was smallest room ever stayed in!! Do bring cat NO room swing it. Had sit bed mate wanted walk round bed get bathroom! yes, 2 cannot stand move around, teeny. And bathroom?? No lock door (mmm.. lovely!) teeny sink, toilet shower curtain pulled corner bathroom. Seriously, long legs shower area sitting loo. It's THAT tiny. Plus shower went hot cold water dribbled out. Also would way I could opened window really high up. (or turn telly on)Also prepare woken whenever someone another room goes bathroom. The extractor fans amazingly noisy!! The room clean looked newly decorated side plus. Considering got special deal I would gutted paid Â£100 room per night. Left day early booked another way could stayed room another night.",0.07220285443722946,0.47085822510822517,Dec 2 2007
42,42,"Clean comfortable Clean, comfortable &amp; definitely NO bed bugs. I room 308 &amp; My Mum 108. They single rooms double bed in. Not much room moving round, clean bathroom, clean comfortable bed much need. New Carpets &amp; Curtains rooms.I understand anyone unfortunate enough get room basement would less satisfactory, A lot movement staff luggage goes there. I asked room cleaned 2 nights reading someone's comment staff stealing, I thought better I asked come in. There 4 towels room anyway plenty. I even put talc back door handle I could tell f someone hadn't. They actually left nice note door saying per 'Do Not Disturb' sign entered I needed more, towels, tea/coffee bathroom supplies contact reception. I thought nice gesture.Check easy, room brilliant budget, I could see London Eye room could hear Big Ben distance (if window open). The Central House Hotel really made trip pleasurable. I would hesitate book next time I go recommend friends.",0.15914727633477635,0.5064912518037518,Oct 13 2007
43,43,"Fine - nothing nothing less I stayed part party 6 London 1 night see event. We found Central House within walking distance (10 minutes) Victoria come Gatwick Express (though closer Pimlico tube).The rooms fine, Â£50 per person twin room, couldnn't find much better value area. The uninspiring, price nothing complain about. The beds excellent I would issue I staying nights. But was, place ok.Continental breakfast provided. At point stay encounter one member staff English first language, unable communicate members staff all.",0.2263888888888889,0.3958333333333333,Oct 12 2007
44,44,"Put policeman lobby! Stayed wife 9 nights August 2007. It o.k. except fact steal things room. Ours #101. On night eve departure found two pair shoes bought couple days wife disappeared boxes receipts shops London. The exactly interested helping find missed things contacted local police station (registered Aug 23). The last night London completely spoilt, course. To great surprise, next morning, already Gatwick Airport, informed room maid mistakenly removed &quot;garbage&quot; ready send shoes anyway, mail hometown Ukraine. Which actually did. Thank much great service, indeed!",0.261,0.3326666666666667,Sep 18 2007
45,45,"Just loved I've loved it! I've booked twin room gave triple room instead (no extra charge). The room really clean toilet. Not big looked like pictures website. The staff really nice helpful breakfast great (croissants, butter, jelly, milk, juice, fruit...). The location also great, 5 minutes walking Victoria Station. This really improved London experience I recommend everyone.",0.43083333333333335,0.52,Jul 30 2007
46,46,"Ruined London Experience We spent 5 nights Central House hated it. The room felt unsafe street level windows properly latch. Our room others I saw crowded nowhere unpack little room suitcases. The bathroom tiny became completely soaked shower. The housekeeping staff used lots air freshener, seem much cleaning. The extra roll toilette paper stored top toilette moldy. The beds uncomfortable street noise night long. This made impossible relax long days sight seeing.",-0.09694444444444446,0.43000000000000005,Jul 13 2007
47,47,"Bare Basics We stayed Central House Hotel 2 nights, bare basics. It great location trekking around London, everything foot, found totally doable. Breakfast also decent, gave us energy cover lots ground. However, lacking amenities. The remote control television work, spoke front desk it, unable anything put list maintenance folks. This, apparently, case second room party, I'm doubting remote controls worked. This bad, except rooms tiny, TV hangs corner wall made changing channel even turning bit complicated. The second room party issue broken bedside lamp, added list maintenance. When came back day town, found maintenance done NOTHING address remote controls, lamp, mentioned something front desk. It turns maintenance mornings, would returning next day, though going hold breath issues fixed. They not, time checking out.All all, place fine place crash end busy day London. Absolutley nothing fancy, nothing disgusting harmful either.",-0.049679487179487176,0.4041666666666667,Jun 3 2007
48,48,"Prima ! We stayed 4 nights may 2007. We booked via internet (via website fly company). The price one lowest could get. So expecting much... But, surprised. The outside looked fine. The reception looked little bit boring. The staff friendly. The rooms recently renovated fine clean (not big, big enough). The bathroom clean well. The breakfast good (over standard tried hotels). The location good well. We landed Gatwick. From airport took nonstop train Victoria Station, lays street (just 8 minutes walk (with luggage)). Close Thames. Pretty close center (we walked once, rest took subway).So, recommend others.Ps: room third floor. There also rooms basement imagine rooms fine one we've got.",0.1813888888888889,0.47333333333333333,May 25 2007
49,49,"Cheap cheerfull Booked last minute, lot choice. But paid exellent location - inbetween two tube stations walking distance centre Westminster. The room basic - spend much time eyes open. Breakfast basic, enough keep going lunch time. The staff always smile too. If want more, go couple stars (and couple price brackets!).",0.16944444444444445,0.312962962962963,Mar 5 2007
50,50,"Flea bites over-charged! Yesterday I stayed room 307 I've got flea bites arm! Lovely!!! Also, watch hidden over-charging... I booked room on-line credit-card - asked cash I arrived... And asked MORE money I booked on-line???I can't believe I paid extra, I tired late! I staying ever again, I recommend you!",0.0764136904761905,0.4440476190476191,Mar 2 2007
51,51,"Close everything!!! This first experience London hotels. I stayed beginning February.The staff reception helpful could room ready early I arrived 5.30am flight Australia.The room small side. I told expect London hotels, suprise. I paid 39 pounds night, expectations high. There room 2 single beds, small bedside table hanging space. The tv mounted wall.The room clean, bathroom. I worried bedbugs reading previous reviews, certainly - may something fact plastic covering mattress!!!! That thing I could complain about....The bed sounded like I sleeping crisp packet everytime I moved sheets kept slipping bed.The breakfast adequate alot choice I expecting.I second floor appeared room freshly painted renovated.I loved fact close Victoria station - although I walked around London time. It central everything.All all, good considering location amount I paid room.",0.19761144539337475,0.46198757763975157,Feb 22 2007
52,52,"Great base London getaway I stayed 6 nights early February found exceeded expectations. As another recent review stated, reports bed bugs concerned room extremely well kept quite comfy. My room (208) was, like London budget hotels, quite small double bed, TV 5 channels bathroom shower right. Water pressure great hot water seem keep morning demand. Showered night plenty. Perhaps room little way I rarely heard noise guests would thought empty crowd breakfast. The staff always pleasant check-in/check-out experience simplest quickest I think I've ever had. By way, Pimlico Tube station closer Victoria much less crowded. I booked package Virgin Vacations paid less $90 per night. I'm satisfied stay would defintely stay again.",0.13148496240601504,0.5637218045112782,Feb 11 2007
53,53,"OK! The ok problems. We room 4 lift right beside us noise unreal (especially morning people coming breakfast. There also door outside room staff would come off. They would let slam every time, could time night. If light sleeper I get room, friend problems heavy sleeper slept all. The breakfast nice, twice went empty baskets bread, muffins etc. All all, clean, shower v small clean, staff friendly. This basic nice, little noisy!",0.14860850041771095,0.5204469507101086,Feb 5 2007
54,54,Small OK We stayed december first I afraid I read reviews bed bugs. But definitely NO bed bugs room. The room small bathroom quite tiny everything clean. Staff friendly! So really nice stay central house hotel. Also location central. It`s short walk victoria station (it takes 5 minutes). Only one criticism: The breakfast-room small. You early/late get seat. To cut long story short: I would stay !!!,0.05144675925925926,0.5476851851851853,Jan 6 2007
55,55,I covered bed bug bites. I covered bed bug bites. Enough said.,0.0,0.5,Dec 9 2006
56,56,"More bed bugs We stayed the14th, 15th September, originally offered awful room basement, smelly small dingy view broken fridge. bars window etc.We refused room given another find room BED BUGS. Management unconcerned checked out.. Luna Simone two doors good value,clean much much better.",0.029938271604938265,0.604320987654321,Sep 18 2006
57,57,Centrally Located Idea For Visitors Business I frequent traveller London Central house ideal place location . Staff friendly check checkout process professionalI like central house location .Highly Recommended Visitors.!!!,0.24107142857142858,0.42857142857142855,Aug 24 2006
58,58,"One night one night long Small, smelly, dingy room. Shabby, stained furniture. Filthy windows. Plug stuck sink. Water leaking cracked tiles bathroom floor. Colour TV...but usual colours. Very creaky bed. Ominous smell smoke corridors. Tiny depressing breakfast room grubby cloths floors cleaned since previous day. Lumps mould bread piled toasting. Builders' debris corridors, broken lift. OK expensive city full overpriced hotels, even shockingly bad value money. The plus point friendly receptionist. As UK citizen I horrified impression must give foreign visitors licensing places like this.",-0.1077724358974359,0.5122996794871795,Jul 27 2006
59,59,"Nice stay small Centrally located (only blocks victoria coach victoria station). Nice friendly staff :o) It clean neat, however small (closet size room - especially bathroom) If use base home (for sleeping), good, hanging out.",0.12440476190476189,0.7278571428571429,May 29 2006
60,60,"Bed bugs all! I recently stayed Central House Hotel Victoria never again. The reviews I read (through another on-line service, tripadvisor.com) favorable, good location (5 min. walk Victoria Station), rates competitive - I booked it. All fine I went go sleep found ticks (both large small) bed. I called front desk person came assess situation. After showing evidence, basically said nothing could do. As late, nothing I could really except ask new pillow sleep curled foot bed top sheets! Further discussion staff next morning proved fruitless. The compensation offered 10% discount next stay, argument things happen even 5 star hotels. I would advise looking many hotels line street.",0.1106482114376851,0.396742993848257,Feb 12 2006
61,61,"Clean Acceptable City I stayed 1 night last weekend, reading reviews pleasantly suprised. It took little find think mostly bad map reading skills. The reception staff friendly helpful room (10) clean tastefully decorated, small. The 'wetroom' style bathroom tiny, much room physically need shower??The potential problem room temperature, portable heater already available room soon solved that. breakfast good given price paid room, choice cereals, yoghurts, cheese, boiled eggs, muffins, toast, tea, coffee juice. As previously mentioned breakfast room small. I'd reccomend short break city, maybe ideal families older travellers, (3 20something girls) found fine. Bookers would well keep mind star rating - expect ritz fine.",0.1555193236714976,0.5365976535541753,Feb 5 2006
62,62,"Small clean worried previous reviews booked, contacted emai said &quot;please, clean room&quot;. clean, small. 1 night stay business Ok me.very helpful staff.",0.11666666666666668,0.5708333333333333,Nov 30 2005
63,63,"Absolutely awful!!! I booked six night stay due fact I able get good money back deal via credit card. Also friend stayed earlier year recommended me, whilst warning room may small. When I arrived I noticed indeed quite small. I booked Room 12. I go two flights stairs, part lift serve. When I finally made room I dumb struck. The room tiny, miniscule even. There room swing cat. There lumpy single bed pushed wall cigarette stained carpet, wardrobe old looking table chair. There socket room either, therefore would impossible charge mobile. As bathroom dingy, small run down. As described previously one effort, shower beside toilet sink, shower curtain. The tiling looked 1960's. It brown, definately crome fixtures. The toilet would flush properly either. I went evening returned later. The much vaunted location close Victoria station myth. The walk Victoria atleast 10 15 minutes, walk Plimlico. The Underground lines serving Victoria staion quite poor also, opinion. At night situation exaserbated go Victoria mainline station exit. The night I area full beggars, I feel particularly comfortable walking hotel. Also Belgrave Road quite pronounced slope, would good anybody heart complaint. I stayed night got 7.00 am, lucky fire alarm went 7.15 am!! I eat breakfast.I went centre London booked room another hotel. I went back collected things checked out, 5 days early, much surprise staff. What frightened I saw signs Room 100+. I guess owners attempted turn every closet space room. The fire hazard, disgrace. Do stay here, costs. I wait get away it.",-0.002307599807599824,0.4216113516113516,Nov 2 2005
64,64,Great Central London I would reccomend anyone looking stay Central London - great value money location fantastic. The staff helpful thoroughly enjoyable stay.,0.38571428571428573,0.5428571428571428,Sep 6 2005
65,65,"Not Recommended Where start..... Staff helpful needed directions, needed iron, on. The rooms small smelly. Carpets need cleaned. The shower, well, corner bathroom curtain small. The short walk Victoria station redeeming quality.",0.0,0.52,Jul 25 2005
66,66,"Worst London Just back two night stay hotel. I visiting London conference booked via work travel company. I looked internet thought looked ok nothing could prepared I found. To start with, I find phoned ask directions - receptionist foreign accent give directions. Finally, I arrived given key room Lower Ground floor I struggled find. A prison cell would bigger, net curtains grey dirty, carpet stained, furniture full cigarette burns, bathroom grotty room smelled. My view dirty courtyard old wooden framed window seem close properly. The saving grace bedding clean. When I get sleep I wakened night lift going down. As continental breakfast, I get two days - 8 tables breakfast room full days allowed take food, crockery cutlery room hard pressed time get conference, I get sample breakfast. One thing really worred lack information fire regulations - basement like warren small corridors advice make familiar fire exits, use lift assembly point was. Where floor plan? In fire, I think I could found way hotel.",-0.03322222222222222,0.5142222222222221,Jun 12 2005
67,67,"Is gummy bear still there? Stayed five nights November 2002. Blech. Our room located 14 (yes really) doors, alley another building. Dirty Dirty Dirty. I guess staff think necessary clean room, since green gummy bear floor inside door arrived stayed entire stay! Our sink leaked, bathroom modular unit -- could sit potty take shower time. The room small room lay suitcases flat floor open them.The location great -- walk Victoria Pimlico stations. Internet cafe clear Victoria.The little convenience store across street robbed there.The continental breakfast consisted worst juice I've ever tasted (worse mcdonalds) bad cereal--not even Muesli staple offered. Oddly okay rooms tho -- parents missed connecting flight arrived sometime later did. Even though husband I arrived several hours earlier, staff move us even asked &quot;we're booked up&quot; (we looked young enough hike stairs I guess). My folks' room accessible lift, least 3x size ours. It much cleaner room, fact blamed accessible ours. The bathroom modular, normal sized. Their complaint floor sloped, shower curtain. Think bad Motel 6.So would I recommend -- NO. But get package (like (---)) demand main part cleaner -- travel alleys.",-0.08517267267267266,0.49767267267267257,Jan 31 2005
68,68,"beware bed bugs I thinking calling review &quot;the worst ever&quot; decided title applicable. My girlfriend I recently stayed five days. We found hotels, unfortunately rated 3 5 stars. In opinion, barley rated one. Our first room bed bugs; forced change rooms. In second room , heat work properly many instances without hot water. To make matters worse, second room also became infested mites The management uncaring plight , nothing make stay enjoyable. Please avoid unless want include cost travel multiple trips dermatologist. If possible rate lower one I would.",0.018749999999999996,0.46458333333333335,Jan 19 2005
69,69,"Cannot Recommend Central House My husband I stayed several times good experiences therefore I wrote positive review it. Now, however, since stayed summer awful experience (having cleanliness hotel), I feel I must inform travelers. I wrote regarding experience waited months kind response. Since I heard nothing I conclude customer relations concern hotel's management. Since I written positive review earlier, I feel responsible let travelers know degenerated since I cannot recommend it.",0.0388111888111888,0.5185314685314686,Oct 23 2004
70,70,My base London,-0.8,1.0,Oct 5 2004
71,71,About average area/price,-0.15,0.39999999999999997,Sep 15 2004
72,72,Hotel? You Must Be Kidding...,0.0,0.0,Aug 9 2004
73,73,Great staff,0.8,0.75,Jun 12 2004
74,74,Life IS full compromises . . .,0.35,0.55,Jun 8 2004
75,75,health hazard,0.0,0.0,May 11 2004
76,76,Great location great rooms,0.8,0.75,Mar 19 2004
77,77,Pleasant stay,0.7333333333333333,0.9666666666666667,Feb 2 2004
78,78,Never Again!!!,0.0,0.0,Dec 10 2003
79,79,It's ok,0.5,0.5,Dec 3 2003
80,80,assolutamente terribile,0.0,0.0,Nov 9 2009
81,81,Pufff sube baja escaleras pasillos puertas,0.0,0.0,Oct 31 2009
82,82,trÃ¨s bon,0.0,0.0,Aug 28 2009
83,83,Menuda panda de ladrones,0.0,0.0,Mar 3 2009
84,84,6qm inklusive Nasszelle,0.0,0.0,Oct 2 2008
85,85,Meglio un giorno meno un decente,0.0,0.0,Jul 26 2008
86,86,PUNAISES,0.0,0.0,Jul 18 2008
87,87,Defekte Abstellkammer,0.0,0.0,Apr 4 2008
88,88,correct,0.0,0.0,Mar 26 2008
89,89,disgustoso sporco..........,0.0,0.0,Mar 12 2008
90,90,Das Central House Hotel war das Allerletzte!,0.0,0.25,Feb 13 2008
91,91,Seguro que es un 3 estrellas en Inglaterra.,0.0,0.0,Oct 16 2007
92,92,bien situÃ© propre,0.0,0.0,Apr 24 2007
93,93,Me robaron dinero.,0.0,0.0,Mar 27 2007
