,Unnamed: 0,Reviews,polarity,subject,Dates_extracted
0,0,"Good Location / Comfortable Room / Big Bathroom Stayed Cadogan recent trip pleased. Room large big bathroom. Staff nice. Good location Knightsbridge Sloane Square Tube stations. Bus Stops also close easy access areas. Chairs room small side could bigger comfort want sit read. Had Flat Screen TV. Comfortable Bed. Free Business Center Computer access. Overall, good value nice hotel.",0.29763095238095244,0.5268452380952381,Nov 25 2009
1,1,An elegant You cannot go wrong Cadogan looking experience great prime location. The shops Knightsbridge around corner....,0.26666666666666666,0.8833333333333333,Nov 23 2009
2,2,"Outstanding service great location familiar ambience. We stayed Cadogan weekend getaway kids. The beautiful cozy Drawing room Cadogan Bar decorated wonderful pictures, rooms spatious comfortable thouhg bit oldish.The best highlight service. We treated like home boutique every member staff friendly welcoming made stay unforgettable one. It highly recommendable enjoy afternoon tea visit LangtryÂ´s restaurant scottish influence menu surprisingly great.We liked ambience service best rooms decor status could slightly improved.",0.5370833333333334,0.6426041666666666,Nov 3 2009
3,3,"Style service @ Cadogan Sloan St. Having previously stayed Cadogan last year, certain trepidation I set forth London, believing enjoyment previous visit could possibly equalled. How unnecessary was. Indeed would fair say second visit equal first fact surpassed it, Let explain. From moment I stepped cab greeted smiling concierge called Richie till time ever helpful Stella reception completed checkout I could wished completely relaxing quality experience. My bags taken I accompanied room I found clean, spacious comfortably appointed. Wi-Fi access free speedy. (What pleasant surprise days) There also traditional turndown service next dayâs weather forecast supplied, nice touch. Next morning breakfast delivered bang time previously ordered daily paper. What great breakfast spread!! Small details perhaps provide little touches made stay something extra special. This tranquil tastefully decorated fabulous central London location close Harrods countless restaurants upmarket shopping opportunities within easy walking distance. Transport needs well served traditional bus stop adjacent Knightsbridge tube 5 minutes walk away. Any transport requirements routinely professionally dealt via Joe Richie concierge desk. If friendly informative pair London Iâve yet find them. If canât get table ticket one can.The Bar Restaurant well previously set high standards polite, swift attentive service. All I havenât yet even mentioned Cadoganâs Oscar Wilde connection, Google yourself. On comparing visit last one I met Mr Gallo General Manager, I think itâs safe say one could feel experienced hand tiller tightly run luxury ship.All soon time return Bonnie Scotland arrived I assisted cab I rued fact even Edinburghâs finest cannot compete London Gem.",0.1813483436853002,0.4877587991718426,Oct 14 2009
4,4,A definate way relax enjoy london I stayed cadogan recently service friendliness recieved arriving departing outstanding I definatley coming back again.,0.225,0.40625,Oct 1 2009
5,5,"Home away Home I stayed The Cadogan business family vacations every time service uniquely personal warm, way cannot acheived coporate properties close by. The restaurant excellent take modern british cuisine even wins italians spanish.",0.3,0.34285714285714286,Sep 27 2009
6,6,"Great Boutique Hotel Prime Location You cannot go wrong Cadogan looking experience great prime location. The shops Knightsbridge around corner, Sloane Street provides many shopping opportunities. There tube stop Sloane Square, getting around London easy. The staff delightful. After business meetings afternoon, I ready cup tea service lounge excellent. They also offer proper afternoon tea want sandwiches cakes. We drinks bar returning dinner, warm service provided. The staff front desk extremely helpful welcoming, provided umbrellas needed!The sleeping room double. It's biggest room I've ever stayed in, well appointed plenty room store two suitcases closet. The bed extremely comfortable, bathroom offered amenities one would expect. The heated towel rail something every bathroom have!If want stay away large chain hotels experience something little British, I highly recommend Cadogan. In true London style, also interesting history, adds character property. Stay here, disappointed.",0.28370082815734987,0.5823291925465839,Sep 19 2009
7,7,"Home Home My husband I stayed Cadogan Hotel twice, sometimes three times year since 2002. I would describe discrete, calm, comfortable, cosy, central elegant. It located prestigious Knightsbridge address. Beyond walls chic shops, Kings Road, West End, museums, galleries, great restaurants Hyde Park. However, within walls, one relax experience excellent unobtrusive service.Assitant Head Concierge Richie Long, looks every need. This includes making sure Gluten free bread ordered me, service one would find impossible modern chain hotels. He efficient, cheerful forever thoughtful. We travel Dublin London boat train, arriving exhausted. We always quickly recover home home.We would recommend favourite London anyone thinking planning visit city.",0.2885416666666667,0.6961805555555556,Sep 18 2009
8,8,Felt like home!! Amazing I highly recommend due ideal location quirky interior. The rooms quite spacious comfortable. Everything within walking distance. London much lovelier I know Cadogan Hotel exists. This make stay worthwhile.,0.32937500000000003,0.664375,Sep 13 2009
9,9,"English elegance We little early check-in room, concierge kindly stored bag us, explored local area. Sloane Street packed designer shops (Gucci, Armani etc) I quickly marched wife past lunch Harvey Nicks. We returned find up-graded junior suite, turned huge, 2 bathrooms massive bed. We celebrating anniversary knock door champagne delivered room lovely surprise. The staff cheerful helpful, felt like Royalty, bearing mind Royal connections made lot sense. We going dinner Maze found easy get taxi right outside front door hotel. The following day woke full English breakfast wife tried eggs benedict, delicious. There welcoming feel hotel, really added trip London.",0.21920426065162904,0.4931077694235588,Sep 8 2009
10,10,"Great Location atmosphere All round good experience. Service great staff always willing help service. Lovely traditional feel great location concerning luxury brand shopping, Harrods night life Knightsbridge transport links. Canât really fault say good. I recommend!",0.48500000000000004,0.648,Sep 2 2009
11,11,"WoW Just want get 5star Hotel I stayed Cadogan July welcome got walked reception mad check breeze normaly hate always something wrong. Had drink bar first Night Barman Kevin friendly made feel like friend. Breakfast morning great fault found, try capacino best. Next time im back give restaurant go dinner friends great Wine dinner offer.",0.19270833333333334,0.6236111111111111,Sep 1 2009
12,12,"Wonderful clean attractive My boyfriend I stayed Cadogan one night prior taking flight back states. We arrived back London Paris much later anticipated Cadogan staff helpful efficient checking us in. We settled spacious comfortable room time. Our room lovely street view quiet. The facilities immaculate business center helpful getting printing travel information. My complaint location - early twenties tend eat late dinners (around 9pm). It Sunday night nearly impossible find anything eat vicinity. Really, small gripe otherwise incredibly safe location (and quite fancy boot) busy daylight hours. I would certainly stay again!",0.12251700680272111,0.48403628117913833,Sep 1 2009
13,13,Simply Excellent Great Hotel...Best Bar service...Amazing breakfast...Highly recommended...,0.9,0.875,Aug 28 2009
14,14,"Cadogan simply leisure prime location heart London, friendly personnel excelent attentive F&amp;B service first step in, lovely cosy feeling make lovely Hotel favourate.",0.3178571428571429,0.5557823129251701,Aug 26 2009
15,15,"Charming relaxing convenient. We stayed Codogan single night June lovely room back hotel. It quiet, comfortable well equipped, great bathroom (with good quality toiletries). It sweltering day London, getting back room nice relax able cool AC full blast, fortunately worked well!We eat restaurant evening, breakfast lovely.The communal areas luxurious, never much, breath fresh air. As staff, could helpful welcoming, check efficient concierge knowledgeable best ways getting around, places visit, shopping etc, Hotel's location ideal for.Overall, pleasant stay return Codogan future trips London.",0.38859788359788355,0.5244378306878307,Aug 15 2009
16,16,"A great little I lived London I twelve moving Spain keeps drawing back.I stayed Cadogan recently friend sixth trip London. I stayed friends moved country. The feels like club ways feel home right away. The location good gets (away hustle bustle) easy reach anywhere transport system good. The staff friendly, especially Ritchie helped us much. He funny guy could enough us. He knows places interest fantastic city even made suggestions usually tourist trail. He also found us tickets Hyde Park music festival got see Bruce Springsteen. Magic! We âdidâ centre previous trips keen something different. Our trip river boat Kingston Hampton Court Palace memorable. We would also recommend Kew Gardens. Ritchie suggested several could fit in. We return!The building Victorian much character - âolde worldeâ. You almost expect see Sherlock Holmes Dr. Watson discussion drawing room. As room comfortable good size bathroom. We chose breakfast bistro nearby thought bit expensive . All prestige shops along walk Knightsbridge Harrods, fantastic shop way. Sloane Square Kings Road short walk opposite direction. There garden square across guests access beyond beautiful houses.All I would recommend Cadogan anyone wants small, convenient special feel.",0.23687950937950938,0.5593073593073594,Jul 26 2009
17,17,"Not 5 Star Hotel The service Cadogan quite good. However, entire experience, including room quality quality bathroom I would expect five star hotel. The is, however, wonderful location.",0.5666666666666667,0.7416666666666667,Jul 23 2009
18,18,"My place London. I stay The Cadogan least year done since '80's. I continue find overall service highly impressive, importantly, unobtrusive. The front desk exceptionally helpful. I'm prompted write positive review reading highly negative one. Each traveler's expectations unique. This place suits mine perfectly. I shall keep returning.",0.3568939393939394,0.6845454545454546,Jun 25 2009
19,19,"High style heart Kensington. We booked stay lovely spot package British Airways flight. Upon arrival, upgraded bigger room, was, despite small bathroom, spacious comfortable. Air-conditioning standard English hotels, regardless size worked fine keep us cool. This historic situated minutes foot Knightsbridge tube, making THE ideal location. With many picturesque streets around about, plus free access wonderful square across road, could really ask more? They small gym computer room printer, free. Charm hotel's middle name. Richie, amusing extremely helpful concierge front desk true delight. He took us see Oscar Wilde's room (109), lovely. By part package made far affordable would otherwise been. Our room, 114, overlooked side street, rather square front hotel, suited us fine, much quieter side street. And view! Magnificent houses look upon. No complaints speak of, except small bathroom, rooms much larger ones, depending room is. Ask large bathroom booking. We've stayed many places London, capstone experience amazing city. Not perfect, place is. Just lovely vibe helpful staff make stay romantic breeze.",0.27796365914786964,0.5636466165413533,Jun 21 2009
20,20,"Wonderful week-end wonderful city wonderful hotel! This Hotel located minutes Knightsbridge Station (underground), heart London. I went London long week-end friend mine: first time London, I think could better.The perfect. The staff friendly, professional, helpful multilingual... make feel like home!Our room comfortable clean. When came back first day LONDON-FULL-IMMERSION, found lovely fresh fruit basket bottle Champagne welcoming us!!!Breakfast morning really good: rich Buffet, really enjoyed pancakes maple syrup, strawberries blackberries!PERFECT!",0.44850877192982463,0.5919298245614034,Jun 16 2009
21,21,"Style service fingertips.... The Cadogan always infamous reputation excellent service exactly I experienced first hand I stayed relaxing weekend long ago. Not beautiful Victorian building stunning wooden beam features high architectual ceilings run throughout room turn complimented wonderful collection old contemporary artwork, staff incredibly welcoming friendly made entire stay peaceful relaxing easy find hustle bustle London city centre.I arrived room welcomed beautiful basket assorted fresh fruit I decided stay dinner im glad I menu array wonderful seasonal produce asparagus followed fresh sea bream went treat along different wines compliment course waiters knowledge infallible. Altogether I lovely time staying Cadogan definitly stay soon, proved wrong say cant style service fingertips.....",0.33408730158730165,0.6727579365079365,Jun 4 2009
22,22,"Wonderful Hotel Great Staff Location This Hotel upscale neighborhood, blocks underground, walking distance many good restaurants. The Hotel's restaurant also good dinner. The staff, particular, Ritchie Marco (front desk), Ryan, Richard Renato (food beverage) friendly, helpful, professional pleasure meet. Our room comfortable clean. We loved location Hotel excellent service Staff. My complaint would breakfast overpriced. There several good places couple blocks away Sloan Square.",0.42460784313725497,0.574313725490196,Jun 2 2009
23,23,"Charming Elegant Hotel Ritzy Neighborhood This situated Chelsea, neighborhood upscale feel it. It relatively convenient public transportation, although Circle District lines went service day planned Tower London, scrambled get bus took hour go across town.The staff pleasant concierge Ritchie gave us perfect recommendation nearby pub - exactly mind incredible shepherd's pie. The night manager amiable gentleman, albeit bit flustered. He misinformed us walk Victoria Station would take least 45 minutes, reality, took 15.This historic updated nicely modern conveniences one would expect. The room sleek classic look, tastefully furnished. We upgraded deluxe room I'm sure exactly meant, separate entrance hall/dressing room minisafe closet situated.We pleasant stay The Cadogan - would expect rate, ~240 pounds per night.",0.35784313725490197,0.5915032679738563,May 29 2009
24,24,Always fantastic stay. Wonderful staff service I would like recommend everyone. I staying 20 years staff wonderful. I always recommend people I know Texas around U.S. stay hotel. Special mention following people:Richie Long- Wonderful cheerful individual good friend 15 years. This individual makes &quot;Cadogon Hotel home away home&quot;. Always helps new people &quot;Old Timers&quot; like me. The lucky him. He Concierge always knows go town.Joe- Has Cadogan many years Concierge. He gives directions help I always need away home. A real English Gentleman fun know. My Bar Keepers- Special thanks Renado John incredible. Both give customers great service different taste English Hospitality. John perfect &quot;English Gentleman&quot; Renado Brazil give different perspective world. At Cadogan bar wonderful two gentleman really interesting listen to. Great service.A good experience hotel.,0.4479993815708102,0.6075262832405689,May 23 2009
25,25,"A poorly managed shame..service facilities appalling.. Hardly Leading Hotel..whoever operates iconic establishment ashamed. This poor example best hospitality..breakfast simply dreadful service embarassingly slow haphazard..sugar bowl filthy, coffee cold,orange juice.awful..I could go on...back drawing board chaps. There shortcut success, suggest recruit wisely, train incessantly ..obviously GM Hotelier.",-0.11651515151515152,0.6456060606060606,May 20 2009
26,26,"AMAZING!!! As frequent traveler throughout Europe fortunate enough stay best hotels. The Cadogan far one best experiences date. The service excellent. The manager, Tim, went beyond. The room elegant spotless. Room service 3am FANTASTIC. I give 5 star rating would reccomend anyone traveling London!!!",0.5346590909090909,0.6363636363636364,May 14 2009
27,27,"Exceptional every way. We stayed along 9 couples connection opening play London I wrote. One cannot overstate excellence hotel, gracious staff, comfortable well appointed rooms. They could enough us. They cheerful, helpful, intimate elegant atmosphere set apart.",0.2916666666666667,0.7535714285714284,Apr 24 2009
28,28,"The best way celebrate first wedding anniversary. This one luxurious hotels pleasure visit.The level service outstanding, needs met exceeded.We enjoyed probably best meal ever hotel's restaurant. I would definitely recommend romantic dinner there.Thanks making special day much memorable enjoyable.",0.4672619047619047,0.5566468253968253,Apr 21 2009
29,29,"We would give Service 6 5 could! We returned weekend London celebrate Mum's birthday. The Cadogan Hotel, particularly Richard front desk, instrumental making weekend huge success. The lovely area, pleased rooms, spacious, elegant bed comfortable I best night's sleep I'd ages. We delighted Mum given upgrade, made feel really special. We extremely well looked times great attention detail - hearing going theatre see Blood Brothers, Richard presented Mum box tissues, warning tearjerker. We ate restaurant evening, meal superb, made even enjoyable excellent service, particularly Eba waitress, everything waitress - friendly, attentive, courteous, knowledgable food patient. We also really enjoyed opportunity take stroll private garden.We would recommend anyone (though make sure Richard holiday book - without him!).Minor comments, odd mirror bedroom, miss tea coffee making facilities.",0.4349523809523809,0.651079365079365,Mar 31 2009
30,30,"Exceptional Hotel Stayed overnight May 2008.Very large room superb furnishings also two bathrooms two balconies complaints !Staff friendly, helpful attentive. Food first rate. This one rare hotels captures golden era includes contemporary requirements. Quite expensive worth money &amp; well located Sloane Sq Knightsbridge.Ask key main square's gardens - charming midst London's bustle.",0.30261904761904757,0.6107936507936509,Mar 30 2009
31,31,"live rating The service excellent helpful. Very disappointed room, small pokey. Was surprised option bath shower, shower. I ask mirror sent room werent bedroom, earth could dry hair without mirror ridiculous.We far better 3 star hotels far better facilities. In saying clean towels changed every day resturant superb. The food second none. Good location Harrods Harvey Nichs good access underground. Overall It ok, We paid Â£99 per night room offer on. If pay full price Â£200 night, would far happy",0.271038961038961,0.6645238095238095,Mar 29 2009
32,32,A need help The Cadogan really marvellous one main reason - staff. They always help advise times crisis (which experienced) whole staff stepped mark made us comfortable confident.The grand typically English rooms well laid spacious modern bathrooms good bed linen. The reception area glorious yellow daffodils immediately welcomed reception staff.Well done everyoneElizabeth,0.34696969696969693,0.4575757575757576,Mar 23 2009
33,33,"Good - get special deal I'm getting around writing reviews recent trip London (January 2009). We stayed Cadogan gotten special offer 'Sale' - 99 sterling per night (room only). Location perfect Knightsbridge/Chelsea area Sloan Street around corner Harrods. Check-in efficient quite brusk - matter much us intended use sleep. Our room allocated eaves building overlooking side street. Beautifully appointed decorated well. However closer inspection complete film dust television unit (which cleaned stay). Shower room suited us fine. We use toiletries appeared small bottles 'refilled' liquids tops cleaned properly looked quite grubby. We went bought own. Slightly disappointed affiliated 'the leading small Hotels World'. My husband got extremely ill second night (chickenpox later found out!) cut stay short return home. Tried access business centre book flight home told another guest come back 30 minutes busy!! The charged us third night even though back Ireland hubbie tucked bed. At time really matter ill I would spent last penny getting home.Overall, situated perfect area I would consider staying (if I got good deal) best pleased paid full prices pleasure staying there.",0.18677721088435376,0.5417006802721089,Mar 21 2009
34,34,"Great location Knightsbridge We stayed The Cadogan two nights thanks great deal Priceline, thought terrific. While sort faded elegance (which wife loves), rooms updated, good bathrooms, (small) flatscreen TV, free high-speed internet, etc. And price paid, Knightsbridge/Belgravia address something. We felt quite posh wandering around multimillion dollar properties.Only drawback room faced street bit noisy. Oh, wanted 40 quid supplement use baby crib, fairly astounding. We planned baby sleep bed us anyway, 5 hotels stayed trip, The Cadogan one surcharge, rather expensive one that.",0.275,0.72,Mar 17 2009
35,35,Everything lovely This fabulous hotel. The staff really lovely. The lady looked us breakfast wonderful. The whole elegant charming. We loved it.,0.5625,0.8375,Mar 9 2009
36,36,"Lots Problems Stayed Cadogen March 4 nights. Hotel nice location looks pleasant outside. However, checking problems began, room allocated main road even though requested room back possible noisy. Asked room back said one following night I happy enough with. This big mistake, punished moving rooms new room 4th floor tiny 4foot bed 2 people hanging bed small. I asked wireless access arrival worked first room room far signal good work do. Having said this, small room quieter willing sqeeze tiny bed. The final straw last night party apartment near back played music 5 blared room. We contacted reception apologised said rooms nothing could would let manager know. After little sleep, checked next day end 4 nights. I mentioned problem night knew offered us nothing sleepless night proceeded charge us full whack. I stayed premier inn last year London standard much higher hotel. At least got bed could fit into. The drawing room nice considering pay Â£4.75 plus service cup tea tea making facilites rooms, mount up. If manager least offered us sort apology perhaps something bill final night, would've felt less aggrieved handled badly. I think I returning definitely 5 star. My advice stay premier inn.",0.06096117424242427,0.45823863636363643,Mar 9 2009
37,37,"Great great neighborhood great staff. Arrived 8:40 overnight flight Rait front desk us room time returned breakfast 10, even though sold night before. Richie, Concierge, began dispensing outstanding advice immediately local eatery breakfast first morning. His advice dining options, places see get wanted go, key element superior 5 Day Holiday. The well appointed room nicely furnished clean comfortable.Would highly recommend definitely return The Cadogan.",0.4147222222222222,0.6748611111111112,Mar 1 2009
38,38,Like central location amability staff We like everything Cadogan Hotel proof we've faithful regular guests Cadogan since left London 1987. That's long time!,-0.015625,0.18173076923076925,Feb 26 2009
39,39,Our visit Cadogan pleasant surprise Our visit Cadogan Knightsbridge pleasant surprise . The location Hotel superb heart Knightsbridge cloase major shopping attractions Sloane Avenue. Its quaint town house facility ambiance modern boutique hotel. We smooth checking staff friendly helpful. The rooms amazing specious tactfully decorated . The beds comfortable quiet sleep well. The corridors bar area could bit revamping felt bit tired. On last night cocktails bar romantic dinner Langtrys restaurant took advantage 3 courses unlimited wine Â£30 outstanding value . The staff attentive without overly fussy food good - portions bit smale wiht 3 courses wine perfect. I would definalty recomend would love go back comfertable romantic experiance,0.3497463768115942,0.602536231884058,Feb 22 2009
40,40,"Five stars Hotel- Five stars memories! My family I stayed Cadogan Hotel beginning February weekend break away home. We wanted spend quality time together bit shopping sightseeing.We great experience day arrived till day leave. It first visit first thing noticed friendly staff. They made us feel welcome accomodated needs family. The suite booked beautifully furnished modern english style &quot;calming&quot; colors, The atmosphere bar lounge area cozy intimate I family holiday, I could stayed lounge hours snuggling comfortable chairs enjoying coffee good book. One afternoon decided afternoon tea lounge absolutely delicious, especially scones- best I ever tasted. Again I would like point staff. They really helpful needed advise go children get there.The location Hotel great situated heart London, walking distance Harrods Harvey Nicols close Knightsbridge underground station, easy us reach destinations.We would definately come back, maybe romantic weekend break without children:-)",0.39577294685990344,0.5842995169082126,Feb 21 2009
41,41,"Truly great location history friendly staff art I followed wife business trip London, I number years.She booked Cadogan company, close places work from, good price them.It realy good able visit museus I seen visits. For discovery becouse I believed old building Knightsbridge. The location perfect, shopping tourism. You closed everything important London walk everywhere. I discovered Oscar Wilde, arrested there. It quite emotion me. What I like art exibitions have, creates sense calm, feel place different modern big hotels stay trips. The staff really good friendly, earth. In hotels feel welcome, opposite. Everybody talking us. Particularly Ritchi, concierge, friendly tryed speak words Spanish. I also tryed restaurant, becouse wife want go one evening. The food really good. I say becouse I live Madrid eat good food every day. The restaurant british modern I realy loved it. The bedroom little small, even though looking new clean. I recomend friends want go London.Xavi Godoy",0.26840119949494956,0.4976073232323233,Feb 20 2009
42,42,"Two star dressed three pretending five star The employees polite attentive. That compliments end. The Cadogan resting older glory essence overpriced hostel. Starting hallway carpets floor aged dirty. The hallway design less boutique 1950's apartment-tight space squeaky floorboards. Even elevator small cramped, may added modern lights, size, elevator atrocity.Moving room: The room extremely cramped one person let alone two people. There barely room swing proverbial cat. There hostel rooms larger this. If two rooms joined together would closer regular size room.The mattress-was lumpy aged pillows quite flat. The bathroom five star luxuries Ikea water glasses soap dishes, thing could possibly make The Cadogan rise two star ranks two point five stars. It many amenities would expect bathroom. The problem quite small architectural viewpoint walls horribly constructed sharp edges. My sister injured edge went shower.The Cadogan embarrassment true five star hotels. This two star hostel barely dressed three star yet parading around five star. Charging five-star rates make five star. Nor located Knightsbridge apart select group chain hotels give automatic five star rating. This must placed proper category 2 star hotel. Placing five-star outright lie injustice true five star hotels.",-0.006249999999999998,0.5054258241758242,Feb 19 2009
43,43,"loved stayed wit family 3 days, 3 rooms booked, arrival reception team welcoming helpful, afternoon tea tiptop experience try best scones ever had, service first class.our rooms bit small everything family would require housekeeping top everything.all would say great stay",0.4571428571428572,0.48333333333333334,Feb 16 2009
44,44,Fantastic Went weekend break absolutely loved it.The rooms spacious traditional feel them.The staff helpful food restaurant amazing.The location excellant shopping around .Overall fabulous experience would definately stay again.,0.34,0.795,Feb 15 2009
45,45,"Not 5 star experience one normally expects I stayed husband 2 nights . We London mixed trip business pleasure. We booked line problem booking despite late arrival. The location great knightsbridge, located half way Sloane St. equidistant Knightsbridge Sloane Square tube station ( 5 min walk). The Edwardian style. The elevator lobby old type open lift sliding gate. It quite small allowing 3 people one time. Our room third floor right beside lift certainly could hear noise lift night. The busy time stay, major problem. The room small small double bed (5ft bed). There tea/ coffee making facilities room , minibar like kind thing. The Lilly Langtry connection flogged lot hotel. Our bedroom three A4 size photos wall, restaurant called Langtrys etc etc. They let escape history building! There TV channels english, clear picture quality adequate. We little time watch TV much area. The bathroom room surprisingly large, full size bath tub shower unit. The water pressure woeful, worst I come across long time. We felt dance around shower get wet! The room general clean warm turn service night. Our room faced onto Sloane Street city noise nothing would keep us awake night. We eat hotel. There lots restaurants area chose eat instead. This standard corporate 5 star hotel. It boutique nature, olde worlde, I would say room like 3+ star standard rather 5.The staff efficient courteous good english. We problems regard. We paid $150 room per night including breakfast. At time location best value leaving felt good value money location.",0.12219991813741814,0.42039987789987804,Feb 2 2009
46,46,"Will never go back! I think really, really overrated. The location great, lacking somewhat. The room allocated opposite loud banging gate lift therefore asked moved another room. The lady reception gave impression I'd perhaps asked kidney, I tried explain 5 months pregnant I'm finding difficult sleep without banging lift passing traffic noise, simply stated would difficult move us. We finally allocated another room, honest awful... get room 320 ask moved. The room tiny corner bathroom pokey I felt claustrophobic! There tea/coffee making facilities room cup tea room service Â£5.00 plus obligatory 12.5% charge... saying that, full english bed Â£24.50 each, plus Â£5 room supplement plus 12.5% discretionary charge!! (sorry, I think hilarious!!)To top came back ridiculous Langtry restaurant (table 8 people set middle room loud could barely conversation, waitress struggles understood due poor english, food miniscule proportions) find air conditioning unit outside hummed night...I looking forward checking I could tell staff thoughts place, gentleman reception less interested. We asked we'd nice stay, thanked. I felt grateful received eye contact!I got impression staff felt much better us, I think disgraceful. Far romantic break planned, I wait leave hotel. Reception staff could lesson customer service whoever thought charging nearly tenner hot chocolate reasonable needs reality check.Would I back? Never.",0.012184684684684682,0.5229407979407981,Jan 26 2009
47,47,"5 star Stayed Cadogan 3 nights though location great sightseeing London rooms service certainly near 5 star max 3 star. The room absolutely tiny, double glazing one window obviously fallen window replaced making room noisey night. Light wardrope broken flicked off. Turn service happened 2 3 nights. t.v. fuzzy I watch freeview work. No tea coffee making facilities room. Staff seemed disinterested ask everything ok check out, I checking staff moved onto next customer indicating wheither finished saying thank goodbye. Got impression staff thought better paying guest. Not worth price staying again. I stay Wyndham grand fantastic I stayed November '08.",0.12568342151675488,0.5269620811287479,Jan 24 2009
48,48,"Best location possible professional friendy staff The hotel's location unbeatable proximity London's well known boroughs Kensington Chelsea Fulham. Just couple minutes' walk Harvey Nichols Harrods one side (with Knightsbidge tube station stone throw away) Sloane square King's road (with Sloane Square tube station 5 minutes walk hotel), The Cadogan best location possible best shopping London. Staff extremely welcoming making us feel home, comforts Leading Small Hotel World. A special mention must go hotel's barman: unimpeachable pleasure served him. Being frequent visitor London, I definitely come back The Cadogan I sincerely reccomend anyone would like priviedged location visiting city work leisure.",0.2704761904761905,0.4764285714285714,Jan 22 2009
49,49,"Great Location tip-top service Great Location equidistant Knigtsbridge Sloan Square tube stops(&lt;5min walk each) , making access London quite easy.Service great. Very prompt, courteous, pleasant.Rooms average mine (415) recently remodeled modern bath.Our window opened Sloane street below, I able sleep window cracked without much bother noise.At priceline bid $USD 155/night I considered GREAT value.Would certainly stay again.",0.38186813186813195,0.5881868131868131,Jan 21 2009
50,50,"Great Location We stayed 3 nights Cadogan. A great location- within easy walking distance Knightsbridge Sloane Sq. tube stations, there's bus right Sloane st- I think actually one somebody commented like tour bus lot less GBP- way great ride double deckers. The boutique sized everything size- boutique size. The lobby, elevator, room, gym (3 machines)- incredibly small 3 day stay us probably max. (but I suppose winter trip bundled quite rotund.) We find staff helpful, hand ask much either. The best thing basket clementine oranges front desk, lovely. We awoken one night mouse luggage (and food luggage either) offered particularly lame excuse desk clerk recompense-take 1* away. It's nice know there's vermin room. The bath swankiest part large boot, luxury one done tasteful marble nice fixtures (though I care water pressure gravity drop shower head.) There adequate flat screen TV. We room facing Sloan St. (on 4) thought may noisy traffic winter windows shut (and sort jerry rigged double glazed) noise lift right outside door- old style lift manual outer gate big enough 3- fortunately upscale seemingly goes early. We paid 99 GBP Priceline, noticed offering special directly. They offer us larger room extra 20GBP per night night 1 completely sold out. I see 5 star Priceline bills at, 3.5-4, I know part Leading Hotels World affiliation. But location fantastic Knightsbridge, Sloane Sq. enough right across lovely looking park.",0.19289784289784284,0.4443426943426944,Jan 3 2009
51,51,"More Oscar Wilde Hi,I went spent days London shows I want know famour Oscar Wilde's hotel. I tought perfect place plans days west end plays: Oscar Wilde bedroom Oscar Wilde theaterland.And I found much this. I planned trip time enought room. And great really charmy. Full history. But beautiful MUCH this. It's worm feel like home. It's great great people inside. And lovely edwardan building better.Just perfect.Nacho. Madrid. Spain",0.5,0.573076923076923,Dec 18 2008
52,52,"Great service beyond expectations! I stayed Cadogan years ago business nice come back family time short vacation. The location central (Knightsbridge) close public transport well good shopping restaurants London. The staff management Cadogan helpful friendly (unlike perception English stuffy). We unexpectedly extend stay days London due chaos Bangkok Airport &amp; flight back Asia abruptly cancelled. Despite full bookings Cadogan, manager Adi able arrange us stay keeping everybody concerned happy. We really appreciated efforts since hassle moving another &amp; all. As waited flight confirmed, Ritchie Joe Concierge kept us busy suggestions sightseeing restaurants. Ritchie, particular, kept us entertained anecdotes jokes dear Mom! Finally, front desk manager Rait helpful efficient, keeping us constantly updated status rooms. This one welcoming &amp; accomodating staff encountered London Europe.",0.22701149425287356,0.46149425287356327,Dec 2 2008
53,53,excellent treat !!! A treat hospitality ! I would recommend The Cadogan superb location {middle Sloan Street) around corner Harrods especially special touch staff gives make stay comfortable welcoming. The ambience relaxed though true English cosy elegance. With history brings back time nice modern live touches... tapas bar {recommended} My address stay London shopping visit !!!,0.330267544955045,0.6170329670329671,Nov 22 2008
54,54,Cadogan: Perfect Location Art I booked web site rates really good. Was uncertain product making reservation. I pleasantly surprised I found really British. The location also I looking for. The service impeccable staff really pleasant. The breakfast experience enjoyable restaurant looks like private home. The bedroom good size clean. The technical offer room average. What really impressed though art exhibition seem change regularly. I felt like art gallery. The Concierge Joe old school knows job. I definitely get back there.,0.34764705882352936,0.5281523378582201,Nov 20 2008
55,55,Great service could use little something The Cadogan wonderful could improvements.The service perfect. The staff courteous helpful. The atmosphere traditional classy common areas. Afternoon tea perfect.The improvements needed room gave us. We requested deluxe double put superior double lesser room. The carpet dingy stained leak corner room closet. (This stained clothing discovery leak.) The television limited choices channels shelving bathroom directly toilet. (not good something drops) The gym tiny limited. I say staff excellent though.,0.2221371882086168,0.5608843537414966,Jul 2 2008
56,56,"Lovely Cadogan I referred friends friends try Cadogan.From first moment I got hotel, I knew going place. Very traditional discreet. The staff reception professional friendly. I really felt welcome. The room new clean. Not many TV channells though. I certainly recommend friends, like travel business.Grazie Cadogan.Silvio Bonetti - Milan",0.2677105470287289,0.5794824872097599,Jun 3 2008
57,57,"Great Service Good Product Great Location I read article NY Times intrigued history property. Oscar Wilde arrested Lllie Langtry used live there. Decided give try next trip London.I loved every minute it. The location could better, Knightsbridge, near Harrods Sloane Street. The staff friendly attentive. Always right word, right time. I love stay them. The rooms new clean. They refurbishment Housekeeper said me. I normally like contemporary hotels, British classic style. I mind that. They also art exhibitions, I though something different hotel. Loved British contemporary food experience, I thought something worth try. Did know good British cuisine could be.I definitely back.George WilsonChicagoIllinois",0.3291365182436611,0.4691419294990723,Jun 2 2008
58,58,"Never Again - Unless like able sleep I shown room staff member said favorite room - must insomniac street noise made impossible get sleep. The located intersection two major streets street noise goes night long. I live New York City know things block street noise done things. I even bother mention window, window shade, light air conditioner room working. Management unreceptive discussion credit sleepless nights things working room.",0.12732007575757576,0.6474431818181818,May 27 2008
59,59,"Classical Luxery Knightsbridge After touring many hotels London Cadogan FAR group's number one choice. Its superb location Knightsbridge Sloane Street can't beat. All London's sights quickly easily accessible location Underground.Upon entering lobby, one steps back time decor traditional yet classical complimented well pieces classical art. Close attention intricate details seen areas - tiles public areas light fixtures. The quite interesting history - combined elegant decor excellent service, great choice discerning travellers (bear mind London prices!)The rooms upper floors traditional elegant decor - I understood refurbished rooms. I recommend requesting one rooms rooms lower floors contemporary lack elegant decor historical feel rooms upper floors. For discerning traveller prefers properties reflect city find perfect choice. Its elegance excellent service also make exceptional choice honeymoon couples.",0.3693452380952381,0.5458333333333333,Apr 12 2008
60,60,"Need management change Surprised stay lovely hotel, used Lilly Langtry's house. The day manager difficult. We small room nothing worked (including shower television telephone) took three days change room. We able change hotels sadly booked Expedia (which learned good way go-- usually stuck least desirable room, since knows can't get booking).The night manager wonderful, made grouchiness-- upgraded us lovely room breakfast included. The day manager however even GM courteous moment on, discovered night manager given us price paying , made us uncomfortable would see walking around--(hotel quite small). All made husband say go back. It's bad, I fond memories lovely teas (they nice scones.)",0.02921052631578947,0.6900877192982456,Feb 27 2008
61,61,"Brilliant staff! We stayed October, service far personal larger establishments , Alasdar gem! Definately would stay next time London, like home home.",0.26666666666666666,0.5499999999999999,Nov 27 2007
62,62,Great Hotel Stayed many hotels London past couple years far one best. Staff friendly rooms clean. The recently refurbished rooms look great. The food great value money location beaten. Harrods stones throw away fact small boutique means feels like home hotel.,0.39513888888888893,0.5541666666666667,Aug 22 2007
63,63,Tiny Room Awful Service Stayed one night Cadogan June. Paid 300 pounds room 125 sq ft service awful boot! I expected hotel.,-0.32,0.6799999999999999,Jul 18 2007
64,64,"Disappointing Originally booked stay sister The Cadogan due problem overbooking one night three night stay, transferred The Cadogan one night. A taxi arranged us arrived met bored looking, grumpy, middle aged male staff. We shown room given explanation hotel's amenities facilities, course familiar booked stay here! The corridors dark, small carpets dirty. The rooms bright, nicely furnished comfortable. The bathrooms tiny, cramped tiles bath FILTHY. The scum limescale built due lack cleaning head levels. A paper ordered night delivered. As wait midday go back original hotel, checked out, settled bill, breakfast proceeded go back sister hotel. Even though taxi arranged us day promised another would arranged bring us back, concierge apparently unable arrange taxi hail one street! So day spent getting back original acknowledgement apology provided. For price charged hype surrounding 'exlcusive' - ain't that!!!",-0.026183449074074067,0.4851851851851852,Jul 11 2007
65,65,"never stopped raining The reception staff first class,hotel refurbished,sack designer,too much battleship grey,food drink really overpriced standard one would expect.Room clean television working, shower,worth seeing,just see squeeze tiny space.Close Harrods .On plus side reception staff really proffessional.Far expensive.j.cooke",0.15208333333333332,0.3291666666666667,Jul 2 2007
66,66,"Great Staff. Myself wife stayed three nights last Feburary. From moment stepped hotel, knew something special. We met Richie form Concierge. cant give enough praise guy, From moment arrived moment left sorted everything us. Dinner Reservations ( Spot On ), theatre tickets ( When none Found ). He seemed genuinly interestered stay. A rare thing days Hotels.Our Room nice spacious overlooking Park. Harodds around corner, location super too.Breakfast good lot choice cooked breakfast fresh hot.Many thanks night porters welcomed us home night dinner. Nothing much trouble them.We defenitly back. perfect place weekend break. A little pricey, location worth it. I believe located near Jose mourinho lives. We see time though !",0.25607769423558896,0.49340852130325813,Mar 9 2007
67,67,Not was... I used stay The Cadogan regularly years ago. I go London December decided stay again. Unfortunately I know changed much atmosphere gone. I'll try something different next time.,-0.09999999999999999,0.38,Mar 1 2007
68,68,"Can't Keep Family Away! I stayed Cadogan several times, first time family 3 young children. We stayed Windsor night Awful whim I decided surprise family book us here. From moment met Concierge arrival next evening got us taxi, whole stay absolutely fantastic. The rooms [beside other]] spacious comfortable. The breakfasts expansive appealed 5 different tastes. The service wonderful. It pricey, worth every penny/cent/dime special occasion!",0.15164835164835166,0.49844322344322334,Feb 26 2007
69,69,"The best concierge London We stayed full week end great. The located Knightsbridge market part London.It close main shopping districts west end.Our room big comfortable room service full english breakfast excellent. The staff supberb, friendly welcoming proffesional. We must give special mention conceigre Richie, main attraction hotel. Nothing problem guy want anything london man get you. He enough us almost made us feel like family.",0.3689625850340136,0.4705782312925169,Jan 20 2007
70,70,"Stuffy good I like Codogan almost despite myself. It good location, great kids reasonably near park shops expensive ones little bit ... stuffy . still serve afternoon tea wearing tuxedos . We moved hated Myhotel much cirumstances pleasant I wont go back",0.040530303030303014,0.5833333333333334,Dec 17 2006
71,71,"A romantic weekend spoilt My wife I 1 year old baby. Both Grandparents live Dublin live London. We flew Mother look baby went night away. We booked web agency specifically close Sloane Square restaurant. We phoned direct well check availability safety using one booking agency partners - positive answers.We arrived 3pm nice early. There apparent problem booking. They booked single room - even though booking MR &amp; MRS! It took 1/2 hour tell us shifted another - 1/2 hour taxi journey away. I told specifically booked location, seem care.By time got room 'tourist' end town 5pm. The Cadogan offer drink waiting - I ask drink free inconvenience. We get 1/2 hour cab journey back restaurant another 1/2 hour home.We live 45 mins door door hotel, excluding romantic night consisted 3 hours time wasted.",0.09825487012987012,0.4177962662337662,Dec 4 2006
72,72,"Waste weekend time money I recommend Cadogan place stay London. The positive thing I say location terrific. I checked Friday 17th November (for two night stay), dropped door driver picked Heathrow. The staff looked bored anything friendly. The receptionist checked accompanied room, fourth floor. My initial reaction room tiny. Ok - standard double rooms City London small - took biscuit.The decor tatty dated. I commented receptionist warm... answer open window. Note windows hotels open centimetres, safety reasons. My partner met hour later instantly commented hot room was. We could see recurring problem room built airconditioning unit (which blew hot air), stand alone fan fan ceiling. My boyfriend told old building probably pipes walls increasing heat, coupled fact top floor. We went dinner evening came back room (we left fans on), knocked heat. We called reception asked would possible moved, rooms. The concierge however came room air conditioning unit us. This quickly solved problem, unbelieveably noisy!! The next morning got breakfast, ok - service appauling - ask everything twice food cold. The continental buffet average. After breakfast asked possibility changing rooms thankfully able accomodate us. We moved room 106 far spacious room working air conditioning. The bed far superior. My compalint room would could hear loud music shouting next door, early hours morning. In nutshell, I would never return - complete let I really surprised read good reviews here!!! Maybe I bad experience, I find really hard believe....",0.08660353535353532,0.5251796814296813,Nov 20 2006
73,73,"Great Small Hotel Stayed Cadogan 4 nights September. Nice small great location near Hyde Park, Harrods upscale shopping Sloane St. Service excellent thanks Richie! Concierge also gave us 2 good restaurant recommendations. London EXPENSIVE USD$300+ night Cadogan actually value.",0.2604166666666667,0.55625,Oct 3 2006
74,74,"The cadogan cadogan- checkin simple easy, room quite comfortable nicely decorated. nice size, bathroom nice well. problem hallways lead room. With large luggage, almost impossible get room hallways. It would also better lighted better. There pool, I didnt see gym little disappointing. The restaurant good breakfast isnt worth going evening. Afternoon tea served evening delicious. The front desk staff restaurant staff extremely curtious, helpful, friendly. The conceriege helped us quite lot well. The room service &quot;staff&quot; unpleasant-especially take advantage fact 24-hour room service : ) location wonderful-right steps away best expensive shopping london well Harrod's. All all, The cadogan god flaws, easily overlooked.",0.27725155279503105,0.6631469979296066,Jul 24 2006
75,75,"The Delightful Cadogan I returned relaxing week The Cadogan Hotel. We impressed whole weekend; reception staff kind made us feel 'at home'. The small comfortable. Our bedroom facing Sloane Street good people watching, wife I amazed quiet considering heart Knightsbridge!",0.45600000000000007,0.6513333333333333,Feb 7 2006
76,76,"Loved it. This leading world. really loved it. Me collleagues spread different rooms. Traditional rooms edwardian luxurious, rooms comtemporary stylish, go style prefer. I staying contemporary room, one noise although front main street. Very cosy cosy room, confortable beds, good level room service. Also, You MUST lunch restaurant much recommend 2006 Prawn Cocktail served martini glass 3 delightful layers avocado, jelly another sauce. Service great too. If want live luxurious yet traditional english atmosphere, go regret it. Otherwise, shopping Harrods Harvey Nicks, pop afternoon tea perfect afternoon!Hope useful.",0.3697053872053872,0.5547222222222222,Feb 6 2006
77,77,"Very nice London Boutique Stayed December, nice hotel. If tired chains try this. It excellent location. rooms bit small (surprise!) well furnished",0.36950000000000005,0.8200000000000001,Jan 3 2006
78,78,"They destroyed charms character I regular visitor The Cadogan location (chic Sloane Street) history (Oscar Wilde arrested there) always enjoyed special &quot;old world&quot; &amp; &quot;club feel&quot; it, knowing Management Team around assist care. However, changed hands recently transformed another one &quot;hip&quot; places soon forgotten. The unremarkable decor looks cheap unfinished. The prices gone up, faithfull long serving staff disappeared. I highly recommend &quot;Number Eleven Cadogan Garden&quot; British hospitality.",0.17089285714285712,0.404793956043956,Jun 25 2005
79,79,"Good service older-style rooms problems I stayed one night Cadogan. Service front desk staff porters excellent. However, I staying one older style, non-refurbished rooms top hotel. This resulted glitches, like shower running hot (although I could work around bath instead) doorhandle coming door (leaving stuck room). There also airconditioning. I felt little short expectations price range. My colleagues stayed rooms none experiences.",0.25601851851851853,0.6064814814814814,May 29 2005
80,80,"Love I love Cadogan - I stayed 11 year old parents never forgot open lift gorgeous decor breakfasts!! I returned husband last year three night trip see sights fell love again. Its old fashioned yet luxurious, service excellent, breakfast varied good quality. It relaxing old world charm.... Great location Harrods &amp; Harvey Nikcs stroll away, Kings Road Chelsea opposite direction. South Ken tube station five minute walk away. I would heartlily recommend anyone wants escape faceless chain hotels.",0.36866666666666664,0.4584444444444444,Apr 4 2005
81,81,"The Cadogan great hotel! We stayed three nights enjoyed lot. It's intimate, 4 stars (despite functioning site restaurant). We room service twice, food superb. The recently redone Contemporary rooms beautiful spacious, service ( turn down) perfect, got fluffy bath robes slippers rates quite affordable. We payed 105 British Pounds, breakfast VAT excluded, double room, thought worth.Location also fantastic, right across garden, short walking distance tube stations, Knightsbridge Sloane Square. We loved tha would stay again, without doubt.",0.3674603174603175,0.5406629318394025,Jan 7 2005
82,82,"NOT 5 Star Hotel No soundproofing rooms, I could hear person next room talking telephone. This NOT leading world.",0.0,0.0,Dec 6 2004
83,83,"Charming peaceful classy I stayed Cadogan young woman - thrilled find wife mother. The rooms updated spotless excellent beds baths, beautiful breakfasts, caring staff William Morris wall papers - real, old openwork lift - priceless location Cadogan Square (ask garden key) Knightsbridge Sloane Square. Don't miss it!",0.4772727272727273,0.7545454545454546,Nov 11 2003
84,84,Il meglio della professionalitÃ e dell'accoglienza.,0.0,0.0,Nov 23 2009
85,85,mejor ubicacion en londres,0.0,0.0,Nov 2 2009
86,86,Sejour magnifique comme d'habitude,0.0,0.0,Jul 14 2009
87,87,un'immersione luxury British,0.0,0.0,Jun 30 2009
88,88,Trato exquisito ambiente familiar confort mÃ¡ximo desayuno excelente,0.375,0.5,May 18 2009
89,89,SÃ©jour londonnien,0.0,0.0,May 14 2009
90,90,Splendida posizione attenti alla reception,0.0,0.0,May 2 2009
91,91,Accogliente,0.0,0.0,Apr 26 2009
92,92,So cosy !!,0.0,0.0,Apr 21 2009
93,93,accogliente intimo ed elegante,0.0,0.0,Apr 18 2009
94,94,semplicemente perfetto,0.0,0.0,Apr 1 2009
95,95,PequeÃ±o-gran-encantador que lo tiene todo,0.0,0.0,Mar 13 2009
96,96,un week end indimenticabile,0.0,0.0,Mar 12 2009
97,97,Bell'Albergo Centrale con un Buon Servizio,0.0,0.0,Mar 9 2009
98,98,Cliente affezionata,0.0,0.0,Mar 6 2009
99,99,????????????????????,0.0,0.0,Feb 18 2009
100,100,?????????,0.0,0.0,Feb 16 2009
