,Unnamed: 0,Reviews,polarity,subject,Dates_extracted
0,0,"Open letter Choice Hotels My check date check date day. This one worst hotels I ever encountered 40 years travelling. The reeked old mould, room offered 5 flights stairs elevator, next room offered basement. The halls narrow getting oneself ones suitcase hall chore. We 2 rooms ordered, one wife one 2 boys.When I informed sign represented four star rooms totally unacceptable informed would charged 2 rooms one night whether stayed not. The rooms bad left found accomodations. I informed credit card company reverse charge room advertising borders fraud.I sent email Choice Hotels awaiting response.",-0.18914141414141417,0.3914141414141414,Oct 30 2009
1,1,Small petite bijous This hotle ideal location stay travelling Eurostar warned rooms small. Don't expect able swing anything bigger kitten room.Breakfast seemed little chaotic breakfast room quite small situated basement.Reception staff could friendlier checking ask everything ok stay hope see again!,0.1359375,0.5406249999999999,Oct 8 2009
2,2,"would recommend I usually first complain hotels I say found problems I would missed them.On arrival reception staff nice helpfull, room although small clean bathroom ok size.In morning breakfast staff helpfull pleasant.In summary perfect location Kings cross tourist attractions,the clean staff pleasant .so short stay I happy I booked return",0.3543589743589744,0.5892307692307692,Sep 26 2009
3,3,"Don't go near place! Apart convenient situation King's Cross Eurostar, nothing positive going it, exception O.K. staff average breakfast. Our first night spent basement room, dark dingy, easily accessible, due narrow doorways corridors (like rabbit warren!). We shocked find drinking water bedrooms even shocked find temperature shower could turned down, although scalding hot. Unfortunately, return another night, pre-booked holiday company return France. The second night spent suite, disgusting smell television work. The access room breakfast room, agreed take it, alternative third floor lift. I shall contacting travel company requesting use ever again, stop overs London I informing reasons this. There hotels conveniently situated station, I sure suitable human inhabitants.",-0.028491647241647235,0.47236790986790983,Sep 23 2009
4,4,"The Worst Hotel but... exactly bad. So bottom hotels, mean necessarily bad... We stayed older 4 star London Swiss Amsterdam, &quot;worst&quot;, clean, semi-quiet, close Eurostar/Tube, picked it. Problems... The shower terrible! Weak pressure, small hell, water says portable, weird London?!?! The room tiny tissue, iron, water drinkable, coffee tea provide required buy bottled water.We left room disturb sign door noticed returned window open?!?! Not cool remember closing locking it...The breakfast great though started day right!",-0.15957961309523808,0.6259300595238095,Sep 22 2009
5,5,Run fast We booked close Kings cross Station taking train Paris.It rates 4 star 30 stairs room reeked door hit bed worst last 30 years travelling.When saw rooms stairs needed climb told unacceptable offered us room basement.In end went Novotel around corner 15 pounds more.Place sh**hole tourist bureau health department need take serious look heath hazard delisted hotel.,-0.22666666666666666,0.4666666666666667,Sep 12 2009
6,6,"Average rating average - overall worked us Great location (especially Eurostar). We suite worked really well us - plenty room husband I 2 teenage sons. Nice view - air conditioner worked well. We couple issues - electricity work (which meant shower work arrived long plane trip States) - repair person able come immediately and, going London couple days, want waste time waiting showers. We ended take brother's room parent's room. Overall, worked fine needs good location.",0.17777777777777776,0.4583333333333333,Sep 1 2009
7,7,"worst stayed I Britain I spent 16 days Britain worst I stayed in. Furthermore, expensive I stayed whole trip (and I found better London two days cleaner cheaper). My room basement, dark appearance worst. I would never recommend anyone, unless rooms (not basement) better. The staff ok. The sheets bed linen clean. I option stay I arrived Newcastle Friday afternoon. I wanted stay King's Cross area, I opted this. When I go back London I definitely book another I stay again. Never. The positive aspect locality. Other that, expensive sombre room basement depressing.",-0.14671717171717172,0.5674025974025972,Aug 11 2009
8,8,"noises off... Having spent sleepless night last year Travelodge Kings Cross Eurostar trip, I chose Comfort Inn year basis main road may therefore quieter. Sadly wrong. Collection drunks outside early hours, general traffic noise nuisances meant bad nights sleep. We front facing room first floor. My mother law single room facing interior find noise problem apart resident pacing floorboards!That said, noise greater extent outside control hotel. Otherwise, family room clean, good refurbished bathroom, reception staff pleasant. A/C noisy use it. We stay breakfast due early start.",0.06776190476190477,0.3832142857142857,Aug 9 2009
9,9,"After short break delightful abroad I appalled I found here. Entrance uninviting. Two youths sprawled across settee seem guests stared I walked in. Receptionist pleasant helpful.Passageway room narrow awkward navigate.My room fairly cramped - double room twin beds. Bed bases uncovered, exposing base material - valances. Top covers grubby looking although sheets okay. After settling bed, I discovered several long hairs top sheet. I handed receptionist following morning.The 'computer desk' advertised small table covered kettle tea/coffee sachets. The kettle faulty held place order make contact mains connection.The carpet dirty although vacuumed.The tv signal poor flickering channels time, finally gave ghost signal failed completely. Bathroom alright although toilet roll holder poor construction allowed toilet roll drop touched. The shower cubicle dirty/rusty around edges uncleaned gel floor.The room overlooked street noisy night. There single glazing frames badly need lick paint. I choose partake breakfast I desire stay longer necessary.Receptionist departure agin pleasant. Having stayed Barcelona charged far less vastly superior aspects, I felt ashamed dreadful overall standard back England.",-0.015919312169312173,0.5398412698412698,Jul 29 2009
10,10,"""Comfort"" - The Irony ! Not worst I've stayed but.....Tiny TV top corner room, remote, Aircon controls (Better aircon all), grubby linen, mattress definitely past acceptable date, cups stuck cabinet, tap water drinkable bottles room either, 1 hand towel, shower mildew smell two settings, cold scalding hot. Noisy corridor, thin walls rooms. I stay away lot I whinge one avoid. Premier Inn Holiday Inn around here, least know getting.",-0.1388888888888889,0.6166666666666667,Jul 22 2009
11,11,"No comfort I've Comfort Inn life 2 years go 14 would assure anyone would never ever come back there! Firstly reception OK thing disturbed two recepitionists people constantly annoyed unavailable us guests. Secondly family booked room 1st floor knowing suites available. Thirdly lifts small claustrophobic meaning 3 people could hold time squash make room people. And way slow! The hallway taking us room narrow impossible walk big luggage. To open room electric cards needed work time would take hours enter. Once asked spare keys actually said lost them! And Grand finale Our &quot;room&quot; could called normal room considering basement floor, two double beds stuffed in, dirty duvets full dust minuscule wardrobe space hang clothes! The bathroom, now, shocking bit.. big step front careful trip into, towels changed forced use towels 3 days, sink low uncomfortable, shower put angle bathroom meaning narrow actually could move it, always leaked even closed water desperate need repair temperature handle would NOT work would waste half time fiddling hoping hot water would come nothing! So forced freeze death. The windows negative part all, open meaning room would aired remained stuffy hot also air conditioning work nicely made squeaky sound, view considering basement TERRIBLE could see people walking could see implies curtains hide bit privacy. Also bad thing complained staff lack hygiene wanting change room possible enough rooms free (half empty) want to, hard time always unpolite unfriendly. There lack communication clients became pretty frightening view. Nothing add pretty simple expected especially called &quot;COMFORT&quot; guaranteed comfort last thing I expected.",-0.045136815920398,0.5222956645344706,Jul 22 2009
12,12,"staff great location great room basic staff really helpful, reception breakfast room lovely.if got new duvets would make enormous difference feeling room.....they old worn.......location great, handy underground train.it great jug room got biscuits daily nice touch . really wanted sleep room wasnt great spend time in....had really good shower. noise fan next doors bathroom quite noisy room had.fan noisy room least cud turn off!",0.36419786096256684,0.5170320855614974,Jul 8 2009
13,13,"Nice reasonable price As several others mentioned, conveniently located near Kings Cross Tube station St.Pancras International train station. The room big bathrooms OK. The room bathroom clean A/C worked great (it hot I visited). Breakfast OK too, coffee certainly good. The staff friendly. Overall, looking short stay budget price, it.",0.28619791666666666,0.44230769230769235,Jul 6 2009
14,14,"Friendly staff expect much ""comfort"" Inn. Taxi Holiday Inn please ! We chose short walk Eurostar terminal St. Pancras. We booked night either side journey Disney Land Paris. Before booking viewed website found awarded four stars B&amp;B style accommodation English Toursim. The pictures looked accepatable. However...We found staff polite, friendly helpful, left lot desired. The Reception area looked promising soon entered communal stairways (narrow, cramped, stale) left wondering rooms would like. Sadly, much better. Although generally clean, left feeling camped night someone's neglected back bedroom. The rooms small, noisy need refurbishment. We stayed basement room one night (broken air con - stuffy) attic room final night (air con worked made strange electrical crackling noises turned off). There also various wires coming wall connected transformer screwed bedroom wall. It turns shower pump screamed like banshee turned on. The buffet breakfast windowless room basement. Basic offering expense spent catering. Crossiants seen oven, cold hard. Ham looked odd. Yoghurts extremely cheap nasty. However found staff helpful efficient seating us dispensing toast. Stick toast cup tea (you make tea reliable !). In summary, good staff, bad hotel, price paid Holiday Inn taxi station would better bet. Not four star standard.",-0.05286458333333334,0.4190104166666666,Jun 28 2009
15,15,"Glad stayed one night happy rented apartment week. A lot city noise open window night.Rooms clean, smell mold bathroom.The breakfast room crowded claustrophobic.",0.15952380952380954,0.75,May 22 2009
16,16,"Pleasantly Surprised I recently stayed Comfort Inn Kings Cross I enjoyed stay. I'll break down.1. The Rooms. They nice. They've updated since pictures reviewers posted. Each room flat screen tv i'd say 26 inchs. The rooms extremely large pretty good size. 2. The Bathrooms. Very spacious. The shower roomy recently redone. Everything clean mold gunk. The water always hot.3. The Maids. Everyday room cleaned. She took garbage, made beds put new towels. They say hang take order save water anyways. Oh Well always nice clean ones. They provide dispincer full soap shampoo. 4. Every morning provide breakfast. It's nice. They ceral, cheese, toast (upon request), yogart hard boiled eggs. To drink orange juice, apple juice, coffee, hot chocolate etc. My complaint I like milk cold ceral always warm. 5. Staff. I purchased 4 hours internet told sign would record time without explaination. So I used maybe 2 hours next day I none left. They forgot explain physicaly log cannot shut computer. They gave 2 free hours mis-understanding. I problem one guy worked night shift. Our phone cut making calls two nights row refused cut back without charging card would later returned I spoke another guy said charge holding fee keep number incase. We went around around. Finally someone else group spoke agreed cut back on. Likes: Rooms clean! Staff nice exception one late shift worker.Dislikes: No high-speed internet. They charge 20 pounds 4 hours. They need free internet!",0.13802913059163058,0.570841810966811,Apr 4 2009
17,17,"It okay This Hotel okay. We lucky enough given suite opposed normal size room spacious. It clean job 1 night. The location perfect people wanting access St Pancras Kings Cross stations (1 minute walk). However, breakfast room extremely small size. The self-service part breakfast great well organised. However, breakfast staff 'manage' toast somewhat disorganised times hectic. Although reception staff pleasant, I'm afraid can't said breakfast staff! My main point make way deserves 4 star rating. I stayed many hotels honest I stayed better 2 stars. On website, say 'budget' hotel, give 4 star rating, me, match up.",0.30999999999999994,0.5921568627450982,Dec 17 2008
18,18,"Scrape Pass Stayed one night - travelling Eurostar next morning. First plus point - itâs close Kings Cross/St Pancras. The outside promises much - that's ends. The reception small (but receptionist helpful friendly). A couple chairs reception occupied people looked time! Just single room - hardly enough room swing cat (and small one that). The room clean, looked 'shady' courtyard. There tea coffee making facilities room (very) small t.v. limited channels. No bar couple vending machines. Breakfast limited (but adequate 07.00 I wanted leave get train) 'served' begrudgingly, room windows 'cellar'. The lifts miniscule.If really must stay area (which great) night two. For Â£100 (just) London really complain? Cheap, clean cheerful.",0.07498706004140787,0.41574016563147,Oct 31 2008
19,19,"Good enough - return We returned 2 night stay Kings Cross Comfort Inn. Having read lot bad reviews seedy budget hotels London, apprehensive stay especially since travelling toddler.But I would say stay pleasant. We booked one double room twin room (one husband, toddler another visiting family friend) rooms good. And hop, skip jump Kings Cross station.The carpet bit frayed, expected. The beds done well, though blankets worn. The room neat tidy shower room good size clean. There lots towels, crispy clean white. Cant expect five star hotel.The hand soap, shampoo shower jel smelled nice felt like good quality stuff. The tea tray adequate biscuits, perfect toddler. And lots restuarants coffee bars around, never stranded choice.The breakfast room small go back room twice table available. Apart that, continental breakfast adequate lots toast (you ask), juice, selection cereals, selection beverages, croissonts, buns, cold meat, yoghurt eggs. The fruit canned, though.The attitude staff right front desk service staff excellant. When I asked someone front desk warm milk toddler, done immediately, smile. The front desk staff also polite alert knowledgable tourist destinations. Its love jobs- I would give special mention Philipina lady supervising breakfast service - polite pleasant deal with.On negative side, room bit noisy traffic outside room overlooking garage. With double bed baby cot, barely room move. The washbasin blocked. But silly stuff overlook, given London.Overall good expereience Â£125/night - definitely return.",0.2384772978959025,0.4802823920265782,Oct 14 2008
20,20,"Pleasant small My teenage daughter I stayed 5 nights Comfort Inn King's Cross. The location convenient King's Cross Tube station St Pancras International. We within two minute walk station, major hub several underground lines, made traveling around city breeze. We left London via Eurostar Paris, departs St Pancras, also worked conveniently.The older building, tucked around block rail underground stations. The staff pleasant friendly. We double room ground floor first three nights (the room available), Internet rate Â£90 per night, moved twin room third floor remainder stay rate.I experienced bit culture-shock high prices hotels everything else London, I believe price tag appropriate modest I looking comparable properties area. The rooms clean small (again, apparently typical moderately priced Western Europe hotels); high-speed Internet access pricey, considered slowly actually functioned.The room rate included continental breakfast large number options (cereals, toast, boiled eggs, fruit, yogurt, juices) fresh croissants quite good, coffee mediocre (made machine, fresh brewed pots).I can't say enough, though, kindness courtesy shown staff. My daughter I many times per day, always greeted us, remembered names, could even inform daughter arrived departed absence I went separate forays around city.While area may seem little sketchy dark (after crowds tourists using Tube stop train station dwindled away), day felt quite safe. There Internet cafes within easy walking distance, well variety restaurants cafes ranging Starbucks Pret Manger attractive restaurants offering full service lunch dinner meals.",0.16473755411255409,0.4365963203463203,Sep 1 2008
21,21,"It's OK The fine, 3 minute walk station. Kings Cross nicest areas, fine. Got suite L140 per night, cheapest I could find central London. But worth $280 per night....for I expected better.Room double bed separate living room 2 chairs pulled beds, fine children adults. When beds pulled out, hard manuever room. Small kitchenette area sink, small fridge microwave bathroom shower. Furniture basic, staff friendly. Walls thin; I could hear guy next room took shower flushed toilet. Free daily newspaper reception.Bathroom OK, everything else OK. Internet connection fee....L3.50 30 minutes L10 4 hours. Breakfast basement....toast, hard boiled eggs, cereal, yogurt, breads canned fruit. I've stayed better, I've stayed worse. This Comfort Inn Suites King's Cross...they blocks over. Again, bad, great, cheapest I could find London $280 night, even huge city, I expected little more.",0.07163978494623657,0.4137096774193548,Aug 17 2008
22,22,"Reasonable I made reservation internet week. The staff friendly room tiny say least. No space whatsover.The okay one night two, additional nights I reccomend it. The restaurant, TV work well I complained it, someone staff told pidgeon's fault!, Moreover, rooms close actually listen people rooms. The room old bathroom ensuite also old pristine terms cleaning.In last night, I returned two o' clock room cleaned yet, shows poor quality service hotel. One reasons people choose another hotel, possible amount money I spent get better deal. Therefore I believe good value money I advise people stay unless night two most..",0.07125,0.4345833333333333,Jun 28 2008
23,23,"A good value We got payed for--a good clean room close station reasonable price.We booked &quot;family room&quot; 2 adults 2 children, listed suite. Stayed room 405 (on top floor) 429 Br pounds 3 day stay. We 2 rooms small kitchen area containing micro wave, small fridge, hot water/teakettle sink. Our room also new quiet A/C unit.The beds consisted 2 hide bed chairs kids (only drugged adult could sleep these, quite sufficient kids 10 7), regular sized double bed good mattress adults. The bathroom tight adequate shower large enough adult spacious. Plenty hot water modest pressure---no way control flow rate--- water either off.Our room clean surprisingly quiet considering location---facing street front less 5 min Kings Cross Station.Free breakfast acceptable although room (in basement) small limited seating capacityThe front desk people VERY nice, pleasant helpful. I stayed 5 star hotels less helpful people.I would recommend looking good value would stay again---at least room 405.",0.19839766714766716,0.488016983016983,Jun 22 2008
24,24,"A place spend night... We booked 7 nights, suite. The best price suite could fit 4 people. The room first floor,we open 5 doors get room. Tough trying manuever 4 pieces luggage.The room cramped wife I two teenage daughters. The beds uncomfortable low. The noise level outside loud, old windows need replaced. The shower tight trouble controling temperture. We went Paris Eurostar one day, easy access hotel.There internet cafe around corner,one pound per hour. Much cheaper hotel, 3.50 pound per half hour. Bottom line, greatest, locaton tube buses good. Bring plenty money, food expensive.",0.12837928153717626,0.4873182957393484,Apr 27 2008
25,25,"You get pay for... As someone lives Wolverhampton works Camden, I often stay Holiday Inn Regents Park (Book online early pricey), Ibis Euston (Good sized rooms, rubbish beds) Thistle Euston (Average everything). With availability usual haunts, I thought I would try Comfort Inn Kings Cross, Â£102 including breakfast seemed pretty reasonable. I wasnât expecting luxury fair room, 116, clean tidy comfortable bed.Room 116 possessed idiosyncrasies. The shower interesting. The angled space-saver design means door hinges third way along width. Consequently, unless size zero model press back freezing cold tiles order close door behind you. Also, temperature control knob decoration flow wouldnât take froth latte. Sort of, donât feel force Lukeâ¦warm.Far away interesting aspect room 116 immediately ground floor Reception area. Yes thatâs right, itâs first floor itâs seven eight rooms lift. The sash window opens onto pavement bed located headboard stud wall thickness Reception, made noisy stay. People coming going early hours doors banging 6am. This also means thunder-box situated adjacent Reception corridor rooms. You overhear every word conversation I guess meansâ¦well Iâm sure figured.The staff polite helpful, tipping great Italian restaurant around corner (Cassa Mamma, Kings Cross), busy worth waiting table. In conclusion, exactly says tin - cheap, clean budget accommodation short walk Kings Cross Saint Pancras. Would I stay again? Yes I probably long donât give room 116!",0.19045965608465604,0.4666093474426808,Apr 18 2008
26,26,"Clean well located This short walk Kings' Cross-St. Pancras. We traveled f rom Paris Eurostar find difficult roll baggage hotel. The room assigned clean, bed comfortable, nice teamaker set. However, room tiny could find place put suitcase spouse hit head constantly wall mounted TV set. Our room located narrow, winding hallway several stairs. If one mobility problems, request room accessable lift. There lift, lobby big screen TV. There soda machine ice machine lobby. The continental breakfast included breads, hard-boiled eggs, cheese, butter, jam canned fruit. The desk clerks courteous efficient. There lots cheap eateries neighborhood. We would stay again.",0.15179487179487178,0.5887179487179487,Apr 10 2008
27,27,"Very nice stay I spent week holiday Confort Inn Kings Cross wife teenaged daughter. Our room suite seperate bedroom, living room pull couch bed, kitchenette. The room plenty big enough three us quite comfortable. The couch bed bit hard terrible. The room clean fresh linens towels. Wireless internet access provided cost login information obtained front desk. The staff friendly helpful. A basic self-serve breakfast included. The problem narrow stairs corridores. My wife's leg cast bit trouble getting around.The location near Kings Cross Station gives transportation practically everywhere (look plateform 9 three quarters there). Around block grocery stores bit Starbucks. A Subway Sandwich shop practically next door desperate close food.",0.073,0.47433333333333333,Apr 6 2008
28,28,Good value great location This basic roomy comfortable room GBP99 per night. We HUGE bathroom decent sized twin room. Just couple blocks Kings Cross tube train station - central easy get around town to/from Heathrow.,0.30999999999999994,0.53,Mar 24 2008
29,29,"fine Stayedhere overnight prior meeting. The meeting organisers allowed budget Â£100 per night get much central London. The room fairly small clean. The bathroom spotless. Breakfast croissants, bread rolls cheese etc. It aluxury I felt good value teh money. As close King's cross station central convenient sight seeing. The staff friendly. I would stay again.",0.20342592592592593,0.4038888888888889,Mar 18 2008
30,30,"Fabulous Friendly I returned week-long stay Comfort Inn Kings Cross London, England, UK.Though room small, perfect person needed place sleep rest exploring city London. It set main roads, room quiet throughout day.The situated within 2 blocks busy Kings Cross station get several tube lines international train. A wonderful arrangement someone depending using underground system get around city.Every morning, continental breakfast provided hotel. Not super fancy, right traveler - bread, cheese, cereal, juice, yogurt, cold meats, hot drinks.The reception desk employees friendly extremely helpful. Every time I question, willing answer help find answer however possible.I would certainly stay Comfort Inn again.",0.1797619047619048,0.5352607709750566,Feb 24 2008
31,31,"Great price We stayed 1 night prior catching Eurostar Paris Disney, across road St Pancreas, room clean adequate stay, small enough room move around without bumping anything, staff helpful, breakfast next morning OK kept us going till late afternoon, beauty continental help enough fill up. We would say next time travel Paris.",0.18153846153846157,0.4379487179487179,Jan 3 2008
32,32,"catch mouse! I WAS 19 YEARS OLD, I boyfriend booked double room commfort inn 2 night want reach ireland. Unfortunately boyfriend got sick, continued terrible staying comfort inn 5 nights. They said us continue stay change room, gave us terrible room low ground windows level bottom buiding, pipes kitchen extractor, closed sides wall buiding, saw big mouse. I told saw reception laugh us said I catch mouse. The room hot, impossible sleep close window. I WAS DESPAIRED, I ask call doctor boyfriend becuse got worse. They send doctor I paid 100 pounds said I would pay 60 pounds. I praid receptionist change room, laugh always(I think I seem young). Finally, hopeless, I call airlines I booked return flight. Never I've happy home.Comfort Inn King's Cross, worst! P.S. sorry bad english!",-0.17938923395445136,0.5671221532091096,Nov 3 2007
33,33,"Okay I got back last night 17 days Europe, last 4 days London. We stayed mainly central was. First all, Gatwick Airport, buy train ticket takes directly Kings Cross Train Station... buy 4 tickets, get half price, basically 5 GBP airport Train Station! Which great deal... make mistake like us, jumped wrong train!!Hotelthe nothing special, older narrow stairs, elevator broken, walk stairs, inconvenient. RoomsThe rooms small bathrooms pretty small well. clean basic.StaffThe staff friendly helpful. They promised help us find room two twins avoided us much could really helpful all. Not friendly either.FoodThere breakfast everyday goes 9:30, nothing special, complimentary, might well take advantage it. LocationThe 3 minute walk Kings Cross Underground train station. Which best part things. There many restaurants, internet cafes, stores shops nearby.Overall, location best thing hotel, I would say get good price book options, definately consider another (like said earlier, ALOT hotels area). For right price would worthwhile stay definately shop around see else first. (we payed 71 GBP per night two twins, pretty good deal us).",0.14506308506308507,0.45000058142915283,Oct 30 2007
34,34,"Cold Comfort Stopped one night only, thank goodness. Paid Â£100 room advertised double entering room realised 1/2 clearance side walls.The building outside Georgian look enter building evidence former Georgian building completely absent.The staircases narrow I'd hate fire alarm went of, thankfully fire doors closed well.Breakfast continental i.e floppy cold toast, usual jams, poor quality meats, yogurts selection hard boiled eggs!Staff generally non communicative, I suspect go extra inch never extra mile.Would defintiely going back",-0.1750925925925926,0.4478703703703703,Oct 30 2007
35,35,"Great budget We stayed two nights, reading reviews little apprehensive, pleasantly surprised arrived. Reception spotlessly clean greeted extremely pleasant member staff showed room, room quite large (bigger expected) clean comfortable, bedding towels spotless, although basic suited needs perfectly course price reasonable too. I would recommend anyone looking decent budget hotel, within walking distance Kings Cross/St Pancreas underground station.",0.29857993197278915,0.6597789115646259,Oct 18 2007
36,36,"Book Dungon Room Comfort Inn Kings Cross! Be forewarned â rooms Comfort Inn, Kings Cross ridiculously retched couple nights, referred Dungeon! The front desk staff dismissive disorganized. They insisted seeing credit card three times, I closely monitoring bill.The euphemistically named &quot;lower first floor&quot; room actually basement. My son's room overlooked filthy, trashed-filled alley, complaints shrugged-off rude indifferent staff. The window husbandâs room level sidewalk, offering pedestrians direct view bed. Needless say, also noisy, little privacy. The magnetic-credit-card-style room keys worked half time, continually climbing stairs wait front desk get reprogrammed. When I asked second backup key, I denied.Though well-located price, The Comfort Inn, Kings Cross must survive unsuspecting London traveler, mercy check-in. The staff rooms certainly would bring repeat guests. Consider forewarned!",-0.10956101190476189,0.47946428571428573,Sep 3 2007
37,37,"Positively surprised It's difficult find nice cheap London. This town really expensive. Hotels usually cleanest smallest rooms hallways.My room small too. After entering I stood right next bed. The cover 70s style everything clean. The bathroom small clean too, bother me. I stayed room sleeping. There also safe room, tea maker, tea bags instant coffee, small tv top wardrobe. I third floor, right next elevator made think would loud case. Frankly I got back room 2 am, even morning I heard people entering elevator once. There also traffic noise, even tho 3 minute walk King's Cross / St. Pancras stations.The located conveniently tube trains nearby also lot opportunities eating way. Subway, McDonald's Burger King fast food lovers I also walked past place serves Indian dishes I went Casa Mamma couple times. The prices average, people nice meals good, although I recommend ordering lasagne (I got smallest lasagne I ever seen life); pizzas good sizes tho.I also found reception staff friendly, I understand people wrote reviews talking about. For good price I would definitely stay again.",0.12131283068783068,0.5628637566137568,Aug 27 2007
38,38,Great Location Great location sums nice little renovated old townhouses. Kings Cross tube train station well busses everywhere easy block half away. It's fanciest town staff helpful friendly price reasonable London. The room air conditioning best found England. The continental breakfast standard fare abundant fresh. There many small shops pick sundry needs nearby. Don't miss dinner nearby &quot;Pasta House&quot; - great food personal service. When return London we'll stay.,0.3313425925925926,0.5100000000000001,Aug 22 2007
39,39,Decent Hotel budget travelers Spent three nights Comfort Inn Kings Cross July. It's fanciest rooms bit small clean decent deal budget traveler. One thing friend I found interesting bathroom actually size bigger room. The staff nice helped us book tour Stonehenge. It's close Kings Cross metro station Subway around corner want inexpensive meal. The breakfast anything write home bad- cereal fruit hardboiled eggs toast (you special order toast). I would recommend people looking place sleep budget.,0.07908163265306123,0.4283163265306122,Aug 12 2007
40,40,"Look around book Comfort Inn King's Cross We ended staying four nights planned, almost didn't. The room initially gave family four us small shabby, isnât primarily made us ask different room. The smell mildew/mold overpowering. It strong hallways, worse room. We usually wouldnât request different room, I told desk clerk, expensive room I ever stayed (due London prices exchange rate), shouldnât worst. He helpful, found suite gave us price. This second room wasnât luxurious, clean smelled fine (both inside hallway). There one small (9 inch? 12 inch?) TV, living room area bed basically old fold couch, hide-a-bed. The linens worn, poor quality, non matching, clean. The included breakfasts fancy, filling. The staff nice, especially breakfast lady. Both rooms basement, different sides building. I wonder drainage issues right side. Location fine--restaurants pubs walk to, different forms public transportation far away. Overall, London easier get around I expected. The immediate area touristy, seemed safe relatively quiet.I would stay again, would try elsewhere first. I think owner think business would home: Would I give accommodations friend? Our second room three star quality, I would never think letting friend (or even friendâs dog) stay first room. We made reservations full price well advance--that room used last resort-- all.",0.044226190476190474,0.4722261904761904,Aug 6 2007
41,41,"Do NOT stay there! Just clarify, I've stayed budget hotels before, I know expect one. But this... They wish could actually pull level could start calling budget hotel. Filthy shower, towels worn actually holes permanent stains (!!!) Blanket disgusting. If housekeeping getting paid, mystery getting paid for. Honestly, kind hygiene level expect truck stop middle nowhere, &quot;nice budget hotel&quot; people shamelessly brand themselves. I stayed Comfort Inn US before, great. Just expect dramatic difference quality (it's chain!)Do favor, ruin trip. As fun day may be, hellhole forced return every night. Don't ruin stay London. It's beautiful city, plenty decent hotels. Not one though.",0.052222222222222205,0.5361111111111111,Jul 9 2007
42,42,"Terrible receptionist noisy room I arrived midnite given room close main road. It noisy I sleep all. I gd noise tolerence level given I came fr Hong Kong! When I asked receptionist Zhuro politely possible change room. She gave stern look said nobody ever complained room room nxt available. Later on, I discovered glass panel room's window broken. When I informed her, gave look I annoying customer. She also said cleaner left possible change room....... They advertised got award best comfort inn UK... show bad ones might be......Much prefer Harlingford Hotel.",-0.09427083333333333,0.5234375,Jul 7 2007
43,43,Perfectly suited needs We arrived Gatwick Airport &amp; took First Capital Connect Train Kings Cross Thameslink station. From two minute walk problem pulling luggage. Very convenient buses anywhere plus tube right there. Our room #139 clean &amp; bathroom actually much bigger I expected. The room small clean &amp; maid made everyday &amp; always lots fresh towels. There kettle packets tea &amp; coffee &amp; cookies every day. The breakfast quite good &amp; I suprised good coffee selection breakfast. The airconditioning worked great &amp; welcome relief hot days. Also elevator. It bit main road made little quiet &amp; disturbed night noise. The staff helpful &amp; courteous. All &amp; good stay &amp; I would go back again. Not confused Comfort Inn Kings Cross Suites Argyle. This one St Chad's Street Euston.,0.25957908163265303,0.5484183673469388,May 29 2007
44,44,"Wouldn't recommend anyone On arriving parents given Family room opposed Twin room I booked them. The family room consisted double bed two worse wear fold sofa chairs. The receptionist firstly informed I must booked wrong room. I reminded receptionist one showed twin room I first visited place make booking 2 months ago, hence know twin room looks like. The receptionist informed parents upgraded family room, twin room available. They gave parents option moving twin room following day. My parents feel like packing unpacking again, decided stay family room. I also mention although I specifically asked room towards back building avoid traffic noise......the room towards front building. My parents unable showers 2 3 mornings due water either freezing cold scalding hot.The breakfast room small, many guests sent room breakfast. The carpet room filthy old spillages.I would NOT recommend anyone.",-0.10828125,0.4497916666666667,May 9 2007
45,45,"well impressed I've stayed number budget hotels London before, generally grotty. This, however, pleasant surprise. The staff courteous friendly. The room absolutely tiny, much room storage. I small weekend-sizes bag stuff, ok, big case rucksack, ir staying 4 5 days, might find cramped. tiny little bathroom too. I'm funny, fat made out. foot hand basin wall, squeeze past reach shower.nevertheless, spotless. since small, face pretty close wall times, GLEAMED.There tea facilities, hairdryer, tv room. The bed sheets clean smelled like laundry powder - infinitely preferable places I've stayed. I think asn incontinence sheet bed sheet tho - sure distinct rustle I got in. better I suppose...there gradn little window room could opened - often isn't, know - plenty fresh air.the location great, around corner Kings Cross station, major transport hub buses, undergrounds, national rail, soon eurostar train.there huge selection fo eateries area - decent enough italian (cheap cheerful) called Casa Mamma, dodgy Indians. there's Pret dwn past train station Kings Cross Road, always good breakfast/lunch.breakfast much. odd-tasting croissants (i think frozen. tasted bit stale), coffee vending machine, juice machine, load hard boiled eggs. toast demand. worth getting for, would fill hole couple hours. Overall grand spot, reasonable, good value money, good location, spotless.",0.17581521739130435,0.5285628019323674,Mar 29 2007
46,46,Great Stay Booked net needed room big enough 4 adults contacted direct staff helpful. On arrival upgraded suite sure big normal room suite wasnt massive room clean little dated even kitchenette microwave fridge. The bathroom modern clean asked towels reception staff responded immediately. The continental breakfast great plenty everything. Overall great night London really adequte money paid.,0.21293859649122807,0.4783625730994152,Mar 19 2007
47,47,"Not much money My husband stayed overnight 24th February. The check fine - friendly chap reception. Our room small, fact, smallest 'double room' ever stayed in. We ask larger room, told full. (a room number written keycard envelope, crossed out, leaving wonder another guest asked larger room, seeing size one) The view window small covered courtyard, made feel claustrophobic, longer one night, would caused trouble. However bed comfortable, although T.V. perched top wardrobe (Hmmm) The bathroom clean. The room quiet, got good nights sleep. The breakfast O.K., although I think guests arrived would squash (there bit table-sharing was) There communal areas, lounge small bar. There small foyer, process refurbished, vending machine. The convenient location tube etc... I thought Â£95 double room pricey. I paid round price London, got better value. I would stay I could guarantee larger room. If husband fatties, might got wedged room size.",0.0561231884057971,0.47079710144927545,Mar 10 2007
48,48,"bad all! We stayed four nights two young children. The room huge luxurious, clean suited needs fine. Most importantly, cheaper similar options family. The breakfast good start day location excellent. The staff friendly kind. I think website offered good deal plan advance.",0.41506410256410253,0.6666666666666667,Mar 2 2007
49,49,"Would definately stay We (my girlfriend me, 22+24 yrs) stayed 3 nights (5-8 february), I say best bargain I've made trips London (3 trips, 4 hotels).Rooms small, enough use like - spent night, since lots things London that's exciting sitting hotel-room ;-)Breakfast could expected; nothing ordinary, yet starve left mornings.The staff friendly check-in check-out, also stay.For example, needed directions Imperial War Museum, since guy frontdesk give us right away (the night trip) promised us find out, make sure reception next morning could pick way - sure, next morning got full explanation trip IWM :-)On 8th stopped snow (for instance, airport closed), reception good advising us do. The fact chose listen instead spend 24 hours airport ain't fault, lol...But sum up; recommendable looking place sleep.",0.21971726190476196,0.5213955026455027,Mar 1 2007
50,50,"Great Family Value Best find London. Clean, nice size rooms new bathrooms, elevator (lift) helpful staff. From minute arrived minute left staff attentive needs. If family budget plenty reasonable places eat nearby including McDonalds, Burger King Subways. The free deluxe continental breakfast including eggs, cheese croissants well yogurt cereal filling enough carry early dinner. It's located major tube lines bus connections. The British Library within walking distance. It contains treasures ranging Magna Carta The Beatle's handwritten lyrics. The British museum 15 minute walk 3 bus stops away. Both good places start sightseeing room ready check in.If plan staying here, call arrange car service airport. They save quite bit money.",0.32030723905723907,0.5169191919191918,Feb 23 2007
51,51,"I Would NOT Stay Here Again This state disrepair service average. It budget London (90 pounds/night) deliver money spent. Construction lobby floor linoleum tiles pulled chicken wire exposed lifted floor almost 12 inches right walkway. My wife see chicken wire tripped almost falling face. I understand repairs made must cover hours clear signs paths safety guests navigate them. Room extremely small tired, bed small lumpy, 70's decor. The whole feel hallways, stairs carpets confined old/wore out. Tiny bathroom, I'm skinny 5 11' yet knees touched sink I sat loo. If I 250 pounder gut would touch sink. B-fast fine, nothing special asked ice cubes drinks lady worker said gruffly &quot;Go reception&quot;. It busy morning b-fast one gent we're could accomodated us request. This hostel 90 pounds/180$ US I felt ripped off. Will defeinately stay again. There better &quot;Budget Hotels &quot; around area like Travel Lodge.",-0.0009103641456582339,0.4979691876750701,Feb 19 2007
52,52,"Terrible (see attached photos) My wife I visited many destinations, within U.S Europe. This far worst ever stayed in. By far...Well, let pictures speak themselves.This happened:Stayed October 2006. We originally placed one basement rooms. It humid. Mold bathroom ceiling. Once used towel, would remain wet. We told booked solid, opportunity switch rooms time. A middle-aged couple next door smoked like chimneys kept door open ventilation. Even door closed room constantly smelled cigarette smoke. That, however, blessing disguise, later learned. Our neighbors left next day, smoke cleared. After stepped room evening, smelled like something died it. As turned out, smell mold. We feel night cigarette smoke. And grew considerably too. We idea mold would actually smell rancid, know could grow fast. We also noticed various grey brownish stains new towels left housekeeping earlier day. But - comparison - least concerns point. We needed get &quot;the dungeon&quot;.Eventually able move different room (on ground floor). The picture filthy faucet second room. And pillow too. Really, lot photo opportunities kind place.We rude pointing things staff. And staff rude either. They care. When I asked mold first room, exact reply &quot;Oh yeah. We waiting guys leave could clean up.&quot; When I mentioned dirty towels sheets, told me: &quot;Our laundry done off-site, another company. This looks like send back us. There nothing it.&quot; Oh well.",-0.006973581973581971,0.4184926184926184,Feb 15 2007
53,53,"Excellent Budget Hotel We stayed 30th/31st December New Year. We found room small, clean well worth money paid. We wanted cheap base explore London got. The breakfast added bonus, hotels around price range include breakfast. It well worth getting morning. I would definitely recommend looking cheap place stay clean friendly. The lady managed breakfast morning extremely friendly helpful, even though busy stayed must stressed.",0.23966856060606062,0.5546590909090909,Jan 3 2007
54,54,"Excellent Budget Choice We wanted cheap, clean, place stay weekend theatre trip i'm happy say Comfort Inn exceded expectations.We booked room 4 Â£25pp including breakfast expecting alot. We actually given suite rather family room we'd paid for. So plenty big enough - 2 rooms, small dining table, kitchenette shower room. The room clean, comfortable reasonably modern decor, complaints all.The inclusive breakfast actually pretty good budget - choice hot drinks juices, yogurts, cheese, croissants, boiled eggs 3 cereal choices toast brought table. The problem room v small size hotel, though friendly efficient lady running breakfast room best get seated asap.We normally stay bit central location bad really. It's certainly easy walking distance Oxford St Kings Cross Tube nearby travelling bit further.This favourite base London suited budget occasion hesitate recommending anyone looking basic, clean, comfortable hotel.",0.2502976190476191,0.5883928571428572,Dec 5 2006
55,55,"Good Location The location excellent; 2-3 minute walk Kings Cross / St Pancras tube station. The room reasonably clean; bathroom clean, though fixtures needed minor maintenance. Shower great - hot good volume water. Room hair dryer, kettle, mugs, tea, coffee, little cream cookies. My husband's complaint lack pub immediate area. We got late sample breakfast, plenty coffee shops area. I'd stay again.",0.26583333333333337,0.6084615384615384,Nov 30 2006
56,56,"terrible stayed monday 6th november checked evening man reception rude, requested non smoking room given smoking room smelt bad. When asked change rooms said none available could anything it. The following morning reception horror asked enjoyed stay knew well didnt. He said unfortunate told wouldnt come pleased said good.dont go there!!!",-0.06777777777777778,0.662962962962963,Nov 16 2006
57,57,"Great Budget Choice We stayed overnight Saturday 28 October 2006 double room. We obtained good rate booking directly website advance. We arrived 30 minutes check time invited sit receiption area checked room. After five minute wait able go room. The room basement window facing inner courtyard. The room small (average London) everything one required. There ensuit shower room. The room clean, comfortable decor fine apart wall paper slightly peeling edges nothing major. Breakfast continential self service. We impressed variety budget hotel. We able leave case time depart London. Overall pleasant stay, room great value service good. We would stay recommend others.",0.3711842105263157,0.5459649122807018,Oct 31 2006
58,58,Nice place budget My friend I stayed weekend London. It close Kings Cross (and tube) Euston station. The staff friendly. Breakfast good considering included price. Overall I would definitely recommend compared I've stayed higher price London.,0.23132716049382715,0.4265432098765432,Oct 25 2006
59,59,"Excellent budget choice We picked based previous reviews, pleased. Its less 5 minute walk King's Cross station (exit station Euston Road, turn left towards Grays Inn Rd. Cross junction go Birkenhead St right, left end). Lots options food close (Subway, McD's, Indian, chippy etc). On arrival, upgraded suite (nice surprise!). Although basement, noise level OK (only woken guests stamping around room above), room large clean. All staff friendly helpful. Breakfast fine, expect (tea/coffee, juice, croissants, cereal, yoghurt 'toast bread', called it!) One thing worth mentioning - stairs breakfast room quite steep, bit unsteady feet whatever reason I'd recommend lift instead. Overall, good choice need somewhere clean cheap, easy access rest London.",0.2584554334554334,0.4699603174603174,Oct 22 2006
60,60,"A roof head night I quite pleased Comfort Inn Kings Cross. Admittedly, I upgraded family room twin ample own.I ended staying Comfort Inn seemed, reviews tripadvisor, best compromise price quality. (All decent hotels Bloomsbury fully booked reason).The room clean, usual tea coffee making facilities present air-con silent albeit either (you adjust it)The staff friendly helpful always pleasant surprise London hotels!I hesitate stop again, first choice.",0.2791666666666667,0.4493589743589744,Oct 18 2006
61,61,"Great Value I stayed Hotel twice 2 week period pleasantly surprised, staff pleasant deal with, something hotels London seem lack, rooms small, comfortable well appointed budget motel, taking account great attitude staff price, room appointments, best value money Hotel I've found London.",0.45314814814814813,0.6601851851851852,Oct 16 2006
62,62,"Not I expected My husband I stayed London before. We familiar area felt comfortable choosing location. The room expected pictures posted. Our room mold spots wall. The bed sit bed frame. It box spring mattress ground. The bathroom space put stuff away. In room shower door broken wheel problems staying track. There dressers room. It place hang clothes, closet door. We ask different room none available. No discount given. It tv cable room 14&quot; screen.",0.07187500000000001,0.5625,Oct 13 2006
63,63,"Good price but... Good : location (close Kings Cross / St. Pancras tube railway stations), helpful staff, clean room, good shower, many cheap restaurants around youÂ´re hurry, great price (for London).Not good : room minuscule, youÂ´ll put suitcase bed open . The nearby police station means sirens wailing night. Air conditioning installed cold air draught goes straight head lying bed (yes, IÂ´ve tried re-direct vanes, didnÂ´t work). On hand keeping window open bring smell nearby food joints, least stay third (top) floor. The usual quirky electrical installation, steps corridor make lugging suitcase around nice workout.Overall good choice youÂ´re budget, access transportation excellent, IÂ´ll probably try something else next time.",0.28659420289855075,0.5467391304347826,Oct 13 2006
64,64,"Clean comfortable This small close Kings Cross small restaurants close Subway (sandwiches) cornerI requested room ground floor, rooms lower ground ground floor,which I prefer useI lucky upgraded &quot;suite&quot; top floor room 4The house period terrace row looks like originally 2/3 houses knocked together. This means corridors stairwells narrow twistywatch large suitcases.The room I large. The living room section two fold small sofas made single beds meant I disuaded sitting them.Also part room small tv safe kitchenette sink drainer, crockery cutlery microwave. The supplies Tea Coffee biccies generousThe shower room small shower large enclosed one. large Dove soap gel dispensers (pet hates I allergic stuff)The bedroom double bed another tv vanity unit open wardrobe drawers. The decor modern bright everything looked fresh, clean responably newAnother added bonus air conditioning unit although noisy one. The room opening windows bright airy.I impressed pile towels (although cheap cheerful) plentiful standard cleanliness greatThere breakfast available room folder boasted take away delivery menus helpfulThe staff friendly helpful arranged taxi's smileBreakfast served basement I imagine next room would noisyThe food basic cereal,boiled eggs, packet cheeses, rolls croissants, packet jams long life yoghurts. A real frills stocking walk around London keep going boring work morning survive without fainting hungerI impressed welcome, cleanliness good condition rooms great contents would hesitation booking",0.2159632034632035,0.5096455627705628,Oct 6 2006
65,65,"Nice Stayed Comfort Inn Kings Cross 3 nights 10. June. 4 minutes walking Kings Cross. For scandinavian breakfast good &quot;only&quot; bread, cereal, juice, coffee, tea hot chocolate, plus canned peaches, cheese hard boiled eggs. Friendly staff quick service. Small fine rooms. Vendings whith soft drinks candy, ice maker.Near Kings Cross noisy",0.1861111111111111,0.4368055555555555,Jul 14 2006
66,66,"good We (family-teenager) booked accommodation based reviews âTripadvisorâ âExpediaâ. It clean, noiseless comfortable. The location 20 minutes walk heart old town. The front desk staff friendly helpful. Everything good.",0.5102777777777777,0.6266666666666668,Jul 9 2006
67,67,"Simple good It great location, block King's Cross station 5 tube lines block First Connect Thameslink took us directly Gatwick airport 1 hour.The staff friendly helped set taxi us morning needed train station early head tour group Paris day (worth time take trip chunnel). Every morning nice breakfast bread, cereal, juice, coffee, tea hot chocolate, plus canned peaches, cheese hard boiled eggs. Enough fill stomachs walking did. The rooms small beds little firm, bathrooms nice new. Air conditioning great elevator ice machine. They even let us check early. The bummer I another friend visiting London left message front desk could meet there, I never got message. I would recommend though location get money.",0.19009986225895315,0.501667650531287,Jul 9 2006
68,68,"Good value money! Stayed Comfort Inn Kings Cross 3 nights 9. June pleasant stay. The location good, giving easy access London. Rooms small, work great tourists stopping shower hours sleep. The included breakfast exactly exciting stuff, probably saved us quite bit time money. For three nights payed 420Â£ two twinrooms, felt got good value money. Would stay again.",0.3809722222222222,0.6136111111111111,Jun 30 2006
69,69,"Nice..except room 105! Nice. Clean. 4 minutes walking Kings Cross. Can leave bags luggage room. Nice employes.Just try avoid room 105, next door breakfast room... noises 01:00 AM (preparing next day) Hell noise 06:00. Except would perfect...",0.36666666666666664,0.5285714285714286,Jun 20 2006
70,70,"Very Pleasant Stay My mother, niece, daughter, I spent 8 nights Kings Cross Comfort Inn pleased. We two rooms, non-smoking two twin beds. The rooms clean. Our sheets changed least twice, maybe three times, there. The bathrooms nice size also clean.The included breakfast included croissants, yogurt, cheese, cereal, toast, boiled eggs, juice, selection coffees hot chocolate. The staff friendly helpful. We arrived 11am hoping able deposit luggage, actually able check one rooms immediately. As heading door, less 30 minutes later, room also ready. The rooms conveniently located across hall separated stairs rest hall fire door, great deal privacy.We spend great deal time rooms, suffer limited selection television channels. The location fantastic -- couple blocks Thameslink station Kings Cross tube train stations. We bought London Passes travelcards left picked British Visitors Center Picadilly first day arrived. We validated begin next day. We visited many sights passes enjoyed couple theater productions. Everything easily accessible Kings Cross. We even traveled Chislehurst, Eltham, Greenwich, Hampton Court ease using travelcards catch trains.My complaints mattress pad bed falling apart smooth noisy neighbors us nights. Other that, bit cold rainy weather, trip could better.",0.1809357528436476,0.4417755928282244,Mar 13 2006
71,71,"Satisfied Customer Stayed 2 days. All I wanted clean comfortable room, efficient staff &amp; good location. I got everything I wanted more- staff friendly. Allowed us check early. Handy sites tube want exercise far walk city centre. Only fault I found I cold shower one mornings good November!!! Recommended.",0.2061805555555556,0.7541666666666665,Nov 28 2005
72,72,"Good London Hotel This pretty much basic hotel. Nothing fancy clean, rooms good size, nice bathroom good location. (but boring breakfeast).If want risk staying one many crap-hotels located london, still pay fortune 'sure bet'. Good value.",0.3751515151515152,0.7112626262626264,Nov 27 2005
73,73,Very Good Staff I totally enjoyed stay Kings Cross Comfort Inn. The entire staff friendly helpful.Very close Kings Cross tube station. There's good affordable place eat (CHOP CHOP)a block away. There's good breakfast served daily Starbucks far away needed jolt morning. I would certainly stay again. Rooms bit small clean comfortable. Had great time.,0.3241220238095238,0.5447767857142858,Nov 23 2005
74,74,"Clean rooms good location good value The rooms bit small, nice clean. The location great, right next King's Cross tube station.The staff pleasant helpful.You get good value money.",0.4351984126984127,0.5738095238095239,Oct 13 2005
75,75,"Not standard I expecting You checkin Comfort Inn expect certain amount quality due name, however really let down. The staff rude, wasnt clean, prices compare hotels area 30% expensive. actually ended leaving staying much better Kings Cross nearly Â£40 per night cheaper!Would go back hotel....",0.05717120181405895,0.35252267573696144,Oct 10 2005
76,76,"Not real bad experience small good location transport A nice surprise got there, ended suite. It's still small, really us place sleep touring around day. Free breakfast huge +, gave one xtra energy walking. Located close King's Cross/St Pancras tube station, connects many lines Underground tube rail stations. Didn't problem area, &amp; often came back late around 10 11pm. Staff helpful, friendly. Don't use internet $$$, go 'net cafes block away. Not noisy all, even weekend, end room first floor. Stuffy opened windows problem. Our coffee/tea pot gross inside, sink, dishes, flatware, mini fridge &amp; microwave.Some travel advice: We walked around lot ourselves, &quot;London Walks&quot; tours can. Excellent! We night &quot;Ghost Walk&quot; tour. You eat fairly cheap, eat pubs...good food, tip. Your tax already included prices. GET A TRAVELCARD!! tube/bus/rail get discount city water travel Thames. Tube easy use. Always carry street map map Tube. Have Fun!",0.27083333333333337,0.4915555555555556,Oct 5 2005
77,77,"Wouldn't stay The location convenient King's Cross Rail/Tube Station. St. Chad Street quiet side street. The service friendly helpful. The breakfast typical American Continental breakfast toast croissants, canned sliced peaches, yoghurt, orange apple juice, coffee tea. We paid $130 one night. The room 3rd floor extremely small uncomfortable. The bathroom nice looked fairly new updated, small shower only. The hallway room narrow. The bed firm uncomfortable, pillows flat. We could adjust air-conditioner, without paying $10 deposit remote control. I happy stay one night. I expected better reading reviews prior vacation.",0.005099862258953167,0.5001308539944903,Sep 29 2005
78,78,"Great little breakfast - YUK! I stayed two nights month honest quite impressed little hotel.The rooms nice size, look recently refurbished modern style. The bedlinen spotlessly clean, little worn, bed comfortable. The bathroom modern, clean, good powershower. I gather pile mattresses outside front door last morning they're process replacing too.After problems (TV work, aircon work), lovely lady reception, done enough sort things me, upgraded room. They also took trouble match customers keys I never ask - always ready me. It's attention detail like that, makes stand book. Really impressed staff here.I admit bit worried location (being Kings Cross) woman staying own, I felt safe walking around - over-run prostitutes (which I remembered :)) fact, there's quite places eat nearby - Subway sandwich bar end road, highly recommended Chop Chop Noodle bar opposite station. Oh, there's great little internet cafe end street access 99p hour - bargain!If planning stay here, - so's know whole story, concerns - - The residential houses knocked together made hotel. Therefore, lots little ups-and-down stairs get room. Because little bits stairs, numerous fire doors hard get bags. Although there's lift here, I see able get around use wheelchair mobility requirements. Also, purpose-built, soundproofing rooms poor. On second night, I woken 12.00, 2.30, 5am bloke room next door cellphone. Not amused!- The breakfast, included price, cheap nasty - fact 2nd morning I went elsewhere even though I'd paid it. You might like 'fake' cornflakes taste look like cardboard rancid warm milk, soggy croissants even heated up, pasteurised storecupboard yoghurts instead fresh ones, I don't! Not even sniff fresh fruit, although tinned stuff bowl side. The breakfast really, really REALLY let place down, I've given 4 (would 5 brekkie semi-edible).",0.15190838675213672,0.5204273504273504,Sep 28 2005
79,79,"Nice Surprise It really newly refurbished! It really convenient! And staff great.Had booked beginning trip three days London, liked much I immediately booked last two days trip cancelled existing reservation another",0.3034090909090909,0.4535353535353536,Sep 20 2005
80,80,"Great Find We stayed 'girly' weekend away budget horrors fantastic surprise.The rooms clean, full everything might want staff friendly. We felt like people there.The side lack nice bars kings cross, bus 1 minute away.A great find.",0.2623931623931624,0.677991452991453,Aug 2 2005
81,81,"Home away Home My husband I stayed 4 nights May Bank Holiday weekend. Don't worry tatty looking neighbourhood arriving underground King's Cross Station. On way flatiron type building that's boarded heavily grafftied, though need walk side. Otherwise area busy homey. Lots reasonable restaurants. The cheapest internet cafe around corner Gray's Inn Road gives access code lets use time several visits. Very close British Library easy walking British Museum, even Leicester Square Covent Garden. We took bus back one night seeing Brooke Shields Chicago even 11:30 area busy felt quite safe. The location ideal traveling public transit - several underground lines converge King's Cross, numerous buses either end pass through.The gem. It's converted series row houses, prepared many fire doors navigate breakfast room. Our room ground floor, spacious ample shelving storage. Our 3 favourite features - 1) spotless, roomy, bright white bathroom, plenty storage; 2) big double-hung window opens 6 inches, safe, flowerbox - nice touch; 3) powerful air conditioner keeps room temperature comfortably cool liking provides white noise block street hallway noise (not major issue personal pet peeve).Best staff behave like enjoy working happy help. Right check housekeeper came make sure everything fine. The receptionists friendly helpful intrusive even though turn room key every time went (not sure why, issue). When trouble room key first morning, maintenance man painting nearby came help. The ladies breakfast room efficient thoughtful, always anticipating needs quick correct problems. The continental breakfast substantial full English breakfasts elsewhere. All staff made us feel like 4 5 star hotel. Well done!! For budget-minded travellers, can't beat....",0.20515743616287097,0.4712111801242236,Jun 4 2005
82,82,"Great find price!! This place great traveler budget still expects cleanliness private bathroom.The minor downside location -- kind neighborhood want walk around night alone (but again, many big cities world woman feels great this). The nice thing couple blocks Kings Cross station, convenient many tube lines. It's great place stay plan need comfortable clean place crash night, maybe watch little tv.My husband I really enjoyed stay there...the continental breakfasts morning good too!",0.41689814814814813,0.6041666666666665,Apr 26 2005
83,83,Adequate We stayed one night train journey London chose price well location. It voted Best Comfort Inn Year. I'd hate see others. While clean staff pleasant looked though decorated Goodwill hand downs curtains bedspread. Chair room stains needed recovered needed. One night relatively cheap place close train station.I would wanted stay one night however. Breakfast included like room adequate.,0.35833333333333334,0.5916666666666667,Apr 11 2005
84,84,"Simple nice I stayed March 2005. It's simple, convenient, people nice. It around corner Kings Cross Station making convenient tube trains. There Subway (food) corner, KFC McDonalds around corner, lots small food stores within block. The police station car sirens went bit, I slept part. All I wanted place stay I care luxury. It's reasonably priced includes breakfast. Only warning...it's place want walk alone late night, I felt safe 9 p.m. One night loud talking outside front expensive car dealership across street. In summary, clean convenient.",0.1111111111111111,0.5849523809523808,Apr 6 2005
85,85,"Small perfectly formed Stayed one night October 2004. Room small quiet well-equipped. Hardly traffic noise. Shower OK, though extractor fan went interminably cooled room far much. Bed clean comfortable. Corridors narrow. Receptionist breakfast-room staff friendly &amp; cheerful. Breakfast substantial.Location near King's Cross station nearly bad sounds. Walking back 10 evening Oxford Street, I found area heaving prostitutes muggers almost deserted, though I incur mild racial abuse passing group youths.The northern end Bloomsbury, genteel attractive area featuring University London, I walked Oxford Street 40 minutes.All all, positive experience, though fear confined spaces.",0.1792068411386593,0.5339095500459137,Dec 13 2004
86,86,"A pleasant stay! Stayed November 2004. Wonderful staff, clean room, great breakfast, appreciated considering good complimentary. Only downside neighborhood. It's ritziest; however, never felt unsafe time also tube station block away made getting around extremely easy. I given phone message immediately returning show one evening. Also, appreciated ice vending machines tube maps available. I would definitely stay again!",0.4500000000000001,0.6236111111111111,Dec 5 2004
87,87,"A gem I stayed three nights late Sept. This nice establishment helpful staff. Although single room small American standards, clean amenities usually find &quot;budget&quot; hotel, like good hair dryer, in-room coffee tea, really good soap, excellent lighting, nice decor. In lobby get internet check mail 50 p. 7 minutes. The location convenient tube buses. As woman herself, I found neighborhood quite safe. The British Library 3 minute walk away. I would stay again. It excellent deal. I booked Expedia paid $100 night, included good breakfast.",0.36157738095238096,0.5608928571428571,Sep 28 2004
88,88,"Better expected After reading terrible London experiences, I stayed wife 2 boys 3 nights August 2004. We bit apprehensive arrived, access basement room bit awkward. However, room (family suite) much bigger expected, apart bit stuffy fine. The boys bed settee each, two TVs, although hardly chance turn on! The area bit tatty, hassles. Could hardly better location transport.",-0.10395833333333335,0.5883333333333334,Sep 8 2004
89,89,Goor price location We stayed 3 nights august. The room tiny although well kept extremely clean. The TV like 8&quot;. Breakfast OK although breakfast room full always.No AC 2 fans job.The location excellent price (around USD100 expedia) make good choice budget want room shower sleep.,0.48611111111111116,0.6416666666666667,Aug 26 2004
90,90,"Location! Spent 5 nights Comfort Inn July. The good: helpful front desk staff, good breakfast, clean modern room bathroom. Convenient tube train access Kings Cross station. The bad: location, location, location. The rough tawdry area. Boarded businesses, drunks street, 3rd world poor. Not tourist expects London. Also, double room tiny, even space drawers. Plus go several small flights stairs fire doors get room. (I asked rooms front larger greater cost.) Bloomsbury blocks away, area soooo much nicer. If stay here, dinner one Indian restaurants main street. Nice atmosphere delicious food.",0.11489898989898989,0.39949494949494946,Jul 24 2004
91,91,Good quality money,0.7,0.6000000000000001,Jul 5 2004
92,92,sunday,0.0,0.0,Jul 1 2004
93,93,A Great Value,0.8,0.75,Jun 22 2004
94,94,A lovely London holiday Kings Cross!,0.25,0.375,Jun 3 2004
95,95,Great Hotel!,1.0,0.75,May 29 2004
96,96,brilliant service,0.9,1.0,Mar 10 2004
97,97,Small cosy,-0.25,0.4,Feb 8 2004
98,98,Small rooms great staff so-so location,0.275,0.575,Nov 22 2003
99,99,Great Budget Hotel,0.8,0.75,Oct 24 2003
100,100,Spartan convenient cheap,0.4,0.7,Sep 28 2003
101,101,calme - bien situÃ©,0.0,0.0,Nov 16 2009
102,102,Adresse de passage,0.0,0.0,Aug 29 2009
103,103,Sympathique,0.0,0.0,Aug 9 2009
104,104,Pulito camere sufficienti il resto mediocre,-0.5,1.0,Jun 27 2009
105,105,ottima soluzione,0.0,0.0,Jun 3 2009
106,106,????????????????????,0.0,0.0,Feb 28 2009
107,107,Sans rancune,0.0,0.0,Feb 21 2009
108,108,TrÃ¨s bon sÃ©jour,0.0,0.0,Feb 20 2008
109,109,besser als erwartet,0.0,0.0,May 21 2007
