,Unnamed: 0,Reviews,polarity,subject,Dates_extracted
0,0,"Fantastic would definatly go back Once booked started get slightly worried reveiws read regarding rude staff 4*. Well nothing worry about, got exactly would expect 4* hotel, yes rooms slighlty small husband shared 2 nights find problem all. The located outside Great Portland Street tube station within easy reach Oxford Street. We also required taxi staff kindly one waiting us within minutes.The bar prices reasonable considering centre london. A pint beer JD coke Â£7 - Â£8.We contiental breakfast included rate decided breakfast bed lovely extra cost Â£2.50. All alll lovely time, considering work essex looking fault could find it.",0.2137777777777778,0.5553333333333332,0.5553333333333332
1,1,"Delightful Hotel Just back stay th Fitzrovia. The situated 5 min walk Portland Street Tube 10 min walk Regents Park Madame Tausuads Wax museum. On arriaval staff friendly helpful. Room clean,decor warm comfy. Breakfest continental included room rate, pounds extra cooked option also available.My stay enjoyable relaxing. I would stay again.",0.3421875,0.44125000000000003,Nov 25 2009
2,2,"Smart Hotel little pricey Very comfortable heart London's medical district, adjacent Harley Street, Wigmore Street. Well cared hotel, receptionists pleasant helpful. Very comfortable room, good breakfast.",0.38858843537414967,0.6775510204081632,Nov 20 2009
3,3,"Not bad. Excellent Breakfast. Ended appalling catalogue mistakes sister Grange Rochester cancelled booking error, arranged go Fitzrovia gave taxi driver wrong address took nearly hour get final display incompetence faxed details wrong customer through. As result I unable get theatre and, would believe it, Rochester still arguing refunding cost theatre (it Â£13.00).With background, Fitzrovia going well impress I must grudginglay admit badly. The staff pleasant efficient. The downstairs lounges looked large comfortable. The bedroom standard Grange hotels' decor layout comfortable needed. Breakfast excellent, freshley cooked good variety nice staff.",0.17375661375661375,0.7515873015873017,Nov 2 2009
4,4,"Poor Customer Service - Would recommend A friend I stayed earlier year. The location pretty good. We used trip advisor pick hotel. Check went ok although reception staff friendly. Our room nice enough reasonably spacious. We booked B&amp;B. The first morning problem. However went breakfast second morning terrible experience. We sat table ordered tea. Within minute presented bill.. even ate anything!! I let waitress know breakfast included rate quite argumentative said checked reception. I leave friend table people tables around us staring go upstairs reception sort out. They said speak her. When I came back I told girl breakfast included. She rude, apologise gave us dirty looks rest breakfast. Reception really apologise either. We even bother going breakfast last morning. We want problems. Even breakfast included I never anywhere pay meal eat it. I would rate 4* all. I filled customer survey time never received reply. They need work customer service!",0.03551068376068376,0.5276752136752136,Oct 28 2009
5,5,"Cosmetically nice fails live gloss I booked crash London evening event convenient location viewed venue crash pad nothing more. My partner checked I arrived much later.The really well located central London easy get to.The reception fantastically sign-posted compact size meant I far look desk collect key. However positivity experience ended. The room basement, principle I problem with, midnight I could hear Underground trains rolling beneath us I awoken next morning sound deep rumblings.The bath/shower nightmare/dangerous get ridiculous height floor (and I tall man!). The bedroom spacious, bed suitable child NOT two adults. The dÃ©cor pleasant little worn places. The windows little draughty ecologically friendly.I can't recommend venue rooms, I doubtless accept everyone stayed basement good stay not. If venue assessed must mainly quality sleep good nights sleep.",0.17956798009682623,0.5523668639053254,Oct 27 2009
6,6,"Quick overnight stay satisfying! I stayed overnight I first arrived London. I arrived early held bags I checked in, delivered room efficiently. My room small, although suitable one person. All comforts regular 4 star hotel, although room bar fridge. They're Executive Rooms. Walking distance Tube stops shops. Recommend anyone short stay visit.",0.19958333333333333,0.49602564102564106,Oct 22 2009
7,7,"All need We stayed week beginning October. It's small great location.The room cosy comfortable bed. All usual tea, coffee facilities there. I liked camomile tea provided. I like drink night. The bath big enough relaxing soak hot water plentiful.The tube 2 minute walk Regents park. All central London short walk short tube ride away. The fault, breakfast room small felt bit cramped there,but hey ate left. The food ok. The coffee awful,but Pret short walk away good coffee there. Have tea breakfast Ok. The staff nice,pleasant helpful. We would stay again.",0.15666666666666668,0.47777777777777786,Oct 20 2009
8,8,"Great location... My friend I stayed trawling many London websites... Grange group recommended I eventually picked one glad I did. Its location fantastic, Great Portland Street tube close-by walked Euston Train Station ten minutes. We also walked Theatre District - 15 mins. There nearby pubs restaurants make unfortunately. The room clean spacious enough 2 night stay. We slept windows open made quite noisy room faced onto street room double paned windows I'm sure noise problem... Breakfast buffet style yoghurts, fruit, bread, toaster, pastries, cereals, jam, ham, cheese, juices, tea coffee... want really? The staff friendly polite helpful asked anything. I would definitely stay next trip London...",0.2639814814814815,0.5388271604938271,Oct 7 2009
9,9,"Neat convenient amenities bit expensive side. The conveniently located. It close Greater Portland tube station. Across street fine restaurant, The Villandry. The proximity Regent Park great guest want get walk run stay. The offers amenities: wifi, gym facilities. My room small clean. The room layout conducive work desk room. The TV took space desk. Bottom line: Nice, simple, hotel, pricey.",0.1748717948717949,0.4567032967032966,Oct 2 2009
10,10,"Great Location I stayed leisure business trips great. The location makes good short walk Oxford Street (Shopping), Regents Park (walking), West End (shows) office.The great - bit noisy front windows open (the rooms v warm), staff approachable pleasant, food breakfast great.The prices good book online advance. There lots places nearby eat (pubs restaurants) v good Blues bar Charlotte Street.",0.6043333333333333,0.6596666666666667,Sep 29 2009
11,11,Lovely Stay We booked 5 months prior staying part Anniversary present. Read reviews time concerns staying. The location ideal - 20 minute walk Leicester Square Regent Parks 5 minutes way. Rooms nice clean beds comfortable. Would stay think got good price booked early.,0.3962962962962963,0.5722222222222222,Sep 26 2009
12,12,Brilliant right heart London Have stayed two separate occasions loved it. Rooms quite spacious Central London Hotel noise kind night. Rooms well decorated although could little touch there. Food lovely staff approachable friendly . . . one concierges actually went local shop cigarettes 11:30pm friend thought go own! Oxford Street 5 minutes walk great shopaholics! Its also handy Covent Garden Theatreland fancy Show.,0.3935476190476191,0.6257142857142858,Sep 24 2009
13,13,"Great money We stayed 19th og august 24. We excellent stay. The 10 min. walk oxfrod street nice quite area. We clean towels every day free complimentary newspaper. The room nice big bathroom. The breakfast buffet also nice bit expensive, It bit hot room but, lovely time. I would stay another time.",0.45472222222222225,0.7625000000000001,Aug 29 2009
14,14,"Good - maybe 4star We booked theatre deal ticket tree. The nice central within walking distance Portland Street Regent Street tube stations far Oxford Street. Ticket Tree arranged room upgrade (well worth calling book instead booking online!). The room good size nice comfortable bed air con. All facilities staff friendly enough. I say much difference 3 star outside London comfortable, hassle free stay. W would quite happily stay again.",0.36666666666666664,0.6133333333333334,Aug 26 2009
15,15,"Nice good location Very conveniently located meeting Royal Institute British Architects Portland place. Couldn't find air-conditioning described &quot;deluxe&quot; rooms room decent sized London large bathroom. Got excellent rate website try breakfast, seemed expensive. A Sainsbury supermarket 20 yards away.",0.3145502645502645,0.6561375661375661,Aug 11 2009
16,16,"friendly nice rooms stayed grange fitzrovia 1 night see show, although fair walk shaftsbury ave, nice location, prepared happy walk.the reception friendly arrival, checked quickly.found room, nice,large, spacious, huge bed comfortable , lovely clean bathroom.it didnt air con though, windows open hot. quiet time ok. but...4am dustbin men done rounds emptying bottle bins, little disturbing, really fault hotel.breakfast room bright breezy calm. seated quickly friendly staff, much choose way contintental breakfast,just croissants cheese ham fruit, much bread/rolls.although could pay extra full english.the bar reception stayed show nice relaxed atmosphere, reasonable drinks, friendly happy staff. sofas little tired, well used.overall, nice welcoming staff made pleasant. always smiling courteous.a bit walk main parts interest oxford st, theatre land, covent garden..but like walk anyway.nice room, better expected.huge bed.",0.30583333333333335,0.6513333333333333,Aug 11 2009
17,17,"Good value location I stayed attend conference nearby. My room reasonable size bed comfortable, decor dark kettle located wall cupboard rather odd. I several colleagues us rooms facing front sleep disturbed French restaurant opposite emptying bottles recycling bin 1am delivery van local Sainsbury's arriving 4 5am.The staff helpful (and efficient finding taxis), bother breakfast - room-only rate breakfast another Â£26 -a rip off! The room rate, though, reasonable value area London - need travel centre find anywhere much cheaper.Another reviewer recommended Efe's Turkish restaurant nearby. Our party ate found food delicious, staff friendly ambience jolly. We hearty meal drinks tad Â£20 head, including tip.",0.20490196078431372,0.39235294117647057,Jul 5 2009
18,18,"Very good location! Stayed 3 nights I love location! It's really convenient. The tube station less 5 mins walk. There restaurants, cafes pubs nearby food pretty decent well. Grocery stores around corner get necessities almost 24-7. I also liked nice, quiet area London swarming tourists quiet safe walking alone night. I found room really spacious perhaps I got free upgrade? The room clean general. However furniture really old (couldn't close cupboard doors properly). The walls &amp; ceiling yellowish. Even sheets looked worn out. The service acceptable, bad experience neither exceptional. Used internet broadband connection room reasonable speed well. Note LAN connection available.",0.29583333333333334,0.5657575757575757,Jun 19 2009
19,19,"prompt efficient friendly service excellent location-walking distance euston station ,regents park(and zoo) approx 10mins walk oxford road. Friendly efficient staff, clean quiet room.On arrival given free upgrade, room moderately sized ensuite compact well equipped. Continental breakfast included weekends pleasant dining room. Efes 2 Turkish restaurant next road excellent Â£30 meze +wine ,while opposite adjacent rd another small turkish bistro simple wholesome food Â£10-both recommended. Online booking much cheaper stated room costs reception.",0.3,0.5326530612244899,Jun 18 2009
20,20,"Excellent location lovely staff A friend I stayed late rooms rate Friday 29th May. The brilliant location trendy Marylebone High Street shops restaurants nearby easy access West End Regents Park. The breakfast room lovley bright food good. Staff friendly. The room slighly tired furniture straight 'kit hotel' catalogue, It comfortable well equiped. Over highly recommended.",0.3957738095238096,0.7223809523809523,Jun 16 2009
21,21,"Tiny room good location excellent price. The room small, even London standards. The room held double bed, chair small desk. The flat TV sat desk. There also closet shelves. The bathroom nice cramped, soap, shampoo shower gel provided (no lotion, conditioner). The bed comfortable. The staff accommodating helpful. The business center lobby, charged exorbitant fee use internet computer.",0.18181818181818182,0.5495454545454544,Jun 8 2009
22,22,"Comfortable great location We stayed Grange Fitzrovia two nights Friday Sunday. We found great deal hoteldoorman.com. The great location, short stroll Great Portland Street tube Oxford Street. The staff friendly helpful. The best thing bedroom. The bed comfortable bed I ever slept in. Plush furnishings, lots pillows cushions, thick heavy curtains carpets amenities could wish for. Air con, flat screen TV, hairdryer, Sky TV bonus also. Restaurant although little cramped comfortable food adequate. I would definitley recommend small, friendly anyone visiting West end/Oxford Street area I would almost certainly stay again.",0.3281641604010025,0.5476190476190477,Jun 2 2009
23,23,"They need ""up ante""!!!..... My partner I stayed one standard rooms,which, frankly small side time upgraded executive room expected impressed. Not so! The room indeed larger standard bathroom instead shower provided one tiny soap, one bath gel one shampoo two us! We've Travelodge! The complimentary tea coffee contained 2 English tea bags (in England!) adequate coffee sugar one biscuit us share!The bed still large least comfortable person sleeps right side could see TV properly concrete pillar way!Overall I would say good need tweak facilities prices little provide standard competitors.",0.13568594104308387,0.3772675736961451,Apr 29 2009
24,24,"Up market B I stayed fitzrovia (27-29mar) birthday treat wife kids.Now good thing found locationnow bad,we checked went box room?as wife &amp; kids alreadyeaten thought would try bar snack ,after waiting bar 15min go look body serve meThat night took show really good time .But next morn 4 star (ha ha)fitzrovia brought us crashing back down, wasbreakfast time crowded restaurant Q warm fruit juice, stalecheese/ham,toast(toaster toasts one side) oh try cereal ok(milk warm)Now 10min oxford/regent street 3 girls tripwe went shopping phew,so sneaked away buy wife birthday gift went backto b&amp;b.sorry hotel.to wait them.While waiting thought would glass draught beer/lager findthat barrel empty &amp; would/could change it(why not?) went backto closet(room)and looked peeling wallpaperI sorry good staff rude slow(maybe English problem).This even good b&amp;bTony/Sonia",0.086358024691358,0.5988271604938271,Apr 23 2009
25,25,brillant really enjoyed stay rooms lovely. staff could enough help. great location 5 mins oxford st first time ever I managed avoid underground walk every where. ideally located portland street euston lovely restaurant bistro's nearby. teenage daughter hard please thought lovely would recommend others. Got great price would stay,0.3973484848484848,0.6352272727272728,Apr 10 2009
26,26,"Zoo-Hotel I'm employed British public organisation offered 25-member Armenian group colleagues UK, previously good experience Grange chain hotels. Among group 3 high-level Armenian politicians 2 journalists, important make people's stay positive possible. However, best ruin expectations far excellent reputation.First one politicians checked room, couple already staying put awkward situation opening door middle night disturbing couple's stay.The rest group checked rooms dirty bed linen, hair unknown origin there, horrible - bed bugs! As later discovered, London Zoo right next door therefore surprising see sort creatures room. The however made excuse could happened previous guests might brought bugs luggage, however one employees made clear known problem nothing this. And moreover, said probably impossible find worse whole London. And even though I see live bugs bed dreadful night anyway, I visit doctor upon arrival home skin problems find fact I bitten bed bug need thorough disinfecting treatment now! I'm sure I'll able sue nightmare, I definitely leave like this. I must, however admit, moved Grange chain, Grange Holburn, wonderful stay there.In short, care health, ever stay hotel.",0.04289862914862916,0.5417608625941959,Mar 28 2009
27,27,"Great deal would stay again. Great location, central line, around corner Charlotte Street, great non-touristy restaurants. We stayed 2nd floor next stairway door, got noise night also lot noise street. Breakfast costs 15 quid, cereal, toast, tinned fruit. There nicer cafes area offer better breakfast cheaper. The staff helpful polite, well informed.We got excellent price room, I would definitely stay got deal. It absolutely beautiful hotel.",0.4291666666666667,0.525,Mar 17 2009
28,28,"Good Value Excellent Location THe great location, basicallly Soho Euston Street Station pleasant quiet area Great Portland Street.The room clean perfectly fine breakfast buffet morning included offered high quality continental breakfast plenty choice.I would definately stay based relatively good rates location.",0.5676666666666668,0.674,Mar 14 2009
29,29,"No Noise Hard believe Central London This alot going it* Very clean - always first priority booking - rooms serviced day - clean towels, free paper etc.* Stayed standard size room - problem size - double bed grand, safe roomhad bottle water mini bar - paid Â£2 leaving - problems bill*Great Location close tube stations* Very Quite Area - noise traffic room front hotel* Excellent staff - willing help give advise buses, tubes etc.* Very close Oxford St. handy shopping easy drop bags back hotel* Great going see show* Some lovely little restaurants side streets Oxford StreetVery good experience would definitely stay - good standard London Hotel",0.3201041666666667,0.5509722222222222,Mar 1 2009
30,30,"Not bad small bed plain breakfast Not bad hotel, clean, friendly decent efficent check in.Room clean good sized bathroom decent towels etc . The bad points first bed bit small (small double) bedroom fine need tv-cupboard space safe etc .The breakfast plain enspiring cereal fruit fine continental breakfast cold processed ham flavor cheese slice/ also took away 2 tables breakfast room every one would enough space (was never full one time). This average hotels still good enough 4* gaff.Good points good looking great location walk Euston sta Oxford st 15 mins -5 min Gt portland st station fine restraunts close -We didnt try restraunt reason never got cannot comment. If staying show easy access Soho/oxford street would stay . I would stay better location service many others 4* right (just) Bar evening wind reasonable well stocked",0.13861678004535147,0.5296825396825398,Feb 13 2009
31,31,"Excellent location good My husband &amp; I returned 2 night stay hotel. Having bad experience another chain years ago, managed negotiate reasonable price visit Grange Fitzrovia. When arrived, told us upgrading us executive room &quot;just possible&quot; nice touch. They bit taken aback wanted pay debit card rather credit card though said case they'd block mini bar make phone incoming calls (didn't bother us plan use either them). This seemed issue staff us obvious would rather paid credit card! The room slightly small side fault it. It well cleaned, would expect appliances need (flatscreen tv, kettle, iron ironing board). Papers delivered morning free charge.Breakfast continental although nothing shout home fine. One strange thing though Friday morning choice hot food (scrambled egg, mushrooms, hash browns etc) addition toast, cereals, fruits offer. But Saturday hot food menu table advised would cost extra option!The best thing going location. It's minutes walk straight Great Portland Street tube easy find. It's 15 minute walk Kings Cross, 5 minutes Oxford Street. Before got bearings made mistake getting tube Covent Garden later realised could walked much quicker!If I could get good deal price I hesitate stay next time I'm London.",0.17928315412186382,0.4813620071684588,Feb 1 2009
32,32,"Great Hotel Great Location We stayed 2 nights Friday Saturday. Room small well kept good decor. Staff friendly even though continental breakfast selection fantastic. The best bit though location, Gt Portland St station minutes walk Warren Street 2 mins. Good restaurants around too. Can recommend Istanbul Meze Cleveland St behind hotel.",0.3697916666666666,0.6625,Jan 19 2009
33,33,"Fabulous This Hotel excellent. Very professional &amp; friendly staff. Beautiful surroundings. Rooms great &amp; comfortableThe location excellent - two minute walk nearest underground, five minute walk Oxford Street.. Overall fabulous hotel.",0.5155000000000001,0.6679999999999999,Jan 16 2009
34,34,"Fab Fab Fab This Hotel - word - Charming. Lovely staff, Concierge good, rooms great - Very comfy bed. Overall I thought good 4*. (Oh got upgraded....for reason all!!)Great Hotel &amp; Location &amp; already planning visit! Would Highly recommend!! x",0.545,0.6125,Jan 6 2009
35,35,"Comfortable quiet stay We stayed Fitzrovia two nights New Years 2008/09. The main reason booking good value compared hotels central London area.We booked Double Executive nice decent size huge comfortable King Size bed. The room tastefully decorated big plasma TV corner. The room certainly better side average without WOW!The bathroom average, shower nice powerful. However hot water showering go New Year's Eve. It barely luke warm!! I guess high demand still given paying good money hotel. The room(301) quiet heard nothing rooms. The heat room however little overpowering.Everything clean staff quite friendly.The breakfast good continental breakfast lovely fresh baked croissants.Beware checkout 11 o'clock 12. We caught this.All pleasant stay convenient quiet location 10 mins stroll Oxford St.",0.24043846629560914,0.5713481756338898,Jan 3 2009
36,36,"Our room tiny (410) posh feel great location We stayed The Fitzrovia NYE price difference overpriced hotels London. The gives nice impression walk nicely decorated oldy worldy type way ie, modern I like feel London. Everywhere clean walked room (again good decor) tiny bathroom. If leant forward whilst sitting loo could banged head sink leg resting side bath.The cupboard room nice spacious though lots room hanging hiding weekend bag. The tv loads channels cute little cupboardy thing wall contained kettle cups tea making. There also iron ironing board. The bed way double. I think single half max!All staff met spoke friendly nice. The breakfast offered morning 'continental' cereal, fruit, yoghurt, pastries toast perfectly acceptable included cost stay.So overall - great location Oxford Street, nice decor/clean tiny room tiny bed. Perfectly acceptable one night I would prefer stay Travelodge! I would stay recommend ONLY staying one night. Oh, one last thing permit parking everywhere stay NCP Car Park (2 seconds away hotel) cost Â£35. The Great Portland Street station stones throw away (two stops Kings Cross) maybe get train wanna cut costs.",0.28970238095238093,0.6224206349206349,Jan 2 2009
37,37,"Pretty good stay Stayed one night business can't really find fault. It's decent pretty decent location. Breakfast bad either (I've lot, lot worse). Only downside little bit noise tube running underneath hotel. Would I say again? Probably.",0.044583333333333364,0.6900000000000001,Dec 10 2008
38,38,"10 minute walk classy Marylebone high street I wanted pleasant location within walking distance nice shops cafes within cheap taxi ride West End theatres - I could chosen better.I got good deal show stay website - fab time les mis plus lovely room (Â£40 updgrade executive standard). Nice quiet room, attentive staff, taxis booked within minutes anywhere. Great Portland Street underground minutes road Regents Park right beside. 5 minute walk Harley Street (lovely buildings nice atmosphere) 10 minutes Marylebone high street, Conran shop plus lovely boutiques. It 10 minutes walk Oxford Street, little Regents Street maybe 25 mins max walk start theatres.I travel loads work pleased better I imagined comments I read. I certainly would recommend executive room already done major sights London want focus close West End pottering...",0.3193589743589743,0.6370054945054946,Dec 8 2008
39,39,"Great location This base hen weekend London involved matinee Victoria Apollo theatre night Leicester Square. Positioned 5mins walk Great Portland Street underground (circle, met hammersmith lines) 10mins walk Oxford Circus (central, bakerloo victoria lines) perfect location us. The well presented rooms clean comfortable. Room 201 good size twin beds, sofa normal mod cons. I expecting smaller room city pleasantly surprised.",0.30972222222222223,0.6916666666666668,Dec 7 2008
40,40,"No Problem Just returned two night stay. Cannot find faults hotel. We executive double room booked, clean excellent facilities service. Will deffinately stay again.",0.45555555555555555,0.5666666666666668,Nov 25 2008
41,41,"Very satisfied Initially found LastMinute.com booked direct cheaper. Stayed Thursday Friday - room rates varied Fridays included continental breakfast. Both though booked last minute rates good savings published ones.Staff polite friendly, reception efficient.Chose executive room ,which whilst slightly expensive, I believed worth surprisingly spacious. As previous reviewers mentioned rooms appear refurbished recently excellent decor cleanliness.Small well appointed bar, prices reasonable drinks.Very convenient Oxford Street (10 mins walk) Great Portland St Tube Station (2 mins walk). Plenty good reasonable restaurants around. Full breakfast Â£18 seemed expensive especially I obtained full English within couple minutes Â£5!!Overall extremely well pleased hotel, ticked boxes, would definitely use again.",0.24975308641975305,0.5345679012345679,Nov 24 2008
42,42,"Highly recommend - great I come back great stay hotel. I apprehensive booking based reviews, however, I could fault staff. The located 10 mins foot Oxford street neighbourhood lovely restaurants, coffee shops pubs. On arrival hotel, staff friendly, welcoming helpful. (We asked theatre tickets - straight away conceirge phone theatre came back us options prices seats).We twin room spacious, immaculate comfortable. The corridors, lifts, bar, etc. also spotless.Breakfast included price generous continental buffet - lots variety loads everything!We booked room directly got fantastic price, lower 'travel web sites'.I would highly recommend anyone looking upmarket place stay central location.",0.3018333333333334,0.507,Nov 18 2008
43,43,"Not 4 Star London My husband I stayed 2 nights part 2 week trip (London Paris).Positives: friendly staff, quiet street, close Tube station, continental breakfast goodNegatives: dirty carpet, dirty bed comforter, 2 phones room neither worked, hallway loud morning (not soundproofed all).Overall, I would rate European low-3 star hotel.",-0.11583333333333333,0.5722222222222223,Oct 23 2008
44,44,"Saturday night stay The website section last minute rates worth checking - found cheaper anything Last Minute had. The location minutes easy walk Great Portland Street tube, minutes Regents Park. It's quiet street - traffic saw (at weekend) Holiday Inn road.The fairly grand (if somewhat small entrance). Reception quick, polite helpful. Apparently bar reception manned 24hrs, although test that.Our standard double room 2nd floor small, clean well appointed. Safe, minibar aircon. Large bathroom (2 sinks, bath). We'd booked couple days earlier, I expecting get one &quot;less good&quot; rooms. If did, perfectly satisfactory. Breakfast adequate. What looked like croissants turned bread rolls. Otherwise, fairly limited continental selection ham, cheese, yoghurt, fruit. English breakfast extra. Service OK. All 3 star 4 start experience though.",0.16748511904761906,0.41264880952380956,Sep 22 2008
45,45,"A giant rip-off This would fine - started well. I paid nights stay front credit card. So I little surprised 5 days later I discovered AU$420 frozen debit card, meaning I side world access funds. The culprit? Grange Fitzrovia Hotel. Apparently still think fine freeze money even paid, return week.Beware, that's I say. A tiny little room decent location make temporary loss funds time least afford it!I since contacted confirmed continue adopt practice &quot;standard process&quot;. The frozen funds additon 50 quid hold case trash room (would cheaper!!!).",0.05223214285714285,0.549404761904762,Sep 8 2008
46,46,"Fab Hotel! I found www.lastminute.com, decided check rate directly hotels website, booking directly saved us around Â£20 2 night stay included breakfast (not included though lastminute,com!)The ideally situated 10 minute walk Euston, 10 minute walk heart West End, 2 minute walk Great Portland Street Tube Station, Circle line, everywhere wanted get accessible within 20 minutes!The really clean staff really friendly, obviously recently refurbished still kept charm original features.Breakfast lovely, 1 mooring full English breakfast laid (this usually extra)",0.32628205128205134,0.5019230769230769,Aug 18 2008
47,47,"A lovely friendly polite staff Booked direct Fitzrovia. On arrival lovely clean. mini bar, iron, trouser press. The rooms small delightful clean. The staff helpful. The breakfast buffet style fruit, yoguhurts full english.Not great choice eating taxi within 10 minutes take anywhere short walk Oxford street taxi journey theatreland problem. No internet want somewhere friendly, clean quaint would recommend certainly stay again.",0.350952380952381,0.5914285714285713,Aug 9 2008
48,48,"This place substandard No wireless internet, room service menu limited, fridge, room small little natural light, tv channel selection limited, hear trains underground pass. Was booked cost cutting downgrade company, maybe good cost little par business stay.",-0.018650793650793647,0.4761904761904763,Jul 14 2008
49,49,"Couldn't fault hotel! We stayed 2 nights weekend break. Our room much better expected reading reviews beforehand. It clean, bed comfy, bathroom also large clean.We newspapers outside door morning, room serviced whilst seeing sights, I found maid placed magazines room interest me, I thought nice touch.The staff kind helpful, continental breakfast plenty choice. Great Portland Steeet tube station minutes away, links London. We would definately stay again.",0.3726190476190476,0.5910714285714285,Jul 10 2008
50,50,Cant Fault Hotel!!!! I dont see people coming I back yesterday fab time. The room clean cleaned everyday stay 4 days. Staff helpful. The buffett breakfast nice plenty food alway toping empty. I think people think room Buckingham Palace London sorry say won't.,0.027777777777777773,0.6333333333333333,May 6 2008
51,51,"Loved It! Hotel fabulous - staff lovely too. Hotel room really nice - loved bathroom double shower!! Room service really quick waiter really nice. Also restaurant gorgeous pleasant waitress! Would definatly reccomend would definatly return.Emma, Dublin Ireland",0.5568181818181819,0.746969696969697,May 6 2008
52,52,"Ok good location London hotels always difficult. This one booked company travel agent. After reading reviews Tripadvisor I little worried pleasantly surprised find efficient (though maybe overly friendly) reception.The room bathroom huge also small. The bedroom probably 10sq.m bathroom 6sq.m. The room clean contained desk, couch minibar. The bathroom also clean. There alarm room / telephone.The room faced (fairly quiet) street closed windows filtered traffic noise. I sure would like open windows summer air conditioning room seemed warm even years cold April. The provided two newspapers every morning. It restaurant room service 24 hour bar. I try breakfast preferred pick something one (more reasonably priced) nearby cafÃ©s. An internet service also provided 15 pounds per day.The location great, couple minutes walk Great Portland Street tube station, 10 minutes walk Oxford Circus 8 pound taxi ride Paddington Station (where catch Heathrow Express).Overall I enjoyed stay, mainly location though maybe top quality I find bad reviews suggested.",0.1419,0.6324888888888889,Apr 27 2008
53,53,"Do Not Stay At This Hotel.... Check ok. The room dirty small. The &quot;double bed&quot; could double. There foul musty smell room.About half hour stay another couple barged room. Apparently reception thought room empty allocated them. The staff reception restaurant unfriendly rude.Breakfast nightmare. It supposed offer variety fact offered little. There cheese, rolls, cereal yogurt. That all. When asked items supposed informed would bring out. We half hour nothing else appeared. We seated 15 minutes asked wanted tea/coffee. At check stated unhappy service stay still received apology simply told &quot;Well im happy either&quot;This supposed four star worth money pay it. The service awful get moneys worth.",-0.18450520833333334,0.46034226190476185,Feb 19 2008
54,54,"Dissapointed We stayed Fitzrovia November 2005. When arranged booking 3 asked room double single bed due ages fact travelled Australia overnight. We assured would receive. On arrival well received checked friendly helpful receptionist. We delighted tired. When arrived room found 2 single beds collapsible 'camp stretcher' bed. We contacted reception advised rooms available accept given. The Manager, &quot;Goopy&quot;, tried argue person booked room asked double single bed. When I told I booked room, went office check (supposedly) never came back!! On arrival home Australia I found also debited Credit Card mini-bar drinks never consumed. Travellers aware. This Hotel beautiful service management Second rate dishonest.",0.09988839285714286,0.34017857142857144,Jan 17 2008
55,55,"A great location. This clean, comfortable welcoming.A great location oxford street london palladium theatre,an easy 10/15 min walk! Only 20/25 easy walk straight along Euston road to/from St pancras train station.The room double glazed, kept little traffic noise was.Beds comfortable,plenty hot water.Contiental breakfast fruit,cereals,bread rolls, cheese, ham, yogurt toast, tea etc nice.All staff friendly,polite helpful.You able leave bags free!Would return.",0.3098611111111112,0.6061111111111113,Jan 13 2008
56,56,"one night stay Stayed overnight stop go Ronnie Scotts Jazz club Soho birthday gift . It bad walk either Euston landed Soho, reception got good gleamed smelled overly furniture polish. Our room highly polished size double exec disappointment, liked see regular smaller ! Bathroom huge comparison washbowl hurry . Didn't eat thought breakfast overpriced. Lift broke down, admit due new one. Altogether probably paid odds one night stay booked website cheaper anywhere else I looked at. Would immediately book looking vicinity real complaints either.",0.10875446775446775,0.4664633913095451,Nov 28 2007
57,57,"Wouldn't recommend it... I stayed 2 nights. First booked another grange (Langham Grange) arrival 10 pm told maintence problem langham sent fitzrovia. This already scandal called 6 pm tolet know would arrive late one told it. The staff hotels, fitzrovia langham ware unfriendly rude. The room ok, bigger expected windows curtains really dirty, towels holes aircon night terrible, way loud leave window open. The lift terrible, got stuck twice, getting informed reception anything it. The continental breakfast included roomprice. But breakfast consisted one sort cheese one sortof ham, toasts, cereals, great choice...the tea pot dirty waiter unfriendly. check out, one even cared problems change hotels, think price reduction minimun do. But honest stay even mood fighting them...I really recomment grange hotel, already know 3 avoid future. While reading bad reviews grange hotels departure thought people exagerating bad, well indeed...",-0.2197368421052631,0.606140350877193,Oct 30 2007
58,58,Not Impressed Check OK - room nice extremely small - I really think double bed full size double. The temperature seemed 150 degrees - stifling unpleasant. We got stuck lift - yet pressed alarm nobody seemed know little english spoken poor quality - kept telling us hit buttons broken english - really answer want panic attack.Poor selection toileties two people staying - mini bar - room service 3 non existent - husband call mobile answer.A bizarre conference held basement extremely scruffy people attending - nice paid lot money stay there.Reception would order transport - told walk outside hail cab.There far better places stay London far cheaper prices.,0.016576086956521737,0.5478260869565218,Oct 9 2007
59,59,"wonderful excellentbrilliant. exqusite room nice staff polite,helpful,and attentive. stayed 2 nights pleasant experience would definatley stay again. short taxi ride soho theatres fact cost us Â£4.50.the breakfast expected complaint reflection hotel,but mornings breakfast listen american woman thought cut rest complain constantly left bitter taste mouths apart divine cousin really enjoyed stay.",0.2502564102564102,0.5607692307692308,Aug 31 2007
60,60,"Great fantastic location - air-con!!! Booked weekend London using lastminute.com - excellent value theatre + package. Went see fabulously entertaining FAME The Musical Shaftesbury Theatre, back evening.Very impressed marble staircase leading entrance, transparent glass brass elevators, expecting much larger room checked to. The room basic, tiny en-suite bathroom, ironing facilities (although work switch damn thing on!) bed barely even double - 4ft wide!! Never less, room clean quiet, bed (although tiny) comfortable.Despite this, complaint I would stifling. Despite 4* hotel, seem air-conditioning (if did, use). Being hot, humid weekend end August, inevitably warm parts - corridors, lifts bathrooms - unbearable. However, fantastic location Bolsover Street, 2min walk Great Portland Street tube station (a central station provided direct routes short links wherever wanted be) perfect needed. We arrived 10am, although aware unable check 2pm, left luggage (FREE) concierge service absolutely brilliant. The next day checking 9.30am, made use concierge - gave us much freedom without drag heavy overnight bags around us. Would definitely stay - simple basic perfect needed excellent price combined theatre tickets. Would recommend couples, groups families simply want room night nothing more. You might need fan!",0.24031400966183578,0.5026414768806073,Aug 30 2007
61,61,"walk oxford street! My boyfriend I stayed 4 nights end July.The selected location. The Great Portland station 5min walk. But greater access, Oxford Circus 10 - 15min walk away. The basically pleasant clean, staff friendly helpful .We spent 1 night standard double room, find VERY warm. The little fan provided doesnt help. The toilet also seemed warmed central heating system, odd uneccessary summer. The following 3 nights spent executive bedroom lot better. The room larger, bathroom well-designed. The bed comfortable, though tad small. In nutshell, good location yet away hustle bustle. Choose intend lot SHOPPING oxford street, wine dine soho also within easy reach.",0.2301515151515152,0.4354545454545455,Aug 20 2007
62,62,"Not Bad! Four us stayed one night London see show Aldwych Theatre. Check slow rooms fine. We really large bathroom room beds really comfy.Continental breakfast bad....... nothing get excited about! For suppliment Â£6.00 could English Breakfast.Location good...only minutes walk nearest tube staion, lots little bars around Tesco Metro end road.Cost Â£10.00 taxi theatre-Covent Garden.",0.13097023809523806,0.4331904761904761,Jul 9 2007
63,63,"No problems I read mixed reviews hotel, someone else booked 3 nights, I best pleased. But fact I complaints all. Certainly average. Room quiet, clean, reasonable size. Tea/coffee facility room. Staff friendly. Breakfast good. The downside Gt Portland St Regent's Park closest tube stops, central. But that'sa minor quibble. I would happy use again.",0.17511904761904762,0.5295238095238096,Jul 2 2007
64,64,"Nice Place The Grange Fitzrovia good value money compared places area; came Â£75 night. The room nice big, clean (decor little bit dated though), staff friendly helpful check-in check-out.The set back oxford st area getting pleasant 5 minute walk, lots little restaurants bars way.",0.3015909090909091,0.6031818181818183,May 22 2007
65,65,"Not bad Stayed part combo deal theatre trip.The location overly great looking go theatres Leicester Square etc. nearest tube station Great Portland Street bit trek getting Leicester Square, Covent Garden etc. I suppose could always walk Oxford Street go there, even bit walk.The 'mahogany' theme it! I thought quite nice different. Bed nice comfortable shower equally pleasing.Have agree TV bit far away bed, again, I go London watch telly!Had pint bar got night say service humorously bad! A dear old boy served us painfully slow! Maybe region 10mins 2 drinks! But I much hurry, laughed really.Breakfast (continental) included price bad. Service could better seem overly keen, then, sometimes overly eager waiter/waitress bit putting I think. Food fine.If looking something central, look else where, otherwise comfortable clean hotel.",0.19463624338624338,0.5839947089947087,Jan 23 2007
66,66,Extra guests bed....... Stayed Grange Fitzrovia December 2006. Hotel bit dated staff friendly.Biggest concern I woken middle night bed bugs me! I ran reception really understand concerns I took room showed little friends!In defence move asap get problem sorted morning. I give bit rubish rating I've stayed hotels London years first time happened me. I would also interested see anyone else suffered fate!,0.007118055555555551,0.2559027777777778,Jan 23 2007
67,67,"OK nothing special Stayed Saturday night 2007. It OK, nothing special. The old fashioned feel, lots dark wood heavy curtains dark reds. But even checking reception looks run shabby old in-tray desk. The glass brass lift impressive covered hand prints needs jolly good buffing. The double room quite small, long thin. Great like old mahogany look, Grandmas dark carpet etc. Bed- double- felt small. TV far bed bother watching.Bathroom, clean bright-lots black white marbleand warm. Sink fittings tired- chrome coming taps sink plug hole.Nice quiet. No noise heard outside ajacent roomsDidnt eat hotel, nice eateries near by.In OK, little tired. From I experienced cant see merits 4 stars. A week later stayed Travelodge superior bed decor fraction price.",0.15003324753324754,0.4872543972543971,Jan 21 2007
68,68,"A Hidden Gem We stayed Fitzrovia quite accident--we got stuck Heathrow recent terrorist threat airport booked us Fitzrovia. We discouraged cabbie got lost told us he'd never heard it. To surprise, lovely little tucked residential/office neighborhood. Although appeared far touristy sections, walk showed within blocks two different tube stations. A block away street full family owned restaurants, launderette, convenience stores full grocery store.The rooms small, even European standards although see higher grade rooms looked like. And eat restaurants can't comment those. But service excellent, concierge knowledgeable location quiet convenient. I would definitely stay again.",0.10442708333333334,0.4991666666666666,Aug 19 2006
69,69,"Underclassed Hotel Poor Service After stayed wonderful Grange City Hotel, disappointed Grange Fitzrovia price. Arriving hotel, ramp bags carry steps. The lobby small tiny desk.The refused use credit card I pre-paid pre-booked online since physical card, I use different card.After getting room, surprised tiny old-looking room. For some, look may appealing seems like early 1900s hotel. The bathroom OK, beds small pushed together. The triple fold-out couch instead separate bed.Everything OK though much expectations.The problem service. They hire foreign staff hard perfect communication them. We lost cell phone room guest found next day. The really upset us resolving issue. They first said actual postage cost, raised 10 pounds, later said would 12 pounds mail it. I know postage 4.50 pounds, said charge service fee plus tax. It sounds like ripoff me, fault lost it.I would recommend much nicer ones price.",0.0886904761904762,0.4479591836734694,Apr 3 2006
70,70,"nice friends stayed grange fitzrovia 2 nights.the quiet street rooms faced back building quiet.the decor around nice room nice, although booked triple room, really twin camp bed added, comfy adult. addition extra bed meant much room 3 adults move around. bathroom lovely 2 sinks bright mirrors.the service standard.in breakfast room days glasses, bread etc run ask more, also took order cooked breakfast.one point beware of. use black cabs west end cost Â£5/Â£6 time, asked get cab us one night, transport arrived ordinary car charged us Â£20 journey!!!!!!so beware cabs always agree charge go.would go back.....maybe, use taxi's often, spend lot money them.",0.19907407407407407,0.4356481481481482,Feb 7 2006
71,71,"A Gem Hotel My husband I tired would settled bed bathroom. Imagine surprise find room coordinating bedspread drapes, beautifully tiled bathroom, even cute little cabinet tea making stuff! Just one needs busy cold day tourist thing! The room quiet, desk people extremely helpful. We sufficient choice breakfast food every day (the English Breakfast added expense skip). There 2 little grocery stores near tube station snacks stuff. Although eat dinner hotel, great restaurants streets nearby. We would eagerly stay again.",0.05442708333333333,0.6319444444444445,Jan 23 2006
72,72,"Not 4* standard long way Booked 'double room' small badly kept, cracked walls cracks ceiling, peeling paint, broken furniture etc. The bed small, full sized double. The tv broken, cigarette butts window sill, hot water shower morning, breakfast buffet understaffed result I wait ages bread roll jam. The reception staff arrogant unhelpful.The good thing really location room ground floor, expect noise. The prices rip standard accomodation I would question hotel's 4* grade last measured. I stayed many hotels London far cheaper much higher standard- proper 4* service.",-0.0357142857142857,0.3939682539682539,Jan 6 2006
73,73,"Great Value! I've always used Grange Holborn visiting London brief one night trip time use leisure facilities thought i'd give cheaper Grange Fitzrovia try. Glad did. Much can't fault Holborn hard believe one night Â£70 (compared Â£115 i'd normally pay).As soon walk see similarity fixtures, fittings decor though older, traditional hotel. Even bathrooms (if slightly worn) granite marble style. We booked standard twin given double rectified upgrading us executive room. Ok, executive room standard room 5* Holborn (two single beds) 4* fair enough. The bathroom huge two sinks, good getting ready hurry.The location good - nice quiet short walk Oxford Street, Soho, etc.I would given excellent rating ordered room service Saturday night never arrived overall Grange Fitzrovia good hotel, excellent value return.",0.28292410714285715,0.4923735119047619,Nov 10 2005
74,74,convenient location,0.0,0.0,Sep 28 2005
75,75,Smallest bed world,0.0,0.0,Aug 28 2005
76,76,Good overall - better winter summer,0.39999999999999997,0.3666666666666667,Mar 5 2005
77,77,Nothing Special,0.35714285714285715,0.5714285714285714,Nov 4 2004
78,78,Overall good,0.45499999999999996,0.39000000000000007,Oct 5 2004
79,79,Lovely Hotel,0.5,0.75,Sep 13 2004
80,80,Good Rooms Very small Web Site!!!,0.03261718749999998,0.56,Jun 28 2004
81,81,Excellent deals available Weekends,0.7,0.7,Jun 15 2004
82,82,Pleasant stay overall,0.36666666666666664,0.48333333333333334,Apr 27 2004
83,83,Enjoyed The Grange Fitzrovia Hotel 10 nights,0.5,0.7,Nov 11 2003
84,84,So british,0.0,0.0,Nov 15 2009
85,85,Excelente ubicacion atenciÃ³n servicio,0.0,0.0,Oct 31 2009
86,86,Tolles Hotel und vor allem super Lage !,0.41666666666666663,0.6666666666666666,Aug 20 2009
87,87,Ottimo !!!,0.0,0.0,Jul 29 2009
88,88,trÃ©s bien placÃ© et trÃ©s accueillant,0.0,0.0,May 16 2009
89,89,Bien placÃ© bon rapport qualitÃ© prix,0.0,0.0,Apr 16 2009
90,90,Confortable mais service pas terrible,-1.0,1.0,Feb 11 2009
91,91,Magnifique ....,0.0,0.0,Jan 26 2009
92,92,super hÃ´tel,0.3333333333333333,0.6666666666666666,Nov 14 2008
93,93,Un de tres estrellas con teorica categoria de cuatro,0.0,0.0,Jul 14 2008
94,94,fitzrovia hotel: bello pulito e centrale,0.0,0.0,May 21 2008
95,95,Peor de lo que parece,0.0,0.0,Nov 26 2007
96,96,Hotel agradable bien situado con buenas ofertas de fin de semana,0.0,0.0,Mar 26 2007
