,Unnamed: 0,Reviews,polarity,subject,Dates_extracted
0,0,"Close eyes exactly want be!!! Arrived Friday 13th known good thing!!! When arrived girl duty bit dozy welcoming took 20 minutes find booking even writhing name giving booking reference. One two rooms ready (we early) decided dump cases led us stairs .. lift 5 girls 7 cases ... new carpet laid lug stuff around two workmen, loose unsecured carpet visible nails!!! When got back evening men appeared gone carpet complete, two portions stairs completed stay, one directly outside door nails clearly visible highly dangerous!!! Our second room ready stage required us take cases one flight stairs another side ... way attic!!!! Literally!!! The bathroom double room served purpose overall room could benefit lick paint modernized bed coverings.Cleaners came Saturday morning gave us plenty fresh towels toilet rool.",0.01234406998043047,0.31999510151684063,Nov 18 2009
1,1,"Got big things right little Had booked single room - got triple - Result!Room clean tidy well maintained. No biscuits, shower gel, towel rail, soap dish shower etc. bit let here.Good service breakfast food good, unimaginative.For central London - good value, good location",0.26708152958152964,0.47171717171717165,Nov 16 2009
2,2,"Small good deal Good location, that's it!Single room smallShowers poorBreakfast mediocre days wait tableNo liftYou could hear everything neighboring rooms",0.049999999999999996,0.5666666666666668,Nov 1 2009
3,3,"Better expected We stayed Menton Hotel London 3 nights I must say I positively surprised reviews I read negative. Location superb, within short walking distance 3 stations area also well served buses, easy get sights airports, too. And main street noisy. We welcomed friendly receptionist willing change reservation arrival without penalty fees. The room got quad room (for 3 people) big enough 3 adults (not sure 4, though). Bathroom (big enough) rooms clean neat. On Saturday night noise street night, known arrival students live area, actually expected worse. We bit disappointed breakfast. It horrible, canned tomato appropriate, I think. Most ladies serving breakfast nice efficient. It suggested, however, go breakfast early, queue 10 mins came 8:30. Bigger breakfast room definitely needed improvement breakfast, too. We could leave luggage day departure. We definitely book travel London. It luxury, comfortable enough good value money.",0.07531910009182737,0.5691077441077441,May 4 2009
4,4,"much better expected... I read reviews quite know expect but..I pleasantly surprised. The room quite large, bathroom adequate, everything clean.Breakfast bit limited. Staff friendly helpful. Location great!",0.2959656084656085,0.4894179894179895,Apr 27 2009
5,5,"Don't stay My family I &quot;triple&quot; room (two beds, little larger single) 4 nights December 27th 2008. The room dirty tiny bathroom hot water except last morning. The explanation given reception old. On website picture entrance showing AA three star recommendation. However, totally false. The actually two star. The interior somewhat dilapidated untidy. The positive thing breakfast. The breakfast room, however, freezing cold. I would certainly never go back Mentone Hotel.",-0.11044372294372294,0.5850937950937951,Jan 7 2009
6,6,"Horrible rude receptionist. Probably worst I've while. No hot water room night morning, grumpy stoned staff, aggressive receptionist, breakfast consisting tea spoon egg smeared across slice damp white bread served surly staff stained ripped shirts. Just it.",-0.503,0.7260000000000001,Nov 14 2008
7,7,"Great Location nice Family 5 stayed little week loved it.Not large room - especially 5 beds London dont tend spend much time anyway.All beds firm comfortable. Bathroom small big enough toilet, shower basin.Breakfast good fairly friendly staff bring standard English cooked breakfast.Manager friendly aims please, fill-in managers also pretty good.Dont rely in-house PC internet access - didnt work chew money. Location great - plenty small supermarkets around, internet cafes, pubs (of course) 5-minute walk Russel Square station St Pancras. We loved Tesco opposite Russel Square station - everything need feed day ! And British Museum 5 minute walk too. All happy decent price.",0.2526968864468864,0.5105860805860806,Oct 26 2008
8,8,"Okay short stay My second time Mentone month. Had small single ensuite second floor, facing street. Shower stairs, little bit cramped headroom - I'm sure opt hose fitting. The bed verging uncomfortable, &quot;pillow&quot; average. Beware late night street noise student accommodation across gardens (a bit hazard part town), though try keep wee small hours. Otherwise, I've trouble-free stays Mentone; staff friendly low key, fine short stay part town handy transport.",0.013859126984126993,0.4746031746031746,Oct 24 2008
9,9,"bad but.... stayed mentone 5 nights end august single traveler. given room basement, actually 2 beds room, bad itself, irrationally furnished: big chest drawers, big wardrobe (few hangers) 2 beds 2 night tables occupied space room. could manage occupant, 2? chair, clothes-hook, badly placed sockets. tiny proper bathroom. room much better easy cheap improvements rational furniture. TV work, asked staff see do, asked next day: way. gave up. staff breakfast room trained properly job try smile customers. organization lacking: milk coming jug jug, croissants coming three three, people waiting jugs refilled: big defaults, actually, lack care attention. forget take ear-plugs you, least kitchen staff taught bang doors speak loudly 6 morning. whole basic hotel, conveniently placed, good enough fussy mean use place sleep in.",0.07756568144499178,0.38138341543513954,Aug 29 2008
10,10,"Basic enough...but bad I stayed one night, Wednesday 18th June 2008.I arrived approx 3PM, lady reception, friendly check smooth problems. The reception area &quot;messy&quot; appeared well kept, lots office equipment around placeMy room single room (Number 24) faced street. To say small would lie, functional, clean job. The bathroom spotless appeared newly renovated. Only side timber appeared rotting base window. The supplied kettle plugged power adapter floor windowBreakfast served basement cooked order, pleasent indeed, problem was, 0915 line waiting get free table breakfast going stairs took 20 minutes clear. Breakfast served till 1000 I guess everyone left late rise. Staff working breakfast area pleasent hard working. This property air conditioning, weather stay hot, still meant leave window open fresh air, traffic noise bad outsideOn checking morning 19th June, receptionist went way give directions question I raised.There doubt could makeover, rooms / areas appear excellent yet worn looking obvious need repair. Maybe premises undergoing slow renovation...I know, one thing sure...With new decor, staff currently emloyed, I feel premises could gem..pity small single room thoughI got underground Kings Cross, exited onto Euston Road walking right I came underground station 5 minutesOverall, pleasent experience, small room",0.03875084882437824,0.5163411425176131,Jun 20 2008
11,11,"A place avoid!!!!!! I return trip London.I Hotel owner Italy I highly recommend avoid hotel, book quad room really dirty , furniture really old!!!!",-0.06528645833333331,0.5133333333333333,Jun 16 2008
12,12,"Good price-quality We stayed Mentone Hotel 3 nights 2 teenage daughters quad room 1st level. Great location, quiet. Price-quality good, loved staying would go back next time. Friendly personal. For price cann't expect great furnished, brand new big rooms!",0.323951048951049,0.4067599067599067,May 3 2008
13,13,"Great setting; much noise I stayed several hotels Cartwright Gardens. It pretty area great street Bloomsbury close tube lots restaurants pubs. This neither better worse hotels street. However, I disturbed two nights 4am rowdy men (celebrating football win) hallway room next mine. This big problem one needs deal establishing clear rules noise 11pm. These men kicked hotel. Unfortunately, unaffectionately referred &quot;lager louts&quot; serious problem England (and parts Europe), particular problem older hotels walls quite thin.",0.10555555555555556,0.47870370370370374,Apr 11 2008
14,14,"Poorly decorated badly organised breakfast room furniture awful. 6 Senior Citizens visited London stayed 3 nights. We rooms ground floor. They noisy people coming going time. Furniture poor room wardrobe swayed putting clothes it. Bathroom cabinet sore need painting missing handle !Breakfast badly organised shortage glasses , bowls cereals juice various times. Breakfast arrived reasonable.It totally haphazard.Not place recommended.",-0.4462499999999999,0.6266666666666667,Apr 6 2008
15,15,average... The staff helpful friendly. room average really uncomfortable bed- rock hard. Kettle lamp broken. Okay go again.,-0.05208333333333333,0.5052083333333333,Apr 6 2008
16,16,"A place avoid As many reviewers reported, shabby. The room small smelly. A pane glass window broken, window frame impossible close. That meant room always cold, particular problem weather outside freezing sometimes snowing. I reported problem reception morning I arrived. They said would &quot;look it&quot;. Maybe did, took action , even though I week. They turn heating daytime, made matters worse. It unbearably cold breakfast time early evening. Speaking breakfast, breakfast room inadequate. People queue way staircase outside get table, breakfast served 90 minutes day.Having said that, food (when could get it) acceptable, workers best cope crowd irritated guests.The walls rooms paper-thin, provides privacy makes noisy. I could hear every word neighbours saying room.Also, hotel's website says accepts credit cards, agency I booked told I pay cash I booked. But I guess that, since &quot;hotel full&quot; notice entrance time I there, care poor quality.In summary, I read reviews I went there. But I went hoping best, fearing worst. My experience &quot;worst&quot; &quot;best&quot;.The location thing commend place.",-0.05738095238095239,0.528968253968254,Apr 2 2008
17,17,"Good value Stayed Mentone 1 night whilst visiting British Museum. Helpful staff, excellent scrambled eggs breakfast. Comfortable beds quiet room, Excellent frills accommodation centre London.",0.5166666666666667,0.6222222222222223,Mar 6 2008
18,18,"Great location. Good value. I've always said Trip Advisor reviews tend towards two extremes. They either love hate it. We've staying Menrone since 1980 love place. The location can't beaten, staff helpful price right. We've watched management pass inimitable Glynnys Tyner son, Simon, constant changes upgradings. Yes, single rooms small. If want large single room, book double! I've recommended Mentone lots friends one ever complained. The neighborhood interesting best fish chips house London right street.",0.20580357142857142,0.44449404761904765,Dec 2 2007
19,19,"Definitely find another... I stayed one night late booking. Yes, location good close Euston, Bloomsbury etc. great. The staff warm welcoming breakfast good... make lack lift, highly dangerous stairs top floor... noisy students. I room top floor negotiate stairs case laptop bag... easy found carpet almost dangerous. The room average size quite clean... basic ensuite facilities... alone improve basic decor tatty hallways dangerous access rooms.",0.11176470588235293,0.5784313725490197,Nov 20 2007
20,20,"Find something else Ok location great walk west end 20 min trees nice kind ends there.My single room tiny others mentioned almost dangerous staircase easy large suitcase warned again, lift.The room small, tv, miniscule bathroom (one stepout shower toilet jobs) sloping floor drain water shower properly floor always wet. It looked like cleaned properly I really want get bed.Smoke lingered hotel. The breakfast ok, service slow. Find something else, lots hotels area.",0.10310924369747895,0.48507002801120447,Nov 17 2007
21,21,"Wouldn't go back We found rather disappointing felt money could done alot better. Location good, minutes Russell Square tube, location room top floor, lift , narrow steep winding staircases precarious loose carpet places. Despite offering 12.30 check room ready 1.00 sent away 20 minutes. When returned checked got room cleaner refused us entry finished getting ready. Being strict non-smokers, wafting smell smoke 'non-smoking' frustrating irritating. The staff however friendly, breakfast good. The room whole clean, basic, shower room could cleaner. The TV picture kettle's switch missing looked rather unsafe!",0.09077597840755736,0.4523886639676114,Oct 23 2007
22,22,"I'm glad I chose Mentone I booked quad room three people. We got two double beds huge, trouble sleeping. Our room second floor, area quiet (yes, plenty students tourists around never screaming front hotel!). The room cleaned towels replaced every day. We tv tea coffee facilities. The bathroom alright, clean spacious enough.The breakfast great: full English, tea coffee lot things, cereals yougurth. The young ladies serving tables kind friendly. On ground floor common room big tv sofas. You leave big luggage reception departure day need to.It's true rooms big building lift, problem almost day. And location excellent: plenty buses, two underground stops close by, railway station (St Pancras) walk British Museum British Library want to!I'll certainly book Mentone Hotel I come back London.",0.1721230158730159,0.40540674603174603,Aug 19 2007
23,23,"Would never stay again! I booked Mentone close I working, free Wifi, website claimed non-smoking hotel. Two three things turned true. Since I traveling alone, I booked single enormous mistake rooms top narrow, twisty staircase. My biggest gripe room lack amenities - I say lack, I mean lack, ie. towels days, tv barely worked, tea never replaced, etc. My problem room smoky I felt like I smoked two pack cigarettes morning. People smoked night open window help ventilate room. The rooms top floor avoided costs!!! Additionally, warned - area full students face front hotel, loud evening. The full English breakfast thing I cannot comment it. The Mentone inexpensive conveniently located Bloomsbury want lung cancer - avoid it.",0.17750892857142858,0.5181190476190476,Jul 27 2007
24,24,"Give chance! I always find London prices bit strange - never know expect money. The Mentone great value budget - nothing nothing less!I've stayed 3 times spent short break mother. Rooms clean en suite, tea coffee making facilities. OK service little brusque great location (10 minute walk Euston railway station close British Museum theatreland). Some rooms may small I know I'd rather pay prices able spend 'on town'.",0.2599358974358974,0.44423076923076926,Jul 18 2007
25,25,"It kill I needed cheap room one night met need, without serious problem. If needs extend much beyond that, though, might want think carefully.These tiny rooms sufferers claustrophobia. Nor people looking week comfortable accomodation.But want stay day two London, place good enough. The room clean enough, hot water, bed OK, breakfast actually quite good, service OK. Noise always problem old buildings - squeaky floorboards, doors windows keep noise - place typical regard. (I always travel good-quality earplugs now, problem goes away.) The noise level average type hotel.I top floor room (just roof) hot. No airconditioning... That may serious problem staying summer.And, location first-class - around corner British Museum Bloomsbury. The streets around good selection cafes pubs (from cheap-and-cheerful posh). Public transport everywhere.",0.2147435897435897,0.48461538461538456,Jun 22 2007
26,26,"Good complaints Excellent location. Close Euston, Kings Cross, center, yet quiet area.For ones prefer public transport, tube stone's throw. We preferred walking :)After staying several hotels London, I would say rooms smaller average.There elevator, stairs bit steep. This might represent problem elder people.Room bathroom clean.Internet connection stable.Plentiful choices breakfast. Helpful knowledgeable staff.",0.23333333333333328,0.4111111111111112,Jun 17 2007
27,27,"3* terrible stayed 3 days visiting theatre break.good points:-excellent location everything london- good travel links within 5 minute walk hotel.-clean rooms-helpfull reception staffbad points:-stayed triple room really double anextra bed put in.-even london small room - told would 3rd floor really 4th good immobile people lots bags. lift steep narrow steps. -breakfast like cattle market, busy, organised fact waiting 30 minutes toast left. want place sleep good central location suit dont go expecting typical 3* hotel.",0.09717948717948716,0.38,May 2 2007
28,28,"Perfect Booked one night, dont know fuss about! This must one Londons best kept secrets. close Euston station quiet area main drag. Clean bright way thru, top floor breakfast room basement. Beautifully clean stylish en suite room adequate bargain Â£65 two us including breakfast consisted cold table full english unlimited tea coffee. Nice see kids catered too, well business people. Would definately highly recommend.",0.3437254901960784,0.5682843137254902,Apr 12 2007
29,29,"If like shower stay clear First impression warning. Torn carpets, shabby furniture peeling paint.Reception staff unhelpful.My room extremely tiny bedcover brown stains.Shower hot water available two days. Was told reception I wait someone else finished showering!Breakfast items always available. Only white bread served. Menu offers croissants never displayed. Serving staff could speak English well understand breakfast orders.Hotel impossible anyone heavy luggage lifts many, many stairs.I returning there!",0.09739583333333333,0.4354166666666666,Mar 14 2007
30,30,"Perfect place Business Trevaller Have visiting Mentone last two years, I travel work generally stay 8-10 days stretch. Mentone provides FREE WIFI room, makes communication office seamless smooth.The staff friendly, rooms clean Breakfast good. I would recommend Business Holiday makers.",0.3777083333333333,0.5370833333333334,Feb 15 2007
31,31,Yes dump Noisy Smelly Rude Staff Paint peeling walls No ironing boardPerfect like scabby rooms want sleep.,-0.3,0.6,Jan 12 2007
32,32,"Pleasanly Surprised - Recommended My son I spent six nights Mentone last week December 2006 New Years Day. I little apprehensive reading reviews; however pleasantly surprised find clean, pleasant room functional bathroom. We room 11 (at top house!) although faced street, room quiet. The twin room large, tiny either. As mentioned previously, linen brand new, definitely clean towels indeed changed daily. The bathroom tiny, plenty hot water except one morning towards end stay full. Other shaving outlet, none bathroom. The outlets little alcove small TV sits. It would nice placed mirror actually see blow-drying hair. There elevator, stairs quite steep, I'm best shape, able manage (slowly). Getting luggage top rooms challenge, doable. The location central; easy walk British Museum, Kings Cross/St. Pancras train station. There even stop one London bus tours nearby. The breakfasts good plentiful something everyone. I felt area safe - see anything anyone concerned - even New Years Eve. On whole, I would recommend hotel; Mentone Ritz, definitely dump.",0.18811571311571315,0.48740201240201236,Jan 11 2007
33,33,"A Dump! For price, centrally located staff pleasant I say it. My room tiny (which i'm used london hotels) FILTHY run down. There cig burn holes bedspread! DUMP.",-0.010185185185185205,0.5509259259259259,Dec 16 2006
34,34,"Mentone Hotel OK... My husband I stayed Mentone 4 nights late Sept 2006, accomodations fine; nothing nothing less. I bunch research, settled Mentone due favorable reviews, affordable rate, location. For starters, location terrific proximity tube. I'd recommend combination affordability easy accessibility everything. The room left lot desired, again, 5-star advertised such. It clean enough, huge plus private bathroom! We interested sharing bathroom! The breakfast included huge bonus price-wise. London pricey, nice get meal start day. We're gourmet breakfast-eaters, selections adequate us. The employees nice enough. I call warm especially welcoming, helpful needed help, responsive inquiries requests recommendations. The neighborhood seemed safe enough. It rather deserted area night, I probably felt comfortable walking alone dark, I felt safe husband. We see anything unsafe even questionable; &quot;happening&quot; place like areas therefore sort desolate-feeling night! We fabulous time London! The accomodations certainly make trip fabulous. But, affordability accomodations (and fact accomodations clean accessible), made us relax enjoy spending $ things theatre, amazing Indian restaurants, trips Cambridge, etc. In summary, Mentone good place looking simply affordable place crash.",0.21066964285714285,0.6034226190476191,Nov 15 2006
35,35,"Very Basic But Well Located This Hotel well located close Russell St Tube Station little Kings Cross Station. We family 4 booked Quad Room - one tiny room double 2 single beds. The room serviceable clean surprised towels changed daily. Full English breakfast included served dining room helpful friendly staff - food plentiful enough variety available satisfy picky children! The Hotel must quiet area town noise problems (not even traffic noise) 3 night stay.However, things little disappointing. Firstly, beds extremely uncomfortable - hard unyielding. The sheets clean show signs wear. The bed linen (duvet, quilt) clean worn stained. The bathroom extractor fan knob cold water tap kept falling off. There bar fridge provided. Finally, meals staff lovely, neither two Reception people encountered particularly friendly helpful.",0.04331349206349207,0.48742063492063487,Nov 14 2006
36,36,"can't go wrong price Free wi-fi, breakfast included. The showers run hot. Beds cleans. Staff helpful. Walking distance even luggage subway, Euston/Kings Cross trains stations. Rooms pretty much student dorm cheap bedsit, price best London. Can get cheaper website, even price great location facilities. I've stayed times stay again.",0.25999999999999995,0.5599999999999999,Oct 26 2006
37,37,"Don't go there! I stayed Mentone 3 nights last weekend husband. I would never go back - walls paper thin noise dreadful. Our first room stank smoke bed half rather double, asked moved. The second room slightly better - hand towel bathroom nowwhere fix shower handle to, meant bathing time trying hold shower handle. The bed terrible - I could feel springs mattress pillows lumpy. The breakfast great either, weekdays serve 9, 9.30 weekends. It definitely seem like 3 star me, Â£250 able get something better.",-0.001041666666666663,0.5182291666666666,Oct 24 2006
38,38,"Recommended My wife I, together 3 boys, great time Mentone. We two rooms, main stairwell, firedoor, two rooms there, like suite. In daytime could wedge doors open (they faced other) could keep eye kids whilst still retaining privacy own. In night time could lock door relax knowledge across small &quot;private&quot; hallway. The breakfasts written confirm 10/10 score here. One criticism, place leave bags checked out. Not really problem I suppose, places somewhere secure leave stuff flight later day. All all, The Mentone great tube links, fairly central neighbourhood seemed really safe - 24 hour Tesco good well. Oh use hotel's transfer airport ask Polish guy Matthew, great bloke!Pete &amp; Michelle, Guernsey, Channel Islands",0.2818627450980392,0.5593137254901961,Oct 4 2006
39,39,"Cheap Cheerful Excellent Location Good location easy access Kings Cross/St Pancras Station Russell Square.Clean, big rooms decent shower (although water boiling hot way turning down!) main reason staying cost relation hotels nearby.If staying night two ideal everything need ideal location base from.For business people, company budget good option preferable travelinn/lodge etc.",0.33481481481481484,0.7314814814814814,Jul 26 2006
40,40,"Excellent value money! I stayed Mentone four nights May really pleasantly surprised! I admit, I felt tiny bit apprehensive going, reviews quite mixed. I payed 41 pounds per night believe me, real bargain. The room actually quite large, bed good bathroom was, although small side, clean functional. The breakfast also good, walk away hungry fault. Of course expect luxury price like this, furniture old bit worn carpet couple stains, whole pleasant stay. I stayed far worse hotels paying lot more, really, location excellent. In 20 mins walk Covent Garden Regent's Park, three tube stations really close (Russell Square stroll street, also Tesco) King's Cross chose five different tube lines. The area sort reputation bit rough, I felt completely safe I feel they've cleaned bit last years.I frequent London traveller I would definitely book Mentone really recommend budget conscious traveller.",0.2375396825396825,0.49722990271377365,May 29 2006
41,41,"A Nice Little Quintessential London Hotel I stayed large group 10 days Christmas. It located across street pretty little park quintessential London residential street. Afterwards joked room taller wide! Although cozy fit, relatively clean except whole floor. The bathroom functional, small. The free English breakfasts great, always interesting see happening front desk way breakfast morning. The first day two Bobbies asking owner questions next day owner yelling one employees, kept things interesting! The location nice, required tube long walk get central London, overall fun experience although small quirky hotel, OK hotel. We went back Paris days (stayed Hotel de la Paix near Eiffel tower) came back Mentone, given great larger room three beds! Thus really luck draw, fun place stay matter what!",0.16572562358276643,0.4477369614512472,Apr 7 2006
42,42,best price area stayed christmas holidays must say looking close major underground stations days &amp; nights out.it axpected quite clean rooms friendly staff happy help need information.the bad reviews site people expect money stayed lot worse twice price london area.i travel alot due work look forward next stay mentone,0.15791666666666665,0.49416666666666664,Jan 13 2006
43,43,"Enjoyed Mentone The located bloomsbury area town,a quiet neighborhood close access tube station (Russell Square)and West end.The room second floor facing park pleasent.The room spacious clean, though bathroom biggest.The breakfast plentiful,tasty well presented served pleasent dinning room lower ground floor.We found staff polite helpful stay.I would stay Mentone recommend it.",0.21333333333333332,0.4066666666666666,Jan 12 2006
44,44,"I keep returning Mentone affordable, great location, friendly staff. I stayed five occasions never complaints.",0.4583333333333333,0.5166666666666667,Jan 2 2006
45,45,"You Get What You Pay For We stayed one quad rooms. The room small pretty dreary, small bathroom. One beds way firm one way soft. The room smell great seem like cleanest place world. But simply looking cheap place sleep hours eat decent breakfast, exactly got. If want save cash picky room, stay The Mentone. Otherwise, I'd recommend spending bit something nicer.",0.13055555555555556,0.48948412698412697,Oct 24 2005
46,46,"Good value money handy location Given price accommodation London, I found good value money.We two rooms, one attic smaller (bathroom particularly tiny) ground floor (nice big bathroom bathtub). It would nice get rooms closer together, fine.The reception general areas seems quite newly redecorate, nice. The rooms brand new, good nick seemed clean tidy. The breakfast great.The location, super trendy area, handy British Museum, Russel Square King's Cross tube stations.The staff accommodating &amp; friendly (eg. hostel style), 5-star professionalism - I thought fine.I would stay again.",0.38370129870129865,0.6083694083694082,Jul 12 2005
47,47,"Ok cheap place The location excellent, halfway Kings Cross Euston, tucked behind Euston Rd overlooking little park/square. I'd booked single room one night, gave triple room top floor price (a bargain Â£35 via laterooms). The room looked pretty dated bit grotty fine one night I staying, even old sweet wrappers reciepts floor bed!. The bathroom ok, seemed clean enough - unfortunately (like another reviewer) I given tiny towel (the size little hand towel!) I went asked another told one would brought later came back laundry (it never appeared). The breakfast ok, outstanding adequate. Overall I'd say fine quick visit I think I'd like stay nights. I think price location outweigh negatives.",0.15702876984126984,0.4865873015873016,Jun 6 2005
48,48,"Never again! I booked one lastminute deal websites. The room I occupied one pokey attic rooms extremely narrow steep staircase. As someone peak youthful physical condition I found quite difficult get to. There lift.There noise outside anyone came went, could even hear people talking adjoining room. The room reasonably clean. The furniture old, problem me. Annoyingly, wardrobe door close anything hanging it! Bedding seemed clean, unlike many hotels England actually top sheet, reassurring know often duvet cover changed. There one old worn pillow, another wardrobe - pillow case (I placed sheet bed). Thye 'bathroom' tiny, real problem quite clean. My real concerns twofold: (i) fire risk. There posted procedures. I noticed sprinkler alarm system, fire rated doors. There appeared egress narrow stairs;(ii) offhand casual, bordering rude staff. My (small, inadequate scratchy) towel changed second day cold dry. I prepared put one inadequate, wet towel, asked another. The response man desk &quot;We unlimited supply towels, know!&quot; Eventually went found one, I sense begrudging. I stay recommend anyone. If looking budget accomm, I would rather look private rooms hostels, otherwise spend another 10 pounds- even hotels area.How London hotels continue get away charging exorbitant prices service scandal. I hope newer budget chain entrants accommodation scene provide much needed competition spruce overall standards.",-0.060053763440860226,0.46756528417818743,Apr 29 2005
49,49,"Not Bad I looking fairly cheap stay 4 days working london. The mentone chosen laterooms fro Â£55 per night. It great central location. Read reviews somewhat worried price swung it.It easy find 15 min walk leicester square. There restaurants, newsagents, supermarkets pubs end road. It short walk russell square tube euston station.Security seemed ok get key buzzing reception. The entrance recption wooden floors looked ok budget place. My room attic (43) pleasantly suprised. The room ok size sigle bed suprisingly comfortable. The fittings shabby clean. Bathroom good size, clean, good shower (it french shower drain floor).I didnt much staff im fairly self sufficient.All pretty good Â£55. Clean central, wouldnt choose luxury holiday budget lay head save pennies fine.",0.27111111111111114,0.5905555555555555,Apr 19 2005
50,50,Stay bathrooom,0.0,0.0,Feb 11 2005
51,51,unprofessional,0.0,0.0,Jan 11 2005
52,52,Dingy,0.0,0.0,Jan 7 2005
53,53,Avoid like plague,0.0,0.0,Dec 23 2004
54,54,Our experience Mentone,0.0,0.0,Dec 15 2004
55,55,Wonderful Friendly lodging,0.6875,0.75,Oct 21 2004
56,56,A+ location C-,0.0,0.0,Jul 11 2004
57,57,Avoid avoid,0.0,0.0,Mar 15 2004
58,58,Well located good breakfast,0.7,0.6000000000000001,Jan 14 2004
59,59,Bamboozled Mentone Hotel,0.0,0.0,Jan 7 2004
60,60,Giusto rapporto prezzo-qualitÃ,0.0,0.0,Jan 7 2004
61,61,Tutto e' filato liscio . . .,0.0,0.0,Sep 6 2009
62,62,TrÃ¨s pratique...emplacement idÃ©al pour du tourisme,0.0,0.0,Sep 2 2009
63,63,Hotel correcto con una muy buena ubicaciÃ³n,0.0,0.0,Aug 30 2009
64,64,Tres Bien Mais...,0.0,0.0,Aug 8 2009
65,65,consigliato al 100%,0.0,0.0,Apr 14 2009
66,66,Excellent rapport qualitÃ© prix pour un charmant,1.0,1.0,Jan 2 2009
67,67,Excelente elecciÃ³n buen precio,0.0,0.0,Oct 7 2008
68,68,?????????,0.0,0.0,Jul 19 2008
69,69,??????????????????,0.0,0.0,Jul 19 2008
70,70,Vaya cutrerÃ­o de,0.0,0.0,May 12 2008
71,71,HÃ´tel trÃ©s sympa,0.0,0.0,May 8 2008
72,72,Bonne Localisation,0.0,0.0,Oct 31 2006
