,Unnamed: 0,Reviews,polarity,subject,Dates_extracted
0,0,"Good quality good price We enjoyed stay hotel. The expensive all, clean friendly crew rooms big enough. We traveled disabled person, close DLR-station able get underground well. Good connection underground lines. Breakfast good except much put bread (no meat). One rooms smelled like smoke since previous visitors smoked room.",0.22647058823529417,0.4627450980392157,Nov 17 2009
1,1,"Very good bad location I got bidding Priceline, I can't complain value, I first got Priceline confirmation entirely happy location, I driven past area many times.Once I I pleased hotel, location really bad. It's true part Commercial Road Limehouse Station scruffy side, I certainly consider unsafe much regeneration going on. The staff helpful, room good standard complimentary breakfast adequate. Before staying I might said place first time tourists, given location, transports links City West End really bad. The Docklands Light Railway gets Bank minutes (though bit walk DLR platforms), prefer, 15 bus routes (the 15 especially frequent service) get City West End. The N15 night bus also goes Trafalgar Square Commercial Road beyond, even night owls would difficulty getting back without take taxi. Just long remember area Knightsbridge there's reason base business leisure travellers apprciate bargain.",0.101920634920635,0.4633809523809524,Oct 13 2009
2,2,"Fine value money! If compare else find London price, great value money. The rooms large clean, service good. Yes, far away center, DLR station quite close (traveling time: 10 min walk + 10 min per train). If stay London weekend, I would recommend it, exactly distance London center. Then I recommend pay little extra could also skip Metro 'traveling card'. I would definitely consider stay again, I stay London longer time, and/or I looking budget hotel.",0.18316326530612242,0.4752551020408163,Sep 20 2009
3,3,"skip it! Ok.. yeah I know.. It's holiday inn express Ritz place pretty horrible. First good location, kinda sketchy night. It good 10 minute walk TRAIN connects tube. Probably uncomfortable bed I ever laid in, noisy hotel. And kicker I close friend mine call Ireland, woman front desk talking connecting room audacity ask knew me! SO RUDE!! But I guess one night, total waste. On bright side, relatively clean, continental breakfast that's bad. I would stay again.",0.06056547619047619,0.632142857142857,Sep 9 2009
4,4,"Excellent budget Wanted decent budget sightseeing weekend parents London - clean, comfortable, close centre, reasonably priced. Ambitious criteria, I research, trawled reviews Tripadvisor elsewhere, satisfied place looked like good bet. It was.The nothing look outside, rooms smart, clean, comfortable and, Holiday Inn, completely characterless. The right next cement works busy highway I near front, window closed I disturbed. There's restaurant, continental breakfast buffet (included price) bar evening, needed. Wireless internet available, charge.Service generally excellent occasions need it. I asked move since air conditioning work hassle - I new (cooled) room within ten minutes. (Fortunately fully booked).Location bit sticks best area, either (we problems, even though coming back late night - sure I'd recommend alone, though). However, five minutes' walk Limehouse station catch buses, DLR C2C train, zip Bank, Tower Gateway, Fenchurch Street Station, direction, Canary Wharf, Isle Dogs, Greenwich. You'll likely need switch buses Tube, planning (the journey planner Transport London website came handy) get want go relatively quickly.If mood stroll, were, pop across road walk along river Wapping, find Prospect Whitby, reputedly London's oldest riverside pub charming place drinks summer afternoon.They charge daily rate (Â£10 there) parking garage rear, there's little alternative.Simple, efficient, relatively cheap. If looking somewhere clean comfortable sleep, bothered area (it's Mayfair) mind bit journey get anything worth seeing, could much, much worse.",0.21644119769119777,0.5086588675874392,Sep 1 2009
5,5,Great value Very good is. Handy Canary Wharf east end. Bit trek find anywhere decent eat paying Â£59 pounds worth it. Seems popular budget tourists judging breakfast.,0.48238095238095235,0.7280952380952381,Aug 29 2009
6,6,"Solid basic My wife I stayed seven nights recent trip London vacation. The like Holiday Inn Express find anywhere. The rooms standard, basics little frill. The bathroom facilities good shower nice strong. They &quot;bar&quot; lobby, open 2am later every night three taps decent selection bottles beverages liquor. This welcome sight got around 12.30am traveling many hours. Plus, spent 7GBP bar, get one hour Internet coupon free (you need pay wi-fi hotel)...so keep drinking Internet access free, least deal stayed.The staff nice helpful...my wife briefly took ill trip helpful supportive, giving us care needed moving us quickly another room AC malfunctioned. The location little tricky. As others noted, central London, little ways outside, need ride DLR (light rail) Limehouse station. This easy exchange Tube DLR either Bank (where DLR trains run Tube station) Tower Hill (where leave Tube, cross road, go Tower Gateway DLR station). While walk Limehouse DLR station quick know going, little tricky find map beforehand. Basically, leave Limehouse station find grocery store corner right entrance/exit. Put grocery store right walk road, underneath old railway bridge. Come cross street street ends, cross it, turn left. Keep walking three minutes right, right cement plant. You cannot see DLR station unless know look, plan ahead. If head central London hotel, check Tube map ahead time see makes sense go Bank Tower Gateway, different lines serve two stations. Also, take DLR direction, hit Canary Wharf area, much different central London think different place altogether, suburbs like Greenwich, wonderful place spent day.All all, fine place stay. You need travel DLR (and Tube, likely) get anything may want see London surrounding area, mind base little separate everything else, fine location.",0.13643336070060208,0.4779898741105638,Aug 19 2009
7,7,"lovely Couldnt fault , clean. The staff friendly, nothing much trouble went way help directions, places eat, anything.",0.2879166666666667,0.5900000000000001,Aug 3 2009
8,8,"good value great value, considering rate 55 pounds per night per room. The location bit center, compensate, close DLR limhouse station bus stop u catch bus directly city center, national gallery, St-Paul's Cathedral, London Bridge, Leicester square. The room holidayinn express standard.",0.19999999999999998,0.40625,Aug 2 2009
9,9,"Actually really good - pleasantly surprised Have avoided staying past, reason, bit town that's all.Regret now, avoiding is, really good, fact price, noteworthy.The area best, left hotel, left lights, left next lights plethora takeaways varying quality, I chose one full locals great meal Â£10, also bus stop gets city west end Â£2 Â£1 Oyster card.The front Highway busy road, cement works next door too, room front I slept like log window open, 10 night go quiet I personally think problem. Tha air con close silent window closed noise outside all.Be aware tom tom calls road (if use postcode) Ratcliffe orchard, correct tiny road side hotel, use Tomtom POI find it, won't, takes half mile away dead end wrong side highway, park free brave enough.parking Â£10 worth nice secure car park good spaces.Staff really good, helpful indeed inclusive breakfast better expressesI liked it, I'm bit picky things, whole establishment incidentally spotlessly clean.Will going back!",0.24603603603603605,0.41918918918918924,Jul 14 2009
10,10,"Pleased back Booked 2 nights early July 2009 hottest day year (32 degrees). The right busy main road entrance Limehouse Tunnel. To one side cement works.Thankfully booked room back overlooking old factory site I say heard nothing road noise busy cement works good aircon room stayed cool throughout stay.Room - clean comfortable. Breakfast - standard Holiday Inn fare - coffee, cereal, toast etc.Parking - available Â£10 per NIGHT.Underground - Limehouse DLR - 1st left 5 mins walk. Not centrally located London search near underground station restaurants I'm guessing visiting London see delights Limehouse!?Does job base well try get room near back hotel.",0.16082815734989647,0.39387163561076616,Jul 5 2009
11,11,"problems good stay Limehouse HIE pleasant experience. Rooms normal HIE standard, clean, well maintained. Best part ever complimentary buffet breakfast. Very slight complaint fact TV list slightly wrong! (No Sky Sports News advertised).",0.22183333333333327,0.5243333333333334,Jun 11 2009
12,12,"Cliche get pay Pros: Hotel relatively accessable DLR, cheap, far central london public transit.Cons: Technically 'nonsmoking' hotel, converted such. My room smelled heavily smoke, noisy outside I opened window help air out. Room minimal amenities. No nearby restaurants food options.",0.022727272727272728,0.3696969696969697,Jun 8 2009
13,13,"Terrible Service Please avoid staying Holday Inn Express - London Limehouse. It terrible service.. The indifferent staff makes experience stay horryfying. Not staff rude also house-keeping poor. Owned Splendid hotels, property avoided cost. It fit Intercontinental prpoerty..",-0.2952380952380952,0.8,May 31 2009
14,14,"Great Hotel I've stayed twice now. I've gotten great rate $40/night Priceline. It's little outside city, take public transportation easy get to. From Heathrow airport, take underground Picadilly line transfer District line one several stops. Get District line Tower Hill transfer (short walk) Tower Gateway pick DLR. Then take DLR Limehouse. You see DLR track. If traveling weekend, underground lines may working, Picadilly line usually always works, take Picadilly Circus take 15 bus Limehouse. The always clean staff really nice. They help book tours like. They also rent converters forgot yours. The breakfast continental cereal, breads, jams, yogurt, fruit. It get day. There computer downstairs Internet access need it, costs 2.50/hour.I would stay heartbeat.",0.23295454545454544,0.4727272727272727,Apr 19 2009
15,15,"Excellent choice short stay London get deal price. For little 40 GBP (including breakfast two) gem find (we booked Hotwire). Typical Holiday Inn Express features, including excellent breakfast, though somewhet marred TV set tuned Sky News. The location well east central London reachable quickly rail, even trusty number 15 bus makes stately way right city west end price 1GBP (with obligatory oyster card).Service came smile, everything HIE.Yes, right next cement works, big deal. More importantly handy public transport, many restaurant choices nearby - try Brick Lane curries, fine old historic pub, The Grapes. Limehouse old east end community seen lot upheavals since demise docks, find mix old new - genteel neighbourhoods, fine want get feel real London well tourist London.",0.2748256373256373,0.43676447009780334,Apr 1 2009
16,16,"Great location easy tube access via DLR great breakfast nice people My wife I stayed week late March. We got Priceline deal (still included free breakfast guests). The residential area cement factory next door. Don't let cement factory bother you, bother us (very little noise detract all).If looking inexpensive London easy access tube, found it. The DLR Limehouse station FIVE MINUTES walk (not suggested). It takes Bank station Tower Gateway (my preference, fine). From catch tube lines easily connect site London.The room given double beds, small (but exceptionally European standards), maybe 15 television stations, desk, closet (but small place hang clothes), good bathroom. The walls thin hotel, fortunately, full guests staying quiet.What I liked:*Breakfast! Complimentary juice, coffee, pastries, cereals, yogurt, fruit, cheese served 7-10 weekdays spacious dining area.*Location. For price, can't beat it.*Access local pub dining. There good pub next DLR Limehouse rail station. There two good restaurants nearby (Italian Indian), five minutes walk next one another. Tip: Order house red wine La Figa (perfect inexpensive).*Soft bed. If like soft beds, may like place.*Free newspaper reception daily.What I like:*Rooms bit smaller I would liked, small. You spend much time rooms anyway.*TV station choice limited.*Internet access expensive. They charge nearly 17 pounds 24 hours access, must used 48 hours. They used let keep 24 hours entire stay use liked, changed that. NO GOOD! Just go Leicester Square use one many Internet stations 1 pound hour.I would stay budget. It good great location. If extra money, maybe would prefer stay elsewhere, someone middle-income tastes, fine.Extra tip: The TKTS booth Leicester Square excellent lines nowhere near long NY. We bought three plays, got great seats two them, never bought tickets 2:00 afternoon day, need que line earlier.",0.2207916666666666,0.515,Mar 29 2009
17,17,"Good location thats going Upon arrival I could gain entry car park park outside front door. Upon checking Barclaycard declined phonecall Barclaycard revealed problem card account problem end, staff said wasnt. eventually got checked in, paid Â£16 wireless internet worked reception area room. The eating area ambiance factory canteen food served, staff recommending chinese nearby downmarket neighbourhood takeaway. I sat bar ages without served staff walked past, eventually go get somebody serve me. The beer tasted off, made ill I stuck bottles next night. For breakfast I stood ages waiting toast done discover toaster wasnt actually plugged in, tried 2nd toaster, again, again, eventually found couple slots heat bread. There cement factory next door, walls paper thin, batteries TV remote flatApart location (close DLR) I really can't recommend way shape form,",-0.026923076923076925,0.326923076923077,Mar 12 2009
18,18,"Another Holiday Inn Express I stopped Holiday Inn I could stop usual West End full. I stopped apart location (but near DLR station) says Holiday Inn Express.As always, room clean, breakfast continental style bar shuts 12.00 midnight, hey itâs somewhere stop âhotelâ experience.Would I stop again, not?",0.14166666666666666,0.4750000000000001,Feb 20 2009
19,19,"Actually nice Holiday Inn Express Came group trip friends highschool. The group loud annoying guests staff nice us anyways!! It great location right near subway honestly best stayed trip. If staff read this...sorry loud, really mean it!!! Definitley stay here...top notch!!",0.23496461302369506,0.6806318681318682,Feb 10 2009
20,20,"Lovely stay would recommend stay again!!! For basic - Holiday Inn, - I say Holiday Express Limehouse really deliver. I stayed Room 313 clean, warm comfortable, necessary amenities (coffee-making facilities, mugs, hairdryer, TV, writing desk, good desklight) even couch. The staff great - helpful, friendly, offered free internet computer one lobby working. The continental breakfast also good comprehensive - rolls, croissants, toast, yoghurts, fruit, cheese cereals. My point truly affordable London gives truly pleasant stay. So much London charge sky offer little; definitely different experience. I hope keep affordable raise prices much!",0.38495065789473687,0.5890350877192982,Jan 30 2009
21,21,"Does says tin needed room part London attend party locally. The standard type, clean, pleasant staff close DLR transport centre London. The breakfast Ok - probably nothing Â£52 room two breakfast good value indeed book. If want get. Would definitely stay again.",0.3566666666666667,0.4718518518518519,Jan 5 2009
22,22,"Superb option near City Canary Wharf Superb value money. Hotel located 2 min walk DLR Limehouse, midway city Canary Wharf. The standard Express fare, clean, comfortable, reasonably spacious free continental breakfast included rate.Was allocated room 2nd floor, wing away main road hardly heard thing 4 nights I slept here.Staff friendly, added bonus priority club member, benefit speedy check complimentary newspaper morning.The downside perhaps lack dining options area, Canary Wharf 2 stops away City, options aplenty here.Excellent value money!!",0.2677777777777778,0.6116666666666667,Nov 24 2008
23,23,"A good value London We got cheap deal Hotwire. We visiting London one night job perfectly. Its nicest area London granted, terms value money much better city centre hotels stayed in. The DLR ten minute walk away travel centre problem. The rooms modern clean complimentary continental breakfast nice touch. Would definitely stay short stay capital.",0.3212820512820513,0.6392307692307693,Nov 18 2008
24,24,"Bad bad day? I booked non-smoking room received one non-smoking bad smoking smell. Reception staff change refreshed recleaned. The surrounding traffic cement factories, area nice. The room carpet stained bathroom bit noisy (water).I usually travel Holiday Inns, I disliked much.",-0.21124999999999994,0.6387499999999999,Nov 6 2008
25,25,"Mostly fine I'm injured! We stayed one night, could attend event. The location handy going. It's also handy river, exploring East End locations, Cable Street. But pretty area generally. If like cement factories, could ask room view one next door.We trouble driving there. We followed hotel's directions, indeed, exiting second tunnel visible right. But possible turn right! It took quite lot exploration London's one-way system found approach took us hotel! I'd recommend updating directions people driving north - I'd recommend anyone driving north ring ask emerging second tunnel.Parking reasonable London standards, Â£10 per day, behind barrier security. The fairly basic generally perfectly acceptable - standard Holiday Inn Express. It clean except numerous nasty-looking stains carpet. There duvet bed white bed linen, small settee sit on. A TV smallish selection channels, tea/coffee facilities. A small hairdryer. An uninspiring adequate cold breakfast (juice, fruit, cereals, croissants, toast) included. My problems happened bathroom. It clean pleasant-looking. (Toiletries wall-mounted squeezy bottles stuff.) The shower spacious, clean nicely warm powerful. But I finally managed stop enjoying shower, I reached towel, slipped right over. The shower floor completely slippery - mush so, I landed one position, I slipped position - happened couple times. Luckily I bang head anything, Luckily also, husband heard scream, help I eventually able get up. There grab rail, high reach prone position, I also pain twisted, making difficult move. What I thought anti-slip blobs shower stall floor were, I later informed manager, &quot;only decoration&quot; intended non-slip. There warning notice floor might become slippery (although plenty notices up).I generally doddery prone falls. I never fallen shower before. I believe due reckless - I simply reaching bath towel. I believe failing duty care, firstly slippery showers also warning decorating floors apparent anti-slip dots.My neck stiff, considerable pain limited range movement. I also lower back discomfort one side, toes right foot hurt I move them. To give due, manager sympathetic gave numbers customer relations legal department, well genuine apologies. But I still hurt! I hope fix this, people could alone fall, could bang heads hurt even I did.Having said this, I might return I wanted area again, I'd buy non-slip bath mat first.",0.13916090629800304,0.5483448540706605,Oct 19 2008
26,26,"Everything great! We paid litte money since booked together flight. Ususally, room GBP 80 - 90, paid GBP 20. The rooms big, even swiss measurements. The staff friendly helpful breakfast fine too. There always fresh bread, cheese, cerials meat (for expect this...). The DLR 3min walk away Down Town really easy reach. I would always go hotel!",0.3700396825396825,0.5174603174603175,Oct 2 2008
27,27,"Typically good....! Itâs typical Holiday In Express. By I mean itâs good value, clean, quiet comfortable. Parking also good value Â£5 part town. It doesnât look many food options fist get there, couple good restaurants Narrow Street (just opposite), loads cheaper places DLR Commercial Road. Try Rajistan CafÃ©â¦). Rooms good, staff accommodating location excellent Docklands city (direct DLR Bank Station). I'll back.....",0.28457602339181287,0.46893274853801176,Sep 26 2008
28,28,"Comfortable East London I stayed weekend visit London found easy get to, friendly staff continental breakfast thrown too.Situated Limehouse, East London I sure expect location safe not. But actually fine. There mixture flats apartments steps River Thames. Transport easy city DLR behind 300m walk station. Near station couple take aways mini supermarket incase need anything. The would expect standard Holiday Inn Express, dissappointments. We lucky enough got rooms GBPÂ£36 night booking Hotwire I extremely happy price. But I think normally would pay Â£80-Â£100 night hotel.",0.2886904761904763,0.6384920634920634,Sep 21 2008
29,29,"Excellent mid-range London. Excellent mid-range London.The rooms clean calm, stuff friendly helpful, breakfast excellent.Furthermore, one greatest advantage place location. It situated Docklands, close City centre. You take subways reach City (Bank station) within 10 minutes, would like see London, bus 15 also goes directly touching many major sightseeings, like Tower, St Paul's Cathedral, Trafalgar, etc etc.",0.4920138888888889,0.6375000000000001,Jul 22 2008
30,30,"Adequate respects This reasonable hotel, comfortable rooms would expect HIEx. The check however slow, rather disinterested staff check much better.The breakfast continental self service style, perfectly adequate. The location none nice part east end, close Limehouse DLR.If car, parking charge expensive.",0.17962962962962958,0.5640740740740742,Jun 29 2008
31,31,"Exceptional Value Was able book via Priceline, cost hostel! A 5 minute walk Limehouse DLR station (1/2 Bank/Monument Canary Wharf stations). Also bus line 15 runs Limehouse DLR station. The industrial area (athough restaurants small stores near Limehouse DLR station). There small Costcutter store near LImehouse DLR station. I prefered much larger Tesco Metro store, located right Canary Wharf station (open Midnight weedays, 10 pm Sat, 6 pm Sun). It relatively new seems popular book tour groups, troublesome (i.e. eating tour group breakfast). While busy street, taxis. You need reserve taxi front desk. The front desk personnel young friendly. WiFi availabe charge (2.50 pounds 1/2 hour 16 pounds entire day).The room good size (a little bit average size), 2 single beds, desk, tv, etc. There closet, cubicles place clothes, luggage. For 1 person, problem, 2 people couple suitcases each, enough space. The provide free continental breakfast (bread, fruit, yogurt, cereal, coffee). A nice touch Ice machine lobby. One best housing value London.",0.1901926406926407,0.4991818181818182,May 8 2008
32,32,"Good location average HIX A good Holiday Inn Express â rooms bigger central London Expressâs even bigger Holiday Innâs. The standard decor throughout, seems better job others. Well located 5 mins walk away Limehouse DLR National Rail station.Like HIXâs isnât restaurant unusually one within easy walking distance either. There late night one stop shops DLR station Canary Wharf stops away DLR, plenty food options instead. Breakfast HIX standard fare, good layout avoids queues affect HIXâs mornings. Staff seemed bit welcoming usual too!",0.1259920634920635,0.4432539682539682,Mar 23 2008
33,33,"Ideal location good price We stayed Limehouse HIE went ont town Christmas Parties London, well placed outside mega-expensive hotels Â£5 cab City 5 minutes walk DLR..On 14 day advance purchase room worked excellent price especially Friday night end December. There car park additional Â£8 per night seems safe enough big fence access gates.The rooms standard Holiday Inn Express, clean, spacious, warm comfortable. The bathroom - spotlessly clean.Breakfast busy albeit standard plentiful buffet lots choice constantly filled staff.There lot adjacent eating drinking close London enough choices City.Would I stay - definatley.",0.29833333333333334,0.5337500000000001,Jan 6 2008
34,34,"Served purpose well! A typical Holiday Inn Express served purpose well. We wanted reasonably priced one night quick trip London booking advance, got double room mid week Â£80 night including breakfast ic hotels website. Compared hotels internet, bargain price! The room comfortable bathroom adequate. We initially given twin room back despite booking double soon rectified even though new room front alongside main road. There traffic noise hugely problematic 7am rush hour starts. Staff friendly helpful inclusive breakfast good enough go hungry. We asked suggestions restaurant evening given good recommendation staff 'Le Figa', excellent Italian Narrow Street, five minutes walk hotel. The mussels best we've tasted Bruschetta fresh, generous laced garlic - delicious!! Main courses cheap generously portioned feel well satisfied.For Central London little way, requiring Docklands Light Railway plus 2 tube changes probably use Holiday Inn Limehouse again. If get good price, business area want clean, fairly basic hotel, Holiday Inn Express London Limehouse probably serve well.",0.23022393048128342,0.4377807486631016,Nov 8 2007
35,35,"Very disappointing I'm sorry say gave worst ever Holiday Inn experience. Knowing I going arrive around 9pm long working day, I looking a) restaurant, I could easily get dinner b) wireless internet, I could catch emails. When I arrived, I found restaurant closed. Also, wireless internet paid (ok, necessarily surprising)...but paying upfront service would work. I even called technical support, help either. It also took far long check check out, bed pretty uncomfortable too. On plus side, room clean reasonably quiet. I choose stay though.",-0.08866666666666667,0.685111111111111,Sep 30 2007
36,36,"Good location pricey Several stays past 2 years.Good deals available (ie 70 pounds) book well advance pre-pay Holiday Inn website, 1-2 weeks notice lucky get anything 100 pounds, worth it, look elsewhere.Usual rooms boring continental breakfast Hol Inn Expresses. Location ok - 10min walk Limehouse station (for Docklands Light Railway), connects Bank tube. 10mins walk Thames, several good restaurants - leave turn left, turn right lights basically next Thames. There small arcade good Italian restaurant 'La Figa' also new Indian restaurant. Continue along road right, docks Narrow St Pub I believe one Gordon Ramsays empire - dont expect get booked!On side main A13 London road lots mainly ethnic restaurants takeaway joints. The 'RajBoy' Indian usually good.",0.1433783549783549,0.4042389610389611,Sep 4 2007
37,37,"Worth every penny nice small rooms clean good. Coffee te facilities, nice bathroom. breakfast wasnt interesting.Easy acess Tower downtown via tube.Worth every penny.",0.4161111111111111,0.6333333333333334,Jul 26 2007
38,38,"Very comfortable reasonable location We returned trip London, England. We booked room Holiday Inn- Limehouse 60 Â£ (flexible rate) days beforeour departure. We knew bit city center, looking combination location rate. We found comfortable reasonably located. In fact, Limehouse train stops 20 min walk Tower London. It however, hour Heathrow airport train/tube (especially sections underground may closed construction). Still, three-day train pass, cost minimal transport easy throughout city. We pleased well continental breakfast service excellent. Given prices hotels London, happy find would certainly stay again. The thing missing atmosphere, willing give upfor reliability.",0.2218809523809524,0.6452380952380952,Jun 25 2007
39,39,Quite good We stayed 1 Sunday night May. We booked day arrival via website got great rate. Only Â£49 room.The easy find although access car park difficult busy road. The car parking secure CCTV limited cost us Â£8 overnight.The nicely furnished rooms quiet. The also provided details local take aways. We opted pizza delivered reception. The happy eat room. This really useful long day.Double bed nice big. Not soft comfortable.Bathroom good toilet design Holiday Inn Express hotels good. The bathroom door doubles toilet door would like share use bathroom. Power shower great Lux shower gel &amp; Dove hand wash supplied.Complimentary breakfast morning good. Good range provided. Nice pastries!We would stay due close proximity Canary Wharf.,0.30822278911564627,0.5192687074829931,May 19 2007
40,40,"Great stay Great staff Stayed 4 nights vacation London. Got great price 49 pounds per night (leisure saver). The breakfast nice - yogurts, coffee, breads toasts, cheese, cereals, juices, fruits etc. The staff main desk great! really helpful friendly nice get smiling face morning. There safe main desk leave passports valuable stuff.The DLR 5-7 mins. walk easy manage, change tube get center London (total time oxford circus took us 20 mins.), also bus (line 15) goes town - great skip rush 1000s people tube see streets views - takes 45 mins - 60 mins.Well, right middle center nice, friendly, expensive get good deal really enjoyed stay!",0.3838612836438923,0.591407867494824,Apr 30 2007
41,41,"A good value money! I pleasantly surprised Express Holiday Inn. It colorfully decorated, rooms, small American standards, efficient, clean, functional. The lobby area expansive, plenty comfortable seating. The offered snack items sale decent price, also provided internet access fee lobby, computer provide. The breakfast bar expectations, good food replenished frequently. Next time I'm London, Limehouse me, good area DLR/Tube access, far enough away tourist areas uncrowded.",0.24702380952380953,0.519047619047619,Apr 28 2007
42,42,"Bland fine OK, cheap ( London) close DLR regular trains London. Also v easy drive Channel ports tunnel.THe ok, rooms pretty small utiliatarian, staff friendly enough breakfast sufficient.Can't say much more, bland ok",0.25277777777777777,0.5784615384615386,Feb 8 2007
43,43,"Great little This quite nice, smallish rooms good size. The pretty new everything clean modern. The staff quite helpful, organise take away delievered room. It little way London fine rail pass Docklands light rail included pass. It kinda hard get Heathrow, especially non-express train took 90 mins normal service get Tower station gave caught cab. It easy enough find station fairly good location. I would recommend anyone budget. The breakfast included pretty good. Overall great stay.",0.296969696969697,0.6418831168831169,Jan 26 2007
44,44,"comfy friendly express Stayed 3 nts dec 1 2 3 2006 rooms clean modern, nicre continental b/fast staff great",0.4629166666666667,0.615,Dec 9 2006
45,45,"better last time Booked online got great rate Â£49 per room per night including breakfast.I asked quiet room booking I given one rear yet facing towards road, quite busy night long. rooms facing away road better noise. The room functionalable yet air con room seemed heat room, I like nice cool room I snuggle quilt yet room around 24C night long bit warm me. The way get room cool open window noise road awful.The breakfast okay bread occasion tasted better buffet area topped quite quickly. As priority club memebr extra perks like discount restuarant great.The close limehouse DLR C2C two flights steps, lifts working morning.",0.2454166666666667,0.53125,Nov 15 2006
46,46,"GOOD VALUE AND LOCATION My friend I looking inexpensive London knowing thing exist. I looked several hotels London poor reviews. Holiday Inn Express Limehouse good reviews decided book room there. The room 58 GBP twin using advance reservation. I pay full right refundable. If sure plans change, great deal. The room large (By London standards) nice size bathroom (again London Standards). The room clean hotel. The breakfast good. My complaint would bed small even London standards. It seemed like cot twin bed. Other that, room great. The walking distance Limehouse Docklands Light Rail station course weekend stayed, service closed due maintanence. There special bus service worked well station bit confusing central London stations. Overall, book ahead looking deal, I would highly recommend Holiday Inn Express Limehouse",0.21840722495894915,0.5315380405035577,Nov 13 2006
47,47,"Great basic Stayed Dad's 50th birthday start September enjoyable stay. Good location low price paid - minutes walk nearest DLR station (which connects easily tube) Very friendly helpful staff. Rooms typical chain style comortable. We stayed rooms back experienced traffic noise. Only downside would distance City, easily walked time energy, need use DLR/tube speed ease. Would recommend anyone looking short stay London. Book online direct 14 days advance excellent discounts (50% weekend rates!)",0.29097222222222224,0.5762037037037038,Oct 14 2006
48,48,"OK short stay close London centre Stayed end August 2006. Overall impression - bad, good value London, clean, near Centre, relatively new, however noise Highway could beat annoying breakfast better avoided NOTHING think edible.",0.18530303030303028,0.5021212121212122,Sep 16 2006
49,49,"Dove way... Stayed 4 nights, definately made trip enjoyable! We stayed room overlooked busy road runs directly outside hotel, even though windows double glazed, make perfect night's sleep; sensitive noise warned, normal/heavy sleeper fine! The rooms decorated nicely, modern fittings usual little extras, though highlight definately finding Dove body hand wash bathroom! The rooms cleaned daily basis high standard, fresh towels provided time leave dirty ones floor! A good varied continental breakfast provided, though wise go breakfast reasonably early want full selection cereals etc, always breakfast 1/2 hour closed, hardly disappointed. The staff always helpful friendly even let us keep things kitchen fridge, though appear always rushed feet! The located bit far centre London, discovered lovely walkway follows River Thames quite distance, minute walk centre accessable DLR/tube. I would recommend hotel, ask put quiet side always try book via website 2 weeks advance get best prices!",0.1955914750957855,0.4859386973180078,Aug 8 2006
50,50,"Great value London I stayed Express Holiday Inn Limehouse 2 nights late April. I paid 53 GBP per night I prepaid stay Holiday Inn's website. My room 5th floor double bed sofa bed. The room clean handsomely decorated. It's bit small compared North American standards normal Europe large enough 3 people. The sofa bed actually turned quite comfortable.I room facing street I could hear traffic day, never loud enough disturb sleep. I think vast majority people tolerate it. The location also quite good - 5 minute walk Limehouse DLR station.The free continental breakfast typical Holiday Inn express quite satisfying. It included bread, cereal, fresh canned fruits, juice, milk, pastries, yogurts. Everything refilled quite promptly.",0.1612142857142857,0.6094285714285714,Jun 28 2006
51,51,"An enjoyable stay Limehouse clean, rooms great size, towles replaced daily, buffet breakfast. When first arrived, feeling jetlagged, staff friendly. A couple seemed put asking questions. But staff absolutley fantastic willing help. We real complaints anything. The minutes walk Limehouse Station easy enough find. We would stay without hesitation.",0.25166666666666665,0.5377777777777778,May 25 2006
52,52,"good value money Very nice hotel..The bedrooms clean comfortable. I stayed bedroom facing road hear traffic I slept well. The Hotel small bar go ther restaurant/bar. Staff hospitable, polite professional. The room rate includes free continental breakfast. The station min walk away getting city easy. Very well worth money spent",0.23460317460317456,0.4737301587301586,Apr 22 2006
53,53,"Great value money I stayed times always pleasant comfortable stay. Staff always friendly polite. The double rooms fairly spacious usually include sofa bed. They always clean, modern although rooms look busy road relatively quiet. The online weekend room rates 70GBP include breakfast basic consisting cereal, toast, yoghurts pastrys. The also secure car park 5GBP 24 hours, great I leave car I travel Central London. The slight disadvantage location nearest station DLR station I think one bus runs front hotel. Also much evening around immediate Limehouse area looking lively bars restaurants travel either Shoreditch - 15 mins away go Central London. Despite I recommend short stays London would use again.",0.20021349862258955,0.4659848484848484,Apr 17 2006
54,54,"Fantastic staff We recently stayed close wedding location. Flying early I impressed staff advised us rooms ready early check 2pm. A fantastic guy I cannot remember name gave us coffee sorted rooms us. Later guy helped us directions local tourist attractions even took time booking rooms us Scotland fantastic rates. The affordable clean. Im friend breakfast man breakfast im used free.Will back again, well worth money",0.25177777777777777,0.45733333333333337,Apr 12 2006
55,55,"Very Nice Indeed Well stayed 2 days early March 2006 girl friend. Firstly one major criticism, thatâs staff. Granted I think I saw reception staff twice stay didnât breakfast either day day arriving reception sent us wrong room â without setting key cards properly also. So anyway messing 20 minutes finally got room find someone else it! To say shocked under-statement. Well little conversation reception sorted. There attitude lack organisation shocked â manager onsite discuss gone writing head office.The fact I scored 4 tells something above. It would quiet easily five hadnât happened.I normally wouldnât pay Â£50 night London short notice; normally I would pay Â£10 less, stayed lot poor hotels London price range. LimeHouse price good. The room big, pretty much website. The rooms big, generally sofa corner room. The TV nice big received 10+ channels option pay channels. I cannot comment food I never ate seems lot custom coming breakfasts morning. The shower great en-suit facilities good. All room great. There also good bar seated area good place chill awhile. From staying London I compare hotels Iâm afraid price range I pressed find anything close it.The Docklands 5 minutes LimeHouse station, connects central London via DLR; normally takes 10 minutes, London link Tube network. There quiet a-few shops around places eat.If booking make sure check best rates I found major differences rates different comparison sites.To sum up, reception double check room number make sure know key card works setting room, also key card works room lighting. If get room well I imagine great stay I hope do.",0.17242907801418442,0.5696335697399527,Mar 21 2006
56,56,Cheap Price bit way All Express Holiday Inn pretty much inside.Modern Basic always clean.Continental Breakfast.I would stay town us travelling central london ended costing us fortune taxis.Its ideal Canary Wharf.,0.25,0.4857142857142857,Jan 20 2006
57,57,Great Hotel,0.8,0.75,Jan 12 2006
58,58,Loved It! Will stay,0.875,0.8,Jan 6 2006
59,59,Fantastic vacation,0.4,0.9,Jan 4 2006
60,60,Good price,0.7,0.6000000000000001,Nov 21 2005
61,61,Very noisy,0.2,0.3,Apr 17 2005
62,62,Noisey...,0.0,0.0,Jan 8 2005
63,63,excellent value money,1.0,1.0,Nov 9 2004
64,64,absolutely fine - good value,0.5583333333333333,0.55,Oct 11 2004
65,65,Very Nice,0.78,1.0,May 30 2004
66,66,Hotel Hell!,0.0,0.0,May 2 2004
67,67,Guter Kompromiss zwischen Lage zum Zentrum und Preis,0.0,0.0,Nov 16 2009
68,68,buona sistemazione,0.0,0.0,Sep 6 2009
69,69,De lujo calidad precio genial,0.0,0.0,Jun 4 2009
70,70,un pÃ² fuori mano molto sopra la media centro londra,0.0,0.0,May 30 2009
71,71,Das Hotel und Personal - o.k.,0.0,0.3,Mar 29 2009
72,72,Nettes Hotel mit ein paar Macken,0.0,0.0,Jan 17 2009
73,73,un rapport qualitÃ©-prix exceptionnel,0.0,0.0,Jan 7 2009
74,74,3 fÃ¼r 2 - unschlagbares Preis/LeistungsverhÃ¤ltnis,0.0,0.0,Oct 5 2008
75,75,Super,0.3333333333333333,0.6666666666666666,Sep 9 2008
76,76,Buena elecciÃ³n,0.0,0.0,Aug 26 2008
77,77,Buen bien situado,0.0,0.0,Mar 12 2008
78,78,Grupo de amigas nos gustÃ³ mucho,0.0,0.0,Jan 28 2008
79,79,ci aspettavamo di piu',0.0,0.0,Oct 13 2007
80,80,Esta muy bien en relaciÃ³n calidad-precio,0.0,0.0,Jun 22 2007
81,81,Excellent rapport qualitÃ©-prix !,1.0,1.0,Feb 16 2007
82,82,Ideal fÃ¼r einen London-Trip!,1.0,1.0,Jul 7 2006
