,Unnamed: 0,Reviews,polarity,subject,Dates_extracted
0,0,"Good enough price This great location,just two minutes walk Monument tube station. The rooms decent size,very clean decent facilities. The lobby nice,with free tea coffee,and ovber free mineral water dispensers. A niggles,no hot water first night walls thin,you hear people next rooms chatting also loud boilers kicking every time someone uses hot water (when working) Overall though,I would use place again,very central good quality price paid (Â£95 night room)",0.2544444444444444,0.5425925925925925,Nov 8 2009
1,1,Very pleased This good business people couples vacation. The staff helpful friendly. I satisfied everything. The adjacent Bangalore Indian restaurant good reasonable.,0.5564285714285714,0.7085714285714285,Oct 20 2009
2,2,"VERY NICE HOTEL IN GREAT LOCATION This great hotel, It perfect location, close subway tower london. Nice market next door nice pizza Place. The staff nice check needs. The best part little Water bottles pick fill day. AND IT IS FREE! There bar Minors allowed. But otherwise nice hotel.",0.5732692307692309,0.7769230769230769,Oct 8 2009
3,3,"Great people ages I travelled fiance parents, two brothers two nephews aged 6 2 half months.Hotel immaculate safe (you use room key make likft move!)Each floor water dispenser bottles could fill use day.We travelled London wedding stayed one night would definately recommend.",0.19722222222222227,0.6611111111111111,Oct 8 2009
4,4,"VERY PLEASANT STAY I'm US, midwest. As others noted, place looking weekend nightlife. However, close attractions transport, reasonable rates, good amenities, gracious staff. Couldn't happier. With due diligence find pub weekend within walking distance - try Chamerlins, near Tower. My beef ironing board. Small room, London, all. Starbucks street - important, places serve - ugh - Nescafe.",0.23827777777777776,0.6343888888888889,Oct 5 2009
5,5,"Not weekend suitable Stayed recently Sunday night - ever !The OK - rooms fine small, small bathroom, view aircon. BUT, big issue city London shuts weekend bars restaurants near open. All shut - even Wetherspoons next door great week. The local Tescos Pizza Express also closed - need walk Tower Bridge Holborn life.At Â£130 odd inc VAT corporate rate Sunday - total rip - spend money central splash money tube Monday morning - worth every penny.",0.09181286549707603,0.33099415204678356,Sep 21 2009
6,6,"Good alternative This perfect alternative standard city break London. Obviously aimed business end market Club Quarters Gracechurch manages offer affordable comfortable accomodation prime location.The accomodation booked part birthday present partner. The found easilly ina central location excellent part London. Check quick easy help reception staff.Our room high floor away elevator. The decor could pick up, dark green's take back 70's accomodation's modern comfortable. We booked deluxe room kitchenette great alternative going food. There M&amp;S Tesco across road due located heart city closed weekend.A nice touch free bottled water free ice buckets really worthwhile.We took advantage late check Sunday really enjoyed stay Club Quarters Gracechurch.",0.27891025641025646,0.5432051282051282,Sep 2 2009
7,7,"Great clean simple good location low price A lot people say nothing open area w/end. well heart business district that's sure going quite obvious.. however already know area grab map find great places lively open weekend &lt;5 mins walk. head south london bridge area head north spitelfields. much history around area, grab book read up. otherwise walk past jack rippers old boozer without knowing completely miss lively market hidden side street. I love area London, shame many people miss tourist.Anyway - hotel. mins walk bank liverpool street incredibly central located next door weatherspoons pub open Saturday. much self service. If prepay lastminute et.al pop card machine reception print room number spit couple door key cards. cool what! need even go reception. nifty cold water machine bottles hall outside room simple tea/coffee facilities room. mini bar restaurant. deliveries available steakhouse next door Â£2.50 room I dont think open sunday. The room actually quite large, decent en-suite nice shower, tv, bed, window, lights.. stuff get basic hotel. clean (never saw cleaners though?) tided us whilst fresh towels.Checkout simple via machine - want leave left luggage receptionist lock bag secure room check voucher collection safe laptops etc.We thrilled found place. super cheap excellent facilities. There people complain lack service would prefer, rubbish service service? These guys work theory simple service, cant offer good service bother trying all. Works leisure, business traveller. Will certainly stay again. great find. know London, grab free map reception, boot laptop use free wi-fi bit research area. Its amazing side London fantastic history lot life w/ends know look ;-)",0.22190590428090431,0.5196984126984128,Aug 30 2009
8,8,"A lovely isolated Stayed whilst London see show. We impressed room (a 'Superior' rather standard room). It spotlessly clean, bed comfortable nice bright (with view 'Gherkin' building!). However, City, 6pm shops closed evening pubs closed weekend. On sunday, nowhere go breakfast used hotels facilites. Went Full English although nice expensive Â£13.50 per person (I think Continental Â£9). We definitely use Club Quarters chain again, particular hotel, ended paying less previously payed London Travelodges much smarter.",0.24710526315789474,0.5303508771929824,Aug 28 2009
9,9,"par hotels chain I previously stayed Club Quarters hotels Chicago Boston found clean, comfortable, entirely accommodating, no-frills business hotels. So I expecting recent trip London quite disappointed .To fair Iâll start positive: - excellent location working City week - quiet room - comfortable bed &amp; pillows - inexpensive (for London anyway)However, negatives bit much me: - room well cleaned either arrival week long stay, particular carpet looked like hadnât seen vacuum cleaner - closet, wardrobe, device hanging clothes room, I find particularly unacceptable business hotel; I ended hanging suits shirts hooks bathroom - room quite dark, interior small window facing alleyIâll staying elsewhere future trips London.",0.08705533596837946,0.4755270092226615,Aug 6 2009
10,10,"Good location coming Liverpool St. Station. Clean quite spacious accommodation. We spent 3 nights triple room. Good points location-7minutes liverpool st. station, good sized room fridge (not working!), microwave dishes etc, water chiller bottles hallway ice machine ground floor. Pub good food next door minutes walk London Bridge, also near 2 tube stations. Yes quiet weekends arrived back late evening big breakfast eaters anyway. You check machine occasions staff came help us without us asking complaints there!Bad points-our booking direct club rooms ex. vat added another %15 room price. Also 3rd bed room camp bed comfortable. Other found place ok-not luxurious clean handy needs!",0.18897435897435896,0.4361858974358975,Jul 15 2009
11,11,"Charming isolated weekends When I booked this, concern mine I knew area London closed weekends. The room small charming, beautiful part London, apart vending machines filled sweets crisps menu order service way get purchase food hotel. Which little frustrating next day nearby coffee shops closed Saturday late Friday night walk quite distance spend quite bit time morning got breakfast. The rooms clean lovely area walk around, particularly christmas, suited business trips mid-week trips.",0.1817708333333333,0.5723958333333333,Jul 9 2009
12,12,"Not bad interesting location We stayed one night went London show. Got Hotwire USD 100 showing 4-star. This located financial district London, means quiet weekends. Great relaxing, bad want shop eat close by. Room usual British size (small) featured UK double bed. I kept waking night thinking partner going roll bed! There microwave mini-fridge room, well desk small drawer stack. There decent sized closet hard get door open little clearance open door bed. Same situation bathroom door. Nice walk-in shower, big enough two. The sink tap room seem cold water, shower OK. Toiletries decent, ask towels since enough one person room arrived. Bed linens usual- duvet. The breakfast room service, well in-room internet use them. We would stay another short visit I think anything longer night two would feel cramped. I understand usually corporate membership getting room normal sites always possible, weekends get Hotwire.",0.028360215053763443,0.48198924731182796,Jul 9 2009
13,13,"Avoid weekends I staying work days. I wanted spend weekend London husband, &quot;members only&quot; ?70 rate (actually anyone book it) booked Saturday night save moving hotel. We wished hadn't! All staff serious attitude problem. There always queue reception weekend, embarrassing treated customers. There breakfast available Sunday, seen everything closed Saturday evening asked could go nearby. We irritably told turn left hotel. Yes - lots cafe's, closed. The place anywhere nearby Sainsbury, bought croissants, turned stale. Walk Tower bridge breakfast instead.The Wireless extremely slow.There safe room. Ridiculous business hotel. I go ridiculously convoluted process receptionist (after standing queue) put laptop locker, usual sighs tsks inconvenience them!We wanted print husband's boarding card - took 1/2 hour sort out! To get printout told: take lift go 2 floors. Except meant get lift press C! Work get attitude.There fridge room either. The pros room size bad central London, conveniently walking distance office clean.There check machine (like airline check machine) pay bill get receipt. I use I wanted two bills - one Saturday another work rest booking, I able get. And got nasty surprise ?70 quoted rate also ex vat!",-0.15416666666666665,0.4921957671957672,Jun 18 2009
14,14,"It works London. This good deal, especially get membership price rooms. Depending need go around London business traveler, City may may work location. It certainly really work many tourists I noticed decided stay Club Quarters -- area completely shut weekend -- convenient like pop buy snacks toiletries. Although get Underground easily enough visit sights.The hallways narrow disturbing musty smell them. But least room I size closet let surprising amount light. The bed also comfortable enough sleeping, clean. The bathroom's plumbing however, bit smell it! All all, average hotel. But London expensive place, far worst options go for.",0.03650037792894937,0.5890098261526833,Jun 14 2009
15,15,"Useful London choice reasonable price Chose stay 1 Saturday night due proximity wedding attending central London. This accommodation heart City got good weekend rate (Â£95) mostly used business clients. As result however, majority restaurants, bars shops closed weekends making bit ghost town. We struggled find anywhere eat dinner, particularly since restaurant closed renovations, ended going across river eat Pizza Express. There huge Wetherspoons next door (in beautiful building!) quiet enjoyed couple drinks there. I like using Club Quarters business quick weekend stays, invariablyy clean, functional, fairly identical rooms, good idea getting expect. This Gracechurch branch exception. Easy check using self service machines - pop credit card booking details room key popped go. Room double bed, small functional bathroom, small wardrobe area, TV, desk. Chilled water available corridors floor, tea/coffee available reception downstairs. As place stay, nothing particularly special romantic, clean, quiet comfortable, easy location close Bank station. We room 8-10 hours max (including sleeping time!) exactly said tin us! Wireless internet available free great. For travellers looking clean easy stay heart London reasonable price, fine recommended. I bleieve fitness area basement restaurant usually open (unfort stay)",0.2722270615563299,0.5389372822299653,Jun 8 2009
16,16,"Great location great accomodation It cannot beaten meetings city - doorstep everything near Liverpool St, Moorgate Bank. The rooms teeny tiny, bathrooms even smaller decor old, dark depressing. Clean functional though. Probably would stay price, failing finding newer, date property...",0.17424242424242428,0.5545454545454546,May 19 2009
17,17,"Business I would recommend anyway every traveler wants enjoy london. The located city far restaurants pubs, good place sleep good deals weekend, business guests gone. The big, rooms really small, shower bit basic. Anyway, location perfect discover city using metro...",0.31666666666666665,0.49166666666666675,May 19 2009
18,18,"Good short business trip I stayed short business trip City. Club Quarters perfect this. Check-in check-out ultra-quick automated, stayed before, based credit card. It's bit like withdrawing cash ATM. The rooms basic, real frills, necessities (TV, broadband). A interesting things caught first stay : iron room get iron ironing board room end corridor (literally) 20-30 irons it. No water room, fill bottles water fountain outside lift.The room service I ordered (not delivery service) quick tasty, bed comfy. Bathroom pretty basic, again, necessities there.This Club Quarters right middle City, great busienss, area reasonably buzzing week. But would ghost town weekend....when I believe excellent deals offer.....they'd need good, need get city see anything weekend.So ideal cheap busienss accomodation City cost-concious times. But definitely somewhere romantic weekend!",0.30079365079365084,0.48829365079365067,Apr 28 2009
19,19,"Small high-quality My husband I stayed in-laws (separate rooms) 7 days seeing London surrounding areas. Arrived 9:00am overnight flight. We able leave bags could check-in noon.Clean, quality rooms. Very quiet night, since business district. Very close Monument Bank Tube Stations...only minutes West End.We'd definitely stay",0.09,0.45166666666666666,Apr 23 2009
20,20,"Tired - apathetic staff I've stayed Club Quarters found great value. This not. The rooms dated worn out. They decorated best described early 80's Holiday Inn. The theromstat room clicked constantly, capable holding constant temperature.The business center suffered flood. Instead helping guests business needs, front desk staff simply shrugged shoulders said &quot;you'll need wait ready.&quot; When asked good place get dinner, hotel, staff simply said &quot;I think there's place near here.&quot; All-in-all, I'd pay extra $50 night stay someplace bit nicer staff care guests.",0.14500000000000002,0.38039682539682534,Apr 1 2009
21,21,"Comfertable clean modern! Stayed 21st march one night great. The location good 5mins liverpool street station get tube. Alot shops shut weekend early area buisness district. The clean recently refurbished everything high standard. There iscomplimentry tea,coffee water available downstairs. All great stay would definatley stay return London.",0.3117948717948718,0.5000000000000001,Mar 23 2009
22,22,Dated And Drab This poor every department. The check experience appalling room really really grim. The bathroom horrendous horrible shower curtain shower dribbled water. The night I stayed miserable wet night I swear room smelt damp.the saving grace (pardon pun) location fact 2 minutes walk Bank tube station.I never stay I help,-0.49625,0.885,Mar 3 2009
23,23,"Lost Nintendo DS! Well, terrible probably one reason, good generally. The room cold (had corner room two large windows), bathroom like fridge. Even heating get warm. The also seems associated Deliverance take away food. We back late decided give go, went chinese. Firstly, brought order one plate set cutlery, I asked cutlery, I told run could get another plate! I declined set tuck in. The food nothing write home about, salty. The egg fried rice dry hard. All all, good value money all. Unfortunately I left nintendo ds shelf, behind books. Having checked yesterday I called today - one checked room today. After numerous calls, grumpy occupant room, staff rather stupidly asked occupant look DS! Anyway, current occupant claims there, people room presumably cleaners. Without pointing finger either party, draw conclusions......I going back above!",-0.04729242979242979,0.49874847374847364,Feb 16 2009
24,24,"Great Location Stayed 4 nights Xmas New Years 2009. Location quiet, sirens, street noise, I enjoyed. Not much around weekend 5 10 minute walk touristy areas lot open. 2 minute walk underground 5 minute walk Thames London Bridge. So, location great me. The rooms comfortable shower superb. Bathrooms big, big enough get job done. Some London Hotels still understand shower supposed work. Like tourist city, need shop around food drink find best place nearby. I would recommend Hotel want middle Tourist area access easy. Value money good, opinion, especially considering alternatives.",0.32692760942760946,0.5357154882154882,Jan 30 2009
25,25,"Comfortable convenient This membership-usually location became available last minute Orbitz I canceled reservation another London hotel. This comfortable convenient location business City. The reception staff courteous helpful. The room well appointed free high speed internet connection. There many weekend restaurants area, plenty week. Overall average place stay business.",0.1890909090909091,0.5096969696969696,Jan 19 2009
26,26,"Ideal business; suitable holiday! This venue quite clearly aimed business travellers. It's great location City, automated check-in helpful staff mean get room minimum fuss, check manner morning.The rooms great single person business - good desk, nice (but luxurious) bathroom, nice touch device lets play ipod radio. It's little bit tired old, really matter much, location speed checking make it.There reason stay part London work/business.",0.21293067226890758,0.5585364145658263,Dec 29 2008
27,27,"Solid choice small flaws Spent 5 nights enjoyed stay.The well located - close many bus routes, train stations (Fenchurch St, London Bridge) Tube/DLR (Bank) many within easy reach (such Moorgate Liverpool Street). Perfect business city, surrounding parts east London. Weekend guests note lots stores/restaurants etc vicinity closed Saturday/Sunday due majority companies area closed - still easy get public transport busier parts London.My room rear second floor compact, still perfectly spacious reasonable bathroom, walk shower. The thing missing somewhere put luggage (a stand etc) help unpack, I thought strange omission - in-room safe, I thought hotels level would have.Staff seemed quite friendly, although need interact wish - automated check-in check-out via terminals lobby breeze.Minor problems terms finish (lots little scratches wear tear seen room corridors), heating (which seemed quite hard make give consistent temperature) rather &quot;laid back&quot; attitude desk staff final night stay internet went entire evening. While I appreciate charge directly service - market business hotel! No attempt service recovery, gesture apologise. The reply simply &quot;it's expected back&quot;. I felt little let down, thought small gesture made - even genuine apology.Also surprising single sachet coffee left guests use, lack spoon (nothing plastic stirrers). Seems little cheap nasty aiming business clientÃ¨le.The good outweighed bad City Quarters - small flaws let property down. It much potential great bolt-hole need City London, needs make push bring together.",0.11098809523809523,0.47759523809523813,Dec 20 2008
28,28,"Great . . . .better find deal The Club Quarters sits super spot opposite Leadenhall Market around 5mins walk Bank - heart London City. You're surrounded London's magnificent architecture, well alleyways pubs steeped history.Check unique; although receptionist, check computer using card/booking reference. The lobby area features relaxing lounge huge ceiling, enjoy free coffee tea.As rooms, well I understand renovated, business-like appearance, dark woods large beds, air con nice TV, tea&amp;coffee facilities. Bathroom little small, smart amenities too.Breakfast basement, cute unusually chic bar - expensive though others said, prepared that! However, I liked choice certainly different!A great find, especially track good rate.",0.2978968253968253,0.6756507936507937,Dec 16 2008
29,29,"enjoyed stay stayed three nights club quarters gracechurch, booked orbitz. got midnight first night, receptionist friendly hospitable, gave room 4th floor. complaints room, clean king bed, desk, good modern bathroom. excellent decor. must one better rooms. free wifi, great. suited business travelers, close proximity tube made rest london easily accessible. tower london tower bridge walkable. pub next door get bit rowdy, standard chain fare. much area, plenty stuff closed weekend there. staff always friendly, free chilled water nice plus. thought good value heart london, enjoyed stay here.",0.41150793650793654,0.5218253968253967,Nov 23 2008
30,30,"Not great weekend destination We stayed two nights, arriving midnight first night. Check automated, even need talk front desk. Upon getting room, problems toilet phone work trying call front desk, trudged back downstairs. Someone sent promptly help. Otherwise, room bed small. The t.v. remote work either, watch lot t.v. The location extremely dead weekends; restaurant closed 6 Saturday &quot;staff meeting&quot; told, restaurant next door also closing waked 6. There pubs Liverpool station, 24x7 McDonald's. Proximity Tube good, five minute walk so. Would probably stay unless price REALLY right.",-0.014512471655328802,0.336281179138322,Nov 12 2008
31,31,"Good Value/ Excellent Service Stayed Gracechurch city really loved it. The location great business leisure. Close river Thames, London bridge Tower bridge. The rooms comfortable good facilities available premises. Free internet access filtered water. Staff also excellent especially night staff Zeb really helpful. Will stay again.",0.5727272727272728,0.7227272727272728,Oct 25 2008
32,32,"staying 2 nights thank god. As already mentioned place old dull. Rooms OK basic. tired bathroom (not improved dirty wet facecloth black paint white curtains!! ) book aware include breakfast (continental Â£8.50 english Â£13.50 ) I ordered english put I watched chef lick fingers pick food grill. . Had dinner restaurant food fine somewhat overpriced. pity ,as well situated regular visitors city. sorry I wont back.Dougie, Edinburgh",-0.038425925925925926,0.3880698005698006,Oct 21 2008
33,33,"Great weekend rates Good rates hotwire. Clean neat. As mentioned, much around close enough bus tube. If going sightseeing weekend, cant beat price. Free water bottles saves money too.",0.3611111111111111,0.5916666666666668,Aug 14 2008
34,34,"A Professional Stay Club Quarters I book two us two nights London fairly late notice saw Club Quarters Â£80 night - stayed night NYC Wall Street location decided price (relatively) competetive good experience last time. They targetted businessperson tourist hotels, previous one suited us well. Wanted touristy things weekend head interview Monday morning. The room fine (if touch old fashioned mentioned below, tired looking), clean tidy, bed really comfortable (what need wandering streets London warm weather) bathroom adequate, bath though. Regular tv sat. channels PPV movies.A/C worked well though little noisy, enough stop us sleeping really light sleeper might trouble.Liked cold water dispeners free plastic bottles floor, especially outside 28C.Ate Gaucho Restaurant one night although prices little high, Argentinian beef steaks great (as idea paid Â£35 two mains beer each).The staff excellent, barman Lounge nice particular.The location fine - although things area visitors short walk Monument Bank tube stations get round city.Although stay mostly fine gripes:*The A/C mentioned above.*The room got almost natural light.*It might room, odd locking mechanism door meant door shut slowly pulled shut faster tended slam loudly. Something guests neighbouring room 11pm 1am first night.",0.1339430894308943,0.4887054409005628,Aug 4 2008
35,35,"Old dull Spent 2 nights hotel. The bedroom quite dark furniture looks old. The bathroom small, actually bath, shower white plastic curtain. The room clean excpect much price. Guess convenaint business men coming city. The city weekend dead city, everything shut, quite conveniant get central london, apart fact connexion Bank Monument stations closed, walk bit get bank station.The quite rest TV rubbish, big old TV without satellite aprt CNN. There mini bar neither....",0.027941176470588233,0.27352941176470585,Jul 29 2008
36,36,"Above average London This well located main business finance district though would get tube go many tourist site.However, clean well kept (although rooms modern).The bathroom good shower excellent, although bath tub.The room service options incuded use local (and good) takeaway firm whihc nice.Beds comfy.The lobby high tech guests expected check using touch screen displays. This works fine little disconcerting first time.For central London price paid one night (Â£107 ex tax) good value money.The slight downside two coffee sachets towels two could issue.",0.2053533333333333,0.5142133333333333,Jul 24 2008
37,37,"Only heavy sleepers - noisy aircondition We stayed double room saturday sunday, paid $150 hotwire (this excl. breakfast). We chose area arrived Liverpool street station Stansted wanted nearby. As many already said here, shops area closed weekends.The situated short walk (3-4 min) underground &quot;The bank&quot;. &quot;monument&quot; also closeby (maybe even closer). The standard quite good, one significant drawback. The airconditioning room noisy. As seemingly impossible turn off, called reception sent member staff look it. Even surprised acknowledged impossible turn off, agreed noisy offered us new room. Arriving room midnight quickly accepted new room clearly wasen't loud former. However, jumping bed obvious annoying sound still (but far less obvious previous room). The airconditioning room bathroom (instead main room first case) thus sound lower. Still quite unbelievable way remove annoying sound want sleep. Even though standard price allright, I would never stay again. After all, main function hotelroom provide good night sleep - possible hotel.The room offered also turned refrigerator, opposed previous room. As room-change quite inconvenient us arrived midnight I must say I bit disappointed offer type compensation. If offering good servicelevel important them, offered us free breakfast following morning.All bad except devestating flaw...It's worth noting I always use earplugs staying hotels - still noise made difficult sleep...",0.044277885235332055,0.5358317214700195,Jul 15 2008
38,38,"Was OK nothing special I spent 2 nights Clubquarter's Gracechurch St, last weekend. The location perfect I function attend area. However, office area, warned, majority shops closed Saturday!Our room clean, spacious double glazing completely blocked noise busy street outside.Even though 2 people reservation, provided 1 bath towel 1 set toiletries. However, call reception soon sorted out.We woken 6am alarm going next room. After waiting mins, realised room vacant. Again call reception someone came switched off. We &quot;Do disturb&quot; sign door could hear staff hoovering etc, aroud 10. We left 11, returned 3.30. However, room still cleaned. Onto reception again, said clean 3pm. I explained left room vacant 4 hours, ensured serviced. Finally, I asked someone could least come empty bin, replace toilet roll give us toiletries (we would use towels again). After lot mumbling, agreed. When got back later, done this, replaced towels, bother making bed!! Location good need go London Bridge / St Pauls/ Liverpool StThe Burrough Market across London bridge, Spittafields Market towards Liverpool St. These open Sat. Also closeby Tate Gallery Clink Prison, London Dungeon Shakespeare Globe.",0.10428571428571427,0.3615238095238095,Jul 1 2008
39,39,"Great City London location good value business travel This first stay particular Club Quarters (I've also stayed Northumberland Avenue location) agree general thrust reviews. It fantastic location business related stays City London can't really beat price compared value services (including free internet usually costing 10 - 15 GBP per night hotels). The area quiet night weekend. It convenient Monument Tuge stop travel elsewhere London. The rooms decent sized London standards modern appointments... sure carpet green looks decade. Not huge number rooms view compared Northumberland location (where see Parliament / Big Ben, Admiralty Arch, etc) good location meetings part City.",0.18166666666666664,0.49527777777777776,Jun 24 2008
40,40,"Noisy No Frills ... Hmm okay spent two nights work. Can't beat price City I suppose I can't complain much certainly get pay for. The room looked like something seventies: green carpets walls dark wood (!) dated tad scruffy. Bathroom size cupboard reminded Prisoner Cell Block H. Yes cold water dispenser near elevator yes 'amenities cupboard' corridor however room anywhere near entrance corridor/lifts mine was, awake midnight eveyone walking past slamming doors. Worst two nights sleep I've ages great business hotel.",-0.02967032967032967,0.5285714285714286,May 14 2008
41,41,"Good City London Location Rooms ok This Hotel located heart City London. It ideal City business want stay close Tower London, St Pauls etc quite way West End - bad thing truth.As business focussed weekend rates competitive get much bigger room tiny Paddington similar.The room fitted modern TV, laptop ports etc good shower facilities makes good stay. The internal rooms (i.e. view) little claustrophobic request window room possible.The showing age wee bit could revamp. I stayed 4 years ago well time nothing really changed except reception staff become quite incompetent unable understand simple requests. Welcome London!!!!! This unusual however one finds occuring bars, restaurants service establishments London since influx workers EU expansion.Next door Grauchos, excellent steak restaurant. Liverpool street Bank stations close handy getting about.The superior rooms / suite rooms ok good fold bed - much better expected actually.",0.28870689655172416,0.5524302134646962,May 7 2008
42,42,Just needed Great boutique close multiple Tube stops sights. We loved provided drinking water taps plastic bottles right elevator. We also found staff friendly helpful. They also mind us sitting lobby going tourist guidebooks checked out. We change rooms asked king bed got two smaller beds instead. But staff gave us another room problems.,0.2961734693877552,0.4765306122448979,Apr 21 2008
43,43,"Return visit good first 2 times!! This third stay Gracechurch location. I find Club Quarters brand excellent choice. (I also stayed location San Francisco, USA).Prices excellent weekend, tend higher rooms available week. I find rooms spacious well appointed compared hotels class UK Europe. The beds extremely comfortable. The drawback nationwide obsession instant coffee. How I wished pot American drip brew. Tea next best thing. Each room given outside direct line callers need go switchboard. Free internet also provided - (bring laptop use computer business centre lower level) - good way keep eye Canada I away. There excellent pub next door (although limited weekend hours). This located London's Financial District pretty deserted night weekend, fear not, I found security concerns area. The closest Tube station (Monument Station) 2 blocks south links city well. Night buses also service area. I'd stay minute wish locations around world.",0.3355070153061224,0.4845663265306123,Apr 3 2008
44,44,"quiet central We returned 2 night stay hotel. It right heart City, Monument station. As others said area completely shuts weekend, means lovely quiet start day. We took 10min walk Thames Tower London got 9.30am, place almost empty!Our room double bed &amp; double sofa bed daughter. The room microwave, hob, fridge, kettle assorted plates &amp; cutlery including bottle opener. The cupboard hallway extra sachets tea, coffee &amp; milk etc. The automated check &amp; worked well need wait front desk. Overall pleasant stay adequate cost earth.",0.1797732426303855,0.3446145124716553,Feb 23 2008
45,45,"Okay business Location:Located centrally business district, The City. This area dead weekends people work there. I would recommend location unless working there.Room:A bit dated interior, room clean. I like wall wall carpet, looked old dirty. The bathroom okay, also dated. The size small, London I think quite normal.View:No view I put room facing wall. On hand, traffic noise.Service:Friendly staff check helped use automatic check service. However little knowledge area dine looking certain type food.",0.06295787545787548,0.5151098901098902,Jan 16 2008
46,46,"A Solid Choice We stayed Club Quarters Gracechurch London big Led Zeppelin reunion. We arrived Saturday, left Tuesday afternoon. It's true, area quite dead weekends, came alive first thing Monday morning. The property clean, staff nice, location nicely situated near Tube. I certainly would recommend intend spend alot time room, much using everything offer. For us, though, others take &quot;leave morning, return late evening&quot; approach travel, CQ excellent, excellent choice.",0.27818452380952385,0.5452976190476191,Jan 7 2008
47,47,"Microwave Refrigerator APLUS+++ Arrived Boxing Day 2007 around noon checked without problems. The receptionist helpful friendly. We given room 5th floor microwave refrigerator. The microwave came handy warmup food late evening snacks. As previous reviews, walk block Mark Spencers buy food lower level. NOT ALL ROOMS HAVE THESE APPLIANCES. Our traveling companions saw room asked switch room microwave refrigerator.Our room large enough 4 people move around comfortably. All equipment worked. Room hotel's public areas clean. We use fitness room business center.For cheap meal, went next door pub burger, fries, beer. All meals reasonable. Pub opens 9 breakfast.CQ Gracechurch good place stay. Convenient tubes, busses, shopping. Staff friendly helpful. Hotel clean quiet. Coffee, tea, hot water available 24/7 lobby. Room rates reasonable London.I give APLUS!",0.2048791486291486,0.5069552669552669,Jan 5 2008
48,48,"Good value money! I booked 3 rooms ClubQuarters 6 people last minute website name I paid, although blurb sounded good, still risk knowing going. Turns place good find.ClubQuarters business district probably full business types week, stay Saturday night pretty quiet.When I booked room site offered doubles, I rang changed booking 3 twin rooms. This something got 33% correct, one rooms twin. As girls one night mind sharing - case room bed enormous, went bed realised fact two singles pushed together made double, great friend I, may great couple I would scared falling middle.My room reasonable size, nicely decorated clean, tea coffee (but biscuits!), coffee standards (Nescafe instant) I accept I super fussy comes caffeine. One rooms friends tea coffee kettle! There free coffee machine lobby downstairs.I impressed room little bookshelf small choice books - Sherlock Holmes, novel called London, dictionary couple others. Room laptop, small TV, fantastic shower, CD player/alarm clock, view brick wall window...The 2 check desks could bit bottle neck peak times, could check self service machine. There pub next hotel, closed 7pm Saturday, assume main source business week time work. Monument tube station 2 minute walk away. There also abundance week day shops around, including House Fraser. There cash point opposite hotel, handy. We going walk Spitalfields Market checked - would 10/15 minute walk, luggage jumped taxi - Â£4! Finally - gym anda couple restaurants I see could used. Oh, come lift pn floor chilled filtered water machine empty bottles use - I impressed hotels offer mini bar bottles water therein costing Â£3! I'd stay - staying one night London, need nice clean safe plae lay head - perfect.",0.28143518518518523,0.6755291005291004,Nov 11 2007
49,49,"Really great Stayed long weekend October, I say great place. We usually pay Â£70 - Â£90 per night London, definitely one best stayed within price range.Location great, 2 minute walk Bank Monument stations, although bang square mile plenty bars restaurants within short walk. The room clean, complementary toiletries etc, kettle, TV, room service site restaurant available (though cheapest!). The shower AMAZING...so much took long time get every morning! There complementary tea coffee reception, fresh cold water machines end hallways empty bottles fill take like.You check machines, fine us..for prefer check desk desk manned 24/7. There Â£1 charge leave bags (per bag), however I feel unreasonable. The staff pleasant.",0.2984803921568627,0.5411764705882353,Oct 28 2007
50,50,"Lovely city My partner returned lovely weekend London. My partner found Lastminute secret hotel. After copying pasting description Google discovered Club Quarters Gracechurch street EC3. On leaving Bank tube station exit 4 5 minute walk along Cornhill turning right Gracechurch street located opposite Leadenhall market. On entering instantly feel like grand bank. The staff upon arrival friendly helpful. When reached 5th floor could see free water available cupboard guests help extra pillows, blankets, toiletries, iron, ironing board refreshment refills. The decor rooms smart standard would expect 4 star rated hotel, although little small side. The room clean tidy information guides handy informative. The view window disappointing looked building renovation. Noise came site weekend night. See picture provided.We arrived Friday area busy city workers shops open usual. On Saturday shops area closed streets quiet. On Sunday area deserted nothing open even pubs. We breakfast included deal used Cross Keys pub next door Saturday morning another stunning former financial building whetherspoons pub. The cost buffet breakfast approximately 13 pounds Gaucho Restaurant avoided due price. On Sunday Cross Keys closed would explore area find alternative breakfast dining willing pay high prices restaurant. On walking back nearby Brick Lane curry one night tried cocktail bar hotel. There 3-4 people bar, appeared brand new cowhide everywhere! The great location Tower London, walking distance exploring City area London. Overall enjoyed stay would reinforce weekend area quiet little open.",0.08770470664087686,0.46822234503085564,Sep 25 2007
51,51,"OK stay Gracechurch I wanted add reviews I read I think missing key point. We booked based Trip Advisor reviews stayed Saturday Sunday night. What mentioned reviews I read nothing open Saturday Sunday Financial District London. We arrived late Saturday tired 9 month old wanted relax get bite eat nearly nothing open nearby. Sans baby, conveniently located near Monument tube station hotbed activity week (we chance walk around Monday checking area lively). We wish would stayed area week chosen convenient location weekend.",0.044405594405594405,0.46153846153846156,Sep 19 2007
52,52,"Awesome location tourists. Amazinf price weekends. Loved it! Location, location, location! 7 mins walk Tower London Tower Bridge, 5 mins walk Monument Underground station! The rooms nothing spectacular, decent. There free wireless internet. Amazing value money! I would stay again.",0.6611111111111111,0.8777777777777779,Sep 12 2007
53,53,"Very Nice Hotel Got ridiculous deal hotels.com got stay wonderful two nights. It nice, although I'm sure I would pay regular price room. We loved fact got free bottled water - available across hall lifts. In nice neighborhood, especially want get away &quot;touristy&quot; areas. Still within easy walking distance St. Paul's Cathedral, financial district. We'd definitely stay could get deal!",0.3221428571428571,0.7356532356532357,Sep 4 2007
54,54,Very cheap London; Excellent Location; Just Perfect +:cheapexcellent location-:small roomscan booke weekendsThis definitely hidden gem every London tourist,0.4706666666666667,0.8486666666666667,Aug 30 2007
55,55,Good value Got really good deal lasminute.com Friday Saturday night - I guess much aimed businessmen offer cheap rates weekends. Room clean comfortable - decor masculine lived name club quarters. Actually pretty good location going Shoreditch. Hotel impersonal comfortable complaints really. As long going romantic weekend expecting friendly eccentricity I'd recommend.,0.36551282051282047,0.6192307692307693,Aug 8 2007
56,56,"A decent place stay. The rooms pleasant surprise large rooms European standards. In fact, probably largest European room Iâve ever stayed in. Being primarily business traveler oriented place, offers good amenities â business center free internet access, small work room, restaurant adjoining pub. It financial district however, evenings weekends quiet travel (tube bus stops nearby) get livelier parts London. Being primarily business traveler focused hotel, I noticed week night rates significantly higher weekend rates. As such, represents great value weekend stays.",0.23968253968253966,0.42473544973544974,Aug 5 2007
57,57,"Not that. This business trip.We arranged last minute '( week trip) booked superior/suite - book wasn't. We view brick wall dark. We staying one night put it.The room comfortable clean enough threadbare towels. We also one tea bag get receiption - small things small negatives mount up.Some receiption staff helpful, surly.Continental breakfast (Â£9.95) good though, good selection meats, cheeses, croissants, fruits restaurant breakfast dark (basement) funky animal print chairs.Overall - adequate stay - even business.",0.11821428571428572,0.5942857142857144,Jul 30 2007
58,58,"Fantastic Hotel London We stayed ClubQuarters three day weekend thought brilliant. We spacious room London standards sofa bed 7yo. It microwave, sink tea/coffee making facilities, bed comfy great value booked Eurostar tickets. Fab location touristy stuff, seeing show bit shopping. Only weird thing shower cause water pressure adjusted full difficult get temperature water right.",0.21696428571428572,0.8419642857142857,Jul 25 2007
59,59,"Highly commended We returned 3 night stay Club Quarters, London. Getting Brussels (via Eurostar) easy area well serviced many Tube stations, Monument probably closest Bank also close. The place located banking inancial district quiet London standards. The Tower London London Bridge road within easy walking distance Liverpool Station, shops prolific, road. Leicester square lengthy walk easy get Tube.We arrived way early room ready efficient staff checked us gave us room could dump luggage move on. The room far bigger expected, well appointed generally clean. Our room two TVs; comfortable bed, plenty storage; excellent mini-kitchen compared lot European hotels stayed in; nice little collection books London.Fairly minor gripes: The carpet could vacuumed better. The shower tap system ridiculous meant enormous water pressure used shower ventilation inadequate. The building lovely old solid place constructed stone. The lifts good. Free water dispensers (important London criminal prices extracted small bottle water) bottles available floor. The Lobby also nice welcoming, nice collection books, free internet access free coffee ea.I recommend great place; reasonable price extortionate standards London, nice building, great rooms, top location good staff.",0.28291343669250646,0.6328811369509044,Jul 25 2007
60,60,"Clean Spacious Rooms Just got back long weekend London stay Club Quarters Hotel. After reading reviews boyfriend I decided book location sounded good prices reasonable. Last time stayed hostel I would definitely recommend - get quality rooms much cost makes world difference getting good night's sleep.Our room clean - i'm quite fussy - spacious, bed kinda close window still room enough walk around plenty room luggage more. Wardrobe handy coathangers provided ensuite decent size large, quickly hot high pressured shower. Only grumble bathroom fan - course shower steamy moist. We air-con going room though hang around long. There absolutely view - expect any. Our window went alleyway full scaffolding net curtains really see - pain knowing weather like outside unless went close window looked bit sky let know still sunny started raining. Not huge deal though - esp since really spend day room London.Location superb - Monument one end street handy Circle/District Line. To get Bank Station turn left head hotel, take first left traffic lights get station end street. You can't miss since amazing buildings right it. Bank lot lines running - central get Oxford Circus Bond St - good weekend everywhere around closed. The Waterloo line fantastic need catch train Waterloo station - one stop Bank Waterloo. Important check last train running - recommended head tube 11pm miss last one running. Also keep eye ear closed lines - weekend terminating Mansion House walk back hotel. Luckily tube stations actually quite close together!Across road New Moon (in alley looks like Diagon Alley) great pub - full suits business people go work good place go drink. Closes 11pm though. So bar hotel. Important keep mind. We never ate restaurant packed Thursday night dinner everyone dressed nines looked like popular place eat.What I particularly liked chilled purified water elevator floor supplied plastic bottles could fill take you. It brilliant never worry bought bottled water. Each floor guest locker access ironing board iron needed - opposed supplied room itself. Free internet access small business centre room downstairs great. There free wireless rooms well bring laptops us use it. I found staff friendly helpful. Check-in breeze swipe card one two automated check-in areas entrance. The staff us happy help. We also stored luggage checked catching flight - costs 1 pound per item luggage reasonable - especially since two packs knew would safe secure. We great stay Club Quarters, would definitely recommend stay again.",0.2699875567266872,0.5688558462471507,Jul 23 2007
61,61,"Perfect theatre break We booked husbands 30th Birthday. We wanted good quality within reasonable distance West End without normal price tag. The business customers Mon - Fri yes shops bars etc shut weekend, however weatherspoon pub attached open till 1am friday night opens Sat morning get drink food good price arrive set tourist attractions. Because number group (8) cheaper grab taxi especially evening. aprrox Â£10 west end. There two underground station five min walk although make sure check last train times. The rooms Great, clean, spacious comfortable. Staff helpful. next london break I definatley booking again!",0.3829166666666667,0.6353472222222223,Jul 17 2007
62,62,"Above average London Stayed one night July 13 2007. Positives:Spacious room Large, incredibly comfortable bedEfficient air con Microwave fridge room Polite, friendly staff Free mineral water dispenser/bottles floor lifts Negatives:Poor shower temperature controlBleak hospitality trayToiletries 4* standard11am checkout - come guys, weekend! Not bad value Â£76, considering 2* hotels lastminute.com nerve charge Â£100 one night. However, stay somewhat marred idiots next door kept constantly going room BANGING!! door closed 7am onwards. The Wetherspoon downstairs excellent, cheap breakfast. With minor tweaks, could really something.",0.13370535714285714,0.44553571428571426,Jul 16 2007
63,63,"A differnt Location The concept old bank different. The checking quick, security good. Our room average, bit dull, Dark Green, could done brightening bit, spend little time room, much do, comfortable. Quite roomy London. The room clean, tea/coffee making facilities. Internet access free.For Breakfast, I think would done well get Sandwiches Marks Spencers road, Â£13.00 continental breakfast, goes long way towards take outs.I great stay differnt part London, city, really superb buildings look St. Pauls cathedral, River Thames within easy walking distance. I intended go West End, found area interesting, shops would require, I stayed City area.",0.2027006172839506,0.5362345679012346,Jul 4 2007
64,64,"Good value location All London hotels ridiculously expensive. This one isn't, high expectations. The corridors like maze, room nice spacious. Unfortunately bath tub, shower fine. You fill complimentary bottles fresh purified water near elevators. Please aware fact situated business area, want go breakfast walk quite long distance get underground first (short walk Bank station). It better book breakfast hotel. Beds fine, cleanliness neutral (have seen cleaner hotels). Overall friendly, comfortable weekend's stay London! Also simple check-in check-out machine.",0.23554166666666668,0.5468809523809524,Jun 20 2007
65,65,"Perfect Hotel! After reading reviews decided stay here. We booked LondonTown.com pleased say matched description photos exactly room stayed in. We stayed room queen bed, walk shower, kitchenette microwave, fridge coffee machine, desk, tv huge window length room. I disagree one reviews staff helpful polite friendly. You check machine swipe card. There even lift man takes floor cold water bottles lift entrance.We took advantage room service choice thai, tapas, chinese,greek,european,italian,and sushi delivered straight room really good. There iare also films order wanted.The also featured weatherspoons, cocktail lounge, fitness room more! I would definately stay one best hotels stayed could spend entire day without needing go outside!As location 5-10 minute walk tube, bank perfect easy transport central london night bus also running nearer hotel. Although everything appears closed weekend make difference. All definately stay worth money!",0.36225490196078436,0.609313725490196,Jun 18 2007
66,66,"Excellent value money We stayed Friday night, considering London one expensive cities world, good value 4 star hotel. The self service check grateful help friendly staff. The room pleasant &amp; clean. The five minutes tube stations Bank &amp; Monument. Bank better many lines cross there, London Underground is, lines even complete station shut little notice (meaning walk next station). Being business area little open weekend (all nearby shops, M&amp;S etc. closed Sat. morning), area quite quiet even tourists.We pleasant walk London Bridge, along Thames back Tower Bridge Tower London (took less hour).For short weekend stay, excellent hotel, though still City tube ride Theatre District &amp; attractions.",0.22749421296296293,0.4858564814814816,Jun 11 2007
67,67,"Great facilities superior customer service I tell clients require internet access computers creating Word documents PowerPoint presentations, place stay. The minute arrived, plugged laptop power cable, DC/AC converter blew (which fault modifiying cable first place). The concierge directed us Club Quarters' vast supply Microsoft office-enabled computers, also spent 10 minutes finding directions times operations several facilities sold new power cables laptop. This extremely helpful Saturday evening, presentation scheduled Monday morning (also UK holiday). I say went 'extra mile' help us problem-solve. The room great, too. Very spacious European room, clean. I tremendously impressed. Thank Club Quarters. I always stay I visit London.",0.2758686868686869,0.5731919191919191,Jun 8 2007
68,68,"Good value perfect Stayed nights. The excellent location working City convenient Monument Bank tube stops. Checking bit drawn process reception staff hunt round room I waited give great impression. The room fine although lacking natural light. I actually ended room containing cooking facilities quite handy limited room service / catering services site. I ate elsewhere can't comment order-in services available Gaucho Grill restaurant attached hotel. In week quite lot places round open food drink. However, City, pretty much shut weekend probably hop tube access nightlife.Staff pleasant enough seem awfully competent. For example, ignored 'do disturb' sign room door came clean anyway!Overall I thought Â£75 night I paid stay central London bad all. I would probably stay conveniently placed feels safe travelling alone. However, expect feel pampered wowed stay functional rather inspiring.",0.22204585537918867,0.5534391534391534,May 21 2007
69,69,"average good location The located within business area London, weekends, stores pubs area closed.During week, great location business travelers.* felt safe location* room average* staff sold Big Ben tourist bus tickets know buses started ended day. This resulted us losing time twice. One evening went get bus service already stopped, one morning went get bus service start 9:40AM.* staff average * pay phone work, staff know this, tell them* place toll free calls room, cost 1 poundI sure would stay again. If average value.",0.1708333333333333,0.5615740740740741,May 16 2007
70,70,"Great Hotel We stayed Club Quarters 3 nights March 07. It conveniently located, steps away Monument Tube station. Very clean, great service. There nice lounge main floor free tea coffee well TV free Internet access. There also restaurant/lounge downstairs. Our room nice, clean roomier expected. Keep mind weekends area town pretty much dead. Nothing open, even Starbucks, easy jump tube go somewhere really matter. On weekdays however, fantastic location. There pub right across street, Starbucks Marks Spencer (for snacks etc...) It beautiful street building. Highly recommended.",0.36345238095238097,0.6826190476190476,Apr 26 2007
71,71,"Quiet efficient heart City I staying London 4 nights weekend careful survey available budget deals, decided one. I disappointed - fact I delighted overall. The converted Bank retains ambience inside large comfortable seating area complimentary refreshments newspapers etc., near check-in desk. The staff cheerful welcoming helpful too....but moment. The obviously renovated recently nothing seems worn out. The carpets 8th floor room situated new everything room clean, tidy efficient. There windows two walls, plenty space. When travelling alone I always prefer double room singles tend cramped. The bathroom clean walk-in shower I prefer, bath. I unaware sound adjoining rooms.The negative point rather noisy air-conditioning fan ceiling I found rather disturbing whilst trying sleep. I mentioned desk following morning immediately offer made transfer another room 4th floor. This room darker, certainly quieter. Breakfast served modern restaurant I believe catering offered outside caterers. Full English breakfast cooked order expensive Â£13.50. A buffet style Continental breakfast also available. There also Business Centre basement I able take advantage free computer use.Overall I comfortable happy found staff cheerful helpful. If nice them, helpful !! Some overseas guests critical demanding. Remember budget - anyway, much time actually going spend room? I would definitely stay again.",0.20954210472067616,0.5648304473304474,Apr 18 2007
72,72,"Good short-term Had one-night visit London business, interested spending $500+ bed. Given price I quoted (120 pounds) I expected worst. Nice surprise find good-sized room, clean comfortable. Spent much money down-stairs bar restaurant, well worth quality.While location busy street, nice shops pubs nearby, tube minutes away. My place choice future business trips.",0.1654761904761905,0.5589285714285713,Apr 18 2007
73,73,"Watch parking rates The studio room nice roomy breakfast good though expensive ($20 continental). However, aware stay week car directed parking garage charges $40 day.",0.26249999999999996,0.6375,Apr 9 2007
74,74,Good Nights Sleep Me finacee stayed one saturday night part London Theatre package trip. Plus PointsThe clean quiet. The breakfast morning excellent. Everything room worked. Tube station close by.Negative PointsBeing business district meant nothing nearby open. Awful fake cow-hide seats resturant!,0.07880952380952382,0.7633333333333334,Mar 13 2007
75,75,"Mixed Feelings I visited husband away business. I US. I mixed feelings hotel. Please read whole review going start negative, pluses also:1-Contrary reviewers, I find reception desk helpful AT ALL. They never said hello even looked matter I passing elevator. Also, asked place buy water recommendations places eat - everything suggested closed! After walking around ages, ended back buy overpriced water restaurant downstairs. Admittedly, area pretty much closes week-ends knowing recommend places????2-My husband requested king size bed knowing I would joining trip. He arrived room twin sized bed told rooms available. The night I arrived, told switched room king sized bed, really two twins! How's service?3-Our shower drainage also backed up. I noticed complaint reviewers. Shouldn't therefore fixed issue.Positives 1- This big plus. This EXTREMELY CLEAN. It basic clean. I fussy usually &quot;inspection&quot; room upon arrival could find issues.2- I found room relatively basic (not bad thing) EXTREMELY QUIET! I 5 nights realize guests except loungue ground floor. Also, I thought beds comfortable. 3-Close enough Bank Monument tube Liverpool street station. I find area closed weekends issue b/c proximity tube.4- The &quot;business center&quot; really bank computers printer great something hotels offer. This complimentary access internet I found helpful b/c I could make travel plans, look restaurants, etc.5- At end hallway little &quot;guest closet&quot; contained extra blankets, pillows, iron mouthwash. All extras I found handy.In summary, I think price pretty good issues resolve, importantly staff front desk information give out.",0.11244444444444446,0.40784722222222225,Feb 22 2007
76,76,"Good nights - long term stay I stayed long term business stay September December 2006.I would recommend short business stay reasonably priced weekend overnight stay. I've seen quite rooms. They generally clean beds pretty spotless. The rooms range doubles fridge microwave larger rooms sofa kitchenettes. There tea making/coffee making facilities.The main plus place staff. I really recommend friendliness willingness help.However, I would recommend place looking stay week (or looking treat city). This lacks traditional comforts: bathrooms functional, basic cold, towels small, beds little small side, decor functional office-like room service options limited.If however, need reasonably priced place kip overnight Club Quarters ticks boxes.",0.039791666666666656,0.47541666666666665,Feb 12 2007
77,77,"No Complaints. Highly recommend We flew London friday morning, took &quot;Terravision&quot; coach service Stansted , journey liverpool street station took 45 minutes, Liverpool st station 10 minute walk Clubquarters. We arrived around 9.30am, first went Wetherspoons pub next door, fantastic place, breakfasts delicous, around 11am went ask time could check in, room us right away, room massive considering little paid (around Â£70 mark), bathroom nicely sized large shower, comfortable bed excellent room facilities. Very quiet area weekends hop bus take short stroll back action.We would definately return hotel, Highly recommend!",0.19793402777777777,0.5374900793650793,Jan 24 2007
78,78,"Great place We stayed three nights December. The staff friendly helpful, room nice. As many said before, The City really deserted weekend, Monument Bank stations couple minutes away. The elevator-ding 7th floor made funny noise, really got us laughing morning.All - great value money, got meet Jimmy Carr! (Not area, I mention ;))",0.4140909090909091,0.6545454545454545,Dec 12 2006
79,79,"Nice stay Clean, quiet, nice hotel. Helpful friendly staff. Complimentary computers internet access business center, open 24/7, useful! Conveniently close public transportation. Room little small, clean contemporary. Would stay again. [--]",0.19464285714285712,0.46190476190476193,Dec 11 2006
80,80,"Business Hotel Really Means It Hotels love business travelers. They're less price-sensitive, bring noisy children neurotic small dogs, generally party loudly trash room. Yet, gouge Internet use little make business easier.The rooms (and sister property I used Philadelphia) pretty basic- pleasant, shower tub, much maneuvering space room- large work desk, reliable free Wi-Fi, available services real business travelers need. They takeout breakfast ready pick way door, send clothes cleaned keep till next stay. Small exercise room basics they'll also bring equipment room.You encounter chatty desk clerks, mints pillow night, cosseting pampering- I like Club Quarters reasonable prices emphasis reliably providing business travelers want/need.",0.11186011904761906,0.46559523809523806,Nov 17 2006
81,81,"Decent This good location stay, nice. Very clean, service good. My complaint way could afford stay weekend, everything neighborhood closed weekend. Literally everything. From local pharmacy fast food places - closes down. Still, nice hotel, close Tube (Monument stop closest). If looking somewhere quiet stay weekend, might place you.",0.2191269841269842,0.5927777777777778,Oct 28 2006
82,82,"Value money London London expensive stay! So 80 pounds night place run down, bad area good deal! The City lively place weekend safe. Also located close monument bank stations walking distance Liverpool Street stations. The Tower London 5 minute stroll. And various nightbus routes.As hotel, caters business people shows. Our room ok, massive clean nice view church. Telly could channels worked. Bathroom big adequate! Also free fast internet business centre. The staff duty helpful well.The rooms soundproof though neighbour puts telly loud hear that. Not word word noise back ground. But seeing party people tend go bed quite early. I knew breakfast (probably business people tend grab go office) solved picking breadroll night before. Sadly rooms coffee tea, fridge. The offer roomservice breakfast prices catered towards business expenses bill, travelers.Paying 1 pound per item luggage may bit strange four star (I used hostels this) least safe. They least check whether ticket matches luggage piece. All all, weekend break London, pretty good place use!",0.17102069077875534,0.5402867383512546,Oct 15 2006
83,83,"Not impressed I stayed CQ Gracechurch street September I wont staying again.Sure cheap well located, I needed night. However I asked non-smoking room given room stank badly smoke ruined staying there.The staff OK, much better hotels quid - especially staying weekend.I wont stay again.",0.06250000000000003,0.6208333333333333,Oct 7 2006
84,84,"Customer Service A+ My husband I stayed Club Quarters Gracechurch September 8 9. Please read whole review I great things say saving last. I say problems: They renovating basement lounge, ice machine. And, renovating restaurant open business. Ah I love sound screw guns morning, not. I would skip restaurant anyway. It's like eating someoneâs basement family room. The comforter bed felt like lead it. Also, construction building next door Saturday morning, little noisy. The great things really made bad. The customer service excellent. We wanted eat neighborhood, twice provided excellent recommendations well maps directions restaurants (Caravaggio blocks away Roast Borough Market). Anytime wanted know get somewhere get something someone whipped map gave us clear directions suggestions. The near Monument underground stop, easy access sites sounds city. When complained ice machine, comforter, slow drain shower. They promptly politely remedied. I want stress every employee contact extremely attentive seemed enjoy working hotel. I would recommend Club Quarters Gracechurch anyone wishing stay The City section London.Don't miss nearby Lloyd's Building The Erotic Gherkin (Swiss Re Building). Go Friday evening Leadenhall Market drunken stock brokers, watch step like leave glasses middle streets sidewalks tourists trip (they think itâs funny). If mind walking 15 minutes The Borough Market Saturday fantastic place gourmet types.",0.24623333333333344,0.5454666666666667,Sep 18 2006
85,85,"Mediocre Having read good reviews hotel, went ahead booked. As reviews stated would quiet expected that. The room clean quite big. No bath though. The check good quick got room 10am. There free coffee tea downstairs lobby time nice touch. The weatherspoon pub next door would ideal close 7pm Saturday open Sunday. Not far Monument underground fact, buses way Liverpool Street Station come nearby even Gracechurch Street. We left luggage Sunday pay Â£1 piece - quite surprise I never paid service before. All good comfortable hotel, Â£80 exceptional breakfast included.",0.2429824561403509,0.6017543859649124,Aug 7 2006
86,86,"Great Hotel My husband I booked one night upon arrival London. We impressed booked three weeks later returned London weekend. Both stays fabulous. The nice, rooms bathrooms great (the beds super comfortable), staff friendly. For pay, location EXCELLENT. London ridiculously expensive friends travelled us second trip, chose different hotel. They ended paying lot [---] bad location. You get great deal weekends since business hotel. Also, area around extremely quiet night. The location 1/2 mile Monument Station, easy hop metro. This truly heart city, within easy walking distance Tower London Tower Bridge. For budget travellers looking quality deal, place tops! For Harry Potter fans, located across street location Diagon Alley films.",0.3391666666666667,0.6591666666666667,Jul 24 2006
87,87,"Good quiet area weekend I stayed friend April. We quite impressed it. Only paid 100 euros two nights, cheap Londen quality hotel. The nicely decorated, modern rich fabrics. Our room bathroom good size beds comfy. There safe hairdryer. I missed tea making facilities (I'm tea addict). You make tea coffee machine, that's nice. Our room clean quiet. The layout rooms bit confusing, follow signs, okay.I expected check machine, without personal assistence (after reading reviews here) case. There staff help it. It's easy anyway.Although I'm positive hotel, area got nice old, characteristic buildings I know I would stay again, City dead weekend everything closed (also Starbucks lunch cafes). With friend okay, stay area anyway, I wouldn't. I like walk 10 minutes tube station quiet area alone night, feel safe although area looked safe me. During week okay though, City much alive buy sandwiches everywhere. The underground station bit far away I thought, I prefer one around corner possible stay hotels Earl's court Bayswater. What find handy Liverpool street station walking distance. If arrive Stansted much luggage that's perfect",0.27688940688940694,0.6205552318052316,Jul 15 2006
88,88,"Reservation lost. Guest mistreated. A young female member department terrible experience Club Quarters Gracechurch arrived New York Monday week.Our travel agents booked suite Club Quarters Thursday, even taking precaution reserving extra night (Sunday) ensure would permitted check early Monday morning going office. The agent confirmed arrangements, including willingness pay extra night, verbally. Unfortunately, CQ's reservation systems well-integrated industry databases, confirmation could verbal.When colleague attempted register, reception staff informed record reservation rooms available. Further research revealed confirmation code provided agent referred entirely different booking another guest. When colleague protested reservation confirmed travel agent, staff attempted placate tiny room - large closet bed really, apparently uses emergencies - place suite entitled. The staff depicted offer great kindness hotel's part.After seeing room, dismayed her, asked moment consider options stepped outside hotel. At point - 10:40 London, 5:40 here, called New York informed us situation. We promised investigate alternatives call back shortly.While standing near entrance awaiting call, approached another member staff inquired, pointedly, whether guest. When answered &quot;not yet&quot; (an honest reply), employee told would move along, loitering private property. The insinuation regarding reason lingering entrance obvious, highly offensive.Fortunately, able find room online another far City, accepted gratefully.Our company given Club Quarters great deal business past decade, treatment surprising. We awaiting hotel's report incident deciding whether continue sending staff there.",0.12566706021251478,0.5180099698281516,Jul 11 2006
89,89,"Good Location explore London We stayed Club Quarters Gracechurch 1st/2nd July weekend, found really good value. As others said located City London district, pretty empty weekend, good escape hustle bussle elsewhere else. The Wetherspoons next door open day, there's Tescos far away, stuck food. Not want dinner area whole London choose from. I thought room comfortable, I liked automatic check-in extremely quick. Staff friendly professional, well located explore rest city. You stones throw Bank Monument Stations, easy walking distance Tower London, Thames road. Getting back night really simple stress-free choose many underground lines. Recommended.",0.2764814814814815,0.5180650037792895,Jul 6 2006
90,90,"Poor Ventilation I stayed two occasions found convenient business purposes. However, stays I developed sinus infection painful nagging cough kept night. I originally though I simply caught cold travels, I realized sinuses would clear day office. The problem got worse longer I stayed, I actually serious asthma attacks final two nights. I never suffered allergies asthma, quite fright wake middle night gasping air throat swollen tight.The ventilation system quite poor hotel, evidenced smell cigarette smoke throughout corridors. If stay weekend, large influx weekend partiers fill cigarette smoke easily passes room room. There smoke-free floors, smoke-free room cigarette burns night table. If non-smoker, I highly recommend NOT staying hotel. You also cautious stay nights may (as I occasions) leave nasty nasal infection.",-0.10803571428571428,0.5529523809523809,Jun 15 2006
91,91,"Best deal weekend Central London This business traveller's available weekend greatly reduced rates using one online travel sites. We fact paid $139.00 dollars per night queen bed, sofabed microwave, fridge, kitchen area Zone 1 London's underground.This designed extended stay business travellers located converted bank building Gracechurch Street &quot;City&quot; financial section. One major reasons rating inexpensive weekend restaurants around close weekend, need either order in, go restaurant, take tube stops West End.Club Quarters Gracechurch Street limited support hotel. Check Check automated bellman available assistance. We find front desk helpful making dinner arrangements arranging transportation back Heathrow (60 pounds private Mercedes).Our room, 523, located rabbit warren hallways. Each room different due conversion type hotel. Upscale furnishings bedding throughout, however decor distinctly masculine. The room mentioned &quot;family suite&quot; small comparison American hotels, par central London. The windows opened central courtyard, opened onto street would similar view. The bed comfortable provided good night's rest. The bathroom functional shower tub. The greatest convenience kitchenette available store extra food going out, snack got back touring. The right bus routes two tube stations within 5 minutes walk (Bank Monument). We problems getting around tube found everyone helpful many stopped looking maps see could assist.If children, McDonald's 7 minutes walk away south Cannon Street. There two restaurants onsite -- Gaucho Grill, upscale south american steak house serves main resaurant hotel, Crosse Keys pub open Easter weekend. For breakfast, best bet would bring come weekday pubs open around hotel. The Gaucho grill service continential breakfast 9.95 pounds full English 13.95. However, make major train station get thing 4.95. But want convenience heading downstairs -- thought it, saving much room, indulge breakfast hotel.Club Quarters Gracechurch Street great dining book, similar New York hotels allows order food virtually restaurant cuisine style delivered room charged bill. This great kids spent whole day let's say want indian, children go near it. Head Mickey D's them, bring home, order indian feast. You utensils plates, etc. create restaurant environment without hassle heading again.There free internet access throughout, either wireless card, wired, business center computers hooked printers. There also printing service free wireless.For money, beat, seek luxury upscale London -- it. It perfect travelling family budget London weekend, couple wants weekend London without tremendous expense single looking somewhat upscale tourist price.",0.2172183659252625,0.40292456585560044,Apr 23 2006
92,92,"Value London Myself partner stayed recently, bargain price. Had paid full price &quot;4*&quot; Expedia put it, would little annoyed.It's calm quiet, though impersonal. The double bed actual double bed, two singles pushed together often case (even expensive hotels we've stayed London). Tea coffee facilities good room clean good heating/ aircon. Free wireless internet room brilliant too. But, room small. It shower, albeit good one. However, soon step it, freezing air whirling around floor makes get dry quickly. You'd expect, 4* hotel, put robe keep warm- except here. Brilliant...Also, seemed sleeping room built end corridor, designed make money weekends- business Monday Thursday- bankers go home. It bizarre triangle shape required furniture shoved it. In honesty, professed 4* hotel, little sell Travel Inn. The soundproofing ineffective dubious delights listening adjoining room's film. Whatsmore, maze corridors, come back drunk, never find room again! Location good central London, particularly price, middle Zone 1 tube. However, Bank picturesque part London, 6th floor room view speak of, parking lots high rises. The best tip give breakfast Crosse Keys pub next door- amenities priced business travellers putting things expenses.We go back. Why? Too many other, better hotels flogging rooms Expedia lastminute.com silly prices. Unless there're priced options, go elsewhere. Oh, trouser press...",0.17405555555555557,0.4758148148148147,Mar 7 2006
93,93,"Good Price quiet area! Stayed 2 nights (fri+sat)in march. Good standard accomadation, nice rooms small bathroom good powerfull shower make it! Like comments made people quiet weekends financial district city &quot;BANK&quot; tube around corner cheap short ride away west end!The downside self check-in check-out machine. Feels slightly robotic! Staff reception seem formality all! Overall nice, clean, comfey, cheap would certainly go back weekend stay.",0.18257575757575759,0.5143939393939394,Mar 5 2006
94,94,"Great Value An inexpensive expensive city. The really designed business travellers budget stayed one night treat save us commute home night out. The basic clean.The room small side ( I seen much smaller rooms London hotels )and double bed pushed wall bit inconvenient husband climb get bathroom! The bathroom basic adequate one night stay clean. The location &quot;City London&quot; (the financial district) fine ,as mentioned earlier reviews ,is quiet weekends local shops restaurants closed. It's safe part London , interesting walk around Tower London, Tower Bridge St Pauls Cathedral within walking distance.The nearest tube station (Bank) minutes walk away get West End 10 minutes.If need modern,comfortable clean place sleep perfect place really great price. We booked two nights April.",0.1660897435897436,0.44189102564102556,Feb 4 2006
95,95,"Disappointing Dormitory This disappointment. I found advertised lastminute(-) reasonable price location I seeking, I thought would ideal. Unfortunately not. The quite obviously business (even typical Ibis hotel) I would recommend leisure traveller. There porters. The corridors rabbit warren. The rooms basic unpleasant. Do expect sort service whatsoever staff here. You check morning machine. If want store luggage day charge 1 pound per bag.Prior booking I called information car parking told separate convenient. Not true. The directions car park incorrect walk car park (after dinner movie 2am) long, dark deserted.I stayed London I can't comment reasonable price (but converted Australian dollars could easily get lot better home). There many London hotels price range I would suggest travellers might give different try.",0.08257575757575757,0.5287878787878788,Jan 15 2006
96,96,"Great Time Club Quarters Recently, husband, children traveled London, England Christmas Holiday week. We arrived London Boxing Day thrilled find Club Quarters Hotel GraceChurch. The location great, far two tube stops within walking distance less 5 minutes travel time. The located directly across street great little shopping alley later found used filming early Harry Potter films &quot;Diagon Alley&quot;. We reserved two rooms hotel, one standard one family. They clean, well kept perfect needs. The family room quite large included small refrigerator, microwave, eating table large bath. The restaurant closed days observance holidays. It opened Wednesday week stayed. We enjoyed nice breakfast buffet excellent dinner. The prices somewhat high, tight budget I would recommend eating restaurant. If, however, enjoy excellent food, fun atmosphere, willing pay it, worth visit. We found great pub one door called Cross Keys. It excellent bar lovely dining rooms back non-smokers. The staff courteous friendly willing help needs arose stay. If given opportunity, would surely go back Club Quarters GraceChurch.",0.310434472934473,0.5172669922669922,Jan 12 2006
97,97,"Fantastic Hotel! I stayed Club Quarters Gracechurch New Years Eve 30 Dec 05 - 2 Jan 06 great experience. The staff accomodating knowledgable. The lobby impressive, rooms spotless quite large. We kitchenette sitting area sofa chair. This may sound silly water pressure shower incredible. My husband another travel companion used gym impressed facility. The restaurant fantastic restaurant staff, affiliated also accomodating. We get Pub closed entire visit looked amazing huge. I knew postings area quiet weekends getting around breeze. Bus stops, tour bus stops underground station nearby. All around stay great experience I stay traveling London.",0.3512824675324676,0.6245725108225109,Jan 3 2006
98,98,Great Value Just stayed weekend. This little gem must one best value hotels London. Larger average rooms quiet friendly atmosphere nice lobby cheap Wetherspoons next door. complaint fitness room bit lacking equipment many mirrors,0.23365384615384616,0.5141025641025642,Dec 12 2005
99,99,"Excellent Hotel We stayed first weekend December would highly recommend it. Our room 5th floor, spacious, well layed out, spotless quiet. I think shower best ive ever powerful hot!! The rooms website radio/CD player next bed coffee machine desk. Each floor guest cupbaord get extra bedding, kettles irons. Reception staff friendly helpful, I would definately recommend hotel. The reviews correct quiet area weekend short walk towards liverpool street bars bar attached closed 7pm.",0.25004166666666666,0.4376666666666666,Dec 7 2005
100,100,"Worth coming back ... Stayed one night part great value theatre break weekend Lastminute pleasantly surprised.Getting easy, 5 minutes walk Bank tube station bar next door easy spot. Got Mint card stuck check-in machine... book odd shaped credit card, otherwise wait lobby staff help fish pair pliers.Studio room nice shower refreshing powerful. Didn't use microwave, kettle coffee machine took hours heat water. Cosy lounge area two TV's avoid squabbling channels watch! There shops open nearby weekends, need supplies evening, pick elsewhere get tube. The vending machines basement sold reasonably priced cans snacks though offers free internet business centre.Our room close lift lobby, people coming back night town 3am 4am quite noisy could heard, overall pleasant stay reasonable proper Central London.",0.2682575757575758,0.5013636363636363,Nov 30 2005
101,101,Good Value Hotel Stayed Saturday night. Very handy Bank Monument Tube Stops. Rooms small well appointed clean. Lounge area nice cosy. Only negative comment would charged us Â£1 per bag hold bags next day ready go airport. Also local area bit dead weekend.,0.17242424242424242,0.5454545454545455,Nov 29 2005
102,102,"Good price nice room Spent sometime researching hotels London, weekend away. The price really good &amp; cheaper travel inns/lodges; room really nicely decorated. I get much sleep though due bed extremely soft &amp; pillow sitting foot bed, made uncomfortable night. The quiet get sleep wouldnât disturbed.The financial area quiet weekend still safe. The used much business people week; donât expect service tourists.Overall good value money &amp; using self service check really quick, Monument nearest tube station",0.23864583333333336,0.49697916666666675,Oct 18 2005
103,103,"Great weekend We've stayed 2 nights Club Quarters, Gracechurch via Last Minute booking Â£65 per night large double. This really excellent value central location. Good sized room, huge bed facilities fine. Previous reviewers comment lack service, maybe fortunate, greeted pleasant helpful staff. Ok, check automatically, means check quick hassle free. All services clearly stated flyers rooms, reception desk lift. There guest request lockers floors - get new supplies coffee, soap, towels, irons etc. without bothering reception - something I think hotels could learn from. The small gym, ice vending machine basement. Gracechurch deserted weekends - prepared lack pubs, bars, restaurants doorstep. But, Smithfield easy walk Monument Bank tubes close main lines livelier spots. (There's also benefit even windows open, pretty quiet Saturday night.) Club Quarters basic &quot;travel inn&quot; sense - rooms good quality service need arranged - luxurious. For weekend sightseeing etc. happy thing job.",0.2779779360424522,0.5368209747242007,Oct 17 2005
104,104,"Okay could lot better Just back form weekend break London girlfriend. I found Club Quarters Gracechurch getting fairly good reviews site, friend also told good bet. So I booked it.Can I first say okay great location. Its clean safe value money. On hand, Club Quarters quite impersonal functional. Its surprising business travellers week.For instance, stay desk give information facilities (e.g. ice machine, gym, etc) - found end stay - perhaps asked, perhaps information volunteered. Our room smelled little strange. The corridors pretty bizaar confusing. When girlfriend arrived tried check in, asked 40 pound deposit, even though copy booking I rang ahead let know expect her. She felt bit put out. When checking receipt got stuck card machine, I call guy reception help - could waited receipt printing. My girl friend summed well - general lack courtesy hotel. The staff could better trained make guests feel welcome valued.Its great great location, safe, clean, near tube station central. But prepared impersonal service. In fact, looking back, expect almost service except self service.",0.28864942528735626,0.5114942528735632,Oct 11 2005
105,105,"Superb! Stayed night 1st Oct, room booked via Lastminute (although listed name site), cost approx Â£66. Check-in painless (you swipe credit card receipt room card pop machine), someone hand provide assistance need be. The reception staff always helpful friendly. I stayed 8th floor room decorated high standard, also wireless internet. Rooms also mini fridge microwave.The location fantastic. It literally opposite Leadenhall Market short walk Bank tube station. However, really need use tube wish explore London, many things doorstep, e.g. Monument, Borough Market, London Bridge, Millenium Bridge, St. Pauls Cathedral, list endless!It worth noting want leave bags either prior check-in, Â£1 per bag. I problems checking midday though, officially 1500.I would definitely stay again.",0.22392857142857142,0.41714285714285715,Oct 5 2005
106,106,"Good sized room little dark We stayed scouring reviews site reasonable quality, sensibly priced London happy choice. The rooms good size London comfortable, complaint room dark, view window building next door. There breakfast included price, much issue. The short walk nearest tube station making rest London easily accessible. I'd recommend short stay.",0.1695,0.49300000000000005,Sep 20 2005
107,107,"I would stay I stayed 2 nights past August I find clean, efficient checkin/check procedures staff courteous. It discrete hotel; frills nothing fancy serves purpose comes great price London. The city London basically dead weekends takes eerie feel, however, many closeby tube stops within 5-10 minutes walk away, problem all. Closer attractions include Tower London, there, another short distance takes two good markets (Spitalfields Petticoat Lane). The room huge &quot;closet shower&quot; small, however, looking cheaper, clean place crash full day's worth sightseeing, place be. I would definitely check again.",0.17455555555555557,0.5986666666666667,Aug 30 2005
108,108,"Wow! Great bargain price! Wow! When I stay again?! Stayed three nights Club Quarters, Gracechurch bargain price Â£78 per room per night would definitely return. Desk staff courteous friendly. Breakfast inlcuded price, joined Crosse Keys Weatherspoon pub full cooked english breakfast mid-day Â£2.79! Our room eighth floor great view gherkin building Lloyds London. Room great size, good modern decor walk-in power shower. Took advantage restaurant delivery service impressed. Prices listed restaurant guide Â£4.95 delivery charge know exactly paying beforehand. Delivery took approx. hour friendly member staff delivered meal room plates cutlery. This cheap business companies use week, bargain staying London weekend. The City London historical Bank England, fire London monument 5 min walk hotel, pubs shops seem close weekend area, short 10 min walk Liverpool Street option local shops pubs. On Sundays, Petticoat Lane market Spittalfield indoor market approx. 10 mins walk. Monument Bank tube stations 5 min walk away, regular buses Oxford Street Victoria near Bank England. The Thames path 5min walk away, 20 mins walk St Pauls Tate Modern 15 mins Tower Bridge. You simply can't go wrong location, comfort price I can't wait go back!",0.29348958333333336,0.5115384615384616,Aug 16 2005
109,109,"Good Weekend Buy Tourists This City business district short tube stops away touristy areas. Good weekend rates had. The rooms small (even suite upgraded size regular US room), modern, clean, comfortable. Staff helpful. You easily pay much less desirable room elsewhere. Especially liked free wireless internet access. Would definitely stay again.",0.2657407407407407,0.520940170940171,Jul 14 2005
110,110,"What bargain! Very nice! I cannot believe bargain Clubquarters Gracechurch was! I agree reviewers. We got Â£65 including tax lastminute.com (approx. $130) London unbelievable unless staying rat trap. The reason place cheap I think caters Fortune 500 companies week companies accounts pay heavily for. There lots business type people around. The room got standard double VERY spacious London nicely decorated. Very clean great condition. The bed really comfortable plush duvet. The bathroom shower disappointment paid mind one bit, especially shower unlimited hot water perfect pressure. They give really expensive looking shower gel shampoo plus. Another perk contract special room service thing get delivery many great restaurants around London reasonable prices deliver room. We use service impressed nonetheless. As far reviewer thought lady behind reception desk rude, I thought staff really lovely around. No problems all. Speaking reception, great reception area tables nice leather chairs plus small library books lots newspapers magazines free coffee/tea/water throughout day. The possible bad thing place business/financial section city might good people who've never visited London know way around. But close Monument tube station short walk Bank station connecting tube lines. We loved Clubquarters Gracechurch believe bargain happily stay time! Highly recommended!",0.23318594104308385,0.7016213151927438,Jun 6 2005
111,111,A Great Value Smart Hotel,0.5071428571428571,0.6964285714285714,May 9 2005
112,112,Different experience,0.0,0.6,May 3 2005
113,113,Great value clean comfortable,0.5222222222222223,0.75,Apr 3 2005
114,114,brilliant value clean comfortable,0.5555555555555555,0.8333333333333334,Mar 17 2005
115,115,Excellent weekend value,1.0,1.0,Mar 5 2005
116,116,Good value money,0.7,0.6000000000000001,Mar 1 2005
117,117,Shame check,0.0,0.0,Feb 3 2005
118,118,Excellent Quality Price,1.0,1.0,Jan 31 2005
119,119,Amazing value quality,0.6000000000000001,0.9,Jan 6 2005
120,120,Great bargain!,1.0,0.75,Mar 15 2004
121,121,Sicuramente da consigliare.,0.0,0.0,Oct 18 2009
122,122,Un disastro,0.0,0.0,Aug 9 2009
123,123,???????????????????,0.0,0.0,Jul 19 2009
124,124,"FÃ¼r London ""gut""",0.0,0.0,Jun 30 2009
125,125,molto carino...,0.0,0.0,Apr 28 2009
126,126,TrÃ©s bon hÃ´tel !!,0.0,0.0,Aug 19 2008
127,127,TrÃ¨s bonne adresse Ã Londres,0.0,0.0,Mar 31 2008
128,128,Business Class fÃ¼r kleines Geld,0.0,0.0,Jan 27 2008
