,Unnamed: 0,Reviews,polarity,subject,Dates_extracted
0,0,"Aww...... Bless them..... These people try hard!!! Bless them!I went Avonmore mate Dave, needed somewhere put heads getting drunk watching Blur Hyde Park - it. For 50 quid night centre London really didnt expect much thought Avonmore fine.The staff flippin lovely, slightly camp fella reception always smile face genuinely interesting line chat us. The foreign lady ran breakfast room smart, alert fairly efficient. She could pen pad though kept forgetting order - speaking English obviously strongest point. They felt genuine main thing, like actually gave damn place. Most chain/franchise style cheap hotel's staff look like they're paid grin inanely make crap small talk nowadays.The itself? Hmmm.... well..... You cant polish turd keep clean tidy. The decor tired mismatched, furniture even - apart form beds actually comfy! The ensuite bloody awful (but clean!), shower curtain minging hard sit loo without banging knees opposite wall. Plus fan didnt work bog size understairs cupboard gets hot, quickly! We thought furniture crooked till realised floor actually sloping edges joists obviously bowing age place. I've got bigger screen mobile telly room too, plus wardrobe 3 (mismatched - natch) coat hangers it. The room fact tiny - especially since supposed triple! The view bloody awful - central London.So summary? It's dump. But CLEAN dump, lovely staff, comfy beds, great cooked breakfast 50 quid night. If romantic break even family friendly base - avoid. If need somewhere get kip racing around heady sights London really got diamond rough here.",0.03595727107666964,0.5413222521713087,Jul 7 2009
1,1,"Nice free WIFI within easy walking distance centre Secured stay excellent cost, considering Valentine's weekend. We stayed top floor, although steep climb, cause problems . The bedroom en-suite, tea/coffee facilities. The room clean, comfortable, free WIFI access, rare - well done!. The breakfast provided excellent quality fresh toast. Other options cereal, yoghurts, fresh fruit selection fruit juices. The reception staff polite, helpful - excellent past I e-mailed advice/information, prior travel. A good place stay, needs simple tight budget.",0.3859962406015038,0.6474310776942357,Feb 17 2009
2,2,"OK great shakes Friendly people, helpful directions travel information. Good location eg Eurostar, Tube, British Museum Oxford Street. Clean basic, eg clothes hooks bathroom, bedside lamps, blankets duvets etc. A bit overheated. Breakfast standard B&amp;B fare.",0.19270833333333331,0.40156250000000004,Nov 2 2008
3,3,"Friendly staff fair service room location price range. For price London expect small rooms carry cases stairs. My boyfriend I stayed one night I want stay week, wanted fine. We stayed top floor bit climb slim staircase get there. The bathroom given across hall given key maintain privacy fine. It could modernisation clean comfortable. The breakfast provided basic however offered refills tea/coffee fresh toast, options cereal fresh fruit. The bloke checked us polite helpful told us peak season offered full English breakfast. A good place stay one two nights needs simple tight budget.",0.2327067669172932,0.5390977443609023,Apr 5 2008
4,4,probably The smallest room I ever stayed 15 years business travel. Staff kind helpful crammed room made uncomfortable stay. No space put (hand luggage size) suitcase without tripping it. Ventilator bathroom working everything steamed rapidly every shower. Location great price low look options next time I'm area.,0.20785714285714288,0.5607142857142857,Apr 3 2008
5,5,"Beware right one! There 2 Avonmore hotels London. One Avonmore Rd (3 star) one Cartwright Gardens (terrible). Unfortunately I appreciate reading reviews booked Cartwright Gdns one. This terrible. The staff may friendly make tired worn decor, old shabby rooms. The room even much telephone bedside light. Make sure choose correct one I suspect reviews relate 3 star hotel. On street prices clean modern hotels suits budget. I'm fussy worst I ever too; spent evening trawling around hotels book in. This booked course. We cancelled second visit course found somthing much better!",-0.0250595238095238,0.5224801587301587,Jun 22 2007
6,6,"Didn't follow price We promised triple room reasonable rate, 2 days arrival told give us rate anymore, put us double room price. Couldn't find anything else stuck there. They said taxi would cost around $60.00 (Ameican money) cost $100.00 Rooms poor mattresses, food fair. Staff helpful giving us advice seeing London, giving us brochures.They insisted pay cash.",0.06249999999999999,0.43333333333333335,Feb 17 2007
7,7,Wonderful friendly staff Great location. Worn rooms clean friendly. Highly recommended!,0.5377777777777778,0.7000000000000001,Dec 25 2006
8,8,sobre mais tout Ã fait correct,0.0,0.0,Oct 7 2009
9,9,Un hÃ´tel pour une semaine grand max mais pas plus,0.5,1.0,Jun 23 2009
10,10,Fantastico!!!,0.0,0.0,Jan 28 2009
11,11,ok...mit einigen Abstrichen,0.0,0.0,Oct 25 2008
12,12,Per chi interessa restare zona Russell square,0.0,0.0,Mar 28 2008
13,13,Camas horribles,0.0,0.0,Mar 11 2008
