,Unnamed: 0,Reviews,polarity,subject,Dates_extracted
0,0,"Stay Away From This Hotel My husband I stayed 4 nights business trip. It disaster. Actually booked number 4 5, remember now, made us stay one. The room small, dirty old. The breakfast room 2-3 tables 2. On last day eat room huge queue tables. We could bread tea breakfast, added cheese breakfast. We afraid use kitchen supply room dirty. The reason walk looked another one money charged entered without glance room. Certainly I would never stay again.",-0.027908163265306127,0.71843537414966,Jul 16 2009
1,1,"Cheap Nasty. I needed somewhere cheap stay two nights. But cheap doesnot mean dirty place is. Small, dark, dingy , dirty room.Furniture could come skip edging stripshanging off. Cheap, thin pillows, sheets towels (clean) butthe blanket looked washed years, I dare pull spare one &quot;wardrobe&quot; Bedsqueezed recess headboard window.Draped curtains filthy - I kept wondering might fall onto night. En suite small dirty.Kitchenette cupboard - fridge. clean rest healthhazard.Dining room squeezed understairs space fourtables (hardly room 8 people although squeezed another chair. No tablecloths (which show photo.) and, again, grubby. Certainly place take children!!!Had go across road register - reception no. 3 andno staff evidence except breakfast time. Certainly wouldnever go again.",-0.12045739348370925,0.7022117794486215,Jul 16 2007
2,2,"Don't it! Booked single 5 nights venere, Exhibition Court 1 (which across road hotel) upon arrival assigned room Exhibition Court 3 instead. The room horrific room I ever stayed in, absolutely filthy, shared facilities (I booked ensuite) dark dungeon-like basement. Couldn't believe would even try ask anyone stay room. I arrived late evening, go back across road (that's receptionist was) Internet cafe print description Venere show giving I booked. No joy, manager would deal it, next day. Eventually I got room Exhibition Court 1 subject seperate review.",-0.22846320346320345,0.42023809523809524,Mar 2 2007
3,3,"poor I spent 20 minutes checking coz reservation lost, climb four flights stairs 8days worth luggage, including lots work material.The dust thick shelves somebody wrote clean toilet still bore stains last guest - nice!Breakfast morning one toast nobody cook get knife pread jam cup coffee!Second third day cooked breakfast...one hard egg, one small sausage, one rasher bacon tiniest portion beans ever didnt even tast good.On fourth morning I learned that, despite paid breakfast, cost extra Â£5 &quot;full english&quot; joke!Just toast again, time coffee jam.Skipped breakfast fifth day I wiriting this, still fifth day. I paying two breakfasts I check out, least I informed charge.On good side, rooms cleaned daily (although toilet touched day 3) clean towels provided every three days.Kitchen facilities good, useful, especially fridge milk cold drinks kettle.The location good, road nearest tube short walk supermarket/newsagents/restaurants(i recommend 'as greek gets') barsOverall, good value money all. If anybody much budget I recommend www. studenz. comTheir hotels luxurious also bad cheaper better locations well (but warned eaton house problem four flights stairs lif lot luggage avoid like plague!)",0.031093750000000007,0.368125,Oct 5 2006
4,4,"Do get pay for?! Myself mother took son 'see sights' birthday surprised could get room three, 3 nights cheaply! However arrival understod why...four flights stairs, dusty rooms pretty run down. Breakfast poor...infact cooked one morning. But gloom doom, place warm, beds clean, mini kitchen room handy cheap...lets face it, went see London. Don't expect luxery, place dont intend spend much time room...a cheap base explore!",0.16444444444444442,0.6863247863247863,Oct 3 2006
5,5,"Dirty shabby We stayed 'hotel' four nights. My first impression dirty, shabby need good clean re-decoration. The room tiny, room section corridor, room bed. The furniture, was, appeared sourced skips. The shower working properly, risked scalded temperature gauge working properly. I dare look mattress I sure, judging rest room, filthy. There iron, although one provided I requested it. When went dining room first day told get breakfast late even though time told desk. On subsequent day told get breakfast self catering. The rooms paper thin could hear every time tap turned on, etc. I would left straightaway fact credit card details would charged us anyway plus fact want waste days looking accommodation. I would advise anyone booking avoid place like plague. I surprised passes regulations needed providing accommodation (if any!). We felt totally taken unable anything it.",-0.046256038647343,0.48671497584541057,Jun 12 2006
6,6,"Do stay property - matter what!!!!!! I writing review warn impending London travellers NOT TO BOOK THIS PROPERTY. It smallest, disguisting room I ever misfortune staying in. We nowhere place luggage except beds small walkway entrance door crappy bathroom. What concerned fire slept, would died trying get suitcases way. Reception staff totally useless. There reception desk property, play chicken busy Warwick Road obtain assistance Exhibition Court 2 across road. The shower attached wall matter many times asked, one could get simple screwdriver attach this. Their excuse plumber didnt work weekends. When tried shower, water went absolutely everywhere. The bathroom floor cave soon due water seeping crappy lino. My husband shave using kitchen pot wasnât even bath plug. Silicone used patch everything broken toilet cistern 8cm thick around bathtub alone. A garden view overgrown weeds shrubs rubbish bags junk piling outside. When room serviced last day, forgot replacement bath towells. Even rooms free, stay here. This exaggeration. It definitely ruin London experience. London accommodation may great value money, price, beyond joke definitely sub-standard.",0.037083333333333336,0.4286904761904761,Oct 25 2005
7,7,"Not nice sounds I stayed EC 3 March 05. Be warned hotels bargin century. They cheaper lower quality hotels. Warwick road busy rooms facing street get lot noise. Our room basic semi-shabby lots dings walls. The room long wide enough bed. The kitchette bare-bones well worn. The breakfast &quot;room&quot; small hall basement. The standard breakfast consisted toast (with butter jam) coffee, OJ, tired corn flakes--and that's it. An English breakfast L5 ham, scary sausage, egg, beans thrown on-line reservation difficult get staff.",-0.03230769230769231,0.4963461538461538,Apr 12 2005
8,8,"Mouse Trap London I 3 nights June. The room tiny, bathroom smal move (the basin small wash face, washed feet too...).Even though full breakfast included, girl served breakfast tragically small room wanted serve us continental error list (and speak understand english well).Next time I'll go Formula 1 hotel: cheaper I know I'm encountering!",-0.025000000000000005,0.47500000000000003,Aug 24 2004
9,9,"Chernobyl Dump Trap Hotels gives place 3 stars. I intrigued 2 star may look like, I could possibly find 1 star (besides Kabul). This may offer &quot;new&quot; ammenaties put together pre-cold war Russian peasant instructions. The shower door fit shower thus leaked water place. The toilet conviently located sink sit sideways pee angle avoid peeing floor. The walls made painted cardboard thus letting hear every intimate detail neighbors phone calls loud ebola/SARS coughing 3am. A true winner!!!",0.10718005952380952,0.4928571428571428,Jun 1 2004
10,10,"Never again! I london 2 nights training course booked web. upon arrivial, young man told I Exhibition Court 2 go little Exhibition Court 4 I booked in. The directions wrong, I wandered track 15 minutes bags. I finally found No. 4 told check No.3 The young man reception 3 pretended recognise me! The owner told I no. 3 no. 4 plumbing problems despite watching led party 4 No. 4!The room smelt smoke, despite booking non-smoking room. granted room quite tidy toilet ok. room badly ventilated hard sleep in, tv high wall, stand chair change channels. 1st night lock door work I slept chair tilt it. Breakfast joke Polish waitress understand orders, coffee machine broken. When I complained service, owner told I late breakfast! I morning 7.45am. I never ever stay again, worse 2 nights life!",-0.10328055555555556,0.5206555555555555,May 23 2004
11,11,"Stay away place! I booked executive suite whotif.com accommodation myself, mother 3 year old daughter 4 nights Feb 2004. Upon arrival told room ready needed wait 1/2 hour did. Then told still ready come back later. wanted shower freshenen up, finally agreed allow us use showers find clean towels entire hotel. We given room 4th floor lift transporting bags child extremely difficult.Our room supposed bath shower would clog time. The rollaway promosed fit room I forced separated another single room downstairs.Curtains ripped, lamps broken, musty smelling, dilapidated bathrooms, external doors lock breakfast left alot desired. Management extremely unhelpful I still awaiting full refund falsely advertised website. I advise anyone wants hassle free holiday steer clear place!!!!",-0.017853099120082826,0.4901138716356108,Apr 1 2004
