,Unnamed: 0,Reviews,polarity,subject,Dates_extracted
0,0,"Shephard nightmare I want warn everyone considers staying Hotel 65. Hotel 65 definitely place be, want rude staff, enjoy broken furniture, feel home place dirt cover floor, almost substance floor, blankets curtains. Test survival skills; survive hotel, know able stay anywhere.We rented room Hotel 65, knowing cheaper section. We promised something basic small clean agreeable neighbourhood. However, place awefully dirty, lot furniture broken, dare go shops across street alone, 9 o'clock popular hangout alcoholics. So avoid place, unless mind roughen things lot!",0.005128205128205127,0.6115384615384616,Oct 26 2009
1,1,"Normal good price We picked good price location. It approximately 10-15 minutes walking metro station (Hammersmith). The room clean, without noise next building. We also continental breakfast included price (one toast cheese juice).The problem room key working, receptionist helped us :)",0.22407407407407406,0.6833333333333333,Jul 3 2009
2,2,"Once BITTEN twice shy! I avoided writing review harrowing visit Hotel 65, fact I still paying price visit left choice warn others.I keen staying I believe comfort budget friends booked course, price seemed reasonable.The expect price range: cramped, poorly furnished basic. What I expected following:HORROR NUMBER 1: My partner found white plastic contraption bed &quot;Pest control&quot; written it. Clearly expected &quot;visitors&quot; room. It seems wrong...HORROR NUMBER 2: I woke, went shower room discovered horror I large number red bites stomach. You know without spelling out. Three weeks bites gone away. Only antihistamines make go scarring.Please, I really recommend keep well away place.",-0.06663614163614164,0.3327533577533578,Dec 22 2008
3,3,"Not faint hearted Cheap London terms still expensive was.Good location lots restaurants nearby good pubs including excellent one Brook Green.Now hotel.... plastic sheets bed (cringe) worn bedspread. The room musty smell though someone old lived long time forgotten bathroom really toilet shower enclosed cupboard. The TV small postage stamp reception fine wanted watch snow falling. All all, room shock okay night.Breakfast choatic good great service probably best bit stay.",0.3128888888888889,0.542,Oct 21 2008
4,4,"Cheap cheerful Yes, room small, especially bathroom. Yes, breakfast pretty basic. Yes, boil kettle floor lead long enough reach socket. But price, London, expect? The room clean comfortable, water hot, breakfast plentiful. As base shopping/sightseeing, fine.",0.1064102564102564,0.6903846153846154,Sep 30 2008
5,5,"OK budget Stayed Hotel 65 three days September. The location good, 10-15 minutes walk Hammersmith station, neighborhood nice &quot;un-touristy&quot; shops restaurants. I single room New Century Inn. The room pretty small comfortable, queen-size bed. As quoted guests, problem hot water. On first day, I get any; second, I complained reception told guest room next mine used hot water, I really believe. The receptionist came room, turned leave water running 10 minutes get hot.However, general room clean adequate, three-star standard (no phone, TV working channels, desk one chair). I surprised learn charges extra 5 GBP &quot;English breakfast&quot; (and skimpy one standards), even though reservation included full English breakfast. The breakfast staff incredibly hectic, banging plates spilling juice. The standard Continental breakfast toast, jam, cheese cereals.I might stay again, certainly favourite place.",0.15602475649350653,0.49724770021645026,Sep 17 2008
6,6,"The Worst Hotel Experiencen I EVER Had It supposed weekend get together friend watch nice theatre play. It was. The Hotel divided buildings (in different blocks, walk bag miles!) problem telephone call reception.Rooms warm water, bad matrisses suspiciously unclean. Or it, I case.My friend upset decided leave could sleep one night uncomfortable bed. Indeed moved street got better deal better room.I breakfast there, I cannot tell. Accomodations terrible, service rude, worst value money. Avoid costs.",-0.2076923076923077,0.6993589743589743,Jun 25 2008
7,7,"A NIGHTMARE We school trip ( students aged 15-16 LODOSA, Spain) really bad experience. The man night shift really rude us insulted students, really well behaved good mannered, calling &quot; stupid idiots&quot;.The place really dirty, cleanliness rooms, broken items furniture. The thing manager wanted 150 pounds deposit obliged give day arrival. So, accused us smoking rooms breaking furniture. He liar!We congregate street 10 p.m! If made noise, fined 20 pounds each. Something incredible.Our students really afraid dare go bedrooms, case terrible man appeared. They donÂ´t deserve it, IÂ´m sorry them.I wouldnÂ´t recommend anyone.I must say asked police Hammersmith help really helpful kind us. This seem new them, I think first time received complaint hotel.My best regards nice students Pablo Sarasate High School Lodosa, showed respect patience towards complicated situation go through.",-0.09303030303030299,0.6425974025974026,Jun 23 2008
8,8,"Ok overall short stays I London 4 nights travelling alone I booked single ensuite room Hotel 65. Once I told hotels fact 6, I sent Hotel 45, 100m road Hotel 65.The room extremely small, smallest room I've ever into. The &quot;bathroom&quot; even worse, washing shower pain I hit walls every time I tried move.A good thing clean (for UK standards), even nice smell.Another good thing 10-15 min walk Hammersmith underground station, take center London 20-30 minutes.Overall good short stay place sleep, I recommend people want spend time Hotel.",0.1411820818070818,0.4179628357753357,May 19 2008
9,9,"great value service 10 us booked individually without telling connected ,on second day rearranged rooms could building.Lucky told first evening full next day ,we long Easter Weekend.Comfortable clean rooms ,very clean bathrooms great breakfast.Friendly staff good value -what could ask for.",0.3387179487179487,0.4767948717948718,Apr 20 2008
10,10,"OK location bit scummy A party 6 us checked Hotel 65 told rooms actually 200 yards away another building. Hotel rooms teeny tiny, pretty gross decor. Although first glace look clean, I happily surprised white crisp bed sheets. We ALL cold showers, bathrooms small, one person pivot way around it. Breakfasts 'full' 'English' instead toast plastic cheese offered. Yes cheap (only London standards) I still feel could received money.",0.08425925925925926,0.54,Mar 25 2008
11,11,"Cheap Cheeful Having read several reviews wanting book room &quot;do&quot; London cheap seemed good choice daughter I stayover.Having walked three miles WRONG way Hammersmith Tube, I call get directions back. Not chuckly helpful mishap helped break ice arrived.Having one annex rooms problem though climb three floors could either us needed ground floor rooms - though I guess said they'd obliged.Nice clean room warm. Curtains needed bit thicker block early morning sunshine hey...it sunshine!Bathroom bit small side clean nicely done staying one night certainly good enough.Beds comfy nice clean white sheets. Tea Coffee standard TV trouble receiving channels without extensive fiddling aeriel.Breakfast enough much toast cereal could eat although breakfast room packed statt stayed calm hassle us make room guests queuing come in.Friday night saw us &quot;local&quot; The Richmond staying close drinkers staff great fun making us welcome. Across road outstanding Indian called The Raj India used daughter fancy Le Cafe Rouge.All Â£23 certainly somewhere I would happy stay again. And friendly pub eatery close could want fancy London cheap",0.29283673469387755,0.5682789115646258,Mar 11 2008
12,12,"Never believe internet photos! When I arrived there, guy reception desk weird accent told room another building, trying convince room better!? It nightmare, room top floor(former attic) open window almost ceiling, broken, I sleep cold air drunk people's songs filling room al nite long.And hot water all!!Next morning I stopped reception, another guy knows country, like complaints, almost yelled said he'd check room. That afternoon nothing fixed I wanted leave hotel. New receptionist, young woman Bulgaria, offered another room main building, awful least window broken! Then showed toilet?! corridor room! It worst ever, go respect yourself! I chance time I stay NEVER AGAIN IN THIS WORLD!!!!!! By way kind country that?..How come still business???????????Shame ENGLAND!!!!!!!!!!!!!!!!!!!!!!!!!!",-0.10925737834242923,0.5901515151515152,Feb 7 2008
13,13,"Nice Well Located Budget Hotel Stayed 3 night break November couple. Weather pretty poor (wet &amp; cold) UK winter. The room quite small 3 single beds. Pull back covers reveal spotlessly clean white sheets. The bathroom also clean. Location excellent 3 tube stops within 10mins walk hotel. No lifts tall affair. We stayed Bed full English breakfast basis. The breakfast consisted coffee/tea, toast, 2 bacon, 1 egg, 1 sausage tomatoes beans. All well cooked tasty. Staff also friendly effeicent. To sum travelling budget want clean, well located look further. We use could recommend others want frills accommodation.",0.14242063492063495,0.543015873015873,Nov 21 2007
14,14,"Does says tin Clean, cheap, great value London. Nothing spectacular - GBP45 single room cooked breakfast absolutley fine. Spotless, warm quiet room, spotless bathroom (if cramped).Adequately comfortable bed. OK, walk 20m road next building - well what? Many hotels wlak much further! One two revieiwers may got unlucky_ others perhaps looking something basic clean B&amp;B nights tow. The seemed lot young tourists UK. Would I stay again? Certainly I needed part London. Would I take wife/family - yes I would price.",0.29143692564745194,0.5043650793650793,Nov 17 2007
15,15,"Find somewhere else next time This bit joke really. Although London-Discount-Hotel.com sent booking two single rooms, Hotel 65 record it. The Romainian night reception helpful -we first shown two single rooms front 65.They small noisy. The radiators could adjusted room hot. When I complained daughter given better room road. It full breakfast I led believe choice all-white bread toast cheese. The breakfast staff friendly enough rushed breakfast started 7pm 9pm Sunday! So everyone came 8.50am. My final thoughts owner simply money interested improving properties customer service.",0.05891690009337068,0.4222315592903828,Nov 9 2007
16,16,"Hotel 666 I stayed Hotel 65 ( call hotel) two weeks ago. I'm fussy place joke 'dude reception' even bigger joke.This consists three old houses, I staying two doors down. I found people reception rude, hello, please thank you. They stayed phone yapping boyfriend checked in. And show us room I found strange seen street. When got room strip nails lining corridor carpet must been. The room freezing I asked reception heating come soon said play around radiator. It get fixed two days. Every night gang kids hanging outside window night group kids throwing house party upstairs music blaring. Im 23 i'm old prude would get peace hostel.Breakfast ridiculous. The manager expected boyfriend sit opposite ends room strangers space. When I said politely I mind waiting table got sarcastic. The breakfast consisted white toast gone cheese tea. When I asked would proper breakfast available waitress atomatically called wonderful manager. He offended said contenental breakfast we'd bothered look website we'd know that. ARROGANCE!! He horrible. Shepards Bush Great though time lives.... bother Hotel 65. Some people deserve custom money.",0.05718434343434343,0.4594444444444445,Oct 15 2007
17,17,"Cheap clean good food overall good experience. Having read reviews here, I little skeptical; however, I need cheap place stay concert Appollo looked ideally located.Was bit tube station I'd thought much. Found dude reception friendly, polite helpful. I directed house side street - The New Century Inn, lovely building, looked fairly recently redecorated I pleased.The room clean, warm dry. Very quiet also, lucky get room round back facing gardens street. Bathroom small, shower powerful lovely hot that's I care about. Tea making facilities room heavensent. Beds bit hard linen lovely crisp clean.Breakfast gorgeous. The dining room full, yet waited longer 10 minutes whilst waited, almost move offerings toast, tea, coffee anything else wanted. The cooked breakfast excellent perfect get day started.I think previous reviews little date - I recommend travellers check dates left, seems gone refurbishment recently. I'm sure buildings I experience unhelpful, rude staff, damp mould lack security buildings.Overall, excellent experience money.",0.22355884425651865,0.5609325816302562,Sep 16 2007
18,18,"Could good We stayed two occassions Aug 2007. The first room appeared great first inspection. However, mysterious sewerage smell hot water shower. The second time seemed better, although get 60 stairs room. The room small great slanted roof funky ceiling window could stick head out. However, time tarnished rude man counter. Fortunately, staff friendly, especially hard working breakfast staff.",0.18645833333333334,0.5770833333333333,Aug 21 2007
19,19,"Good little hotel!! ideal location! Me boyfriend stayed went watch Charlotte Church Shepherds Bush Empire, wanted somewhere clean, cheap cheerful exactly that!The room clean tidy little small day sightseeing didnt matter!! The location perfect going concert sherpherds bush walking distance lovely restaurants pubs near by, also close tube quick travel London.I would definately use next time come London found pleasant comfortable price!",0.37271701388888884,0.6561111111111111,Jul 23 2007
20,20,"Not Great Arrived day early thankfully room available - dungeon. Placed building next door (apparently Hotel 6 separate buildings scattered along street) lowest level, Americans would probably call basement. The room small, wife wanted move immediately, I made stick four days. The accessories, cups, glasses dirty arrival replaced daily. Small &quot;bugbear&quot; mine, I like clean stuff. When I went back reception requested clean stuff, lady behind counter provided them, seemed inconvenient her. She polite, appeared stressed.Having said that, Hotel ideally located (except drunks across street two buildings inhabited steps ogled young ladies walked past). The Hotel priced well location Hammersmith pretty good commuting/visiting London.Would I stay - likely, pay extra dollars somewhere bit better.",0.08611111111111111,0.5023555555555557,Nov 20 2006
21,21,"Basic bad price though Basic, clean hotel. Bathroom small catch missing door. Not problem, attention little things like budget go long way helping image.However, Greek(?) hardcore porn channel midnight considerably cheer things up!",0.007916666666666653,0.3536666666666667,Oct 27 2006
22,22,"Reasonable - would expect price Hotel 65 gives pay for, reasonable price would expect standards 5*. The room clean, little small side, tiny. The towels washed night staff friendly. For price, I think could ask more.The easy find Hammersmith tube station, 5 minutes walk. It located road filled similar hotels.On downside, breakfast rushed; although site room booked stated price includes full English offered toast cereal. However, minor complaint.If I looking stay London bargain price I would hesitate use again.",0.10958333333333332,0.5576851851851852,Oct 15 2006
23,23,"Difficult one this.. Stayed family stay highs lows.On plus side staff/owners friendly helpful, toilet clean newly laid floor tiling. Beds clean room cleaning service good.The breakfast room busy staff coped beautifully pressure quality breakfast excellent.On side fact room small almost room move beds. The walls stained full dirty marks paint job wouldnÂ´t bad idea. There one lamp room ceiling one, making impossible read getting kids sleep. There one set wall sockets, one tv one beside behind bed making impossible use tea kettle without moving bed away wall. The toilet door lock it, wardrobe doors without knobs opened putting finger small hole someone made door, small bedside table lockerÂ´s door ripped itÂ´s hinges left standing floor.Compared East London stayed week priceworthy whole IÂ´m afraid, state room tipping scales minus side.",-0.07382809577254022,0.563707444818556,Jul 11 2006
24,24,"Cheap Had relatively pleasant stay. We arrived early morning flight &amp; room made yet. The staff nice enough get room ready within hour, went street cafe waiting.The clean, came usual amenities. The complaint would room EXTREMELY small. It difficult 2 people get dressed/showered etc... time. If larger person, would literally impossible use bathroom shower, smallest I'd ever seen. The bathroom clean though.We stayed room next common breakfast area, door room corridor breakfast, still quite loud starting around 7am, breakfast starts. You may want ask room main floor, probably quieter. The linens clean, soft comfortable. The main attraction room quite cheap London, included complimentary breakfast. Breakfast though consisted toast, coffee/tea &amp; juice. If wanted cereal ask it, free. Apparantly serve eggs &amp; bacon extra cost. Their website indicates &quot;full english&quot; breakfast included, reality not.Overall, staff friendly &amp; helpful.",0.09753071581196582,0.5583266559829062,Apr 13 2006
25,25,Cleancomfortablefriendly Well impressed quality comfort rooms.Very friendly helpful staff - breakfast room busy well ordered - usually good sign hotels popularity busy I stayed 2 week period whilst working.Have good fire alarm system buildings (I work health safety industry) saw/heard tested consecutive Sundays plus best L1 standard -only one I seen road comprehensive system- stayed 3 hotels best.Will stay again.,0.32787037037037037,0.502824074074074,Apr 7 2006
26,26,"Cheap Recently went see Black Eyed Peas Concert Hammersmith Apollo found internet bargain price December period Â£98 two nights.On Saturday arrived discovered parking close by, park residential parking space evening moving car next morning. Then, entrance hotel, lobby compact three young lads sat stairs, making place look like youth hostel!!After polite check shown room seemed like storage room, also part breakfast room, whilst told breakfast served 7am 9am daily, including weekends! I'm one bit lie weekends make breakfast Sunday!On entering room, small ... freezing cold ... heating reason windows room open, one catch close properly. We figured best plan would close windows go food, hoping would warm whilst .... luckily did!The en-suite, definitely bigger build... I'm exactly petite, size 12 lady I turn round without open door.However, room clean ... could still smell bleach bathroom ... I cannot complain that.Breakfast day 2, made plenty time for, unlike table behind us offered toast, orange juice, tea coffee, full english included price ... never offered!Those said friendly hotel, I read comments booking room, I seriously believe stayed different hotels! Cheap ... Yes ... Cheerful ... No!",0.08866666666666667,0.5197777777777778,Dec 21 2005
27,27,Great little Stayed Queen concert Hyde Park. Hotel east get right next bus stop needed get home next day - bonus!! Friendly staff clean tidy rooms made pleasant stay. Would recommend!!,0.3599867724867725,0.5280423280423281,Jul 18 2005
28,28,even better,0.5,0.5,Apr 24 2005
29,29,fresh friendly,0.3375,0.5,Apr 8 2005
30,30,Extremely good,0.7,0.6000000000000001,Mar 12 2005
31,31,friendly nice,0.4875,0.75,Feb 17 2005
32,32,Not quite website promised,0.0,0.0,Feb 5 2005
33,33,OK price,0.5,0.5,Nov 30 2004
34,34,Great location concerts,0.8,0.75,Nov 22 2004
35,35,Service grunt,0.0,0.0,Oct 13 2004
36,36,Hotel 65 up-to-par,0.0,0.0,Jun 24 2004
37,37,Check carefully stay!,-0.125,1.0,May 4 2004
38,38,Hotel des Schreckens,0.0,0.0,Nov 7 2009
39,39,Schrecklich nie wieder,0.0,0.0,Nov 3 2009
40,40,fuir une honte,0.0,0.0,Apr 25 2009
41,41,bof bof,0.0,0.0,Mar 1 2009
42,42,Preis-Leistung stimmt,0.0,0.0,Feb 3 2009
43,43,Hotel 65 non il massimo accettabile,0.0,0.0,Jan 8 2009
44,44,Bon rapport qualitÃ© prix,0.0,0.0,Nov 22 2008
45,45,Ãberbelegung schwaches FrÃ¼hstÃ¼ck eher Jugendherberge,0.0,0.0,Jul 15 2008
46,46,Decepcionante.,0.0,0.0,May 11 2008
47,47,"Attenzione agli ""Annex""",0.0,0.0,Jan 21 2008
48,48,buon posto si puÃ² fare di piÃ¹,0.0,0.0,Dec 22 2007
49,49,Personnel sympa mais rue trÃ¨s bruyante,0.0,0.0,Nov 18 2007
50,50,HÃ´tel moyen,0.0,0.0,Jan 4 2007
