,Unnamed: 0,Reviews,polarity,subject,Dates_extracted
0,0,"Excellent value money Found clean, good size room, helpful staff, fantastic location.Good continental breakfast.Would stay again.",0.6166666666666666,0.8,Oct 14 2009
1,1,"No frills clean convenient Rooms bit minimalist, short stay London ideal. Very clean. Great location minutes walk Baker st Marylebone. There fantastic food pub next block called beehive. Good pub food reasonably priced. If want luxury stay choose value can't beat it.",0.36433333333333334,0.586,Sep 7 2009
2,2,"never suffer degree claustrophobia stay , given room 2 windows , unfortunately could accessed covered perspex sheet . room unbearably hot air con good cool room , noisy , especially night . bed comfortable , one pillow , spent restless hot night asked another pillow next day , receptionist said would get cleaner get one , 8 hours later , pillow , phone call reception , said didnt know pillows ( ? ) second person ask one , said cleaner would bring one morning , good going home next day ( hear bed calling ). staff seem least concerned uncomfortable . dining room small get full , hard luck , go away come back breakfast , one cup coffee offered , ask ! stayed much better hotels london , would recommend one , cleaners done good job either , tea coffee replaced hospitality tray",0.03133333333333334,0.5376666666666666,Apr 24 2009
3,3,"NEVER BE BACK AGAIN I reservation 4 nights. asked pay advance soon I arrived hotel. showed room. single, window.yes windows all. kind storage room transofrmed single. I also double checked arriving nobody told anything it.the girl desk, roberta, firs looked surprised whe I complaining started annoyed request find another room. If somebody upset her. course room available offer said going stay double room one night tomorrow single room window - window something special -. next morning breakfast I discovered roberta room available again.so I move another place leave hotel. I planned start looking another new discussion solution go place 10 minute walking hotel. course breakfast go back 82. place reception, breakfast, storage room, nothing all.everything easy confortable- understand - I wont back again, even location ok. rest standard. staffis absolutely &quot;unforgettable&quot;. booking place please think twice.",0.06900216450216451,0.4170865800865801,Apr 10 2009
4,4,"Good sight-seeing! This good weekend city break see sights london central, however arrival trouble booking requested/paid single twin rooms turn ended double beds!! This exactly ideal long journey travelling. Despite disappoint rooms, apologetic gave us free mini bar inconvenience, much debate. Rooms basic, clean somewhat comfortable however room strange smell ( damp goodness knows else). Bathroom fine although dont think shower head cleaned sinced opened. My friends air con work room room cold say least. Breakfast edible.. basic dining room tables... would advise stay get early. Im glad pay extra breakfast would dissapointed. Despite issues hotel, staff friendly ideal sightseeing, shopping etc.",0.12340388007054673,0.45284391534391544,Apr 1 2009
5,5,"Exceeded expectations I &quot;typical&quot; Euro hotels I walked expecting little bed somewhat functional bathroom. As such, I tremendously pleased fine little beat expectations.You cannot beat location. Very close Baker St. Tube several bus lines. You could spend whole day Marylebone shopping, eating drinking wanted. Room minimalistic, bed extremely comfy. Bathroom basic. We trouble shower. Water pressure low, unlike many American budget hotels. Point being, hard get cleaned up.Breakfast, despite reviews here, better I thought would be, too. Cereal, breads... typical Euro fare.Only potential downsides: If room overlooks Gloucester want sleep in, going deal frequent noise buses. Service extremely friendly, though night staff equipped handle minor issue room night... wait morning.I would absolutely stay again.",0.10180555555555558,0.4667361111111112,Mar 10 2009
6,6,"refurbished???? Well really wish read reviews first.We arrived early dropped bags hotel.Very helpfull staff.No complaints there.Spent day looking round.Went back late.Picked bags.Took lift fourth floor.LIFT blimey designed krankies.The room looked inviting,Untill closer inspection.the bathroom nice shower well maybe mr muscle could stay night.The bed comfortable shame quilt thin.Wouldnt really bothered draught window.Which gave room chill.And rising damp near sockets good sign.And window saturated condinsation. wonder coat damp next morning.We went dining room next morning breakfast,think designed designed lift.Breakfast disapointing selection inportantly standards.All food uncovered IE FISH MILK??? was,not much left.So asked toast.the reply got.Toaster today working.Shame wont going back.very priced.",0.15571428571428572,0.33,Feb 17 2009
7,7,needs good clean stayed appartment part told get keys phone rooms connect main shower room needed good clean blinds big black marks windows filthy winow sills maid came day didnt change bedding turned duvet cover inside good location though well furnished needed really good clean let good,0.28034188034188035,0.5581196581196581,Feb 2 2009
8,8,"Ok Price but.... I booked Hotel based reviews, two night stay New Year. We paid 270 GBP double room.On positive side decor clean fresh staff courteous helpful. The continental breakfast basic well presented.The location good Oxford Street etc.The downside room minimalistic (ie stark) pictures paintings. The bathroom clean little musty. The main problem bathroom whilst multi-function power shower, power it, shame.In bedroom lights bed set high wall could reached bed. Whilst sockets bedside lights, none supplied. The result could lights none - romantic.The double glazing provide much sound proofing, normal business day noisy.I would write hotel, would first choice go back to. I would research first",0.220701581027668,0.44021739130434784,Jan 2 2009
9,9,"Great location good value Central London For Â£130 2 nights including breakfast, (lastminute.com) can't get much better value centre London. The location minutes' walk Oxford Street ideal shopping trip. If looking travel afield, Baker street tube staton short walk direction. The welcome warm challenge arrival getting tiny lift travel 3rd floor room. The double room spacious free internet connection via cable, tea coffee making facilities, LCD TV nicely done marble-effect shower room.On downside, bed bit soft liking, we're used firm matress, shower particularly powerful. We wondered power shower (it certainly looked it) connected electricity. The double glazing keep noise traffic, obtrusive accept noise central location.Breakfast good mix bolied eggs, croissants rolls, cold meat, salmon, cheese, fruit, cereal, coffee fruit juice yoghurt.All all, better-than-average experience Hotel 82, we'll back.",0.2033068783068783,0.5128306878306879,Nov 29 2008
10,10,Overpriced We paid Â£114 breakfast felt disappointed thought overpriced.The room basic stark large burn mark carpet. The shower interesting screen difficult extend leaked anyway shower head much limescale struggled get sprinkling water.We booked 1 night see band London prior going evening ventured bar find one serving looked like served soft drinks anyway ..... Check ok receptionist friendly upon departure advised still waiting us check in! find payment. They finally took copy receipt said ok leave. The good thing breakfast served dining room (Basement Level). All tables laid nicely good continental selection friendly/helpful staff. The good location also noisy location .....,0.17892762660619804,0.5972600151171579,Oct 31 2008
11,11,"welcome 50's (but nice) first all, I read recently undergone full refurbishment, probably better now.Although furniture room like thrown boys' bedroom 50's, heavy curtains dusty carpets, *but*, good value money, breakfast great, complimentary coffee room delicious (with boiler tee / coffee galore), bathroom acceptable even though bit noisy, personnel really helpful nice.Considering position (very close tube) usual high rate London hotels, I look forward stay place.",0.32625,0.5595833333333333,Oct 23 2008
12,12,"Very pleasantly surprised We needed near Baker Street chose pretty much random looking map. I must say I bit put reviews, bit desperate rang booked. The price fine (Â£70 double room), room seemed newly decorated, nice TV, good bed, clean everywhere good double glazing. We suprised find good continental breakfast-croissants, rolls, eggs, cheese, ham, cereals, juices etc. We definitely stay again, really fault needed. And staff met full smiles, helpful, friendly.Ariadae",0.20148484848484852,0.5407272727272727,Sep 1 2008
13,13,Dont stay even desperate One piece advice. Stay away place. Book hostel ..even share room strangers probably bettter. Everythings broken dump brekkies vomit inducing unrefigerated muck.,-0.5,0.7,Aug 12 2008
14,14,"Great position Arrived London Marylebone station 5 minute walk arrived Hotel 82. We check 12.30pm room available 2pm lockable cupboard could store bags went exploring wound Madame Tussauds afternoon (what waste money - queued hour get in, far busy see waxworks 40 minutes), anyway... checked room comfortable, little worn. Some paintwork needed re-doing dust behind tele shameful air con full blast relief hot sun.. bed comfy also, little soft. Bathroom clean modern ok shower, looked better lots jets water pressure much. We stayed Hotel 82 locality going concert 02 Arena easy pick tube Baker Street straight concert venue. As reviews pointed out, front rather noisy night, staying capital city expect.. want peace quiet go Lake District... Breakfast following morning continental fruit juice, cereals, bread, burnt croissants, boiled eggs, stale french bread hams cheese good cup tea.. set us suitably lunch. Overall good job. Great location reasonably priced London hotel.",0.21060606060606066,0.5012626262626263,Jul 31 2008
15,15,"Noisy - Noisy - Noisy! We stayed Hotel 82 one night July 2008. The well placed - 5 minute walk either Marylebone station Baker Street Tube Station.The much small &quot;boutique&quot; style - neutral areas around rooms. The Staff attentive friendly - arrive quite early check day asked leave bags luggage cupboard. The room decent enough - clean , comfy bed, good bathroom generally good facilities. The based gloucester place - 3 lane one way road boy noisy. We arrived back around 12 midnight traffic simply stop night - buses / lorries continued throughout night soundproofing average - would suggest light sleeper get room back else simply get sleep - noisy!!That apart fine 1 2 night stay - dont forget earplugs!!Breakfast strictly continental affair - may queue breakfast room 6 tables 20 rooms.If get cheap deal - problems, would certainly check elsewhere first!",0.2123538961038961,0.4902597402597403,Jul 30 2008
16,16,"disappointed Good location disappointed room - needs re-decorated,very scruffy looking, phone kettle work problems tv channels. Had room front noisy night due lack sound proofing windows. Tried breakfast hotel, dining room small could cater guests - ended going elsewhere eat. Put experience one night stay - overall think could got better standard price.",-0.0062500000000000056,0.4333333333333333,Jul 13 2008
17,17,"Mediocre Completely fine functional, Â£100+ night wish get bit stains walls, remote control etc etc. Quiet comfortable pretty small room. Shower wimpy. It trick much else. Equal distance Marylebone &amp; Baker Street stations easy five minute walk Tube. Not much else recommend.",0.11666666666666668,0.5180555555555556,Jul 9 2008
18,18,"Loved great Good clean hotel, perfect couple nights business. Continental breakfast, lovely staff, good sized room. Brilliant location. Great shower! Only bad thing I could say lift quite small. Great air conditioning too, perfect hot summer (if get one!).",0.5219444444444444,0.7744444444444445,Jun 21 2008
19,19,"Good noisy street Hotel 82 located close Baker street tube station Madame Tussauds. Although near tube tourist attractions downside this, Gloucester place really busy noisy street even night. So ask room, facing street buy pack earplugs.Hotel nicely decorated clean. It seemed recently renovated. It quite tastefully decorated, instance colorscheme neutral tacky all. The room digital safety deposit box free charge. There also hairdryer bathroom adjustable showerhead. Unfortunately water pressure quite bad, I assume general problem London.Breakfast included price room. It basic continental breakfast croissants, breadrolls, cereals, muesli, coffee, tea, juices, boiled eggs, yogurts fruits. Nothing fancy enough begin day. All enough choose from. The breakfast room quite small, mornings wait get seated, long wait.Hotel staff polite efficient.",0.05104166666666668,0.5088541666666667,May 28 2008
20,20,"Hotel 82 London Best Hotel Stay Ever! Wow, excellent tourist London know stay, happened upon needed nice safe place stay close everything, huge tons ammenities, rather boutique bar, elevator, 24 hr reception, airconditioning, safes, minibar, fridge, coffee/tea, phones, lcd tv, luggage room. It fabulous stay City London, tourist, never anyway! But wake fabulous breakfast beautiful room, get home sumptuous bed bathroom (see pics) comforts home, staff nice, spotless, modern yet elegant inside whoever designed place genius, best all, 5 min. walk Baker Street Station find train station, bus station, tour buses, Madame Toussaud's Museum Beatles Museum one block away! A gem find especially London repeat expensive all...you glad stayed here. This gets 5 stars me! see www.hotel82london.com",0.52203125,0.818125,Mar 25 2008
21,21,"Perfect Central London Location I came back visit friends In London city things - found little perfect, great location easy access Baker street station.It's small bathroom tiny clean, modern perfect nights affordable stay Central London - would recommend short stays.",0.2775,0.5255555555555556,Jan 2 2008
22,22,"suites 146 We stayed 13 nights suites owned hotel. Found staff indifferent guests seemed want hear correct problems (internet dryer broken). The mattress floor box spring frame. On postive side, placw well located large enough (although bathroom possibly smaller). I would recommend place anyone.",0.0028571428571428524,0.4257142857142857,Sep 26 2007
23,23,"Hotel 82 After searching internet week find spend bank holiday weekend I came across Hotel 82, one cheapest I found (Â£280 3 nights including breakfast) one best looking also perfect location catch coach Stansted Airport early Monday morning. After booking double room I came across poor reviews made consider cancelling booking, upon arriving pleasantly suprised. The within 10 minutes walk Baker Street tube station, rooms clean equipped air conditioning, safe mini bar, bathroom shower excellent, breakfast also good.The room made day shampoo etc replaced, also found reception staff helpful, allowing us use staff computer internet print flight details. I would single complaint make would definately use again.",0.3170408163265307,0.5422108843537414,Aug 27 2007
24,24,"Was impressed 146 Suites Stayed 3 nights couple friends impressed. The rooms spacious, double bed, wardrobe, chest draws, tv table chairs main room. In room double sofa bed kitchen area. The kitchen well appointed kettle, toaster, microwave 2 ring hob. There plenty cutlery etc. The bathroom small everything needed including hairdryer.The room cleaned daily, stayed weekend room cleaned Saturday Sunday. The towels changed daily, folded swans!The suites good location Marylebone Baker Street stations, less 5 minute walk each. Oxford street 10 minute walk awayThe downside ground floor road outside could noisy night. Otherwise enjoyed stay would definitely go back.",0.17794117647058824,0.40147058823529413,Aug 21 2007
25,25,"Stayed 5 times I think Hotel82 offer great value money. It's location speaks - 5 minutes Oxford Street one direction Baker Street other. The place modern contempory feel it, admittedly compact. The rooms bathrooms clean modern, little small. But said, often avaialable via 'Laterooms.com' Â£100 per night (including lite breakfast) I think represents good value money. Ask room back, quieter.",0.18935185185185185,0.4361111111111111,Jul 29 2007
26,26,"The longest 3 nights we've long time This advertised 4 stars evidence actually &quot;any&quot; star all. A twinkly lights round name plate make place 4-star.Minimalist hotels nice actually basic - provide tea/coffee making facilities 2007 &quot; 4* &quot; incredible. We two lights work time (the main light one out) - reported reception fourtimes. The lights remained even checked out.The breakfast great - items kept chilled (ham salmon) warm items hot also warm......We never bothered &quot;bar&quot; - look inviting....... Looked like restroom reception staff.The bog roll supplemented &quot;spare&quot; toiletries replaced time there.The lift? Well, interesting - cramped 2 people in.And decide &quot;give place whirl&quot;, ask room back noise road pretty loud (I managed to&quot;lie in&quot; 4.50am one morning, awake much earlier two!!).",0.23106770833333332,0.5116666666666667,Apr 20 2007
27,27,"Fab fab location Have spent night partner part birthday treat treat turned be. The clean modern although rooms little small side much room person need sleep? The idea spend time exploring London sitting bedroom I agree negative comments left previously.We top floor back quiet peaceful night. The bathroom superbly decked marble chrome hot powerful shower.The breakfast included another plus point hotel. Service quick, polite selection plentiful. For price paid location fantastic! We close West End within walking distance Oxford Street.I simply cannot fault feel value money received exceptional. We would defiantly stay future already recommended many friends.",0.20632575757575758,0.4897943722943724,Apr 17 2007
28,28,"The tiniest whole wide world... many half measures. Hotel 82 case bizarre half measures. Thereâs lift, itâs small fit two able bodied people crush - thereâs way wheelchair could fit in. This seen attached photo, petite girlfriend seen touching sides lift without stretching.This continues room. Take bathroom: thereâs state art shower (very nice) 1 ply, rough toilet paper (less nice). Thereâs cool LCD telly bedroom (nice) shows terrestrial around 15 indecipherable foreign channels (kind pointlessâ¦). The bedroomâs clean nicely decorated, small canât get bathroom door open - see picture. The room small fact, bending get something cupboard, I cut back desk right bed. Painful, annoying, perfect example whatâs wrong hotel.Staff vary acceptable comically unfriendly, breakfast well stocked, little bizarre. Cold boiled eggs, anyone?Location convenient Baker street station, going itâ¦",0.10202480158730158,0.5618650793650793,Apr 3 2007
29,29,"Oh fun night I thought I would give try, maybe I listened bad reviews.On arrival I told due problems water system, water room, shower (they installing tank roof fix problem). They told unable contact I booked Expedia?! The girl front desk said would organise small refund, I haven'theard yet.I allowed quickly show another room booked person arrived yet, I asked quick!The room ok, Internet access though.The bed itchy! Every anoying, time. I know bed bugs bad washing powder (may everyone else mentioned it).The next morning, I checked out, girl front desk mentioned stayed room next mine shower working fine. Thanks.",-0.03269230769230767,0.3679487179487179,Mar 11 2007
30,30,"Poor apartments We stay, wife I 146 Suites belongs Hotel 82 London last 3 5 March 2007. They give us apartment basement old victorian building, poorly refurbish. The bedroom view nowhere like photos illustrated. The bed small size one 1.35m width without bedboard tables. The bathroom two square meters. The apartment well situated 400 Baker Street Station closed Luton Easybus.",-0.18571428571428575,0.3523809523809524,Mar 10 2007
31,31,"Lovely I spent night 82 good. I expected something bit worse (as many uk hotels tend oldfashioned/ancient) actually modern comfortable. My bedroom small ok, small modern bathroom excellent shower, big bed, plasma Tv.... I would'nt complain hotewls teh city .... I like 2 remember!",0.1747058823529412,0.4552941176470589,Jan 14 2007
32,32,"82 - bad I booked thru work along 3 colleagues close event attending Park Lane fairly cheap. It looked nice website reading TA reviews I bit worried.But actually OK. When checked receptionist ask could copy personal id refused said mangement said ask left that. Having said details company credit card fairly low risk.The rooms small lovely - clean, modern, nice en suites comfy beds. Not lot space problem. I like tea coffee facilities room especially buying cup tea cost Â£2. There coffee bar round corner tho mind going better.We arrived back late staff (and friends?) reception tiny bar. They friendly noisy made hard hold conversation bar altho went rooms couldnt hear thankfully.Breakfast tiny nice dining room basement. The selection limited - nothing cooked - OK.So overall nothing rave nothing bad either location good.",0.13977040816326533,0.5240306122448979,Nov 30 2006
33,33,"Bedbugs...not given room honeymoon We booked via Laterooms supposed first night honeymoon flew heathrow next day.We arrived greeted receptionist informed us room case bedbugs could get room. We basically trek back home Surrey spent night home, rather enjoying first honeymoon night...not pleasant experience.Also noticed guests complaining rooms.",0.18854166666666666,0.33854166666666663,Nov 25 2006
34,34,"felt like box Hotel 82 real dissapointment seeing website.We met receptionist man leather jacket, left then,The room empty souless shower dribble, We discussion essential retain copy driving licence, recieved payment, asked us passport travelled midlands think take one!!! I minded retention information quite much information stored correctly ringbinder shoved desk inspire confidence. Having recently victim identity fraud I loathe leave details anyone,",0.028125000000000004,0.325,Nov 10 2006
35,35,Great clean comfy central I read reviews worried bookng I been. This 3 minute walk Baker Street Tube Station 10 minute walk Oxford Street. It quiet area London door always open (we never buzzed once!). The breakfast fine rooms great-very modern clean. I loved comfortable bed. I thought good value money I've stayed expensive hotels London disappointed. I would recommend looking somewhere great stay within budget.,0.24305555555555555,0.6004629629629629,Nov 3 2006
36,36,"Terrible Service Hi visited september 24th 2006 arrived around 9pm paying Â£10 taxi train station. The receptionist informed us grunt problem, booked us would staying another hotel, apologies gave us direction next hotel, walk heavy luggage tow.The new price Â£89 per night quality nothing like expecting picture seen 82.",-0.2127272727272727,0.4159090909090909,Oct 2 2006
37,37,"Wanted like but! Stayed 28th March 2006 I stay regularly London looking type found locked door buzzer slightly putting checked wanted photo ID everyone made photo copy credit card! note 2% charge c/c payment. The lift designed 1.5 people I would say. The room larger enough, spotless light comfortable bed although curtains strangely see through. No tea coffee facilities purchase bar. Continental breakfast limited, coffee UHT, toast fruit 6/8 small tables early. A shame really, slightly better quality breakfast, tea coffee rooms better package",0.10823412698412699,0.39827533577533575,Apr 3 2006
38,38,"Brilliant Cheap, cheerful chic. Absolutely brilliant. Highly recommended. Stayed two nights wished longer. The rooms small &amp; spotless, perfect. The bed sooooo comfy. The continental breakfast ample staff extremely helpful. Would definately go back already advertised it.",0.3761111111111111,0.7377777777777779,Mar 27 2006
39,39,Value money basic clean accommodation Booked last minute. Very reasonable rate included continental breakfast too. Word advice though - go breakfast early dining room small landed queue table! Very central location room clean neat.,0.08588541666666667,0.43958333333333344,Mar 22 2006
40,40,"Cheers Hotel 82! Everything downsized, otherwise optimal. The place extremely clean, bed (twin)and comforter terrific, continental breakfast (included room)was good, location marvelous (quiet, easy walk Baker Street). Highly recommended folks want great, frills place stay.",0.45875,0.7420833333333334,Mar 22 2006
41,41,"Worth visit Visited fist time last week. Found locked entrance door little intimidating (arrived Baker Street tube)and 2 person lift &quot;bijou&quot;! The bed comfy however, bathroom well fitted I bothered noise Gloucester Place I room side. Breakfast continental feel - especially tea served glass beaker uht milk!I turned wrong way times directional signs yet I sure planned soon. In summary, felt newly refurbished good value London.",0.1367694805194805,0.5015331890331891,Mar 6 2006
42,42,"Nice Stay This great location family's stay, within walking distance things wanted do. The staff friendly. Although small problem shower taken care immediately. We definitely stay future.",0.27291666666666664,0.5708333333333333,Feb 26 2006
43,43,If want bed fine,0.4166666666666667,0.5,Feb 18 2006
44,44,Loved,0.7,0.8,Feb 9 2006
45,45,Value money,0.0,0.0,Jan 27 2006
46,46,Better reviews suggested given price.,0.1875,0.4375,Jan 15 2006
47,47,Good quality 3 star,0.7,0.6000000000000001,Dec 18 2005
48,48,Russian service?: service! Do stay,0.0,0.0,Dec 11 2005
49,49,Better expected,0.2,0.45,Dec 9 2005
50,50,Good Little Hotel Ideally situated exploring.,0.4708333333333334,0.7000000000000001,Dec 7 2005
51,51,horrendous - stay,0.0,0.0,Nov 28 2005
52,52,Never experienced bad service,-0.36666666666666664,0.6888888888888888,Nov 15 2005
53,53,splendido,0.0,0.0,Oct 13 2009
54,54,Imbattable Ã Londres,0.0,0.0,Jan 16 2009
55,55,ottima zona l'hotel non Ã¨ proprio pulito,0.0,0.0,Oct 15 2008
56,56,Sympa,0.0,0.0,Sep 8 2008
