,Unnamed: 0,Reviews,polarity,subject,Dates_extracted
0,0,"Acceptable Stayed 4 nights, two tour group two own. Hotel seemed good location tube service. Close shopping reasonable amount eating establishments nearby. Room #30 adequate two us plenty room. Room faced street bathroom large. Box candy supplied room nice personal touch.",0.37823129251700677,0.608843537414966,Aug 27 2009
1,1,"Lovely quintessentially European I found Diplomat accommodations fell night departure, folks Diplomat helpful helping avoid chaos might ensued. The staff friendly, welcoming, well-informed. The well-appointed, charming, convenient work leisure activities, well convenient public transportation points interest. The complimentary breakfast varied, delicious, plentiful. Though room small, small balcony certainly adequate needs. The lovely fruit chocolate basket first night added charm, well. I thoroughly enjoyed stay there. The Diplomat one best places I've stayed Europe.",0.34313725490196084,0.4946078431372549,Jun 14 2009
2,2,"Disaster Booked single line arrived 1pm. Was offered basement I declined. So I shown tiny room, probably 10 feet * 7 feet, including wash stand! Not even room night stand. The weather warm, late April, could shut radiator. After much complaing, I given large double room top floor fine VERY noisy taxis passing night long. What shamer charming house great neighborhood (Sheraton Belgravia 30 yards away) poorly greedily operated.TO BE AVOIDED",0.18730158730158733,0.5061904761904762,May 26 2009
3,3,"Hotel OK Hotel ok. Located Belgravia. Not near anything specific. stores, transportation, etc. really close. Although certainly available within walking distance.Rooms good size. mostly single 2 single beds. We double. attempts old elegant feel it. great winding staircase lobby room musty faint odor. sort fresh old. bed ok. bathroom long skinny - appeared took one side room build bathroom. first come towel rack. pass long tub - barely room walk curtain hand held shower - I hate - come sink toilet. towel rack place cosmetics etc end. sure towel rack etc here. certainly room put one wall.we one night leave full breakfast available. breakfast room nice. quick continental type breakfast. small elevator.not cheapest area. computer available guests use.",0.1348749398749399,0.4771548821548822,May 10 2009
4,4,"Avoid Basement I idea except basement. Our room located underground extremely noisy 7am. Every day (we spent 4 nights) 7am employees started open close basement door hotel. Every two minutes walls trembling absolute uncapacity realize customers sleeping dark basement. Additionally, cars traffic producing noise pollution heads.The rest? Breakfast good rich. The location great. Probably, chance located room view sky, accomodation good.",0.24,0.57,Apr 17 2009
5,5,"priced basic girlfriend stayed various hotels london although great location disappointed diplomat hotel.staff friendly helpful however room small, basic old fashioned. 'colour tv' fuzzy took much space already small room. bath multiple hairs previous occupants toiletries supplied half full. bath hand held shower inconvenient night stay early check time (11.30am!)we found fact hand key ask back every time leave return unnessecary.the full english breakfast complete sweetcorn(!?) lukewarm, sparse poor.compared london hotels stayed found diplomat priced. hotels equally good locations bigger, better furnished rooms superior eating facilities diplomat.",0.08264367816091954,0.4445977011494254,Apr 12 2009
6,6,"Keep Going Back! My mother person family found hotel. We become frequent guests since initial trip. This great place stay looking quaint, quiet place rest visiting London. It's beautiful building, rooms, although quite small, nicely furnished comfortable. I one room small bathroom, sink bedroom! It ended favorite room.The breakfasts quite good well. They're 5 star gourmet, filling tasty. What really makes place special staff. They universally friendly extremely helpful. Once mother left coat room checked out. When came next time, coat laundered hanging closet arrived. I plan staying future London trips. When elderly grandmother, great aunt mother London, chose stay Diplomat absolutely fabulous time!",0.24975649350649354,0.510443722943723,Sep 29 2008
7,7,"This Is Great Hotel While living outskirts London earlier year, I needed place stay one night near friend's house. I walked Diplomat Hotel, amazed price. Very reasonable, especially considering nice area historic beautiful building occupies. Breakfast really good, unlike experience B&amp;Bs Victoria/Belgravia area. I love place, highly recommend it. I stayed many hotels London, price considering location, bargain.",0.3438888888888889,0.6042063492063493,Aug 26 2008
8,8,great great location. stayed two times business. walking distance many great places. area quiet yet close excitement great shopping. would definitely recommend hotel. price great considering location!,0.5875,0.6354166666666667,Oct 24 2007
9,9,"Great value perfect location This great location (in Belgravia, close Knightsbridge). It close sights, walking distance them. If idea general price level London, incredibly cheap given location comfort. It also clean staff polite. I would highly recommend hotel.",0.4351515151515152,0.5954545454545455,Jan 3 2007
