,Unnamed: 0,Reviews,polarity,subject,Dates_extracted
0,0,"SMALL AND FRIENDLY I booked Henley House seeing positive reviews. Our bedroom small problem slept it. Lovely view park opposite. Reception staff friendly, let us check 12 noon room ready. Continental breakfast substantial. Earls Court station round corner bonus. Whilst clean, I think could refurbishment places, bathroom sink small crack it. Overall good value money, store luggage departure. This enabled us make final day. Would stay again,",0.1504024621212121,0.5215909090909091,Nov 22 2009
1,1,good place stay We returned weekend London. Its great place visit. Opted stay Henley House Hotel near Earls Court underground station. It overlooks small park room lovely balcony would lovely weather allow.The reception staff friendly helpful. The room small everything needed clean small bathroom.The continental breakfast fine (It included price). The main English breakfast (at additonal charge) seemed consist egg bacon passed this. Best part cooked breakfast sausages it! Anyway would book ever visit London future.,0.2655882352941176,0.5022549019607844,Nov 8 2009
2,2,"Henley House Hotel I really great stay, breakfast good rooms okay size. I liked close underground station also lots fast food places neighborhood.",0.56,0.6500000000000001,Oct 13 2009
3,3,"A well located Our double room quite small , little dated clean. They termed one larger rooms, though. The attached bathroom tiny ; clean.Our room first floor back, hence quiet.The cold buffet breakfast adequate option eggs extra cost.The staff reception helpful pleasant.The location better. Close Earls Court tube station Piccaddily line Heathrow. Lots shops restaurants, five minute walk away.",0.04711538461538462,0.40897435897435896,Oct 13 2009
4,4,"Great London Hotel Value Based others' reviews, I expected room small - smaller, I think, bedroom closet! But quite adequate, clean comfortable, breakfast room sunny delightful, staff helpful. The location really cannot beat: two minutes Earls Court tube station Piccadilly line Heathrow midst pubs, restaurants shops.",0.29500000000000004,0.5383333333333333,Aug 8 2009
5,5,"Not bad price.... We choose price &amp; location, reading reviews. We expected room small ! However, needed. The bathroom exceptionally small, everything worked ok! The continental breakfast included price adequate, conservatory breakfast room quite pleasant. We weekend, mornings wait short table.",0.20879629629629626,0.4962962962962963,Jun 13 2009
6,6,"Don't even consider it! Check-in fast receptionist friendly enough. Warned use lift funny smell coming apparently fixed. Took stairs room third floor, opened door, walked walked straight again. Main reasons being: room cleaned linen left filthy (as old, stained, generally unclean), pillows stained yellow, 'red' blanket fact thick dirt therefore black, cushions faded also dirty, room general smelled awful. The carpet look though cleaned months, dusty, paint windows falling creating nice pile flakes windowsill. We even look bathroom! The room small, expected, cleanliness place made us turn around walk back reception, demand money back walk door. The good thing location, lovely area South West London. However, many better hotels area - stay one instead!",0.026388888888888892,0.46345486111111117,Apr 28 2009
7,7,"We happy found little London hideaway If good value, quiet, 15-20min Leicester Square, ample continental breakfast &amp; friendly staff looking for, found it. If chic modern after, move on! The room bit dated comfortable bathroom perfectly clean. We pleasantly surprised little find definitely see rooms spare next time we're London.",0.21805555555555556,0.5527777777777778,Apr 18 2009
8,8,"Really nice great location good value Just back 3 days staying Henley House Hotel. Great little find! Got tube directly Heathrow 2 minute walk Warm friendly atmosphere, clean comfortable rooms nice area, would definitely stay again!",0.3648065476190476,0.65,Apr 14 2009
9,9,"Good value money excellent location I stayed several boutique hotels within price range area (Earls Court), place offers best value money. The location excellent, Tube, supermarkets many pubs restaurants (try Masala Zone) close proximity. The rooms small, quiet (at least basement room) nicely decorated. Staff helpful modest, perhaps even shy. Breakfast simple, adequate; pleasantly surprised quality coffee.",0.2578431372549019,0.5087535014005602,Mar 11 2009
10,10,"Good value ideal Earls Court This second time colleagues stayed whilst working Earls Court. It's ideally located exhibition centre quiet street 5 mins walk away. Our complaints would rooms small seems problem controlling water temp showers 2nd floor up. Other I think excellent value money- paid Â£59 per person per night, fairly cheap area. The whole place scrupulously clean, staff friendly helpful, beds comfortable quiet. Breakfast anything amazing, cereal toast that's i'd home anyway problem me. One colleagues complained shower moved different room straight away without fuss. All all, excellent value money.",0.3049603174603175,0.5957936507936509,Mar 8 2009
11,11,"Very good location price We stayed one night room 31 end trip. The location excellent, close Earls Court tube station Picadilly District lines. And plenty pubs shops around well. The room small American standards good size English standards. The room clean linens good shape. The bed average comfort. The room small tv radio/cd player nice. There tea service room. There trouser press iron, however. The bathroom tiny plenty hot water showers. The shower, itself, small one wrong move shut water shower.We breakfast leave flight early. The reception area limited hours, open 7:45am breakfast room opens 7:30am. The reception closes 11pm key access front door. If check 7:45am might want let know check in. Check quick easy. They room ready early us, nice. There much space store luggage.The Earls court area plenty do, close tube here. I would recommend couple nights maybe entire week. My rate $56pounds ($84 conversion) I think good rate. I'd stay again.",0.2091751700680272,0.5636139455782313,Mar 6 2009
12,12,"Great Budget My Husband I arrived early. We exhausted trip I 4 mths pregnant time. They allowed us go room although cleaned (we begged). They warned us able clean room yet. Overall place ok. I'm sure even went back clean room checked-in early. The breakfast continental mind. Canned fruit, toast cereal. Anything else charge. We half expected reviews breakfasts London. Room small course area. We glad one night stay.Positives - small quaint. Quiet area close tube.",0.10900000000000003,0.47744444444444456,Sep 21 2008
13,13,"Cockroach shared room Our party stayed Henley House Hotel 2 nights, twin single room (rooms 1 46). Room 46 basement view, good size.Room 46 top floor smallest room I ever seen. On awaking first morning I greeted sight cockroach running across floor., ruined stay.I didnt complain staff I didnt want spoil vacation party members, plus I found difficult communicate reception staff non english difficulty understanding language.Overall would I spend hard earned cash hotel...not life!!.",0.03723028273809523,0.4455357142857143,Sep 16 2008
14,14,"Just OK Never really connected place. The room OK, staff marginally helpful, lift safe. The location great, within walking distance Tube, pubs, local attractions. The breakfast also marginal. Not best value price.",0.35000000000000003,0.39285714285714285,Jul 13 2008
15,15,"Great Value I picked Henley House looking though several TripAdvisor reviews hotels Kensington area London. They seemed favorable certainly agree. I disagree bit Texan said staff helpful helping find place traditional fish chips MacDonald's. Come on! How pub corner right Earl's Court tube station? Duh.It appears Salsa-and-Chips Central Texas room, #41, others pictures. Maybe room folks Lone Star State. It fine. The ONLY drawback fixed overhead shower nozzle. You're going wash hair take shower. But big deal, really. Good location friendly staff. No A/C, took chance late June cool English weather fine. You could hear Tube train noise two blocks north, horrible, quit midnight. In winter I'm sure hear all. The elevator small, two people together one luggage time. How tough that? Cost 71 GBP VAT included. Wireless internet included extra charge. Breakfast continental, also included room, It cereals, yogurt, cheese, croissants, toast, OJ apple juice milk.If can't find something eat within two blocks Earl's Court station, one must blind. For really good value, try Star Kabob place block north. I would certainly stay next trip London.",0.10267172961138478,0.5324986316365626,Jul 2 2008
16,16,"Overall - excellent I stayed early May 2008. The easy find provide specific directions (a must wheeling suitcases around unfamiliar cities) approx 3 minutes underground.The room I given larger expected - I'd booked single room given room ground floor double bed overlooked garden - wonderfully quiet 26-hour-flight.The room clean well-maintained bed comfortable. The bathroom small, tiny, compared favourably hotels guesthouses I stayed trip. The location excellent - 2 minutes Earls Court Road numerous cafes, shops 2 metro supermarkets entrance underground 15 minutes tube London's main attractions. The bad thing TV work, however issue jetlag.",0.10572562358276645,0.5246882086167801,May 27 2008
17,17,"Beware! At check-in, told clerk we'd checking early -- 8:15 Saturday morning. We told breakfast start 8:30, we'd luck. I told clerk reason we'd chosen B&amp;B breakfast included -- since continental breakfast, could pick something night kitchen. She said thought something could arranged.Well, fortunately, kitchen staff arrives 8:00, promise rolls would done cooking (they take 20 minutes bake), say could knock kitchen door, staff would expecting us -- might settle toast, cereal, cheese (no rolls).Actually, worked fine, grabbed cereal cheese -- then, toast ready... rolls (croissants) ready left. So, lesson -- leaving early, ASK make arrangements SOMETHING breakfast, try accommodate.As rest stay -- I VERY, VERY disappointed desk clerk (nor friend -- co-worker, I assume, sat lobby talking him) could tell us get fish 'n chips dinner. I mean, clerk even ONE suggestion traditional English meal! He told Italian place is, want Italian food. So, I inquired friend (co-worker?) lobby. Her suggestion? (get ready this!!) She said, &quot;There's McDonald's. I think fish. They chicken, I think fish. You might go fish 'n chips.&quot; MCDONALD'S?!?!?!? FOR AN EVENING MEAL OF A TRADITIONAL ENGLISH FARE?!?!? YOU MUST BE KIDDING ME!!So, went couple doors Best Western. They recommended 3 places nearby, though admitted she'd never eaten -- heard reviews. And gave map!Then went another B&amp;B couple doors toward underground station, recommended 3 places well. AMAZING -- staff suggest local places dinner! What concept!Other that, bed horrible. I sleep side, I woke night arm hurting becuase bed rock hard. The room small, bigger first B&amp;B I visited London. The toilet flush without MUCH coaxing -- sometimes, we'd give next time go! The shower typical English-small -- big enough shave legs comforably. And sink two faucets -- one hot one cold (instead one combined); easily shave legs sink either.The t.v. supposed 5 channels (according desk clerk). But 4 could found -- 2 broadcasting thing. The t.v. remote would turn t.v. on/off either -- get that. And turn on, press &quot;01&quot; remote go channel 1 -- otherwise, t.v. sits power light lit black screen.The room clean, face cloths (wash cloths). I guess typical London, sucks ask me. I like use face cloth wash face (and maybe armpits!) night -- so.The B&amp;B also VERY convenient Earl's Court underground station -- 3 minute walk bags (2 minutes without bags). But again, beware -- tell &quot;exit station, walk across street, turn right, make first left, walk 1 minute&quot;. Well, that's incorrect. It's actually &quot;... turn right make SECOND left...&quot; So, got little lost first.Overall, staff friendly enough -- albeit clueless. And accommodate slightly-early breakfast. But stay here, restaurant research BEFORE arrive! Otherwise, McDonald's recommend venue meal!One thing -- elevators, unless room right next it, still take stairs (there's one room next elevator, stairs leading rooms &quot;floor&quot;).",0.0234406001984127,0.4347253224206349,May 21 2008
18,18,Ideal place B We spent comfortable night hotel. Had twin room sofa (actually futon) ensuite. We bay window overlooked square. Although main road quiet. Breakfast basic buffet plenty warm toast brought table. Ideally situated sight seeing. Would definitely recommend it.,0.27151515151515154,0.5628787878787879,Mar 11 2008
19,19,"Smelly basement room We stayed one night Henley House overall good reviews. It handy Earls Court staff pleasant however got lift go basement room greeted hallway lined garbage bags filled something plus pieces furniture etc. Then went room greeted smell sewerage. In morning I discovered three plug-in air fresheners around room obviously smell ongoing problem. The shower leaked badly onto bathroom floor may contribute smelly room. The outlook onto filthy area pavement could easily made attractive. It pity room clean, decor nice breakfast room attractive.",0.3408888888888889,0.7266666666666666,Feb 22 2008
20,20,"Great little place near Earls Court I stayed Henley House one night late November, 2007. I needed place night I waited sister, niece nephew arrive London, rented flat Citadines apartment (near Charing Cross).Almost wish I could stayed Henley House longer. The place clean, fresh, well furnished, modestly priced less 2 minute walk Earls Court underground tube station (on Piccadilly Line, direct line to/from Heathrow airport).The staff courteous professional (only conversed gentleman front desk). Wireless room broadband included room worked well, even room near top 4th floor (just get password front desk check in). I VPN office U.S. within minutes checking email. Well done!Any downsides? Yes, minor. The floors bit creaky, walls thin type construction going nearby ongoing drum air compressor. That stopped exactly 5PM though frankly, wasnât much issue I jet lagged I could slept anything (and site construction noise fault Henley House anyway).The included breakfast nice dining area downstairs fresh, bright pleasant.Overall, I enjoyed short stay immensely would recommend little anyone needing modestly priced, comfortable place stay west-central London.",0.16387096774193552,0.5400537634408601,Nov 26 2007
21,21,"Nice little place stay The B&amp;B well situated close Earls Court Tube station. We thought B&amp;B good value money, especially staying lovely part London. Our room basement great views, room clean, tidy well maintained. We also continental breakfast included price.I would definately recommend B&amp;B, would stay again.",0.39879629629629626,0.7533333333333334,Nov 5 2007
22,22,"Average Hotel--Probably Wouldn't Stay Again We stayed Henley House Hotel five nights April, 2006. It bad experience, I'd choose different next time. The rooms very, small, bathroom length arm span. I'm used small rooms I travel abroad, even bit much me. The walls thin well--we heard folks next us fighting night. Additionally, room overlooked garden across street (pretty), late night often attracted stumbling home pubs (very loud). We also love Earl's Court. The close tube, even care area.If looking inexpensive place sleep drop luggage (no harm that), place fine--assuming find bedbugs like previous poster did... egads.",-0.09511904761904763,0.5109523809523809,Oct 18 2007
23,23,"Not friendly A good, good value small excellent location near Earls Court tube. Nice breakfast pleasant conservatory too. But (East European?) staff learn project bit friendly welcome. They hardly say word - maybe speak much English - hardly give direct look. I think mean freeze that's effect, especially girls breakfast room. Or maybe enjoy guests.",0.2343482905982906,0.5790064102564103,Oct 18 2007
24,24,"would stay again. stayed 6 days sept. room basement going spend day room matter. room smallish OK. room small toilet /shower area cleaned daily. beds firm fine. breakfast sufficient. staff friendly asked helpful.the hotels website info correct.sufficient places eat around good deli close by. convenient underground heathrow getting 'tourist' london. ritz, paying nose room.we touring overseas would stay going london.",0.1898148148148148,0.3555555555555555,Oct 8 2007
25,25,"Just perfect! Lovely little everything small perfect London! Tube station around corner, also shops restaurants... Everything need budget price nice surrroundings. Stayed week Oct/Nov 05 sure go back!",0.3953125,0.6923611111111112,Sep 14 2007
26,26,"Great little I'll admit small, twin room, frankly price hardly expect get Ritz. The service beyond excellent (they extremely helpful, understanding one credit cards failed accepted machine). The breakfast great whole clean tidy. Our room small high ceiling meant I feel crammed in. I've read reviews quite frankly I idea staying at. The staff polite professional too. The location perfect, right next Underground station bus stops even though next door house behind us undergoing work area quiet night feels safe. Whenever I return London I definitely staying again.",0.16180059523809526,0.5177380952380952,Aug 27 2007
27,27,"Okay short stay This located Earl's Court numerous hotels. It quiet, reasonably clean, nicely located within short walking distance tube. The small park/garden across street enjoyed guests. Rooms small, space taken bed. Wireless internet access provided works well. The elevator smaller yet accesses floors; get rooms still stairs negotiate (with luggage, course). The housekeeping staff friendly efficient; breakfast room clean, spills floor cleaned quickly. Front desk staff vary, female ones accommodating males. The male live-in person always available, people ringing front door get access often wait 5 minutes more. Be sure take front door key going outside. We tripped circuit breaker room, notified desk clerk, 3/4 hour later nothing happened. We went downstairs tell clerk needed electric, got ladder switched breaker door. His knowledge London limited Southeastern European accent sometimes little difficult understand; whole service okay. The female clerk quite different tone. They kept oversize luggage would fit room main lounge, seemed safe enough. This older place, heavily used younger people, seems appropriate. The price average accommodation, better deals Earl's Court London. We probably would return, unless absolutely necessary.",0.14070616883116885,0.45647907647907643,Aug 24 2007
28,28,"miserable staff generally staffer desk horribly miserable. interior walls appear little sound proofing, able hear much going adjacent room. accommodations seemed pretty standard, similar cheap earls court hotels. nothing fancy place. generally pretty shabby looking keep clean. breakfast girl always good bringing us tea nothing cheerful chipper staff... close earls court tube station earls court horrible place stay unless backpacker budget. takes forever pay tube fare. stay better walk 8 minutes kensington station. good greek restaurant close henley called &quot;as greek gets&quot;. highly recommend place.. henley house, probably stay again. total disaster, happy time either.",0.028316666666666657,0.5983999999999999,Aug 15 2007
29,29,"Loved This Charming Hotel Our family 5 stayed two rooms (one double, one triple) nice; bigger I expecting, read reviews line. Hotel charming, nicely decorated, clean beautiful building. Excellent location, close tube station many different restaurants. The staff quite professional helpful. The breakfast room nice bright breakfast good. It excellent value money, would highly recommend others. It nice change large sterile hotels North America, smaller rooms (and showers) yes, dripping character charm.",0.516235827664399,0.7175510204081632,Aug 14 2007
30,30,"No problems Henley House This fine money, especially height London's tourist season (July 16 20). Our double room private bathroom (shower only) bit cramped, nicely furnished, lovely view park-like setting . The location - two minutes Earls Court tube station, stops Victoria - pretty good. Continental breakfast included available 7:30 9, lovely &quot;greenhouse&quot; type setting, server would make toast request (and full breakfast fee; bother). The elevator cramped worked fine, seem crowded, except one morning wait minutes table breakfast. The staff cool correct. The slightly odd thing check-out: reception desk closed 11 PM 7:30 AM, &quot;settle bill&quot; day order leave airport 7. It might good idea consider round-the-clock staffing, especially they're full.",0.2212121212121212,0.5806818181818182,Aug 10 2007
31,31,"BED BUGS room #22! My friends I two rooms; mine infested bed bugs, I discover following morning. I relocated single size closet, least bug free. Also, review dated Jan 20, 2005 spot on.",0.007142857142857145,0.37857142857142856,Aug 3 2007
32,32,"really disappointing I took girlfriend could spend weekend going round London art galleries theatre. When I book I promised room looking squares park opposite. However, arrival short manners lady informed us room basement, felt like basement, corridor floor littered old pictures, fire-hydrants, tea trolleys etc. dingy room looking dirty well street above, hence blinds left making room even dingier. To say least I disappointed clipped manners evening morning staff, dinginess room, TV 5 fuzzy channels, mislead type room going have.",-0.14503968253968255,0.4324206349206349,Jul 14 2007
33,33,"excellent location excellent location. close underground,but quiet area main bizz. 2nd floor twin room. nice clean good sized bathroom balcony. lift small.breakfast adequate cooked breakfast additional price. would use again.",0.43666666666666665,0.5599999999999999,Jul 8 2007
34,34,"Nice helpful staff A nice excellent location 2 mins Earl's Court Tube Station. We first given room lower ground floor perfectly OK. However, raining air inside really damp basement good air rotation. It also nice able see sky sun, upon complaining given another room second floor. This nice even hotel's balcony. Flat screen TV installed latter room tuned could watch &quot;war ants&quot;. Otherwise nice room clean bathroom well functioning shower - common London! Breakfast so-so, yoghurt cereals, toast marmalade fruit juice. I would loved eggs ham, anything get something salty contrast sugar. All good place stay staff kind helpful. I would happy return.",0.43618742368742375,0.6692796092796093,Jun 19 2007
35,35,"Good value I stayed henley 2 nights may. Got good deal. Location good. Away main street, means quiet. Lots places eat nearby tube station close.I booked single room got pretty decent room. It clean comfortable though mattress bit old. Turned good base explore London. Would stay again.",0.27061224489795915,0.580544217687075,May 30 2007
36,36,"Not good Elevators go levels, requiring stairs used. Also, elevator snall. No ice available. No shampoo provided. The park across street nice view, Earl's Court tube station two blocks away. By far best thing proximity (about three blocks) Bistro Benito, small, family owned Italian restaurant outstanding. The spinach lasagna melts mouth. This restaurant located block north tube station side street.",0.3409090909090909,0.5,May 25 2007
37,37,Nice cosy We stayed one night taking concert Earls Court nearby. We found clean tidy staff pleasant. The prices reasonable compared ones looked area. The rooms nicely decorated giving impression recently refurbished. The continental breakfast included price good hotels Europe. An English breakfast available additional cost. We would certainly use again.,0.3203296703296703,0.5875457875457875,May 13 2007
38,38,"Very good deal I stayed family last week 4 days (from 4th 8th May 2007). We sure done good choice definitely. The 2 3 minutes foot undergroung Earl's court. Henley house front Barkston gardens quite gardens quite street well. There numerous good restaurants expensive Earl's court road (just near hotel) Strada (italian restaurant good pizza pasta well served), Masala zone (indian thali speciality), Dragon king (chinese take away service huge portions taste good). At henley house people pleasant. The breakfast served clear area really sufficient start good day (croissants, breads, toasts, jams, butter, cheese, corn flakes, fruits fresh good, orange apple juice, milk, coffee, yogurts). You full english breakfast prefer 3,80Â£ more. We rooms number 23 24 gardens. Both clean size ok London. Personaly, keep address really good deal. Don't hesitate go there.",0.3220689655172413,0.5363409961685823,May 10 2007
39,39,"Great location so-so comfort Stayed Henley House 3 nights April 2007. The located super close Earl's Court tube, ask better. Staff friendly accomodating. Hotel interior slightly dingy shabby, immaculate. My single room tiny, expected - 3 nights I wanted place sleep shower Henley House suited needs. The room peeling wall paper water stains, I happy overlook price - however, bed horribly uncomfortable. Mattress worn, springs literally sticking made hard get good night's sleep. I would checked found another cheap price short itinerary. Overall good London price, lesson learned pay extra bucks ensure good nights sleep. The acceptable, I would stay again.",0.2089285714285714,0.4769642857142856,May 1 2007
40,40,"Very reasonable place stay London Our party three stayed 4 nights Henley House Hotel.We recommend B&amp;B others. The place clean well maintained.Located near Underground Earls Court. Staff friendly helpful. Breakfasts served pleasant solarium good. Price reasonable nice safe location London. We would stay again. Our visit went smoothly, Henley House provided promised.",0.4070833333333333,0.6513888888888889,Mar 18 2007
41,41,"Very clean safe Henley House well located. It's hardly two minutes (walking distance) Earl's Court underground station, Earl's Court Road. The rooms little small, but, clean safe. It central heating 24 hours hot water.",0.18241666666666667,0.5811666666666667,Feb 20 2007
42,42,"Loved it! Due recommendations I read here, decided book 4 nights stay. It lovely, nice, quiete, clean, safe, breakfast roomsize ok. The location perfect! Best price/performance ratio I found online. We would definitly come back again!",0.5216666666666667,0.5925,Feb 1 2007
43,43,"Great value London This considerably cheaper many others area, manages balance value money good service, comfortable well equipped rooms, friendliness good location. The quiet, side street away bustle Earl's Court, minutes form tube station, shops, bars restaurants. The buffet breakfast included price adequate. The staff responded quickly efficiently email requests regarding rooms booked. I would certainly reccommend staying friends family, staying future trips London.",0.36007326007326,0.5625457875457875,Dec 11 2006
44,44,"loved stayed close earls court tube station (it literally around corner.) There numerous shops places eat within 5 minutes hotel, cannot state enough well situated is. quiet, clean staff nice helpful. breakfast continental style. hilton, excellent good weekend away London!",0.4157407407407407,0.6370370370370372,Sep 22 2006
45,45,"Quiet B For travellers seeking quiet, clean, convenient, professionally managed hotel, Henley House Hotel excellent choice. The location could convenient. From Earl's Court Underground stop, take Earl's Court Road exit, Henley House less block away, around corner Barkston Gardens Road. An ample continental breakfast included price. There coffee, tea, hot chocolate, milk, orange juice, apple juice, freshly made toast, three types bread, selection preserves, two cheeses, yogurt, two types cold cereal. If enough, full English breakfast available tiny add-on charge. The room bath spacious comfortable London standards. The front looked onto Barkston Gardens. The back overlooked trees back gardens. The room wardrobe, desk, two chairs, everything clean. The room could really used clock, CD player speakers instead. The television worked, remote control not. After sleeping excellent Scandinavian beds prior week, bed Henley House left bit desired. As typical B&amp;B, guests provided key front door key room. The room could used deadbolt chain provide better feeling security. The run lovely solicitous Polish family make feel right home.",0.190184331797235,0.5025499231950845,Sep 4 2006
46,46,"Pleasant We room 23, twin room I think might one balcony nice given lovely sunny days. Great views across gardens well. Beds comfortable reasonable amoutn space room bathroom.Would agree previous comments breakfast - glass could major clean well. Also facelift rooms go astray mentioned previously.We London Wimbledon Earls Court location great short walk tube.Would stay again.",0.33044871794871794,0.7141025641025642,Jul 5 2006
47,47,"Good Value Money (By London Standards!) We spent week Henley House.Positives: - Very convenient Earls Court Tube. - Good continental breakfast included room rate, served bright conservatory addition. - Price - booked double 60 pounds per night (including VAT breakfast). - Quiet - We room front building, facing Barkston Gardens across street. Despite less block Earls Court Road, little street noise. - Plenty hot water showersNegatives: - The place could use bit facelift - A little paint, new carpeting new bedspreads would brighten things up. - Our room (#24) small (but acceptable London standards) - Breakfast could fresh fruits - 7 days looking tinned fruit bit much. Toss bananas apples.- Face cloths bars soap larger Chiclets would much appreciated.- Upon checkout, credit card billed US$ so-so exchange rate rather pounds, would cost us extra $ hadnât requested transaction cancelled reissued pounds.",0.11457431457431456,0.3599567099567099,Jun 2 2006
48,48,"Good location facility price The Henley House Hotel glamorous block, fact bit hard find tucked Best Western larger independent hotel.It close Earl's Court tube station, clean, reasonable, lovely breakfast room better average continental breakfast.The TV worked, minimum local channels. The bathroom big enough turn around clean. Towels fresh daily left used ones floor. Beds comfortable. Bed side lights good. There CD player, although brought CDs figure anyway.And small elevator (2 people 1 person suitcases).The breakfast room sunny bright, cereals, rolls, crackers, cheese, yogurt (unless run out), fruit, juice brewed coffee. It bit small -- try time group Germany leaving.Look Internet rates. We able stay less $100 per day. Good value money.",0.22589285714285715,0.41904761904761906,Apr 18 2006
49,49,"OK night For price I paid (49 GBP 1 night), reasonable. Clean, definitely dated (like reviews said, new wallpaper, carpet, bedspreads would really improve experience). Good bathroom, OK continental breakfast (bread cheese, toast &amp; jelly, yogurt, tea/coffee). I great experience evening staff - friendly, luggage I left couple days earlier ready me, fun chat with. My real complaint I asked front desk taxi Victoria Station upon checkout. They sent private car charged 14 pounds, I think ridiculous length trip. Otherwise, I got I paid for.",0.18327352472089312,0.5107655502392345,Apr 17 2006
50,50,"Ideal location bargain Stayed last week thought ideally placed (a two minute walk Tube) real bargain. Lovely views, decent sized rooms friendly staff also added expereince. My gripe - minor one - rather awful piped Muzak play reception breakfast areas. I much prefer Radio 4 mornings!!",0.1878472222222222,0.5569444444444445,Feb 20 2006
51,51,"Excellent A lovely, quiet ( well, OK, hear Tube trains distance window open, faintly ) hotel. A nice welcome, clean well-appointed room ( CD player !! ) comfortable bed substantial continental breakfast papers read.All all, pleasant experience, I would recommend anyone looking good accommodation reasonable price",0.45600961538461543,0.7979487179487179,Jul 27 2005
52,52,"Loved London hotel! My mom I stayed last night London. Because booked afternoon stay evening, I guess rooms available since given &quot;basement&quot; room right next stairs lead entrance! We tired anyways really bother view outside window.Anyways, location superb -- 3 minute-walk tube (Earl's Court) area quite safe quiet. The room large roomy, bathroom/toilet bit tiny clean, furnishings ok beds confortable too! The staff warm friendly well.Complimentary buffet breakfast served till 9 am, I guess. Basic stuff like cereals, toast, coffee/tea, etc. good. We missed bacon, beans eggs though!Overall, experience good we'd love stay again!",0.2892361111111111,0.46830357142857143,Jun 1 2005
53,53,Not bad price Location,0.3499999999999999,0.6666666666666666,May 31 2005
54,54,Lovely charming low price !,0.39999999999999997,0.6833333333333332,Mar 26 2005
55,55,Disappointing,-0.6,0.7,Jan 20 2005
56,56,Cute place staff okay,0.5,0.75,Jan 19 2005
57,57,Great Little Hotel,0.30625,0.625,Jun 22 2004
58,58,rather disapointed,0.0,0.0,Apr 9 2004
59,59,New Management?,0.13636363636363635,0.45454545454545453,Dec 28 2003
60,60,Charming!,0.875,1.0,Apr 16 2003
61,61,Wonderful Staff/Darling Hotel,1.0,1.0,Dec 29 2002
62,62,Cute Little Hotel,0.15625,0.75,Nov 11 2002
63,63,Gutes Hotel fÃ¼r Kurztrip empfehlenswert!,0.0,0.0,Oct 5 2009
64,64,???????????????,0.0,0.0,Feb 9 2009
65,65,PuÃ² esserci di meglio,0.0,0.0,Aug 21 2008
66,66,Carino vicinissimo alla metro e soprattutto pulito,0.0,0.0,Feb 27 2008
67,67,Fantastico piccolo,0.0,0.0,Sep 28 2007
68,68,Ottimo pulito ed economico centro Londra,0.0,0.0,Feb 21 2007
