,Unnamed: 0,Reviews,polarity,subject,Dates_extracted
0,0,"Clean well-located apartments Paddington The Aspen Suites provide lot I need business trip: great location public transport within London trains cities, apartment cooking facilities washer/dryer, free internet connection (though remember bring connector cable laptop wall socket), high standard cleanliness. Granted, furniture getting bit tired, breakfast monotonous (though plentiful), Central London lot, lot worse. In experience, staff friendly treated respect courtesy. Most important high standard room cleaning.",0.15231111111111112,0.4989111111111111,May 30 2009
1,1,Staff friendly suites left lot desired Although staff friendly suite decorated cleaned high standard number problems.The first stay fire alarm went persistently. It incredibly loud went throughout day particurlarly early morning (5-6am). When I contacted reception staff informed alarm could provide information going would fixed.The second problem I encountered suite adjacent door used frequently staff. The walls suite thin everytime someone walked door slammed shut whole suite shook. I paid suite sleep manage get much sleep piercing alarm slamming doors.Lastly I paid continental breakfast every morning stay felt breakfast provided poor choice. By I mean like cornflakes toast arrange breakfast place else.,0.060533333333333356,0.4215222222222222,Aug 15 2008
2,2,"Clean accomodation good price great location I stayed week 4 nights, wife 3 kids, 9,8,6 . We two bedroom apartment. It clean, small /tidy, sufficient sized bedrooms, good sized sofa bed addition . The living room nice. The home home convenience provided apartment opposed room living, great. The TV -DVD handy especially young kids, reception list DVD's rent free, overall apartment great, comparison trying get family room two rooms much better good value. The breakfast fine., get basically orange juice, cornflakes, ham &amp; cheese toast tea, expect prices, fill day ahead. The reception staff I found friendly nice. Of course places Sussex Gardens getting first foremost handy location terms closeness city tourist sites. The noise traffic constant little shielded single glazed windows, loud certainly enough stop 5 tired tourists sleeping soundly every night. I would really recommend place one young kids 5 13 age bracket. One small gripe internal doors apartment heavy, needed good push open, swung shut automatically would recommend younger kids literally would struggle able open doors would definitely get fingers stuck point ! We never really used clean kitchen apart light snacks surrounded restaurants nearby. The place cleaned every day spotless overall. We would definitely recommend would come back. With place like idea booking first place ( Savoy Ritz), expectations well surpassed , great time.",0.259640376984127,0.5335267857142856,May 10 2008
3,3,"Great Location clean. Stayed Aspen family five two bedroomed apartment. Yes I agree small, want 5 star rooms, pay them!Shower powerful, bathroom rather small adequate. Kitchen clean, fridge, washer/dryer, Microwave plus utensils, adequate. Breakfast complementary, cereal, toast, meat &amp; cheese, could pay Â£3 full English. Vey basic breakfast - free!Less 5 minutes walk Paddington Underground, nice Restaurants, Chinese, Indian, Italian plus usual Steak Houses, within 10 minutes walk around Paddington. One problem, noisy, traffic outside constant &amp; windows double glazed, light sleeper problem. We found reception helpful &amp; nice children. Yes Â£10 remote, get back!Black Cabs run constantly along road outside Aspen, easy &amp; quick flag one down.The Aspen difficult locate - Hotel actually listed Abbeywood would best let cab driver know - found easily.Overall, great stay, reasonably priced &amp; great location - would stay - Most definately.",0.25268518518518523,0.4646759259259259,Oct 31 2007
4,4,okay short stay My husband I stayed four nights August. I agree previous respondent said found detract stay. I trouble figuring washer/dryer instructions (nothing dried) overall found quite good. Very small rooms clean great location good extra living space one wants go bed earlier other. We find noisy. Breakfast basic could get full English breakfast extra cost. My husband bit surprised charge remote problems getting back. My complaint came last day. We said trainee receptionist day would need taxi Kings Cross station order ahead time flag one street. She quoted us 10.00 15.00 ordered one us decided so. The car hotel's driver hotels uniform I seen around there. We charged 18pound considered top. Consequently tip him.,0.11567049808429121,0.38585249042145586,Sep 28 2007
5,5,"Wouldn't recommend I stay London quite frequently perhaps become bit fussy I expect, found fell short several matters.Heating working. I queried three different staff got three different responses - &quot;It come till later&quot;/&quot;It's short (2 hour) shut phase&quot;/&quot;We'll send maintenace till tomorrow&quot;. Eventually, gone 8pm, free standing heater obtained &amp; brought room.There curtains windows, VERY flimsy slatted blind blocked almost light (in bedroom only). I unwell recently often need day time snooze - I'd liked done dark!The shower IS pathetic fixed head only. (When hotels learn make almost impossible us ladies keep hair dry!) TV reception bad channels limited. No radio either. There's even Â£10 deposit remote - place I've ever asked budget (32 quid night) Etap hotel.The kitchen basic workable, however lacks extra welcoming touches. No cleaning stuff, non existent instructions washer cooker importantly - NO TEAPOT. When I requested one, I told one access kitchen following morning 7.15am. Not surprised sampled breakfast disappointed.....since start serving 7.30am hardly put much care preparation!The website inform &amp; staff 10.30am check (threats additional whole days charge contravened). This info room card notice room; along list &quot;dos &amp; don'ts&quot; - boarding house!Comments staff pretty accurate - couple requests either ignored/forgotten, done late. By time extra loo roll arrived, I'd gone &amp; bought myself....The perhaps 'minor' quibbles, taken whole means I certainly staying ever",-0.024449855699855697,0.5063492063492063,Sep 20 2007
6,6,"Room great staff poor I booked stay London. There 2 couples place nice kitchen. The place okay staff needs work. They tell us needed put key holder door order get lights. We figure but... Also, I called specifically asked I needed bring kitchen. I told everything provided. When got found dish soap, dishwasher soap tea towels cloths provided. They told I could go buy store leave rest.. I think so. Also said make sure leave anything room, asked leaving things safe told room. Also, breakfast left lot desired especially can't eat wheat provided. Probably would stay although ended liking location.",0.2777777777777778,0.6932098765432099,May 6 2007
7,7,"Modern small cheap noisy! I'm currently staying Hyde Park Suites Bayswater, London, W2.I booked room website lots email communication staff regarding suitability room purposes (business). After reassured room would big enough two business people work in, I booked triple suite. Unfortunately I informed longer available, provided two person flat discount, I happy with.When I arrived main reception desk, I informed I give copy passport (why?!) pay Â£10 upfront key deposit. I given ONE key partner, I asked another available, I told wasn't. I also found wireless internet payable PER COMPUTER use log-on system computer-specific.We placed room road new accommodation fourth floor, broken lift, great two huge suitcases us.The room nicely decorated (Ikea), clean, small (although I expecting this). It small modern bathroom, small kitchen/lounge bedroom.The bathroom clean looked great, however shower rather puny - like standing tap!The room cable TV flat-screen TV, actually English channels except BBC World. I rang desk requested English ones, I told would sorted next day, was.The kitchen good, enough utensils cook decent food.I stayed 5 nights towels changed, nobody change bin (which I put outside room hallway smelling!) clean rooms. It's good thing I bought loo roll me! Lol!Another irritation fourth floor, one key, would useful buzzer system worked! It obviously wired properly.These pretty minor concerns though. The one thing bother though noise. Maybe I used staying London bothered might bother others, laying bed, sounded like windows wide open lot street noise. The first night I sleep 3am! The people also noisy night, hear people moving around time.All all, good value money happy make minor concessions. The location great literally 5 minutes tube.",0.1715492645755804,0.49353978380294183,Mar 31 2007
8,8,"Terrible service!! The front desk Aspen Suites worst possible attitudes I ever encountered. The male trainee attended check cold rude. My room ready arrival, though I told check 1pm. I one bedroom apartment pretty small neat clean. I actually considering staying terrible service made change mind. The front desk's attitude makes seem like really care whether stay not.Parking free. It's ridiculous Â£10 day even guests. And leave car keys them. When friend asked car keys next day, girl front desk rude asked loads questions handing keys. No 'Hello' 'Good Morning'. Just sour face you.After checking out, I realised I'd left something room went back get it. The female trainee said we'd already checked out, wait lobby called housekeeper. After 20 minute wait, still news I asked could go look ourselves. It took 10mins get back us another 5 mins housekeeper take us room.We found looking immediately. What could taken us less 5 minutes, took half hour result, late appointment afternoon. None staff least bit apologetic. TERRIBLE!",-0.1593548387096774,0.4969354838709676,Feb 19 2007
9,9,"Really nice place We stayed 10 nights July 2006. For family 4 proved excellent choice accomodation. Two separate bedrooms, living room, fully equipped kitchen 3 piece bathroom. Very comfortable. The probably 100+ years old interior totally rebuilt modernized. The desk staff quite helpful exceptionally polite. There dining room downstairs serving breakfast preferred make use kitchen light meals snacking. Paddington Railway Station - Underground Station - mere 5 minute walk away. There grocery store station well found quite useful. A good range restaurants, pubs shops located nearby. A safe neighbourhood -- quite late many nights never felt encountered threat personal safety. The real negative Sussex Gardens much busier noisier thoroughfare anticipated - traffic pretty intense - even quite late night. The Brits make fairly liberal use car horn annoying. On whole though I'd gladly stay again.",0.21402777777777782,0.6833333333333332,Jan 11 2007
10,10,"Good value service. Stayed family members nights accommodation booked on-line turned dismal. We walked little road found self-catering flats. Although fully booked, one flat yet renovated allowed us take look see suitable. We jumped opportunity gladly accepted. We heard newly-refurbished rooms great, nothing wrong older room. It small kitchen area, convenient, tiny bathroom, sleeper couch me, 2 single beds upstairs small attic area. Perfectly adequate, especially late notice. The area safe convenient subway. Plenty restaurants grocery shop two keep expenses down. Service excellent general. A bargain 60 Pounds night room.",0.1401984126984127,0.5233492063492065,Sep 27 2006
11,11,"Great value convienant My husband I stayed found apartment comfortable. I London business, interviewing candidates positions company needed place seperate sitting room. This worked perfectly. We asked room balcony, got, delighted. The rooms small closet space tight, convienant, one block Paddington station. Hard find, signage Aspen Suites, rather Abbey Court. The breakfast included OK staff overly friendly, helpful asked. We happy find washer/dryer, sure use properly. There instructions since run different power I thought I going burn clothes. Bathroom tiny, everything functional beat price.",0.2616507936507937,0.6044179894179894,Jul 20 2005
