,Unnamed: 0,Reviews,polarity,subject,Dates_extracted
0,0,"Impressive I stayed couple colleagues 2 nights last week business meeting close by, impressed hotel. There 5 parking spaces managed bag last one arrived 5pm, pleased that!This quite new bedrooms basic would get Travelodge. The bed room kingsize really comfy whole room good size. Clean cosy. The bathroom also fine.Breakfast Â£7.50 head full English served famous Anchor pub, upper floor connected Premier Inn. Very convenient. Breakfast cooked order efficiently enjoyed it. They also good evening menu ( room service - go pub) unfortunately get opportunity try.Location wise, great place stay I would definitely consider South Bank based city break. You opposite Vinopolis two minutes Shakespeare's Globe Golden Hind - one favourite parts London.",0.2908529741863075,0.5115881032547699,Nov 23 2009
1,1,"Best kept secret town I spent week November. I stumbled internet chance. The staff friendly, helpful. My room huge comfortable, especially considering London standards. The tube short walk away. Very close Thames, Globe Theater Borough Market.",0.1988636363636364,0.5772727272727273,Nov 11 2009
2,2,"Geat Hotel Location I stayed 3 nights hotel. For budget room excellent, clean comfortable. The well positioned, south side Thames River, pretty much half way Westminster attractions one side Tower Bridge, Tower London area other. It 25 min walk either direction get great London attractions, walk nice too, along southern banks Thames, lots Cafes. I problems noise all, I say staff reception excellent, polite friendly. My complaint one restaurant staff, whilst I breakfast, male staff member sneezed hands twice directly proceeded place new glasses juice area. I called head waiter pointed out, immediately apologised, removed glasses, took waiter aside lesson hygiene. It handled well head waiter, turn rest breakfast. That complaint, good, great rooms, staff, well positioned many tourist attractions.",0.30256198347107444,0.5993732782369144,Nov 7 2009
3,3,"Everything premiere price Premier Inn never fails disappoint me. First time particular one stayed County Hall last time. Must say staff could enough especially Marta lovely long long day provided us dial-out pizza menu could relax room! Location good although, family would probably prefer County Hall. Rooms spotless comfortable. Breakfast described others adjoining Anchor Pub. It help-yourself apart cooked breakfast order. My husband tends like quite lot quite embarrassing ask many bacon many sausage etc. Another point I would make County Hall restaurant children-friendly case here. When arrived long journey told closed pub served fish chips. After enquiring found dont childrens menu quite annoying really. The downside is, regret I mention one lovely hotel, noise. We room overlooking courtyard night quite noisey someone seemed slamming door pub area get nerves while. Also morning sound crates annoying quite early.However, put give go worth visit.",0.11300724637681159,0.5177536231884058,Oct 31 2009
4,4,"THE PLACE TO STAY Read reviews premier inns central london booked southwark due positive feedback....so glad place stay!! Hotel clean modern staff lovely, especially genny reception, offered travel advise even umbrella damp morning. Set back chaos city yet minutes tube ride London Bridge Undergound main landmarks. Family room consisted huge comfortable bed two comfortable matresses floor either side bed. Opted full breakfast Anchor Inn excellent value money...family four could eat much wanted Â£15 day. Found set us day ahead. Very minor fault cooked breakfast bit slow coming leave extra 10mins breakfast.",0.18334156785243746,0.5321212121212121,Oct 27 2009
5,5,"Lives Premier promise This says tin. Huge comfortable bed, everything clean working order. What makes special friendliness staff. Nothing much trouble. We even offered umbrella went one damp morning!If need quiet place stay that's close sights myriad restaurants, place you. They advertise fact secure parking spaces lucky enough get one arrival, ask need one. An absolute must visit Borough Market steps away.Top marks!",0.15059523809523812,0.5448412698412698,Oct 26 2009
6,6,Excellent Hotel great Location Friendly Staff We stayed two nights service St Paul's Cathedral along sightseeing. Typical Travel Inn standard overall room (3rd floor) little small compared ones 1st two floors. Strongly recommended round excellent selection pubs/restaurants close by.,0.20608974358974355,0.47371794871794876,Oct 22 2009
7,7,"Good clean modern nice location This nicely located along south bank Thames. Main entrance funnily hidden internal courtyard - outside like entering garage! All staff well mannered best offer good service. Room design modern touch, kept clean. TV, telephone WiFi (WiFi free though) facilities available room.Breakfast served adjacent pub 'The Anchor', offers nice view River Thames. Very good breakfast served choice cereals, buns bakes, traditional porridge course full English breakfast!As previously stated, location great walk along southbank Thames towards Tower bridge SouthWark Millenium bridge St Paul's Cathedral. I also recommend short visit Borough market Southwark Cathedral, found way nearest underground station - London Bridge, approx 5 minutes away form hotel. In regard, may also good point may hear trains background, especially early morning hours everything quiet.Overall, good clean modern situated nice location.",0.32822916666666657,0.5226041666666668,Oct 20 2009
8,8,"Great new year Stayed new years eve 2008/09. Great room friendly service arrival. Enjoyed good breakfast pub next door following morning too. Pretty good base explore areas like Covent Garden want spend money stay places. Unfortunately, tube line, however, prepared walk Southwark bridge (you get pretty good views sides do) pick tube side Somerset House. Would recommend want stay south river.",0.25095398428731763,0.5721099887766554,Sep 29 2009
9,9,"Excellent Hotel My husband, 10 year old son stayed 3 nights August. We chose strength reviews here!It lived reputation.Super location. The South bank attraction's two seconds away hotel.The tube five minutes walk.The check quick easy. Also friendly London.Room super. We ask change first night son found sofa bed uncomfortable.This done fuss all.The room clean, quiet adequate.We breakfast morning. It lovely. Set us day.The staff breakfast room, kind friendly.On checking out, leaving luggage easy.We good break cant wait stay again.",0.3869444444444445,0.5844444444444444,Sep 19 2009
10,10,"Great Location Hotel usual Premier Inn formula frills, clean, modern accommodation. Our room (302) small side bed large comfortable bathroom good shower bath soak weary feet! We experience street noise passing revellers nothing disturbing. Didn't breakfast can't comment instead chose use many cafes area could eat alfresco. What makes great definitely location, lovely evening wander river path eat one many restaurants lovely outside eating areas overlooking Thames. During day easy walk across bridges areas eg St Pauls, St Katherines Dock West End (took 30 minutes walk). After theatre returned via tube problems (only change big issue). This lovely area London definitely stay next visit.",0.23234920634920633,0.5270317460317461,Sep 6 2009
11,11,"Relaxing weekend break We returned weekend break young children. The clean modern. Very well situated near tube, South Bank walk along London Eye approx 20 min walk enjoy sites along Thames way. The area full bars restaurants, trendy area, nice sit Thames take atmosphere. Breakfast fantastic, full english, cereals, porridge, fruit pastries-the kids eat free amazed given adult size fry up! Would definitely recommend would stay again. Excellent value money.",0.3357291666666667,0.575,Sep 2 2009
12,12,"Great value location We enjoyed stay here. We really liked feel area, able walk attractions like Globe Theater Tower London. The room clean, comfortable, nice size. The nights quiet A/C worked well. It good value. I would recommend using computers lobby, though, slow free.",0.3715151515151515,0.7098484848484848,Aug 31 2009
13,13,"great location moment arrived girls reception fantastic little boy,great location 5 min walk london bridge tube monument tube station, breakfast great plenty choice rugby direct link wembley london bridge great.Bourough market must seedefo stay come football, big thank staff.",0.31875000000000003,0.5666666666666667,Aug 31 2009
14,14,"Good family noisy location Great family hotel, catter families, good internet (not free). Wonderful location, close everything, restaurants, museums, transportation, attractions, etc. Great service staff! problem noisy due entrance service area location rooms located right next door service area, morning unloading loading noise level high, night employees used comeout theire break make noise smoke. The rooms hot also. But all, I recommend hotel.",0.34955102040816327,0.6098367346938776,Aug 17 2009
15,15,"Great place families-- convenience character! We great time, felt excellent value money. The neighborhood great--- kids mesmerized cobbled streets, beautiful cathedral, big ship around corner. 5 minute walk London Bridge Tube Station, realized (too late) could walk across footbridge St. Paul's. If travelling kids, Pizza Express less 2 minutes walk great fixed menu kids--- veggies, dough balls, pizza pasta, dessert cappacino without coffee.The rooms spacious comfortable. The staff exceptionally friendly helpful. We'd definately stay again.",0.47152777777777777,0.6055555555555555,Aug 12 2009
16,16,"Great Hotel Experience This truly excellent value money. It perfectly located London sights historic, character-filled part city loved coming back every night. The staff welcoming, friendly helpful rooms clean, modern well maintained serviced.London Bridge underground station 5 minute walk away. Breakfast Anchor attached - also great value money Waggamamma flagship Nandos right across road. It heart Borough market region clink museum Golden Hind minute away.We happily recommend fellow travellers.",0.4733843537414966,0.6311224489795918,Jul 29 2009
17,17,"exactly needed The great, clean rooms nice breakfast.Very welcoming staff.2 good resturants 10 steps Wagamama andNandos perfect kids.The undergrond 5 min walk hotel.The problem narrow window opening left room bit stuffy.",0.4040740740740741,0.6466666666666667,Jul 23 2009
18,18,"Usual Premier Inn Standard As Premier Inns I stayed one clean, functional, comfortable good value money considering location.The reception staff friendly helpful, always smile faces. The behind, actually linked to, 'The Anchor Pub Restaurant' - nice traditional pub Thames seemed popular got busy. We ate restaurat upstairs first night stay enjoyed it.The problem ground floor bedroom window looked onto courtyard outside reception - seemed everyone went smoke, could clearly hear people milling outside well night. Also entrance (not reception area entrance street courtyard) little odd unwelcoming. Other excellently located surrounded good places eat drink.",0.2160416666666667,0.5117361111111111,Jul 11 2009
19,19,"Excellent location quiet Despite close Thames adjacent sorts bars, restaurant trains, quiet location. There plenty eateries close 5 minute walk across City.Room roomy comfortable importantly - peaceful.It pub next door reasonably priced food can't bothered go evening. I personally would'nt bother breakfast aree sorts places nearby grab coffee bagel even good fry-up.",0.2833333333333334,0.5805555555555556,Jul 3 2009
20,20,"Great base sightseeing - shame heat I stayed single night family.First, downside: room uncomfortably hot.No air-conditioning narrow window opening due security latch. My stay end June hot humid weather.In temperate conditions I would nothing negative say staying there.The usual Premier Inn attributes: family rooms available; clean; decent fixtures fittings. In addition, linked charming boozer / restaurant - Anchor. Even better, receptionist friendly also stored bags locked room fitted sightseeing check-out. A minor additional plus digital TV channels available.Sightseeting tip: take short walk bankside pier (turn left Thames) - Circular Cruise boat Westminster want go London Eye. This adds 45 minutes entertaining sightseeing spin slowly around hugely pointlessly ferris wheel kids harping about.",0.07289186507936508,0.538998015873016,Jun 29 2009
21,21,"Superb budget great location This best budget I ever stayed in. It's practically River Thames, beautiful view river St Pauls Cathedral adjoining pub, serves breakfast meals want them. The rooms spotless, nicely decorated decent size. The beds comfortable, quite firm mattresses. The bathroom contemporary, high quality fixtures fittings. The staff overly solicitous, friendly really seemed enjoy jobs. Despite busy location, quiet night. The breakfast outstanding - granola, pomegranate juice green tea among traditional offerings. An attempt nutrition unheard budget hotel. Highly recommended.",0.31682539682539684,0.5831746031746032,Jun 22 2009
22,22,"Always happy Premier Inn exception... So, premier Inn expect - clean, large room necessary functional items good condition. It baths, don't, overall product. The staff particularly good, attached restaurant well managed despite extremely busy (because great location?).I've stayed number times place choice I'm town business . It's right near tube, fantastic views local sights - many budget hotels breakfast overlooking Thames.It's shame Premier Inn loyalty scheme would make par Holiday Inn Express Accor, I guess closest comparable chains.",0.25245098039215685,0.5008403361344539,Jun 18 2009
23,23,"Great .. Stayed 3 days back UK visiting friends.Hotel clean, rooms decent size, location excellent (Right Borough Market .. lovely food!) staff really helpful.The Anchor pub ext door also fantastic. Good value food, great atmosphere always lovely sit river. You really 'feel' London, arches cobbled streets.The minus point rooms quite warm (but thoughtful enough put fan room)Overall great stay. Book early though!",0.393452380952381,0.5776190476190477,Jun 17 2009
24,24,"Great Had pleasant one night stay ideally placed central London sightseeing. 5 mins walk London Bridge tube station, great location. The staff extremely friendly helpful. Room clean comfortable. Shower gel liquid soap provided. Breakfast good indeed. Wagamama restaurant opposite nice. The also took care bags day departure travelling home (for free too!), big added bonus, leaving Kings Cross would cost arm leg much extra hassle. Would say little niggle noise, guests corridors, (which obviously sometimes expected hotel) outside - glass bins pub nextdoor emptied early morning, noisy. The staff said tried get resolved avail.",0.2818478260869566,0.5222463768115942,May 19 2009
25,25,"Great value London Hotel. I stumbled across Premier Inn Southwark London purely accident pleased choice. The relatively quiet area London south side Thames - however, within walking distance (1- 1.5mile +/-) many sights Westminster Abbey, Tower London, London Eye, Shakespear Globe theater, etc - directly across Vinopolis (for wine fans there!). I prefer basic since I tend spend much time room sleep shower, like sacrifice basics cleanliness comfort. The con would Anchor Pub next door could open little later (it appeared open late drinks appears stop serving food around 830PM so) clearly posted hours operation.",0.11633928571428573,0.4583333333333333,Apr 27 2009
26,26,"Good back another stay Have stayed again. Last time good room small Management responded positively comments. Once staff cannot faulted. They friendly, welcoming always looking help. When arrived back late concert restaurants closed, night duty staff offered order us pizza. This arrived promptly welcome. The room large comfortable. We several meals Founders Arms near Tate Modern. Spectacular views Thames, St Paul's etc. Fantastic staff excellent food. The pub also separate area coffee, tea etc cakes, ice cream served. A good idea.",0.30840754483611627,0.4914615543186972,Apr 18 2009
27,27,"Great choice!!! We booked 6 nights via internet, based good reviews recommendations, turned correct. The wonderful choice, great location, modern clean rooms outstanding service entire staff. We came many expectations, knowing moderate budget hotels London usually nice experience, ...what nice surprise had! Warmly recommended.",0.4847619047619047,0.7285714285714286,Mar 16 2009
28,28,"Loved every minute stay We chose based purely reviews read Trip Advisor. We disappointed! Location! Location! Fantastic! Walking distance easy access via underground sights! We booked room Premier Inn website everything exactly promised! The room clean airconditioned. We great 7 day stay could fault service, friendly helpful. We arrived early staff locked 3 huge suitcases safe room enjoyed sights. I travelled 2 teenage daughters felt completely safe. If ever London would hesitate stay again. Very happy Australian tourists.",0.436624649859944,0.5901960784313726,Mar 7 2009
29,29,"best location really cheap central London I stayed boyfriend 2 kids, double room sofa beds. Room good size, flat screen TV, en-suite, everything need really. No shower gel anythin like buy travel pack stay here. Location amazing, 5 mins Waterloo station, 30 seconds Southwark jubilee line, perfect getting everywhere London. Short walk London bridge, London eye around corner Tate modern. This basic price location perfect ashort stay. Breakfast additional charge best Pret A Manger close lovely great value. Highly recommend hotel, although fancy clean spacious, walls bit thin though :(",0.3167460317460318,0.5233333333333332,Mar 1 2009
30,30,"Fantastic location friendly staff good price Stayed business really pleased it. It's 5 mins walk London Bridge station/tube minutes Southbank Borough market. Nice pubs food places nearby. Very friendly staff comfortable room. Nice breakfast good pub next door dinner.Only criticism room slightly gloomy, even lights on, although people probably mind this.Overall, great value money really good location mean I'll definitely stay again.",0.3927083333333333,0.6408854166666668,Feb 19 2009
31,31,Disappointing I travel London every year young daughter theatre. We usually stay Premier Inn County Hall fully booked tried Southwark instead. I looking forward location excellent Bankside. The room usual standard although basic condition bedding worn (but clean) bathroom shabby comparison Premier Inn's we've stayed in. My main problem child friendly. My daughter six time stay wished eat restaurant however informed closed go adjacent anchor pub order food across bar. I took one look bar heaving. When I explained unsuitability reception I told lots restaurants nearby. Thankfully daughter used eating found Greek restaurant nearby much higher price - also walking back dark approx 10pm little unnerving much safer step back lift safety hotel. Whilst another family reception complaining thing - even worse one children wheelchair - opted eating hotel. I could understand problem breakfast time guests separate eating area. Overall great couples families older children definitely place families small children like us single parent families. The next year went back County Hall planning go back year. Even though expensive feel much safer convenient.,0.062251984126984135,0.3459986772486772,Jan 25 2009
32,32,"First Class Premier Inn On business group work selected proximity London Bridge Station, Jubilee Line underground easy access parts London.Located old London cobble streets south bank River Thames, historic area old Clink Prison was, rated location good. The short 10 minute stroll London Bridge mainline underground stations. A pleasant walk along river take various points interest. The also Anchor pub attached found great place stop work drink bite eat. Across road Wagamama restaurant. There also Starbucks close need Latte fix morning.We see Darius General Manager stay Darius helpful setting stay group advance. Dariusâs team however wonderful job front desk staff, night porters, chambermaids morning servers breakfast room â cheerful, welcoming would attentive stay requests. Five star mark staff!Rooms larger I expected furnished good standard actually budget style Premier Inn hotel. Despite location found rooms quiet bedrooms overlooking courtyard. Could fault Housekeeping team room always cleaned high standards day. To honest rooms everything needed short stay London request iron ironing board quickly met.Breakfast (taken Anchor Pub) excellent well worth additional Â£7.50 paid time booking. Our group impressed Premier Inn. Its staff, rooms, service, location even breakfast earn small Premier Inn much credit. We would certainly stay recommend others. Have however noticed hiked rate Â£151 per night dates 2009 probably pushing outside cost I would expect Premier Inn value â shame!",0.2583922902494331,0.47619954648526086,Dec 28 2008
33,33,"A great stay Stayed days Christmas. As far I concerned, good hotel, quality towards top end 'Travel Inn' brand. Great location, surrounded atmospheric quaint streets yet 5 mins walk London Bridge station. The whole area buzz seems somewhere coming. Borough market missed!!! Hotel relatively standard Travel Inn fare, somehow compared others seems extremely well presented. Has character I like way set courtyard. I tossed County Hall Travel Inn. Having walked past look I'm certain I made right choice!The walk along South Bank Westminster great. Try day better still night lit up. Other that, get centre things, cross Millenium Bridge Tate Modern get frequent buses St Pauls Covent Garden etc use Jubilee line London Bridge (4 stops) Green Park.Yes I would stay again, I think clinches neighbourhood seems like authentic old London one visitors experience something London life lived!",0.253025,0.4844857142857144,Dec 23 2008
34,34,"Really nice Location We stayed Premier Inn, Southwark last Saturday Tuesday. The first thing impressed manager, Darius, ringing us home day check everything OK needed assistance, helpful.On arrival made welcome girl reception continued impressed absolutely staff came contact throughout short 3 night/4 day stay.The small, around 50 rooms I think, first class order throughout, unlike lot hotels marked absence chips &amp; scraps public areas. Our room 2nd floor bay window looking small inner courtyard. We travelled 14 year old son hence family room. The room reasonable size, clean, flat screen tv, coffee making, hair-dryer, armchair, plenty hanging shelf space. Our son's bed comfortable enough basic thick mattress set onto floor, slides main king size bed. The bathroom spotless credit staff clean rooms daily.There work going ajoining building (The Anchor Pub) inconvenienced way - work seems start around 7.30am, trip designed see sights London together theatre trips up-and-about anyway.Breakfast taken Anchor pub, corridor access Premier Inn via keypad. Breakfasts extensive choice 2 girls (and male i/c) worked hard ensure guests suitably looked-after. The end 2 tables, seat 2 3 people, fabulous views River Thames, Southwark Bridge river St Paul's Cathedral etc.Trips West End Oxford Street easy, especially quick. We either used London Bridge underground (10 15 minutes walk away) river embankment Millennium Footbridge (which close by) across St Paul's area buses frequent Trafalgar Square beyond (numbers 15 23).South river, walk past Millennium Footbridge London Eye Houses Parliament (around mile away), Lambeth Imperial War Museum (which simply brilliant AND free charge). The Tower London around 15 minutes walk away closer popular London Dungeon. We visited Churchill experience Tooley Street poor value money around Â£10 per adult. The Clink Prison road Premier Inn, fiver right worth half hour look. Southwark Cathedral local Borough Market close time go.The closes large gates 11pm night, problem intercom attached security person duty.Overall, excellent well-run small offering, London, outstanding value money.",0.18387840670859545,0.49678421683138657,Oct 31 2008
35,35,"Great budget Have returned 4 nights Premier Inn Southwark highly impressed considering price.The brilliant location rooms clean modern. The beds good size. Breakfast served adjoining Anchor pub. A couple mornings wait time table staff seemed rather hassled still pleasant helpful. Again breakfast good value. Â£15 myself, husband 3 sons. The Anchor lovely old pub able eat breakfast looking Thames sight St Pauls.The drawback convenient Westend, Covent Garden nighttime - direct underground link. A taxi cost us Â£18 Covent Garden.",0.5207692307692308,0.7139743589743591,Oct 28 2008
36,36,"Great Location Value The Motel great location - five minute walk Tower Bridge Trube Station 15 minute walk St Paul's. The motel fairly new room neat , clean well maintained. It attached Anchor Pub reall hand meals busy day sightseeing. Considering location reaonably priced. The staff friendly, efficient helpful.",0.3968614718614719,0.5363636363636364,Oct 18 2008
37,37,"Best Vakue Great Location This one best London locations price. Important tip price 97 pounds Fri - Sun nights jumped 145 pounds Monday Thurs nights.The Globe theatre close must do. At 5 pounds pits (standing only, heckling allowed, drinks) experience never forget.",0.5666666666666667,0.6083333333333333,Jul 25 2008
38,38,"Premier Inn - 1st Class - As ever Great value rooms decent size immaculate.This excellent base exploring London.A short walk London Bridge Tube Tate Modern.Make sure get local Borough Market, fantastic fruit, veg, seafood, cheese etc.. etc.. etc..1 thing watch - local taxi drivers bit confused location hotel, usually easier walk.other good.",0.19388888888888892,0.602962962962963,Jul 22 2008
39,39,"Nice good value great location...couple things know though. Pros: Great location, reasonable price, friendly helpful staff, clean roomsCons: noise, warmOverall I enjoyed time family I spent there. It convenient everything South London. You literally right Thames path less 10 minutes Tate Modern, Globe attractions Dungeons, Clink Prison Tower Bridge. The room great except way keep cool comfortable. A fan provided made tolerable, surprising 68 degree F weather outside. There heating/air conditioning unit, air conditioning part work. The main thing way get breeze room design hotel. The staff, especially &quot;Billie&quot; helpful kind.Be prepared night morning sound hundreds beer wine bottles dumped neighboring Anchor Restaurant/Pub. It wake little startled. Still, come back want stay close many attractions South London, I hesitate stay again.",0.29071003401360546,0.5048469387755102,Jul 6 2008
40,40,"Great location great price! Bankside buzzy part London, popular locals great bars, cafes restaurants popular tourists Tate Modern, Globe Theatre, London Dungeon, Clink Museum, Southwark Cathedral course Borough Market nearby! As I wanted visit Borough Market Tate Modern trip, I picked nearest action one literally 1 minute away Borough Market 5 minutes walk along Thames Path Tate Modern! At Â£99 one best priced city, I expecting much- fact I got giant comfy bed, spotlessly clean bathroom decent shower really really quiet! I top floor room got great view well! All staff really friendly helpful well. The attached Anchor pub restaurant closed refurbishment giving away free breakfast boxes containing cereal juice I thought hospitable touch considering breakfast included price anyway! My niggles internet access expensive Â£3 30 minutes- Starbucks round corner free wifi I bring laptop! Also room quite warm proper AC unit. Opposite Wagamama's Nandos 5 minutes walk along Park Street opposite direction brings Blue Fin Building amongst others, Leon London based mini chain healthy fast food day great range tapas, mezze delicious hearty healthy meals evenings, reasonably priced. Try Moroccon meatballs chocolate brownies- delicious! All great stay next time London I'm definitely going back next time I'm town!",0.3397222222222223,0.5066666666666667,Jun 15 2008
41,41,"Good Location But Few Things Keep Mind We stayed Premier Inn London Southwark end London-Amsterdam vacation. Having London before, thought location Thames ideal way end holiday. We love South Bank Queen's Walk, 2 minutes fabulous Borough Market.There things keep mind hotel. It 10 minute walk London Bridge tube stop, heavy luggage, pulling along cobblestone road difficult older youngsters. The Anchor Inn pub serves hotel's breakfast undergoing renovation June 15th (although may take longer). Consequently, offer breakfast dinner work completed. (We ate cute place next Clink Prison Museum.) For traveling family/friends, telephones cannot call room room. This may seem like trivial point, book multiple rooms, may bothersome. Finally, I stress air-conditioning. They ventilators room slightly cool move air, safety reasons, windows open 2 inches. They offer electric fans rooms, even those, felt uncomfortable.",0.11274509803921567,0.6107843137254901,Jun 3 2008
42,42,"A great find We spent 6 nights April 2008. We London go wedding Greenwich visit relatives there. This location ideal. We expect much. However, way better small stayed London. The room quite large comfortable. The staff consistently friendly helpful. It wonderfully quiet centre large city. And close Underground. The south bank interesting vibrant part city. From walk miles along river bank directions. The attached historic Anchor Inn good pub meal lunch evening. Breakfast guests served part pub overlooking river, watch river traffic see St. Paul's cathedral eggs coffee. There many pubs restaurants close by, plus huge Borough Market. There big wine exhibit (Vinopolis) across street. It five minutes walk Tate Modern two minutes famous Globe Theatre.",0.26609730848861285,0.5032091097308489,Jun 1 2008
43,43,Fantastic location This great- knowing brand setting expectations accordingly-i.e. luxury brief family trip capital-this ideal.The best aspect definitely location- perhaps little difficult locate - worth effort.As described - 50 metres Thames- Nandos opposite &amp;a Japanese chain next door. We ate impressed internal decor- built bridge arches- food fine nice atmosphere.The walk tube also takes past Cafe nero/Starbucks &amp; couple interesting eateries.The Anchor pub closed refurb 16th Jun breakfast served- hence provided complimentary breakfast cereal/juice box- unexpected breakfast included price. We breakfast ate Borough High Street- fine &amp; reasonably priced.Staff reception welcoming &amp; I called ahead enquire parking- guy helpful &amp; lucky enough get parking space (Â£15 per day) first come first served 5 spaces available.The one downside lack air con- I fine husband daughter (even using portable unit room)still felt uncomfortable.After many trips London - I felt exactly matched needs use without question.,0.2251767676767677,0.45752525252525256,May 27 2008
44,44,"reasonably priced great location We stayed bank holiday weekend end may 08. We found great base market attractions nearby. The clean staff friendly. Although find rooms far hot!! All good, reasonably priced great location. Would stay London!",0.37566287878787885,0.7363636363636363,May 27 2008
45,45,"Family Perfection After searching so-called London &quot;deals&quot;, I decided look popular chains. Looked Premier Inn website found good price, I checked reviews Tripadvisor found highly rated. For family, PERFECT. Huge 6ft double bed 2 small children's beds en-suite. Go Â£7.50 buffet breakfast option kids aged 15 free. We need find food teatime. A meal The Anchor next door reasonably priced found service excellent, though eat leave 7pm. Use buses - RV1 around corner take Covent Garden The Tower. Connections areas easy find well. The staff Premier Inn helpful - last day, get store luggage (free) enjoy last day.",0.28517543859649125,0.5306140350877193,Apr 5 2008
46,46,"Great Location - ""London Affordable"" A nice find! Clean modern hotel, 5 minutes walk tube, family rooms en-suite bathroom, price affordable (for central London). Our family 2 adults 2 teenage children spent week hotel, would recommend either couples families. One warning used American accommodations, children's &quot;beds&quot; mattresses floor. That negative. The room clean, shower excellent. The front desk staff VERY helpful anything needed, including finding doctor would see son Easter Sunday!The location great - right river. We early spring weather still cold pubs restaurants nice crowd - I'm sure really nice summer months. There lot hotels immediate area, neighborhood type feel good mix tourists, locals business people. A great place end day feel like coming home neighborhood day sights.",0.3290890269151138,0.6010697032436163,Mar 31 2008
47,47,"Good quiet This lived expectations. It no-frills budget hotel, clean modern bedrooms bathrooms. We family room, decent size long kids' beds out. Kids' beds two thick mattresses rolled underneath big bed, out, much floor space left room. The main bed large, comfortable bit hard, duvets, pillows sheets high quality. The kids' beds bit short springs could felt, comfortable bigger kids ok shorter/lighter kids. The bathroom tiled modern, bathtub shower, water pressure temperature fine. There much space toiletries beside sink. Only soap combined shower gel/shampoo provided, bring toiletries. Hairdryer provided.I concerned potential noise, since Cannon St railway bridge passes outside hotel. However, VERY quiet. Our room second floor, facing courtyard, noise all. We slept well. Staff overall service-minded nice, couple persons deviating upwards downwards. How rate location depends want London. The Thames, I liked, gave real &quot;London-feeling&quot;. The walk along Southbank nice, close several different attractions, Tate Modern, Shakespeares Globe, Tower Bridge, HMS Belfast , Golden Hinde, Southwark cathedral, Borough Market St Pauls (walk Millenium Bridge). However, like big-city buzz large choice eateries restaurants, location perfect. The area quiet night, even though travelled kids found going Leicester Square Covent Garden quite often get action better choice eateries.The five minutes underground (London Bridge) - walk right way. Be careful first take exit towards Borough High St, coming stairs,exit Borough High St West. You Stoney St directly right (the street Harry Potter went night bus!). Follow Stoney St Clink Street, turn left. Walk 100 metres (past Clink prison museum) ta-da: You there! The streets cobbled, convenient suitcases. The London Bridge underground station served Jubilee Northern lines. An alternative underground RV1 bus, stops Borough High St around 50 south underground exit. It goes Tower London Covent Garden, passing London Eye.There restaurants area, exciting options good lunch deals. Just opposite Nando's (chicken) Wagamama (asian), mains starting 7-8 pounds. A short walk along Thames west Eat, London chain selling good sandwiches, soup etc. Breakfast good value money: Continental part: Coffee/tea, good fruit salad fresh fruit, yoghurt, milk, cerals, toast, croissants, jams, juices etc. Cooked part: Porridge, good bacon, eggs various shapes, beans, mushrooms, tomatoes, sausages (including vegetarian). Continental part buffÃ©, cooked part ordered. Quality food fine, one day wait long cooked part. Kids 16 eat free (max two kids per adult), hungry kids, good option. Internet available reception area two computers. It expensive (3 pounds/30 minutes) surfing surrounded ads various companies screen. Not nice.",0.1562213534328919,0.48194561848408013,Mar 29 2008
48,48,"Great location good price Just returned weekend hotel.Great Hotel,friendly staff,clean rooms world class location others said. Between Tate Modern,The Globe Borough Market next Anchor,what could ask FOR Â£98 London?",0.5,0.4625,Mar 19 2008
49,49,"Best Budget Accomodation London Just come back stay hotel.We usually try get County Hall Premier Inn, full saw option. Glad did.This replaced County Hall PI fave place stay London.Great location (Borough Market!, Tate Modern, St Pauls Bankside Boat Pier)Would hesitate reccomending anyone",0.32083333333333336,0.39999999999999997,Feb 23 2008
50,50,"Top location reasonable price - definitely recommended This better usual Premier Inn (if know brand). It's located right next river, view room inner courtyard. The room typical chain, although needed manually heated using fairly noisy fan heater - get rather cold night switched off. Breakfast dinner taken adjoining Anchor pub, nicely &quot;olde world&quot; overlooks river.The breakfast brilliant value money GBP 7.50 full English breakfast buffet. Make sure go option! The fish chips dinner menu also excellent cheap. For beer drinking, I would recommend nearby &quot;The Old Thameside Inn&quot; next Golden Hinde reproduction galleon. The receptionists friendly leave luggage return luggage ticket. You order newspapers, left reception brought room. In case room cost GBP 120 Saturday night GBP 95 Sunday night excl. breakfast.",0.26050207039337475,0.5270117322291236,Dec 19 2007
51,51,"Really nice Lovely clean room quiet courtyard location. Friendly staff reception, bar restaurant. Loved breakfast sitting window looking Thames St Paul's. Good evening meal restaurant (but walk note go bar order food... no-one tells this!), enormous portions (starter would enough).Good location close lovely Thameside walk. Convenient Tate Modern, Globe. Good pubs restaurants nearby.Still new taxi drivers know location. Tell go Vinopolis (opposite).",0.38100233100233105,0.5913752913752914,Dec 8 2007
52,52,"Good Accommodation Typical Premier Inn. Good accommodation central London &quot;reasonable&quot; price part world.Room tidy clean, nice shower / bath managed secure car parking (extra charge).If know brand, I would say rates upper half range (stayed good).Would recommend.",0.2757575757575758,0.48333333333333334,Nov 6 2007
53,53,"Excellent-Super-Great Hotel ! We've spent 2 nights Premier Travel Inn, Southwark January. If hesitating choice place stay, best deal. The price interesting London, close station undergrounds, without ANY noise night !! (We've slept like babies)The staff really pleasant. We 've found room PERFECT, nice beautiful, modern, cosy, fresh (not old style flowered stuff) moreover London, known tiny rooms great suitcases us. Very clean, also nice bathroom, comfort. We've asked room third floor, sure noise, asked. We sad leave, would stay days next time.Definitly go back charming next time London !!",0.3805434782608695,0.5593719806763285,Oct 30 2007
54,54,"Great Location. Helpfull Staff. Comfortable Rooms We booked 4 friends visiting Florida, worried usually London rip hotels overpriced. What great surprise told stay great sucess. The rooms clean, staff could enough loved location. I would definatley reccomed anyone staying London want pay top dollar happy stay basic room.",0.3935897435897436,0.5942307692307692,Sep 11 2007
55,55,"Lovely lovely surroundings Ive recently come back weekend Paris Euro disney, wanted close London Waterloo station early departure Eurostar. Hotel one mile away station, stayed one night, impressed hotel, rooms lovely clean,quiet, lovely comfortable bed. Location brilliant, nice pubs choose from, Starbucks, walks away Shakespeares globe. Staff helpful. Had breakfast evening meal Anchor pub, nice food. Overall excellant stay, going back short weekend break vey soon, impressed.",0.3988888888888889,0.5694444444444444,Aug 31 2007
56,56,"Good location price (and info near stuff) Cost: seemed reasonable expensive London is.Location: nice location across Vinopolis shortwalk Globe theatre. 5 minute walk London Bridge tube stop.(a little painful dragging luggage)Bed: The bed nice big soft.Food: pay extra breakfast enough places like Starbucksnearby give variety cost. Internet hotel: Didn't laptop speak that. They have2 PCs use, cost something crazy. (3 pounds / half hour?)Things near by:Globe - enjoyed small tour theatre (only available morning).Kind wish tried get groundling tickets (but stand theentire play)Vinopolis - either special event always reserved. If reallywant it, figure day reserve ahead time.Clink Museum - silly little museum prisons. Only worth want totake silly pictures prison props send nephews.Millenium Bridge - 5-10 minute walk it. Cross easily get St Paul'sCathedral. Go stairs St Paul's. Very cool scary.Southwark Cathedral - Person gift shop unfriendly. We got prettylate (thought closed 5pm, 4:30) said audio tours broken.Glanced around anything special.Near Food options tried:Nandos - Chicken place next door. It okay nothing special.Wagamama's - good Japanese food. Highly recommend (chain findall London)Souvlaki - We loved hummus red pepper stuff. The hot lamb dish appetizer good. Service kind laid-back. Only wine appetizers.Eat - Can get cheap breakfast sandwich here. We try anything fancybut take away lunch wraps looked good.Other: If going Gatwick, find way use tube get there. Costwas 66 pounds 4 us get good 45 minutes streetsof London (no highways get directly area)",0.11783133533133534,0.569271978021978,Jul 10 2007
57,57,"value money stayed 4 nights end May. The near Thames. Room clean, silent spacious London Southwark. Staff friendly helpful. We took breakfast Anchor pub next excellent. Go Anchor beer meals, much better pub food London. We recommend hotel.",0.33177083333333335,0.45625000000000004,Jun 11 2007
58,58,"Not tourist rip We family two adults two children aged 8 6 stayed London three nights August 2006. Having London number times double income kids couple, time needed reasonably priced clean comfortable accomodation. An English relative travels regularly London business tipped us Premier Travel Inn chain hotels. We found Southwark reasonably priced, comfortable, rooms (including request) airconditioned location extremely easy travel around visit sights from. Southwark cleaned updated last years althought streets pubs near busy, locals tourists made pleasant change. The staff really helpful, room easily accomodated four people clean. The drawbacks inhouse, laundry smell cigarettes occasionally made way ventilation shafts.",0.1934920634920635,0.4948534798534798,May 2 2007
59,59,"great value london Like premier travel inns know roughly expect family relatives stay 50th birthday weekend tested everytihng aprty ranged 15-82 years old,Good big clean rooms, clean bathrooms good value cooked breakfast (free 16's) pretty great thamesside location add good package city.Very close many bars restaurants superb borough market weekends.Only drawback lack parking facilities (5 spaces only) thats par course London.",0.4610256410256411,0.6984615384615386,Apr 11 2007
60,60,"An excellet value close history! Rooms exceptionally clean, en suite, attentive staff Anchor Pub attached building. This pub people gathered watch London burning great fire! Full English Breakfast well done, one would expect. Quite sense history pub.From walk Queen's Walk, making way Thames New Globe Theatre, also get easily underground, The Tower London, easily access London's historic sites excellent public transportation system. (Well, USUALLY excellent!)",0.38185703185703185,0.5674436674436675,Mar 20 2007
61,61,"Good location really convenient comfortable Stayed 3 nights. I would stay ask room close lift hear lift bell whilst trying sleep.The room clean comfortable. The staff extremly friendly, polite helpful cases quite comical front desk.The everything might need quick visit London breakfast served pub next door. There coffee shops restaurants right opposite would certainly stay again.Has pub right next door good walking distance tube/train station.",0.3287946428571428,0.49017857142857146,Nov 22 2006
62,62,"A great location I normally stay Travel Inn I looking use leisure vouchers needed stay somewhere one night. I London business choosing stay I able walk I really appreciated great location - really vibrant part London lovely cafes market stalls near Vinopolis, Tate Modern, Clink Prison museam. The direct access lovely traditional pub outside seating overlooking Thames.I chose go time free convenient, I planning go back family.The room standard Travel Inn fare - everything clean perfect condition functional - price (even paying!) I think expect more.I paid breakfast Â£7.50 good value. I'm vegetarian I still got full plate cooked breakfast (rather standard breakfast meat removed offered many places)",0.34287878787878795,0.49719696969696964,Oct 25 2006
63,63,"Great little great location! This first trip London friends told us reading tremendous numbers negative reviews lot hotels, rather nervous. We encouraged positive reviews place TripAdvisor glad decide stay here! The room plenty space, bathroom cramped king-sized bed comfortable. (The bed actualy two regular beds single topsheet comforter. It worked well.) The air conditioner powerful, kept room pleasant. We view quiet street aside sirens distance, noise problem. There plenty water pressure much hot water needed. The room included telephone free local 800 calls, 19&quot; television, coffee/tea maker hair dryer. The bathroom actually plug 115 volts well 230 electric razors. There plenty lights, reading guidebooks easy. The towels nice although washcloths, bring own. You may also want bring soap like shower gels. One chairs looked something spilled bleached, clean. There ice machine although vending machines restaurant happy provide glass ice request.The staff friendly spoke English. The Anchor Pub restaurant premises great outdoor deck Thames nice view St. Paul's. The neighborhood fun. It's short blocks London Bridge Tube Station others noted, LOT local attractions well lot nearby pubs, outdoor market, small eateries pastry shops. Borough High Street (where get Tube Station) lot banks ATM's several Internet cafe's well. When first arrived little bit hard find twisting narrow streets, quickly got oriented.We felt provided great value price (London cheap place visit) probably stay visit again.",0.22344721566312484,0.5487120455302272,Sep 23 2006
64,64,"Great disabled We decided week , wanted quick easy weekend away london, travelling south west trains,which may add absolutely perfect far concerned , wheelchair normally avoid public transport , south west trains made travel comfortable easy considering leaving car behind alot more!The right behind london eye, great train station minutes away.Once arrived system side entrance disabled disabled know side entrance place always used us,rarely teh front entrance.The room really big plenty room wheelchair.The bathroom needs anyone would want everyday neat clean towels, fresh bedding rooms tidy high standard! The coffee tea milk provided get cuppa need ask fro 2 adults.With us 3 staff provided questions asked.Breakfast really nice , provide cater all.The bar open early hours.Although really close Waterloo station west minster bridge , really wont hear noise form traffic!All 1st class london weekend definately must!",0.21595238095238092,0.5448739495798319,Sep 12 2006
65,65,"Great little Sometime ago, local newspaper highlighted great alternative high priced London scene. Well, right! This all. Great location, clean modern rooms right sized pricing. No, &quot;history&quot;. If want eat breakfast Anchor Inn. It attached provides either full english breakfast continental breakfast inn dating back 1500's. You prepay register hotel. In summary, I could pleased stay. A great little gem heart London's Southbank.",0.32614845938375353,0.5094957983193277,Jun 20 2006
66,66,"family weekend break travel inn clean, friendly helpful, restaurant different matter. I booked travel inn cause thought catered families. They childrens menu, main menu limited. It offered fancy food good 4 year old, would happy fish fingers burger. There side orders chips, given that. Staff restaurant english, trouble understanding accents. Apart restaurant, fault actual staff.",0.1079004329004329,0.3978354978354979,Jun 6 2006
67,67,"Small scale atmosphere Premier Travel Inn 2 hotels South bank central London: Southwark County Hall. I stayed latter many times full satisfaction. For latest visit I late make reservation, recommended Southwark instead. A good alternative indeed. At slightly lower rate (84 instead 92 pounds) Southwark offers rooms slightly smaller big spaces County Hall, decoration stylish modern fully compensates that.In fact comparison holds entire hotel: Southwark smaller size County Hall, atmosphere. Cobbled quiet streets surround hotel, entrance though courtyard, reception small desk tiny office, breakfast served nice navy style pub adjacent hotel. Beds wonderfully soft shower pressure temperature excellent even peak hours.The cons I think air conditioner cold really cool room (but County Hall air conditioning all), fact windows cannot fully opened (although I told following health safety requirements). But small inconveniences, prevent preferring County Hall future visits!",0.12561111111111115,0.501,May 21 2006
68,68,"Reasonably priced clean little WiFi My wife I stayed four nights March, 2006, found clean, comfortable, convenient. The price reasonable staff friendly. If visiting Shakespeare's Globe reconstruction, Lancelot Andrewes' Southwark Cathedral, Sir Walter Raleigh's Golden Hinde reconstruction, Southwark farmers market, place stay. It also tube stops away heart old City. The room well laid writing clothes storage areas spacious. However, intend spend time west London's theater district, Kew Gardens, want classy neighborhood, I suggest Copthorne Tara Kensington instead. Granted, Premier (expensive) in-room WiFi Copthorne Tara last time stayed there, Premier in-room refrigerator concierge service. The bathtub Premier narrow big person. Also, rely room ready morning arrival. The Premier much less expensive choice hotels London, usually expensive, service cleanliness issue important. Hint: Upon first arrival, much luggage, get taxi London Bridge rail underground since must cross several streets get easy find. We find nearby Marks &amp; Spencer Food Store equivalent, London Bridge rail station variety food stores, buy supplies upon arrival use taxi transport them.",0.0775,0.4978333333333333,Mar 27 2006
69,69,"Good value good location. It's possible pay lot money accommodation London. More often one end severely disappointed one gets ones hard earned money!Not case Premier Travel Inn Southwark I would venture though. Here find good value, good sized room clean, comfortable modern, within facility smart, accessible, yet relatively peaceful part London.The good location, less 5 minutes walking distance London Bridge tube station connects easily central London via Jubilee line.Within immediate area number excellent cafÃ©s, restaurants favourite, London pubs. Should wish venture try local pubs, I would highly recommend Market Porter, Stoney Street. Its popularity quality easily assessed fact always packed! Also worth visiting Wheatsheaf along Stoney Street, George Inn Borough High St. The Globe Bedale St.The Premier Travel Inn attached pub called The Anchor (in served breakfast choose reasonable cost), perfectly serviceable pub, enjoyable mentioned above.To conclude then, looking comfortable, good value hotel, good location, without fripperies luxurious hotels, serve well.",0.3573520923520923,0.5900865800865802,Feb 25 2006
70,70,"good place fair price This well located easy access key locations. The rooms clean normal size. service great. We never try restaurant hotel. I recommend higher floors. There little bit noise first floor. Taxi ride probably better tube get there. If looking luxury, good value, good location, good choice consider.Around area couple places eat. Nando's sort fast food restaurant food (chicken, Portuguese) nice.",0.36902777777777784,0.6620370370370369,Jan 21 2006
71,71,"Good place stay London Stayed four nights New Year. It ideal location within close proximity Shakespeare's Globe Theatre short stroll across Millenium Bridge St Paul's Cathedral. We took buses St Paul's centre city. Nearby restaurants Wagamama excellent. The smallish clean. The room quite modern little smaller room County Hall PTI. If want stay quieter area Inner London, ideal. The price 83 pounds great central London. My real complaint food Anchor Pub adjoins hotel. The hot carvery under-staffed New Years Eve hardly anything eat menu (at 7pm!). The food got pretty average. The A la Carte area closed re-open another month so. We breakfast pub dinner anything go by, miss much. A shame really pub looks great outside inside - real character.",0.21434483726150397,0.5247194163860831,Jan 12 2006
72,72,"Wonderful little hotel! We returned London yesterday stayed based reviews I read - good everything I read. Very clean modern helpful friendly staff. The location wonderful, amidst small cobblestone streets block River Thames. Several people mentioned little difficult find first time I agree simply looked Southwark Cathedral exited London Bridge Station went direction followed signs Vinopolis (it directly across street hotel). Also nearby Clink Prison Museum (1/2 block), remains Winchester Palace (1 block) Golden Hinde replica (about 2 blocks) alot visible history area. The Thameslink train connects London Bridge Station directly Gatwick easy ride airport fare much less Gatwick Express. We loved Southwark area felt safe. There alot pubs restaurants nearby located riverwalk along Thames. We definitly stay future visits. It good value expensive city.My thanks reviewers wrote property - I chose based reviews solely I disappointed.",0.2270910493827161,0.5520546737213404,Sep 27 2005
73,73,Excellent,1.0,1.0,Aug 16 2005
74,74,Highly recommended,0.16,0.5399999999999999,Aug 8 2005
75,75,Good location good size rooms excellent value,0.7999999999999999,0.7333333333333334,Jul 17 2005
76,76,Room Size,0.0,0.0,Jul 1 2005
77,77,Excellent location esp. tourists,1.0,1.0,Jun 30 2005
78,78,Fabulous family Hotel London Eye,0.4,1.0,May 14 2005
79,79,Great Value Even Better Location!,0.7125,0.625,Feb 4 2005
80,80,Fantastic location excellent value,0.7,0.95,Jan 14 2005
81,81,Awesome location,1.0,1.0,Sep 14 2004
82,82,Good Base visiting London,-0.050000000000000044,0.8,Apr 21 2004
83,83,Excelente,0.0,0.0,Nov 2 2009
84,84,Para lo que es Londres!,0.0,0.0,Oct 27 2009
85,85,excellent sÃ©jour,1.0,1.0,Oct 13 2009
86,86,AgrÃ©able sÃ©jour trÃ¨s bon hotel.,0.0,0.0,Jul 14 2009
87,87,buona scelta per vacanza Londra,0.0,0.0,Jun 12 2009
88,88,Tolles Hotel tolle Lage toller Preis,0.0,0.0,Feb 17 2009
89,89,J'y retournerais et le recommanderais,0.0,0.0,Oct 28 2008
90,90,Muy buena relaciÃ³n calidad/precio,0.0,0.0,Oct 22 2007
