,Unnamed: 0,Reviews,polarity,subject,Dates_extracted
0,0,"Well kept clean modern value money Stayed one night family sight seeing trip London. Hotel modern, clean, warm lovely decent sized rooms larger families. Took car parked near hendon tube station (only Â£4 day) got 20 minute tube city centre.Breakfast lovely - Only downside - booked family 5 arrived receptionist queried booking stating room would take 4. Luckily kept note managers name conversation.Would certainly go again.",0.24050793650793653,0.6774285714285715,Nov 3 2009
1,1,"Great place free parking nice rooms convenient location.... Stayed 2 nights business trip, place good, rooms comfartable staff pleasant, breakfast nice, option healthy UK fried breakfast......I liked it, didnt issues, left good feeling...",0.5303030303030303,0.6651515151515152,Sep 29 2009
2,2,"Never Again-DAYS INN LONDON NORTH M1 BET JCT 2 Days Hotel London North M1 way transport Central London tube car. We rented vehicle, decided take tube central london struggle driving, pay parking congestion pricing Central London; niece business trip took 2 children meet work. Her Hilton Metropole. We tried switch Days Inn Hotel Central London, told couldn't. My travelling group consisted family (my husband 2 young adult children) tried keep cost travelling down, stay Central London, (little know). We arrived 3 days niece. We asked staff tubes go Central London could walk tube, station near Edgeware; said walk, would take taxi. We found later parking behind tube/bus terminal. They also bus, let anywhere near would still walk since coming back night told good idea bus station manager. That bad, thing I want know controlled ground barrier side Days Inn Hotel London North M1 bet Jct 2&amp;4 walked pick car service Days Inn Hotel staff called us? The staff stated way car service could go would highway would cost us 40 pounds instead 5 pounds????? Excuse me, I'm using cab service I picked front door, walking 100ft cab that's dropping tube station.The car service pay congestion pricing toll use highway, ridiculous! This went entire stay Days Inn London North M1 bet Jct 2&amp;4. Needless say happy!!! The 3rd night stay daughter went back hotel, husband son went niece two children see comedy show Central London. My daughter I took black cab back hotel, late raining apparently every driver country knows side entrance short cut b/c get destination told would cost us 40 pounds use highway barrier preventing taxi drop fare paying passengers stay front using side entrance short cut. The taxi driver night informed us barrier fact run police staff led us believe. He talked us 45 minutes told us took signs said run police. As sat observed two cars, police, staff, going barrier quite quickly buzzed intercom located metal post. Imagine sat 20 minutes first car came gain entrance, back let first car through. We got cab rain walked hotel, quite peeved, umbrella day rained stay. The next day observed two police cruisers trying get through, took 2 3 minutes. We heard describing marked cruisers informing fact Police. I think inquire Days Inn Corporate office (unkn franchise ownership) I going do, use hotel. We took pictures sign barrier. You also read review Cheaptickets. There also one outlet room personal use, unplug tv order use second outlet. Bed linen smelled bad wash cloths, know common unacceptable us, coffee pot smelly dirty, closets, dresser drawers, safes room. The closest eatery walking distance want eat snack bus/truck stop left exit that's fast food also houses little covenience store.",-0.07002096436058698,0.4143605870020966,Sep 26 2009
3,3,"Well worth money!! We stayed Days Hotel London North night. We impressed cleaniness beds comfortable. Breakfast buffet wide choice cereals, continental full english. The food excellent. We found easy reach M1. Would advise book alpharooms.com got room half price including breakfast, would twice price booking directly hotel.",0.36054166666666665,0.545,Aug 30 2009
4,4,"Excellent value - definitely recommend We chose wanted close Wembley stadium also near city center. We travelled 2 children friends daughter, predominantly booked good reviews reasonably priced. We really impressed, room big super king bed 2 fold beds children. The room airconditioning decent bathroom spotless!! Location great get to-just M1-we travelled city Taxi cost Â£25.00 6 people, considering good price thought totally acceptable quicker trains/buses etc! We also travelled Wembley taxi paid Â£20.00, Apex taxis great reliable.If find small faults shortage hanging space clothes although apparent 4 us 1 room breakfast bit hit miss bacon suasage etc coming slow pace !Overall fantastic weekend made even better Burnleys Wembley win !!",0.3049479166666667,0.551388888888889,Jun 5 2009
5,5,"Fantastic!!! Great Value beautiful Hotel friendly staff!!!!!! Looked stay near Wembley Stadium F A Cup final Madame Tussauds, chose Days Hotel. The staff pleasant nothing much trouble. We warm welcome. The reception, bar, restaurant room clean. The decor high standard. It excellent value money. The breakfast included good. Full English breakfast continental available. We Everton fans met many Everton fans hotel. We watched Britain's Got Talent Final Restaurant guests atmosphere relaxed. ABSOLUTELY RECOMMEND THIS HOTEL. WONDERFUL!!",0.45567708333333323,0.6535416666666667,May 31 2009
6,6,"Great Hotel Compared Days Inn hotels, lovely. I stayed Â£39 weekend definitely worth ... impressive",0.495,0.595,Jan 12 2009
7,7,"Liked lot Booked Laterooms Â£75 executive room, I enjoyed stay - free parking, modern room, Sky Sports 1, 2 &amp; 3, plus let take dog, one revisit list.Friendly reception in-house restaurant, can't go wrong.You really need car want go London.Pillows poor heating system noisy, otherwise I left happy.",0.2777777777777778,0.5222222222222221,Jan 8 2009
8,8,"Best deal London We stayed two nights really cheapest could find London. The room clean, quite big, comfortable. Breakfast huge lots choices. The staff helpful. Although bit way, work Apex taxi service, come get take nearest tube train stations, either Edgeware tube station Mill Hill train station, taxi also come fetch station take back hotel. The taxi charges 5 pound way. We paid 47 euros night double room English breakfast included, paying 10 pounds day extra taxi fare well worth it. One caution, though. Check-in 14:00. If want check earlier, charge extra. We arrived first day 10:00 wanted check in, said would cost us extra 30 pounds! So instead, asked keep bags us store room, went town came back evening check in, worked fine. I would definitely stay next trip London.",0.18816666666666665,0.29716666666666663,Aug 8 2008
9,9,Good stay We group three adults one child one room acceptable. They though prepare four towels mugs asked reception kindly obliged hesitation provisions.Room clean large enough accomaodate us.We ate restaurant first evening pleasantly surprised portions cost.We hired taxi take us local tube Â£5.The 2nd day decided drive Brent Cross tube I read previous review saying M1. We never found station ended Hendon Central I would say get directions obvious.Enjoyed stay would stay again.,0.15879120879120878,0.4060439560439561,May 26 2008
10,10,"Two cars broken into! There lots good things hotel, I stayed before.However - please warned car parking!A friend I cars broken car park March - smashed rear windscreen one car, jemmied door locks both. When asked CCTV Reception, told covers part car park.When spoke police, Autoglass, told us notorious break-ins cars.Nice inside, lots hassles deal aftermath!",-0.05000000000000002,0.6,Apr 10 2008
11,11,"Very good We (my husband I) returned London. We stayd 4 night's Days Hotel London North. It nice hotel, clean, big rooms beds, friendly staff, breakfast good. And location. We read reviews make decision even wont try walk find buses, order cab every morning night. They drive Edware station. So, get good deal, add sum 10 pounds/ day think. We paid 50 euros per night /room.So paid 63 euros per night/room nice easy access London. We liked much stay London Days hotel.",0.5368181818181819,0.6521212121212122,Mar 26 2008
12,12,"Very comfortable stay indeed. Really handly Me wife stayed reasons. Firstly price, booked directly phone even though Easter Weekend, managed get Â£49.95 per night hot buffet breakfast included beat website price (including own) saw. Secondly free car parking lots conveniently service area M1 motorway. Thirdly, good reviews indeed warranted. I would agree previous reviewers little far center London reason going &quot;drinking weekend&quot; would probably advised keep looking (although keep reading totally discount yet) car pretty much essential. The tube station probably excess 40 minutes walk away thats figure get there. Apex Cars pretty good, phoned go Edgware one night (Good Friday, around midnight) fiver. Black Cabs cost upward Â£7-8 though. One tip drive Brent Cross tube station instead Edgware M1, Zone 4 oppose Zone 6 parking weekend/Bank holiday Â£1 day, indeed free park street (right outside tube station), loads parking day that. Also quick thing mention, go back M1 go where, possible exit back onto residential area within Edgware. This also make walking possible, however looking areas drove including dark motorway bridges I would recommend single females particularly undertake it.Getting back hotel. Its clean modern comfortable. Actually feel like American normal fare find price range London. The bed huge I'm 6 foot 4 branded mattress thats comfortable. Only niggle, 3 cushions 2 people (!?), 4th? But I suppose thats case asking. Rooms TV strangely picked channels, BBC1 C5, Sky News, Sky Sport 1 3 Sky One. Strangely free view channels though. There demand movies, expensive though ranging Â£6.50 Â£8.50. Adult movies also also radio via TV. You view bill local info TV also. The bathroom clean well appointed, pretty powerful shower deep bath. The rooms heating air con seems work well noisy. However real complaint stayed particularly cold weekend (snow) heating kind room, room took 10/15 minutes heat came back. Pretty unwelcoming.The boasts mid sized restaurant (don't expect much) small bar (Â£1.25 half larger, Â£4.10 Magners cider). Its modernly decorated, couple large plasma screens pretty well presented. Breakfast pretty good, eggs order, bacon (as fatty salty hotels make it), sausages, full English really. Buffet heat lamps. Also fruit, yougarts, juice, toast pasties. Coffee/tea fresh served table. Good time range well, 6.30am 10am. The service dinner well, however use.The staff friendly enough, I think mostly Eastern European however good English. No complaints there, efficient. One thing add, close M1 busy rail route (the side stayed on) would expect noise issue, I honestly say apart aware it, far disruptive. Checkout 11am.All good stay I would happy recommend hotel.",0.16773553507424474,0.5208806963645674,Mar 24 2008
13,13,"far city makes actually! I stayed New Years Eve 2007.We booked room website since 3 people ww payed â¬ 20 per night person.This favourable considering cleanliness comfort room friendly service. We stayed another category last time visited London,incomparable one possible point.Yes,this far city impossible get town,just takes wont depend car much people said.It takes around 15 minutes walk Apex Corner bus station. You wont take bus Edgeware, take 113 Oxford Circus get Hendon Central. From take Northern Line. You get Hendon Central also upon arrival since get Edgeware youll go far north. In general getting impossible walking residential area problem all.Concerning situated right M1,Id like mention,that didnt hear traffic noise room front side towards motorway.Altogether I say long way get worth end!",0.15098655730234678,0.5253645477329688,Mar 20 2008
14,14,"Clean hidden Hotel far City It`s since London staying ( Oct. 2004 ) currently updating trip advisor page go:The Hotel clean quiet. Rooms nicely decorated marbeled Bathroom, Comfy Bed big TV. Comp Breakfast decent Room Service average soso food long waiting time. Few steps away Fast Food Restaurant, souvenir shop little supermarket airport prices ( far remember ).While Hotel nice, location really isn`t. You reach Days Hotel Highway Exit. There another Street heading Days tried reach way big automatically Barriere Street hundred Yards away Hotel. So drive way back surrounding villages back ti Highway take right exit. Distance London 20min-30min think. Can`t imagine staying without car.So, car lot time dont mind staying near highway expect nice ok rates.",0.1285210622710623,0.5107326007326007,Mar 19 2008
15,15,"Great HORRIBLE DISTANCE City Center Stayed Days Nov 18-26, 2007.. first we'll pros..Got great rate thru travelocity, new, pictures look like ones online, nice, spacious modern hotel, easy check in, comfy beds, nice bathroom, good restaraunt Indigo Restaurant (fish chips mmm mmm good) onsite, paid $89 US dollars night UNBEATABLE rate ....rate included free breakfast.... eggs, sausage, bagels, bacon, fruit salad, yogurts, juices, cereal, etc. pretty nice spread, staff friendly ,helpful, overall great... NOW comes con.. one con hotel, LOCATION.. right M1 nearest tube Edgeware, way EVEN car, forget getting Central London without one, do-able, pain tushy....if stay without car, call taxi you, make sure Apex Taxi Co. (if can, ask driver named Ford, he's sweetheart) charge 5 pounds way, since right M1, taxi's go back way street arent even dropped front door, (which totally sucks raining freezing outside)after spend day City, called Apex Taxi Service inside Edgeware Station waited pick..(another 5 pounds)...so dont mind spending 10 pounds day taxi pickup, waiting taxi, paying 6 pounds ride tube top day, waiting taxi get tube.. walking door back alley street(although felt safe street, CCTV monitored) means stay here....if could get large crane pick put near Picadilly Circus it'd perfect, aint gonna happen soooooo I think next time London, I'll stay thats right around tube... MIND THE GAP!!",0.27991221741221733,0.5873837582170914,Nov 27 2007
16,16,"Good Nice Hotel - But really far I stayed Hotel Nov 17 Nov 18. Perhaps I unlucky since rainy days, cold sky got dark early 4:00pm, plus nearest underground station Days Hotel - Edgware, closed 2 days due improvement works. It caused 22-25 pounds get taxi Central London even closest station (Edgware) cost 5 pounds. To walk? may, long willing walk quite dark road 45 mins rainy days probably think 5 pounds okay.Going back hotel, frankly, nice clean room big enough. The lobby also nice comfortable seat staff also helpful. The price charged also reasonable conclusion really nice stay. But, unless drive mind paying extra taxi [being visitor I think bus walk good choice], need consider this.",0.18606666666666666,0.5466,Nov 22 2007
17,17,"great We stayed one night 9th Nov 07 impressed. We got great discount full price didnt know expect fine. The room large, clean comfortable bathroom impressive. We expected continental breakfast impressed found full english breakfast awaiting us. This far superior travelodges much expensive hotels stayed london past years. We definately use future.",0.3528809523809524,0.6106785714285714,Nov 11 2007
18,18,"Convenient North London accommodation Have recently returned two night stay Days Hotel. Even reading various reviews, bit aprehensive staying there, service stop M1. BUT pleasantly surprised. It last minute booking, (only booked morning,) knew would arrive &quot;official&quot; check time. Did phone say would arriving early, told problem. Efficient friendly check-in. We found rooms big - spacious. Breakfast adequate needs certainly staying North London Area.",0.11226190476190474,0.4551428571428572,Oct 7 2007
19,19,"Pleasantly surprised! Nice hotel, modern clean. The executive bedrooms massive really pleasant. No complaints really except staff bit brusque end world! The continental breakfast nice I slept like log! Can't comment food restaurant closed arrived (after 10pm). I disappointed room service called takeaway! Very handy London can't really go wrong price.",0.19395833333333332,0.7422222222222223,Sep 13 2007
20,20,"cheap comfort I looking cheap london stay family, london trip. Everyone told us london expensive city, usually rooms really clean big. We booked got we've really surprised great service. Not mention rooms, big nice.A huge breakfast buffet waiting us morning, professional receptionists everything expect find.We paid low price really good hotel, perhaps bit far city centre, close underground bus connections.",0.17777777777777778,0.5539999999999999,Sep 12 2007
21,21,"Convenient Easy find.Lots parking.Couterous &amp; efficient staff.Clean &amp; well appointed rooms.Good breakfast.Easy get London.Can't ask more, really.",0.37777777777777777,0.5111111111111112,Sep 7 2007
22,22,"Excellent value Stayed Fri/Sat nights family (2 adults, 2 children) weekend London. Superb value. We booked laterooms.com paid Â£49.50 night room (including breakfast!!!!). Room decent size bathroom spotless. Breakfast choice ample. Drove relatively short distance East Finchley tube station (parking Â£1 day Sat Sun) 20 minute journey Northern Line central London. Fantastic. Would definitely use again.",0.36666666666666664,0.6595238095238095,Aug 7 2007
23,23,"Good Hotel Great location reasonable London. You need car affect motorway service area cannot walk anywhere (or risk getting arrested ). Hotel clean, brand new cheap handy Central London. I stayed quite bit working London.",0.4303787878787879,0.6543181818181818,Aug 7 2007
24,24,"Fantasic value Excellent room good proportions limited hanging space comfortable clean Tea coffee maker good air-conditioning...I worse rooms 4* hotels..the downside position ..OK transport..and breakfast excellent VERY cheap rate Saturday night,,would definitely go",0.3941125541125541,0.732077922077922,Jul 29 2007
25,25,"This place real This works great London stay. I booked Sidestep paid almost nothing ($50 US). You walk Apex roundabout (1 mile), catch bus Edware station tube London. The set taxi company let call get back night 5 pounds. Plus nice, nice European super cheap. I would definitely recommend place. Get put train side hotel, cars loud freeway side. You DO NOT need car stay willing walk 1 mile...",0.3148484848484849,0.5878787878787878,Jun 23 2007
26,26,"Great Place! Suprised! This place beautiful. I stayed 4 nights extremely pleased stay.Its new modern, tell walk in. The eastern European staff helpful, complaints. I say low maintenance, myself....I stay breakfasts, need use wifi connection I cant comment type extras.But single room comes 2 twin beds together..great!The rooms clean, big, modern. Bathroom amazing (better mine home) plenty clean towels linen.Just size modern place really suprised me.But warning..it ONLY accessible M1 motorway...so dont car, would pretty akward getting going anywhere stay....hotel provides free parking ok. And guy car broken into...he looked like parked rest stop parking area, around side hotel, parking exclusively guests (and security guard posted night) I mean BMW's, Mercedes God knows else parked lot, felt safe parking rented Nissan there.And I couldnt hear traffic noise motorway...also supposedly theres rail line passes right behind it, didnt hear single time.I sightsee around London, great hotel, get M1 minutes, first exit, short drive mill hill finchley underground stations (its 2.50 pounds park car day...cheap)....maybe 20 minute drive total. 30 minute underground ride heart london.Theres nice looking restaurant lobby area, nice looking bar plasma TV's.The rest stop next door also pretty convenient...you pick toiletry items, snacks, magazines, etc theres also burger king, another restuarant order traditional english food (lamb shank dinner, full english hot breakfast) also mobile phone store picked UK sim card phone charger forgot pack.So car, pick road map find underground stations stay hotel!!",0.22935427735143643,0.5365006395120032,Feb 23 2007
27,27,"Good choice M1 travellers We chose stay reading TripAdvisor reviews, good bad, pleasantly surprised. The staff friendly helpful, whatever nationality. Breakfast good fresh dining room kept clean time. The bedroom clean, well-equipped comfortable bathroom fine, except difficult-to-use soap mentioned that's minor problem. The location good mind driving fifteen twenty minutes nearest Tube station (Edgware, Mill Hill Stanmore). We worried car we've vehicle damaged France outside likely happen anywhere. We would definitely stay Days Hotel again.",0.2865625,0.5997916666666667,Jul 19 2006
28,28,"Very odd place I got back stay London, mixed feelings hotel. I guess overall I like it, I stay again. However, I feel ripped thought bad I paid---about $50 US Dollars night (including buffet breakfast). The rest stop houses seems new, good. The Burger King sign saying accept Mastercard, accept mine. Ghetto. There broken glass parking lot, obviously smashed windows. Maybe guy wrote review car broken into? I found odd glass I checked in, still days later I checked out. I problems car parked whatsoever.The front desk staff rude, nice either. They clueless comes explaining things simple, like internet access. I left laptop home, I use all.The rooms ok, use liquid soap bathroom, extremely irritating shower with. They also refill properly couple times. One day hot water working, fixed quickly.Twice I came back room TV connection disabled. I plugged back worked fine. Why would people making room unhook TV? Seems kind odd, mess anything else.If location good you, try get lowest possible price take chances.",0.002864501090307562,0.3859643045126916,Jun 27 2006
29,29,"would stay ever Dont get wrong, clean, modern spacious. However morning woke up, breakfast, went car, problems began. My car, along 7 8 others broken into. 1 window, 3. I nothing valuable car guess vandasl check glove box, boot, everything.Now car park many security cameras, one way in, one way out. reception occupied 24 hours day, surveillance room behind. They knew break inns, yet never informed found myself, said nothing could do. What load rubbish. security pathetic, seems staff actually part criminals. Your telling one noticed night 7 8 cars broken into???Police werent interested, staff know this. Ive spoke fre people said happens around there. So go, hope unlucky caught gang part criminals run hotel.",-0.12733333333333335,0.571,Jun 5 2006
30,30,"excellent We stayed Days Inn (London gateway) weekend found better hotels stayed London. The room stayed call executive double (as didnât standard double) aimed business guests. The room really spacious clean excellent shower. There also free parking guests case hotels. I agree reviewers location awkward car, did. We drove parked outskirts London took tube explore central London. We definitely stay rather pay paid small dirty unhygienic room central London.",0.16333333333333336,0.48250000000000004,May 29 2006
31,31,"Really Good Hotel I stayed one night hotel, I suprised seeing quality places like Travelodges, place God send.If planning visit London head North starting begining M1 leaving North Circular need spend night somewhere, place stay giving head start!The small problem may hear occasional train go by, hear much motorway noise. Car parking also separate normal motorway visitor parking.The breakfast good lounge dining area well layed helpful eastern european staff make effort ask anything get you?Well done Days Inn! real surprise oasis!",0.1791666666666666,0.38125000000000003,May 28 2006
32,32,"great location awkward.. got great deal net hotel. nice hotel, great room, bigger usual dbl london, nice strong hot shower, comfortable big bed. excellent cooked breakfast included rate paid. problem difficult access without car. suited circumstances case. return one day.",0.27083333333333337,0.7177083333333334,Apr 30 2006
33,33,"Decent place; difficult location A newish quite comfortable motel, kind North Americans familiar. As others said, easy get without car. You take 'bus (no. 113; reasonably frequent) Oxford Street Apex Corner, good 15-20 minute walk along partly-subterranean access road lone woman want traverse night (and, carrying heavy suitcase, man either). Friendly clientele, seem Polish days. Good cooked breakfast included price. No local amenities, beyond find adjacent motorway service station. Telephone calls room VERY expensive, even British standards--and yes, charge toll-free access numbers.",0.14017857142857143,0.59,Mar 31 2006
34,34,"Nice need car Difficult access public transport hotel. Clean good value. Inflexible management. (Need carry awkward breakfast trays ground floor upper floors, regardless group size. Cannot eat breakfast room, even empty.) Very friendly helpful reception.",0.055416666666666656,0.6116666666666667,Jan 24 2006
35,35,"Great Value I stayed best part 3 months offers excellent value. Its new, modern, clean foods good italian style restaurant downstairs. The downside fact motorway service station M1 North London. Hence need car get anywhere. Excellent value proximity London.",0.5303030303030304,0.5104545454545455,Oct 25 2005
36,36,Fabulous Absolutely excellent every way. The staff friendly espcially young Irish receptionist. She helpful I difficult circumstances.My room large clean decor nice touches. A thoroughly good experience.,0.3516774891774892,0.6616883116883117,Oct 8 2005
37,37,"What bargain? Forget paying extortionate rates getting tiny, shabby room mod cons charged parking given stick staff. I stay least month visiting west/central london going birmingham car. You get gorgeous new room A/C clean bathroom Â£40-Â£50. This offering can't beaten proximity London get money. Also staff great best food coffees ever budget type hotel. 100s free parking spaces also. Rooms huge funkily decorated. This best value around London!!!",0.40027548209366387,0.5822314049586778,Jul 21 2005
38,38,"Excellent ValueFriendly Staff My Family spent 3 nights London Gateway Hotel ,(NEXT TO M1 Motorway ).The one drawback side motorway necessitated transport.The restaurant italian theme really enjoyed however beware like italian cuisine.The breakfast buffet style plentiful delicious.We found staff extremely friendly obliging.We really got value money definitely return next visit London.",0.21458333333333335,0.4166666666666667,May 29 2005
39,39,?????????????,0.0,0.0,Sep 28 2009
40,40,?????????,0.0,0.0,Aug 18 2009
