,Unnamed: 0,Reviews,polarity,subject,Dates_extracted
0,0,"Central hotel/good price Stayed 07/11/09. Rooms small overnight stay ok wouldnt recommend stay week! However room clean, bed fine &amp; shower good &amp; powerful. Noise night street, hey central london, 2 mins dominion theatre &amp; oxford street. Found staff pleasant &amp; breakfast good.",0.3591666666666667,0.5766666666666668,Nov 8 2009
1,1,"Will NEVER EVER Stay This Hotel Again!!!!!! The decayed, service deplorable, front desk manager right criminal knowingly double charged us stay! When went extremely small (even compared usual European standards) dirty room, discovered burnt lamp shade one bed, toilet sink leaked well sink draining! Needless say want stay room. The hotel's solution make us stay room night &quot;upgrade&quot; &quot;suite&quot; rest stay additional fee &quot;better&quot; room! As well, front desk manager kept badgering us book tourist packages, told needed I actually lived London know city. At end stay, lied husband pricing transporation airport kept trying get us book taxi Heathrow (which would 5x actual cost get airport). Never stay hotel, unless like stay sub-par accommodations. Definitely NOT worth money spent stay here. There far better hotels London functioning plumbing, clean rooms, honest staff.",-0.06946532999164577,0.43287385129490386,May 15 2009
2,2,"Loved This Hotel Would Definitely Stay Again Booked Hotel Discount City Hotels.Com paid Â£60 Double En Suite, upon arrival allocated Suite according Tariff reception desk, would cost Â£279!! say happy understatement, Receptionist helpful friendly polite, leave bag porters room &quot;suite&quot; ready, 1pm, porters room cupboard reception, I booked Hotel due close proximity The Dominion Theatre, reason weekend away, see We Will Rock You, highly highly recommend, come back doors theatre, Country Inn literally step away, loved location, 5 mins Oxford Street, little cafe next door (Eves Cafe) must sumptous sandwiches, The Tottenham Pub round corner top Oxford Street, welcoming cosy traditional pub handpulled Ales..When got back 5.30, 4th floor, room hugeeee, King Size Bed, walk wardrobes, mini fridge, flat screen tv, 2 telephones, lovely warm, bed comfortable, bathroom fluffy white towels, complimentary toiletries, fab nights sleep, quiet hotel, would definitely stay without shadow doubt!!",0.17375000000000002,0.45282051282051283,Dec 15 2008
3,3,"Not claustrophobiacs We booked nothing else available area. The rooms tiniest I've seen Europe. I've seen similar size room Tokyo. Don't expect help getting luggage room. The luggage storage room like pigeonhole. There takeaway next door rooms smell like curry. If used 4+ level service, ruin trip London staying hotel.",0.1,0.44999999999999996,Nov 25 2008
4,4,"Uncomfortable I booked based location price. The single room I allocated looked onto well building star feature sheet wire netting covered bird poo. Asked move given twin room. Very small &amp; two people room would tripping other. On positve note room made day identical way, bathroom ample soap &amp; shower gel, TV excellent (new large plasma contrary website I pay extra use). The staff friendly. The bedding, like many cheaper hotels, left lot desired. The blankets, pillows, particular bed cover fug (&quot;old man smell&quot;) last 1000 people stayed room. The window blind broken one position - - I needed light time. The hallway 1st floor used storage vacumn cleaners bags bedding - fire escape represent hazard emergency evacuation. If I paid Â£69 per night I I would stamped feet screamed. I'm still itching thought smelly bedding.",0.07889159451659453,0.5098979076479077,Oct 7 2008
5,5,"would never stay stayed 1 night taken two. The rooms tiny unbearably hot bed I really slept softer floors. The lifts smelt I descibe sewerage forced use stairs smell slightly less unbearable. Only stay alternative cardboard box arches. I stayed lot hotels I prepared make allowances I stayed one night. However, I know wife would walked out.",-0.002380952380952384,0.5452380952380953,Apr 3 2008
6,6,"Well worth money What earth people expecting? If paid Â£70 paid (the Saturday Xmas) need shop around. We booked Discount City Hotels (online). We found staff helpful minute arrived. We found leak bathroom staff immediately gave us new room without problems. The rooms small, think might singles originally single headboard fixed small double bed, however, want spend much time sitting London room? We like make short stays exlore capital seems keep going 24 hours day! And that's go there.Location 5 mins walk Oxford Street West End theatres etc. British museum almost next door. If hungry, walk 10 mins China Town Soho eat much like Â£4.99 Â£8.90.Breakfast served contemporary styled dining room (full English continental loads food help want). We stayed variety places since regular closed definately good alternative (so long get good deal !!!!).So basically decide really important want pampered fussed around go book Savoy! This clean, friendly, cheap easily accesible. That's important us.",0.20908392682586235,0.3821211047017498,Dec 31 2007
7,7,"A good value great location I apprehensive staying seeing reviews TripAdvisor. However, I pleased cleanliness room(s) entire hotel. All staff members cheerful, friendly helpful. The breakfast room nicely decorated. Service prompt courteous. The English breakfast served toast, eggs, bacon, tomatoes, mushrooms. It tasty. I continental breakfast yogurt, cereal, croissants fine, too.I stayed five nights. The first night I large room first floor. There street noise keep awake. The next morning I asked moved quieter room moved smaller, nice, room toward back third floor.This excellent, safe location close tube stop. I late several nights always felt safe area.London hotels expensive compared U.S. standards. Compared London hotels I stayed comparable price I preferred one would recommend others.",0.2726278659611993,0.5205643738977073,Sep 22 2007
8,8,"Enter peril..... missus picked keys room 307. Then went pear shaped. We opened door find someone else already there. We moved top floor room 505 made rooms Italy look like aircraft hangars. It without doubt smallest room I've ever seen.The modest size bed pushed sideways wall end bed touching side walls. And hot room even heat on. The carpet filthy paper peeling walls.Don't look bed. While tried shower I went complain taking emergency stairs lift tiny. The first flight 4th floor complete darkness carpet come loose steps showing concrete beneath. I could believe I London hotel. My home town. I know nationality staff were, could sympathetic. We tried couple hotels Tour de France town joy. Then hair dryer work checked service tag 2 years compliance. 2 years! Breakfast terrible. The mushrooms fried tomato cold fried egg solid. But make tea seem hotter. There one guy serving,taking orders trying clear poor fella kept apologising broken English. God knows American tourists must think.",-0.04815124489037531,0.49564288368636195,Jul 9 2007
9,9,"Claustrophobia guaranteed My favourite hotels fully booked time travel, I chose excellent location.Based price paid (~100 GBP/night) I would expected much more. I got smallest room I've ever seen. It like matchbox. Strange bathroom quite spacious.Try avoid 4th floor, molding front window, takes whole view. Apart size, room well equipped: TV, telephone, tea coffee making facilities, hairdryer, iron, excellent (free) internet connection (own laptop, TV &amp; keyboard).Reception staff friendly, professional. I surprised whole price requested advance. Later I realized cause might possibility leave unattended back-door.Breakfast OK, served attentive staff, fairly spacious area.",0.3763888888888889,0.5805555555555555,Jun 17 2007
10,10,"OMG! Don't even think it. Never book here. Ever!!!!!! We arrived @ early (10:00) last may bank holiday. We good start able check room. However book twin room &amp; ended double. Oh well! Our room 503 small &amp; hot. The Bathroom huge though! It raining ventilation windows. The left hand side window missing lock. The TV sits directly front open windows impedes view windows could left open overnight let fresh air raining &amp; would blown TV water. This meant 2 sleepless nights due heat.The English breakfast served fed animals let alone paying guests. We served coffee &amp; given teaspoons. I got &amp; asked spoon either day. The spoon arrived food did. The toast came burnt, cold &amp; ask butter. On day departure Monday 28th May, packed belongings &amp; leaving room breakfast. We met cleaner hall asked could clean room whilst breakfast. We objections &amp; left clean room. We came back room breakfast find room door open room key door room keys every room also. The cleaner nowhere seen. We collected belongings &amp; checked hotel. It got home I realised I left Digital Camera wardrobe. I phoned report immediately informed another guest room now. They stated check rooms thoroughly checkout. They advised would go room &amp; look camera wardrobe. They called back &amp; said Panasonic charger cannon like ours. I still call daily basis. No one taking ownership problem. I keep explain situation every person I speak to. I know else do. I can't give it. The camera cost 600 pounds. Please take advice. The security scratch. Don't fall victim like have. I read trip advisor &amp; saw reviews never million years I think could happen us.",0.051666666666666666,0.4474761904761904,Jun 5 2007
11,11,"could nice hotel... good location, nice, small hotel, reasonable prices. But....A big but: understaffed. When lucky problem (and iff willing settle small, clear rooms, curtains cannot opened, smell smoke) hey, look prices..)but arriving overcrowded weekend did, turned stressfull experience. When came April 22th two people trying check-in check-outs, answering questions, answering phone's etc. etc. They friendly looked stressed already 9.00 morning. We could leave luggage rest day went town asked pay advance. I thought I misunderstood even see rooms yet refused, I mean creditcard number! We went town, ensured booking (double rooms single use) okee. When came evening asked pay advance seen rooms, could even take luggage upstairs. I found alarming refused again. What dissapointment find one rooms cleaned yet (and could cleaned night since girl reception told us, almost crying one there) room stuffed three instead one bed. My friend got another small room, I accepted small discount clearly overworked girl tears. We went bed. At night people rooms room I take sleeping pill get sleep. The breakfast fine although took time get wanted language problem. In end got continental English breakfast! Lest best (not really) left manager(?) girl reception fight although clear we, customers, small lobby, could overhear everything, went girl crying manager telling se done 'it' wrong. Before I decided help poor girl cab came silently left hotel. Never return again. What pitty I found I left cardigan room. I hope return review, hear anything yet...",0.046512755102040816,0.4804319727891156,Apr 24 2007
12,12,"Loved Country Inn I returned week Bloomsburry Country Inn &amp; Suites. My experience excellent. The centrally located within walking distance shopping streets ( Oxford, Regent, Bond...) It also close British Museum theatre district. The room single one bathroom. It rather small clean everything I needed: comfortable bed, desk mirror, flatscreeen TV, cupboard, iron board, hairdryer telephone. There internet access room. The staff friendly helpfull. The breakfast good.",0.35024891774891775,0.554935064935065,Apr 10 2007
13,13,"bring earplugs! We picked location, I would fault. Very close tube. Room ready arrived luggage stored returned later. The room small nasty nylon carpet. It double single bed, table chair squashed end. TV usual bit pieces. The bath, basin loo clean, bathroom looked generally grubby. When showered, caused flood bathroom bedroom carpet. We came back late concert. The windows single glazzed general traffic/street noise loud. People shouting, sirens going etc. The room hot couldnt open window noise. Then 4.00 almost asleep, drunk banging doors shouting corridor. THis continued quite eventually someone took away. Breakfast basement OK one poor guy trying own. A bit chaotic food great edible! even toast best avoided (cheap white bread, chewy, crsip!)",0.012636054421768711,0.5338775510204081,Feb 1 2007
14,14,"Location Location Location! I rated 4 value money aspect great hotel, though fair bad either. I paid Â£60 twin room including breakfast happy paying full rate stay Country Inn.The location can't beat needs (a night out), 2 minute stroll Tottenham Court Rd Tube. Obviously central noisy outside hours rooms single glazed. No problem glasses vino i'll sleep anything!The room spotlessly clean pleasantly surprised standard reading previous reviews. The negative room ridiculously small bathroom - seriously smallest i've ever seen! It major problem though plan spending much time there.Only one thing terrible that's breakfast. No buffet table one 'waitress' v busy want wait forever day even get glass juice catch counter order. If want another glass juice, etc catch can! There's choice continental cooked can't vegetarian breakfast, arrived comprised 2 eggs, 1 tomato 3 mushrooms - hardly substantial.For needs price overall ok, would stay Â£60 per night bother getting bed breakfast!",0.028182234432234443,0.5098443223443223,Jan 9 2007
15,15,"3* Hotel?? Not long shot! The Good The bad The Unbelievable Where begin .... It went downhill onset â looking NYE saw place. I checked reviews here, many recent reviews negative, trigger alarm bells. However, given limited options left, chose book hope best â¦err big mistake!The says 3 * door â way â like 2* bed breakfast! But reason isnât unclean functional, purely lack professionalism management policy. We came away feeling management seemed unable deal (simple) problems arose.THE GOOD - positive points:-Room &amp; Bathroom clean functional, albeit small (even though one bigger rooms!)-Sheets clean thankfully!! â (See previous review)-Breakfast adequate, although cold!But thatâs positive frontâhereâs THE BAD:-Room tiny â Bed even smaller uncomfortable. I agree bed suitable anyone 5â 8!!-There heating control room â room got hot night I woke sweating open window!-The TV channels didnât work, hadnât worked least 24 hours â claim TV decoders/antennas werenât working! The cheek charging guest watching pay movie instead (which curiously affected antenna problem?!!) even though able fix TV least 2 days later!! What reflected poor customer service management thought ok charge customers opposed giving complimentary make broken TV antennas claimed external source! What joke!!THE UNBELIEVAEBLE:But thatâs worst â said bar undergoing refurbishment, fine â went bought wine drink room, entertain ourselves, whilst TV wasnât working. So bought wine, requested ice, ice bucket corkscrew â told following:(i) The corkscrew â donât one!! â What!! Youâre 3* hotel, bar, donât corkscrew â err one, cant find currently!! (ii) Ice â Oh ice machine broken claimedâ¦lolâ¦they probably decided fix it, corkscrew, would people need ice anyway??(ii)The ice bucket â err, reason ever given, gave up!!Security wasnât great either, came back middle night, front door open no-one seemed receptionâ¦.hmmmâ¦!!Seriously, im one make unfair critical comments, management select (but all) members staff joke â professionalism, ability acknowledge deal problems discount offered compensate complete lack facilities/services expected 3* hotel!! This used much better, new owners really donât know much business leisure, tourism hospitality sector. On plus side, room clean, albeit small, location two mins Tottenham court road station East end Oxford Street.If want small clean place stay, wont spending much time hotel, sleeping (on rather uncomfortable bed), good place. But expect kind service, including corkscrew, ice working TV, really isnât place you. Iâm trying objective I can, even 10 minute heated discussion manager, I shocked audacity management!My hint, staying here, opt corner room, apparently bigger shoe box!",0.03664504778635215,0.48552188552188535,Jan 3 2007
16,16,"Don't look uner covers! photos suggest small discreet traditional furnishings fittings - false impression. But would wrong assume means dining areas old mahogany, spacious lobby solid, time-served antiques lounge bar olde-worlde comforts - none those. The public space lobby walk across 5 paces. The room I stayed appeared small I opened door turned little bigger I got inside. The traditional furnishings used room well - looked dark comfortable. Unfortunately olde-worlde concept also seemed extend laundry - bedding looked never near washing machine - grubby stained (yeucch!). I stayed one night I think I could faced going back sleep which, face looks good, reality grubby dissappointing. One thing - every time I went lobby seemed use meeting room off-duty taxi drivers. Not great.",-0.028977272727272716,0.5359848484848485,Dec 8 2006
17,17,"Didnt even get room! Cant really say much didnt get passed reception. When arrived staff reception busy taking photos phones waited moments. When get attention I pass three members staff reception online booking details. All three seemed look blank confused. After blank looks another member staff sat lounge area behind us suddenly remembered closed due &quot;problems&quot;. Obviously forgotten tell reception staff problems. He told us moved another hotel. He showed us map hung inside cupboard door. The map looked like clearly marked pen. (My guess, shift guests regularly?). They gave us Â£12 pound cash (as difference prices) booking number. The fifteen minute walk far side russell square. This unfortunatly near wanted be. The massive 300 rooms something didnt want. Thankfully staff really helpful friendly. The room dated clean. The booking number given us didnt mean anything receptionist thankfully got room. The way staff Country Inn dealt &quot;problem&quot; highly unprofessional. I would prefered found locked note pinned door! Good luck stay there!",0.045566666666666665,0.43757692307692303,Oct 16 2006
18,18,"Please go By far worst last trip UK. I agree reviewer Boston. My room first floor didnât feel safe all. Fortunately, I one night. The bed bad condition I woke morning terrible back pain. My back still sore 3 days. A concrete slab would comfortable. I told manager throw bed garbage next morning Iâm sure still there. The cigarette smell terrible even I booked non-smoking room.",-0.04999999999999999,0.5697530864197531,Sep 29 2006
19,19,"Nice little A great alternative big chain hotels nearby. Location great, tottenham court road, five minute walk new restaurants west tottenham ct rd. The room small, comfortable clean nice bathroom, LCD TV, small working area broadband. No aircon however. Lacks bar, plenty bars pubs nearby open early hours. Reception manned 24 hours problems crawled back 2am!Better average London 3*, much smaller scale.",0.18722064393939394,0.5402840909090909,Sep 25 2006
20,20,"Friendly Staff Tiny Clean Rooms We stayed two nights passing London. Pros: Friendly staff, good breakfast, nice bathrooms. Good neighborhood close tube station.Cons: Both rooms small move other's way constantly. No AC. Would stay again? Probably not, lack space.",0.2741666666666666,0.5508333333333334,Jul 21 2006
21,21,"Friendly great location Myself boyfriend stayed long weekend London birthday. Location brilliant, 5min walk tube easy find oxford street central. Found friendly, though english could abit better, got buy. Our room small, bed good anyone 5ft 6in clean found main thing, plus time really spend bothered. The bathroom big good shower. Breakfast room nice &amp; clean breakfast good to.We abit disappointed bar evening meals, would nice relax one night instead go street find places.I advise book taxi threw ensure early asked book one us 2nd nights stay take us restaurant half hour arriving meaning call restaurant explain gonna taxi late, luckily wee ok it.We enjoy stay would stay think ever return london, excellant spot .",0.23177419354838705,0.5661827956989247,Jul 3 2006
22,22,"Hotel Hell This worst I've stayed ever. I terribly horrendous experience staff I arrived. As flight cancelled, I leave US next day, I called expedia (my travel agency) cancel first night hotel. Expedia confirmed cancelation assured agreed charge first night. Upon arrival however, staff told I going charged night spent plus surcharge tax. After numnerous attempts find worked time Expedia called lies (i.e. cannot make international phone calls, woman worked morning pick phone, remember worked cannot find log etc.) room working phone!!! I charged told unless Expedia called told name person worked night, I would charged supplementary night + tax. Of course, I called expedia immediately called hotel. It ended 45min conversation argument phone expedia told kept lying them, excused offered voucher. Expedia staff shocked!!!! lies hotel.About rooms: room mere CLOSET, space even put suitcase. The rooms ground floor directly busy street people looking right room, curtains. It noisy night, bed small would fit person taller 5.5. maximum.The thing room next fire exit unguarded door open first night. BVasically, anybody could walked in.I felt room things safe I checked next morning.A better hotel: Academy, blocks further. Lovely excellent staff great alternative.I expecting much travel frequentlyfor conferences businessbut I never faced problems I call travel agency faced lies.I scared collegues walked shocked rooms open fire exit.",0.011272321428571437,0.48470982142857144,Jun 29 2006
23,23,"lovely Having spent ages trawling internet London whose description matched reviews site, almost given hope! Then happened upon Country Inns Suites Hotel Bloomsbury. We booked 2 night break celebrate 10th wedding anniversary. The disappoint. It lovely area, fantastic tube links nearby, loads bars, resturants shop easily accessable. The spotless decorated nicely. Our room big, adequate needs. Bathroom shower fantastic. Staff friendly helpful. We arrived early hope leaving bags check-in, found able check-in straight away. The breakfast room lovely food high standard. We certainly stay would recommend anyone!!",0.3231309523809524,0.5428997493734335,Jun 25 2006
24,24,"Top Choice Value I travel agent travel extensively around world, I fortunate stay impressive luxury hotels.As property I stay 3 4 times year pleasure. I one thing say &quot;what star is&quot;. The offers excellent value money location friendly staff. No luxury clean comfortable friendly ideal weekend short break London. The rooms clean welcoming. The rooms standard large suffice 3-4night stay. The small breakfast room serving cooked breakfast. The seconds tube, bus links, set back Oxford Street enough make fairly quiet. The lacks bar minute Charing Cross Road westend bars plenty. The room tea/coffee reception bring selection miniture alcoholic beverages. All top class range 2* hotels. I would like thank staff making friends feel welcome every time stayed.",0.2806776556776557,0.5421245421245422,May 12 2006
25,25,"Absolutely lovely! A small &amp; cozy bound love! Nice &amp; clean rooms, always welcoming (!) &amp; helpful staff reception, good breakfast, mention perfect location great access sights. We stayed 5 nights right attempted bombings, staff made stay superb getaway. The thing reminding tention air number police around. Nevertheless still managed wonderful vacation!",0.46802721088435373,0.7918367346938776,Aug 1 2005
26,26,It's like Travel Lodge that's OK ! Rooms: Small cleanStaff attitude: ExcellentBreakfast: ExcellentThe drawback lack Bar/public areas. As single business traveller small residents bar would nice.Will I use ?Yes next week !,0.008928571428571433,0.41904761904761906,Jul 30 2005
27,27,"Excellent top location great service We stayed Country Inn Bloomsbury July 7th (the day terror attack London) July 10th.I must say one best experiences ever. The location great, east end Oxford street close public transportation. The staff extremely service minded room nice clean. I booked Country Inn website, got good price, Â£68 per night. Only ânegativeâ thing, elevators bit small, wasnât problem. This 1st choice whenever I go London.",0.48180555555555554,0.6872222222222223,Jul 12 2005
28,28,"Great start new year!!! After many years working 4 5 star hotels I tend bit critical budget side industry much surprise really really nice! We paid Â£82 twin room including breakfast New Years Eve! Bargain central London!! Location fantastic.. metres Tottenham Court Road Centrepoint Tower. Although quite compact, whole room immaculate.. fault it! We room front building third floor.. nice views noisy!! Reception staff nice helpful! Breakfast pleasant (even hangover) noticed freshly cooked..not re-heated! The young lady serving breakfast polite efficient! The shower excellent.. puts power showers shame.. helped get rid 'morning night before' feeling! &lt;:o)An honest 10 10 hotel!!! We'll back!!!",0.44330105027548206,0.5685950413223142,Jan 10 2005
29,29,"Good Value London Hotel Stayed New Years Eve. Great Location, friendly staff &amp; good breakfast. Rooms little bit small, however clean. Overall I would certainly stay again, especially theatre weekend.",0.26952872884691065,0.5714521841794569,Jan 8 2005
30,30,"Great Hotel Loved it! Loved it! Loved it! Simply fantastic! FOr price, location cleanliness, dont get much better London. Eveyrthing nearby, place clean, nice accomodating staff. I got early tried get room. Housekeeping thorough indeed.Bear mind single bed really tiny single bed rooms small price, well worth it!",0.3909863945578231,0.5698979591836736,Nov 24 2004
31,31,Perfect! Our first time traveling London little nervous. However sure hit jackpot theCountry Inn Suites!!!!!!!We nice size room comfortable..We another person staying us different room little small.There transportation 12:30 ended staying airport til 0500. However finally got gave us free contint breakfeast week. EVERYONE kind friendly.. Great location close Gloucester Road tube..You can't go wrong property.......Kim Doug &amp; Guy,0.2946153846153846,0.7517094017094017,Feb 5 2004
32,32,"Great weekend rates good location OK service Great location London, clean hotel, decorated least little taste, tacky floral (which something find lot London!). Very comfortable beds, good size bath/shower. The room small definitely intimate (which means hear people's conversation rooms walking hallway). The room TV/Radio, iron, hairdryer, phone, desk, a/c that.Staff friendly &quot;big services&quot; room service concierge. Cooked continental breakfast included, simple good. I would definitely recommend &quot;above average&quot;/value-for-money, weekend rate 65pounds/night double room.",0.24193347953216376,0.5221595655806182,Nov 18 2003
33,33,Correct et bien situÃ©,0.0,0.0,Jul 8 2008
