,Unnamed: 0,Reviews,polarity,subject,Dates_extracted
0,0,"Lovely stay My husband I stayed seeing show Hammersmith Apollo. The reception staff excellent room lovely. The room tea &amp; coffee facilities nice. Our room front overlooking main road green. We trouble traffic noise said would definately stay again. The bar also nice meal, Â£20 2 mains bottle wine bargain. Breakfast awful - waited hour like cooked microwave - sausage looked raw. Hope helps.Lisa",0.20358974358974358,0.6794871794871795,Nov 24 2009
1,1,"Refurbished Victorian gem The Brook Green pub recently refurbished looks. The bar done strange colour, reminiscent colours bar ceiling used turn nicotine stains maybe that's point. The bedrooms though tastefully refurbished, modern feel, including wall mounted flat screen TVs, whilst retaining large Victorian windows high ceilings. The staff friendly, cooked breakfast excellent first day good second (depends chef?). This actually surpisingly convenient location, maybe ten minutes walk Hammersmith tube stations, whilst King Street packed ethnic restaurants - try 101 Thai 352 King St - small authentic Thai restaurant. The Thames short walk away, makes pleasant riverside stroll along Thames Path Barns bridge, get bus back Hammersmith station.Overall thoroughly enjoyed stay, good value nicely refurbished rooms. However, staying Brook Green, busy road noise pub - music bar people street front, made sleeping difficult pub closed 1am - obvious solution though - pint bar! Our room made stay, since two nights matter could argued daily room make ups excessive. There soap room, although shower items may oversight - we'd brought anyway.All good value stay nicely refurbished rooms convenient location capital. Just aware noise issues concern you.",0.17623851294903925,0.4951524644945698,Oct 31 2009
2,2,"Fantasic Food I recently privalage staying brook green 3 nights staff friendly helpful efficent, The food outsatanding new chefs board cooking, would recommed staying dinning popping pint.",0.07784090909090909,0.37613636363636366,Jan 28 2009
3,3,"Take earplugs We stayed three nights. The location handy public transport. The ambience bar nice. The staff mostly young expatriates really friendly. Our room overlooked Shepherds Bush Road. We felt bombarded sirens, fire station close, road frequented ambulances police cars sirens blaring hours. This make restful sleep. Neither hard beds. Our room needed quite bit maintenance - one power point work, one three bathroom lights functional, shower leaked onto end bath water flowed make lake bathroom floor, main stairwell light also functioning. Housekeeping removed previous occupants' rubbish stay clean replace water glasses tea cups - clean ourselves. We expected bath towel always get ask more, although enough hand towels. Our room keys seemed programmed work - get reprogrammed several times day. The breakfast menu runs 7am till noon good sleep-in, standard food patchy.",0.19083333333333333,0.5154166666666666,Dec 4 2007
4,4,"Great Value Location The Brook Green breath fresh air, literally. The rooms busy pub, extremely well isolated acoustically. In addition, stay one heatwaves allegedly rare Britain, seem strike every time I visit. The room huge, gorgeous high ceilings quiet, cool air conditioning. The bed comfortable, bathroom well appointed. The proprietors friendly made great place stay final night sojourn.",0.23294117647058823,0.6190196078431373,Jul 24 2007
5,5,"Great place away crowds close enough city Stayed 3 nights July. Great location (within 5 minutes walk Hammersmith Station) great neighborhood several excellent ethnic restaurants. The pub clean air-conditioned. The breakfast excellent, staff helpful. Great value.",0.5876666666666667,0.671,Aug 7 2006
