,Unnamed: 0,Reviews,polarity,subject,Dates_extracted
0,0,"A good overall experience We stayed Abba Queen's Gate based recommendation travel agent. We happy overall experience. We stayed Quad room, worked well myself, husband 2 teenagers. The location could bit convenient, beautiful, quiet neighborhood. We walk least blocks get anything - restaurants tube included. Breakfast, included, good.",0.27818181818181814,0.43757575757575756,Jul 12 2008
1,1,"4* hotel?? Don't think - like 25! Booked room Abba Queen's Gate weekend, quite pleased looked website &amp; photographs rooms. I understand use images best rooms only, 4 * hotel, I thought might actually get something style. Their regular rates standard room Â£175 / night... The check-in staff overly friendly, unfriendly either - place looks great outside really good location, think much customer service bit. We really looking forward lovely weekend 'fancy hotel' - I planned reading 'light airy' room showed website. Got room 3rd floor - shoebox tiny window quite high up. Overlooking roof drains. The nets ripped holes them, ok say 2* - room general looked bit shabby (some fresh paint perhaps? bed base without rips fabric? sorry sound whiney, kind expect tiiiny bit star rating supposedly have!). It massive radiator 10cm bed, steaming hot, room dark, gloomy claustrophobic 'relaxing' weekend looking forward to... well want dramatic say ruined, wasn't, spend time absolutely necessary room! I know London exactly known good hotels, like I said, thought star rating actually meant something. I would definately stay place - room rate obviously complete rip-off! It's functional relaxing place - probably great travelling London need place crash, get 3 * pay less 'luxuries'?",0.18416666666666665,0.5109188034188035,Mar 7 2008
2,2,"Lovely character hotel. Our family, 2 adults 2 children 16 13 stayed abba queensgate 5 nights school february hols. Good location Kensington right next national history museum. Fifteen minutes walk Gloucester Rd tube station - good selection shops around station - excellent breakfast. My gripe fifteen pound charge breakfast - really worth it. Our room quad, good comfy beds - minibar, safe ( Â£2 per day ) - excellent selection toiletries lovely towels.Overall fab stay, would stay again.",0.49547619047619046,0.6346428571428571,Feb 25 2008
3,3,"A good stay HyI went Abba Hotel one night feb,6 Tripple room daugther soon, adult teenager.The room expected 3 beds, clean big. Bathroom need working , clean , hot water .Breakfast flavour spain, large buffet top quality, fresh fruit fresh meal. Everything starting good day.Can booked without problem.And team helpfull, cool. Payment done voucher.No issue.Advice take tube &quot;Gloucester Road &quot; better Kesingston.Marcel , From Switzerland",0.3287936507936508,0.5298095238095238,Feb 8 2008
4,4,We decent stay Our family 6 stayed summer 06 2 nights weekend trip London. We stayed shortly changing names. We two triple rooms A/C fans provided. We issues rooms large comfy (enough). Breakfast extra pricey. We arrived breakfast 10 minutes start time yet things yet laid guests. It seemed quite disorganized. Checkout slow staff trouble figuring run credit card (or something). I think also paid bag storage (per bag fee) would complimentary similarly priced hotels. Not best...next time stayed Langham awesome!,0.1296626984126984,0.4475198412698413,Jan 11 2008
5,5,"You Have To Be DesparateTo Stay Atthaee Abba We arrived thinking staying 4 star hotel. What joke us! Staff totally unwelcoming. Corridor room horrible smell. Still one night. THEN found pay Â£2,00 use room safe (first time ever come across this). The noise trying sleep terrible. Footsteps thundering around room, banging loud talking. There seem sound insulation room all. Couldn't believe 4 star London dining room dinner - breakfast (another Â£15.00 per head - waited get local cafe).I go last bed London - I would rather sleep Hyde Park. Who issued 4 stars?",-0.06818181818181818,0.6227272727272728,Dec 29 2007
6,6,"Non Smoking Regulations ! As entered hotels reception area smell stale cigarette smoke dreadful. We two rooms, large satisfactory except smelt worse reception area. We complained, given alternative rooms smelt first rooms. Beds huge comfortable, good linen good bathroom facilities. The breakfast lovely, large choice. It shame lets self down. The soft furnishing walls need thorough cleaning rid place ashtray aroma. We stayed one night decided put it.I think problem envisaged smoking ban started people obviously disregard carry lighting bedrooms. Before ban could ask non-smoking room.",0.062389770723104046,0.5502425044091711,Dec 29 2007
7,7,"Comfortable Convenient I found convenient Royal Albert Hall Royal College Music. Reception staff polite helpful; advising time taxi following morning booking one. Our room large, clean well equipped. The slight gripe I would lighting rather dim bed bit uncomfortable. I would certainly stay again.",0.09350649350649352,0.5333333333333333,Nov 14 2007
8,8,"Interesting stay! The really convenient Imperial College Gloucester South Kensington tube stations. My room small secluded comfortable. Both air conditioning heat available. As reviews stated general staff friendly, really problem me. My room drawer space kind odd. I leave whatever I hang suitcase, took space small room. The wake-up reception, bit pain need sleep later planned ask call later. Overall, I quite happy Abba Queen's Gate would recommend it.",0.13759426847662143,0.42997737556561094,Sep 22 2007
9,9,"The Worst Hotel In London!! Never go abba queens gate, one worst London!!The staff never smiled bother much really annoyed slow were, 15-20 minutes check in. You leave bags arrive early thinking would take room cleaned, no, stashed cupboard, good job bottom floor!If end staying refuse ground floor room, views 4 walls dripping drainpipes outside window.The room small stuffed single bed corner make triple.The carpet disgusting, floor bathroom cheap laminate, tv work, front bath cover chipped several times toilet handle work properly. The AC blew perfume on, gave us headache. You pay internet access even though said included I booked, hotels provide facility free.The decent thing 10 minute walk tube hotel.This Hotel operating 1-2 stars, near 4 stars.Try HILTONS hotels, much cleaner specious. Internet access free!",-0.05600414078674949,0.4709109730848862,Sep 8 2007
10,10,"Expected much Expected much considering I paid &quot;executive&quot; room, whatever class be. Not impressed all. Staff rude, never made effort make feel welcome comfortable top there's nothing like woke drilling hammering 9am. In short..... avoid.",0.161,0.608,Aug 5 2007
11,11,"Great location clean staff could smle . . . My wife I stayed 8 nights place grew me. After spending night Hyatt near Boston Airport, Queens Gate seemed like immense letdown first. The room small; top sheet twin beds; air conditioning (the room hot muggy spite cool London weather). But good points: clean, bathroom huge; shower great; toiletries good; convenient safe room. The bathroom fixtures nice plenty clean towels, although stingy washcloths. The &quot;new&quot; desk staff friendly; &quot;senior&quot; staff appeared unfriendly, almost hostile. We wonder Americans? The breakfast much expensive &amp; lots bakeries restaurants area substitute. The location pleasant lots embassies neighborhood near Gloucester Road tube stop. By end week, I liked little room. The cleaning staff pleasant. All all, I would stay think good value expensive city.",0.30928160919540226,0.6749425287356322,Jul 7 2007
12,12,Oh Dear!!!! Well tough call!! Cant put finger echo views language/cultural issues staff. We conference imperial college location best possible 'dodgy'. Our first room (1011) shabby huge tiniest double bed despite fact I requested large bed twin I recent surgery. cold electric wall mounted dated heaters BUT bathroom great!! The classic issue hairdryer (old) adjacent mirror huge fireplace! Sort place. Main gripe I queried bed said 'the biggest hotel'. When I asked mirrior brought extension lead ancient didnt work looked dangerous. AND NOT 24 hour room service - sarnies pizzas available untill 11pm. No room service breakfast either - dining room Â£15 go!!! On way day 2 saw inside another room huge bed - confronted staff moved room 3 huge bed!!!!! I dont think staff essentially blame - I think training/cultural issue. We obviously told truth I dont think knew talking about!! SO ok night two much that!CANT 4 star!!!,0.16074787119708991,0.532093253968254,Apr 2 2007
13,13,"Good Price Good Stay We stayed 9 days Abba Queen's Hotel Queen's Gate, London.The room small clean.The bathroom quite large, clean shampoo, shower gel, body cloth, tooth paste, new towels every day (even bad environment).The breakfast good London (choice continental international breakfast) 7 10 weekdays 8 11 week-ends.The staff nice helpflu.The located walking distance Hyde Park, major bus lines (70, 360 ...) convinient want visit Harrod's, Piccadily Circus, Oxfors Street ....The street parallel Gloucester Road find tube, tesco, Paul Bakery good restaurant (such Little India, Di Marino, nice thai restaurant).My husband I satisfied satisfied location. We even succeed obtain good discount :-0).Good trip London",0.28058647701504846,0.5595135023706452,Mar 3 2007
14,14,"Loved it! This lovely!. Easy access tube, clean room (albeit small bedroom, bath large), terrific breakfast, staff accommodating. We would stay recommend it! Six nights @ $800 -- hard beat that!",0.28052248677248676,0.6615079365079365,Feb 25 2007
15,15,loved My husband I stayed ABBA Queensgate.I problems all. The well situated staff polite room lovely everything worked perfectly pleasent stay.,0.6000000000000001,0.7124999999999999,Feb 24 2007
16,16,"Could better... The location saves Abba Queen's Gate Hotel. It well located tourist London. Its quiet area Kensington, 5 minutes walk Gloucester Rd tube; tube 6 stops Piccadilly Circus; Heathrow 30 minutes direct.. It minutes Natural History, Science Victoria &amp; Albert museums. Location everything though. The actually several Edwardian houses knocked through. This means twists turns corridors. When opened door 1st floor room, faced set stairs! At top stairs smallest bathroom I've ever seen. No shelving toiletries, next day, cleaning staff put toiletries, including toothbrush, floor sink, impress. The shower tiny, water got warm 10 minutes running, [the water never actually got hot], however water pressure great. The bedroom couple steps, large, bright airy. It also several damp patches ceiling. Facilities included tv cable [mostly pay per view movies], small kettle [tea/coffee sachets replaced daily] trouser press digital safe. The twin beds comfortable, bit close together. [We couple, friends]. Breakfast included rate, I say food, excellent. Plentiful, fresh varied [from fried bacon +sausage cured meats, choice cereals, fruits, yoghurt, tea, various coffees, juices etc]. Well done that. The staff friendly welcoming, spotless. If complained bathroom, might moved different room, although tiny, function...and lets face it, come London lie round room day.We 4 nights, sufficed us, I'd definitely go back again. It would suitable person difficulty stairs. There lift lobby, lot internal stairs seem wheelchair access hotel. All all, 2/5 [purely bathroom]",0.1908923483923484,0.42767602767602764,Feb 21 2007
17,17,Great location value Just returned spending Thanksgiving holiday London family. We found Queensgate Londonnights.com looking &quot;quad&quot; room would handle family 4. Our price 500 pounds three nights good deal quad room though average amenities worked fine. The Abba great location - 10 minute walk underground Kensington/Chelsea. We trouble finding breakfast groceries near Glocester Road tube entrance. The wireless internet rooms 10 pound per day rate worked flawlessly. The staff though friendly appear times little confused requests (language issues) tried help could. The &quot;bar&quot; lobby ok quick glass wine really extension small reception area. We problems hot water unit definite problems rooms hotel. Our room unusual location causing crazy stairs stairs spiral staircase room. But overall - worked us.,0.1939520202020202,0.5506313131313131,Nov 28 2006
18,18,"Great price location breakfast problems There pros cons place. Pros: price, accomodations, location, breakfast. Cons: problems 5th floor, AC, bad internet, small lobby, amateurish management. The Pros: price 75 pounds double, 90 pounds triple. Triple room 20 x 20 feet 6x4 separate bath. Three single beds, firm. Clean reasonably furnished European way. TV, one chair, safe, fridge, desk one drawer. Big closet, hangers (bring some). An iron available ask. I'd say American 3 stars best (American rooms larger, drawers). It located super Kensington neighborhood; two blocks Kensington Park/Hyde Park (lovely walk). The neighborhood safe. It three colleges three museums across street, plus embassies nearby. Decent resturants shops Glouchester Street (best restuarant Jakkobs, best pub Queens Arms). Glouchester Road tube stop four blocks aways, connects directly Heathrow (4 pound ride), point London. Buffet breakfast good: eggs, sausage, pastries, yogurt, breads, fruit, cheese, meat, cereal, juice coffee/tea. Above average compared USA breakfasts. It comes room. Problems: 5th floor apparently hot water, low water pressure. Two party stayed moved better rooms (which did, makes wonder put there). The building actually three Edwardian houses connected. This makes twisted corridors occaisionally small rooms (one double 12 x 14). Asingle, typically European (slow small) elevator. The lack AC system really big deal London, temperature rarely gets 80. But I would look elsewhere middle summer, front part building street noise open windows. The wireless internet room spotty. The one internet terminal bottom floor disfunctional mouse. The lobby small, 10 x 15, makes difficult meet people sit drink (few did). Most importatnnly, management poorly led trained. For example, promised fix fifth floor plumbing, never (I think unless building overhauled). Computerized financial tasks seem beyond them. One party used American phone card room international calls. Rather charge connection call calls (~2 pounds), charged international phone rate, saying card one accepted (their argument make sense, eventually agreed lower rate 2 pounds per call). There shortage offical information (e.g. directories room, sign saying internet station costs money), leads confusion occaisonal surprise charges (e.g. charge room safe). This solved asking questions front desk ahead time, talent front desk team often mixed. Every employee seemed new untrained (granted changed hands two months arrived, suprising). Would I stay again? Yes, long summer, floors 1-4. For get, cannot beat price location.",0.10392545307799544,0.37659035879374864,Oct 28 2006
19,19,"Difficult Transition My husband I stayed Abba Queensgate (formerly Queensgate Concorde) honeymoon. I booked stay almost 9 months out.At check in, problems, upgraded townhouse room. The bathroom amazing - possibly best shower I've ever had. The decor room rather piecemeal. The carpet, linens, curtains, wall color match all. The vaulted ceilings carvings scroll work lovely, offset ugly 80's chandelier.The changed Concorde Abba arrived. Apparently transition difficult. Their new pay-movie system seem working. Most staff seemed new, first time ever, I encountered staff tell eat, give directions. Because Chelsea, seemed like affluent area, staff familiar it. We asked restaurant would offer live music could eat dance. We received suggestions Morroccan restaurant belly dancers, night club.The 'bar' tiny, actual bartender. Breakfast pleasant - included rate. I hoped people would mingle, seem case. With food expensive London, though, I going complain ambience, long I pay meal.The location good - close tube, find them, decent hole-in-the-wall type restaurants. It took us three days figure eat, due lack info staff.Would I stay again? Possibly, I got great rate. Would I stay honeymoon again? Probably not. The photos website somewhat misleading. Unless they've cleaned redone/remodeled since June 2006, seemed somewhat worn down. The biggest improvement needs training staff. The seemed lost confused questions.Not bad I paid (USD$149/night), seemed fair AFTER room upgrade. But London standards though, I think pretty decent rate.A decent base operation foot lots - got Oyster cards walked took tube everywhere. Until staff gets used everything, I would suggest coming well informed Chelsea eating establishments get places.Hotel website: ----",0.12597022860180757,0.6148591174906963,Oct 28 2006
20,20,"Not Luxury warned! Travelling husband London business / pleasure, first given room 2 single beds! Luckily asked saw room double bed. To fair switch us room double bed without much trouble. Room 5th floor (507), quite cramped, view (think room &quot;dismal&quot; reviewers stayed in....).The website says &quot;in-room&quot; internet access, case. The tiny &quot;business&quot; corner lobby place works, even note info pack room. Also, pay $10 24 hours. My husband midnight finishing work lobby. This &quot;an ideal base business leisure travellers&quot; claim website.The shower stopped working completely second day, water sent useless plumber wrench fix left unwashed.This might good 1 night stay need bed need facilities normal &quot;luxury&quot; would offer (i.e fully working shower). This place defintiely NOT luxury I advise business travellers.",0.08578042328042328,0.44199735449735456,Sep 22 2006
21,21,"Dismal Booked four nights managed last two... First room water shower view window high balustrade bit daylight above, second intesely smoke filled impossible breathe final room dreary, smelled poor bed one left choice. Finally moved water cut whole (hot, cold, toilets everything) mid-day least 8.00pm (the time left).Embarrasingly poor.",-0.06148148148148147,0.5994444444444444,Aug 25 2006
22,22,"Good price! I stayed Abba Queensgate colleagues week business. I research internet read good reviews I booked. We got good price internet rooms small clean. The location nice quiet. The drawback lack air conditioning--which tolerable days hot. The bathroom clean decent, one colleagues even got bathtub room even booked single rooms. The elevator broken day left drag luggages down. We liked neighborhood south kensington station 7 minute walk away. Oh, breakfast pretty decent, unlike reviews I read. I would recommend place business travlers.",0.20617535903250192,0.592651171579743,Aug 14 2006
23,23,"A Little gem This little tries distinguish offering nice rooms helpful service excellent price. It lacks air-conditioning now, I told installed winter 2006. The rooms clean well-appointed. The concierge staff knowledgable helpful. The location excellent; close undergound bus routes easy walk Hyde Park. It took less 40 minutes get Heathrow undergound. I recommend average value;",0.24525641025641026,0.5461538461538461,Jul 25 2006
24,24,"nice place short stay I stayed single night business trip London. I worried I read reviews. When I arrived, nearly full reception staff upgraded room automatically executive room. The room clean, plenty space, lots clean towels, TV, minibar, wireless internet etc. . It similar facilities hotels class, good location (close Natural History Museum). It presented excellent value money especially London time year.",0.2774542124542125,0.5964835164835166,Jul 23 2006
25,25,"Enjoyable Stay We party 3 staying 4 nights (June 27-July 1, 2006) room 205 faced main street, Queensgate.The area situated lovely part London (Kensington) minutes walk Hyde Park attractions. We even walked Harrods morning (about 25 minutes casual pace). Taxis frequently pass front walk main street Hyde Park.Upon early arrival room ready checked bags (1 pound per bag) went walk. At 2:00 registered went room, found spacious clean. The bathroom large tub shower plenty hot water. Fresh towels toiletries replaced daily. We slept windows open night bothered excessive traffic noise. The staff mostly European countries. They pleasant helpful contacts. Andina, worked front desk, especially personable assisted us several occasions questions places eat, taxi service etc. A buffet breakfast included price room quite lovely. Every morning fresh fruit, yogurt, rolls, cold cereals, coffee tea, juices items make adequate breakfast us. The staff dining area also helpful, friendly upbeat. There also lounge area across reception television, newspapers available snacks, tea, coffee drinks.There number good restaurants available minutes walk Gloucester Road. I read several reviews booking Abba Queens Gate complaints made breakfast, staff, elevator working etc. I found none problems state enjoyed stay would definitely consider returning Abba Queens Gate future visit London.",0.14949874686716794,0.4753132832080201,Jul 17 2006
26,26,"Great Location My daughter I stayed 2 nites London. A little far Underground American's used walking everywhere. Very close Kensington Park, Royal Albert Hall V &amp; A Museum. Very Nice Street. Hotel staff nice accomodations great price. Small rooms London. Nice Bath.",0.34425000000000006,0.67,Jun 16 2006
27,27,Convenient. Close buses far Tube We visiting Chelsea Flower Show stayed two nights satisfied hotel. Easy find map Gloucester Road tube station [about 5-10 minutes away]. The directly opposite Imperial College without map. The staff friendly helpful although drinks could purchased room service bar. Our double room 2nd floor clean adequate good bathroom. There double glazing little noise street slept well comfortable bed.The continental buffet breakfast included room rate [Â£9 not] adequate couple mornings required full English breakfast available additional Â£6. We would stay good location within walking distance Kensington High Street bus stop across road outside Imperial College taking South Ken outside direction Portobello Road market.,0.25931159420289857,0.4256521739130435,Jun 2 2006
28,28,"Great location albert hall! We stayed Queens Gate Concorde one night last week, great time. The quiet residential street, perfectly situated visit The Albert Hall, Natural History Museum ( literally corner road) shopping Knightsbridge Kensington High Street.The room anything get excited about, clean pretty comfortable. Breakfast simple, possibly bit boring staying several days, fine bite eat set day ( fresh coffee, juice, mini croissants jam, cereal yoghurt- ort coulf uograde full english breakfast, Â£15 per head felt expensive)The facade lovely, reception quite smart plush. If looking luxurious /boutique style rooms might you, seeking fairly inexpensive, clean comfortable good, quiet location I woudl happily recommend it!If planning night albert hall perfect location!",0.328545918367347,0.6365476190476189,May 24 2006
29,29,"sooo quiet... London!!! We stayed 3 days, really great. We booked ahead &quot;London Nights&quot; I think around 80 pounds per night, double. I tell would appreciate quiet, I mean quiet room... ask room 208. It twin room, beds comfy. Open huge window fresh air (not view- much one). Plenty room. The bathroom nice, excellent water pressure, Hot water abundance! The staff great, especially Glory Manda I think name was. There another nice girl too. I'm sorry I forgot name. Now, couple things I'd improve. The breakfast cheap motel continental breakfast USA - definitely nothing write home about. I asked hostess I could order porridge. She said: &quot; what's porridge?&quot; I said myself, &quot;Okay, isnt England? Dont say porridge oatmeal?&quot; So, yes....breakfast needs work Queen's Gate. All all, though, wife I loved stay there. Also, arounf corner Gloucester Arms Pub. Two meals 7.99 pounds, great beer. Try John Smith xtra Smooth, Fuler's London Pride tap. Hyde Park 5-10 minutes away. Queensway 15 minutes. Knotting Hill 20. And youre also close Chelsea....Kings Road, etc..Stay Queen's Gate Concorde.LKL",0.26956521739130435,0.6309782608695652,May 11 2006
30,30,"Good Hotel We two adults eightyear old son one room ok, causeit quite big room. When looked window saw small &quot;backyard&quot;,or call it. Well, best view, turned whereabsolutely noise kind, slept like logs nights.Breakfast was... well, something.There lot doors goin' get room, havn't anyproblems opening doors so....",0.37857142857142856,0.42857142857142855,May 4 2006
31,31,"OK Hotel-There Better Same Area I chose based reviews website, I would stay again. First all, took Gatwick Express Victoria Station great. A 30 minute ride, expensive! It cost almost $50 adult $25 child 30 minute round-trip train ride?! There really alternative. The problem getting Tube station. It across street, beware-you deal ALOT stairs Tube station get Tube stop, go ALOT stairs. Could difficult alot luggage and/or bulky. It bit difficult us (13 year old daughter myself), manage. I would recommend (depending time day) taxi ride form Victoria Station. We took taxi return trip cost 10 pounds bargain compared dragging luggage up/down stairs, taxi ride 9:00 Saturday morning light traffic. We end taking taxi Gloucester tube station since obvious wich direction needed go one street could help. Once there, able check early get room (at 11:00 am). The room #219 end hallway (and going 3 doors along hallway personal 3 steps!). Once inside room quite small, NOWHERE put luggage. The closet enough hangars HOT. The heat very, hot. We finally figured turn off, would come periodically itself. We opened window, breeze, difficult cool room down. BE WARNED-they A/C I would never stay summer!The bathroom HUGE. I believe it, could 3 people getting ready bump them! The shower excellent, good water pressure hot water. There 4 TV stations, one news day, videos day, got quite boring evening.Being end hallway, heard NO noise neighbors, little creaking above, quiet. Since room faced street, quite bit street traffic noise would get loud (remember, window WIDE open since hot). But noise anything sleep through.The area absolutely quiet nice. It upscale area nice walk Gloucester tube station. Bit hike Sainsbury's Cromwell, ended taking taxi back. I'm glad stay Cromwell Road, VERY busy street. Queen's Gate Road really residential area, much traffic. The breakfast sucked. If included room rate, pay it. You get two varieties cereal (corn flakes rice krispies), orange wedges canned pineapple. Also, get mini croissants hard rock sometimes mini chocolate croissants. And I say mini, I mean mini. They also small assorted breads, yoghurt that's it. It get boring second day appetizing. There good cafe near Tube Starbucks, better hotel. London expensive, nights bought sandwiches Sainsburys' ready-made salads. Three nights went great Italian place near South Kensington tube stop, Pieroni's. Be careful give bill though, overcharged us first night I go back get refund 20 pounds (that's almost $41US!).It's 10 minute walk Harrod's, alot restaurants around there, try any. We eat cafe, nothing write about. It's also 10 minute walk Kensington Palace Hyde Park literally one block away. We took two day tours bit expensive, see alot. The problem day tours read lines offering. For example, one tour group tour called &quot;Runnymede &amp; Windsor Castle&quot; 1/2 day tour. (Runnymede Magna Carta signed). When I called inquire, I asked stop Runnymede answer was, &quot;You drive past see it.&quot; Sure enough, brochure said, &quot;see Runnymede.&quot; Also, get hour Windsor Castle, I would advise take train yourself. I would time, schedule. The trains &quot;country&quot; leave Victoria Station. It would good idea get train schedules take Gatwick Express Victoria Station never use Victoria Station return. Victoria Station The Tube two different things.The Jurys Kensington Queen's Gate end street (closer Tube stop), looked like really nice hotel, I went again, I would probably look staying hotel. We paid $150US per night Queen's Gate included breakfast. It would worth bit money stay Jurys, especially A/C!",0.10274051490514903,0.5868800813008132,Apr 26 2006
32,32,"I expected much I stayed weekend Queen's Gate Concorde last January. The location excellent, I can't say rooms. We reserved Executive Room, first &quot;thing&quot; gave us wathever want, except Executive Room. It clean, really dark (as ground level, window looked interior yard) furniture older me. We asked another room and, although begining said absolutly full, saw room ground floor. It room &quot;the Exorcist&quot;. My boyfriend I really scared!!! At end, asking another room, something looked like room, first floor. At least light clean, really small. Not like Executive Rooms show website. I'm sure Standard Room payed Executive one. I repeat experience.",0.23703124999999997,0.45152777777777786,Apr 22 2006
33,33,"Pleasant surpise We pleasantly surprised. I expecting small room reading reviews room large enough space. I reserved &quot;family room&quot;, one twin bed son bed actually two twin beds pushed together worked great. The bathroom large, clean updated, towels HUGE. There enough space hange clothes coats. We able coffee room morning hair dryer worked fine. The continental breakfast included eat morning. It okay, nothing write home about. It cold cereal, fruit, yogurt, juice, small pastries, coffee tea. You could order hot breakfast get hot breakfast elsewhere less. It easy get either bus tube. Hyde Park (beautiful) short walk away. We specific problems. All good us would stay again. After I download pictures I post see.",0.23847619047619048,0.588952380952381,Mar 30 2006
34,34,"Great room! My husband I stayed Queen's Gate Concorde beginning March first visit London. The room nice quite spacious actually! The bathroom newly remodeled fresh linens/towels everyday. We street side room, really hear cars even people ceilings tall. The rooms VERY warm almost humid fan bathroom. The continental breakfast right. You could go place else cheaper go grocery store. It included package not, 9 pounds continental breakfast I believe like 15 pounds full English breakfast. It's good 10-15 minute walk nearest tube station luggage. Itâs great neighborhood really close anything. The lift broken 2 days still working day left. Luckily, 2nd floor I can't image hauling luggage top floor!! Overall, great first place stay London would probably try another neighborhood next time.Also, FANTASTIC Italian Resturant nearby called Il Borgio (I think I spelt correctly). If go north next street, take left, go north right next Indian Resturant right. The best white house wine, VERY romantic, great food.",0.24954037556011238,0.40080466317308433,Mar 26 2006
35,35,"Watch step room 106! I booked room night stay. When arrived, tired late long car journey - record booking. However, I presented email confirmations (eventually) given room, although kind room I booked. Room 106 situated flight stairs. When opened door, another flight stairs closet, bathroom door leading bedroom. I opened door try find light switch, one, I stepped inside room, dark. Then I went flying step (see photo) inside door. I really shook up, I complain. Perhaps I should've, absolutely NO WARNING step could turn lights bedside lights inside room, negotiate step dark - difficult know there! Our bathroom tiny shower - clean. I sure whether room smoking non-smoking, definitely smell smoke - even old, stale smoke. We view - one peered another house... And warm room know way turn radiators, numbers rubbed time. We freezing ended sleeping socks!!Having said that, actually nice - breakfast adequate, staff helpful friendly location ideal. Be warned though, 3 parking places outside lucky enough grab one those, park half mile away long-stay carpark. We pay Â£30 ....",0.0977956989247312,0.6187813620071686,Feb 22 2006
36,36,"Good value We stayed 5 nights October 2005. We able get rate $212 AUS per night, including breakfast, good London. The 5 minutes walk Gloucester Road tube lovely area. Be sure directions though, walked around hour found - two Queensgate Streets within block other!The room good size clean. The bathroom modernised last years.The concern I housekeeping staff left room unlocked one day out. The manager address promptly apologise. We distressed though thought could gone missing I felt greater recompense offered.We try 15 pound breakfast one morning overpriced. You get better healtheier breakfast Pret Manager opposite tube.Overall, would stay I able obtain great price.",0.32719298245614037,0.487719298245614,Feb 20 2006
37,37,"Great stay QGC! My partner stayed Queens Gate Concorde three nights January great stay. The problem arrival note booking ( probably changed twice looking tripadvisor.com reviews changed thursday sunday arrived!) voucher problem staff professional it. Our room perfect size, small usual London, bright, well decorated bathroom nice too. Most importantly clean! The QGC well situated near Natural History Victoria &amp; Albert Museums five minute walk tube. Breakfast good staff friendly helpful. All great stay Queens Gate Concorde- would definately stay recommend others travelling London.",0.44519607843137254,0.6499999999999999,Feb 8 2006
38,38,"Clean Functional Clean functional covers it. Our room small, rather dark bit depressing spend much time it. It appeared clean, bathroom, modern.The staff helpful, continental breakfast adequate varied - fruit juice, cereal, fruit, yoghurt - ok selection croissants/rolls poor.Coffee good! Everywhere overheated.Very good locatiion museums Albert hall quite acceptable overnight stay although want spend week there. small lounge area minute bar.",0.17564102564102563,0.527179487179487,Jan 18 2006
39,39,"Great Stay I stayed friend long Thanksgiving holiday weekend (well, holiday us Americans)and nice stay. We arrived 10:00 am...much earlier 2:00 check-in able select non-smoking room (we advised far between) store bags (@ $2/bag). The walk Gloucester Rd. tube stop somewhat long bags 32F weather, unbearable. There quite hotels VERY near tube though (The Montana example...which comparably priced). I attached pictures room. We asked twin beds got...although pushed together, easily pulled apart. Linens clean, bathroom clean good water pressure, ceilings vaulted room smell like ANYTHING...which hope for. Our room first floor near lobby, quiet same. The heat come 5:00, cold, prepared. Once DOES come though, nice toasty. The wake-up call consisted TV turning automatically volume increasing turn off...as remote work well, buttons TV, somewhat challenging, managed. And certainly got us up. Overall, lovely. We eat breakfast inlcluded room rate, staff pleasant helpful comfortable stay.",0.23229591836734698,0.5795748299319728,Jan 9 2006
40,40,"Good Value Beware Staff! Just returned weeklong stay property overall pleased. The QGC good value money (we paid 100 pounds night) London prices located sought Kensington neighborhood nearby Tube access short walk Harrods desirable shopping Knightsbridge. Rooms particularly special, linens crisp inviting bathrooms clean. Our major complaint particular staff member overbearing inappropriate friend me, young single women staying here, beware.",0.16638888888888884,0.4807142857142857,Jan 2 2006
41,41,"Great location - You love it! I would recommend location (right Hyde Park, The Royal Albert Hall etc) friendly staff large rooms. We got room rear completely free road noise refitted bathroom - cosy.An excellent place base see London dread going back afterwards.",0.31000000000000005,0.5914285714285714,Nov 13 2005
42,42,"Great Loved hotel, room comfortable without air conditioning. Location fantastic, staff helpful. Would definately return there.",0.524,0.7499999999999999,Sep 13 2005
43,43,"Good good location Happily recomend hotel. It short 8min walk Kensington station (from rest london close accessible) around 2mins Museum Natural History Science Museum (both free - head want quiet afternoon!).One side rooms shown websites better standard room got (I think may photos suites). However, standard room adequate size lovely fresh bathroom, small. Our room windows opened overlooked tree-lined road front (a little noisy day, quiet enough night even windows open). There airconditioner portable fan available requested.Tea coffee facilitites room good. No minibar though. Breakfast nice (several different bread/pasteries, cereal museli, variety copped fruit, variety juice, tea/coffee, youghurt).No safe room - instead several individual safe boxes reception use - give one key box apparently loose key cost $250 POUND! ouch! recover goods.Staff lovely. Room fresh, adequate size. Good location. Good value (we paid around $80 POUND per night including breakfast ratestogo/hotelclub). We recommend!",0.24350482138943677,0.49785776901161527,Sep 11 2005
44,44,"A good four stars! Our friends NY came visit us London recently preferred always Hilton Park Lane / Hyde Park Corner, rooms. This time, put The Queenspark Concorde initial &quot;confusion&quot; - two hotels name, soon discovered CONCORDE better larger hotel. The Queenspark relatively new smallish boutiques type bed &amp; breakfast. The Concorde actually part large chain luxury hotels, based Paris, told operations manager, Mr Stev Locke, truly good example staff there. Service warm friendly Mr Steve going way please Ameriacn guests, stayed three nights July, The rooms even larger Hyde Park Hilton service best &quot;compared&quot;. Only F&amp;B bit limited there, one restaurant one bar. But love small eating places Kensington, ten minutes walk hotel. The Concorde old (100 years, told Mr Steve) feel all. They elevator comfort modern business hotel. Our two suggestions ceiling fans room safe, safe reception convenient ll. We put friends winter, come two weeks, Christmas. Thank Concorde Mr Steve!!",0.23213349150849152,0.44138361638361634,Aug 27 2005
45,45,Nice choice We stayed two nights there. It excellent location Victoria Albert Station Kessington Park.We got good deal 78 pound per night two adults kid. It double bed king size provided separate bed son. The room spacious clean. The elevator though go quite number doors. The porter extremely helpfu. Front desk service really good took care transportation booking Heathrow. Highly recommended especially get package less 100 pounds per night.,0.3445,0.6686666666666666,Aug 14 2005
46,46,"Liked hoping more... My husband I stayed 3 nights July. The rooms clean, although bedding never changed time there. The room quite small, bathroom large (but little counter space). There air conditioning, proved huge issue weather hot humid every day...sleeping unbearable. The rooms really resemble pictures internet...but possible rooms did, ours. We found hotels mentoined (seemingly disdainfully) booked room (well known respected) internet travel site. It made us wonder purposely giving us lesser room booking direct. Merely speculation...Overall alright terms location, I would return summer, travelling another person, I found beds small uncomfortable, especially AC.",0.043076441102756914,0.5712406015037594,Jul 29 2005
47,47,"Very Good Value/Very nice stay My family I recently booked two rooms Queen's Gate Concorde hotel, bit apprehensive never seen property before. The nice, quiet, convenient neighborhood, fine, moderately priced restaurants pubs close by. The rooms quite large (by London standards), comfortable well equipped. The daily rate quite reasonable (again, London standards) I would definately recommend hotel.",0.29699633699633704,0.5532234432234433,Jul 20 2005
48,48,"Great place stay! We stayed two nights ago exceeded expectations. Starting outside, beautiful hotel. We booked double reason given triple (a king size bed single bed) - room HUGE. The bed comfortable, far average. The decor nice, modern like boutique hotel, cozy. We would definitely stay again.",0.2285714285714286,0.5376190476190476,Jul 8 2005
49,49,"Great value price My husband I teenage son stayed triple room 7 nights found satisfactory. The luxurious; room chipped paint carpet appeared bit worn, everything clean unpleasant eye, white (and clean) bed furnishings. The room spacious London standards, roomy bathroom shower full tub plenty shelf space toiletries. There ample closet space hanging clothes, one drawback lack bureau--there place store belongings except one built-in drawer shelf closet. The staff efficient helpful. The breakfast room cosy nice breakfast quite adequate, pricy included room rate. The South Kensington location great, close several museums near Hyde Park. We booked discount internet service got rate 115 pounds night. For price location, I think could done better.",0.34411111111111115,0.5102222222222222,Jul 1 2005
50,50,Can't Compare/Just Observations I've spent grand total one night London durning lifetime. Therefore I really can't say compares others. Staff friendly helpful. Room small standards probably norm London. Well equiped clean especially bath. Huge towels washclothes. Shower volume like flowering can. Nice quiet curtains excellent job blocking morning light like sleep late like wife. A bit hike tube heavily ladden were.,0.2142777777777778,0.6695555555555555,Apr 22 2005
51,51,"Loved it! My husband I honeymoon first stop London, stayed Queens Gate Concorde Hotel absolutely loved it. We upgraded amazing room huge bathroom large bathtub. The furnishings modern room roomy. The neighborhood wonderful situated near two tube stations convenient get around wherever want go. The breakfast nothing spectactular bad. We would definitely stay again!",0.41456043956043953,0.6021978021978023,Feb 22 2005
52,52,"Fantatic Location; Fantatic Staff 5 stars My husband I stayed early February I say pleasantly surprised I staff. On check receptionist welcomed us warmest personality greatly appreciated came long flight given rainy day London. We got there, American flights early morning, told room ready check 12 room still occupied. However asked store bags &quot;enjoy day London&quot;. My husband happy flying overnight even Four Seasons check time. So receptionist offered us map showed us major things area. We explore surprised see stones throw away literally everything London; The Natural History Musuem, V&amp;A Musuem, Science museum, Harrods, Hyde Park, beautiful Royal Albert Hall closeby Glouchester Road metro station. I read alot reveiws people said metro far luggage less 10mins (with help directions). When got back 1:30 check given room I surprised size cleanliness 3 star hotel. The bathroom huge london bed comfy. Not much view though! Our room faced rear I light sleeper residential houses front building overlooked Queens Gate. I cannot begin explain made feel staff here...they absolutley great! On second night stupidly left window wide open side bed closest window soaked. I phoned reception, explained problem I wanted extra towels receptionist told would call back. I thought strange I needed extra towels. However called back offered move us fully booked moved complimentary townhouse room (It room left). We checked rate beautiful townhouse suite close $400US night...but got complimentary! I love London much I cant wait next trip I definetly stay hotel. I stayed really horrible rooms Europe one far best I've seen staff treated us fantastic. In early 20's I worked I know great personnel treat highest degree friendliness I sure meet nasty petty people everyday. Would definitely recommend little gem",0.11392324451147978,0.4975230434053964,Feb 19 2005
53,53,"Good Quality Budget Hotel Stayed Dec 2004. Great location, Hyde Park South Kensington. Very friendly Staff, Excellent Breakfast, tiny comfortable room. Paid Â£59 double room including Continental Breakfast, also Fried Breakfast Â£3 pounds.",0.4839285714285714,0.6142857142857142,Feb 9 2005
54,54,"Just One Little Problem Cigarette Smoke My friend I spent five nights twin room late January. We pleasantly pleased size room, 14 foot ceilings, large bath room. It clean enough though cleaning woman apparently replaced dirty towels thrown floor back rack. Reception kindly changed us went complain. The continental breakfast fresh fruit OK except protein, even boiled eggs cheese would nice since eat croissants, cereals starchy items. In addition, I practically choked death cigarette smoke reception whilst trying check later every time I entered departed hotel. There small reception room/lobby exactly one must enter leave hotel. They informed &quot;smoking room&quot; make matters worse, doors aforementioned &quot;cancer room&quot; contain revolting haze cigarette smoke one must pass through. After couple days I learned hold breath I made elevator. Our room nonsmoking floor fine. We booked room Hotel Club paid 65 pounds night which, considering lovely location, good bargain. I doubt I would stay unless found somewhere else stick smokers, preferably OUTSIDE. Where rights breathe fresh air? I particularly surprised arrangement like chain Concorde.",0.11712726757369615,0.4854450113378685,Feb 6 2005
55,55,"Bait Switch We booked two nights Jan. 14th 15th, 2005, reading reviews placed top 10% 1100 hotels rated London. When arrived asked would like upgrade room townhouse room bargining agreed additional $28.50 per night. At time asked would possible extend stay additional three nights told operations manager, behind desk, Sanjeev Desai, would problem. When tried confirm two days later told room available rate would additional $66.50 night. When I explained operations manager told us would OK extend put fight finally called desk. He imperiously informed made mistake giving us upgrade $28.50 way staying room signed agreement right increase cost $66.50. He treated us ones trying take advantage them. When I suggested I could go street book internet told I free would make sure rooms available internet night. This discussion took place around 11pm Sat. night. Not good time go looking room London pulling suitcases long day.The interesting thing discussion mentioned internet rate 50 pounds night/$95. We lowest rate I could find 70 pounds night tells stay search find rate. Try London-hotels unusual site gives lower rates major sites I tried. Incidently never saw heard another person section giving lie assertion increased rated based availability. The rooms empty.That said good location near several museums including Victoria Albert, Natural History Museum (have look photo exhibit Nature photos year), 3 pound taxi ride Harrods street. It hike tube station however I would suggest taxi train station, Victoria 6 pounds. The continental breakfast good, cereal, yogurt, fruit, pastries, jucies, tea coffee, etc. When know breakfast London run 10 pounds, $18 person, good idea eat there. But eggs meat, pay another 12 pounds per person. The towels linens high quality. But place firetrap many many doors go room I counted less seven room,including two flights stairs, pulling suitcases struggle. Plus layout rabbit warren corridors connect various levels different buildings several corridors deadend. If difficulty stairs luggage accesible. It quiet room dimly lit musty good bathroom bath shower combination. Plus must said advertising TV misleading CNN major stations except standard British stations BBC, ITN etc.I would stay would look street Courtyard Inn, places. Walking tube station I saw rooms hotels low 35pounds night.",0.13245291005291004,0.4787393298059964,Feb 3 2005
56,56,"Nice Hotel but.... Stayed 2 nights end January, say need book room internet hotels daily rate way offer prices get. We paid 131 pounds Fri Sat night could'nt find cheaper anywhere else. It's 10 - 15 min walk luggage Gloucester Road tube, is'nt far - far enough cases. The location great museums, Harrods, Albert Hall Kensington High Street, price cant ask more.The staff friendley helpful room nice clean. However, I asked non-smoking room definatly smelt smoke - might worth confirming go. The bathroom seemed brand new, shower great - took 3 mins reach full temperature suggest switch loo!The bed comfey enough springs kept twanging I rolled - no, im overweight (74kg). Also pillows quite small fat took bit getting used too.Continental breakfast included price, served smart restraunt. This usual flakes, plenty fresh fruit &amp; coulis, couisants, tea toast. If full english 11.95! Bit steep get cheaper 10 mins away high street.In summary, price I paid, I happy I got. I dare say real crummy hotels London - isnt one them.",0.24406406926406923,0.5448103896103896,Jan 31 2005
57,57,"Good value near Royal Albert Hall I booked went London event Royal Albert Hall without realising close is, 5 minutes walk! The situated Queen's Gate, broad thoroughfare running south Queen's Gate Hyde Park also close Natural History Museum. There anywhere eat immediate vicinity within 10 minute walk lively area South Kensington dozens cafes restaurants every type Kensington High Street area west. The looks quite impressive outside lobby plush looks better three star. We booked double room gave us triple room large, fairly sparsely furnished nicely decorated double bed huge! The bathroom well appointed easy control powerful shower. The buffet style Continental Breakfast excellent, cereals, fruit, yogurt, different breads toasts, much could eat, served nicely decorated dining room basement. I would say Concorde upper end Three Star. We paid 72 pounds double bed breakfast I thought represented good value part London. So looking near Royal Albert Hall, Imperial College, V&amp;A Museum Natural History Museum I would thoroughly recommend one.",0.3127639919604205,0.5421811224489795,Jan 24 2005
58,58,"Nice Hotel lovely area We stayed two nights. The clean nice furnishings. Our Room huge. Note air conditioning rooms (we stayed Winter problem). The reception desk staff efficient. The breakfast included basic cereals crossiants. It little walk Tube close Royal Albert Hall multitude museums Kesington Park. We got fabulous rate online Hotel, much cheaper booking directly hotel.",0.29076388888888893,0.6154166666666667,Jan 6 2005
59,59,"Very solid accommodation My wife I stayed New Year's 2004-05. We found clean, room decent size (remember, London: ample room double bed, 2 chairs, desk), staff uniformly helpful. TV movie channels BBC's 24 hour news service. Tea kettle also rooms. Shower actually decent water pressure. The location good, block Science, Natural History, Victoria &amp; Albert museums; 7-10 minute walk either South Kensington Gloucester Rd Tube stops 2 minute walk #10 bus runs along Hyde Park Oxford Circus beyond. The distance tube slightly haul baggage, though shortcut Imperial College long underground tunnel leading South Kensington station. Other downsides, slight: breakfast (if included) good continental breakfast full cooked breakfast expensive (12 pounds); phone calls, even local ones, cost 1 pound per minute). All all, I'd stay - got good rate using findlondonrooms.com (about 1/2 published rate).",0.12515948963317383,0.4355901116427432,Jan 4 2005
60,60,"Great Place Stay My husband I stayed Queen's Gate Concorde 12/8-12/11/2004. We found staff friendly, rooms clean/nice (hairdryer, iron/press) great location tube, buses, museums, gardens, restaurants. Using tube could get part London quickly, stay nice area actually get decent night sleep, unlike Westminister area! Definitely book using search Internet, lot cheaper booking directly hotel. I would recommend would stay again.",0.35740740740740745,0.5740740740740741,Dec 13 2004
61,61,"Nice but... The nice recommend easily specific reasons:I booked room internet site one month going. I called 3-4 days prior arrival confirm everything ok told reservation. Long story short, finally next day several phonecalls reservation centre Paris told us mistake could accomodate us.When arrived gave us nice, big room (town house suite) view one major problem. A second fire door lock!!!!! Of course stay there, put us much smaller room ok nice view BUT bathroom funny, BAD SMELL!! It clean, must problem ventilation probably like ALL FIVE DAYS! So, words decent staff polite, smell inconvenience reservation spoiled somehow stay.",0.15503472222222223,0.507986111111111,Dec 13 2004
62,62,"Okay nothing special My family four (two teens) arrived Concorde pleased London. I somewhat surprised size room. I booked family suite instead found small sized room. I heard rooms smaller Europe, expected larger accomodation. We barely room luggage cot sofa bed pulled out. I booked non-smoking room I believe smoking prior arrival. Now I say room clean personnel nice. We breakfast included rate, ate outside hotel. The breakfast area looked nice though. One morning I walked breakfast room closing, nice gentleman gave carafe coffee anyway. Being grouch without coffee morning, I really appreciated it. The location okay, really walked everywhere took cab. There tube station 3 blocks street. Most cab fares 5 pounds anywhere family, except weekends. I would stay two. But, would look bigger accomodations family.",0.20927910052910056,0.5295502645502645,Dec 12 2004
63,63,"Fantastic stay A typical London situated old 5 story townhouse type complex. We stayed 5 nights Queen's Gate Concorde loved it. The staff friendly, rooms large impeccably clean bathroom freshly renovated. The internet price $AUD216 including breakfast unbelievable compared hotels we'd looked at. There 2 underground stations within 5 mins walk well quite restaurant strips within 5 min walking radius. The quiet street beautiful area London I would definitely stay again.",0.15095238095238095,0.549126984126984,Oct 13 2004
64,64,"Clean courteous top location cheap cheap cheap! My wife I stayed business trip Imperial College (August 2004). The location fantastic - across street Imperial, two blocks shops, museums, places eat, tube stop. This upscale fashionable area. The embassies along street, example.The price unbeatably low. The room smallish, european hotels tend be, clean excellent condition - I think everything refurbished. Bathroom tub also brand-new condition. The staff friendly helpful.Downsides, others mentioned: A/C, common. The staff give us fan room swelteringly hot. TV basically BBC channels PPV. But BBC fun watch. Didn't try breakfast, expensive could better cheaper couple blocks away.I highly recommended hotel, everyone I know pleased it.",0.30454166666666665,0.643,Sep 2 2004
65,65,"Nearly Perfect As reviews stated great. Price + Location incredible. I stayed Ramada Kensington 14 - 20 August &amp; probably getting little fussy (just turned 40) I looking stay in, central London tripadvisor.com reviewers made decision easy.Only reason I give 5 stars air/con &amp; spent uncomfortable first night window open heat. This would problem stayed London heatwave happen often lol.Guests Western Europe+USA.Beds great, bathroom best I ever &amp; staff friendly. I try English Breakfast.I would stay without hesitation note following, ask room front &amp; called Churchill Ramada least I told staff member I checked out.Delighted I picked &amp; hope go future. J",0.2493421052631579,0.4372807017543859,Aug 28 2004
66,66,"Brilliant We stayed 6 days double room (203) 5th 11th Aug 2004.The room huge, much bigger expected stay London. A nice tiled bath tub made everything extra comfy. Everything exceptionally clean, staff nice helpful.The area also nice. 5 min walk nearest tube station (Gloucester Road), least 30 restaurants within 10 minutes walk hotel.We back sure, I problem recommending little gem people.",0.21694444444444447,0.5842592592592593,Aug 13 2004
67,67,"Great Stay I would highly recommend area anyone planning visiting London. It close Glouchester Road tube stop, basically 15 minutes main attractions. The area beautiful, quiet neighborhood like although still handful restaurants pubs go within walking distance. The staff Ramada pleasant accommodating. Our room pretty big European Hotel. The bathroom clean spacious well. We enjoyed stay would consider staying again.",0.3266666666666666,0.6043589743589743,Jun 8 2004
68,68,"Great value fabulous location Stayed four nights thanks promotional weekend rate included full English breakfast. Couldn't beat location price. Only several quibbles: breakfast room crowded weekends staff pretty overwhelmed; TV, advertised satellite, 4-5 so-so channels. Would recommend would definitely stay again. I want leave.",0.2,0.6,Apr 21 2004
69,69,"Nothing write home The clean safe location. The room larger nicer average European rooms tend be. The staff particularly helpful, knowledgeable area. I would recommend stay room offered substantial discount.",0.09047619047619047,0.4904761904761905,Mar 27 2004
70,70,enjoyed great stay wonderful breakfast,0.7666666666666666,0.8166666666666668,Mar 21 2004
71,71,Very good value London,0.9099999999999999,0.7800000000000001,Mar 7 2004
72,72,Excellent Service,1.0,1.0,Feb 19 2004
73,73,Not good expected,0.3,0.5,Feb 7 2004
74,74,Beautiful quiet clean.,0.4055555555555556,0.6777777777777777,Feb 2 2004
75,75,great lovely area,0.65,0.75,Jan 27 2004
76,76,great price,0.8,0.75,Jan 20 2004
77,77,Very Satisfied,0.65,1.0,Dec 26 2003
78,78,Ramada Jarvis!,0.0,0.0,Jun 10 2003
79,79,Great Location! Good Price.,0.85,0.675,May 20 2003
