,Unnamed: 0,Reviews,polarity,subject,Dates_extracted
0,0,"Really good stay - I go back recommend friends! I booked Laterooms.com went reviews seemed better (more expensive) hotels area.I really impressed friendly welcome young man reception. I got keys quickly found room (an en suite single) comfortable clean. Despite given basement room, decor made feel bright warm. The bed lightly larger I expecting single attached bathroom also well decorated, well stocked towels clean.Although I could hear rumbling underground trains I actually found quite soothing problems sleeping.The breakfast well prepared. I read one review portions small... I felt size right excessive hunger could help much additional cereal, fruit, youghurt etc. could cram in! The fresh cafetiere coffee nice too!Overall, I felt incredibly secure (being lone female traveller) comfortable.I would definitely stay (perhaps soon Christmas shopping trip I convince half :))",0.237255291005291,0.5022949735449735,Nov 12 2009
1,1,"Best Little Hotel London Seven us stayed separate rooms and, though us - - given double room (at single price) singles available, us agreed rooms nice. The rooms smallish honest enough post fact website nothing complain about.Great British breakfast, better many hotels.Staff friendly, even though two occasions witnessed deal disgruntled guests moaning nothing really, bad travellers probably.All super three days homey hotel.",0.21496031746031752,0.4681746031746032,Nov 8 2009
2,2,"Convenient Hotel quiet comfortable location Stayed three nights. Had quad room top floor climbing stairs exhausting. Despite mixed reviews site, actually quite good. The little far central London good place calm nerves away hustle bustle London. There's garden across street usually quiet well maintained. Unfortunately, I get chance explore it. There appears tennis courts there. The London buses run neighborhood Harlingford is, private cars, taxis, emergency vehicles, big plus. London, usual attractions, far whether take tube bus. The closest tube station Russell Square (3-4 blocks away) Piccadilly Line. This line also take Heathrow. The rooms Harlingford okay general. The beds comfortable enough Wi-Fi fast. My complaints bathroom. I felt shower space small water flow shower head insufficient. The free breakfast good. Besides English breakfast one could order, fruit, cereal, cheese, various fruit juices. For price family paid, I may stay I want quiet comfortable hotel. At night, could loud outside least two pubs near one right around corner though quiets 10-11 p.m. The neighborhood surrounding Harlingford safe I there. Just use common sense.",0.10231646825396827,0.5287400793650793,Nov 6 2009
3,3,"Highly recommended We stayed Harlingford Cartwright Gardens several times recommend it. The well placed many attractions minutes' walk Euston station.The reasonably priced offers clean, well appointed rooms. The line booking system easy use confirmation e-mails arrive promptly. Any queries dealt swiftly efficiently reception employees, even evening.The breakfast abundant, cooked order offers wide choice suit appetites tastes. Luggage left prior following booking. Staff helpful eager please.",0.14750000000000002,0.37645833333333334,Nov 5 2009
4,4,"Great location really quiet We stayed three nights really satisfied. The room big enough three persons well cleaned, bathroom tub also clean big enough. OK, furniture could use improvements, itÂ´s London... The beds rather hard especially comfortable.Nice breakfast room great service. You english continental breakfast, I liked scrambled eggs salmon.The located near Russel square easy get to. Lots people streets, really quiet.",0.22401960784313726,0.5377450980392158,Oct 31 2009
5,5,"Disappointing overpriced My husband I looking forward staying hotel. However, disappointed room seemed like single room although booked double. The rug floor dirty mildewed, headboard bed equally dirty mildewed. The sheets worn blankets dirty. Aside inconveniences, bed pushed one side small room person slept side bed could get bed comfortably. The shower stall tiny one could barely fit although small people. All anticipated price. However, loved London prevent us visiting again.",-0.17087912087912088,0.5664835164835165,Oct 27 2009
6,6,"Great location poor poor efforts keeping date This place best locations. Bloomsbury close everything. It vibrant student populaltion, given proximity London University. It new mall blocks away drug store, grocery, starbucks excellent restaurants. The surrounding area alive excellent pubs small eating places. The staff fine breakfasts excellent. All cannot make brutal lack attention cleanliness, attention amenities. We dissapointed checking room. We last stayed 15 years ago, nothing changed. The rooms minute, understandable heritage building. However, price 110 pounds p/n certainly warrant attention new bedding - blankets pilled grungy, I allow bedspread bed. The doorknob falling inside room. The lampshade stool 'desk/vanity' last legs. The rooms 'tatty' say best, hot water available seems ebb flow. The old rationalization ' well London everything expensive' mean walk away looking guests. We look elsewhere next trip.",0.20607101232101235,0.5196033133533133,Sep 29 2009
7,7,"Had great stay... My husband, sister, I booked 3 nights hotel. We greeted friendly staff. We room 22. Our room, huge, certainly spacious enough us luggage. We able put luggage desk make floor space. We two chairs near window. We triple room (one double/one single). The bathroom spacious enough. Ample space toiletries. It clean. We shower also bathtub. The tub little narrow, definitely managealbe. Breakfast included. Lovely breakfast room good menu selection fresh fruit. Staff courteous. It easy 5 minute walk Russell Square tube station. Also cute cat wandering around gave homey feel. They computer lounge get internet nominal charge. Would gladly stay again.",0.2728741496598639,0.6306689342403629,Sep 29 2009
8,8,"central functional We booked 3 nights Harlingford, stayed 1 night. Starting positive aspects B&amp;B, excellent location, quiet breakfasts good friendly helpful staff serving breakfast room.We booked family room doubles fully booked. The room tired, drab poor decorative state carpet stained. The padded headboard also stained plenty use off-putting (we slept single beds). The blankets old, coarse well used one pillow cases stained. The sheets double bed double bed size short tuck in. The shower tiny.The reception staff indifferent slightest concerned cancelled 2nd 3rd nights, 30 mins checking in. At Â£130/night room, I would forego excellent location comfotable cleaner hotel.",0.16384972170686457,0.420146361574933,Sep 27 2009
9,9,"Loved it! We group friends went London annual get-away. Based good reviews decided time visit Harlingford Hotel. We could happier choice. The price fairly reasonable area compared hotels standard. The reception area light friendly includes nice little lounge comfy sofas (we told guests also fire little fireplace cold season!). Staff welcoming especially manager helpful stay. They know London area well always ready help. The well situated close tube, busses trains (St. Pancras). Being centrally situated, Russell Square also quiet beautiful area, numerous nice little parks (where brought lunch one day!) plenty restaurants. The rooms lovely decorated especially bathrooms delicate. The rooms facilities could make cup coffee tea along little snack.The breakfast real treat could order cooked food, favourite âAndrews specialâ; scrambled eggs salmon. The kitchen staff friendly, best all; fresh coffee press cans table!This certainly well run managed brilliant ambiance definitely back next year.",0.18858928571428574,0.5445238095238095,Aug 30 2009
10,10,"Still good book I stayed here,once year, 15 years.Always good experience-not I've special needs requests.Rooms clean,neat small-smaller higher building.No lifts A/C. Never problem interior exterior noise,though first floor might noisy warm weather.Location, easily King's X Russell tube,is good. Breakfast staff, service, meal room great. The hotel's interior decoration re-design, longer new, still charming. Loved staff cat. Facing Cartwright garden green asset. Until proven otherwise, I stay London send friends.",0.4874492174492175,0.6248185148185148,Aug 24 2009
11,11,"Great - let book mini-cab! This great hotel, around corner Euston. The rooms great bathrooms trendy (in comparison usual ensuite cupboards get). Breakfast lovely. However, I asked book us mini-cab driver turned badge meter charged us Â£13 trip cost us Â£5.70 next day black cab. I saw call 'driver' someone else next day. This naughty scam shame great.",0.3427777777777778,0.5694444444444445,Aug 23 2009
12,12,"Still Ok match last experience 4 years ago I stayed 4 years ago gave Harlingford good review friends. I used consider Harlingford super bed breakfast fresh interior design make time. But time I stayed August 2009, standards changed hotel's posh redecoration aged, I entirely enjoyed stay.My 2nd floor street facing double room garden view. But room also shown much sign wear tear. The water pressure low taking showers. The bed cover dirt marks I like sleeping old synthetic fabric blanket bed. Given prices London rooms fallen bit I would look elsewhere next time I stay London.",0.11626984126984126,0.3158730158730159,Aug 16 2009
13,13,"family run feel The Harlingford nice little Hotel almost family run feel, reasonably quiet crescent, Euston road 5 minutes walk King's Cross St. Pancras.The room small perfectly formed, clean good decor purple theme comfy bed give back ache I get Hotels.We could get free WiFi, ask Reception code.There bath, fine, like us, like showers.Don't expect lay comes breakfast, stop serving 9, even Sunday. Default cooked English, usual selection cereals juices services excellent.Would definitely consider staying again.",0.19970238095238096,0.47023809523809523,Aug 5 2009
14,14,"Great city break We stayed weekend absolutely exceeded expectation. The bad reviews really made part. Staff actually friendly helpful. You need look information centre. Location one big plus breakfast boosts day. Room clean neat, although could use improvements. We definitely stay come back London.",0.150462962962963,0.4962962962962963,Aug 4 2009
15,15,"ruled time! No complaints hotel. We leave early., get Eurostar connection. Advised receptionist afternoon would need leave early would like breakfast 06.30 following morning. We came room 06.10 met young man boxer shorts telling us could breakfast booked 06.30. He adamnant could breakfast earlier. I asked see owner hotel, boys' attitude changed slightly. He opened breakfast room ill grace put continental breakfast. He said thing time.... right reaction early running breakfast. He put jeans then....... sad inditement employ ill mannerd youth",-0.08742368742368742,0.4916361416361416,Aug 2 2009
16,16,"Love keep coming back... On second trip London, 1996 stayed Harlingford first time, loved it. It homey, clean convenient Euston Tube /railroad station, Kings Cross railroad station, close Russel Tube station. Very convenient, always warm welcome. We visit London every year, stayed Harlingford every time. We looked hotels, comparison, always come back Harlingford. They done redecorating since first visit, homey feel warm welcome remain. They also serve good hot breakfast, welcoming families. A good value, too. Our last trip April 2008, booked November, 2009. This 8th stay Harlingford. Great little family run B&amp;B feel.",0.33132575757575755,0.47106060606060607,Jul 22 2009
17,17,"Excellent redesign clean comfortable warm close tube I stayed overnight Cartwright Gardens ten years ago 'just ok' experience. However, I stayed Harlingford Hotel last night impressed. The undergone complete design transformation thanks local interior design specialist given fantastically modern look feel. The bathroom real (pleasant) surprise continues exceptionally modern feel.Bedding comfortable. Bathroom bedroom clean. Breakfast reasonable good cooked breakfast, fruit, hot cross buns usual juice etc. There parking spaces outside building agreement recommends parking nearby Holiday Inn. As number rooms, room 21 view Cartwright Gardens tennis courts - key access fancy walk game.Nearest tube Russell Square - see/have seen reviews. This short five minute walk number small shops nearby usual essentials anything forgotten bring you. Also couple pubs Brunswick - small shopping centre restaurants (I think) local Waitrose. Tesco Express opposite tube one coffee chains nearby too. If prefer avoid big chains, also number independent shops way Marchmont Street tube - take pick.Ultimately, visiting London budget, could hell lot worse. Somebody complaining rooms small... let's get perspective... London rooms never big unless paying way odds - I've stayed London hotels business twice price one rooms still size (and nice view)!The photo really show unlike many hotels I've stayed at, rooms Harlingford actually match publicity photos provided hotel. Difficult get sufficiently wide-angled shot take much room gives idea.. enjoy!",0.14053030303030306,0.4265151515151515,Jul 19 2009
18,18,"Surprisingly good! A surprisingly good centre London! The recent revues could put people off, opinion perhaps ''sour grapes'' kind, petty bit vindictive. My partner I always treated staff respect politness always given asked for, works.The staff good, room - ok - bit small, clean tidy recommend breakfast!",0.40606060606060607,0.5227272727272727,Jul 1 2009
19,19,"Great Visit I've two wonderful visits could find thing moan about, even smallish rooms, like London, clean tidy.At first I bit nervous couple bad revues I greeted staff I immendiately felt ease welcome.Yes girls East European origin - ask - polite I smiled smiled right back.This maybe problem people have, experience talk people right way - might something manners attitude - get best them.I needed quieter room though quite full - good indicator? - found one liking, even moved bags day I could go sightseening I got back.All people I met nice, house cat cute too, I guess could really treat staff everywhere",0.3809744268077601,0.5297398589065256,Jun 29 2009
20,20,"reception staff comp;aint I upset request elderly people luggage taken room I amwriting person owner, &quot;If youdon't like ,go somewhere else&quot; &quot;Do think I someone hanging around day carry luggage&quot; Shocking! We stayed loved it. Everything else fine unless reception desk rudness addressed never again.",0.03888888888888888,0.7666666666666666,Jun 10 2009
21,21,"Ideal place visit University I took time choose Bloomsbury, area I know well long weekend stay. We welighted cosy small nice views, clean tasteful rooms. Excellent fish &amp; chips restaurant near, tube station far fine shopping center even nearer. Breakfast excellent nice lounge relax magazines.",0.3902777777777777,0.7083333333333334,Jun 2 2009
22,22,"long harlingford may last time I've stayed past 10 years progressively dissapointed various aspects. Most recently incredibly small size rooms sometimes-indifferent attitude staff. It really depends get mood in! Seemingly staffed young eastern-europeans days, air casual indifference needs travellers gets worse every time I visit. This time I told I wanted something printed I go street internet cafe - one page, computer printer sits idle! The breakfast good, rooms clean, wifi works well certain places staff members seem really good! I guess comparitive thing - hotels far away offer consistency money. They also offers lifts - steep stairs top floor rooms negotiated heavy bags aspect London hotels need swept away 21st century. The harlingford alone this, options...The problem lcoation opposite university college. The students fond night loud revelling difficult sleep occasions. There quiteer rooms though face away street.Banish small rooms make really cheap. There least one small large cupboard.",0.046236171236171235,0.4453703703703704,May 30 2009
23,23,"Pleasant convenient We go London almost every summer stayed past several years. It's great, quiet location, blocks Russell Square tube station (Piccadilly Line) and, direction, close Euston-St. Pancras train station. The British Museum easy walk, sometimes we've even walked back theatres West End. There's nice pub right around corner. The rooms small (what expect Central London?) pleasant, price excellent location. Breakfast good included room price.",0.27474789915966386,0.5023949579831933,May 23 2009
24,24,"Comfortable Nice Quiete aera I spent 3 nights Harlingford. This comfortable, nice quiete aera. Good location : St Pancras/Kings' cross really close.And breakfast fabulous !!I think good quality money I paid.",0.4125,0.6100000000000001,May 4 2009
25,25,"homely harlingford I stayed Harlingford one night January. The good central london. The public areas downstairs great . There nice breakfast room (breakfast excellent, buffet good cooked English). Also lovely lounge fire cat curled comfy sofas, magazines read. The decor modern welcoming. My single room third floor (only problem luggage unfit) small I expected different Â£85 town. It clean nice little ensuite shower loo. All perfectly adequate me. I dislike impersonal big hotels hunt around personal service non-chain places, ticked boxes. By way, Norfolk Arms pub minutes walk away great London pub, good tapas nice wine. What could I wanted!",0.3154258241758242,0.5320879120879121,Feb 8 2009
26,26,"Unsafe dishonest We stayed two nights enjoyed came back second night find room burglarized. The police came filled report. The owner apologized profusely assured us insurance would take care losses (which amounted around $800 worth belongings passport). We stayed different room night next morning checkout presented bill nights! We asked pay night robbed! In rush get American Embassy get replacement passport, begrudgingly paid bill. The owner time one discuss bill. We contact staff several times returning States. We contact insurance company several times, too. We left several messages owner, never heard him. We sent letters e-mails. After four months insurance company informed us coverage individual guests' belongings that, effect, that. I tell disappointed find owner ignored us left hotel. even worse charged night robbed! Please give business really care guests!",-0.026388888888888882,0.2638888888888889,Dec 30 2008
27,27,"Not bad London We expecting much, given London expensive mid-range hotels certain reputation, felt reasonably comfortable Harlingford. The room small decor bit tired, OK; bathroom attractively tiled also small. We liked sitting room free internet access best thing breakfast room (which looks onto rather unglamorous &quot;park&quot;) well good breakfast, provided happy Philippines people. Proximity St Pancras critical us surprised central London still within doable walking distance looking exercise. Seems quite peculiar lift - must difficult staff, certainly guests lug bags stairs, first floor. The stair carpet looks bit tragic, though someone attempted steam-clean exercise simply moved marks around instead. Bad luck owner looks though would expensive carpet.",0.07735449735449736,0.6646913580246915,Oct 6 2008
28,28,"Happy Harlingford I really liked Harlingford Hotel. Itâs terrific area immensely comfortable. Yes, rooms little showers cramped bathrooms tiny, everything nicely done, make good use space whole place absolutely spotless. My partner I stayed room 25 (with double bed), traveling two BIG suitcases found room enough space us. The room lots nice little extras: tea coffee facilities, free shortbread, hairdryer etc. The street really nice quiet night. The whole area around littered great (and cheap!) restaurants, nice pubs. I couldnât recommend Harlingford highly enough â itâs great value price (for London). Just stay there.",0.33270833333333333,0.6597222222222222,Oct 1 2008
29,29,"Good location nice neighbourhood basic We came London 36 hours see exhibition Tate Modern, looking decent affordable hotel, nothing special. A friend told stay Harlingford Hotel.The location good, 3 mins St.Pancras station Eurostar arrives, nice (very) quiet neighbourhood, conveniently close underground, walked Tate Modern (45 minutes). Also relatively close vibrant Camden area restaurants, shops,... Hotel staff friendly efficient. Especially people serve breakfast kind! Our room (room 24), standard double, small. In fact must smallest hotelroom I've ever stayed in, 10-12 square meters. But clean. The bed comfortable, bathroom small modern clean. It impossible close window completely, needed repaired. I mixed feelings room. 110 pounds (140 euro) much this, normal price London standards? I must admit last time I London, 12 years ago. The public areas tjhe gave much better impression. Nice authentic decorated, well maintained spotlessly clean. Breakfast, wich included price, good. Enough choice healthy fresh stuff. If looking well-located, decent hotel, could serious option, exactly I would consider &quot;budgetfriendly&quot; choice. But exist (central) London?",0.19777597402597397,0.5260551948051948,Sep 9 2008
30,30,"Helped us crisis I initially sent request book room Harlingford third party online, I worried company might unreliable (the website based Malaysia seemed bit dodgy,) I immediately sent follow-up saying I need services. I contacted Harlingford directly booked room.Imagine surprise I showed up, confirmation letter hand, discovered record reservation! Worse, completely full rooms available. Only later I discover Malaysian company somehow canceled MY reservation, one I made personally. At time looked like Harlingford's mistake, I truly impressed handled it. The manager, appeared concerned situation, invited us sitting room offered us something drink. He called around hotels area found us room (at The Academy.) The part really blew away checking next morning found Harlingford offered pay room, too! By time I found Harlingford's mistake, I insisted settling bill myself, I overwhelmed gesture.I never get spend night Harlingford, I can't comment rooms, brief encounter demonstrated seriously take customer service. The staff unusually helpful considerate, I hope I opportunity stay properly sometime.",0.08981481481481482,0.40138888888888885,Sep 4 2008
31,31,"How done. We booked basis reviews, surprised find lift, lot stairs. However problem, everything superb. Most hotels tell staff smile, workers manage cheerful sincerity staff here. Our room small, clean comfortable. We overlooked gardens, could see nothing greenery window. The street quiet could sleep window open (no air con). There comfortable lounge, eclectic range up-to-date magazines &amp; papers (management? left guests?). Breakfast choice cereals, bowls tinned fruit, pastries fresh fruit, &quot;full English&quot; scrambled eggs smoked salmon, prepared order, beautifully presented, welcoming staff. Outstanding freshly made coffee!We back!",0.2469298245614035,0.5464912280701754,Aug 21 2008
32,32,"Excellent Value Quiet Neighborhood We stayed Harlingford visiting UK late June. Knowing rooms quite expensive London, I booked early family group 4. We stayed family room two nights enjoyed quiet escape long touring days London. Located Bloomsbury, quiet cresent street, loved homey neighborhood atmosphere excellent price. The closeness Tube huge advantage. Our room small expected London comfortable. The bathroom spotless. Our breakfast promptly served classy, cute breakfast room delicious. Olga, front desk, helpful questions. Highly recommended.",0.251578947368421,0.6652631578947368,Jul 18 2008
33,33,"Lovely Hotel Nice Staff This nice, middle road hotel. Breakfast fabulous - many wonderful healthy things available; get 9:00. Hotel rooms small, case European cities. Staff friendly, knowledgeable, helpful; ordered takeout one night gave us dishes dinig room use. There elevator, cannot navigate flights stairs please ask stay basement room one 2nd floor. Also, trouble sleeping, may want consider room looks back courtyard (I wore earplugs &amp; eye mask trouble front-facing room). The terrific location, safe, easy access tube, bus, British Museum etc. A lovely stay!",0.29924242424242425,0.5015151515151516,Jul 18 2008
34,34,"Small Friendly great Location My mom I stayed weeks ago enjoyed stay. It couple minutes walk away picadilly tube runs main parts London. The room small, uncomforatable slightest nice window opened cartwright gardens square kept room incredibly comfortable. My complaint shower really small water pressure nothing brag someone like thick hair made challenging shower. At rate, hotel's location made wonderfula literally pub right around corner street brunswick great places eat and, yes, even Starbucks aware open 7 o'clock am. Lastly, prepared haul luggage flights stairs try best pack light. Oh, breakfats great, eggs, bacon, cereal, etc... A lovely stay.",0.21887301587301586,0.521984126984127,Jul 17 2008
35,35,"Small Friendly Hotel I 'walk in' Harlingford May. I staying London hotels number years overall quality &amp; size rooms always issue even larger 4 star etablishments.I decided last trip find small family human dimension. I disappointed Harlingford.The 2 sets reception staff I dealt friendly &amp; helpful. The restaurant staff charming.The ideally situated Bloomsbury near Euston, King's X &amp; St Pancras. Bloomsbury great area real village feel loads good pubs &amp; restaurants. It short bus ride West End.The building lovely early 19th century terrace building looking garden square breakfast room nicely decorated.The single room I given small top floor quiet &amp; clean. I slept well. The shower greatest. There nice reading lounge ground floor I used turning in.Internet users cross road number internet cafÃ©s.",0.2611199294532628,0.4838624338624339,May 30 2008
36,36,"Not great! We disappointed hotel. The specific ground floor room booked (on line, via phone via email, written confirmations) occupied arrived said anything it! The room ended 40 stairs! It small dirty boot. We seven day reservation stayed four found better less expensive lodging. We would stay again. We say, however, breakfasts good!",-0.15666666666666665,0.6216666666666667,May 7 2008
37,37,"Our stay pros cons The Harlingford Hotel average experience. Breakfast daily best. The room small, expected, carpets bedspreads filthy. The bathroom shower small difficult even rotate turn around. The mattresses beds soft uncomfortable needed replacement. No remote control television set provided. Toilet paper ran almost daily replacement rolls readily available unless go desk. We tried obtain even simplest information desk regarding theatre airline schedules success. The folks desk even know begin find look internet. They provide computer lobby, cost high, better across street internet cafe. There elevator, pack wisely, carrying bags narrow stairs yourself. I would stay substantial decrease cost.",-0.0011666666666666852,0.4595000000000001,Apr 1 2008
38,38,Would Come Back Stayed overnight enroute Paris via EurostarHotel ideally located Kings Cross St Pancras isalso close several 1/2 decent restaraunts pubs Cracking Breakfast All Staff Members excellent could helpful Only downside size rooms Stairs bit problemAll excellent value money,0.39629629629629626,0.574074074074074,Mar 24 2008
39,39,"Decent Decent Price I booked recommendation magazine's article places stay London. I pleasantly surprised. Granted, room tend towards smaller size, room London doesn't. The free breakfast great free WiFi lobby also big plus. Not many hotels offer that.The downsides - poor sound insulation windows. There group party-goers singing outside first night I listen 1am. The shower head room clogged point producing mist. I lucky able unscrew shower head order get flow water. My neighbor next-door lucky would stand shower 30 minutes get wet. Granted neither us brought attention front desk, cannot vouch attention.The neither item in-room safes. I grown accustomed UK disappointed one.",0.09406565656565657,0.5987373737373738,Mar 11 2008
40,40,"Decent enough The Harlingford nice enough. London super expensive, I guess get pay for. The breakfast room lovely, breakfast great. However, would nice squeeze everyone early 90 minute window. The lounge area nice I remember it. Then go upstairs, staying Harlingford years ago... halls rooms (at least double) bit worn. The could stand spruce bit - chipped walls dirty carpets stained comforters unnecessary. It indeed bit fresher years ago, staff time seemed attractive entirely helpful. So I'm sure exactly they're going here...That said, rather nice long 20 minute walk West End, area quiet lovely. A mixed bag. If I could give 3.5 stars, I would... make 4.",0.13769230769230772,0.6046367521367523,Dec 5 2007
41,41,"Good price location Some people sure picky. This perfectly fine, I dare say even quite nice. The desk staff may provide concierge service reasonably priced London. The staff pleasant friendly, especially breakfast staff. The breakfast great. There's nice lounge area ground floor. Compared many London European hotels price range, rooms nice tiny. My double room beds opposite sides room. A welcome change since I traveling friend, significant other. Most importantly, location great. Walking distance lots without loud busy. This favorite London neighborhood. If want bigger room hotel-like experience could stay Bayswater would want to?",0.34812499999999996,0.6390674603174603,Dec 5 2007
42,42,"Harlingford still fine There unfavorable reviews site lately suggesting Harlingford gone downhill cleanliness friendliness. After talking manager, however, I booked six nights -- October 5-11, 2007 -- pleased report fine.Yes, rooms overly spacious, Europe, all. Expectations States. For 99GBP per night could get lot smaller.I found every part spotless good repair continue recommend friends readers travel books. The staff professional, jolly, that's fine. Requests handled efficiently people pleasant. My favorite room (room 20) faces street two big windows. Even though double-glazed, room quiet, despite roadworks outside presence pub around corner. There electric fan room -- unusual touch -- keeps room stuffy provides bit white noise night.They could bit flexible, used be, letting early-arrival victims transatlantic flights rooms little official 1 o'clock check-in time, however.But small grumble notwithstanding, I happily book Harlingford next time I'm London.",0.19645833333333335,0.46875,Oct 18 2007
43,43,"Somewhat deceptive website This clean enough, room extremely small plain. Incongruously, bathroom nice looked liked design featured hotel's site, felt generally deceptive. We stayed 2 nights attend wedding. I would feel sorry anyone came abroad longer stay, London holiday basis seen website, receive room like ours. The communal spaces clean attractive. The breakfast OK, felt could served later (9am finish rather early, especially Sunday). Fried breakfasts rather small.",0.1466031746031746,0.6104761904761904,Oct 10 2007
44,44,"Just needed We last minute booked hotel, transfering &quot;dive&quot; (the Hotel George) next door. The staff fantastic newly redone hotel, pleasant helpful need had, information, booking taxi service., etc. The rooms clean fresh, good size. Breakfast terrific, staff breakfast service delight.For price - beat - great location.",0.34363636363636363,0.5937878787878788,Oct 1 2007
45,45,"Mixed Feelings Great breakfast, great location (very close tube) funky non-touristy neighborhood. However: get third floor walk room, want take hike, ask lower floor. And, rooms extremely small. We family three room (2 adults, one 13 year old), extremely tight. I recommend room small three people. My wife stayed single daughter I left, complaints. The single small, adequate. This fancy - really like B&amp;B.",0.1107936507936508,0.3331746031746032,Sep 17 2007
46,46,"Your better somewhere else! My family I planning staying three days went back home states. There four us, decided rent quad room. On arrival, found rented quads (even though booked one months advance) would stay 1 double 1 single bed room place forth person four bags. They first let us another room free (which also double 1 single), hesitant &quot;had leaks&quot;. next day asked could please stay leaky room larger roomfor four us. They declined, saying guest &quot;specificaly rented it&quot; although yesterday said leaky. The manager even rude enough say would best &quot;pack bags leave&quot;, unfortunately vacancies every called. So, forced stay small 3 person room 4 people 4 bags. Our 4th person sleep floor want carry cot stairs. (The stairs narrow steep. There also NO LIFT. Its really hard get suitcases up) One positive thing breakfast, again, almost hotels cartwright gardens do!",0.051288909503195215,0.38304885590599885,Aug 8 2007
47,47,"things changed there; big disappointment We stayed Harlingford five times last five years always looked forward it, things changed. Our last visit big disappointment. Our guaranteed reservation made months advance honored make-shift arrangements made. We returned day find room door ajar, serious security breach. Our room serviced last three day stay. Fresh linens, enough us, needed requested old tattered. Blankets also old worn. A window pane broken half missing told staff repairman would coming 6 weeks (Unbelievable!) We shocked see services amenities declined. In past recommended Harlingford friends, feel comfortable longer. We also continue read glowing reviews guidebooks site longer accurate. It shame Harlingford fallen decline. It great location memories better times could be.",-0.045312500000000006,0.39548611111111115,Aug 6 2007
48,48,"Great place great staff I lots research looking clean hotels near tourist spots London sight expensive. Harlingford hit. The building location charming, hoped. Ivy covers building's facade, they've recently updated interior. Bloomsbury quiet quick tube ride everything. Breakfasts hearty, - best - Australian girl New Zealand guy working desk great fun chat friendly helpful. The room small, London, served purpose - clean place sleep rest up.",0.3300294612794612,0.5187710437710437,Jul 25 2007
49,49,"Home away home After long flight U.S really nice arrive feel welcome. The 2 aussie girls worked reception really helpful nothing ever problem. In evening night porter always friendly chat. They really good knowlege local area advised great places eat.The centrally located russell square 3 major tube lines blocks away.The rooms always clean breakfast incredible, expecting b b.The harlingford really value money great location. I certainly returning next visit london.",0.3593584656084656,0.5400793650793649,Jun 17 2007
50,50,"Great location breakfast We started European vacation ended 3 weeks later. The location great - couple blocks Russell Square underground station stops away everything want (Covent Gardens, Picadilly Circus, etc.) The neighborhood quiet minimal traffic, across street park, pub corner closes, silent sleeping. The rooms clean, yes, small - us room sleeping (the beds comfortable). Who wants spend time room anyway London? The breakfast great, however, realize good return many awful breakfasts elsewhere throughout Europe. This full breakfast (eggs, bacon, sausage, toast) well buffet yogurt, fruits, juices, variety cereals pastries. Also, bottomless cup coffee, hard find elsewhere.",0.15600000000000006,0.54475,Jun 12 2007
51,51,"rundo walk away We arrived 9pm day flight Boston greeted monosyllabic desk clerk pointed small stairway leading downstairs. There offer help bags. The stairs led small hall basement three doors, one led room. The greenish carpet covered stains. The room smelled slightly damp. The shower head small bathroom leaked trickle water shower. When mentioning desk clerk, told one maintain &quot; come around fix things every 6 weeks&quot;. One positive note. The breakfasts ample breakfast room clean. If stayed London longer 2 days, I would gotten another hotel.",-0.06363636363636364,0.5391245791245791,Jun 2 2007
52,52,"Harlingford Hotel I booked becuase highlighted Budget Travel Magazine. Unfortunately, disappointment. They said rooms small, singles really small. My room back little bit bigger lot quieter travel buddy who's room street side. The customer service also surprisingly bad. I usually positive accommodating traveler, really disappointed reception I got main desk. The location walking distance British Museum Bloomsbury near several pubs.",-0.14221117424242424,0.4036931818181818,Jun 2 2007
53,53,"Terrific Place Stay Wanted post positive review gem B&amp;B. returned 8 glorious days London family (two college aged sons). I certainly return back Harlingford. It welcoming especially super friendly Aussie girls behind desk forget dear Steve also wonderful talk to- host #2, Host #1 Andrew, owner, shared great conversation with. We made feel welcome start! Our room second floor totally clean spiffy. I bit worried read negative review site couple weeks left trip. However 99 percent good reviews lovely B&amp;B , I know well staying here. Bathroom nice, small matter. It well cleaned every day. Breakfast delight every morning view ivy covered windows park across street. The minor inconvenience street torn antiquated water pipes could replaced. Did noise bother us work outside. The worst noise came husband snoring (bring ear plugs :)The local restaurants pubs great. The Lord Cornwall Pub two blocks street served great lunch/dinner. The Indian restaurants Marchmond across street great - well Chinese. Did get North Sea Fish place - next time...fish great Cornwall...there haunted pub alley behind tube station-nice ambiance there...the grocery store smaller grocers around corner adequate minor needs. All - good place good location!",0.22859451659451654,0.5436165223665224,May 29 2007
54,54,"A real find 2 friends I stayed w/end enjoyable stay. The location fantastic, minutes walk Russell Sq tube, means really center London. Bloomsbury lovely part London, feels pretty safe bars, cafes restaurants close hotel. You also walking distance British Museum Soho/West End half hour walk away [for like tube]The room small, clean nice bathroom. It adequate place sleep.The breakfast great, plenty decent coffee!I think stand get good deal. The standard room location price great, unless afford spend 2 3 times struggle get better part London. It worth remembering London expensive city stay.I stay again.",0.26346153846153847,0.4767948717948718,May 2 2007
55,55,"horrible worst! I homework. It recommended travelguide, website photos shows great place! I travelled quite lot, around africa southamerica, northamerica, france uk, I picky long place clean decent, webpage shows much that. I happy reservation, I looked reviews tripadvisor. They good, pictures people stayed showed nice place.But I get I see? The bedlining broken, everything dirty (and I say dirty mean DIRTY), including bedcloths, bathroom door broken, doors walls painting falling pieces... I could simply believe it. I talked owner asked different bedroom, comes room dog starts jumping beds (two twins even though I booked double), laughs it, says: It easter, goint get another room anywhere, I room you, made anydiscount....It disgusting experience ever, day I went euro hotel, street: amazing difference made!!!!!! cheaper! From photos people I imagine full might get decent room, got: I call fraud!!!!!",-0.014324854290674602,0.6157808956916101,Apr 9 2007
56,56,A Bloomsbury Find Our family spent four days London spring break. With two kids booked room three beds. Our room 110 pounds per night included hearty breakfast. The location excellent sightseeing located close Underground lines. The room small cozy. The staff friendly much help giving restaurant recommendations. There several restaurants within block two handy grocery store right around corner.,0.14857142857142858,0.4760714285714286,Mar 25 2007
57,57,"I would stay again. It exellent OK. Pros:1: The located nice area central London. 2: The room small, nice (we spent time bed anyway). 3: The bathroom cute 4: The breakfast good, staff nicely dressed service good. 5: room cleaned every dayCons:1: No elevator (I'm healthy, problem) 2: When people talked hallways felt like room (it did'nt bother me). Overall conclusion:I liked hotel. I expect finest 99pound night, also I get it. I hoped would ok, really ok. Other places I would expect get 99pound, central London I figure price aint bad. Maybe I try find cheaper B&amp;B next time I'm London, really I would enjoy staying Harlingford again.",0.3048076923076923,0.49775641025641015,Dec 5 2006
58,58,"OK disappointed Well, room rather small side, nice quiet. The location OK, staff seem idea nice places eat close hotel. Breakfast good though, everyone pleasant enough.Â£99 small (tiny) double bedroom makes wonder value money. get pay for, London rather expensive anyway, get better value elsewhere.",0.17023809523809524,0.5821428571428573,Nov 24 2006
59,59,"Worth staying We stayed 2000 2006, though one night. We contacted directly asked room overlooking street first floor, possible. We got exactly that.The remodeled satisfied large comfortable room, view nice crescent. Also, case first stay, English breakfast good.This worth every pound paid.",0.2760204081632653,0.467517006802721,Nov 22 2006
60,60,"Second Visit Good First April 2006 second stay Harlingford I would stay third time (First visit May 2004). We stayed three nights. We triple room. It good value, especially families want stay central London. Yes room bath somewhat small, sufficient. The remodelled recently pleasant interesting decor, starting show little wear again. So, look quite nice web site may appear. But rooms definitely clean generally good shape. Also, noted elsewhere TV reception particularly good.The breakfast good. There choice cereals, fruit, juice, etc. followed choice eggs, bacon, sausage, toast, etc. The dining room pleasent large windows looking onto street. The service consistantly good friendly. We never felt rushed anything.If arriving departing Heathrow, I strongly recommend instead wasting money &quot;Heathrow Express&quot; take Picadilly line airport way Russell Square. In end, take amount time (one hour) cost much less. A one day travel card covers six zones (will get airport hotel) six pounds peak (non-rush hours). And kids one pound.Besides handy food stores inexpensive restaraunts laundrette right arount corner.I sorry read review person robbed, front door locked time. You given key buzz in. The neighborhood pretty good. There actually several hotels clustered together street. So, generally appear safe.",0.24557870370370372,0.5254431216931218,Jun 13 2006
61,61,"Worth considering I stayed one night (a Friday) matched expectations. I payed Â£85 bed breadfast. The room rather small, television small TV reception rather poor. It third floor lift quite steep stairs, many people would find really off-putting, I would advise anyone check booking. It clean enough. Staff friendly. The breakfast excellent. The location good. It's handy Euston, Kings Cross St Pancras Stations. It's within easy distance The British Museum West End. The nearby student accomodation could put people off, bit noisy late on. On hand, would make excellent centre visiting range wonderful pubs immediate area. And one best remainedered/second hand bookshops I know around corner. So - lot offer, reasonable price, slight drawbacks.",0.2576388888888889,0.5114583333333332,May 22 2006
62,62,"It's Okay I 10-night stay earlier month. My room 2nd floor (3rd floor Americans) faced front building average - double bed, desk/dresser stool, one wardrobe, 2 chairs, separate bathroom decently sized.Good stuff1. Breakfast generous choice full English cereals, fruits, croissants.2. Within shouting distance British Library nice easy walk British Museum West End3. Tesco Express road across Russell Square Tube Station4. Towels sheets changed dailyNot So Good Stuff1. There screens window bedroom bathroom bugs get in2. There drawers room either store underwear suitcase stick shelf desk/dresser. The desk/dresser door behind one shelf divides under-the-desk space 2; portable fan stored bottom shelf leaving top shelf place put things.3. The latch windows work want keep cold air out, windows fall open top.4. There student dormitory diagonally across road students get loud pubs close 11.5. Insufficient number hangars wardrobe. I ask - lots since I drawers store clothes. Note, wardrobes shelves built solves storage problems.6. TV limited 5 terrestrial channels only, cable; TV 13 inch deal. I watch television would nice wider choice channels night morning.I know redecorated could use spruce-up; looking bit dingy tired.",0.11631089217296112,0.4855774493705528,May 14 2006
63,63,"Good budget choice London My family four stayed Harlingford Hotel four nights end three-week holiday Scotland England. Our children 12 9. We chose result reviews site pleased overall hotel. The price reasonable (for London!), breakfast hearty good, location good - quick three five block walk nice neighbourhood choice three different tube stations. We family room top floor although knew elevator hotel, difficult expected haul bags stairs got narrower narrower, higher climbed. The room laughably small, bathroom even smaller shower stall smallest I ever used...but used sleep tired end day sightseeing shows, etc. fell bed night...But clean freshly painted staff nice. All all, would stay again.",0.272,0.619,May 12 2006
64,64,"Our Room Robbed Here On last night Harlingford (October 2005), room robbed. (There safes available, windows room lock.) After discovered room robbed, owner nice assured us insurance policy would cover losses. We made required report London Metropolitan Police (they slow show up.) Upon check-out next morning, owner available desk clerk told us pay full room charges. It six months despite repeated e-mails phone calls Harlingford, received response owner. We received e-mail hotel's insurance company saying policy cover losses guests' property. The desk clerks e-mail respond e-mails tell us pass message owner. Stay risk.",0.1925,0.4920833333333333,May 9 2006
65,65,"Great Value My wife, 2 kids stayed top floor room 4. While cramped bathroom small shower VERY small, location price made great value. The space big issue day evening. The breakfast included filling. The staff friendly helpful. There air conditioning, room get warm. There also noise problem trouble sleeping.",0.32659090909090915,0.4954545454545455,Apr 7 2006
66,66,"Simply Perfect second time harlingford staff sweeter, specially since traveling companion complainey type.people want big american go florida...if want explore europe stay cute little hotels like harlingford. central, clean, charming fabulous breakfast (just bit early person vacation, least gets early).really lovely. enough said.",0.23642063492063492,0.5520952380952381,Dec 14 2005
67,67,"Great place stay My husband I stayed Harlingford 4 nights early November. This first time London, met expectations. The staff warm, friendly accomodating. (They often &quot;google&quot; searches answers questions things special events weather..) The breakfast fantastic, filling need lunch. You choose full English continental, fill special requests porridge, etc. The found quaint charming. Our room, number 328, nicely furnished double bed complete beautiful hanging scarves, fireplace (not operational), desk, tv, nightstand armoire. The bathroom small, miniscule spotlessly clean. It included hairdryer. The linen changed daily bed made, towels replaced, room tidied. The secure 3 minute walk Russell square tube. The streets level good rolling around wheeled suitcase! As previous reviews area seedy, thought Bloomsbury great. The Picadilly line convenient comes straight airport transfers,and bargain price. The area highly populated students, prices surrounding restaurants reflect that. We ate several times pub street named Goose, found food hearty best all, cheap. There also good Indian Chinese one block down. One best &quot;chippies&quot; London street, fantastic prices. Several times trip would find ritzier areas city waited back neighborhood avail cheap prices dinner. There 24 hour supermarket right outside Russell tube stop fill every need. We highly recommend found staff excellent, location extremely convenient.We would gladly stay again.ps: Get unlimited card tube Heathrow information desks outside subway gates. They save hassle paying every ride, find wandering places might expect free!And Tower London worth 14.50 sterling...go plan several hours.",0.2828092243186583,0.4821009284216831,Nov 12 2005
68,68,"Mixed bag We stayed family four quad room 5 nights September 2005. Our initial shock entering small room exceeded opened bathroom door. With two teenagers going work! We approached manager see could help solve dilemma, credit, helped provide reasonable alternative us. The rooms little tired clean, plus two star hotels London.The staff accomodating helpful, although request good local dinner spot really work. Agree reveiwers breakfast great value, nightly price good. Don't think I would choose stay Bloomsbury again, moderately seedy end, even though Russell Tube station close convenient.",0.12861111111111112,0.4996666666666668,Oct 21 2005
69,69,"I really know I really know say hotel. I booked 3 nights myself, husband four year old daughter, based upon great reviews got website nice pictures website. oh, pictures deceiving...We got small, depressing triple room literally cardboard door smallest bathroom I ever seen. But okay, unpacked went dinner. When came back night daughter fell asleep immediately, unable sleep. The wall rooms paper thin could hear everything. It cold, noisy depressing, half past twelwe night gave up, called Royal Horseguards Hotel got Executive River View room rate (110 GBP) triple room Harlingford. The RHG saved holiday! The good thing Harlingford staff, really helpful friendly problem us leaving time. Plus nice cosy living room ground floor, sit read tea.I guess get pay 110 GBP triple room expensive London, pays shop around even though inconvenient bit hard daughter move hotel, glad did.",0.0048666666666666745,0.5841333333333333,Oct 3 2005
70,70,"Nice little place stay We stayed 3 nights great location. Close Underground (subway), made travelling quite easy. Breakfast included quite filling. The people working nice hospitable. I would recommend anyone. We comfortable sized room 3 people. The bathroom shower somewhat small least shower. We top floor building elevators bother us. The photo backyard shows fountain goldfish. We didnt venture concern us either. We came visit sites. Since room back really pretty quiet. Overall, money well spent.",0.1867222222222222,0.5327777777777778,Apr 22 2005
71,71,"A good value- satisfied! We London Spring Break, March 2005. We stayed Harlingford Hotel. The located Bloomsbury area, quiet residential neighborhood great access Underground (Russell Square station), close proximity British Museum restaurants. If looking save money, yet enjoy pleasant stay, good hotel. I first learned Conde Naste magazine, ... I decide stay I read many good reviews received Trip Advisor. Harlingford typical English hotel, similar would find outside London. The rooms renovated, however, small. Ask upper floor room. We back hotel- view greatest, quiet. Be aware air conditioning (typical many hotels) summer, could problem. The staff friendly attentive. I made reservations online staff excellent email communication / confirmations. The full English breakfast fabulous! The dining room roomy, bright big windows facing park across street. While older building, floors creak, doors slam, part quiet. There little grocery shops nearby lots good restaurants pubs choose (cheaper London downtown prices). Overall pleased stay. I reluctant arrived comes budget hotels I firm believer &quot;you get pay for.&quot; This case. We would payed significantly chain hotel, plus dog pile 18% VAT cost breakfast. I would stay Harlingford again, would recommend others. Good luck enjoy London!",0.32248062015503876,0.4879844961240311,Mar 28 2005
72,72,small basic rooms We got Twin room. Room fits two beds 3mÂ² free space. Small basic rooms. The (shower) bathroom quite nice.Good location. Regualar value money 95Â£.,-0.019999999999999997,0.37,Mar 28 2005
73,73,"I would return minute Our family four got back 6 night stay great. The room big expected overseas unless pay great deal more. The staff extemely helpful desk dining room. The breakfasts tasty well presented. I wished internet connection maybe better disconneted awhile well. The place clean. I talked owner nice man. Honest, sincere staff morale reflects leadership. The location great. Only 2.5 blocks Russell Square tube 3 blocks Kings Cross train station. Also good selection restaurants pubs area. You can't miss pick Harlingford.",0.4150980392156863,0.556470588235294,Mar 24 2005
74,74,"Good value money Stayed family room (2 twins double bed). Good location - 7 ninutes Russell Square Euston tube stations. Room surprisingly roomy, although bathroom small. Good breakfast - good value money 110 pounds. Would definitely stay again.",0.40625,0.47500000000000003,Mar 17 2005
75,75,"Always pleasant stay I always stay I London business (which often) certainly favourite stay at. The staff unfailingly helpful polite, breakfast good, rooms clean pleasant.Some rooms certainly nicer others, though - ground floor probably best.However, I never stayed girlfriend, can't comment may like romantic break...",0.37142857142857144,0.6515873015873016,Feb 18 2005
76,76,"would return Perhaps nicest half-dozen hotels Cartwright Gardens crescent. Remodeled relatively recently, attractive public rooms, outstanding breakfast. The rooms tiny, even London standards, mine clean well-appointed (a bit like Toyko apartment, everything miniature). The bathroom fine. And one normally spend lot time one's room London. Great location British Library, University London, British Museum. Russell Square tube stop ten-minute walk. However, apart couple decent Indian restaurants good overpriced North Sea Fish, there's much choose immediate vicinity, staff, pleasant, particularly knowledgeable. I late March. It unseasonably cold, profusion flowers tables, planters windows, garden, cheering.",0.20882352941176466,0.5534313725490196,Dec 18 2004
77,77,"Great little place stay After digging countless London reviews wanting avoid overpaying lousy accommodations (some first choices among 4 star hotels received terrible reviews) I settled Harlingford Bloomsbury. I'm sure I found specific among possibilities, I name matched favorable review Washington Post, I made reservation.So, Harlingford convenient Russell Square British Museum. It's fairly quite street, let hideously ugly concrete apartment block pass street scare off. The rooms small (typical many facilities crafted Georgian row houses) quite nice stylish. The bathroom also rather small functional. It also boasted new tile, fixtures, etc. Think W Hotel meets Fawlty Towers. The staff friendly pleasant. Plus, traditional English breakfast included price.Overall, great deal, especially willing try something cookie cutter hotels motels Americans used States.",0.08983789507983055,0.5679781687846204,Oct 20 2004
78,78,I loved I stayed Harlingford 5 nights mid September. Although room small great. We view park bathroom immaculate. It obviously refurbished. Look cheapish good location I thought great. The staff enough help. The room always cleaned immaculately front desk staff lovely.I loved location noisy good line Tube. It's shortish walk museum close touristy open-topped buses close too.The breakfasts great tonnes eat. We ate much need lunch always snuck fruit well keep bags day.I would stay heart beat I think good value money.,0.41785714285714287,0.5535714285714287,Oct 13 2004
79,79,"OK price We spent four days HH. I concur views reviewers points. The location great want Bloomsbury near Soho. Access tube adequate, well express bus Heathrow, five minute walk away. The staff friendly accomodating. At first given basement room overlooked stack black plastic bags days garbage. We asked switch rooms. Since full, lot manipulation occur given chance move larger room second floor next day. This generally big improvement, since basement room, quite depressing. The room second floor high high ceiling floor ceiling window overlooked Crescent. It much nicer.My real beef level housekeeping hotel, something changed little management attention. In first room, shower kept overflowing banks pan. When I investigated, appeared drain clogged year's worth hair soap scum. I removed surface block ( quite unpleasant task) reported problem management. If steady maintenance program little Liquid Plumber, occurred. Also, I noticed rooms, walls, hallways, coffee pot, etc. somewhat grimy. Although decor modern trendy, looks well maintained. A little repainting greater attention hygiene would go long way keeping look fresh. Nothing worse modern design statement gets shabby.",0.10502192982456145,0.4378508771929825,Jul 18 2004
80,80,"Pleasant enough We stayed 2 nights Harlingford, found positives negatives staying here. Upon arrival (at 9 am) staff kind enough let us store luggage breakfast room check time 1. At 1, room ready, however twin I requested double. I'd booked online showed booking said twin, mine said double. The manager friendly switched room immediately, I think lucky room available switch, seemed pretty full. The original twin room basement level, dark, teeny-tiny, looked onto wall smelled like ashtray. We would stayed, review might good. The double room fourth floor, (it actually triple) much larger, brighter, open window looking onto street below. It stylish room, clean I prefer. There fan nice breeze 4th floor vantange point airconditioning, I would wary hotter months. Bathroom average, could cleaner I think got one remodeled ones.There elevator, lots luggage/small children/etc request room accordingly. Though room fourth floor, walked 6 flight get there. I know worked, definite workout w/the luggage.Breakfast highlight hotel, included price breakfast room lovely. The food excellent, husband I try hot English breakfast couple table next us looked yummy. Between us toast, jams, cereal, croissants, cheese, fresh juice fruit. Everything fantastic. The blocks Russel Square tube stop, busy, cute streets. Other British Museum British library, short walk away, major sights require ride underground. There many little restaurants nearby, affordable, lots shops, lots college aids kids (i think there's university nearby) huge amt tourists, enough. Were great staff wonderful breakfast, would totally average, bad room might spiral average. Since rooms created equal here, asking exactly want (remodeled bathroom, floor, view, size etc) might smartest thing.",0.16463477366255144,0.4987139917695473,Jun 22 2004
81,81,"Wonderful Stay We returned weeklong stay Harlingford completely satisfied hotel, met exceeded expectations virtually every way.After arriving morning checkout time, happy let us stow bags dining area, open free English breakfast 7:30 a.m. 9 a.m. We arrived back precisely 1 p.m. checkin time room ready go.The room exactly expected, small smallish beds tiny bathroom tiny shower (guests weight issues might find exceedingly tight shower problem). However, updated perfectly clean, dependable maid service. The room HAS: built-in hairdryer, telephone (25 pence per local toll-free call), shaver socket bathroom, desk chairs, small fan, closet. The room DOES NOT have: high-speed Internet port (two Internet shops within block, however), air conditioning (use window/fan), bathtub, alarm clock.SERVICE: Service always friendly, although we're fairly well-prepared travelers really needed wakeup calls (which reliable). SETTING: The immediate neighborhood nice mixture. It's mostly residential quiet, yet plenty pubs restaurants (including renowned North Sea Fish Restaurant excellent fish n' chips) nearby. TRANSPORTATION: Three tube stops, nearly equidistant (less 10-minute walk), connect every line London (the stops Russell Square, Euston Kings Cross, Euston Square little away). Coming Heathrow, either take tube directly Russell Square take faster Heathrow Express train Paddington Station connect tube come either Euston Kings Cross. From Gatwick, either take Thameslink train directly Kings Cross get London Bridge take tube Kings Cross; take Gatwick Express Victoria Station connect tube Russell Square.BREAKFAST: The breakfast gives even greater value. In addition breakfast far cereals, rolls, croissants, jams, juices fruits, get full English breakfast consisting fried egg, Canadian bacon, sausage, fried toast tomato. Coffee tea also available. Note: If leaving 7:30 a.m., cereal/fruit bar open beforehand (at 7 a.m., perhaps earlier)SECURITY: The area seems quiet safe walk night. You get two keys upon checkin -- one room front door. The desk open 7 a.m. 11 p.m.SIGHTSEEING: If book tour Golden Tours, recommend, they'll pick Hotel Russell next door Russell Street tube station. There's whole lot see within walking distance except British Library (near Kings Cross) British Museum (near Russell Square). Yet, neighborhood easy transport access make Harlingford great base.BOOKING/CHECKOUT: Booking breeze Internet management receptive requests questions ahead time, saving cost international calls. I got downstairs checkout 7 a.m. bill settled two minutes, helped trying catch 7:24 a.m. train Gatwick (we did, even little cereal making short walk).We wholeheartedly recommend Harlingford!",0.14966269841269844,0.4254563492063491,Jun 5 2004
82,82,"Lovely! Formerly ambassador's residence, charming located quiet neighborhood. It conveniently located three blocks Kings Cross public transportation hub two blocks Euston Underground stop. The rooms tastefully hip comfortable, although bathrooms small (the shower approximately 24&quot; x 30&quot;). Rooms feature color television phone. Hair dryers, soap shampoo provided. An iron ironing board available first floor. No laundry facilities. A full breakfast served morning lovely dining room inviting fireplace across hall parlor. There several pubs restaurants within walking distance British Museum London University nearby. Our room, No. 25, located corner, smaller rooms. This people difficulty climbing stairs elevators. Overall, good value. We'd stay again.",0.1880952380952381,0.46206349206349207,Apr 14 2004
83,83,"Great Stay My wife I recently returned trip London, made better stay Harlingford. When arrived, greeted friendly staff. We pleased find room ready us arrived 9:00am. The room well maintained comfortable. The bedroom decorated modern attractive style. I happy see bathroom spacious London standards. The English breakfast highlight trip. The eating area clean bright, food excellent. Of many times London, far best breakfast buffet to. I also appreciative help understanding Harlingford provided us. We emergency back States required us make several overseas phone calls. The staff owners understanding reduced phone bill significantly light that. The negative thing I could say, staff native Londoners, rather foreign students. Thus, able answer questions / give recomendations London, happy look us. In all, stay excellent. We highly recommend friends. We look forward coming back staying The Harlingford.",0.3993279569892472,0.6012903225806452,Apr 12 2004
84,84,"Great families We spent three days Harlingford mid-March. The second floor quad room perfect two adult two kids. Shower small, newly renovated clean. For acadmeic interests British Museum University London, terrific location. Outside noise minimal. The breakfast excellently prepared offerred options many London hotels we've visited. Desk staff especially helpful left luggage directions. Definitely best small B&amp;B we've found Bloomsbury area.",0.2232395382395382,0.4828354978354978,Apr 7 2004
85,85,"Small pleasant We found Harlingford small, pleasant hotel. The public rooms (lounge breakfast room) attractively decorated, fire lounge hearth arrived (it cold March). Our double bedroom (on upper floor) small, large window comfortable chair squeezed in. The mattress firm. The bath tiny, small stall shower. I think many people would find small maneuver in. We could hear sounds clearly room next door, people walked room us. The staff friendly full English breakfast well-prepared. The location conveniently close Kings Cross Euston tube &amp; train stations, short walk Russell Square station. The neighborhood full small Indian restaurants. The rates comparable small hotel/B&amp;Bs Bloomsbury.",0.059688013136289,0.4285139573070609,Apr 2 2004
86,86,"Best breakfast I;ve London We stayed 4 yrs ago, 2 us one room room small bathroom small staff nice fully cooked breakfast wonderful. I crazy location. I like near Earls Ct South Kensington 8 tube stops out. There also lower priced hotels areas. But want near British Museum Russell SQ--then place.",0.23454545454545456,0.5268181818181819,Mar 23 2004
87,87,"LOVED !!! harlingford even better last waldof stay Awesome beautiful place. I loved room bathroom tub. staff extremely friendly helpful, helping entertain 16 month son. The living room warm cozy. Definitely stay again.",0.4244949494949494,0.6186868686868686,Mar 18 2004
88,88,"OK wonderful. We stayed Harlingford Hotel 2 nights beginning February. We chose came highly recommended many travel books, well several users tripasdvisor. The advertising false deceitful, warned. It true breakfast room drawing room lovely, warm inviting rooms. The outside pleasing well. However, rooms, least small although &quot;modern&quot;, cheaply decorated. The thermal blankets even remotely new came shocking random colors. The bathroom extraordinarily tiny, although tiled. Better sure Paddington cubicles, still small. I big person I could turn around shower. The biggest problem, however maid service. We gone sightseeing sister stayed room. The cleaning woman refused clean room sister it, fight ensued two. Eventually woman partially cleaned room making bed, etc. The breakfast good, although service prompt attentive. Laterooms.com special 110 GBP rate quad turned regular rate. The rates stay throughout year, bad summer room. The location nice, within walking distance three tubes. British Library (highly recommended) right street.",0.09943786605551311,0.5371813807107924,Feb 15 2004
89,89,Weak best My sister I stayed Harlingford long chick weekend back November found weak best. The rooms microscopic desk help helpful. A good breakfast can't overcome fact staff poorly trained crabby. We returning.,0.1875,0.43125,Jan 26 2004
90,90,"Harlingford - A home home The Harlingford Hotel definitely favourite London. It family atmosphere, extremely helpful staff willing go way help enjoy holiday find way around.I love walking round private gardens enjoying peaceful feeling right centre town. The cost remarkably low, particularly location fabulous new design favourite part yummy breakfast.",0.18424963924963925,0.5432395382395382,Jan 15 2004
91,91,"Not What It's Cracked Up Be After reading many positive reviews Harlingford, wife I looking forward nice stay. We unfortunately disappointed. The room put ridiculously small, even London standards, bathroom cold, damp dirty. While assured rooms renovated, apparently considers bathroom separate room itself, bathrooms renovated (the admit fact upon pressed). When found bed bathroom linen changed first 5 nights stay, brought concerns staff.Again based reviews, expected friendly staff. While room changed last night one night's rate discounted, believe much nicer second room room rates same. It seems staff apparently expects guests arrive bargain best room available. This conclusion I come asked advance placed fully renovated room lower floor yet receiving poor quality room received initially.The disappointing aspect staff. Upon initial check in, faced disengaged 20 year old know first thing London (she Scandinavia), hotel, immediate neighborhood (couldn't even suggest restaurant block jet lagged new arrivals). As brought room troubles staff, confrontational. In short, staff aggressive, I probably would written review. But I felt compelled speak considering negatively treated complained first room.Aside particular experience, bottom line much better Harlingford. While 95 pounds high London standards, weak dollar makes large sum American travelers. You would better spending money better location - Bloomsbury way London visitors. The breakfast good (if repetitive).",0.06138214959643531,0.441641810570382,Jan 10 2004
92,92,"Great Place! Although I London many times before, I never stayed longer two three days. On trip (which American Thanksgiving week), I scheduled stay six nights father. As father older, I knew might spending evenings I wanted charming pleasant well reasonable price.As everyone knows, London prices incredibly high I really lot research reasonably priced hotels. The Harlingford fit bill.It Bloomsbury quiet residential street easy access neighborhood stores, pubs, restaurants. It within five minute walk Russell Square tube (easily accessible Heathrow Piccidilly Line) well Euston King's Cross.My father thrilled two Indian restaurants within block (out six nights, ate Indian food five times!); night Fish Chips highly recommended fish restaurant street.The pleasantly decorated modern fixtures surprisingly go well Georgian architecture. I asked twin went room, actually given double twin father room. The ensuite bathroom modern, clean full bathtub thrilled end. The breakfast (included price) enjoyable breakfast room bright cheery. I would stay heartbeat!",0.37258680555555557,0.5266319444444445,Dec 15 2003
93,93,"Great Location Harlingford located area restaurants, shops, grocers, post office, pubs, tube stations. We stayed four night room 11 Nov '03. The room small US standards average europe, bathroom large. It clean ground floor street acess easy. The rate 90 GBP included breakfast help great staff!",0.37918367346938775,0.6626530612244899,Dec 3 2003
94,94,"Wonderful Vacation!!! We came Harlingford week September wonderful time lives! The quaint rooms small I expected (from reading London rooms). We quad room one bed folded &amp; rolled closet plenty space walk around &amp; lounge. The staff absolutely delightful eager accommodate special needs (such early check in). The night clerk brought hot tea parlor I jet lag could sleep. All staff members quick recommend best things do, places go, etc. I know much London went, visiting in-love city. There many areas London, great visit day evening wore full day activity feet ached walking far happy &quot;going home&quot; Harlingford. Unlike many busier areas, neighborhood quiet sweet. Although quiet, let fool plenty within walking distance. There wonderful restaurants small grocery markets around. Infact, according London magazine I read there, best fish &amp; chips city 1 block hotel, wonderful! The British Museum (the spectacular collection cf historical artifacts ever) within walking distance. Be prepared exercise though- walk every exhibit museum walk 2 1/2 miles. For younger travelers, adults I'm sure, bolcks away KingsCross station visit platform 9 3/4 (made famous Harry Potter). We preferred travel via tube Russel Square station, small station line meets nearly major lines within stops. I can't say enough good things London &amp; hotel. We back next year 1 week definately enough.",0.31722673160173154,0.5361814574314574,Nov 5 2003
95,95,Stayed Harlingford completely delighted,0.7,0.7,Sep 22 2003
96,96,Thank You Thank You!!,0.0,0.0,Aug 1 2003
97,97,Now nice,0.6,1.0,Jul 10 2003
98,98,Harlingford Hotel,0.0,0.0,Jun 2 2003
99,99,Watch singles,0.0,0.0,May 20 2003
100,100,Pleasant Stay,0.7333333333333333,0.9666666666666667,Mar 28 2003
101,101,The year,0.0,0.0,Feb 13 2003
102,102,My home away home,0.0,0.0,Aug 8 2002
103,103,On balance good hotel.,0.7,0.6000000000000001,Aug 7 2002
104,104,A Great Budget Hotel,0.8,0.75,Feb 1 2002
105,105,????????????,0.0,0.0,Oct 11 2009
106,106,Colazione straordinaria!! Prezzo un pÃ² alto per londra accettabile,0.0,0.0,Sep 25 2009
107,107,ottimo albergo meravigliosa colazione inclusa!!,0.0,0.0,Apr 4 2009
108,108,???????,0.0,0.0,Mar 30 2009
109,109,Proprio come immaginavo...,0.0,0.0,Jan 1 2008
