,Unnamed: 0,Reviews,polarity,subject,Dates_extracted
0,0,"Bed bugs On arrival thought looked slightly worn, clean banisters newly painted, refurbishment obvioulsy progress. However, first five minutes discovered one bedbug crawling around shower, empty molts pillows. We left precisely one minute later.",0.11079545454545456,0.36931818181818177,Nov 13 2009
1,1,I happy stay. I stayed Airways Oct 8th Oct 17th 2009 happy I found. I requested twin bed given double bed. The first night I problems shower joint talking someone within 30 minutes somebody fixing leaking. The room cleaned every day staff made sure everything ok. They even laundry small fee paid postage postcard.,0.35555555555555557,0.5513888888888889,Nov 6 2009
2,2,"bed bugs confirmed -- wish visited site never written review site felt obligated experience. last minute prior accomodations fell thru found single room didnt toilet bed shower didnt look work. okay showing midnight leaving morning visit friends place. however, woke bites. dealt bed bugs past, realized serious situation be. people beware, NOT want bring back home. cheap room worth risk...",0.02937728937728939,0.3698168498168498,Oct 15 2009
3,3,Terrible Dirty.Not FriendlyTerrible breakfastBed BAD!!!Shower brokenStaf speak English.Bedbugs.Half eaten piece cake bed.NEVER AGAIN!!!!!!!,-1.0,1.0,Oct 10 2009
4,4,I wish I read reviews first!!! My partner I also attacked bed bugs however realise returned home trip! We worried last 2 weeks may brought home us! Would definately pay extra money stay somewhere much nicer next time. The good thing let us store bags hall (although safe) whilst waited afternoon train. I would recommend anyone!,0.15874586838942306,0.33557692307692305,Sep 25 2009
5,5,BaD AS EXPECTED room bad clean breakfast joke one piece toast lucky ask cups plates knifes toast tables plastic chairs glasses babies room move get near get cereal coffee ran asians lady doin breakfast also claening whilst men reception,-0.20833333333333326,0.6111111111111112,Sep 2 2009
6,6,"I really get people expect London money With exception poor guy bed bugs (ouch!), I really get reviewers site expect Â£45 central London. For price I quiet room en suite (great shower decent toiletries) breakfast. My wife I great night Pimlico followed really good nights sleep, could I ask for. Everything worked well including flat screen telly tea coffee making facilities. Of course budget Travelodges cost twice much unless book months advance I booked Â£45 day. So I say rest put things perspective want top notch London pay 10 times much free moan much want.",0.28480392156862755,0.4338235294117647,Aug 31 2009
7,7,"BED BUGS - need I say Dingy, small lower ground room 'looked' clean I OK. Until night. Approximately 1 hour sleep I woken scratch many bed bug bites body. I confirm bed bugs I managed kill scurried across sheets.I recommend anyone stay there.",0.14523809523809525,0.4714285714285715,Aug 30 2009
8,8,"Never stay again!!!! Airways Hotel bed bugs! Got bitten over...yuk! They refund nights' stay, refund additional nights stay.",0.0,0.0,Aug 4 2009
9,9,"would stay Booked flights+hotel ebookers. The price two adults ridicilously low I expect much &quot;hotel&quot;. I checked scary reviews second thoughts whole trip. I prepared change another Airways like described I decided check place that.So, (me sister) got London took tube Victoria Station. The quite difficult find first, street (St. George's Drive) kind devided two parts (the name street changed name middle street back St. George's Drive) found place easy walk station back take minutes. So location good.Our room basement. Although ground floor rather difficult find it. After finding room difficulties key card brain work got room. It tidy, small room bed two. We bathroom shower. We took showers daily water hot time. We stayed 5 days sheets changed gone almost day. They also took rubbish changed towels. We tried breakfast first morning stay. After bought breakfast outside. The breakfast basically cereals toast. We finish coffees. The service quite good though noone really seeked help us bags example. There internet access reception charge 1Â£/Â½ hour. I bigger complainments hotel. I'd definitely stay I got price time. Even teenaged sister said would stay - says quite much.",0.0795977011494253,0.43103448275862066,Jun 10 2009
10,10,"Grotesque.Repulsive.Laughable.Run Away! RUN! I'm 42 I travelled world business leisure, including third world countries. I got late Victoria station called ahead time book room. The desk man said I two choices: room toilet one without. I booked room shower. The room room. The desk clerk walked half-level staircase opened small closet door. Inside closet, shoved bed. It small could walk around one person bed. The bed sheets changed. A small sink hanging side, bed! At end bed plastic shower stall. There water running. This grotesque I yet seen anywhere earth. London hotels infamous screwing visitors, people world champions crooked ways. I came back front desk ask another room, said room minutes earlier said several. What clear hoping pay extra cash could magically find something else actual working shower. It late night find another I paid racketeer front desk. He found large bedroom three beds. All three dirty bedsheets. The stench amazing. Overall place disaster. When walk in, pungent stench chemicals, rot dirt. This simply unbelievable shows folks willing screw others, also British authorities either incompetent paid regulate bullies school yard. Stay heck away save hole.",-0.02996715927750411,0.4725369458128079,May 21 2009
11,11,"Good location place crush-but all... The located near Victoria station. walk 10mins Buckingham Palace take tube location.Besides good location poor.The rooms small, renovating quite finish. The door garden could closed, tha carpet yet put corridor. Besides, heating hot water 6 pm. We asked reception guy turn heat, freezing room. BUT luck. Breakfeast poor. Coffe, tee, one slice bread cereals. You need explicitly ask want toast.All all, I recommend",0.14099999999999996,0.5145000000000001,May 20 2009
12,12,"Good low budget holiday friends Service always really good, employees answered questions really helpful. The hallways quite clean painted renovations too. Our room bit small, manageable. It really tidy, bathroom nice although hot water always available shower, bother us much. The stairs steep, I recommend difficulties moving older people, stairs might hard manage.The breakfast rich, different kinds cornflakes toast tea coffee such, fruit would nice, never expected much breakfast, greatly disappointed. The location great, relatively easy walk Victoria Station many sightseeings, Big Ben The London Eye. All all, suited well friends' shopping sightseeing low-budget holiday London.",0.215625,0.5610119047619048,Apr 25 2009
13,13,"THAT bad We came back London. Stayed four nights Airways hotel. We expect much reviews red here. Perhaps reading bad reviews positively surprised. Hotel anything spectacular, ok price, expect anything fancy. We got room fourth floor, attic room, quite small, nice. We traveling light, one backpack, problems get things fourth floor. There elevator though, big suitcases would difficult. Bathroom small, always hot water. Only thing kind annoying small breakfast room, got really crowded sometimes.The location great, near Victoria station. Also lots pubs restaurants near area.",0.03557692307692309,0.5520512820512821,Feb 28 2009
14,14,hell probally better DO NOT STAY HERE!!!!!!2bedroom small could suitcase open two people room bed broken half worn worst sleep ive years heat hot water bathroom small ive bigger portapotty room cleaned days stayed nice coffee /tea room cups drink use hands toilet button missing stick finger hole push inner working flush toilet room shower work clean hot water heat. could talk bout hours wast timewe booked two rooms 6 days walked third day way hell going refund us money left way went street chain paid 20 pound night wow differnce breakfast airways awful never made room first ten people wont get anything seat wait get seat stairs insane easy carry lugae mom fell thru hole floor care told us watch walk retarded looks good outside looks deciving ive staid better hostels place worried going leave hotle sickness bed bugs thing . run run away fast road comfort bit get pay felt like king peashent airways hotel.DONT STAY HERE!!!!!!!,-0.011197916666666675,0.4867187500000001,Feb 26 2009
15,15,"Value money helpfull staff Me husband stayed 5 nights good value money. We nice room basement, newly refurbished convieniences promised flatscreen TV, hairdryer wireless LAN. The room clean arrived cleaned daily basis. We chose location, dissappointed, located short walk Victoria station. When checked out, unfortunately forgot things, send us free charge...What service!! I would highy recommend others looking cheap accomodation central London.Trine Steger, Denmark",0.22163911845730028,0.5922314049586777,Feb 17 2009
16,16,"avoid Avoid cost. Dirty, smelly, disgusting bed. Never",-0.8,0.9,Feb 16 2009
17,17,"The worst I've ever stayed (even worse Ethiopian Hotels) The hall, stairs, rooms dirty. They gave us double room higher floor, attic room !! I can't stand straight without hitting head de cellar. It creepy cheap, near 60Euros night !!It's 10 minutes walking Victoria Station. It creepy !!! The room 3x3 meters, stair get narrow.",-0.24633522727272725,0.6363636363636365,Feb 10 2009
18,18,Avoid costs avoid costs I styed 6-12-08 one night enough Dirty english breakfast cornflakes stale toast roon smelt coat got covered powder walls worst ever stayed AVOID AT ALL COSTS,-0.35000000000000003,0.6333333333333333,Dec 8 2008
19,19,"Disabled - A bad leg We booked 2 nights, cheap good locaition sightseeing.We got hour early asked leave bags room leave order clean room.I visually impaired myalgic encephalopathy (ME).After puting bags room counted stairs back reception, 60 steps knew manage 3 days.We asked reception lower room thankfully gave us one ground floor.Before entered toom disgusted see hallway including enterence room fire exit almost sompletely blooked luggage, climb luggage get room!Once room noticed bin full ther half eaten kfc left table along dirty mugs. On bed dirty towels folded us use.We went reception ask someone could come change bin told gather rubbish put outside door.While getting ready go evening two different times member staff used key let room without knocking.My boyfriend shower time bathroom door shut fully, may got bargined for!!!That evening went reception leave key requested everytime leaving hotel. show go going quickly mention problems far. We waited 10 minutes deciding go key toe.The next day went breakfast horrified breakfast room.It dirty small amount people set for. If emergency everyone would trampled rush get out.We decided enough enough went see manager. We pointed issues said done us favour changing room bad leg.I quickly pointed fact bad leg medical condition called ME also partially sighted, obvious holding cane.I shooked manager replied 'it's problem'.If going away relax nice time, suggest go cause stress anger.For pricey, maxium i'd pay night would Â£30 more!",-0.05405092592592591,0.5296296296296297,Sep 19 2008
20,20,"There better hotels We stayed two separate one night stays August 2008. We booked Hanover Hotel, seems act overflow Hanover, ended up.The rooms recently renovated good quality fittings, work seems done amateurs, finish good. The beds comfortable, everything works. The foyer corridors run appearance, movement floors via narrow staircases.For first stay, allocated room first floor, acceptable standard. For second stay room lower ground floor (below street level) next breakfast room. This room seem properly cleaned â dirty towel bathroom floor, shower screen dirty. Being next breakfast room, sleep possible breakfast preparation service started.For breakfast serve generic cereals, unlabelled easily identifiable juices, tea coffee vacuum flasks. A silent unsmiling waitress dump plate toast table. Butter jams sachets available.Check 10:30 chose go walk checking out. We returned room find prepared next guests. We expressed disapproval, stop staff finishing work, stood around room waiting leave. Weâre sure room redone checked out, weâd suspect not.In summary, acceptable stay get clean refurbished room basement. And location good using Victoria train bus stations. But money pay stay here, get much better elsewhere London.",0.05587606837606837,0.38824786324786315,Sep 5 2008
21,21,"Served pupose The Hotel relatively nice part Wesminster, short walk Victoria coach station. When arrived greeted quite politely given key along directions room ( shown room) two quite steep flights stairs middle recarpeting...just reached top tripped piece old carpet fell heavily..i injured certainly hurt, reported received apology loose bit carpet removed stay. The room basic clean glad walking 9 hours along south bank! However, got back desperate shower sleep, hot water! Breakfast lovely served single waitress appeared completely rushed feet...despite remained patient polite guests food lovely (although dining room dingy need redecorating) Overall stay served purpose, however lacking basic luxuries could refurbishments.",0.13006753663003662,0.4877472527472527,Sep 3 2008
22,22,"Makes Fawltey Towers look like paradise We impression booked paid accomodation receive full english breakfast--alas be.When entered dining room appropriate time staff still cleaning tables dust building renovations taking place right next kitchen dining room--they moved dining room alternative venue.All breakfast cerial , strange red liquid toast jam. The red liquid polish orange juice--much weeker normal. To eat toast clean plates still wet. We make tea using tea bag water tea urn--alas water tea urn stone cold.Any approach staff request proper orange juice, hot water--this could supply!!!! , marmalade met puzzled glances indicating understand saying, although heard later carrying conversation English.What could I say rest hotel--the carpets absolutely filthy--they room chair bedroom--the wardrobe door removed one could use it--the toilet seat broken--no toilet brush cleazner provided.We stayed three days booked paid for--it good job good sense humour--we certainly needed it.",0.21239769345238096,0.3860544217687074,Sep 1 2008
23,23,"Run away We spent (we really lost money) 6 nights nasty place.Dirty, unsafe, unhealty, also expect help front desk.We took one breakfast, chose pay somewhere else. It disgusting breakfast room ever seen.",-0.2333333333333333,0.6333333333333333,Aug 3 2008
24,24,"Disgusting servicecleanliness staff helpfulness !! This disgrace. My wife I returned stay lasting two days, two days long !This extremely poor representation english foreign visitors. The rooms ( tried two ) dirty, damaged furniture fittings, live electricity cables hanging walls across floors - health safety nightmare.We obviously complained management informed concerns told could cancelled 48 hours prior stay - good ? unaware problems arrived !!During stay undergoing refurbishment rooms - suggestion would like make CLOSE IT least builders finish refurbishment and, train staff sort dirty laundry whilst attempting serve breakfasts without first washing hands !!!Our message anyone thinking staying DONT - You Have Been Warned ! Photos substantiate horrors available interested people I cannot load onto site moment. I hope add within couple days.Mike",-0.071710266729798,0.4532407407407407,Jul 30 2008
25,25,"13-15Jul08 - Surprisingly good Looking reasonably priced London booked stay airways 3 nights, 12 15 Jul 08. To honest, first I booked internet later I checked reviews written it. I admit reviews I read extremely horryfying extend I thought cancel change another hotel. The price got temptation though decided make fun upcoming situation, let bad read. By title I chose probably already guessed got far better expected. We given room No 105, street-side room, Very nice, felt clean cossy, cute bathroom, small, flatscreen Philips TV, balcony etc. The thing reminded us budget plastic-chair room. I chance look 2-3 rooms floor looked equally nice. The area full hotels BelgraveRoad St. Georges drive long ways. But AirwaysHotel one VERY close Victoria station excellent. Wi-Fi available internet can't bother carrying laptop problem: reception provide guests internetPC 1pound/30' also cheapest I found city. On side, contrast reviews, breakfast fancy described. The room lacked necessary construction works. Other toasted slices jam cereals. But honestly, staying comfortable room immensely important nice breakfast! I usually bother commenting, I felt reviews I read Airways least date. I would definitely stay again.",0.22449074074074074,0.6401388888888888,Jul 16 2008
26,26,"Brilliant value money! I stayed one night booked triple room, although room given four berth. The staff helpful room newly refurbished, clean spacious, even flat screen tv! The bathroom lovely shower good well. Very easy access victoria underground rail station, would definitely reccommend cheap cheerful base sightseeing/business trips london. Breakfast lovely also, plentiful full english included price well!",0.30031960227272736,0.632471590909091,Jul 14 2008
27,27,"Stayed year brilliant super staff room upgraded lo We stayed Hotel again, refurbished, wonderful staff, great time, comfortable room, new shower, balcony see going outside!!!!The staff helpful ( know number every bus &amp; get destination!!) Breakfast great toast, butter, jam, cereal &amp; full english breakfast.Will stay next visit without doubt.",0.4916401515151515,0.617121212121212,Jun 7 2008
28,28,"Would recommend The pictures always looked ok web site room like pictures reception. I top floor attic room small staircase hard carry bags up.Also stairs top floor bad need attention, Walls need plastering painting, wires hanging walls doors way broken selotape across them.The room tiny window (the size postage stamp) broken I could lock it. The cleanliness room adequate.The main problem I went check guy behind desk hardly spoke English could print receipt. He rang owner said I waited half hour would arrive print one me. I said I get work left email address send me. After 3 phone calls finally sent it..I would stay again. There far better hotels around price",-0.04325396825396826,0.475952380952381,Apr 11 2008
29,29,"Cheap cheerfull I stayed Airways one night. The reception staff polite. I given twin room (second floor, room 204), even though I booked single. There lift walking stairs I bit apprehensive looked like bit work place old worn carpet. Had bit problem getting putting credit card key wrong way. The room warm, modernised, cleanish, dust dresser I lifted toilet seat stains last user!! pleasant. The en-suite small used loo I sit slant sink sticking side, flush push finger hole cistern button missing. There ample hot water, shower need bit thought using hot cold control button press allow get hot water?? perhaps safety feature? Clean towel hang it. There nice big new wardrobe 2 spare pillows blankets open doors much hit bottom bed! The bed new comfortable. As noise street fairly quiet, could hear guests going rooms creaky floor boards slamming doors. I get breakfast I feeling hungry. So budget one night OK.",0.08342891676225009,0.5148876432209766,Apr 6 2008
30,30,"Take advice: Stay away! It dirty, filthy toilet room broken. The staff care. Even though lived 4th floor, told us use toilet ground floor. Great pregnant woman climb stairs several times middle night!However, rude receptionist impolite owner made clear cannot expect everything work, book cheap room....in fact told us called 48 hours advance asked everything room worked. The battle get back money, realized toilet going fixed waste time.",-0.047291666666666676,0.34458333333333335,Mar 19 2008
31,31,"Worst Hotel every stayed I booked 4 night stay London. Good price, good write budget good location. Well location perfect disgusting. I stayed budget hotels 3rd world countries 100% better one.On arrival, told renovation work done expeced bit dirt - filth got. The room small swing cat - promised us bigger room following night, turned stay nights first. The problems included, tea coffe room cups, milk sugar. Only one towel, plug socket lamp bed, hooks towels coats ended floor, sink bathroom drain. Hotel dusty bare walls, breakfast room old 'living room' plastic patio tables, coffee, plates butter toast hands, breakfast options, bowls cereal, napkins finally, hair food! We checked immediately got refund last 3 nights.If thinking staying hotel, fooled websites like were. The Easyhotel.com round corner offered budget accomodation bit clean perfect location central London",0.12569444444444444,0.5229166666666666,Mar 8 2008
32,32,"Total Horror! I've camps, 1 star hotels etc, horrible. I've never seen anything like before. Without elevator 7 stairs quite climb room. When I try open door I immediately slammed bed room 2 metres x 1 metre!! I believe size. The bed filled whole 'room' I barely stand room. There big hole ceiling right bed. With old building, know that's matter time cock roaches falling hole. The room offered toilet flush, I use toilet lobby 7 floors down. It horror!",-0.023359788359788358,0.38330687830687826,Mar 1 2008
33,33,"Scary Please stay away hell hole, dirty filthy even beginto describe pathethic excuse like walking intoa third world shack strange people wandering about. Wewould felt safer sleeping street. The tatty wallpaper hanging walls, light work, sockets hanging walls. Needless say hour get ready go found another beat hasty retreat refund butwe valued health safety money. Be warned stay away.",-0.12863636363636366,0.6131818181818182,Jan 1 2008
34,34,"Bedbugs!! Don't stay here! My mother I stayed one night only, - good us, since absolutely horrified! We booked twin room, got room four people, - nice. We fridge, - nice. The window close, room damp wallpaper coming off, - nice. The bathroom, paid extra get, mostly dirty cupboard corner toiletseat loose, - nice. But whatever, thought, London, cheap get pay right?? So happy spent lovely day London nice walk saw Big Ben, Westminister Abbey parliament couple hours even take tube all, since great location. (We're Danish, like walk.) Back hotel, realised, someone wanted us chilly night, since heating turned turn back window still close. Again thought, - get pay for. But morning mother found nasty bug bed could see fat poor old mothers blood inside. EEEW! I know cheap, I know England(I've lived worked another hotel) disgusting. What see pictures website, get. Great location, wrong hotel. Do favour, stay there. I surely won't.",0.08564797271693822,0.673925308408067,Dec 11 2007
35,35,totally disgraceful I foolishly booked overnight stay handy Victoria.Do make mistake. Had I read honest reviews I would made mistake almost ruined subsequent holiday.I'm going go detail except add &quot;hotel&quot; disgrace subject investigation Dept Environmental Health.Any agency promotes doss house also investigated. The photographs earlier review accurate experience.God knows impression gives foreign travellers UK.,0.17348484848484846,0.5742424242424242,Dec 7 2007
36,36,"Proceed utmost caution ! If opt expecting little, disappointed. My wife I stayed 4 nights October, would wish make following observations:-The interior mess, seemingly ongoing renovations taking place. The corridors landings awful, poor carpeting, dilapidated plasterwork fittings.The breakfast room disaster area, desperate need refurbishment. Our room attic area small, said this, refurbished, clean, contained fridge new LCD TV. There curtains speak (one net curtain, covering one half window space). On plus side, breakfast actually OK (pity surroundings), staff friendly us.If low budget, wish stay hotel, I would recommend request refurbished room commit staying. I sure worse places around, warned.",-0.12679924242424245,0.5058389450056117,Oct 22 2007
37,37,"You get pay Hotel top line, convinient location.Stuff very, nice polite. F.Dzinic, Florida,USA",0.49333333333333335,0.6,Oct 20 2007
38,38,"Airways Hotel London - Hotels.com - Terrible!!! Stay away!!! I'm writer seldom I use valuable time make claim anything happens trip, family's experience &quot;Hotels.com&quot; &quot;Airways Hotel&quot;, Hotels.com advertised &quot;Endulge Yourself&quot;, supposed stay London, outrageous I speak up...I really know start... It said &quot;one image worth thousand words&quot;, perhaps occasion, would best way express short disappointing experience.Aftar long 9 half hour flight Miami London, tired wanted arrive &quot;Airways Hotel&quot;, already reviewed, chosen paid &quot;Hotels.com&quot;.We arrived midday, wait two hours small untidy lobby room prepared. The photos took explain found climbing five floors bags (no elevator course).Fifteen minutes later checking moving real hotel. However, charged forced pay Hotels.com stay.Very well located cute outside, extremely dirty, messy, broken up, sticky stinky inside. Don't make mistake made, &quot;Airways Hotel&quot; London truly terrible, &quot;Hotels.com&quot; care know listen clients order protect kinds frauds.Once again, &quot;one image worth thousand words&quot;, take look photographs took &quot;our room&quot;, really speak themselves...",-0.13152777777777777,0.4363194444444444,Oct 18 2007
39,39,"Avoid like plague! Just back one night stay Airways Hotel. In opinion, one night many. They're 'refurbishments' - I know! There 8 us staying 3 bedrooms collectively opinion complete dump! There gaps walls exposing exterior, carpet manky, paint wallpaper chipping walls, dirty towels actually stapled banister! Each room manky. One room towel window curtain! There signs indicate fire exit located. The showers flithy. I honestly say, nothing positive place! I suppose known something dodge it, especially pay rooms trapsed 80+ stairs rooms attic! I'm glad there, I'm cringing thoughts place... avoid place costs!",0.18434343434343436,0.5828282828282829,Oct 11 2007
40,40,"Dodgy Renovation Progress; Yes Cheap still expected more!! I chose location, awesome, close Victoria Station (Bus &amp; Rail) numerous grocery stores &amp; Pubs area...... We're used roughing it.... But...They seem undergoing sort renovation. There paint peeling crooked paintings covering holes walls. Luckily top floor renovated (although dragged suitcases wrong staircase first almost broke necks 2 foot wide steps top)Our room renovated, quite badly, toilet already broken towel rails lights work. The no-smoking policy seem apply building either!We turned breakfast expecting decent meal, sorely dissapointed, got one 2-inch sausage, one egg, eye piece rasher bacon tablesoon baked beans plus two pieces toast (which pre-cooked, already sitting tables earlier breakfast better). The breakfast ladies appear understand english either. Don't even bother dishwater coffee - go tea!! The receptionists overly helpful, also seemed understand us. Not sure I like taking key leave either (although seem standard practice hotels).It's sad, could great bit finishing off, friendlier staff better breakfast.",0.12876602564102566,0.5322649572649574,Oct 8 2007
41,41,things stolen booked cheap good location arrived faced staff could undrestand us absolutely filthy hotel. room first floor stunk make matters worse door lock properly found last day. three towels stolen plus pair shorts shirt pair shoes kind sticky liquid spilt onto them. complained told fault towels white like hotels clothes must wrapped them.,0.045,0.54,Sep 28 2007
42,42,"Dump! The location attracted us although realised particularly expensive, expect basic cleanliness. From outisde building looks fine, however enter reception area alarm bells start ring. They ring louder climb stair notice large area's plaster missing walls subsequent dust carpet lying unhoovered days positively deafen arrive room door enter! I've intention polite here, room basically dirty. The window jammed open cup, drawer fronts missing, full size fridge located middle room woolen blanket came complete cigarette burn. The toilet like portaloo crammed corner quite clear visible area's carpet hoovered area's thick dust hair!! We disgusted basically communicte reception staff stay felt lt would futile, returned sleep thought eating breakfast quelled appetite! Great location doubt premises well run owners seem happy take customers money without providing basic comfort cleanliness. There seem hotels area similar price range better quality.Mr &amp; Mrs Mackay, Scotland",0.03566518358185025,0.46971701138367805,Sep 22 2007
43,43,"called AirPORT that's chose stay This teach value Tripadvisor reviews. The terrible. A mess, probably health hazard. One look 3rd floor (no lift) room decided get train Gatwick sleep there. However, clerk, friendly first, became rude I told would stay, especially I asked reverse charge credit card. It I told I work card industry voided charge. Unfortunately, minutes I left hotel, used number key transaction back in. As today colleagues fraud team looking issue.",-0.13076923076923078,0.4660790598290598,Sep 21 2007
44,44,"construction The undergoing major construction work. We stayed top floor, newly renovated. The rest poor condition cables hanging celings pipes laying stairways, damp walls ceilings peeling wallpaper, overall grubby. The full english breakfast also poor. We stayed two nights second morning didnt even bother get breakfast. Although room top floor okay condition, feel rest suitable paying guests closed refurbishment complete. I would however stay refurbishment complete central Victoria train station attractions.",0.05546156004489337,0.38185746352413014,Sep 1 2007
45,45,"Stay Away! Hotel nice part town short walk Victoria Station, however place dump. There construction floors except top floor room was. Rotting walls riddled holes, dirty carpets, peeling wallpaper, crooked floors, tiny rooms, boarded windows, etc. Other top floor, place absolutely inhabitable condition. This NOT open poor condition amount extensive work going on! The top floor room looked somewhat renovated, albeit poorly. Our tiny room appear cleaned, however dust major problem returned room every night. We returned layers dust stuff. We shake dust sheets, pillows, clothing, belongings window every night. We used damp towels wipe thick dust dresser, cabinet, sink, etc. We questioned health risk staying here. There curtains windows, NO hot water available 3 occasions tried shower mornings night. No help staff regarding lack hot water dust concerns. Please stay here! I stayed several hostels, 1 2 star hotels across Europe, far worst! It stripped 2 stars.",0.01620000000000001,0.5833333333333333,Aug 14 2007
46,46,"Cheap But Not Money For Value Ok, lets beat around bush, 2 star expect much however, paying Â£79 (Having seen many 3 stars odd 4 star similar prices felt decent room. When walk doesnt feel like warm sense, feels like walking somebody's house happens small welcome desk. First impressions werent great, showed room actually couldnt believe it. I felt stepped faulty towers something. The room small, small even single, bed uncomfortable tiny window overlooked backs buildings (although view isnt important) TV picture slightly off. As put bag dawned private bathroom, opened cupboard....oh....there is! A bathroom wouldnt even fit University dorm room. Just small cramped get impression spent little money time rooms makes feel like robbed. The next day got breakfast, sat seemed living room fireplace filled in, offered breakfast. It wasnt pleasent, bacon good quality bacon (Work waitrose) generous, 1 bacon, 1 sausage, 1 egg (avoid ordering eggs) beans bit toast. Another reminder money time spent breakfast either. Had headed disappointed got money.I give positives, unlike others, room unclean plumbing kettle essentials worked fine. But dread think brought gf anyone else fact, therefore dont generally care however advice is, keep searching cos plenty 3/4 star hotels similar price literally next door go must!!!",0.06597464188927603,0.48777390631049167,Jul 25 2007
47,47,"More Negatives Positives I stayed one night July. I read reviews I booked it! The room I booked single I 'upgraded' double. The room small I mind that, however bed uncomfortable sleep on, television bad reception channels place(BBC1 2, Channel 4 12 sort thing) fresh milk tea coffee facilities, whitener handle shower room dodgy, cue hungover nearly getting locked in! The breakfast worst I'd come across, burnt thick bacon, dodgy tasting beans, bearable sausage odd looking fried egg juice offer Grapefruit, toast edible.The staff friendly, room fridge location fantastic place lot problems needs sort out. I think Â£55 could provided better service still made profit",-0.047093837535013984,0.5738795518207284,Jul 7 2007
48,48,"Don't it!!!! Airways worst I've stayed. My room (a single) slightly wider twin bed. I get window without climbing bed.The box springs mattress different sizes. The sheets looked like Salvation Army rejects. I look mattress take sheets - scary.You cannot take shower without getting entire bathroom floor wet. And drain quickly. Expect take shower wtih water ankles full god knows what. Bathrooms RVs spacious. Porta potties cleaner. There soap shampoo.I'm single, mid 30's female traveller. I'm picky, I feel safe there. Fortunately, I found someone spend night room different hotel, time Airways minimal. :)",0.05965608465608464,0.5187169312169312,Jul 3 2007
49,49,"Definitely Not recommnded Booked seemed well located, reasonably priced (for London) offered full breakfast - bad choice! This place disaster - double room got far capsule size, located attic small windows curtains. If one person wanted dress lie bed allow space!! It recently renovated indicated absence electrical socket plug installed bedside light, mirror toilet/shower lack floor covering corridor outside! Renovations ongoing nearby indicated drilling hammering reverbrated walls!The access room 4 flights steep, narrow dirty stairs exposed wiring hanging ceiling - pleasent climb day walking around London I would serious concerns safety event fire.The breakfast proved equally disappointing - served small basement room crammed plastic tables chairs almost inedible, choose go breakfast rather second day! The best thing I say stay long! There plenty choices area looked better next time I'd pay bit get something habitable.",-0.0251519097222222,0.4253472222222223,Jun 30 2007
50,50,"Disgusting My daughter I booked Hanover Hotel across road one night arrival, completing check-in card, told broken windows basement would moved across road sister - Airways Hotel - extra cost!!! We went along duly given key room near reception. Our booking Hanover en-suite room city views full English breakfast. However room complete joke - dirty, disgusting, size cupboard looked onto back yard. There way spending night there. So went back reception asked better room. We taken top building - 6 flights stairs least - every one filthy carpets bare wires rubble. This room, although extremely small least new new bed. The bathroom, could call that, minute. The window bedroom would shut kept blowing wide open elements - pouring rain wind.On way evening, sneaked look breakfast room basement would commit breakfast next day decided way would eat there. The leftover breakfast things still tables dared eat there.I pleased say booked one night. I would never recommend hotel. It real fire trap - earth pass regulations?",-0.08063973063973064,0.4836700336700338,Jun 25 2007
51,51,"horrendous Two words: bed bugs. Actual, definition, bed bugs. Not paint peeling, carpet disgusting, ceiling moldy, furniture worthy garage sale.. dozens dozens bed bugs. Unless want post tramautic stress disorder phantom itching weeks, place reccommended! Very unclean creepy.",-0.2513888888888889,0.7333333333333334,Jun 15 2007
52,52,"Do stay hell hole call One word DISGUSTING. Horrible dingy room curtains windows wallpaper walls, bed lumpy old bathroom better facilities glastonbury! As breakfast I say, garden furniture sit on, horrible greasy smell poor quality food, Overall disgustingly filthy I still scratching bed bugs If want advice DO NOT STAY HERE circumstances, try comfort inn Victoria road hell lot better.",-0.34388888888888886,0.6644444444444445,Jun 15 2007
53,53,"Not advertised web-site My family I stayed last week 3 nights Wednesday. The location Hotel spot beautiful part city approached quite excited staying there. On check policy pay up-front, Â£355for 3 nights 4 us (1 5). The small reception clean seemed appropriate.Hindsight 20:20, I never paid room up-front. When got room via dank corridor murky steps carpet cleaned time (it tacky stuck slightly soles shoes). At time got room workmen materials floor. When I opened door I shocked felt ashamed I booked room family. The room basement, 3 single beds (2 pushed next trying double bed) 1 double bed. Apart little room space anything else, I can't believe beds managed squeezed in. The decor sparse, bedside lights, room grubby, bugs one corner room, TV receive picture. The room advertised en-suite, small cupboard converted shower room. The shower broken, mount wall. The electrical wiring part appeared dangerous (and I suppose reason suggest areas better, I see them), main fuse box open paper, coke cans rubbish stored there, exposed wires. The mains wiring around hanging wall skirting boards. The whole place decorated cleaned long time.The room adjacent breakfast room food preparation area, 06.00 woken staff starting prepare breakfast. We breakfast first night I took opportunity look breakfast room food preparation area. The breakfast room clean stairway food preparation area passes hygiene test Health Safety regulations I amazed. Such concern I let family eat there. The floor filthy, work-tops same. The cooker needs disposed of, obvious grease fat used one day prepare full English breakfasts, storage food, cleanliness utensiles.......I go on.I complained day TV working. At check I asked discount response I got 'it policy'!!!!!It obvious check pay up-front money gone. For sake 3 nights I want spend first day break trying get money back finding another place stay, spend evenings 10.00 pm 09.00am next day. I also witness another person checked Thursday complain bitterly room given tone note.",-0.017509956683739388,0.40084902177925447,Jun 4 2007
54,54,"The nastiest planet We originally booked stay road, got told boiler working moved road The Airways. When got first impressions sparkling (needed serious updating) paid already Lastminute.com, half-term, fancy trawling London alternative accomodation. The gentleman original one behind desk kept saying better facilities brand new room. We walk 7 flights stairs get new room sights along way nothing shocking. Leaky water pipes, bare electircal wires, badly fitting dirty carpets, dirt dust everywhere. All bedroom doors way filthy big gaps sides frames. On final flight stairs bannister! There carpet landing big gaps floor boards. Around corner room, discovered later on, big drop 6 feet!When reached room, surprisingly clean indeed newly decorated. However smallest room I ever seen! The window tiny view consisted peeling wall, even curtains. There hanging space clothes bathroom small, could even sit straight loo! There sheet bed, asked blankets, never materialised.They obviously refurbishing moment noise appaulling, communal areas filthy building site. Also, shocking part, filthy old beds mattresses blocking fire exit fire evacuation policy room.We staying one evening, I never glad leave life. We breakfast included deal way I going eat filthy hovel.This dirty breaks every health safety regulation book. Please please pleae stay there, I would house worst enemy there!!!!",-0.11801568314726212,0.61424774056353,Jun 3 2007
55,55,"Not fit human habitation This place absolutely disgusting. Thank God staying two nights, returned late spend much time 'room'. This place dreadful, words describe awful is. I cannot believe could passed Health Safety check! Here list things happened two night stay:1. Electricity went out.2. No hot water.3. Staff misplace Safety Deposit key - look asked (did bother check staff either) - ring locksmith would charge us Â£300 open box. Luckily staff finally notice key behind reception desk - Locksmith cancelled.4. The huge damp patches wall ceiling start bear fruit - friend's bed gets soaking wet.5. Workmen start work early Bank Holiday morning - next door room.You would want complete fool stay - I think places like existed anymore. With doubt worst room I ever slept in, otherwise. My message simple, book here. I listened I read reviews. Boy I sorry now.",-0.19715277777777773,0.6696031746031746,May 29 2007
56,56,"the.avoid.like.plague. I stayed 'hotel' mate mine whilst mid week soccer match London. Both us teachers lot travel experience ends market.....but even 'interesting' hostel experiences eastern europe match place. We ever going sleeping room two nights sub standard. Plain simple. I would categorise presupposes degree comfort present here. Read traveller's reviews website depth anaylsis facilities, use place anything last resort.",0.0863095238095238,0.3359126984126984,Apr 16 2007
57,57,"Cheap cheerful I recently took group student Spain London days. I chose looked cheap cheerful was. The important thing travelling room clean water hot. Absolutely problems apart TV reception, anyone goes London stay watching TV bother. For price alone reasonable staff polite helpful.",0.252051282051282,0.6753846153846155,Mar 9 2007
58,58,"My Airways Experience :( My girlfriend booked us Airways birthday two nights convenient location, favourable price positive reviews photographs website. It supposed romantic weekend away basic, clean accomodation. We joked walked towards Airways sign half falling down. The reception Ok attendant particularly friendly, struck excessively keen obtain money. The alarm bells started ringing wer given directions go stairs room appeared like basement beside appeared fire exit next alleyway, filled bags refuse. We entered room carpet bed looked though replaced many years ago. The bathroom mouldy clean. The prospect spending two nights really offputting. The accomodation fell severely short image portrayed website. We asked another room given key one first floor. It window front much smaller first, cleaned looked quite pitiable. We kept first room immediately went find another hotel. Cost longer appeared issue. We fortunate enough find AA rated metres away small luxurious new room 12 pounds extra per night. The value-for-money incomparable. Our weekend saved ruin. We returned Airways ask money back refused first night's deposit. In view dishonourable business conduct ... way place survive. That reason I thank TripAdvisor providing opportunity warn people falling pitiful trap. I sorry alternative. Airways deserve business. You warned.",0.038131568723673986,0.4905589293747189,Feb 5 2007
59,59,"New Years Eve 2007in London I stayed theAirways Hotel 28th DEC 3rd GEN 2007.The Hotel's room small, nice. The location supplies poverty comforts: 15 mimutes walking Buckingam Palace, 5 minutes walking Victoria Station (Tube).The people works nice.Go stay there, quite: bathroom plexiglass coffin.",0.12159090909090908,0.4636363636363636,Jan 30 2007
60,60,"Borderline disgusting The uncomfortable bed I ever slept on. You could feel every spring. The mattress multiple stains it. It disgusting. The bathroom gross. It mold mildew light fixtures. The wallpaper peeling walls. If charged advance, I would left. If need clean comfortable place sleep, you.",-0.08333333333333334,0.5700000000000001,Nov 4 2006
61,61,"Worst I've ever stayed This absolutely horrendous. I asked moved another room first room gave next boiler room therefore boiling hot noisy.The room gave ever slightly better. However awful smell, TV looked 40 years old work all. The wallpaper coming walls huge damp patches ceiling. It impossible shower without soaking bathroom floor.The breakfast quite enjoyable (although nice get room while).To make even worse staff rude unhelpful English great.Please never stay hopefully shut health safety see it.",-0.04513888888888889,0.610763888888889,Sep 29 2006
62,62,"dirty net curtains booked quad room 2 adults 2 kids 1@16yrs 1 @11 yrs. room big enough us, spend much time apart sleeping (room 206 possibly get 3 people comfortably). The curtains nets filthy dirty, window held open yellow pages phone book, bathroom very, small. Also satelite T.V. non existent could get 4 channels it. Although reasonable breakfast had, windows curtains could wash breakfast room. The staff reasonably polite, reception staff helpful. I read reviews got back 4 days London, agree get pay want cheap room rest weary head sightseeing place (but just)",-0.038157894736842106,0.5484210526315788,Aug 25 2006
63,63,"neva totally agree reviews seen. stayed 2 friends july 2006 worst experience eva. totally digusted standard considering central location. seen hostels cleaner spacious compared hotel. room allocated consisted double bed single bed smelt terrible filthy curtains. refused stay room asked moved. offered another room slightly bigger still smelt clean all. dubious looking stains matress. bathroom vile smelt horrid, way shower without whole bathroom getting flooded. second night brought back two guests harassed man reception, called us phone room told us tell guests leave advised would staying would leaving (to honest space stay) man reception said would charged Â£40 extra. refused stay dump longer decided stay friends.i would neva advise anyone stay hotel.",-0.10073260073260071,0.46486748545572076,Aug 12 2006
64,64,"Worste city Missing curtains, everything torned, dirty, didnt clean room stay, bathroom Hotel room came autocamper, breakfast dining room little wait seatet every morning.",-0.20020833333333332,0.5625,Aug 5 2006
65,65,"Budget great location This budget hotel. The pictures make look nicer is, flophouse either. The breakfast decent, service fine, free internet access, location outstanding. Just expect small, slightly grubby rooms, &quot;bathrooms&quot; appear ripped RV somewhere plopped corner room. I might stay I become rich suddenly.",0.24907407407407403,0.6009259259259259,Jul 20 2006
66,66,"Don't go there!! Booked online 2 friends I, accept solo cards boyfriend gave card details secure booking. When got asked pay even saw room, happy told company policy I paid card. After shown 4 rooms refusing due disgusting state ( dirty sheets, bugs, damp used soap damp towels) asked refund, 2 hours eventually agreed. My boyfriend discovered taken Â£77.50 account phoning complain say give 48 hours notice cancel cancel refused stay there. By way Airways Hotel St Georges Street, Victoria",-0.34500000000000003,0.7550000000000001,Jul 14 2006
67,67,"Decrepite Hotel - warning believe postive reviews We booked three nights stay Airways. Arriving air getting around 2:00 am, arrived find pleasant convenient area front reception area looked ok. But arrived room shocked size room I stayed smaller rooms Asia dirty run room was. They using packaging (cello) tape hold wall paper up, bathroom cleaned (remains still toilet) overall feeling small dirty cage. I asked another room walking 4 flights stairs find similar one least window. Apparently 3 star ratings, means NO air conditioning NO lifts. We slept single beds sleeping bags sheets, us afraid touch walls. Needless say aweful nights sleep. If tried take shower plastic closet bathroom cannot without getting whole floor wet barely able move. The breakfast dungy basement. Watch floors uneven breakfast barely edible. I noticed workers painting front using money towards. (So believe facade!) We used internet unlike reported reviews NOT FREE. Needless say left early morning find accomadations. Only saving grace went Victoria Station used accomadation service book us another fantastic much more. Only book absolutely cover bag!",-0.07853057889822596,0.5436391223155929,Jul 13 2006
68,68,"nice reception staff dirty I agree fellow travellers written. I booked room &quot;private bathroom&quot; 70 pounds ..although less 24 hours arrived. My plans fell through. THe reception area nice enough. Inernet access available one computer one pound 30 minutes. Another traveller mentioned something bringing laptop reception , I believe room wireless access b/c man switched room keys I told I would like wireless, 5 pounds 24 hours, declined. (There loads cheap cyber cafes central london)This exactly would want spend time computer.I room next breakfast room. Easy lots luggage(only one flight) NOISY early a.m. THe rooms bathroom sketchy say least. could even shower flight sooo gross. Also, I large water /roachy bug climing wall..that killed middle night. I told staff a.m. remains creature still wall. They totally unconcerned.Also, &quot;view&quot; consisted side dumping ground. I saw maid walking junk yard though I dont know for. THis may attracted bug.I find hairs sheets. I hoped nothing crawled night.Basically, shop around..I stayed hotels area better prices alot cleaner. I try breakfast.I find get buck flying Heathrow adn stay near Paddington.",0.11880952380952381,0.4302857142857143,Jun 28 2006
69,69,"If want stay dump stay here! My partner I serious misfortune staying nasty dump June 6 - thankfully one night. We flown back Sweden final night trip, want spend lot money (most decent hotels London expensive American dollars- nice ones expensive!). We paid $115 American dollars crapfest. We booked night Hanover Hotel, based cheap cost pictures site, so-so reviews. We figured, one night, looks decent, gonna much. When arrived Hanover (first all, street numbered strangely took find), told broken English (the hotels run folks India) room room Airways Hotel, accross street. Additionally, sign said &quot;air conditioning available rooms, please ask&quot; - I - find $30 a/c - written description hotel. Also, said room wireless internet - true. In Airways dump, go lobby internet - pay!!! So broken English got shuttled Airways hotel, across street. All 'hotels' row basically crappy hostels. They call Bed Breakfasts, think second true. Overall general strangeness weirdness whole deal - thought getting bamboozled. Over Airways given huge keyring room told left leave key front desk! Up 3 flights stairs, found room - call that. 3 crammed-in beds, small refridgerator, bathroom tiny made ones Paris look luxurious. If even bit overweight, fit bathroom. The hot cold water comes different spickets, either burn freeze yourself. And shower - nasty, overflowed rest floor drain, avoid shower curtain you, impossible move. Overall room dirty nasty - felt like slum apartment. There disturbing figure ceiling - kind green little figure someone taken head body put ceiling different places. Now really disturbing part one removed them. See pictures. The room disgusting overall, wondered clean sheets were. There towel bed small bar soap - soap bars unwrapped. There a/c room obviously, opened window tried get sleep. Didn't get much. Even lock door questionable. We tried use phone told line set first. (later checked out, charged ton made phone calls cell phone - watch out!) And later discovered pay Internet downstairs lobby sit laptop. I could go room place. But bottom line is, dump. It torn down. Don't stay here. You'll sorry. Forget anybody else says - -- !!!!Take $115, scrounge more, get decent place $200 more. Remember - vacation. Don't ruin staying here.",-0.07341948127104377,0.5435942760942762,Jun 16 2006
70,70,"Try somewhere else. Visited February 2005 travel companion. Although I received written acknowledgement arrival/departure times, room ready upon arrival. When presented room, I requested. Waited another extended period time. Was presented another room, still I reserved; took it, tired wait longer. The room marginal, best. The bath facilities tiny cramped, one could hardly move. Breakfast good. Front desk staff unconcerned seemingly care anything. Would recommend property. I stayed many lovely properties London. I return one. Mitchell K. Rodgers Lexington, NC USA.",0.19814814814814813,0.5296296296296297,Apr 20 2006
71,71,"'Airways' Terrible Hotel I travel lot last fifteen years. During fifteen years I never seen terrible quality like âAirwaysâ London, Victoria. We arrived âAirwaysâ hotel. We looked room shocked. The square size room small could get together. The bathroom extremely small. The adult person get big difficulties. The shower cabin barely attached floor shaking I got in. In addition room wasnât clean. It specific unpleasant smell. We requested owner give us another room. He offered us room upper floor. The lift. It difficult us get upper floor luggage. The room clean. Then owner offered us room basement. The room telephone TV-set working condition. It smells sewer. So, change three rooms offered us room second floor one bed, requested us pay additional money. Finally, I never seen awful bad service like âAirwaysâ London. We spend lot money get even reasonable service. I never recommend anybody stay âAirwaysâ London, UKMichael, USA",-0.2698412698412699,0.5194444444444444,Mar 18 2006
72,72,"My second stay (and still okay) My husband I come back one night stay Airways reading posts I bit anxious return two years apparent change management, fine!I spent three nights &quot;small single room&quot; May 2004 though room small (hence name) I needed I felt safe there.This time I booked double room given must triple quad, nice spacious high ceilings. The could makeover &quot;bathroom&quot; bit joke, expect 49 pounds double incl. tax breakfast? The staff friendly, room job (I go London spend lot time room anyhow), breakfast okay (yes, baked beans part - mean eat them. There continental choice cornflakes well.) The location great - nice, light, &quot;feel safe&quot; area close Victoria train coach station (e.g. Terravision bus Stansted) lot &quot;major sights&quot; walking distance. I want spend six weeks short trip I would return (and spend money saved theatre tickets).",0.1851700680272109,0.4648469387755102,Mar 13 2006
73,73,"Never nobody We family 4 (2 adults 2 kids), stayed 6 nights (could get unfortunately). Nobody wanted come back Hotel evening. The room shabby, terrible beds. The bathrom right ship something, even kids could sit loo door closed. One could turn shower, u dropped something floor u stand outside pick up. Terribly simple breakfast. Bad tempered, unsmiling serving staff breakfast room. Nice people reception positive thing hotel. Never again!! Advice strongly staying hotel, kids still nightmares. We travelling London Easter sincerely thank people post reviews Trip advisor.",-0.017917053184910325,0.5616651205936921,Mar 10 2006
74,74,"Missleading information awful room I booked small single room website Airways hotel. They underlined internet room small, told toilet room, also writing desk fridge.It Saturday afternoon I got there. Immediately reseption started explain me, maybe I satisfied room I could change (and pay little more) next day.When I got room - even call room, I sure I want stay there.The room like closet bed. No frigde, writing desk toilet. Only water basin yes, shower. Everything looked run kind ventilation channel, dirty.I could absolutely even think staying room.I travelled quite lot often I book room advance using internet. This something I never seen before. I mean, I'm person wants luxury even near, room really awful.When I asked missleading information website, told management changed May time update website. That sounds odd!I checked immediately started look another hotel. All hotels fully booked, luckily I found one.",0.08216011042097997,0.513604209799862,Nov 16 2005
75,75,"Airways Hotel bad Yes, previous writers spot comments etc.. However, great location decent rates. The rooms inter rail style much bed, TV, mini bathroom. Safe location, nice staff, even modest breakfast included. Hey, wants stay indoord London anyways",0.2555555555555556,0.5833333333333334,Oct 14 2005
76,76,"cramped basic We stayed 3 nights Feb. 2005. The room much smaller anticipated. The bathroom extremely small. They provide kleenex wash cloths. The breakfast good expect served pork beans (? typical English breakfasts). The run elavator, may walk 2-3 flights stairs. The location good though.",0.11419753086419752,0.3682098765432099,May 23 2005
77,77,"Grand The photos place tad flattering. The walls like paper, rooms cramped.The toilets/showers remindful ferry cabin. That said, well priced, good breakfast nice staff. It well located quiet area, hop skip jump away Victoria station. Near Buckingham Palace also. For short stay, place great, going romantic weekend, look elsewhere, unless kind thing!!!",0.41111111111111115,0.6425925925925926,Apr 18 2005
78,78,"Cramped Doesn't Tell Half Story Everyone tell rooms small. Believe them. I traveled world used accommodations kinds. This room small I could literally touch walls. I could use bathroom privacy I fit inside close door. I clausterphobic, way endure night close eyes hope many emergency vehicles passing trying sleep. On positive, location terrific, lots places eat, in-hotel Internet access useful, desk personnel amenable. If trying make London visit anything shoestring, head elsewhere.",0.13278236914600552,0.5011019283746556,Mar 26 2005
79,79,"OK If looking somewhere sleep night Hotel ok going stay reason dont stay here. The rooms tiny consist bed, 2 inchs floor room toliet looked like portocabin tinyest shower ever seen. It clean though always something need. The staf however spoke really bad english even trouble booking hotel. I phoned 4 weeks advance booked 2 rooms, however phoned 2 days arival confirm booking still ok booking 1 room. I changed 2 rooms, turned day still 1 room, luckilly room spare!!!!!! I really wouldnt recommend anyone",0.02090812562003969,0.4799603174603174,Feb 16 2005
80,80,"Good used staying 5 star hotels We Dec 2004 till Jan 2005. Its close everything. The market right street prices food really good, also cafes pubs within 3 min walk. Theres fridge room, complimentry breakfast (which enjoyed) easier budget trip. Our Hairdryer didnt work couldnt figure TV man told us put code. They carried bags increadibly heavy. THERE ARE A LOT OF STAIRS.Our bathroom tiny, pink, plastic. We could get toilet flush every hour. The rooms small, point couldnt move all. They helpful questions get places, got us good priced taxi heathrow airport left.If need place sleep, breakfast, 9 channel TV arent used staying 5 star hotel, great place stay. Nice people, Nice neighborhood.... Best New Years!",0.31196210222526005,0.5425867699551912,Jan 17 2005
81,81,"Typical Brit Accomdations + Very Friendly/Helpful Staff I stayed Airways Hotel December 2004. Similar previous reviewers, travel buddy I arrived, desk clerk/owner showed one reservation although booked two. However, response look distress face, gentlemen immediately scarmbled set rooms - upgraded us bigger rooms. There elevator, gentleman carried ridiculously large bags rooms third floor attentive needs. Granted, Ritz, clean, breakfast adequate, staff friendly helpful. Plus, reasonably priced! I travel London frequency I thought accomodations fine....and within ten minute walk Victoria station Buckingham palace. Enjoy trip!",0.17652661064425773,0.5063865546218488,Jan 4 2005
82,82,"Unreliable hotel! I made reservation Airways Hotel (through travel service) stay London. I reconfirmed reservation three weeks arrival. When I arrived hotel, I told reservation rooms available. When I showed person front desk conifrmation email showing reconfirmation, told person signed email longer worked there, took attitude since reservation rooms problem.When I asked make calls help us find room; I told rooms available Vicotria area weekend gave impression really want bothered.I walked around corner found room within minutes.I would trust reservation made hotel.",0.3333333333333333,0.3333333333333333,Dec 11 2004
83,83,"It Could Have Been Worse I experience reviewer Boston, MA wrote 7/14/2004.There little space, matresses (my room two beds) probably due replaced 10 years ago. I understand London expensive city, I booked understanding budget category. But exception weekday daytime front desk guy (who friendly helpful) one breakfast wait staff, I find little good say hotel. Overall, gives feeling unnecessary dinginess stinginess. For example, bathroom small, fine given budget all, mold therein could kept bay little Tilex whatever, cost THAT much money remedy.Other problems seem systemic, fact 8:30 (when, would seem, everyone racing take shower make dining room take advantage smallish 1.5 hour breakfast window) hot water altogether ceased run shower I stuck, shampoo hair waiting come back, I finally gave rinse ice-cold water. I learned rise shine 8:00 I wanted breakfast warm water.Like I stated, could worse, need place stay livable but, London not, better values I would stay again.",0.03854166666666667,0.5045454545454545,Dec 5 2004
84,84,"Keep perspective Keep perspective- London particular expensive, rooms small. Also, buildings old, might elevators, stairs narrow.If remember things, problem Airways Hotel. My rooms (I 2 different ones) 6 ft 15 ft., tiny bathroom (plastic trailer add-on). Not much space luggage. I'm 6 ft tall, could put palms opposite walls. Taking shower also difficult size. But clean, close Victoria Station, (and walking distance everything) good neighborhood. Breakfast good, staff courteous, quiet.Since time I spent sleep, I problem. If I entertain guests spend time room, would problem.",0.12407407407407406,0.512962962962963,Oct 18 2004
85,85,"I'll stay This great budget..not rate, fridge room saved us hundreds..we able pack lunch everyday take sites. The breakfast good, although I fan baked beans. Good loaction, great price, small room, small bathroom, cares?? It London!!",0.28246527777777775,0.6494444444444445,Oct 15 2004
86,86,"Fine budget-seekers Convenient location short walk Victoria Station. Rooms clausterphobic, hey, that's Europe ya. Bathrooms RV-style plastic add-ons. Breakfasts edible bizarre American palates. (Baked beans 8 a.m.?) Adequate, nothing special. (I stayed budget Paris, much impressed.)",0.37589285714285714,0.47559523809523807,Oct 12 2004
87,87,Great Budget Hotel,0.8,0.75,Sep 25 2004
88,88,Great Staff Good Value Internet Access,0.75,0.675,Sep 21 2004
89,89,Good For Budget,0.7,0.6000000000000001,Sep 15 2004
90,90,It's money,0.0,0.0,Sep 13 2004
91,91,Small clean convenient,0.05833333333333335,0.55,Sep 11 2004
92,92,keyword: BUGDGET,0.0,0.0,Jul 14 2004
93,93,Great reasonable price,0.5,0.675,Jun 15 2004
94,94,Great Bargain Hotel,0.8,0.75,Apr 21 2004
95,95,Airways Super Charming!,0.6041666666666666,0.8333333333333333,Mar 30 2004
96,96,sconsigliato...,0.0,0.0,Nov 13 2009
97,97,Hotel aceptable si vas solo dormir.,0.0,0.0,Nov 4 2009
98,98,Cutre relacion calidad-precio baja,0.0,0.0,Oct 12 2009
99,99,Zentrale Lage kleine Zimmer schlechtes FrÃ¼hstÃ¼ck - na ja ...,0.0,0.0,Sep 16 2009
100,100,Estafado por el Hotel,0.0,0.0,Jul 10 2009
101,101,Vraiment Ã Ã©viter,0.0,0.0,May 19 2009
102,102,SI vas pocos dÃ­as patear Londres...,0.0,0.0,Apr 7 2009
103,103,Senza lode e senza infamia...,0.0,0.0,Apr 1 2009
104,104,El peor en el que estado nunca,0.0,0.0,Mar 17 2009
105,105,Ã Ã©viter Ã tout prix,0.0,0.0,Mar 12 2009
106,106,DÃ©testable ! Epouvantable !,0.0,0.0,Mar 8 2009
107,107,El mayor frÃ­o de mi vida,0.0,0.0,Feb 8 2009
108,108,El es un autÃ©ntico asco,0.0,0.0,Jun 11 2008
109,109,Absolutamente horrible,-1.0,1.0,Jun 6 2008
110,110,Grauenvoll ist untertrieben :-(,-0.75,1.0,Jun 3 2008
111,111,de pire en pire,0.0,0.0,May 18 2008
112,112,horror terror...miedo asco en Londres,0.0,0.0,May 2 2008
113,113,Topo nel bagno,0.0,0.0,May 1 2008
114,114,Â¿A eso lo llaman habitaciones?,0.0,0.0,Mar 20 2008
115,115,C'est un piÃ¨ge!!!! L'hÃ´tel est dÃ©labrÃ© et sale. Ne surtout pas rÃ©server,0.0,0.0,Mar 2 2008
116,116,Katastrophal....,0.0,0.0,Mar 1 2008
117,117,scarsa,0.0,0.0,Feb 6 2008
118,118,NO COMMENT !!!!!!!,0.0,0.0,Dec 27 2007
119,119,Soggiorno all'Airways Hotel,0.0,0.0,Dec 11 2007
120,120,cimici nel letto,0.0,0.0,Nov 18 2007
121,121,non lo consiglio,0.0,0.0,Nov 9 2007
122,122,No pages la habitaciÃ³n antes de verla.,0.0,0.0,Sep 27 2007
123,123,Les da igual las pÃ©simas condicines en que lo tienen,0.0,0.0,Sep 12 2007
124,124,Desastre de Hotel,0.0,0.0,Aug 29 2007
125,125,roto sucio,0.0,0.0,Aug 17 2007
126,126,Schlechtes Preis-Leistungs-VerhÃ¤ltnis,0.0,0.0,Aug 13 2007
127,127,terribile,0.0,0.0,Jun 11 2007
128,128,Acorde al precio,0.0,0.0,May 12 2007
129,129,Horrible hÃ´tel vÃ©tuste - Photo non representative,-1.0,1.0,Feb 1 2007
