,Unnamed: 0,Reviews,polarity,subject,Dates_extracted
0,0,"Will Return My husband I stayed 2 nights Avni Kensington throughly enjoyed break. The rooms clean stylish, modern bathroom, flat screen tv, plenty cupboard/drawer space tea coffee, unnecessary clutter things like arm chairs trouser presses. The breakfast continental, good amount choice kept us going till lunch. The reasonably priced London rest UK. We've paid far worse hotel!The area really lovely residental area felt safe. Surrounded beautiful architecture, shops, banks, restaurants, pubs &amp; bars, museums, 5 min walk Gloucester Road Station.We definitely returning!",0.33411111111111114,0.6876666666666666,Nov 6 2009
1,1,"Good location would stay again. We spent 3 nights Avni would stay again.Not tiny room, London standards, paying Â£75 per night.Lovely clean bathroom crisp sheets.Tea coffee facilities room.Well located Kensington, merely 5 minute walk Gloucester Road tube plenty resturants coffee shops local area.A short walk Natural History musuem far want walk Hyde Park Harrods.If minus point, would breakfast bit poor, im sure body appreciated fed fruit cereal instead fry-up!!!I appreciate people would find rooms bit hot, us lovely.",0.11666666666666667,0.4878472222222221,Oct 29 2009
2,2,"first time i've stayed sauna! oh god, stay kip. put smallest room ever seen 5th floor...THE HEAT...i never forget it. People may died rooms july august!!! service reception dreadful un helpful, breakfast bad, dont want even think it. one thing life stay hotel.",-0.3632161458333332,0.6666666666666666,Oct 16 2009
3,3,"Mumbai Sweatbox England My family I stayed four nights 5th floor. It hot room...damn hot airconditioning. The ventilation provided via small fan. Windows would open 5 inches. The location great rooms clean modern. Breakfast okay. Close tube, shops restaurants. Staff okay depending spoke to. If want sleep sauna Hotel you...it's me.",0.23787878787878788,0.6681818181818181,Oct 11 2009
4,4,"Stay mind risking identity. This place closed down. Never I asked pay full amount up-front &quot;photo-identity&quot; documents demanded. Everything place &quot;Minimalist&quot;, Minimal courtesy, minimal space, minimal quality, (the bedside lamp nothing extremely cheap toy NO stability) shower claustrophobic, bed (double) window wall enterable one side means climbing ones partner! Lift says &quot;Six persons max&quot; But one slim man 2 small children &quot;connected&quot;. heat unbearable window opened inches. receptionist lied asked &quot;Who owns Hotel&quot; (he said Bobby Cupro) fact owned Kaavan Puri. We disturbed whole experience return remainder bookin, checked following day still waiting refund cancelled booking. (apparently &quot;Machine&quot; working) asked bank details!!! place smacks &quot;Con&quot; photographs site bear resemblance reality. The review asks &quot;would recommend friend&quot;? &quot;I recommend Tramp.",-0.012257858187134506,0.49546783625731,Oct 6 2009
5,5,"Refurbished Minimalistic Hotel Great Location I stayed Avni Kensington three nights, initially I concerned reports here, however I realised many trip reports made refurbished I decided give go.I booked deluxe double pleasantly suprised large room considering cheap rate I paid. The room minimalistic, fridge, tiny bathroom everything new clean. And huge plasma tv wall suprise.Breakfast included rate, quite basic toast, cereal fruit. The location Kensington great, close supermarkets, restaurants amenities need. Gloucester Road tube 5 minutes walk away, convienient getting around London. Especially Piccadilly line connects Heathrow Airport.This luxury hotel, price, location standard room fantastic value especially London.",0.273126159554731,0.5599896928468358,Oct 3 2009
6,6,"Fair price great location friendly staff free Wi-fi Stayed 5 nights August 2009, 4th floor standard double room. Our floor room quite hot, 10 degrees hotter outside, spend much time room really matter. The location convenient, 5 minute walk Gloucester tube station. The staff friendly helpful, free breakfast good budget money saving advantage!We would definitely stay again, one least expensive hotels central London, located lovely area Kensington.",0.23223684210526324,0.4842105263157894,Aug 29 2009
7,7,breakfast mice It terrible drink orange juice glass two mices breakfast room....No comment...,-1.0,1.0,Jul 8 2009
8,8,"Very Dirty We three couples three nights. Request rooms fifth plant, I fortunate rooms dirty 'reformed' recently. In case, shower hole leaks light WC (first night raining outside... rooms).My partners 'suffered' rooms second plant. Horrible. Dirty cleaned long time. The hotel's personnel make bed, stretch blanket. The best thing: location; perfect, near tube five minutes far center London, I think compensate disgust gives sleep rooms.",0.007058823529411753,0.5784313725490197,Nov 21 2006
9,9,"Great Expectations This rates go says, &quot;Kensington Edwardian charming delightful hotel, exellent location suit tourists businessmen alike. Our Hotel situated two underground stations giving guests easy access whole London. The Kensington Edwardian also sited one fashionable affable residential areas London. It minutes away great shopping center, entertainment, leisure activities dining out. The magnificent Kensington Gardens The Royal Albert Hall Minutes away Kensington Edwardian Hotel, guests enjoy.&quot;This truth, &quot;Kensington Edwardian extremely ugly hotel, exellent location suit backpackers only. Our Hotel situated close Glouchester underground station giving guests easy access whole London. The Kensington Edwardian also sited one fashionable affable residential areas London really depresses holiday wondering stay nasty like that. It minutes away great shopping center, entertainment, leisure activities dining out. The magnificent Kensington Gardens The Royal Albert Hall Minutes away Kensington Edwardian Hotel, guests enjoy.&quot;Allow explain. Tell truth know expect. There hopes, expecting worst. Staying backpackers lodge would much better since bunk beds.",0.28765432098765437,0.7635802469135803,Nov 12 2006
10,10,"Horrible! Stay last resort ONLY... I stayed I missed flight desperatly needed cheap accommodation central London.For 45 Pounds p/ night can't expect much (I guess). We put 5th floor, amazingly enough lift working. I carry heavy bag 5 storeys. The stairs appauling condition, carpet attached floor lacked proper lighting. The room appeared OK condition. I stayed &quot;superior&quot; room basic superior. It 3 single beds worst matresses ever. It like sleeping bare springs. The TV functional remote control. The bathroom hot water, shower curtain terrible shape. Refer photos: orange growth it. YUcky!The pro location. It minutes Gloucester Rd tube.Staff reception unfriendly bare minimum.I would stay again! would definetly stay longer night. Think carefully staying here. There better hotels little bit extra.",-0.02447802197802198,0.5059981684981685,Oct 14 2006
11,11,"Worst Hotel Ever I travel London several times year business I always try stay different check out. This worst I ever stayed in. The room musty, bed sagged thought going fall through. The shower tiny child could fit comfortably. We asked moved - new room, although redone lovely wood floors new paint job, still older bed it. There smell (although could replacing floor), ladder (permanently afixed) attic/fire escape - sure front door room. The entire 4th floor ripped apart, lobby dreary staff less helpful. We spent total 5 hours I moved us street.Do NOT stay hotel.",-0.05182379349046017,0.5562149270482604,Oct 11 2006
12,12,"Apalling Accomodation I know I paid less hundred quid, appalling place stay, I would recommend place living thing. There number things I complained fell deaf ears nothing done it, soon opened room door, wanted go back home. My advice anyone interested place...dont go absolutely appalling. This 'Hotel' poor, reviews I read trip advisor spot on, I dont know rating.",-0.10407407407407405,0.5385185185185185,Sep 19 2006
13,13,"Value money =) After reading terrible reviews, dreading stay Kensington Edwardian. It was, however, cheapest could find 18 skint, seemed best option. And took risk ... pleasently surprised!! It clean + tidy, quite spacious staff helpfull. We distubed guests members staff (apart cleaner) although found hard find, soon realised short distance away nearest tube station. The convenient location numerous places eat shop close by. Also, within easy access major attractions London. Our room fridge (handy storing alcoholic beverages) laminate flooring (handy mopping spilled alcoholic beverages). The problems room incredibly warm (although summer) shower pressure crap. Also, bin tv would appreciated, Â£16 night really enjoyed stay. The perfect students anyone looking somewhere decent stay low price. We would however reccomend Kensington Edwardian couples families small children.Han D + Han L + Nik + Sal =)",0.16852678571428575,0.6327380952380952,Jun 20 2006
14,14,"Wouldn't Recommend I'll begin negative. We booked double bed given two twin size beds. Our room nice view street, nice neighborhood. However, air conditioning fans, hot. If opened door balcony, sound cars street kept awake. Also, balcony shared another room, fear someone could break room always present. A room back could quieter. There TV room, sink bathroom drain well. The breakfast room looked bright cheery Expedia, first morning went breakfast, I literally cried! It sad dingy smell terrible. Now, positive. The nice neighborhood, short walk Tube several restaurants grocery stores. (There especially great 24 hour grocery right across entrance Tube.) As long mind lack sleep planning staying room much (which not), would alright place stay.",0.1875453290670682,0.554930045799611,May 17 2006
15,15,"Good value The reviews terrible thought big mistake book here, pleasantly surprised. We superior double single room clean serviced daily basis. The bathrooms towels clean hot water times. The staff friendly helpful. The location perfect visiting London. We found excellent value money.",0.2704931972789116,0.604591836734694,May 8 2006
16,16,"last resort. know rat-trap got 2 stars. states place woulda shut down. honestly, horrible, horrible place. choose staying local prison ... would close.",-0.22222222222222224,0.6079365079365079,Apr 24 2006
17,17,"Superior room bad We stayed late March. We upgraded superior room stay. Yes, european means old small. The superior rooms renovated. bathroom clean along floors. cozy worth money. It close pubs.",0.22424242424242416,0.556060606060606,Apr 1 2006
18,18,"The filthiest I ever stayed I stayed 19 foreign countries throughout Europe, Hawaii, Scandinavia. If I paid advance (without seeing it) I never would stayed there. The windows covered filthy sheer curtains hanging line string. The carpet disgusting matter walls looked someone blown nose walls. The beds terrible like trying sleep cylinder. At time I stayed flags front building tattered dirty. I felt like I want touch anything there-Beware!!!I say people front desk nice, I would never stay recommend anyone else so.",-0.4178571428571428,0.8107142857142857,Mar 5 2006
19,19,"Terrible Good location, everything else 'so called' jest terrible!!! Watch out, better keep away property!",-0.16875,0.775,Feb 26 2006
20,20,"Fearful - good example worst example first let confirm I black-hearted guy, I saw &amp; felt hostel terrible - even location excellent.1, room small - uncomfortable two, cannot even take shoes sitting bed wall allow ...2, wardrobe - ok, couple days live bags, honestly pretty tiring3, bathroom lies ruins - floor broken, I wanted set shower, almost fall wall4, heat - I understand 0-4 degree considered cold London, maybe would useful xx. century window let heat out/freeze in. At least could use opportunity keeping drinks cold, fridge removed room (I want image ...)5, cleanliness - disappointing. When arrived 'clean' room, found Big Mac papers bed, together French fries ... Lovely. There big red blemish bedspread, hopefully blood ... Anyhow, sleep street clothes due in-house winter, manginess bed serious. Actually, felt exam: I left used napkin floor leaving room morning. Probably want rob us, napking waited arrived back room night. So, summary, I strongly recommend avoid place mach can. I happy leave place knowing I never go back there.",-0.07349905303030305,0.5018229166666666,Feb 8 2006
21,21,"Scaring I've come back London I spent 4 nights horrible hotel. We booked triple standard room cheap price, imagine going find. The room filthiest horrible place I've ever been. It small, dirty, awful, ugly. There hole wall floor. The carpet disappearing. The sheets blankets extremely old, beds highly uncomfortable. asked change told us full staying best standard room hotel. I'd like see others then, since dreadful. Please, trust me, book standard room there.",-0.2044444444444444,0.5422222222222223,Jan 23 2006
22,22,"Don't afraid! This served needs well. The reviews scared us, ok! This renovated--the staff really trying hard fix up. Our room clean, employees always friendly helpful. We room 4 people--4 single beds (cots, really--not comfortable, terrible), small tv, tiny bathroom. The shower biggest gripe: water drain well, soap dish, flimsy shower curtain fought hard keep water shower, lost. However, water hot four showers day, saw none dreaded mold talked reviews. Each day returned room, immaculate, beds made fresh linens, floor washed, fresh towels waiting us. Also, computer room lobby internet access pound per 80 minutes. The great safe neighborhood, blocks lots restaurants, important, underground station bus stops. Our desk clerk told us breakfast offered next door two half pounds: full English breakfast food could possibly finish, AND free coffee refills!!--which available anywhere else went (unless paid another two pounds refill). That great find! So, really, afraid. If need fancy want something convenient, safe, clean, comfortable enough, great staff, place you!",0.2012026862026862,0.5781868131868132,Jan 16 2006
23,23,"Amazing Staff OK Hotel I stayed weeks ago. First all, first choice hotel. But I book I asked cabbie take Kensington Ed. Hotel I remembered friend mine mentioned little ago.When I got hotel, I bit scared, honestly. I transil London 1 night I really expect way. It bad, still, Hilton. However, I extremely charmed gentleman front desk. He warm welcoming assured I would safe night.He even nice enough help take bags room. The room clean, showed another room slightly better. He told I choose room I wanted. Then after, also chatted good places eat area. After dinner, I came back still there, chatted more. Honestly, little average. Yes, cheap, still standard. A little bit cleaning good. However, gentleman front desk freindly nice, made stay worthwhile. I thinking I could far better night, sitting alone watching tv, hotel, clean, wonderful laugh educated (and handsome) young man. I think either India bangladesh- I must say, freindly staff key great hotel.",0.2862668690958165,0.5897840755735494,Dec 24 2005
24,24,Lovely European place The itÂ´s nice place increrible location get around easily city. Like european place small space well use it. ItÂ´s clean service itÂ´s complete increrible. Also staff itÂ´s polite educated time happy help you. I spend wonderfull time IÂ´ll staid I travel London.,0.2833333333333334,0.5648148148148149,Nov 24 2005
25,25,"Not For Most Couples We're middle aged couple travel around world differnt types trips overnight backpacking luxury cruises. We make best accomodations according type trip we're consider part adventure. Given centralized location viewing web site, I never thought we'd nasty. Their web page correctly show state rooms ammenities. I would recommend place couples. The first room shown us double bed, torn curtains, ripped filthy carpet bathroom moldy. The matress two deep impressions it. I go items noticed torn carpet. We asked see another double room shown room two twin beds double rooms taken. We reserved double room five months advance. Needless say, want stay apart unclean place decided another around corner. Not place I would want go barefoot.....",-0.010714285714285723,0.3880952380952381,Nov 14 2005
26,26,"Good location accessible Very convenient location; near tube, main road London close by, big supermarket round corner. Friendly bunch too:) Seemed prety cheap compared hotels area.",0.23674242424242423,0.4723484848484849,Oct 31 2005
27,27,"Budget Hotel We Found Hostel World room type wanted available, called directly told us availabilty booked directly basic room. When arrived, like room given (quiet old) asked see Superior room much nicer price difference much (it seems refurbished) . old rooms dont look clean.Excellent location, attentive friendly staff, Hotel needs work old rooms .",0.15791666666666668,0.3881944444444445,Oct 25 2005
28,28,"Watch-Out!!! An Awful Place!!!! This nasty filthy place I ever seen. If think 'hotel' find elsewhere intend make booking, think twice making final decision. The quality standard accomodation, facilities inside room completely listed depicted web-page attached photos. Other dirty wall, carpet, bedsheets, room filled strong unpleasant odour, making feel uncomfortable difficult stay second. Inside wardrobe, could find dirt every corner. The washrooom another terrible place. The bowl clean shower hose punctured disconneted shower head. When requested two memebers staff reception replace shower hose, looked motionless took heed request. Indeed, manner unfriendly cool. Furthermore, could see furniture left corridor lobby, posing threat fire exit. You could also feel vibration one lift going up. As family could stand unbearable condition inside room, checked hour check-in.This experience. I never go back doubt rated 'Two Stars'. If constrained budget, choice you.",-0.2054347826086957,0.6960144927536231,Oct 11 2005
29,29,"everything said true booked place Octopus travel booked double room, admit arrive late however called ahead confirm prepaid booking day arrival. When arrive told overbooked (we book place 4 months ahead!) given twin bed room absolutelyt filthy. Cracked window, mould bathrooms filthy sheets. I though budget backpacker lodgings however reading seems normal style room. We changed new room next day cleaner last think must releif statiying dreadful room night before. When get room (501 like review) ladder leading roof front door. I figured ok must maintenance surely cleaning staff must noticed it. Upon returning later evening still there.This totally unprofessional worth money! I've stayed private hostel rooms cheaper much cleaner here. Thank god nice part town. Good advantage close shops underground.",-0.007196969696969712,0.5100048100048099,Oct 9 2005
30,30,"Major Inspections required This first trip UK. visit son living past two years. Instead sending picture, I would like form one head. It took two girls exactly four minutes ( step hall) &quot;clean&quot; room. They spray, toilet brush, clean towels. A dry mop pushed around floor, dirty towels put duffel bag hall next room. Several times request sheets changed leave bath soap toilet paper. I guess could say exercise program elevator broke twice using steps good thing unless health problems. There phones rooms communication within city difficult never offered us use phone front desk; even day bombings. We found necessary leave day early( thank heaven) due bombings airport catch flight. Even though wanted place sleep, could clean, working order, ability communicate within city.This worst I ever stayed would recommend it.",-0.026973684210526313,0.4951754385964912,Aug 12 2005
31,31,Danger!!!!!! DANGER! DANGER!Do stay here. The place absolutely filthy. In addition questionable people staying there. This gives bad impression Brits London. Should closed sold. DO favor listen reviews. You'll glad did! Beyond comprehension place rates 2 stars. I guess one stars must Bagdad.........,-0.27175925925925926,0.6759259259259259,Jun 30 2005
32,32,Stay away!!! One worst experiences we've ever we've stayed lot them. The room dirty hesitant sleep staff un-friendly un-pleasant un-helpful best.,-0.20000000000000004,0.7000000000000001,Mar 21 2005
33,33,"truly harrowing experience Like many I booked room based information photos provided major reputable booking site. When I arrived I thought I wrong place signs Arabic only. The elevators blocked something looked like police tape, desk clerk saying mechanical problem, therefore &quot;usual&quot; rooms available. I taken room hallway *behind* front desk. What I saw I can't actually remember I blocked memory. It bad. Suffice say dried urine toilet seat one walls bathroom-sized &quot;hotel room&quot; completely covered brown green wet mold. The room smaller bathroom. No &quot;amenities&quot;, decor, twisted old set blinds fully close, flimsiest cheap flammable bedcover, add insult injury - although television plug kettle, power point anywhere room plug in.I went back desk demanded another room. The girl looked like I crazy offered another room. I hoping I'd taken room like one seen web site luck - size, shabby condition. I felt like I prison cell I went night buy snacks, I actually bought bottle disinfectant. Imagine that, vacation wanting disinfect room.I sleep much first night Kensington Edwardian. A group hotel's permanent residents were, I making up, sitting hallway outside room 4 morning singing, clapping, playing bongo drums. Needless say - I checked 4:50 AM. I another place stay, I really care. Between filth, kept night, seeing group suspicious looking characters sitting &quot;business meeting&quot; room lobby still going strong 4:50 AM - I absolutely honestly terrified safety.This December 2003 I'm stunned see still operating shut down.If value personal safety sanity want spend first night London scared tears - avoid costs.",0.022697368421052633,0.5149122807017543,Mar 19 2005
34,34,"DO NOT stay hotel!! I unfortunately discovered website AFTER I stayed Kensington Edwardian Hotel. Let sum up, agree reviews written hotel: IT IS TERRIBLE! Whatever do, waste money excuse hotel. Itâs disgrace London tourism authorities something it!",-0.21749999999999997,0.485,Feb 2 2005
35,35,"Get Out While You still We booked stay via AAAhotels web site Jan 05. Upon arrival directed car park cost 70 pounds weekend. ( commission desk clerk) So worked system metres parked round corner weekend.Upon entering noticed carpet thread bear.The room trouser press stated website ask kettle. Our Friends upon entering room saw curtains hanging rail, The mirror resting wall, The television work plug bathroom &amp; tea &amp; coffe making facilties absolute joke vending machine cups ( white plastic ones) 1 tea bag &amp; plastic spoons.The hair dryer hanging flex wall.Now breakfast.The room half ceiling missing smelt damp breakfast consisted bread rolls, toast cornflakes orange&amp; grapefriut juice tea &amp; coffee butter rolls asked told is'nt any. (what kind this) Are expected eat dry bread &amp; Toast? No lights stairways (trip hazzard through-out)The bar exist, Was told refurbishment although sign this. The balcony unsafe broken railings debris it.Anyone thinking using avoid costs better money.",0.016666666666666663,0.43166666666666664,Jan 30 2005
36,36,"Beware Kensington Edwardian Hotel We found hotel, Kensington Edwardian Hotel Kensington near Gloucester Road underground station, well-known website used good result. Lovely photos room breakfast room, really something else reality. The staff bad area Kensington superb rooms small unconvenient, boaring, bed lights nearly impossible get towels. The possibility deposite valuable things hand staff put desk reception disk. Do seem safe us! The breakfast room joke. Never seen anything uncomfortable untasty before! Although continental breakfast included price eat breakfast breakfast place neighbourhood instead. Even prisoners country better treated! We paid around GBP 50,- per night room advance. Maybe much pretty sure must better options London even price. This sure worst experienced forty years travelling around world including around fifteen visits London.",0.1927916666666667,0.7012222222222223,Dec 13 2004
37,37,"We escape! We also prepaid 4 nights &quot;hotel&quot; first week November, 2004 reservation service internet. I researched site. When arrived, given key room 501 directed working elevator. The light inside working. I noticed threadbare carpet elevator realized trouble. When door opened fifth floor greeted sight dirty laundry floor. We began wander floor looking room 501. As turned room floor without number door. Trial error led us room. It worse I imagined. This NOT decor I seen internet. The mattress thin bed squeaky, closet small table lamp floor. I told desk clerk room unacceptable. He offered another room ground floor better. I decided hang prepaid reservation, would stay. We left luggage room set foot find another hotel. We able find excellent accomadations Harrigton Hall, two blocks away place. Interestingly, time exited Edwardian, gentleman sitting parked car outside asked us going.The good news us soon I returned states, I called internet booking agency complained. I received credit three nights booked. This 5th trip London wife me, never experienced dismal Kensington EdwardianBeware.",0.09210526315789473,0.5662280701754385,Nov 21 2004
38,38,"3 unforgettable nights I stayed 2 children (age 14 16) 30th-Sept.-04 8th-10th oct.-04, rooms unfortunately booked payed months ahead.This kind place never ever visit again: There nearly total lack cleanliness, deliberately seemed put (or leave) used dirty bedclothes (hair pubic hairs could easily spotted). The floors / floor carpets dirty. Mould fungus covered tile joints shower area bathroom. The curtains could drawn (room no. 103 314). The bed matresses worn, matress springs could felt body.We totally stayed 3 different rooms: 103, 314 110 respectively.Breakfast; We went first morning, children want go more.Chosing 2-star rated ( I wonder got from) expect luxury, worse I ever could imagine. I want warn people time spoiled place.",-0.032341269841269844,0.6656746031746031,Oct 13 2004
39,39,"Horrible I stayed 5 nights (9/1-5/04) primarily due fact leave one recourse re: early check-out. On back registration form stated-but us refers tourist's committment. At presume provide amenities promised internet ad. The place filthy top bottom, beds cots made one brown blanket, spread. There even handsoap bathroom, mold actually dripping tile, shower small shower-door opens automatically hits faucets. One could easily scalded trying reach turn off. The &quot;restaurant&quot; mentioned ad room dark basement-not even overhead light bulb hallway, breakfast offered 7 10 am. We watched mice running supposed eat. The floors throughout sagging rug color obliterated dirt. The attitude reception people one complete indifference. They heard many complaints respond all. They firm receive money back whatever . Not reported Fire Dept., Tourist Bureau prevent misrepresentation Internet. None amenities offered made available.",0.04780701754385965,0.48991228070175447,Sep 16 2004
40,40,Fawlty Towers without John Cleese! I'm certain bedspread never washed cleaned. Everything dingy dusty. Big deal give electric hot water pot cord short heat water floor cord short reach table!!! How many ways one spell D U M P!,0.09846938775510204,0.46020408163265303,Sep 15 2004
41,41,"Fire Trap We stayed 3 barely tolerable nights August 2004. Our room even come close picture. When arrived, &quot;lobby&quot; full family members owner. So place sit us. This went three days there. Kids running around, men talking smoking.There two elevators, one worked. At least went down. There working lights way knew floor door opened floor. The fire extinguisher serviced 3 years, I doubt smoke alarms fire alarms even worked based condition hotel. The basement &quot;restaurant&quot; hahahah open tile ceiling wet stains exposed wiring. The food horrible. There bars windows room.With exposed wiring bars windows I felt nervous. There coffee maker room. We joked hot water sink coffee maker laundry facility. The shower plugged first shower almost overflowed.There matress pads beds beds lumpy, sheets although clean holes fit entire bed. It horrible, fire trap, noisy. Our telephone went desk use desk phone dial hotel. Do stay there.",-0.04052287581699347,0.6145424836601308,Aug 27 2004
42,42,"Shabby It pity I come across reviews I booked paid rooms internet. As already paid room I booked 2 months earlier, wife I decided put had. Nothing seems changed reviewers written.The plus points location nice quiet area, within 10 minutes walk underground station, relatively cheap, bed linen towels clean, âcomplimentary continental breakfastâ basic OK. Even though room next lift lucky disturbed lift movements.As soon signed reception told use lift (elevator US guests) nearest reception adjoining elevator working. Having read past reviews would appear one lift operation 2000 2002. You good friends get 4 people without luggage lift. On third floor, external lift button work. You press button call lift, press internal button go ground floor. When basement external button lift. There hole button be. As soon entered room 301 third floor shocked shabby appearance room. As Wimbledon tennis week first thing I noticed TV. I decided go reception ask TV. I use stairs go lift arrive I pressed DOWN button several times. As I mentioned earlier, DOWN button work third floor. The receptionist said TVs removed power problems. The receptionist delivered working TV 10 minutes later. A minutes checking decided make hot drinks. The tea coffee making facilities consisted electric kettle perched tiny flimsy plastic shelf, depth slightly smaller base kettle. On transparent flexible plastic cup cup holder small cup. I told receptionist would unsafe pour boiling water cup still able handle it. We asked 2 ceramic cups instead single plastic cup. The receptionist brought us TV agreed provide us proper cups. When cups arrive I go reception remind him. He appeared staff member therefore chores. When making hot drink either place cups saucers floor TV. It easy elderly people use floor making hot drinks. Using top TV unsafe, took extra care . There flat surface place cups hot drinks.The floorboards squeaky floor introduced vacuum cleaner days. The paint wooden door frames peeling bits carpet. There brown streaks wall, wall joins ceiling, This suggests must water overflow floor above. The wardrobeâs louvered doors dusty appearance inside prevented us hanging clothes inside. There several trailing electric cables along wall floor. The sink bathroom chipped crack across it. The tiles around bath covered black mould one white ceiling panels almost rust brown. If sit toilet elbow knock shower screen bath, bend forward touch feet head hit sink. There self service breakfast basement. To get room go empty damp smelling room part ceiling missing. The person charge breakfast obviously training. Tea available insulated jug, coffee stainless steel pot. It would normally way around. You tell sniffing containers pouring cups. There stainless steel spoons cereal, plastic spoons stirring tea coffee, fish knives spreading jam butter toast/rolls/croissants. In experience rooms always safety notice door inside room. Such notice explain occupants go case fire alarm, layout rooms shown diagram. There notice room, half dozen staples door.The door room neighbouring room darkness light outside doors work.The dust bin/ash tray outside lift floor basement, emptied day checked day checked (44 hours)When talking American guests I understand complained room lower floor âupgradedâ room fifth floor. Unfortunately party put rooms like ours. I British I felt foreign tourists get poor impression British tourist hotels experience here.For relatively small expense per room, rooms could made pleasant welcoming, even though small.",0.02184476568405141,0.38468726379440676,Jul 1 2004
43,43,"Sorry - Rats cleaner this! Stayed KE August 2002. There NO furniture except small night table one tiny drawer. One hanger closet &quot;space.&quot; Truly Edwardian furnishings - updated 100 years. The room 10 10 - extremely tiny living suitcases (due lack drawers closet). The Bates Motel inviting. Attempted change rooms, staff played bait switch technique - &quot;You'll ask next shift.&quot; All rooms saw same. We dealt situation making joke otherwise wonderful trip England. We still laugh Little Hotel Horrors. Cheap, worth price.",0.06634615384615386,0.4461538461538461,Jun 8 2004
44,44,"Dirty need repair It's hardly believe run down. The carpet curtains cleaned long time. There sort coffee maker room, think using it, dirty. In bathroom water dripping above.Breakfast basic, breakfast room also cleaned well.There escalator work.Overall big disappointment.",-0.2871527777777778,0.4366319444444445,May 23 2004
45,45,Beware !!!! Dirty !!!!!,-1.0,0.8,May 3 2004
46,46,avoid like plague,0.0,0.0,Apr 25 2004
47,47,Dont believe web site pictures!!,0.0,0.0,Apr 17 2004
48,48,overpriced dirty,-0.6,0.8,Mar 28 2004
49,49,hell earth,0.0,0.0,Mar 21 2004
50,50,Small Poky Grubby,-0.25,0.4,Mar 9 2004
51,51,needs good clean,0.5333333333333333,0.6500000000000001,Oct 27 2003
52,52,Dirty Rat Hole,-0.6,0.8,Sep 11 2003
53,53,Really run-down hotel!,0.25,0.2,Apr 4 2003
54,54,Disappointing,-0.6,0.7,Nov 17 2002
55,55,muy adecuado,0.0,0.0,Nov 17 2002
56,56,Muy bueno,0.0,0.0,Nov 16 2009
57,57,Mai PiÃ¹!!!,0.0,0.0,Sep 12 2009
58,58,sporco degradato non curato,0.0,0.0,Aug 14 2009
59,59,Ci sarei rimasta avessi potuto..,0.0,0.0,Jul 22 2007
60,60,Schlecht schlecht und schlecht,0.0,0.0,Jul 25 2006
