,Unnamed: 0,Reviews,polarity,subject,Dates_extracted
0,0,Dont bother! We paid best room ! - The electricity constantly going long periods. OK may part Indian way advertise 24/7 electricity. Even electricity shower NEVER worked - good price room!!it dirty grubbyThe staff unfriendly rude.The decent person roof top restaurant - really nice chapDont go - spend money elsewhere!!,0.2104166666666667,0.6100000000000001,Oct 26 2009
1,1,"Great value place backpackers A great place stay backpackers travelling budget- probably one decent choices area adjacent hotels seen disgusting. We paid 700 INR night double room clean a/c, hot water, even plasma screen tv! Great value money. The relaxed communal area pool tables, German bakery cheap internet/ wifi service. The thing I like food service I found staff quite slack orders took ages arrive.The location fine want part hustle bustle (the surrounded local bazaars), quite chaotic. Generally, Ajay Guest House offers good budget accomodation I would definately return again.",0.25955882352941173,0.5450980392156863,Aug 26 2009
2,2,basic accomodation - Good area We stayed Ajay's 2 times would stay again.It basic accomodation busy Paharganj area.The rooms bit gloomy typical indian bedding ( thin mattreses) get pay for.The bathrooms western toilet hot cold water another bonus.They also cheap internet site travel desk book tours change money. The restaurant stairs alway busy nice toasted sandwiches cakes call german bakery.If want stay paharganj area middle hustle bustle ok price ( prices gone since stayed last).,0.07191358024691358,0.4003086419753086,Jun 13 2009
3,3,"Terrible Terrible Terrible We made reservation via e-mail based recommendations guide book. Our reservation price confirmed travel arrangements. However, arrived overnight train, told room available double price agreed. The staff rude, aggressive, totally unwilling explain us reservation held. They accused us made reservation could prove had, told us late arriving, 90 mins train due arrive station 40 mins away, even though train details. The room offered appear clean, however, appalling manner treated left lasting impression. If staying here, confirm, confirm, print e-mails back plan.",-0.18177083333333333,0.5828125,Feb 27 2009
4,4,"Everything backpacker guest house more! I regularly stayed Ajay past 10 years, mostly budget rooms (basic: room, bed, bathroom - that's it). This recent visit, I stayed one refurbished rooms third floor I impressed. 600 INR per night good sized, immaculate AC double room (with sheets blankets), wide screen TV, cable en suite bathroom.As well excellent location, like Ajay provides everything India backpacker could want - lots communual meeting/hang areas (roof top cafe, seating areas floor, bakery/cafe, pool table internet cafe - budget price trying stretch pennies far go.On downside, rooms window, disorientating body clock demands daylight know time day night is, large open design building means noise travels rather well within building. Use ear plugs. On plus side, tucked little side street main Parharganj market road, misses much street noise. Overall, Ajay excellent dependable budget Indian standards I always found staff friendly helpful (actually, 10 years ago, I got bit bollocking manager locking room properly one time, different story - show took security seriously) safe secure place &quot;downtown&quot; part New Delhi.",0.2295775838744589,0.4307824987512487,Jan 15 2009
5,5,Terrible place!!! I found address internet contact them. They replied I deside stay there. Thanks God I pay one night! That place horrible! And absolutely agree comments!,-0.29270833333333335,0.7458333333333335,Nov 7 2008
6,6,"Horrible place stay This first visit Delhi, I say really horrified guesthouse. I'd already travelling 4 months dont think standards particularly high. It put grubbiest student flats shame! I arrived 3am, tired long flight picked up(arrnaged guesthouse) small van didnt start, get pushed several times strangers street! The room got tiny, like prison cell. The white walls covered dirty grimy marks dead insect stains.The bed old though think sheets relatively clean, place grimy dirty feel it. The bathroom disgusting, old, falling apart felt dirty. I also nasty experience someone waking 3am next night knocking door. I said hello times one answered could hear feet shuffling outside.I didnt open door im lone female traveller made scarred. Thankfully bolted door. Needless say left one night.",-0.19166666666666662,0.4630769230769231,Apr 11 2007
7,7,"Grubby unfriendly My husband I spent 2 nights Ajays. It's like guide books say. The bathroom filthy, sheets stained, men lurking floor. The staff unhelpful unfriendly. We asked bathroom cleaned filthy obviously cleaned months, clean it. We going back. On plus side get cable TV good distraction dirtyness!",-0.0654761904761905,0.5571428571428572,Dec 18 2006
8,8,"Who likes sticky beds? It may recommended many guide books, frankly speeking, I found Ajay Guest House Pahar Ganj (the Main Bazaar) really horrible. Our room dirty, bed sticky - I know whether bedlinnen cleaned all, definitely changer washing powder, yes. Staff helpful, either, overcharged airport pick-up (450 Rs instead 300 Rs prepaid booth). It might cheap Delhi (ca 500 Rs double room) opinion, worth even that. There better places rate around.Ajay Guest House, Delhi, India, Paharganj, 5084 Main Bazaar TÃ©l : --- Email : ---",-0.0015151515151515173,0.4446969696969697,Apr 10 2006
9,9,?????,0.0,0.0,Feb 12 2009
10,10,????????,0.0,0.0,Jan 29 2009
11,11,?????????,0.0,0.0,Aug 12 2008
