,Unnamed: 0,Reviews,polarity,subject,Dates_extracted
0,0,"Awful Hotel I travelling group friends decided stay place. Big mistake. We booked far advance, managed book us one room few. When argued showed various emails proved booking, said asked enough rooms fault. At first told us us would stay elsewhere, end finally relented found us another room. The staff rude pushy, barging rooms odd times day evening. Also, wait hour front desk whilst checked various booking details - seemed determined find reason let us stay. The rooms dirty, pokey noisy.",-0.15972222222222224,0.5569444444444444,Oct 26 2009
1,1,"Ok expecting much This place ok expect perfect. Location good. It's quite close metro close nice shopping street. It's bit building area first arrived middle night kind scared out. In daylight bit better though. Rooms ok, make sure one windows, ones back quiet. Place quite clean (for Delhi-standards), see bugs least. Rooftop restaurant nice, serve food that's quite ok, breakfast ok too.",0.3912698412698414,0.5312169312169311,Jun 28 2009
2,2,"stay Not good place stay! We part Gecko's tour. The room dirty, bathtub stained use moth balls sinks end smelling entire room. Service really weird. We two women travelling together may explain &quot;extra&quot; attention received. The bus boys would knock door various &quot;reasons&quot; opened door would attempt push way room, I start standing front door prevent this. There also knock door 9:30pm (we answer) followed call front desk knows wanted! There much nicer neighbourhoods Delhi - stay here!",-0.19821428571428573,0.5321428571428573,Jun 11 2009
3,3,"Not bad place stay... After reading previous reviews property I little bit sceptical comfortable stay would be. I stayed twice first trip India found good. The location good, close lot shopping metro station restaurants far away ask staff. The staff extremely helpful, porters reception staff able help us questions booked taxis us. As rooms, clean comfortable. Yes, wet bathroom - common part Asia. We also ordered room service food prompt, fresh tasty - porters always rang doorbell waited us answer door. It standard budget India better I expected - especially reading postings.",0.165625,0.5733333333333334,Apr 19 2009
4,4,"Not good place stay The booked travel agent price charged (I stayed much better hotels price I paid here), I expected much much better. The floor dirty, bathrooms wet..i disgusted. Dont know food restarant quality I decided eat I saw rooms. Also area noisy crowded. I attached pics I took...",-0.12142857142857141,0.5857142857142856,Dec 4 2008
5,5,"Far Perfect bad Really bad previous reviews suggest opinion. The exterior bode well definitely budget found staff delightful helpful. Room OK, dirty. It TV, fridge large bathroom. Did use restaurant can't comment it. However use looking luxury!!",0.2718154761904762,0.6728571428571428,Jul 31 2008
6,6,"Cheap place Rasika15/02/2008Sri Lanka,This good, good budget hotel. Staff friendly, supportive. Room boys speak English, bad time due lack communication. Food expectations, ok ( since budget hotel). Rooms clean &amp; tidy enough. Bathroom clean &amp; ok.You find PIZZA HUT &amp; MACDONALDS little far , working distance hotel.Also like Indian food good clean restaurant close big night market too. Also find lot money changers near hotel. Roads really busy &amp; noisy. So considering I think, person cant expect something budget hotel. I would like recomond travelers look cheep hotels. Remember bring bottled water along you......",0.25284090909090906,0.5473484848484849,May 8 2008
7,7,"Dirty By far worse I've ever seen.Been India lot half money charge, get much better.Don't go people try rip seen dirty cheap rooms are.They one suite put photos net.Absolute misguidance.When I stayed I called travel agent immediatly find different hotel.",-0.13333333333333336,0.6083333333333333,Apr 14 2008
8,8,"Strange Strang, strange hotel. Far perfect..Booked travel agent tour did. By far worst I ever stayed in. We ate restaurant once. We alone. The waiter took order, dissapeared 45 minutes returned food stand side restaurant stare us eating. Another waiter also stood watched us also took photos us mobile phone.We ordered room service on. Still knock, come room, close door behind them.. I know culture different seems get Australian, American British guests know find extremely rude.The area absoloutely awful. We even find somewhere buy bottle water. We felt scared, always followed, happy all.",-0.17187499999999997,0.5796875,Nov 21 2007
