,Unnamed: 0,Reviews,polarity,subject,Dates_extracted
0,0,"Trust reviews..avoid hotel. Myself 3 friends stayed Dee Marks 2 nights. We booked 2 rooms travel agent told decent hotel.We arrived late first night...and somewhat greeted warmly doorman. Hotel dimly lit seemed like one there. Room: tiny, single beds. Bathroom basic features...strong water pressure hardly hot water. If lucky..water lukewarm. Hotel employees well trained would linger around expecting wanting tip bringing us fresh towels, ice room service. Breakfast dissapointing. Bread, fruit...and order eggs waiter.We checked returned night later part tour package front desk male receptionist grouchy rude...and helpful friendly. Doorman hovering expecting tip opening door. None facilities open. Hotel hidden road middle nowhere.Would recommend all...there many others choose rate charging...US180 night..it's unbelievable.Would rate motel standard...a 2 star.",0.08934523809523809,0.40196428571428566,Oct 16 2009
1,1,"With friends 133095454 This Dee marks selected &amp; friends certain aspects, like reasonable rate package main security prime. As given good security compared rooms also reasonably ok. But come room package &amp; providing aspects , upsetting many things working I seen net like swimming pool , No WIFI Complementary(which mention complimentary net check) It provide aurvedic message also mentioned.&amp; main thing's like swimming pool, WIFI Complimentary, Aurvidic message,etc saw net, &amp; comparison hotels price quite reasonable, part provide things, I happy.As comparison food &amp; sweet item I found many items there, upset me.Apart good collection wine.....Rest less I found overall kind see side, like care full cross check bills, might wrong time happened me.",0.18540564373897703,0.4048059964726632,May 16 2009
2,2,"Good let staff I day 2 6 night stay Dee Marks. It booked company running training course.Overall good, rooms clean, spacious, value money. They individual air-con, good TV, bed comfy.But let petty things, namely associated staff.They big menu. Its first 2 nights row, first choice meal. Cut menu can't support it! I even ordered ice cream 1st night told chef melted it! That bit worrying; left wondering fridges worked left out.They advertise Wi-Fi, find pay it. I staying Premium room. Perhaps super-deluxe rooms free. On 2nd night, I Internet stop working half way through. I went complain, asked whether time run (it hadn't). It transpires one staff pulled network connection could plug mobile something!The shower lukewarm. I skipped second morning, freezing! With 35 degrees outside even need electrically heat it, use solar panels, somehow water cold.I foreign exchange. Only 20 ruppee note said they'd give later. OK, worth hardly anything, I'm principled things. On 2nd day I asked said they'd sent room. I never got I'm going ask again, things like completely let make look unprofessional.Overall, I would say there's nothing wrong Dee Marks - good value money. If want keep simple, use nights sleep fussy eat it'll suit perfectly. But could really good sorted silly things!",0.11925154320987656,0.40073853615520283,Apr 14 2008
3,3,"ruin stay dee marks last min decision travel india business. tried book 5* usual, however short notice imposible. rang rates go suggested dee marks, without option booked super deluxe suite phone price Â£550 5 nights. arrived charged card, shown room. frequent traveller instantly realised suite. challenged reception told equivelant suite. arguing reluctantly want back room found brochure outlining rooms found details suite reserved. went reception brochure. said room expensive would cost additional Â£550. explained rates go prices confirmed honour suite confirmed. said would need confirm manager morning stayed room tonight.after 15 hour flight 2am morning agreed.the next morning sceduled meetings away 6am returned midnight.on return told manager said pay difference. asked check go another hotel. quick phone call manager soon resolved manager agreed let suite however didnt recieve super deluxe suite deluxe suite.i decided dont want spent duration trip arguing seems going way. accepted it.once room, juccuzi didnt work water come taps. well shower luke warm water!!!i honoured deluxe complimentary serviceson business usually swim duing evenings however went pool disgusting cloudy. wonder deserted.overall would recommend feel justifies catergory 4* hotel.i catgorically say , business trip nightmare.!!?",0.144,0.5666666666666667,Sep 11 2007
4,4,"modern close airport We stayed one night early April 2007. A new, modern inside, didnât get see grounds since got late day left early morning. The folks checked us professional assured us taxi airport next morning included price room. However, next morning, different person tried charge us taxi ride. I argued him, I mentioned older gentleman Iâd spoken night said included, guy backed off. Not big deal, something wary of. Maybe get kind stuff writing hotel. We ate dinner restaurantâit good. As finished, wedding party arrived tried get way photos! Phone room didnât always work calling reception desk, trying make international call hassle. Nothing special hotel, clean modern thatâs want.",0.13634199134199138,0.366965367965368,Jun 17 2007
5,5,Proche de l'aÃ©roport et plutÃ´t propre. Rien de plus,0.0,0.0,May 12 2008
