,Unnamed: 0,Reviews,polarity,subject,Dates_extracted
0,0,"Not worth money spend External appearance great. The employees dress like professionals. But dress salutations! All employees accept great tips. But service really poor. I stayed one room. There heavy construction noise nearby. Also block bathroom sewage. Reported trouble. They changed another room. Room clean. But good bath room toilet (for amount charge). In bathroom ventilator new room bird's nest birds making noises. Looking 4th floor room window, view yard small house. You enjoy everything happening house. Internet connectivity room: They charge almost 15% room rent internet connection full day connection poor. You cannot serious work connection. I stayed two days even though I Delhi five days. The third day early morning I moved another better hotel.",0.12027667984189726,0.48918313570487487,Mar 20 2009
1,1,"Hotel bad best location We stummbled upon accidently, originally stayed Raj Hans road...but soooo disgusting paid double stay Atrium next night...our last night India. staying crappiest 5 star ever nite Atrium definetly upgrade...but felt empty . We got late ..about 11pm going check 9 morning lowered rate us. The location sucks, area unlit night...desserted....so first time traveller made uneasy...it basically middle developing hotels...construction surrounds it...I think trying build community resorts. The room small nice, modern. We ordered room service, wasnt bad. Room clean door joining room another could hear people next door clearly...the walls paper thin. I dont think I would stay nice enough....we never see guests,",-0.029040404040404023,0.4589646464646465,Feb 21 2009
2,2,"Terrible Hotel Terrible location We misfortune allocated tour operator.We told would staying four star Old Delhi. However transpired instead booked 25k Delhi another town altogether, Faridabad, unattractive industrial area.Our first impressions massive construction site spewing dust onto building peeling paint dirty windows. The room worst stayed throughout two week stay India. It dirty, electrical sockets attached properly wall, sheets stained holes first 24 hours hot water. The construction site began around six made noise loud enough wake us closed window.The arranged four atriums massive deserted. It seemed tour group handful others people staying capacity least ten times amount. The service remarkable little lax. A room service tray outside room arrived removed left nearly 48 hours later, despite various staff coming adjacent room period.It took 40 90 minutes get centre Delhi depending traffic therefore practical choice sightseeing city.I would recommend anyone stay hotel.",-0.17950000000000002,0.5366666666666667,Nov 21 2007
3,3,"Horrible intrusive service Atrium I misfortune spend around 10 days Atrium travelling business. Really quite disappointing start finish. I given room tiny window corner, facing onto active construction site active almost around clock. Besides noise, construction workers could look right room soon curtains open left without natural light time. When I got room shower work, took ages fix, toilet seat broken, hair bedsheets, carpets room filthy small details room, glasses etc, clean. I never offered new room.The service ranged being, best case, awkward, worst case extremely intrusive. In general always bad. After disappointing meal restaurant I pointed bill incorrect (in favour). Two times I assured fine. Two hours later I called room someone refused speak english managed communicate I needed sign bill. After said would come room. It almost midnight I already gone bed I said absolutely not. Minutes later, despite refusal, person knocked door, barged forced sign new restaurant bill correct mistake made hours ago. The difference rupies.Laundry returned almost 11pm always incorrectly handled despite clear instructions.I can't believe manages market international standard accomodation far reasonably expected worth price.",-0.11170562770562771,0.4744951298701299,Jul 5 2007
4,4,"Good excellent service We stayed Atrium three nights April.The service check-in check-out excellent; staff helpful friendly.The entrance grand, communal areas well decorated, rooms comfortable. Power erratic times, expected Delhi.You need transport staying hotel, little town.All nice hotel, I would stay again.",0.4890625,0.7875000000000001,May 9 2007
