,Unnamed: 0,Reviews,polarity,subject,Dates_extracted
0,0,My Stay Delhi Booked via Makemytrip. Hotel average. Location midst Karol bagh populated area Old Delhi. Close many places though. We stayed needed visit US Consulate Interview. Room good though balcony. AC good. Had problem bathroom lock. Got locked inside. Bathroom new jacuuzi effective malfunctioning. Room service good. Got value money extent. TV good. Was LCD. Would recommend.,0.4895959595959596,0.5682828282828284,Nov 15 2009
1,1,"oh gosh ...plz never stay went Delhi tour family consisting 3 members.we actually booked rooms reached late nite coz big traffic block delhi .the people said room available nite arranged room nearby i.e; omni .we agreed reached chechk counters gud room horrible ...it small conjusted ..we could hardly move around ...the bed spread , linens etc untidy foul smell ..now talk bout bathrooms better dont say anything .it untidy think cleaned year . rooms dark couldnt differentiate nite day . horrible experience . services ok . next day shifted booked(not omni) . thank god shifted . gud .but wud say everybody never go stay !!!!!!!!!!!!!!!!!!!!!!!!!!!!!!!!!!!!!!!!!!!!!!!!!!!!!!!!!!!!!!!!!",-0.19509803921568628,0.4462745098039216,Apr 30 2008
2,2,Omni honor reservation I reserved superior room one night Venere travel agency.(They credit card information) When I arrived 2:00A.M.after 20 hour trip New York City I told filled could stay there.I offered room another I declined. My voucher room night deemed meaningless. An Iranian Tour operator also problem arrangements made months before. A reservation might honored one else takes room arrive.I would warn staying run shabby people.,0.14727272727272728,0.7509090909090909,Feb 5 2008
3,3,"Not hole I'm working India couple weeks decided visit Delhi. BCDTravel India booked hotel. The place terrible. The area awful, feel like going get killed moment put feet outside (I know general zones India look good, really one worst areas there). The rooms dirty, smells, even found 10 empty bottles beer front room arrived (no one worried least throw moment) also left next day. Don't follow tramp pictures, must edited like pictures all. The rate like less US$10, more.",-0.2564444444444444,0.45444444444444443,Jan 14 2008
4,4,value money booked website made payment ther wa scared good enough reached airport welcomed like person family came recive different class reached like paid nothing ppl say value money say value money one difficulty experienced tv cabel working 2 hour later corrected recamend everybody visit website [--],0.3333333333333333,0.5166666666666667,Sep 13 2007
5,5,"No I want go Agra. I used staying inexpensive Indian hotels well Western style hotels India. Usually, Indian hotels certain price range (like US$15/night) fine shabbiness facilities. Other bathroom, room clean comfortable, even bathroom okay spotless. They provided kettle instant coffee/tea (although mug dirty dried coffee inside.) The free (!) wireless Internet, real convenience. But I would never stay pretty clear scam travel agency owns/is partnered it.I known I arrived place fleecing people. I tipped guy carried bags. Later, hunted bill 'ripped'. I know India wierd thing bills legal tender ripped, there's apparently exchange process take old bill bank they'll replace it, bill ancient, intact--not actually ripped. I'm 90% sure guy brought bill back thought deserved bigger tip, course since I small bills denomination, I give bigger tip. I now.Can I say, I sooooo sick following sequence questions:1. Sir, from? What good name? 2. How long staying Delhi? (answer, 2 days)3. Have ever India? (yes, 5 times)4. What today? (ummm, work, maybe going visit friends)5. Would like package tour Taj Mahal Agra? (or forceful 'you *would* like package tour Taj Mahal.') And usually refusal take answer.I asked _seven_ times go Taj staff--desk clerks, bellhop, including one extended conversation claimed problem hotels.com reservation, took travel agency block away 'check reservation' 'give feedback management' three guys took turns trying sell tours. The next day I get unscheduled wakeup call. I'm dead asleep, call room wakes up, asks 'hotel voucher,' &quot;I gave reservation sheet yesterday&quot;, &quot;What today?&quot;, &quot;Why want know?&quot;, &quot;You go Agra today&quot;, I slam phone. Even leaving hotel, desk clerk stops me, asks room number, interrogates plans (same guy morning phone? I know). I'm used touts. But staff honestly seem think I owe booking overpriced tour. It's like one condo timeshare sales pitches lasts entire stay hotel. Never I stay here!Checking same. Again upselling. So first get huffy, they're like &quot;you pay check out!&quot; Um, yes, I normally expect hotel. But frustrated 'voucher' voucher, reservation hotels.com (not prepaid, case.) Okay, I try pay. Despite lovely lucite stand sitting check desk saying &quot;We accept visa/master/american express&quot; refuse take card. &quot;Well take cards small amount.&quot; Yeah, like $80 small amount charge--in India, I've seen merchants set minimum charge amounts near $2. And like old decal stuck place can't removed, sponsored sign information it. It's brand new sign sitting desk says take credit cards. Okay, I'll pay cash. Then refuse give receipt. And reason? Because say internet reservation receipt! I hand guy wad cash, he's telling piece paper I I paid proof payment. I pushed issue got upset, refused leave I receipt (fearing would charge credit card used reservation well claim they'd never received cash.) Again trip travel agency around corner speak 'management'. He says 'we'll charge get receipt. We include luxury tax then.' I say 'and would cheated government tax otherwise?' The guy says again, &quot;we honest, would stay business otherwise?&quot; Right admitting he's stealing public coffers. And upselling. &quot;Where going now? You hire car day, 1100 rupees.&quot; In end ride airport cost 500, even though Indian friend taken ride, also booked hotel, previous day 350. As I'm getting car, guy says 'well 500 ride, 600 want A/C'. Well fine then, I want A/C. I spend half ride arguing. Driver tries sell great A/C is, tries pull &quot;I humble servant, hot, please pay A/C? Please sir! Please!&quot; I know full well he's getting 150% real fare, I'm gonna pay one paisa bait switch. I tell wants A/C badly pay 100 rupees (and he'd still making normal me!). At point money, principle thing hidden charges etc. I've yell three people get leave alone. And approximately 5 months traveling India period several years, I've resort yelling someone take answer twice hotel--once beggar tried stop walking sidewalk blocking path 10 minutes straight, dishonest internet cafe host.Please, please even bother trying hotel. Karol Bagh full comparable hotels generally lower prices come fulltime harrassment program.",0.08483790283790281,0.45036355619688934,Aug 19 2007
6,6,"Hotel Omni I got booked indian partners &amp; worst I've every stayed in! I happened stay last month &amp; everything service rooms terrible. The first thing notice would smell damp linen... everything bed sheets pillows stunk smell. Check In system horrible . I left next morning since late night staying neighbouring much cheaper, much cleaner nicer hotel! I get enough time India able get closed, I ever first thing I would do!",-0.13482142857142856,0.4255952380952381,Dec 26 2006
7,7,Feel like 5 star hotel. Excellent place live! Stayed week. Great service. Awesome staff! Rooms 5 star standard. Definitely get value money stay here. I strongly recommend.,0.4862554112554113,0.6404761904761905,Dec 9 2006
