,Unnamed: 0,Reviews,polarity,subject,Dates_extracted
0,0,You get pay Corus supposed provide 3 star experience business traveler limited budget location (CP) mind. For frugal sorts whose budget 4K seems best place available. Though increase budget 5K better places.My experience average following high/low points:The goods:1. Rooms bathrooms clean AC/TV/Mini Fridge worked well. They small I said want stay CP less 4K choices limited.2. Staff extremely courteous/professional helpful.3. Cafe coffee day entrance general location excellent far connectivity concerned. (Inner circle B blcok)The bads:1. Problems internet. In 4 days internet non functional nearly half time. A big nono business traveller.2. The buffet breakfast included price - plain bad. Didn't even bother going restaurant first morning.,0.09592731829573937,0.4368421052631579,Nov 17 2009
1,1,"Comfortable Stay I stayed two nights &amp; enjoyed stay . The centrally located .The room wonderful view . I could see entire Connaught Place. alongwith &quot;Central Park&quot;, ( I think that's call ! ). The breakfast included room rate , could room restaurant extra charges. &quot; Bonsai &quot; Restaurant well done , vibrant fresh look , served excellent food drinks style ,( nice bar ! ) , missing wonderful outside garden area. Definitely kind hotels want find. I'll back.",0.35392156862745094,0.5401960784313725,Jun 19 2009
2,2,"Good location ok hotel.. Delhi standards Corus expensive stayed India certainly best. This expected hotels Delhi priced worth cost.The location great, right center ring Connaught Place Old New Delhi. The sidewalk streets front filthy filled people begging money. But, upon entering vibe much better.. there's great coffee shop front (with REAL coffee, hard find India). And check-in lobby welcoming. The staff helpful quick respond needed something. The rooms overlook (loud) restaurant/bar never kept noise. The rooms small side bad. Breakfast.. stay away fly covered fruit buffet order menu. The food got room service great!I would recommend price range.",0.18658459595959595,0.5404175685425686,Mar 27 2009
3,3,"Rooms 209-211 ONLY -- rest dungeons We three rooms group, two dumps. No windows life. But one room top floor front building access superb terrace gorgeous view Connaught Place. Others complained kinds aspects, they're true. It's kinda dirty, breakfast terrible, rooms horrid without terrace. But, folks, Delhi. It's really hard find good place without paying fortune. The location Corus superb, helped make downsides. I'd probably go back unless I rooms 209, 210 211 guaranteed.",0.17152777777777775,0.6826388888888889,Feb 3 2009
4,4,"great location - dirty Stayed family three nights beginning 3 week holiday. Though location convenient every place intended visit, depressing first impression expect India. The tiny rooms could cleaner. Dirty, cracked windows gave us first look outside. Staff friendly helpful - positive! In retrospect, would better little research prior booking tour agency (Indian Moments) selected different based experience trip advisor travelers. Fortunately hotels higher quality Corus.",0.07745215311004786,0.4927432216905901,Jan 29 2009
5,5,"Depressing experience Barely better backpackers hostel, &quot;hotel&quot; wasone worst I ever stayed in. Very noisy, rooms offexternal corridor backing onto dirty back streets. Very basic amenities,worn sheets, bug-tablets &quot;bathroom&quot;, hot water.No lift, lug bags upstairs.Breakfast minimal patio next streets.Unfortunately next step 4-star hotels, thandouble price, made relieved thrilled.",-0.04807692307692309,0.4855769230769231,Dec 19 2008
6,6,"Worst I've ever stayed BUT... Myself 3 colleagues stayed Corus end November week. The booked Indian colleagues reading reviews I little concerned. However, although problems reasonable - much better I anticipated. The main problems were:- No hot water showers- My room room window- shower flooded bathroom used it- At night noisy outside colleague boiler room made noise constantly- The room serivce terrible - microwaved, luke warm processed food- The beds short person average height- The loo roll 4 squares paper!However, none massive problems us. I used earplugs every night, kept asking loo roll braved cold water fine. I havent stayed hotels India nothing compare to, exceeded expectations - plus points:- The staff always helpful friendly - manager particular lovely - The beds fairly comfortable (after getting used them!)- The mini bar fine drinks- We provided large free bottle mineral water every day- The rooms clean I problem bugs etc- We airport pick fineSo overall fine looking somewhere base, I know fairly expensive could probably get something better money.",0.04269957983193277,0.5692226890756302,Dec 1 2008
7,7,OK We stayed one night beginning stay India. We arrived room around 11 pm requested 8 wake-up call. Either misunderstood us 8 looked like 3 guess woken 3 am. Our room small window could assume 8 am. We got dressed looked watch ended drinking tea room breakfast. Breakfast outside patio area done nice. They put abundance food must full tasty. There elevator hotel. The lobby flight steps 2nd floor steps problem would good choice. It appeared good location city left early walked around park across street hotel. The offers free internet service. This frill clean adequate one night.,0.255,0.48958333333333326,Nov 30 2008
8,8,"Mixed experience Hotel reasonable, rooms small clean, excellent location right inner circle Connaught Place. The first room shown windows moved us one back window external corridor. This much brighter anyone walking along corridor could look window room meaning keep curtains closed lot time. There lot bugs came shower drain, perhaps feature New Delhi.Reception staff seemed either exceptionally helpful surly, between.Thereâs also great coffee shop front nice restaurant/bar ground floor.Overall reasonable money, great location. Next time though, I might choose spend little stay elsewhere.",0.2568052978767264,0.4790599876314162,Oct 7 2008
9,9,"Dirty stained A friend booked travel agent I checked TripAdvisor, pictures made look much promising really was. Walking in, I taken aback trash stairs. The rooms better. A green chair deep undertones brown dirty. When I pulled back blanket, sheets pillow cases stained covered strands hair. The shower wall covered soap scum grime. The air conditioning either commission uncontrollable full blast. The walls obviously suffered water damage stained.On plus side, everyone worked went way try helpful.Still, would never stay again.",0.004166666666666675,0.45416666666666666,Sep 2 2008
10,10,"Cought door bell man STEALING bags Horrible experience.Picture this. You go dinner forget camera. Go back and, open door room: surprise! There door bell man INSIDE THE ROOM STEALING FROM THE BAGS! I cought act I shocked broken room I left. The manager asked call police, try &quot;digest it&quot;.Do I need say anything else?",-0.35000000000000003,0.44999999999999996,Jul 30 2008
11,11,"One best options New Delhi I worked Delhi months needed convenient stayed within budget. Corus ended favorite option.Delhi place famous service efficiency, bearing mind, Corus far away better peers.The best part location - inner circle Connaught Pl. You right heart Delhi next subway/metro actually safe convenient way get destinations city (e.g., Red Fort / Old Delhi).The rooms small bathrooms better others, however, place quite clean, beds comfortable most, typically, hot water. (Please keep mind India absolutely none things taken granted.) The rate includes breakfast OK, better nothing. There fairly good japanese restaurant first floor hotel, garden. The food pretty good, little expensive. Careful though - nights turns disco, rooms 'back' sometimes subject loud noise 11 12 night. The also decent room services continental options, well traditional Indian. A &quot;Cafe Coffee Day&quot; connected front, Indian equivalent Starbucks, nice bonus (the brownie sundae recommended).Good luck! Bring plenty pepto-bismal immodium. You need -- worth it.",0.24961444805194805,0.5272564935064936,Jul 5 2008
12,12,"great given location cost probably good option This great location connaught circle funky asian fusion restaurant nice garden downstairs also really good (had craving california rolls happy see restaurant turned up!) The rooms however great. First time stayed standard room, could also called world's smallest room, bathroom, barely room turn around. Still fairly clean sleep well right stairs really noisy. Second time stayed next grade room much better size window funny mothball smell. They little white balls sink (according husband get urinals) found smell really overpowering. Still searching online hotels delhi seems either pay extortionate amounts luxury peanuts really basic rooms would say probably good mid-range option.",0.24412525879917188,0.44539337474120083,Apr 8 2008
13,13,"Best value New Delhi Hotels New Delhi notoriously overpriced, four nights subpar highpriced hotels stumbled across Corus Hotel Connaught Place. We liked saw immediately booked room return five weeks later. What joyfull experience returned! Friendly, uniformed staff excellent English skills eager help every way; small, spotless beautifully furnished room excellent bathroom; serene isolation chaos city; interior garden restaurant. All trimmings well-managed hotel. Price Rs 5000...about US$135. The final graceful touch allowing late checkout, offered us free use available room rest late night departure airport.",0.3154829545454546,0.5818181818181818,Feb 29 2008
14,14,"Make Sure You Don't Pay Much The Corus Hotel's location good - right Connaught Place. The mediocre. Our room small lot ambient noise. The staff friendly though front desk understaffed. As others commented, there's real lobby - instead walk cafe stairs get tiny lobby. The breakfast however good.",0.23307142857142854,0.5884603174603175,Jan 27 2008
15,15,"Avoid At All Costs! The first problem encountered finding place frontage like hotels, basically located upstairs inside Bonsai restaurant. The reception area small like corridor, adequate, nothing grand. We stayed two occasions three weeks booked tour guide. On first stay 3 days room fine, nothing luxury basic room good view Connaught Place central park. The next morning discovered hot running water, call assistance, staff made number excuses regarding boiler broke, already reviews left others, pre-warned! The third day toilet stopped flushing call engineer again, later cold running water ceased work bathroom washbasin. In end brought us bucket hot water jug wash in, practical hygenic better batheing all. The breakfast absolutely rubbish, mish mash foods edible together. The juices warm drinkable, butter hard couldnt spread toast. The restaurant basic, cleaniest place we've eaten at. On second stay things got worse, given room window, luke warm water bathe in...and bath tub stand shower. Apparently 65 rooms 6 windows, warned, premium room window!! The air con extremely noisy switched off, humidity room awful air natural light. Summing hotel, would recommend pay extra try somewhere like connaught hotel. We stayed 6 hotels stay India rest good pure luxury, really 1.5*, couldtn give even 2 stars dont think worthy it.",0.1088154761904762,0.5077291666666666,Dec 13 2007
16,16,"Not bad... I stayed October 2007 4 nights. Everything depends expect especailly going stay Delhi... If spend time meet friends colleagues, I recommend it.. But gonna entire day go sleep, point spend lot money 5 star hotels need pay 300-500 USD per night... First hotel's location perfect... It's Inner Circle Connaught Place [--] find many international fast food restaurants, shopping places, post office, etc.. close local bazaars. The clean modernly decorated. There hot water need wait minutes get probably use solar panels day central heating system nights... If order cheapest room website, stay room without window.. Actually problem I never stay room day. There big bath towel room ask it, bring ask. There hair dryers rooms either. You ask (if available) powerful. There air condition, mini bar (without much options) TV (showing mainly local channels) room. They free wireless internet I face connection problem. There lobby sit wait someone modern-nice popular coffee entrance hotel.. There also nice open air restaurant (Bonsai) hotel. I recommend order pick service airport especially arrive Delhi late night. I ordered one one waiting (Later, apologized mistake provided car departure). It's better take &quot;pre-paid taxi&quot; airport go self (I paid 350 rupees). The taxi drivers may know name tell driver take Connaught Place Inner Circle, easily find hotel. As result, best I stayed far feel uncomfortable small problems, I recommend it..",0.1878205128205128,0.5068376068376068,Nov 12 2007
17,17,"Worst Value Hotel Four Month Trip I picked Corus reading latest review Lonely Planet. Don't make mistake. This totally over-priced quality experience. It cost 5000 rps, plus tax, double room. For got:- One hot shower four days;- The shower cubicle filled water 2 minutes completely flooded bathroom.- The way staff could get hot water work turning hot water tap sink, letting shower run 10 minutes. But course, totally flooded bathroom. - No window.- Only intermittent television Internet reception.- The air conditioning system loud kept us awake night.- The staff friendly, unhelpful. When problems fix them, made attempt expected tip. We needed extra bed one night, took us five calls reception (over 8 hours) get it. We got going bed refused leave reception room done.I also annoyed price. When I rang make booking I told 5000 rupees, tax included. When I came pay I told tax included. I paid, said I annoyed misled phone. The lied claimed I booked travel agent!Whatever do, stay hotel!!! For price find much better place Delhi.",0.015624999999999995,0.6806818181818183,Nov 8 2007
18,18,"Nice little place centre town After looking reviews, colleague &amp; I said looked safe bet. The good location. The reception area nice &amp; refurbished arrived. My room main block &amp; windows. It quiet. Air con &amp; fan worked really well. The problem getting hot water. There never any. I mind much extremely hot humid cold shower suited fine. The free internet bonus too. I would recommend others. The price good. A nice restuarant included inside too.",0.29446078431372547,0.6792156862745099,Sep 30 2007
19,19,"Many probelms Corus! We booked collegue work recomended place Hotels Delhi overcharged wanted spend much. We booked directly webpage also payed airport pick up, since arrived late night. When arrived airport, one pick us up. We pay pre-paid taxi airpot brought us Connaught place, told us know hotel. The streets deserted entered another ask directions 1am morning! No one knew get Corus. After half hour asking lost finally arrived. We furious know picked us airport, surprise even reservation since webpage took one day process information (but say web page!!!) The ok, bed clean bathroom awful! hot water! comfort found many big insects shower. The breakfast buffet good, restaurant staff kind. However front desk staff almost rude unprofessional. After experience suggest pay little bit nicer confortable Delhi enjoy city.",0.17431249999999998,0.5608333333333333,Aug 27 2007
20,20,"great Hotel !! great place, good service, excellent oriental cusine restaurant called Bonsai ! overall comfortable stay. keep !",0.6916666666666668,0.6833333333333332,Jul 16 2007
21,21,"Great Location Great Service Price: Excellent $90Location: Excellent - CentralService: Hospitality Redefined - Pleasantly Surprised - New Hotel, Great ServiceRooms: Small - But Reasonable - Neat, Clean comfortable.They show room pics passage photos website.",0.4957300275482094,0.709504132231405,Mar 28 2006
22,22,"Only location saves it! We stayed 3 nights arriving India 3 week tour.The room large grubby sheets,tepid water special bonus blood stained towels!The breakfast comes room white sliced toast although noticed Indian guests cooked food corridor dining room.Mysteriously got letter Manager telling us chicken menu due bird flu!The one saving grace location heart Connaught Place new Metro station outside walk evening number good quality restaurants close by.",0.08025383707201889,0.5208677685950414,Mar 17 2006
23,23,"False Impressions Their motto &quot;Hospitality Redefined&quot; which, reading personal account, quite apt wrong reasons.Dirty, old sheets (one covered blood, removed 3 requests), cold showers (was told run water upwards 5 mins - even longer running time led strictly lukewarm), restaurant / eating room (breakfasts bedroom (no table, 1 chair - none conducive business travel), generator blasting away outside rooms (accessed via balcony-style corridor, overlooking shambles outside), phone bills charged room, toilet paper, Pepsi room bar, offstreet parking, formal entrance, instead flight steps street level, street covered dust &amp; traders.All exhorbitant fee U$155 nightly, plus 12Â½% Delhi tax fee. Owner would budge asked refund, based issues. It happened Delhi less fully booked Trade Convention, chance relocating, otherwise I would done so.Definitely 3-star material, fooled name, motto web pictures.In short, avoid like plague.",-0.005882352941176474,0.503921568627451,Nov 21 2005
24,24,Hotel MINABLE,0.0,0.0,Aug 18 2007
