,Unnamed: 0,Reviews,polarity,subject,Dates_extracted
0,0,"Poor service overpriced We booked &quot;day room&quot; Uppal Orchid order somewhere relaxing crash near Delhi airport 4 a.m. flight U..S. Though Uppal reservations told Indian travel agent booking could stay room needed leave flight around 2 a.m., checked 9 p.m., reneged. Instead, forced check midnight sit lobby airport transportation arrived, lot fun.In addition, found Uppal's restaurant Bonito's overpriced mediocore. Cannot recommend.",-0.20000000000000004,0.39999999999999997,Oct 9 2009
1,1,"Satisfying Experience This near Airport providing complimentory Airport Transfers Room/package booked. Hence, good Air travellers end paying high charges transport Delhi. Staff co-operative. Initially, I allotted room A.C. satisfactory upon requesting staff, alotted room higher category better A.C. Cooling. During period travel, hotel's part renovation effected menu coffee shop.",0.30724999999999997,0.50025,Aug 31 2009
2,2,Ideal near Delhi airport Was perfect overnight stay catch flight early morning. Good relaxation. Prices possibly high unexpected 5 star hotel.,0.41571428571428576,0.6914285714285714,Aug 12 2009
3,3,"The place plain simple Rip-Off. I stayed two nights. The food choice terribly limited, food nothing write home about, food prices exorbitant. The food quality service bad too. In price laundering day's set summer clothes, could buy fancy cotton-linen shirt! The place poorly connected, miles public area find transport. Their official travel desk horribly expensive. On second night, virtually water hot water taps - trickle. The fake-period bathroom fittings bad open hot cold water taps, cold water starts backing hot water line. I'd stay away place. Yes, please go EVERY item bill double-check. In case, travel bill added twice. The staff made commitment complimentary pickups drops, denied agreed great reluctance.",-0.13214285714285712,0.5977443609022557,Jun 21 2009
4,4,My memorable stay India I Uppal's Orchid inaugurated. Excellent environment. Excellent food. Excellent business meets.,0.8,0.9,Apr 28 2009
5,5,"Best Eco Hotels. Very Good Eco Hotel. Best part property Ambience , Services Food. They huge lawns , good swiming pool. Hotel lacks View Rooms bit small. Rest things order. Very good property located near Delhi International Airport.",0.477,0.546,Apr 25 2009
6,6,"Great Hotel This one great eco friendly located close IGI airport New Delhi. The entrance approach nice. The service also excellent. The problem theat Airtel mobile getting signals except lobby. It working even restaurants. Secondly business traveller quite far city center. However, experience stay great property.",0.4076136363636364,0.6337121212121212,Apr 21 2009
7,7,"Nice Quiet difficulties I stayed business trip total 7 days (4 days, left 3, returned 3 more). The quiet well kept given dusty area closeness airport. Every morning several workers sweeping floors watering plants. The gardens pool area beautiful, though enjoyable extreme heat. The difficulties I experienced were:The first room I stayed would play sound tv speakers bathroom. When I asked staff, said nothing could do. Also, internet access extremely difficult access (though I found similar every India) took several phone calls front desk 2 employees visiting room get met connected.",0.08913461538461538,0.515576923076923,Sep 14 2008
8,8,"Terrific airport What pleasant surprise! A quiet airport hotel, close airport, beautiful gardens swimming pool excellent breakfast too. We much wished could stayed enjoy pool gardens contained wide variety trees, shrubs plants. Walking gardens breakfast total delight.",0.36606060606060614,0.6372727272727272,May 18 2008
9,9,"A green centre Delhi. Arriving overnight flight needed place rest taking evening train. Our Agent suggested Uppal's Orchid would suit us ten acres grounds pool. He spot on.Despite arriving 04.30 room ready made welcome. The bed soft welcoming sleep ensued. Refreshed, enjoyed 10 acres gardens pool plentiful birds etc. The whole experience seamless pleasant. A light snack pool opportunity judge cuisine passed flying colours. Later bought snacks take us overnight train also wholesome.Our regret day rest get opportunity sample Restaurants facilities.Just 15 minutes Indira Ghandi airport place highly recommended peaceful stay away bustle Delhi centre.",0.19546296296296298,0.5406481481481481,Apr 26 2008
10,10,"convenient airport location Good rates available book via website.We used stone's thrown airport. We arrived crack dawn booked room could straight 5am sleep check-out time. It great respect, especially free airport pick-ups drop-offs. It saves lots hassel arriving early.The facilities great - restaurant suprisingly good (Chef &amp; I) quite taken aback quality cuisine.The pool huge really nice - went swim late afternoon place ourselves.I disappointed I'd paid extra room balcony. We arrived way India 2 nights stay find door balcony opened 24 hours arrived. When opened covered mess pigeons. Housekeeping clean still unusable. The manager came find us staying I mention suggest compensating inconvenience. I also mentioned checkout (at 6am morning) woman desk said she'd mention manager still charged full rate. I definately email follow disappointed staff pro-active it.The rooms comfortable, spacious clean definately worth booking arrive early late flight. We left bag travelled India, happy store us charge. We used way Delhi. If price range I would definately suggest worth it.",0.22833333333333336,0.5770000000000001,Apr 16 2008
11,11,"excellent Fantastic stay, short time really never got enjoy grounds....about 1 km gardens great spa gym access. If staying nice resort. The restaurants really good too. Rooms nice. It really middle where....near domestic international airprot reason hotel.People friendly, ...also remember one thing expect huge tips....We also rented car day, worked fine. We got driver name Jitu great. Enjoy! I would recommend place.",0.36020833333333335,0.5675000000000001,Mar 24 2008
12,12,"Three Weeks New Delhi I returned home three week business trip New Delhi. My stay Uppal's Orchid rated average solely based kindness courtesy staff. Although language barrier, often times taking two three tries communication clear parties, pleasant personalities willingness try, made experience positive one. Every staff member I met three weeks friendly helpful (with one exception...always one rotten apple, right!). They learned name; learned schedule... I late breakfast one day home late office, knew showed concern me. That good feeling traveling alone India. The room nice two exceptions... The bed rock hard shower set climb in, literally, turn shower tub... cold blast water morning ... well, powerful cup coffee. At least, water pressure shower fantastic. The climb shower quite challenging also, slippery I always pictured breaking leg head hard marble floor bathroom... take slow, go.There always, least, two bottles complimentary water room, one fridge another given turn-down service along nice chocolates. Try request room overlooking pool. My co-worker side enjoyed peaceful nights... I, other-hand, court-yard side building... Well, positive side, I got see two beautiful India weddings I believe huge, Bollywood party... sleep, I occasions event taking place music blaring through-out room. It really bother since hours office late anyway... weddings interesting experience.I issues food India generally... In beginning, I enjoyed local cuisine got hot &amp; spicy I wanted basic American style food, nothing really satisfied me. Even basic Club sandwich hotel, average American Club sandwich... I guess I knew would like that, three weeks long go without comforts home. All service people restaurants room service wonderful efficient friendly, meals enjoyable way... India food good part. I learned chicken Tikka third week prepared mild tasted like basic roasted chicken... I ordered lot time towards end... The Samosa's bad, spice tolerable... Bruschetta side fries, enough satisfy days!The breakfast buffet good. They omelet station made eggs order pancakes, too. That good me... also continental Indian breakfast items buffet. I really use pool facilities everything looked nice. The grounds beautiful quite pleasant take walks... guide book says, &quot;foggings&quot; twice day... I really find insects issue. The pool quite large swim bar.... And spa facility reasonably priced services I partake. It little Garden Eden. first timer India, I was, feel guilty driving around Delhi, tent villages, beggars, dust &amp; pollution, etc return little oasis hotel.",0.16101848601848595,0.5616795366795369,Mar 24 2008
13,13,"Serious problems -- book cheapest rate 'Leading Hotel' Booked Leading Hotels World site, so, paid close $400. Huge mistake! Front desk staff person rudest I encountered, treated wife I going airport checkpoint. No &quot;hello, welcome Uppal's Orchid,&quot; &quot;passport!&quot; &quot;business card!&quot; &quot;how settling bill!&quot; Granted, look like Bollywood stars getting plane Goa, money's what's supposed talk five-star, reservations made month advance. Also, book Leading Hotels site, pay top dollar return supposed get fringe benefits like automatic room upgrade, late check out, bottle wine, free gift, etc. At hotels, we've given everything two free one-hour massages, 6 p.m. checkout, Italian leather portfolio, fresh flowers. Or things, plus more. We view entitlements, Uppal's Orchid clearly taking program seriously -- shuffled straight closest room lobby first floor assured &quot;superior room,&quot; upgrade. Air conditioning work, teapot work, staff refused open (locked) private balcony us 8 p.m. (the next morning, wanted eat breakfast there, discovered -- cleaned weeks covered pigeon dung feathers. We make two calls maintenance clean it, even then, guy whisk duster table). Finally, begrudgingly given one-hour late checkout.All said, room small nicely appointed. The pool swim-up bar nice, enjoyed morning left. The grounds lovely. And when, paying full bill, I asked see manager discuss disappointment, I half-hour discussion resulting compensation.So -- would I stay again? Yes, via Leading Hotels World system. Uppal's Orchid qualify. If want LHW treatment, go Taj Mansingh (Taj Mahal) city. I would book Uppal's aggregator like Priceline Travelocity try pay $200 night, especially location middle nowhere Delhi Gurgaon. And enjoy pool restaurants -- Chinese one spectacular.",0.175,0.5485714285714286,Mar 4 2008
14,14,Very nice quit During beginning February 2008 I stay Uppal's orchid. I happy service/food specialy friendly staff. The people restaurants excellent job. They make stay extra nice. The food two main restaurants good. After 12 years visiting India I single problem stumic.The absolutely 5 star level. Some people negative stayed Oberoi Agra. This something compare. The Oberoi Agra close six stars expensive.One point comment. At lobby (coffe bar nice sweets) small band playing. Normely give something play. This band touching music notes. So I give roepies agreed stop playing.I compare 5 stars Dehli. Absolutely OK.try also small golf court nice......!!I go back there...,0.25777568922305766,0.5922431077694237,Feb 14 2008
15,15,"Nice Quiet Hotel The main reason decision stay proximity airport, actually, close airport. But shuttle service free. The located main road like large hotels, quiet. In addtion, room facing courtyard, nice. My room clean, reasonably sized.Women frequent India might noticed this, shampoo hotels provide (even nice like one), completely strip oil hair. I carry shampoo conditioner I travel India.Since I arrived 10:00 pm, checked early morning, I get see exactly property offer, I utilize fitness center morning. It mordern, nice treadmills weight machines. They also nice looking pool outside. For 5 star big city, reasonably priced. I would difinitely consider staying again.",0.2438186813186813,0.5129578754578754,Jan 6 2008
16,16,"good place families young kids We pleasant stay end month-long trip Nepal, Bhutan Delhi+ environs. Nice way finish trip. I almost forgot I Delhi!! Room modern, clean quiet. Grounds peaceful, lots room kids (both aged four) run around. Great buffet something please everyone. The children's pool excellent.... right temperature. The staff welcoming of, attentive little girls... gardeners picking flowers them, etc.If I pressed say anything negative, would staff quite grasp English would expect clearly sees lot foreigners.... e.g. would repeat three four times slowly get across fairly simple point, likewise would ask staff repeat could understand. But small issue.... great stay overall.",0.2517701863354037,0.5282401656314699,Nov 23 2007
17,17,"Outstanding property near airport We stayed last night India location close airport. This lovely hotel, set large grounds every amenity could need. A huge swimming pool, gym, choice restaurants nice bar. The room lovely, well appointed, great big bed, air conditioning worked, nice bathroom lovely shower. They claimed tap water drinkable provided plenty bottles anyway. The bistro type restaurant buffet evening many different types Indian food (and non-Indian too). The quality excellent. The car driver service need it. every bit 5* claim. They also claim 'Eco' hotel, although I dubious seem eco 5* (and importing Evian water France certainly isn't!). That aside - highly recommended.",0.3693233082706767,0.6240350877192982,Nov 23 2007
18,18,Quality Property This beautiful property. Our room well appointed line 5 star rating. Only regret could experience one day.,0.2833333333333333,1.0,Aug 9 2007
19,19,An oasis India Amazing service friendly staff. Loved property!!! Especially &quot;Chef &amp; I&quot; restaurant. Thanks great two weeks!!,0.5291666666666667,0.6916666666666668,Jul 11 2007
20,20,"Close Airport The main reason staying proximity airport. Most international flights arrive depart wee hours morning. Being 15-20 minutes terminal convenient whether arriving departing.The rooms centrally air conditioned, large enough, well appointed: TV, mini-bar, desk chairs, small sofa. (About half rooms look hotel's nice garden/courtyard.) Bathrooms good-sized, toiletries found better hotels, provide ample hot water showering bathing.The restaurant nothing write home about; breakfast lunch dinner buffets ample la carte menu also available.The business center several computer high-speed connections.Check-in quick efficient room service.Unlike luxury near-luxury hotels, Uppals Orchid rarely taxis tuk-tuks lined waiting fares -- one wait long time road front empty vehicle come by. The concierge, however, call taxi one appear 15-30 minutes later.",0.10908521303258144,0.4054511278195489,Jun 28 2007
21,21,"Rubbish After magical week staying Taj properties Rajasthan Oberoi Agra, final night flight home spent hotel. This huge let-down - desk staff werenât particularly friendly going motions, pool staff looked miserable. As early morning flight given room right next main lobby. All night run 2.30am departure could hear banging doors neighbours talking loudly next room - noise would appear travel air ducts. At 2am bunch guests lobby wandering around aimlessly, talking loudly slapping piano keyboard - infuriating happen right next lobby especially since reception staff seem care even pointed them.Thanks energy saving light bulbs - room looked dark cosy garage. But course live name eco-friendliness! However, eco-friendliness seem apply throughout hotel. For instance, air-conditioning unit restaurant set unreasonably low, happily pumping greenhouse gases strictly necessary.You could sort turn blind eye staying 3 star paying much. However since claims five stars member Leading Hotels World, I feel comments justified.I would recommend staying hotel. If early morning flight probably able get IGI Taj Mahal Delhi relatively quickly well looked get much needed sleep travel.",0.10756277056277058,0.5218809523809523,May 7 2007
22,22,"Good Stayed Uppal's Orchid 10 days business trip March April. Overall good, rooms nice clean, serviced every day turn bed night leave chocolates bed.The restaurant's also good, overpriced Delhi, cheap compared UK prices. The food high standard varied menu, criticism I would service could sometimes bit slow, would wait quite starter getting bill could bit nightmare.The pool area really nice, gets quite busy weekend families area come here, memberships non guests.Getting complimentary car arranged pick someone airport hard work charged watch this. Some colleagues also bother rooms, put deluxe room rooms available even though booked. This would problem could unpack 3 days told could getting moved day normal rooms, told 3 days would staying deluxe rooms. The far Airport 20 minute drive Gurgaon.My company regular trips Delhi I would recommend colleagues stay hotel. Some colleagues stayed Raddison Uppals much nicer lot smaller Raddsion quieter.",0.21460905349794235,0.5445362456473567,Apr 7 2007
23,23,"Good excellent service good food average price I stayed almost two weeks business trip March-April 2007, several colleagues. The Uppal Orchid 20 minutes Delhi airport another 20 minutes Gulgaon, host lot off-shored outsourced operations, including corporates Microsoft, Citibank Sapient. It's surprise see lot business people here, air crews airport transfer passengers. So exactly place stay tourist. It's 1-2 hours central Delhi, depending chaotic traffic, and- I'd question reasons staying company expense account. That's probably reason high prices. The Hilton road costs slightly more, caters kind traveller.Having said that, business visit, comfortable, well maintained hotel. Staff falling backwards please, Western traveller attention almost startling.Here pointers you, considering staying here:1. Internet connection - costs USD20 / GBP10 day, reliable never let down. There network cable room plug in, given access code running.2. Environs - lot around hotel, oasis greenery midst dusty suburban neighbourhoods. Even so, keen shopper, 20 minute taxi ride away malls Gurgaon, find cheap bargains almost anything. If back busy day office much likely stay nice meal sit pool. The 10.5 acres grounds also well tended green - good jogging trail one.3. Food drink - restaurants excellent, bar provides good selection. Prices Western Indian - cheap eat, quality good. Their Sunday brunch buffet excellent, unlimited alcoholic drinks, USD30/GBP15.4. Rooms - premium rooms facing poolside little garden balconies (some colleagues got those) standard rooms (I got one them). I real complaints standard room. There's safe, TV plenty channels usual international provisions, mini-bar coffe making facilities. It could room anywhere world I know. Beds comfortable (and firm).5. Monster mosquito alert: specific Uppal beware: leave windows open mosquitoes get through, may eaten alive. Being paranoid Malaria I kept mine closed, colleagues still bite marks several days after... This especially true pool-side rooms, close proximity water sources godsend mozzies. The sprays grounds every night dusk, try help little.6. Electricity - Indian colleagues tell used power cuts Delhi, every day, sometimes prolonged periods. The sheltered guests 5-star hotels (including one) experience mere second flicker, generator kicks in. 7. Water - claims water safe drink, I tested claim. You still provided free bottle mineral water every day. 8. Gym - there's small gym next pool. I say cutting edge, trick workout.9. Getting around - Indian prices, probably make sense book car driver day, corporate guest, get hosts arrange it. It seems ok get cab take away hotel, trivial get back. Drivers often know is, ask random rickshaw drivers several times way. Addresses straightforward India, saying &quot;On National Highway 8&quot; helpful either. If Delhi proper even worse, yellow/black taxis licence travel Gurgaon - may find little stuck. If else fails can't get back - get airport find taxi definitely know way. And whatever - drive yourself. Unless suicidal, is. 10. Eco credentials - The Uppal Orchid claims &quot;Eco-hotel&quot; much fuss environmentally friendly. It recycle water tries encourage guests save energy, general impression I got marketing spiel mission statement. All I enjoyed stay here. It worth remembering, drive dusty roads take wherever going here, maintaining kind Western make-believe standard must hard chaos around it.",0.12499063670411988,0.4157677902621723,Apr 1 2007
24,24,"Near airport - OK(ish!) 4 stopovers 10 days traveling India, staying 5*+ Oberoi's etc, travel agent dumped us dump 2 nights left Delhi. I forgot check OK.The rooms tremendously overpriced (US$362!) clean. They noisy (outside traffic + neighbouring room) felt 'run down'. Very depressing glorious 2 week tour I tell you. We upstix'd stayed downtown Taj &lt;US$200. Negotiated directly hotel.As another reviewer said, redeeming features airport's proximity (but early flight, transfers hotels &lt;30 mins); staff genuinely service-oriented.Avoid unless good $ deal need somewhere freshen hours jetting off.",0.10151851851851852,0.4892592592592592,Mar 25 2007
25,25,"Wonderful place We turned booked 3 star somewhere depths Delhi terrible I couldnt bring stay in.I must say arrival I left without doubt 5 star everyway possible. The grounds beautiful swimming pool pool area perfect relax unwind. Our room beautiful shower bath immaculate good water pressure. All staff nice polite, I actually found tried hard! When walking corridor one day staff member vacuming. When saw turned vacum almost stood attention I form royalty. I cant fault hotel.After reading reviews I quite shocked people found many negative things say.The TV good range channels, exprienced one power outage couple seconds thats India! The food good, room service good!Its location fine tourists managed get perfectly well. The high charges tours Taj 5 star doesnt!I dont feel anything poor staying ten 5 star hotels year I would definately say best without doubt, I loved it! Its definately 5 star luxury!",0.3232611111111111,0.6188222222222223,Nov 27 2006
26,26,"Excellent experience I surprised read negative reviews Uppal's here, experience nothing short fantastic. The staff extremely attentive friendly, rooms well-maintained, restaurants expectations. As example quality staff: I stayed two weeks business restaurant staff offered make meals menu I get bored food. Also, I suggested add breakfast items late night menu, taken care within days.As mentioned before, convenient IGI Airport office parks around Gurgaon. Probably stay tourist, perfect anyone business Gurgaon. The gym basic rarely crowded, would meet needs. There also outdoor tennis court, nice pool, small 9-hole putting course. The business center offers internet broadband rooms. Showers good water pressure hot water availability. Short power outages fairly common, pretty standard India last 10 seconds, big deal me.To address earlier reviewer, TV quite English stations (BBC, Star Movies, HBO, Star World, ESPN, Discovery, etc), complaints there.All all, fine place stay well looked after.",0.16005208333333334,0.5200520833333333,Nov 17 2006
27,27,"Not worth price - Not 5 star I stayed Uppal orchid business 2 weeks January 2006. First room assigned overlooking highway loud. I got changed inner room acceptable except elevator noise nights.There two restaurants, one chinese one essentially Indian/Western. Items breakfast buffet (breakfast available Indian restaurant) usually dry, especially south Indian dishes. You could however order eggs cooked style freshly made. Indian dinner dishes quite oily. The food definitely 5 star, like 2. Service restaurants disorganized. There 4 5 waiters asking questions (what would like drink, eat etc) taking orders again, annoying.Room service prompt, laundry service. Cleaning crew ok job toilets, I ask clean tubs bit every then. Couple mornings water pressure shower trickle, I told something power failures.Don't book travel agent hotel. The guy would refund money ($100) I paid trip Taj Mahal. The trip supposed luxury coach, end small, shaky loud diesel van. I cancelled rented mini-van. Extremely uncomfortable. Also, tour van/buses pick hotel. You go one real 5 star hotels (like Taj Palace) board bus. And charge almost $50 ride pickup locations. The whole thing professionally run.The hallway leading gym stunk like cheap motel, even though gym alright. It's nice walk small garden, least part away diesel generators. The putting green really small.Cable TV mostly Indian (hindi) channels. BBC Deutche Walle western ones.It's close international airport. But drive city center may take upto 2 hours depending traffic.",0.0790277777777778,0.4452222222222223,Mar 9 2006
28,28,"Problems Uppal'sOrchid I used like Uppal's Orchid nice facilities, friendly staff competitive rates. However, since luxury visitors Delhi increased leaps bounds, hotels always overbooked. So afford command higher premium visitors desperate get rooms whatever price. Uppal's unfortunately embarked tendency getting expensive Oberoi Grand Delhi nice. What's worse, price gouging loyal repeat guests, case. So, I must pay higher rate, rooms easier get Uppal's Grand (usually means booking months advance winter peak), I'd rather stay latter satisfaction yes I've paid nose I'm staying best.",0.13489583333333333,0.6733333333333333,Mar 5 2006
29,29,"Modern Hotel Close Airport We stayed Uppal's Orchid upon arriving Delhi. It short drive Indira Gandhi International Airport located secluded estate. The feel atmosphere modern, four-star Western hotel. Our room lovely, spacious bathroom. We dinner Indian restaurant hotel's lower level -- excellent entrees choice buffet well. Breakfast next morning also nice -- well-stocked buffet, although eggs little cold.If staying Delhi several days want close city's center, may -- may want try hotels Connaught's Square. (Note, however, Delhi dispersed city never really close anything.) However, arriving departing airport want stay close by, excellent choice.Our complaint involved lengthy wait cup coffee hotel's cafe next lobby.NOTE: Try avoid flying Delhi latter half December first half January. The city afflicted heavy fog creates major flight delays cancellations. We adjust schedule lose day Delhi account fog.",0.12686666666666668,0.35666666666666663,Jan 15 2006
30,30,"Good service missing basics We 2 rooms Uppal's Orchid vacation India Jan. 2006. Both rooms upgraded Club Room jacuzzi jets bath tubs. However, many people must use rooms. After first night, woke power room. No lights, heat. After call front desk, appeared fixed, power short period time power finally restored. The 2nd room hot water. We hurry catch flight airport start day right. After waking 2nd day, rooms hot water. They sent technician rooms fixed problem. Before I went bed, I set thermostat 23 degrees celsius currently 19. I woke thermostat reading 17 degrees. Another technician sent room fix problem. One phones working replace phone. All supposedly &quot;5 star hotel&quot;. I've done good amount travelling I've never technician come room ever fix something. Basic things like power, heat, hot water tested fixed prior, especially since club rooms 5 star hotel. We given consolation experiences, apology manager duty. Despite issues, food restaurant good, service good staff tried hardest keep us happy, pick drop-off airport fairly smooth. I would recommend going one chain hotels like Hyatt, Radisson, Intercontinental instead. We also stayed Intercontinental Nehru Place previously trip enjoyable experience.",0.20200176366843034,0.4970634920634921,Jan 9 2006
31,31,"Location selling point What's good Uppal's Orchid room contents behaved advertised; food buffet restaurant pleasant offered good variety; importantly, commute airport mercifully brief.Otherwise, I found wanting several key respects. At US$150 per night, one gets environmentally correct US chain e.g. generic Marriott Sheraton. In India cost 1/3 less does. If happy pay extra cost feeling environmental correctness country sorely needs it, may feel pricing inflated I felt be.Another major issue transportation. I requested taxi take airport early (5:30 AM) check-in. I first told make way front desk arrange this; choice words convinced staff member fact I paying somebody else walking me. In India, full service quite standard. There would back-talk Oberoi, would simply done.When came time board taxi morning, driver quoted price nearly triple standard fare 15 minute ride time morning. Upset crude attempt price-gouge, I went storming front desk. It I found taxi fact me, ordered another room drive outside Delhi. But clearly care enough help make sure I right car, driver course happy swap customers long made 300 rupees. About 15 minutes later, second taxi appeared sleepy driver bundled airport meter running.Uppal's seems acquired enough steady business flow skimp service maintaining something room price premium. If want clean place sleep near airport care taking DIY approach everything else, might like place better I did. I expecting value money, value gone time I finished dealing staff laziness.",0.1683740601503759,0.466624895572264,Dec 20 2005
32,32,"Attractive Hotel---BUT------ When checked in, told transportation airport &quot;early breakfast&quot; included. The early breakfast consisted greasy muffin. We settled bill evening since 4 amflight. However, accused &quot;using computer&quot; room manager demanding additional cash--all awaiting &quot;free&quot; transportation turned actually cost $12US extra. We finally convinced computer using room. Outside, waited waited driver. Finally, driver arrived time suit way airport anyway pick people coming hotel. We barely made airport, security, customs flight home!",0.1203125,0.45625,Jun 9 2005
33,33,"Fabulous Hotel We returning fom 18 day tour India final New Delhi overbooked swopped The Uppalls Orchid. It wonderful, superb beds, comfy, wonderful food choice resturaunts. The staff really nice, friendly genuinely interested been. We used spa pool amazed eco friendly methods used hotel.We thoroughly enjoyed stay would hesitate recomend anyone.",0.512396694214876,0.7867768595041322,Jan 30 2005
34,34,Tiene unos jardines bonitos pero encajan demasiadas cosas..,0.0,0.0,Sep 6 2009
