,Unnamed: 0,Reviews,polarity,subject,Dates_extracted
0,0,"ok clean friendly staff Although sorrounding bit low standard outside could friendly found rooms clean comfortabel. The staff friendly. We problems find place location google maps wrong, corrected meantime. Reception guys helpful. Room 303 sometimes loud Kitchen rooftop restaurant right it, otherwise area quiet nighttime.All pretty good price.",0.2241137566137566,0.5127248677248677,0.5127248677248677
1,1,"No Business Sources I canât use laptop here, internet access , client wanted visit canât find hotel, telephone operator bad rude helping directions. A backpacker area.",-0.4999999999999999,0.6333333333333333,0.6333333333333333
2,2,Good value money We chose over-night stay Delhi. The place good value money. It definitely needs little polish there... bathroom spotless!The staff friendly best make stay comfortable possible. Moreover recommend restaurant.,0.3875,0.61875,Nov 22 2009
3,3,"A good Paharganj We stayed 3 nights beginning trip around India. The area Paharganj touristy areas pretty rundown however gives quite good india experience lot India like. People remain kind put staring locals cheap close train station.The bustlig side street. It clean rooms well apointed, nice double bed, TV clean bathroom. AC room fan available. Good selection room service upstairs restaurant clean lovely views busy area. I find cockroaches - always reassuring!The staff extremely freindly. Happy help sort things always hand assistance. I cant speak Hindi communication difficulties nothing big. The brother owner offered tourist travelling deals already organised prior coming. He pushy offerred help anything else needed.One downside provide pick service, even though extremely useful expensive taxis pick airport. The want get rickshaw train station Indian/look touristy cost 10-20 rupees try charge 100-150 rupees. We ended getting quite angry walking 11pm(only 10 minute walk though safest area walk dark - risky venture)In summary - challenge staying Paharganj (cheap accomodation, authentic Indian experience proximity train station) I would recommend you. Clean friendly",0.28153703703703703,0.5881296296296296,Nov 7 2009
4,4,"Finding Oasis Delhi I stayed Lals Haveli one week September 2009 end 15 month trip around world. I booked hostelworld.com. When I first saw outside I wondered I droped correct hotel, I went inside I met friendly welcoming staff. The room biggest I stayed clean, nicely decorated, everything I promised. They provided room service nice. The food traditional Indian food, westernised, excelent quality. The located main road bussling side street, 500M New Delhi Railway station 1 Mile Connaught Place nearest subway sation. The room I stayed quiet guests respectfull quiet night.",0.19281857031857033,0.5155205905205904,Nov 1 2009
5,5,"feeling home home I stayed Lal's Haveli start end recent trip India. I given warm welcome clean room. Throughout stay nothing much trouble management staff. The rooftop restaurant provides great food cheap prices. Don't put area , give place chance I sure find wonderful hospitality. I booked trip connected travel agency found value money, safety woman alone I great holiday.Jean Hadfield",0.4606060606060606,0.623989898989899,Oct 24 2009
6,6,"Good value money find better Good location -right near pahar ganj, busy dirty area. Fab sweet shop outside. Place clean safe desperately needs refurb. There lots choice area def get better money shop about. No internet wi fi - around corner. Room amenities need. The staff lovely helpful. Would recommend dont expect luxury pay peanuts.",0.2530272108843537,0.5846938775510205,Oct 14 2009
7,7,"Best value money New Delhi Rooms much better reception promise. Spacy cozy, clean bathrooms. The staff polite willing serve. As area many hotels, difficult find better value.Makis",0.28367003367003363,0.6060606060606061,Sep 8 2009
8,8,"Great Place To Stay Great hospitality good priced rooms. Very simple design comfortable spacious. Bathrooms spacious clean usually hard thing find Delhi particularly price! The area great wander around close Connaught Place I recieved airport pick nice driver spoke good English. Staff courteous friendly food roof top terrace amazing!! Make sure get photos Delhi skyline, particularly sunset",0.4595833333333333,0.6456393298059966,Mar 1 2009
9,9,"Poor Query Resolution Reception I gave call hotel, I given two rates Deluxe &amp; Semi Deluxe rooms I asked difference them, receptionist curt said come see difference. When I said I book room I outside Delhi I come see it, said I tell difference. They badly need train staff decent behaviorhelloneoo@yahoo.com",0.06666666666666668,0.5833333333333333,Jan 26 2009
10,10,excellent amazing locationnice clean new roomsvery good value moneycourteous staffwould give 5 outta 5,0.5606060606060606,0.730909090909091,Jan 20 2009
11,11,"hospitality cleanliness This much I expected price! I arranged late night pickup waiting. The staff plentiful courteous. The room large clean. My problem Delhi cold time, I requested second blanket came think fast. The room service reasonable fast. The location good check center Delhi. I first time visitor India traveling woman alone Hotel made feel comfortable.",0.1841220238095238,0.6157440476190476,Jan 16 2009
12,12,"Somewhat dirty room spotless bathroom good staff I spent days around Paharganj area New Delhi, located. It's unfortunately main bazaar itself, rather north blocks (it 15 mins walk New Delhi train station), bit difficult getting back there, especially since rickshaw drivers heard know was. All all, bad, lot ways welcome respite hell Paharganj (to traveller going India first time, I highly HIGHLY advise staying Paharganj area first stay, quite frankly chaotic hell, stay somewhere like connaught place, relaxed, tons rickshaws available anywhere city anytime day get old city main bazaar around 50 Rupees ~ $1.50). The staff friendly helpful, even let keep luggage free week I left travelled west Rajhastan. One thing soon learn India staff tend sleep floors lobby, 6 train departure like I did, feel bad wake up, staff friendly even then. The room fairly well furnished. I paid 750 rupees night (~$20) single room, TV bathroom western toilets shower gave warm hot water (which still plus India, considering 3/5 hotels I stayed cold water). The bathroom truly spotless, biggest saving grace (otherwise I would give 1/5). The room clean, sheets pillow covers quite washed, frankly I killed 4 cockroaches I there, put things perspective. The room also bit musty lacked proper window.There two great things hotel. First, internet cafe right behind 20 rupees/hour. Second, almost right across awesome sweets shop called Bikaner Sweets (very clean western setup), upstairs sweet shop great vegetarian family restaurant, also clean cheap (highly recommended).All all, good sides balanced bad sides. The location great, room somewhat dirty, staff friendly, bathroom clean, internet cafe nearby restaurant bomb. If cockroaches dirty bedsheets, I'd give 4/5.",0.14491910631741142,0.5446859637537603,Dec 24 2007
