,Unnamed: 0,Reviews,polarity,subject,Dates_extracted
0,0,good value money Clark heights meet girl friend came Dubai. First hazy staying. reaching found safe nice pl;ace. main city course nosiy like Delhi. Under one roof services available travelers. From Pick Up Drop.I would recommend every one,0.40238095238095234,0.49523809523809526,0.49523809523809526
1,1,"Adequate rooms friendly staff beware ripped off! The rooms adequate though super super deluxe far nicer spacious lesser rooms. Not great value money noisy due construction work busy road outside. Staff reception nice friendly, exception travel agent charged extortionate prices hiring taxis double charged us (service charge) booking train tickets Amritsar. We also told Delhi closed Friday order sell us trip Delhi, reality wasn't! This gave us bad impression whole.",0.1563541666666667,0.49208333333333326,Nov 22 2009
2,2,"Don't stay hotel. Rooms ok, everything else terrible place. The staff changed pricing us many times (and course, charged us). They restuarant although say do. Instead order something, find street bring room. Every person see expects high tip nothing. They say internet, computer use front desk. Overall, worst place I stay India price one highest.",-0.13999999999999999,0.59,Nov 22 2009
3,3,safe place We booked 10 rooms marriage purpose three nights stay. Hotel staff helpful speciall lady reservation helped us alot arranging batchlores party basement. This near house marriage location. aur family members came form different parts enjoyed cherish stay there.,0.266,0.524,Nov 21 2009
4,4,Average lots hidden costs We stayed Clark Heights 5 days November. Original boyfriend I given wrong room - paod super deluxe put us delux - arguing case graciously put us much better room. Some staff nice charged extortionaly organising taxis (including car Agra) service charge train tickets high. Recommend get Rickshaws use taxis. Overall noisey average hotel.,0.16196969696969699,0.5809090909090909,Nov 20 2009
5,5,"Poor value money This nothing special. Firstly, currently undergoing building works staying construction site. The rooms basic. The reception staff helpful, except woman arranged trip Agra Amritsar - ripped us told us untrustworthy refused pay charges told us about. This told us whole Delhi would closed one days there, found later true. There always someone available drive us places, though expensive cost. All all, impressed stay here, book trips without negotiating price first.",0.12976190476190477,0.43998015873015867,Nov 18 2009
6,6,Seepage Room Paying money nearly hotels expected standard butthere seepage rooms smelling. We notunderstand give room customers.,0.2,0.36,Nov 15 2009
7,7,No Limit cheating. I book room internet. No pick refund. 80 Kms. small taxi 15 Rs. 1 km. cheating travelers coming 1st time india. High price hotel/ guest house.,-0.045,0.47,Oct 29 2009
8,8,"Good value nice location We stayed 4 nights. The nice location - yes, noise streets - nothing couldn`t live with.Friendly staff ok restaurant cheap food.",0.4893939393939393,0.7166666666666667,Oct 28 2009
9,9,"Love location I months september father. I would like share views abouth clark heights. I personally feel good people visit first time india bcoz here, I found helpful caring people helped tour well well organized staff. The rooms nice specious I love give **** star hotel. Only problem taxi driver fast.I like bcoz location main road parking facilities plus market also near place. Here, Reception staff extremely helpful well behave...",0.27869047619047616,0.599047619047619,Oct 23 2009
10,10,loving wnt really impresd intrir.................the staff really good coperative..............i enjoyed hotel.........the food delisious.......,0.5,0.6125,Oct 21 2009
11,11,"Noisy The clean, room mid size.No pick airport. Very noisy night.Staff nice location ok; prepaid 250 IR car taxi airport",0.3333333333333333,0.5,Oct 11 2009
12,12,Truly home away home. The experience clark better five star I v stayed I v stayed many I flight attendant . The rooms way bigger n nicer most. The staff incredibly attentive caring .(especially kids nt want step home there.) The food divine. took every care cater kids' special 'out menu' orders. All town tours Amritsar n Agra well arranged.The thing I think They could improve upon toilet ameneties external facade.,0.23852813852813856,0.47922077922077916,Oct 10 2009
13,13,"Constantly mislead I arrived Nov Delhi family. We booked clarck online easy. As expected picked airport. The rooms nice photos online, all. We arrived late little choice. cheat us badly.........",-0.03630952380952379,0.6190476190476192,Oct 10 2009
14,14,"Wrong Presentation I booked friendâs recommendation looking reviews trip advisor. The clean 25 % displayed as. The staff eager sell tour Agra Jaipur. There ware small insects room, bathroom foul smell. The busy road sleep whole night. Charge quit high compared services. We recommend traveler USA Europe.",-0.07888888888888888,0.5399999999999999,Oct 6 2009
15,15,"It's completely type would prefer...... I enjoyed great 2-days stay colleagues. The interior impressive I must give special compliment 2 staff managed well. The service really upto mark moreover, I liked location. I mean easy get places prime requirement trip. And, getting reasonable price none less pleasant surprise. Infact, I looking forward stays CLARK HEIGHTS future trips Delhi. I would definitely refer hotels friends....:))",0.31682330827067673,0.5723997493734335,Sep 24 2009
16,16,"Excellent service pleasant helpful staff Warm ambience Hi ,I visted india month aug, freinds fro wedding, Since wanted stay closer central delhi abudget , chose hotel.Good value money.The staff courteous , freindly helpful. The rooms nicely done clean. The late night coffe shop blessing us due late night wedding function.The staff even helped us getting things missed carry along.,They even got gifts packed elegant way.I would recommend thsi friends US. would definately go back stay ther.e everytime visit Delhi.",0.2416666666666667,0.5727777777777777,Sep 14 2009
17,17,"Awesome simply Awesome I Clark Height month JUNE. I stayed 2 nights 3 days. I must say best place never mean staff excellent. specially fav place roof top restaurant pleasant place , 24hrs coffee shop, service best delicious food too. Rooms quite clean Comfortable king size bed relax urself. Infrastructure beautifully designed, internet facilities provided best speed good work without interruption else place pay around 100 Rs. really helpful atmoshpere. In short say Awesome place next whenever gonna come Delhi stay definetly der Hotel Clark Height",0.5304383116883117,0.6011634199134199,Jul 31 2009
18,18,Run Away Many time think best get nothing get bad experience yes I bad experience room given dirty towel smelling.I booked internet fails pickup airport even service night good. Big ManMushtaq,-0.19124999999999998,0.5166666666666666,Jun 21 2009
19,19,"AWSOME HOTEL I went india last month business trip stayed Hotel Clark Heights.It wonderful experience.Room immaculately clean, bedding pillows heavenly , bathroom dressing area nice, separate space office desk chair.. A lovely hotel. All staff went way helpful pleasant.Enjoyed visit. I would definitely go back.",0.44111111111111106,0.5861111111111111,Jun 13 2009
20,20,"Excellent hospitality food We returned 6 nights stay Clark Heights New Delhi. Being India, I much familiar issues hotels India I must say, wife I thoroughly pleased service room provided us. It crowded road, accessible mero km away walking. The best part clean bathrooms sparkling fresh. The double delux room bit small, found quiet, corner room us. The room service special requests immediately taken care of. The thing thoroughly enjoyed food. Since six year old son us trained eat spicy food, asked cook(chef) make sure spice. That always complied with. The menu mostly North Indian food Chinese Continental options also. They even packed sandwiches us early hours(4am) morning go Agra. The food tasty, times sight-seeing Delhi, used head back lunch food. (There famous four-start Connaught place whose restaurant refused make food spice, walk out). The basement retsaurant used lunch roof made roof-top restaurant open-air pleasant. We see metro line moving trains roof-restaurant, something son enjoyed. My wishlist must tie reliable cab-service, concerns car one days(got inexperienced driver - bit dangerous Delhi traffic, stopped car couple minutes got another reliable driver stuck to), otherwise pickups airport drops went plan. Overall, good experience visit Delhi again, price, good stay.",0.2999502164502164,0.5402732082732082,Apr 12 2009
21,21,"Decent Hotel Great Staff This decent want live around patel nagar, busy intersection, carefull booking room. Do book room metra side, able sleep. Hotel staff good. I issue rental car I call 1000 KM away cell phone gave changing network. Receptioninst lady gave cell phone use early morning. Accept one minor incident overcharging room service(This corrected front desk right away apologized I believe mistake.). Rooms clean, bathroom great international standard property clean.",0.3367965367965368,0.5483779761904761,Feb 24 2009
22,22,cleancomfortable friendly. First time India poor night Mumbai I pleasantly surprised Clark Heights hotel. Convenient Delhi Metro I found difficulty getting around.The room clean well appointed flat panel TV.,0.1111111111111111,0.5263888888888889,Jan 20 2009
