,Unnamed: 0,Reviews,polarity,subject,Dates_extracted
0,0,"Great escape old delhi Very good service, big clean rooms, food ok, free breakfast. The downside price Delhi expensive anyway.",0.28629629629629627,0.6144444444444445,0.6144444444444445
1,1,"Good location good price As mentioned reviews, located dark dirty alley cycle market Old Delhi. There full-time security guard door, though feel unsafe (if I may different).You get pay - rooms basic, dark, small. But clean, cheap, ideally situated visiting fort, mosque, bazaars Old Delhi. The also quite noisy. Our room shaft outside window must gone kitchen, able hear people night / early morning. Also, window door lets light throughout night. We ate restaurant stay. The serve alcohol, send someone get beers (at Rs 120 each). The food decent reasonably priced. Breakfast included cost, although substantial, fresh sufficient.I'd recommend anyone looking reasonable accommodation Old Delhi. It spectacular, good enough one night.",0.17342592592592596,0.4976851851851852,0.4976851851851852
2,2,location bad This place like backpakersâ family young teenage children. The people street near pass bad comment women girls. Bad area though,-0.27142857142857135,0.5428571428571428,0.5428571428571428
3,3,"Not bad want visit Mosque Fort Hotel situated old Delhi, meaning like quiet neighborhoud, forget it. However small street rooms quiet.Old Delhi really messy, little harsh first day. However, ideally situated want visit Delhi fort Mosque.Hotel clean, bed comfortable hard time. We slept ok.The restaurant good, go.Service nice enough (not amazing though).",0.06985294117647059,0.5705882352941177,Nov 23 2009
4,4,"SECOND STAY IN HOTEL TARA PALACE. LOVE IT I visit Delhi every year help small charity called 'Butterflieschildrights' stayed several hotels. This far best place I ever stayed in. It clean, friendly food really good. I female 65 years feel really safe. I made feel welcome staff really caring. You need stay really posh hotels guarantee get cleanliness service would pay for.Whilst I agree passage way feel little daunting, smile say namastar every one fine. I staying every time I come Delhi know like coming home. What want.",0.306712962962963,0.430925925925926,Nov 22 2009
5,5,"ânot well maintainedâ Itâs new built &amp; maintained. Furniture good, rooms small sized, bathroom tiles dirty W/C back also dirty. Ok needs thorough cleaning funigation.",-0.016233766233766236,0.5077922077922078,Nov 19 2009
6,6,"Clean tidy Had booked internet. We bit doubtful arrived dark. The area alive busy alleyway bit daunting. But inside found helpfu staff travel bureau. The bedrooms spacious, clean bedding changed daily. The bathrooms spotless. The restaurant served good selection food. I would recommend anyone. It interesting lively area wander around daytime.",0.20580808080808077,0.5483333333333333,Nov 15 2009
7,7,The place Old Delhi This real find. And middle noise madness old Delhi.It helpful staff immediately put fears rest find Charles Dickens like neighborhood. Some fine restaurants area recommended (Karim&quot;s Mughal food Delhi institution since 1947). The attached travel agency oneof best I found long time. The agent Rameez sorted problems time flat made sure I taken taxis touts. I stay January get Rameez help travel plans another month India. He fast getting everything right. Better I bookings one spot...Just wish wifi rooms..,0.26364468864468865,0.37304639804639805,Nov 14 2009
8,8,"Amazing place right middle old Delhi Has free pick airport/kamikaze driver paradise India (Kashmir) drove wildly night streets early morning Delhi. In middle old quarter Delhi run modern - extremely clean cheap lot helpful staff. Breakfast bit poor, view terrace Red Fort, Jama MAsjid Jain temple well life old quarter delightful priceless. A must anyone wanting expereince real India first hand.",0.23234126984126985,0.4378968253968254,Nov 13 2009
9,9,"A Bright Star Indeed Spent one day family arrival India. They driver waiting airport. Very efficient, personable service, great rooms. You take valuables like laptop front desk security. Tremendous views old city rooftop. Nice clean rooms good bathroom prompt room service.First time visitors might find approach bit disconcerting side alley near fort, fears dissolve enter lobby. Took away one star account ordinary food served restaurant. Otherwise, awesome highly recommended anyone visiting old Delhi catching train there.",0.3606666666666667,0.5993333333333335,Nov 7 2009
10,10,"Fab Place Stay Delhi We arrived Delhi first stop tour India, although taxi arranged pick us 1.5 hours late see traffic quite understandable dont let put off. The alley putting get well worth it.The clean staff welcoming. The restaurant food good dont want venture evening looking places stay.The roof top must like beer staff bring table chair sit admire view, peace quiet hustle bustle.A fab place stay Delhi - dont miss best bit wonderful welcoming staff",0.40166666666666667,0.4766666666666667,Nov 6 2009
11,11,Noisy Stayed 2 nights girl friend surrounding place crowded noisy. Lot poor people baggers area irritate heights.,-0.1,0.44999999999999996,Nov 5 2009
12,12,"""DIAMOND IN THE ROUGH"" The path leading Hotel Tara Palace looked shady; I totally doubting place, since late night I thought better room stay opposed looking one dead night. This smart decision proved one many trip. Another smart decision consulting in-house travel agent â Rameez tailor made tour me. One places sent controversial un-safe tourists âKASHMIR.â It turned smart decision. Kashmir reminded valleys I seen travel Europe. Its fresh mountain air, green open spaces, abundance water great find. Overall trip full smart decisions!",0.15892857142857142,0.5498015873015873,Nov 1 2009
13,13,"A gem hectic chaos Old Delhi This first stop Delhi whist arriving culture shock (Old Delhi chaos) clean tidy oasis. The alley welcoming approach inside soon forgotten.The room well air conditioned clean bathroom rather dated wet room clean served purpose. The shower always hot water, seems available morning time.The rooms basic, adequate lacked window meant quiet certainly room would want spend alot time in. To honest ideal room get long journey - quiet slept uninterupted 12 hours! The AC worked well.The 24 hr restaurant good prices. The food good homemade cooking (the sort mum would make Punjabi mum!) tasty, The breakfast complimentary, Indian breakfast good, continental style little confused, job.The staff excellent. The roof terrace. You eat drink great place see Old Delhi roof top height. The location excellent Red Fort, Mosque, Chandi Chowk shopping Sikh Temple.The travel desk book train tickets small fee well worth it.Would stay - certainly appeared one better hotels Old Delhi.",0.3025116144018583,0.5018583042973288,Oct 30 2009
14,14,"Highly Recomended Hotel Tara Place It first time india decided go Old Delhi chose Hotel Tara Palce donât regret decision single girl gave family atmosphere felt comfortable safe...my room clean food delicious location beautiful view Red Fort Jama Masjid. Staff great, Special RAMEEZ helped travel isues..Deffinatly back again.Highly recomended female travelers. Thanks Rammez come back soon.....",0.27483630952380955,0.44129464285714287,Oct 16 2009
15,15,"Be wary We chose reviews trip advisor, especially review travel agent Rameez plans books tours North. Firstly suppose picked airport one meet us, called 3 times waited 1 1/2 hrs pick up.The location alley way beats managed get photos website looks nothing like it. I like area Old Delhi like leaving room, found men area looked western woman like scum, even though husband still shoved street. I found area disgusting dirty.We booked trip Rameez helpful would suggest anyone make sure confirm everythinhg ask lots questions. We found travel agents quick say problem Madam!. We tour Varinassi, Agra Rajastan, would recommend take time trip found alot time mornings driving next destination, get early afternoon, sight seeing rather rushed late afternoon, sleep night next morning. We assured change itinery time, got tired moving every day, hotels werent confirmed would arrive places like Jodhpur booking us ended chase Rameez got horrid room end TV A/C paid for. They tend make lots excuses pass buck, confirm confirm confirm!!!!!The booked Varinassi far away Ghats, town mercy travel agent works company, would recommend ask guest house closer Ghats part everything going pay taxi's go everywhere.As rooms spacious, hot water shower, good room service.Just wary booking trip check details thoroughly.",0.00845959595959596,0.5368686868686868,Oct 15 2009
16,16,"Wonderful old Delhi The Tara Palace great little hotel! The staff friendly helpful, rooms clean large, food good. Breakfast included I recommend Indian breakfast parrathas. The airport pick-up worked flawlessly, great since arrive 8PM. The location middle Old Delhi, normal tourist trail,i intimidating newcomers. But I walked late 10PM trouble all. It blocks Chandni Chowk market, classic old-style Delhi market full wonderful surprises many side alleys. It THE place buy sari (if looking) lots things awesome walk around. The Red Fort also blocks away must-see. If stay here, sure check roof. It great place check another view city staff bring tea even whole meal here. For price (and want see real Delhi) great nxt time Delhi I staying again. BTW, I 55 year old white American.",0.3123541967291967,0.49539442039442033,Oct 12 2009
17,17,"A Special Place see real Delhi If want see real Delhi place. It clean, comfortable well presented pleasant helpful staff. Room pleasant view, aircon ok noisy.Location little side street may seem quite intmidating I found case time I feel risk. What special see Red Fort sites roof atmosphere area. During day located iin bicycle market lively. At night becomes fruit vegetable market sellers setting pitches road side camping lights display products. The area comes life see real Delhi one place.",0.23224544552669554,0.5400049603174604,Oct 1 2009
18,18,"Nice safe place Nice cheap hotel. The rooms clean middle old town, far metro line. We stayed 3 nights, avoid room near kitchen they're always work.",0.30740740740740746,0.6111111111111112,Sep 20 2009
19,19,"A nice place stay heart Old Delhi ! We booked first night tour India pick International Airport: wait us, good start indeed. :)The clean, staff efficient helpful. The location could appear first glance safe, place crowed, felt safer wondering foot Paharganj.",0.2799358974358975,0.4851282051282051,Sep 15 2009
20,20,"In heart old city Very clean rooms, confortable crazy day streets old Delhi, quiet, nice allways available staff help anything need. The location better. Great food, could say one best food ate India.Great value price.",0.33766666666666667,0.5593333333333333,Sep 6 2009
21,21,"Old Delhi Palace We chose looked quite nice price, location quite interesting first contact India, alley middle old Delhi, walking distance Red fort, big mosque, NDLS DLI railway stations. The rooms clean tidy, neighborhood quiet staff nice helpfull, restaurant excellent food, maybe best food ate India, available 24h day!",0.37444444444444447,0.4577777777777778,Sep 6 2009
22,22,"Fantastic stay Tara Palace Our experience started airport. The driver welcome us, friendly informative. The front desk staff outstanding, friendly, helpful nothing much trouble. All special requests arranged prior arrival. The rooms clean well appointed security high list priorities. The 24 hr restaurant room service definite plus point property, waiting staff efficient friendly. All all, well run hotel.Mark Walker - Goa",0.30556746031746035,0.588202380952381,Aug 25 2009
23,23,"Great Hotel Begin Indian Journey! This first stop India month backpacking trip, sure cheaper hostels nice pick airport security knowing someone waiting us flight arrived night (and late airport lost luggage!!!) Everyone helpful could literally order great food hour day food delicious!!! men front desk helpful- gave us internet free, gave us directions places, second day met man named Rameez, I remember works adventure travel company (his office attached hotel) Rameez sat us figured exactly wanted go month together decided kind class hotels willing stay in, booked ALL train tickets (which available us next day!!!) He organized cab drive us next 7 days journey Agra Rajasthan province! He helpful, funny excellent English, listen wish do, honestly gives decent rate, throughout whole trip issues booked hostels tickets (including flights) could contact time, really helped us two girl travelers ALOT!!!!! Sooo many positives, negative- make sure get hotels want (ie. want stay shopping area want stay away tourists, want go backpackers are!!!!! BE CLEAR!!!! Also area want tour pick hostel night, sure let Rameez know plan around schedule give him!!!!!! Overall like I said great place start trip helpful workers travel office arrange trip problems!!! We deeply appreciated help company given us!!!",0.3306268703170687,0.5562865497076024,Jul 20 2009
24,24,"Good value money! Hotel Tara Palace website: www.tarapalacedelhi.comMe wife stayed three nights Tara Palace two seperate occasions July 2009 part sightseeing trip (golden triangle).Following list pros cons well general notes service:The Pros- If want Old Delhi (or near Red Fort), location good- Cheapest class I could find- Very neat tidy rooms good airconditioning- Away busy streets (See notes though)- Check-in / fairly easy. No hidden costs, credit cards accepted.- As per website extra taxes added later on.- Free airport pick-up- Complimentary breakfast (Not great, acceptable)- Room service menu cheap prices- 15 minutes complimentary internet usage downstairs- Elevator floorsThe Cons- If youve never India third world country, location might suitable you- No leeway pick-up / drop-off (see notes)- Travel agent slightly pushy (but probably job)Notes (Please note budget hotels Delhi issues)- Hot water available one three days (it 40 deg C outside though)water pressure shower acceptable though.- Try stay third floor. The kitchen restaurant lot noise echoing corridors till early hours morning.- NIght staff quite unfriendly compared day staff- They willing free pickup airport (22km away) New Delhi Train Station (3km away)- They refused change complimentary pick-up (that get) complimentary drop-off airport (Rs300 extra).- Late check-out cost half daily room rate (Check-out 12:00)They kepp bags though want collect later.- The photos rooms website quite accurate.- Very little soap/shampoo provided (bring own)- Toilet paper limited, bring askTravel agent(All hotels Delhi travel desk - try sell world: BEWARE!)- The travel agent tried best get us cancel prepaid train tickets Agra Jaipur suggested hire car driver him. He said train Agra takes three hours. (It actually takes exactly 2 hours advertised). He said car take 3 hours (actually closer 5 hours, sometimes more). He tried get us cancel reservations use reccomendations.JUST SAY NO THANKYOU!- We paid Rs1500 A/C car driver full day sightseeing. It difficult organise agent knows - however, price negociated. Also insist hire driver, airport/station drop-off included.You still tip driver doesnt see money pay agent.Summary:Pleasant stay general minor annoyances. If get past location (or even want stay Old Delhi) great value money.General Tips area:- There Metro train station 750m hotel. It tricky find (ask locals), otherwise 5min auto rickshaw, appr. Rs20-30 (you haggle)- No matter tell you, Red Fort 400m foot. Jama Masjid 500m away. (Get map travel desk)- Pre-paid auto-rickshaw NDLS Rs62. From NDLS haggle VERY hard price. The go lower Rs300 call taxi you.- There little taxis/auto-rickshaws right outside hotel, find Chandni Chook.- It expected tip everyone: Doorman, security guard (tip check out), two people cary one suitcase AND room, waiters, etc. Always carry Rs10 notes you, handy tipping.- For Google Earth users: location hotel: 28Â°39'16.95&quot;N 77Â°14'3.82&quot;E",0.19077118119975262,0.46115166975881267,Jul 12 2009
25,25,"Hidden Gem ! My wife &amp; I booked flight Delhi (from Kolkata) 4-day stopover way Mumbai, express intent see Taj Mahal Agra. At first, contact Delhi recommended us another moderately-priced near airport, stayed 2 nights. Being America used water, succumbed diarrhea hotel, anxious move cleaner rest 2 night stay, even meant paying more. Unfortunately, read reviews even hotels priced 3 4 times higher, found inconsistencies reader satisfaction versus star ratings hotel's price. So decided focus reader reviews cleanliness one prime criterion selection addition price. We found Hotel Tara Palace high marks readers score *and* reasonably priced! The con readers say hard find narrow alley way old part town. We, therefore, ensured manager talk taxi driver mobile phone (we got pre-paid Airtel phone soon could India), person meet taxi entrance lane was. Aside this, fact hour (or depending traffic) away airport, thoroughly pleased hotel, including cleanliness, food, amenities, etc. It must said, picked expensive room (Rs. 1800 per night (double occupancy) top (3rd floor) window view old city), by-passing lower priced ones entirely needed rest recover &quot;tummy problem&quot; overpowering heat time year. (The monsoons delayed year.) The desk staff booked us airconditioned private taxi take us Agra back (a full-day trip see Taj Mahal, definitely worth it). The train A/C bus would cheaper, mercy schedule availability reservations (which moment's notice hard), else open option, avail mode transport. We found room spacious, bedsheets towels bathroom clean bright (with enough lights), and, course, remote controlled A/C (we put new set batteries) ceiling fan. There bathtub, bathroom clean hot shower (hot water upon request). (Although, normal cold water comfortable enough shower, outside day temp. 47 deg. C.) The floors inlaid marble, entrance door rooms inlaid marquetry wood. Really gorgeous!Room (food) service 24/7. The food good. We enjoyed stay would recommend foreigners traveling budget.A. B.",0.1347335052654202,0.4943283902858371,Jul 8 2009
26,26,"Incredible India! I managed find Tara Palace lot wrong turns! But totally worth it! The alley leading totally sketchy, walk times fine! My room pretty basic, overall service decent. One thing need commend brilliant, advice, help received planning working details rest time India! Tara Palace whetted appetite laid bar facilities wanted stay in, service expected, price wanted pay. At in-house travel desk guy named Rameez Badyari greatly helped out. He helped efficiently plan rest trip India presenting many options suited needs! I satisfied coming back Tara Palace!",0.26953125,0.5432291666666667,Jul 6 2009
27,27,"The best place feel real India necessary comfort I warmly recommend place people want Old Delhi security comfort. It luxurious comfortable (good beds, hot water, internet, good services, guardrobe key....) You feel home, staff friendly manager keeps word. We supposed stay 3 days felt much ease remained till end stay Delhi.",0.4121153846153846,0.6384615384615384,Jun 17 2009
28,28,"All Around Good Experience - A rarity India This first trip India feeling tad overwhelmed population, heat, traffic, feelings utterly different everyone. I booked reservation well advance, told taxi driver &quot;didn't know Hotel Tara Palace was&quot; despite good address. Finally, asking several people directions, I found . It turned peaceful oasis friendly faces went way helpful reassuring. In particular, I want say HUGE thanks Rameez Badyari, polite knowledgeable young man manned travel desk. I several places I especially wanted visit helped logically organize trip I could manage see everyplace relatively short time. He booked train tickets hotels suggested beaten track places thought I would enjoy seeing. I heartily recommend staying Tara Palace means talk Rameez.",0.22745098039215683,0.48039215686274517,Jun 14 2009
29,29,"Tara Palace - good clean Old Delhi I booked 2 nights Tara Palace based recommendations TripAdvisor sites. I arrive late evening first time India, I asked send car pick airport sure enough, guy sign (ny name recognisable!) exit, reassuring. We drove Delhi night arrived entrance alleyway Tara Palace located - alley looks unwelcoming, actually dangerous, there. The staff polite, spoke good English got room minimum fuss - 1am now. The room clean quiet - complaints. The window opened small gap buildings, there's view look aircon worked there's roof patio offers great view Old Delhi.Breakfast included - Western-style Indian, prefer - perfectly OK. Tara Palace close Jama Masjid mosque Red Fort - great views roof. Old Delhi I'd imagined - bustling, crowded, full stimulating sights sounds and, happily, almost entirely devoid tourist-oriented commercial hassle spoils many popular destinations. I met guests I locals area generally polite helpful, although need keep eyes open walking street traffic, especially cycle rickshaws, follow rules road might expect Western city!I used internet PC that's located reception area check e-mail etc, although I found I upload USB device - minor drawback. On last day Tara Palace, I arranged leave luggage I wandered around Old Delhi end day, called taxi take airport.The reasonably priced clean, staff helpful, food good I cause complain anything. If plan stay there, might well get taken car/taxi/coach rather try make way, little way main road could walk right past alleyway see sign. All all, I would happy stay Tara Palace again.",0.2130408902691511,0.46741890959282256,Jun 6 2009
30,30,"An oasis calm Old Delhi I stayed twice, first time planned second I wanted see Old Delhi. If want get know Delhi properly best choice - get close personal it!I see location could bit intimidating first sight bicycle market fabulous place people brilliant.The excellent. It's clean comfortable, staff fabulous - want help try sell costs. The food good I tasted trip waiters great guys.The front house team also first class - trust travel desk best give advice without expecting sale.I'll back, high list favourites!",0.3817460317460318,0.4780952380952381,May 29 2009
31,31,"Hotel Tara Palace Review This way, Old Delhi. I admit little bit sceptical first, taxi driver drove place, pointed dark alley entrance. Even though location fantastic, service quite good. A couple guys spoke decent english, communication wasnt much problem. Being Aussie, I asked couple beers 10.30pm I arrived, supplied problem. The continental breakfast adequate, resteraunt serves vegetarian only.The first morning, talked young bloke called Rameez, organized tours around city, Agra ( 5 hour drive away)Overall decent, economical hotel. Don't expect much nightlife around. But good base see cities landmarks",0.14297839506172838,0.47345679012345676,May 13 2009
32,32,"What sweet clean deal loved rooftop view! First time Delhi, many surprises upon arrival.The last thing wanted dirty scary hotel. Don't worry pull walk dark narrow street- back there. We LOVED Hotel Tara! Clean, quiet, good breakfast (included), nice shower, great rooftop view! We ( 2 women) woke walked around Old Delhi hour taking sights ALL people. Perfect hotel, especially price!!",0.2560846560846561,0.5867724867724868,Apr 23 2009
33,33,"Budget mind sort thing. We're family five (39,36,15, 9, 7) booked based reviews here. Here's take:This first trip India decided skip tour groups set ourselves. We booked Tara Palace online website room immediately charged full credit card (We paid $35 per night per room). We booked 3 nights (the first 2 nights trip last night returned Delhi). We booked car driver picked us airport familiar Tara Palace. After phone call friend, headed hour drive Indira Gandhi airport hotel. The called en route porters helped us take bags car dark alley. OK. Let's talk alley bit more. The situated &quot;old cycle market&quot; vendors selling wares tires hang shopkeeper's hooks. Tara Palace large neon sign roof seen mile away closer hotel, there's 4'x8' sign alley's entrance. Into alley see closed shop doors old bar entrance called &quot;King Kong&quot; (no longer business). The alley quick left right turn another 20 feet get hotel's door. A friendly security guard opens door tiny lobby.The lobby couch, tv usually turned local cricket game, reception desk, free internet connected computer (this used 15 minute increments always available nice wifi). Check-in take long soon rooms, numbers 205 204. The elevator usually opted stairs quick. Now rooms. The first thing I noticed I entered smell. The must mitigate insect problem moth balls bathroom's sink floor drain couple piece. At first, keeping bathroom door closed fine enough (unless wanted use bathroom), while, I something I cautiously recommend. I flushed moth balls toilet got rid smell. Sorry, Tara Palace, me. Speaking which, western toilets TP ubiquitous spigot bucket well built-in toilet bidet thingy never worked rooms. The shower needs run couple minutes getting hot best water pressure. The floor pretty much flat bathroom expect get floor wet including area around toilet. (There also bucket system available since I embarrassed ask clerk that, I dealt wet floors). The beds adequate. The basic white sheets scratchy fiber sheet top. They relatively clean (although one room visible stain set-in it, washed least). The mattresses firm found par rest hotels stayed India (from low-end high-end hotels). There extra sheets pillows supplied room either. The rooms functioning air conditioners ceiling fans work key inserted wall. We three rooms altogether 204 206 (and 216 instead 204 return visit). If get rooms, expect view window. To specific, book want window look onto anything. One window bathroom opened would look hallway, looked small 4'x4' hole went roof. Also, rooms dormer window room's door. In 205, problem room L-shaped bed view door. The 2 rooms square shaped such, hall lights shone frosted glass lit room. A free breakfast comes room (up 2 per room, since 5 people, charged 99 rupees extra). Order american breakfast included one egg omelet, toast jelly, small bowl corn flakes hot milk, mango juice. Why, negatives, I giving high rating? The first price. Delhi's prices bit higher cities good price clean hotel. The part location. The morning arriving Delhi spending night Tara Palace, woke around 5am took long walk around area. We discovered close Chandni Chowk (about 2 blocks away). The entrance Red Fort 5 blocks away. Jama Masjid also within walking distance well countless shops well. Once learned close Red Fort, autorickshaw drivers familiar Tara palace problem taking us Red Fort would walk short distance back hotel.Close restaurants within relative walking distance Karim's, McDonald's Moti Mahal (The last recommended nice clean place served delicious fare reasonable prices).On return Delhi, stayed one night Tara Palace flight 1am. We talked reception allowed stay room half-price 9pm.",0.1268601747815231,0.39792580702693064,Apr 12 2009
34,34,"Old Delhi shock senses We stayed Hotel Tara Palace first night 3 week holiday touring India.Old Delhi real shock senses me... perhaps I little naive. The noise deafening, constant hooting, animals place pavements great deal rubbish around.It would fair say heart dropped I saw dark alleyway .... I done!The however clean. The staff helpful courtious, room large.Due cancelled flight alter booking short notice, willing assist, care bags advise us travel plans.As stayed January quite cold evening supplied fan heater. We tv plenty channels, large bathroom, comfortable bed I would say good value money.The walls quite thin, light sleeper I would recommend ear plugs!Breakfast nice, also supper one night excellent. No alcohol served here.I enjoy wandering around evening really nice restaurants around (McDonalds around corner!)There free internet guests lobby.I would recommend people budget, I would prefer stay Connaught Place cleaner, quite nice wander around evening.Total nights staying 2.",0.2608806471306472,0.663427960927961,Jan 26 2009
35,35,"great value near red fort probably good find chaotic centre old delhi .I&quot;ve india times know expect certainly better hopes .Yes located run area truly centre old delhi . streets buzzing indian daily life All facilities clean,the rooms bright adequate facilities restaurant fine staff helpful. price bargain standard accom brainer .I recommend friends without hesitation",0.24246031746031746,0.3337301587301587,Jan 12 2009
36,36,"Great value money! This best &quot;value money&quot; Delhi. The location great Red Fort midst Old Delhi. Take advantage complimentary airport pickup - good driver knows find alleyway. We stayed two occasions rooms clean functional. The complimentary breakfast basic, given price pay room (which included breakfast) fine.We would definately recommend travellers Delhi.Don't put entrance alley way - there's gem end!",0.401010101010101,0.4285353535353535,Jan 6 2009
37,37,"nice place - location tough This place nice... clean good serivces, warm shower etc... price bit high. The location tough general (old Delhi) certainly stands oasis. It's bit tricky find I would try arrange pick-up train bus station airport. Pretty close subway Red Fort... might want try avoid walking around early morning though (before sunrise)... depends looking certainly see 'old delhi side' India",0.2160912698412699,0.5905952380952381,Dec 22 2008
38,38,"Basic stay Tara Well, needed place quick overnight flying nearly 24 hours flight next morning. The pretty average walls pretty thin. The bed relatively stiff tired flying really matter. For price, bad. The alleyway little scary coming late night, much less day light. The area located bit dirty, really escape spend time Delhi! The breakfast included bad, either!",-0.13550595238095237,0.54375,Dec 11 2008
39,39,Noisy hell Clean interesting location middle market impossible sleep.They tv blasting 24 hours day downstairs reception hear rooms.The annoying thing lift buzzer.I went breakfast first day jugs water. I said mineral water pointed jug. The waiter said &quot;Yes&quot;. Then ten minutes later I drunk two glasses water bottle mineral water turned up.Avoid unless desperate.They arrange airport pickup good.,-0.025,0.49166666666666664,Nov 25 2008
40,40,"You could worse The Hotel Tara Palace decent cheap hotel, right heart old Delhi close Red Fort Jama Masjid. This first place stayed India surrounding area great crash course Indian mess chaos.The airport transfer booked slow (it took 2 hours even left airport, idea guy doing) overpriced. Next time we'd definitely skip taxi/auto rickshaw. Once arrived driver even nerve ask tip!The room clean quite nice, although quite light noisy night.The staff desk friendly enough pushy reminded us used car salesmen. Every time talked felt though hustled way.Breakfast average.",0.14852607709750568,0.44098639455782324,Nov 15 2008
41,41,"Best Old Delhi I stayed week October, 2008. Pre-paid airport pickup prompt promised. The wonderfully located, Old Delhi want. It sits end small alley looks scary first get used ebb flo area, see busy safe. The room clean. The included breakfasts solid. The desk staff excellent. Two negatives, avoidable: WILL get pressed trips, etc. people. If want take it, I'm sure they'll decent job. I interested, made clear quickly left alone. Second, I leave day early refused refund last day's pre-paid payment. Suggestion: prepay, except first night. All great attractively priced clean safe Old Delhi -- one few.",0.28555555555555556,0.46786008230452675,Nov 2 2008
42,42,"Great best choice Delhi For first night Delhi chose reading reviews comparing different sites-we happy choice, good clean room, good price,great location Old Delhi, nice helpful staff-never tried sell us anything much appreciated India... lovely breakftast, internet We happy chose later journey, I recomment stay here- pity recommended guides-I Rough GuideOf course Old Delhi streets bit shocking first time India loved preferred stay visit around get lost alleys bazaar",0.3643333333333333,0.5613333333333334,Sep 26 2008
43,43,"Okay Hotel The staff nice willing help us plan trip get us taxi's. The room clean quiet room service decent. The air condtioner work glass bathroom window shattered, well missing glass shards missing made us nervous mosquito's. As far location goes, walking distance red fort transportation easy Delhi. I would stay I traveling man based location old delhi. We told area near coughnant place bit safer. Make sure email call flight info want get shuttle service. Looking back trip, would worth pay get nicer escape seeing Delhi. The place pretty cheap, I guess got paid for.",0.22877192982456146,0.50906432748538,Sep 8 2008
44,44,"A little better average My weeklong stay Tara Palace alright. It also could I like Delhi general jaded toward Tara Palace, several things I like hotel. But let start I like:-Airport pickup great. No problems here. A little expensive prepaid, can't really complain that.-Hotel clean. Rooms made every day soap/shampoo replaced days.-A good location. Near Red Fort Chawni Chowk metro. Some like location middle dirty old city, I really mind.-Free breakfast! It's nice breakfast, too.What I like:-They seriously know make bed. Someone needs teach them. The sheet covered midsection blanket covered feet. It weird.-I always got feeling trying sell things. Packages such. Every I asked I going. You could chalk friendliness, seemed ulterior motives.-The guy works desk night jerk. Not helpful almost misleading. The first night I told I owed 100 rupees using computer one hour. No Delhi charges 50 rupees hour internet clearly going pocket money I gave him. I give anything told bill room. I talked travelers similar negative experiences him, also.All all, stay ok. I liked lot things like things. I think puts neutral, right?",0.13315295815295816,0.4763347763347764,Sep 2 2008
45,45,"good location Clean hotel, good service depending talking, sketchy location. If first stay Delhi, surprised. Not safe night wanna go out.",0.4361111111111111,0.6055555555555556,Aug 20 2008
46,46,"Great place glowing reviews accurate. Pros:Perfectly Clean, seem clean room everyday (a plus India seems)Great Location - 5 minute walk Red Fort, subway station, McDonalds, ATMsVery helpful front deskQuiet insideNice construction price (white marble floors, etc.)Good free breakfast included (proper breakfast, muffins juice boxes)Cons:Neighborhood very, dirty, very, poor. It's really bit horrible first time. Much Delhi way though. Conclusion:Our favorite 4 hotels used India, ironically cheapest. Aside disgusting neighborhood, everything great.",0.03464912280701756,0.5748245614035088,Aug 16 2008
47,47,"Clean spotty service The clean comfortable staff lovely. It's located small alley back Old Delhi may bit overwhelmng first-time visitor, I found one interesting neighborhoods Delhi.The service inconsistent, real let-down. I waited hour airport prepaid pickup nobody arrived set own. 2 hours, one taxi one rickshaw later I finally located hotel. Note booking confirmation forms address phone number write separately!The solicited information plans recommended travel agent turned offer poor value. The first day sent driver non A/C car rattled Delhi. I'd asked hotels like Tara Palace although I charged similar rates, got substandard hotels Agra Jaipur replacement driver insisted taking commissioned &quot;crafts shops&quot; despite owner's insistence wouldn't. If Tara Palace going quiz guests plans send recommended travel agent, make sure agent delivering promised value money.",0.18654320987654324,0.5300617283950618,Jul 27 2008
48,48,"Good clean friendly Delhi This new spotlessly clean, spacious rooms comfortable beds. The staff exceptionally friendly, bent backwards assist restaurant food OK. Internet available rooms PC room laundry service good.There insufficient blankets bed arrival secured reception phone call. This seems common India given one single top sheet one single blanket queen sized bed. This happened several times various places. The location good central long didnât mind going alley (probably better groups couples solos). The Red Fort metro short walk away.A good price great find Delhi many hotels disgrace, even pay much more.We would definitely stay again.",0.26142359556152656,0.47075881972433703,Mar 1 2008
49,49,"Service Smile I arrived night., female little apprehensive. I little put first tucked away lane welcoming part Delhi. But upon entering I given excellent, friendly warm service. The rest party 14 arrvived next day received treatment. The rooms clean neat. The restaurant served tasty food nothing much trouble. The rooftop terrace provide excellent views Red Fort. Perhaps travelling solo(female) first time India, ideal,but couples, groups fantastic. Would recommend. Internet access rooms plus cable TV, prompt 24 hour room service. Nearby busy Chandi Chowk day colourful buy fresh fruit markets. Nearby Haldirans -great clean Indian fast food plus fantastic sweets! And must also Mcdonalds nearby",0.26425120772946864,0.4781400966183575,Jan 21 2008
50,50,"Warm friendly Tara Tara Palace first India trepidation got coach Old Delhi. The facade impressive - far it; warmth began soon walked door.The accommodation clean staff could helpful. The small friendly eating area always open treat wander tea toast early morning. Hot water bit dodgy times, staff always willing help us got trouble.Drinks roof also treat. All all, really good quality three-star hotel.",0.21444444444444447,0.5822222222222222,Jan 16 2008
51,51,"So-So Hotel If looking clean room, get looking here. This difficult thing find many hotels Delhi. Unfortunately, really bad neighborhood. But again, unless want stay really expensive Delhi, going bad neighborhood. The location good sightseeing. It right across Red Fort close sights, expect able wander around past sundown. The key thing us clean. If taxi driver insists calling ahead &quot;confirm&quot; reservations, scam. He pretend call tell room double booked try divert another gets hefty commission. Insist going hotel. Your room still available. This common scam",0.013558201058201075,0.5288359788359789,Jan 4 2008
52,52,"Budget Hotel TaraPalace ""Nice Interior Helping staff great nearby Historical Hotel clean, impressive lobby,although room smallish, facilities there.The historic places near like Red Fort, Raj Ghat, Gurudwara Sheesh Ganj many places Old Delhi walking distance form hotel.Hotel staff friendly supportive thing useful internet connection room I techie ;-) cant live without it.I would like visit soon.",0.32444295900178255,0.5044117647058823,Dec 26 2007
53,53,"Don't go first night India! This clean, however experience due location staff awful. This area old delhi massively crowded men stared contemptuous disdain agressively hassled us custom/tours name it. If first night India long flight I'd recommend stay Connaught place central Delhi. Certainly recommend area lone female - amount hassle contempt receive worth area could well dangerous night. The staff directed comments (male) companion, even I asked questions; lobby continually filled around 10 men sat gawked chest. Been India several times problems, dressed conservatively, never sort intimidation hotel. The manager woke us phone call 7am first (and last) morning demanding know plans day, went out, followed us street agressively hawking various tours/deals. Later told photograph got computer camera - I asked became agressive threatening, backed partner intervened. No stay India requsted photo either us. When ordered room service four visits room - one deliver food, one take plates away, one get money another change get tip. Annoying.This would probably bearable weeks acclimatising developing thick skin, going couple weeks holiday I'd advise pick somewhere old delhi, certainly tara palace.",-0.020251778872468533,0.4078954570333881,Sep 25 2007
54,54,furchtbar furchtbar furchtbar!!!!!,0.0,0.0,Sep 25 2007
55,55,trÃ¨s bon choix,0.0,0.0,Sep 25 2007
56,56,Basico pero bien,0.0,0.0,Nov 26 2009
57,57,A reserver absolument Ã Delhi,0.0,0.0,Oct 7 2009
58,58,correct,0.0,0.0,Sep 12 2009
59,59,idÃ©alement placÃ© au coeur de delhi propre et bon marchÃ©,0.0,0.0,Aug 20 2009
60,60,Voyage au Rajasthan!!,0.0,0.0,Aug 6 2009
61,61,hÃ´tel pas fiable du tout,0.0,0.0,Oct 7 2008
62,62,Un 10 !!,0.0,0.0,Aug 24 2008
63,63,au coeur de la vie grouillante du vieux Delhi,0.0,0.0,Apr 2 2008
