,Unnamed: 0,Reviews,polarity,subject,Dates_extracted
0,0,"Basic small rooms ..... Clean Tidy Not bad, rooms small - enough space manouvre bed TV. The air conditioning worked rooms, incredibly noisy smelly. Not enough towels (problem hotels India). Cable TV, yummy room service, porters hang around get tip!!",0.2202651515151515,0.6010606060606061,Nov 8 2009
1,1,"Average tourist rotten breakfast Stayed smallish tour party 13. The room fine, comfortable spacious although dark. A notice door said hot water requested advance, ignored problems. Don't know luck. Room fridge useful.No restaurant hotel, breakfast 2 days running, straight overnight train. Both times, especially first, service breakfast terrible. It seemed one serving fairly poor selection set ran tough. The fruit juice tasted coloured water.Overall average adequate budget tour fairly quiet area, breakfast experience made unpleasant.",-0.06925925925925926,0.6088888888888887,Oct 31 2009
2,2,average average Stayed Jan 2008 overall pretty average experience.Room reasonably clean hot water shower freezing cold(about 2c)with heating room all.We repeatedly asked heater brought brought broken one plugged left.lolBreakfest pretty average also.Overall best value money.,0.10151515151515152,0.5318181818181819,Mar 23 2009
3,3,To avoided !! Stayed start tour northern India. Hotel organised tour company choice. The rooms dull dark - hotel. We arrived long flight middle day tried get bit rest building site right beside work 24 hours !!! The constant drilling hammering unbearable. We asked moved another room exactly same. The staff start working approx 4am continously shout corridors - absolutely regard people staying there. Hot water ordered advance sheets towels dirty - dried street outside smell petrol fumes !!! We booked stay last night refused stay found much nicer New Delhi much better rate. I would recommend would advise travellers avoid costs !!!,0.07127869389382546,0.4126452494873547,Jan 18 2009
4,4,"Cold Delhi Stayed 7 days, cold outside 10 degress inside 18, could pay creditcards ??? cash, bad exchangerates ! noisy room guest staff.",-0.3114285714285714,0.6273809523809524,Dec 27 2008
5,5,"Good Clean Hotel I travel agent therefore sell hotels world clients experience always bonus give honest opinion.This good - amazing, bad either. The rooms clean, bathrooms adequate, breakfast edible staff helpful. Room service fast efficient. For 3 star Delhi I feel good value money.My main recommendation would bigger pillow bed little biscuit thin side personal preference.",0.23972222222222225,0.6055555555555556,Dec 16 2008
6,6,Good fo Delhi I stayed start end tour. I expecting worst reading reviews gladly I pleasant stay. The clean quiet staff professional. The buffet breakfast bad Indian standards. The location good walk Karol Bagh main street Metro station 15 mins. I stayed another Karol Bagh terrible experience I would recommend Singh Sons.,0.14696969696969694,0.6636363636363636,Nov 10 2008
7,7,"Good midrange option good location Singh Sons tucked side street quiter part Karol Bagh. The lobby airy, cool clean, lots marble, staff welcoming. The room reasonable size, bathroom clean tidy. No window views, Delhi! One reviewer complained short beds - well I'd agree, I 1.89m, beds probably 2m wide, ways round problem. Mattress definitely 'firm'. Breakfast room bearable, really needs money spending it. Breakfast OK. Being Karol Bagh, main market minutes walk away, great place shop - real shops, many fixed prices, well street traders. Certainly intimidating Western tourists asthe local street markets.",0.18549206349206349,0.4437460317460318,Oct 9 2008
8,8,"Rooms ok Attitude/service horrendous I stayed part organized tour. The rooms fine Indian standards - hot water problems electricity issues described travelers typical country. The attitude front desk staff, however, fine standard. The staff rude best. After speaking members group (a relaxed flexible bunch!), nearly us barked scammed stay.They pulled credit card machine deal me, well, forcing pay cash first night organized tour (at rate, way, almost triple others paying. Do NOT email room quote, give accurate price).I organized transfer hotel. I arrived nearly midnight Delhi airport, and, waiting 30 mins unable find transfer, I found another cab. When I arrived hotel, staff &quot;welcomed&quot; yelling me, saying cab airport I would pay it. I politely refused. After showing room, manager called 1:15 AM tell AGAIN I would pay cab. I refused. Upon check out, staff AGAIN tried charge unused transfer, I refused again.As I said, rooms acceptable, I cannot recommend treats tourists like walking dollar signs. Go elsewhere, better options!",0.1450980392156863,0.4450980392156863,Sep 6 2008
9,9,"Basic cityhotel annoying breakfast policy Basic city hotel. Stayed three times two rooms Delhi returning point trip. Rooms fairly clean quiet there's almost everytime problem facilities (even Indian standards): Non-flushing toilets, broken airco etc. They impossible breakfast policy. You get unsollicited wakeup call 8:00 (Great! We arrived 2:00 AM late flight!) At 9 breakfast buffet-attempt stops. The breakfast lousy. Toast flakes, Indian ommelette banana's. That's it. After third day decided take Tuk-tuk Costa Coffee Connaught's. A bit decadent, great treat!Avoid internet service. It speed snail stiff rate, printer also used copying, PC hang half way email.Location (Karol Bagh) great! Nice market huge variety shops 100 metres",0.05800264550264551,0.5833333333333335,Aug 20 2008
10,10,"ok could lot better My wife I stayed Singh Sons part tailor made tour On The Go India. The Karol Bagh suburb New Delhi. There quite mid-range tourist type hotels area, Singh Sons smartest looking 5 6 I spotted. We told tour guide area grew refugee colony i'm sure true is. Other reviewers commented feel safe area. I notice this; parts Karol Bagh scruffy, central Delhi, lot fairly smart. I would bit wary walking anywhere night though. For reason, taxi auto-rickshaw drivers willing take us Connaught Place here. We never worked was, didnât matter much Karol Bagh Station ten minute walk 2 minute rickshaw ride away get new efficient metro. When venture out, make sure hotel's exact address preferably decent map, found drivers heard lot difficulty working get back night.The seems quite modern outside reception area smart, marble. The bedrooms smart though. We first given standard double room, clean shabby gloomy. windows rooms small mostly covered air conditioning units. We asked look bigger rooms ended paying extra suite, well worth extra space bigger bed. I think process re-decorating rooms hopefully brighten place bit. The air-con worked well, welcome shower ok, although call reception request hot water 10 minutes used it. Free wi-fi useful.As places Delhi, traffic noise horrendous, pack earplugs light sleeper. lot noise late night well - sounded like somebody panel beating 1 morning every night.Breakfast basic buffet - toast, cereals (but hot milk???) small selection hot indian food - breads, pakoras, potatoes etc. The eating area basement also bit weird disco lights celing american wrestling permanently TV corner.The staff mixed - bellboys friendly helpful, perhaps thanks tips, reception staff indifferent, bordering rude. Our significant issue returned second stay week away - toilet clearly cleaned really really disgusting â looked like seat covered diarrhoea. thoroughly cleaned soon spoke member staff doesnât change fact happened first place. weâd known city better transport arangements next morning probably would walked out.Overall, Singh Sons ok short stay location best, rooms gloomy left soured opinion toilet incident. Delhi renowned hotels expensive would want stay Singh Sons anywhere like - Iâd rather pay lot money upmarket place.",0.13262379173338074,0.43585567020498533,May 1 2008
11,11,"Rubbish We stayed last night fantastic holiday. It appaling ending great trip.The room clean, that's positive thing say. There lot street noise water pump thehotel directly outside room burst life middle night. It took several phonecalls walk reception anything done it.The general fairly dingy uninspiring.At best adequate. Avoid possible.",0.27694805194805194,0.5032467532467533,Apr 12 2008
12,12,"claustrophobic- worst stay trip Our Group stayed The Hotel Singh Sons Delhi. The rooms small, claustrophobic without windows. The length beds shorter normal 5ft 8 feet hang end. Two rooms smelled smoke two showers work. Reception unfriendly slow respond. Hotel porters watch struggle bags wait asked help. We get individual good service tipped well. We arrived 1am delayed flight asked pay extra breakfast wanted 9am. We received unasked early morning call breakfast!. All hotels stayed days, breakfast served till 10 am. We asked agent move us apparantly hotels booked Delhi. We stay 3 nights. We reccommend hotel. In favour, quite well located Karol bagh that's good point. We noticed several hotels Karol Bagh (great shopping), try another hotel.",-0.05588235294117648,0.5191176470588235,Feb 15 2008
13,13,You much better.... Traveller reviews praising cleanliness etc accurate however indeed absolutely spartan travelling late fall winter rooms cold. Hot water warm must requested 10 minutes prior use. Bedding threadbare. Packing toilet paper key provides little. Avoid rooms main street side extremely noisy. Staff restaurant food OK.The area located safest interesting Delhi - however used many tour companies first last night Delhi - choice opt higher grade particularly first night long flight want even minimal comfort. This tough first night Delhi offers little soften experience...,0.12338789682539682,0.5285714285714287,Dec 29 2007
14,14,"Done job What expect Hotel developing? I accept 5* even 4* terms presentation, amenities etc, located peripheral city centre allows good access transport, eateries etc - really couldnât better situated. I stayed 2 weeks whilst conducting research MSc dissertation, I got know place rather well. A hairy experience around corner locals knocked nerves, bad note terms neighbour hood. For me, favoured far exciting mode transport local 'tuk tuks' cost little- remember barter agree price journey BEFORE set try rip off, donât let take bazaar anything- totally overpriced. Also remember majority cycle rickshaw riders/drivers poorer motorised 'tuk tuk' drivers, try experience leave small tip.Best thing TV- allowed catch cricket world cup well footy back home, always exciting grab snacks small nearby shop watch Bollywood movie!I would certainly recommend hotel; far worse places could staying!",0.0539186507936508,0.5798941798941799,Nov 30 2007
15,15,"Very Bad Hotel Delhi We booked agent one room 3 persons. Though room looked nice, hard time getting things. No provision making coffee. For hot water, call reception wait half hour. Not many hanger hang clothes. Most importantly, reception people trust-worthy. They tend cheat aware happening. They claim four star facilties rates expensive facility have. Should avioded.",-0.03984848484848482,0.6136363636363636,Nov 20 2007
16,16,"good air conditioners new place crowded area delhi good air conditioners entered heat india especially summers, lobby chilled &amp; cooled. offered us cold drinks &amp; booked got room. pleasing time &amp; comfortable room provided . Very centrally located busy streets karol bagh, delhi. accessible market opposite hotel. helpful staff &amp; definitely good experience new hotel.... tidy &amp; clean.",0.25714962121212126,0.5630681818181817,Nov 19 2007
17,17,"A decent place beware typical scams A decent place stay congested part Delhi. I stay hotels throughout India regularly work, comparison number different, similar hotels.One caveat - upon checking out, guys behind counter told &quot;credit card machine working.&quot; After offering get taxi go ATM, I insisted using credit card, course, worked perfectly fine. Don't fall scam.Also - squeamish - bathrooms, clean, tight, inspire...",0.04707792207792207,0.49833499833499834,Oct 29 2007
18,18,"Value money In India difficult find mid range - that. For price nice, en suite bathroom hot water western flushing toilet, A/C clean rooms. There internet lobby staff helpful. The location fine, local market nearby night relatively close Connaught Place. You auto 50Rs. If go Connaught Place look Lido nice restaurant (with A/C)",0.17090909090909093,0.45909090909090916,Sep 5 2007
19,19,"Wonderful Delhi Stayed teen travel group couple nights.Showers nice (hot cold water), staff eager-to-please, AC lovely necessary :)This India, third-world-country, must considered rating given. You come Delhi expecting US experience, happen, want to.",0.28125,0.825,Jul 15 2007
20,20,"Beware! We made email booking one month arrival Delhi. We exchanged Mr. Tajinder Singh least 4 (four!) emails wanted sure booking. They assured us booking ok availability rooms. Of course, arrived hotel, booking made books room available. No Tajinder Singh speak with, one guy reception moved us bad road: payed 4.000 Rs one bad room instead two rooms booked one month earlier!!If want surprises like arrival Delhi, avoid email booking hotel, maybe avoid all.",-0.009444444444444415,0.5941358024691358,Apr 7 2007
21,21,"Clean accommodation. We arrived early hours morning pick excellent welcome. No getting hassled. We pleased arrive clean, large reasonable facilities ac. The bathroom big shower western toilet bath. We stayed 3 nights.Positives: clean sheets, clean floors, cool rooms, insects, efficient services, taxi pick up.Negatives: basic (very) breakfast, room road could hear noise, cold/warm showers.Location: rickshaw ride main centre (connaught place) problem, nice restaurannt near called alpha spice.Overall: approx 30 uk pounds / night seems reasonable, main priority clean read reviews horror stories hotels, met needs. The area best fair none Delhi particuarly much different. I would use common sense ask directions - helpful.",0.26955782312925175,0.5221513605442177,Apr 5 2007
22,22,"Not bad given price Stayed part Intrepid &quot;comfort&quot; tour Agra. The reasonably clean quiet. It's conveniently located Channa market section Karol Bagh, 1/2 mile subway. Seemed safe walk around. This &quot;first class&quot; felt comfortable there.pagoff",0.32333333333333336,0.6,Mar 25 2007
23,23,"Singh Sons - A Decent Budget Hotel I stayed Singh Sons three days late February/early March family wife's family. Here collective review:- Pros - Singh Sons nice new lot nice marble everywhere (including lobbies stairs). The rooms small basic clean, bathrooms Western style toilet seats. Some middle rooms windows rooms air conditioning. Also, breakfast quite nice - pastries eggs/omelettes addition tea/juices. The omelettes Singh Sons particular tasty! The room service cheap available around clock. The location central enough - old part new part Delhi reachable tempos (tuk-tuks).- Cons - I personally like hustle bustle Karol Bagh situated people seem issues setting; however, I think get Delhi experience although Singh Sons tends quieter part Karol Bagh. Safety-wise, feel safe since lot tourists stay here. My main issue marble hallways, get noisy people walk night. - Overall - fairly good budget overall Delhi (outside Delhi, get better price). And I would go tour operators since get room 20% cheaper own. I used reasonably priced one called Safe Voyages Tours run honest Rajasthani guy - website well (you google it).",0.2224331550802139,0.45227718360071306,Mar 22 2007
24,24,"Bad Hotel Bad Location The tour group I took accomodations Hotel Singh Sons. Everyone us hated disliked people there. I read review said 10 months old - I'm shocked seemed much older. I &quot;deluxe&quot; sweet normal room. The bathtub coming one rooms I open door. The people working also care guests - I think get much business tour operators. Also, location awful. If travelling alone woman, even two women - I would avoid staying Karol Bagh - I tried walking alone morning I turned back 5 minutes. My India friends suprised I stayed neighborhood know thievery safe.I say beds seemed clean enough. Avoid room near lobby - noisy. I loved India Singh Sons low-light.",-0.0995833333333333,0.5270833333333335,Mar 11 2007
25,25,"Very Clean budget Hotel 10months old Deinitely value money Booked directly [-],good shopping Karol Bagh.Very clean.....middle rooms windows. Built 10 months ago...just careful book tours tourist operators laundering around hotel.Has usual 24hr room service etc food good...hotel also arranges airport pickup around 300Rs.Good family run hotel.",0.1711111111111111,0.56,Jan 20 2007
26,26,???????????????,0.0,0.0,Oct 7 2009
27,27,Da evitare,0.0,0.0,May 10 2009
28,28,Un hÃ´tel pour une nuit sans plus,0.0,0.0,Mar 11 2009
