,Unnamed: 0,Reviews,polarity,subject,Dates_extracted
0,0,Horrible Just stayed one night. Looks run outside...a lot different online photos.The greeting room/ entrance fairly nice. Dont lulled false sense security though. The rooms dirty beds uncomfortable. Bathrooms old dirty hot water (even asked specifically wanted hot water get any).Staff unhelful annoyingly pestering tips despite even helping.Didnt eat breakfast there...didnt dare.,-0.23311965811965815,0.7068376068376069,Nov 12 2009
1,1,"Choose rm# 409 410 Karol Bagh... This good max. 3 nite stay, anything want located Karol Bagh. Rooms #409 &amp; #410 renovated rooms hotel. Located floor restaurant. Nice breakfast horrible dinners. I suggest ordering anything, walk around corner get veggie burger McDonalds. Karol Bagh really busy - I suggest staying area possible. The food options McDonalds Indian sweet shop - Bikanervala. Book makemytrip.com best pricing.",0.20454545454545456,0.6795454545454546,Sep 22 2009
2,2,"Warning Crest Inn's Bus Tour Agra/Taj Mahal I wanted let people know need careful bus tours Agra. I took bus tour departs Crest Inn. I thought would safe bet Crest Inn website page devoted bus tour seemed relatively professional structured tourists. Not so. It season I non-Indian, english-speaker bus. The driver curt understand questions attempted leave without breakfast. He stopped got flat tire couple hundred feet road. I'd like think intentional, I feel pretty tough notice one white person onboard. Then, came first stop agra (the Red Fort), I split group aggressively encouraged take different guide speaks English, promising we'd meet bus front. But finished tour, bus nowhere found. Luckily infinite transportation-for-hire options India I able make Taj Mahal home using alternate transportation. But trip long, hot, stressful one I'd advise anyone considering bus tour consider alternate options else make good friends driver.",0.11563131313131313,0.4894949494949495,Jun 12 2009
3,3,"Everything New The Crest Inn located best part Delhi, credit, inside everything brand spanking new. Our room even still furniture semi-wrapped state! This one cleanest places find Delhi, place bedsheets towels need changed minute entered room. We also loved way room set-up, especially presence large double bed. Two downsides remain inn--the shower area bathroom segregated prepared wet bathroom floor taken shower! Secondly, restaurant much food, prepared head meals.",0.17805489964580873,0.4688783943329398,Mar 20 2009
4,4,"Terrible rooms I recently stayed family. The old. Even though rooms recent make-over, would advise stay away place. The bathrooms bath tubs leak toilets flush properly. Breakfast served untidy small room often prepared preoperly. The staff pleasant however tried make stay comfortable. Please avoid",0.029166666666666646,0.5075000000000001,Mar 30 2008
5,5,trashy Bad-tempered dishonest people We booked travel agent came (1AM) told us booking ; forced look (first night India...) late night... found thanks taxi driver.The last day came settle problem told us mistake &amp; want pay us back ...,-0.07187500000000002,0.28437500000000004,Feb 5 2008
6,6,"Good value price We staying New Delhi 3 weeks wanted minimize expenses, especially since believed would also using room service alot. The booked travel agent 2 star rating lower talked about. The room had, remodeled yet, however, I thought repairs detailing room would justify higher rating. We felt room cleaner expected. We see bugs big problems. During day could alot remodeling going rooms hotel. The hum air conditioner pretty much drown road noise, kept room plenty cool. Room service good. The menu pretty good food reasonable priced room service. Chowmein order spring rolls less $5 US seemed plenty eat 2 us. The staff seemed friendly helpful. We usually tipped 10 %, staffed seem surprized. The area looked scarey, never felt danger wandering streets. I would recommend budget traveler.",0.13070707070707072,0.5142550505050505,Jul 17 2007
7,7,"What dump Stayed Hotel !! 31 March, one night, agent E- Holidays get Broadway, (which great little Hotel). It's web site makes sound like Ritz! What shock I arrived. Reception staff friendly, workmen stairs painting repairing lift. The room dirty ,the bathroom falling apart, (and one suites !!) The dining room bad. Don't go near place!. Pete Thompson Melton Mowbray, England",-0.07774725274725271,0.5573260073260072,Apr 9 2007
8,8,"Avoid unless want sleepness night! Travel agent said one 'better' hotels Karol Bagh! I would avoid go Hotel Swati road!Room: Very noisy street noise, plumbing etcShower: Poorly maintainedService: OKRestuarant: Dull, dimly light, ok food/menuBreakfast: Standard fayre",0.10972222222222222,0.42361111111111116,Jan 10 2007
