,Unnamed: 0,Reviews,polarity,subject,Dates_extracted
0,0,We Enjoyed trip It excelent food also good. There Swiming pool spa facility excelent. It well maintained. We got hair hair cut Silvi. The room awesome. It posh area. Lobby good. Garden well maintained.,0.6620000000000001,0.6759999999999999,Nov 22 2009
1,1,"Delhi belly Good service, nice clean.&quot;Too much&quot; attention sometimes service staff.Nice gym inside hotel.",0.6499999999999999,0.8,Nov 21 2009
2,2,Not I expected The room service staff friendly eager please keep privacy button knock hope tips! The reception staff rude unhelpful every occasion Buffet restaurant indian food variety.surrounding area verry dirty,-0.1328125,0.575,Nov 20 2009
3,3,The Crowne Plaza Delhi 5 Star Deluxe Hotel located heart New Delhi The Crowne Plaza Delhi 5 Star Deluxe Hotel located heart New Delhivery good arragment ....,0.47654545454545455,0.6978181818181819,Nov 15 2009
4,4,"capital stay cozy interiors make comfortable rooms. necessary amenities available, great reastaurant nice food makes everyone happy. Convenient drop airport smiling face.",0.39999999999999997,0.8142857142857142,Oct 17 2009
5,5,"Appalling Food I lived n Delhi year return month flying Mumbai. I tried several hotels without doubt worst food I eaten capital, breakfast bad defies description vegetarian omellete bacon it, uncooked eggs served omellette, hairs food, bad left without eating. Room service, ordedred salad wth bread ad 3 potato crisps, inedible! Therooms ok small. Stay desperate foor room, otherwise avoid costs",-0.31999999999999995,0.5233333333333333,Oct 7 2009
6,6,"Don't eat here! Overall nice, room comforable clean serviced well. The room service staff friendly eager please keep privacy button knock frequently hope tips! The reception staff rude unhelpful every occasion I needed speak wih them. Haven't tried pool looks well maintained relaxing. My main complaint food. The breakfast offer terrible - cheap nasty cereals, runny porridge, runny yoghurt, runny scrambled egg white!! Mini single serving pots jam tables already used! And worst curly black hair overcooked greasy bacon. The room service prompt never seemed come everything described menu generally cold greasy. The Chinese restaurant top floor bad nothing shout about. Overall, impressed standard. I stayed Intercontinental last time I business would rather stay next time.",-0.13010912698412697,0.4672619047619047,Oct 5 2009
7,7,"Quiet busy city It first time India Crowne Plaza hotel. We disappointed choice. On arrival everything registration completed cold drink. Our room overlooked pool entrance hotel. The room quite large welcome fridge, always bottles water return every day.The Atrium bar lovely quiet like everywhere India expensive. The first night ate hotel, think called Le Cafe, breakfasts served, buffet although looked good. Breakfast excellent, best tour.We ate Chinese far felt perfectly safe walking around. During stay April pool cold pool area pleasant.Would recommend want stay away busy city. My negative would price using business centre access Internet, expensive.Staff polite helpful.",0.1976948051948052,0.5878138528138529,Sep 29 2009
8,8,"Beautiful LIke 5* hotels India, great stay. Great staff, food entertainment. The pool amazing also. You rent driver car tour around Delhi, amazing. It birthday booked give passport saw date arrived room birthday cake, present flowers. Staff amazing add personal touch everything.",0.5277777777777778,0.6766666666666666,Aug 11 2009
9,9,Crowne Plaza - Should first learn meaning Hospitality!!! Before venturing hospitality industry......i suggest learn meaning word Hospitality......Crowne Plaza make sure staff &quot;Does Humiliate Insult&quot; guests.Learn Basics even thinking running hotel....,0.494140625,0.611111111111111,Aug 8 2009
10,10,"Exceeded Expectations Almost We two days. The service way standard India, average Canadian standards. The rooms cleanest anywhere stayed India treat stay somewhere major upkeeps needed- rare seems Delhi. The food average restaurant, service quick. In fact, room service average. They delivered us outside hours within minutes. The problem check out. We booked Travelocity charged Visa two months advance, already paid. They charged us check out, double charged. The gentleman front desk said travelocity held room, I knew true. We currently working travelocity receive refund first charge.",0.013357843137254901,0.4549019607843137,Jul 16 2009
11,11,"Only So-So; Should Improved I week-plus. The booked local colleagues location office, sort-of-good facilities. It fair stay around.My room 6th floor small cramped feeling, bathroom. All typical business-class amenties there: ironing board, TV, bathroom toiletries, internet access, etc. Housekeeping fine, room starting feel worn.We ate every retaurant since days long tired venture much. While none bad, none restaurants particularly good, either. The restaurant top floor Thai AND Italian items menu (not good sign) played dorkey 80's music dinner. I recommend explore area dining, ask recommendations outside hotel, etc. energy. The price/value also better, I'm sure.The staff well-meaning try hard, polished. Better training would help tell trying please -- attitude problem.The pool looks nice, I time it.The surrounding area attractive, partly that's Delhi, i.e. trash everywhere, traffic, sidewalks, etc.So: stay disaster, I'll try stay elsewhere back Delhi. India traditionally welcomed international investment infrastructure, shows price/value available hotels. But better town.(Filed husband - get account.)",0.14976190476190476,0.5152976190476191,Jul 5 2009
12,12,"Could better business partners Japan, overall OK kind charges cld better, customised services japanese guests like TV channels, breakfast japanese style etc. Food great kind money charge, better eat shopping arcade outside",0.36363636363636365,0.41818181818181815,Jun 21 2009
13,13,Extravagant party The staff Crowne Plaza Hotel New Delhi outstanding. I price issues first night stay. The hospital booked us waited long get lower price rooms. I forced higher price didn' know check out. We paid went hospital I admitted. One managers came hospital speak us. I impressed. We went back I left hospital. Room lovely. Used guide/driver 3 days. Awesome! He made trip! Service slow main restaurant food liking. The Japanese restaurant awesome!,0.2768686868686868,0.4830808080808081,Jun 19 2009
14,14,"Good quality reasonable value I've stayed Crowne Plaza, Friend's Colony, Delhi many trips. The property large well-appointed particularly attractive look fomr exterior.The rooms comfortable clean. The food good room service efficient. In areas property beginning look little tired/out date minor observation. The location handy New Delhi anyone travelling/working across south Delhi/Noida. It's peaceful, upmarket suburb. The gym modern, well-equipped well-managed pool popular. The property attracts large up-market groups tourists, local business-types, flashy parties business travellers. At time writing (June 2009) room rates competitive always everything else (e.g. laundry/food/wi-fi) comparatively expensive.",0.18220508658008655,0.5455844155844156,Jun 10 2009
15,15,"Loved Ambience I opportunity visit new delhi recently stay crowne plaza , new delhi. At ist sight , excited knew I made right choice. Check really easy, cooperative staff. The room good exactly promised website. The stay 2 days I extented day enjoy hospitality bit longer. In short, worth it.",0.32723124098124096,0.5006782106782106,Jun 8 2009
16,16,"lovely rooms Surya large spacious rooms.the food excellent.the front office staff efficient well groomed.the building beautiful it`s quiet functional.location good too, considering size delhi.",0.21456043956043958,0.5301892551892552,Jun 6 2009
17,17,Good business five star hotelgood official partieslocated posh south delhicentral location southgood servicegood food,0.7,0.6000000000000001,Jun 3 2009
18,18,"Quite contemporary nice cozy environment! one night stay....the room quite contemporary.. floor 3/ regular twin bed room!nice breakfast, great room service... bathroom fitted latest amenities...defintely recommend frequent travellers!",0.2635416666666667,0.5137820512820513,Jun 3 2009
19,19,"LOVED THE CONVENIENCE Most covenient regards location , office one floors building itself.The faclities required unwind post day's work courteous staff guide assist with.Finally end day , chinese absolutely delicious.One step relax , shopping arcade reasonably priced shopkeepers open negotiation one get steal.",0.3375,0.6,May 31 2009
20,20,"Standard business class Sufficiently impressive star rating, nothing makes stand competitors. The location so-so, surrounding area less accomodating intrepid guests parts city.",0.17708333333333334,0.36041666666666666,May 29 2009
21,21,"Poor value In experience two superior chains Intercontinental group - Intercontinental Crowne Plaza - play weather-man woman pricing Intercontinental consistently superior quality. This certainly borne experience here. This time around Crowne Plaza tad expensive (for read extortionate; Delhi, all) admirable Nehru Place Intercontinental (full, alas) way behind quality. The walls 'executive lounge' appear painted five year old responsible grouting around shower!",0.09285714285714285,0.6080357142857143,May 27 2009
22,22,"nice place worth visit nice place, nice membership benefitsclean, facilities, centraly located.nice bufffets everything u think normal grade.worth visit really",0.35000000000000003,0.5785714285714285,May 25 2009
23,23,"Great Hotel Poor service The poor job organizing leisure package I selected. Even talking resident Manager Mr Rehman, address matter. Very poor service charges are. The room well done restaurants &amp; spa area modern. Highly recommend ayurvedic massage. Not sure service quality since rates equivalent dollar standards service not.",-0.058901098901098896,0.6462515262515263,May 21 2009
24,24,Only Price If looking good stay couple days. This good choice.Just expect decent Room adn nothing else including service,0.39166666666666666,0.7166666666666667,May 9 2009
25,25,"A great place stay misfortune Delhi Let's face it, New Delhi greatest place stay wonderful country India. Sure, convenient Aggra brief stop-off going North, really great destination right. Anyhow, happen New Delhi (I 8-days business April 2009) I certainly recommend Crowne Plaza. The rooms excellent country's standards, staff friendly good fun make effort talk them. The restuarants pretty good (although sometimes little pricey get) bar functional enough, although like others said, lacking bit atmosphere. What really stands Crowne Plaza Delhi excellent Gym Spa. I used gym every day I there, followed sauna swim. No charges, complimentary highest quality. I paid 800rupees great shoulder back massage too. The area placed (New Friends Colony) pretty crappy, again, exactly nice Delhi? There brief power cuts every day (but expect this) gym treadmills affected this!! The downside business stay far I concerned slow internet connection pretty much non-functioning entire time I there. Anyway, highly recommended hotel, especially business - bit oasis Delhi!",0.3085164141414142,0.656703743787077,May 3 2009
26,26,"excellent place Its excellent hotel... Stayed many times official visit... Excellent ambience, service, location",0.875,0.875,May 2 2009
27,27,Good Hotel For Business Traveller A good-quality business convenient location good dining options.,0.7,0.6000000000000001,May 1 2009
28,28,"Don't stay there! We three separate one night stays tour India.Night 1- put disabled room, ideal able bodied, one night put it.Night 2-we arrived early evening switched lights worked, didn't, TV air con work. The electrician arrived quickly allocated supposed premium room paperwork completed moved.( originally superior room). The smell urine hit walked room, quickly realised coming air con. By getting late eat thought , one night leave air con off.Night 3- arrived 11.00 pm. This room smelled urine superior room 2nd floor, air con problem, wanted sleep left air con off.The reception area pleasant, staff surly others OK.Restaurant overpriced staff particularly helpful.Business centre charge 30mins minimum use computer - Â£7.50 current exchange rate.Would never recommend hotel.",0.16127450980392158,0.5926470588235295,Apr 28 2009
29,29,Loved The extremely good. Rooms lavish beautiful. I liked rooms most.See room photograph below.,0.7125,0.8,Apr 28 2009
30,30,"Clean looking tired This fine business - expensive rooms getting bit shabby tired,the gym small smelly crowded everyone gets time work better early morning workout start work.food apalling choice western food disappointing. Sister Intercontinental fresh bread compared crowne plaza food.found staff helpful, dont seem remember regular faces.",-0.00555555555555555,0.43349358974358965,Apr 27 2009
31,31,loved stay good restful stay,0.8049999999999999,0.79,Apr 21 2009
32,32,"Good value money The well appointed ambience, facilities service.",0.7,0.6000000000000001,Apr 21 2009
33,33,"Value Money Excellent location, warm welcome Great food. This hotel, perhaps best Delhi business travellors. well connected delhi neihghbouring states UP, Haryana etc. The Shopping arcade &amp; food courts adjacent Hotel best. Very spacious lobby too, Rooma big excellent view.",0.7111111111111111,0.5833333333333333,Apr 20 2009
34,34,"Crown Plaza-Always pleasure Crown Plaza Delhi always great pleasure stay in. It good restaurant, good rooms good location.",0.7250000000000001,0.6375000000000001,Apr 18 2009
35,35,"Excellent long business stay I stayed almost 3 months. The one best I come across New Delhi. It modern amenities required business hotel. The property crunched space, make place less attractive. The food good, variety low access resteraunts shopping center next door makes this. The fare risen last months, corporates tend get attractive discounts especially long stays.",0.26748106060606064,0.45424242424242417,Apr 18 2009
36,36,"Crowne Plaza Delhi way better get States After exhausting day touring Delhi nice get peace quiet. The restaurant bar nice, really expensive. The breakfast buffet really good, everything geared toward Japanese Western tourists. The service amazing rooms comfortable.",0.2545454545454546,0.5939393939393939,Mar 22 2009
37,37,"Reasonable business stay - India style After 4 visits Delhi, become choice three different times- due company budget policy- around $200.The recent Indian currency depreciation helped- 9,000-10,000 rp translates $200 vs. $250 6 months ago.Positive:Hotel management responded complaint- manager's reception I upgraded club room less noise.Certain issues:1. Short power outage, happens several times day, even lobby- terror attacks, I kind alerted.2. Avoid connecting room- noise neighboring room loud- I heard cough next door night long first night.3. Flush noise toilet- luck everytime neighbor flush toiletIt really important know room check-in, completely different experience.....Food: Chinese restaurant serves typical European-Chinese food, interesting Asians, especially Chinese people all. Tried reluctantly invited fellow Western travellers. Chef trained Chinese chef before.Indian food- 'seven' great- favorite : Prawn CurryNew club room okay flat screen, visually enlarged room. Better InterContinental Grand, feel safer Le Meridien.... Payment- careful DCC conversion, adds 2-3% bill $. Took several months ontain refund , check clearly sign, insist paying local currency.Location ideal- close Humanyun's Tomb Purana Qila, good visit, plus Lodhi Garden relaxed afternoon- way get taxi back....",0.09414414414414414,0.41306306306306306,Dec 21 2008
38,38,"Nice poor location Decent typical international chain large, clean well equipped bedrooms bathrooms. Nice bar restaurants. There Goan promotion Seven Restaurant visit food ambience excellent. The main problem location, nothing attract close except large shopping complex. The surroinding area quite filthy distance cultural centre Delhi international airport (over half hour - full hour busy periods - each).",0.11362433862433864,0.5096560846560847,Nov 22 2008
39,39,"Good busy city Hotel rooms India expensive receive exactly need busy day city (clean rooms, bathroom, comfortable bed, international TV channels, internet, etc). The food Indian restaurant good. The buffet breakfast lot choices asian western.The restaurant staff friendly.",0.2558333333333333,0.4618181818181819,Oct 28 2008
40,40,"Very Comfortable Anyone Delhi knows hectic...well give pleasant retreat.All staff helpful courteous even passed hallway would always smile say hello. The cleanliness good rooms around hotel. I noticed odd smell lurking hallways floor I decide rather unpleasant cleaning fluid, something human mixture both! Food wise good Chinese restaurant 7th floor views city. It's pricey compared could pay outside food come large portions (one dish would probably fill up). They 24 hour cafe/restaurant ground floor serves Indian Continental dishes. For fancy real break deeply tasty Indian dishes, fancy midnight snack...they rustle good plate fries great sandwiched butter naan! This cafe also doubles breakfast room mornings decent buffet breakfast served good range Indian Continental. There small coffee shop lobby sells cakes pastries tasty look. My final word food, far I see experience, safe clean. I travelling approx. 25 people nobody got ill.The rooms decent size comfortable. The first time I stayed I standard room absolutely fine. However, little extra cash, definitely go deluxe room. Slightly space, flat screen TV mounted wall, lights air con (plus things) controlled small touch pad next bed iron ironing board cupboard. All rooms tea coffee making facilities, two small complimentary bottles water room safe.There gift shops floor lobby outdoor swimming pool 1st floor. I use either latter I wish I time!Location wise close Lotus Temple shops ATM take exit behind left. Currency readily exchanged 24 hour desk lobby.I liked would definitely stay again.",0.20982034632034627,0.5153073593073593,Oct 1 2008
41,41,"Great Hotel surrounding area good Great good service overall. The rooms well equipped small side. Tried 2 restaurants - top Chinese restaurant good although quite pricey India standards - bottom one great food, seems cater buffet dinners. Staff generally helpful. The pool area bit small lacking goes Delhi stay pool? Not much surrounding area except small shops restaurants.",0.3373333333333334,0.462,Sep 14 2008
42,42,"Better moving deluxe room We first booked two superior rooms website requested non-smoking room. However, checked in, got smoking room, one room wheel-chair accessible one, ask for.We changed one deluxe room. The room nicer, end hall maybe little bigger. There king size bed three us, pay 2 extra persons. I understand asked one rollaway bed, first separate mattress floor! We refused accept mattress asked proper rollaway. If going charge extra, sleep floor!Service front desk polite efficient. They guided us well inquires. In between, checked 2 days visit Jammu let us keep extra luggage free kept arriving parcel us. They brought us free fruit basked mini-chocolates deluxe room (but intial superior room,)The dinner restaurant, Seven, nice. There ghazal group singing. It parents anniversary brought us complimentary cake. Their morning breakfast Le Cafe good variety.Good stay good service.",0.3431818181818182,0.5791666666666666,Aug 6 2008
43,43,Pleasant stay Stayed beginning end tour India booked Jetsave. Reception area lovely pool nice beds shade. Unfortunately several swimming lessons local children held pool made crowded noisy evening time wanted use it. Room good complimentary bottles water tea coffee making facilities All meals paid drinks pricy here.,0.4304761904761905,0.5452380952380953,Jun 18 2008
44,44,"lEnjoyed Crown Plaza New Delhi India. Crown Plaza Suyra May 14-20 2008. Eileen Queens,N.Y. My stay Crown Plaza new delhi India happy memorable one. The located nearby shopping areas, banks, resturants local markets ect. . I enjoyed stay nice rooms ammenties,the pool great, spa good I enjoyed much along day touring. Good relaxation evening three resturant dinner, casual elegant dining evening live indian music, bar evening cocktails ect. This nice decor fit kind traveller,for business,tourist,or family vaccations ect. The friendliness staff kind careing, doormen bellhops,the resturant staff . The staff managers day night shift pleasant careing. Checking pleasant checking also pleasant. When travelling around world staying hotels home away home open mind one make best holiday .I enjoyed stay I travel India futureI choose stay. My thanks Crown Plaza Suyra New Delhi India. Suyra Sun shines bright always",0.4769805194805194,0.6852489177489177,May 31 2008
45,45,"Not worth money The way airport main tourist areas. According staff, nothing see within walking distance hotel. Rooms OK, walls pretty banged up, bathroom smelled awful - damp smell would seem come go reason. Worst part, getting ripped airport pickup. My room booked work, one mentioned airport pickup, I arrived, I went pre-booked taxi stand, paid 300 rupees, got receipt headed towards taxis. On way there, I noticed name sign hotel. He told ride complimentary, one services offers, I cancelled taxi. Upon checkout, I questioned 3000 rupee charge, told airport pickup. Staff refused accept I told complimentary, demanded I pay it. I co-worker, also heard complimentary. Now, I dont even really care money, work pays it, principle bothers me. I told free, charged 10X regular taxi rate. That left bad taste mouth.",0.010416666666666671,0.4798076923076923,May 4 2008
46,46,"A good days I stayed Crown Plaza three nights April. The certainly looks better inside outside. Since I last stayed eight years big refit. The main open areas airy bright, nicely fitted bar area reception lacks atmosphere itâs good place meet. My room forth floor good, nicely fitted good facilities. Service good â I met airport car, reception helpful service bars restaurants attentive. Breakfast buffet good, especially like Massala Dosa breakfast like I do, good selection including omlettes fruit. The evening buffet good meal Seven, a-la-carte restaurant excellent. The location little far south want get central tourist spots Delhi, quick ride traffic good you, All good stay based experience good justifies itâs rating",0.4329926108374384,0.5969458128078817,Apr 15 2008
47,47,"Large spacious public areas decent rooms My business colleagues booked three nights Crowne Plaza recent business trip nearby India headquarters.The public spaces spacious flashy, intended impress. My Club level room large comfortable. The Club level breakfast buffet overly large varied, entirely adequate needs. I personally experience restaurants. I take advantage large pool.The staff overall reasonably professional. The Club level clerk checked cold, bureaucratic, officious, little sympathy late hour travel weariness demanded every detail travel plans. I find Concierge helpful I inquired taxi options local travel.There number tour groups staying hotel. From observation, seemed reasonably content hotel.Since I free Sunday visit, colleagues arranged car visit Agra Taj Mahal. Round trip Crowne Plaza back, three hours touring lunch Agra, took thirteen hours total normal Sunday highway traffic conditions.There number shops lower lobby area hotel. In addition, small commercial area property assortment Indian Western restaurants shops varied quality. Use &quot;street-smarts&quot; venture area.Overall, I would stay Crowne Plaza again, mainly due convenient location near colleagues' work location.",0.01998847926267281,0.3854070660522274,Apr 14 2008
48,48,Don't go - waste money The thing 5star price. We spent days Crowne Plaza really regretted it. The service bad. Food good. The problem air conditioning: restaurants lobby cold. In rooms possible normal temperature: either switch AC cold switch getting warm.The waiters restaurants slow. It takes ages till get served (tea arrives breakfast done).As said - cannot recommend anybody stay - especially families children!Generally unpleasant place! We like all.,-0.24616666666666667,0.5844444444444444,Mar 8 2008
49,49,"Nice good distance south centre We stayed first night kuoni taj tour. Arrived early morning (7am) managed get us room half eight, expecting. First room serviced, quick call reception got us another room. After hours sleep went wander local shops go ATM. Its obviously expected part india encounter fairly stark poverty, still eye opener. But felt perfectly safe.There couple ATMs within 5 Mins hotel, quite handy can't get rupees go exchange desk airport take debit cards, credit. Hotel obviously change currency you. Staff friendly modern clean. obviously bit wary dreaded &quot;delhi belly&quot; played safe ate hotels indian restaurant &quot;se7en&quot;, excellent, lovely indian food fairly reasonable western perspective. We also couple drinks atrium bar lovely, fairly quiet. A fellow travellers ate local chinese called &quot;lotus&quot; ( think) without ill effects. As mentioned, fair distance india gate connaught square, certainly walkable, problem us escorted tour worth bearing mind. Overall, good choice delhi, would stay again.",0.20482473544973548,0.49661375661375673,Feb 23 2008
50,50,"rest crazy city We stayed twice recent tour India. Both times welcome place stay hectic city.Spacious lobby, spacious room,extremely clean well kept.Staff helpful, breakfast good.I wish places stayed nice comfortable!",0.22023809523809526,0.7035714285714285,Feb 8 2008
51,51,Very Helpful Stayed Crowne Plaza group 5 girls part India 'experience'. Asked got help I needed providing girls lifetime experience. They arranged day trip Taj Mahal meals guides. Could better. Gave us free late check out. Girls loved gift shop ground floor level. Finally surprised complementary transport airport departure. Cannnot fault attitude staff areas. Would unreservedly recommend group like ours.,0.26666666666666666,0.65,Jan 6 2008
52,52,"Good Hotel Delhi I stayed 3 times past 4 years, travelling business; last time December 2006. I stay proximity businessThe rooms clean spacious really expect 4 star hotel. I laughed I read recent review lobby smelling Damp - does!The smelly lobby aside restaurants upper ground floors excellent simple buffet Cafe fineIt's good base travellers Dehli, however warned December - January wedding season Delhi (and probably India) busy private functions",0.19619047619047622,0.4277721088435374,Nov 28 2007
53,53,"The Crowne Plaza Surya Sucks On entering grand marble lobby I immediately struck damp unpleasant smell. This remained case entire week I stayed hotel. I found service average times totally ignored staff hotel's reception. The breakfast average indeed. The lacks atmosphere beware rooms 1st floor, often rooms offered travel websites. These rooms damp one I offered carpet lifting damp. I asked moved room higher hotel, additional $75 per night done. Definitely worth extra fact total rip off. I Delhi number times far worst hotel. No atmosphere definitely recommended.",-0.07468749999999999,0.5684374999999999,Oct 29 2007
54,54,"Excellent complaints I spent 1 night Crowne Plaza Delhi found excellent condition. The double bedroom large enough move without problems, big bed excellent mattress, clean sheets, room equipped desk+chair, sideboard, armchair table, flat-screen tv. Bathroom was, like bedroom, spotlessly clean, mold anywhere, great Ayurveda toiletries. Breakfast buffet offered breakfast Asian Western tastes (currries etc. also bread, butter, marmelade...) Really complaints (which might expect 5-star hotel). When Delhi I would come back Crowne Plaza time.",0.3031746031746032,0.4319047619047619,Oct 21 2007
55,55,"Overall bit pricey best experience. Was clean, impressive lobby room smallish, old decor, shakey door needed repaired. There renovations going pool out, informed about, although gym well equipped modern. Management rude friend checked in, post cards gave bell desk (with money) never arrived Australia. Would return hotel.",0.33809523809523817,0.4428571428571429,Sep 18 2007
56,56,"Under renovation still enjoyed stay Stayed Crowne Plaza 6 weeks business trip. Hotel clean staff friendly. Overall excellent even better renovation works completed, unfortunately mean loud noise/banging sometimes staff always helpful apologetic move quieter room possible. Nice pool area choice restaurants 24hr cafe get little boring place open work due working fit UK time.",0.10098039215686275,0.6860294117647059,Jun 27 2007
57,57,"An Excellent Stay Surya We Delhi twice December, first time stayed Taj Palace, see review page, second time stayed Surya, reason being, one local friends recommended it. While luxurious Taj Palace, service still pretty good. We regular room booked, since lot luggage mentioned needed bit space upgraded suite free, great! The suite enough room, great features, example, able turn shower phone next bed, nice hot got there. The location also excellent (much better Taj Palace) within walking distance great resturants, Indian Non-Indian, Ego Thai nearby great best thai food I around world. The also club, happening, played good music. Overall, luxurious Taj Palace Delhi terms service, food, comfort, still pretty excellent, I found slightly accomdating, suite bigger one Taj Palace. More importantly, location fabulous, can't go wrong either hotel.",0.44062500000000004,0.6120392628205128,May 4 2007
58,58,"Very mediocre expensive Everything Crowne Plaza mediocre. From food rather tacky room decor service. The rates rather expensive could stay much better property price. I upgraded Premiere Club floor unable partake amenities perks. I told I able use Club I upgraded. I checked indeed policy upgrades Club Floors welcome able use Club floor facilities. I complained explained like upgraded First Class seat flight, able food, service amenities it; welcome use seat only. They gave told I could use Club floor facilities I felt unwelcome like charity case. I booked expensive auyervedic massage spa. The spa nothing fancy large &amp; interesting menu auyervedic massages. My 1 hour massage nightmare due construction going 1 floor above. I listened pounding jackhammers entire time. I obviously unable relax enjoy massage ended tense massage. I complained given apology construction. They offer give another massage gratis even give discount. You get much better service, decor, food quality price many Delhi hotels.",-0.00840773809523808,0.5366220238095238,May 2 2007
59,59,"Good Stayed week, everything nice clean. The nice outdoors pool big plus, avoid shopping center, hosts lot shops selling stuff prize like outside, needs negotiations (like everywhere India). The travelling counter, way expensive, reception helpful book anything outside. Don't surprised, receptionists speak/understand hardly English, others do. The closed center, hire 3 wheeled car, tuc tuc, 100 rupeehs per hour (don't pay more!). Transfer local taxi International airport 350 rupeehs takes 45min. I really recommend location.Ana, Switzerland",0.13863636363636364,0.4121212121212121,Apr 13 2007
60,60,Super stay I stayed part tour. The opinion excellent. The restaurants good breakfast excellent. The entrance wonderful rooms one would expect four star hotel. Enjoy stay,0.7388888888888889,0.7944444444444444,Apr 5 2007
61,61,"Clean Some rooms bit dated decor-wise I believe process going make over. At present I would rate 4* property. The bed really comfortable &amp; problems getting good nights sleep. The lobby/reception area welcoming &amp; restaurants serve wide variety food. The located outskirts centre Delhi, vast metropolis I would make location issue.",0.23333333333333334,0.5625,Apr 2 2007
62,62,"Rubbish Grubby hotel, may look like 5 star photos- get there, place grubby need renovation.We booked 7 nights could handle 3- managed get Hyatt - new clean - much better near middle Delhi - Crown Plaza miles away anythingBook Hyatt Grand, I wish start.Good Luck",0.22900432900432902,0.5792207792207792,Feb 28 2007
63,63,"OK...but... Booked online website 2 rooms 1 name. When arrived, said 1 room 2 people, sold out. After minutes haggling, made mistake reservation system, accomodated us. The OK, quite far airport staying overnite were.",0.13333333333333333,0.5333333333333333,Feb 6 2007
64,64,"A great comfortable place stay. The Crowne Plaza heart New Delhi, hustle bustle going around you. However, inside, like different world.The reception huge dazzling.There plenty lifts available.The dining exceptional 3 maybe 4 places eat withing itself. The breakfast buffet style good. They catered easily Gluten Free diet.The staff courteous friendly.",0.4655785123966943,0.7652617079889807,Jan 15 2007
65,65,Awesome Staff! Nice clean hotel. The staff outstanding. I price issues first night stay. The hospital booked us waited long get lower price rooms. I forced higher price didnât know check out. My husband furious. We paid went hospital I admitted. One managers came hospital personally speak us clear issue. I impressed went back I left hospital. So glad! Our room lovely. We used travel desk booked nicest driver guide 3 days. He even took us home tea! We loved hotel. The draw back main restaurant. Service slow food liking. The Japanese restaurant awesome! Highly recommend staying New Delhi.,0.2891540404040404,0.5491477272727273,Oct 15 2006
66,66,"Get feel Crowne Plaza Delhi Hi,This time I traveled group friends found Delhi upmarket property stay with. We booked two nights stay experience worth sharing about. Our Check done soft drinks warm welcome Reception lady, room renovated floor paintings corridor reflecting Indian art(impressive).Room upto international standards cozy Bed latest furnishing. Our Breakfast Coffee shop served smiling professional staff. Yes one must try Health club recently introduced good equipments health concious travellers.It truly 5 star experience respect. There hotels like every city India.ThanksJames",0.30909090909090914,0.45909090909090905,Sep 28 2006
67,67,"Excellent Product supported Good personnel Hi, name Wilson Garry stayed 3rd Sep 06 07th Sep 06. well first ever vist India I highly worried trip New Delhi. As soon I reached I impressed warm grand Lobby hotel,check prompt welcoming, given room 2nd floor fresh contemporary. Room features like LCD screen TV, Cubicle bath ,bedside console etc.Staff highly helpful warm approach. Had Breakfast Le Cafe lavish choice taste.On last night I Dinner Sampan chinese restaurant experience food ok staff extremly professional knowledgeble (specially Captain).Only thing little sluggishness Travel Desk I used way back Airport took 10 minutes get Car porch.Overall good experience Crowne Plaza Delhi.Thanks",0.3201215072805981,0.4396654860291223,Sep 8 2006
68,68,"Bailed one night - Avoid! I booked reservation Crowne Plaza New Delhi Holiday Inn Priority Club. I stayed Holiday Inn Australia, joined, thinking I would accumulate points. What mistake. The Crowne Plaza New Delhi probably great ten years ago, showing age. Apparently, parts renovation, supposedly, floors completed. I see floors. The lobby needs help. My room needed help. The room excellent Wi Fi, large plasma TV, electrical outlets iffy, fixtures cracked fading, marble surfaces showing lot wear. For $142 night, I expected better. Particularly ostensibly five star hotel. This beginning. I need working electrical outlet next bed medical equipment I use I sleep, non-starter outlets work. The front desk sent power adapters blew fuse outlet, (along young man tried blame equipment, asked I call housekeeping), sent nice handyman fiddled around ceiling horrifyingly antique-looking fuse box, trial error able get outlet working, lights room longer responded light switches, would go out. No problem. I unscrewed lightbulbs I could get rest. Then I jumped onto internet booked room Metropolitan Hotel Nikko. The first floor lounge restaurant offered somewhat surly help (waiter fine, night manager tired, perhaps), weird version spaghetti la carbonara. The banana shake good, though. Oh, yeah. One thing. The neglected send car meet airport. I requested I made reservation. I hire car DEL, was....an adventure. I wish Mandarin Hotel Group property New Delhi. Trying Hotel Nikko tomorrow. I punching Crowne Plaza, never return. Strongly advise giving joint pass.",0.17480935730935732,0.542007992007992,Aug 4 2006
69,69,"one night review What pleasant surprise! After reading many reviews tis site I little anxious staying I stayed night partner using Priority Club reward points one night (22nd May 2006). We arrived early morning overnight flight pleased given room 7.30am given upgrade executive floor room top floor.The room newly refurbushed flat screen TV well equipped. The design felt litle unusual/old fashioned room newly refurbished clean.The executive lounge facilities basic ofered free internet access, limited breakfast limited evening canapes evening drinks. however excelent indian restaurant seeking western options Mcdonalds Dominoes Pizza round corner.The location central away Connaught Place touring car driver seem matter.The pool nice partner took advantage pedicure excellent value money. The quiet stay service excellent I would recommend.",0.25511855568673747,0.5289846517119244,Jun 17 2006
70,70,"A enjoyable stay Stayed Crowne Plaza 2 nights, excellent room 7th floor. It recently refurbished modern amenities including large plasma TV. The Chinese Restaurant excellent (but cheap), used executive lounge breakfast snacks food good. All staff met pleasant helpful. Spent hour sat around outside pool area, listening noisy Delhi traffic. We venture far outside foot seem much see, apart American fast food restaurants.",0.30162464985994397,0.48462184873949576,Mar 7 2006
71,71,"Better rest? Just spent two nights Delhi Crowne Plaza. On first impressions good hotel, delve beneath surface find things definitely lower * ranking. Most rooms need refurbishing bar area got inhospitable place India! Forget intimate surroundings, bar atrium 30 high ceilings. The breakfast OK, restaurant far small cope full house (which nearly always India). The location also well removed downtown. I'm sure better places stay Delhi.",0.2608823529411765,0.500718954248366,Jan 29 2006
72,72,Dirty To avoided Dehli,-0.6,0.8,Dec 23 2005
73,73,Loved nice!!!!!!,0.85,0.9,Nov 27 2005
74,74,Very disappointing,-0.78,0.9099999999999999,Nov 17 2005
75,75,Very Nice,0.78,1.0,Oct 22 2005
76,76,An okay expereince nothing great,0.65,0.625,Sep 15 2005
77,77,Did live hype!,-0.08522727272727272,0.5,May 8 2005
78,78,would go,0.0,0.0,Mar 13 2005
79,79,Good even without upgrade,0.7,0.6000000000000001,Mar 12 2005
80,80,True luxury,0.35,0.65,Nov 19 2004
81,81,Top class service rooms,0.5,0.5,Nov 14 2004
82,82,Rajasthan Rundreise,0.0,0.0,Nov 12 2009
83,83,????????????????,0.0,0.0,Nov 1 2009
84,84,?????????????????,0.0,0.0,Oct 15 2009
85,85,Hotel correcto pero mal insonorizado,0.0,0.0,Aug 24 2009
86,86,Flughafen der NÃ¤he,0.0,0.0,May 19 2009
87,87,Fantastico 5 stelle,0.0,0.0,Sep 1 2008
88,88,No pude casi dormir,0.0,0.0,Jul 25 2007
89,89,un trÃ¨s bel hÃ´tel,0.0,0.0,Nov 23 2006
