,Unnamed: 0,Reviews,polarity,subject,Dates_extracted
0,0,Delhi Looks like apartment converted Hotel.Interiors decent well maintained.But good support reception regarding travel tourism.Food provided good enough time. Probably getting source.No activity come room. Overall congested feeling.,-0.11190476190476191,0.44523809523809527,0.44523809523809527
1,1,"Good service The ok, clean good service. The staff helpful, everytime questions helped us imediatly. We booked 4 days trip thaught good. We guide driver satisfied with. We could enjoy vaccation see real India way could ourselves.",0.5226666666666667,0.628,Oct 14 2009
2,2,"Warning:-The SUCKS I booked super deluxe room one night, since board train back home honeymoon trip.I reached night around 23.00 led room. The room torn bedsheet I told change, upon removing bedsheet saw gapping hole mattress cover too.The replacement bedsheet oil stains looked pretty old blue stains.The bathroom two torn towels, fact seemed used have, since nearly thread bare.The refrigerator kept wooden closet one corner could see large damp patch due improper drainage defrost water.The AC front panel stuck CelloTape.The room small comfortable felt suffocating,even normal rooms charges, would booked it, known it, leave alone &quot;Superior Deluxe Room&quot;.The elevators moved jerk giveaway moment now.We dog tired trip since night, put hotel.I would definitely recommend anybody since cheating people giving fancy names rooms standards inhospitable.A huge THUMBS DOWN hotel.",0.12085317460317462,0.5004563492063493,May 29 2009
3,3,"Disgusted! - league one commision scammers After hopped taxi airport (pre-paid less) conveniently speak English gave address, whisked called tourism office showed us Megha Palace.The sad dreary reception manned surly, sour rude man reticent provide us fast friendly service. After huffed sign-in process shown stuffy rooms. We shown room sleazy character would leave us peace confronted filthy linen, grimy paint peeling walls, exposed wires light fittings, leaky plumbing, abused dilapidated furniture. I expect much Delhi, pits US$35 night asking....I unreservedly say way much is, is, extremely poor.When tried checkout following morning managers attitude changed. He fact told us sit quietly called so-called &quot;tourist information man&quot;, otherwise known commison/scammer. intercepted us. We promptly whisked try make bookings tours want. Thanks Megha Palace!AVOID THIS ONE AT ALL COSTS! We stayed low budget places, one value money ethical operation.",-0.053703703703703726,0.4722222222222222,Mar 12 2009
4,4,"Pleasent stay I Stay one Month hotel.they pick airport.Hotel clean , hot &amp; cold water exxellent. Room good size , King size bed . Metro Station walking distance. food good resonable Price. Staff Courteous ,becuase stay long medical perpose Owner reduce cost .",0.2858333333333334,0.6925000000000001,Oct 13 2008
5,5,"An unreliable unprofessional My wife I reserved two-night stay Megha Palace, including free airport pickup (which offered stay two nights longer). In email clearly specified dates stay arrival date time plane Europe. The confirmed room airport pickup bookings. But going airport formalities picking luggage (it around 1:45 am), found one receive us. Lots hotels drivers waiting arriving passengers. You imagine bad felt seeing anyone holding sign name. When I called up, said reservation us night, told us take pre-paid taxi would reimburse. Naturally assumed room available. The taxi driver hard time finding - ended call cell phone, meant long-distance call Europe India!! We gave cell phone driver could get directions. When got 3 am, turned room booked us night told us needed wait 5 one rooms supposed vacated. Why tell phone I called airport?? We tired sleepy naturally wanted room right away. So booked us room another area, close - told vacate room 8 am!!! Having choice, proceeded taxi. After sleepless hours second (accompanied cockroaches constant noise people talking, shouting moving about), went back Megha Palace (they sent car us). The second rooms following night. The Megha Palace adequate (though, like hotel, fairly noisy night roaches room), reimburse us taxi, BUT go this??? We clearly specified dates, confirmed room booking airport pickup. This unacceptable. I later told Indian relative best book phone. I would recommend calling booked day make sure know coming. But...in Delhi please stay Megha Palace, Megha Sheraton Madonna hotels (which belong Karmesh group)!",0.10323713860544216,0.4054024943310658,Apr 2 2008
6,6,"travelling alone India I organised travelling India, 25 days, help Megha Hotel since provided appropriate room service price, returning time time back trips, I feeling return back home hotel. I got excellent help organising trips train, sleeping trainand car driver, prebooked hotels good quality several villages. Special thanks respecting budget trip, I felt trust, I safe, picked up, dropped railwaystations night well. I pleasure meet people India, business, speak local people knowing well traditions, sights. hotels.Thanks Mr.Pintou organisation, help, advice care.",0.32571428571428573,0.3371428571428572,Mar 13 2008
7,7,Das Hotel ist sauber und der service ist gut.,0.0,0.0,Oct 7 2008
