,Unnamed: 0,Reviews,polarity,subject,Dates_extracted
0,0,"Best beds India I fan Delhi, fact Hyatt best thing there. Wonderful comfortable beds, great bathroom amenities (the lavendar bubble bath lovely). Great service, fast internet, reasonable location airport. Delhi smelly, quite dirty, Hyatt welcome respite it. There pool I've never gone it, air vile! Great spa fairly priced, excellent jet lag massage",0.6,0.7,Nov 20 2009
1,1,"Very good 5-star I stayed Hyatt new Delhi 4 days. I arrived early morning (7.00 am) staff immediately arranged room without additional charge. My room 8th floor, big enough, fine decoration, flat screen TV, coffee maker, mini bar etc. The bathroom, however, small, old fashion furniture, need renovation. Nevertheless, stay fine relaxing. The lobby area really impressive! The several restaurants (international, chinese, east Asian, Indian) well beautiful bar live music evenings. Breakfast good, lot items, live cooking stations. I dinner East Asian restaurant: good, althought pricey. Also, I dinner &quot;Aangan&quot; Indian restaurant, located lobby floor: quality food excellent, service too, live indian band playing traditional indian music fantastic. Finally, gym fitness center sauna, jaccuzzi, outdoor swimming pool etc, high quality beauty. All staff every department extremely helpful polite, always smile. All all, memorable, luxury relaxing stay!",0.26270283479960904,0.4938563049853372,Nov 19 2009
2,2,"Very nice best We stayed two nights I would first commend service hotel. The staff alert, attentive courteous hours day night, even appearance bit disheveled 15hr flight Chicago! I dined Cafe Italian restaurant, quality food good - cafe particular wonderful selection breakfast items open kitchen could see chefs work make special requests. I stayed standard king room, quite small - mirror lined one full wall create illusion space. The bed fairly comfortable impressively so. There fine complimentary chocolate truffles bar large LCD TV wall across bed. The bathroom also nice lavender scented amenities, ok. I little annoyed bathrobe washed previous guest, spare closet. Overall, fine 5 star I stayed 5 star hotels India price felt lot luxurious one.",0.2649055829228243,0.5297701149425287,Oct 8 2009
3,3,"Business Hotel We travelled Cox Kings part package, first stayed in, I would call business class hotel, offers high level service, price! The room nothing special, smell bit musty, large television decent channels, ate Aangan resturant night service food excellent, although costly. As indication visit bar (Polo Lounge) 650ml Stella cost 800 rps. Overall liked hotel, compared others trip extremely expensive.",0.23528138528138529,0.4854545454545454,Sep 27 2009
4,4,"Good Bssiness Hotel Great place stay. I one night retrning US Banglore, beautiful place. The lobby huge, three restaurants, bar, mini-golf course back, nice pool, safe, rooms huge comfortable, staff friendly.",0.4915909090909091,0.7681818181818183,Sep 25 2009
5,5,"Excellent Service. I stayed executive floor two weeks, say I great stay.The lounge staff friendly efficient. The airport transfers smooth. As someone stated looks drab outside, much see within walking distance.The rooms biggest. The water pressure shower poor. My biggest complaint would internet. It painfully slow, connection would drop far much.",0.20977272727272733,0.5181818181818182,Sep 23 2009
6,6,"Quality friendly staff This looks bit gloomy outside, I found room facilities top notch. The Hyatt website allows book kinds things it, ranging airport transportation, spa treatments restaurant table. I found handy feature.I booked King Executive room, included airport transportation. It efficient enough, experience pickup hotels bit friendlier, offering cold water even cold towel. Check executive level efficient friendly, generally staff enough accommodate you. I early flight next day, arranged breakfast set Club even though breakfast would open another hour. Restaurants: I really recommend China Kitchen, experience friendly staff lovely setting.",0.12458333333333334,0.5069444444444444,Sep 19 2009
7,7,"Serious comfort"" Beautiful lux rooms wash away hectic Delhi circus~The buffet breakfast one best I had.I confused travelers say Hyatt standards, I returned lovely stay Hyatt San Francisco, perfectly adequate, Hyatt New Delhi light years better...Stay there.",0.26237373737373737,0.5866161616161616,Sep 14 2009
8,8,"Absolutely unacceptable Was 2 week trip India wanted finish vacation nice hotel. Therefore stayed 2 nights late August 2009. I found absolutely unacceptable price. It looked Hyatt Regency. The carpets corridors furniture rooms completely outworn. The check-in process good. We group 3 people. One us got room 2 twin beds two us - room one king bed, contrary booked. In one rooms, water flowing walls. So trust - stay Hyatt Delhi, truly Hyatt. Better chose Leela Kempinski I also stayed (although ideal) offers much price. Hyatt Delhi sort Soviet type hotel.",0.1,0.5931818181818183,Aug 29 2009
9,9,priced I booked Jet airways website Hotel booking section offering competitive rather cheap rates club floor. Check inn club level special desk smooth. The club lounge basic simple attendants always attentive overly curious. The breakfast club lounge basic English breakfast. Rooms clean soft bed wider option pillows.The best part restaurants room dining. Variety options Italian one must try. Over good experience,0.25884353741496596,0.44757653061224484,Aug 17 2009
10,10,"Terrible Hotel Avoid cost Delhi Probably worst stay ever India, I arrived long flight London afternoon massage went stright meeting returned evening called Reception advice Air conditioning working. The technician came checked advised nothing wrong it, cool soon. whole night temp didnt go 25degrees centrigrade. As wasnt enough, although I put Privacy sign outside, Housekeeping kept knocking door 9am asking cleaned.Again I called A/C guy fix air conditioning going afternoon&gt; told fixed I foolisly accepted, room hot whole night againand hence sleep two days, I go hotels rest good night sleep, night temp 25 degrees room I couldnt sleepOn Saturday I dinner china place, food good champagne ordered flat, Restaurant mananger duly changed bottle turned flat again. He offered another one time patience running suprise surprise flat too, I signed bill left leaving champange bottle. Did I get offered apology written charge, way. staff fault, I guess fault accepting stay first timeOn check asked stay I explained apology duly given apology doesnt give back sleep didnt two days fix temp room remove frustration dinner without decent glass champagne I going enjoy wife. The receptionist suggested take spa charges compensation refused nothing wrong spa wrong charges room two night bottle champagne never charged Hotel failed provide room decent temp sleep still charged champagne flatThe receptionist promised speak Rooms division Manager GM lets see respond. I business last 38 years stay called 5 star takes biscuit.Probably worst stay I ever India prides good hotels great service failed never HYATT doesnt deserve 3 star hotelAshok UmmatCEO Brook Hotels Ltd",0.010858585858585868,0.5123737373737374,Aug 9 2009
11,11,"Owesome services The services Hotel supreme, one best Delhi sure.Interiors, exteriors, royal luxurious comfort.",1.0,0.3,Aug 4 2009
12,12,"Absolutely Loved My two daughters I stayed night Hyatt. The staff helpful, proffesional courteous. Ambience decor perfect. Our rooms clean, large, beds pillows comfortable. Has gym pool use. Morning breakfast included price, world. Indian, Continental, Asian, fresh fruits juices salads comprised breakfast/brunch. Servers welcoming.",0.4100952380952381,0.6028571428571429,Jul 23 2009
13,13,"Very FriendlyCool Very Friendly,Cool &amp; Calm.A great atmosphare business review pure mental &amp; personal satisfaction end day..Foods &amp; Room excellent.",0.33061224489795915,0.4785714285714286,Jun 11 2009
14,14,I stayed 18th Aprli stayed 18th Aprli &amp; great experience there.,0.8,0.75,Jun 10 2009
15,15,"Was disappointed - might try Meridien Delhi next time! After wonderful stay Le Meridien Mumbai - I expecting Hyatt Delhi....it be.....I shown room check - upon arrival I smelt &quot;funny smell&quot; - I relayed check-in lady - said she'd send house keeping freshen room. The actual room spacious newly decorated....however checking - I noticed ash tray...which explained smell - I called receiption striaght away - I'm non smoker - I asked change rooms - smell would disappear!! As I rush dinner - moved bags room - upon return - I new room - view pool.....but room older - plush first one - disappointed - bothered move again!!The breakfast morning good Meridien - I struggled find anything I wanted eat settled pancakes instead.The lobby area comfortable - nobody attends - I really enjoy &quot;cozy&quot; meridien solo traveller - I needed.The business room ridiculous - like &quot;interview&quot; room - wanted 1,000 rupees hour - sit looked like somebody's desk???I coming back - I'd rather try another Meridien!!",0.13692736185383247,0.5073975044563279,Jun 7 2009
16,16,Loved Food We Visited Dinner &amp; Stayed one room one Room also.......It Excellent stay Friends &amp; Management Co-operative &amp; Cleanliness Hotel No. 1....,0.85,0.9,Jun 4 2009
17,17,"Good One Good Hotel, Value Money",0.7,0.6000000000000001,Jun 4 2009
18,18,Wonderful service Excellent service,1.0,1.0,Jun 3 2009
19,19,Just right one This value money perfect location business meetings centre New Delhi. The restaurants excellent specially Italian restaurant outstanding.,0.4684601113172541,0.6338126159554731,Jun 2 2009
20,20,"romance best ever to, nice staff nice service, everything perfect helping staff. quality food also good, delicious food eaten whole life. liked service most.",0.600909090909091,0.6890909090909091,May 29 2009
21,21,Great Business Awesome Food The Huge facade one recognizable structures Delhi located one busy business districts. Palatial lobby extremely efficeint service. Standard Rooms though feel bit cramped space. Multiple choice good restaurents. Tried China Kitchen .Food ambience excellent.,0.42045454545454547,0.5727272727272726,May 28 2009
22,22,Well located property Very well located business hotel. central far business districts airport. good service. italian restaurant exceptional.,0.25277777777777777,0.525,May 20 2009
23,23,"Excellent Service I booked standard room day I travelled Delhi meeting.pros:1.Room kept ready check-in time didnt take 5 minutes.2.Room clean upto 5 star stds.3.Quite selection cuisines offer room service well restaurants.4.The included breakfast excellent.cons:1.Nothing much, The room temperature warm requested correction didnt bother follow tired long flight.2.Cost.3.No airport pick drop service provided",0.2807407407407408,0.5344444444444445,May 4 2009
24,24,Loved it!!!! The real sense complete hotel. It everything buisness traveller needs. The Comfort level good staff friendly enough give unforgetable experience.,0.3958333333333333,0.5166666666666667,May 4 2009
25,25,Nice stay I stayed day business trip. As expected rooms luxurious beautiful pool view. provides excellent food. Hotel staff courteous friendly.,0.5841666666666666,0.8166666666666668,May 3 2009
26,26,"Surprising Renovation Went stay 1 night Business purpose. It luxurious property, I looking Luxurious treatment, unwind gruelling Meetings. However, I dissapointed rspect. Firtsly, There NO Bathtub room!!!!!! On top that, cover Shower area, left whole bathroom wet. In spa, I tried book female massuer next day afternoon, booked whole day till lare evening!!!!!! Surprising.I complain time C/o, one got back me.Even then, I lik overall experience, excellent Staff Quality.",0.29714918870192303,0.30512820512820515,Apr 29 2009
27,27,"Not good 4 Star When compared Hyatt Regency India, ranks worst. The room smaller otherRegencies . This second stay 8 days. My club room toilet flushes badly. I pity cleaner goes around work later today. I going stay Le Meridien next week.",-0.17870370370370373,0.2972222222222223,Apr 27 2009
28,28,"Outstanding wish hotels like one We took children India know heritage. Booked three rooms Hyatt time arrived lobby treated well beyond expectation. Rooms though smaller beautiful luxurious. THe restaurants service excellent food made order kids us.. I go I get chance. Front office , checkin regency clun staff wonderful.",0.6416666666666667,0.8125,Apr 26 2009
29,29,"people higher budget excellent five star notable ambience. overpriced, food good highly overpriced. breakfast thopugh overpriced worth much",0.44428571428571434,0.4914285714285715,Apr 23 2009
30,30,"Great Staff Nice Hotel This five star husband I stayed traveling around India. We stayed two nights weekend April. This spotless. Everything extemely clean spotless throughout hotel. What I enjoyed breakfast. Breakfast included room. It large buffet Indian, Continental food. The servers also attentative never wait seat. The dining area large open aired. I would recommend getting breakfast included. As amenities nice clean pool. We sat pool water cool us go in, evening time. You order drinks lunch lounging nice. There several restaurants chose eat always city lunch dinner. The room nice modern. The room adequate size India. The furnishing flat screen TV seemed somewhat new. We view expecting view knowing location hotel. The room nice quiet. We never heard anyone next door rooms hallway. In mornings could little honking nothing compared louness hotels stayed at. The thing like room bathroom. It good size sort ugly. It clean green marble color. This style really match rest room. The shower hot water shower head sucked. It small pressuse consistent it. The staff helpful really seem like care. We asked lot questions cause first stop first time India. The concerige, front desk, hall attendants best would find.Overall recommend hotel. It clean friendly, cozy modern rooms. I would say major surprises statement could good bad.",0.20842946946670352,0.5438657087593258,Apr 21 2009
31,31,"Needs makeover! The property location great staff hospitality.The Business Centre good services availalbe time. The check-in great since I club floor... take minutes.The morning breakfast spread strictly okay business lounge... may selection news papers magazines, stuff eat may great.Only thing improves decor .... surely needs makeover!",0.4472222222222222,0.5209876543209877,Apr 21 2009
32,32,GReat Room It pleasant stay Hyatt cousin's wedding January 2007. Hotel treated us cordially.,0.6511111111111111,0.6833333333333332,Apr 20 2009
33,33,"Excellent place great hospitality absolutely clean IS WORLD CLASS Hyatt, Delhi great property. I love staying here. I stayed property S'pore Mumbai well. The rooms excellent, coffee shop B'fast served one best, Staff cordial, great membership programme well.Overall world class property great place stay.",0.6787878787878788,0.6818181818181818,Apr 17 2009
34,34,"Good food indian restaurant Well hyatt one expensive trip thus wasnt really value money. The however good indian restaurant travelling India quite time, happy that. The rooms ofcourse good helps getting every day morning afresh",0.4428571428571428,0.6,Apr 16 2009
35,35,"beautiful My husband I stayed beautiful first night India! It lovely hotel, closer airport downtown hotels. Would highly recommend it.",0.5345000000000001,0.7246666666666667,Feb 26 2009
36,36,"Good Stay Great Food Good modern comfortable room . Great Bed , The Large LCD TV's smartly placed . 100% recommended.",0.5035714285714287,0.6089285714285715,Feb 20 2009
37,37,"Lousy Service It started well airport pickup. Then reached took 30 mins check room yet ready, granted booked month ahead.Wifi service goes charged. Had change broadband help staff.Room service - I ordered food 10:30pm, I told served 20 mins, 12:24 still food !!I booked two days, well i've cancelled stay moving another delhi. I would definitely recommend joint anyone.",0.078125,0.5,Jan 11 2009
38,38,"Shocking experience! I called hour reaching hotel. The central reservation desk friendly informed us various rooms told us avalibility. Since lot rooms avaliable decided book got hotel. We asked room front desk shocked hear rooms avaliable. We informed front desk conversation central booking office hour ago. She asked us call since rooms. We easily got room talking cental booking office. The lady made booking sounded shocked front desk refused, even asked us persons name. When narrated details lady front desk, smiled. She said security reasons????????We unable sleep 2 days due ongoing CONSTRUCTION. We heard furniture dragged night upper floor.In morning talked floor manager housekeeping.They ASSURED US THAT SUCH A THING WOULD NOT HAPPEN AGAIN. We naive, thing next night. We called reception finally 4am offer switch rooms. Really 4 expect pack drag bags????? At checkout narrated story someone introduced us manager. He apologised explanation. Things control...He offered compensate suffering arranging cab drop us airport free. We paid 300+ dollars night, lied to, treated unprofessional manner. Our compensation, free ride airport. I loss words truely shocked service overall experience. I INDIA , living U.S., fan years. We frequented coffe shops various resteraunts. Great personal attachment till I stayed there. Its sad!",-0.03591954022988506,0.5294540229885057,Dec 29 2008
39,39,"The reviews wrong We surprised positive comments last couple reviews criticise - usually critical people. The still undergoing major refurbishment means granite blocks machined noisily reception, covering everything dust. The staff seemed keen look business events people staying hotel, pool closed 'guests' throughout stay whilst catered weddings like! Drinks ridiculously expensive Â£80 $150 medium range bottle wine Â£12 $22 gin tonic! Our group felt unwelcome unwanted. As location - anyone say near amenities? It ring road outskirts Delhi, minimum 40 minute taxi ride centre sights are. Do stay unless want surrounded traffic close airport.",-0.011940559440559438,0.5528554778554778,Dec 24 2008
40,40,"Great place layover Property â attractive world tries. The lobby large bit top lot black granite brass; probably inspired visit Hindu temple filtered 1980âs ascetic sensibility. There well 500 rooms many people Delhi come food, property pretty busy well night. It located south part Delhi getting main part town sightseeing kind pain. Not bad thing armed guard, luggage screening pat front entrance little unexpected.Rooms- rooms bit small side thoughtful touches make practical. The work desk rolls underneath room using bathroom makes good use space half tub shower area. The toilet paper placement sink bit cumbersome. The bed comfortable; pillows not. The room stayed could used bit updating walls bit marred granite bathroom chipped. The hallways leading room smelled musty carpet coming there. They also tendency leave housekeeping trolleys hall hours end and, since halls kind narrow, nuisance.Amenities â like city unto itself, 7 restaurants [including best Chinese food outside Hong Kong], large gym, spa [fairly good massage menu] beauty shop facilities, arcade shopping make good case never leaving hotel. The concierge arrange city tours medications delivered local [reputable] pharmacy. The pool area OK good number loungers getting sun thing [or outside Delhi thing]. One advantage Hyatt that, besides Radisson, closest 5 star Delhi Airport, approximately 25 minutes light Delhi traffic, 15 minutes 2AM. All all, pretty good place stuck 24 hours waiting flight Delhi.Staff â The Hyatt win awards here. Admittedly, come 3 night stay Oberoi, expectations bit high. The driver picked us dropped us airport nice chap pretty much it. The staff seemed cold little things like asking phone number airline concierge desk seemed like chore. The wait staff restaurants friendly bit overbearing. The reception staff The Regency Club took forever check us long check us out.Overall- nice place hang waiting flight Delhi.",0.24326031746031743,0.540720634920635,Dec 20 2008
41,41,"Flawless consistent service. Stopped week also used one conference rooms. The staff would bend backwards you. There renovations going well informed rooms clean tidy. We ate every restaurant would recommend 'china kitchen' The food drink great expensive, especially wine, glass new zealand sauvignon blanc Â£10. Get jump tuc tuc PVR priara cheap authentic meal. Don't let beggers outside put off, hyatt pure luxury, health club great too.",0.3397935397935398,0.6626573426573426,Dec 6 2008
42,42,"Good Hotel.. watch rip u Well good hotel, quite clean service good. It close airport one main reasons book it. Has good japanese steak house great coffee house. But singles place nit club. The room clean hardwood floors nice view. I liked everything cant complain.. bad stuff. I got room around 200 dollars/nit week indepence day reasonably good, except trip returned back america charged 250/nit.. credit card even though online bill says 200, called hyatt office usa asked contact delhi. I thought worth rather stay anymore. Secont billing issue car rented stay. provided camry, aparently lady front dest quoted 2000 rs/8 hours. I decided clear bill nit b4 check paying bill realized billed 4500 rs/8 hrs .. I tried talking manager quite rude basically saying cant help it..as didnt quote price me. I paid full. next day checking out..i saw girl quoted price.. asked manager .. explained everything happened.. new manager come .. talked staff refunded money.. ..I beleive waived taxi charge .. caused drama .. fault. But ofcourse didnt.. finally reach america.. charged extra room ... awesome .. never going again.",0.2931818181818181,0.5182449494949496,Dec 2 2008
43,43,nice service nice place,0.6,1.0,Nov 12 2008
44,44,"loved service service excellent.all time asking snax,food,tea etc.and gave good manner.",0.7,0.7000000000000001,Nov 7 2008
45,45,"Good experience overall Our company's team 9 stayed week overall good experience. We stayed club level helpful. We made good use lounge conference room reserved one day stay. Most staff friendly helpful I asked room change move away public area, accommodating.Our rooms clean comfortable. We found food club lounge good nice mix indian continental. The italian restaurant really good highly recommended need break.My major complaint check check process. When group arrived took passports appeared efficient. They not. It took almost two hours, got hopelessly confused get rooms midnight. We also get complimentary ride back airport even though I tried confirm, clear recorded anywhere got concierge leave. To fair, pulled together flying international, something I want work like clockwork. Lastly, internet connection flaky connections would often get dropped pretty frustrating times.Overall, business, good (not perfect) experience I worry staying here.",0.22658602150537632,0.48827956989247306,Nov 4 2008
46,46,"Mixed bag The truly mix good bad. The pros proximity airport, city center fairly good restaurants. The negatives start fact disclose undergoing renovations anywhere website. I stayed room 241 walk past several rooms unnumbered doors open interior gutted! Despite recent renovations room, mattress sagged I ended sleeping middle get sinking feeling. The also &quot;mistakenly&quot; charged airport transfer I use one . This seemed somewhat deliberate local contact called see sent car airport pick up, told booking!",0.03181818181818183,0.2924242424242424,Nov 3 2008
47,47,"Awful Experience Recently, stayed Hyatt Delhi (October 2008). After paying Bomb, I bad experience called &quot;5 star hotel&quot;---. Following issues:--Reservation done online, Hyatt's site room per requirement reserved.-Reception allots room already guest staying. It embarrassing walk room guest sleeping.-Next Room allotted per requirement, took tired. Whole process took 45 minutes.-ROOMS HAD COCKROACHES.-Room Service staff could take order properly.I call three time get correct complete order. Once I received order cold barely edible.I would never recommend stay Hyatt kind Service offer, charging bomb.",-0.17090909090909087,0.566060606060606,Oct 31 2008
48,48,"Not best saty worst either Stayed 3 nights King room. Burned Gold Passport points 2 them. Check smooth. Room ready midnight. There lot airline crew stay probably why. Finally get room. Smallish. Comfy bed. Internet worked. Bring earplugs exterior facing room constant honking horns. The big usually full things going happen. This includes service snafuâs maintenance issues. Every guest encounter something good bad say however lot guests repeat guests says part happy experience. They work hard make things right brought attention satisfied. I actually impressed this. The restaurants exception 24 hour restaurant, really 24 hours, good. After I got home clear VAT cheques restaurants really VAT gratuity might want clarify there. Nice busy pool got staff attention attentive. Lots pigeons birds watch, occasionally dodge know what. Lots F/Aâs pilots plenty interesting conversations around pool bar. Met great people.I interesting emails concierge desk prior arrival worked end. The city day tour arranged included stop rug place I found total waste time mention high pressure sales driver/guide skip part tour. The rest fine. Donât let anyone tell couple hours Agra. It took us almost 5 hours get back traffic stand still. It ended long day indeed 6:00a almost 10:30p. If expecting intimate smooth silk service experience like find elsewhere Asia best place you. This perfectly fine travellers prepared occasional wrinkle along way.",0.20589002267573697,0.5022789115646259,Jul 21 2008
49,49,"Expensive poor service poor breakfast I spent two days mom end trip India. The hotel, restaurants rooms nice. It expensive service poor. The toillet blocked spent two hours waiting someone fix issue (actually checked without solution problem). The breakfast also issue like indian food: pastries looked like made week ago. The bread dry hard. We got disappointed since restaurant looks pretty good (LOOKs only). The frontdesk also rough. Our advice get reservation The Park chain, since service food wonderful.",-0.07296296296296297,0.652037037037037,May 31 2008
50,50,"Ups Downs We stayed 2 nights Hyatt Regency New Delhi. Overall experience OK several issues meant I give property higher rating.Upon arriving receptionist difficulty finding reservation despite fact called day earlier confirm. This lead delays best start visit! We assigned standard room overlooking pool. It clean outdated (old fashioned bathroom shower tub, old style TV). Our friend staying gone Club level room saw room decided bite bullet upgrade. It took time phone calls Front Desk eventually moved. What difference! The Regency Club level rooms recently renovated mod cons. They still size normal rooms (i.e. big). I've uploaded photos rooms see difference. Also included Regency Club rate access Club Lounge (free drinks day, alcoholic drinks snacks 6 - 8pm everyday), free Internet access (the broadband fast) free limo transfers airport.We tried room service dinner breakfast - good although bit slow arrive. We also ate TK's Grill decent Teppanyaki although meat bit tough.Had chance try pool, nice although bit small strangely enough swimming lane right center effectively cutting half. Plenty sun loungers around although bit struggle get service (had walk pool bar area get drinks). We also tried bar, relaxing live music nice atmosphere.Unfortunately renovations going stay meant parts closed intermittent noises coming construction areas. Our room cards stopped working 2nd day took two trips front desk sort out.Also, warned one wing club level fitted new system allows use wireless keyboard access internet TV various things. The wing lacks system still waiting updated. If travelling without laptop make sure specify want one equipped rooms jump online without hassle go business center.My main problem lack value represents. For USD $500+ / night room rate paying I honestly expected bigger room flawless service. Unfortunately case.",0.10996277056277061,0.46407388167388164,May 19 2008
51,51,"Loved Hotel We loved hotel...Was inexpensive, loved everything it. Staff pleasant &amp; helpful. Breakfast good.",0.7506666666666666,0.8,Apr 9 2008
52,52,"loved like visit delhi mainly business picked every morning work really dont know location good one opinion nothing around walking distance see visitevery restaurant visited al least 20 minutes carinside perfect :room good size ,perfectly mantained ,good business services breakfastnothing complain joy arriving everyday long working day",0.4513888888888889,0.5611111111111111,Mar 4 2008
53,53,"great - complaints This second time Hyatt Regency Delhi - first time two years ago things I like then. This time I stayed week I say everything nearly perfect - nice room, comfortable bed, good restaurants, good service. The gym pleasant although packed always enough machines. There newish Italian restaurant excellent, new Chinese restaurant even better. Although busy road, rooms fully soundproofed I hear Delhi's infamous constant beeping.At rear large pool pleasant garden drinks light meals.My small complaint bathroom fittings could refurbishment - taps need replacing, toilet flush bit lethargic etc. And also breakfast bit chaotic full stay - peak tourist season.But I would stay again, definitely.",0.2801475068141735,0.5545598845598846,Feb 17 2008
54,54,"Not worth big bucks Spent 2 nights, one top USD, second using Hyatt Gold Passport points. We advised friends stay 5 Star Deluxe Hotels India, good input... sanctuary. So, Delhi selected Hyatt Regency, expensive. Excellent bar, excellent buffet breakfast, top-USD room small clean. The Gold Passport room smaller, unclean, dirty lacked furnishings. So, food drinks good, room average, worth USD. E.Taylor, NC, USA",0.17450980392156865,0.5,Jan 3 2008
55,55,"Hyatt Regency New Delhi Regency Club Level Floor 6 I looked trip advisor making decision Hyatt. I read things trip New Delhi still arrived feeling like I prepared enough. I came realize extremely fast want things done New Delhi get tipping wallet ready. This place worst tip value Las Vegas general. The pretty nice yes service pretty good willing dump Rupees tips. I found advice prior trip 30 rupees pretty good cases want something done fast 100 rupees gets want pretty darn fast smile. If donât plan tipping I suggest stay 4 star New Delhi. I decided room reading reviews hotels general New Delhi level service accuracy things low. So I figured I would try find best place good name find top room. The Hyatt I like general national name corporation behind usually find customer service somewhere else fails. Being Regency level I greeted airport shuttled hotel. I arrived morning pretty strict early check deal I dropped bags already day trip planned Agra. On returning Hyatt later evening I checked 6th floor Regency Club course things never right. I booked two rooms. One I booked line Hyatt I booked online Expedia. The room booked Hyatt course accurate check check bumped price extra 3000 rupees reason. I still debating credit card company. Not something I wanted previously read notorious great I one statistics now. The room booked Expedia disaster. Expedia charges total room booking website. So I paid entire amount including taxes time booking Expedia. Well check Hyatt wanted charge room I blow point things didnât go planned. Well anyhow already running late airport I ran business center printed Expedia confirmation credit card statement showing I already charged still Hyatt take face value rather told would figure things send bill later. Well lucky Expedia room worked I double charged I would still debating well I taken time solve right their. So big suggestion decide stay bring reservation confirmations check make sure quoted prepaid room understood check counter people time check save tremendous amount time later emails telephone conversations credit card company hotel. The next morning I wanted check New Delhi I hopped taxi knowing better told take arch turn meterâ¦.oops. I learned supposed negotiate fares rent driver day. So I ended understanding fairly quickly negotiated 1000 rupees day. That seemed set rate like remaining two days using drivers. I also learned unless like taken commission shops direct firm drive telling want go specific places donât want go shopping go Connaught Place stay away government emporiums unless want pay premium. The way I understand government emporiums pay kick back 500 rupees taxi driver bringing emporium 50% commission whatever end buying. So donât go taxi driver suggested places shopping rather direct various places like Connaught Place. Donât misunderstand think place government emporiums area places still government emporiums area well surely see difference. Just tell taxi driver want start Pizza Hut KFC. They clueless think want eat tell back hours. He isnât going take havenât paid yet take nice stroll shop, eat whatever floats boat. So hotel. One room I gotten Regency King actually fairly small compared Regency Kings I past Hyattâs. But OK nothing special bottle water. The drain shower horrible flooded every time shower turned on. The room Regency King Suite good size. It felt like Regency King room I used to. It lovely sitting room accommodating size feel. The suite nice room friends stay three travelers two sleep king bed roll-a-way. Very nice room shower seemed work fine. Being Regency level get breakfast morning drinks evening nice feature staying Regency level staff friendly serving you. Again little tip end breakfast night cap wonders stay. The staff appreciative goes way help tipper sure. So good place hand 50 rupees end breakfast drinks better enjoyment stay long run. I found location close many things least 15 minutes sites. I ate dinner one night Spice Route Imperial Hotel found location Imperial fairly close sites I may try next time I go Delhi location seems much better off. The Hyatt seemed away all. Highly recommend Spice Route dinner make reservations Imperial hotel. Also Hyatt China Kitchen serves fairly good Chinese food make reservations advance feels fast. The health club Hyatt small busy allow outside membership. So want exercise enjoy sauna prepared small used gym. Overall I found Hyatt New Delhi TIP happy OK ok tipping everyone may look try help you. I donât think unusual thing New Delhi general. It seems TIP happy place bugs time I already I want enjoy voyage let dollars get way enjoyment. Upon leaving give plenty time airport. Security crazy big scanning machines donât anything I didnât see one bag opened require every bag placed thing inspection. I donât clue suppose billion people trying throw suitcase onto scan machine time really organization whole thing clamoring retrieve bag end scan machine workers place security check tie around suitcase. Itâs joke time consuming. Do try check cleared dumb scanning machine process. Immigration lines long slow security check required personal hand carry. Also donât forget get stamp hand bag carry wonât let board airplane stamp carry luggage tag. Again take word TIME CONSUMING. New Delhi tier out!",0.15802771172489474,0.48189271995610006,Dec 21 2007
56,56,Enjoyable nice rooms restaurants This excellent standing. The restaurant good India. Our oom top floor well furbished warm welcome. The sauna good point evening. The disappoint mistake bill departure corrected request.,0.5599999999999999,0.71,Dec 15 2007
57,57,"Average experience This best welcome India. The service pretty disorganized, location action city - might suit people meant negotiate public transport taxis, easy place! Rooms okay, nothing special. Not cleanest bathroom either. I'd choose else next time.",0.25863095238095235,0.4671428571428572,Oct 19 2007
58,58,"Good short business stay - 2nd visit I stayed Hyatt Regency Delhi, second visit. I think somethings slipped since last year I stayed, concerige desk (had remind several times car bookings). The food always good, rooms pleasant (although cold - I turned ac off!) complimentary water much appreciated.The staff helpful whole, although little slow restuarant.",0.11223958333333335,0.39583333333333337,Oct 8 2007
59,59,"Excellent; somewhat pricey great service Excellent made stay Delhi worthwhile experience; check easy rooms average found friends newer plush rooms floor whilst rooms old style; upon request, management bent backwards move us newer refurbished rooms soon became available (later night)....the flat screen LCD TV ; wood panel ; soft mattresses, ambience transparent bathroom wall sensuous blue soft lights reminded high end boutique hotels pricey Manhattan!!The room service excellent; health club newer equipment - elliptical crosstrainers treadmills integrated TV monitors ; massage treatments truly treat fairly inexpensive US standards. Their popularity evident; time slots available massage short notice.Service speaks volumes book concierge willingly sent staff motorbike medication 24 hour hospital pharmacy distance away 3am (to treat sick child); medication delivered promptly room!!Thanks Hyatt staff... I traveled world rate true 5 star experience!! We back visit India &amp; Delhi",0.2660369047619048,0.47521904761904765,Sep 23 2007
60,60,"Superb Hotel Fantastic Dining I stayed Hyatt Regency week August business trip New Delhi. I found service facilities outstanding!The first thing know, bother scheduling pickup airport hotel. The price outrageous. Simply grab taxi airport pay 300 Rupees maximum. If westerner first trip Delhi may prepared tipping situations. Check discussion forums tripadvisor tipping information decide accept assistance bags etc.The is, course, really walking distance anything. I'm sure Delhi walking distance anything. But area decent enough. The entry lobby nice, check easy, staff excellent.The rooms great. Very new looking. Housekeeping simply superb, exceptional, fantastic! The beds luxurious, bathroom large, amenities plentiful. LOVED room. Internet little pricey. There abundance channels television. The restaurants simply outstanding. Breakfast delicious loaded options. Do NOT miss italian restaurant. I got back Italy couple months ago I honestly say restaurant best Italian I've years. Do NOT miss it!The price intimidating, deals diligent researcher. We booked 170 USD per night. Not bad. In summary, stay absolutely fantastic. I town every August next several years I fully intend stay Hyatt time.",0.3058465232683983,0.5961997204184705,Aug 29 2007
61,61,Perfect stay Great Club room. Nice buffet evening breakfast Club LoungeVery good spa best ayurvedic massage I've India!The staff wonderful,0.85,0.775,Aug 26 2007
62,62,"Perfect business travellers I first stayed around 4 years ago written review back then, sadly never got around it. I went back Delhi last week stayed Hyatt Regency. It really great worthy decent review. I'll start rooms nice comfortable, slightly dated. Lovely wooden floors comfy beds. The bathroom provides basic amenities would expect find more. There drain side bath colleagues noticed smell even bubbles coming I problem room. The service really great extremely attentive. Wherever hotel, front desk, lobby, outside restaurants, find staff extremely helpful polite. My friend I ate TK's asian restaurant - rated extremely high. The food service perfect. It far hot sunbathe pool, I great view room pool area previous visit, I assume pool service good ever. A great visit - highly recommend hotel.",0.3124747474747475,0.5865151515151517,Aug 14 2007
63,63,Excellent stay I New Delhi one night trip get US VISA American Consulate. I booked experience really great.Mine club room 6 th floor good.The food worth price one pays stay here.Strongly recommend.,0.30606060606060603,0.34242424242424246,Jun 27 2007
64,64,"Expensive..... The Hotel set city centre International Airport. On first arrival I thought outside nothing special. But welcoming lobby first class. The restaurants excellent whilst I Hotel adding new Chinese Restaurant. The pool particularly large adequate grounds well kept. I staying Executive 6 floor gave access small buffet service.The room clean nothing special. My room located side, providing restricted view side alleyâ¦.nothing great there. The TV old style model modern Flat plasma version. The programmes basic, offering pay-per-view. The room Internet access trip I didnât laptop. I used internet room 6th floor (another lobby). I surprised disappointed find charge this, paid lot stay Executive floor I would expected complimentary. I thought petty.The Hotel staff excellent professional, polite helpful. Overall I would say price stay Hyatt expensive although I staying business therefore paying, I would stay again.",0.12245021645021645,0.4430324675324676,May 6 2007
65,65,"Avoid Costs!!!! The service Hyatt great but, worth $300/night price. Our room door adjoining room everything could heard. So, last nights stay person room decided watch TV 3am woken up. If paying $300/night get quiet nights sleep. Also, arrived back home I sent letter bill food taken mini-bar never took . This total rip-off.",0.015625,0.359375,Apr 4 2007
66,66,"Great service! We stayed Hyatt Regency Dehli right Christmas. Our flight late Taiwan staff airport really helpful, especially since two small children.We stayed executive floor room beautiful staff great. We went tour Northern India next day stayed way India. The food good great kids.I would recommend short stay children probably long term stay, since really near sights Dehli basially business hotel.",0.2954081632653061,0.5489795918367347,Jan 28 2007
67,67,"Baautiful plce; take care I stayed Hyatt Regency business trip. There's much around hotel, typical Delhi; dusty roads, honking horns, people bicycles. My room beautiful well-supplied. I Internet connection problem I checked within 5 minutes young man suit door resolve it. (It 11 PM Friday night.) I admiring plantings pool employee greeted told names plants. The Health Club well-equipped machines always available.The one weakness had, view, smaller % Indian food buffet; I'd previously stayed Grand, bigger selection changed every day. If like stick traditional Western food, there's plenty it. I even saw guy eating steak, made cringe.My boss I paid $300/night peak tourist season; people checking night I left paying $500 complaining loudly boorishly. I know better rooms, mine good value $300.",0.12777777777777777,0.5011111111111111,Dec 12 2006
68,68,"A great experience I recently stayed Hyatt New Delhi. My room quite large plenty room around king bed. It slightly cold I called front desk complain, sent space heater worked fine. The impressive aspect concierge. I several packages delivered someone concierge brought up, helped pack involved making makeshift bag weighing baggage me. Given extra baggage, I concerned I might able check everything. When I departed hotel, I told Hyatt representative airport notified I coming would help me. The Hyatt representative met airport walked check-in process helped manage baggage. I would never able check-in him.I would definitely stay Hyatt again.",0.24766542980828696,0.5523654916512059,Dec 11 2006
69,69,"My stay fine! I enjoyed stay here.I found room bit small, comfortable I slept well.Reception large, modern light staff met requests fine.I asked someone get deodorant (as I forgot pack any) bought brought meeting I wanted it. Great!Restaurant, lots buffet choice, western Indian, good quality.We business meeting downstairs conference facility, excellent.Pool, I swim, ordered beer pool, fine. All all, I would stay again.",0.3101785714285714,0.4928571428571429,Nov 2 2006
70,70,"Nice Hotel I've read reviews hotel, I get it. A lot comments may true, really pretty minor problems, really warrent negative ratings. It's almost reviewers stayed 5 star hotels internationally.I 10th thru 14th October, found good, service excellent. We conference, pleased hotel.The rooms small, adequately sized king bed, desk chair, easy chair. The furnishings fine - worn - remodelling rooms, supposed finished shortly. The new rooms furnishings maximize space, like glass desk top, headboard mounted wall, bedside lamps mounted wall instead nightstands. Some rooms apparently temperature adjustment, mine adjustable.The food good. We two catered lunches Djinn's well dinner entertainment Friday night pool, mulitple ethnicities food (Indian, Italian, Arabic) good. The service excellent, I know reviewers complained.One negative mosquitos. The weather unseasonably warm, dengue fever outbreak Delhi (over 1300 cases 50 deaths far), constantly fogging outside fumigating inside. The inside work ineffective, though, lot mosquitos inside. No one group bitten, swatting nervous - even wearing &quot;Off&quot; conference.The within walking distance shopping, foreigners want walk Delhi anyway. There camp homeless living tarps across street, cows roam streets, that's India. The pool area gorgeous, though, oasis Delhi.",0.32119644723093,0.5668808777429468,Oct 15 2006
71,71,"A professional systems worked us My wife I stayed Hyatt Regency night July 31. We paid bit $200 room. We excellent experience. The international airport pick-up efficient. The room comfortable, staff friendly, professional, helpful. Breakfast lunch coffee shop good. My wife left glasses lobby, able retrieve lobby staff found put lost found. We took taxi Ashoke Hotel back reasonable fare. The drop domestic airport pleasant. The within walking distance shops commercial areas, change money rate. But would enthusiastically recommend Hyatt Regency good value money.",0.33455555555555555,0.41144444444444445,Aug 15 2006
72,72,"Shockingly Bad Hotel I always stay Hyatt's name usually guarantee's kind standard - case!!! The rooms very, old. They updated basic components electrical plugs ac, let alone furnishing. The ac control even allow change temperature!!!! All would ok except charging $200. Not worth",0.014444444444444461,0.3668518518518519,Apr 11 2006
73,73,"Lot $ little For $300+ would expect get room reserve (King, non-smoking). Instead I got smoking room two twin beds pushed together. The Polo lounge good atmosphere lively, also trouble getting seat place. Maybe Saturday night. All all, average experience. The staff helpful attentive best part I guess.",0.24269480519480519,0.4857142857142857,Feb 22 2006
74,74,"Some staff try make difference I wrote review hours checking out. It favorable.We late (midnight) flight checking settling extras bill couple meals drinks (around 700us), used spa freshen dinner. I allowed 20 R disposable razor I already checked out!That final straw. I wait leave place! On leaving lobby I met manager told going hotel. Hotels India, experience, never good. Maybe cultural thing. The manager took comments I made seriously appeared pretty surprised investigation find staff obviously hiding him!He team took immediate action ensure remainder evening Delhi enkoyable possible would try next time visited.I'll try place next time I'm Delhi. The manager genuinely seems want sort out.I recommend justified problems dealt inform manager. If he's available contact Hyatt regional manager. I suspect reception says he's available they'd prefer boss find like guest here.There great, helpful people working understand hospitality business, need them!",0.11271929824561404,0.537719298245614,Feb 16 2006
75,75,"fine I used day room - experience facilities.It busy - lobby feels like train station - although looks much smarter!It range facilities, coffee shop, bar, restaurants , gym, loads boutiques selling goods pockets - souvenirs jewellery. It quite close centre. The staff polite helpful queries requests however bags took long time get room get loaded taxi departure.The room comfortable amenities would expect form four star.I paid 350 rupees get airport recommended taxi, car costs 1300",0.21611111111111106,0.43166666666666664,Feb 12 2006
76,76,"Loved Hyatt I stayed business two weeks I loved it. The gym spa great, staff extremely helpful. The buffet breakfast included rate, nice way start day, nice mix western Indian breakfast foods french pressed coffee. By day three, waiters new I liked ketchup tabasco would waiting upon arrival breakfast. The rooms bit small, clean nicely appointed. I trouble temperature controls, AC made room cold, heat made room warm.",0.30175189393939394,0.6565340909090908,Jan 24 2006
77,77,"Dreadful This Hotel joke. Out date product mini-bar, rude staff, slow restaurants, expensive drinks, poor transportation, small rooms, ancient bathrooms basic that. Wouldn't advise even considering it!!",-0.39285714285714285,0.5464285714285715,Jan 7 2006
78,78,"We loved hotel.... I think I must stayed different reviewers. After 3 weeks road India, lucky enough use points reserve room club level. Highly recommend upgrading can. The room lovely. It could bit larger, decor, cleanliness bathroom great. Apparently, opposite experience service. Check done promptly 6th floor, let us check 7:00 evening left additional charge, wait staff floor wonderful found breakfast evening drinks quite nice. Also, unlimited email access business center helpful.We enjoyed bar resaurant went (though VERY expensive Indian standards), best part spa. For 30 bucks I got best massage I ever had. This wonderful break travels I would recommend without doubt. And, again, suggest upgrading club level best experience!",0.36219696969696963,0.5412878787878789,Jan 5 2006
79,79,"Hyatt A disgrace Hyatt 5 star hotel....having laugh.The service worse get 2 star hotel. Not worth money.Staff Delhi Hyatt inefficient extremely rude! They know treat customers. Not that, need fully trained work front desk! Can't get simple thing right!The restaurant Hotel priced. The food ok. Although order 3 hours advance! Because service damn slow.Rooms also small bathroom basic.I would certainely recommend anyone!Delhi Hyatt definately gives bad name Hyatt group Hotels.",-0.12499999999999997,0.515978835978836,Jan 3 2006
80,80,OverPriced,0.0,0.0,Dec 22 2005
81,81,Give Hyatt bad name. Absolutely appalling.,-0.5249999999999999,0.7833333333333333,Dec 21 2005
82,82,5 Star looks - 1 Star service,0.0,0.0,Nov 23 2005
83,83,Worst Hotel Bad name India,-0.8499999999999999,0.8333333333333333,Nov 17 2005
84,84,Terrible Service,-1.0,1.0,Nov 15 2005
85,85,Calm luxurious amid chaos Delhi,0.30000000000000004,0.75,Nov 14 2005
86,86,OK Hotel terrible service,-0.25,0.75,Mar 31 2005
87,87,Nice Hotel Not Great Location Pricey,0.09999999999999998,0.875,Mar 17 2005
88,88,Not great horrible ok.,0.19999999999999998,0.75,Dec 23 2004
89,89,Good value,0.7,0.6000000000000001,Nov 1 2004
90,90,?????????,0.0,0.0,Aug 16 2009
91,91,Primera empresion excelente regresamos fue descepcion,0.0,0.0,Apr 28 2009
92,92,?????????????,0.0,0.0,Mar 8 2009
