,Unnamed: 0,Reviews,polarity,subject,Dates_extracted
0,0,"clean comfortable room manager helpful stayed 2 nights price INR2800 per room per night inclusive breakfast taxes, later found local travel agencies could got us better deal INR2000 per room per night inc taxes breakfast.the room clean, air con noisy int room. seemed secure enough, near shops markets.hotel manager helpful looked friend diwali, advised us go alone likely hit fire crackers.food good prices cheap comparison places.however check out, tried charge us extra INR 2800, saying charges included even tried charge us extra breakfast, wasnt called manager said deceitful reduced back INR 5600 inclusive taxes breakfast.would recommend stay please ensure written exactly tariff includes better still get lot cheaper via local travel agency!",0.18648989898989898,0.3960858585858586,Nov 12 2009
1,1,"damp room loud clean We found Delhi filthy, polluted loud city really would enjoyed oasis chaos it. like india dirty room looked like needed good cleaning. large fan bathroom loud scary exposed wiring entire room moisture problem. bedding felt damp. room service menu crusted food. room loud staff banging things outside door hours night. typical male staff, female employees. breakfast room dark dreary place felt dirty. first suggestion would skip delhi horrible city (we also warned listen) must go book 5 star. gonna need it. lunch imperial nice.",-0.009813664596273294,0.6392857142857143,Feb 18 2009
2,2,"Okay though nice respite hectic Delhi We stayed part Intrepid Tour (North India Highlights). The good area lots shops close Metro. Both times (at beginning trip end) placed rooms faced street. While windows, street noise pretty bad (though generally quiet midnight 6 so). The bed comfortable, bathroom large, plenty hot water. The staff nice, though sometimes pushy. We eat restaurant (on rooftop) food actually pretty good.",0.30494505494505497,0.6983516483516483,Feb 10 2009
3,3,"Rude reception manager wants money Regarding room, fine, stayed twice, 2 differents times, booked travel agent. Rooms clean, windows. However mini bar, dont drink water there, sealed, refilled tap water. breakfast, saw insects close breakfast table, hygenic all. Regarding reception, dont speak english, main person manager, speak english, quite rude, try sell u tour around dehli, ask exchange currency, bad price. If find hotel, better.",0.020454545454545472,0.3977272727272727,Nov 10 2008
4,4,"Extreme Caution Needed We recently returned India marriage son Amritsar. On way Amritsar stay one noght Delhi catch next days flight Amritsar.Our agent advised us booked one night us. Our flight Kuala Lampur reached Delhi 9.45pm reached 11.30 pm told full ! A quick call agent got excited offerred us room sleep mattress floor.We refused, walked us neighbouring &quot;branch&quot; hotel- dilapidated old building worthy called hotel. Then walked us Sunstar Crown hundred metres away. By Agent came asked taken another hotel.We long flight New Zealand- would never recommend anyone book place- NOT hotel- pictures website misleading.",0.07641184573002754,0.4731404958677686,Nov 4 2008
5,5,"Great location clean comfortable rooms. We stayed part Intrepid Northern India Highlights tour. It great location, excellent shops/restaurants metro within walking distance. The rooms clean comfortable snacks minibar. The bathrooms pretty good big corner baths powerful hot shower. The staff friendly helpful.",0.4621794871794872,0.7346153846153846,Nov 1 2008
6,6,"Failed honor booking Having booked prepaid Sunstar Grand online booking service confirmed booking arranged airport pickup directly. On arrival India first dissapointment airport pickup. On arrival 3:00 AM suffered next dissapontment staff indicated full already place us, found substitute help cab driver.. Subsequent attempts resolve issue refund money met attempts blame incident us leaving requested able contacted found mistake.",0.17777777777777778,0.4731481481481481,Jan 23 2008
7,7,"careful found tourist stand airport. looked okay pictures great stay amritsar decided pay decent hotel.hotel good, rooms okay little small hot water decent bathroom made it. restaurant good rooftop nice sit away hustle bustle.however.we told much room would checked checking price gone hadnt told us tax.we wanted arrange trip agra receptionist called man said could help us. promptly whisked away shop given prices basically told didnt book either train drivers might available. bloke also told us 'approved' tourist board - NOT case. totally ripped 2days wanted make sure got transport agra night time sorting didnt chance compare prices - following day found wasnt approved tourist shop careful stay hotel.also check use internet signs warn charge could asked amount money logoff!hotel accomodation overall okay shame staff werent helpful could've been.",0.2359469696969697,0.6021464646464647,Sep 23 2007
8,8,"Okay days We stayed Sunstar Grand early March 2007 sightseeing Delhi. We non-resident Indians aware realities hotels India. It quiet part city generally safe. The staff little sluggish seemed eager earn tips, one expect dealing non-luxury India, especially major city. Overall, room clean, bed linens bit worn. We room bathtub (note: note bathrooms do), water leaked onto floor used it. Also, dark rooms really proper windows exhaust vents single air conditioner unit attached &quot;window&quot;. There also noisy pigeon hanging AC. But I say, bad- paid $60 night, city like Delhi realistic. It sufficient enough us day sightseeing. Let's face it, go Delhi stay hotel/resort day- go see amazing sights. (note: Agra hand GREAT hotel- Hotel Howard Plaza).",0.13823498964803313,0.4714182194616977,Jun 8 2007
9,9,"ok pinch choice small roomsOurs ground floor windowsour friends' 3rd floor smelled disinfectant. adequate.Breakfast worst india. boiled egges, moldy toast, non descript jam, Sunny delight juice, it. ah yes, weak instant coffee. It would better went R/O.Restaurant staff worthless. 4 5 staff could'nt get table cleared us breakffast was'nt full. also happened friends second morning ended clearing tables ourselves.Front desk staff slightly pushy appeared often whenever tip seemed extractable. Otherwise kept away.of hotels used india (7-8) time 2d worst.It need spend night better look elsewhere.",-0.06180555555555558,0.4840277777777778,Apr 20 2007
10,10,"Good Economical Hotel Nice close city. Fairy noisy night time noise level enough get sleep. Room bathroom clean, modern spacious. Staff friendly helpful. Overall, good reasonable price. Ideal short stays.",0.3759722222222222,0.6158333333333333,Feb 5 2007
11,11,"quite good clean We stayed twice whilst group tour Northern India. Once beginning tour end 15 days. I looked photos internet pleasantly surprised room better expected. It good size , located back window good sized bathroom. It marble floors, cable TV, tea coffee making facilities good decor bit kitsch okay. It clean linen white fresh bed fairly comfortable India ( many like concrete). It cold Dehli January ask extra blankets room freezing. On final visit room lovely warm heater. It bit noisy could hear goings reception ( ground floor) also hear people arriving strange times night. The breakfast area bit like dungeon ambience served white toast, jam, hard boiled eggs choice Indian dishes. The food ordinary compared ate restuarants. The location okay really near anything much - market closed Monday there. It cheap catch auto rickshaw Connaught Place though metro nearby cheap clean.",0.20921568627450984,0.49490196078431364,Jan 31 2007
12,12,"Kitsch decor pushy staff small rooms...but ok couple nights Decor kitsch, new, modern unpleasant. They've tried achieve Swiss chalet-style effect, leading strange features wood-panel print ceramic tiles bathroom. There tight marble staircase running middle slow, spacious, elevator. Rooms: small bathrooms small.On plus side, fittings new room comfortable. Cable TV. Demand room window, otherwise probably assigned room (202) , windowless. I pulled back curtain find window built ventilation shaft. Breakast buffet good. The food delicious. The buffet served downstairs pool, sauna, steam room area.Ambience: Noisy. The rooms seem little soundproofing leading embarassment using bathroom one's neighbour residence.BEWARE ridiculous add-on charges leave. Suddenly charge use steam room downstairs, internet lobby. These nonsense charges - sign invoice agreeing pay time - would room service bill, example - pay it. I stood saying 'I'm paying it' one silly charges came up. I feeling self-ennrichment measure run books benefit front-desk staff bell-boys. Threaten go Tourist Police continue talk you, staff rely sense politeness dislike confrontation hassle paying more. The staff quickly backed challenged charges heard say definitively I would pay it.The check-out experience really soured hotel.",0.06463633588633587,0.46798396048396046,Jan 13 2007
13,13,"Get right room We stayed twice. The first time got small room (one side bed wall could get side), NO window shower room. The second time room bigger, bathroom, windows :-) In cases rooms clean. You take look website, shows pictures various rooms. Breakfast included winter served unattractive room basement, white neon lights sort shower curtains divide two. We also impressed dirty plastic box dirty crockery, put floor entrance. We eat much people seemed enjoy breakfast.The street relatively quiet noisy. Beware beggars, may try first approach soon get car.Check also reviews Sunstar Residency, reviewers might confused two hotels.",-0.017380952380952386,0.5192857142857144,Jan 8 2007
14,14,Â¡No lo elijas!,0.0,0.0,Aug 24 2009
