,Unnamed: 0,Reviews,polarity,subject,Dates_extracted
0,0,"Big improvement Was trepidation staying due earlier reviews pleasantly surprised came across hotel. Yes temporary reception &quot;room&quot; ideal new reception due ready next January. The rooms excellent, large, clean well equipped. However rooms upgraded and, far could find approximately half rooms still require upgrading. Restaurant food fairly good fairly limited choice. Bar area okay dirty dust construction work (probably would closed EHS UK).",0.08838004101161996,0.507507404875826,Nov 22 2009
1,1,Nice Location The thing good location. It located Connaught place heart Delhi. The rooms big &amp; spacious well maintained. The room service okay &amp; food definitely palatable. Only thing walk around &amp; good joints within 10 min walking distance.,0.29999999999999993,0.6412499999999999,Jun 5 2009
2,2,LOcation good Not worth rent charged; food good; rooms look old stained walls; albeit large; maintained properly; may stay next time,0.08500784929356357,0.2700156985871272,Jun 3 2009
3,3,Average Stay Hotel Janpath location good close connaught Place.Service slow. Front desk response average,0.024999999999999974,0.44999999999999996,May 9 2009
4,4,"Rip I know review coming late I saw dirtiest list India I weigh in. It worst rip life. Paid 160 USD one night supposed 4 star hotel. It horrible. Driving I knew something wrong looked like govt. dept building. Lobby shabby proved best thing it. Lifts, corridors path room filthy badly lit. Room horrible. Wouldn't lock properly. Toilet grimy. Beds uneven. It 12 midnight I find another hotel. Slept chair jammed door. Stay away.",-0.4212121212121211,0.6606060606060606,Apr 20 2009
5,5,Good Restaurant live Ghajals program The okay liked restaurant good food live ghajals program. good family friends enjoy party.,0.4858585858585859,0.5666666666666667,Apr 17 2009
6,6,"Hated It We stayed Janpath get infant son Diwali noise air pollution.When arrived staff Diwali worship lobby wait 20 minutes check in. Not single member staff volunteered help us check-in get us room done. We left hanging around lobby (frigid) staff sang songs!!The beds narrow uncomfortable, wooden tiles floor creaky, AC turned full blast turning room ice chest, food full chillies really good anyway, staff shouting across corridor (terrible sound echoes.)To top all, nerve call Janpath 4 star charge &quot;luxury&quot; tax.It would hard call 2 star counts.We would stay recommend friends.",-0.17539682539682538,0.5220634920634921,Dec 10 2008
7,7,"Awesome Build I sponsored CNN-IBN(news channel) trip Delhi watch 1st ODI India-England March 2006. Upon reaching Delhi I transferred Hotel Janpath stay. The awesome I never experienced incredible service before. Dinner best I there, accomodation simply satisfactory. It old structure simply magnifiecient serenity beauty.If want mix old new Hotel must.",0.3487603305785124,0.5608028335301062,Dec 3 2008
8,8,loved way treat guests loved way welcome guest......the facilities good.........there slight problem room adjustment can't mind.......overall good experience,0.5466666666666666,0.6533333333333333,Nov 11 2008
9,9,"OMG! yikes. I stay hotel. I strapped last minute &amp; CP section Lonely Planet guide. The first shock location- CP area, located Janpath dilapidated looking side alley. The building outside read &quot;MAJOR DIVE&quot; it...dirty unruly. I took tour rooms like going depressing mental asylum maze green walls, semi dark hallways flourescent lights, on. The rooms I shown NO windows seemed like might clean, 200Rs budget Cozy Hotel Pahar Ghanj looking lot chic, clean safe minute. The visual peace I could stammer restaurant patio area place claustrophic offered bit brighter vibe. This HOLE, 4-star definitely NOT worth price they're asking! There way I could stay &amp; I even considered throwing LP guide toilet. I ended going back Pahar Ghanj budget.",0.02171052631578948,0.4315789473684211,Oct 27 2008
10,10,"Not worth it!!! First all, hotel's lobby cold I wonder happens A/C reach room. Food overpriced cup coffee(if ordered room service) costs Rs.80. Food good Sagar Rathna restaurant provides South Indian fare Gulnar restaurant provides variety cuisines okay priced slightly higher rates. The rooms quite spacious minimal facilities. The cupboard also small. The walk lift room long I felt I walking left wing right wing Salarjung museum. Also, expect fast billing 12 noon give notice atleast 1 1/2 hours before. Hotel staff friendly seem quite cold.",0.04178217290521976,0.48460393772893773,May 9 2008
11,11,"possibly worst value world We booked Janpath reluctant colleague simply find anywhere else. It filthy, hot water said favour. The staff unhelpful, food average, rooms ill equipped. Many rooms appear derelict abandoned, refurbished. We agreed stayed far better hotels major European capitals less quarter price paid here.",-0.0003205128205128215,0.6287545787545787,Feb 13 2008
12,12,"Not place lay head I stay I visit prior ouractual stay there. I toured withhotel staff graciously showed us roomon 4th floor. The location greatand appearance driving looked veryfavorable considering price. The lobby small, grand clean presentable.The elevators old English lift type andworked well. Upon accent 4th floor,I first get elevator. Directlyto left part not, I wasn'tsure midst construction. Noplastic tarps, barriers, hallway tools,sawdust, wood construction materials thrownabout. The hallways bare deserted. Itreminded mental hospital saw TVfrom 50's. The room doors old, see safe I believe I seeing. I would spend 10 minutes room let alone night. The furniture damaged, pillows looked 20y ears old dingy dirty everywhere. Black marks dirty hands wereon walls. The bathroom completely disgusting. Granted, old clean fine, old, filthy anddisgusting. I looked tub peeling. Crusted dirt scum around rim. I bare look longer. I leave. We cancelled reservations forthe return trip Delhi. I'm happy went check outbefore checking in. Not recommeded unless sleepanywhere.",-0.021794871794871776,0.43333333333333335,Feb 3 2008
13,13,Good 4 Star HI This Alam. Me Friend stayed month October found good 4 star.You find basic aminities 4 star have. overall good 4 star . next time stay hotel.,0.3499999999999999,0.32083333333333336,Nov 23 2007
14,14,"Grim Stalinist depressing I booked Janpath couple weeks I going Delhi work. Big mistake. I wanted decent, serviceable, comfortable hotel, good business facilities OK restaurant. Unfortunately, Janpath really none things. I knew I going anywhere posh Imperial Oberoi, I could paid far less I Janpath facilities I got. It nothing: email access, grotty bar, restaurant I really try (the in-room breakfast bad enough), terrible dysfunctional TV 2 channels poor reception, world's loudest air conditioning (sleeping night problem), windows shut properly, faulty electrics constantly threw sparks. In defence, I would say room quite large quite clean. It comfortable, would acceptable 2* price. Unfortunately came 4* price. I would also say staff pleasant me. The laundry service efficient well-done, too. And location obviously good. I became almost affectionate towards place end stay, bit galling next door Imperial.I would certainly consider Janpath visiting Delhi.If want cheap, basic hotel, plenty cheaper one standard. If want comfortable good value like 4* be, dozens better options - The Claridge's, instance, international chains.Despite redeeming features, really better elsewhere.",0.06676691729323309,0.5174561403508772,Aug 23 2007
15,15,"Filthy Dirty Great location circle, upon check I thoroughly disgusted. I given filthiest room I ever seen! The &quot;suite&quot; consisted carpet looked original contained dirt garden. The sofa &quot;suite&quot; furniture grease stains across entire headrest areas, spilled items warm, empty refridgeration unit probably invite bugs. The windows close properly, sucking mildly cool air air conditioner right out. The bathroom walls mold, including shower provided ice cold water. Don't tempted stay - even minute.",-0.020952380952380945,0.679047619047619,Jul 19 2007
16,16,"What rip-off! The Janpath would lucky receive two stars country. The location good, prices ridiculous rooms basic. I hot water three days - airconditoner sounded like truck engine - nerve charge &quot;luxury tax&quot; checkout! Three nights cost nearly six hundred Australian dollars. Do stay hotel!",0.002083333333333329,0.5245370370370371,Jul 17 2007
17,17,"There better 2 star hotels Hotel Janpath We Delhi early Dec 07. We told could first choice fully booked. The agent told us booked 4 star better first choice, imagine horror booked Janpath. Its run never classed 4 star. The rooms given basic looks doors looked like rooms broken into. Thankfully two nights. I stayed better 2 star hotels India.",0.15444444444444444,0.43180555555555555,Jan 12 2007
18,18,"clean rathole janpath (located Janpath road south connaught circle, Imperial Shangriila) government run hotel, part ashok group. location fantastic. The rooms surprisingly clean (including sheets) however, mindful pretty much rathole would two star US. said, I hot water large room,and TV many English channels (probably cable satellite system). bathroom clean (the towels grungy - best bring own) room smell bad. The price $150 taxes seems average class hotel. Sure, run dingy. The paint walls peeling, furniture basic. However, large hotel, many storeys, shops two restaurants. I ordered room service food came quickly, good, I get sick. I wish room cost $50, $150, would good value. However, location great, clean, .and I got good night's sleep there.",0.2993467643467643,0.5984539072039072,Dec 19 2006
19,19,This even deserve 1 star. When made reservations told 4 star. This place even deserve 1 star. The rooms dirty. hot water anytime. Bathroom mold everywhere. Staff rude. We promised free breakfast ended pay that. I mind paying I wanted get things get there.,-0.15624999999999997,0.7625,Jun 22 2006
20,20,"Janpath overpriced mediocre stay We usually stay family Delhi town, find safe clean. Our four-year-old children visiting India first time complicated medical history, want getting sick either. Janpath recommended us cousins also children visiting India first time, said good experience. We paid way much stay got - 4700rs/night. The room, though large, worn, bed inadequate sized. The bathroom clean expected kind hotel, I guess, well-maintained. We several maintenance issues there, staff quick effective responding. Room service prompt, often messy service. The food reasonable, taste price. I told good transition America India. It not. You feel culture shock stay here. Our train departure evening, asked delayed check-out, charged us whole extra day it. The area safe kids get sick food (we bought bottled water elsewhere). Still, I recommend hotel, could get similar much less, careful Delhi.",0.10123152709359606,0.5077996715927751,Apr 5 2006
21,21,"Bad bad bad!!! I stayed family one night. It terrible. The rooms dirty torn carpet. The carpet looked like never cleaned several years. It definately NOT star hotel. It much worse hostels I stayed.In spite this, charges food like 4-5* hotels. They charged 45Rs cup tea 200Rs/person useless breakfast.The staff rude. At first told breakfast complimentary. But breakfast, said not. After lot arguing, I pay that. All staff desperate get tips -- matter poorly maintained poor service is.AVOID AVOID AVOID hotel.",-0.382,0.5955555555555555,Mar 16 2006
22,22,"Awful The absolute disgrace, cleansiness stayed 1 night even unpack suitcases slept clothes. They insist payment upfront got alarm bells ringing. DO NOT STAY HERE",-0.4,0.95,Mar 6 2006
23,23,"Like Prison! We prebooked online Asia.com. When arrived receptionist, bad. Once got third floor room was, ambience resemble funded 1950s Lunatic Asylum. The room horrendous - windows covered wooden board. The electric sockets hanging out. No hot water despite fact staff came twice fix it. The staff aggressive wanted charging extras much can. Be careful pay bills! A deperate - used crisis. Not recommended stay one night!",-0.02031249999999997,0.5270833333333333,Feb 19 2006
24,24,"Absolute Terrible, horrible, pathetic, despicable, bad can't find enought negative adjectives hotel. Rooms like never cleaned, bathrooms like everyone uses one single bathroom. Very dirty. Can't imagine still functioning. Service bad. water drink ... plain lousy.",-0.5705194805194805,0.7186147186147186,Dec 19 2005
25,25,"Terrible experience - Avoid it! My experience terrible. I called day confirm booking Janpath confirmed. When got Janpath Jaipur, rudely told reservation. I showed reservation internet challenging reservation. He rude. It going reservations finally find tone changed. We two bookings said bookings future. We even phoned booking agent twice confirmed bookings. More later! The room comfortable first time decided forgoe bath/shower stained. It also dark noisey.We glad one night.Now back horrible experience...while I touring around, found Janpath charged us one night show (I found email). I immediately contacted Janpath said show. They argued cancel. I told confirmed booking agent twice reservations. They argumentative would relent went months. I told credit card company finally stepped looked it. Word warning...get name front desk person cautious bookings. They tried get money us succeed. This real negative otherwise wonderful adventure.",-0.009910714285714297,0.6763690476190477,Sep 5 2005
26,26,HÃ¶chstens ein 3 Sterne Hotel,0.0,0.0,Apr 6 2008
27,27,orribile,0.0,0.0,Feb 13 2007
28,28,No puede ser peor!!!,0.0,0.0,Jan 9 2007
