,Unnamed: 0,Reviews,polarity,subject,Dates_extracted
0,0,"No good food vegetarians I 7 months pregnant hence given best available hotels business trip ensure trip comfortable. But turned bit pathetic vegetarian hardly good food vegetarians. Additionally food cost also high. The ambiance good, rest amenities good worry food upto satisfaction. I'm sure non-veggies would happy stay there. I stayed almost 10 days, worried baby yet see world. Thanks GOD stay affect health a\delivered healthy baby girl 4th July 2009. That's end :)",0.28053703703703703,0.6518086419753086,Jun 10 2009
1,1,"Not worth money If try find Delhi somewhere â¬400 night 5 star â¬10 flea pit, disappointed. There seems little way nice, reasonably priced hotels Delhi. We thought done exception The Grand Inn - sadly mistaken.We arranged pick airport sign anyone arrived phoned hotel, gave us driver's mobile. It turned driver waiting outside wanted keep â¬0.10 pay enter airport. Ok, thought, things happen, problem all. So followed driver crappiest car could imagine. We surprised even moved go downhill. And driving style made wish seatbelts left car rather cut out. Still, problem. This India, things happen.We booked suite - got one leaflet/website. Like many hotels India bed consists undersheet blanket - top sheet. We took look blanket sheet, decided sleep sleeping bag. But problem, India.Both room bathroom seen better days, many fact. But since slept room mind much, India. We stayed many places trip India place worst. It would acceptable maybe â¬15 night - type person mind staying grotty, noisy, run places order save quid. We agreed rate went expecting tax added - ended getting 25% &quot;tax&quot; added bill, paying â¬65 night. This place definitely worth it.The bit main sights Delhi easy get auto rickshaw (about 50 rupees) takes 30 mins Connaught Place. It busy enough road, reviewers commented nothing see/do around hotel. If I go back I think I would take chances one places around Connaught Place gets mixed reviews Tripadvisor. At least run place things door step!(it worth noting time went 3 reviews place reasonably enough. The written since truthful!)",0.06236496913580246,0.4894290123456791,May 8 2007
2,2,"Nice people poor location Very friendly staff keen assist beyond call duty, let check long official time.Adequately comfortable room. Hot water supply rather unreliable. A bit noisy night (but then, India...). Drinkable coffee.I probably stay again, that's primarily location. It's safe area far many sites tourist interest, bit frustrating (as far I could find) there's nowhere eat, nothing see, nothing within walking distance - end spending lot time cabs rickshaws.A couple tips related transport stay here. It's usually easier get cab/rickshaw OTHER side New Rohtak Road. And returning hotel, ask Liberty Cinema - drivers know hotel, cinema (about short block away) well-known landmark.",0.1249368686868687,0.5877525252525254,Apr 8 2007
3,3,"Right train station nice The Grand Inn five minutes Delhi train station, certainly convenient early departures. Also, quiet area. My brother wife room right next mine. We shared (very) mini walkout. Their room OK. However, room cleaned bed slept in. The food ordered good. Still searching reliable budget New Delhi...",0.29350649350649355,0.5108946608946608,Mar 24 2007
4,4,"DISGUSTING !!! Beware, place dump ! Probably feedback critiques written friends owners. There cockroaches rooms, even change sheets new guests (there hairs beds - slept fully clothed !), sole towel white horrible shade grey. Location extremely noisy busy main road, area pretty grim well. All all, rip joint avoided costs. The &quot;suites&quot; also suites all, bigger rooms grotty look. DISGUSTING !!",-0.23885858585858585,0.5685252525252525,Mar 10 2007
5,5,"WOW wonderful experiance stayin hotel, wonderful helpful staff, near best places, neat, good big rooms, good food, kind hearted staff, wonderful staying think priced decently tight budget time thought wud stay local cheap travel agent booked thought good reached got warm welcome saw suites amazed thanking god vry clean beautiful room clean hygenic bathrooms imp thing facilities vry vry helpful staff. think best time delhi room.",0.5381632653061225,0.6415419501133786,Jan 17 2007
6,6,"A good (and reasonably-priced) Delhi I spent two nights Grand Inn I must say I'm satisfied. The rooms ok. The food nice (and, course, spicy). And employees helpful friendly. The owner also personally helped us lot. The relatively well situated (close Karol Bagh bazaar far (using auto rickshaws) Connaught Place). Finally, I believe price reasonable. I planning go Delhi next year I'll definitely book Grand Inn again...(Avinash Meetoo Mauritius)",0.26205882352941184,0.5705882352941176,Dec 13 2006
7,7,totally unbeliveable Its probably best find new delhi...every specialities find one completelly special difficult. The Grand Inn one comletly special hotels following points.1)Location excellent...2)Other facilities great. 3)Interiors nice rooms specially made complete rest comfort...4)food quality high...It great pleeasure stay THE GRAND INN...,0.364862012987013,0.6574269480519481,Jul 20 2006
8,8,"loved lot staff helpfull friendly. suggest beautifull ppl really want enjoy stay delhi. cost good enough reasonable. 24 hrs room service wow.would always go delhi also recommend friends one.,",0.34687500000000004,0.5,Jun 25 2006
