,Unnamed: 0,Reviews,polarity,subject,Dates_extracted
0,0,"pleasant surprise A clean place,friendly staff , good place startAn India tour. Although 3.00a.m arrived, everybody extremely helpful. I cannot imagine better place.A simple tasty breakfast. Nothing desired[as far hotels go]. I shall back soon.",0.30833333333333335,0.6248677248677248,Nov 24 2009
1,1,"Top notch service... We arrived Aster Inn staying Marriott Mumbai, expecting massive difference, prices different leagues starters, pleasantly surprised. The rooms clean, furnishing new toiletries provided 5* standard. The service definitely best amongst stayed India tour. The staff went way help us, exchance currency, give us information shopping areas even negotiate Rickshaw prices jumped in. There kind homely atmosphere hotel, everybody accessible always ready help. I felt bigger chains lacked personal approach Aster Inn wins outright.The breakfast always hot, timely tasty. The Massala Chai die for; ordered everyday without fail.I read previous review AC turned I say soon stepped back hotel, staff would endeavour turn AC back room, without us ask. As customer passionate eco friendliness, I felt commendable simple act could yet help planet loads time. I shocked think customers would want AC remain whilst would whole day..Top hotel, top service. definitely stay I next visit Delhi.",0.13858150470219438,0.47675361994327514,Nov 23 2009
2,2,"Amazing Aster Inn! I would like highly recommend The Hotel Aster Inn anybody considering staying New Delhi, type trip. As newly established hotel, found great value money. The rooms nice clean, true advertising website. It well located, within reasonable reach New Delhi centre (2 stops developing Delhi Metro). The service great. The staff attentive, manager accommodating helpful enquiries. Some minor criticisms though: Hot water â needs notice i.e. run 10 mins! Not quick breakfast â take hour!No internet facilities installed yet, although Manager allowed us use office facility. All all, great experience staying hotel. I definitely would stay I visiting New Delhi again!",0.36852870813397126,0.6530622009569378,Nov 15 2009
3,3,"Gateway delhi.... thiz statrting point india...as flight got delayed...the driver still fresh waiting smile...i waz imprezzed...while smoothly chekin 4 morning happy theze people real pictures website room havin,i got one them...yeppei...room service quick morning ,nice room, well decorated &amp; good staff smile.",0.4541666666666666,0.5625,Nov 13 2009
4,4,"Worst Hotel I stayed India! DO NOT BOOK HERE! This place awful! The location terrible, possibly one worst areas Delhi. The Hotel looks okay get room... bed bottom sheet, that's it! No top sheet! I asked one got Single size sheet double bed! ?? I asked double sheet got another Single Sheet!! Then I noticed bottom sheet questionable stains it, told clean... I pulled bed told replace it! Finally I get bottom top sheet make bed myself! And last time I saw clean sheet entire 3 night stay! They make room stay... clean sheets clean towels!The Hotel's web site states &quot;Direct Dial Local &amp; STD/ISD/Internet Surfing request&quot;, let explain bit... Internet surfing 3 blocks away disgustingly dirty place provides computers use internet activities. Long Distance Calls made Reception desk... standing... right beside front desk way of, within ear shot of, everyone coming going!Their web site also states &quot;Running Hot &amp; Cold Water&quot;, true, want Hot Shower ask Hot water... every morning, even asked night before, still ask morning!Rooms Air Conditioned, turned every time leave room ask turned back get back!!The Hotel kitchen I could see, food awful! It arrives yellow plastic plates, toast wrapped tin foil, dead giveaway take somewhere else! I omelette one morning big little plastic plate! I even argue guy dining room abut getting egg breakfast, I told breakfast! On asking advice regards storing luggage Railway Station night I could take train Agra, I told without doubt longer store luggage railway station Hotel could store me, I could even stay Hotel another half day, half day rate, I return rest flight. Well, lie... train station store luggage! The staff &quot;Qualified &amp; Trained Staff&quot; web site states! I nothing problems everyone, getting bed sheets food one point someone came room, knocked tried come right in... good thing I bolted door I getting shower (a cold shower!).My room rate inclusive breakfast, came time check I billed two cups Tea. I told breakfast include Tea! Whatever!Feel free contact would like info Hotel visiting Delhi!I asked come write good review... way I could say anything good Hotel! And qualify review, I stayed 4 different Hotels travels India worst... worst Hotel I EVER stayed in!",-0.08043387276785717,0.6026041666666668,Nov 2 2009
5,5,"Friendly modern clean Although situated great area, oasis - friendly, attentive staff clean rooms. It also close metro, making easy get without shout taxi.",0.26458333333333334,0.6479166666666666,Nov 2 2009
6,6,"Cheap good value money The location bit culture shock - comparative oasis bustling grubby streets surround it. However, five-minute walk excellent, limited, metro system. The rooms clean comfortable, adequate showers, staff generally attentive (even calling ask wanted beer...) Breakfast painfully slow arriving - half hour toast stretches credulity. However, ironed shirts flash generally pretty good. It's Ritz, excellent value money.",0.35799319727891155,0.6673469387755102,Nov 2 2009
7,7,"5* Service On arrival hotel, staff extremely friendly helpful. They went way help us whether directing us local hot spot / arranging day tour Agra providing general tourist information. The breakfasts delicious traditional masala tea addictive (room service efficient!). The location heart Karol Bagh - great shopping. I would definately recommend anyone spending time Delhi whether business leisure purposes.",0.309375,0.65625,Oct 24 2009
8,8,"good location excellent room condition great service What I liked - minutes walk metro station - room looked new well decorated - enjoying air-con hot shower problem, even fridge! - staff courteous, helpful, efficient speaking perfect EnglishI suggested offer internet access. Maybe offered stay =)",0.5107386363636364,0.7628787878787878,Sep 18 2009
9,9,"CONVENIENT MODERN AND GOOD PRICED HOTEL It's difficutl find modern well located new Delhi. Aster first modern, staff extremely efficient location convenient ...just 1 km walking Jandewalan metro station one station famous market (Ramakrishna Ashram Marg metro stop) 5-6 Chandi Chowk (historical centre).We paid double room 1500 rupie per night. cheap compare rest India among best find New Delhi! In new Delhi crazy expensive Connaught place worthed . choose convenient area (the famous Pargaji everybody goes) hotels old area dusty, noisy old! Do want sleep conventiently located clean environement?! Choose Karol Bagh/Jandewalan area... Aster choice!",0.1625457702020202,0.48174873737373725,Aug 28 2009
10,10,"Overall nice pleasent service Room condition average, average service nice location budget stay Delhi",0.15,0.48333333333333334,Aug 4 2009
11,11,un neuf dans un quartier pauvre mais typique,0.0,0.0,Sep 29 2009
