,Unnamed: 0,Reviews,polarity,subject,Dates_extracted
0,0,"decent inexpensive After staying terrible Godwin selected myself, I referred Incredible India staff, helpful went way help us.This ok, great, something decent budget. Location shopping areas, althought Delhi like shopping area...",0.12916666666666665,0.6604166666666667,Jul 22 2009
1,1,"Great place stay experience Delhi A nice new features friendly staff, Manager/Owner Daljeet Singh helpful assiting ever changing enquiry group payment pick ups also. The nice new centre Karol Bagh auto rickshaws shops around making easy get around Delhi great centre. Staff great stay next time go.Breakfast included choices excellent... loved chai (ginger tea).",0.5062354312354312,0.6609557109557109,Jul 1 2009
2,2,"Clean efficient cooperative staff Stayed 2 nights way Mussoorie ans night way back. The place looks recently done up; done pretty nicely. Room clean, spacious basic amenities. Very good value money. The room service excellent cooperation got reception staff really friendly helpful. Location ideally suited shopping rather conjested noisy; though safe. On negetive side ,1. keep replacing soap/shampoo etc bath. Those looked reallly dated ! 2. The TV reception poor , though TV LCD flat. They get DTH connection.Overall nice place stay budget.",0.38348958333333333,0.608125,Jun 11 2009
3,3,good stay 8th year upgraded good quality 8 day stay good owerners pleasant helpful treated us like family general manager ravi excellant usual nice excllent staff food excellant brilliantly cooked bosses eat say please GO rajan &amp; kiran chhabra gerrards crosss bucks,0.5704166666666666,0.71625,Mar 13 2009
4,4,"A nice stay good palace Was pleasantly suprised, I stayed Good Palace 1 night tour 2 nights tour honest wasnt expecting great due low cost rooms general lack appeal website advertising. However I wrong I enjoyed stay helpful staff first may seem bit standoffish anything needed, also great room service (some best food I tasted India), rooms neat nice. I would given average rating due good value money refurbishing lobby stay bit chaotic wouldnt fair give higher rating. For low cost I think nice place stay, I would go back.",0.3618055555555555,0.5895833333333335,Jan 27 2009
5,5,"Basic decent - get pay I stayed Hotel Good Palace part package deal Namaste India Tours (which turned fabulous bargain whole). Our room Hotel Good Palace clean decent, walls furniture well maintained TV functional basic selection local channels. The AC also fully functional. The bed, chair wardrobe basic good condition, bedding clean comfy.The bathroom bit disappointing - shower work (we make bowl bucket) shower curtain awfully mildewed. It fairly clean (and usable - running hot water, thankfully) certainly meet standard room itself.The staff polite helpful, laundry fantastic - I still able find anyone iron certain top mine way Good Palace.Location wise, must bear mind right middle one busiest parts Delhi. Therefore, expect peace quiet simply unrealistic. If MUST peace quiet, place you.All said done, get pay hotel. It's budget travellers looking decent place stay affordable price. You pay premium rates stay here, expect premium hotel.",0.19263392857142858,0.5436011904761906,Oct 7 2008
6,6,"Noisy Stay ast Good Palace First all, located noisy part city (central sales area). The rooms small poorly insulated. You could hear people talking hallway, talking building next door noise vehicle horns. Second, first night hot water morning 7:30 AM. Third, brakfast C- best. On good side, staff tried helpful. I would recommend anyone unless like noisy places!",0.19166666666666665,0.3555555555555556,Mar 1 2008
7,7,"Low end barely acceptable Used part Intrepid Tours basic trip. It basic hotel. A little dirty, languid staff, amenities--our air conditioner ot connected, unsure whether would work needed. However, quiet basics necessary stay. We breakfast problems.",-0.10416666666666667,0.37592592592592594,Mar 25 2007
