,Unnamed: 0,Reviews,polarity,subject,Dates_extracted
0,0,Not bit like website We disappointed hotel.We researched better.The pictures website misleading.My tip would make sure read reviews carefully booking maybe book 1 night time see place.The airport pickup plus.,-0.0875,0.9097222222222222,Oct 28 2009
1,1,"A++ Warm friendly We booked airport lastminute.com reluctant leave taxi upon arrival (basically busy commercial street!). Once taxi greeted friendly doorman took us reception experience great.Staff friendy, going way help us ATMs night (safely) get India including help booking great taxi service Taj Mahal competetive train fares.The shower water pressure greatest - possibly consequence India. Rooms cleaned - food service efficient tasty.Is bit Connaught Place thought - reasonably accessible taxi 60 Rs way.",0.3629166666666666,0.5345833333333333,Oct 25 2009
2,2,"Sweet Home I Booked website- made offers it- stayed 3 nights got one night free also agra trip free. paid $45 per night though..The comfortable compared hotels locality, seriously. This 3rd time delhi stayed express 66 first time..excellent must say..the rooms clean, staff friendly helpful overall homely atmosphere maintained. food also good.The hotels locality shady...i recommend everyone say looking excellent accommodation budget price.p.s also beautiful rooms!!! thumbs guys..",0.2986574074074074,0.5161111111111111,Oct 6 2009
3,3,"bad express We unhappy hotel, When saw mouse room scared jerk staff start smiling. Slept one night choice. Coughed night smoke-embedded room. Eyes fire full 24 hours checking out. Even guy front desk thought horrible. Iâd call false advertising nce clean rooms.",-0.21190476190476187,0.7023809523809523,Sep 24 2009
4,4,"superb staygreat services..................!!! We serched internet.We contacted people telephone,and booked one executive room, reached Delhi Rajdhani express evening hectic tour calcutta. As said guy station waiting us car. taken hardly 5 minutes drive station.At lobby offered welcome drink (Coke).After completing formality taken room.The ambiance room good shown picture web site.The services good staff humble polite always ready help.The people arrenged cab local sight seeing trip Agra cheaper rate.and Taxi driver friendly polite. stayed 7 days. In enjoyed trip Delhi.I would always recomend friends whenever visit Delhi stay Hotel Express 66.",0.3859848484848485,0.5901515151515152,Sep 7 2009
5,5,"Great stay reached delhi 10.30 pm.we exausted came te Airport pickup cab waiting us promised Hotel.It took 35 min.to reach Hotel Airport.As reached lobby guy standing welcome us glass refreshing drink.Then asked front office manager show room.we offered executive room every way comfotable AT VERY LOW PRICE according budget.As late asked could serve us dinner,and said yes ,so ordered Indian food came approx. 25 min. food served hot delicious.We stayed three days never felt away home staff soft polite always ready help..............................In short GREAT STAY enjoyed lot.",0.3233333333333334,0.6245833333333334,Sep 2 2009
6,6,average one I travelled delhi business purpose looking near pahar ganj &amp; found Express 66. Hotel quite ok required infrastructure &amp; facilities. wi fi also good.only thing location. situated narrow road full traffic &amp; bit difficult find. staying small budget really worth!!,0.021527777777777774,0.4583333333333333,Jun 13 2009
7,7,"bad stayed 2 nights.. good service friendly staff front office, rooms clean informed recently renovated .. looked better ones website quite surprising. use jazzy wallpaper's wooden paneling bad....",0.37129629629629624,0.4870370370370371,May 15 2009
8,8,great booked finding search engine.and reading favourable reviews. 3 night stay final leg month travelling around india. disappointing outside went inspect rooms unloaded luggage thought couldnt possibly place. located busy main road home timber aluminuim industry use 24 hours light sleeper like ideal. room bathroom clean (apart room floor feet soon got dirty walking around barefoot shower) bathroom modern shower curtain always plus india bathrooms tend wetrooms everywhere gets wet! restaurant order breakfast (which included package) food via room service brought room. (a service charge 10% automatically added bill didnt know checking out). day sightseeing etc decided eat evening (also becuase didnt seem decent eating places around area) opted plain food -macaroni cheese mushrooms. even spicy made tomato sauce cheese melted top. 2nd night chips cheese toasties werent bad. 3rd night husband friend macaroni mushrooms ended leaving didnt taste right - ill since. vegetable noodles werent great either. friend's husband stuck eating curries fine. leave 4.00am airport transfers included. asked large car given two small cars travel separately. male receptionist woken could settle bill seemed fall asleep whilst talking us! confusion complimentary breakfast last morning. husband asked plain omelette turned spices onions. charged us one juices one glass complimentary (i think gist it). asked check food orders previous days pointed hadnt charged breakfasts mornings included price waived it. nothing walking distance - connaught place karol bagh accessible 3 wheeler (dont pay 40 rupees this). exploring found lots little shops side streets main road. wouldnt use,0.011553724053724047,0.4977411477411478,Mar 28 2009
9,9,"Shocking vicinity folks try best Arrival shock: smog, smoke, dust, metal traiders, wires... Hotel starts 2d floor. No trees around. Nobody knows street hotel. Exterior looks totally different. But room clean, normally equipped. Personnel tries best, normal normal people. It suites local stay railway travel - New Delhi Railway Station 500 meters.I've spent 2200IR per night, costs price, 5000IR ask better find another quarter. You cant open windows dust, smog noise. WiFi work. I transferred another room without will, nothing stolen.Finally even ate there, stomach problems.",0.13520202020202018,0.48696969696969694,Dec 4 2008
10,10,Good value Delhi We stayed Express66 3 nights. The clean represented excellent value money Delhi. The external appearance differed photos seen rooms appear website. The best street Delhi least heart busy/noisy Paharganj. Our deal included breakfast restaurant taken room ideal. Overall would recommend hotel.,0.4583333333333333,0.5125,Jun 20 2008
11,11,"A Small Paradise This wonder self &amp; one beautifully designed inside. The locaion bit crowded city center one could expect much crowd.The rooms spacious &amp; elegantly designed. The best part everything room perfecty working condition find India. We spent three nights without complaints &amp; staff members friendly.One cleanest hotels I ever seen.Total value moneyExcellent Service High hygiene standardsFrom airport pickup till departure hotel, It wonderful experience altogether.&quot;DEFINITELY A COME BACK HOTEL&quot;",0.29500000000000004,0.44730769230769235,May 27 2008
12,12,"EXPRESS 66 one 6 hell I stayed one night Delhi I choice Express66 believing reviews said it. When arrived zone seemed devasted war. smell around terrible everything filthy ugly. The entry looked like ugly storage buiding nothing nice. inside wasnÂ´t bad looking entered room many details wrong firstly tried swich TV didnÂ´t work (no conectors). When told staff send one guy looking conector went away never came back solution. The room booked double twin beds said arrival one bed double. When I tried turn light bed table light wasnÂ´t connected either. surrounded dust everywhere. morning came I go airport early went reception asked place breaksfast wich included room deal. said &quot;donÂ´t worry, weÂ´ll take room&quot; I went room waited. one hour breakfast never arrived 5 minutes left airport I went reception looking lazy position showing much lack care.we got upset didnÂ´t want take drop left without breakfast rikshaw airport less half price car. came back Delhi days later stayed Ajanta Hotel two streets behind Express66 located believe got double quality half price. clean nice professional staff. votes high rates Express66? themselves?Fran",-0.04980952380952381,0.47842857142857126,May 26 2008
13,13,"Do cheated! This run frauds! We selected based high review TripAdvisor relatively low price.The shabby part town. There abstract paintings walls, that's it. The room damp smell. The hand shower toilet work. Complaining manager work. We rented taxi half day roam around city. When got back, within half day period, travel desk said minimum charge taxi full day. This clearly manager said, later.We asked advice go next destination - Jaipur. The travel desk give advice taking taxi high price. When I enquired bus routes, gave myriad logic take bus. At first said AC buses Jaipur, said buses except night, said takes 12 hours reach Jaipur, said costs Rs. 800 person. Each lie.One reason selecting free wifi. But hoax, work 5 minutes.One guy slept sofa front room, could hear cough whole night.At check time, came biggest shock. When taken taxi, manager said charge would Rs. 800 per day. But billed us Rs. 1200 day! The room charge Rs. 2999. When said wanted pay USD, used conversion rate 37 Rupees instead bank rate 40. It's hundreds paid extra, attitude ripping customers, disliked.",0.0699122807017544,0.3239473684210526,May 9 2008
14,14,"Very good The location good, rooms news, comfortable clean. The staff friendly helpful. I great time Express 66.",0.44915598290598296,0.6902564102564103,Apr 21 2008
15,15,"A Spotless Hotel New Delhi My family I thoroughly enjoyed stay Express 66. We reached Delhi late night March 19th, pickup service airport time, awaiting arrival. Honestly, Express 66 best part town, upon entry lobby, completely forgot streets outside. Our check-in quick efficient, found staff willing cater needs. In fact , I touch hotel's MD several days prior arrival, extremely friendly accommodating requests. The rooms reasonably priced (something difficult come Delhi) clean, well kept. The MD taken obvious care maintaining establishment thus far. A creative contemporary collection art also tastefully displayed throughout hotel. My family I also enjoyed several meals hotel's kitchen, agreed food well prepared, tasty. I would certainly recommend anyone requires clean reasonably priced place stay New Delhi. You certainly get money pays for.",0.2279493346160013,0.5482820266153599,Mar 27 2008
16,16,"Express66 worth penny I Canada . I stayed Express66 twiceand reservation third time. The rooms bathrooms clean. The manager rest staff helpful service excellent. After checking comparing many hotels area , decided Express66.",0.45533333333333337,0.502,Feb 28 2008
17,17,"new clean The new quite small (there three floors rooms per floor). The rooms clean bathrooms new. The staff friendly helpful. They eager assist customers ways possible. Our experience dealing staff pleasant made stay quite comfortable. It get bit noisy night room window towards street (which happens often hotels Delhi, unless quite areas Diplomatic Enclave).",0.2214535984848485,0.5952272727272728,Feb 17 2008
