,Unnamed: 0,Reviews,polarity,subject,Dates_extracted
0,0,Pathetic Hotel Hotel WELCOME PALACE IS A PATHETIC HOTEL..mR miglani owner cheat..All commitments false.Beware hotel.they fraud,-0.39999999999999997,0.9666666666666667,Mar 12 2009
1,1,"The WRONG welcome palace! My buddy I working Indonesia, decided take weekend trip see Taj. He began researching places stay, came upon one online looked great (hotelwelcomepalace.net). When booked it, accidentally went hotelwelcomepalace.com, ended here.When arrived, weary flight ordeal customs around 3 am. We knew expect bargue everything, nothing would prepare us place. This place &quot;it's ok...&quot; everything. For instance, asked couple sealed bottles water, got refilled bottles. &quot;It's OK...&quot; yeah, please get SEALED bottles... &quot;grumble....&quot;Being west, suspicious wanting hold passports, I think decided get back us that. So showed us room. Dirty walls, floors, bathroom ok, like, well India, survive, staying one night Agra....We bargue get extra matress floor (my bud asked room w/ two beds, got single queen haha). Finally, situated fallen asleep, come banging door move us different room. 3 4 floors up. In middle night! TO AN EVEN DIRTIER NASTIER SMALLER ROOM!!!!! My friend I looked soon left room, decided even try place. We walked downstairs, told call us cab checked worthless place.We ended splurging staying Intercontinental! Much expensive, ordeal, cleanliness courtesy amenities worth high price.Please, whatever do, doublecheck web address book!",0.04302721088435374,0.4752040816326529,Nov 13 2008
2,2,A distaster This really bad. I strongly reccomend avoid it.,-0.23833333333333326,0.8,Oct 13 2008
3,3,"Liked Was late evening. Our Id asked transfered room check express took 5min only.By time welcome drink served. After check 2 bottles mineral water served fruit basket room. We hungry checked ordered dinner served 15min, &amp; really enjoyed food. Next day asking sightseeing arranged 3 days. Delhi Sight Seeing/ Agra day tour &amp; shimla 2 days. We hired cab 7 Rs. km new santro. Hotel free internet guests staying.Hotel opened Resturant upto 12 mindnite &amp; room service 24 hrs.Hotel electric back too. Staff friendly &amp; obiedient. Over liked much.",0.2903219696969697,0.5074621212121212,Jun 30 2008
4,4,"Avoid costs!! Please, please PLEASE stay hotel!! If already made reservations, cancel them!!!I stayed two nights, looking back I cannot believe I stayed long.The first room dirty, holes wall, windows! After inspecting room found rat droppings nightstand floor. We figured, whatever india deal it, later rat actually appeared wall handle anymore. We asked switched different room, management made us feel stupid asking ridiculous request. Our next room nicer, bathroom trickle running water window overlooked noisy highly used alleyway. The first night there, musical performance went night outside window. We would moved next night different seeing got 2 hours sleep night spent ALL day traveling Taj, really wanted get bed.I never took socks whole time floors gross... fact threw coming home. The management also changed rates upon checking out. We pre booked rate manager checked added bunch taxes never told of, even though pre booked rate supposedly included taxes.Please, stay here. There plenty hotels area, make sure ask see room stay there!!!",-0.003870833333333339,0.3928222222222222,Mar 25 2008
5,5,"Avoid place! I join opinion others - horrible experience. The rooms horrible. Staff sooo rude! They also organised airport transportation us even though even talk abt afterwards tried charge us that! The rooms horrible soo dirty disgusting, + cold water etc. I also agree one wrote I think rooms ever cleaned.. After one night morning one staff members knocking door says need change room booked people. Excuse me?? Then guy tells room booked available arrived got better one..Yeah right! A better one get worse even.. In end left moved another one. I think best area stay Paharganj - find much selection. It might messy area located also perfectly. Easy access metro.",-0.15266369047619044,0.604702380952381,Dec 25 2007
6,6,"Disliked attitude employees We returned trip new delhi. We stayed time worst experience there! When first checked in, asked exact pricing rooms cabs etc... get conned later on. We arranged cab take us train station next day wake call 4:30 am. The next day, wake 4:45 wake call! When finish pack things go downstairs reception, find taxi arranged! When ask manager, tells us nothing written books! He arranges taxi us bills us Rs 750 instead Rs 500 told us says giving 'big' cab!When returned trip kanpur, waited platform 12 train station person board names( also arranged earlier hotel) After waiting 15 minutes seeing one coming, decided arrange cab return hotel. Now day returning ( i.e. checking out) bill contains 1 taxi day train station together parking costs etc... even provided service them! Then, cab go airport charges agreed upon beforehand.Then, another thing like fact waiters keeps pestering us giving tips. When first checked in, guys, carried luggage rooms ourselves, however, waiters would come rooms towels, know reasons stay long time waiting tips! One even asked directly going give something going! That shocked most! A tip given think service good shows liked it, guys make seem tip compulsory whatever type service get!Finally, would recommend anyone go stay unless like ripped conned! This place location good point, attitude people disgusting! The rooms badly maintained hot showers badly done electrical installation!",0.0159178321678322,0.5213286713286713,Nov 6 2007
7,7,"The worst could get Don't fooled name Hotel... You would neither welcomed properly... Palace whatsoever... In fact, total opposite...I know owner ever says anything true words... Everything ask &quot;OK&quot; without concrete actions... No wake calls confirmed eve him...Cabs... lol, I could write book part... Well, brief... Cabs scheduled eve nowhere found said time! Tadaaaaaa!!! The owner write whatever book! And price... knows got choice taking cab would propose time constraint, price keeps rising...The rooms among worsts I've ever seen... I've many hotels budget even less... one one kind... The electric wiring seems dangerous, mere connections wires... Beware, could electrified! The hot showers never hot... even asked put roof boiler on... I wonder bedsheets, glasses, bathroom ever really cleaned...Well good thing choosing near Metro shopping area Karol Bagh...But I you, want value money, I would avoid costs!!!P.S. Beware lift also! It close limbs!!! Better climb stairs floor... You've warned... ;)",0.10825973731884057,0.5913043478260869,Nov 4 2007
8,8,"Not satisfied management At first, person desk appeared gentle. That first impression I personally had. Indeed bad good neither.There one pc connected internet advantage. But unfortunately, working one day..so really send important emails.The rooms ok 2 persons. However, hot shower problem. It pure luck sometimes hot water sometimes not.The advantage really near metro stationand street made lot shopping.Restaurants near too. But get really noisy night.However, service reception really good bad experience them. No promised wakeup call, cab morning cab train station. However, charged heavily those..which unfortunately somehow exceeded budget.",0.025002616431187882,0.6038827838827838,Nov 4 2007
9,9,"Disliked crooked attitude management We stayed Hotel Welcome palace 25th-26th October 2007 then, 29th October till 1st November 2007.We asked owner give us wake call 430 26th arrange cab @500. We early flight catch. We also asked cab pick us train station 29th. TheHotel manager noted requests. I asked price thecab, Rs 500. The next morning, wake call, cab waiting us. There different person frontdesk said cab would cost Rs 750. When I protested, said ishould discuss guy back. On 29th, cab waiting us train station. We take cab own, since none requests made earlier satisfied. When arrive hotel, manager says driver waiting us station.When I asked fare sight seeing trip, basic Rs 2800 + additional fares driver, defined.On checking out, bills NOT agreed - firstcab 750 instead 500 promised. He claims gave us big cab. He charging cab never plus charging Rs 850 dropping us airport (compared 550 said earlier).On top that, NO hot water taking shower, asked,front desk would say would activated 10 mins - alas, vain promises. The bed sheets clean - looked like someone sleeping before. We 2 room, consistently provided one towel daily.You may stay hotel, get expected costs writing fromthe beginning. Do NOT go manager's words, findsome good excuse charge - unless lot money spare really care cheated upon.",0.07666666666666666,0.5059999999999999,Nov 3 2007
10,10,"OK room sneaky Management Recently stayed Hotel Welcome Palace Gurudwara road. Few observations others may find useful. Hotel located near Karol Bagh shopping area. Some good food joints near by. Considerable traffic outside, get noisy room.1. Stayed Family suite, expensive offering. It's nice, large room two double beds, sitting area, TV many channels, fridge, attached bathroom. Room decor good. Both AC units worked well. 2. Even though room refrigerator, works deposit room key key-holder. Once remove key holder leave room, electricity automatically cut off. A warning case plan keep perishables refrigerator.3. Bathroom well maintained. Some fixtures missing. Towels old worn out. Hot water available, call. 4. Hotel breakfast terrible. We ordered basic: eggs, toast, butter, jam etc. They cafeteria; brought food room. Presentation poor. You better eating nearby restaurants.5. I could make local phone calls room. I called front desk couple times, fix it. For reason, outgoing calls disabled front desk.6. Instead providing honest transparent service, management seems keen wring every rupee customers. I found irritating next time I take business elsewhere. Some examples:---- We agreed amount could arrange vehicle pick us International airport. I knew amount excessive, I agreed since reaching night. The vehicle poor condition (busted wind shield, seat covers / interior poor condition, non-existent shock absorbers). When checking out, I discovered added parking fee, airport entry fee, night duty fee etc charge. These additional charges removed I protested. ---- The website advertises complimentary breakfast. We ordered first day. Found terrible. In case, waiter asked sign bill. As I suspected, showed bill final day. I talk 'Director' get charges removed. He claimed ignorance I asked charge complimentary breakfast. My guess charge hope customer pays. They roll back complain.---- On first day, I asked arrange AC car take us around Delhi. Even though charge pretty good amount, arrange lousy cars. On hot / humid day, AC barely worked. Car broke several times day. It leaked coolant. When I asked car driver take us Humayun tomb, response much see. My guess tries arrange low quality cars pay less make much profit possible. When I complained quality cars, 'Director' apologized tried make amends reducing rental charge. Overall, room ok; management sneaky. They seem unaware age Internet, gain / lose customers mouse clicks. You probably better taking business somewhere else.",0.06892164273116655,0.4652903754094231,Aug 26 2007
11,11,"I think rating wrong My fiance I read reviews, thought, WOW, amazing reviews, high Delhi hotels ranking, cant go wrong price!!!!!But did! For one thing, 2 Welcome palace hotels Delhi, one THIS review one stayed in.We booked 3 nights double room ensuit, 800 rupees night online. We turned given shoe box, AC, towels, loo roll. (Apparently 3 rooms ones advertised hostel websites 800, actually used staf stay in) We expected tip 3 bell boys jamp chance grab 2 rucksacks, take 1 flight stairs room. Which do, hung around waited tip.Around 5 mins later, another bell boy appeared knocking door bringing toilet roll, expecting tip (i didnt know luxury expect loo roll?) We decided 800 rupees better AC, tierd, upgraded. We shown every room property, ranging room worst, 5 bed 'delux' rooms. upgraded AC, costing 1250 night, again, expected tip 2 bell boys taking rucksacks accross landing. Later evening, another knock bell boy, bringing us towel, again, would leave room, folded towel twice waiting tip. This continued rest stay, would arrive back hot sweaty day sightseeing, room would serviced, jumping shower, 4 knocks door till 9.30pm porters bring various things, loo roll, soap, another towel??Its pity, get free internet, metro close, whole area much peaceful town, nice places eat shop, fair, little cheaper would happy, really need sort porters, made us feel terrible, sad eyed dirty,. hanging around.We moved another hotel.Stay means, area everything need, I would nip bell boy issue bud even close room door!",0.035710784313725506,0.5489705882352942,Aug 17 2007
12,12,"Best Stay had! I stayed Welcome Palace three nights May Wife eighteen year old daughter. The staff friendlier,polite &amp; attentive. We First floor say Executive Floor Hotel. Unlike hotels hint stuffiness formality there. My daughter happy &amp; felt valued wife I. Food high standard, service without fault. The rooms extremely comfortable, great views. Best Part near Shopping Areas &amp; Metro. Added good location I cannot think better place stay New Delhi.",0.443903743315508,0.49281639928698756,Jun 5 2007
13,13,"Just Fine I stayed beginning end trip India. After booking hotel, I inquired whether could arrange full itinerary, did. I got hotels (I specified), air conditioned car driver 6 days, airport transfers breakfasts $450 quite bargain. They good job setting up.The basic one time Peace Corps volunteer, I found met needs. The plumbing worked, a/c. The bed comfortable cable tv. The staff helpful friendly and, restaurant, room service breakfast delivered room (included).The main drawback location familiar many rickshaw taxi drivers, I discovered lack knowledge true famous places. The area chaotic noisy room fairly quiet. One walk Conaught Place half hour rail station near. At daily rate $25, good choice",0.27848039215686277,0.48107843137254896,May 18 2007
14,14,"Good travel centre shame rat We stayed 2 nights April 2007. Generally reception area OK staff reasonably helpful. However, sheets bed already slept fairly unsavoury bugs bathroom. Breakfast OK took ages come eat lobby (which I saw rat). However, travel desk excellent arranged car whole day take us round see town. Unfortunately friends bad experience taxi arranged travel desk I guess help that.Overall I would say acceptable budget I think I would try luck somewhere else next time.",0.2041666666666667,0.5888888888888889,Apr 27 2007
15,15,"wonderful relaxing place stayed amazing place called welcome palace.. everything easy get food, travel nice executive suite,any help time. heart city, good shoppin place around mc donalds, sravan bahvan good food joints food welcome palace rocks.. .. vacations long think wonderful time... vacations fun like never before,,, best welcome palace vry vry helpful employees . keep up...Mili",0.6667948717948717,0.7425641025641025,Jan 12 2007
16,16,"Amazing Staff make excellent! We returned fabulous three weeks touring beautiful India spent total 5 nights Welcome Palace Hotel, divided two different segments. The Welcome Palace staff made us feel like family time arrived, arranged transportation flawless efficency, made sure found best restaurants even took us shopping secret favorite shops. (And wern't tourist trap places) Their insight friendly manner valuable. The clean spacious.They provided ample hot water (once figured turn on), bottled water drink room service good. The shinning star staff.....all wonderful, friendly helpful. I'd recommend Hotel Welcome Palace anyone looking affordable, clean friendly make stay India five star experience.",0.5116666666666667,0.7595169082125603,Nov 14 2006
