,Unnamed: 0,Reviews,polarity,subject,Dates_extracted
0,0,"Service atrocious; creepy place women stay My friend I stayed part Gecko's tour. Our room cleaner Hotel Perfect (see review) really astonishingly bad service. The staff intent a) getting tips us b) entering room various &quot;reasons&quot;. At one point one staff knocked door tell us beer sale (!). Each time opened door tried get room I stand directly door prevent this. When arrived offered porter standard tip bag carried room tried tell us enough even went far take 10 rupee note hand without permission! They scowled tip offered service cab leave airport blue raised cost taxi 50 rupees! Stay nicer place, deserve it!",-0.046153846153846136,0.5955128205128205,Jun 15 2009
1,1,"Best area Stayed 3 nights. The room clean staff best. They also amazing food room service. Quiet night well close markets.Do check punjab sweets well. Good hotel, would recommend anyone. The staff exceptional. Oh also Wi-Fi.",0.6190476190476192,0.5904761904761905,May 22 2009
2,2,"Basic good value We stayed 5 nights total (spread three separate visits). It organized us part car driver trip. It I would call basic 3 star hotel. The room clean well serviced. While didnât window (looked onto airshaft) quiet. Breakfast included package, served room OK. Could upgraded extra cost. Staff friendly helpful. The bed bottom sheet blanket staff happy provide top sheet.Location OK. Relatively quiet street markets one end street. A number reasonable restaurants street internet cafes nearby. Felt quite safe walking around evening. Is 10 minute autorickshaw ride Connaught Place. Autorickshaw drivers trouble finding make sure take business card you.",0.2634259259259259,0.5141975308641976,Jan 21 2009
3,3,"DISGUSTING DUMP This worst experience life I 60 countries travelling time. There supposed airport pickup deal - happen neither I get refund taxi fare hotel. Breakfast supposed included happen either. The room NO windows, bed bottom sheet top blanket - top sheet. I supposed stay 2 nights I took taxi town got flight India next day. I charged double fee back airport amount I paid taxi well driven someone connected hotel. This listed International Hotel site I written concerns place note longer site sake unfortunate travellers like I glad least that.",-0.18125,0.48125,Nov 27 2008
4,4,"A good middle range business/tourist This first stop India organised tour company. There nothing wrong hotel, rooms clean, staff friendly honest, location quiet night.I left valuables, amounted thousand dollars US, care front desk. I bit worried give receipt shoved locked draw. No problems I got back everything still there.It 50m away main shopping street need landmark &quot;Punjabi Sweets&quot;, busy street side eatery, lane.",0.12588888888888888,0.4143333333333333,Oct 28 2008
