,Unnamed: 0,Reviews,polarity,subject,Dates_extracted
0,0,"Service Crap!! My spouse I arrived Hotel Legend around 9pm long flight. Our bags arrived, tired could thing hot shower food. Upon arrival received cold welcome reception. We told want food call kitchen, however upon calling place order told didnt food. The staff ordered food us outside charged us 3 times price. When came time shower, one EACH night request staff turn hot water could hot shower. We also tell staff turn AC room (very frustrating!). Our bed sheets changed twice blood stained seemed like sheets never changed previous occupants.Yuck!! I know budget hotel, simple services least mandatory thats boasts 24hr hot water/AC simple smile would go long way.",-0.08178921568627451,0.5900560224089636,0.5900560224089636
1,1,"Budget nothing Given I've travelled India previously stayed cheap, great accommodation, I happy book Hotel Legend reviews good, despite super cheap ($39 AUD per night). However, compared properties stayed recent trip, I'd say I agree many reviews currently listed Hotel Legend. My husband I found budget property much else offer....the room definitely look nice pictures, sheet bed quite stained I ask top sheet use questionably clean blanket. We hot water, toilet flush, huge surprise. Staff OK, location always going busy given close train station essentially heart backpacker district, all, I feel Hotel Legend deserves average &quot;very good&quot; rating given.",0.26780000000000004,0.5587333333333334,Nov 21 2009
2,2,"Looks impressive website pretty average Hotel Legend International looked impressive website fairly average hotel. The location fine - walking distance restaurants lengthy rickshaw ride Chandi Chowk, fort etc. Lots staff seemed sit around argue whole lot work. The rooms fine - clean &amp; comfortable, usual wet bathroom toilets really flush (nor always hot water). The rooms noisy - telephone rang continuously floor, night never answered turned down. The restaurant food awful - old rice looked like half rice/half grubs, tasteless curries, bad chai (with rice it) bad service - one menu entire restaurant, taking long (all minutes) looking it, staff whipped hands gave someone else. For 1500 INR per night, I think could probably find better value Delhi.",0.03251028806584365,0.5523662551440329,Nov 16 2009
3,3,"Good value money good location I stayed three occasions summer girlfriend members extended family India wedding. It's great central location right next New Delhi train station helpful internal travel. The Metro also stops good getting around city. Some lesser-travelled family members found area bit rough ready found safe enough take usual precautions. It's 5 minute stroll Main Bazaar Pahar Ganj 10-15 minute walk Connaught Place. The communication management arrival good helpful overall. Rooms clean big comfortable beds. Some rooms fridges others don't. They roomy reviews mentioned spent majority time exploring Delhi, found perfectly adequate. The A/C worked well room stayed in. Staff (too) attentive times plentiful. One thing would liked restaurant lounge sort eat room time stayed hotel. They talking opening roof-top restaurant leaving would good addition. There much noise outside depends room located also. There staff telephones, located half-landing, ringing early morning bit irritating volume turned down. This worst stay rooms ending -01, -02, -03. I brought management said would try rectify matters hopefully might sorted future guests.The real negative aspect stay behaviour Travel Agent lobby. He pushy, unpleasant deal over-charged members group significant amount occasions. The service provided also sub-standard travelled car organised Jaipur. (We left hour late, charged others car, dumped miles city centre Jaipur pay get another TukTuk town). There shortage travel guys Delhi shop around! Apart found stay positive overall. Very good value money, clean, central comfortable.",0.13371940428544205,0.45606169511829914,Oct 5 2009
4,4,"funky design amazing neighbourhood eat roof Our first night India, arriving 4am bus crew couldnt locate hotel. (TIP Print map hotels) Friendly staff ,especially rooftop resturant, pleasant rooms great location value. Its luxury clean, group found area bit intimidating. It vibrant hectic place tourist road right amoungst locals. Everybody met smiled wanted talk transport around easy. We great meals roof staff accomodating enjoyable. A briiliant start visit India.",0.49005102040816323,0.6858843537414966,Oct 4 2009
5,5,"great service strange location... If willing taxi-ride away action, really quite good! They large service staff welcoming smiling every opportunity (maybe large group, nice appreciative towards everything us). I single? room ground floor, right next computers travel desk. The room quite large even double-sized bed. The bathroom great, too, everywhere India (so far) teh bathrooms tend get hot day remember close leave!! There two computers available free internet access, one working I actually let use little office! There'sa lift, always bonus, rooftop restaurant. The food wonderful meal day, none 18 us got sick! One night bought many beers shared service guys- thought fantastic! If I could give negatives would really close much, really tricky find initially. It also pretty noisy street noises, earplugs fantastic invention!!",0.27969470046082956,0.5368663594470046,Sep 27 2009
6,6,"Good value money ( 20Â£) good location Stayed two nights Aug.2009. Excellent location--close New Delhi Train Station ( NOT NIZMUDDIN AS I ORIGINALLY THOUGHT) Connaught Place.The lobby inviting clean, room clean, although small. ( Made smaller furniture large room) The bathroom large clean--bring shampoo. Towels small, I asked bigger ones, sheets bed stained, I asked for,and recieved clean sheets. Breakfast included NOT buffet style..you order menu eat room.That struck kind weird..but fine. Be careful though, servers simply knocked THEN WALKED IN...to prevent this, always lock door. The room cheap--20Â£ per night--and overall really good budget hotel. DOWNSIDES--there always many loiterers lobby stairs....I didnt understand that. Also, loiterers hte halls,outside room...ready beck call. Tipping appreciated--and go long way better service!Overall...a 8/10 budget",0.2961084054834055,0.5799512987012988,Aug 4 2009
7,7,"Fantastic Value money I booked england, travelling delhi, previous reviews pretty positive. I bothered location, I stopping Delhi one night going Punjb next day. There 9 us total (3 families including kids). We picked airport (taxi driver waited even though 2 hours late), taken hotel,check quick, I really impressed rooms. I booked two trible bed rooms, one super kink bed single bed. Rooms clean, ensuite. For price, one complain, ordered food around 2 am, although go outside get it, really good. The whole stay cost around Â£100, includes airport pickup, drop railway station. I liked much I flew back england, stopped again. Really recommend anyone unsure budget accommodation delhi, I booked.",0.21912554112554114,0.5251536796536797,Jul 25 2009
8,8,"In busy city needed Although rooms quite small, smaller hotels cities elsewherein world.Delhi crazy place, busy day walking, room much appreciated. The rooms clean. The staff helpful. I would recommend hotel.",0.009242424242424253,0.4622727272727273,May 18 2009
9,9,Good stayed property 7 days stay service good,0.7,0.6000000000000001,May 18 2009
10,10,"Good location value money For us, location great five minute walk new dehli train station, room dark, air con work constant noise throughout day night . . hot water! 'Very hard sale' in-hous travel agent annoying worth avoiding costs.For paid, really value money.",0.06509469696969697,0.5292045454545454,May 17 2009
11,11,"Good Value near New Delhi train station This comfortable easy budget. It located short walk New Delhi train station Metro stop. The street located somewhat lively may hear noise I disturbed it. The online booking process easy accurate. I opted airport pickup hotel, driver time friendly.",0.30734159779614323,0.5887052341597796,Apr 26 2009
12,12,"Probably Best Hotel Area. Probably. There's nothing really wrong place - staff ok, room acceptable bathroom, although prone get absolutely soaked using shower (remove clothing toilet roll using), fine. That said, struggled hot water place very, noisy night. We arrange pick us airport confirmed (twice) wrote wrong date. This good thing though - got prepaid taxi R350 charging R600. They made giving us free toilet paper left, though aware buy bottled water seem make price time - cost anything R15 R25. It's great location number things - New Delhi train station 5 mins walk away, excellent facility travellers book train tickets - go 1st floor follow signs listen ANYONE tells otherwise. You're also 3mins rickshaw Connaught Place much chaotic Old Delhi. When arrive walk nearby Old Bazarr get spirit things.The gives home rather sleazy looking fellow will, almost soon get in, try sell sorts tours, viewing experiences, train tickets assorted malarky. It's rather frustrating want check take shower, even frustrating badgers every morning, noon night - I believe actually lives sofa desk. Take pinch salt, laugh outrageously inflated / fluctuating prices, ignore - he's harmless.",0.14259491466388013,0.5197352838732149,Apr 24 2009
13,13,Uneasy ambience pushy travel agent We booked reviews site seemed good stayed quick nap arrived 11 hours late 10am next morning. We rang told pick us domestic terminal driver show - rang find us (but tell us was?) told us get taxi ourselves. When arrived travel agent tried charge us Rs650 non-existent pickup - arguing two occasions pay him. The room clean enough hot water toilet flush - sprayed water pipework across bathroom floor. The main concern number people loitering stairwells lobby make us feel secure glad stayed short time catching train. The good thing 5 minute walk New Delhi train station - can't think much else though!,0.1847348484848485,0.5663939393939393,Apr 20 2009
14,14,"nice retreat busy delhi We enjoyed 5 day stay hotel.We able negociate slightly cheaper price arrival worth doing, approximately 1400 rupees.They arranged pick another near airport.The man organising trips/travel front bit pushy otherwise staff ok, overly friendly rude.We ordered room service times whcih really nice.The room comfortable spacious, air con bathroom good.Would happily stay again.Also free internet lobby.",0.27522222222222226,0.5327777777777778,Apr 16 2009
15,15,"Good News- Bad News We chose Hotel legend among similar &quot;budget&quot; properties neighborhood partly based comments manager reviews. The rooms pretty much expected although windows, service acceptable. We items stolen luggage there, included small amount cash, I miss money clip dollars. Part problem everyone lobby knows plans. The 'travel agent' loud-mouth, employees knew travel plans day gave almost everyone within earshot opportunity know away. There seems number 'employees' lingering nothing do, got feeling unease watching us. Since can't prove anything, say, use extra amount caution The Legend.The 'complimentary' breakfast expected sufficient. However, unless eat room, option rooftop atmosphere industrial air conditioner. The tables located green piece plexiglass gives eggs toast nice, greenish tint. The internet worked half time.",0.034313725490196095,0.5401960784313724,Apr 6 2009
16,16,"Great location clean good value This first experience India, first stop three week trip. Of horror stories I read hotels I sure expect. I pleasantly surprised. This advertised..the price quoted, indeed hot water I discover many places said actually didn't, reasonably clean even toilet paper..!! The staff friendly, able use Internet lobby whenever wanted. I would say good value money. Also I arranged car pick us airport there..!! So overall quite pleased.",0.3768382352941177,0.5517973856209151,Mar 31 2009
17,17,"Nothing special job This could freshened bit pictures look much nicer actually get, really noisy (both city staff extremely noisy) feels bit overpriced. Besides this, considering it'd Delhi, rooms big relatively clean. It's also 5 minutes away train station, location great, especially getting early flight.",0.1898809523809524,0.49214285714285716,Mar 29 2009
18,18,"A Decent Place Stay I chose based trip advisor reviews pleased decision. The rooms pretty basic towels could definitely stand replaced, bed comfortable nice TV room. The travel guy lobby definitely shady change quoted price every time talk him. However, bring price got travel agency, he'll definitely move prices. Breakfast okay, dinner fantastic. Personally, I find particularly noisy, seem construction somewhere constant pounding day 9pm. I chalked India let bother me. Paharganj definitely nicest place Delhi close railway station, which, catching 6am train exactly want be. Overall, I'm happy stay.",0.21291666666666664,0.5804166666666668,Mar 26 2009
19,19,"Good location want see Phaharganj The Paharganj market district one Indias must see attractions, main reason staying here. However Hotel satisfactory every way, clean rooms good service. A good budget hotel.",0.5266666666666666,0.5666666666666667,Mar 18 2009
20,20,"Great clean good value money! We always make point head straight whenever New Delhi. It's close charming shops Paharganj, services nearby, rail station close Connaught Place short rickshaw ride away. When first stayed 2007, security guard used come take toddler vehicle door! I love left luggage facility, means use New Delhi base haul 6 suitcases India! It bit noisy room service buzzers going clean, inexpensive, service great. We'd recommend anyone!",0.31382575757575765,0.5744588744588744,Mar 13 2009
21,21,"terrible- bad location The located one worse locations New Delhi! There hot water, limited amounts toilet paper, TV channels kept going noise outside bad even ear plugs could block out. I would recommend breakfast, also guy sells tours shady, kept changing prices????I would recommend safe location bound get ripped of!",-0.2326643053915781,0.52211235733963,Mar 11 2009
22,22,"Patience needed - especially laundry Looking back stay comically surreal.Very nice location close train station, also noicy street, The staff english quite limited, even upon arrival asked laundry. Since going home two dayes answer no.The rooms quite smallish, comfortable enough. However walls extremly thin, hear every word said hall. We even bellboy stationed outside room, even thought understand word danish, privacy limited.Every time went outside room, asked laundry, imagine dissapointment tailormade dress arrived hotel, thought laundry done elsewhere. I actually show dress, make understand.Roomservice came immidiatly (after all, sat outside) usually forced way room, quite annoying.I would recoomend hotel, all, ended blast, strange funny memories ;o)",0.06550420168067228,0.42575630252100843,Mar 9 2009
23,23,"good value money Stayed first week March wife 3 yr old daughter. Good clean rooms, decent food, average hospitality. Happy luggage storage facility, twice left different tours. Did use tour operator lobby 1st tour (based previous reviews website!). The tour operator distraught immediately gave good rate 2nd tour, well return trip airport (better tour operator across road).",0.23566666666666666,0.5031111111111112,Mar 7 2009
24,24,"Terrible service poor location We booked stay legend 3 nights february. We informed via email would arriving late night agreed meet us airport. When arrived delhi, no-one airport could get phone.We eventually got taxi arrived 2am group men sitting reception. We told full said booking got another gentleman said full come back tomorrow apology explanation booking fallen through. By time exhausted road looked dodgy luckily taxi driver found us much nicer another area. We definetly coming back.",-0.060606060606060615,0.4848484848484848,Feb 23 2009
25,25,"Good great location A good clean safe fantastic part Delhi. Very close railway station 5 minute auto ride Connaught Place. The staff helpful although sometimes pestered little although restaurant food good - used roof terrace several times eat. The rooms clean spacious comfortable beds, tv fridge.Look wonderful staff member called Ramu - lovely helpful chap - tip well :)I would certainly stay would definitely recommend anyone.",0.395795739348371,0.6671804511278195,Feb 5 2009
26,26,"Safe clean comfortable Paharganj. As reviewers I liked Legend stayed total 8 nights. I would also recommend others. Compared others price range (1200-1500 Rs) rooms well furnished (very good mattresses), clean safe (sturdy doors good locks).Room service efficient, free internet lobby, staff friendly food good tasty (rooftop seating available).As per reviewers I would warn using travel agent seated lobby 24 hours! His services overpriced hassled continuously whenever I lobby area. You need fight off! To book train tickets good place across road charges 75 Rs commission.Overall place really feels like home-from-home warmly recommended.",0.3887789351851852,0.6211111111111111,Feb 5 2009
27,27,"comforts home Delhi For first nights intimidating India booked Legend Hotel, glad did. It's little higher usual budget, comfortable place get jet lag worth it. The street still pretty busy interior nice. Everything new. We great bed, good TV, mostly hot water. Room service good pretty cheap well. I'd highly recommend getting used chaos here, simply anybody enjoys larger room.",0.26808441558441565,0.5891135848278705,Jan 20 2009
28,28,"Good value price My first night I stayed Ajanta quite dissatisfied 3000 rs find better place area. The international legend good choice because:1. I paid 1000 rs room TV 1400 room LCD TV. 2. Internet free.3. The almost empty, others full.4. The cleaning good. After cleaning room smells good.5. I liked doors. The rest hotels area doors looked really bad.Minuses:1. Tiped waiter 20 rs every morning knocked door 8am trying clean something something me. Really annoying. Especially usually get 10.2. know people say location good. true close railway station area looks like Berlin WWII. Many people, dirty streets.3. Do buy tours travel agency hotel. They really overpriced guy sells tour nice all.4.Hot water woring morning time. At evening bakshesh waiters turn boiler.Anyway, place good value choice.",0.21121212121212124,0.5915151515151515,Dec 11 2008
29,29,"good location average value booked email. rate 2250rs incl tax breakfast super deluxe. room dont quite feel like super deluxe. window tiny gave view all. specifically asked difference existed deluxe super deluxe replied super deluxe provided fridge, TV space. well... contrary advertised fridge seemed non-functioning quite time. wasnt switched all. room didnt feel spacious. TV thing worked promised 26inch sony LCD.on plus side, room rather clean (with exception couple cockroaches got killed soon sighted) bed comfy. breakfast cooked standard. hot shower (24h advertised), actually needed phone frontdesk ppl got heater switched (centrally controlled). first called 10pm (after whole day sightseeing) frontdesk person told hot shower next morning! clearly told unacceptable switch on. 20mins wait hot water available.the location quite good. 5 min walk new delhi train station PG. internet worked provided free - always plus esp time around mumbai terror attack.never get talked deal travel agency ppl - overcharge. taxi trip qutb minar airport, man quoted us 800rs refused negotiate. went out, greeted driver got 500rs without much negotiation. frontdesk ppl decent providing price index though, didnt try talk deal theirs.a B&amp;B south CP may offer better hospitality personality. typically charged range 3500rs upwards. given comparison, give 3 star rating, mainly location average price/performance ratio.",0.23692185007974476,0.5562599681020733,Dec 8 2008
30,30,"Pretty good This quite nice good location. We stayed twice three week period. The room pretty clean staff helpful - always someone available help out. We couple small issues - sheets bed, blanket (not uncommon India though - I'd recommend carrying sheet/sleeping bag liner) visits ask air con hot water switched on. On whole though, pretty good place price.",0.28111111111111114,0.7233333333333333,Nov 20 2008
31,31,"Perfect Stay!! We stayed 23rd October 2 nights I say oasis calm mad Delhi!!We originally stay Rama Deluxe one look bathroom I demanded move Legend reading Trip Advisor.The clean, staff polite nothing much trouble. main point quiet, despite middle Delhi! The bedsheets little worn really major problem, also wait 5 minutes water heat shower problem India.We also tried breakfast, pleased too.If looking reasonably priced, clean nights Delhi perfect place. Frankly, deserves better ranking Tripadvisor 31, top 10! Well done Hotel Legend International.",0.24839285714285714,0.5655555555555555,Nov 17 2008
32,32,"Wonderful I wife stayed Hotel Legend, New Delhi 3 nights September.The room given us 3rd floor. It nice, big room good furniture. The room clean comfy.The Interiors real good(specially 1st floor lobby) service also good.I would highly recommend all.Only 1 problem internet lobby, Wifi net.",0.31630303030303036,0.4694545454545455,Oct 22 2008
33,33,"Good Clean resonable price. I've Delhi many times bussiness. The price Delhi expensive according level. I found tripadvisor tried, surprise good price. It's clean, big room. The service good. The problem Wifi, wifi, I go lobby use Internet.Linong Guo China",0.28933333333333333,0.639,Aug 12 2008
34,34,"nice... i'd tried book ajanta close legend, booked placed legend instead. liked it. room top floor pleasant surprise, clean, spacious quiet.",0.4666666666666666,0.7166666666666667,Apr 24 2008
35,35,Muss nicht sein...,0.0,0.0,Feb 8 2009
