,Unnamed: 0,Reviews,polarity,subject,Dates_extracted
0,0,"Comfortable Hotel New Delhi This first time New Delhi. Before coming Delhi I looking several 3 stars internet got places give enjoy time stay Delhi. Gotcha.. I decided one named Le Roi Hotel check clean, nice service front office room boy. Although located crowded area closed Metro station connected Rajiv Chock..the central India next station. A lot restaurant money changer surrounding hotel, wanna eat restaurant hotel...its also really delicious food made cooker price reasonable price. The one make feel home GM GRO explained Delhi... warm give opportunity kept bagage browsing free internet midnight check midnight. Thank Le Roi Hotel, someday I coming Delhi...absolutely I would like stay there.",0.28277462121212127,0.5242140151515152,0.5242140151515152
1,1,"Very nice kind stuff We visited Le Roi friends november 2009, felt nice comfortable, stuff kind helpful, enjoyed staying much. I recommend every one stays Delhi.",0.5857142857142856,0.8085714285714286,0.8085714285714286
2,2,"Great stay!!!! We stayed Le Roi late October 2009 fantastic stay. It new hotel. It clean spacious room little greatness (the air con quiet) good apartment. As far room concerned, luxurious room, want clean place store clothes, rest head, get ready working day night out, job adequately. What gives great review service receive. I quite honestly say I never received excellent service before. The staff extremely friendly enough us. When felt bit poorly one evening suggested feni (the local spirit) settle stomachs. I must admit, I apprehensive, strong was, trick! All staff say hello, everyone makes feel welcome, everyone always smile face. I definitely know people go back year year sure will!!!! We went relaxing 10 days break certainly got it, mostly thanks fantastic service received Le Roi.",0.31504782851557045,0.5937052553181585,0.5937052553181585
3,3,"Nice Comfortable Accomodation I Business Trip earlier month got chance Stay Hotel Le Roi.I glad level service Facillities provides.Besides A one Services hostel located comfortable location,I would ensure next visit Due January,I like put Hotel.Thanks Guys Excellent Service",0.380625,0.709375,0.709375
4,4,One The Best expierience I have.... After exhausted day touring colossal city New Delhi great experience find retreat refreshing Le Roi Hotel. Atmosphere nice. Staff friendly professional. Very clean .I already recommended place friends. Hope back next year..,0.3333775252525253,0.5553787878787878,Nov 25 2009
5,5,"ExcellentFriendly- Atmosphere I business trip Mauritius India[ New Delhi ] November 1st week. My travel arrangement done Trip Advisor. It good,thanks Trip Advisor. Because I good experienced Hotel Le Roi-New Delhi stay, comport,very clean &amp; tidy, best room service respect. Best regards staff Hotel Le Roi-New Delhi.Gurinderjoingurinder@yahoo.co.uk",0.626628787878788,0.5668181818181818,Nov 22 2009
6,6,"Vibrancy- Luxury-Unlimited Enjoyment---Hotel Le Roi This Hotel situated comfortable location,It Less 5 minutes walking Distance New Delhi Railway Station.Hotel Rooms Speaks Quality Elegance.Thus Redefining Luxury Surprisingly Affordable Price.Le Roi provides feel private Residence yet provides service Facillity Modern Hospital.In Short Hotel Le Roi dedicated delighting senses every Guest.Promising extravagancy every Day",0.19852813852813853,0.42803030303030304,Nov 17 2009
7,7,"Very good perfect location friendly staff Le Roi brandnew (sept 2009) middle crowded noisy touristic Paharganj area. It oasis! The best area. It quiet, modern, best soft beds India perfect warm shower. The rooms good. And expensive, good value money! Since new hotel, everything perfect yet. The swimmingpool ready yet, parts stil constuction staff sometimes little bit clumsy. (toiletpaper removed several times, forgot clean room, key blocked every day, breakfast buffet almost empty). No problem us, hope future visitors improve things next months. If do, become popular!",0.3561742424242424,0.5278030303030302,Nov 17 2009
8,8,"Great great price great service Found Hotel Le Roi TripAdvisor thankful, I shall share thoughts experience.Stopping night, I came late international flight driving towards place I instantly started think I may made booking mistake Pahar ganj 3am pretty seedy place. However Le Roi stands like gem, facility modern hip, amenities foreign traveler could want expect. Only problem I faced slight connection error room internet. However excellent customer friendly staff worked internet connectivity issue &amp; gone beyond help accommodate last minute travel planning. All all, great price, great &amp; exceptional service.",0.3242105263157895,0.5613157894736842,Nov 14 2009
9,9,"Bad Area Average Hotel I came recommendation TRIPADVISER thecontrary good, location crowded. The roomservice poor listen us older food. It isaverage hotel.",-0.030555555555555544,0.4833333333333334,Nov 14 2009
10,10,"good place go I 've recently new delhi found new &quot; le roi &quot; good , exccelent accomodation , good services exquissite cusine. My standards quit high excited services offer. The prices good also located nice area So stop New Delhi highly recomand go .",0.42855371900826444,0.6157851239669422,Nov 6 2009
11,11,"excellent I excellent stay le roi, clean nice place, rooms comfortables staff helpfull nice, everything good there. The central location. I really recommend stay, business holidays.Ps : pool soon finished come probably!",0.5908333333333333,0.7506250000000001,Nov 5 2009
12,12,"Newly openned Newly opened central Pahar Ganj. Which right central railway station (ask imperial cinema walk past Le Roi) main backbacker area. Until I'm aware &quot;decent&quot; hotels around here. Which shame ideal area stay central Delhi. The Le Roi probably first many follow suit. The area everything need excellent access main attractions city. The stands others area larger although still relatively small(it would classed boutique size UK) . You enter impressive marble entrance hall. With bar left restaurant behind. The staff excellent show much eagerness assist problem. The rooms see fall standards entrance modern plenty marble dark wood slight euro/oriental theme. My room large new flat screen tv (I take wrapper remote) ,safe, internet, fridge etc. The bathroom spacious, clean modern. Their next noise despite central location I problem getting good nights sleep. As new facilites yet working fully management happy advertise fact I took room. Overall excellent ideal location. I'd recommend highly anyone visiting Delhi.",0.24461399711399714,0.45188414759843326,Oct 29 2009
