,Unnamed: 0,Reviews,polarity,subject,Dates_extracted
0,0,"Good aware Stayed 2 nights, impressed, came back another 3 nights .... Disgusted pay Deluxe room given average room. On complaining upgraded back previously, paid for....... Best floors 19 20. Rooms comfortable airy. Housekeeping staff wonderfully friendly get right waiters restaurant, make eating pleasure. Food good menu varied. No tummy complaints !!",0.30350340136054416,0.5251700680272109,Nov 14 2009
1,1,"Excellent Service centralised location Hi, I booked executive room given upgrade deluxe rooms. 1st impression upon entering room photo shown website 'rooms' entirely different I dissapointed it. Secondly, I arrived local time 11pm, I requested ironing board given old, dirty looking, rusty ironing board. Shock no.2. Worse thing say I can't even keep night that's ironing board have. So ended up, I got take back send morning. Luckily, time round, I presented much better ironing board, else I can't imagine using it. This provides excellent service especially cafe staff level 2. The coffee breakfast bad explained using Nescafe powder, coffee aroma tastes funny. Yaswant cafe ended brewing good coffee hotel's coffee beans I impressed extra mile went cost. Feel positioning business hotel, coffee standard extremely important, I taken package great deal complimentary 1-way airport transfer breakfast dinner. Do note bill chargeable Rupee according exchange rate. This also 5-10mins walking distance Connaught Place.",0.21253333333333335,0.5923999999999999,Nov 5 2009
2,2,"Disgusting. Staff exceptional nice though. What disappointment. The rooms advertised internet get arrive. We stayed 10th floor disappointed checked following day (we supposed stay 3 nights). The bar restaurant good standard. The reception also good standard rooms diabolical.When asked see another another room grounds I unhappy standard, staff keen offering another room, I might add dismal standard. So summary, rooms disgusting staff exceptional. It's shame.",-0.03854166666666669,0.584375,Aug 25 2009
3,3,"Nice pleasant stay Rooms clean, reception room services good. Would recommend stay",0.6,0.8166666666666668,Aug 4 2009
4,4,"Not long stays This looks okay first appearances - modern, clean lobby, take lift 16th floor get first level rooms!Room little small noisy night next lift (elevator) shaft! Also, adjoining door next room must wafer thin I could hear absolutely every word next door!",0.06762820512820512,0.4012820512820513,May 13 2009
5,5,Good Over expereince Good. Staff hospitality great. Location good. Rooms well maintained &amp; spacious. Good choice official business travellers like us. Food average. But overall Good value money. Would like stay agai &amp; recommand others too.,0.545,0.54125,May 8 2009
6,6,"Solid 3-star near Connaught Place Nice room wood &amp; marble floors. Within short walk Connaught Place shops (if that's interest), 40 mins. airport. Combo office building.Breakfast selection wide good. Pleasant staff.Negatives small: hard bed, amenities (e.g., lotion) replaced previous occupant.",0.15349999999999997,0.5055000000000002,Apr 19 2009
7,7,"Value money I like value money.On company's business trips, I stayed several times recommended others including foreign guests .Rooms well appointed adequately big comfortable. Brake fast included package sufficient spreads take care good day.For tourists, excellent value money amenities located convenient place allconsiderations.I",0.31071428571428567,0.46071428571428574,Apr 18 2009
8,8,"Just good business We spent 4 nights Hans Plaza Hotel I've say impressed experience there. Key points: - Location good, 20min walking distance Connaught Place 5min close Delhi Metro (which connect modern centre New Delhi). - Rooms OK, they're exactly expect 4**** business hotel. They're modern, clean functional, frills atmosphere. Beds hard rigid, relaxing all. As usual even consider purchase items room minibar, overpriced everywhere India. Two 500ml bottles purified water complimentary room managed get extra free bottles concierge's asking could &quot;purchase&quot; water lobby bar. They kindly handed bottles free. - Staff overall friendly professional, nothing special. - Prices high, approx 5500 rupees std double room (considered &quot;executive&quot; 19th floor good distance noisy roads around hotel). - Our breakfast included room price enjoyed fullest, good food notable exception tea extremely poor quality (we suffer 4 mornings). - We happened lunch restaurant, good food overpriced - sadly restaurants 5min radius. - Business centre ridiculous 1 computer available guests (we queue), prices 50 rupees 30min !!!!Overall decent stay, clearly next time we'll go somewhere else.",0.26877506463443956,0.4847029822029822,Mar 26 2009
9,9,"Exorbitant Rip Off The room moderate. But plug points charge laptop cell phones. I remove plug lamp charge laptop. Do buy food drinks hotel. Though even two star hotel, price normal mineral water Rs.200/- (the actual price Rs.10/- only). 2 boiled eggs cost Rs.350/- plus taxes!!! A total rip off!!! Don't get traumatized bills.",0.03,0.64,Feb 25 2009
