,Unnamed: 0,Reviews,polarity,subject,Dates_extracted
0,0,"Fantastic one greatest hotels ever lived whole world. especially Mr. Satyawan, excellent manager support help us lot first Indian trip.",0.4749999999999999,0.7722222222222221,Jun 19 2009
1,1,"good location friendly helpfull staff good rooms I've twice india travels staff really nice, friendly helpfull. location really good value. nice rooftop terrasse rooms good value. If I'm going back Delhi I would go again.",0.5511111111111111,0.62,Apr 30 2009
2,2,"Great value I stayed totally loved it. I love trust staff genuinely help you.Hot water reliable I bathe tepid water problem.I'm fond room decor I buy pretty sheet, remove drab spread tuck closet. I also reccommend use towels. White towels become grey India fast never look smell clean enough me.I loved remebered soon I arrived. And three years previous. Also staff indication manager treating well.On trip I met owner. I simple lovely man.This place favourite even among middle class Indians. I love meet locals here.In terms room - beds comfortable, bathrooms showers buckets, drain slow.The big plus free wireless internet throught small fridge room!! There's also TV plenty channels watch. And heart shopping heaven!",0.2657269021739131,0.5195134575569359,Mar 31 2009
3,3,"Great service great value: Stay here! I ha1ve stayed 4 hotels Delhi: One grotty one Old Dlhi, one cock roaches Pahar ganj, one OK one Karol Bagh, I booking Hotel Swati, booked. They recommended nice clean street: Rahul Palace. I really enjoyed stay here. The service great, breakfast service smile rooms clean. They also hot water 24 hours. If I came back Delhi I would stay again. Good value safe area. Because agency I booked made mistake Swati Hotel recommended Rahul Palace. It busy time hotels taken. One night I stayed room, following night owner gave office (with bedroom area) sleep in, free charge! He said I stay would take home family, rooms city. So ignore bad reviews, want place staff look you, wireless, clean rooms, hot water happy staff come here.",0.3775845410628019,0.6132850241545893,Feb 5 2009
4,4,"Disgusting Stay Away! Absolute rubbish, electricity working room. Took 3 servants fix this. There poo toilet(!) stench almost made spew up. And yet pride put &quot;sanatised protection&quot; ribbon around toilet make matters worse, toilet wouldnt even flush. Two servants sent attempt repairs four visits could get toilet flush. Also constant hammering noises maintenance workers fixing hot water system midnight. hot water, disgruntled, arrogant receptionist. requested another room agreed, called back later saying rooms problem!! Checked next morning, receptionist said additional service charge disclosed confirmed gross price day before. We refused pay service charge didnt even give us discount nightmare stay &quot;palace&quot;. A complete circus. STAY AWAY 0-stars!",-0.02543859649122808,0.38728070175438595,Dec 4 2008
5,5,"could better If want stay hotel, qiuckly falls apart.We stayed 4 days holiday India. Although communal areas like corridors restaurant OK, rooms disappointing. You find rooms windows. They clean urgent need redecoration. I mean things like door handles falling of, broken showers, missing taps. The windows look like washed forever, especially ones bathrooms. The main problem thought state electic sockets-they completely exposed hanging walls impossible use. When changed another room, bad.Having said staff helpful understanding need couple days I guess good enough expect lot.",0.011611111111111105,0.5920555555555556,Nov 25 2008
6,6,"Dreadful ""palace"" We stayed &quot;Palace&quot; February 2005 one night, although booked three. The memory still scars I see others written whenever I log travel website. The completely tourist map. Our taxi driver stop ask direction 3 times finally found it.The bed made aircon broken, fridge, bed linen looked dirty too. The area noisy get much sleep.We paid Â£35/night well-known website used give 3 stars, gives 2.5 stars. Â£35/night way much place. Having stayed one night, checked 6.00am morning moved another hotel.",-0.1625,0.5375,Aug 25 2008
7,7,"Real Delhi! Great food, great terrace, great service, really nice cold A/C, clean rooms, building little run down, beautiful marble floors, typical Delhi. The room linens kept clean. The shower sometimes runs cold, bad place hot India. A great location busy colourful shopping district. Lots fun, great helpful travel desk. AMAZING SERVICE!!!",0.2836805555555556,0.6827777777777777,Jul 16 2008
8,8,Great place stay! Very clean friendly people. Food great always made fresh. No bugs staff constantly cleaning. The great location middle Karol Bagh markets close Metro station. Air conditioned rooms free internet service. If I returned Delhi I would stay I thoroughly recommend anyone else.,0.46129629629629637,0.5881481481481482,Jun 18 2008
9,9,people rahul kind In found people kind tryd make stay comfortableBernarda olianas,0.78,1.0,Mar 17 2008
10,10,"Awful Experience!! We contacted directly phone booked room 3 nights. We told would picked airport driven Hotel Rahul Palace, great flight arrived 2:15am crazy city. No one ever showed claim us, take taxi phone call claimed never heard us reservation currently full. They gave room another guest (probably larger amount money) left us stranded foreign city middle night. Shame Rahul Palace!",-0.05277777777777778,0.4694444444444444,Mar 9 2008
11,11,Wonderful room great food friendly staff. The room nice. The food restaurant delicious staff friendly. We much enjoyed stay.,0.7221428571428571,0.8214285714285715,Jan 13 2008
12,12,rahul palace karol bagh Hotel expensive compared many hotels similar quality staff friendly,0.12187500000000001,0.5625,Jan 1 2008
13,13,"Avoid - worst place stayed India! This without doubt worst place I stayed whilst India - hot water, room, bed bathroom dirty. Another guest money stolen safe whilst there, member staff barge room without knocking whilst getting dressed reason. I really glad leave!",-0.26666666666666666,0.8583333333333334,Nov 6 2007
14,14,"Bed Bugs Scummy Management Booked trip Delhi Expedia, believe Expedia says it. There pool, direct nearby Public Pool, sauna steam room could located either... Although rooms advertised suites beds 6ft long (short European), rooms average standard- one two rooms window, a/c noisy. My bed sort insects I woke bites morning. Bathrooms ok, although hot cold water sporadic. The worst thing however management, two staff front-desk (one older guy, younger guy glasses) rude, obnoxious grasping opportunity make 10 Rs. more. On check-in I ignored, reception generally unwelcoming. The record reservation, although could Expedia's fault. The complimentary breakfast (in reservation) grudgingly given following discussion management.If stay warned map website accurate difficult taxis find.",-0.05363247863247863,0.5098824786324786,Oct 20 2007
15,15,"Truly Awful I strongly advice staying here. The rooms basic given cost. There hot water entire duration stay, despite staff claiming several occasions would fixed. They also quite aggressive trying sell us overpriced tour. We particularly worried time paid credit card left discover got home processed payment twice!!",-0.0425,0.49041666666666667,Sep 13 2007
16,16,"Good overall The clean, staff extremely friendly. Rooms simple quiet, shower quite good. Interesting location, though print map make sure telephone number taxi drivers trouble finding (there hundreds hotels area).",0.29416666666666663,0.467936507936508,Aug 24 2007
17,17,"Pleasant stay! I found Hotel Rahul Palace luck hotels.com. I glad located street many hotels busy market district. The moment I arrived luggage delivered taxi lobby. The staff extremely friendly helpful moment I checked-in I day I checked-out. It clean well-kept. The front desk agents provided detailed information get around city. To surprise lot guests utilized roof top restaurant. I found selection American Indian food affordable tasty. Although internet available guest use, one working inconstantly. My suggestion provide reliable computers. Overall, stay pleasant.",0.29814814814814816,0.5490740740740742,Aug 23 2007
18,18,"Rahul badly managed ""dhaba"". I contact since three months regarding stay also trip 10 days Rajasthan.I exchanged mails administrative executive regarding trip regular basis.Based mails I received I getting idea going best holiday I ever even I accompanied wife daughter visiting India first time.The day arrival,time,pick airport,our stay Rahul Delhi ,our trip Rajasthan starting Delhi-Agra-Jaipur-Udaipur-Mt.Abu-Jodhpur-Bikaner-Mandewa-Delhi ,transport reliable driver,3 4 star hotels places stay Rahul rest days Delhi departure Delhi---these promised paper phone (I made calls).The total price entire trip calculated I agreed.They promised us qualis (jeep) pick us airport small indica (three adults baggage) showed up.They promised us triple occupancy presidential suite got double room camping bed.Everytime took meal waiter(s) would discourage us charge room.They wanted us pay cash.I pity owner &quot;dhaba&quot;because workers literally stealing establishment.I HAVE PROOF OF THESE STATEMENT.I already sent mail I want communicate owner directly.I also intend send things along offical complaint ITDC,Min.of Tourism(india),Min.of Foreign affairs(Holland) Indian Embassy The Hague.Evetually everything went WRONG day 1.After 4 days Delhi ready tour Rajasthan--our means transportation changed (bigger car) pay Rs.8000=00 extra.We promised triple occupancy suits menyioned places.What got double rooms without extra bed.In Jodhpur driver brought us PG Paying guest house instead hotel.***!!!!!!! Well finally tour over(thank god) came back Rahul pre-planned .Upon arrival told us NOT room.The room booked 3 months ago given away somebody else.So put baggage rickshaw look --all long difficult drive Mandewa.TO ALL FELLOW TOURISTS .PLEASE BE AWARE OF RAHUL HOTEL.I HAVE NOTHING GOOD TO SAY ABOUT THIS DUMP.WAITERS AND THE RECEPTIONIST (CHEATS).YOU ARE WARNED.IF YOU WANT TO BE RIPPED,CHEATED,HARRASSED AND STOLEN FROM ===STAY AT RAHUL.If wish proof statements mail I send names people aware dump.My trip 6 april--to--22 april.God happy back Holland .",0.05035714285714287,0.39274725274725275,Apr 24 2007
19,19,"Misleading Descriptions Beware stay We recently stayed Hotel description variety websites. Dont waste money swimming pool, air con tripped 15secs turning metal trip switch turned towel avoid electrocution , window room looked stair well, mini bar, taxes included pay directly hotel, keys electronic, towels grey linen dubious stains, free car parking (if need park onto street risk) elevator would accomodate wheel chair needed it. The travel desk / info consists whoever front desk mate travel office (and lot them) call get cut spend money - complete sharks....! long flight taxi drivers lost syndrome want take friends travel office get book something get cut too.....it goes toes....!",0.03472222222222222,0.4833333333333333,Apr 15 2007
20,20,"First India We stayed Was unpleasently suprised, travelled around India started realise place wasnt bad could be.Payed something stupid like Â£30 night internet, DONT pay much. You get much nicer less Â£Â£Â£Â£Â£ better locatoin.Agree rest reviews dodgy staff, youll meet plenty type stay delhi while.",-0.0738095238095238,0.4238095238095239,Jan 25 2007
21,21,"Dodgy staff rip-off merchants At ALL costs, avoid Hotel possible. Me friend stayed total 4 nights. It longest worse 4 nights life. 1) Dodgy staff. 2) Lies. 3) Rip-off Merchants. 4) Over charged. 1) The staff dodgy propety equally sly rest New Delhians BUT expect differently considering paying service. As written Expedia, Hotel boasts free Internet. This IS correct comes LATER cost. When asking internet 9am, I told open 10am must wait. I problems this. The next 30 minutes cost us $25 Australian Dollars. We went windy streets find going tourist shop. They wanted us buy tour it. We finally able leave using internet . When arriving back hotel, nice lobby man gave us dirty looks. 2) When checking hotel, charged IDD calls Thailand China un-used room service. (we assume us purchasing tours). DO NOT STAY AT THIS HOTEL unless ABSOLUTELY must/ enjoy getting ripped off.",0.01276400367309457,0.5485651974288338,Nov 6 2006
22,22,"I would rather stay prison This worst I ever stayed in. The window opened dark aircon vent, room filthy sheets clearly washed. This waste money, stay here.",-0.44000000000000006,0.5566666666666666,Sep 1 2006
23,23,"Scammers ! Travellers beware ! ""Palace"" exaggeration 1 I spent one night seeing website pictures good. Finding place tough. The taxidriver drove around little lanes asking people ... nobody seemed know it.They overcharged room food. To make matters worse took another 3% credit card payment. The room disgusting, bed falling apart employees totally useless. This place nightmare. Never again.",-0.2847222222222222,0.5714285714285714,Aug 23 2006
24,24,"Clean. Safe. Decent location. Got room $20/day Expedia. Very clean room bathroom. It felt safe - surrounding area I kept suitcases (ie, I feel though someone would steal stuff). Bathroom Western toilet hot shower. They even gave free daily newspaper.Great service. My flight got delayed one day. They still honored prepaid reservation next day.Location ok. About 10min auto rickshaw Connaught place. About 5min walk subway/train station.",0.26055555555555554,0.45222222222222225,Aug 17 2006
25,25,"Terrible Terrible. They cheated us room give us another room, charged water 10 times normal. Watch out, better keep away property! It worst IÂ´ve stayed in. Please beware. Bad neighborhood far everywhere, taxis donÂ´t know zone. The awful 'hotel' ever seen. It clear owners staff training within trade pride product offered.",-0.24772727272727268,0.7454545454545456,Aug 1 2006
26,26,"Nice Facility Terrible Management I recently spent week Rahul Palace Hotel. The good shape reasonable location, awful staff prevent wanting send business direction.Things started really badly. I arranged picked Domestic Terminal flight delayed three hours I somewhat surprised one meet me. I called first suggested I take taxi. I read difficult place find I completely comfortable taking taxi 11 PM, I told send car come get like I requested. They told driver would 25 minutes. They also provided driver's phone number. I called wrong number, I call again. They gave right number, mostly useless driver hardly spoke English. I waited 45 minutes called driver again. Both told wait little longer guy way. Several phone calls later discovered sent driver international terminal quite distance away. In end I waited 90 minutes spend obscene amount money using cell phone call people. The driver also managed lose ticket parking lot spent several minutes arguing official gate. When I arrived hotel, guy desk told pay driver 600 rupees. When I made reservation quoted price 450 rupees, I liking feeling scammed get-go. I refused pay anything since I wait long spend much money phone calls. The guy desk said I take manager morning.The manager, actually was, entirely unsympathetic found situation rather humorous. I unpleased want reimburse airport pickup. Later I asked call taxi, used one over-priced (I realized later) cars take I needed go. They clearly interested making money serving customers' interests. When I go back airport two days later sister's arrival, I terrible driver first time. The positive experience trip charge riding along. The driver stopped food way turned AC I asked. At airport tried get pay enter terminal, I refused since completely unnecessary. Then made pay airport parking, said would reimburse. Back hotel, I gave driver 500 rupee note, wanting 50 rupees change. He said they'd bring room, along 60 rupees parking. A minutes later 50 rupees arrived. It took another try manager get money back. These people frustrating!!As itself, like I said, nice. There free, slow internet basement. Beware, power goes frequently, knocks computer. There generator, need start again. The room clean, bathroom decent, AC powerful, though loud. The bed sheets looked clean, though holes really large enough bed. They put single sheet length-wise across double bed bizarre reason. We got actual hot water once, mind much since hot outside. The food restaurant excellent delivered room anytime day night charge! The neighborhood quite busy hours made feel safe, without noisy all. The Karol Bagh metro station two blocks away easier destination taxis autorickshaws know since narrow sidestreet can't seem find.Basically, hard place stay, Rahul Palace great price (assuming honor it) good. I want recommend them, however, service awful seem want fleece customers.",0.04296066871724767,0.5044827979038505,Apr 26 2006
27,27,"Not bad all! I stayed 3 nights single female traveller. I liked place although perfect. There warm water, hot (not big deal, run cold one). I would prefer towels bit white instead grey, but.... money I would stay again. After all, I spend nights, day everyday. I one meal hotel's restaurant. It good enough, service bit slow liking. Everybody nice helpful, could smile bit though.",0.18528911564625852,0.5570294784580498,Apr 24 2006
28,28,"Not Worth Money! This Hotel Provid Terrible Service I writing review I made decision stay place based upon review comments here. I highly disappointed review comments favor Hotel Rahul Place, I start suspecting review comments REAL staying hotel. I dont think Hotel! But cheap motel, located Karol Bagh busy business place.I would written review, I paid Rs500 night Rahul Palace, think worth stay. I paid $30 + Rs 700 travel Airport called 3 start facility. This pinch lot now. I took chance shall found reasonable place stay even though bit expensive. If I would known before, would spent place I spent almost $45 US (Hotel + Taxi. The worse thing traveling taxi 3 hours 12:30 AM 3:30 AM 23 hours travel USA India find damn &quot;Rahul Palace&quot; I would happily spent $145 safe secure. I could even take shower hot water.I started 12:30 AM Airport took paid taxi Rahul Palace Main Ajmal Khan Road, Karol Bagh, New Delhi. Driver drove Main Ajmal Khan road 20 minutes could find. Someone told us shall look Rahul Palace WEA, started looking WEA arae, asked locals one knew place âHotel Rahul Palaceâ. It scary place night time, I thought Iâll mugged. I lived India I honestly scared majority people met drunk sleeping streets, cars, Rikhsaâs, may good place day time night. Especially traveling female I would recommend place all, area wise. After long struggle found damn âRahul Placeâ hidden inside unplanned thickly populated urban area, address mean anything locate physically facility, I sure mail problem stranger easy. I donât know I spend much time $30 find Rahul Palace, I could found better place stay spending another $30 area, prefer area. I saw good places stay near airport, started journy Rahul Palace. Somehow famous âWEAâ I later found showroom size typical Seven Eleven (3000 sqft). The idea tell misguiding ranking could try search internet.Finally, I ended motel staff OK, helpful, took stuff room. Room small, AC making noise cooling room, I turn fan cool, TV OK, Hot Water dripping! Pressure cold water slow I spend five minutes properly drain ---- toilet!!!!! Bed sheets sub grade per industry probably cleaned month fresh every time new customer takes room! Hotel towels soiled. I ended using persoanl towel luckliy took me! Hot water almost none existing water pressure terrible, took five minutes fill one bucket take shower cold water! Forget shower hot water!!!Good thing food, Hotel provided Dal Roti, decent quick. I Hungary food tasted good! Relatively less noise street street traffic supsteing since room alomst next street. Staff Person reception desk morning discourteous probably son owner &quot;do care attitude&quot; I feel like I shall tell fix hot water. They ask fill customer satisfaction form, I &quot;no care attitude&quot; like front desk person tell writing terrible stay. Conclusion: Iâll stay future, would rather spend money required find reasonable place live. I would recommend place single womenâs (especially westeren women) even people family especially checking middle night. Typically us end Delhi around 10:00 Pm flights end reaching Delhi around 10:00 PM.I disagreed previous review comments place good place live per Indian Standards value money, I think Indian Standards raisin lot, especially comes value money spent. I donât think applies here, I wrote I would pay Rs 500 stay night Rahul Palce feeling ripped off. I strongly suspect review comments Hotel Rahul Palace somehow manipulated Hotel Owners favorable shall based upon experience staying one night. Also I think, India shall set standard system know ranking know Best Western, Comfort Inn, Holiday Inn economy, Super 8 Motel double economy Radisson, Hyatt, Marriot luxury places like Rahul palace probably fit motel shall considered super economy.Hope helps! I thinking write I thought people like looking input stay reasonable price return reasonable service. I stayed type Hotels $30 $490 per night I travel lot business. I always try find reasonable priced night stays, even though company high upper limit, I spend $400 per night stay I write explanation note, still expense approved. Hope review help future stay Delhi. I booked âHotelâ thought place reasonable, careful big name Websites Marketing tools. Websites like Hoetl, Priceline, Expedia inspect/check approve facilities; risk. My personal opinion chain hotels check standards give business name, case names, like Rahul Palace ends comparison others named hotels get illusions provide better service donât.",0.09894319556757494,0.5062550403905545,Apr 14 2006
29,29,Beware!,0.0,0.0,Mar 11 2006
30,30,You find better,0.5,0.5,Mar 1 2006
31,31,avoid cost,0.0,0.0,Jan 10 2006
32,32,DO NOT STAY AT THIS HOTEL!!!!,0.0,0.0,Jan 10 2006
33,33,great place !,1.0,0.75,Dec 17 2005
34,34,Loved Rahul...,0.7,0.8,Nov 20 2005
35,35,Good friendly staff,0.5375,0.55,Sep 29 2005
36,36,Very freindly staff,0.2,0.3,Sep 14 2005
37,37,Not exactly expecting,-0.125,0.25,Apr 26 2005
38,38,Avoid,0.0,0.0,Mar 11 2005
39,39,sans plus,0.0,0.0,Nov 7 2009
40,40,????????????????????,0.0,0.0,Nov 15 2008
41,41,The best Delhi,1.0,0.3,Aug 6 2008
