,Unnamed: 0,Reviews,polarity,subject,Dates_extracted
0,0,"Great great people Here came holidays....and selection Hotel Claridges Delhi trip Golden Triangle.Great , great people, great services...all met one place.Our stay inspired us come back native place ofcourse...we definitely stay Hotel Claridges Delhi",0.5,0.5714285714285714,Nov 16 2009
1,1,"Great place stay We two stays either end Golden Triangle tour. The plush, deluxe room spacious well decorated. Also impressed slippers / bathrobe wardrobe!The pool surrounding area lovely, shame sun went behind surrounding buildings pretty early!Renovations ongoing stay, however cause us real disturbance aside hearing drilling one afternoon pool.The service little variable, prevented rating 5. The door staff, porters &amp; housekeeping staff excellent - friendly chatty. The reception staff polite indifferent, Pickwicks restaurant staff seem particularly interested all.We tried food Jade chinese restaurant superb, also Pickwicks breakfast evening meal. The food excellent, however service let place down. Our drinks forgotten, asked extra butter breakfast never arrived &amp; service extremely slow.",0.34444444444444444,0.6125730994152047,Nov 11 2009
2,2,"Out town oasis! Near house Ghandi shot turn gauntlet beggars,tuktuk drivers performing kids get there!It 20 min taxi ride Red Fort attractions.Service good rooms fine.",0.2603333333333333,0.41100000000000003,Nov 6 2009
3,3,class From moment arrived moment left ab fab.Could fault hotel.If make minus would price food restraunt.Other perfect,0.3,0.3666666666666667,Nov 5 2009
4,4,"An oasis calm charm madness Delhi We booked two separate nights The Claridges; one start one end two week trip north Himalayas. Both arrival times early morning. Expecting wait around midday check in, greeted friendly, efficient polite staff found rooms almost immediately - one 7 o'clock morning. Whisked room smiling floor manager impeccable suit given clean comfy mini suite huge bed huge screen TV. There extra charges early check ins.The two restaurants used well staffed smiling, helpful people. Breakfast fresh plentiful buffet hot choices cooked front you. For dinner chose European option (there 4 restaurants). We escorted delightful chatty receptionist rear building seated atmospheric terrace stream billowing muslin drapes. The food excellent, quite Michelin, steak cooked right reasonable French red wine 20 GBP completed evening.Having afternoon fill, walked towards New Delhi local market. We stopped Tuc Tuc man promised show us Delhi. A bit wary assurance friendly passer by, bit bullet. Kamal, Tuc Tuc man, turned called show us Delhi. Safely, patiently good English took us best sites best place buy great silk Kashmiri rug. We thoroughly recommend Kamal reliable knowledgeable driver. He charged us 300 rupees round trip (about 3.75 GBP) including waiting us went sightseeing. He found mobile - 9899041746 - give ring!!Overall great Hotel experience - good security (24 hour armed police presence background) - lovely staff - everthing worked - good food - real oasis calm charm madness Delhi.",0.34158769158769164,0.4875745875745876,Oct 26 2009
5,5,"Never never never again!!!! What dreadful experience! We previously stayed Taj Palace - incomparably superior - found The Claridges grossly inadequate. The refurbishment complete, plumber TWICE one evening, storage bathroom, shower soakaway unable deal inout shower. Worst all, hammering going room 4.30 a.m despite repeated calls Reception Duty Manager. As result sleep-free night far shattered visits planned next morning. Totally unacceptable, never word apology, let alone compensation. The thoroughly ashamed itself.",-0.17666666666666667,0.5716666666666667,Oct 25 2009
6,6,"Golden triangle tour India The Claridges New Delhi superb, food Restaurants wonderful, rooms refurbished recently extremely comfortable well furnished. There many little touches made fantastic stay, everything need thought readily available.I find unusual Spa single sex different times day, mar stay. I would recommend anyone staying New Delhi.",0.2866999072356215,0.6195269016697589,Oct 22 2009
7,7,"Above average average service The centrally located embassy area near Khan Market. Although Khan Market walked 15-20 minutes, advisable take taxi ask driver drop market take taxi back hotel. The check-in process 1:30am fast upgraded suite 3 nights appreciated. The room bathroom spacious clean. 4 complimentary bottles water every day helped beat heat potential bout diarrhea. 24 hour internet use complimentary set us back $15 per day.The average score &quot;Service&quot; due lackadaisical attitude lack attention detail wait staff breakfast dinner Dhaba. Coffee refills served timely fashion entire stay 3 days. On 3rd morning, I observed female host take something serving table quickly put mouth walking towards pastry area. Except doorman, lot staff acknowledge us smile even I said good morning. The reception area staff also friendly although supposed do.Food Dhaba Restaurant expensive taste average best. I would recommend heading Khan market eat Chonas (Indian food), Salim's (kebab rolls), change money shop little bit.In regards &quot;soft remodel&quot; noise reported guests, I hear construction noise stay. According hotel, remodel complete end October 2009. Speaking currency exchange, change much Punjab Bank (no commission) vs Thomas Cook (10% commission). For lot positives, Claridges Hotel option consider I say I definitely go back another alternative available.",0.08166666666666668,0.3705555555555556,Oct 16 2009
8,8,"Potentially good - management dealings us unacceptable. We two night stay first night went plan. Room anticipated superior category. Good meal Chinese restaurant. Great position hotel. Waiters polite friendly although food service slow. Then went downhill - returned 4pm day Delhi accosted duty manager problem plumbing near room removed water half rooms. He trying contact us many hours engineers needed gain access room repair work needed change rooms allow happen. Replacement room much smaller, much less well equipped - bathroom actually quite basic, less fruit sweet-meats otherwise adequate. As checking night accepted down-grade room rather make fuss.Curiously person aware &quot;plumbing problem&quot; appeared one duty manager despite devastating effect &quot;problem&quot; hours. We also discovered subsequently rooms Claridges booked night room asked vacate re-occupied.Our new room, unlike first room, overlooked area parties held: party night (we informed this) sleep impossible resulting Bacchanalian-like noise. On checkout I spoke night duty manager apologised extreme noise. He, too, also unaware &quot;plumbing problem&quot; told him. He confirmed also room vacated us re-occupied. The completely full.The speed resolution &quot;plumbing problem&quot;, rapid re-allocation room someone else back us, seeming lack knowledge &quot;plumbing problem&quot; anyone one duty manager amongst many despite apparent widespread effect many hours, absence urgency resolving problem (the management know would returning late afternoon - could planned stay late) suggest us may another reason asked move. Whether cannot certain difficult identify credible explanation information provided manager 12th October. In end room downgrade, whatever reason, acceptable. We feel treated entirely inappropriately management hotel. It left unpleasant &quot;taste&quot;.",0.0563594549390004,0.4801357733175916,Oct 14 2009
9,9,"Perfect Friendly, smiley service buzzing atmosphere. Beautiful room. Afternoon drinks lawn. Lovely chinese restaurant. Did want leave. We loved - new favourite Delhi (usually stay Imperial)",0.4139204545454545,0.5943181818181817,Jul 27 2009
10,10,"Made India tolerable The beautiful made stay India tolerable. However, I mistakenly took 1 sip water faucet stomach right 1 week. Beware India's tap water!",0.33571428571428574,0.7678571428571428,Jul 26 2009
11,11,Little value big money This ideally located centre Delhi way expensive is. The rooms spacious bathrooms could work. The renovations visited. Internet extremely expensive. Beware Tthe restaurants also priced. Also book advance maybe pay online. This save bargain reception. The first 5 star bargain price. The guy front desk started 200 euro! We ended paying half amount left feeling charged. They asked advance charge 175 euro per room returned card charged friend's card. Paying online would saved us hassle. Not bad place stay mind paying nose. On next trip Delhi I would look better deal value wise.,0.1173611111111111,0.46388888888888896,Jul 23 2009
12,12,"one centrally located 5 star hoetsl delhi claridges located 5 mins khan market lodhi garden one centrally located 5 stars delhi.. heart lueytans delhi, one best places business meeting staying budget problem. 24 hour coffee shop, sevilla- spainsh restaurant one best ambience delhi worth eating in, winters open air.. vodka lounge one best stocked bars town. service excellent pool business facilities.. unlike multi storyed hotels delhi, rooms dont dominating view area extremely plesant clean.. stayaing claridges expensive also tends booked heavily marriage season winters advisable book advance.",0.3144444444444444,0.48500000000000004,Jun 9 2009
13,13,Claridge's wonderful Really nice exceptionally courteous staff. Very clean nice rooms. The breakfast buffet good.,0.6977777777777777,0.9483333333333334,Apr 30 2009
14,14,"claridge classy always perfect The Claridge definitely classy: great furniture, beautiful colours, interesting architecture... In addition, well located dealing embassies, go bustling activities connaught place, short taxi hop.Still, everything works perfectly claridge: rooms uneven, without views, noisy rusted pipe fittings. These easily forgotten manage get good deal. But paying 200 USD room still average, may wonder another choice would wiser. On hand, luxury hotels Delhi expansive high season, may enjoy elegant setting furniture claridge...",0.37324074074074076,0.6332407407407407,Apr 27 2009
15,15,"TIMELY ROOM SERVICECOURTEOUS STAFF AND A GOOD LOUNGE We checked hectic business day 2-3 rounds meeting ncr region.we immediately ushered lounge provided rooms.though stay minimal time[3days], never confront inconvenience getting service.They wonderful Conference Room-The Senate business meetings.i would highly recommend place business meetings. The staff helpful showing entire facilities here.They also beautiful garden lounge bar.Ideal &amp; affordable place want stay delhi.[specially days ]",0.4014285714285714,0.6664285714285715,Apr 22 2009
16,16,EXPENSIVE HOTEL NOT VALUE FOR MONEY The located centrally new delhi convenient business visitors. Its gym pool merely functional. The people nice warm. Breakfast ordinary lobby acceptable. Their charges health clubs high.,0.05492929292929293,0.6396161616161616,Apr 19 2009
17,17,"Great basics bad extras My friends I stayed two nights row. The first night deluxe room booked online (the deluxe claridges room listed rate), second night planned switch Ginger save money feel safe (we group 3 20-something women) returned Claridges Claridges room.Both rooms great, though obviously deluxe room bigger tile instead carpeted flooring.The service seemed great. We always warmly welcomed, front desk staff friendly. When grabbed breakfast second morning, hostess even remembered original room number.However, couple service issues. The first night discovered outlets working. We called electrician told would coming. 30 minutes later, electrician. My friend called say he'd right away. 15 minutes later, still come. My friend called yet complain, finally came 15 minutes that, full hour originally called.Luckily friends took hour longer anticipated pick us go night - otherwise would hit clubs wet hair! :)The second issue frustrating. We plans leave 7am drive Agra. It important leave early beat Delhi rush hour make time see Taj drive Jaipur dark. We called wake-up call 6:15. The receptionist asked we'd like confirmation call 6:30, said yes.We received call woke 7:10 driver called see were. My friend called complain said us wakeup call. At checkout complained, woman charge wake-up call told manager call pick up. We responded [--------], finally got 2000 rupees taken final bill.Point story- stay Claridges enjoy beautiful garden amazing mediterranean restaurant. Just count anything outside pre-choreographed dance comes service. Bring alarm! :)",0.2395770421989934,0.5800716221447929,Apr 18 2009
18,18,"Excellent value - good service - friendly staff We pleasure staying one week apart different sections hotel. Our first bout stay excellent - staff helpful polite accommodating - service restuarants excellent - rooms nice - pool - occasion good.However, second visit - complaint room - first floor rooms renovated therefore quite considerable amount disturbance day went approximately 10.30 night. However, staying one night time felt could put - staying longer certainly would asked moved quieter room. The room lovely - staff excellent. All nice good stay.",0.37042207792207793,0.6335497835497835,Apr 16 2009
19,19,"A great Place Stay New Delhi My wife I stayed The Claridges two different times March 10 April 1, 2009. Each time greeted warmly made feel home. Our first room first floor pool area sliding door gave us access there. It quiet night ourselves. We ate two restaurants, reasonably priced wholesome, mostly vegetarian fare (but thats get India). One shops bakery. We bought pastries eat room tea. The provided china dishes, napkins silverware us enjoy treats. Just short walk block house owned wealthy Birla family MK Gandhi stayed near end life. It open public artifacts great man dipictions important events life well impressive statues gardens.",0.3042530568846359,0.5426368952684743,Apr 9 2009
20,20,"No complaints Stayed 3 nights end visit north India. I complaints Claridges found good hotel. Location posh diplomatic area New Delhi, lobby elegant luxurious, staff helpful friendly. I insisted refurbished room found excellent. The room came balcony small wardrobe/dressing room leading bathroom. This small wardrobe/dressing room poorly lit otherwise I happy room. There large flat screen TV internet access (payable), road noise generally comforable feel room. Breakfast tasty good choices. We offer free spa treatment staying 3 nights found men women different times accessing spa could together-strange.",0.28504058441558444,0.5930073051948053,Mar 27 2009
21,21,"Unusual (but excellent) experience So I understand people stayed bad experiences, I'm going dispute those, experience probably fairly exceptional. We stayed 1st wedding anniversary, booking Claridges Room one night (as far budget could stretch!). On internet booking form mentioned anniversary, arrived automatically upgraded us Club Room, thought nice them. Upon room half hour noticed room actually really cold, air-con turn down. We rang report non one came fix it. After another I went lobby find duty manager, immediately sent squadron people room try fix it, do. We instead immediately upgraded again, time Luxury Suite (so we'd given equivalent 4 upgrades), simply stunning. They delivered 24 red roses wife! The service staff along friendly attentive, food restaurant, Dhaba, divine, again, excellent service. We stayed one night, maybe we'd stayed longer things would started go downhill (judging people's reviews) I can't really attest this, essentially, got $500 room $150, complaining!",0.16872222222222225,0.6886111111111111,Mar 16 2009
22,22,"Poor quality rooms Stayed first time March 2009. I visit Delhi regularly stayed number 5 star hotels. Service excellent, people friendly, one major problem: The quality rooms. My room urgent need renovation, one chair wobbly even dangerous sit on, bathroom shabby five star hotel. Morevoer, tiny window, looked outside, staring wall, one metre away window. I checked rooms corridor found similar. Clearly, based experience, Claridges inferior five star Delhi, terms room quality.",0.06916666666666667,0.49957264957264963,Mar 8 2009
23,23,"Lousy Whilst externally everything looks fine ,in details isn't.I stayed 2 seperate stays couple days between.On stays bathrooms mould fungus whilst Molton Brown toiletries nice mould nice.the internet costly intermittent.The staff reception try look extremely friendly another planet.an example checked I requested check airline send free complimentary car I booked;no body bothered.They habitually try multitask like checking attend things able delay you.On second stay asked room (after first stay lousy room) view put one (236) glass covered film can't look looks equipment !!).The room doors vibrated everytime someone walked past corridor outside.On positive side Dhaba restaurant good beds linen terms comfort.Many nice alternative places stay.",0.1226680871212121,0.5080492424242424,Mar 7 2009
24,24,"Agree - turnaround I part trip watch stolen couple strong men tried get us sign letter saying lost Khan market. Then check-out clerk asked good experience, &quot;apart theft.&quot; Sorry, okay, even Indian standards.",0.09583333333333333,0.7083333333333334,Feb 17 2009
25,25,"Having stayed before... ...Having stayed December 2005, familiar Hotel loved service similar now, heightened security, course. As family 12 traveling together, 3 different rooms, comfortable suited rather short stay. Dinner Breakfast Pickwicks great picky-palates thoroughly pleased. We stay go back roots.",0.30833333333333335,0.5722222222222223,Jan 23 2009
26,26,"Needs turnaround - now! Facilities good service terrible. Here listing experiences well classmates Columbia Business School staying The Claridges January:1) My roommate I request total 6 times get phone replaced room2) The ran double bed rooms. Many classmates stay room king size bed cot. Not comfortable situation - offering concessions time. Let's see change mind.3) A classmate $4K watch disappear room. She requested file police report. The urged file. When finally realized file, changed report stated classmate knowingly dropped watch outside The Claridges' premises. This report rejected three times proper report filed.4) I overcharged Internet usage - man counter difficult time using calculator I demonstrating much I overcharged.5) I asked weight scale - first request ignored. I called 20 minutes later ask weight scale. The response - &quot;Oh I sending someone now.&quot; 5 minutes later, guy shows ruler. 6) Though booked conference room advance, given bar conference room overbooked rooms.7) Learned best strategy get food restaurants order three different people - way one might actually bring you.8) Once I arrived hotel, gentlemen helped bring bags room. I tipped guy 30 rupees asked would also take shoes shine (a shoe shine complimentary place). The guy refused take shoes (would even touch shoes) since shoe guy. He actually called someone take shoes, since holding shoes would beneath him.9) Room internet working I asked IT support help out. No one showed 30 minutes. I called inquire why. The response &quot;Do disturb&quot; sign door. I went outside take look, &quot;Do disturb sign&quot; inside room. It &quot;Clean My Room&quot; sign. The IT guy showed 5 minutes later, tried prove internet working. 20 minutes later, agreed internet working. No apologies The Claridges.10) A classmate ordered samosa room service. She specifically asked guy whether samosa would nuts, allergic nuts. The guy assured nuts samosas. My classmate bit samosa find cashew. She called complain panic. The management believe her, sent someone inspect samosa. They asked room service representative tell classmate would cashews inside. The guy refused admit fault said friend asking peanuts.Have many stories, I think get point...",0.10962301587301589,0.39811507936507934,Jan 18 2009
27,27,Comfortable needs updated We stayed 2nd floor non-smoking room 2 nights Dec. 2008. The room clean beds super comfortable rooms/bath obviously updated long time whereas lobby area bathrooms lobby recenlty facelift. Breakfast Pickwick's restaurant outstanding staff/service. We dinner Dhaba ( hotel) first night - excellent Indian food right amount spice. We ate hotel's outside restaurant Sevilla (mediterranean) next night fine nothing special - also bit pricey offered. Probably would stay again.,0.283968253968254,0.5154761904761904,Jan 6 2009
28,28,"Wouldn't go We booked Claridges room informed advance rooms smoking rooms. Also, first room offered overlooked massive air conditioning unit roof. The manager said could remove ashtrays spray air freshner would make non-smoking!! We ended paying upgrade disappointing start holiday.Apart that, okay. It lovely building bar restaurants pretty good, however would stay again.",0.2285714285714286,0.6976190476190476,Dec 30 2008
29,29,"Awful. Tried alternative Imperial getting litle bit itself.. wish I not. Had second floor club room, lift renovations included drilling 8pm . Room ok cream carpet filthy one area huge tv great except picture poor. The staff arrogant, service slow &quot;famous&quot; bakery shut. I would expected explanation/ apology room. Trying something sadly not.",-0.05909090909090908,0.6045454545454546,Dec 3 2008
30,30,"Mixed feelings Stayed three times October '08. Some refurbishment undertaken obtrusive people rooms around pool area ground floor. One lift use causing huge queues groups checked in. The decoration good I complaints rooms. The check process long even 7pm booking going back months, room ready. The cashier needs watched, tried double charge twice three visits room bill. The rest staff attentive without obtrusive, food good, plentiful varied. I would recommend well located caveats prepared wait room keeping close eye charged.",0.22777777777777775,0.46111111111111114,Nov 16 2008
31,31,Very comfortable seemed bit pricey Great service lovely hotel. The rooms large well decorated. The bathroom decor could freshen bit picky.I thoroughly enjoyed.Like lot Indian Hotels though. It pretty expensive. The pool area anything get excited service good around pool.The hotels retaurants good way. My favourite probably Italian restaurant.,0.3781168831168831,0.6889610389610389,Nov 14 2008
32,32,"A game two halves My experience mixed hotel, stayed two nights seperated week. Overall I would consider fine one two issues. The entrance public rooms appealling I would advise anyone avoid ground floor room possible, like reviewers dog room first night, clean smelly, sheets bed feeling decidely damp unpleasant, like sleeping puddle. The food Indian restaurant was, opinion, good worth cost informal breakfast room also acceptable varied range food, staff efficient intent providing pleasant experience. Our second room much better, airy, bright good facilities small balcony. One gripe, I asked member staff change money allocated room I asked solve meaning life.Overall though I would reccomend stop Delhi, good garden sit coffee, good location, friendly staff (in general) avoid ground floor room, change cash booked in!",0.22952898550724637,0.4800724637681159,Nov 10 2008
33,33,"Not first class I told first class hotel, certainly isn't. It might marble entrance hall, that's it. We stayed twice begiinning end holiday. The rooms tired, smelled smoke grubby. Ours even ready checked 7 o'clock night! The food pretty awful certainly would expect supposedly smart hotel.",-0.05039682539682539,0.6280423280423281,Nov 3 2008
34,34,"Definitely worth price I part group attended meeting last month. The airconditioning rooms hopeless switched automatically result room temperature either cold hot - ideal one wishes good night's sleep. The also noisy workers working night making much noise seems determined one else sleep. During meeting, power went several times back power supply seem work. But worst experience. After couple days long tiring field trips outside Delhi, came back last night find rooms ready several us asked wait guests checked after-midnight flights. We could understand happening one arrives morning 11pm, never heard of, considering one us booked weeks ahead. As affected several us, clear mistake deliberate management ploy make money renting room twice single night. So body thinking staying Claridges, warned!",-0.04946428571428572,0.336547619047619,Nov 1 2008
35,35,"Fab breakfast Lovely colonial feel. Good location within easy access sights New Delhi Old Delhi. The breakfast best anywhere stayed good choice, lots fresh fruit best soya milk. The negative bar dark dingy expensive.",0.2899766899766899,0.5575291375291376,Oct 26 2008
36,36,"A good place running We stayed Claridges Delhi first stop honeymoon trip India.When arrived hotel, noticed looked quite nice well laid class, went room. At stage appeared claridges lost former charm.The staff friendly helpful throughout stay, aspect part organised.However, rooms small wearing down. From room view inner-courtyard swimming pool, rest building appears run-down worse wear.the bathroom although well equipped neatly furbished, still small side.the outside pool area also bit small side, sat inner courtyard overlooked angles. The pool well maintained otherwise served purpose.We chance wander round rest hotel, found restaurants connected look interesting appealing, although dinner plans elsewhere one night, thus get chance try them.As breakfast, well managed nicely spread, good choice continental Indian fare.Overall obviously five-star service, building quickly running maintained.The needs refurbishment match staff's efforts.",0.11755050505050506,0.43661616161616174,Oct 7 2008
37,37,"underwhelming experience disappointing experience.... arriving change room first option stank smoke... new room leaky bathroom noisy aircon, although otherwise decent... breakfast good, although excuse clearing away 10.25, meant serving till 1030... staff generally pleasant aspired helpful, though often clueless delhi... amenities poorly staffed substandard: dirty pool, unstaffed business centre, good massage... disaster, I thought price charging lot slick...",0.032677738927738925,0.5423125485625485,Sep 21 2008
38,38,"Claridges Delhi This nothing average - quite expensive.The food good average - expensive. We ate first night 1/3 rate! The rooms clean AC quite noisy.They offer free wifi room rates charge.The gym small well equiped, sauna average, whirlpool work.",0.09291666666666666,0.5443333333333334,Sep 6 2008
39,39,"No carpets please A little background first: My husband working India. I flew join Delhi week. Thus arrived Delhi different directions different times. I arrived 2am Australia husband arrived 7pm evening via internal Indian flight.I booked Club Room twin beds. The charge including buffet breakfast two Pickwicks Restaurant &amp; taxes etc $368 Australian dollars per night. As arranged via email prior arrival, chauffeur-driven car waiting name sign airport. This service costs AU$56 one way.The check-in service 3am well managed took place room rather front counter. A hostess showed room first floor looked exactly website. However photos provide smell. As I stepped room overpowering musty damp carpet smell. I informed I would able stay room smell. We tried open window possible. Another room - across hall - immediately offered replacement remainder night. This room also carpet lingering musty smell opening glass door onto landing overlooking pool possible get fresh air. I believe Claridges Room.As room king sized bed instead twin beds I informed would suitable husband arrived. They assured another Club Room would available morning. When I followed housemaid service morning - Club Room 2nd Floor offered me. This room marble floors - musty smell all. It fresh, clean spacious. Also, bathroom Club Room larger Claridges room. It separate bath shower large vanity. Whereas Claridges room shower bath bathroom large enough one person time.Breakfast Pickwicks Restaurant everything expect western buffet breakfast. Fresh &amp; tinned fruit, French yoghurts, cereal, cook toast, pastries, breakfast cakes, eggs cooked order, bacon, sausages, tomatoes, mushrooms also Indian breakfast. Staff eager please attentive even provided us container pastries &amp; cakes advised driving Agra day.Note: It takes 5 hours drive Agra Delhi.There good Bakery hotel. The prices little cheaper Australia pricey Indian standards. However quality excellent ideal want light snack room instead full meal lunch dinner. Mini bar items overpriced like every hotel. Although bottled water probably extreme. I think worked AU $5 1 litre bottle. You buy cold roadside stall less 40 cents. (15 INR).However 3 x 500ml bottles water included daily room rate. One bathroom brush teeth 2 complimentary tea/coffee items.The staff Claridges polite efficient I help feeling always waiting tip. Being Australian I accustomed tipping badly. I feel uncomfortable someone hangs around like bad smell waiting tip. I also felt job warrant tip (but perhaps Australian attitude)The housekeeping facilities good, sheets &amp; towels changed daily toilettries replenished. The issue I quality towels. I must admit towel fettish here, may discount comments fettish. The towels Claridges spec. While soft, particularly absorbent left slightly damp feeling using them.We use evening turn-down service 6-6.30pm either shower getting dressed dinner want staff room time.The internet speed Business Centre (3 computers dodgy printer shabby basement room) slow. It possible attach photos word documents emails. The system would crash trying upload. Short emails possible. This pay per hour service.So overall: A beautiful, clean, well maintained hotel. The &quot;look&quot; opulent. Staff polite &amp; efficient long request within past experience. The negatives poor Internet facilities towels.",0.10189754689754689,0.4989213564213565,Aug 4 2008
40,40,"Very nice nice area I nice stay hotel. The room nicely decorated nice ammenities. There modern-clublike bar. I ate two restaurants....the cafe several meals, spanish restaurant nice outdoor atmosphere. The food good both. The arranged excellant driver. The pool area pleasant good service.....I complaints would hesitate stay again.",0.5394444444444445,0.7055555555555556,Jun 1 2008
41,41,"Mixed feelings We Great Rail Journey Palace Wheels trip stayed 3 times 3 different rooms. First room ground floor (2 nights) doors garden pool area. Lovely room. Bed hard! Noisy night due tiled marble corridor lots people moving about. Nice amenities - robes, slippers, etc. Second room nights later (1 night) awful. Stained carpet, No window!!! When I opened curtain blanked window. Good job one night. Would put more. Third room last night holiday much better. Several people group similar experience, rooms windows blanked out. The pool area nice 8 sunbeds there. Not enough. The looking little 'tired' places. There number areas needed smartening up. However, staff lovely service great overall. Food good. Try pancakes breakfast!",0.15236350574712645,0.5079022988505747,May 8 2008
42,42,"Excellent combine business pleasure Very friendly efficient service throughout three day stay. Staff discrete, personal help feel welcome. Attentive every need - Senate club relaxing - genuine stress buster. Large bright comfortable room. Pickwicks restaurant good value become crowded. Very European feel place airconditioning definitely efficient. If travelling heat summer place good.",0.4286989795918368,0.5913265306122449,May 2 2008
43,43,"Just right arriving India We arrived India went straight - luxurious, beautiful felt nice safe, need arriving foreign quite scary city. It stuff grew expect - tip everyone telephone sometimes work things expect work like shower button bit dodgy - hey - actually best Indian hotels terms comfort facilities. I went used beauty parlour head massage cheap good. We ate one onsite restaurants first night - big mistake expensive wern't business people eating company account tourists saving pennies stuff. We actually stayed twice Claridges second time upgraded us suite whcih sumptuous breakfast special separate suite-people-only place (no riff raff - fitted right imagine!) room service terrific - much cheaper restuarants fantastic food beautifully presented. I would happily go again!",0.2866666666666667,0.5698412698412698,Apr 19 2008
44,44,Best part two weeks India We given Claridge package tour. The lodging highlight trip thanks hospitality facilities. We loved food Senate Club made friends staff there. Everybody reception first-class. We loved room hesitate recommend Claridge.,0.6499999999999999,0.525,Mar 22 2008
45,45,"Oasis away hectic Delhi We stayed 3 hotels one far best one ! It felt like real oasis coming busy Delhi.Not cheap, know, worth !The restaurants good (Sevilla bit pricy location makes it) enjoyed cooling Claridges hectic days Delhi. Minus point : taxis. Drivers reliable tend cheat customers. But yes, that's common Delhi. But luckily found company drivers &quot;safe&quot; hassle us all. So &quot;safe&quot; taxirides felt lot ease.",0.264484126984127,0.49587301587301585,Mar 7 2008
46,46,"excellent first night india This ideal first night triangle tour spent 2 days could fault rooms service food.Room service efficient staff pleasant. We spent last night tour club delux rooms fantastic breakfast served private dining room quiet relaxing hotels would well copy idea. The disappointment lack indoor pool games room, well done Claridges good value .",0.2330208333333333,0.5197916666666667,Mar 6 2008
47,47,"excellent value money. This excellent value money. The room large large balcony, complete table &amp; chairs overlooking side street. The colonial feel staff friendly &amp; helpful. There large lawned area front guests sit tables sipping tea &amp; watching comings &amp; goings guests! The little way amenities within near walking distance taxis quickly summoned doorman.",0.29742965367965374,0.5535714285714286,Feb 21 2008
48,48,"Great I stayed colleague beginning end trip India. I'm sure I could really find fault hotel. The staff friendly efficient, rooms clean well stocked little luxuries, food good too. It's quite close centre Delhi Imperial quite grand, I'd happily stay again.",0.37935185185185183,0.705432098765432,Feb 13 2008
49,49,Loved We 2 rooms booked happy both. Family 5. The decor excellent lot attention details given rooms.Staff attentive polite.Will going back next time Dehli.,0.5166666666666667,0.6166666666666666,Jan 23 2008
50,50,"We going back! We expats travel one part India Delhi regularly. We bring little girl travels Delhi accommodation close home comfort well feeling spoilt. The Claridges gives us both. We always liked boutique hotels matter around world. The staff amazing - polite, accommodating -in-your-face. The whole pleasant. We enjoy taking little girl walk around pool gardens, every I feel like I living mansion. We love marquee front lawn - sit around enjoy lovely Delhi. The location really central enjoy accessible many sites.",0.33518518518518525,0.5251068376068376,Jan 14 2008
51,51,"Not bad best We (two couples) stayed last night two week tour (basically &quot;golden triangle&quot;). The peaceful , green low density part New Delhi - fairly central. The check pleasant efficient room much larger expected well equipped (TV, mini bar, bathroom) surprisingly empty furniture (bed, two chairs I think it). And, yes, &quot;cat's urine&quot; smell contend room (probably ammonia-based cleaning product). I experienced (in Puerto Rico) smell went hours, great. We sat around pool enclosed courtyard rather disappointed time took tea ordered arrive somewhat surly refusal serve beer &quot;outdoors&quot; (neither pool side front lawn). This stark contrast The Park mile away stayed start holiday. There pool side service rapid, pleasant without restriction. It seems Claridges subject local bye-law - The Park bothered, they? On plus side, highlight us Dharba, mock-up truck drivers' road-side restaurant, excellent food, friendly (and humorous) staff reasonable prices. It packed first night almost full next - book! The comparison appalling Bukhara restaurant (at Sheraton) foolishly went two weeks previously extraordinary. At Dharba paid something like 25% Bukhara's outrageous bill, better food, much efficient friendly service even got knife fork (fingers rule Bukhara!) We linger check - 11 pm - flight home early hours. The kindly allowed us stay rooms till 2.30 pm without charge (we went sight-seeing again). They also arranged two good modern cars take us airport; without charging excessively. So, all, quite good The Park bad experience - Dharba takes beating!",0.21806465821000698,0.5624312896405921,Dec 30 2007
52,52,"Beats Le Meridien hands down! We meant starting ending honeymoon India Le Meridien-New Delhi stay The Claridges first couple nights instead. We loved straight away realise spoilt would ended Le Meridien ten days later.The service The Claridges simply sensational food. The staff surly Le Meridien friendly professional. When looking beauty parlour, wife taken restaurant manager (of Jade Garden, I found excellent spite liking Chinese food) way side - middle dinner service. We also best cocktails ever bar, entertained thoroughly nice friendly barman. My wife said &quot;Sip Swing&quot; cocktail best ever I must admit I thought too. He even went trouble arrange table us one busy restaurants forgotten beforehand.The food far superior anything Le Meridien - Dhaba brilliant, especially compared Pakwan restaurant latter also staff nice busy night, food world. I also recommend Dal Makhani Pickwicks restaurant.All-in-all, wish could stayed longer definitely Le Meridien. The service disgusting give 1930s-style elegance far superior service The Claridges really trendy ultimately nothingness Le Meridien anytime!",0.28388888888888875,0.5871732026143791,Dec 20 2007
53,53,"An Oasis Hectic Delhi Claridges Hotel standout recent trip Delhi. The beautiful residential area New Delhi modern recalls glory days British Empire. Definitely perfect location Agatha Christie mystery. This small large garden seems overstaffed, service excellent. Donât surprised many staff know name. The tour desk contacted email prior arriving travel/touring arrangements made duration stay. Our budget room, booked Asiarooms.com, well-decorated size good-sized shipâs cabin. However, rooms quite large. There several restaurants, time energy eat grill breakfast dinner, ala carte buffet. Free wireless internet available rooms throughout hotel.In around Delhi, pace quite hectic long day refreshing find calm restful atmosphere Claridges. This proved excellent choice price, comfort amenities.",0.2904515938606848,0.5630312868949233,Nov 30 2007
54,54,"great stay We spent first two nights 21 day India trip. We booked superior room, upgraded suite, although I pretty sure fully booked. This great service, much appreciated.",0.42500000000000004,0.6027777777777777,Nov 3 2007
55,55,"Overpriced good restaurant bar After staying sub-par properties viewing downright disgusting hotels India, chose Claridges last India. The room clean comfortable, interior lovely character, could use updating outside. That said, Spanish restaurant good bar quite nice. We left paying US$400 one night, dinner drinks I would consider four star hotel. In India, apparently, good value.",0.2482051282051282,0.5151282051282051,Sep 30 2007
56,56,"Three Rooms three different stars We stayed group tour Sept. first night room fabulous, second night returned awful smelled cat urine much smaller, third final night return, small musty. I say breakfast service great. We ate Jade room final night wonderful meal. They great exchanging different currency making change.",0.14285714285714285,0.6380952380952382,Sep 27 2007
57,57,"Mismanaged needs rehab I stayed one night july. 2007 four nights august .2007. Both times, gave spacious rooms, 111 008, American second floor first floor. The first time, went late. The room much OK., next morning showering, bath room was, large though, overflowed water shower, handheld spray tub. It awful. The problem persisted 008. I drew attention management. They minor fixing like two bath curtains, loosened diverter, etc. But problem persisted last day, took meager wash. Room 008 next parking lot could open drapes throughout protect privacy. There two half inch size flying insects one night. 111 fruit basket, 008 none. The tendency bill high. The taxi four times expensive local taxi. Forget laundry, price higher prices USA.. Special restaurants like Sevilla attractive pricey reason. The one ate coffee shop, Pickwick, canaloni consistent white sauce red sauce, bad. If go Claridge, ask Sankar rooms, 111 (and 008) similar rooms. At least spacious next parking lots hopefully overflowing bathrooms.. The intended Americans know forty rupees dollar. Siva Sankar, (fifty four year US citizen US gold coast Nassau county, NY)",-0.019685099846390174,0.3800537634408603,Sep 6 2007
58,58,A pleasant 6 us traveled India January. Our first Claridges. Our room pleasant location worked well us. The highlight restaurant Dhaba. And bakery quite good well.,0.7141666666666666,0.7333333333333333,Sep 4 2007
59,59,Oh dear! Not going back. Having wonderful spoiling holiday round India sad end two nights. We arrived late one room OK one smelt terrible suite promised. After long time offered change - like similar reviewer another ground floor room near booming DJ marble passage. None Indian charm service given elsewhere visible. Not good place start end holiday.,-0.09465811965811967,0.5356837606837608,Jun 7 2007
60,60,"Food poisoning plus problems. Buyer beware! To begin with...a number problems reviewers already noted:- swimming pool sorrounding area seem updated since 1950s, thereabouts- I initially given room looked wall feet away, despite prior assurances via email internet booking mean getting leftover rooms one else wanted.- room rate high relative quality amenities, inferior similarly priced hotels offer Asia (e.g Four Seasons). And make matters worse, tax charged rack rate, actual room rate I paying (this explained government policy, may be).Now important stuff...The main problem food. On day three evening I struck acute nausea, vomiting, diarrhoea, stomach cramps, profuse sweating followed cold shivers. Please note I eaten anywhere outside since I arrived UK, could food. I say worst food poisoning I ever had, I could lift head knees half hour worst phase diarrhoea. (I travelled extensively Africa Asia, stomach plenty experiences compare to). With effort I able call friend, doctor (2 calls needed arrived) get medicine treat problem. Although worst around midnight, cramps continued night whatever worked way system. Two days later, checking (I ate yogurt bananas rest time I there) I press management forcefully (but politely) publicly, lobby, persuade reduce charges compensation painful experience. And I asked email let know steps since taken make sure visitors go experience future. They said already investigating causes, promised would email resolved cause problem. But far, three weeks later, I yet hear word them. I writing them, remind promise",-0.047693732193732186,0.4760840455840456,May 13 2007
61,61,"Did like hotel! Did enjoy stay hotel! It started checking in: Internet booking clearly stated writing rate room per day 149:- USD per day, tried charge 300:- USD per day! The pool attractive could been; art deco type rooms might fashionable Delhi, style looking staying hotel. All together: impossible place stay, definitely place I would stay again!",0.20166666666666666,0.6766666666666666,May 10 2007
62,62,"GREAT PLACE TO STAY Am glad decided stay safe, central good respects.the service amongst best experienced, staff polite helpful - nothing much. Their new restaurant, Saveilla, die for. food world (book well advance). partty refurbished, dollars well worth great features.The breakfast senate (only new club rooms) superlative. We 5 days really enjoyed it.",0.41704545454545455,0.5349431818181817,Apr 22 2007
63,63,"A nightclub Any review New Delhi prefaced caveat &quot;India Rising&quot; prompted flood business visitors Indian capital world. As result, comes quality rooms seller's market. Thus visitors illusions $500/night room get value find Four Seasons, Shangri-La top tier Asian facility.When comes The Claridges potential lodgers aware recently sold (locals tell family sold feuding place allowed deteriorate). However, new owners still long way go get place acceptable standards. When making reservation I specifically asked located near ground floor Aqua vodka bar infamous blaring house music wee hours. You guessed -- I booked onto ground floor half way corridor. The floor hallway marble corridor arched, thus forming wonderful acoustic amplifier. If friend want hold conversation opposite ends hallway, problem. If past midnight trying sleep ahead important morning business meeting miserable. The bass music clearly heard inebriated patrons outside door Aqua lobby audible inside room. Yes, I complain several times, little avail. Bluntly, owners need decide want run hip nightclub acceptable hotel. Those also find internet connection priority disappointed. The offers pay-as-you-go wi-fi service unreliable. The also charges extortionist 875 rupees per day 24-hour-long connection. That's nearly $20! I think I've ever paid much world certainly beyond pale India sporadic connectibility. An alternative hunt staff member log one three computers business center also charge you. Other concerns: key card door seemed de-magnetize every couple days so. Cigarette smoke undesirable odors room adjacent mine wafted vents. The toilet paper dispenser situated behind toilet lid meaning tricky maneuvers comfortably carry operations. Stained carpet room. Towels bedsheets smelled smoke stains. The morning tea breakfast buffet tastes like coffee (pots obviously interchangeable, ask pot hot water tea bags instead). After several days here, I remarked colleagues staying The Claridges part-time job itself. On positive side: food good restaurants. Wait staff polite efficient except infrequent glitch orders. There's Sunday brunch served front lawn. Aqua best selection vodkas New Delhi able enjoy DJ arrives blasts bar. The centrally located. I previously stayed nearby Taj Ambassador lower rate (not sure that's case longer) would recommend The Claridges. Unless hostage part tour package secure room elsewhere besides ground floor, definitely desire give place pass costs, especially rates quoting days.",0.0625825134461498,0.4589791420700513,Feb 21 2007
64,64,great experiance checked mid october 3 nights must say quite good experiance.The staff really nice helpful.the rooms excellent much beter rooms Taj Oberoi. I guess since renovation done rooms done fabulous job. I celebrated birthday along wife heotel must say without giving hints organised excellent dinner us bottle wine along staff general manager's compliments. Recommend visit atleat once.,0.4636363636363636,0.6636363636363637,Nov 9 2006
65,65,"best avoid - go Oberoi instead My husband I would recommend Claridges hotel. We stayed 3 nights (because got good deal), worth it. The front desk staff try scam upgrading room paying luxury tax (12.5%). They overcharged us checked lying saying rack rate changed whole last night. It extremely unprofessional frustrating.Other negatives: breakfast good, pool dirty chlorinated (we really disappointed able swim), gym small. We needed call particular cab company kept trying make us take one taxis based hotel.Some positives: room large clean, Jade restaurant lovely.If decide stay The Claridges, please prepared put fight expect taken advantage of. We spent last two nights Delhi Oberoi Hotel (on golf course) even though cost bit more, totally superior class. Everything front absolutely perfect. We highly recommend booking instead!",0.23032879818594104,0.5161337868480725,Sep 23 2006
66,66,"Claridges - staff excellent treat like Viscount Stayed The Claridges 4 days. Excellent every way; attentive friendly staff, scrupulously clean, excellent restaurant choices (Italian, Indian, Chinese ), trendy Vodka Bar ( especially Wednesday Friday). Taxi service inexpensive prompt, notwithstanding infamous Delhi traffic. UN personnel guests brought added security checks, home home future trips.",0.3534722222222222,0.6770833333333334,Sep 15 2006
67,67,"What disappointment Visiting India last week-we chose stay first 2 days-and final day The Claridges Hotel New Delhi-primarily due location central ability provide 3 seperate beds room. Although room small -for first 2 days-it adequate-and told upon departure could repeat set tour.. Upon arriving back long tiring journey Agra-we informed club room available-at much higher rate. We tired choice accept this. Now read following: Blood bedsheets, shower leaked badly bathroom use 6 towels cover floor slip (which promised replace didn't), mould damp walls-and extra bed turned 11.30pm form badly damaged dirty matress thrown onto floor 2 rude staff members. Other highlights stay 3 seperate occasions shortchanged lobby staff changing currencies (not pounds either), completely wrong breakfast delivered, damaged garden furniture nails sticking ripped friends trousers, rancid butter...oh wonderful 5 star experience. If pay get-we seriously overcharged. I stayed modest guest houses poorest parts Sri Lanka delighted atmosphere, cleanliness, honesty hospitality places-to I shall recommend others return myself....as The Claridges advice simple: Avoid it-I shall!!",-0.08167748917748918,0.5116079158936302,Sep 5 2006
68,68,"Good Hotel let pool area Spent 2 nights completed 6 day tour round area. The service staff best whole 3 week holiday.Other reviews mentioned rooms renovations taking place. The rooms good, whole lot, 8 face pool area. I think tourists wanted unwind around pool spent previous days rushing round Rajastan. This part 5 star really needs sorting out. Having said that, I got impression that's lots guests business people Indian families, gathering around pool important themTry use phone room either. I spotted fraudulent transaction account phone bank straight away. I charged Â£77 24 minute phone call. So need phone home, get phone card!!",0.18601851851851853,0.42370370370370375,Aug 25 2006
69,69,World Class I recently spent several nights Claridges. The service extraordinary every employee friendly eager helpful. The -- recently renovated -- gorgeous location great. Our meals restaurant hotels first class got great rate internet. Highly recommended!,0.3358333333333333,0.5123333333333334,Jul 30 2006
70,70,"Great value money! The Claridges change hotels region. The rooms large, cellings high amenities morden enjoyable thing natural light!!! We stayed 4 days, whilst busy business, wife made staying heart Delhi. The staff friendly helpful.",0.4300487012987013,0.5198701298701298,May 9 2006
71,71,"Terrible!!!!!!! Although 75% refurbished nice indeed like stuck 25% not, expect pay $225 large room stained carpets, sofa walls; bathroom cracked tiles bath; half eaten trays food left ripped carpeted corridor floor leading room noisy air conditioner. On plus side, make nice ice-cream coffee coffee shop. I appreciate half way updating continue place people rooms call 3-star joke!",0.0749107142857143,0.5077380952380952,Apr 19 2006
72,72,"Not scratch rating We expect Claridges standard Imperial wrong. The still undergoing renovation work found awake night listening furniture equipment dragged around room ours, despite repeated calls reception 1am visit effectual duty manager, first denied work going on, nearly overcome paint fumes!The themed restaurant suposed resemble roadhouse. The food bland atmosphere phoney. Our bedroom ok curtain hanging bathroom small. One avoid!!",0.1158564814814815,0.44074074074074077,Mar 29 2006
73,73,"Poor poor! The reception manager really rude too! I re-read reviews - case I misjudging unfairly. But no. My view, shared many seems, hardly 3 star. The main reception smartly redeveloped, rooms (which afterall important, really want comfortable, clean secure facility sleeping) supported helpful staff decent food too.But reality Claridges poor quality furniture - hot water ever! Cramped small rooms overpriced restaurant bleak lacking charm.However, really differentiates really appalling response management serious problem - regrettably did. When returned lovely dinner Imperial (not expensive people would believe - fab food/setting too) - shocked find medicaton removed bedroom Claridges. I called front desk asked whether someone could possibly accidentally removed error. The front desk / duty manager disinterested suggested might lost tablets ourselves. We rechecked rechecked could tell medicines removed (stolen, precise). This serious accusation make, one I make lightly.I asked speak manager - nearly two hours later still done anything try address problem. They refused get manager. The duty manager hostile aggressive.I asked police phone number I wished report police. He refused. I asked several times eventually managed get phone number proceeded report theft personally.The police arrived helpful. I told similar problems hotel, although could confirm myself. It insistence Police Chief agreed conduct invesitgation arrange tablets replaced.Three hours later (now middle night) phoned room (and woke up) tell I could come front desk collect replacement tablets. Unbelieveable.Still unbelieveable I went front desk - find got wrong medication.I ended stay several days early - checked next morning - part theft - mainly attitude Duty Manager.I like thank police friendly, helpful reassuring times. The management however viewed great suspicion. I would recommend hotel.",-0.01212797619047618,0.5613906926406925,Mar 28 2006
74,74,"Okay weary travellors Although I underwhelmed 70s facade dreary designer-imitation lobby, room spacious bed absolutely comfortable highlight. Our room pool garden view. We looked onto parking lot. But make it, 2 super size plasma televisions. I guess cheered us bit. There bad smell room. My boyfriend thought teak floors - maybe polish something? It pretty nasty.The bathroom marble. Okay except bath, hot water never ran hot even warm, despite many demands. The restaurant Corbett's kind fun delicious. I enjoy that. But breakfast restaurant adequate. Overall, Delhi's greatest place anyway. If gotten 20 hour flight North America want somewhere get jetlag two nights, okay choice.",0.3998148148148148,0.6414814814814814,Mar 22 2006
75,75,"right impressed mmm Claridges...delusions grandeur/identitiy crisis. NOthing special compared many top Indian hotels. Looking tatty areas. If renovations fine, there's signage indicate this. Over jealous staff lining that's normal I think!Had move rooms despite promotional material stating guest rooms garden pool view case. The solution clean marble floor stinks pretty bad nasty lingering latrine smell. I also hear taps running toilets flushing air con system.maybe I've spoilt hotels..!",-0.018218537414965968,0.6338435374149659,Mar 14 2006
76,76,"Nice problems I spent 3 days Claridges late Feb/early March '06. It's older undergoing renovation. I renovated room complete plasma TV electronically controlled lighting drapes. The bathroom nice marble shower, entire room showed nicely. While showed nicely, everything worked properly. Channels TV switched manually, I think one could figure program remote. The shower door leaked water flowed freely onto floor. The air conditioning vent wide slots flies constantly came through. Lastly, use ghastly cleaning fluid marble floors leaves terrible odor.The several restaurants good, especially chinese. Service prompt friendly. Like nice hotels India, staff tries almost little hard, constantly saying thank-you. There nice lawn umbrella tables front. Great place cigar drink time year. If odor, I'd give third star.",0.09375,0.5133854166666667,Mar 9 2006
77,77,Claridges subpar price,0.2,0.3,Mar 3 2006
78,78,surprised quality accommodation,0.1,0.9,Feb 26 2006
79,79,Great hakka style food!,1.0,0.75,Jan 27 2006
80,80,Beyond raj,0.0,0.0,Jan 19 2006
81,81,"Very ""Colonial""",0.2,0.3,Dec 31 2005
82,82,Too expensive get,-0.5,0.7,Nov 14 2005
83,83,Nice Delhi Hotel Without Going 5-star,0.6,1.0,Oct 12 2005
84,84,Good nice neighborhood,0.6499999999999999,0.8,Sep 15 2005
85,85,Colonial,0.0,0.0,Jul 19 2005
86,86,Nice stay plan visit US Consulate,0.6,1.0,Jul 13 2005
87,87,que de bruit,0.0,0.0,Nov 9 2009
88,88,Luxus pur!!!!,0.0,0.0,Oct 31 2009
89,89,Pas le meilleur de sa categorie mais bien situÃ© et service efficace,0.0,0.0,Oct 15 2009
90,90,Ausgezeichnetes Hotel,0.0,0.0,Aug 27 2009
91,91,impeccable,0.75,0.75,Aug 23 2009
92,92,Ã©pouvantable !!!!,0.0,0.0,Aug 23 2009
93,93,Buen en una zona tranquila,0.0,0.0,Aug 18 2008
94,94,Un disastro,0.0,0.0,Aug 16 2006
