,Unnamed: 0,Reviews,polarity,subject,Dates_extracted
0,0,"complaints It perfect. nice room, cheap price, especially staffs. definitely stay Hotel Prince International again.",0.3333333333333333,0.7000000000000001,Oct 24 2009
1,1,"Don't bother! Decided try place reading two previous positive reviews I suspicious origin experience great. Our lift (arranged hotel) came airport 1.00am. No prob got taxi dark people sleeping reception area arrival one snoring loudly back room(so much I thought digging road up). That ok went room smelt like sewer right next noisy lift shaft kept going night. Our bed damp Feb great cold. After 6 hours room wait leave 8.00am went reception, still staff asleep reception area picked way outside dead rickshaws anywhere. Nobody moves around 10am. Someone came told us come back call us taxi train station needed book tickets get Delhi asap. After half hour wasting time finally man arrives turns travel agent, spent next 2 hours trying terrorise us hiring driver $800US 4 days! He took us back entrance train station make look bad possible, (we later found front entrance fine) convinced us would better booking tickets (just lure get office hardsell starts!). When finally realised done decided leave proceeded try intimidate us 2 women using rickshaws etc etc. We left bit hassle rickshaw drivers got take us wanted go eventually got train station 12pm! Got tickets 10 minutes went straight back checked moved near train station. This great location advertised, totally dead really Karol Bargh gives bad impression Karol Bargh area. Wouldn't like chances need get Train station early morning. You mercy arrive careful. The night staff pleasant woke nobody rude us tried take advantage us room rubbish would recommend 900rupees including tax, 500 would fairer price compared found. Especially get room smell dry near lift.",-0.005656393870679571,0.4572235965093108,Mar 8 2009
2,2,"Truly great place Comfortable, well priced, clean. Nice staff, good internet connection. They even pickup airport. Would stay again.",0.5953333333333333,0.812,Jan 24 2009
3,3,"A Real Bargain Delhi This first time India I really know quite expect. When taxi pulled front 3:00 I exhausted little unsure myself. As soon I stepped inside lobby, staff's attitudes immediately put ease. While close Karol Bagh Market, surprisingly quiet close several nice restaurants like Alpha Spice, Raffles (great thali) Crossroads 5 minutes away Metro station.. My room clean hot cold running water. Room service quick food basic good. All I would heartily recommend Hotel Prince International",0.1840277777777778,0.4912037037037037,Jan 23 2009
