,Unnamed: 0,Reviews,polarity,subject,Dates_extracted
0,0,"Awful Yes cheap, yes close station, awful. illusions getting much money - expecting amazing place price wish paid little stayed somewhere better. The room horrible, bathroom filthy - wash there, arrived find cigarette butts toilet, sheets dirty, We also saw several cockroaches (although isnt exactlyt unusual Delhi) tipping point came could hear buzzing room though electricity fan, turning afew times stumped could be; went go back sleep picked pillow reveal 2 huge cockroaches underneath it. WRANK.",-0.11380208333333332,0.6250000000000001,Nov 9 2009
1,1,"Disgusting... Dirty bathroom, fan loud cant sleep, dirty bed-clothes. We paid pick airport driver didnt want show us without big tip.",-0.42000000000000004,0.7000000000000001,Nov 2 2009
2,2,"hot hot hot Hotel Namaskar 2 pluses: first - really cheap (480 rupees per room four people)second - great locationThe way terriblle. Was really hot, fans enough, room didnt windows, bathrooms owful. People ok. Next time New DElhi choose sth different.",0.2277972027972028,0.5856060606060606,Sep 29 2009
3,3,"Budget stay Namaskar The airport pickup worked perfectly price quite expensive 700Rps (and driver wanted big tip)The rooms budget, hot water, accordingly perfectly clean rooms.The biggest issue extremely loud A/C, loud lawnmower.The staff friendly stay booked 3 nights.The location ideal, get pay (budget rooms budget price).",0.18518518518518517,0.7166666666666667,Jul 25 2009
4,4,"friendly staff hot water bed need? I stayed Hotel Namaskar I first arrived India 25th January. I arranged airport pickup, waiting promised airport. The journey hair-raising say least, first experience Indian driving!On arriving bazaar, car park bit away due road dug up, driver carried bags me. I double room, clean reasonably comfortable 300 rupees night. The toilet worked hot water supplied boiler outside room, also worked. The staff friendly, young Nepalese boys great, counter staff could helpful. The owner little intimidating, get used actually quite nice. They searched online found great flight price return Goa. I stayed three nights setting travels around India. I returned one night flying back Goa, prior flying home next day. Unfortunately booking missed, find room, quite good first adequate one night. Overall I felt safe here, good introduction India, I stayed hotels cost far provided less places!",0.21024305555555556,0.44930555555555557,Mar 11 2009
5,5,"For Rs300 get Good location close New Delhi train station, friendly staff, 1 hot shower available ask, basic rooms, bit run down. Personally I would pay extra Rs150 room private bathroom, hot showers, new, clean &amp; comfortable Hotel Gush Rak International (neighbours).",0.19058922558922559,0.4556986531986532,Mar 8 2009
6,6,"Hotel Namaskar - No Thanks I recently booked room Namaskar arrived around 7 am. By time I arrived hotel, door locked. The rickshaw operator knocked door told booked. I waited around minutes called standing outside door. After wasting 5 minutes phone looking guy I talking to, finally let door.Even though I booked room online got confirmation email, I told room would available noon. Around 10 am, owner came let room 2 hours early. He said usual charge early check 1/2 I quoted guys I came in. Once entering room, look clean (I took 400 rupee room). The bathroom fairly small toilet looked dirty. The bed look like sheets clean either. Luckily, I took advise another traveler brought sheet cover bed sleep on.I stayed another night moved smaller room (300 rupees). The second room dirtier first. The sheets changed room cleaned since last guest left. Upon entry room, sheets covering mattress blood stains them. There empty package lingerie bed. The bathroom lot smaller first one one even hot water it. To get hot water, take bucket hall bring back room.As far room cheap, really. Yes, get room cheap 300 rupees. But, clean, nothing rooms bed bathroom (no tv, nothing). Also, international flights usually arrive late early morning. You pay room noon noon. If get larger room water heater (no ac), pay 400 rupees room noon. Of course, leave noon, pay another 400 rupees stay overnight. Thats 800 rupees pretty much 1 day hotel. For 800 rupees, find much better place.The staff friendly, crooked sort way. When I asked good restaurant area, I told would get food deliver room. I gave 102 rupees food. When returned, provide change receipt. When I asked cost, I told &quot;It's ok&quot; left.They proud recommended Lonely Planet. I shown copy Lonely Planet recommendation author stay book tours Namaskar. They take rather large commission booking tours. The cost 33% higher cost driver normally charges. While road, driver stopped local shops I could shopping. Of course, shops would earn commission I bought something prices grossly inflated. 2 shops I even ask stop even make slightest inclination I interested purchasing type goods sold there. He stopped said part tour.The offers keep luggage go trip. I would recommend this. While leaving, I handed someone else's bag. If I dishonest person, I could walked away somebody's luggage.I stayed Hotel Namaskar reading reviews website claimed good deal clean. If want clean place reasonable rate, look elsewhere.",0.1107976863061609,0.46803605057842346,Feb 14 2009
7,7,"Very cheap heart Paharganj We booked price reccomendation guidebooks. The area Paharganj best Delhi, want anything remotely fancy stay here. The looked like one many area, packed, hassle stay all.The room clean enough big, weird cables hanging wall, nice toilet warm wather.They arrange pick-up airport, saves lots hassle used india-taxi way life.Also, organise tours around Delhi Rajastan, though take fairly big commission chance, would best booking straight driver.Our stay memorable, served perfectly purpose cheap place sleep Delhi.",0.21422322775263952,0.5276923076923077,Mar 14 2008
8,8,"Very cheap get pay Found Lonely Planet, one places responsive email inquiry. Their airport pick-up service on-time waiting me, I feel safe minivan drove, old, poor shock absorbers, seatbelt. At one point car hit speedbump fast I flung forward, knocking front passenger seat place. The reception staff friendly helpful, always bit eager book tours you.The located Paharganj, alley main market street. This active, loud, dusty area, public urinal entrance alley. It walking distance metro (Rama Krishna Ashram Marg station), one metro stop away Connaught Place.My room &quot;double&quot; room spartan, two twin beds pushed together enough space walk around it, small table corner. Walls pink, warned Lonely Planet. The windows blacked out, I could hear street noise heavily polluted street air made way room. There also ceiling fan a/c. The bathroom small, separation shower toilet (this standard hotels India). No hot showers, hot water room - provide large bucket retrieve hot water tap hall. Also, available electrical outlet room taped onto wall.The room appeared clean enough, hotels India, room get serviced daily. Bathroom looked kind disgusting lot water stains water damagede door. Toilet paper provided. The sheets clean, threadbare others, stubborn stains cigarette burns. I stayed 4 nights got sick poor air quality (this clearly evident blow nose end day). Essentially, get pay for. Many locals avoid Paharganj area even chaotic endure, lots shops, tourists, internet cafes, cheap eateries. As tourist, also expect get used hassled lot.",0.04924258109040718,0.5101621808143547,Jan 8 2008
9,9,"Friends This recommended Lonely Planet. The problem accomodation recommended Lonely Planet tend booked popular. This Hotel Namaskar first top budget list, called make reservation two days reach Delhi. The person takes call said rooms alway available come stay time.When reach Delhi, went straight made reservation I saw name reservation book too. Then man counter ask man show room me. At point time, I realised something wrong, man took even known me. I realised later want stay full. So order loose chance earning little income, owner without even telling us happen took us nearby probably give commission &quot;defer&quot; customer hotel.",0.09128605769230767,0.48609775641025643,Sep 25 2006
10,10,"Basic Bazaar Basic Main Bazaar area. Rooms cheap, relatively clean basic. The staff especially two brothers extremely helpful arrange tours reasonable prices Delhi wider India. It main attraction.Up small alley main bazaar pass open urinal start alley. The location faint hearted pitched noise squalour Old Dehli doorstep although personal safety never issue.",0.046979166666666676,0.49953125000000004,Mar 24 2006
11,11,"cheap clean noisy I spent 3 nights Namaskar hotel. The people take airport, even night, 400 rupies (8 euros). They book taxi you, many things. They keep luggage (even computer) weeks come back. It really near main bazar street.We spent 2 nights room 2oo rupies (4 euros) 2 people. Their much noise (because fan corridor), much light night, problems water (there water one hour maybe). The room clean.We spent another night 450 rupies room (9 euros). It really bigger, 2 bathrooms, much noise light. However, I know possible better hotels less 600 rupies night Delhi, many hotels &quot;expensve&quot; (for India) bad quality.If want sleep better phone book nights want come Delhi. If arrive airport better ask send taxi avoid lot problems first day !!!!(a french tourist)",0.13853916266025643,0.39519230769230773,Feb 26 2006
12,12,Quelle dÃ©ception!,0.0,0.0,Feb 15 2009
13,13,Super Service- gute Adresse,0.3333333333333333,0.6666666666666666,Nov 20 2008
14,14,Loin d'Ãªtre acceuillant,0.0,0.0,Oct 3 2008
15,15,Bof bof,0.0,0.0,Jun 3 2008
