,Unnamed: 0,Reviews,polarity,subject,Dates_extracted
0,0,"Slumps better rooms this. The pen ultimate disaster. Want know happens 2012, come hotel. Staff rude making snide remarks checking in. Down right insulting us face. When giving platinum credit card, staff accused trying pass debit card. Carpet threadbare. Damp musky stink. As walking room, could see rooms broken windows open broken doors. Air con working room. Staff promised help us look never came. We must talking ghost hotel's past. everybody wants tip even asked repair broken fixtures room. Ultimate insult I locked inside room cheapskate lock installed door failed, TWICE. Had emergency fire I'd dead. When asked change room, one rude man asked menacingly wanted change room. After changing room insistence, gall try cop tip me. Worst I ever stayed in, pay enough come back here. The one bright spark 46 inch LCD tv inside small room. The money could better spent updating fixtures broken appliances better yet, staff training. think business associate booked thinking anyone prices rooms 5 stars rate, good. Put clients want see last time. Free internet @ 2 kbps good. DO NOT COME ANYWHERE NEAR THIS DUMP, EVER.",-0.06468253968253969,0.5294146825396826,Nov 24 2009
1,1,"Sad disrepair I stayed Samrat 20 years back &amp; property fallen terrible state now. Like ITDC hotels, poorly maintained (unlike Ashok next door, flagship &amp; better maintained).The Wifi room would work &amp; I internet access (which free worked) They tried fix two days could not. The staff tried best (which expect Rs 9000 night) avail. The lot corridors oddly designed. The carpets worn &amp; corridors smelly &amp; damp. The room service slow although food bad.The staff helpful. There live discotheque basement. But overall ambience worth pay for.",0.03137373737373737,0.4479999999999999,Jun 17 2009
2,2,bad experience I stayed samrat attend conference. got good property government one good services. waiters listen. rooms get cleaned properly. courtsey amongst staff. order something room. forget would get next day. bad experience staying hotel.,-0.06999999999999995,0.5055555555555556,Jun 3 2009
3,3,"A little bit love Samrat... Ok, probably appropriate give little bit â love least kinder ambivalence Samrat. I booked Samrat business conference held Hyatt. Since I control booked I pretty bummed frightened read reviews here. And honesty, Samrat great means. But I found reviews little bit exaggerated. a) Iâve never India I canât compare anything Hyatt.b) The Samrat simply isnât universe Hyatt less half price taken account. They Hyatt nice western standards. The Samrat would Iâm sure compares Indian hotels Delhi. c) After Mumbai tragedy actually bit relief staying high profile western hotel. d) Someone told Samrat state run hotel. If so, explains lot.e) The pretty bedraggled. About best way put it. Things kind shabby run down. That said, I certainly didnât see rats room fine. f) I personally found staff warm, friendly accommodating. A examples. I asked one morning English newspaper individual literally ran get one. Without asking paper delivered room every morning sought lobby one morning make sure I getting it. I also accidentally locked valuables room safe could remember combination. The manger flash help. Everyone I ran seemed willing accommodate. Requests get cab handled quickly sense urgency. The room cleaned impeccably every day. g) Free internet incredibly fast free. h) My room refurbished fairly good shape. It wood floors nice touch huge flat screen TV I never turned on. i) In general ârefurbishedâ manner I would used to. In US would bring professional crew plow organized rehab strict methodology timescale. At Samrat appeared random crews disorganized individuals working various tasks. I saw people repairing plaster one area disappear without trace job seemingly half finished. Perhaps common. j) I thought nice buffet morning.k) Every night weddings courtyard frankly I thought kind cool.l) I try get sleep one night thumping base beat disco one night reasonably quiet. m) I traveled week tragedy Mumbai. The security Samrat seemed tight. People taking job seriously I really appreciated. If anyone Samrat reads review I hope youâll agree fair review. I would offer advice. You make great strides focusing singularly customer service. Doing everything power ensure every staff member every employee everything possibly make every guestâs visit enjoyable, safe productive one costs little money. Your staff seems understand need continue reinforce top! If youâre curious study philosophy Wynn hotels W chain. Ohâ¦ replace carpeting. Itâs really gross.",0.13499329686829686,0.5487387387387388,Jan 5 2009
4,4,samrat samrat situated chanakya puri(south ex.) ned delhi facities one lokks booking stay hotel. two famous lounges named headquarters decibels perfect place wanna shake leg days rest luxurious rooms. even rail shaped bar provides every drink think of.its perfect outstay.,0.8833333333333333,1.0,Nov 20 2008
5,5,"Worse ever seems!! I stayed Hotel Samrat 5 years ago ; awful ,remarkably, seems become much worse now. I say &quot;remarkable&quot; Delhi improved much city recent times many guest-houses like available, one inclined pay exorbitant 5-star rates. But would anyone pay good money mess Samrat. Surely, Indian Delhi tourist authorities take action.",0.11153846153846153,0.5049145299145299,Jul 12 2008
6,6,"It really good! The old currently undergoing renovation. Construction sites place. Cables hanging lose, water lines, cockroaches running around bath room....The staff unmotivated non-emotional. The rooms mostly okay. Breakfast buffet limited really pleasure. For business travellers I recommend hotel.",-5.9523809523810235e-05,0.35761904761904767,Apr 7 2008
7,7,simply !!!Worst!!! DO NOT WAISTE YOUR MONEY TO STAY THERE.DIRTY - I'm really sorry make picture... You'd amaize...NOISY - DISCO finish 3 a.m. - chance sleep!FOOD IS REALLY POOR BAD QUALITYKitchen dirty.LOCATION bad - nothing go around.The worst Moscow 2 stars would better 4!,-0.5249999999999998,0.7761904761904762,Dec 17 2007
8,8,"SamRAT lives name We stayed reluctantly (having read TripAdvisor reviews) part conference package. It certainly lived reviews name SamRAT, rats!This government run need improve markedly going ready C'wealth Games 2010. Directly next door another government run hotel, Ashtok, genuinely 5 star. The SamRAT belatedly renovated areas excellent privately run restaurant bar ground floor advertised difficult 'happen upon'.",0.17678571428571427,0.5683035714285714,Dec 4 2007
9,9,"Worst Hotel I've Ever Stayed IN Do NOT stay here. This government run hell-hole. I travelled New Delhi friends wedding recommended family bride assumed would ok. However stank damp, room filthy cockroaches, staff rude demanded tips, I became violently ill staying here. A friend staying time saw rat run across breakfast room. Avoid!!!!!",-0.2805194805194805,0.6685064935064935,Nov 19 2007
10,10,Rat house would apt name It run smelly! Even though said updated rooms. The government owned sould ashamed condition.,0.2763888888888889,0.5222222222222223,Mar 16 2007
11,11,"A rip Far expensive get. The price really downtown location. Run-down room hardly facilities. But least room tidy, quiet dusty smelly.",-0.02395833333333334,0.6718749999999999,Jan 7 2007
12,12,"Avoid Smarat!! Just came back two week trip India includedfive nights (pre-paid) Samrat. It expnesiveand worst stayed trip. If notbeen pre-paid, close I meeting, wouldhave checked first night. I wish I read thereviews posted I went. The staff unhelpful,unknowlegable, rude. The first room hadan overwhelming smell pesticide stillcoackroaches. We moved room without carpets, whichreduced smell. The linens dirty, towels missing. Whenwe asked clean towels got somewhat less dirty onesand usual expectation tip bringing shouldhave normally provided. We dispute one ofthe pre-paid nights cashier wanted keep receiptI payment. I said could kieep giveme photo-copy. That request met disbelief, becausethey said copier possible way making copy. For supposedly multi-star Delhi 2006, seemedvery backwards. The ``gardens&quot; fountains one sees internet closed. The breakfast included room rate unedible, ended eating first breakfast, eating breakfast instead Ashok across way (a expensive breakfast - showing awful Samrat foot was). The worst part thatit nightclub called Decibel (that says all) blastedthumping music late night (one night 3am) four ofthe five nights there. For callibration, I mentionthat I travelled extensively India, lived forextended periods past. I stayed worse 5 dollara night hotels India Samrat, also better 5 dollar nighthotels Samrat. For western-priced hotel, Samratis absolutely worst I seen. Under circumatancesshould one stay there. The positive point doeshave nice new resteraunt called Chakras. But hotelhas directory services room registationstaff mention anything facilities, onlyfound late stay. I really pains write negative review, I want encourage tourists tovisit India, I hate sound like spoiled westerner.We hada wonderful trip overall, India fantastic place visit. But I enough experience India know theSamrat represent India really deserves avoided - put business many better,and affordable hotels. Come India, avoid Samrat!!.",-0.041025309917355375,0.5729545454545453,Dec 31 2006
13,13,"What dump!! Quite passes 5* I know. The whole place filthy looked falling places. The decor corridors awful smelly. The first room holes ceiling loose electrical wires hanging out, bedding smelly full holes, facilities room work cockroaches bathroom. After complaining loudly got moved marginally better room still near 5*s claimed be, though lovely view algae infested swimming pool. The one saving grace independently run Chinese restaurant ground floor which, strangely enough superb.",0.09172008547008546,0.526028311965812,Nov 28 2006
14,14,"Third rate five star price Designating Hotel Samrat five star looks big joke. I stayed October 2006 dirty unkept .Bathroom leaked, torn mattresses, dirty carpets, holes walls etc. Baradari restaurant horrible too. Many waiters hardly service provide. Food Ok meats undercooked.Many managers seeking bribes tips. When I checked told available one night I check tomorrow. After checking in, duty manager approached work something tomorrow advised checkout. My reading looking something. After two three hours called room ask I come meet alone time. Hence, big tip given... Moreover, someone entered room stole 1.6 lakh rupees along 210 US dollars checkbook. It happened went dinner restaurant called Baradari. The friendly manager knew plans dinner time (when where), man let us stay another night. In conclusion, stay unsafe rat hole.",-0.062301587301587316,0.47539682539682543,Nov 12 2006
15,15,"Horrified. Our first choice hotels booked up, driver took us here. What mistake 7500 INR dump. We left seeing room, 4 alternatives offered bad. Everything reviewers mentioned still same, bare wires, grey sheets, stained worn carpets, baths disgusting. The corridoor walls horrible. I prepared sleep airport rather stay here. Awful, awful, awful.We left checked The Hyatt - worth every penny.",-0.3288461538461538,0.4461538461538461,Apr 18 2006
16,16,"Don't stay Samrat Do stay hotel. For start, partly hotel. The upper floors, part 1st floor guest rooms, obscure Government office eg Telephone disputes Tribunal, Ministry Forests etc. The rooms Ok bit heel, corridors shabby junk piled staircases. The pool 'closed' high season, gardens scruffy chairs etc. Breakfast Red Chilli restaurant poor, dismal decor limited food, ran out. No way 5 star hotel.The appears make money nightclub belts incredibly noisy music least one night week can't sleep. When nighclub closed, restaurant may let equally noisy parties. We move rooms midnight.Curiously, rather good new restaurant premises, stylish, modern good menu, almost customers. [Not Red Chilli]",0.1404936583883952,0.40927849927849924,Feb 28 2006
17,17,"A complete dump This worst I family ever stayed in. Grey sheets, bare wires inserted electric sockets. It's dirty, simply safe. The entrance nice, complete facade! You shocked see state rooms. They 4 bell boys much time - pity give one paint brush start redecorating bedrooms. I would never stay Ashok property again. The rooms cheap either, I can't believe gets away masquerading 4 star hotel.",-0.05178571428571428,0.55,Oct 12 2005
18,18,"Hell Hole As frequent traveller I completed dissappointed hotel. From start service appalling. The car I booked collect Airport never turned up. When I checked apology offer credit charge. They also confused tried charge twice even though I paid e-globe on-line. The foyer sandblasted week rest completed dilapidated, musty regular power cuts. I cockroaches room so-called drinking water broken sealed out-of-date bottles labels torn off. It Birthday 13th I went bar buy celebration beer, I told run stock! There Internet business meeting rooms hold meetings.In brief, every aspect service, facilities accomodation worst standard I ever experienced. It short stay I pre-arranged meetings, I'd checked following day.How claim 5 star totally bewildering.",-0.08928571428571427,0.4828754578754579,Sep 20 2005
19,19,"Checked 30 minutes We booked 2 nights Hotel Samrat travel agent closer US Consulate.We drove back Jaipur Thursday evening (30th June, 2005) checked Hotel Samrat. We went reception checked in. We took elevator 4th floor walk past smoke filled government offices room. As soon entered one worst rooms ever seen life filled cigarette smoke eventhough supposed non-smoking room. We tried another room 3rd floor similar condition. Then told get another newly renovated room soon entered room could smell paint.That it!. We could take anymore talked manager wanted check out. So was. The shortest checkout!.Also wanted get copy cancellation confirmation manager rude saying wont give us copy. She said could complain anyone wanted care.So Please skip &quot;TheAshokGroup&quot; properties. PLEASE!",-0.07272727272727272,0.5005050505050505,Jul 13 2005
20,20,"Give miss! An impressive entrance that's ends. Musty, old bare rooms requiring complete renovation. There mini bar, tea/coffee facilities trouser press advertised. Staff totally unhelpful reception. Give miss!!!!",0.25000000000000006,0.49000000000000005,Apr 6 2005
21,21,"If like cockroaches Under guise five star hotel, Samrat operates dirty, dank horrible place stay Delhi. I live India travel lot business I know much worse typical problems encountered accomadations India.It shabby, old run down. It internet staff provide tips one could access internet area. The staff friendly helpful. And cockroaches room...two days row! The staff manager never apologized inconvenience offered compensation trouble. This worst I've ever stayed at.",-0.3520233585858586,0.558888888888889,Dec 13 2004
