,Unnamed: 0,Reviews,polarity,subject,Dates_extracted
0,0,Nice place stay I nice comfortable stay guest house. Rooms clean well maintained. Close Subway restaurant Domizon Pizza. They take care guest trust worthy staff. Will visit again.,0.4600000000000001,0.9,Oct 2 2009
1,1,"This good location match... We previously stayed owners guest house Gurgaon, suburb outskirts Delhi friends wedding, moved nearer Delhi city centre.Good - The room clean decent size, good size bathroom also air conditioning. - The owner Bobby extremely helpful answering questions had.Bad - Although clean dark dingy. - The staff understand cannot speak much English making communication difficult time consuming. - The location far away Delhi centre main sights. - There nothing near terms night life; restaurants, bars etc. - We asked book bus us Agra (as train fully booked) booked us onto day-trip tour Agra full locals!OverallThis good location match.",0.03228365384615385,0.5584214743589744,Sep 9 2009
2,2,People You Can Trust We stayed 12 nights Oktober 2008 Everything wanted perfectley done We recommend guesthouse Good vallue money We wanted clean safe place sleep exectley Pamposh offers.ThanksHenk Sytske NijlandHolland,0.5222222222222223,0.6000000000000001,Nov 11 2008
3,3,"Great Location Comfortable Stay This second visit Delhi found Guest House website. This located great, nice location. Surroundings nice green park, Dominoz Pizza, Subway Ruby Tuesday Restaurants. Rooms nice fully western style great service. Nice family stay teenagers. This located shopping center, worries travel shopping.",0.4083333333333334,0.6208333333333332,Jul 11 2008
4,4,"Bad experience We came intention staying 2 nights stayed one night disappointed facilities bare stay longer. First all, outside even look like picture I saw website. It small board &quot;Pamposh&quot; written single door leading narrow stairs reception area. We booked two double rooms. One rooms top floor. That means walk balcony roof order get room. As I walking stairs (only minimum lighting) top floor, I hit head hard concrete ceiling stairs low someone average height.Each room portable heater enough keep room warm enough cold weather time visited Delhi. Hot water available satisfaction would get bucket hot water would stop. You would get cold water. You wait long time water heat get hot water (they switch washroom need turn heat water). The colour water brown first 10 seconds I opened tap shower. We complained getting enough hot water. One staff came investigate, pretended like trying fix it, left room never returned. It late tired long flight, went sleep strong intention checking next morning early possible. It first visit Delhi booking big mistake booking first night vacation even bigger mistake. If traveling family/kids especially, stay Pamposh. If want reasonable Delhi, book anything cheap. If price room seems relatively low Delhi, go it.",0.00567765567765568,0.5137362637362638,Mar 4 2008
5,5,"nice location new rooms Hey read reviews website wanted take chance explore place. Thx Dimmy83 updating information new rooms. Yes place new rooms nice decoration, think new management thats reason bathroom new. I lucky get Super Dlx Room Dlx Room price. stayed 3 nights, loved location favourite Subway TGI Fridays near by.Hope continue maintainence renovation.Thx Trip Advisor",0.30440771349862256,0.6338842975206611,Oct 22 2007
6,6,"Clean looking forward better renovation I got information thru website, looked nice clean.Paid advance amount book room sent confirmation ticket 5% discount offer customers online booking. Was picked airport came night 11pm. First encounter street dogs barking, near 500 meters away hotel, made little upset scary. But things better reached guest house. Guy helped get luggage, even though understand english, managed understand whatever said...SURPRISED ME...!!!!! I went front desk showed confirmation ticket escorted top floor room. Nice room looked newely rennovated right...it rennovated weeks before. Bathrooms absolutely clean nice beige tiles nice band decorative tiles show elegent. Towels new liked bathroom sleepers walking around room coz forgot get one along.In morning, I introduced Mr. Vishal, Manager nice curtious helped plan day go around Delhi. He gave tips deal auto rickshaws, shopkeepers price bargaining...IT REALLY WORKED. Guest house located around nice restaurants like SUBWAY, DOMINOZ PIZZA. Across taxi stand car mechanics working denting, painting cars. Well borther common Delhi. First scared find good place told friend USA. Power outage bit concerned since power backup A/C work fans works...but long power outage. Really liked FREE WIFI Access.Planning visit next year see newely renovated rooms.",0.26679989550679206,0.5938349007314525,Jul 30 2007
7,7,"Basic Floor rich poor rub shoulders I chose seeing website booked agent. It little bit cheap.The Pamposh is-just see it, get it: bedsheet spots- would star rated UK, unfinished edges-Nice location allround way, squalor one side; right next poverty rubbing shoulders 'posh' part, good resid area, couple modern yoga studios people well enough employ others servants go. The nearby taxi station lies beneath tarpaulin tent roof, squalid market road corner food vendors cooking something vry unappealing. On ground level guest house Dominoes pizza, that's okay, easily walk room.There also Paratha restaurant highly recommended South Delhi, vegetarian - smelt terriblt me, like outdoors squallor quite inescapeable Delhi newbies. This S.Delhi heartland modern shops nearby;the 24 hour ATM entrance actually local bank card taker- I told; delicatessen like 24-7 supermarket, I saw organic soya milk, many better quality Western brands, unremarkably western prices too. The much cheaper indian type supermarket, UK also nearby. The entry (not disabled/steep flight stairs reception) shops ( pic.) S.Delhi noise resounds around day, retreat; sound aircraft only, night, worse Earl's Court. Location GK far Nehru Place Lotus temple. The bonus, one. Internet wireless connection possible bedroom day/evening only. The odd electricity failure sound noisy background generator timely also, worst thing lack towel rails coat hooks, brought ugly workmanship lack decor, make obvious odd tile missing bathroom, lack room servicing- terms inspection necessary cleaning.If want respect rub shoulders living poverty, without dangerous rides rickshaws unhealthy interest sweeping feet market areas, here's better option, contain things manageable level within hotel, ignore outside painlessly. Auto taxi town, tour e.g. 'VacationExperts' good, excellent car, much needed fit sites couple days. Recommended want put everything perspective price, middle road viewpoint.Taxi call service good, 300-400 IRs 4 hour/or 40km max journey distance. Eg Connaught place AND BACK 30 mins eachway, I day ( 6 hours) Vac Exp driver (and recommended guide extra) 800RPs/80km max. i.e. driver waits car park, visit, paying entrance fees.erspective price, middle road viewpoint.",0.10346171802054155,0.4953734827264239,Mar 20 2007
