,Unnamed: 0,Reviews,polarity,subject,Dates_extracted
0,0,ok need place sleep rooms clean.not great area town (far center).rooms clean beds ok.breakfast disgrace service rivals that.acceptable need clean place sleep.,0.42666666666666675,0.7300000000000001,Feb 22 2009
1,1,"average decent place I stayed 4 nights. The rooms clean. The ac working properly. I told management, sorted quickly.The area karol baugh situated..was noisy...and crowded.However shopping area close hotel.There good eating place called Raffles.If someone looking decent place without spending much I think good value money.",0.26875,0.4916666666666667,Nov 11 2008
2,2,"Not bad. Good location Metro Stayed better location others. I agree noisy due guests traffic. We room back 4th floor 405. Its perfectly acceptable find room unlocked return make sure lock away valuables use lockers managers office. If leave turn left front walk slight hill main road turn left right 10 15 mins Metro station Rajendra Place. The business card small map back easy find. Its normal hassled walk getting connaught place easy late. The last train times posted ticket booths. If fancy coming back via tuk tuk use pre pay booth connaught place.Overall due locality Metro ease getting city I'm recommending hotel. The rooms OK clean. The shower good bathroom acceptable. AC worked. What could ask for. Price 4452 rup around Â£53 2 nights. Sorry photos, forgot.",0.1460758377425044,0.4629482657260435,May 29 2008
3,3,"Clean rooms horrible staff windows noisy The seemed really ok first glance, room clean, ...The receptionist holds back, saying &quot;my travel agent&quot; would 2 minutes wanted see stay hotel. Well, I travel agent, I booked Internet.So guy shows up, tells would final agent chain companies booking went. And course tries propose excursions, additionnal services, etc... SCAM! After minutes felt mood presence excused himself.I ask taxi reception, sure safe hail one street night. Of course, problem. Well three times normal price (which I would care much proper, comfortable car), taxi all, private car (maybe hotel's car rent out?). Guess taxi services without taxi license also India exacly legal ...Back room I realise window actually window window kind ventilation shaft. The fan would blow air shaft (so fresh air nto room...) horribly loud way leave night.As advantage airshaft hear neighbours room!Why furniture moved midnight 4 morning question reception seemed unable answer.",0.06123188405797101,0.5324879227053142,Mar 25 2007
4,4,Stay If You Want To Be Ripped Off!!! I stayed March 2007. I quoted price executive suite said available. It downstairs. At first I thought ok seemed clean noise awful ground floor. The thing noise staff playing loud music shouting night even I asked quiet. We asked could move rooms said could move room upstairs would money - I could understand smaller rooms. When asked could move later cheaper room said fully booked. I called later day phone asked rooms much - quoted 1500 rupees less price I paid said available. When I went back tried charge checking shouting abuse sorts. I would never stay ever advise anyone NOT TO STAY HERE. We Non resident Indians looking rip us I imagine tourists!!!!,0.1013157894736842,0.45307017543859657,Mar 9 2007
5,5,"Great place I stayed several times transit Delhi found pretty good minimal problems. The food great, service prompt rooms good. It's people desiring five star even good four star experience great choice looking nice three star place. The downside neighborhood, Karol Bagh quite chaotic noisy....but Delhi way!!!!",0.4772727272727273,0.6954545454545454,Jan 21 2007
6,6,"Not sure Sunstar Grand I Sunstar Grand. To comment previous review, I sure Sunstar Grand Residency hotel. Looking Sunstar Grand's website, seems Grand Residency two different hotels. They must ownership close other, that's gets bit confusing.I post review Sunstar Grand.",0.15773809523809526,0.6638888888888889,Jan 8 2007
7,7,"great value money Also known &quot;Hotel Sunstar Grand&quot;. Marble floors staircase. Nice older style good furnishings bed medium price range. Clean worn linens, good service. Plenty water pressure. Great rooftop terrace breakfast get early (only one shady table latecomers) thankfully breakfast also cheerfully delivered room.[--]We paid US$50/night large double AC. Have local friend call reserve room Hindi - pay less ;)",0.29255952380952377,0.5720982142857143,Apr 18 2006
8,8,"Very good value money This place good surprise, especially tried terrible Ajanta before!! Our room large, clean, confortable, bathroom huge amazing bathtub... The food also excellent service average. I going back days definitely recommend !",0.2029251700680272,0.6006122448979593,Mar 20 2006
9,9,"Horrible Place We stayed Hotel Sunstar 2 days December experience horrible. The room looked like dungeom. Being busy Karol Bagh area, constant noice night several bugs allover room. We changed different room slightly better. Having paid exhorbitant amont money COX KINGS travel agency Delhi-Agra-Jaipur trip, felt cheated. On requesting different hotel, told us pay ourselves, agreed. The travel agent called back witha 300$ saying thats available Delhi busy season. We checked Internet got great deal Grand 125$ tons hotels available.COX Kings unreliable travel agent set cheat unsuspecting foreigners (as saw many Japanese staying Hotel Sunstar).DONOT STAY THERE. DO YOUR RESEARCH. LOOK FOR DEALS. dont become walking ATM machine!",0.04305555555555556,0.5365740740740741,Dec 30 2005
