,Unnamed: 0,Reviews,polarity,subject,Dates_extracted
0,0,great place Its great place great loc 5 stars.,0.8000000000000002,0.75,0.75
1,1,"Hidden Gem New Delhi We stayed last night India. It 13km away Connaught Place metro station nearby, knew booking choose get away hustle bustle Delhi final night. An autorickshaw Connaught Place cost Rs 80 (though go pre-paid booth drivers try charge least Rs 150). The organise taxi / airport much expensive getting pre-paid car (which Rs 250-350) depending terminal.The nice. There great rooftop area eat drink (the staff go get beers Rs 75 each) view Lotus Temple. Breakfast buffet style lobby. The rooms spacious modern proper king-sized bed, feather duvets, flat screen television, large bathroom. The fault slight smell sewerage, came outside. I would definitely recommend want get away hustle bustle Delhi quiet, relaxing night somewhere. Do sightseeing day head back oasis.",0.09861580086580088,0.43540584415584416,0.43540584415584416
2,2,Lovely helpful staff! We stayed Amber total 5 nights loved it. The people service oriented helped us ease life Delhi. Delhi bustling city oasis. Check roofgarden youre here.,0.38125,0.6499999999999999,0.6499999999999999
3,3,"THE place stay Delhi We found The Amber tripadvisor, looking nice quite place Delhi spend last four days India travelling three weeks Rajasthan.The Amber located silent neighbourhood hotspots easy reach within 20 minutes. The Hotel really beautiful, wonderful mixture western indian style. The beds comfortable rainshower amazing. With really hot water, heated solar energy. And also ayurvedic beauty products great!But best The Amber really friendly helpful staff, making everything possible. We wanted daytrip Agra tried everything arrange traintickets next day. Since work organized us driver guide Taj Mahal wonderful trip.And last definitely least: FOOD really amazing!! I vegetable shahi korma four times, liked much cook always made little bit different me, become boring. All dishes delicious well. I would loved take cook home ;-)So whenever come Delhi stay The Amber. It definitely one league big names Delhi, way friendly reasonable price.",0.3196354166666666,0.6069270833333335,0.6069270833333335
4,4,"Why much hype place? The place measure rave reviews seems get. It far airport. Interiors rooms fine, window small make feel like sleeping basement. Service, quality amenities quite make grade 'great' hotel.",0.25333333333333335,0.5700000000000001,0.5700000000000001
5,5,"A Quiet Oasis Delhi Amber one kind Delhi. Quiet, contemporary, comfortable, clean. It excels areas. Mukesh manager staff friendly make feel right home. There hotels anywhere I actually sat lobby engaged conversation. The room decor modern bathrooms spacious up-to-date amenities expect. Food good nice rooftop garden great view Lotus Temple sunset. I stayed two different rooms front back ends trip Kathmandu visits equally impressive. The staff flexible accommodating 3 4 o'clock early morning wakeups airport. Its location residential neighborhood pro con -- great respite constant honking horns Delhi's traffic, also hard drivers find. Prices reasonable compared &quot;big name&quot; hotels Delhi get equal better service. I would definitely stay again.",0.26034538506760724,0.5078865373309818,0.5078865373309818
6,6,"A warm welcoming refuge city...and beautifully appointed The amber absolutely beautiful place us stay upon arrival Delhi. The exceptionally clean well appointed. The beds firm bedding tasteful, furniture room. (Note: The showers fantastic! Great water pressure.) Mukesh, general manager, staff could welcoming. They made us feel right home...even arrived midnight! I would highly recommend anyone traveling Delhi. The negative stay longer!",0.3327721088435374,0.6518367346938776,Nov 25 2009
7,7,"Amazing Customer Service!!! I stayed Amber 3 nights, wished I would stayed much longer. The immaculate, modern well appointed, anything, customer service incredible. I forgot hair brush staff actually went bought one 11pm night. On two mornings, I also leave 5:30am able accomodate breakfast even sent along Indian specialties later day. The owner managers good highly responsive requests might have. The downside lack hot water 2 days I there, I came find hot water India rare even staying best hotels. All all, I loved would highly recommend anyone.",0.38763157894736844,0.611842105263158,Nov 10 2009
8,8,"Saris Parties Boss After spending week deepest sub-incontinent living villages, traipsing farms battling 6-inch cobras, I needed quiet hassle free place stay Delhi I caught friends, reviewed footage documentary I'm making, chilled out. Indian hospitality guest king. This seems The Amber's motto.I arrived Delhi via domestic terminal...the Amber offers transfers International terminal. They suggested best way take advantage pre-paid taxi rank (approx 230 rupees Sukhdev Vihar compared 1000 arrange you). The rooms clean, windows open. The roof terrace nice gym. The food good...tho rather expensive India/Delhi 60 rupees chicken biryani schtick.Now...the service. I acquired sari fabric shoot. I casually asked people desk I could get top petticoat it. They took tailor local market get measured up, collected gear gave adhoc sari wrapping lesson. I lunch boss wandered introduced himself. By conversation's end, I guest one friends' pre-wedding parties. Everything I could've possibly wanted catered for. The issue I taxi driver tuk tuk man knows place is. I'd suggest little map printed calling card help guests out.The boss said he's hotels like Metropolitan. In terms size facilities, can't compare. So excel service. The rooms well-appointed, rain showers amazing. And one hotels Delhi environmental commitment solar energy reusing rainwater. Having stayed many hotels around world...mostly boutique ones...The Amber is, far, best. So afford really want impersonal service get bigger chains, come here. Stay.",0.09604166666666668,0.5664285714285715,Nov 3 2009
9,9,"Excellent clean quiet location rooftop terrace great staff This second stay Delhi within fortnight comparison Old Delhi first stayed Amber breath fresh air (literally)!. The situated quiet location mostly residential, really area lots amenities doorstep, thousands autorickshaws Delhi problem. The immaculately clean, white marble 3 floors fantastic roof top terrace grass rattan furniture, making ideal place relax evening meal view across city.The staff excellent. You receive exceptionally warm welcome arrive helpful throughout stay. We even allowed late checkout fit around flight times meaning could get last day India. The restaurant situated ground floor near lobby, relaxing spaces however take meals roof would certainly recommend. The menu varied Indian, Chinese Western food. The food good quality, good sized portions reasonably priced. The complimentary breakfast adequate (but admit get early benefit much perhaps could). The waiting staff excellent. What particularly nice staff happy engage conservation, something found forthcoming larger hotels India, gave much personal feel place.The room clean, nicely decorated beds extremely comfortable. Whilst rooms windows frosted glass, expect get view, get natural light , roof terrace makes this. The bathroom good, nice large walk shower marble. Certainly clean.I would certainly recommend anyone wants quieter cleaner location city.",0.37312219227313576,0.5462803234501348,Oct 30 2009
10,10,Experience beyond expectations Amber located east side Delhi quiet neighborhood depicts normal day day life India large window room. This medium rate boutique rooms standard high end European American hotel. The room clean interior tastefully done furniture item selected thought theme mind. The bathroom exceptionally good. Rooms carried state art equipments. I must comment specifically food Amber kitchen. It better locations recommended eat one week stay Delhi. We try locations always ended coming back Amber taste items menu. The staff friendly helpful. We felt home Amber - special home room service :-) I would recommend anyone I would definitely return.,0.22903968253968257,0.4315555555555556,Oct 27 2009
11,11,"Wonderful Experience I recently spent 10 days Amber found pleasant surprise. I traveling India last 14 years stayed many hotels Delhi found Amber best. The rooms large, clean elegant. The bathrooms highest standard, wonderful shower refresh self end busy day. I stayed room 301 found view delightful array colourful saris wandering road early mornings evenings. The staff Amber wonderful, warm helpful. It always pleasure arrive breakfast friendly smile efficient service. The food amazing, boutique cook meals scratch get food pre prepared. Sitting roof top eating delicious food nice touch Diwali fireworks went around us. As location good us. It got us chaos busy Delhi streets. Close great restaurants feel like going evening meal. It close Nehru place South Extension shopping. I would recommend clear instructions get tell taxi drivers. Once know hard find. Ask staff reception write you. The great Wi-Fi service never failed. A little touches India would go astray. The staff dressed western formal liking, negative thing I think say hotel. Looking forward staying near future.",0.3412251984126984,0.5197420634920634,Oct 19 2009
12,12,"Home home I stayed Amber time, would 4th stay here. It far best value 5 star Delhi. The staff friendly helpful always remember return. The room service greatly improved good anny much wider menu. The best new addition sun terrace great place chill out. Will staying next year!",0.5111363636363637,0.48545454545454547,Oct 14 2009
13,13,"stylish comfortable Delhi The room excellent - modern well appointed. Great bathroom. Service immaculate friendly. Its also relatively quiet location - welcome Delhi. This obviously way heritage hotel, anyone new India wanting comfortable welcoming start trip, great stay.",0.4919886363636363,0.718989898989899,Oct 5 2009
14,14,"STAYED AT THE AMBER AGAIN I stayed Amber Hotel trip Delhi really really good. The people working remembered warm ever. The extremely clean I would reccommend traveller looking 5 star accomadation affordable price. Food, service accomadation top notch. Check website accurate description. Stay Amber thank later.",0.42777777777777776,0.5055555555555556,Sep 14 2009
15,15,"Refreshing new take business hotel. I stayed The Amber 20 August 2009 26th. I arrived 2:30 AM Delhi airport yet I driver The Amber awaiting arrival. Multiple staff enthusiastically greeted despite late time. My room immaculate comfortable. I particularly liked bathroom, huge stylish (massive rainfall shower head, bowl sink, liberal use marble). My bed comfortable room quiet (the located one Delhi's manic roads, quieter neighborhood around corner chaos). I thought room service staff overly generous staff helpful helping plan time Delhi. I used helpful laundry service, quick turnover. I would stay I highly recommend place. This hidden gem great value!",0.2813547237076649,0.6359536541889482,Sep 9 2009
16,16,"Fisrt class service - excellent hotel. We stayed Amber first nights Delhi. The rooms even better shown website. The staff incredibly helpul genuinely went ways ensure happy comfortable stay. The location 15 minute taxi ride central Delhi cost 200rupees. It actually refreshing away noise hustle Delhi evenings located New Friends Colony home many great restaurants bars. The staff brilliant, rooms clean modern, great AC showers. All great base explore Delhi.",0.440159489633174,0.6735725677830942,Sep 4 2009
17,17,"I wish wwere staying longer excellent choice hotel!!! Deciding stay new travellers new country/ hectic city difficult decision however, thrilled chose The Amber. The staff friendly always go extra mile help advise. The features beautiful interiors makes feel welcome moment arrive front door greeted Mukesh wonderful team.The rooms beautiful, showers incredible overall stay fantastic start trip. After reading several comments made guests, somewhat concerned hotels location however staff go extra mile helping, booking taxi's even taking us local town( boasts wonderful resturants). This perfect 2 single females never travelled India. I would without hesitation recommend anyone would put peaceful location. It far main attractions worth travelling little bit relax end hectic day.An excellent overall!!!",0.33898156441259886,0.5700589640244813,Sep 4 2009
18,18,Love It!! :) Gorgeous peaceful!! heart Delhi.Great Service friendly- ever helpful staff!!The rooms lovely extreamly comfortable!MUST TRY FOR ALL!! :),0.5915178571428571,0.7714285714285715,Aug 17 2009
19,19,A great friendly service A great modern clean (unusual India many hotels quite dirty). In quiet area Delhi within access amenites short taxi journey. Staff friendly willing offer lots help. Roomes modern lovely bathroom facilities.Internet connection free high speed great business traveller flat screen tv English channels great!,0.32933333333333337,0.5794166666666667,Jul 19 2009
20,20,"Great Hotel Not typical Delhi Wonderful hotel. New modern, thoughtfully designed appointed. Excellent service; front desk staff, reservations, restaurant, car service. We stayed twice month, stay great consistent.ly excellent. The restaurant exceptional good value, Indian Continential, Italian Chinese. Would stay recommend friends.",0.5027972027972029,0.6041958041958041,Jun 10 2009
21,21,"A safe chaotic city Excellent south-east Delhi - located quiet residential area made really feel like escaped chaos evening (which much needed believe me!)! The staff unbelieveably friendly helpful - ordering taxis, tours, restaurant bookings, train tickets.....you name, would you!! The security staff even helped us taxi-driver totally ripped us off...we managed negotiate price together drive back!! Quite new beautifully furnished clean rooms - fantastic room service whilst breakfast menu quite sparse, food service excellent!Would definitely recommended safe peaceful base whilst exploring Delhi!",0.25634173768939394,0.5648674242424243,May 21 2009
22,22,"Nice location ... Clean, well modernised hotel, helpful staff but, alas, miles anywhere fairly unsalubrious surroundings.",0.31666666666666665,0.9,May 21 2009
23,23,"Brand - lovely rooms Brand new mod-cons big city hotel.Excellent service, lacked ambience atmosphere, think one person staying time.Food great, room lovely welcome break budget accomodation staying now. The staff extremely helpful accomodating.Would say well beaten track long drive things good location wanting get see lots sights.",0.21433566433566437,0.6061188811188812,May 17 2009
24,24,"Lovely small upper end Delhi hotels. We stayed three different hotels visits Delhi liked The Amber. It's small welcoming friendly one quiter suburbs south Delhi away hustle CP.The breakfasts good included price Â£125 per night per room. The staff helpful room beautiful. The issue none taxi drivers seemed able find it, although fair, case lot hotels sites Delhi! It way, close The Lotus Temple south Delhi restaurants.",0.3071428571428572,0.5839285714285714,Apr 23 2009
25,25,"Nice room terrible location We stayed Amber last night India flying home.The location long way anywhere. We wanted last minute shopping. Unfortunately completely wrong area, It half hour roads good! get centre New Dehli. We also disappointed alcohol would dearly liked drink hot day sightseeing. On hand room lovely. It spacious well presented. The breakfast adequate more.All room great, location bad quite expensive.",-0.001098484848484843,0.6089772727272728,Apr 19 2009
26,26,"A great small We passing thru Delhi wanted comfortable, clean one night. Our travel agent offered two options care either. After checking hotels Trip Advisor, opted boutique based reviews. We found nice contemporary great bathroom, comfortable bed bedding great staff.",0.47370370370370374,0.6796296296296296,Apr 11 2009
27,27,"A PLACE TO STAY IN DELHI We stayed relatively new modern style part wonderful 17 day private tour organised Mr V P Singh Indian based company 'Legends Palaces '. The bedrooms bathrooms delightful 5 star quality. The service almost attentive. Be careful dinner VAT &amp; Service added bill. That said, meals good tasty. Note, lounge part dining area entrance hall. Despite criticisms, quiet, leafy sides street good value money Delhi.",0.4036363636363636,0.6562878787878788,Apr 8 2009
28,28,"Perfect stay Delhi After many hours research web, especially Tripadvisor site, decided book 2 night stay Delhi Amber Hotel disappointed.The quite residential location well close 15-20 minutes shopping areas, room spacious, big window, large flat screen T.V , white crispy bed sheets clean &amp; bathroom seprate thick glass shower area rain shower top , staff well trained friendly, nothing much trouble. On arrival welcome drink offered, however receptionist take us room informed facilities. We dined restaurants lobby level found food high standard reasonably priced. All fabulous stay certainly back.",0.22171957671957673,0.476031746031746,Mar 13 2009
29,29,"Quality Good hotel, rooms wonderful, great staff, BUT! breakfast average basic, needs addressed, also got got bar, BIG let down, told bring drinks rooms. clean, would go back,",0.2973232323232324,0.5075252525252525,Feb 21 2009
30,30,"Wonderful-looking great people I stayed 3 nights 18-yr-old son really loved hotel. We even extended stay night. Delhi typical Indian big city - dirty, noisy, seemingly incomprehensible. The Amber provides impeccably clean, beautiful, calm, quiet island storm. The staff could helpful. Breakfast good too. It's definitely worth send driver pick airport. Also FYI, two Amber hotels Delhi one bad location make sure take info right one.",0.23000992063492065,0.5820932539682541,Feb 16 2009
31,31,"Excellent overpriced The Amber beaten path would need transportation. An excellent, clean modern run friendly staff eager help. The price room comparable five star hotels Delhi. The Amber provides clean modern place nice neighborhood. I would get larger five star infrastructure rental cars, tours enviornment meet tourists. The access rental cars got car less half would cost us get Amber.",0.33153846153846145,0.5921794871794872,Feb 3 2009
32,32,"Great! Room standard? Absolutely fantastic! It clean beautiful. Client service? especially two people spoke extremely professional helpful: one lady reception man - think owner manager - quite young, dressed really nice. The rest OK two! We really impressed! But I'm complain... two things bit annoying nothing especially we're talking India.First room see red blanket, stunning I look window... eating area behind! And would ok serving breakfasts morning disaster. It noisy. The staff preparing room breakfast 5am. Talking, laughing noises kitchen. We really pissed woke 5am fall asleep especially arrived middle night 'interesting' experiences airport. Yes exhausted planned get 7am. Luckily problem change room rest stay great.2. Another thing: tipping. It driving us bananas especially ordered food couple beers. The guys puffing pretending tired get food especially beer far away. Yeah right! He himself! said change tip order food. We already ;) Oh order beer - expensive can't cool fridge anyway.So worst experienced. Not bad hey. I would definitely recommend place everyone.",0.11164682539682536,0.6706150793650792,Jan 29 2009
33,33,"Nice hotel; terrible location; unhelpful staff Amber modern brand new luxurious touches 5 star hotel. The clean, rooms average sized, ultra-modern bathroom pleasant surprise. The evening manager extremely helpful check-in, put effort accommodate requests.On hand, morning reception staff huge attitude problem, seem difficulty communicating other. They help travel arrangements, ended directing us one scariest bus stations Delhi. (We ended going Intercontinental get help travel.)The location also makes awkward pretty much everything. Sukhdev Vihar also best part town. We arrived rather late evening, driving residential part sketchy neighborhood terribly comforting. We stayed room 102 view onto unfinished road outside less appealing.For high cost hotel, would preferred stay closer Connaught Place.",0.11723484848484851,0.628060606060606,Jan 21 2009
34,34,"Excellent boutique Delhi stayed Amber friend mine three nights.what love first friendly staff General Manager ,very helpful , always smiling wiiling help anytime(they gave late check till 4:00 pm).the lobby beautifullly decorated ,with free internet rooms/lobby.the location quite neighbourhood ,all major attractions within 15 minutes drive distance.the rooms clean comfortable,with italian fitting bathroom rain showewith hot cold water.Room service quick food good seems well executed fields.i love buffet breakfast fresh fruits well.",0.2777777777777778,0.5851851851851851,Jan 19 2009
35,35,"Excellent Delhi One favourite boutique hotels Delhi. If fancy splurge get one rooms, It feels like English country house.Great room design bathrooms beautiful townhouse. Good service too. Please note huge 5 star used may offer similar facilities. It new building white floors lots character- big luxury.The location great quite neighbourhood Make sure sleep quiter Hotel.all serices great,like room resvice,taxi service,laundry service restaurant course staff friendly eager serve time.",0.346780303030303,0.5494528619528619,Jan 19 2009
36,36,"Way beyond expectations! My stay Amber perfect! The modern, elegant, cozy. Showers delicious (had hard time finding travelings!), rooms extremely clean, staff friendly helpful everything.Definitely best stayed month long stay India. Paid higher rates hotels got much less money. Really recomend it!And get tired intense Indian spices, tons western food options.",0.2292892156862745,0.557843137254902,Jan 18 2009
37,37,"It nice pampered Found Trip Advisor. All said reviews true. Moreover one must emphasize reviews speak enough good place. The staff fabulous, always eager help friendly I needed Indian SIM card cell phone. The duty manager sent assistant foot 9 pm escort us necessary documents get card.To beyond call duty says all.The kitchen open 24 hours service fare superb. The whole place decorated marble floors , bedrooms wooden floors spotlessly clean including linen.I one small negative comment, device maintains water pressure constantly pounds every several seconds , heard mostly third floor.I mentioned duty manager next day said could shut night I called desk I went sleep.I would hesitate stay again.",0.2074561403508772,0.4991228070175439,Jan 15 2009
38,38,"Overrated Normally I swear TripAdvisor booked based excellent reviews. This last stop holiday India looking forward staying appeared flawless! All hotels stayed trip super - recommended website. So, something anti-climax arrive Amber midnight 4 hour train journey met surly receptionist decribed average 2-night stay. To fair early warning signs. I tried arrange pick-up rail station couple weeks left India, email address consistently order (bizarre given holiday period). I phoned arrange pick ran cars able assist arranging taxi. We managed sort station without much bother. The room certainly clean modern great flat-screen TV. We Premium room quite small bathroom - albeit clean lots new fittings hot water - quite poky nowhere hang towels put toiletries. It certainly quiet area (a good 30 mins center), I think room water pump, clanked loudly night. Above found service quite impersonal, breakfast poor - buffet ordered menu - food mediocre instant coffee inspite state-of-the-art coffee maker used froth milk! This would fine whole atmosphere quite bizarre bit like eating hospital waiting room. When came breakfast 8am I thought wrong place lights off! They quite helpful ordering us taxis day trips inflexible end stay, asked keep room extra hours check-out time wait flight, asked pay full days rate 10% discount. We declined ended rather nice bar town - given really nowhere 'hang-out' hotel. All all, perfectly fine, I think would take flat screen TV, chrome marble fittings give high rating. We stayed Delhi Shanti Home earlier trip - thats certainly I would go back again.",0.14855949605949606,0.5183306970806971,Jan 5 2009
39,39,"Home Home My family I stayed The Amber October 2008. We 1 Premium Room 1 Executive Room. We look big hotels New Deli, decided go smaller modern looking disappointed choice. Both rooms beautifully furnished contemporary feel. The rooms looked exactly like photos website clean. Breakfast good different every day. The staff friendly could enough you, nothing much trouble them. We felt small, service attention detail high standard. The location good pretty central. Although residential area, 15 minutes walk away many shops restaurants. It also helpful driver car available day trips. This definitely really good find. I'm sure next time Delhi definitely staying again.",0.2373284632034632,0.5184678932178932,Dec 7 2008
40,40,Very nice stay This indeed deserves ranking. I booked nice reviews tripadvisor I agree positive remarks already posted. Very nice helpful staff. Large modern cleam rooms. Nice little restaurant. What ask.,0.4126731601731602,0.697113997113997,Nov 12 2008
41,41,"Great boutique We booked Amber reviews disapointed. We stayed four different occasions month long trip india time went back least good last time.We stayed premium rooms slightly larger offer free internet works, multi channel big flat screen TV , coffeemaker room, mini bar etc etc - fact every bit good room Taj Palace also stayed clean. We stayed 101 201.Meals taken lobby quite small also ate room several times. There 24 hour room service basic things like club sandwiches pizzas well limited indian food good also sends food three chosen restaurants - Indian, Chinese Italian - chose Indian food delivered 40 minutes outstandingly good - way superior indian restaurant Taj Palace example.Its also inexpensive western standards. We Delhi Belly problems whatsoever. Note license alcohol send beer drinks you. Try Kingfisher beer big bottles small money - goes great curry.The service first class - smiling saluting security guard boys take cases. We left one suitcase packages visits problems charge. We also used cheap first class laundry service leaving clothes done visits. Hard criticise. Its quiet area quite way airport could bit roof terrace would make nice little sitting area [ nowhere else sit outside] absolute gem.",0.17874542124542123,0.4119536019536021,Nov 11 2008
42,42,"Excellent hotel! If afraid cleanness, worry...it's clean comfortable. Besides, new so, everything modern. The location great. It's commercial centre. It's residential zone, calm.The services also great. Very nice business travelers tourists.",0.3993030303030303,0.6864545454545454,Oct 27 2008
43,43,"Nice Place Stay Quieter part Delhi The Amber pleasant surprise seemingly safe area Delhi. Not much immediate vicinity honest, food great need venture far.The room (I Premium Room) extremely spacious worth small amount extra. The bathroom massive water always hot common Delhi.Breakfast basic honest, substantial enough heat facing another day Delhi.The one thing I thought could improved quality drivers called taxi service. Many quite rude went sightseeing, took us thought wanted go rather asked go quite frustrating limied time business. I know hotels fault would great used drivers friendly obliging.All all, I would definitely recommend I would stay again.",0.22051282051282048,0.6285256410256411,Oct 24 2008
44,44,"Best New Boutique Hotel Delhi My fiance I stayed recently The Amber Hotel happy hotel. In fact first review we've ever posted TripAdvisor, little gem - surprised overtakes others rankings.We looking middle-range luxury boutique Delhi - searched net much know there's probably less 5 hotels category Delhi.Delhi hotels seem 2 extremes: either extremely grand expensive (aka The Imperial) &quot;3-Star&quot; hotels - stayed 3-star Delhi, know expect (basic facilities, little outdated, modern, bit overpriced - always matching 3-4 star standards). So extra dollars $150/night, stayed modern, quiet up-and-coming hotel. We booked Amber directly got complimentary breakfast included (nice assortment pastries, toast, fruit etc....) - also restaurant breakfast buffet downstairs (nicely arranged next indoor water fountain). We surprised modern - realised less 1 year old everything looks new (furniture, bed linen, floors, pictures...). The room facilities good. They typical toiletries (complimentary shampoo - incidentally brand use The Imperial $300-$400 range!) But here's something get The Imperial - Hair Comb! We thought nice touch get personalised Comb says &quot;The Amber&quot; (so kept it). You also get good towels, hairdryer, room slippers, shoe shine (we kept too), tea/coffee facilities (though could chocolates fridge) nice Plasma Cable TV.The service good personable. Because smaller interact staff lot different face every night serving room-service different person behind reception. They arranged 'emergency' transportation us (our planned driver unplanned accident) suggested restaurants nearby eat - helpful.In terms negatives, struggle fnd honestly good .... say some... maybe 1 2 instances repeat things clarify things saying english trivial really.... room service menu huge get excited Pizza, kitchen might prepared make - please try local dishes, they're good.",0.1954448999276585,0.47652057712402557,Sep 8 2008
45,45,"An oasis calm stylish luxury Delhi - AND affordable! What top-notch boutique hotel. This property well-executed seriously think Barcelona Miami Beach. The rooms comfortable feature satellite television, food good, bathrooms immaculate - else could ask Delhi?I 12 hours transit catching early morning train Agra. The even nice enough book train ticket ready I checked in, saving horrible agony pick call train station. Anyone who's ever dealt buying picking ticket Indian railway station knows I mean. They charge small service this, reasonable (maybe 200-300 rupees).The best/worst thing location. It's quiet residential neighborhood perfect people like really want Delhi first place, may seem kind isolated independent travelers prefer explore things own. You'd likely need use car driver get anywhere I really see many taxis rickshaws around there, I middle night maybe I missed them. There big hospital across street I'm assuming probably could get one there.",0.2151436781609195,0.6405459770114942,Aug 26 2008
46,46,"Excellent hotel! I saw one review Amber went website booked room. I really nervous since rates much lower hotels New Delhi, I decided give shot. Wow, I impressed! This gorgeous. We arrived late night security guard front door I appreciated. The front desk staff adequate, overly friendly. But room gorgeous. The basic room exactly depicted webiste. ...gorgeous wood floors, comfortable bed, nice modern bathroom, great TV, list goes on. We inside facing courtyard area I heard zero street noise. My advice book driver, driver service twice much quotes got companies.We try breakfast, one morning buffet included room rate. But next morning buffet ordered menu included room rate well.I would definitely stay again.",0.2861421911421911,0.5553030303030303,May 21 2008
47,47,"Excellent Boutique Hotel An excellent property converted Delhi mansion South Delhi. AmbianceA modern glass marble entrance front desk small seating area adjoining dining tables. This obviously living room / dining room home. There smal courtyard rises way thru four floors hotel. LocationCentral location Delhi 20 minutes rail station 40 airport typical Delhi traffic. I sure whether location might bit hard find typical cab driver building residential area. The RoomA modern European architecture mix fine wood glass finish. The room well appointed large closets, LCD TV, mini-bar many amneties secured front desk. (i.e. DVD Players, etc). A great selection channels using Tata premium satellite service feature even The Imperial Hotel currently offers. This might sound bit unimportant one traveling thru India, TV reception restricted slate 3 4 English speaking channels. The bed firm comfortable bedding excellent quality. The pillows plenty quite comfortable. The restroom well appointed glass encased rainfall shower hot water plenty; ServiceExcellent response attention one expect India. The staff helpful attentive could easily communicate via Hindi English. The misstep took bit long room service cleared out.FoodI arrived late evening kitchen able create good replica Penne Bolognese. The food come within 20 minutes kitchen captain came room order. PriceA good value 6500-7500 Rupees. Similar 4/5 star hotels 9000-15000 Rupees. The food service actually relatively inexpensive type India. Usually I would spend 600-800 Rupees meal bill came 300. Final Comments:Actually bit hesitant posting review almost qualifies hidden gem jeopardize availability next stay trip Delhi. However, I favorably impressed usual stays The Imperial, Taj Ambassador, well deserve it.",0.1947186147186147,0.5371771284271284,Apr 23 2008
48,48,Hotel sympatique,0.0,0.0,Dec 14 2008
