,Unnamed: 0,Reviews,polarity,subject,Dates_extracted
0,0,"Ok poor area Ok need somewhere crash, near anything useful except metro markets. Staff helpful, area dodgy.",0.16999999999999998,0.4,0.4
1,1,Worst come ? I confirming classic. The room service good put money house keeping. The price charge rooms high want get. Management ashamed them.,0.006666666666666647,0.5766666666666667,Nov 3 2009
2,2,Nice Clean Hotel Near Metro We travelled Delhi group tour India Delhi Agra Jaipur Jaiselmer. Hotel Classic nice clean good facilities. We served well smiling staff. Hotel near metro station lift useful old person like us.,0.34,0.5166666666666667,Nov 2 2009
3,3,Loved The Classic Hospitality Hotel Classic Classic means. I planning cancel trip India due disturbances India Owner Jitendra Chadda helped email assured take care us. I happy I believed him. He made trip easy making trips confirmed. Pickup person always smiling (I annoyed Cusom person Airport) took care luggage. Rooms cleaned basic amenities. We upgraded executive room third floor extra cost surprise us. Breakfast good room. Wifi complementry lobby I found useful. We would returning next month way back.,0.20489583333333336,0.39583333333333326,Sep 30 2009
4,4,Excellent Stay I visiting India's cities last 2Months. This comfortable memorable experience. After picked Airport Air Conditioned Car given upgraded room arrival. Service good. Hot showers worked early morning (Surprising Indian Cities). Even breakfast served 5AM request. Location good food joints nearby. Lots shopping also. Overall experience excellent. Thanks management.,0.4653846153846154,0.5705128205128205,Sep 7 2009
5,5,Bad Experience I booked internet seeing good reviews arrival uncleaned room given request front desk tell wait 2 hours shift room problem. But last solve problem. Over experience bad room service good. The front manager polite good service zero.My experience bad even manager approach put good review agree give discount....,-0.038888888888888876,0.5101851851851852,Jun 20 2009
6,6,"Could cleaner great location metro We arrived middle night picked taxi (read two chaps someone's small car unnerved us little) arranged prior arrival wasa lot less hassle trying deal mayhem airport midnight. We stayed two nights found staff really helpful service great, room service pretty much time night day. The constant Bollywood blaring reception TV little offputting 3 o'clock morning nothing compared rest noise Delhi. Our room quite large table chairs sofa well. The bed large quite comfortable, sheets cleanest I've ever seen help realise supposed remove wierd pillow cases getting bed. The bathroom bit grim, grimmer hotels stayed India fortnight stayed. The major bonus middle slightly quieter surburban district 5 minute walk nearest metro station, Westerners easiest, cheapest, least hassle method getting round. The area packed shops,restaurants one department stores I saw. The metro close perfect. although separated (boys one line, girls another) X-Ray scanning prior embarking everytime certainly interesting method security I doubt passengers would tolerate Tube. There probably better value perhaps slightly cleaner hotels there, first time visitors India found easy, hassle-free, OK value money, good service, good English communication, ideally situated initial foray Delhi.",0.1513001253132832,0.4633458646616542,May 5 2009
7,7,Loved Hotel N Staff Good Clean Budget Hotel Market Area Koral Bugh. We beed reffered friends visited last year. It nice experience. Staff friendly.,0.5056944444444444,0.6361111111111112,May 4 2009
8,8,"great two women travelling alone pick airport spot on, man placard name waiting us, hustle bustle Delhi airport abonus RS900 arrive safe hotel, I also booked day tours Agra Jaipur,RS850 each.A/C bus both, mostly Indians tourists board buses, good times joking much extra westerners pay visit monuments. The clean comfortable beds occationally hot water, fair geting 5am go trips. Breakfast room dining room, nota problem, couple times meal evening, good S,Indian restraunt round corner modern food court. The area make us feel afraid walk evening, sometimes get back trips till midnight. The staff real jolly gang could enough help us, booked local taxi take us round Delhi day probably best way see things Delhi.I e mailing owner couple months prior visit, I met like meeting old friend. I hesitation recommending hotel, quiet retreat busy noisy city Delhi.",0.25069444444444444,0.44722222222222235,Mar 6 2009
9,9,"Stay Delhi Hotel refered us common friend. But placing booking Expedia crosschecked reviews foud satifactory. We picked Airport request given room 3rd floor requested mail.Hotel central located , clean, near metro tube station. Nearby Mcdonald blessing us.Hotel Manager arranged tour us Agra Jaipur.We loved stay recommend friends surely.",0.19583333333333333,0.4798611111111111,Mar 3 2009
10,10,Bed bugs We stayed one night prior returning home......the whole appearance shabby however prepared rude awakening bed bugs...very large bed bugs. On complaining front desk told they'd move us next day useless since leaving. They brought bug spray 'clean' bedding fact looked even dirtier.No breakfast included honest I'd really doubts standard hygiene food preperation...therefore call room service.Its cheap better found price area.,0.09007936507936509,0.38571428571428573,Feb 17 2009
11,11,"nice clean great location The location convenient metro - 5 minute walk busy shopping street brings hustle bustle road metro station is, 3 stops Rajiv Chowk Connaught Place. There's internet terminal lobby wi-fi .The staff fabulous, always eager help friendly I needed Indian SIM card cell phone. The duty manager sent assistant foot 9 pm escort us necessary documents get card.The pickup promised taken took 30 minutes. greeted reception nicely checked inÂ . All facilities written Reviews. Must Try Breakfast Bed!!!!!Â Â",0.29873737373737375,0.7126262626262626,Feb 14 2009
12,12,"grungy Really quite expensive grungy little hotel. The location fairly central close metro that's it. The rooms look pretty tired, tv poor reception complimentary breakfast. On arrival long trip went get bed found sheets duvet cover really dirty stained. We phoned ask clean sheets sheets staff brought worse ones already bed. They went several sets sheets looking clean ones found similar state blood stains, greese spots and/or holes. They gave looking several sets &amp; opened brand new set us. For IRs 2811 (approximately US $60.00) expect clean sheets.",-0.07374401913875597,0.5160287081339712,Feb 4 2009
13,13,"Superbly Sited Classic As travellers, arrived middle night, see much. As part stay arranged pick us airport, saving huge amount time &amp; hassle. The next morning found safe &amp; friendly Karol Bagh. The clean &amp; functional, nothing flash. However, made stay memorable helpfulness staff hotel's location. Go street &amp; turn right there's good, cheap, vegetarian restaurant. Turn left &amp; there's 24 hour ATM accepts foreign cards (very handy takes forever change money bank). Go street &amp; thick Karol Bagh market buy anything &amp; everything cheaply. Turn left metro station end street. From see lot city easily inexpensively (11 rupees Red Fort).",0.3002967563837129,0.48976535541752936,Jan 26 2009
14,14,"Not worth There nothing really wrong better price.The room clean, TV, hot water, etc.The staff fine - although sent get ripped buying SIM card friend.Airport pick good MUCH cheaper. They charge 900 INR, get easily 300 INR.",0.24629629629629632,0.575925925925926,Jan 17 2009
15,15,"Does offer WiFi way advertise it! One reasons I liked sound reviews saying WiFi access good.However, I arrived said I could access internet lobby. The lobby small seating area next reception desk, practically blocking main thoroughfare hotel.This inconvenience, value add. Not comfortable certainly appropriate 5-10 min use.",0.12424242424242425,0.5662121212121213,Jan 16 2009
16,16,Clean Affordable Hotel Bustling Delhi Very Clean Hotel Busting Delhi. Very Cheap found given reviws. A;port p;up OK. Staff help guide city vision Jaipur. Provided hot B;fast Room early morning. Very happy book hotel.,0.40541666666666665,0.6731250000000001,Dec 25 2008
17,17,Perfect Hotel Our Short Visit This Nice Hotel Market Place Koral Baugh. We worried agents choice arriving India. But worries vanished arrived Hotel Classic. Agent made perfect choice required clean costly rooms. Hotel extremely clean. Staff cheerful replied queries Agra. We group 7 persons came Taj Visit. We provided choice breakfast bed wanted breakfast anywhere else. Dinner also good. We visit return trip.,0.5130000000000001,0.6946666666666667,Dec 22 2008
18,18,GREAT START OF TRIP!!!!!!!!!!! Great Great Great. Our Start Tour Excellent. We booked watching reviews hotel. I expected organising Indian tour could much easy. I requested Airport pickup midnight offered pickup US$20 instead US$25 listed website. They prompted replying confirming. Maduu Hotel Pickup person waiting us A/C Car. Room shown website. No Carpets Wifi Lobby-FREE. Now Indore I called thanked. We definately visit way back US.,0.5425925925925926,0.5953703703703703,Nov 23 2008
19,19,"good I spent 3 nights hotel.Rooms quite good, clean noisy.I would avoid room 104 107 1st floor, since next a/c machines imagine quite noisy.Staff nice, spoke good english helped whenever asked for.Hotel 5 min walking metro station.The almost meets western standards would recommend friend.",0.32962962962962966,0.4000000000000001,Oct 24 2008
20,20,Love It Our Uncle Booked 2 Rooms us hotel. Before comming afraid travel India due Bombs terrorist attacks. But marrige sake Mogga(Punjab) come. But happy safe hand good croweded Delhi. Pickup excellent Big Cab one person standing placard morning odd hours. Rooms comfortable. Free Wifi available Reception area due security reasons. Staff helpful. We moving today Punjab back next week overnight stay.,0.23895833333333333,0.51875,Oct 6 2008
21,21,"An acceptable Delhi The Hotel Classic average mid-range bustling Karol Bagh district. The good: - The cheap. We paid 1500 rupees per night private AC room.- The room service menu (including breakfast) cheap basic tasty food. We Indian food one night dinner delicious extremely cheap.- The arrange reasonably priced transfers pick-ups airport train station (but issues, see below)- It 5 minute walk Delhiâs excellent Metro system take Connaught Place Old Delhi without sit traffic.- The room bathroom clean.- The Air Con effective.- Laundry reasonably priced.The good:- The view room another building, nice all.- The TV Indian channels. - The location so-so. If youâre white person, stand bit busy area Karol Bagh.- There in-room safe.- The bathroom basic (clean, though) shower curtain.- We check 3am get airport quickly. I pre-arranged transfer pick us 3:15am, came lobby bags etc record booking made. They able get us car ten minutes though (resplendent totally shattered windscreen).- Hot water sporadic expect cold showers.I would advise people hotel, I donât think I could recommend either. I suspect better located, nicer hotels Delhi. It comes much want spend.",0.2361111111111112,0.571045751633987,Sep 3 2008
22,22,"A excellent starting point India!!!!! This turned PERFECT starting point visit India. Mr. Jitender made arrangements driver car also set local travel agency make arrangements India.There room error traveling India...so driver Mr. Jitender arranged us important. His name Suresh, incredible. The inexpensive travel standards I used paying $100 $200 per night. Classic first impression India...and staff friendly, warm welcoming. As arrived late, even took morning breakfast order delivered right time! Thank Mr. Jitender making India trip success.",0.3402116402116402,0.47281746031746036,Aug 29 2008
23,23,"helpful staff great location, near metro station. room clean staff helpful,especially manager. train,flight reservation made thru important thing, u chat get informations online staff",0.3666666666666667,0.5642857142857143,Aug 8 2008
24,24,"Clean generally acceptable room This inexpensive crowded neighborhood probably foreign confusing westerners. I stayed two nights upon arriving India, fine, average value Indian standards, I would advise staying Western couple days upon arrival acclimate India.The good: rooms clean; I though room smelled bad, I realized problem window shut completely, letting smell Delhi. Furniture acceptable, bed quite comfortable, nothing room spectacular, acceptable, level budget accommodation US, I fine paying posted price room. The airport pickup smooth. The staff dealt honestly, quoting prices cars services turned quite reasonable fair. I appreciate this. One desk worker made call Hindi me, nice. They gave wakeup call (2 places I stayed India forgot). There computer slow Internet connection right next room I used several times, without charged. They routed several phone calls room me. The bill handled straightforward, efficient manner.The bad: hot water (this true India me), I get cable TV work, driver found dishonest shyster, near I could tell I guest, yet staff 10 Indians milling around lobby times, intimidating weird. The location, view, less ideal tourist, hard find; rate, I would recommend getting driver whole day attempting go foot here. The view window filthy courtyard, windows shut completely.This acceptable accommodation, nicer hotels money, fits budget, I think feel good staying there.",0.138640642303433,0.5323228128460687,Jul 25 2008
25,25,"Always Best We stayed 2 nights beginning holiday India 2 nights end(now hot stay here), first part room second suite.The suite large, clean quiet.The staff courteous, obliging quietly efficient.This one decent place stayed India made world difference.I asked breakfast served room. Once again, problem all, extra charge brilliant quick room service. All I would thoroughly recommend anyone visiting Delhi.",0.34007936507936504,0.5176587301587302,May 5 2008
26,26,"Loved Classic Classic Service Hotel best service could want. They made us feel right home, went way supply needs more. All staff made us feel comfortable respectful. Arriving Delhi 10pm got plane find Madhusudan waiting us welcoming smile. We found service staff delight; everything make us feel home. They indeed provided assistance providing air tickets Mumbai tomorrow without service charge. I recommend everyone friends relatives.",0.46322751322751315,0.4754497354497354,Apr 30 2008
27,27,"Peacefull Hotel Hectic Delhi This one decent place stayed India made world difference. Very cool place, peaceful stylish. Good service expensive though sure much paid. Its best value money worth spending for. I hours linger Delhi Airport, thought posting review instead crushing rush counters.Management owner great help arranging tours us.Market walking distance location Lively drawback traffic noice day night crawls get smoothened up.There's computer desk provided passage area internet connection good. The laundry service also good problems anything got back, thought probably could trusted did.We also hired hotel's driver &amp; car hours sight-seeing around Delhi pleased service.",0.27933862433862433,0.5542592592592591,Mar 29 2008
28,28,"Impressed Service I still staying hotel. Extreeeeemly clean :-). Loved thy treating us. I must say I travelled lot South East Asia Season service, facilities management uncomarable 3* anywhere. They kept person waiting Airport even flight late almost 3hours charge extra penny delay. We blessed Free Wi Fi compliments management. Owner /Boss ?? wonderful guy assisting local trips detailed maps- complimentry!!!!. Staff attentive calls swing action whenever required. Location wonderfull- busy busy market. Pollution -Key factor Govt look into. Just two blocks away metro station connecting main city centre-CP.",0.32411151960784307,0.5990196078431372,Mar 5 2008
29,29,"Great little I booked 2 nights seen positive reviews Trip Advisor. Rechecking Trip Advisor shortly I left Delhi I concerned see subsequently couple poor reviews posted, one suggested guests somehow induced write good reviews. It therefore trepidation I decided stick original reservation, fact late cancel anyway. I happy report that, me, excellent choice hotel. I thought full real charm. The pre-booked transfer airport could smoother, especially given flight 2 hours late arriving. Most staff extremely helpful friendly. I really liked room I given. In fact I simply cannot understand poor reviews posted. Were really staying hotel? Can rooms really different terms cleanliness?, would seem highly unlikely me. Maybe simply got act together following unfavourable reviews. My room extremely clean, cosy, quiet everything one might need (television, fridge, telephone, writing desk, comfy chairs, extremely comfy bed). The furniture may new, fine. The bathroom also extremely clean, nothing flashy perfectly adequate. There also nice roof terrace sitting - addition chairs plants could extremely pleasant place lounge around while. Breakfast served room also worked well. I would definitely stay again. If decide stay hotel, indeed Karol Bagh, check nearby Ajmal Khan Park see local population enjoying small park offer.",0.14008436639118457,0.5417950609996063,Jan 24 2008
30,30,"comfortable n best stay ideally located,excellent service ,warm staff always make customers stay appreciate hotel.",0.725,0.675,Jan 12 2008
31,31,"It OK I chose reading comments here. They mostly right. This really OK nothing exciting clean stuff friendly helpful. It situated right centre, good well.It bit old-fashioned feeling looked good 80's decent average hotel. No dining hall tho make sure ask breakfast delivered room!N.F., London",0.3417124542124542,0.5751526251526252,Jan 5 2008
32,32,"The Pits -- Stay Away Do favor. Stay away hotel. Stay far away. We looking good location reasonable price, undervalued diamond. We often find hotels TripAdvisor, continue try, definitely one them. If anything, worth much less $50 night paid. The rooms clean. We ask towels. Three four people hung around asking tips. Three guys carried two bags hands whole time. And security guy came show us use air conditioning could solicit tip. The bedcover filthy wife slept clothes on. The smell mothballs everywhere. We left one night let keep prepaid second night. Yuck.",0.029166666666666657,0.45555555555555566,Dec 9 2007
33,33,"Old Fashioned But Not Bad Price Warning - booked online via 3rd party site sold &quot;room + breakfast&quot; option. Although order room service, use good local restaurant kitchen dining room, offer kind &quot;included&quot; breakfast room. So trust Web site tells do.The building fairly old, elevator tiny, room old fashioned. I liked husband, I see American unused travel outside new US hotels might little let down. It's worse many places I've stayed NYC, Rome elsewhere vintage. It certainly clean, location extremely convenient train station local shopping.ABSOLUTELY Do contact directly airport pick-up service. They'll overcharge (you pay double would good bargainer taxi site) stioll much well worth long flight get late night many Int'l flights do. Having taxi names posterboard made big difference insane crowd meeters hawkers assault walk arrivals lounge.",0.12484771962044694,0.4163666972757881,Nov 24 2007
34,34,"DISASTER! After reading positive reviews site, I've decided book 4 night stay hotel. What mistake! It seems logical explanation good reviews, except... There big sign front lobby elevator, saying &quot;Post good review us tripadvisor.com win 2 nights free stay&quot;. Yes, stayed know I'm talking about... I personally seen 5 different rooms hotel, horrible. But, come later. Now, I'll talk everything unfolded. Nobody waited us airport, despite arranged pickup. Fine, go out, haggle brains taxi drivers, get imho great deal (750 INR) nice AC car. We get - idea reservation. After lots talking etc, say fine, we'll give room freshen up, we'll see. We go room. I many places world, work passion travel takes virtually everywhere. I seen DISASTER like anywhere world. Literally anywhere. The room tiny. Dirty. Cramped. Smells like HELL. The bathroom worse public toilet Moscow road underpass (or subway matter). And really hard beat public toilet Moscow road underpass. I get upset go downstairs talk concierge. He says, really understand problem is. An Australian fellow overhears conversation, starts talking me. Turns colleague, town reason are, another colleague own. They've booked 2 rooms, arrived late night, choice. They shocked well, despite far first visit India. Together, started looking new hotel. As walk back upstairs, I see cleanup operation progress one rooms (the door open). 3 guys, dirty rags, busy smearing dirt around room, instead cleaning it. One guy, whacking headboard bed (yes, whacking) dirty rag, remain etched memory long time. Long story short, I got second room. A higher end one. Yes, bigger co-worker's. Smelled little better (still horrible). The washroom though - story. Anyhow, stay 2 nights, moved Sri Nanak Continental. Look up, care read review it. Bottom line - STAY AWAY place Channa Market general. If can, avoid Karol Bagh too. Not everyone afford that, though. A couple additional points: 1. One Indian colleagues went upstairs us, night first day. He told us, considered ok/nice average middle class family India. In words, I guess seems bad westerners. 2. I got meet owner hotel, second day. He felt genuinely chagrined unhappiness. He spent talking me, gave us duffel bag logo gift (didn't really want take it, colleague wanted it). He also forgave us additional charges (water etc). I mean laughable amount 90 INR, effort counts.",0.013040238450074532,0.4577185792349726,Nov 15 2007
35,35,"It's New Delhi Above average compared New Delhi moderately priced hotels. If possible, call direct book--much cheaper. Everything worked; A/C, TV, fan, hot water. Asked received fresh towels necessary. Tip everyone helped stay way out.",0.058884297520661155,0.5667355371900826,Nov 15 2007
36,36,Bit culture shock This good (with air conditioning back generator). Delhi quite shock system nice oasis. The metro close easy use. The rooms clean front desk staff spoke English.,0.32857142857142857,0.4904761904761905,Sep 17 2007
37,37,"Likely best find -- walk shopping This decent heart shopping district (walk 1/2 block main street). We stayed several days two separate occassions notice big difference first floor third floor rooms -- third floor much nicer quieter. For price, best find Delhi, location great shopping. Also walking distance (about 3 blocks) GREAT restuarant -- Udupi (its clean, cheap, great South Indian food!!). On side, doormen lasiest I've seen anywhere, management seemed nice.",0.37635802469135804,0.45401234567901244,Mar 23 2007
38,38,Hotel trÃ¨s symptahique,0.0,0.0,Sep 17 2008
39,39,Service trÃ¨s attentionnÃ©,0.0,0.0,Aug 5 2008
