,Unnamed: 0,Reviews,polarity,subject,Dates_extracted
0,0,Good noisy We stayed one night room close reception. All noise hall way reception could clearly heard room night. Also cat fights window providing noise. Try get room far away reception and/or wear earplugs.Eevrything else worked OK.,0.31666666666666665,0.6638888888888889,0.6638888888888889
1,1,"Good Place Stay This fairly small well sited middle Delhi Connaught Place. Rooms variable size well appointed us.Staff areexcellent helpful, whilst attached restaurant excellent food service.Connaught Place undergoing extensive restoration, quite bit mess area.Only trouble lounge area friends meet, use restaurant purpose without difficulty.",0.159375,0.37604166666666666,Nov 20 2009
2,2,"Centrally located clean good restaurant As reviews driver unsure exactly Connaught Circus. I recognised It looked exactly like pictures tripadvisor. Greeting pleasant, room small clean well appointed. Restaurant excellent. Location central part Delhi plenty shops, clubs restaurants within minutes walk.There noise, perhaps cinema, unbearable. I'd definitely stay again.By way think visiting (fairly nearby) Indian Coffee House - dump!",0.2833333333333333,0.5172619047619048,Nov 19 2009
3,3,"Clean rooms great service good location value The staff attentive room exceptionally clean. It also quiet great daylight finally got sleep, due jet lag, yet hear usual daytime traffic noise. The also kind enough store one bags week visited cities Rajastan. Overall, enjoyable stay great price - Don't put exterior, great inside.",0.37677083333333333,0.6336458333333334,Nov 15 2009
4,4,"Took money left us stranded streets delhi night! My husband I traveled widely around India, yet nothing prepared us predicament faced booked hotel! Having consulted TripAdvisor seen high rating Hotel Palace Heights clicked booking led us hotels.com (expedia.in) booked 2 nights. Our booking confirmation hotels .com came husband's credit card charged full amount. We took print confirmation travelled via train shimla arrived new delhi 10 pm night met bewilderment front desk palace heights! They saw booking confirmation said received booking rooms available us. Without apology said must hotels.com's fault NOT RECEIVED ANY BOOKING! We visitors Delhi know next. Attempts reach hotel.com hour failed left dilemma spend night. We eventually manage find overpriced badly located later night trip ruined experience.Hotel.com say hotels's fault money HAS NOT YET BEEN refunded nearly three weeks incident! To sum : THIS HOTEL IS NOT ONLY EXTREMELY UNPROFESSIONAL BUT UNTRUSTWORTHY brings website's recommendations disrepute. Be warned book site may end predicament, pay room unable stay weeks trouble trying reclaim money vain.",-0.052784090909090906,0.40070075757575757,Nov 13 2009
5,5,"Excellent Value I stayed one night November. It difficult taxi driver find hotel, outside look great, rooms inside great, modern clean decor, flat panel TV, lovely bathroom. They're huge rooms, they're comfortable. The location perfectly central, loads shops, restaurants, ATMs step hotel. All staff, reception housekeeping, courteous helpful. The food restaurant, Zaffran, wonderful, service also exemplary. There also complimentary water, fruit internet, welcome juice. I would rate higher 3 star. Also, note -- I ate fresh fruit provided room got finished. It good eat fruit could trust.",0.40458333333333335,0.6537499999999999,Nov 3 2009
6,6,"Nice Place tourists/night stay. I visited Delhi tourist spouse young kids. I want pay high price nights stay typical 5 star hotels, I chose based reviews. All needed night stay safe, clean comfortable place. Although little higher price side offers (not big, ok size rooms). Location perfect rooms clean comfortable. Bathroom immaculate. Most site seeing locations closer place central park, Metro station right there. Restaurant also fabulous. Overall nice experience would recommend high ratings. Free wireless Internet service. For vehicles, Parking streets, free charge difficult find.",0.2718588386921721,0.5762543752543754,Oct 31 2009
7,7,"comfortable excellent restaurant The Hotel central. The room clean able sleep 3 room. expensive hotel, worth restaurant central position. The staff extremely helpful, even extent accompnaying us find ATM worked.",0.22907407407407407,0.6333333333333333,Oct 27 2009
8,8,"Excellent Good Value Down Town Hotel Great location right heart Connaught Place close metro station. (Beware though, quite small street frontage speak of, taxi drivers may know is).The two best things restaurant - great breakfast dinner (some best food I've ever India) - enthusiasm staff willingness help everything.Rooms well appointed confortable. althougha bit small side. The AC bit aggressive room forced turning night avoid cold. However, that's minor niggle.Internet worked fine reasonably fast.The negative aspect booked another couple nights following week, informed evening left unable honour extra nights. Had I gone desk book taxi following morning, I suspect I found late.Good value Delhi. Overall, recommended.",0.1650793650793651,0.4358523119392685,Oct 26 2009
9,9,"Clean modern We stayed 3 nights late June one night early July way back home. The modern clean. The AC worked well good escape hot temps outside. Rooms small side much lobby, wanted sit around/linger really place that. Our first room faced interior air shaft/courtyard second one faced side street. Staff friendly helpful met owner one night also pleasant accommodating. Breakfast included western (eggs, pancakes) options Indian options. There much see Connaught Place, many restaurants walking distance. It strange walk first night dinner one people street considered center town. The arranged car pick us driver (Bobby) nice tried sell us tour guide services entire ride hotel. He even tried take us office BEFORE dropping us hotel, politely declined saying long trip wanted get shower/sleep. This worked took us hotel. Because friendly seemed like good guide hired drive us around tour Delhi couple days later barely spoke throughout entire day spent him. It seems used Delhi facts get us book much say. His company seems work exclusively Hotel Palace Heights, beware booking tours hotel. He nice honest, offer much way tour. Overall, experience good one. If looking modern, clean safe &quot;center&quot; Delhi, can't go wrong Hotel Palace Heights.",0.20751851851851852,0.4250370370370371,Oct 25 2009
10,10,"perfect service I stayed end august (29.08.09) Delhi - simply perfect!!! You can't ask nicer, welcoming service. Everybody staff friendly tried help every way - access internet, phoning agency I've booked ac-cab sight seeing tour show up. The receptionist made come less 5 minutes 8after I've waited half hour vain). M. Wasim reception desk extremely kind, also colleague duty shift.I recommend hotel. Connaught place heart Delhi, rooms comfortable, European standard, pleasure find nice clean bathroom travel Himalayas. welcome drink (juice, course India all) offered well fruit basket. It simply perfect.",0.40805555555555556,0.6322222222222221,Sep 1 2009
11,11,"Definitively favorite place Norther India! I stayed India three weeks visiting Rajasthan, Uttar Pradesh, West Bengal Mumbay. I spent two nights Palace Heights beginning trip two end. The staff extremely friendly efficient, making feeling home (if even better!). The service professional, discrete efficient. They arrange perfect tours transfers from/to airport. The quiet oasis heart Delhi, clean rooms furnished contemporary design style. The restaurant one best I tried India, cozy relaxing. You buy five star quality price three star! A modern confortable strong personality!",0.3464285714285715,0.4845238095238095,Aug 24 2009
12,12,"Expensive/Annoying price We could hear incessant banging first TWO rooms put us in. After finally getting settled quiet room, put disturb sign, people kept calling knocking door give us things like cookies - nice, annoying. They also pressured us using travel agent tour Taj Mahal. The car driver priced barely working A/C. The driver really talk us (for 2 hour 3 hour back drive) kept making us go places buy stuff (we stopped anyway). The car seat belts. The staff also told us differing info much things going cost Monday Friday electricity goes every often.",0.05555555555555555,0.45185185185185184,Jul 12 2009
13,13,"Nice expensive We stayed two nights Hotel Palace Height. The expensive size room &amp; bathroom had. The view room great.. On first night hot water, staff fixed problem quickly. However staff courteous provided good service.If Delhi couple days want good location attraction, fine.",0.18958333333333333,0.6569444444444446,Jun 9 2009
14,14,"Excellent service I've stayed number times far - always business - one thing stands customer service, staff's desire please.The small, well kept, clean. The wireless internet used problem, fixed it. The food Zaffran excellent... breakfast order, always prepared well. They cater lot foreign tourists.The location superb. Right Metro station makes traveling around Delhi breeze. Its also heart Connaught Place (CP) plenty options shopping, restaurants, entertainment, great walk around evenings traffic lighter.I've always pleasant experience hotel, would recommend anyone wants clean, safe, good place stay. It little pricey, I think would better valued $25-30 current rates.",0.3566609977324263,0.5560657596371881,Jun 4 2009
15,15,"take chances We stayed two separate occassions. We landed Delhi stayed night leaving elsewhere. Our first night awesome. The room small, adequate. It nicely decorated clean. No complaints. When returned days later different story. Our room even smaller first night. We given dirty towels bed sheets. The walls scuffed dirty. The thermostat control filthy black. When complained, staff apologized,but it. It hard believe hotel.It cheap either. We paid $183.00 Cdn Expedia, good value money. We paid transfer get one, get refund. The outside looks rough, inside nicely decorated. The restaurant attached hotel, Zaffron offers great value money. The food service one best India.",0.07737179487179485,0.5046153846153845,May 20 2009
16,16,"A good staritng point The service excellent, particularly restaurant. The rooms modern bathroom good shower. Rooms bit small view, kept clean, clean linen every day. Complimentary fruit, water snacks provided It relatively expensive compared rest India, worth Delhi. Breakfast included rate good choice decent buffet. The food restaurant one best Indian restaurants visited good value",0.4197777777777778,0.572,Apr 30 2009
17,17,"Good conveniently located Connaught Place Well located Connaught Place getting tuk tuk varying sites Delhi. The better 'average 3*' rating good enough ' good 4*' rating. The service good rooms clean, little small side. However, Delhi day night (which were) exactly want. The restaurant (attached hotel) called Zaffran good.",0.26147435897435894,0.5853846153846155,Apr 29 2009
18,18,"Excellent well priced right thick it! This third stayed to-ing fro-ing Delhi. It cheapest (Â£98 per room per night inc breakfast), nicest best placed lot!The staff great helpful. The room lovely, clean well equipped. Best restaurant central position. The breakfast excellent ate restaurant last night India, reasonably priced one best meals trip. The location better - walk door right middle intensity Connaught place! But inside calm haven. If got nights Delhi - stay here.",0.37443310657596374,0.4863378684807256,Apr 23 2009
19,19,"Perfect Boutique Hotel If lookin Delhi centrally located, affordable, convinient Palace Heights place stay. The located inner circle connaught place second floor. The approach kind looks deceptive enter premises bet heading good experience. Its small property 15-18 rooms only. There restaurant called Zafran serves great Indian food also popular among locals. Complimentry morning breakfast served too. Being small property assured personalised service. The staff right doorman entrance manager friendly ever welcoming. The rooms small cant expect anything grand price (rs.6000 - 7000) part city. The room decor modern bathrooms done well too. Its great place tourists lookin affordable accomodation, central location, looking aminities wanting sleep night good rooms eat good breakfat get spend day. Applies business travellers well.",0.3255357142857143,0.5651190476190477,Apr 20 2009
20,20,"An individual personal service We stayed two nights palace heights would definately recommend it. The room stayed clean amenities would expect, little small. The location great getting feel Dehli although I would warn stray far beaten track goes everywhere Dehli. The restaurant excellent reasonable price. I know could eaten cheaper ten pounds two us could eat seemed good deal us especially good. The staff friendly helpful would go back again, fact go back restaurant last night India unfortunately booked another nearly good.",0.22520833333333337,0.5258333333333333,Apr 19 2009
21,21,"Great respects The well located Hotel Palace Heights Delhi oasis . The rooms exceptionally clean well thought . They well deocrated things would expect good considered good room service , wireless various complimentary touches . The staff exceptional service excellent attentive respects .The restaurant also great serves fanatastic food North India , service great restaurant manager particularly helpful recommending dishes .Highly recommended",0.5153846153846154,0.6833333333333335,Apr 18 2009
22,22,"Fantastic central location The small great, central location Delhi. The rooms fantastic, I can't fault anything wrong rooms. The restaurant also great - I highly recommend it.",0.20111111111111113,0.635,Apr 10 2009
23,23,"Don't judge book cover Arriving Connaught Place, Delhi experience itself. Oh goodness, driving like nothing earth I ever seen before. Cars, people, bicycles, tuk-tuks anything goes.From outside looks small unassuming inside cool air-conditioned loveliness travel stresses disappear. The Reception staff helpful english excellent. We arrived India 3 21 nights booking, staff recommended travel agent - Perfect Holidays, helpful man, Javid organised next 8 nights us including internal flights, accommodation driver.The room little small side clean bathroom usual trimmings - extra loo roll, shower cap etc.The great location, smack bang middle shopping area close underground Palika market. Breakfast Restaurant lovely - choice indian, continental english. This one better hotels stayed trip.",0.1947222222222222,0.4219047619047619,Apr 6 2009
24,24,"Fab fab fab fab!!! This second stay palace heights, great first one! This definitely one I would recommend people stay at, everytime visit delhi. They excellent restaurant attached, althou living UAE gives access great indian food, truly authentic. Their room service even fab, meals reaching 10mins! The rooms althou small immaculately maintained troubles may dealt immediately. The staff, right manager various service attendants polite, ridiculous. I stayed various hotels India none wonderful experience. Literally, one make complaints. Its perfect Boutique hotel. Only thing missing possibly spa, wrap deal!Will definitely keep staying Palace heights, everytime I visit Delhi.",0.29157268170426065,0.6352130325814537,Mar 30 2009
25,25,"Highly recommended - comfortable rooms modern flair good food! Situated Connaucht Place. Spacious bedroom bathroom. Furnishings all-round elegant good condition. Amenities: Airconditioning functioned well, safe, upon arrival complementary fruit basket (1 apple, 1 orange, 2 bananas, 2 chocolate biscuits) daily two large bottles water, facilities make tea coffee, free daily newspaper. We like Indian food authentic possible, i.e. spicy hot. Hotel Restaurant Zaffran satisfied criteria. In fact, food absolutely delicious, delicately spiced, hot. Two main dishes plus two portions Naan bread bottle water average cost 775 900 Rupee. Although breakfast buffet rather simple, food good. The usual cereals, two kinds fruit, bread, butter, jam honey. Orders eggs, bacon/sausages/ham, toast, coffee tee taken waiter. The coffee absolutely fantastic! Each cup prepared separately freshly ground coffee beans. The &amp; restaurant staff competent, friendly helpful. We thoroughly enjoyed stay hotel.",0.3254804421768708,0.6234183673469388,Mar 21 2009
26,26,"Great service location breakfast value money! We booked day room Palace Heights end trip arriving sleeper train 9:15 flying home night, would hesitation using entire stay Delhi next visit. We smooth speedy check-in, ravenous, eaten train morning, went straight breakfast delicious, especially pancakes capuccino! Our room spotlessly clean comfortable, kettle tea/coffee, shower gave ample hot water lovely toiletries. The first floor (there lift) means rooms quiet, location Connaught Square excellent - loved great bookshop 2 blocks away. Best all, however service: doorman downstairs loaded luggage lift whisked us reception, smiling receptionist waiters restaurant - nothing much trouble, every member staff eager please. I highly recommend Palace Heights great value money.",0.4165079365079365,0.6467460317460318,Mar 15 2009
27,27,"The Best Ever ! Will back I'm glad I chance stay Palace Heights.I traveling alone Delhi architecture conference. I'm woman Delhi's first timer.I 'research' tripadvisor decided choose 3 hotels stays: Ginger Hotel, Hans Hotel Palace Heights.I good hunch Palace Heights, since first email conversation general manager, Mr. Joseph. He responded email made sure reservation secured. Palace Heights high demand among travelers I see stay.I loved building settings. Palace Heights example successful adaptive re-used building. The location perfect, center CP minute walk fabIndia.I loved room - minimalist, simple clean. I loved window facing CP witness bustling busy experience downstairs. And goof thing room quite - can't hear anything outside.But thing I loved superb service warm greetings ! From receptionist restaurant, housekeeper general manager! They best help make sure stay incredible. And did.I'm really impressed I asked help whether I print essays presentation conference. They business center. So was, take hotel's main office, located couple blocks hotel. And insist take hotel's car. After I print everything, car drove back hotel.The porter always accompanied I want take tuk tuk made sure driver know I want go bargain price me. And bonus - free wifi !I'm blessed kindness I accepted stay I back Palace heights experience.",0.4436711711711711,0.5655083655083656,Feb 27 2009
28,28,"High Standards reasonable price Arrived London, pick (arranged hotel) waiting us. The located good part New Delhi, short walk shops parks Metro close by. The staff extremely helpful friendly, rooms clean modern. The restaurant excellent. The negative points were: 1. We specifically booked twin beds (travelling daughter) arrived available. The first night found us another room, second (a week later) provided Collapsible bed quite uncomfortable. Unfortunately problem occurred wherever stayed trip. 2. The second minor problem surging shower fluctuating water temperature (not extreme merely annoying).",0.05356376262626264,0.5359532828282828,Feb 10 2009
29,29,"A great respite bustle New Delhi The location fantastic, Palace Heights give oasis calm right middle Connaught Place.The staff extremely friendly helpful, good recommendations restaurants area, since matter restaurant (and good) -- can't eat every night.The included fruits, water breakfast help get day good start easily hassle.I also arranged airport pickup everything went smoothly: driver time, professional etc..",0.4215700965700966,0.5618148518148517,Jan 31 2009
30,30,"A Haven Peace My husband I stayed Palace Heights start Indian holiday November. We arranged airport pick sadly landed. We called immediately got driver us really delayed. On arrival (given 6 morning) got us welcome drink told us room would ready 20 minutes. This real bonus meant could sleep hitting Delhi.Throughout stay staff really helpful. Changing money smaller notes, booking cars etc.Each day complimentary water fresh fruit. The real away bustle Connaught Place food Zaffran restaurant really good service also excellent.",0.27499999999999997,0.5416666666666666,Jan 5 2009
31,31,"Good location tidy professional staff We stayed various nights December 2008 used hub number trips throughout India.The renovated recently offers business-style, clean tidy rooms spacious beds fine bathroom (the best one trip, always enjoyed coming back ...).From hotel, easy acces various shops (incl. Western shops sometimes attractive proces) Connaught Place, restuarants included. From meters new subway, brings e.g. directly railway stations hardly money. We used several times always enjoyed ride.The staff professional also takes take guest's needs. We used airport pick-ups drop-offs.The restaurant offers good food, elevated prices (compared options outside hotel) worth staff great friendly.There might cheaper place stay Delhi, Palace Heights benefits central location, professional staff proper rooms. We'd go back return Delhi.",0.23665775401069514,0.393663101604278,Dec 31 2008
32,32,"Fantastic! Stayed business trip, rooms lovely staff extremely helpful. Will definitely staying next trip Delhi! Highly recommended.",0.1725,0.615,Dec 3 2008
33,33,"Great Stay We stayed two nights arriving Delhi US. We went ahead arranged transport (RS. 800) avoid deal prepaid taxis upon arrival. The 45 minutes away airport. Check-in smooth though room bit small, comfortable. We provided complementary fruit bottled water daily. I especially appreciated quiet got night. We minor issue hot water rectified quickly. Breakfast good convenient. We dinner Bukhara Maurya. The food fabulous!The arranged day tour Delhi using car also early morning transport Delhi railway station. Although found tariff little overpriced, would definitely stay amenities convenience.",0.22105555555555562,0.47222222222222227,Dec 2 2008
34,34,"An affordable gem Recently, I looking centrally located, Delhi, $300/ night! Happened go reviews website came across Hotel Palace Heights Connuaght Place seemed fit budget, scheme things â terms location general feel. I able easily make bookings emails promptly answered doubts clarified. From moment I entered time I checked (4 days), I knew I made right choice found really good Delhi. A place I would like come back recommend others. The rooms clean done fashionable style, importantly comfortable stay in. Some hotels take fashion extreme make uncomfortable But place seems struck right balance. The in-house restaurant absolute treat. Seems popular choice long waiting even weekdays. The courteous keep tables guests hold never made us wait table. Plus special discount guests restaurant. Also room service efficient even 3 morning food served smile. The Internet truly, wireless truly unlimited snags hidden costs. In India, many places advertise wireless really pathetic. Initially, I technical difficulty getting wireless MAC, front office guy came solved everything within time. A suggestion hotel: really nice place, though long list wines, cocktails kinds alcohols served; available rooms restaurant. A small watering hole one go long day work city go long way making feel even home. Wink wink.",0.18876870748299318,0.5355578231292516,Dec 1 2008
35,35,"Definately good place stay Service best After reading revieiws, booked hotel. I hoping clean place, defnately met requirement. The room bit small others pointed out, clean, well equipped, comfortable, right middle city, close everything.The real standout service hotel. They carried bags, arranged transportation, excellent room service, met extra request had. One travelers groups sick. They went got medication requested, made special meals her, kept eye went exploring city. I asked anything little sister sick.Definately eat hotel's restaurant. It great food. I really worried arrived, outside, looks like hole wall I would never booked it, completely different inside. Don't let outside picture worry you.Because located heart city (Connaught Place), bit expensive, paying location. It definately cheaper hotels around area looking.",0.21301759834368528,0.4821428571428571,Nov 1 2008
36,36,"Great choice price range. The Palace Heights probably one best hotels Delhi moderate price range. The location, rooms, service great restaurant fantastic. The staff especially helpful welcoming. Highly recommended.",0.45142857142857146,0.7057142857142857,Oct 4 2008
37,37,"It's ok - come food Good points:- No noise street- Central location- Cheap / good value- Good facilities room (plasma TV, large bathroom, minibar)- EXCELLENT restaurant 24 hour room service. Come like locals eat fantastic North Indian food- Very reliable airport transfers, cars right time- Helpful staff rectified issues immediately (see below)Bad points: - Noise people's rooms, slamming doors, voices corridor etc- Bed sheets towels dirty I arrived - quickly rectified - Surfaces also dirty - reception apologise immediately sent cleaner - Expensive minibar - expect! - The sink drain smelly flies congregated around itIt's good choice expect noise guests, question reception feel things clean.",0.2312500000000001,0.5782142857142858,Sep 22 2008
38,38,"Friendly I've booked via Desiya Indian website got good price. I bit concerned I going small fella wife. It wonderful experience - breakfast brilliant continental well Indian Poori Bhaji delicious! As wife indisposed 3 days made hot chapatis take room son enjoyed cereals. I Beer &amp; dinner days service attentive - served good mughalai dishes! My son Rice &amp; Dal Makhni time call Brown Sauce!! As mentioned already TV good rooms independent SKY receivers entertainment. This well located shopping trips Pallika Bazaar short distance away Ghafaar market, thoroughly enjoyed walking I got dehydrated?!!! Very clean place recently redecorated - recommended.",0.48401348039215686,0.6314705882352942,Sep 10 2008
39,39,"Clean Modern cozy central While travelling India I booked internet hotel.There many pictures much information reviews seemed good enough I took risk. It well worth it. This small centre New Delhi, close everything may best choice affordable yet clean beautiful stay. It recently renovated although rooms small, good service, clean quiet (unlike rest India). aircondition (but heating.. even though temperature January quite low.). I definitely reccomend safe, cheap, clean choice.",0.20812121212121212,0.5095151515151515,Sep 3 2008
40,40,"Fantastic! A true gem. Hotel Palace Heights superb boutique heart Delhi. Exceptional service friendly staff us staying quiet twice summer. Spotless rooms central location, hotel's Saffron Restaurant also treat.Staying truly heaven. Our thanks wonderful staff made stay Delhi memorable.",0.45916666666666667,0.6833333333333333,Sep 2 2008
41,41,"Clean great staff - little gem While lot less ostentatious pricey big international hotels ND, little place really deserves high rating.Stayed days arriving India, one night shipping back Europe. The staff extraordinarily friendly, rooms clean comfortable beds good modern amenities (plasma TV every room international news channels us still like stay touch). While located smack middle Connaught Place plenty restaurants around, restaurant also worth visit. Well priced delicate food, looked managed helpful manager really nice staff.The drawback lack pool / SPA. For that, go bigger hotels outskirts town (well, so) want make trade off. All all, place warmly recommend!",0.17506666666666668,0.43026666666666663,Aug 12 2008
42,42,"Clean safe comfortable Dehli! Arrived New Delhi transfer waiting, promised. Check-in easy staff great. The room modern, small view less spectacular. If plan Delhi short stay go time, place great. If planning spend nights in, could feel bit tight. That said, everything else amazing. The room flat screen TV, snacks fruit bottled water extra charge. Room service great offered 24 hours day. The linens nice clean. The pillows lovely. The bathroom beautiful floor ceiling marble, shower large good supply hot water. I think power may issue once, bad. The towels clean toiletries offered nice. The complimentary breakfast huge! For low price winner, clean, great service central location make hard beat!",0.3515950834879406,0.6074904143475572,Jul 10 2008
43,43,"comfortable stay I stayed two nights &amp; dinners here. The contemporary one style, elegance &amp; modern amenities. The food restaurant- Zaffran really blessings tastebuds.",0.24166666666666664,0.36666666666666664,Jun 16 2008
44,44,"Stay away love God We completed 5 days stay hotel. two days prior arrival asked airport pickup. That happen, much apology provided.We arrive hotel. takes 30 minutes check us in, even though ones there. Funny thing that, claim 40 rooms, actually 15. lies continue. They also claim free internet access. mean is, good internet subscription phone, also work within hotel. They still tried convince actually wireless network, I said show me, said, know how, can't call anyone.The room small, feel clostrophobic. And aircondition icy cold really hot. The &quot;fancy&quot; flatscreen oldest LCD samsung available, picture quality awful. All furniture cheap plastic.Someone mentioned give complementary fruits, water cookies. eat cookies, otherwise, get new ones, eat fruit, leave it. see tasty picture moldy fruit. even bottled water expired. kidding me.The building, completely delapidated building, matchwebsite pictures.the &quot;wonderful restaurant breakfast&quot; someone mentioned. There two fruits cut last night, cereal, order omelet pancakes. Don't last, gave us little brown present two days - know I mean.Location: connaught place really dirty, shopping good, feel disgusted dirt flies. If Indian, problem, white, 1000 conmen ready approach aggresive way. Our Indian friend also advised us go outside 7. yes, I said 7.Now masterpiece. The reception. They 20 years old, combined intelligence 10 year old. They cannot answer questions, like airport question, shopping question, internet question, etc etc. When checking out, boy spent 30 minutes counting minibar, went back room, actually checked one time could leave, make sure take 40 Rupee cola. keep mind spent 32500 rupees room.All All, big favour. Do budget travel Delhi. We hotels India, one takes price. WOW.",0.02782241014799154,0.4591690157387834,Jun 8 2008
45,45,"fine short stay Arrived located second floor period building overlooking Connaught Place midnight staff expecting us. The room clean, functional 'modern', mock wooden floors minimalist furniture, decorations bathroom. Linen spotless towels plentiful, chocolate biscuits evening snack along complimentary bottled water. But room felt small, one would somewhere could relax end long day's sightseeing really get comfortable wanted 'day off'. Thereâs something bit clinical cold dÃ©cor. We stayed transit (arrived midnight, departed 0700 next morning) fine, would business meetings day. Breakfast included room rate either restaurant delivered room (no extra charge). The breakfast fine without memorable. The gets 'above average' rating clean, staff helpful, cost spot-on.",0.14444444444444446,0.42380952380952375,Apr 25 2008
46,46,"nice We stayed 4 nights nice welll located, clean , staff nice helpfull reception restaurant The Saffran In previous review one person mention bad thing could say towel old, well replace new one The beds confortable . They give every day 2 bottles water fruits , newspaper morning arrival serve juice. We tried near Zen restaurant good , 5 minutes walk right side get hotel. Do surprise arrive building announce inside seconf floor old buiding, renovated 1 year ago. It expensive New Delhi hesitate book .",0.2399083269671505,0.5798905016552076,Apr 21 2008
47,47,"Great Just great. Very well located Connaught Place, great rooms, nice furnished modern decoration, flat screen tv, nice bathrooms, nice restaurant, friendly staff, affordable... Definitely kind hotels want find. I'll back.",0.43557692307692303,0.6173076923076923,Apr 17 2008
48,48,"Very good I went India April 3rd stay Palace Heights 2 days going Jaipur, stayed last night India April 10th. This nice hotel, good rooms, large OK, LCD TV offer day mineral water fruit basket. The bathroom good too.The dinner breakfast room nice, staff friendly. And I must say center Delhi, near Indian international shops. I recommend hotel.",0.36962172442941665,0.47741053817976903,Apr 15 2008
49,49,"Cute little Very small room. The staff friendly helpful . It's good price location running around Delhi.The restaraunt, Zaffron, best thing hotel. The menu great prices $15 per meal.I recommend Delhi.",0.4389285714285714,0.6214285714285713,Apr 10 2008
50,50,"Refreshingly good...a must stay visit Delhi Location: heart city. never ask better location. This considered finest location New Delhi.Rooms, Staff, Service, Reception: ExcellentBreakfast: Complimentry excellent choice menu.Very good decor peaceful.",0.5143939393939393,0.6757575757575758,Apr 8 2008
51,51,"A Hidden Gem Excellent management &amp; staff:-This place unassuming front fairly new. Small 14 rooms, excellently managed. Well staffed pressure tip whatsoever. Your every wish command make feel special. Asked hair dryer, iron, extra towels etc. supplied within minutes. Forgot switch &quot;do disturb sign&quot; outside door one occasion. Hence found rooms made return evening. Called reception. No problem. Room made 10 minutes. Seldom one see service.No queues check-in check 14 rooms.24 hour room service @ extra charge. Safe deposit &amp; Minibar Good air con / heating .Thick fabric window blinds keep blazing sunlight let late morning sleep.Plasma TV wallComfortable super king size bed nice pillowsLarge interior illuminated wardrobe plenty space. 2 full length dressing mirrors wall .Complimentary breakfast - cereal, fruit juice,egg, bacon, sausage, toast, Indian poori potato masala. Egg served many ways. Try masala omlette like spanish omlette &amp; lovely. Coffee expresso, cappucino simply black.Free newspaper call breakfast close 10.30am (in case forget)!Toilet:Extremely clean &amp; shiny toilet brilliant shower. Plenty hot water. Shampoo, body lotion soaps provided. This toilet I ever seen mirrors get misted shower, thanks excellent ventilator fan, also removes odours instantly. Plenty thick clean towels.Airport pick worked well.Restaurant:Checked 12pm late flight although closing time attached Zaffiran restaurant, still let order menu! Their food good . Tandoori chicken cooked perfection. Also try lamb dish (cant remember name) whole leg lamb prepared exquisite spices. The hyderabadi mutton biriyani also recommended. Plenty locals eat here. For $25 2 people three course meal! Nice decor ambience well.And GBP $150 per night Connaught place. What ask for? Interestingly, I tried book rooms via trip advisor, booking agents said &quot;room available&quot; offered rooms places, I emailed directly, vacancies!On hand want window views gardens, look elsewhere, price, place cant beaten.Certainly recommended stay again.Good management always counts!",0.24489743783348436,0.5698786872042685,Apr 4 2008
52,52,"Did honor reservation agreement I shared room two friends. The manager confirmed via email would room six nights paid deposit. On arrival told us room three nights. Different people manning reception gave conflicting reasons so. However reasons convincing booking screen computer noticed two guest booked reservation. Furthermore manager agreed six night reservation nowhere found even staff. They tried move us another related city center refuse due prior breech trust. We Delhi conference skip part look another hotel. This extremely disruptive. The impression I tries get moving less popular co-owned due &quot;unforeseen circumstances&quot;. I recommend using important business since honor reservation agreements unless mind finding another last minute. Apart this, rooms well furnished expected price charge, service prompt.",0.043518518518518526,0.5587962962962963,Apr 3 2008
53,53,"Great Choice One Night Overall, fine place stay one night; however, one met us arrival IGIA take us hotel, even though previously booked transfer re-confirmed prior arrival. Not best way start stay. The claims someone there, see him. We waited 45 minutes, decided one coming. There TONS drivers signs waiting, us. We took pre-paid taxi, easy reasonable, taxi drivers seem know is. If get Connaught Place (which DO know), stop someone street ask hotel, telling located behind Odeon Cinema (there one cinema Connaught, though). The small unassuming, somewhat difficult spot street (it's second/upper floor storefronts). There entry door ground level, well-lit staffed security guard two employees (e.g., bellman restaurant maitre 'd, I think). There lift second floor. The lobby area tiny (just front desk two chairs), Zaffron restaurant (attractive, well-staffed, drinks I can't comment food). Our room tiny well, enough room walk around perimeter bed. The bathroom decent size, standing shower Western toilet. Some basic toiletries provided. Hairdryer upon request. The room modern pleasant-looking, comfy bed, suede throw pillows, flat-screen TV. Complimentary wi-fi access rooms worked perfectly. Two bottles complimentary water provided, along chocolates fruit plate (we get sample included breakfast due early departure), welcome drinks upon arrival. The able change money us; ATM machine visible nearby. I hesitate stay again; great value (approximately $150 USD double room) find location.",0.180047619047619,0.47361904761904766,Mar 30 2008
54,54,"Excellent stayed 1 night, extremely helpful staff, clean modern room, good restaurant, sanctuary middle delhi, near excellent metro system stationi positives say",0.3635185185185185,0.68,Mar 9 2008
55,55,Smashing !!! Clean tidy central!! 4 star !!! This lovely. clean tidy well positioned. bang heart everything. I would rate 4 star !!!The staff friendly alway willing help you.There also lovey restaurante hotel.The rooms fitted plasma screen tv mini bar.There also railway near by. went agra day see taj mahal. 2 hours express train 4 hours normal locals train. went express train agra returned locals train experience. would reccomend this.,0.3362689393939394,0.6,Feb 21 2008
56,56,good central This really good arrive delhiIts central location staff nice even though many knocks door one thing anotherIt clean comfortable towels old grey!When started looking delhi really difficult find one either really expensive looked dirtyThis neither even though expensive hotels stayed india definitely worth,0.1814444444444444,0.5516666666666666,Feb 16 2008
57,57,"Wonderful Boutique Hotel The Hotel Palace Heights certaintly excellent value stay central Delhi.The service overall outstanding. Full nice touches - complimentary fruit bowl &amp; chocolates arrival - best soaps &amp; lotions I ever used - good breakfast courteous &amp; professional staff. The rooms *are* small (as - large foyer bars enter via lift) I would book extended stay - modern stylish find anywhere, weekend overnight ask more. I booked direct via email - though I change original booking 1 night (from 2) email acknowledged - ensure clear outset. But I penalised went well. I'm debt fellow reviewers website - I would found chosen without help - I glad add voice chorus approval - regret staying Delhi longer !",0.37626623376623375,0.6144047619047619,Jan 27 2008
58,58,"Pleasantly surprised When I first started searching net Delhi I horrified cost accommodation. We definitely wanted stay close Connaught Place central position important . I realised I would pay bit usual searched medium hotels. The Palace Heights looked ok photos website good. It said recently re-furbished. I realise refurbishment preparation 2010 Commonwealth Games. Took plunge booked. My husband I travellling another couple none us strangers India, prepared disappointment. Arrived airport took pre-paid taxi. Remember printed full address hand show driver. Connaught Place divided sections important driver full address. We arrived took lift reception. Looked allright, clean modern. Yes, expecting us (relief) shown rooms. Airconditioned, modern clean flat screen television wall. The bathroom compact, marble clean. There view window yes, passed test. We ate restaurant excellent. It packed locals always huge recommendation. We stayed three nights complaints. Then left heavy luggage travelled Rajasthan week. We returned final night, luggage safe sound, restaurant still great, staff always obliging. Breakfast served restaurant ordered menu - nothing flash certainly good. This good certainly fits bill wanting pay 5 star Delhi prices wanting pleasant surroundings, cleanliness safe place rest course position.",0.2953711484593837,0.5498949579831933,Jan 6 2008
59,59,"Great Hotel heart New Delhi Hotel Palace Heights New Delhi great hotel. We stayed two seperate occasions trip India pleased experiences. The renovated relatively recently. The rooms modern sleek, importantly, clean. The room got first night Delhi small, comfortable. The bathroom clean new, water hot. On second time around, room bigger, nice, equally clean comfortable. It seems Delhi options mid-range budget - everything either ridiculously expensive luxurious, ridiculously cheap disgusting. Hotel Palace Heights right middle terms price wonderful bargain. It heart Connaught Place, too, excellent location. The attached restaurant, Zaffran, delicious. The food safe clean really excellent. The service matches food decor. Like many places India, menu shows liquor beer, available, doubt glad know amount time India. The staff kind helpful. Highly recommended.",0.3251749151749152,0.6314238914238913,Jan 4 2008
60,60,"Heaven Hell! We stayed 1 night 13th December 2 nights Hotel Ajanta (see seperate review).This Connaught Place, section D. We booked turning suitcase! I trying work stay taxi Ajanta Hotel, bad! This worked approx Â£80 bed &amp; breakfast two us.Room small everything needed, reminded Marriott back home. Bathroom lovely, water either hot cold hey small price considering come from! Plasma TV wall, coffee &amp; tea facilities. They also gave us fresh orange juice fresh fruit platter - nice touch! Breakfast freshly cooked. This area western KFC, Macdonalds, TGI Friday's etc ate restaurant next door called The Embassy - nice food aware add service charge also add 'output VAT'. I would recommend anyone stay little bit expensive would probably ok 1 night.",0.055000000000000014,0.5333333333333333,Jan 2 2008
61,61,"A pleasant place stay New Delhi My girlfriend I stayed one night Hotel Palace Heights New Delhi 27/11/07. Having spent holiday India (Rajasthan) budget accommodation, decided spend bit chill last night India.Our double room cost 5500Rs + 12.5% tax including breakfast. The room excellent - comfortable, extremely clean, nice ambience (the staff said refurbished around February year). There nice touches like complimentary welcoming drinks (apple juice) later fruit platter stay. Service reasonable without fabulous. Reliable hot water room difficult find comfortable temperature (ie. temp either hot cold).Because really spend much holiday similar accommodation, I unsure whether price reasonable comparable hotels New Delhi. The thing I could compare Hotel Jukaso Inn (Connaught Place), recommended Lonely Planet, booked online last minute rush first night India, foolishly paid 3850Rs + tax double room - terrible (dirty, small)... completely different Hotel Palace Heights, literally doors away.",0.12997542997543002,0.5546478296478297,Dec 1 2007
62,62,"Great great location Hotel Palace Heights great great situation Delhi.The staff lovely level service amazing. The room small nicely furnished although views. The bed comfy.We ate lightly restaurant last night India food good I felt taken advantage earlier stay.Although room small, I felt Hotel Palace Heights aspiring great things.",0.4453333333333334,0.6244444444444445,Nov 27 2007
63,63,"Lovely small This small charming situated centrally buzz Connaught Place, 45 mins drive airport. It recently refurbished high standard modern tasteful decor. The staff friendly, courteous attentive throughout 2 night stay. The room particularly large, big bed, flat screen tv, immaculate marble bathroom large shower. There view speak of, bother me. The restaurant also excellent, serving tasty good value Indian food pleasant surroundings, good choice breakfast (not buffet). I found difficult find reasonably priced Delhi looked good, want stay big chain hotels. This fitted bill perfectly - I thoroughly recommend anyone.",0.2745375457875458,0.5599542124542125,Nov 23 2007
64,64,Excellent Palace heights excellent great location. Close metro explore whole city. Rooms clean everything works. Very nice helpful staff. Really great place stay peoplpe want save crazy city !! Close shops Cannaugt place.,0.5011458333333333,0.8125,Nov 23 2007
65,65,Excellent place stay This Hotel located CP Delhi. Simply VOW... I think boutique hotel.Its truely amazing. Room rent around Rs 4500/= single room experience fantastic.Room small stylishly done. It flat screen TVand interiors superb.Thumbs 5 stars hotel.,0.23979591836734698,0.5880612244897959,Jun 27 2007
66,66,toll - aber...,0.0,0.0,Feb 24 2009
67,67,Absoluter Geheimtipp,0.0,0.0,Apr 17 2008
