,Unnamed: 0,Reviews,polarity,subject,Dates_extracted
0,0,"Value Money We booked last minute initial plans lodging got messed I able access Trip Advisor read reviews hotels New Delhi. I skeptical booking I accompanied whole family Chennai New Delhi I want ensure nothing messes plan.The Hotel itâs outside gave us good impression fully surrounded Shops Hotel located Commercial area, however, walking inside room felt booked decent economical room New Delhi. We family 4 Hotel Staff kind enough accommodate 4 us Deluxe A/c Room Rs. 3,500/- per night. The Hotel located right near Karol Bagh Market added advantage bargainers Shopping. They Andhra restaurant food good. Overall, felt Hotel value money.",0.1843558029272315,0.46846114203257067,Oct 3 2009
1,1,"Cheap - terms rate service I stayed wife parents 3 nights Southern Hotel. The rooms service woefully bad. In 3 nights stayed in-laws chang rooms thrice. The first night offered rooms extended block street nearby; second night offered room w/c flushes work properly proper exhaust fans; finally last night departure, offered good room. The rooms offered us also high standard. The rooms might latest television sets condition rooms bathrooms (including finish) substandard. Their travel desk, though manned couple courteous staff, odd disrespectable staff managed cause aggravation. Their staff need training customer service. The private delhi city tour also upto mark driver also happened guide know details places taking us to. In short, unpleasant stay hotel, though I add end, offered complimentary drops airport bad experience gone (a decent gesture surely enough compensate experience)This cheap reflected decor service. If cost paramount mind state rooms service, fine. Otherwise, please steer well clear place.",0.10283950617283952,0.4740123456790123,Sep 8 2009
2,2,"Feedback Southern Hotels Delhi While booking room online pictures showed different image faced allotted room hotel.The room shabby, cracked walls missing soft finish patches Bathroom also stinking, definitely room worth Rs 1800 +. Also Travel desk said car asked night, would ready morning called morning double check, got blunt answer vehicles available.The billing also done incorrectly noticed clerk billing desk charged day, already paid day booking room online, would ended paying double price bad experience.",-0.027272727272727258,0.29696969696969694,Jul 13 2009
3,3,"""I feel good safe place families"" saw review Hotel Southern one review sites. stay comfortable. The rooms good. also provided complientary transfer airport. overall appreciate services hotel.",0.3833333333333333,0.4166666666666667,Jul 13 2009
4,4,"liked place services. definetely try place value money I stayed last week business trip. room good. transfered Airport hotel, great service Delhi city. liked place highly recommed fellow travrellers. yeh tour department restaurants must try case planning weekend trip Agra see great TAJ MAHALhern Travels. We highly recommend place fellow travelers.",0.47750000000000004,0.6058333333333333,Jul 8 2009
5,5,"loved room A nice place perfect tourist. Very close airport, centre city lot options shopping, close metro sights. rooms service nice issue food south indian preferred them.",0.54,0.7999999999999999,Jun 11 2009
6,6,"The best accomodation empty pocket This best hotel. Not opinion mine I brought number guests (foreign Indian nationals) loved place. Their hospitability cleanliness place worth seeing experiencing. If need cleanliness well economic tariff check hotel. Well, going first time, allow guys get adjusted you. And book advance best service.Hotel Southern wonderful place stay. Its safe secure place. I never regrets staying suggesting others stay. You may never believe least 50 70 guests mine stayed time time throughout year. They never regrets.John",0.3455882352941177,0.4504901960784314,Jun 8 2009
7,7,"Excellent Budget Hotel We reached 12 Apr 09, arranged complimentray Pickup airport. Hotel Rooms good good furniture, Food good 24 hours reception. The location good, nearer Karol Bagh Market, biggest shopping mall area, This biggest shopping mall ASIA. New building, new furniture. Totally Its good expirence New delhi.",0.5959090909090909,0.7013636363636364,Apr 28 2009
8,8,THE BEST HOSPITALITY A comfortable stay perfect staffs . one go even alone stay even ur lady . much safety aspects . pakka friendly staffs reception bell boys.,0.631,0.6119999999999999,Apr 27 2009
9,9,"Collected It difficult find reasonably priced New Delhi sort track record. We finally took chance chose Southern. Ok, Oberoi Cecil money short stay fine. We collected airport agreed taken railway station 4.00am. They arranged city tour, car driver 8 hrs Rs.750. All I think good value money Â£40.00 night double room. Not place stay one two nights.",0.17754820936639118,0.5040495867768595,Feb 16 2009
10,10,"Delux Hotel offering great facility ! offering ultimate hospitality, courtsey, great food, homely atmosphere, comfort, elegant furnishings ! My stay really worth !!",0.57875,0.72,Dec 17 2008
11,11,"It pleasant stay Delhi. The centrally located ideal tourists proceed pilgrimage circuits Char Dham etc. But please check regarding clause free drop Railway station given quotes &quot;subject availability&quot;, put trouble depended faced trouble last moment. We hire taxi outside provide us &quot;free drop&quot; got away clause.",0.18148148148148147,0.44814814814814824,Dec 17 2008
12,12,"DO NOT RECOMMEND THIS TO ANY BUSINESS TRAVELLER We booked website [-]. The pictures description totally misleading. The spread two buildings. We given rooms adjoining building (which commercial building shops sides). Only top two floors building rooms. The restaurant, reception etc main building. We asked put main building told deluxe rooms main building. Imagine, pass shops selling household items travel agents get breakfast table morning. As imagine, even bottle mineral water took 25 mins arrive room. We call reception took lot time service people get room. Also, soon get lift, see bystanders/hawkers. We feeling even luggage safe.The food service restaurant good. The average wait time food arrive placing order 45 mins 1 hour. Also, good restaurants vicinity.The location Karol Bagh shortage Cabs/ rickshaws vicinity hotel.I would recooment traveller.",0.16770833333333335,0.5104166666666666,Dec 7 2008
13,13,"Dont go website I less happy I turned 1am taken rooms, I asked see rooms I would take cases rooms.When I saw rooms deluxe room I happy bunny, I went made clear I given better room price I would going else where.I offerd two super deluxe rooms rate deluxe available til following night make deluxe room first night.after first night service much better family enjoyed stay",0.2843904633378318,0.5206027890238417,Aug 15 2008
14,14,"Good value rooms New Delhi ..., breakfast pretty basic, little western options.Make sure get booking confirmation via email, may problems check-in booked via email hotel... (but upgraded us compensate). Have good travel agency next door book New Delhi tours trips around Delhi, trains nationally.Rooms good value good facilities price, providing book super deluxe tariffs...",0.27772253787878787,0.49154040404040406,Mar 29 2008
15,15,"Absolutely You find something better bit - do. Internet pictures another era fooled those. Once get room, OK, getting scary neighborhood - leave reception area go unsecured alley. We arrived late, switched booking street even scary 1 morning - place complain. Staff helpful - particularly middle aged guy front desk. No nearby restaurants shopping. Pay little enjoy Delhi. Trip advisor recommended hotels - read reviews pay bit - often Delhi??",0.07068713450292397,0.4992690058479532,Jan 29 2008
16,16,"Only to... The rooms clean enough. However, go street Check-in area rooms scary middle night, especially given run-down appearance neighborhood.The offers complimentary pick-up expensive rooms. I pleasantly surprised sent person receive us. However, turned dismay called car seeing us took hour half waiting get car. Sure enough, delay meant hotel's restaurant closed night - significant problem traveling small child.Overall, I would recommend families kids coming U.S. Probably suitable adults adventure travelers.",0.09342105263157896,0.5779239766081872,Jan 5 2008
17,17,"Not recommended- dirty scary My husband I booked three nights left one. We arrived Delhi middle night got around 4am. Next check-in desk doorway covered sheet- behind several people sleeping floor. Our room shabby cramped, nothing like pictures website. There towels toilet paper. The sheets look clean dirt corners. Random people hanging around, walking hall night talking loudly. Worst foot-wide hole wall bathroom opened airshaft. The sounds people's bathroom activities came night. We lay awake, trying get sleep, 8am started calling hotels. Thank goodness found another got Hotel Southern 9am.",-0.20148148148148148,0.3825925925925926,Dec 7 2007
18,18,"If whant go New Delhi must stay HoI whant go new delhi must stay southern! indian, verry nise clin hotel. moust profesional good staff, verry intresting food. verry reasonable price. southern home. sure! arn best area new delhi live southern.bakur tbilisi.georgia27.02.07",0.2892045454545454,0.40437710437710433,Feb 26 2007
19,19,"A great Web site deception They supposed wait airport didn't. I tried call times nobody answers. After two hours I picked local cab hotel. Local India taxi driver start laughing kind I picked up. Area, is, quite grabby even according New Delhi standards. Rooms simply disgusting. Outside mess. I left 20 minutes paid charges one night. It possible brave hotel.",0.08011363636363637,0.4524621212121212,Feb 26 2007
20,20,"A little way Not bad hotel, bit odd location Karol Bagh, 5-10 min walk metro station makes getting round quite easy. Definately spend extra money executive suite, good sized room nice bathroom, though zero view relatively noisy outside. Saw standard rooms, 'cozy'. The complimentary airport pickup bonus, specially first time India, show up...eventually! Food quite good (complimentary breakfast good) room service, nice curries, though sag paneer radioactive looking one I ever seen!Staff friendly enough willing help, bad choice budget ish relatively pricey Delhi",0.2336080586080586,0.5065934065934065,Feb 22 2007
21,21,"Oh deceiving pictures When I first pulled outside taxi I triple-check address, ask receptionist convinced indeed one I'd seen online. Put simply, reality absolutely nothing like website portrays. Ok, many streets Karol Bargh area grubby, albeiet quite convenient central location, however difference promised online, I got warrants writing review. The lobby looks impressive enough - especiallly considering outside complete mess. The receptions helpful enough. First problem - I'm told check-out time 8:30am. I told previously email I booked - I told I would choose different changed midday - I arrived knew nothing said would need charge me.Guy takes street filthy alleyway leads outside building leads turn room is. I booked 'executive suite' - first view room looked ok - door shut, I time see bad was. The room completely infested cockroaches. Everywhere - running around bed, bathroom....I simply tired consider changing hotels, I decided brave out. I told reception come spray room, did, changed nothing.All all, something aware - yes website makes place look attractive - misleading. Caveat Emptor",0.16107526881720433,0.4721812596006144,Jan 14 2007
22,22,"Maybe good India standard meet international standards Stayed super-deluxe AC room- brand new good. They dish TV room also good. The size room small Was initially showed standard room disgustedThe service resturant breakfast rather laid back The breakfast menu limiting Kaamat resturant okay The desk service butlers etc quite good The New Delhi city tour Southern wonderfulOverall, may good local Indian Foreingers NRI's dissapointed, meet international standards, better pay little stay better hotel..",0.25405844155844154,0.3242424242424242,Jan 8 2007
23,23,"Overall average (maybe good New Delhi) This review read understanding research hotels India, I struck lack agreement quality different hotels. It seems consistency reviews. I hate add confusion I can't rave Hotel Southern like reviewers. This first trip India I imagine among hotels India, Hotel Southern probably average I blown away. The positives hotel:1. The rooms (we two different rooms two different nights) clean. Not immaculate NOT gross.2. The air conditioning heat (we use heat January. Initially, heat broke staff fixed 90 minutes)3. The reasonable value. I impressed value Hotel Southern provide clean, okay location (most tourists stay near Conant Place) reasonable price. 4. The near (five minute walking) New Delhi metro system (this excellent way avoid pollution, traffic inflated taxi prices tourists pay)5. The complimentary breakfast (but I ask staff gave vouchers; given key check-in, hotels do) 6. The offers complimentary pick railway stations (and sometimes airports); although tried arrange twice neither time staff pick us up. This big disappointment. The negatives hotel:1. The negative I felt staff often go way help us. Failure arrange transportation us twice big let down. We asked staff call airport see flight delayed. The staff member sent travel desk I given number one ever called us. A Hotel good service make call. Finally I ask complimentary breakfast I demanded failure pick us twice, give us complimentary ride airport. Good offers guests; guests ask.",0.0899501292358435,0.4392968142968144,Jan 6 2007
24,24,"Great Place great service excellente Delhi The Hotel great service, clean good locatation. If thinking travel Delhi excellence choice. With travel agency need move around prepare routes Delhi.",0.7573333333333334,0.788,Jan 3 2007
25,25,"Cockroaches unreliable service I stayed 2 nights October. When I made booking, staff offered pick airport didnât show. When I called ask arranging transfer simply said cars hung ear. When arrive, room cockroaches. I would recommend anyone.",-0.125,0.4285714285714286,Nov 13 2006
26,26,"Best Place Stay Hotel southern, luxury New Delhi provides homely feelings, away homes . We today preferred choice stay among travelers. A professionally elegantly furnished luxury New Delhi India aesthetical ambiance, supported team highly experienced professionals.",0.38181818181818183,0.4584415584415584,Sep 8 2006
27,27,"Great Facility pickup Hii srinivasan Tamil Nadu.We reservation southern ,and informed email visit New Delhi.This first visit .They made every arrangements pickup us railway station problem .",0.2965909090909091,0.38446969696969696,Aug 9 2006
28,28,Furchtbares Hotel mit unangenehmen Personal,0.0,0.3,Nov 7 2009
