,Unnamed: 0,Reviews,polarity,subject,Dates_extracted
0,0,Hazzle Free stay Telephone booking always confirmed whenever I stayed here. Check-in smooth. Sevice good. Breakfast always complimentary plus.,0.44000000000000006,0.6799999999999999,Nov 17 2009
1,1,"Dont stay cheap definitely cheerful..... We chose hours searching internet reading books much choice Delhi, definitely made wrong choice many ways. We Delhi night flying Kathmandu following morning, served purpose thats far went.Good - The location pretty good centre Delhi way far away airport - The bedroom good size contained 1 double bed 1 single, along table TVBad - The offered free pick-up airport couldnt manage get arrange one. They refused pay taxi arrived, also refused take us back airport following morning compensate - The room dingy even night time - The room dirty flies even cockroach bathroom - The area immeiately around nice wouldnt want venture nightOverallIt may hard rate less 12 hours place simply awful. It may cheap compared lot choices Delhi, there's reason that. Pay little get better place.",0.051231030873888014,0.580512493458922,Sep 14 2009
2,2,"Hotel ok but... The ok backpacker hotel. The staff nice helpful. BUT careful accept extra service hotel. The offered us get taxi airport charged us RS 900 normally pay renting car whole day. A prepaid taxi cost RS 250, Later learned asked driver pay tip given him, told payed trip advance. That made us angry shall never recommend anyone.",0.15333333333333332,0.5722222222222223,Aug 5 2009
3,3,"QUICK SWITCH TO A FLEAPIT HOTEL This honour booking Hotels.com 17 â 20 April 2009. We travelling two children, one 3.5 18 months. We arrived Delhi 2 morning 18 April (the booking night 17 April). We caught Delhi Traffic Police controlled prepaid taxi airport address provided booking receipt. The taxi driver could find address took us 3:30 âtourist officeâ/ travel agent. The travel agent rang husband spoke reception, claimed full, make way sister â Hotel Ivory Palace Karol Bagh, New Delhi. At hour morning two children, choice. The Hotel Ivory Palace best described flea pit. We subsequently found travel agent room provided worth $29 AUD 1000 INR. We paid super deluxe room (their premium room) separate bed cot children $67.00 AUD night (2345 INR). We provided room had:Â· One bed four us complained extra mattress thrown floorÂ· Unclean beddingÂ· A hot water system work repeated complaints fixed last dayÂ· Strong kerosene odour entire duration stayÂ· No âpremium bedding pillowsâÂ· No clock radioÂ· No coffee tea making facilitiesÂ· No complimentary newspapersÂ· No housekeeping days thereÂ· No in-room safeÂ· No refrigeratorÂ· No rollaway bedsThe Hotel Ivory Palace close Connaught Place railway station, Hotel Balaji purports be. This reason I chosen book it. We tried phoning Hotel Balaji Deluxe following days, could get number provided booking sheet. After unsuccessful attempts get hotel, decided short stay devote energy seeing Delhi getting organised next part holiday. There obviously connection two hotels Hotel Ivory Palace happy take booking sheet proof payment. Our feeling Hotel Balaji could accommodate us, obliged provide equivalent superior standard accommodation, opposed significantly inferior option given. The recompense received several complaints room service breakfasts covered (Approx 450 INR). We feel extremely ripped experience. I trusting Hotels.com reputable booking service maybe paid attention review âDEN OF THIEVES â RUN FOR YOUR LIFEâ Trip Advisor, document sort contempt Hotel Balaji guests booking prepaying internet.",0.21326979472140764,0.4853616813294233,May 21 2009
4,4,Budget Hotel This one small hotels located crammed localities Old Delhi.It recommended money price issue you.,-0.075,0.30000000000000004,Apr 18 2009
5,5,"It worthy go Good place, several minutes New Delhi railway station. Marble floor, staff nice, asked water several times, finally charge 50Rs, OK. The room clean, price reasonable cheap!",0.278030303030303,0.6295454545454545,Mar 28 2009
6,6,"Den theives! RUN FOR YOUR LIFE! We booked suite thru expedia, selecting based free airport pick advertised. We arrived midnight, one there. We called eventually met employee got us cab. Certainally could walked thru doors &amp; got fixed cab ourselves. The driver got lost. Eventually arrived, gave itinerary # given small room. We said suite (2 adults, 1 kid) clerk waved expedia papers possed faces said room. No problem, would get sussed morning, I tired argue. We showed papers am, manager said clerk bad eyesite. We upgraded slightly larger room. I overlooked construction, painting lobby luke warm hot water, roach, filthy blankets I dare use, check out....where clerk insisted paying lift airport. (2x amount would paid got taxi ourselves) I said included, I paid suite 2 nites &amp; got one, lets call even. No, said. Expedia charged us little, gotten paid for.After 1/2 hour 2 failed called expedia (disconnected) I paid miss connection. So I paid twice amount room 2x amount taxi. ....and lousey stay. Back Delhi staying much much better hte cost. Avoid Balaji unless want get riped deluxe.",-0.02421874999999999,0.5651041666666666,Dec 30 2008
