,Unnamed: 0,Reviews,polarity,subject,Dates_extracted
0,0,"Cashing success As right staying Cottage Yes Please, word warning anyone might get excited good reviews site.They started charging Wi-Fi use, 100 rupees per day. Double room price 900, although rooms reasonably clean quite nice, nothing like photos web site.A big minus seem happily giving cold shoulder people confirmed bookings. They us another couple week, arrived late evening (which told replied ok). We arranged booking e-mail couple even face face - help, told us full told go sister hotel, Cottage Crown Plaza nearby. The guy Yes Please desk rude aggressive said care booking not, want sister hotel, go street look places. We tired, haggled price went Crown Plaza, decent Wi-Fi.As really needed place Wi-Fi, returned Yes Please stay. OK value, good service.The Fiesta cafe opposite place good breakfasts coffee, free Wi-Fi give ID.",0.17940917107583776,0.5315696649029982,Nov 25 2009
1,1,"The best Phar ganj Area You may find dirt cheap hotels pahar ganj area really worth pay little bit bit calm peace mind wi-fi. They elevator, free luggage storage, offer airport pick drop minimal fee. They also offer city tour private taxi. So wont ask more.",0.34270833333333334,0.5104166666666666,Nov 14 2009
2,2,"Great place! We stayed Cottage Yes Please found nice, clean, good value Delhi. Our room large (3 beds, one little alcove), AC fan worked great, TV great, bathroom clean. The suggestion I would make management put hook hand-held shower thing used regular shower. They restaurant, South Indian Veggie place across street (Malhotra's Dosa Please) amazingly good open day (they even boxed order go ate airplane home!). We stayed another Main Bazaar (Vivek) found much worse money. Cottage Yes Please friendly helpful staff nice guy says &quot;Namaste&quot; come go front door. The downside longer free wifi -- costs 100 rupees per day now.",0.31818027210884353,0.6054203732775162,Jul 19 2009
3,3,"What welcome !!! After checked many hotels Paharganj;I chose one I needed WiFi connection. When arrive reception, heavily loaded tired, requested show passport cannot wiat 15 minutes get room, unload refresh. Then, demand pay advance - even local currency stacks dollars show them. So I would say please, give one hour rest I'll pay I recovered journey.Hot water like medium hot. Windows tapped outside wall.",0.20625,0.49999999999999994,Feb 23 2009
4,4,OK Hotel Stayed 3 nights+ OK staff+ Good location travelers+ Room service+ Good rooms- hot water room- driver organized airport kept falling asleep wheel (not technically fault)3/5,0.37916666666666665,0.525,Feb 14 2009
5,5,"Good value free WiFi close New Delhi railway station I've stayed twice, would stay again. I'm sure cheapest price find WiFi-enabled Delhi, especially caliber. (If need WiFi find cheaper digs, maybe standard quality cleanliness.)Staff fine, rooms clean, I problems.The one street Main Bazaar road area called Pahar Ganj. On plus side, Bazaar teeming activity endless shops get kind inexpensive handicrafts, clothes, colorful tapestries, henna body painting, etc. Another plus New Delhi Railway station end Bazaar Road. It's maybe 10-15 minute walk hotel, course also bicycle rickshaws. The downside area rather grimy crowded. The kind funny there, like diamond pile mud.The restaurant two directly across street. You order room service food come there. The restaurants inexpensive. If I remember right entrees around 50 rupees (US $1).While I I needed buy laptop gentleman travel desk recommended I go Nehru Place, spot on, that's definitely place buy computer goods. I tried offer Rp100 tip thank help, actually refused -- rarity Delhi everyone seems money.One staffers speaks Japanese website English Japanese, fair number guests Japanese. The website annoyingly list rates, lowest level around Rp900/night.",0.1938311688311688,0.5052602747047192,Dec 9 2008
6,6,"Clean comfortable bargain We chose Cottage Yes Please reading number positive reviews, disappointed. For 800 rupees night -- $17 US -- got clean comfortable place stay free wi-fi. We stayed five nights overall.The side street main Pahar Ganj bazaar. It's filthiest neighborhood I've ever stayed in, mud livestock streets. There must hundred hotels guesthouses area. We saw prices 4 dollars night, I tempted.The quite contrast neighborhood. There's lot marble Cottage Yes Please -- floors, stairs, lower third walls -- contributes cool feeling easy cleaning. I think four floors. I count rooms, big enough two lifts.Our complaint &quot;hot&quot; water shower lukewarm.The owns two pretty good restaurants across street -- Malhotra Dosa Please. We ate breakfasts Malhotra, includes continental Chinese food menu.",0.2176634768740032,0.5953748006379584,Oct 4 2008
7,7,"Totally OK - wifi! Good considering price location. Reasonably clean, though seemed small colony cockroaches residing fridge...Fully functional reasonably priced wifi.Location good: dingy Pahar Ganj/Main bazaar, really close metro station don' really walk Pahar Ganj want to. Nice staff.The room service so-so though: restaurant delivers food got orders wrong food great.But price (950 single AC) I pleased return.",0.2725198412698413,0.5761904761904763,Apr 20 2008
8,8,bad considering delhi standards... It first night Delhi decided stay Pahar Ganj area. We arrived late evening booked pick-up Airport. We found guy waiting us big board arrived around midnight. The a/c room (was triple) ok clean hot noisy a/c refreshed it. The view balcony high wall around area offer good point view.. It clean staff friendly. The price (1500 rs) high standard sleeping Delhi expensive.In front sort restaurant breakfast diner.Compared guesthouses seen internet good choice.,0.25177083333333333,0.5034375000000001,Sep 14 2007
9,9,"Be careful... The reasonable clean, especially comparison majority places new delhi. However, AC work half time, hot water 5 minutes total. The worst suprise came check time. We billed 3 nights, spent two nights hotel, spurious grounds arrived 12 noon first day stay. After losing tempers &quot;manager&quot; reduced fee half day, case last day India dampened example dishonesty.",-0.023593073593073586,0.5848484848484848,Aug 22 2007
10,10,"compare Delhi clean I reccomend room 406, three beds quite big room. It locates Phar Ganj, convinience go Agra. The clean, staffs nice. All kinds facilities available, ex, train booking, taxi, internet, money change. I hope restaurant roof top started, I there, construction.",0.36333333333333334,0.5585714285714286,Jun 28 2007
11,11,"Average Hotel This place looked promising Paharganj area Delhi, entrance building look new. The rooms ok, reasonable size natural light, fridge tv. I think maintained much though, stains walls I'm sure could removed good clean. We a/c double room IR850 ok got, relatively. Room service supplied restaurant across road reasonable. Be careful onlookers window though buildings close!",0.2423737373737374,0.4816161616161617,Dec 29 2006
12,12,Buen situado fuera del bullicio,0.0,0.0,Nov 23 2009
13,13,Tan malo,0.0,0.0,Sep 5 2009
14,14,Dans la moyenne,0.0,0.0,Aug 25 2009
15,15,???????????????,0.0,0.0,Aug 15 2009
16,16,Bon choix Ã Delhi,0.0,0.0,Mar 28 2009
17,17,???????????,0.0,0.0,Feb 14 2009
18,18,TrÃ¨s bon choix pour Delhi,0.0,0.0,Jan 17 2009
19,19,hÃ´tel moyen,0.0,0.0,Dec 10 2008
20,20,sympa pratique et sans prÃ©tention,0.0,0.0,Jan 1 2008
