,Unnamed: 0,Reviews,polarity,subject,Dates_extracted
0,0,great service Picked airport stated nice. Arranged taxis show around city. Excellent room service. Incredibly helpful staff. Complimentary breakfast internet use. Felt safe enjoyed stay,0.7042857142857143,0.7857142857142858,Nov 20 2009
1,1,"basic budget I booked arranged sounded like reliable taxi service. I came late left early. I could made taxi arrangements pleased someone else it. Was also pleased arrangements time. I'm disappointed budget hotels Delhi pretty highly priced compared places world amenities offer. This budget hotel. You'll get pay (according Delhi rates).Nevertheless, delivered said would: taxi service (priced higher I would arranged that's o.k.), wake call, agreed upon room price. That goes long way.",0.044583333333333336,0.5491666666666667,Oct 14 2009
2,2,"nice place stay coming Delhi That first visit Delhi.I arranged Brother Naresh ( call ! ) Internet . Room nice , services nothing complain about, friendly staff, especially Mr Kashmeera , Driver , night security . Friendly advices Boss around almost round clock ! . The nearby snack , OMELETTE , fantastic nice staff helpful. In brief , I pleasant stay place Delhi.Thank Brother Naresh , made Delhi trip memorable one . I come back next year . Brind Rambhojun , Mauritius , tel [--].",0.27122395833333335,0.6098958333333333,Jun 19 2009
3,3,"Meghagood When I first came hotel, I bedazzled. It I expected. It nice, why? First things first, reception energetic towards customers ready offer help. Second, rooms small comfortable beds enought make sleepy cold winter nights Delhi. The owner firendly man would arrange car services whenever tourists want tour city. When comes Delhi, owner Megha Sheraton give guests valuable advice access latest information Delhi connections friendships high-ranking people India's capital.The negative feeling I experienced bellboys hover around quite long time expecting guests take services sake tips. But I guess common India. Other that, boys helpful ready talk case service. Also, television antenna problems hot water limited winter season television great programmes one feel relaxed nice hot bath. Overall, great stay visiting Delhi helpful staff caring owner. This great place ideal backpackers, small families, couples even business people. Besides, wlakign distance good local restaurants sidewalk shops.",0.23448660714285716,0.5677455357142858,Apr 28 2009
4,4,Megha cool Hotel Megha Sheraton really nice place stay days Dehli. The rooms clean full equiped. The staff friendly. The boss nice friendly man give good advices organise really interesting tours car driver.,0.46851851851851856,0.6666666666666666,Feb 4 2009
5,5,"great meghas Cordial service exemplary care, cook upstairs . order service telling get want.prices reasonable. ramsriram1@gmail.com willl glad answer question have. dont forget try fresh pomegranate juice stall next door. problem tel services go counter ask help. check naresh bhatia special service.",0.3938775510204081,0.6316326530612245,Nov 21 2008
6,6,Freindly customer oriented The staff friendly. The prices reasonable. They didnât try charge higher even though realize Iâm foreigner. Room condition average. WIFI available reception area first floor rooms. In-house trip arrangements facilities reasonable prices.,0.205625,0.5866666666666667,Nov 10 2008
7,7,"A Most Pleasant Experience After recommendation friend Hobart, Tasmania, Australia, I contacted Mr Naresh Bhatia via email. His response prompt booked period two weeks, including stay tours Haridwar/Rishikesh Agra/Jaipur/Pushkar. Mr Bhatia's professionalism, ambience, support efficiency commendable. The staff also friendly efficient. Our tour guide/driver Mr Kashmira reliable, helpful trustworthy. We fantastic time I recommend Mr Bhatia's service tour arramngement visitors Delhi.",0.5011904761904762,0.6238095238095239,Sep 13 2008
8,8,"go there!!! dont go there!!!you pay 55$ per night....that crazy!!! find better place 5-10$ per night like Pahar ganj..we really desapointed hotel, people nice, see internet cafe breakfast!!the pick airport free try ask money...hopefully print e-mail told free!!it crapy place, dirty room cocroaches everywhere!!!please, find anothere place... real bad place!!!",-0.22499999999999998,0.7124999999999999,Jul 23 2008
9,9,"Free Airport Transfers Megha Sheraton Megha Sheraton standard Indian business class hotel. The company owns two hotels area. I stayed 4 days, gave free pick-up drop Delhi Airport. This bonus main reason choosing first nights Delhi. The driver waiting airport (very useful many international flights arrive leave late night) I could avoid taxi touts. The well located, within easy walking distance inexpensive efficient Delhi Metro, though well known taxi drivers (get card). The affable manager make tour arrangements advance wish (I took day trip Agra, bus tour Delhi). The free breakfast offered Madonna Hotel around corner. The well maintained be, I found next 6 weeks common problem hotels India. It reasonably clean. I paid US$55 per night breakfast free airport transfers. Contact website e-mails responded promptly.",0.18850877192982454,0.4526315789473685,Mar 18 2008
10,10,"Delhi Trip Excillent service provided staff,Hotel centerly located close allmost everthing. Room cleaned comfort air hot water .All ture well planed costly .",0.075,0.47500000000000003,Mar 7 2008
11,11,"Sure To Return The rate India especially Delhi getting higher higher due economic boom. However, (I stayed 3 nights Hotel Megha Sheraton) offers much higher standard average room rate could offer. Staff kind hard working. The arranged efficient tour stayed visited many places short time. Especially looking best investment places Delhi suburban area like Gurgaon, Noida well Ghaziabad, I much thankful owner's advice reasonable cost hire car. The cost hiring car good drivers much lower could provide. I could save money quite lot. I really thank owner Mr. Naresh I promise I return son.NY son",0.1982638888888889,0.4550231481481481,Feb 13 2008
12,12,"Serviceable They picked us airport...the first big plus. Would want negotiate taxi night unusual location Delhi airport.When I booked internet site, said Mehga full, pushed us Madonna first night, expensive. However, rooms identical. Then switched back Megha. It might ploy feel Madonna. The rooms pretty clean . The breakfast pretty good. The location great. In pretty wealthy area, wont look like first stop India. They arrange taxi. Also, short walk metro, found fun foot frees tricky taxi drivers allows see street life. I would recommend inner city sites metro foot. Its safe city realise always thousand eyes watching other.The room quite pricey get (even 2 star 1st world standards) especially compared rrest india. But Delhi unfortunately. Would I go back? Probably, mainly b/c rest stuff price range sounds terrible b/c good location b/c I felt safe. P.S. The rooms Megha Madonna identical quality...there higher price Madonna tacky newer foyer. Also, I got bitten bed bugs Madonna one night stayed.",0.21611111111111114,0.5716666666666668,Feb 6 2008
13,13,"Budget traveller It elder brother's recommendation considered Mega Hotels Delhi. Being budget traveller, came Mega Sheraton amazement found really really good. The rooms clean, spaceous averagely decorated. The got facilities -Cable TV, phone, tour packages, laundry &amp; room service etc. The staff well mannered informative. The Best aspect Mega Hotels compared hotels Delhi entertaining, friendly , warm ,cooperative helpful persona Mr. Naresh Bhatia! Understanding student budget restraints , expertly come complete 11 days detailed tour plan made first travel experience India thrilling memorable! All budget travellers - hesistate stay Mega Sheraton VIP's recommend Mega Madonna!!",0.4206330128205128,0.5967948717948718,Feb 6 2008
14,14,"Fine enough cheap Delhi I mixed feelings hotel... On plus side - cheap, tougher tougher find Delhi; picked us airport right time, overvalued, especially early, early morning; arranged good sightseeing tour us nice surprise; TV; manager really friendly personally helpful; reasonably clean.On negative side, expected price point... bed rock (common India); street loud (seems like Delhi is); bathroom dirty-ish (no near western standards); food worst India, far.That said, I'd probably stay again... ~$60us, probably beat delhi.",0.12169913419913424,0.5266233766233767,Feb 5 2008
15,15,"Hotel Megha Sherathon nice place stay delhi We happy know place, calm clean. Since several years always stay Megha Sheraton Hotel, like promp reliable service feeling beeing secure, feels us like coming home.Thank much owner Mr. Bhathia, always open help friendly.We heartly recomment place",0.3674074074074074,0.5677777777777777,Jan 28 2008
16,16,"basic noisy helpful owner quite run area, basic room clean sheets quite stained, bring sleeping bag going budget hotels india!! walls thin hotels noisy!!the owner lovely helpful giving us tips expect delhi. breakfast served neighbouring madonna, slow service far desirable food! location bad end road karol bagh metro leads connaught place, metro cheap 8rupees easy use aswell suprisingly clean modern. isnt great get better money, broadway.",0.15486111111111112,0.53296783625731,Jan 17 2008
17,17,"Megha Sheraton I always believe best stay Delhi short stay Delhi. The Megha Sheraton convenient far account went. They nice job arrange airport pickup parents international flight, courteous helpful throughout stay.Karol Bagh little way hard access taxi middle day, bit draw back, particularly shlepping across traffic, rickshaw wallah gave trying get us back there.",0.16562500000000002,0.4145833333333333,Jan 16 2008
18,18,"Depending price could good value Pluses: clean, rooms comfortable beds, tv, basic amenities. The location -- unknown previous visits Delhi-- actually pretty pleasant. It short cab ride attractions, neighborhood many shops services walk (amazing!) pretty much free touts hawkers -- one normal areas Delhi I've stayed in.The staff extremely helpful me, breakfast nice. There dubious things -- I asked cab airport, offered one $12, I later booked one 400 rupees, told could arrange one 350.Minuses: public areas pretty shabby-looking.Room walls thin, get noise street guests. It cold night, room heat (although perhaps would brought heater I asked). The bathroom worked well-enough, oddities (why large bucket underneath shower head?). If Delhi flights, shouldprobably pick closer airport.My impression terrible, thatit gotten much better new management. It still ways go actually nice, butI satisfied stay. They delivered exactly promised, price (60 US) I looking for. On hand, I heard charges foreignerssignificantly locals, reviews site seem confirm this. If interested staying here, I would advise getting hindi speaker make reservation you.",0.18372174122174123,0.6217532467532467,Dec 29 2007
19,19,Great place stay We wonderful stay recently. We picked airport fantastic driven straight catch sleep. The next nmorning spoke Manager boked us car driver accomodation next 2 weeks travel around northern India. It simply wonderful trip easy thanks staff Megha Sheraton. The clean friendly value money safe area. I would recommend anyone would advise talk Megha tours operators get organise holiday fraction price quoted Australia trip.,0.4033928571428572,0.5477380952380952,Dec 9 2007
20,20,"Ok price Background: Paid USD65 parents stay one Sat night. Review: For price, rather good option. It's abt 4km away Connaught Place (where action is), cabs/auto rickshaws easily available outside hotel. The hotel, although located within residential area, looks safe enough. The manager/owner also kind drop us dinner nearby location. The grumble place spent first 5 mins room killing cockroaches! The toilet good condition pillow cases stained lumpy. Verdict: It's place stay really low cash, afraid insects totally no-frill.",0.23406862745098042,0.5019607843137256,Oct 22 2007
21,21,"Good service reasonable rates humble correct accomodations We spent four nights Megha Sheraton. The would basic many people's tastes, 2000 Rs excellent value served needs fine. You see many foreigners Old Rajender Nagar, &quot;authentic&quot; neighborhood part appeal. We used airport pickup/dropoff service (four trips total) recommend it.The biggest attraction tourist assistance provided manager Naresh a/c cars drivers available hire. Naresh's service great, advice excellent, rates VERY reasonable. We hired one cars day (7 hrs 700 Rs) tour Delhi quick drive sights New Delhi. (Three hours actually bicycle rickshaw arranged driver.) Naresh also arranged tour Agra (daytrip train, car/driver day).We Indian breakfasts little restaurant adjacent sister Madonna. Western breakfast also available.",0.29804112554112555,0.4837878787878788,Oct 3 2007
22,22,Excellent service We arrived Delhi without many plans really know expect stay. The Megha Sheraton good starting point journey northern parts India. Thanks Mr. Naresh Bhatia (the hotel's manager) two weeks India best weeks ever experienced. He organized fantastic tour us Rajasthan Agra (Taj Mahal). We private car + driver us saw beautiful places. All promises kept everything according expectations. We warmly recommend Megha Sheraton you.,0.5333333333333333,0.55625,Aug 11 2007
23,23,"Mega good service!! This find! As single woman, life difficult foreign country. But Hotel Megha Sheraton. I brought Indian friend moment I arrived, I treated utmost respect kindness. Everything provided me, unlimited Chai Indian coffee interesting chats affable owner, Mr. Naresh Bhatia. His kindness personal service second none. Nothing much trouble honesty friendliness keynotes home away home. I always felt safe secure. The room service prompt freindly. The room service waiters never hassle tips first India. Anything I wanted available me. My business cards made day CD sent hotel. I felt totally satisfied hospitality. I stayed many hotels world India I would honestly rate Hotel Megha Sheraton No.1!!! Also, food sent room service always delicious fresh. What I say?",0.3215986394557823,0.514172335600907,Jul 9 2007
24,24,"Megha Sheraton - Value money We contacted proprietor email apprehensions searched net . Mr. Bhatia responded quickly rates availability rooms. The rate Rs. 1800 A/C room sufficient accommodate two kids, aged 11, 6 years. We opted picked airport. We picked airport reached located residential area 45 minutes. The rooms clean tidy. Mr Bhatia arranged tour Agra Jaipur enjoyed thoroghly. Downside: The house restaurant food made available nearby sister Hotel Madonna",0.3,0.5000000000000001,Jul 5 2007
