,Unnamed: 0,Reviews,polarity,subject,Dates_extracted
0,0,"Expensive I sure worth stay hotel. I think expensive is.PROSLocationCONSThey ripped us taxi cost coming airport, use prepaid taxi arrive airport.Not really cleanNoisyForget restaurant",-0.15,0.5177777777777778,0.5177777777777778
1,1,"Whole area - Under construction I know looming commonwealth games whole area around 'under construction', made getting (and even finding it) quite difficult, also feel safe night. Hotel staff helpful, rooms dodgy (run dusty) well overpriced, basically paying city location.",-0.0009259259259259226,0.5564814814814815,0.5564814814814815
2,2,Economical frills right Connaught Place. It clean economically priced right Connaught Place. Surprisingly quiet seeing room next circle. Nothing fancy great centrally located place came back Delhi one night way home.,0.23380952380952377,0.4904761904761905,Sep 25 2009
3,3,It's somewhere get head down... Hotel 55 adequate 70's styled interior quite need update. It centrally located Connaught Place thus convenient exploring. Our double room cool pleasant change requirement AC fan night. Bedding musty clean decor average. Shower hot towels provided. Staff friendly helpful.This luxurious regarded anything convenient centrally located overpriced hostel. It absolutely 1* (at best) guests expect something modern luxurious.,0.226984126984127,0.44027777777777777,Aug 31 2009
4,4,"Adequate comfortable good service Hotel 55 excellent option stay exploring Delhi.Rooms clean, staff friendly, good airport pick up.Be aware unscrupulous travel agents roam around hotel.",0.515625,0.5979166666666667,Jul 25 2009
5,5,"Ticks boxes budget accommodation Delhi I staying &quot;55&quot; nearly twenty years, fairly regular basis, recognise negative reviews posted regarding it. No, luxury (it claim be), sumptuous dining room gorgeous bathrooms. What friendly unfailingly helpful management staff, comfortable clean rooms, heart New Delhi (superbly located railway station way). The tariff bargain basement (but cheap Delhi nowadays?), given plus points I stay anywhere else (although I would avoid front rooms, tend little noisy!)",0.2802811771561772,0.556266810112964,Mar 1 2009
6,6,"one star Stayed three nights; safety courtesy issue us (we female entourage); staff nice helpful; emails always promptly replied to. This one-star hotel, described mid-range Lonely Planet sources three star--but not. Hotels Delhi expensive, may explain cost place. But thousand rupees ($20), get nicer rooms welcome respite craziness travel India be. Rooms small, bathrooms purely functional grotty inconsistent, three rooms, one shower actually worked; one provided hot water. To fair, complain expect problem solved within time had. There internet access I could see.For backpackers looking great deal, it. For travelers want touch amenities staying night, I'd look elsewhere.",0.20469924812030074,0.6758771929824562,Dec 7 2008
7,7,hi ther im nshat iraq thes Very good Comfortable Good service The important thing Central City I stayed three days,0.48499999999999993,0.655,Oct 28 2008
8,8,"Hotel 55 inexpensive safe. I nice stay Hotel 55. Before one books here, need set expectations. This one star 15 rooms. I stayed three weeks. I never waited hand foot like I Hotel 55. You take advantage hospitality. The breakfast menu bit limited, food good. I commonly would tell manager I wanted food menu would appear twenty minutes later. They send someone one local restaurants get ever desired.The rooms bathrooms clean. They simple fixtures 30 years old, considering horrid Indian public bathroom smell, nothing wrong Hotel 55's bathrooms. They smell all. They always hot water. I would recommend drinking hotel's tap water, provide bottled mineral water.I never saw bugs room, however terrace small leafhoppers. These seem every Delhi. I really enjoyed terrace, however I wish turned lights night, leafhoppers bad. The terrace pretty, potted plants stucco walls. Its kind amusing, furniture terrace plastic. My friends I spent many nights enjoying terrace.The staff trustworthy. That important city likes hustle tourists. I accidentally left door open times one ever entered. The manager Mohan, helpful arranging travel Jaipur finding drivers travel Delhi. If ask nicely, might let use office computer internet, otherwise, wireless ethernet.There things I think funny, would find bit odd. Remember, India, traveling immerse culture. There two staff members sometimes slept hall night. They nice, gentle hearted men, I told serve clients may arriving late night. On busy nights, enough room accommodate staff members. I got used it. If need something, tell hand within 30 seconds. There rooms without windows, seem quieter, Delhi traffic loud. I think first floor bit quieter.You get used people everything you. You never carry bag, chi tea flows like water. I met many interesting European travelers here. Many females stayed I said felt safe.The Connaught place. If first time Delhi, may want avoid walking around Connaught first, become saavy dealing people street. The provided us car right walked door, took us nice peaceful places Delhi.",0.2023809523809524,0.5318551587301588,Oct 22 2008
9,9,Worst Delhi!!! This probably worst I've resided New Delhi. I still remember opening wardrobe flurry mosquitoes burst out; It horrifying. I requested staff atleast spray insect repellant fell deaf years. The rooms terrible moldy. Avoid like plague!,-0.7527272727272727,0.890909090909091,Sep 14 2008
10,10,"Worst ever This GOT squalid disgusting place i've ever seen (and i've stayed dives). Words cannot describe repulsive place really is. We stayed Delhi 2 nights heard 55 lonely planet. The website incredibly misleading claims 3 star, I would question ever classified 1 star. In line reviews, driver never arrived airport although manager adament still waiting us arrived hotel. They gave us filthy, small stinking room front overlooking road. After complaining noise, moved us 2nd floor rear hotel. This room also filthy looked like prison cell. The bathroom full mould, grime limscale bedding filthy. The staff lounging around drinking. Cutlery soiled linen strewn corridors remained 2 nights there. The roof terrace (if call that) big enough 3 plastic chairs, also covered black grime mould. Thankfully, 1 full day spent taken day trip Agra. On return (which dreading), room even touched since left 5am. I felt really unsafe, especially since appeared one entrance (the situated 2 flights stairs shop) fire exits. The manager quick mention lonely planet star rating wrong ( accurately classify 1 star, whereas website says 3 star). He told us always recommends website information lonely planet wrong. Frankly, ruined experience Delhi I wish I photos add review show disgusting squalid place really is.",-0.12284946236559138,0.5900537634408601,Apr 29 2008
11,11,"okay If expecting kind luxury disappointed (hotel website case perhaps bit misleading), want reasonably priced (in terms excellent location) basic accomodation can't go wrong. Staff fairly helpful. All I quite satisfied I got money. Could paid less stayed centre, enjoyed waking everything doorstep, seeing short stay. Though advent Metro location advantage may become less pronounced takes 10-15 minutes travel cheaper location.",0.17261904761904764,0.593452380952381,Mar 26 2008
12,12,"Wildly overpriced After stood airport Hotel Blue (just well turn look outside) wander round Connaught Place dark looking hotel. Hotel 55 cheapest could find 3000rp (about $80) dump complete rip off. We stayed late lugging backpacks around. OK sized room, dirty bathroom, fantastically noisy outside in. Anywhere else India pay 500rp standard.",-0.04583333333333333,0.39166666666666666,Jan 8 2008
13,13,"absolute worst If enjoy staying windowless, grotty filthy room smelling gasoline, noise 10 indian guys yelling head early hours front door (next reception), go book hotel. And guy reception works together locals hang around 'lobby' try scam every way possible (they whole phoning-the-airline-to-reconfirm-a-flight-and-discovering-there-is-no-reservation charade, selling ridiculously expensive 'tours' crap, every scam think might fall for...). This absolutely worst place stayed India!",-0.23214285714285715,0.6607142857142857,Oct 23 2007
14,14,"utter dump hearts sank walked bedroom. complete dump rubbish bed whilst technically ensuiteshower, washed dog it. bearing mind costing Â£40 (~$80) night atrocious. another aspect night time permanently men sleeping corridor right outside room - know meant security, one really skinny old man big long beard, think would much use fight - hear talking used toilet even lying bedalso checked owner tried charge 2 nights despite fact i'd paid online first night. time thought innocent mistake read reviews i'm wondering that.would never go near dump certainly recommend anyone",0.06127450980392157,0.3862044817927171,Apr 3 2007
15,15,"[--] [--] Arrived late night train really options time room already booked arrived found room charge board 1,000 Rups Indiatourism pamphlet indicated, got room terrible, small grotty generally crap. Were quite concerned would visitors two legs night. Left first thing morning, bothered arguing.Best advise stay far away can, avoid like plague, try something around main bazaar much cheaper alot nicer. Connaught place location cracked be.",-0.04294871794871795,0.4801282051282051,Mar 21 2007
16,16,"Beware Hotel 55 I booked driver pick airport turn up. When I came check out: overcharged room I mistakenly paid without checking amount first. When I noticed, admitted 'cheating' money refused refund it. They said would call police I leave immediately without refund would tell I physically attacked manager. All staff started nodding vigorously I realised I outnumbered left lost 2,500 rupees. On recounting story tailor later morning, nodded indicated first time happened.",0.1,0.1619047619047619,Nov 21 2006
