,Unnamed: 0,Reviews,polarity,subject,Dates_extracted
0,0,"Comfortable stay Central Delhi The Florence Delhi small chain moderately priced, small friendly hotels. The staff worked hard please. The clean comfortable, certainly 3+ star.This clean comfotable, folks friendly helpful needs. The street quite busy isnât close airport, wanted clean cool perfect. The dining room/restaurant remains open late food great. Food good, western Indian . They happy please. It relatively quite neighborhood WEA area, quiet stroll residenital area small park near by.",0.20836996336996336,0.5691895604395605,Sep 20 2009
1,1,Truly nice Hotel Florence truly nice especially want reasonable mid range hotel.This time I family I needed extra facilities like airport pick up.I felt really happy staff told provide picks facility guest @ reasonable price.They received us airport within 35 minutes.We provided beautiful room comfortable bed.Room services also round clock I felt staff members jolly friendly nature.We appreciate services reasonable rates. Over staff help full glad stayed here. Good job keep,0.28875,0.5975,Sep 20 2009
2,2,"Better pay stay **** The place shown map nothing common real location thus one reasons I chosen Florence, I disappointed. The breakfast first day stay consisted scrambled eggs toasts jam though expected buffet. We told 4 rooms occupied, reason cook buffet, asked least vegetables, offered pay additionally. And hot water arrived 11 o'clock night. The rooms faced street, noisy. Then wanted change period stay Florence, staff could help us saying local Indian travel agency though able connect it. The good thing building itself, nice clean, sufficient reason stay Florence again.",0.06666666666666665,0.6052083333333333,Sep 8 2009
3,3,"Excellent Budget Class The Hotel Florence comfortable place &quot;Budget&quot; style, conveniently located close Delhiâs famous shopping hub called Karol bagh, fact every shopping location near Hotel.Actually shopping tour delhi suited us best. The facilities rooms excellent quality.We booked Deluxe Rooms www.resavenue.com got upgraded higher category speaking Hotel General Manager.We enjoyed seven days tour.The Pre arranged air conditioned coach Airport pickup, Sightseeing Tour &amp; Agra Tour booked Hotel Manger comfortable &amp; luxurious. The trip Taj Mahal memorable one.Room &amp; Toilet - Spic n span, clean corners, pleasant colors, clean n comfortable bed, clean linen towels, well stocked mini fridge.Staff-Extremely friendly, cooperative supportive. Restaurant &amp; Room service prompt &amp; food deliciousBut overall Hotel Florence proved welcome oasis every evening hustle Delhi. Knowing city better would probably go back try find slightly cheaper character, first-timer money spare, good choice",0.4242777777777778,0.607777777777778,May 30 2009
4,4,"Best Value Money Florence situated busy areas Karol Bagh. Florence wins hands value money. Mentioned I recommend Florence1) Ideally Located2) Very Very Very Clean3) Good Service4) Bang Middle shopping areas5) Good Food Florence well locality around6) Good Rates Only Drawback : Repetitive Breakfast , everyday. :)Go it.",0.30362962962962964,0.48359259259259263,May 15 2009
5,5,"ok bit antiquated exactly cheap... We stayed Hotel Florence final night flying back home 2 weeks travelling around Rajasthan. The clean staff friendly, whole dÃ©cor rather old stuffyâ¦Delhi overall expensive compared rest India, double room Rs3000 probably bad Delhi standards, absolute rip-off compared could get places kind money.Our room rate included Welcome Drink (a glass super-sweet Cokeâ¦could done without that) breakfast.Breakfast buffet ok â big âvery Indianâ, ultimately could also get non-spicy food asked it.",0.13645833333333335,0.5439294871794872,Jan 26 2009
6,6,"Excellent good location Hotel Florence provides precisely would expect Budget category: Good accommodation absolutely first-rate service.The rooms small, well appointed well maintained, Mini Bars excellent restaurant top floor.In city quality price always carry relationship one would anticipate, Hotel Florence safe choice.",0.5444444444444445,0.7166666666666668,Dec 17 2008
7,7,"Big Mistake! Staying big mistake. Next time, I research tripadvisor stay somewhere much nicer. I would NOT recommend place anyone.SUBPAR ROOM: The room bathroom decent size cleanliness. But upon entering, noticed musky unpleasant smell. We paid little &quot;deluxe&quot; room window, view horrifying - hundreds tiny beetle-like bugs crawling around outside side window. In fact, couple critters actually made way room (not sure windows seemed sealed). There also inconsistent supply hot water. One us got hot water night forced take cold bucket shower next morning.UNDESIRABLE LOCATION: The surrounding neighborhood run far colorful marketplace I expected. Definitely nice area.POOR SERVICE: I find information internet availability guestbook, I called front desk asked. They told internet available 4th floor breakfast served. I specifically asked internet free front desk confirmed was. While I using internet, I heard lot yelling kitchen next door. A man walked kitchen (I assumed boss could speak english whereas rest staff spoke little, any, english) proceeded tell I needed pay internet unpleasant brusque tone. I politely explained I told internet free, dismissed claim demanded paid. I want upset already (I'm pretty sure one angry yelling kitchen) much money, I paid left.",0.0022222222222222296,0.5093495934959349,Jun 13 2008
8,8,"Did like much This place okay, clean staff tries helpful. We still quite disappointed, place anything cheap Indian standards. Most all, location, Karol Bagh, inconveniently located unattractive neighbourhood. It far train stations Delhi's tourist spots. During night time looks like slum.We got one quieter rooms, located core building. These rooms though window one leaing tiny, dark light shaft. Our room quite small, ones road side much spacious, traffic din unbearable, sleep longer dawn. The cleaning staff makes matters even worse start roam place noisy manner 6am on. It seems takes day clean one floor stop shouting throwing things floor!",0.09638888888888891,0.6172222222222222,Apr 7 2008
9,9,"Take From Solo Female Traveler The deluxe room, I stayed two nights, bit small cramped. It passably clean smell moth balls placed different parts room assault senses. What I liked was, solo traveler, I felt safe here. I also appreciated immediately replied email asking room availability reservation. Well, also helped I also gave call. Ditto giving referrals package tours local travel agencies.",0.25166666666666665,0.4666666666666667,Mar 23 2008
