,Unnamed: 0,Reviews,polarity,subject,Dates_extracted
0,0,Everything awesome low price Now called great great location best price. I stayed two days booked &quot;standard room' meant two people due non availability single occupancy booking time (i know waste resource ;) ). The rooms awesome! Very much clean. The corridors waiting lounge comfortable well. The bathroom good bathtub :( (It matter !). It seems commode meant people height &gt;6.5 feet use feet cannot touch floor. (What heck?) The restaurant named Comesum chain restaurants tied IRCTC serves amazing food tasty hygienic time. The best part location. Its located right next New Delhi railway station(NDLS). So coming train could even walk hotel. For local travel metro station walking distance fact closer NDLS.As far stay concerned I faced problems except allow take car near portico take luggage walk distance (not much). It could bothersome one lot luggage deciding factor according given security issues country faces.All stay good I see reason I give anything less five ratings. The negatives mentioned shouldnt deciding factor far I believe. thanks reading....,0.28779104823747675,0.5307575757575759,0.5307575757575759
1,1,"Best Effort Ratan Tata middle class I found extremely comfortable, near New Delhi Rly station travelling cycle rickshow only. There metro entry side hotel. A good restaurant reasonable price.If compared Room rent vs Cleanlilness , rank-1 India. Normally middle class cannot efford lot money hotel, desire cleanliness , good restaurant etc, well available Zinger. It also located extremely well convenient place. For Train Traveller, even better. Now onwards I even prefer spend money stay rather choosing free stay guest house Noida.Thnak You Tata.Pankaj Kr Baruah",0.3163352272727273,0.555284090909091,0.555284090909091
2,2,"best value price Very warm cozy rooms, plush interiors, nice service tasty food. Good connectivity business tour planner available hotel. Best value money",0.6114285714285713,0.59,0.59
3,3,"Great quality price !! For train travelers PERFECTION! The quality price cannot beat Delhi - $40 get clean rooms satelite TV, AC, wireless (must pay $5 24 hours) clean bathrooms - perfectly comfortable rooms. We stayed hotels price range Delhi India found MUCH worse. We also stayed 5 star hotels (as expected) better cost us $300 ... found Ginger best bargain around.Also - traveled around quite bit train using delhi main hub LOCATION CANNOT BE BEAT! literally across street train station (VERY helpful since tickets bought 2 hourse train leaves - train leaves 5am grateful cross street get 3am tickets!). Its also pretty close Connaught Place (central Delhi) - around 2 km INR 50 tuck tuck (1 dollar).Good luck! mp",0.16333333333333336,0.5166666666666666,0.5166666666666666
4,4,"A Clean Hotel Dirty Delhi We three one-night stays used Delhi transit point various excursions month-long holiday.The hotel's location, yards unimaginable filth detritus all-round excremental disgrace New Delhi Sewerage Station, I mean - New Delhi Railway Station, undoubtedly convenient.The large easy see even night time even luggage walk across car park lies station hotel.With building work going Commonwealth Games (Surely flattening city would better option? After all, itâs rebuilt several times already centuries!) might look daunting get walking far quicker cheaper tuk-tuk taxi - found cost first time tried get it.We three different rooms three stays and, despite reports contributors, found room clean respects facilities expect business (albeit budget hotel) including copious hot water.The 24-hour coffee shop / restaurant fine - lots well-dressed locals even coming takeaways.Staff pleasant helpful store luggage use Left Luggage Office station. Lock bags padlock bays - thieves damn good go attempting break friend's suitcase.The hotel's location also biggest problem. The AC inevitably bring smells station hotel's fault, damn awful noise trains coming station whose horns even deaf hear! What Indians noise, anyway? Perhaps ask rooms facing away station. Otherwise take ear (and possibly, nose) plugs.Anyway - plus points hotel's making minus points (apart storing luggage late leavers) isn't.I would happily try Ginger hotels. The reason I go back Delhi would mean going back Delhi. A hellish scenario I cannot imagine.",0.10966704863763688,0.5804377811730753,Nov 26 2009
5,5,"Terrible place - Avoid it!!! We booked Ginger Delhi 2 days left with-in 2 hours checking-in.My expectations great. I looking &quot;clean&quot; frills accommodation. But room far clean. There bunch long hairs floor. The staff even check room clean handing room. When called housekeeping - cleaned room cleaned showed. After second glance bunch hairs side bed cleaner royally ignored.The walls shoe prints. May previous guests wanted make footprints left. But least I expected housekeeping clean marks wall. The quilt almost black one side couple yellow spots over. When called housekeeping change covers - came two quilt covers - one dirty less dirty. We asked change less dirty one.The staff cared clean anything enough guests keep coming name Ginger - The Taj Group.The bathroom clean - hot water. You fall sick would take cold shower winters. There toilet paper bathroom. We call thrice get toilet paper.There small window room room damn compact. I would appreciated could least make bigger window. That would given room bigger look. Stay option (or may spend hours) keep expectations level usual Pahargunj would pay Rs 1000.We moved day Quality Inn, Gurgaon paid hefty amount last minute booking least stay damn comfortable there.When complained Ginger customer service - got regret letter inconvenience caused refund.I would strongly advise avoid hotel. This place spend two days.",-0.09335317460317459,0.4840724206349207,Nov 26 2009
6,6,"Centrally Located Our journey Ginger Hotel start well. We booked vehicle airport taxi counter. Once airport driver claimed know Ginger Hotel located. We gave map seem help him. Fortunately, could take us 'tourist office' could phone Ginger directions. The 'helpful' man tourist office 'phoned' Ginger Hotel advised they'd over-booked, could stay sister free! When believe passed phone us 'manager' apologised profusely explained sister much better. We still convinced realised scam, demanded taxi driver take us Ginger Hotel manager, given ride New Delhi railway station made way foot hotel. Of course immediately able book in! When so-called 'tourist office' saw taxis pull outside. The moral book taxi airport believe anything driver, anyone whose help enlists, tells hotel.The Ginger Hotel quite bland clean rooms comfortable beds TV can't live without box. They even Wi-Fi (at price) gym. Security first class. There self-service cafeteria site provides exceptable food. The major downside booking process. We'd originally enquired room August 3 months later, 4 days due arrive, able accept bookings. The problems promised IT assistance experienced difficulties Wi-Fi connection, never arrived despite phone calls, luggage storage facility hotel.",0.20479249011857706,0.5215744400527008,Nov 23 2009
7,7,"Best Place To Stay In Delhi Ginger hotels chain hotels India, mainly set business travellers, however sick tired staying terrible accomodation travelling around India I would recommend paying little extra stay Ginger hotel. The Delhi right behind new delhi train station centrally located seeing city. The rooms clean, flat screen tv, air con, clean sheets, clean showers, nice staff tea/coffee room. Rooms tiny frindge get cold otherwise well worth paying extra poung stay at. I would recommend booking ahead web site possible get best price.",0.04312864671560324,0.5332928665537361,Nov 22 2009
8,8,"value money clean, appeared safe. ample room clean bedding hot water. additionally good restaurant, business station travel desk within lodge. railway station 5 min walk away.",0.4366666666666667,0.6700000000000002,Nov 16 2009
9,9,"What place.. I say, friends, u want cleanliness, ginger new delhi can't ur second choice... calm, peaceful clean time felt leave place never. So cheap nearby station amazing place live",0.27367424242424243,0.5630681818181819,Nov 16 2009
10,10,"Great place solo traveler This great place business trip. A spotlessly clean room, comfortable bed, bathroom desk - plus wireless extra fee. I could also grab good, inexpensive food downstairs restaurant downstairs. Very key I pressed time needed get something late night feel safe heading dark. This small rooms 1 person cost half standard room, perfect traveling solo. Not great terms character great need clean safe place sleep. If getting taxi, sure tell driver Ajmeri Gate train station they'll hard time finding - sure book least weeks ahead time. It books up, mostly locals.",0.25100000000000006,0.5914444444444444,Nov 8 2009
11,11,Well worth money A great value Hotel similar UK Travel Lodge. We party 4 -2 adults 2 teenagers 1000INR night bargain. Rooms clean AC fridge LCD TV. The restaurant open 24hours good food although staff rude un anattentive. Location great wanting use New Delhi train station 2 mins away foot. Downside shops around need get three wheeeler order get (Connaught Place 5mins) available outside hotel. There pharmacy located premises great. All needing accomodation require luxuries sight seeing arriving 9pm highly recommended hotel. The quite hard find due construction metro even taxi drivers know . It located next ajmeri gate one way system.,0.20924242424242423,0.55006734006734,Nov 6 2009
12,12,"An excellent choice This excellent choice great value price. The room bathroom clean, A/C great, flat screen TV cable, hot water (though much better morning night), cheap phone calls, internet lobby helpful staff. Restaurant ok. If check website, show fully booked months come. In reality, seems take reservations short term. Excellent location right next New Delhi Station. although everyone tough time finding it. Tell go New Delhi Station ask Rail Yatri Niwas. If walking, walk dark, crowded industrial area get solo women may feel comfortable. Otherwise, highly recommended.",0.3405099698281516,0.6228699330972061,Oct 21 2009
13,13,"excellent value Delhi Stayed one night beginning one night end two week holiday. Support majority positive comments already made value, cleanliness convenience. At end long train journey convenience able walk Ginger Hotel great asset. The restaurant nothing great one stop Metro (entrance close hotel) Connaught Circus plenty eating places. Would definitely stay there.",0.3863636363636364,0.6522727272727272,Oct 21 2009
14,14,"Good value money I quite satisfied stay here. I stayed first 2 nights Delhi trip. The basic clean enough. Room complimentary water (2 bottles day), hot water pot, TV. Right I can't even picture bathroom I fine room bathroom. There 2 computers available lobby Rs 110 1 hr. The staff friendly means helpful. One give time. I agree reviews terms value money.The location great going Old Delhi Connaught Circle. Also, next railroad station, pre-paid taxi driver airport knew get it. There large sign high station see it. There construction around station actually need go back station reach hotel.A short walk hotels gets pre-paid stand hire auto-rickshaws. There booking agent (of sorts) I used book car airport next leg trip. I said I would take non-AC Rs800 I got car AC.One negative trying book room online. I use direct email Delhi Ginger book much advance also get full quickly.Hope helps.",0.20839743589743584,0.41875457875457883,Oct 19 2009
15,15,"Everything wanted nothing more! What one get New Delhi 1000 rupees?The price, location Tata brand main consideration I booked Ginger 3 night stay New Delhi. The location amazing - bang next railway station. Yet peaceful, away city.Once I got hotel, I see porter running towards pick baggage. Instead super convenient trolleys - self-service mantra here.The room five-star quality right size everything one needs. In common area, facility iron clothes. Amazingly designed save costs yet compromise comfort stay.There room service, could pack food restaurant carry yourself.",0.2575855962219599,0.5222550177095632,Oct 7 2009
16,16,"Perfect place family An excellent strategically located good Customer Service. The cost food Restaurant little higher TATA need relook at, opened Hotel Railway Station Complex inside/ near Airport.",0.39607142857142863,0.6542857142857145,Oct 3 2009
17,17,"Can't ask - Real value money Hats TATA gifting us Ginger , Delhi. I booked place reading several reviews , I stayed exceeded expectation. Positives : 1. Spacious spick span rooms Rs.999/night2. LCD TV3. Very neat toilet/shower4. Complementary mineral water ( 4 small bottles daily basis)5. Centrally located - Connaught Place outer circle hardly 1 km. CP best place dine.6. 24hrs restaurant7. Water dispenser every floor8. Very courteous staff including room service staff.These name few.Negatives :1. No auto stand front ( got walk abt 50 mts)2. Restaurant great. They capable handling 4 customers time. I wait 1 hr grab breakfast. I suggest food unavoidable.3. The travel desk Indica A/Cs. It bigger cars ,which expensive. Indica A/C Rs.850 / 8hrs-80kms ,but Esteem - Rs.600 more.Otherwise complaints. I think Ginger open similar hotels Mumbai also.Wish happy stay.Rgds,Venkatesh",0.2081060606060606,0.4759848484848485,Sep 30 2009
18,18,"Value For Money Real Value For Money . An ac room rs 999 . neat room well maintained . Has coffee / Tea maker , complimentary water bottle . Rs 999 steal .",0.25,0.4,Sep 28 2009
19,19,"Descent excellent price I travelling Delhi Mumbai came surprise choice completing train ticket irctc.co.inI directed www.railtourismindia.com booking easy. Thought services would I find 1K room.Went voila, excellent located (Central Delhi). Rooms well maintained, lobby good.They serve food rooms, Comsum restaurent lobby provides yet another surprise. Good hygenic food good price.Overall good experience.",0.7076190476190477,0.7490476190476192,Sep 10 2009
20,20,"LIKE TO FALL IN LOVE WITH...... We way Kerala stayed twin room. This really great beginning Honeymoon. Clean comfortable rooms multi-cuisine restaurant made trip wonderful. We strongly recommend visiting couples families. One best thing easy access railway station. You even see train standing platform no. 10, 11 12 west side window opening rooms.",0.6166666666666667,0.7145833333333333,Aug 31 2009
21,21,"good value money This steps New Delhi train station. It clean rooms, comfortable beds decent bathrooms reasonable prices. The area around station look bit intimidating I never felt danger, even late night. The restaurant offers good safe food competitive prices.",0.2936088154269973,0.545564738292011,Aug 21 2009
22,22,"My preferred economical Ginger (Yatri Nivas) New Delhi, I recommend clean, staffs polite, No disturbance, Overall I would say get ambeince five star cost 3 star hotel. The rooms clean, toilets also clean. Clean bedsheets, towels, wifi, A/C. Really comfortable place stay heart New Delhi. The metro 50 meter walk hotel. Isn't Great !!!",0.35411616161616166,0.5974242424242424,Aug 18 2009
23,23,"THE best Value Delhi money - period -- Great everything need - mini fridge, flat panel TV , 4 beds family room , free water bottles , separate shower,toilet,washbasin ( saves time family getting ready morning ).Nice restaurent downstairs, WIFI approx $8/24 hrs , pharmacy , book store next door etc .Just keep quite guys - already tough get room @ place - seriously I travel India I going look Ginger everywhere I go .",0.2065972222222223,0.496875,Aug 15 2009
24,24,Noce Place But Not Good I visited place Recent visit New Delhi. This good ar per desired standard. I know budget quality soo good. I also visited Bangalore Ginger one Delhi good. Though rooms neat clean area located good all. Also room service all. So also problem.,0.32811447811447814,0.4893939393939395,Aug 4 2009
25,25,"The Best Hotel In Delhi After much hassle Raunak hotel,it relief come Ginger Hotel.I always searched 3-4stars hotel.But seeing 3-star Raunak Hotel,i want anymore.Even though Ginger budget hotel,it best value money.The service good,the food splendid,the room spacious clean,the staff helpful understanding.I really enjoyed stay there. ..I really look forward another enjoyable stay there!!!",0.5823660714285716,0.37142857142857144,Jun 29 2009
26,26,"Fabulous great location railway station VFM Stayed 2 separate occasions March rate highly. Its location walking distance New Delhi train station ideal want catch train 6 morning. The area around win awards, fact parts look well dodgy, especially late night. The however security check point actually check people coming problems there. The rooms clean, modern looking, good air conditioning system, flat screen TV's, good hot showers comfortable beds. Best rooms inexspensive. There cafeteria lobby area serves various meals drinks, food reasonable good value.",0.29002260702260707,0.5800206830206831,Jun 24 2009
27,27,"Best place Delhi stay The Ginger atmosphere businessman's hotel, rooms clean neat staff responsive requests assistance. What I say &quot;Best place Delhi stay&quot;",0.6833333333333333,0.5,Jun 21 2009
28,28,Best near New Delhi railway station I take train 3:40 AM. So I looking walking distance NDLS station. The hotels paharganj looked shabby. But Ginger (The erstwhile Rail Yatri Niwas) nice hotel. The interiors good. The uses latest technologies loke self check etc. The room rates also resonabel around 1200 Rs. I would certainly recommed looking stay near new delhi railway station.,0.38770129870129877,0.5360519480519481,Jun 21 2009
29,29,"Budget India I'm Brazilian living Bangalore, May year family came visit wife. I planned visit New Delhi Agra, I booked on-line two double rooms. Two weeks I called check reservations really made, luckily was! :) Finding complicated, foreigner, taxi driver believe know (even map hands). Tell driver itâs next Pinto Road, go rail station car/rickshawâs parking area get hotel.The location pretty good visit sites New Delhi.This budget hotel, donât expect frills. Youâll find bed, AC (little noisy), LCD TV, desk small fridge standard western bathroom. Our towels little dirty bed sheets smaller bed, even thou cleaner 4 star hotels Iâve stayed Pune, Chennai Mumbai.Thereâs 24 hours restaurant ground floor, like Indian food youâre going enjoy yourself. If donât get auto-rickshaw 5-10 minutes go Connaught Place eat something. The omelette toast.The deliver promises, safe clean place sleep. If youâre looking glamour try hotels, donât want spend money, prove good enough.",0.10678524374176548,0.4964097496706192,Jun 19 2009
30,30,"yes yes yes! Even easy get (you see railway station road direct) we've found worthy. Room basic clean, Wi-fi everywhere 113 rupies per hour, restaurant always open, expensive average quality food, outside door pharmacy corner shop. Also tourist desk there, car rental driver service good expensive all, compared others checked. We sure look Ginger everywhere we'll go India!",0.1840277777777778,0.5747685185185185,Jun 18 2009
31,31,"A good base Delhi The Ginger cheap, clean comfortable.The air conditioning welcome May heat city. We tried 4 bed family room 2 bed twins, fine, twins better bathrooms.The 24 hour cafe downstairs useful, best food ever adequate fair amount choice.Tell cab drivers need New Delhi station, Ajmeri Gate others noted often know name. The surroundings wonderful convenient, metro outside.Would definitely base again. Good families.",0.372064393939394,0.6117424242424242,Jun 13 2009
32,32,"Budget best Hotel Ginger quality accomodation steal low prices offers. The fact building belongs Railways Rail Yatri Niwas may major role play pricing.But makeover unbelievable. Simple changes made great buy-in business travellers visit good night's sleep.The rooms tiny well done up. The corridors maze blame old building construction.Currently accessibility city big problem construction Metro, ends hot favourite people travelling Railways.Ginger provides option ordering food local restaurant nearby also makes available menu cards, great option want choose variety cuisine.All value money!",0.26015625,0.4848214285714286,Jun 13 2009
33,33,"excellent value money Based Tripadvisor reviews, I booked four nights Ginger Hotel May disappointed. The provides excellent value money. I paid double setup another I returned Delhi June. The Ginger atmosphere businessman's hotel, rooms clean neat staff responsive requests assistance. Service snappy professional. While sound exciting, trust I say really thankful efficient service arrive 4AM given runaround taxi driver. The sort hard find. It's back side across tracks New Delhi Station. Adjacent sort operations involves lots bales carts looks like recycling activity probably rail related freight operations. It's pretty look at, constant activity makes area relatively safe, inside hotel, nice calm. You get courtesy bottles water every day. There's internet access, albeit slow connection expensive 113 rupees hour. And restaurant bad. There's metro near by. If Delhi beastly hot, within walking distance Connaught Place Old Delhi. The place always seems booked, book early.",0.15862012987012988,0.5246861471861471,Jun 12 2009
34,34,"romantic rooms The magnificent . It lovely hard drag away go anywhere. It;s ambience peaceful, disturbance anyone . In delhi, atmosphere find reasonable rates. Overall I would say probably best price range Rs 1000/- per day. It heart delhi hence transportation problem all. ONly negative point its' entrance New delhi Rly station little crowdy, one peaceful, neat clean rooms good aesthatics",0.20743686868686867,0.5331691919191919,Jun 10 2009
35,35,"Nice cute place We scheduled travel Agra planned stop Delhi couple business meetings. My brother trying accomodation internet. He fancy Ginger hotels kept trying room 1 month visit. He get one initially. But repeated attempts, appears cancellation able book room.The stone's throw railway station. We flew took taxi Station. We walked platform hotel. We got unbelievable price walked hotel, warm reception desk manners staff reception reminded us Tata hotel. Absolutely friendly, courteous professional!When went room, saw beautiful room spacious bathroom. It unbelievable facility price location. A tea kettle coffee tea packs provided room.In case get hungry, restaurant groundfloor offered food beverage round clock arrived late night without food helped good tasty dinner there.A nice convenient place. But planning stay there, please make sure book room well advance.",0.286437908496732,0.6942810457516341,Jun 6 2009
36,36,"young independent travellers Very clean place sleep spot city. Do expect lot. Rooms small, claustrophobic, single window fully covered AC machine. Older, old-fashioned ppl really confused deal card locks modern tools. The area around safe, quiet clean. It near New Delhi station u imagine mess around night. But one good thing u metro station corner 24hr Comsume it. Food great safe.",0.13332972582972583,0.47474987974987976,Jun 3 2009
37,37,Complete VFM Nothing best Value Money.Easily best option kind travellers.Id give 5/5,0.675,0.475,Jun 3 2009
38,38,"Best Hotel Best Rate We used visit Delhi quite often use difficult task find decent decent price. Then last time I planning trip Delhi, I learnt Ginger opened New Delhi right next NEw Delhi Railway Station I booked Ginger. The neat clean price I think one cannot get better deal. They also restaurant, laundry service, LCD TVs room, etc. I think steal Delhi price offering.",0.2544955044955045,0.45729270729270727,Jun 3 2009
39,39,"Good value money Good value money. The family room contains 4 beds. With AC, pretty spacious room LCD TV 1000 good. Also proximity New Delhi railway station BIG plus. Now go infamous Pahadganj hotels.Only issue respect booking. I done day visit booking checkin checkout dates same. I trouble (had wait almost 1 hour) get room. And reception staff manager polite say least.",0.1486363636363636,0.5079545454545455,Jun 2 2009
40,40,"Convenient Location A good value, conveniently located next Metro New Delhi Railway Station.It located North East side Railway Station, taxi drivers might find difficulty locating it!I already checked Google Earth directed taxi driver!The staff attentive restaurant adequate. Hey, budget hotel.We stayed four nights room well cleaned every day.Yes, I would certainly return here, particularly I travelling rail.Oh, also pharmacy next hotel.",0.2588311688311688,0.41158008658008666,Jun 1 2009
41,41,"find hotel... This one worst experiences!!! I finished whole days work delhi &amp; return night. The arrangement stay made office Mumbai. I tired calling serveral times day inform arrived &amp; checking later day, vain one answered phone throght day.When left head reched new delhi railway station, NO ONE seemed know located. I tried calling one again. As answer &amp; since 12:30am began panick &amp; called colleague mumbai assistance. He gave nos dial vain one answered.After almost 1.5hrs I finally managed ask around &amp; got hotel. I furious. As walked realised absoluteley one front desk, phone ringing looking around front desk executive came &amp; asked : help you&quot; I gave piece mind &amp; asked kind run. This chain affiliated TATA group.i went room apart frm bad experience, budget costing apprx 1000rs. night. There room service house keeping. You dine self service restaurant. The food similar meals alavailable food court mall mumbai. The food average price.If low budget place you, find it!!",-0.08210227272727273,0.5841382575757577,May 31 2009
42,42,"Great excellent value We enjoyed staying Ginger, New Delhi. The rooms compact, clean every small detail taken care (including complimentary bottles water every day, wifi room, internet cafe etc) facilities managed well.Food available 24-hr coffee shop ground level. The service slow though food nice. Pre-paid auto-rickshaws available New Delhi railway station 3 minute walk away metro station 3 minutes away well. The issue auto drop 3-5min walk away return since metro work made entire road difficult enter.",0.24062626262626258,0.6742727272727272,May 22 2009
43,43,Value money Good stay travelling business work day two. The facilities minimal adequate.,0.3111111111111111,0.5111111111111112,May 20 2009
44,44,"Great Value For Money We traveled BOM-DEL Rajdhani Express. The oppositte New Delhi Railway station within station premises. Its fine 7 storeyed building frills excellent views room. BUT offers great value money.We took family room INR 1000. The room 2 window AC's, 4 single beds. The entire room neat tidy. Toilets clean. Everything worked perfection. Any property New Delhi offering offers would easily cough 2000-3000 bucks pocket.Seamless check-in check-out procedure. Nice room service. 4 bottles mineral water tea coffee kits provided daily basis. A nice 17 inch LCD TV take care entertainment needs. The quality beds, mattresses nice.The restaurant offers limited menu. It something improved upon.",0.22857658214801072,0.48773448773448763,May 20 2009
45,45,Best business class Mumbai Ginger truly business frequent business traveler like me.They best advantage Ginger Delhi location advantage.The facilities provided average.I specially like Ginger concept I fan it.I definitely stay Ginger next time I India's capital soon.,0.35102040816326535,0.2959183673469387,May 18 2009
46,46,love staff commitments towards service.............. gud exp.. serviced ginger mgt....at cost tat iccured can't even imagine service like one got ..................its true say tata trustable brand world................,0.45,0.5833333333333334,May 11 2009
47,47,Decent place - low cost Decent place- reasonably clean located next railway station.. Remember budget things one keep minda) Carry toiletries!b) Food available cafeteria like place Had issues messing bedsheets otherwise ok,0.13333333333333333,0.38148148148148153,May 9 2009
48,48,"A Good Basic Transit Hotel A Basic Service Hotel, right next New Delhi Railway Station , took 4 Bedded Family Room travelling 2 Kids wanted Hotel Near Railway station transitting next day Goa Flight.As seen Ginger Haridwar Goa impressed cleanliness chose hotel.Very Nice Hotel, Location bit bad due Metro work near vicinity , The Railway station Parcel office etc making noisy dusty. But inside nice.Rooms needed little bit care (by guests well staff). On checkin found Soap dispenser empty taken away bu housekeping forgot replace it. The Toilet seat installed High making uncomfortable. The size Toilet small. They selected better wc fit size.Linen good, amenities Ok, size perfect, Restaurant Lobby level good, economical good.Best part go anywhere due central Location.",0.16962222673160177,0.4733414502164502,May 9 2009
49,49,"best budget new delhi new delhi, area near railway station, ginger best budget professional management.compare hotels area price tag, best one, facilities like taxi, food, shopping available nearby.",0.3267482517482518,0.37185314685314685,May 8 2009
50,50,loved ambience stay awesome excellent room amenities.and economical. jus place outside maintained..,0.6,0.7499999999999999,May 2 2009
51,51,"Basic - exactly need 1 night We initially booked going catching train Corbett National Park New Delhi station (2 minute walk away). However ended catching taxi Corbett instead driver sorts problems trying get front door ended parking nearby car park! It's nicest areas, I definitely advise walking around night.It standard stopover hotel, like Travelodge Premier Inn UK. It's pretty basic room, need air con, flat screen tv, tea, coffee water. It's clean, check simple there's restaurant/cafe downstairs. It's unbelievably cheap Â£14 night money saved went drinks dinner The Imperial Hotel.",0.23925189393939394,0.47729301948051944,Apr 29 2009
52,52,"good price I like central location, attractive price room provides.It basic, yet, need, clean enough, although provide sheets apart one covering mat",0.3111111111111111,0.5291666666666667,Apr 23 2009
53,53,Well worth Money A great value Hotel similar UK Travel Lodge. We party 4 -2 adults 2 teenagers 1000INR night bargain. Rooms clean AC fridge LCD TV. The resteraunt open 24hours good food although staff rude un anattentive. Location great wanting use New Delhi train station 2 mins away foot. Downside shops around need get three wheeeler order get (Connaught Place 5mins) available outside hotel. There pharmacy located premises great. All needing accomodation require luxuries sight seeing arriving 9pm highly recommended hotel. The quite hard find due construction metro even taxi drivers know . It located next ajmeri gate one way system.,0.20924242424242423,0.55006734006734,Apr 23 2009
54,54,Decent The decent &amp; per Ginger standards. The rooms good&amp; clean. Its located conviniently esp one wants travel NDLS station arives late night. On negative side congested &amp; poluted area station &amp; u cant step snack stroll u desire.,0.07142857142857141,0.49047619047619045,Apr 19 2009
55,55,"Inexpensive know getting My friends I booked room Ginger save money. It came highly recommended friend's coworkers Bombay. However, ended staying there. On drive there, driver muttered Hindi 'cheaters go there'. Then, waited check in, fellow customers, men, started casually inching closer friends me. We group 3 20-something women, two us white. While may well perfectly fine, would nice know area clientele booked room. Later week, friend reconnected friend Delhi told us located Red Light district. That reaffirmed choice return Claridges.Couples, men, families - I'm sure great deal. Women traveling without male companions... might prudent stay elsewhere.",0.21472222222222223,0.4704629629629629,Apr 18 2009
56,56,Good Place Good place 2-3 days leisure time. The room service quick food satisfactory. The rooms neat &amp; clean.I would recommend viewers stay place.,0.5777777777777777,0.5666666666666668,Apr 17 2009
57,57,"Purely Smart Basics !! Loved stay here. Hotel clean &amp; proper. Has good restaurant well.Rooms self sufficient, though small looking spending 3 days here.Staff extremely helpful.Located right Delhi Railway Station premise, good Train travellers. At time, away hustle-bustle train travellers station.However, entrance little dificult locate 1st time around. Entrance way crowded well, coming via car.Also, light sleeper, Honking night train disturb you. But less likely. I slept like LOG !!General store cum Medical store Hotel complex fully equipped, priced MRP.Overall good experience one-2 nite stay work.",0.20147556390977447,0.5252756892230577,Apr 16 2009
58,58,"Great value excellent location Ginger needed final 3 nights 3 1/2 week stay India.It basically Indian travelodge, bother staying want authentic heritage experience, room immaculate (by western standards rather Indian) complete fridge tea coffee making facilities, TV, comfy bed, AC, etc.The location outside New Delhi station perfect arriving/departing via station, within walking distance Paharganj Connaught place, short metro ride Old Delhi's main attractions (Red Fort, mosque, etc.) The 24 hour restaurant came handy day trip Agra early morning flight back London - staff reception also happy ring metered cab airport travel desk foyer tried charge us 1200Rs get airport!At 990Rs night, slightly expensive hotels stayed India worth every penny.",0.2489015151515151,0.48064393939393935,Mar 31 2009
59,59,"Excellent value bit nightmare outside It's Indian TravelLodge. So excellent value money, good clean room a/c good clean bathroom basic decor bit echoey corridors. The restaurant / snack bar good (try plain dosa). It short trundle across car park little gateway New Delhi railway station. You can't leave luggage / check-in there's rather forbidding left luggage place station. The perimeter fence security guard. Immediately outside, horrendous noisy tide hand carts, jeeps, motorbikes etc - hit lucky find pretty quiet. Getting OK taxi knows circuitous route entrance. Otherwise, they'll drop right building quite challenge find way in. Expensive internet.",0.25890280354566064,0.5209080601937744,Mar 16 2009
60,60,"Very nice clean restaurant Very nice clean good room facilities, good location Ajmeri gate 100m NDRS metro, nice stuff - willing fully refund one mine canceled night, also sometimes act bureaucratically. Hotel restaurant different story. It works like fast food croissants breakfast like food morning even listed menu. Same fruit salad.",0.4312121212121212,0.6977272727272726,Mar 15 2009
61,61,"Exceptional value big city! We stayed two nights early March week later. Both times rooms immaculate, stayed double room costing 999 rupees per night, rooms equipped Satellite TV, kettle, tea coffee, fridge, celan bathroom shower curtain, rarity India! We problem toliet second visit maintenance door almost soon put phone calling reception, problem rectified.The couple minutes walk New Delhi station makes perfect early morning train journeys. We problem taxi driver knowing was, also tuk-tuk driver know Connaught Place was?!?!? The staff really helpful work really hard keep everyone happy, even called Domino's pizza us trouble pay phone.",0.1722898629148629,0.3846500721500722,Mar 11 2009
62,62,"Value good location Good value hotel, Clean rooms close train station. good choice nights stay Delhi onward jurney.",0.5333333333333333,0.56,Feb 28 2009
63,63,"Absolute value money frills located right next Railway station A Compact small room wooden flooring, clean bathroom, telephone, air-conditioner cupboard hangers Rs 999. A standard room means Queen side double bed, whereas twin bed room two separate beds. There also category four beds price people! The rooms small, one could compare Ibis Europe, dust India makes harder keep property clean. But complaints.There restaurant ground floor (Comesum) serves decent food options. The location excellent, next Railway station Connaught place, N Delhi. When stayed, lots metro rail construction happening around made access slightly round-about. However, could walk railway station early morning strolling bags (there baggage strolleys available restricted till main entrance hotel) 7 minutes.The laundry service reasonable prompt - deposit morning receipt evening 8 pm.We booked online check easy too. There helpful reception desk. The quite busy due price location, one needs bear that.Overall, comfortable convenient stay.",0.1673721340388007,0.44576719576719587,Feb 21 2009
64,64,"good value Rs 1200 I stayed alone wife January 2009 Rs 1200. Overall good problem getting taxi drivers find it. Most donât recognize address whether spoken written down. But I eventually go every ride, perhaps ten minute delay. It forty-five minute car ride airports, donât use rickshaw. Rooms Spartan spotless visits. The lobby slightly less clean yet adequate quick stop Delhi. The restaurant reasonable food prices (Rs 60-100/entrÃ©e), menu limited given meal.",0.2492063492063492,0.37167277167277174,Feb 11 2009
65,65,"Ginger Hotel Our stay Ginger Hotel great. Forget expensive bed breakfast hotels, Ginger Hotel frills, great hotel. Our family 4 stayed 2 rooms family room (1000INR) totally booked. We stayed double 2 singles rooms (1000INR each) 3 days. We arrived located next NDLS railway station. It chaotic outside. We approached gates, security let car (security check), got off, headed towards lobby. Check bit pain Indians understand getting line get attention. We soon given room keys went upstairs. We bags trolly. THe rooms clean, basic necessities. 4 water bottles inside room. Heater AC part room w/ remote control. TV LCD. Internet expensive care catch night sleep. THe floor consisted iron table hallway. THe lobby superb. Order watever want open 24 hrs, indian/chineses/western clean. We ate dinner every night sure get sick. THe also gym meeting room. Newspaper free lobby. No outside noise noticibly. Pick want inexpensive 3.5 star service. It's centrally located monuments, shopping areas taxi drive away. Since located near train statin catching taxi/or 3 wheeler breeze. Walk outside gate towards train station, find office 3 wheelers. Tell want go prepay trip. No negotiating. For taxi, black taxis outside talk drivers. We took taxi airport 400INR intercity trip visitor monuments/shopping done tuktuk (3 wheelers). Would I stay here? In heartbeat. Save money use shopping. You vacation use bed night 8 hrs sleep anyway. I spent 3500INR bed breakfast last stay pathetic (house lords), spend money Ginger. Make sure prebook online want Family room (4 ppl 1000INR) HOT demand. We get deal took regular rooms 2 1000INR still great. Staff super friendly, go way help. They've even got ground transportation group lobby I thought expensive. A medical store exists lobby well. Request room higher floors greater view. See pics location. This gem city doubt. Coming foreign country US headache staying Ginger calm situation LOT.",0.11062717770034843,0.5141100092319606,Feb 7 2009
66,66,"Great value Money Stayed Ginger short trip Delhi January 2009 friends. There 3 us, got Family room 4 beds Rs.1000/nightThe stay comfortable advertised - frills hotel. Though service good, areas improvement. 1. The provides 2 towels room meant 4 persons need ask extra towels. The towels could better quality - shed threads stuck over!2. Wifi/Internet access expensive Rs.130/hour compared internet rates elsewhere3. The room key card repeatedly stopped working meant trip lobby time fix it!On positive side,The staff polite helpful. The 24 hour cafe convenient, especially need leave odd hours night. The food bad either :)Having metro station doorstep really usefulThe beds comfortable maybe I really tired. The location near New Delhi Railway Station Metro station convenient BUT also means road access confusing, area surrounded parking lot railway parcel area.Overall, going spend lot time room need comfortable, safe clean place spend night Ginger place you, expect full service hotel. There still kinks need iron helpful staff fixes problems quickly.I would definitely stay next time I visit Delhi.",0.12977272727272732,0.5648809523809525,Feb 6 2009
67,67,Good Hotel Hotel good neat clean. As I presume frill need fetch water well. I guess modify bit. The toilets bath buckets mugs. If kid trouble that. No room service bell boys there. Not bad choice stay next NDLS station,0.3194444444444444,0.4611111111111112,Feb 5 2009
68,68,"Great value family 4 We stayed 12/2008 twice 2 nights family room sleeps 4. The first time room clÃ©an - second time was. Great location - great price (INR 1000 per night). If check later check earlier automatically give reimbursement. The surrounding area recommended go walk.Due heavy construction work proximity railway station get loud wish keep window open. There however 2 A/Cs family room 2 fans.The 24 hour restaurant basement OK - clean wide variety dishes: southindian, north indian, even blackforest cherry cake ;-)The car rental service however rip-off. Book transport elsewhere. Staff friendly helpful. You also get clothes washed there. Internet access works time.",0.21898148148148147,0.5157407407407408,Jan 16 2009
69,69,"Nice enough close New Delhi railway station We pre-booked room Ginger first night Delhi. The taxi driver serious problems get next enormous parking lot rickshaws well train station. However, got us greeted friendly staff. Our room 5th floor spacious nice. Clean sheets, flatscreen TV complimentary bottles water well teabags coffee. The bathroom cleanest ever seen good enough. As leaving Rajasthan, decided spend one night week later. We asked front desk staff upon checkout making reservation night. They said rooms available. However, could make reservation - Ginger website... To use internet access, would pay 100 rs wireless card. (1 hour costs 35-40 rs internet cafÃ© town)The next time came Delhi, found metro extremely close hotel, 25 metres gate. There however metro sign ask guard show direction. Ginger also close railway station convenient early morning departures also causes noice night. The five-star price, definitely recommended!",0.2077134986225895,0.5070247933884299,Jan 12 2009
70,70,"RESERVATION NOT HONORED- left stranded My friend stranded Delhi Ginger Hotel honor reservation. They record reservation rooms available. It's middle night, first trip India I'm US desperately trying google kind alternative. So...BE CAREFUL. Double check ready you. Otherwise great place stay.",0.155,0.4883333333333333,Jan 10 2009
71,71,"Great value money kinks As NRI family USA, including 2 teenagers , traveling India first time, little apprehensive Indian travel agent's recommendation hotel. However, overall experience 2 rooms 5 nights turned excellent . We checked 3AM 12/19 checked 12/24 without problems. They gave us partial credit 1st night, pleasant surprise. Access cumbersome, since hired private car driver, problem us.Best things front desk svc, 24hr restaurant (cheap, lots variety, mild food, good svc), laundry svc, cleanliness, uninterrupted hot cold running water, free water bottles, free tea &amp; coffee, access safe. We miss room service. Although family room 4 beds, small quickly got congested baggage. So decision book 2 rooms, access 2 bathrooms extra space turned good one. The biggest issue inconsistent housekeeping svc; e.g. days got 1-2 towels TP 4 people; one day svc all. They always fixed problem promptly upon complaining, way. The issue night time noise Rlwy Stn, drowned running A/c fan without A/c. Also, WiFi broke 2nd day never got fixed, even though said would fixed within couple hours - problem unique Ginger, commonly encountered India.If want 5 star hotel, Ginger you. But I would definitely recommend family wants basic modern value money.",0.14930555555555555,0.4831944444444444,Jan 9 2009
72,72,"Good value money good location Stayed Ginger New Delhi, mainly location - mins walk train station metro line chose it.Overall, really good value money, clean friendly staff.ROOM - room adequate size, wooden flooring clean. The bathroom wet room I found toilet little high - sat loo, legs touch floor :-)The complimentary water provided room really good nice touch.SERVICE - restaurant bolted next door access served food great meant start hunting around breakfast.LOCATION - conveniently positioned handy catching 0615 train Agra hop bed, walk train. The location meant could hear station announcements noisy times, city all, noise expected. Ear plugs something I carry times!OTHER - little room complimentary water, iron ironing board, newspapers nice have.COST - good value money - can't fault this!Overall, I would definitely stay again, great little hotel, clean, good value money - need! By means Ritz functional - needed!",0.3268550084175084,0.5428114478114479,Jan 8 2009
73,73,"A good value Delhi I choose extensive research hotels Delhi.The thing finally swung me, cheap.The selection hotels Delhi swings cheap ridiclious.The Ginger seemed served purpose safe,clean bed couple nights.We flew Goa, couple days sightseeing, day trip Agra onward Jaipur.This adequate purpose.The good points were, clean rooms, serviced daily, site 24hrs cafe, close new delhi railway station, great catching shatbadi express 06.15 AgraThe bad points, construction work metro makes area chaos, taxi ride anywhere else, look interesting area!, expensive wi-fiConclusion: If want good value, clean Delhi, Ginger good option",0.30753119429590015,0.5963458110516934,Jan 5 2009
74,74,"Value Money Surprisingly Rooms Ginger Hotel available dates I traveling New Delhi. hazel reach hotel, construction work going around it, location near station gave jitters. All till reached hotel. The people reception friendly room, pretty clean tidy. Could say big, sufficient 2 persons. The point concern food comesum restaurant housed inside, food edible! though live music restaurant pretty good.Overall complete value money",0.2438852813852814,0.6253246753246753,Dec 3 2008
75,75,"Excellent Value This best value I've ever to. Its thoroughly modern, basic facilities (including payed Wi-Fi rooms). The location good too, Metro station right outside, one metro stop away Connaught Place (i.e., 5 minutes). Also, easily booked online. The downsides - shower area bit small, beds light (which bad thing want stay put). Its also quite busy outside, due railway station (Indian Railways, metro). There room service, though affordable 24 hour restaurant Comesum decent.",0.2220476190476191,0.47415873015873017,Nov 22 2008
76,76,best thing self service .. loved ambience recently gone fantastic service industry india..the service provided ginger new delhi..the system help catching fast india much delight price fair enough shell wallet.,0.4056363636363637,0.5904545454545456,Nov 10 2008
77,77,Leisure low cost I usually go bussiness trip New Delhi. I prefer stay Ginger Hotel. It facilities four star hotels would . Moreover easy check In. Good Bed superb guest service,0.3366161616161616,0.5879797979797979,Nov 8 2008
78,78,"Excellent Value money Excellent value money.. Neat clean. Within New Delhi Station, hence great choice people travelling there. There 24 hour medical shop vending machine late night hunger pangs. All less thousand bucks !!",0.34282670454545455,0.5714015151515152,Nov 4 2008
79,79,"Superb! Best choice New Delhi Train Station We Sept 2008.It directly located New Delhi Train Station.Cleanest whole India price range around 1000Rs. Reservation internet phone. TV, a/C, 24h warm water, clean linen.",0.44242424242424244,0.5386363636363637,Oct 30 2008
80,80,Excellent Deal.. No one could imagine excellent stay heart New Delhi.I stayed 4 Nights. The room perfectly Clean. I definitely opt I visit Delhi againThe Price great attraction. It cost 1000 rupees. But It gave facilities &amp; comfort 4000 Rs room. Superb.. Real Value Money,0.5003367003367003,0.6893939393939393,Oct 23 2008
81,81,"More Value Money. This new Budget range Hotels Tata Group operated brand name Ginger Tata Group also owns Taj 5* Hotels India &amp; Abroad.An existing 7 Floors Rail Yatri Niwas managed Indian Railways handed Ginger Hotels run Buget Hotels refurbished completely opened August 2008. With Hotel Pricing 1000-1200 AC Room LCD TV, Mini Regrigerator small neat clean rooms cant ask anything more. The biggest surprise even 4 Bedded Family Room also priced Rs. 1000 Two AC's. They WIFI Zone, Mini Gym, 24hrs Restaurant, Vending Machine also 24hr Pharmacy Center within complex. I seen around 15-20 International Tourists staying place. The Rooms Dark Shades basic interiors Hot &amp; Cold Water. No Room Service provided manage staff thats able cut costs. However compared Ginger Hotels one priced much lower rate I guess could agreement Indian Railways provided Land &amp; Building.",0.03735970819304151,0.412135241301908,Sep 15 2008
82,82,Parfait pour un aterrissage en douceur,0.0,0.0,Jul 20 2009
