,Unnamed: 0,Reviews,polarity,subject,Dates_extracted
0,0,"Stay Away! We ended staying travel agent switched us last minute. By far, worst ever stayed in. Staff rude dismissive, rooms like prison cell really dirty. The worst thing bad smell everywhere, lobby, rooms, corridors!! Yuck!",-0.5428571428571428,0.7333333333333334,Apr 8 2008
1,1,"An OK someone wants visit CP New Delhi Well, average hotel, congested small rooms. However, A/C comfortable bathrooms neat clean.Its ideal short stay charges around Rs 4500/= per night double room.I guess main advantage proximity best resturants shopping place delhi. Its located P block CP...There Mc Donalds right famous eating joints like Nirulas, KFC, Rodeo..etc 10 mins walk.The PVR Plaza PVR Revoli 5 mins walk hotel.Overall ok property stay planning spend time around CP.",0.2824215367965368,0.47616206709956704,Mar 21 2008
2,2,"Overpriced terrible service I stayed 3 nights Feb 2008. It 4th visit India, worst I've seen country. My wife I booked double room phone followed e mail. As arriving 4am wanted security room would availabe. However, arrived, 8 hour flight, let room go. More accurately, said room &quot;under construction&quot;. No idea meant, 4am make single room, drab, cramped updated 30 years. We given camp bed, promptly collapsed. The showers provide hot water night - takes 5-10 minutes &quot;warm up&quot;. We got apology cock-up, shrug shoulders. We relatives Delhi. They surprised staying terrible reputation. I really would avoid place - overpriced get. And service really poor. In interests fairness, location good interested shopping Connaught Place. And restaurant excellent - food tasty, safe reasonable, service, unlike - excellent.",0.09579831932773109,0.6528011204481793,Feb 28 2008
3,3,"""BEWARE"" - DON'T STAY HERE""! Unless budget ($80 less) stay elsewhere. Delhi hotels way way overpriced...keep mind. Stayed 1 night Sept 2007. Hotel 2 star, stayed &quot;deluxe&quot; room, slightly larger others. Bed's hard rock, dirty, hot water. We paid $128AU p/night incl b/fast. Hotel staff O.K, relaxed vibe. Location Connaught Place/Radial Outer, near KFC, McDonalds, Pizza Hut (Yuk!), expect Indian experience stay Connaught area full touts, crap shopping food. Only saving grace CoffeeHouse inner radial, fantastic food!!!!!Problem bottled water fridge - seals broken different types bottles fridge. Asked reception bottle sealed water gave us unsealed bottled (you know ring thing lid...broken). They obviously collecting bottles refilling Delhi water. Go 2 doors McDonalds buy water here, Rs 12 small bottle.If holiday, need stress spend go LeMeridian Shangri-La ($300AU p/night) good food, pool stress! If budget, stay elsewhere.",-0.01783625730994154,0.5349415204678363,Oct 4 2007
4,4,"The Worst Hotel I've ever seen Hotel Alka place really avoid planning stay Delhi night. We booked double room Italy, looking pictures site. When arrived room (not cheap costs least 3000 Inr) smallest room I've ever seen without even WINDOW. The bath terrific dirty bottles water found fridge refilled already open. The lights NEON result really upset. I asked change room showed us room even worse. The hotekl terrace 1inch square full destroyed things garbage girlfriend able even smoke cigarette. So, 1st time life I decided live without paying rupee telling manager want spend single minute rooms. The area Hotel Connaught Circus P-Block circle (only A N blocks in).",-0.0802979373567609,0.5876050420168066,Aug 17 2007
5,5,"location good good This excellent location quite dingy even two star rating opinon. Hotel arranged airport transfer, cost 925 rs really much. On arrival, hotelier keen arrange tours fortunately put off. Most rooms natural light.The offical goverment delhi tourism office coffee house 200 yards hotel. A full day tour air condition coach excellent tour guide costs 205 rs pay entry fee site. I thought tour good value.",0.4227272727272728,0.5772727272727274,Feb 15 2007
6,6,"absolutely hopeless What nightmere! anyone thinking booking forget it! worth trouble. It central location Connaught Place (that's advantage). The rooms worth talking about. They unclean job get sheets towels changed daily. Everytime placed &quot;please clean room&quot; tag door, lazy room attendant cleverly reversed read &quot;please disturb&quot;. Hence, return room later day, found left it. We make several pleas manager get room cleaned. There one restaurant (vegetarian) boring service poor. The coffee shop 10 waiters simply wait watch TV despite called help several times. The reception staff bad! Even manager time you. Overall worst ever far India. Never again!",-0.1274621212121212,0.4704004329004329,Jan 23 2007
7,7,"bad choice smell first sign wanted centrally located want pay luxury prices Alka recommended airport...the elevator torn apart lobby, ok, smell hallways rotting carpet, bad sign. The room ok, window looking stairwell- put window I never understand. Anyway, smell hallways started creeping room get sleep 3am. Its central central Delhi neccesarily good thing, really dirty city. We left first thing morning made way Hotel Vikram Lajpat Nagar, south delhi, clean lovely smelled great....",0.11666666666666668,0.5218749999999999,Nov 24 2006
8,8,"Welcome House Mirrors The best thing Alka Hotel good location - right Connaught Place heart New Delhi. It's relatively clean tidy small hotel, decor dated. The decorators - back 60's 70's - went beserk mirrors! One small hallway second floor mirrored walls ceilings. In room walls mirrored ... stepping shower bathroom bedroom naked reflection mirrors infinity (not pretty sight!!!!) The lobby walls adorned fancy gilt-framed mirrors! Are owners place also mirror business??? By way restaurant second floor -- vegetarian one lobby -- excellant food dimly lit romantic setting. The staff friendly helpful.",0.2045708256767827,0.4605699855699857,Nov 17 2006
9,9,"One Worst Hotels I ever stayed One travel agents booked us (myself, wife two children) two nights. The lobby gave notice store us. We booked deluxe room, shown brought wife tears. I managed talk receptionist (man) upgrade us &quot;superior deluxe&quot; room slightly bigger. No hot water, unclean (I polite) linen floors. One bend walk corridors hotel. Luckily shopping day dead tired notice anything upon return.The text book definition &quot;seedy hotel&quot;. THEIR CLAIM OF FOUR STARS IS A SHAM....STAY AWAY FROM THIS HOTEL.Did even dare try complimentary breakfast....had breakfast adjacent Saravana Bhavan (most recommended). We checked fast could last day check Intercontinental Grand. Could stop wife kids grinning ear ear entering Intercontinental's lobby.",0.07519841269841268,0.6170634920634921,Jul 10 2006
10,10,"I wish I read reviews I went Spent 5 nights there, WAS disgrace. I tears moment got there. The lady desk rude, seem bothered: kept answering phone instead checking us in. Got room realised dark....there windows, small cramped facilities available.On paper 4*, reality place class all. The room hurrily cleaned, bathroom worn place smelled stale urine.The male members staff kept staring (its bad enough outside- adds insult).Our 'complimentary' breakfast tried charge for, breakfast waste time. Only thing could cold toast coffee/tea dirty thermos. I asked banana, difficult; cannot give 1 banana menu give fruit platter menu.....?!I questioned whether 4* told 'no doubt'. But trust me- I seriously doubts.Do go there, even desperate..The positives things close Connaught place- good shoppong/eating Vega restaurant good food.",-0.1324074074074074,0.5601851851851851,Mar 11 2006
11,11,"What horrible place! We stayed 5 nights I can't say pleased anything except Vega restaurant. The staff speak/understand litle English, promised (confiremd via email) airport pickup service never arrived never got clear explanation why... The rooms small old. They also dusty, toilets leak, bathrooms broken tiles, tv signals poor often all. Rooms carpets strange smell them.The staff expected tip smallest things like opening door you. If didnât tip clearly pleased.When ordering roomservice would often get incorrect order (due lack english skills). We ordered &quot;Black tea&quot; got Blanket. We orderd food NO CHILLLIES got food hot probably would problems eating themselfs. The phone room huge annoyance. Either disconnected phone (for apparent reason) phone simply work. At India one gets decent breakfast consisting Indian dishes and/or nice continental foods. Here get jam, omlette, 2 pieces dry toast, warm juice tea/coffe. 2 extra pieces toast cost 30 Rs. The gloomey strangely dark. It far luxurious elegant. I completely shocked I looked website staying - information absolutely misleading. How claim 4* I cannot comprehend all. I stayed 2* hotels 1000 times better this. This like 1 * hotel. It would make good backpackers.",0.04585714285714285,0.5534421768707483,Mar 8 2006
12,12,"Don't believe 4* rating! Stayed Alka 3 nights, believe 4* rating, would lucky score 2* countries. The room falling apart, mirrors around natural light. The airconditionining turned ringing reception. Do ask &quot;travel desk&quot; put touch agent, charge nose &quot;city tour&quot; consisting driver ferrying shops shops get commission. While it, try arrange taxis well receptionists call chums charge nose refuse switch meter. The good thing probably vegetarian restaurant, Vega.",0.23229166666666665,0.7385416666666667,Jan 1 2006
13,13,"An awful In short - horrible location, albeit central, squalid Connaught place - stay South Delhi instead. Cramped, dirty rooms window substandard soundproofing. Staff rude, aggrieved give tip. Avoid.",-0.48333333333333334,0.6583333333333333,Dec 19 2005
14,14,??????????????????,0.0,0.0,Oct 27 2009
