,Unnamed: 0,Reviews,polarity,subject,Dates_extracted
0,0,"great I couldnot forget stay york. I good time there. I felt much comfortable stay there. All staff nice polite hospitable every way. I visited many hotels life visiting mostly places India. But never kind amenities services I found york.Indeed, I definately recommand relation colleages visit york least life Girish parwar",0.4222222222222222,0.6611111111111112,Sep 10 2009
1,1,"Terrible Place I misfortune staying Hotel york days back.. far worst experience ever.The rooms fan.. individually controlled AC.. AC controlled centrally whims owners. Most times, turned off, result room stuffy. The night really really bad tho.. thinking guest would asleep, turned AC abt 11:00 P.M. despite repeated complatints, refused turn making excusses power cut entire area, local power cut, fault AC etc etc. Finally went sleep 2 fed up. guys even table fan!!The rooms pretty sad too.. matress ok place dingy.. little light.STay away form place!",-0.11246527777777776,0.5795370370370371,May 6 2009
2,2,"Superb restaurant The rest bit catching do. Reception staff inspire confidence - land late night fair game. Room staff friendly attentive. Room ok R300 - ask see room, bring bag + haggle there. Make leave joy first. Agree price, leave bag + get written quote(I paid cash) reception staff change day day feel honour bound try on. Check central Delhi eat restaurant. Food waiting staff exemplary. Central location best + worst bit, convenient lot lively noisy. It much 20 years ago, apart prices!",0.18008021390374332,0.521078431372549,Apr 5 2009
3,3,"Hellhole Arrived late night accepted room bit hurry. Big mistake. Found small lizard scurrying around room, looked like bedbugs one beds, dust bunnies bed, battered walls bathroom, dirt many surfaces. Neighbor next room blasting TV 1:00am walls quite thin.Gathered stuff, returned key reception got hell out, walked street 1:00am hailed rickshaw Clark International.",-0.00714285714285715,0.37142857142857144,Jan 5 2008
4,4,"Cheaters dirty - Not recommended Arrived late tired hotel. We read review Lonely Planet thought would nice hotel.There rooms left (they said), Suite free. Price: 6000 rs. We brought 4000 incl. taxes. After agreed, asked us pay 4000 rs + tax. We agree anymore, agreed 4000 rs including tax.Then -out nowhere - another free room. We tired took it. The price: 3250 rs excl. tax.They told us rooms like room. So agreed price, told high room. Soon regretting taking room. It dirty everywhere. The chairs, bed, toilet shower. Everything really dirty. The shower cold lot noise night personnel around room.The next day discovered rooms different cheated us pay amount money. (We walked another room check)We made complaint, way getting discount excuse. We allowed speak manager (by phone). I saw number telephone display went across street call man.He told us agreed room. In fact did. But asked noise personnel, dirt room stained matresses, COLD shower etc... Telling us rooms great lie.We paid full amount left.Have look pictures... The cleanness rooms level similar service offer you.(By way: offer breakfast, cannot York Resaurant downstairs, eat room (bon appetit :-( LOBBY!)",-0.11449588477366254,0.5445884773662552,May 1 2007
5,5,"Decent place Delhi Standards Before I start review, let tell something myself. I born raised India, allthough spent past 7 years US travelled many countries. So I used certain things India certain expectations countries - review may bit skewed (but really). First all, intend spending something $150 room Delhi - expect worst. Delhi expensive every looking cash tourists. To expect western standards something 150-200 bucks almost impossible. If go 5 star (or sometimes 4-star), get expect. Any says 3-star generally sham clear demarcation 3-star 2-star Delhi (or matter india).The reason, I chose York location. - It Outer Circle Connaught Palace -- right heart Delhi -- always lot Hustle Bustle. Close railway station almost central everything would want see. Pricing bit Expensive $87 (including tax), things ok. The room clean, sheets, towels, blankets clean. The mattress worse $40 mattress. The room service decent -- waiters keep knocking door, asking need anything. They come call promptly. The hot water good, pressure excellent, bathroom overall reasonably clean. The area safe plenty restaurants around. Overall, I complaints. Just remember - $50 motels US would far better amenities. But Delhi -- I lowered standards I even started looking place. If hunt well -- probably get cheaper place better amenities. I little lazy 3rd motel looked at.Just note caution, book Delhi hand unless 4-star, 5-star unless going peak season chances finding decent room bleak. Take pre-paid cab Delhi airport keep hunting till find good place.Pay cabbie couple 100 bucks (around $4-$5) oblige. Look rooms decide hotel. The cabbie generally take place gets commission taking there, careful.Overall, York worked well me, since I stay 2 nights. If going stay one night, bight bullet -- go 5-star.Hotel Vikram another good (alltho expensive) recommended couple friends. The reason, I choose South Delhi travelling would pain.",0.08425785207700102,0.5770263424518743,Apr 25 2007
6,6,"Disgusting! Dirty! Expensive! Rip-Off! Thiefs! On way Agra Chandigarh, forced spend night Delhi. As planned for, ended search 11pm night. We looking Nirula's highly rated &quot;Let's Go India&quot; guide, closed nearest York Hotel.TRUST US, DO NOT GO THERE. It cost us Rs 3,700 (ZAR 650 / US$ 90), first room got musty smelt damp. As thought hours thought could survive room. We tried shower flooded room. So moved another room dirty, hot water bath tub rings. Dirt rings. We decided suffer would hours time. The next morning even take shower disgusting. We took bags headed train station.Disgusting!",-0.32940972222222226,0.5195138888888888,Apr 14 2007
7,7,"Raised rates checkout When I checked out, raised rates 50% agreed I checked in. So I got screwed obviously never return.",0.0,0.5,Jun 25 2006
8,8,"budget stay The looks like motel hotel. Was expecting least 3 4 star due price paid (booked online) lonely planet put midrange. What dissappointment.Overall okay clean (although looks bit run down) - friendly staff overally helpful tourdesk wakes morning peaceful sleep ask ifyou would like car day! The place safe located heart budget shopping. Just 5 min road Costa - thank goodness!Tips - bring toiletries!So planning stay there, remember modest expectation!",0.17450396825396824,0.5823412698412698,May 5 2006
9,9,"Basic We stayed January two children (15 11) 6 nights part round world trip. It children's first trip India (my wife visited young), first experience developing country.The staff friendly helpful (tipping mandatory), quite central (which key feature us). The basic though, Connaught Place generally fairly run (except inside many shops).The situated K block, northern part circular Connaught Place. The nicer hotels general area tend Janpath runs south Connaught place. There brand new metro station middle Connaught Place.When arrived found room one queen sized bed one single bed (despite clearly setting email booking required room 4 people - quoted price basis), enough room fit another bed. Rather pay two rooms (if known may would chosen another first place) ended sleep three people queen sized bed.The room TV, hot water, shower, toilet worked, apart pretty sparse, fairly dusty (as Delhi). The room service, choice limited. The sheets clean, blankets old dirty (with Delhi dust cigarette ash).The man organises tours/drivers, fairly helpful (although bit pushy side). We booked driver day trip Delhi him, okay would better guide (or guided tour) - guided tour Agra Ashoka tours (a government agency situated Connaught Place) - much informative enjoyable.The renovating facade there, well adjoining restaurant (which closed). Even so, I think would stay again. On reflection would better pay stay something bit upmarket nicer area (eg Janpath) first experience Delhi.",0.17704758204758206,0.4668615643615644,Feb 4 2006
