,Unnamed: 0,Reviews,polarity,subject,Dates_extracted
0,0,"Good value money First impression good, ac, tv , gyser bathroom lights room given working. however complained that, staff front desk acknowledged it, told aware offered another room soon one available. However fixed within hour. Apart problem. booked taxis delhi sight seeing hotel's tarvel desk fantastic. The room spacious clean, made every day house keeping staffs. Very friendly staff, would always attend needs. Very handy location. Would love stay again.",0.3718589743589744,0.517948717948718,Nov 17 2009
1,1,"excellent service polite staff If requiring services please ask staff point direction, whether leather, fabric help you. Transport ever organized efficiently time.",0.6,0.65,Nov 7 2009
2,2,"Beware Expedia booking I book Expedia, credit card deducted yet confirmation Hotel. Wrote many email Expedia &amp; hotel, reply anyone. Any one advice next?",0.25,0.25,Oct 28 2009
3,3,"well locatedfriendly helpful staff india little pricey,but shouldnt take away fact good location found staff willing help needed.the rooms clean offer pick service airport helps avoid early stress.would reccomend anybody",0.26083333333333336,0.615,Oct 26 2009
4,4,"Not value money Hotel near construction site. Non professional staff, dusts room, filthy place stay. canât recommend anybody pay least 25$ night. Book risk.",-0.22500000000000003,0.475,Oct 23 2009
5,5,"good good service lokality ok taking well care guest coming, carrying luggage , begging tip,Breakfast could become better fruit well. Mr.Chauhan frontdesk ok helpfull, organizing whats needed.",0.58,0.54,Oct 18 2009
6,6,"So location good I booked via hotels.com 1330rs night, inclusive tax. reception dowdy, felt like step back late 80s. check prompt, scanner take copies passport straightaway.room fairly small, fit double bed. kettle mugs, use them. AC clunky worked. bathroom vent fairly noisy. linen felt clean bed comfortable. overall nothing shout about, do, given location price. basement restaurant served breakfast: boiled eggs, toast butter jam, cornflakes, tea coffee. also chapati. would suggest breakfast go restaurant quite dismal, leaky pipe general air tiredness.there lift building works fine. There restaurant opposite good quality indian fare reasonable price, air conditioned dim-light ambience.",0.196078431372549,0.5058823529411764,Oct 15 2009
7,7,"Very pleasant environment excellent service accommodation This good fit son I. We arrived 2:30 picked airport. Excellent breakfast. Kind skilled staff. Manager helped us chart trip. Clean large, quiet room. I recommend next trip Dehli.",0.5212987012987013,0.6238095238095238,Oct 3 2009
8,8,Good Location I stayed Hotel Royal Holidays three nights found nice. excellent staff takes good care make sure get everything time. significant thing close proximity metro station restaurant opposite hotel.. karol bagh market 2 mins walk ...,0.569375,0.6829861111111111,Oct 1 2009
9,9,"Do go place! We awful holiday hotel. The staff professional even tried cheat us many times. They really ***holes towards us. When get us many tips wanted, tried cancel connection way Agra. It scary unpleasant. So left place check-out date. And - course - get anything back. These pictures TripAdvisor fake. The street dirty full everything might even imagine. The rooms dark, dirty water comes - comes. So want stay place called - even think ratt hole.",-0.20857142857142855,0.5835714285714285,Aug 19 2009
10,10,"paradise japanse tourist new delhi cheap best good hotelbath,toilet,bed clean good sleeping safety staff honest recomend japanase tourist student family visit cheap good name Kenichi Hisae email address japanboy1984@yahoo.com",0.5503030303030303,0.6164545454545454,Jul 20 2009
11,11,"Excellent hello name Fermin I resident England I retired Physician. I came India holidays stayed Hotel Royal Holidays. It close centre main thing market close hotel. I passing holidays new Delhi want say something pleasant company representing I lodge signs excellent dependable parts I visited provided wonderful service. All personnel chauffeurs administration employees general first That grasp stay armonia pleasant personal thing bearing grudge alone came visited also country every world satisfied services. The company one I mention is, ABYSS TOURS AND My representative Mr ARIF. I recommend everyone, trust worthy generous.",0.3954723707664884,0.5904634581105169,Jul 18 2009
12,12,love staff people I stayed month June wife well booked online use free pickup services begining sure booking free pickup defeintly everything works well really ended stay four nights lov ethe people services staff everybody honest sinceralso use travel services really pleased everythingi wouldl receomnd thsi type Tourist,0.35888888888888887,0.6765432098765432,Jul 14 2009
13,13,"Do choose I agree bad responses. Besides deceive payment. Have reserved paid hotel, lodged forced pay second time. Do contact ?siativ.com travel agent Arif works hotel.",-0.28125,0.3104166666666666,May 29 2009
14,14,"Great staff great location! We really nice stay Hotel Royal Holidays. The staff kind - especially front desk housekeeping staff. We asked anything needed - towels, extra pillows, toilet paper - quick attend requests.There great restaurant directly across street - Dana Choga. I highly recommend place. Great food service prices reasonable (600-700 rupees 2).The block away tons shopping Karol Bagh. You're also short taxi metro ride Connaught Place (many restaurants shops there).The room clean bed comfortable.",0.4003921568627451,0.6141176470588237,Feb 25 2009
15,15,"great place! staff helpful lovely We really enjoyed stay welcome airport pick made really smooth pleasant transition jet lagged. room clean comfortable, room quiet. could better looked better staff ,breakfast delicious! Arif great helped us find way round deal difficulties. Thanx!",0.47812499999999997,0.634375,Feb 13 2009
16,16,"Unprofessional reception According booking Expedia airport pick-up included rooms two &quot;super deluxe doubles&quot;. The notifyed flight number arrival time. The flight arrived Delhi airport somewhat delayed nobody waiting us. Fortunately, first visit Delhi knew prepaid taxi counter outside airport. At reception told someone airport us. Shouldn't check delay? The reception staff interested discussing matter. The double rooms got first night disappointing, say least. Very small dirty rooms leftovers previous guests, double beds although twin beds booked. Not want long flight.The next day got two decent rooms twin beds. In spite this, first impression remained - staff professional showed lack interest.",-0.015789473684210527,0.41596491228070176,Feb 1 2009
17,17,"A good deal! I booked Thank You Points website reading posiitive reviews Trip Advisor. A couple weeks I went Delhi I read negative reviews concerned. When family I arrived late night I pleasantly surprised location cleanliness Hotel. The staff courteous room clean sufficiently equiped. The following morning served good breakfast room. Our stay 3 nights comfortable interested shopping, shopping area street Hotel. Karol Bagh best place bargain hunters. I certainly recomend anyone looking decently priced breakfast located central area Delhi.",0.2892390289449113,0.545704948646125,Jan 27 2009
18,18,"Overpriced! I stayed mid Jan one night get place fast enough!There towels room, ask twice. The Room dark gloomy windows wardrobe doors jammed closed could use it.I tempted move arrived late evening leaving next day I decided put I sorry spend last night India miserable hotel.The worst late night dinner returning go bed I pulled back bed covers find top sheet bed, thick blanket(which I really sure washed visitors),as late tired bother request top sheet I ended sleeping clothes!Finally worst nights sleep noise, seemed combination road works internal noise hotel!We gave breakfast miss basement (again windows!) looked rather average maybe overall experience suppressed appetite!The basic accommodation stayed least fresh sheets towels, place massively overpriced I would recommend",-0.12096774193548387,0.46953405017921146,Jan 12 2009
19,19,"overpriced! We stayed Hotel Royal Holidays recent trip India. The clean enough room expensive was. We paying around 1400Rs basic room without window often smelly. The staff friendly helpful whole, however ignore help offer hiring taxi/rickshaw find one much cheaper simply walking road. The main problem incessant noise night. It felt like sleeping middle building site (which probably were!) even workers stopped, staff noisy elevator (with music!) would soon wake us. If stay here, make sure earplugs.It's hard find good value Delhi, may well choose budget option. It may nicest place beats paying way odds something that's much better!One thing, paid booking internet, worth asking lower price room. We threatened leave night lowered price considerably.",0.11637426900584794,0.4148642439431914,Jan 4 2009
20,20,average Stayed start end trip... rooms ok everything Delhi well overpriced get. Breakfast terrible toast... Rooms ok showers produce dribble... Biggest let us unhelpful nature staff. Every question asked resulted trying make money us... How get Conaught Place... Dont worry ill get taxi... How much?... About 200 Rs... isnt bit expensive?? Well get rickshaw... How much? About 100Rs... Only met fellow travellers tell us metro 2 minutes away 8Rs Conaught Place!!!Stay ever return Delhi wouldnt go back,-0.07921296296296297,0.5757407407407408,Dec 28 2008
21,21,"Looked OK lodged us another hotel! We booked one night hotel, arrived said another guest missed flight, would put us another hotel. They drove us there, vey polite it, fine, still little disappointed. Still, area fine, handy anywhere might want, near metro want risk skin auto.",0.13697916666666668,0.5531250000000001,Dec 12 2008
22,22,"Comfrotable Clean Hotel Royal Holidays clean confortable hotel. It spacious rooms clean bathrooms. The service excellent . For price paid got really good deal running hot water, clean bathrooms excellent services compared overpriced hotels. The rooms include tv fridge handy. overall, hapy staff put comfort first.",0.4358974358974359,0.6217948717948718,Dec 9 2008
23,23,"Try find better place Like others I chose good reviews. Reality hard accept. I expecting much price I paid but... It like hostel hotel. Room quite ok bathroom horrible. Cockroaches bed disgusting. To sum close metro station also nice market looking chaep accomodation hostel standards, try one. Always keep business card taxi drivers know place all.",0.08883333333333335,0.6841666666666667,Nov 25 2008
24,24,"fair irritations booked expedia reading favorable reviews here, stay night delhi way nepal. called day confirm reservation, give flight information free airport pickup promised. said 'no problem we'll there.' showed airport one waiting me. called hotel, denied flight info, also refused pick domestic airport, international, citing policy. advised take cab. arrived karol bagh via prepaid taxi (175rs) hard time finding hotel, driver call get directions. arrival, staff friendly put room reserved, however decor odd, king bed gold sheets made campy 70s feel. shower strange radio freaked turned suddenly, good hot water turn heater. good pressure. breakfast standard indian dishes, bread, eggs. nothing get excited over. overall stay would okay confirmed picking refusing later. decent location, within walking distance metro, hard find. looks nothing like photo photoshopped hotels picture put sky instead.",0.15416666666666665,0.46818181818181814,Nov 23 2008
25,25,"Dump Hotel Useless staff This Hotel fake, booked 7th ranking, I think horrible night passed I cannot understand score. I even thought written reviews using friends. But end day 20Â£ couple one night get pay dump place. The staff completely useless, manners all, since step matter long flight start trying con sort crap deals....Our room facing street works progress front 24 hours, I mean 24 hours whole night, listening hammers, saws, people shouting etc....The air con, look turn think going die breath air coming dirt mud equipment. The painting walls coming off, shower well better say water drops coming it, pressure...We checked early next morning take train Jaipur, people sleeping stairs, guy reception sofa entrance, wake check out.....Rest food corridors,.....to honest quid get somewhere else save self sort entry India.The good things area excellent market full bargains, metro station around corner, plenty agencies, plenty auto rickshaws cycle rickshaws etc....Karol Bagh safe area walk day night, although night India much do. So I would hang around much...There free airport pick service standard hotels, book trough expedia etc I recommend contact directy trough web site service. But I said provided Hotel. After first night dumped place decided next delhi clarck international expensive, area, food excellent, staff professional helpful, worth busy days city crowded metros, markets etc....",0.10367187500000001,0.45236979166666674,Nov 20 2008
26,26,"Nice Stay excellent service Was Delhi week ago. Stayed Royal Holidays Hotel Karol Bagh, New Delhi. The Hotel neat, tidy clean theservice excellent. The staff friendly helpful. met eager, smiling faces immediate attention given requests. Tour company recommended helpful arranging short trip short notice. The central Delhi shopping within walking distance. There medical centre next door lots restaurants nearby. Rooms big affordable even budget traveller. Internet also available I go looking internet cafe.I would stay I go back Delhi.",0.2935606060606061,0.45497326203208555,Nov 12 2008
27,27,I like delhi Hotel Royal holidays good place stay delhi. But problem tour operator connecting trying waste time tourist showing expensive tour plans. room good clean room daily. Hot water also big problem hotel.,0.16458333333333333,0.44375000000000003,Nov 9 2008
28,28,"Decent place stay central Delhi This decent Karol Bagh area Delhi. There like million hotels blocks radius look similar Hotel Royal Holidays. The location best thing hotel. Karol Bagh central anything want Delhi - Karol Bagh nice area great open air market places eat steps hotel. The metro also couple blocks away.The room dirty standards I take shoes room, I got impression hotels area probably like this. And reason put top sheet bed - I figure way I going cover gross bedspread next skin! We ask extra sheet times. The service pretty good ordered coffee asked something. The biggest warning I would give &quot;associated&quot; travel agency run man named Abid Zargar hard sell trip Agra wherever mention want go. Travel services fine Abid trustworthy, practically felt like controlled Mafia there. So beware check Hotel Royal Holidays stick guns. Don't let make feel bad complying want - YOUR trip all! We felt like spent part trip arguing Abid, frustrating staying India couple weeks - certainly I wanted spend time! I wanted stay at!!",0.07496555335097,0.476410934744268,Oct 30 2008
29,29,"Great Option Delhi! We stayed way Delhi bad experience place Pahar Ganj area Delhi. I glad found place! This located quiet section city $1-$2 auto rickshaw ride everywhere. (There also metro station 2 blocks away). There many restaurants shops within block two. The service quite good, staff helpful accommodating. I realize many good mid-range options Delhi, place great. I seriously complaints place. I would recommend Hotel Royal Holidays anyone want stay rock-bottom backpacker-type place.",0.2946969696969697,0.6060606060606061,Oct 27 2008
30,30,"Love Hotel It first time India scared heard many things touts airport greeted airport taxi driver drove safely night droped us hotel.We found Hotel reception welcoming always stay.We went tourist Information office street recomended staff,they helped us organise transportation train tickets place place basic prices.One nagative point I say restaurant construction 3 days stay room service great pretty fast.I definetly stay recomend budget class travelers...",0.34930555555555554,0.5309027777777777,Oct 25 2008
31,31,"The provides good service! Room also good - like window, better ask - might better without window. We booked via Expedia. There guy reception named Sajad gave us free taxi ride TO airport. Thanks!",0.5375,0.5333333333333333,Oct 23 2008
32,32,"Nice clean good staff This second time India last year I booked Suncity Expedia I happy room size small restaurant unfortunately take breakfast room , time I went tripadviser website I seen review Hotel Royal Holidays first I thinking review fake I booked expedia one night I call (Mr. Sajad Manager Hotel ) promise pickup us international Airport arrival driver waiting us .when reached really nice clean size rooms spacious clean bathroom free Wi Fi complimentary breakfast . I stayed 3 nights wonderful experience I really highly recommend",0.2744736842105263,0.6505263157894737,Oct 18 2008
33,33,"Friendly comfortable My boyfriend I stayed Hotel Royal Holidays total 4 nights (2 beginning trip 2 near end) problems whatsoever. The rooms clean huge beds, private bathroom shower television, including towels sheets. We paid 30 Dollars per night breakfast airport pick included. Also, Internet available guests lobby (extra charge cheap). The staff friendly help queries. They helped us organise first part trip (they links travel agency road hotel) reasonable priced. The staff even let us leave luggage last day (when even stayed last night!) really helpful friendly people.The area located, Karol Bagh, bit shock first (old buildings, crowded), Delhi!! Also, really good market round corner great buying souvenirs pretty much anything! There cafÃ©s restaurants nearby too, 2 min walk away.The metro station 5 min walk (Karol Bagh stop) 3 stops Connaught Place, conveniently located.I bad things say overall great place stay!Nicola M &amp; David C",0.25775383141762453,0.4738122605363984,Oct 15 2008
34,34,"Our first experience New Delhi! We two girls sweden stayed royal holidays new delhi. We first stayed 1 night week later stayed another 2 nights. Our experience far good. The room comfortable service really nice. The reception helped us need. Tack en trevlig vistelse och en intressant forsta natt!! :)Thank you, best regards, Frida Tortela &amp; Elena Grahn-moller",0.4231198347107438,0.5868870523415978,Sep 23 2008
35,35,safe clean Very Good reasonable price good location safe single women travellers problem recomended Staff friendly also use free pickup services complains,0.44363756613756616,0.5938095238095239,Aug 30 2008
36,36,best budget range We enjoyed stayed 3 days two separate stages. good value excellent location. Hotel Service: The staff front counter staff helpful able help range requests. also proviode complimentray airport pickup,0.65,0.5875,Aug 5 2008
37,37,"Stay Was Very Comfort Dear TrevelersMy stay comfort &amp; peace even though located central market Karol Bagh. There Staff helpfull personalized, Room excellent, clean &amp; furnished, also enjoyed restroom area cosmetic mirror. enjoyed food hotel, For reasonably priced hotel, really felt like luxury experience. This closed India Gate major tourist places. arrival representative pick us drop late night got complementary transfer I booked hotel. I reccomand every travelers looking cheap best, really want make stay comfort. I also coming 18, December, 08 entire family send request advance I finalize trip India again.-James",0.24856481481481488,0.47111111111111115,Aug 5 2008
38,38,???????????????,0.0,0.0,Oct 21 2009
39,39,discreto con servizio di pick free dall'aeroporto,0.4,0.8,Sep 1 2009
40,40,Va savoir...,0.0,0.0,Nov 10 2008
41,41,?????,0.0,0.0,Nov 3 2008
42,42,Really nice people!,0.75,1.0,Oct 7 2008
43,43,bon,0.0,0.0,Sep 29 2008
