,Unnamed: 0,Reviews,polarity,subject,Dates_extracted
0,0,"A Very Smart 5 Star Hotel This hotel, connected 4 5 different shopping malls, first class aspects. The suites excellent; clean, tidy well maintained. Exellent breakfast nice dining room. A enjoyable place stay rooms good size. Nice kitchenette &amp; dining room separate bedroom.",0.5045238095238095,0.764904761904762,Nov 22 2009
1,1,"Home away home The suites literally give feeling âat homeâ albeit luxury comfortable surrounding! While approach quite bad (thanks traffic due adjoining shopping malls) forget inside premises. The reception small cosy every helpful courteous staff. We stayed nearly 6-7 times past one year never complains! The suites include living room, bedroom small open kitchenette. Quite ideal families kids whip quick meal room warm milk. We usually buy stuff adjoining malls like croissants eggs enjoy later room. The bedroom living room large LCD bliss since fight partner remote! The breakfast buffet quite okay â since quite many place find monotonous else pretty satisfying. The inroom dining limited options top world cooking! The rates lowered recently â maybe due increasing competition nearby â 100s eating joints within walking distance lot choice! The internet access quite expensive - probably charge Taj makes overall comfort stay. The midst mall multiplex spend weekend without actually moving â movies, games, shopping, dinner, one roof!",0.1588262648809524,0.48556547619047613,Oct 11 2009
2,2,"Great Hotel - well designed rooms. Soft Beds ! Book makemytrip.com best rate. Even Executive suite big. The issue fact sell internet access 800 Rps/day. Also taxi svc. $. Great location shopping &amp; eating, even food court food good - check Haldirams @ DFL mall next door. Also Cofffee Bean cafÃ© CityWalk mall best cafÃ© lattÃ© I India.",0.5138888888888888,0.4861111111111111,Sep 22 2009
3,3,"When I go back?? The Svelte perfect escape New Delhi's organized chaos! The staff incredibly friendly helpful, rooms immaculate spacious breakfast buffet entirely satisfying. If enjoy shopping literally attached giant mall!It located South Delhi rickshaw drivers reluctant take us anywhere less Rs 150! We got Rs 80-120 time. It usually took us least 20 mins get anywhere worth given respite horns.",0.17935120435120433,0.46616161616161617,Sep 13 2009
4,4,"Surprising Svelte The Hotel spotlessly clean. The suites well appointed &amp; spacious. Staff prompt &amp; courteous. Parking also convenient &amp; access easy. The attached Select City Mall added plus, allowing diversity restauraunts &amp; shopping.Rooms better 5 star hotels Delhi. The pretty far away Connaught Place area, car, issue drive 30 minutes.",0.3477272727272727,0.6825757575757576,Jun 3 2009
5,5,"pleasantly surprised The approach great outside looks ordinary. Checkin/reception area much speak enter room, different story. Very impressed stay. In fact, stayed suite since didnt enough single rooms 2 room, living room+kitchen area nicely designed. Spacious, modern, clean, enough privacy, comfortable beds, good bathrooms accessories, room service great, food also fresh hot served, good business services, flat screen tv, remote controlled lighting airconditioning, closet space good, dining area good even decent breakfast buffet. It full fledged kitchen utensils, microwave, refrigerator pretty much full-service apt. Definitely recommend ur business even personal trip.",0.3038968253968254,0.568531746031746,May 11 2009
6,6,"Excellent helpful staff highly recommended. Large rooms everything could want. Staff helpful arranging car tours etc. Reception spent 1 hour phone sorting fouled tour accommodation. Ajoining Shopping Mall big bonus restaurants, cafes well shops, also plaza area walk without accosted. Mr Uniyal Assistant Manager Front Office could helpful.",0.27178571428571424,0.40857142857142853,Apr 28 2009
7,7,"Modern comfortable This modern . Access little difficult moment , building work going around. It adjacent new shopping complex 'Citywalks', shops like Mothercare, Zara, Adidas, United Colours Benetton etc. KFC Pizza Hut across road! This face new affluent India.The room spacious, lounge, fully equipped kitchenette modern attractive bathroom. It flat screen television lounge bedroom areas!The swimming pool roof fine, comfortable seats loungersThe breakfast good. The dining room sad however, level minus one, windows.There internet connection - 300 rupees 30 minutes.The service good.The location fine airport sightseeing. The centre Delhi well hour away car.",0.16676634768740028,0.5465311004784689,Apr 19 2009
8,8,"Very nice large rooms expensive ideal location city When got room amazed big was, walk first lounge area there's adjoining corridor bed area is. Bathroom nice, two widescreen TVs lounge bedroom areas, well little kitchen area microwave, hobs, pots pans cutlery! In room also torch provided, dressing gowns slippers well amenities expect find like this. The service good, staff spoke good English friendly polite remembered us came back stay end holiday, although kind posh India they'll try everything expect tip 100 rupees it, eg. holding shopping bags taking room, serving food onto plate table restaurant.The worst thing though probably location South Delhi. It's next shopping mall good want food KFC Pizza Hut, apart music shops prices UK. Also, Delhi rush hour traffic takes TWO HOURS reach places central Delhi like India Gate Connaught Place car, there's Metro connection far I know. So location great. Also DO NOT use taxi airport transfer, costs 27 QUID opposed probably 500 rupees prepaid taxi!So overall big rooms going good entertaining business guests separate lounge area entering room, staff's English good, price high location within Delhi great,",0.23427131336405527,0.5239324116743471,Apr 5 2009
9,9,"oasis calm new delhi Just right one night stay - calm, clean quietly efficient. I returned month later business trip - single woman good choice. A relief move without hassle Mall. Dinner Spaghetti Kitchen Mall A1.",0.22414622414622412,0.48198653198653196,Apr 4 2009
10,10,"Would stay Stayed two nights business trip two bedroom suite colleague, great rooms. Very clean well maintained. Room package included breakfast transfers aiport. Location next big western style mall good although entrance somewhat bit suprise road access still built entry back mall.Very good service staff overall. Was somewhat miffed internet payable room per computer basis per room basis! We two laptops.When asked taxis entrance taxi stand, course suggested use services, 4 x metered taxi. We took one morning running late meeting, able get green, yellow black metered taxis back night also asked taxi come get us next morning. Assume could probably get metered taxi taxi stands shopping mall? We also returned day trip Agra booked single room 1/2 day use. Hotel allowed us use return airport transfer fromour earlier stay week stay, good. Although check back asked transfer said yes, available chargeable basis. We tell already confirmed checking previously chargeable. They check got back us say right.One thing bit dampener checked second stay someone check mini bar checking said taken soda mini bar hadn't. There phone calls going back forth, sure told person checking room check bins room see signs empty soda can/bottle. They charge us - requested I write bill I taking anything mini bar hotel. Wasn't impressed all.Apart mishap end, I would still come back stay definitely good value money compared 4 &amp; 5 star hotels New Delhi exhorbitantly over-priced.",0.15439634439634442,0.3402144460477794,Mar 8 2009
11,11,"Excellent rooms-lacking amenities Recently stayed several nights. Complimentary collection airport huge +. Excellent staff, rooms spacious good facilities, spotlessly clean, comfortable. Access broadband costs additional RP800/day irritating paid USD300/night. Breakfast OK comprehensive range different foods. Hotel located within modern shopping mall could anywhere world several bars good restaurants. There small bar hotel, gym open problems swimming pool. Hotel service whereby gustes meals prepared theim room-didnt make use service seems pretty good idea guest choose menu.",0.29933333333333334,0.6125,Feb 10 2009
12,12,"The ambience amazing impeccable Date Visited : Nov 10, 2008I booked honeymoon first impression amazing. The staff reception courteous. The lobby, lifts, corridor neat tidy. The magnificent never experienced incredible service before. As soon I enterered room left half mouth open. room spacious tidy best levels I seen across globe.The kitchen accesories clean ready use. I surprised see fridge room sheer contarary 360litre+ refrigerator room outliner furniture difficult recognize I believe almirah actually fridge actual almirah amazing multiple shelves. The fridge full drinks juicesThe living room decorated nice paintings sofa comfortable. The Bathroom spacious equipped latest fittings. The bed room nice single sofa seat huge dressiong table.It wonderful wonderful experience I strongly recommend Hotel people wants speand tension free night . This great property amazing staff starting Hotel Booking person took luggage room car..In simple Hotel Amazing Awesome",0.3691534391534391,0.6362169312169313,Dec 26 2008
13,13,"A Delhi! The previous review spot-on, I repeat points made.The suites located City Skywalk complex, currently built (so looks like entering building site). This reputedly expensive shopping mall whole India, standard nicer Bluewater Kent - similar prices. That means rich Indians tourists go there.We would able stay equivalent place country know price, bound raise place becomes popular finish building work.Only one poor point, check-out dreadfully slow two businessmen disputing bill, tour manager step would late plane.",0.04166666666666668,0.4980392156862745,Nov 11 2008
14,14,"Good Choice I stayed suites 3 nights recent business trip New Delhi. The strangely located high end mall, phase 3 construction. But travelled Delhi, good thing, locations sometimes hit miss.As suite minimal lobby dining (although 24 room service available) adjacent mall offers many dining options, coffe shop high-end restaurant. Breakfast good traditional western offerings. Service good attentive. This place give &quot;taste Delhi&quot; location, however I thought suites spacious well appointed, full kitchenette, large bathroom, cleverly designed definite modern flair. Beds comfortable nice duvet comfortable pillows. Living room area well designed meet work, plasma TV comfy furniture. Hotel nice rooftop pool yet opened gym. Staff friendly efficient.Internet connection dreadfully slow (although make pay &quot;high speed&quot; prices 800 IR per day) . I arrived day latest terrorist bombs went Delhi, security insane. When I reached I know happened earlier I thought 7 checkpoints full body pat-down bit much, realized temporary.All good place stay business, far Gurgaon.",0.24124458874458873,0.5825426534250066,Sep 18 2008
15,15,fantastico,0.0,0.0,Feb 24 2009
