,Unnamed: 0,Reviews,polarity,subject,Dates_extracted
0,0,"Ok - depending price get. We originally set stay Hotel Ananda. Apparently management staff Ananda moved Grand Peepal I emailed confirm reservations said would switch us Grand Peepal price, 1800 Rps/night deluxe room. We complimentary airport pickup - driver time pleasant. This helpful arrived India. The rooms decent - ok size generally clean. The bathrooms typical wet bath style. Our drains work properly bathroom covered half inch water everytime showered. The water pressure also poor, water warm. The toilets seem accept toilet paper well. The rooftop restaurant good food breakfast included room price. The location good browsing Karol Bagh markets also close Metro getting parts New Delhi.Our first day management offered take us get free map - included hard sell car sightseeing day. We ended going sure inflated price. I would suggest getting taxi own. Overall ok hotel, look website shows tariff 4000 - 5000 Rps per night. This certainly worth kind money stretch imagination.",0.26396167557932265,0.5362284610814023,0.5362284610814023
1,1,"Not Recommended We originally booked stay Ananda Hotel moved expensive apparently Ananda full - despite reservation. The lobby Grand Peepal bit drab depressing rooftop restaurant really appear going concern whilst staying there. The room ok, although stayed 3 nights serviced once. The main problem service. The time anyone displayed interest us ushered travel agency given hard sell driver 10 days around Rajasthan. After declined offer pretty much ignored rest time. We given information local services, metro (the easiest way get central Dehli) restaurants etc.We asked provide feedback checked I said little information local area would helpful. The man reception took feedback, read started argue feedback, I wrong write that, I asked questions... I found unprofessional.Also leaving booked (overpriced) taxi train station front desk. The taxi never showed up. I kept asking reception staff taxi kept fobbing off, actually anything it. Eventually I flagged one street miss train tried tell take taxi I booked one them. Naturally I ignored them. Do favour stay somewhere else.",0.07827777777777778,0.49855555555555553,0.49855555555555553
2,2,I impressed I stay again. We booked 3 nights started searching new first day. The rooms stayed ok bedding clean enough overwhelming bad smell I could take.The general staff (waiters etc) nice people reception could take lesson two etiquette. The food I ordered really good too.They refused give us receipt proof payment unless paid extra 1000 rupees! The man woman desk started got fierce argument something didnt care guests presence.,0.1735858585858586,0.6128787878787879,Feb 16 2009
3,3,bad service My stay good clean bad service . Very dirty smell outside big dustbin waste integrated manage . Rates high compare quality service.,-0.3005925925925925,0.49837037037037035,Nov 29 2008
4,4,"Excellent Stay This second stay Grand Peepal. I visited Delhi May also service excellent too. The front desk staff attentive needs safety, especially single woman traveling alone. I found staff courteous helpful. The Hotel convenient location near great market. Itâs main street quite. The rooms clean air condition worked well. The bathrooms modern clean. The refrigerator room pleasant convenience food water room. The roof top restaurant good. WIFI room lobby worked well. For price great value. Especially first time visitors India. I returning 2009 staying Grand Peepal 3rd visit.",0.425930735930736,0.6473593073593074,Nov 12 2008
5,5,2nd Name Home Grand Peepal I booked Hotel Through Travel Agent (Incredible Heritage Tours) stay great. staff helpfull reception always warm welcoming!!!I bussiness also Travelled abit.I WOULD RECOMMEND THIS HOTEL TO ALL TRAVELLER AND ALSO THE BUSSINESS PEOPLE.,0.56,0.65,Nov 7 2008
6,6,"I Do Not Recommend This Hotel At All ! I stayed 32 days I stop posting review cuz I'm pretty sure India tourists search Internet find proper traveling like me. I hope info help them.First notice luxury tourists look economy hotels may choose one. small located near big shopping area I could buy foods, water, fruits juices, etc easily. shops restaurants accessible.CHECKING IN:When I arrived I told lady reception I already booked room phone aware it. It funny picked airport know thing. called manager finally noticed reservation done day ago.She requested passport write information records. also asked write address there. I wrote signed it. waiting I write address completely I delivered notebook pen, crossed line address told rudely impolitely address written wrong row. &quot;write here..&quot; said.I shocked kind behaviour new traveller wanna stay couple weeks. (simply could write address appropriate row herself)So I told I'm regret wanna change right !!!! please hire car I visit hotels choose another one. good all. expect reaction tried cover fault. &quot;Sir, hire car tomorrow morning, It's night !&quot; said respectfully ! I knew understood stupid fault wanted keep least 1 day charge 1 day. I agree I told I pay I wanna change cuz I'm happy behaviour. She talked staff Indian language couple minutes tried keep there. called manager come talk friendly maybe I stay I told &quot;no possible. I need move right now. hire car please.&quot;In fact I want move cuz I sure hotels quality services. I wanted scare next time understand treat new traveller. finally hired car begged ALL book hotel...Finally I came back decided stay cry !Inside hotel:The worst problem Wi-Fi connection cuz It going occasionally annoying. It reliable all. example It going nights morning next day I call reception complain every 3-4 days. Although tried fix problem serious restarting modem changing cables! I'm pretty sure problem still exists there...My room clean bed comfortable, bedsheets also clean. Foods good times bit rare. kinds kebabs always NOT available. dishes clean always. Hot water always available I call reception 10 minutes taking bath. Air conditioner working properly.Room service decent always huge delay. times I wait 2 hours call several times come clean room. I'm sure trying ignore cuz It free !!!Resturant bad try &quot;cheese sandwich&quot; all! cheese tasty !!Refrigerator working properly. Room safe. sure body steal belongings...Staff polite friendly.The busy area room scilent.Checking out:They trying rip off. example I Indian rupees. I Euros tried exchange worst rate !! wanted make huge profit exchanging euro INR I agree rate.So exchange real rate time. breakfast free charge included bills breakfast final receipt tried trick I allow rip off! I took bills breakfast OUT asked calculate !! wanted charge 1 day cuz I smarter !They give penny discount. example I owed 300 rupees around USD $7 I rupees. wanted I exchange 500 EUR bill Indian rupees I could pay 300 rupees funny I stayed 32 days.I smarter allow rip all.BUT NEVER TRUST THEM !My overall review:You find better hotels cheaper prices easily walking distances around hotel. I recommend all. I also moved new 32 days.One important tip:THE PRIMARY PRICES THAT INDIAN HOTELS GIVE YOU ARE ALL NOT REAL !!! ALWAYS TELL THEM THAT THIS IS TOO EXPENSIVE AND WE CAN NOT PAY FOR IT. THEN THEY WILL LOWER THE PRICE TO THE REAL PRICE AND THE REAL PRICE MAY BE HALF OF THE FIRST ONE GIVEN.",0.11055658770242105,0.5874751483084814,Oct 14 2008
7,7,Hotel correcto,0.0,0.0,Dec 2 2008
