,Unnamed: 0,Reviews,polarity,subject,Dates_extracted
0,0,"extremely helpful Our first stop India, looks nothing comfortable rooms well sited shops sights. The staff enough us, left safe open room went breakfast boy making beds drew attention could easily helped himself. Also husband struck Delhi belly, pretty inevitable, immediately let us room another night made phonecalls tourguide, taxi etc. great relief me. Very clean I think caught there. Restaurant bit pricey european food menu.",0.2296153846153846,0.6251282051282051,Nov 3 2009
1,1,"Don't Do It When car pulled appeared abandoned parking lot. The outside building looking like prepared demolition scaffolding covering entire front building building looking old decrepit.Upon entry narrow make shift entry told take seat without informed 3 hours passed check time.After waiting ten minutes one approaching served cold drink coaster used many times stains prove it.Finally staff member approached say room ready yet. The request made see room first. Shortly afterwards told would receive upgrade room would ready another 10 mintues. We escorted 16th floor clear lobby matched rest old lacking maintenance. Whilst walking along hallway paint large areas could seen peeling walls.Upon entering room initial presentation looked okay. When looking near window white curtain extremely dirty glass . An inspection bathroom revealed old bath shower one looking sink, human hair could seen. We immediately requested see another room told would wait further. We waited room given 40 minutes moved 20th top floor. The room slight better presented still showed many signs age including horrible repair side bath blistered cracked.Later evening received recommendation front desk indian restaurant confirmed would taxi meter. The staff member said would tell taxi directly address I asked address case got lost. Instead telling driver passed onto front door staff.When walked outside I heard loud speaker coming next door could see taxis parked around corner (these taxis repeatedly used hotel). Not long old taxi struggled pull got driver, boy lucky 18 hurriedly putting blue shirt clearly asleep. The front door staff told driver three times nearby restaurant clear see know yet allowed leave. We left 200 metres road driver stopped car run find directions. He returned 2 minutes later, proceeded drive wrong side road tried tell us fixed price. As soon possible got walked back hotel. On way back driver following telling us would take us free. Upon return hotel, immediately complained situation another staff member lied us told us fixed price mimimum price. (later price would even 60%) After questioned staff member agreed rate meter. This clearly brings question corruption allowing taxi's charge makes wonder kick backs!!! Not nice deceptive trying rip off. Finally another taxi arranged refused driver another found. This driver dismay know restaurant stopping directions several times gave dropped us somewhere near restaurant walked around 10 minutes getting directions finding it. (turned difficult find close dropped except sent direction)The following morning whilst using shower wife slipped slipery bath bath matt. Breakfast ordinary chef cook fresh omelette eggs standard every good hotel. Then waited 15 minutes lifts leave building. With two lifts guests cannot cope, much later found one lifts jammed full load guests actually stuck lifts 5 minutes. After checked 2 days early bad hotel. This claims 4 star, would lucky 3 star!!! Find somewhere else old, service poor, dirty smells corruption!!!",0.04054445684523809,0.39900297619047626,Oct 23 2009
2,2,"Great hotel. Perfect launchpad see Delhi return unwind. Delhi Hans Plaza first stop India. I idea expect, I pleasantly surprised hotel. First all, ideally located. You hop tuktuk 40 rupees Connaught Place 5 minutes. The tall tower, I think 17 stories memory serves. The facade undergoing mild renovations, nothing major. The interior spotless, businesslike, modern. The rooms really pleasant - excellent quiet AC, nice linens, modern furniture, plasma TV, safe, great views city, clean marble/granite bathroom iron, blowdryer, etc. It's extremely comfortable clean. A+ overall.The restaurants 2nd floor. The amazing thing free Wifi stay 2 nights, also buffet breakfast (excellent) meal voucher two people every day redeemed day, anytime (including midnight). The meal voucher includes almost anything menu, portions huge. Excellent food overall, first rate kitchen running.Overall, excellent money perfect place see Delhi from. It's uberluxurious, want clean, neat, modern spot come back shower/sleep, perfect.",0.48762254901960783,0.6499999999999999,Sep 23 2009
3,3,"Centrally Located This one good located centrally New Delhi. Very much heart city i.e, CP. View capital city Delhi roomâs window marvelous. You birdâs view &amp; important point hotel. Its away airport near railway station.Rooms clean, well decorated. Food OK costly. Its recommended business trip.",0.3784573002754821,0.5422314049586777,Aug 26 2009
4,4,"A good place stay Delhi We liked positive aspects described reviewers. I liked restaurant view trees.Its short walk circus area shops restaurants, wild west described previous reviewer apart crossing busy roads safe.There also good views across city looking toward train station distance",0.2486914600550964,0.5351928374655647,Jul 10 2009
5,5,Customer friendly attitude Hotel Staff This Hotel located Heart City best suited travellers whether pleasure trip business.Staff extremely attentive needs room stay extended realized evening flight catch room also automatically upgraded executive deluxe upon arrival.really appreciate efforts.,0.59375,0.65,Jun 2 2009
6,6,"Loved Room Location We conference Delhi, We happen stay two nights. This fourth visit hotel. Every visit mine warm welcome. They serve welcome drink arrival. The Rooms higher floor view city. It excellent. If given chance travel national capital I shall surely stay every visit Delhi",0.5249999999999999,0.6515432098765432,May 21 2009
7,7,Great experience It great experience Hotel stay. Staff service excellent. Location Hotel good. Close shopping area CP delhi.Timing quality breakfast good.Overall nice experience,0.78,0.82,May 4 2009
8,8,Pleasant stay My office arranged accomodation trip expect room 18th floor. The view busy roads Delhi quite sight. One can't help thinking Delhi lucky wide roads four six lanes side.The room size adequate carpet could vacumming. The house keeping surely could improve standard clearly indicated towels kept use.The food however good. And location central.I would recommend pleasant stay provided stay 2 days.,0.3277777777777778,0.5560185185185186,Apr 24 2009
9,9,"Good location; warm staff Have stayed 5/6 times business visit. Centrally located, good restaurants, clean rooms overall nice place stay. My frequent visits good enough get upgrades.",0.41566666666666663,0.533,Apr 19 2009
10,10,"Excellent clean cental Delhi We stayed part package good. They upgraded room going 9 nights rooms 19th floor big clean, although lifts little erratic. The location certainly central 10 minutes walk Connaught Place 5 nearest tube, hassle moment step door! The restaurants good although little expensive side. Breakfast mix indian western food plenty tastes. Transfers included deal arriving 5.30am local time 15 hour flight I e-mailed arrange pick up. They charged whooping 1,400 rupees whereas local taxi companies charge normally 400 rupees worth e-mailing one reliable companies Delhi instead.",0.20107843137254897,0.4752941176470588,Mar 29 2009
11,11,"First Hotel experiance India - loved The part tour package. My room clean, bed comfortable staff attentive tired travlers needs. Although outside noise could filter top floor room, one pull drapes blocked out. Highly recommend.",0.27740740740740744,0.6025925925925927,Mar 21 2009
12,12,"Comfortable clean good location Excellent although slightly overpriced. Clean comfortable rooms. Great location. Helpfull staff, extras tours organised expensive hotels stayed at.",0.3118055555555556,0.6326388888888889,Feb 23 2009
13,13,"Very nice hotel. I stayed 3 nights start 3.5 week tour India pleasantly surprised.The room, although large, beautifully appointed.Nice, clean modern bathroom.The breakfasts great. Interesting Indian food well continental.Good location - close (very clean modern) metro line.I would certainly consider staying again.In opinion excellent introduction India.",0.5032112332112332,0.693980463980464,Feb 9 2009
14,14,"Book website phone via third party!! After perusing tripadvisor seeking place downtown Delhi 100$ quality, found one. I checked website found rate 102$. Couldn't believe I called them. They quoted 260$ phone. I told they're site 102$. They agreed. THIS WAS JANUARY 2ND LADIES AND GENTLEMEN. I went expedia bla bla quoted 200$. So, I booked online.Then, I booked, sent email I special requests. Great service! I asked two housecoats, slippers, good bathtub, high floor. No problem.We arrived around 6pm sure enough requests met.The room wonderfully clean great bed good room service. The rates fine really 4 star.The location gold still rickshaw required plenty pathetic touts around hotel. We two follow us 'practice thei english'so I took photo walked police officer. They ran. I asked police officer time, anyway, worked.Great place, clean, honest front desk people. incredible price best accom secret Delhi.",0.33885714285714286,0.565515873015873,Feb 8 2009
15,15,"We enjoyed asked change rooms We idea actually paid stay three nights part package included airport fro transfers, transfers train Agra plus Agra (Taj &amp; Fort) tour guide. Having said that, given overall package price I think reasonable. We got guide one day tour Delhi two days arrival Agra see much surrouding area Connought. We speak guests thought fine walk around area said felt safe day well evening. There pretty good mixed Asian/North American breakfast buffet (included) anyone quite happy. The lobby pleasant staff always helpful. When arrived shown room really disappointed. The bed looked small I knew two us could comfortably sleep three nights! The room also small window immediately obvious. It may well paid - hard know actually book package call double room, porter made call next thing knew took us another huge room king bed, huge corner window views complete loveseat great. There additional charge checked I think pretty decent that. Big difference room though try check see getting. Often double room simply double bed - even queen many used that! This minutes drive train Agra well.",0.1402857142857143,0.48285714285714293,Feb 1 2009
16,16,"Stayed Twice During Recent Vacation A perfectly acceptable hotel. Nothing special, clean modern. Good central location.",0.37482993197278913,0.5244897959183673,Jan 10 2009
17,17,"Clean helpful staff convenient location Firstly need look beyond exterior hotel, absolutely terrible serious need updating -- inside Hans clean, well looked rooms well furnished reasonable size. They also high enough away street shield incessant traffic noise outside (remember, centre Delhi).The staff speak good English helpful attentive many requests, time day night, including helping dress saree wedding attending. They also generous providing complimentary bottled water, must India.The complimentary breakfast good quality, runs 10am want get early, choice reasonable. The restaurant offers Indian Western food standard quite high.The location convenient, 5-10 minutes walk Connaught Place. But warned, really walk wild side!! Despite right supposedly upmarket shopping area nation's capital, prepared manic downright dangerous traffic, beggars, thieves, wild dogs roaming streets, people constantly trying sell trinkets get rickshaw, dust, dirt pollution hurts eyes throat. Suffice say, tried walk once.In summary, Hans Hotel rare good quality mid-range convenient location. If really go Delhi want run 5 star prices risk somewhere downmarket good choice.",0.17733225108225112,0.4896681096681097,Dec 7 2008
18,18,"Excellent place stay touring Delhi After disastorous start trip Delhi different hotel, booked last minute.Excellent staff, excellent rooms service.Rooms par 4 star UK amenities present, like table, chairs, flat screen tv, nice king size bed,safe etc.The walls quite thin could hear next door side.The breakfast included although adequate spectacular.Overall good place stay explore New Delhi.",0.2277958152958153,0.5227453102453102,Nov 29 2008
19,19,Good start tour Located close enough many restaurants shops floors high enough disturbed traffic noises. Very clean nice hotel. Excellent breakfast.,0.4295833333333333,0.6937500000000001,Nov 16 2008
20,20,"Stayed November 2008 Stayed 2 nights Hans Hotel November, 2008. Didn't actually stay room much, I tours day, days. This one least expensive, nicer hotels, though Deluxe room bit small.The problem I I called Housekeeping 3 times bring power adapter, universal kit fit power outlets India. They kept saying &quot;yes&quot; never came.",-0.028571428571428574,0.3857142857142857,Nov 9 2008
21,21,"Looks Belie The Facts We booked three rooms family members way back Auckland marriage son Amritsar.The looks okay office staff terrible-eg I get call 11pm one night asking I settle bill !The Italian Restaurant meal fly cooked fried egg- miraculously charge us meal. Kaffe restaurant meals staff best thing got.Showers room leaked, toilet paper rationed world wide shortage.On advice family week cancelled booking Hans Plaza- well located charges like five star.",0.3273809523809524,0.3,Nov 6 2008
22,22,"Terrible customer service This heart city centrally located. However customer service terrible. There many issues including additional dollars charged cancelled night. The manager least helpful trying work customer before. Yes close train station middle delhi, price bad. However, customers paying service, there. From bell hop, front desk clerk manager restaurant staff, hospitality. I going stay anyone.",-0.20714285714285716,0.5452380952380952,Oct 23 2008
23,23,"Not worth money I stayed Hans one night close New Delhi Railway station. I told front desk checked I upgraded better room happy. Upon initial entry, room seemed good enough worthy 5 star rating (As well high price India).However, soon I looked bed I found three four pillows bed pillow covers, two four pillows horrible yellow stains them, good start. Also, I found tiny insects walking bed sheet, room bright enough I did'nt flash light I fairly confident looked like baby bed bugs. The bathroom one towel, shampoo bottle already opened previously used. If budget I would complain, five star expensive I stayed India, far worst. There also lot noise street, people may say India, I stayed quiete night.",0.06952121212121214,0.5867818181818181,Oct 21 2008
24,24,great stayed 2 days hotela great reward end trip indiathe best ever beena bit expensive india worth,0.48,0.52,Sep 30 2008
25,25,"Really good bit overexpensive This located great location close Jantar Mantar Metro Station. We served drinks upon arrival even rooms upgraded bigger one. The food perhaps best I've New Delhi; The food served Kaffa restaurant Hans better Five Star Hotels I've stayed New Delhi even though Four Star Hotel. The staff friendly cooperative rooms EXTREMELY clean. The decor soothing eyes. The buffet breakfast also excellent...I recommend doughnuts especially.The downside food beverages ridiculously expensive service charges astronomical; In fact, The Intercontinental The Grand (which stone's throw away hotel) actually cheaper Hans regard. The airport taxi requested also unbelievably highly priced New Delhi (About 1200 rupees). Cellphone reception also terrible Airtel line continuously searching Network except door's entrance.But I wonderful stay look forward come back someday.",0.23948653198653197,0.5863131313131312,Sep 17 2008
26,26,"Reasonable Stay...But careful details..... The Hans Plaza clean centrally located offers one sense comfort seems reasonable price Delhi ($150 inc. taxes per night). Overall staff friendly - one careful things:1. There vast differences b/w different rooms regard confort age beds etc. Also, ask room facing North-quieter better view.2. If everything goes OK- things great - - hard get satisfaction. We received room airconditioner &quot;bubbled&quot; two hours. They could reallty fix terribly interested compensating us - though lost two hours sleep above..3. Do use car services-they far expensive.But, all- reasonabl;e place keep mind above.",0.121875,0.5245833333333333,Jun 7 2008
27,27,"Great place stay cheap price! This great price. It fancy frills thrills five star hotels Delhi have, also pay $600.00 stay here. The resteraunts good, offer variety foods eat. I stayed three different rooms 3 week period, rooms clean. They upgraded last day I stayed deluxe room, nice. I would definitely recommend staying looking good room, cheap price (cheap New Delhi).",0.44164502164502173,0.6443722943722945,Apr 18 2008
28,28,"Great hotel! We stayed part tour group excellent stay. The rooms good size start 15th floor, going 20th floor I could tell buttons lift (floors 5-14 missing). This meant good views Delhi room, great I could watch black kites circling sky outside. The beds decent size comfortable, although room felt cold, least air conditioning adjustable, I could make suitable temperature.The bathroom clean good size - shower area great plenty space dry well shower.We ate Kaffe restaurant 2nd floor found food high standard, trying variety foods including pizza, thai curry, burger hotpot. It best food I've eaten! The service quick waiters attentive.The reception staff porters helpful. Currency changed fair rate reception stamps bought porters - far I know also going post postcards told would deal them.",0.328641975308642,0.5422222222222223,Apr 1 2008
29,29,"Ok bit expensive side Hans Hotel pretty nice place. The rooms big, views nice restaurant good. In fact, American traveling India several weeks, absolutely wonderful served beef! I cannot tell awesome was. The price bit high get Delhi exactly easy place nab room good price. Overall, experience good. The staff seems pretty willing help. They quite good helping jam driver clearly tried overcharge day trip around Delhi. The location quite good also, right heart New Delhi, dark disgusting alley. If price right, seriously consider going them!",0.23972273757988044,0.5960070088641517,Mar 21 2008
30,30,"Quite pleased The provided welcoming plate fruit cookies upon late arrival 1 am. The room clean, flat screen TV, nice little extras free bottled water kettle. It nice start trip. Overall utilitarian rather elegant, condition everything excellent.",0.2970138888888889,0.7029166666666665,Mar 2 2008
31,31,"Smart modern We stayed part private tour I impressed hotel. We good first night arriving plane pleasant pit stop last night tour.From description, seems rather expensive but, said elsewhere, expensive city hotels really middle ground. It's league big name hotels I'd stay again.If I going invest something, I'd buy Travel Lodge franchise India set low cost modern hotels!",0.15650793650793648,0.43396825396825395,Dec 23 2007
32,32,"Good average Stayed Hans Hotel (no longer Hans Plaza) beginning October. Reception friendly. We arrived earlier expected morning, still gave us room earlier booked for, wait little while. The rooms 14 th floor, excellent view delhi. The room &quot;a good average&quot;), rating given ( common problem Delhi). We booked directly hotels web site, rate good internet booking engine. At beginning October, I would say prices ok (for Delhi), rose significantly later th month. Breakfast buffet adequate, huge selection. When looked building outside, shocked statte facade (floors floors), hoped reflect state building structure. (fotos).Hotel within walking distance Connaught Place.Prepaid taxi delhi airport best option. For retrun airport, reception offered ther cars (more expensive) , also offered phone taxi",0.20383333333333328,0.5563333333333333,Nov 2 2007
33,33,"Hans Plaza - Not Bad At All Arrived India Delhi prebooked premium double room 3 nights Hans Plaza. Spent $275/night including taxes thru Travelocity. This beginning high season, end September. Arrived midnight told room available next day upgraded suite first night. At first, suite seemed quite nice a/c adequate, morning constantly disturbed sounded like sing-songy door-bell. It service elevator bell hidden right next suite. Really horrible hear every 5 minutes whacked jet lag. If stay here, beware suite location next service elevator. Next morning, switched us room 1912 corner splendid: a/c worked fantastic, toilet flush powerful, hot water shower fine. Room bright, quiet, clean comfortable enough. I feeling rooms may differ greatly hotel. Don't know regular doubles look like. Desk personnel very, helpful many inquiries. Room attendants eager please asked extra towels, etc. Staff overall really nice. An ordinary large buffet breakfast included. The Indian food better western. Odd offered chicken cacciatore breakfast! Location good, walkable Connaught Circle easy get rickshaws attractions. Note: I noticed prices Hans vary lot internet travel services, I missed $150/night &quot;Good Buy&quot; Travelocity came went fast. I recommend staying want large, convenient Delhi $200-$300 range taxes. It overpriced city.",0.17208592132505177,0.47293000477783076,Oct 17 2007
34,34,"Beware An average lifts dont workBeware using phone, I made five minute call UK tried charge Â£40!The location good restaurant overpriced.You better",0.3499999999999999,0.5,Aug 6 2007
35,35,"Average Hotel Delhi The Hans Hotel well located Conaught Place. It ia bit poor price. In Europe would get far better hottel fot price pay. But Delhi general far expensive rest India terms hotels I belive mid range. Nothing special, clean. The air conditioning works well, actually pretty cold breakfast bad.",0.06598639455782314,0.6527210884353741,Jul 11 2007
36,36,"Don't duped 4 star label!! We travelling first time India business pleasure part trip include visit north see amazing Taj Mahal. We arranged stopover New Delhi first time used Flightcentre website (based Australia) review book there. We used travelling business class important us good quality whereever stayed. Flightcentre rated four star arrived real shock - like one star anything - rooms dreadful, small pokey threadbare!! Certainly none amenities one expects rating accomodation - way halfway trip stayed amazing 4 5 star hotels throughout India (NOT booked flightcentre), case misunderstanding quality provided India. Anyway grabbed luggage got fast could moved stunning Imperial Hotel one best hotels stayed ever. So moral story - wary ratings - especially Flightcentre, Australia - looking budget style, basic 4 star price tag Hans Plaza New Delhi place. (ps - flightcentre refused reimburse us booking give 72 hours cancellation notice !!!!)",0.19964716923701298,0.5879843073593074,Jul 5 2007
37,37,"A lil expensive average stay In 3 hotels we've stayed trip India covering Delhi, Agra (Sheraton Mughal) &amp; Mumbai (Ascot Hotel), Hans Plaza expensive pretty average stay. We paid Rs6500 triple-sharing room &amp; Rs5500 twin-sharing room incl. buffet breakfasts. The lobby modern (seems newly renovated) minimalistic/&quot;zen&quot; look offered cooling welcome drinks checked-in. The reception staff cordial &amp; efficient checking us in.The concierge/bell person friendly &amp; helpful helping us get bags room. We got rooms side side right near elevators slept well without much disturbances outside though doors pretty thin. The rooms clean woodish floors marble flooring entrance &amp; bathroom.Twin rooms good size gets little cramped extra bed triple sharing room. TV 60 channels Hindi though StarMovies &amp; HBO.Bathroom showers (no bathtub) clean water pressure good. We problems hot water kettle power points work. The staff helpful though fast responding needs.You get good views outside rooms located 15th floor. The downside two tiny elevators little slow sometimes wait it.There good selection breakfast buffet local &amp; international tastes. However variety daily days, get kinda bored food.Overall comfortable stay. It well-located, within minutes walking Connaught Place area safe.I suppose may good value Delhi prices known sky high times! We see quite business type people staying I guess considered business class hotel.",0.1253502558048013,0.500801357733176,Jun 6 2007
38,38,"Great relief get Hans Plaza Great location, within walking distance great restaurants, shopping subway/metro station right around corner.Welcoming drinks, helpful staff, clean modern facilities.The restaurant good breakfast (Indian Western).We stayed last part trip India, great relief us, everywhere.Two minor issues:1. The charge (and cheap) internet access room.2. Some people arrived middle night, zero common sense, making plenty noise.Bottom line, trying save money staying somewhere cheaper may really bad experience. This safe bet good value.",0.28837535014005605,0.5099439775910364,May 25 2007
39,39,"Incredible IndiaIncredible Hans... We group friends 02nd trip Incredible India must say enchanting ever stay Hans icing cake. A fabolous run wonderful team. Personalized time professional. Special thanks ever friendly Front office team, F&amp;B team perfect service House keeping. The rooms spec clean times. The USP Hans splendid view Delhi rooms. With rooms 16 - 18th floor, cant ask anything grandeur. If go search short comings, draw back..a minute one Italian Restaurant, cooking cheeses, great could mention menu well type cheeses used cheese change flavour dish completely rightfully, great know whether preferred choice. And serve double esspressos appropriate cup rather normal coffee cup. Th reason that, The infrastructure decor Restaurants definitely latest International dining experiences, accompanying cutleries crockeries definitely compliment it. Rest assured, IT'S DEFINITELY VALUE FOR MONEY! AND DEFINITELY SALUTES INCREDIBLE INDIA. Thanks wonderful team making stay memorable. Alessia Falconi,Federica Cenci, Carmine Selvaggio, Mirko Mancuso, Antony John.",0.38652073732718895,0.5756912442396314,May 4 2007
40,40,"Good location lovely This well situated hotel. I pleasantly surprised room, larger average, clean high 4-star standard. Breakfast always treat I ordered room service also good reasonably priced. The staff courtious helpful. The 2 min walk metro - excellent way get around! Overall, Hans Plaza highly recommended - I'm fussy that's huge compliment!!",0.31760416666666674,0.5637500000000001,Feb 1 2007
41,41,"Average good restaurant I stayed part tour group - I've seen expensive website I would paid much.Rooms - clean comfortable - great views New DelhiReception staff - brilliant - short changed currency exchange, got alarm call wrong (called us 1 hour early - irritating).Housekeeping - came quickly I complained hairdryer work. Noise - double glazing - plus building works day.Restaurant - good breakfasts worth visit lunch dinner. Staff friendly, although getting cup tea morning bit effort.Location - good central location.I recommend place friends.",0.16967703349282295,0.5239234449760766,Jan 17 2007
42,42,"Good business traveler's well-located We spent first two nights Indian holiday centrally located hotel, close shopping easy access New old Delhi. The breakfast good, though felt bit warm sunshine windows breakfast room. The room adequate size, modern facilities, comfortable, clean. The staff unenthusiastic adequate. We would stay again.",0.31807359307359306,0.45984848484848484,Dec 12 2006
43,43,"A Bad Experience We wish read reviews choosing hotel. It truly bad experience. Firstly, arrived 1 p.m. needed rest long flight. They repairing sewer pipe next room, hammering concrete, went till 11 p.m. When complained manager, turned back walked away. The restaurant moved second floor, directory stated top floor. The wait time food exceptionally long restaurant Manager lined three restaurant staff started shouting front customers. The front desk helpful arranging transport tourist attraction wanted visit. I could go on, I think enough.",-0.075,0.33055555555555555,Jul 15 2006
44,44,"Among Worst Eur 100 per night hotels World Staying really awful experience started reservation me. This respond e-mails booking forms website. You get welcomed poorly lit entrance, shabby lobby reception area. Cable TV order 2 4 nights I stayed there. From hot water tap muddy water came out. The electric kettle tea/coffe room UK plug course work India. The remote control TV broke. This needs big overhaul, repaint motivated staff. It great damage already bad image Indian hotels. Just week back I stayed Novotel Madrid 65 Eur per night, perfect. For 100 Eur per night sucks!! They indoor swimming pool advertise Expedia. In fact India, hardly many indoor pools.",-0.04759615384615384,0.5743589743589743,May 4 2006
45,45,"Nice room- terrible service We booked Hans Plaza via internet three people. Upon arrival, given room king size bed told cot extra amenities would delievered soon. Despite many repeated calls reception, housekeeping management never delivered. At check out, charged extra 25USD cot, never arrived. When discussed management refused amend bill. The room modern clean- pity terrible service.",-0.048148148148148134,0.5444444444444445,Apr 30 2006
46,46,"Expensive 4 stars We booked on-line. The photos shown like hotel. Internet connection done via WIFI expensive slow. The bar staff roof top bar slowest people ever, imported beers avaliable.There hand full chairs sit.The roof top resturants closed too. The resturant floor 2 clean newly decorated, slow again.we waited 1 hour food drinks, 4 tables people eating. The place needs good clean outside, rubbish blowing etc. Food breakfast always cold. The toaster broke too. The plus point 10 min walk Inner Circle Connaught Place!",0.021094276094276096,0.6028451178451177,Mar 29 2006
47,47,"standard well located friendly We stayed 2 nights Hans Plaza arrival departure India Feb-March 06. First time, room needed renovation second room 17th floor OK superb view. The lobby area accomodating staff friendly helpfull. It's worth price",0.3,0.3592592592592592,Mar 16 2006
48,48,"Good - 3 stars Stayed part group three families, arrival Delhi departure. Had problems accommodation: clean warm. Rception staff bit lazy aloof. Restaurant staff charming. Food excellent!",0.5194444444444444,0.8166666666666668,Jan 27 2006
49,49,"Small A nice hotel. We spent one night there. The Hotel lacks facilities pool, gym,etc., staff good kind. run good show. Breakfast buffet decent",0.4009523809523809,0.6352380952380953,Dec 18 2005
50,50,"Not good hotel! Please stay hotel...especially kids!We got late night...3am,the room average, toilet looked clean nasty smell, shower broken!To top though electricity kept cutting out, I trying warm baby's milk kettle provided...basically everytime I put kettle electric would go, took 4 phone calls visit duty manager rectify this.I asked manager breakfast could sent room one late may get time, said sure could would get back me, guess what,never heard that.Dont stay help it...disgusting service manky rooms!",-0.14868055555555557,0.5957407407407408,Dec 15 2005
51,51,"really really bad I stayed recently really bad experience.First reserving room hassle. One person says rooms available says available. They also seem cheat people rates mentioned website. As soon talk change rates especially foreigner. I get person India book Indian Rupees get cheaper rate. So paying dollars, good luck. The customer service bad. The room's lock broken, tv signal poor quality. Had wait long time get response reception. Tried get car front-desk get car time car promised, instead given third party car barely running. The driver assigned also rude, drove recklessly even indian standards bother listening anything said stopped places errands.Th breakfast average also, varieties even charge exorbitantly drinking water. And finally checking out, receptionist calculated bill wrongly cannot even basic math like (16 + 18) charged quoted. When I questioned bill tried trick saying dollar rate changed, blah blah blah... told booked room indian rupees told really good cheating customers get away. In summary, I never ever going stay recommend friends.",-0.11760869565217386,0.52,Dec 12 2005
52,52,"Hans Plaza - hit miss I stayed Hans Plaza 3 nights 10 day period impressed 2 nights I stayed there. Was given nice room 19th floor time excellent decor room facilities - good size bathroom also. The 3rd night I checked I given room 17th floor far inferior rooms. I complained told full. No bathtub, coffee/tea facilities even bedspreads beds. In opinion 3 star standard rooms. I also kept waiting 3 hours 1.30 room apology reception refreshments waiting. I would stay guaranteed one newer rooms. Breakfast poor unless want cooked one-stale pastries toast otherwise. This could excellent complete refurbishment retrain reception staff.",0.2803333333333333,0.6483333333333333,Oct 23 2005
53,53,"Good value money I've stayed Hans Plaza September 2004. Although rooms need renovation reception area comfortable, I still found value money. The staff friendly helpfull. On last floor restaurant (included breakfast good) (if weather clear) great panorama view Delhi. Connaught Place Janpath 15 min. walk away.",0.4692857142857143,0.5542857142857144,Mar 7 2005
54,54,Ni se te ocurra alojarte en triple,0.0,0.0,Apr 10 2009
55,55,????????????,0.0,0.0,Mar 13 2009
56,56,Muy bueno. CÃ©ntrico.,0.0,0.0,Dec 5 2007
