,Unnamed: 0,Reviews,polarity,subject,Dates_extracted
0,0,Clean worth considering booked White House Colourful Indian holidays part round trip Northern India. They chose looked seemed fine. It respectable inside. Bedrooms air conditioned spacious bathrooms well equipped. Our room front wee bit noisy especially fireworks going Diwali stray dogs barking little traffic. area selubrious restaurant roof quite good selection need venture evening. One hic arranged stay night return denied knowlewdge booking - left us waiting wondering going asid Â£7 DEARER THAN QUOTED All seemed little strange.So good value I would cautious book advance - knowledge english great,0.15014880952380952,0.4607142857142857,Nov 18 2008
1,1,"Clean I would rate average-good terms cleanliness &amp; food.Location ok, good access Karol Bagh/Connaught Place day lone travelling female feel overly safe evening, though think would apply hotels capital anyway.I booked pre-arranged taxi airport turn &amp; haggle 02.00am would rely selling point.On first am, going reception stroll local area I told taxi arranged arrange tour city. Altough annoyed first they'd arramegd time I went along &amp; would actually reccommend free time I negotiated reasonable price 1.5 day tour main tourist points Dehli old &amp; new town a/c car although stopped cple shops 2 days found uncommon situation getting transport India.I would also aware/take booking details I charged slightly I booked for.However Overall I would reccommend long wary prices/booking arrangements.",0.20163089225589226,0.4868792087542087,Sep 7 2008
2,2,"Problematic I used overnight international national flights.Website said Hotel pickup. I call confirm tried charge it.The trip national airport double usual cost.They said would exchange money 39rs/dollar..the current rate. morning . I time crunch believed them. When came time exchange money rate 37rs/dollar.The rooms peeling walls mold..They clearly dishonest advertising behavior. I sure worse hotels New Delhi, price conduct people I would strongly recommend go elsewhere. (I paid $70 US)",0.013299663299663287,0.4251964085297419,Mar 29 2008
3,3,"touch average Travelling UK,we used hotel(on fringe Carole Bagah mkt) twice-at beginning end india tour one night occasion. The double room quite generous , situated rear building, overly affected street noise.However, since finish predominately marble, including floors, suffer in-house disturbance occupants insisted dragging furniture around floor reason resulting clangour mite irritating. All aspects Clean Clean Clean why, reading reviews Delhi, gave 4/5. Rooftop restaurant quite enjoyable although slightly restricted menu-wise. The food fresh though service friendly. A delivered needed would use throws horrors avoids lottery selecting alternative.NB selected us tour operators-&quot;COLOURFUL INDIAN HOLIDAYS aka PACKAGE TOURS INDIA -if want seeming contradiction fully superior service huge savings touring India, take unreserved recommendation. Superb throughout.",0.24388888888888888,0.5377777777777779,Feb 9 2008
4,4,"Be careful Stayed week although went tour 3 days.I arranged airport pick direct via email no-one meet arrival airport,so haggle price taxi get 2.00 morning.On arrival told fault electricity room would stay another round corner,which hovel-the fridge constantly buzzed I thought pulling plug shut up-on seeing wires(without plug)fed directly socket,I thought better to.The next morning I finally checked room,my initial impressions cleaner generally better state repair one previous night left lot desired.Rooms noisy hot water limited.Breakfast basic ok.Don't change money hotel.You'll get poor rate official, ie encashment certificate straight receptionists pocket.Karol Bagh area looks dodgy quite safe long take basic precautions.Only really used base sleep there's much else do.Not far connaught place taxi/rickshaw.For money could find somewhere much better.",0.04222222222222222,0.4491666666666667,Aug 27 2007
5,5,"Okay Stay But Ripped Off We 2 stays Feb 2007....2 nights first arrived Delhi one night return touring Northern India.It booked us tour group used organise tour India. Location-wise, bad. Its far shopping district Karol Bagh. There internet cafe/phone booth road. There small shop next door buy bottled water snacks.Our first stay okay. We found rooms moderately clean. The rooms windows air conditioner work, thus room got stuffy. The bathroom alright, bit shabby side.Through night, heard incessant beeping synonymous India's roads. There also endless barking stray dogs. Ask room side facing road - much quieter. Also ask one end rooms - small windows help stuffiness issue.The food &quot;rooftop&quot; restaurant nothing write home about. I little hesitant eating look clean. There much lighting night - possible hide stains tablecloths.For return stay booked 3 rooms 3 nights (we 3 couples travelling together). But arrived, told one rooms &quot;cancelled&quot; us. We ended sleeping 3 people room. The next day, got tour group organise another us, closer Connaught Place.An okay place stay short stay budget.",0.1287638888888889,0.47411111111111115,Jul 17 2007
6,6,"Very bad experience I checked daughter wife 30th April night 3-days. The 1st thing shoking us condition bed. The bed sheets pillow covers full stain lowest quality. On complain staff brought new bed sheets. They equally bad. Major drawbacks I noticed are:1. Location market place. Surrounding area dirty full people2. Hotel rooms stuffy3. Hotel cramped. No space even taking stroll leisurely4. Breakfast worth money5. Staffs friendly. If careful cheating inevitable experience hotelMy good advise fellow traveler, especially foreighners, avoid entirely.",-0.016575757575757556,0.6341919191919191,May 13 2007
7,7,"Rip artists We booked directly September 2006 one night stay October three night stay November. As staying four nights, offered two free pick ups airport. We provided credit card details security.When arrived October, asked pay pickup. The bills different agreed rate - receptionist tried charge us - fortunately copies correspondence us. We asked two club rooms given standard rooms charged club prices. We given noisy rooms overlooking street.Despite this, confirmed bookings left November date, want go trouble finding another hotel.The day due check in, called confirm pickup form airport. We told reservations cancelled provided confirmation - I see confirmed person wathced receptionist write requirements reservations book. We left lurch virtually rooms left night Delhi due medical conference. Do book White House - reservation policy cannot relied upon appear honour pricing policy rooms.",0.12602339181286548,0.3967836257309941,Nov 10 2006
8,8,Acceuil pas sympathique !!,0.0,0.0,Mar 18 2008
9,9,correct et bien situÃ©,0.0,0.0,Mar 11 2007
