,Unnamed: 0,Reviews,polarity,subject,Dates_extracted
0,0,would choose We stayed one night closer airport. We greeted charming girl...but gone one friendly face except perhaps business centre. After wonderful memories India...this one awful....just ordinary!! We definitely spoilt choices.,0.22276785714285716,0.6964285714285714,Oct 29 2009
1,1,Discriminatory bad service I staying last 2 years. The rooms improved renovation. Rooms ok menu needs increase Eggspectation. The horrible thing respect guests. I virtually turned wait road one Mr. Bali inspite staying company meeting there. You need careful staff counter looks ok help accosted problem. realised discriminatory quite late.,-0.1571428571428571,0.619047619047619,Sep 18 2009
2,2,"Perfect Business What location,Perfect business-Close airport,close shopping centre,to restaurants,also sight seeing.Must food restaurant Ano Tai.Amazing breakfast spread Eggspectation.The service needs improve bit though.Had stayed The Grand area stayed away heard caught fire time back.",0.375,0.53125,Aug 29 2009
3,3,Satisfactory Stayed business trip colleague 5 nights. First impressions clean plush entrance. The area stood smart close busy road. There hotels close mainly diplomatic area closer town. One good thing close airport. This becomes major concern realise bad traffic certain times day hurry get airport. If staying nearer town centre need leave plenty time!There reasonable restaurants next hotel. Punjab By Nature good place get tasty curry fair price. Otherwise restaurants offer choices based cost. The rooms basic clean. A large screen TV provides lots channels choose English. Wireless internet available room. Free staying Club Rooms. Bottled water replenished every day need worry going run out. In word I'd say would suit business travellers better tourists due location. The pool outdoor looks OK.,0.19983974358974357,0.45428495115995116,Jul 29 2009
4,4,"Enjoied I returned Delhi. I stayed 9th 10th June 2009. The tariff reasonable facilities Viz. secretarial services, conference facilities health club. The nearer airport veery close meeting place i.e. Indian Roads Congress. The environment excellant. The food service provided good. I enjoy staying hotel. This 12th time I stayed.",0.5033333333333333,0.6266666666666667,Jun 10 2009
5,5,"Mix Luxary Your Business We two day business meeting Hotel Vasant Continental. The magnificent experienced prompt service. The staff well event organizer helpful us, never worry logistics, could focus business, meeting room chairs causing pain back many participants. The nice thing almost entire non smoking zone, space alloted smokers open &amp; hot, I personally think good way discourage smoking would good provides little comfortable space smokers members annoyed heat.The swimming pool small &amp; gets crowded morning hours really enjoy it. There three different restaurants inside giving choice within Chinese, Indian, Continental categories I could visit two restaurants I really liked Chinese one. We paid INR 6000 plus taxes per night room I thought excellent value. There 2 double beds two us difficulty sharing room. Overall I would say probably one better hotels I stayed business trip. Perhaps convenient want save costs &amp; routine meeting. But want take challenging issues wants shape better team, mixing little luxury business must choice makes good sense.",0.27984848484848485,0.5189393939393939,Jun 10 2009
6,6,"A real vihar Ambience PerfectFood : must try chicken dishesRooms : Luxurious,spaciousEnvironment perfect staying especially stressed work",0.0888888888888889,0.7077777777777777,Jun 8 2009
7,7,Good Business Hotel I stayed Hotel Business travel delhi. I enjoyed stay.Rooms fantastic. The ambience Hotel great. Service proffessional staff courteious.The area may improved menu Buffet Breakfast.,0.4800000000000001,0.79,May 13 2009
8,8,"Better stay Close Delhi airport I stayed 5 times ... ambience absolutely great...During IPL season - I staying along Deccan chargers team could meet Gilchrist, Laxman, Gibbs etc...it wonderful evening...Suite room complimentry wine give pleasant sleep tiresome business hours...Review JP # 9W 111061985",0.4055555555555556,0.8111111111111112,Apr 21 2009
9,9,"Excellent base New Delhi using organised group tour Stayed Jaypee Vasant Delhi Page &amp; Moy Tour Oct 08. As part 30 person group enjoyed excellent service co-ordinated tour manager. Restaurants varied cuisine offering different styles excellent quality. Common areas hotel/ reception roomy cool. Bar excellent live music shows staff attentive helpful.Partner called ahead surprise Birthday whilst staying staff arranged bouquet, cake card arrival free charge wonderful surprise.Hotel distance centre New Delhi- (about 40 mins Tuk Tuk) would say advantage centre. Immediately outside confines boundary certainly experience Indian life- amazing. All relaxing calm oasis amongst busy touring days.",0.3568274582560298,0.6919294990723562,Mar 19 2009
10,10,"Great Place I stayed Jaypee Vasanth business trip. First location convinient. The food quality excellant surprise provided complimentary wine bottle room.The happy hours really enjoyable.The disturbing point renovation work going point time.If I get opportunity, I hesitate Sign again.",0.25625000000000003,0.6104166666666667,Dec 20 2008
11,11,"Loved Hotel I stayed week I first shifted Delhi-2 weeks back.the location great everything need mere 2 minutes walk.My room good size compared hotels I earlier stayed extremely comfortable..loved wooden flooring! My room overlooked pool I saw quite bit green pleasant surprise.The staff extremely warm helpful attentive. The best part restaurants(which I continue visit), especially Chinese cafe quite unusual name -Eggspectation..the food excellent.I would highly recommend hotel!",0.27990196078431373,0.5935294117647059,Sep 15 2008
12,12,"If considering - DON'T. This situated busy corner within suburb Delhi. Despite promising first impressions entering hotel, disappointing.Several problems occurred stay. Firstly, undergoing refurbishment rooms room strong smell glue / solvents. However, smell preferrable one met entering bathroom. There strong odour sewage I request bathroom re-cleaned (which was). Later afternoon, I attempted nap room get sleep due continual noise traffic outside window. Unfortunately, noise horns reverse alarms continued night, making sleep virtually impossible.The pool area looks good - set within nice landscaped lawns comfortable loungers, dificult relax strong whiffs sewage meet every 5 / 10 mins.Later, dinner, I tried take shower discover hot water whatsoever entire hotel. I starting think nothing else could possibly go wrong NO - I awakened sound hammering room!In conclusion, MUST stay - take ear plugs shower beforehand.",0.14909090909090905,0.5448484848484848,Aug 31 2008
13,13,Oasis Peace busy city. This Hotel selected peaceful ambience last evening Delhi prior flying following morning. About 20 minutes drive Indira Ghandi Intl. airport. We disappointed anyway fact meal Restaurant ranked one best trip. Authentically Indian. There restaurants building best.Check smooth room well furnished comfortable indeed. Check next morning smooth trouble free. We frequent users &quot;City&quot; Hotels met expectations. Friendly without fussy. Large soulless.Just needed good nights sleep long flight.There gardens time make use them.,0.24646428571428572,0.4135119047619048,Apr 25 2008
14,14,"Good 4 star A nice hotel. Not exceptional clean, comfortable, good service reasonable price - probably better classified good 4 star rather 5 star.",0.425925925925926,0.7111111111111111,Oct 20 2007
15,15,"comfortable south Delhi This billed 5*, European 5* , think terms good 3* average 4*.It's 15 minutes main airport, amazed changing route, dual carriage way leading terrible road local shopping area, mad traffic every kind transport imagine!The beautiful entrance lobby, main restaurant leading one side bar other.The rooms decent size, normal facilities, comfortable bed. A poor hanging area wardrobe, constrained safe deposit box. A terrible hairdrier, take own.Plenty bottled water provided, use tap water, safe. Lots staff around, seem corridor time attend required.The bar quiet time, several late night events there, local discos terrible music ( must age). Also 2 weddings extensive grounds, great look at, noisy.Breakfast quite good, ended promptly, expect staff leave food finished, gets cleared away right time.The pool area clean pool towels always available. Good pool lengths, leisure pool.The gym second floor, advertised, use free, normal equipment staff hand. The sauna, steam room jacuzzi charge.",0.11477292768959435,0.5656834215167549,Apr 3 2007
16,16,"Excellent except Spa Most helpful frindly staff!Excellent restaurants. Expensive, quality &amp; service justify price.Pool environment much invite -impeccable clean- pool. No deck chairs, pitty.The massage room far small masseur job.Rooms great, first class materials furniture installations, bath room delight, even though I booked cheapest room!Needless say thet huge plasma TV uncountable Sat-channels highlight.Small things like flowers, cookies, chocolates keep appearing nice surprise.Not cheap place, worth every rupee!",0.34962454212454214,0.641941391941392,Mar 25 2007
17,17,"Great place stay!! Hotel Vasant Continental wonderful hotel. They nice little gym, yoga classes, spa salon, great restaurant. The breakfast buffet came room, (we booked double) delicious, Western breakfast offerings, omelette station, South Indian breakfast well, mention fresh fruit. Anything else menu could ask staff would arrange you. I never tried room service, I like exploring city's hot spots, always plenty bottled water, sheets towels always clean fresh even gave us boxed chocolates every day. They also tea coffee maker sugar, etc. Might I add bathrooms spotless. The location next Vasant Priya cinema ideal, close city spots right main road rooms quiet. I also arrived day early trip Nasik accommodated us last minute extra double. So I can't complain. LOVELY!",0.32172619047619044,0.4985930735930737,Dec 19 2006
18,18,"Excellent Hotel Excellent stay hotel! Rooms clean staff friendly! Breakfast included stay nice restaurant within hotel! - Also provided bottle wine fruits first checked in! - There party fri night! hip hop night, excellent us young people! overall would recommend hotel. The local area quite good right next hotel, restaurants (would recommend italian local area) ... All local ameneties nearby!",0.34627976190476195,0.4217086834733893,Nov 20 2006
19,19,"Satisfactory stay Located south delhi, bit away business quarter. Rooms adequate service one would expect business-oriented hotel. A good chinese cuisine restaurant surprise.",0.3444444444444444,0.3111111111111111,Jan 28 2006
20,20,Good okay service.... We stayed Jaypee Vasant Continental night transit International domestic flight. Hotel clean nice. Room also well maintained room-service prompt food good quality. Only thing I didnt like checking treated well- however checking didnt even bother pick luggage help cab esp given infant. Felt somewhat shoddy since charged $250 nights stay.,0.27666666666666667,0.53,Jan 11 2006
21,21,"pleasant near airport Stayed last week hotels booked. Hotel pleasant surprise, quiet area good food (though expensive) newly refurbished clean rooms. Hotel located near JNU campus airport. Also around corner western style shopping area. I found much better value money Grand Intercontinental Hotel, I stayed earlier month, clean looked like could bit fresh paint.",0.20021596051007814,0.5294906074317839,Dec 19 2005
22,22,"Consistently good Recently renovated modern. Excellent buffet style b'fast. Good room dining. Only complaint insufficient access internet. Two computers inadequate service included room rate caliber.For women, check well priced beauty parlor. I eyebrows &quot;threaded&quot; (plucked) - well done. I using services next trip.",0.29090909090909095,0.4863636363636364,Jan 9 2005
23,23,HÃ´tel trÃ¨s bien,0.0,0.0,Jul 12 2008
