,Unnamed: 0,Reviews,polarity,subject,Dates_extracted
0,0,"Great Hotel Excellent Location Great hotel, excellent location (centrally located New Delhi), close Connaught Place. The hotel's interior visible glass lifts adds excitement. The rooms excellent, nicely done up.The thing needs bit upbringing bell staff, still gives taste legacy.Would certainly recommend staying hotel, though slightly over-priced.",0.48945297127115306,0.7220582447855175,0.7220582447855175
1,1,"I loved stay I Stay bussiness trip company.I throughly enjoyed staying there.The service excellent staffs helpfull. The breakfast complimentary.Room nice one TV, comfertable bed pillow, mood lighting many more.",0.5714285714285714,0.6857142857142857,0.6857142857142857
2,2,"WONDERFUL STAY We stayed last week 4 days great time. Room (standard double) lovely - woodern floors, quality furnishings, flatscreen TV, comfy bed pillow menu, mood lighting. Bathroom beautiful huge walk-in shower. Staff helpful whenever phone housekeeping respond quickly. A couple gripes mini bar lacking choice (just beer, champagne soft drinks). Turn service always around 7 pm inconvenient getting ready go dinner. The bar (Nero) great, great, humidified smoking room attentive staff - shame shuts 1 am... always thought 5 star bar open till last guest left. Monsoon Indian restaurant fabulous, pricy worth (the herb prawn starter die for), Chinese top floor disappointment however. Breakfast good - plenty choice. Henry's bar top floor another reviewer said room drinks, bar, soulless.The pool bit dingy - warm enough swim time year, alot shadow beds. You allowed alcohol around pool shame want lunch couple beers (nothing sneaking beers mini bar solve!).The spa amazing - two massages, feeling romantic couples room private hot tub worth extra Â£25! Both massages (Indian Swedish) fabulous wonderful staff rituals.The atrium whole look inside fabulous - quite breathtaking. If want buy pashmina - great shop inside sells Â£15 upwards, far better value found Old Delhi. All all, delighted whole stay, return Delhi, would stay Le Meridien again.",0.2677333333333333,0.5455,Nov 24 2009
3,3,Excellent location serivce I stayed hotelabout 3 times last 2 years serivce always great.Location great.The thing I would say I booked time AAA extra charge breakfast rate I reached bkfst complimentary.We enjoy stay everytime.,0.27999999999999997,0.5333333333333333,Nov 23 2009
4,4,"Love ambience spent quality time delhi wife I really like room environment,specially room service,pub",0.20000000000000004,0.3,Nov 15 2009
5,5,A modern sanctuary chaos New Delhi Ranks higher end Le Meridien's I've stayed at. I satisfied stay value service.,0.2715909090909091,0.5636363636363636,Oct 19 2009
6,6,"Top western standards.....and prices Stayed 4 nights two different rooms. Clean, modern good design throughout including &quot;mood lighting&quot; rooms. Staff helpful would hope/expect class/price. Only thing could get wi-fi work (you needed laptop rather PDA) ended using expensive business centre check email.Near Connaught Place restaurants. There good bars/restaurants pricey.We would consider staying return Delhi.",0.21515151515151515,0.5090909090909091,Oct 9 2009
7,7,Perfect Hotel Le Meridien like oasis New Delhi! The favourite place city! Friendly staff. Very safety. We received welcome drinks (coffee tee) welcome &quot;bindi&quot;. I offer (like compliment) 3-4 hours trip city. like sandal woods flavour wardrobe. But India :) I prefer The One restaurant chili food :),0.5485085227272727,0.7568181818181818,Oct 8 2009
8,8,Great Delhi Great stay Le Meridien Delhi. Excelent hospitality service. Restaurants pretty expensive.,0.3375,0.8,Sep 27 2009
9,9,"Exquisite I stayed always I visited New Delhi. The lobby amazing; futuristic style.Room great spacious, beautiful bathroom. Well designed modern; Exquisite.Very clean well organized.Large flat screen tv room.Wi-fi available charge.The concierge helpful.The staff friendly.Excellent breakfast.There shopping arcade hotel. Try visit Jaipur Gem Palace, nice collection jewelry reasonable price.It's near Janpath street want shopping, walking distance.It's great hotel.",0.4485353535353535,0.6119696969696969,Sep 26 2009
10,10,"A-void! If like 1970s-style hotels multi-floor atriums - large void middle, may you! Otherwise, I would a-void it. Sure, nice part New Delhi, close key government building several sights. However, currently renovation, means jackhammers workmen throwing stuff windows. The power went (and again) multiple times I there. The room bath, shower barely-controllable nozzle. And darkened &quot;bathroom&quot;, mood lighting, smelt. The renovated room decorated cross Ikea Norwegian wood, lots sharp corners bump night. The front desk staff slow serve way in, looking extras add bill way out. The restaurant food over-priced. I try Room Service, could see samples offerings still sticking TV remote control. The hotel's pool area real gathering place hot birds - 100 pigeons dozen crows I counted. The views Delhi top level eatery excellent - middle top floor building viewless Le Meridien Club perched like UFO, waiting descend unsuspecting diners eating atrium below. Next time, I think I stay Shangri-La across road.",0.15343860684769775,0.4396366260002624,Sep 2 2009
11,11,"Best Hotel One best I stayed. I staying suite, design modern furniture new. The located city centre area, room rate surprisingly low, staffs nice. Other shower area bit small, cannot pick anything complaint about. I took buffet dinner ground floor cafe, food good, cost US$70 per person.",0.2961363636363637,0.43195454545454554,Aug 31 2009
12,12,"calm escape chaos great hotel, modern interior, spacious airy. didnt appear many western visitors there. highly recommend restaurants, particularly chinese rest located top floor. colonial decor great food great view delhi.down side would lack fast free internet acces, poor pool sundeck area.",0.32047619047619047,0.5188095238095237,Aug 28 2009
13,13,What A Chic Place ..my 6th stay year It one classy elegant trendy ever seen business travel. Meridien taken starwood done tremendous change approach. Spg winning card always thats started staying hotel. Earlier work early year swanky atrium sexy bar nero aand cutest comp stations atrium sip illy work room gets boring u couple days.Staff amazingly helpful take care elderly people noticed couple girls atrium...was touched it.Their new Indian restaurant monsoon one meal colleagues enjoyed. Some Indian families entrance happy children allowed thats great news two lunch meetings there.Good fitness centre amatra help stay fat freeIts beautiful clean stylish staff makes feel home u alone. One imp thing internet good. Would recommend business travelers definitely.Rooms brilliant clutter free lot space things good,0.38602918820310117,0.7879902705989662,Aug 21 2009
14,14,Still problems I staying whenever I Delhi I experienced irritations.#1: send limo airport PA inform them. I would expect ask flight schedule. This differentiates best better.#2: Security check stepped up. I love surrendder swiss knife shows lack discretion. Swiss knife lethal weapon. A 200 kg man lethal weapon.#3: I returned gym cutting short work out. They BLASTING Indian Techno music even I requested lower volume. I guest using time.,0.28333333333333327,0.6666666666666666,Aug 18 2009
15,15,"One favourite Hotels Having stayed quite times, say always class apart.. Great service, great food, excellent rooms good location. What else could traveller ask for??The lobby expansive beautiful. Checkins always quick room always right.. Overall great superb facilities..",0.5307539682539683,0.6654761904761904,Aug 14 2009
16,16,"Beautiful great location; style substance times When walk greated visually stunning city hotel. The staff generally helpful attentive (though note comment later). It caters well business leisure travellers. The rooms spacious tastefully decorated. We 10th floor great view Delhi. We view outdoor swimming pool. I use it, looks nice. However, often pigeons sitting around edge drinking it!! Hence 4 stars 'Cleanliness'. The breakfast buffet-style tasty. There mixture Indian Western dishes, hot cold. One thing I found quite annoying coffee use tasteless instant. When I asked proper coffee said would take 10 minutes cost more. I bothered cost, rather 5* better something basic. We ate dinner one restaurants - 5* average over-priced. One afternoon 3 us drink lovely cafe. We taking photos told allowed take photos inside hotel! And given reason!! The staff almost 100% fantastic. However, incident left sour taste mouth. The day check-out I hired private car take 3 us airport. The next morning, checked-out, I went desk arrange car brought round front. Annoying quoted higher price. They could explain could explain contact earlier. The ledger write bookings desk, next name original quoted price crossed new price written it. I challenged this. The two staff spoke Hindi clearly realise I understood making disparaging comments me. When I told I understood Hindi looked shocked went pretty silent! On principle, treated manner, I refused pay higher price. They responded saying would make way airport. I asked taken manager suddenly car brought round front paid price quoted night before. I two minds whether recommend hotel. However, 5* needs held higher standard hotels lower rating. Given lots great 5* hotels Delhi, I would suggest trying instead.",0.09704249913349176,0.5199693008516537,Aug 4 2009
17,17,"In middle everything--and nowhere The located right center civic district, within walking distance Connaught Place short rides Beaux Arts buildings. But real bustling energetic chaotic Delhi after, probably place you.The room I excellent--apparently recently renovated. Room service attentive housekeeping diligent. In general service courteous competent. They provided complimentary water, important Delhi.The swimming pool, however, clean, even many people use it. Too many pigeons crow use bird bath--and leave stuff next rim.The something touts next main gate nag visitors visit emporiums. The touts really make frustating time--it got point I exited hotel's main gate enter gate escape particularly eager tout.Finally, business hotel, Le Meridien provide free Internet connection! For pricey hotel, though admittedly rates much different neighbors, charges another 12 usd wireless internet per day.",0.1947372742200329,0.4664614121510674,Jul 21 2009
18,18,"Thoroughly enjoyable stay I stayed associates days meetings everything went planned. I complaints all.The room comfortable size. Perhaps complaint wardrobe rather small bar hangers rather high. There also bedroom slippers save packing those.I Club level room shower rather bathtub; associates bathtubs, I would liked warm soak end hard day relaxing. The shower stall however &quot;rainstorm&quot; shower coming top. The water pressure sufficiently generous make feel cleaned rain. And also shower hose.There four apples Red Delicious variety food I good I tempted snack. There reviews apples dessicated case.An odd incident I received different newspapers every day I there. Four days national papers one day IHT.The bar 20th floor offers splendid view Delhi. You'll realise surprisingly green low-rise is.I would like comment seeming compulsion tip-seeking. The reason quite simple: poverty. The Indian serving waiter driver monthly salary lower cost room. I asked apparently worldwide average wage bill 27-28%; India, 10%. Arguably, means Indian worker underpaid. But I also heard comments less efficient, something I would tend agree with.Consider backhanded compliment hound tips. They think wealthy. Perhaps I Asian opposed Anglo I never experienced houndings even once.",0.13856321839080457,0.4726026272577997,Jul 20 2009
19,19,"Good good service I stayed three nights business trip felt service let down.The centrally located contemporary design sets apart hotels Delhi. Also rooms fairly spacious (but dark!) facilities like restaurants, bar gym really good. However, service I would expect 5* paying kinds room rates. I problems booking confirmation, changing rooms car service. Overall I left impression convenience staff comes guest requirements.",0.28641666666666665,0.41466666666666663,Jul 17 2009
20,20,"Fine - world we? This great place want helps forget India. Colleagues I traveling with, coming India rare treat, disappointed attempt showcase anything Indian. So less tourists business travelers.Thank goodness thermostats rooms worked properly. The airconditioning rest cold friends I leave dinner get jackets. As someone Southeast Asia, get pay for, I never understood Delhi hotels able charge do.",0.06250000000000003,0.5864583333333333,Jul 13 2009
21,21,"Highly recommended Stayed two night temperatures 42C city - much felt like oasis. Reading previous reviews I assume modernization past, issues, experience one best hotels I ever stayed in. Decor superb imported italian glass tiles everywhere. Rooms excellent shape, large, beautifully done. Tried restaurants bars ground floor - Monsoon one top indian restaurants Delhi recommended one Indian friends, bar excellent selection (albeit somewhat pricy). Excellent breakfast buffet morning included room price.As previous comments, everyone indeed expect tip, hotel. Staff accommodating providing late checkout without even asking. Car service 2000IRP, 4X taxi, well worth 1 hour trip modern air conditioned car.Only downside, morning restaurant staff seemed act cool hence getting attention somewhat problem. And front door staff somewhat slow reacting requests taxi dressed casually. Location excellent business leisure.",0.30003968253968255,0.5077876984126984,Jul 3 2009
22,22,Was blown away service product We went wedding night stayed days after. The htoel staff lovely friendly happy help anyway possible. It clean beautiful. They even Tom Jerry playing TV screens lift lobby :),0.39895833333333336,0.75625,Jun 29 2009
23,23,Nice Business Get together We conducted Business get together esteemed clients friends getting Master Card Certification. We enjoyed hall nice dinner buffet arrangement. Ambience great. It wonderful evening. It one great place conduct Business get togethersRajJP132375165,0.7166666666666667,0.8666666666666667,Jun 21 2009
24,24,"Meridien Mistake What disgraceful - quite manage claim 5 Star hotel, I know. They allowed sport Le Meridien brand - absolute disgrace.First all, airport pick-up failed arrive spite booking phone call confirm. They still tried charge us check-out.The check-in staff arrogant rude fact majority staff including lady duty manager rude unhelpful. Every member staff wants tipped - quite I know offer form service. Even room attendant waits return room trying obtain tip. Perhaps could pay people money stop harrassing customers.The keycard failed operate, obtained replacement also failed operate. We asked reception staff come us keycard open door. The failed keycards regular theme stay staff blamed us keeping mobile phones rather accepting cards rubbish.Everything expensive car hire food yet nothing worth money. To add insult injury staff expect tipped! Pay staff Mr Le Meridien stop begging.Restaurant staff slow ineffective - forget orders, slow deliver food/drinks seem disinterested there. However still eager tips.Security joke - I would sometimes get searched, sometimes not. My wife would never get searched. Luggage get scanned! What complete shambles.The room dimly lit would get bright enough get ready. The air conditioning next useless floors room creak loudly walk everyone wakes up. Noise neighbouring rooms toilets makes wonder bedsit cheap part town.A fruit bowl four apples dry sahara desert - long there? Come Le Meridien - damaging brand.On positive note, location good shopping getting around. There two fantastic hotels nearby - Shangri-La Ramada - option next time unlike Le Meridien.",0.015956439393939405,0.4506993006993007,Jun 19 2009
25,25,A fantastic This great - amazing service. The restaurant top floor offers great views. The rooms comfortable.,0.5142857142857143,0.6571428571428571,Jun 17 2009
26,26,"Good Stay Stayed business trip one night. Was impressed design &amp; bold statement makes. The service, courtesy impeccable. Just right business traveller. There renovation work going in, left note saying sorry small teddy, kind nice....Did spend much time good stay.",0.34718614718614715,0.6047619047619048,Jun 16 2009
27,27,"Enjoyed Chinese restaurant Good Hotel, excellent rooms.",0.55,0.575,Jun 13 2009
28,28,"lovely atmosphere lovely atmosphere....lobby great interact colleagues, silent music good",0.5,0.5900000000000001,Jun 10 2009
29,29,best delhi best available delhi. located heart delhi. near caunnut place india gate. per reputation rooms execellent service prompt. breakfast included package tasty. love sit coffee shop 24 hrs eat something sip beer time. india gate walking distance. lot internal changes happened since last visit.,0.36300000000000004,0.3086666666666667,Jun 9 2009
30,30,"Good Biz Hotel favorite biz DelhiNewly renovated, big size rooms bathrooms, good breakfast But could little better housekeeping noticed insufficient cleanliness last stay",0.31607142857142856,0.480952380952381,Jun 8 2009
31,31,Businness @ ease Good Business Hotel. Worth statying give best facilities.,0.6666666666666666,0.3333333333333333,Jun 4 2009
32,32,Awesome It great experience. The could deliver experience.,0.7666666666666666,0.75,Jun 4 2009
33,33,"Great Business Hotel + bonus able walk somewhere Stayed business hectic trip. Nice location, actually able get walk somewhere unusual 5* India. Pool area disappointing though. Service etc first class",0.32142857142857145,0.719047619047619,May 20 2009
34,34,"God knows ! renovation over? I stayed renovation repair works property going on. There although problem noise visible dirt, areas I visited cramped &quot;camp-like&quot; condition. Hence overall dining experience spoilt.Printers / Xerox business center work, hence I billed, I go road-side Xerox vendor Delhi way meeting.Front-office staff courtious. Despite fact I SPG member I asked good room, I given room right front barricades made renovation works. PREFERRED guest could given something better keeping mind loyalty represent!120501264",0.3142857142857143,0.3726190476190476,May 14 2009
35,35,Location Food Location great Business travellers. The breakfast spread excellent taste wonderful. Breakfast room gets crowded small size. New club rooms fantastic.,0.5143939393939393,0.7507575757575758,May 11 2009
36,36,"A gem Jewel Crown Le MÃ©ridien known stylish hotels, one Delhi exception. Service good, driver waited airport refreshing towel cold drink car, attendant serving drinks Royal Club, nice welcoming people. The lobby literally awesome, hip. Not desk staff, check-in check-out service peculiarly impersonal. The room cool, mood lighting view India Gate (as requested time booking). Bathroom amenities best I've ever seen, including even band-aids, shaving kits toothbrush. I recommend spa hesitation: treatment fabulous, staff reception interested even made small error booking which, I discovered late, took ages get corrected wholly unapologetic mistake. Shame. Location perfect, comfortable 10-15 minute walk India Gate amazing Presidential Palace green quiet neighbourhood city millions. I popped Shangri-La next door Indian cuisine (the Meridien's Indian restaurant refurbished I Indian food!). The Shangri-La bland food... let's say I've better Indian food Africa! In all, I'd much like stay Meridien again!",0.3049275362318841,0.6583333333333334,May 10 2009
37,37,good stay I stayed one business trips. Its good hotel. Good rooms. Good food. Especailly business centre service prompt helpful.,0.6,0.54,May 10 2009
38,38,"Cheated Hotel Management I recently stayed Le Meridien New Delhi unequivocably worst experience I ever 5-star hotel.1) My account mishandled staff resulting unjustly charged around 100 USD international phone calls requested I make provide alternate credit card number along copies front back card, hotel's payment system antiquated staff claimed could process credit card I previously provided upon check-in without taking copies front back card (a highly unsual suspect practice, made even wary wallet stolen I suspect either around hotel), despite fact put 250 USD hold card card otherwise perfectly usable.2) Prior charging new card number, present folio breakdown charges even provide total balance. Once staff received faxed copy front back new card, proceeded charge card without verification total charges. When I requested folio front desk upon check out, I presented credit card receipt showing amount staff charged new card, I told request see bill, &quot;too late&quot;, card already charged- fait d'accompli.I tried dispute charges still hotel, staff uncooperative escalating dispute superiors, numerous phone calls emails, I still credited back aformentioned charges.3) On minor note, property I also feel 5 star standard. More specifically, despite negotiated equivalent price Oberoi Taj Mahal (I previously stayed within Taj group stay India), I chose Le Meridien final night India experience &quot;modern&quot; 5 star country. However, upon check-in, front desk staff failed inform two important facts, deluxe room gave failed feature bathtub, I would expected five star property, day dining establishment undergoing construction caused alot noise located courtyard middle property around rooms situated.I would warn potential guests Le Meridien New Delhi, I feel management quite board practices.",0.04890749601275917,0.4025279106858054,May 10 2009
39,39,excellent value 5***** HOTEL superb lovely lobby..beautiful rooms lights mirror..classy coffee shop..superb,0.8333333333333334,0.9166666666666666,May 6 2009
40,40,"Great Great hotel.Very good location, close CP.Staff courteous well rooms clean n good.Has gud disco nice restaurant.Thumbs up.",0.6744444444444445,0.8000000000000002,May 4 2009
41,41,What experience!! The best comfort amenities. Only problem stay spa operational. Hope must rectified also.,0.5,0.65,May 4 2009
42,42,The place Shiny glass building heart Delhi cynosure hotels. A class full luxuries.,0.35,0.55,May 2 2009
43,43,"Great location good breakfast The probably one best locations New Delhi.The interior really good, great lobby foyer.Staff efficient. What I liked place breakfast. Really good stuff really helpful staff.Recommend business leisure.",0.6136363636363635,0.5554545454545455,May 1 2009
44,44,value money Nice interiors. Value money. Well stocked bar. good health club.,0.6499999999999999,0.8,Apr 28 2009
45,45,"Excellent Business Hotel Excellent Business Hotel. Incredible staff. trendy beautiful rooms, lights suit mood sooth per situation. Good Restaurant overall value money business hotel.",0.7214285714285714,0.7714285714285715,Apr 27 2009
46,46,"Fine - best Delhi Managed stay one night weekend away work week,Expensive room rates managed get basic room average room delhi.Outstanding location minutes centre delhi main shops area,Great interior like contemporary design italian lighting ideal.Did use pool, looked outstanding.worth staying experience.resident restuarants fantastic great evening entertainment local music.",0.2318181818181819,0.36136363636363633,Apr 27 2009
47,47,Flashy Rooms Its right heart delhi. They well designed rooms excellent view. The service fantastic. You get spoilt like maharaja. The food good lovely night club.,0.36938775510204075,0.6551020408163265,Apr 22 2009
48,48,"Class Interiors Loved ambience interiors place. Unlike 5 star Hotel property India.You may feel India here. The upholstery, seating etc lounge, banquets waiting area plushRooms nice, though bath tub loo alet (rm. no. 927 non-smoking floor).Service excellent.Food nice. Menu Room service much wider Le Meridien properties India.OVERALL NICE EXPERIENCE",0.2868055555555555,0.6298611111111111,Apr 19 2009
49,49,Decent ... could better Excellent location! Has great facilities could packaged better. Services need improvement.,0.5933333333333334,0.6833333333333333,Apr 17 2009
50,50,Great stay right heart Delhi.... since live delhi rarely get chance stay city last month checked le mÃ©ridien new delhi one night conference....the located close center city &amp; number shops &amp; restaurants nearby....the stay exceeded expectations every point....being platinum status spg really helped upgraded great suite spg floor &amp; also offered free breakfast lounge....i dinner coffee shop great buffet spread....there little bit work going seem either get way disturb guests....all great experience....i driven number times &amp; never really thought one better hotels delhi....i different opinion....,0.2761634199134199,0.4878848003848004,Apr 16 2009
51,51,"Very nice much better trip adivsor rating Recently spent two nights Le Meridien New Delhi thought fantastic They still renovating I without priced shops. The rooms nice new stayed 12th floor quite nice view india gate street below. The food nice expensive, breakfast okay. The little bit removed action still extremely close everything. All great place stay. Even currency exchange rate better available airport. Highly recommended",0.2779066985645933,0.6052153110047847,Mar 31 2009
52,52,"Not bad great Stayed two nights Febuary 09, upgraded executive floor. Hotel okay I felt rooms small bathroom tight it. Moodlighting fun. Exec lounge good good selection breakfast afternoon tea. All staff attentive except pool gym staff. Pool available repaired, outside patio area covered pigeon s... Good central location.",0.227032967032967,0.49864468864468875,Mar 29 2009
53,53,"Fine Business traveller place acceptable conditions I stayed Le Meridien three days annual business trip India last week. My rep booked place first struck pricing. Last year 4-5 Star Delhi hotels costed around 200-300 EUROs night. Now I payed 5500 INR totals 81 EUROs night including breakfast. This really good deal!!1. ARRIVAL AT INDIRA GHANDI INTERNATIONAL:I asked rep arrange pickup hotel. The Sadar driver waited exit took care luggage. He wanted change money (while could watch shoulder see I changing calculate amount tip). As I annually travelling India since almost 15 years I declined offer lead Thomas Cook booth I told I brought Rupees already. Then story &quot;two poor Children&quot; came I told I caring advised drive quickly possible upon arrival I would decide tip. He stayed quiet I asked do. Upon arrival I gave 50 Rupees. It defintely advisable give tip India. 2. ARRIVAL AT THE LE MERIDIENThe arrival similar security check airport 20 years ago. My luggage brought lobby I pass metal detector handsearched afterwards. My handluggage also searched. When I passed security area (makes sense 11/26 incidents Mumbai) I walked boutique style lobby fairly empty late night.3. CHECKIN:As Starwood Preferred Guest I given room 12th floor &quot;Starwood Preferred Guest Floor&quot;. The checkin fast efficient, luggage brought room within three minutes I closed door room.4. THE ROOM:Looked recently renovated, light coloured wooden decor may everyones taste, &quot;mood light&quot; behind bed well-but least tried bit different wannabe colonial style Delhi hotels Taj Mansing, Park etc. TV 46 inch plasma tons channels. The mini bar well filled relatively cheap (approx. 1,20 EURO soda), Room service worked well seemed easily disappointed Indian-style tipping European. The room clean big enough two. The lighting bath bit dark also pretty well designed everything good shape working order. Loved rain-shower.... The control panel lights, alarm A/C (not necessary last week temperatures around 25 degrees outside) bit confusing works pretty well one understands works. All good experience. In room safe little 4-5 star gadgets room made stay nice. 2 Newspapers day, printout German newspaper`s front page, fresh fruit bottled water complementary every day. I direct view room India Gate Red Fort.5. BREAKFAST:Breakfast complementary complete. A cooking station provided fresh eggs, omlettes etc. (plan bit waiting time), juices fruits fresh, choice continental/English breakfast buffet war rich. Be aware: They`ll seat french breakfast style - sitting long large table strangers opposite next come alone breakfast room. Nothing unusual travelled France.... FAZIT:Positve:- excellent value- well equipped, maintained room- clean safe place- good breakfast- excellent location (right within Government district, close Connought)Negative:- still construction going (bar &amp; cafeteria built)- greedy staffI definitely come next year.",0.16403846153846152,0.4868608058608057,Mar 20 2009
54,54,"Best Hotel Delhi The best ever! Amazing breakfast buffet, amazing indian restaurant 2nd floor. Service, staff, decor top class. This I would stay return Delhi. Highly recommend it!",0.48750000000000004,0.5549999999999999,Mar 10 2009
55,55,"An Oasis Tired Travelers This first stop &quot;Heart India&quot; tour (14 people). Arriving 6 --after delayed flights harrowing ride --the first many-- airport, pleased clean bed hot water. Le Meridien far more.The staff, except &quot;lady&quot; business center, rude I seriously thought complainig front desk, accommodating --our &quot;Do Not Disturb&quot; sign first morning honored.The room spotless; breakfast outstanding.The great charm, bonus. We &quot;marriage season,&quot; could see fireworks displays throughout city.",0.18809523809523812,0.5976190476190475,Mar 7 2009
56,56,"Disappointed My husband I stayed end 3 week trip India. Most lobby area construction, noisy 9pm. We access shopping arcade. We switch rooms late night, information communicated day staff next day, requiring several conversations different people.While front desk staff friendly, unhelpful suggestions/directions major tourist locations. There always backup cars entering hotel. It definitely geared business traveler. While centrally located, would check hotels next visit.",-0.01979166666666667,0.38125000000000003,Feb 26 2009
57,57,"nice good standard building rooms nice. gym good, outdoor pool disgrace health hazard (dozens pigeons over).staff generally helpful. food ok. good option Delhi quite international 5 star.Once one accustomed Delhi prices, rates acceptable. worth bargaining hard.",0.3507575757575757,0.49469696969696975,Feb 22 2009
58,58,"Fine business The perfectly fine. Nothing special (except service good). Rooms clean everything functioned properly. Restaurants good. Gym pool fine. It much soul character. Fine business, looking taste India, much.",0.40004329004329003,0.4683116883116884,Jan 8 2009
59,59,"Bon Jour Meriden well start best thing property location itself. Its located right right heart New Delhi, amidst lot greenery well proximity almost Delhi's tourist hot spots. Well connected airport well railway station. Once get fell world experience step pristine white lobby. The highly courteous staff, excellent rooms reasonable price highly recommendable Indian Specialty restaurant PAKWAN, high points ultra luxurious 5 star deluxe property",0.349060939060939,0.5796903096903098,Nov 9 2008
60,60,"OK arrive business services rip I wanted get nice room relax assimilate first trip India. I business meetings New Delhi daughter going university semester great visit. The first several upsales get extra room key front desk. We explained home Delhi apparently suffice. The room nice. The within walking distance landmarks India Gate national museum. Metro system easily accessible well. Food first level buffet good affordable. Great place morning coffee. We ate Chinese restaurant top nothing get excited convenient room. The renovations efficient clean. The Spa experience disrupted drilling life goes on.I Indian Spa experience. I simple stress reduction massage. After reservation discussion, I agreed 60 minute massage. The Spa called room see I could arrive 30 minutes earlier. Considering I made reservation 8 hours earlier mildly annoying. When I checked Spa, earnest female clerk insisted I really needed 90 minute massage. I insisted 60 minutes would fine. After much discussion behind counter I asked meet &quot;doctor.&quot; I met doctor prescribed inter external problems 90 minutes necessary apparent issues. I amused agreed signing several releases 90 minutes, all, doctor.I actually loved 30 minute leg reflexology delivered remarkably talented Chinese masseuse. You never touched knee fantastic. I awoke absolutely refreshed. Amazing. The synchronized massage involves two people interesting I again. Probably personal preference mine reflection oils, talent handling masseuse pair.The worst annoyance printing 10 pages thumb drive presentation business center, one page blank. It cost 23.00 dollars American total rip-off. It handled woman could Vogue magazine. She unable provide receipt I hurry. I think Doctors wife.",0.1438939393939394,0.4865670995670995,Oct 30 2008
61,61,"Great Hotel! Service excel! Stayed LeMeridian Delhi 2 weeks business May. Was excellent stay -- many nice touches would expect 5 Star Hotel.Airport TransfersHotel arranged pickup. I met concierge airport helped find car, cold towels bottled water waiting. Courteous driver, pointed sites along way made suggestions things I might want see tripFront desk/ServiceSmooth, efficient friendly time I interacted them. Each person I met staff friendly, greeted you, smiled. I felt welcome everyone!RoomsThere two color schemes rooms --- one dark, one light. Some people issues dark room, I liked it. Beds comfortable, bathrooms large functional, lighting good. Room serviced least twice day -- bottled water restocked time. Most evenings, I received cheese desert plate room serviced. Over weekend, I given new book gift. Had laundry one point -- issues prompt service. Internet connection worked wonderfully switchboard issues calls I got hours night US.Breakfast/LoungeIncluded rate -- either executive lounge main restaurant. Both nice depending mood --- options main restaurant, quieter lounge. The lounge still omelet station. Food excellent cases. The lounge also happy hour snacks offered different veg / non-veg option day.RestaurantsThe main restaurant great food --- pastas could beat. Most everything menu also available room service. The Indian Restaurant top floor also excellent great views.Concierge / Travel DeskThis one area disappointed --- I exactly sure I wanted, get many suggestions. It seemed staff hesitant help me.Shops Lots options iteself many price points willing bargain. I found best options service jewelry Manoj Padma Gems (I forget which, either suite 13 14). He even custom pendant me!",0.42606161280579885,0.6330699016745528,Oct 6 2008
62,62,"Typical Le Meridien... We spent Eid holidays India flew Delhi Dubai commence Golden Triangle tour. The exterior Le Meridien Hotel quite dated interior reasonably renovated. The lobby rooms resemble Le Meridien style, since old building many parts including upper floor restaurants tired looking.Check-in check-out slow service level generally poor, staying 5-star hotels Jaipur Agra I guess best simply lower expectations. A incidents annoyed include:a. I specifically asked check-out time check-in received subsequent call nap ask exactly question;b. I called arrange wake-up call 6:15am called back 5 mins later confirming 5:45am;c. No complimentary water room (again typical Le Meridien);d. At check-out, front desk staff handed bill envelop without looking saying &quot;Thank staying us etc&quot;. I thought extremely rude.On plus side, room clean comfortable. Also food quality great. We tried 2 restaurants room service content standard.Location also advantage close central attractions.Overall quite decent accommodation.",0.06413793103448276,0.41840722495894905,Oct 6 2008
63,63,"great This 5th stay hotel, I enjoyed stay much previous times.I picked airport, room rate included airport transfers. I offered cold towel well bottled water.Check smooth Starwood Preffered Guest desk (I gold member).The room 16th floor, nice view India Gate.The room nice 42&quot; plasma screen, desk, armchair complimentary water well bottle wine (decent well!)They revamping lobby floor moment, Brasserie modernised well Eau bar. I told finished weeks.The Indian restaurant 1st floor excellent, I asked waitress suggest local indian dishes fantastic.Service top notch hotel. The price August correct, get ridiculously expensive high season. But common trend India days.",0.20352941176470588,0.5778431372549018,Aug 8 2008
64,64,"Nice spend extra money The Imperial After two largely unsuccessful Delhi stays, I decided spend third stay five-star hotels. I sprang The Imperial first night, used credit card rewards get Meridien room second night. This nice hotel, room modern clean, large TV cool lights, bathroom fixtures, etc. The shower excellent, hot water whenever I tried it. I ordered mediocre cheeseburger (beef, finally!) room service lunch went bistro restaurant dinner, I excellent roghan josh cocktail, reasonably priced. The minibar fairly cheap, I sprang things. For reason, gave complimentary bottle wine room, I found quaffable. The bed comfortable, I slept well. Both alarm wake call woke planned morning. Their workout room small, I able get treadmill run in. The bad: checkout took 15 minutes reason, despite hurry catch flight. This unacceptable expensive hotel. Indeed, check-in took time, I stood directly front desk 3-4 minutes anyone even acknowledged me, irritating. The restaurant options unimpressive, they're adequate, I expecting 5-star hotel. Finally, I enjoyable stay, really astonishingly pricey get... pretty ordinary room would perhaps $120 US. You're unlikely unhappy stay, I recommend paying extra $50 staying The Imperial Orberoi; see extra money goes.",0.14071428571428574,0.5903869047619048,Jul 25 2008
65,65,"awsome service hii stayed Le Meridien New Delhi,The service amazing rooms luxurious comfortable.receptionsist Ms Chandni helpful great empathy lovely place famiy.will visit",0.5090909090909091,0.7136363636363636,Jul 18 2008
66,66,Loved bedroom I one night spend Delhi making flight back London fancied luxury. I thought room impressive I felt nice relaxed I needed. Loved different colour schemes could select lights change to. Bathroom mosaic tiled. Would definitely return I Delhi splashing 5*,0.42857142857142855,0.6714285714285714,Jun 9 2008
67,67,"Classy Contempory!! Slept Well It great experience long flight, good airport welcome convinient drive hotel. Very classy good room size comfortable bed. It sheer luck Olympic torch hotel..felt great proud see it. Cause extra security little restrictions every saw Olympic environment. I sports lover enjoyed. Got choice pillow exceptionally good interesting sound sleep days.Room service good chinese restaurant operational.Would feel grreat value money..will stay",0.4130921052631579,0.6236842105263157,Apr 29 2008
68,68,"Shangri-La next door much better! Mostly business hotel--looks like old-style Embassy Suites. (you know--atrium style walkways around rooms). It's quite intimidating afraid heights. The interior dark. The gym small, poorly equipped. But supposedly temporary. However, also open business travelers use it. (7:00 - 8:00 pm stay).The room bright enough, clean. No bathtub, shower only. Mediocre food, mediocre service, decent fitness facility--all mere $450 per night.",-0.019803921568627442,0.6227450980392156,Apr 23 2008
69,69,"A Hotel without Soul I booked room spg.com Gold member. Room charges across level sky high days peak season Delhi. Since, I booked club room airport transfers ways were. A driver name paging board waiting airport arrival hence start good. At hotel, lobby like huge hall extreme end reception desk. To mind nice design. At reception, I greeted staff called Mayank asked I tired. As I long flight transfer connection I said yes I was. Once I finished check-in formaility staff concerned said rooms occupied early morning I would wait hours. However, would offer room I agreed pay previous night room charges. And around 7am morning! Although I requested early check-in I made booking staff reception refused budge showing policy hotel. When I asked I could go Club lounge wait said would possible I allocated room. After hour long wait lobby I finally got room #1215 I greeted strong smell tobacco smoke although I requested non-smoking room. Immediately I called front desk reported displeasure insisted room change. But answer flat 'no'. The explanation rooms wooden flooring hence rooms smoking facility. I could believe ears. When reputable hotels worldwide switching 'no smoking' policy one turned 'full smoking'. As short stay one night I would make comments room decor, mood lighting (did live taste), bathroom (without bathtub), room service, lounge service, etc. In one word mediocre. Delhi excellent hotels, like, Taj Mahal, Oberoi, Taj Palace, name few, one placed right bottyom list 5 star hotels Indian capital.",0.08599123099123097,0.548886853886854,Feb 20 2008
70,70,"Good Business Hotel This part Starwood chain hotels. It clean, modern right centre Delhi within walking distance India Gate, Indian Government Complex Connaught Place. The rooms modern , spaceous, clean well equipped. There 20 floors look inner court yard. Don't room top floors afraid hights The look rails courtyard frightening!As aside, call Starwood 1-800 number want arrange pick airport. The operator asked country Delhi recommended pick phone airport upn arrival. Now, ever Indira Ghandi International, know phone. Phone arrange pick send driver, free.",0.15103785103785097,0.4762515262515263,Feb 11 2008
71,71,"Mediocre Meridien Outrageously expensive mediocre process.How easy business make ammends - everyone team empowered so. Le Meridien staff look interests first, guests fit within rules.A poor result start, getting better.- Car booked airport - list. One organised due course, ominous start.- Smoky room two beds. Switched non-smoky room two beds.- Phenomenally noisy - street noise neighbouring room noise - TV, Kids. Room noisy.- Broadband really trickle - less dial-up speeds 4:00 AM- No end stairs - constantly going down. Lifts seem go want to.- On positive note, Indian Restaurant fabulous - though waiter ensured ordered far far could eat.We're due come back Delhi December - hotel.",0.0494949494949495,0.5891743522178305,Feb 9 2008
72,72,"Good without problems The reviews pretty polarised. Most people either love hate it. I stayed partenr 4 nights New Year opinions bit mixed.Firstly building impressive like atrium type design. The location bit deceptive. It actually 15 minutes walk crow flies Connaught Place tricky road crossings roundabouts negotiate, particularly rush hour. Plus lot extremely persistent rickshaw drivers, beggars touts directly outside hotel.The first problem however arose checking in. I booked expedia rate 7877 rupees night I checked girl said room charge would 9000 rupees night, citing usual scam rate including taxes (even though reservation printout clearly stated taxes included) As 2 o'clock morning I bothered argue credit I checked I charged exact rate I quoted expedia.Having stayed Delhi knowing traffic noise I asked room high possible. We given club room 16th floor person neglected tell us gicen club room able take advantage club privelages.The club rooms spacious tastefully furnished (the mood lighting everyones taste though). The bathroom also great.The service food drink standards excellent. Most negative points apply expensive hotels anywhere particularly India.Firstly feel bit like cash dispenser, dealing tips right, left centre smallest services, many unsolicited even un wanted. Even though alll day housekeeping guy insisted waiting got back room came room replenish soap bathroom etc - ridiculously transparent attempt solicit tip. This sort stuff annoying extreme.Other gripes. Even though winter daytime temperature Delhi 23 deg C. After madness Delhi would nice sit sun take drink terrcae. However location pool means terrace almost constantly shade pool little pigeon toilet.Another problem proper bar. A real bar life soul decent hotel. Le Meridien room top floor call Henri's bar really bar - room serve drinks. The place ground floor atrium bar self respect sells ....... cakes.This points major problem hotel.It seem care much residents. It much interested selling expensive dinners shows rich Delhites catering needs residents. This illustrated clearly New Years Eve. As flying Kerala early New Years Day planned quiet meal drinks. However EVERY restaurant special NY function cover charge 2500 8000 rupees head, except brasserie fully booked anyway. The excuse bar closed completely rented private function spent New Years Eve watching King Kong rooms expensive room service.",0.10237251449115858,0.4943557854574804,Jan 29 2008
73,73,"Worst Hotel Ever Even India, disgraceful. Throughout trip I stayed pretty much levels hotels availability locations visited, I experienced pretty basic accommodations. Nothing bad -- especially given cost purported 5 star rating.The rooms small dark. The lights controllable small bedside console instructions. The lights could made bright enough actually see rooms unless shades open broad daylight. Putting makeup impossible. On flip side,there hardwired permanent night light bathroom floorboard room. Even engineer sent complaint unable disable this. It bright sleep. The thermostat room could adjusted despite appearance dials controls. The room freezing management offered space heater solution. They admitted guests unable ot adjust temperature rooms -- fan speed.The automated wake call service work. The desk offered wake call complementary coffee smooth dissatisfaction unable sleep. The wake call never came. The coffee -- cold -- arrived 10 minutes late knock door. Then appeared bill major conference Hotel manager necessary remove bill. The key deactivated least 5 times 24 hour stay. Each time told pocket cellphone (it wasn't). This experience duplicated 25+ people travellng party -- room lights air conditioning situation.There complaints could list. This expensive better Motel 6. It decorated garish ersatz boutique style. At elevators every floor giant tv running continuous loops Tom &amp; Jerry cartoons.I never write reviews atrocity deserves revealed. Especially since cheapest room starts $450/night.",-0.07004504504504504,0.6361936936936937,Jan 29 2008
74,74,"Best Deal India I stayed Le Meridien Delhi two nights December 2007. This place first rate get go. I used airport transfer service cost $30 (US). I greeted International terminal without trouble even though flight 2 hours late. The driver dressed white white gloves. He took luggage led car Toyota Camry (very nice Indian standards). He gave ice cold bottled water wet towel wipe face hands. After 15 hour oflight, worth $30. The modern. My guess completely redone relatively recently. I booked directly starwood's spg site. I upgraded club level room extra charge included private lounge served breakfast every day drinks appetizers evenings. Also two computer terminals fr free use. The room wood (walls, floors) modern. Plasma tv, control panel everything (a/c, tv, lights, etc) right next bed. Bathroom finished mosaic tile high end fixtures. Best feature slippers nicest slippers I ever received. The service great. All staff greeted name. No problems all. The best part I got $206 (US). In Delhi, that's steal.",0.21982857142857143,0.37856190476190477,Jan 26 2008
75,75,"Never again... awful! I regular traveller India I've re-set standards low typically go Indian hotels expecting mis-treated, abused, overcharged, etc. I must congratulate Le Meridien Delhi finding several new interesting ways upset guest... make sure never return. Check slow interminable. Credit young lady checked in, decent attitude. Room dark quite small. This atrium style noise room street atrium.Food lousy. Fish top floor restaurant left 3 day case Delhi Belly. The gym small one off-brand elliptical machine, one old stairclimber, one bicycle, 3 treadmills, one seemed function. Gym normally opens 7 8 I asked opened 5 normal exercise time, I failed ask open, power turned on, air-con on, remote available TV, successive days least 2 available no-one seemed understand!The new interesting event one night 2:30 morning doorbell rang... rang again... again. I kept checking, noone there! Soon ringing nearly constantly It took 30 minutes respond calls finally fixed disconnecting it, saying must short wire! If poorly wired, fire hazards also exist?Through apology, acknowledgement, I asked upon check-out speak GM, staff refused pass along name, email address, contact details. Bottom line $445 find something Delhi upset customary ways anyone travels frequently India used to... need new annoyances!",-0.007616707616707615,0.46809319809319816,Jan 7 2008
76,76,"5* looks stars service I'll start saying going start honeymoon - finish worst possible way end holiday lifetime. Thank God stayed The Claridges instead first couple nights.The service abysmal restaurant front desk. In La Brasserie, wife I got fed looks disdain nonchalant attitude towards service given. Emphasis definitely clearing table quickly possible. We even greeted duty manager stare forced hello us - got nothing back!The rooms amazing service provided bar staff room attendants typically Indian terms courtesy - absolutely wonderful. We going forgive idiots work restaurant (although Pakwan restaurant pretty decent little cold side) checked out. Notwithstanding fact idiot reception seemed put wanting check complete absence eye contact courtesy, getting irate behaviour, representative asked us complete feedback form. When wife explained rush travel agent representative waiting escort us back airport, slapped form desk repeated request, stage order. All witnessed rep, gobsmacked mentioned reputable international company looking arrangement Le Meridien.The door staff amazingly polite us way p-ed idiotic members staff endured wanted get soon could.You may find like service I promise league The Claridges New Delhi run Indian company (Taj, Oberoi, etc.). Oh, one thing - spite nice polite friendly staff, outdoor swimming pool glorified pigeon bath caked pigeon poo - joke!",0.06933004285277014,0.5902050811141721,Dec 19 2007
77,77,"Great service! Just accompanied husband business trip Delhi-this first time India I much information expect, I must say level service received made trip enjoyable.I struck high quality customer service here-everyone bent backwards make sure everything needed.We also dinner one night Pakwan restaurant delicious.I would recommend anyone.",0.38499999999999995,0.502037037037037,Dec 6 2007
78,78,"5 Star way Both mywife stayed end September 2 nights.Check efficient friendly.The room, (a suite) fantastic, attention detail evident.The service second none, including restaurants, toliets, room service club lounge.The location also central, merely ten minute walk Connaught Place.Couldn't fault place - highly recommended, (but cheap!!)",0.04125000000000001,0.41083333333333333,Nov 7 2007
79,79,"Loved Delhi Le Meridien We know everyone complaining about. We're Americans, first stay India. This awesome hotel! Everything great - food, breakfast, rooms - even shops cool. Service excellent. The bath nice - I wish I setup place home. Would DEFINITELY stay - average, bordering excellent.",0.4775,0.7111111111111111,Sep 14 2007
80,80,"Not worth Five star status! I heard many good things Le Meridian family members, I decided book it. The rate I got good, via Expedia.com. Checking wasnt problem. Our luggage promptly brought bellman, front desk check went fine. The Lobby spacious nicely decorated.The room ample space, wood floors, nice size bathroom mosaic tiles walls floors, large plasma/LCD television, nice view city. Seemed good! The first problem arised first night. The power went 2-3 times 5 minutes time, leaving us total darkness unpacking etc. Not good way start vacation 14 hour flight.The problem encountered small, became VERY annoying. The wood floors creaked loud areas steping them. If I went bathroom night stepped spot, wife would wake startled! So tippie toe avoid areas.The electricity entire room works put room key slot enter. So want light night time hours, leave entire room light! Can't pick choose lights keep off. The thing bothered annoyned room rate. Apparently, Le Meridian changed tax structure starting September 1st. They told due this, I pay additional $210 US night 9/1. I fought strongly said Expedia charge listed, miscommunication Le Meridian Expedia, I would responsible it. I contacted matter THREE TIMES! I got Expedia phone, told situation, manager Expedia spoke Le Meridian, agreed I would charged extra.What funny thought, checking out, I overheard thing every guest! And EVERY one guests refused pay. Should interesting month them...The last thing irked place front desk staff. They CLUELESS goings OWN hotel! I called asked hours restraurant, told open 12 noon. I waited hour open, find really opens 12:30! On sunday I asked shops second floor open, told no, shops closed Sunday. But lo behold! ALL open! At one point wife I mood certain Indian dish, told coffee shop (which confused me). When proceeded coffee shop, saw cakes pastries. When I asked them, I got strange look obvious answer.So...if need find anything out, DO NOT ask front desk, call restaurant/store directly! Overall....I heard great things hotel, past week, I feel VERY overrated. The bed comfortable, bathroom nice, customer service NILL!! I would recommend stay Muria Sheraton Taj instead.",0.1831785714285714,0.5644848484848486,Sep 3 2007
81,81,"Nice We stayed 2 nights beginning Rajahstan tour one night end it. First two nights suite, still renovated fine anyway. The problem A/C bed following dilemma : keeping open freezing shutting boiling ... surprising 5* ! Nice view Delhi could better windows washed. We spent last night renovated room (A/C entry room, problem fixed ...). Nice design blue yellow light wall behind bed. The problem room next rooms currently process renovated ... forget relaxing till 6 pm. Staff particularily smiling.",0.18293650793650795,0.4666666666666666,Aug 15 2007
82,82,"Good central New Delhi We returned 8 days Le Meridien New Delhi. Apparently ther quite recently taken Meridien still undergoing refurbishment.We booked Royal Club room included 2 way airport transfers. We met airport promptly driven hotel.The driver charming offered us bottles water well commentary approached central delhi. On arrival checked quickly courteously royal club desk taken straight room.The room biggest stayed nicely furnished mood lighting,plasma tv mini bar( soft drinks one bottle kingfisher beer).There bottle wine bowl fruit room arrival( fruit wasnt changed though meant throw apples didnt eat 4 days......in meridien hotels fruit changed daily eaten).The room serviced twice daily even bathrobes( skimpy) changed daily.The club lounge comfortable little dark windows centre hotel. Breakfast excellent served 7am 10am ( 11am sundays).High tea served 3pm 5pm...this consisted selection hot cold snacks different everyday.Unfortunately, made mistake eating canape mayonnaise day left subsequently developed severe case ' delhi belly' made ill, beware.Between 6pm 8pm alcohol served also snacks, either vegetarian non vegetarian. They delicious changed evening.The club lounge staff charming though one two sometimes interested watching cricket surfing internet serving.Our real complaint lounge often busy loud business people conducting business. We appreciated business lounge provided club guests place comfort away main hotel. The last thing wanted loud business people conducting meetings phone person.We ate La Brassiere restaurant times....this good reasonable. Henri's bar also pleasant spot drink great views 20th floor.However, also closed 2 days due meetings held there.The pool area located 4th floor. This disappointing.The biggest problem concrete surrounding pool covered bird droppings least 20 pigeons bathing drinking pool decided go sun swim. Needless say didnt venture in.We mention one sales marketing team came speak us one evening club lounge. He explained pool area yet refurbished........this reason keeping clean!The well situated Connaught place sights New Old Delhi. There auotrickshaws taxis abundance try ' rip '. One rickshaw driver even told us norm overcharge tourists.We hired car driver via Expedia definitely best way see Delhi.I would recommend staying location good long expecting standards say Dubai, London Bangkok.Just things.........in addition room rate 12.5% luxury tax also charged another 5% 12.5% room rate.( least think thats meant bill)...we couldnt quite figure honest ill departed could even bothered ask.Also, charged tax food drinks base price menu price pay,. This quite shock arent prepared it. Fortunately were.",0.15275177144580124,0.5213312226745064,Jun 17 2007
83,83,"Surprisingly nice....... When business partner suggested stay Le Meridien 2 nights last week, I thrilled. I never stayed lived Delhi late 90s, I frequented public areas restaurants impressed. My first surprise see Le Meridien group part Starwood Hotels. As Starwood Preferred Guest, I ushered special desk checked quickly. The room next surprise. In place usual carpet retains flavours - pleasant unpleasant - previous six guests, wooden floor. LCD TV wall, nice appointments round extremely pleasant bathroom shower mounted directly overhead well &quot;telephone&quot; type shower. Climate control excellent could carried bedside console. Breakfast varied extensive nice light supper departing airport rounded stay. I asked late checkout till 8 pm. Again, I pleasantly surprised told would charge I stayed till 6 pm (most generous) half day charge till 8 pm. I readily accepted allowed shower change clothes heading airport. The one downside stay checkout - clerk handling made several mistakes slow. Coupled great location, I would return Le Meridien, New Delhi next time.",0.22265215176979883,0.5218423733129615,Jun 13 2007
84,84,"Fantastic We stayed 9 nights Le Club room. The amazing, clean, modern pretty good location (10 minute stroll Connaught place). The staff attentive small problem seen director absolutely everything keep us happy. Surely sign good well rectify problems... Le Med 100% brilliant.We ate restaurants couple times following late arrivals trips found food varied, well cooked presented pricey...certainly compared European prices.The pool area nice respite hustle bustle City life enjoys stunning views. Beds towels provided.The rooms well sized mood lighting, large wall mounted plasma t.v, mini bar, climate control, safe super bathroom waterfall shower.All thouroughly recommend rates one best stayed ( we've stayed hundreds!!!!)",0.3758385093167702,0.6432229123533472,May 30 2007
85,85,"Bad Decor Great Location After less satisfying stay Hotel Nikko, I decided end trip India conveniently located hotel. The Le Meridien perfect. It easy walk Connaught Pl, Cottage Industries, Presidential Residence, Central Museum. Plus, beggars hawkers (as must expected), overwhelming. I felt safe.The large rooms breakfast I decent. Also, I ate Indian restaurant enjoyed it. My beef joint decor weird alienating. Too weirdly modern. Still, I would stay again.",0.1311528822055138,0.6082706766917293,Apr 5 2007
86,86,"Better expected Having read negative reviews, I prepared disappointed but, fact, Meridien nice hotel. The rooms large well appointed, restaurants good location excellent. Particularly liked excellent showers plasma screen tvs. Didn't much care mood lighting small point. I would recommend Meridien anyone going Delhi.",0.2995238095238096,0.6232142857142857,Mar 14 2007
87,87,"5* luxury! After completing tour India spent last night hotel. It great comfortable bed, hot power shower good quality food. The usual Meridien corporate fixtures fittings see Meridien world over! But spending time touring India perfect relax flying back UK!The also excellent location New Delhi, close major sites.",0.3076048951048951,0.49009324009324007,Jan 26 2007
88,88,Really nice! I surprised comments left. Yes Merdian bit pricey really nice rooms clean. The service excellent. The buffet breakfast included stay really great! A lot choose from. The staff extremely helpful buzzing people time. It walking minutes central shopping areas. I stayed 5 days loved it. It comfortable stay indeed!,0.4446969696969697,0.7454545454545454,Jan 23 2007
89,89,"It OK one night stay I feel compelled write review simply I stayed one night November 2006 despite recent negative reviews. I'm particularly fussy traveller high expectations based reviews.Was met driver Delhi airport. He try persuade go shopping I got hotel, simple &quot;no thank you&quot; enough. He polite talkative.Selected Club level room. The room fine - nothing particularly special comfortable certainly large enough. Bathroom unappealing enjoyed rain shower. Toiletries standard. My main gripe I could hear loud music room quite late I trying get much needed sleep. The Club breakfast fine, good service. I'm picky eater I found enough filling breakfast.I found staff overall quite pleasant. The lobby really taste I think overall lacked certain atmosphere. It luxury retreat hustle bustle Delhi although I really expecting this.I say quite unremarkable given price poor value money. However, served purpose one night. The best thing I could say bad previous reviews suggest. I return even though nothing particularly bad hotel. I stayed due Starwood promotion otherwise I think better options Delhi around price.",0.11089598997493735,0.43655388471177925,Dec 14 2006
90,90,"Excellent Brilliant hotel, modern first class facilities. Staff friendly helpful. Great rooms fabulous food. The spa area particularly good - would highly recommend",0.5441666666666668,0.6859259259259258,Dec 1 2006
91,91,"First good news Iâve stewing since last stay November 2005.Iâll start saying Iâve stayed Le Meridien New Delhi twice overall happy stays. The rooms nice bit cold âpost modernâ way. I stayed club floor I like beds, bathroom nice mood light thing head bed.The lobby restaurant good far lobby restaurants go Chinese restaurant outstanding. The snacks club lounge nothing special service friendly good staff hotel. Here big but. On departure car took airport uniformed Le Meridien driver. Before driveway (not subtlety) started hitting money. Iâm stranger 3rd world countries traveled routinely last 25 years took detour dark street show horrible apartment I got really concerned. After I refused get car finally relented took airport. Once I handed sizeable tip (happy getting away) apparently enough followed right terminal doors starched white suit all.I sent Le Meridien e-mails incident I never got reply. I Delhi next month time Taj.",0.1851699899427172,0.5062464471555381,Oct 4 2006
92,92,"Dissappointing We booked two rooms four nights. We overcharged rooms rate quoted time booking.Then later charged us stating rate given time checking single occupancy two us stating room.Well four people standing front amply clear going two people staying room!The breakfast nothing talk about, say food general.This text book case can't make good good location, modern rooms newly renovated lobby. The people manage makes great.Overall attituted staff uninterested right ignorant arrogant.",0.21773579955398137,0.3637970615243342,Oct 1 2006
93,93,"Average Nice hotel. However, USD300/night club room, value money. The brekkie club floor much crow about. The room quite nice though, although design tad modern liking. The flooring could carpeted better effect.",0.22142857142857145,0.5285714285714286,Sep 29 2006
94,94,"Worst Le meridian Iâve stayed at. Depressing, gloomy, dirty. We stayed 3 nights awful. I wouldnât stay ever again, honest I donât think Iâll ever go Delhi ever either.",-0.52,0.9200000000000002,Sep 23 2006
95,95,"Worst Value Delhi Where begin? I booked $170 club level, non-smoking room. When I arrived, I informed non-smoking club level rooms available. So I placed regular room ... club level price. No negotiation.Then construction. Currently, undergoing renovation, construction lasts 9 9:30 depending upon ask. Regardless, like listening drill hammers 9:30 night, you. When I complained, staff offered move room earshot construction. When I complained duty manager, manager, I received reply. Customer comfort important staff here.Finally, I appalled find gym smaller room. Three running machines, exercise bike, weight set. That's it. Oh, pool closed.STAY SOMEWHERE ELSE! I visited 29 countries, worst so-called &quot;luxury hotel&quot; experience I ever had. THE WORST.",-0.38181818181818183,0.6160839160839161,Aug 18 2006
96,96,"Freezing! We booked stay one 2 bedroom suites - brother, wife, wife I - USD750per night (brekkie included) extremely average - huge! straight 80's. Was also cold!! - heating. When I asked reception manager claimed none 5 star hotels New Delhi centrally heated - I found surprising! In case complaining disappointed moved us recently renovated wing two separate suites - nice club suites indeed - plasma screens, polished floorboards, sep lounge, huge bathroom. But heating! - reason rooms seemed warmer - I figured probably side got sun! - give us couple small electric heaters!The bathroom - first shower wife drain got clogged I call maintenance!Overall - quite disappointed given paying!!",0.02884740259740261,0.6027056277056276,Jul 9 2006
97,97,"little stark nice spent two nights Le Mer, New Delhi, away five days back two nights. Lobby stark, simplistic, New Age. rooms spartan, nice: hardwood floors, shimmery tile baths, sparse furniture, good electronic outputs/inputs (42 inch flat screen TV World Cup games !!) breakfast buffet (in fact meals 24-hour coffee shop) nice. little NON-western....where's crisp bacon ? ... excellent service variety. staff superb. burnt light bulb....called downstairs, replaced 10 minutes.",0.25308761961722487,0.5910925039872407,Jun 14 2006
98,98,"Excellent hotel! This modern, comfortable large hotel. It well situated. The lobby huge, contemporary, always busy. The rooms well designed, mod cons. The service excellent. The breakfast fine - amazing.The Indian restaurant absolutely brilliant. Much, much better ridiculously touristic, priced, hugely rated Sehraton's Bukhara. And much cheaper, too!We loved light wooden floors, comfy slippers, central control console next bed, large plasma TV well equipped mini bar. There bath yub, shower, nice one! One complaint would be, ws possible change room temperature, which, albeit airconditioned, cool like it. Having said - quite pleasant. Thr Business Club nicely done dark liking. Some lights would nice.If like character old world feel, price issue, choose Oriental. If like contemporary &quot;business like&quot; - choose Le Meridien.",0.3182900432900433,0.5547619047619048,Apr 30 2006
99,99,Great stay,0.8,0.75,Mar 18 2006
100,100,Fantastic,0.4,0.9,Mar 4 2006
101,101,Distinctly average,-0.15,0.39999999999999997,Feb 9 2006
102,102,Pretty Good,0.475,0.8,Jan 7 2006
103,103,Luxury price,0.0,0.0,Nov 21 2005
104,104,Have get renovated room,0.0,0.0,Sep 30 2005
105,105,fine,0.4166666666666667,0.5,May 29 2005
106,106,Wasn't Impressed,1.0,1.0,Mar 28 2005
107,107,Good location good,0.7,0.6000000000000001,Feb 26 2005
108,108,Top notch,0.5,0.5,Dec 2 2004
