,Unnamed: 0,Reviews,polarity,subject,Dates_extracted
0,0,Very nice quaint This nicely maintained conveniently located guest house...the biryani butter chicken rocks....,0.32,0.9833333333333334,Jun 15 2009
1,1,Okay that's al Okay I arrived seem booking negotiate I thought already had. Be careful.,0.3,0.6666666666666666,Apr 26 2009
2,2,"There's better available Cheaper I stayed 3 days business trip. It definitely well located near Mathura Road, however, that's positives place ends. The forst shock seeing place charging Rs. 4,500 / per night. As all, reason refused accept card payments (this may temporary problem, fairness). There alcohol available place, waiter get one Order commission. The food room service terrible. Rooms decently hygenic really clean one would prefer. Staff helpful commercial services asked for, courtsey another matter altogether. My conclusion money, I know better places. Avoid.",0.08833333333333332,0.5066666666666666,Apr 16 2009
3,3,"Terrible! We travelled Delhi Rajasthan Goa &amp; back Delhi taken look around first visit Delhi. We'd shown large clean room high standard decor &amp; marble bathroom...but occasion stay managed negotiate even better deal (the normally twice price) Jukaso Inn road. We decided 'treat ourselves' last night world trip booked Maharani Goa via email &amp; exchanged 3 emails confirming booking &amp; giving flight arrival times. When arrived 7pm (the time indicated) told arrived late full! They also denied received emails despite replied them. We pleased leaving 4am following morning. The manager said would see could &amp; left sitting lobby half hour avoided gaze &amp; dealt enquires. We asked going &amp; said waiting guest leave late check out. After another half hour &amp; update transpired guest restuarant wife &amp; due back 11pm. When (quite angrily stage) said would wait 11pm said would find us &quot;nice room another sister hotel&quot;. I've travelled India many times know never accept offer! The sister usually poor standard yet they'll try charge rate. After another hour arguing arrogant man, finally flipped &amp; resorted pretending important organisation &amp; saying disappointed treatment &amp; organisation would use again. His attitude changed immediately &amp; suddenly room available. Unbelievable.HOWEVER...the room right top hotel, small shabby disgusting bathroom hole bath. We tried complain manager made hasty retreat home point &amp; tired argue more.So still charged Â£50 (which LOT money India) terrible room &amp; terrible service. Unfortunately pretty standard experience India. The also offered pick us airport 850RPS. We declined &amp; took police-approved prepaid taxi 150RPS little booth airport. You mind charging little bit more...but 700RPS more??So - DON'T STAY HERE! If budget stay Jukaso Inn negotiate good deal. If budget struggling Delhi place find good, clean, cheap rooms.",-0.019743480725623586,0.521051182377713,Mar 20 2008
4,4,"Not good second time.... I returned Maharani Guest House 3 nights stayed January 2006. At time I posted positive review TripAdvisor. Upon return Maharani I found tariff increased considerably (now $75.00 + 12.5% tax single room). The desk clerk recognized asked manager (who also recognized me) offer lower tariff I paid 2006. The manager quickly dismissed request. Neither realized I understood Hindi. I felt reason barter price since visit planned last minute previous stay good.I given small room back hotel. It could accessed lift stairs lobby. The carpet room disgustingly dirty walls desperate need fresh coat paint. The bathroom clean hot water adequate.There writing desk already cramped room I pulled open drawer locate room service menu, greeted rather large cockroach. I never seen roaches one I discovered room, I admit made rather uncomfortable stay. I asked change rooms told possible full.The service still bit creepy, housekeepers lurking around door waiting tip afternoon desk clerk still bit condescending. The food good prices changed. The location great I cannot recommend last stay. There plenty hotels New Delhi better value money.",0.06213667285095857,0.5567091836734693,Jan 25 2008
5,5,"Not good... After spending days Indian Islamic Cultural Center Crowne Plaza, went around Sundar Nagar find place stay day go airport. The Jukasso Inn really nice also expensive. We also went La Sagrita I like there. In end, decided stay Maharani Guest House. The room old smells like chemicals. It look clean too. I must however say location really nice. However, I enjoyed Lodhi area better peaceful restaurant Indian Habitat Center best!If hired car driver, I suggest go find another place.",0.20512820512820512,0.5007692307692307,Jul 10 2007
6,6,"Good value money great location Stayed months ago found good value money. The location attractive central. Rooms clean comfortable. People expecting amenities 5 star dissapointed...note quaint guesthouse, serves purpose good nights sleep small snacks. Will recommend place stay again.",0.4216666666666667,0.5800000000000001,Jun 14 2007
7,7,"Decent We stayed 3 nights Feb 2007. Decent place price ($70). The location Sundar Nagar excellent close India Gate. But I recommend hiring taxi day (about Rs 1200) Indian cities great walking, traffic, dust fumes bit overwhelming taste.The rooms large (we Double rooms) bathrooms large/sufficiently clean.Be careful breakfast. I recommend masala omlette rather fixed breakfast menu. Avoid Orange juice go well boiled coffee.For first time travelled, I also discourage staying Pahar Ganj, Karol Bagh old Delhi areas. Stay New Delhi suprisingly clean beautiful.Given lack decent hotels New Delhi $100, I think Maharani good choice. They also arranged car trip airport (Rs 400). We arranged day taxis Kumar Travels listed Lonely Planet.The many people staff expect tip. When asked towel 1am, TWO people arrived one towel expected tip ! On way out, I counted 10 people helping us load bags taxi. I simply paid Rs 100 front desk keep everyone happy.",0.24689911537737624,0.5903538490495012,Feb 21 2007
8,8,"Do Not Stay At This Place! We stayed three nights Delhi would never stay again. We arranged airport pickup driver took us scam diversion &quot;travel office&quot; urged pay MORE money even though already paid credit card. After long diversion, finally arrived room find bathroom clean--no need go details I'll say used arrival. The next morning got 5:00 catch train Agra almost fell staff sleeping hallway. It bery clear staff sleeps lined hallway every night. Enough said, DO NOT stay here!",0.09166666666666667,0.46388888888888885,Feb 10 2007
9,9,dump! thought dive. really really rated priced 50% least. little money find lot better dump.,0.14250000000000002,0.42000000000000004,Mar 19 2006
