,Unnamed: 0,Reviews,polarity,subject,Dates_extracted
0,0,"Decent Hotel I Â´t know whether disliked Hotel hadnÂ´t another Place? Surely, picture front doesnÂ´t indicate squeezed buildings, pictures show definitely suncourt yatri. The Hotel bad , especially comparison Hotels upcountry. About value, canÂ´t say much, price included tour.",0.08518518518518518,0.5858024691358025,Nov 14 2009
1,1,Nice enough good value The clean enough staff friendly. Breakfast roof probably best part. We booked room notified would arriving 2:00am (not ideal). We haggle price rooms kept changing minds. It however relief see car waiting us airport find clean staff friendly. Our a/c unit conced first night never worked big problem. On whole staff good value rating low.,0.2288888888888889,0.5355555555555557,Nov 8 2009
2,2,"Keep away Suncourt Yatri pretty foul - look like photos. Our first room barred window main floor behind desk. There musty smell could smell smoke throughout night people smoke rooms also corridor help kitchen basement. The staff desk incompetent. My brother called 5 times day arrive despite giving name tour group ( tour operators gives front desk names people tour advance) told person expected day. After two nights left tour group arrive back last day. This time given room fourth floor. This better first room least window look . However, room smoky smell run fan night. The people front desk helpful ready rip off. We tried arrange taxi visit friends 10 km ride. We told friends taxi charge 100-150 rupees. However, front desk told us would cost 400 rupees refused consider anything less. We left luggage hailed taxi charged us 250 rupees. Hence, poor devious staff I would recommend",0.015000000000000003,0.3449999999999999,Feb 22 2009
3,3,"Nothing special look elsewhere possible I booked Sun City ended since apparently (that's told me) related businesses. I found front staff bad hotel, actually ok, rooms really crash hot considering much I paid internet real price probably least half.",0.012728937728937746,0.459981684981685,Nov 16 2007
4,4,"would highly recommend hotel! I stayed Hotel Sun Court Yatri two nights October 2007. I nervous choosing listed 2.5 stars, I told never stay 3 stars India. When I arrived I realized I nothing worry - least 3 stars, much nicer many 3 star hotels I stayed India. My room good size clean. The shower hot water (something I didnât every I stayed India). The room TV internet access available free business center. The staff friendly. I offered free breakfast. The restaurant good breakfast dinner. The location seemed fine - although I didnât much walking around neighborhood. I took rickshaws taxis places I wanted go. The Hotel Sun Court Yatri approximately 45 minute drive international airport price taxi airport less $10. I would definitely stay again. The drawback price. I probably could gotten much less expensive Delhi ok. However, youâre overly concerned price (and price incredibly reasonable compared hotels U.S. European city) &amp; youâre looking clean, safe &amp; comfortable friendly staff I would highly recommend Hotel Sun Court Yatri, also owner Mr. Shubh Taneja helping give us lots tips city thatâs help lot.",0.19997395833333334,0.5132291666666666,Nov 4 2007
5,5,"Shocking Hotel Avoid costs.Service terrible. Rooms dirty &amp; noisy. A/c work many rooms. Rooms tatty, Bathrooms filthy smelly.Fire detection system/smoke detectors two rooms removed.Reception staff rude &amp; ill trained. I show process credit card.Hotel quote one price rip check adding charges &amp; taxes exist.Rooms badly constructed, I could see room nextdoor &amp; hear everything though gap wall could get hand through.Bare electrical cables bedroom.DO NOT STAY HERE!",-0.4861111111111111,0.762962962962963,Jul 12 2007
6,6,"Do book here. I booked 5 rooms two weeks advance - confirmed via email twice, positive. I also called week arrival. My group arrived 4pm day reservation, told I never confirmed reservation. After I showed manager two emails property, said still rooms us. No apology offered.If book hotel, risk - hesitate lie you.",0.20545454545454547,0.909090909090909,May 17 2007
7,7,"Awful Terrible Horrible We email confirmation 5 rooms, arrived desk clerk said not. We showed email he, written matter. There rooms. This turned lucky us toured rooms place pretty gross. Ganesha corner found excellent, clean place stay next door. The Suncourt definately one avoid.",-0.10555555555555553,0.7444444444444445,May 17 2007
8,8,"decent place helpful friendly staff After bad experience first night Delhi I wandered around neighborhood found Yatri. It basic clean friendly, helpful staff. It bit noisy every place I stayed India. They room reasonable size 2 people small refrigerator. I paid $50 US.",0.04483333333333335,0.5066666666666666,Mar 9 2007
9,9,"realy pretty foul realy pretty foul,doesnt go photos,small congested rooms,you cant move freely,in toilet thin person sit move,average cleaness,too costly.",0.01333333333333333,0.77,Jan 14 2007
10,10,Pretty foul Suncourt Yatri pretty foul - look like photos. Our room window opened aircon vent looked like last cleaned 1974. rooms noisy expect good night's sleep. Staff helpful friendly.,0.29583333333333334,0.5777777777777778,Sep 1 2006
11,11,TrÃ¨s propre un bon service,0.0,0.0,Jan 5 2008
