,Unnamed: 0,Reviews,polarity,subject,Dates_extracted
0,0,economical rooms The property convenient stay smooth. Room clean service perfect. I take meal morning breakfast hygienic tasteful. Thought took dinner &amp; great . Location also decent one. I definitely visit whenever I planned come back again.,0.3592592592592592,0.5907407407407408,0.5907407407407408
1,1,"France love India This first visit India. One friend suggested take stay hotel.I booked suit room internet. Hotel arranged complimentary airport pickup me. They gave classy service,the room neat clean,mini bar things needed,the restaurant good food awesome. The interior room really good gave positive attitude. The staff well trained gave good service. I also enjoyed internet service drawback location i.e. karol bagh area crowded. Despite drawbacks area really enjoyed stay.I would like thank staff cooperating giving good service special thanks goes especially front office charging printouts taken computer.",0.4096897546897547,0.6294564694564694,0.6294564694564694
2,2,HotelNanakRocks The property convenient stay smooth. Room clean service perfect. I take meal morning breakfast hygienic tasteful. Location also decent one. I definitely visit whenever I planned come back again.,0.30476190476190473,0.5238095238095238,0.5238095238095238
3,3,I Love Delhi I enjoyed stay Sri Nanak Delhi . Many thanks owners Sandeep &amp; Karan took personal care us . I arrived early I given room. The service excellent food average. Will definately stay I visit Delhi . Also I recommend friends book directly . Hotel nice website book online directly.,0.31363636363636366,0.5272727272727272,Nov 26 2009
4,4,godloveshuman A Perfect business traveler located ideal central area accessible anywhere city hour . Overall set excellent counter staff courteous helpful. much times feel unnecessarily taking advantage nature want experience Royal feeling staff wants experience. It perfect stay.Kamal Bhagat,0.4431818181818182,0.6204545454545455,Nov 26 2009
5,5,"TheGamePlay The room good modern outfit. Though room spacious, made modern amenities good lighting. The front office also cordial well staffed. The restaurant good. The food upto standard. The bath room good . House keeping made sure small things refilled everyday !",0.26173076923076927,0.47753561253561255,Nov 25 2009
6,6,"What see get good! As female travelling alone, I found neighborhood little destitute, perfect price around corner bustling activity, shops, traffic typical Delhi hustle bustle. The staff eager help warm friendly. The room spacious; drawback shower separate stall water sprays floor bathroom. All all, good value, clean, lots little packages necessities. I would recommend decent budget hotel.",0.31012820512820516,0.6171794871794872,Nov 21 2009
7,7,The Hospitality service best. A Perfect business traveler located ideal central area accessible anywhere city hour . Overall set excellent counter staff courteous helpful. much times feel unnecessarily taking advantage nature want experience Royal feeling staff wants experience. It perfect stay .,0.4895833333333333,0.59375,Oct 29 2009
8,8,Good value good location This situated market. Good area stay local indian area hassle free. Good shopping close by. Small friendly. Staff helpful.,0.4156249999999999,0.5125000000000001,Oct 24 2009
9,9,"Cheap really clean The cheap, located area lot garages car trading activities. We upgraded free - room upgraded even window! Sheets towels partly dirty - cosy place stay.The personell friendly tough, instantly given another room asking. All really recommendable hotel, expected something like that.",0.04152777777777781,0.645,Oct 21 2009
10,10,Room fabulous facilities. Staff active good smile face Room fabulous facilities. Staff active good smile face. Breakfast excellent taste. Hotel centrally located main city. It worth money charged.,0.3333333333333333,0.523611111111111,Oct 16 2009
11,11,This centrally located main city This centrally located main city. Our room well organised amenities. Staff members willing help us anytime. Also breakfast tasty served well waiter restaurant.,0.13055555555555554,0.3694444444444444,Oct 16 2009
12,12,Value money This centrally located main city. Rooms well organised amenities. Staff members willing help us anytime. Also breakfast tasty served well waiter restaurant.,0.15416666666666667,0.4083333333333333,Oct 12 2009
13,13,"quite happy Hotel centrally located main city. Our room wonderful, room service managed things well. The food quality mark. This definitely good choice.",0.5333333333333334,0.6366666666666666,Oct 11 2009
14,14,"Worst place stay I forced stay coming Manali small 4 year old child 6.30 am.I checked hotel.The room rents far high amenities.The bed placed carpet cleaned last one year.The staff must rank unfriendly rude I encountered.They insisted pay cash pay 2% I payed card.They insisted I pay checking 6.30 morning.Hioweevr fight would reluctently agree charge anything extra.If wanted extra tea bag , I fight it.",-0.06076923076923077,0.5005128205128204,Oct 1 2009
15,15,"Average Average busy Carol Bagh area.Not much describe except cant find another 3 star Delhi city value.The restaurant great food OK.Overall, advisable dont option except stay Carol Bagh....Which ofcourse street shoppers paradise.",0.09642857142857143,0.48928571428571427,Sep 29 2009
16,16,"Loved hospitality I parents Feb 3, 09 - Feb 7, 09. We travelled Fiji Islands.The fantastic thing hospitality. The staff, even management helpful. We ran emergency I amazed way helped out, especially management. Another great thing liked location. It right middle Karol Bagh accessible main shopping areas. We really enjoyed stay here.",0.3933982683982684,0.6085497835497835,Sep 6 2009
17,17,enjoyed Sri Nanak definitely one best 3 star properties Delhi. The room &amp; food excellent. It perfect stay.,0.7,0.7,Aug 31 2009
18,18,"nice stay The perfect stay Delhi We received warm welcome management. We given nice room. The room spacious well furnished. In fact, thankful management upgraded room without extra cost. The bathrooms clean . There bath tub, also separate shower panels enjoyed most. We also given complimentary soft beverages free laundry service. The restaurants served delicious food. I would certainly recommend travelers Delhi .",0.5193537414965986,0.7093877551020408,Aug 29 2009
19,19,"Better stay away Sri Nanak Continental situated rather shabby neighbourhood New Delhi.We stayed four different hotels trip, Sri Nanak far worst.We booked &quot;luxury room&quot;.- The room feature safe (which said included).- The A/C old noisy, possible leave removing room key go out, making room hot outside (+40 c).The staff tried scam us asked taxi local market. It couple blocks away, wanted Rs. 1500 (!!). When declined offer left, hurried back us offered four hour sightseeing rp.800 (which still pretty expensive).We went see parts India, left five days. We asked check get refund period. The staff declined refund, wanted us badly check out. We check out, needed room storage. So, meantime, checked in, staff removed belongings room unplugged refridgerator. When got back, ask staff get stuff back. They likely rented room gone. Very unprofessional!Positive remarks:- The gave us free airport pick up.- They gave us three hour free internet access.- Liqour shop situated next hotel.- The food restaurant (other continental breakfast) OK.Note:The internet must authenticated web frontend. This page work Opera Mini standard Nokia web browser.Summary:Unprofessional dubious staff. Stay away hotel.",0.09237012987012987,0.43825757575757585,Aug 29 2009
20,20,"Pretty poor might ok value money. Me friends stayed visiting India recently impressions:Rooms: Size somewhat small, opinion really bad. The main room seemed clean enough, bathroom disaster. A dirty floor, somewhat smelly, stains toilet (not excrements, kind get never clean it). Towels bedsheets clean.Hygene supplies like soap, shampoo, shaver, shower scrub tooth brush/paste included, empty/used ones always replaced unless asked it.Air Condition machines noisy worked ok.Staff: Rather unfriendly service-minded. They also seemed helpless came things daily routine. For example, cheking out, insisted card declined. When I looked display card reader said &quot;check phone no&quot;. I told probably card problem, connection problem, yet insisted card work demanded I go get cash. After nagging, I got wiggle bit phone connector, hey presto, worked.As usual, checking out, fight staff roll suitcase three meters room lift. If get they'll also cram together luggage already small elevator, matter much tell yourself. Totally unnecessary opinion. No tip!When asked taxi 8 km ride wanted 1500 rupees. We turned back leave, suddenly got better (not good, better) deal. (Four hours free driving 800 rs) Dissapointing first tried hustle us like that.The two friends I traveled prepaid room, went unplanned trip told staff would leave days. As friends could get refund (the staff even want try, repeated &quot;not refundable agreement&quot;) friends check small trip. When came back, belongings removed room. Though got back, seems room rented meantime.Food: The best thing hotel. The restaurant great Indian dishes. But stay away continental breakfast!Internet: Provided wifi, unfortunately user authorized somewhat dodgy web solution work browsers, might able use smart phone.",0.06976190476190476,0.4960839598997494,Aug 22 2009
21,21,"Poor organization I went India wife sightseen, country many things see Taj Mahal defenitively best seven wonders. We hosted Hotel Sri Nanak Continental point view weak organization.We next problems due poor organization1.- I requested pick service airport, waiting 30 minutes, taxi never arrives, finally decided go ourself hotel.2.- Even though questionaire feed back problems infrastructure service, seem didnt read it, air conditioner noisy, almost impossible sleep, temperature summer 40Â°C obviously necessary3.- Room cleaning drastically improved.4.- We bought 3 days-tour Agra Jaipur travel desk hotel, I explained due using room 2 nights I must pay this, responsible explained policy I pay 2 nights additional Agra Jaipur. 5.- The street noisy rooms designed quiet enviroment.I recommend look different option, better hotels Delhi price.",0.025416666666666678,0.4354166666666666,Aug 13 2009
22,22,"Horrible horrible place-will stay ever again! My husband I stayed one night. My husband booked place shown top value Trip advisor! location great. main problem. arrived long flight, staff rude extremely lazy.. hey took half hour check us service really really bad. finally taken room. It extremely small. Although provided big collection supplies bathroom etc. I impressed LCD TV bcos overally looked quite horrible! The bathroom worst. It smelt cigarettes I sure actually cleaned bathrooms arrived. Five minutes checked hotel, asked come reception passports. As planning go watch movie, husband I went downstairs. We met two police officers civil clothes. They started asking us many questions work etc. We questioned good ten minutes. They became nice us found husband I working apologised us. When asked wanted question us told us arountine checking indian independance day coming soon, guests rooms originally south asian country! I quite angry, even thought police officers eventually nice us. idea wanted check us quite suspicious police officers come check us spoke mother tongue often used north india.. made us even angrier front office staff even apologise us even explain questioned.. My husband I stayed many places go holidays month worst I stayed in.. My husband I actually argguement I complaining whole evening :).. I idea shown top value trip advisor many many nicer hotels. I stay I recommend anyone!!",0.05251827485380117,0.624327485380117,Jul 20 2009
23,23,small convenient Small neat.. good stay going shopping area delhi,0.06666666666666665,0.46666666666666673,Jun 14 2009
24,24,"Nice experience.... The &amp; services much helpfull I first time visitor Delhi. I felt easy move see various places around Delhi. They good trip assistance, loyal drivers cab took Haridwar+ Rishikesh+ Tajmahal.Rooms &amp; Services satisfactory.",0.41666666666666663,0.6723809523809524,May 27 2009
25,25,"AVOID !!! DON'T STAY AT THIS HOTEL The room small unpleasent. Very DIRTY. Unable sleep due loud noise street till 4 am. No hot water bathroom. On arrival told breakfast included, checkout charged 600 rhp breakfast. The breakfast poor, service poor well. The train station 10 minutes walk, unpleasant area. The location faraway tourists' attraction, area look safe evening time. The A/C noisy, hardly worked, room hot.It worst India. I would stay again. I NOT recommend hotel. It bad experience. I understand review.",-0.3301111111111111,0.663888888888889,May 20 2009
26,26,"Overall stay unpleasant though staff nice. I stayed one night left quickly next morning tour bit Delhi catch train Agra afternoon. The rooms ok, clean. My towels dirty phone work, I move rooms right away. I can't say much location I explore much, busy narrow street filled mopeds, fruit stands, liveliness. Wouldn't recommend walking around solo dusk 2 more, probably ok. FYI -Breakfast included since I booked online. I would stay recommend hotel.Additionally - When I arrived, I coordinated car next day bit ordeal, worked fine. Just beware 80 kilometer limit, I exceeded easily (they charge 7 rupees additional kilometer - I actually think terrible, like go limit.) Also, driver tried tack extra 20 dropping back something, even though I arranged end day train station. That annoying obviously well communicated.",0.05742935635792778,0.4766967556253271,May 3 2009
27,27,"brilliant service short stay would fully recommend anyone. The train station near middle vibrant area. The service good, Bunty taxi driver great helpful . Food good definately stay again. For good quality cheap would stay here.",0.4651515151515152,0.5512121212121213,Mar 12 2009
28,28,"nice family run I business traveler often come new delhi . I booked via travel agent turned decent choice . They nice , clean rooms facilities . Also rooftof restaurant serves delicious chicken items . The travel desk &amp; staff also prompt .",0.3021885521885522,0.7301346801346802,Feb 9 2009
29,29,"Unlikely go back For me, getting good nights sleep good washing facilities important reasons staying hotel. Sadly failed counts. The room tiny old style A.C. unit allowed outside noise come through, making impossible sleep. The shower poor water flow, enough decent wash. And arrive early, like did, charge extra night. If want stay night go without wash, guest. Definitely us again.",-0.0011111111111111213,0.5053703703703705,Feb 5 2009
30,30,"Much More Expected We old couple wanted neat room &amp; secure place stay. After spending numerous hours searching internet decided stay Sri Nanak. There endless options internet realize difference arrive .We booked directly get good deal, reply prompt . We stayed executive room newly renovated rooms &amp; later upgraded us suite room since empty rooms nice gesture. It nice LCD TV clean white linen uncommon hotels delhi price bracket. Rooms things expect 4 * hotel. We satisfied staff helped us times. Also travel desk went day agra tour * delhi local tour went perfect. Overall would like recommend travelers I like sharing opinion others benefit.Also Wi-Fi Service fast &amp; best part free. They also desktop machines case laptop . &quot;&quot;",0.28992121212121214,0.5527818181818183,Jan 12 2009
31,31,"Family Traveller44 This first visit New Delhi, I always book Travel Agent time I book internet. As I seen many reviews trip-advisor decide stay &amp; book room website. I requested give discount refuse give discount offer Free Airport pickup complimentary breakfast. So finally decide book hotel. The arranged nice luxury car pickup family I coming Singapore late night. The located crowded area Karol Bagh feel safe stay. Hotel Sri Nanak nice, clean &amp; comfortable daughter particular cleanliness bathroom happy shower panel bathroom 6 nozzles never expected kind hotels. The room small facilities never think small luxury I stayed many hotels India. I recommend family travelers stay atmosphere looks like home.",0.25212842712842715,0.6236291486291486,Jan 11 2009
32,32,"Very Noisy Overpriced Stayed night. The room noisy 2 reasons:1. A/C rumbling like explode. Had switch eventually I got really worried. 2. There night-long celebration chanting/singing street outside (not Hotel's fault, still makes difficult sleep).Free wireless internet good. They also give free newspapers I expect budget hotel. Hotel staff also reasonably helpful. While complaints apart noise, overall service spectacular either merit price charging for.",0.11000000000000001,0.475,Dec 30 2008
33,33,"Mediocre Manageable Our room incredibly small, bit dingy. Staff nice, though, breakfasts good. The &quot;aloo parata&quot; best India.",0.30999999999999994,0.6599999999999999,Dec 29 2008
34,34,"Exellent experience &quot; We stayed 7 nights . I must say really hard woking people . The staff really helpful times . manager flexible late checkout time , ready pay charge . But denied . also food , rooms service good . The wa travel desk offer good price . The Local Sightseeing also good one covering parts ot delhi . I would reccoamnde &quot;",0.26479166666666665,0.4777083333333334,Dec 16 2008
35,35,We enjoyed Hotel much We enjoyed much . Its nice family run Sandeep &amp; Karan .The nice &amp; Clean . Very near connaught places heart Delhi . We stayed 3 night really liked stay hotel.,0.44458333333333333,0.7100000000000001,Dec 10 2008
36,36,"No problems overpriced I stayed three nights absolutely problems, price 2590 rupees simply high kind accommodation. You get similar room Cottage Yes Please 900/night (and I would done so, except Yes Please full time). The real difference service quality I think Sri Nanak left newspaper outside door every morning.The location bit noisy. There Gurudwara street broadcast prayers quite loudly certain times day evening. All around automotive-type shops lots motorbikes place really grimy, especially air. You see haze air looking street.The main reason I paid much free WiFi, I needed work. But probably other, cheaper options available.",0.11774206349206347,0.4727341269841269,Dec 9 2008
37,37,"Great stay We nice time hotel,Rooms, staff , internet , clealiness good, much enjoyed stay.",0.7475,0.8075000000000001,Dec 2 2008
38,38,"Mixed Feelings Staying Sri Nanak Continental two nights first trip Delhi, I cannot compare accomodations - get impression prices mid-range hotels somehow inflated. The good thing Hotel rather quiet location (at least Karol Bagh district). Most taxi drivers ask couple times (and may able read sign address reservation...). The room less clean, strange selection new old (well used) furniture. The rooms seem differ much, new flat screen TVs bathrooms, quite old installations.The rooftop restaurant produced surprisingly good dishes, though ordering process revealed communication problems then.The check took quite long, Minibar Taxi paid cash. The service efficient, however, wakeup call ordered taxi time. The also offers store luggage, e.g. leave round trip couple days.",0.15603305785123964,0.3603374655647383,Nov 16 2008
39,39,"Not impressed I'm afraid I say I impressed paid nearly $200 2 nights hotel.When I arrived room clean, gecko droppings bathroom, sheets dusty, half bottle previous occupant's shampoo room, kettle work remnants previous sachets coffee last occupant, replacement sachets. The milk powder sachets also 8 months past 'best before' date recommended drink date.The following day (today) I make many requests - replacement sachets coffee, new kettle and, one come clean room afternoon, I requested cleaned. This done quite reluctantly. I still received replacement coffee sachets.The staff polite good manners reception desk helpful providing maps, information shops matters.However, need improvement management domestic standards. They I would expect 3 star Hotel.If I paid $30 per night either 1 0 star, I would happy, comes frills budget category. However, far far removed advert site worth amount money I spent it.",0.0921037296037296,0.47485431235431236,Nov 8 2008
40,40,good place The worst stayed India. The staff friendly all.When asked pay euros tried cheat us calculating chage rates...The room dirty keep close bathroom door due smell...The resturant fine even service slow.,-0.3194047619047619,0.6135714285714285,Oct 1 2008
41,41,"Great budget place beware tourist operators attahced If looking good budget Nanak great choice Delhi. It's location best, especially since tucked narrow street really car-friendly. Service excellent. The staff friendly accommodating. Rooms clean bathroom shower curtains could better. The food restaurant good complaints. My complaint duration stay travel agency attached hotel. They ridiculously overpriced, drivers took us back New Delhi railway station outright impolite care fact raining want wade pool water get entrance station. All worried pay Rs. 100 A/C. On second day stay took tour Delhi driver reluctant take us many places saying crowded. It looked like traveling comfort mind.PLEASE BEWARE ABOUT THESE TOURIST OPERATORS. You would better arrange Delhi tours another travel agency. I called Mr. Karan Khandelwal promised look matter apologetic I never got call back email regarding this. Overall pleasant experience blot tourist operators. I would recommend place otherwise.",0.3073280885780886,0.5335081585081586,Sep 5 2008
42,42,"Would recommend â¦ Enroute home I dead time Delhi August 1. As I travelling two young kids, decent lodging nap shower, imperative. I booked directly contacting property email. They offered room INR 1500 8 hours, everything included except transfer. I thought INR 1500 bad deal thus consented offer. The room clean worth price. Bathroom good standard budget India, toiletries acceptable quality. Wifi ok. As far location considered, depends upon looking for. If enjoy true hustle bustle India, perfect choice â¦ congested, mainstream India salient features. But allergic crowd, hullaballoo wanted something silent calm, avoid â¦ rather avoid locality Karol Bagh altogether. The asks INR 700 taxi airport, quite unreasonable. Air-conditioned radio taxi would cost INR 450. Of course, much better alternatives. However, short, I would recommend looking something price class. A general tip: Try far practically possible, deals writing, explicitly mentioning includes doesnât. Otherwise, bitterly surprised end.",0.2514492753623188,0.5710144927536233,Aug 12 2008
43,43,"A Nice Budget Alternative First all, clear visitors talking budget alternative property luxury segment. Thus, would unreasonable irrational expect everything best. Taking rates account I would say â¦ 1. Hotel rooms adequately clean. 2. Toilet/bathroom = average3. Maharaja suit could nice option families travelling young kids tight budget. Location ideal one â¦ bad either. Conclusion: Honestly speaking Sri Nanak deserves better rating one currently holds (27).",0.29557823129251704,0.56921768707483,Jul 19 2008
44,44,"Cosy Little Hotel The Sri Nanak cozy place busy Delhi location. It's within walking distance much, feel like real Delhi.We stayed twice, different room time. The two rooms comfortable clean, one room definitely recently renovated other.On Christmas Day, treated free simple dinner restaurant upstairs.Practicalities:Free internet access computer terminal. There small grocery shops, pharmacies restaurants nearby. The staff courteous responsive needs. The also felt safe. Get detailed instructions get taxi drivers seem difficulty finding it. Overall, great price.",0.21273148148148147,0.5253968253968254,Jun 30 2008
45,45,"Comfortable Stay Though I stayed night, I found comfortable peaceful. The interior room good. The located heart city, Karol Bagh. The staff co-operative helpful. I would certainly recommend relatives friends.",0.41571428571428576,0.6585714285714285,Jun 11 2008
46,46,"Excellent Stay I stayed Hotel Sri Nanak March 08. The great, services great. The Owner sandeep great too, dinner us complimentary. The Manager helpful providing information city quite handy ! We Laptops , could browse High Speed Wi-Fi quite useful . Also carrying notebook provides free access desktops. The Food restaurant great serving excellent chicken tikka masala (I like spicy food). The food good resist! The rooms nicely decorated &amp; clean. The bathroom equipped latest amenities rooms amazing. There nicely decorated lobby basement shop too. I bought lovely pair elephants. Over stay great &amp; good deal here! If Delhi, grab room here.Happy traveling all!",0.5755303030303031,0.7454545454545454,Apr 26 2008
47,47,"clean cheap free wi-fi The offered pick airport, 800 Rupees. I arranged taxi airport 250 Rupees, took driver long time find hotel. I would recommend map give driver directions.The location minutes walk several lively street markets metro station within 10 minutes walk.The room small, basically furnished reasonably clean. The staff helpful.A good value Delhi.",0.1881542699724518,0.47272727272727266,Apr 22 2008
48,48,"Excellent location grat staff I chose Sri Nanak 2 reasons: location (it nearby place I needed go business) reviews staff. When new city always best reliable local information. My expections infact exceeded.The clean provides average service Indian standards 3 star. But people reception outstanding. They helped organize days way I managed perfectly combine busines tourism. Transport perfect, including pick airport.But special note restaurant: I enjoyable indian food; usual tourist stuff, authentic indian cuisine friendly environment.I sure come back next times I Delhi.",0.397383658008658,0.5469931457431458,Apr 20 2008
49,49,"Mixed feelings This first trip India first stay hotel. To bore resemblance lavish reviews I've read site, clean things worked. I charged 700 rupees &quot;complimentary&quot; pickup airport, I must blame I forgotten pickup supposed free. The location awful, perhaps rest Delhi like (we went airport back). There also problem online reservation payment gateway I checked total would paid twice I supposed to. I know quite rate I seen others Delhi, I certainly think deserves praise reviewers cast it.",0.048095238095238094,0.5738095238095238,Apr 14 2008
50,50,"Good occasional night's stay We spent 4 nights, 2 stays, March, different rooms. The rooms small, little storage space, clean, bed firm adequate. The air con worked noisy, fridge work. The bathroom 'wet room' take thongs/flip-flops, hot water. The staff friendly &amp; helpful. Unless already know is, taxis able find - buried 'motor-cycle repair' section bazaar. But able find gurdwara: close - gurdwara LHS, turn R 1 block, &amp; vise versa. Alternatively, arrange send car meet station airport. The dining room top floor attractive, although Indian family birthday party - good sign. Be careful food - wife dose salmonella 2 days left &amp; convinced re-heated veg biryani there. In summary, OK occasional night's stay, prepared live suitcase, &amp; inexpensive. For reason take CR card payment insisted cash.",0.16592049255092736,0.48054626532887407,Apr 12 2008
51,51,"Great great family I excellent stay Hotel Sri Nanak. I India one month volunteer work stayed entire time. The family owns helpful even gave us deal stayed long time. Anything needed, tried best get. The power went day, luckily, generator kicked kept air conditioning lights running. All staff friendly helped us needed terms directions. Really, comfortable, friendly, Indian run place. They make guests happy comfortable.",0.4497222222222223,0.6272222222222223,Apr 7 2008
52,52,"overpriced location My partner I arrived early morning. We given details flight email couple days nobody picked us up. Wasn't big deal pre-paid taxi handy airport.When arrived, room us believed might communication problem. We totally exhausted, took suggestion staying staff's room hours one guests checked later morning. Reception guy polite, helpful friendly.Anyway, believe location quality suite stayed, overpriced. We stayed next nights another Paharganj, half price little higher quality!I would recommend travellers stay Paharganj area, close metro station, much cheaper interesting!",0.10755208333333333,0.34791666666666665,Apr 1 2008
53,53,"Very Average Beware Noise Picked based tripadvisor reviews. To sum up, got paid for. The restaurant top average food. The rooms average. After reading reviews, I expected noisy. VERY noisy. I must woken 3 4 times night/early morning. The noise street insane. Its almost glass. As staff, helpful courteous. As location, I would recommend single women travellers stay hotel. The area bad, sure heck ain't safe. As manager said, oldest part New Delhi.In end, want average, it.",0.0019956709956710115,0.5456257816257816,Mar 31 2008
54,54,"Hard find good New Delhi We booked three rooms stayed six nights attending conference January 2008. Prior leaving I asked five hotels I previously stayed (Ashok, Taj Mahal, Oberoi, Meriden, Claridges) quote price four rooms six nights, including taxes, I know time year came back quotes excess $10,000 one sure could fit us in! If looking Hotel Sri Nanak Continental probably problem, finding good clean New Delhi. I use Google Earth Hotel Sri Nanak shown located New Delhi close meeting Dr. Kothari conference center. I sent email book rooms stated selected based location. I regular visitor India know way around New Delhi although I 10 years. The Hotel Sri Nanak Continental New Delhi Old Delhi ranking 22 215 hotels New Delhi reflection sever lack good hotels. As one first time visitors India put âa one star fringe ghettoâ never seen Indian ghetto probably overly harsh.The location âmistakeâ mistake I glad report corrected. India known entrepreneurship rather take offense appears borderline dishonesty better take stride get problem fixed. The pick us airport good car, dirty part town I believe safe. The trip arranged Agra went well taxi driver made cough overcharged due lack change! Finally grey towels eventually replaced clean white towels. One party money stolen stored luggage despite âsecurityâ good idea leave money luggage anywhere world.All probably somewhat overpriced location condition rooms may want consider negotiating side, despite basic appearance restaurant great.My advice owners: Keep laundry clean fix roof area guests somewhere sit. My advice guests â welcome India, keep cash safe go flow.",0.18430522328548649,0.451572404203983,Feb 19 2008
55,55,Great Presidential room The presidential suite amazing! great service accommodation!,0.8500000000000001,0.7999999999999999,Feb 13 2008
56,56,"Friendly I booked internet. We first business trip. Upon arrival, I surprised check still traditional way recording security camera place. The food fantastic staff always smiling. The room clean too. What important I free broadband internet. It's nice place rest heart busy shop houses.Alvin, Singapore",0.2991666666666667,0.7183333333333333,Feb 10 2008
57,57,"I didnt like After extensive research web, Sri Nanak seemed best bet, I really disappointed. My biggest problem rooms really dusty, I constantly sneezing wiping nose. My 2nd gripe bathroom disaster. I cant understand dont use separator shower toilet. So end effect shower entire bathroom wet !. Its pity... could really decent place took time clean !On plus side staff helpful, although raise suspicions sometime. However overall help train ticket bookings taxi service. Another plus pick airport, real help since inevitably get ripped local taxi driver. As location, bit run-down, thats India you. Another plus close Delhi Metro (which excellent), shopping arcades walking distance.",0.0787037037037037,0.45601851851851855,Feb 7 2008
58,58,"Great place begin end journey India We traveled India family six, four age eighteen. We flew Delhi Sri Nanak Hotel waiting us - even though flight delayed two hours middle night. What service! The staff friendly, supportive helped us acclimate USA India. Mr. Sandeep Mr. Karan particularly helpful. They made sure needs addressed. They arranged transportation Taj, friend's house Delhi, airports traveled. We came back two weeks country. We stayed several hotels, best service, good food, clean accomodations excellent management staff. When come India future first last stop. I give Sri Nanak highest recommendation - value money, welcome respite busyness Delhi. Hats Mr. Sandeep Mr. Karan!",0.42546296296296293,0.4720679012345679,Jan 26 2008
59,59,"This Not Luxury Hotel It's similar Motel 8 US I picked based reviews price, hotels I stayed month long India trip, I thought one one I like least. I stayed best room think worth price I paid. I'll update review pictures I get pics uploaded. The bed comfortable though linens looked clean. The bathroom average India bathroom (no bathtub, shower bucket sink toilet). The location good. There constant noise street: cats fighting, dogs fighting, cars honking, engines roaring...the pics I street show unideal location really is... If priced best room $50 USD/per night, I think would fair price. This definitely charging $100. On positive note, staff seemed helpful elevator works. Unfortunately, since I stay Delhi hotels, I can't recommend others. I stay many hotels Golden Triangle Route recommend review areas.",0.144280303030303,0.46268939393939396,Jan 13 2008
60,60,"Terrible stay away Ever wonder seems one places seems plenty rooms short notice? It's take reservation move different choice, even personally emailed confirm reservation made via website.I arrived long haul flight, quite late evening discover moved different hotel. The room fine, even though bathroom dirty hot water. Moreover located middle motorcycle repair district market. I probably need elaborate amount noise large numbers bikes make morning...I much recommend AGAINST booking room hotel. You end anyway, go lot hasle get original booking fee refunded. (evidently, I ended paying hotel)",-0.02021303258145364,0.5322932330827067,Dec 22 2007
61,61,"Noisy busy surroundings Hotel kindly arranged pick Airport, got approx 0130 am. The located busy market place I recommend anyone wanting gentle introduction Delhi following long plane journey. Hotel clean, location spoilt experience. It's place I get Tuk Tuk walk back due gridlocked traffic. Anyone like barking dogs call prayer early morning avoid.Staff indifferent, place no-one wanted discuss India-Pakistan cricket game underway.Best avoided unless can't get anywhere else particularly interested import export surrounding commerce...",0.0836904761904762,0.5117857142857143,Dec 21 2007
62,62,"Good enough It took long time decide upon Hotel Sri Nanak Continental destination upon arrival New Delhi. As reviewers noted, seems dearth true mid-range lodging Delhi. In many cases necessary spend small fortune get might considered moderate places. I made reservation Sri Nanak Continental upgraded (paid, complimentary) suite. My first experience airport pickup. I walked arrivals area saw many drivers signs, I see name them. Since flight arrived 20 minutes early (!) I decided wait minutes getting worried. I waited little hour calling hotel. It turned driver waiting outside instead inside arrivals hall. It fine there, would nice know ahead time would outside inside. Once met up, though, went well getting hotel. Check-in went quite smoothly. I able grab quick bite eat restaurant. That meal I - adequate....not great, bad. The restaurant little dismal side....no windows rather dark. My room nice enough - certainly clean. It seemed take long time water get hot. The bed comfortable good selection stations flatscreen TV. I see standard room looked like, suite small sitting area adjacent bed. It like standard room US chain Comfort Inn - separate sitting room. The staff courteous enough exception bellman attempted become little familiar (a solo woman) made insulting remarks. The neighborhood congested noisy, metro convenient distance - maybe 10 minutes walking.",0.13862830431979367,0.537862669245648,Dec 17 2007
63,63,"Overcharging Delhi Hotel We returned 10 day stay India. Unfortunately stay Sri nanak Continental Delhi.Firstly free Airport pick came, late, 1 car 7 pasengers plus luggage. Had wait almost hour sorted Taxi.I booked expensive 3 rooms had. A large room shown us , clean tidy. showed us rooms chose much smaller room, bearable, Didnt realise bed hard mattress, The pillows stank, bedsheet dirty, sheets pillow covers changed room cleaned. The dirty dusty windows room shut properly spent 2 sleepless noisy nights.Do ask get Taxi 5 times expensive, taxi rank around corner, 3 minutes walk cheap taxis.I saw 2 people check out, first one complaining overcharging, second one extra charges Mini Bar. When I checked charged large room although I stayed cheapest room, complaing manager cancelled Â£4 food bill Â£20 extra room. Then charged 3 nights, mistake, refunded 3rd night.The staff helpful times, The restaurant actually cafe food good. There also free internet times location good shopping.I would stay recommend",-0.01862244897959184,0.5216836734693877,Dec 12 2007
64,64,"Clean Enough Erratic Service Noisy Neighborhood We searched great deal online find Delhi. Dismayed high prices negative reviews many low-middle range hotels, attracted hotel's excellent web site, fairly reasonable prices, offers amenities. We also liked offered courtesy pick-up airport, especially given location airport. Unfortunately, although sent emails called book reservation (pre-paying online, require) clearly requesting airport pick-up listing flight number exact times, one waiting pick us arrived Delhi airport. We called find forgotten send someone (even though reportedly pick-up schedule). They admit first, though- saying driver &quot;on way&quot; &quot;stuck traffic,&quot; would twenty minutes so. They suggested wait cafe stall outside airport, happy so. We coffee tasty snack... Twenty minutes passed... thirty minutes passed... My husband kept calling see happened driver, told repeatedly close were. We didnât want make nuisance concerned might wrong place driver might overlooked us somehow, especially initially told would much less time. We waited hour given finally &quot;person&quot; arrived name placard. He apologized profusely polite, cheerful, communicative, appreciated. After long drive (due heavy Delhi traffic), finally arrived rather sketchy area Hotel Sri Nanak located- greeted apologies. In situation I think concrete gesture complimentary fruit plate room upgrade (if wanted extravagant) make amends would nice gesture, conciliatory gestures made. Hotel elevator claustrophobic screen gate- I preferred stairs. Nice attention paid decorating hallway pleasant statue (possibly Ganesh) flowers. Our room (306- I think) adequately clean, although furnishings dÃ©cor bit dated, fairly represented web site. The âheadstandâ bed looks dreary person photos. There nice flat screen tv usual lineup Indian channels, news, two movie channels. We third floor overlooking dismal alley fair amount noise came air vents. Traffic noise heavy, alley also busy activity people centered street bonfire well packs wild dogs woke us howling middle night. Ear plugs must. Not hotelâs fault, something keep mind light sleeper. The bathroom quite cramped, water takes heat up, heat eventually. Another thing I found strange although toilet paper, toilet paper bin kept main bedroom- making almost impossible anything flush paper. The soap provided quite harsh. The bedding clean, floor clean enough bare feet, nice. By time got room 30 minutes room service menu closed, made quick order veg. indian dishes. The food ok, spectacular. We never opportunity try breakfast flights left early morning. (Unfortunate, small snack coffee would really helped us get travels). The next morning checking out, told management weâd specific items room bar (water, chips). They tried charge us coffee hadnât (the bar stocked 1, 2 coffees checked in, didnât know normally stocked 2 coffee visit night later), finally backed insisted it- inconsequential matter, made us feel rather unpleasant. We stayed trip Agra time put dreary room without mini bar- didnât especially care mini bar issue, room smelled like garbage (rm. 204) requested transferred previous room accommodated. As got settled in, interrupted staff several times- returning passports, presenting us wet bar inventory confirmed initialed (a good idea felt somewhat insulting- still thought weâd stolen coffee!), among things. We visited upstairs ârestaurantâ found dark, windowless room, decently decorated, seemed computer internet access (being used two guests). We might stayed eaten there, restaurant host cool us didnât feel comfortable went back room order food via. room service. We also unclear airport pickup service complimentary (in theory, donât mind waiting them), airport return service not, fact costs additional 500 rs. domestic terminal whopping 750 rs. international airport. Our early morning driver airport speak us- huge deal again, something left us warm feelings overall experience. Also note, expected pay tax bill cab fare lobby cash, meant ended Delhi airport 35 rs. name. (The one ATM domestic order, food stations airport accept credit cards went without breakfast). I think situation Delhi generally quite dismal unless afford pay high end (there seems huge jump low, middle, high end prices match) room wasnât bad- maybe checking fairly late night checking early morning- experience staff left us feeling rather down. A staff members unusually cheerful- notably guy accompanied driver pick us up, someone charge finances solved charging problem even asked to- otherwise, experience tiring feel terribly welcomed. A decent deal looking true mid-range donât care picked airport time. It also possible experience unusual, might check reviews see met airport timely fashion. I sure could far worse Delhi. Our issues building facilities much issues logistics/atmosphere easily overlooked, especially youâre overtired travel. You might consider spending one day Agra, stay somewhere relatively inexpensive Delhi night, go quite nice Agra, stay one night Delhi bargain hotel- nicer stayed Agra (Hilton) money well spent. Note: guests I saw happened foreign guests, may influence atmosphere/mood place.",0.08415414710485133,0.5296760563380281,Dec 10 2007
65,65,"basic accomodation good service The decent, Delhi know hard find decent midrange hotel. The location chaotic large Sikh temple starts chanting 5 wake (but I found quite entertaining) I recommend staying Connaught Place area afford it.The rooms clean old although updated, breakfast average compared hotels India. On positive side, offers like other, service driver, decided hire driver take us Jaipur avoid crowed trains best idea. They gave us excellent driver, friendly experienced great SUV. After arrived Jaipur negotiated decided keep rest stay India. It fantastic, part along, I recommend hotel.",0.3113043702329416,0.5297155225726654,Nov 30 2007
66,66,"Basic accomodation frenetic Karol Bagh area With poorly reviewed properties Delhi (even expensive ones!), chose Hotel Sri Nanak based photos website fact offer suites (with 4 beds) suitable 6 person family. In terms room (we stayed $120/night Presidential Suite) spacious basic 3-star level. Despite name, certainly nothing fancy, furnishings particularly new room seem clean. The staff friendly eager help out. I'd call simply &quot;basic accomodations&quot; great value all-together (even $65 standard rooms).The big negative people location. Karol Bagh India noisy, smelly, crowded, frenetic glory. If want stay midst busy market area, perhaps positive, nerve-wracking us take kids anywhere street (to catch cab etc). Also, note large Sikh temple 1 block away starts chanting 5 wake up. For travelers (especially first time India), pay extra $ stay Connaught Place.",0.05985586383313657,0.45683982683982677,Nov 26 2007
67,67,Clean Comfortable Nice staff Organized great trips BOTTOM LINE: A nice clean comfortable nice staff great reservations department arranged good affordable trip usPROS: Nice amenities; conscientious staff (eg. allowed us use room free charge change left airport); reservations department arranged excellent affordable private vehicle Golden Triangle trip; free WiFi internet access w/ computerCONS: A little way (in Karol Bagh) - worth keeping hotel's card directions autorickshaw drivers; average restaurantEXCEPTIONAL ITEMS: We booked trip affordable enjoyable. They booked 2 nights Agra Jaipur provided driver courteous provided local guides (as needed) stop.,0.41634057971014493,0.6597826086956522,Nov 24 2007
68,68,"Excellent IF know bad places After reading bad reviews here, I've decided NOT stay hotel. Interestingly enough, mistake, worth while. Instead, I've stayed terrible place called Hotel Classic Channa Market 2 nights, getting room Sri Nanak. (For interested Classic story, look - review there).Had I come Sri Nanak first place, I would probably bad things say it, reviewers. However, sometimes things seen comparison. You experience India, rushing conclusions. It's DIFFERENT (India is).The front desk staff great. The owner himself, Mr. Nanak - extremely likeable chatty fellow.The rooms well decorated, flat screen plasma wall. You get slippers wear room. Guess what, that's nice touch. I've spent 2 days hopping around different towels, I want step disgusting floor there. Here, floors clean. The slippers nice added touch. The bed comfortable, albeit short (I'm 6'2&quot; / 186cm). I've mentioned Mr. Nanak following day - said already similar complaints, thinking replacing beds.Yes, bugs bathroom. They come ventilation grating, exhaust fan is. I've mentioned Mr. Nanak well, saying put steel mesh grating it, outside. He liked idea. My colleague, I've stayed with, thinks return within year, we'd see grating place.The upstairs restaurant excellent, chef. A fairly large selection Indian cuisine. Now, I really like Indian food, however I've enjoyed interesting dishes. The breakfast sub par, cheap, I see reason complain.On second night, dinner Mr. Nanak, entertaining, offered refreshing views business future India, well efforts improve hotel.Anyhow, I'm sure think review shill - I really care. Read review (about Hotel Classic) maybe understand.As checking out, 2 British fellows arrived. They've asked hotel. I said - first time India? They said yes. I said, case, I think going like it. Everything known comparison.",0.11874416433239965,0.5234142545907252,Nov 1 2007
69,69,"Liked much went back This friendly, clean, modern well run place. Off beaten track relatively quiet corner (this India!) Karol Bagh, within walking distance metro Ajmil Kahn Road bazzar. The rooms huge clean well equiped (A/C, fan, TV, fridge, hot water etc). Free Wi-fi thoughout would useful laptop! But free internet restaurant. The food fine, little priced compared places stayed India. You certainly stay cheaper places (R/- 2126 incl. taxes), overall experience us revisit two subsequent times passing Delhi. The pick-up airport railway station recommended, even make Karol Bagh, rickshaw drivers know is. Just remember take phone number case driver running late (we'd left behind first arrived Delhi ended stay somewhere else internet international airport!). That said great two times picked up.",0.1583994708994709,0.43474426807760136,Oct 29 2007
70,70,"Excellent service impeccable rooms great prices I Yoga teacher leading tours India frequently bring people coming India first time hotel. We always happy stay Sri Nanak staff responsible, always pick-up airport train stations time, helpful respectful. The restaurant healthy great food! There excellent balcony roof plants enjoy views eagles circling around Delhi. The rooms excellent, modern appliances beautiful decor. This gone its' way provide comforts thoughfulness towards its' guests.",0.5968749999999999,0.6708333333333334,Oct 24 2007
71,71,"Lovely Stay After reading positive reviews finally decided go . Sri Nanak turned amazing .Its nicely designed We got expected . The staff polite , helpful . Its highly maintained worth price pay .The best part free Wi-Fi service provide . The modern TFT T.V. also good .Besides food served roof top restaurant delicious high quality . I would recommend travelers go cheap options available around wont feel safe hotels . I felt totally safe staying nanak . We also went agra cab journey perfect . They organized perfect travel package us . Altogether perfect stay delhi. My next holiday surely stay nanak only.",0.44823232323232326,0.6347904975682752,Aug 13 2007
72,72,Put us room without window! We booked expensive room Sri Nanak windows creaky air conditioning. We got another room reasonably clean slightly derelict toilet. On checkout tried charge expensive room.,-0.055555555555555546,0.4611111111111111,Jul 31 2007
73,73,"amazing stay less U.K. hotels,and comparitive prices.have wireless facilties free.in U.K. u pay them.food awesome.with nice transport facilties free breakfast.",0.37666666666666665,0.6133333333333333,May 9 2007
74,74,"HIghly rate Hotel Sri Nanak This first visit India I coming first attend professional conference University then, sightseeing. So, first part visit, I staying 5 star Delhi, I wanted move less expensive, safe, clean sightseeing portion visit. My goal see experience &quot;real India&quot;.I used web site locate Sri Nanak hotel. Everyone spoke glowingly staff friendly -- although many compained neighborhood, others said essence &quot;what complaining about... India.&quot; Well, guidance, I booked room. I delighted report that, me, perfect decision. I traveled quite bit internationally main goal find place safe clean -- yet would give access roam around less touristed parts Delhi get taste everyday life. That's exactly I found. Yes, streets noisy ... me, that's part charm interest. The people incredibly friendly neighborhood. I needed glasses fixed accident couple days earlier. The desk staff gave directions sure enough, opticians Pujabi Optical fixed glasses, stay tea -- even accept payment services. I able visit intersting shops small streetside Hindu shrine -- and, location, I experienced great hospitality. The clean, rooms certainly provide amenities I needed. Yes, beds hard side, I like way, problem. The free wireless rooms much appreciated, tv, phone, plumbing worked fine. One thing complimentary airport service. I arranged stay Sri Nanak one day, travel via airline another part India days return Delhi another day returning US. So, I arranged Sri Nanak someone pick airport. Through mistake scheduling procedure, cab driver told I would arrive 5:00 pm (when actually time I leaving another city India). When I arrived 9 pm night, driver still airport waiting me. I blown away level conscientiousness. Needless say, I happy give driver large tip.My goals desires may match travelers, Sri Nanak perfect location. If I ever back Delhi (which I hope be), I definitely plan make Sri Nanak home base.",0.20435107376283845,0.5007298474945534,Apr 14 2007
75,75,Dirty loud - completely overrated This left everything desired. The noise inside made impossible sleep - hair previous guest left sheets. The staff unfriendly helpful. I would strongly advise staying hotel.,-0.1,0.4875,Apr 11 2007
76,76,moved 1 night isolated - long walk train station. taxi/rickshaws tell know don't. filthy street even delhis standards. grim breakfast. redeeming feature - flashy showers - worked properly!,-0.2357142857142857,0.5428571428571429,Apr 6 2007
77,77,"Overpromised greatly underdelivered Overpromised greatly underdelivered My husband I stayed many hotels worldwide definitely WORST come across, despite fact stayed 3 nights. We read several positive reviews booking stay Sri Nanak arrival thoroughly disappointed. My husband I arrived 10pm Bangalore. On arrival greeted young man reception &quot;Oh...so Mr Quayum?&quot;. I may Indian surname English accent hardly conveys confidence meant international tourists. Our stay listed: 1. The bed covers dirty, complimentary long black hairs small dead flies folds. We request 'clean' sheets. 2. The air conditioning (a large machine) noisy positioned directly bed arm's length. 3. The hotel's website states 'running hot cold water' - hot water available running hot tap 20 minutes, informed reception hot water, told keep running became hot! 4. The bathroom fan exploded (yes...sparks smoke black out!) I called reception, somebody came told would electrician see next day - happen...surprisingly. 5. At 4am woken someone banging door (the doors flimsy staff kept trying open door outside times)! There door signs state 'Do disturb' 'Please clean room'. 6. These rooms sound proofed - could hear guests chatting loudly children running corridor outside room 6am. 7. The wardrobe door broken, dirty strong odour decided keeping anything there. 8. There safe wardrobe however bolted attached anything - anyone could walk it! All miserable stay make time search hotels 3 night stay Delhi. Think carefully staying here...you warned!",-0.009483501192684861,0.5519075595606209,Apr 1 2007
78,78,"barely expensive It bad compare Karol Bagh hotels, unfortunatelly costs 10 times another similar kind cost new Delhi.",0.07689393939393938,0.5827020202020202,Mar 31 2007
79,79,"Great Hotel Was apprehensive booking Karol Bagh I travelling girly party (my 23 month daughter, mum, mother law sister.) However fab - booked presidential suite ideal family two separate rooms within one room allowed privacy peace daughter sleep.The location fantastic Gurudwara, McDonalds Pizza Hut, ATM great shops walking distance.The restaurant OK, food nice room service handy order takeaway room added bonus.The water bit temperamental leave running 5mins itâs hot - problem.The clean well kept.Staff good manager nice.If staying Karol Bagh - go",0.4943589743589743,0.7507692307692307,Mar 26 2007
80,80,"Sri Nanak -great get cab find !! Having read various reviews Sri Nanak, we-a party 4-booked directly 5 nights, requested presidential suite.We generally pleased room-more likely impress president small nation &quot; ol' W&quot; US Survey- various things could cleaner-the bath took ever run away, mid range served purpose well. The room large fridge table chairs well sofa chaise long......A real bonus roof top restaurant-serving breakfast lunch evening meals. It's good value food generally tasty. Nice sit night sup beer two-providing run !One point bear mind Sri Nanak way centre Delhi-Karol Bagh area town lot cab drivers Connaught Place seem know well- one night whilst coming back driver got lost asking local -showing card address on: The man disclaimed knowledge road: At point realised actually hundred yards actually right street !!All good bet fussy.",0.2220779220779221,0.45860389610389607,Mar 21 2007
81,81,Expensive get I booked based online reviews. I knew basic several reviews indicated good service. On arrival clear rooms basic clean. Staff pleasant. Internet use good free. Rooftop restaurant extremely average. The location nosiy busy street run area Delhi. Most guests locals. My airport pickup OK free airport drop paid for. The cost basic room US$40 suite (a glorified basic room) US$81. The term &quot;suite&quot; interpreted caution. All basic accomodation frills really cheaper.,0.19520202020202024,0.40915404040404035,Mar 17 2007
82,82,"Nice India standard Nice enough place. Nothing great outside, rooms western most. I would reccomend many hotels.",0.3068181818181818,0.47045454545454546,Mar 11 2007
83,83,"Think twice staying We decided stay Sri Nanak last month reading positive reviews, however quite disappointed.The rooms ok, reasonably clean, however bathroom well standard door rotten. No hot water afternoons either.The front desk appeared helpful, number occasions tried charge us taxis, cars etc. They also misled us regarding excursions places like Agra.I see visitors found staff overly helpful, seasoned traveller savvy realise they're trying take ride!The negative thing left arrived Mumbai realised clothing stolen suitcase. So stay Sri Nanak make sure always leave suitcases locked even there's nothing valuable inside!We travelled around India time Sri Nanak far 3* stars claims comparison hotels stayed at.Finally, choose stay (which I again), book directly rate MUCH lower offered third-party booking websites.",0.1878787878787879,0.45153000594177073,Mar 1 2007
84,84,"Give miss We planned stay three nights, however checked first night. The noisy, bed sheets reeked petroleum products, phone work, shower curtain flow projected straight toilet roof top breakfast area filthy tablecloths. When said staying, advised us pay 3 nights given 24 hours notice cancellation 2 nights. We replied possible know would bad. We extremely lucky discussing colleague husbands happended walk reception, total coincidence even know Delhi, checked reasons, gave credibility complaints. We left paying night stayed. I recommend hotel.",-0.013461538461538452,0.48333333333333334,Feb 23 2007
85,85,"Avoid This Hotel . Its over-rated Having read good reviews tripadvisor websites decided book hotel. I dissapointed got there. First gave us room good condition faced main road noisy. When complained gave us alternative. If complained would left us . The rooms good condition, duvets blankets clean. The promised us welcoming fruit basket receive. The location good. The roads dirty , busy , noisy polluted. Having travelled around delhi, nicer claner places stay. On one day room cleaned, told taken key clean even though hotels master keys. The dining area located rooftop nice mornings. When booked taxis hotel, later discovered charging commision service. Also , gave us poor exchange rate commision exchanged currencies. Ignore good reviews see hotel, non true. I suspicious source these. Avoid cost. You better paying bit getting something alot better. I staying recommend anyone.",0.1520833333333333,0.5027777777777779,Feb 21 2007
86,86,"Not everyone The send driver pick us Delhi airport god send staff polite helpful. I surprised no-one seems mentioned hard beds though. I asked extra blankets put like sleeping rock! I think might suitable backpackers seasoned travellers first time visitors India Delhi bit shock itself. The great area woken first morning 5am parade going actually thought riot! second morning 4.30 someone REALLY LOUD speakers middle road. Very bizarre. The also quite noisy - India! Overall great holiday even though staff restaurant good I would recommend spending bit staying good Delhi central area. Of areas toured, Delhi probably biggest shock, good must.",0.28265151515151515,0.4387121212121212,Feb 16 2007
87,87,"A good travelling children ..esp presidential suite We stayed reading reviews tripadvisor overall I would say good place stay.We picked airport grateful for. We travelling children stayed Maharaja suite quite good. We problem TV , fixed promptly. The staff polite happy manager Sandeep friendly takes lot pf pride hotel.The taxi station early morning nightmare pick following week-end. I rate taxi service. There mix rooms following week-end , pre booked confirmed following week-end offered &quot;alternative &quot; maharaja suite bunk beds kids. After bit protest disatisfaction offered presidential suite (at price) - good. It sleep 6. I would say staff conscientious manager.We breakfast room also ate upstairs roof top hotel. The food reasonable I would eat again.The back noisy.Karol Bagh one best area metro station nearby gurud wara , heard lovely melodic hyms once.The rooms see web sites. I would suggest look room first accepting it.",0.36175,0.42441666666666666,Feb 12 2007
88,88,"fantastic management average 3 start situated busy commerical area. average (this cost arm leg Delhi) staff management go way make stay stress free relaxing possible!my daughter got sick one nite foned reception 2 am...they got taxi manager came us hospital...a fantastic gesture thought!!!!internet, massage chair, newspapers, airport pick drop off, one whole day sighseeeing tour, half day shopping tour fruit bowel given free charge together 5 key ring holders!For price definitely woth value!",0.05531135531135531,0.5787545787545788,Feb 11 2007
89,89,"Think carefully going This I expected reviews. Our family four two rooms booked nights 8, 9, 10 January. We met airport transported two cars (we promised one large car). Karol Bagh best area stay staff courteous. However, rooms live expectation. Our girls room terrible smell room bed linen, lay clothes pillow breathe fumes. We ask change, alternative better. Our room fridge, jug work shower water fell floor bathroom. No beds swept time! Decided telephone somewhere else, except phone work, morning. Neither girls' room room friends ran unexpectedly reception following morning also checking smell room. They also read trip advisor reviews pretty disillusioned.. My husband also sleep noise. We moved Jukaso Inn downtown near Connaught Place around price much satisfactory.",0.11224025974025978,0.5835714285714285,Jan 28 2007
90,90,"Very good We thought lovely small well run Karol Bagh area Delhi. The staff fantastic incredibly helpful. We chose presidential suite ideal family easily sleep 5 - 6 people 2 bathrooms. The nice touches including free internet access, daily paper pushed door fresh bowl fruit served every day. The restaurant offered good range dishes, got bit chilly evening January (it's roof) opted meals served room. The Karol Bagh area busy day plenty shops get quiet enough evening problems sleeping. We tended use taxi service great reasonably priced - drivers really took care us cut hassle. It took 15 minutes get Connaught Circus. All great stay.",0.36466666666666664,0.6398333333333334,Jan 21 2007
91,91,"ok I stayed January. It clean, inexpensive staff generally helpful. The wireless internet useful problems hot water got used taps. However, definitely luxury option location Karol Bagh great. I agree comment bit like cheap 1970s US motel, one two-star hotels find Pigalle area Paris. If I stayed Delhi again, I would probably stay five star hotel, dearth high quality mid-range options city.",0.19074074074074074,0.56,Jan 18 2007
92,92,"Average The average, nothing special all. The area best night. Our particular room windows mattress thin! The staff front desk really care anything always phone. I would try find something closer. Dont trust photo's.",0.11054421768707486,0.4578231292517007,Jan 17 2007
93,93,"All nice The executive room clean quite modern, nice bathroom shower. All nice tourist class giving great value money.The placed quite sentral New Dehli, short ride railwaystation. Try avoid eating resturant, nothing special. It looked old, dirty beeing top floor would expect view,well not.The sourrundings much night, lights coming ATMs jevellers shops. If need place night would recomend Sri Nanak continental. The staff friendly serviceminded two days stay 20-22 desember.",0.2623448773448774,0.6183982683982684,Jan 1 2007
94,94,"Clean book direct Clean general. The hot water seemed request needed wait 30 minutes. This seemed case places across India mid-range hotels, thought could bit more. The breakfast basic tasty. We like area either near anything really. We request cleaner towels toilet paper. It seems hard find decent Delhi. This bad, book directly booked expedia paid odds. Staff friendly enough.",0.08529411764705883,0.46985294117647075,Dec 21 2006
95,95,"Surprisingly good Obviously, Sri Nanak Hyatt Sheraton. However, get initial doubts, instance, area located in, bad all. In fact, turns out, Karol Bagh, area located offers busiest authentic street markets Delhi. It GREAT place shopping, dining, etc. get used huge amounts people street, cars, noise, etc. The simple, clean, staff quite friendly. They also roof restaurant, offers rather unattractive breakfast westeners, quite delicious Indian cuisine. Also, Karol Bagh lively area, fair amount noise day, night quietens down. Then thing noticable barking street dogs...I would definitely go again, although I see Sri Nanak everyone. A big plus also mentioned: offer free WiFi rooms! Very, handy India.",0.32697199265381083,0.5664862914862915,Dec 18 2006
96,96,"bad first time visitor delhi found surrounding location pretty scary.it looked even run destitute imagined, right edge biggest market asia hussle bustle bit intimidating first day.after day got thought pretty cool.if looking budget prices stay away think paid odds compared places stayed.the clean tidy, staff helpful food ok. would stay - yes think would.",0.27681878306878305,0.5860780423280424,Dec 18 2006
97,97,"Clean safe excellent value money Being lone female arriving Delhi 4am I pleased take advantage free transfer. I think I might little stressed otherwise given things see airport.The staff excellant went way help. The clean. The bathroom fine certainly better lot places Delhi price, that's sure. There complimentary bottle water basket fruit room. The beds reasonably comfortable sprung. I found little noisy times. For instance family floor insisted conversation 2am corridor, exactly using hushed tones. One thing I would suggest introduce &quot;Do disturb&quot; signs posted outside door staff keep disturbing want sleep travelling jet lag.I actually venture area look enticing I think unsafe either.",0.2713888888888889,0.5814197530864198,Dec 8 2006
98,98,"Not faint heart. Adventurers ony. If looking used good stuff (Sofitels, Hiltons, etc.) SHOULD STOP NOW. The whole Delhi experience jarring one westerners, frankly, going like safe, make experience much trying. If looking rooms available entire city (which happened me) go ahead cancel trip Delhi, head Mumbai, city actually good airport, roads, enough good hotels hold everyone.I note though staff VERY friendly.",0.28846153846153844,0.5269230769230769,Dec 8 2006
99,99,"Unbeatable value budget; friendly I American, I've stayed twice past 30 days, time nights. Think 1970's Best Western Days Inn goes masala, get sense decor premesis condition. I came back staff really friendly gives 5 star worth helpful service. I eat there, I can't comment that. Yes neighborhood noisy 7:30 'til 9:30pm. But I slept like rock. Yes mattress thin, that's style here. Like I said, I slept like rock. I read review someone expecting Indian-style bathroom (he's India - expect?). There's toilet, toilet paper, shower head, tub. It problem me; put toiletries-bag floor shower. The place cleanish: hardware old, nothing dusty moldy, worn. That goes sheets towels too, I problem using them. If laundry done, sure specifically identify want ironed! The default iron it, ever material. A couple polyester shirts came shiny hot iron. The second time, I'd learned lesson, pointed iron, problems. When I come back Delhi, I defintely stay folks friendly value unbeatable! One piece advice, consider either retaining whatever driver pick front learn walk gurdwara, taxi drivers can't find place. I suspect many taxi-walas can't read, map back hotel's business card useless drivers, drive two blocks, stop, ask directions, advance two blocks, repeat. The gurdwara, however, easy find.",0.12960069444444444,0.3196759259259259,Dec 6 2006
100,100,"I would stay again! We chose based positive reviews, I pretty much agree with. The place clean, luxury level, price, bargain. The restaurant staff outstanding, free internet bonus. The side neighborhood nothing special. It's bad, unsafe, nothing interest tourist. Don't expect four star resort, expect nice clean room hard working staff aims please. We use hotel's travel arrangements, others seemed pleased. The provide free pickup airport, also good feature.",0.3050329184704185,0.7186940836940836,Nov 27 2006
101,101,"Good good value... I got &quot;presidential suite&quot; $100USD late Nov 2006. Very large room, 1.5 baths. Other rooms probably half cost. Great family four, could easily sleep six one king, one full two twin bunkbeds. It clean, service good. Ordered room service food good well. Free internet. I would easily recommend staying here. Located near Connaught Place. About 40 mins airport Delhi traffic, took us exactly 20 minutes 4:30AM since traffic early.",0.3488375350140056,0.5703221288515408,Nov 26 2006
102,102,"Good overall The located Karol Bagh busy tight area centre Delhi. Although quite noisy, quieten night. Karol Bagh good shopping easy grab Auto (3 wheeled taxi) Connaught Place.As promised, I provided complimentary pickup airport 30-45 mins away hotel. The looks quite small outside reception also small. The rooms however fairly spacious tastefully decorated, spread 3 floors. The important thing rooms clean air conditioned. Free internet access also provided hotel's basement.The staff, including drivers, polite friendly. Sightseeing tours available comfortable air conditioned vehicles.I delighted quality food hotel's rooftop restaurant. The menu contained assortment dishes resonable prices, cooked traditionally. I highly recommend &quot;Afghani Chicken&quot;!Overall I happy 5 nights stay hotel. If looking good 3 star reasonable rate, located centre Delhi, definitely worth considering.",0.3048471487360377,0.5217754262198707,Nov 23 2006
103,103,"confirm comments I confirm comments. Good choice people used stay similar hotels. Honest experience.Luc, Paris",0.25999999999999995,0.78,Nov 15 2006
104,104,"excellent value money Tidy inexpensive good service, a/c, friendly staff rooftop restaurant good dahl. The neighbourhood crazy market days metro near.",0.4107142857142857,0.6857142857142858,Nov 14 2006
105,105,Best service,1.0,0.3,Nov 11 2006
106,106,Great place stay excellent fresh food!!,0.75625,0.75,Nov 10 2006
107,107,Average/OK India,0.0,0.0,Oct 26 2006
108,108,Good bet Delhi,0.7,0.6000000000000001,Oct 23 2006
109,109,Room OK noisy location great,0.04999999999999999,0.625,Oct 11 2006
110,110,OK but....,0.5,0.5,Sep 6 2006
111,111,An excellent choice!,1.0,1.0,Aug 23 2006
112,112,good hotel..not great area,0.75,0.675,Aug 5 2006
113,113,Great Hotel!! Friendly service,0.6875,0.625,Jul 9 2006
114,114,sucio sin ventana!!,0.0,0.0,Sep 28 2009
115,115,VÃ¶llig Ordnung,0.0,0.0,Sep 7 2008
116,116,Hotel correct mais plutot dÃ©primant,0.0,0.0,Jun 28 2007
