,Unnamed: 0,Reviews,polarity,subject,Dates_extracted
0,0,"Go upgrade room My first trip India. May last, last Delhi Northern India. Stayed two nights. This ok. Friends made reservations. Had I known upgrade rooms I would insisted one. Should checked made reservations for. In future India - insist 4 star hotels. Have stayed 3 stars Europe Russia - same. Would recommmend explanation get upgrade room. A friend leave clothes room. When came back week later clothes her. So plus.",0.09375,0.15208333333333332,0.15208333333333332
1,1,"Regent Continental - OK overnight Delhi Arrived late pm 6 hour drive Agra. Lobby clean quite impressive compared surroundings check ok. Room average, air-con TV worked strong air freshener smell turned insect repellent device bathroom, fact seemed paraffin type smell corridors too. We went restaurant looked la carte menu maitre d' persistent guests Indian buffet already prepared. We eventually acquiesced rather chance Delhi night area around inviting. Turned buffet expensive compared menu, I think misled. All well went bed. Breakfast buffet style ok seemed predominance business people. Overall adequate overnight stay, like people modify thinking expectations staying India 3 star basis..",0.1572222222222222,0.5427777777777777,0.5427777777777777
2,2,"careful room given arrived given room resembled dungeon. complained assured better room would given return 3 weeks later. better, much. make sure see type rooms. silver smaller much better. service food good however location good",0.3018181818181818,0.5317171717171718,Nov 24 2009
3,3,"nice place... frnds booked place hv living Petersburg since last 5 yrs. took time meet frnds here. stayed 5 nights, shifting frnds place. zstayed alone found comfortable. everything, t.v , gyser nd ac , worked fine. breakfast buffet grand offered many options. overall nice place.the market around pretty good. nice place shop. staff bell boy rest ever smiling... keep people...nice quiet place lively market....",0.37100233100233104,0.6538461538461539,Nov 17 2009
4,4,"made function memorable...!!! engagement 30th oct. arrangements made regent continental hall. thank whole public wall... guests(relatives) arrived punjab canada, booked 2 nights banquet functn. . made excellent arrangements everything function. even changed colour theme decoration night match dress expected staff show reluctance, took sportingly. enjoyed alot night thanks people, made sitting arrangement extended family us play games night banquet hall complimentary !! whole night kept odering snacks , tea service throughout excellent.thanks all!!!",0.39417613636363635,0.496969696969697,Nov 12 2009
5,5,"money well used...good shopping n staying place capital visited delhi march 2009 n stayed regent continental 4 days went ahead jaipur.it good experience first timmer india. India good country,the people also nice. My stay mentioned done travel agent wasnt keen spending much money stay.but course wanted safe ,cosy ,confortable n economical place accompanied partner. The took good care us 4 days stayed there. Service good n food.Being centrally located delhi convinent us travel different place using sky train. It lovely experience n would certainlly like go n stay ever go delhi next time.",0.358125,0.47708333333333325,Nov 10 2009
6,6,wonderfull experience I staying Bangalore. I would like share experience delhi stay part jaipur trip. We reached quite late night Delhi. It first visit quite tension. Booked internet. And pleasure received reception warm smile. Our rooms already allotted. So hassle free check in. Quite decent gold class room. Clean tidy. But impressed room-service. We served food late 2 a.m. delicious. Thanks Mr.mukherjee offered huge variety. check next day trip Jaipur. Loved stay though. The staff commendable job make stay comfortable. Thank u,0.369607843137255,0.6117647058823531,Nov 6 2009
7,7,Value money...nice place stay visited march 2009 colleagues comming US. Since visit 3 days wanted shopping well decided put heart city.A friend mine recomemded karol bagh called regent continental.On instructions made arrangements pick guests airport.i booked 2 super delux rooms along full time cab 3 days. In 3 days visited often.By end stay guests happy room service well staff courtesy.When bill came clearance surprised see descent price everything.It nice experience regent continental. great going guys.,0.375925925925926,0.7407407407407408,Oct 27 2009
8,8,"really poor value stayed tour northen india, far worst hotel.rooms small dated. I know room photoswere taken rooms nothing like photos.service food poor breakfast worrying food kept,well, warm. overall disappionted rooms location.",-0.18312499999999995,0.6224999999999999,Oct 20 2009
9,9,"Terrible experience Regent Continental Noisy hours day night; middle night could hear staff shouting talking loudly dogs barking incessantly outside.Room dirty, asked change room given cause shower filthy, second room much better.Dining room disgusting, dirty tables, dirty cloths, dirty cutlery. In end also claimed paid something (false) receptionists started shouting cursing us refused give back passports paid wanted.Would never ever go back there!!!",-0.37857142857142856,0.5571428571428572,Oct 6 2009
10,10,"Disguting Hotel This far worst I ever stayed anywhere world. Do fooled pictures web site rooms look like all. The situated rundown, dirty overcrowded area described virtually alley way. Our room small swing cat in. The bed clothes dirty. It situated internally within building outside window. A small window overlooked shaft reminiscent coal mine shaft. This lit hence lit room night. The bathroom disguising, ancient filthy. The towels grey. The air-conditioning unit noisy sleep. It also work must 30 degrees plus room. We complained front desk virtually ignored us saying full alternative rooms. It wife said would sleep reception reluctantly took action. First showed us identical room complaints showed us called VIP room. This also disgusting larger window outside world I say alleyway. The air conditioning also worked slightly better. What sums employee running fingers along bed headboard surfaces check clean. Of course not. There also kids running corridors screaming night. Apparently also student accommodation.This booked us Indian Agency otherwise good. We registered complaint them. Although supposed stay two nights moved paid another hotel. We tried get money back reception asked see manager. Needless say turn up. This may India I stayed many hotels country, simple always clean. This clearly worst wife I seen.",-0.09177777777777776,0.544077097505669,Sep 28 2009
11,11,Clean well located The Hotel well maintaines clean hygenic rooms. Located centre Karol Bagh close Delhi Metro station makes moving easier fast.,0.3111111111111111,0.6666666666666666,May 1 2009
12,12,"' We impressed ' ! I travelled partner daughter March 2009.We toured Northern India March arrived Delhi stayed theRegent Continental Hotel located Karol Bagh area city. As travelling South eg Agra/Matura/Gwalior Orchha returning travel north Mussourie Himalayas , used Regent Continental Hotel transit base travels. We ended staying 5 nights Hotel.Hotel offers three types rooms (Silver/Gold Platinum). We shown types rooms allocated Platinum class room . (312 &amp;112).The room spacious accomodated 3 us easily. The furnshing avery high quality. The lighting well co-ordinated everything worked egAC, TV (satalite), Fridge, Safe etcThe room clean room service provided 5* standard andComplementary bottles Mineral water guests various free- bees providedin Bathroom ,incase one forgets pack basics eg tooth brush/paste;comb;shaving gear; shampoos etc. These replaced day!The located narrow street Karol Bagh area Delhi. An area known forits Shopping maze conjested lanes 100s small hotels .If one travelling India Karol Bagh first time street leading toHotel appear dirty, unpleasing welcoming get theHotel welcoming staff.! I mention names individuals I review I hightly impressedby 3 individuals . Those Mr. Anshu Bhatia (Reservations Manager) hisproffesional service prompt responses requests, Mr. Shakhar Chandre Reception Manager dealing us eg unlocking safe forgot personal codes- safekeeping luggage storage travellinfg South Northand finally Mr Yashdev Malhotra ( Room Services). It worth contacting problems.The Hotel view good value gives likes YWCAs YMCA International House Delhi run money cheaper room quality service much better! Hotel independent Tour Travel organisers site seems thatprices charged bit expensive one careful easier shop around best deals agents Karol Bagh area. You problem finding one!The restaurant ok. The furnishing lighting pleasing themenu improved. The breakfast provided Buffet form bothContinental local dishes available. The restaurant busy mornings large tour company clients often staying there! The Karol Bagh area several eateries within walking distance Hotel,Those us get fed time curries one walk street MacDonalds Pizza Hut respite .I stayed several hotels Delhi travels think one better ones.It 3 * 5* service. Our experience postive would definately stay I would recommend friends/colleagues/fellow travellers!",0.1479805996472663,0.4533553791887126,Mar 27 2009
13,13,"Average We arrived @ 10pm. room 1st floor. bad ,smelling room.After complaining upgraded 2nd floor.Still happy.The next day upgraded platium room.This much better. However bathrooms bad. Water pressure low &amp; cold.We stayed 4 nights.Breakfast nice.Staff dont speak English helpful.Dont eat dinner hotel.Will go back",-0.13599999999999998,0.3033333333333333,Jan 4 2009
14,14,"Better expected I stayed 2 colleagues week September. I read reviews hand I dreading experience.We arrived midnight neighbourhood scattered garbage wandering cows. We voucher signing book (no formalities) shown rooms 1st floor. We standard single room appeared remodelled long ago. White marble floors, ceiling fan, two beds pushed together, desk tv, small sitting area loud AC stuck wall. The room looked nice lacked finishing. The bathroom shower curtain modern looking wash basin small fauset. No real amenities except shower cap, 2 bars soap shampoo. Though bathroom &quot;new&quot; small gaps grouting everything looked worn done haste.The bed hard pillows new soft well pillow covers. Other linen greyish many times washed. No duvet woollen blanket.The room window facing inner courtyard noises houses heard quite easily. As mentioned reviews quite noisy marble flooring corridoors distant phone ringing every night. There gap room door every sound heard inside room. Also guests vere talking loudly returning middle night. The AC unit loud cover noises stand humming.Second night returning turning lights cockroaches running around. Same happenend couple times week roaches disturbing few. When talking others roaches seen every room. There lot personel young boys cleaning corridoors carrying luggage. And waiting tips course. The desk hire car day trips aware high prices ready bargain hard.Breakfast good. Instant coffee, sometimes toast, red jam, couple Indian dishes, omelets,sweetened mango juice lucky. All food lukewarm quick grab hot omelets brought hot toast. Two bottles water supplied room every day charged extra.The situated middle Karol Bagh market district means little &quot;shops&quot; locals, lot garbage, noice people. Beggars spot right walk hotel. Easiest way move hire car get tuk tuk city center riksha Karol Bagh metro station. When raining streets filled muddy holes floating garbage. All bad expected.",0.047062536822152216,0.46349840864263947,Sep 28 2008
15,15,"Worst Hotel ... Beware Beware Checking Hotel. Despite Advance Payment, checkin wait 45 minutes complete Formalities. No room allotment planning despite 3 rooms booked. Pathatic food, Water leaking cieling... monsoon... Hostile rought staff.... Despite feedback Hotel, courtesy / approach towards improvement. Beware cleanliness services also.",-0.45,0.7,Aug 24 2008
16,16,"Stay risk. I stayed Regent Contenental 4 nights January 2008. Even start, I known better. I arrived early pleased shown room right away. BUT got there, I told clerk key room busy trying find it. I thought strange tired long trip Indian trains I put stuff tried relax. 3 hours later I called desk asking key. Nothing room would work key. No power all. No, word key ....yet. I waited additional 2 hours calling desk telling clerk I NOT willing wait longer. I anything eat drink since day 5 pm. I could even leave room go find food drink none offered me. Finally, brought key. From housekeeping people I think. It fob key, nothing else. Good enough.. And finally told previous customer made key &quot;waiting bring send back&quot;. That night finally getting food drink, I crawled bed thinking noise would die night wore I would get badly needed sleep. Did happen. The noise almost unbelievable. All. Night. Long. The street noise bad enough outer hallways stairways stone people yell day night. You hear phones ringing constantly. The floors dirty wear shoes time. I finally found room service menu stuffed bottom beside drawer covered big spots mold. EWWW! Once I found room service, I order tea dinner. It fine. No problems that. On second night I went restaurant dinner. I could even get served. There buffet I grabbed plate food. Never get asked I wanted much glass water. The next morning I thought shower hot water. The tub kinda dirty towels deep grey I guess good thing I . I call desk yet get someone come fix hot water I could wash. I DO know operate hot water tanks India working me. The next day toilet would NOT stop flushing I called desk ask someone come fix it. You would thought I worlds biggest pest! Imagine, want hot water, operating toilet food! I always careful polite. I show disrespect staff. In desperation, I tried get reservation next two nights canceled I paid front Orbitz could get nowhere I decided stick out. It never got better. I know staff rude ignorant I woman traveling alone way everyone. When came time check out, desk clerk (manager) tried make pay another night, saying I stayed one night longer I paid for. When I asked get receipt I gave I checked ( Orbitz,) claimed lost. I go travel desk internet right pull copy receipt email order prove I paid correct number nights. The Regent Continential definately worst I ever stayed in. I pictures room view anyone interested. Stay White House Wongdhen House Tibetan Village. A MUCH BETTER way spend Rupees.",0.009023809523809533,0.5665238095238097,Mar 4 2008
17,17,"Dreadful fit dog What nasty hovel. The photos see published way represent squalor immiediately outside front door mouldly noisy rooms find inside. Staff either choose speak english quite surly. The hardest thing grasp ask question lie face trying get cafe, shop, whatever.",-0.44000000000000006,0.48999999999999994,Feb 2 2008
18,18,"poor value dishonest staff crooked travel agents I booked travel agent (Travel Zone, India) Feb. 2007. It noisy, dirty, overpriced. Beware people tour desk. They cheats well. When I came back August Delhi, new agent tried book place telling choice (Clark International, 1 block away) far inferior choice. The agent's office within blocks both. I stayed Clark. It great cheaper. I know I deal agent (Impact Holidays). I believe agents interested serving ahead hotel!The Clark since doubled rates next time I try find another place, certainly Regent Continental.",0.01815862708719853,0.4393552875695733,Jan 26 2008
19,19,"Bring earplugs! The horrendously noisy well past midnight till 1 later. From room, could hear incessantly loud slamming doors, clatter kitchenware cleaned, staff talking loudly, furniture dragged across marble floor. This made quite impossible sleep. We also encountered problems shower, whereby could barely coax trickle hot water.",-0.0595238095238095,0.5428571428571429,Dec 30 2007
20,20,"Regent CON-Dishonest Liers Complete misrepresentation Incompetent Theives!!! I would recommend STAY CLEAR AT ALL COSTS.The website claims 24hr internet, money safe, tea coffee maker, business conference centre???? When I asked manager facilities pointed computer 10 years old internet work one day stay said they're go? said 24hr internet?The state rooms DISGUSTING dead mosquitos bed linen, floor, bathroom etc.The floor dirty, un-hygenic, opposite photos.The room horrible smell, maybe previous guests GOD knows what.The bathroom Disgusting Mold growing every corner. bathroom enough put whole day.The water cold majority time.They tight leave room, go switch fridge a/c, means say bye cold refreshing drink fridge long day walking around, even said switch again, next day switched again.The staff basically 14-16 year old boys go around groups 2-4 stand around waiting tips.No one understands english, I think disgraceful considering called Regent Continental, I would Rename Regent CON simply dishonest service misrepresentation services.Stay clea restaurant unless want runs stomach aches days end, I one dinner felt sik days after, would highly recommend stay clear.The a.c Units aftermarket units make much noise rattles would rather put heat noise.The location awaful place imagine, surrounded gangs, beggers, loud barking dogs general traffic horning outside early hours late.The reason I stayed one night threatened charge cancellation charge ammended orginal booking.I booked paid classic deluxe room time booking I tgold main difference classic deluxe rooms offered view balcony,hehehe, balcony could even squeeze one person without squeezing past get door closed, terrible, absolutely point whatsover.They also claimed sky tv, yer works, like 20 channels,all indian ones, good luck dont understand lingo.In overview I would recpommend stay far away poss, lots hotels area offer higher standard facilities, cleaner enviroment half price.I would sum Regent continental farse, con, rip-off, dishonest, untrustworthy, disrespectful.I forgot mention price quoted start price demanded departing days, added 600 per night charge removed 10% discount said available discussed start, was??? At point fedup them, energy argue anymore didnt understand anything I saying, paid thought, well least I know stay clear future. I want worst enemy experience I experienced Hotel Con, BE aware, stay clear costs!",-0.04274997599846389,0.531731950844854,Nov 13 2007
21,21,"Low Average beware limitations I visited meet someone (I also read reviews posted previously I looking place.)The Lobby Area looks empty. As indicated another visitor site, may advise visitors take 'their&quot; taxi service. The Taxi Service run separate unit (In lobby) staff coordinate unit satisfactory manner. i.e. telling tourists go speak totally disallowing responsibility aspect. I also noticed drivers may Speak Any English too. (So make sure check get hire). For anyone limited budget looking budget hotel, maybe ok, staff helpful right. Note area around bit crowded. The area around (outside) poorly illuminated.",0.03058608058608059,0.38147130647130645,Aug 4 2007
22,22,"So Its 3* certain. Breakfast typical indian breakfast. got food poisoning whilst here, could ate out..you never know! came ill stafF helpful friendly great service. rooms spacious airt con-but noisey. decent location, bustling! would go again.",0.1664021164021164,0.5431216931216931,Jul 20 2007
23,23,"Disgraceful!!! Checked in, stayed hour checked again. This worse dog kennel. Check staff rude. The whole reception area uncomfortable feel it. The bathroom running water, scum, mould anything else vile growing bath tiles. The coridoors dark dingy. It truely appaling. Sleep cardboard box street instead staying here, cleaner!!!!!",-0.06428571428571428,0.5785714285714285,May 25 2007
24,24,"BEWARE OF SCAM!!!! PLEASE, Anyone planning book cautious. My family I returned trip India, overbooking people transfering smaller, 0 star hotels vicinity (they special arrangements them). We lied manager co-owner two days fighting, squabling hell, finally never got room. They even promised keep suitcases day town, we'd return rooms......alas, nothing, said we're sorry full (second night row) - anyways, could tell details, please take advice avoid sleezy partners area (Perfect Hotel &amp; Crest Inn). If like chat experience, drop line travel@astralize.com. Cheers, SameerLondon, UK.",0.17589285714285713,0.6151785714285715,Jan 29 2007
25,25,"Good Value We stumbled across trying look Travel Agents, introduced man called Muztapher Regent arranges Flights, cars whatever want, point holiday started, amazing trip. We three nights here, first night room dark windows cramped.... second time checked asked room window front, room much better, ask see room stay!!! Restaurant Ok, breakfast hectic, staff perfectly helpful little slow. rooms clean, fantastic location, Hotel shop rip off, Muztipher made trip, good recomendation, obviously making money tourists thats job, didnt feel asking much, knows stuff. We two young women traveling together, needed walked anywhere would send chaperon us, drivers always good, cars mostly clean. The good value Â£20 room. Would deffinately go back, felt safe.",0.3605902777777778,0.5230158730158729,Jan 8 2007
26,26,"It is... My wife I stayed last month 4 nights. The rooms great, bathrooms awful, spent minimal time room stayed room sleep. There much better options New Delhi, however, way expensive. I probably would stay definately 3 star hotel.",-0.09636363636363637,0.5671212121212121,Dec 2 2006
27,27,"3-star We booked recommendation Delhi travel agent will, told us super location good everybody booked satisfied. We been! We stayed twice tiny rooms small windows opening next wall. You leave open, around outlefts AC rooms. One room reach strolling cats. The rooms dumpy, even AC bad smell. Room bathroom basic clean. The school children, noisy clientele. The restaurant rather expensive offered. Room service long spoil content opening bottle, without even thinking cleaning up. The location good, unlit road, step ot door, &quot;attacked&quot; ba various people wanting something you. We would never go back again.",0.034375,0.4833333333333334,Nov 27 2006
28,28,disappointing Overall found service facilities adequate. The big problem rooms. We stayed twice one trip India rooms found dark (no windows) small. The bathrooms dirty. We also share one room numerous cockroaches. Would recommend anyone.,-0.18645833333333334,0.44416666666666665,Nov 21 2006
29,29,"incompetent staff I stayed 5 nights early september. The location average, hidden back alley far excellent metro system. Whilst communal areas clean well kept I found room spartan cleaned twice stay. The &quot;colour&quot; TV particulary bad quality virtually unwatchable.The room service good, wait long food acceptable standard, price.However, biggest gripe level service provided staff. It took 2 hours finalise bill I came check charged I originally quoted. (hint - get print original quote take you. I charged extra Â£90 I checked out).There money changing facility I enquired one porters took local money changer - tried short change tune 900rps.I also gave staff couple postcards put mail - 4 weeks later still havn't arrived! I doubt got round posting them.....",0.08454106280193237,0.4415458937198068,Oct 7 2006
30,30,Disliked Regent On arrival staff member tried downgrade us double regent suite classic deluxe room wanted charge suite even though agreed price. They showed us classic room cat living it. We demanded original room set price gave us without quibble. Room service awful brought things order charged us things order though management rectified complaining it. The room large clean hot water tap television good reception. Travel desk helpful stay staff tried helpful possible run problems paying end. The taxi I arranged travel desk airport also set fair price I feel ripped off. I make use restaurant questionable room service found restaurants within walkind distance replacement. It's definately budget I recommend it.,0.13412698412698415,0.596494708994709,Dec 30 2005
31,31,"Never again. . . We recently stayed Regent Continental Hotel New Delhi booking online read good review. We experienced many problems. Service staff reception poor - promises made things fulfilled. Pressure put us use expensive taxis instead reliable local transport. We able successfully make phone calls room. The bathroom bug infestation. The complimentary breakfast consisted four five plates things like bread, curd filled parathas - fine surface - food almost inedible led one us getting sick. We attempted book taxi departure found last minute done go car far expensive do. The room ok. The TV worked power cuts minimal. The location also good. But overall experience negative one. We certainly recommend women travelling alone book hotel.",0.13179292929292927,0.5581159812409812,Dec 11 2005
32,32,"Loved Regent My room large, open spacious balcony, refrigerator, large beds nice large bath room. The staff went way accommodating kind friendly. There travel desk lobby Mr. Ahmed everything make plane train reservations arrange tours get car driver take shopping. There lovely gift shop large, white marble lobby. The restaurant serves good complimentary breakfast nice menu Chinese Indian foods. Mineral water available also. There never problem running hot water showers time day night good back system frequent power failures. Their laundry service fast efficient. Room service available 24 hours day food reasonably priced. This first trip Delhi I opportunity return definitely place. I spent 8 days would recommend Hotel Regent Continental anyone. I would also like thank member staff making stay India enjoyable.",0.29579081632653065,0.4947363945578231,May 24 2005
33,33,Pesimo Tanto En Habitaciones Como En El Personal,0.0,0.3,Sep 8 2009
34,34,EnttÃ¤uschend,0.0,0.0,Aug 11 2009
35,35,FÃ¼r indische VerhÃ¤ltnisse nicht schlecht,0.0,0.0,Apr 11 2008
36,36,moyenement propre mais cher,0.0,0.0,Feb 28 2008
37,37,Demi tour,0.0,0.0,Jan 20 2008
38,38,la plus mauvaise note du voyage,0.0,0.0,Sep 15 2007
