,Unnamed: 0,Reviews,polarity,subject,Dates_extracted
0,0,Very friendly staff; Convenient Location Stayed friends hub New Delhi. The arranged car service to/from int'l airport to/from Taj Mahal next morning. I definitely recommend stress-free way traveling around into/out Delhi - took care everything happy assist.,0.2847727272727273,0.5209090909090909,0.5209090909090909
1,1,"Wonderful service clean rooms well connected local drivers This place perfect interested keeping costs down, also enjoying clean safe room. The frinedly pleasant staff fulfilled requests, arranged drivers, guides took us Taj M. well airport train station. The wokers even gave us early morning warm Nescafe mocha drinks. If I ever make back Delhi I would sure stay Hotel Pearl Plaza.",0.41150793650793643,0.5746031746031746,Nov 24 2009
2,2,"Great - Clean My boyfriend, two friends, I stayed two nights. Prior trip I emailing number hotels neighborhood near train station. Vishal Pearl Plaza far responsive. In advance arranged for:--A car pick us airport 2am flight arrived--A car, driver, guide day trip Agra--2 Clean rooms plenty bottled water We great experience. The clean staff helpful. The prices additional services arranged us also reasonable. Happy travels!",0.4141666666666666,0.6491666666666667,Nov 24 2009
3,3,"Nice place reality India hit neighbourhood We stayed times. The rooms OK. The linens spotless, definitely changed normal Indian hotels/hostals (unless go upscale places), bring wish. Also use AC, blanket gets pretty cold. I sleeping bad. The first time stayed AC worked whole time room freezing. The next time, AC turned main switch downstairs got stuffy hot. Complain ask discount happens. Everything negotiable India!Rickshaws taxis easily accessible, staff even fetch one needed. Friendly, safe, hot water, good price.Located Paharganj, metro station (Rama Krishna) 2min walk, plenty dirt beggars, first time day India, prepared shocked. New Delhi railway station super close ride rickshaw 40-50 rupees. Nizamuddin farther away.",0.1431818181818182,0.5797032828282829,Nov 15 2009
4,4,"Clean reasonable prices We stayed Pearl Plaza Paharganj, Delhi 2 nights middle May 2009. We got lost Paharganj (which big market) way first day, second day problems finding anymore, even night.Here summary impressions Pearl Plaza.positive:- email communication fast (we made reservation advance. In Delhi making reservation advance strongly reccomended, many good hotels prices quite high)- good price double AC room (no breakfast, breakfast could booked extra 80 Rs. p.P.) - 1100 Rs including taxes.- reasonable price airport pick - 600 Rs AC car. The Airport quite far away city (ca 30min drive). Prepaid taxis eirport cheaper, however.- friendly staff- nice, modern furniture- warm water- comfortable beds- clean linen- laundry dry- cleaners' service quite cheap (15Rs. p. piece clothing) returns laundry day- free tea around clock- TV fridge- lot restaurants, internet cafes shopping possibilities around.negative:- internet- many rooms windows- ACs temperature controlled centrally, reception staff. Thatswhy room quite cold AC on. We even could switch ourselves.- wardrobe room",0.25017241379310345,0.5255747126436782,Jun 6 2009
5,5,buona sistemazione e buon prezzo,0.0,0.0,Sep 1 2009
