,Unnamed: 0,Reviews,polarity,subject,Dates_extracted
0,0,"Perfect place Delhi Really nice place - close metro station, helpful staff, clean tasteful rooms. We felt really lucky found place.",0.5750000000000001,0.8833333333333334,0.8833333333333334
1,1,"Great Hotel price. Been India month hubbing Delhi. Stayed Grand Park 4 differnt times. This great base exploring Delhi Northern India. For price, find cleaner larger room. The sheets spotless, AND blankets freshly washed. AC unit worked great, hot water good, safe area fine. Breakfast included tasted good, nothing spectacular, complaints. It's 40 rupie taxi train station. 3 blocks west huge market street loads restaurants shops (including McDonalds =)). The actual street nicest place look at... fine safe. My wife walked around night feel uncomfortable.The owner Mr.Madan wealth info, book tours help book train flights. As travel agency, course take commession trips, trains flights, cost using Indian online travel companies. His advice help made trip extremely easy really helpful. Internet availble using computer. No wireless internet though.Listen, end day, here's stayed continued come back: It's clean, good shape, safe, provide good advice help questions problems. If coming Delhi, give place look.",0.3997435897435897,0.6478205128205128,0.6478205128205128
2,2,Deos leave lasting impression We stayed night wanted extend 2 nights staff greedy rooms old. We moved hotel.,0.13499999999999998,0.275,0.275
3,3,"Clean affordable get away Delhi chaos After bad experience another checked Hotel Grand Park Inn. All staff friendly accommodating. Even though ground floor entrance sandwiched inbetween shops, let deter you. Once inside quiet atmosphere (ok, quiet Delhi get!). Our room faced alley way fairly quiet. The bedroom bathroom clean good condition. We given bottle water per day, per person. This great benefit! Other hotels stayed buy water. Breakfast either Indian breakfast American breakfast. Basically Chai Parantha eggs toast. We ate breakfast room upstairs, could also delivered room. A couple times dinner lunch. The food fairly inexpensive (for hotel) tasty. I also laundry done, done day delivered room. My friend, travelling us, used owners computer couple times check email. According couple reviews, far away train station etc. We car driver I problem this. Also, someone mentioned rickshaw driver know was, well Delhi millions hotels, rickshaw drivers know every one! Make sure keep address you, tell driver area first, street name, anything driver call give directions.",0.26560185185185187,0.5777160493827161,0.5777160493827161
4,4,Only For One Day Very isolated - long walk train station. Taxi/rickshaws tell youthey know don't. filthy street even Delhiâsstandards. Grim breakfast. Redeeming feature - flashy showers - ifthey worked properly!,-0.20625,0.6,Nov 26 2009
5,5,"Surprisingly good hotel. We know expect, since never India. For us India first bit &quot;culture shock, still lot poverty, traffic? OMG.But that's first impression.To honest area look appealing first.But surprisingly nice.The rooms pretty big clean better lot hotels we've European countries.The staff always helpful, owner let us use computer much needed.When question always staff member help us.Called taxi's us told us price would be...helpfull.And gave us good recommendations see go.India streets Delhi long way used Netherlands, subway rush hour? ehm ..an experience.But I must say came back evening hotel, nice feeling.And breakfast simple good.We made trip many take, Delhi-Jaipur-Agra(...Taj Mahal)-Orchha-Varanasi Nepal end trip (3 weeks) Katmandu, Nepal.We took buses, trains,taxi's, tuk tuks, riskha's....and elephants.In cities we've hotels, I must say one one nicest ones.We've European hotels 3 4 stars, good.I recommend fully.",0.31929824561403514,0.44862155388471175,Nov 24 2009
6,6,"âRacial Discriminationâ They like white europeans discriminate beouse low potential pay tours, cloor trouble bad give bad room like dungeon",-0.2585714285714285,0.5761904761904761,Nov 24 2009
7,7,"Great service care The staff fantastic. Always polite quick respond needs. What particularly great checked kept bags us whilst went sight seeing gave us room freshen night train journey Jaiselmer. Then two weeks later return arrived Delhi around midday flight till 1am. They kindly kept bags us whilst last bit sight seeing also gave us room shower freshen flight home. The rooms clean tidy, basic comfortable. The check care fantastic, really went extra mile.",0.3650000000000001,0.5608333333333333,Nov 23 2009
8,8,"Excellent value money Grand Park Inn certainly one best hotels I stayed India. The rooms simple large clean. The room service staff friendly helpful. The area centrally located, busy daytime quite nights. I tried hotels Delhi keep returning Grand Park Inn.",0.3429029304029304,0.5563186813186813,Nov 17 2009
9,9,basic rooms great service!! What lacks luxury features sure makes friendly helpful staff.This basic clean Hotel friendliest staff members I ever met years travels! No request big everything asked got promt attention! They small room breakfast turned mornign get together quite entertaining met fellow travellers world.It located outskirts Karol Bargh market close Metro shopping. We asked staff pointer restaurants ended best Indian food trip. Dinner two $ 6 !!! left first right blocks street find Santos. It felt safe times walk around neighborhood.They arranged pick well transportation back airport resonable price well driver one day worth sight seeing. (even though driver wanted take us shopping times firm got us back track... I guess drivers still get comission bringing tourists bazaars..)I exchanged money well got better rate exchange office airport.We asked nearby internet cafe... owner let us use computer needs!All basic good place stay!,0.218307387057387,0.3392048229548229,Nov 15 2009
10,10,"Great little safe I stay one two occasions, start holiday end. One occasions rooms immaculate. The food good. The service warm efficient trust worthy - pressure book tours etc. And reliably booked taxi's us go train station airport.The location initially daunting- afew days India I realised norm - Karol Bagh area actually quite good, touristy get much bother.",0.2678030303030303,0.46818181818181814,Nov 14 2009
11,11,"O.K price. Good resturant nearby. This okay. The area fine, best, safe walk around. Lots markets shops go to. There awesome resturant follow hotels directions nearby resturants. (Ask desk resturants. Generally turn left end road, take right walk straight road.) Its right hand side called Sandoz. It receommendation us glad went. Get malai kofta (only nice one I actually found stay India) dal makhini. We get chicken always bit risky unknown resturnats India, partner ended wishing got butter chicken food superb!There ants room, stayed thier section far away bed. They obviously made route across room followed night. They much bother really tiny ones. Only thing I would say seal bags. I came shower find disappeared handbag sweet wrapper. I like fact much keen insects myself, like I said. They generally problem (aside leaving sweet wrappers thier path.)Room spacious, bed bathroom. Good, powerful shower plenty hot water. It clean I overal impressed price (Â£30 night expedia.) Breakfast included fine. I asked simply toast made 3 pieces toast, omelette bannana. I think give whether want it! The breakfast room small one long table guests sit. It bit like hostel sense, bad really.I'm sure I would recommend friends. Backpackers travellers find luxury. Those used hotels, might find best. I usually stay hotels thought okay, location little difficult walk around. Very busy traffic roads (as india) first time little scary walk around. All all. It okay. Didn't try room service menu (don't think resturant) prices good, sevice charge cheap chips (in fact cheaper) quite large variety food offer.It okay night. I probably stay 2.",0.20402812587023111,0.5897159565580617,Nov 10 2009
12,12,Will Not come Again The pick us airport. The rooms basicand cheaper price stayed better rooms Karol Bagh wechecked one day. Not good choice.,0.11666666666666665,0.46666666666666673,Nov 8 2009
13,13,"Great place stay madness Delhi Staff helpful! My friend I stayed 3 nights. Staff extremely helpful looked us unprepared craziness city Delhi. They flexible dates also went stay Agra one night scheduled stay came back. Staff could helpful friendly, location quite central, food great, provided us assistance taxis, prices taxis etc. surrounding places eat. The rooms spotless, beds comfortable complaints whatsoever. By end trip Delhi felt safe place stay refuge away madness streets!! I would highly recommend it.",0.40112499999999995,0.579,Nov 7 2009
14,14,"Good place crash airport station helpful staff We needed crash one night late flight early train. We needed somewhere cheap, basic good airport pickup satisfied.The airport pickup ahead schedule polite. It cost 650Rs 4 people seemed going rate.The room basic, free bottled water clean sheets, towels bathroom.The staff friendly helpful even wake 4.30am check out! Staff provided late night Thali us tasty.Could comment location amenities.",0.21161858974358977,0.49807692307692314,Nov 5 2009
15,15,"Shows Ageing Air condition working, doors make sound closing, salt stains bathroom wall, life seems old too, surrounding area bad, economy hotel. Good hours stay cheap price.",0.1166666666666667,0.4444444444444445,Nov 2 2009
16,16,"Comfortable reasonably central great staff. 5 nights Delhi single girl town exhausting business! You need somewhere excape dust, dirt noise feeling terrible flu way changing flight home, cosy enough place hole lemsip! The staff really looked well. The improvement I'd suggest western menu room service smoking policy hotel! The hot water reliable 70% time. Air conditioning likewise! Staff could helpful.",0.08777472527472528,0.5434065934065935,Nov 2 2009
17,17,"Great place start trip The clean, staff pleasant helpfull travel desk within great! Location OK, although many rickshaw drivers knew it, fortunately business card route description. Room cosy clean therefore great place start trip!",0.5707407407407408,0.7485185185185186,Nov 1 2009
18,18,"Undoubtedly nicest staff I've ever met!' On strength I read TripAdvisor inexpensive places stay Delhi, I decided Hotel Grand Park Inn. I traveled Delhi attend wedding another part city altogether. Not worry--not Vikash, driver hotel, meet airport, hotel's owner, Mr. Madan Pai, arranged Vikash drive wedding parties...and also take interesting sites around Delhi days I activities planned. I cannot over-exaggerate kindness attentiveness staff--nor helpfulness Mr. Madan Pai. When plans changed--I invited bride's family stay last part visit--Mr. Pai charge remaining two nights I booked--and presented gift upon departure. I honestly say I felt sad leaving staff....now THAT'S first!! I frequent international domestic traveler, I never felt friendly atmosphere within hotel. In addition? Nor ever felt compelled write review TripAdvisor! It Mr. Madan Pai suggested Vikash take 'AKSHARDAM'--the enormous temple/compound one imagine--containing lotus garden, main temple containing 20,000 statues 108' long/10' high elephant plinth. finished fairly recently---and absolutely mind-boggling imagine incredible place could built five years--many visitors never even HEARD it- DON'T MISS IT!!",0.24845643939393944,0.6528787878787878,Oct 29 2009
19,19,"Bad Location Situated busy road, Honking â ponking make sleep.",-0.29999999999999993,0.4833333333333333,Oct 29 2009
20,20,"Very attentive respectful staff female travellers My daughter stayed Grand Park Inn stay Delhi. We found staff management exptremely courteous helpful. Although located exactly centre Delhi, short trip away autorickshaw taxi, welcome relief Central Delhi. The street great, centre &quot;automotive&quot; trade, management, Mr Madan Pai staff many suggestions travel services...We found pick airport train station reliable safe.The rooms adequate, clean bathrooms, air conditioning works clean food room service prompt delicious. The thing mention pillows really hard uncomfortable...We thoroughly enjoyed stay would recommend anyone travelling Delhi wanting safe friendly place stay.",0.3095652173913043,0.6344202898550724,Oct 29 2009
21,21,"A Safe Haven Midst Motorcyle Mayhem Arriving Hotel Grand Park Inn I warmly greeted staff graciously assisted room 3rd floor, thankfully way hustle bustle street below. This comforting getting crazy ride... Diwali days away traffic frenetic usual. In addition taxi driver difficulty finding (I recommend printing map assist driver). I took Police Registered taxi International airport cost 250 IND rupees... real bagain!The surrounded auto shops primarily motorcyles. It real treat see locals 'pimped out' bikes hatchbacks ;) Day night men everywhere however I never harassed felt unsafe.The metro far away however getting across busy road access real adrenaline rush... faint hearted! Also close proximity Karol Barg markets. Here get excellent bargains... local international products kinds. You hire driver 850 IND rupees 8 hours, giving time security access many wonderful sights Old New Delhi (negotiate want go assisitance staff departing drivers fluent English).My room fan air conditioner heat bother me. There also plenty hot water 24 hours day... yippee! The food dinner delicious. Breakfast simple however tasty.The staff (managed charismatic Madan) friendly always asked I happy.Overall I positive experience never felt unsafe female solo traveller :)",0.23162337662337665,0.5639270253555969,Oct 17 2009
22,22,"Very clean helpfull staff We started ended India trip hotel. In total spent 3 nights recommend place. Rooms (we booked standard room) clean, comfortable reazonable size. Staff helpfull. The manager makes everything possible satisfy guests. Pick &amp; drop service from/to airport also reliable. We also booked taxi driver day hotel. Make sure preset route setting off. Otherwise brought several markets. After complained it, manager made sure get different driver next day problems. For next stay New Delhi definetely stay again.",0.11331649831649832,0.5167957351290684,Oct 6 2009
23,23,A gem During recent stay @ Grand Park Hotel Inn I impressed high level service experienced.Nothing appeared much trouble requests carried efficiently importantly smile.The rooms comfortable clean spacious well appointed. The location perfect easy access markets bazaars sightseeing areas.Transport pre-arranged hotel.The driver always punctual courteous patient! His driving skills exceptional along intimate knowledge city. I would hesitation recommending anyone wants experience real Delhi wonderful people high level friendly service stay gem,0.42055555555555557,0.6601587301587302,Sep 30 2009
24,24,"I'd definitely book budget looking good base explore Delhi. The facilities great near Karol Bagh market auto rickshaw ride away Connought place. The located heart city near biggest main shopping centre. Comfortable, well-equipped big clean rooms. The staff great efficient restaurant. Perfect helpful employees services.",0.29717948717948717,0.5964102564102564,Sep 29 2009
25,25,"Friendly management - good service - convenient location We booked day arrived appeared booking Hotels.com website reached hotel. However accommodating - got better room we'd booked impressed cleanliness.Breakfast basic enought set day.Location convenient metro station, auto rickshaws buses travle round Delhi. The owner/manager (?) Madan welcoming, full restaurant recommendations (good ones), helpful hints enough help us.Would recommend Grand Park Inn anyone wanting stay somewhere that's global chain, Indian characteristics wants good friendly service.",0.35625,0.5296875,Sep 24 2009
26,26,"Affordabe Pin Neat I stayed Grand Park Inn past 5 years impressed clean neat comfortable rooms well efficient staff GM , Mr Madan Pai finger pulse.I recommend Hotel international tourists without hesitation.Well done keep up!",0.3361111111111111,0.625,Sep 18 2009
27,27,Nice Hotel Neat Clean hotel. Worth price. I recommend hotel. The lunch complementary break fast tasty. It things look hotel.,0.3611111111111111,0.5333333333333333,Sep 17 2009
28,28,"best place stay good value money excellent service. stayed many hotels delhi, grand park, extremely nice comfortable hotel, staff great freindly abd specially owners check requirements, clean place live ....harry",0.5558477633477633,0.685952380952381,Sep 15 2009
29,29,"Have Safe Conscience! My friend I read great reviews Grand Park, decided call couple days ahead reserve room rate. It turns quoted rate phone less online offers, arrived convenient airport pickup reasonable price, given large corner room bed-room could needed. The mattresses high quality, room nicely modeled. The bathroom separate shower (a rarity Indian hotels), included extra amenities soap, shampoo, shaving kits.By far best part stay staff. The owner/manager helped us everything, arranging low-priced visit Agra, food purchases (the provided food adequate) restaurant recommendations (Sandoz, nearby, die for), even beer runs. The staff overly helpful times, that's difficult complain about. The location great reach best parts Delhi New Delhi, night market nearby nice. The easy find, well, proximity gigantic Hanuman (monkey god) statue road. The important part stay, besides quality staff, I never felt like anyone taking advantage us. The value good, much provided, nothing extra asked. I definitely return next stay Delhi.",0.29129334822883207,0.5208173904948098,Sep 7 2009
30,30,"good staff friendly, near city center. breakfast ok, good value money.",0.4141666666666666,0.48000000000000004,Aug 30 2009
31,31,"A wondrfull stresfree time. We stayed Grand Park Inn first time last year could fault it, went Delhi year, hesitation witch ring. Nothing much trouble fo staff managment. We left organising sightseeing shopping trips managment, wernt disapointed. The staff excelent ,they boys last year rememberd us. The servis clenliness second none, organisation excelent. Although part holiday, Grand Park Inn, one part holiday know dont worry about. We intend going Delhi next year, way treated everyone concerned, staying Grand Park Inn yet again.",0.12916666666666668,0.3993055555555555,Aug 29 2009
32,32,Excellent Service Excellent service. Staff accommodating helpful. Safe American travelers!,0.4833333333333334,0.5166666666666666,Aug 16 2009
33,33,Good experience It average I still satisfied stay. The thing I like much location busy congested lane.,0.22999999999999998,0.5983333333333334,Aug 4 2009
34,34,"Decent enough place nicest street. This Average Very Good (so really Good).Price fair got, ac good though noisy ineffective.Hotel organised taxi us day (recommended) however got annoyed kept bringing us places (shops) he'd get commission bought something.Would recommend can't find anywhere else sure about, must better places Delhi.Expect short power cuts (until boot generator).Food good.",0.22690476190476191,0.5882539682539683,Jul 28 2009
35,35,Excellent Value Excellent customer service. Very clean centrally located. Complimentary HOT breakfast choice continental Indian menu. Friendly staff. Provision left baggage returning guests away short excursions. Complimentary toiletries. Email response within one day.,0.37016666666666664,0.581,Jun 8 2009
36,36,"Bellow average Hotel.... Location good price much. Unnecessary huge rooms professional behaviour......and staff terriblly poor knowledged.Stay here, better option.........",0.10714285714285714,0.5714285714285714,Jun 6 2009
37,37,Value money The room stayed clean. The room service good. The food served tasting OK. All-in-All value money.,0.5222222222222223,0.6000000000000001,May 30 2009
38,38,"A modest value money Decent Hotel, good overnight stay. One could put location, food compensate it. The complimentary breakfast simple parantha type thing, tasty nevertheless. If looking decent stay without frills good hotel, bad place all.",0.3104166666666667,0.6196428571428573,May 23 2009
39,39,"Great value nonsense rooms 1) Excellent clean rooms2) Good Food3) Value moneyDownside1) No internetIf want decent room crash night, go itCheap.",0.6066666666666667,0.7433333333333334,May 19 2009
40,40,"Service Excellence beyond par ;-) Having stayed Grand park inn 2 prev trips experienced service excellence clean comfortable rooms, booked parents India holiday Mr Madan Pai, efficiently also arrnaged entire tour them. But prompts write this, this: During last days India, God's grace parents staying Grand Park Inn, mother,an asmathic, fell critically ill. Mr Pai immediately took matters hands personally, ensuring mother hospitalised, father ate, even topped fathers mobile phone airtime personal funds, gave father hundred rupees small notes could travel auto hosital. He ensured times one 'room boys' remained father, emotionaly mess mother's illness. Then, mother's condition worsened, personally contacted us South Africa informed husband situation. When arrived India, mother critical,in ICU transfered another hospital Vasanth Kunj, Delhi's traffic 45min away hotel. Mr Madan provided us car driver, cost 8 days; further, remain india parents husband returned home, Mr Madan saw fathers every comfort, ensured ate time, also topped mobile's airtime tune Rs400, refused allow reimburse him. His constant concern mother's condition touching, every one 'room boys' prayed day 'aunty's' recovery. With God's grace mother recovered almost month later travellled back home; transported airport free charge Mr Pai, made personal visit hospital bid mum goodbye. I cannot express grateful family I man's genorosity. No hotel, matter much fancier, would given us care. Not Grand park Inn lacks comfort: ample sized rooms, complete cleanliness, friendly attentive staff put many expensive fancy hotels shame. This true gem Delhi Mr Madan Pai Team: I salute you! Prinitha Dowlath Family, South Africa",0.1482843137254902,0.5095588235294118,May 4 2009
41,41,"Came India sick...left India well! We visited India two weeks Grand Park Inn base. Mr. Madan Pai staff ultimate pleasant serious service hospitality. The trips booked Mr. Pai A-1. The neighborhood colorful Inn clean looking for. We came strangers; left friends. Thank much everything, Mr. Pai !",0.11296296296296296,0.6592592592592594,May 2 2009
42,42,"great Located Karol Bagh included regular guide books.Don't put location surrounded motor parts shops well situated metro &amp; local market area 5 mins walk away.Rooms (1800 rupees double)are spacious &amp; immaculate staff smiley &amp; helful.Mr Pai,the extremely pleasant &amp; efficent manager,can organise trips wherever want current min price car &amp; driver 2500 rupees per day (same govt.tourist info office).We took trip Shekawatti see havelis well beaten track &amp; driver found everything asked see.Don't miss days available..it's stunning.",0.22916666666666666,0.42732371794871793,Apr 29 2009
43,43,"simple economy service stayed 3 nights 2 female members family. This economy paid 2200 rp per night triple room. The location ideal lone female travellers - area made car repair companies - therefore, females seen within area. The area noisy... The manager grumpy first days cheered third day. A recommendations rooms; tea/coffee making facilities; spy hole doors; iron available hotel. We booked car/guide via - driver insisted taking us specific shops route - i'm sure commission shops definately business ripping tourists. He even insisted taking us restaurant despite repeated requests go another restaurant. The location ok shopping trip karol bagh. The restaurant like small dining room - comfortable especially busy periods. Breakfast selection limited.",0.04092857142857143,0.3855277777777778,Apr 8 2009
44,44,"Excellent location decent rooms great price We happy stay here. The rooms bathrooms immaculate spacious, polished marble tile floors sufficiently comfortable beds -- everything seemed near brand new. The staff helpful knowlegable. Breakfast served conference room met fellow travelers - local business travelers others abroad. Grand Park Inn excellent value.The location Karol Bagh great. The small busy Delhi street; cow parked nearby one days there. We walking distance Delhi metro, which, takes need go, seemed best way get around Delhi -- new system trains come every 3 minutes so, although get PACKED rush hour. It still beats sitting dusty Delhi traffic. We able explore Delhi base Karol Bagh. We did, however, cross busy intersection near Hanuman temple get metro station, might prefer short rickshaw ride.",0.27330698287220023,0.5546706192358367,Feb 22 2009
45,45,"Excellent grand park inn Delhi india.We booked initialy start tour india happened arrangement cancelled due terrorism happened time mumabi flight cancelled,and contacted management considerate without fuss dealth sympathy eventualy stayed upon return leg tour ,I found manager Mr Madan Pai true gentleman greeted us utmost courtsey welcomed us warm heart impressed us greatly ,service accomodation excellent true peaceful experience throuhjout stay recommend highly visiting delhi clean reasonable charges value put hospitality service truely honourable management creditworthy staff definetley 5 star opinion.Will visit stay always GRANDPARK INN HOTEL.",0.45344444444444443,0.6743333333333332,Jan 14 2009
46,46,"Object lesson customer care I cannot speak highly manager staff Grand Park Inn, unfailingly polite, helpful friendly. I must single manager, Madan Pai, put together 2 week tour Rajasthan, Agra Varanasi us, gently adjusting planned route expectations. The driver, Malkit Singh, also attentive needs safety, always time pick us airport (we used 3 separate occasions). However, all, I would praise way looked us, especially partner, wake heart attack I suffered one night, ensuring everything comfortable providing personal accompaniment visits hospital charge. Similarly, necessary travel rearrangements made gratis, great concern health.The quiet, though situated non-tourist market area, provides good food reasonable prices spotless rooms. The staff cater every whim. This modern, soulless quaint charm.",0.24962184873949583,0.6363305322128853,Dec 17 2008
47,47,"Loved Hotel After extremely long search trying find reasonable place reasonable price stay, luckily found nice new delhi!The spotless &amp; room pretty luxurious Delhi standards, specially price range!The location pretty good, close &quot;city centre&quot; - Connaught Place, although need cross dangerous roads get metro...but part fun dodging traffic India! &amp; seen &quot;alien&quot; taking metro funny ;0)The manager extremely helpfiul &amp; I recommend use get travel package set-up see golden triangle &amp; locations, save looking hotels parts also extremely difficult, Mister Pai, manager arranged good hotels cities like Agra, Jaipur etc. The breakfast area little small &amp; food so, however good part meet travelers room share experiences, nice well.So Generally speaking, excellent value money stay Delhi &amp; comfortably.If decide take travel package, I recommend ask driver called &quot;Rajan&quot; , enjoyed travel him, great guide &amp; fantastic company whole trip extremely funny guy, HIGHLY RECOMMENDED!!!",0.23296777296777302,0.6381752044252044,Aug 15 2008
48,48,"Very nice place I spent three weeks Grand Park Inn I Delhi business made bad experiences places.The first night I spent annexed lower-priced next door - make happy, next day I could change I liked it.As I stayed unusually long period I need say I enjoyed it!The room big, TV worked well, fridge even generator (which continued working elecricity blackouts), staff friendly (all young males), sometimes struggled English. The Hotel Manager also friendly. He guys always helped I looking something trying figure &quot;realistic&quot; taxi price certain route.The breakfast, included, basic, okay, served room (there sort dinner room hotel, cozy). The room cleaned daily basis towels (2-3) always fresh. The bathroom - usually nasty place lower-priced hotels - surprisingly clean. I room next street, quite busy, Delhi always noise problem.The area certainly posh touristic neighbourhood, across street convenient supermarket also hundred meters away liquor store buy beer wine. The metro 5-8 minute walk away - quite convenient.In general, I good time Grand Park Inn would definitely recommend people want nice clean quite fair price (compared others) good public transportation close by.",0.18055998168498172,0.4866611721611721,Aug 11 2008
49,49,"Great Rooms Bad breakfast This first Delhi, found everything apart breakfast location good. The location fairly near metro however crossing busy roads required, some, may little tricky outside toursity areas free all, It's also fairly chaotic area, get see real delhi connaught place though. The breakfast abysmal, Very little choice good all, The foil wrapped toast mentioned before....not good. On good, The rooms spacious, standard felt far hotels gave us, staff friendly helpful, got car organised free take us airport arrival station departing free charge, gave us good directions without pushing us certain places. So good stay Between 3 4 definetely.",0.28859056122448984,0.5732653061224491,Jul 23 2008
50,50,"An oasis calm frantic city! Stayed Hotel Grand Park Inn January year. The staff owner/manager lovely - especially manager allowed us use computer free on-line check airport! He arranged us taken restaurants collected later charge - tipped driver.The rooms clean, breakfast adequate although toast comes already buttered wrapped foil makes extremely soggy!! I requested mine left unwrapped much better.The Hotel strange part Delhi - lots motor shops, motor bikes etc (not forgetting omnipresent bovine friends!).Tuk tuks centre Delhi extremely spotlessly clean metro inexpensive. The markets wonderful, people kind friendly everywhere seemed time feel threatened Delhi.Once get initial culture shock, India lovely place visit great escape frantic hussle bussle city - extremely cheap - Â£125:00 four nights B&amp;B two us including transport airport 50minutes drive away!",0.32554067460317465,0.633015873015873,May 3 2008
51,51,"Our stay peaceful pleasing! While searching decent clean stay Delhi-Agra trip, I really know that, I spend lot time web find one budget. We wanted clean decent hotel. After lot review study different websites, finally wife decided call Hotel, Grand Park Inn.Got really good response call.Till moment stepped allotted room, kind tensed getting expectations met. Our main concern cleanliness bathroom.We glad see clean bathroom.Food good.Felt homely, calm safe.Room interiors average.We major problem little bit noisy A/C call reception every time wanted hot water except morning hours. Management need train staff communication skills.",0.24112500000000003,0.6425833333333333,Mar 28 2008
52,52,great place stay The Grand Park Inn good clean great staff ask manager arrange tour clean comfortable hotels driver reasonable price The quite near centre Delhi safe area ask arrange pick drop airport The good value money I recommend,0.5252777777777777,0.73,Feb 22 2008
53,53,"good idea It almost impossible choose reasonable place stay Delhi. Reading reviews left hope. But quite good all.location - far CPmanager - competent (very unusual)rooms - quite big, newly renovated literally spotless - highest mark cleanliness!breakfast area - small, people waitbreakfast - rather poorroom service - quite good ( close eyes bit cheating)Generally - practically best solution price range",0.24382284382284383,0.5093240093240092,Feb 20 2008
54,54,"good stayed 3 nights, experience terrible. A lot noise staff sometimes insistent. sheets clean.",-0.3277777777777778,0.7666666666666667,Jan 26 2008
55,55,"Not Great Experience I honestly view low-maintenance visitor, I'm amenable circumstances. The Grand Park Inn reasonably priced Delhi, generally clean good morning breakfast. But location - Karol Bagh (the auto/motorcycle district Delhi) less-than-nice location, despite proximity subway. And management awful. My key complaints: (a) driver airport although scheduled (plane 1/2 hour delayed driver left); (b) day 2 (of 3), move sister despite request stay; (c) give room new out-facing window immediately adjacent kitchen, active *really* loud hours except 2-6 (so hours I slept); (d) tell morning I complementary breakfast (although I first place), requiring speak manager get phone number manager (he actualy told go talk manager rather worry himself). There's more. And might seem bit petty, frequent level dishonest disrespectful treatment really added up. I unhappy ongoing lies management. Overall, I'd rather paid better treatment elsewhere.",0.06921911421911421,0.5872261072261072,Jan 21 2008
56,56,"Pluses negatives The room rate cheap Delhi standards, clean. Hot water problematic. On first night, shifted nearby (Blue Bell) Grand Park Inn full. The elevator Blue Bell got stuck two floors power outage, 15 mins lots people shouting outside making mother quite nervous. If get shifted hotels, please use elevators safety.The area around Grand Park Inn good. We got conned nearby optician store (Punjab Opticians) Grand Park Inn owner (Mr. Madan Pai) recommended, whole area seems unsafe women night sure. A taxi driver nearby also tried con us. Someone later told us area shady.I also recommend NOT purchasing tour Agra Haridwar Mr. Pai offers. Besides high price comparison hiring private taxis, driver (arranged us Mr. Pai) forcibly took us restaurant called Maharajah Palace gets commission perks. We told take us way back Agra, still went drove wrong side road order get (other motorists staring us incredulously, rarely happens India driving crazy is)! Food Maharajah palace costs five times typical Delhi. The driver also took us place called Little Taj Agra entirely useless could get commission purchases. On top this, driver asked us wanted hire pandit (priest) trip Haridwar next day!!! The guide Taj also arranged Mr. Pai kept pressuring us professional take photos.Also, following day's tour Haridwar purchased Mr. Pai, tolerate cold, stay Khanna Palace (also owned Mr. Pai). They nonexistent terrible heating provide personal room heater needed. We ordered extra bedsheet, got wet one.Overall, cleanliness relatively low cost plus negated negatives I listed above.",0.023687499999999997,0.47780555555555554,Jan 10 2008
57,57,Clean comfortable We impressed room Hotel Grand Park Inn especially fact bathroom bath!There much hot water call reception turn hot water took 10 mins heat up. But fine got used that.The food good service also.,0.4314814814814814,0.811111111111111,Dec 31 2007
58,58,"Great stay Grand Park Inn We returned first trip family (parents, 3 boys) India. It easy cheap book two rooms least reliable hotels. To book hotels, I relied heavily reviews travellers found helpful. The Grand Park Inn first destination New Delhi also fourth stop, en route Kolkata. It pleasant reliable experience. The really central located (just go take taxi, takes 10 minutes Connaught Place). What Iliked actually feel India walk outside, atmosphere still bit laid back even occassional cow walking by. It central markets nice clean restaurants nearby. The rooms sparkling clean service immaculate, including personal tourplanning. We definitely stay again.",0.19742965367965373,0.4998647186147186,Nov 19 2007
59,59,"We great Stay! We great stay hotel. Find room hotels nicely maintained. Rooms clean, service excellent! Almost sure previous visitor staying hotel.For 25USD night, suite 3 beds. I guess designed family? Room large &amp; clean, bathroom clean good hot water supply. Sounds insulations improve bit hear dogs barking throughout night, though really bother us.Manager helpful advising us go find food, internet, organise day tour us go Agra transport airport. Overall find staff friendly helpful. Though reception desk tends rely boss, sometimes find every question goes back big boss helpful! Hence, problem big man sometimes busy, cannot get answer quickly.I agree stuff appear pushy tips. We 3 porters 'helping ' us two hand carry luggages! Though tip bit (not every time), find staff deserves really go way help us. For example, went outside look beer us 10pm, kitchen closed already, ordered room service! We also tried bargain tasty dinner great indeed!Overall, find great location (5-10mins walk metro station, 2 stops Connaught Place), great value (as long expect 5 stars hotels less 25USD night!) good service. We definitely go back visit Delhi again, hope maintain high standard, looks like pretty new me, I hoping that's reason good now!",0.3052144565960355,0.4702720817194502,Oct 27 2007
60,60,Hotel ist nur etwas fÃ¼r Packpacker oder Hartgesottene,0.0,0.0,Jun 5 2009
61,61,Lo de Grand le pega mejor por el excelente servicio que por el tamaÃ±o.,0.5,1.0,May 22 2008
