,Unnamed: 0,Reviews,polarity,subject,Dates_extracted
0,0,Loved service I reached stayed 3 nights stay good received best service.,0.7999999999999999,0.5666666666666668,0.5666666666666668
1,1,"Better Expected avail 5 star needed room. bit skeptical read online reviews . really hate old rooms . However experience turned much better, maybe got room club floor , room new modern. took peak floors, look much dated.",0.04111570247933884,0.5241735537190082,Nov 18 2009
2,2,Luxury view An exquisite experience comfort excellent food. It memorable trip.,0.8833333333333333,1.0,Nov 16 2009
3,3,"Despite musty smell Taj Palace delight I recently stayed 3 nights Taj Palace. The welcome I received extraordinary, I soon learned exceptional level service consistent throughout hotel. I stayed Club floor, outstanding. Every time I returned room, I found fresh towels ice ice bucket. The room gadgets handy internet service faster Indian I've stayed in. Only negative musty smell, hey, India I got used pretty quickly. The &quot;one free outfit press per day&quot; convenient touch. Restaurants great, gym well-equipped open 24/7, Club Lounge 7th floor great place relax, read drink snack. While inexpensive, Club floor Taj new &quot;spot&quot; Delhi.",0.3191498316498317,0.6780303030303032,Nov 11 2009
4,4,worst new delhi india always stay taj mahal trip places stay taj palace worst stay worst people lier's dont keep word phone bookings rate 400$ night club room really something bad bad ever go never recommend one ever reading dont ever go really worst place india 4 star better taj palace.i hated india stay fights last day every day.guys dont even think staying advice all..,-0.47363636363636363,0.6545454545454547,Nov 7 2009
5,5,"Good still scope improvement I stayed office mates International conference held itself. The location quite near airport opposite Delhi Ridge, small forest within city. The rooms quite large good views city windows. The furniture upholstery average looked bit old outdated, goes washrooms. The food excellent view best thing place food. The staff different 5 star hotel, always smiling ready help. Overall I would recommend one.",0.18172268907563027,0.3859943977591036,Oct 18 2009
6,6,"Not different big chain hotels I spent 3 nights October. There conference held chosen attendants. When I enter kind hotels I get feeling I place. Lobbies same, rooms dont personality, fitness clubs pools bigger, smaller, ....no big differences. So I look service.In particular case &quot;normal&quot; room 4th floor quite old showed. The bathroom old decor general looked outdated although placed LCD &quot;modern&quot; things. It clean room, also comforting.The difference I saw personnel. Incredibly kind, always natural smile faces, always trying help you, positive attitude donÂ´t see always (frequent travellers agree me) hotels.The price quite expensive I pay pocket. The pool quite big nice garden ground floor.Restaruants: Breakfast good buffet usual, dinner avoid restaurant. Food definetely good there. The indian restaurant (in opinion) expensive side food great. I dinner twice there, fortunately spicy. I missed opportunity dining new vietnamese restaurant since full every single night.Fitness club, ok.Have safe trip!",0.11265392015392016,0.4594708994708994,Oct 18 2009
7,7,Love atmosphere Hotel good staff good atmosphere.,0.7733333333333333,0.7200000000000001,Oct 6 2009
8,8,"Hotel still 80's staff makes difference Taj palace hotels &quot;Earth rooms&quot; worst, dont mini fridge, although mini bar without soda, softdrinks ice. Extra bed looks much like hospital bed. Hotel still 80's aminities concerned. By way Swimming pool insects water.Food great restaurants, need mention cuisine name menu cards Kafe Fontana.If atall makes Taj memorable experience wonderful well trained staff.",0.26,0.685,Aug 17 2009
9,9,"Luxurious We stayed one club rooms Taj Palace 2007. We 3 nights relaxing returning home tiring tour around Rajasthan. A wonderful greeting staff arrival quick booking escort room. The staff always courteous helpful.Our room lovely view pool area generally quite spacious open view bathroom (with optional screen form electric blind) - modern quite impressive.We comfortable luxurious stay complimentary Molton Brown products bathroom I could quite happily remained indefinitely.The also equipped lovely outdoor pool mini golf area. An indoor fitness centre several wonderful restaurants. The decor modern luxurious way reminds exotic surroudings, although centrally located short trip taxi (or rickshaw little thrill-seeking!). Although less enjoyable, probably advisable get transport arranged (both safer cheaper - locals assume money burn stay prepared &quot;ripped-off&quot;).The otherwise - definitely worth special occasion. The club room stayed certainly worth money although I'm sure whether rooms would match well.",0.2592103174603174,0.5600319495319496,Jul 8 2009
10,10,"10 year Honey Moon Great Hotel, Great People, Great Service. One Best I ever stayed. Beautiful nice place Delhi.",0.8383333333333334,0.7583333333333333,Jul 7 2009
11,11,"1 star rooms 5 stars price stay conference.this joke, prices roof rooms terrible state:very small, hardly place walk around bed, tv must seen 80's, old.the bathroom tops everything:the tub clogged, washbasin.the toilets must built giants, sorry give graphic details hardly stay sitting position designed high.nothing works, call several times fix internet connection wait forever get done.and hear day long: &quot;we sorry, sorry&quot;there way given 5 stars, joke.the so-called fitness center : so-called.",-0.24861111111111112,0.5319444444444444,Jul 1 2009
12,12,"Top Notch Hotel Great place stay. We one night left airport, beautiful place. The lobby huge, three restaurants, bar, mini-golf course back, nice pool, safe, rooms huge comfortable, staff friendly. I'm sure paid since booked private tour, I'm assuming lot...",0.3541071428571429,0.6867063492063493,Jul 1 2009
13,13,"A HOTEL WITH TOP QUALITY SERVICE IN ALL AREAS My wife I spent nearly two weeks Delhi attending friend's wedding, located partly Taj Palace partly The Oberoi Hotel.Despite marbled opulence Oberoi, felt Taj Palace possessed warmer personal ambience, higher level attentive cheerful customer service.The Tea Room absolute delight taking typically English afternoon tea cakes (although ninety two varieties tea offer bafflingly large.) The Orient Express fantastic dinner menu served luxurious setting, although three modestly priced eating options within suit every taste size pocket.The bathrooms could possibly benefit refurbishment/upgrade judged highest level, otherwise rooms spacious well serviced.Our final transfer airport potentially marred non arrival outside taxi booking, friendly helpful concierge organised replacement vehicle literally within minute, also contacted airport put us fast track ticketing priority made flight minutes spare. Tremendous service highest order.",0.1749084249084249,0.5943681318681319,Jun 27 2009
14,14,Great liked stay...overall experience excellent...so staff...i think sticking feature spacious rooms total area...,0.4666666666666666,0.7666666666666666,Jun 18 2009
15,15,"Exquisite countless amenities fabulous service! My husband I delighted stay Taj Palace Delhi. Everything room comfort cleanliness food, service amenities concierge even medical care, exceeded expectations. My husband got sick fever upset stomach toward end stay. The sent doctor room within hour, conducted thorough check-up, made assessment provided us numerous options resources husband require attention. As doctor predicted, husband, hydrating eating khichri (as recommended doctor), better following day, could enjoy rest trip outside room. While I wish sickness upon one (especially traveling) rest assured event well taken care Taj Palace Delhi.",0.1704081632653061,0.5505102040816326,Jun 13 2009
16,16,Loved arrangements The Hotel good ambience. The cooperativeness staff good. The food good quite bit varitety food. However veg food could better.,0.7033333333333333,0.66,Jun 13 2009
17,17,Comfortable Stay Nice ambience specially green view room.Food excellent,0.4314285714285715,0.7342857142857142,Jun 12 2009
18,18,Taj becomes addiction It located heart city. The well connected airport important locations one go see around Delhi.If wish indulge nice western cuisine...try Orient Express located lobby. This restaurant features actual dining car famous Orient Express train.,0.22916666666666666,0.5791666666666667,Jun 9 2009
19,19,"Great Hotel Very costly one day business trips Very great hotel, best class luckily got mini-executive room free wine, chocolates room view.But rates expensive peak period one day business trips costly company.But best place Delhi, doubt.ciaoronak",0.4759259259259259,0.6075925925925927,Jun 8 2009
20,20,"Late night arrivals Arrived late evening, long, tiring day Taj Palace, New Delhi. I checked pronto. Was also pleasantly surprised upgraded Club Lounge concierge club lounge continental food laid day.The club lounge also good location business discussions nibbles meal, depending upon time day.The service, Taj properties incredible. I got used pampering received Taj properties India, I would hate stay elsewhere. The property brilliantly located work. It indeed beautiful property replete one could ask for, shopping fitness/relaxation related faciliities. My regret almost visits seen getting late evening - enough time hit sack leave early morning. The pool lovely luxurious. There's someone beck call every need whilst pool, including laying titbits drink, need one.Restaurants greatThe facilities lag behind terms facilities. The main shortcoming rooms easy get short notice. However, thanks current slowdown, issue stands addressed.",0.1215909090909091,0.6363927738927739,Jun 8 2009
21,21,"Excellent Service I returned Delhi trip last week I stayed Taj Palace.I must say service truly excellent.Though I must share rooms 3rd floor still look (though good condition still &amp; well maintained) I stayed 1990'sThey could renovation.The Orient Express Resturant excellent, coffee shop (which could renovation). The Masala Art - indian resturant well .. food good, decor needs 100% change - par &quot;taj standards&quot;.Got Laundry back 3 hours, well done!Overall I must say value money, service truly excellent ..",0.48888888888888893,0.48796296296296304,Jun 6 2009
22,22,"Taj Club - A wow experience !! This 2nd visit Taj Palace &amp; enrolled program given Club room stay on. As usual check process breeze documentation 2nd stay...the hostess came till room explain everything make comfortable.Dinner alone room &amp; room service gave option go non veg spaghetti meal came time mentioned &amp; yum!!! The meal right night meal heavy dont like anyway......( hotels dont actually look &amp; guess matter getting know customers better ) Last time decided take walk next day morning time decided try gym, manager courteous best helping everything &amp; end workout even told try spa ( services complimentary ) unfortunately couldnt rush work.Breakfast elaborate one best range foods come across &amp; even friend joined couldnt help going eating looking range.Checkout perfect hardly minute sort bills.Great &amp; needless say property come back next time Delhi.",0.1782738095238095,0.44430641821946165,Jun 4 2009
23,23,Great service Great service,0.8,0.75,Jun 3 2009
24,24,LOVED THE GOOD FRAGRANCE Fantastic Accomodation For Leisure &amp; Business Both. Pools Are Marvolous. The Hotel Is Very Clean And Decor Is Simply Great. Rooms Are Cosy With Modern Gadgets To Provide A Great Time.,0.5823809523809523,0.7157142857142859,Jun 3 2009
25,25,Wonderful Palace Taj Palace luxurious facilities presented grand fashion. I wonderful experience family. The food excellent served well - The room service perfect appreciated guests too. I loved beautiful ambience cusines.,0.6944444444444444,0.8222222222222222,May 28 2009
26,26,"The Power Of A Bad Habit I writing document power bad habit sheer inertia. You may agree might sympathise. I stayed Taj Palace maybe decade now, mostly one two nights.The good part location, around 15 minutes dirve domestic airport, I would award 9/10. And that's unfortunately I end paying premium for.The good news ends there. The rooms average (except Club rooms shade better) touched since perhaps 1995. The toilets, faucets, showers installed construction touched since. Or maybe faucets changed five years ago. The goes carpets overall room upholstery.The rooms faint musty smell walk stays way hour so. The air conditioners usually rattle, least case several occasions. Sometimes rattle turned high low. So first half hour spent trying fix everything one's requirements. Which arrive 10.30 pm night long day easy thing do.There customer recognition speak of. The Taj Group, I testify court, worst loyalty programme apology customer connect. No fresh fruits greet returning guest, even half-hearted attempt recognition, nothing. To fair, Taj Hotel properties better.Obviously problems get worse see pay get. So five-star prices three three half star feel service. The restaurants similar, untouched, un renovated feel them. The breakfast okay, nothing indicate anything special. And yet, I end staying time. Because business traveller, still okay. I waiting good alternative close proximity. I sure come.",0.07216165413533836,0.4929908103592315,May 25 2009
27,27,"Excellent overpriced like Delhi 5* hotels Like mid town cousin, priced around 20 mins centre city. But service excellent afford average rooms 20000 night.",0.47000000000000003,0.58,May 25 2009
28,28,Top quality I really impressed hotel. It's top notch: really friendly counter restaurant staff. They seem gebuiely keen help tip. The expensive (to stay buy food) quality shines through. The Indian restaurant provided best food stay India.,0.45416666666666666,0.6183333333333333,May 16 2009
29,29,"Royalty The Palace The Taj Palace exemplifies India's rich cultural heritage amazing levels Service &amp; Guest Relations typical Taj Group Hotels.The expansive marble lobby Taj Palace imposing, rooms (specially newly renovated Club Floor). One feels Royal, moment one enters stay (like old Taj Mumbai) experience. A must foreign tourists visiting India.More expensive Delhi Hotels, possibly due grandeur location Diplomatic Enclave, one typically costs around US$400 per night regular rooms, Club Floors around US$600.The Rooms well equipped large LCD TV, DVD player, Internet, Bose Stereo &amp; Bose WorldSpace Radio sets. Apart customary welcome drink arrival (in-suite), greeted flowers, fruit basket, cookies &amp; bottle Chilean Wine. The mini-bar well stocked, tea/coffee maker. The newly renovated bathrooms modern fitments ample toileteries. The Club Lounge renovated, but, invited open bar Verandah, where, choicest Wines, Champagne &amp; Single Malts liberally poured us along delectable hors'de'vours. The Chef Coffee Shop prepared excellent Lebanese fare us &amp; I found reasonably priced. The Tea House August Moon speciality Asian restaurant famous The Orient Express also continental cuisine &amp; wines.Excellent Service levels through. The Taj lives expectations hospitality.",0.16664141414141417,0.4877208208458208,May 4 2009
30,30,"old still ok The old world charm , getting bit creaky, rooms large &amp; airy, carpet floor bad idea.Love LCD TV, installation top old furniture old furniture room bad idea.Missed shower cabin, location breakfast still great.",0.10142857142857147,0.4311904761904762,May 3 2009
31,31,"The Coffee Shop outstanding. Ambience Food superb. The Taj Palace made 1-day stay memorable. All around, spick-and-span surroundings delightful environment.I happy see security arrangements too, like airports. Baggage screening frisking, done efficiently. Obviously, Housekeeping Room Service flawless. However, facility would want tourist inclusive Transport Service airport. For prestigious hotel, easy provide.",0.5233333333333333,0.8708333333333333,Apr 30 2009
32,32,"Good Business Hotel Good business hotel, located clsoe airport diplomatic enclave. Service OK, would expect good Asian bsuiness hotel. Bathrooms small need updated.",0.3916666666666666,0.45,Apr 29 2009
33,33,"Great ambience A top rated business hotel. Ideally located, away traffic jams. The Rooms big spacious. Taj hotels known courtesy good food. It's really home away home.The Hotel facilities sufficient launch product. The arragements superb. Separate entrances halls really helpfull.",0.5333333333333334,0.538888888888889,Apr 29 2009
34,34,"Great food When I taj great like 5 star.The restaurant called masala art great.From music food performance.Great hospitality.Due economic slowdown hotels dropped rate,so cheap stay.",0.41500000000000004,0.555,Apr 28 2009
35,35,The surrounding greener garderns nice. Pool side sitting arrangement. Taj Palace midst beautiful greenary though man made. The hanging creepers pool side tables real treat eyes. Loved hospitality staff. The facilities room excellent.,0.6699999999999999,0.82,Apr 27 2009
36,36,Standard Taj Delhi city I think Taj properties serious competition others cut it.This solid business nothing stands besides usual high standards Taj service.The contenders Delhi The Imperial (amazing) Le Meridien Shangri-La also better Taj properties.,0.06129629629629632,0.48129629629629633,Apr 26 2009
37,37,"Staying Taj becomes expereience itself. The great thing convenient location. Easily approachable airport railway station. Very nice wooded surroundings ... something rarity N.Delhi. So itsa 5 star somehow lacks amenities services wee bit, one would expect hotel.My experience goes way back im sure much changed since then.Room service decent .. could bit better. Food great .. buffets must try.Room decor needs little upgradation, something little ostentatious. The lobby big open comfort ... much could planned there.All choose neighbouring Maurya Sharaton Taj Palace .... id say Maurya Sheraton would prefer stay.",0.25343750000000004,0.5430555555555556,Apr 21 2009
38,38,"Good Service Taj Palace Delhi Hotel I frequent. They take good care service really great. I enjoy hospitality care take. The rooms Club Class wee bit small , like rooms decent size choose club class.",0.3114583333333333,0.5239583333333333,Apr 18 2009
39,39,"Taj Quality poor location A nice hotel, good breakfast buffet, located embassy area Delhi, there's nothing within walking distance hotel... boring! I would prefer stay somewhere activity (and cheaper!)",0.10499999999999998,0.74,Mar 29 2009
40,40,"Good 4 star As hotels Delhi, high security existed. Hotel close major sites, located diplomatic community, halfway airport central sites. However, roooms clean, service excellent, food (esp breakfast) superior. Our real complaint street noise (horns) hearable trough windows.",0.3197166666666667,0.6662,Mar 20 2009
41,41,"great service though minor flaws grand lobby. fantastic restaurant. great service. average room amenities. staff attentive time. make mistake, would proceed service recovery promptly. minor flaws happen time time, see management committed provide guest maximum comfort.",0.34625000000000006,0.65,Feb 20 2009
42,42,Fantastic Hotel excellent service. definitely go back Stayed Taj Palace Hotel week wife 3 kids. Perhaps one best hotels I stayed travels. The rooms comfortable lobby impressive. The Taj hotels known service exception. The service restaurants spectacular. We chef stop every day asking us food good waiters exceptionally attentive.,0.6111111111111112,0.7111111111111111,Feb 19 2009
43,43,"Very good- upgrade twice! I stayed Taj Palace part tour two nights- start trip end. The quite grand Taj hotels Mumbai I live, still nice. It quiet I times upgraded club rooms, fantastic. The rooms plush great views- thing high tech took work use lights bath etc!! The private club breakfast room superb, business lounge excellent, room service excellent I loved little touches like brought chocolate cake straberries afternoon! Also, Molten Brown toiletries... lovely. The restaurant fine better food service- friendly. Recommended stopover business trip Delhi.",0.4718077651515151,0.7139166666666668,Feb 12 2009
44,44,"Fantastic This one best hotels I stayed in. The room fantastic, staff great. The spotlessly clean.",0.5933333333333333,0.7100000000000001,Feb 1 2009
45,45,"Not quite 5 star Stayed one night enough. Strong overpowering smell fragrant oil everywhere. Exterior gaudy facade design old paintwork make look tired unappealing. Entrance lobby good elevators leading rooms, gaudy carpets corridors tackily painted walls doors require major upgrading job emphasis detail. Rooms 3.5 4 star level. Room entrance door cabinet work gloomy need replacement. Colour coordination furniture, floor carpet, curtains taste. Breakfast okay lavish bright red floored dining area designed team 'Changing Rooms' TV programme.Acceptable place stay price say Â£100 night.",0.14967948717948718,0.5410256410256411,Jan 7 2009
46,46,"Nice Hotel pretty average! We stayed Taj Palace 2 nights. This first stop 11 day tour India part honeymoon. The New Delhi resides within residential area. We felt safe hotel, guards main gate even security staff reception area. We told gets lot Government officials staying there.The lobby lovely looks rather impressive large Chandelier. The rooms pretty average would expect standard hotel. We felt room stayed (3rd floor) little tired could sprucing up. I quite allergic sneezed lot room- sure sign dust lurking. They give us bunch red roses also cake congratulate us wedding- nice.Service good food restaurants good standard- though case Indian hotels pay lot standards.Overall pleaseant stay- bad stop hotel.",0.24342983405483407,0.5293891293891294,Dec 31 2008
47,47,"love stay enjoy alot Room Amenities: The round 100 villa rooms Portuguese-Goanese design air conditioned set beautifully landscaped gardens. All villas elegantly appointed, international direct dial facility,music, cable TV, Room service laundry serviceDining: For foodie The Banyan Tree serving Thai Chinese cuisine; The Beach House Continental, Indian Goan cuisine Caravela bar.Hotel Facilities: Other facilities provided includes fitness centre, swimming pool, indoor outdoor games, travel desk, car rental, shopping arcade, currency exchange, doctor-on-call baby sitting. Meeting banquet facilities also available",0.2425,0.4675000000000001,Dec 4 2008
48,48,"Nice clubrooms reason stay Took club room, good buy. Newly renovated, beautyfull bathrooms, seperate shaower tub, shower rainforrest shower head. All black marbel. Beds nice , duveets pillows wonderfull. The butlerservice comes room, check room, fresh juice arrival. The club lounge ok, free drinks internet.The service italian restaurant always good, clubbenefit, take breakfast lounge. But restaurant service sometimes grumpy, sometimes sloppy- times good. The food fine. The poolarea ok, beautysalon good service.If club room , reason come back - closer airport others..",0.37279356060606056,0.5889299242424243,Nov 29 2008
49,49,"5 star service 5 star price You get exactly would expect like this. Top service, impeccable room, high prices. Must one better hotels city.The level service fact bit top: someone turn tap public washroom wash hands hand fresh towel; staff give directions here, take way want go; receptions, offered something eat drink every thirty seconds, making almost impossible hold conversation anyone; everybody greets you, even workers painting halls, etc. After days, I could barely take anymore. But I hardly complain, I guess.Bed sheets wonderful; room, impeccably clean. The main Indian restaurant great food, highly recommended. The European restaurant breakfast served. Always Indian food available breakfast great. The rest breakfast fine, extraordinary.Location great. Hard walk anywhere interesting. Taxis cheap readily available time, makes easier go somewhere.No surprise price either: expensive.My meetings four days, I much choice. Not sure I would come back though I though. I thought everything bit much taste. Something little casual might feel bit real.",0.2603378378378378,0.5180780780780782,Nov 27 2008
50,50,"expomania The taj palace delhi exotic luxurious facilities one even wonder spa, gym swimming pool. restaraunts offers multi-cuisine buffet delicious dishes around world. attractive ambience place keeps adhered would surely make stay would ave expected .",0.4714285714285715,0.6841269841269842,Nov 17 2008
51,51,"Not great really We stayed twice Taj Palace two days time Nov 2008 . We ordinary rooms third floor. The room OK nothing special. The rate room 19000 night plus [ considerable] taxes - thats expensive anywhere get here.The middle diplomatic enclave armed troops security guards everywhere. Its long way places go eat. We found service like reviewers bit attentive, starts get nerves though staff nice little &quot;give tip&quot; oriented.The food poor say terrible . We tried Indian Restaurant worst expensive Indian meal month India. No pappadums example dry tastless biryanni.The buffet breakfast average standard - special touches find similarly priced hotels. They run everything [ grilled tomatoes example] time takes forever 10 requests fill dishes back up. Best luck want egg breakfast - three staff stood front egg chef filling forms I tried - seems get member waiting staff get egg ignored stand there.We tried restaurant night buffet meal - cook main course order you. As breakfast completely chaotic. You idea supposed serving you. Knives forks nowhere seen mostly missing table . Our waiter &quot;cleaned&quot; table giving used stained place mat ignored crumbs bits food laying surface. He myriad layers different kinds waiters watching completey unfazed I took cloth cleaned table myself.We ordered main courses specifically mild. When came made hottest mexican dish seem like milk shakes - mind blowingly spicy. The lamb dish came straggly little bits meat lots little bones - really truly awful food.We offered replacement dishes said could eat main courses. I ordered rissotto prawns microwaved point explosion making prawns like bits car tyre wifes called French onion soup thin small.The raita worst I tasted India - chutney spicy pappadums.All poor l food chaotic untrained service..We booked hotels flagship restaurant replica carriage Orient Express named. Its $100 head minimum experience rest food 6 meals bad cancelled booking. The bar service equally bizarre annoying. There nice seating area outside reception.near pool area. We sat asked diet tonic G T's full fat sweet full calories. No it. OK two Bacardis diet cokes please. Five minutes later waiter came back say could serve drink there. He offered us whisky brandy wine claimed thay allowed serve bacardi coke - would move indoors Orient Express bar obtain drink. We want drink inside bars ac set Alaska levels freezing cold pleasant evening outdoors. Why earth waiter could go get us drinks serve sat never explained. We spoke one hotels charming hostesses greet arrival incident clearly idea seemingly influence hordes differently garbed bar staff appear nothing all. We went inside drinks. Stay somewhere else money. Our guides told us Imperial much better food. Or save money stay Amber also stayed trip reviewed here.",0.017672991071428577,0.5035081845238096,Nov 11 2008
52,52,"Not 5-star experience Stayed suite non-club floor. Room spacious well-appointed. Liked separate dressing area. The bathroom par luxury hotel. Although reasonably sized separate tub &amp; shower, lacking several areas. First, looks incredibly dated (70's style). The water temperature erratic: shower took 5-10 minutes get warm, tub warm instantly. THe drain pipes small, shower fills several inches standing water wait hot water. The toilet makes gurgling sounds flushing. The maintenance staff agreed drain pipes insufficient.Overall, service generally attentive, somewhat erratic. The breakfast buffet fairly chaotic: getting coffee 5-10 minute process &amp; rest food okay. Had generally good service front desk checkout. The credit card company required call (as often happens using card large charge developing nation). The clerk said nothing could done &amp; insisted call credit company ourselves. Not exactly 5-star service. After prodding finally called credit card company &amp; everything went through.I would probably stay again. Rooms overpriced get. However, I become convert Taj Group staying several palace hotels Rajasthan. So, I would look smaller newer property.",0.2593614718614719,0.5058441558441559,Nov 10 2008
53,53,love service presentation husband returned husbands friend house saw Hotel magnificient never experienced never before. lovely see.,0.19999999999999998,0.6375,Nov 5 2008
54,54,"Overpriced.Will stay again. It conference chose special rates available.However, told rooms full expensive room proposed although conference organizers insisted rooms still available.We promised would downgraded possible!It took 4 phone calls 24 hours arrival reconfirm reservation.The 800 numbers I called know reservation even though I confirmation number.The emails got returned undeliverable.I told call direct paid phone .It wasted 45-50 minutes night departure Paris.Pickup airport quick.The staff nice friendly.Room smelled tobacco,looked old old TV.No wired internet,wireless internet pay for.It worked okay first day signal.Someone came room tried check laptop settings,he really tell signal unavailable low thought due outside interference.Toilets high otherwise okay.Food expensive far alternative food outlets.Staff presence: hover around every step though tip.Its comfortable.Overall might five star past needs changes now.You pay using business center well.Fitness center ordinary.I traveled lot stayed better hotels less expensive.,(usually US Western Europe).Overall, overpriced. Need upgrades amenities,downgrading 5-star status",0.07136446886446884,0.38486263736263737,Oct 29 2008
55,55,"Nice service attentive We stayed club floor Taj Palace hotel. The rooms nice clean. We booked car airport went smoothly. The driver waiting us soon came customs. Check quite smooth. However, service attentive. Every time I turned around, someone hovering. I also called multiple times (even disturb light on) review hotel!",0.42074074074074075,0.7055555555555556,Aug 9 2008
56,56,Staff stereotypes visitors I staying Taj year long term guest. The begun stereotyping female guests come visit. Having girlfriend works 5 star coming visit year now. Every time comes treat lack dignity respect. She appalled way treat people said understand still function five star hotel.There large group people I work stay Taj. Every one problems security staff.,-0.15892857142857145,0.4988095238095238,Aug 5 2008
57,57,"Superb Service From start I landed Delhi International Airport [name airport] received Taj Driver AND Guest Relations Manager 1am, something special property service. We arrived standard car greeted door exceptional quality service Guest Relations team knew name also somehow worked I tired I wanted little hassle get room.I guided room without formality taken care room welcoming butler. I upgraded non-the-less Taj Club service beyond expectation.I felt royal, important secure â team property best I ever experienced years travel.The room appointed best quality fittings India 5 star highly competitive arena â Taj Property got right.The bed luxurious, mini bar reasonably priced, food restaurants stunning. For business hotel, one stay â room rate around Rs. 11,000 (USD$250) night value money certainly served guest.This stay New Delhi opinion.Pros: Service, Attentive staff, Great food, great little mini-golf course back!Cons â None I think",0.3608844942935852,0.6430637544273908,Aug 3 2008
58,58,"Exceptional service Taj makes feel alone staying Taj group hotels excellent local standards north american travellers may find exceptional terms interiors hotel.However, service Taj Palace makes stand apart compared north american hotels.Though like king prompt service makes feel person staying hotel.Also love eat, food excellent buffet breakfast unique.",0.43825757575757573,0.6454545454545454,Jul 26 2008
59,59,"A bit tired The restaurant service good, typical Indian establishments. Rooms hallways bit tired, need major upgrade (and soon!) particularly price rooms offered. Staff courteous.",0.134765625,0.6041666666666667,Jul 6 2008
60,60,"My favourite Delhi This far favourite Delhi. Though little city, atmosphere rooms superb offer real luxury.Unfortunately, pricing forced budget, I looking pay sort price, would choice. Rooms great, restaurants welcoming staff (as would expect Taj) delightful.",0.37321428571428567,0.6785714285714286,May 15 2008
61,61,"Reasonable Hotel I stayed one night Taj Palace fleeting visit, I provide particulary indepth review. However, negative thing I would mention starting look little bit tired...but little.The staff friendly helpful room comfortable fairly spacious. It contained usuals would expect find superior hotel, complimentary toiletries, fruit chocolates. It makes good airport 15 minute drive away. Not good looking shops, hustle bustle near area seemed quite quiet.There reasonable sized outdoor swimming pool, alas I time use looked inviting!This knock feet perfectly pleasant comfortable stay.",0.24696969696969703,0.6871212121212121,May 15 2008
62,62,"Great arrived long flight newark..immediately escorted club floor, spacious suite. room , like lobby,was beautiful, amenties included snacks arrival, robes, free happy hour private lounge nightly. business centre facilities staff great. hospitality staff exceptionally good...we greeted every turn friendly helpful person. breakfast buffet enormous good variety. restaurants first class...esp good service chinese restaurant. overall good stay",0.4501041666666667,0.6117708333333334,May 10 2008
63,63,Too many problems price The Hotel lot problems price.1. They tried charge airport pickup I arranged own. I argue this.2. Noisy renovations kept I first arrived I long flight trying rest. Rattled glasses desk.3. They fiqure link two reservations wanted I staying longer.4. The front office woke 1:00am trival subject.Good points 1. Nice gym workout area2. Good food Oreint Express,0.4333333333333333,0.638888888888889,May 8 2008
64,64,"one night stop We stayed one night Taj palace start weeks tour. The look great outside - dit dated lobby quite spectacular. When arrived fully booked conference busy meant service really great. We needed lunch place could find sit pool, waited long time get served order wrong quickly rectified. The room ok, twin beds unfortunately. particularly spacious decor non-descript clean, one couple tour stayed club room sounded much better.We ate indian restaurant excellent, service good waiters helpful keen tell us eating, asked share starter gave us two huge portions price one free desert going one. The bhuna ghost lovely.All little disappointed, thought supposed one best hotels Delhi say 5 star, could bit updating pool area great. We supposed go back end tour instead flew Goa Jaipur quite glad go back.",0.2905448717948718,0.5682051282051284,Mar 23 2008
65,65,"A property decline This second time I've stayed Taj Palace, first time nearly two years ago. I thought low risk choice however last time bad, definitely declined.Check InWas swift, computer systems time know I got room choice got could &quot;smell&quot; whether really non-smoking room. Fortunately was!RatesToo high... then, hotels Delhi expensiveRoomSmall. Mine new carpet (could still smell glue) new furniture old TV bed new mattress since English got boot. Tiny bathroom. An unusual complaint toilet high ground. (I know, bad visual) quite uncomfortable! Cheap shower curtain meant bathroom floor usually wet.&quot;Bathroom smells&quot; passed room adjacent rooms. Very annoying.GymWAY TOO SMALL! About 5 6 treadmills (lifefitness), 1 old lifefitness elliptcal one new one, 2 bikes. At peak times cardio gym completely full people waiting. The weight machines weight gym obviously purchased purchasing guy trying save money good quality, &quot;set&quot; incomplete, i.e. quadricep machine, hamstring machine, etc.... half requirement purchased. With 4 guys weight gym starts feeling crowdedFoodAverage.Breakfast coffee shop quite limited buffet I sat outside one morning disturbed strong smell human faeces coming nearby drain.Room service prompt efficient. Food tasty.ServiceTypical India. A aggressively nice women working reception lobby greeting function no-one else really cared. Took 5 tries first 2 4 days train restaurant staff make good Caffe Latte. Still, one seemed take 1/2 hour! As per earlier reviews, usual handled well, new challenging hardly handled all. Delhi frustrating I'm draw conclusion good hotels there. The Shangri-La major I tried... must good one, Taj cut it... like others - especially rate $500/night.",0.056008208549192154,0.4556197809476499,Mar 15 2008
66,66,"Below par I chose Taj Palace reading TripAdvisor reports. Many reviews positive - number critical. On balance I thought Taj Palace would good choice.It - expensive - rooms old well overdue renovation, although renovated offer me. The rooms average size, walls thin meant noise travelled. The food equally expensive average. The well away attractions Delhi. The service inconsistent, ranging average plain ordinary. Simple requests well handled, anything complex requiring decision impossible. I less impressed charges top dollar standard falls short delivers. Intuitively must better choices - look elsewhere.",0.02074314574314574,0.502085137085137,Mar 3 2008
67,67,"A great disappointment A charges premium (in low cost country) fails deliver. Yes, rooms public areas would expect 5 star hotel, attitude staff seemed best separate guests cash. There seemed ability staff make decisions - everything done rule book - generally flexibility. Hospitality graciousness lacking. You left feeling &quot;used abused&quot;.Very questionable price value.",0.02777777777777779,0.40185185185185185,Feb 20 2008
68,68,"Excellent service Incredible service everyone. The staff immensly well trained extremely coutreous. The service dining staff even make sure food well prepared satisfaction hour served!!!The rooms bit tired unless work diplomatic area, far sights. The service doubt makes alot though",0.3535714285714286,0.8555555555555555,Feb 8 2008
69,69,"Nice great service I stayed Taj Palace day June 2007. The check process smooth fast. The room average size decently appointed, though bit frayed edges. The process refurbished. I wish put refurbishment long! I used room service found food good. The restraunt fine one guests really appreciated too.",0.32708333333333334,0.5516666666666665,Jan 14 2008
70,70,"nice The Taj Palace New Delhi comfortable hotel, quirks. We booked 2 club rooms three day stay. Our rooms rather small, freshly updated modern decor. There's extensive varied breakfast buffet, snacks club lounge 4 till 8 pm. The staff polite attentive, strangely uninformed; concierge unable provide us either alternative places eat area, information local tours Delhi. Also, there's information rooms included Club Room price, receptionist seem know. The quirks? There clocks rooms, though staff manage find cheap alarm clock us use asked. The bathrooms separated rooms wall glass. There shades lowered, provide illusion privacy - night, especially, everything seen shades. This may OK couples shy, rather disconcerting opposite-sex teenagers sharing room.",0.09757575757575758,0.5354377104377105,Jan 7 2008
71,71,"Great Cannot fault all. Very nice rooms common areas staff always polite, coureous attentive. Staff always greet nomatter busy. When contacted confirm booking wrongdates said would fixed. When actually arrived wrong dates still entered however fixed quickly - may travel agent's mistake, know.There great selection restaurants places hang inside hotel. Always great atmosphere. Great tourists business travellers. Room service die arrived silver trolley. The waiter, wearing white gloves, laid table room served food. He even offered pour tea put sugar in. Amazing attention detail.Great location. Would definately stay again.",0.32088888888888895,0.5666666666666667,Jan 6 2008
72,72,"Great Hotel rooms need urgent renovation We (a family four) stayed Hotel three night total Dec 2007 Jan 2008, beginning end trip Rajasthan.The first two nights, stayed Club Floor (floor seven) enjoyed nice spacious rooms, well equipped. On Jan 02, 2008, stayed one night floor three, unfortunately good memory previous stay instantly vanished sight worn state rooms. The cleanliness good, could tell rooms oldish needed renovation. We disappointed.The staff always helpful warm, attending needs. The lobby great luxurious contrasting rooms somehow.During first stay, invited share champagne floor manager (Club floor) share comments. Breakfast good, try restaurants nested quite expensive family four.The location good too, 20 minutes international airport 10 minutes city centre.If ever go back, make sure stay one refurbished rooms (but surely bears cost).",0.3053787878787879,0.5810353535353534,Jan 6 2008
73,73,"A good business I stayed week, overall pleased.The room spacious tastefully furnished, plenty complimentaryfood, mineral water, amenities included. The spa gym extremely nice --one best I experienced business hotel.There certainly lot service. From door room encounter half-dozen (at least) staff ask things are, whether anything improved. The staff provided lot timely help -- brought things room, made inquiries behalf, explained use appliances room. It also true sometimes interest helping matched ability -- cases, seemed reading script. This particularly true restaurant, staff would sometimes forget orders, nod eagerly misunderstand them.The number &quot;feedback requests&quot; get oddly high, I impression continue improve them.The near attractions -- require cab get anywhere. But I'm sure better location -- cannot easily stroll Delhi even close enough destination.One things may confusing travelers (I think reflected mixed reviews) although public areasare opulent, luxury rather like good business (e.g. Marriott). The rooms pleasant, walls rooms bit thin. Like business hotel, tend overcharge many extras (e.g. wifi, business services)-- actually, overcharge, I mean charge exactly I would pay business europe US. There travel desk really helpful bookings -- something particularly important India; solve train air problems, book tickets, arrange car driver. But could recommend arrange tours provide useful advise holiday issues. I stayed proper hotels India, I cannot say compares competition. ButI happy get place comfortable, run professionally, everything worked. The guests I met stay --- mostly business people -- felt same. As long looking (or paying) something deluxe, good choice.",0.2411878306878307,0.4847663139329806,Dec 29 2007
74,74,"One best world India beautiful maddening. One best decisions I made travelling booking hotel. The service provided absolutely outstanding. From check right room, great quiet room internet, 24 hour room service excellent selection good food, fitness centre, especially travel desk, every aspect near perfect. The travel desk alone worth weight gold. Air India cancelled two flights (careful flying Delhi fog December). The rude AI agent airport brushed off, I came back sorted everything out. Their rep even meet airport help check extra cost. Pay extra money stay Taj Club: well worth extra pampering.Minor quibbles pay internet less centrally located. Nevertheless, I would stay without hesitation.",0.3237103174603175,0.4629464285714285,Dec 28 2007
75,75,"Worst Hotel Stay price Having stayed hotels I count, I say price paid stay Taj Delhi horrible!Service horrid arrival way till check out. The room older updated since. Food average nothing more. After traveling Taj Mahal friends kids tow stayed Trident Hilton Agra, wonderful aspects. Great kids, service wonderful, would expect. The Taj Delhi hand us 2 star price 5 star.....",0.29907407407407405,0.6509259259259259,Dec 25 2007
76,76,"Receptinist NOT Taj standard I invited stayed Taj Palace four nights.The Interior definitely Taj hotels standard.The Lobby spacious fabulous lot Indian paints display. Club floor room also Taj standard,with ammenities would expect five star hotel.BUT Recepetionist NOT Taj hotels standard. They NOT helpful I ask location shop buy saree wife. I handed copy newspaperad saree shop I asked best way go there.His reply was' You take taxi ' He show intention showing map asking someone eise information.I would complain sort thing Taj hotel. Hoping check soon.",0.3,0.37142857142857144,Dec 23 2007
77,77,"Stay Away Unless Like Rats Room Stayed great experience another Taj Hotel. Stayed Club floor paid $1,000 US two nights small room. The staff pleasant well meaning, tell comes handing problems. At 1:30 working computer, big, fat obviously well feed rat scurried around floor room bathroom. When I called floor desk, helpful moving apologies nothing manager. I e-mailed I left, along Taj management offices responses. I sorry, one big rat seventh floor (where sort food facility due club room), likely rats. It amazing I paid much rat infested room, fact apology even acknowledgment issue really telling. I understand occasional problem, even respond tot guest acceptable. I stayed great hotels world I first time I deal rat infested room.",0.1862962962962963,0.5196296296296298,Dec 16 2007
78,78,"perfect service rooms need updating rooms nothing write home about, I even bother take photos reviewers' photos representative state rooms, comfortable worn (i.e. carpet stains, dated bathroom)but aside 's service best 3 hotels I stayed trip (Oberoi Agra &amp; Samode Haveli Jaipur two) travel desk (a lovely girl called Amrita) took care whole trip train tickets car pick (airport, agra Jaipur sights along way incl fatehpur sikri), plane tickets Jaipur Delhi &amp; etc, everything seamless response quick, even gave direct line saw morning local taxi delhi agra train case anything went wrongthe check process also painless, greeted moment car arrived driveway &amp; ushered room quick room check + welcome tea + snackslike I said rooms bit old side lobby fine (reminded Mandarin Bangkok)would I come back again? yes, least efficient help travel desk",0.2784313725490197,0.44117647058823534,Oct 28 2007
79,79,"You want customer service? You've got here! We stayed one night heading Agra..and is.Beautiful, elegant, friendly customer service second none. When checked upgraded - reason, breakfast thrown free - reason complimentary champagne delivered room - reason! The staff incredibly friendly stunning. Set good location, ten minute drive centre Delhi. The grounds neat pretty pool good size clean. The lobby restaurants ample size ever needed stay Delhi would one Imperial, Shangrila Oberoi day.",0.37847222222222215,0.6,Oct 23 2007
80,80,"'Yes fine please stop asking feedback time!' Spent weekend August 2007. The absolutely fine I'd stay again. If look dictionary 'anonymous international five star hotel' find something like this.Two things aware though. The first refurbished - moment sixth floor, construction thirteen hour day, seven days week job. They mention I checked in, hindsight I moved rooms offered, I downstairs drilling. Though knew this, I put first place? So I'd check refurbishment going book, make sure get room away work.Also try avoid rooms overlooking entrance. Buses park engines A/Cs running, waiting tour groups. Indian A/Cs quietest, certainly disturbed sleep, shame otherwise quiet location.Secondly, felt like wherever I went I constantly asked I thought it. It gets difficult think nice things say, really want say much rather left alone. They even sent detailed questionnaire email afterwards ask even feedback.When I got home Mumbai, one friends works (non-Taj) I used live told Taj used work competition Palace see could collect feedback. Not surprisingly prefers new constantly pester guests.Finally though, I would recommend Masala Art restaurant - far best Indian meal I've since moving India. And feedback requested either! They probably already know they're good.",0.2278658841158841,0.46467421467421477,Aug 26 2007
81,81,"Excellent aspects Stayed 5 days, time meet Guy Airport Pickup, experience Service : highest level. The facilities in-room cafe's venues within match service well. I get feeling staff categories give highest priority Customer Service.They willing extra bit make stay comfortable.The food also great. The negative comment I make environment around - shopping opportunity within short walking distance, positive site located Diplomatic Enclave makes safe venue. Additionally cab service (Rs. 50++ Per km, 1Hr Min Charge Rs.500) great job - visit place without risk. The Drivers also speak basic English, carry cellphones etc ensures drive perfect stay.",0.29659090909090907,0.5425324675324675,Aug 4 2007
82,82,Impeccable Service I stayed Taj Palace three nights whilst New Delhi business. The service extremely good cannot faulted. I offered complimentary ice cream coffee meal last night arrival I upgraded &quot;club&quot; room. The staff go way helpful everyone (without exception) extremely courteous polite. My room seventh floor good view city including india gate immediate area surrounding green pleasant. The main downsides starting look little tired outside bathrooms spa 5 star quality (although 220$ per night perhaps rack rate reflects this). My bathroom club room small cramped fittings probably least 5 years old. Similalry showers toilets spa could updated. Other things aware of: Delhi 25% tax added room rate 12.5% food spa prices 20% alcohol overall experience good value might originally anticipate; cannot really walk anywhere hotel.,0.1938636363636364,0.4467918313570487,Jun 26 2007
83,83,"They Call This Place Palace?? The Taj Palace may luxury resort....in 1980's! This outdated decorations antiquated I felt I taken transported back 80's. Whoever defines place luxurious five star past ten years. This certainly five star hotel, especially today's standards. Its better average Hilton Marriot city. I disapointed stay Taj Palace I heard many good things place, stayed several Oberoi Resorts hotels Delhi, hold finger comparison. The service outstanding. In fact stay notified would construction floor us would begin 9 am. We asked could switched another room told full, doubtful. The noise construction atrocious. I've front row rock n' roll concerts able hear clearly I 9 room Taj Palace. The woman behind desk apologized little. The embarassed would subject guests conditions. This search luxury even &quot;nice&quot; hotel. However, families people traveling budget I think would certainly suffice. The bottom line I highly embarassed suggested group people I staying especially I picked many spectacular hotels like Oberoi Agra. It mistake I would return.",0.01150729646697389,0.5204147465437787,Jun 22 2007
84,84,"Taj Palace needs reality check There indifferent sometimes absent management response long stay customers object constant construction noise. The food menus rarely change, part, food good value money.",0.08,0.5466666666666666,Jun 8 2007
85,85,"Loved Taj Palace This excellent hotel, service, food ambiance amazing. We arrived Delhi 3:00AM therefore, allowed room right away. But night manager leveled us said pay rate regular room night would give us room club floor duration stay, definitely worth it! The bad thing I say sister I mildly electrically shocked two different socket room, serious, leave us little frazzled, Manager duty immediately sent doctor see us, changed room right away, transfered suit. The food great, breakfast best I anywhere world, service beyond amazing. The entertainment dinner also great, singer named Sebastian really nice great voice. If chance, try spa, massage scrub done fabulous. Overall, great stay Taj Palace!",0.3329968944099379,0.6470297818123906,May 3 2007
86,86,Pleasant Stay I stayed Taj Palace April 22nd transitting Delhi. The staff pleasant professional expected 5 star property. I booked pick drop airport helpful. The room bathroom smaller I expected amenities. Bottled water coffee maker complimentary. I put fifth floor although quiet throughout night noise started early morning stayed day. When I complained explained renovating sixth floor hence noise. The noise horrendous. It load banging I felt floor going come through. The agree change room rest day I checking later day worth it. The beautiful room service excellent renovation really spoilt stay. I stayed Imperial last year found better history wonderfu artwork. If anyone already booked Taj make sure fifth floor seventh floor. Apart good.,0.2888333333333334,0.485111111111111,May 2 2007
87,87,"Excellent choice This clearly one best Delhi. While there, hosting conference VIPs around region. It definately disconserting frisked upon entering guards rifles roof, front gate entry distracting say least. However, upgraded family lovely suite connecting room kids. The restaurants first rate pool health club! We trated well. If I complain anything, besides armed guards, would electronic systems lights iand showers rooms way complex! Having said that, great hotel.",0.3597222222222222,0.5129629629629631,Apr 4 2007
88,88,"FANTASTIC Service Hotel -- A great last night India My family 6 stayed last night India. We come week trip Palace Wheels arrived 8:00 a.m. morning. They able get us room 9:30 a.m. (2 1/2 hours earlier normal check in). We 3 rooms placed us floor next other. We staff person come room show us amenities room. We extremely impressed. They even sent complimentary cappucino juice welcome gesture. The rooms nice, huge (like Ambassador) comfortable). The service definitely made it.We wanted dinner 6:30 since leave 3 catch flight. They normally id open early dinner, made arrangement us eat early. We ate tea house would highly recommend it. The decor restauraunt fantastice (very chinese). The food delicious even brought complimentary cake found parents celebrating 40th anniversary last night. They took picture polaroid even put frame. The service outstanding!As front desk reception area, could always find help. When wanted go shopping, one attendants (Rita) recommended rent taxi day (which I highly recommend). For 5 hours, negotiated rate us 500 ruppees (about $12). She gave us pointers attentive.My husband used facilities -- pool, sauna, steam room, massage. It great experience him. The massage expensive, well worth it. The locker area separated men women nice jacuzzi steam room.Even left 3 a.m. seemed full staff duty. Overall, LOVED would highly recommend it. It bit pricey, thought well worth it.",0.2528378378378378,0.49310810810810823,Mar 31 2007
89,89,"First stay India Booked Taj via Castle King part one tours. Lovely hotel, room clean, staff helpful friendly, food superb, particularly Masala art restaurant. Would definitely recommend.",0.37976190476190474,0.5880952380952381,Mar 20 2007
90,90,"Very pleasant Stayed one night Feb 25th, 2007. Based comments Frommers, place recommended list 5-star hotels Delhi, prepared so-so experience. Instead pleasantly surprised find level service facilities truly first class. Given choice, would probably still rather stay Oberoi, far behind.",0.17066666666666663,0.7866666666666667,Mar 5 2007
91,91,"Long Stay - Great Experience I stayed nearly 2 months I would definitely recommend anyone travelling Delhi.The well staffed 4 restaurants, 1 bar lounge. It fairly large, well maintained swimming pool well gym facilities.During stay, hosted number conferences weddings, never seemed over-crowded busy.The rooms massive big enough room keeping staff spectacular job.If want something special, say extra water bottles day, good idea chat room keeping staff, possible, leave note 100-200 rupees enclosed stating request.A colleagues problems room bill - I - make sure take note everything charge room.The interent expensive, staying longer days, make sure ask discounts wireless connection room use laptop.The V-shaped around swimming pool. Even numbered rooms face towards road entrance drive get traffic noise. It's loud may annoy people. The odd numbered rooms face onto pool although view better, noisy late night, hosting function/wedding.If staying long time, require additional space, ask availability corner room, almost double size price.The uses swipe cards access keys room. Make sure get 2 keep away mobile phone, ability interfer magnetically stored information cards. Most people problem access card stay, seems never ending sometimes, usually pretty quick send someone new card.The diplomatic quarter, least 15min drive anything might want see do. There nothing within walking distance, stay hoping walk India Gate Old Delhi! Taxi cabs readily available afford them, expensive cars work around clock.",0.12998453927025358,0.5127489177489176,Feb 27 2007
92,92,"spring club level! newly renovated club level simply die for. frequent traveler, I bowled level service check check renovation business friendly, yet fun comfortable room club level. Only issue ran fact arrived bit late breakfast staff pleased....that bummer price paying, special dining area not. HIGHLY recommend.",0.1446369539551358,0.5180106257378984,Feb 16 2007
93,93,"Five Star Service way I stayed Taj Palace ten years ago, thought okay -- nothing special. Now I'm actually AT Taj Palace right I overwhelmed wonderful service is. I staying club level room, well worth upgrade. You get free breakfast order anything like, get butler service makes feel like personal Jeeves, get free laundry services, free shuttle airport. Also free internet club itself. The rooms exquisite-- fabrics top quality, towels fluffy, toiletries plentiful. I stayed Shangri-La Manila, pretty stingy sub-par toiletries, welcome. Also, toiletries Molton Brown, I adore. The bathroom marble granite, huge lit make-up mirror, I really appreciate. The room also spacious, desk two chairs, including loveseat, coffee table, large flat screen TV.The view room also amazing, right across swimming pool park beyond.My quibble closet space two people rather cramped, bathroom could smidge bigger.",0.32271428571428573,0.587857142857143,Jan 28 2007
94,94,"Fantastic Stayed almost two weeks, fantastic hotel.Service excellent.Particularly recommend chinese restaurent, food absolutely wonderful.",0.45,0.7,Jan 21 2007
95,95,"soulless luxury It easy find good reasonable price delhi. For last two nights journey chose one top hotels. The building impressive spacious rooms excellent, large quiet. Five star standard perfectly. The staff friendly always next you.On hand far city center diplomatic area. Totally boring. The place interest cafe side road eat drink ten times cheaper meet indian teenagers.The full luxury lacks style atmosphere. Cold marble flooring. It could anywhere else.Our budget reservation via internet without breakfast unfortunately nothing surrounding go snack morning. The opposite cafe opens 10 am, smuggle food room next morning.Funny thing, higher accomodation price pay additionally.The standard room charge much overpriced, find large discounts booking via internet.",0.13123015873015875,0.4963492063492064,Jan 6 2007
96,96,"Loved Taj Palace Right word go perfect. On arrival Delhi international airport I met assisted Taj staff escorted spankingly new Toyota. The provides complimentary airport transfers back guests stay Club floor. At lobby I welcomed Taj hostess took straight room 8th floor. All rooms particular floor recently renovated. You enter different world altogether enter room. It done quite painstakingly. It modern room I ever stayed in. Being travel professional I opportunity visit stay many wonderful properties across world. But standpoint room decor, fixtures fittings one beats almost all. Bathroom amenities sync class room. The food outlets absolutely top class whether cuisine Chinese (Tea House August Moon) Indian (Masala Art). Service flawless throughout. All I great experience. I love Taj Palace, BEST New Delhi.",0.3923960097873142,0.47296254470167515,Dec 11 2006
97,97,"Great great service I spent ten days hotel- business trip. It first trip India I pleasantly surprised met airport car hotel, drink hand towel freshen with. The diplomatic enclave city, well situated. The staff extremely helpful solicitous, often took care needs I knew I them. The room standard double, well furnished clean. The steward offered fresh fruit juice drink took care check-in details me. There several restaurants hotel, favourite Indian, menu went days. Again, service excellent. Breakfast served buffet style cafe, chefs would cook almost anything asked for. There western style food (bacon eggs) well Indian, plus array cereals, fruits, juices (fresh squeezed), etc.From business standpoint, Business centre well-manned everything necessary. It located lobby, quiet.. The also nice fitness centre (though I use it) spa. I two massages trip, excellent- Indian Traditional massage extrememly relaxing, back/neck massage thing long day front computer. There also well stocked store hotel- nice quality shawls, jewelry, ties, books items might need take home family. Again, great service. There nice terrace outside, well pool, I use. I happy stay hotel. If I criticise anything, would air conditioning, I found bit cold. However, turn room evenings, fairly comfortable case. That minor detail, though, enough really complain about.Overall, nice, traditional large gives healthy dose Indian hospitality.",0.26948519948519944,0.5846010296010296,Dec 5 2006
98,98,"Its Good! Not bad all!No, really quite good!Reception large, clean, modern full great staff, helpful. They helped find obscure address Delhi.Room comfortable quiet, I good nights sleep here. Bathroom also good.View front fine.Swimming pool OK, areas like changing area getting bit shabby need tidy up, otherwise OK.Dinner Breakfast great, excellent buffet, lots choice, good quality.Yes, I would stay again.",0.49270308123249296,0.5928571428571427,Nov 2 2006
99,99,"A real luxrious Hotel It best stayed in. The staff co-ordial gr8 thing Taj general take personalised care you. I went Delhi competition surprised staff also wished leaving venue. Spectacular rooms, nice srvice great ambience makes wonderful experience.",0.5437500000000001,0.70625,Oct 10 2006
100,100,"An oasis calm... The Taj Palace oasis calm hectic Delhi. The staff professional friendly..... The Orient Express Restaurant lived reputation one top 50 Restaurants world, The food service excellent.The room small side , good views pool.Overall good stay... would use Delhi.",0.34062500000000007,0.525,Sep 27 2006
101,101,"excellent business traveller Superb care hospitality, great attentiveness, faultless luxury transportation airport, sound restaurants exec areas. Very inspiring much recommended.",0.7385714285714287,0.7814285714285714,Sep 12 2006
102,102,"Good Hotel Stayed Hotel mid June two nights. It excellent property exclusive New Delhi locality. Had problems checking in, two-room reservation available due overbooking. Were upgraded single suite room tough talk. The front desk staff need shape cater travellers needs unearthly check-in hours. The hospitality team made tardy front desk staff. We double billed stay, credit card companies fix this.The property great, food good, location great, front desk staff need shape up.",0.29623432123432125,0.49824342324342324,Jul 28 2006
103,103,"Absolutely Wonderful This first trip India read lots reviews hit &amp; miss hotels, I wanted stay upscale, reliable place. After searching net places prices, I came upon amazing rate Taj Palace Club level rooms, booked (about 2 weeks prior travel). Our reason travelling India entailed stressful experiences, I wanted stress free possible.The Taj disappoint. As club level guest, everything first class, absolutely perfect. We arrived 1:00 a.m. local time, staff whisked us checkout room - pillows overstuffed quilt, waiting bottle wine, fresh fruit &amp; flowers room, electronically controlled lighting, electronic safe special breakfast/tea buffet room Taj Club level guests.The amenities end room/floor features. The staff attentive without obnoxious. We never asked tip anyone never pressured anything. All prices exactly stated hidden fees. The serving staff buffet room addressed us name morning end stay knew wanted far food &amp; drink. Service always readily available encountered problem (of creation) maintenance staff right within 10 minutes.The food absolutely wonderful. We room service twice ate restaurants three evenings. The lackluster experience Chinese restaurant. The Kafe Fontana marvelous room service without compare (white glove, individualized service). The pool gardens looked quite inviting, weather stayed cool throughout stay, get experience swimming.Overall, one best experiences we've ever had. Definitely 5-star place extras (and we've stayed many hotels throughout world).",0.33892609126984125,0.5459697420634921,May 28 2006
104,104,"loved We stayed Taj Palace two week long trip North India. This absolutely stunning, true 5* hotel. The pool great. We club room give free water bottle red fresh fruit. The room perfectly fine. What I must commend service, absolute best service ever. And mind work airline travel lot. The staff attentive. They actually told us go shopping G.K-I market and/or central market steel products, former fixed prices best restaurant ate Delhi. The breakfast good. We kind indonesian salad pool worth it. We room service good. The bar expensive taxes alcohol, buy bottle street(around $3) mixers good go drinker. We also ate Zen C.P. great chinese food. We used taxi driver whole time stayed nice honest. Mehar Chand-you actually ask I think car # 2738. 300 Rupees 4 hours would pick us told every day. This expensive, really hotels Delhi are...but definitely worth it...we also stayed Intercontinental Grand...and one blows away really. Also, concerned center...don't even worry it...it's issue really going walk around....you take cabs everywhere...the city really dirty extremely overwhelming.I hope helps great trip!",0.28030701754385956,0.5067105263157895,Apr 29 2006
105,105,"Taj - Great Stayed Taj Palace April 2006. First night India long 14+ hour flight. The impressive staff excellent speak good English. We booked rooms Taj Club directed 7th floor check-in. The two complaints I make 1) 12:00 PM midnight, rooms ready. After traveling 17+ hours, ready sleep. Also, bar closes early, around 11 PM. However, walk next door ITC Sheraton, who's bar club great, open longer.I hesitate stay again. Staff friendly helpful. Booked one day sightseeing tour travel desk. They knowledgeable, friendly, great day. Rooms nice, pool nice, lobby comfortable. They even bottle Italian red wine room greeting.",0.35,0.5427536231884058,Apr 7 2006
106,106,"Great Servicerooms little glum Stayed Taj Palace Delhi 3 nights business convention.The impressive service really superb.No request difficult ever-attentive staff.Hotel huge great pool,restaurants,bars,night club shopping mall.Room little old fashioned side terms decor although first class amenities i.e tv,wireless internet access,safe etc.All safe bet Delhi.",0.28863636363636364,0.603030303030303,Mar 3 2006
107,107,"Expensive but.. After spending 10 nights, I say:Ups: - staff helpful attentive. I needed helpto clear stuff customand helped me. Generally speaking,the service always quick. - My room very, quiet. It true luxury room end OK, clean big enough. - For people like cannot stand indian spicy food, evening buffet always continental food. The morning breakfast's buffet excellent.- bar business center open 24hr day.Downs: - almost 300 eur. per night itis overpriced, prices Delhi.I talked many people expect finda five star much less.- set probably cleanestpart India - diplomatic enclave - can'treally go walk. The area full ofdiplomatic military buildings facing huge roadsfull traffic. Overall I would choose I haveto go back.",0.13731884057971017,0.43514492753623185,Feb 19 2006
108,108,"Over priced Went stay sadly let price state room tired smelly dirty, staff quite helpfull, unable offer better accomodation time would reduce 280USD price, opinion excesssive, considering state room",-0.2759259259259259,0.6314814814814814,Jan 30 2006
109,109,"Business trip I stayed August 2005 received excellent service. The rooms clean. The good location close airport (15-20 minutes). The mini-putt course really neat. The onsite restaurants excellent well. Good buffet superb service. Overall, nice stay I New Delhi.",0.5813030303030303,0.6764545454545454,Jan 22 2006
110,110,pleaseant Delhi,0.0,0.0,Jan 4 2006
111,111,Luxurious noisy,0.0,0.0,Nov 29 2005
112,112,Nice enough,0.3,0.75,Oct 26 2005
113,113,Very Nice Hotel,0.78,1.0,Oct 26 2005
114,114,Business Taj,0.0,0.0,Sep 11 2005
115,115,lovely hotelgreat service,0.5,0.75,Sep 3 2005
116,116,Not expectations,0.0,0.0,May 16 2005
117,117,Not missed,0.0,0.0,Mar 29 2005
118,118,Great,0.8,0.75,Jan 10 2005
119,119,good alternate south Delhi,0.35,0.30000000000000004,Dec 28 2004
120,120,Lujoso pero alejado del centro,0.0,0.0,Nov 14 2009
121,121,??????????,0.0,0.0,Aug 16 2009
122,122,Hotel de ensueÃ±o,0.0,0.0,Jul 23 2009
123,123,excelente,0.0,0.0,Jun 3 2009
124,124,???????????????????,0.0,0.0,Jan 3 2009
125,125,Meraviglioso mediocre?,-0.5,1.0,Jul 7 2008
126,126,Que estupenda sorpresa,0.0,0.0,May 19 2008
127,127,Le TOP QualitÃ©/Prix Ã Delhi,0.5,0.5,Dec 1 2007
