,Unnamed: 0,Reviews,polarity,subject,Dates_extracted
0,0,"Great place stay Delhi near center city This first trip India I idea stay. The Jaypee Siddharth selected business representative Bangalore 4 night stay good experience. The purpose trip business desk chair relatively spacious room third floor good reception wireless internet connection. The internet connection 400 INR per 24 hour period additional charge unlimited sign on/signoff. The access speed good, 54.0 Mbps.The location good HDFC Bank 24 hour ATM 1/2 block east along elevated metro line. One block west Rajendra Place metro station four stops Connaught Place metro stop one shopping districts. The pool seems recent upgrade welcome surprise. I swim exercise stress relief pool least 20 meter maybe 25 meters long. Although primarily lap pool, center rectangular section wide enough 4 lap swimmers. It clean even morning torrential downpour wind storm knocked power parts Delhi flooded roads around city.The restaurant lobby one restaurants I tried stay good breakfast buffet Indian vegetarian dishes fresh fruit selection. I eaten Indian food much bit spicy I really like them. The dishes offered buffet well prepared excellent service attentive friendly staff.",0.30302469135802473,0.5104938271604939,Aug 22 2009
1,1,"Decent Stay Jaypee We attend wedding Patelnagar, decided book 2 week stay Jaypee.We got great deal online, Rs5250 per night, perfect. The experience I hotels Delhi, staying Maurya last trip, I may best idea Delhi hotels like. If Mauriya qualifies 5 star, I would give place close 4 star (3.5 would probably fit bill perfectly). Before giving review, I would like say I would defiinitely stay again, especially I got rate. So review:1. THE GOOD:-Small elegant lobby, bar restaurant attached. restaurant bar definitely give 5-star type quality, westernized. Drinks provided check-in. -Lots pretty ladies working behind desk, overall kind, courteous, accommodating staff.-High quality rooms, hardwood floors. central a/c, plasma TVs, marble bathrooms. Similar Maurya's standard rooms (without nice carpeting).-Great bakery. lots U.S. style cakes pastries, reasonably priced (also 1/2 price 8pm).-Free Breakfast restaurant lobby. Great food, excellent service. This place open 24 hours, great selection Indian western food. The even steaks cheeseburgers! Tasty French fries.-Awesome room service, amazing meals 4am, since still U.S. time first got there. Everything freshly prepared. This especially appreciated disappointing meal 'Bukhara' restaurant ITC Maurya Hotel (I'll write review also, wanted go back great meal last visit stayed Maurya). -Great laundry service.-Excellent spa service (as per wife, I never saw it).-Great beauty parlor women-my wife used help get ready every even wedding (I think spa, I never saw personally).-Free bottled water daily-this really helps, especially U.S.2. THE BAD-Location: family area, businessperson working &quot;Karol Bagh&quot; area, maybe disappointed, attractions nearby. However, really perfect family area (like I do), area conduct business (the area seems big business center lots offices stores). -No slippers, robes, alarm clocks (or timepiece) room.-No ironing board iron, ask these.-They let Domino's Pizza Hut deliver hotel.-Rs 400/day internet access-Comeonnn! comped us free internet, especially staying 14 nights!3. THE UGLY-Quite days without hot water- The seemed problem floor hot water. I say attempted fix problem several times, sent people fix quite quickly, recurring problem throughout 2 week stay. Since quite hot May, mind taking luke-warm shower.-Although fully renovated, 2 days lots banging drilling room. It afternoon only, again, reverse schedule days wanted sleep (we got week wedding get sleep jet-lag).Once again, overall great stay, money, better deal 5-star types area. For price, I would stay hands-down Delhi. That coming demographic family usually stays Hilton/Sheraton type hotels family trips, Ritz-Carltons business.",0.23063492063492072,0.5346560846560847,Jun 20 2009
2,2,"heaven earth Jaypee Siddharth one finest five star New Delhi. The hotel's proximity Connaught Place 3kms made preferred stay option. It Ideal choice leisure business travellers.Jaypee Siddharth stands tall beacon comfort hungry Traveller, every wish pampered, every member staff every facility dedicated make return Boutique luxury hotel, time time.Being business trip here, attending conferences colleagues, I ample opportunities unwind comfy room view nothing less heaven earth.The stay marvellous, especially food ambience restaurant I option dine interesting outlets like Paatra, Indian restaurant, Tapas, lounge bar, Eggspectation, resto-cafe, Old Baker, confectionery shop.Plus superb experience SPA enlightens soul supreme ecstacy.",0.3528138528138528,0.6030303030303031,Jun 17 2009
3,3,"Lovely Amazing word. Wonderful hotel, wonderful ambience wonderful staff. What place..a treat everybody..",0.82,0.93,Dec 7 2008
4,4,"Can't Wait Go Back !! Well I found Hotel Siddharth one Comfortable Hotels ..and yah ofcourse I truly enjoyed leisurely stay there.. The Hotel almost required facilities like Swimming Pool , Doctor On call , thing liked comfortability quality food ofcourse service provide quick ..The lobby beautiful staff friendly , fact whole nice ambience it. For gud experience stay siddharth came Mumbai attend best friend's marriage ....so felt relaxed!!",0.506439393939394,0.6181818181818182,Dec 4 2008
5,5,"Much Better Expected We travelling tour party read reviews I looking forward staying here; however, I pleasantly suprised. The foyer modern welcoming, reception efficient room second floor clean comfortable. Other members party 4th floor yet refurbished impressed. The food good, including afternoon tea delicious cakes patisserie foyer. Staff helpful efficient. The location never going win prizes fairly close sights New Old DelhiThe outside swimming pool closed major refurbishment, well weather unseasonably cold. A good business/tourist hotel.",0.24869318181818184,0.5423106060606061,Mar 15 2008
6,6,"Not bad all! This first time India went walk Gift Show. As busy time, travel agent tried book several mid-priced hotels us luck. Spending $500 - 600 USD per night much. So glad managed book Jaypee us $300 USD per night still quite high thought would pay mid India. Then I went onto Trip Advisor read terrible reviews became quite apprehensive - bringing towels bedsheet case bed dirty. I also sales agent ask make sure renovated room confirmed back quickly. Our contract included airport transfer arrived, one Jaypee. Not good start. We called said record needed pickup. We got taxi headed towards hotel. Having traveled extensively Asia, nothing prepared chaotic traffic Delhi. Everytime I got car, I prayed get safely. When got hotel, I impressed small yet elegant lobby. The check-in breeze learned using wireless internet breakfast complimentary. I apprehensive room I got in, I could tell fully renovated hardwood floors marble bathroom. There even flat screen TV. Though room small, spacious two people air conditioning works fine. The room clean I problems using towels sleeping bed. You hear street noise honking cars, really bad.The breakfast pretty good well made-to-order eggs bacon along spread traditional Indian food, fruit, cereals, etc. We also dinner twice Indian restaurant Praata good reasonably priced.All all, complaints compared much expensive 5* hotels, good value.",0.20403153153153153,0.5680330330330332,Mar 1 2008
7,7,"Not Good The general appearance nice. I read reviews advising avoid agent booked contraryto request advised refurbishment completed. IT IS NOT.We night good. The first room put us really strong stench smoking. The second room little better pretty tired put it. The paint literally peeling wall, particularly clean little warning sign asking excused forthe noise experience renovation. We discovered fridge work kettle work.We get 3am early flight otherwise I would moved rooms using 5 star accommodation really put rubbish (most sites list 5 star property)",0.08916666666666667,0.5481481481481482,Oct 19 2007
8,8,"Jaypee Siddharth recommended renovations The City Park Hotel much better, less expensive alternative. This renovation access elevator next level (not fun suit cases). The air condition work time throughout entire building. They construction patio 8pm. Rather put people upper floors away this, put right it. Despite Orbitz reservation, fihgt everything confirmed King sized bed airport transfers.On way back, called &quot;local&quot; taxi without air conditioning take back.The bed hard rock - matter size.Internet work first night.The breakfast buffet better hotels I seen normal menu dinner good.One good thing right metro line (Rajendra Place).",0.09674185463659146,0.4085839598997494,Jun 27 2007
9,9,"Way expensive Some rooms still renovated, look like 15-20 years old, mean charge less put room...The aircondition seems absolute must, arctic temperatures seem acceptable guests. Got stiff neck first day! Draft lobby, bar, breakfast restaurant ...By way, talking breakfast: If take omelette fried eggs (which propose you), pay extra!It's location central, means also noisy. And since invest noise-proof windows (or insulating windows save least energy matter) means also rooms terribly noisy.Staff helpful nice, I used Jaypee Hotel (Jaypee Vasant Continental outskirts Delhi - much better!), make drawbacks infrastructure absolutely outrageous prices.Internet week: 100$! (sorry, unacceptable, whil hotels provide free...).If want value money, choose another hotel.",-0.09373433583959899,0.5940789473684212,May 12 2007
10,10,"Discusting ! Bad Location ! Unclean ! I misfortune staying god-forsaken midst chaos Feb 3 4, 2007. I firstly given room interconnecting door ! nice feature ! You hear neighbours nocturnal noises etc.... Had sleep one night given room fifth floor complaining. Even disgusting....bathrooms dirty...fixtures wall old dusty. All felt like moved dog house. By standards called 4 star ! For price charge definitely worth it. I hope readers review never stay Jaypee hotels Clarks Shiraz Agra same. BTW, called rooms deluxe. Yuk ! Yuk !Forgot mention noise levels traffic ongoing construction. See pictures attached.",0.10555555555555556,0.49166666666666675,Feb 12 2007
11,11,"Good Bad The room refurbished extremely nice flat screen tv waterfall shower. The view window terrible - construction. No double beds apparently available. Our friends tried get some, moved older, unrefurbished room. They moved back next night.Be warned construction! It begins 8am proceeds 9pm. Very loud. Also, pool usable (apparently due construction), NO business center (we allowed sit small sales room computer 150 Rs per 30 minutes, connection internet extremely slow, kept failing front desk staff idea operate and/or fix computer connection).The doormen nice, front desk staff extremely rude unhelpful me. It apparently imposition upon answer question acknowledge presence (such I checked out).Finally, note restaurant plays extremely loud, obnoxious techno music mornings (it Christmas carols techno/disco beat I there...). You would thus well avoid restaurant morning hungover, cannot tolerate terrible dance mixes.",-0.05015873015873015,0.5071428571428571,Jan 11 2007
12,12,"Better I expected I stayed November 11th 2006. I previously read comments therefore expecting good was. Yes, renovations going therefore lobby small crowded reception staff must terribly hard time (in opinion) dealing customers noise. However, man occupying desk - Travel Desk - I would advise management get rid experience one colleagues (we part tour group completed trip hotel) useless rude. He showed indifference query unbelievable. As I said earlier, reception staff cope constant noise people constantly checking checking small area two fit. It would really help get rid man Travel Desk add extra receptionst there. However, I complaints whatever receptionists. My bedroom fine - comfortable clean. I noted smells anywhere. Better/double glazed windows might good keep noise street below. There carry sounded like someone loudspeaker repeating thing early morning rather annoying. The room tea/coffee making facility nice. The bar staff nice restaurant part bar (or vice versa) served nice food - I lovely pasta dish made lovely change three weeks curries etc! There happy hour bar 5 - 7pm (one drink price two) availed of. Nice bar, lovely glasses. Perhaps location great frankly little I saw Delhi, location great could probably wrong. The bell boys door staff helpful always taxis motor rickshaws available take wherever needed go. The needs proper internet service (it one somebody's office) needs ATM though one close weird way working (you put card sideways take punch numbers, etc) work though least one colleagues. I openly pay included trip price looking Delhi hotels, I found hard find medium priced ones highly recommended. I think shortage hotels - I stayed night - rude Travel Desk man told ie. room Delhi trade conference like. I go internet find another - I Travel Desk man wrong (as one accommodate next night though I would stayed there).",0.09015250544662312,0.5643736383442265,Nov 22 2006
13,13,"Do Not Stay!!! Do favor NOT stay hotel! For price charge, stay much nicer hotel. The smell, small, staff rude. There construction going stayed also also gave us trouble complementary taxi airport. Would definately suggest.",-0.1375,0.35000000000000003,Oct 23 2006
14,14,Extremely overpriced We stayed one night passing Delhi way Agra. It quite old fashioned drab inside although sign outside states refurbishments progress perhaps improved. There terrrible smell corridor disgust I found room smelled exactly same. Room service housekeeping staff extremely pleasant refused leave room tipped (every time) I found quite annoying since paying $170 approx room - way worth. Bed hard old linen shower good. Breakfast quite good following morning add insult injury tried charge us it. Thankfully agreed incorrect. I stay simply worth money. There plenty cheaper hotels offer standard accommodation..and without smell!,0.11862745098039212,0.3740196078431372,Jun 4 2006
15,15,Must better Hotel ok little sanitised staff work reception unbelievably arrogant &amp; rude. I observed repeated instances wholly unacceptable shame rest staff appear conscientious. An improvement return visit appeared change reception staff even I would expect standard everywhere else experienced (including 2* &amp; establishments).,0.15178571428571427,0.5714285714285714,Nov 20 2004
16,16,"Great Place Stayed JP Siddartha August 2004. Service, food, room ambience excellent. THere also pool, small gym health club. Location brilliant little visit within walking distance Connaught place/Old Delhi 20 - 30 minutes taxi . However, metro station outside soon. In summary, would stay again.",0.3517857142857143,0.5714285714285714,Aug 20 2004
17,17,Discreto,0.0,0.0,Jan 11 2009
