,Unnamed: 0,Reviews,polarity,subject,Dates_extracted
0,0,"Dirty cockroach infested room terrible front desk service After spending much time selecting trip Delhi, I would strongly advise anybody stay here. Our room dirty, filled coakroaches (woke one pillow), front desk service terrible, made feel awful book driver Rajasthan Ranauk's travel desk let go, took forever get simple things like clean towels, hot water almost missed train Delhi man front desk forgot provide us wake-up call (luckily, set alarm) instead telling driver take us trainstation, taxi driver tried take us airport.Overall, room filthy front desk service terrible. The good thing proximity Metro...which makes easy travel around Delhi...and lovely breakfast included price.",-0.1532407407407407,0.7976190476190477,0.7976190476190477
1,1,Perfect Hotel I nice stay wife. A homely &amp; clean environment prompt service great. Staff kind helpful. People friendly helpful; area quite centrally located easy transportations. We nice stay sweet memories.,0.5125,0.7583333333333334,0.7583333333333334
2,2,âRecommendedâ Our stay fine there. Their tour assistance good. We appreciate guidance given trip.,0.5583333333333333,0.55,0.55
3,3,Educated Good Staff We stayed two hotels Delhi picking hotel. Theworst hotels uneducated useless staff. Here isthis I found people great knowledge. The Boss travelledto 30 countries far. Everybody great.,0.38,0.6599999999999999,0.6599999999999999
4,4,"""Great service"" Raunak Hotel definitely one best hotels stayed new delhi, India. The rooms simple large clean. The room service staff friendly helpful. The travel desk within great. Location OK",0.43048160173160177,0.539025974025974,0.539025974025974
5,5,"Awesome enjoyable trip The good positioned, staff friendly. Housekeeping, Manager really helpful; staff members really nice helping. Even travel desk helpful for, organized trips.",0.5267857142857143,0.6214285714285716,0.6214285714285716
6,6,Best Hotel Good Service I stayed Raunak new delhi The property beautiful. The rooms modern sleek. The flat screen TV great although could probably invested satellite TV give us channels. I mentioned gave extra charge. The lobby bar nice I really enjoyed If get internet situation sorted I would definitely stay again.,0.4534469696969698,0.5274621212121212,0.5274621212121212
7,7,"wanted We old age couple third time india. Hotel good. Wi-fi, lobby restaurant good things hotel. A construction site nearby turn down. Orver fine.",0.19513888888888886,0.4111111111111111,Nov 26 2009
8,8,"I would recommend anyone We disappointed hotel. I stayed Delhi three times better hotels price. To begin waited airport hour picked up. I phoned twice told driver there. They tell airport ouside parking area licienced wait inside. Then sold overpriced tour, I found later, tour company licience, told accident get run. The car best bad tires etc. We arrived back next night told stay different actually better, bigger room. The one Raunak International could hardly get in. We went touring India got back told another hotel. This time picked airport ended getting taxi. There late check available, even though checked late evening. The restaurant Raunak fairly two hotels owned man food dreadful.I definitely would recommend anyone.",0.04601449275362319,0.3742753623188406,Nov 23 2009
9,9,âWorth Recommendingâ If donât want spend want value money worth staying. Best point location informative staff,0.6,0.3,Nov 23 2009
10,10,"âluxury budget priceâ We booked dirctlily via email. They charge money advance booking, decided promised picked airpot, reception boy welcome us smile, give good room. The bed really comfortable, matress soft good. We nice sleep. Room big clean. Breakfast served nicely ( I liked parta). There small travel desk near restaurant approached get information city. We impressed hospitality booked entire 1 month them. It amazing holiday mix train, bus car. This review thank services. I recommend everybody want great travel normal price.",0.4098039215686274,0.6279411764705882,Nov 22 2009
11,11,"âComfortable Tripâ We booked malasiya directly friendâs recommendation. We got good rate. They sent good taxi pick nice taxi show us Agra Jaipore. Rooms clean, laundry sparking white. Staff polite helpful. We comfortable trip india becouse them.",0.35833333333333334,0.5281250000000001,Nov 21 2009
12,12,Best Best Hotel Raunak We booked five rooms Raunak International delhi. When came know marriage anniversary. They organized party us presented us beautiful chocolate cake. We enjoyed much. Such good hotel. We feeling great. This place lovely .This place lovely rooms everything could desire nicely decorated clean possible. The warm welcome Staff adds great touch breakfast cooked order spot on. This place faultless stayed first time I stay anywhere else delhi again.,0.5803703703703704,0.6629629629629631,Nov 20 2009
13,13,"Cheap Hotel Near New Delhi City Center We stayed Raunak International four nights refuge busy streets Kowloon. Despite shopping, restaurant pub area room cozy quiet. We room back side street noise. We found staff attentive pleasant, always quick open door greet arrival departure. The glass bathroom door bit odd reading newspaper real estate story profiled luxury suite glass bathroom walls. May common Delhi think.The close New Delhi City Center excellent base exploration",0.11870129870129868,0.4813852813852814,Nov 19 2009
14,14,"âpromt serviceâ Our pickup, check checkout swift every body knows do. I liked kindness dedication towards making improvements. You taken care.",0.6,0.8,Nov 18 2009
15,15,"Safe Heaven For Female Travelers Large rooms, free internet laptop, flat screen TVâs lobby andin room, DVD provided us free cost. A good holiday wasplanned Agra &amp; Jaipur manager gave us car. Wewere females 20-25 years age safe thishotel. We wanted walk street night, manager sent theguard us.",0.36547619047619045,0.5466931216931218,Nov 16 2009
16,16,"Smart Service We stayed raunak family recent visit india. The good location close karol bagh metro station. Staff always friendly &amp; helpful rooms clean, good nice restaurant provides best curry. We loved hotel. The impressive high ceiling modern furnishings modern beautiful lobby home total 6 nights 1 week trip India winter.",0.49656349206349204,0.6468571428571427,Nov 15 2009
17,17,"Recommend Raunak stayed family 3 day. Clean rooms, good food, nicebreakfast, friendly staff, location also good car recommend tofriends coming Delhi.",0.5354166666666667,0.6000000000000001,Nov 14 2009
18,18,"Good Hotel Great Hospitality I went Delhi business trip happened stay HotelRaunak international. To surprise I found par star hotelsin city. Nice ambiance, good interior, soothing music, latestfacilities, friendly courteous staff - putting togethermade stay comfortable. I really enjoyed stay. I woulddefinitely recommend friends colleagues. Keep thegood work.",0.5327777777777778,0.6833333333333333,Nov 12 2009
19,19,"Close To My Heart Going honeymoon India. I checked Hotel RaunakInternational Delhi. The moment came know this. Wegot special treatment. A bunch flowers sent room. Inthe evening boss came, surprise party theroof top restaurant. All staff great invited. It kept forus. Next day organized trip Taj Mahal, symbol oflove. We touched gesture. This always remainvery close heart. Special thanks Mr.Singh.",0.36904761904761907,0.43214285714285716,Nov 10 2009
20,20,"Awful Hotel On recent visit India passed Delhi 3 times far worst stayed in.... maybe even whole India. It started Check in. On arrival I noted reception staff telling guests metro far walk to. This incorrect 10 minutes. I assume prelude sales pitch sure. The whole check-in process took 40 minutes. The reception staff constantly interrupted, anwering telephone, calling staff, speaking guests etc completely sidelined. Not need especially 16 hour train journey in. Finally got room smelt stale sheets dirty. My pillow case dried food encusted it. This much. My boyfriend complained reception said would wait one hour speak manager. This good enough decided go directly managers office. In fairness manager kind courteous arranged change room upgrade us. However I would say upgrade hardly worth bother new room though bigger also clean. By time beyond complaining ruining time arguements. The water also never hot. If prepaid advance wold left hotel. I really like Karol Bagh area. There hundreds hotels here. One thing sure one good value money. They charge European prices substandard quality service. I would never recommend anyone. My advice book advance good look around area.",-0.029776936026936002,0.5698793490460159,Nov 9 2009
21,21,"Good place Nice feature elegantly appointed room sand suites variety decor quality amenities. The spacious accommodations, exceptional service, outstanding Good place hotel, make unparallel Royal Experience.",0.611111111111111,0.8458333333333332,Nov 8 2009
22,22,"Value Service Counter staff efficient, centrally located, near parts ofimportant Delhi travelles holiday good willsgood service. I pay much room worth thiskind room parts worth and, I save rentwould higher.",0.17777777777777778,0.3222222222222222,Nov 8 2009
23,23,"Lovely People Comfortable room, clean laundry, staff lovely, helps every query. Intelligent management, things run perfectly. I stayed 3 days found worth recommending",0.5523809523809523,0.7142857142857143,Nov 5 2009
24,24,Raunak International Hotel International We fortunate find Delhi. We doubting service rates less. But got world class service beautiful rooms. We surprised. We really impressed. Everything could think available well placed. We come please give us room no. 403 sweet memories room. Good wishes try please foreigners like this.,0.35484848484848486,0.5315151515151516,Nov 4 2009
25,25,"Great Place Stayed shoestring group. Good room, great service helpful staff. Nice breakfast dinner happy come",0.74,0.82,Nov 1 2009
26,26,new home delhi went delhi mid september dancing troop participate inter university feast..we stayed raunak arranged organisers only.the really fantastic great time staying there.everything related great.my earlier experiences hotels delhi hasnt great everything good.....staffs cordial provided brilliant service.again food really good restaurant.again according standards maintained reaaalllly place go for. think found place delhi now.,0.41515151515151516,0.5949494949494949,Oct 31 2009
27,27,"Fruitful Experience... friends, Hotel Raunak provides service true sence..i really surprised hospitality shown..delicious food, good ambiance, melodious music good peace architecture... blend true values good services, reasonable price...&quot;what 1 would need 2 change mood...&quot;i wish best 4 managment...keep good work..",0.53,0.609,Oct 29 2009
28,28,Best Place To enjoy moments partner We stayed 3 days. We enjoyed much. The staff friendly helpful. Hotel Clean tidy.Manager team helpful always working intent making us comfortable. I liked food.Home service Excellent.,0.491969696969697,0.579090909090909,Oct 29 2009
29,29,The Best Budget Hotel In The Centre Of The City The best budget stay Delhi. Every thing closely connected metro station shopping places. The Staff Raunak always warm welcoming I go stay. The rooms newly done rooms clean tidy wifi access internet 24 hour restaurant. This best value money.Romit,0.6266287878787878,0.49556818181818185,Oct 24 2009
30,30,"Excellent Hotel Smart Service The centrally located makes easier move around delhi city. We really enjoyed stay hotel, staff helpful provided good service. The rooms clean good. would recommend hotel.",0.48636904761904753,0.6216071428571428,Oct 24 2009
31,31,"Worst I ever stayed confirem Raunak Plaza upon arrival ended staying owned owner. This form Con booking traveller higher rated making stay lower rate hotel. management ashamed themselves.the following work: hot water, internet access, shower doors AC water dripping pillows, unclean towel, mention bed sheets.worst experience travel.",-0.1,0.515,Oct 21 2009
32,32,"Thanks raunak manager I came delhi wife. I booked luxury room cheap prices raunak international three days. I enjoy delhi sightseeing wife. This good location clean. The service, foods rooms excellent quality I think like five star hotel. Last day suffering fever manager helps me. The manager called doctor treatment me. Thanks manager. I would like hotel, I came delhi I stay again.",0.39851851851851855,0.48407407407407405,Oct 19 2009
33,33,Comfortable journey delhi We travel Delhi several times year generally prefer stay raunak hotel. It conveniently located karol bagh near new Delhi railway station. The closed shopping market. The staff prompt efficient rooms comfortable extremely well maintained,0.10767045454545456,0.5068181818181818,Oct 18 2009
34,34,"Good value; terrible service (apart Manager) The ok, although hot water shower glass panel sitting bath ideal. The manager really helpful arrived arranged train tickets us next day (the train station closed) inflated price. The general customer service very, poor, firstly pick us airport (although much insistence paid taxi fare), room service kept knocking door rang us whilst sleeping give us food/drink even ordered. The next morning waiter restaurant became really aggressive us kept trying insist pay breakfast, even though complimentary. It appeared none staff actually communicated one another all. I stayed anywhere else Delhi point reference, perhaps review harsh, bad service pet hate I'm afraid.",-0.03724999999999999,0.5015000000000001,Oct 16 2009
35,35,"Decent Budget Hotel Hotel raunak international leading economy hotel. It convenient place family holiday travelers offering personalized services budget. staff helpful.This ok, Room clean, spacious basic amenities. Very good value money.",0.30619047619047624,0.4388095238095238,Oct 15 2009
36,36,"Splender Budget Hotels Delhi Raunak International.One best view.clean room best food , hospitality excellent, read feedback people booked hotel, full satisfied staff , helpful , The arrange Tajmahal tour delhi sightseeing also good . recomeded friend nice experience hotel.",0.6038888888888888,0.6227777777777779,Oct 14 2009
37,37,"Thanks Raunak staffs I came delhi friends. Mr Nafish gave fresh room Raunak cheap price. I stay one day here. I would like good behavior good service Raunak staffs, foods nice. Guard properly takes care car whole day. So I happy. My opinion I came delhi I stay Raunak again. Thank much Mr Nafish Raunak staffs.",0.454,0.536,Oct 13 2009
38,38,Excellent service expectation We got excellent service low cost .All enjoy moment great joy. So end must visit place got leisure time thanks staff owner service .,0.6,0.5642857142857143,Oct 11 2009
39,39,"Splender Property This budget conveniently located meter away karol bagh metro Station close shopping market. Staff friendly well trained. Service quick prompt. Room well maintained finely clean, modern amenities. Food tasty. Location convenient",0.2107142857142857,0.3857142857142857,Oct 11 2009
40,40,"Loving nurture care I decided travel tour family Delhi-Jaipur- Agra- Delhi- Haridwar - Rishikesh 1st week July 2009, school/ colloge summer holiday time.We wanted comfortable package tour including sight seeing places coupled continuous transport conveyance us stay good accomodation places.To accomplish dream, started surfing net enquire requirement fulfill.Many travel package contacted response offer I received Hotel Raunak international Delhi made surprise best reality wanted.They everything us. We sent 25 % advance money line transfer money .They booked advance accomodations 4 places INNOVA car A/C conveyance.Our stay places lovely nice , rooms nice clean. We provided free breakfast . Finally Delhi stayed raunak international Delhi two days. The Hotel nice excellent. Their staffs excellent . Service nice prompt. Hotel room neat clean good decorations comforts like LCD TV 24 hours room service. Hot cold water 24 hours. We must appreciate boys thier attitude good behaviour shown us. One day dinner room night 12 . The food hot fresh. Morning breakfast served many varieties including fruit juice.My wife fond shopping. We lot shopping . This possible raunak located midst big market shopping place Karol Bagh Delhi, one great market place delhi. Even last day purchase fruits available near hotel.This good stay Delhi resonable cost. Myself family members spent nice time Delhi nurtured cared Hotel raunak International , Delhi, stay there.My sincere thanks Madam Pushpa bhamu Hotel raunak International, Delhi , taken care stay Delhi arranged tour travel package including accomodations conveyance places resonable competitive price, surprising me. She looked comforts, happiness satisfaction time levels.Thank madam great co-operation us.With regards,B.DAS FamilyVizag",0.38506944444444446,0.5822222222222222,Oct 6 2009
41,41,"Visit Heaven........... I great time Delhi hotel....which I chose reading reviews posted earlier. I family one couple. The place calm rooms beautiful view. 5 reasons stay here: 1) Reasonable priced.2) Clean, value-for-money rooms3) Rooms cleaned daily4) Nice friendly staff5) Independent balcony &quot;a view&quot;.6) Located peaceful surroundings.7) The famous Birla temple 15 minutes walk away.8) They nice people make feel âspecialâBest thing location (not far away mall &amp; heart Delhi(C.P) loacted peaceful environment), staff friendliness ( arranged cab local sight seeing tickets return journey well), . Hotel Owner Mr. J.P Singh take personal interest serving guests. And food ( cook really cool job) Food quite tasty &amp; Homely . Overall I satisfied quick services. I reccomend anybody looking comfortable friendly stay without paying exorbitant prices. If looking frills, friendly feel safe looked I highly recommend it.Liked â rooms cleaned daily basis great great food specially home made chapattis nonveg cuisines. All things fantastic. Disliked â nothing I selected top choice Other",0.3268650793650794,0.5794841269841271,Oct 1 2009
42,42,Terrible I checked recommendation tripadvisor.However I dissapointed.I checked 11.30 am.I would expect would clean least.The room cleaned dirty.The room garish blue backdrop one walls.The bathroom sink broken leaking.We check 6.30 morning.This informed staff previous day.Inspite repeated requests hot water shower.The staff rude least helpful.,-0.19166666666666668,0.5018518518518519,Oct 1 2009
43,43,"A outstanding service I go delhi life partner, stay raunak hotel, find good service friendly environment. make good shopping market close , happy hotels service cleanness ....................",0.615,0.7150000000000001,Sep 30 2009
44,44,"outstanding service budget Location good also peaceful crowded city delhi, close shopping area karol bagh. Rooms modern clean. Service outstanding staff coperative freindly.",0.41944444444444445,0.6416666666666667,Sep 28 2009
45,45,"perfect stay delhi I came Delhi sep friends. We planned stay Raunak Hotel, Karol Bagh. The stay good. All staff great. They helpful. The market nearby. We enjoyed stay Raunak. The rooms neat clean. The food delicious. Overall everything perfect. If got chance definately go",0.5976666666666667,0.653,Sep 26 2009
46,46,"Excellent trip affordable price It great experienced Raunak Hotel, last month stayed husband three days. There found excellent services, staff welcome us smile. meet miss pushpa bhamu tell major temple historical place delhi like red fort, qutab minar akshardham never seen, arrange car us. word express thanks her. really enjoy romantic trip.",0.41250000000000003,0.4935897435897436,Sep 25 2009
47,47,Value money That place hangout freinds ... rooms clean ... location good //////// people helpful .... facilities fantastice ........ true sence Value money,0.47222222222222215,0.65,Sep 24 2009
48,48,"didnt expect got marvellous experience excellent experience, little scared entered &quot;raunak hotel&quot; beacause good experience area spent half day observed staff cooperative stood 24 7 whenever want, food delecious .My friends also shared experience .Furthermore say whenever get chance surely take service without second consideration. wish best .KUNAL MAITHANI",0.23506944444444441,0.3733796296296296,Sep 23 2009
49,49,"good location excellent service The located excellent position center India's capital, within walking distance Karol Bagh Merto Station. Our room good - clean well decorated. The staff Home Stay attentive, enjoy 3 days pleasure.",0.5733333333333334,0.6875,Sep 23 2009
50,50,low price The staff good specially front office staff. The good tips change parking locatin near hotel. bussiness low price services good.,0.3983928571428571,0.6139285714285715,Sep 19 2009
51,51,"beautiful nice comfortable rooms, taxi service also promt.kids enjoyed stay lovely staff taking care them. organised small party came know birthday.definetly stay again.",0.43333333333333335,0.775,Sep 19 2009
52,52,living like king pleasant stay thr.. neat n clean.. staff always thr 4 u n ready fulfil ur demands.. room service quite good... aaahh!! Above food thy prepared tasty.. n hygnic tooo.... loved dat place.. got chance go Karol bagh New Delhi.. i'll defintly stay thr....,0.39292929292929296,0.5245791245791245,Sep 18 2009
53,53,awesome experience hey great time staying RAUNAK...the food great ..and service best ...i could easily say gt value money,0.8066666666666666,0.7266666666666667,Sep 13 2009
54,54,awesum nice stayin dere....i loved way treated,0.6499999999999999,0.9,Sep 12 2009
55,55,"Very good service - could best small improvements Very good service manager staff Hotel quiet , safe near metro stationPoints improved :* good infrastructure rooms need refursbished sometimes* provide hot water 10:00pm* provide taxi pick without failure ( payed service offered enough )",0.34575757575757576,0.5221212121212121,Sep 1 2009
56,56,"great stayed husband booked taj mahal tour hotel. gave less price great service , good car, driver good room agra hotel. staff perfect wanted nothing less 100% customer satisfaction.my husband happy selecting hotel.",0.4962962962962964,0.5925925925925926,Aug 25 2009
57,57,nice lovely staff Hotel Raunak within easy metro/ricksahw ride main attractions comfostable basic rooms nice food. The staff lovely eager help anything need.,0.37500000000000006,0.6364583333333333,Aug 25 2009
58,58,"good business class stayed india art summit pragati maidaan. pick time, room spacious well cleaned. location something dint like much. venue easily approachable via metro.wi-fi room great relief.",0.5333333333333333,0.5958333333333333,Aug 21 2009
59,59,"Good services This one best five star india, second time visiting keeps improving everything. There staffs excellent relating customers, food, really fell love talk environment, well cleaned good location. Security important business, credit Hotel Raunak security, free internet services customers, good job, keep up.",0.5545454545454547,0.5636363636363637,Aug 20 2009
60,60,"Very nice excellent services awesome food kind helpful staf Very good hotel, enjoyed much, services top notch, comfortable, food great, place nice, sure one best hotels stayed travel around India.",0.69,0.7752991452991455,Aug 20 2009
61,61,"Great place Stay! nice hotel, good location, clean rooms bathroom. pick service prompt.food taste also good. Good Job, keep up!.",0.7069444444444444,0.7083333333333334,Aug 18 2009
62,62,Great Experience All Around Great place stay whether business pleasure. This close large market area quick autorickshaw ride everywhere else Delhi. This offers great travel packages want travel outside Delhi Agra Jaipur good rates. The staff friendly helpful. Would definitely stay next stay Delhi.,0.377718253968254,0.4423809523809524,Aug 15 2009
63,63,Clean friendly I recommend best.My room clean nicely decorated classic Indian style. The staff friendly everything keep happy.The free Wi-Fi every room speed enough surfing newspapers laptop. But YouTube Skype I move also free business-centre top floor speed faster.This good value money.,0.4068181818181818,0.6424242424242425,Aug 4 2009
64,64,"Best choose raunk hi,Thanks best service us. like much.regards,Raku Verman",0.7333333333333334,0.3,Aug 3 2009
65,65,"TRUE EXAMPLE OF COMFORT WARMTH AND HOSPITALITY An EXOTIC experince wonderful holiday.... Staying Hotel Raunak truely MEMORABLE..The staff friendly..my child became friendly staff enjoyed most.. I provided beautiful comfortable room room service quick.. It value money, centrally located near metro station..They varieties food authentic taste... My visits Jaipur Agra also made easy taken care tour services provided hotel.",0.4402777777777778,0.6755555555555557,Jul 19 2009
66,66,"lovely nice clean hotel, pick prompt agra-jaipur tour taken pleasurable.",0.48888888888888893,0.8166666666666668,Jul 14 2009
67,67,"best holiday ive ever The room comfortable beds super comfy. The service staff exceptional go way cater needs. You also get bathtub LCD TV affordable price.The also well located heart delhi, popular destinations accessible Metro, walk away hotel.",0.5625,0.673611111111111,Jul 12 2009
68,68,"Completely wonderful Stay Hi, I Kishan Singhania. I looking Delhi. Once I found Hotel Raunak website.I saw pics liked much. Than decided go stay only. When entered lobby beautiful. And staff welcomed warmly. I much impressed hosipitality. It made relaxing. After entering room feeling good comfortable. The room service good. Everything wonderful. I thinking home. It great stay. If got chance surely go there. And advised friends go enjoy.",0.5988235294117649,0.7622875816993464,Jul 10 2009
69,69,stay friends Rounak important things Hotel Rounak best areound Indai kind facilities day night waiters Rounak service full timeTher rooms rest leisurement yard Rounak interesting The value stay cheapest hotelsshortly facilities avilable,0.3875,0.5625,Jul 8 2009
70,70,best trip life room comfy. like matteress . room service good quick. provide good food reasonable price. nonveg osum. best part location . u reach major part city easily. metro station close. nice reasonable price . true value money.,0.49243055555555554,0.5791666666666667,Jul 3 2009
71,71,nice clean envirement nd friendly staff nice place live.......i gone thrree days.....it clean envirement nd nice friendly staff......nd nice location..for shopping nd all.....i really like lot.....hotel staff helped much guide delhii totaaly straneg thsi city.keep mangaemnt staff......,0.43433333333333335,0.686,Jul 2 2009
72,72,"PERFECT HOTEL WITH AWESOME FACILITIES hi, all, good day,this superb mind blowing, every features facilities really terrific, glad see delhi, brings full stop search celebrating occasion friends, family etc,,,,,,, brings happiness smile faces every traveller tourist,,,,,, seems dreams come true,,Viom",0.6333333333333333,0.7166666666666666,Jul 2 2009
73,73,ROUNAK THE BEST Rounak best new delhi best location best value. rooms clean clean bathrooms every facilties. view top floor &quot;oh god&quot; wonderful. staff good helpfull. Food tasty real taste india. smart choice smart people.,0.55388455988456,0.5013506493506494,Jun 30 2009
74,74,"Awesome Place - Awesome People My visit Delhi hiring event organisation I put stay awesome place good people high values work. This best stay far. The rooms excellent, clean, good services...Actual value money spend. I sure one best anyone find around Delhi....To know would suggest visit once.",0.7388205128205129,0.7885299145299146,Jun 30 2009
75,75,"Never Never Consider even dreams... We packed small car luggages free pick-up say anything.When reached worst nightmare begin....We went room see first...There saw worst room..The bedsheet old dirty one room dusty.We started say cannot stay room.They showed us another room equally bad.We called friend Delhi explained situation.He told us leave immediately.When went lobby,we explained can't stay type place.We sitted lobby half hour waiting friend come pick us up.When leave,the receptionist asked us pay RS 2000.We taken aback stayed room less ten minutes.We decided ignore leave.The receptionist called mananger stopped us.He asked us pay.We said injustice.Instead manager said cheating him.The manager said cannot leave place pay RS 2000.The security guard blocked friend's car moving.WE HAD NO CHOICE BUT TO GO TO THE NEARBY RAUNAK PLAZA WHICH WAS THEIR HOTEL TOO.Luckily,the staff much better kind even though room bad.The staff understood us made us feel comfortable.For RS 2000,THIS IS DAYLIGHT ROBBERY!!!!! IF YOU ARE LOOKING FOR A HOTEL,I WOULD DEFINITELY RECOMMEND YOU GINGER HOTEL AT RAIL YATRI NIWAS WHICH WAS SO MUCH INEXPENSIVE,NEWER,BETTER QUALITY AND SERVICE.THE RESTAURANT AT GINGER WAS SO CLEAN AND DELICIOUS FOOD AND THE PRICE WAS REASONABLE.SO,IF YOU ARE IN NEW DELHI,GO TO GINGER HOTEL INSTEAD OF RAUNAK HOTEL!!!!!!!!!!!!!!!!!!!!!!!!!!!!!!!!!!!!!!!!!!!!!!!!!!!!!!!",0.08137254901960786,0.5257575757575759,Jun 29 2009
76,76,EXECELLENT AND REASONABLE HOTEL..CENTRALLY LOCATED!! gud hotel..the owner friendly helpful.i loved stay india specially clean serves good exotic indian food..it located centrally time wasted booked trip agra jaipur itself..it turned reasonable staff helpful. I thank mr. singh making trip memorable!,0.3651007326007326,0.5716483516483517,Jun 25 2009
77,77,"nice friendly staff overall positive experience staying hotel. even though bathrooms could use redecorating, rooms tidy clean. staff helpful friendly. booked tour agra jaipur everything arranged perfectly. located vibrant neighbourhood near metro station.",0.36460055096418736,0.5526170798898072,Jun 24 2009
78,78,"good one good service raunak employment intelligent helpful.rooms clean ,they cleaned every day,restaurant good indian spicy food , could many choices,the atmosphere relaxing good prices.",0.6823809523809523,0.6871428571428572,Jun 23 2009
79,79,"Specification Of Raunak Internatinal By: Farhad Hameed India historical Place good enjoyment, sightseeing shopping. visited india also found raunak international coming india trip enjoyable easy me. followings positive points hotel1: Save secure location.2: Near Metro Station.3: Near shopping centers.4: Beautiful clean Rooms.5: Friendly Environment.6: Clean Restaurant Delicious local international foods.7: Highspeed Wifi Internet.8: Airport Packup drop9: Wakeup services10: Prompt Room Service.11: Criedet Card service.12: Tour Services",0.34817290552584673,0.4928698752228164,Jun 21 2009
80,80,"hell email contact stay 6-14 June partners look photos website look bad first day arrived hotel, nightmare! wish show photo take photo hotel. stay seriously bad environment construction, dusty noise pollution. arrive hotel, got 2 guests see room. shock coz actually renovating dusty everywhere! put finger counter floor, never clean it. bedsheet got stain really dirty. teh floor never wipe water dusty everywhere. show another room still same. call house keeping clean room house keeping guy wipe floor using legs drag wet towel floor! view all. guy try open curtain me, whole curtain fell down! really upset tired tell accept want move hotel. charge 1 night RS 1,800 even stay try fake people lie sell dirty renovating constraction area. also charge taxi pick airport RS 550 front website said 'provide free pick airport' charge us another RS 1,000 get somewhere else! seriously upset speechless hotel. travel many countries never see anything like before. nightmare disgusting. never ever see anything worst this.",-0.2175747863247863,0.5853098290598291,Jun 16 2009
81,81,"I feel cheated As reviewers said, website photos lie. Our room tiny windows. I paid $55 night &quot;executive room&quot; (a big discount published rates) got worth like $30/night Delhi. The staff lied train tickets confirmed finally said reservation possible could try force us renting car tour Agra. The price local sightseeing also apparently dependent much think get you. Each staff member asked different answer. Staff's English poor. Several times stay water toilet flush. The location OK, better atmosphere Paharganj, still lots touts insistent beggars.",0.1050925925925926,0.4069444444444444,Jun 12 2009
82,82,Great Place I great time staying hotel. Started travels India ease I would definitely recommend friends!,0.5333333333333333,0.6666666666666666,May 13 2009
83,83,home away home Raunak became home away home. I picked airport planned.Staff quick get back verifying airport pick up. I able store luggage well I could travel lighter. There WIFI great restaurant. The staff friendly extremely helpful accommodating. Very relaxed comfortable environment. Staff really extended make sure I everything I needed. Comfortable clean beds too!,0.3451388888888889,0.6011574074074074,Apr 24 2009
84,84,"A home away home We stayed 3 days. We enjoyed much. The staff friendly helpful. The manager team great, always working intent making stay pleasant one. Very well organized. A good place stay. A home, away home.",0.5247916666666667,0.57375,Apr 5 2009
85,85,"The best Hotel Delhi!! clean hot water. Tanks!! definitive best ! The best Hotel Delhi!! clean , hot water, TV English.The food service good!For sure recomended Raunak International yoyu need excelent hote good price, Absolutely best Delhi !!Tanks!Adriana (Mexico)",0.5533814102564103,0.5699145299145298,Mar 28 2009
86,86,"Exceptional service friendly helpful staff...good place return The located Karol Bagh close Metro station (Rs.8 Counaught Place, Rs.16 Central Secretariat). The clean friendly staff owner (Mr Singh) really takes care personal interest needs guests. We met many fellow travellers USA, England, places world.For budget hotel, price reasonable, room stayed clean shower hot water (just let reception know hour get shower). The linen towels changed everyday room cleaned. The staff really helpful everyway speak English well (all qualifications Hotel Management). Karol Bagh good shopping location, busy day night. We booked 8 nights Im glad did. There McDonalds located main street Pizza hut road...I would recommend Vishals (on road) cannot manage bargain vendors!Tips:- Make sure lower denomination Rupees (Rs.10's, Rs.20's, Rs.100's) purse/wallet.- If stay longer 3 days hotel, buy five litre water (Rs.50 Rs.15 deposit returned return bottle). The fridge cools often makes ice. Transfer water litre water bottle...in long run works cheaper.",0.20544444444444443,0.4654444444444445,Mar 17 2009
87,87,"good indian standard According price paid, good. At first, booked room raunak plaza, near construction site noise. The manager offered us new room raunak international 2 streets further. The room nice, small clean. The stuff friendly especially managers assistant helped us lot booking travelling plans, shopping useful hints.The area close center, metro station lots shops nearby. It look like areas western cities, good place stay delhi",0.248317384370016,0.42330940988835725,Mar 14 2009
88,88,"The ideal place relax journey. We felt like home threre. The owner friendly hospitable. We pleseantly surprised offered us showers place rest going airoport ( checked hours ago!). The located lively neighbourhood lot good restaurants, markets backpacker needs. The got Internet hot spot!",0.34090909090909094,0.6571428571428571,Mar 9 2009
89,89,"Good place stay We stayed two days place werth amount u paid. clean place, 3 star aminities. food served also good . staff friendly. nice place stay, going delhi definitely stay this. GOOD PLACE.",0.49166666666666664,0.6428571428571429,Feb 5 2009
90,90,"Avoid hotel. The pictures see web misleading. They appear doctored computer. They failed pick airport leaving stranded midnight. When I called claimed &quot;the car broke way&quot;, lie. The staff spoke bad English great difficulty understanding me. Hot water available hours morning requested (if understand you) times. Most electrical outlets room work. Their solution bring powerstrip plug one working outlet. The exhaust fan didnt work bathroom armoire smelled mold. There safe, must trust staff valuables. The staff demands tips inflate price. There true money exchange hotel. They unable make change small bills. I get call taxi, instead offered &quot;hotel taxi&quot; double price ordinary taxi. I go walking find taxi street. The located dirty alley. Even taxi drivers trouble finding it. The area full beggars touts. This 3 star hotel.",-0.05327777777777778,0.47652777777777783,Feb 3 2009
91,91,El trato lo peor,0.0,0.0,Nov 26 2009
92,92,dÃ©cue,0.0,0.0,Oct 25 2009
93,93,Super geweldig,0.3333333333333333,0.6666666666666666,Oct 7 2009
94,94,Excelente con excelentes servicios,0.0,0.0,Apr 14 2009
95,95,mÃ©daille d'or de la saletÃ©,0.0,0.0,Mar 5 2009
