,Unnamed: 0,Reviews,polarity,subject,Dates_extracted
0,0,"Grand indeed! *Grand Godwin fantastic hotel, great value money.*Our first night Super delux, room ready. It hairdryer fridge slightly bigger delux rest stay. It also blocked window really quiet. The delux road side lot noisier.*The beds fairly comfortable rooms clean.*The restaurant 24 hr food great. Good breakfast too.*Godwin central location old Delhi Connaught place easy get around.*One favorite hotel's India trip.",0.3300925925925926,0.623148148148148,0.623148148148148
1,1,"Awful service managment Stayed last year Delhi first stop India trip I wanted make sure reservation somewhere arrived. The rooms OK, splendid (relatively clean, though). Substantially overpriced, however, compared hotels street (including larger, nicer, cleaner, rooms). We several days, re-negotiated price first day based comps, management honor checked out. I Indian, grew US, travel partner American, sure tourist gouging horrible service. Anyway, make agreements price, make sure (a) get writing (b) management sign immediately, screwed.",-0.020000000000000004,0.5483333333333333,Nov 3 2009
2,2,"Comfort Location Stayed Grand one night way Delhi Udaipur. Have stayed longer stays. Our room comfortable clean, check-in quick easy, Wi-Fi available. The roof-top restaurant offeres expansive breakfast. If never traveled Asia neighborhood disconcerting first. But Grand easy 10 15 minute wald train station, quick tuk tuk ride Connaught Place shopping.",0.39499999999999996,0.69,Nov 2 2009
3,3,"Good Good nice area, near metro station interesting spots. Especially breakfast roof top morning really nice.",0.4625,0.7,Oct 27 2009
4,4,"Decent value I enjoyed 3 day stay here. Room service kind, food excellent room clean. It's centrally located interesting area Delhi. Only negative I constant trouble Internet (they gave fee back).",0.23444444444444446,0.5625,Oct 17 2009
5,5,"Probably best Pahar Ganj An excellent choice near New Delhi Station. We first stayed one night room 402 beginning tour India. Very clean, large comfortable room. Very good breakfast. At end tour India, first stayed one night Jyoti Mahal Guest House left dirty went back Grand Godwin Hotel 2 nights room 207 little smaller room 402 clean comfortable room 402. Price room : INR 2,812.50 per night breakfast included. It true neighbourhood noisy hotel, quiet. They taxi service airport used. Good service (price: INR 350 non AC car drop airport). No doubt us : best Pahar Ganj.",0.3302946674537584,0.5465053128689493,Oct 16 2009
6,6,"Ok-ish We semi deluxe room; booked website month advance. We arrived late night took find booking confirmation. The room bad, means spotless, usual peeling paint etc pretty clean compared dives previously stayed India. The restaurant OK b'fast interesting buffet affair awful.",0.13636363636363638,0.6257575757575757,Sep 18 2009
7,7,"surprisingly nice Ok, get there, are, first sight neighborhood, quite...frightened. Don't be: get car, make crowd, dirt, unpleasant smells, COWS, motorcycles rickshaws let doorman open door peaceful all-in-white-marble lobby. Service efficient (god ALWAYS cleaning real!), rooms small, say triple rooms actually mean THREE beds (which common 3-stars-indian-hotels discovered), AC working fine. No view. Funny elevator.Breakfast good (don't bother trying get something else thant NescafÃ© 90% indian restaurants&amp;hotels), get eggs, fruit juice,tea, toasts etc problem. I would advice give try roof-top restaurant, non-expensive tasty(try Biryani, best i've ever had). Don't forget ask NON SPICY, still enough flavor.",0.11566239316239318,0.5621581196581197,Aug 22 2009
8,8,BAD SERVICE I made reservation weeks arriving Delhi specifically asked driver pick first time India. They sent confirmation booking pick driver upon arrival airport nobody there.,-0.22499999999999992,0.5,Jul 28 2009
9,9,"popular choice area This best also popular area. The main reason lead us book first place catch early train Agra, late train back Jaipur. Other location matter much Delhi's landmarks quite spreadout, would need get car places places matter stay. The travel desk arrange sedan reasonable price. We take full adavntage that, used cars three days save hassles negotiation everytime getting local transportation. Overall, quite pleased stay. The room decent, bathroom could better equipped avoid floor getting wet easily. The roof top resturant bad, breakfast better expected (as read bad review went), dinner even better.",0.23660256410256414,0.48865384615384616,Jul 24 2009
10,10,"bad dirty, shaky, shady old.... absolutely inadequate travellers. perhaps ok low budget low demand backpackers locals....we left second day find another fortunately Incredible India guys helped us greatly rearranging hotels us different cities. It especially great help us middle night, arrived airport first day. Note initially whole trip planned without help tourist agency. I ran night, looking helped.",0.12208333333333336,0.487,Jul 22 2009
11,11,"Terribly dirty tricksters The bedroom terrible, dirty found cockroaches bathroom.The receptionist trickster, booked advanced paying keep reservation, arrived evening found room sold tried give lower category room price, one hour argument got room booked.The breakfast good.",-0.21333333333333335,0.6875,Jul 18 2009
12,12,"Grand Nightmare wow, I writing lobby unable sleep infernal noise constructions going front room. What awful place! Stay away cost. When I arrived, reservation honored. However, offered &quot;better room&quot; first night. They actually room offer want make pay extra. Given roon really expensive much , attitude behind makes feel welcome all. Well, I pay extra...They appreciate business. The place located slum areas around Delhi central station. Exiting interesting! I'll looking another tomorrow, waste time here.",-0.11607142857142856,0.5202380952380953,Jun 27 2009
13,13,"Poor - nearly good website/reviews made As per reviews, booking promised free airport transfer. After informing pickup time, car didnt' arrive, called told pay extra car would us 45mins willing wait - forcing us get taxi make way there.Area around utlra poor. True budget hotels pretty dire, pavements roads, feel safe even though group three. Was promised internet access rooms 50rupees per night, find internet actually works ground floor lobby, anytime I use I sit lobby full ppl use - I mind. Rooms ok size, bath wet room shower, clean. Breakfast roof top poor, omlette cereal worth eating, milk congealed fat it. Coffee instant coffee make yourselves. Travel desk - gave us taxi dodgy driver, took us many places (bazaars without asking, fake government travel agents want go, end send away - refunds tho. Overall interior clean, location, breakfast staff service terrible. Don't trust staff much.",0.09511494252873563,0.6341954022988505,May 11 2009
14,14,"Well sited Although located street full hotels, Grand Godwin different others attractiveness lobby/reception follows rooms. Many hotels nice lobby rooms nice. The Grand Godwin perfectly fine rooms, although bathrooms little compact. Not problem mind water shower going bathroom. I guess mind cleaning up! It's well located convenience New Delhi train station..great intend travel around India train. The area around much look again, 5 mins Metro (5 mins Connaught Square Chandni Chowk etc). The restaurant basic use apart breakfast time. The inclusive breakfast limited adequate stave morning pangs hunger. The staff pleasant helpful internet access reasonabely priced. It's ok place stay stay unlikely gave rise complaint. The price little high side though.",0.21529060901219993,0.5732910271546635,May 10 2009
15,15,"Mixed bag Generally great... clean, smart, good location but.. generally little niggles.Firstly food (especially breakfast) utterly dire. breakfast buffet set cold generally quite disgusting. You better trying get discount getting room without breakfast. Evening meals meanwhle overpriced nothing special, better going eat.Our delux room extremely comfortable easily cleanest place stayed India, window annoying dripping tap.i found service good.One thing, I pedantic but... laundry overpriced comes back number written marker pen individual piece even now, 6 weeks later refuses come off. It also late coming back, turned extra items I sent back.. promptly charged anway.",0.05974702380952381,0.5478174603174604,May 6 2009
16,16,"Surprisingly nice After reading reviews tripadvisor, I bit hesitant book hotel. But surprisingly nice, staff helpful. Our room clean modern, lobby elevator. We stayed twice, times arranged taxis airport reasonably priced worked well. The restaurant quite good (for breakfast dinner), open 24 hours, great arrived late night. Our room faced street rather noisy, that's hard avoid Delhi.The located Paharganj section Delhi, walking streets Pharganj quite experience. The sidewalks narrow often covered street vendors, usually necessary walk street, heavy traffic consisting autorickshaws, trucks, cars, motorcycles, cows, bicycles, pedestrians. We also stayed Prem Sagar Guest House Connaught Place section Delhi (and I posted review property). Connaught Place much fancier Paharganj, wide sidewalks, Western clothing stores, easy access Metro. But Grand Godwin much nicer Prem Sagar significantly lower price, Paharganj experience seemed like &quot;real India&quot;, I would definitely recommend Grand Godwin Prem Sagar anyone needs place stay Delhi.",0.21388888888888888,0.6083333333333333,May 2 2009
17,17,"unprofessional unhelpful staff It damaging arrived India. I booked , inform pickup free time booking. But taxi airport midnight. When I reach hotel. Guy behind front desk sleeping. Next day I book taxi Delhi sightseeing book taxi. He charged high price 50USD. Breakfast quality bad. They charge room rent also high 1800INR + 22.5 Tax one day. I check room rent side 800INR double single breakfast. 50% paid touts autoriksha drivers. I can't recommend single lady, couple, senior citizen stay",-0.07609523809523805,0.4485820105820106,May 2 2009
18,18,"Amazing hotel! Okay, lacks little character, extremely clean well equipped. However, overall package impresses most. The staff attentive courteous, I problem scammer stole money (a crook sold dodgy airline tickets) went way help me. The General Manager saint even dealing UK, always answer questions truly help situation. They seem really care tourists think country, quite disgusted behaviour individual. I really cannot speak highly place, always recommend it. In expensive city like Delhi, also good value, too.",0.2028921568627451,0.5776470588235293,Apr 23 2009
19,19,"Great value The conveniently located 2 minutes tuktuk train station. I chose I needed catch train Dehli Train Station. The staff arranged airport pickups us twice, always waiting us. firendly attentive. They also arranged tour pick Agra train station, well worth it. The rooms clean well bed sheets, comfortable. The located popular street hotels. They room service, internet access small fee, included breakfast. I'd recommend especially looking place next tre train station.",0.20833333333333337,0.5477272727272728,Apr 22 2009
20,20,"Impressed My partner I stayed Hotel Grand Godwin nights ago holiday India. The lovely, grand beautifully decorated. We opted deluxe (rather semi-deluxe room) 2400 rps night including tax breakfast. Our room great - clean, comfortable cooled vert quiet AC system. The staff friendly efficient, booking airport taxi us arranging breakfast room 4:30 flight! Although says breakfast 'continental' included much croissants coffee. They cereal, fruit, egg station well full range Indian dishes. At 9:30am, partner I shown breakfast yet, member staff came room check okay! We one evening meal also good, little pricey compared elsewhere, tasty. The hotel's location fab, busy street Parhaganj, 3-4 minute walk train station main bazaar street. As Delhi hotels, quiet night - could hear people street outside, bad get stay asleep night. Overall, impressed.",0.3595833333333333,0.5866666666666668,Apr 19 2009
21,21,"A good good location We stayed Hotel Grand Godwin beginning end three week trip India. We really impressed well located, rooms good size clean breakfast served roof top restaurant particulary good. The 10/15 min walk main bazar 20 rupee cycle rickshaw ride 10 mins walk train station, auto rickshaw ride Connaught Place approx 50 rupees. We used taxi service collect us take us back airport found staff really helpful.",0.503030303030303,0.5575757575757575,Mar 18 2009
22,22,"Very clean good price Very clean room I found New Delhi Fare price. The staffs hotel, specially front office helpful. All kinds Delicious Indian foods available. We wonderful friendly service. My room US$45 per night break first. Hot water available. A/C big TV worked room. Secure airport transfers sight visit tour arranged hotel. Only thing surrounding crowded stay.",0.3777552839317546,0.6429004329004329,Mar 18 2009
23,23,"A super find heart Paharganj This place clean, friendly oasis teeming madness outside. All staff friendly helpful rooms linens clean. A 'super deluxe' 2500Rs per night I big room tiled floor, TV, coffee making stuff ensuite. It bit noisy outside, quieten bit bed time, huge problem ear plugs place... The breakfast buffet roof terrace fine although I sample evening cuisine available. There internet connection available ground floor, travel desk organised taxi reasonable cost exchange desk. The ten minute walk Connaught Circus along straight road flyover carries DB Gupta Road also round corner Main Bazaar internet cafes, small shops cheaper hotels guest houses.",0.20171717171717177,0.48479797979797995,Mar 8 2009
24,24,Budget clean I booked recommendations reviews. I bit surprised reviews give 3 5 star rating. I traveled extensively say deserve anything 2. Stayed 3 nights biggest problem cleanliness room particular linens. I read previous reviews others stating same. The bedding beds many stains soiled areas seems washed; bathroom also less adequately clean. I room back side kept night barking dogs; moved us following day room window. Another concern (as also reviews) fact upon check-out I also experience front desk asking money although room prepaid including taxes. I firmly stated I would pay backed off. Location desirable good access Delhi train station.,0.10605413105413106,0.4174145299145299,Feb 7 2009
25,25,"Comfortable well run convenient New Delhi Station We stayed three times October/November 2008 using Delhi hub explore northern India. The hotel's airport transfer expensive, much better use pre-paid taxi stand airport (you learn first time).The noisy /dirty side street location bit putting, inside clean comfortable efficiently run. Do confuse Godwin Hotel next door truly awful run surprisingly owners. We informed due demolished rebult 2009. The rooftop restaurant Grand Godwin clean , nice staff food good. The included buffet style breakfast good. Rooms well furnished , hot water aircon worked cable TV (some rooms wide screen).There free wireless internet lobby use computers small charge. Best all, 50 rupee auto-rickshaw ride (5-10 mins depending time day) New Delhi train station far Connaught Place.The gets booked best book ahead can.All good place stay fair value Delhi standards.",0.30152076318742993,0.6063860830527498,Jan 30 2009
26,26,Good Price We arrived 3 battling pre-paid taxi driver suddenly find arrived [--]. They us sorted room. We much like next day requested change front street facing room fantastic. The breaky great hearty restaurant even served pretty good dishes lunch. The location issue. If female expect heaps hassles expect heaps poverty. My partner never comfortable walking streets night travelled autorickshaw. If I went I stay Old Delhi... that's coming someone always likes stay guts things. They organised us driver day reasonable rate. Expect tip hotel. Many hotels communal tipping jars better.. pain ** constantly stick hand pocket scrounge small notes mind.It lovely clean.. clean. I still would recommend though. Pretty good value $.,0.26927536231884064,0.6091304347826088,Jan 23 2009
27,27,"Safe landing spot get culture shock Reserving mid-range budget hotels rough India, managed book laborious direct email process (bring print prove payment, likely need it). Aside normal odd Indian stuff, relatively bargain fine. Delhi shocking, dirty din first, nice safe us. The rooms clean, bathroom okay (Indian budget bathrooms take chances), nice people working there, good spiral staircase I think &quot;Grand&quot; part comes in...anyway, stayed second time passed Delhi night, go. Indian breakfast buffets favorite thing, one good we've far. Hotel Grand Godwin place stay long, fine arrival regrouping couple days, stopover. We youthful backpacker types well enough here. It oBeroi/Taj kind traveler, otherwise, go ahead stay here.",0.21474358974358973,0.6166666666666666,Jan 20 2009
28,28,"Great service Grand Godwin Our time Delhi would miserable stayed Grand Godwin hotel. Our room service really good. The breakfast rooftop restauant fantastic. No I've stayed India breakfast like Grand Godwin.Our room serviced daily also newspaper delivered every morning.The travel desk helpful able sort travel Agra back. We opted hire driver Agra really glad this. No hassle reasonable price. We also hired driver day take us Delhi fort, Crafts museum Santushti shopping mall.The good location. We able walk Connaught Place shop Fabindia official Cottage Industries shop beyond. You really need rickshaw taxi this. Just keep walking road!",0.2863562091503268,0.62140522875817,Jan 7 2009
29,29,"threw reservation Don't bother making booking. If full, they'll give away room anyone walking street. You confirm booking, tell arrive, leave copy passport, everything ask still hold room you.I watched give away room 5 mins (!) guest booked - person - street getting luggage!At next door told happens several times day, every day.The staff GG reception positively useless.",-0.05092592592592593,0.33981481481481485,Jan 2 2009
30,30,"Very good even money Great stay at, less touristy part paharganj suffer it.The roof top bar good too.Rooms clean, beds comfy.Will going back I return delhi.",0.45125,0.4870833333333334,Dec 20 2008
31,31,"Perfect locations Great location close New Delhi train station perfect early morning train journey Agra anywhere else. The street runs parallel main bazaar isnât directly it. The main bazaar street centre Paharaganj lot guest houses, bars restaurants are. Only takes minutes walk quite nice go back escape it. Location great good base first visit Delhi could easily get rickshaw sights.The main bazaar great shopping typical traveller - short/long trousers lots European women travellers wore really good buy, bags, incense sticks loads things. If youâve Thailand closest thing Khao San Road. More hectic India less bars closest thing Delhi. Thereâs also amazing jewellery shop thatâs best everywhere went India. Itâs like Aladdinâs cave I could stayed hours.You also buy Indian bangles everywhere. Thereâs lady sits fork road great colours 30 rupees 15. There quite lot places eat drink found trust lonely planet cannot go wrong. We ate first bar called The Gem Bar straight part main bazaar. The staff really friendly food OK book says would recommend drink rather eating place. Again following bookâs advice gets good restaurant Metropolis great choice. Itâs also could see looked OK stay second choice couldnât stay Grand Godwin. Nice rooftop restaurant butter chicken lovely. Again itâs nice break hustle bustle street.The Grand Godwin includes breakfast freshly cooked omelettes good start day. The look valuables behind reception handy change money thereâs another place side road opposite better rate. Thereâs TV room (not need it), hot shower standard room perfectly big enough.Would recommend anyone first visit especially station.",0.283830237862496,0.5427704463994787,Dec 18 2008
32,32,"Surprisingly good accomodations New Delhi During month-long journey India, New Delhi 3 separate occasions. It's unfortunate discover Grand Godwin last stay. For starters, short walk New Delhi train station. It also short autorickshaw ride many New Delhi sites India Gate, C.P., museums. The rates good, rooms clean, I remember correctly offer complimentary breakfast.All all, one better values New Delhi!!",0.22501114081996432,0.519964349376114,Dec 4 2008
33,33,"Ejoyed stay Grand Godwin We booked one night Grand Godwin, first night India well airport taxi. (which worth it). If experience good &quot;extras&quot; charged staff would book 3 nights two days Agra. Our experience Godwin good, even great glad stayed 3 nights Agra. This seems really trying teach staff service western tourist might used to. The engage staff, friendly try help. The rooms nice include wide screen tv's. The breakfast delightful top roof meals good well. Dehli one crazy intense city staying Grand Godwin delightful experience.",0.426,0.6343333333333334,Nov 23 2008
34,34,"Okay get pay for.... We returned trip around India stayed Hotel Grand Godwin 4 days. The room clean nice I'd hard pushed recommend it.We stayed room 203 (no windows) constantly woken noise people showering rooms (noise came air conditioning shaf bed).When went leave (at 6am), staff tried charge us additional fee, saying owed luxury tax. We showed email receipt booked website (which clearly stated online payment inclusive taxes) still continued demand extra $40 rupees. It took 20 minutes begrudgingly agree actually paid everything.This really left sour taste mouth imagine try trick people hope getting extra cash.",0.125,0.42708333333333326,Oct 11 2008
35,35,"Really great paharganj close everything We went India wedding stayed Delhi Grand Godwin after. For almost it, I quite satisfied place. The rates great staff (most all) friendly helpful gracious. You may experience difficulty make arrangement one person currently duty face another person duty next day/later day idea arrangements refuses accept it. Perhaps ask things writing, signed.Nevertheless, wonderful. Their travel desk, though probably expensive hacking yourself, worthwhile consider &quot;hassle factor&quot; e.g. getting train station mobbed touts/taxi drivers/etc. The place clean, rooms wonderful bathrooms good hot water. The food really good breakfast buffet totally worth is. I would advise anybody going Delhi stay Grand Godwin. We saw Indian people staying well obviously locals also consider worthwhile.It's well placed within walking distance New Delhi train station well New Delhi Metro. If it, rather walk get rickshaw/taxi they'll charge tourist rates go really close. You catch Metro many major places even Karol Bagh Connaught Place (shopping). The Metro really nice worth using travel around Delhi (though rush hour watch pick pockets). Some areas yet serviced Metro ever expanding.We 2 incidents worth moaning hotel. We three room one us leaving 8am earlier flight. The bathroom door became stuck get out. Eventually 5 guys room trying get door open (it 10 minutes taxi arriving take airport). They realised urgency broke door down. However, rest us left 4pm obviously shift change new guys apparently know anything door. We gone taxi phoned driver asked bring us back answer broken door. They wanted us pay. After &quot;heated discussion&quot;, someone relayed information door become stuck fault.Also, small tip, try avoid number 3 room floor (103,203,etc) directly across supply closet staff member duty (any them) noisily spend time playing cell phone games, chatting loudly staff, packing cleaning, hours day night.Nice benefits: plug multiple types cell chargers already installed case forgot/misplaced charger; aircon; hot water; free cold sealed mini-waters arrival; nice tv loads channels; room service time day night; travel desk.",0.24303621319578772,0.5586707500537288,Sep 16 2008
36,36,"Rooms clean organisation Hotel ok team big problem. If manager possible find solution. Twice pay agreed. If missed planes.Whatever agreement prices, even mail, finally oblige pay standard prices. As people reception change regulary day, never meet people dealt withI met people reception upset booked net, reception book rooms. And full ... One day There girl arriving midnight, find hotel, despite booking !",0.1560416666666667,0.4755,Sep 9 2008
37,37,"Very good We arrived Delhi took pre-paid taxi 200rps, little argue driver rough us, I didnÂ´t give tip wanted hit me........ notice people generally rough Delhi. We apparently book luxury room 50 euros night gave us suite I room good, room find 4 stars europe, plasma tv etc... I saw standard one nothing luxury one, I recommend book luxury one 10 15 euros more, wonÂ´t regret. The room clean installations good. The restaurant small good food, serve buffet breakfast good. They also travel agent arrange pre-paid taxi thing need reasonable price. The located heart city, close cannaught place railway station.The negative thing time check-out pay, recepcionist told credit card machine didnÂ´t work, I didnÂ´t believe, didnÂ´t enough ruppies pay bill pay euros, transaction rise original price exchange, I think use foreigns make money, happens tell way pay force use credit card machine, I done ocasion.If take train place, buy ticket go straight platform wait train, show ticket anybody ask see ticket many cheaters seem work station try take travel agency sell new ticket telling ticket valid, Do believe them, wait train called get in. It incredible India tourist everybody try rip off, carefull look travel blogs see experiences taxi fares people already.",0.2465937149270483,0.5460942760942762,Aug 16 2008
38,38,"A pleasant Surprise Long helpful review.I Delhi number occasions personal business visit, I tried find new meets following formula: best + cheapest rates. Now this, Delhi, part India, know virtually impossible. Hotels India VERY expensive. A 2-Star Toronto (that's I from) would classified 4-Star Delhi, price 5-Star Toronto. So I hear read reviews people part India expect much, I can't help smile. So advise everyone N.America UK Australia NZ first world country: expect much.....even dish $200/night. Don't expect booked room like one hotels Toronto Chicago Auckland Melbourne. Unless course, willing pay $400-500/night. Having said that, could get lucky, I last trip Delhi last month (May 2008).On previous trip Delhi December 2007, I stayed Mehga Sheraton Karol Bagh. Apparently, owner (Naresh) owns two hotels far other: Mehga Sheraton, Madonna third I cannot remember. The Madonna &quot;top-of-the-line' three rooms Rs.5000/night (US$ 110.00 @Rs.45 $). The Megha Sheraton I stayed around Rs. 3300.00 The room small, bathroom smelly, couch stained lots noise. And, get this, site advertises &quot;Free internet&quot;. But go Madonna use internet, one I staying it. So anyhow, last trip Delhi, I found gem hotel. The Grand Godwin (or maybe The Godwin Grand). Now again, compare first world city. But price Rs. 1800 (US$ 40.00), twice nice Megha Sheraton lest half price! Finally, I found gem. The bathroom clean, room spacious, service excellent, (rooms, lobby) clean. And wireless internet actually worked! The also sister hotel, The Godwin, located right next Pahar Ganj area. The Pahar Ganj area clean. Its crowded, congested smelly. But I day night, really bother me. The New Delhi Railway Station 5 minute WALK hotel. Connaught Place (locally known CP) downtown core plenty shopping restaurants 5 minutes auto-rickshaw ride hotel. For people budget, I strongly suggest check out.A tips travel India.1. DO NOT trust information hotels websites. Most time, misleading. For eg. Internet scenario Mehga Sheraton Dec. 07 trip.2. Most managers (not all) smile, bend backwards that, empty pockets. Be smart ALWAYS negotiate.3. When planning stay Delhi (or India) NEVER book online consolidators (Expedia, Travelocity, etc) even dollars cheaper. You pay advance number days staying happy first night, stuck! And recovering money would nightmare, impossible. Best thing get tel. number hotel, call book room 1 night. Try like it, change hotel. Of course, risk may rooms available one night. But travelling off-peak months, alright. Some hotels, booking, ask credit card info. I normally give almost always pay cash.4. Peak months Delhi: November February. Pleasant weather. Between May September, hot generally off-peak months. During months, likely negotiate room rates.5. Most hotels charge 12% tax rooms. Be sure ask rate quoted includes tax.6. Ask questions. If told &quot;there Internet connection&quot;, ask Internet staying. If say offer wireless internet, ask works. I saying experience.7. Be polite locals. They work hard poor. They less 10% N.America developed countries. Negotiate (for eg. rickshaw people cycles transport you) best price. But arrive destination, give little more. Many times I travelled rickshaws see sweat work way traffic heat. I normally give Rs. 50 asked for. And look eyes, gratitude display melts heart. For me, Rs. 50 fractionally dollar him, feed entire family evening. Be generous, time, wise.8. Finally, go India totally different frame mind. Don't expect things work efficiently city. When things go right (and believe me, many times won't) bear it, tolerate laugh off. When say &quot;well...back home things done way way fast&quot;, end miserable time life. India India! Period. End Story. Be open minded enjoy. It took long time figure out. Earlier I used go Delhi, I'd want come back back Toronto 3 days! During last trip, I went India different frame mind enjoyed stay. Or perhaps euphoria I experienced I found right (?)Anyhow, hope helped, enjoy trip. I going back October 08 anyone planning trip Delhi around time wants hook up.",0.18655630203130202,0.49132274669774667,Jun 17 2008
39,39,"A clean well-maintained reasonable rates At last! clean, well-maintained Delhi reasonable rates. After 5 weeks travelling India, comforting find clean linen well-maintained everything actually works! The busy street close New Delhi Railway Station, rooms quiet. Booking breeze excellent website. I paid $35 single including breakfast. Strongly recommended.",0.2383283383283383,0.5001665001665002,May 20 2008
40,40,"Adequate rooms poor service The room reasonably clean free occasional scurrying cockroach. The hot water facilities pathetic otherwise bathrooms clean functional. The room service consistent problem; I call get room cleaned. The night staff reception rude ill-trained. My offense apparently check 6:00 AM thus trouble normally scheduled program nothing. It Monthy Pythonesque funny, except wasn't. Word advice: establish superiority pecking order quickly firmly, else staff inclined take ride. The over-friendly tourist exploited tourist.",0.003124999999999996,0.5661458333333333,Apr 24 2008
41,41,"Great w/ wonderful restaurant We stayed Grand Godwin, Grand Godwin Deluxe.This great value. The lobby snazzy w/ marble glass elevator. The room (single, Deluxe) smaller side clean nice. The bathroom also clean. It fast internet lobby. The restaurant top floor surprised us really wonderful food I think best meal India there! Altogether, great value. I paid $42 night. It very, reasonably priced. I would definitely recommend place people looking good mid-range hotel.",0.5010952380952381,0.7222142857142857,Apr 4 2008
42,42,"Good location A block away Ajanta stayed start tour, decided try place way Delhi South. Modern bedrooms helpful staff. The 2000rps cost included good breakfast, airport pick-up. There taxi service desk lobby.Good value money",0.5333333333333333,0.5000000000000001,Mar 16 2008
43,43,"Good Excellent Value What good stay. It really difficult find well priced reasonable Delhi. 5 stars go $400+ rest mixed reviews. Of hotels looked like best trip advisorand also mentioned Lonley Planet.They disapoint. The cost $50 two night, brilliant value. The clean, nicely appointed service good. We room 309, little noisy (but slept fine) street, wanted look out. Just ask room side need quite sleeping time.Great location, new Old Delhi, right next Connaught Place New Delhi station.We also booked driver day excellent value rs650 day, 8hrs 80km.Breakfast fair nice selection offered roof. (no views)Bathrooms shower one worked well, seems common India.If looking nice wanting pay much deliver far expect.Staff friendly (except reception).Auto rickshaw Connaught pace rs100. I think much places India need watch Delhi. Just set price leave comfortable it, may worth argument extra cents convert back. Much better I expected",0.32803541366041367,0.5408279220779222,Jan 14 2008
44,44,"Bad experience This aggressively try sell many things terms guided tours, etc. The lobby nice enough - that's show website. The room dingy smelled. When I asked going Agra, tried book exensive guide/driver would give directions Delhi train station alternative - commission them. They also said trains available - lie. I promised early breakfast I early check given breakfast. There problems staff unpleasant deal with.",0.025000000000000036,0.5546296296296296,Jan 13 2008
45,45,"Watch bait Nice clean prepay! They raised rate got although paid month arriving credit card website. They gave us 'employee room', superior room booked paid additional amount. While every night travellers reception yelling front desk managers asking additional money vs. prepaid amount seems standard practice hotel. The staff friendly accommodating although scam goes international reservation rules. Even show internet printed receipt E-mails give room pay additional amount. This bad otherwise nice hotel.",0.18385416666666668,0.5958333333333333,Jan 13 2008
46,46,"Decent Delhi We travelled India previous trip stayed area, Pahar Ganj. This rundown, cheap traveller area bit shock India before. However, area safe walk around convenient location.We arrived late night quickly checked brought room, couple minutes later called front desk given us super deluxe room instead deluxe booked paid for. They said could move next day. After great nights rest breakfast bags ready move, new room ready wanted go sightseeing. The problem us staying superdeluxe room later day. Overall rooms (both deluxe superdeluxe) great size, clean bathrooms. The staff helpful always pleasant. I recommended travellers later trip stayed enjoyed stay well.",0.2645396270396271,0.48543123543123545,Jan 8 2008
47,47,"good choice Delhi This quite good experience us. It certainly fancy adequate. The rooms clean staff organized helped us travel arrangements. We found accomadation delhi either expensive cheap got strong negative reviews. This place close train station handy good food restaurant. They picked us airport first night great train tickets flights booked ready us following morning. We made prior arrangements saves alot hassel especially short time, everything books fast plan ahead either good agent. In honesty Delhi place spend alot time. Its big dirty city alot noise poverty however us good place stay transit places. We stayed regular rooms suite one night. There litle difference opt cheaper rooms probably staying long really worth extra expense. The area close tourist market okay restaurants there. If choosing stay day two may want nicer place closer tourist spots day two good choice exploring transit delhi.",0.24791486291486292,0.511919746919747,Jan 6 2008
48,48,Dingy Room dark dingy one window lead concrete wall. also guy outside room time kept spitting. try avoid clearly clean sheets,0.06433333333333334,0.514,Nov 25 2007
49,49,"Only Caution..... We booked stay 12th October 2007 first night India, 20th - 22nd October 2007 last 2 nights.We picked airport 12th October gone midnight, fair play driver, waited good us plane delayed.The check procedure bit lengthy, eventually got checked taken room. Room seemed clean first inspection, arriving time night, didnt really much choice. The sheets bed however really disgustingly dirty, we'd thought ahead brought sheets pillow cases.Our real problem came &quot;CONFIRMED BOOKING&quot; last two nights holiday. I called check reservation, hearing peoples problems, told booking, never heard us never previously stayed hotel. Which news us!!!The chap reception told us (rudely) rooms free, came might (this didnt understand all). I asked reservation manager, person apparantly could use computer system, call explain going on. Needless say, never called, found somewhere else stay!Incase interested place stayed b b Defence Colony really good - orchidretreat-bednbreakfast.com.So planning staying here, bring sheets, check booking several times dont surprised deny exist !",0.15288461538461542,0.5314102564102564,Oct 30 2007
50,50,"Rude unprofessional staff I tried check encountered unprofessional, discourteous rude staff front desk. I asked picture ID I gave international driver's license. The manager sent outside building get photo copy. I waited 20 minutes get back license. Meanwhile, I paid advance room personal details entered register. When sign staff returning license, I told license delivered room I could check in. But I insisted I get license back I move room since I want take chances it. At point manager told rudely ID good enough wanted copy passport. I told name Joginder Sharma. I expressed surprise behaviour called supervisor apologized offered help check in. But Joginder Sharma kept arguing follow rules hotel. I asked accepted driver's license ID needed passport answer. Needless say, I refused moved another hotel.",-0.19999999999999998,0.4333333333333333,Sep 15 2007
51,51,"Ok My friend I stayed &quot;suite&quot;. The room given window. We asked moved room window, granted next day. Both &quot;suites&quot; clean fairly spacious. The showers open (no door/curtain). The toilets bit dirty ok. You generally lower standards staying India. Breakfast served roof terrace. The selection modest tasty. The provided cheap Internet access. Beware checking out: I paid Visa card I told I pay fee using card. I refused end I pay fees.",0.18333333333333338,0.6363636363636365,Mar 10 2007
52,52,"Great Hotel Review prepared two senior citizen couples traveled extensively far east limited cost $20 $40 US per room per night. Stayed two occasions one night cost $42 per night per room including breakfast. Found excellent. Rooms clean, sufficient size, central air conditioning heat, central hot water, met expectations city. Bathroom fully adequate. Breakfast buffet roof adequate extraordinary. Hotel personnel friendly, courteous professional. Hotel located near New Delhi train station street estimated 30 hotels. The Grand Godwin appeared one newest best. Ten minute taxi Connaught Plaza. Recommend highly stay next trip Delhi. Hotel website recommend booking directly it.",0.27694173881673884,0.5278084415584415,Mar 10 2007
53,53,"Beware pubic hairs!! We originally stayed nights Jan recommended couple met another establishment. They pre-warned us sheets, although apparently cleaned, mysterious stains - they'd stored floor, certainly case. However, seen heard many horror stories Delhi hotels figured bad, least showers hot, conveniently located New Delhi station breakfast included (even fairly ropey!). So decided book last night Delhi flew back UK. Well, mistake. First claimed deluxe rooms booked - even though they'd confirmed booking via email 2 days - tried charge us Super Deluxe room. When refused pointed they'd handwritten correct room booking reservation book, agreed charge us rate wanted - lucky Super Deluxe Deluxe exactly same! Sheets revolting - covered pubic hairs clearly laundered guests. We demanded replace bedding towels, even sheets still covered hairs. It gross I barely slept. At 1500 rupees cheap Delhi I would definitely recommend NOT staying here, EVER!",0.1466883116883117,0.5589213564213564,Mar 2 2007
54,54,"good value We arrived early morning Delhi lift airport arranged via (good idea especially come first time India). We problems get room immediately (but double check reception check time avoid paying extra). The room fine, perhaps European standards (good cleaning could help). Staff rather helpful. The best restaurant: quite cheap really good (the important: problems whatsoever afterwards).As regards location, two minutes walk Grand Bazar New Delhi train station certainly street slightly less crowded Grand Bazar. Overall bad choice, especially compared hotels area.",0.291025974025974,0.5307056277056277,Feb 18 2007
55,55,"Average Hotel Our stay Grand Godwin simply average. Its located back street Delhi looks like &quot;dodggy&quot; neighborhood. Only day manager front desk seems helpful, others seem speak understand english. Their travel desk expensive. Avoid using can. The rooms clean washroom bath tubs proper shower areas. If looking clean washroom, DO NOT stay here. Its quite basic cheap.",0.06944444444444445,0.48541666666666666,Mar 15 2006
56,56,"OK Hotel Can dDo Worse Can Do Better Currently staying Grand Godwin Hotel 4th Feb 2006. Booked directly finding home page.The situated back streets Paharhganj district Delhi.As reviewer Canada stated internet acces informed charge 25 Rupees per hour free stated states card.Service general ok. Loads touts set foot outside doors. They also Travel tourism desk bloke runs seems bit dodgy character. We paid 550 Rupees (2 us) tour Agra, Mathura Brindravan. Sure could got cheaper.So much write enough time.Rooms ok Super Deluxe rooms dont fridges can't chill drinks etc.",0.2166666666666667,0.5238562091503268,Feb 2 2006
57,57,"best value This small, friendly, cheap, clean far best option I found Delhi 3-star range. Conveniently located next train station, perfect place stop traveling Delhi. They internet connection work superbly well free. And make cheap phone calls abroad. The restaurant decent.",0.46217948717948726,0.635897435897436,Jan 9 2006
58,58,Hotel correcto pero contrates nada con ellos...,0.0,0.0,Aug 24 2009
59,59,Habitaciones buenas personal incompetente,0.0,0.3,Aug 11 2009
60,60,Optimal,0.0,0.0,Jul 26 2009
61,61,buen en paharganj,0.0,0.0,Jun 24 2009
62,62,El Mejor Hotel De Pahar Ganj,0.0,0.0,May 10 2009
63,63,Mal accueillis et salle de bain basique pour le prix,0.0,0.0,Mar 28 2009
64,64,Buena opcion,0.0,0.0,Jan 24 2009
65,65,Grand Godwin-halbwegs guter Platz als Zwischenstopp,0.5,1.0,Dec 6 2008
66,66,vraiment bien,0.0,0.0,Nov 26 2008
67,67,Aceptable,0.0,0.0,Aug 31 2008
68,68,TrÃ¨s satisfaisant,0.0,0.0,Aug 24 2008
69,69,Buon rapporto qualitÃ prezzo,0.0,0.0,May 10 2008
70,70,Hotel normalito,0.0,0.0,Nov 9 2007
71,71,unzuverlÃ¤ssig,0.0,0.0,Feb 12 2007
72,72,nie wieder,0.0,0.0,Oct 25 2006
