,Unnamed: 0,Reviews,polarity,subject,Dates_extracted
0,0,"Love Lobby gr8 renovation, need gear service standards...............",0.5,0.6,0.6
1,1,"Very comfortable I stayed Lalit brief weekend trip Delhi. I positively surprised. Rooms spacious decorated good taste, service discreet much. Suited well Scandinavian traveller.",0.30399999999999994,0.6066666666666667,0.6066666666666667
2,2,"We great stay here... Not bad stay. Location ok, exactly middle things, fine. We room 22nd floor overlooking city nice. Our complaint reservation ready got wait input computer again.Otherwise, rooms clean, food service excellent great view. The breakfast good real complaints.",0.34722222222222227,0.5811111111111111,0.5811111111111111
3,3,"Terrible experience I dont know start,it bad experience beginning reservation till check out.I made reservation two rooms I called told suite 19000 per night.I said I would call later confirm.Called 2 hours later quote rate 28,000 room.Asked person talk manager agreed give rate 19000 per night.I gave credit card number reservation made.Then called later book another room could find reservation adn rebook room.This terrible standard 5 star reservations.Then food taste terrible.We function 10 things menu .Out 10 prespeciifed things 8 tasted terrible.Then come check process,the staff attitude - even person comes get luggage.We conveyed things manager end.He made concessions bad experiences.But overall terrible stay,there many 5 star hotels area much better service.",-0.21249999999999997,0.4427083333333333,Nov 23 2009
4,4,"gorgeous service lashit I stayed four nights November 2009, disappointed despite facelift since last year, service still same: slow, unfriendly depressing. There real problem staff customer service compared 5 star hotel. The Taj puts Lalit shame, mind would travel lodge. Let's start pick service airport. It complimentary. Great. He nearly went without though! Two names board. Because booked tour company, driver assumed first person arrived, could go without me.. It lady saved day asking driver wait behind me, otherwise would gone. Thanks lady! Secondly, check in. 45 minutes process took. I requested &quot;quiet, non-smoking room&quot; called day confirm request. They it!! Eventually much negotiation room, I got there, facing train station, bath. So I called up, showed two rooms another compromise: one smoking, one adjoining room. I went &quot;quiet adjoining&quot; - god bad choice. The might refurbished, soundproofing place dire. The next door neighbours could heard rustling newspapers stirring coffee - joke! It awful. Also, decided start smoking non-smoking room smoke smell went right door stank room out. I called front desk report this, knows done anything! Laundry service late. My trousers 1.5 hours late. Breakfast nice bad service, I made sit dirty table, one cleaned it. Upon check out, preauthorised charges another guest's credit card, one asked stay. They dont questionnaires room wonder, know hotel's problems I sure must get lots complaints. PS rooms nice functional. Trying figure shower, button hidden behind dial. I wont stay next trip India.",-0.05328798185941043,0.48514739229024945,Nov 23 2009
5,5,"Pricey Beautiful I stayed new room The Lalit thought amazing. The service, food, salon, gym, pool, decor, etc. considered five-star, definitely came high price.",0.2910606060606061,0.7324242424242424,Nov 23 2009
6,6,"Cordial comfort convenience The impressive entrance reception area makes immediate impact. There several comfortable seating areas wait people, watch world go by. It busy hotel, I suspect quite business people use close business area Delhi. We liked position ( 10 minutes away Connaught Place), larger average rooms. We asked non-smoking room close top possible, disappointed fabulous view. The air conditioning worked well easy control. The bed extra king size, incredibly comfortable light duvet. I would appreciated sheet duvet - sometimes want sleep duvet, still need light cover. Both bed linen towels top quality. We ask extra towels, one light bathroom working, sorted pretty quickly called reception. The flat screen TV showed usual channels, including BBC 24. As I breakfast person I really appreciated tea making facilities room, also amount (free) bottled water. The bathroom spacious, huge walk shower. Curiously, bathroom separated main room see glass wall - could roll fitted blinds wanted privacy. The restaurant ground floor open 24 hours - grateful able order food something drink arrived 1.30 morning. I like pay use internet business centre (if laptop wifi free). But I like fact given late check could take time leaving late flight out. The pool area good, hardly used seemed us (but low season) changing room facilities fine, although ladies changing rooms could better stocked shampoo, conditioner body lotion. The service restaurant bit hit miss - sometimes quick, times wait ages. Security entrance good - fast thorough.",0.20448067632850245,0.5646135265700484,Nov 15 2009
7,7,"I would live time I could! I stayed Lalit week September, planning go back couple days next week. I travel to- around- India lot work, Lalit far best stayed Delhi, also India (even better Taj Bengal, Hyatt etc). There issues stay, manager went way resolve me, going I would expect. The rooms spacious, modern joy work in, gym. Ah! The gym, pool spa.. I would happy living here, fact. The gym powerplates, latest equipment, great view, staff extremely helpful. food = great, wide selection room service. Definitely go buffet breakfast can.",0.32032085561497325,0.4882352941176471,Nov 14 2009
8,8,"Excellent Hotel-Good location.Value money. We enjoyed stay Hotel.Centre Delhi,Cannaugt place ,was walking distance Hotel.My daughter enjoyed pool.The room big modern amenities.The breakfast lavish.All staff interacted courteous.Overall exceiient Hotel.",0.4000000000000001,0.5166666666666666,Nov 14 2009
9,9,"SNOTTY RECEPTION STAFF The attitude displayed reception staff towards appalling. I looking forward experiencing I choose credit card person (I debit card instead), reception staff forced leave cash (Rs5000) deposit:: I felt quite insulted . In rest travels throughout India staying 5-star hotels, I never experienced problem again. The room modern bathroom lighting work. The food adequate.",0.09305555555555556,0.5013888888888889,Nov 13 2009
10,10,"The Lalit 5 star. Service excellent, arrived 1 :00 credit card refused still let go room.The room modern really good fittings, superb bathroom.Reasonably well located, short taxi tuk tuk ride Connaught Place many attractions. The restraunt breakfast great, outside eating area clen welcoming bit noisy road traffic.All good quality 5 star attentive helpful staff.",0.4704545454545455,0.5795454545454546,Nov 12 2009
11,11,"Lalit Very Comfortable, big rooms, beautiful lights entertainment...helpful friendly stuff. Everything Excellent !",0.549,0.72,Nov 7 2009
12,12,"NOT THE BEST - BE SURE TO REQUEST A NEW ROOM AND DONT EAT THE FOOD I stayed Lalit Oct 09. On arrival check quick asked stayed before. IF asked question say YES otherwise give one older rooms yet refurbished. I moved rooms old, dated noisy dues nearby train station constant train horns wireless internet slow cannot even access email.The new rooms comfortable modern wired internet fine. Still noisy depending side on. I ate night mostly food fine. The Grill expensive service VERY slow food acceptable. The Chinese resturant OK. The bistro lobby expensive buffet curry's nothing special. They however carry mild case Salmonella unpleasant way finish trip!Check bill carefully. I booked room free internet tried charge twice. Also check dates cans mini bar. In rooms year date.Over acceptable good fitness facilities good location. If get noise trains get poisoned fine.",0.1926144094001237,0.5573598227169655,Nov 4 2009
13,13,"Make sure request new room I arrived colleague checked together. Her room amazing, modern, clearly worth 5 star rating. Mine old fashioned, bathroom old fittings rust stains, smelled stale smoke (room 1512). When I asked change room due smell told fully booked would move morning meantime would arrange room aired. Nothing happens quickly 45 min later man finally turned help. Eventually agreed nothing could make room smell better I moved room miraculously became available.Overall fixtures fittings nice but, staff keen meet every need, could take hours (and several reminders) actually anything. The breakfast food ok nothing special one day sat half hour table we'd clear dirty dishes one end (there clean ones available) manage see single waiter ask coffee.",0.11751581751581754,0.4549672549672549,Nov 2 2009
14,14,Good 5-star classy touch Hotel must renovated recently. They kept &quot;old&quot; features time put international 5-star standards. Well done.,0.15999999999999998,0.375,Oct 31 2009
15,15,"would stay again... We one night Lalit, chose closer railway travelling, train, Agra next day. Our flight Varanasi delayed..so arrive 7 30 pm. Our booked room ready...and wait!!! The girl typed typed typed computer..no apologies reason annoying!! When finally made room..the room clean fresh. There sign request fresh fruit required. As next morning really early..I thought...good idea. Tried ring house dining. Phone work. Went stairs requested front desk. You guessed it...never arrived. We drink downstairs bar ate restaurant. All fine, exceptional definitely zero warm fuzzy customer service, quite expensive. To fair one way, Lalit finalising looked like massive renoavation BUT prices definitely reflect leeway that...so need judged full price tarriff. Would stay again. Would head back Taj",0.06222222222222222,0.5669444444444445,Oct 28 2009
16,16,"Comfortable somewhat characterless The Lalit extremely comfortable, well appointed well run. The location handy Connaught Place. Our standard room spacious, clean comfortable. In fact, everything would expect international class hotel.It suffers large international hotel, feeling little anonymous impersonal, minor complaint.If secure reasonable rate via one web sites, good place stay. Watch early check-in charges, though.",0.16352513227513227,0.5515873015873016,Oct 26 2009
17,17,"The worst I exeperienced 10 travelling years As expatriates years, travelled many countries lived various hotels business leisure purposes. Here summary 3 days stayed hotel. Upon arrival, discovered confirmed reservation listed hotel. We understand sometimes things pleasant way thus patience front office staff check. Sadly, staff took ages check booking promised come back us investigation. To utterly dismay shock, staff check booking agent thus created another havoc check out. We believe, unprofessional behaviour indeed reflect positively 5 star rating hotel. Space limited, can't continue words. You welcome contact us details.",0.1849412492269635,0.6467841682127397,Oct 21 2009
18,18,"A diamond rough The Lalit remains one lavish hotels I every stayed. Everything modern, stylish sparkling clean. There small night club/bar inside well restaurant. Make sure try breakfast buffet, awesome!",0.33958333333333335,0.6486111111111111,Oct 16 2009
19,19,"Pretty Decent Good value Lalit within walking distance Connaught Place. Very nice rooms, good staff. I liked gym people used new equipment. Coffee shop OK, breakfast buffet grand Taj Radisson, still good. Make sure grab waiter's attention require coffee immediately. For strange reason, figured caffeine needs Western traveler. I really liked wired internet. High speed, secure hassle logging on. Would stay again. Paid @ $140 night.",0.37547237076648843,0.6076530005941772,Oct 3 2009
20,20,Very nice walking distance Connaught Place Very nice helpful staff walking distance Connaught Place,0.78,1.0,Sep 28 2009
21,21,Our home away home seven nights We loved hotel. It home total 7 nights 3 week trip India summer. The security impressive. We felt safe secure city pretty crazy times. A full breakfast included. We meals 24/7 resturant located first floor. Desk people beautifully dressed helpful. Room service immediate. They even knew names. All issues addressed promptly. The pool area breathtaking. Lounge chairs rest water. Service impressive. We hair cut services spa first rate. The shop owners especially nice. We bought sari's beautiful scarves Kashmiri Arts located second floor. We stayed many stay nice Lalit class own.,0.4647727272727273,0.7087121212121212,Sep 20 2009
22,22,"Impressive !! Hotel Lalit beautiful new rooms. Myself clients impressed service. Mr Ravindra Kumar, F&amp;B Manager courteous always make sure clients go back satisfied come back Lalit next trip India. I always impressed Ravindra. He sending regular mails remind us interesting events, gala dinners held The Lalit.. What great way touch clients various countries..As promised Ravindra Kumar I recommended clients stay 15 room nights month September 2009. Yesterday I got feedback client service impressive Ravindra staff took good care. All Japanese clients felt like home.. Thank Lalit thank Ravindra..",0.45480861244019133,0.58659775896618,Sep 19 2009
23,23,"Beautiful I stayed Lalit partner recent visit India. The impressive high ceiling modern furishings. Nice facilities especially swimming pool gym equipped new good machines. The room clean comfortable. The staff polite. Many nice restaurants hotel, breakfast good wide spread food, I dinner Wok however food expectation improved presentation taste. Excellent location minutes away famous bengali market.",0.44782531194295905,0.7143850267379679,Sep 16 2009
24,24,"Overall satisfactory minor problems We stayed three nights Lalit. I mixed experience stay. We minor issues besides everything went well. We booked travel agent got good rate room inclusive breakfast.The location really good five minutes railway station Connaught Place. It convenient shopping loads restaurants around corner. Taxi charged Rs. 50 auto rickshaw charged Rs. 20 go CP. Taxis available times rickshaw could hired outside hotel.The lobby breathtaking nice waterfall, huge paintings pianist, everything lobby spanking brand new. Our room 19th floor great view room really old especially visible bathroom old taps, rickety shower, watermarks chips wash basin. We problems air conditioning making noises got fixed one day cable went well fixed promptly. These minor issues five star fixed beforehand makes difference good great stay.The breakfast really good; buffet style Indian American options. There tons different items baked goods well. The food prepared fresh several cooking stations.The attitude staff great always willing help smile. Wifi available Rs 200 30 minutes. I signed twice used 10 minutes each, upon checkout billed Rupees 850 stating I used internet hour could explain charges I signed half hour option. I going argue $10 said check IT find problem.We bit let little issues, things expected trying compete Taj Oberoi. Overall satisfactory stay Lalit probably stay great location.",0.2542537214247741,0.4426342371079212,Sep 15 2009
25,25,"Fantastic Hotel On recent stay I found Lalit great stay New Delhi. Very modern beutiful lobby, great rooms, great restraunts/bar &amp; lovely pool area. Staff always friendly &amp; helpful bed soo comfortable!Pool area nice lots lounges choose, gripe alcohol would served pool, much cocktail &amp; swim! Was 4 blocks walking distance shops/market minutes tuk tuk ride 40 rupees. Price food felt little top India, though beautiful food, buffet die &amp; expected 5 star hotel.This deserves 5 stars, I would stay again, great choice",0.382020202020202,0.6163636363636364,Sep 10 2009
26,26,"A intimate 5 star business Usually stay The Park Imperial booked place change. Good gym, small perfectly formed, new machines. Bar uber trendy pretentious. Good standard/choice food buffet/a la carte. What I really liked feeling another huge, anonymous 5 star rattle around (although approx 500 rooms!). Will definitely use again.",0.31818181818181823,0.6311188811188813,Sep 9 2009
27,27,Good service good value Delhi Have stayed Lalit three times now.The continued updating building good. The pool terrace available trip nice. A small oasis calm middle Delhi. Only downside piped music get nerves.Staff friendly service good. Room service food restaurant a'la Carte menu always joy.When first stayed largest range breakfast buffet I've ever seen. Unfortunately seems getting smaller relies processed pre-packed products. This might minor point attraction earlier visits. It possibly seasonal.WiFi/Internet price high. Business centre printing prices extortionate.,0.2507894736842105,0.580175438596491,Sep 3 2009
28,28,Absolutely delightful I really liked property. Location excellent 5 star delux would say. At bargain got steal. The rooms classy upgraded superior room request reception. Further even late check given .Reception good helpful.,0.44444444444444453,0.7333333333333332,Aug 28 2009
29,29,"Nice Hotel good room This nice heart new delhi. I traveling friends. We nice rooms.The helpful helping us get information newdelhi, recommending booking nice restaurants.But cups kettle room verey dirty dont wash well take care ,,see wash good befor use them.Bathroom verey cute problem shower basin water stuck ..Internet verey expensive..",0.3336363636363636,0.8154545454545454,Aug 17 2009
30,30,"Excellent place Well rooms extremely good,staff nice,the 24x7coffee shop great,choice breakfast best I ever india.In short...excellent hotel..",0.625,0.7666666666666666,Jul 27 2009
31,31,"The Best Hotel I Have Stayed At I initially planned staying Lalit days February moving another place, good experience I ended staying trip ended June.What made experience memorable kind service family I received. I fell ill 2nd 3rd day one housekeepers learned this, asked I needed medical assistance. We told I would fine, thanked him. Later evening, I received phone call somebody--front desk, I believe--asking I feeling. The next morning manager asked I connected doctor, prescribed medication me. Receiving sort attention says lot level service, continued I extended stay. Everyone bottom topâfrom porters, waiters, housekeeping upper management--treated us like VIPs. As hotel, itself...Just reviewers mentioned, beautiful decorated contemporary style.The standard rooms comfortable good size. I liked furniture decor. The hardwood floors nice touch also function well keeping room cool. After long, hot day, I would love return room turn large flat-panel TV sitting comfy bed. Although plenty dining options outside hotel, 24/7 &quot;coffee shop&quot; located lobby level served needs rarely bothered eating out. It run well, service excellent stay. The wait staff attentive always friendly chefs, themselves, would often drop ask food was, eager feedback. The breakfast buffet nice--it's possible selection may vary depending whether tourist season, regardless offer continental Indian fare. The bakery next 24/7 coffee shop also nice.There restaurants hotel, I must say Baluchi restaurant great. The food good, 6 days week live music performed night. I would sometimes go listen ghazals turning night.The fitness center, open 24 hours day good, quite exceptional hotel--free weights, machines (including Smith machine), treadmills bikes well small yoga/stretching room. Next fitness center spa lovely swimming pool, opened beginning March.The location excellent. It far tourist destinations. In fact, could see two historic landmarks (India Gate Humayun's Tomb) room window. It within walking distance main Connaught Place circus markets--the main Connaught Place center, well smaller Bengali Shankar markets. It also close metro station. All 5-10 minute walks hotel, though also plenty auto rickshaws outside grounds along way prefer walk.Overall, lot going it. I great experience, although I never heard Lalit chain prior visit, I would certainly wish stay I return Delhi.",0.2318816439970286,0.4619625246548325,Jul 21 2009
32,32,"Beautiful Hotel Exceptional Service Great Food I stayed Lalit week Delhi past spring would HIGHLY recommend travelers visiting city. The absolutely beautiful staff phenomenal. Overall, without doubt one best experiences I've date. -StaffThe Lalit's staff perhaps sets apart hotels, seem go beyond hospitable hotel's guests. Everyone extremely friendly always willing go his/her way ensure properly taken care stay (especially wait staff 24/7 restaurant downstairs).-RoomsAs far comfort goes, Lalit's rooms would expect really nice US Europe. What I think set apart others level cleanliness (immaculate!) room. Also, room stayed beautifully furnished modern decor, making pleasing aesthetic standpoint well. -LocationThe located centrally, Delhi's Connaught Place district. This great close many main tourist attractions (Humayun's Tomb, India Gate, etc.), certainly far others. Given traffic situation Delhi, proved advantageous throughout trip.-DiningThere least two three restaurants housed hotel, however I never ventured beyond main &quot;24/7 Cafe&quot;, I ate least two meals day. The menu reasonably-priced extensive, offering American, Italian, Japanese, course, Indian dishes. Perhaps best part restaurant (aside fact open hours) daily breakfast buffet, offered wide variety fresh fruits, cheeses, pastries, cereals, eggs/omlettes, much, much more.-Fitness Center/SpaAlso worth noting Lalit's exceptional fitness center, offers number exercise options wonderful equipment (free weights, weight machines, ellipticals, treadmills). Additionally, also offer kickboxing classes, well yoga. There also spa attached, though I make use it.-PoolJust outside fitness center gorgeous outdoor pool, even order food beverages snack relaxing water.",0.2651388888888888,0.4685416666666668,Jul 14 2009
33,33,"Pleasant...the best beds side delhi The best bit even though Connaught Place, still removed enough madness. Its 10 minutes walking CP inner circle janpath similar metro station. Ideal business traveller much Cp business district like next door.Also refreshing room (though touch work little sketchy places - leaving much desire) rain head shower, bath tub, clear class partition room washroom...was clam simple.The minibar left much lot much desire, mean 4 cans soda two bottles water, please gimme sm more. The comfortable bit room 2103 beds...the best beds slept mattress divine say least soft right amount, pillows really nice...i one comfortable night caps ever hotel.I tried bit breakfast whatever nice...There wall patchwork done really visible bedside, sm woodwork needed new varnish still really nice stay. Oh one thing maybe maybe could ppl front desk i, waited good 15 minutes three could maybe tend checkout (which performed smone actual front desk staff).",0.2770593692022264,0.4215074211502783,Jul 10 2009
34,34,"Excellent 5 Star Really first cladd hotel, business pleasure, Spotlessly clean, excelent service. The outdoor pool perfect. Food good - especially choice buffet breakast (so make sure included rate) - fresh fruit, omelettes/eggs cooked order, Japanese - course Indian (so you'e new India, safe intro joys dosas, vadi, bhajis, uppam etc!). The Spa World class - priced accordingly (ie cheap).The newly renovated rooms upper floors everythig could ever need - great bathrooms, massive flat screen TV etc.Tip: use black &amp; yellow taxi's get around (negotiate fixed price) - Lalits car may air-con - also least 5 times expensive.",0.25103305785123964,0.5472566574839302,Jun 22 2009
35,35,"Need train support staff The stay comfortable, support functions good. I Delhi business trip hence spend much time room though. Had check couple times due work schedule. Got different rooms time therefore able experience variety. At reception, always best room allotted even requested for. Some support staff terrible need severe training. One managers reception helpful, even credit card system operational. Overall good experience, need put act together given positioning.",0.22115384615384615,0.46153846153846156,Jun 22 2009
36,36,"Lalit well situated but.... My friend I stayed 4 days late November. The Lalit formerly Intercontinental; taken Indian magnate Lalit Suri. We booked reservation Intercon surprised see Lalit sign flags front - thought cab driver dropped us wrong hotel! It happened arrived day new name unveiled.The entrance almost right street, grounds speak of. The lobby beautifully decorated modern flair enormous paintings Suri family. Check smooth, although staff especially pleasant. The several elevators, always seems long wait catch one.Rooms modern well appointed. We stayed standard room 2 double beds - little cramped, comfortable clean. The cosmopolitan feel, travelers many different countries. We met people Africa, China, Europe Australia US. It situated 15 min walk Connaught Place within short driving distance many historical modern attractions. There great restaurants bars serving international fare Connaught Place - ask concierge make reservations you.Our biggest complaint dining Lalit. There buffet restaurant right main lobby, much variety food good. We wait long time server take drink orders, dishes cleared away timely manner ended crowding table. There also pastry shop time sell coffee small pastries could grab run. The 24/7 Bar served food/snacks buffet restaurant open, stuff served buffet.We also tried eat Woks heard good things it, waiting 2 hours still seated. It got late got take took back room. After that, food disappointing - greasy tasteless. Needless say, ate site.Overall - nice, well kept hotel, well situated. Service passable. Just find places eat.",0.08109330886504802,0.47831827592697157,Jun 18 2009
37,37,"Excellent Hotel Convenient Part City Great large Rooms ovesized modern bathrooms. Nice views well. Ate two restuarants, WOK top floor surpassed expectations excellent food, though slow service. The cafe 3rd floor mediocre best. Service excellent throughout stay. Would definitely recommend business leisure.",0.4241758241758242,0.629120879120879,Jun 17 2009
38,38,"Business friendly Good business hotel, right heart delhi.situated CBD CP/Barakhamba road close Barakhamba metro station, smacks business opulence. I stayed almost three months became gold member priority club.The deals normally around 10k INR per night though might rise upto 15k busy season.it one two heated swimming pools delhi.Okish restaurents coffee shop lavish spread breakfast. The best thing quality rooms - lots gadgets, transparent glasses bathroom walls clean look entire place.I recommend this.",0.35304232804232805,0.5011904761904762,Jun 13 2009
39,39,"Loved Bathroom I stayed month April '09. The magnificent I loved bathroom glass wall. It lovely hard drag away bath room. It hot busy there, I wait get back peace tranquility bath. I expecting nibbles breakfast lovely continental spread cheeses fruit pastries etc. Quite difficult fit meals that! The lobby splendid good decor &amp; ambience. 3 things I would like look into:- The interiors rooms need done up. In room walls hd cracks &amp; patchwork painitngs clearly visible shw right perspective.- The thing I would like highlight still loyalty program &amp; tie ups airlines. This little bizarre consideing tough competition industry in.- Airport pickups &amp; drops charged......this something weird I found!! In view one journeys could charged, both!! BUT overall I would say probably best I stayed late. Perhaps convenient business Gurgaon!! But want mix good food, service odd trip connaught place absolute must!!Do pay heed suggestions....Lalit definitely go long way fulfilling Mr. Lalit Suri's dreams!!",0.20408167989417988,0.5639960317460316,Jun 7 2009
40,40,Great service I The Lalit period 2nights. I visited Delhi business purpose decided put The Lalit. My decision wise service rendered pleasing.The staff extremely courteous. The food authentic delicious. I extremely happy service &amp; I shall always recommend The Lalit everybody.,0.6571428571428571,0.8142857142857143,Jun 4 2009
41,41,"Best Business events - Stay calm- Staff good- Excellent place business events- Food, excellent real taste India- Location: middle Delhi- Airport 30 40 minutes away.",0.63,0.59,Jun 3 2009
42,42,nice stay Much expected. I went Delhi attend national meeting. My company opted stay lalit. The ambience gud. Service fast courteous.I liked food dining much.,0.33142857142857146,0.5771428571428571,Jun 3 2009
43,43,"Great new location old refurnished classy Lalit newer version Old Intercontinental used there. taken new management, much mark.great place be, absolute 5 star...ciaoronak",0.22909090909090912,0.5148863636363638,Jun 2 2009
44,44,Advantage Location This heart Delhi best terms location logistics.The food returants place fingerlicking good.The rooms sufficently large spacious washrooms.The gym spa place really good.Overall good heart Delhi,0.5285714285714285,0.3821428571428572,Jun 2 2009
45,45,"Looks good many niggles ... February 2009 saw first stay renovated Lalit several stays 'old days'. On arrival looks impressive really live expectations due number small problems. Check slow complicated frustrating arrived 10:30pm. I travelling Indian colleague endure lengthy (and unnecessary) form filling exercise apparently part procedures. Although renovated old lifts remain rather slow one pet hates. The rooms well decorated comfortable beds huge flat screen television. However, reviewers mentioned, proximity railway station make rather noisy night. Although busy I say breakfast superb enormous array food cater tastes dietary requirements. Another problem came check I significantly UNDERCHARGED bill wait corrected. Overall comfortable well looked Lalit, need work bit harder smaller things, particularly reception.",0.10576767676767675,0.5192222222222224,May 22 2009
46,46,"Grand ..... I thought stunning .... see site people poor service well experience ... missing bathrobe room one day I needed go swimming I one less 5mn upon request.I used services gym , spa, swimming pool, traditional Indian restaurant everything delight.... Considering 43C I visited peaceful refreshing bustle heat city",0.12291666666666666,0.6208333333333333,May 21 2009
47,47,"Not really good stay I found services poor staff reluctant entertain guests. The locker room working reception I asked keep passport. They retorted telling I keep passport locker room. When I told locker working, said sorry can't keep. They either change room got locker repaired.This near railway station difficult sleep trains hooting away whole night.",-0.26166666666666666,0.6966666666666667,May 20 2009
48,48,Perfect Business Spot It perfect Business heart city. The great SPA visit use facility. The resturant big spread menu food average. Lot place hang around near shopping too.,0.4583333333333333,0.6083333333333333,May 10 2009
49,49,"Loved new decor Visited business visit pleased arrangements. The renovated itâs great atmosphere mix business pleasures hotel. Rooms good I enjoyed stay. The problem STAFF friendly, room service takes lot time time staff confused ask anything, bit rude bit attitude problem I say. Overall well equipped, good food, great bar perfect place business better staff.",0.39430397727272726,0.6646590909090909,May 6 2009
50,50,love 24/7 like overall experience ...and moreover visit 24/7 frequently ..im love totally...coz get liquor 24/7 ..name suggests ...,0.2825,0.39749999999999996,May 2 2009
51,51,Good Hotel Business Traveller A good-quality business convenient location excellent dining options.,0.85,0.8,May 1 2009
52,52,"Hate place This crazy stay. Was booked two nights family, possibly worst stay ever.Checkin etc smooth, first evening, air conditioner entire went off. There scheduled maintenance going supposed go couple hours initially, went till next afternoon.In Delhi's heat, five star gave us torrid time. The staff ran fans could even open window.The staff help much. I ended arguing regarding fare charging me. They gall present full bill check out. It made furious.Terrible, terrible, terrible.One positive thing good location. If willing walk steps, CP almost next door.",-0.06435406698564594,0.5001993620414672,Apr 29 2009
53,53,"Better After Renovation The Lalit come New Look Renovation , The Rooms Much better location usual good Close many offices. The Restaurant also nice",0.40948051948051944,0.5435064935064935,Apr 28 2009
54,54,"Great Experience In totality great experience. Food, stay really satisfying add that, slept really well really long work schedules. Service restaurant good. The Hotel secure too.",0.4957142857142857,0.64,Apr 25 2009
55,55,"Great place Stayed presidential suite 1 night due unavailability space. Rate 400 USD per night, matter since client paying! It one best experiences life. The complementary wine, jacuzzi rest services first class. The brekfast excellent well. The decor fantastic location perfect access central New Delhi. Recommended anyone wanted stay upmarket place",0.49223484848484844,0.5958754208754208,Apr 25 2009
56,56,"Dont touch mini bar! Goes without saying I suppose, tired frazzled days travel thought reviving G&amp;T irresistble clock prices . R900for gin spirit add tax top. They know charge here. Also beware buffet, average though is, costs R1770. You expect excellent service price, took hour I could get room wrong key card issued 3 times.",0.04642857142857142,0.6964285714285714,Apr 20 2009
57,57,"intercontinental touch missing... While, I going while, part priority club probably independent named Lalit. The intercontinental touch gone, service level gone I found people aloof before. Their breakfast used one best exhaustive. They able amintain far, however I see people little disoriented now. The maintanance gym swimming pool also going poor now.",0.13569444444444442,0.4378888888888889,Apr 17 2009
58,58,"Lalit good value money The Lalit major overhaul renovated rooms well appointed large flat TVs, glass walled bath shower area huge glass window give view city.Elevators still upgraded wait sometimes longer.Food upto standards old (Intercontinental). Breakfast boring one fresh juice one canned juice option. Usual eggs sausage (no smoked salmon) Indian parathas dosas etc.The mini bar flavoured water Rs 175/- total rip off. The gives 2 small bottles water per day adequate.Staff bit uncertain times, check took long time.All good modest price New Delhi's Connaught Place area.",0.06694996180290298,0.5887127578304049,Apr 17 2009
59,59,"Very good - would recommend it. Just back 4 night stay The Lalit. Very impressed - pick airport check smooth quick staff friendly eager help. Really good location - easy get taxi/auto rickshaw even walk Connaught Place. The doormen always ready get taxi push cars.We two double rooms 21st floor and, although could see railway line one room, noise trains distant bother us all. The rooms well equipped - thing lacking usual guide, although room service menu. The bathroom nice, mini bar sparsely stocked - things fridge one coke fanta!! (although provide 4 bottles water every day). Breakfast good ate 24/7 lobby restaurant one night nice, although continual repeating chillout music got nerves while.My daughters really enjoyed pool area - particular lovely lounging chairs edge pool eldest used spa thoroughly enjoyed - reasonably priced, too. Wouldn't hesitate stay New Delhi. Had really nice short break whole harrassed half much expected even though 18 yr old long blonde hair attracted lots 'friendly stares' lots requests photographs!",0.2948365800865801,0.5385584415584415,Apr 16 2009
60,60,"great breakfast spacious clean room much noise trains excellent terms cleanliness, service, quality food (especially breakfast) safe. However, close train station, lots noise night day. Good location though.",0.5095238095238095,0.6785714285714286,Apr 10 2009
61,61,NAIL IN THE MAIN BED..GOT HURT DR IN HOTEL GAVE AN ANTI TITANUS INJECTION nail frame main bed hurt leg..a Dr summoned gave anti titanus injection...later found rooms carpertners banging away beds may problem also close railway station trains hooting away day night..,0.05208333333333333,0.29166666666666663,Apr 6 2009
62,62,"Nice Comfortable Hotel Room Improvement We stayed three nights total wedding party. The hotel's decor impressive modern. The rooms comfortable nice views city. The breakfast decent I've better similar level hotels.The pool area also newly renovated nice. But I almost wished indoor air Delhi polluted enjoyable breathing fumes pollution relaxing pool.The major complaint I service. Check-in extremely slow. If two three people front line, prepared wait 20 minutes check in. We check twice three nights split times similar experience.Also staff front desk seem confused sometimes. One time front desk person actually told wrong information regarding hours sauna room gym area. Another time I wanted break large bill person sent desk another area ended one helping me. Despite hiccups service, comfortable I would stay I could get good deal room.",0.21476085257335262,0.6153613516113516,Apr 5 2009
63,63,"Good could improvements I stayed Hotel one night Business Trip Delhi. Hotel quite centrally located, thats major plus point.Crowded Lobby, Check chaotic, took time get room allocated. Staff seemed confused unable handle large crowds time.Room nice spacious, excellent view city, large comfortable bed, clean large bathroom. Room Amneties excellent. They even cellphone chargers models room. Tried room service dinner. Order arrived time, Food good, excellent.Breakfast spread next morning basic, something write home about. The Lunch buffet however excellent, though expensive.There two things I like Hotel.1. The staff tend linger around waiting tips, happened thrice stay. This irritated quite lot.2. Though Recession brought Hotel Tariffs, rates services facilities remain same. It seems stupid pay inflated prices almost everything thing available outside 1/10th price. So even though I travelling company expense, pinched.overall average experience. recommended Business travel only.",0.18719529478458052,0.5160572562358278,Mar 29 2009
64,64,"Luxury Hotel Superb Location! Loved It!!!!!! I've stayed Lalit family 2 nights March.. This definately worth points. The minute u walk lobby, features decor modern. The service great, I say bad thing it, pool area lovely, kids loved it. I've stayed 5 star hotels before, even better ones we've stayed London. You disappointed, I would recommend anyone. There alot business people around, second day families. There pastry shop badly priced, ordered drinks poolside bar, steep. We breakfast 24/7 restaurant, lovely, probably best meal kids since India. There wide range, cater all. The also agradin area, daytime shows on, also second floor range boutiques gift shops. The best thing Lalit location. It literally 5 minute walk Connaught Place, 5 minute car jouirney train station took us half hour peak time Airport. Overall, I would say I made good choice staying Lalit. I'd looking accomadtion nearly 2 months prior journey. Having 3 young children, I wanted nice hotel, good pool good location. I firstly booked Radisson, cancelled last minute due location. Lalit definately impressive!",0.2709259259259259,0.4838888888888889,Mar 26 2009
65,65,"The Lalit: A magnificent surprise great Delhi location I spent 4 days mid-Feb wife son. The arranged Delhi office I little surprised brand I recognized....but boy, absolutely outstanding experience! While every aspect experience great, negatives, highlights:1. The people best thing hotel.....they warm, friendly, polished VERY hospitable. They made us feel really welcome service excellent every place. (I thought mistaken VIP, wife son experience). 2. The rooms nice..... bright, tastefully furnished, fairly large, well equipped. 3. The 24/7 restaurant probably best &quot;coffee shop&quot; I experienced.....great food, served beautifully, pleasant setting. The breakfast buffet outstanding. While intended eat try Delhi's many restaurants, ended eating pretty much time, . 4. The facility overall beautiful.....it rich without seeming formal; bright, airy, beautifully decorated, collection art top Indian artists. (It's I know full-time curator! ).5. The location superb....right Connaught Place, central Delhi. It hard find better location Delhi. It close shopping, business, government, parliament, historic old Delhi, newer monuments, etc.. Given Delhi's traffic congestion, major boon. I understand recently renovated, I sure added attractiveness, I believe outstanding service flawless operation experienced result excellent management. (And could see place time!). Bottom line, superb would gladly recommend friends.",0.46854437229437224,0.6399801587301588,Mar 8 2009
66,66,"Loved I loved hotel! I've travelled lot would one nicest hotels I stayed in. The room fabulous, staff attentive helpful. The buffet amazing - breakfast lunch dinner room service spot on. The room quiet, ironing board - I came across India one!!! Attention detail excellent room - variety newspapers, chocolates - I say fantastic. Only downside pool still closed renovation, restaurant little expensive, overall - I'd highly recommend it.",0.2578333333333334,0.7048888888888888,Mar 8 2009
67,67,"Recently renovated pool closed. Nicely renovated hotel. Good size rooms. Excellent interior decor. Somewhat noisy, even though room high floor. The right heart city. Dining open 24/7, breakfast tremendous feast. Pool currently renovated closed; gym small functional.",0.2190873015873016,0.5354761904761905,Feb 18 2009
68,68,treat When first arrived New Delhi stayed Shangri-La found rather cold &amp; standoffish. When returned new Delhi went check Shangri-La found they's increased nightly rate 25% 120 USD less 2 weeks. We looked around found La Lit reasonable luxury willing negotiate fair price. The newly renovated rooms stunning &amp; almost identical rooms Shangri-La. We found atmosphere lot friendlier welcoming always bustling locals travellers. The breakfat buffet outstanding! If given choice would definately stay La Lit! Would highly recommend hotel- real treat.,0.24557828282828284,0.5819090909090909,Feb 4 2009
69,69,"Excellently-designed city dismal service We stayed Lalit recently visit Delhi. The lot strong points...the design top-notch: rooms spacious, comfortable fitted high-quality modern finishings/furnishings - get pay for. The within walking distance Connaught Place shopping dining, metro stations even sites interest. The 24/7 restaurant downstairs fantastic, offering one best selections food I seen India. The major let-down poor response simply requests made, packed breakfast, water, information, etc...I expecting better. Extra services mostly overpriced poor quality, well. Overall, accomodation represents price pay expensive city like Delhi, really need work confused, disinterested staff. I encounter signs renovation work stay. Maybe over?",0.1435416666666667,0.4957738095238094,Feb 3 2009
70,70,Impressed! This called &quot;The Lalit - New Delhi&quot;.I stayed four nights. The renovation time stay (including rooms public spaces). I stayed recently renovated room. The room nice. Service throughout stay excellent. I ordered room service (excellent reasonably priced) multiple meals lobby dining area (24/7). The breakfast buffet decent value although lunch buffet pricey (~$40/pp).I would definitely stay again.,0.37358585858585863,0.5698232323232323,Jan 2 2009
71,71,"Avoidable My experience similar Isabella. I stayed last week 3 nights.Lobby rooms fine like economical 5 stars undergoing major repair therefore noisy. Though management always says work mostly stop work night guests object etc fact throughout day night carpenters, electricians masons keep working stop 15 minutes object repeatedly resume work times noisy. Very difficult find restful sleep hotel. Besides, close train tracks train make big siren keep people away passing tracks.Staff mixed lot, polite rude.Avoidable hotel.",0.14194444444444446,0.4144444444444444,Dec 22 2008
72,72,"Worth price...if price mid-market My experience similar IsabellaNewYork review below. There real nice touches hotel: recently-renovated rooms modern attractive big flatscreen TV funky bathrooms. Also, morning breakfast good, I service problems others had. In fact, seems like staff may recently training course, since frequently extremely solicitous. I would add also nice gym mezzanene floor open 24/7.On hand, still work progress. I report that, late December, loud bangings associated continued renovations ongoing, though I never experienced late night. Also, room (like IsabellaNewYork's) side train station, I got used constant whistles, would much better experience side building. Having traveld India immediate aftermath Mumbai attacks, I able negotiate much cheaper rate TripAdvisor listing (my rate $180), I think good deal given high price business hotels Delhi many near-5-star ammenities offers.As others noted, shed association InterContinental chian called Lalit New Delhi. All cabbies seem know InterContinental still, however.",0.24101398601398602,0.5524184149184148,Dec 18 2008
73,73,"Really good Hotel This really excellent hotel, exception: works night dust floor front (in morning). I came Hotel often early morning (01.00 - 03.00 o'clock) must walking wall-workers -construction), entrance on.Service OK, food, people kind.",0.45687500000000003,0.5718749999999999,Dec 2 2008
74,74,Overpriced The great plusses major negatives. Reception staff seem able cope quite rude hand. Checking slow luggage took nearly forty minutes arrive completing formalities. The lift service totally inadequate. I regularly waited five minutes lift arrive (either lobby level 18th floor room located) stopped nearly every floor. The 24/7 restauant (main cafe style buffet eatery) serves excellent food expensive compared indian hotels - rip levels. The bedroom superb every comfort imaginable excellent bathroom. Good location overall package could much better.,0.22916666666666669,0.5431713900134953,Nov 22 2008
75,75,"Nice stay The recently renovated. The new look contemporary. Our stay great, rooms modern look. The front facing rooms beautiful views. The bathrooms spacious. The restaurants especially 24/7 Baluchi good.",0.39730303030303027,0.6141212121212122,Nov 6 2008
76,76,"awefull This rip joint. I stayed hotels ranging 3 star 7 stars one give star ever. They charge like best new delhi nothing. I'd better B&amp;B 2000Rs. Thats much I think charge.No customer service, aweful food, construction wierd check process 3-4th floor. The lady good looking though.Thanks",0.34448051948051944,0.489935064935065,Oct 21 2008
77,77,"Problematic potential Service hit miss. Sometimes excellent friendly, sometimes incompetent rude. Overall, definitely long way go provide consistent 5 star experience. Room nice modern, flat screen TV futuristic bathroom. Room absurdly loud noise coming nearby commuter railway station. Trains making piercing signals hours warn people tracks. Have never experienced noise levels room, despite years travelling around Asia. If stay hotel, make sure get room away railway station!Hotel 5 minutes walking distance Connaught Place, big shopping area dirty decaying decades. The area nevertheless popular tourists, couple decent restaurants.A couple nights I woken around 1 loud banging went couple hours: extensive renovation work going hours.Breakfasts excellent. Nice, bright restaurant wide food selection. Staff sometimes seem tired unmotivated. Getting coffee refill often challenge.Dinner restaurant depressing affair. When I pointed particular vegetable missing pizza despite mentioned menu, waiter silently took plate away. He returned seven minutes later, added missing vegetables original dish. The pizza cold even less appetizing. Another time, salad main restaurant mediocre.Room service disappointing, say least. &quot;Grilled vegetables'&quot; turned unappetizing soup-like dish inedible. A sandwich soggy also unappetizing. Coffee weak looked like weak tea. It hard believe professionally trained chef could hand food fiasco!Internet room horrendously expensive, 1.248 rupees including tax (more 26 USD!). The login-process clunky sometimes problematic.Elevators often malfunctioning, often long waiting times.Indian newspapers reported starting next year, longer part Intercontinental chain.",-0.0054967948717948864,0.5362126068376069,Oct 16 2008
78,78,"Exellent This good quality hotel, excellent facilities, huge, beautiful rooms, clean, spectacular breakfasts, good restaurants, good service, safe, knowledgeable staff. Would definitely go again.",0.6286666666666667,0.784,Sep 14 2008
79,79,"renovation least one month two ! We booked 2 nights august restfrom busy india, august delhi choose swimming pool possible hot !Well reservation office forgot tell us whole building swimming renovation, means dust noise chose standard room, gave us suite door lift opened, clouds dust noise invaded corridor, like joke movie.... ran away hotelI wouldnt recommend lack information sincerity...",0.03958333333333333,0.49166666666666664,Aug 23 2008
80,80,"Totally Horrible Service Stayed 16-19 May. It horrible experience. The staff unfriendly. I arrived midnight. When I lined check-in 3rd floor, staff gave head signal bellboy asked take international club 20th flr check-in. That really rude. She even bother say anything me. The going renovations. I could hear noise/bang sound I woke morning. I still could hear bang I came back dinner time. The TV telephone room work all. I used international mobile call receptionist informed telephone room work. All TV channels, except one, signals. It took forever fix this.Unless upgrades quality service improves staff etiquette professionalism, deserve called 'class hotel'.I really hate never recommend friends networks!",-0.29,0.39,May 20 2008
81,81,"Best value ""good"" Delhi great gym. The intercontinental choice Delhi. In expensive city, offers good value. As already noted, renovations disturbing.The rooms fantastic hotel's best feature. Most plasma tvs great bathrooms. The gym/spa fantastic great way finish day. The restaurant also excellent, open 24 hours (and experienced ordering steak 3am - perfect) bars offer wide choice. The location brilliant dont want pay c.Â£200, great option.",0.5842105263157895,0.6631578947368422,May 15 2008
82,82,"Beware renovations! Stayed couple days R&amp;R sightseeing end business trip region say I disappointed.The location great, edge Government district new Delhi within easy walking distance Connaught Place - quality live expectations Inter-continental.The main thing frustrate currently midst major renovations. The lobby reduced corridor - lifts action significantly, pool surrounding area completely building site. The pool closed 3-4 months apparently. Hammering drills started 8 morning carried late night. Worst however - even though I booked 2-3 weeks travle, I told none mention website.I stay one renovated rooms nice (if slightly small) clearly teething problems. My broadband work I call guy come set separate connection time I needed go line. And cost broadband extortionate! The 24hour restaurant unaffected renovation food ok best - breakfast big disappointment. Room service polite prompt good selection, food quality average best.In summary, great central location, potential great - get renovations way first, expect pay odds average food service",0.14969941348973603,0.5170821114369502,May 13 2008
83,83,"The Level Service Impressive I PC points stay property. As Royal Ambassador, best value system. The level service attention detail extrordinary. My sense tht deeply care people staying hotel. Because I medical reasons, location ideal -- 2 blocks Bengali Market. 3 Blocks connaught place.The rennovated rooms nice want suite. I would opt executive suite luxury suite Presidential tower. I stayed 2 nights 1115. Very quiet. looks pool (now close rennovation). But two luxury suites 21st floor good sleeping. Room 2121 great view cricket fields Modern school, view wraps around. It's pretty spectacular.If PC Ambassador, club lounge breakfast 8-10:30, tea 3-5, cocktails 6:30-8:30. It 20th floor right 2121. The 21st floor presidential rooms one top you. They quiet--but yet rennovated.The elevators wraps right sometimes might wait. But new spa, steam room, suana gym portend bright future property completely rennovated.",0.3562632821723731,0.4742866981503347,Apr 10 2008
84,84,"Comfortable stay. Stayed &quot;The Grand&quot; 25th 28th Feb. We travelled Goa looked forward first trip Delhi. I pre paid room check efficient professional. I requested renovated room given beautifully apointed room 11th floor. Rm 1127. The room confortable request harder pillow soft pillows liking. I already aware ongoing renovations aware pool also closed. It affect stay visit short. We availed buffet meals every day quality excellent little expensive Indian standards. The location excellent short walk Connaught Place. We also walked India Gate. Taxis easy arrange consierge staff. The &quot;not positive&quot; incident happened checkout. I given bill charged accomodation I already pre paid. I notice I left desk. I returned desk pointed error. The situation recitified done grimace desk. I offered apology explanation. However, I booked stay 3rd 6th June 2008. I would recommend visiting Delhi. The renovations hardly noticable staff generally professional helpful.Ken Brydon PJ Hogan",0.17545289855072463,0.4677536231884058,Mar 2 2008
85,85,"In spite ongoing renovations - class Over past several years I stayed Grand least five occasions - bad reviewers made be, I would stayed often I did. In fact, New Delhi good. I stayed Crowne Plaza (Friends Colony), Le Meridien, Maurya Sheraton Imperial, comfort, value service, equal Imperial, I rate one world's great hotels. The renovated club rooms superb.No doubt expensive, nearly $500 night renovated club high demand period (during international trade fair), similar hotels New Delhi even expensive. When I visited, still undergoing renovations - lobby restrictive pool closed. However, impositions guests. The Indian restaurant (Baluchi?) third floor superb good value 5 star New Delhi. The Chinese Restaurant roof top disappointing. The 24/7 bar lobby gone modern (glass clean lines) taste - I preferred old Champions Sports Bar replaced. Having said that, good watering hole, excellent service, good selection drinks best all, open 24 hours day.For business traveller good - good rooms (renovated ones), good service good location. I would also recommend tourist, especially get discounted rate. A satisfactory hotel, indeed.",0.25562823355506276,0.5111049519586106,Feb 22 2008
86,86,"Good business travellers tourist This conveniently located heart New Delhi. Facilities good, even present time (02/2008), refurbishing work causing limited access lobby. I used internal travel agency arrange one day tour town I pleased service offered. I paid 1000 rupees (20$) full day group tour; turned group party three guide excellent, spoke good english, well prepared ready answer question. I also tried two internal restuarants, offereng respectively indian chinese food. A little bit pricey (50$ good dinner, without wine) still acceptable. Main negative point noise nearby railway line, quite loud.Overall I recommend business travellers tourists.",0.2354334157905587,0.41336837765409196,Feb 18 2008
87,87,"Not worth high cost The undergoing major construction. The lobby really lobby construction going on. The taxi rickshaw drivers tough time finding place reason. We put room renovated yet. It ok, renovated section looks much better. The rooms spacious. The seems business type hotel. It justify price paid it.The concerige service helpful quite unfriendly. The room service restaurants good. Everything I ordered tasty. I think I would stay again.",0.19113425925925923,0.4461111111111111,Jan 26 2008
88,88,"Fantastic After reading mixed reviews I fairly low expectations hotel. In fact fantastic surprise. The renovation works continue minimum disruption newly refurbished areas really great, modern cool design. The reception area completely finished although even see good going look. We given one refurbished rooms 21st floor cool great piture window, modern interior design, giant LCD TV DVD, cool bathroom seperate rainshower.The heated (useful January) outdoor swimming pool one hotel's roofs real bonus wonderful escape tranquil space middle hustle bustle Delhi city centre. It dissapointing spa less service, basic facilities available. The hotel's website kept date available works though.The Grill restaurant top floor great menu they're happy make something menu ask. The quality's great. Breakfast's also top notch. I stayed Taj Palace weeks earlier much prefered Intercontinental Grand. It's much cooler, buzz better location similar price.",0.3140709728867624,0.49555821371610836,Jan 10 2008
89,89,"Expensive ( 314â¬/night) - Indian comparison This place way expensive India comparison. And international comparison well. Even Tokyo stay cheaper price comforts.LOCATIONNote anotehr The Grand New Delhi city well. This place nothing Intercontinental The Grand. Taxi driver may problems finding place even though supposedly centrally located. So address hand. And even address taxies may find place. Intercontineltal The Grand states Marakhambra Avenue, Connaught Place. In reality 700 metres Connaught Place Marakhambra Avenue small side street next highway close railway. You trains passing rooms facing east.ROOMSStay away old rooms cost. The new rooms nice (see prictures). However 300â¬ per night way expensive. Especially international comparison. Furthermore, hotels Jampath centrally located - cheaper.HOTEL PREMISESThe lobby area undergoing major refurbisment December 2007. Check facilities crammed one corner whole otherwise big lobby closed renovations. Pool area serous need renovation well. Gladly pool heated. Restaurant ground floor international standard - similar even higher prices.RECOMMEDATIONInstead big international names I would look 3 star Indian operated place close Jampath. You'd get value money - fraction cost.",0.11339442815249266,0.4196480938416422,Dec 28 2007
90,90,"Short stay flash one The room rate extortionate (US$550/night plus taxes) room incredible. How team made small room masterpiece open space architecture incredible. The illusion large room great. If Hotel Architect, go check magic.Very impressed small things like International Power Plugs standard!The renovations stairs still also affected Gym setting. The pool meshed interesting concept keep smog!.The breakfast setting stunning ground floor restaurant brilliant. There tons choice food breakfast here.Loved it...except room rate!ProsBest room setting standard hotelBreakfast!Service exceptional aspectsConsRoom price",0.3578373015873016,0.5854662698412698,Nov 28 2007
91,91,"Avoid costs! Stayed 18th Nov fortunately one night. As foyer rebuilt sent waiting area first floor check in. This backed works seperated short wallfrom building going on. It extremeley dusty noisy. One worker arc welding feet sitting! The man came check us oblivious problem. We unmodernised rooms. These disgraceful. The carpets badly stained sticky. The bath badly rusted around waste looked dirty. The new rooms may nice old ones would shame one star hotel. We went restaurant see could meal. We told meal available Sunday Brunch. Thiis buffet costing 3,000 rupees (about Â£40 ). We alternative go nearby restaurants. 20 minutes going told buffet closing 2 minutes. Sure enough 2 minutes started clear away food. No one bothered tell us buffet close went in. We still charged 3.000 rupees.Do go near hotel!",-0.011931818181818163,0.5696717171717172,Nov 21 2007
92,92,The Intercontinental The Grand Delhi We stayed Intercontinental short business trip intending stay longer trip ended changed minds. The new rooms big glass walled see bathroom single mirror lit properly apply make case shave husbands case -too trendy half. A plasma screen TV programmed either room stayed in. The main problem alongside constant renovation decent outside space.The terrace dining room could nice extractor fan kitchen fed directly onto poolside grubby meshed welcoming. For business stay make short holiday go outside space garden.Ask room overlooking pool - otherwise railway station keeps awake night.,0.11804653679653679,0.39805194805194805,Nov 14 2007
93,93,"Great Stay I new Delhi business stayed Intercontinental Grand. I think great! I upgraded Club Room free breakfast. I love contemporary feel Intercontinental. Although undergoing renovations, stay comfortable. Staff great I really nothing complain about. The chauffered mercedez car hired 3 days also made journey meetings New Delhi easy driver great knowledge area. He brought us interesting tourist areas meetings. The Wok restaurant 28 level amazing food. The breakfast served &quot;24/7&quot; restaurant adequate.",0.4972537878787879,0.6505681818181819,Nov 10 2007
94,94,"Rip After reading reviews, I got renovated room, far good. The decoration Ok 5 star hotel. Service I received 2 star class worth, exemple shower ounes cleaned stay, also never vacuumed room. The breakfast basic. The rate + service real rip of.",0.1861111111111111,0.5041666666666668,Nov 7 2007
95,95,"On way up. I stayed Intercontinental - The Grand last week 2 mights Delhi business. Its second time I've stayed hotel, first time 2-3 years ago, definately improving.A words warning. The currently rennovation, lobby real mess. Its boarded sit. They told 3/4 rooms already rennovated, I upgraded regular king room &quot;club&quot; room. From room I disturbed noise rennovations, smell paint lobby almost overwhelming. They also told rennovations complete March 2008, keep mind.I remember last time I rooms typical Indian old style, carpet floors classic furniture. They nice rooms nothing fancy. Certainly well would expect Intercontinental. But rennovated rooms absolutely superb. Parquet floors, bed par Shangrila beds (which usual favorite), modern decorations, 42&quot; plasma TV, fantastic bathroom separate bath huge rain shower. The bathroom glass walls watch CNN shower (or loo!). I say room trully 5 star. There also nice big desk comfortable office chair, one pretty much standard Intercontinental. One gripe, internet connection good, expensive. After tax 1250 rupees (about 25 euros) 24 hours, ridiculous.I ate buffet 24/7 cafe. The cafe/restaurant fully renovated nice. The food excellent, typically expensive - 2000 rupees lunch dinner per person. Service excellent.The gym bit dissapointment - small eliptical cross trainer. Hopefully also eventually changed. Location good, central Delhi.Overall, definately going right direction. Its well way genuine Intercontinental standard. One note: Hotels New Delhi INSANELY over-priced. I paid 16000 rupees per night (including luxury tax) lowest rate I could find decent New Delhi. When compare room I rooms Park, Metropolitan, even Le Meridien, rooms even expensive, I rate excellent value, things considered.",0.17514667956157323,0.5316097200671669,Oct 28 2007
96,96,"Good Hotel India Stayed 2 nights 1 night seperate visits new old rooms. I thought standard types rooms fairly good; particularly nice beds. The older rooms nice modern new ones, older room I got much larger. Renovation noise noticable I sleep pretty soundly; probably good idea stay light sleeper till finish. Service good persistent (like everything India, things take time patience). I got decent food room service. Breakfast particularly good. Overall, I'd say good I'm sure I'd pay full retail price (which I didn't).",0.3209881422924901,0.5422310057092665,Oct 23 2007
97,97,"watch phone calls Watched phone calls...They rip stupid hotel.I got charged 12.5% luxury tax REVERSE charge international calls NOONE answered end.Paid $4000 rupee total 5 min calls.Breakfast buffet pretty good rooms nice, views horrible.",-0.024374999999999994,0.715625,Oct 20 2007
98,98,"nice rooms This old. There construction going on, might find little annoying. Restaurnants bar disappointing pricy. I paid $198/night I consider really good deal since hotels Delhi tend expensive. Service excellent room well decorated clean. They DVD players room. I brought DVDs watched them! Internet access expensive. I paid Rs.1,000/24hrs (about USD25.) Most nice hotels U.S. charge $9.99/day, absolutely lot. Location ok. It's quite far Connaught place walk. But always take subway(only one stop Connaught place,) taxi.",0.1406770833333333,0.716875,Sep 29 2007
99,99,"Grand Ripoff Ideal location earnest labor staff aside, poorly managed, ridiculously expensive oddly designed Poor management * Power outages norm* Electrical issues rooms* Missed wakeup call* Uncoordinated reception staffRidiculously Expensive* laundry bill 1 tshirt, 1 track suite, pair socks undershirt Rs. 1900 = $50+. Criminal.* Internet per day $30+ (Rs. 1000). Again outrageous.* Cheaper room construction areas -- avoid unless like smell varnish paint noise hammerOdd Design* trying post-modern without following basic design principles* oddest shower stall seen* room put away clothes* a/c makes certain areas cold rest room coldEarnest Labor Staff* Not well-dressed reception area staff mostly incompetent, poorly paid room service staff engineering labor staff.All all, pretends something probably know care. For money pay, surely better deals New Delhi.",-0.14505984211866566,0.5951553348612171,Aug 15 2007
100,100,"Good business city center This InterContinental property managed run Indian group owns &quot;The Grand&quot; brand India. The centrally located business Delhi. The recently renovated rooms great - especially executive floor. A glass-walled bathroom, big-size plasma tv, good bedding, comfortable work desk top-of-the-line amenities makes room experience satisfying. The executive lounge great nice range drinks finger foods. A good place socialize quick business meetings. The breakfast good - spread well quality. The undergoing renovation cause minor disturbance (especially noise) stay. I would recommend needs close city center. If okay place Delhi, may find better much better price.",0.35634920634920636,0.6035714285714285,Jul 30 2007
101,101,"Charmless going renovation The currently renovated: ask one renovated bedroom nice, preferably facing pool (and facing train station noisy.)Rooms restaurant quite expensive opinion worth it. It might fully renovated: currently terasse enjoy drink evening diner. The bar pretty horrible (undergoound, loud western music, big screen tv, smoky). All charmless although bedroom nice. I meant stay 2 weeks, @ $180 night. I stayed one week moved Imperial price (booked net) FANTASTIC. If want spend sort money hotel, chose Grand, least fully renovated.",0.07444444444444445,0.5452777777777778,Jul 2 2007
102,102,Musty rooms clean This expensive place Delhi showed. Our room musty clean. Construction progress hotel. We found much better place much less money south side Delhi end trip.,0.035897435897435895,0.4490842490842491,May 3 2007
103,103,Floors closed We recently stayed 14th 17th April. We given rooms 18th 21st floors (2 occasions). Renovation ongoing considerable noise day starting 8.00am around 6.00pm.Because summer heat Delhi return afternoons peace bacause noise. This pointed Customer Relations saffed young inexperienced girl refer Manager duty. The Manager's response &quot;take leave it&quot; choice. I understand attitude rooms booked local travel agent pre-paid.The polite personnel lift baggage attendants.,0.05888888888888889,0.28,Apr 20 2007
104,104,"Nice 4 star nice area. I going India week terrified read reviews hotels Delhi. They said hotels expensive par. Well expensive I say solid 4 star hotel. Everything great including pool, bar, restaurant. The bad thing I say staff doorman, large turbine headed man, would give dirty looks I gave 20 rupee tip getting cab. I though uncalled since I told daily wage Delhi laborer 80 rupees day. The restaurant expensive dinner buffet costing $40 US. But food outstanding wide variety continental Indian foods. So I ate enjoyed it.The hall floor smell insecticide positive note insects. The states Conneaut Circle center Delhi. Well Circle mile it. And beggars, hawkers traffic walk able day courage. But walkable night. And problem getting one taxis I found quite unreliable taking constantly shops way. And another point Conneaut Circle much aside beggars hawkers. I found one decent coffee shop restaurants. So stay donât think walking center cosmopolitan Mecca.",0.061854811854811856,0.5734881784881785,Apr 14 2007
105,105,"Do recommend far ""Value For Money"" I frequently come Delhi business purpose I wanted experience hotel.With wife stayed 4 nights first half April '07. Room attributed us ,thank Priority Club Member card quite comfortable well located. In fact lucky disturbed noise resulting rehabilitation work currently progress. We heard around us many complaints this. Unfortunately cannot say rest services.Quality food available Self Service Restaurant relatively poor choice limited. Certainly overpriced compared hotels within range.Expresso coffee 5 USD , mediocre quality expensive express Palaces Europe.Internet available Standard Room 10 USD/ hour absolutely scandalous. In Guest House Delhi/Gurgaon ( B&amp; B USD 50- 70 ), WIFI internet available free!Staff reception nice relatively slow.This Hotel reflecting reputation ICH group needs serious improvements.We recommend moment.",0.07104761904761905,0.5145714285714286,Apr 12 2007
106,106,"Noisy beware renovations Checked afternoon travelling 27 hrs got allocatted smoking room reeked smoke. The room shabby needed complete make-over. After complaining requesting non-smoking room offered room &quot;newly renovated&quot; . Minimalist nice plasma screen. Nobody mentioned fact floor's service area still renovated opposite room.Needing shut-eye constant banging knocking kept us awake. After calling reception duty manager around 7pm &quot;I tell stop immediately&quot;. The banging continued another 1.5hrs. Also room back facing railway station; tooting trains throughout night banging day got little sleep 3 nights spent there. This impacted business meetings kept dozing off!Being &quot;newly renovated&quot;, bar fridge work (fixed five attempts handymen) hand basin drain big gap ceiling shower rose. It seems details problem front staff nobody bothered fix it-even complaining. There big conferences time quite full; explained attitude front desk staff.The food breakfast buffet OK better choose la carte menu dinner. Beware add charges. We quoted U$ 30 24 hrs access internet using wi-fi added service charge, government tax, well luxury charge ended paying 35% more. Cheaper internet cafe near hotel.If stay ask renovated roon away railway station certainly renovating.",0.16106150793650795,0.38637566137566143,Mar 21 2007
107,107,"Okay nothing special (maybe overpriced) I one day, I must say needs upgrading. The rooms perfect, lobby/reception could use upgrading. The staff reception slow inefficient. The restaurant nice. Swimming pool closes early. Location fine. Make sure minibar filled things there!!! Breakfast business lounge rather limited I think. For rest ok, probably bit overprices (as hotels Delhi).",0.39033008658008655,0.6202886002886004,Mar 13 2007
108,108,"OK Hotel I somewhat cautious I stayed reading reviews, problems all. I travelling 2 work colleagues met needs fine. The room quiet (aside occasional train tooting), I specifically asked quiet room, I liked large plasma TV room. Actually colleague higher floor (more expensive), normal Tv! Location near Connaught place relativly central. The Bathroom little dark, bath tub stain it. But overall price etc, I satisfied hotel, plus I slept ate breakfast (of I liked freshly cookedwaffles lot). But avoid breakfast rushhour Sunday around 10am, many people!",0.1596230158730159,0.5123015873015874,Mar 9 2007
109,109,Fine me- I lucky Having read reviews I dreaded stay.The room clean enough- quiet enough-no problems...BUT- seems I lucky members party noisy miserable night.,0.040624999999999994,0.6343750000000001,Feb 24 2007
110,110,"Avoid bad experience I 2 week business trip India looking forward stay hotels I stayed excellent. However, place major problems. All sorts issues add irritating unsatisfactory experience. First, I booked non smoking room. When I went check non smoking rooms available told I could smoking room change tomorrow. When I book something normally booked - right? I expect book something find really booked. I got impression big conference block booked rooms, one person stay important them. The room put intersection 3 streets anyone knows India, streets honk car horns constantly. This would problem windows closed properly room, seem screwed place, screws coming loose, effect windows open close properly effect car horn noise comes room constantly. The room OK pretty shabby. The front control panel missing television. The bathroom look particularly clean. Wireless internet advertised wireless connect. I impression put smoking room I want I arrived, someone going call day I arrived, let know I switching rooms - nothing happened. It service really lacking. I knocked service standards first I stayed (the ITC Sheraton &amp; Towers Chennai), service poor normally high Indian standards. They system dial &quot;9&quot; requests, links &quot;Instant Help Center&quot;. This good idea principle, people answer phone poor grasp English irritating experience. I called &quot;9&quot; ask I contacted changing rooms. They answered phone words &quot;can I help sir?&quot;, I explained situation, long pause end line, person said &quot;can I help sir?&quot;, I explained again, long pause end line, person said &quot;can I help sir?&quot;. You get picture, might well talk cat. Instant, exactly help. I finally said, &quot;you can't understand anything I'm saying - you?&quot;, said &quot;one moment sir&quot;, pause 2 minutes &quot;hold music&quot;. The receptionist phone gave impression intentions contacting room change, kind remind them. Not impressive. I also asked 2pm room cleaned. They said must &quot;DND&quot; notice room cleaner there. Why people customer care role use meaningless jargon dealing public? I finally figured DND meant &quot;do disturb&quot;. True - &quot;Do disturb&quot; notice room 8am, I'd kinda hoped 8am 2pm cleaner might returned. The concierge service similarly disappointing experience. I went morning got information trip Agra see Taj Mahal. The guy gave information I said I'd think come back later. About 4 hours later I went back concierge desk unmanned. I waited, waited waited. Around 10 minutes went by, receptionist staff side (sometimes even serving customers) simply ignoring me. I finally got hold one receptionists try see concierge got hold somebody. I thought guy also concierge, turned someone got hold of, much clue help me, said concierge would call four. Four came went I called ever useful &quot;9&quot; number asked put concierge, long pause again, receptionist answered stated concierge still around, would call 10 minutes. Thirty minutes later I gave upon getting phone call went concierge desk found myself. The electricity also seems drop around 5 seconds, I sitting bath last night lights went out. Each time lights gone come back again, I fear may one time. Also note us Americans Western Europeans used smoking banned enclosed public spaces. Word warning - here, worse, little sign-posting indicate smoke cant. I coffee pastry coffee area reception (where service unresponsive slow) I engulfed tobacco fumes. This pretty horrible experience used it. I would recommend place, seem complacent seem care customers. The ITC Sheraton's I stayed much cleaner rooms service standard excellent.",0.01012981617148285,0.4368268382851715,Feb 10 2007
111,111,"Grander thought We stayed Intercontinental Grand New Delhi January 07.On arrival got 5* greeting door. This first time Delhi idea expect read previous reviews little daunted part package. We loved it. Yes building work going noise times. The rooms updated reflect trend contemporary dÃ©cor. The views arenât great even smog thick probably couldnât enjoy anyway!We floor 18 views railway station highway constant horn blowing. It fun watching local life horns part experience, like New York louder, longer frequent!In deluxe room super king bed. The sheets duvet wonderful, cool smooth cotton high quality. It really comfortable. The bathroom little tired I think room awaiting redecoration still clean mountains fresh fluffy clean towels. Strangely one robe one pair slippers. There could want - shampoo, body lotion, conditioner, soap, shoe shiner, comb, toothbrush kit, shave kit vanity kit. There safe, hairdryer, iron board, well stocked reasonably priced mini bar tea &amp; coffee making facilities. A great little perk complimentary provision 2 litres mineral water daily. The Delhi news also delivered daily (printed English).The food excellent never bad meal upset tummies.Champions bar brilliant. A never ending range international drinks available good food. Here superb entertainment provided four piece live band covering best oldies. The drummer The Eagles &amp; Chris Rear brilliantly female singer could sing Karen Carpenter Sade. If werenât watching youâd swore real thing - Awesome!Baluchis Indian Restaurant. We ate one lunch one dinner 3 nights found faultless. The service food excellent. Tell normally eat back home theyâll advise might like order.Rendevous international buffet. The choice enormous. Ranging continental, Indian, Chinese &amp; Japanese. The desserts die for. Tiny slices portions could one time - great try different flavours. Rendevous also buffet breakfast served; loads choice nationalities.We didnât eat Art Juntion pool level 2nd floor serving snacks Nachos, club sandwich etc. Thereâs great pool get time use it.Also Floor 2 jeweller. He happy deal, friendly spoke brilliant English.Taxis guides always keen take government shops. These small malls Indian handicrafts carpets, fabrics, scarves jewellery etc sold. If buy carpet, furniture etc government pay send back home you. I later read ârough guideâ fake government shops whoever takes gets commission sale beware bother you.All satisfactory stay had. The service good, rooms comfortable lots amenities food excellent - could want?",0.2968669815033451,0.5374817001180637,Feb 6 2007
112,112,"Good My 2-nite stay good. The staff helpful. Food average. Room average, still clean quiet. It quite pricey, I can't say service facilities equal value. Internet access $20US 24 hours.",0.20833333333333334,0.44791666666666674,Feb 6 2007
113,113,"Better expected.... We concerned result TripAdviser reviews given reassurances booking agent. It pleasing find view provided acceptable, wonderful, accommodation excellent location days Delhi. Renovated, minimalist (and upgraded) room fine occasional, minor day time intrusions renovation programme. We found entire reception staff helpful one misunderstanding billing. Room service, especially dealing minor problems could faster reliable. Be wary inhouse travel service whose drivers like take unexpected shopping expeditions! Excellent breakfast Chinese (!) restaurant remember. Overall, enjoyable experience slightly faded venue.",0.12395833333333334,0.5881944444444444,Jan 29 2007
114,114,"delayed checkout last week ,and truly say terrible experience,however time hands,and dont mind waiting 45 minutes check out,my collegue waited 1.30 checkout.this place stay.there much better hotels this.",-0.16666666666666666,0.5222222222222223,Jan 21 2007
115,115,"Disappointing service global brand The Hotel Intercontinental The Grand New Delhi way lived expectations either Intercontinental chain rooms cost US $300 per night.I part large group staying also spending considerable amounts use hotel's conference facilities. We extremely disappointed quality accommodation level service received raised concerns.Several members group request change rooms rooms allocated unsatisfactory: dirty, smelled bad generally poor shabby condition. My room smelled dreadful window fit frame, meaning draught came gap I could hear traffic noise. We offered newly renovated roomsa time fo booking, fight get them.In general response staff indifferent attentive concerns first time expressed. I call three times ask change rooms passed several members staff cut twice. Even then, I wait hour resolution, came I went reception complain. A colleague offered opportunity finally change rooms - midnight!I appreciate priviledged able stay expensive country abject poverty, I feel service justified price service relfected I would expect Intercontinental brand.",-0.037963821892393335,0.5986665120593692,Jan 18 2007
116,116,"Loud unprofessional personnel! Intercontinental Grand New Delhi huge 25 stories soul. They renovated rooms different floors, look good, other- old smelly. Carpets smell bad, can't even imagine! And located next railway station trains departing every minute! And next main road. As might know, Indian drivers horn time, traffic never stops Delhi, inpossible sleep without strong earplugs. We 3 different rooms found something quiet. Restaurant ok, safe eat there. Hotel army personnel, quard every floor, tonns concierges receptionists, want money!!! They grab bags tell pay them. Unbelievable!",0.13291716507177034,0.5103269537480063,Jan 11 2007
117,117,"Loved It!! After reading reviews, I left London heavy heart. The last time I Delhi 6 years ago stayed great time. But I say service received impeccable. We stay Club rooms, pricey wanted comfort. The rooms great. The breakfasts morning superb, pickups great service, happy. The location wonderful, able get around easily. I would definitely come again, saved money course!!",0.5723809523809524,0.6779761904761905,Jan 4 2007
118,118,"Not recommended The room nicely decorated bathroom extremely dusty leftover grime sink looked like wiped ages. The shower drain sink drain clogged up, creating mini flood bathroom. The worst part stay however awful front desk service They could barely speak English result could answer many basic questions. For example, supposed call us information tour bus pick time place, never called. When I called ask information, kept insisting, &quot;No problem ma'am, contact list take care it. &quot; I tried asking question 10 different ways gave while. As result incompetence, several people missing bus departure delayed quite bit. We also placed 1-800 call US operator assured us would free charge, charged us $70 call anyway. We tried speaking management refused drop charge.",-0.04703703703703704,0.4459259259259259,Dec 29 2006
119,119,"Very Average I pretty disappointed money. When pay USD300 per night expect better dirty, noisy, dated rooms bad food. The breakfast restaurant terrible. The staff fairly unhelpful (although airport pick good) USD10 per 30 minutes internet access acceptable. It nowhere near 5 star hotel, I would thought Intercontinental group would better standards this. I disappointed.",-0.10375000000000001,0.698888888888889,Dec 27 2006
120,120,"Expensive shabby We got back stay here. Location pretty good, way expensive get. We paid $380/night (including +$40 2nd person fee). As postings note, rennovated noisy 24 hours day. Rooms drab common areas hotel.",-0.059375000000000004,0.484375,Nov 29 2006
121,121,"Worst ever Just stayed three nights dump. A mausoleum - shabby, old, dated, staid, run-down. The check-in staff useless - half an-hour check still errors bill. The rooms old, dated dirty. The shower fell pieces. Don't even think restaurant. The bar dark dingy completely void atmosphere. The pool used pigeons everthing/one gets pigeon excreta them. Just stay here..................",-0.2870833333333333,0.4458333333333333,Nov 16 2006
122,122,"Stay somewhere else! Stayed India two weeks business, pleasant experience. There major renovations going hotel, means expect kept awake hammering drilling well past 11 night. Complaints reception get anywhere.Internet connection available 30 minutes, 1 hour, 2 hours, 24 hours. You cannot simply ask connected duration stay. Even get connected, often slow, occasionally drops signal.Everything ridiculously overpriced - buffet breakfast set back 650 rupees. And even consider wine dinner, unless fancy spending 2750 rupees cheapest bottle. (Wine would 20 euro max another - another country - set back 60+ euro here.)The rooms clean, drab dull. In bathroom, taps water-stained, rusting places. And room least view speak of.Hotel staff generally friendly - especially restaurants. And food pretty good.If looking place stay couple nights, would fine (but pricey), I would say stay somewhere else. And want value money, find here.",0.030648148148148154,0.5204894179894181,Oct 24 2006
123,123,"Get another The rebuilding know cost. Hammering, drilling, solvents, painting, etc., contribute enjoyable stay.I requested change room noise, next room I glad improved, except next day started paint floor, &quot;inspiring&quot;.The problem one year ago.For price better options Delhi.Never ...",0.19999999999999998,0.36071428571428577,Oct 7 2006
124,124,"Very disappointing stay! I spent week Intercontinental Grand, New Delhi. A tired ugly looking hotel. The rooms refurbished long time. There building work going 24hours day lift shaft near room kept awake every night. The Chinese restaurant top floor closed down, nights I went restaurant top floor, I found I person dining there. The swimming pool net covering keep birds except dozen pigeons trapped inside netting flying around. The run area city close highway railway station trains running 24hours day sounding horns pass station clearly audible room. Very annoying 4am! Then last night, I woken maintenance 00:30am fix lock door I even reported broken!!! And make matters worse, airport taxi booked porters finally arranged one, driver know way airport!!! All this, cost $1000 6nights! There much better hotels Delhi cheaper, I wouldnât even bother considering hotel!",-0.112039898989899,0.4870929292929293,Sep 25 2006
125,125,Nothing Special reallly really worth money. rooms ugly/old/ clean. stay here. fooled nice lobby.,0.15595238095238095,0.5928571428571429,Jun 24 2006
126,126,"great overall We stayed 2 nights mid-December - first stop 2 week trip India. I stayed twice young, single female traveler, felt safe/comfortable. This time I husband equally good experience. Our room excellent condition, since recovering jet lag spent quite lot time there! Room service food quite good, breakfast buffet. We arranged train tickets sent prior arrival India staff gave us soon checked in. I think Intercontinental, like 4-5* hotels Delhi, somewhat overpriced, worth couple nights particularly entering exit country.",0.30134920634920637,0.3598412698412698,Jun 21 2006
127,127,Worst I ever stayed I wish I could give zero instead one point. This place absolutely crap. I got billed Â£500 plus two days stay (including food). The room nothing write home - cushions stains overuse. The bathroom absolute rubbish. The service poor. The staff seemed pretty clueless time. They arrange taxi kept waiting half hour. And I horrible view train platform window. Nothing write home terms views. I never never stay again.,-0.30208333333333337,0.7458333333333335,May 4 2006
128,128,"Great place stay We stayed April 3 night. We club room 23rd floor. We checked 22nd floor also large lounge afternoon tea served guests part room price. Dainty sandwiches cakes selection teas available. Breakfast sometimes served well.Our room clean well appointed king size bed wing chairs large corner windows overlooking city.Although newly furnished certainly old tired. Believe I stayed appalling hotels England much higher prices one snotty indifferent staff. I found staff well mannered attentive ready help way could. On last day stayed room till 3pm. Our plane leave till 1 morning. The staff desk main floor whole list suggestions could spend time time Intercontinental limosine, included room price, took us airport.I read reviews I cannot relate experience hotel. We great time would certainly stay go back India.",0.22361471861471865,0.5277272727272728,May 3 2006
129,129,"solid My boyfriend I stayed 2 nights April starting point 2 week jaunt north India. I chose wanted something close Connaught Place wanted good chain. I impression near C. P. would convenient could walk there. But really, retrospect, necessary. You stay away really miss centrality can't walk anywhere! It dirty overwhelming wind cab, cost us $10 4 hours driver waited us went eat, shop, etc. The beautiful room great. They upgraded us junior suite view stunning. However, Delhi smells due pollution extends hotel. I also think water use mop fountains really contaminated smell horrible. But aestetically service wise great. Also, fyi, charge ridiculous luxury tax Delhi, typical every hotel.We ate buffet breakfast dinner 1 night find anything write home about. The bar food hand yummy! We chicken tikka massala delicious. We ate Zen C.P. chinese restaurant excellent also. We went restaurant G-K-I Market returned Delhi, sorry remember name one there, best one.We thought beautiful. We wanted use pool absolutely exhausted passed 1st day sightseeing. which, way, got cab driver $25 whole day took us everywhere. So bargain driver get in. I hope helps. I must say hotels India really expensive given developing country cheap everything else was! Also, work airline travel lot give idea. We also stayed Taj Palace returning check write-up also.",0.1634469696969697,0.6515151515151514,Apr 29 2006
130,130,"Decent Hotel great value New Delhi hotels expensive overpriced, that's standard. Lack competition shortage anything 3*/4* keeps prices 5* hotels premium. You either go 5* take risk 2*...which reviews show &quot;hit miss&quot; affair.Intercontinental Grand good location close Connaught Place.I stayed club room included breakfast evening canapes, beer, tea coffee day etc.. If get good deal worth dollars extra. Room fine, bathroom little tired burn stains bath. Service ok housekeeping giving extra complimentary waters rupees tip. Swimming pool quite good (smallish, gets afternoon sun). Only ate last night travelling onwards, got &quot;Delhi Belly&quot; meal hotel's specialist Indian restaurant (which annoyed intensely).On whole, decent poor value compared others might stayed at.",0.07496081504702196,0.4544670846394983,Apr 17 2006
131,131,"The Grand Despite first choice due late booking stayed intercontinetal thinking Intercontinetal name would provide reliability.We club suite, room old tired needed refirb 2 years ago. Service average nothing excpetional. The food also also nothing write home about.",-0.024285714285714282,0.5326190476190475,Mar 20 2006
132,132,"Grand - I stayed Intercontinental Grand 8 days beginning March 06. The average general, certainly standards would expect InterContinental. They prompt picking airport late night (an extra $50 charge) always helpful quick requests extra towels, etc. The rooms dissapointing I expected The $229usd I paid per night. A 12% tax also added room charges would added Delhi area. While Delhi I read several articles local paper regarding severe shortage rooms city. This probably get away charging much offering little. The room tired dated. The fuse lights blew bedside lamps turned time blow dryer (if could call that) on. The carpet dirty shower curtain showed signs mold growing it. On plus side, duvet covers bed sheet blanket. They offer wireless internet access although bit pricy ($5 per 30 minutes). The breakfast buffet good several western style dishes available. There great pastry shop lobby brought unlimited complementary bottled water room. The travel desk (run different company) located second floor terrible. We bought plane tickets paid show airport learn canceled travel agency money refunded them. There two good, although pricy restraunts top floor. The location plus need center downtown. Only 5 minute walk Connaught Place main downtown area. I town convention talked several people staying similar hotels Delhi. The general conclusion is: expect pay outrageous prices 5 star Delhi expect dissapointed get money.",0.044624542124542116,0.47781440781440776,Mar 18 2006
133,133,"Horrible Hotel I put group nights February participants hated it. First off, concierges check-in staff rude impatient, mention fact guaranteed better service male transactions. The gender bias appalling embarrassing. Secondly, several people plumbing foul odour problems rooms, although paid higher grade accomodations simply refused give us overbooked. (Something I later found out, notorious for). For cost rooms, simply worth it. Period. Rooms slightly run somewhat shabby bathrooms. They lots shops, restaurant choices, beauty salon. Overall, establishment overwhelmingly large comes unfortunate problems usually associated size. You wait long cues front desk, receive offhand customer service, eat mediocre food. There really nothing special hotel, unless using facilities business, better elsewhere.",-0.09426129426129423,0.4383089133089133,Feb 6 2006
134,134,The worst experience ever We stay 8 nights cut stay one night because:1)There heat rooms 40F outside.2)The bathrooms rust fixtures.3) The breakfast buffet stale undercooked4) The lobby dark lighting horrible kinda depressing acutally5)people trick business center especially overcharing internet service.,-0.4785714285714286,0.7000000000000001,Jan 22 2006
135,135,"Not would expect Intercontinental Stayed 3 nights May, 2005. The five stars must impressive lobby 'cause sure ain't rooms. After grueling 24 hour journey coach California, checking 1 a.m. semiconscious wanting nothing put head pillow, clerk extremely aggressive trying get join Intercontinental club (or something like that) exorbitant membership price. Could lived without that. As others stated, rooms tired need overhaul. Windows dirty, bathroom mirror hazed like normally see 200 year old historic house. I like rooms cold side especially hottest time year Delhi (110 degrees). Even though I cranked temperature high would go, never got cool breeze. It hot nearly cool I would like it. When checking last morning stay, I requested leave 1 medium sized bag computer storage I due fly night. They said store computer due previous guests complaints damage. I asked really expected haul computer bag around day walking Old Delhi. After lengthy discussion, finaly agreed compromise, I would lock computer luggage took 20 minutes needless hassle. On plus size, guy cleaned room nice provided extra bottles water requested (free) food staff Woks restaurant outstanding. Not sure place empty times I ate everything good reasonably priced. The convenient Connaught Place Old New Delhi.I reserved way advance Holiday Inn website got great rate bit USD100 per night. For rate, serviceable rate $200-300, able much better.",0.1605050505050505,0.6104014504014506,Jan 8 2006
136,136,"Good choice Won't best 5 star ever stay in, good choice days Delhi. The staff helpful service generally pretty good. The rooms bit dark could freshening, functional comfortable. We stayed Club Room found complimentary water, chocolates cookies waiting us arrival. Breakfast good. One tip main breakfast area busy, go Woks restaurant first floor. Same breakfast, lots eager waiters, absolutely guests ...",0.3143229166666666,0.4666666666666666,Jan 3 2006
137,137,"overrated Stayed earlier month. Hotel centrally located spacious rooms big beds excellent dining options. However, rooms look bit tired bathroom, carpet linen clean. At time check-out, clerk (unjustly) claimed travel agent made full payment room forced sign unspecified check. Since I half hour catch train, I option. My travel agent lodged complaint hotel. All bit disappointing charged 240 dollar night.",-0.046474358974358976,0.4920940170940171,Dec 19 2005
138,138,"good centrally located This good 5* centrally located heart Delhi. While &quot;best&quot; 5* city, expensive either. It things traveler looks for, including variety restaurants (though service could stepped up), small shops, business centre, large rooms courteous staff. Would recommend far big chains go.",0.21369047619047618,0.5273809523809524,Nov 30 2005
139,139,Reasonable,0.2,0.6,Nov 3 2005
140,140,Not 5 star....,0.0,0.0,Sep 11 2005
141,141,Grand great,0.04999999999999999,0.875,Aug 31 2005
142,142,Not luxury standards,0.0,0.0,Jul 13 2005
143,143,Fabulous Hotel! A perfect experience!,0.75,1.0,May 8 2005
144,144,A 2-star masquerading 4-star,0.0,0.0,Apr 13 2005
145,145,Well located,0.0,0.0,Mar 26 2005
146,146,worth price,-0.15,0.1,Mar 24 2005
147,147,"Worthy name ""Inter-Continental""?",0.3333333333333333,1.0,Jan 31 2005
148,148,Nice Hotel,0.6,1.0,Jan 7 2005
149,149,???????????????????,0.0,0.0,Nov 7 2009
150,150,??????,0.0,0.0,Oct 10 2009
151,151,???????,0.0,0.0,Feb 11 2009
152,152,???????,0.0,0.0,Sep 25 2008
153,153,Un de lujo en renovaciÃ³n,0.0,0.0,Nov 25 2007
