,Unnamed: 0,Reviews,polarity,subject,Dates_extracted
0,0,"Love use space Delhi Hotels I use Hyatt, Intercontinental, Sheraton favorite Shangrila booked I struggling get given I plan stay Delhi month half I hoping usual hotels. A friend booked Grand needless say I worried since I never before.I arrived I walked lobby, first thing I notice large roomy lobby is. It open concept design high ceiling. This largest roomy Lobby I ever seen. Amount room lobby first thing notice welcome site given Delhi busy place.Hotel staff took minutes register stay guided room gathered rest information needed providing information room.The hallways 4th floor I stayed large however really feel small. You see end hallways window makes roomy is. The minute I walked room I shown bathroom I stopped. I eye art I cannot overcome simple yet beautiful entire bathroom elegant wooden sliding doors dark ceramic tiles makes stop stare. I stayed Shangrila, Intercontinental, Hilton, Hyatt many hotels nice Grand far found perfect use space combined closest, bathtub, shower closet one space. It also one thing take picture describe family friends.The entire room lets breath lots space littlethings way. Flat TV hangs side wall small bar place it. Small work desk faces long hallway front door. It takes seconds get door someone knocks give idea large room simple layout makes even larger.I different taste food since food food matter I eat. I cannot, therefore; give good review food hotel. I issues though smaller selection available hours room service. Sheraton lot selections given hour however.I spend weekends room I work lot.I issues room loved bathroom.I felt comfortable often reason leave room.Space really key personally room plenty it.Amenities included fruit basket lots bottled water. This Delhi I least 3-5 bottles waterat given time. It also provided largest bottle water cost. Typically get small bottles pay larger ones. I take 2 bottles night work drink 2. Housekeeping puts back next day.Privacy big thing since I sleeping daytime working night time. Often hotels even disturb light house keeping calls every I stayed.I explained schedule arrival issue part get call two times. I slept times however trying get room scheduled.Privacy done via switch bed.Iron request however. I needed times one time I got onetime time I told could ironing iron free. I shirt back less 10 minutes. Only issue I course better job I could would prefer iron always available.Internet essential thing room internet cable only. Speed varies slow high depending timeof day. You steam media mornings evening slows afternoon. Internet room 3 weeks stay. I called I told morning was. It 4:30AM however I finished work. Business Center effected.I use Nortel phones room one desk.I use phone long distance sure howit compares hotels. My room 3 phones. One bed, one desk one bathroom I would never use reason. I would recommend anyone done visitors company stay Shangrila usually. This different flashy equally nice hotels. It unique terms space interior design.",0.12970678527821383,0.5225128205128206,0.5225128205128206
1,1,"Nice - Some faults Hotel booked company.My first visit Delhi 12 years, many changes.Not area choice. There things close by, need take taxi.It's good alternative staying airport hotel.Reception : Souless. Reminded airport terminal.Room - Excellent. Comfortable bed, excellent bathroom wet shower huge tub.Flat screen tv enough channels satisfy most.Room size good.The less 45% full. I found staff polite pretty useless.At breakfast - keeping mind 45% full, ask coffee wait eternity it. Ask toast would arrive finished eating eggs.The internet 24 hours. When I checked reception, I told would back rest day. I plugged LAN cable hour later, working, one thought call back let know.I enquired internet charges one thought ifnorm first hour complimentary, I rushed cover work 1 hour thinking I want charged 2.Probably worst food I ever India.We excellent Indian food UK far better Grand.I idea source meat, lamb ( mutton ) disgusting.If afford time, take Bukhara Maurya elsewhere.Any special facilities extended - get writing. Anything given complimentary part ' arrangement ' met denial.There 2 restaurants : One western style - breakfast served. The Indian. A bar - empty 5 nights I there.",0.23096518177163333,0.5506016385048644,Oct 13 2009
2,2,"Owesome services The services Hotel supreme, one best Delhi sure.Interiors, exteriors, royal luxurious comfort, food also delisious....",1.0,0.3,Sep 1 2009
3,3,"Good location highly overpriced The renovation,It sells shadow Grand Hyatt erstwhile name,Be warned ,the caught fire year back due maintenance defects poor upkeep.Its beautiful stay risk.I booked website looking photos,but highly overpriced money charges,few restaurants open yet.I spoke people siad quality suffered since staff left post fire incident.Surprised,how Federal Fire department gave ok pen soon.",0.22653846153846152,0.5196153846153846,Aug 29 2009
4,4,"One night stay - beautiful room I stayed one night there, I returning Jaipur leaving next morning back home. The renovation beautiful. I write review, bathroom one best I seen around. The room also spacious nice, problem experienced ac (when turned off), could hear neighbouring room: We neighbours party something, middle night hard sleep would hear laughter guests.",0.3361111111111111,0.5347222222222222,Jul 28 2009
5,5,Good I stayed boss &amp; nice stay. It good pub calm. Gym &amp; swimming construction work going on.,0.575,0.7375,Jun 11 2009
6,6,"Loved stay there. The Grand,New Delhi, place perfect stay.Had menber Them always enjoyed faboulos fascilities.It great stay always.Have stayed couple times everytime left good smileJetPrivilege membership: [--]",0.42142857142857143,0.6928571428571428,Apr 27 2009
7,7,"Hotel renovation continue books guests outrageous rates Be forewarned: Although website suggests otherwise, effectively closed renovation (following fire one year ago). The reception desk closed, none restaurants bars open, taxi stand, etc. It's also middle nowhere surrounded construction sites. Staying would bit like staying Twilight Zone -- paying $380 per night so. Management appear unethical. Total scam. I happened upon I wen spa associated spa. Great spa, avoid actually opened. The poor guests I met spa booked rooms (due proximity airport promising website) furious preparing prepare formal complaint tourism authorities.",-0.07884615384615386,0.3903846153846154,Apr 6 2009
8,8,"A strange place stay This new isolated sure taxi driver knows get departing airport. Getting taxi go someplace also difficult. More important, fully functional operational. When I stayed restaurant -- lunches dinners must ordered room service. There business center internet access. A note cautions -- marble floors showers dangerously slippery wet.",0.02070707070707071,0.599270482603816,Mar 21 2009
9,9,"In middle nowhere Great - middle nowhere. It like airport location. The inside awesome. Great swimming pools, sauna etc, beautifully decorated (but small) rooms nice bathrooms. Service good (but hey Delhi). The location bad, lot rubble construction around place views all.",0.28370629370629374,0.6116550116550118,Dec 8 2007
10,10,"Good business convenient airport Overall reliable choice business travellers Delhi (was recommended locals) need stay center Delhi. I'd stay return visit.Pros- Well appointed rooms separate shower/bath. Bottled water provided room. - Good breakfast buffet, also good lunch buffet .- Close airport (flights arrive late Delhi mine 1:30am)- Airport pick car service worked well (book ahead hotel, extra charge). (There traffic police's prepaid taxi service airport well I use it.)- Well equipped fitness center hotel, around 10 different cardio bikes/treadmills/ellipticals half dozen weight machines plus free weights- Attractive grounds lobby area, well staffed good serviceCons- Room rates Delhi high The Grand exception. My cost $300/night including breakfast. You might want book local contact better rates.- Location south city, nothing see withing walking distance today (a major new shopping mall going nearby change time). Travel time center (Connaught Place / India Gate) Gurgaon business district take 30+ minutes car (hiring driver day advisable multiple stops want sure transport back. Taxis common traffic nothing short amazing--can chaotic often jammed bikes, pedestrians, every imaginable vehicle wheels).- Some carpet furniture tired worn, natural granite, wood waterfalls make it.",0.173739898989899,0.45033670033670037,Nov 1 2007
11,11,"Beautiful I stayed 2 weeks friend. This beautiful place top quality service. In fact, pretty much OVER serve you- coming room like 4 times day things, I think thats part culture. Theres lovely spa, nice gym, tranquel pool nice place stay. Outside dirty rough looking thats area New Delhi.",0.31553030303030305,0.6795454545454546,Oct 20 2007
12,12,"""Fantastic Hotel"" !!!!! Stayed 1 night early Sept 2007. Location near airport (15 mins). Rooms large, clean comfy. Price $300AU p/night incl b/fast. Restaurants (2) excellent, sampled Italian ($100AU incl alcohol, entree &amp; main) good. Service excellent. B/fast buffet best India (on 5 weeks holiday). Pool large, heaps sun lounges quiet time (no children! Yeh!). Pool food/drinks (Beer $24AU 2 bottles long) service non existent sorted, quickly.There nothing outside (vacant land highway) expect go wandering &quot;seeing&quot; Delhi night. Take auto central Delhi (40 mins). Hotel great business also tourist need &quot;a hassle India&quot; break. Good next day flight. Taxi (ambassador) airport Rs 150 max.",0.3655952380952381,0.4886904761904762,Oct 3 2007
13,13,"spacious rooms As walk wife looked like walking mansion. A tremendous looby waiting arrival. check time taken front office good. went room without escort, really bad first timer hotel. Rooms excellent, spacious, neat clean. breakfast cafe huge place drop back area buffet last end cafe. person sitting front section quite annoying going buffet helping again. service excellent cheerful staff. keep place good. points rating goes rooms andthe staff cafe.",0.2607142857142857,0.6976190476190477,Jul 27 2007
14,14,"Nice accomodations bit remote This well maintined outside New Delhi. If looking convenience local places including Connaught Place, expect spend time car cab. Hotel car bit pricey, secure traveling alone. The rooms very, nice, staff. Prices escalating time rooms &quot;club&quot; floors identicle every room - expect pay anyway. I've stayed many weeks time past 4 years always pleased end stay. Food service exasperatingly slow (especially main cafe), go breakfast/lunch dinner plenty time. Food service Indian Italian restaraunts great. Beds comfortable room cleaned every day, desired. You turn doorbell privacy - forget turn back want room service.Pool, gym spa well kept modern. Food beverage available pool.",0.23600131752305673,0.47447299077733873,Jul 19 2007
15,15,"What Terrible Front Desk Overall, nice comfortable. However, front desk staff filled automatons can't handle anything outside scripted management. I decent experience restaurants, health spa, overall experience front-desk completely unwilling unable comprehend fact overcharging compared booking made travelocity. I completely turned front desk staff travelocity's customer service staff. I would NOT stay grand use travelocity. I full detailed explanation situation [--]",0.10833333333333332,0.5726190476190476,Jun 6 2007
16,16,"Grand New Delhi I stayed last year. The nice. It nice come back Delhi noise dirt enter well kept place.Reception pretty slow. The spa nice. I liked food indian restaurant lot. The restaurants great. Rooms extremely spacious. And pretty new-or least looks new. This important I older top-end hotels Delhi would like stay there. Prices may bit high worth it.Overall, good place stay long working day.",0.2708815426997246,0.6215495867768596,May 14 2007
17,17,"Excellent relaxing break flying back London I first stayed 4 years ago owned Hyatt group loved every minute (100% better Hotel Nikko I'd booked originally decided check felt claustrophic busy). I left Grand time thinking one best hotels I ever stayed in. I nervous booking time read reviews realising longer Hyatt group worried standards might fallen rates offer lower hotels I interested ($200 per night plus taxes) I worried I wonderful 2 night stay. The whole feels calm relaxed, rooms spacious, well designed furnished extremely comfortable beds fantastic bathrooms (marble everywhere big fluffy white towels). The Oasis Spa treatments excellent well priced pool area one best I seen city hotel. The pool enormous set middle beautiful gardens. The little way (about 20 minutes taxi ride centre) I wanted relax bit shopping suited away traffic noise New Delhi hopped cab whenever I needed (which wherever stay). Service throughout good I say I think club level worth paying extra for. The food better restaurant also get sit views gardens rather club level lounge sixth floor. I think staff particularly helpful enquiries hiring taxis (I quoted 5000 rupees hire driver day 2 weeks earlier I'd paid 1400 rupees another 5 star hotel) I'm fairly sure I overquoted taxi going back airport. However apart minor things, I thought staff extremely helpful I loved stay here. I left feeling totally relaxed would definitely stay again.",0.2986169837914024,0.4984907211651398,Mar 26 2007
18,18,"great experience first impressions deceiving, arrival looked impressive, however stay live first impression. 2 guests party problems check given temporary rooms booking. Both told upgraded one night would move. When moved room moved exactly same, one person refused move reception twice asked come back. My room noisy aircon, eventually sorted out. The safe work. The whole corridor unpleasant smell go away 4 nights there. Service inconsistent. Would stay again!",0.09848484848484847,0.45763888888888893,Mar 14 2007
19,19,"Superb Simply best ever stayed in, Everything excellent. A bit town v. cheap taxis outside. Transport to, hour market, return Â£5 including generous tip!!!!",0.5666666666666667,0.567857142857143,Feb 26 2007
20,20,"Nice room ... We got late (or early) 3 confirmed reservation two rooms, hear overbooked despite confirmation unable give us room 45 minutes so. Finally, 5 am, got rooms. Everything else fine, first last visit Grand.",0.14666666666666667,0.63,Feb 24 2007
21,21,"The good bad ugly Delhi busy, usual suspects full, I choice desipite reviews. I heading Grand.First Impressions good. This large impressive hotel, clean well decorated. There plenty free staff check I tried get room I told I given free upgrade check sixth floor. I tudged find queue slowest poorly trained reception staff I ever come across. took 45mins get reception room. This may appear small thing flights Europe land India late night early morning. Its last thing I needed.Despite reception problem room fantastic, black marble shower bath, walk wardrobe, lounge bedroom, 5 star standard.Since flights land late would nice get late night drink hotel. Delhi granted late licences large US luxury chains - Grand. I sat nice room,on two bottles beer minbar.The next day I shocking experience food. The restaurants served underdone, tepid prawns followed undercooked chicken. Both I sent away. No five star serve food way, health implications serious. Beware!The really startling thing price - $450/night. Now I dont mind cost I get quality goods poorly trained staff, dodgy food worth thr risk.Altogether one avoid.",0.021117724867724882,0.6087632275132275,Jan 20 2007
22,22,"Absolutely Horrible Stay My room booked local office Delhi &quot;Corporate Rate&quot; nearly $300 USD night. The room actually quite nice arrived somewhat late flight Bangkok I decided staying room instead exploring. I ordered room service &quot;Around Clock&quot; menu. Simple - I wanted milk shake chicken sandwich cheese. What I received Strawberry Quik mixed milk sort mystery meat bun. I even eat sandwich due fishy taste chicken. I ate bag chips mini bar fell asleep. My flight early I showered nice bathroom headed front desk forgoing included breakfast. At check-out I complained clerk absolutely apalling meal. He completely ignored complain produced bill included $25 meal I eat. I refused sign contacted manager. The manager bothered see person told clerk phone could reduce food charge 15% - gesture. Included bill charge &quot;VAT Meal Plan&quot;. I assume included breakfast I eat told clerk change bill anymore. I filled survey voiced dismay writing I'm sure help. All - rooms overpriced $300 course customer service left much desired. I've India found Delhi even dirtier I remember last time. Except tourist type things - I never route Delhi again, unless absolutely necessary. If I am, I staying again.",-0.008913043478260874,0.5203347135955833,Dec 16 2006
23,23,beautiful This nice hotel. It feels big. The breakfast excellent service Japanese restaurant poor dinner coffee shop fair. The rooms nice staff friendly.,0.4338888888888889,0.6777777777777778,Dec 4 2006
24,24,"Far expensive You must careful booking negotiating price hotel, hidden costs taxes see till checkout. The rooms whatever floor on. Dont get sucked 6th floor 'Club floor'. Its pointless offers little extra money involved. The 'Happy hour' lounge free 6pm 8pm offers good food, unfortunately drinks waiters made obvious long spells absence whilst glass sat dry. I paid 1000 USD plus 4126 rupees cash two nights. That works circa Â£300 per night. I knew I cashew nuts minibar!",0.019444444444444445,0.5087962962962963,Nov 20 2006
25,25,Bad customer service Our travel agent booked us Grand last day India 1:45am flight back Canada. The room day use only. After check bellman took bags room. He informed us room &quot;warm&quot;. Actually 35C room.The A/C room broken. This fact known bellman I assume known front desk.My wife called front desk request room change. They informed would send repair man fix A/C. She reminded front desk room hours wished dress/shower prior flight. When asked new room clerk simply hung phone up. My wife stormed front desk past workman room trying fix A/C. For reason want move us. Finally 15 minutes agreed. While new room cool smallest single room (about 1/3 size previous room). We one hour stay simply stayed room. Very poor customer service.,-0.06095106913288731,0.4684796012068739,Oct 30 2006
26,26,"Great Hotel price We stayed 2 nights middle September. Here experienced:1. Checking process -- took less 10 minutes. Everything booked already Orbitz. They assigned us room initial signatures formalities. The crew courteous accomodating needs.2. Room -- Great room! A comfortable one also. We asked crib 18-month-old. It provided time.The bathroom nice. The overall decor room good too. Above all, room quiet.3. Restaurant/Food -- This complimentary loved it. The stuff hospitable always attentive. The food delicious -- buffet dinner.4. Checking process -- This took less 5 minutes.I'd love go back I'd recommend others price I paid (US $180 approx.).",0.32143939393939397,0.5051515151515151,Oct 29 2006
27,27,"LOVED IT!!!! point 2 nights. It simply best I ever stayed gardens, pool, whole design place second none. The staff friendly polite helpful. A peaceful yet close airport conveneince. Would love go back",0.2641203703703704,0.48633597883597884,Oct 6 2006
28,28,"Don't stay This one best designs decors I ever seen. Space light used well design bathroom excellent. Design decor make great 5 star hotel. What really counts quality experience staff training received. It clear Grand long way go terms staff able provide type service customers paying high rates expect. The problems started reception - arrived receptionist idea booking despite fact airline (who booked through) given written confirmation booking reference number. We told wait checked three different sets managers finally agreed booking us. This process took hour waited reception. We booked full board basis finally managed check told meals included. This despite fact booking voucher showed meals included. We told wait checked. After another hour resolve I called Airline booked London sort out. Within 10 minutes call London Hotel manager eventually agreed meals included. If read booking form go pain. But experience unpleasant made us feel though freeloaders fact everything paid for. We ate main restaurant looked fantastic buffet I noticed dish ran replaced. If asked dish told got anymore (hardly 5 star response). This happened lunch, dinner breakfast result limited choice food. To make matters worse one waiters managed spill milk trying carry many things time manage. Checking stressful - Clearly previous manager told reception staff already paid advance. So presented bill accommodation food. I repeat whole process explanations another set staff annoying time consuming well. The location Grand poor. The 30 mins Airport tourist facilities around it. For price could stay customer friendly located central Delhi Oberoi Taj. My advice Grand is; charge 5 star prices make sure staff able deliver service. Would I stay - Never.",0.18254761904761904,0.5940019841269841,Oct 3 2006
29,29,"The Grand New Delhi (dishonest pricing) If want ripped cheated stay here!, We stayed two occasion. On first stay, charge Â£120 night + tax (locals get charge 20% rate only!, found check out!) (you asked passort rates given hotel, india, indian national pay around 20/30% foreigners pay.)one 2nd occasion charge Â£210 night room , reason gave decided rename rooms deuxle rooms Club rooms reason increase! long conversation unprofessionals duty manager - realised rooms get charge different amount depending floor on!!!!!we asked room ground floor said fully booked, totally lie empty rooms decorated I realised walked around. Also 2nd occasion, inculded &quot;club price&quot; collection airport however one turned make pay taxis asked money back refused! india would happen. The 5* star quality nice gardens food, (when ovens working) however lack accountability lack honestly room prices, means would never stay again, choice going home next day could find anywere else sush short notice. Never stay , unless like ripped off.",0.10292207792207791,0.5232323232323234,Sep 26 2006
30,30,"Excellent value Money I spent 4 nights Grand Delhi late 2004. Overall, given price I paid (US$80/night) I impressed, given similar property downtown Delhi would cost US$200+. However, 4 nights I enough place, changed Intercontinental. I much happier Intercontinental able walk around city, go back refresh, continue walking etc.If tourist I would NOT stay Grand unless transit wish close airport. The location middle nowhere really depressing. You much happier downtown Delhi much atmosphere.Overall:Good points:* Price* Very large modern rooms* Stylish bathrooms* Beautiful spacious lobby public areasBad points:* Service simply terrible. The staff speak English well. They incredibly slow respond housekeeping requests. We waited hour bring something room. The people front desk inexperienced, slow, unhelpful rude.* Once past lobby grounds, public areas worn. For instance, hallways leading room feature filthy walls, stained carpet drab lighting.* While still stylish, rooms showing definite signs ageing, e.g. dirty curtains, stained carpet, chipped damaged furniture.* The bathroom without question slipperiest I ever experienced. The problem open shower, combination black marble deluge water, creates something akin black ice floor. Be careful.* As others advised, location quite useless want see anything downtown Delhi. By taxi Delhi 40 minutes away good traffic, lot bad traffic.* The restaurants extremely over-priced India standards. This compounded fact literally middle nowhere, means forced dine establishments time time.* The quality buffet breakfast quite poor. The service staff even worse. I never forget rude chef cooked eggs was. He would growl people shove food them. The positive location pool.",0.0258335455394279,0.5420443935149819,Jul 28 2006
31,31,"Best deal 5-star New Delhi I stayed Grand New Delhi June 5-11, 2006. I thought place excellent. I stayed many luxury hotels certainly ranks rest. The pool back excellent. My goal try find 5-star New Delhi around $120 night. I warned get anything less 5-star India I wanted anything decent. I paid $129 night thru Expedia. I thought affordable 6 nights. The bad thing I say room service food sub-par luxury hotel. And also great location except close airport want get quickly. However, quiet area looking besides, want luxury New Delhi downtown area paying small fortune. This great deal.",0.22715367965367966,0.5661471861471862,Jul 3 2006
32,32,"Grand New Delhi I dont know reviews negative towards place. IT one best hotels near airport. Well kept, clean, rooms room bathrooms stylish upscale black marble open stand shower. The service average times, probably suck large 350 rooms. The breakfast buffet mediocre though much variety. I liked price best hotel, I paid somewhere around $130USD per night.... This ex Hyatt hotel, even though change dtheir name Grand, still kept franchise standards. I reccommend anyone looking clean comfortable stay at.",0.27318422318422325,0.600913900913901,Jun 10 2006
33,33,Nice but...... It beautifull service slow (at best) uncomfortable beds ever slept (or tried sleep) in. It like sleeping rock woke severe backache. For reason dont think returning shame potential.,0.1875,0.625,May 21 2006
34,34,The Grand grand,0.5,1.0,Apr 19 2006
35,35,Nice - could better,0.55,0.75,Mar 22 2006
36,36,elegant,0.65,1.0,Feb 12 2006
37,37,A perfect stay,1.0,1.0,Jan 22 2006
38,38,Nice Hotel Middle Nowhere,0.3,0.5,Jan 15 2006
39,39,Taxi PA makes impossible sleep,-0.6666666666666666,1.0,Dec 21 2005
40,40,One best hotels Delhi,1.0,0.3,Dec 20 2005
41,41,5*,0.0,0.0,Dec 14 2005
42,42,Think staying Grand Delhi,0.5,1.0,Oct 17 2005
43,43,Quality Comfort,0.0,0.0,Jan 5 2005
