,Unnamed: 0,Reviews,polarity,subject,Dates_extracted
0,0,"No way Tourist go HiMarina Conaught Delhi worst , found highly costly Awful USD 120 even Warm Water BathThe walls worst , stinking small rooms . Only centre Delhi people prefer ??? But would like stay Centre Delhi more.. Marina Kind HOTEL .PLEASE GOD THEY SHOULD HAVE CHARGED LESS THAN 40usd AND THAT TOO ONLY FOR LOCATIONPEOPLE DO NOT GO THIS HOTELRohit",-0.14833333333333332,0.7387878787878788,Feb 28 2009
1,1,"Scandalous! Scandalous! We told 4 stars itÂ´s even worth 1. Unclean, soiled, worn saw cockroaches diningroom. Terrible stay, nothing hotell fit descriptrion got beforehand.",-0.1138888888888889,0.4472222222222222,Apr 18 2008
2,2,"Disgusting Never ever word.Do stay here, disgusting, dilapitated outside towels holes big two fists. Everything terrible. I know begin. The thing I say made feel I dingy New York City 70s lots hookers slept bed I slept night I India. I wore long tank top, hoodie (that I stretched face touch anything), sweats socks.Musty room, stained bedrest, food dried wall, broken tiles bathroom, non-draining shower plastic bathroom yellow. And no, I dare try food.",-0.21883116883116882,0.5360389610389611,Apr 10 2008
3,3,"Horrible Horrible Horrible I extremely disgusted place. Worst place I ever stayed. The 4-star rated frankly, I stayed places better star-rated. Rooms damp, smelly, rotting, cracks walls. Toilets disgusting. Absolutely horrible place stay.",-0.8125,0.9375,Jan 14 2008
4,4,"Not THAT bad! I agree reviewers seen better days claims 4* pushing bit, I think bad. My room clean tidy, location really central - easy exploring handy metro stations. The breakfast ok, 24 hour cafe premises, handy getting bottles water whatever time get in! On reflection, whilst I certainly knocked experience, perfectly good place stay couple nights Delhi.",0.22802197802197804,0.6356227106227106,Nov 25 2007
5,5,"Bad end great India trip We paid S$200 (about US$130) travel agency arrange additional 1-day stay Delhi, thinking would good end great trip traversing Kashmir, Ladakh, Delhi, Agra Jaipur, assured one better hotels. To dismay, looked dilapidated outside arrived (see photo), though heart Connaught Place - shopping area New Delhi. There 2 levels (with ground level consisting bell-reception area lift). A small hotel, dirty bell-boy middle-aged grouchy man dragged luggage bother talk all. The reception personnel was, however, polite helpful. Our room (standard) floor small, dirty / sandy un-carpeted, cigrette butts bathroom floor. The room level walkway (which window opens to) used staff hotel. This made neccessary us keep curtains closed, poor lighting room made look dinghy. Our breakfast reasonably ok, consisting Indian Continental fare. The dining area was, however, made-shift one conference hall, clean. Besides reception staff, saving grace location - right smack heart Connaught Place. If wish avoid travelling much yet get shopping meals done, I guess bad place, though would put bad points hotel. Definitely worth money paid, 4-star claimed (maybe 2-star). (Am sure, however, really vast difference standards expectations Indians (the recommenders) foreigners (the reviewers), led many bad reviews, claimed government-sanctioned 4-star one. Guess one needs either pay good hotels Delhi, reduce expectation.)",0.021601493744350886,0.556693623836481,Jun 12 2007
6,6,"Very delapidated looking The good thing staff helpful considerate. The room average (even India), food average food service poor. I would never stay",0.05714285714285711,0.5142857142857143,May 10 2007
7,7,Should call Hotel. Absolutely terrible. This booked thru travel agent Delhi. I love travel never used tour agent thought I would give try. (She told 4-5 star hotel.) Big mistake. WIll never use tour agent again. Room damp musky. Tthe AC work properly noisy. The fan room dusty broken. The bedsheets looked liked discarded 20 years ago. Felt like bugs bed sleeping. The toilet disgusting. The service terrible. The bellman carried bags griped tip. Lucky one night. When charging 5000 Rupees ($100 US) meet western standards least clean. I stayed hostels charged fraction million times cleaner friendlier. Didnot want waste digital camera taking photos dump.,-0.14901960784313725,0.5019607843137255,Mar 27 2007
8,8,"A liitle bit noisy old utility Before travelling New Delhi, I looked reviews TripAdvisor, helpful.At check-in, I requested quiet room facing streets avoid noisy traffic middle corridor.I could avoid traffice noise I bad luck awaken loud noise barking dogs night hour. Also, I could hear loud sound foot steps people walked corridor night. There carpet hallway.Fundamently designed without sound-proof windows.Hot water pressure shower facility bathroom weak I could barely take warm shower.The floor room cleaned every day, cleaned I requested.The line Internet installed, provides wireless Internet, signal weak I could use Internet.With regrad things rased reviewers TripAdvisor, improved.Bed linen clean, TV good many channels, breakfast food good. New carpet put breakfast restaurant. There bugs room restaurant.The staff said renovating it, I know soon be.",0.1323365231259968,0.4807416267942584,Mar 17 2007
9,9,"NOT WORTH ONE STAR recomended india tourist office paid fee deluxe room, shown room, turned standard room view overlooking back alley behind bedcover filthy disgusting condition room smelt urine. upon ordering cuppa room service arrived served cracked cups night corridor sounded like piccadilly circus woken several times noise buffet breakfast cold inedible last morning eggs plate rotten staff although efficient friendly always pestering tips. personal advice steer clear yeuk!!!!!!!!!!!!",-0.07500000000000001,0.4576923076923076,Mar 12 2007
10,10,"An absolute dump This absolute dump pulled down. We booked stay 3 nights Marina stayed 1 night. The supposedly renovated - certainly started October 2006. The toilet leaked, shower leaked, everything filthy dirty.It may acceptable paid $40AUD rated 2 star pay $170AUD rated 4 star daylight robbery.We experienced 5 rooms upgraded suite - bad other, including suite.Don't waste money.",-0.0545093795093795,0.6001803751803753,Feb 28 2007
11,11,"Nice warm heart Delhi Booked room Marina contacting directly. Reservations easy enough available short notice, 25% discount list price. The best part location price. Rooms clean open balcony. Plus nice warm feel it!!",0.4197916666666666,0.5944444444444444,Jan 26 2007
12,12,"Worse I've ever stayed I traveled single parent teenager India part last-minute package tour peak tourist season (Christmas break). Hotel Marina spent first two last day leaving India. It available tour agency made arrangements Delhi, cost $200/night, I assumed decent place.We landed, exhausted course, Delhi met travel agency transferred Hotel Marina. I expected India dirtier used to, nothing prepared Hotel Marina.The desk staff completely ignored 3 minutes I stood front two chatting men 5am. When gentleman approached desk check out, desk staff immediately helpful solicitous. So I rate friendliness reception staff &quot;Okay, problems&quot; based effort, inability deal single woman.We given 144, absolute end labyrinth corridors overlooking busy Connought Circle (which cacophony horns even wee hours). I found cleaner restrooms motorway. The shower shower curtain, spigot drain bathroom floor. There cold water. There standing water corner toilet, humorously banded paper &quot;Disinfected Use.&quot; There top toilet tank, reach pull ball flush. There mold walls, black thick tiles shower area. The TV work, half various lamps/light bulbs room burnt out, room smelled strongly mold noses started stop within hour. The noise street strong, outside thronging masses.We asked change rooms.In new room (see pictures), least tub shower curtain, small step up. There still mold everywhere, room swept long time. The dust bunnies huge really disgusting, rolled back forth around floor like tumbleweeds oscillating fan on.At breakfast, realized clean rooms actually were. The floor carpeted, hard tell color - color million stains pieces lint crumbs. I truly believe carpet vacuumed (let alone cleaned) years. We left things one three non-smoking tables approached buffet. A waiter lifted tray watermelon juice us, large cockroach ran one glasses started scurrying across top. I turned quickly simply brushed bug onto floor scurried away. At buffet, I turned son told eat anything cooked high flame chafing dish ensure kept hot. He reached bun, another cockroach emerged, crawling bun wanted. I motioned waiter pointed new offending bug, (again) brushed table onto dark floor disappeared mottled mess.Sickened, I grabbed kid left. We found McDonalds across street one block.That evening, I brushing teeth (with bottled water) room, son screamed. I came find bed pointing largest palmetto bug (a large winged cockroach) I ever seen crawling across floor towards bed. I grabbed ashtray trapped it, slid across floor threshold someone else deal with.The room stuffy smelly, I decided open window. At once, I realized price private room room overlooking alley/trash cans. I quickly shut window again. The room across room next sort group male merchants (clothes hanging racks), lots men sitting chairs chatting cups tea could seen open doors time walked by. At 1AM, however, noise boisterous conversation driving us crazy. The halls carpeted, act echo chambers movement, conversation quiet. I knocked one doorjambs asked would please close doors. One merely waived hand dismissively saying, &quot;Sorry sorry.&quot; I went back room. At 2AM, noise continued, I called reception asked help. After hearing come room converse moment, left. The men came room, pounding door screaming, &quot;Crazy madam!&quot; They returned every half hour remind I crazy.I unbelievably relieved leave next morning. It unpleasant experience, one traveler said, disappointing introduction India. We hours departure, personally calling around trying find rooms, I gave convinced son bad, promising we'd eat McDonald's.Stay away horrible place!!! PLEASE!!",-0.03583553531605481,0.4332370083019434,Jan 5 2007
13,13,"Not best introduction India Stayed start end Explore holiday India.Positives: helpful staff, bar drinks food okNegatives: room smelt musty, damp patches wall, bathroom v poor: dimly lit, ancient cracked tiling fittings, hot water, dodgy looking electrics (but working room least).Not recommended intoduction India",0.19,0.65,Dec 4 2006
14,14,"Not says tin Stayed twice 18 group members part Explore holiday. The little resemblance way describes website. It located main road hence nearby traffic noisy (even Delhi). Some rooms poorly maintained dirty, others adequate (but more). Hot water air conditioning erratic. Breakfast poor, meals ordered menu average poor depending choice. The bar good (the beer cold) staff try helpful. Money changing erratic best change airport.Although I find bad many reviews, given choice, I would seek pay better quality hotel.",0.011447368421052645,0.5493859649122806,Nov 24 2006
15,15,"utterly dreadful marina hotel. This appalling hotel. It totally filth-ridden tourist rip-off foul heap decrepit overpriced grimy monstrosity. Our rooms (212 216) filthy toilet leaked. We got nasty food poisoning vile unhygienic excues passed kitchen. The telephone bill criminal extortion - equivalent 40 UK pounds 10 minute call Britain. This robbery. We knew told tourist office Janpath, members staff university, British High Commission. Do go dreadful. You ill, money taken you, end feeling depressed, low, terrible place want go home.",-0.4516666666666666,0.6814285714285715,Nov 14 2006
16,16,"Probably worst Despite promising address Connaught Circus, taxi pulled pavement outside dirty, dingy address, knew trouble. As one reviews advised us, asked room away traffic noise, avail. Our room poor, worst point rstaurant one forced breakfast. What dirty dingy hole!My advice pay bit extra, get decent hotel. This one rubbish, web-site ought repeorted downright misleading",-0.33152777777777775,0.5393055555555556,Nov 8 2006
17,17,"Could better I recently stayed Marina Hotel two seperate nights part package tour India. Both rooms I stayed without flaws. The bathroom, made marble, need clean. There alot mould shower recess shower nozzle sprayed directions. The towels old worn out. The sheets torn stained. I opted sleep sleeping bag liner instead. The lobby definetely better condition rooms. The staff friendly porters delivered collected bags quickly. Try request room facing street considerably quieter street front rooms, traffic heard around clock.",0.28437500000000004,0.45000000000000007,Jun 28 2006
18,18,"Acceptable bring linen The acceptable option extremely hard find anything worthwile Delhi mid-range section. We paid around 70 USD per night. Marina rated four stars one star (maybe 2 stars) level Europe. Hotel shabby state lobby looks better rooms. The first night room noisy refrigerator making terrible sound. When turned off, water leaking suffer. Next morning put us different room OK. Linen look clean put own. Bathroom mouldy shower working right. Breakfast buffet substandard (Indian food, toast, fruit). Staff OK. Do take rooms second floor end corridor (for example room 245 similar). These rooms used long time funny smell. (These facing terrace).",0.1476890756302521,0.5123949579831932,Apr 18 2006
19,19,"Stay away If arrived midnight, would walked right away. The building rooms run down, services unfriendly, rooms dirty, bathrooms dirty, phones could call out. Could sleep well 7 hour flight bothered leaving first thing morning.",-0.16396825396825396,0.5515873015873016,Mar 19 2006
20,20,pessimo pessimo,0.0,0.0,Sep 18 2007
21,21,Marina accettabile,0.0,0.0,Jan 22 2006
