,Unnamed: 0,Reviews,polarity,subject,Dates_extracted
0,0,Live upto expectations I stayed Jan'08 3 days marriage Honeymoon Goa. The stay comfortable amazing part Hotel allowed uncle dress entire room flowers (something management little reluctant earlier).Room clean room service prompt. The size room quite good bathroom clean spacious too.,0.34579966329966333,0.6927777777777779,Nov 20 2009
1,1,"NOTHING TO SHOUT ABOUT priced - US$144 twin room extra bed. / US$ 122 twin room.staff friendly. breakfast bad. decent food ,both western local.hotel old. wifi okay ,costly INR 200 per hour.overall ,i owuld happier paid US$ 60 room.the tray charge came surprise.",0.21309523809523806,0.3761904761904762,Nov 18 2009
2,2,"Hotel Vikram Hotel Vikram offers facilites want. They though ona littl eexpensive side.I guess, tariff charge, could easily tak eosme luxurious hotel. Theer isnt anythign special . Teh locations doe major scenic locale, views etc..The place aslo hoem lot unwanted people (read :Prositutes etc) .You might run drunk men also.The good thing breakfast give. buffet &amp; really lavish . N really yummy!",0.1642195767195767,0.4755291005291006,Oct 6 2009
3,3,"good value clean but... I stayed one night good sleep. It costs around USD100, include breakfast, quite good value. Very clean air con washroom hot time round (36C. The control air con room function luckily pleasant ceiling fan. Happy size cleaniness.However unprofessional receptionist dirty hands uniform, smile seems bothering checking in. Usually let get lift first follow showing room receptionist pushed bit get first, rude! Dont eat western food like carbonara never looks like one although simple crusine, asian food looks taste better. Be careful, charge 200 rupees hour internet usae I think outragoues.",0.22181818181818186,0.5553246753246754,Aug 11 2009
4,4,"Felt like Princess! :) Hello! I traveled India fiancÃ© April, 2009. To say I liked say nothing! May part excitement fact I finally made country dreams. The Vikram Hotel 10 min drive Lotus Temple. What I really liked Travel Agent working helped us arrange trip Agra sightseeing tours (just Hotel taxi driver, English speaking guide) around Delhi. He also booked airline tickets Kochi, Kerala. (Just information, know two airports Delhi â Domestic flights international flights. These two located 15 min drive apart other). Hotel personnel polite friendly, rooms surprisingly clean. Was impressed Restaurant food service. Kingfisher beer best! ? Of course many hotels Delhi choose from. But Vikram best place stay Delhi. No doubt, I choose ever travel Delhi again.",0.3977777777777778,0.5166666666666666,Jun 26 2009
5,5,A Delhi A decent reasonably priced Delhi. Value money kept clean maintained well. The staff cooperative helpful. Very close many business establishments would suggest people want spend money accommodation want good quality comfortable stay Delhi,0.3592592592592592,0.5518518518518518,Jun 19 2009
6,6,"Good facility Had travelled Delhi group 30 people business trip charge logistics arrangements. Hotel Vikram recommended travel agent visited confirming booking. The rooms clean, freshly done comfortable. Specifically choose carpeted room especially winters rates sameStayed 3 days entire group didnt face single complaint guests. The food in-house restaurant good room service. Just swimming pool maintainance stay.Location accessible walkable distance popular Lajpat Nagar market.All good choice fair value money.",0.36097985347985345,0.6412912087912089,Jun 13 2009
7,7,"Best Location Delhi My friend told hotel, value money everyway ie food,alchol,room etc overall dont end spending much hotel.Quality food also vey good infact I best Indian food here.Staff helpful best part location right next bars, shopping also work places.......",0.48730158730158724,0.28174603174603174,May 15 2009
8,8,"Average property.. The staff quick check-in, floor lobbies &amp; rooms old carpet, smelled stale bad. Plenty hot running water (which leaked standup shower door onto entire bathroom floor), bed mattresses old &amp; lumpy. The bathroom vent woefully covered plastic outside. The restaurant decorated well made pleasing eye. The food la carte menu one hotelâs stronger points. Wouldn't recommend stay",-0.06296296296296294,0.44351851851851853,May 2 2009
9,9,"Budget 2 nights This one hotels archetypal Indian doorman, complete giant moustache turban. A nice touch first arrive novelty wears off. Metal detectors installed entrance, donât work. This set standard come. The room adequate though immovable shower head annoyingly weak, 6ft tall, I bend knees order get it. Being city, I accept noisy night, bathroom vent woefully covered plastic outside, pigeons coming going, wasnât pleasant. The bed saggy sheets seen better days. The restaurant decorated well made pleasing eye. The food la carte menu one hotelâs stronger points, fair selection reasonable prices. The breakfast buffet was, contrast, sparse could done continental choices like pastries.There gym outdoor pool closed winter season. For 2 night stay had, average, I would reluctant stay again, especially longer 2 nights.",0.20572916666666669,0.5442708333333333,Feb 4 2009
10,10,"Brown shower water honking horns The located near hospital I intending visit, near Nehru Place. The small restaurant, taxis available, beter worse average US economy hotel. They little garden front, restaurant clean. I like noise cars honking night long (the near major street). The quiet, apparently double hung windows soundproofing. There jalousie window bathroom opened directly onto street also made bathroom hot noisy compared room. The water ran brown bathroom last day water temperature tempramental visit. I used dry cleaning service *washed* wool business dress, ruining it. I would stay fine budget tourist trip, I stay business. If stay here, bring ear plugs.",0.044298245614035094,0.431578947368421,Sep 20 2008
11,11,"2 stars best recommend My Background: I frequent international business traveller (US, Europe, China &amp; India) personal vacation, adventure traveller (Europe, South America, Africa, APAC).Hotel Vikram Review:I would stay if,- tight budget, looking average stay- local Indian business man, non-western expectationsI stay if,- personal vacation Delhi- business travel western expectations- familyIn nut shell, 2 stars best. Its safe, AC (if fail), clean bathroom comfortable bed. Its basic hotel. I recently travelled Delhi trade show stayed local sales manager booked us here. I reserved Luxury room, loosely defined. When I checked in, I asked non-smoking room, led room single bed (i.e. prison size bed). Apparently, non-smoking rooms single beds - tucked away beside wall fairly stained. I immediately asked another room double queen size bed, told rooms larger beds &quot;smoking&quot;. Since I staying almost 5 nights, I wanted decent size bed sleep I braved smoking room. It turned ok, distinct smoking smell. The carpets room quite old worn, overly clean. The bed comfortable, clean staff reason always wrap comforter (the covering never gets changed!) around pillows, makes pillows appealing sleep on. The sheets well worn, stains cannot washed out. The rooms ironing boards iron, dial room service get one every morning - usually takes 30-45 minutes arrive (i think must one shared among guests every morning!!). When arrive, iron 60's, basically piece metal handle electric cord. It steam, etc. like modern iron. The ironing board heavily yellow stained (like someone urinated it). The bathroom quite small usable. My room particular running cold water sink. The shower good water pressure. Half way stay, motor room's AC died middle night, I change room (3 times total within 5 days). Every room wireless Internet, connection quite slow. A week's worth Internet 1500 Rs, put front desk (instead online), bit cheaper. The staff generally friendly. The restaurant downstairs bad, although breakfast quite basic. By default, serve instant coffee, need ask &quot;black espresso&quot;, case brew machine. The Indian food restaurant pretty good, I ate evenings long days. Room service efficient quick. The Tourist desk arrange tours Taj Mahal. It'll cost 4200 Rs hire private car driver. A guide cost another 500 Rs (which paid guide directly). The drive Agra/Taj Mahal 3-4 hours, leave early (6am). Would I go back again? No. However, expectations might different others, looking 2-star quality hotel, Hotel Vikram fine. But westerner travelling company business, I would recommend stick western chain hotel. The location irrelevant take cab everywhere anyway Delhi generally. The noise level outside pretty loud - I always hear frequent car honks dogs barking room, light sleeper, might trouble sleeping.I hope helps next person make choice. I paid 8500 Rs room. Hotels Delhi generally expensive due lack rooms high demand. Bare mind price room necessary reflect quality like normally North America Europe.",0.08983781569307882,0.41507410352805096,Mar 22 2008
12,12,"Reasonable value - would go My family (2 Adults 2 Children) stayed Vikram end October 2007 10 days. Having previously India 2002 time, called Marriott Hotel (its name changed now- can't remember what) paid Â£60 room only, alarmed find average room 5* Â£220+ per night. We therefore decided go cheaper option, bearing mind could run problems decision!!!However, pleased find Vikram clean friendly hotel. It 20 minute taxi ride centre Delhi (depending traffic conditions). We negotiated Rs 10,000 per night luxury room including 2 extra beds breakfast. In honesty say equalled 5* previously stayed tourist. (In fact luxury room larger room stayed Marriott )If looking clean Delhi reasonable cost, Vikram fine. In UK easily exceeds Travelodge, Premier Lodge etc. However - room service alcohol expensive - especially wine!!!The swimming pool dry October sure refilled. If looking reasonable price, would hesitation recommending Vikram. Remember 4* UK necessarily 4* India - perfectly adequate.",0.09960317460317461,0.6137566137566137,Dec 29 2007
13,13,Could lot worse We spend bit time Delhi business stayed number hotels. Whilst I agree problems (yes staff friendly) feels much homely others City. The snacks bar terrific (try chili chicken) great place quiet beer full day hustle bustle Delhi. There interesting walks around I presume fairly market areas common gardens market mightily impressive (if shopping).,0.27980769230769237,0.7102564102564103,Sep 5 2007
14,14,"Expensive We stayed superior room 02 March 07 March 2007. The room spacious stylishly furnished. Room service food good also reasonably priced. The problem though front-desk staff unfriendly unhelpful. In addition, location ideal. It 30min drive tuk-tuk Connaught Place main shopping tourist areas. Overall ok, felt value money would probably stay future.",0.17051282051282052,0.566025641025641,Apr 9 2007
15,15,"Value Money I comfortable stay Vikram, Delhi. Hotel situated Lajpat Nagar, Ring Road main arterial road Delhi, making easier travel around. Although immediate surroundings much offer.The lobby bit smaller side adequate seating available size. Check-in fast friendly.Room adequate size class. Bed comfortable TV cable channels. Bathroom good. The window offer much view.Breakfast good plentiful. Breakfast area pretty neat also large Plasma display. Service okay.Overall, good experience though 3 star class rather 4 star claims be.",0.3387566137566138,0.5015873015873016,Dec 17 2006
16,16,"great price range In Delhi either spend $200 plus luxury hotel, take risk lower ranges hope best. We wanted Ambassador centrally located booked, tried Hotel Alka- bad choice- stay there!!In morning packed bags went searching something better ended Hotel Vikram Lajpat Nagar. It's 20 min Connaught, etc, close Lotus Temple sites, Greater Kailash great shopping restaurants, well Lajpat Nagar market good, much better prices downtown.The recently refurbished carpets rooms new nice, bathroom small nicely done, even better Taj Mahal bathrooms. The staff kind helpful thrilled find terrible experience Alka.Not good wondering around outside, good safe intense day city. It's clean, nice, friendly, far airport (always depending traffic)",0.3526082251082251,0.6321861471861471,Nov 21 2006
17,17,"So My wife I stayed Vikram twice April 2006. It described 4 star better average 3 star hotel. The rooms O.K. (television, air conditioning etc) hot water temperamental twice I take cold shower. Buffet breakfast rather bland options limited. Hotel bar small pokey drinks snacks well priced. Check efficient friendly. On plus side clean safe conveniently located close Locus Temple, Qutb Minar South Extension Markets. Overall bad place stay long paying 4 star rates",-0.020050718512256968,0.5305748098055791,Apr 21 2006
18,18,"OK Room clean comfortable enough, bathroom window screen covered sort tarp outside! Neighborhood nice, place walking around. Service adequate. Even though proximity major tourist sites good map, took long time get anything.",0.20125,0.5383333333333333,Jan 15 2006
19,19,"Go somewhere else. Although rated 4-star India, definitely 4-star hotel. The staff quick check-in, floor lobbies &amp; rooms old carpet, smelled stale bad. Plenty hot running water (which leaked standup shower door onto entire bathroom floor), bed mattresses old &amp; lumpy. Wouldn't recommend stay again.",-0.052083333333333315,0.5052083333333334,Jan 9 2006
20,20,"Pristine refuge heart Delhi We recently spent three nights Hotel Vikram wonderful time. Rooms spotless comfortable, ideal refuge day sightseeing -- furnishings new tasteful, shower bathroom extraordinarily clean, traffic noise minimal. Service impeccable, front desk travel desk drivers efficient room service. Breakfast also quite good, good selection continental Indian specialities. Convenient location too. Great value, excellent hotel!",0.5194638694638695,0.6657342657342658,Jan 22 2005
21,21,Nettes Hotel sehr guter Service im Restaurant...,0.0,0.0,Feb 10 2009
