,Unnamed: 0,Reviews,polarity,subject,Dates_extracted
0,0,"small lodge 3 star The rooms dull clean (a thick layer dust covered mostof furniture); bathroom consisted shower, overflowingtoilet bucket; ceiling covered small flies; thehotel noisy (children running around constant unidentifieddripping room whole night); breakfastcutlery clean.",-0.1572916666666667,0.4885416666666667,Nov 26 2009
1,1,"In Delhi often get less pay .... much less I 26 hour layover Delhi, ugh, I wanted clean, Wi/Fi I could crash night. This wi/fi photos portray. The photos uses promotion totally fail capture get hotel. Go Tripadvisor photos actually stayed here. This old run down. In room ceiling fan loud run turn lamp next bed unscrew bulb. There stains sheets show cleanliness part manager's mentality. The fuzzy TV works remote .... I hope getting picture. The words come mind are: grimy, tacky overpriced get. Finally, outside, located, blighted, noisy remote. Conclusion... better property's night this.",-0.007094017094017093,0.2717094017094018,Nov 23 2009
2,2,"Really enjoyed month only, find worth money, check-in take 3-4min get rooms, housekeeping manager really helpful, staff members really nice n helping . even travel desk helpful us.Awesome nad enjoyable trip!!!! gr8t memories",0.39999999999999997,0.5571428571428572,Nov 21 2009
3,3,"Average The located busy, noisy rowdy area. For love shopping, ideal. However, staff curteous always one's service. The rooms neat, food satisfactory. The Tour company Abyss Tours lived expectation. On next trip, God willing, even stay hotel, still employ services Abyss Tours.",0.27166666666666667,0.5233333333333333,Nov 21 2009
4,4,"Very Clean Comfortable Firendly The well positioned, staff friendly fell organise trips us.Rafiq Khan operates Indian Tribal Tours arranged us driver say enable us see sights safe knowledge car waiting us.Lovely friendly people I owuld recommend people higlhly all.",0.44783333333333336,0.672,Nov 21 2009
5,5,recommended The air con make much noise canât even get nap 5minutes recommended. Room ok fixtures old.,0.26666666666666666,0.3,Nov 19 2009
6,6,DO NOT COME HERE âOVERPRICEDâ FOR ITS QUALITY A normal road lot traffic noise allnight. They took $70 overpriced service andthe kind room given me. Why I saying becausewhen I went nearby hotel(this area full hotels). I got amuch better quality service 40$ given good andclean towel (they took 30 minutes give dirty towels) probably Iwould checked came know difference.,0.28333333333333327,0.6666666666666666,Nov 16 2009
7,7,"Excellent budget Delhi The arranged meet &amp; collect us New Delhi Railway station 6.30am, transferred efficiently hotel. Check friendly &amp; efficient &amp; got free upgrade. The room spacious enough, everything worked fine &amp; included breakfast good. I would highly recomment place anyone passing Delhi.",0.4247537878787878,0.6343181818181819,Nov 12 2009
8,8,"Not Worth It This busy are. There many hotels nearly. Therecharges higher services good. We checked ofthe next morning reception took 30 minutes check usout. The bill ready excuse someconfusion. If I flight catch, I would missed it.",0.1533333333333333,0.3377777777777778,Nov 10 2009
9,9,"Open lobby... This reception area open undesirable tour operator (who walks giving impression employee) attempts sell golden triangle tour high price. Of greater concern fact man somehow manged find room in, infact made internal telephone call room attempt arrange meet us sell tour services. I wonder taking commission this? He present lobby bothering tourists 3 days there. His office around corner hotel, attempt take hard sell. Despite negative first impression, food great price, service could better. Hotel pick relaible. Front house staff attentive, aloof times. Air conditioning working room took 2 hrs relocate us. The drains smelly room musty smell . Generally clean well presented. No window either room natural light.",0.1935,0.47372222222222216,Nov 9 2009
10,10,"Decent Hotel Good Location This fine. Its little pricey hotels Delhi. We arrived booked advance check smooth. In first room given toilet leaked asked move. This problem rooms available. The second room fine. Rooms dark side clean comfortable satelite TV, Air Con Fan. Also fridge always nice hot tempretures. Hot water worked morning. I like neighborhood Karol Bagh. Its local Indian Market Sarees mostly interesting walk around dont get hassled much (comparatively). I always felt safe here. The metro 10 minute walk want get around independantly. Also always AutoRickshaw Driver hand haggle with. You close enough attractions transports. I would recommend hotel.",0.2376333333333333,0.513,Nov 9 2009
11,11,"A lotus market traffic pond As aregular visiter delhi due metro project, time made booking web finaly landed clark located busy street, But realy surperised enter, really cutting outer busy environment clean atmosphere easily relax clean rooms, staff realy helpful, free breakfast free pick airport really big advantage, visit november, thanks hospitality.",0.14924242424242426,0.5462121212121211,Nov 3 2009
12,12,"liasoning wrong people Me wife stayed good 3 days good. Rooms bad good too. Breakfast average. High price like this, arrangement bad travel agents took almost double price tour agra, jaipur. We know friends tour quiet fewer prices, car same. Rippled off.",0.05461538461538463,0.4658974358974359,Oct 30 2009
13,13,"More Expect Our travel agent booked 1 night arrived late night ended book 1 night directly front desk polite,gentle helpfull always...Next day mor ning breakfast planning get around city idea unfamilliar place time Mr.Chokerborthy introduced us man lobby named Mr.Zargar arranged part trip around Rajasthan 10 days &amp; got see alot short time.The service ok &amp; time meals rooftop restaurant quality dishes.Breakfast morning could better choices complaint got asked for.I recommend travler bcoz care others matter old are.",0.20233333333333334,0.412,Oct 19 2009
14,14,Friendly clean safe Airport pick helpful. Little expansive Delhi's hotels expansive compare cities. Use travel sites get good deal.,0.2613095238095238,0.49642857142857144,Oct 12 2009
15,15,"Excellent Oasis heart New Delhi' We previously experienced great rooftop meal here- decided would stay trip Delhi. We disappointed! We got good deal/rate Expedia spend week great hotel. The rooms small well presented exceptionally clean- complete comfortable bed, wifi complimentary toiletries. The rooftop restaurant served excellent breakfasts (recommended on-demand omelettes coffee) fuss late evening meals/refreshments delicious.All staff attentive helpful- small niggles dealt efficiently smile.The situated right heart Karol Bagh district New Delhi- fantastic place get feel real street life. With large local market end street superb Suruchis (thali) restaurant two streets way never stuck places discover foot.Highly recommended. We back.",0.3004757575757576,0.6281350649350651,Sep 24 2009
16,16,"Wonderful Stay I booked executive room one night stay, included airport pickup. First bit worried airport pickup glad see car pick airport, however pay driver extra turn AC. The room clean (though small size) including linen. The staff friendly queries looked ater. Will definately recommend anyone wishes stay.And yes bed amazing!",0.37395833333333334,0.6166666666666667,Sep 23 2009
17,17,"good clean stay 3 nights person nice , rooms clean , food good too... The travel desk helpful &amp; friendly Mr. Rafiq &amp; Mr. Haroon.",0.5140476190476191,0.6585714285714286,Sep 10 2009
18,18,Really helpful staff central location The staff front desk really helpful gave great directions various places I wanted go to. The room large still well kept. I also pleasantly surprised open rooftop breakfast area/restaurant. I got Delhi provided free pickup airport I felt pretty comfortable around area single female traveller later joined friend.,0.14476190476190476,0.513968253968254,Aug 29 2009
19,19,"The smells noise heat Delhi bliss escapism hotel. Fab - possibly bit pricier Delhi - Â£30 night, lap luxury plane, trying find feet. Very comfortable, great food, mostly, excellent service friendly!",0.5577500000000001,0.85,Aug 27 2009
20,20,"Nice Hotel; Grotty area My wife I stayed 2 nights August 2009 pretty pleased overall. The lovely inside, room spacious, A/C worked, restaurant pleasant staff helpful. The bathroom somewhat grubby recurrent problem throughout India.The thing lets location. Karol Bagh clean, Westernised area like areas house 5 star hotels; dirty congested there's good chance stepping something unpleasant leave hotel.The nearest Metro station 5 minutes walk away though couple stops Connaught Place",0.182962962962963,0.7703703703703704,Aug 27 2009
21,21,"Great value lovely rooms - peace mayhem Delhi! This great little great value. Breakfast included price good. We food restaurant one evening despite ones there, food good! The rooms really comfortable clean.We booked stay end trip got gorgeous room bath fabulous shower. Loved - location best would definitely stay again.",0.54046875,0.6975000000000001,Aug 14 2009
22,22,"Top value good location We sat foyer I write review. We staying two nights booked basis Trip Advisor reviews. It represents excellent value around 20 pounds per night. The room quite spacious photos suggest well used. The room clean aircon works (a must Delhi July). If used 3 star European hotels may little disappointed first impression, things different India!The staff numerous helpful. The restaurant good. As previous reviewer points out, breakfast little strange make good omelette. For dinner excellent mixed tandoori two, lashings (very strong) beer came around 6 pounds each. The best curry sauce I've ever had!The district lively, miles streets small shops street vendors. It's noisy day drivers seem beep constantly. Be prepared haggle everything! It's assumed (I think) tourists wealthy pay anything!In summary - provides excellent base exploring Delhi.",0.24387766554433224,0.5820987654320988,Jul 23 2009
23,23,"Would recommend price Stayed wife 3 year old got king size bed asked for. Room decent size quality ok without extraordinary. Had breakfast choice bit let down, spicy noodles pasta amongst eggs toast! But price paid couldnt complain. The area around noisy light sleeper like problem, wife though fine. The upside good market night area shopping. For food ate Pizza Hut round corner beware taxi drivers area asked directions said 5 miles away 100 ruppee ride. We happily declined. In short could pay lot Delhi much more.",0.24801587301587302,0.5325396825396825,Jul 22 2009
24,24,"great good We booked stay Hotel Clark International left home turned smart met guests said booked going Delhi charged double paid. Overall, b-f I good stay here. We got free pick-up airport good location, drawbacks construction happening rooftop woke us a.m., tried charge us items n fridge drink, phone calls pricey. One major pitfalls place staff helpful. When asked map area could have, told follow man lobby would get us one. We taken travel agency tried talk us booking tours Agra sight seeing around Delhi. They also charged way lift airport taxi actually cost. Our room spacious clean (although washroom little dingy TV broken). The bed comfortable AC worked. The breakfast included ok.",0.1805764411027569,0.44041353383458653,Jun 27 2009
25,25,"Excellent Choice We bit concerned mixed reviews, especially booked rooms via Expedia subsequent problems encountered. The Expedia rate almost 1/2 price published rack rates, hard resist!We booked (and prepaid) via Expedia premium room. Our international flight due arrive 12:30AM hour late. I reconfirmed flight arrival details along room reservations week due arrived.We pleased (and grateful!) &quot;boy&quot; smiling waiting us airport whisked us away hotel. Check-in snap, quick stop front desk could photocopy passport info room.We could pleasantly surprised. The bed awesomely comfortable, room, (on 3rd floor) clean, neat modern. Plenty hot water. The tiny window provided view, hey, comes Delhi view?Breakfast included rate) satisfactory. We also ate dinner first night good. Watch high alcholic content Kingfisher beer however! It real kick pants:) It's polished area Delhi, interesting neighborhood colorful market. It's couple blocks metro. The autorickshaw drivers area bit annoying that's Delhi.You need earplugs. I think earplugs invented specifically India. Between barking dogs honking horns, wonder anyone gets sleep!If look good value Delhi, want spend $100.00 night, excellent choice. The staff polite helpful, effusive. We would definitely recommend would return here.",0.2150260416666667,0.59671875,May 12 2009
26,26,"Value money I booked Hotel stopover international flight. I coming Goa got Hotel details site. After deciding go , I got reservation hotels.co.in Premium Room+Airport Pickup+Internet US$36. That pretty good I think . I although flight Goa delay boy Hotel waiting took safely city. The place busy, seemed nice first. After I checked in, boy took room soon opened door I noticed standard room. Immediatly upon calling reception explaining booking premium room moved me. The room nice clean, bathroom although clean bit run down. The food restaurant ok breakfast, although simple, ok too. They charged INR$600 take airport next day.Anyway, right ... price ok, I think I recommend Hotel.",0.2979717813051146,0.48972663139329803,May 9 2009
27,27,Centrally located Gud option travelling tight budget,-0.08928571428571429,0.26785714285714285,May 7 2009
28,28,"A welcome sight travelling! We booked stay first nights Delhi wandered around looking hotels loney planet nothing patch one ended returning two times! The staff always welcoming real sense safety. We booked Expedia directly two stays. Expedia half price published price happily gave us rate stays. The rooms clean LCD TV really comfortably pillows! (The rooms 3rd floow seemed little modern 2nd) There windows cheaper rooms. Breakfast served rooftop restaurant included price. The situated busy shopping area coffee shops, Pizza Hut McDonalds nearby (just case u get case Delhi Belly did!) There also loads local choices. When booking travel use agent across road hotel, really looked us nearly half price guy hanging around lobby! There's internet cafe nearby everything need! Easy catch rickshaw travel around. Would definitely recommend!",0.15328525641025645,0.3894230769230769,May 6 2009
29,29,"So-So I occasions stay sept 2008 nov 2008. There things liked probably, opinion little bit let down. The things really liked : room ambience, room cleanliness, hospitable staff, top floor open air restaurant, proximity market place metro station, food(taste). let downs: room service - sometimes took ages, food little spicy,lack variety food choices, AC- almost non functional, room size, tv(still CRT) rooms. I noticed lack variety food since staying longer period time business trip..for ppl staying overnight day two, might bad all. I could see lot foreign tourists stayin there...If someone looking decent acco karolbagh area , would recommend try one.",0.029365079365079354,0.43908730158730164,Apr 21 2009
30,30,"Great modern low cost exceptional service My sister I staye dat business purpose. The staff amazingly friendly personable. They assisted us aspects business helping us leads, stay anything needed. We two single women Delih helpful assisted us travel.In addition free WiFi conference room abl eto use day interviewing stayy. They never questioned time conf room helpful.the rooms clean, modern, small side, perfect. Being british travellers, always cautious travelling India yet good cost great cleanliness quality.The restaurant great breakfast incl, closes early night. Theed great spot right close Coroba market. We also forgot one suitecases immediately sent driver airport - worry loss theft! A hard find India!",0.342702922077922,0.5218939393939395,Apr 3 2009
31,31,"A Home away Home-Will Stay Again. During recent trip India, I &amp; husband stayed Hotel Clark International beginning, middle end trip New Delhi. We thoroughly enjoyed stay Hotel especially friendly, accomodating &amp; warm behaviour Hotel Staff. I choosen Hotel based online reviews, good, bad &amp; ugly, decided find own, I say I happy I selected Hotel. I especially happy -room Safe, mini bar &amp; Complimentry Tea/Coffee, Breakfast, &amp; airport pick ups &amp; drop of. The Room &amp; Bath good modern The Hotel restaurant fifth floor - roof top excellent. The food particularly good.I specially surprized &amp; touched find Birthday, cake husband ordered delivered complimentry Hotel &amp; food restaurant catered loved, appreciated &amp; savored much gathered friends &amp; family. I also mention -there also Travel service available Hotel Lobby, &amp; also help Money Changers.I extend thanks Mr. Rajesh Patyal, &amp; Mr. Chakraverty front desk, Mr. Thakur, &amp; Mr. Ram Singh, Mr. Prem, rest staff taking good care us. I also like mention Mr. Haroon Travel Agency &amp; associate Mr. Rafiq Khanwho helpful setting comfortable site seeing trip Delhi Puri back. I Husband really enjoyed stay Hotel. I husband going guest Hotel Clark International sure I whole heartedly recommend anybody &amp; everybody wants stay Budget Hotel aminities Pricy Hotel surrounded friendly Staff come stay here, regret it. I particularly loved ...It home away home visit, looking forth coming soon...Mrs. Bhattacharyyaapr1_63@hotmail.comNew York",0.3408377733377732,0.5321759721759722,Apr 3 2009
32,32,"Good location ok My wife I spent three nights im Clark International February 2009. The failed pick us airport arrived 6.15 AM, claimed boy hadent spotted him. Might well be, theory late airport allready 20 minutes plane arrived.No problems though pre-paid taxi airport hotel, arrived arround 7:30. The reception fixed room us could sleep couple hours starting city. The room 3rd floor held lower standard expected. Later day - complaining - got another room (on 2nd floor) spacy modern. Both rooms clean free kind bugs.The Clark International located Karol Bagh area quite convinient close new rather impressing metro. The metro increasingly important Delhi. Karol Bagh also hosts street market quite charming. The market starts block two away entrance.Karol Bagh busy area lot small shops, hotels streets crammed cars, rickshaws, cows street vendors. Quite Delhi neighbourhood. The definately expensive stayed 16-day India tour. Delhi lot expensive 5 star hotels, easy find good options 3 star segment. Clark International turned good one. The negative thing come noise streets surroundings. (This way occurs hotels stayed India). When demolition works going building near created lot noise starting quite early morning.",0.10795454545454547,0.430496632996633,Feb 27 2009
33,33,"Put us I booked Hotel Clark International directly via website.. The requested credit card information confirmed reservation. When arrived Delhi airport 1:30 told room us, fully booked. They never mentioned us called airport transfer.They said would put us &quot;sister &quot;hotel road. The Hotel Surya awful... We tired flight middle night slept room sleep sacks.Thankfully I insight buy them. The next morning flying Varanasi wrist started itching I noticed I small red marks, bed bug bites. I booked Hotel Clark International first night 21 day trip India would smooth start. anything that..I charged quoted rate even though stayed inferior hotel, something I would never booked. I could recommend due poor customer service. I felt I ripped bait switch..",-0.07378472222222222,0.3576388888888889,Feb 17 2009
34,34,"Satisfactory Hotel little priced We spent 5 nights total 2 different periods hotel. We stayed Executive room though upgraded free charge Premium room one night.We paid Â£86 per night Executive room. This includes airport pick up, breakfast complimentary wi-fi. I think slightly expensive though hotels Delhi appear expensive.The room reasonable size clean. It TV, mini-bar (the contents expensive) tea coffee making facilities.The bathroom clean. My criticism would Premium Room shower separate cubicle meant bathroom floor got wet everytime shower.Breakfast buffet style. It included cooked food different types day, cereal, toast, juice tea coffee. We also tried restaurant one night one afternoon. There good selection food menu reasonably priced. Indeed food nice. Mind waiter friendly unlike staff hotel!!The Hotel situated Karol Bagh area indeed less 10 minute walk Karol Bagh metro station convenient getting around city. When walking metro station pass colourful market present certain days.Unfortunately lot street noise night whether vehicles dogs barking. The noise particularly noticeable executive room first floor (the premium room 4th floor bit quieter). However I would imagine street noise would problem many hotels city.The area around slightly rough. One thing I like hassle got touts minute stepped hotel. However problem matter went city begging.The appear work nieghbouring travel / tour company. The staff company appear sit reception area wait guests. On first morning minute I got lift I approached person gave whole selling routine. This person persistent extent travelling lift clearly looking us. In saying book guide Agra company well pick drop train station. The guide good indeed glad go ahead booking.Overall pleased hotel. It lovely inside though slightly expensive.",0.15781746031746033,0.5611925647451963,Jan 25 2009
35,35,"One star status budget Accomodation It third offer room decided would get better. First room creatures crawling around shower floor. Second room offered blood towel.The called romantic roof terrace restaurant serve wine(we locate/bring own) roof lined bamboo, numerous pigeons reside, dropping feathers etc one food dining. Only one party(of three) sick five day period, spoke another resident whose friend confined room couple days food related problems.Tried charge non appearance one party coming Thailand meet us India alter booking(due Bangkoks a/port closed) refunded us several days verbal discussions/culminating remind manager post holiday review intentions.Most definately would strongly advise booking establishment.",0.013690476190476185,0.44680059523809523,Jan 23 2009
36,36,"Tiny overpriced Our room small heater A/C unit looked like made 50 years ago. The TV also dated.The staff friendly capable enough. They organised free pick airport, dusty 15 year old tiny car. Luggage would fit boot go front seat. They organised lift domestic airport 450 Rupees slightly better small car (but much). The plus points nice restaurant roof, nice breakfast.",0.06984375000000001,0.5075000000000001,Jan 23 2009
37,37,"Not bad greatly overpriced For CAD215 (USD 180) night, greatly overpriced, like hotels India. The good: conveniently located quiet street Karol Bagh, 5 minutes walk metro. Nice rooftop restaurant. The bad: heater room work properly. Electricity outlets outdated small plugs (cell photo charger) required support stay plugged. Hot water fact warm, shower morning challenging.",0.16923076923076924,0.6423076923076922,Jan 21 2009
38,38,Great Hotel I stayed 19th Dec 2 nights booked 2 rooms. We got complimentary airport pick great. Upon arrival advised got upgrade rooms nice hear.The location great tourist sights. 1 thing would say dont book taxis reception little bit expensive normal taxi.Considering 3 star budget would say good. I stayed 4 star Mumbai awful!Good value money go back Delhi would stay again.,0.3793181818181818,0.6254545454545455,Jan 9 2009
39,39,"Very Nice Hotel This really nice, situated one best areas Delhi, Karol Bagh. You come hotel, right hit main market street, turn right end street metro station Karol Bagh take main attractions close enough spend fair amount auto rickshaw there.Hotel staff helpful, polite. We never used pick service airport always reached train stations. We raised concern receptionist provided us courtesy drop service airport instead. The food roof top restaurant pretty decent poison free. We never meat rest India saw lots people eating meat nobody complained looked sick days afterwards. This area others look economic like Royal Holidays Hotel Classic compare doggy places far aspects. You spend receive quality senses, places, stayed first night Royal Holidays, never could sleep works progress front Hotel since arrived trying push us make deals visit using touts visit own. They think people stupid read enough going India.Here opposite, taxi prices request one reasonable, help much can, advices, internet free compare others try charge 100 rupees crap connection, shops vicinity great market street heading metro station.Definitely If I get back Delhi one days I stay recommend one.",0.18205026455026457,0.5301917989417989,Nov 21 2008
40,40,"Decent enough short stay Hotel bit dated, shows places. The room ok'ish. Mostly clean. The one big negative point aircon unit heads bed I mean literally above, see picture. It excessively noisy night one point spewed whole lot built-up black grime street.The rooftop terrace would nice heavy smog Delhi. Otherwise food drinks decent reasonably priced.Stayed night, flying back India, get chance explore area. It look quite lively street stalls night.",0.05827352472089313,0.4817982456140351,Nov 16 2008
41,41,"""we love care"" It really good experience partener stay hotel, pick free efficient arrive delhi mid night The good clean, Hope fully get payAs fall ill taken care staff medicene food service etc touced heart, may god bless all, recommend everyone.",0.3095238095238095,0.6142857142857144,Nov 13 2008
42,42,"good crazy delhi excellent quality accommodation value delhi.... karol bagh hustling area, nice quiet hotel... friendly helpful staff!!",0.4102864583333334,0.7472222222222222,Nov 12 2008
43,43,"worst ever stayed I would like explain firstly indian hotels quality find elsewhere. That common theme found throughout stay india travelers must bear mind travel there. However I shocked state room especially baring mind positive reviews trip advisor.The room relatively nice size. However room I stayed would gotten 1 star anywhere else. There big cracks walls, room dirty. The airconditioning unit grimy, bathroom shabby, bath cracked. All sure I could found price I payed much nicer room. But loved delhi incredible stay barely dampened stay.",0.059839572192513346,0.6057456922162805,Nov 12 2008
44,44,"Haven New Delhi My husband I stayed Clark Hotel New Delhi beginning end trip India. Overall stay occasions excellent. The well priced, conveniently located near Metro line (Karol Bag stop), provides airport pickup drop off, rooms modern, clean spacious (large comfortable beds, in- room safe valuables, nice bathrooms), front desk staff helpful friendly, food restaurant convenient tasty, travel service available lobby arrange driver tours city. The overall atmosphere friendly staff competent readily provide assistance. New Delhi daunting experience much traffic, noise confusion place stay makes visit much better. We found Pankaj, Rajesh Ekta especially helpful hospitable would readily return another visit. Staff best make feel welcome comfortable. Highly recommend visitors New Delhi.",0.3267466759431046,0.5322649969078541,Oct 21 2008
45,45,"Great! We regularly stay hotel. On budget great value. The rooms clean modern. The staff accomodating, particular Rajesh Ekta front desk. One main attractions location, right heart maddness. Love it. Mrs Shah UK",0.3685714285714286,0.4679304029304029,Oct 13 2008
46,46,"Hotel Clark treated us awfully My partner I returned holiday India where, part itinerary, pre-booked first two nights Hotel Clark International Delhi Expedia, charged Â£40.70 per night - lot India, wanted ensure first nights comfortable.As part booking, requested free airport pickup hotel, advertised website. We received confirmation looking forward stay hotel.However, arrival Delhi International Airport, one pick us up. As result, lots trailing around airport middle night, managed find driver prepared take us city (at extortionate rate).On approaching city, I phoned get exact location. I first told receptionist reservation booking. I informed prepaid full I full confirmation voucher Expedia.He told that, yes, booking, longer able give us room, decided put us another nearby instead. We utterly dismayed given we'd spent lot money first nights holiday avoid sort hassle!Given late night, asked directions alternative - Hotel Blue Sapphire. Although told quality Hotel Clark International, turned pretty awful . It certainly near quality we'd led expect Hotel Clark International.Until now. experiences booking Expedia date entirely positive experience - nightmare. At best, Hotel Clark International messed - worst, scammed us taking cheaper hotel, honour prepaid contract.",0.03763994626063591,0.4431109120764293,Sep 29 2008
47,47,"Well priced need In Delhi get pay for. When I'm business I pay around Â£200 per night compared Hotel Clark's Â£35 per night. It luxurious town, provides good facilities lively part town. Well worth money. Dinner beer rooftop restaurant good reasonably priced too. Breakfast pretty boring though! Hotel normally include pickup airport. I saw negative comments elsewhere Abyss Travel. They hotel's &quot;travel agent&quot; car hire etc.. If want use them, don't. You're pressure to!",0.15613636363636366,0.5950000000000001,Sep 26 2008
48,48,"Excellent Hotel Crazy Delhi. Look, simple, unless want pay Â£200+ per night, struggle find quality big city India. So reviews saying mediocre, decieved overpriced, ignore!! guys homework getting here. The Hotel located Karol Bagh right heart things,clustered back street markets extremely lively. Yes, area cleanest, 75% Delhi like this. We based 5 nights, rooms clean well maintained. The food roof top resurant excellent staff really friendly.If want see, feel smell Delhi thats probably visisting city! stay here.",0.17979121572871573,0.5660714285714286,Sep 12 2008
49,49,"Very good experience The rooms fourth floor nice. We so-so room first night , heard rooms fourth floor better moved following night. It great. Spotless, crispy white sheets, clean modern bathroom. Breakfast good, view outside great. The collaborates travel agent named Haroon, excellent. He made various bookings us found friendly reliable.",0.39303921568627453,0.46254901960784317,Aug 27 2008
50,50,"Over-priced Mediocre ... Well, would unfair part discard property altogether time I unable find justifications No 14 TripAdvisorâs popularity index. Letâs start 0:0 last whistle i.e., moment checked out. Check-in anything smooth. Despite explicit pre-paid reservation two adults two kids (6, 4) front-desk insistent 600 INR/night extra bed. Breakfast impressive â¦ yeah even taking room rates account. Bathroom standard better. TV working, 2-3 channels tuned â¦ never tried tune complaint, fair. Room service prompt efficient. Wi-fi complementary acceptable speed. To conclude, I would say donât really get value money hotel. I satisfied, let alone impressed.",0.1323529411764706,0.5642156862745099,Jul 20 2008
51,51,"What shock good one end I Delhi 4 times past two years due hubby working there. This time holiday, I booked Clark International via web site easy.We arrived Delhi late night, car picked us airport, arrived Clark I nearly called taxi take us Imperial Hotel I stayed previously. We appeared arrived downtown Beirut inside Clark International I presently surprised. We taken room, lovely, bed comfotable crisp clean sheets, air con cooled room fast great hot shower.The next day got went top floor breakfast everything could want eat great view. We went walk headed Connaught Place shopping, arrived back later afternoon realised positioned slap bang middle market district downtown Delhi, great, street markets, lovely people, great places eat shop great carnival atmosphere late evening. I couldnât believe hubby Delhi many times never found area. I loved loved area, next time I go Delhi I stay Clark International.TIP: Take card reception travel found lot taxi drivers know tucked side street, card map back address phone number.",0.24040849673202616,0.4519444444444445,Jun 21 2008
52,52,"excellent value first time Delhi - wanted expensive well kept - Clark International conformed expectations. Clean, smallish well-kept room (with noisy a/c) friendly helpful staff.The area noisy colorful, rather enjoyed. bad surprises. recommended.",0.29351851851851857,0.5555555555555556,May 16 2008
53,53,"A winning combination My brother I returning India many many years discover origins parents. Our mother (Tess) Indian father British soldier. I born Devlali left baby.It therefore important good accommodation Mumbai Delhi. And certainly Clark gave us this.The staff helpful; rooms great breakfast second none. Several times also lunch nourishing. If needed help minor things usually go wrong holiday staff acted quickly efficiently. We found winning partnership Abyss Tours many car operators must envy Old Delhi. The pick drop airport went smoothly negotiated competitive rates able competent manager ,Arif, sightseeing tour trip Agra see Taj Mahal. Altogether satisfying stay. Congratulations teams Hotel Abyss.Raymond RaineUniversity Senior Lecturer UK",0.28090476190476193,0.4715238095238095,Apr 9 2008
54,54,"Don't ever use Abyss Travel Bed ok, bathroom passable, meals passable general staff attitude ok. The major problem association Abyss Travel...they joke, see makes laugh. All old tricks...obvious plants lies, lies lies. It's shame &quot;could good hotel&quot; associate self with, promote, Abyss Travel. Please take us fools.",0.3160714285714286,0.4142857142857143,Apr 6 2008
55,55,"Great value heart things! This little gem right &quot;horn honking&quot; center things. My room small clean comfortable. The staff kind. There bit internet snafu I first arrived, manager stayed problem got fixed I could get online. I could walk sorts shopping easy access taxis, etc.There several tour groups staying I there...so book early, secret one.",0.1984438775510204,0.5108843537414965,Apr 3 2008
56,56,"good value heart new delhi non-touristy area.be prepared different culture, afraid neighborhood. free breakfast buffet great mix local american food. bed comfy room clean. may need use ear plugs night dogs barking autos honking. use free ride airport, use free ride airport. price okay; pricey cheap.",0.26946386946386947,0.5849650349650349,Mar 12 2008
57,57,"4* quality 3* price A really recommendable, clean, friendly mod cons (inc wi fi) busy - though exactly central - part town. By Indian standards fairly priced too, book well advance sure getting room.",0.3314583333333333,0.5298611111111111,Mar 6 2008
58,58,"A great find good value money! After reading several reviews on-line, booked Clark International 2 nights. We pleased believed got good value money. The front desk staff extremely helpful knowledgeable happy assist arranging drivers, tours train travel competitive prices.They cute roof top restaurant. Good Indian, Western Chinese food, &quot;business centre&quot; check internet. We would definitely stay highly recommend others.Any inconveniences minor:1) Like many places booked line, said room included free airport pick requested Expedia, happen. So, would like airport pick up, double check driver actually pick up.2) Hotel located busy market area. I happy walk alone outside night. The street noise could definitely heard rooms (as case throughout Delhi) bring earplugs!3) Totally fault, I left sandals I checked went back next day get told &quot;thrown out&quot;. So triple check room leave!",0.3060714285714286,0.4578571428571429,Feb 22 2008
59,59,"good value Efficient, good value hotel. Reception staff particularly helpful friendly efficient. Included breakfast good, Nepali &quot;head&quot; waiter friendly. Evening meal good value good. Room clean, quiet secure. Had coffee/tea making facilities unusual. Also minibar reasonably priced drinks, including water, useful arrived airport. Efficient pick-up airport even though plane delayed. Handy Metro.",0.43705555555555553,0.5864444444444444,Feb 22 2008
60,60,"Little Gem Stayed two occasions Jan. One night first 3 nights 6 day train journey.We met friendly courteous staff, helped us locate ATM first stay little daunting bustling city. The rooms clean,the bathrooms bath, shower, clean, mini-bar &amp; air con,TV free internet connection. There traffic noise unavoidable busy city fault hotel. The breakfast satisfying,cereals,hot foods, eggs etc. Lunch snack &amp; dinner menus varied &amp; nice waiters nice,helpful. We would recommend hotel, quite &quot;little gem&quot; considering price hotels New Delhi, would stay return someday. As take advantage free pick-up arrival New Delhi, kindly gave us free drop airport departure.",0.26996810207336525,0.5781977671451357,Feb 1 2008
61,61,"Highly recommend Clark International New Delhi Have returned week based Clark International New Delhi. Our rooms spotlessly cleaned day, bed linen changed daily, hot water plentiful (though wet room style bathroom little inconvenient), staff extremely friendly, courteous helpful. Restaurant facilities breakfast good. Room service excellent. The downside location little rough, party four women travellers, feel particularly safe stepping alone glad booked services driver stay. Would highly recommend Clark International good value money.",0.2028512396694215,0.5545041322314049,Jan 31 2008
62,62,"Good moderately priced We stayed Clark Hotel July, 2007. My husband Indian, Delhi, really know much hotels city except seemed moderately priced hotels. After great deal research Internet, selected Clark Hotel. It clean, good airconditioning (except daily power cuts). This important height summer. The staff helpful, spoke good English. They tried best, managed. This five star hotel, obviously, clean comfortable. The morning breakfast buffet good, toast available picky eaters (like children). Indian food, well &quot;international&quot; dishes like chinese food, etc, also available meals, hideously spicy. Even Indian food spicy. They trying cater American/European palates, I think. However, I think bringing food another location &quot;restaurant&quot; appears room kitchen attached. This cause rather long wait times food (think 30-45 minutes ordering). This problem long, hot day, especially small children. There neaby McDonalds. The area really, really busy cars, people, beggars, etc., usual India issues night market might fun explore mind mosquitos. We kids exhausted night. The area might bit shock never India before. Overall, good place stay nights, especially want spend spend hundreds dollars night 5 star property, want clean western toilets (very important) A/C. The pick airport included, drive back not. One note female travelers, try get Indian clothes, like salwar kameez. Even hottest days, comfortable made light cotton. I saw several women wearing tank tops shorts, usually followed groups strange men. Not pleasant. In India, wear shorts sleeveless tops, may well walking around underwear.",0.18443262411347514,0.4703900709219858,Jan 27 2008
63,63,"Great Hotel price Yes, agreat time Clark staying couple similar hotels 'nasty' Don't doubts staying place clean food brilliant,staff could'nt helpful. You arrange driver take around Delhi fixed price worries there. I recommend pack ear plugs even top 5* hotels hear road noise room.We problems water, hot water time. Electric went time time happened every Delhi.We stayed 2 weeks I remember went twice come back 5mins less. The outside dirty would liked walked outside case Delhi.",0.07733333333333334,0.525111111111111,Jan 26 2008
64,64,"Do deceived!! Thanks Photoshop, they've managed delete electrical wires hovering shaded windows, neighboring buildings whatever else looks nasty surrounding. So look online, would think nice, quiet area. We 2nd floor could hear vehicles passing by, horns beeping, people's voices, et al. Not comfortable need good night's sleep. We portable heater room working, phoned reception replace it. They did...with another non-working unit. Great. The room bathroom OK bed clean. But really get value money. We think overpriced especially location.",0.1844017094017094,0.5748931623931625,Jan 10 2008
65,65,"OK Hotel Great Breakfast Pros: Good Delhi, offered free airport pickup. Great breakfast included room price. Room modern feel.",0.5666666666666668,0.6166666666666667,Jan 1 2008
66,66,"Good mid range Delhi My friend I stayed September, fault we're revamping reception transformed space 24hrs - mucking about! And really affect us added adventures India.We picked promised airport I highly recommend, room excellent (we chose stay one suites).The travel guide sorted us private car trips around Delhi, Taj Mahal onto Japiur.Food excellent ate evenings!",0.38249999999999995,0.589375,Dec 29 2007
67,67,"Would avoid I great stay here. Initially I booked, told taxi airport part package. When I arrived, charged 500rp this. Then I left, tried charge another 100rp car airconditioned. Also I arrived, room smelt like sewer, much someone come spray air freshener. The next day I changed rooms, OK, try NOT stay bottom floor. The restaurant OK nice views. The travel agent dodgy tried make go Kashmir. However internet free. The service mixed. Some people helpful, others downright rude, especially man asked pay extra taxi. I would recommend place ONLY budget travellers.",0.19285714285714287,0.4839285714285714,Dec 15 2007
68,68,"An amazing middle chaos Dehli. Having booked Hostelbookers.com read reviews, boyfriend I worried hotels condition. I called 2 days departure book airport transfer, man waiting ready me. We arrived 6am way check time, allowed us room 1/3 normal rate. The room amazing, European amenities, huge double bed 32&quot; flat screen TV could ask room. booked deluxe. We pleasantly surprised would definitely stay again. Please put surrounding area, India need keep open mind. Also food restaurant roof amazing, tandoori platter rs350, enough two people. If stay wont disappointed.",0.15468750000000003,0.5578125,Dec 14 2007
69,69,Best Night Manager fine rooms I teacher went colleague 6 students Trip India.We spend first night Clark best introduction India. Although seems middle mayhem quiet spot western amenities. The rooms large high ceilings latest equipment bathroom convenience... everything bathroom slippers. The Night Duty manager &quot;Chakraworty&quot;) could nicer fullfilled every wish us spoiled Westerners. Of course wireless free internet another plus I wanted let student's parents know arrived safely.Breakfast also super served roof top. One amazing experience.,0.354295634920635,0.5025496031746032,Nov 25 2007
70,70,"Great Market area Karol Bagh Great Hotel, staff fantastic helpful always. I wife, 1st time India started tour Delhi first. After get initial shock driving, poverty streets grow love little gem hotel. The literally 30 second walk Karol Bagh market great fun, especially Divali streets lit fireworks everywhere. You get beggars area find throughout India shame many homeless children. Change serious problem try get much possible wil get harrased. Travel agent name Arif fantastic swear works 24 hour days always there. He arranged tours, transports etc problems. The Hotel Dining area brilliant, situated roof open covering, food high standard service excellent. Dont believe everyone says Delhi expensive compared say Agra Jaipur, certain items. My final comment get shock streets leading enjoy stay, driver said nearly fell car, trip Delhi, Agra, Jaipur &amp; Mumbai enjoyed experience Delhi most.",0.2679804421768707,0.6218367346938775,Nov 24 2007
71,71,"Oasis calm We Delhi VIV India Exhibition Pragati Maidan, cost consideration I chose Clark International felt excellent value money. The location rather challenging, noise general grubbyness putting inside everything changes. We reserved suite, (this still good price compared 4 5 star prices) great. A large canopied bed beautiful clean linen bathroom marble floor.The rooftop restaurant good, food excellent although bar get beer meal. Breakfast decidedly Indian much concession European taste always found something suitable.The staff helpful, especially travel agent, show set aside time visit Rajasthan organised us efficiently Abysss tours.Overall I recommend good value money.",0.42855718355718353,0.6034676434676435,Nov 19 2007
72,72,"Nice clean room Pleasantly surprised booked last night stay India. Very clean functional room (401), helpful staff. They agreed without problem replace free airport pickup need airport drop-off early morning.",0.29190476190476194,0.6680952380952381,Nov 15 2007
73,73,"A Cozy Hotel Delhi I stayed November 6-13. The staff attent?ve, decor tasteful rooms comfortable. Breakfast rooftop pleasant -- ask Chai (that's delicious Indian spiced tea), teabag option! The located Asia's biggest shopping area, Karol Bagh. The ultra-modern Delhi Metro station 5 minutes hotel. From there, get Delhi's commercial business center, Connaught Place, minutes more.",0.2837037037037037,0.5055555555555555,Nov 15 2007
74,74,"Ok great expected better stayed 3 nights Oct 07. transfer airport good 90 mins late driver waited us..our room dissapointing ,room 407. view blacked widow ( concrete wall behind) I guess quiet apart form hearing lift go night.No hot water stay. Roof top restaurant average lacked green plants lots bird poo edges terrace, delhi delhi. food nothing special. wouldnt serve us beer others seemed it.( whether took table themselves)We booked late rooms came pay extra tax (luxury tax ) added bill laugh clean def luxury. like website pictures looked booking, staff ok friendly hotels stayed in.",0.09427191166321602,0.45950655624568665,Nov 10 2007
75,75,"Bed smelt wee hot water. We hit Clark International Hotel 3 weeks Bangalore couple days Udaipur. It worst trip.My wife I Australia, I India work wife joined 3 weeks bit explore. We booked Otel.com, paid online Executive room, one normal room type. However, checked got given basic crummy room, painted morning (paint still wet touch) found booking somehow come Clark Otel.com &quot;standard double&quot;. We 3 days see nice rooms told available.No hot water, call lobby time request. Then man would come room put hand shower 10 minutes boiler something fired up, wife stood around towel. Ah, romance India. The bed smelt urine, eventually get replaced day 1 good. Lots renovation going on, give us free meals restaurant compensation. To go shopping booked van driver exhorbitant price travel desk. The driver got sulky get &quot;commission&quot; place recommended, dropped us middle nowhere, quite scary. Avoid...try somewhere else...",0.05357142857142857,0.5821428571428571,Oct 24 2007
76,76,"Not bad Delhi Hotel ok, decorated constant smell turps. No window I found bit weird. Breakfast good top floor restaurant, staff generally helpful.",0.22857142857142856,0.5857142857142856,Oct 15 2007
77,77,"Bad Don't Stay Here !!!!!!!!!!!!!! Booked via Expedia 3 weeks prior stay. Included room price ($100 AUD) airport pick-up. On arrival day email make sure going pick us (they bothered). We pulled parked - auto (tuk tuk) accidently scratched drivers old rusty car, driver got smashed auto guy across head...meanwhile stuck car. Nice welcome!Check in, typical India...cold, fill forms etc. Taken room way way back near generator. Room tiny, disrepair neat (on surface). We thought O.K...it Delhi (overpriced poor quality).Within hour...&quot;bang, bang&quot;, sounds drilling/sawing metal banging. After 2 hours called reception asked sound stop...&quot;oh 5 minutes&quot;. So 40 mins thought lets go see reception desk. Upon leaving room door open adjacent. We walked room 2 guys painting, room luxurious compared large. So thought booked superior delux change room. We walk level see banging found floors maintanence, people everywhere painting, crap everywhere.So went stairs asked see another room. &quot;No rooms&quot; told. We asked see manager...&quot;You wait&quot;. So sat foyer....after 30 mins waiting went room, expecting manager call us able. No call. About 45 mins later decided pack backpack go central Delhi better even though Expedia / took money upon booking credit card already beeen charged.At reception manager appeared. He bothered request concerned left. We mention would complaining. We think preferred guests time, cause see 1 single guest 4 hours here.We complained Expedia next day, contacted refund process (1 week). We would recommend stay here. No restaurant, alcohol mini-bar.We travelled 6 weeks India/Pakistan far worst encountered.",-0.012404467960023516,0.45004409171075843,Oct 2 2007
78,78,"Decent Value We opted expensive room property, around US$125 per night. We favorably impressed, room clean comfortable bed nice. The located noisy busy area, honest arrived terribly impressed exterior building. However, staff friendly guests chatted lobby loved place, gave shot. The food rather good rooftop restaurant charming. Overall good value money probably stay simply neighborhood incredibly busy congested. If bother you, try out. Otherwise good hotel.",0.34265873015873016,0.6356575963718821,Oct 1 2007
79,79,"go. I booked expedia.com, choosing price ($110), thinking slew hotels $30 range slew $300 range, would fit right middle. It not. It near 4 Star hotel, India would called 3 star. Rooms noisy, &quot;India Clean&quot; (sort scruffy) worth $40. It seems advertising places like Expedia looking people shopping price -and trusting get pay for. While true generally, India generally less true. Also, overbooked us moved us 2nd day stay: &quot;3 Star&quot; less half price (although attempted keep rate same) actually nicer.",0.08238095238095236,0.28404761904761905,Aug 23 2007
80,80,"Comfort Unknown Territory Being woman, alone inexperienced traveler, bet I nervous I arrived Delhi 3:00 a.m. My flight 4 hours late I idea expect. A huge wave relief washed I found name held friendly face front overwhelming crowd. The definitely dedicated taking care guests.I comforted met strong display professionalism reception, especially 3:30 a.m. The staff patient conflicting sleep schedule best help obtain whatever I needed first hours.The hotelâs choice tour agency help plan rest journey Rajasthan, Kashmir Daramshala outstanding. The employees Abyss Tours friendly personable. I completely forgot fact I alone strange land far away home. All recommendations hotels throughout tour superb.I always recommend family friends wish travel India future stay Clarkâs use Abyss Tours ensure find whole Indian experience delightful I did.",0.21849206349206352,0.5900793650793651,Aug 17 2007
81,81,"Enjoyed stay Clark International! We stayed two days here's I liked it.1. The staff courteous helpful.2. The rooms clean request extra towels sheets, provided promptly.3. The food good breakfast buffet impressive.4. centrally located one easily access major tourist attractions.",0.3652500000000001,0.5663333333333334,Aug 14 2007
82,82,"Good Midrange Hotel After considerable difficulty locating midrange ($50-$100) Delhi personal visit, settled Clark Intl. based reviews TripAdvisor. We delightful stay pleased staff. 1) They showed airport promised complimentary pickup. They come Indica (small car) large family luggage cal let know advance.2) Our room basic room inside clean. Folks written negative reviews likely inflated expectations $50-60 per night get Delhi. The area around great (in middle Karol Bagh) - bother I liked esp. courteous staff.3) The complimentary breakfast attendants serving professional.4) We made taxi arrangements Delhi Agra sightseeing pressure put us staff use services. They organize airport dropoff us requested.Overall happy - would definitely stay going thru' Delhi personal visit.",0.2632251082251082,0.6028896103896105,Aug 5 2007
83,83,"Not bad deal location facilities The centrally located Karol bagh area close Metro station . The facilities clean maintained reasonaby well .The complementary breakfast good . The negatives - surrounding areas good , cannot central location like Karol bagh peace together. They provided complimentary pick airport (because free driver run AC particularly insist although hot) . The reception staff also helpful arranging early morning taxi drop Nizammudin Rly station.Overall good value money proposition average clean facilities central location.",0.24999999999999994,0.4937500000000001,Aug 1 2007
84,84,"Better expected For arrival Delhi partner I looking clean basic spend first night. After reading reviews sprawling city decided upon Clark International.As promised duly provided complimentary pick IGA promised. Although informed email arrived arrive 0800 would able check-in 1200, case. The able accommodate us immediately, long journey greatly appreciated.The room basic spotlessly clean working air cooler (rather air conditioning) noisy apply drowned street noise below.As anticipated offered trips, booked hotels' travel agency, declined offer 'hard sell', unlike lot India.The centrally located short five minute walk efficient New Delhi Metro.",0.19391835016835016,0.4335858585858586,Jul 3 2007
85,85,"Great buy season I picked Clark based reviews Trip Advisor. Got good deal hotels.com hoped I made right choice. It was. My pal I terrific room not-so-full hotel, off-season price made friends' jaws drop (people always tell Delhi mid-range hotels -- apparently, found one). Our two-bed room clean, air conditioning, fridge, ceiling fan, cable TV, nice bathroom, nice staff happy help. It quiet expected (for *Delhi*). The staff recommended travel company nearby rent car &amp; driver day, driver took us fantastic shop clothes, beauty parlor near get reasonably-priced manicure pedicure. The second day, told staff wanted go, recommended take metro, far away walking, terrific way get around. There shopping far away -- shoe stores good, clothing stores great. There really restaurants around, rent car/driver (room service decent hotel). I found great respite end day. Will definitely stay again.",0.3157326007326008,0.6902197802197804,Jun 17 2007
86,86,"Comparatively Impressive In general, Delhi shaddy place, full touts scammers. The Clark relatively safe, clean, good deal budget hotel. Our room windows, sheets incredibly soft clean; beds comfortable, airconditioning blessing. The also near local night market five minutes Karol Bagh metro. Do trust tour guide! He brought us office pretended call train station tickets. He lied seat availabilty, luring us expensive car rides. Rather, check ABC (?) travels, corner block. In all, decent stay, I would definitely recommend friend.",0.24000000000000002,0.5977777777777777,May 26 2007
87,87,"Beware bumped! We booked three rooms advance Clark International - despite bookings confirmed (and credit cards charged!), arrival discovered over-booked abruptly ushered round corner much lower standard hotel.Although booking Clark, review basis accomodaiton supplied us with: rooms dull clean (a thick layer dust covered furniture); bathroom consisted shower, overflowing toilet bucket; ceiling covered small flies; noisy (children running around constant unidentified dripping room whole night); breakfast cutlery clean.When confronted manager Clark International moved inferior accomodation, claimed due business conference, result cost evening meal waived - still left feeling shortchanged somewhat disappointed experience.The communal areas (including restaurant) Clark seemed acceptable standard - roof terrace worth look sight heaving city.However, even cast-iron guarantee room Clark, would probably book look rather tired.",-0.0025362318840579717,0.42318840579710143,May 9 2007
88,88,excellent hotel. get good service delicious food reasonnab Francoise Wang-Toutain. french nationality location convenient. Delhi metro station 5 minutes (may 3) walk metro goes directly Connaught place. The staff welcoming help finding places want go. restaurant fifth floor gives view part Delhi witha large clean terrasse The food clean delicious (I mean foreigner like me) room comfortable (though I comfortable one). The cleaning done correctly everyday. internet free access. Also road metro station nice market selling indian clothes also daily life things. It opened 9 o'clock evening. It's niceplace spend time. I stayed ten days I working In New Delhi. It nice come back every evening clean friendly place. I would recommend like snobbish atmosphere great palaces Delhi still want good qualities rooms services.,0.37654104823747686,0.5900220315398889,May 8 2007
89,89,"Acceptable two star I stayed place twice, quick friendly check in. Rooms occations small rather clean surprisingly good bed linen. Bathrooms came working primitive showers toilets. Good towels provided even toiletries. Neighborhood extremly busy loud bazaar area traffic drives crazy. Since taxi driver knows hotel, suggest print location map hotels web side. Personally, I prefered eat McDonalds around corner, Pizza Hut 300 meters away, really finding restaurant appealing enough. For cheap internet access even printers, place right next hotel.",0.18191964285714282,0.5022321428571429,Apr 18 2007
90,90,"You get pay (in pounds dollars As several visitors noted, mid-range priced hotels India. I American lived Bangalore almost two years find low end Taj properties, $150/night much choice between. The Hotel Clark International nice, narrow side street older part town. I appreciated pick service airport, even though plane hour late. The driver tried hustle travel agency almost immediately, needed time rest traveling companion feeling well flight. After hour, took one minute's walk Indian Tribal Tours (see review Delhi info). The dining room top-5th- floor, old elevator goes fourth floor, handicap-friendly. Check efficient. The buffet breakfast fine; omelettes could cooked order. There inside outside seating. I asked quiet room given small room windows. Actually, A/C unit window. The bit pricey India got, I'm going complain it.",0.013916666666666666,0.3040833333333333,Apr 16 2007
91,91,"New Delhi Great - basic great service. The bit noisy 7am- 7pm market, felt like India sterile 5* hotel.My two children loved great short stay Delhi.",0.4623376623376623,0.5667207792207792,Apr 15 2007
92,92,"Good service. Nice Place. Great Value. Clark International fine hotel. Our rooms clean. The room service quick food good. All staff pleasant.We took advantage pickup airport well trip Agra tour Delhi. The tours good pickup handy. The took care transportation tour arrangements moment landed departure. This extra cost, top room, well worth it. It made things easy enjoyable us. We would recommend anyone going Delhi days. There bit street noise night, reviewers said, tolerable.",0.3980555555555555,0.5225,Apr 15 2007
93,93,"Safe Clean Trying hard Clark International DelhiTrying maintain decent standard budget chaotic city. This clean, safe (at least us), services, fittings staff work, look rather tired, decent exciting food. Use locker valuables. There free mineral water, 15r minibar, supermarkets narrow doors sometimes basements major shopping street, one short block (where sundries cost next nothing).If arrive early UK flight room likely ready guests check serviced, need hang around restaurant, accumulating number guests is. Pay breakfast ~300r whilst wait, breakfasts transfers normally included, explained website seems accurate text, though pictures overly flattering, taken estate agents eye! We could discern advantage 'presidential-suite', apart marginally higher traffic, I'd suggest booking based ensuite/no-ensuite done it.Be prepared standard scary Indian driving practises pickup, management come airport train station board whilst driver waits (including meeting carriage later case) helpful take air-con out-early-late-back express (thoroughly recommended) Agra day. There probably couple mini power outages fluctuations day well, trip TV air-conditioning, normally last &lt;30s.The located odd shopping district Delhi small streets shops, prepared noise, dust, disorganised telephone lines, stray dogs dilapidated store fronts. It bit shock first stop India, rest city much same, huge jump cost better hotels gardens gates sheild this.There two metro station within short walk, Karol Bagh one head for, requires negotiating difficult junction. The useful slightly haphazardly scaled street named map. Its well worth collecting along business card order get back via Auto myriad streets. We find prepaid auto stop nearby hotel, plenty city centre help get back.The restaurant roof terrace gives good view urban roof top landscape, better worse - geckos whitewash, palm squirrels scampering parapets, kites circling smog, continual honking horns, inexplicable sirens, horns drums (depending date) endless dust. It's done Bamboo, nightlights waiter service tries best. The Indian style food better western, breakfast odd mix two.",0.0621279761904762,0.4479166666666668,Apr 15 2007
94,94,"Clark International -Good Hotel Budget Price Peter Goh: Hi There, first exprience Hotel Clark International, New Delhi, India. And extremely good. They provided good service beyond thoughts. The clark three star amenities five star facilities. I got pick-up time promised. Food really good,bit spicy like. Staff friendly. And one best interesting thing free wi-fi. Room neat &amp; clean &amp; specially beds &amp; linen. Finally enjoyed lot. My suggestion travellers: Avoid type reviews &amp; use exprience &amp; mind.Peter Goh",0.41984487734487735,0.4672871572871573,Apr 14 2007
95,95,"Clean safe well staffed. Pity noise... Although I'd concur reviewers comments regarding clean, well maintained well-staffed hotel, I can't really go without mentioning street noise, light sleeper would really struggle with. Hard blame worth pointing out.The pick-up service good appreciated given delayed arrival Delhi Airport I found hard-sell tactics pick-up regarding procuring guides travel tickets little tiresome arrived long flight. The staff however, efficient arranging taxis giving advice transport/tourist issues.Also worth pointing uninitiated, Karol Bagh (the area located) long way tourist sights Old New Delhi, although five minute walk Delhi's crowded otherwise excellent new Metro system (Karol Bagh stop). So airport pick-up makes even sense get grip geography place venture out.All all, worth money careful light sleeper!",0.16703192640692643,0.4678841991341991,Apr 10 2007
96,96,"The Objective Truth First order provide readers unbiased review, best start general context. First-timers India, especially travellers Europe US know India different place home, saying good, bad, beautiful, ugly, word different incorporates adjectives. My word India would spicy. When I arrived airport, I felt little disturbed, cannot compared Munich airport I left. The facilities looked much older, dirty place crowded colorful people. OK, I needed coffee urgently, first surpise schwarz coffee available, even think good espresso, I go nescafe. On way customs, driver holding sign name waiting (I requested complimentary pick-up). The trip adventure itself, people cooking cauldrons street, small cars motorbikes everywhere. The traffic busy, cars scratched people horn vigorously, fact, due fact I guess drive right side, buses see signs &quot;Keep distance&quot; &quot;Please horn&quot;. This habit pressing horn vigorously, I like, Clark hotel, I could easily hear those, ill-fitted windows. Well, first night bothered lot, second night on, I got used it. A words - situated near Khan Road (Ghaffar market) honestly busy area, dirt, small shops, street vendors, ugly buildings. The OK, reasonably clean staff friendly, I would expect 60-70 EUR night. There hot water first day, disappeared, came back. Breakfast was...OK.... I omlett, toasts butter....the rest I eat. I troubles finding good quality food. My Indian hosts, however, brought distant beutiful residential area, restaurant called Chopsticks - excellent place (I remember located Asiad Village)The computer room ppl reply e-mails, 3-4 young ppl I saw. Here I must mentioned picking Clark international, I hard times finding India, travel agent could help much. Later speaking Indian hosts, one suspicion confirmed - mid-range India European traveller expects. OK, Clark Internation really mid-range India, hotels area, fallen letters signs, really scared me. So, New Delhi shitty hotels, OK, like Clark International, good hotels, I later saw. The good hotels located around Counnaught place.......beatiful gardens luxury, available bit $ 300 night. Some names are: 1. Hotel Imperial2. Hotel Le Meridian3.The Park4. Shangri La5. Ashoka Palace5. Taj MansinghIt choice, people like walk dirt, charming markets bargain, however I got sick food water (no ice, bottled water), I three-day diarreah I came back home, I cautious enough. I saw beautiful palces (Humayun Tomb, Qutub Mnar, Sagrafang Tomb, Museum Handicrafts, India Gate.....), lovely gardens everything cheap.",0.17543274582560298,0.48165337043908496,Apr 10 2007
97,97,"Top class Infrastructure - excellent.Room &amp; Toilet - Spic n span, clean corners, pleasant colors, clean n comfortable bed, clean linen towels, well stocked mini fridge.Staff - Extremely friendly, cooperative supportive.Restaurant - good.Travel support - good in-house cars drivers. Airport transfer included.Location - centrally located. good shopping. metro station close by.Suggestion - Keep tissue boxes rooms.Downside - suitable arriving car, since parking facility.Overall rating - suitable travellers used international quality hotels.",0.3703125,0.5951041666666667,Apr 7 2007
98,98,Excellent Service - good value We stayed Clark 4 days. Bookings arranged directly - picked (even though plane delayed hour late) presented roses (a bit OTT still nice surprise!). Staff helpful check in/out smooth.Rooms fine - probably worth going one standard higher away street noise. There also local market one road starts 5-ish late (except Mondays) - useful picking nick naks getting quick deep fried snacks from. The 20 minutes tuk-tuk ride Connaught Place 35 minutes taxi airport.They organised car driver take us Agra tour - much cheaper tour operators area.I suspicion food brought kitchen side - room service always prompt good value money. The rooftop restaurant lacks ambience worth visit watch eagles swoop dinner - also get close land roof.The alcohol listed menus - still ordered bill!,0.25402116402116404,0.39470899470899473,Jan 16 2007
99,99,"nice stay The good , Rooms clean clean cloth covers, Over nice stay one night",0.4388888888888889,0.8333333333333334,Sep 7 2006
100,100,"value money I nice stay wife , homly &amp; clean environment prompt service great . value money.Staff kind helpful. We nice stay sweet memories.",0.5527777777777778,0.8333333333333334,Aug 30 2006
101,101,feel allright,0.0,0.0,Jul 29 2006
102,102,Excellent New Delhi Hotel,0.5681818181818181,0.7272727272727273,Jul 17 2006
103,103,Good fair price,0.7,0.75,Jun 8 2006
104,104,Clean serviceable comfortable,0.38333333333333336,0.75,Mar 13 2006
105,105,The pits hotel!,0.0,0.0,Jan 29 2006
106,106,I would strongly advise avoid,0.4333333333333333,0.7333333333333333,Jan 11 2006
107,107,Quite acceptible certainly luxury :-),0.19642857142857142,0.7857142857142857,Jan 6 2006
108,108,It's complete rip,0.1,0.4,Nov 16 2005
109,109,Clark Unfriendly,0.0,0.0,Nov 12 2005
110,110,Never stay The Clark International Hotel,0.0,0.0,Aug 14 2005
111,111,DÃ©cevant pour le prix,0.0,0.0,Mar 1 2009
112,112,?????????????,0.0,0.0,Feb 17 2009
113,113,??????????,0.0,0.0,Jan 12 2009
114,114,Un muy recomendable gran equilibrio calidad-precio,0.0,0.0,Aug 26 2008
115,115,Super Preis-Leistung und Top Service,0.41666666666666663,0.5833333333333333,Jan 20 2008
116,116,Un buen,0.0,0.0,Oct 24 2007
117,117,des gens peu scrupuleux,0.0,0.0,Mar 11 2007
