,Unnamed: 0,Reviews,polarity,subject,Dates_extracted
0,0,Delhi2 Not bad national capital.The rooms less well maintained well furnished.Kitchen also good.Location probably way.Food good enough choices.In short good value money.,0.29761904761904756,0.4619047619047619,0.4619047619047619
1,1,"""A Home Karol BaghDelhi away Home"" Hi! I business person Bangalore happy share experience stay Hotel C Pak Inn . Past 1 year visiting Delhi atleast 4 days month business. I searched decent karol Bagh finally I got C Park Inn throu friend. Almost year C park Inn became Home delhi away Home. After days business meets relaxed feels I home hotel. The Manager Mr.Udham Singh kind help guests amazed see way conducts foreign tourists. I must tell Staffs Ashok,Praveen Ravi , pleasing guys assit without hesitation.Staying peaceful pleasant experience me, simply luxurious reasonably economical price.I wish best keep going C Park Inn!",0.3322727272727273,0.6423160173160173,Nov 24 2009
2,2,"Good Midrange Hotel In New Delhi Despite several inconveniences stay (no toilet paper room, hot water evening unless ask beforehand, air condition room 206 noisy, I bedsheets) I still recommend people stay here. I stayed 4 days. It located well Karol Bagh services get management/staff good. They advise firm tone travel advices etc - feel giving particular advice order make rupees (which something I often felt talking staff India).",0.14096969696969697,0.4032878787878788,Nov 22 2009
3,3,"A great I stayed reading reviews Trip Advisor. The rooms really clean. The staff real friendly knowledgeable, helped arrange various tours day trips throughout stay. I would definitely stay again, question.",0.3458333333333333,0.64,Nov 19 2009
4,4,back future A good budget hotel.Very nice manager en staff.Are helpfull.Shops close also metro station.You book trips hotel.The manager give good advise.,0.36666666666666664,0.4375,Nov 1 2009
5,5,"Great Hotel! There many hotels Karol Bagh, Delhi, India. The C Park Inn one best! The rooms clean &amp; comfortable. The staff frienbdly &amp; helpful. And can't beat price. This SECOND stay I plan stay I return India. I give C Park Inn best recommendagtion!",0.5583333333333333,0.46749999999999997,Sep 21 2009
6,6,"Very comfortable convenient stay This clean comfortable, good facilities helpful staff. I travelling India, visiting various cities, experience staying far better places. There hassles, staff helpful friendly, issue checking early. They made business trip less pleasure!",0.27643939393939393,0.5765151515151514,Jan 29 2009
7,7,Mehr kann man fÃ¼r das Geld Delhi nicht erwarten,0.0,0.0,Nov 7 2009
8,8,opinioni sull'hotel cpark inn,0.0,0.0,Sep 27 2009
