,Unnamed: 0,Reviews,polarity,subject,Dates_extracted
0,0,"Well kept place far action (other Baha'i temple) Despite poor reviews place overall decent place stay Delhi. They cater business travelers, also take good care regular tourists. THe breakfast nice rooms well kept, clean, date, comfortable. The room service tasty cheap.",0.17371794871794868,0.5629684418145957,Aug 7 2009
1,1,"PMP Training Recently, joined course PMP Training, tpo provided Evayaa Gnosis. 4 day training 9:00AM 6:00 PM. I bad experience hotel.Services food quality poor. Even, know training, shoulld disturb conference room. construction/ modification work going on.THAK.. THAK .. (very much sound.. Terrible)even aksing manager many times stopped work. 6:00 PM calss running upto 7 PM worried disturb class, like please vacate place time over.So behaviour rude..this go stay conferenec training...please avoide",-0.039999999999999966,0.4833333333333333,May 4 2009
2,2,"UNPROFESSIONAL NOT RECOMMENDED We booked rooms clients January 2009. We canceled one room 4 days prior arrivals requested money back. The General Manager mails confirmed refunds would sent back 7 days. We still waiting refunds seems possibility Money coming back. Absolutely Unprofessional, Rude Selfish Management!!",-0.063125,0.41,Mar 18 2009
3,3,"Avoid !! 1. Upon arrival discovered magnetic card machine order taken rooms using master card key. This inconvenience.2. The main passenger lift mostly order stay. This major inconvenience.3. The stair well ill lit.4. Front desk staff guide towards rent car's four times fare, rather advising find taxi. 5. Bathrooms small shower stalls badly, almost dangerously, designed; allows water stream make whole bathroom wet slippery.6. They check emails often, ask office forward messages them. They check fax machine, good luck sending fax India. 7. You'll cheated money exchange rates. Any 5 star hotel's change counter give rate 10% better. 8. The replied written comments.",0.013782051282051268,0.5769230769230769,Feb 23 2009
4,4,"Good value good location I find international business hotels India outrageously priced get. The Muse reasonably priced alternative good location. The rooms modern clean. Breakfast Wifi complimentary. On whole staff friendly helpful. Yes, facilities international finish sometimes slightly rough edges... quick business trips fine. I stay next trip India.",0.21197916666666666,0.45000000000000007,Feb 20 2009
5,5,"Perfect short comfortable stay Delhi We stayed Muse one night part tour India. I previously India 10 years ago I really apprehensive stay. The Muse first stayed part Golden Triangle tour I worried reason.The modern Indian standards looks like boutique I would find Europe, I say I impressed.Upon reaching hotel, doorman opened door us pleasant surprise, taken coffee shop offered cold drinks whilst checked in.We triple room spacious us bags. The bed one comfortable India shower divine. The thing I would mention probably ladies, mirror next power point, made straightening hair bit challenge. This minor point though, overall thought fantasitc value good base see Delhi from.",0.19087719298245615,0.5398245614035088,Dec 9 2008
6,6,"Muse: credible alternative pricey hotels I stayed recently Muse. Very modern. Courteous staff. Efficient front desk. Free wifi breakfast. About 16-18 kms airport Nehru Place. It may bit far traveling Lodhi Road neighbourhood plan day minor inconvenience. The room I stayed king bed. It spacious, delightfully clean, murky smelling carpet, plentiful lights, flat TV, room safe plasma TV. Was refrigerator&gt; I sure. The bathroom great shower area (I felt relieved tub), speckless marble walls floor. The room looked felt better renovated 5***** hotels New Delhi. Beware though stay hotels may feel pleased stay here, looking short stays, exceptionally clean comfortable room find deal. You reach directly via email reservation @musedelhi.com website.",0.2668903318903319,0.6170683020683021,Nov 12 2008
