,Unnamed: 0,Reviews,polarity,subject,Dates_extracted
0,0,"Use last resort--- Some pros cons. No hot water. Beds room okay, bathroom clean. Three agressive bell boys insisted helping two bags upon jet-lagged arrival wanting tips. Had trouble AC. Breakfast adequate. Desk staff helpful. Don't stay unless to. Not good experience.",0.075,0.46428571428571436,Nov 14 2009
1,1,"Excellent triporganizer! Me husband stayed coincidence two nights august 2009. The situated good location, far anything driver (we one hotel) use three wheelers. The staff helpful friendly! We also got know owner; mr. Naresh (Pintoo) wanted book train tickets Agra. The whole thing ended advising organize 13 day trip Rajasthan car, driver, hotels ,and guides cities. We got see much India would expected see, grateful for. Our driver Kashmira excellent driver good helpful friend journey. We would absolutely recommend triporganizer everyone wants see India!",0.41741071428571436,0.5785714285714285,Aug 14 2009
2,2,Trip great! The Madonna well tours services offered fantastic. I travelled mother nervous picky travellor even liked it. The clean staff somewhat efficiant want make stay happy possible. It highly recommended comfortable easy stay New Dehli!,0.3671212121212121,0.7044065656565657,Jun 26 2009
3,3,"Perfect week good service friendly picp-up airport excellent driver directly hotel. Very good welcome nice hotel. Direct communication owner wich tell lot india. If wanted arrange fixed prices day trips treated like guest way. For people like arrange much home trust arrange reliable transport (best driver DEEPAK!), stayings sightseeing. Me one friend really expectations advance happy booked almost randomly. It turned one best choices could made. We visited india one short week seen much, Delhi, Jaipur Agra really incredible!",0.47488095238095224,0.5430952380952382,Jun 15 2009
4,4,"Modest rooms great staff! My wife I stayed Hotel Madonna three separate occasions traveling cities India. We really liked night manager, Tripathi taxi driver, Kashmira. They fantastic generous made stay nice one. I must say modest one chose I thought close airport, least 30 minutes away. They offer free pick airport free breakfast made order delivered room! The rooms clean comfortable staff could nicer. They became friends.",0.35180555555555554,0.7604166666666666,Jun 11 2009
5,5,"Excellent stay affordable rates Found staff owner, Mr Naresh, helpful really enjoyed tour organised Agra Jaipur. Will definitely recommend.",0.425,0.625,Jun 10 2009
6,6,good money stayed 2 nights whilst taj delhi sightseeingthe arranged pick airport everything went smoothlywe tours thro worth every penny driver excellentonly problem many places eat around found little veg restaurant road superb thali Â£1 restaurant ........... well arestaurant really fetch food least say ultimate indian takeaway lol seemed odd sat waiting meal see man run carrier bag food good long wait whilst fetch wherever staff helpful especially managerwe upgraded luxury room large clean luxurious hob ti supposed,0.22042410714285718,0.5424107142857143,Apr 27 2009
7,7,"Affordable honest friendly We wonderful time thanks Mr. Naresh provided us excellent services, professional nice human making us feel like home.George &amp; Helene Lazar",0.48812500000000003,0.60375,Apr 25 2009
8,8,Cheap Clean central This good clean right good location main attractions Dehli. The staff brilliant helpful polite. The price reasonable. I would stay return Dehli.,0.395064935064935,0.5908225108225108,Feb 28 2009
9,9,"Naresh (owner) gets rave review The car driver (complimentary) waiting us airport complete sign. Naresh also arranged car driver tours Delhi, Agra next two days. Puri, driver, probably best driver India, plus also knowlegeable, professional. Puri (on time) end long day chauffeured us great restaurant.We also appreciated Naresh's friendship offering office computer us anytime could try find missing luggage well track cruise ship could longer come Mumbai attacks.We found staff friendly helpful. The beds king size, room clean. We always hot water air conditioning.Thanks Naresh Puri.Teddy Ed Edmonton, Alberta, Canada",0.27694444444444444,0.4150000000000001,Jan 19 2009
10,10,"It ups downs Well stay decent. When arrived told us go got cab arrived hotel. When arrived said triples sp upgrade suite, thought great,we got suite. It turns room so-so, refrigerator, hot showers. At night lot street noise one mourning outside parade 6 a.m. All things tolerated went ask towels said &quot;we'll bring you&quot; could get tip one guy sat outside door got one. The location so-so really near anything. They wi-fi (not room), cable tv, way restraunt sucks, ordered ran got different restraunt! Overall find better place, us last resort",0.02592592592592592,0.3337962962962963,Jan 5 2009
11,11,"Smashed :-) Had brilliant stay comfortable clean provided everything needed including brilliant sightseeing tour Dehli key highlights Rajasthan. The staff best warm personnality.Again awesome much stayed returned Rajasthan tour. The location spot right part town close sights conveinence ATM's, Banks, Shops ... thoroughly recommend staying Delhi.",0.5593073593073593,0.7396103896103896,Jan 4 2009
12,12,"Great Place Stay We referred tourist desk arrival Delhi Airport. At warmly welcomed staff interacted directly owners. This personal touch led us plan trips mountains North desert area South. We obviously use base stay travelling done really enjoyed coming &quot;home&quot; long trips away. The rmarkable hospitality caring attitude staff management, especially speak understand local languages. The rooms well appointed comfortable. Being fussy ablution facilities felt home neat superb facilties. The ideally situated travel around Delhi well good departure point get involved hustle bustle traffic congestions. I would definitely refer travellers Delhi planning point tours. The also operates tour company well mannered drivers know routes adn advise places visit purchase gifts etc. I would definitely use future, also competitively priced.",0.24166666666666664,0.5819444444444444,Dec 2 2008
13,13,"Highly Recommended My wife I returned trip India started ended Hotel Madonna. The hotel, especially rooms, clean fairly quiet, liked place staff, helpful genuinely friendly. The owner, Mr. Naresh Bhattia, also able provide advice services travel part country, us meant Agra, Jaipur Pushkar. He set us superb resourceful driver also turned great traveling companion kind bridge India otherwise might never seen, hotels booked least par Madonna, case Pushkar, real gem. All foregoing reasonable rates. So hesitate recommend Hotel Madonna wonderful cast characters, starting Mr. Bhattia, Mr. Singh night desk Protap Singh, driver friend. Mr. Bhattia also booked flight Delhi Kerala turned cheaper booking directly US.",0.352719298245614,0.6499122807017544,Nov 20 2008
14,14,"Loved The Hotel nice clean. The services excellent. People helpful, need something always there.The thing need upgraded shower. Otherwise happy stay Hotel. The train nearby nice ride in. The Hotel tour trip want see part New Delhi. The Hotel provided us tour pkg. included car driver Jaipur Agra Taj Mahal. The Hotel way excellent. We problem all, everything arranged well. The Hotel helpful. We anything even city gave us car tour city. Tourist Canada Nov/2008",0.4755735930735931,0.7306818181818182,Nov 13 2008
15,15,"Hotel Madonna good choice The Hotel Madonna mid-range Delhi experience good choice, helpful friendly staff.This second time I stayed here. I picked airport free charge 03:00 morning - efficient.My previous complaint wireless internet more, also free-of-charge feature hotel. The manager even spare GSM card emergency guest use, connection fail (which six day stay).Importantly 10 minutes walk metro 5 stops station Rajiv Chowk/Connaught Place, means one get around easily.Frank",0.12348484848484853,0.3878787878787879,Nov 10 2008
16,16,"Avoid We booked stay Hotel Madonna Expedia, prior consulting print travel guide India. The lobby pictured, room given nothing like websites. The room adequate, definitely NOT worth price. The surrounding area far removed many tourist sites, really area want explore foot. We asked complimentary internet access, staff unable get computer running Windows 95 work--they kept checking cables turning on. There much better places stay Delhi. Avoid Hotel Madonna overpriced desirable location.",0.10925925925925926,0.4037037037037037,Nov 7 2008
17,17,"Lucky know I customer since last three years madonna, first time I visted india I familiar india. I along wife India treatment purpose. worry could treat us?Realy owner Mr. Narish open mind nice person. Apart clean people working polite owner alwayse asking need help travel inside India arranging trip outside Delhi comportable price.After visited Delhi four time, became us like house, house friend.",0.21624999999999997,0.5433333333333332,Oct 30 2008
18,18,"Great hospitality! We stayed Hotel Madonna major part stay India. In between, made trip Jaipur Agra organised hotel. It great trip, friendly driver good guides!The looks good, nice clean rooms good facilities. Breakfast time, close metro central places Delhi.The owner friendly really made us feel home here, arranging whatever wanted time. Thank great time India!",0.5787820512820513,0.643076923076923,Oct 25 2008
19,19,"Loved maddona We warmly greeted airport,by driver charge.,Taken directly hotel. Greeted Mr.Singht manager, asked I wanted dinner 24 hr. flight words I wanted hear. After dinner escorted bellman [Sanjay] room immaculate clean western amenities including A.C. Staff accomodating requests I fufilled,even I left I offered business card, Staff always concerned wanted make sure I always knew way back.I pleasure meet owner Mr.Pinto truly gentlemen even sat show city center directions popular places town. Many Thanks staff Hotel Maddona",0.2785470085470086,0.45290598290598294,Oct 20 2008
20,20,"Dont Book Here!!! We contacted days before, would need picked trainstation 10.30pm. We done wanted safe ensured us would problem!! Once arrived 45 minutes waiting phone told us get taxi would cover cost. Once finally arrived hotel, manager rude proceeded argue taxi driver try get us pay. He tried following morning wanting check out. By wanted go bed. When finally got room horrible!!! Large ants floor, dirty bathroom, towels rubbish corridors. Couldnt wait get there!!!",-0.15944642857142857,0.5833571428571429,Sep 24 2008
21,21,"Excellent inexpensive clean friendly I coming India business trip (it first time India). Before trip I started look accommodation New Delhi discovered choice basically expensive five star hotels one star hostels/hotels. Nothing between. I could find anything would match European 3-4 star standard price range. Additionally, I planned take couple days India see country. So I needed private tourist programme arranged hotel. I almost gave finding something reasonable money colleague recommended Hotel Madonna. I staid Hotel Madonna happy choice. I also sent couple colleagues Brussels equaly happy price, quality, service. We good experience Hotel Madonna. The arranged accommodation, airport transfer (I arriving middle night New Delhi Europe flight 3-hour delay, nevertheless someone still waiting airport bring hotel), also arranged tour programme personal driver tour guide. I meals hotel. The accommodation good European 3-4 star standard. All provided reasonable money. I would certainly recommend Hotel Madonna back again!",0.2582783189033189,0.4566188672438672,Aug 20 2008
22,22,clean Just kept seeing cockroaches.,-0.18333333333333335,0.7000000000000001,Aug 15 2008
23,23,"Unpleasant stay Rooms dirty, staff unfriendly. I know I expect much fulfill lowest standards.",-0.35000000000000003,0.65,Jun 8 2008
24,24,"Hmmmm We booked knowing much Delhi. It turned quite expensive got although location pretty good, noisy street, India. The rooms carpet filthy quite frankly carpet anywhere India bad idea. Staff friendly enough, breakfast staff limited english breakfast average......I think I would stay",-0.013988095238095239,0.49603174603174605,Apr 7 2008
25,25,loved complimentary cookies picked airport taken hotel...delightful!!Check-in quick easy. The owner thelobby..a nice gentleman. He made arrangements fora car take us Agra..the charge hire wasnot bad. The driver nice helpful. Enjoyedthe complimentary cookies every evening!Would certainly visit again.,0.32899470899470906,0.7079365079365079,Feb 18 2008
26,26,"Great ideal location. Hotel Madonna Delhi convenient Delhi landmarks. The staff great, literally waited us hand foot arranged trips, included Agra Delhi sights. We made comment great biscuits found room evening returning evening prior departure owner send us two boxes biscuits each, six boxes three people, impressed!",0.6428571428571429,0.65,Feb 17 2008
27,27,"What DUMP! Arrived middle night taxi, expensive rider, operator reservation, put us room, dirtY, smelly, slept top bed someone already slept sheets. Had help luggage, would leave tipped tipped well!Bathroom small, could, sh_t, shave, shower one position could anything else! Supplies limited little toilet paper, soap, one wet towel.Checked early, take credit cards...what told, cash...I paid $60 friend paid $100 bills hand.In bad area.....STAY AWAY!",-0.1883470695970696,0.5338095238095237,Jan 9 2008
28,28,"Great friends there! The staying nice; clean place. But especially, Naresh, owner, greatly wonderfull friend made days Delhi safe, really nice trip.",0.5523809523809524,0.8142857142857143,Jan 3 2008
29,29,"Not place recommend The Madonna reserved us travel agent, reputedly 3* hotel. We arrived late night (2am) thankfully people awake. Two guys brought bags up, stayed room tipped. I INR 100, porter said, &quot;that small tip, 500 large tip&quot;.. Well, indeed, 100 ever tipped India, definitely way much.The rooms bit grungy, bathroom definitely mess, although shower allright (warm water wise). The beds hard, rooms incredibly noisy. I must say feel bad people trying sleep arrived. Breakfast included, first tried get us pay breakfast, pointed fact included, withdrew bill. The breakfast got well, plain toast, en egg, lot water seemed.Definitely something would every recommend anyone arriving Delhi.Especially bad marks rude, tip minded staf. We left passports reception copy, next morning 7:00 woken reception phone, needed passports (we arrived 3 am)..... After reminder already passports, nothing heard.",0.04229166666666669,0.506577380952381,Jan 1 2008
30,30,"way! overpriced. trip advisor help Delhi no. boo.true: adequate, kind of...but 100$ night, paying 3-4x would similar quality Paharganj. (!)staying means burn cash decent pretty rotten neighborhood.Delhi tricky -- i've stayed 8 hotels budget level, TripAdvisor (which invaluable Kyoto saved life Beijing) useless. LonelyPlanet came lot closer helping.You get decent room, work 30$ night Paharganj, central madonna. The madonna staff particularly friendly -- gave travel advice, help feeling like scamming (a pretty constant feeling delhi, everything barter -- gets old). (The madonna staff always trying discourage talking others travel needs)Delhi budget tricky -- done -- location pretty important (you spending much time room, anyway...) Noise smell two things wary delhi room -- madonna both. sweage smell (not bad others i've stayed in) - constant din street. i've stayed worse (though fifth cost! 20$ night) -- i've stayed places doors thin hear staff talking night (oddly common experience Delhi)But buyer beware -- TripAd reasonable options delhi (isn't india supposed cheap?) mean exist. Look elsewhere deal inside info. LonelyPlanet's good bet.",0.05108024691358026,0.6069444444444443,Dec 19 2007
31,31,"Clean Stayed Hotel Madonna, ideal location see real Delhi. It clean safe Delhi standards food acceptable. The located near metro great service, low cost, 10 mins walk hotel. Regarding clean sheets towels provided every day. Try marsala omelette tasty also beer chilled welcome day saying helpful people!!! approach connaught place . Helpful staff please small change first arrive friend | got caught , tip less 100 rupees probably enough carrying bags room.Noise major factor please bring ear plugs get sleep. Certainly tourist hotel.",0.2827050264550265,0.5339682539682539,Dec 19 2007
32,32,A decent Delhi A decent Delhi reasonable price. Clean comfortable. Near Metro (5-10 minute walk) accessible much Delhi. In lively neighborhood shopping opportunities around. Just two doors fast inexpensive internet cafe. The staff helpful friendly. Also particularly attentive: took passport I arrived failed return I checked costing hour (could worse I hadnât remembered). Breakfasts good one dinner I good.,0.14578282828282826,0.5574836601307189,Nov 20 2007
33,33,"New Delhi Experience Found contact Delhi airport wonderful experience turned be. The rooms comfortable service excellent. We also able avail excellent service Naresh Bhatia organising driver toshow us sights Delhi tour Agra Rajasthan 12 days knowledge second none experience booking everything including private taxi, knowledgable driver Ramesh city guides ensured ha athoroughly wonderful time. We travelled back Delhi stayed Hotel Madonna going Amritsar yet service provided excellent organisation flights trains including pickups hotels etc... After marvellous experience returned Madonna conclude stay returning Goa. We would definitely recommend services Naresh wishing excellent visit Delhi afield.",0.5111688311688312,0.6753246753246753,Aug 18 2007
34,34,"Our Great base Delhi At end June partner I returned lifetime trip India. Our first final 2 nights spent Delhi stayed Hotel Madonna. As warned would difficult find good hotels Delhi (not including luxury ones), struggled find option hotels Delhi felt comfortable within price range. We finally settled Hotel Madonna, looked okay web. Upon arrival, 2am morning warmly welcomed night manager 2 people assisted bags. Although booked 'Luxury Deluxe' room really bit worried expect , however happy room. It good size, bright, importantly clean. We also airconditning, fridge International TV channels. Also favour, found convenient travel sites wanted see. Staff always friendly nothing ever much trouble. And spent 10 days travelling parts India returned nice come back Madonna last 2 days!",0.24871794871794875,0.5624999999999999,Jul 4 2007
35,35,"Nothing write home We recently stayed 4 seperate nights made reservations advance.The room seemed clean bug free, although sheets stained. The bathroom smelt rather musty, although itdid look quite clean. Both toilet paper towels shortsupply, one handtowel supplied (on one occassion clearly changed dirty wet!),On upside, owner manager (I quite catch which) helpful provided us map Delhi, ran ofthe key attractions directed us nearby subway. Other staffwere also attentive, ringing ask needed drinks bringingetc. On downside, constant attempts overcharge room service etcwas wearing cost taxis booked extortionate (at 5 times cost getting one directlly street without bartering!). If stay check bills carefully use either nearby subway taxi rank end road (out turn left walk straight end street) transport.",0.04416666666666669,0.524537037037037,May 26 2007
36,36,"Didn't like We went expecting &quot;unexpected&quot; given mixed reviews, brought sheets towels, came handy, sheets dirty towels much better.The general clean, restaurant underground odor helpers nice. The location bad, 4 blocks away subway/metro station. Keep mind metro/subway cover much Delhi.Our experience:Upon arrival, 13 hour flight, front desk guy welcoming, already concerned next-day plan's.We saw couple people walking bottle mineral water, figured leave everything room go get own. On way out, again, receptionist asked plans next day. We walked street (to right), beat sidewalk, taken vendors anyway, found little tour store, used everything. Read why:The next morning, thing, firm said wanted explore foot, okay, can't really get many monuments subway/metro (I recommend bus). At night, decided take driver ever concerned receptionist go dinner, Intercontinental, charged us 400 rupees, paid checked out.Two problems there, first way overcharged us, used office listed above, check tried VERY hard charge even more. So, spending $65 per night $85-$90 places close Connaught Place, bother trying save extra bucks.Pictures come...",0.11948823207443897,0.4440955117679255,May 25 2007
37,37,"A god place stay Delhi A good Delhi, clean rooms,excellent service, friendly helpful staff. The manager, Mr. Bathia friendly top arrange usn wo9nderful trip Agra Pushkar Jaipur, offering us best price hoytels good standards also helping us transport along stay. recomand need stay Delhi.",0.4918518518518519,0.5755555555555555,Apr 7 2007
38,38,"Cool decorations loud pesky staff We found place via website, makes look like fairly hip, jazzy location. While exterior decor fact cool, Hotel Madonna disappointed many levels. Overstaffing India common (to provide jobs), every time came went, different guy grabbed bag - meaning four separate tips. On one instance, I anything small tip one porters (who also charge delivering toilet paper), I told I'd tip later; guess ran TP?The location way neighborhood truly India - loud time, plenty honking keep awake night. Compared place stayed Bombay (thicker walls), like sleeping rock concert. The bed uncomfortable, bathroom fairly grungy. They internet connection, speeds 1992 levels. They threw free breakfast (mediocre) set driver day repeatedly lied us took us &quot;the open restaurants&quot; Delhi made take us one guidebook magically open well.Bear mind, stayed three weeks India, getting pretty sick tourist exploitation goes there. Still, lot better Hotel Madonna - everywhere else stayed India.",0.041017316017316015,0.663961038961039,Apr 6 2007
39,39,"My first contact India. I Delhi last year, first time India. I little bit afraid going alone I arrived aerport guy waiting brought hotel, hour strange city pleasant. The owner, Mr. Pintoo helped first days, learned India NOT do. Leaving Delhi, helped reach every place I wanted visit. The located near metro, usefull see city. I'm going back months, can't wait!Bernard",0.11275641025641026,0.37820512820512825,Mar 30 2007
40,40,"A wonderful place stay Delhi One year ago I taled hotel, last year I came Delhi stayed hotle. The hostility really wonderful I decided come back wife. So time I came wife Mr. Pitoo arrange womderful trip Jaipur Agra really wife I enjoyed stay. The hotle locted colesed market place suitable go site seeing. The evey important thing hotle clean staff kind guests.Thank much evey thing, India second home Ethiopia.",0.41055555555555556,0.5605555555555556,Mar 27 2007
41,41,"Not bad Delhi pretty hard place get accomodations $100 reasonable. Considering this, Hotel Madonna bad, $81 including taxes breakfast. They honest us, manager (Naresh) good making reasonably-priced car travel arrangements us. The area also nice, many tourists around attract touts &amp; beggars, plenty ATMs shops (bottled water, cell phone SIM cards, etc...). They picked us airport arranged, even though flight delayed 6 hours arrived 4 AM.The downsides? Not cleanest ever stayed in. Street noise loud (Indian street noise whole different level west...). We call reception every day towels toilet paper. Restaurant best avoided.",0.28099999999999997,0.6303333333333333,Mar 4 2007
42,42,"Do stay here! Everything started OK - phoned ahead time, got rate USD ($92) arranged pick-up, I arrived. The people nice enough, I got sense would try deceive me. Sure enough, check-out time, attempted overcharge me. Once I pointed mistake, quickly rectified it.The breakfast included, nothing special. The dining room subterranean smelly. The room clean, basic, bathroom direct opening outside night I got use bathroom, *bird* inside bathroom - nearly scared life me!There dearth good midrange rooms Delhi. Try India Habitat Centre find someone membership.This western standards, avoided possible.",0.23714285714285713,0.5181878306878307,Feb 28 2007
43,43,"Good value modern Having read number reviews Delhi hotels negative aspect, dated rooms, moody staff, poor location poor value. The tripadvisor reviews seemed okay booked 4 nights via internet.Other autorickshaw ride away centre (3-4km) real restaurant alternative imediate vicinity pleased hotel, rooms clean well equiped modern matching furniture, everything worked including tv reception first India several weeks traveling. The small restaurant food okay reasonably priced. Also 500R+ cheaper poorer sounding alternatives Connaught Place.Overall happy hotel, money saved covered costs autorickshaws town. Also Karol Bagh market area, wih indian western restaurants, 10 minutes walk, metro station provides pleasant alternative bargaining fares rickshaw drivers gives direct access Red Fort, New Delhi Station Connaught Place.",0.1907114624505929,0.4980237154150198,Feb 20 2007
44,44,cheap budget The good restaurant poor standard every time entered smelt really bad; hygine top list. However tour organiser good enjoyed tour. room clean basic. If visit delhi aware profit making scandles guide taxi driver usually make money.We came across guide would let us go wanted go kept taking us places wanted forcing us buy things want buy.,0.17222222222222225,0.47430555555555554,Feb 20 2007
45,45,"Very good mid-range option Service excellent owner, Naresh, helpful. Very good rare mid-range category Delhi. The location Karol Bagh station, convenient get various places (Old Delhi, Connaught Pl., etc.). Room clean, try get room back noise rooms facing street (also I first floor).",0.41466666666666663,0.5703333333333334,Feb 7 2007
46,46,"decent mid range option There lack mid-range hotels India, seems $20-$25 hotels $200-$250 hotels. The Madonna fair attempt mid range option. Pleasant enough rooms, free (but slooow) Internet, complementary breakfast possibility walking metro station positives. The ownership one 100m away Sheraton type name (but part Intl group). The staff friendly helpful I unable print Expedia voucher I made error entering email address. You get rather hard bed I found elsewhere around Delhi. I cold spell early January room cold, lack heater, draught windows intermittent hot water shower meant something cold welcome. However heat rather cold would issue year.",0.03968253968253969,0.6273809523809524,Jan 15 2007
47,47,Sale bruyant et tres cher,0.0,0.0,Jan 2 2009
48,48,Angenehmer Aufenthalt,0.0,0.0,Sep 26 2007
