,Unnamed: 0,Reviews,polarity,subject,Dates_extracted
0,0,"I thought Prince Polonia excellent money I stayed two ends trip Nepal India August early September. I found staff accomodating helpful. Ok, obviously looking tips way pushy it. I surprised good breakfast I even offered delivered room. I found room clean comfortable and, single woman traveler, felt safe there. I stayed various grades hotels Delhi plan stay next trip. Its location main street meant noisy some. And I room right street.",0.31317460317460316,0.5355555555555556,Nov 3 2009
1,1,"Not Trust Worthy Service Provider Hi Guys, I writing negative review buzz advance think stay hotel. I visited chosen super deluxe, I went shop Paharganj. When back saw expensive camera lost. I asked Manager call police denied Call miss behaved putting false allegation. I lost trust completely.",0.02083333333333331,0.5833333333333333,Sep 29 2009
2,2,"Not great start trip On arrival Delhi really want head. The fairly grotty basic. It's difficult find decent budget accommodation Delhi I really recommend paying bit find quality greatly improves. We mainly chose location near station advertised pool. Both turned extremely dirty horrible. Didn't feel safe.We used travel desk advertised book train journey onwards driver take us Agra day. After spending weeks India obvious ripped us off. The car taken dirty, much like owner. The driver kept stopping car disappearing whilst leaving us windows (was none keen switching a/c) people come harass us monkeys! They also added Â£10 service charge booking train tickets us. Unbelievably sly!!The restaurant roof nothing special whilst sprite I served evidently sprite, anything fizzy nature. We also never got included breakfast.It really worst place stayed trip. For budget accommodation good value money.",-0.07537367724867723,0.5556382275132274,Sep 23 2009
3,3,"Great location rooms food. Delhi hard place find good accommodation Prince Polonia held us. It quiet street (quiet India standards) seconds hustle bustle need. The rooms clean, large quiet (worth paying little extra deluxe, try room 401 roof top). We use pool nice option rooftop restaurant surprisingly good, quiet retreat. No beer sale, I think let buy drink roof. The arranged pick airport us 3am relief.",0.2723214285714286,0.558531746031746,Apr 20 2009
4,4,"A good choice central Delhi The central staff helpful. We used onsite travel service organise car driver weeks trip Agra Jaipur - good service excellent drvier. The room OK rooftop restaurant bonus. The street quiet stayed I'd pack earplugs case! Would I stay again? Yes, many many places lot worse!",0.32818181818181813,0.573939393939394,Mar 4 2009
5,5,"Good location great rooftop restaurant We chose Hotel Prince Polonia close proximity New Delhi train station, affordable rates good reviews got Lonely Planet authors travellers. The reviews decisive factor hotels considering multiple comments travellers getting ripped checking out. We're happy say problems Hotel Prince Polonia. The thing bothered us never returned passports room promised obtaining necessary information records.Rooms simple comfortable, great wanted quiet place sleep without pay frills western style hotels. We found inside rooms much quiet facing street. This significant since main road market road busiest 5pm 9pm. Unfortunately, lack windows inside rooms deprives enjoying sunrise sunsets.The two useful features us free internet access rooftop hotel. The rooftop Indian continental dining options, good prices courteous service. We always ate Indian fare (which seemed surprise server first made really happy serve us), retrospect probably best meals trip.One thing like guy front desk particularly pleasant. He seemed respond reluctantly questions, least never rude.The taxi service convenient drivers always friendly.",0.24880562380562377,0.5567723567723567,Jan 4 2009
6,6,"Mixed Bag Having stayed Prince Polonia three seperate occasions last two years three seperate rooms I feel uniquely qualified comment place.The first time stayed around 18 months ago good stay. The rooms clean, location central, majority staff helpful food palatable.Around month ago stayed similar experience, although said manager (the son owner I believe) miserable git extreme habit speaking staff though scum.At end trip (about week ago) stayed again.We seperate rooms time partner wouldnt stop coughing. This time room terrible. It dirty found cockroach running about. What's large rodent poo bathroom sink bathroom floor. When I phoned reception sent someone cleared claimed rat back...hmm. I insisted get another room grumbling shouting boss staff made switch. My room contrast nice $8US more, big clean bathroom good aircon rat poo roaches.In conclusion, going stay make sure spend little get better room. Ignore miserable manager who'll best spoil stay instead talk nice older man (his father owner?) younger guy travel agency reception friendly helpful booked us train tickets phone UK.Oh, guarantee pool water it, seems change daily basis.PPS visit little family run shop road kids greatest salesmen walk away stuff even know wanted....",0.15497835497835497,0.5894179894179894,Oct 9 2008
7,7,"Clean quiet street I made reservation email called confirm I traveled. The staff helpful, let us check early since room ready. It little pricy compared rest hotels area, clean relatively quiet street. It great first two nights India.",0.21064814814814817,0.49444444444444446,Jun 19 2008
8,8,"Don't believe others. They Lied Twice I traveled throughout India extensively use horrible situation Delhi. Upon seeing ranked high trip advisor I thought I'd give try. I booked two nights month apart. The first night April 27, 2008 I arrived room I requested, even though I booked week advance e-mail confirmation I asked see several rooms ended take lower grade room. Then tried charge expensive rate. This first night room ok. Not cleanest Delhi standards okay. The main problem came second night, June 1, 2008. This time me, wife three kids sister law. We booked triple room two weeks advance. According website room supposed balcony, bathtub, 1 king bed 2 twin beds. When arrived I ask see room first. They took small room two beds bathtub. Needless say I argued manager almost hours wife three small kids waiting lobby.. They eventually gave us room three bed balcony still bathtub. In 10 rooms showed bathtubs. I think any. The room clean. Broken wall fixtures. Dirty bathrooms. There even still trash bathroom previous occupant.. Piles dirt dust behind bed make feel safe let young kids play gritty floor. We booked three nights decided change hotels. The manager staff rude refused come look website stated I had. I even presented e-mail communications manager stating I booked. Basically trust manager lied several times. We switched Grand Godwin far great. I would recommend never stay again.",-0.006075268817204302,0.5331720430107525,Jun 2 2008
9,9,"A good introduction india This place clean staff helpful. Rooms basic biut comfy tv air con.we organised pick airport arriving Delhi quite late, staff reception great, getting us fresh water food arrival.we got locked bathroom first morning, quickly got handy chap fix that.The rooftop Restaurant lovely, breakfast included price choice indian continental. The located near main bazaar train station, get rickshaw connaught place - beware though take emporiums unless give exact location.the travel person attached really helpful arranged trip agra us quickly. free internet access also plus place.",0.3111111111111111,0.5161111111111112,May 28 2008
10,10,"Good one convenient area Had super deluxe room, comfortable quiet enough good sleep pretty spacious. The staff mostly helpful, except one missing wake-up call, attached travel agent. Could help book train ticket, much appreciated since managed get one Agra back Delhi even booking site I checked said full.A minor complaint porter constantly looking 'help' get tips.",0.20888888888888893,0.4522222222222222,Apr 2 2008
11,11,"Good value Parharganj Delhi hotels generally pretty expensive Parharganj cheapest area stay - also handy New Delhi railway station want move on. My wife I stayed December 2007 paid 1390rps (about 35 USD) double AC room shower room balcony overlooking street. Breakfast included. They provided airport pickup 500rps.Good clean room, friendly helpful staff, good rooftop restaurant. There much cheaper plays stay Parharganj - tight budget desperate want stay them.",0.1813239538239538,0.5938311688311688,Jan 25 2008
12,12,A ne pas recommander!!!,0.0,0.0,Nov 15 2008
