,Unnamed: 0,Reviews,polarity,subject,Dates_extracted
0,0,"Please stay Liked most: Leaving!Liked least: Hard sell tour/travel packagesWe stayed two nights, stayed already paid via internet. If thinking staying hotel, please don't. I want anyone else experience us.We arranged transport airport proved useful, car driver time friendly. The alleyway, I guess lot Delhi hotels are. The room good size, even sheets pillowcases cleaned, certainly look it. We ended putting tshirts pillows dared lay heads them! The area noisy night. We shut noise outside air con unit fitted window - worked, plug cut off. Inside also noisy staff shouting one another music playing. Could also hear another guest ill room upstairs... Yuk! Always seemed 10 staff around, except smiley doorman, no-one seemed much unless thought good chance tip! On first day, asked reception directions train station insisted calling manager. The manager arrived. Again, asked directions. So led us outside streets, naively thought taking us - no, taking us Mohan's sister proceeded 'hard sell' tour packages. After hour explaining ready buy anything, left obviously unhappy - offering help locating train station even returning Mohan. We area completely unknown us, middle Delhi, first day there. To say bit scary understatement, underlines little Mohan International thinks guests - perhaps people buy travel packages get treated lot better.Please stay unless know area, mind noise, able say 'no' forcefully, completely financially unable stay elsewhere. I honestly think good reviews tripadvisor must put manager, employees friends I can't imagine reason people would recommend others.Please stay here.",0.0772018447018447,0.4671707421707422,Aug 31 2009
1,1,"Clean Basic Hotel We stayed Hotel Mohan International month one night although room basic clean. As people mentioned reviews stains sheets fact friends man sleeping floor outside room weird. I would recommend travellers budget cheap good location. I recommend women travellers (as were), times felt quite uncomfortable.",0.05075757575757576,0.4920454545454545,Mar 31 2008
2,2,"Not worth Bottom line - stay here. It's totally over-priced, must better hotels nearby. The guy worked front desk horrendous - I asked directions specific restaurant, asked I order room service, refused help me. When I tried book taxi airport, tried charge double paid way in. The noisy, free &quot;breakfast&quot; pretty disgusting.",0.02222222222222224,0.5083333333333333,Jan 27 2008
3,3,"Not good all! Stayed 3 days booked Expedia. It must decades since last refurbished. The underside basin covered rust. Though bedsheet sleep washed still old marks stains it. There bedsheetsto sleep under, rugs - sure they're washed regularlytoo.If get ground floor room expect sleep late! Noiseof buzzers (for people calling room) voices thelate evening early next morning make difficult.Oh, give hard sell getting visit travel agent. We ended getting package refusing hotels offered Tripadvisor shocking reviewsfor one two. The hotels good driver week (which offered) well everything organised actually really convenient glad it. If driver man called Mahender, lucky - he's really really lovely man- always cheery got great advice!",0.10290148448043183,0.5719523166891588,Nov 21 2007
4,4,Avoid dump !!!!! Avoid place - may seen advertised STA website I would guess STA stayed here. It basic cleanliness leaves lot desired. We paid 15 UK pounds per night wanted first nights accomodation sorted arrived hindsight lot similar hotels area much cheaper walk street.The management also hassled us try get us book tours reluctant accept NO answer.The advantage place proximity New Delhi Railway station I say many hotels immediate area offer better value money.Get Lonely Planet make phone calls.,0.1134469696969697,0.4187815656565657,Jul 26 2007
5,5,"Worst stayed! First airport pickup show up. After calling several times eventually did, 2 hours late. Rooms reasonable, staff horrible. The &quot;manager&quot; kept stalking hotelroom phone tours wanted sell, staff let alone almost agressively pushy arranging city-tour. Even 4 o'clock morning banging door calling phone tours. Very much noise night. Left one night early stand anymore. I'm used budget travel, rooms OK rest made want run away! There much better hotels area, sometimes even cheaper...",-0.03318181818181818,0.46303030303030296,Oct 5 2006
6,6,"Total Scam Stay Away What scam. There atleast 50 similar hotels around one need book online. If looking price range, simply get train main station, walk around, ask look room bed sheets select one, BUT DON&quot;T GO WITH HOTEL MOHAN. Its dirty, noisy, expensive, worth hassle. Front desk helpful. I got another site based listing, I figured would reasonable place. But mistake. Like I said, looking price range, simply walk around area check room buy.I asked driver gave one got us accident day. I asked internet, driven sister location 10 minutes away infact several places right road.",-0.06272675736961451,0.4087301587301587,May 20 2006
7,7,"Shame Hotel Club!! I spent five weeks India Mid December till end January. Unfortunately, first two nights spent ridiculous excuse hotel. First all, Hotel Club absolutely LYING location indicating located Connaught Place several five star hotels located including famous Imperial Hotel. In fact, place located MAIN TRAIN STATION area full 8 minutes TAXI quite dangerous area even daytime. I solo woman traveler 30's appreciate deception. Secondly, price charged Hotel Club (20 euros night) OUTRAGEOUS Delhi type shameful considering condition. I checked accomodation around place prices single room hot water, private toilette etc $8-$12 range. Thirdly, cleanliness factor overlooked sheets SMEARED dark substance I chose closely investigate requested new sheets. The floor attendant graciously brought I opened I discovered dirty never cleaned prior pressed. Thank goodness I sleep sheet packed used that! Fourthly, man collects dirty sheets morning would smoke marajuana every day elevator full smoke. I asthmatic amusing. Lastly, even heating (in December) freezing hot water shower (in December). I stay simple accomodation sometimes, usually clean pleasant. I sent Hotel Club prompt review shocked see HORRIFIC Place still offer unsuspecting guests.",-0.058381433381433374,0.48775853775853784,Feb 8 2006
8,8,"basic clean central We ebooked advance arranged car meet us airport, good tip WILL ripped taxi drivers, sense newcomers. clean, loos flushed shower/fan a/c worked. On arrival felt stuck alleyway seemingly grotty part town. It turns Delhi looks like this, takes bit getting used to. Mohan easy find directly behind sheila cinema. problem management, however, use inhouse travel agent taxi tours car booking, chose use ajanta hotels (200m away), even advised book company directly, commission charged operators involved. Also bring loo roll, although bought shop/ std phone stall end street. I sure paid odds, say worth avoid hassle get touts, taxi drivers 'helpful' strangers want tipped advice.",0.27085470085470087,0.558931623931624,Dec 9 2005
9,9,Un hÃ´tel minable mais bien situÃ©,0.0,0.0,Apr 15 2009
