,Unnamed: 0,Reviews,polarity,subject,Dates_extracted
0,0,"Delightful period scope improvement If, seems inevitable, landed paying extortionate prices Delhi rooms, may well go period charms Ambassador. Lovely ambience location. Solicitous staff. Bedrooms furnished tastefully understated manner. Here suggestions improvements: 1. Beds bit military springing. Something little bit luxurious would appreciated. And pillows natural filling really default standard.2. When every bedroom overlooking centre court enjoys luxury balcony, make it? Put couple chairs them, perhaps?3. The public areas used well could be. The 'Yellow Brick Road' really make grade coffee shop status. With hard chairs, lighting surfaces, enjoys ambience works canteen. Escape noise softer surroundings bar assailed Philippino karaoke duo. Please, little bit quiet. And smart restaurant Chinese. Am I missing something here? Why I want eat Chinese food India?",0.12489177489177493,0.4197510822510823,0.4197510822510823
1,1,"The worst ever Poor needs urgent renovation. Baware &quot;balcony&quot; mean &quot;nice view&quot;. My room front Air Con system hotel, ugly view also extremly noisy nights days.But WORST.....If like bothered night MOUSES running air conditionning system room delighted (I mention MOUSES I've SEEN grill Air Con room...).. Insane!",-0.37395833333333334,0.8312499999999999,Oct 31 2009
2,2,"Good location spacious rooms The Ambassador charming soul. Excellent service check check out, clean spacious rooms bathroom. Khan market walking distance. Draw back: Small breakfast room limited selection food breakfast. High cost internet access: 662 IR 24 hrs. The Ambassador would first choice New Delhi except small breakfast room limited selection breakfst choices.",0.2207287157287157,0.4797041847041847,Sep 20 2009
3,3,"Taj Ambassador - Damaging Taj brand This worthy sporting Taj brand - first Taj I too, would also last. I associate Taj brand one quality Ambassador simply worthy.The experience begins drive hotel, poor quality barriers stop traffic alert cheap nasty nightmare lies within. As approach building, paint fading, peeling landscaping needing serious attention starts feel like substandard hotel.The lobby small acceptable reception desk small old-fashioned. The service acceptable nothing more. The cost room far high offered.The walk room showed decor tired dated, smelled musty crying refurbished. My room terrible - nasty furniture, uncomfortable bed awful bathroom. I would rather stayed $30 room Delhi - least I would got I paid for.The quality food restaurants quality Mumbai Taj hotels I could get stay longer one night. I checked moved nearby decent hotel.Taj - drop brand spend money. This disservice.The",-0.2487301587301587,0.6633560090702948,Sep 3 2009
4,4,"Close perfect stay- coming back Was week business beginning July I Delhi another week I booked Ambassador I pleasant stay first go around. I coming back Delhi several times coming months I fully intend stay here.The room excellent- clean spacious great work space (important since I spend great deal time working computer room). Service great polite, efficient helpful staff. They almost helpful times I've taken leaving &quot;Do disturb&quot; light avoid seemingly incessent knocks door asking I need anything.The food also excellent 3 restaurants well room service. Only criticism I really lounge- InSomnia. It could great place relax, music bad- apparently feels end business day lone business traveller wants listen heart-jarring disco beats...Overall great hotel- terrible DJ.",0.33750000000000013,0.6069444444444444,Jul 22 2009
5,5,"Lovely stay I stayed Ambassador quite times past, time wasnt really same. No dont get wrong, largely metro construction close approach became quite pain. Anyways, spent three days place - get inside - quiet charm. The rooms pretty spacious I like fact still old kind balconies room go stand. The restaurant - Yellow brick stone quite hit in-guests outsiders. It surely nice warm feel menu card form newspaper pretty. The pub mostly deserted didnt find much crowd feel bit silly sitting pub - although interior decor done quite well. But bit old legacy feel - way constructed, way see interiors also way get treated. Room service pretty good case Taj hotels. Overall pretty good stay hope metro construction finishes soon approach becomes smooth used past.",0.20964285714285716,0.5333597883597883,Jun 19 2009
6,6,Good spacious rooms Huge rooms bathrooms. Taj service usual impeccable. Dont expect great views balcony. Nearby metro construction noisy sometimes. Has great Non Veg Thali room service menu,0.5333333333333333,0.6666666666666666,Jun 3 2009
7,7,"Business pleasure I found Ambassador Hotel convenient. It certainly well-located, next airport. The rooms clean comfortable. No complanits service.",0.2361904761904762,0.47428571428571437,May 29 2009
8,8,"perfect location short business trip While short trip conference nearby, I found Ambassador Hotel convenient. It certainly well-located, next airport. The rooms clean comfortable. No complanits service.It may best money pay certainly convenient business trip avoid travelling busy Delhi roads.",0.3177489177489177,0.46753246753246747,May 6 2009
9,9,"I loved location service quality. It way back Feb 2008, family members decided visit New Delhi.We advised relatives Ambassador, (A part Taj Group), best available us, reason Khan market next it.We really good time, though stay short, location service quality excellent. The staff polite co operative, something I really liked.",0.4305785123966942,0.4413223140495868,May 1 2009
10,10,"great good lcoation Very good hotel, rooms large staff friendly efficient. Good choice breakfast, insomnia bar good choice drinks dinner Chinese restaurant good. Taxis available demand door good location. Khan market minutes walk good selection shops essentials gifts restaurants.",0.5153296703296705,0.5045054945054944,Apr 27 2009
11,11,great rooms Rooms large well bathrooms. Very comfortable. Loved large tv screen.,0.48971428571428566,0.6814285714285714,Apr 19 2009
12,12,"Business pleasure As formal guest United Nations(UNAIDS),going back Delhi(the city alma mater,AIIMS) indeed exciting-both anticipation also real terms..The visit different official visits Delhi formal meetings NACO,Govt India I queue get pre- paid cab go rituals shouting name destination traffic cop supposedly working convenience safety passengers.It real treat welcomed turbaned liveried chauffeur attendant carrying exclusive placard name calligraph ed MBBS MD degrees.The big limousine (or leas looked like one -used travelling black yellow ambassador taxis noisy body parts noisier drivers) whatever 'AMBASSADOR vehicle' was, air conditioned right temperature humidity levels.Before taking permission stay back airport treated royally offering glass cold water tray also newspaper two magazines read drive case could last longer 25 minutes .Quite expectedly services definitely matched 'mobile' outreach services extended car itself.Indeed experience I cherish day.",0.005877976190476196,0.34316964285714285,Apr 19 2009
13,13,good location location close airport. lobby good services great.,0.3333333333333333,0.65,Apr 17 2009
14,14,Great Place Excellent place stay. would defintely like,0.9,0.875,Apr 16 2009
15,15,Bit surprised reviews didnt find value It since stayed well 300usd night value level hotel. Delhi clearly lack supply comes rooms everything booked solid. This expensive accomodation trip yet average accomodation - compared TAJ Mumbai Goa basic. The room large basic (felt bit like old boarding room nice tv). Front desk service ordinary concierge woman fantastic. Location quite good short walk Khan mkt Lodhi gardens. We used car service one day fine. The pool tiny ground pool (the type u used see aussie backyards 70's 80's). Brekkie little coffee shop pleasant. Would stay price considerably lower.,0.15349025974025973,0.4887987012987012,Mar 24 2009
16,16,"Delhi's best value 5-star service The decor may quite ritzy sister Taj hotels, great price. Amazing service, delicious room service top-notch linens, toiletries etc. I cannot say enough hospitable helpful staff. When discounted websites, well worth extra $30-$50 mid-range hotels. Outstanding location - walking distance Western-catering Khan market.",0.5075000000000001,0.59,Mar 16 2009
17,17,"Very Nice Hotel Great Staff, Nice Decor, Big Rooms, Very Comfortable Beds, Good Food. Downsides pick Airport 45 minutes late, small lifts price bit much provides.",0.3305555555555556,0.6411111111111112,Feb 5 2009
18,18,"If stay Delhi ........ Delhi under-hoteled therefore priced. Ambassador best town: may best value money. Some may say cries refurb. There past time tenanted shops ground floor outside. The retail concessions inside modest. The nearby Khan Market one Delhi's best shopping areas, blessed interesting small, international-menu restaurants. For India relatively quiet, town, mercifully free beggars con-men door. We appreciated large rooms, fairly well appointed, even done time ago.During extension Delhi Metro pool bounds. Management kindly provided free transport better pool gym nearby Taj Hotel.",0.3821428571428572,0.48511904761904767,Jan 23 2009
19,19,"Ambassador pretty good The Ambassador clean, western style made good base us first days India. The rest trip stayed much less posh hotels, comforting place first land. It looks like average American 3 star hotel. What made great us staff extremely helpful, driver provided really great, went way help us navigate Delhi arrange rest trip. I'd recommend people looking ease India.",0.17833333333333332,0.5088888888888888,Jan 21 2009
20,20,"Highly Recommend Hotel I stayed Ambassador Hotel 2 nights. The room large, comfortable, nicely appointed. This older nice ambiance.The construction Delhi Metro right outside window. When I saw it, I immediately asked moved different room. I told would impossible night, could move next day. However, I overly bothered noise decided stay original room second night.The restaurant provided adequate, tasty breakfast buffet.There three roof top patiosâ (all floor). They hard find nice sit on.The staff friendly efficient.I would definitely stay again.",0.18820833333333337,0.5343809523809524,Jan 2 2009
21,21,"Very conveniently located I spent enjoyable 2 1/2 days Ambassador Christmas. The location perfect places I wanted visit, metro subway station constructed next door completed couple years, become one conveniently located hotels city.As hotels city, response recent terrorist attack Mumbai, security measures taken quite seriously. All vehicles searched allowed enter grounds, visitors guests required pass metal detectors, addition physically searched packages scanned suspicious contents. In fact, veritable army security personnel hand gates entrance (I saw staff anywhere else entire hotel).As noted reviews, one premier Taj properties. If looking glitz glitter, booking room honeymoon, far better look sister Taj road. But looking safe, clean, comfortable place lie night, consider Ambassador get reasonable price.I searched room kayak.com, led discount room broker I able book room Rs. 6580 per night taxes (about US$ 136). (Note that, hotels, taxes substantially increase total cost.) Right booking internet, I called inquire lowest rate available quoted approximately Rs. 11000 -- check internet discounts book!Wireless internet access cost additional fee -- Rs. 750 per 24 hours. I problems getting strong signal room. (But internet access business day age really included price room.)At check in, I requested quiet room avoid noise metro station construction, I given room one triangular hotel's wings faces away construction site. The room balcony let lot light, overlooked rather unattractive inner court. I disturbed noise metro construction site stay, I really hear much noise coming site I walked right several times course stay. On hand, I could clearly hear voices people hallway room. And occasional, tolerable noises renovations apparently underwear elsewhere hotel.The room immaculate comfortable, although mattress quite firm. There faint traces unpleasant odors hall outside room (I think painting renovation work) airconditioner room (mouldy smell), temperature really necessary turn aircon since also fan room.All staff I interacted, check in, housekeeping, laundry staff, gracious friendly. (And, I might add, astonishingly attractive.)The fitness center pretty rudimentary -- couple treadmills, couple cardio machines, free weights. The pool renovation, car offered transport guests sister property road dip pool desired.I much appreciated I asked staff typical cost taxi airport, I told car available (I think fee Rs. 1050 plus tax), alternative black-and-yellow taxi Rs. 350, I took, wait couple minutes taxi drive over. (Certain hotels would mentioned lower-cost option available.)My complaint apparently arose misunderstanding checkout. I planned pay 3-night stay, intending check third evening catch 11:00pm flight. As I checking out, clerk noted terms discounted rate room prohibited modifications scheduled stay. He said since I checking &quot;early&quot; (8 pm third night rather noon following morning), I would charged full-night cancellation penalty. We got argument whether cancellation. In retrospect, I think must mistakenly thought I trying get allow pay 2 nights allowed check late third day (either clueless).Overall, I would recommend stay get room US $160 per night (maybe even $200 high season supply rooms hotels caliber around city tight). I can't see paying anything like $300, mentioned reviews.",0.08926319176319178,0.46778957528957527,Dec 27 2008
22,22,"Odd Mixture classic modern Like India itself, Ambassador hard describe sentences. It grand old property, large &quot;staterooms.&quot; Mine huge balcony well fireplace -- neither serving purpose beyond decoration, evoking bygone era. The location convfenient. The clientele diverse appears travel-wise. The restoration schitzophrenic. The hallways rooms pictures features invoking Raj. To get 4th floor room, walk outside funky roof terrace get wing. But offset bad imitiations charmless 1970's Holiday Inn room design, e.g. shower/bath boxy, uncomfortable chairs. The breakfast restaurant equally odd, cramped space, painted yellow, far lobby, could roadside dive U.S., incongruously decorated colonial era posters knicknacks.The staff unfailingly cheerful helpful whole, issues checkout attempted charge airport shuttle service, promoted free benefit. (They erase charge.) Internet wifi unreliable. From I've seen, many Delhi hotels neither pretentious seedy. The Ambassador fills niche.",0.03480725623582768,0.5061224489795918,Nov 13 2008
23,23,"Functional Hotel nice quiet Its old colonial property perfectly converted great hotel. The service excellent loved restaurant, reminded typical American breakfast restaurant. The food simply excellent booked, offering huge discount got good price. It close central business area New Delhi. I suggest business travelers well tourists. :-)",0.44873106060606066,0.6417424242424243,Nov 4 2008
24,24,Beware Construction Site night time work!!!!! We arrived The Ambassador October 5th checked around 10:30pm airport &quot;upgraded&quot; room overlooked construction site!!! working thru entire night!!! Even earplugs I could hear it!! Trying rude impolite I tried deal 5am I go downstairs complain... front desk person said completely booked... sign apologizing noise ... I come sooner would switched room (it fully booked? said) offered let sleep hours room someone checked of!!! I wait Mr Vishal Sekhri arrived resolve it. We checking 9 am!!! offered 25% rate reduction snack road trip Agra. Total charge room 210.00 USD discount. He also said I notified earlier could possibly worked something Taj Hotel Delhi moved us hotel. We paid breakfasts. He promised would contact Taj View Agra make sure nice stay... We arrived Agra longer Taj View ... called The Gateway longer part chain. I'm warning people stay offered room construction side hotel... It TOTALLY NOT FAIR ... give us option tell us personally checked in. WHY!!!! would anyone &quot;UPGRADE&quot; guest room affected construction noise goes night!!!?? told us personally checked NOT assumed read sign construction noise... . It disrespectful unfair try make people pay kind room giving option. My niece stayed interior room hear heavy machinery..her stay fine. aesthetically nice hotel... I'm sure would great affected construction noise... please ask placed room side beware... now.,0.09557268078200484,0.6496376811594204,Oct 13 2008
25,25,"Pretty bulk standard Not bad - finished 19 hour train trip pretty exhausted, comfy bed much appreciated - quite old looking expensive is. The Sheraton full, ended here, much nicer (and cheaper) place. It's comfy Â£150 night really get monies worth. We hours though, get sample anything much except bed.Also, beware, front desk try charge sterling, thereby giving exchange rate, which, like hotels rates, lower get credit card company.",0.07666666666666666,0.46177777777777773,Sep 26 2008
26,26,"Very good luxury value money Being Taj hotel, I expected high quality amenities service that's definitely got. We stayed 14 days (4+5+5) holiday India superior room, bit bigger standard. The room spacious comfortable furniture attentive staff ensured room cleaned tidied, twice day, bathroom cleaned checked twice day minibar always well stocked. Fruit small floral decorations always fresh.The 24 hr restaurant bit small, breakfast good service good. I used 24 hr business centre times, everything worked I wanted.We found Larry's (odd name Chinese restaurant) one better Chinese restaurants Delhi - we've tried fair number them. The next Khan market, going stroll shops restaurants breeze.The central, 1 km India Gate, getting places Delhi easy. I spent hours horrenduous Delhi traffic, I really appreciated 15-30 mins I saved daily (compared luxury hotels nearer airport).Since swimming pool closed due construction work, offered free car drive us Taj 2 minutes away use facilities showing room card. We charged poolside expenses retaurant bills room done, asked complementary car tht drove us back Ambassador free charge. A bit cumbersome taking lift pool, can't grumble.Considering price, genuinely surprised rennovated 1930's luxurious.Will I stay again? You bet.",0.18150326797385624,0.4419771241830066,Sep 19 2008
27,27,"No Fuss Hotel Taj Ambassador situated near Mansingh road easily one best localities New Delhi. This grand fuss hotel. A top notch taj service express. Rooms 350 sqft. It modern amenitites 5 star hotel. THe small cozy one. Ambassadors breakfast little small considering Taj. But one expect great deal ala -carte menu. If dont look grand lobbies one best deal almost experiencing 5star quality service Ambassador. But ya dont forget visit Taj Mahal jus 700 mts away ambassador, worth watch.",0.30547979797979796,0.5325252525252525,Sep 16 2008
28,28,"The Taj - Unplugged The Hotel Taj Ambassador one affordable hotels Taj group. A forty minute drive airport greeted white dressed doorman, Taj uniform Taj smile. The lobby ok. Nothing special; Belgium Chandeliers Italian fabric sofas. No forty feet ceiling either. Decent though would expect 3 star property Delhi. The check really quick. In less five minutes I unpacking. The room decent enough. It good sized bed, sofa table, mini office chair desk, large mirror, wardrobe locker, forty inch Samsung LCD TV mini bar. The daikin air con really powerful take Delhi heat. The bathroom really big. It huge mirror bathtub. Sadly area bath tub. Careful slippery. The two restaurants one bar. The first one called Yellow Brick Road. A small multi cuisine cum 24/7 coffee shop. Cant call one cozy star decor. It serves morning breakfast well. The breakfast nothing great, limited dishes live kitchen. They serve Polk. Something I like. Usually Polk beef served breakfast hotels I to, keeping mind religious sentiments two communities. I could try lunch dinner always packed. The second restaurant called The Larry's China. With limited menu choice dishing spicy pricey. A gravy dish anything 475 1100 Inr. Many favorite dishes like Chinese fried chicken fried ice cream missing. The chef promised next visit. You may want try lemon chicken. The bar bounds I drink. They gym spa ( affiliated mystic ) fifth floor. It two techno gym treadmills two cross trainers along couple free weights. No strength machines. The spa limited massage treatments. The young staff ( many trainee's I assume ) always toes. Anything want smile Yes Sir done. They never seem refuse anything. I believe property swimming pool I could visit two day stay. The exterior looked dated. It really needs paint job. Moreover sandwitched two sets apartments giving rather two star look. Lot lazy taxi drivers sleeping around. All good two day stay well worth money. I booked web site makes thirty percent cheaper booking front office. The Taj experience always unique. Whether five star property three star one. They really know take care guest. I many hotels across length breath great country. This group really knows guests needs makes sure every stay memorable. A group believes acquiring historical palaces converting hotels rather building modern structures. At checkout would want come back soon. A feeling hotels offer you. However Taj unplugged. If want full Taj experience try one right behind hotel. The big apple &quot;The Taj Mahal.&quot; I time visit it. Its simply world compared none The Imperial Delhi. On next visit july would two hotels.Best wishes",0.13204053522235337,0.4393734968734969,May 26 2008
29,29,"Not best Taj good stay price This lowest rent Taj I've ever to, still clean comfortable. I feeling Taj organization trains lot staff. We ran least 3 &quot;trainees&quot; 2 nights. The staff seemed rather confused general, luckily I need call emergencies/The building colonial feel. One quirk walk uncovered outdoor patio floor get elevator room. Next Khan market easily accessible everywhere cab tuktuk.The restaurants kinda lame. For real treat, take cab minutes street super posh Taj take pick fantastic restaurants.",0.18388888888888888,0.5283333333333333,Jan 28 2008
30,30,"Good location 'international' This good standby New Delhi. By far best attraction location. It New Delhi good wide streets, next door Khan Market (not market small area good standard shops) close Lodi Gardens wanted stroll. Also close good restaurants want eat hotel.We stayed heritage hotels rest stay never going stand comparison. It business hotel. The rooms character big clean. The breakfast average, service good food high quality experienced rest time India. In conclusion, nothing wrong one highlights trip. If stay, Chick Inn 10/15 minute walk well worth effort. It recommended us guide. Apart us, rest people Indians good testimony. The walk place mostly main roads felt safe. Try garlic bread.",0.32234848484848483,0.48586247086247086,Dec 30 2007
31,31,"Quirky Hotel I received lovely welcome arriving exhausted Delhi. This level warmth, professionalism shown staff thoughout stay. The internal restaurants great - quirky - bordering kitsch humourous too. The location great, rooms good size great go walk nearby park mornings heat day. A little dated adds charm!",0.33046875000000003,0.6666666666666666,Nov 12 2007
32,32,"A First Rate Hotel We stayed Ambassador Hotel, New Delhi, 23rd â 24th July 2007. Our party consisted two adults two young children. We en route Calcutta Trivandrum using Rajdhani Express rail services.Our suite Ambassador absolutely huge, clean well maintained. We found staff property efficient eager please. Once settled went small swimming pool, accessed walking âYellow Brick Roadâ coffee shop ground floor. We around couple hours kids bite eat whilst adults read newspapers magazines poolside.I feeling bit weather, nothing whatsoever hotel. I ended going bed rest day. Staff offered get Doctor, I declined. They came round number bottles mineral water extra cost, I thought nice gesture. I dinner, however family members eat downstairs. They thought food fine. In absence I able connect hotelâs Wi Fi network.Breakfast Yellow Brick Road cafÃ© actually good. Chicken sausages, beans, hash browns, cold meat, fruit, cereals, local food, croissants, eggs (fried, scrambled, boiled omelettes) etc. Even though buffet, staff helpful brought tea, coffee hot chocolate (for children). They also organised omelettes fried eggs. No matter much them. The Taj Group clearly train staff well.",0.12009986225895321,0.4841460055096418,Aug 30 2007
33,33,"Good choice next Khan Market Stayed 7 nights June enjoyed stay much. The room (205) huge slightly old interior clean bathroom excellent quality toiletries (loved lemon soap!). Not necessarily 5-star establishment, price right proximity Khan Market great bonus summer heat.",0.4497817460317461,0.6379761904761905,Aug 14 2007
34,34,"Very good (by Indian standards though) This would probably overpriced, average somewhere else, Delhi actually good choice get discount rate booking Internet.Service good, plenty attentive staff everywhere. Rooms modern large comfortable. Some slowly renovated (I 42'' LCD TV room coleagues got old 21''). Toiletteries fresh fruits room renovated dayly. Food ok, block away Khan Market allows avoid ridiculous prices restaurants eat expensive (again, Indian standards) safe tasty place (like &quot;The Big Chill&quot; -- great food desserts) half price.The low points: - Pool: Small, sometimes bad smelling, plus go restaurant get there.- Wi-Fi: I think ok charge service, US$ 7 per hour seems bit much. Same calls, use payphone shop next hotel.",0.14684523809523808,0.4840376984126984,Jun 12 2007
35,35,"Comfortable problems front desk The facilities rooms Ambassador good. Nothing over-the-top luxurious definitely comfortable. My room suite. It usually well cleaned except one day week-long stay replace flower bud vase towels. I course care flower call towels take shower. Overall, though, room clean, quiet, spacious. The felt safe.The room lot extra amenities: minibar, bandaids, robe, slippers, shoe wax, toothbrush, toothpaste, etc...Room service excellent, breakfast provided room price.Wireless available, considerable cost. I think markets &quot;business hotel&quot; free wireless. I snafu booking took several trips front desk fixed. The people front desk friendly quite unhelpful trying resolve issue.",0.21822916666666667,0.49583333333333335,May 9 2007
36,36,"Enjoyed tranquillty Despite others written, I really enjoyed hotel. I stayed many 4-5 star hotels India although bit older hotels, I actually liked charm enjoyed convenience location. The staff great. The accomodations, although extravagent, comfortable. The dining area quaint made feel bit &quot;home&quot; lot big chain hotel.",0.31474358974358974,0.5391025641025641,May 1 2007
37,37,"Ambassador deco delight! My superior room huge, comfortable included immaculate bedding fresh flowers. The small , quiet gem, staff truly care. An oasis chaos Delhi, steps Khan Market (good shopping). Stayed twice recent trip, felt tug leaving. Well-stocked mini bar reasonable prices, also small 'tuck shop' edge building. Excellent breakfast Yellow Brick Road included room package.If begin end India visit Delhi, Ambassador add fascination. If half world away I would return enjoyment hotel.",0.23333333333333336,0.5269230769230769,Apr 17 2007
38,38,"Ripoff After staying best Taj properties India, one stinks comparison. We went high season, butstill, paying $300 dinky little room peeling paint, moldy bathroom broken tiles ancient fixtures one huge ripoff! I can't figure even qualifies Taj hotel.The restaurants pretty good, money, I'd stay elsewhere come meal.",0.1778125,0.5925,Apr 7 2007
39,39,"HUGE Rooms! -- Pleasant Stay... This first stayed Delhi. The lobby nice staff fine. The rooms absolutely enormous. We balcony sitting area. We 6 group, three rooms. Some rooms even flat plasma screen TV rooms. The bathrooms enormous too. THey &quot;extra amenities&quot; like robe slippers, comfortable. The bed soft comfortable. Breakfast included good -- buffet style eggs ordered separately. We dinner well. It best, lot variety expensive (especially hotel). Overall, nice hotel, top service. If want space, great choice.",0.35973684210526313,0.6794736842105263,Mar 31 2007
40,40,Way overpriced money games check-out. Towels old Motel 6?,0.1,0.2,Feb 20 2007
41,41,Great location,0.8,0.75,Feb 6 2007
42,42,Very pleasant excellent location,0.9766666666666666,1.0,Jan 17 2007
43,43,average ok delhi,0.175,0.44999999999999996,Jan 6 2007
44,44,Great location lovely,0.65,0.75,Jan 1 2007
45,45,Quaint Quality,0.0,0.0,Nov 20 2006
46,46,Quality Business/Tourist Hotel,0.0,0.0,Oct 27 2006
47,47,Overpriced,0.0,0.0,May 8 2006
48,48,Shabby Comfortable,0.4,0.8,Aug 24 2005
49,49,Overpriced poor rooms great people,0.2,0.675,Mar 9 2005
