,Unnamed: 0,Reviews,polarity,subject,Dates_extracted
0,0,"KoolYaar I marriage party booked rooms hotel. We reached morning, exhaustive journey train Chennai. But service good. And tariff added attraction, really less. Considering area (Karol Baug), price affordable. Service cannot said Excellent, considering tariff, service provided good.Proximity Metro Rail added advantage.",0.5111111111111111,0.5555555555555556,Oct 14 2009
1,1,"Beware: Must keep Copy Reservation Confirmation Avoid Extra Charges We stayed Hotel Swati July two nights. It centrally located moderately priced. Included vegetarian breakfast good too. Wi-Fi internet access included room rate worked floor without problem. I must warn underhanded practice management: We booked &quot;SUITE&quot; king bed two adults two children one additional bed included price. When checked out, charged extra bed. The manager duty remove charge I went web (thankfully web access lobby) showed confirmation email mentioning additional charge roll away bed. I believe also cheated us giving standard room price suite since room small roll away bed &quot;rolled away&quot; morning would room move extra bed there. I recommend inspecting available room types upon check-in avoid scam.....",0.0861111111111111,0.30777777777777776,Jul 23 2009
2,2,"Great Family Hotel We reached late night 10 hour drive Fatehpur(Rajasthan). But, stumped hospitality staff even odd hour. Check In quick late night menu exhaustive service commendable.The neat clean internet access facility well informed travel desk.",0.12222222222222223,0.5666666666666668,May 29 2009
3,3,"Good City Hotel It good city tucked shopping area karol bagh. I Stayed executive room , decent ,spacious clean, although air conditioner ventilator room. It professionally managed , staff friendly helpful. Restaurant 100% vegetarian good, buffet breakfast good safe. The close basic necessities metro rail station, great boon getting around delhi. Final result , good tourist, business , city .",0.42505952380952383,0.6086904761904762,Mar 6 2009
4,4,"nice booked online reading tripadvisor reviewsIts cheap get pay ,i stayed two saysin january Had comfortable stay hotel.Good room/laundry service Execllent restuarant Excellent service through-out stay",0.63,0.925,Mar 1 2009
5,5,"Good shopping sights We ended 3 week trip Delhi started trip there. We seen highlight sights first visit wanted shop fit ones missed. This probably money spent room choose Karol Bagh Connaught area prices little higher reviews great. This wasnât Lonely Planet like choices good option. Weâd stayed Paharaganj first visit good place base sites Karol Bagh little nicer want bit calm location. The street main street Karol Bagh perfect Metro. Itâs 5 mins walk station itâs really easy use. Only 3 stops Connaught Place shops western restaurants New Delhi train station. Would recommend staying Paharaganj though travelling New Delhi train station next day (if early morning). We got friendly rickshaw driver take us shopping highlights Lonely Planet course got persuaded visiting carpet shops way. Although maybe many peopleâs choice holiday gift definitely youâre like us avoided. All Government Emporiums Government run places traditional expensive saris, ornaments never ending carpets. Delhi (apart Paharaganj) markets, bazaars western shops perhaps go first without emporiums. The main street Karol Bagh lots market stalls western clothes shops worth visit. Thereâs loads restaurants go hectic day city. Rooms small clean everything need. The staff helpful problems anything there.",0.1825241046831956,0.47407024793388436,Dec 18 2008
6,6,"decent stay booked online via expedia reading tripadvisor reviews, process quite simple painless. able confirm via email nice since nepal right before, website quite comprehensive. taxi driver tried drop swati deluxe, go anywhere told wrong hotel, kind doorman deluxe able inform otherwise. finally arrived, quickly greeted smile shuttled room. room quite small, decent decor. requested king bed, instead got two tiny twins. aircon right beds like 2 feet next one, made impossible actually use either bed. room right next elevator apparently kitchen, heard night ruckus elevator kitchen staff washing dishes chatting night extremely irritating. staff fairly friendly. bathroom small, water pressure okay water warm, hot. overall, fairly standard, nothing spectacular. get room made first second night. okay place stay, taxi driver find it.",0.16877551020408163,0.5280272108843538,Nov 23 2008
7,7,"get pay Having come back 2 days ago felt offer comments.Its cheap get pay for, rate paid got us room beds clean sheets. Beds uncomfortable matress wooden base. Not clearly advertised such. The shower room rate paying shower rather fill bucket sponge bath yourself, water hot guess compensates.Its amazing location travel companion sick quick point us good hospital points that.However;We hired driver take us taj mahal, picked guide pushy, proceeded subtle tourist trap routine, i.e take us shops guide driver get cut. Very slick operation subtle. The comment complained getting back delhi &quot;The use guide&quot; hmm sorry fact booked tour means do. Also aware price tour higher booked non tourist place. You able put tour bill must pay cash. Obviously everyone gets commission.My strong criticism booked go national museum paying driver etc driver stop twice ask museum asked go Pizza Hut lunch, stop ask well, driving past one finally stopping one. If I paying driver think fair give people drivers knowledge city. That quite dissapointing.The custom everyone expecting tips also dissapointing. Whilst understand part culture aware staff leave room give tip, ie mandatory. I always impression tipping good pleasant serviceIn summary, cheap clean simple changes could much better I think. Its great one two nights staying week I companion start grate you.I love found India back one day swati.",0.12200929152148662,0.5764663182346109,Nov 23 2008
8,8,"Love Swati experience Ok, Taj, Oberoi Intercontinental. It's decent middle busy accessible shopping area. For around $50 night get good food, helpful service, adequate (clean) room facilities. The reason I started staying purely I frequnted hotel's Gujarati/Rajastani restaurant often I Delhi, made sense stay itself. The problem I located Ajmel Khan rd, one main shopping areas Delhi, I always end spending much clothes, it'll probably cheaper stay Hilton! But show self restraint, definitely worth it! Seriously, I would stay anywhere else Delhi",0.24526785714285718,0.4471875,Oct 11 2008
9,9,"Comfortable stay nice professional staff. Had comfortable stay hotel. A/C, large bathroom &amp; shower, cable TV, refrigerator, sitting area room. Staff accomodating arranged cab us airport 0130 am. The restaurant Suruchi excellent. Good vegetarian food complimentary buffet breakfast.",0.4482539682539682,0.6365079365079365,Sep 27 2008
10,10,"Great Hotel The Area I booked 'Executive' room comfortable retreat end holiday India - rate 3000 INR (~$75 USD) time taxes etc added - however I impressed! Rooms - Cable TV, free wi-fi, in-room safe (very rare India), aircon, balcony (albeit onto noisy side street), reliable hot water, complimentary bottled water (with seals intact!), tea &amp; coffee making kit, nibbles, evening turn-down service, comfortable bed, complimentary morning newspaper, free breakfast. Whilst certainly Sheraton Hilton, I would genuinely say par, better, many mid-range rooms I stayed Western cities, utter bliss compared hotels I stayed India. Location - Situated side street middle Karol Bagh, large bustling market shopping precinct, auto-rickshaw driver explained me, &quot;is middle class Indians go shopping&quot; - plenty bargains find willing adventurous try non-Western brands. There's western food outlets (McDonalds, Pizza Hut) nearby bit short willpower, ATMs (complete security guard) short walk away. Delhi's fantastic Metro (it puts world metros shame) ten minute walk, easy use, fares INR 10 (~$0.25 USD). The neighbourhood chaotic crowded market days, maybe great choice first night India likely feel culture shocked - ideal someone country days. Noise - As side street, main market itself, spared much noise bustle. I really notice much noise unless I went onto balcony - absolutely fine. A great night's peaceful sleep.Service - To honest, I little dealings staff, check efficient. All major cards accepted, mysterious charges appeared card statement! The arranged taxi airport me, time, although agreed price INR 350 - INR 100 taxi booked Delhi Police booth - although handful city, probably premium worth paying convenience's sake. Conclusion - highly recommended, definitely go one executive rooms - service standard accommodation superlative location price point.",0.20403339947089943,0.5390925925925925,Jul 28 2008
11,11,"Serviceable Karol Bagh This review year old I tips might useful Hotel Swati patrons.First... two Hotel Swatis. Keep mind cab driver asks want go. There &quot;Hotel Swati&quot; (where stayed subject review) following address:Hotel Swati15 A / 56, W.E.A., Karol Bagh,Opp. Roopak Stores, Ajmal Khan Road,New Delhi - 110005 ( India )website: http://www.hotelswati.com/swati.htmNote: term &quot;Opp. Roopak Stores&quot; means kitty-corner (diagonally opposite) store called Roopak. This part address street name. The NOT face Ajmal Khan road.Then &quot;Hotel Swati Deluxe&quot;:Hotel Swati Deluxe17 - A / 32, Gurudwara Road , W.E.A. Karol Bagh , New Delhi : - 110005(India) website: http://www.hotelswati.com/swatideluxe.htmBoth owned run company sure know one going to. Our cab driver took us wrong one first.Anyway - stay adequate. I choose I've read New Delhi hotels TripAdvisor I wish I could chosen something else. We major problems, fustrations there.When first arrived man front desk little strange. We asked spoke English. &quot;No&quot; said. So husband began speaking Hindi. Suddenly guy remembered English. It odd. He asked make copies passports. This creeped us complied. I know standard procedure. If anyone else experience I'd like know it.Our room faced street noisy. I guess exected busy city like New Delhi, may true nearly hotels there. Do bring earplugs. The horn honking begins 6 7 morning. After ignore it. Our beds narrow twin beds thin mattresses. The bathroom western style toilet took toilet paper. Note: If toilet-paper-user -- go easy India. That said, may want bring extra yourself. If run small roll provided wait whole day replenished.There good restaurant attached actually next door - within itself. It open dinner 7pm. On first night got opened little worried empty -- 20 minutes later full rafters. Seems like popular place savy tourists. The meals thali style sharing. But delicious! We also breakfast morning fine. It buffet bad (there even toaster!). The staff indifferent special request (the manager interested playing solitare laptop answering question I had) let go.On second day took hired car Agra see Taj Mahal arranged hotel. The driver supposed English speaking - wasn't. Oh well. Still got us Taj back one piece. Be aware 5 hour drive picked 6am. It's loooong day.When got back Agra wanted order room service crash beds, entered room lights work. Our room electricity, even though rest did. What heck? Turns place metal key ring special holder inside room door electricity work. Clever. But would nice told us arrived.The neighborhood crowded interesting. We feel unsafe walked around bit. I video I took street I'll try upload link I can.What else...? Oh great metro Delhi! There station within walking distance hotel. Ask front desk Metro. That something quite helpful about.That's I remember. Hope helpful!",0.13483791599025974,0.38604764159451666,Jan 16 2008
12,12,"Worse Fawlty Towers I stayed beginning end adventure travel type tour Ganges. It cost $US60 night. First room I stayed blood sheets I removed sheets couldsee mattress crawling bed bugs. Went shower shower head blew side face. On way back different room air conditioner caught fire. Actually flames shooting it! Took 15 20 minutes get staff come send boy. No fire alarms evacuation course, although give us another room!",-0.05092592592592593,0.32037037037037036,Apr 14 2007
13,13,"What relief! Having come Mumbai via Goa, already great difficulty finding decent accomadation reasonable price. However relieved arrive Hotel Swati find clean, comfortable good facilities.Our room standard room 2000rps night. It spacious cable tv, fridge, aircon, in-room safe comfy beds pillows. We also discovered free wi-fi internet rooms really helped us plan next part trip. The restaurant serves excellent veg. Thalis breakfast included price. There also 24hr room service.We found staff friendly helpful overbearing like places. Like everyone India appreciated tip hound hand money.Karol Bagh busy noisy area quite enjoyed amazing market street stalls shops. The little noisy seem Delhi I rang reception complain noise next room took action immediately noise stopped.All I would definately reccomend security comfort excellent price.",0.3533730158730159,0.5103174603174603,Mar 25 2007
14,14,"Great Hotel This great tucked away Karol Bagh. Shops, Pizza Hut, Macdonalds etc minutes walk away hotel.Room: good size (we suite larger most)Hot water tap! (rare India)Good room/laundry serviceExecllent restuarant regional vegetarian thali's (we loved unlimited Gujarti thali @ Rs130) NB order thali snack item eg french fries - unlimited well!Breakfast - Good buffet choice (the freshly made 'theplas' must!)Reliable airport pick-up/drop-off available - phone advance - know works! Recommended!",0.4295454545454545,0.5363636363636364,Jan 14 2007
15,15,VÃ¶llig Ã¼berteuert und laut!,0.0,0.0,Jan 14 2009
16,16,Chambre toute petite et sans fenÃªtre,0.0,0.0,Nov 25 2008
