,Unnamed: 0,Reviews,polarity,subject,Dates_extracted
0,0,"They'll treat like thief! My rooms booked paid advance I got reception intensive security check car - visual inspection hood, body stick mirror - metal detectors, screening gate physical inspection body hand bags. Check-in took 15 minutes asked credit card security deposit case I steal something run away without paying. (At least I interpreted reason rooms already paid for).The double occupancy room required careful physical maneuvering get door bed - tiny. The room 3 telephones: 1 worked intercom within hotel, 1 disconnected mains 1 I later discovered wrongly connected &quot;data&quot; port thus work. A broken shower bathroom eventually left unfixed 3 nights' stay 3 complaints. They weighing scale entire shiny 4-star either weigh luggage; discovered transferring call housekeeping front desk bell desk.Checkout took 20 minutes even absolutely pending bill.",-0.1,0.4293367346938776,Nov 23 2009
1,1,"Cheap get much less pay. Having stayed hotels India, I noted many unusual features looks quite good outside.1. The lobby looks like bad copy Las Vegas estate. It matter taste, may even like it, personal taste 4 star business hotel.2. The rooms cramped, odd shape. 3. The carpets clean places torn.4. The bathroom tub, shower area basic best.5. Be careful furniture room, delicate might fall put luggage top.6. The lifts quite adequate. However sign lift arrived floor. If careful observing 7-8 doors, might actually miss it.Service horrors:1. Internet pricey 7 star rates (even Indian ones). The speed barely compares dial (if works). Not good business trip.2. Same printing. Obviously rip-off.3. Had red stain pillow. And paint. I guess change laundry happen guests change.4. Breakfast/lunch restaurant takes infinite amount time service. But plenty staff around, seem either busy walking past busy chatting other.And I one experienced these. My colleague another floor similar experience.Bottom line: You get cheated better place else.",0.042816091954023,0.5031609195402299,Nov 21 2009
2,2,"A child learning walk! This 3 months old, words owner Ashok Mittal, according him, numerous teething problems. This good news, i.e. owner aware teething problems make excuses numerous flaws, gaffes, shortcomings I experienced 4 nites. The bad news old Ashok Yatri Hotel, 2 star owned run Indian Government, still shows infrastructure decor, inspite refurbishing new management Ramada.1. Front desk chaotic unorganized I tried check 3pm, supposedly slow time. There least 5 individuals behind front desk, clear to. Each trying help 2 guests front desk, one trying check one trying check out. When turn came 3 tried check one asking information repeatedly. One checked in, gave keys, I leaving informed I wait lobby 'room dirty'!2. I finally checked clean room, famished long low cost airline flight, looked room service menu. There wasnt one. It took 3 individuals 20 minutes retreive one. There waste paper basket bathroom.3. Space premium desk, single plug point alternatedf kettle, lamp, laptop phone charger. Some mini bar items spilled desk drawer.4. The plumbing old, time one uses faucet, flush, shower, huge racket. On last day I packing stuff wardrobe, I noticed clothes damp. Upon closer inspection turned leak vent wardrobe, droplets falling clothes.5. At breakfast first morning, long line guests waiting seated. It clear hostess manager able cope this. They asking guests share tables. When I finally got table, I got get breakfast returned plate, table gone! The manager offered seat another table, I didnt want take risk!6. When I asked user name password internet access I told come business center get becuase 'insecure' send room. When I went get it, I told I bother come business center, would sent up! This process needs repeated time need buy time, since cannot done online!7. On 2nd day I retunrd room evening, I noticed towels napkins replaced dirty ones left sink shower!8. Used glasses, cups, spoons cleaned replaced.9. My Wyndham Rewards number reservation I checked in, I gave them, I assured would input. Sure enough I checked time check out, still made way system!The good news staff young, inexperienced untrained, trying hard. The enjoying 90% occupancy public areas staff stretched accomodate everyone. I think come teething period. If willing endure then, go ahead stay here, not, wait weeks months.",0.019581980519480516,0.4458205567580568,Nov 16 2009
3,3,Unless short options choose I spent two nights I part meeting. The lobby restaurant clean polite extremely slow service. The rooms hand tiny air condition blew smelly air. Maybe smog outside The showers great little towels. I paid almost $14/day wireless never worked I knew internet staff. Outside dirty ruins fault. If four star god help us lower stars.,0.027430555555555552,0.4041666666666666,Nov 9 2009
4,4,"The worst I ever stayed As previous reviews stated entering things seem ok, start dealing staff things go hill. Our first room small smelly choice upgrade cheap option. We eventually moved cases needed change go out. We call reception everytime wanted hot water get work ourselves. The toiletries already used previous occupants cases none all.Breafkast always luke warm occassion would offered napkin actually someone's job. There facilities even place sit outside poor round. Fortunately Convention next door Shangrila Hotel (which hindsight booked) I able use beautiful swimming pool , spa resturaunt. When came paying bill told could pay US dollars stood ground insisted wanted pay GBP lo behold turned could. The way get anything done shout still smile everything make stay good one (believe don't). I would recommend establishment anyone business pleasure.",0.07352657004830918,0.537415458937198,Nov 3 2009
5,5,"Immensely disappointing - avoid We looked forward luxury New Delhi end holiday - lobby promised spades. However, 'all fur coat knickers'. The room 'Deluxe King' pokey, staff unhelpful rude, restaurant underwhelming. It lacked facilities, overpriced, major disappointment. Look elsewhere.",-0.0418560606060606,0.5924242424242424,Nov 2 2009
6,6,"Lousy Due non availability Double room priced Rs. 6500 (US$140), take Suite Rs. 11000 (US$240). The website states Suite, Internet (for fee stated). The ambience cleanliness Hotel starts Lobby ends lifts. The extra addition room make Suite round table 3 chairs, pay extra US$100 worth value. The carpets room floors torn dirty. In room remote television could found, room cleaner came found bed. From bathrooms personal toiletries missing used. The Jacuzzi would stop, shower would work, wife hold plug enable shower. The restaurant food good warm, buffet counter clean. An extremely bad experience.",-0.15722222222222224,0.36611111111111116,Oct 31 2009
7,7,"Awful April 25, 2009.I two week business trip Delhi colleague staying decent budget Karol Bagh. But due serious plumbing issue room got flooded shift immediatly got excellent rate TA Ramada Plaza Hotel.The reception lifeless. even shown / escorted room. The receptionist told us find way room. The room like pigeon hole. We asked twin beded room alloted single kingsize bed. After several calls one hour waiting taken another room twin beds. This room fithy &amp; dusty. The houskeeping supervisor came apologised got one boys clean room. The Bathroom mess. water clogged shower area soon opened shower / tap. We called housekeeping time attend call. The fittings rusted. I actually took shower puddle water ankle.Infact colleague went breakfast overheard converstion senior person Travel Freternity also faced similar issue yelling manager sub-standard call five star property. We immedeatly decided check-out hotel. We actually booked stay week settled bill one nights stay cashier asked us reason check-in out. The reception desk bothered notice checking day. In short informed tried tell us would speak manager duty sort matter. In fact informed us began operation November 2008. I could'nt believe him. But decided leave nothing would convince us stay back hotel.",-0.03361344537815126,0.4057422969187674,Jun 3 2009
8,8,Very nice We stayed Ramada Plaza total 3 nights New Delhi. This nice rooms clean modern. The food restaurant also good. There high security entrance baggage screened etc.,0.4303787878787879,0.7168181818181819,Mar 28 2009
9,9,"Nightmare Ramada Plaza Delhi Just avoid means since might get extremely disappointed poor level service compared Shangri La Meridien true 5 star hotels 5 minutes away bloody Ramada. Or go choice, case 17-20 January year, pay lot money get disappointments, poor attention, even risky experiences. During first night there, indeed, one staff strongly opened door went room 5 a.m. morning without asking permission, announcing himself, although Â« disturb Â» light ! Not end dreadful experiences : 7.30 a.m. 3 Indian staff came room running away I starting chase â¦.If look venue facilities, nice, place never become 2 maximum 3 star hotel. This paying Ramada Plaza Delhi (max. 1000 Rpees per night â donât pay !!!)The breakfast room tiny, I advise take breakfast rush hours ! It like central station London Monday morning, small space room completely crowded, ask 5 times anything. If hurry, skip breakfast await check evening. If like bacon, go street corner choose place breakfast Ramada doesnt serve bacon ! FINALLY VERY IMPORTANT:Donât laundry also Ramada, give back petrol wash definitely ruin clothes. That happened suit, ended rubbish bin.And complete picture mediocrity, staff unprepared improve conditions stay. They donât care start laughing walk away them, especially Dinesh laugh problems !",0.017280890804597705,0.5410919540229885,Mar 19 2009
10,10,"Comfort relaxation I brought Aeroflot, cancel flight. Hotel located green central quarter New Delhi, close shops Connought place, Parlament, far sites Old Delhi like Red Fort.Food tasty diverse. Rooms bit small, clean well equiped. You feel quite old renovarted. Servants polite helpful quickly manage 150 passengers flight arrived once.",0.053636363636363635,0.40045454545454556,Dec 5 2008
