,Unnamed: 0,Reviews,polarity,subject,Dates_extracted
0,0,Lovely Place The amazing n impressed management staff..Food quality good..the well built n neat &amp; clean place hang function purposes also,0.6166666666666667,0.8375,Nov 25 2009
1,1,"Lovely great service though centrally located I stayed 4 nights family. The rooms big clean. The service absolutely fantastic. One morning left early travel Agra staff made sure breakfast available (even though kitchen meant open yet). We ordered room service one evening food us 10 minutes delicious!The buffet breakfast included. It pretty good - selection hot cold dishes, Indian Western. Also, russle great masala omlette!I use decent looking outdoor swimming pool.On down-side: much business centre (1 computer fax/printer!) centrally located.",0.2269166666666667,0.5472777777777778,Jul 29 2009
2,2,"Pretty Good Stayed final 4 nights Delhi trip. The Modern good distance city Metro link nearby good. The rooms nice. No problem mentioned pigeons, room 7th floor overlooking park. The Cafe 24 restaurant quite good I found breakfast satisfactory. The Bar quiet nice quiet drink evening. There lot dislike bar overpriced Internet Access also unreliable. The area around Hotel great poor dwellings situated close by. Saying feeling danger walking area.",0.27399999999999997,0.633111111111111,Apr 4 2009
3,3,"Never Again In middle nowhere. 45mins delhi town, feels like lifetime taxi drivers.American breakfast!!!!!!! Have I got wrong, Americans curry ommlette breakfast.?As I business I required internet access, unavailable 2 days available I learnt whole purchased around 9 hours 15 day period! I aware internet chargable surprised learn maximum logon 43mins.Swimming pool unavailable.Restaurants consist 1 2 menus, food greatBar area dimly lit like sitting mine atmosphere.Staff helpfull.Expensive comparison many others better positions.Left day early, I would recommend PA wife I would sack",0.12916666666666668,0.4958333333333333,Nov 13 2008
4,4,"Great Place To Stay The place lovely, staf great food fantastic expensive.The issue expensive internet connection",0.26785714285714285,0.7464285714285716,Oct 31 2008
5,5,"Peaceful Delhi! City Park modern 7-storey northern edge Delhi. To get negative way first, bit isolated, easy order tuctuc taxi. However, name suggests, park opposite, views many rooms quite relaxing, counts lot somewhere manic Delhi, course also reduces street noise. And easily accessible main routes around Delhi. This easily 4* European standards, close 5*. Rooms large, beds soft, aircon quiet, bathrooms well equipped clean. Welcome cake, water fruit nice touch, particularly long flight drive. The Chilli restaurant food really good, plentiful reasonably priced Â£3-4 main dish, beer pricey, Â£3/bottle, 50% restaurant prices, service received bit slow staff seemed completely thrown changed number people reservation. There's pool summer, welcome. The extensive banquetting facilities also give indication hotole's quality. Great stopover days.",0.2625357142857143,0.46818253968253976,Oct 9 2008
6,6,"Poor Location But Clean Clean rooms, seemed far city, decent breakfast good gym (for India). Basic business hotel. We stayed 3 times 3 weeks time Internet pretty annoying.",0.05944444444444441,0.6580555555555556,Jul 20 2008
7,7,"Sleepless night We stayed one night first leg Golden Triangle tour, therefore booked us tour operator.Much disappointment, good 1.5 2 hours drive centre Delhi. Some members Group previously arranged eat Delhi, would possible. There nothing much vicinity hotel.We ate restaurant. The food nice, though terribly expensive even London standards.The biggest problem sleep (or lack of). After travelling around 36 hours hours sleep plane, hoping good night's sleep here.During night, wife I thought someone balcony trying break in, discovered around 10 15 pigeons sitting balcony banging bedroom window.A bigger nuisance, however, wedding taking place night around 11pm congregated car park balcony. They played drums trumpets loudly 2.30am. At midnight I called reception asking change room, request denied (only find morning guests moved rooms night).The following morning complained staff reception totally disinterested I say. They offered change room.....even though process checking out!Breakfast might good, I grumpy mood I possibly comment objectively! The butter rock solid unspreadable- that's much I remember.I would stay again.",0.08153333333333335,0.5129999999999998,May 1 2008
8,8,"pleasant dubious area We stayed twice, one night start tour, due fly Delhi. On first visit put rooms lower floor, pigeon problem others mentioned obvious. However final night roomed 7th floor thorough nuisance - flying windows, constantly moving around night. The area around one would feel safe exploring, though lots people seemed socialising quite happily park across road. The far city centre difficult use base sightseeing. We got map reception realised almost map central Delhi. Like us, guests seemed tours stay briefly. A previous poster mentioned dirty carpets - I think must stayed room carpets obviously washed still little damp. However - lots pluses hotel. We found staff pleasant trying hard helpful. They get overwhelmed checkout time, guests picked together. The staff bar really nice, though found drinks pricey Indian standards. The coffee shop downstairs pleasant place breakfast, plenty choice, though discover eggs would cooked order first visit - ask chef appear. We enjoyed stay - long using brief base find quite adequate needs.",0.1304166666666667,0.6733333333333331,Apr 29 2008
9,9,"Depressing setting This part Golden Triangle Trip (so Hotels booked us)&amp; stayed The Oberoi Maidens, Delhi 3 nights beginning (which excellent) Hotel depressing, comparison-even though food fine.There nowhere walk -the Cinema &quot;complex&quot;next door bleak &amp; semi derelict. There slum next (with, told, Bangladesh refugees) sludge/sewage/junk pavement - seems bit spoilt us complain Hotel-neverthelessthe carpet bedroom covered stains. It also felt bit malevolant outside-as men sleazy (to me-a female even tho walking husband daylight) &amp; noisy night shouting/car alarms &amp; pigeons/dogs (as others said)..A highlight Extreme Sport chipmunk sky-dived roof Hotel Tower block &amp; swam across swimming pool!",-0.10194444444444443,0.6055555555555555,Apr 19 2008
10,10,"Rude Unfriendly Staff Bad Breakfast Annoying Pigeons Balcony The tour company (Hi-Tours) put us two nights. We stayed another budget Delhi good experience (Silver Ferns). The City Park totally remote, far anything former mall next door empty except cookie store optical shop. We feel safe walked neighborhood. Our room overlooked rubble filled parking lot behind mall, balcony full loud pigeons cooing pooping everywhere. Dogs barked tor hours night. The staff rude inefficient. I waited line 15 minutes pay bill leaving person front questions bill. Six employees devoted time totally ignored except tell &quot;have seat.&quot; The breakfast tourist oriented service slow. The room adequate I can't recommend place anyone.",0.004385964912280709,0.5789473684210528,Jan 22 2008
11,11,"Great brief stopover This arranged us part tour choice stayed, disappointed. We arrived evening, spent day travelling Goa, day bit fraught due delayed flights possibility missing connection (which didn't, thanks tremendous efficiency Kingfisher Airlines staff). The clean, comfortable best bed 5 hotels stayed 2 week trip.Because arrived quite late, bother go drinks snack bar. Food drinks okay.On side, pigeons railings outside window woken 4 sounded like tap dancing - pigeons restless. The swimming pool looked nice although water bit cloudy. Some people might also put fact pigeons also sitting along edge, bath water!Breakfast good, although country known tea, I impressed - far weak wishy washy!The one problem encountered small visitor room. I saw something scuttling along floor thought insect. My husband saw realised small mouse - 7th floor! The staff amazed reported hopefully, dealt soon checked out.",0.14051932367149758,0.5183574879227053,Dec 28 2007
12,12,"Lovely Hoetl We stayed City park part tour around india. I idea much costs terms decor space brilliant. The rooms big modern ammenities. It quite far centre delhi get taxi's everywhere anyway. The manager friendly made sure good time. Just aware everyone wants tip, say thank close door. Nice hotel.",0.3721153846153846,0.5491452991452991,Dec 10 2007
13,13,"Nice stay get great exp. A 4 star 5star facilities amenities great price,will love stay next visit delhi, staff friendly helpful environment gud,and food excellent specially yellow chilli......an indian restaurant......",0.5234375,0.59375,Dec 6 2007
14,14,"I recommend City Park I booked Jaypee Siddarth; however, despite confirmed reservation, I rebooked City Park Hotel. I glad. While centrally located, rooms clean customer service exceptional. I definitely stay prices reasonable - rarety India prices unreal.",0.32916666666666666,0.69375,Jan 24 2007
15,15,"Lovely look beware..... We found City Park one night internal flights India. Hotel space Delhi premium glad get central(ish) room supposedly good four star hotel. We pleasantly surprised upon arrival lobby surrounding areas looked welcoming, spacious well laid out. The staff check cordial rather friendly. Our departure next morning early airport around 6.00 a.m. car coming pick us 5.00.We young daughter us want travel empty stomach made arrangements small breakfast left. We assured would there. Their full breakfast, paid start till 6.30. When arrived downstairs following morning cafe shut manager wanted charge us providing sandwich room service take us. All would provide cup tea coffee toast bits fruit There flight information lot hotels (4 star upwards have). In short one cared.So I would say looks deceptive want done - avoid hotel. This 4 star 0 star customer care standards.",0.15833333333333333,0.42,Jan 11 2007
16,16,"pleasant oasis suberbs A little way city centre set amid tumble houses shops, adequate stop over. It two restaraunts spa. (the aruvedic massages cheaper Kerala one hour massage 600 inr plus tax). The derives name city park directly opposite provides pleasant area walk without hassle New Delhi streets. Unfortunately open public urinals line side street smell powering hot day. Rooms well appointed beds comfortable.",0.20393709825528006,0.5206152433425161,Oct 20 2006
17,17,"Great Hotel - Far Away This excellent hotel. The front desk staff good, food good (breakfast fair, dinners excellent), room clean. Laundry service prompt good well. It good location. It far main part city - took 1-1/2 hours airport, 1-1/2 hours meet friend Crowne Plaza Hotel, 1-1/2 hours Baha'i Temple. I spent lot time car crazy roads Delhi. There wireless Internet access rooms, slow, I sit near door get signal.",0.4189583333333334,0.7214583333333334,Apr 13 2006
18,18,"Too Far Main Delhi Attractions Expensive If looking sight seeing Delhi, stay here, one end Delhi (extreme North) far main attractions get far better services grandness hotels South/Central part Delhi lesser comparable price. Its lobby public areas far smaller 5 stars Delhi located relatively smaller street front. The distance Delhi's main attractions like Lodhi Gardens, India Gate, Bahai Temple, Old Fort atleast 20Kms end spending 1-2 hours travel peak hours (one way). The place closeby (relatively only) Old Delhi attractions 12-15Kms place hotels Central/South Delhi well. There absolutely attraction around hotel.This also mind boggling banquet business marriages/family functions organized making nuisance residents noise people frequent 100s single day. It atleast 3-4 banquets halls.This located North Delhi residential area Delhi's good hotels located posh south delhi localities.",0.08716931216931217,0.5576278659611993,Mar 18 2006
19,19,"city park stayed 1st night golden triangle tour. wasthe best 3 hotels stayed - clean, good rooms, good service. breakfast good got much expected.it overall excellentand definitely sty next visit delhi",0.4376666666666667,0.45100000000000007,Jan 3 2006
20,20,"A sound excellent restaurant We stayed 5 hotels whilst India one best. It much catering business traveller, however, want get centre Delhi take around hour due shear volume traffic.The rooms clean, well decorated good size. The restaurant excellent probably one best ate India!!There also usual facilities hotel, Gym, swimming pool, 24hr room service etc.A previous review commented &quot;tipping&quot; staff holding cupped hands. We didnt experience hotel, however, common trait India.No real complaints hotel.",0.38423076923076926,0.4847435897435898,Dec 28 2005
21,21,"Do pay sufffer - Never Again We World trip April June 2006. We saw Hotel rated 5 star recommended major airlines. Whilst Hotel, advised NOT drink water, let water showering enter mouth, eat washed fruit salads. Strange 5 star water purification.All staff atttentive held hands make wages, tips. Other people met Hotel experience. All staff underpaid yet room rates US$200 per night. One would bring 1 towel, get tip return helper another towel want money return PLUS mate. Then flowers, soap, bottled water US$4 per bottle. We met several others experience paid us.Tthe owners ate restaurant did, staff left us guests served owners care. I saw owner's wife order six drinks succession changed mind, sent untouched drinks away rude staff I could interupt tell off. She said could leave Hotel like it. How rude! disgusting I seen animalss treated way treated staff.Everything organised Hotel upwards 5 times price anywhere else. renovating jackhammers 6am 10pm every night regardless complaints, ignored us guests lined complain.I felt sorry staff tried hard, management despised guests, staff.I wrote Hotel Airlines recommended I want make sure others pay suffer. Not even reply.Never again!Marcus",-0.04606481481481482,0.4530864197530864,Oct 22 2005
22,22,Ottimo e bellissimo,0.0,0.0,Sep 28 2006
