,Unnamed: 0,Reviews,polarity,subject,Dates_extracted
0,0,"Loved The Rooms This Hotel always choice ever I stay near Airport. The Rooms well managed, I love stay them. working staff alsr really good good food there. I would recommend looking budget hotel, visit place. This worth everything also get good amount corporate discounts.",0.46625000000000005,0.47750000000000004,Aug 4 2009
1,1,"Backup close airport - OK choice Compared many Hotel New Delhi, better average. But I would consider better backup far away airport. The value money really bad:- The located noisy area.- My room dirty (floor, walls, bathroom).- After looking bed sheet, I decided take 2nd shower sleeping.- The breakfast mix British Indian styles, worse both.The service mix: I checked in, evenso I arrived 11pm, service friendly, quick efficient. The next day, reception quite unfriendly agressive. I still know why.",0.06129984051036684,0.4905901116427433,Jun 4 2009
2,2,Delhi Airport Hotel Nice clean rooms. Tad expensive I booked thru IRCTC website got allinclusive rate.Though IRCTC mention free B/F gave,0.21666666666666667,0.8,May 13 2009
3,3,"Grear Hotel If want meeting close airport, Hotel Shanti palace right choice. Its nice big rooms tasty restaurent, Though bit expensive worth sat there.I stayed 2 nights pleasent stay me.",0.13714285714285715,0.4871428571428571,Apr 22 2009
4,4,"Average price This OK place stay need near airport, probably positive thing say location. The overlooks busy flyover route Delhi area around particularly grotty nondescript thinking taking evening stroll. We would recommend staying reason close airport. The smart nicely decorated. Our room clean well furnished bath, well shower. On pulling back curtains found wall 1ft away window, panorama. Hotels Delhi seem see windows priority particularly surprised. On balance would recommend stay airport, reason. Its long way centre Delhi general area particularly nice. Once inside Hotel quite nice, decent bar/restaurant albeit, far waiters floor managers actually needed. This cost us Rs7000 per night (about Â£100). This three four times cost hotels Paharganj area although rooms lot better really say great value. There seem mid-range hotels Delhi though want something decent standard want pay $300 night bad option.",0.1806508967223253,0.5507730364873221,Mar 6 2009
5,5,"Shanti Palace -- Surprisingly Nice! Shanti Palace great need place sleep night two. With husband India shocked see prices Delhi $300 $400 USD Night!!! This place recommended us family member $180 USD per night pleasantly surprised. It located less 5 minutes airport optional driver pick-up service 600 rupees one way (not including tip). The room incredibly clean comfortable 2 people option twin beds king. The room completely granite including floors, bathroom counter tops came equipt mini-fridge well flat screen TV. There also high speed fan room well A/C. Breakfast included Tripti Restaurant &amp; Bar downstairs lunch affordable. Beware want purchase alcohol must age 25. There also travel agent located lobby help arrange transportation back airport need be. The complaint would view window room might pipes enclosed stairway. However, 30 hours traveling care view. All wanted nice hot shower place lay heads.",0.14911764705882355,0.6253921568627451,Dec 17 2008
6,6,"Outstanding experience Shanti Palace A delayed connecting flight made us miss 1 AM flight Delhi Airport. We stayed Shanti Palace 2 nights pleased hotel. Our room seems recently renovated extremely clean well appointed. Beautiful bathroom, excellent room service, entire staff helpful. Breakfast included room price buffet acceptable. At $155 per night, thought received good value money.",0.4740740740740741,0.7055555555555555,Dec 11 2008
7,7,"poor service Meet greet staff poor. Do understand English. Reception staff stopped serving me, snatched guest book started serve American Guest. I get offended told face. Staff know smile welcome guests. In end gave us key room even ready.Getting extra bed proved hour long argument!!Hotel owner needs know staff behave like could losing valued customers. Hotel needs site seeing leaflets display.",0.07545454545454545,0.42545454545454553,Jan 3 2008
8,8,OK stay-over Airport OK clean. Has restaruant ok.We got deluxe suite stayed two young daughters.Better take room facing highway (noise).Close airport. We paid around 300 rupies transport airport.,0.4133333333333334,0.6,Dec 19 2007
9,9,"A Good Place Business Travellers I cannot agree bad comments made Hotel. Although Hotel located &quot;middle nowhere&quot;, facilities offered reasonable Business travellers. The views window may worry travellers. I surly cannot agree comment regarding rudeness staff, opinion courteous. I would wished choices breakfast menu.",0.18285714285714288,0.5666666666666667,Dec 18 2007
10,10,"Below average I stayed single night Shanti Palace found poor hotel. First foremost, outdated. To register room, must sign registration book straight 18th century. Second doors lock latch find outdoor fence. The single beds extremely small. If 6.0feet/1.80m, probably big beds. The rooms clean all. I would never return hotel!",-0.11291125541125542,0.37956709956709955,Nov 25 2007
11,11,"Expensive Hotel seems recently refurbished. Rooms small clean. Price website Rs4600, charged Rs6600. Poor value money. Reasonably close airport.",-0.09722222222222221,0.5416666666666667,Jun 25 2007
12,12,"Unbelievable rude. Food poisoning. Tiny dirty rooms. Avoid!!! This middle nowhere, next airport(about 3-4 kms, 2-3 miles). The staff extremely rude. Therooms small facing wall. Literally, there'sa wall 1m front ALL rooms' windows. Thereception staff rude also over-price andevery item - e.g., hotel-airport ride (they charged us8USD, street price USD4). The restaurant thehotel extremely expensive, roughly 4 times normal New Delhi prices. Some people us got food poisoningfrom food, second day. They stayed inside 2 daysjust recover. There literally NOTHING close hotel.Just avoid please, chance. On hand,I sure get much better Delhi general.However, USD 140 (roughly USD 30 Shanti Palace, want fork much), hyatt isok, free wireless etc. A friend stayed there.",-0.07561983471074382,0.5312924701561066,Dec 21 2006
13,13,It safe clean hotel. We three women shared good size room three nights. The safe clean important thing us. Friendly staff. Food good. And expenssive 3 4 star hotels poorly reviewed. The near airport little far city. But rented taxi driver day 1000 rubies. The taxi took us Agra back 2500 Rubies. Great deal.,0.31755208333333323,0.5834375,Nov 27 2006
