,Unnamed: 0,Reviews,polarity,subject,Dates_extracted
0,0,"i'd give miss I stayed place couple nights best experience had.the rooms ok, bathrooms small.It's supposed botuiqe hotel, fails live expectations. located bang heart business district, saving grace. If getting good night's sleep ALL looking for, may consider place. However, price u pay, many, faaaaarrrr better places offer. I'd give miss.PS: Dont even bother food. step one MANY restraunts hop skip jump away.",0.4170454545454545,0.4625,May 14 2009
1,1,"I really liked hotel. I surprised negative reviews I really liked it. My room clean modern. The located central part Delhi, which, pleasant surprise, I liked. It provided opportunity walk around residential area one normally would see staying central area. It plaza stores, theatres, (too many) chain restaurants well independent ones. The garbage plaza following morning substantial (but gets cleaned up).I agree reviews getting call taxi - gouge big time. There taxi stand diagonally across plaza past movie theatres. Rates good. I simply walked taxi stand, negotiated good rate, asked come get (so I lug bags there).The breakfast okay. Nothing amazing, dining room terribly inviting.I stayed one night last night tour (supposedly closer airport &quot;central&quot; hotels, I'm sure there's really much difference). Because I stayed part tour, I know kind rate charged, can't comment value regard.",0.26532258064516134,0.5412698412698412,Mar 10 2009
2,2,"Nothing wrong Silver Ferns Wife I stayed 2 nightsbefore tour Rajistan 2 end.Before go I read reviews I always see travelers say places stay.We disagree nearly give Silver Ferns bad opinion.Hotel 35 minutes airport.Rooms pleasent tastefuly decorated.Good aircondition.Tea,coffee facilities.Fridge order.Complimentary 2 bottles drinking water day..Basic breakfast order eggs made requirenats.No ham,sausages cheese.Next door pub (serving food really bad one).Outside find chinesee restaurant,pizza hut subway well McDonald 7/11 store.Reception staff pleasent helpfull.Honestly nothing wrong Silver Ferns.",-0.27812499999999996,0.5885416666666666,Jan 3 2009
3,3,"Don't let call taxi! Our Rajistahan tour started Silver Ferns Hotel.I guess OK one night stop, small market area crammed Western eateries like Mc Donalds Subway 7 Eleven right next door Irish Pub.The rooms adaquate seemed clean.Breakfast meagre buffet basement, room inviting food even less so.We asked porter call us taxi go New Delhi, tried tell us fare RP1000, thought high tried pay driver directly end ride find told settling bill.Our return taxi RP400; front desk tried charge us RP1000 refused paid RP500 lengthy argument. (we learnt gave drive RP400 trying keep rest themselves).Unless tour starts I would recomend it, much better barely three star oppinion.Possitive note: handy ATM's 7 Eleven",0.1244359562006621,0.45276037687802395,Jul 5 2008
4,4,Not bad We stayed part tour. The clean comfortable breakfast great. Don't think really deserved 4 star rating maybe 3- 31/2 would appropriate.Location good fair distance central Delhi.Some staff helpful others snooty reason be.Would stay,0.4462962962962963,0.5962962962962963,Apr 7 2008
5,5,"O.K LOCATION This conveniently located small suburban shopping area nice part delhi There available good cafe/dining facilities, clothes shops,bookstore(great selection cheap)., ATMS cheap internet cafe .Although centre village, bedroom noisy.The adequate, world scale worth 4* rated. I would give 3*only.Room facilities average amenities. Small lounge area small Reception..T breakfast dinner good.",0.16845238095238096,0.4577380952380952,Jan 27 2008
6,6,"Absolutely ghastly !!!! Warning dirty !!! I stayed called Christmas period 2007 terrible dirty. The bed linen smelt awful like cleaned many guests slept sheets!! There NO HOUSE KEEPING i.e. rooms cleaned whilst out. It mis-represented website showing pictures horel exist !!! No bar, banquenting facilities spa suggested website food sub-standard. We already charged stay even pick elderly mother airport charged us transfer fee! This provides little value money charge. It dirty little B n B call even ! We checked Sheraton 3 days marvellous price hovel !!!!!PLEASE DO NOT STAY HERE !!!!!!!!!!!",-0.318984375,0.7075,Dec 29 2007
7,7,"Good Position A new hotel,situated Saket Shopping Mall.Comfortable,clean room.Meals good,but want fix take away food,McDonalds,Subway &amp; Pizza Hut door.About 40 minutes Airport problem noise.Good value.",0.41818181818181815,0.5272727272727273,Nov 25 2007
