,Unnamed: 0,Reviews,polarity,subject,Dates_extracted
0,0,Comfortable stay u wanna live delhi close airport closer gurgaon good place stay.....comfortable rooms.,0.4121212121212121,0.6333333333333334,Jun 6 2009
1,1,"bad worst hiThis quite close airport really bad, customer service bad proper manner, standard 4 star hotel. rooms bad. ho heater proper AC. bathroom really bad, small dirty. bother clean it. couldnot even open window passer see inside. ruined honeymoon trip expect delhi 4 star like worth even star. food bad. people bad friendly. fulfill requirments even asking n number times. horrible honeymoon rest booked turned excellent.",-0.35029166666666667,0.6093333333333333,Oct 13 2008
2,2,"Try find another We stayed 2 nights waiting transfer Cochin travelagents mistake 2 nights way back Sweden. It run down, dirty bathrooms sad looking staff working there. The descrition hotels website far away true experience, prepaired unable sleep nights stay here. The built like echo chamber, every little noise rooms reception (phones, staff make dishes/cleaning middle nigth) go straight room. There bad smell rooms, windows dark inside. Actually felt ill staying here, felt better soon possibilty leave hotel. As staid monsoon season worried roof fall down, huge amounts water pouring straight roof covering eco chamber outside rooms. So advice: try find another Delhi, favourible thing say close airport, wich make possible make sure able cach departure even monsoon hit Delhi badly (as upon leaving).",-0.02013374485596708,0.549814814814815,Aug 20 2007
3,3,"A basic Delhi gone haywire pricing, could get small budget even year ago found today. The Westend Inn basic hotel. It's generally clean, make sure get renovated room side across pool. Some fixtures (like soap dish bathroom) broken, bed comfortable, sheets clean, phone works, there's tv, etc. Westerners keep mind India, might get US going case here-no bathtubs example. The staff speaks limited english (be prepared India general) want something complex, answer get yes, really get want. The wifi joke-it work majority time there, India issue general. The rooms second floor better wifi reception. The business center business center internet sometimes work. The westend inn horrific reviews make be, expect 5 star experience, expect US 3 star experience either matter either. And regarding mosquitos, India, going exist rained recently, going force. Don't open windows ask repellent plug see advertised India.The food pretty decent cheap. Room service great-food terrible, buffet restaurant good several items ordered menu. All all, decent experience.",-0.007720057720057726,0.5076539201539202,Apr 25 2007
4,4,"Stay Away! Very bad experience. Stay away. Hotel employees kept asking tips leave room i've paid them. More specifically, I called desk arrange taxi airport thought arranged taxi would trustworthy. When got airport, Taxi driver asked 300 Rs. I knew cost less 150Rs domestic airport came night before. I gave 200 Rs. The next thing heard charged additional 300 Rs roommate 's bill checked taxi service.",-0.012777777777777744,0.33888888888888885,Mar 2 2007
5,5,Favourable I recently returned Delhi I visited along 40 others part cricket tour.Before leaving alarmed reports TripAdvisor.However stay 10 days reports generally unfair.Our party found Hotel clean well maintained (some building work porgress part building) staff courteous helpful.The reports airport noise clearly wrong.The downside location isolated facilities involves adventure Delhi traffic.,0.1673809523809524,0.6011904761904763,Feb 17 2007
6,6,"Avoid possible Stayed one night en route back UK. I pay room myself, aware much cost. For price, I say I expecting lot better.Start positives: room spacious, marble floor gave sense luxury. Then negatives: furniture little bit worn, somewhat dusty. The bathroom poor, walls patches mildew fittings covered limescale. The toilet, even though &quot;sanitary seal&quot; it, clearly cleaned toilet brush. The windows covered dust.However, worst problem noise. The room overlooked small internal courtyard used &quot;utility&quot; area, staff washing dishes late night. I put this, despite woken noise 1230AM 115AM. When happened again, 230AM, I called reception. The attitude duty manager (I think) helpful; suggested I imagining things (I could see pile washed crockery window), said &quot;socked&quot; (sic) happened etc. At 230AM, flight catch next day, I came close &quot;socking&quot; :-) I saw go there, things quietened down, started 7AM.For worth, colleague stayed days earlier found fine. There apparently &quot;old&quot; &quot;new&quot; rooms, maybe I got old rooms.",-0.058744444444444446,0.36664444444444433,Dec 23 2006
7,7,"Nightmare Missed flight Delhi airport scrambled place stay. Airport staff pronounced &quot;Westin&quot; -- imagine surprise! A true nightmare. I laugh called room I got &quot;super deluxe suite.&quot; The shower made three glass walls joined inch gap AND NO CAULK. A shower flooded place entirely. Internet work. Guests hoodlums. Food restaurant abysmal. I'm pretty sure fleas bed. Took 2h send car airport get me, every time I called said would 5 minutes. Stay away!",0.3541666666666667,0.6939814814814814,Dec 11 2006
8,8,"Worst Service Worst rooms Avoid costs We stayed travel agent booked us saying 4 star.1. Check pathetic, always give bad room first. They change better room complain.2. They say payment made travel agent; always case &amp; makes checkout longer.There seem preferential treatment foreigners odd reason.",-0.44523809523809516,0.6785714285714286,Oct 17 2006
9,9,"Fewer stars might expect! We part British group booked two nights touring Delhi. This change original itinerary Delhi area -- somewhat disappointing. On plus side, close airport. But regards strong standards looking four five star hotel. This two three stars Paris best (and yet far tourist sites shopping). The dining room food adequate, although group went hungry (not liking choices). Breafast selections especially limited. The pool fine lovely afternoon, sunset bring mosquitoes (be sure use spray). The English language challenge staff, communication humorous frustrating. The property bad potential. However, aspects rooms rundown needing diligent regular ongoing maintenance. The three buildings. One lift, two (on two floors each) (just know). Overall, disappointing ending week India -- hotels, Agra Jaipur, much nicer, cleaner, better run.",0.15358906525573193,0.5204445348889792,Oct 12 2006
10,10,"Nightmare. Avoid cost I Indian living US. I extremely patriotic proud India. But India, WARNING hotel.I transiting via Delhi spend night. The airport counter recommended gave ride place.- Check went well- Noticed party going one rooms loud music 50 guests called front desk knew party would end. The sound reverberating since rooms facing open center area volume way powerful sound system.- Response: &quot;No don't, party&quot;. (Hmm that's odd response right?? )- By around 10:30 PM getting louder children running around knocking doors waking people up.- This triggered whole bunch guests (mostly people transiting spending one night weary tired) come rooms complain.- Now staff said knew scheduled &quot;Reception party&quot; one rooms let people know check cannot ask people reduce noise &quot;since room&quot;.For crying loud, 50 people spilling room, loud music reverberating children running around knocking doors.Its odd would ignore guest party. It may well got whole bunch money it, standard live it. The party went till well 2:00 AM. In spite guests complaining simply tired travel walk hotel.Now even get started service &quot;breakfast&quot;, 8 staff helping around 10 guests, two ganging American guest taking second cup coffee. Apparently time take anything, need note put tab.Back airport, I asked counter recommended place found lot people bad experience place forced recommend place since owners politically connected.Now truly believe &quot;Stars&quot; place may get, political connections.",0.031505907287157305,0.44370039682539686,Apr 22 2006
11,11,"stay away run down, dirty mosquito ridden - believe non-smoking policy, non-smoking rooms smell stale cigarettes. The front half attached building collapsing, half demolished, looks like earthquake zone. Definitely 4* quality get really, really cheap deal manageable one night. Buffet disorganized OK. Yes close airport nothing else is.",-0.054320987654321,0.4358024691358024,Apr 22 2006
12,12,"Worse experience 20 years... On basis description found web, I expected 2 relaxing nights small garden swimming pool. In fact, positive facts are: (1) close Airport (indeed, hear planes) (2) swimming pool (which may need much aim sleep...). In short, collection worst imaginable:- doors paper thin, windows single pane which, next major highway, means constant traffic noise, full 'perception' noises well - fact, sleep 50% nights spent there...- staff best strange, usually fully dismal: receptionist really speaking English (understands AM PM therefore airport pickup there, instance) - also loving wash floor clean rooms middle night, preferably making much noise possible process, speaking really loud, chance sleep- sub-optimal food- particularly gloomy court dinner breakfast- not-so-clean bathrooms- customer service attention,- cherry pie: second night, drilling rig operating (a large one, dig deep well) 10m bedroom - 8pm I called: 'will stop 5 minutes', 8:30 'will stop 1 minute', 9 I called manager, 9:15 I went fetch manager drag literally rig, 9:15 I bring manager again, finally 9:30 rig stopped operating...the staff said 'it stop xx minutes' nothing, even check - replied keep us 'happy' -in short, I believe could get bad, particularly price. STAY AWAY BY ALL MEANS!",0.018571706071706072,0.47630286380286374,Nov 11 2005
13,13,"Stay Away The tour company I used booked first night Delhi. I appalled. There mosquitos lobby, entire place looked like falling apart. The walls stained, pool water it, bedsheets visibly dirty. The towels gray, shower curtain (though curtain rings still hanging), I felt necessary shower flip-flops. The bright spot inexpensive internet access allowed look alternatives return Delhi later week.",-0.05624999999999998,0.6947916666666666,Mar 28 2005
14,14,Sehr schlechtes Hotel!,0.0,0.0,Feb 22 2007
