,Unnamed: 0,Reviews,polarity,subject,Dates_extracted
0,0,"busy hotelling Luxury rooms, finest interiors, plush furnitures great ambience. Really find true luxury. Warm rooms quality service disposal. Blended finest quality food make stay memorable.",0.42500000000000004,0.5833333333333334,0.5833333333333334
1,1,"One-hour check-in midnight despite arrangements minimise check-in time I booked room husband using one telephone call 5 e-mails. All e-mails communicated clearly (a) room essentially booked husband could sleep well hours, (b) arriving midnight continuous travel two days needed much rest could get leaving morning (c) would possible reduce time check-in check-out formalities, could sleep minutes more. My credit card details given via phone received confirmation document e-mail attachment. As per understanding, room pre-paid.However, arrival midnight, husband spent one hour check-in. After failing convince pre-paid room, husband called me, Mumbai. I called Manager wondered accompanied husband. I wondered mind person understand words 'single room' 'my husband' job.The Manager told credit card charged used reserve confirm booking. When asked Manager info made clear before-hand communicated need minimise husband's time check-in check-out formalities, answer except following standard procedures. I called husband back asked make payment. He that, could go room.Over years, I booked rooms different parts world different ways know hotels use credit card reserve mention clearly. This clear communication removes scope misunderstandings. Therefore, booking credit card, check whether room really pre-paid reserved. This save everyone's time energy. Assuming inform us, perhaps much expect, regardless price one pays efficient service.",0.06211180124223602,0.4020703933747411,Nov 24 2009
2,2,"Best near airport We stayed Radisson Delhi overnight, chose first one found price range (10000 Rs maximum) near airport.We suprised find real Palace, top quality service (not even seen higher priced hotels India!).The rooms modern, spacious beds softest I've seen life.The food also good, best breakfast I've eaten India. Will definitely return next overnight Delhi.Only drawback: everything occidental-styled, nothing looks Indian...",0.3364285714285714,0.42238095238095236,Nov 23 2009
3,3,"Convenient location fantastic service restaurants banquet rooms I attend conference 1 week. The location appropriate business people business/ meetings Gurgaon. Its proximity airport big plus books given unpredictable Delhi traffic.Admittedly, I rather concerned reading favourable reviews. But experience really quite good. The standard service restaurants banquet rooms conference held fantastic. The food wonderful good thing us ate entire week. The reception housekeeping end could improved - I requested late check fee I checked never inputted system. There also days I get laundry bag apart small hiccups, stay wonderful.",0.3122222222222222,0.5950000000000001,Nov 20 2009
4,4,"Highly recommended business traveller needing near airport Gurgaon A pleasant stay. Rooms well-furnished, comfortable, clean. Collection airport went without hitch. Conference went smoothly, events staff highly commended service attention detail. Good selection food three restaurants on-site - even week without opportunity leave hotel, I feel bored selection. Excellent wireless connection. Full service spa/salon on-site - nice extra often get business hotels. All all, happy first time stay hotel.",0.36343749999999997,0.6523958333333333,Nov 20 2009
5,5,"Great experience....but pay it. I stayed Radisson severl times last years always fantastic stay. The staff welcoming accommodating food great. It certainly one nicer hotels Delhi, pay it. To compare similar New York London, cost much less, isn't. If afford rate, disappointed service property.",0.12339826839826837,0.4809307359307359,Nov 16 2009
6,6,"loved decor We returned week Ritz Carlton. The magnificent never experienced incredible service before. It lovely hard drag away go theme parks all. In fact bother Disney , trips Universal. It hot busy there, wait get back peace tranquility hotel. We stayed club level concierge club lounge 5 different food presentations laid day. We expecting nibbles breakfast lovely continental spread cheeses fruit pastries etc. During afternoon literally like tea Ritz London champagne etc. Quite difficult fit meals that! The pool lovely, big Marriott next door luxurious. Our kids 11 13 enjoyed it. The pool attendants wonderful, laying 3 towels per sun lounger, one rolled head rest. The waitress even came pool tray smoothies everyone try. The Spa world. Not 16 really quite happy daughter treatments. Expensive fabulous. Restaurants great. Normans smart dined daughter's birthday. They even printed special menu wishing happy birthday. We paid $299 per night room club level thought excellent value. There 2 double beds four us shared. Overall I would say probably best ever stayed holidayand I extremely fussy! Perhaps convenient want theme parks, want mix little luxury odd trip parks absolute must",0.2662769274376417,0.5742772108843537,Nov 16 2009
7,7,"Second time My partner I stayed 2 days we're quite pleased stay here. This second time I knew expect. Great service food. The close airport, good us.",0.4,0.47000000000000003,Oct 2 2009
8,8,hated Radisson delhi - Extremely disappointed service. lobby nice. rooms dated noisy highway side. initially put room highway asked change side. staff promised get back 1/2 hr. forgot finally moved 6hr. expensive state room is. The see focus customers customer service. staff though polite go way helpful. say get back forget. offered CAA rate internet honour checkin. offered weekend spa package reluctant honour it. asked 4 times got run around. time would get back seemed forget. extremely poor value price.I travel business extensively around world never treated poorly. female business traveller Indian descent sure something it. usually goesout way make female guests feel safe welcome. certainly Radisson.,-0.07274436090225563,0.4685254803675856,Sep 17 2009
9,9,"Hotel excellent - restaurant awful I ordered smoked mussels. The first taste awful old stinky fish smell. Yet I tried bites. I hoping I get food poisoning.My customers colleagues minor complaints; al dente al dente, crispy.Recommend: yes, restaurant no.",-0.028571428571428574,0.6047619047619047,Sep 3 2009
10,10,"The worst trip India - Do stay here! My partner I spent 3 weeks touring Northern India basic tour decided end holiday thought going pure luxury - The Radisson Delhi. How wrong could be! Yes, lobby looks impressive, staff rude uncooperative. We shown room smelt strong glue, moved room smelt smoke. Eventually settled third room noisy view motorway, complete roosting pigeons directly outside window. The food ridiculously expensive uses unique exchange rate! So beware. But worst part following morning awoke mouse scurried bed. After reporting manager apologise discounted meal previous evening, didnt make shock finding mouse realising probably room us night. A horrible hotel. Don't stay there!",-0.0881735588972431,0.5618421052631578,Aug 27 2009
11,11,"Great Experience Med Restaurant. This restaurant reccomended great friend mine Miami &quot;Luca P&quot;, told Chef Giovanni Leopardi one best Chef arrond globe. took word, wright, I best dinner. I enjoy taste, freshiness food, better word describe wonderfull experience had. thank .",0.75,0.5166666666666667,Aug 19 2009
12,12,"Clean Convenient! The really clean.. room (I stayed Superior Room) big bathroom pretty good size too. The room service time many choices like Indian, Chinese, &quot;American&quot;.. food ok too.The front desk folks efficient.. informative.. nice.The best part 10 minutes car complimentary shuttle service Indira Gandhi International Airport well domestic airport. Not good concierge!I woman travelling alone (and first time Delhi) wanted last minute shopping.. I asked concierge taxi fare nice shopping places.. guy brushed told taxis parked outside hotel.. pay abour 250 rupees go marketplaces (not specifying market places).. it.. even give map even directed place get map even give info Travel Desk! So I went services found &quot;Travel Desk&quot; lobby (just steps concierge) ended hiring driver 2000 rupees went shopping safely conveniently downtown Delhi 4 hours!Anyways.. this.. I recommend especially people catch early flight single travelers..",0.2714285714285714,0.4384920634920635,Aug 6 2009
13,13,"Worst New Delhi Absolutely worst hotel, line Centour Hotel. Please stay here, nightmare 5*. In opinion 3* max",-0.4159090909090909,0.8386363636363636,Jul 29 2009
14,14,"Pleasant Surprise! Superb... We booked close airport needed overnight stop make connection Ranchi following day.To honest, expected functional adequate. From start pleasantly surprised. We met airport friendly chauffeur: &quot;Welcome India!&quot; car offered cold bottled water. The wonderful - room upgrade one daughters sharing us. The little extras upgrade welcome - chocolates, complimentary drink - next morning breakfast proved magnificent. We've stayed many fine hotels one really 'hidden gem'.There spa daughter pronounced good, excellent internet facilities. We really want leave! On return stayed Metropolitan which, central convenient sightseeing, pleasant experience.",0.3800320512820513,0.605,Jul 13 2009
15,15,Good choice Restaurants The rooms clean. Staff courtious. The Hotel 2 major restaurants. Both good. Did time check facilties. Located quite close airport. Travel desk went way help us visit Agra. The staff business centre extremely efficient.,0.3408333333333333,0.68,Jun 23 2009
16,16,Convineance step This closest New Delhi International Airport. The Tariffs moderate reception staff needs better grooming.,0.1590909090909091,0.41363636363636364,Jun 18 2009
17,17,"nice beautiful best trip ever , enough feel good trip delhi.it 5 star amenities required anyone.the services provided also exellent.",0.666,0.6799999999999999,Jun 16 2009
18,18,convenient airport I think better place facing imminent departure DEL-only five minutes mayhem airport. Great pool public areas. Sumptous buffet. Very nice policies regarding late check-out prior boarding AA 293 16 hour trip Chicago.,0.17166666666666666,0.4861111111111111,Jun 13 2009
19,19,Convinient location since traveled work Delhi.. radisson seemed convenient location.. close airport..The restaurant The Great Kebab Factory delicious indian food. It wide variety vegetarian food..The ambience nice..The room spacious..,0.42000000000000004,0.5499999999999999,Jun 11 2009
20,20,"Short transit stay felt like home This unplanned stop Delhi, flight delayed. I short business trip stay overnight flight got cancelled. Since I reservation I walked hotel, closest airport certainly helped. The staff courteous treated warmth I regular. I impressed service took away frustration I airport. I got great room, also upgraded high floor bigger room I guess. A quick tip also less 24 hour room booking people need room hours. The next morning I meeting I used business center well. I impressed business center I anything them. The food great, I also liked relaxed ambience bar/lounge. Overall I think done great job property prme location. It also conviniently located people might work Gurgaon Delhi. I give thumbs one!",0.2691341991341991,0.48659174159174157,Jun 11 2009
21,21,"Loved Great Kabab Factory Restaurant Very near ariport, convienent. This &quot;hotel choice&quot; stayed I India business pleasure.I recommend superior rooms. I like comfy beds hospatality second none.You schedule pickup/drop from/to airport friendly staff phone online",0.415,0.5385714285714286,Jun 10 2009
22,22,"Nice Hotel Good Staff What food kabab factory. absolutely awesome. The room really nice liked lot. They kind give us late check out. Close airport, neat clean would return",0.5433333333333334,0.8375,Jun 10 2009
23,23,"stylish property Featuring excellent service, high standards comfort genuine hospitality, stylish property perfect venue pleasant well relaxing stay.Guests dine onsite restaurant serves delectable Indian, Italian well Chinese cuisine. You also relax cafe snacks beverages well sip various cocktails cosy bar.",0.4293333333333333,0.6506666666666667,Jun 9 2009
24,24,"Badly needs renovation After staying Radisson Goa, big let down. The rooms need serious renovations though breakfast outstanding. Even check check efficient. With renovation choice airport transfers want stay delhi gurgaon",-0.08148148148148145,0.48287037037037034,Jun 8 2009
25,25,"Good choice want explore city I Delhi transit. Have chosen two reasons: 1. Name - I want surprises looking international chain hotel.2. Closeness airport.The second proved useless. If going Delhi Europe distance airport eventually matter much flights scheduled around midnight early morning. Roads anyway empty time.Positive sides. Very good reasonably priced restaurant lobby. Nice breakfasts. Free airport transfers airport included. A swimming pool. Annoying. Noisy air conditioning room. If really sensitive noises check room windows towards courtyard. I room windows highway: actually ok, I know someone (like dad example) even thick double-glazed windows bring quiteness gets highway right front eyes. Personnel general nice friendly. To sum I would recommend interested exploring Delhi downtown need rest business meetings exotic trips around country.",0.19027210884353737,0.575748299319728,Jun 7 2009
26,26,"The beautiful fountain I visited Radison Oct 2006 .I went attend boss first marriage anniversary The magnificent never experienced incredible service before. It lovely . It hot busy there, wait get back peace tranquility hotel.We stayed club level concierge club lounge 5 different food presentations laid day. We expecting nibbles dinner awesome. After dinner, took ice-cream terrific.Although expensive surely enjoy forget money spent there.Waiters great.Overall I would say probably best ever stayed holiday. As expensive however want mix little luxury odd trip parks absolute mustOverall best experienced:)",0.29183333333333333,0.6153333333333333,Jun 6 2009
27,27,"Once more! - Very apt location, near airport- good service",0.60375,0.67,Jun 3 2009
28,28,"wonderful experience nice servicesnice membership schemesnear airporteasy find,overall wonderful five star",0.8666666666666667,1.0,May 25 2009
29,29,"Good Food Costly Hotel Excellenat, Cost wise high, business purpose nice",0.5399999999999999,0.76,May 23 2009
30,30,Full marks Top Class Hotel !! I travel frequently Dehli Radisson Hotel Delhi always first choice.I give full marks staff Radisson Hotel Delhi.There wide choice food arrays facilities.The Business class rooms large well furnished. But I say without reserve staff professional always helpful caring.The best thing also near airport.What else I say? &quot;its always pleasure&quot; stay The Radisson Hotel Delhi,0.30959415584415584,0.39199134199134195,May 22 2009
31,31,"Very good friendly Hotel near Airport-free charge pick-up I stayed Radisson Delhi 1 night, needing catch connecting flight next day. Everything worked perfectly well complementary pick organised airport (just indicate flight number arrival time staff advance): I arrived late night own, encountered problems woman. The driver curteous. Hotel check-in smootly, well trained reception staff, clean room (one disadvantage: room showed side motorway ran past; much noise). Uncomplicated transfer back airport next morning. I recommend",0.24440476190476193,0.4585714285714286,May 20 2009
32,32,"Good staying experience The positioned location extremely accessible airport.The service excellent. The staff extremely polite, know helpful.Though I get sufficient time use services provided I would surely vouch service, great food room service.",0.4642857142857143,0.7305555555555555,May 12 2009
33,33,"Pricey boring Stayed Radission night. It pricey. Everyone knows that. I staying night availing one privilege schemes. There big problem reception start with. They could trace confirmation number given me. I email confirmation printout back claim. Was made wait 30 min till sorted out. It appears privilege scheme run independent operation run third party. Confirmations Privilege club seem carry much sanctity. After hassle checked hotel. Room services takes long comfort. It makes sense go restaurants grab something go wait eternally room service show up. kind price paid , definitely class service expected. All , disappointing stay.",-0.09212962962962963,0.38449074074074074,May 10 2009
34,34,Best Business Hotel The best ever statyed business visit. The best part close Indira Gandhi International Airport. Hence avoind New Delhi's jap packed roads. Fod great. Rooms awesome.,0.6262626262626263,0.4338383838383838,May 9 2009
35,35,"Awesome It good hotel, close airport.Very good rooms .Kebab Factory awesome eating place.I surely recommend property.",0.8219999999999998,0.8537777777777779,May 4 2009
36,36,"Luxury professionalism I stayed couple time personal visit. This conveniently located airports (both domestic &amp; international). There Indian Airlines shuttle airport (i came know luggage waslate IC dropped hotel).Anyway, rooms nice, however, I noted 2nd trip rooms back better view (than national highway) quieter. The pool gym good. The Great Kebab Factory serves excellent kebabs. Staff frendly professional. Overall, good experience.",0.3435714285714285,0.38785714285714284,May 3 2009
37,37,Nice It convenient place close airport thus saves one bad delhi traffic.,0.0333333333333334,0.6555555555555556,May 2 2009
38,38,"Best Hotel Business traveller Delhi It one best hotels I stayed life time. Starting grand Entry reception, everything smoth. reception staff cooperative, thet checked best deal room rate beforehand get best value money. After checking executive suite lounge floor (1st), I rushed kebab Factory restaurent, ordered five course non-vegetarian kebab meal. Let tell meal delicious , I never eaten kebabs life. After Dinner I went suite, bed elaborately layed many pillows help catch sound sleep. In morning I breakfast executive Lounge, throughly enjoyed. When checked afternoon go airport already luxury sedan waiting drop airport.",0.5846153846153846,0.5153846153846154,Apr 20 2009
39,39,Great Conference room facilities Excellent hospitality comfort!!! The business conference room facility international conference held great!!!! The arrangements made management staff conference excellent!!!Hats Radisson Hotel's service!!!,0.7,0.625,Apr 18 2009
40,40,"Nice Hotel We stayed one night way Shimla. The airport pick drop service excellent drivers helpful courteous. The check breeze, room clean comfortable. The side front overlooking National Highway thankfully double glazing managed supress noise. The rooms back better view quieter, pool gym good. The staff great could enough you. The choice resturants also good particular NYC choice food varied good quality either buffet la carte menu good value money. The also ideally situated domestic international airports saves 40 60 minute drive hotels downtown. All one night pleasant experience.",0.4326570048309179,0.5896618357487923,Apr 15 2009
41,41,Little bit luxury My partner I stayed Radisson night flight home. It close airport hence picked hotel. From time picked airport moment got dropped first class service. The drivers friendly chatty helpful. Check easy staff super friendly welcoming. The room amazing bathroom. The incredible beautfiul spacious. The Kebab Factory best thing. The food best India service excellent. The pool spa wonderful too. I recommend everyone wanting stay Delhi. It icing cake perfect holiday.,0.5739444444444445,0.6333333333333333,Apr 10 2009
42,42,"Everything perfect We spent 1 1/2 days midnight flight home wonderful. On internet reservations site put flight # arrival time Remarks portion walked terminal Radisson man holding sign name. We never confirm anything else. No looking shuttle. We upgraded club floor offered free internet, breakfast cocktails. We also got plate chocolates plate cookies, plus coffee maker, fruit. It looked like room recently refurbished. Incredible bed, wonderful toiletries types, big towels, walk shower (no bath tub), desk, easy chair ottoman, everything. We ate coffee shop twice (breakfast buffet okay) , drinks cocktail lounge twice (great service here). They also handled minor items us - postage mailing, shuttle back airport, reservations confirmation. All all, actually favorite India (including Taj). The primarily meeting stop place due airport location (about 2 miles 15 minutes away) busy business men (few women present). The lobby cocktail lounges great business - hard find table once.",0.3225757575757575,0.5086363636363637,Mar 8 2009
43,43,"Much much improved We stayed Radisson, Delhi November 2006 awful experience. The staff appalling (rude condescending wonderful ignoring guests) many things missing work. We stayed November December 2008 obvious appointment new resident manager transformed hotel. The staff pleasant helpful everything worked work â including hot water (club) room lights worked (in contrast first visit). Reception staff still need sharpen act (it took us 22 minutes check first time 15 minutes second) improvement palpable. Our airport transfers also arranged impressive, uniformed chauffeur. None queuing shuttle bus; transfers car shared guests â and, arrival, one met representative well driver.This Radisson airport rather merely airport hotel.",0.10248316498316498,0.5590488215488215,Feb 25 2009
44,44,"Great location business traveler smooth service. We returing long business trip around Asia stayed Radisson one night waiting next morning departure IGR airport. The location excellent (compared traffic New Delhi general). Our pick-up airport complimentary worked great. The smooth service started pick-up continued way short stay. Room pleasant business lounge/centre everything I needed work evening. The breakfast lounge also pleasant surprise. Very Indian pleasant way excotic. The next time I visit Delhi, I likely use due service, location reasonble prices. Totti PS. The also respond feedback one logistical problem fast manner I value quite highly.",0.3152766798418972,0.5742555994729908,Feb 21 2009
45,45,"Excellent service little steep price Hotel comfortably located close domestic international airport one totally avoid crazy Delhi Traffic. Hotel offers one expect international chain. Best part staff really helpful. They guided guests room often visited odd hours also escorted acquaintance, lost vast property, upto door room.",0.12470238095238094,0.4857142857142857,Feb 17 2009
46,46,"Good Very good hotel, Nice clean rooms, We got real american hamburger hotel, first time got real meat India.Breakfast average.",0.35958333333333337,0.5141666666666668,Feb 5 2009
47,47,"Instant service smile While everything would expect price stands service. Any request accommodated immediately. Spotless rooms fresh fruit, chocolates cookies arrival. English never problem. The breakfast buffet amazing. We coming going here, jungle airport everything went smoothly. The location might bit way want explore New Delhi worked perfectly us.",0.3595959595959596,0.5134680134680134,Jan 13 2009
48,48,"Does says We spent one night Radisson flying home fine purpose required. The room clean well appointed although carpet definitely seen better days. We New Year's Eve although early evening service level bar good, could said restaurant. The main restaurant offering buffet option, la carte menu, advised us use lobby area restaurant wanted order la carte. However, told gravy items served, essentially wiped majority Indian side menu left us choice sandwiches chips. We ordered two starters waiter ordered one later, happened main course ordered two sandwich one arrived. This fine airport I imagine many people would spend one night there.",0.17194334650856388,0.4370092226613966,Jan 7 2009
49,49,"Fine Overnight We stayed following flight arrived midnight morning flight next day.Frankly could anywhere - Chicago, Sydney......However beds comfortable, rooms well appointed double glazing efficient filtering traffic noise wonderful city.",0.28809523809523807,0.38571428571428573,Dec 11 2008
50,50,"overpriced room annoying staff This chosen company's travel desk I stayed 4 nights.Being business trip, I would care price - experience unpleasant (considering hotel's rating) I need share it.The room:- clean, better days definitely - based bathroom alone, rated one two stars less - again, marble floor makes ignore not-so-clean toilet (and brush clean yourself), may happy it...The staff:- arrival, confirmed reservation missing system; minutes searching, I given room booked another person... official justification first name sounded similar mine (!)- getting red rose male receptionist make feel slightly uncomfortable- buying refreshments hotel's brasserie turned grotesque, cashier know charge items, called help one point 5 employees loudly discussing problem; hey, I complaining about, I able take buns room end.- staff really understand border line &quot;helpfull friendly&quot; &quot;annoyingly intrusive&quot; - overdoing time time again:- waiter one hotel's restaurant asking satisfaction every couple minutes; I finally finnished diner, I virtually forced fill kind evaluation form him- trying relax pool, attendant asked whether I would interested drink perhaps jacuzzi; nothing wrong that, I politely said I fine - forced repeat (not politely anymore) two times, coming back questions againsummary: way five star - waste money, even close distance airport cannot compensate...",0.037500000000000006,0.5305555555555554,Nov 16 2008
51,51,"Excellent airport layover spot Flights US India usually arrive early evening, connecting domestic flights leaving unitl next morning.This ten minutes Delhi airport great spot spend night traveling on.be sure let know going arrive, car driver waiting airport. That save time avoid taxi chaos.Service abundant excellent. The rooms well-maintained, up-to-date fixtures amenities.",0.32916666666666666,0.5449074074074075,Jul 5 2008
52,52,"useful airport stopover Arriving Delhi Europe often surreal experience, usually taking early morning landing long flight. The close proximity Radisson airport reliable transfer service significant plusses. The avarage quality, comfortable enought let acclamatise India. The restaurant still menu 2am makes useful top airline food. Hotels Delhi expensive Radisson good value money. If transitting Delhi worthwhile resting place.",0.21875,0.4937500000000001,Mar 28 2008
53,53,"Terrible overpriced experience We stayed Radisson luxury suite paid high premium price. The worst issue deplorable condition room. The first deluxe room smelled horrible, like mould, could see water damage walls. (The smell made sick intolerable.) The bed uneven convex shape. We complained moved another room smell bit better, provided small discount checked out. However room water damage rooms good repair dated appearance. The bathrooms cramped luxurious. The linens average average, scratchy small sized robes. We also given level service concern would expect price, especially concerning deplorable condition first room less average condition second &quot;deluxe&quot; room. The pool &quot;looks&quot; gorgeous terrible condition thick scum &quot;hot&quot; tub. The main pool ice cold. The business centre expensive even included 'luxury room'.We would normally complain regarding terrible needed say something.",-0.21269642857142854,0.6147127976190476,Mar 26 2008
54,54,"Benign hotel... seems getting better The Radisson decent close airport proximity main feature. It undergoing extensive rennovations I look forward completion. I've stayed number times, recently Feb 08.Check InUsually takes quite time steadily getting faster. For reason seem enter details reservation made, much typing going process, rooms never pre-allocated even repeat guests.Rooms.I've never standard room, executive suite two room suites nice. The a/c works well them, beds firm, room spacious, internet works, rooms old -while VERY clean - due re-fit.GymSmall, 2 new life-fitness ellipticals 2 new + 2 old treadmills. 2 bikes well. Only one tv one must share something I like relieving boredom workout. Some circuit weight machines free weights / dumbells. Nicest feature gym readily open hour request. FoodThe Chinese restaurant quite good. Bar food OK. Bar ventilation non-smoker intolerable lobby lounge area quite nice good service. Breakfast club lounge limited service club lounge shoddy. The breakfast presented looks like took chafing dishes last night's wedding put breakfast. Breakfast restaurant (coffee shop) wee bit better.ServiceConstantly improving. Check OutNot well enough staffed... often long queues check since take 10 minutes per person, 3 person wait easily 1/2 hour!Overall, tolerable New Delhi. Not well located business meetings city, ideal choice transit meetings side city.",0.2100352504638219,0.5062195423623994,Mar 15 2008
55,55,"Great experience I thrilled service Radisson New Delhi. They picked us airport. Then arrived offered us free upgrades rooms. It wonderful experience stay nice hotel. I would recommend Radisson anyone wants stay airport. For want see city, Radisson rather far city.",0.4262626262626263,0.7005050505050505,Jan 29 2008
56,56,"Radisson Delhi pretty good Rates high (Rs.13K/night up), that's Delhi.Rooms normal size; We found KSize bed comfortable-matress' firm (if dislike firm, dislike bed).TV old, small. Channel selections minimal.Fitness center small, borderline claustraphobic (sp?).Front staff seemed friendly interactions.Cleanliness fine rooms public areas.Restaurants refurb., Italian serves multi-cuisine cafe/diner/buffet potpurri (sp?).Food fine. Room service Indian dishes tasty, expensive.Mystery dishes like yellow dal, green salad, Biryani, etc always 5-8X cost outside hotel. You cant catch breaks Indian 5Star hotels comes food drink; gouged amazing consistency.Club Level lounge runs &quot;happy hour&quot; till 930PM, much realistic than, say, Crowne Plaza New Friends Colony, ignorant habit closing 8PM (about time get back reg. day business need tranquilization).Club Lounge staff nice folk here.Mainly, advised, literature explain extensive renovations underway (no ETA given, must Q3FY08 later). So, rooms, restaurants, health clun spa MUCH nicer later now.Undoubtedly. But diminish obligation hand US$400.+/night property going &quot;much improved&quot; later. For its, clean, safe, comfortable warmly decorated (and dire need renovations).Other note: The Grand Hotel located 5Km Vasant Kunj, nicer overall, &quot;modern&quot; decor floor plan rooms off-putting I hate it; like stay that.It better fitness center, foodservice, TV general lay-out Radisson, cost roughly &quot;airport&quot; location.",0.13813400673400672,0.3941084175084176,Jan 14 2008
57,57,good experience Stayed three times radisson delhi wife 3 daughters.Hotel 45 minutes Red fort close Qtub Minar Airport.Rooms good clean restaurents serve excellent cuisine.The staff extemely helpful upgraded us last 2 nights offered us late check-out.Not city center good experience.,0.36407407407407405,0.4940740740740741,Jan 10 2008
58,58,Excellent Airport Hotel - Stayed 3 nights pre post trip around India. Excellent standard rooms great free airport shuttle. I'Ching restaurant superb good food attentive service. Staff helpful courteous breakfast also good. Recommended,0.6599999999999999,0.765,Jan 10 2008
59,59,"Terrible Experience I traveling Nepal stopover Delhi. Although room terribly expensive, I good experiences Radisson chain past close airport. The Delhi awful. My room clean, worst part staff. They rude condescending whenever I asked help made request. For $400.00, I would expect treated respectfully. Whatever pick, stay Delhi Radisson!!",-0.305787037037037,0.7277777777777777,Dec 20 2007
60,60,"Somewhat bland business real The Radisson fairly bland place, full earnest local business people suits, tedious canned muzak playing foyer. But turned real stayed beginning end 5 day Indian tour. We arrived 7 exhausting flight London, warned might get room twelve noon, actually gave us room 8 am, meant could crash hours first organised tour Delhi afternoon - really needed that! At end tour, real haven, suffering final stages Delhi Belly. Our rooms back hotel, away flyover, spacious, clean comfortable. Service friendly, courteous efficient. The food good well - Great Kebab Factory Restaurant closed &quot;regradation&quot;, Mediterranean Restaurant good Indian dishes menu, enjoyed truly delectable Indian vegetarian meal first evening. Breakfasts excellent well. All all, good reason thankful Radisson.",0.22779761904761903,0.5083333333333332,Dec 20 2007
61,61,"Accomdations okay Service lacking Stayed Radisson, Delhi week. Although room well kept, overall I impressed service. I arranged early check-in since flight landed early morning. The Radisson driver received airport, however, upon check-in I wait 20 mins room prepared. (I booked superior room Travelocity).The 'superior' room small lacking safe min-bar, necessities. Also I noticed window view highway also decorative balcony filled bird droppings. I requested shifted room safe minimum night request accommodated I shifted business room.The business room safe, min-bar view terrace I complacent accommodation. The service, however, different story. To fair, services par, example room service business center services fine.However I found staff overall unfriendly well trained. My previous Delhi stays Taj Palace, comparison provides excellent customer service aspects.While working gym, example, staff seem know turn AC customers working out. Instead busy vacuuming added stuffiness poor ventilation gym. When I asked assistance programming treadmill, apparently English speaking gym attendant around, another staffer experimented different buttons try help. I used treadmill quick start mode alternatively. Later English speaking gym attendant returned, spent time training junior staffers program machines (for customers like absence). This happened treadmill next mine workout annoying. I really doubt English skills English fluency staff. Once, I completed workout set leave, staffer suddenly appeared awkwardly asked, &quot;May I assist Sir?&quot; I felt might practicing English me, timing delivery awkward. One thing gym, I asked use steamroom. Since renovation, asked I'd like use Jacuzzi. I agreed, however later I found attendant filling oversized bathtub water locker room area. When I realized Jacuzzi, I declined use it.In breakfast buffet, I found staff spoke spoken to. And aside notifying customers buffet going close shortly, provide much service. Many times standing around waiting provide service. But hardly ever offer services without called. This opposite service I experienced Taj Palace (during previous Delhi stays) staff went way provide exceptional service. In fact, Taj staff acknowledged presence every opportunity greetings like Good Morning Mr. Khanna, opening door elevator. On hand, Radisson service lacking. I passed lobby staff way restaurant found exchanging silent glances without uttering word.Overall, I complaints amenities accommodations. However, previously stayed 5 star provides superior service, I found Radissonâs service less satisfactory.",0.09791666666666668,0.41910919540229885,Oct 28 2007
62,62,"Nice convenient stopover Delhi I stayed one night business trip flight US came late us get domestic flight office day. Overall, good would stay needed, cons pretty picky.Pros:Very close airport (10-15 mins)The provided transportation airport (pre-arranged admin)QuietCleanLots storageGood ACDeep, long tub (for width - see cons)Hot water w/ great pressureComplimentary 1L water, cookies, fruit, chocolate roomCons:Narrow tub (tight fit me, typical overweight American)Had call IT wireless access, overpriced (400 R 2 hr)TV service (admittedly, I call fixed)Alarm clock backlight LED read time darkThings I cannot judge:Room service / food quality - food available 24 hrs dayQuality lounge club floorOne note: The woman checking time big problems bill due phone calls - charged time got bad connection &amp; hung tried again. Recommend calling front desk happens rather fight charges like did.",0.11832010582010584,0.440410052910053,Jul 30 2007
63,63,"A Positive Experience Radisson I found stay Radisson pleasant one. First, close airport therefore suitable business travelers anyone needs get airport hurry. I stayed club floor, must say rooms floor nice. It suite large living space large bedroom, two bathrooms. The room well appointed I impressed nice selection magazines newspapers provided room. The breakfast quite good well. The pool looked really nice, although I go in. The one drawback surrounding area nice. I believe wall, perhaps see pool.I also stayed Taj Palace Delhi found Radisson infinitely nicer newer. Although I disagree five star rating, (its probably somewhere three four), certainly solid business travelers. I would definitely stay I come back Delhi need near airport.",0.424615482556659,0.6317354214413038,Jun 22 2007
64,64,"Great near airport If need near airport need nice clean place stay, stay radisson. food restaurants good. bed hard. room clean (typical chain hotel). service good. paid $150usd.",0.3275,0.6191666666666666,Jun 17 2007
65,65,"Good choice near airport Were picked airport nice driver Radisson near airport, recommended friend whose parents live New Delhi. Quite nice convenient airport, though cheap I thought little musty upscale hotel. But wonderful buffet breakfastâthe best trip. Would stay I flying Delhi evening flying next morning, good choice purpose.",0.34965909090909086,0.6167532467532467,Jun 11 2007
66,66,"Suitable business overpriced like hotels area I stayed business number time January June 2006 would recommend place stay business need close aiport.Like hotels Delhi, place overpriced get big influx multinationals Gurgaon last years prices increased dramatically - supply v demand end day.The clean, staff friendly complimentary airport shuttle bonus. The rooms large somewhat worn could upgraded. The bed hard.The food fine good variey local European options. The pool area fine - pleasant enough place spend hours.Be sure driver dont expect walk anywhere locally realy isnt much interest area. If tolerate traffic preferable stay Delhi bigger budget stay Trident Hilton Gurgaon - definitely classes hotel.",0.18966450216450215,0.3682178932178932,May 12 2007
67,67,Overpriced- go place avoid I stayed 2 nights. The compares 3 star facility Canada although call 5 star. The rates overpriced offers. The rooms best 3 star. The restuarant basic- nothing fancy it. The buffet cold food even hot. If choice stay somewhere else price probably get better,0.20833333333333334,0.4625000000000001,Mar 7 2007
68,68,"An unfortunate shame Radisson experience I like Radisson experience. It usually nice even standard sometimes unoriginal managed nice people.In case one Delhi, rooms space even already little deprecated. The restaurants provide nice cuisine nice personnel.The swimming pool rather small swimming pool personnel quite absent. The spa small efficient. Very nice massages.The main problem front desk lot difficulties crack smile (even make effort, small number) also quite unefficient.They really need learn means 'customer service'! For price asked hotel, one would expect displeasure.",0.17494791666666668,0.5583333333333332,Mar 6 2007
69,69,"An Airport Hotel - Nothing More Nothing Less It's amusing read extremes people experienced, I've visited hotel. Obviously personal experience - individual personalities - I found neutral. It's negatives (RIGHT outside noisy brand new 6 lane overpass, thin walls &amp; doors, little see foot) outweighed positives (clean rooms, polite staff, rose bed turn-down - haha).The overpass really new result, seem soundproofed - especially hotel.If can't get anything better area - place going ruin life I would suggest try look availability higher ranking places first. Also make sure hire driver day, rather booking taxis - save lots money.",0.19814254558572741,0.5419355896628624,Mar 1 2007
70,70,"Aweful Treatment We returned wonderful two week stay India. Everywhere stayed well treated wre problems. We came Varanasi flight late in. When arrived, Radisson said knew nothing booking. They would accept agent Delhis attempts send faxes copy bookings. Our men came offices Delhi sort problem. They either working system bookings likely overbook late ....you it!!!!The lobby manager looked blank took guide airport directors Indian part tour company get anywhere. The result sent Grand Hotel night. They need training deal customer complaints need stop booking. This way treat clients. One half hours arguing lobby tiring day on. I insist senior manager coming guy lobby idea behave. I recommend anyone take chance place difficult support. If arrive without local help would left sleep night!",0.08290598290598289,0.511965811965812,Feb 24 2007
71,71,Fantastic Concierge Desk service... Date: Dec 6 2006.We missed flight needed one night. Turns hotels impossible find Delhi weekend due doctor convention. We came Radisson impressed lobby front-desk staff. We wanted take room none available. They booking customer hotels (due booking). The concierge desk guy (forgot name) superb.He must spent 1 hr trying find us another 5* hotel. Finally left driver look around hotels. We could get reservation anywhere. Called back Radisson said try again. We lunch indeed found us nice 4* near airport (15 minute car) Hotel Icon. (I another report this). We loved Icon tower. Any way I must say Radisson concierge staff went way find us accomodation.Robert,0.1708888888888889,0.548,Jan 15 2007
72,72,"Fantastic Stayed early December one night. Needed close airport due early morning flight back UK.Previously stayed Le Meridien Delhi comparable price. This far better! The Lobby area huge quite impressive. There several dining options well bar. Opted room service instead I enough time. It somewhat expensive food pretty good good selection available.This first trip India stayed three hotels five days, I quickly learned rooms quite noisy, especially standard room facing front hotel. The noise traffic awful. Luckily I booked quiet room towards back hotel. It slightly expensive definitely worth extra sleep (I needed wake 4am). The room pretty big, well furnished, comfortable, good decor bathroom fine nice toiletries. I locate safe room, despite looking around room twice. I thought bizarre. As I night issue.If need close airport want good luxury - stay here! I find vicinity airport would anywhere near good one.",0.23283333333333336,0.5452500000000001,Dec 14 2006
73,73,"pleasant airport I note mixed comments reports found staff helpful , room adequate good facilities . Nice pool Kebab restaurant excellent . Overall complaints would stay .",0.41574074074074074,0.5583333333333333,Nov 16 2006
74,74,"OK but... Stayed 2 nights, one beginning holiday one end. In general good. However, nights room front considerable traffic noise. Also, guy charge calling taxis front uses microphone night this, disturbed sleep. When huge flyover front finally opens, I think avoided. Staff friendly helpful.",0.30593750000000003,0.7225000000000001,Nov 14 2006
75,75,"Everything expect 4* airport It relief see man Radisson sign left dump Delhi airport! A short drive later were, quite honestly, stunned hugely impressive lobby Radisson. The rooms, unfortunately, impressive showing signs wear, job. The number large restaurants, formal coffee shop style, plus beauty salon, pool etc. We club room breakfast club lounge, little oasis quiet first floor polite professional service. A car Agra arrived pick us went, glad able avoid downtown Delhi later holiday. One tip - flying OUT Delhi late night, offers short-stay rates hours need contact directly book. This far better hanging around airport, almost shops small waiting area.",0.15877329192546585,0.47566252587991714,Oct 24 2006
76,76,"Bad! Went one night flight home next morning. Thank god one night!The reception staff missed reservation, wrong spelling name. I found reservation agent! The rooms small, full stains virtually everything. The towels bathroom holes put hands in! We two electricity blackouts one day.The breakfast fine bad service.Would stay Oberoi New Delhi next time.",-0.13344696969696965,0.5137878787878788,Aug 22 2006
77,77,Felt cared for!,0.25,0.3,Aug 18 2006
78,78,It Radisson.,0.0,0.0,Aug 10 2006
79,79,Uncomfortable stay,-0.5,1.0,Jul 12 2006
80,80,Nice,0.6,1.0,Apr 11 2006
81,81,Short stay,0.0,0.3,Apr 10 2006
82,82,Terrible,-1.0,1.0,Mar 4 2006
83,83,Excellent Airport Delhi general,0.525,0.75,Sep 23 2005
84,84,Excellent compound Delhi,1.0,1.0,Aug 30 2005
85,85,So So Delhi,0.0,0.0,Sep 3 2004
86,86,Great Hotel Airport,0.8,0.75,Jun 24 2004
87,87,Ziemlich runtergekommen!,0.0,0.0,Oct 24 2007
