,Unnamed: 0,Reviews,polarity,subject,Dates_extracted
0,0,A great palce -quality money A great hotel.The rooms great .the ambiance excellent.The staff friendly helpful.Truly speaking great place value money.,0.6291666666666668,0.6333333333333333,Oct 13 2009
1,1,Looks good cautious The hotel's interiors good food bed good. The Room Service. A big Upsetter. Another thing located quite remote area.,0.3999999999999999,0.4200000000000001,Aug 26 2009
2,2,"Low budget business class - heart delhi Hi,Stayed couple times. Pretty neat &amp; good price. Around 5 K's, value money. The facilities good &amp; connectivity part Delhi simple. The location quite near India Gate.The breakfast offered good &amp; I seen quite Americans &amp; European's staying business trips. Defenitely Value money.",0.25,0.4396825396825397,Jun 4 2009
3,3,"Very nice place overpriced attitude. I stayed sometime ago. The place beautifully constructed rooms quite stylish. The menu westernized choices limited. The food okay, great. The staff bit attitude looks upon Indian travelers place quite popular western tourists.",0.28922398589065257,0.6201940035273368,May 28 2009
4,4,"Bleak Hotel Upscale Neighboorhoor Hotel looks great outside. Don't let fool you. It attempts boutique hotel, missed mark completely.Lovely, quiet, safe neighboorhood 4km Connaught Place.Deluxe rooms tiny, full mosquitoes. Bathrooms sleak, clean. The service generally friendly extremely helpful.Hotel WiFi, SLOW could purchase access one hour time.Breakfast restaurant lackluster. I pretty sure food cause food poisoning. (&quot;Delhi Belly.&quot;)I shocked learn much firm paid travel. (We used travel agent India make India reservations, I sure getting sort kickback). Deals areas 4- 5-star hotels (the Oberoi. LeMeridian, Shangri La) seemed much better, yet stuck reservation prepaid.Stay away.",0.08313746438746439,0.6444207027540362,Apr 15 2009
5,5,"excellent cool atmosphere stay.....i recomend lall cool place ,decent atmospher live ....quality time ...nice staff,,,,,mail delhi@shervanihspl.com",0.4006060606060607,0.6933333333333332,Feb 17 2009
6,6,"Decent Accomodations Price - problems. Delhi extremely expensive city accomodations overall satisfied Shervani. That said, comes issues. The Positives: It's decent location far Old Delhi popular tourist sites. The rooms good size staff friendly.The Negatives: ROOMS: DO NOT get room facing front hotel. Demand one back. There pack neighborhood dogs howl ALL NIGHT LONG. I'm light sleeper kept awake majority two nights due insanely loud barking. I realize hotels fault - get room toward back. Also, I staff change sheets bed &quot;clean&quot; linens blood stains. I've traveled enough used stained sheets - however blood stains I deal with. To staffs credit changed sheets right away replaced clean white ones. -- Also, getting room toward back (by night 3 I take barking anymore) new room large bathroom hot water. RESTAURANT: The restaurant &quot;okay&quot;. Breakfast eggs cereal, however first night ate dinner restaurant bugs ceiling lights kept falling food.... Despite negatives, I still think decent option Delhi. The city expensive Shervani provided safe, clean (with exception first set sheets) room. If simply looking affordable place sleep night fine option.",0.11877029220779219,0.4936316287878788,Jan 3 2009
7,7,Good Location great rooms This wonderful quite location near Delhi zoo. Modern sleek staff seem bit aloof distant helpful. Maybe bit overprized good option city bit overbearing times. Walk nearby SUNDAR NAGAR market grounds brilliant food antiques!,0.5344444444444445,0.6088888888888888,Jan 12 2008
8,8,"A dissapointment We disappointed hotel. It gives impression trying ultra modern ends rather unwelcoming. We could face meal bright ,cold feeling restaurant tables packed closely together, even though saw couple people eating there. The buffet breakfast limited worst stay India.The rooms good size but, previous reviewer pointed out, TV Indian channels. The bathroom tried really modern area around bath cracked chipped sensor operated light fan came even bathroom annoying.It one infuriating hotels slam doors hard shut want lie snooze early morning flight, did, forget it!There mini bar empty way get beer call room service.It true quiet location way centre impossible walk anywhere meal shopping. There bar public lounge area, bedroom relax in.",-0.0549025974025974,0.613365800865801,Nov 17 2007
9,9,"Not worth money..... Well, first time India, know expect surprised USD180, live expectations hotels India expensive big cities!!!Arrived late New Delhi international flights New Delhi time I reached secluded residential area, shocked nothing something like terrace house &quot;reconstructed&quot; hotel. The exterior looks good restaurant pathetic I arrived late dinner, called buffet dinner pathetic 5 dishes breakfast equally bad. Nothing fanciful nothing really comment about. I would rather eat toast every day 3 nights stay there. Coming back rooms, clean I think best offer choice channels limited Indian channels compared promised TV programme list. When I asked reception it, say re-tune big disappointment. Service staff saying adaptor laptop important I business trip.Close proximity exhibition center probably expensive. Not much offer within vicinity really want step comfy room.Given choice, would want stay given expensive rate hotels New Delhi, would tough find similar clean hotels rate I guess",-0.043653599486932815,0.503328523328523,Nov 16 2007
10,10,Really quiet clean powerful showers! Our stay Shervani great- room spacious clean powerful shower! The located quiet safe area staff generally friendly helpful. Great value money.,0.41833333333333333,0.6816666666666668,Apr 22 2007
11,11,"Great checkout A friend booked stay Hotel Shervani New Dehli. I concerned cleanliness hotels. Since staying New Delhi one night, want pay exorbitant amount stay luxury hotel. Pros: A pleasant surprise. The rooms bathroom clean. The food delicious (but hungry) front desk courteous helpful (arranging taxis such).Con 1: We pleased stay check-out time. When reviewed bill, 2 outside phone calls made bill. The interaction phones receiving calls another room night. The record bill showed call Calcutta call Delhi made afternoon (we even time...we Agra Taj Mahal!). We asked front desk first, acted believe us calls recorded. After period attestation, front desk said would ask supervisor would refund us saw telling truth. We concerned money (it probably amounted less $2), rather honesty. Our assumption whoever went rooms clean it, made calls. Fortunately, nothing taken.Con 2: Most drivers really know located (I think fairly new). It's located around corner main row hotels.Overall, one incident end, stay would perfect I could say I'd stay again. It's really good deal cleanliness amenities. However, shame one incident could really break trust honesty service.I give &quot;excellent&quot; accomodation, &quot;poor&quot; checkout experience. I hope others experience incident...such shame.",0.3548232323232323,0.5957765151515151,Mar 20 2007
