,Unnamed: 0,Reviews,polarity,subject,Dates_extracted
0,0,"Incredible incredible service incredible food If looking smaller amazing customer service mouthwatering food...The Manor place. The staff attentive catered every one needs. We dined 'Indian accent' one best dining experiences life. The food world...so innovative...I would say 'Indian food like never eaten before'...There large area outside restaurant sit enjoy good food fine wine unwind friends. Soft music plays gentle lighting creating relaxing ambience. The rooms spacy clean service incredible. I would definitely recommend others visit city. I stayed Sheraton, Taj Oberoi...and interestingly, I found experience 'The Manor' far best.",0.47226757369614514,0.6108843537414967,Oct 19 2009
1,1,"A quiet oasis busy city At end trip India treated us stay The Manor.The service, design, nice location exceeded expected!We felt home immediately.The restaurant also needs mentioned since food really excellent delicious.",0.54,0.7266666666666667,Oct 3 2009
2,2,"Unbeatable personalised service exquisite food reasonable rates Everything stay small boutique exceeded expectations. The service received best ever experienced cost earth. All staff warm, friendly took keen interest ensuring stay enjoyable possible. Likewise food superb (although cheap). There welcome air tranquility counter hustle bustle city I'd definitely go next visit New Delhi.",0.3974242424242424,0.6303030303030304,Sep 10 2009
3,3,"true boutique property The Manor &quot;true&quot; boutique hotel! The biggest attraction personalized service, warmth missing 5 star hotels. It's small 15 room property, set bunglow nice green lawns. The interiors pleasing - contemporary marigold flowers placed interestingly adding beautiful Indian touch.The staff helpful getting us organized trip Jaipur Agra. To honest, welcome change experiencing true hospitality...and food absolutely divine!! The restaurant essential stop every foodie. We idea Indian food could ever like this. We would definitely recommend hotel!",0.26041666666666663,0.5635416666666667,Aug 19 2009
4,4,"The facility wreck beneath surface Dont unless assurance change. Hot water Internet work, water AC floor, foot massage offered mere 15 minutes expensive. The staff kind cant fix bad building. Sparks flew electrical outlet I tried charge phone. This place could ruined trip I let it. Very large construction project right next door beginning. Great location room size good.",0.12442857142857144,0.6369523809523809,May 31 2009
5,5,"Great restaurant hidden gem hotel! Was visiting friends Delhi decided stay The Manor heard good things it. We spent 3 nights experience truly awesome. We felt transported private secluded world away everything. Though property large 15 odd rooms comforts match 5 star hotels. The service perfect, intrusive. A special mention food new restaurant Indian Accent - I never amazing food India before.it world class fare chef willing go way accommodate request light meals certain days well.Coming back evening hustle bustle Delhi city like coming home.... definitely recommended.",0.284583048530417,0.5770688083845977,May 26 2009
6,6,"Could wait get there! Booked final night wonderful trip Rajasthan Manor Hotel - based positive reviews T.A. Big mistake! Whilst service OK, rooms unclean made feel dirty soon walked in. We changed first room immediately (think stains ripped carpet furniture, bad smells dirty bathroom), second marginally better. These two best superior rooms.We dinner, OK, nothing memorable.Overall I would definitely avoid.",0.17357954545454546,0.5903409090909091,Apr 21 2009
7,7,"Overall disappointed manor! I wonder read reviews stayed hotel!the quiet safe location,on arrival offered coffee,this failed appear,offered complimentary head foot massage,by time masseuse arrived late.We rooms 1 2,room 1 damp smell,hair dryer didn`t work,although reported never changed.room 2 dark,and lights times,this room tired!!curtains needed clean,terrace needed sweep,fittings bathroom need updating!no tea coffee facilities rooms.We use spray room mosquitoes kept appearing.Tried book dinner,but night introducing new menu local press etc.we could sit outside terrace,but,yes told mosquitoes problem!they pay taxi take us another restaurant.At breakfast guests,scrambled egg soggy bread left.There seemed staff training going everywhere,maybe closed days.Dinner next evening excellent,and believe new menu great success.the staff excellent,especially restaurant manager.An early start next day promise packed meal appear!Hopefully get make along new menu!would stay again,probably not.",0.012329545454545461,0.3273484848484847,Apr 1 2009
8,8,Congratulations Trip Advisor - Great Hotel Well done trip advisor. Chose solely recommendation great!! Staff genuinely friendly. But food restaurant wonderful. Really world. Only staying three nights moving &quot;Palace Wheels&quot; Manor would encourage return Delhi. And also travel service drive round see sights.,0.45357142857142857,0.6571428571428573,Mar 30 2009
9,9,"At best average great staff Had high expectations given tripadvisor ratings. In fact also stayed Amber (rated 2nd) Imperial (rated 7) trip Delhi. Although I never let tripadvisor past instance I disappointed. It may followed impeccable faultless stay Imperial Â£60 extra night. The greeting staff Manor friendly efficient room annexe stains carpeting gap door let annoying mosquitos. We avoided pesky creatures throughout trip happy deal last night India. It pretty cold evening a/c adequately heat room either given electric heater. Not great 9500 Rs night plus 22% taxes (10% service charges!!). The trains rumbled past, shaking room every 15-20 mins interrupted sleep. Although bathroom looked part, toilet seat old kept falling too. I ask room change fully booked (thanks tripadvisor reviews likely!). On positive side, staff really lovely tried help best could dinner restaurant tasty breakfast, although limited good quality.I asked massages husband unable procure female masseuse complimentary head foot massage excellent.I think stay would better main part hotel. Avoid room 15 costs!!!The location South Delhi bit far really likely staying Imperial next trip.",0.12391102283959425,0.502772174915032,Jan 11 2009
10,10,"Manor Motivates Visit New Delhi again! We dealt primarily Manish must congratulate Manor cheerful, informed, efficient calm staff member. He absolute pleasure deserves praise.My fiancÃ©e became sick immediately delivered medicine room. My airline tickets disarray affected room reservation prompt corresponding subsequently upgraded makes continued patronage 110% definite. I recognized staff turn recognized used IHC (India Habitat Centre, literatti centre/hotel New Delhi). Everyone polite, well trained always smile. The food wonderful. The front desk also able confirm airline ticket efficient manor. The response times emails excellent wonderful way keep business. The things I might work I sent within two days, replied, detailed answers queries. This time Bombay Volatile situation (Nov 08) Manor seemed calm confident.All would definately recommend friends. It already enjoying respect nice buzz Delhi I enjoyed reading Tatler. We hope stay soon.Best wishes,Anjhula Singh BaisMedia Personality",0.3329777365491651,0.6900587507730364,Jan 9 2009
11,11,"soft landing Delhi We landed Delhi lunchtime driven directly chaos Delhi traffic calm setting.We suite, (Room 14) although like superior double, merely seating area within bedroom rather separate sitting room. The looks good staff attentive. The trains intrusive, although enough disturb sleep. Free broadband internet access downstairs universal sockets room useful tea demand welcome.Less impressive breakfast - room rate includes it, means one food item menu, either cereal toast; one drink item, either coffee juice. Extra items charged for. They also prepared charge early breakfast served room, waived protested. Apart negatives, lovely quiet safe location Delhi. We would stay again.",0.2747368421052631,0.4885964912280702,Jan 4 2009
12,12,"best place stay New Delhi elegant boutique -style (less 12 rooms think) upmarket suburb new delhi - 15-20 minutes drive Connaught place etcnew delhi polluted, crowded massive sprawl citythis place peaceful little gem, far better value US$500 minimum expected better-known places Janpath, etcthe staff knowledgeable helpful .. ie get ripped taxi drivers get lost. Staff recommendations go/eat spot onthe breakfast terrace wonderful start day, small, guests feel obliged say friendly 'good morning' even turn pyjamas bad hangover..!if price range suits - bother staying anywhere else",0.18638591800356505,0.5716131907308377,Jan 4 2009
13,13,"I miss Manor already The Manor great place start trip India. It indeed quiet relaxing oasis big dusty dirty Delhi. All staff proffessional friendly, without overwhelming. The rooms clean beds big comfortable. You choose western Indian food, delicious.As honeymoon left chocolate cake room bath tub full rose petals- sweet.The tea chai good, best served overlooking lush green lawn. Over excellent place visit.",0.27558333333333335,0.5186666666666667,Dec 1 2008
14,14,"Lovely peaceful clean extremely noisy city Fantastic small hotel, rooms comfortable, staff helpful knowledgable, food superb, chose Indian meal dessert waiter recommended extremely happy choice. Breakfast patio overlooking lawn enjoyable memorable, enjoyed wildlife garden too. If go back Delhi stay again. It lovely.",0.3874444444444444,0.7186666666666667,Nov 27 2008
15,15,"great two night stop great boutique hotel- comfortable rooms, fluffy white towels lots hot water.Restaurant excellent staff helpfulReally enjoyed returning tea garden hurley burley Delhi.",0.43,0.6388888888888888,Nov 14 2008
16,16,"Excellent We stayed many different hotels different countries, however stay The Manor among favourites, even though stayed one night. We standard room nice fashionably furnished. The located high end, pleasant quiet part central Delhi, surrounded beautiful villas. The staff helpful professional. They also provide several complimentary services, internet. The restaurant serves delicious indian mediterranean meals. We highly recommend hotel.",0.3159649122807017,0.5664912280701754,Oct 1 2008
17,17,"An oasis amidst chaos We visited Rajasthan Feb 2008 arriving New Delhi. Our travel agency used SITA organisers trip. They disaster, however insisted staying The Manor winner. This boutique located 30 mins Connaught Place. It certainly worth drive. The room spacious marble bathroom spotless good supply free bottled water. There small library selection novels photographic books region adjacent roof deck. They provide free internet access. Downstairs cozy bar lovely dining room. You option dining al fresco. The food superb, ate every night. They Indian Continental menu choose from. I love cook Indian food I thought chef superb. My dream would spend month The Manor taking cooking lessons chef.Add wonderful attentive service paradise. The arranged car delightful driver us. After ditched tour arranged SITA staff Manor tailored tour New Delhi taking places interest locals, exactly wanted.I could recommend highly enough.",0.4278074866310161,0.6681818181818182,Jul 10 2008
18,18,"Quiet refined It easy find quiet place smoky Delhi. This special place. You might consider boutique luxury guest house. Just rooms (7 8) villa built furnished pure '60s style surrounded beautiful lawn garden. Rooms modern cosy clean (flat screen tv). Service good (sometimes bit impersonal). The Restaurant serves excellent Indian food (we try Continental, expect good). Our driver problems finding it, location drawback: 20 minutes Connaught Place. But want stay one depressing five star towers look alike world...well, go Manor.Masimo &amp; Marina",0.28165178571428573,0.5735267857142857,Apr 1 2008
19,19,"Good Choice One Night Another Delhi pre-arranged (and re-confirmed) transfer show airport (although claimed someone waiting us). We took pre-paid taxi, easy inexpensive arrange, again, taxi driver could find location. He able locate Friends Colony West (be sure say West), actual street. We call kindness strangers, call itself, could actually find location. This attractive property, nice bar restaurant (reasonable plentiful food), free computer access, lending library, green open space walk around outside. The rooms smallish side, booked basic room, nothing more. Large well-equipped bathrooms, hairdryers toiletries. Flat screen TV DVD player, unable get work. Lots instructions followed letter, without success. We unable use free wi-fi access room, either. So I would say compared Hotel Palace Heights, bit overpriced (about $250 per night). Still fine, reasonable choice Delhi, ability walk outside property, perhaps better choice one spending multiple nights. Did partake (included) breakfast due early departure, complimentary fruit plate, chocolates, bottled water room.",0.19704433497536947,0.4551997810618501,Mar 30 2008
20,20,"Loved it. Overall Excellent Experience I India, New Delhi conference (Microbicides 2008) February 23rd February 29th. I chose stay Manor TripAdvisor members completely panned (that shall remain nameless) conference recommended. I loved it. Overall excellent experience.1. COSTCosts comparable often better bigger hotels. I liked space I liked hotels colleagues used.2. FOODBreakfast veranda every morning. The complimentary breakfast exquisite. Of course usual continental breakfast offered, well Indian style breakfasts. I didnât go India eggs toast I ran breakfast curries (#1 choose curry, #2 ask eat it). The tea reminded crap get bags West. In fact, Iâd told much I loved tea mailed bag.3. SERVICELoved individualized attention â easier challenge smaller I imagine, one taken granted. I felt like house guest. Also, relatively minor additional daily cost, I use driver car. The Manor cars, let tell you, someone take back forth conference, shopping, tours, indispensable. BTW, free Manor pick drop airport.4. ARCHITECTUREI enjoy houses architecture, Manorâs design drew first. I describe typical warm-weather, upper class, British-influenced, colonial style. The pictures I took actually look like pictures brochure â The Manor actually lived billing. How often one say that? Usually photos business takes best light. In case Manor need struggle that. 5. SHORTCOMINGSThis problem me, maybe youâre sensitive sound might be. My room, #5, shared wall kitchen I could hear early morning kitchen activity. It worked I find business trips, dead quite room deprives sleep. Sounds life help feel relaxed. Of course grand scheme things New Delhi NOT quiet. However, Friends Colony West, one upper class enclaves, itâs stillness middle Delhi chaos. CONCLUSIONSLoved it. Will happily stay I ever return New Delhi (I hope I do, I loved New Delhi). Next time maybe Iâll try afford penthouse!",0.24419191919191924,0.49901663695781334,Mar 23 2008
21,21,Best Delhi miles This oasis hectic buzz Delhi. The standard room comfortable clean though quite compact. Lovely shower. However service spectacular. The staff went beyond assist us polite helpful. The food also great. We India several times stayed many hotels. This one best experiences definitely best Delhi opinion.,0.4835897435897436,0.46923076923076923,Mar 20 2008
22,22,Loved manor We booked manor reading reviews. The Hotel lived expectations. Lovely Gardens calm atmosphere. Food excellent Serving Indian European cuisine. Staff go way helpfull. The guest rooms wonderful. Contemporary spotless large rooms fresh flowers fruit soft drinks complimentary. The side walk to. Gated residential area. However busy day Delhi want go wandering night. Very Highly reccomended. Ann Mick U.K.,0.28802480158730154,0.5569454365079365,Feb 20 2008
23,23,Excellent!!!!!! On 2nd trip India Delhi first stop. Our plane arrived late night met airport. The staff wonderful room comfortable. Breakfast included made order. The small quiet. A nice transition India. The negative location South Delhi needed take cabs everywhere.I recommend would stay again.,0.2290909090909091,0.6424242424242425,Feb 17 2008
24,24,"Great Value Money I travelling India quite often last couple years stayed major hotels. However, rates Delhi seem gone roof I decided search alternative. Having read reviews Manor, I decided give shot. Although pricey, great value compared I wasbeing offered major hotels. I much enjoyed every bit stay Manor. From airport transfer, included room rate, delicious lunch I ate beautiful garden, I impressed personalized service. The staff helpful giving several valuable suggestions tourist attractions, places shop etc. They went way help get I wanted - instance I wanted buy pashmina shawls short time theyarranged someone bring collection hotel. I enjoyed quiet intimacy unique Manor definitely worth premium given hectic hustle bustle delhi. The rooms modern dÃ©cor, come LCD TVs really good shampoo conditioner inthe bathrooms. Am definitely coming back!! Loved it.",0.37187499999999996,0.5239583333333334,Feb 3 2008
25,25,"Very beautiful Nice Hotel bit Pricey This really nice quiet exclusive neighborhood. I liked everything overpriced compared places stayed amazing buffet breakfasts etc, (yet cheaper price). But want spend bit extra stay Zen-like boutique hotel, go it. .",0.3861111111111112,0.6453703703703704,Jan 26 2008
26,26,"Ok could better My wife I stayed Manor total three nights November 2007. The pickup international airport upon arrival excellent even though quite late night. The checkin smooth. The front desk staff helpful throughout stay. The generally nice like lighting quite dark . The windows rooms also offer decent view privacy (the drapes kept shut) faced adjacent wall courtyard. Also, furniture finish room looked tired, requires renovation. The toilet bathroom visible marks worn out, definitely expected quality amount paying. The breakfast complementary quite nice. However found service inconsistent. One day served attentively. Another day, coffee took long time terrible, given bread assortment asked later. The dinner actually delicious recommend highly. However, one occasion find ants table cloth move tables.",0.1484057971014493,0.6285507246376811,Jan 13 2008
27,27,"Good stay overpriced The Manor small, family-owned (as recently) hotel. The staff attentive helpful, property well manicured clean, restaurant food good room clean comfortable. My regret was, honestly, expense. I know average price listed &quot;$115&quot; since I paid $440 suite. I spent less money far luxurious rooms places like Las Vegas California. The TV room tiny (again, expect large flat-screen expense). Take advantage car driver Devika Singh arrange you. I would come back property heartbeat price. I mind spending get more, value scale The Manor falls smidgen short.",0.22290249433106576,0.5307256235827665,Jan 13 2008
28,28,Overpriced - worthing The located smart place Delhi. The garden property nice that's far goes. My room confortable 2 lights service I arrived.Nice shower marble bottles glass shower containing body products. Restaurant correct full mosquitos night.Breakfast average.Staff underskilled compared hotels Delhi.Avoid travel desk takes high commissions (50% railways ticket price!!!).500â¬ 2 nights standard room. Go another 5 star hotel. Definitively.,0.18561224489795916,0.5868367346938775,Jan 10 2008
29,29,"Over-priced noisy avoided costs We booked three night stay The Manor reading positive reviews Trip Advisor, bitterly disappointed reality hotel.Whilst staff helpful, room (number 5) extremely small dated, views onto brick wall, suffered non-stop noise inefficient non-working air conditioning, constant loud reverberation water pipes penetrated throughout room. In addition, room appeared back major railway line, therefore woken througout night horns frequent freight trains.We asked change rooms, told full. However, evidence 2 tables ever occupied dinning room breakfast dinner.",-0.03540209790209791,0.44067599067599067,Jan 5 2008
30,30,"Favourite Delhi As frequent traveller Delhi I experienced best hotels city supposedly offer (Oberoi, Taj's, Nikko, Hyatt, Imperial etc...) Manor without doubt 'the' place stay opinion. The property small, facilitates nice personal touch. Rooms fairly spacious marble-laden bathrooms. For price basic room Oberoi get whole suite here, twice size Oberoi room I had. As food lover restaurant big draw, even one. Even stay I would recommend visit restaurant, serves finest Indian food I've personally tasted (as Englishman that's quite lot given nations addiction Indian cuisine). Service throughout attentive professional. I'm picky comes service reviews testify Manor scores top marks here. What overwhelmingly sold Manor setting, genuinely provides oasis tranquillity 'heart' bustling city Delhi. The negative hotels popularity. I check one day middle stay fully booked (this flagged time booking gripes this). Would highly recommend.",0.21673913043478266,0.5060869565217391,Jan 1 2008
31,31,"Nice hugely overpriced This stylish little set beautiful grounds. Rooms modern, comfortable spotless. The staff charming helpful, make polish big hotel. The restaurant serves good food, breakfast outside lawns great way start day.The location works ways: little far city centre (especially given Delhi's terrible traffic); makes location little peaceful besides, cheap get around organise cars.BUT real problem price. My double room quoted $175 night. But time added 10% service, 12% luxury tax - here's issue - converted bill Rupees laughably-bad exchange rate (then converted back dollars credit card company), I ended paying $280 night. For that, I could stayed Oberoi...My advice is, give place miss.",0.23072916666666668,0.6041666666666666,Dec 17 2007
32,32,"Poor reponse leading failed booking. Front office response entirely inadequate prices.I sent enquiry availables room email via website, got automated response. A couple hours later, Front office emailed availability prices - perfect, I thought, responded I would like book, it. No reponse email. I phoned, told email, would reply soon. I also told I book room Amex phone. 24 hours later response.Another email, still nothing. I called again, told would get back shortly.An email arrive eventually 48 Hrs enquiry - Sorry sir, availability wanted.Fantastic. Im staying elsewhere.",-0.05,0.440625,Dec 7 2007
33,33,"Not business I Delhi 3-4 times year thought I'd try Manor since gotten rave reviews. I got last room house windows backed wall. Certainly nothing write home about. The room clean, interiors could stand serious refresh- particularly rates (USD200+) charged.As business travellers, basics (converter plugs, iron) took several calls arrive. The front desk staff sluggish. The manager never arrived I left appointments morning. My favorite moment trying get back Friends Colony 8.30pm one night. They forgot tell driver nearby gate closed night took 20 minutes find alternative route in. The restaurant serve good, simple continental cuisine.Rates Imperial often similar -a much better choice.",0.13428571428571429,0.38634920634920633,Dec 1 2007
34,34,"The Manor manner - A perfect antidote hectic Delhi The only, I mean only, downside location, reason stay. Most places Delhi 15-20mins away car, spend extra ten experience tranquility The Manor.The Friends Colony, quiet area main thoroughfare southern New Delhi, houses smaller embassies consulates rather posh (from outside least) country club.On arrival, smart brass gates open reveal stylish exterior property, welcomed friendly efficient staff tastefully decorated lobby. After check-in formalitiesare complete, ushered perfectly air-conditioned reasonably spacious room. Ours finished dark woods stone, comfortable large double bed.Fruit, flowers, newspapers appear room course day, staff never obtrusive. The restaurant delight, interior decor trumped food, exquisite. As reviews observe, may well best Indian food taste entire trip. Do sip cocktail two Onyx Bar take tea veranda!We highly recommend The Manor visual culinary taste, staff, understand exactly busy, discerning tourist requires - rest good food tranquil, stylish environment. This treat missed.Andy Mc (a one-time visitor The Manor)",0.20943518193518193,0.5086524511524513,Nov 30 2007
35,35,"Great experience huge help booking rajastan itinerary!!! I used Manor homebase Oct 19 - Nov 24 2007 traveling Bhutan, Katmandu, Uttar Pradesh Rajastan. I 4 stays altogether well taken care time. This small 15 room family owned operated quiet family style neighborhood minutes insanity Delhi. The rooms quiet, clean comfortable, restaurant onsite pooped venture out. I able store luggage clothing forays safely. At one point I forgotten printouts guidebooks storage retrieved sent courier Katmandu. I left camera Palace Wheels train sent driver retrieve it. They took care jet laggidness start finish put I cranky demanding. The best however, Devika Uniglobe travel connected hotel. As competant I like think I organizing independent travel, helped put together trains planes accomodations I loss find info internet times, distances flat get one place another. I cannot thank enough suggesting car driver final 10 days trip really explore areas frequented tourists....this made trip India great, memory lifetime! There place stay Delhi Manor.....I wish I could relive memories again.",0.2977708333333334,0.5253333333333334,Nov 26 2007
36,36,"Lovely albeit brief stay Manor I checked suite Manor 4-5 hours flight Jaipur awaiting overseas flight Canada. The substantially farther airport properties travel agent recommended (i.e. 30 minutes' drive absent traffic), I willing forego extra hour's sleep order view property.I greeted warmly check-in owner, made sure I checked quickly, tea, bite eat catching sleep. The manager able deliver meal bedroom 15 minutes time I ordered, true word I would awakened time flight. The suite reasonably-sized, high ceilings compact, comfortable marble bathroom separate tub shower. The water pressure good.Bed comfortable high thread-count sheets soft pillows. There large desk small, dated cathode-ray tube-type television, small chair loveseat, huge window.I exhausted arrival, area quiet I problems noise. I try restaurant, room service prompt manager keen please.When I travel, I prefer stay smaller, owner-run properties opposed large chain hotels. If merely seeking bed flights Delhi, plenty options closer airport. However, looking respite noise Delhi personal service, I would highly recomment Manor - I stay I next pass Delhi.",0.16723015873015878,0.5244232804232805,Nov 25 2007
37,37,"Not quite right great restaurant. This located nice part city long way anywhere, expect go without taxi. The room nice huge. Strangely nowhere put suitcases one bedside table space. As result find space floor two cases easy. A railway track runs close by. We side noticeable even there. The best thing far restaurant. Easily best food Indian stay, superb. They offer European Indian menu (we Indian nights). It beautifully presented excellent quality. The chef trying new dishes second night personally came make sure OK us. The staff attentive property clean set nice garden. Its shame room remote location.",0.3733485650152317,0.6415116776227888,Nov 23 2007
38,38,Home Home Worthy holder Trip Advisor No.1 Rated Hotel DelhiOn arrival told make home stay.The certainly did!!They even gracious enough let us camp overlay midway thru trip (including train airport collection drop :) We'll back :)J,0.2579365079365079,0.6785714285714285,Nov 23 2007
39,39,A Hotel Class We stayed 1 nights end tour India. The lived reviews. The one side noise Trains night. So make sure room side track. Also room 11 next Air Conditioning System noise. They however request move us giving us free upgrade room. It Hotel Class.Only wish bit less noise night.,0.06468253968253969,0.48849206349206353,Nov 21 2007
40,40,"A calm quiet boutique The Manor charming, friendly quiet Friends Colony West, 25 minutes Khan Market 40 mins Connaught Place. The staff really helpful. The cost pick drop airport included price. The run owner Mr Singh, made real effort come chat guests make sure everything needed, offer information places go things see Delhi. We stayed 2 nights beginning holiday India 2 nights end, first part room second suite. The suite much quieter nice size. The room acceptable located next kitchen coming going outside.The bar restaurant nice, although sit outside watch mozzies, I got bitten first night. The chef great, food lovely. All I would thoroughly recommend anyone visiting Delhi.",0.3041666666666667,0.48456790123456783,Nov 19 2007
41,41,"Hated Manor Horrendous experience. Booked reading rave reviews travelers stayed there. Started room ready check inspite delayed arrival. Crew still vaccuming room got there. Once inside room, air conditioning cooling inspite thermostat set lowest level. Mosquitoes behind curtains baby spiders everywhere closets bathroom. Called front desk see whats going on. Nobody responded call. So walked finally someone came room hour later. AC still functioning 90 degree heat!!! The bathrooms sorry state years use(read abuse). Strange smell came room lobby times. Asked put room freshner finally put day checking out!!! All horrendous experience! At price ($420 per night) one easily stay 5 star delhi book good time. Will recommend surely never go back again!!!",-0.07847222222222221,0.5715277777777779,Nov 13 2007
42,42,"Booking problems After read good reviews The Manor, I tried book room February. I sent booking request website. After days I get reaction all. I sent e-mail reminder, answer again. After sent another e-mail without response I decided call telephone. They told get e-mails asked I could send new one. I asked I could fax instead, I believe would receive now. By way, told vacancy room categories.Finally I got fax back answer standard rooms booked out..........After I decided book another hotel.",0.12727272727272726,0.2309090909090909,Nov 9 2007
43,43,"Peace India This one decent place stayed India made world difference. Very cool place, peaceful stylish. Good service expensive though sure much paid. Its best value money worth spending for. Good food restaurant v helpful staff round. Location great worth extra 15 mins journey. Overall top quality.",0.21892156862745096,0.4853267973856208,Nov 1 2007
44,44,"Very good value We stayed two nights beginning October. The staff courteous, obliging quietly efficient. The suite large, clean quiet. We ate restaurant one evening meal although quality good inclined little costly Delhi. We'd recommend Galati, far away guide books, excellent buffet lunch, including soft drinks, less 800R two us. The south city, distance away notable sites, hardly made difference car driver probably efficient way get around India case. I'd hesitation staying again. We also stayed one night Oberoi Maidens proved huge disappointment us would Manor every time.",0.26972883597883596,0.5896428571428571,Oct 23 2007
45,45,"The place I hope I ever stay Delhi. The Manor overall fantastic place stay.Delhi first stop India, really needed tranquility Manor provides tried adjust.The rooms bathrooms great (and clean course) stylish, though perhaps tad dark. But that's much issue plenty places sit round hotel. e.g. loungers deck, lawn happily place loungers you. The train noise bother us perhaps right side hotel.The food excellent restaurant beautiful quiet, indulge fresh raw vegetables without second thought grown Manor itself.The staff ridiculously helpful help anything possibly can.Other services features: There's computer desk provided passage area internet connection good. The laundry service also good problems anything got back, thought probably could trusted did.We slight problem pick airport wait around while, far I remember came fault part hotel, case welcome received arrived made waiting. If I ever return Delhi I hope I want stay anywhere Manor.",0.2654004041935076,0.5812271062271063,Oct 10 2007
46,46,"What perfect little I stayed The Manor arrival India, five-day trip Agra Jaipur, onward flight Mumbai.Out nine places I stayed India, The Manor top two far (the top position shared Malabar House Fort Cochin).What gorgeous little place. It really small - 11 16 rooms (depending ask!). But great sense space light. Both rooms airy, stylish extremely comfortable, terraces, croquet lawn public areas add sense spaciousness.Because small, real sense personal attention. One example breakfast. On one morning I wanted breakfast (included room rate) really late, closer lunchtime, around 12h30. Expecting great deal resistance - hotels maintain strict &quot;breakfast hours&quot; - I arrived restaurant find problem all. They served gorgeous breakfast croissants soft scrambled egg fresh sweet lime juice great coffee, problem whatsoever.On two mornings I asked breakfast served room. Once again, problem all, extra charge brilliant quick room service. Now many, many top hotels around world insist complimentary breakfast must taken restaurant, The Manor small friendly enough archaic rules.I also pleased free internet access room. A minor gripe LAN based rather wireless, free fast, unlike &quot;top-notch&quot; hotels I stayed India, Taj Mahal Mumbai internet access, like everything else, costs much.And guests travel laptops, also PC available internet access. Nice.Another major plus complimentary drive airport. I must say, one main initial selling points The Manor me. You want arrive Delhi 3am still find transport hotel, met driver early hours morning bliss.I two small problems The Manor. One conveniently located - 150 rupee taxi ride Connaught Place, example. But flipside really located calm, tree-lined suburb totally secluded madness Delhi.The tiny gripe I charged extra mushrooms tomato breakfast one three mornings! I know truly petty, get everything else SO right, pity spoil inconsistency. Either charge every time, all, randomly.To dapper Mr Singh came offer National Geographic read I taking tea terrace, I say keep up, that's good little establishment there. May get visitors deserves.",0.22313616071428571,0.5421986607142858,Oct 8 2007
47,47,"A wonderful stay After reading many reviews site, decided book Manor last part stay Delhi. We stayed Hyatt two nights Manor four nights. I can't begin express pleasant stay Manor. The rooms nice, food outstanding service incredible. Our driver, Jaga, wonderful guide made us feel safe city overwhelming first time. The owner came talked us dinner nice man even helped us purchase carpet. This ammenities larger expensive hotels, makes service serenity.",0.45813725490196083,0.6980392156862746,Sep 28 2007
48,48,"design nice relaxing The manor placed quite residential part delhi.It quite place, cars, traffic, beautiful exclusive villas around.the &quot;design hotel&quot;, beautiful. I suggest &quot;superior&quot; &quot;executive&quot; room beacause bigger others. comfortable big bed, clean bathroom. bad aspect carpet room, looks old dirty even dirty I think dated!The room service good!the breakfast hall relaxing,we alone.The staff polite. good aspect: internet place avalibale 24 hours free.",0.18333333333333335,0.63921568627451,Sep 25 2007
49,49,"Pefect finish holiday India We stayed 4 nights August 2007. Had suite number 1, extra bed 14 year old daughter. Cost us 175 USD + 50 USD extra bed. Lovely room, lovely bathroom, lovely hotel, lovely restaurant...we took meals : awsome food, good complimentary continental breakfast (croissants, scrambled eggs toast, sweetlime juice...). Friendly bar (played cards, read...). Great garden, terrace...Swimming pool club nearby. Free internet. Super helpful friendly staff. Arranged everything us : car aiport (complementary), taxis, henne... Quiet, comfortable, relaxed atmosphere. Offered us cakes, fruits, chocolate night... It exactly needed 15 tiring days Northern India. We hioghly recommend !",0.3664351851851852,0.5333333333333334,Aug 18 2007
50,50,"An oasis tranquility amidst urban insanity Delhi arrival dingy airport insane traffic nerve wracking, contrast finally made The Manor (tucked away exclusive enclave south-east Delhi) extreme- security guard keep riff-raff, quiet, friendly front desk staff form-filling relaxed recovered, large glass freshly-squeezed mango juice, long bath amenities supplied. I surprised learn later property managed Aman resorts. Complaints- standard rooms small, size; ask shown rooms deciding. Everything else fantastic- service, food (the angel hair pasta- excellent!)... travel agent messed return airport transfer, staff Manor took care everything aplomb. Suggestions improvement? Perhaps WiFi access, attention ageing fittings. Other that, I know certain I'll returning to, I next visit Delhi...",0.06597744360902255,0.49649122807017554,Jul 19 2007
51,51,"Great stay ultimate We stayed The Manor 3 nights must say great. One must give credit small boutique size property makes really something amongst big chains Delhi.Service outstanding, pick trainstation reception staff interacted stay. Very curteous, friendly, helpful discreet needed. On downside however I miss Guest Directory rooms, I regard useful tool every guest foreign city. And would pay train staff remembering names whether guest like coffee tea avoid asked every morning. Additionally, carpets look tired need changing. tiled wooden floor easier keep clean. They wonderful lawn roof terrace hardly used (understand temperature really inviting lunch 45C outside time year), umbrella looked really shabby, chairs always left guest placed days earlier. The material seats dirty. roof terrace awesome inviting since evening one placed candles sort lights. put cushions there... Check efficient drop airport impeccable.Overall, good definitely worth stay happen Delhi.",0.1980357142857143,0.4643452380952381,Jun 8 2007
52,52,"Luxury The Manor lovely. From picked-up lovely, large air conditioned car offered hand-wash towels drinks enroute hotel... room, restaurant, time left... lovely. We stayed dives throughout trip disappointed The Manor. Service staff great. Room's interesting modern design slept comfortable beds whole time (barring Agra Sheraton - also lovely beds!) We also hired hotel's driver &amp; car hours sight-seeing around Delhi pleased service. Restaurant food also great nice change something continental-ish rather pure Indian.",0.3107142857142857,0.5725563909774436,Apr 23 2007
53,53,"Feeling Cosseted We stayed The Manor two nights beginning honeymoon trip India end March 2007.It welcome oasis excellent customer service ,beautifuly designed surroundings great food!The bed exceptionaly comfortable everything needed carried promptly,faultlessly without cutting corners.Not something said hotels stayed price range!Our decision stay based reading traveller reviews certainly consult site planning holidays.We liked The Manor much asked driver(superbly organised along bookings etc duration trip Rajputana Holiday Makers Jaipura)to make detour way Agra airport could eat flight.We definitely recommend hotel.",0.32202380952380955,0.6476190476190476,Apr 9 2007
54,54,"A great base call home India The Manor apparently India's first boutique opened 1999. And looks like need first facelift since 1999, generously ticks principal boxes great boutique - exclusive, intimate experience fantastically personal service. The Manor essentially became base camp trip - started pre-Rajasthan, returned pre-Varanasi returned finally Kerala prior London return. In role excelled - team helpful organising drivers, confirming train plane times, holding onto excess luggage want lug around, catering packed meals us take journeys us. Always warm welcome, The Manor green oasis tranquility madness Delhi. There subtly colonial air it, contemporary efficient. The food excellent - particularly liked authentic Indian food menu. The bedrooms large, beds excellent, bathrooms wall-to-wall marble. Couldn't recommend better place stay Delhi.",0.2540674603174603,0.5900793650793651,Feb 18 2007
55,55,"Not bad seen better We stayed The Manor last September. It seems gotten quite good reviews lot people I much impressed, although I admit overall pleasant hotel. It may fact stayed glorious impeccable Devi Garh Udaipur previously arriving The Manor. Our room Manor quite small, rather dark. (It cheapest room.) Not much view. Found couple stains wall carpet, though obvious. The bathroom looked bit tired. There bathtub, shower room bit small. However garden spacious beautifully kept. Food bit costly tasted good. They two adorable dogs friendly. I liked neighborhood well. It high-class residential district peaceful calm. The staff efficient helpful. The Manager nice person.Their limousine services expensive compared usual taxis catch streets. However pick-ups airport free, provide fancy black car good-looking chauffer. They gave us mineral water allowed us pick favorite CD way.Overall hotels Delhi overpriced. Our personal advice leave Delhi quickly go beautiful colorful Rajasthan area.",0.2621354166666667,0.5956250000000001,Feb 16 2007
56,56,"Peaceful oasis Delhi Date: Dec. 9th-13thReviewer: Christina UddyWe lovely stay The Manor. From moment arrived, 2:30 a.m. result delayed flight, staff warm friendly. They immediately offered us turned best tasting chamomile tea. We think still. The rooms, bit worn around edges, clean beautifully designed modern amenities great sheets. We even offered free upgrade stay. Breakfast lawn splendid--food ambience perfect. It hard believe chaos Delhi kilometers away. While friends Delhi thought bit way far sightseeing goes, certainly praised beauty peace abound tiny oasis within Delhi.",0.3852678571428571,0.6195684523809523,Feb 12 2007
57,57,"An oasis Delhi's chaos My wife I stayed five nights end January vacation Delhi, Agra Jaipur. We rented car driver Rajputana Holiday Makers (first class rental company Jaipur) drove around three cities starting finishing Delhi. In Agra stayed Hilton Jaipur Alsisar Haveli.The Manor like nice big family house. The building surrounded good sized family garden New Friends Colony fifteen minutes India Gate taxi auto-rickshaw. The suites comfortable well designed, standard rooms could little bigger. The restauarant excellent. The dining room overlooks sunlit garden. Breakfast, lunch, dinner snacks bar good much better stuffy overpriced fare Oberoi big hotels.Staff really helpfull manager surprised us generous practical spirit I seldom seen hotel.After day road sightseeing Delhi true haven. Both us give top marks although small drawbacks, Delhi accept noise traffic railways pierces walls windows odd times night. Amanresorts manages high standard professionalism. We understood moving new Delhi months new operator take over. This result renovation building rooms, need beginning show.We would make strong recommendation stay quite, well run small hotel.",0.19047348484848484,0.4544751082251083,Feb 3 2007
58,58,"The Manor Excellent Choice We excellent experience end two week stay India. Found internet. The staff wonderful assisted us (3 couples) every way last day driver (meeting us train station) shopping airport mailing boxes back US following wedding. The rooms clean crisp constantly maintained every time left. The food wonderful, lunch one day breakfast. The atmosphere peaceful disturbances sleep. Having stayed larger beginning stay India, place totally different catered individual needs. The three couples felt family environment. We loved Manor recomment anyone going Delhi.",0.3479166666666667,0.5260416666666667,Jan 27 2007
59,59,"A Gem There much I add positive reviews Manor posted TripAdvisor except say true-- Manor wonderful everyone says is.Design, comfort, service, food-- Manor all. The small size (12 rooms) makes personal stay larger hotels. We checked hotels Delhi (including Imperial) pleased choice.Highly recommended.",0.1797520661157025,0.531404958677686,Jan 18 2007
60,60,"An oasis calm If want stay decent Delhi without staying one big chain hotels try The Manor. The Manor situated smart suburb New Delhi. The rooms fitted international standards. The decor clean modern, little characterless. The character provided charming staff. The modern Indian cuisine restaurant excellent.One small note complaint, room I stayed needed bit refresh furnishings beginning look little tired.I used The Manor stop catching flight back London. The process seemless, I met platform train delivered airport morning. Delhi seem chaotic intimidating. If fairly well heeled tourist, The Manor insulate whilst acclimatise provide good base see Delhi.",0.13468329915698338,0.5217931191615403,Nov 16 2006
61,61,"A calm place price A great away fun madness Delhi. Rooms lovely restaurant good. However comes price - expensive even London standards. But arrived India want somewhere quiet stay, hard beat. P.S If intend arrange transport them, prepare haggle alot prices quote high.",0.2473703703703704,0.6118888888888889,Nov 7 2006
62,62,"Excellent classy This excellent classy. A relief 8 hours flight sleep! Rooms spacious - I would recommend suite though, modern deco. Very clean, impeccable service quiet. With 14 rooms, guest treated special guest! Although I read Tripadvisor train line passing hotel, I garantee hardly hear it. The staff helpful, picked us airport (part service) helped us booked rail journey entire trip! The Food excellent, amazing curries - nothing like served home course - cuisine fine, blending fresh herbs spices. Juices completly made fresh. The drawback location (South delhi), hence reason quiet too, located posh suburb, away bustle Delhi. And like shopping staff take special shops. I highly recommend it.",0.33803030303030307,0.7044372294372295,Sep 30 2006
63,63,A Modern jewel In Delhi,0.2,0.3,Sep 5 2006
64,64,More pleased,0.5,0.75,Aug 9 2006
65,65,Dining good dull.,0.20416666666666664,0.55,Apr 26 2006
66,66,another manor fan,0.0,0.0,Mar 14 2006
67,67,Fantastic little,0.10625000000000001,0.7,Feb 13 2006
68,68,Indian style hospitality finest,0.0,0.0,Feb 8 2006
69,69,Lovely place,0.5,0.75,Nov 7 2005
70,70,Stay hotel!,0.0,0.0,Jul 27 2005
71,71,An Oasis,0.0,0.0,Feb 3 2005
72,72,Wonderfully relaxing place stay,1.0,1.0,Oct 27 2004
73,73,??????????????????,0.0,0.0,Jun 11 2009
74,74,AgrÃ©able mais cher,0.0,0.0,Mar 18 2009
75,75,???,0.0,0.0,Sep 20 2008
76,76,???????????,0.0,0.0,Sep 7 2008
77,77,Service de rÃ©servation par internet,0.0,0.0,Dec 8 2007
78,78,Una opciÃ³n excelente en la caÃ³tica Delhi,0.0,0.0,Nov 11 2007
