,Unnamed: 0,Reviews,polarity,subject,Dates_extracted
0,0,"Top Notch I great fan erstwhile Lodhi Hotel whose site Aman stands. Located one best locations city Lodhi Road, Aman another name luxury.Right branded luxurious Ambassidor taxis private pools every suite all. I stayed 2 bedroom suite two nights 4th floor family treated like royals. Every small bit taken care of. The staff helpful core. Unlike hotels uniform staff ethnic Indian really smart. One unique thing Aman &quot;jharokhas&quot;, corridors allowed partial light pass making beautiful unique atmosphere. Well worth visit one afford.",0.32066326530612244,0.5387755102040817,Oct 18 2009
1,1,"Oh My Gosh!!!!!!!!!!!!!!!! From view 13 year old.The Aman New Delhi amazing I ever stayed in! I 1 4 children family. We stayed 2 bedroom suite 7th floor building. We huge balcony, private plunge pool three plasma screen TVâs. We got two rollaways room making big enough sleep us. We stayed one night caught midnight flight Hong Kong next day. The parents went day shopping chilled swimming pool, playing squash air conditioned courts, playing one 3 tennis courts, exercising gym etc. They got back 4:00 chilled more. Then got room service dinner (which special dad like room service) packed airport. We driven specially made luxury made Aman ambassadors. The Aman New Delhi awesome!![--]",0.282943722943723,0.5332251082251082,May 11 2009
2,2,"Stunning My spouse I live New Delhi, stayed Aman celebrate anniversary. I agree previous reviewer - lived Delhi life, I say confidence far best city.The highlight rooms. We basic one-bedroom suite, absolutely gorgeous, I say even though I slightly preferred rooms Amanbagh. Judging Amans' pictures, I'd say probably one nicest looking rooms repertoire. The plunge pool area daybed large balcony especially gorgeous, light streaming jharokas. The service good massage rooms well done. The head assistant manager amazingly helpful - helped wife set surprise, showed rooms wanted see could pick one best view, many little things.On downside, lobby area well areas unimpressive, food ho-hum, tailored Indian palate, choice vegetarian food sparse. The hookah made us terrible, steer clear. They claim mughal architecture, aside one two design features, (but who's complaining?). The pool nice, nearly good Amans. Also I would suggest going September (that's properly open) want avail following services - hammam, steam sauna, one told aforehand unavailability.We Sunday, church nearby huge procession going like 4 morning. They sang loud, songs atrocious boot, really ruined night... I sleep 3 hours. So check - I know Sunday morning thing occasion.Despite shortcomings, hopefully temporary, room amazing I can't justify taking star.",0.20170241374786832,0.5849934409025317,May 10 2009
3,3,"Best Hotel Delhi The Aman New Delhi fully open April 29th I there. Only 3 suites 2 dozen rooms open, occupied. Even local taxi drivers know yet, ask go 'Lohdi Hotel' -- site new Aman. If Aman Lover, place let down. Ask stay top floor aman wing. You see Humayan's tomb distance 803. All rooms plunge pools face inward private. Service insane.Don't miss Tapas bar spa. Each spa room steam make sure book room least 3 hours treatments. They currently running 550$/Night special (Plus fees luxury tax) definitely worth splurge soft opening period.",0.1867243867243867,0.4821057210763093,May 3 2009
