,Unnamed: 0,Reviews,polarity,subject,Dates_extracted
0,0,"Not bad The best thing Singh Sahib location near Karol Bagh main market metro station. This criteria book hotel.Apart location, place nothing much offer. The staff untrained sounded bit fishy. The rooms small bathroom even smaller. Its located semi-residential area initially I problems locating place. This place recommended individual stay 1-2 days Delhi.",0.14515151515151514,0.48363636363636364,Oct 5 2009
1,1,"Ideal location KarolBagh posh Interiors About Hotel : I got know freinds stayed before. I looking ideal place stay thats expensive (within 2K INR per double room) time nearby shopping areas Delhi. Rooms good interirors always choice comes staying family. This excelled expectations interms interiors.Location : This near famous Karol Bagh market. Its five minute walk shopping area. The located nearby side lane thats posh. The metro station 15 minute walk rs 20 auto. Food : The room service take sometime food good quality. There NO complimentary breakfast hotel. Service : The room boys smile attended us reception desk always ready offer help. I would say overall helpful courteous.In nutshell: If travelling family business looking excellant interiors convenient location , one recommendations...",0.2771428571428572,0.49607142857142855,Apr 30 2009
2,2,"Don't bother I would highly recommend NOT staying Delhi. It first stop flying probably least welcoming I've ever stayed in. The staff rude always yelled other, noise echoing right stairwell. Our room tiny dark, window overflowing toilet. We asked toilet fixed someone came something demanded tip, even though toilet clearly fixed. The staff also tried overcharge us food drinks had, claiming menu listed incorrect price. We hot water room move wait get there. Karol Bagh, though quite interesting, good area stay hard get around takes awhile get anywhere. There also lots hotels area auto rickshaw driver ever knew wanted go, course tried drop us elsewhere. On way back Delhi stayed Eleven guesthouse, cost bit much managed completely restore faith Delhi good place visit. Steer clear Singh Sahib.",0.05126293995859214,0.3808281573498965,Feb 8 2009
3,3,"Stay somewhere else By second night, calling &quot;Hotel Suck Sahib.&quot; It's dirty, noisy, located crappy area nothing interesting long tuk-tuk ride anything worthwhile. After every excursion, trouble getting back none tuk-tuk drivers could find it, even hotel's card map. It took average four stops directions actually find place.If absolutely must stay here, costs avoid room T-2. It's top floor shares wall kitchen, means hear chopping, clanging, crashing night long, addition loud voices radio kitchen staff. It's marginally quieter floors (unless staff starts moving furniture 4 am, happened stay), rooms still dirty uncomfortable. If going stay crummy budget hotel, least make somewhere conveniently located dump.",-0.015277777777777772,0.476388888888889,Mar 3 2008
4,4,"Small room opening window Location pretty near sky train station. The room quite small. There chair inside room. The window open. Air ventilation bad. Luckily ceiling fan working ok. We wait 10 mins. get hot shower. At time stayed, restaurant hotel. The mangement said renovated. We served american breakfast room 100 rp. But breakfast rather bad. The toast hard. Coffe warm.",-0.011309523809523794,0.5970238095238095,Jan 17 2008
5,5,"Not bad could better We stayed 2 nights December. The midrange ( paid Rs. 2200). Our room clean spacious enough accomodate family two adults one child bed (although thought bed could bit longer accomodate feet well..:)..) room extra bed. The bathroom clean running hot water, necessity part year Delhi. They willing provide in-room service items menu in-house restaurant planned. We breakfast (Bikanerwala) Angan restaurant nearby ate reasonably priced fresh local Indian meal . There also good travel agent neighborhood hired taxi local Delhi sightseeing day.Pros: Courteous staff, good location, clean room bathroom; Cons: Very poor noise insulation, rooms (on first second floor) could hear noise corridor reception (which I rating average)",0.24238095238095236,0.5457142857142857,Dec 25 2007
6,6,"Very nice new Karol Bagh (Our stay December 2007)We walked lousy Hotel Metro Heights. We packed stuff walked right next door Singh Sahib hotel. I think Indian friend learning said Singh Sahib little money left suite, OK important comfortable stayed.In Singh Sahib, placed suite 1st floor right behind check in. It appeared looked new still renovating little. The restaurant still complete. However, room large clean new working AC. It also reek cigarettes. Unfortunately Iâm sure long stay way apparently appeals smokers. I chastised Chinese guest stepping elevator lit cigarette response sign. I sure smoking elevator universal courtesy?As I said, room new, cleanly marbled freshly painted. As nice still quirky problems. First, although everything appeared clean, workers neglected clean walls around toilet, small oversight. Also, cheap temporary curtain went across bathroom covering shower tub. This found prone come easily. There hot water, took show up. There frequent electricity outages, minute two.The soaps best quality found travels India. They brought extra towels request. There mini bar room. Breakfast included restaurant closed, order room service. There small glitch getting food, finally came. We ask silverware napkins. We surprised find French toast menu, came plain offered syrup. We went compliment front desk apparent owners quality rooms. We told must cheap curtains bathrooms Indian guests bathe bucket cup, splashing water bodies rinse process drench room. They really interested talking me. When I asked take couple pictures another room post TA, refused handed pamphlet saying I could see pictures there.The one thing really upset scam owners appeared playing guests. Iâm sure actually hurt guests, probably shield income government. I watched appeared overcharge one Chinese guests checking out. She tough guys going get one her. When asked receipt, tried talk around subject, finally went write receipt piece note paper. The girl insisted official invoice finally succumb. It funny asked play games replied sly meekish smile. Unfortunately I still think something gave original kept copy receipt. I realize thing travel agent friend paid bill me. When I later telling Chinese girl, looked receipt found done thing him. We went back later reclaim bags held us check out, made give us proper invoice.Again place right next door Hotel Metro Heights. Both front desk people plenty rough around edges, Singh Sahib ten times better. The Singh Sahib maybe bit expensive rooms may bit smaller, extra dollars I'd stay ruin vacation Metro Heights. Just make sure ask official receipt leave.",0.0995715460250344,0.47603275277693885,Dec 14 2007
