,Unnamed: 0,Reviews,polarity,subject,Dates_extracted
0,0,"worst delhi dont stay ,even pay you,dirty ,smelly, noisy, dusty, insecure, uncomfortable.do touch anything break,if already damaged.plasma tv lobby thing works.worst bathrooms,wash hands touching taps, beds dirty uncomfortable.",-0.35714285714285715,0.8250000000000001,Feb 25 2008
1,1,"Reasonable We spend days Yuvaraj Delux stay pleasant though located good place. The roads narrow congested.The management staff well mannered. It worth Rs.1100 per night. Donot expect kind facilities ambience would expect Budget long stay hotels US Budget India. The travel desk people good, I learned role arranging trips limited collecting cut trip cost role rest trip. I booked 2 trips them, one city tour another one Agra satisfied either.Single day City Tour: The places include part tour cannot completed days time all. An advise anyone visiting Delhi travel Delhi Metro get nearest tourist point. Delhi Metro stones throw Yuvaraj Delux ( Ajmeri Gate) matter Paharganj Arakashan Road . Metro reach Delhi take one nearest point conveyance say taxi auto availed. I think metro operational 6 AM 11 PM. Metro takes places within Delhi cheaper faster clean well maintained. The max ticket metro one end city comes around Rs.20. There tourist passes metro comes one day pass Rs 70 3 days pass Rs 200. With passes one make infinite travels one day 3 days metro. These passes meant solely tourists.Single Day Agra Tour: This horrible. They charged Rs 450 per head. Never ever avail tour Agra. 12 hours consumed commuting itself. The bus operators donot know operate tours. For lunch/dinner/break fast stop worst restaurant (where bus staff gets best cut) . You start 6 AM Delhi reach Agra 12 noon taken Red Fort get hardly 1/2 hour there. Then take Handicraft emporium waste time.(If buy something emporium bus guys get commission). Then driven TajMahal . TajMahal crowded (during Dec-Feb) takes around 2 hours queue get Taj. Avoid trip Taj Dec- Feb possible. You get hardly 1 hour Taj time start Delhi. The bus next take Mathura Vrindavan holy places birth Krishna Delhi. By time reach Delhi around 2 AM next day. Its tiring trip spend hardly 2 hours seeing places NOT AT ALL WORTH IT. A better option book Hotel Agra, take train Agra Delhi,(New Delhi railway station walkable distance Paharganj/Arakashan road) stay couple days Agra, see Red Fort Taj. Never take one day trip option provided travel desk Delhi. Its waste money time tiring. All I would recommend Yuvaraj Delux anyone looking budget accomodation New Delhi.",0.04013685966810966,0.4414986922799422,Jan 8 2008
2,2,"mess! I arrived midnight. The staff welcoming. After waiting reception 10 mins backpack, bellboy asked I given key room! And I hear thank tip.. All staff tried hard sell drinks even tough refusal many times.There pillow covers. The bed sheet dirty. There towel soap bathroom. It basic. This worst I stayed India!",-0.22214506172839504,0.6680555555555555,Nov 16 2007
3,3,Nice Service! Thank hospitality support. I feel comfortable staff friendly.,0.5858333333333333,0.8833333333333333,Oct 18 2006
4,4,"Awful place! We stayed Yuvraj four nights. There nothing &quot;Deluxe&quot; it: room bathroom dirty. bed dirty, staff rude got even worse refused book tour. We noticed went room gone - least touch anything stuff. But did't take rubbish changed linen either. It also awful loud: morning till 11 night repairing stuff around house phone rining hall even night.The shower working warm water available.The pictures saw Internet totally misleading. It din't look like shabby dirty.I would recommend staying somewhere Connought Place. It take long get New Delhi Railway Station much nicer there.",-0.24720279720279714,0.6465034965034965,Sep 13 2006
5,5,"Total misrepresentation disgusting Firstly booking supposed include free airport pick-up owner insisted I paid 400RPs. I booked room 3 adults - son, husband naturally expected double single bed 3 singles one double bed. When asked happened bed porter arrived damp mouldy stained mattress plonked floor end bed - needless say son refused sat night. I also sat night bring sleep dirty bedding. The outside look bad rest like rising damp. The room disgusting bore resemblance photos internet, infact I believe interior. It grimy, curtains hanging rail, paint peeling walls filthy antiquated bathroom hot water. I would love know recommendation Loney Planet came love bit &quot;deluxe budget prices&quot;! If I stayed beginning travels would put India life. This bad end otherwise lovely holiday.",-0.16816326530612244,0.6098072562358278,Jan 19 2006
6,6,"Really bad bad part town Looking previous reviews, I see anybody could use word &quot;excellent&quot; describe aspect hotel. It among worst places I ever stayed. The difference internet description pictures vs. reality like night day. The bedsheet (yes, that's bedsheet, singular, top sheet) looked dirty towel worn dirty looking. The hot water bathroom work. A room western toilet available. It extemely noisy area constant horns honking. I find staff friendly helpful. My advice anybody staying New Delhi splurge go one better hotels (even means breaking budget) low-end hotels worse imagine.",-0.21178977272727273,0.5148674242424242,Dec 8 2005
7,7,"Do stay here!! This dirty noisy, staff rude house 'travel agency' leave alone bought one tours.While glad car driver booked spend rest holiday feeling completely ripped-off, every tourist met.Do favour stay anywhere area, instead I would recommend book homestay.I strong suspicion glowing reports site written hotel, customers forced - told write recommendation driver!",-0.05238095238095238,0.5869047619047619,Dec 6 2005
8,8,"What expect $15 This basically budget would seem budget India costs anywhere else! As hotels area spent money making reception look nice forgotten renovate rooms. Our room dark pleasantly quiet, carpet old bathroom cleaned 50 years. Oh bed hard! At first highly annoyed consider hotels pricerange/area probably got reasonable deal terms quiet room was. The reception staff seem leave alone &quot;in house travel agency&quot; pushy. We use them. Internet good value 20 INR per hour.",0.14402777777777775,0.4444444444444444,Nov 13 2005
9,9,"Don't believe two previous reviews! We booked reading two positive reviews Trip Advisor site. Not rooms dirty, run loud staff loathe let us check next morning - managed one hour. The harrassment definitely level worst encountered India trip.",-0.17427048260381595,0.5849607182940516,Nov 6 2005
10,10,Value For Money Hotel Yuvraj Deluxe excellent hotel. The staff friendly helpfull. Connaught Place Janpath 15 min. walk away. I would hesitation recommending,0.6583333333333333,0.7999999999999999,Jul 18 2005
11,11,"best value money along best friends I pleasent enjoyable trip india recently. I enjoyed indian food ,also liked city Delhi much. I wonderful experience Yuvraj Deluxe stayed.",0.5660000000000001,0.616,Jul 9 2005
