,Unnamed: 0,Reviews,polarity,subject,Dates_extracted
0,0,"If Ajanta got Delhi City Centre I Hotel Ajanta sister concern 3 days work. I checked out, made trip Agra returned hotel. Very nice comfortable rooms, excellent service great location",0.7450000000000001,0.8875,0.8875
1,1,Filthy rip-off. Do stay here. The website misleading place disgusting. There actual blood walls bathroom building literally falling apart. The management lie rip off. An absolutely disgusting experience.,-0.64,0.72,0.72
2,2,"Horrible We arrived told arrived early pay almost additional nights rate. As tired journey need shower option. It would good warned especially contact prior visit sending car pick us up. The nothing like photos see (most actually adjoining Ajanta Hotel appears kind partnership going Delhi City Centre hotel). The room whilst 'cleaned' uncomfortable sheets towels grey threadbare holes them, air conditioning work, fan noisy much thought going fall off. Staff wanted money everything, much one actually pushed way room undressing ask money returning passports took us reception. The desk manager rang us 6am waking us 'double check' long staying despite going writing several times.There number hotels road far better less money. We stayed one return Delhi street 50% quieter relaxing.Only thing going location.... hotels!",0.04313568376068376,0.3992521367521367,Nov 13 2009
3,3,Cozy comfortable-good budget I travelled friends India stayed new delhi delhi city center. I liked room hotel. Nice bright. My friends stayed Ajanta Hotel would walk Connaught Place eat Indian spicy 'chat' [thats dish called] go shopping Janpath. The staff helped understand go see.,0.28939393939393937,0.6507575757575758,Oct 29 2009
4,4,"Awful Hotel I awful hotel, staff would try cheat every time. They charge things consumed, price go REAL HOTEL, that's pathetic place, pathetic staff really. I hope government would close obvious reasons, cheat everytime can, robbed!",-0.5142857142857142,0.7142857142857143,Oct 19 2009
5,5,"Definitely Not Recommended We stayed 3 children Family room. I trust staff, took passports &quot;photocopy&quot; details check-in, took long time return them- asked us go room without refused finally brought back.The room ok, clean, especially sheets changed changed..but apparently sheets without rips stains- put ripped sheets!The area around terrible, smell, dirtiness well people ready hassle soon stand outside.Also breakfast go Ajanta, front hotel. You walk dirty stinky alley way may put eating breakfast anyway. The staff interested service anyway.We definitely never stay again!",-0.10694444444444444,0.6458333333333333,Oct 11 2009
6,6,"Awful dishonest staff misleading website - Pretty appalling. BEWARE - &quot;sister&quot; hotel, The Hotel Ajanta. The photos website Ajanta (which look quite reasonable), Hotel Delhi Centre go there, find why. The Ajanta cheap cheerful, even good. Having looked around checking in, I challenged staff lied face several times, I threatened leave without checking moved us Ajanta.",0.03333333333333334,0.7000000000000001,Oct 1 2009
7,7,"Defination word pathetic I business trip Delhi fortunately I privilege book choice unfortunately destiny took hotel. people really pathetic, room service guys look purse, though birth right anyway let put like &quot; three star pls get misguided secondly place destined deserve worst possible respect&quot;",-0.3517857142857143,0.7794642857142857,Sep 29 2009
8,8,"Escort... Hello,Escort girl entered back door client, customer hotel. Though discreet, hiding. This probably recommend family.Best regards,StÃ©phane",0.0,0.0,Sep 6 2009
9,9,Good Hotel - try leave early reason! My daughter I booked advance 5 nights hotel. We thought overpriced India. The operated Ajanta Hotel located behind Ajanta. Breakfast also served Ajanta Hotel. It advertised adjacent train station. It not. The train station 5-6 blocks walk Main Bazaar Connaught Place even close walking distance. The staff friendly helpful. Mr Manik tour director pressured us tour Taj Mahal private car rather taking express train said would take time we'd back dark. After two nights finding tour operator less honest us cancelled tour decided check leave India health reasons 7am. However allowed without paying full 5 nights I booked (but yet paid for). After much arguing upset threatening call police settled making pay 3 nights (instead 2 I stayed) made write note stating I leaving - I duress get there. We felt like held hostage. The owner later came try talk us staying never offered us reimbursement extra nights charge stay. Upon returning home I checked website right charge extra night.Had situation occurred wanted leave early I would totally recommended hotel. But since happened I feel cheated I would not. Never type thing happened I've ever stayed world travels.,0.1122448979591837,0.4207482993197279,Aug 22 2009
10,10,"Acceptable Room No Wifi I stayed &quot;Family Room&quot; couple friends. The room smaller expected especially clean (found condom wrapper next bed). The location convenient, noted reviews. The staff friendly, spoke good English, helpful. We disappointed &quot;free wifi&quot; supposed included room non-existent. At check-in, I asked given password access network. 10 minutes later, I tried access room found network. I went downstairs ask, said internet. Go figure.",0.0008333333333333304,0.34750000000000003,Jul 19 2009
11,11,made stay delhi much easier staff makes great place stay. mrs. ravi helped us plan great trip north delhi. trip delhi would nearly good staff guide us. room met expectations breakfast good.,0.64,0.58,Jul 3 2009
12,12,"good location I stayed 2 nights, I think location great go Delhi station, metro, Connaught place. Regarding room, simple - good bad. I felt price bit expensive total.And area - Pahar Ganji, Main bazar busy like stay quiet clean area, I dont recommend hotel. not, enjoy staying.",0.18757575757575753,0.5391341991341991,May 21 2009
13,13,"Modern safe Friendly brand new modern ,picked us airport gave us nice hot meal 3 night woke us next day breakfast ready per prescribed medicinal diet emailed about.They dont seperate conceirge staff spent enuf time answer questions .I back recomended organisation .",0.22489669421487601,0.4231404958677686,May 12 2009
14,14,"Great place! This super choice budget traveller, close Connaught Place Old Delhi. Much better many cheap places opposite railway station",0.3385416666666667,0.4614583333333333,May 1 2009
15,15,"great value! Great place stay Delhi! For price I paid, I got exactly I wanted - clean, comfortable welcoming place stay. The staff extremely helpful go way serve needs. The room good size, freshly painted clean sheets etc - good sleep. Place pretty quiet too, stayed days, enjoyed it.",0.39345238095238094,0.6273809523809524,Feb 11 2009
16,16,?????????,0.0,0.0,Oct 25 2009
17,17,Hotel effrayant et pas en sÃ©curitÃ©!,0.0,0.0,Sep 2 2009
18,18,So Bad,-0.6999999999999998,0.6666666666666666,Aug 28 2009
