,Unnamed: 0,Reviews,polarity,subject,Dates_extracted
0,0,"Watch extra costs! This lovely clean sheets lift fridge room. However everything else bit let . Watch extra costs. The room charge bed breakfast , checking manager going charge breakfast. When using email I asked write name &amp; sign form, nothing written form I used email half hour, finished charge 2 hours start time written wrongly form. Watch menu prices charge always menu says meals charged twice amount written menu (check, check, check everything). The restaraunt awful food. I recommend keep checking costs continued find prices always wrong.",-0.1617283950617284,0.5450617283950617,Nov 9 2009
1,1,"Very disappointing We're fussy turning Sunstar Heritage longhaul flight 2am find sheets bed, 1 smoky smelly towel, opened bottles water hot water loudest air conditioning world 1 temperature polar blast - idea hotel. We asked manager fresh towels next day never turned following night sheets better sleep sheets. Would recommend unless make changes.",0.04574074074074072,0.5677777777777777,Nov 2 2009
2,2,"Nice location clean hotel! I pretty impressed I read reviews. If looking comfortable place rest head nothing wrong hotel. The rooms comfortable, great airconditioning clean sheets towels. The bathroom clean always hot water, case many hotels I've stayed India. The restaurant closed I could room service brilliant, many great places eat cares. Although little expensive I felt safe staff helpful. Finally busy street, therefore noisy night.",0.3151666666666667,0.7265999999999999,Aug 26 2009
3,3,"Don't stay Don't stay here--eerie place. Originally I supposed stay owner's property, Incredible Home Stay (which gets pretty good reviews), placed instead. The service abysmal (as I can't believe people actually hospitality business) although rooms pretty clean. Sheets cleanly pressed, lightly stained scrutinize I'm bit germiphobe, I look closely. Bathrooms okay (I stayed rooms 105 305). What frustrating designated taxi drivers totally rip off--FAR better catch auto rickshaw street outside, traveling alone I (female), very, intimidating prospect 5 need catch 6 train Agra. Also, sure negotiate price. They charged 1800 rupees, tax, one night, tried charge luxury tax second night. (?!). Do NOT eat restaurant--awful food filthy kitchen--and aware bombing Karol Bagh market nearby weeks ago...",0.19971014492753617,0.5574154589371981,Oct 9 2008
4,4,"Not pleasant experience - Not professional- Unless good bargain done, lose- No direct booking facility. Even try contact directly end contacting travel agent works contact point many nearby hotels.- Try avoid broker/ middleman save money",0.1408119658119658,0.49059829059829063,May 18 2008
