,Unnamed: 0,Reviews,polarity,subject,Dates_extracted
0,0,place leisure comfort coincides. wonderful place stay enjoy city. end day u get good food lovely place sleep.,0.6499999999999999,0.7125,Sep 13 2009
1,1,"Great stay !! Date 19th June, 2009We booked room , market facing bustling street. The nice homely comforts. Moreover, house restaurant best area. We felt safe comfortable. Highly recomended.",0.61,0.6483333333333333,Jul 21 2009
2,2,"Not luxurious excellent Paharganj This destination hotel. You go Delhi stay there. But like Paharganj least convenience train station, metro, etc., Metropolis good gets. Be sure request rooms 109, 110, 111. They entirely different league others.Paharganj bustling virtually none hotels quiet, exception, a/c running manageable.Also, ask front desk arrange pick-ups, cars, etc. charge nearly double others Paharganj charge. I bargained one particular trip I start every time I returned front desk confirm change time, attendant believing I bargained someone else before. There travel agency immediately across front door Metropolis give much reasonable prices everything.",0.2042735042735043,0.4794871794871795,Apr 8 2009
3,3,"Filthy absolutely filthy! I've eating Metropolis years, stayed since used cheap quality backpackers back 1993. The reason I eat alcohol licence (the place Parharganj, know of), although bit expensive India, food good, beer chilled downstairs rooftop restaurant tend attract decent crowd. It great place meet people business lunch.Both staff restaurant staff always were, still are, extremely hospitable, polite helpful comes getting tickets confirmed booked, organising things forth. The staff great.So, mind travelling Delhi first time newly acquired wife, booked double, en suite room room television.Now, got indeed room, double bed, television, en suite bathroom, AC fridge....but room clearly cleaned since I last stayed 1993. The fridge worse fridge mate Dave used student house shared 9 stoners, wife preferred stay bathroom. It complete horror show. It need cleaning - way past stage - needed completely burnt started again.Having raved Delhi wife, quite embarrassed taken there. We stayed one night, unless somthing changes there, given choice cheaper better quality rooms available Parharganj, likely stay again.You still find roof top restaurant evenings though. Stop say hi.",0.055465367965367975,0.5492694805194805,Jan 15 2009
4,4,"The Best choice !!! My mate I stayed Three times time India, tried variety rooms, ranging okay &quot;Top shelf&quot; $$$$.. oops Rs.Rooms clean, well bedding, although usual Delhi plumbing rumbles time time.The Rooftop restaurant visits us, time sampling something different, complaints.Breakfast always pleasant experience, food also helpfullness staff... Very charming, courteous always willing help directions, language translation etc etc.I would hesitate recommending friend budget traveller looking safe trustworthy place stay. Everyone From Front Reception Sharma family management, exceptionally friendly proffessional.",0.3882142857142857,0.6297619047619047,Nov 1 2008
5,5,"Noisy scruffy real taste Delhi The Metropolis provided realistic introduction India first-time visitor. The Metropolis maelstrom lively market district, colour, noise, dirt, bustle confusion entails. A shock used well-ordered suburbs, exciting real taste India.Our room small, scrufffy temperamental air conditioning, character noisy - packs barking dogs well street hubbub! Avoid room front can.The staff friendly, attentive helpful, restaurants - breakfast downstairs, lunch dinner upstairs - open air cover upstairs chose - provided variety excellent food.We survived week - proved good base exploring city came feel home. Nevertheless, return Delhi last nights India chose expensive south Delhi ensure sound sleep, though return enjoy last lunch upstairs restaurant.Given go India experience anodyne, good value.",0.21452651515151516,0.5208333333333333,Oct 23 2008
6,6,"Disappointing experience This second stop Delhi decided upgrade previous guesthouse middle Pahar Ganj, chose based appearance.Despite booking stay using website, receiving email confirmation, annoyed find night manager knowledge reservation finally arrived 01.00 am. However manage find us room (albeit small side, position argue left). Our room fairly clean obviously well used, whole could spruce although given discount inconvenience check-in, feel booking gave value money.",-0.07727272727272726,0.42424242424242425,Aug 8 2008
7,7,"Shabby place The well located Paharganj, lively quarter Delhi. The rooms nice, poor lighting dirty-looking bathrooms. Our room even noisy, could hear neighbor bathrooms next door, spitting, toilet noises lot. Breakfast roof lobby. Avoid pancakes, mine terrible taste egg...",-0.18967698967698968,0.45274725274725275,Jan 1 2008
8,8,"Better reviews We thought best Paranga (main bazzar) region little expensive good reason. If u want cheap cheerful try Lord Krishna, good, a/c noisy, big clean room sheets towels. Will deal busy airport taxi 300R, much less previous 'budget' (smylee inn - dont go there) charged 520R pick up.Lively best place stay Delhi experience real city life. Haggle hard, dont mean enjoy surroundings. plus metro road 6R Connaught place.",0.21174242424242423,0.5179924242424242,Nov 21 2007
9,9,"nice I've stayed felt obliged write review know getting. My friend I spent quite reading reviews hotels mid range lonely planet, good bad reviews place, difficult make choice.The better end bazaar, street bit wider grimy. Its still bazaar though, dirty busy time, prepared that. Our room large room top, quiet, AC, couple fans, even fridge. The room ok, plain character, sheets walls clean. The staff friendliest came across India, seemed interested helping us advice various things. We ate restaurants upstairs down, thought food good too. This place means Ritz, Delhi think really ok. MY first night Delhi spent smaller, cheaper middle bazaar quitre nasty experience, tiny room felt dirty.",0.030013683634373286,0.5107416529830322,Apr 11 2007
10,10,"Overpriced bad location I stayed Metropolis Tourist Home november 2006 like place all. The rooms clean, windows, hot water airconditioning loud really work. The rooms fan aswell, I afraid would come ceiling since lying underneath it....... The rooftop restaurant good. But worst thing I found location. I thought Paharganj cramped hotels guesthouses. People constantly hassle you. If I would return Delhi (which I think I will) I would stay somewhere southern part town. It sightseeing spots, hectic place Delhi I think relative calmness suburb necessarity.",-0.09106837606837606,0.5414529914529914,Jan 20 2007
11,11,"overpriced overhyped I Metropolis tourist home Paharganj area since wanted mid range place one supposed one best category according Lonely planet.I paid 1400 rs/night(24 euros) mediocre room poorly furnished. There amenities bathroom, hot water time shower pressure really weak.It impossible adjust air con since broken.They give one sheet(good thing mine) .There tiny tv.On good side, room clean big rooftop restaurant good.Overall feeling place overpriced(2star price really backpacker guesthouse) probably come back hotel.",0.0640625,0.515625,Nov 11 2006
12,12,Welcome Jungle!,1.0,0.9,Nov 5 2009
