,Unnamed: 0,Reviews,polarity,subject,Dates_extracted
0,0,"Bad start Vivek We arrived Delhi around 4am picked Vivek staff. On arriving Hotel asked see room paying. We shown horrible, dirty room. The bed short, misshaped double thin bit grubby foam mattress, window hanging off, bathroom looked awful. We booked standard, economy room, strength photos website. We expected te actual room good photo, bore comparison. We shown another room much better, (worse) variation photo net told room 1200R opposed 650R agreed online. We managed argue manager 800R better room felt conned. It good start first India trip 24 hours travel, made us expect similar problems hotels, luckily experience repeated. The resturant quite nice. Staff friendly, food fine, relaxing atmosphere.",-0.00439814814814813,0.5061342592592594,Nov 22 2009
1,1,"Indeed worst India I agree mharley86 - awful! The staff friendly, arrived 1.00 check real absurd - pose pictures holding passports faces :// All rooms shown dirty sordid, entered man kicked bags rubbish. I guess various rooms, ones saw one already took horrible... When I saw new Vivek webpage, I thought I going die laughing - seems least 4 star hotel!Last year I heve had...",-0.5223484848484847,0.7393939393939394,Oct 30 2009
2,2,Value.. Travel delhi often high budget. Its basic clean I think refurbishing ask newly renovated rooms.. Its got nice restaurant centrally located.. cant ask amount I paid..Cheers..,0.25871861471861474,0.5330779220779222,Sep 19 2009
3,3,"Worst India Really, completely awful. We arrived Delhi 4am, met airport someone holding names sign, paid taxi pickup. However, guy sign call taxi us, took nearly 30 minutes, complete rip-off double price return taxi airport. Having wait 30 minutes travelling 20 hours 4 morning great either. The complete dump, manager insisting fill forms despite tired were, letting us see rooms insisting pay front stay. We tired decided chance it, massive error. The rooms absolutely filthy, unquestionably worst found India (we travelled India month). The 'air-cooler' work, shower non-existent, one rooms toilet flush all, bugs everywhere. When complained met shrugs indifference manager, clearly care thought hotel. The rooms hot disgusting gave trying sleep got earliest train could find Agra day. I'm pleased stay every India Vivek much better. I've travelled Morocco, Australia, throughout South-East Asia, South America Europe, I've never encountered worse Vivek. I could strongly recommend travellers avoid it.",-0.1355769230769231,0.603525641025641,Sep 14 2009
4,4,"Great backpackers... We stayed so-called luxury room ok stay at. It clean, tv, fridge a/c. You could also use internet (for rupees) book tour Taj Mahal hotel's travel agency good price. The located busy market street near Connaught Place. There, get anything tourist's heart desires - saris henna tattoos. However, I would recommend eat hotel's restaurant instead look alternative e.g. Connaught Place.",0.33809523809523817,0.4785714285714286,Sep 2 2009
5,5,Good cheap central stop The location good picked taxi promised. We club room quite new bathroom (room 103) window. The check slow staff helpful. Sam's cafe roof good place eat made bigger. I think safe bet quick stop overs India (I stayed first last day trip only). If want chill room go somewhere window pay more.,0.279978354978355,0.5003246753246754,Aug 26 2009
6,6,Indifferet views good hotel.. Indifferent views good hotel..I bit apprehensive booking indifferent reviews I read I took word friend stays lot. I arrived room booked check smooth. Then morning I ordered room service slow food good.I really liked restaurant clean serves good dishes.. I suggest place friends readers .. Cheers..,0.37083333333333324,0.5375000000000001,Aug 19 2009
7,7,"Value money A number previous reviews seem upset think mainly due people expecting find Pahar Ganj --- wild whirling mass people, smells, shops food!!! It sounds fantastic warned, densely populated part Delhi (in city / country existing population problems!).The Bad news : Almost hotels old score low cleanlinessThe Good News : The entire area geared foreign tourist shouldnt problem getting things eat, wear show-foff :)Also, lot (hundreds!) choice area. So time, book 2 nights shop around find something perfect budget.Oh wait, forgot supposed review hotel. The seen days, afford one newly furnished rooms (Rs 1200) quite comfortable.The rooftop restaurant good long stick good ole Indian fare... although wide choice palatable western dishes too.And despite previous reviews found service warm friendly. In fact, I booked online 4 nights arrived 2 nights late. I thought money drain since late ask refund, quite willingly upgraded better room!I think previous reviews made change can.... better.",0.177870686026936,0.48517003367003364,Jul 31 2009
8,8,"Vivek stay filthy dump We arrived late night delhi airport met airport arranged someone vivek hotel. Then things started go hill. The man paid meet us constantly pestering us tip. When arrived filthy room booked nothing like pictures website. It filthy, dark , dingy damp. So damp fact camera lens misting time I took picture. The corridors full old sinks bits rubbish. We offered better room double price. It 2 oclock morning us barrel. We stayed one night found another next morning. I stayed lot budget hotels world way described fussy. This best described filthy rip dump.",-0.1303703703703704,0.47814814814814816,Jul 30 2009
9,9,"Just ok We booked Vivek online home brought printout email confirmation us, still got cheated price! We arrived took us room. When husband went check-in pay, told price much higher email agreement. They explained better room. We never asked particular room, course (and one great, believe me!). He bargained bit lower, still ended paying agreed email. Welcome India, I guess, frustrating. They well-located fine enough, found much better place Cottage Yes Please block bit, amazing veggie South Indian place across (Malhotra's Dosa Please) much better restaurant next Vivek.",0.3217013888888889,0.5225694444444444,Jul 19 2009
10,10,"Terrible rooms - good location Really interesting see different people rate place. We clearly expecting much, compared hostels stayed holiday India, worst place actually closer 1-star 2-star rating. If renovated rooms described reviews, certainly get one. The staff quite uninterested well-being, food average. Better visit small restaurant 50m road Indians eat - much better food half price!",-0.026447245564892623,0.46825396825396826,Jun 12 2009
11,11,"Value They gave one renovated rooms I loved it. Spacious, clean well furnished. Service good Hotel houses cafe called Sams, exceptional food. You would pleasantly surprised. Thumbs up!",0.5116666666666666,0.8,May 27 2009
12,12,"Good basic great restaurant I read lot bad things place here, hostel recommended Rough Guide Lonely Planet. I pleasantly suprised hotel. It basic, service friendly, room good clean (we went deluxe), beds perfectly comfortable.The restaurant good got nice views rooftops.",0.3546875,0.6645833333333333,May 19 2009
13,13,"Simple Clean Hotel Vivek recommended friend since I traveling New Delhi needed catch train next day. It simple, clean (by Indian budget guest house standards) reasonably priced room.There confusion front desk whether I paid I arrived (which I did)- keep receipts give you, case. It's Pahar Ganj (aka hell realms), food roof cafe (Sam's) safe eat there's variety foods.I vacation here, fine passing New Delhi.",0.2122727272727273,0.46233766233766227,May 9 2009
14,14,"Better many reviews We stayed Vivek Hotel 3 weeks ago (April 2009).After reading many reviews pretty skeptical, turned out, despite pretty hard beds (which common India), nothing complain about.We arranged airport pick-up months ago. No problem.The pick-up price said. We booked CLUB ROOM clean bathroom fine.As regards criticisms, book standard club room, get pay I hear.Sam's bar roof makes whole thing worth it, believe me.It real oasis. Ice cold beer. Great service. Good food.The location, right middle Pahar Ganj main bazaar exactly I wanted first time Delhi. Exposed middle madness.No, Ritz.The hallways stairwells still undergoing developmental process (don't worry, still quiet) standard comparable decent motels west, but, want decent, clean, air-conditioned, felt safe lay-over one two nights middle Delhi fine, especially Sam's Bar/ restaurant top.",0.1857514880952381,0.4753348214285715,Apr 26 2009
15,15,"I thought ok.. Ok fellow travelers..this ok.. clean bathrooms CLEAN ..(hard find clean bathroom budget hotels India). The restaurant ok inexpensive kitchen open one seems clean too. I traveling 3 months India would recommend hotel. I paid 800 Indian rupees room night. Nice market outside metro station around corner, beware people coming sell stuff need... oh cows road too....",0.3696969696969697,0.5772727272727273,Feb 27 2009
16,16,"Don't trust Vivek I budget traveling 7 months Vivek hotel, far, worst place I stayed. They cannot trusted...period. They never showed pick us airport. They gave away room reserved months earlier. (They one room left beyond gross miserable unable even sleep first night). They claimed pay room. They trying make us repay. I finally found receipt given me. They make apologies instead said I good girl. (What even mean?) This place variety room pretty nice A/C something resembling Thai prison. Just make reservation nice room mean end up. Their word mean nothing. Also, even though rooms nice, everything else building pretty grimy gross. I spent months India anywhere else better this. Please avoid support people unsavory bad people.",-0.02554347826086956,0.6244565217391304,Feb 21 2009
17,17,"Don't stay here. A rip off, unfriendly, untrustworthy, unwelcoming, lacking charm place stay.We booked pick airport arrived. There record booking even though I emailed called several times confirm. When got cheaper pre-paid taxi unwelcome greeting man showed us 3 awful rooms picked nicest 1500inrs. I wish stayed elsewhere. Sam's cafe ok good view main bazaar also really unfriendly. Food average.When checked out, receptionist cheek try make us pay taxi turn record numerous conversations/emails I made/sent. He even went name cards day prove find it!Stay elsewhere!",0.09583333333333333,0.42916666666666675,Feb 16 2009
18,18,Unfriendly Upon arrival January 1st staff could offer two people small room window - 900 rupees. Asking room windomw next day gave us cold shoulder upon checking haggle refund deposit paid second night.,-0.2125,0.35,Jan 20 2009
19,19,"A complete rip We booked room 400 rupees internet plane arrived night Delhi wanted make sure room. When arrived, owner insisted make us pay taxi. Just announced room AC, 1400 rupees ! We told sent several emails make sure kept room us said would, even apologize. Another girl situation. He finally agreed lower price 1200 (already extremely expensive kind room !) left, angry. It might good hotel, owners kind persons want mingle with.",0.15384615384615385,0.6463675213675214,Aug 31 2008
20,20,"Good value budget Booked room weeks before, several emails us, arrived record us room. But able check double room third floor 1000rs - a/c, fan, TV, double bed, clean towels toilet paper, new bathroom nice clean - hot water arranged rather turned tap??!!. They hotel, hallways full wooden doors varnished, pots paint. It needs decorating parts looks old run down, room looked good. Only tiny window get views, light smelled ok.Hotel room service, restaurant upstairs - food seemed ok cheap. No alcohol, man hallway would offer go buy small fee bring back warm beer 20 minutes later!!There internet room downstairs, takes copy passport use it, part security due bombings area link internet cafes. The check also includes copies passport photo security video.Location good, main bazaar, cheap shopping. Its close station, arrange car airport 250rs (other places area 200rs). The main bazaar strange security system either end, police make walk metal detectors search bags, rickshaw drive straight through. It really depends feel day whether bothered search you.The good one one night stayed there, right location cheap enough a/c room.",0.23474949210146584,0.44844250778461303,Aug 30 2008
21,21,"Clean rooms great location Having left Rak International moved Vivek Main bazaar. We shown various rooms various prices first floor. We shown cheaper rooms higher floors went nice room A/C. All rooms seemed recently renovated clean bathrooms. In fact one cleanest hotels saw India. However A/C strange smell, possibly dirty filters.The right Main bazaar means itâs close New Delhi train station catch important trains Agra (to see Taj Mahal) Jaipur. Both trains leave early morning, literally minutes away station. Incidentally go straight international ticket office 1st floor buy tickets. It opens 8am-8pm (2pm Sundays), ignore people tell itâs closed down/being renovated, direct friendâs/brotherâs travel agent.The Samâs CafÃ© itâs roof, great views city. It serves various dishes, including breakfast beware âhash brownsâ, American version, boiled potatoes cut cubes mixed onions peppers. Also recommended Kitchen CafÃ© far away street.Hotel staff ranged polite helpful surly business like! They arrange taxi us airport 250 rupees. They also internet.We paid 1200 rupees double room A/C en-suite bathroom. There breakfast included.",0.1351207931853093,0.4408148303309595,Aug 3 2008
22,22,"Vivek - untrustworthy The a/c rooms nice food decent cheap. There minimal creepy-crawlies, bonus backpacker Old Delhi. It's good location near train station market. However, trust owners. They seem make buck rather take care customers. We booked website, including ride airport. The ride never showed (we heard another couple complaining charged ride never showed). Also, reserved room; instead, got placed sketchiest room top floor. We eventually got upgraded nicer room, also raised price us website said. When reserved room return trip Delhi 12 days later, record either, even though gave money front. Until showed hand-written receipt, believe paid advance. Then got smaller room high price. I get impression guys take reservations allow anyone stay arrive would charge unless prove otherwise. We seasoned travelers cultural expectations check, people smile say something, turn around something else, can't trust them. And trust traveling. I idea business long. By end, unfortunately trusted one there.",0.17508771929824563,0.46350877192982454,Jul 28 2008
23,23,Loved WiFi room.. Stayed 3 nights..They wide range rooms ov different cost..had nice stay staff friendly. I issues Taxi took airport staff helpful enough deal overcharging driver me..The food nice catch bit ov sun roof...The WIFI nice used laptop room plus.All good experience.. I would recommend cheap place delhi..,0.38749999999999996,0.7100000000000001,Jul 24 2008
24,24,"vivek avoid it! We stayed Vivek Pahar Ganj November last. We chose wanted middle busy bazaar area experience atmosphere Delhi. All I say really avoid unless really desperate. We emailed booking requested airport pick claimed offer- never materialised.When arrived seem booking ok vacancies...... good reason. The room stayed filthy, noisy feel safe. There men hanging around floor reception area constantly apparent reason. My husbands sandals stolen room! need I say more. We moved one night Ajanta much nicer also much expensive. We consider accustomed backpacking staying rough ready places over, could possibly recommend place even seasoned travellers!ps restaurant Metropolis street great!",0.13093749999999998,0.48249999999999993,Jun 21 2007
25,25,Loved restaurant.. Friendly staff.. decent enough place stay .I stayed 3 nights..paid rs 350 per night .Room clean outside window.They nice terrace restaurant missed...all pleasent stay...,0.3154761904761905,0.6023809523809524,Jan 9 2007
26,26,"Give miss Hi all, stayed Vivek Hotel checked next day. went road Hare krsna Hotel way beter cheaper price. Vivek little expensive rooms filthy. Not maintained all. The bathroom walls grimey. There even clothes left bathroom previous tenant. Where staying now, much better clean.My opinion... avoid Vivek start cleaning rooms.",-0.1648809523809524,0.4095238095238095,Jan 4 2007
27,27,Schmuddeligstes Hotel unserer Indienreise,0.0,0.0,Oct 14 2009
28,28,Fotos geben unrealistische Vorstellung,0.0,0.0,Jul 31 2009
