,Unnamed: 0,Reviews,polarity,subject,Dates_extracted
0,0,Loved pool side We really loved hospitality great experience staying Taj!,0.7999999999999999,0.7833333333333333,0.7833333333333333
1,1,beyond business Stay comfortable Staff curteous attentive professionalism around,0.4,0.8500000000000001,0.8500000000000001
2,2,"Quiet comfortable 11th floor room city view quiet. 7 8 meter room green carpet, slightly stiff pillows. 42&quot; flat-screen TV, DVD player available. Amenities included fax/phone, mini-fridge, white marble desk, amoir, fresh fruit, safe, white marble bath (with shower ), built-in AC electrical adaptors, personal wake-up calls. Great service.",0.17547619047619048,0.41805555555555557,0.41805555555555557
3,3,"The Best New Delhi This fabulous especially stay club level butler service. While pricey, everything exactly way be. Rooms clean, service fantastic, food wonderful. After noise crowded streets Delhi, nice able return oasis. The gardens fantastic night - great place relax. The Taj right.",0.47221112221112216,0.7242507492507493,Nov 21 2009
4,4,"Excellent excellent service - great place stay Delhi We stayed two nights right start holiday. I wanted stay somewhere nice coming back Business Class flight.The Taj Mahal Delhi disappoint. We met airport car - transfer part Club Room - whisked hotel. Upon arrival given cold towels freshen checked freshly squeezed juice.The Club room also gave us access Club lounge hour every evening free drinks nibbles. Staff friendly went way help you...and give good drink!We shown room, nice spacious view pool. Bathroom decent came Molton Brown toiletries.We spent little time pool nice big - 30 metres plus - plenty chairs recliners sit on.One evening dined Varg, site Indian restaurant. While expensive India excellent value UK absolutely delicious. The food tasty, modern well presented. The mushroom starter girlfriend especially good, lamb main came earthen pot.Breakfast mornings simply amazing. A huge selection fruits, cereals, breads &amp; pastries, Indian Western hot buffet omlette / pancake / waffle bar. The masala omlette best I several India!One evening dined Old Delhi - utterly mad hectic place - Karim's. It full locals, dirt cheap, food awesome! Especially freshly cooked naan breads. It might everyone - little hectic I said - insight real Delhi.I'd highly recommend staying Delhi, good base go exploring real come back huslte bustle Delhi.",0.29115891053391046,0.6128318903318903,Nov 18 2009
5,5,"loved taj mahal situated prime location city provides easy accessibility airport.taj mahal treated us family friends rather guests.the service great staff friendly cheerful.staying like experiencing royal treatment .the food awesome.u take benefit following amenties - massage centre,internet access,fitness centre,bar,gym.... &amp; many more.u easily access popular attractions &amp; sights located nearby",0.4949074074074074,0.6518518518518519,Nov 18 2009
6,6,"Impeccable yet friendly service We arrived room ready, given another room rest. A white-gloved gentleman brought us tea fresh fruit. The room service elegant prompt. The concierge ever helpful. As time limited, arranged car driver half day couple hours notice. The bellman helped repack last minute purchases. All all, elegant yet warm hotel. Worth every penny.",0.3124458874458874,0.4841991341991342,Nov 17 2009
7,7,"Great Place Celebration We arranged office Party Taj, New delhi. We enjoyed much. Such good hotel. feeling great moment. Some per sonal thing began place. I found new love there....",0.4465909090909091,0.6011363636363636,Nov 16 2009
8,8,Awesome expreience Taj We celebrated wedding awesome expreience TAJ also spent 1 st night taj seriously quality time spent taj cant forget life...thanks taj making day memorable day life.,0.33095238095238094,0.6595238095238096,Nov 15 2009
9,9,"Fantastic This fantastic oozed decadence. We stayed Taj hotels elsewhere India similar experiences one topped lot.The resturants varied wonderful.My young children well looked catered for. You greated freshly squeezed juice room, arrived. Belgian chocolates luxuries.",0.17916666666666667,0.5791666666666667,Nov 14 2009
10,10,"Ignore exterior - fine We arrived 4am 13 hour drive due cancelled flight. We quickly &amp; efficiently checked extremely well trained &amp; friendly staff. The room lovely &amp; luxurious. Included breakfast excellent. The swimming pool large enough sensible use &amp; every amenity one might expect genuine 5 star hotel. The bar expensive good. The Indian restaurant served pretentious nouvelle cuisine type food amusing, expensive.",0.19995535714285714,0.6833482142857142,Nov 12 2009
11,11,"Amazing experience My wife I stayed Taj Mahal Hotel 27th 28th Nov. We reached airport around 4 AM morning. The airport pickup car already ride smooth. Immediately upon arrival greeted receptionist outside. Our luggage taken bell boys security screening told brought straight room. Sunita showed us room. The â room check one smoothest check I ever had. The room nice comfortable bed brilliant city view- overlooking India Gate. The flat screen 42 inch TV kept us entertained whenever needed it. As part Taj club lounge access treated complimentary tea/coffee, soft drinks day. At certain times day free sandwiches savories etc evenings selection cocktails (all complimentary). Just remember Taj Club lounge 8th floor. This something wasnât told us check in. So room includes taj club lounge make sure ask check in. The hotelâs lobby impressive nice dÃ©cor. The swimming pool huge attended times cleaning staff. The staffs friendly. From security guards managers people showed genuine interest us. Breakfast good well included wide variety choices Indian continental fruits yogurt.Overall I must say get moneyâs worth staying Taj Mahal Hotel. Only negative thing I point charge using Wi-Fi, I believe free guests staying hotel. I would recommend Hotel anyone loves luxury afraid spend little extra get it. A definitely 5 ***** experience.PS : Thanks staff introducing India wife.",0.3199761904761905,0.610510582010582,Nov 1 2009
12,12,"So good..... We 3 nights Taj starting point India.It great. The room lovely (club level) clean. The room serviced twice day fresh fruit nibbles always replenished.The staff friendly helpful. The pool refreshing long days sightseeing! The concierge organised driver day take us sightseeing. This inexpensive, great way get around (about $30AUD 4 hours).Fantastic!",0.3990972222222222,0.5883333333333334,Oct 28 2009
13,13,"Another great Taj property I stayed days sight-seeing Delhi. As I've come expect Taj chain, great. The rooms large comfortable; mine included nice view capital. The bed soft. The bathroom large, separate tub walk-in shower. There couple fantastic restaurants inside hotel, including Chinese placer sushi place. The service impeccable, people available help needs. Best all, huge, deep pool back hotel. It perfect swimming lounging...",0.40462184873949586,0.5445378151260505,Oct 8 2009
14,14,"Great Charm A great good services, delighted interiors room well outdoor. Very nice food varities good. No like TAJ. BUt costly.",0.7816666666666667,0.7633333333333333,Oct 7 2009
15,15,"Quiet comfort outstanding service. I stayed several times varying numbers nights, using base short trips Delhi. The service friendly without familiar - feel 'family' hotel. In spite size busy-ness hotel, staff quickly learnt name routinely addressed name doormen up. Similarly, staff various restaurants cafes quickly learnt likes dislikes.My room comfortable, always spotless views New Delhi fantastic. The calm, friendly always professional atmosphere provided welcome escape pressures Delhi monsoon season. The main India restaurant, Varq, worth visit right. A 'fine dining' restaurant, presenting traditional Indian food modern twist, staff happy advise selections work well together discuss dishes hot, mild etc frankly honestly. Potentially stressful situations quickly resolved: laptop failing interface wifi - technician came room sort ot problem within minutes, car booking overlooked (I alot cars, I'm surprised one slipped net), problem, cars available 24 hours day, I still arrived airport plenty time flight minimum fuss. As person usually dealing someone else's crisis, genuinely refreshing stay here.I'm trying work soon I get back...",0.21982623857623856,0.5481090668590668,Sep 24 2009
16,16,"One best hotels I stayed This one best hotels ever stayed in. From moment arrived, staff made us feel welcome important, even though staying expensive suite. We given great room pool view, I would recommend requesting. The room good size came small couch coffee table relaxing. The bathroom large, stand-up shower cubicle separate bath shower. There plenty towels great toiletries.The bed comfortable great selection English-language channels television, well DVD player complimentary DVD rental service.We used pool days staying there, received complimentary chilled mineral water sunbathing. It also possible order drinks waiter service, also given complimentary fruit kebabs.One best things bars restaurants. On first night went first Ricks bar, martinis. The staff helpful booked table Chinese restaurant us, also gave us complimentary cocktails try! The food House Ming best Chinese food ever tastedâ¦it simply incredible, ordered food also given complimentary dishes try beautiful.On final evening ordered room service, disappoint. My husband ordered curry lovely came complimentary poppadoms, finished returned complimentary Indian desserts.We really enjoyed Delhi, would return stay again!",0.4331797235023042,0.5620583717357912,Sep 24 2009
17,17,"My first choice New Delhi Definitely first choice New Delhi, bit pricey, perfect service, comfortable clean rooms, good varity food breakfast, spacious gym, affordable internet access, good location. Beware touts 3-wheelers outside always (!) tell Khan market closed, hand even though I never took service I lot fun them.",0.30174242424242426,0.5129112554112555,Sep 20 2009
18,18,"Great service. Very professional accommodating. Refreshing Indian hotel. Very flexible management. We 9 group. We called Friday 3pm looking place stay night. During season discount rooms. Warning: Luxury tax India dictates tax applied published room rate, rate actually pay. Anyway, manager gave whole group late check following day could fresh showers plane 16 hours.Room service good. Great selection variety food available. Decent prices considering 5-star hotel. Didn't particularly like meal. But plenty food. Dining restaurants good. Food quality good. Again, prices would expect 5-star hotel.Rooms well equipped. Bathrooms nice. Beds super comfortable. Not Indian style mattresses. We ordered short tour Delhi. The car excellent driver professional. The tour operator good I'd use again. Another misunderstanding car charge. I pay extra 500 Rs going mileage limit - even though never explained tour 3 hours instead 4.",0.35586666666666666,0.5502666666666667,Sep 11 2009
19,19,money pocket average experience...but traffic locality ...,-0.15,0.39999999999999997,Aug 5 2009
20,20,"5 Star Service Location:Taj Mahal Hotel situated one best localities New Delhi. It close Diplomatic centre Delhi. Khan Market best Place shop Near by. Also 3 4, five star hotels giving plenty options dine wine. Close city center conought place. Location: 5 starHotel:Hotel supposed one best, 4-5 Restaurants, real multi cuisine option. Varq, (The Restaurant) specialty Chef Hemant Oberoi signature restaurant here. Also everything 5 star gym, pool, Jiva Spa.....so on. The lobby simply amazing. The armada luxury cars. The infrastrucutre though little old upto mark. You would need go anywhere find anything, get everything hotel. Room:The standard room stayed actually pretty descent spacious. 350 sqft precise. The rooms subtle elegant lot functionality. You even custom design bed choice Cushions, linens etc provided hotel. The bath fairly OK. All standard rooms equipped fax machines, great utility business traveler. All great satisfying experience.Service:This would like talk about, make feel Head state, Check procedure really fast, fact first taken directly room procedures completed. Excellent staff, really helpful smiling makes feel warm comfortable. In room dining treat, set table utmost delightful manner. There small problem faced stay evening turn service done. On complaining done minutes, even took pains finding error happened 5 days later front office manager called residence apologizing promising happening again. This shows sheer dedication commitment staff members. Excellent business services available hotel. The concierge efficient quick. All I would give big ***** excellent service quality. This truly Best Taj property. Taj lives upto reputation, TAJ MAHAL truly luxurious experience.",0.33818462401795735,0.5033726150392817,Jul 29 2009
21,21,Service par excellence I travel Delhi business quite often. The place I always stay Taj Mahal Delhi. The rooms beautiful &amp; luxurious. Why feel great service level. The guy near lift remembers name &amp; floor. Greets every time big smile. Their bar really good. The club floor really exciting. The drawback food. The swimming pool area really nice &amp; peaceful.,0.39,0.625,Jul 20 2009
22,22,goes prove shangrila delhi safe bet delhi started lights teh room working...but thats ok happen reacted quickly move 5 minutes....the fun began ordered dinner sent warm white wine...yups.... could udnerstand complaining about... figured sent wrong wine although fair chilled !!!the less said FARCE security checks better said since Taj property try one time maybe me..... though goes show shangrila safe bet terms consistent service,0.24479166666666669,0.5260416666666667,Jul 16 2009
23,23,"Utterly Amazing. Beats 5 Star htoel ive stayed My goodness, Firstly I regret discovered joys TripAdvisor recently.So I felt compelled write rather tardy review stay Taj Mann Singh March 2008.My goodness, nothing short absolute pleasure. I dont think would assertion say experience epitomized staying about.Staff polite, friendly, attentive, nothing much them.The superb pool, rooms, grounds.Mmmm PS like Paneer, try house restaurant! HEAVEN!Sublime.Cant wait March next year. Taj Mann Singh I come!!!",0.26363636363636367,0.5825757575757576,Jul 14 2009
24,24,"Fantastic - service rooms facilities excellent I stayed business July thoroughly impressed.Rooms, service, restaurants , gym bar world class.Though price high, find good deal lucky enough able stay anyway, I would recommend give go.I frequent visitor Delhi stayed many 5* hotels across city I beleive one must one best moment.",0.4693333333333333,0.6098333333333332,Jul 13 2009
25,25,"Oh god arent hotels like Australia? company put Taj delhi. Boy open eyes supposed 5 stars australia.what hotel, amazing, ever smiling staff, awesome rooms, views. posh lobby, amazing food choose 3 restaurants bar hotel. comp upgrades, comp bottle wine, free limowill def return, could afford something like TAJ",0.37142857142857144,0.7464285714285713,Jun 22 2009
26,26,The best It wonderful experience stay TAJ Delhi. It feels like heaven...,1.0,0.65,Jun 11 2009
27,27,nice relaxing holz food nice rooms spacious wld recomend,0.6,1.0,Jun 9 2009
28,28,"one New Delhi's largest conference venues LocationNestled six acres lush greens exclusive Diplomatic Enclave city, Taj Palace Hotel one top-of-the-line category near Gurgaon mere 10 minutes drive airport.RestaurantFrom casual, all-day eateries formal, fine dining, guests look forward wide selection delectable dishes refreshing drinks onsite restaurant.",0.017003367003366982,0.6023569023569024,Jun 9 2009
29,29,"palacial property As always Taj stood expectations palacial property New delhi. It quite centrally located national capital. The busy 24 hrs check ins check outs happen day long ,just sit around lobby lounge kill time well, dont work. Its got nice bar also.",0.11022727272727273,0.4632575757575758,Jun 6 2009
30,30,"Beautiful I stayed Taj Mahal Hotel 2D/1N like Taj properties, one simply luxurious. Hospitality awesome, food - expect Delhi. View bit disappointing side - I'd pool side view. Room luxurious huge bathtub accessories one expect five star. Rates bit high side, Taj properties give value money. The well located close proximity key business hubs recommended business leisure purposes.",0.2185,0.7372142857142857,Jun 3 2009
31,31,"Fine Food Comfortable Rooms The best part wide food selection - one best joints eat City. Great Chinese, Japanese Indian selection. Rooms basic cosy. The pool set around garden. Service best class",0.4287878787878788,0.34318181818181814,Jun 3 2009
32,32,"worth price I used dine frequently coffee shop taj restaurants, that's I cared join loyalty program decided book room stay one one night forget tension true reputation let down.had wonderful time Ricks bar amazing place chill drinks mates",0.28928571428571426,0.48928571428571427,Jun 2 2009
33,33,Very good An absolute must stay delhi.Everything exceptionally brilliant here. Has wasabi renowned restaurants.rooms lovely client service good,0.5491666666666667,0.7641666666666667,Jun 2 2009
34,34,"Outdated overpriced tasteless The practically located, close Conaught Circle, facilities direct vicinity.My room upgraded mini-suite, meant series small connected rooms inside hotel, windows looking hallway (not directly outside).Apart 2 flatscreen tv's, see luxury, rooms bit outdated uncomfortable chairs one find.The gym 2 modern treadmills 2 cross trainers, staff present, maybe smell bad I left 10 minutes. The bar empty looked like one places 6 staff come help you, one remember bring order (you must experienced before).Finally, breakfast area resembled youth hostel (again) flatscreens morning news hindi. Not great want quit breakfast.Overall, points, scored poorly, despite price INR 9000 per night.",-0.06947368421052633,0.513859649122807,May 31 2009
35,35,Great stay.. good service. value money!! I visited Delhi long time back stay Taj hotel. experience good.Complete value money.,0.39,0.41,May 29 2009
36,36,"Experience like King Hi name sandeep frm delhi hav lived delhi since born hav good experience many hotels taj special hav purchase mobile coupen prize 3 night 4 days living &quot;Taj Mahal Hotel&quot;. In whole life hav never seen like place, gardning ,areas lots things lived &quot;Taj Mahal Hotel&quot; 3 night 4 days whole family house locked days staff nice smart dressup smile. Those days hav knowledge made beauty also food exellent delicious. The staff taj treat us like king. Overall &quot;Taj Mahal Hotel&quot; exiperience realy nice suggest people pls u came delhi u must saw &quot;Taj Mahal Hotel&quot;. Thank You",0.4698809523809524,0.5738095238095238,May 27 2009
37,37,"Grossly overpriced - Taj service I found Taj excellent service, grossly priced. The food great, pub Ricks excellent us middle aged people. At half price, I would recommend strongly. Hopefully commonwealth game introduce new supply rooms reduce rents too.",0.24573002754820933,0.4458677685950413,May 25 2009
38,38,Memoriable Taj A Memoriable Experience. The Rooms clean. Stayed one Club Rooms. The Service remarkable Taj really Memoriable Experience.,0.47555555555555556,0.62,May 18 2009
39,39,"Really ROYAL It herritage building simultaneous proximity cultural legacy epicentre ruling political power centre makes unique. Everytime driving road, thousand boots rock offer presidential salute Republic Day, TAJ made feel something royal proud. Pardon childish excitement TAJ mansingh different TAJ Aguada, Goa GATEWAY series TAJ group offering middle class family like us.The natural greenery overlooking swimming pool lawn soothing first glance. Still parrots pigeon wake comfort designer bed. The silence around allows catch yourself.There may different types room, mine corporate discount clearly best value money far I witnessed.The room naturally excellent decor ambiance. The buffet breakfast interesting really healthy - I say pampering. The cheese array surely requiring closer look.The dinner MING I indulged trust true ethnic chinese. Any word superflous - need try out.",0.26660628019323673,0.4845410628019323,May 16 2009
40,40,Perfect Business Hotel This centrally located every facility may required business trip. The service hospitality Taj Group beyond comparison.,0.5,0.625,May 12 2009
41,41,"Great Hotel! From view 13 year old.We used Taj Mahal New Delhi base travels. We stayed 4 times night time. It good place chill nice deep pool. The rooms okay, TVâs fairly priced broadband internet. The breakfast buffet awesome! The service great people friendly.Jet Privelage Number = [--]",0.4396694214876033,0.6958677685950414,May 11 2009
42,42,Great business Taj old favorite mine although rooms getting little dated compared Oberoi new properties. The good F&amp;B outlets including new Wasabi.,0.28377840909090907,0.5642613636363636,May 10 2009
43,43,"Very Royale Treatment Superbly located HEART Delhi, every aspect Taj Mahal Delhi treat senses.Got night honestly much time look around enjoy hotel. But bell boy's smile right hostess' introduction various features room provided ---- quite royale!Breakfast buffet restaurant quite lavish spread.... I feasted morning Masala Dosas (In Delhi??? Strane Right! But I chose go didnt come disappointed)The room think little smaller many hotels havse stayed I must also admit I top-dollar paying list.......",0.27156593406593404,0.49587912087912095,May 10 2009
44,44,"Royale Palace The Taj Mahal Hotel epitome luxury. The place beautiful, much see every inch luxury hotel. The fountains, paintings, art, brands designer retail outlets. The rooms well appointed staff service excellent food dining experience like other. Wow I gotta get again!!! I touched one staff realised I able breakfast packed fruits etc trip!!! Now I call service seeing needs customer.I also remember I offered DVDs watch room complimentary added breathtaking experience!!!",0.5482638888888888,0.6666666666666666,May 7 2009
45,45,"Great Service Great hotel. classic one. I find rooms original,and quite costly, service, amenities, grounds, location, excellent. So pay lot, might find better value money elsewhere, safe place, anytime stay delhi hotel, choice one, class",0.6277777777777778,0.6111111111111112,May 4 2009
46,46,service extraa ordinaire moment u enter taj mahal til time u leave u dont lift finger evrything u ..if cud chew ur food n give u wud..so u kind likes staff falling u place be..the new japanese restaurant wasabi fantastic...worth visit..,0.24545454545454545,0.4515151515151515,Apr 29 2009
47,47,"Taj grand Delhi Great hotel. A classic. I find rooms original,and quite pricey, service, amenities, grounds, location, excellent. So pay lot, might find better value money elsewhere, safe bet.",0.48095238095238096,0.6023809523809524,Apr 27 2009
48,48,pleasing place comforting stay. good food service. strught line fine furnishings hotel.,0.4388888888888889,0.46666666666666673,Apr 27 2009
49,49,"The Club Rooms Superb I stayed Taj Mahal last year visiting Delhi conference. They good rate going club room I opted stay instead regular room. The difference huge! The club rooms newly renovated much better design aesthetic regular rooms. The furniture furnishings chic modern, glass walled bathroom motorized shutters privacy sharing room. Small touches like Molton Brown toiletries also make stay pleasure.All round service good always, restaurants highest quality. It worth paying little stay 5 star hotel...",0.23586647727272725,0.4281286421911422,Apr 27 2009
50,50,"Decent Taj experience This mini version Bombay Taj difficult pull off...seems little bit dated me...rooms nice although Taj service strong everywhere else...whereas Mumbai Taj Mahal competitors, plenty Delhi, The Imperial cut undoubtedly",0.08541666666666665,0.6666666666666666,Apr 26 2009
51,51,"The best I've EVER stayed AMAZING! So beautiful, staff outstanding, food best India, rooms beautiful, pool spa lovely - staff hepful........it expensive well worth every penny.....we stayed tthe Taj Mubai wasnt hapf good one. I stayed many hotels around globe certainly best yet......cant wait go back!",0.5474489795918367,0.5640306122448979,Apr 25 2009
52,52,Best luxurious hotel. It's best decorated luxory Taj hospitality.,1.0,0.3,Apr 23 2009
53,53,"World class We spent 4 nights (in total) hotel. The first 3 nights prior Golden Triangle trip last tour finished. Without shadow doubt best ever stayed in.The security tight friendly reassuring - always smile. Also included secuirty large monkey, lead, handler. He used chase smaller monkeys grounds - amusing watch.We Club room service fantastic. The bulters attentive, friendly nothing much trouble. I commented snacks large tub delivered room free charge. You also get complimentary transfer airport, seamless hassle free - espically arrival Dehli airport. A complimentary bottle wine snacks also provided.The Varq restaurant world, Indian cuisine finest. Breakfast fantastice - recomend Dosa Masala tasty.The pool area clean shortage beds. The attendants coming round water, cold towels etc regular basis. What like afraid challenge anyone wore inappropriate swimwear. There young guy went pool cut off's promptly told swimming shorts - contiuned politeness shown stay.On return last night, remembered - even guy called lift. us welcomed us back. The whole experience start finish perfect I would problems recommending anyone. If ever good fortune visit Delhi again, definate choice hotel.",0.21218790218790218,0.4558113058113059,Apr 22 2009
54,54,Outstanding property Excellent service great property. Very business friendly,0.575,0.6849999999999999,Apr 21 2009
55,55,"Professional Friendly I've stayed Taj Mansingh several times, traveling business. Like Taj business hotels, great service, excellent rooms, overall professional great business travel.",0.4116666666666667,0.41444444444444445,Apr 20 2009
56,56,Arbitration Mayfield The experience awesome. Truly world class excellent business facilities.,1.0,1.0,Apr 20 2009
57,57,"BEST HOTEL I HAVE EVER STAYED IN I got room booked AMEX Platinum Travel Service. I landed Delhi late night took taxi hotel. Security tight entrance area baggage scanned. Check smooth friendly ,and I upgraded club room. I extremely tired, flown nonstop Newark. I offered tea welcome drink ,which I gladly accepted. A minutes later gentleman appeared huge tray goodies ,including tea, hot milk,hot water,cookies cake. I bit surprised overwhelmed. The room extremely clean tastefully decorated. Bathroom nice,too. I shower fell asleep. A continental breakfast included AMEX plan, I found I access full breakfast buffet included Indian Western spreads highest quality. I stayed 12 days I impressed withe overall quality service. The rooms turned twice day used tea/coffee stuff promptly cleaned replaced. I also complimentary lunch customer service manager famous House Ming restaurant. In general, attention given sometimes overwhelming,but I never felt ignored. The quibble I internet facility business centre quite expensive, INR 500/hr. It particularly galling hard get internet access local markets without local ID. At USD 260/day I felt extremely good value money,even considering fact off-season rate.",0.19683087027914614,0.5314039408866995,Apr 18 2009
58,58,"Fabulous Luxury Hotel heart City Taj Mahal Hotel Mansingh Road close Connaught Place, heart Delhi city. Its 5 star property excellent rooms, amentities, gym, pool, spa restaurants.I stayed couple occasions everytime checked Wow. On occasions, I upgraded normal room Club room, comprises 40&quot; LCD, personal DVD player Bose home theatre internet server.Its decent business travellers, however tourists may find cost prohibtive, advise check ongoing offers website deciding book.",0.26458333333333334,0.6145833333333334,Apr 18 2009
59,59,excellant conviniant location beautiful closely easily accessable attractions buisness places heart delhi,0.7166666666666667,0.9166666666666667,Apr 17 2009
60,60,"Forget looks like place THE BEST service! Stayed 2 nights return overnight stay switched Imperial (a mistake). When arrived I disappointed exterior renovated went room I even disappointed - gloomy, tiny bathroom separate shower. It took hours (during I changed next stay Imperial) get cosmetics. What I say spent almost week India staying hotel, The Imperial Amarvilas Oberoi Agra, service streets ahead anywhere else EVERY level. The spa fabulous - treatments best I anywhere world. A 1.5hr Abayanga massage actually 2 hours time &quot;extras&quot; like steam baths, exfoliation etc factored - normally things mean actual massage 1hr. A quick 30 min foot massage also added free neck shoulder massage therapist saw strain neck stiff....end result 50min treatment. The room always kept perfect, every amenity used refilled (very unusual days) moulton brown toiletries lovely. The indian restaurant Varq far best quality food anywhere....and cocktails amazing. Service fantastic security guy called lift remembered name floor guys coffee shop merrily chatted us day made best cappucinos (with little jokes them). Appearances really deceving, makes great details service really that.",0.25235632183908047,0.5573275862068966,Apr 13 2009
61,61,"Charming elegant business pleasure This nice property great location, excellent restaurants, nice grounds helpful staff. Beautiful pool, blocks Khan Market (try Aniohi Fabindia clothing gifts) near things. Safe neighborhood jogging excellent security. Taj Club Level elegant great service nice club area. The Chinese restaurant particulalry good.",0.5599999999999999,0.7166666666666667,Apr 13 2009
62,62,"service every detail We never seem service eye detail. It's excellent hotel, rooms good spacious well equiped. The restaurants bars offer wide joice quick service. The pool garden excellent well kept. The surity good. All staff take personal service attention guests higest level. You feel welcome appreciated, moment come till leave door check out. An oasis hectic Delhi. We surely return.",0.4694444444444444,0.6074074074074073,Mar 8 2009
63,63,"Impeccable Service - Safe I Delhi 10 times past 3 years always try stay Taj. I wrote another review earlier stay, think I write another one let folks know safety precautions put place since tragic incidents Mumbai. All cars stopped/searched even enter drive-around. Then packages.suitcases etc put metal detector, (person) walk metal detector... These precautions put place NYC 9/11 (I working NY time). Sadly, I heard number tour groups cancelled trips Delhi. I think important tell folks precautions hotels like Taj place now.On top safe/secure feeling - I feel &quot;at home&quot; Taj. Many staff members remember name. The service impeccable! The food impeccable! If stay, try Sunday Brunch - amazing selection!!!!!!!!!",0.3096153846153846,0.6365384615384616,Feb 18 2009
64,64,"Great housekeeping service After highly embarassing mix-up check-in, I downgraded Taj Club Deluxe room. Not great experience Resident Manager fortunately swift discuss detail next morning.What really made stay comfortable one phantastic services provided housekeeping. The attendant must seen I using Molton Brown ammenities. Swiftly next day, I ammenities changed Molton Brown (which typically provided Taj Club rooms. Wonderful, personalised service. Obviously thinking going on!The room nicely presented, good size sofa relax. I use internet service working desk certainly good size appropriate lighting.I like good sized bathroom separate shower bathroom quite liking stand bathtub shower.It looks like breakfast buffet somewhat improved since last stay. Service Taj-like friendly.I one interesting experience I went read newspaper poolside. The attendant insisted I sign liability waiver form ... guess direction India moving to! Hazardous activity reading paper close pool, I guess.",0.3552173913043478,0.5694202898550724,Feb 7 2009
65,65,"Wonderful Customer Service This comforts would expect 5-star, incredible customer service care received made one best places I ever stayed! We made feel special, almost though staying family home, rather hotel.Thank much Taresh, Lakshay, Albert Bharat taking good care us making us feel home.",0.5938775510204082,0.5816326530612245,Feb 2 2009
66,66,Excellent service! Lovely attentive staff. The service excellent. The rooms nice comfortable nothing special /different them. The spa needs upgraded staff helpful. Varq restaurant incredible missed. I supposed return end trip I decided try The Imperial Hotel instead. It nicer rooms sevice nowhere near good.,0.5706493506493507,0.7564935064935064,Jan 29 2009
67,67,"Good deep pockets This place exceptionally good service! They know name, matter hotel. Your room kept absolutely spotless real noise/pollution unique New Delhi.However expensive, charge everything! The wine list prices control, restaurant prices within complex.I love stay - ok, I feel ripped bit regardless great service.",0.3158057851239669,0.6376859504132231,Jan 26 2009
68,68,"Best Service World Best Service WorldHaving good fortune staying many truly great hotels world, service received Taj Mahal Delhi certainly good, better anything experienced elsewhwere.It starts arrive front door must 20 people security, helping luggage (they take you, put detecter next thing know room. If booked Taj Club airport pickup (highly recommended especially first visit Delhi) soon exit car met escorted room quick seamless check-in.Just entering lobby notice large number people greet day, address name. Now something else impresses meâthere always duty manager watching everything. In fact coming Delhi stayed Trump International Chicago anyone management hidden sight.Now examples superlative service. On previous trip India, merchant Jaipur cheated us. For year, tried resolve problem Amex avail. Amex explained serve mediator customer merchant merchant refused, luck. We explained concierge made business help get money back. First, made repeated calls merchant became frustrated refused talk concierge. The Taj contact whose guide took us storeâthe Aman-i-khas began call. When merchant still acquiesce, I told write strong letter Taj chain, Oberoi chain Jaipur tourist office explaining unless receive money back, hotels etc. blacklist merchant. That got money back.Another example: leaving returning days later wanted leave suitcase paper bag held 2 dolls. Storing suitcase problem. To solve bag issue, left reception returned, promptly delivered roomâthey donât know say no.This clincher. On last day (we stayed total 6 nights 4 occasions) I celebrated birthday. We got ordered coffee. A minutes later coffee arrived procession others carrying bouquet flowers, beautiful extravagant birthday cake bottle French champagne (we enjoyed dinner night.) Just everyone knew birthday I couldnât walk lobby, visit club even talk phone without wished happy birthdayâI exaggerating.In conclusion I canât imagine better serviceâlast year stayed Imperial Shangri-la really comparison. Itâs pleasure heartily recommend thr Taj Mahal Delhi",0.21173382173382171,0.39449328449328436,Jan 17 2009
69,69,"Great service great experience Five nights December 2008. Security tight following incidents Mumbai, staff everything possible make pleasant experience. Perhaps much - really need someone press elevator buttons you? Very generous late check-out, good laundry service, helpful front desk staff. Rooms nice I agree previous posters - could use renovation, particularly bathroom. Breakfast positively BEST breakfast I've ever - spectacular options every day. Rick's Bar lobby really nice, spa.",0.35344636844636845,0.5554353054353054,Dec 25 2008
70,70,"Excellent! The Taj first two week tour Rajastan certainly lived expectations.We collected airport friendliest driver ever, given fresh cold towels two ice cold bottles water...the service didnt drop throughout stay.Great pool, great restaurants, great staff, room bathroom bit small size money.Go club floor can, excellent club lounge complementary drinks canapes evening. Club lounge manager excellent!All perfect start Indian adventure...",0.35584415584415585,0.7549783549783551,Dec 22 2008
71,71,"Loved stay We event Taj Mahal April. stayed 2 nights. amazing experience. long day event, rooms delight. food restaurant real treat. never experienced incredible service before. It lovely difficult us leave place.Overall I would say probably best ever stayed business specially boss extremely fussy! think person found convenient mmost places. besides banquent hall event held great place",0.30391483516483514,0.6978021978021978,Dec 14 2008
72,72,"loved suite taj, new delhi 31st may 2008 girlfriend .....it like escape family friends couple days.I amazed see suite, booked persident suite ambience place amazing, loved beds interiors......the place romantic.me girlfriend great time there.",0.5872727272727273,0.740909090909091,Dec 14 2008
73,73,"Truly exceptional service I stayed Taj Mahal New Delhi two separate nights business trip. What sets apart staff takes care guests: everyone, bellboys security guards spa check-in personnel, always happy help satisfy wish. I experienced traveler, pleasantly surprised sincerity staff`s attitude. Having said that, I say generally I find amount attention guest receives Taj excessive â I would probably prefer less attention persona.Hotel`s facilities appropriate 5 star deluxe exceptional. Lobby gracefully decorated Mughal style (with marble fountains, water basins, carpets, etc), check-in takes place table, rather counter, i.e. one seat procedure. Unusually, check-in finished room, I found convenient, one immediately ask questions room, etc. Overall, check-in staff courteous efficient.During first stay I placed ordinary king room. It spacious clean, equipment slightly dated, immaculately kept. On second stay, I received upgrade Taj Club (pleasant surprise) level room`s fitting modern (LCD TV, etc), dÃ©cor even opulent. Both rooms quiet view â positive impression overall.Guests staying Taj Club rooms access lounge 8th floor. The lounge elegant, cosy sofas corners. Courteous attentive personnel serves wines (of quite good India) snacks evening.Breakfast live expectations â I certainly expected deluxe 5-star hotel. The highlights made-to-order omelets warm buffet vegetable meat chicken dishes changed every day. Otherwise nothing write home about, still perfectly acceptable (for European taste).Hotel good gym two cross-trainers (from LifeFitness), five six tread-mills (LifeFitness Technogym) quite weight machines (mostly Technogym). I used gym extensively found perfectly adequate crowded all.Other facilities (which I use) include spa outdoor swimming pool several restaurants (including Indian one).Hotel location good (close India gate), I found little benefit since India one take taxi time anyway.Overall, Taj Mahal excellent business traveler well-off tourist I found price-quality relation much better of, e.g., Hyatt Regency (at I also stayed trip). While rates similar (both EUR 370), Taj Mahal infinitely exclusive superior almost every aspect. Would definitely stay again, someone else foots bill.",0.287008240297714,0.5977538543328018,Dec 12 2008
74,74,"exceptional service building needs updating We're whirlwhind 3 week business trip take us India, Seoul Japan thankfully company put us wonderful properties. I snob I travel pleasure I tons research properties, activities, facilities restaurants, different. I homework place. The things I look rooms, gym food. Unfortunately, night left early next morning go real Taj Mahal. Here impressions. The beautiful, one best chains are. I guess would like Ritz Carlton, Indian version. We checked in, whisked room complete process, coffee, juice tea delivered along cookies, chocolates cakes. It nice welcome. Here detail point bears mentioning, help give glimpse whole. The entire presentation delivered large silver tray, coffee pot white linen tea cozy milk coffee, steamed, separate tea cozy. That right spoke volumes me. They thought far. room nice, top floor good size, stuff felt bit cramped; desk, loveseat, coffee table, armoire, chest luggage 2 double beds. We called wake call, asked would like coffee brought time, suitable time would be. We skipped since heading gym anyways. Again,another nice touch. The gym great. The equipment brand new, tv's treadmills cardio equipment, cool, well whole host machines free weights. I work every day back home good gym. There also Morimoto restaurant place called Varq, serves modern Indian cuisine, I would liked try.Ok, thing place, great 4/5 star hotel, building old. It needs modernized. It prevent staying here, undergoing complete remodel apparently, I think complete, spectacular. email like info",0.3086219336219336,0.5726065317902052,Nov 11 2008
75,75,"Fabulous unmatched staff I generally one high end hotels. They tend leave feeling nickel dimed (why US high end hotels charge get online, park, breakfast?) vacation I feel like money could better spent experiences dinning. The Taj Mahal Delhi exception. My wife I stayed twice, I look forward again. Its nice â is. It great restaurant, nice oasis pool, even good gift shop. What really sets guys apart staff. Its well trained. They politeness interest stay canât trained â genuine. I always feel like view employees, ambassadors city country â genuinely want sure enjoying visit. Not cheap sure, afford it, money well spent.",0.3155263157894737,0.6267251461988304,Nov 4 2008
76,76,"Very nice Staying business nice :- good breakfast lot restaurant hotel- friendly personnel- nice big roomDuring stay, one shirt dammaged accidentely laundry service, I get full reimbursement credit card.One negative point wirless connection did'nt work properly laptop. The personnel give extra WiFI card, still OK. This annoying I needed check business mail impossible. So, please aware!",0.1214880952380953,0.5714285714285714,Sep 14 2008
77,77,"great service I stayed week found really excellent. The &quot;luxury room&quot; comfortable, everything worked good shape. Parts perhaps look bit dated, sense fashionable NOT sense worn way. In case room feel outmoded. I tried room service several times excellent - really top notch. Breakfast pretty good dinner Machan restaurant real let-down stay - muzak way loud pretty awful, food uninspired. There restaurants look really interesting I get try - new Japanese place, brand new &quot;gourmet Indian&quot;, Chinese restaurant apparently one best town years.The best thing excellent service. You really get sense want everything perfect you. If ask something gets done promptly. The slight drawback members staff push little hard please get annoying.The gym fairly large well equipped. Pool also nice.The lobby function rooms always seem buzzing favourite local events (very classy ones) celebrity political VIPs. All all, good place get good deal room, I'd go it.",0.27195332445332443,0.5564357864357866,Aug 14 2008
78,78,"The Best Delhi I can't find better Taj Lutyen's Delhi. Superb location, efficient service broad smile, top class eateries (newly opened Japanese restaurant must best country), well appointed rooms spectacular views top best club lounge town efficient staff always service. I stayed Taj club floor 24 hours butler service. I found butlers alert super efficient every way. Three cheers Taj, Delhi!",0.5134706439393939,0.4458570075757576,Jun 10 2008
79,79,"A super efficient We stayed twice arrival departure India, total 3 nights.It high class quiter residential area new city excellently placed easy travel main sites.What impressed us really welcoming efficient staff good service standard.The rooms excellently appointed comfortable great views city.The restaurants efficient cioffee shop lounge one best.We could fault recommend passing city.",0.46640692640692644,0.6591341991341991,May 1 2008
80,80,"Great unparalleled service I'm writing club room Taj -- first stay here. The club rooms comfortable, although I wish bathrooms bigger. But public spaces quite tasteful Old World (it's 30-year-old all), grand dame air befitting one top 2 hotels Delhi VIPs. No complaints far, even spa, oldest Taj hotels Delhi, still well-maintained well-appointed. However, enjoyed far -- much booked stay way India canceled previous booking another -- unparalleled service. Everyone friendly, professional, helpful great talk -- many remember name details you. It's like home away home, quite important visitor foreign place like Delhi. I cannot think staff member I impressed with. This alone made stay memorable. And time made feel anyone expected tip us return!",0.25412878787878795,0.5831439393939394,Apr 14 2008
81,81,"Good business that's My wife I stayed New Delhi Jan 2007. We upgraded suite upon arrival, per AMEX. The suite large doubt, decor stuck 1980s. The bathroom shower glass half door hate - water splashes everywhere. However Taj properties use Molton Brown toiletries, nice.The Taj Mansingh (which locals call hotel) well known Ayurvedic massages. If that, love dual syncronized massage.The business center good fully staffed times. Also tea snacks suite guests.Rick's Bar actually one hot spots New Delhi - serving good cocktails cuban cigars.This geared toward businessmen. If town business, good option.",0.22645330859616575,0.4824520717377859,Apr 7 2008
82,82,Exceptional service We stayed one night joining tour service faultless. We booked online advance contacted arrived find special requests. All staff extremely helpful friendly restaurant bar excellent. The bar quite loud lot fun! We impressed booked back 2 nights tour level service lived first stay. The pool also wonderful much nicer oberoi imperial. We ate hotels well service compare Taj. All I say disappointed.,0.3892006802721088,0.6681972789115646,Mar 31 2008
83,83,"Great Hotel - clubs rooms We really enjoyed 2 stays hotel. Pickup airport went well time. It pay call first double-check though.Our first room small club room really big enough 2 weary travellers lots luggage. We appreciate personalised check-in (with cold drinks) held room way whisked there.The club lounge made small room. We thoroughly enjoyed breakfast nibbles first-rate service. There also PC internet access seperate small private office.On second stay room much larger comfortable - still club room I'm sure why.Staff excellant soon sorted little quibbles.We 2 great meals ground floor restaurant one pool. Price-wise restaurant meals reasonable good quality.The pool menu over-priced though really enjoyed birds swooping try steal snack.Another nice feature spa. It's free guests good staff, steam room usual things. Can't recommend highly.In all, I'm really glad chose hotel. Stayed lots 5* through-out world extravagent ones.",0.2192049808429119,0.5734291187739464,Mar 30 2008
84,84,"A Really GREAT Hotel We stayed Taj Mahal Hotel twice recent 3 week trip India. The first time Club room, second basic room.From friendly airport greeting (WARNING: Indira Ghandi Airport undergoing major renovations making even confusing disorganized ever. An absolute zoo!) throughout stays treated though guests mattered hotel. Pool side rooms grat views garden pool, ornate parliament buildings distance.Without exception staff attentive, service flawless. Even elevator guard addressed us name first remembered us return. The butler service Club floor impeccable, Club rooms come separate lounge dining area full waiter service evening cocktails memorable breakfast. In many years various Club floors nothing even close Taj Mahal Hotel.Our return stay basic room (they slightly smaller, well furnished) less perfect. During first stay noted preferences made sure room set liking prior arrival.Other reviewers complained price. Hotel rates Delhi extremely high Taj good value compared competition. A little homework website reveal good special rates (the special rate Club room $475 plus tax height season, included early check-in, airport transfers, bottle imported wine, flowers, fruit bowl, bottled water, chocolates attentive butler).There really single thing felt could improved... we're easy please!",0.28407894736842104,0.5241060985797829,Feb 29 2008
85,85,Most Amazing Art Wonderful hotel. amazing ambience authentic artwork lobby. Wonderful city changed life. Everyone must visit India get chance to.,0.7000000000000001,0.8416666666666667,Feb 24 2008
86,86,"Great hotel!! We stayed couple days wonderful structure New Delhi. The beautiful area south city, member The Leading Hotels World (5 stars). Of course rooms top level, interesting ideas, typical luxury hotels (every morning basket important newspaper front rooms, also first two pages internet important newspaper home country), large swimming pool restaurants inside. Rooms confortable, well bathrooms. Breakfast average international indian food. Price course high... The thing appreciate much area (the embassy area) sort &quot;closed&quot; area indian people, sort &quot;gold prison&quot;, means choose structure typical indian atmosphere, maybe good choice. In snapshot: expensive really beautiful.",0.2681381673881674,0.584518759018759,Feb 18 2008
87,87,"Not bad definitely great. Service good luxury properties India. But there's charm hotel. This business PC users. If Mac user like me, prefer Imperial Hotel. (if know I mean...)Avoid while. There's construction Japanese restaurant smell toxic fume lobby. (whatever toxic fume I know gave bad headache. Besides, Sushi India sounds like bad idea me.)",-0.21571428571428566,0.5785714285714285,Dec 26 2007
88,88,"Nice great service Nice would stay again. Great service. It outsandingly beautiful hotel, reception lobby quite average 4-star perhaps bit disappointing 5-star rooms bog standard good stay. Good business trip I taken good care of.I eaten one restaurants (Indian) twice occassions became sick. This may co-incidence avoided ever since.",0.3746428571428571,0.7030952380952381,Nov 1 2007
89,89,"Wow! Superb! We stayed two days visit Delhi. We came back Jaipur attended wedding returning Europe Delhi visited Delhi. We good rate, kind tricky. Officially room 200 euro person, turned 40 euro booked travel agent. At least that's I understood information given. Maybe 200/room (3 people) - vs 40 euro per person (?).Anyway like paridise middle Delhi, probably like top hotels Delhi/India are. The rooms great, modern, well kept, clean, ... The lobby looked like palace, especially night lit lot candles near small pool.The breakfast meals also superb. We like India much, glad could eat normal food here. The New Delhi, want go old part, takes time. But hey, taxi quite easy expensive all. The bad thing taxi drivers take tourist shops stead driving directly place want stay.I would certainly recommend get rate us.",0.2405796055796056,0.5933694083694084,Oct 23 2007
90,90,"A Delhi Delight We stayed four nights Saga tour. We could fault way - service impeccable, rooms comfortable, food: best buffet breakfast ever, lunch dinner well standard 'Delhi Belly', grounds, pool location excellent. Our abiding memories wonderfully friendly helpful staff plus Shilpa Shetty next table lunch!",0.5207142857142857,0.5071428571428571,Oct 2 2007
91,91,"Lovely Taj We chose great location name. The provided excellent value money. It bit older property outstanding service. Throughout stay felt extremely well taken care of. Magnificent pool ambience. Very nice spa gym. Quality food great overall service, staff laid back vacation sort environment made one best stays Delhi.",0.5351388888888888,0.6465277777777778,Sep 5 2007
92,92,"Beware ""Special Offers""! I originally booked less expensive Taj Ambassador one night stay New Delhi transport connections. On checking in, happily informed we'd upgraded room nearby Taj Mahal absolutely extra cost. The first charging 130 USD per night Taj Mahal's rack rate 290 USD per night, I pleased accept. The room clean, well-laid amply provided usual bits pieces. However, check early next morning way airport, tried stick huge tax bill based Taj Mahal's rack rate. Their excuse &quot;special Delhi charge&quot;. I refused pay and, fortunately, website printout original booking. Eventually, charges suddenly waived explanation offered exactly going on. I eat extortionately expensive what's offer lots great dining options nearby - try Khan Market. The best thing view 4th floor room - right gardens Delhi Vijay Chowk Presidential Palace. However, sure would worth forking 300 USD. Overall, I disappointed Taj Group stay India.",0.14747217068645638,0.48662775716347145,Jul 20 2007
93,93,"5 star world nasty New Delhi Arriving smelly New Delhi International Airport mid-night June 38 C heat joke - however, management staff Taj Mahal know exactly make stay completely comfortable. Ordering pick way navigate Airport comfort. Arriving met saree clad dedicated member front desk takes room check-in. The really well air-conditioned I assume unusual sweet smell throughout due insect repellent - stays Taj hotels I yet see mosquitoe type insect.Rooms excellent 7 feet wide beds, TV, work desk, sofa wifi access (for extra fee). The foyer common areas expansive, clean comfortable relaxation small business meetings take place. The breakfast excellent fare wide ranging - dinner/lunch 24 hour dining also range restaurants choose from.Service staff excellent throughout. For place stay New Delhi.",0.09215768799102131,0.5718013468013469,Jun 24 2007
94,94,"Good Hotel Good Service Taj Mahal first stay DOHA 2006 Tourch Relay team. It good start mission with. Rooms clean, tidy stylish, pool OK. however major paint done building. that.. stay want go Delhi good price.",0.4503787878787879,0.6007575757575758,Jun 12 2007
95,95,"Hotel ok food toxic I veteran world traveller New York City five decades belt long background South Asia. I stayed New Delhi's Taj Mahal Hotel mid-March 07.It well-run excellent service. But small, drab, tired rooms, worthy 1960's generic Hilton, certainly worth extraordinary rates charged.I seriously poisone food lobby restaurant 14 March two types parasites required three courses powerful antibiotics anti-parisitic drugs. Indian friends also told Delhi Taj notorious food poisoning. It shocking chain standing cost would serve contaminated food. Obviously, last stay Taj Hotels.",0.034753787878787884,0.5464015151515151,May 1 2007
96,96,"One Best New Delhi There's thing days reasonably priced first-class New Delhi. If budget allows, however, Taj Mansingh, known locals, one better choices. The location great staff attentive. While level service Oberoi properties Taj runs close number two New Delhi among big Indian chains The Club level rooms appear slightly larger regular rooms sure worth extra expense. The superior spa (one top three city opinion). The one area need improvement quality food. Machan, especially, hit miss although packed many hours due lack alternatives immediate area upscale variety. Rick's popular bar, especially weekends. For sedate friendly alternative try lobby tea lounge. You get drinks there, well, staff attentive.",0.2773737373737374,0.5686832714610491,Apr 30 2007
97,97,"Excellent arrival trans-Atlantic flight Perfect service upon arrival met airport, greeted repeatedly entrance taken directly room without hassle front desk check-in. The Indian restaurant wonderful, breakfast buffet sumptuous, over-all service exceptional. ( One small exception checked prior departure switchboard informed friends gone sat room waiting them.) Having read previously taxes, I room argue, prepared extra amount bill. I not, however, confirmed rate picking us airport ($65). Thanks tripadvisor comments selected could pleased. Our friends used beauty shop work-out room, also. Would recommend highly.",0.36500000000000005,0.5933333333333334,Jan 28 2007
98,98,"Excellent Service. Watch excess taxes. We recently spent 4 nights Taj Club room. The room nice (if nothing ordinary), asked better service.We arrived New Year's Eve ready exciting evening hotel's outstanding Indian restaurant. However, I fell sick ended stuck room. The in-room dining manager went way provide partner outstanding dinner personally served room. It extremely nice touch cheered us could disappointing evening.The butler service Taj Club lounge excellent, food good restaurants.My complaint way taxes levied. Instead charging 12.5% tax rate paying (which $370 per night booked throught Five Star Alliance -- $100 per night less Leading Hotels offered), charged tax rack rate (about $550 per night) also charged small tax (about $2.50 per day) breakfast, included room rate. That added $150 tax I anticipated paying.I complained vigorously duty manager evening check out. I insisted I never seen practice anywhere else world I willing pay excess taxes. I taken copies reservation confirmation, showed I would paying 12.5% tax made mention tax applied rack rate. By confirmation possession insisting I willing pay excess tax, I eventually got tax reduced 12.5% $370 rate instead rack rate. They give breakfast tax, I eventually gave one. So, go prepared paperwork remain steadfast refusal pay excess room tax, avoid bit fight. It's shame fight take place all!But despite tax issues, fantastic place stay really appreciated help staff gave us! I would definitely go back.",0.16156590535900883,0.6075294820122406,Jan 6 2007
99,99,"Terrific property watch luxury tax charge This hotel, located away central Delhi green, government area, still allowing easy access desirable sites, lot going it: astounding lobby period art rotundas, big city service, elegant rooms, pleasant views, responsive staff, one thing watch luxury tax charge. We booked $ 210/night Travelocity, confirmation advised 12.5% tax. Our closing bill, however, attempted charge 12.5% advised rack rate $ 500. This first learned this! Needless say, refused pay exorbitant amount manager relented. Be clear making reservations here. The club room dining salon, Grille Room, pricey delicious alternative weeks delicious Indian food. The concierge knowledgeable, without playing commission game, breakfast buffet varied, delicious pleasant setting. We would stay snap. The Mercedes airport comfortable ride.",0.3507352941176471,0.7342156862745098,Nov 27 2006
100,100,"Best service I ever experienced I stayed week October business expectations continually exceeded. Asia known good service takes good service whole new level. I stayed Peninsula Hong Kong, St Regis, Mandarin Oriental, Shangri La others service levels even better. We 4 rooms us travelling together found sharing good service stories day.This little expensive others well worth extra $. You certainly feel like royalty there.",0.3242099567099567,0.4617316017316017,Oct 30 2006
101,101,"Watch brown water My wife I stayed Club Room Taj Mahal 10 days October. Like others commented hotel, found service welcome impeccable. The Mercedes waiting us arrival treat. We never experienced enjoyable check-in here. The staff attentive unobtrusive. We tried restaurants quality excellent them. The breakfast buffet good indeed, although seen even impressive buffets Beijing hotels (such China World). The waiter service breakfast somewhat inconsistent. The could use updating; infrastructure 20 years old, without investment since then. The rooms smallish associate executive-level service. We became ill unrelated reasons, secured physician promptly attended needs outrageously reasonable cost (the bargain associated hotel!). What really troubling going shower, turning water on, watching yellow-brown water pour out. Not question waiting clear --- kept coming regardless long let run. For premium price Taj hotel, unacceptable us enough tell us return, matter attentive service. Hotels need get basics right - rusty dirty water simply unacceptable. The plumber claimed abnormally high water pressure forced rust old lead pipes. He never answered question lead pipes first place. They unacceptable today's environmental human health standards.",0.22520408163265307,0.5921258503401361,Oct 29 2006
102,102,"sanctuary middle delhi The Taj Mahal sanctuary middle Delhi. The rooms well equipped pleasant views greenery. The staff first rate. The reception staff incredibly welcoming. The buffet breakfast best ever had. The waiting staff friendly efficient without beig intrusive. They particularly kind 12 year old son. There touting tips. The pool huge, deep peaceful. Although aimed primarily business market, excellent teenagers. Better Imperial.",0.41927083333333337,0.5125000000000001,Sep 11 2006
103,103,"Cheated Sales Tax I experience others. They overcharged sales tax, nearly $100. Makes wonder I cheated parts bill too.",-0.008333333333333331,0.3,Jul 30 2006
104,104,"Really loved stay here! We stayed seven nights, I must say choosing first place difficult. In end went solely opinions Trip-Advisor members able afford (the Australian dollar worth US$0.75). We found best rate possible Five Star Alliance site (thanks another Trip Advsor member tip!) booked package included standard room (only differs deluxe room fax machine), round trip airport transfers breckfast, US$170 per night. Obviously rate get executive club room use club facilities, go visit club room see missing anything.So firstly, turned airport midnight, tired 15 hour journey, there, bless socks, Taj driver waiting us name huge piece cardboard. Agian, Merc went cheaper package, car great driver professional. Check-in carried room, lobby, took couple minutes complete. Overall, room spacious, fixtures perhaps little shabby worn round edges, bathroom huge done nicely dark red/black marble, separate bath shower two fabulous shower heads. Apparently gave us corner next corner room (ie end corridor), bigger bathrooms. The room facilities generous, mini room-service every evening, daily chocolates, six complementary bottles water every day (contrary member's comments hotel, NOT tip get extra water - give anyway) four huge towels (rather standard three). The bed reasonably comfortable (by Indian plank standards) although smoking floor, hint stale smoke room.The Club room checked exactly size, modern decor newer touch - probably worth extra money, especially since standard room bathroom bigger (that luck though).What really impressed us absolutely excellent level service provided staff - friendly, helpful, attentive welcoming. The Concierge went way help us couple really difficult busines requests (like sourcing three hundred bars special soap made south India), elevator guy knew floor number within couple days. Another excellent feature breckfast buffet - probably best selection food I've ever seen hotel. Overall, one best stays I've ever had.",0.1867440476190476,0.4915515873015875,Jun 5 2006
105,105,"Cheated sales tax As previous reviewer said - charge 12.5% tax shameless reception prices, actual one booked! I extremely p---- check-out decreased little bit nevertheless way expected I time pressure I would stood ground...I wrote complaint manager later day (that month ago) received answer I doubt I will. Does anyone idea require refund - maybe writing Best Hotels World Indian tax authorities?Otherwise excellent service.",0.10173611111111112,0.41597222222222224,May 23 2006
106,106,"Beware tax charges Taj Mahal Hotel THE HOTEL HAS A TAX OF 12.5% PER NIGHT. HOWEVER, IN OUR EXPERIENCE, THEY CHARGED THE TAX ON TWICE THE AMOUNT OF THE ACTUAL BILL. THUS, WHILE OUR BILL WAS approximately US $600 AND THE TAX SHOULD BE $75 (12.5%X600=75), THE HOTEL CHARGED approximately $150 tax. When brought overcharge attention hotel, said charged 12.50% amount feel room worth rather actual amount paid. That made us feel cheated.",-0.1,0.3,May 5 2006
107,107,"The Taj one best hotels everâ¦ Imagine arrived Delhiâs chaotic airport late middle night exhausting 10+ hour flight (and way us West arrive). You hoping email sent requesting met car airport read understood.As emerge customs, literally hundreds people waving signs peopleâs names them. Amidst mob, man dressed white carrying large (possibly largest) sign emerges crowd. It says Taj Mahal Hotel it. And name written bold letters right middle. Relief flows you. He takes bags walk short distance late model white Mercedes. He whisks 30 minutes so.You greeted steps enormous bearded man dressed traditional Indian gear petite young woman knows name ready take directly room. The two men opening door elevator operator greet name. As emerge elevator see man hall. He greets name. He butler holding tray. On two glasses fruit juice (orange pineapple) may choose. Your butler shows around room, equipped electronic controls everything lights temperature curtains. Your room butler arranges technology butler Internet WiFi service turned on. They leave allow get sleep â can.Around room complimentary bottle wine several different kinds fresh fruit. There plate dried dates apricots. A luxuriously stocked mini-bar fill unmet needs.The bath granite decorative tile separate shower stall one best showerheads best water pressure I stayed at. There bowl filled rose petals three vases orchids around room. The toiletries Molton Brown include everything might need comb toothbrush.Complimentary shoe shines clothes pressing included rate, continental style breakfast cocktails evening. This Club Level Taj Mahal Hotel. Yes, itâs expensive Indian standards. But costs decent room New York City itâs so, much nicer.The bars restaurants wonderful. The staff uniformly helpful mission please.You cannot go wrong staying Taj Mahal Hotel.",0.14475156975156978,0.4794879294879295,Mar 23 2006
108,108,"Treated like royalty Taj From moment walked in, felt like given special treatment Taj Mahal Hotel, New Delhi. The outer doors opened traditional Raj-clad attendants, inner doors opened elegant smiling ladies learned names day two. The lobby organized personal manner hotels, tables hospitality specialists rather large off-putting counter. Indeed, lobby elegant, yet cozy, decorated inverted domes ceiling Mogul style artifacts. Around lobby area set many tables morning business conversations afternoon tea. At one end bakery, delicious espressos teas well fabulous French pastries.We usually stay Imperial Delhi, booked decided try Taj. We able get good deal stay five days Five Star Alliance website. It seems difficult book upper end hotels Delhi $300 night days. The rooms somewhat smaller Imperial, nicely appointed, wood trim granite bathrooms. Our bathroom nice tub separate shower quite large. The rooms also quite clean beds delicious, comforters cotton linens.For me, highlight stay Taj breakfast buffet. The array truly amazing - best I ever encountered anywhere. As vegetarians, quite bit choose from, including fruit, baked museli yogurt cups, six varieties bread toast, vegetable tofu, croissants plus Indian specialties paranthas. We pleased able offer array invited friends join us. The dining room sunny comfortable service excellent.Another highlight laundry service. Finished items returned within 8 hours, protected plastic, starched linen baskets rose top. The pressing service also excellent.I communicated email Taj several times trip received prompt response. Our needs, non-smoking rooms, well taken care of.The staff quite courteous respects solicitous needs. In one case, change another room, called apprised us updated situation let us know aware working it.I would hesitate recommend Taj Mahal Hotel New Delhi visitors. For us, great place overcome jet lag, feel well taken care far home, enjoy elegance grace style kings.",0.307118141905376,0.6116642104939977,Mar 2 2006
109,109,Good Place Stay Delhi The look great outside. Just concrete pile even need repair. But inside better. Staff friendly efficient. The corridors somewhat smelly (smell damp?). We group fixed meal meal standard average. The breakfast buffet good generous. Rooms seem bit outdated comfortable enough wide range amenities.,0.2175,0.45380952380952383,Jan 18 2006
110,110,Best best This place lovely - rooms everything could desire nicely decorated clean possible. The warm welcome Staff adds great touch breakfast cooked order spot on. This place faultless stayed first time I stay anywhere else Delhi again.,0.6451515151515151,0.693939393939394,Nov 14 2005
111,111,"Excellent staff ! My husband I spent 10 days staying cottage, forest, mountains north India running water electricity. It 12 hour drive Delhi really looking forward 2 day stay Taj Mahal Hotel flying home London. We disappointed! It fab! The room lovely - usual attention detail - robes, slippers etc. Papers morning, plus summary UK news. We intend go evenings explore away hustle bustle Delhi went Rick's bar cocktails evening ate hotel! The staff superb personal butler! We book standard room reading reviews site, I led believe club rooms came service (we upgraded knowledge worth checking).On final morning sampled buffet breakfast vast selection food continents. We bother pre-book car airport (very expensive) instead, doorman got us cab (immediate) fraction price (around 300-350 rupees).All I would thoroughly recommend hotel.",0.1484375,0.5771875,Oct 18 2005
112,112,"A business hotel... worth reviews... special whatsoever! For lack interesting places stay Delhi, stayed Taj Mahal first night last night 10 day India trip March. Our tour operator, Abercrombie &amp; Kent also raved it. The result... rather mild disappointment. There's doubt one best, best, Delhi. But business big city, like big cities. The entrance lobby grand majestic, however, rooms small blah. We also stayed club floor rooms, standard ones sold out. The prices rooms quite bit, even global standards. Complete rip off!! The room tiny... character... boring &quot;Hilton, Sheraton&quot;-like standard room. This probably biggest rip entire India trip.The restaurant downstairs, supposed one best town, very... whatever. Restaurant service good, however, front desk staff rude. One evening, went newer, modern hotel, Park, dinner. Granted, Park look like stylish boutique hotels find lot days. We personally felt would much happier Park rather paying dumb price Taj Mahal. The restaurant good, too. (See reviews Amarvilas, Taj Mahal Delhi, Rambagh Palace, Lake Palace, Devi Garh...)",0.13886379551820727,0.4171008403361344,Aug 18 2005
113,113,"As An excellent hotel, possibly one best I stayed in. Attention detail key made place stand everyone else. Highly recommend getting driver afternoon show around, scared drops mate go explore Old Delhi rickshaw....an experience I can't recommend highly enough. The rooms comfortable, check-in process dream, attentive staff pitched exactly right level without intrusive. The negative comment I make two hours driving around delhi price excellent 800rps......to pick airport extortionate 1,700 20 minute drive.",0.2684821428571429,0.6578571428571428,May 6 2005
114,114,"Pure luxury On entering reception Taj Mahal Hotel, confronted spacious opulence. Marble, gleaming glass brass, luxurious wall hangings - first impressions excellent. The rooms large, comfortable kept beautifully clean. Every night beds turned orchid heads placed pillow. The restaurant superb good choice food - excellently cooked well served courteous helpful staff.My complaint, sitting around large swimming pool, distinct smell drains course noise traffic outside - Indian traffic prolific - expected. I would hesitation recommending hotel. Sheer luxury.",0.32355379188712524,0.6099647266313935,Oct 24 2004
115,115,??â¦,0.0,0.0,Nov 8 2009
116,116,??????,0.0,0.0,Aug 29 2009
117,117,UneingeschrÃ¤nkt empfehlenswert!,0.0,0.0,Nov 2 2008
