,Unnamed: 0,Reviews,polarity,subject,Dates_extracted
0,0,"Fine business -- fully luxurious well average I put Government India agency I visiting. The owned GOI, I believe, get preferential rates. It caliber nice Marriott -- clean, spacious (I &quot;annex&quot; wing), relatively modern. Not glitzy (I'd stayed Taj Palace Delhi 10 days earlier -- glitzy luxurious I've ever been). Service professional obsequious, overly solicitous. If I'd paid myself, I might disappointed, compared &quot;business&quot; hotels I stayed India, fine. (I'm US, traveled extensively developing countries.)",0.10576923076923078,0.4929487179487179,Nov 20 2009
1,1,"Old glory disappeared ever I stayed The Ashok 4 nights business trip beginning November 2009. What disappointment. Old glory gone take multimillion investment ever get back. The state miserable, thing restored entrance lobby. The room middle sized looked rather Ok, big cleaning problem here. The floor really dirty, way walk bare foot here. Free wireless internet available worked well, every 24 hours return reception desk (very long walk!) get new voucher. There problem staff general front desk staff particular. They interested give service guests. Their interest seems get tipped! As example, I informed two times wrongly meeting places staff didnât care look properly, resulted two times 10 minutesâ walk wrong place.The Ashok big diplomatic area Delhi, surroundings nice. This positive thing I say hotel. Next time I definitively look another place stay Delhi.",-0.02503507295173961,0.495679012345679,Nov 14 2009
2,2,"Definetelly 5 star I stayed Ashok 2 nights conference. The booking made organisers conference I choice. Before visiting I read reports n tripadvisor I terrified!Upon arrival I positive feelings lobby areas really fine service I received front desk good. Upon entry room disappointment started. The big problem cleanliness. The particularly rooms dirty. The space rooms fine, furnitures really old (but OK) see everywhere proper cleaning. I tried room service although efficient (it took 20 minutes) food fast food quality.Staff friendly wireless internet fast enough free. In case 5 stars hotel, terrible.",0.1889572192513369,0.5152228163992869,Nov 5 2009
3,3,"Good loaction average service I stayed Ashok last month family brief holiday. The location quite good almost midway city center airport. The staff courteous bit lazy, rooms good seemed bit old far upholstery concerned. The bathrooms need lot improvement one negative factor place. The food average preferred eating outside private restaurants situated within building. The pricing definitely higher side compared services offered.The place undergoing massive renovation expect better experience next time I Delhi.",0.13500000000000004,0.48125,Oct 5 2009
4,4,"Cheapest Five star delhi..expansive moderate service Great expansive property one best areas Delhi.Right heart diplomatic enclave, seen better days.Still, trying modernize post privaitization addition Fbar host events hosts propelling forward.Price normally around 8k INR makes one cheapest, cheapest Delhi.Always full foreigners (mainly backpackers organized trippers), Indian bureaucrats Indian airlines crew, nice value money hotel.During one stay, got refurbished room huge improvement previous ones. In room dining easily accomplished 400/500 per person steal.Sagar ratna recommended restaurent. The pool isnt heated staff servile still retain sycophantic outlook always lookout tips.in stay want five star cheapest rate best part delhi.",0.4166666666666667,0.5541666666666667,Jun 18 2009
5,5,"Big Luxury Hotel Jet Airways Provided us one night stay hotel.As Jet Airways staff board baggage origination Point.So,this stay given Airlines.But find equal 5 star standards.Rooms smelly,A/C effective,No Courtesy staff,Breakfast cold,Dinner good taste.So,we say average &amp; never prefer go there.",-0.125,0.3375,Jun 15 2009
6,6,"stinky poo Worst room, service, foodand stinky Toilets.. Don't use hotel.. Not human beings",-0.5,0.55,Jun 11 2009
7,7,Great Business Place Great LocationBest FoodGood Pool Good Business FacilitiesGreat House KeepingHelpful staff,0.7666666666666666,0.7000000000000001,May 29 2009
8,8,loved disc situated good location....and say...its value money,0.7,0.7000000000000001,May 3 2009
9,9,"Subject Emperor As invited participant an' International Stakeholders' consultation,I accommodated 'The Ashok',Chanakyapuri,New Delhi. An aristocratic name diplomatic enclave capital city raised expectations perhaps somewhat unreasonable limits.There major problems attitude approach staff started considering subjects royalty(a subject /Praja Maharaja/Emperor Ashok) moment realized 'second class guests' everything house/to paid organizers.Even offer utilize services payment looked dubious manner polite insistence submission details credit card etc.I sorry even passage 3 years I remeber moment seesions I enjoyed though could easily done.I still cherish time spent Hotel Japhu,Kohima,Nagaland,Taj,Chikmaglur,Hotel Oberoi,Calcutta,Holiday Inn,Genva,Hotel Kigali,Rwanda Taj Colombo Sri Lanks etc. mainly beacuse welcoming accomodating attitude respective staff.",0.07159722222222223,0.4083333333333332,Apr 19 2009
10,10,Very good property value money The ashoka one grandest hotels India built govrnment. The exceptional facilties - gym swimming pool good. The price high though qulity service good. The service govrnmentish people wanting tips even small work. The gym one best India attracts political class sportsmen. The food good signficant variety. I would recommend place anyone wanting spend short time New Delhi needs access central delhi,0.42161771561771566,0.5205034965034965,Apr 18 2009
11,11,lousy place high price This lousy place nothing great comes high tariff rates. Everything costly rooms well maintained. exception Restaurant Frontier serves good food.,0.12075000000000001,0.6504999999999999,Apr 17 2009
12,12,"=not horrible expected I stayed Ashok past week quite relieved horrible reviews indicate. My room seem dirty, housekeeping came daily - left tip day, maybe helped. Bugs: see small roach room night one, dead morning insecticide poisoning. Previous reviewers complained bad smell hall- clearly insecticide, take roaches hard eradicate part world. It kind gross find coverlet bed smelled bug spray, do, better roaches. It IS third world country, all...i think problem charging first world prices. If workplace paid, maybe would upset shortcomings. I def. stay paying!the staff: agree. rude impatient repeated things back verify information get cab, store luggage interval check time end conference. appreciate attitude. woman traveling alone, maybe could little patient want sure information right? yes, housekeeping big tip seekers....despite leaving tip left morning, would ring doorbell 8-9 night &quot;see needed anything&quot; I woud ignore doorbell least called phone! go away! hang hallway pounce come back inform changed fruit room whatever,. looking tip. Also supposed free breakfast coffee shop included room tarrif. Most days bother. My last night got ill tried exchange breakfast ticket two cans sprite next morning, soothe stomach. it. wanted pay. I tried reason whatever food would eat came breakfast would cost sprite. wanted two cans sprite breakfast, right? sit down, talked amongst themselves, offered canned juice. Juice made sick first place. They budge. This completely pissed off. one star customer relations. WTF? He tried tell relative expense items issue blah blah blah lost patience hear explanation stalked out. They wanted money. Like every freakin' Indian encountered Delhi, unfortunately. hang purse people trying sell things/cheat every turn!",-0.06091480918608581,0.4472982100641675,Mar 22 2009
13,13,"priced - whelmed - ashock ing shabby, smelly , tired, staff. Poorly trained clue. The fixtures fittings poor, views awful generally disappointing. Our deluxe room comfortable bed it. One scruufy towel each, grubby bathroom sign love care.Of six restaurants two open one vile. The average top prices.Our 3 1/2 night stay cost Â£700 - stay here.This billed five star matching prices - I suggest invest lessons Taj Group - felt completely ripped ill bargain. hope loses - would like money back!",-0.10687134502923978,0.577046783625731,Mar 8 2009
14,14,"Nice priced good location near airport Good pick airport, nice room grounds priced.",0.5399999999999999,0.72,Mar 1 2009
15,15,"sad... Was 4th stay since 2000 sorry state getting better. Staying place conference I attending avoid taking taxis several occasions per day.... Had booked confirmed room balcony though received room without. When referring back reception's staff (be aware cashiers, greedy years before) informed, rate same... It's far overpriced one greet staff, staff greeting you.... Meals coffee-shop &quot;OK&quot; staff coffee-shop least trying friendly fast.... trying... The staff business-center tried help services really expensive, none 11 mails I send arrived.....",0.0019230769230769247,0.5442307692307693,Feb 22 2009
16,16,"What view! I wife travelling Delhi romantic getaway. We wanted experience really good places &amp; things together.We wanted spend time good could remember stay well places stay. We heard lot Hotel Ashok, magnificient marvelous view top looks.We called booked reservation us. When visited hotel, impressed huge looks outside well maintained. The reception quite good. The wait checkin within minutes escorted room bellboy.The room spectacular. It well furnished even bathroom marble tiled floor huge mirrors. The room spacious huge balcony. The Balcony overlooking gardens playgrounds. THE VIEW FROM THE BALCONY WAS AWESOME. It gave us open view outside, yet private others. We loved it.The restaurant basement quite good. They different types restaurant serving different kinds cuisines. We tried quite good food.Coming cons: As known before, slightly expensive note. It easy use regular getaway. We transportation time hence distance matter occasion, getting public transportation easy. However lot Auto Taxi guys waiting around doorman help get one you.Overall, great place really enjoyed it.",0.31777777777777777,0.5934926184926185,Feb 13 2009
17,17,"loved ambience I heard great deal bad reviews left. The Ashok government owned hence massive private investment diplomatic enclave. I greeted friendly manner I arrived (4am, can't say I'm impressed Delhi Airport), staff friendly helpful throughout stay. I 3rd floor really nice room, I two beds myself, room cleaned stocked daily. Everywhere I go I saluted bowed to, decor good, place clean. A things watch for: A plug sockets issues RS70 get pretty good plug adaptor, food 'Coffee Shop' good enough, nothing special Paprika Chicken awful, try chinese restaurant, ordered 3 plates food rice dish got steadily worse, first looks like plate ears (Chicken), second looked like pile rotting cat poo (Beef) third looked like collection arteries viens (Lamb) - absolutley disgusting! The rice bad though. Stay away food, check 'Fusion' bar, staff great really freindly. I would definatley come again.",0.08996598639455784,0.5339455782312925,Nov 6 2008
18,18,"ever think it! OMG! I know kind star has, definitely shining!!! My husband I went medical convention.we arrived late evening, checked-in went straight room. voila! smelly,bedcovers dirty, yellow stained pillow cases,,creeking wavy faux wood flooring bathroom filthy! thanks heaven brought rubber slippers! can't walk inside without it! haay, next morning went convention came room late...Surprise! room smelled tobacco! angry husband told keep cool. next day, let cleaning man tidy room, husband shower reading seated behind desk. peeking see man cleaning job properly. satisfied, gave big tip closed door. husband went ahead convention left me. shower, someone rang doorbell, thought husband might forget something, ran door since observation hole, asked loud &quot; sweetheart, you?&quot;. someone spoked indian dont understand said &quot;later&quot;!! emphasis! shower, put clothes taking time putting make-up, somebody rang door again. cleaning man gave basket fruits bottle coke said thank closed door. rang door again, man wearing black suit said laundry delivered day, said thanks closed door. made up, headed door go suddenly phone rang, thought husband, picked said &quot;hello? sweetheart? helloo, hello? line listening voice sudden heard voice woman moaning indian language! lewd! placed receiver hurry frozed, wondering it? it? several seconds phone rang again, let rang 3 times, answered firm loud voice &quot; dad, you? hello,who this?!! hello,hello?!! thing happened again! banged phone, trembling,terrified. ran door asked cleaners prank caller made lewd calls. dont know understand me! gosh! supposedly five star country! it?!!! never? complained, noticed securities hotel! holy cow! we've around world never encountered thing! never go back place again! thing happened, staffs look creepily seen woman before! outside well! creeeepy!!! rating? BLACK STAR!",-0.028543148712737124,0.39871273712737126,Oct 7 2008
19,19,"Smelly This place awful. Our convention held here, so, order avoid hassle getting trustworthy driver every day, decided stay despite negative reviews. Hotel staff little creepy. Our hallway smelled bad (especially mornings). Luckily, smell remained hall come room. That's say room smell, better comparison. It impossible get internet room, needed go main lobby get work done. And since one electrical outlets lobby seemed working, make sure computer well charged coming downstairs.I see one roach hallway, (luckily again, room). Stains, course, towels/shower curtains. Our friends Kenya met unacceptable racism hotel's club. I can't possibly say enough bad things hotel. Stay somewhere else!",-0.15263071895424835,0.7222222222222223,Sep 29 2008
20,20,"In 6 weeks India worst In 6 weeks 15 cities I've India, worst worst (and I stayed once!). The staff rudest I've encountered anywhere, room dirty, location far anything, course overpriced. I highly recommend staying here.",-0.38785714285714284,0.8342857142857143,Aug 20 2008
21,21,"!!! AAAAAGGGGGGHHHHHHH !!! We never stayed filthy, crumbling, insect ridden, mold covered, noisy, smelly establishment life - wish anyone else to!! Had wished experience place, would booked B&amp;B bazaar. On second thoughts, would probably nicer place stay!!!The windows fit properly noise smell traffic. We slept top covers state bed linen would walk carpets bare feet. As bathroom - washed sink rather use shower/bath.Doors service areas/laundry left open could see smell mold growing walls. Quite nauseating - made skin itch!!One night one night much we'd arrived 10pm, energy look elsewhere!For government run hotel, absolute disgrace. The place ought knocked health hazard. Even starred left New Delhi, would stay again. We would take B&amp;B bazaar day week!!",0.02546953914141414,0.40271464646464644,Aug 3 2008
22,22,"Value Money Room rates Delhi surely overpriced dearth world-class accommodation. In scenario, Ashoka Hotel one reasonably priced 5-star accommodation available still government owned.The acommodation good service even better. Though many years old, good rooms well appointed reasonably big. Will surely use again.",0.3538461538461538,0.5213675213675214,May 2 2008
23,23,"Stay away !! I would advise stay away hotel. I found hair dryer would work, television, desk light floor light, electrical sockets. As I discovered them, necessitated visit staff - first I tipped fixed them, decided maybe racket get tips. I also suspicious fact turned beds left fresh water AFTER I gone room evening, matter late I returned - waited around tip. They stopped turning bed two days left tipless this. The shower curtains stained, armchair - found dirty slippers lots dust bed. When message light showed, I discovered message key work, first person I asked help never came back it. Eventually found another staff person managed get messages, unknown code give - instructions access messages anywhere room. The food (which tasted quite good, least indian style food) expensive - price similar meal back U.S. Service however terrible - waited 15/20 mins water brought us. The use wireless access cost $25 day. The cost per night outrageous Delhi - $250 day - best go elsewhere.",0.03710317460317462,0.5055158730158731,Mar 18 2008
24,24,"Dirty buggy ridiculously overpriced My husband I stayed conference end February. It's dump. Our room vacuumed ages, hair everywhere orange pits bathroom floor, room (and colleague's) cockroaches. We're seasoned travelers stayed dodgy places before, $250/night (the conference rate), expected least able walk barefoot shower suitcase without accumulating someone else's hair food feet. I know cleaning staff there, besides barge room deliver unnecessary unrequested items (matches, extra bottles water already three) hope getting tip. In addition, elevators shorted us couple times, electronic door-key receiver thing took three four tries unlock. The (consistently rude) staff gave key someone else's room acted like I'd done something sneaky get it, lectured husband proper insertion key card tried get replacement non-functional key. Conference meals held courtyard area thin carpeting laid mystery substrate apparently full rocks. I saw many conference-goers trip spill food. (No great loss, food sucked, dangerous same.)To top off, lobby full carpet trinket shops, already grown sick hearing &quot;madam, take glance, need buy, look,&quot; sure get fill way elevators.Try hard stay away Ashok.",-0.0662202380952381,0.6442791005291005,Mar 3 2008
25,25,"May OK one day Hayes &amp; Jarvis &quot;upgraded&quot; us Ashok Oberoi Maidens first 3 nights India tour. We read reviews hoped would bad reported, unfortunately was. Our rooms dirty, especially bathrooms looked thougth cleaned properly years. You could hardly see mirror last guest's rubbish still bins. It difficult get rid creepy room &quot;boy&quot; seemed appear apparent reason every time went rooms. My mother, particularly, rather unnerved sleeping alone dreaded walking - end quite rude him, nature all, hardly saw him, quite relief. The restaurant OK long walk along miserable corridor main part hotel. We keen buffet dinner la carte meals acceptable bad value money. The good news seem process refurbishing new parts, like &quot;Island&quot; restaurant business centre nice. I think one day restored former glory also need train staff something look tips.",-0.05934545454545453,0.5665151515151515,Feb 23 2008
26,26,"A Shoker! Delhi suffering accute room shortage. The result Ashok USD400 night ordinary room, ordinary tired property ordinary average service. The room clean, bed comfortable water hot USD400 want little bang buck.The fridge faulty. TV reception unwatchable despite three visits repairman. Mod cons like &quot;wireless&quot; internet served strength redlined least minute making transfers longer documents virtually impossible (again technicians could help). Request ice room service (no machine alternative available executive floor) accompanied high expectations tip one occassion unannounced entry I left door ajar accidently (ie knock entering).Seriously, great hotels Delhi (I like The Park) - The Ashok one",0.007656250000000017,0.5587500000000001,Feb 18 2008
27,27,"Stay clear Ashok Overrpiced - London prices poor quality rooms miserable service. The lowest point waiter lobby lounge wiped tea cups finger, later washed cups behind desk water mineral water bottle, also drinking. The waiter also poured us two cups tea, whisked teapot away finish rest tea colleague. Do stay there!",-0.2833333333333334,0.4680555555555556,Nov 20 2007
28,28,"They issued room another guest 1 hr I checked in! I shocked someone opened door midnight found issued room another guest! I think inexcusable error, kind security that?I booked Superior Room given Standard Room instead. The room qutie recently renovated. The bathroom bathtub floor wet shower. There enough space place toiletries too. The sound proofing good. I could hear TV noises rooms staff loud go around duties along corridor.The breakfast buffet ok, best bet Indian food. The masala dosa good. But dosa Sunday.The best part gym. Modern equipment individual TV screen. The staff seemed friendly towards regular clum members though.",0.22857142857142856,0.4536630036630036,Nov 15 2007
29,29,"The good bad OK, good things first: The awesome architecture presents atmosphere historical New Delhi. The reception hall sheer size impressive.The service friendly restaurants good quality. The fitness SPA area really first class: Latest equipment qualified trainers.For rooms experience different: I stayed 6th floor, room obviously renovated parquet floor relatively new furniture. The cleanliness hygiene however beyond acceptable standard would accepted even roadside motel: The bed dirty old curly hair previous guests still present linen ....eerrgg ! The toilet bearing week old traces dried detergent fluid seat spotted different brownish colors. The shower handle fell bearing upon touching clear water came several liters rusty brown water went drain. Obviously room checks made renting next guest. On following day bed clothes replaced,so hair anymore, linen black greasy spots doubtful origins. So I used towels bedsheets. To sum up: five star unacceptable overpriced. Hygiene cleanliness kill factors, I accept 1 2 star hotels, speak five star ! As I said beginning good potential facilities worth five stars. If management cope housekeeping issues certainly get better ratings. For however, last time I stayed there. For room rates get five star hotels Delhi.",0.10732071546025033,0.436691667505621,Aug 24 2007
30,30,"Lovely Hotel I'm glad I read reviews beforehand. My husband I stayed Ashok Hotel last weekend lovely time. We reservations inquired rooms, receptionist upgraded us executive floor regular rates. The room clean view pool. The bed soft comfortable, room included many amenities plasma tv. All staff accomadating friendly. The food drink restaurants great pool spa beautiful. The executive lounge nice convenient (breakfast served hall us 6th floor). We Canada I expecting stay nice place. It old hotel, adds charm. It beyond expectations. The reason I rate average price. It expensive, weekend Delhi see Taj Mahal worth it.",0.2584595959595959,0.5696581196581196,Aug 20 2007
31,31,"Krishna porter We terrible shock Ashoka Hotel! When actually arrived room found complimentary fruit basket mouldy old maybe older hotel....There fake bottles water...that supposed mineral water filled local tap water, figured stomachs night unpleasent. As plumbing, toilets flooding lets say went came straight back up! ....Now service...the porters constantly knocking door...waiting tips asking silly questions.....me sister thought accidently checked fawlty towers (then would lucky extent). One night porter followed us room, thought service dropped room came inside withouth invite shocked! He told us didnt drink alcohol yet managed swig half bottle bacardi! He kept inviting us go eat family, fool us, didnt actually realise invited foot bill tip resteraunt! The cheeek it! They also refused take credit card payments would accept cash! The thing would keep saying us &quot;ma'am! As polite sounding difficult communicate!!....We could go forever stories survived 7 nights save urselfs misery! Also Indian sister felt discriminated rules people!...Our final trip Taj Mahal...we went day trip spaces private transport staff invited come....and robbed money cheated elderly father! Be warned people hotel!",-0.06322016460905351,0.5146090534979423,Aug 2 2007
32,32,"Okay section 5 stars We stayed Hotel Ashok, 50B Chanakyapuri, part group tour making brief stop Delhi. It huge number restaurants shopping arcade fancy business center. It New Delhi south government area, neighborhoodto walk to, nearby subway. Would particularly convenient time outings, not. Our room must renovated wing (far right facethe front hotel) fine, rooms wing sound great. We find nearly bad pans Tripadvisor.com, found service fine, definitely deserve apparent 5 stars justify price(apparently $200+).",0.16159281894576008,0.5410937102113573,Jun 12 2007
33,33,"Trust reviews - honest! As government owned service bad gets. Hotel restaurants pretty poor well - I send back cooked chicken, fish got revenge night :-(Was probably great 30 years ago rooms shabby run down. Do favour stay away.",-0.08950617283950614,0.6839506172839506,Mar 10 2007
34,34,"Very disappointing Do youself favor trust negative comments hotel. It's definitely value money expected &quot;star&quot; rating. I stayed two nights first night terrible. The room muggy, sheets dirty bed even flat! The telephone looked like wiped 25 years, seriously joke. I demanded room switch (which reception took forever concede to) second night I stayed newly renovated ones (the older, crappier ones renovated soon, call ahead see done bc might take time), better, BUT sheets hair bathroom clean. Rates renovated rooms old, crappy ones same.If choice stay here, make sure get assign new rooms you. That said, prepared reception tell day arrive rooms taken give one crap ones instead.",-0.12758852952602956,0.519683177933178,Feb 24 2007
35,35,"Sadly - Just bad everyone says! I went Ashok hoping earlier reviewers fussy demanding. Sadly simply accurate. An average 3 star trying 5 star. The public areas ok rooms old, tired dated. Service patchy facilities (shops, restaurants etc) set something time warp!I able put stay conference held venue. But others paying $200 night - sheer robbery.For days relaxation I transferred Intercontinental Nehru Place - new different universe. Excellent every way price Ashok. I notice management Ashok used right reply faciliity site. That tells story. Avoid unless enjoy wasting money.",0.06485389610389614,0.5678463203463203,Feb 13 2007
36,36,"A bad Shock worst ever This worst supposedly 5* ever stayed in. The staff extremely rude, food awful rooms old grubby. I wish I read reviews paying Â£400 2 nights. It definately experience forget. I wrote letter complaint suprise suprise I've reply. I would recommend one even consider hotel, better staying somewhere 2*We stayed get best last 2 days India regretted every minute. It totally left sour taste mouth, glad get back UK.",-0.13733333333333328,0.4888888888888889,Feb 1 2007
37,37,"Not quite disturbing others say ...but again, definitely good either. I found basic, ok. Then again, think much pay there, quite rip-off. In Europe, I would say, ok pay 80 EUR night room. Sure, everything bit old parts run others, furniture often made wood uses carpets modern hotels go practical furbishing. However, staff quite friendly, room service quick, nice outside pool spa. Also adjunct restaurants seemed alright. But like I said, everything 'alright', good enough ca. 250 EUR night. I would probably go work sent there, I would definitely recommend honeymoon location. It would fairly disappointing.",0.09577294685990337,0.4892512077294686,Dec 18 2006
38,38,"Never Stay - Read This see pictures know Hotel Rooms stinky. It worst I ever stayed in. I paid 180 $ (INR 8000) 1 Night.Hotel reception ok Rooms dead.I needed near US embassy I unluckily chose one. Embassy walking distance. Room disgusting I cant mention ... I dont words ... If I write something I sure tripadvisor.com would bann .. I took pictures room. Which speak ... It's like comments ... Just check urself. Room BathRoom - Oh God like 10000 people used public toilet. Dirty like anything, Have pictures well.Regarding Breakfast - It starts 7 AM, I hungry 6 AM I landed breakfast area 7:15 AM, nothing ready serving table. I ate toasts etc 7:30 AM , time I done 7:55 AM, I saw started putting lot new tasty stuff too. So dont go 8 AM incase want enjoy everything.Never ever stay hotel.",-0.05553613053613054,0.5219308469308469,Dec 1 2006
39,39,"Terrible! Terrible! Terrible! This definitely place stay even gun pointed head. I privilege booking choice itâs peak season I check website ahead trip here. The reviews warning enough candid travelers pictures posted PICTURES DO NOT LIE. This classifies 5 star DELUXE probably was, 50 years ago. The exterior looks charming architecture, colonial Indian time. However, inside different story.Firstly, upon arrival 10p.m., porter service quite strange 5 star deluxe. Whilst lobby clean looks dated. The LCD TV lobby showed nice standard rooms TOWER block. I guess tower block newly refurbished recently cleaned fumigated rooms, appears FAR CRY rooms assigned us (there 3 us 3 rooms similar dismal condition really defeated need ask change room). The key room weight least one pound solid metal HUGE (the red paint key discolored parts tells old are!). Enough knock anyone threw her. You need put key key-hole (turn clockwise) time turn doorknob anti-clockwise door opens. The carpets (in corridor well room) look never changed 5 decades since built. So old thined, see beneath carpets dust accumulates there. Where carpets completely worn out, patch new carpet fitted top. There stains everywhere. Even bed sheets. The pillows hard probably compacted years use!Everything bathroom metal rusted. Cannot tell metal room since lighting room best suited nocturnal animals. The toilet seat wrapper around says `Disinfected safetyâ I believe them! Just wondering disinfect rest room. The flush toilet unique knob protrudes wall. After turning round twisting it, actually need use strength push flushes rust quite advance. Underneath dresser phone books say 2006 look like 100-year old manuscripts. The furniture I donât even want describe.If still second thoughts changing accommodation, prepared live-in guests come FREE rooms since one night costs USD200+. Cockroaches. These creatures everywhere (and 3 rooms had). They cupboards, water bottles supplied, toilet towels (so bring own!). I see bed I would discount it. I donât want know I anything else sharing bed (shudder). One night Ashok indeed experience never repeated again. We checked next day! Luckily us, managed get room another hotel. My advice: Trust reviews!",0.09298082869511444,0.5047773654916511,Nov 20 2006
40,40,"Noisy My husband &amp; I booked Ashok many days company another Delhi fell through. After changing rooms (the first twin beds &amp; damp carpet reeking insecticides) wound probably one best rooms hotel. Newly renovated, laminate wood floors, brand-new bedding, generally bright &amp; cheery. HOWEVER, majority husband's colleagues lucky. Their rooms generally grubby threadbare. Several reported cockroaches rooms, one bed-bugs, several rooms dirty housekeeping scrub twice (and generally picky people). The also ridiculously noisy. NONE us slept well series megaphones taxi stand outside go ALL NIGHT LONG broadcasting traffic instructions call-ups cabs. It like trying sleep auction house air-traffic controller's room. Sounds honking outside, airconditioning vents, pounding nightclub downstairs compounded problem. What's more, stink: must exterminator's chemicals. The stench bad switched rooms, husband sleep smell kept awake, end stay, clothes saturated it. Another travesty service. Except Coffee Shop staff smattering housekeepers, service ranged indifferent rude. When I went travel desk arrange half-day sightseeing tour, man ignored five minutes chatted phone, told dismissively, &quot;I'm busy man right now. I cars available. Come back time.&quot; When several husband's colleagues checked out, reception staff tried charge higher rate contracted. It simply outrageous. The Ashok great restaurants, excellent spa, bags potential. But government got stop pretending five-star hotel. Probably, get business together. In hands private interest SERIOUS renovations overhauling Ashok could live delusions grandeur currently pictured website. But right now, out-of-the-way, run-down, noisy, unappealing, overpriced wreck place.",0.09704925704925703,0.5193506493506493,Nov 20 2006
41,41,"A shock The Ashok As frequent traveller Dehli, without doubt preferred The Imperial, or, end spectrum, The Park. However, given lack rooms city I forced stay The Ashok last business trip. A SHOCK certainly sums up! The government run could splendid example traditional Indian grandeur, website claims. Sadly, not. I checked late around 11pm greeted surly receptionists seemed interested getting imprint credit card (for Rs.10,000 - cheap) anything else. I shown room bellboy insistent carrying one small bag, despite resistence, actually tried grabbing me. When I get room, I mortified. Shabby implies chic nowadays, shabby. Dirty fingerprinted TV, light switches, toilet seat; tarnished mirrors; dirty cutlery laying around; piece de resistance - dark hairs pilled pillows sheets twin beds. It took three phone calls visit housekeeping convince I want room, I want wait sheets changing, I wanted move. The second room seemed promising, fruit basket (and clean knife) closer inspection, beds hairy unappealling. I slept pashmina pillow terrible night's sleep, especially midnight housekeeping called see room okay; advising no, I cut losses, seem know handle saying general manager would make morning. Didn't hang around see may involve, suffice say, choice, stay here. What potential wonderfully equipped five-star spacious rooms warren shops restaurants turned disappointingly dirty stay Delhi.",0.02529761904761905,0.5629092261904761,Oct 31 2006
42,42,"stay delhi accomodation terrible. This got worst ever. The rooms old run down. There stink hallway staff generally helpful. The good things staff restaurant breakfast buffet. If staying india, spend bit money stay somewhere else. It cost us $220 night complete rip off. We really looking forward getting there. The sheets dirty asked change it. Noticed next day sheets changed towards end bed. They change sheets everyday. The electricity cords dodgy too. It gross place stay would avoid it...maybe back 60's good now..sorry stay truth..yuk!",-0.03415032679738562,0.44787581699346407,Oct 29 2006
43,43,"Overpriced poor service grimy rooms! Lesson learned: Never stay government-run hotel. The Ashok tired, grimy, grubby hotel. The rooms dirty dated, service surly unatentive. I beleive given 5-star rating....until I found government-run/owned....The Taj hotels (Taj Mahal Taj Palace) FAR pleasant around price.",-0.023809523809523805,0.6702380952380952,Sep 24 2006
44,44,"I wish I checked reviews I can't believe bad gotten. I originally early 80s one best hotels Delhi. With exception cable TV, I think rooms updated since then. The beds uncomfortable, hot water almost non existent, paint peeling , internet service one worst I India top food awful best expensive. The sad thing I originally excited able stay many years. Between lousy food, crappy rooms creepy guys (security &amp; maids) hallways - one avoid.",-0.012499999999999992,0.6939814814814815,Sep 24 2006
45,45,"3* pretend 5* We surprised arriving 5* hotel, found grey towels bed linen. All signs government ownership - much staff, equipment order, etc. I expect price get much better deal.",0.1875,0.425,Jun 5 2006
46,46,Shocking time Ashok I staying Ashok 11th 16th May 2006 business reasons. During stay I found rooms unclean unsafe! whilst moving hairdryer I received electric shock. I reported duty manager asked speak general manager. I informed general manager meeting unable see me! I would recommend anyone.,-0.38125,0.625,May 19 2006
47,47,"Hotel avoid The room large, furniture grubby tatty. The bathroom smelled, bath drain, bidet work, W.C. splashed trousers flushed. The mini bar empty. The balcony dirty, paint peeling wood work balcony furniture. The windows cracked, putty coming away dangerous open.The staff rude, dismissive unhelpful. I pushed one member staff. The dining room small food par. There bar available residents (closed functions). One could obtain drink without going restaurant.All 315$US per night B/B!!",-0.18845982142857143,0.557142857142857,Apr 16 2006
48,48,"Expensive Worth It Location: In Between Airport, Sites Central CityService: Above Average Price: High location, worth ratingRoom: Within rating",0.015714285714285715,0.31285714285714283,Mar 28 2006
49,49,"Not five star Hotel Ashok big diplomatic district new delhi (that close tourist destination !). many restaurants shops lobby Ok, But Ashok nothing near five star. I would rather call something one two star hotel. &quot;Cleanliness&quot; definition : bed sheet dirty stained. minibar refrigirator work empty. The toilette mirror rusty. I really dare touch anything seemd cleaned past 20 years.Although I admit two parts part seemed Ok.I stayed Feb. 2006 3 nights I would back ever again.",0.0359504132231405,0.3708677685950414,Mar 4 2006
50,50,Very disappointed rooms service We stayed Ashok one night February Tour Company (Compass Tours) told us Park available due President Bush's visit India. We sent dirty rooms seemed like cleaned weeks. We spent afternoon trying get cleaner rooms rather sight seeing. We finally got rooms little cleaner ones first saw ended staying there. We paid rate Park Hotel (we stayed Park earlier tour)where rooms 100% better Ashok. The management neither friendly helpful. Try avoid staying cost.,-0.08854166666666667,0.5090277777777777,Feb 25 2006
51,51,"Pleasantly surprising stay bad expected We stayed Ashok Feb 06 3 nights 2 adults, 2 teenangers toddler. We stayed suite Floor 5, well sized 2 single beds put spacious living room. It seemed 2 types rooms, standard superior, superior ones accessed marble lined floors, standard carpet. On floor attendant 24/7 attentive. The room good (uk 4 star std) bathroom good adequate. The overall quite dated Delhi probably quite modern. There lot staff around, found helpful particularly toddler. The restaurants ok, I would recommend eating out. One night ate hotels Frontier restaurant, food northern indian fare, good western pricing, later week ate quality 1/4 price. There health club actually owned hotel, good facilities want use gym only, make use basic outdoor changing rooms opposed clubs impressive facilities. Overall enjoyed stay must try get superior room/suite, worth paying bit more.",0.29901785714285717,0.4393005952380951,Feb 20 2006
52,52,Soviet-Era Luxury Indian Style What dump. Stay hotels Oberoi similar price range deliver first-class amenities services fronts.,0.0,0.45,Jan 17 2006
53,53,"Business travelers Stay Away General: There big gap terrible okay problems. This property falls somewhere middle closer bad. Front desk: To small unorganized handle three guests time. Took 25 minutes reservation check even I got interact miserable woman working behind counter. Interior: Carpeting hallways threadbare dirty.Room: International plug work, internet cable purported, remote non functional. So working relaxing complicated be. The scale big full almost depressing eating 300 person restaurant hour business guest two house. Restaurants: Lots options lots range quality. Korean rest good, Chinese good, breakfast place could handle volume even small event property. The new bar Steel best option place freshly done good staff tried great relaxed scene. It real I dislike stay. Conclusion: I travel world part 10 day trip India I much better results hotels India cultural differences. Everything seemed old tired interactions staff harder complicated needed be. If anything sleep business guest frustration took end day. It exercise patience day.",0.03903409090909092,0.509280303030303,Jan 13 2006
54,54,"like al india needs clean receptionists personel asked wife long going stay like afraid dont enough money pay despite fact coming go 1 1/2 months rest personel ok. .the restaurants good service except chinese restaurant warm food 2nd time serve it. Surely needs good clean up, change mattresses, change carpets, painting repairs wc....and one thing....the people parking area stop shouting loudspeakers middle night......all night long...i changed 6 rooms situation less same. surrounding area peaceful clean wish",0.21587301587301594,0.430026455026455,Jan 7 2006
55,55,"Prisoners West enjoy better facilities Well, maybe not, lack experience comment prison facilities. But wait 52 minutes lobby (along wife, son cranky 8 month old daughter four suitcases) could get someone show room. And ony got winner &quot;shouting&quot; match staff. The corridors dark I came across dubious looking people one day stay there. The bathroom 1940's vintage toiletry cheap. Room service took forever. The thing rankled could care less attitude staff. They grumpy looking mean behaved like really want want either. I really felt like kicking backsides. The saving grace performance musicians restaurant. Needless, say left next day another hotel.",0.10567708333333334,0.4352604166666667,Dec 3 2005
56,56,Majestic property....truly,0.0,0.0,Nov 3 2005
57,57,Happening Disc,0.0,0.0,Jul 4 2005
58,58,best region,1.0,0.3,Jul 4 2005
59,59,I visited Palacial first time liked lot.,0.425,0.5666666666666667,Jul 1 2005
60,60,would return,0.0,0.0,Mar 13 2005
61,61,A shock - Ashok,0.0,0.0,Mar 12 2005
62,62,Avoid costs,0.0,0.0,Feb 8 2005
63,63,The worst I ever to!,-1.0,1.0,Feb 6 2005
64,64,Ashok Hotel - A shocking Hotel!,-1.0,1.0,Feb 3 2005
