,Unnamed: 0,Reviews,polarity,subject,Dates_extracted
0,0,"Cheap mentality management - Tivoli Garden This bull (----) resort, spa work, swimming pool bad shape, offer membership cost certain facilities like 50% discount food go say withdrawn. One worst ever experince life. They charge membership fee go back words. Bloody cheap mentality management. These kind people grow life, cheat people.",-0.09841269841269842,0.6181216931216932,Jul 12 2009
1,1,"room's decent..service non-existent It's fairly large property main reason stay event there. The room's pretty decent size, bathroom fairly spacious shower cube bathtub bathroom fittings pretty bad. Hot water always available especially odd hours. Air-conditioning works colleague another room lucky. Room service ordinary. My cable didnt work get technician that. The 'technical' problem key card access. The good part closet space good, bed comfortable, plug points bedside easy charge ur phone thru night yet next u. Restaurant isnt great, b'fast ordinary like said..the service..forgettable.",0.19265010351966874,0.6081262939958593,May 11 2009
2,2,"Great like cold showers.... First impressions (of room) good, hour notice shine gone. Couldn't guarantee hot water, sunken batch bedroom literally waste space. People kept knocking door early morning making lie impossible (didn't &quot;do disturb sign&quot;.OK business trip perhaps, found way priced (even discounted price venue wedding attending.Ho-hum.",0.07037037037037037,0.550925925925926,Mar 21 2009
3,3,"Good clean great staff perhaps could bit revamp We stayed two nights part Golden Triangle tour around India. Was impressed security foyer outside areas really nice. Service great throughout stay. The rooms grand (we bath bedroom), although rather thin sliding door opened bathroom main bedroom (therefore little privacy!). The incredibly clean restaurant served good food (although UK restaurant prices). The rooms spacious comfortable maybe little dated, I prefer modern 4 star hotels get UK, like traditional uk perhaps could updating - still grand. There wedding whilst reading reviews appeared problem many, however disturbed fact really enjoyed watching gave us additional insight Indian culture.",0.3609635416666667,0.6349305555555554,Mar 16 2009
4,4,Terrible worst service staff We wedding Grand Ball Room Tivoli December. The hall unclean stage dirty carpet broken couch. Please avoid place costs - need info contact email address - TivoliGardenDelhi@gmail.comThe Accountant Sudipto &amp; Caretaker Kataria dont know job. The whole property poorly managed toilets blocked water. The access congested may take 30 minutes cover couple miles.,-0.29750000000000004,0.7375,Jan 14 2009
5,5,"Not quite value money We returned couple nights theTivoli. The new service reasonable. We stayed two rooms family 6 4 small kids. The restaurant serves reasonably good food buffet breakfast included.The pool lovely small. The pool attendant staff good kids generally quite helpful.We paid Â£130 per night .There double beds large sofa bed family 4 easily accomodated room. The details rooms disappointing price. The showers work properly, neither a/c airport pickup show up.Overall I would say quite worth money airport access poor due local congestion.Alwyn. Leicester UK",0.100499037999038,0.4356361231361231,Mar 29 2008
6,6,"Awful; avoid costs Where start? The rooms clean, bedding rough uncomfortable, pool filthy, food mediocre-to-poor, front desk staff rude, awkward location. And seems cater wedding crowd, music running feet corridors goes till early hours. What makes worse even cheap. With tax I paid 7,800 rupees (around $200) one night I stayed here, include breakfast transportation, even bottle mineral water room (only two opened bottles filtered tap water fridge). Unless guest wedding there, avoid like plague.",-0.24907407407407403,0.7157407407407407,Oct 26 2007
7,7,"Mediocre Hotel resort GOOD POINTS:Beautiful lobby, nice looking &amp; clean room, nice poolBAD POINTS:Often noisy there's wedding outdoor event. May difficult need sleep.Breakfast selection spare.Unfortunately, foreigners expect get third degree checkin. Supposedly, 50 questions due FRO office security requirements. They're job friendly.Hotel location considered outskirts Delhi, tour guides want charge extra distance.",0.10166666666666666,0.615,Sep 25 2007
8,8,"I liked I liked hotel. Hotel beautiful clean rooms big enough.Hotel staff nice polite.Food clean delicious. The arranges parties (fore example weddings, birthday parties business meetings). So itÂ´s peaceful weekends, wanna see beautiful Indian gowns see Indian people celebrate, doesnÂ´t bother you.The typical tourist hotel. There anything children mostly visitors spend couple days. The suitable adult tourists, searching quiet peaceful time, want get know Delhi.The distance Counnaught Place Old Delhi quite big lots traffic. So might take 45 minutes get places.I tourist Finland enjoyed time hotel!",0.39298245614035077,0.6043859649122808,Mar 7 2007
9,9,"Avoid costs First impressions good,the 40 minutes drive airport long way centre Delhi.If used India beware poor area dusty smelly crowded main road..We stayed 10 days problems started moment walked door.I asked sign credit card slip 45,000 rupe(over Â£500)despite fact I already paid credit card hotels booking agency month before.Trying explain reception staff spoke poor English proved difficult despite fact I seen debit credit card I left India refused believe I already paid.We went meal restaurant sorted I served wrong meal told chicken skewer would time all.They kept word problem chicken raw inside inedible.We returned reception although nothing resolved booking agency shown room small compared previous rooms stayed visits India.The toilet also connected bedroom louvre window hygienic offers little privacy.The window open felt claustrophobic.Being jet lagged decided early night woken nine thirty sounded like loudspeaker full volume bedroom.A wedding party started continued gone 2 o'clock morning.The guests continued milling around hallway talking loudly well gone 3 O'clock.The cleaning staff start work around 4 O'clock morning make effort quiet.We recieved call reception 8 O'clock asking us going breakfast.We staggered bleary eyed restaurant 2 fruit juices,a coffee two slices toast.As left chased waiter told us needed sign breakfast.I aked breakfast included price.he said I mistaken presented bill 750 rupees Â£8The booking agent informed us breakfast included price went reception refused acknowledge despite fact I showed booking confirmation clearly stating breakfast included.We wasted good hour reception trying sort breakfast refused budge.Normally India would problem,breakfast two Â£1 most,but get breakfast locally pesented major problem especially Â£8 time.We told day entitled breakfast last day (which first October paid Â£100 night).As leave 3 get airport much help.We felt like 2nd class citizens stay hotel.and felt like believed rich westerners trying fiddle them.The sheets changed every day complained reception one occassion blood stained.We never recieved free cookies water either.I suffered bad case Delhi belly towards end holiday.We returned midnight trip taj 18 hours road wanted shower go bed.I turned shower nothing happened.I phoned reception informed main water pump broken would fixed within next twenty minutes.An hour later still water,two hours later still fixed.When suffering really bad case gastro believe last thing need water.Not one toilets would flush.There wedding parties seven 10 nights getting good night's sleep impossible.The puts commercial customers first I mentiond earlier made feel like 2nd class citizens moment first walked door.We finally resolved problem credit card payment transpired overcharged Â£40 ended giving back money.I've stayed 2 star hotels service beter unless last resort dont stay hotel, especially expensive Indian standards Â£100 night.",-0.047201363451363436,0.42031542531542526,Oct 24 2006
10,10,"Take note - seems We returned holiday India included two stays hotel, beginning end trip.The set beautiful grounds, large rooms BUT really tourist hotel. Its main business catering large scale functions especially Weddings know many 7 Weddings going one time! This problem mean often areas limits residents. Of 5 nights spent &quot;Pub&quot; used private functions 4 them. The restaurant closed one occasion( Pub open)! The food good, staff lovely (with couple exceptions) but......Our contract Hotel included Breakfast end first stay charged Breakfast despite reasonable attempts sort one management adamant pay! His attitude pleasant return 11 days later neither apologised made reference matter despite dealt agency booked through. The room details also included cookies, along tea coffee never materialised. Additionally bottled water bought - supplied water bottles sealed sure water came from. This major expense every provided least sealed bottled water. Another point clear booked minimum 45 minutes centre Delhi taxi way centre.So going India thinking staying bear mind - nice place want tourist hotel?",0.13683099308099309,0.5528563514674625,Aug 10 2006
11,11,"We loved We nearly put reading previous review hotel. However, found clean, well maintained. We loved pool clean. The staff helpful enjoyed resturant. The chef even cooked special curry menu. There functions taking place every day night us added India experience wedding engagment parties. Although many people milling disturbed night point. It slightly City Centre Taxi costs us approx Â£15 hire 8 hours want sight see great way so.We would recommend hotel, price excellent, middle road often difficult find Dehli.",0.3255102040816326,0.5896258503401361,Mar 20 2006
12,12,"Great back twice We stayed Tivoli Garden Resort 1 week end December 2005. This 2nd trip love it. It boutique hotel/resort. This resort primarily banqueting place many weddings, functions, conferences held. They 40 rooms - small-ish terms # rooms. The rooms we've stayed beautifully apointed done up.The food restaurant, Marbella great. All kinds Asian, American,Italian Continental cuisine served quality good too. There nice nighclub resort called Trafalgar Square. There nice, beautifully manicured lawns. Very personalised service. The best part feel Delhi (i.e away pollution etc) yet centrally located close happenning/hip shopping places. Overall, stays good definitely plan return",0.47850000000000004,0.5165,Feb 6 2006
13,13,"Terrible time Tivoli Garden Resort I would avoid &quot;resort&quot; costs. We stayed week, based fact advertised 5 star resort expected high level service. Things bad many reasons I bullet point order keep short:- This banquet hall hotel... 4 separate function rooms seem constantly booked, noise unbearable. Indian parties tend start around 9 pm, plan sleeping 2 am. And better ready 5 clean starts. Granted, depends room located, unacceptable ANY room.- The front desk staff trouble understanding basic questions English. - The pool, located next one banquet areas, layer greasy film top (from food service) cocktail sticks bottom. Additionally, looks pool bar never used. And excited pool bar.- The room construction shoddy. We could hear people next door us pushing chairs back/forth hardwood floors. Also, showers drain properly constantly soaked entire bathroom floor.This place simply awful. I would absolutely recommend place anyone.",-0.01243055555555555,0.45722222222222225,Nov 29 2005
14,14,MÃ©diocre hÃ´tel et rapport qualitÃ© prix,0.0,0.0,Aug 24 2008
15,15,foire du trone,0.0,0.0,Jul 9 2008
