,Unnamed: 0,Reviews,polarity,subject,Dates_extracted
0,0,"FEEL JUST LIKE HOME amarya garden,located posh area best u relax like home.it beautiful interiors,absolutely clean furnished rooms provides basic facilities like internet access,laundry,television,centrally air conditioned.it provides 24 hour room service facilities like doctor call,travel desk,conference,electronic safe lockers airport pick drop,taxi service,well mannered staff-best ever met,always looking forward welcome guests qualityservice.its offers comfortable accomodation reasonable price",0.4378787878787879,0.6295454545454545,Nov 16 2009
1,1,"amarya garden nice nice response querygreat food amarya garden nice good staff, nice response query,taste food really good.you must stay hotel........just go see..............",0.55,0.7999999999999999,Nov 16 2009
2,2,"Can't say enough good things place. After traveling throughout India three months, I say one favorite places entire trip. I think Amaraya Garden really colored experience Delhi, big reason I enjoyed city much.The location great, Defense Colony lovely neighborhood. The rooms beautiful staff best encountered entire trip. Breakfast included tell order anything want. And mean it. Most importantly, obvious owners want walk away best experience possible. That supposed motto hotel, people actually follow action. Amaraya Garden owned two Frenchmen, one country there. The owner, Alex, fantastic host. We stayed four nights, I would happy staying indefinitely. I think reason loved much able make incredibly refined B&amp;B felt like home living months. I can't explain better that. If staying Delhi, first place try stay. It's great value greatly enhance time Delhi.",0.40208333333333335,0.5823611111111112,Aug 17 2009
3,3,"FABULOUS If like us like kind hotels feel like home, expecting welcoming friendly personnalized service, place go Delhi. We stayed 2 nights nice trip around India right flying back Europe, possible stay longer would signed immediately. The rooms lovely, well decorated EXTREMELY clean (which great point India!). The tiny might one reason staff taking good care you. Baptiste, one manager, absolutely lovely us made us feel like home. Anything asking, could find us, recommended us wonderfull restaurant, give us perfect spot try yoga, dance show proposed us extraordinary great. Even hot outside, garden perfect place relax enjoy book cocktail. We wish could go back next time visit India. If looking room Delhi, even think twice go !!",0.4080745341614907,0.6341614906832298,Aug 11 2009
4,4,"A real treasure - wonderful introduction Delhi While partner travelled India many time business, first time. The Amarya Gardens wonderful way ease India - spacious room, beautifully decorated, clean incredible service. Staff friendly owner gave us great advice approach Delhi days (Go Karim's restaurant - I still dream food there). Breakfast fabulous, fresh delicious. The building unique garden welcome respite sightseeing. We loved - would definitely go back.",0.5627314814814814,0.732962962962963,Jul 5 2009
5,5,"An oasis calm. Excellent food, lovely ambience, quiet &amp; restful. Its like home away home. Nice location Defence Colony market within walking distance. Rooms clean so's bathroom. Excellent service, friendly staff - oasis calm city like Delhi. We liked use hand crafted soaps toiletries well clean linen. Much better many places Delhi charge less. Will definitely stay again. Only downside locks doors need changed.",0.40965686274509805,0.6888235294117647,Jun 27 2009
6,6,"Charming Boutique Hotel great ambience beautiful garden centrally located! We memorable stay would love return again! We stayed &quot;Golden Room&quot; - grand spacious, beautifully decorated clean indeed! The bathroom spacious clean too. The Dining Room lounge lovely ambiance tastefully decorated, I loved chandelier Dining Area. We served lovely breakfast garden, greeted one French owners, charming caring. The entire staff attentive polite always attended needs. I would definitely recommend charming, beautiful boutique everybody - experience it!",0.5246428571428571,0.7783333333333333,May 22 2009
7,7,Perfect every way!! My daughter gap year Southern India decided meet Delhi spend days together. We chose based reviews Trip Advisor disappointed. Tthe run French couple textile business. This almost new venture responding needs others textile industry come Delhi frequently. Its normal I would best describe staying home concerned parents. It even looks like family home feel. When daughter came Goa picked airport provided driver get around day fed three days showed up. The driver plus car cost Â£12 - Â£15 per day reasonable. All staff attentive breakfasts excellent. The gated enclosure couple square miles gates bar one close night. That tricky later eat outside community. Fortunately shops restaurants inside good varied need venture.outside.,0.3191978609625669,0.46997326203208556,May 14 2009
8,8,"Exceptionally well run staffed comfortable botique This review authored 66 year old Professor major research university USA stayed countless hotels, large small, around world. From arrangements driver initially meet subsequently return airport, managers staff Amarya Garden worked tirelessly ensure stay comfortable every need given personal attention. Alex Matheu excellent managers truly care guests every need. Athaliya, Pasha, Charles members staff act also owners attend every need smile &quot;can do&quot; attitude. The rooms beds large, comfortable quiet. The garden area contains many beautiful plantings serves lovely place meals. The chefs well trained prepare exceptional meal around almost theme: Indian, vegetarian, Continental, etc. The arrangements excellent taxi service staffed drivers know Deli well attentive customers needs. As such, I personally award maximum number stars exceptionally comfortable five day stay bustling capital city.",0.300746336996337,0.5755952380952382,Mar 22 2009
9,9,"This one New Delhi This lovely place. Friendly, clean, great food, comfortable rooms beds, safe convenient little enclave New Delhi. Thank TA members reviewed it. We met Alex one owners great. He employs lovely staff, Delphine, Gregoire Jaspreet (who dealt booking prompt sweet way) deserve special mention.The safe area, guy guard night outside case. Its lovely quiet trees garden yet Delhi right gate turn left right walk bit, lots shops restaurants within easy reach. Its far airport.We used base month away returning middle end, 6 nights all. They kept luggage us didnt need various parts trip. Our room perfect time returned lovely flowers, clean beds, lots lovely soaps, (see previous review), towels, bath robes, fact everything would expect 5* definitly 5* price.Can miss mention cooks chefs. They offer 24 hour restaurant/room service really mean it. You get kind food fancy time. Just ask, Indian, fabulous, French, delicious, Mexican literally anything. They got chefs great places including US Embassy I believe. We best food trip Amarya Garden.Thank Alex staff hope back one day soon.",0.3025218967079432,0.5667258129467433,Mar 5 2009
10,10,Excellent response reservation query I sent email query received prompt pleasant answer. They efficiently followed remind still holding room me. Unfortunately trip plans changed I can't stay Amarya Garden. But I impressed professionalism I certainly stay future.,0.407936507936508,0.7771825396825397,Feb 19 2009
11,11,"Amazing Amarya!! I simply cannot praise Amarya Garden staff enough! We stayed 4 nights Christmas fantastic experience, especially first time Delhi.The room lovely, breakfast room, lounge, garden beautifully decorated kept. The staff really nice helpful, especially Delphine, well, I think I ever praised place much!It cheap India, treat summed total value money.I highly resommend Amarya Garden",0.26903846153846156,0.7484981684981684,Jan 11 2009
12,12,"Absolutely brilliant best antidote busy day Delhi We booked directly stayed December either side friend's wedding Gujurat. I hesitate recommend anyone, lovely. We bowled belpful everyone was, even though 4 rooms everything could need. We ate several times pleased food, chef around time pretty much decide would like when, instead fixed menu.It's far centre town - 20 minutes moto-rickshaw. I say Delhi quite hard work, opinion, I would say somewhere restful go back end day well worth money.We stayed Gold Room, really lovely. The room enormous comfortable bed (!!!), occasional furniture nice bathroom. Really nice decor, like quirky friend's house.Just indication thoughtfulness staff, husband's birthday one days stayed gave lovely bouquet flowers! In short, I going back Delhi I think twice staying again. In fact, I wish would open places too!",0.25744047619047616,0.5639880952380952,Jan 5 2009
13,13,"oasis Dehi; wonderful find If particularly generic five star hotels, stay Amarya Garden Haveli time Delhi. I Delhi many times stayed variety hotels. Amarya Garden far best - location great (Defence Colony South Delhi), rooms beautifully decorated funky individual way service excellent. Both Garden Haveli (in Hauz Khas) guest houses hotels part charm me. Neither many rooms operate 24 hour kitchen, laundry arrange transport services. They wifi internet one night decided stay prepared us lovely dinner. Breakfast also served norm Garden eat garden. If budget stretches I would chose Garden also stayed Haveli lovely. I definitely stay recommend friends.",0.47777777777777775,0.6188888888888889,Nov 9 2008
14,14,"Funky wonderful! What delightful place Amarya Garden is! I experienced nicer place stay India's metropolitan centres. Staying Amarya Garden like staying house friend good taste, comfort service good hotel. With four rooms, place cozy, guests get full run funky sitting dining rooms. The service wonderful, 24-hour room service, including reasonably priced wine beer. Delphine, manager, staff incredibly kind friendly throughout short stay.Our room, Green Room, nicely appointed - scented candles, comfy pillows, little balcony shaded large tree, modern bathroom rainhead shower. The breakfasts wonderful, including French-style crepes perhaps best cup coffee 2 months Delhi.There lots small touches - free wireless internet; arrange car driver, charge directly room bill worry negotiating driver; even mobile phone hire decent rate. The location great - 5 minutes' walk Defence Colony market, plethora good restaurants, bars, shops. There question I stay next visit Delhi!",0.36753527336860675,0.6118606701940037,Sep 3 2008
15,15,"Amazing If one thing Delhi, stay Amarya Garden! place amazing probably best place stayed. Its little boutique place - 4 bedrooms (so book ahead!). We gold room stunning service exceptional. Breakfast amazing dinner nothing much trouble. The located quiet residential area v quiet (which heaven India 2 months). It last stay India 2 months I'm glad I stayed - wish could longer!",0.30029761904761904,0.6738095238095239,Jan 27 2008
16,16,"Tranquillity amongst chaos What I say place...........pretty special one goes must recommending others. The room, people, service, simply impeccable. My partner I stayed three weeks touring around India really represent best way sign great three weeks. Unlike big five star hotels provide exorbitant fees much else, Amarya Garden's represent value money thing.A big thank manager Aparna Sethi attentive staff done anymore make us feel welcome. The homely atmosphere even welcome partner developed bout Delhi Belly Gandhi's revenge time. Their caring attitude real plus Anna always grateful. I could go on, I think get message. You stay lot cheaper places lot more. This best worlds. I hope anyone staying recommendation likes place much ourselves. Enjoy.",0.36912320483749056,0.4373960695389267,Dec 27 2007
17,17,"Haven If heard Amarya Garden (or sister Amarya Haveli apparently wonderful) probably already know exceptional is. It's away main tourist areas lucky find hideaway like anywhere centre. My room cocoon mayhem Delhi, combining European taste Indian history. The staff made feel incredibly welcome - like guest home. In fact like home hotel. It residential area means come go hassle-free take autorickshaw taxi wherever need go. Worth every penny (and cost quite few!) still cheaper ropey hotels offer Delhi.",0.3907407407407407,0.5296296296296297,Nov 5 2007
18,18,Un petit coin de paradis,0.0,0.0,Aug 9 2009
19,19,HÃ´tel Ã recommander,0.0,0.0,Jan 28 2009
