,Unnamed: 0,Reviews,polarity,subject,Dates_extracted
0,0,"Bad Area Not great location &amp; hotel, hyped room without window noisy street.",0.0500000000000001,0.7083333333333333,Oct 31 2009
1,1,"Good great location small rooms We stayed Florence inn 2 nights. One USP is, situated bang Karol Baug busy shopping street. The room 'Deluxe room' according front desk 'Standard room' hotel. On getting inside room struck smallest room, I ever visited. It square room bed middle 1 person could walk time room. Also room windows, I felt rather strange. The food restaurant good restaurant staff polite manners.",0.2555,0.491,Oct 9 2009
2,2,"Exceeded expectations We booked stay reading reviews tripadvisor.com.The Hotel wonderful website enabled us book online online booking system got cheaper rates, wanted make sure get confirmed reservation avoid last minute surprises. Communicated email regarding Airport pickup arrival emails replied best part I got Hotel booking confirmation within 05 minutes booking online system. Driver met airport promised.This first trip India. We rather apprehensive staying non 5 hotel, 10 min outside centre Delhi. However took risk glad so. Florence Inn great, excellent value money. The rooms clean, beds comfortable, service courteous friendly. The food lobby level restaurant superb fact rates amongst best meals whole trip. Florence Inn close Metro safe easy use. We bit local shopping.Staff super friendly, spoke good English, room/bathroom spacious clean. Wi Fi internet available floor. Over FLORENCE INN great experience I would definitely recommend hotel, families well single travelers couples.",0.46029556650246306,0.584592227695676,Sep 27 2009
3,3,"Highly Recommended !!! Quiet location middle everything Delhi. Great staff excellent management .We group 23 people different parts world, came attend workshop Delhi. We quite lucky find Florence Inn. Full credit goes ground staff dehradun Mr. Jaydeep GM property making event memorable one. Service, meals, cleanliness, quality rooms impressive. The Conference rooms spacious well suited get together conference.It professionally managed hotel, staff friendly helpful. Restaurant open round clock, buffet breakfast good safe. The close basic necessities metro rail station, great boon getting around Delhi.",0.37296296296296294,0.5700925925925926,Sep 25 2009
4,4,"Satisfactory place I recently styaed Florence Inn total 4 nights. On whole I serious complaints concerns place. By mistake i'd booked Florence Hotel rather Florence Inn. Judging reviews sight Florence Hotel appear many favourable reviews Florence Inn. However emails quickly changed reservation expense fuss.The conveniently located side street metro stop couple minutes walk away. There couple decent restaurants main drag (Punjab Corner Suruchi serves 3 types regional thalis - Gujurati, Punjabi Rajasthani). It felt safe around areas.We upgraded Premium Room extra cost apparent reason room adequate terms size cleanliness. The buffet breakfast choice either spicy Indian bland western fare nothing write home served purpose.My gripe place extorinate prices charge taxi service. For example taxi ride station charged us 250rs. The journey back station used pre paid taxi cost us 50rs. Luckily used pre paid service airport came 350rs opposed 900rs charging.Overall though experience pleasant enough would probably recommend place. Rooms clean decent size atmosphere somewhat sterile.",0.12884615384615386,0.4959935897435897,Aug 12 2009
5,5,"Very Decent The good overall, rooms clean, I liked fact TV English French, I jetlagged I watched lot TV.The Food decent, I'm glad breakfast included, made easier me.The little glitch pick airport; didnt' tell driver wil waiting outside I waited inside I see anyone holding banner name, I waited little I ended buying pre-paid taxi 250 rupees ( charged 900 Rs). I left airport I saw driver outside, I got stuck pre-paid taxi ticket want reduce 900 Rs. ( I ended using 3 weeks later I came back Delhi day).",0.13441176470588234,0.4084313725490196,Jun 16 2009
6,6,"If want exploited stay here. Positives:-Clean rooms generally good standard overall hotel. Air Con works.Negatives:-Not 24hr hot waterFood bland bestManagement try exploite extort money every opportunity.We charged 1000 rupees taxi airport hotel. We confirmed pre-paid taxi rank cost 350 rupees. When arguing manager this, stack excuses longer arm ready offing. There after, service offered absolute bare minimum meet standards. We booked tourist advice separately hotel, interogated daily basis doing, with, much cost. Regardless would say could always things faster/better/cheaper.Breakfast bland spicy - hot even tastebuds, let alone wifes. Whilst located quiet side-road, area busy, even Delhi standards particularly safe area tourists dark.",0.03140350877192983,0.5100000000000001,Jun 13 2009
7,7,Loved Hotel The best place stay Delhi. Its expensive service best. You would really comfortable get eventhough foreign tourist. One thing I liked restaurant inside need find place eat order room. collect many friends take restaurant enjoy. The food really hygenic. Try out.,0.43590909090909097,0.5204545454545455,Jun 8 2009
8,8,"Peaceful Peaceful quiet position hustle Delhi's streets. Welcoming staff tidy, small clean room.",0.2027777777777778,0.5388888888888889,May 10 2009
9,9,"Great Value great service I stayed beginning April pre-booked phone. The great value (I paid equivalemt approx Â£42) certainly ruby amongst dust places Delhi within price range - see reviews lot hotels within range Delhi see I mean. The location handy, meters Ajmal Khan Road Karol Bargh. It's especially useful going lots shopping shops literally doorstep without close effected noise. The metro station also close two stops Connuaght Place (Rajiv Chowk).My parents went week ahead well looked after. My room everything good standard room including ac fan, satellite TV, minibar. Good bathroom usual bathtub shower combination. The management team extremely helpful deal issues problems quickly. The food good room service also available 24 hours. All areas rooms clean well well decorated seem constantly keeping eye this. It seems recently modernised popular large business meetings - I guess helps ensure standard kept high. They also PC internet access reception well WIFI throughout worth checking working going important feature you.I would definitely reccommend anyone I going back next trip.",0.2918087557603688,0.4821236559139785,May 4 2009
10,10,"Fantastic value money The Hotel Florence Inn first stayed trip around Golden Triangle. As travelling budget range ,our expectations high delighted find Florence Inn provided us sparkling clean rooms excellent service. The rooms combination safe, cable TV cheap, well stocked minibar. The in-house restaurant room service meals excellent value money (about $4 Australia big multi-serve vegetarian meal). The front desk staff helpful polite.",0.4396520146520147,0.6177655677655679,Apr 19 2009
11,11,"loved castle We returned week florence inn. The magnificent never experienced incredible service before. It lovely hard drag away hotel. It hot busy there. All staff's friendly helpfull. initially I Tried book directly, I found reservation manager beat harsh willing give us good rate. later I booked one family friend. As soon reached I saw lovely person standing smiling face,(sudenhdu). He made stay happy giving nice room. I found thing bad i.e Mr. Ashish loby manager good enough. He called us many times room extn. asking trips india. trying organise trips india, I never asked about. I met another manager Avtar front desk sweet nice person.I definetely recomend guest coming Dellhi.",0.25753086419753085,0.6342283950617285,Apr 17 2009
12,12,"Clean Hotel Busy Surroundings Since first visit India, really prepared culture shock. We glad picked (however, ridiculously high price Rs1000 later charged us). However, manage escape sharks (scary looking taxi &amp; autodrivers, tour operators) waiting outside airport ready pounce us. When got hotel, greeted two men reception: pleasant. We checked room actually quite nice. Had nice ambience, yet felt bit detached. The bathroom nice, everything worked. Best thing SONY flat screen TV! We want go room since still nauseous Delhi traffic poverty saw outside, decided get changed went eat Hotel restaurant. The restaurant extremely tight 3.5m x 3.5m closed space. We two women alone restaurant four men (waiters) I never felt uncomfortable insecure life. We constantly stared at. We got food takeaway locked rooms stayed whole night. The next morning relieved see another tourist restaurant thereafter.Overall, stay quite pleasant. The surrounding area busy, bit dirty, staff pretty helpful. There's one computer Internet access reception. For downloading pics cameras, went office pleasantly surprised see owner, Mr. Jaydeep Bhat there. He helpful kind. Even got us tea transferred photos patiently sat us, talked almost hour!I would recommend Delhi looking clean rooms good price.Due complete lack female staff, bit intimidating surrounded staring men. One tip: Always carry business card hotel. It map located. Most autowallahs know need direct here. You obtain card reception desk.",0.18279568331397597,0.5385675571041425,Mar 21 2009
13,13,"Comfortable exceeding expectations The Florence nice little tucked away Karol Bagh, miles better expected hoped for, reasonable price INR 3000-3500 (the lower price standard; higher price deluxe; stayed 2 nights).The location convenient metro - 5 minute walk busy shopping street brings hustle bustle road metro station is, 3 stops Rajiv Chowk aka Connaught Place. There's internet terminal lobby wi-fi throughout hotel, charge 30 rupees 30 minutes.We expected little hotel, pleasantly surprised. The rooms clean, relatively well maintained (not shabby) quiet. The main difference could see standard room stayed first night, deluxe room, slightly bigger size - size standard fine. Our friends also stayed standard room seems come wet room (fairly standard India) others bathroom (i.e. tub). All clean comfy though well equipped.We dinner first night food fine, surprisingly greasy, reasonably priced. Although advertise menu, beer available (and printed anywhere, even negotiated price down!). Breakfast simple nice. Staff polite helpful.Would definitely recommend - makes difference place like Delhi quiet, safe place come home to,",0.14907520325203255,0.4690631049167634,Jan 18 2009
14,14,"Nice We stayed twice trip around Golden Traingle. The organised part tour. Our first time got standard room second time, much nicer room. The clean staff attentive. The minute step room checking someone help bags. A little hectic morning everyone checking time. Breakfeast good hotels I stayed India. The metro close use it.",0.20868055555555554,0.43611111111111106,Jan 10 2009
15,15,"Loved Florence! Loved almost month long stay Delhi Florence. Actually became home away home. Stayed inlaws 3 year old son. The staff absolutely phenomenal! They attentive son's needs - gave son balloons commented guest's balloons. They even 'rescued' elevator incident! Room service quick, efficient; food excellent. Truly appreciated clean amazing room along completely western style bathroom.Make sure hire driver stay, make visit pleasurable non-stressed one drive city streets Delhi. And besides around $2.00 day, definately worth it! So worry far everything Delhi, relative. Actually I found conveniently located - Karol Bagh excellent street shopping, 10 minutes away Connaught Place.Thank much staff - again, exceptional! As well traveled Canadian, I definately staying highly recommend hotel.",0.3811333333333333,0.5355555555555556,Dec 31 2008
16,16,"GREAT PLACE --- clean/quality space friendly + trustworthy staff good price I spent 7 months India -- lived Delhi Bangalore extended periods, traveled throughout country (i study abroad student, volunteering). As 21 year old female, safety cleanliness top priority I found booking hotels I alone. It time I give great review. Nothing comes cheap Delhi, especially comes finding place stay. I knew wanted something safe, clean -- I decided avoid accommodation Paharganj area (near railway station). Although Florence Inn convenient place hoping explore South Delhi, far away CP Old Delhi, bad general accustomed commute (or Delhi traffic). And compared nice places, great deal! You find quality price anywhere else Delhi! (when traveling places India outside big cities like Delhi Mumbai, able find cheaper places). I stayed times, alone friends. Each time, I stayed cheapest room. The cheapest rooms, however, still felt like luxury. The basics -- Clean sheets, towels, soaps, etc. And also, marble bathrooms, plentiful counter space bathroom, TV HBO + news channels, hot shower good pressure. It definitely place meets Western standards. The service staff great -- They willing help answer questions attentive. The staff carried suitcases room ( never felt uncomfortable around them). The staff front desk speak good English let use internet free lobby print things (for small price) office printer. Further, checked out, wanted errands go out, I able leave luggage safely lobby. They even let leave luggage couple weeks storage room -- got back, perfect condition. There free breakfast every morning -- options everyone. And restaurant also serves lunch dinner. They also room service want eat privacy room get quick snack (they great iced coffee parathas). Also, reliable, quick laundry service. When friends visited arrived India first time, I took here. They appreciated quality hotel. I highly recommend hotel! To book - call front desk! Find number website. The place tricky find -- The arrange pick take right hotel. It extremely close Karol Bagh Metro station dropped figured walk station hotel. Also, safe, carry business card number hand -- give directions driver, necessary.",0.2663520408163265,0.5521853741496598,Dec 9 2008
17,17,"Average The accommodation ok... decent enough 2 people... we're got worried noise, cause rooms noise proofed... hear people room showering baby crying... girlfriend jess able sleep all... breakfast ok though... love location... affordable shopping district...",0.10462962962962963,0.5296296296296296,Oct 22 2008
18,18,"Lovely quiet clean We arrived late night, 2 tired mums three tired teen daughters, relieved find quiet little oasis. rooms spacious spotless, breakfast delicious, staff extremely friendly helpful. would highly recommend travellers.",0.07608974358974357,0.5408974358974359,Oct 19 2008
19,19,"Great Hotel There 6 us including two 3's.We stayed Delhi previoulsy therefore aware Karol Bagh area. It seem scary night actual location safe convenient - right next metro.The staff great, helpful hotels greatest asset cleaners - clean mother I thankful saved upset stomachs kids.My children braekfast dinner hotels I complaints. Restaurant small pleasant.There internet access water never cold!",0.30228174603174607,0.5821428571428572,Oct 7 2008
20,20,"Exceeded expectations In looking hotels Delhi, affordable without scary reviews hard find. The Florence Inn clean affordable ideal. I highly recommend hotel. The staff overall helpful nice. We changed travel plans arrived see Agra Jaipur. They happily changed days free.If first time India, one reviews pointed out, neighborhood night appears quite scary. We arrived late night. However, see area day, realize bad (and right beside fun market, especially Monday). I never felt threatened area. If I ever return Delhi, I plan booking room Florence Inn.",0.08504201680672271,0.6348459383753502,May 26 2008
21,21,"Not great We arrived Delhi around 3am arduous journey trying find (the taxi driver know all) arrived Hotel Florence. We allowed check in, despatched immediately sister Florence Inn, told room left hotel. Language barrier prevented us complaining went along Florence Inn.The rooms unclean comfortable. We single sheet single blanket double bed, towels felt old. The staff friendly accommodating help us asked. The breakfast limited (we toast) tablecloths dirty. I feel I could trust anything else eat.I suppose all, in, budget part town, okay, I would make sure next time I somewhere central bit higher class - remember 4* many parts India 4* UK.",0.06113071139386929,0.41157541289120236,Apr 21 2008
22,22,Clean Comfortable The Florence inn transit us. We missed flight anticipate spending 3 nights there. It clean comfortable. The water always hot. We stayed twin rooms service prompt even locked 3am. Rooms probably little small worth money free internet lobby. The view exciting central Dehli. There markets close lots good eateries. The small restaurant indian western breakfast really convenient quick snacks day also full lunch dinner available. A good clean comfortable stay. Probably 3 star experience.,0.26408730158730165,0.5424908424908426,Feb 2 2008
23,23,"Good clean v little natural light There two sister hotels, Florence inn Hotel florence, Karol Bagh apparently less same. We stayed Hotel Florence, clean good first nights Delhi. Room service restaurant good reasonably priced. Staff friendly enough got complimentary breakfast booking Desiya.com.Karol Bagh OK area, lots sari shops clothes nearby little else. Also little way restaurants. Its closish metro though, definately quickest, cheapest pleasant way getting centre town (Rs 8 way plus Rs10 rickshaw ride station).The issue I room window faced shaft got little natural light, made getting difficult.Price Rs 2000 per night (or little that). Would reccommend garunteed cleanliness.",0.21796296296296291,0.5408024691358024,Dec 1 2007
24,24,"Decent + close subway Not able afford five-stars, Delhi seemed really hard place find good value accommodation. After reading couple good reviews, went Florence Inn and, all-in-all, satisfied that.Still, one would think âdeluxe roomâ would come least one window, didnât, neighbourhood (Karol Bagh) especially trendy. However, felt entirely safe surroundings, nearby shopping street good clothes lots more.One main advantage Florence Inn proximity station newly built well functioning Delhi metro â itâs clean, cheap, rather comfortable practical (although covering south Delhi).One complaint: upon departure booked paid (quite lot) airport taxi ride. That taxi showed 20 minutes late turned junky private car managers buddy behind wheel! He got us airport right, pathetic mini-rip-off meant left Florence Inn bit bad aftertaste.",0.10309274059274064,0.5518689643689644,Nov 20 2007
25,25,Liked lot - good value money The rooms small clean ambience good. Its good value money. I lived delux room. The staff cooperative. The maintainence good. The toilets clean. The food also tasty hygenic.,0.4659259259259259,0.6122222222222223,Oct 18 2007
26,26,"Not great start India I booked seemed good reviews Tripadviser. Although wasnt bad, rooms comfortable clean, didnt like feel hotel.Everyone seemed hover around you, musty smells everywhere, Bad aircon, breakfast interesting room larger standard bathroom. Location safe, typical India really. Very interesting area walk around probably nightDelhi isnt cheap, I would reccomend spending hotels here.",0.14642857142857144,0.5738095238095239,Oct 10 2007
27,27,"Good scary location We stayed September 2007 part trekking expedition. stayed nights start end trip. It's good basic friendly staff. Rooms comfy adequate. The bugbear noisy aircon.Beware beggars market outside hotel. It's dangerous intimidating. It gave us flavour street life like delhi.Recommend Crossroads bar around corner good food, drink ambience. It seems magnet ex pats tourists. We watched India win 20/20 cricket atmosphere electric.Overall complaints. good straightforward accomodation.",0.3059523809523809,0.5130952380952382,Oct 3 2007
28,28,"Stay away I booked room travel agent 2 nights three us. I told would either receive one double bed one twin bed, 3 twin beds. What got 2 twin beds mattress floor wedged 2 beds dresser. The room run tiny. We climbed others beds get bathroom. The air conditioning unit dripped night long one beds musty dirty. I've stayed many low budget rooms India worst. The pictures I saw website room looked like all. And mattered us, room 4th floor elevator goes 3rd floor, walking upstairs difficult, keep mind.",-0.13311965811965812,0.4972222222222222,Sep 26 2007
29,29,"A pleasant suprise We stayed Florence Inn 2 nights Sept 07 impressed nicely renovated character building. Although view speak of, rooms well-appointed compared indian hotels tried. A/c, shower, TV, fridge worked! Market metro nearby, however end lane I want return alone dark",0.4054166666666667,0.7483333333333333,Sep 23 2007
30,30,"Good value We read India Mike tried 1 night end travel happy choice. The clean comfortable service correct. Also neighbourhood much exciting Pahar Ganj. We many hotels India travel one one best. The price/quality relation better Delhi hotels I can't understand travel guides recommend Karol Bagh, i.e. neighboorhood Florence Inn situated. There lot shops restaurants, tourists good atmosphere night.",0.4793055555555556,0.5820833333333333,Sep 3 2007
31,31,Cheap Clean--Unusual Delhi,0.4,0.7,May 29 2007
32,32,Good Value Delhi,0.7,0.6000000000000001,Apr 17 2007
33,33,well worth money,0.3,0.1,Feb 25 2007
34,34,location crowded scary,0.25,1.0,Jan 18 2007
35,35,Nice scary location,0.04999999999999999,1.0,Jan 13 2007
36,36,Great Delhi,0.8,0.75,Jan 4 2007
37,37,Good value money,0.7,0.6000000000000001,Dec 8 2006
38,38,SchÃ¶nes Hotel,0.0,0.0,Nov 4 2009
39,39,super Eindruck insgesamt,0.3333333333333333,0.6666666666666666,Oct 28 2009
40,40,No fiable,0.0,0.0,Oct 16 2009
41,41,Bon rapport qualitÃ©/prix pour Dehli,0.0,0.0,Aug 26 2008
42,42,Non male,0.0,0.1,Aug 30 2007
