,Unnamed: 0,Reviews,polarity,subject,Dates_extracted
0,0,"You get pay forâ¦ The location convenient provides real experience Old Delhi. The staff helpful free transfer arranged airport.The basic. The room clean, damp, things promised including air conditioning television (no hot water though).The roof top restaurant pretty look food good, great value friendly service - itâs open 24hrs nice 2am arrival welcome.We used Ananda Hotel base exploring Delhi independently - didnât spend much time didnât use expensive travel agent.Bearing mind price facilities, I think good value acceptable budget traveller choice â time booking rate half hotels The Connaught Place area Delhi.",0.19785714285714287,0.5490079365079364,0.5490079365079364
1,1,"Nice small friendly staff Located Karol Bagh,this good jumping point. The staff assisted arrangements trips Agra, Jaipur Haridwar. I found room clean attractive theprice right.",0.42217261904761905,0.6544642857142857,Nov 22 2009
2,2,"Nice near shopping area. Nice, clean near shopping streets Karol Bagh.The staff helpful car driver hired daytrips airport pick-up/dropp-off. Only 5 minutes walk busy market-streets shopping.",0.29583333333333334,0.6625,Nov 20 2009
3,3,"This?Hotel?Cannot?Be?Trusted We reserved two rooms Hotel Ananda month advance.We exchanged emails, including confirmation email, flight information email, reconfirmation email sent two days prior arrival date.Things went smoothly UNTIL night arrived Delhi airport.We finally got Delhi, filled excitement anxiety long flight....only find longer reservation night.(Needless say, nobody airport, although guaranteed would send somebody us.)The hotel's excuse rooms sold night (!!!) going taken another &quot;upgraded&quot; hotel.We choice wait another driver come pick us airport long while, go random driver claimed sent Hotel Ananda, let drive us somewhere New Delhi idea about.We know whether alternative actually &quot;upgrade&quot; since chance go see Hotel Ananda compare stay Delhi.",0.02387073863636363,0.43045454545454537,Nov 18 2009
4,4,"ONE TO AVOID What terrible hotel!!!!! There nothing I say good hotel. My family reached 1.15am. Having travelled long time wanted sleep. At reception fine. They told us basic information needed know led us room. When opened room door, great shock. The room stunk damp walls ceiling covered moulds. My husband went told reception could change room really stunk. But told adjust night sort another room next day. We tired argue thought ok another couple hours adjust leaving windows open go sleep. My daughter wanted sleep. So, I opened blanket horrified see bed bugs crawling everywhere. I goose bumps soon I saw them. That last thing wanted see. We packed everything went downstairs told going leave bed bugs. They apologised immediately didnât want leave us instead gave another room âwhy first placeâ? We choice change room place new, donât know anybody donât get help seemed risk travelling night young child agreed change better room. The second room fine asked change bed sheets front us did. The âroof top restaurantâ dump. I really donât know call roof top restaurant. It wasnât clean, table chairs filthy, really really need something it. We stayed 3 nights couldnât wait leave, knew place well would moved immediately like person blindfolded middle nowhere. Although staffs understood mistakes, apologised tried help felt unhappy whole experience.",0.10278648554510625,0.4558080808080808,Nov 11 2009
5,5,Bad Experience seepage rooms I must admit I bad bad experience leisure time here. The undergoing renovation I really spends nights seepage rooms.I would recommend traveler .,-0.4749999999999999,0.55,Oct 31 2009
6,6,"Basic unhealthy kitchen Having read positive reviews tripadvisor decided stay traveling around north India. I really understand rated highly site. It one worst hotels stayed three weeks. The staff grumpy, slow helpful. The room reasonable size basic particularly clean. The bathroom grim shower cold. The roof top restaurant converted flat roof staff member p*ssing corner.",-0.15473737373737376,0.5240303030303031,Oct 30 2009
7,7,"cheater careless staff. I booked surfing trip advisor quit disappointed. I donât know happen good review written wrong. No pick up, upon arrival staff sleeping ask âVOUCHERâ print 3 A.M. tired. Then dirty room, I forget cleanliness means stained towel, smelling toilet mosquitoes around room. Anyways comes end I checking morning. Above final misery extra 20% agreed room rent net rate (inclusive taxes come) changed. Hotel Europeans people prefer clean place sleep.",-0.14305555555555557,0.5458333333333333,Oct 22 2009
8,8,nice retreat chaotic delhi I picked promised driver waited even tho I forgot give flight number ooops. The location good break chaotic streets. The clean service excellent good rooftop resteraunt relax in.,0.7373333333333333,0.8580000000000002,Oct 22 2009
9,9,"Friendly simple Was greeted friendly driver promised International airport (free).Not long I arrived I asked helpful staff (namely Shabir) I wanted go sight seeing... take much convincing ;) I whisked away long driver, singing dancing way around New Delhi... lot fun great company!The room spacious two singles. Funky decor flat screen plasma. The air conditioner noisy however worked treated helping escape heat Delhi.Unfortunately NO hot water... disappointing (I told later boiler broken since repaired).The roof top restaurant great place see completely different aspect New Delhi. The beers cold (not something often rely upon) food delicious :)Sharbir (front house) great company, professional assisted organising onward adventures.",0.1931090909090909,0.5528493506493508,Oct 17 2009
10,10,"Terrible tourists. If tourist read review! I booked three rooms Ananda reading positive reviews received. If visiting India another country, PLEASE read review I hope I help avoid experience unfortunately go through. I cannot understand Ananda rated highly. One possible explanation: many reviewers seem Indian business travelers, completely different set expectations needs. In case, stay hotel. You undoubtedly tempted price, admittedly low. But TON cheap options Delhi (Delhi expensive city).The rooms, themselves, comfortable enough. But rest shabby, bombed-out appearance. The rooftop disgusting left lasting, depressing image Delhi.The location terrible. Karol Bagh full shady characters. A routine walk around neighborhood left worried getting mugged (didn't feel way ANYWHERE else India). Spend extra money, stay closer Connaught Place. You regret it.Finally, important part: DO NOT USE THEIR TRAVEL/TRANSPORTATION SERVICES! The partnered scamming travel/transportation companies try try try rip off. The story long one. Suffice say quoted price, agreed to. The drivers repeatedly tried take us places they'd get commission, got angry asked politely take us wanted go. At end night, demanded pay triple agreed upon price. We obviously refused, proceeded berate us. Hotel management intercede behalf, despite admitting one point company &quot;full crooks.&quot;All all, WORST stayed trip. Avoid. Please.",-0.1245616883116883,0.6119805194805196,Oct 5 2009
11,11,"Good Hotel I stayed one week. The location excellent. Nearby shoping places crowd put extra value. Room clean, importantly, bathroom clean.Breakfast sufficient good.2nd Floor Wi-Fi best stay 1st Floor, It dissapointing.Staffs friendly cooperative.",0.5427083333333333,0.5875,Sep 30 2009
12,12,Delightful Such dimaond rough. The staff Ananda amazing- incredibly helpful attentive. The rooms small clean comfortable. Free internet damn good breakfast (included!). Incredible value.,0.46680555555555553,0.7508333333333334,Sep 29 2009
13,13,"excellent value hotel--safe comfortable friendly--would stay This first trip India, I went sister. We're young, finished university, still budget. We stayed 5 different hotels throughout India two weeks felt far best. Of course 5-star hotel, clean comfortable, felt well taken care of. I found bed comfortable bed I slept India. The manager, Somu, genuinely friendly gave us little &quot;freebies&quot; (internet access, complimentary pineapple juice, extra toilet paper, helped get ripped international phone &quot;service&quot; around corner) do. The first night I realize turn hot water, I called front desk immediately sent someone show how. I remember towels (as others commented) I usually bring towel I travel anyway. Our experience hotels, even expensive ones, every little thing cost extra. At Hotel Ananda, never asked much single rupee extra.At end trip, decided stay again, enjoyed pleasant stay first time. I'm glad did. Apparently stayed &quot;wedding season&quot; noisy wedding parade outside hotel. Later, I went back inside remarked interesting was, manager said friend's wedding invited come along. At first I little hesitant, young woman headed 10 pm knows where, I'm glad I went. It really highlight trip. I foreigner wedding, truly incredible. Even though one knew me, I treated like welcomed guest, invited join festivities eat drink everyone else there.Obviously everyone experience, I found traveller budget, good many hotels cost more. I quite satisfied comfort cleanliness accomodations, I could asked friendlier, helpful staff.",0.23187957875457876,0.5042811355311355,Sep 23 2009
14,14,cheated staff Hotel good located near market staff cheater. Beaware staff tricks making extra money customer selling expensive tours. I depressed staff never recommended others.,0.09999999999999999,0.42000000000000004,Sep 23 2009
15,15,"worst experience After stayed parts India I faced worst experience hotel. Staff unprofessional misbehave customers. When I said arrange car day agra tour quote price 150 usd us include entrace fees, tour I booked nearby travel agency 90 usd . food so.",-0.425,0.525,Sep 15 2009
16,16,"Good service clean rooms excellent food. We stayed four pleasant nights. They picked us airport evening requested got us safely delhi night hotel. When arrived everything went smoothly - first room got bit mouldy, requested change, problem! We got room facing street, nice quiet night. The room clean nice, excellent bathroom, ac. worked perfect. We felt completely safe too.The restaurant roof served excellent food, I would recommend ginger chicken, nice place dinner evening. The service good, especially room service guys.When left got us cab trains station, everything went fine, got train planned. I would recommend place good alternative quick stay Delhi.",0.49735507246376803,0.7157971014492752,Sep 15 2009
17,17,"Good clean budget We arrived Jodhpur early morning taxi waiting promised, arrived check 12:00, however room found us freshen-up impressed room view overlooking brick wall garish bathroom. The room given fine, clean, bathroom spacious furniture room good quality, beds comfy also.. Yes towels grey side want white fluffy towels book 5 star At time stay undergoing renovation made negotiating reception area bit tricky, nearly finished left. The restaurant closed meals taken room (due renovations torrential rain) ate breakfast problems. No hidden room charges rate quoted paid, taxi airport arranged problems that, free wi-fi good budget easy access Delhi..",0.26198412698412704,0.48198412698412707,Sep 14 2009
18,18,Excellent Hotel Not sure expect first time delhi pleasently surprised service. After ripped people pretending offical tourist office staff went way make sure got refund. The manager spending day talks police finally got full refund. Excellent staff clean spacious rooms.,0.45185185185185184,0.8067901234567901,Sep 12 2009
19,19,"great location great staff great price!! As solo traveller way London slightly nervous staying Delhi &quot;budget&quot; end scale say worries went soon stepped front doors.The staff amazing, incredibly helpful, friendly, treated like royalty really made holiday me, helped getting sim cards, currency exchange organised trips me, nothing much trouble.The rooms simple, clean, comfortable worth money paid per night them, stayed 7 nights, wish could more, thank ananda! *********Highly recommended***********",0.45117647058823535,0.5484593837535013,Sep 9 2009
20,20,"OK OK service I stayed night catching early morning flight. Staying Ananda fine, rooms clean, way average India. They rebuilding reception area lift working. I given promised rate (confirmed phone), issues extra taxes charges.However I encountered lot problems extra services I requested - I asked book cab day tried charging 100 Rs going rate. I neogitated thought I fine. However driver rather nasty, always trying make extra buck, trying ask parking money lot &quot;free parking&quot; sign. This kept going whole day I told unless stops I simply get car pay him. Again, really Ananda's fault, wel, responsible choosing partners ensuring stick acceptable standard.2nd thing totally annoying I asked taxi airport, They tried offer taxi service, I declined clearly stated I want standard pay-as-you-go cab. I thought everything ok I walk outside door 6 AM te morning realize called cab want charge inflated price. I almost lost - I asked call normal cab, said did, cab still waiting there, probably thinking I pressed time I jump swallow cost. After bit waiting, I got annoyed hailed first autorickshaw I saw. The price 1/4th offering me. Normal cab would around half. They obviously interested satisfy guest wanted make extra money me.I would probably stay I Delhi day so, certainly much longer.",0.08636851136851138,0.4398863148863149,Sep 6 2009
21,21,"bad personal experience bad , dirty staff bad greedy always making extra money tourist by. charging many hidden mentioned taxes.I truly never recommend tourist",-0.3220833333333332,0.5291666666666667,Aug 28 2009
22,22,"Relatively clean quiet I'm visiting India month stayed 1 night short unexpected work trip Jaipur Delhi. I originally wanted stay Ginger Ananda available space found. The reviews looked good price fine boyfriend I took deluxe room gave us lower price stated website. The room's power went put key slot bit hot first (loud) a.c. cooled nicely room bathroom large sanitized. I appreciated western toilet change. The shower cold hot day I mind. The room fairly clean, marks bed sheets bearable (small black marks looked like ink). The under-sheet fastened mattress slipped bit. The area karol bargh fun explore markets far sights. Rickshaws available right away though. I sensitive stomach ate raita naan kitchen tasty clean. Good free wi-fi also. The nearby temple bells wake early morning basically empty, people working efficient nice, room felt comfortably clean simple despite slightly marked bedsheets slightly grey towels. In India, Delhi particular, good find reliable place spend night.",0.21916666666666662,0.5858276643990931,Aug 20 2009
23,23,"Better first glimpse nothing great Ok. First fine. You stay visit New Delhi, close metro station Krol Bagh, 10 minutes Connaught Place 3 wheel taxi cost 100 rupees bad day 40 persist little. The dirty, clean either, lets say bit dingy. My first reaction I arrived airport website sure looked good, reality 2 notches lower. This area busy market also immediate streets around NOT illuminated night, made little nervous coming back night., I know robberies happen area sure I stayed 7 nights remember seeing police man taking statement couple foreign travelers kind incident least twice week. The market nearby interesting, see could find home too, busy market area, 5am noise street would wake up, I tried go sleep early. Also bit construction site, installing elevator, looks like progress slow, moment stairs. They offer breakfast rooftop, sounded fabulous rooftop well another construction site piles debris bricks, piping cement knows else. On rooftop also &quot;restaurant&quot; reality kind open air lean-to. After first breakfast rooftop, I never returned, there's places nearby offer good reasonable breakfast options.As room, A/C great. I would return late afternoon day, soaked perspiration immediately enter room, turn A/C jump shower. One reason I never experienced hot water hotel. Just cold less cold, coming street best moment shower. As towels, supposed white, day I three room would examine one, one one look less stained almost clean towel. Usually I could find one acceptable.The worse part visit Ananda Hotel checkout. They offered rate 1980 rupees per night deluxe room. But checkout wanted charge 2200 rupees. Luckily I email confirming rate me. Also gentleman counter tried tell I stayed 8 nights, counted nights together fingers 3 times finally realized 7 nights. I ordered taxi take airport, cost 350 rupees. Not one block hotel, taxi broke down. I jumped out, started flag another one. It jarring uncomfortable ride I India, I think 3 wheeler would better. Best thing free wifi internet.",0.16919651056014692,0.5634159779614326,Aug 20 2009
24,24,"Good home base We stayed 3 nights upon arrival India. We comfortoble room spacious bathroom. Everything clean functioning properly. staff immediatly put two extra matresses small childeren. Room service catering quick, food tasty, plenty expensive Delhi standards. The owner helpfull working travelplan transportissues. In all, good home base travels Northern India.",0.10181818181818181,0.5945454545454546,Aug 4 2009
25,25,"Relaxing stay Ananda Hotel Our booking via venere.com successful first try.The staff friendly &amp; helpful rooms clean, although elevator exchanged hear rooms.The location centre easy reachable via tuck tuck etc. The Jessa Ram Hospital (Karol Bagh) known 300m away it.It really nice stay Ananda recommend it.",0.5029166666666667,0.7722222222222221,Jul 25 2009
26,26,"A cool quiet Place Business People Bustling Market Karol Bagh I happy hospitality room service kind privacy offered . Since I traveling business purpose I say staff cordial clients also never objected continuous arrivals client . And plus point parking , ample parking place every one knows Karol Bagh crowded place good parking exception . I would definitlely recommend business people ,it offers great value money .",0.4687500000000001,0.5666666666666667,Jul 8 2009
27,27,Clean great food friendly/helpful staff I read quite reviews various hotels Delhi I decided opt one reviews appeared extremely positive. Also price wise one cheaper options. Much friends delight lived review reputation clean extremely friendly staff. As promised taxi waiting us airport free charge I say quality food restaurant impressive. It happened one managers also tour agent makes great selling point honestly tight timeline genuinely make things whole lot easier.,0.39761303511303514,0.612842712842713,Jun 29 2009
28,28,"Ananda oasis Ananda oasis middle bustling city things I grateful included courteous, highly professional staff, impeccably clean bathroom steaming hot water internet access. The lobby room distinctive sense style I enjoyed stay Ananda.",0.30277777777777776,0.5583333333333335,Jun 24 2009
29,29,"Excellent service great value highly recommend My experience Hotel Ananda exceptional. The service outstanding - arranged airport pick-up, staff friendly helpful anytime I needed anything, willing help. The room clean comfortable great price. The even Wi-fi!I really can't say enough staff hotel. It like among family I definitely recommend hotel.",0.4298809523809525,0.6689285714285713,Jun 23 2009
30,30,"Clean simple friendly Rooms luxurious definitely basic, good bed, spacious bathroom clean. I stayed two nights, nights I warm water, air-conditioning working well. As requested arranged airport pick up, complimentary. The staff helpful friendly. The location good, much traffic, easy ride tuk-tuk âcentre âand metro station around corner. If donât mind breakfast bed (there breakfast room breakfast served room, time requested) looking friendly clean place stay offers good value money, especially Delhi.",0.3504385964912281,0.5166040100250626,Jun 16 2009
31,31,"fantastic stay ananda ananda newly built seems to, new amenities.All latest facilities, like wi-fi, 24 hours hot water, courteous staff24 hours food facility.we personal function Delhi, I booked relatives friends , came India enjoyed lot, thats reviews I got relatives.So, say place worth staying spending hard earnest money.Money wise also cheap best.my best wishes Ananda staff.Thanks",0.3562354312354312,0.6231351981351982,May 9 2009
32,32,"Friendly relaxed environment I visiting India family wanted clean reasonably priced hotel. This first visit India wife 3 kids therefore wanted trouble-free cater needs. I could asked more. The location good, 35 minutes Airport 15 minutes New Delhi Railway Station car. The rooms clean spacious. We suite room deluxe room.Staff friendly helpful. They computer reception kids allowed use.Room service good prompt.For stay Delhi hired driver therefore use public transport nearby.If travelling hotel, mention landmark hospital hotel's address.",0.39018308080808084,0.5503787878787879,Apr 30 2009
33,33,"quiet clean place buzzing capital india stayed ananda 2 days.as traveling india lot know hotels like.but surprised one. enjoyed stay.the rooms clean,big comfortable.nice bathtube big windows.the staff friendly service excellent.the situated one delhis shopping areas-karol bagh.and metro station walking distance.i happy recommend anybody travels india look hotel.enjoy trip india.its amazing place.",0.3754166666666667,0.6083333333333334,Apr 3 2009
