,Unnamed: 0,Reviews,polarity,subject,Dates_extracted
0,0,"Not Good Stayed total three nights really much say I stayed booked part package. I agree second last reviewer especially regard moth ballsThe bathroom suite black bath peeling bit safety hazard. The toilet one &quot;sanitized convenience&quot; labels joke clean. The shower curtain filthy. The rest room adequate I feel clean.Breakfast OK.With regards new wing mentioned previous reviewer, I think marketed part Mehar looks photos completely different league.I would chose stay future.",-0.019429590017825314,0.4193850267379679,Nov 26 2009
1,1,"Thumbs I fortunate first customer new wing associated Mehar Castle Hotel (same owner overlapping management), starting operate JP Bed &amp; Breakfast Hotel mid-Nov 09 (web page yet come). The location adjacent Mehar Castle, side street near Ghaffar Market Amjal Khan Road, Karol Bagh. I recommend hotel, new, relatively generous, classy, ensuite rooms, tiled flooring modern style furniture latest appliances (a/c, TV, ceiling fan, fridge, safety lockers, etcâ¦), neat bathrooms etc. It also features small dining room customer use quiet away street noise. I would rate room comfort 3.5-4 stars, reasonable cost (Rs2,500-3,500 range inc. pick-up breakfast). The sides? No power point desk (eg. computer), outside windows (the price quiet roomâ¦) small lobby space. Room decoration also yet come. The new staff helpful efficient, proud inaugurating small new 5 room wing - food: far, good. So thumbs !",0.1371114996114996,0.4870027195027195,Nov 18 2009
2,2,"sets bar low I'm one complain much, first India, really set bar low, even though I expecting lot. From green slime covering shower head, rot corners bathtub, mothballs scattered throughout room, infernally noisy air conditioner...i know start. I'll start dead bugs picking bed went bed. And noise woke 6am...it daily street noise felt like side thin walls. Or maybe I'll start bed felt like plank wood covered thin blanket? The cold shower something would complain since I get 8 9 hotels I stayed at. The area around main shopping area Karol Bagh. It's safest area start in, get good bargains, close metro. They offer free internet really slow. The phone room rotary dial system. On bright side, room large, hard bed turned relatively comfortable, room service attentive, annoying side.",0.014285714285714285,0.5278138528138528,Nov 3 2009
3,3,"excellent location stay.. Hotel provides good hospitality..we provided family room two double beds..which perfect wife two children. Good service,good food..",0.68,0.64,Oct 22 2009
4,4,"A fairly decent My wife I stayed Room # 208 (Double Deluxe Room INR 1690/night, advertised web site).Location: within 5 minutes' walk Karol Bagh metro station. Plenty street shops vendors daytime.Quite spacious room sitting area, marble floors. Not spotlessly clean maybe, quite decent. Hard mattresses, aircon working set heating, though staff provided additional blankets request. Still, draught coming window move bed middle room every night back every morning. Noise protection next non-existent, door bangs loud conversations corridor heard clearly, work street.No reading lights.Bathroom definitely seen better days. There hot water shower, though pressure barely adequate.Good staff. Excellent food â probably best vegetable fried rice two-week trip.",0.23754901960784316,0.4719607843137255,Jan 24 2008
