,Unnamed: 0,Reviews,polarity,subject,Dates_extracted
0,0,"Old tired staying again! We arrived checked late delicious meal Bukhara. Our first impression upon arrival dark (poorly lit) looked old. Nonetheless, check-in staff efficient friendly. When told make breakfast room's opening hours, planning road Agra first light, kindly offered pack us breakfast road, generously portioned.However, found rooms damp, old tired, particularly clean either. It definitely usual standards expected previous stays Intercontinental hotels worldwide. We booked non-smoking room / floor, room stank stale smoke, probably entered room air vents.Thankfully, first thing morning. We're fairly certain never return again.",0.03133116883116885,0.49036796536796534,Nov 10 2009
1,1,"Great Business Hotel Stayed work &amp; didnt get best room first. I bad cough &amp; old room I got smelled damp &amp; old smoke (even though longer smoking room). What impressed response I got I complained. They kind enough show 5-6 different rooms I could choice. Then (I assume apologise) I found chocolate cake room next day!The rooms I chose newly renovated room smoking room. But really brand new &amp; smoke smell whatsoever. The newly renovated rooms much nicer tired old rooms &amp; I would recommend asking one possible.The facilities excellent. Great pool, good restaurants &amp; spa/sauna/gym excellent. I also highly rate people business centre. Very helpful, friendly &amp; unlike hotels I stayed in, problems giving quick photocopy without charging room it. Internet speeds also good.Location could better sight seeing, business great. Its closer Noida, across Nehru place (a large IT market get IT needs services including plan copies, scanning etc sone) still far Connaught.All I would definitely recommend based value. Our rooms much cheaper 5 star alternatives. Sure old rooms bit damp issue, renovation continues I think become even better value hotel.",0.2837617937617937,0.5216947866947865,Oct 23 2009
2,2,"DONT STAY AT INTERCONTINENTAL EROS -DELHI DONT STAY AT INTERCONTINENTAL EROS -DELHII would like express anger concerning stay InterContinental Eros-Hotel Delhi.My visit awful. As I family I opted book suite. When I arrived I given room looking Lotus temple promised, given stingy damp room. When I requested room change I told rooms available. The corridors full smell dust repair work. We left without electricity hour I went reception sent person repair it. The wash basin choked bathroom smelly.What interesting points added priority club gold account I told I bought reduced price, nothing like . After blunders offered discount. I didnot know discount priorty club points.Because I change opt Le Meridien Delhi. What I cannot understand IH Group providing franchise hotels meet standards. IH-EROS 2 star 5 star hotel.Hope pay attention mailDr. John",0.012500000000000018,0.5027777777777778,Sep 4 2009
3,3,"Fantastic Hotel! I bit worried mixed reviews I read IC Nehru Place. pleasantly suprised!!Check quick efficent taken room. As Ambassador member IC membership scheme, upgraded Exec suite. The room amazing!!! Big size, best amenites, two bathrooms, giant fruit basket, fresh flowers everyday. The room perfect!!!Make sure rate includes breakfast, well woth it. The breakfast spread mix cultures, Indian, English, American etc etc, kept family happy! There always plenty waiting staff answer questions.I didnt time use gym pool cant grade them, use business centre check onto next flight. Internet access printing fairly cheap, staff extremly helpful.Location wise, quite busy street cant hear traffic, eating places near (turn left leave main car park gates), felt quite safe around hotel.Overall, I really enjoyed stay here, polite helpful staff made stay even enjoyable. I would definately stay recommend friends family.",0.3243589743589744,0.4976495726495726,Aug 30 2009
4,4,"Not 5 star This average hotel, definitely 5 star. The room ok, bath room bad, needs renovation. The reviews stated rooms renovated, apparently one stayed in. Location plus, overall service. The breakfast spread good.",0.04642857142857144,0.4309523809523809,Jul 24 2009
5,5,"Nice place Nice hotel, good service, four restaurant night club, wonderful barber shop head massage. Relaxing",0.725,0.9,Jul 13 2009
6,6,"This home home Delhi I staying 4 years now. It's never full non-Indian tourists I always find encouraging - locals often come restaurants I see plus point. They starting renovation process, promising much better - I hope lose Delhi charm.I stayed Delhi hotels comparison super-delux some, still proudly call 5-star hotel.",0.28750000000000003,0.5041666666666667,Jul 12 2009
7,7,"Great business I stayed IC-Nehru Place times business. It excellent business convenient location easy access domestic airport well Noida. Rooms bit outdated stained carpets make good amenities space. The rooms larger IC city. The selection drinks lounge quite good. As PC-gold member, I also got complimentary 15-min neck massage treatment - unique way rewarding loyal customers beyond usual free welcome drinks generally offered elsewhere. The breakfast spread extremely good though bit expensive already included room rate.",0.2864583333333333,0.62875,Jul 10 2009
8,8,"Old tired - even Holiday Inn let alone InterContinental The word &quot;InterContinental&quot; conjures images luxury service. Not Nehru Place. First all, despite e-mail request, airport transfer waiting me. When mentioning reception, clerk simply blamed me, without actually looking matter. Only providing proof, sort-of said sorry. Great start, especially arriving 11.30 PM.My rate included breakfast, since I leave breakfast started, I requested whether room service would available. Again, clerk said no, no. Only duty manager could reluctantly persuaded core courteous. So half hour haggling check-in (and harrowing taxi ride airport), I finally able retreat room. What abysmal display. Clearly standards (see pics), bathroom even clean. Carpet stained, furniture worn, lamps falling wall, room way old. This, dear readers, NOT InterContinental.",0.11764705882352941,0.5832633053221288,Jun 18 2009
9,9,love disc love whole architecture view location,0.39999999999999997,0.5333333333333333,Jun 18 2009
10,10,"Average Category Hotel. I Booked two rooms end June find per 5 Star Standard.Lobby Good,Singh Saheb Restaurant Good &amp; even Buffet Breakfast great.But Rooms Good.Even upgraded Club room category &amp; got access Lounge well really surprised find Good brand drinks Lounge.Anyways,I find average kind hotel.",0.3,0.6333333333333333,Jun 14 2009
11,11,"Execllent Business Hotel This magnificent hotel, right heart iof Delhi's CBD Connaught Place/Barakhamba road. I almost three months. Room rates quite agreeable relative high fiver star prices Indian hotels charge. Rooms elegantly decorated, refurbished, transparent bathroom sections, cozy beds host business friendly gadgets. I believe one two heated swimming pools Delhi oberoi other.Nice restaurents lavish breakfast buffet coffee shop.All pleasing, business friendly hotel.",0.3119642857142857,0.6032142857142857,Jun 13 2009
12,12,"home like home I stayed business trip, rooms &amp; dinning given good atmosphere feels like home.",0.7,0.6000000000000001,Jun 13 2009
13,13,"Needful Renovation If Nehru Place far away centre one's needs, currently good-value five star experience - balance. The staff excellent, breakfast good. Wrap warmly dinner, though, a/c Blooms Restaurant set maximum chill evening. The currently (June 09) undergoing renovation, noise travels structure 8 a.m. 7 p.m. 7/7. The fixtures rooms showing age, renovation timely: bathrooms looking rather tired, water pressure varies considerably (making shower exciting experience); one rooms I used curtains meet middle and, despite several reminders, management seemed unwilling unable remedy this. It easy negotiate good deal - I got complimentary airport transfers 24hr internet, whereas normally charged Delhi prices standard rack rate.",0.2049019607843137,0.5313725490196078,Jun 9 2009
14,14,"nice place distractions good place warm welcome nice rooms,good food.healthy atmosphere .overall good place stay dont know place well.",0.6666666666666666,0.7833333333333332,Jun 8 2009
15,15,Great Hotel Located commercial Hub Great Hotel elegant oasis surrounded commercial hub Nehru Place.,0.42000000000000004,0.5,Jun 8 2009
16,16,"upto 5 star standard Hotel good. But get better terms quality. Not finest 5 Star Hotel terms quality though. Checking process quite late .but staff hospitable, good food comfortable rooms.Guests provided range dining options, serving delicious east spicy Indian well Chinese delicacies. In addition, also savour exotic blends teas, coupled variety pastries Rajasthani style, Tea Lounge.Entrance upto mark,it could much better..",0.40166666666666667,0.5499999999999999,Jun 7 2009
17,17,"Luxary business redefined.. ! Its best stay InterContinental Delhi. Last time I there, I overwhelmed service. We also organised business event-conference one banquets world class arrangement, successful making foreign delegates impress give us fairly good order India. It matter happiness also pride infront foreigners, kept getting give us business.",0.4321428571428572,0.46309523809523817,Jun 5 2009
18,18,Very good business Very good business heart New Delhi city.Have many time would recommend colleagues friends.ciaoronak,0.614090909090909,0.6286363636363637,Jun 2 2009
19,19,"Business Reasonable business hotel, good value money. Great business Nehru Place South Delhi area.",0.5666666666666667,0.65,Jun 1 2009
20,20,"Reliable In city pay extortionate prices pretty grim least reliable - indeed, times, luxurious - way spending sweeper's annual pay single night's accommodation. Public parts particularly well appointed food restaurant delicious.",0.006462585034013598,0.573469387755102,May 27 2009
21,21,"Okay Kind Business Hotel. I booking One Travel Agent hotel.Hotel Lobby good,Restaurants good.But Rooms good.Okay Kind rooms smaller bathroom.I stayed one night.But One thing I liked breakfast. Breakfast good lots items.Even I like services hotel.",0.4375,0.7124999999999999,May 22 2009
22,22,"Loved hospitality Intercontinental The entrance grand, facilities 5 star, rooms pool views, quiet, lovely food buffet restaurant - spoilt choice. The staff friendly accommodating. Ideal airport, nearly 30 minutes drive. Definately stay I visit Delhi again.",0.45535714285714285,0.719047619047619,May 10 2009
23,23,"Efficient convenient I staying Intercontinental Eros, Nehru Place, Delhi months since 2006. It close Delhi office I find convenient stay. The property typical city - large impersonal (which good business!). The staff courteous rooms spic span. They one hotels provide toileteries including shaving kit toothbrush toothpaste - welcome convenience frequent business travellers like me. Occasionally I trouble irons rooms, nothing staff solved promptly.Their restaurants good provide decent variety. The coffee shop good breakfast spread one take quick bite luxurious breakfast depending one wants. The Singh Sahib excellent north Indian food bar relaxing place. That is, except live music bar. If want relax nurse drink long, hard day, live music something helps. They good sized swimming pool located back side next lawns, well away hustle bustle hotel.The business centre small efficient. Some rooms views Lotus Temple.A place I would recommend business traveller may ideal tourists.",0.24941713048855907,0.44863945578231296,May 10 2009
24,24,Very elegant world class facilities.. serene interiors ample parking space/,0.35000000000000003,0.5333333333333333,May 7 2009
25,25,"The worst ever stayed india The worst experience ever india, staff member least bothered abt guest.Wld never recommend visit itz horrible experience.",-0.825,0.85,Apr 26 2009
26,26,Convenient Location Excellent Food Intercontinental Eros city center convenient locaiton. Restaurents offer variety cuisine options. Rooms spacious elegantly laid out.,0.4,0.6000000000000001,Apr 26 2009
27,27,"Great Food Good Hotel A brilliant hotel, I always stay I Delhi. In middle city, affordable price great food...",0.64,0.62,Apr 21 2009
28,28,"Good Hotel The nice. Rooms comfortable dinings options good. The room renovation - though clean well maintaned, typical contemporary room one come expect 5-star hotels located metros. The curtains carpets could replacement. The service though good.",0.45958333333333323,0.6433333333333335,Apr 20 2009
29,29,Lap luxury Good luxurious rooms discounted rates...what else would want..... 2 Hr complimentary Internet,0.5,0.55,Apr 19 2009
30,30,My First Bad Intercontinental Experience I Intercontinental groupie poor experience. The tired inside second class location. The Club Lounge well expectation rooms old-fashioned. And top poor handling check-out overcharge account....real obstinacy I never experienced anywhere let alone Intercontinental. There much better Delhi hotels including Lalit Intercontinental recently!! Come Intercontinental...get sorted,-0.11699999999999999,0.523,Feb 26 2009
31,31,"A Quaint Room Biggest Kingsize Bed You Can Imagine! We live New Delhi, chose take 24 Hour &quot;escape&quot; town. If know anything Delhi, would never think Nehru Place get-away place! It reminicent run-down Westworld Yul Brynner 1973 film. The pleasant surprise. Mission control room itself. A huge bed made comfortable sleeping playing surface family games. Definitely request room one top floors. The view huge windows bypasses built commercial areas looks onto green patch Delhi. One see Lotus Temple distance.The breakfast well worth eating. The huge fruit bar, cereals, juices great.The swimming pool freezing refreshing. Don't expect privacy though, half floors look right you.There cineplex 2 minutes walk fast food joints want get out, waste time getting there.As 5-Star hotels Delhi, price worth unless someone else paying.",0.20282334624439888,0.5006569453937876,Feb 16 2009
32,32,"Great Experience Eros Intercontinental The looked drab outside mall lower floors seemed depressingly empty inside different story. It richly decorated even little dated.This oozes professionalism older chains. Service perfect follow things evident staff aims satisfy guests.The breakfast buffet served food highest quality featuring local international cuisine.The gym busy morning serious health buffs tells equipment good. The staff gym actively helped guests working out.Amenities room abound, perfect people like can't resist taking bottles shampoo conditioner home me.Additionally, there's market across street everything electronics used clothes sold.",0.0965277777777778,0.4555555555555555,Jan 20 2009
33,33,"Great Place Delhi The InterContinental Nehru Place Delhi welcome place away hustle bustle city.The located south-east city, 25 minute drive centre. Taxis cheap, however want bit luxury, offers reasonable prices half day full day rates cars drivers, Honda City, Toyota Camry Audi A4.The also one best Indian restaurants I pleasure eat called Singh Sahib, offers good Punjabi fare also great live music. There also good Chinese cafe style restaurant too.The pool outdoors bit dissappointment along fairlly small gym next spa offering various treatments.The Executive Club floor (or package) worth going plentiful supply tea, coffee chocoaltes day long nice breakfast snacks later on. The Club lounge also offers fantastic views rooftop balcony overlooking sides including one nearby Lotus Temple. The Executive package also offered free return transfers airport, godsend Delhi makes price difference. The downside lounge provision internet access must paid for, may well hook room laptop offers privacy.All all, good stay friendly staff good size rooms bathrooms.",0.3538232323232323,0.4508888888888889,Jan 10 2009
34,34,"Sheer Bliss My family I recently stayed Intercontinental Nehru Place. As I give close attention reviews Trip Advisor, I bit concerned value stay. My concerns alleviated, however, course time Nehru Place. We found Nehru Place exceptional. We stayed two club rooms extremely comfortable. The club room included soft bed (felt almost like water-bed) comforter, spacious bathroom, outstanding view Lotus Temple, top line bathroom amenities. We also access Club Lounge best Club lounge I India-highlights lounge included great food pleasant views city. The lobby gorgeous restaurants top line (we ate dinner Indian restaurant included great food live music). What set apart rest experience concierge went way help us future travel plans Agra find package suitable needs budget. The one shortcoming stay check-in. I believe Nehru Place could grow improving Club Room check-in. We highly recommend Nehru place (especially Club Room) anyone looking experience five star luxury great value Delhi.",0.4423181818181819,0.6578333333333333,Jan 6 2009
35,35,"Disappointing... Anyone experienced Indian 5 star hotels comes expect lot terms quality service. In light, disappointment. It stuck time 15 years ago ways one. The carpets smell musty, decor jaded, rooms ordinary, staff seems bored even supposed traditional Indian welcome seems contrived....The breakfast standard buffet expect hotel. No surprises shocks. Yes location convenient check Delhi. If lucky get room view Lotus temple beautiful structure. But price rip off. There hotels around similar better offerings significantly lower price. If must stay Intercontinental chain Crowne Plaza Gurgaon far better property.",0.16416666666666668,0.6316666666666666,Dec 17 2008
36,36,"Perfect stay InterContinental A wonderful place stay thought every apsect stay taken care every detail. We 3 days/2 nights found great place sleep, eat, meet , work relax. It also easy operate from, get of, get places wanted go to.",0.8408333333333333,0.9375,Dec 10 2008
37,37,"good great hotel, great facilities there, allways ready help, less time consuming services, great food.",0.5222222222222223,0.5694444444444445,Nov 3 2008
38,38,"Great Business Hotel I've come expect certain level service Intercontinental hotels around world, Nehru Palace disappoint. The well maintained, staff professional eager help, rooms well appointed comfortable (you even select one many styles pillow want). The 24-hour fitness facility well equipped treadmills, ellipticals, stairmasters variety weight machines (There also spa yoga/aerobics service, I use either).As people stated earlier, breakfast buffet fantastic. The restaurant also serves lunch dinner buffet, quite nice. For transportation, offer driver service pick-up drop-off airport Rs.2,200. The driver meet arrivals hall, drive 40-60 minutes depending traffic.Overall delightful experience. I hope stay future visits New Delhi.",0.3583874458874459,0.5879978354978355,Oct 15 2008
39,39,"The Place Stay New Delhi The intercontinental chain stay India. The service impeccable hotel. The second walk someone holds door served fresh guava juice. The rooms spacious bathrooms nice new. The pool outside quite nice well. The buffet breakfast vacation right. There Western, Asian, Indian breakfast. This buffet one top five buffets I ever had. The location good well. It located close famous Lotus Temple within walking distance actually. It also located across mall decent selection restruants. The operates taxi hire service hire taxi take around city old ambassador car. This reasonably priced best way get around city.",0.3097776465958284,0.4677941755214482,Aug 7 2008
40,40,"I Like services Hi, Prince - really like services coz already operated one chartered plain Qantas 220 peoples yes words want say hotels services good front office bell desk sales person...thanks CHEERSPrince9899000220",0.12142857142857141,0.3142857142857143,Jul 3 2008
41,41,"Oasis city Excellent service, friendly imposing staff, room high standard bathroom little tired cracked plastic bath loose electric switch hanging wall (reported time repaired). Food generally good, sandwich tea lounge I struck evening notorious Delhi Belly.Would stay overall ambience relaxing.",0.1286383061383061,0.4111926961926962,Jun 29 2008
42,42,"Brilliant! This absolutely fabulous...Very Grand service brilliant. The moment walk hotel, transferred frenzy senses, smell, sound, sight - authentic indian, beutiful insence etc etc...You cannot go wrong hotel, though far city.",0.40625,0.8968750000000001,Jun 15 2008
43,43,"A great week Nehru Place Stayed week June 2008. Staff best ever experienced.. Nothing much trouble. Rooms clean functional, flat screen TV, desk, refrigerator..Internet connection expensive (200Rps per hour)..Car driver airport excellent complimentary service. Food Indian restaurant breakfast excellent. Would stay again.",0.4541666666666666,0.6175,Jun 11 2008
44,44,Good We returned two night stays hotel. On occasions pleasant hotel. Staff good- competent charming. Food breakfast Indian restaurant good. Rooms quite spacious clean.,0.6900000000000001,0.7638095238095238,Apr 30 2008
45,45,A great stay We stayed part Golden Triangle trip. This friendliest best appointed trip. The evening buffet super - especially chef's made order dosa!,0.4866666666666667,0.6433333333333333,Apr 19 2008
46,46,"Excellent Eros We arrived Delhi couple days relaxation tour Northern India &amp; Tiger Safari.The reviews web little concerned I worried Intercontinental Hotel lived great reputation.The spotless, food excellent &amp; staff professional &amp; yet friendly time.I thought magnificent &amp; would recommend business &amp; leisure travellers.We stayed end tour wind return home UK.",0.4461944444444444,0.5793888888888888,Apr 12 2008
47,47,"Lovely rooms relax This booked us travel agent read peoples reviews I quite anxious staying there, worries put rest I arrived hotel. After busy tour 4 days I welcomed relaxing luxurious room. The beauitful rooms excellent, exactly would expect 5 star hotel. My complaint lunch lobby lounge, I knocked rest stay &quot;delhi belly&quot;.",0.15062499999999998,0.6206250000000001,Mar 17 2008
48,48,"Great Hotel Having read recent reviews I somewhat hesitent stay Intercontinental staying couple days I must say I happy hotel. I come across construction renovation hotel.The clean modern. The pool area large pleasant. The rooms decent size amenities required.I found staff professional adequate. The couple restaurants various chinese, indian international selections. They also great buffet.Overall, I satisfied stay I would definitely stay again.",0.3552100840336134,0.5343417366946779,Mar 8 2008
49,49,"good short stay Very clean lots marble modern design. Small shopping centre nearby. Several restaurants choose sampled main buffet restaurant pretty average. Mostly Indian food small choice international dishes.We stayed 2 nights right., longer stays.",0.1377891156462585,0.47707482993197287,Feb 21 2008
50,50,"Tourist = $$$ Nice Hotel single room never sleep along, restructured, mice run around rooms, good luck",0.40952380952380957,0.6047619047619047,Oct 3 2007
51,51,"Noisy - lots traffice noise/car alarms etc My company booked me. I checked asked quiet room. gave room 708 noisy surrounded sides busy streets full - normal delhi traffic constant horn blowing, two stroke engines etc add car parks car alarms plus thin windows noisy experience. I spoke staff quieter room rooms exposed outside roads. I stayed total 3 hours stand anymore changed hotels.The room small tired looking also smelt pretty bad.I checked surprises bill charged Inr12,000 plus 1,625 luxury tax internet 800 + 100 VAT + service tax 99 total bill Inr14,623 US$365 three hours.",0.0,0.5061111111111112,Sep 23 2007
52,52,"What disgrace Were start?really need improve one - Hong Kong 20 10, one 0. room old tired life carpet stains itbed sagging shower bathroom, stand shower paint peeling night next room flush toilet wake up. Want go see buy something also shops anything nearby see shops carpet sellers sorry never again. next time go back another",-0.10416666666666667,0.3625,Sep 4 2007
53,53,"Good facilities I stayed however Delhi I always go Sunday fantastic buffet lunch swim.You buy day pass gym pool allows use lockers, showers etc give towel.The buffet Sundays fantastic. There several parts buffet salads, hot food, desserts, cheeses etc. There always two sections change week... one different hot food cooked spot ie: chinese, pasta, seafood etc another cold food prepared spot like sushi.There always chocolate fountain dessert table delicious.",0.24,0.67,Sep 3 2007
54,54,"good serious management problems I stayed times last years reviewed past.The good things still good - excellent restaurants, friendly staff etc.But I got home I found credit card charged TWICE stay. I settled bill full I left, charge statement. But identical charge ALSO statement, dated days later. So double-charged me. I asked assistant sort surely make sure happen first place.",0.2588541666666666,0.4371527777777778,May 8 2007
55,55,"A fantastic major problems This fantastic 5 star hotel. So beautiful sparkling clean fantastic service food. The Spa gym great beautiful outdoor pool. If reason closer city good choice. However problems started InterContinental Reservation line. I spoke friendly woman quoted price Club Room I booked reservation. I soon contacted told made mistake price existed Club Room Category. I let know fault still honor quoted price. They eventually division InterContinental Hotels ended picking tab 3,000 rupee difference. That first problem. I special occasion soon found room major construction. We listen pounding jackhammers 3 days. I became food extend stay 1 night. I contacted 4 times phone different front desk emplyees let know I would paying much higher rate extra night. In addition, I receieved note door duty manager called sure I knew this. It excessive good timing given stomach illness. The last straw I shut dressing room closet glass shelf bar collapsed (the bolt fell wall) entire shelf contents mini bar shattered around feet. This inconvenient dangerous. I called house keeping sent clean mess I never contacted anyone else check condition misahap. Upon checkout tried charge broken bottles though I made sure Manager knew situation. Any problems may encounter brushed over. They want pretend everything perfect fact not. They also tried charge much higher rate I insist Duty Manager get involved. Forget trying get access GM allow it. This big problems. It shame gorgeous. The service restaurants room attendants fantastic. It management front desk personnel problem.",0.20384856371698482,0.6279143371248633,May 4 2007
56,56,"Good choice Delhi ~$US200 range My wife I stayed couple nights Intercontinental Nehru Place wrapping-up one-month trip Rajasthan. Delhi expensive, hotels often poor value. This cheap (around $230 taxes), plush, comfortable, quiet good value Delhi.",0.09999999999999999,0.619047619047619,Apr 10 2007
57,57,"problems solutions stay one night, use wireless possible, check forget charge phone calls, advise it, lost 20minutes find phone calls, charge calls completed.I advise problem guy nothing. hope next time stay place thurst.",0.14583333333333334,0.5625,Mar 23 2007
58,58,"Fantastic sheer decadence. Clean, tidy polite staff, bell boy duty manager nothing much. I would stay without question. India expensive currently shortage good quality rooms. This costs similar amount much poorer properties New Delhi perhaps 20% worth investment",0.2233100233100233,0.5157342657342657,Mar 5 2007
59,59,"Fabulous outstanding service This fantastic! From moment I arrived, I treated like royalty. The staff even knew name. Anything I wanted, happy help with. The room large comfortable. The bed bedding luxurious, provided pillow menu wanted different type pillow. The room essentials would need luggageâthe desk adapter plug, tape, stapler, staples, ruler, etc., gave clean robe slippers every day, even emergency flashlight, daily tray apples, complimentary bottled water, toothbrush toothpaste, razorâ¦and more. It wonderful experience. The towels soft, India really appreciate hot water, great shower, actual bathtub. My room cleaned quite well. I given smoking room I arrived close midnight, called next morning see I wanted change rooms, I said I would stay room fine even smell like smoke. I left camera n lobby staff found brought me. I purchased sari, mentioned one girls lobby I know put on, came room showed wrap sari! They warm welcoming. For woman traveling alone, important. The food âcoffee shopâ also outstanding. I ate almost Indian food great, plus service excellent. I definitely want stay again.",0.390652557319224,0.6029100529100527,Feb 24 2007
60,60,"A star performer Superb! Came awful Ashok like different world. Superb staff, clean efficient, great restaurants. Not quite central always use taxi anyway price worth paying real quality.Would come experience sheer delight great hotel.",0.2888888888888889,0.6416666666666666,Feb 13 2007
61,61,"Avoid bad experience I 2 week business trip India looking forward stay hotels I stayed excellent. However, place major problems. All sorts issues add irritating unsatisfactory experience. First, I booked non smoking room. When I went check non smoking rooms available told I could smoking room change tomorrow. When I book something normally booked - right? I expect book something find really booked. I got impression big conference block booked rooms, one person stay important them. The room put intersection 3 streets anyone knows India, streets honk car horns constantly. This would problem windows closed properly room, seem screwed place, screws coming loose, effect windows open close properly effect car horn noise comes room constantly. The room OK pretty shabby. The front control panel missing television. The bathroom look particularly clean. Wireless internet advertised wireless connect. I impression put smoking room I want I arrived, someone going call day I arrived, let know I switching rooms - nothing happened. It service really lacking. I knocked service standards first I stayed (the ITC Sheraton &amp; Towers Chennai), service poor normally high Indian standards. They system dial &quot;9&quot; requests, links &quot;Instant Help Center&quot;. This good idea principle, people answer phone poor grasp English irritating experience. I called &quot;9&quot; ask I contacted changing rooms. They answered phone words &quot;can I help sir?&quot;, I explained situation, long pause end line, person said &quot;can I help sir?&quot;, I explained again, long pause end line, person said &quot;can I help sir?&quot;. You get picture, might well talk cat. Instant, exactly help. I finally said, &quot;you can't understand anything I'm saying - you?&quot;, said &quot;one moment sir&quot;, pause 2 minutes &quot;hold music&quot;. The receptionist phone gave impression intentions contacting room change, kind remind them. Not impressive. I also asked 2pm room cleaned. They said must &quot;DND&quot; notice room cleaner there. Why people customer care role use meaningless jargon dealing public? I finally figured DND meant &quot;do disturb&quot;. True - &quot;Do disturb&quot; notice room 8am, I'd kinda hoped 8am 2pm cleaner might returned. The concierge service similarly disappointing experience. I went morning got information trip Agra see Taj Mahal. The guy gave information I said I'd think come back later. About 4 hours later I went back concierge desk unmanned. I waited, waited waited. Around 10 minutes went by, receptionist staff side (sometimes even serving customers) simply ignoring me. I finally got hold one receptionists try see concierge got hold somebody. I thought guy also concierge, turned someone got hold of, much clue help me, said concierge would call four. Four came went I called ever useful &quot;9&quot; number asked put concierge, long pause again, receptionist answered stated concierge still around, would call 10 minutes. Thirty minutes later I gave upon getting phone call went concierge desk found myself. The electricity also seems drop around 5 seconds, I sitting bath last night lights went out. Each time lights gone come back again, I fear may one time. Also note us Americans Western Europeans used smoking banned enclosed public spaces. Word warning - here, worse, little sign-posting indicate smoke cant. I coffee pastry coffee area reception (where service unresponsive slow) I engulfed tobacco fumes. This pretty horrible experience used it. I would recommend place, seem complacent seem care customers. The ITC Sheraton's I stayed much cleaner rooms service standard excellent.",0.01012981617148285,0.4368268382851715,Feb 10 2007
62,62,"Treated like royalty! Stayed property twice, fabulous stay times. On first stay, arived midnight, yet seemed entire staff came greet us receiving line. We presented wrapped gift (a photobook India) whisked room, 1100 sq ft suite. The suite full fruit platters, cookies, flower arrangements, including 3 foot tall arrangement bedroom. The suite immaculate, rollaway beds made children. Both bathrooms supplied every imaginable amenity, bed heavenly. On Xmas morning stockings left door, filled cookies candies kids miniature liquor bottles adults. Service breakfast restaurant extremely attentive, yet unobtrusive, staff presented us gifts. The club lounge comfortable, nice attentive staff, excellent snacks (tandoori shrimp, samosas, sushi, veggies, cheeses, etc., etc.); tiny minus due liquor laws, children allowed club lounge alcohol served. The restaurant Singha Sahib truly amazing; much, much better acclaimed Bukhara Sheraton. Upon departure, restaurant staff packed us huge complementary lunch eat voyage Agra. Simply perfect stay, truly felt like royalty.",0.36375,0.6991666666666667,Jan 28 2007
63,63,"They charged twice The front desk terrible. They know doing. I booked thru Orbitz reservation fully paid I arrived. I even brought receipts me. When I went check out, said receive payment Orbitz yet. I showed receipt told call orbitz. They insisted taking credit card. I reluctant give finally manager assured like Intercontinental would double charge, I finally gave in. Well I checked bill today, charged reservation. I annoyed. I spent entire evening trying straighten out. It complete waste time. I hate right now. Do Not Stay Here.",-0.15952380952380954,0.5550595238095238,Jan 25 2007
64,64,"Beautiful pricey facilities This beautiful opulent, would expect price range class. We stayed January 2007 couple nights either end golden triangle tour. The rooms lovely, furnished well super bathroom (see uploaded photos). My parentâs room smell smoke given non-smoking room asked change problem there. The bed definitely highlight- like sinking cloud! We slept wonderfully. Unfortunately price facilities also expensive, point unreasonable (in opinion). An hour internet priced 600 Rs (7 GBP) make two urgent 10 minute STD calls Chennai (south India) room shocked upon checkout charged 2700 Rs (over 30 GBP). We also told checkout rather abruptly pay breakfast! So insist check booking breakfast indeed included rate. This bit pain, reception staff quite difficult, eventually concede mistake checked booking. Overall, beautiful gorgeous beds, careful donât con extras unless company picking bill!",0.11680555555555557,0.8017777777777777,Jan 14 2007
65,65,"Better Imperial IMO. We choose booking would've budget. However, fast-talked Golden Triangle package, math, significant savings nightly rate place. We stayed last leg package, next-to-last night India. I care India general, wish go (or return), I would recommend place. To me, made hassles substandard facilities I endure prior checking IC. I found place far impressive Imperial (where I stayed majority time Dehli), albeit without history. It's nice business-class hotel, I thought tourist-friendly well, although guests business. I picky used American standards hotels, I still fairly impressed. No problems check-in/out, professionally handled. I recall problems room. I loved public areas lovely bakery. I chance use pool. I worked ladies' gym. My problem jacuzzi slimy inside. Ew. So I use it. Although gym fine, I've used better spa facilities, still overall place better anywhere else I could've afforded stay (didn't try Oberoi).",0.33266666666666667,0.5333333333333333,Jan 7 2007
66,66,"loved service I stayed intercontinetal december 2006. Check easy, staff friendly. Food restaurant delecious lot choose buffett.Rooms nice clean beds made twice day staff always wanting go extra mile help customers. I definitely stay next visit delhi.Only drawback distance international airport 45-60 minutes drive.",0.2875,0.5092592592592592,Dec 19 2006
67,67,"A great experience My husband I stayed October 5 nights found excellent. We package whole trip Delhi/Agra everything went like clockwork. The tour operators (Go India Tours) collected us airport took us - arriving 3.00am warm welcome find room ready us. We delightful room, quite large king sized bed, spacious marble bathroom. Whenever requested car stay, one available instantly. Perhaps answer previous critic - order car demand!The breakfast buffet choices extensive, every taste catered for. We dinner Sing Sahib restaurant lamb shanks really divine! I totally recommend them. We went dinner famous Imperial Hotel lunch one day, one night ate Spice Route Restaurant. The restaurant mangnificant, unfortunately food good all. The food much better InterContinental.The problem room plumbing bathroom bit noisy, water drain away showering. We advise - get around it, really complain.Our trip Agra fantastic - tour company collected us physically put us first class train seats. We met Agra wonderful day checking Taj Mahal Agra Fort. Everything went plan terrific day.The Business Centre good, charge internet use. It expensive.All all, nice 5 star would definately stay again.",0.3174149659863946,0.6375510204081634,Nov 1 2006
68,68,"Nice Hotel frustrating experience Staff We booked luxury hotel, hoping relaxing weekend Delhi.Before arriving I called two days ahead requested driver pick us airport. I provided arrival time, said would placard names sign. On arrival, spend 15 minutes looking driver. A helpful airport employee called Hotel &amp; put us touch front desk. The Hotel stated flight arrival information send car. I provided information days earlier, verbally told everything order. We waited another 30 minutes another driver pick us up, course charged it.I also made call Hotel line driver day trip Agra &amp; Taj Mahal. The concierge phone quoted us price I agreed to, confirmed would driver Saturday morning 7am tour guide Taj. He told us could pay concierge desk arrived. The first night arrived hotel, stopped concierge desk pay. They said find information tour request! We started scratch &amp; booked tour night. Fortunately driver picked us next day &amp; great day trip. This second major lapse staff.Our room nice, clean elegant. One main problems floor (5th), must re-varnished woodwork floor. The fumes overwhelming point nausea. Luckily room bad.The meals good restaurants, ATM close by, facilities including spa nice.The final day another communicaton breakdown. We requested driver 12noon last day take us airport. When checked out, one idea driver. Luckily bell captain made call one shortly.With premium price 5-star hotel, disapointed service. Our three attempts line transportation either lost forgotten requiring us double &amp; triple check arrangements. Not something I would expect even three-star hotel. We'll staying elsewhere next trip.Marc - USA",0.253125,0.5687500000000001,Oct 10 2006
69,69,"Fabulous facilities good rooms Was Delhi extended time summer decided splurge weekend. First showed room facing street--our request view Lotus Temple pool back granted; however, without delays. The wrong set keys sent right set came got stuck door time. The lady showed us room obviously flustered bellboy tried helpful. Staff desperately need training. Finally, got open 15 minutes waiting outside room. One thing, constant alarm adjacent stairwell buzzing hours middle night; called operator twice stopped. Other episodes, rooms clean; comfy beds; massage spa great. Great big clean pool. For price quality facilities, I would stay Imperial Hotel.",0.11519274376417232,0.5048752834467118,Oct 3 2006
70,70,"Getting even better I stayed year ago loved location I found close areas I planned visit. It good experience then, staff friendly, services easily comparable five star Asia pretty good value money. This year due sheer convenience I stayed there. Though hotel's standard services still one expects every 5 star hotel, little things made time great. Tired flight sheer delight see I met door taken directly door room, baffled I even asked I need check ? answer smile Sir, checked in. Little things like continued, people always ready attend everywhere. Another thing actually need something, press one button operator rest, matter needed... dialling different nos. diff. needs. Thank God! I tried chinese restaurant time...I thrilled authentic cuisine put together actual chef East Asia.All all, place getting better, I already looking forward experience I stay next visit.",0.1897849462365591,0.4970430107526881,Sep 27 2006
71,71,"Sorry sir know I stayed business trip, arrived early hours morning greeted front desk &quot;You reservation&quot;. Evidently office taking bookings always make reservation system. Then, later stay, I made reservation front desk I arrived first stay, told later (but I checked end first stay) rooms available except standby basis. Why tell up-front? Or actually make reservation asked? The front desk staff need better attitude customer service, actually say do.The rooms good, clean: I've stayed Club rooms one Suites. The pillow menu nice touch, choice room feather synthetic pillows.I never get Internet access rooms work, time mess around business centre.Another minor irritation insistence doorman made taking cases away arrival, abandon lobby period time. The customer given choice parted luggage not.",0.1416666666666667,0.47324561403508775,Aug 18 2006
72,72,"Luxury Home Away Home Me Family pleased met main porch right Taxi. The man professional conversation took us Lobby small break taken room. I really tired wanted keep away normal formality.During stay I came back one evening, Manager reception red tie offered complimentary juice welcomed back home. What would tired man day wants.Restaurants clean staff lovely.Rooms old well maintained.There noice travelling outside. Internet good speed.Staff overall great.",0.1536340852130326,0.40626566416040094,Aug 3 2006
73,73,"Trying Hard Stayed 3 days. Room service- excellent. Some reception staff cool,some get stressed. One person didnt clue treated us , staying home free. 24 hour restaurant -you still see flies allover. music loud conversation.",0.26805555555555555,0.623611111111111,Jul 9 2006
74,74,"Imperfect good. The restaurants great. We 2 rooms 3 days off-peak season. Our price quite good (6580 Rupees plus tax).The substantial problem air conditioning work one rooms. Partial air conditioning restored within 12 hours, heat summer, expect top apologize profusely, refund room offer another room, something similar. The thermostats climate control systems old, facilities updated. The beds, linens, pillows good.The restaurants extremely good, menus interesting, wait staff able predict special requests. They handled small children well, meal faster explained hurry. The restaurant prices high (120 plus tax bottle lesser-brand mineral water) comparable restaurants top hotels.The business center staff helpful establishing internet connections (which trivial.) Much service quite attentive detail, porters put suitcase luggage stand put briefcase desk, instead dumpingeverything bed.I agree front desk staff good. They easily overtaxed regular job duties brusque handling special requests. Even though dealing customers I there, seemed feel overstressed frazzled. There little things quite perfect. For example, pianist playing lobby, piano terribly tune. But fact live musician lobby tells tremendous effortto provide luxury experience. As one would expect I found far superior Metropolitan Hotel Nikko.",0.21470902906617195,0.5626603872318157,Jul 7 2006
75,75,Worst Front Desk I EVER encountered!,-1.0,1.0,Jun 12 2006
76,76,Great come back evening,0.4,0.375,Jun 5 2006
77,77,Sheik Sahib...Loved,0.0,0.0,May 1 2006
78,78,Wonderful Transition Home,1.0,1.0,Mar 20 2006
79,79,Really excellent business choice,1.0,1.0,Feb 23 2006
80,80,Interesting Reservation System!,0.625,0.5,Feb 7 2006
81,81,Great respite Delhi,0.8,0.75,Dec 29 2005
82,82,Surprising overwhelmingly fantastic!,0.6,0.7,Dec 5 2005
83,83,Very pleasant stay,0.9533333333333333,1.0,Oct 27 2005
84,84,Fungus wine bottle,0.0,0.0,Apr 2 2005
85,85,Etwas die Jahre gekommenes Grosshotel,0.0,0.0,Dec 27 2008
86,86,Puzzolente,0.0,0.0,Oct 3 2007
