,Unnamed: 0,Reviews,polarity,subject,Dates_extracted
0,0,Amazing! say... drive area situated thinking worst.. turn corner Avalon comes nowhere! Fantastically designed great rooms good food! Gym pool always nice addition avalon certainly lack. Only one quarm think shower door fitting properly leading large puddle water bathroom floor. Apart that... Amazing.,0.2548701298701299,0.7045454545454546,Nov 25 2009
1,1,"Claustrophobic No-maza The approach road Avalon appears unfriendly dilapidated. I think want take stroll around hotel. Inside courtyard rooms trendy mini kitchenette. The long french windows lead nothing ... err completely covered space. No fun. We used place grab night's sleep kept busy NewDelhi day times. The courtyard boasts heated indoor pool, heating system functioning stay. Breakfast spread ok.",0.04375,0.43124999999999997,Oct 3 2009
2,2,"Modern pleasant totally way! The Avalon pleasure walk - bright spacious reception modern decor. Very clean pleasant check procedure. Lovely double room - almost suite, well equipped TV, sofa, comfy bed clean fresh bedding. Staff friendly attentive required.Downside location....we booked agent realise location otherwise would stayed here. If want wander town (Delhi), wrong place stay. If want stay quieter residential area might you.",0.31233333333333335,0.6362222222222222,Aug 31 2009
3,3,"Awful Location dry (alcohol) drivers scams money lovely rooms. Fortunately, savior rooms completely fantastic. We arrived evening found room entirely lovely. However following morning booked car hotel, scammed 'guide'. The staff entirely lovely restaurant decent. IF YOU DRINK THIS IS NOT YOUR HOTEL, district dehli completely dry. Also must keep mind travel outside may need pay tax get entry back district (your taxi pay fee). It also far sights city center prepared pay around 700Rs 40m 4 hours fees sightseeing. We probably would NOT go back location proximity anything Dehli worth seeing.",0.08596491228070176,0.5350877192982456,Jul 29 2009
4,4,"Ultra modern clean friendly I stayed one Residence suits lovely - spacious, well equipped kitchen, large bathroom, sofa, TV comfortable bed.The staff delightful, really friendly helpful.The spa nice facilities included room priceInternet super fast expensive 500RS 2 hoursBreakfast also delicious.It took 30 minutes get airport homebound flight really convenient overnight stop.",0.3597527472527473,0.6534798534798534,Jul 28 2009
5,5,"good far center I move booked Raunak nightmare there. far center 30 mins 20 mins airport 15 mins big shopping mall happy there. residence room nice similar service apartment. got living area kitchen counter microwave shower. shower always leaking shower door rang staff since teh first day never come fix it. water floor everytimes shower overall room good. lobby nice modern style. staffs ok really communicate among themself first. plan go lotus temple reception guy call chek open not. said open day went close. also, already booked taxi go airport. 3 staffs keep asking book taxi yet want charge taxi even package guest profile said 'included 1 way trasfer airport'. room service food nice breakfast quite abit limit choices. internet expensive also. RS 250 per hour. paid 3,500RS per night stay 4 nights i'm quite happy overall.",0.23478260869565215,0.5333333333333333,Jun 16 2009
6,6,Very nice Room Nice Hotel Awful Location Sutese nice. Very modern well equipped. Terrible view window high canvas fence installed I sure hide view quite awful neighbourhood outside.Restaurant nice pleasant staff. Food fine somewhat limited choice. The restaurant unlicenced bar hotel.Swimming Pool (Indoor) unfortunately cold brave enough use it. Otherwise recreation area good.,0.1110924369747899,0.8083380018674136,Jun 2 2009
7,7,"GReat Hotel This nice, clean well serviced hotel. Location great nice room attentive staff, fantastic. The gym great, staff massages available. The food fine--and staff attempt make anything you. internet really good, although expensive.A great find.",0.6224242424242425,0.7727272727272729,Oct 24 2008
8,8,"Pub beer! We arrived Avalon Courtyard flying Australia.We travelled along rutted filthy streets rain first impression India good.The driver pulled lane way said are, see hotel!Once inside huge atractive atruim apeared, nice, room lovely, big kitchenette, living area bedroom well appointed bathroom, good suprise.The restaurant served excellent food, one drawback.....it dry hotel, bar, liquor served midle nowhere nowehere go buy any.For group Aussies arriving 14 hours travelleing good thing.Other location lack beverage good value I would hapily recomend, BYO!",0.28444444444444444,0.7244444444444443,Jul 5 2008
9,9,"Easy entry India Very clean, modern reasonably quiet. Breakfast served early us early train Agra.",0.21833333333333338,0.4961111111111111,Mar 24 2008
10,10,"Ultra modern noisy charmless. My girlfriend I stayed one night end recent holiday.The Avalon Courtyard ultra modern totally lacking character charm experienced stays wonderful heritage hotels palaces throughout trip. To say girlfriend hated would statement.When enter it, feel like walking onto set science fiction movie. All rooms open onto corriders overlook central courtyard/atrium.There one cafe style restaurant could sit watch people indoor pool anyone used it. The time stay (9th March 2008) licence sell alcohol.As mentioned earlier reviewer, conveniently located access bars restaurants, taxi would necessary wish so. When asked chosen last night, reason given proximity airport.The room modern clean although quite small. There bath. The walls must incredibly thin I counted next door's alarm going 5 times occupant made maximum use snooze facility. The windows single glazed serve keep rain out, since less ineffective keeping Delhi's noise. The view room concrete wall separated us 20 feet so.On positive side, staff extremely courteous friendly. One even took trouble return suitcase keys I accidently left room checked out!Overall, I would say avoid staying so. If not, treat stopover en-route somewhere better.",0.0948659405111018,0.49784108364753515,Mar 14 2008
11,11,"Nice rooms friendly helpful staff New property opened month. Rooms spacious well suited medium term stay. Microwave, couch small frig room. Beds great. Very nice gym new equipment. Drawbacks challenging location, nothing close within walking distance taxis required. Property faces village road two ninety degree turns block. Cars horns used warn motorist pedestrians approach corners. Staying towards back property recommended.",0.30777272727272725,0.5684090909090909,Oct 29 2007
