,Unnamed: 0,Reviews,polarity,subject,Dates_extracted
0,0,stay capital This heart capital blend contempory services heritage serve customers. Finest rooms touch comfort really makes feel comfortable.,0.30000000000000004,0.5,0.5
1,1,"Excellent service We spent night ITC Welcome Sheraton earlier week stayed several different hotels Delhi Agra visit. The Sheraton without doubt one best stayed (see review Intercontinental Eros Place). One piece advice, sure print full name address travel, several Sheratons located different parts Delhi drivers get really confused.We booked king bed room non-smoking floor pleased informed upon arrival upgraded club room promply brought club floor lounge happy hour drinks snacks checked in. The room modern, clean well-equiped, staff extremely friendly helpful. The selection quality food surprisingly good. We definitely stay next time Delhi.",0.33458333333333334,0.5119444444444443,Nov 10 2009
2,2,"Sheraton best part trip New Delhi The best part stay New Delhi Sheraton hotel. It place New Delhi treated like royalty stared constantly Indian Americans.; actually felt welcome. The amenities plus Spa beautiful pool. The complimentary breakfast buffet amazing international cuisine. The room clean bathroom best ones encountered tour India. The staff kind attentive minute arrived airport departure . In fact departure lucky enough representative Sheraton, Manoj Kumar us every step way Air India gave us difficult time luggage weight. His quick thinking experience allowed us receive minimum charge 50% Air India wanted us pay originally. We grateful stay Sheraton ensured smooth visit. We definitely back. :)",0.35189696969696965,0.5872121212121213,Nov 3 2009
3,3,"Modern comfortable Very comfortable, clean rooms, spacious modern bathrooms, I enjoyed stay Sheraton almost 100%. Very helpful staff, good buffet lunch.Draw backs: There smell fresh paint floor. Internet charge IR 700 per 24 hours.",0.3762962962962963,0.5777777777777777,Sep 20 2009
4,4,excellent service staff celeberated birthday staff prompt effecient brilliant every aspect birthday cake yummy beautiful prepared thier lady chef. location great especially u r foodie shopahlic movie buff. doubt say best malls around walking distance india yes india.and people part delhi r genuine honest u compare parts located elite part southdelhi. isconsidered themost affluent part . though tourist may bit far tradional tourist spots must say worth shot. hope u enjoy great service thier staff did.,0.5482142857142857,0.7232142857142857,Sep 15 2009
5,5,"Perfectly acceptable outstanding accommodation I'm willing admit, judgement Sheraton New Delhi clouded somewhat glorious stays properties managed ITC Welcomgroup India, (also operated Sheraton franchise), place going lot really stand out! My employer selects, pays for, accommodation I travel, I can't comment value nightly rates, compare hotels chain. The Delhi property, maintaining high overall standard accommodation service, seems lacking 'little things' really make stay, differentiate properties group. First off, 'Sheratonisation' process seems continuing apace! I understand backing huge, well-respected popular brand great value group customers, small differences gave Indian hotels 'local' feel seem disappearing, replaced generic 'Sheraton' model. This huge thing, I know - indeed, might welcome familiarity - I always used enjoy seemingly 'exotic' bathroom ameneties made India like! The public spaces modern feel which, apart ever-smiling doormen bedecked traditional outfits, could almost anywhere world. The rooms I come expect, high ceilings, lots dark wood plenty wardrobe space. I sure think picky, standard rooms Delhi high elsewhere, (and I'm comparing regular, non-executive floor, non-marvellous view type room here!) Again little things. The mini-bar - I never use, I'll admit, often empty straight away restock bits pieces - looks like attended practically empty. There one glass drink and, unlike Sheratons India, swizzle sticks, straws, coasters etc. There iron ironing board room, I suspect common across board, (so speak!); quick call housekeeping sort out, would handier iron hand need it!The bed huge comfortable, complaints there, (and all, important thing?!), plus cosy two-seater sofa coffee table, gives idea size room. Flatscreen TVs seem appeared since last visit, (not big draw personally, everyone seems desperate get things rooms days!), three telephones room bathroom, excuse miss call! The workdesk area organised corner layout, makes easy use. International visitors also appreciate 'multiplug' sockets room, (I spotted two!), seem cater various plugs around world, (though check voltage first!) There's one workdesk, another beside bed, handy charging mobile overnight!The bathroom is, comparatively, quite small. It however pleasant loaded ameneties. The shower bath room, unlike properties feature separate shower. There plenty mirrors throughout room bathroom, lighting one work another will! Service gracious I come expect Sheratons India. I'm expecting - never appreciate - staff falling me, quite common pass staff hallways pleasantry offered returned, smile reciprocated. It's thay rude; I come expect appreciate smile time time! Equally, concierge, accommodating obliging, seemed somewhat unenthusiastic requests colleagues met little good grace!I sure worse places stay at, even within price bracket. What disappointing, I KNOW could done much better, (and achieved elsewhere ITC Welcomgroup chain!) As I say, I've spoiled somewhat previous experiences elsewhere; bit effort Sheraton New Delhi could easily match, exceed, experiences.",0.15035858585858586,0.49356166796166795,Aug 27 2009
6,6,Great Decor. Great Service The ambiance great. The staff courteous helpful. The helped plan entire stay Delhi.Great Place be.,0.6000000000000001,0.775,Aug 7 2009
7,7,"obtain good directions(possibly another hotel) Imagine driving District Kangra(on good day, 15 hours), heat stroke Chandigar, drivers good command English Hindi, arriving outskirts Delhi call obtain directions. Then, two hours later, apparently due misdirection staff, finally arriving, Delhi traffic notwithstanding. The room(and amenities like slippers, robes, etc)reserved two prepared one. The SPG lounge insists beverage service one guest even though clearly two party. On check-out preparation airport first vehicle line clearly suitable. Finally speaking SPG Guest Services back stateside told provided complimentary transportation tot airport, clearly case.On plus side, luxurious public areas sumptous brunch buffet-a real effort &quot;regain confidence guest,&quot; somehow falling through. Somewhat departure usually excellent Sheraton/SPG customer service.",0.1760233918128655,0.48318713450292405,Jun 13 2009
8,8,"Very good Hotel Nothing say staff, rooms amenities, everything perfect.We triy restaurant breakfast, neagtive thing location...It's little bit outside center. If need transportation, take rickshaw outside never ask taxi, taxi going rip off.Going back also problematic, fortunately, there's larg shopping center around corner hotel, indicate &quot;City Select Mall&quot; Saket Disctrict go back hotel.The mall also heaven peace Dehli. Don't go shopping, air-conditioning peacefull place!",0.09225,0.32799999999999996,Jun 9 2009
9,9,"Very nice stay Had great time staying visiting Agara too.,",0.79,0.875,May 22 2009
10,10,A great memorable experience An excellent property decent location New Delhi. It Five star property - usual five star facilities available. What I recall best quality food restaurant range liquor. It excellent check-in &amp; check-out facility.,0.528114478114478,0.6468013468013468,May 11 2009
11,11,"Loved Food I stayed Sheraton New Delhi business trip found absolutely wonderful experience great food choices-North Indian, South Indian really good Asian variety. On top food variety, staff extremely sensitive guests needs made experience even better.",0.49292929292929305,0.6116161616161617,May 9 2009
12,12,Above average!!!! The ok senses. Only thing makes bit difficult staff members enough experience deal esteemed travellers. The ambience good amenities acceptable.,0.04768415178571428,0.5857142857142856,May 4 2009
13,13,Could better My experience great per expectations. This 3rd visit place giving constant feedbacks previous stays thought woudl take extra care little things missed previously. surprise nothing much done. Things like giving non-smoking room even though mentioned want smoking one. It terrible hearing fire alarm go seeing everyone gather outside room. The food could little better. Bell boys efficiency anothe rthing look at. Overall would say satisfied delighted stay.,0.02598039215686275,0.3877450980392157,Apr 28 2009
14,14,"Good Business Hotel I've stayed Sheraton, New Delhi several times last years.I would rate first class business hotel. It good range restaurants discerning business traveller.The service levels par best business hotels India.The rooms clean, hygenic regular frills one used sheraton hotel.On whole, good enjoyable experience, though definitely trifle expensive Lemon Tree.",0.2851893939393939,0.41946678321678327,Apr 28 2009
15,15,"bad reception It bad experience reception, As per contract I two breakfast &amp; I avail same. However tiome settling bill recpction unaware . It bad time reception.",-0.4619999999999999,0.5650000000000001,Apr 17 2009
16,16,"Ok could better Stayed 3 nights end weeks business Punjab. Upgraded exec floor like convenience lounge extra facilities. Rooms well finished traditional style good stock amenities. Good room night service home made biscuits fruit daily. Large bathroom well stocked.First night arived late ate buffet 'Bay Watch' restaurant. Not recommended, despite marketed 24 hr food past best, staff attentive helpful grill chef quite surley. Complained general manager stay food bill refunded.Pool staff good nice area sit relax (may near ear plugs traffic - thats Delhi)Also exec lounge fairly small breakfast afternoon canapes poor. I asked boiled egg first morning told hot items available lounge. I later found true hot items could ordered. Also found staff concerned TV tending guests.I like Sheraton group heartened complaints manager receive prompt attention, would cause come back I think need check business delivered customer.",0.18033163265306115,0.5189965986394558,Mar 29 2009
17,17,"Stay whatever I travelled India lot. Stayed one star 5 star hotels sometimes regretting outrageous costs little return. But here, highly trained super friendly staff border servicing. I long used indifferent service staff bordered insubordinate.The Sheraton New Delhi surpassed optimistic expectations areas boot food nothing short amazing. Dont miss place afford it. Then hand, afford miss experience?The managers name Rishi. This man ensure stay one remember.",0.0674724517906336,0.5578374655647382,Sep 20 2008
18,18,"Wonderful experience I've spent nearly 3 weeks month since August 08. Great real 5 star facilities. Staffs extremely friendly. Though lacking restaurant connected shopping center, could still get one biggest mall Delhi less 5 mins cab ride. If SPG gold member, even get free room upgrade late checkout 7 pm!!! Obviously I got ...",0.17476325757575759,0.4651515151515151,Sep 18 2008
19,19,"OK much better '5 starts' India I say I somewhat disappointed stay here. While nothing serious went wrong, I left underwelmed. The property looking bit tired, rooms also. The staff poilte usual attentive lot I usually find India. I' stayed better hotels Delhi. On positive note, room service breakfast tasty served promptly.",0.003138528138528131,0.5044372294372295,Aug 12 2008
20,20,"Nobody Gives You India Like Sheraton I got back business trip Delhi, India spent part week Sheraton Hotel, Saket, New Delhi. The average, facilities good, location boggles me, service excellent. I stayed three nights checked another night checked back another three nights. When I checked back in, saw feedback I left first stay could make experience better. The bed bath linens clean plentiful. I big fan pillows room, offered pillow bar I could choose pillows based preferences were. For days, I switched Privacy switch Housekeeping called least confirm I want room cleaned. I got king size bed, I paid INR 7300++ (lots taxes!) bed, big bathroom, couch work-table. Unfortunately, I business part week I able appreciate facilities hotel. My room come view I doubt would different anywhere else building. The room comes complimentary breakfast, someone buffets Sofitel (Spiral) Shangri-la (Circles) Manila, selection paled comparison. If looking travel elsewhere watch plan day early, breakfast start 7am. As prices go, prices in-room dining limited steep. Food quality serving sizes pretty good though.Overall, I'd say good stay at. I'd recommend anyone travelling what's it, at.",0.19654080487413822,0.41317540484207144,Jul 28 2008
21,21,"nice could better First okay great, donât hesitate staying better available. We needed book last minute change plan needed overnight near airport, I checked trip advisor recommendations. The stated 30 minutes airport, I chose it, took us hour! However still wonderful pull oasis abominable Delhi traffic. Booked [--] 14,000 rupees per night 2 executive rooms inclusive drinks, hors dâouevres 5-8pm breakfast. We arrived 7:56pm unfortunately longer entitled complimentary drinks etc little annoying.Rooms spacious great beds clock somewhere would nice. Although two rooms booked one upgraded amenities, fruit, chocolates etc. It may seem little sexist west female travellers nice female floor.Probably worst part stay restaurant Pan Asian. The dÃ©cor dated. The cooking stations adequately ventilated resulted making eyes sting cough fumes, wait get out. The food sloppy, tasteless priced. My local takeaway superiorBuffet Breakfast lobby 7-10:30 wide variety available, although 10am options empty refilled. I asked poached eggs told would take 10 minutes, 40 minutes hadnât arrived left.Stay oberoi. Itâs better, cheaper inclusive luxury airport transfer.",0.12239583333333331,0.5723958333333332,Jan 10 2008
22,22,"Good balance price location niceness Sheraton New Delhi first experience India. The room large, comfortable clean, although carpet dated reason always seemed damp. The bathroom huge nice. The front desk staff great - helpful giving advice obtaining taxis, etc. Food fine - standard buffets wide variety options. The location turned fine. It's close couple significant sites may otherwise made (Q'tab Minar Humayun's Tomb), I return I may pay extra money stay closer city center. We get much walking around b/c far walk Connaught Place (or sites area), taxi ride take traffic bad (took hour one evening get home CP). Overall, I'd stay I planning days New Delhi, shorter visit, may fun (though louder definitely expensive) stay closer city center.",0.17886251679355133,0.4668159426780115,Nov 27 2007
23,23,new delhi sheraton I great stay sheraton new delhi one finest hotels delhi ..... simply super.....,0.3515151515151515,0.5814393939393939,Nov 19 2007
24,24,"Good far away action I stayed night Sheraton. The around 30 minutes airport located quiet residential area Delhi. Check-in smooth room excellent. The well maintained. I business trip would recommend people business, necessarily tourists. There's really much see Saket bit trek get interesting spots.",0.3,0.5814814814814815,Oct 12 2007
25,25,"Great Beautiful hotel, rooms spacious well equiped furnished. Great business leasure travellers. Fantastic pool. Excellent restaurants.",0.77,0.8800000000000001,Sep 12 2007
26,26,"Just business traveller needs India.... We stayed week New Delhi, several days Imperial several Sheraton. Sheraton efficient, staff really tries best terms service quality.The rooms spacious bathrooms quite stylish! Good testers, including indian brand nature cosmetics, liked lot.Restaurant serves wonderful food, bith local international cuisine (although pasta bolognese far real one india italy). We quite cautious food first, problems (unlike Imperial)...The lounge bar area great, live singer every day, huge windows overlooking garden, decent choice cocktails human prices.The surprising thing email I returned Zurich, saying I left body lotion room willing ship me...How sweet! Even given fact I would certainly pay shipping - still nice get back me.",0.3246958501268846,0.47848186296462153,Jul 8 2007
27,27,"Great Experience I'm fan paying high sums money business stays India I stayed 1 night Welcom Hotel - experience, product service good I could help rate international stays. From fully loaded rooms A+ food coffee shop, gym, executive lounge fresh orange juice - great experience. I paid USD 300 per night unaffordable USD 150 I come back again.",0.40114285714285713,0.4717142857142857,Mar 29 2007
28,28,"Great service average rooms mediocre food As name suggests made feel welcome minute enter pass two tall Turban clad men salute you. The entire lobby floor impressive - ideal large families groups like laze lounge kids love toilets tv screens them.The rooms, however lack added luxury touch 5 star properties Delhi have. We sampled food 24 hours buffet restaurant pan asian restaurant found excellent service mediocre food.",0.30302197802197806,0.6983516483516484,Jan 19 2007
29,29,"Great option get good rate transport arrangements It's quiet since stayed here, back I got great package deal hotel. Room luxourious, nice, spacious, marble bathroom all. Overall stay enjoyable.Only downpoint far far away main part city tourist spots Delhi dont transportation, find almost impossible find local taxis autorickshaws, find one, absolutetly sure RIP YOU OFF.Despite poor location, getting good rate here, tranport, hesitate stay coz fine fine hotel.",0.29666666666666663,0.6177777777777778,Dec 23 2006
30,30,"Pretty good I satisfied 1-week stay. My room decent size, bed comfortable. Only 4 hangers closet, good 5 day stay obviously. Internet access convenient. really interesting area, convenient car.The breakfast buffet decent. I'd stay again, I think good price...but luxurious places Delhi little money, probably well worth splurge one those.",0.24387254901960778,0.5784313725490196,Aug 5 2006
31,31,MUST READ: Look options,-0.125,0.375,Jul 16 2006
32,32,Great Service Easy Place Stay,0.6166666666666667,0.7916666666666667,Jul 7 2006
33,33,Beautiful wedding helpful staff,0.85,1.0,Apr 19 2006
34,34,great place stay,0.8,0.75,Mar 18 2006
35,35,The Mariott let,-0.15555555555555559,0.2888888888888889,Feb 1 2006
36,36,Very nice!,0.9750000000000001,1.0,Sep 23 2005
37,37,Highly Recommend Marriot,0.16,0.5399999999999999,Jul 13 2005
38,38,What Oasis,0.0,0.0,Apr 20 2005
39,39,A Marriott Experience,0.0,0.0,Mar 3 2005
40,40,Liked lot would certainly return,0.40714285714285714,0.6857142857142857,May 21 2004
41,41,Business Hotel,0.0,0.0,Mar 3 2008
