,Unnamed: 0,Reviews,polarity,subject,Dates_extracted
0,0,"Very Average Service room OK but:Very much noise - rooms isolated internal noise - staff begin work 5am, opening closing doors, taking linen nearby cabinets, talking, dragging chairs tables etc. - much noise. Nearby room bathroom behind heads - heard every opening water, shower etc. Very annoying. Complaints help.Hotel breakfast nearby restaurantvery poor - even eggs...",-0.15187499999999998,0.48750000000000004,Oct 11 2009
1,1,"Great Staff booked net another meet expectations, walked around Karol Bagh came across Swathi - immediately got attention, clean lobby, profesional staff helpfull. I delightful stay pleased staff. Good manager, front desk staff... infact staff polite, helpfull well trained...Kuddos ..made stay greattt. found room spacious clean Iread negative reviews think fair staff go way make comfortable.an example, ( manager duty restaurant) even wake check gonna give breakfast miss prepared wait mins even though time almost ... personalised.Breakfast unlimited veggeterian restaurant attendants, right doorman professional. Plus another around corner fantastic Rajistani food..Location - Its middle Karol Bagh - close shops, food outlets, metro station ( must try) In addition nternet Wifi free (and working). Plus computer near front desk helped serach abt whr go, eat etc whilst waiting transport..Overall happy - would definitely stay recommend anyone wants safe place stay.",0.27841269841269844,0.5267218771566597,Sep 21 2009
2,2,"Swati Deluxe - basic great vegetarian foodcourt We stayed Swati Deluxe start end Intrepid tour. We found location good - close metro station. The shops around interesting us - great sweet shop nearby Karol Bagh markets (clothes, belts, bags etc) block away. The rooms basic 3 star. On first stay, one rooms broken chain (the door could locked I like security chain). On second stay, kindly allocated rooms interconnecting door. The rooms also seemed updated I understand happening progressively throughout hotel. The staff efficient seemed busy. Some staff quite friendly. There quite deal noise night, although second stay quieter due location rooms.The highlight us vegetarian food court next door. We loved food ate several meals great variety.",0.3352380952380952,0.47992063492063497,Sep 2 2009
3,3,"Good Hotel With 4 Star Aminites After considerable difficulty locating business (70-$100) Delhi personal visit, settled Swati Deluxe Hotel based reviews TripAdvisor.We delightful stay pleased staff.1) They showed airport promised complimentary pickup. They come Logan(comfortable car) large family luggage cal let know advance.2) Our room basic room inside clean. Folks written negative reviews likely inflated expectations $60-70 per night get Delhi. The area around great (in middle Karol Bagh) - bother I liked esp. courteous staff.Car parking bus parking facility also their.3) The complimentary breakfast attendants serving professional.4) We made taxi arrangements Delhi Agra sightseeing . 5) Best part internet Wifi free,and also business center also free.6) They good vegetarian food court name &quot;Shudh&quot; ,and also specialty restaurant name &quot;Suruchi&quot;.Overall happy - would definitely stay going thru' Delhi personal visit.or Business visit.",0.36837301587301585,0.5734821428571429,Apr 9 2009
4,4,"Good Location Average Service I liked location. Close Metro Station, Restaurants. But get act together Cleanliness Service. May stay better places.",0.4125,0.575,Feb 3 2009
5,5,"Very Decent Hotel Helpfull Staff I good stay here. Of course, I got upgraded suite hence could experience regular rooms, place quite decent.As I remember, bill also came 9,000 lesser last stay Delhi. I stay place future travel long extend facilities â discounts etc.ThanksHemanthemail:-subramanya.ma@tycoelectronics.com",0.10833333333333332,0.3450320512820513,Jan 28 2009
6,6,"Above average price average hotel. This located near metro alot similar pricing nearby. Please bear mind charges 22.5% taxes price shown pamphlet. Remember ask discount arrive late night. Ovearall, average hotel.",-0.08125,0.35312499999999997,Dec 15 2008
7,7,"Decent stay There multitude mid-range hotels Delhi Swati Deluxe good choice. One piece advice regarding hotels India -- bear mind idea 3-star may expect. The hotels clean staff usually friendly, going line would expect States Europe. I would say mid-range hotels India par economy motels States. After marathon flight, staff Swati Deluxe welcoming. The little difficult find, sure specific directions/information provide driver. The rooms clean provided towels day. The attached restaurant good selections breakfast, lunch dinner. We found convenient enjoyable.",0.32839285714285715,0.6543253968253969,Jul 16 2008
8,8,"A RAT ate apple!!! Our first night India, gave us fruit basket consisted apple banana. We left TV stand night I could hear gnawing sounds! I thought mind playing tricks me, morning saw apple half eaten! BEWARE! Small 3-occupancy rooms working shower heads. The positive buffet breakfast hotel's restaurant.",-0.005523989898989894,0.40757575757575754,Feb 14 2008
9,9,"Good location poor service The well located, near restaurants shopping. When checked 2100, someone room gave us. They cleaned room waited, even change sheets. The room quite dirty, hairs rumpled sheets trash still trash can. Also felt like staff helpful raised concerns room clean waited around waiting bakeesh, even cleaning room.",0.011111111111111108,0.5666666666666668,Oct 12 2007
10,10,"Great place stay Myself three friends stayed Swati Deluxe three seperate occasions months December 06 January 07. We originally found travel group, Intrepid, though returned travelling independently.The rooms clean comfortable decent hot water, though need switch seperate hot water tap main hot water tap hot water (this India, all!). Room service telephone (capable international calls) available rooms.I highly recommend helpful staff. We left literally mounds luggage weeks end, happy keep us.They unfailingly organised endless taxis, tours us told us expect pay. The friendly staff eager go extra mile carry luggage forth.Just behind wonderful Karol Bagh market, lively night great shopping day, including Levi's outlet Spycar jeans. They take hems free. The two males travelling us extremely high quality suits tailored Sethi's fairly low price ($400 partner, full suit 5 tailor made suits high quality wool Scotland).The foyer free, reasonable-speed internet available. The downside one &quot;internet cafe&quot; nearby group lazy teenagers working never want switch computers tell &quot;closed&quot; (this happened three times). We catch rickshaw across town internet.The hub Intrepid tours good place meet like-minded travellers.",0.26496928746928744,0.6424324324324325,Jul 11 2007
11,11,"Swati Deluxe Karol Bagh For ones want nice stay Delhi, Swati Deluxe well located hotel, market center Karol Bagh. It's expensive, rooms okay, clean least, western facilities. You find good inexpensive restaurants area, go restaurant beside (the send place breakfast, good expensive !!!) Better go restaurant Crossroad Bengals sweets... :) You make arrangements transportation directly, subway station close. Swati Deluxe safe place book online directly website.",0.23784075573549252,0.5962348178137652,Jun 23 2007
12,12,Un lujo con encanto en la ciudad de los contrastes.,0.0,0.0,Dec 5 2008
