,Unnamed: 0,Reviews,polarity,subject,Dates_extracted
0,0,"We great time........... As taken holiday weekend &amp; pakage great was, triple occupancy &amp; staff good enough take care us.........We blast &amp; enjoyed weekend recreational stuff &amp; evening great wine..........Food equaly good expensive enough............&amp; clams 4star, fair enough be..........",0.45,0.675,Jun 25 2009
1,1,Clarion Collection A comfortable clean Delhi. The rooms spacious well maintained. The restaurant good serves Indian continental food. Almost facilities available within hotel. A good place business meeting conferences.,0.5009523809523808,0.6085714285714285,Jun 19 2009
2,2,"Good location comfortable business visitors Had Qutab business event. The pretty centrally located makes ideal business travellers.The conference hall huge staff cooperative. They make arrangements per requirements. The lunch arranged poolside. The rooms comfortable. The food ok, great. Overall good business travellers tourists travelling alone couples. May attractive value money families.",0.39749999999999996,0.7000000000000001,Jun 12 2009
3,3,"Two nights The Qutab I normally stay different New Delhi, chose stay close location business meetings. Safe say I totally regretted choice within 15 minutes landing up.The reception staff check-in probably trainee one management institutes - absolutely clue reservation, even though I print reservation confirmation - took 15 minutes sort out. I led room 4th floor, via slow temperamental elevator stopped every floor way apparent reason - one got got - pattern repeated two days I there.The room spacious, relatively clean. The TV old piece junk made strange crackling hissing noises. The bathroom looked cleaned since 1982, grime tiling couple missing tiles.Luckily, I opportunity sample food, except breakfast first morning. Going cold, congealed quality offer, I'm fairly sure rest meals would left lot desired.The straw broke camel's back incident malfunctioning key-card. I got back fairly late dinner second night, key-car would work. I went reception get fixed, took - get - 45 minutes get one worked!An over-priced, worthless two night stay.",-0.022501097935880555,0.43633289415898113,May 10 2009
4,4,Great Value Great Hotel So clean hotel. Unbelievable breakfast buffet bar. Loved omlet stations. Clean rooms. On less crowded road. Entry &amp; Exit good. Parking OK. But staff stood went room checked minibar status much charge I hurry get airport,0.42266666666666675,0.6246666666666667,Apr 26 2009
5,5,recommended stayed qutab march day.its purely business class hotel.building old average terms rooms services.cleanlyness ok good.moreover surroundings makes worse.there garbage dump near by.no gud market near by.bad locality.i would purely recommend it.,0.03633928571428572,0.415,Dec 1 2008
6,6,"A good 3-star hotel. That's right... 3 stars. This 5 star standard. There true luxury hotels Delhi definitely one them. I would actually say good 3-star - I think best way describe it.The place middle nowhere surrounded nothing. The building old tired, rooms. It looked like weird block flats stage converted hotel. The staff friendly professional, sometimes bit clumsy.The annoying thing unreliable internet access. It kept dropping terribly slow. It's terrible plan work here... During meetings presentations also repeated power outages, annoying kept cutting power projector, needed time reset.The breakfast among worst breakfasts I long time. The pastry looked, felt tasted like sitting week. The choice food limited too.The restaurant food (lunch dinner) otherwise ok. I food there, also room service, fine. No complaints. I think problem breakfast.Would definitely return recommend it.",-0.011749084249084243,0.5250549450549451,Nov 5 2008
7,7,"A shambles 5 star provided doss house quality life This claims provide 5 star service facilities falls far short terms delivery. Having stayed 6 nights clearly systematic problems terms management infrastructure. a) plumbing/water. For one night without running water (or lavatory), often water ran brown. The gurgling plumbing kept awake long enough knock effects meetings following day. b) noise - colleague mine suffered intermittent persistent electric motor noises service shaft near room. When eventually moved day later, moved exact position another floor, environmental noise pollution.c) food - quality upkeep food questionable. At breakfast sliced tomato/cucumber dried almost curling. The cheese board also poor state. poor range food available breakfast. In general, bizarre discrepancies room srevice restaurant menu - asked light meal mushroom soup followed cheese selection restaurant told 'mushroom soup available via room service'. So, go room, order soup, wait 20 minutes, eat that, descend restaurant cheese course. d) key system - least 5 occasions stay swipe card key room became inactive, make long trip via slow lift service back reception get reactivated - I put expense claim time travel involved !e) overall staffing attitude - patina obsequiousness displayed staff matched concept service provision customer - obstructive plain unintelligent.The range areas falls short amazes - strongly recommend use this.",0.007782738095238095,0.47105654761904764,Mar 1 2008
8,8,"Would sad I return The Qutab nice modern 7 storey building. Nice marble entrance, helpful friendly staff (bell captain, porters), okay reception staff nosy manager (who happened come room without knocking could stumble &quot;oh, sorry, wish something room service?&quot;. Still clue really wanted. Rooms spacious, great flatscreen tv, others standard equipment. Good beds, minibar, room safe, okay bathroom (not much water pressure shower). Cosy bar/breakfast restaurant. Just around corner, complex, good Indian restaurant (expensive though, paid 160 euro two bottles wine). Swimming pool looked good (but cold try, outdoor). Room airco heated room (it 4 degrees outside) not. Everywhere freezing cold. Internet access excellent (WiFi). They also sauna/hamman/massage, try out. Location: bit interesting things happening, business meeting fine. All all, good, although bit overrated perhaps. I would next time still look another option, I would able find better one (in terms location) I would sad go back.",0.19600490196078432,0.5788235294117647,Dec 22 2007
9,9,"Had great time We stayed last October. It first visit India &amp; I worried hotels would like. We stayed one night start tour &amp; 2 nights end. We loved it. The rooms clean, modern, quiet &amp; comfortable.The pool area nice &amp; two restaurants site. The buffet breakfast excellent &amp; staff would cook Euoropean breakfasts , asked. We found coffee shop staff really helpful. They suggested could eat Delhi &amp;, love Indian food, made us dishes menu. The restaurant bit smarter, also good. We booked thsi part package, I know rate was. Woul agree reviewers attitude desk staff. Would stay &amp; would recommend.",0.39761904761904765,0.5588095238095239,Aug 6 2007
10,10,"Nice experience I stayed Qutab twice total six nights June 2007. I nicely surprised stylish overall appearance, including design spaciousness room. Internet worked fine, 2.5 Euros per hour unusual charge. Food bad, additional, stylish Indian restaurant compound quite good. You want walk around neighborhood, except maybe park next hotel. It takes 10 min taxi get lively part town. I booked customer gets discounted rate comes 120 Euros / night. By Delhi standards, good value money. If pay rack rate, things obviously different. What I like fact I pay fully night arrival (where I got 4 am) night departure (leaving 1 am).",0.3109307359307359,0.6511904761904762,Jun 30 2007
11,11,"Not Recommended Rated regarded one Delhi's Delux hotels Hotel Qutab severe disappointment, nothing better standard Holiday inn exhorbitant prices. I stayed I arrived upon return Golden triangle Tour booked Diplomatic Holiday Delhi (which I would never business ever again). The first room part tour enormous plasma television screen wall nice toiletries including silk bathrobe. I paid last wo nights part package vastly over-charged $200. U.S. much smaller room standard television. The food generally good (but overpriced) service excellent. The drawback property located downtown core Delhi, one even identify downtown core, set admist absolute squalor. I felt I captive hotel. One short walk outside compound fresh air enough me. This property caters mostly Indian business people definately tourist visiting Delhi. Not recommended.",0.1975,0.5075000000000001,Jan 25 2007
12,12,"Hotel Qutab: Not best value money Hi,I Indian national stayed Hotel Qutab along wife US citizen. I stayed 1 day 12 hour stopover boarding international flight back US Delhi November 2005.Firstly, call ask, tell 4-star 5-star hotel. Hotel ratings inconsistent Delhi, likely staff Delhi tell want hear star rating. I would give Hotel Qutab 3-star rating class/amenities 4-star rating service. I paid $140 per night stay. But course, Delhi, demand greater supply hotels, charge whatever think of. I requested early check-in week ago promised I paid week earlier. Even I wanted check-in 10:30 a.m. opposed 12:00 p.m. check-in time, rooms available, going bother let know advance. So I wait hour lobby waited someone else check get room made. It however nice offer free tea :-) making wait, though make difference me.Their air-conditioning unit seemed like started walked room work right hours stayed there. Their room service good, hot water worked great bed comfortable. Their internet connection server down, I'd think they'd better equipped money charged room rates. I wanted check flight schedules phone book get hold phone numbers. They however connect Yellow Pages hotline free charge I able obtain required phone numbers.Upon check-in, I confirmed payment already made room. However, upon check-out, thanks lack communication staff working evening, make bunch calls make sure payment already made made wait good 15 min. check-out confirming something known.Sriram",0.3318828680897646,0.5388752052545156,Nov 29 2005
13,13,GreatGreat.Great We stayed Quatab 14 days last year service especially restaurant staff exeptional. We trying book 2006. Excellant,0.0,0.5333333333333333,Sep 7 2005
14,14,"I suspect reception staff post postcards My family I stayed Qutab 2 separate occasions january 2005.On leaving time go post office post holiday postcards - 20 them. So left money postage staff reception someone promised post cards.Now, 3 months later, nobody received postcard. Not one single postcard arrived.What I think ?",-0.023809523809523808,0.07142857142857142,May 1 2005
