,Unnamed: 0,Reviews,polarity,subject,Dates_extracted
0,0,"Not bad I expected If compare American standards, yes I guess I would say best place stay money. But comparison India standards bad. Maybe I lucked out. The location perfect relation airport (domestic international terminals). My bathroom clean bedding, staff responsive. I order room service good, menu strictly vegetarian priced. I got much better quality tasting food Shangra Lai Delhi little bit money. Would I stay night...yes. I probably one night though.",0.20565476190476192,0.45952380952380956,Nov 4 2009
1,1,"Don't stay !! Wrote mail got reservation included airport pick-up. No car waited. Took pre-paid taxi hotel, At reception reservation, 5 (!) people took care us, one said something mail-although I got answers them. Gave us rooms higher price reserved.Later, home, saw another mail form promising discount rates give checked-in.The renovation, losts dust, noisy working late. Rooms dirty, sheets filthy, obvious changed since last guests. But request, new sheets brought. Got taxi back airport, even gave us wake-up call.All all, worth money .",-0.11487603305785124,0.5019283746556473,Jun 6 2009
2,2,"Better stay Airport Due unavailability star hotels compelled stay transit flight.Pros :Staff good.Airport pickup dropCons:1.Dirty Rooms.2.Mosquitoes, varieties insects.3.Even 20 hrs flight journey chose stay awake feeling secure.It would better I would stayed transit lounge ariport.",0.2916666666666667,0.4583333333333333,May 4 2009
3,3,"My worst experience ever! I stay one night near Delhi airport waiting connecting flight... I know I spent night airport instead! The room really dirty smelly, bed horrendous - linen dirty, smelly spotty obvious linen washed ages. The towels, apparently formerly white, brownish gray contained samples hair toothpaste previous unlucky visitors. The shower offered cold water sign internet connection promised time booking. Over 100 euros crap worst rip-off ever - never price quality room far apart! There far staff guests staff course waiting tipped (and sweared didn't) - 100 euro room price enough &quot;quality&quot;! Do favour never step craphole...",-0.2481481481481482,0.6425925925925926,Feb 11 2009
4,4,poor stay decided stay one night layover airport way back nepal. On outwards journey stayed clarke international amazing includidng awesome meal too.we booked The airport early morning flight wanted near hotel. After breif web serch decided book airport website gave impression professionally run establishment.On arrival found reception staff rude unhelpful. We late flight indian rupees pay bill with. They would except us dollars foreign currency (weird airport hotel) instead I told I would taken airport change money. end I given directions walk airport currency exchange. Once room found disgusting I wanted leave options early morning flight next day decided grin bear it.The sight room still makes want sick. dirty peeled wall papper. A smelly dirty bathroom. hot water dirty carpet dirty bed. location airport restaurants nearby eat restaurant. The webstie proudly boasts cuisine around world. website didnot say expensive poor vegitairian indian food. I wanted get drunk fall asleep end misery. I told reception I would hve walk shop buy beer sell beer.We told breakfast part room package. went breakfast morining told would pay. I dedcide check I would rather sit delhi airport?when leaving room harassed 3 differnt members staff room key could check mini bar.I would wish place worst enermy please please please give people hard earned money,-0.18711507936507935,0.6176269841269841,Jan 5 2009
5,5,"Not Recommended Because unexpected layover Delhi Airport, necessay get quick room, ended spur moment Airport Hotel Delhi. It close Delhi Airport, room basic, shower work, noisy.The service actually best part overnight stay. I managed order coffee toast pinch early morning flying out.This used emergency stays only, recommended.Watch overpriced cabs stationed outside Delhi Airport. Use pre-paid cab service inside terminal.",0.1963333333333333,0.41025,Mar 1 2008
6,6,"Stay Away!!!!!! Had transit via Delhi way Surat (Gujarat) decided spend night close hotel. Worst decision life quite possibly worst I've ever stayed India. The bed awefull, room dirty shower full mould. There proper hot water front door wouldnt lock properly. Would highly suggest look elsewhere!",-0.2,0.6599999999999998,Feb 1 2008
7,7,"Worst ever High rates, bad rooms, complicated check",-0.51,0.8016666666666666,Dec 1 2007
8,8,Bruyant,0.0,0.0,Jul 1 2008
