,Unnamed: 0,Reviews,polarity,subject,Dates_extracted
0,0,"Right Place stay First twelve stayed trip India. Set back busy road grounds, nice place stay couple nights. We upgraded suite clean, comfortable, beautiful bathroom. One best beds slept holiday great pillows. There 2 restaurants, served good food. If like curry spicy chef happily tone you. Good buffet breakfast.",0.49845502645502643,0.6138624338624339,Nov 20 2009
1,1,"thre nicer places stay Delhi Don't confuse 'Oberoi Maidens'! The service 'The Maidens' brilliant - slow service restaurants/ garden bar. Staff almost seemed notice there. The indoor area garden restaurant characterless. Our room decent enough size windows dark bit musty smelling. The local area one want walk around really - smelly. We stayed Claridges (much better accomodation service, much better area walk around) would go back next time.",0.03015151515151514,0.4096969696969696,Nov 12 2009
2,2,"Garden oasis rambling Delhi The maidens great choice stay Delhi people like heritage hotels enjoy gardens. Garden huge also pool. Standard rooms bit uninspired, provide amenities (central a/c, sat tv, big bathroom, comfy beds, minibar etc). The garden biggest asset hotel- similarly big garden delhi?? probably none. In eyes, fair value service good, attentive kind. I could worthwile opt superior room stay honeymoon. Garden terrace restaurant lovely place dinner. Relax staying bustling multimillion inhabitants metropole!",0.33533333333333337,0.6136666666666667,Oct 17 2009
3,3,Loved heritage property good parking space heart Delhi excellent ambience,0.7999999999999999,0.8000000000000002,Aug 6 2009
4,4,"An Oasis Old Delhi The looked beautiful on-line, sure mixed reviews. This place stay Delhi! The staff warm attentive, back garden pool like heaven crazy day rickshaws beds comfortable. When arrived even baked cake honeymoon. Wild peacocks often sit back fence overall could want hotel. We loved The Maidens!",0.26607142857142857,0.5170634920634921,Aug 1 2009
5,5,"Beautiful interesting heritage We arrived Maidens late confused airport pick-up. (I notice happened someone else recently....perhaps note theme.) Once arrived, helpful, settled us comfortable rooms. We delicious breakfast buffet morning, included room package. The pool beautiful, gardens amazing. While travelers may perfer ultra-modern 5-star sleekness, I significantly prefer lived-in comfortable charm historic Maidens. Also, I'm sure could find friendlier staff better service (aside airport problem.) Another great attribute Maidens located close metro station, problem quickly getting around town.I highly recommend hotel, I definitely go back whenever I opportunity return Delhi.",0.3620175438596491,0.6386257309941521,Jul 17 2009
6,6,"Old World Charm Things got bad start failed send car pick us airport arranged. After enduring hour taxi ride driver got lost (and using pre-pay taxi stand airport!), eventually got hotel. The first task actually convince staff booked car all! When eventually checked details realised mistake, upgraded us suite looked newly re-furbished. After bad start, things got much better. The vague throwback bygone age. A nice cold Kingfisher Cavalry Bar take edge heat day acceptable way spend time. The lunch buffet main restaurant pretty basic worth money - stick eating terrace cafe. The staff friendly helpful and, stayed end holiday, put us back suite room extra cost. The room quite modern flat screen TV's bedroom living area biggest comfortable pillows I ever slept on. The bathroom well appointed large walk shower nice big bath. Everything spotlessly clean and, early difficulty, joy stay here.",0.08940266722524788,0.4260682865521575,Jun 26 2009
7,7,"diasppointing I excited enjoy hotel, looks really nice pictures. And actually may good potentials, mind 8 kms. New Delhi. I decided go way New Delhi, but, disappointing experience. I put room windows, source natural light small window made frosted glass giving corridor !!! As moring surprise, I wanted use kettle work.",0.14662050189393938,0.5882575757575759,May 11 2009
8,8,"Terrible old rooms wonderful new ones The superior rooms look terrible, without windows renovated. The better rooms wonderful old fashioned, beautiful bathrooms, stylish decorated rooms extra living room. Complain, worth it!The breakfast's bad, nothing special. The location north delhi's ok, actually better stay south, closer centre. If planning go Agra train - highly recommended - right place you, far station train's leaving early morning.",0.26520098948670373,0.6265883323026179,May 6 2009
9,9,"Comfortable elegant We booked superior rooms three day stay, (not sure they're called superior cheapest rooms!), however delighted upgraded deluxe suites, lovely; huge bedroom TV, ensuite luxury bathroom, large walk-in wardrobe well even bigger lounge, sofas, another TV, tea &amp; coffee facilities, minibar etc. All rooms large windows, frosted glass, opened onto wide communal veranda, rooms light airy bother us all. The dates back &quot;days Raj&quot; lovely old white building, interior furnishings although smart plush immaculately clean &quot;corporate chain hotel&quot; style, real flavour India inside all. However discover rest trip, traditional rajasthani beds hard, Maiden's well-sprung mattresses, crisp linen sheets fluffy pillows luxury missed later on! Travelling two young teenagers wanted relaxing holiday well enjoying cultural highlights, throughout trip chose hotels pools possible. After cold wet March Kent long overnight flight, enjoyed first day India relaxing hot sun Maidens swimming pool. It deserted apart us, beautifully warm clean set charming lush gardens. The staff friendly, helpful welcoming. They helped us plan excursions, arranged transfers gave useful advice. We use restaurant much ridiculously expensive India. Of course, big hotels charge odds, 4 burgers cokes cost Â£40. When rely bottled water drinks cleaning teeth rather resented paying Â£1.50 litre, 12p local shops. Having said food service good.",0.21424603174603177,0.5492898478835978,Apr 22 2009
10,10,"Lovely Old Hotel We stayed 2 nights part custom tailored tour India. We suite room large, included double bed, 2 flat screen TVs, desk, couch, chairs, tables, huge walk-in closet, huge bathroom. Amenities included robes, slippers, bath products daily newspaper. Beautifully landscaped gardens large outdoor pool. The lots security, roaming stationary. All cars checked entering grounds. Our breakfast included room morning served small room overlooking gardens. Breakfast included eggs cooked order, toast, pastries, fresh fruit, juices, coffee tea, several local Indian dishes. While early mornings late evenings, thoroughly enjoyed ambience service.",0.17043650793650794,0.464484126984127,Apr 17 2009
11,11,"A great choice Old Delhi There places worth staying Old Delhi Oberoi Maidens exception. The staff accommodating trying organise early check us result got one suites separate living space. The room well appointed, bathroom separate walk shower. We found staff helpful loved location minutes noise bustle Old Delhi. There also pool offers refuge gets bit much. My criticism restaurant, though good, incredibly expensive India - far attaining London prices.",0.18750000000000003,0.42812500000000003,Mar 19 2009
12,12,"nice building poor service Stayed 3 nights suite Febuary year, windows, poor view car park. room great, lots space, however service terrible, reception staff dont seem care, tell us messages left us,the breakfast room small cope number guests trying use it, asked lemon tea, 3 times 3 different waiters taken wrong table. Room service took 90 minutes, hour half get pizza, said kitchen burnt first one, forgot send it.we going back Delhi later year, wont staying Maidens again.",-0.09128205128205129,0.5023076923076923,Mar 6 2009
13,13,"Most rooms windows! The Maidens Hotel lovely place, however surprised find upon arrival rooms (with exception suites) windows! Luckily upgraded nice room mistake made Expedia, windows room covered film. The building feels bit like former military site high ranking officials.",0.23870370370370372,0.5248148148148148,Mar 1 2009
14,14,"Peace Quiet...huge room The peaceful I stayed tour India. Carpeted hallways thick stone walls keep noise out. Our room huge. Almost big! Staff helpful. They helped us make phone calls arranged ship us sweater left room. The restaurant delicious. We ordered la carte, bargain delicious food. Breakfast good, special orders take long time.",0.33809523809523806,0.5288690476190476,Feb 28 2009
15,15,"Great Choice Old Delhi Highly recommended, gracious accommodation super service. Great value compared The Imperial The Taj. Super rooms, go premier room, worth extra.Well located attractions Old City, Red Fort, Jama Masjid, Chandni Chowk, etc. Not good nightlife restaurants, Delhi sprawls nowhere good everything.",0.39333333333333337,0.46121212121212113,Feb 11 2009
16,16,"Greatest ever The Oberoi Maidens old colonial house, heritage. It situated near station Old Delhi, calm. The service ist great, friendly. For breakfast big assortment continental indian foods. The restaurant great indian food delicious sweets. Because I stayed winter time, I use pool outside. But rooms heated well. They clean, noble space marble bathroom, large whole rooms hotel. To stay Maidens Hotel little bit like great Step back history security today.",0.3555764411027569,0.5441353383458647,Jan 23 2009
17,17,"Beautiful Hotel I stayed beginning end 16 day tour impressed hotel. On first occasion I upgraded suite (room 402) consisted enormous sitting room equally large bedroom truly luxurious ultra modern bathroom marble walls venetian style mirrors. The shower enclosed glass wetroom. Even loo glass cubicle. Everything spotless. I ate tour group restaurant food good service outstanding. It part Oberoi group, lived expectations. I would recommend anyone wants modern accommodation colonial building.",0.44766233766233776,0.6379004329004329,Jan 19 2009
18,18,"Good City Choice We returned two night stay part holiday India. The situated Old Delhi 10 minute taxi ride Red Fort. A old city airport located new part Delhi. We arrived 4am morning. I may selected new city avoid extra 30 minutes drive airport.The quiet location clean, important considerations us. Our double room refurbished high standard spacious. This included good sized, new bathroom always provided hotels.The room tea making facilities. As early start ate restaurant. The service excellent food reasonably priced. However menu limited average standard.",0.18801430453604367,0.39955768868812347,Dec 30 2008
19,19,"Nice quirky Older, typically British-style property. As noted others, exterior windows, bother us. If used 4 Seasons, you. If like older hotels different types rooms, willing put poor a/c noisy wedding party (on weekends only) try it. You might like - did.If like first room assigned go look others. You eventually (with persistence) find acceptable one.Buffet breakfast average.",0.05972222222222221,0.5791666666666667,Dec 22 2008
20,20,Lovely expensive restaurant Our first stop first holiday India. Had lovely room windows rooms seem look onto coridoor makes rather dark.Didn't really much time explore two days taken guided tours swimming pool looked nice!The drinks restaurant food double price paid 5 star hotels India suggest get taxi dine out. Chor Bazaar New Delhi excellent great fun!,0.25974025974025977,0.46830086580086583,Dec 1 2008
21,21,We expected something better This disappointment rooms dated. We TV old cabinet 70's. The room large point large amount furniture it. There room suitcases metal cabinets like high school. The bathroom nice. We room window hallway. The restaurant expensive. Breakfast pretty good. There nothing near walking distance took tuk tuk. The outside lobby nicer rest hotel. I would probably look different I coming back Delhi. We asked break money could change 500 rupee smaller money.,0.09932773109243698,0.48571428571428565,Nov 30 2008
22,22,"Slightly disappointed I stayed Maidens Old Delhi start escorted tour Northern India. Having read guide books reviews, I keenly looking forward particular hotel.I must say come expectations. Although clean enough, plumbing quite date need renovations. Many rooms small windows. The Garden Terrace restaurant offered poor food breakfast restaurant Indian standards.The reception staff I found off-hand unhelpful. I appreciate atmosphere puts 'cold' comforts international chain hotels, I hoped better experience.",-0.02820512820512821,0.4391025641025641,Nov 22 2008
23,23,"Absolutely fine - lacking soul We stayed last two nights two week holiday India - maybe problem. We'd stayed amazing hotels, full colour life along way, Maidens seemed little characterless. It's lovely looking building , suite was, large, well equipped comfortable - though outside windows made feel bit oppressive - lacked homely touches decoration. And never master air conditioning bit chilly night! We ate restaurant nights seem handy alternative. Again food OK , service pleasant slightly chaotic - much better elsewhere. Breakfast fine - though bit chaotic lots toast burning going on! The pool pool area pleasant peacefulSo absolutely fine first last night hotel. If staying longer Delhi may want somewhere bit soul.",0.2786796536796537,0.5384199134199134,Nov 1 2008
24,24,Not impressed This extremely disappointing end holiday India. Whilst looks like impressive outside unhappy room. Anyone staying note called 'superior rooms' first floor internal (we room 207) frosted glass window corridor lets little light. This may bother people I found extremely claustrophobic. The room also badly need coat paint bathroom litle dingy. I think really made angry however disinterested apathetic response staff front desk. They less helpful asked anything enquired changing room told &quot;most rooms windows&quot;. That that. I would expected higher level customer service Oberoi group least offered upgrade would considered. The breakfast buffet poor compared previous hotels stayed located far away centre city/shops etc.,-0.11557539682539682,0.583968253968254,Oct 30 2008
25,25,"An oasis Delhi The pool area lovely &amp; relaxing friendly staff. Could controls air conditioning bedrooms cold night them. Found food expensive -e.g..575 r. room service toastie ^ son &amp; dinners expensive everywhere else went.As first stop India, felt we'd choice alternative within walking distance locally.There real windows bedrooms frosty overlooking corridor.On whole, pool &amp; little cafe area made good place stay 3 nights whilst travelling around Delhi area &amp; wished back ended City Park Hotel later tour.",0.04903846153846154,0.48333333333333334,Apr 22 2008
26,26,"superb location This great location. It minutes fantastic Delhi Metro station Civil Lines. It's SO easy ride metro couple stops central areas Delhi.The rooms large, quiet, comfortable good value money. The pool decent size garden nice place retreat cool off.Staff extremely helpful need advice help. I would definately stay next trip Delhi.I particularly liked fact room seperate seating area I could retreat putting 4 year old bed.",0.3524553571428571,0.6382440476190476,Apr 16 2008
27,27,"fantastic We stayed lovely place three separate times month December 2007. Staff fabulous ... especially front desk breakfast waiters. We stayed three separate rooms, highly recommend upgrade newly renovated 4th floor executive suites.Travel India tiring, wonderful place like Maidens Hotel relax made stay India FABULOUS.",0.3745454545454545,0.8305681818181817,Apr 3 2008
28,28,great Spent 2 nights lovely hotel. Everything stay enjoyable. Food breakfast dinner excellent. Nice big rooms although little faded. Great pool area. Service throughout first class. They great people.,0.45113636363636367,0.603030303030303,Mar 26 2008
29,29,"Historic Charm I found Maidens great hotel. If visiting Delhi tourist, place you. It full colonial charm, great service, beautiful grounds landscaping complete roaming peacocks. The room large traditional dÃ©cor. The breakfast good. Architecturally building delight. It lacks modern elements would find business hotel- historic building creaks old fashioned elements, I found best it. It relaxing oasis connects Indiaâs history also near Red Fort attractions. On trip I stayed one night one modern business hotels downtown I paid wished I back Maidens.",0.2926785714285714,0.3928571428571429,Mar 25 2008
30,30,"Disappointed room We arrived 04:00 hrs Maiden Hotel, looked impressive. Very clean grand considering lay streets outside. We given room ground floor huge, albeit little sparce side. The bed king size matress hard nails. We seperate dressing room area large bathroom. On whole clean could done lick paint. I like fact windows, two frosted ones opened would look corridor.On whole I relatively pleased room I saw dads room. It beautiful. He marble shower gleaming gold taps, fluffly towels dressing gowns. The bed like fit princess. As VJV tour paid money I little put this. I got husband ask basic room didn't. We told upgrade!! I accepted tried moan anymore. Breakfast real treat. Boiled eggs made order spread fresh fruit mouth watering. The breakfast room looked lovely green well kept gardens. The staff little aloof side, attentive.The evening meal buffet, food hot plentiful.The surrounding gardens well kept ambundance flowers. The swimming area secluded water covered dead flies!!!On whole good hotel, pay price upmarket room complete experience.",0.18511507936507937,0.5676746031746033,Mar 23 2008
31,31,"Two nights The Maidens I spent two nights The Maidens, upon arrival Delhi. Nearly everything I'd previously read property, turned experience exactly. The frosted window facing courtyard/walkway gave one feeling inside stateroom, cruise ship. Some confining. The room &amp; bthroom large. There terry cloth covered step use enter tub/shower height, plus &quot;rising&quot; shower curtain one turned shower, inconvenience. Beautiful bathroom, everything ended WET shower curtain floated. The lack individual temperature control air good. The electrical power fluctuated went several times, visit, leaving one dark. Overall, property, grounds, etc. well maintained, somewhat antiquated. Breakfast (furnished) merely breakfast, nothing write home about. Would I return, yes. Location ideal, nice.",0.025174603174603166,0.443015873015873,Mar 20 2008
32,32,"Good rooms could little renovation My girlfriend I stayed two nights start holiday. The public areas well maintained colonial feel them. The food good staff friendly courteous. Our room large separate area storing cloths mini bar located. I would say could done little work decor seem little tired. Our room also window, I know true rooms hotel. We wander outside, little within walking distance way bars restaurants, ate exclusively hotel. Prices, would expect, expensive compared eating Delhi, still cheaper would expect pay England. The Red Fort close by. Over all, I hesitation recommending hotel.",0.08220238095238099,0.4963492063492064,Mar 14 2008
33,33,Lovely old character colonial feel Lovely old character colonial feel old section Delhi. Large rooms. I ordered menu restaurants found food excellent.,0.35918367346938773,0.5040816326530612,Mar 1 2008
34,34,"Pleasant Hotel The Maidens Hotel pleasant colonial style Delhi. As reviews said, much within walking distance city massive Delhi itâs impossible central everything. The location fine everything could possibly want see relatively short taxi ride away. The rooms huge. They well kept well cleaned. Nothing fancy certainly standard India. There real windows room never felt boxed in. The frosted windows hallway serve purpose plenty natural lighting windows throughout hotel. We found food rather pricey average quality. The bar small nice place relax cold Kingfisher long day sightseeing hectic city Delhi (talk bartender âRichardâ, heâs fun guy). The morning breakfast great. They nice mix traditional English breakfasts Indian cuisine plus endless cups nice strong coffee. They also serve great fresh squeezed watermelon juice.From I gathered, entire filled older (senior) British tourists. There nothing wrong may feel like youâre England India points hotel. That said, number Indian functions taking place (weddings. parties, dinners, etc.) must well liked upper class locals.The staff (more front desk) bit inept. They seemed missing beat Iâve never one get overly agitated staffs. Be assertive need accommodate requests. Just heads up, recommendations eating outside hotel. Definitely make point research restaurants plan eating out. Moti Mahal good restaurant. Donât let surroundings scare away. Overall itâs pleasant place. Donât let negative reviews make think place cockroach pit. The clean, food good staff average.",0.17553333333333332,0.5405999999999999,Feb 29 2008
35,35,Old fashioned India The Maidens lovely old-fashioned hotel. The rooms large clean. The breakfast came along room ample although terribly exciting. The staff helpful backyard often wedding going quite fun watch. You cannot walk anywhere taxis easy get subway stop somewhere faw away.,0.25928571428571434,0.5527380952380953,Feb 27 2008
36,36,"Colonial Charm A colonial hotel, little frayed edges, near old Delhi. Huge rooms (without view, light enough) even huge dressing area bathroom. Needed lick paint, character, service charm, absolutely fine.",0.2365740740740741,0.5666666666666668,Feb 9 2008
37,37,"Tired Dirty overrated Arrived late night UK - long transfer across Delhi get hotel. The public areas ok - rooms poor - air conditioning - vent top ceiling. Our room smelt damp cockroaches! Not great welcome India! Also standard rooms windows - frosted window hallway.We series staff knocking door 1am trying show us round room etc wanting tip! It really annoying want shower, unpack go bed.The breakfast room food offering average staff barely interested helping.We really disappointed expected smart colonial style would clean friendly. We Delhi 2 nights sightseeing days dreaded returning hotel.This really nothing like rest Oberoi hotels amazing!",0.019206349206349196,0.574563492063492,Jan 28 2008
38,38,"Luxurious flawed There's lot like hotel. We stayed one suites (no smaller rooms available), simply attractively furnished spacious. There little noise road, inevitable Delhi. The disappointments came features. Breakfast notably poor - enough seats small breakfast room, worst choice food anywhere India. The bar also disappointing.We visited friends Imperial seemed like impressive round, I think would stay next time.",-0.01640625,0.5520089285714286,Feb 23 2007
39,39,Great last night India We booked travel agent selecting trip-advisor web page. The made nice change multi-storey variety real feel Indian be. The room spacious comfortable staff front desk really helpful.The restaurant/coffee bar great shakes adequate lovely swimming pool gardens.As early flight superb continental breakfast served room 5am!! Highly recommended.,0.3244444444444445,0.5658333333333333,Jan 3 2007
40,40,Comfortable Spacious This lovely end stay India. The provided excellent breakfast clean spacious rooms. The room clean comfortable beds. The staff friendly happy engage conversation.,0.5551041666666666,0.8250000000000001,Dec 28 2006
41,41,"Not bad price Delhi I go Delhi days trade fair chose Maidens seemed decent 3-4 star whatever info I could find web. New Delhi hotels pit pricey, I managed get good package deal here. The upgraded suite room 1000 Rs. extra. While suite huge furnishing decent, nothing fancy. There one tv living room cant watch TV lying bed. Also windows rooms frosted glass hence makes feel lonely esp. travelling alone. Staff friendly cooperative. The hotels location great, arrnange taxis instantly hotel. Food also good, though theres much choose breakfast",0.19968805704099818,0.5865418894830658,Dec 23 2006
42,42,"charming, much.rooms large comfortable,BUT: breakfast included, charge much money.the location good,because old dehli,too dirty noisy.",0.12285714285714289,0.5257142857142857,Aug 22 2006
43,43,"A Colonial Hotel This first stop India, arriving Delhi airport late night, journey across Delhi experience behold itself, took hour least driver knew going. The clean comfortable, plenty hot water, room large although bit dark. The air conditioning worked well bit noisy, windows open bit nuisance I think would much view anyway. The food good, staff helpful especially restaurant choosing Indian dishes. All trips cars pre booked problems area. The efficient changing travellers cheques. The bit way, street outside busy people friendly. Delhi sight behold self, worth visit. We see monkeys area.",0.15505602240896357,0.4795238095238095,May 27 2006
44,44,"OK much Spent 2 nights here.The room large beds comfortable, style dated 70's match elegant exterior building. We never problems hot water, enjoyed breakfast , evening buffet meal. The pool good size deep too. The way though, neither New Delhi old city. That means tiring hectic taxi ride get anywhere. As tourist pain- return Delhi I think I would choose conveniently situated",0.26543456543456545,0.5410089910089911,Mar 7 2006
45,45,"Not satisfying We stayed tree nights December 2005 disappointed well. While reception area look bad, rooms old-fashioned, dark seem clean. Also problem cold, got small heater well...Staff slow, especially concierge front desk. Everytime asked something, took hours, even somethin small...The location Maidens Hotel pro either-the biggest problem is, barely Taxidriver knows place always mixed Oberoi-Hotel, After dinner The Park really regretted stayed there-but next time....",-0.15088888888888885,0.5347777777777778,Jan 28 2006
46,46,"Colonial Charm The Maidens Hotel first best (of four) wife I stayed India honeymoon. Out city centre, suited us perfectly proved wonderfully peaceful retreat hustle bustle Delhi large.The staff helpful professional nothing seemed much trouble them. The food equally fantastic provided introduction subtlety Indian cooking (in hindsight, I wish I braver eat meat dishes).As rooms, luxurious spacious. I say rooms lucky enough get upgraded make way Indian wedding party - spectacle behold.An amazing experience.",0.3527777777777778,0.5888888888888889,Jan 10 2006
47,47,"Average overpriced far away This average hotel. I charged $150 room, told clerk room goes $180. I felt sorry I paid $150 sorrier fools pay $180. If going choose price range far away center things, better choosing room Intercontinental Nehru Place The Grand New Dehli - two great hotels. The rooms hallways Maidens shabby, restaurants/services limited. My flight India delayed several days, I stayed several hotels. Maidens ranks expensive one least favorite.",0.08029029793735676,0.5498472116119175,Dec 29 2005
48,48,"A beautiful escape chaos! The Maidens bit isolated, advantage tired constant sensory overload city. I spent last 2 nights 30 day stay India here, delightful way end trip. The staff professional, well maintained, rooms enormous cool (almost cold night). The grounds lovely, including large pool outdoor cafe.When I wanted go anywhere, taxis waiting onsite. I definitely stay next visit.",0.15795238095238096,0.534904761904762,Jul 8 2005
49,49,Atmospheric Hotel We arrived late Oberoi Maidens upgraded suite (we'd booked standard room) The staff extremely helpful particularly enjoyed ambience - real throwback days Raj dining room hung fascinating photographs. Historical interest - Lutyens stayed New Delhi built - favourite dining place British colonial days. Food service good grounds pretty attractive swimming pool.We also stayed Park New Delhi (excellent) Maidens individual character. The surroundings particularly attractive Old Delhi want see 'real'India?,0.20514354066985646,0.5252153110047847,May 24 2005
50,50,Exzellente Zimmer schlechtes Restaurant,0.0,0.0,Mar 11 2008
