,Unnamed: 0,Reviews,polarity,subject,Dates_extracted
0,0,Hardly luxury bad We stayed Broadway two separate occasions part recent tour India. We two different rooms - one back looking towards mosque another Asif Ali road side. This reasonably budget located edge Old Delhi. The rooms stayed acceptable standard -not exactly luxurious get pay for. The air-con worked (which July essential). The bathroom clean. We friend stayed single room window - would bit depressing. So watch that.I would agree reviewers noisy. If back get call prayer 2 mosques. At front incessant beeping Delhi traffic. The best thing restaurant - awards kashmiri food recently. The bar upstairs pretty grim though - window therefore smelled stale.,-0.07482142857142857,0.4323809523809524,Aug 12 2009
1,1,"good place It anice place stay. You could enjoy nice place live well nice location wander about. So, liked place stay friends.We great time there.",0.5480519480519481,0.7357142857142858,Jun 19 2009
2,2,"Veeeeeeery noisy... I would never go back sleep, I would go back dinner, restaurant nice, staff helpful, however old, wakep mosque every morning 6 cup tea.",0.2275,0.315,Jun 8 2009
3,3,quite surprising It's particularly quiet honest. We seemed lucky got one rooms back view Mosque entertaining. It's beautifully furnished certain old world charm it.The service received quite good. We leave 7:30 continue onto Agra staff kindly gave us breakfast (we bit early buffet breakfast).Thugs Bar also quite fun :) We wanted try restaurant well get (going accounts meant fantastic!),0.41184126984126984,0.6025396825396825,Mar 11 2009
4,4,"Two weeks Broadway I stayed Broadway last two weeks July 2008 large group. My room top floor, back overlooking Jama Masjid. My sense quality rooms varies bit. The folks front complained traffic noise, particularly lower floors. There also rooms middle exterior windows, opaque glass facing corridor. You must get used it, one seemed complain this. My room lovely. It light, small clean bright. The bathroom ample water pressure hot water, though shower usually took minute warm up. The air conditioning quite powerful, maybe touch cold. It true hallways AC vents, enough cold air vents rooms keep halls relatively comfortable.The staff prompt providing room service, kept rooms clean two weeks. They pester us all, may point pestering group full, making money way. Laundry cheap, returned day, careful delicate fabrics, drying India done Iron (and sometimes laundry come back bit damp). The mosque behind call neighborhood prayer early morning, I found charming. Sometimes I woke listened drowsily rolling going back sleep, sometimes I wake all. On weekends children neighborhood get roof tops fly kites. From room could literally see hundreds them. Also weekends street front used book fair. My sense looking inexpensive Paharganj, Broadway good bet. The attached photos show room. There also pictures earlier posters added room decorated French designer stayed hotel. Fear not, almost rooms share decor loud multicolor decor room.As food, ate breakfast Chor Bizarre every morning. The breakfast buffet adequate, though restaurant bit dim morning meal. Every morning featured hard boiled eggs well either omlettes fried eggs. Also least one curry, cereal, toast, juice, tea coffee, days fried veggie cutlets samosas. There fruit juice bring bananas request. It true fresh fruit, India. We also fed lunch conference room, gave us sample kitchen do. Suffice say lunch generally excellent, I'm sure eating restaurant lunch dinner would agree. As bar, Thugs, yes, bit dive. Who wants go India drink?As location, tuktuk CP New Delhi station/paharganj cost 60 Rs. The Muslim neighborhoods behind interesting walk in, better go group. I saw obvious dangers, one intrepid members come nasty virus.The Broadway lap luxury. But solid mid range heart Delhi exceeded expectations definitely better reviews would indicate.",0.16855968986921366,0.5245380104903914,Sep 21 2008
5,5,"Disgusted Broadway Delhi I stayed mixture rooms approx 4 nights - 2 nights cheaper rooms dirty, noisy old upgraded expensive rooms front refurbished far greater price find noisy (as rooms adjoining thin wooden internal door hear everything rooms), hot water days, sheets covered human hair. A complete arogance staff careless attitude management complained. The bar seedy come, food overpriced general over-rated. Were going stay 2 weeks left 4 nights. I sick harrassed daily staff buy service either taxi, tour, driver etc - even told dangerous go alone, rubbish! Wouldnt return ever, save money go elsewhere want business treat like guest rather inconvenience.",-0.16655844155844154,0.5287337662337662,Sep 9 2008
6,6,"jack hammer broadway I read reviews tried keep open mind. I stayed hell holes. So I ready anything. I even ready bully attempt make buy expensive tour packages leaving finding added charges make. So arrived airport please try remember go front entrance airport ,thats taxi send pick up. When arrived lobby everything went smoothly I surprise. They took us room hall cluttered carts I got worried entered room. spacious beautiful bathroom. comfortable large bed.tv. loved it. overlooked mosque enjoyed call prayer. The thing great work going mornings sounds jack hammers. tend ignore it. area rather disappointing cabs plentiful. resteraunt chor Bizarre busy food seemed tourist really good vegetarian places blocks away. I totally would go back ,really enjoyed stay.",0.2361038961038961,0.6144805194805194,Aug 31 2008
7,7,"Hotel Broadway We really enjoyed stay Hotel Broadway. The room OK (the view nice, room quite noisy), breakfast great staff friendly. We ate restaurant (Chor Bizarre) several times really loved everything ordered, particular gulab jamun.",0.4615740740740741,0.5925925925925926,Jul 6 2008
8,8,"Common areas look great ...... This booked part package tour Rajasthan Agra. It lived reviews - average sort place. The common areas quite clean attractive, including breakfast room. The room fairly large, twin beds, nicely appointed. It looks like furniture fixtures recevently updated, although walls stained. The bathroom shower sprayed fine mist, vent vents hallway, privacy compromised, also hear everyone / everything hallway. The room well insulated, could hear honking horns day night well barking howling dogs. For need English language television, 80 cable stations India English language programming. The airconditioner worked, heater seemed bit lacking, ask extra blankets cold.The breakfast pretty skimpy - toast, thin oatmeal, hardboiled eggs, bread, potatoes, artificial juice, tea coffee. On second day, fried eggs also available, well cold cereals. The cleanliness bit suspect saw staff wipe used plates cutlery replace table ...... using cloth wiped table ! However, perhaps start trip, lack cleanliness immediate effect digestive system (that would come later trip).We get chance eat dinner there, although guides drivers remarked food supposed quite good.The front desk staff accommodating making change us made us feel welcome.",0.12163561076604554,0.5501552795031056,Mar 5 2008
9,9,"Inexpensive OK My son I dinner hotel's much praised restaurant, Chor Bizarre, 2004. It outstanding, Mughal feast. For reason I decided stay Broadway solo October 2007 visit. I thought I might take meals Chor.The restaurant diappointment. Breakfast offered two kinds eggs -- scrambled one day, hard boiled next -- dishes. The entrees I ordered lunch dinner good, great.My single room one window: looked onto corridor. Actually, two rooms. Without explanation staff moved two nights -- room next door.My first room designed appeal six-year-old. Its curtains decorated cartoon characters, bedspread items parts room. Since bed single, I wondered many young children checked alone.Aside bed, room also chair table (the latter attached wall), small closet, full-length mirror (decorated cartoon characters), safe.The bathroom quite modern -- also cramped.The Broadway's location bit distant Connaught Circle -- half-way Connaught Circle Old Delhi -- since Delhi spread out, that's really disadvantage.A clear advantage price: paid US$200 US$300 previous trip, Broadway's US$80 rate quite welcome.",0.1100765306122449,0.3414965986394557,Feb 16 2008
10,10,"Great location I've spent couple days Broadway. It's Asaf Ali Rd right next Delhi gate ideally located exploring Old Delhi,Jama Masjid Red Fort. All drivers seem know trouble directions.I room 14 - single room windowless. It was, however, clean bathroom well equipped regular clean towels. It's bit basic, I suppose, call luxurious downstairs restaurant excellent always busy Indians foreigners alike. Staff likeable enough happy arrange pick-ups suchlike.Would I stay again? - mmmmm, dunno. At price range I dare say fair value Delhi wee bit characterless.",0.30776942355889725,0.46325910931174097,Feb 10 2008
11,11,"It smells bad!!! We 9 persons staying days.I booked I read Lonley Planet Guide, like because:- The single room window!- Outside room mosque (very noisy very, early morning!!)- The staff friendly helpfull.- Yes, rooms A/C corridor lift hot!- But all: Everywhere bad smell....But said I add location good. We walked small streets behind near several places - could go rickshaw Tuk-Tuk minutes.I recommend - must easy find better one!",0.004731873518638234,0.4562098685628098,Feb 4 2008
12,12,"value money good value, luxurious good size room, good shower room, nice clean, clean sheets towels, attatched chor bizzarre restaurant nice!",0.6297619047619047,0.7428571428571429,Jan 17 2008
13,13,"Cheap I got good price, high expectations. If I staying longer I would asked another room. I got windowless room, dirtiest room I've ever received. With cockroach, previous guests hair, dust, on. The bed hard. And door huge gap neath sounds corridor could heard. There also call prayer sun rise. I slept poorly 2 nights hotel. But I've also heard guests big difference rooms. So sure check get. That said helpful. They organized breakfast opening hours tour group. I slightly worried eating Chor Bizzare restaurant, given cleaning level room. But excellent, nice staff, good food. Try saffron, semolina desert. This hight turist season Indian Pakistan cricket match, lot fairs Delhi hotels rather full.",0.23953125,0.5857118055555556,Nov 27 2007
14,14,"Quirky clean comfortable When arrived Broadway early morning shown room 26. This room clean beds clean bathroom facilities reasonable aircon. Other pretty shabby. When slept got go hotel, receptionist advised 'superior room' ready. We shown smart room, spotlessly clean (room 22) front. It felt like different hotel. It's worth checking see room in. The road outside however, front, really noisy. Vehicles going night. On balance great place stay. I can't comment value money part inclusive deal. The restaurant good, always busy, need book table. Breakfast included choice hot food usual toast, cereal etc. The staff little stiff (in slightly brusque Indian kind way) couple days really friendly. Prices phone room service cheap, i'd expect paying top Delhi.",0.23713054187192117,0.5716338259441708,Nov 24 2007
15,15,"Not good experience I booked reading one good review tripadvisor reading various guidebooks good value. I disagree. Although succeeded providing us reliable pickup airport (we used driver tour Golden Triangle) paid get good value. The placed us room next door room gutted. This meant woken 8:00 every morning holiday hammering, men talking, sounds drywall plaster coming three feet us. After looking room next door, apparent sleeping next potentially unhygenic conditions, pile trash, drywall, plaster, cement blocks room.Breakfast less desirable, restaurant dark gloomy buffet questionably fresh. Suprising coming highly rated restaurant, Chor Bizarre. Needless say eat dinner there. The area convenient sightseeing around Old Delhi honestly matter hire driver New Delhi alleviate frustration traffic getting ripped taxis rickshaws.Overall would return hotel. The room clean, given conditions room next door (two feet beds) I would pay US$100 room. It worth perhaps US$30 most.",0.15349261849261847,0.4423115773115773,Sep 30 2007
16,16,"Great little Stayed Broadway two nights arriving Delhi, reading good reports Lonely Planet guide. Its close Red Fort, Chandni Chowk ( maze narrow streets alleyways full shops Indian life.) The rooms clean , air-con, good bathrooms. Times India delivered door every morning. The front desk changes money reasonable rate. The famous &quot;Chore Bizarre&quot; restaurant lives name, excellent food, wine service!! There's even antique car breakfast served from! The &quot;Thugs&quot; bar serves anything think of. It Ritz, good value 3 star hotel. I paid Â£20 room decent breakfast. All all, great little hotel.",0.36637254901960786,0.622156862745098,Apr 12 2007
17,17,??????????,0.0,0.0,Nov 10 2009
18,18,evitÃ©,0.0,0.0,Nov 20 2007
