,Unnamed: 0,Reviews,polarity,subject,Dates_extracted
0,0,"GET NO BETTER THAN THIS Excellant every aspect, size room, spotless clean, modern, everything worked! Anna reception star girls nice chattyTry Ninja restaurant hudson street wont disappointed try chicken wings Mudville 9 around corner. Close subway loads bars liked Ward 111 great personal service guys.If go NY personal tour REAL NEW YORK TOURS must",0.0913510101010101,0.6172348484848484,0.6172348484848484
1,1,"Fear Factor Reality Edition... Well.... We went NYC fun weekend adventure got little bit bargained for. Aside wife convinced camera crew would pop tell us &quot;Reality Hell&quot; (google it), sure much adventure looking for. We checked dropped bags earlier day returned around 11pm pick keys, everything fine. The girl front desk sweetest thing, Ana, name (same daughter), engaged delightful conversation handled questions city made us keys. She assured us anything needed better stay, hesitate contact directly. That made wife happy, matters. We decided retire early get ready busy saturday sightseeing &quot;Big City Adventure&quot; wife prepared scheduled itinerary, covering everything time sleep shower bathroom breaks meals. Upon entering Guest Room, wife began unpacking things. I, hand, scheduled shower. After retrieving pajamas, headed beautiful shower, minimal water pressure (not choice), fire alarm ruptured eardrums echo bathroom. Of course, wife calls lady front desk see &quot;What's Wrong?&quot; find certain, cautious come downstairs notice. She informed us elevators working, take closest stairwell 1st floor. We found closest stairwell began walk calmly stairs. Once got lobby, 3 fire trucks outside fireman imagine. The poor girl gave us keys playing role SuperWoman. Making phone calls management, calming scared guests handling requests firemen. She real trooper, joke, point midst chaos, one guest asked room change. Surprisingly, response guest calm informed things settled down, would happy fulfill request. If I her, I would singing totally different tune. Turned fire hotel. We Fear Factor Reality TV Show, I think disappointed wife. But definately Big City Adventure, one planned. We want give alot credit Front Desk Agent, handled event utmost professionalism courtesy. She person able multi-task without guidance. She truly assest property. It scary situation wife I, worrying things would okay took nothing cell phone downstairs. I wearing nothing boxer shorts outside Duane Street Hotel. Other that, I see New York City City never sleeps, Sin City? Either Way. The one thing worry me, although Front Desk Agent handled everthing well, real emergency. Duane Street Hotel Death Trap waiting happen.",0.1721838280766852,0.5120602281316567,Sep 20 2009
2,2,"funky clean quiet great location Hotels NYC become lot reasonable lately thanks tanking economy, great place stay regardless. In TriBeCa area, tiny spot small rooms, IS NYC, small rooms pretty much norm. The rooms beautiful, mostly taken pedestal bed, come w/wireless internet, flat screen tv, a/c system super aggressive. Great like cool- don't, turn off. Bathrooms feature showers rainfall-style shower heads half glass wall divider, separating shower rest bathroom. Everything really clean, night turndown leave piece dessert two bedside. A really nice touch.The staff really helpful recommending places dinner helping get reservations. The place gym (due size) let use nearby fitness club, block away, really quiet two times I went. Speaking quiet- really quiet NYC, terrific sleeping. It's also close several subway lines, want use mass transit get around city. I'd definitely stay again!",0.23666666666666664,0.5322222222222223,Jul 8 2009
3,3,"great shakes Chose Duane Street Hotel flop January hanging NYC. Stayed 3rd floor. Room good size, bath nice, high-end bath products, comfy bed we've ever slept hotel, then, sleep futon home, take worth. 2 issues: hear subway rumble underneath bed EACH AND EVERY TIME rolls thru station, left card room-service breakfast; though gone AM order never made kitchen. Staff bothered least oversight. We call order wait almost check receive cold eggs. Overall, worth 3 fins.",0.07545454545454545,0.4045454545454545,Jun 27 2009
4,4,Great stay It first time NY really loved it. We specially picked got much rooms. The rooms big enough shower great. When leave window open night there's lot noise street. The staff friendly helpfull. The ideally located Lower Manhattan.,0.4086038961038962,0.5595238095238095,Jun 17 2009
5,5,"Outstanding Staff Great Hotel Nice Location Nestled Tribeca area Canal Street special upscale outstanding, attentive, hard working staff. Having stayed many fine hotels City Tribeca Grand, The Four Seasons, The Peninsula, The Palace, etc., I'm used spoiled, used great locations. Interestingly I accidentally discovered hotel, The Duane Street Hotel, year ago two-week stay Tribeca Grand, wandering neighborhood. At time I asked front desk would possible show sampling rooms gracious so. I made point put Duane short-list future trips.What stands high-quality professional staff. Each every member staff, including managers, front desk, housekeeping, dining, maintenance, friendly, experienced, caring, considerate, professional, dedicated providing best possible guest experience possible. The [smaller] size allows personal service attention easily get lost bigger hotels. There slackers here. Everyone toes, consistently going way provide great service timely manner. They commended going extra mile.Speaking miles, brings yet another great benefit Duane. It's location. Convenience SoHo, Tribeca, financial district, foot, piÃ¨ces de rÃ©Â·sisÂ·tance direct access within one block multitude trains [subways]. I live trains get I want, fast, important located fairly near major train access stations Duane, accident, dream come true direct access A &amp; C lines well 1-2-3 lines. As strategic enough, walk another avenue cross-town catch Lexington Avenue trains Brooklyn Bridge City Hall Station access 4-5-6! With quick easy access major arteries one travel train virtually location City within minutes. Again, best part Duane's location [in addition located desirable Tribeca area] proximity subways, within footsteps. In closing [I'm currently mid-stay two-week business trip] I happy recommend The Duane Street Hotel anyone looking value, location, amenities [yes, even thick-heavy bath robes], attention detail, cleanliness, importantly professional, gracious, friendly staff. I look forward re-booking future stays The Duane.John Hayp.s. ......it's true beds. It's like sleeping cloud. Also, rooms extremely sound-proffed appear recently installed &quot;duplicate-double-paned&quot; dual sets windows practically eliminate street noise. Love super-tall ceilings too. Great layout design.",0.297141792633596,0.5590359094457454,Jun 13 2009
6,6,"lovely This lovely. The rooms small, NYC quite standard. The bed amazing shower. Some noise street heard, bring ear plugs though.Highly recommended.",0.27,0.5599999999999999,Apr 26 2009
7,7,"$400 taken room!- NOT first time happened. The pleasant enough still excuse fact $400 taken room. I told management first time something like happened looking previous reviews I see another person experienced thing.Unfortunately day money taken room, second last day hotel. I keeping cash safe I entered safe code wrong, day money taken, I decided leave safe open fear I'd able open again.I left room earlier day, travel companion remained room. Before left told one room service girls plumping issue bathroom. She said she'd contact reception would get someone room look it. On checking see much money left last day New York, found money $400- shadow doubt mind, money taking member staff.We spoke receptionist straight away discovering money taken told another member staff money would reimbursed.This case honest found manager quite unhelpful incompetent resolving matter- police we're called statement taken them.All all, experience bad one handled un professional manner.Duane Street need realise member staff ROBBING cash residents rooms. I'd advise people look hotels stay New York.",0.1016824494949495,0.3896764520202021,Apr 22 2009
8,8,"poor service trendy new We many problems attractive, small Tribeca. We prepaid room ( 6 nights) nights put random $900 charge bill. They acknowledged mistake luck caught charge Visa card still hotel. Every night lacking something room either towels water glasses brought called desk nuisance. On sixth day left 7:30 returned 3:15 find room still cleaned. Neither desk clerks housekeeper apologized. They tried say must put Do Not Disturb sign. When excuse work several stories full night, clean rooms new arrivals finally old &quot;one housekeepers show work&quot; story. A simple apology would gone long way placating us. We finally got cleaned room 3:45.",0.08102073365231259,0.48243335611756666,Apr 20 2009
9,9,"Sneaky Booked Duane St online, received confirmation, paid advance. Upon arrival front desk, I told &quot;overbooked&quot; I moved another property. It set bad tone supposed long weekend break. I've traveled extensively business pleasure say I never told overbooked. That's bad enough waiting told arrive? Unacceptable. The attitude staff akin &quot;Well, that's breaks. Sorry&quot;.",-0.2899999999999999,0.5133333333333333,Apr 20 2009
10,10,"Duane Street Hotel Duane Street Hotel Tribeca area ideally located lower Manhattan, walking distance major sites, as, Century 21, best department store shopping, get early esp weekends, gets hectic; ground zero like 10 minutes away right near Century 21; Battery Park, China Town, Financial District, restaurants everywhere within walking distance. Our favorite place Bouley's bakery restaurant - plenty sushi places, Indian, ethnic restaurants nearby - staff Duane Street Hotel pleasant love doggies! I would definitely come back hotel, small clean cozy.",0.2579563492063492,0.5436507936507936,Apr 13 2009
11,11,"Can't wait go back We also wanted stay midtown craziness explore new area NYC. This amazing. The staff helpful, rooms beautiful bed comfortable home. It 1.5 blocks away subway within walking distance lot. I would go back time!",0.3551948051948052,0.522077922077922,Apr 7 2009
12,12,"When I go back? In NYC week Art Fairs shopping I wanted midtown rat-race, thought right. I really brilliant!The room NYC sized, experience bright high-ceilinged decorated warm simple fashion great entertainment products fill time changing going purchases. I busy Century 21 still able move around queen room I got extra suitcase boatload clothing. The bathroom spacious similar sized rooms I've experienced amenities great. Small issues room immediately dealt staff notification. The cleaning staff unobtrusive thorough, turndown service sweet treats left evening wonderful return to. I cannot say enough front desk staff totally made trip extraspecial one. Mostly I seemed run Michelle fantastic suggestions things outside norm. Getting tickets great show I would otherwise gone ignorant easy. She staff even went bat try get tickets broker town - turns original ticket see Roots 10$ much broker get that. The suggestion I try showing looking tickets led see Roots well Hi Tek Talib Kweli - 30$. Oh I love NY, wonderful people Duane Street. On leaving I ended leave art piece big pack. Michelle fantastic helping get home long (first) stay Duane ended. I use Beca restaurant much seemed beautiful place watch Church street world go by. Overall I stay again. I likely ask slightly higher room - 3 - though honestly street noise far better I thought would be. As I mentioned another site, thing I would change would huge truck shuttle back forth Century 21.",0.2869593253968254,0.5536359126984126,Mar 19 2009
13,13,"Cute Tribeca We spent 3 days long weekend NYC. Overall nice hotel. Our room course compact (It NYC!), well appointed nicely kept. I enjoyed hardwood floors especially.The services quite good small hotel. There nightly turndown tasty sweet treat wanted borrow bottle opener beer picked Whole Foods (very nearby) grabbed us one bar questions asked. One note though, doorman seemed odd nice property.On side, air handling unit incredibly loud room work well. This easily overcome though fact windows actually opened, simply turned unit altogether enjoyed fresh spring air!",0.24141414141414144,0.5399711399711401,Mar 16 2009
14,14,"Wonderful stay I great experience past weekend. The room spacious, beautifully decorated, comfortable beds I ever slept hotel. Whatever renovations reduce noise pollution worked - hear anything street neighbors (at least room 602). Really professional, non-pretentious helpful staff. There great Tribeca restaurants near by, dim sum Chinatown, walked lower Manhattan.I highly recommend looking something away large corporate places.",0.3195918367346939,0.5298979591836736,Mar 9 2009
15,15,"This large corporate hotels (like Aloft) tried emulate failed do. It serendipitous last business trip took Denver I stayed Westinâs new Aloft brand, tries best pretend itâs trendy downtown New York City. If read review I took woodshed room poorly designed. So real NYC boutique opinion? Top notch course. I checked one night Feb. 8. The front desk lobby small well appointed. The front desk person extremely pleasant checked quickly. They invite sit check in. Nice touch. Went room. Lo behold small, tiny. Big enough King bed. Beautifully decorated, comfortable bed. The bathroom large roomâs size. Great toiletries glassed shower large enough actually shower in. TV large flat screen corner room swivel arm move depending sitting room. The clock radio Bose nicer audio equipment I home. Sounded like I surround sound six speakers. It quiet night I person bar friends arrived. Good bar selection beer, oddly liquor license. Which fine, I wanted beer anyway. Shockingly low priced NYC hotel. In all, THIS trendy hotels supposed be. Maybe âpretendersâ Aloft big name brands spend night two learn boutique hotels NY supposed designed. High marks person gladly return. Great stay",0.20713291646624982,0.4993096039762707,Feb 21 2009
16,16,"Nice Surprise! 5 Star service Stayed one night husband finding great deal Travelzoo. We greeted warmly staff, offered hot cider freeeezing NYC day. The room large, every inch space decorated lovely efficiently. There many touches find finest hotels. The bed comfortable, left treats turn down, filled ice bucket turned soft music arrival. We complimentary buffet breakfast restaurant, nice. The complaint would shower pressure low. All all, wonderful experience. Would stay sure.",0.32336507936507936,0.6800674603174603,Jan 18 2009
17,17,"Room 607 Someone else reviewed citing Room 607, claiming noise air conditioning unit roof kept awake. Well, December, air conditioning noise heard. But everything else be. The thin walls doors little prevent us hearing intimacies neighbors. But sound really issue here. The six floors located small corner property Duane Street Church Street Tribeca. The six floors hold 45 guest rooms. There really one way make happen. If usable space room 607 totals 110 square feet I'd surprised. The prides stylish furnishings. But stylish trying figure walk around king sized bed, sitting hard wood platform extending 4 inches beyond mattress two people room suitcase two? My shins shot.The shower spacious. I'm thinking moving suitcases there. This may work, shower (advertised correctly rainshower head) gives enough pressure merely make one damp. There rooms available. I've checked (am I write this) three nights. I live neighborhood, family visiting, I've given apartment New Years holiday. I checking two nights early. 'Tis shame, I live work lower Manhattan often direct visiting colleagues, friends family hotels area. This list.",0.06712121212121211,0.5610606060606063,Dec 30 2008
18,18,"Great location away crowds My husband I booked quick weekend trip NYC found great deal Travelzoo.com. I bit skeptical staying far Midtown theater scene, centrally located (less 2 blocks) major subway lines. The neighborhood charming, staff helpful -- especially Melissa. We venture Midtown, crowds noise overwhelming. Small, well appointed queen room (306) nice views street below. Great amenities like NY Times, cookies turndown, soft sheets, high ceilings. We definitely book again.",0.23550925925925925,0.6198148148148147,Dec 17 2008
19,19,"Liquor License This chic trendy NEW property. The lobby restaurant area cozy, even small bar. Unfortunately beer wine quite priced. I really think staff understands I given direction restaurant evening employee reeked hard liquor, broken slurred English. The front desk concierge quite embarrished made best efforts provide great service, unprofessional mannerism drunken demeanor middle lobby bad reflection otherwise pleasant stay. There's old saying &quot;one bad apple spoil bunch&quot;, case here. Hopefully recruit professional staff like concierge Dan bellman Reegoo.",0.06640151515151518,0.504810606060606,Dec 12 2008
20,20,"A Diamond Rough The Duane Street Hotel short walk many attractions including China Town, Little Italy, WTC City Hall. A block away subway station leads sites area. Although I've read complaints size rooms, room two double beds adequate, contemporary decor attractive, yet functional. The staff extremely helpful small blueberry muffin turned beds night nice touch. To top things off, complementary copy New York Times door morning really appreciated. Although hardwood floors could make noisy night guests you, problems. I would definitely stay again.",0.15359516214779373,0.44965443912812325,Dec 7 2008
21,21,"Feels like home Exellent stay visit. Very warm cozy vibe. Small hotel, yet spacious room (especially New York). Staff greeted warmly, helpful concierge needs. Great area, safe walk night time. Had great meal &quot;Odeon&quot; two blocks away open late. Would definitely return next trip New York!",0.20230113636363636,0.5836931818181819,Nov 27 2008
22,22,"Great boutique hotel...good deal NYC We stayed weekend NYC stayed Duane Street Hotel. Upon check in, greeted sort ho-hum front desk clerk able get us room 3pm check-in time. That nice able go relax driving. The brand new clean modern looking. The room small really cute &amp; pretty much would expect NYC. We huge window poured great light &amp; room really nice flat screen tv &amp; nice clock radio. We stayed queen bed super super comfortable....my husband I great night's sleep. Someone else mentioned really loud notice excessive noise all. In fact, mellow. We continental b.fast next morning &amp; nice- includes coffee, pastry, fruit. It nice go it. Really cute open restaurant right lobby- also dinner dinner (side note: dinner Secession- David Bouley's new restaurant Tribeca- FANTASTIC!!! ) I love neighborhood Tribeca little boutique really good find. I think great, overall.",0.3605701358826358,0.6625871813371813,Nov 24 2008
23,23,"Deleted 1st review. Never stay! Snoopy cleaners! Unhelpful staff. I wrote long review sept, decided delete it. I stayed 4 nights. I like room cleaners snoop items, throw anything want. They lie too. How someone know bag taped shut? Unless look them. I waited Magnolia (cupcakes place) hour day. Slept, left next morning, returned find, 2 dozen boxes long awaited cupcakes thrown out! I went receptionist, ask they'd throw bags, know them. They're receptionist ask head cleaner, answered, &quot; see food, throw away&quot; WHY?! They taped first place! How even know food!!! The receptionist said, sorry can't anything. OF COURSE YOU CAN DO SOMETHING! But didn't. We asked every night next 3 nights, receptionist write anything down. We asked manager every time, able talk Manager. THEY DIDN'T CARE, CAUSE THEY DIDN'T EVEN TRY!",0.03266710069444444,0.40472222222222226,Oct 30 2008
24,24,This place TERRIBLE Do stay room 607. We got maybe 2 hours sleep due noise a/c unit roof. And front desk aware problem . They move us next day better room lost one personal bags never got back us it. I never stay recommend place anyone.,-0.05357142857142857,0.3464285714285714,Oct 28 2008
25,25,"Location boutique charm perfection The Duane St admirably sited anyone whose work play lower Manhattan. Transport anywhere New York -- indeed, anywhere world -- straightforward hotel. Almost subway lines, save 7, G, S shuttles F/B, converge within blocks hotel. You within minutes' walk major WTC PATH station quick trip EWR (about 48 min), A train even quicker trip JFK (41 min). Taxis cruise Church St day night -- even rain. Greenwich Village Downtown Brooklyn 10 minutes away subway. All Tribeca Financial Dist locations easy walk, even South St Seaport 15 minutes foot. The small enough desk clerks knew us -- name, well enough remember left day -- second day there. With 6 floors, wait elevator bound one staircases. (Elevator wait major time sink taller Manhattan hotels, especially older elevator technology.)Our room faced directly onto Church St (the busier two streets, whereas Duane St relatively quiet). No problems street noise, even rush-hour. The A/C/E trains faint rumble every minutes. The guest privileges well equipped health club two blocks away. In basement sub-basement, club strike many visitors claustrophobic, huge array free-weights, machines, cardio equipment. The Duane St Hotel staff uniformly informal, friendly, helpful. They always perfectly competent, least nice it. Our room sparse, stylish, fully equipped. Two queen sized beds comfortable linens copious pillows us resting comfortably. The room small, closet-like. On subject, really enough closet space, two hangers, enough drawer space couple child. We used room service one breakfast, soft-boiled egg perfectly done, pot genmaicha generous hot, chocolate croissant even get second bite. Still, prices fine plenty food day night within block hotel. Here problems had, first particularly annoying:- booked car EWR 1 pickup. In two e-mails, well arrival, I provided complete flight details. The driver show. When, hour back forth, finally arrived, curbside, led us parking access parking lot. Absurd, $110 rather $71 quoted. (And much $50 cab.)- sheets immaculate. Just minor stains small tear; nothing distressing. - items room seemed restocked kind Soviet-era plan. One day single water beaker disappeared; one day cotton-swabs; another day short bath towel. The next day got double delivery shampoo hand lotion. I ended asking three water glasses.- bathroom fixtures functional perfect, hand-towel bar mounted directly toilet paper holder! Try drying socks worried dripping onto roll toilet paper. - air conditioning unconscionably loud. Like jet engine room. Fortunately, blasts cold air rapidly times course night. But midsummer, want wear Ipod sleep. - mysterious mini-bar &quot;coke&quot; charge appeared final bill. I think us coke decades, I taken off.I would recommend Duane St Hotel people want location Tribeca. It's considerably cheaper comparable, larger slightly swanker, Gansevoort, 20 blocks north similarly fashionable neighborhood. As boutique hotels go, pretty cheerful. The staff might always get everything right, genuinely seemed try, friendly openness one favorite things visiting New York. Our rate averaged $409 plus taxes 4 nights. This expensive wallet, fine upscale New York place almost absurdly cheap London standards.",0.06338551629249305,0.5546805261921541,Oct 15 2008
26,26,"great location - insanely loud!! Great location many things, subway close walk Chinatown, little Italy, financial district. The staff friendly. All good, except came sleeping. We third floor, I never stayed louder room life. It faces Church st windows zero sound proofing. I could hear people talking street! It got bad I buy ear plugs eye covers makes absolutely terrible sleep. We got room $300 night, people paid $500 I heard another guy complaining front desk price noise. I ended getting sick sleeping 5 hrs 3 days getting run down. Nice hotel, expect sleep wink!",0.125671101774043,0.5919234360410831,Oct 5 2008
27,27,"Not worth money Boutique hotels usually charm them, I avoid big chains I travel. I stayed 2 nights found restful. First, customer service mildly friendly, attentive I checked in. The room I very, small filled cheap furniture. It noisy, I wear earplugs sleep well night. The food ok, boring, anything reflecting price. If nyc, might well go elsewhere. Not I usually expect boutique hotel.",0.029166666666666674,0.5044444444444444,Sep 17 2008
28,28,"Stylish Clean Convenient Boutique Recently stayed Duane Street traveling business. It perfectly adequate one-night stay I really room sleep. Room clean tiny, Manhattan that's expected. Decor stylish modern. Convenient location. One traveling companions upgraded Deluxe room said spacious great. I'd stay depending price--recently looked book another trip $100 last time, I booked elsewhere. Though nice boutique hotel, worth premium price.",0.2822916666666666,0.5937500000000001,Aug 22 2008
29,29,"Outstanding! Just returned great little tribeca (Triangle canal) neighborhood new york city. My fiancee I stayed four nights fell love Duane Street Hotel.Staff great (especially door men), concierge well informed efficient (Maggie best). Rooms small-ish, reasonable new york standards. Loved hardwood floors beautiful bedding. Made room feel extraordinarily clean. The small sweet treat left us night also delicious!We breakfast morning restaurant rate included breakfast. Service great, food awesome!We noticed, others have, noise street construction taking place outside, enough keep us night. Once laid insanely comfortable beds, like light!We definitely back Duane Street Hotel! We great time, can't recommend enough!Cheers!",0.35092775581906016,0.5640425999121651,Aug 22 2008
30,30,"Good price Stayed 5 nights end June/beginning July. Room small expected tiny closet nowhere luggage start longer trip 16 days worth luggage. Fresh bright decorated room noted already, design bed, whilst comfortable mattress wooden base easy walk get bruised from. No fridge. Also safe closet slightly big closet closet door shut properly. Not problem, poor design. Another design fault (due size room doubt) one bedside light. Flat screen TV.Small bathroom, smaller hotels (could hook bathrobe, actually could second bathrobe - enough number guests room? Our Boston - new trend?) Shower rain shower powerful. Nice toiletries bathroom decent hairdryer.Very noisy outside sort roadwork going - sure sort giant orange white cone covering hole ground always noisy. Not hotel's fault I always bring earplugs anyway. Location good, close subway easy get anywhere away midtown madness, much peaceful away crowds. Really liked staying downtown.Found staff pleasant helpful. They accepted package us arrived (Yankees tickets Stubhub) brought us soon arrived.So negatives design (from somebody prefers practical pretty) yes I would return price stays reasonable (well NYC reasonable) due location staff.",0.14926041349954391,0.5078840241883721,Aug 16 2008
31,31,"great stay pleasant friendly I've stayed NY many times time try somewhere new. time chose Duane St enjoy feeling Tribeca easy walking access soho village. new. Im glad probably best stay far. I couldnt really fault all.stopping extremely comfortable would say friendly staff really made everyone feel welcome. (i noticed seemed British people time?!). went way accommodate everything asked for...even special requests couldnt front desk manager went way make sure ok.The bed, like someone said before, comfortable didnt want leave, amazing chocolates pillow evening, great bathroom reasonable size bedroom rooms felt alot relaxed personable larger ones.the whole time never heard noise guests inside hotel. could understand street noise Church rooms look onto, may cause people discomfort. time roadworks 8pm till morning still didnt disturb me. would recommend asking top floor like did.overall problems stopping all, especially youre looking quiet friendly extremely clean! (free internet access ac rooms).the guy reception, think called Sebastian also needs mention always making effort. u always mean always get taxi straight away outside church st. subway station close too.minor things guests might want know. -the ice machines, everyday house keeping would fill ice bucket us incase.-the corners bed sharp shelved lip, came back alot bruises due much room manouver round sides queen bed.-the lift slow, 6 floors cares.-i didnt see anyone use bar small restaurant, New York dont really need to.and get one robe days?!all rooms seemed pretty much same, budget option penthouse style suites either, functional rooms. everything really need.i keep going back left feeling sense trust. excellent 3star NY. away usual tourists.there probably teething problems still hear people vocalizing issues. absolutely none. came back feeling really positive stay.",0.20487167594310446,0.5178032593508782,Aug 1 2008
32,32,"Clean Comfortable Simple Went Duane room available $400 night I NYC business. The room totally clean decorated new, modern style. The staff friendly helpful. The location near many good casual restaurants. I enjoyed staying there.",0.2531926406926407,0.5913110698824984,Jul 31 2008
33,33,"July '08 DSL It appears getting past &quot;hew hotel&quot; growing pains highlighted here. Somewhere online I read new manager may helped turn around property shaky start. Having read reviews online, I double checked reservation arriving reading overbooking. The first time I called, employee said I conifrmed two doubles, actually I reesrved Executive King online confirmation that. No problem, fixed it. The person I spoke said woking interface issues Web site reservations system. The compact certainly quaifies boutique. I room 502 I believe largest get short Junior Suites. It felt roomy NYC hotel. Northeast corner roo windows two different walls. If need King, ask room ending -02. Bathroom compact storage room minimal (matching decor). Hotel room tastefully decorated cool contemporary look without over-the-top. As street noise complaints, there's kernel truth that, THAT intrusive. The front desk attendent told us checked going replace windows rooms make rooms quiet. Speaking quiet, I hear peep anyone staying saw one guest entire three days I there. service housekeeping pleasant attentive. The two short blocks two subway stations, conveneient there. I thought hotel's location Tribeca great. You really felt like mixing locals (young families professionals). Some City's best restaraunts within easy, easy walking distance upscale shopping clustered west hotel. I loved meandering Tribeca, SoHo West Village.Make mistake though, downtown hotel, hike uptown lot big museums Broadway shows.Nice stay. I would recommend it.",0.1649700789406672,0.49635217723453035,Jul 10 2008
34,34,"Nice small room great location noisy. I stayed three nights, May 2008. The located mixed neighborhood. It's safe fairly lively, chic trendy Greenwich Village. The entrance Duane Street understated, even easy miss. The entire perhaps 20 feet wide mostly faces onto Church Street. This busy noisy street NYC seem pick trash night long take special pride making much noise possible. Also, built subway line entire shakes train passes. Even glasses bottles bar dance around tinkle bit. There also numerous loud clunks bangs air-handling system throughout night. The brand new spare, Euro-modern decor done nicely that's thing. I smallest room hotel, approximately 10 12 feet, 11 foot ceilings (and windows) - room actually taller wide! Top quality fixtures, linens, flat panel TV, free WiFi, laptop-sized safe. No refrigerator room, ice machine nearby. There small restaurant bar lobby, I try it. The staff members professional courteous. Since new, seems priced little better comparable properties. Orbitz 10% summer sale going I booked way.",0.18950186387686385,0.5255236892736892,Jun 13 2008
35,35,"NEVER stay NEVER stay hotel. I recently booked overnight stay. When I arrived, told over-booked. Their manner insulting. As I mind sent chosing end manhattan. Late night, single woman, imagine disbelief. In line previous reviewer, I asked find suitable call had. They never bothered call me. TERRIBLE customer service. And woman front desk told happened several occastions last month.",-0.14664502164502166,0.44751082251082247,May 23 2008
36,36,"Hotel staff took money safe I stayed May 8-13, 2008 four nights staffer stole $1,300.00 room safe. The management done nothing except tell NOT file police report. And they're returning calls. The manager told would take care I need file one. When I arrived, I put things safe first morning. I open 12th may around 3 pm. When I tried open it, password work I called front desk someone come room help. He opened 5 seconds. When I looked inside, I found $1300 case gone! Then I called local American friend came help me. talked Ms. Nelia Rodrigues, Front Desk Supervisor, told us would check video camera see went room took money. She said she'd get back 48 hours. Since I leaving n.y.c early next day, said would call friend. He never heard 48 hours called last Wednesday. She still there, said call back Saturday, finally wait till Tuesday. tomorrow. She promised pay cash back anyway. Though I'm doubt.....",0.12333333333333334,0.27999999999999997,May 19 2008
37,37,Frequent traveler Hotel tiny. I arrived late evening restaurant shares lobby. Interesting quiet. Room tiny 604. Nice amenities room NO room Service. I paying $300 room serivce. I could even get drink restaurant license I referred restaurant accross street. Staff friendly ok. Restaurant breakfast much. Orange juice mint leaf bread eggs. It seemed top place simple understated. Just want eggs toast please!,0.20624999999999996,0.5248015873015873,May 15 2008
38,38,"Small Friendly Hotel My daughter (11), I returned 4 night stay new-ish Tribeca. The rooms smallish well designed modern, clean fresh feel. The bed comfortable I EVER slept - great mattress, lovely sheets comfortable pillows. Only two downsides: traffic Church Street weekdays quite noisy early morning restaurant sparsley populated, probably new I personally feel uncomfortably eating restuarants people dining.However, made place special staff, kind, helpful, friendly, efficient good fun too. They looked us well. We hope return soon.",0.25479013739883305,0.5446075663466968,Apr 8 2008
39,39,"Great little boutique My husband I stayed Duane Street recently found good experience. The location Tribeca great, walk Brooklyn Bridge, plus SoHo even Village quite easily. The rooms small well designed clean; staff friendly. We king size bed extremely comfortable. This great option prefer spend time part Manhattan opposed midtown.",0.38729166666666665,0.6094444444444445,Mar 24 2008
40,40,"Nice boutique We stayed weekend earlier month (March), overall good experience. The located Tribeca, plus visitors trying avoid Times Square, Broadway, etc. Most places visiting Village below.The staff friendly, room clean thoughtfully designed (although extremely tiny, like places NYC). The aesthetic modern, vaguely Ikea-ish, bright green walls lots maple wood built-in pieces. Amazingly comfortable bed! The bathroom great radiant heat floors. The lobby extremely narrow little awkward, fine area b/c guests around. If guests, easily navigated luggage, etc. The rest street level restaurant use there--probably b/c still new. There mix-up check-in, new hotel, exchange little extra patience lower room rate! We booked hotel's website b/c lowest rate found anyway.",0.1875676406926407,0.516693722943723,Mar 15 2008
41,41,"Thoughtful Modern Design Craft The Duane Hotel lot going it. I finished 7 day business stay smallest basic room. Being architect, I loved interior design. The lobby restaurant ultra-modern fine anything Iâve seen. The room smallish typical NYC yet carefully detailed space high ceilings, clever cabinets, excellent bathroom. Being less 2 months old spotless built fine craftsmanship. There plenty daylight third floor room one xtra large double hung operable window. What wrong? Not much. My large window let much N O I S E plows, sweepers, traffic, rumbling subway, garbage trucks Church Street throughout night. If light sleeper, bring ear plugs. The coffee good nearby spots; restaurant open time little business due lack reputation liquor license. I hardly ever saw anyone dining. Prices little high, I guess. Needs signage visibility outside, plenty competition surrounding blocks good food. My white bed huge comfortable. Bathroom expansively designed. Good lighting mechanical systems (except I would startled loud bang pipe wall occasionally), Wardrobe tight, many rooms seem closets. I know, company 5 us staying week. Rooms working HD wall mounted LCDTV endless cable channels. Laptop safe (not need it). Nice evening turn-down service, fresh gourmet chocolate, bucket filled ice. Having neighborhood weeks recently, I gotten love varied plentiful restaurants (&amp; sat near Lou Reed Laurie Anderson one place block away), handy convergence two major subway lines, safe feeling. Not much retail I saw four fine wine shops. That good sign. I recommend Chambers Street Wines. The staff friendly I often saw four working small lobby; certainly things covered. You use fancy gym 4 blocks away thanks pass hotel. To conclude, design tops good value. The neighborhood makes shortcomings, But consider Church street noise infiltration.",0.21486706349206347,0.48893253968253964,Feb 18 2008
42,42,"Duane Street Hotel great! This great little wonderful beds. It open weeks. We paid $245 room 2 QUEEN (not double!) beds. The room clean modern lot extra space typical NY. The staff nicer. It close 2 different subway stops. While near tourist attractions Midtown, close shopping SoHo Century 21 (the best discount shopping world!). I would stay again.",0.25140625,0.544375,Jan 25 2008
43,43,??????????????,0.0,0.0,Oct 3 2008
