,Unnamed: 0,Reviews,polarity,subject,Dates_extracted
0,0,"Great Value Location Staff Off Soho mistake website rate. I called confirm instead booking site. The employee answered swore must mistake brought website double check see I saw right. He saw price I saw honoured 4 person suite. Automatically swayed thinking great customer service. We showed early check-in due tough drive/train ride town able use enough time arriving due really windy weather, cold, tired, carrying backpack. The staff problem us showing 2 hours check-in (not I'd always suggest though) room ready. The compact understandably so. I expecting wide open corridors mile high ceilings. It clean, fashionable, bright, and, comfortable. Upon arrival room bit worn large, large actually, well put together. One complaint couch/extra bed. It looks good practical comfortable. Each us hard time finding comfortable position relaxing ventures city. The bathroom, like rest room large too. The toilet warning sign means says. It low flow try flush much TP sitting, give lil flush, go another flush kinda defeats point low flow gotta flush times. The shower great pressure heat tad difficult control first. The room easy control fresh air rather use AC. Overall, I think great location close several subway stops, many delicious restaurants, bars, music venues. It's close Chinatown Little Italy well. I'd book even regular rate glad staff gave rate listed website. That went long way me. I'd actually say biggest complaint internet available. It slow reliable.",0.150027189888301,0.4809924026590693,Nov 17 2009
1,1,"Great price-location ratio good service. Got tip place budget Manhattan hotel. And deed is.Service excellent, personel polite meeting, beds made almost everyday fresh towels.The room worn, OK. LARGE rooms, 2 man luxury exactly room 4 person suite. Plenty space, shabby. In fact little better would expect pricerange. (We stayed 4 people one room 329 dollars night!)Location superb! Walking distance Chinatown, Little Italy, Bleecker Street course Soho area great underground live venues etc etc. Several subway stations nearby.Would use heartbeat, even I wasnt budget. Youre Manhattan, New York, time spent hotelroom unless sort drag, boring person. PS: Very short beds, 185cm, prepared sleep toes outside matrass.",0.22550054112554116,0.47370625901875907,Nov 14 2009
2,2,"Do go there... We (2 pers) stayed 1 night bigger suite paid incredible sum 400 dollars - nice enough cancel rest booking.The suite nice maybe 10 yrs thousand customers ago - terrible smell old cigarrette smoke urine. The floors cleaned - rug vacuumed. When complained this, answer &quot;maybe coins carpet dropped cleaning lady&quot; &quot;the detergent smells&quot;. It help picture recommendation Henry Rollins place foyer...",0.07777777777777779,0.6000000000000001,Nov 1 2009
3,3,The friendliest staff ever I could go great off-Soho suites -- best part friendliest service behind desk. thanks Ewad Gabe!,0.4125,0.4875,Aug 17 2009
4,4,"A new experience - Off Soho Suites If looking avoid dining restaurant food day long, place ideal. Located close proximaty amenities attractions, one bedroom suite relatively spacious given standard size what's typically offered New York City. It clean, modern equipped dishware, pots, pans, cutlery etc. The front desk housekeeping staff friendly accomodating. I would definitely stay visiting Big Apple!** The downfall rooms hardwood floors so, sleep lightly, sure pack earplugs :-)",0.20068181818181818,0.5298653198653198,Jun 3 2009
5,5,Great Price decent place stay! We looking budget place stay spur moment trip NY. Off Soho Suite pretend 5* service full facilities - offer affordable clean room good price. Our appartment fine needed - basically somewhere sleep inbetween hitting town. Beds comfy - sofa bed great. The staff polite helpful. I see people leaving lot negative comments lack facilities lets face want whistles bells cheap go 4 5* leave suites people appreciate offer! The area little strange kitchen equipment suppliers want stay middle action many hotels go to. For location great 10 mins subway pretty much take whereever need go. Keep good work guys - I'll back,0.31770833333333337,0.48583333333333334,Jun 2 2009
6,6,"This place GREAT!!! I tell everyone Off SoHo Suites!!! I stayed number times place I stay NYC. The rooms big, beds great. Easy get anywhere NYC Hotel. Very Charming",0.523888888888889,0.7388888888888889,Apr 23 2009
7,7,"Turned pretty good My 2nd time New York wife's first, affordable rates us Asian tourist. You know way around subway though maximize low rates hotel. Walkable Little Italy Chinatown best food world. 15-minute subway rides major attractions (Broadway, Empire State, Central Park, Statue Liberty). Very, helpful staff.",0.20548951048951045,0.379067599067599,Mar 12 2009
8,8,"A gem! My husband I New York frequently business pleasure usually stay friends. This time decided get room weekend lucky enough come across Off Soho Suites. The price beyond reasonable, that's least praise. We given beautifully decorated apartment-like suite clean, posh, romantic comfortable. From style ammenities, everything inviting. The desk staff friendly efficient. Don't pass place by!",0.19209280303030304,0.5698232323232323,Mar 8 2009
9,9,great location price stayed couple years ago best part location (tucked btwn Soho Lower East side) price... overall great budget conscious traveler.,0.54,0.45999999999999996,Feb 5 2009
10,10,"Really Good Value My mother, sister I took shopping trip NY Christmas stayed 2 bed (1 sofa bed) suite 6th floor. It absolutely perfect us - brilliant location, right beside restaurants pubs Little Italy &amp; Soho close high street shops Broadway. Our rooms fantastic, clean excellant facilities (TV, kitchenette). The staff friendly extremely helpful. I think suite recently renovated, may want check booking type room reserving. We definitely back.",0.33056776556776557,0.6296703296703298,Jan 16 2009
11,11,"What DUMP! They call &quot;Traveler's alternative New York's overpriced, undersized rooms,&quot; exactly is: overpriced undersized, PLUS super noisy, dirty, unfriendly. absolute NO GO! never ... bad, happy leave New York.",0.07575757575757579,0.6490530303030302,Dec 4 2008
12,12,"comfy enough cheap enough We stayed three nights place, situated Bowery Chrystie street., south Houston. They advertise alternative overprices undersized rooms NYC. They cheesey video website looks rather good true (and almost was), nevertheless fine. We party two adults two teenagers, needed place sleep make breakfast. The room clean, little shabby (scratched cupboards, curtains coming rails), adequately equipped: beds comfy, AC worked well, BATH, well shower. The staff pleasant, let us keep bags storage last day booking limo airport (Â£55 plus tip)We paid $299 per night 4 us, worked Â£35 ppn, good room n London, live.easy walking distance chinatown Little Italy, close subway buses.Well recommended cheapish place stay US$ still weak!",0.24726562500000004,0.5651041666666666,Aug 27 2008
13,13,"Full refund even though I canceled 4:30 pm Friday July 4. Wanted stay here, great location, made reservation credit card Friday July 4. last minute I go, 4:30 day. gave full refund! helpful staff. I stay time I need NYC hotel.",0.3175,0.41583333333333333,Jul 4 2008
14,14,"Great place stay I've returned stay 3 friends Off Soho Suites New York great time.The apartment clean spacious, staff really friendly helpful. The rooms get throughly cleaned every day bins emptied, bathroom cleaned towels changed fine change sheets would nice - although I'm sure staff would've provided us asked. I've New York times I liked location. It looks like nothing first sight go couple streets either side lots great shops, bars places eat. Yes could stay somewhere like Times Square nice quieter, less hectic touristy area prompts explore NY easy get places like Times Square anyway.I recommend place more. It's good price every thing need I definitely using place next trip NY.",0.39307851239669417,0.5673324150596877,Jul 4 2008
15,15,"Fleabag Payed 329 night dump, Asked beds made told &quot;its like apartment clean rooms daily&quot;- (only new towels). What crock! Twin beds hard rock, sleep sofa pull out.Quality room poor- hit wrecking ball. Noisy,grungy part town-&quot;the used kitchen equipment district&quot;Stay away place cost.",-0.05490909090909092,0.6952424242424243,Apr 13 2008
16,16,great value I stayed property 3 girls. We break uk thursady monday soho offered us exactly needed. Cheap accomodation. People complain surrounding area walk around sightseeing shopping spent little time apartment.The room 2 single beds could pushed together ( sneaking another person in) living area bed sette comfortable get pay for. The kitchen 4 everything needed bathroom clean spacious.the problem encountered taxi drivers trying con let sit map question think wrong. macys cost approx 10$ max. Subway around corner easy use. booked 6 excursion pass online worth it. We also visited woodbury commen outlet booked grays online. It good many savings orlando. macys fab sales saved there. Staff apartment helpful.,0.2394345238095238,0.5429232804232805,Apr 9 2008
17,17,Just like home We stay Off Soho weekend perfect much fun. clean. nice people work there. always smile happy help anything want. back anytime Off Soho.Thanks everyone works there.Love guest,0.4570833333333333,0.6512500000000001,Apr 5 2008
18,18,"2nd time They arrange limo service JFK, makes easy get &amp; return from, nice suite first floor, thing I would asked tv bedroom too, oh, wash clothes. But brought washclothes stayed before!had great time, convenient everything.",0.38333333333333336,0.7023809523809524,Mar 2 2008
19,19,"Great Place staying We stayed Off Soho Suites last September , loved - location fantastic .... 10 mins walking distance away anywhere , Soho, Chinatown, Little Italy, LES. Subway one block away takes anywhere . This 5th visit New York always stayed Midtown , definitely stay location again, much we're going back April staying Off Soho again. If want room service bar restaurant hand place , want comfortable place stay like apartment NYC !!! Whole Foods couple blocks away, Spring Street, Bowery, East Houston 2 mins walk , restaurants galore every type cuisine known ..... friendly helpful staff ... great value limo service",0.34456168831168826,0.5443722943722944,Feb 26 2008
20,20,"location pice...Fab! Before went I read reviews I little concerned. Noisy, ants rooms....Our experience wonderful. The suite roomy, clean quiet. 10 minute walk Soho, Little Italy, Chinatown. The neighbourhood many great restaurants wait times hour weekends. The Clinton Street Bakery breakfast, Stanton Social dinner. The staff friendly helpful unobtrusive. It really felt like apartment three days stayed. I'd go back sure. $200.00 night New York unheard of, especially considering location Off-Soho Suites.",0.27102272727272736,0.5495896464646464,Feb 8 2008
21,21,"Off SOHO Served purpose I stayed 4 years ago husband (fiance time) two friends new years eve times square.I booked 4 mos advance thinking close times square action new years isnt.Anyway, suite large, definetly accomodating enough four adults.It little unkempt.....I felt need walk around room socks floor looked kinda dirty.my husband I slept twin bed bedroom squeaked hard friends slept pull sofa living room.Full kitchen use seemed good enough going use it......bathroom large......staff friendly helpful. There yummy brick oven pizza place 2 blocks away, remember name, breakfast ate good breakfast nice deli, sorry, remember name either.In closing, place decent enough price.the staff definetly gets E EFFORT, maids always walking around cleaning carts everyone seems friendly eager please make happy.If want cheap place lay head comfort much necessity, soho may place!",0.17636183261183258,0.5414442039442038,Dec 3 2007
22,22,"Alright prepared for........ Let say seems either ads told. It simpler I list pros/cons were:1. Deluxe Suite: Nice sized bedroom comfy bed, sofa bed living room area NOT COMFORTABLE adults, would adequate acouple young children. We 4 adults/2 couples baby. So expect really comfortable sleeping arrangements planning 2 adults take bedroom 2 take sleeper sofa. It 3 inches floor sleeping it, easy get of, sleep comfortably.No airconditioning bedroom, window opens VERY VERY NOISEY court German restraunt next door. So warm weather one couple shut bedroom door, would get air conditioning bedrroom, living room, would uncomfortable. The noise goes 1 2 am, heard people mentioning fact noise issue.2. They give us really nice crib 1 yr. old baby, would need that, prepared squeeze somewhere, much room bedroom sofa bed out, much room there, either.3. They &quot;limo&quot; service handy take anywhere want go afew minutes notice. The cost reasonable, busy rush-hour traffic taxi meter ticking, probably less-expensive way get Soho Midtown.4. There brand new &quot;Whole Foods&quot; Super market within 2 1/2 blocks walking distance. It handy. There also classic NY neighborhood market 1 block always open, open day pop/soda (which Whole Foods sell), chips, things might need.5. We place bath (Deluxe Suite). The bath good size. It chore get towels/washclothes 4 people. When asked got them, enough us.6. Don't expect &quot;maid service&quot;. There charge room serviced. We 4 days, made bed ourselves, sweeping/vacuuming would nice.7. The kitchen suite great. Micorwave, full stove fridge. Silverware, pots pans, dishes, glasses. We cooked room afew times saved us money. All I would say handle noise, probably sharing bath get big suite, want somewhere get want go choose taxi use subway, ready classic NYC walking want Soho, would good place. I imagine prices places, better, worse. It a'place could depend clean safe.",0.2014947345798409,0.5338082957231893,Oct 8 2007
23,23,"Prepare tiny Our room small took half-hour try place luggage could squeeze bed. We knew shared bath, prepared, based descriptions, bedding essentially closet. After two days, moved adjoining room, could least access beds without much problem. The biggest problems advertising place . Master bedroom read master closet, remodeled means downstairs lounge. Wireless access means pay (altho many unprotected wireless accounts nearby probably log onto one them). We told room cleaning would $25/day extra. We beg towels soap. Someone smoked room next us, seem concern management much. The guys desk nice, paying location. Walk door middle Soho, restaurants every 20 feet. But place small noisy.",0.038888888888888896,0.3777777777777778,Sep 26 2007
24,24,"Noisy smoky The I've ever stayed ashtrays matches provided coffee table. The room, though large, reeked smoke, hallway, especially since coed group 10 russians 20-somethings using adjacent two rooms home base. They ran out, slamming door, every ten minutes evening. Cheap-ass furniture, skimpy-ass bath towels. No shampoo. I asked guys front desk, acted surprised I expected shampoo. They pointed toward nearby drugstore.Location great, redeeming quality. Directly next door excellent, friendly German bar/restaurant Lorlei. Across street on-the-scene restaurant Freemans, I literally ran Matthew Broderick heading door eating there. Quite close Nolita Soho action.",0.17209821428571428,0.5754464285714286,Aug 1 2007
25,25,"Perfect family stay reasonable price! We stayed 7 nights past week. The really like apartment building. We rented room 2 double beds bedroom futon (at least queen, king size!) living room. Althought small, perfect reasonable price.Reservations check easy - I normally stick chain hotels, I bit nervous, everything went smooth.Some things someone considering know:1. There 3 subway stops located close convenient, get almost anywhere.2. There restaurant/bar right next door outdoor seating area back may hear windows. In suite, bedroom air conditioner, sleeping living room may need open windows, thus hear bar noise. I light sleeper, I sufficiently exhausted every night touring Manhattan, bother me. In bedroom, air on, can't hear all. I'm sure, I would guess windows facing front buiding hear smoker's crowd front.3. There laundry facilities basement - $2 per load, per machine. The dryers work well, change machine, bring quarters front desk staff change either. There 3 washers (one order) two dryers.4. The neighborhood, familiar NYC, may look rough - buildings street area full grafitti. I never felt unsafe all. It may look bad, really not.5. The kitchen comes equipped microwave, 4 burner stove/oven, fridge, dishes (plates, bowls, small glasses, coffee cups, silverware) 4, one pot, one pan, tea pot, strainer, bottle opener/corkscrew, large serving spoon, pancake turner. No towels, paper otherwise supplied kitchen. No sponge soap kitchen supplied. No coffee maker. There one ice tray, started putting ice strainer keep needs - 5 people need ore 12 pieces ice!6. There number small stores area food supplies - many close 6pm.7. Maid service available extra $15 (not sure that's per day total, since use it). The service receive fresh (very thin small) bath towels (no hand face) daily, trash removal, toilet paper, soap. The suite clean.8. There nice gym, nice equipment, basement, therefore well ventilated.9. There also lounge spacious faces street ground floor - good people watching!10. The staff incredibly friendly helpful. They greet every time see you, answer questions. When I checked out, I mentioned I great stay, except last night group probably 8 young men checked several rooms several floors. They running back forth rooms, stairs, slamming doors shouting. I finally went 3:30am 2 hours asked quiet, except door slamming thing. The guy front desk said I call would taken care it, I believe that.So, all, Hyatt Sheraton, small apartment style edge SOHO, Chinatown, Little Italy clean safe, reasonable. I pleased.Whoops! I forgot important thing - beds! Our double beds bedroom brand new - still IKEA tags hanging frames. They comfortable - aware AC right next foot one them. We directed vent problem, nice white noise. The futon bed living room large, quite firm. It new, leather covered two piece foam thing. One side slightly softer other, seem fitted sheet large enough it, ended using flat sheet bottom pinning sheet legs hold on. I like hard mattresses, one little give - perfect! The pillows okay - kind covering let air easily overly poofy tastes took long time smoosh down.",0.14188186655516202,0.5058942509510689,Jul 30 2007
26,26,"clean good location. We read many reviews NY hotels made reservation Off Soho. We needed suite style room four seperate bedroom two (the kids) good manhattan location multiple subway connections reasonable price. What left search less hotel. The reservation process checkin procedere problem-free, staff friendly helpful luggage storage limo service checkout. The room latest furniture, - hey - price location, expectations high. Despite age interior furniture, everything perfectly clean worked properly (we didnt use aircon). The 3 four different subway lines walking distance good food mart. Our expectations fully met, nothing complain recommend tourists.",0.2933333333333334,0.47421568627450983,Apr 14 2007
27,27,"Served purpose We stayed one night served purpose. The accommodations like small apartment. The front desk person helpful. We walk couple blocks get breakfast morning. If driving, prepared walk ways park car.",-0.0625,0.41000000000000003,Jan 31 2007
28,28,"Comfortable stay Off Soho Suites Myself three friends stayed Off Soho mid November 2006 two weeks, suite contained bedroom two single beds, fold sofa living room, kitchen, dining area large private bathroom. The reservations staff helpful making booking, even organised transport JFK us. There couple front us checking in, annoyed 2 person suite would share bathroom another 2 person suite, book 4 person suite share bathroom. The suites clean serviced daily, rooms small medium size I've seen much smaller NYC, comfortable great full size fridge use.The surrounding area safe enough single female walk around night, restaurant equipment suppliers road gave bit industrial feel area perfectly safe. The subway couple blocks away, nearby restaurants shopping Spring St fantastic, spend days exploring area. If want 5 star quality, book 5 star pay $500 night, expect paying $200 night, previous advisors. In New York get pay for! Make sure book early, sell rooms advance",0.1328269467158356,0.4480666452888676,Dec 24 2006
29,29,"disappointing My daughter I satyed 4 nights. We knew would basic still little disappointed. It good close Soho, Greenwich Village etc area directly around good walking night. The first night arrived around 8pm hungry - wandered around corner find amongst queue men waiting get mission homeless, two women felt pretty vulnerable. In day far walk subway nicer areas, bear mind women travelling alone.Also beds great , sofa uncomfortable kitchen basics like plug sink wash dishes. The hairdryer cuts 30 seconds use!Don't misled video - basic accommodation bill $1200 4 night stay seems high me. I guess NY I sure would rooms equal standard slightly nicer areas similar price.",-0.08230833333333334,0.5414194444444445,Oct 31 2006
30,30,"You get pay for. errr. less instance?? Went New York short blast London. Paid $420 first night On Ave. Thought way much (although nice) got cab called around. Got Double bed Off Soho Suites.. Got thereat 10:40 told room ready till later went town. Got back 8 p.m. short nap.The Review. My wife I walked $200 room ( want call it. two beds honest 28 inch gap them. We large size Suitcase wheels physically Barely fit room. enough close door.. I open door room without putting suitcase bed.. wife, small closet ( Too small fit suitcase )My Bed slightly warped. ARGH!! thought &quot;well are... took two hour nap.. out.. came back 3 a.m.Went 9:30 said &quot;Not funny,, room&quot; He said &quot;yes, small.. accept??&quot; like I much choice 8p.m. Friday night. I said, &quot;that room like $100.. said.. THAT IS THE RATE.Checked went Hotel Gansevoort . $540.. made want cry.. I got there.. QUALITY.. oozed kind place really want be. Full amenities. nice CD player music selection room, Large screen TV Bathroom 1st class. Very modern decor room.. expense spared. (luckily $300 Â£150 ) For short stay Big Apple worth it.If want $200 room leaves laughing morning walking sore back.. go Off suites. If looking thoroughly relaxing enjoyable Hotel experience.. spend $300 go place like Gavenvoort.Positive Stuff: Looked nice outside. Looks like used cafe there.. sitting area. Said Wireless connection.. could find room get suitcase! :) The guy front desk nice understood I coming from.I hear Locals Maritine Seafarer best deal. $150 night nice spacious, clean rooms next time I stay weekends Gansevoot ( can't get better stay roof-top pool,bar...)",0.21644592352092354,0.4443115440115441,Oct 24 2006
31,31,"Roomy Pet Friendly Oasis Off-Soho Suites south Houston one block east Bowery, spite street funkiness vicinity, fun location great strolling Soho Village. The original Ray's Pizza joint right Prince. It also perched edge east Village many restaurant choices Houston (Katz's Deli brief walk east) north Houston 2nd Ave. I travel small dog place never bats eye never charge extra her. The immediate neighborhood home restaurant supply industry, nightlife stellar right outside front door, number little bars joints going there. Easy get subway, usually problem getting taxi area.The rooms rather uncomfortable mattresses - update desparately needed area, I loved good kitchen (helps save LOTS money eating breakfast in) good bathroom. The room also featured small living area couch satellite TV. A large closet bedroon, room windows open. It NY, paying lot, roomy pet friendly place, best bargain Manhattan. Make sure request discount call reservations. If put good matresses in, I would upgrade score &quot;excellent&quot;.",0.24755527210884357,0.4814484126984127,Jun 26 2006
32,32,"Great deal friendly staff We emergency trip city booked week easily. It commercial district rates great staff really helpful. The rooms clean breakfast made order (just beware strong coffee ask something weaker like it). The kitchen great toddler us. This luxury affordable way stay city. There wonderful German restaurant next door although neighborhood tourist oriented, next years one desirable live in. Playground street, great bagels &amp; knishes blocks away lots neat commercial restaurant equipment stores between. A short walk trendy stores restaurants Soho.The staff really makes special place.",0.2962152581717799,0.41711525189786053,Oct 11 2005
33,33,"bring bug spray room - cheap small (by New York standards counts)what really irritated waking morning, covered ants - beds, body clothes.i managed cool 30 minutes shower went manager, refused refund portion room charge.",0.11346801346801348,0.4489057239057239,May 27 2005
34,34,"This place GREAT!!!!! We went NYC April got spend one night I go back hotel. The staff friendly helpful, room clean, let us keep bags locked room could go around sightseeing even checked out. The kitchen supplied everything needed. We found great vegetarian sandwich shop delievered took 3 year old across street play park. Very easy get cab right corner. We can't wait go back!",0.30319624819624824,0.5204184704184704,May 10 2005
35,35,"Value money We- family four- stayed 8 nights Easter actually enjoyed ! It bit run down, acceptable. Your towels changed wastebasket emptied almost every day !!!!! If bring earplugs (noisy waterpipes etc.) intend cooking, : also dishcloths, fine ! The area OK - Chinatown whatever's left Little Italy around corner, find supermarkets like Gristede's far away. So : intend spend money things fansy accomodation, place !",0.11773654513888887,0.4963888888888889,Apr 18 2005
36,36,"You get pay Nothing wrong place. You get pay for. The price reasonable sort ugly part new york. Everything else fine average. Nothing unsually bad great it. My recommendation going new york, better pay extra stay mid-range closer times square. Time Square best part lot see. Hope helps.",0.09494949494949496,0.5521464646464646,Feb 14 2005
37,37,"Great place stay recommend I stayed friends 9-14 December 2004. Staff friendly, rooms nice clean. Will definitely recommend friends going New York. The outside looks bit like 80's casino need update website, can't fault value money. Oh, drink bar next door even though looks inviting, drinks overpriced apparently $15 tip six drinks enough (or told us threw us reason!)",0.24459366391184573,0.4776859504132231,Dec 15 2004
38,38,"def rock roll spot. stayed 10 days september.most convenient location. 3 blocks chinatown. 5-10 minutes walk broadway,spring,lafaytte,mulberry street. lotsa restaurant/bars surrounding area.subway spring street(5 minutes).only gripe change sheets clean rooms urself. shared bathrooms (they clean bathrooms).they also kitchen..basic utilities.more like hostel ,dun expect treatment.would mos def return stay location unbeatable...and oh yeah.. cheap.",0.2833333333333333,0.7750000000000001,Nov 30 2004
39,39,"Interesting place As family four traveling NYC Thanksgiving week, knew bill would huge. By luck, came across Off-Soho Suites hotel. We stayed one bedroom suite included sofabed kitchenette $178 per night (plus tax brings $200). Just place could comfortably accommodate four us would cost easily twice much. The front desk staff friendly accommodating. So, what's catch? Our room clean moved daily maid service make beds, really seem cleaning apart bathroom. The one day beds made up, inexplicably missing sheet three pillowcases (the front desk promptly took care it). Towels sheets threadbare, again, clean. The surrounded restaurant supply warehouses Bowery Mission (which hosted huge Thanksgiving dinner indigent tent stay) around corner; squeamish sort thing, may want stick Midtown hotel, wife, two schoolage daughters, I experienced zero problems, even 10 p.m. However, two minute walk brings Chinatown, Little Italy, Soho, Nolita. Likewise, three different subway stations served 6 different lines within couple blocks hotel. In summary, place posh, willing rough bit, great location great price.",0.2757936507936508,0.5742063492063493,Nov 30 2004
40,40,"If good enough Henry Rollins... Stayed November 2004 5 relatives enjoyed it. The suites reconditioned apartments clean well-maintained north-of-Chinatown neighborhood that's little &quot;industrial&quot; (but unsafe) side. Get 2 economy suites shared bath kitchen entire apartment relatively cheap, I brother. Our parents stayed deluxe suite quite large equally nice. The staff friendly (well, New Yorkers) helped us ordering cars, plus lobby featured signed testimonials Henry Rollins, Slash's Snakepit musicians attributing OffSoho's quality. The problems lack available washclothes days and, apartments sizeable, actual economy bedrooms barely held 2 twin beds tiny closet door shut. In addition, building supply companys block start 8AM day banging large trucks regularly woke parents. The hotel's within 3-block walk 3 different subway stations worked great base camp day sightseeing.",0.18452616224355356,0.5625483212439734,Nov 26 2004
41,41,"FANTASTIC HIGHLY RECOMMENDED WOULD STAY THERE AGAIN!!! GREAT Lower Manhattan. We stayed 6 nights 22nd Aug 30th Aug 04. Rooms neat, bathroom clean. Was great sofa/lounge area chill big day shopping/sightseeing. Fridge great keep beers cold!! I stayed 6 friends (we 2 rooms) excellent. Walking distance Soho, Greenwich Village, Little Italy, Chinatown etc. HEAPS funky bars, cafes shops around too. Is much less stuffy midtown definitely relaxed. We tried book went back NY fully booked - early want room. Great value money too, I would hesitation recommending anyone stay there!!!",0.28734375,0.5697916666666667,Sep 23 2004
42,42,"Great Place Stay Our son lives East Village wanted stay nearby weekend visit. I done several searches come usual hotels either booked, far away, expensive, large enough family, four us. The &quot;Suites&quot; luxury clean roomy money, blocks &quot;village&quot;. We nice stay, management helpful friendly. We would stay would highly recommend friends.",0.12460884353741496,0.5048979591836734,Aug 18 2004
43,43,"Perfect place stay city This place great! Spacious room kitchenette, totally clean, cool. The people run place friendly helpful. The location PERFECT. Around block subway walking distance bunch cool bars/clubs restuarants. The neighborhood fine, felt secure (though blindly retarded - nyc) walking another young chick. Long walk sweet shopping Soho. Just perfect. I absolutely stay next time I visit city.",0.45364583333333336,0.65625,Aug 16 2004
44,44,"Pleasantly Surprised My husband I NYC many times count usually stay Midtown Manhatten, south Central Park. This time chose stay Lower East Side/Soho area. We looking one bedroom unit kitchen, since taking 17 year old son friend. One-bedroom units easy find NYC pricey.We chose Off-Soho Suites extensive search hotels. We nervous got reviews great. But pleasantly surprised arrived. First, people worked friendly helpful. We pay park. That saved us $25 per day. Our room like furnished apartment. It clean, well furnished, full kitchen utensils, pots pans, stove, refrigerator, etc. The floors polished hardwood. Our bedroom two single beds (which pushed together make king), could two doubles queen. The living room pull-out queen size sleeper sofa boys TV. The bathroom large closet keep things in. And walking distance Soho, Little Italy, Greenwich Village, China Town, Ground Zero (long walk worth it). It subway taxi ride Midtown, want spend much time trip anyway. Taxis cost $10 per trip Midtown. There subway stations couple blocks blocks away. We would definitely go back stay Off-Soho Suites. It big fancy expensive like find Midtown, comfortable convenient. The air conditioning window unit, get four bath towels per room (no wash cloths hand towels). If mind that, definitely worth stay. The reminded us hotels stayed Europe, Ireland Germany. It European. There good German restaurant right next door outdoor beer garden. We ate dinner one night delicious relatively inexpensive. There also cafe serves food, wine beer midnight.We paid $100 per night less hotels considered. Giving central air wash cloth well worth it.",0.1406257631257631,0.3935958485958485,Jul 6 2004
45,45,"Clean Friendly We stayed Off Sofo Suites 2 nights Xmas. We found welcome friendly room spacious, clean bright. Maids cleaned everyday. The location great Little Italy, Soho, Chinatown, etc... within easy walking distance. Times Square $7 Taxi though legs good could walk it! There's little cafe reception grab beer from, welcome flight in. The neighbourhood safe enough like anywhere NY, keep wits you. There always somone front desk show key gain access night, feels nice secure. My complaint would lock door could bit stronger problems would certainly stay again. A good good area great price! Enjoy.",0.3858058608058608,0.6578754578754578,Jan 28 2004
46,46,"terrible bathroom dirty, kind money worth it. bad experience",-0.36999999999999994,0.6933333333333334,Jan 12 2004
47,47,"Good value This budget clean, spacious spartan. The block located industrial graffiti strewn, safe. The location close Greenwich Village, Little Italy, Soho, convenient subway stops. The suites clean large NY standards neighborhood noisy NO amenities speak of, i.e., forget getting extra towels. The staff indifferent friendly, feels safe always someone entrance. Don't expect much hotel; get money's worth considering inexpensive size suites.",0.3168290043290043,0.4525974025974026,Jan 22 2003
48,48,War genial,0.0,0.0,Jul 9 2009
49,49,Bon deal pour un logement Ã New York,0.13636363636363635,0.45454545454545453,Apr 3 2009
50,50,TrÃ¨s bonne adresse,0.0,0.0,Jan 29 2009
51,51,Lieber nicht mehr,0.0,0.0,Sep 9 2006
