,Unnamed: 0,Reviews,polarity,subject,Dates_extracted
0,0,"NIGHTMARE Dont stay like clean bathrooms, without bugs, hot waer, ripped beds unhelpful staff.YOU HAVE BEEN WARNED!!!!",0.48850911458333335,0.7750000000000001,Sep 6 2009
1,1,"value good location. value price.fan bath room broken made big noise.wireless internet need $6, PC lobby busy",0.09999999999999998,0.35000000000000003,Dec 12 2008
2,2,"BEWARE! The Grant Hotel Where start endless list faults Grant Hotel.After finally arriving Grant Hotel, I say, Alexandar named door, nightmare begun! First thoughts were, small, quiet strange smell. We made way tiny lift looked ready collapse get 2nd floor appartment. Our room, well box, awful! bed rock hard linnen itchy. As opened blinds, face face brick wall. On inspection found bare wires plug sockets light fittings. bathroom room next door us shared rest people floor seemed permanent residents dive. There bare wires found next mirror, sink. We disturbed night noisy heating system, We told would last minutes, however 20 minutes later still going. When originally booked holiday planned stay 3nights, however later extended 4, On returning 4th night, surprised find room completely emptied. Our stuff thrown black bags put cupboard downstairs. Cleaners informed staying extra night removed belongings. Thankfully wonderful city 'New York' made appalling conditions slept in. We definately returning New York, however visiting The Grant Hotel, advise anyone, even low budget stay well clear!!!",0.029436289983164984,0.4125210437710438,Sep 15 2007
3,3,"Would never stay We returned 5th visit NYC 1st December, stayed Grant first time normally stay full. Our otherwise enjoyable visit marred terrible experience hotel. Upon arrival informed would require photocopies photo ID credit card details (the former aware latter told confirmation email received advance). We reluctant provide stored (along everyone else's details) plastic box front desk where, potentially, anyone could lean across take them. The receptionist stated secure location (safe, office, drawer) store paperwork told leave like it! The 'security manager' appeared involved argument culminated telling us like us go sleep streets. We asked see manager told no-one knew due back duty. Given Thanksgiving Day, little choice stay nowhere else go. The room warm way controlling heat, air-con noisy long exposed wires place, including hallways bathrooms. Both friend I developed curious rashes days staying hotel..I would like hazard guess cause!The final horror two brand new pairs childrens' trainers (still boxes) stolen locked room day left response receptionist 'call 911.' Again asked manager; told no-one knew would back duty. I love NYC determined experience put but, rest assured, future stays certainly involve Grant Hotel.",0.057373876123876115,0.44266566766566756,Dec 4 2006
4,4,"The without sign This sign outside building stating indeed hotel. It however well priced , clean &quot;hotel&quot;. I believe rooms floors rented long term many people lift spoke Spanish only. Everything clean staff helpful. Nice neighbourhood also.",0.22933333333333333,0.516,Dec 4 2006
5,5,"Great value! I afraid stay mixed reviews, throwaway price ($190 tax 3 nights) convinced give try. My fear misplaced. The Grant (also known The Devon) one best travel bargains I ever gotten. The room clean reasonably appointed (about quality older &quot;motel&quot;). I hate room odors sort, room ranked way better average, slight 'small room' smell blew soon I cracked window. The shared bath modern (more room), fully tiled, well cleaned least twice daily (again smell). The guests seem consist mostly young bargain travellers. Book Woogo website best price. Also search coupon (I found one pretty easily). Though booking process flawless, resolved staff pleasantly efficiently.",0.14733333333333334,0.5660000000000002,Dec 3 2006
6,6,"Bed bug warning This certainly offers value money, good location 1.5 blocks subway. There also nice restaurants short walk broadway (especially recommended Regional, short walk broadway lovely Italian)The bathrooms also cleaned regularly rarely wait all.Unfourtunately let bed bugs. Having read reviews site seems several people experienced well quite havent seems wide issue. We room 319 initially I complained reception happy move us seem phased all, seemed something rather used to. We moved room 510, I think bugs ended arm upper body covered bites become quite inflamed required visit doctor leaving New York treatment.My advice overall would avoid incase, offered room 319 510 make sure change straight away - staff seem like going anything getting rid first room!",0.18773232323232325,0.45570318570318585,Nov 26 2006
7,7,"worth price especially book expedia My boyfriend I stayed one night great. I booked expedia lot cheaper calling directly using hotels.com. ($50 cheaper!). The downfall shared bathrooms. I never wait fairly clean, I would preferred bathroom I could've afforded it. It really close subway, restaurants, riverside park. It also quiet! You would never think NYC actually got inside hotel. It's perfect busy day city want quiet, warm place sleep night. They also tv cable, used check weather.",0.2727777777777778,0.5944444444444444,Nov 22 2006
8,8,"Great deal perfectly fine We went NYC weekend see Dane Cook show. I went two friends boyfriend. We got two double beds one room $148/night. I tried lower expectations, I read mixed reviews website. I told would share bathroom hallway thought staying hostel. Anyway, arrived...the front lobby kind smells &quot;old&quot; gross anything, old. It old building reminded grandma's apartment Chicago. The elevator pretty small really, one complaints I have! The room clean, AC worked great, tv bunch channels really, wanted place sleep, spent time shopping town. We brought extra sheets, I use mine. I bring towel though, make sure that, towels provide small. Overall, everyone praised decision, said I good job finding cheap clean, comfortable. I would absolutely stay again. And no, I work (my friends said good reviews website probably came people work there) I disagree since staff really speak English well. If want affordable place stay choose here. It's 10 minute cab ride Times Square 15 min subway, right street. Definitely reccommend it!!!",0.22533482142857147,0.49983134920634914,Nov 14 2006
9,9,"Clean friendly staff I always wanted visit New York April year I decided go mum. Having booked everything Expedia looked Hotel pictures reviews seemed ideal. When arrived welcomed friendly staff, took short time take details given key.There ample space room, massive cupboard importantly clean. The rooms cleaned daily. We floor I think 6 rooms granted could hear everyone opening shutting doors noise kept minimum.Shared bathroom immaculate get 6 get shower otherwise 10 got in.In I problems stay hotel.",0.28372474747474746,0.6032954545454546,Nov 12 2006
10,10,"bedbugs ruin otherwise good place Stayed one nite--woke bug bites--not worse i've experienced, still good. otherwise, place pretty nice. Can't go back b/c bedbugs bite!",0.2285714285714286,0.6714285714285715,Nov 5 2006
11,11,"Top budget We returned 5 nights stay Grant Hotel New York..The rooms good size ( 2 double beds), lots tv stations (we even got watch lost series 3!) big cupboard put cases shopping in!! Compared places stayed New York brill (West side Inn aka crappy side Inn)When arrived found bathrooms clean water always hot. times bath rooms left mess people left without cleaning usually peak times morning night (ignore previous bad reviews stating cockroaches etc found absolutely fineNot far station 2 blocks (2 mins), dinner broadway near fab breakfasts.would recommend getting metro rail card get round city $21 7 day unlimited barginwe took advice others took cheap pillow pound shop came handy, supplies towels took cheap ones left too.looks like recently renovated looking top floor done moment.be prepared bit wait bathrooms morning thats expected (there 3 floor)all good would definately return future",0.11792424242424243,0.46174747474747474,Nov 1 2006
12,12,"sleepless manhattan This exactly - b&amp;b without breakfast campground without tents hostel without sufficient facilities. There much lobby, counter hallway. There two one-person-bathrooms per floor means might opportunity use bathroom long time, got opportunity make sure bring toilet paper flip flops floor might flooded.At night can't calm a/c fitted window improvised way. No view, lot noises.All much bear pay $160 per night (October 23, 2006).One-star-rating meeting roaches bedbugs! (Half-star-rating possible)",0.1946969696969697,0.5626262626262627,Oct 28 2006
13,13,"Surprise surprise &quot;When spend little 75 bucks night Manhattan, get bit scared expect least. But none comes true: The Grant Hotel positive surprise. The room clean spacious. TV A/C - else need? Okay, here's disadvantage: You share bathroom (which clean well). Now problem long romantic honeymoon trip stay longer two three nights. Staff friendly. And want get away lovely Upper west Side: The subway two blocks away.&quot;",0.20671717171717172,0.5596212121212122,Oct 26 2006
14,14,Great price We stayed 3 nights. The staff friendly helpful plus. Probably nicest staff I've seen. The lobby snack soda machine well computer high speed internet access. To use computer cost $2 20 minutes bad wanting get check email.The rooms clean however stay find 3 cockroaches room. I saw reviews people mentioned roach problem I kind expecting this. 2 climbing walls 1 inside dresser drawer. There much view all...We 2 windows room...the first window looking brick wall maybe 5 feet away 2nd window also looking brick wall 15 feet away. Overall happy room except roaches.The main issue I staying place shared bathroom. There 8 rooms floor 2 bathrooms. I always made sure take shower either night I would wake early around 5:30am problems gaining access it. There times day however I really needed use bathroom bathrooms occupied long time. The bathrooms times kind dirty. I'm sure cleaned regularly sharing bathroom 4 rooms probably hard keep clean. I always made sure wear flip-flop sandles whenever I went there. A lot times would wet towels ground people taken shower well hairs ground inside tub. There always toilet paper hand soap available whatsoever need bring own.Overall I really happy place. We paid $75 night cheap Manhattan. The 2 blocks 96th Street Subway Terminal really great too...Time Square 10 minutes away via subway. There couple diners nearby well McDonalds Dunkin Donuts great breakfast. There also two 24 hour grocerie stores open could pick things. The neighborhood safe.I'd say budget looking place sleep Grant Hotel perfect. It really make sense spend hundreds dollars room New York obviously going walking around day looking tourist sites. The next time I go back New York I'll definitely stay again.,0.20562973484848487,0.5196391802641803,Oct 23 2006
15,15,"Great Find Budget Hotel Excellent find great safe neighborhood close subway. The room I double single rate wasvery clean amenities, nice towels etc. The bathroomsare shared one person b&amp; sh one. Iwould stay again. I find $71 rate line whichwas rare find.It's higher time.Desk staff alsovery friendly.",0.37287414965986393,0.6010204081632653,Oct 21 2006
16,16,Good cheap option I needed one night cheap. I didnÂ´t want go hostel sleep bugs. So I checked Expedia I got great rate plesently supriced find clean. We problem checking worked end.,0.4777777777777778,0.625,Oct 18 2006
17,17,"Good price Woogo Devon/Grant Hotel - 306 W 94thI pretty good budget hotel.. get pay for. There pretty bad reviews place I think they're justified. Maybe change management? The staff friendly helpful, room really clean bathrooms well time. We two shared (but fully private) bathrooms floor week stayed wait free one I think.We arrived 7am happy store luggage checkin time (2pm) free charge.Pretty handy location - 1,2 3 trains stop Broadway less 30sec walk away. Lots dining options closeby need.They've got one comp internet access lobby $10c minute I think, got laptop + network cable get net access directly room $10 midday midday.Negatives - take cash, want pay net, book extra night whatever, gotta go credit card. Also, left card door handle room made up, twice came back room later day find unlocked. And lastly - bit noisy (other guests' doors - see I mean!), take earplugs wanna get good night's sleep.",0.1787078373015873,0.4973710317460318,Oct 17 2006
18,18,"Good price - great location The excellent location 94th Street, West End Avenue Riverside Drive (and park). It's less 2 blocks Broadway convenient subway station 96th Broadway. Plenty restaurants fast food places Broadway there's 24 hour Gristede's (supermarket) 95th. You get excellent tacos late night taco truck, parks 95th (between Broadway West End Avenue) front Gristede's.I made reservation online, night arrival. They received problem check-in.Room quite plain although window, dark face street. On sunnier days, I imagine brighter let daylight opening blinds bit.But double bed small window AC room larger I expected, desk chair. The closet space racks, poles hangers. The bedside lamp would've brightened room, however, working. TV basic cable channels I think someone made remote control misplaced somewhere. I find it.The shared bathroom clean. If one closest room occupied, another across hallway open.I saw workmen building must remodeling decorating rooms. I've stayed similar hotels NYC past surprised find housekeeping supplied new towels make bed second day I decided big deal since I 2 nights.I would consider staying I could book super-low rate I got Oct. 3rd Oct. 4th, 2006.",0.10288311688311688,0.4401341991341992,Oct 17 2006
19,19,"Cheap sort crappy Having stayed nicer budgey NYC recently (Hotel 17 Union Square), Grant Hotel complete letdown. The bathroom sort gross dirty whole time I there, room dingy, staff messed reservations gave key room someone asleep bed. Yikes. Not pleasant all. Also said cable, totally didn't.",-0.029629629629629624,0.5851851851851851,Oct 12 2006
20,20,"good value money great budget hotel, 5 minute subway, nice clean rooms bathroom, thugh shared clean whole time , rates really cheap value money good, i'd defenetly go budget trip...",0.5166666666666667,0.6812500000000001,Oct 10 2006
21,21,"Exceeded expectations! This 3rd 'budget' experience NYC (look 2-Mount Royal Hotel Belnord Hotel). I'd say far better terms space area. The room stayed double bed, airconditioner, lounge chair, desk chair(!), closet, small storage area suitcases stuff, TV encased cabinet drawers put stuff. We stayed 4nights/5days locked great price! The staff quite easy talk with. They make bed say so, give extra towels ask. Checking breeze! The bathroom basic new clean. They give soap shampoo puny toiletries 5-star hotel!! NOW NEGATIVES: The internet connection room $11 day plus gotta cable wire plug notebook (they buying compUSA cost us $20!!). The shared bathroom short wait time 8am-9am people start day. The towels like handtowels size! We brought towels, robes, flipflops, beddings/pillowcases AIR FRESHENER!! The carpet soooo old musty stinks lil bit night!If staying overnight, probably NOT notice care negatives. I I stayed longer I'd rather clean towels sheets... The two blocks Broadway 94th, get cab Times square pay average $10 including tip. From times square walk way around. Because everything else expenisve New York, STILL smart choice place sleep in. I'd definitely go back recommend others.",0.22534240185102253,0.5494924615614271,Oct 2 2006
22,22,"The Grant Hotel Great Place Stay!!!! I travel NYC 1-2 times year hang see sights. I stayed Grant Hotel last week August 2006 attending U.S. Open. I accustomed budget offerings ($125/night less) New York means rooms going small side probably sharing bathroom. I lucked got room Grant $80/night I little concerned I for. I arrived 3:00 morning flights detained 5 hours Atlanta radar/security reasons. The desk clerk helpful turned one nicest clerks I've come across. He assured room ready, liking not, let know. I bit confused I'd never heard anyone say something like budget New York. I hoping basic room clean bugs. Well, I rounded corner room first floor. The hallway nice carpeting, wooden mouldings looked fairly new, brightly lit. The room was---the same---with decent full sized bed, modern furnishings w/ pictures wall, 19&quot; TV mounted ceiling, small closet another small room I would guessed originally designed private bathroom although built such. This THE best room I ever come across New York City price seems recently renovated. The shared bathroom basic clean small strip mirror. It seemed cleaned times day can't really much slob pick 10 minutes you. I recall sign call housekeeping needed rule I travel spray disinfectants shower shoes anyhow.My biggest complaint one terminal pay internet access frequently line. They wi-fi access price I bring notebook computer trip. The fan A/C room little loud could control fan speed somewhat. My room faced alley much view need window figure weather like venturing outside.I DID NOT SEE ANY BUGS, OF ANY KIND, WHILE I WAS THERE. I want clear I noticed recent reviews made claim I believe them. Also, day clerks helpful courteous cheerful younger night guy. All seemed proficient multiple languages.The located upper west side pretty safe area host grocery, drug convenience stores, restaurants, coffee shops banks within 2-3 block area. The subway stop 1 3 trains two blocks hotel. I'll definitely stay Grant Hotel future trips.",0.12734159779614326,0.4529063360881543,Sep 30 2006
23,23,"They ripped Though I pre-booked (and pre-paid) via Woogo I charged reception staff checkout. I'm finding difficult get $150 I double charged returned. Woogo, UK, NOT 24 hour service office. I using again. Otherwise, pretty basic, good enough location. They ripped off, that's all.",0.075,0.5375,Aug 25 2006
24,24,"Great price! If looking luxury hotel, place. But want clean, respectable budget one worth looking at. Although older building small, slow elevator, rooms nicely updated fairly spacious. The bed comfortable, maid service acceptable, saw bugs kind room washrooms. Our television air-conditioner almost brand new, although latter fairly noisy worked extremely well hot summer nights. The shared washrooms also newly renovated seemed surprisingly clean, although careless guest clogged toilet unsanitary consequences. The number shared washrooms sufficient, rarely wait get one, even though full. The clientele largely European, seemed respectable -- like downtown YMCA anything. The neighbourhood seemed quite reasonable, encountered problems even walking streets wee hours morning. It 1 1/2 blocks subway 3-4 blocks Central Park. Times Square 4 subway stops away take express trains 2 3, 6-7 stops local train - 1. Near subway stop could find everything need restaurants (try Key West diner), grocery stores (The Food Emporium), pharmacies, Starbucks, MacDonald's liquor/wine stores (all within 4-5 block area along Broadway 92nd 97th streets). Not convenient, neighborhood seems safe. We would highly recommend anyone mind shared bathrooms European pensione-style (We paid $75.00 US$ per night taxes included Expedia, although higher price could private bathroom).",0.2045782145782146,0.5845249795249795,Aug 21 2006
25,25,pay for. Going thats half price places scary idea. A friends decided take budget trip New york far cheapest place could find... thought would bugs mess everywhere always catch? case.. could off.. lovely time.. staff friendly.. NEVER wait shared bathrooms A/C rooms WONDERFULthere cockroaches... insects.. able lock bags also checked checked (we waiting time) hassels...the front desk clerk helpful finding phone numbers us around city well checking bus schedules us online (even though internet access available $$ still us!!!)if budget want place crash it.. look forward staying again!,0.129978354978355,0.4943722943722944,Aug 8 2006
26,26,"perfect balance price service Three friends stayed two nights pay really good proce excelent service received.clean rooms, cool people, good a/c recomend",0.6875,0.7125,Jul 31 2006
27,27,A Terrible Experience NYC (BEWARE) I stayed many hotels across globe far worst world. Save money stay there. They clean shared bathrooms iron &amp; ironing board rooms advertised.,-0.20666666666666664,0.8400000000000001,Jul 14 2006
28,28,"Spend extra money something nice I've stayed lot dives years, new experience. It pretty cheap hotel, boy get pay for. The rooms tiny, beds uncomfortable pillows thin slices bread would give padding. There two bathrooms shared floor would bearable except cockroaches bathrooms kill use facilities. The one positive thing great location. It's couple blocks Central Park right 97th St. stop 1,2,3 lines. The staff friendly (although maids wanting clean room 9am, fun drinking).Next time I go New York, I'm spending dollars staying somewhere nice.",0.192375283446712,0.6090599876314162,Jul 6 2006
29,29,"Traveler BEWARE There corruption involved here, I highly advise go elsewhere. My son stayed two nights -- extended stay, wanted charge almost double price Mon/Tue Wed I told son cancel it, go get belongings. Upon arriving back 11:15am, informed things &quot;thrown away.&quot; They searched things, found clothing, able find cell phone charger. They also, charged credit card night cancelled, regardless fact cancelled, and, threw away belongings. There something VERY fishy place. BEWARE.",0.022000000000000002,0.29300000000000004,Jun 16 2006
30,30,Refreshingly fine!,0.5208333333333334,0.5,Jun 13 2006
31,31,Good price. Good hotel.,0.7,0.6000000000000001,May 26 2006
32,32,Great place!,1.0,0.75,May 22 2006
33,33,The stole money,0.0,0.0,May 20 2006
34,34,Do stay here!,0.0,0.0,May 17 2006
35,35,A Changed place,0.0,0.0,May 4 2006
36,36,Great Price!,1.0,0.75,Apr 30 2006
37,37,Hated place- stay here!!,-1.0,0.7,Apr 19 2006
38,38,Perfect !,1.0,1.0,Apr 18 2006
39,39,Good Price,0.7,0.6000000000000001,Apr 3 2006
