,Unnamed: 0,Reviews,polarity,subject,Dates_extracted
0,0,Review fitzpatrick manhattan After reading reviews I decided share opinion. This 2nd time staying fitzpatrick manhattan good remained good mediocre remained mediocre. The bad part stay desk. While agents good It girl giving us attitude first stay repeating second time. We put regular room suppose two beds suite would say would pay extra I find confirmation. I explained I forgotten said nothing could do. I speak reservation manager explained I booked 5 rooms one rooms suppose 2 bed suite. In minute said mistake hotels end apologised everything fixed.We started trip bad note problem had.The positive note stay besides brilliant rooms concierge Michael booked us 3 shows restaurants us including loads times guided us right places. He made stay excellent times always smile. The bar staff also great especially David always great. The new specials The Fitz lighter wallet. I back months hope see good stay good bad become good.,0.16772098868873062,0.5055151837409901,0.5055151837409901
1,1,"Great value perfect location I'm back 5 night stay here. I usually write reviews I think one really deserves mention. Got great value deal, expecting small room huge one 2 double beds 2 people. Very little noise nice cool room. The staff lovely location perfect (5 mins walk subway 59th street) Didn't use restaurant (why would New York?!) If get good bargain I think could much better.",0.3692179144385027,0.5796791443850268,0.5796791443850268
2,2,"Great location that's This disappointment start end. Our room small cramped could barely move bathroom. The rooms upgraded literally see layers paint. The aware three us staying room but, despite many requests, supplied us two everything â annoying ask extra set three days row ignored. The service good. From reviews seems guests stayed suites seem fare better. We ate bar/restaurant times. It dark, bit 80s full tvs. Breakfast stodgy Irish fry â even good one â meals pretty average. We popped year staying elsewhere Shepherdâs Pie (which dish liked) I found hair food â great! The best point location Lexington. However Waldorf=Astoria, stayed year, even better location surprisingly cheaper Fitzpatricks! This overpriced underwhelming.",0.122,0.5150000000000001,Nov 12 2009
3,3,"Luxury Charm Hospitality Location! My wife I booked de Valera suite 25th wedding anniversary trip NYC. Upon arrival could tell made good choice staff welcoming suite spectacular. The bedroom wonderful, bathroom floor ceiling Italian Marble everything worked perfectly. We drink lively Fitz Bar heading dinner based recommendation staff. Bici, upscale Italian bistro excellent. Throughout stay utilized staff recommendations reservations handled ease, critical, especially busy Sunday Brunch Rue 57. The location Fitzpatrick Manhattan got one best Midtown. We walked everywhere much faster taxi, traffic, even weekends, quite congested. If youâre good shape (my wife I 50) easily walk way Macyâs (34th 7th), Theater District (we walked back midnight, show dinner) Bloomingdales, Trump Tower, Tiffanyâs The Plaza blocks away.For money youâll pay hotels havenât renovated ages, stay Fitzpatrick Manhattan experience true luxury, charm signature Irish Hospitality. Highly recommended!",0.3438911845730028,0.5119696969696969,Nov 9 2009
4,4,"Great location even better staff On recent holiday NYC decided stay Fitzpatrick Manhattan - location corner 57th Lexington hard beat - shop weary partners dispatched uber trendy buzzing bar break allowing halves escape adjacent Bloomingdales many nearby 5th Ave shopping meccas. We suite spacious New York standards serviced several times daily - lovely bathroom, comfortable king sized bed seperate sitting room joy joys windows actually opened rooms!! (I'm fan US obsession central air conditioning).Where really wins however staff - without exception friendly, helpful prepared go extra mile make sure stay memorable.We back!!!",0.2358953168044077,0.40614095500459135,Oct 19 2009
5,5,"Thank You Fitzpatrick Staff My daughter I discovered Fitzpatrick Trip Advisor. We incredible stay Manhattan Fitzpatrick thanks kind, caring, thoughtful, friendly staff management hotel. We decided make connection staff try make days little brighter found staff going way make stay New York memorable one. Merima got us wonderfully settled enthusiasm, positive energy, greetings every day, great suggestion place breakfast (Fresh Co.) much appreciated. Mike Ray incredibly helpful, friendly, professional knowledgeable every day. Simon great young manager joy talk with. We meet owner sure appreciated welcome messages &quot;touches&quot; friendliness staff portrayed.Thanks one Fitzpatrick hope see know family friends visiting well.",0.4557334710743801,0.5722222222222222,Sep 27 2009
6,6,"Adequate bland midtown This fine -- I rating three stars I found extremely average. The location pretty good -- East part mid-town. Lexington pretty charmless street, 3d 2d Streets nearby want neighborhood, also within relatively close walking distances 5th Avenue. As itself, I one room suite, 8th floor, I stayed four nights (price $399 per night including tax).This perfectly decent business option. It modern stylish place. The furniture room quite bland charmless, suite large (with sleeping room separate livivng area, tiny &quot;kitchenette&quot;). The kitchette fridge it, coffee maker -- nothing else (i.e., microwave, utensils, plates). So want use mini-kitchen equipped much. The room clean I arrived continued cleaned well. It equipped everything expect (nice toiletries, blowerdryer, iron, bathrobes). Toiletries replenished, I like. There free access mid-range sports club street, decent gym. No newspapers delivered room, although could sometimes snag one lobby. The room two flat screen TVs, worked fine, ipod docking station.The lobby small (a couch along one wall main seating area) smelled bit musty. Not place like spend much time. The staff average, mean rude, warm welcoming either. My real complaint restaurant. I've seldom poor service: (a) water served, even though I requested twice; (2) coffee served w/o cream; (c) oatmeal came without raisins I ordered, none came I requested twice. I ate this.",0.10040486915486915,0.59234126984127,Sep 18 2009
7,7,wont stay I stayed part honeymoon August '09 stayed bad.When booking requested suite told checking suites gone. We got small poky room 2 lights order. When cam back later evening key cards would work. The porter tried blame us saying cards near something magnetic. following morning complaining day manager got moved bigger room - offered us suite 1 night. Not much use 3 nights there. That evening wife shower towel using ripped almost half dried herself. Then drying hair fuse blew room left total darkness. We rang reception manager came stinking cigarette smoke tried blame us problem !THEN evening came back lock door completely jammed up. Another call reception maintenance man came fix it.We complained quiet profusely stage got 2 drinks breakfast vouchers.for paid stay near worth money The 2 positives I would take form stay bell boys excellent Breakfast nice bar !,0.06932870370370371,0.402662037037037,Sep 10 2009
8,8,Very nice Great location This nice Manhattan. The room really clean quiet big plus NYC. Our room proper shower ( shower tub ) really nice. I would stay again.,0.39333333333333337,0.6354166666666667,Aug 18 2009
9,9,"Disappointing great location I booked 2 nights part treat girlfriend going stay friends rest trip. Being Irish heard Fiztpatricks. When I got hotel, I bit surprised. It like I'd imagined be. After long sign procedure went room. I went room felt disappointed. I thought would spacious room instead cramped. The bed VERY comfortable wear ear plugs appears sound insulation. If someone knocked door nearby, sounded like door could hear people walking outside room, never mind maid cleaning. We view, looked wall next building didnt much natural light either. It like I thought would be. I found staff quiet standoffish, 1 female staff member particular seemed little interest interacting guests. There Irish feel attitude. It tries hard Irish (almost little top) pictures president well known Irish people much me. It looked bit like kind place parents might stay.We decided eat many places nearby try I cannot comment that. We paid alot got, probably worst value I ever gotten itself. What save stay though location. You walking distance many attractions fantastic friends live way uptown gotten used subwaying everywhere great able walk wanted go nice part town. I'm sorry I stayed I would stay would I recommend friend. There better value hotels better rooms. Sorry Fitzpatricks I felt disappointed.",0.06881374722838138,0.5076829268292682,Aug 14 2009
10,10,"Margaret Farrelly knows good Hotels I stayed The Fitzpatrick, Grand Central ManhattanThey truly great hotels, big city like New York difficult get personal touchSean Fitzpatrick managed properties--they really caregreat locations--perfect restaurants--friendly staff personalised letter leave--are Dublin New York-- I love return! Booking easy Deirdre Sunway Travel--flights etc arranged ease--everything aked could wish done!! After many mistakes way go NY I several times year visit daughter works there!!",0.2519412878787879,0.5026515151515151,Aug 8 2009
11,11,"Great Location actually clean updated. Solid 'A' We try come NYC year stay different hotels. (mostly boutiques) Thanks TripAdvisor user photos turned W's decided Fitzpaterick Manhatten. It close park, close Rockefeller close stores. Arrival: I forgotten call early check-in baggage claim Laguardia. I called there, rep nice said could accommodate request. This easy cabs find easy catch cab second walk door. Check brief, pleasant problems whatsoever. Room: A LOT hotels stayed claim updated modern (just read TripAdvisor) seem corners cut, bugs there, dirt, mold etc. Let face it, NYC old (for America) get lot old hotels slap coat paint and/or new furniture call 'renovated.' I honestly say room cleanest room we've stayed here. The bathroom, bed, furniture, nice, new clean! No musty, dusty, moldy, buggy experiences here. -- The amenities good: Flat panel TV, ipod compatible clock radio, big closet, pants press mounted wall nice furniture. The second set 'black-out' drapes awesome sleeping. As far room size, I would say bigger standard NYC boutique room, smaller rooms large old hotels. There reasonably fast internet access available $15/day. We problems checkout.",0.2655646692488797,0.5044267866636286,Aug 8 2009
12,12,"Excellent friendly central boutique style Excellent staff willing help time. The room fabelous, spacious recently upgraded to, view leasr 4 star standard rest hotel. The well located close Bloomingdales major stores. Dont forget get discount cards reception! The restaurant / bar warm friendly, like lounge, good food service.",0.3355416666666667,0.6336666666666667,Jul 27 2009
13,13,"Home away Home After long trip Australia greeted friendly efficiency continued ten day holiday. Our suite clean elegant, beds comfortable, great amenities room (loved fresh bottled water turndown service), perfect location Museums, Central Park madness Times Square Boradway. Other hotels may similar offerings staff Fitz make home away home. No matter request responded immediately Irish staff fun pleasant deal with. Coming back Fitz long days sightseeing highlight holiday.",0.2916666666666667,0.5023148148148149,Jul 25 2009
14,14,"Very nice We originally booked Fitzpatrick Grand Central, called tell us oversold would book us sister upgrade suite. What got (not &quot;the&quot;, several them) Presidential Suite, nice- probably nicest accommodations we'll ever able afford New York. Staff attentive.",0.39904040404040403,0.6755050505050505,Jun 24 2009
15,15,overrated ever stayed $85 dressing gown wouldnt taken free. maid service 4days. a/c broken cold. dirty stained upholstry carpets.wont rushing back!,-0.11666666666666665,0.5833333333333334,Jun 5 2009
16,16,Excellent NYC Stay We recently stayed one night found accommodations excellent. Our room spacious clean 2 flat screen tvs. It's near Central Park decent area great restaurant bar downstairs.,0.36383333333333334,0.5561666666666667,May 18 2009
17,17,"We'll back! We great experience minute walked doors time left four days later (at 5am morning). The staff accommodating. We arrived rental car able park car front checked in. That big relief considering never would found parking spot along street otherwise. We arrived official check-in time suite quite ready. They set us lounge area free drink coupons. Our room ready finished drink. The room clean, spacious quiet. The bed pillows incredibly soft comfortable. They quickly catered needs requested wine glasses, cork screw plates brought room. The French toiletries also wonderful. I loved olive soap. We'll definitely stay (plus located within walking distance everything wanted do).",0.2794736842105263,0.4614912280701754,May 14 2009
18,18,"Perfect Stay Great Hotel, nice rooms. Staff friendly. Hotel bar &amp; restaurant nice. Will definately return.",0.711,0.85,May 6 2009
19,19,"Great location decent value rooms; bad service horrible. In brief: After prepaying room confirming reservation phone 2 hours prior arrival, told room available. There pleasantries offered &quot;Welcome, trip?&quot; &quot;There seems problem, let discuss manager find solution&quot; rather &quot;Name&quot; &quot;We book another since rooms you&quot;. Of course accept solution miraculously found room us. The rooms quite nice, dust, broken lamp incredibly uncomfortable broken sofa bed - fine. The morning departure, terrible flood lobby tiny pots everywhere collect water dripping ceiling. During check process, staff bit rude. I would recommend trip NYC. You better midtown.",-0.08114035087719297,0.6100877192982456,Apr 28 2009
20,20,"Great find NYC! Great location. Very helpful polite staff. They graciously helped us late night check-in. Rooms clean, functional, well-appointed. Rooms included quality blow dryer (not usual kind), mini fridge (very useful), separate sink/bar, bathrobe. Basically, place lot room amenities would expect NYC hotel. Didn't get chance dine restaurant, food looked smelled delicious.",0.40066666666666667,0.555,Apr 21 2009
21,21,"Great stay lovely convenient location We stayed Easter weekend. The room comfortable, staff helpful friendly, location convenient walking many places, also close subway.",0.41187500000000005,0.5499999999999999,Apr 14 2009
22,22,"Perfect location Location could better - real bonus hotel. A blocks subway, walking distance 5th Ave, Central park, Macys etc. Refurbished rooms nice, although view great. Staff attentive polite though lady checked us Saturday let side down. She snotty, rude mannerless. All staff though made her, particularly doormen concierge could accommodating.All great hotel. Will return.",0.23472222222222225,0.5533730158730158,Apr 12 2009
23,23,"Excellent Choice NYC Excellent Choice. A nice small Lexington near 57th st. Close Shopping, Museums 2 street blocks Subway station 59th &amp; Lexington. The Rooms clean staff friendly. We Bedroom Suite 2 rooms 2 flat screen televisions perfect traveling Teenagers. The cost 5 nights less staying large chain hotels Times square lot space! Only ate restaurant Irish Breakfast excellent recommended. Would definitely stay future trips NYC.",0.360546218487395,0.5856022408963585,Mar 24 2009
24,24,"Great location great My sister I stayed long week-end, sans husbands children. We wanted shopping, sightseeing visit museum mile. The ideally placed thoroughly enjoyed stay. The staff helpful make feel must tip everytime smile you. The restaurant great breakfast nice evening tired day shopping venture out. The room comfortable reaonable size.",0.46499999999999997,0.695,Mar 22 2009
25,25,Perfect Xmas Shopping Although Â£ strong got great deal NYC continental airways.The Hotel easy find although reception small intimate. Nice bar small restaurant.Most staff irish makes feel welcome room shave refurbished. Rooms compact well appointed contemporary furnishings.Lovely walkinshowers.Very handy bloomingdales staff also gift certificates store.A pleasant stay!,0.4192307692307693,0.6653846153846155,Mar 4 2009
26,26,Fantastic Fitzpatricks Hotel manhattan This got one best hotels I ever stayed in. First time New york I think I picked best there. The staff nice friendly. The room perfect. We king suite. Plenty room. The suite large tv sittingroom smaller tv bedroom. Quite bit street noise mind. It added New York experience. There rooms available request. These street view quiet. The bed comfortable. Perfect location 57th St Lexington Ave. Great shopping area. Underground 2 blocks walk hotel. I fussy hotels even better I thought would be. The perfect perfect city.,0.4705135773317592,0.6299045651318379,Feb 26 2009
27,27,Great NYC! We celebrated week 20th wedding anniversary NYC. The Fitzpatrick Manhattan truly accomodating helping us make time city comfortable possible. From time walked staff cater wishes help us wonderful experience. I would highly recommend anyone.,0.41571428571428576,0.6914285714285714,Feb 2 2009
28,28,"Great Hotel location It first time NYC 7 years I quite unsure stay. A friend reccommended I thankful that. In short- staff helpful, rooms nice locations BRILLIANT. All shops shows minutes walk door subway two blocks away.",0.36428571428571427,0.769047619047619,Jan 30 2009
29,29,Nice Hotel - Friendly People I Stayed Fitzpatrick 4 nights friendly great location. I traveling around bit far subway. Carol bar great made feel home. The room descent size comfortable. I would definately go back Fitzpatrick given choice I staying elsewhere I would definately pop head bar see Carol!,0.4415625,0.70625,Jan 7 2009
30,30,"new favorite NYC My wife I recently spent 5 days Fitzpatrick based travel agent's recomendation. We usually stay nearer Times Square I business meetings attend upper east side subway local #6 station Lexington Avenue 3 blocks hotel. We got king suite price usually pay nice king room near Times Square. The room spacious, clean, nicely appointed. We 16th floor facing Lexington Ave complaint street noise. When I go back, I may ask rear facing room. Service good adjoining restaurant pleasant surprise. The location perfect; easy subway access, middle great shopping still close enough theater district walk. Overall, good experience.",0.2376806526806527,0.5080594405594406,Jan 1 2009
31,31,"Best Address Town I little bit cautious reviews site, workmate said I couldnt go wrong - late arrival I say staff lovely, booked standard room everything - even TV positioned odd hard see angle I say bathroom tiny - one best showers I've seen hotel. The huge factor simply heart everything- short walk 10 mins takes corner 5th Ave Tiffanys- Central Park 15 mins walk - beside Bloomingdales Department store afford it. Didnt partake breakfast mainly like taking breakfast Irish Hotel, went local diners cheap, great athmosphere. Metro nearby take Ground Zero Wall St , althought used bar fairness great athmosphere it, reception staff fantastic - including bell captian , particulary grateful arranging car JFK return Eve Thanksgiving none yellow cabs wanted go JFKGreat City - Great Hotel!",0.21211805555555555,0.49654761904761907,Dec 9 2008
32,32,"Highly recommend Irish breakfast Highly recommend Irish American breakfast Fitzpatrick. Beautiful cafe excellent service. Excellent food, great tea. Wonderful experience.",0.497,0.583,Dec 8 2008
33,33,Tiny Tiny Rooms Location great..Rooms tiny &amp; honest well rated!!,0.234375,0.6,Nov 18 2008
34,34,"best What say fitzpatricks, class, class, class. Excellent staff. Concierge Geraldine nicer. Without stay new york good, recommended great bars restaurants. Bar staff friendly felt like staying night, cosmopolitans fantastic. upgraded suite real treat, rooms clean housekeeping never called early annoy sleep in. Next time go back i'll staying here, little bit expensive well worth it.",0.33143939393939387,0.4846590909090909,Nov 17 2008
35,35,high price pay rooms clean small price pay.booked online ended paying much quoted.even got charged $42 2 people small breakfastwe wont going back,0.07527777777777778,0.4433333333333333,Nov 11 2008
36,36,"Can recommend cosmopolitans Just back 4 nights Fitzpatricks...been NYC 5 times time booked standard room one usual suspects. This time, relatives, paid bit 2 room suite (to sleep 3). I recommend Fitzpatrick's enough - comfy beds, great staff, lovely food drinks, helpful real home away home. Never I stay somewhere else",0.21875,0.38125,Nov 11 2008
37,37,Recommend Fitzpatrick Manhattan This first stay Fitzpatrick New York hopefully first many. All staff friendly looked all. Reception staff welcoming friendly times. Concierge helpful obliging. Housekeeping staff commended. We upgraded suite enjoyed luxury. Toiletries excellent replaced whenever required. Great tea/coffee making facilities. Would definitely recommend turn-down service -one best hotel. Will definitely stay return New York.,0.4147017045454545,0.5172348484848485,Oct 16 2008
38,38,Great Stay Every year come stay Fitzpatrick great stay again! They finished renovations miss bar new lobby looks fab!We stayed 4 nights always treated great whenever come stay David Mike always willing help us whenever needed it. Cant wait come back next year!,0.4266233766233766,0.4935064935064935,Oct 10 2008
39,39,"Relaxation Manhattan Great location walking public transport. Midtown East. Personable staff, several languages spoken. Very comfortable room 3 -- separate bedroom sofabed. My teenager said best sofabed ever slept on. Rates various internet sites quite high, AAA website gave us good rate. Hotel staff said could probably gotten better rate calling directly. We slept well here. We back hotel, fairly quiet. Nice touches, turning beds evening. The restaurant, The Fitz, serves good food UK favorites, but, restaurants, higher prices diner. Continental breakfast included. Internet access additional fee. There construction lobby time, never bother noise inconvenience.",0.29865497076023395,0.44757309941520473,Sep 16 2008
40,40,"Repeat visitor Just back 6th stay Fitzpatrick's. Reception area renovation willing give benefit doubt regarding service reception. Great location stay many attractions shops within walking distance. Must admit new bar lost charm charter previous visits despite efforts Carol rest bar staff. NO ATMOSPHERE unlike previous visits. Drink prices bar increased since last visit even dearer buy directly bar yourself. However, rooms room service excellent. We discovered new gems last visit. Dinner Harbour Lights restaurant SeaPort overlooking Manhattan Brooklyn bridges (ask Helen Ballyhaunis). If pizzas Lombardis Bleeker Street, Soho cannot book pay using credit cards well worth queue.If outlet shopping thing (teenager Hollister) visit Staten Island mall. Get free ferry across local bus. On return direct bus main bus station Manhattan 57th Street (X31/X51)",0.18644781144781142,0.3616161616161615,Sep 14 2008
41,41,"Excellent choice Excellent location, clean, quite, intimate atmosphere, nice Irish touch, suuuper comfy bed...",0.5277777777777778,0.7166666666666668,Aug 28 2008
42,42,"Quiet clean modern helpfull The Fitzpatrick Hotel great location, short distance Broadway, Central Park museum district. The rooms spaceous, modern, quiet amazingly airy comfortable (best nights sleep weeks). The staff arranged us early check-in flight arrived 8am allowed us late check-out extra cost. This best city stayed in.",0.29111111111111115,0.4377777777777777,Jul 19 2008
43,43,"enjoyed stay We pleased hotel. We suite, worked perfectly since travelling three children. The room clean new (great) lot street noise (not great). The location good, within easy walking distance Rockefeller Plaza Central Park.",0.5386363636363637,0.7037878787878789,Jul 6 2008
44,44,"Great location We stayed (2 girls) fitzpatrick March 2008 9 days, great location close everything felt safe coming going hotel, seen post poor breakfast find all, pancakes die mmm. one evening meal good also. staff helpfull times.",0.39285714285714285,0.6642857142857143,Jun 9 2008
45,45,Excellent Stay This first time came New York stay Fitzpatrick better! Our travel agent booked car service excellent! We arrived around noonish assisted Mike bell captain rest stay assisted us questions got us Broadway tickets cheap price! He really kind funny kids. The room suite nearly perfect. The one flaw room AC working really hot day arrived. The house lady great job room well.There many stores near hotel. We bought many things Apple Store Central Park 10 minutes hotel. There great restaurants around well. We ate Palace Restaurant excellent breakfast great price! I would defenetly stay Fitzpatrick let know reads going stay renovations soon lobby.,0.5611244019138756,0.6919936204146732,Jun 6 2008
46,46,"Great location good rooms Stayed Christmas 2007. The location really good, blocks Central Park posh shops 5th Avenue. Our rooms fine, clean well appointed. They recently refurbished bar...the bartender bit plastic paddy though.One tip: staying Christmas, dinner Christams day....way expensive ($80) get.",0.2537037037037037,0.49444444444444446,May 25 2008
47,47,"fantastic stay My wife I returned three night stay fitzpatrick Manahattan cannot speak highly enough hotel. I booked fitzpatricks toll free number greeted friendly lady gave lots information facilities. The ocassion visit NY tenth wedding aniversary pulled stops may us fell welcome. We upgraded suite beautiful, antique furniture, plasma screens, lush carpets, comfortable bed marble bathroom. The real joy Fitzpatrick Manhattan staff, well trained make feel welcome. The location central, blocks crysler building st patricks catheral. NY fast busy city however fitzpatrick oasis calm desert chaos. I shall looking another I return NY.Ray ReidyGalwayIreland",0.3622058823529412,0.6014705882352941,May 7 2008
48,48,"Nice Stay First time stay fitzpatrick good experience. Check quick pleasant gave us upgrade asking. We suite perfect party 3 people. The room fairly large NY standards, conservative decor ok with. The King size bed comfortable, however short matress feet hung over. The air conditioning worked well room also. The bathroom small nice brown marble shower good water pressure. The front desk receptive needs easy deal with. We strange experience though, asked front desk beds turned said list service got back room sleeper coach touched. Very strange. Overall, happy experience I would recommend place fairly nice inexpensive suite NY standards.",0.3588578329882678,0.5902518978605936,Apr 30 2008
49,49,"Strongly recommend Great location, great staff okay rooms. Stayed 2 nights went Boston St Patricks - Boston patch one expensive!! Room great okay NY - long room! Will coming back NYC 2008 staying Fitzpatricks!",0.22895833333333332,0.5583333333333333,Apr 22 2008
50,50,"one best stays I ususally bring family twice year past 3 years Fitzpatrick Manhatan.Things changed quite bit last time I stayed. They undergoing renovations hotel. It looks promising aspects changed.The ReviewThe service restarant good use be. The waitresses pretty much new. The one waitress seemed annoyed us could bad day..... The staff changed lot too....and good. Besides usual high standard service Carol bar keep night interesting, Mike bellstand always talking helping us anything need want whenever come, Jamal always makes sure everything going good stay Everyone else seemed giving cold shoulder general. The front desk needs get act together II told one thng one person next day I told complete opposite another person. The room great. Of course bed best feature room. TVs great upgrade too. I staying Manhatan I really hope staff gets better.",0.23447552447552444,0.4775679875679876,Apr 16 2008
51,51,"Not great While location fine , go expecting standard Fitzpatrick Hotel Dublin , disappointed.We number silly problems room like faulty heater , nosiy air con prevented us sleeping.The lifts need major overhaul noisy extreme heard rooms hotel. The bar area looks fine brouchure caters young crowd , playing loud music people shouting heard . Not good spot relax. Again basic.Staff mixed bunch . Some friendly others cold awkward deal .This first time Big Apple , go back , I think staying Grand Central unless major renovations carried out.",0.022644927536231884,0.518840579710145,Apr 3 2008
52,52,"great location great location, staff friendly always eager help.we stayed junior suite (3 people). incorparated one dbl bed, told best sleep friends had. got fold bed living area, comfiest feet day shopping, slept great.the great location shopping, restaurants etcsmall negitive was-There refurbishment going bar restaurant area ended avoiding bar, would nice somewhere relax shooping ect.",0.7479166666666667,0.6999999999999998,Mar 10 2008
53,53,"New York Boys Tour New York Feb cold ambience Fizpatrick Manhattan warms up. From warm, unassuming welcome knew winner. The foyer pleasant compact. The bar/resturant area tastefully set providing comfortable dining drinking facilities. As two boys shopping trip ladies treated change room day two huge twin room double beds. The room bathroom first class. Staff excellent welcoming. Bar staff exceptionally providing Soccer/football wanted. Location Hotel first rate proximity tourist sites makes walking subway travel easy.We back, women though.",0.3315151515151515,0.6028282828282828,Feb 25 2008
54,54,"Great Base Tourist My wife I stayed 11-14/02/2008 combined birthday/Valentines day break. We stayed sister hotel, Fitzpatrick's Grand Central,2 years ago get booked time. We arrived mid afternoon helpful front house staff soon us checked dispatched 12th floor room. Minor disappointment room rear rather front requested booking months before. But room nice warm air con already blowing warm air- welcome -5c outside. The lot smaller lot NYC hotels, one reason choose it. The room basic requirements- coffee maker, foc safe lovely big soft bed, upholstered give 4 poster feel. Not biggest room slightly smaller one sister plenty big us. En-suite bathroom/shower + built-in wardrobe gave us ample space. There flat screen TV, v poor reception never used much anyway. After storing stuff quick drink bar, `Fitzers`. Apparently recently refurbished felt bit dull lifeless. The main reason choose location. At uptown end Lexington Avenue, awful lot real estate within easy walking distance- 10 minutes Central Park, Rockefeller Centre; 30 minutes Broadway/Times Square etc. And walk around get lost- whole area laid big grid, well signposted. In time never use taxi subway. We prebooked Grays Uptown Downtown Loop bus tour get round city,which hop on/off stops 45 major tourist sites length Manhattan.We eat all- atmosphere, stated overpriced. For breakfast morning went round corner onto East 56th Street `Madelines` Diner nice breakfast rolls (eggs- easy + bacon/sausage) coffee orange excellent price staff friendly could get anywhere. Other places ate Outback - Australian themed steakhouse 3rd Avenue (about 10 minutes away). OK food reasonable price. Also `Bubbagumps` Broadway/Times Square- critics label place tourist trap twice loved - Forest Gump themed restaurant specializing mostly shrimp dishes great 1st floor views Times Square. Very friendly good craic - probably tourists not! Another nice place `PJ Carneys` bar East 56th Street, side Lexington Ave Madeline`s. A wee Irish bar mostly Irish staff. Lovely cold beers afternoon/evening special pint burger wings $9.95- Â£5.10 there. You could hardly get value like home heart NYC! Don't forget tip, prices!!In summary, may exciting cheapest place stay NYC reliable wonderful location touring about.",0.19718348450491313,0.5065570672713531,Feb 18 2008
55,55,Holiday New York We stayed 4 night April 2006 part holiday. Fantastic hotel. Staff friendly. The rooms spacious enough. The location great also.....,0.3647727272727273,0.6509090909090909,Feb 15 2008
56,56,great family We decided go Fitzpatrick Hotel hearing good things cousin stayed last summer. I brought family first time NYC service top notch ( Especially Euro!)We checked 5 nights monday checked Friday. We cehcked 12 noon room ready stored bags bellman Mike always help us throughout stay great giving us directions especially underground.The location GREAT! So many stores near like Bloomingdales. Next two underground lines take anywhere need go. I recommend learning use subway much quicker get around traffic. If want good food go Smith Wollensky steaks Bice Italian even though quite expensive food top notch.The room big confortable.At night I went bar Carol bar great.Only snag I would say called front desk get help safe. We called said would send someone nobody came called lady front desk seemed get annoyed us calling ( We important documents needed locked) done with.Once great stay everyone friendly always willing help.,0.2451149425287356,0.5074712643678162,Feb 13 2008
57,57,Brillant Hotel - great location We Christmas party last year New York stayed Fitzpatrick Lexington Ave.You can't get better location - bloomingdales 2 blocks 5th avenue even 5 mins walk away. (For girls ** New Yorks best Nail bar around cornor ;-) Had suite room - small perfectly formed. Fab power shower soft robes perfect cure hard days shopping. The staff long term seemed Irish. They helpful nothing seemed much - even checking flying till late night. They held bags ordered us mini-bus extra charge.The bar new quite modern (not sure keeping rest decor quite old-world) I heard rest getting re-done maybe part it.The food bar really good quite reasonable NYC better ever!,0.26169696969696976,0.49043434343434344,Feb 8 2008
58,58,"Great Hotel Great Location friendly staff Great Hotel.. Very friendly staff accomodating visitors.. Room lovely clean.. Great location central park, fifth avenue shops.. Bar good fun night Bar Staff made us feel welcome.. Overall great stay definately return soon..",0.5361111111111111,0.5900000000000001,Feb 4 2008
59,59,"Loved it! I would defo return hotel. We stayed 3 nights really enjoyed it. It comfortable beds I ever slept in! The rooms good size, walk small wardrobe, small bathroom, great shower, small room door tea/coffee making facilities small fridge.The staff friendly helpfulSmall menu food nice breakfast good overpriced.",0.3586538461538461,0.6153846153846155,Jan 21 2008
60,60,"love fitzpatricks stay least year annual shopping trips. always feels like home home. service excellant, rooms lovely comfortable beds world! convenient bloomingdales 5th avenue shoppong. good irish breakfast every morning.",0.32499999999999996,0.49374999999999997,Jan 16 2008
61,61,"Mixed feelings place Having read reviews I must Irish person love place!!During stay last August restaurant renovations - could live this, reduction price food despite eat tiny bar.Rooms absolutely tiny noisy, bed comfortable all.Service excellent although arrived 10pm room still ready us.Stayed 2 nights moving onto W Times Square scene - really modern. Had 2 great nights Bar Fitzpatrick like home wanted something New York style!Overall felt place rated paid.",0.2160427807486631,0.5012477718360071,Jan 12 2008
62,62,"A Home Away From Home ""Wicklow Family"" Fitzpatrick real home away home. My wife 2 daughters stayed 8 nights june 07.It fantastic much going back February. The rooms excellent clean everything need. The staff friendly helpful minute walk door feel welcome.The bar warm friendly mix visitors locals make feel welcome bar( spot famous faces drink ).The location perfect sites New York, Central park 5 min away subway 2 min. The food excellent well,the Cod Goujons die for, breakfast like mother used make.We great time here,we stayed hotels around world top list. The price good value money read review's saying pricey get pay Fitzpatricks, After President stays visiting NY. If good enough good enough me. I would say anyone going visit NY stay Safe, Friendly,Well Loacted, Value money.Many friends stayed say same, As said HOME AWAY FROM HOME.",0.38251964085297413,0.539057239057239,Jan 5 2008
63,63,"fantastic beds shame traffic noise Stayed 24th November 5 nights booked suite 2 adults 2 children comfortable bedroom 2 double beds sooo comfortable.The staff extremely helpful cleaning lady would never take tip I left her, without leaving note.Each day came back room daughters toy monkey used propped different poses pillow I thought lovely touch.Rooms spotless problem draughty windows would double glaze windows would half traffic noise keep away draughts curtains.We loved New York return, maybe different hotel.I thought bit expensive 3,400 dollars breakfast!Though really enjoyed stay.For change I would try place different I certainly back sometime future.........................",0.1303742784992785,0.49865169552669547,Jan 4 2008
64,64,"Towel S As worldwide hotels go, mediocre establishment. However, US hotels go, I would say quite good hotel.Friendly, though overly efficient staff, reasonable sized bedrooms, nice bar good food.",0.2833333333333333,0.65,Dec 16 2007
65,65,"great fabulous location Having read reviews site I little concerned waiting us, I booked holiday partner another couple. The minute arrived greeted reception I knew going ok. The rooms lovely, old fashioned comfortable. Very relaxing quiet location. Had breakfast last morning Fitzers bar, complaints full Irish can't go wrong really!! The bar currenlty undergoing renovations looks dark small moment. Its fully opened yet, renovations due finish shortly. Should nice finished. Overall location fantastic 57th Lex, walking distance everywhere. Would recommend, worth price.",0.16590909090909092,0.46931818181818186,Nov 22 2007
66,66,"Once great stay Fitzpatrick I brought family vacation October. Ive business first time I bring everyone NY. I greeted straightaway bell captain Mike throughout stay guide us whatever needed.The elevator tad slow took stairs stories problem ( Even though stairs could cleaner, jump garbage bags.). The bar pricey everyday new york. We ate restaurant, food good worth extra add ons bill gratuity tax etc. We went different restaurant daily, Smith Wolensky great steaks go hungry! The house ladies cleaned rooms great, even though forgot give us turndown service one nights, I called lobby. I told bother late wanted let know done. But, overall staff best. David helped us good advice city, well Mike great asset really kind children. There times stay could mediocre, good outweighs bad greatly, worth price put suite 5 nights. CAnt wait bring family back next year.",0.22266414141414143,0.46819760101010094,Nov 19 2007
67,67,"ScaryNasty Never Again All I say waste time staying here. The Management poor quality especially yelling staff front guests. The elevator always breaking expect climb stairs room experience itsfelf. The stairs cluttered Bags Bags trash, dirty linen trays. Even halls cluttered bags dirty &amp; clean linen makes wonder bed changed what? The staff fear making decision every request given answer &quot;LET ME ASK MY MANAGER&quot; wait wait.The rooms different. Some remodled look like Motel 6.My good thing say Housekeeping staff pleasant housekeeping Manager great took care needs without question busy I suprised. The maid great never ask thing makes wonder everyone else scary.My plans stay elsewhere brainer.",0.08680555555555555,0.6215277777777778,Oct 31 2007
68,68,"Average say least .... To honest I heard nice hotel, got I say average!!The rooms smallish I like set bar.For price I think could found better.Still, good location.",0.27499999999999997,0.6,Oct 30 2007
69,69,"Great location ok We booked Lastminute.com couple weeks ago birthday treat us sold 4* boutique hotel..also, I knew fantastic location close Bloomingdales short walk subway stations, 5th &amp; Madison Avenues Central Park. When checked in, lobby &amp; restaurant undergoing refurbishment, warned about, however big notice say inconvenience, complimentary continental breakfast would available bar. The next morning, tried find pile pre-wrapped croissants (no butter preserves), bowl fruit, well one juice, tea &amp; coffee- hardly complete breakfast, appeared paying lip-service it. If going inconvenience customers, make proper effort! The room, although particularly big, clean, decorated nicely fantastically comfortable bed. However, careful games, CD library &amp; films TV cost $9 per hour! The bathroom immaculate, free toiletries one robe (odd two us), staff, especially Dave barman, Mike porter really friendly &amp; helpful.All all, bad hotel- excellent location &amp; clean. However stayed hotels States, I disappointed fundamental qualities, opinion rated 3*. 4* hotels generally decent breakfast, service lifts staff use instead using guest ones, bar Irish themed pub. If little tweaks perfected, would excellent, moment, OK. But I may think staying again.....",0.20366161616161615,0.576010101010101,Oct 12 2007
70,70,"Dont waste money For start completly overprice room bar. The rooms dark little light view brick wall window, food wasnt great, evalvator order, It virtually facilities could almost fit bar pocket facilityin place. I would strongly recommend spend money worthy new york city.",0.17769036519036518,0.5943667443667443,Oct 6 2007
71,71,"Best ever We loved Fitzpatrick Manhattan. The staff wonderful especially bartender Carol... great, every bar member staff like her.We definately go back!!",0.5833333333333334,0.6416666666666667,Oct 2 2007
72,72,"Great Deal Two friends I stayed three nights Fitzpatrick Manhattan girls' weekend. We nice two-room suite living room bedroom. The living room pull sofa bed comfortable still pull sofa bed. The bedroom extra plush, super comfy queen size bed luxurious. We took turns sleeping one night sofa bed. We also nice fluffy bathrobe every night came back shopping beds made three nice bottles spring water chocolates waiting us. Overall impressed hotel. The staff friendly helpful, location great. My complaint smell cigarette smoke, sensitive might like it.",0.3294607843137255,0.6186274509803922,Oct 1 2007
73,73,"behind closed doors.... .....a secret awaits comfortable friendly hotel. Ok get room view needs one, New York goodness sake. Nor modren, comfortable ( bit like staying grannies I mean nicest way ).Our room great, softest bed we've ever slept in,room great size (big enough store shopping,well girls got shop eh! ) tastfull furniture ,indulging smellies bathroom staff friendly helpfull. After walking legs NY, really lovely walk Fitzpatricks knowing great room relax quiet drink bar without hassle. The breakfast pricey hearty maybe opt eat out.............we ate Sunday morning city's local diners closed. I stay anywhere else NY. Can't wait return.",0.20030303030303034,0.5440656565656565,Sep 30 2007
74,74,"OK I thrilled Fitzpatrick, decent hotel.Some good things it:~very comfy beds~rooms bathrooms classy~wonderful shower!Some bad things it:~the rooms bathrooms incredibly cramped~they undergoing renovation elevator slow always crowded~there bathroom lobby; instead give key vacant room 2nd floor~front desk service varies; seems problem task management/organization.~no gym pool~I expected better complimentary breakfast - assortment fruits + packaged pastries - caliber. In spite problems, good location, rooms quality. Everything clean.",0.2673809523809524,0.595952380952381,Aug 22 2007
75,75,"Great comfy base explore NYC This brilliant hotel, attentive staff, handy bar nightcap great bar food. Although currently undergoing renovations spoil stay, got great sized room bathroom. It's great explore NY from, walking distance Bloomingdales subway explore uptown downtown. Great restauants nearby, Smith Wollensky great steak!",0.5545454545454546,0.7909090909090909,Jul 30 2007
76,76,"Fantastic location great My fiancee I stayed four night break could recommend enough. It great place stay comfort, location overall experience. The room, deluxe queen, larger expected, included walk wardrobe, contained safe, ironing board iron, hangers extra pillows. The bathroom decent enough size clean, however, bath oddest shape low ground, useful shower! The staff friendly pleasant atmosphere, surprisingly quiet. The area also relaxed great starting point explore city. There subway station two blocks north bloomingdales (which perhaps close, given fiancee loved shops). The subway lot safer would led believe inexpensive way travel around ticket sightseeing bus runs out! Also nearby central park blocks away tiffany (too close again!). If wish gain perspective well city bounced back since 9/11, visit memorial centre Ground Zero, impossible see moved. Overall, I would definitely recommend city anyone, couple, family otherwise, disappointed. P.S. The beds comfortable i've ever stayed in.",0.196015625,0.5177083333333333,Jul 11 2007
77,77,"A welcoming great location! Stayed family (5) 7 nights end May linked suite. It great long day's activity around Manhattan. Particularly visiting Times Square (daytime nightime) realised staying ideal part town relaxation (if wanted it!) family friendly environment. Staff throughout made feel personal guest, concierge, reception, bar &amp; restaurant.We dined restaurant couple times &amp; good round added benefit enjoying 'a night home' change along good pint Fitzers bar.I would happy recommend wholeheartedly.",0.477051282051282,0.5933333333333333,Jun 19 2007
78,78,Great Place Just back great trip New York Four nights The Fitzpatrick's Manhattan found excellent place stay. Close Fifth Avenue short walk Times Square. Very friendly staff would go way make stay enjoyable. I expecting small rooms New York room spacious everything could need days - even umbrella closet wet days New York. All staff pleasent morning staff breakfast bar staff last thing night. Overall would recomend anyone visiting New York.,0.21811497326203202,0.4267557932263813,May 29 2007
79,79,"Great - pricey!! Stayed 3 nights travelling upstate wedding April. We got room suite loads space! The heating work - bit chilly (apparently heating work April October), NY freezing!The room clean well maintained. The staff helpful overall great stay - pricey, I suppose expected mid-town hotel. Stayed Fitzpatrick's Grand Central return upstate felt much better location great food bar, however staff pleasant!",0.330952380952381,0.5654761904761905,May 25 2007
80,80,"An excellent choice reasonable price I stayed Fitzpatrickâs New York live billing cozy, reasonably priced (for New York), elegant hotels. As Fitzpatrick Grand Central, rooms small best suited single traveler couple likes close. That said rooms nicely decorated, excellent amenities, flat screen TVs, double headed shower, bathrobe, etc., - everything would expect high end hotel. I found size bathroom quite adequate. The staff polite helpful. I left overnight kit behind back two days fuss. It seems like small thing, rarely retrieving ones personal items go smoothly.",0.205038295038295,0.5169888444888445,Mar 21 2007
81,81,"Wonderful hote In short, great midtown location, like reviewers, although I hardly used anything room base, I deal staff, helpful courteous. I originally booked 3 nights, asked extend another 3, quickly accomodated. The room attended every day, even though I one annoying staff always still bed regular servicing hours. I drinks bar downstairs, lively warm.The location great. A walk Times Square, Central Park, zillion subway stations. I know people complain noise, middle busiest city world!!! I slept windows open nights, noise bother all. I 15th floor.When I checked out, bags stored hours trouble I last walk around city completed tasks. Cab called, concierge found address airport quick smart. The room spotless, shower bathroom perfect size. Two double beds, great flat screen tv, even internet access via tv (although websites work, navigation non-trivial!). And close million eateries.Sometimes I think bad reviews website people NEVER satisfied. The Fitzpatrick Manhattan great experience me. I paid $280 total per night, I satisfied with.",0.1439529220779221,0.5219053005817711,Mar 5 2007
82,82,"Best town.... Stayed ther 2 nights part longer trip NY. Paid 250 euro per night booking 1 week beforehand suite.Must say place fantastic, great sized room New York City, loved decor overall aura hotel. The main room 42 inch plasma bedroom 28 inch screen, perfect old jet lag kicks find awake 4.30 first 2 mornings. Movie selection recent reasonably priced 10 dollars. Some films even uk cinemas yet. The Fitzers bar downstairs also top class, food selection good light snack hospitality oozing staff.Location central A GOOD WALK CAN REACH MOST ATTRACTIONS ON MANHATTAN ISLAND. Can highly recommend 2 hour boat tour Manhattan statue liberty etc, leaves pier 42 every 2-3 hours. Only 20 something dollars head.All I return someday soon, slight niggles price pint bar 7 dollars plus tip!!!! And tv broken main room requested fixed wasnt.... although second one end bed meant stuck...Try local eaterie called Europcafe Lexington gorgeous snacks 5 min walk east hotel.....Highly recommend stay Irish better full us thick paddys.....",0.26321237275094694,0.47769412878787876,Mar 5 2007
83,83,"Deluxe suites suitable 3 I stayed last weekend 23rd february part group 40. We booked deluxe suites treble up. I unfortunate 3rd person slept sitting area pull dodwn couch b ed. I problem provided ne blanket only. The window ajar noght could closed. I never slept one bit I cold. When I complained following morning, blankets provided following night caretaker sent close window. Only problem, nice firendly atmosphere breakfast good.",0.04833333333333333,0.5811111111111111,Mar 1 2007
84,84,"A rare treat ...a warm friendly new york hotel! stayed 3 nights start december,my first time fitzpatricks.i booked suite extra space told nonsuite{delux rooms} small.we arrived night nightmare taxi ride newark airport[unbelievably rude taxi driver didnt know way] ,and settled hotel.myself wife suite friends booked delux room.the staff check irish welcoming. suite pleasant 2 drawbacks,no aircoditioning smallest bathroom ever seen.it explained air conditioning works summer months,while winter used heat room only.opening windows helped cool room provided us fan.the bed extremly comfortable room came wiht 2 plasma televisions.the excellent friendly staff...indeed rare find new york.a small cosey bar lobby regret didnt use more.our friends loved hotel..yes said room small ,but comfy bed made it.while flash ,i recommend it,mainly due friendly irish staff,good location bed!.pity tiny bathroom small crib otherwise excellent",0.2383672936259143,0.562669801462905,Dec 11 2006
85,85,"Fantastic Stay We booked room last nights stay US. It nice way finish holiday. It's wonderful hotel. The staff friendly welcoming. Our suite beautiful sitting room, kitchen, bedroom bathroom. With queen size bed, extremely pleasant stay. Would highly recommend anyone!",0.44708333333333333,0.6923333333333334,Sep 22 2006
86,86,"Clean friendly nothing exceptional A reasonable location close Park 5th Avenue. We suite 2 young kids fine, clean well cleaned etc. No view 6th floor, need get higher room.The staff friendly especially breakfast made kids feel special. Otherwise good place stay reasonable price without mind blowing anyway complaints either.",0.3364468864468865,0.6285714285714286,Sep 1 2006
87,87,"Misleading Onthe hotel's .com website, Fitz Patrick Manhattan rated well I thought I getting good place little getaway. The room I booked deluxe room non smoking. Also, Hotels.com said updated 2005.The staff friendly minute stepped room I knew something wrong. EVen though clearly marked non-smoking room, could smell cigarette smoke everywhere. There cigeratte holes curtains entire table/desk covered dust.The bathroom even big enought turn around in. The mirrow losing finish ( clear sign place remodeled last year) The bottom vanity also kciked in.Next time I go back place know little bit less trusting Hotels.com information.",0.06410256410256411,0.44166666666666654,Aug 22 2006
88,88,"Great families So, good bad Fitzpatrick ManhattanOn good side: You get two room suite kitchenette price rooms NY. We stayed twice young child. If stay good number nights row, get good discount. So, week past July, cost around $250 night REAL two room suite- (not fake suite alcove) It really like decent sized apartment. That unbeatable New York. This great option family want put kids bed go bed.The staff nice. Many employees Ireland. It nice small feel. The location great. Right midtown- bit upscale area. And, away lunacy Times Square. If brining kids NY- great option- stay Times Square!and bad:Two visits row got late night gave us key. We opened door find room ready us. First time opened door find someone else's clothes still closet. I closed door quickly- may there. On second visit, opened door find dirty wine glasses garbage table, used shower wet towels floor.The housekeeping front desk staff REALLY need get act together know people indeed really checked out.Both shocking unforgivable hotel.On ocassions problem checkin. The housekeeping fine rest time.So, overall, I recommend hotel, problem noted.",0.20546861471861472,0.5501731601731602,Aug 18 2006
89,89,"Service beats style My girlfriend I called Fitzpatrick Manhattan home six nights late April. The one thing stands place exceptional service.We arrived early morning Easter Sunday long flight London. Our bleary eyes fully prepared walk around like zombies check-in, lovely lady front desk gave us room straight away! This godsend much appreciated.Although room compact facing inside wall hotel, mind quiet mouse (something rare NYC).Though room small bed comfortable bathroom needed. There subway station block half Lexington, take anywhere want go. There also convenient pub adjoining friendly barman. Geez Irish nice! We eat hotel's restaurant bit expensive, plenty eat surrounding blocks.Overall impressed friendliness staff standard room. Would definitely stay again.",0.18460526315789474,0.5421052631578948,Jun 29 2006
90,90,"Unbeatable We stayed honeymoon could honestly say staff without doubt best. As soon arrived, upgraded suite. The room ready sent bar complimentary drink. Upon arriving room, bottle champagne ice, butlers chocolates note wishing us best honeymoon. The staff friendly courteous itâs obvious see trying best make feel welcome home. After busy day shopping New York, nothing nice returning cosy atmosphere hotel. The rooms quite small clean &amp; comfortable honest spend short amount time room size really make much difference. This great location, walking distance everything. I would highly recommend anyone staying New York. It may biggest plushest opinion atmosphere staff make best around!!",0.4009757575757576,0.5399636363636364,May 20 2006
91,91,"Warm welcome large rooms great value We booked Expedia basis price location. Was quite cheap period around $225/night inc tax, I bit nervous quality would experience. However, right check-in experience great.Check staff extremely welcoming friendly. When gave us room 3rd floor elevator, I feared would substandard room, often happens book internet agencies. True, room overlook light-well, reasonably bright importantly noise street, kitchens elevator. In fact, best surprise room HUGE NYC standards, small kitchen area, lobby walk closet, well queen sized bed full bathroom (great toiletries way well). Only criticism room would traditional floral decor might everyone's taste (including mine).We found bar bit dingy, friendly Irish staff, well live rugby. The concierge (also Irish) gave us great recommendation going drink well, poured rain, bell-boy happy lend us umbrella.Finally, location perfect shopping (especially Bloomingdales) lots reasonably priced eateries breakfast lunch nearby. I would definitely return next time I New York - far friendliest I stayed feels like small guest-house.",0.3288636363636364,0.6105380333951763,May 4 2006
92,92,"Cosy central comfortable charming - pricey! I spent week hubby another couple impressed hotel. The rooms cosy, spacious, beds lovely comfortable, bathtub (a big plus me), coffeemaking facilities everything clean. My two minor complaints would fixed showerhead (a bugbear mine) 10 dollars internet charge - I wanted 10 mins check mails. The staff friendly helpful. The Irish bar cosy perhaps bartenders charming others! A nice touch we'd arrived long flight rooms quite ready offered complimentary drinks bar. The facilities, small bar restaurant, suit everyone fine us, spending much time hotel, could fabulous city waiting us outside! The great central location, find noisy all. Would definitely use again.",0.2404301075268817,0.5380645161290323,Apr 30 2006
93,93,"Great Stay Enjoyed much. The room ideal -- perfect wife I 14-year-old daughter. My travel agent forgot let know bringing daughter along trip, staff accomodated us without trouble. She sofa (hideaway bed) bedroom. The bar great place grab nice ale scotch dinner. Good location close subway stops, Central Park, shopping.",0.5359999999999999,0.651,Apr 19 2006
94,94,"Adored We stayed Fitzpatrick's honeymoon - although completely unplanned. We initially checked really diappointing Doubletree Hilton Lexington nights prior heading Caribbean wait get away place. Anyway popped Fitzpatrick's chance would room got one â¬140! Great room, small perfectly adequate, really lovely. Service second none, food great (nachos bar super), staff really excellent made us feel welcome. We stayed way back Jamaica I say really made honeymoon us. Great place breakfast across street, side street, called Palace - try it!",0.2633333333333333,0.4188888888888889,Apr 19 2006
95,95,"A good experience We spent week suite two year old daughter. To sum up:Positives:â¢Location (the important thing hotel).â¢Room size, admittedly suite excellent value.â¢Service â staff courteous, friendly &amp; knowledgeable. We didnât try restaurant bar.â¢Beds â huge &amp; comfortableâ¢Room amenities â fridge, counter &amp; sink, two televisions, great sofa.Negatives:â¢Relatively noisy, Manhattan. We got used &amp; slept well.â¢Lack âfacilitiesâ, Manhattan excuse bored.We April, I donât know effective heating air-conditioning are.Weâd back.",0.41285714285714287,0.55,Apr 11 2006
96,96,"Stay far away.... My fiance I stayed Fitzpatrick Manhattan Hotel long weekend. Front desk friendly, never went way make feel special, friendly enough. Room little small, good enough needed planned shopping entire trip anyway. Had terrible experience last night bar. We Americans treated belong. Rude bartender Irish accent, extremely short wait finished us go back chatting irish 'friends'. Didn't even bother finishing drinks (which expensive). If Irish, stay bar, feel welcomed!!!!",-0.01811224489795919,0.46490929705215417,Apr 6 2006
97,97,"Ahhh...the bed! Room small perfectly formed everthing needed. Cosy warm. The bed lovely, really comfortable great storage. Would liked stronger power shower though.We loved art deco decor elevators.Service excellent, reception concierage bar. Food real comfort fare home, always tasty. Would nice separate restaurant though I loved huge ladies bathroom bar! No Murphys bar let down!Brilliant location, loved it. Everything nearby noisy night. Would definitely stay again.",0.5366666666666666,0.7466666666666667,Mar 31 2006
98,98,Ritz who? Who needs Ritz got Fitzpatrick Manhattan!,0.0,0.0,Mar 25 2006
99,99,"Stay somewhere else No Facilities. There restaurant, one bar downstairs closed private function one night stay. We disappointed hyped Ireland. Location good though.",-0.029166666666666712,0.5583333333333333,Mar 5 2006
100,100,"comfortable beds Our flight Kennedy cancelledon Monday blizzard, decided stay city. We stayed The fitzpatrick suite, none available time. We booked phone got great rate $199.00 regular room. The bed best part pillow top mattresses soft pillows. The staff friendly go way handle requests. The rooms small comfortable. The restaurant serves high quality comfort food. I would recommend highly.",0.351923076923077,0.5047633136094675,Feb 16 2006
101,101,"They Came My Rescue! I stranded New York record-breaking blizzard February 12, needed place stay, called Fitzpatrick friend's reccommendation.The experience nicer. The staff unbelievably caring, elegant room cozy warm oasis frigid winter night. Bedtime turn-down service included soft, fluffy robe, slippers. mineral water, delicious Irish chocolate.I also enjoyed hotel's authentic Irish pub-style restaurant. A fireplace warmed room, hearty stew I chose dinner perfect cold winter night. The bar great place enjoy cocktail meet people also &quot;stranded&quot;....none us complaining, though.",0.17165071770334928,0.6383971291866029,Feb 14 2006
102,102,"Excellent location We stayed fitzpatrick manhattan 25th 29th January. We got excellent rate $199 night arrival met manager welcomed us checked quickly. Our bags taken room us room huge! We separate kitchen area used store luggage, lovely bedroom nice big bed big bathroom, bath/shower. We also got complimentary drinks vouchers bar checked in. The staff friendly, bar lovely. We didnt eat restaurant full nights seemed well. The location perfect, 2 blocks away metro bloomingdales, 3 blocks cross-town 5th avenue. We walked everywhere good location. I would recommend anyone",0.4919270833333333,0.6593749999999999,Jan 31 2006
103,103,Very Very Nice Hotel make feel home! I arrived 10pm 8am interview. Having flown west coast nice welcomed checked-in quickly. The bed comfortable I worried I wake time! As another user pointed air conditioning little noisy - I've barely similar problem. Everything clean welcoming - little mint chocolates pillow. If go winter really enjoy terry robes. I couple beer adjacent pub met lots nice people. In morning I treated nice quiet continental breakfast. Upon returning interview check - I quickly given directions bell locked things I could go lunch friend Central Park. When I returned bell quickly hailed cab - first cabbie rude obnoxious bell politely sent hailed another. No wonder one hotels choice company - afterall I get job!,0.25509259259259254,0.5842592592592593,Dec 17 2005
104,104,"Lovely Hotel Staff Myself two friends stayed fitzpatricks Manhattan 30th Nov 6th December. We booked suite seperate bedroom living room pull sofabed. There also small kitchen fridge, sink coffee maker. The rooms good size spotlessly clean. The small considering size hotels new york liked fact intimate. All staff eager help made point asking day was. The bar restaurant small also liked too. The great thing Fitzpatricks fact start shopping doorstep. Just two blocks away Bloomingdales, Gap, Ninewest, H&amp;M, Levis many others. Its also great getting ferry statue liberty. There subway stop right across street bloomingdales. Overall loved plan booking second stay january.",0.3199261522790935,0.5435446906035142,Dec 7 2005
105,105,"Makes one feel like royalty! A lovely, quaint boutique-type offers comforts home! The rooms impeccably clean pillows bed invite restful sleep!Most important, staff go extra mile make sure satisifed stay. They make every effort friendly, accomodating personable. Anything I ever requested staff, they've delivered smile! They make effort refer name knack making feel like special guest! I've stayed three times past three years, I've never disappointed. I'm planning fourth stay couple months I return NYC. The warmth Irish hospitality evident fine establishment!",0.19059523809523812,0.424021164021164,Nov 7 2005
106,106,"Great Place We stayed Fitzpatrick Manhattan 14th Feb 05 6 nights loved hotel.We got great deal room rate booking directly website....If thinking headin NYC Jan end Feb offers website great wont beaten try first! It first time NYC many people told expect much way bedroom size, (especially heard rate getting!), standard enough bedrooms Manhattan small side suprise spacious room small kitchenette, doubled dumping ground shopping luggage. We find room little cold. Being Feb understandably cold outside would expect heating full blast room cool side......this upset us much change sleep.The staff great friendly helpful. As one reviewers pointed bar small serves purpose great place chat fellow guests get tips different things see do. Most evenings headed well known bars area get real taste nightlife NY. We ate restaurant overly impressed food tasty enough.The location great walked everywhere. It 2 minute walk Bloomingdales 5/10mins 5th Avenue entrance Central Park. Overall I would definitely recommend stay particularly going Jan/Feb fantastic value money cosy homely hotel. One thing shoppers among you....if thinking going Feb try around 22nd Feb (Presidents Day). The Monday around date National Holiday US sales running Monday great especially Woodbury Common Shopping Outlet discount places 50/75% made long trip outlet well worth it!!!!",0.21503241921768704,0.5264285714285715,Aug 20 2005
107,107,"Not Good Not sure everyone else seems love. My room damp, AC incredibly noisy, part ceiling collapsed bathroom, walls paper thin (could hear traffic/dump trucks cleaning dumpsters night) strange moldy odor throughout floor (the 5th). If looking great Boutique NYC, try Hudson.",0.1642857142857143,0.676984126984127,Jul 23 2005
108,108,"Loved Feeling Like Family We stayed Fitzpatrick weekend 3/10/05. We never stayed boutique-style before, came recommended us someone lives nearby. Traveling NYC family five challenging certainly expensive. This offers suites, much affordable even single room major hotels. From first phone call (to see would completely irritated showed three young boys), pleasant, informative, welcoming, accomodating. When arrived greeted us name made us feel ready waiting us. The suite beautifully appointed tasteful current styling. The linens higher-end Irish lines, lamps evoked Waterford crystal feel. For boys, Nintendo room, well small extremely useful kitchenette. The accomodations us perfect, husband I shared king-sized bed bedroom children slept oversized pull-out sofa living room. All weekend staff greeted boys name, provided information quickly could ask it, greeted us regularly smile names. The restaurant wonderful, service equally perfect. The Irish Breakfast requirement, provides authentic Irish Sausage, fabulous eggs fluffy, completely filling pancakes. My in-laws recently returned Ireland said tasted exactly remembered there. The Bar neighborhood Irish Pub feel, Guinness tap plenty Irish locals filling seats. They accomodating, pouring two Guinesses helping get room returned early evening.Maybe helped right St. Patrick's Day, experience perfect. I stay every time I return New York, wonderful step away standard New York attitude welcoming home Irish.",0.271813801278087,0.4544289044289044,Apr 26 2005
109,109,"Emmm.... ok We stayed The Fitzpatricks Jan 05. I admit expected hype read. It lovely friendly staff extremely attentive, small enough. The food quite nice restaurant, (breakfast expensive though, go delis nearby) bar small. The rooms nice enough, previous reviewer said, could stayed Waldorf price regretfully didn't. The Waldorf would much central well. The hightlight stay shared lift one morning 9th floor Phil Coulter! Overall I would stay Waldorf Sheraton Manhattan available.",0.12412280701754386,0.5106140350877193,Mar 28 2005
110,110,Good Not Great.,0.14999999999999997,0.675,Feb 28 2005
111,111,Excellent,1.0,1.0,Jan 17 2005
112,112,Great location,0.8,0.75,Jul 2 2004
113,113,Nice Hotel Great location,0.7,0.875,Jun 19 2004
114,114,Loved Fitzpatrick!,0.875,0.8,May 27 2004
115,115,great,0.8,0.75,May 24 2004
116,116,Top notch!,0.625,0.5,Jan 29 2004
117,117,Even money object Fitzpatrick still I'd choose,0.0,0.0,Jan 14 2004
118,118,There fireside...,0.0,0.0,Nov 11 2003
119,119,Great Family Hotel,0.8,0.75,Nov 6 2003
120,120,TrÃ¨s bel au juste emplacement !,0.0,0.0,Aug 6 2009
