,Unnamed: 0,Reviews,polarity,subject,Dates_extracted
0,0,"Phenomenal Everything stay flawless. We brought check-in area, comparable large living room. We sat (no standing check-in desk) key cards brought us, offered bottle champagne, wine water.A special thanks goes Vanessa front desk (I hope Iâm remembering name right)â¦she went long way make stay special us! The room awesome. Unbelievable views city, furnishings really cool. The bed comfortable, bathroom sleek clean.I highly recommend checking place out, even one nightâ¦we didnât want leave.",0.30695188492063497,0.6838591269841269,0.6838591269841269
1,1,"A true New York City Most town tourists stay one concrete masses Time Square proximity everything touristy. But want true sense NYC interested staying brand new, 5 star hotel....I recommend Cooper SquareThe service impecible. The ambiance first class, feel like staying people &quot;been NYC before&quot;, versus cattle call hotels full tourists kids.You 10 minute walk Greenwhich village, 5 minute cab ride Little Italy restaurants, subway stop less 200 yards away.Overall..a. great stay I'd opportunity",0.24321338383838387,0.47575757575757577,Nov 23 2009
2,2,"Horrendous experience! Not one, many, many problems hotel:1) Wanting leave immediately check-in impossible took 20 minutes bring bags room;2) Room three hangers two people staying three nights;3) Could open close window without calling front desk. It took four hours someone come up, preventing us going bed;4) No one knew activate Wi-Fi;5) We charged courtesy bar even though never opened it;6) On two days housekeeping come called 6pm.We could believe bad service throughout hotel. Would never go back!",-0.06111111111111108,0.5277777777777778,Oct 30 2009
3,3,"Really cool confortable bed ever. This amazingly cool hotel, I loved loved loved it. Fantastic location.Downsides - tiny room $400 night including tax - although seriously still loved absolutely go back. No prices (extensive) mini-bar meant I paid $8 bottle three smallest bottles water (200ml?), know much I would pay I used fascinating personal oxygen cannister. Taxis know - uncool put name outside? In fact last point almost upside well....Upsides - I start? Must bed, like other. This end trip slept 14 beds great hotels, one completely different league. So comfortable, plus amazingly comfortable pillows duvet - going NY raving bed seems somehow wrong sorts levels, go. Other upsides - lovely staff - friendly, great bar area, nice glass wine arrive. Plenty anecdotes later - example bar dark husband wanted read, friendly member staff suggested library. This equally dark, helpful man brought scented candle read by....21st century New York City!.",0.26536730945821857,0.5627640036730944,Oct 24 2009
4,4,"Quality design If design sick many called designer hotels market fail deliver - one try. The building interiors well thought obvious quality interiors furnishings. I great room, wonderful views city floor ceiling windows. The bathroom also plenty natural light great walk shower (no tub - problem). There library theme wonderful selection books throughout (in Lobby, well room). A great distraction regular pursuits TV Internet! They moved away experience, getting rid Reception Desk check informal, Lobby Lounge. The restaurant bar hip although I time enjoy them, looked popular. The location good, still coming seemed quite lot construction area. You however close Bowery Soho, walking distance great shops restaurants (I would recommend restaurant called Public, nearby). Staff friendly helpful, lack little polish. There also free Wi-Fi.",0.3701530612244898,0.6047967905110762,Oct 18 2009
5,5,"Trendy convenient Booked week brother sister stay visit New York. I spent nights convenience. Anybody knows downtown area knows great convenient location. Very close tons food bars east village, close number subway lines. The pretty unconventional. There front desk, room looks like nicely decorated living room. You greeted friendly staff check wait couches. The rooms clean. They small, New York standards. The bathrooms spacious though.",0.26703282828282826,0.5724242424242424,Oct 12 2009
6,6,"Nice great location. Stayed Cooper 2 nights late september, paid $ 280 night via quickbook, good rate good room. Small, that's everywhere NY. Beds amazing, said. Shower good well. Nice reception upon arrival. Staff overall friendly. Location pefect, close bunch shopping (dangerous...), took run along East River. Whole Foods block away, always convenient.",0.3319642857142857,0.6342857142857143,Oct 6 2009
7,7,"Too expensive Coopers Square one advantage: It monopolistic location 'new', walking distance NYU-Washington Square , Greenwich Village, West Village, much Soho upper-class... $400 price-tag rooms bathrooms ridiculously small, minor irritating things like cheapest thinnest toilette paper small towels clearly saved fabric-softeners add insult injury. On 8 rides tiny elevators I squeezed room-service's carts 3 times: This would great prices half charge....Staying farer away taking cabs to/from Greenwich Village/Soho area sounds better",0.009974747474747478,0.45454545454545453,Sep 21 2009
8,8,"Best bed I've ever slept in. Ever. I stayed one night way somewhere else. So I jetlagged basically went straight bed. And WHAT bed. It's like sleeping cloud happiness. This reason I'd go back. But reasons I wouldn't. The room smallish, (not big The Standard bigger Soho Grand - way someone going make website telling us exact sizes manhattan rooms? needed...) The staff seemed nice enough. The bar downstairs pretty hot right - I shattered even consider it. The reception area extremely charming, books everywhere. Jetlag sent bed 8pm, noise bar woke 9pm. (The room 3rd floor.) I rang reception umming awwing transferred 5th floor. Is princessy? Hey ho.",0.2785714285714286,0.5079831932773109,Sep 13 2009
9,9,"How non-service gets reinvented every day First plusses: great location friendly staff make known (they dressed casual clothes) Deltas: No room walk US$500 night room; price list mini-bar items; noisy rooms: ever one neighbours leaves room hear it; noisy airconditioning pipe-system guaranteed wake least three times night; maitre restaurant informed work Buckingham Palace, please drop attitude pal: 1 hour wait table 5 tables clearly available anal.Cooper sq recommended hold promise. And I checking could make corporate Hotel company. BIG MISS!!!! Disappointed.",0.06136363636363635,0.4272727272727272,Sep 13 2009
10,10,"ANYTHING BUT SQUARE! In fact, get hipper! I travelling back US two kids, made weekend pit stop NYC, ended one corner suites. The kids bedroom - Dad make blow bed living room, sufficed. We loved funky vibe hotel, great little touches - seat lift - state art bathrooms, generous assortment goodies arrival (wine, cookies etc) - complimentary Internet even we'd officially checked in!Another big plus - close proximity truly wonderful restaurants, particularly Indochine Japonica - within walking distance.If like enjoy stuck traffic, did, take cab Penn station catch train JFK - 30 minute ride.Well worth return visit!",0.3170138888888889,0.46527777777777773,Sep 3 2009
11,11,"Brilliant funky modern wonderful staff! We spent 4 nights August 2009 cannot write one bad thing it!If conservative, go elsewhere. It's modern, cool, yes, hallways ARE extremely dark. If going bother you, go elsewhere. The rooms small, said that, still managed find convenient place two large suitcases without much drama... still easy access them!The bed SO comfortable, shame Manhattan, I could stayed bed entire stay! The iPod dock (Sony) seriously best I ever heard. In fact, I bought one! It small, amazing sound (it tiny subwoofer bed!). The bathroom great. Our room large amazing shower... plenty wonderful pressure. The bathroom lighting dim, bother me. The staff also wonderful... always opening huge entry door you, along friendly &quot;Hello&quot;! Whenever ordered ice iron, always come promptly without fail. On checkout, bit disagreement bill... nothing really hotel, 3rd party website booked on... staff friendly it, fixed bill minimal fuss. The manager I dealt Alison, BRILLIANT. Hotels need managers like her!Oh, get free passes huge fitness centre across street. Definitely big selling point like gym!! I see advertised website, pleasantly surprised I found check-in!Will definitely back... I hope gets better reviews coming months!",0.2819144518272425,0.5574141749723146,Aug 28 2009
12,12,"A designer delight We stayed two nights, chose Cooper Square pretty last minute. We wanted contemporary bit wow-factor would spoil us without breaking bank. We disappointed... super-cool welcoming intimate designer hotel. The design really stunning original well thought touches (like classic design poetry books rooms) reception bedrooms - upgraded given nice chilled glass wine signed in. What could want? Staff helpful happy. We stayed 'Cooper 3' rated room - large really nicely thought out. Crisp white perfect cotton bed linen possibly comfortable super-king-sized bed ever slept in. Huge die-for shower. The views 9th floor (floor-to-ceiling picture windows) Lower East Side Brooklyn bridge far distance. We liked area - sort equal distance anywhere served two subway lines Astor Square three minutes away. The East Village masses great little restaurants too. So big thumbs up. Only one gripe: need learn make tea!",0.3031675170068027,0.6348299319727891,Aug 28 2009
13,13,"Would Booked last-minute business trip NYC via expedia decided try Alonquin ; however overbooked I selected Cooper 24 hours arrival, knowing exactly expect (other 4 star) since opened months. Stayed one night &quot;Cooper 3&quot; room extremely pleased: perfect bed, huge walk-in shower, free wifi, good size room (but tad small side...), best incredible unobstructed city views: I could stared floor ceiling window hours. Did get chance try restaurant, room service, bar, etc. But staff nice attitude free, even agreed early check-in 6 hours ahead time prior notice arguments which, book, truly excellent. Got great rate via expedia (much lower basic $425 rate) would happily go again.",0.393409090909091,0.6272727272727273,Aug 20 2009
14,14,"Great Paris Hilton Wannabes TERRIBLE business travelers If want wait 10 minutes elevator, given attitude rub arms 21 year olds looking emulate Paris Hilton, place. If serious business traveler, not. While Klaus Ortlieb may boost Ian Schrager protÃ©gÃ©, evident bad student. This simply irritating possesses non charm created marriage design service Schrager understands well. If want stay hotel, wait year two get room $150 Priceline. By then, I guarantee wait elevator minute...",-0.12619047619047616,0.6619047619047619,Aug 14 2009
15,15,"Funky fun especially gig neigborhood I stayed one night business June 2009. I chose location convenient. The location really best thing hotel. There choices Bowery/East Village area, best bunch.Your cabbie might know is, new signage all. Tell drop Astor Place; large glass tower right across street. It's cool looking, totally place neighborhood. You enter huge doors always friendly doorman help in. The lobby small traditional check desk. That kind weird. You sort wander around check little back room desk. I guess space standard lobby also trendy (I guess).Yes, lighting hallways elevators dim, intentionally. It's biggie. It's kind place.I corner room windows, nice touch, although much view. The bed sheets EXTREMELY comfortable standards. Like NYC rooms, room much bed. They pop flat screen tv, small armoire, Ikea style desk, small upholstered chair. I liked book selection room, although I time take advantage. There probably 30 books room varying types. I love carpet, indoor/outdoor utility stuff. Not plush. But overall room comfortable.The bathroom done dark slate chrome motif. Frosted windows near ceiling provided natural light. Small vanity much room products; again, NYC. Very sparse/chic. As others mentioned, issue water leaking shower door, biggie. The shower products average smelled great. There selection three robes; large terrycloth, medium cotton, sexy little silky robe. I confess terrycloth might come home me, I loved it.Overall, room cute comfortable, luxurious, stylish, immaculate since opened. Turndown service night complimentary piece fruit cloth feet bed. The &quot;do disturb&quot; sign actually small silk pillow string. One side black red. I somewhat confused side meant stay out! Funny. I think red side. Anyway, problems that.The elevators small staff ride them, sometimes big laundry carts. There little leather bench elevators, nice I guess pass drunk partying. The nice restaurant (for hotel) outdoor seating, large indoor/outdoor bar/nightclub second floor. I get partake, I walk day gorgeous cool atmosphere. Would definitely check out.All all, place winner. You can't beat location atmosphere charm spare. A little kinks need worked out, hey soft opening. I think make work, especially since really options area. I'm definitely staying again.",0.15576853882048683,0.5378009220217012,Aug 11 2009
16,16,"Hidden Gem! I really liked hotel.The location great, tucked far enough away, brisk walk subway/cab ride activities. The staff professional &amp; friendly. They really tried hard. This typical hotel, small mysterious. There's lobby, staff check walk door. The rooms small (really small) makes floor ceiling windows (beautiful view). The beds beyond comfortable. I slept really, really well! The bathroom chic. A little dark, I think intent. This really great hotel.",0.15337301587301586,0.5511904761904762,Aug 7 2009
17,17,"With hip chic cool designs satisfying service We stayed two nights.When arrival, somebody sidewalk came us opend door us. Since seem wearing suits uniform, recognize actually working first little bit guarded.Due tireness late flight, remind checking-in person room type. And mistakenly gave us smoking room. The tireness busy schedule city kept asking smell late night. When I finally made call, front desk able tell whether really smoking room. The night manager offer room change spread, tired uncomfortable letting somebody move stuff. We also bought lot heavy books trip, too. I convinced could make mistake, front desk know room type.Besides major flaw, conversations encounters extremely comfortable pleasant terms price hotel. It attitude bad, act like bunch amateurs.Also, I surprised know scale guests weigh luggages. Perhaps nowadays people travel light built little bit longterm international travelors.Citterio's design course good, soothing refreshing. The color palette subdued one, grey, dary grey, white stained solid oak. Curtain wall windows nice, too, whcih lot grand hotels have.Yet I complain lighting elevators. They dimmed even I hard time reading numbers. The shower always water puddle, even beautiful glass ceramic tiles chrome-plated fixtures. The haligen light bulbs bathroom hot shine anything, although sink ones turnable. The doors still make noises. You hear room. This standard price level.For comfortable, sometimes service still top priority.",0.10369658119658119,0.5766239316239317,Aug 3 2009
18,18,"Great stay Cooper Square Very friendly staff (morning staff friendlier night staff), dog friendly hotel! Great traveling pet! They offer room service dog also dog walking services. Very modern however room cozy, comfortable bed like sleeping cloud. The location great neighborhood feel it. Check second floor patio great spot grab drink lounge. Or call Lombardiâs world famous pizza delivered patio chill out. We didnât eat restaurant however busy night gets crowded bar scene. Also great breakfast head two blocks B Bar Grill wonderful brunch. If looking great places eat talk staff recommend really great places. Overall great stay next time come back NYC stay again.",0.4688690476190477,0.5609523809523809,Jul 27 2009
19,19,"Too Cool For School Mixed feelings hotel. Love sleek ultra-modern look it, annoyed details. Examples: confusing entrance--no sign, street number, entry door weird angle street; visible front desk, odd check-in process; halls elevators cave-like dimness; inadequate, hot halogen fixture sink; non-functional light shower; room phone indecipherable controls; turndown service leaves one unripe plum instead usual chocolates; hair dryer, slippers, extra roll TP silly little drawstring bags; 3 robes 3 different fabrics--really, now! My reaction: they're trying hard hip different--too cool school.The good things: friendly, efficient personnel; great roomy shower lovely big head, smooth controls, perfect water pressure; comfortable bed wonderful pillows; clean quiet; convenient location good neighborhood.My advice: stay kind annoying details noted would spoil otherwise nice hotel. They spoiled me.",0.17305555555555555,0.6260606060606061,Jul 23 2009
20,20,"Great front desk staff everything else mixed bag. We stayed The Cooper Square Hotel June 2009 affordable nice price could find around favorite area NYC - Greenwich Village/SoHo/LES area.After flying California got late afternoon. Our cab driver know went bit way. Also, warned also sign outside luckily recognized building far away picture. It certainly incongruous additional lower Manhattan skyline.The Good - The front desk downstairs staff (mostly) incredible. They friendly always went way help. Once husband stopped ask could get DVD player room one passing downstairs personnel heard conversation stopped volunteered. The &quot;mostly&quot; comes night staff front desk always seemed bit brusque harried--perhaps also juggling nightclub scene. The bed indeed dreamy reviews said--a mattress topper TOP pillowtop mattress. Water pressure room great double-paned windows amazing job blocking noise. However, lower room beware busy street construction done next door Cooper Union building trucks quite noisy. If need utter silence bring earplugs.The Bad - However, housekeeping staff seemed nowhere near well-trained &quot;front house&quot; staff. In fact, experiences bit odd. The first night noticed Do Not Disturb sign (which hip red/black leather bag, experiences, seems get stolen often) missing room. We called front desk ask one said she'd send housekeeping up. It happen 45 minutes I called again. She brusquely swore told housekeeping said she'd again. Well, Do Not Disturb finally arrive, hung door without knocking known unless I opened door check. That rather clumsy start stay, way knowing much front desk much housekeeping. The oddities definitely housekeeping though. The 2nd night came back turn-down left two oranges. My husband ate one I interested trying tear rind without knife I eat mine. Every night thereafter left one pieces fruit. We care, since usually stuffed dinner, I gathered first night assumed one person staying something without checking? (Two toothbrushes notwithstanding?) The third night turndown left towel side bed. In hotels usually slippers said towel they're slippers all. Just neat towel if, I know, I supposed use say prayers? Next night one pair slippers appeared, towel. Instead, wardrobe?! Curiouser curiouser. Finally next night towel slippers proper places still one pair even though two us staying room--which I would assumed housekeeping could easily verified even dual toothbrushes tip-off. The last day there, spend hours late afternoon room, whereupon housekeeping knocked three times--once thought she'd left cleaning supplies twice check room cleaned. Don't system check other? Oh yes, matter many times I turned heater would turn (including night I came back found thermostat set 45 degrees F. I kid not.) They finally figured 2nd last day.I've stayed hotels they've meticulously trained &quot;front house&quot; staff &quot;back house&quot; always amazes since colors one's experience sometimes front house. (Someday I'd also like discover another hotel, like one I experienced Canada, kept tabs guests well soon went breakfast whisked fixed room never came back afternoon sightseeing still find cleaned room. Oh well; I count even Peninsula Bangkok...) Also, tip, come back room afternoon cleaned room Studio larger room, able lounge bed. They wipe top duvet cover presumably disinfectant, takes well hour dry.Other Details - Yes, rooms tiny. The square footage alone begin describe reality. We'd booked Cooper 3 got decided way could spend week room. There enough room move around bed wardrobe space even store suitcase. I also sneaking suspicion got one worst Cooper 3 rooms gotten great deal Hotels.com--though way prove course. The website says &quot;most&quot; rooms window seats certain neither tub. The bathroom looked like could barely fit sink, toilet, shower had. It definitely looked nothing like spacious bathroom photo used Cooper 1, 2, 3, 4 site. I imagine cramped Cooper 1 2 would be. We ended accepting offer upgrade Cooper 4 (at $100 night, made quite bit booked Cooper 4 begin with) sheer weariness. A Cooper 4 corner room larger entryway, enough room larger wardrobe small table lounge chair, still small. The Hotel Rivington rooms small well, seem massive comparison.The TV great, iPod station. (Although another kind mp3 player sure bring connection.)There's lot room around bathroom sink spread stuff, bring amenities kit hang. In Cooper 4 three bathrobes--two terry silk. I remember Cooper 3 many choices.The area, I said, absolute favorite. St. Marks Place, numerous restaurants favorite Chinese massage/reflexology place two blocks away. The closest subway 4-5 blocks.Would I stay again? Not sure. If price right, maybe, given choices immediate area unless go back Lower East Side. (The Bowery Hotel, another block down, seems promising prices never seem come even smallest room.) Certainly I know expect I stay again, would make sure booking larger room calling ahead clearly ask room amenities. From reviews, also seems like they've continued refine since they've opened maybe next time experience glitches.I know sounds like negative review really mixed one. Most stay positive. I remember reading magazine interview guy opened talked trying bring new level service The Cooper Square. I suppose I expected service closer Asian result, got eclectic many hipper hotels I've to---the Hotel Rivington, W, Morgans, etc.",0.1349315757102642,0.46732695810564645,Jul 5 2009
21,21,"Location location location We stayed four nights CSH left US three half weeks road. Reasons stay basically location chance get room view building overtops others nearby.Upon arrival, check quick, professional supportive. As booked, got nice corner room 10th floor view towards Cooper Square Empire State Building. Room wasnÂ´t overwhelmingly spacious almost top floor windows creates nice, light-flooded atmosphere stands necessary contrast extremely dark hallways hotel. Very comfortable bed, huge tv set 300 channels+ nice looking bathroom. Not much room store stuff though. What needled bit pretented stylish appliances furniture. At first sight looked quite chic high quality - second look made clear, things a) far something special - top notch IKEA-ish best b) made durability. I.e. one lightbulp bathroom sizzled time due questionable design construction lamp. Certainly sound want hear electricity humidity involved. Issue could solved electrician hotel. Some furniture black surface suffer soon usage look worn next year latest. Solid restaurant site, nice bar terrace strange &quot;embedding&quot; neighborhood. I understand trouble around building Village...Overall: Excellent location discover area, comfortable beds, spacious bathrooms. Try spend extra dollar get corner room floor 12+ within next 12 months nice stay.",0.24262499999999995,0.5656130952380952,Jun 29 2009
22,22,"Absolutely Disgusting!! I stayed @ The Cooper 27 June 2009---The awful, dirty, deeply uninspiring rooms &amp; utterly pretentious staff, I checked night!!! Never I done hotel.....To begin, strong lack staff @ hotel----the whole 5 hr's I hole wall, I maybe saw 2 people actually working---the bellman, Nelson, showed room, I waited forever lobby someone ask last name..there actual check-in desk &amp; random bell people lobby bring room key---no credit card swipe, I.D. request, NOTHING---very odd, extremely unsafe &amp; really unheard of.....I requested tub room &amp; called several times make sure would happen-----of course room tub!!----figures......my first room (floor 10, room 7)..was really hot, pubic hair bathroom, dead bug inside washcloth, tattered sink, dusty floors, poor design, mini bar refrigerator hot, stains near bed---the bed AWFUL-----the mattress terrible----the showers close way, water leaks everywhere----the lighting bathroom insanely bad, one lights working, robes utter joke----they Extra small sizes---so seemed---they like mini robes---terrible!---also one robe missing-----the room really tiny(i know NYC--I live &amp; I'm quite accustomed small spaces, room really bed---it overtakes vast majority room-----the hotels website advertises fresh flowers room---they never placed room----I requested turndown service---never happened----They supposed offer drinks &amp; snack arrival wait----NEVER happened-----The staff really rude----Samantha uppity &amp; really seemed like could cared less problems----her offer send Housekeeping room re-service it-----she inexperienced &amp; obviously interest guests------She told fully committed &amp; move me-----Miraculously, I complained Allison, manager, I moved Cooper 3, I told I upgraded Cooper 5 room----yeah, ok---maybe It upgrade view terrible &amp; I 10th floor----they could done much better........Alena, (I beleive name) attitude, like Samantha---Allison moved me, saw first room, trying make small talk (oh live, special plans tonight,-------------she like &quot;oh goodness&quot; bug wash cloth---&quot;?!?!?!.....she seemed fake, NEVER checked second room)---the second room floor 10, room 1-----the room pathetic, It cleaner------The view even worse (*not I cared)-----This room noisiest A/C----it made ticking sound every 5 minutes sooo loud-----the bed way soft me, pillows........$265 worth trouble........So conclude, rooms NO plugs phones charges, etc......the rooms gross &amp; I arrived 7PM &amp; checked 12:45AM --the a/c loud &amp; soo late(wasn't call engineering, etc)-----it bad---so I checked out!!! I went back home apartment I better thia utter nightmare hotel----Scott, day manager, ending charging 1/2 original rate----he nice, I really feel like I pay, I work industry NYC &amp; know norm----I WILL NEVER STAY AT THE CSH OR RECOMMEND IT TO ANYONE-----HANDS DOWN, THE WORST HOTEL IN THE CITY OF NEW YORK----I disgusted pathetic excuse hotel-----go The Standard Smyth instead--both amazing hotels NYC!!! Honestly, I made up-----do favor &amp; go elsewhere---NY filled amazing hotels, waste time @ joint......Patrick/NYC28 June 2009",-0.050571549211971274,0.5315422312175557,Jun 28 2009
23,23,"After staying Cooper Square I stay anywhere else NYC! I got back five night stay Cooper Square June I town work I loved every minute it! Before moving London last year, I used live East Village (about four blocks Cooper Sq) nine years I always loved neighborhood. Since moving, I come back NYC work three times trip every time I've stayed different always something missing. Thankfully, Cooper Square I think staying anywhere else! Besides fantastic location close tons wonderful restaurants bars quick walk 6 train, bed best bed I've ever slept (better Heavenly Bed!). The pillowtop ridiculously thick, sheets soft pillows perfect - hard soft. Beware though, cozy want get bed!I nice corner room faced south floor ceiling windows ton great light even though I 6th floor pretty cloudy/rainy stay. Not huge room certainly spacious NYC standards. And bathroom really great - huge glass shower great water pressure beautiful separate tub I'm sure would lovely I time use it. I loved TV room - 42 inch (or thereabouts) Sony LCD Time Warner Cable hundreds channels!There gym Cooper Square give guest passes NY Health Raquet Club across street/square I actually prefer get amenities full fledged gym classes everything opposed dinky room half equipment broken. All $240 night can't beat!!! I can't wait go back I'm town work next month hopefully weather nicer able enjoy rooftop patio dining options!",0.30108291099144757,0.5789101819589625,Jun 25 2009
24,24,"cooper square stay stayed one night 5/30/09.the unique staff friendly,very clean.we recommend one,the front desk yet,still worked miss desk staff right helpful.sharon&amp;brian toms river,nj.",0.21214285714285713,0.627142857142857,Jun 17 2009
25,25,"Confusion reigns We lifetime New Yorkers living country past two years. We're 100 miles away go NY day often stay overnight. We usually splurge fairly expensive purpose. But husband's birthday, seemed like opportunity special night. I picked downtown location (we used live Tribeca). We also selected CSH modern architecture attractive, sort like glass prow ship.From minute one, I worried. We find front door! There three different small canopies signs all. They apparently Bentley promotion night cars pulled right doors. It everyone distracted cars setting party. Rental chairs carts wheeled front door! How could management allow kind chaos middle day? I think shows complete disregard guests. There many people milling around tell doorman was. There also check counter. A terrific corporate idea, reality, know go.NY many terrific places stay feel welcome. Clearly, expect try again.",0.155957086391869,0.543261810653115,Jun 4 2009
26,26,"Great design... EXCELLENT service... unique experience... small room... unique experience I stayed three nights pleasure (followed two nights different business) ... I would highly recommend someone would like stylish modern superior service convenient area (but may way someone looking Time Square/Broadway show type experience).Here summary:- Interesting check experience; front desk. It done well unique, far I know.- All staff I encountered helpful... good job training since every single person I encountered quite young.- Breakfast (complementary) nice.... self serve --- usually pass breakfast go eat case I ate granola fruit going decadent breakfast --- I would content full breakfast hotel. (though pastries appeared little old) Btw, coffee (no espresso) great brewed coffee.- Close subway. If like exploring city able get around easily, conveniently located.-Wonderfully designed rooms - modern. The bathrooms treat ---- shy, worry, one outside view bathroom windows even though blinds. -One possible problem rooms fairly small (according layout I one smaller rooms #1710) --- Mine queen size room two us, lot room put stuff. If I alone, however, would plenty space. I see rooms may issue King size room.- Quiet.... I hear outside noise.",0.23928902116402118,0.5755820105820105,May 31 2009
27,27,"European modernsmall rooms minimalist stylegreat service This unique opened Dec 08 still working kinks. Check room size book. If slightest bit clostrophobic make sure get one larger rooms.The smaller rooms room luggage, much closet space room 1 sm night stand.The larger rooms slightly better still small US standards.Make sure someone explains things work (radio,a/c,clock etc) since minimalistic NO directions.The bathrooms storage room prepared.There 2 hooks wall hanging things. The dark (take flash light elevators). Access doors signage exist. Ask staff show especially hunting rest rooms basement marked.The BIG positives staff friendly helpful.The beds sensational shower great. Located within brief walk Greenwich Village, SOHO,Little Italy,China Town lower East Side.The bar poorly stocked. Forget top brands expect menu items. Give time get things working could good choice now, careful.",0.19256944444444446,0.5899074074074074,May 30 2009
28,28,"Two happy stays recently Cooper Square Normally I'm fond modern style, good looking, sparing Zen-ish design, good attention features. Good shower tub, wifi works fine, location great. I'll staying again, regular lower Manhattan trips.",0.4711666666666667,0.5596923076923077,May 20 2009
29,29,"A cooper stay! I originally booked another due open april. The happened te ready host guest upon arrival relocated The Cooper Square Hotel.Stay:Fabulous! Thanks hotel, location, facilities mainly staff!Rooms:Amazing! We room 19th floor corner dual view lower Manhattan! A breathtaking view!Location:Very convenient! In great neighboorhood lots happening, vibrant close several subway station walking distance.Staff:Great people! We encountered problems stay staff always took time listen understand problems. At point room ready 5pm. I sat duty manager discussed happened. My friend writing postcards manager offered us glass champagne waiting room also took care postcards.Later room bed dirty wet, manager came right away changed bed minutes! We offered bottle wine compensation.It's gifts count personal investment. Taking time job talk customer value made satisfied!One thing sure: They know treat guests!A great thank staff! You guys made wanna come back sure!!!",0.18835218253968253,0.49076190476190484,May 18 2009
30,30,"A brilliant stay! We stayed 3 nights easter, picked mainly due location done midtown wanted something bit different. Location great could walk greenwich, soho, little italy etc easily hotel.Hotel modern, room small New York. Bed sooo comfy, big shower, great view, housekeeping good well. Bar quite small staff nice friendly drinks generous. Would definately stay again.",0.3088131313131313,0.599969696969697,Apr 18 2009
31,31,"Great Location Amazing Views! We stayed 5 nights CSH. We visit NYC least every 4 months. We usually stay 70 Park Ave Muse, bigger rooms, however, Cooper excellent choice wife I; Walking distance shops, restaurants, bars. It perfect location us. The room tad small view amazing. The ambiance fresh new amazing attention details. We stayed Cooper 3 one King room, 17th floor view Empire State. The reservation specialist met needs. Make sure, higher floor, get room away elevators. They rent Penthouse floor special events get fairly loud. We didnât problem, taking elevator could clearly hear noise. Their restaurant open yet, open May, I think. The staff arrange food, however, nearby eateries. Their 2nd floor lounge/bar open; nice spot start evening city. The staff get better: extremely professional, friendly, helpful. I pleased stay here. Other room little small taste money, everything else excellent. Oh, ready get room soon get there, happen. Instead, youâll glass wine, champagne, martini, whatever drink want prior to. Very nice ideaâ¦so relax enjoy!",0.28102875695732826,0.5849484642341785,Apr 13 2009
32,32,"I would NOT recommend hotel. Let start saying beautiful stylish hotel. As nearing new property immediately draws eye. A tall, sleek towering many lower buildings nearby. The lobby sitting area first floor well designed comfortable. The rooms small comfortable higher floors offer great views. The restaurant quite finished yet. There still lot construction going areas outside seem effect us much. As I said beautiful hotel, alone makes stay enjoyable. It way treated staff. This struggling tremendously say least.I originally booked online Cooper 3 Room night April 4th. My partner I staying city weekend anniversary. I called weeks prior confirm reservation request higher floor shower/bathtub combo. About week stay I decided upgrade Cooper 5 Corner Room. I called couple days prior check-in confirm upgrade request separate shower bathtub instead shower/bathtub combo. This time I felt woman phone short bit annoyed request, I decided disregard it. We valeted car around 1:00PM April 4th. They took bags told us room quite ready would give us call soon was. I gave cell phone number went walk grab lunch explore neighborhood. After receiving call decided go back 3:30PM check-in 3:00PM. Once got waited minutes showed us room 10th floor. I immediately little disappointed seeing I requested higher floor Cooper 5 Corner Rooms floors 9-20. I felt could done better 10th floor. We showed room first thing I notice shower/bathtub combo unlike separate shower bathtub I requested. We satisfied room. My partner went lobby speak someone changing rooms. He told would see could someone would get back us shortly. About hour went response, went talk someone. Again told would see could someone would get back us. Again one did. Getting nowhere eventually gave got comfortable room. That night requested preloaded iPod docking station room. The iPod work told staff informed us replace it. Upon checkout next day asked stay was. We informed unhappy room experience staff. The woman told us would inform manager see may able us would want return future. Again left number one ever got back us. A couple days checkout charge appeared $22.00. I called inquire charge told usage mini bar. I told taken anything mini bar please remove charge. She told would see could someone would get back shortly. Absolutely not! No one gotten back us anything, would change now. I demanded speak manager taken care right away. I eventually transferred manager told way treated weekend. She seem care this. While I telling experience seemed try speak say charge would gone within hour quick get phone me. It's 24 hours $22.00 charge still there. I never frustrated I The Cooper Square.",0.10274771524771521,0.43303341538635653,Apr 10 2009
33,33,"Great location We stayed Cooper Square March 28 &amp; 29, 2009. Location great - East Village near NYU. Place new very, chic trendy . No front desk -- instead seat lounge give drink host checks makes sure room ready, confusing first, really nice civilized. Rooms pretty spacious NY clean, would nice soft chair sit read. Beds good reading lights thick &quot;pillow top&quot; mattresses -- softer I generally prefer nice. Bathroom lots space toilettries, etc., lighting terrible putting make-up (but attractive, trendy lighting fixture!) Overall, halls elevators kept dim, may trendy makes hard us aging eyes see floor button push elevator! I would traded aestetics light. Biggest gripes lack internet service weekend lack available plugs computer could plugged -- either desk lamp phone unplugged wanted sit desk plug computer. (A second room configured differently, I think may plug close enough reach desk). May seem like small gripe, business traveler, internet plugs small deal. Although leisure trip, I work I go local Starbucks order it! (There two within blocks, one stays open midnight -- I would preferred know this.) Could also brush maid service. Our room made 4 p.m. even though day time two day visit maids take away empty glasses carried welcoming drink.The continental breakfast terrific assortment food including yogurt, cheese meats, fresh juices, good coffee good service, served bar. So taking food buffet perch trendy, low, little stools used teeny cocktail table coffee cup, lap available plate. There also two sofa &quot;pits&quot; coffee tables occupied days (prime locations, went fast!). They working hopefully future include comfortable spot enjoy delicious breakfast.Notwithstanding drawbacks, I would recommend good deal great location trying hard. There multitude &quot;hosts&quot; milling around anxious help friendly (and apologetic lack internet service). Hotel offers valet parking $45 night (no out).",0.2622531565656566,0.6043160774410775,Apr 5 2009
34,34,"The Place To Stay In NYC! I loved hotel! When checked (at noon Friday) greeted us immediately took us Cooper 5, corner king room. We entered room first thing I saw glorious soaking tub I ever seen! The bathroom cozy chic time. The shower held soaking tub tiled floor ceiling beautiful blue glass tile shower bath fixtures easy operate. It bath feel pampered in. They provided Red Flower bath products wonderfully musky aroma fabulous ceramic hair dryer. There large assortment towels~ I hate running towels hotel! Then, stepped around corner I saw sweeping view skyline; could see Brooklyn Bridge way around room Empire State Building! There sheers blackout drapes windows could natural light, complete darkness magnificent wrap around view. Just I thought get better, fabulous helper Klausen informed us window could opened fresh air!!!! The bed, king sized oasis, took room. Apparently recently replaced feather beds receiving complaints others prickly. The bed super comfortable complaint pillows king-sized super fluffy, made bit hard get cozy. The mini bar entertaining explore, everything personal oxygen tank wide assortment top shelf liquors. There snacks drinks choose typical honor bar pricing. Each night arrived back room turned-down bed plate fresh fruit bedside table. Now wonders outside room..... In mornings treated scrumptious continental breakfast second floor. There freshly squeezed juices, coffee, bottled Fiji water, pastries, bagels, fresh fruit, granola, yogurt....it heaven!!! In lobby (the Living Room) fireplace always ablaze, assortment daily papers library books choose. There also honor bar complimentary nuts, almonds, cheese pretzels set tables around room. It absolute bliss pop quick snack fire, warming heading room back explore city. The staff top notch, many calling us name course 4 day visit. Someone always answer questions, help computer print directions information. As in-house restaurant provide room service, facilitate ordering assortment local places. It amazing combination funky boutique-chic feeling completely home. A wonderful experience I definitely return!",0.24745794802295926,0.527593537414966,Mar 29 2009
35,35,"Good yet great. We stayed Cooper square soft opening. Deskless check neat concept worked well us, I see may potential trouble. On shown room 16th floor told upgraded Cooper 3 Cooper 5. The room small perfectly well formed fantastic view. The staff friendly attentive problems service. Specifically housekeeping. On first day returned room approximately 7pm get ready go evening find room serviced. A call housekeeping 5 minutes finished could order second glass wine bar. There slight hiccups housekeeping, none work time.There construction noises mornings, sound hallways make rooms nothing overly excessive. Breakfast great. Pastries good coffee Balthazars served lobby made good start day. The obviously complete means awkward uncomfortable soft open. I think we'll back.",0.1373563218390805,0.5301724137931034,Mar 8 2009
36,36,"Boutique Sheik Personal Touch The hotel, still slightly under-construction one classiest hotels I've ever stayed at. I'm major frequent traveler stayed nicer hotels New York Las Vegas San Francisco. The Cooper Square staff beams moment arrive massive solid wood doors. From Doorman Noel, concierges Alicia, Annies, manager Allison, employee vested interest guests (You tell, I remember name). Gracious common areas host modern yet natural appeal welcome discerning guest mingle comfort, complete cocktails appetizers. The room, slightly bigger typical Manhatten single, boast host ammentities - 40&quot; HD flat screen HD programming, well stocked premium mini bars, iPod dock one comfortable bedding ensembles I've laid head (so much I requested trimmings outfit bedroom). Sweeping corner room views Manhatten skyline make added bonus.Bathroom accents include glass encased shower deep European-styled separate tub. Red Flower NY exclusively crafts line amenities called Wanderlust, I describe crisp, slightly masculine (think sandalwood Burberry Brit) wonderfully refreshing.The wonderful staff makes every effort accommodate, request, even reserving hot new restaurant club moments notice (I dined Bagatelle 2 hours notice). I look forward return trip fall hesitate book upcoming treasure Bowery Street!",0.1735155122655123,0.5233903318903319,Mar 3 2009
37,37,"Beautiful comfortable wonderful staff great views. We delighted whole experience Cooper Square Hotel. The staff incredibly welcoming pleasant, felt home whole weekend. Having &quot;living room&quot; instead lobby charming comfortable. We suite high floor views city took breath away. There's even window high bathroom watch twinkling lighted bridges night. The bed amazing fitted elegant linens. The &quot;soft opening&quot; means restaurant open yet, lounge great place meet friends drink, living room. We can't wait return warm weather.",0.5370175438596492,0.7392982456140351,Mar 3 2009
38,38,"Extremely Friendly Not Quite Running On All Cylinders Yet The pros: beds AMAZING. The comfortable beds I EVER slept on. The employees very, friendly -- possibly friendly used deferential treatment sort person hates waiters try make conversation restaurants. (I mind.) Fantastic ample FREE breakfast -- bagels, nice pastries, yogurt, cereals, coffee, juices, cheeses. Really nice. The restaurant open yet (and long time looks it) room service, essentially delivery local places, good variety prices. The location decent, cab drivers NOT know going -- tell Bowery btween 5th 6th. Nice free wireless -- view room AMAZING.The cons: rooms really small. Fine alone, place I'd stay husband, we'd room stuff. The room essentially bed. I got low price due soft-opening, fact charging $450-$600 night, lunacy totally worth it. Only 2 3 elevators working. The staff is, I said, SUPER friendly, incredibly competent (someone brought package room dropped me, actually opened it). There front desk, supposed friendly, actually weird -- getting messages packages delivered, confusing. I charged ton honor bar items I eat, willing address that. The lighting bathroom TERRIBLE. You able make-up there, period. I mind staying Cooper Square -- neighborhood really fun people extremely friendly -- kinks quite ironed yet. I'd interested stay six months.",0.18851626016260162,0.5859756097560977,Feb 23 2009
39,39,"Still construction yet pretentious Not still construction, construction projects left, right front hotel. Then behind noisy backyard tenement buildings, complete clotheslines hanging dirty mops. Construction workers start yammering banging outside 7 am.",-0.11428571428571428,0.5232142857142857,Feb 16 2009
40,40,"Loved urban treehouse! Fresh swank hotels Southeast Asia flew NYC visit friends family. We stayed knowing expect--we loved it! Felt like still SEA outstanding service. Ushered &quot;library&quot; frigid cold offered hot beverage waited fire taken room. We stayed corner room looking east--attached sunrise pictures bed. Outstanding. The location awesome-- I actually used live street- nice home. Loved book theme. All books sale proceeds go literacy non-profit! Very cool. Loved lotions tub showers. Liked provided ipod deck easy use wireless--we always computers. The beds SUPER comfy sheets. We're big bed people. And staff/service superb. We always felt taken care off. I'm psyched next summer visit, finished-the garden restaurant open I chill outside take in.",0.3040989898989899,0.6393555555555557,Feb 14 2009
41,41,"I wait check out. My absolute least favorite time. And believe time life one star norm.This place awful. What makes confusing &quot;new design&quot; architects designers every opportunity make nice. In case failed. The room designs without consideration guest comfort. A classic example form function. There literally put clothes. The two drawers put clothes depth height silverware. The furniture IKEA functionally wrong. The desk unusable except store luggage...the TV table totally wrong height, bed awful, attempts cover harshness feather bed pillow.....careful pokiest one planet.The bathroom lighting awful shower, although nice looking nothing. Although place room turn around. The black sink nice live maid. With single hook hang towel, amazing decided cute hang three bathrobes bathroom, barely one slim person fits room period. A silly, silly attempt clever.The hallways totally dark depressing. Then staff. LIke hotels NYC, bellman nicest staff. But stay got blackberries inter communication one ever looking up.The check staff, clip boards, take forever. They read clip boards like getting live feeds stock exchange. It seems trained appear cooler rest us.There OK breakfast buffet, marginal times. Pasteries dry coffee hit miss....Then room noise level...i unfortunately located near elevators could hear arrival departure. Be sure locate far, far maid's closet, slams thing hundreds times day starting 8.I gotta say, place torture.",-0.03217291967291966,0.6917548500881834,Feb 10 2009
42,42,"Cooper Square Hotel Place Be! My stay The Cooper Square Hotel truly magical. As I entered massive double doors I felt like nobility welcomed majestic castle. Before I knew it, I found cozy, chic library enjoying drink delicious hor d'ourves real fire crackling away fire place. I didnât think could get better that, did! My room absolutely gorgeous. For first minutes, thing I could stare massive windows looking city. The view breath taking. The design room inspired, capturing quintessential chic elegance. I excited see high quality iPod port, huge, flat screened TV mini bar stocked king. And bathroom! The design shower area fantastic. The walls covered twinkling deep blue tiles tub long enough lie completely submerged. The shower head luxuriously generous water flow line blood orange bath products smelled good I washed hair twice. My favorite feature bathroom dimmer light switch; effective tool instantly create intimate mood. And bed, I mustnât forget bed. The deluxe mattress, combined big fluffy pillows authentic comforter made feel like I sleeping cloud. The thing I think criticize light switch bed side lamps hard find. (It button, hidden base lamp!) The employees kind, helpful never intrusive. The currently working adding restaurant, two bars garden space. I look forward staying The Cooper Square Hotel next time I New York I give highest recommendation.",0.17217429981634527,0.5914164370982552,Jan 28 2009
43,43,"Form Function Although soft-open status, high expectations excited experience brand new boutique. Unfortunately, sorely disappointed felt misled glowing reviews âguestsâ.The stay began high note able check room 9 AM red-eye flight San Francisco. We greeted friendly concierge invited us enjoy breakfast spread escorting us room. The fire library pleasant contrast frigid January temperature outside. The concierge walked us room waited bell hop bring bags. The first impression room quaintness - unexpected New York City. The furniture attempts minimalistic modern appeal. It fails. It one step Ikea. The deskâs screws tight enough desk shook bottle wine placed surface. The highlight room glass-tiled shower.Once began utilize room realize poorly designed room was. The bell hop demonstrated functionality room (or lack thereof) extraordinarily unprofessional. He proceeded explain work light switch (as well easily break light switch), âyeah, bathroom light isnât bright. Everyoneâs complaining thatâ.After long flight, decided relax watch morning news. The height table upon television sat explained designer room taken second think guest would utilize space. To change channel lying bed, one raise remote head point cable box. Moreover, never room possessed cable box. We found bit odd. Also, lack easily accessible plugs room. The impressive shower quite opposite application. The designer/builder underestimated clearance height needed thin bathmat, which, turn, repetitiously got caught glass door. The shower tile grout around drain white; however grout outer area water flowed covered black muck. This disturbing considering open month. The (second) concierge I mentioned asked visit room immediately agreed showerâs cleanliness certainly maintained. The black sink another chic impractical design decision. The matte black surface revealed lack attention housekeeping staff white water marks soap residue.At boutique hotel, especially one guests, one would expect customized service. Even simplest attempts this, Cooper Square Hotel fell short. A letter left door verify payment information name hand written correctly outside envelope, misspelled within typed letter. This lack attention detail epitomizes overall experience. The clincher style room service received - room extraordinarily overpriced. We booked room Quikbook partially saved pain egregious rates. Good luck new hotel. It going hard time making considering quality service price demands. We happy check move W Union Square.P.S. made short breath, canister oxygen mini-bar available $60 along everything else room sale.",0.0793553805029215,0.5055683296666904,Jan 27 2009
44,44,"Don't fooled hype Don't fooled reviews hotel. THIS HOTEL IS NOT FINISHED OR READY FOR GUESTS.We booked Quikbook January 15th 18th &quot;high floor&quot; queen room. Upon arrival met cordial clerk took us 8th floor showed us room looked like glorified dorm room, small, cheap furniture facing old brownstone building. There bathtub, cramped shower/toilet area.When told room exactly presented Hotel representative I spoken telephone, taken second room worse also additional $50 per night.We invited &quot;lounge area&quot; serve complimentary drinks snacks, bar/restaurant still open, await &quot;Scott&quot;, manager. This &quot;lounge&quot; unfinished. There frame mantle fireplace (basically square cut wall) paint wall even completed.&quot;Scott&quot; came explained booked discount room additional amount could stay corner high room. When asked much would commit price instead suggested wait I check room discuss price.I taken 8th floor third time shown little larger corner room overlooking street. When I inquired I shown rooms higher floor I informed clerk rooms 13 finished ready occupancy. When I stated I requested high room tub apologized (for 100th time) stated probably would stay either.I returned &quot;lounge&quot; told &quot;Scott&quot; I going stay condition going regular hotel, W TImes Square.&quot;Scott&quot; professional situation stated understood concerns would charge canceling (?????). I encouraged return later date &quot;the soft opening&quot; over.We grabbed another cab headed W immediately upgraded 45th floor room less second &quot;upgrade&quot; Cooper Square would cost.I commend staff Cooper Square. They without exception friendly attentive.",0.11002688172043013,0.3781803143093465,Jan 20 2009
45,45,"Excellent choice NYC This great trip Manhattan; especially going spending time Village. It's also quick cab ride Midtown theater's.It's typical - there's front desk. Instead greeted employee invite drink grab room key. I checked particularly cold snowy night roaring fire near bar; perfect.The room clean modern. The lights took second figure I great place stay. I love good shower excellent water pressure steam shower built bathroom. There plenty towels bathroom, smell tad bit like they'd industrial laundry facility.The bed comfortable comforter mattress. I could tell real feather two poked me; however, bothersome excessive. The views city nice made room feel much bigger was. They've done great job turning small space cozy space.There nice iPod / iPhone dock bed charge phone (or iPod) play tunes well.The one minor complaint I room lack readily available electrical outlets. In day age, people going want plug laptop cell phone. My guess works opening kinks, they'll solve issue. (There plenty outlets, took time find get plug them). Despite fewer minor nit-picking items, great bet; especially NYC. I'd recommend anyone.",0.2518637992831541,0.6467383512544802,Jan 18 2009
46,46,"Best New Hotel NY I travel lot work I stay hotels many times month. Having experienced hotels New York past ten years, I found The Cooper Square breath fresh air. Boutique hotels seem follow pattern design offerings. They're predictably comfortable tend blend each. Not much character.Even unfinished, attention detail architecture interiors inspiring start. The entrance grand scale &quot;lobby&quot; (there really on, library :) really hammers home. A fun arrival experience, especially front desk money exchanging hands. They serve drink instead escort room. Ask staff (incredibly helpful nice talk to) finished next couple months coming back sure.Can't wait visit new year. This next big winner book NYC.",0.26236363636363635,0.5085454545454545,Dec 28 2008
47,47,"Awesome boutique hotel! We stayed Cooper Square 12/12-12/14 - &quot;officially&quot; opened 12/11 - so, first guests - definitely first guests room. Overall, very, impressed. The ultra-cool - modern upscale, yet comfortable cozy (especially library area fireplace). With controversy surrounding hotel's late opening, sure expect - but, &quot;soft opening&quot; rates low, willing take chance. We glad did. The staff still training - so, they're eager help guests - and, went way sure everything wanted. Some guests may find staff bit intrusive - least understand available without &quot;in face.&quot; Our room beautiful. We corner room, facing Northwest - great view Cooper Square - especially night. The decor understated elegant. And, bed one best ever - better Ritz Four Seasons bed - lots pillows outstanding mattress. The bathroom best - awesome products - especially shampoo (smelled like red oranges) unique cool design - modern, claw-foot bathtub &quot;floated&quot; middle huge shower area - nice touch. Some guests think muted, dimmed bathroom lighting annoying - but, romantic cool. Our floor 5 rooms - quiet intimate - almost like living exclusive apartment building. I almost forgot - iPod docking station looks like tiny speaker unit power - but, case - docked iPods got amazingly rich sound throughout room - nice touch (along books included room - and, old magazines). Finally, I mention - love neighborhood - Cooper Square area authentic New York - guests like feel area - far south Times Square Mid-Town trendy shops located. But, like us - either like exploring authentic urban areas know City well - Cooper Square Hotel ideal location. Lastly, I'll mention served cocktails, wine champagne guests weekend provided nice brunch (complimentary) - may &quot;soft opening&quot; celebration - but, nice touch (along free passes New York City Athletic Club across street hotel). In sum, I would highly recommend couples like contemporary, boutique hotels. In time, restaurant opens, suites top floors available staff settles in, awesome - present, close top notch boutique - but, months &quot;full swing,&quot; even better.",0.3255196329492104,0.6221859439465072,Dec 16 2008
48,48,branchÃ© bien placÃ© belle vue mais petites chambres,0.0,0.0,Nov 12 2009
49,49,glamour e accogliente,0.0,0.0,Oct 28 2009
50,50,assez bien placÃ©. pres du bowery mais pas trops cher et faussement mode!,0.0,0.0,Aug 5 2009
