,Unnamed: 0,Reviews,polarity,subject,Dates_extracted
0,0,"Great Hotel know things First sure GUARANTEED side away bridge. If face bridge noisy maybe upset. Second know Chinatown. I love Chinatown needed stay lower manhattan bit way people. It clean, new customer service great. It however minimalist. You get everything need thing more. There wireless - hard wired DSL room cable next phone TINY night stand short cable. We two queen beds room quite large. The desk also tiny. The free coffee lobby instant coffee hot water.Cabs fairly easy get China",0.2349537583628493,0.5139548078184442,Nov 19 2009
1,1,"Surprisingly nice! In middle bustling Chinatown Hotel 91. Immediately surprised cleanliness comfortable beds! The property &quot;fresh&quot; feel. Our room 2 double beds (they reminded us Westin's &quot;Heavenly Beds&quot;. A/C quiet efficient, plenty hot water, free high speed ethernet, flat screen tv. Overall room size bit small, window view 6th floor traffic/train Manhattan Bridge (almost touching distance!). A bit noisy, double-paned windows helped interrupt sleep. No fridge, We saw Chinese food nearby (Starbucks 1/2 mile away). &quot;Complimentary coffee tea&quot; 2nd floor hot pot instant Folgers tea bags.Walking distance Brooklyn Bridge, Ground Zero.Good value money. Nice helpful staff.Parking $32/day Henry St (near backdoor entrance hotel).",0.17428571428571432,0.503095238095238,Nov 14 2009
2,2,"Solid value money This fancy anything location great room good. You get room vending machines - restaurant/bar room service - that's really need. No bedbugs room cleaned every day. I got offer room (104 $/night) price definitely right.The smack Chinatown worked since I spent time LES Chinese surroundings good experience - like China actually. :-)I got room right next train track Manhattan Bridge disturbed noise even though trains keeps night. There's double window frame noise blocked out.You find better hotels (but probably also expensive) definitely also worse, Hotel 91 worth recommendation.",0.18826777087646648,0.4206349206349206,Nov 7 2009
3,3,"Clean Friendly Me &amp; best friend took 4 day trip NYC. - Saw place line, booked it. - Got happily surprised find clean nice inside. Everything seems new. The Staff SUPER friendly, Didio favorite. ~ The rooms perfect 2 people, beds ROCK, although train nearby bothersome (from Texas, sounded like thunder us). ~ The downside is, gonna hang downtown, travel bit Hotel pretty far Midtown. BUT, Car Service IS cheaper Taxi get anywhere want go. (Example, Laguardia 35 bucks, taxi cost us 45 way in). ~ They told us great places go &amp; see get Subway. The Staff really knew stuff. I would stay sure! ~ Everyone saw (other visitors) nice seemed pleased well, people world there. - I HIGHLY recommend place. (me &amp; friend females, mid 30's). You regret staying here, I promise.",0.3853491436100132,0.7163087395696092,Sep 14 2009
4,4,"Please Stay regret it!!! The reason stayed rate. We great time. The room clean. The customer service pure de awesome. The thing like 4 us room small. The noise bother us one bit. Plenty transportation service around area. No complaints ever stay go back NEW YORK again. Thank You Hotel 91 help. I wanted take bed home me, comfortable.",0.3377895021645021,0.6168181818181818,Sep 11 2009
5,5,"Great stay convenient location Hotel 91 great. Not expensive -throught hotels.com- conviniently located heart Manhattan. Chinatown great place stay, charming despite fish smell streets. The room clean I almost hear noise bridge thanks double-double windows !",0.5470833333333334,0.64375,Sep 6 2009
6,6,Great Place stayed 8 nights - beds great - bathrooms clean... faced train could hardly hear thing... provide great lounge free tea coffee 24/7... It right heart Chinatown fish market street adds local flavour. Canal Street short walk away. A brillant restaurant called Bacaro Division street 2 minute walk away... well worth visit !!!,0.37466517857142856,0.5227380952380952,Aug 28 2009
7,7,"Great value comfy beds breakfast! I've done fair bit travelling I'd term budget (compared hotels New York) well looked rooms clean comfortable.The downside I could pick anything location. There subways rest Manhattan Chinatown wanting go evening drink near really anywhere.If walking towards City Hall (out main door, turn left) however catch glimpse &quot;Subway&quot; like sandwiches - I think I've 5 staff good.Great for....- Sleeping (I want take bed home me, mattress great)- Relaxing short periods (they vending machine 4th floor drinks/snacks)- Internet (ONLY bring laptop)...there's blue ethernet cables rooms free use, however communal PC 4th floor pay use (weird, really).Bad for...- If late night &quot;Do Not Disturb&quot; hangers. So prepared make somehow aggressive banging door &quot;Housekeeping....housekeeping&quot; 5 minutes straight. Worst can't predict they're coming seems vary. The thing stopped getting locking door.Looking reviews, room faces train bridge sound bit like distant thunder go unless light sleeper going affect you.",0.16109988776655443,0.6151066217732883,Jul 15 2009
8,8,"Great one thing I read reviews Hotel I went. People complained train noise. My window faced train. We heard bother us one bit. A long day city make want come back knock out. This best , comfortable bed I've ever slept on. I slept like log. I usually back pains morning I none I woke bed. AWESOME. The downside I orange stain sheets. I brought blanket I make big deal it. Also, disturb signs I made generic sign put door. Also, one elevator slow. So talking bad people work front desk, quiet stops 2nd floor looking right front desk. Now last thing is, 2 guy workers working day I checked it. RUDE.... The asian guy long hair thinks he's big shot looks like wannabee action hero....BIG ZERO. He even acknowledge us. I think busy watching stuff computer. white guy Okie barely looked us. They even greet us got front desk. HOW RUDE!!!!!!!!!!!!!!!!!!!!!!!!! We saw afternoon. They unprofessional working customer service job. Other that, Hotel 91 good. AHAHHAHA... I would stay hopefully workers gone.",0.09283482142857144,0.39366815476190475,Jul 1 2009
9,9,"worst service ever We terrible experience hotel. It look like pics website! And yes, extremely loud proximity bridge traffic. While appear clean, I got RASH lying bed 10 minutes. When went desk, asked might recommend another area, night shift clerk said say would &quot;helping competition.&quot; He ipod, claiming &quot;nothing could do.&quot; We told wanted find another would PAY THREE DOLLARS TO USE THE COMPUTER IN THE HALL!! I stayed many hotels life never encountered anyone rude inhumane. When representative hotels.com called 91 behalf (it 1am I hives internet), reported clerk rude HIM told nasty things ME! Please stay there.",-0.3696759259259259,0.7888888888888889,Jun 24 2009
10,10,"nice location near LES shops restaurants We got great deal room. So based alone I would probably stay spring fall. The near subway stop. The closest one F train 5 10 minute walk hotel. When I stayed warm, walking subway stop big deal, I imagine 15 degrees out, I'd singing different tune.The underneath bridge. So get pretty loud noise. I shut bathroom door, helped muffle noise, luckily boyfriend I fairly deep sleepers. Overall clean hotel, bathroom seemed little dated. There lot bells whistles place. It's middle Chinatown, like smell fish stay here. As Chinese markets fish dried fish galore. I mind smell reminds big Asian metropolitan city.Is best stay NYC? Probably not. Is worst? No.",0.13630952380952382,0.4801587301587301,Jun 11 2009
11,11,"NOISE We stayed three nights. The room small. There free internet, safe. The room basically equipped. The bathroom good, ask additional towels. Worst all: EXTREMELY loud. No chance get sleep without earplugs. Some members staff friendly others definitely aren't.",-0.044444444444444446,0.6133333333333334,Jun 3 2009
12,12,"The Coney Island Express Runs 1 Meter Behind Hotel--- You Can Imagine What That's Like ***From perspective 26 year old woman Toronto often visits NYC primarily spends time Lower East Side, DUMBO, checking art galleries, shopping dining out. ---The Hotel---The Good:- It's modern clean. Similar budget hotels, although lacks amenities I consider basic: wi-fi rooms, fridge, vending machines etc.,- The visitors mainly Asian tourists young travelers, hardly see hear.The Bad:- Zero security: three entrances unmanned, concierge separate floor entrances, anyone walk-in entrances take elevator floor hotel. There also security camera's.- It 1 meter away busy bridge Coney Island express runs major road runs underneath. It extremely loud shakes.- There zero customer service, I personally demanding often need much, ridiculous. The staff willing help anything, and/or answer questions asked surprised asked basic questions, &quot;where I buy water?&quot;. ---The Area----The Good:- As far lower east side hotels one fairly cheap decent. It close Brooklyn LES, short walk subway.The Bad:- This place dead...DEAD(for emphasis) 9 p.m. so. Everything boarded grab bite buy snacks. Only homeless roam area certain hour, although harmless, alone unpleasant. - It China Town, bit dirty food stores. ---The Rooms---The Good:- They typical price range, frills, modest decor. This one relatively new things kept clean.-Bathroom en-suite, sharing.The Bad:- They small, train running past loud, windows open.- We really want go back much, sometimes long day need re-charge bit heading again. ---The Price---- Overall cheap would worthwhile staying here. I would recommend moving uptown midtown cheaper hotels there, despite less desirable location LES.- They charge storing bag checkout; I never encountered this. They dingy internet access station charge quite lot internet access.",0.02571979906885568,0.4969523401127174,May 21 2009
13,13,"Clean comfortable frills NY budget hotel. I read many reviews site hotel. I feel much many, looking five star experience look near times square five star price tag. This frills gives clean room sleep close stop subway. And note subway, stayed track side track noise every 5-7 minutes so, neither one thought really loud. If light sleeper might somewhat annoying. The room always clean, fresh towels folded linens. The rooms could little better lit. There one floor lamp corner lamp two beds.The staff friendly helpful. We asked authentic Chinese restaurant recommended one within walking distance. They also held bags checked could continue explore city last day.Outside truly Chinatown. There vendors right street selling wares. As reviews, fish market near end block smell seafood brief walk by. Overall, big deal.A couple negatives. It true many &quot;american&quot; places eat nearby. But never area much factor. Also, anyone enter front door. A doorman key card would alleviate concerns. But never felt unsafe staying here.Overall, wonderful experience staying I would recommend friend. If want explore city budget stay solid, quality hotel, place you.",0.1969155844155844,0.49199134199134203,Apr 30 2009
14,14,"Better Late Than Never (I waiting Pic) :-( My two grown daughters I booked Hotel 91 reading reviews knowing almost new property - The price also determining factor. We hesitatant Chinatown, never NY, wanted full experience. We pleased found!!! The staff made trip best, suggesting eat making sure knew going. Our subway experiences learning curve, pros couple days. The subway @ Manhattan Bridge loud, people Chinatown nice!!! The &quot;F&quot; subway line took get anywhere block half away, can't walk that, need go NY, definitely walking city!!! The Hotel rooms small small beds comfortable, also clean!!! We stayed week want leave!!! The shopping Canal St blocks away great bargains, hit 5th Ave compare!!! :-) Many thanks John, Didio, Howard, Hughes, William Hotel 91 marvelous trip!!! :-)",0.36771349862258956,0.6686409550045913,Apr 29 2009
15,15,"NOISY IS AN UNDERSTATEMENT Although rooms clean quite well placed, noise trains rattling past every 5 minutes ridiculous spoiled otherwise nice hotel. Also, ok food outlets close late night eating.VERY VERY NOISY",0.004761904761904768,0.6214285714285713,Apr 23 2009
16,16,"Nothing special Stayed 1 night double full room. I liked reviews pictures site. But bit disappointed unfriendly staff, room, narrow windows facing bridge noise. Pillow cases creased, everything worn. I stay again.",0.059523809523809486,0.511904761904762,Apr 11 2009
17,17,"Excellent value money clean decent My partner I stayed Hotel 91 1 week March. The spotless service excellent. We got clean towels everyday room always warm clean. The bathroom nice modern room, albeit sparse. We flat screen tv wardrobe, well tiny desk could balance laptop on. The thing I would say room bed definitely small (especially short) us! We booked Single Full Room, supposed sleep 2, partner's feet hanging edge bed! (We 185 175cm height). Our room 7th floor faced right Manhattan bridge. Sure could hear trains pass by, never woke sound. The location good evening strolls around Soho Lower East Side easily walk back hotel. For daytime, sights etc need catch Subway... never close everything want see wherever stay, really make difference. In short I would say perfect want spend holidays around NY city NOT room! We used night's sleep morning explore fantastic city. It's affordable, decent, warm clean get good night's sleep - REALLY needed every night!",0.32117997198879555,0.601781045751634,Mar 23 2009
18,18,"amazing modern Me GF stayed 91 chinatown east broadway,and treat was! reasonably priced staff friendly,interesting helpful! situated close tribeca cosmopolitan SoHo,its quite busy area though neve &quot;noisy&quot; although manhattan bridge close window installed 2 window system like double glazing wider apart u hardly hear anything! bed comfiest ive ever slept on! bathroom clean ice machine! though ice buckets! duane reade shopping bag u need fill brim keep pop/beers cold,when go back new york choice!",0.17842438811188813,0.3989393939393938,Mar 21 2009
19,19,"perfect little Chinatown Hotel 91 perfect place arent bothered downtown good walkin distance way main New York attractions (i.e. Empire State Times Square). This first time New York I couldnt fault all. On first day walked way far Rockefeller Plaza (the border uptown). Cabs reasonable wherever go. We never attempted subway. The Hotel want, like going home home really, staff friendly happy help, room comfortable size. When I wanted use computer upstairs, wasnt working let use one behind main desk. Although one man front door throughout day, alway one man night. It safe area didnt worry anyone walking hotel.The bed unbelieveably comfortable room cleaned everyday unless didnt want wanted lie in. Our room 3rd floor facing bridge didnt bother us all, something used to, trains sounded like really strong wind rumble thunder. They also run less throughout night. The location right Chinatown, almost feel different world, short walk away everything need. Bars restaurants within walkin distance head towards Soho Little Italy.I would definately go back again, knowing places I wouldnt worry getting lost, although pretty easy place navigate get barings.",0.23472582972582975,0.5537157287157287,Mar 18 2009
20,20,"An absolutely wonderful hotel! Last week I stayed Hotel 91 5 nights best friends. We us girls going vacation New York. The staff friendly helpfull. The rooms nice clean every day, came back late afternoon. We requested two queen beds - thats got! :) The beds comfortable. I read noise form Manhattan Bridge loud stuff - room, window faced bridge barely heard subway. It sounded bit like thunder that's still quite far away - know - like slight rumbling. Plus night less trains driving, absolutely nothing complain (unless choose spend lot time room....).There's restaurants hotel, instead there's 3 bakeries next door. During night nice chinese man sitting inside entrance, make sure, dodgy people entered hotel. The thing, slightly irritating smell fish every day went streets - that's got nothing hotel..And Canal St. East Broadway subway stations near. In total definately I'd stay next time I'm visiting NY.",0.20623834498834492,0.5678243978243978,Feb 19 2009
21,21,"Valentine's/President's Day In Chinatown It's hotel, hotel, laid back. No doorman, bellhop, ok us, little work get settled in. Room big, Queen Deluxe, (2 beds). The heat took little patience part, bein NYC want everything quick, take time, takes minutes kick in, red light illuminate, rutters move, slowly, sweatin kicked over. Nice flat screen TV, view window E. B-Way, nothin big, trains manhattan bridge, noise faze us. Spotless nice size bathroom, said done, 275. Balloons NYC Presidents Day/Valentines Day weekend, can't beat it. Cabs hard find, drinks too, bars sight, walking either, oh well. We found nice dim sum house called Golden Unicorn downt street, 18 E.B-Way believe, 2nd floor, get early ya don;t wanna wait, open 10AM, 9AM weekends, wild aggressive loud atmosphere/ambience, however, good food. We would def go back Hotel 91, clean, great price, ya need?",0.1954027777777778,0.47622222222222227,Feb 18 2009
22,22,"Good Basic Accomodation I stayed 3 nights Hotel 91. I chose two reasons; close son lives price. I found clean basic. The room small view, hey, I sleep. The beds comfortable. The bathroom clean. The staff front desk always helpful polite. The trains bother - could hardly hear them. Yes, China Town attendant sights smells, part charm. Yes, lobby second floor - follow signs. Yes, one elevator, I never wait. The East Broadway subway stop two blocks away. No bells whistles, honest clean room. Where else New York get two queen sized beds $118 night? I would definitely stay again.",0.1821685606060606,0.5302320075757576,Feb 3 2009
23,23,"Beautiful Hotel I come back from, staying New yorks, famous china town.I stayed Hotel 91, It's lovely price star rating, It's best china town, The smack bang middle china town, bussy area, mainly chinese people, little english, like another world, find, many great things china town, people made china town big, need know going get lost, esspecially night.The food great, people friendly.Now hotel, clean, Very spacious, private, reception easy find, service excellent, They always hot fresh water Tea coffee, They lovely warm lounge, relaxing, receptionist's, make feel welcome.Apparently two sides stay 91, But I got side bridge is, honest view bathroom nice, view bedrooms 6th floor, 603 upwards, spoil, fact rooms 100% cosey lucious.If buget, shame saying so, 91 average 3star hotel, I would go again, I decided back.",0.3610191761363636,0.5286055871212121,Feb 2 2009
24,24,"Great price! I would definitely stay again. At first, I concerned bridge close (my window faced it), bother all. I NYC w/my little brother - never - I think little bummed location. So, I would suggest going business, before, prefer LES, safe bet. However, looking something touristy, I'd look somewhere else. The nice new. The room really small, spends lot time room anyway. There ethernet cable internet access. The beds comfortable, linens clean.",0.2606691919191919,0.5781565656565656,Jan 24 2009
25,25,"Good base explore We stayed Hotel 91 7 nights end November/start December. I knew central location tourists, really wanted stay 7 nights budget would stretch staying midtown area. Some taxi drivers asking us staying here, know area.If looking clean place sleep shower ideal. It's fancy, clean, beds comfortable, bathrooms spacious plenty hot water. The staff friendly helpful subway station literally 2 blocks away (E Broadway). From take F train stops several major mid-town locations used sight-seeing.If happy accept fact yes, going make effor ride subway get around sleeping, changing showering, ideal, budget-friendly base explore city from. Nearby useful places:- E Broadway Subway Station- Grand St Gourmet Deli- The Rainbow Cafe- Starbucks Delancey",0.2705701754385965,0.6776315789473685,Dec 16 2008
26,26,"A Good Value Hotel Overall stay Hotel 91 fine. The clean new, bed probably comfortable I ever slept away home. The staff friendly, check-out easy. My husband arrived said problem key card first went room (three trips reception second floor correctly programmed), aside problems check-in either.I asked room away side trains on, request granted. What expected room window! There skylight, due vandalism covered over, room dark unless lights on. This major problem me, wanted sleep shower hotel, still quite surprise. We could still hear trains, I can't imagine loud must 'train side' hotel!My real problem shower. We 7th floor, water pressure low trickle water really. It took 5 minutes heat up, quite patient.I would still recommend good value money, nothing majorly wrong it, looking luxury, light sleeper, I would definitely look elsewhere.",0.15499906472128697,0.5364852225963338,Nov 26 2008
27,27,"Some good bad A slightly mixed experience.On one hand, room clean, beds comfortable, bathroom well sized, also clean. In experience certainly guaranteed hotels!However, location adjacent Manhattan Bridge, excessively noisy times. The room narrow barely room walk around end beds. There smaller niggles - internet, though free, wired, wire short use laptops bedside table - provide secure wifi? The desk small - certainly large enough work from. There food offering, complimentary tea coffee low quality.Overall, fine place crash, though spend lots time in.",0.0855357142857143,0.5368333333333333,Nov 18 2008
28,28,"Good Value Depending Room Location A good value IF get room side adjacent elevated train tracks; trains rumble every five minutes midnight longer. Clean, pleasant staff, edge Chinatown near Little Italy far SoHo.",0.3375,0.6809523809523811,Nov 12 2008
29,29,"Good value money neighborhood Booked offered good price NY hotel, room clean, bed - best we've ever slept on, air conditioning , cable TV, LAN internet connection (which I could configure laptop) basic - small wardroad, safe, minibar even luggage stand. The staff terrific, helpful &amp; even let use computer check gmail. Also reccomended great Chinese restaurant.There freight elevator take bags reception second floor otherwise longish walk along still empty ground floor &amp; steps.Though trains pass Brooklyn Bridge time, noise issue double glazing efficient.The Chinatown &amp; chinese touristy part Chinatown, almost shops &amp; signs Chinese catering locals many speak English bother answer, night everything closed black nylon bags garbage dotting pavement. The neighborhood safe pleasant. Subway 6-8 minutes F line runs along 6th Av.",0.1351111111111111,0.35855555555555546,Oct 22 2008
30,30,"Nice Hotel My friend &amp; I stayed Hotel 91 Chinatown 1 night ~ Saturday, 9/27/08. I read reviews religiously make sure I chose wisely &amp; prepared everything. We chose b/c literally 1 block bus drops off/picks up. So, purposes location better. We arrived NYC unexpected 6am! The bus driver lead foot. Happily, room available &amp; went right up. It eery entire first floor vacant, nothing empty tiny shops glass windows. It pain @$$ check-in/out second floor - added 1 thing coming creating unecessary ripple would ordinarily smooth arrival. The staff incredibly friendly (&amp; gorgeous) throughout entire stay, including phone calls confirm reservation, well another reservation I made October I switch around, ultimately cancel. Our room nice - walls bare - something I'm used seeing, I guess I prefer nothing opposed tacky, cheap art walls. The Manhattan Bridge right outside window &amp; naturally heard trains, enough bother. The bathroom beautiful, unpacking travel case I saw dried-on brown gunk near faucet, I able remove w/ fingernail. Now shower...while friend taking shower I heard loud Clang!!, followed laughing - thank god. She burst towel &amp; asked me, &quot;Did hear that?!&quot; The handle controlled water flow/temperature fallen &amp; tub. This made adjusting water temperature nightmare. We could shove handle back &amp; adjust temperature slowly, took forever. The A/C worked great, D@*%^D remote gadget ridiculous. It looked like something could use fly spaceship with. Why need complicated? It sucked provided 1 tall cabinet store clothing. This closet 3 hangers &amp; small shelf bottom. My friend ended keeping everything suitcase - enough room accomodate clothing/shoes 2 people!!! The beds like dream - probably 2nd best bed I ever slept in. The linens pristine &amp; beds came w/ 4 pillows!! That fantastic bonus. I'm used 2 crappy pillows - I lay wishing I 2 more....this made wish come true!! Very clean &amp; superbly comfortable. Overall stay nice. However, I returned home I realized I left camera's battery charger plugged outlet room - I even picture prove - take look &amp; see! I made numerous phone calls regarding &amp; nice &amp; promised leave note &amp; call let know either way, etc. etc. It resulted nothing - even phone call promised let know whether found it. I've since replaced it, lack effeciency &amp; customer service troubling. Overall enjoyed stay &amp; would go back - price decent got ~ $199. And, anyone stays room 403 &amp; sees battery charger outlet television - tell front desk asap!! :)",0.2558328201970443,0.5887123700054733,Oct 18 2008
31,31,"An ok frills stay. This second stayed ten day long visit New York.We picked three primary reasons. 1. It located Manhattan 2. For location, price paid bargain, many Manhattan hotels charging roughly 50% paying3.The less month old, wanted clean room.Overall, I would say stay ok.Location wise, got lost times trying find Chinatown chaotic easy lose way. Getting Midtown Manhattan (where spent lot time) proved difficult stayed Long Island City no.7 train took us Times Sq less 15 mins.So book, find spending time.This good Chinatown, Statue Liberty, Battery park, Wall Street course SoHo.The clean towels.But rooms small, basic ameneties.One criticism doors big gaps, windows poor insulation means noisy beside Subway track.All all, paid, I feel get value money, Iit appears prices risen $300+ per night, seems tad high basic room, even in-room mini bar ,a safe even luggage stand.On upside, free internet access, free coffee/tea making facility lobby area staff friendly helpful.I would stay again, cheapest Manhattan available time.",0.16397829647829654,0.45469492219492214,Sep 28 2008
32,32,"I love Hotel 91 Chinatown Great place right heart Chinatown. Rooms clean, spacious NYC. The a/c remote little confusing, figured fine. There coffeemakers room, area second floor free coffee (instant) tea. The water dispenser little funky operate, again, figure fine. The staff TOTALLY friendly SO helpful. Look forward staying again. This minimalist kind place want lots frills, go somewhere else. I REALLY enjoyed stay Hotel 91 :))",0.25476190476190474,0.5584656084656084,Sep 23 2008
33,33,"Welcome Chinatown! Hotel 91 great bargain heart Manhattan's Chinatown. I stayed 2 weekday nights friends. I found purely chance. I frequently take chinatown express bus Washington, DC Manhattan's chinatown walked way bus stop subway. My friends I got room $219.00 per night, I thought great deal considering last 2 weeks August height summer tourist season. I actually work Flushing, I asked concierge get there. He told I could take chinese shuttle Flushing $2.50, departs Confucius Plaza bus full. Shweet!We room side hear trains night. The room small, 2 queen beds, really need clean bed shower satisfied that. The beds bathrooms comparable upscale 3 star hotel. I loved modern decor combined Asian accents.Service excellent, people front desk helpful. While ironing boards irons room, I asked borrow them, gal brought room within hour.In morning walk bakeries get pastry coffee less $2.00. I also got Bubble tea afternoons.One morning, I walked blocks hopped F train corner took Koreatown 32nd Broadway, quick ride costs $2.00 one way.The still new ground floor glass retail shops still vacant. It's sort odd walk empty rooms way elevator. I wonder security. I see black half dome security cameras ceilings need room key go access elevator all. So means anyone walking street get elevator walk halls floor. I never problem stay regarding security, I wonder it.We also walked around, much see do, Buddhist temples, shops restaurants, Little Italy, men playing chinese checkers Columbus Park, people Tai Chi outdoors mornings, etc. I loved it. Overall, I pleased location.",0.20489950525664816,0.46036796536796537,Sep 4 2008
34,34,"Great place stay What great find! I needed place stay Lower East Side class I taking. After reading various reviews, I decided take chance Hotel 91. My roommate I wonderful experience. The clean, sparkling bathrooms, crisp white comforters plush beds. Having stayed hotels NYC, including The Plaza, I hesitant, I been. The staff friendly helpful noise nothing like reviews said. Yes, near Manhattan Bridge, windows double pane air layer between. Any sounds heard much quieter air-conditioners. And air-conditioner room extremely quiet worked well. We requested room overlooked street also one large since going five nights. We got handicapped accessible room quite ample two us - 2 queen size beds. The outer hallway huge; even another bathroom directly across room. The decor spartan; nothing walls, armoire closet, ironing board iron, flat HDTV worked us. It amenities like restaurant swimming pool needs, fine. We even got discount stayed 4 nights. The flavor Chinatown really added plus. We could walk Little Italy experience sights sounds area. I would definitely recommend stay again.",0.2827132936507937,0.44910714285714287,Aug 24 2008
35,35,"Weird decor good value helpful staff The weird part town, particularly central part city great cultural experience one New York's oldest neighborhoods nonetheless.The decor bit drab, first walk see bunch glass stalls, upon investigation supposed stores. (How supposed store 5 foot 10 foot space I idea) The 2nd floor front desk is, fine, staff pretty efficient warm personable, unlike lot Manhattan hotels. They helpful throughout entire stay. The lounge area second floor terribly decorated. It looks like someone took grandmother's junk last 40 years threw one room. There flatscreen tv, surrounded 3 junky old leather couches (the supposedly new, would much spend $2000 put 3 new couches in? After all, first thing people see walk in.). Then big white porcelain elephant looks like urn sitting floor next couch. Doesn't go couches, TV rickety old chinese furniture room. The carpet lobby areas throughout horrid looking, makes dizzy walking it, looks kind like carpet &quot;The Shining&quot;.The rooms everything really need stay: TV, internet, comfortable bed, private bathroom. The decor pretty shabby, cheap vinyl chairs furniture looks like made boy scout camp. Cheap plastic covered wood. The bathroom marble counter match tiles floor wall. Looks like someone went lot hardware clearance sales.For price, actually good value I'm overly picky decorator's terribly bad taste. But whichever interior decorator definitely reconsider career.The real gripes I are:A. Cleanliness - A lot reviewers said clean. I would agree, first glance. But closer look would reveal lot corner cutting. The middle room gets vacuumed dirt edges. The windows never get cleaned outright filthy. Stains smudges walls. Garbage hallways, stairwells elevators. It's obvious housekeepers understaffed overworked, understandable can't get everything. But excuse fact things clean.B. Someone else mentioned nosy owner stay, I would agree. During check in, similar old lady came elevator, walked around line (3-4 people waiting check point) side counter started demanding things kid working counter (who obviously already speaking customer). &quot;Print this, here, I need that.&quot; loud obnoxious manner. Very unprofessional environment obviously could waited guests finished. After gotten list demands, kid said &quot;Sorry inconvenience, owner&quot;.The next day, owner happened elevator I got tried make small talk. It turned grilling I trip New York endless list things I SHOULD according her. If I needed advice I would asked.Obviously owner's first experience whatsoever hospitality. She would well advised take employees bit, actually made otherwise average stay pretty pleasant. For price, good place stay. Just avoid owner pretend colorblind look decor.",0.09170033670033674,0.48454785954785945,Aug 12 2008
36,36,"Very Clean Hotel Never New York kinda last minute thing. Hotels expensive, found one line. In comparsion price reviews choose one. I satisfied. Although little strange check 2nd floor, clean comfortable beds. Yes, train right outside room, noisey bother us all. Since right China Town prepared walk blocks want Chinese Food. Yes, streets vendors selling fish, fruit things kind smelly pass vendor. There bakeries close Chinese Restaurants place.The staff desk nice helpful could be. They vending machines, ice machine. We rode subway get around, first little confusing staff gave us map help.Yes, real close tourist area's, take bus subways.So require lot walking. Little Italy couple blocks away nice, especially like Italian food.",0.10959376932591221,0.4930705009276438,Jul 31 2008
37,37,"Average stay great staff problems When first arrived Hotel 91, first floor full empty store fronts made think person built plan well. During check-in, everything went pretty well, staff friendly helpful old chinese woman rudely walked right front I checking in. She asked front desk clerkif needed change, I figured either manager owner. After left, I able finally finish check in, I asked front desk clerk woman confirmed owner. This abnormal business except fact 1.)She cut front interrupted I speaking 2.)The owner dressed though going fishing working hotel. This happened I downstairs getting directions staff. The owner still fishing clothes, interrupted conversation tried help talk 10 minutes straight giving directions I even understand When I got sixth floor go room, old piece furniture looks kinda like tombstone fell apart. Also lobby looks like went garage sale bought everything threw one room. As far actual concerned, rooms fair size new york, staff excellent. If nosy owner shabby decor, place great find.",0.2543831168831169,0.5432770562770562,Jul 29 2008
38,38,"The great neighbourhood stinks (literally). The good: The relatively new clean modern styled rooms. It's also comfortable. The beds pillows excellent, state-of-the-art AC/heating unit room (so long let friend turn AC middle night causing wake pool sweat). My friend I stayed fifth floor hear peep street bridge. Also price great compared places closer Times Square looked fairly run down. I also mention staff front desk (oddly located second floor) friendly helpful. The distance nearest subway station blocks...just far enough escape crowds smell...The bad:Here go. Chinatown disgusting. The smell street vendors grocers horrible, like rotting fishy garbage flows along gutters. Now something really control unfortunate. As I mentioned above, luckily smell crowds people surround blocks hold breath squeezing crowded sidewalk okay. Other things worth noting water pressure shower fifth floor really weak one ice machine fourth floor. This bit weird, someone taking shower usually can't hear beds person room next door takes shower hear quite loudly. If care sort thing, television room provide sort movie video game services. There really much neighbourhood (unless favourite game Guess That Smell*) want place within walking distance fun forget it. You need call cab take subway sure.(*The answer always: Rotting fish guts.)",0.0632191230486685,0.5553810835629017,Jul 21 2008
39,39,"Recoomended For: Value (by NYC standards!) Cleanliness Comfort This recently opened months earlier stay July 2008. As result, everything room new, clean, comfortable. The room basic, functional. I miss features might expect expensive place sofa, fridge, microwave. A room safe would nice store passport, however I understand safe available storage front desk. Other reviews complained subway noise Manhattan Bridge. Our room equipped two sets double-glazed windows, street noise issue.The closest (two stoplights) East Broadway subway station, convenient arrive destination Manhattan surrounding boroughs. Be warned extremely clean, located heart Chinatown. At street level, neighbourhood safe, definitely crowded, gritty, smelled food waste many restaurants grocers.All all, I would recommend following strengths: Price (by NYC standards), Cleanliness, Comfort, Central Location. Given basic amenities rooms unpleasant conditions streets outside, I would recommend travellers want destination itself.",0.10326541274817139,0.4596394984326018,Jul 20 2008
40,40,"What awesome find! This true gem find! We got great deal 5 nights Expedia.com. This located heart Chinatown, traveler looking luxurious stay find disappointment. However, looking TRUE stay one greatest cities US, Hotel 91 could better fit. One step front door dead center Chinatown Marketplace. The fishy odor many guests mentioned nearly bad commented. Rooms: Were incredibly spacious NYC standards. Huge bathrooms. The rooms clean, everything looked new excellent condition. I also note additional bathroom floor toilet, sink, large mirror helpful multiple guests getting ready mornings. Cleaning staff came morning, friendly efficient. Staff: As noted, cleaning staff great. The front desk staff also helpful friendly, quick give great recommendations eat Chinatown. They held luggage check-out time time left fly NYC, helpful. Location: As said before, right center Chinatown. It's culturally diverse spot, really highlight area hotel. It short walk subway. Many users noted train close annoyance them. The train right outside window annoying, distracting, ever wake 5 nights stay. I hardly even noticed noise, besides, comes NY hang room?Overall I rate 4-4.5. It great deal, excellent location, extremely clean, I definitely coming back future. All friends joined trip equally thrilled I find great place.",0.31947489177489186,0.5227575757575758,Jul 12 2008
41,41,"A gem Chinatown We stayed one night Hotel 91 stopover New York City. We deliberately chose Chinatown wanted authentic Chinese dinner evning. Check-in efficient friendly met ground floor porter, check-in 2nd floor. Within minutes room, less 3 months old super condition. Flat screen TV, airco decent size modern bathroon/ shower hairdryer. We knew advance close Manhattan Bridge hear train night, sort low thudding sound, although keep awake. The beds two queen sized, clean comfortable although get 2nd bed need shuffle past 1st one, there's much room. After dumping baggage room freshening asked young helpful staff best places eat were, one recommended us &quot;The NY Noodle Shop&quot; lively Chinese restuarant Bowery street couple blocks away, If fancy Chinese 5 minutes takes little Italy. One thing know real Chinatown sights smells entails. We loved know maybe everybody's liking, wife even hair done Chinese hairdressers 3 doors away !! When checked morning kind enough allow us leave bags transportation airport arrived, also could wait lounge complimentary tea coffee available. All good hotel, reasonably priced know location, we'd back sure.",0.19853896103896104,0.3876695526695527,Jun 29 2008
42,42,"New nice We stayd Hotel 91 4 nights staying midtown Grand Hyatt 3 nights. I liked hotels I happy I opportunity stay two different neighbourhoods. Next time I propably stay somewhere downtown. Midtown option I get great deal 4 star hotel.Hotel 91 conveniently located want dinner Little Italy drinks East Village. It near two subway stops short taxi drive lot interesting areas. We took bus Union square subway Brooklyn walked across Brooklyn Bridge. Taxi difficult get ask staff call car. We ordered car advance airport price 45 $ told us advance. The surroundings exactly described reviews: fishmarkets huge crowds except evening. We enjoyed I would definitely stay again. We liked neighborhood, There good coffee shops near by, mind: got cappuccinos espressos Little Italy. You get instant coffee tea something eat 3 bakeries next door get great lunch chinatown. We double queen room two spacious needs. Room new matresses good. New linen nice although changed 4 night stay. Everything clean. Bathroom chic towels changed every day. Bathroom larger Grand Hyatt. With current prices I satisfied I got.",0.25204750204750204,0.6041973791973791,Jun 25 2008
43,43,"Loved Hotel 91 Chinatown Hotel 91 great place stay NYC. It's heart Chinatown, convenient getting city's neighborhoods, especially Soho Village. Staff fantastic, friendly, helpful. Bed big clean. Flat screen TV room big hanging closet. Clean shower bathroom, amenities, etc. Unbeatable value place hotels outrageously overpriced. I would definitely go back time I come NYC.",0.16527777777777777,0.55625,Jun 23 2008
44,44,"Very Nice Location Everything I checking Hotel 91 today. We double twin 4 nights. I traiin side. Noise bother since I hear trains night home well. What bothered smell walking Supermarkets. This fish, garbage etc. I would step look incredibly filthy. And see nasty rat runny wild street. And saw another running train staion cars would run. Thats 2 I seen past 3 trips.2 blocks F train. This mean least 30 minutes attraction. 20 miute walk shopping district Chinatown. 4th time NYC two years first time stayed outside Midtown. No Starbucks good 15 minute walk. Could figure restaurants eat signs Chinese. Tried one, Mings Cafe right befind F train stop. Yummy fried noodles. I think I saw one place buy six pack bottle wine. Sidewalks roll around 9:00pm Midtown happening.Room cleaned well except, sheets changed. On last day, toiletries given. Common areas clean. One ice machine enought floors. There vending machines kind.Hotel staff helpfu nice. The night clerk kind enough help figure thermostat little tricky.I would stay proximity Midtown. The walls way thin hey, little noise.Value wonderful. I paid$155 night.",0.06439523809523809,0.5543285714285715,Jun 7 2008
45,45,"Value money expect much The relatively new, gotten everything yet (like housekeeping comes late 7pm days), value money there. The subway 2 blocks away, Little Italy blocks away. The hot water instant coffee/tea bags lobby, closest good cup coffee 1/2 mile away. The neighborhood full fish markets smells terrible. The beds comfortable, rooms clean staff friendly. We got special rate extended stay, planning stay nights, call price quote.",0.06424221203632968,0.5283252695017401,May 27 2008
46,46,"Chinatown convenience At time stay, budget hotel, according staff, open weeks. The standard modest good. Because property new, everything clean works properly. The rooms are, NYC, small, clean, equipped comfortable bed, brightly lit private bathroom, hairdryer included, individually airconditioned remote control, offer clock radio, telephone, LCD televisions modest channel line-up. The true drawback extreme proximity Manhattan Bridge. Anyone seen Blues Brothers movie recall Elwood's (Dan Aykroyd) response Jake's (John Belushi) question regarding frequency trains traveling past Elwood's room: &quot;So often even notice them.&quot; Someone looking silence therefore look elsewhere. It however noted trains run less often night. Also, &quot;paper thin,&quot; walls room could made somewhat thicker better isolate noise adjacent rooms hallway.The staff courteous speak English natively least well. A request left behind razor shaving cream promptly complied with. Leaving bags hotel, prior check-in, well check-out, accommoted ease. In all, stay satisfying one. For familiar Chinatown bus travel, appreciate hotel's proximity drop zone East Broadway. Hotel 91, refererencing location said street, merely block away. Let's hope retain current value quality surely return.",0.11722943722943724,0.5024314574314575,May 26 2008
47,47,"Find someplace else unless right Chinatown The first review brand new property helpful accurate; ask room opposite side bridge, small rooms, etc. I took advice. But balance, review may friendly. Better ask concessions, etc.; simply stay here.I'm picky hotels, even though I've flown million miles (really) stayed hundreds hundreds hotels. I want clean, quiet, convenient, decent bed pillows, good iron board, shower works properly. Your basic Hampton Inn Marriott Courtyard absolutely fine me. I'm snob.This hotel, funky heart Chinatown, simply ready, likely ever be. It appears still construction, get screaming deal tile. A long, hollow hallway leading elevator still largely empty. Chinatown exotic interesting, course. But also smelly, filthy crowded, making difficult even get street. The offer warm, welcome respite that.I stayed room opposite side subway, yes. But windows, relatively small, still bit loud. New bed bedding, new armoire desk (as bought Walmart), new bathroom. The shower, 7th floor, I guess, &quot;dribble&quot; &quot;shower.&quot; Water barely came out. Ridiculous.Clean, yes. But amenities. One example: iron ironing board room, I called get one. That took 30 minutes second call. But worse fact relatively new ironing board smelled terrible!! Like molding trash! And made shirt smell awful, rendering unusable. (They're obviously storing board closet trash, alley, something. Terrible.)A single elevator means also going wait sometimes.Another problem: difficult get taxi location, subway line convenient.Needless say, I ever staying recommend find another property well - unless really interested right Chinatown.",0.05399402185116472,0.49102099714344616,May 23 2008
48,48,"Great value - drawbacks Hotel 91 offers excellent value lower Manhattan, drawbacks. Here notes experience:Pros: - Reasonable price - prices around mid-town hostel, 3-star bargain.- Newness - could still smell paint drying hallways. Bed, curtains, room finishes, etc...are brand new.- Cleanliness - lobby, hallways, elevator room spotlessly clean. No sign dirt, insects anything like that. The new clean.Cons:- Room size - &quot;single full&quot; (ie one double bed) room compact. There tall wardrobe, one bed, one side table flat-screen tv room could fit it. Clothes stay bags floor, room full. My guestimate room 10'x8' plus bathroom, most.- Noise - googlemap hotel's location, see right beside (ie right underneath) Manhattan Bridge. Subway trains run bridge day night. From room, basically looking directly subway trains running 20 feet away. The trains loud. We city people used quite bit noise, could live it, others might find hard sleep noise. The side probably better.Pro con, depending look it:Location - located middle Chinatown, sights, sounds smells go along that. Immediately outside door sidewalks full every direction crowded stalls selling manner things cheap sunglasses live crabs. We love it, mileage may vary. Overall, good new hotel. We would stay again, long prices go much. We would definitely try get least queen size room, definitely east side building. The staff fine, impressing us much one way other. The room amenities indeed 3-star calibre - nice furniture, marble bath, new fixtures, etc... If live drawbacks, definitely worth visit.",0.1967890641104927,0.4460423108637395,May 14 2008
49,49,Buon compromesso per NY,0.0,0.0,Nov 15 2009
50,50,Excellent rapport qualitÃ©/prix,1.0,1.0,Nov 9 2009
51,51,Grosses Zimmer alles sehr sauber Preise fÃ¼r NY fast unglaublich,0.2,0.6,Oct 29 2009
52,52,Pulito e vicino alla metropolitana,0.0,0.0,Oct 22 2009
53,53,Ottimo Rapporto QualitÃ /Prezzo,0.0,0.0,Oct 7 2009
54,54,Inmejorable para Nueva York,0.0,0.0,Oct 6 2009
55,55,.... Non adatto chi va per la prima volta New York,0.13636363636363635,0.45454545454545453,Sep 8 2009
56,56,Ottima e sicura base piena Chinatown,-0.8,1.0,Aug 14 2009
57,57,Buen mal emplazamiento,0.0,0.0,Aug 11 2009
58,58,vraiment bon rapport qualitÃ©/prix,0.0,0.0,Mar 16 2009
59,59,molto carino.,0.0,0.0,Feb 1 2009
60,60,el fantastico pero la zona deja mucho que desear,0.0,0.0,Dec 4 2008
61,61,TrÃ¨s bon rapport qualitÃ©/prix,0.0,0.0,Oct 13 2008
62,62,Non male c'Ã¨ di meglio!,0.0,0.1,Aug 27 2008
63,63,nuovissimo e funzionale,0.0,0.0,Jun 14 2008
64,64,Buon Chinatown,0.0,0.0,May 29 2008
