,Unnamed: 0,Reviews,polarity,subject,Dates_extracted
0,0,"OK Not Great Stayed three nights. Got really good deal Hotwire can't really complain. Tiny room housekeeping. Wireless never worked despite several requests front desk. Local friends tried telelphone three times told registered messed plans meet. Bathroom great, beds comfy location can't beat. All good deal would try something smaller friendlier staff next time.",0.22727272727272727,0.4,0.4
1,1,"bad new, clean, nice. directly across street port authority, btwn 8th 9th ave. right alot construction going outside hotel. get inside, hear outside noise anf forget neighborhood little bit suspect. xxx dvd store block, area known really dangerous, although leave 2am find out. one issues rooms bit cramped, ny. sink, can't hot water w/o water pressure highest. sure wash face w/o splashing water clothes let water fill sink washed face.",0.15351280663780664,0.5943482443482444,Nov 18 2009
2,2,"Clean New Red Light District I stayed twice October--once Columbus Day weekend wife second time World Series. I used Starwood points time and, I requested upgrade based upon platinum status, I given suite top floor (on second visit). The rooms quite nice everything brand new. The staff friendly helpful. The downside hotel, others noted, location amidst porn shops across Port Authority. If tolerate half-block walk back mainstream neighborhood, good choice.",0.24726107226107222,0.4545454545454545,Nov 13 2009
3,3,"It's relative NYC..... About me. Starwood Gold member used points two nights hotel. Rate I found line $315 per night I felt high Four Points property.Arrived 6 a.m. redeye west coast. Room availability hour always coin toss typically willl check part &quot;program.&quot; In case completely sold night before. Seeing I jam, front desk clerk offered key room vacated yet cleaned I could change suit meeting. The clerk came shortly after, asked cell # called 9:20 a.m. clean room ready use. I've 5 star hotels offer kind service. Bellman conierge also helpful, friendly cordial time I encountered them. I cannot say enough staff hotel.Location - I 25th floor back facing Westin 51st 8th. Noise absolutely zero. I'm little confused noise complaints buses port authority. There traffic front I saw buses anything rarely moving fast enough make noise due proximity traffic light traffic. Perhaps louder lower floors and/or facing another direction. I'm sure people expect NY nothing unsafe location. There one two adult bookstores block never I encounter anyone loitering feel uncomfortable day late night. Well located attractions, dining, subway Times Square. Best walk 1/2 block 8th 9th get cab. They easy find front hotel. FInally, place great traveling Newark airport. Very close tunnel get one way charter bus Coach USA $15. Door door 40 minutes.Rooms - nice decor minimalist approach decorating. Beds comfortable clean. Flat screen tv, clock radio mp3 connection, plenty outlets plug things in. Bathroom lacks counter space Manhattan. Strangest thing turn water pressure way get hot water. The flat bottom sink would splash everywhere use caution fully dressed. Great glass shower good pressure lots space. In room safe, iron ironing board good working order. Two free bottles water per day wired/wireless internet included throughout hotel. Yes - room small NYC. If sit desk across bed, another person cannot pass behind you. You dont get square footage city I dont factor negative.Hotel - use gym. Lounge small counter front breakfast drinks evening tv sports news. Did order room service use small restaurant premise I cannot speak food. All common areas cared clean.Not much negative say hotel. If get fair rate brand, certainly little gem business pleasure.",0.14127450980392156,0.575239651416122,Nov 11 2009
4,4,"lousy location makes one avoid If nostalgic Times Square porn shops liquor stores, Four Points alley. Those establishments, busy Port Authority bus station, make area busy seedy. Rooms new clean, comfortable beds. Service ok, though clean room almost 5pm. With many better choices NYC Times Square area, bother unless rates really low.",0.16414141414141414,0.5462121212121213,Nov 4 2009
5,5,"Great location Nice good location, right across Port Authority bus station two blocks Times Square.",0.5964285714285713,0.7214285714285714,Nov 1 2009
6,6,"Good Location Loud Slow Internet The proximity Times Square, Hells Kitchen, Bus Terminal convenient. But results pretty loud. The rooms clean, modern, pretty much no-frills. Beds comfy. Internet next worthless, times able get on, ran speed test resulting max download speed 4.3kbs (modem 1991). If business traveler needs connectivity, stay her. If going shows broadway, want see city stay someplace cheap, would good location.",0.16444444444444445,0.5816666666666667,Oct 31 2009
7,7,"Fantastic stay We're back 3-night stay hotel. We lucky enough room 20th floor noise problem (sign SPG member, free likely get room high up). From 20th floor nice enough view noise. The bed comfortable bed I slept I already miss it! The room good size, neither small big clean.There's also computer downstairs internet connection quite slow. The complimentary bottle water nice touch.In terms area, I knew reviews said shabby area. My husband didn't. I tell left, every single day passed Parole office two adult stores actually surprised never noticed them! I really think neighbourhood bad. OK like upper west side price paid ($440 taxes included 3 nights) really good value money great room virtually metro stations within 2 10 minutes walk.Ooh also went roof, 34th floor, great view Jersey, times square area!",0.23626984126984124,0.5016450216450216,Oct 29 2009
8,8,"Comfy beds! The neighborhood seedy noisy bring ear plugs! My boyfriend I came event Marriott Marquis, booked Wednesday Thursday, look alternate lodging could use SPG points. The closest available Four Points Midtown.I read reviews little concerned neighborhood, figured two nights basically sleep, right?I believe went renovation long ago, outside lobby look new. The lobby small small concierge desk, check-in desk tiny bar/coffee lounge right.Check pretty quick headed room 903....The room simply remodeled, could tell old, remodeled room, makes sense. It's small...there room two people walk end bed deks time. We king bed (which I must say VERY comfortable, along pillows linens - far best feature room!) two nightstands; armoire hang clothes housed safe, iron ironing board coffee maker; desk chair, flat panel TV side chair lamp. The bath small plain, job. Not fancy. clean like I said, bed fantastic!At point I pretty happy hotel, went exploring...SO - onto 'hood - let reviews saying seedy neighborhood unsafe scare you....it's really bad! Directly across street Port Authority buses coming hours day - expect noise. Quite lot actually.Yes, steps door right Parole Office I honestly never saw anyone hanging around there. Nor I see shady looking characters hanging around Adult DVD stores. Just keep walking fine...It's 5-10 minute walk Times Square, depending hit stoplights (and fast walk!) There tons convenience stores, restaurants (fast food sit-down) Starbucks way.We issues air conditioning/fan, water temperature pressure - anything else funky matter.So far good, right?...until went bed. Oh Lord! It loud I kept getting check make sure window open! I somewhat light sleeper, typically I'm traveling I walk many, many miles day, I crash pretty hard. But matter tired I was, I absolutely get sleep noise - mostly coming Port Authority across street. Luckily I remembered I ear plugs I popped managed get 5 hours sleep. Now, I say boyfriend heavy sleeper could fall asleep tarp middle construction site, problems. Perhaps noise bad higher floor? My suggestion would avoid street side 9th floor - unless sleep like boyfriend! Or ear plugs.With that....Overall, even noise, I think good value location. Feel free contact questions...Happy Travels!LisaMpls",0.12443495101389838,0.5595924153818891,Oct 28 2009
9,9,"Above average great location Having NY least dozen times before, I stayed various locations city depending I going for. This time quick 1 night see show friend, decided really want 5-10 minute walk Times Sq. area. This fit perfectly!As others mentioned, location great - 5 mins. TS theatre district, may bit put-off semi-sketchy street/neighborhood located (ie adult book store, Port Authority bus station). But let scare you! It perfectly fine we, 2 woman traveling alone, feel threatened awkward. It's NY - full kinds characters, that's charm.The interior nice - simply furnished functional, MOST comfortable beds pillows. Really! Our room located 16th floor lovely view. The staff, Reception Concierge, Room Service, exceptionally nice.Just couple nice features room: window opens bit, Ipod docking station play music, bottled water large flat-screen tv.I hesitate stay would certainly suggest others.",0.26780952380952383,0.5532857142857143,Oct 26 2009
10,10,"Small clean enough. Didn't like neighborhood all. From window, I see buses Port Authority Bus Terminal 9th Avenue. Times Square close, I walk five six Adult DVD shops, two massage parlors, peep show booth, I think I'll get eventually get there.",0.054166666666666675,0.47500000000000003,Oct 21 2009
11,11,"Worth considering get cheap The Four Points Times Square great location (if want stay midtown), rooms well appointed staff friendly. You get cool flatscreen tv wall, beds super comfortable there's small gym basement. They deserve respect offering free wifi free bottled water.On side - hard quantify exactly - I put mind &quot;Linton Travel Tavern&quot; stay... I found bit depressing. (Big caveat following comments probably apply many Manhattan hotels) The rooms quite small, building wedged pretty tight around look window find staring someone face who's photocopying office opposite, small corridors, cheap products bathroom, smell stale cigarettes corridors lifts/elevators etc.As others observed, beds comfortable although I bitten right arm one night appears &quot;house guests&quot; room...Overall fine get good deal would serve well stopover short stay; especially expect nice surprises cleverly thought design details.",0.15671476671476672,0.5455146705146705,Oct 19 2009
12,12,I love Sheraton Hotels The recently remodeled I believe. The room small amenities needed. The Sheraton beds best!! The staff quite helpful &amp; friendly. The food restaurant also wonderful. The one negative shower head placed high. Standing tipee toes I still difficulty moving it. I 5'4&quot;.,0.31062500000000004,0.49874999999999997,Oct 17 2009
13,13,"Got great deal The front staff friendly, price location great place stay. The room cleaned comfortable. I would stay would reccomend friends.",0.6518750000000001,0.7875,Oct 15 2009
14,14,"Friendly staff Good location close Bus terminal buses Newark airport 25 $ roundtrip, nice rooms excellent beds, friendly staff. We stayed 5 adults 1 child 2 rooms. Loved it.The thing pornstores way hotel, ok anyway,not much action going around anyway.",0.43499999999999994,0.7,Oct 13 2009
15,15,"Efficient comfortable good location I spent 1st last night NYC. I found clean serviceoriented. The rooms nice, typical size NYC, functional, nice work area withfree WIFi coffee tea maker room. Lovely soft bathrobe slippers. I able fit lap-top room safe great. I stayed King room also 1 bedroom suite nice.",0.39866666666666667,0.6094444444444445,Oct 11 2009
16,16,Only OK! We stayed three nights Oct 1-4th. The room clean granted small even NYC standards. I NYC 3x three different hotels much roomier. The maid service poor...staff threw receipts left neatly stacked night stand replace plastic glasses. The bathroom tiny. Great one person stay definitely 2 per room. Very close everything. The Bus terminal handy direct transport Bruce Springsteen concert Giants Stadium NJ there. Did feel unsafe getting to/from hotel. Staff generally friendly seemed like spaced time know answers basic questions. The best rate fund 208/ngt reason stayed fee night offered us SPG.,0.24287037037037035,0.5302777777777778,Oct 8 2009
17,17,"Great value /totally safe area We booked re-opening deal $115 per night. That itself, made stay great, plesantly surprised size room great view. We could see Times Square room. Our room clean beds great.I see reviews mention adult stores streets. Yes, there, however I never felt unsafe. I loved fact Times Square block away. The Port Authority Bus Terminal across street kind handy lots affordable resturants shops. Not bad deal. This hotels grand re-opening deal allowed family extend vacation I stay again!",0.5376388888888888,0.7605555555555555,Oct 6 2009
18,18,"Fatal Errors For good things one say relatively new (eg, incredibly comfortable beds, smart design small rooms, friendly staff), couple major problems make impossible stay again.First air-conditioning. As previous reviewers noted, cool (or hot) air kicked in, sound loud I awakened every 5-10 minutes night. There NO option keep fan cool warm air also desired (which would least keep noise constant level). How could new adopt antiquated system? And using TV remote turn a/c off??Second in-room internet. Yes, free, case get pay for. The wired option slow work impossible (staff advised many people system suggested I go business center work). The connection non-existent wireless option. I stayed 4 nights connection &quot;normal&quot; (much less high-speed, advertised).I leave tired frustrated.",0.03340969215969217,0.5152501202501204,Oct 5 2009
19,19,"clean reasonable convenient nothing exceptional. Stayed lasy night (of 5-night trip) partner. It clean, reasonably-priced, room really conveniently located. I mind somewhat grungy 'hood, felt could better 'formatted' location including massive bed time room efficiently designed lobby cater small size lobby large number guests.Still, I'd stay price right.",0.24307692307692308,0.5980219780219781,Sep 28 2009
20,20,"Clean Hotel Location Good Bad I arrived 9:00 overnight flight Asia. Check-in went smoothly, got room 15 minute wait great! I Platinum member sure reason why, nice start trip. Other this, never talked staff I need anything.Rooms: Perfect NYC. Small, functional. TV good size (I would guess 32 36&quot;) plenty big small room. Comfortable bed, everything new. The issue I would say wall air conditioner, loud needed. Luckily, weather fairly cool stay used fan mode mostly. But I think I needed A/C time, would annoying.Location: Great use public transportation. Almost every subway need right around corner (a half city block). You need walk front NY Probation office, quite frankly, fine. I walked alone times day night never felt issue. Now walk away subway station 9th Avenue, that's little sketchy, ton construction work end little tunnel walkways. The worst thing location cabs travel 40th. I think something construction traffic patterns, taxis like crosstown route. So taking lot taxis cards, keep mind. I used car service get airport I confident I could get taxi 5:00am I leave (I ton luggage feel like walking 1/2 block 5 morning).The offered free internet service, slow. I guess get pay for!",0.1622826247826248,0.613069338069338,Sep 27 2009
21,21,GREAT HOTEL lovely clean excellent location.port authority right across street 24 store/chemest.theres lovely cafe port authority breakfast food pricey. rooms small enough perfect showering sleeping did.the t.v room great even remote kept switching noisy air con.the bed comfortable ever pillows way soft support didnt offer alternative people need support pillow. bar isnt really bar small alcove side reception area approx. 3 tables. We asked room shower &amp; tub gave us one tub.I made 10 minute phonecall ireland cost $93.00 yes thats NINTY THREE DOLLARS. reviews say area bit dodgy dont agree.o.k xxx shops windows covered one hangs around outside cops everywhere n.y felt pretty safe. upon checkout issue amount already prepaid manager little resolve situation infact point blank lied faces really let nice would definatly stay again.,0.25937316284538503,0.5249853027630805,Sep 22 2009
22,22,"Incredible bang buck super central (albeit seedy suburban traveler) location Summary: For introductory rate $115 I paid, value beyond expectations central location Manhattan. The less three months old, makes one newer cleaner hotels NYC.Rooms: The brand new rooms reasonable size two adults immaculately clean, especially all-white bathrooms seemed sparkle lights on. The bed top notch, desk actually designed life century . . . meaning TV mounted wall power outlets built desk I plugs for. The desk even built USB connections!Location: The location flawless leisurely tourist (right next Times Sq abundant subway lines cabs), though adult shops grungy street characters block may turn suburban visitors experienced much NYC. Overall, great 'base' sightseeing nightlife excursions.Service: For select service hotel, bad all. I called extra Seattle's Best coffee (yum), bottled water (free), toothpaste separate occasions brought within ten minutes so. The housekeepers friendly great job making room comfortable returning long day walking. While staff seemed new, expect? It's brand new hotel!Cleanliness: Like I said, brand new hotel. It get cleaner NYC. I hope year cleanliness start slide.Value: After reading sections experience, would say value $115 rate? :-) I know intro rate, experience I worth well $115 . . . maybe upper $100's I'd say, lower $200's peak dates.Other comments: The lobby area bit crammed. There circular seating area takes half lobby space creates obstructing wall lobby. At times got claustrophobic tourists luggage, reception desk agents good job greeting guests checking efficiently.",0.22270808387829666,0.45764790764790764,Sep 19 2009
23,23,"Awesome Place AWESOME Price! We also got opening rate travelzoo 115.00. We loved room. We first trip New York everything great!!!! Yes port authority acrossed street back side building people . Yes adult dvd store many streets walked down. There also parole building one time walked passed even opened. So I believe complaints truly people like complain. We loved proximity everything. We loved News York.We amazed things see closeness subway Times Square. Not far theatres great. We never seen hotels built tall skinny. All staff helpful really apreciate help. They willing. So, totally going recommend place stay. Our room 15th floor port authority loved everything. It really great room awesome price. Thanks travelzoo offering it! Room really clean , beds really comfy pillows.Everything new really nice. Elevators fast. We really great experience. Our friends went us 13th floor back building loved room too!They handicap accessible room clean nice. We also left 1 water bottle room arrived. But next day given 2 bottles.Thanks Four points wonderful stay someday make way back big city! Big difference rural town from. Little Italy cool China town. We went yankees game Jeter tied Gherig. We went cruise see sites city awesome. Went wall street central park. There much could seen enough time.Loved back!",0.3157065942443301,0.5017962645321136,Sep 12 2009
24,24,Would stay without question! After reading several reviews I really worried staying senior citizen mother. There nothing worry about- Yes street XXX Dvd stores Parole Center (which open day) I saw types things everywhere New York. Very close TImes Square. Great Price- Only complaint tried go resturant could get service. There busy really big deal. Alex got us private car take us airport really helpful. We came home afterdark one evening around 11 night tour feel least bit scared walking street.,0.048800505050505046,0.3855271464646465,Sep 10 2009
25,25,"Great Hotel We went promotion pricing really amazed hotel. Yeah like people said... 1 1/2 blocks ghetto area (which half NYC is). But really 2 blocks away Times Square. Point close subway, food, shopping, amazing entertainment. The nice, staff friendly, location great! I definately recommend using months. The internet little slow times get real... going NYC, going sit room much. Use hotel!",0.22648809523809524,0.4333333333333333,Sep 7 2009
26,26,Nice would stay The clean new. The street across bus terminal. We felt safe walking leaving airport. We leave airport 5:00 am. When went downstairs asked man front desk getting taxi said would walk corner go front bus terminal. We walk luggage there. It short walk time night seemed like alot shady people hanging front bus station felt uncomforatble safe. The one way alley taxis riding unless dropping someone hotel.Unfortunately taxi issue I stay again.,0.139719416386083,0.5420482603815937,Sep 7 2009
27,27,"Great value promo price Midtown Exceptional bedding comfortable new beds, internet business centerw/ printer boarding passes plus. Small rooms typical size NYC,no view. Broken coffee maker replaced upon request. Free bottled wateris one bottle per day room accommodating 4 people. Dirtystreet, adult toy store, scaffolding acceptable tradeoff proximityto Times Sq Broadway. Lines check in. Tiny congested lobby butclean new. Friendly staff. Initially told reserved room w/ two double bedswas available I would either share bed mygrown son opt one sleep chaise. I pushed issue got roomreserved well advance guaranteed deposit.First night, maid service happen 9pm. We told theywere running bit behind. This horrible thing late checkout privileges compensated since ability shower middaybefore heading brutal August heat wave priceless!Floors tiny, elevators slow, everyone required travel thebasement ice machine.Not worth current pricing $255 per night given immediate competitionin area better aesthetics. Would return heartbeat thepromo rate.",0.02170909090909089,0.5263636363636364,Sep 4 2009
28,28,"Good hotel. Would certainly stay again. I stayed two nights last week 10-year-old son. We booked Travelzoo rate $115. I sorry stay longer. The rooms clean beds comfortable! The staff friendly went way help us. There adult book/DVD stores block windows covered thing see words &quot;Adult DVD's...â. The Port Authority Bus Terminal close good. There many places eat reasonable prices since open 24/7 always people around including police officers. I single mom, son I walked back 11:30 evening never felt unsafe. I would felt unsafe area fewer people around street. I would certainly stay good rate. If I going pay $300 night I would probably stay larger amenities.",0.25744047619047616,0.5411904761904761,Aug 31 2009
29,29,"convenient safe As others noted, next port authority bus terminal 2 short blocks times square within walking distance grand central, fifth avenue, central park south, broadway theaters, etc. Really great location. The street unattractive, quite safe. The brand new, furnishings bathroom nice beds (2 doubles us) comfortable. However, air conditioner sounded like jet taking every time condenser came on. It ridiculously loud (how brand new equipment) woke night. This really something need address. I ahve loud air conditioning 20 hotels I stayed around New YorkCity, including Times Square area, including comparable hotels this, Hilton Garden Inn Doubletree.",0.22876623376623378,0.5185064935064935,Aug 30 2009
30,30,"Good choice location. Free internet! Like recents reviews, I found place via Travelzoo ($115 USD / night), can't complain regarding prices new hotel. I'm going repeat things mentioned, I'll mention good value eats:Middle-Eastern street vendors - sells styrophome container lamb chicken, rice $5. Popeye's Chicken 40th btw 7th &amp; 8th Ave - nuggets $2-3, 3-piece chicken meal $3.",0.011136363636363656,0.6804545454545454,Aug 28 2009
31,31,"Neither Great Terrible A great deal Travelzoo led us new hotel. We would agree things read TripAdvisor staying disagree others.First, best street NYC. There huge bus terminal (NY Port Authority) across street places street I want take children see, said. But never felt unsafe. In fact, NYC felt safe throughout; police officers everywhere, including one two corner 40th St. 8th Ave., near hotel, almost everytime walked by. On side, 9th Ave. many good restaurants. We also found advantages close Port Authority. Inside good places breakfast coffee, subway station, outside taxis time. In words, able get good coffee pastry morning travel anywhere city wanted. We also liked fact could easily walk theatre district. We saw two major plays 45th St., five ten minutes away.Second, service hit miss. A employees helpful, seem responsive requests. One thing especially bothered us wanted sheets changed first night (because strange hairs bed), changed top sheet. This happened twice. We finally got sheets changed thing ourselves. Besides that, bed very, comfortable. I must also give credit storing baggage free day checked out. This allowed us see city night flight. Finally, nice new, room small; bed took space.Overall, happy low price paid stay Manhattan (the value money), happy paid much more.",0.2771085858585859,0.5738275613275613,Aug 26 2009
32,32,"Very Nice hotel-don't listen bad reviews....... Contrary lot people, really liked hotel. Pros:- location: close (1 avenue, 2 blocks) away Times Square- price: paid $115.00 intro rate, excellent- room: small (2 double beds). GREAT COMFY bed! WOW!- nice staff, allowed early check-in- good restaurant onsite Cons:- XXX shops street- probation office next door Explanations: The XXX shops nearby, Manhattan, homeless people liquor stores. The probation ofice non-descript I know coming home reading people's reviews. It must closed 4 5 pm, I see anyone near dinnerhour. Face it, going New York, going look, smell, appear exactly New York. does. I'm happy stayed Manhattan $150.00/night. To done new hotel, close Times Square bonus! When I travel New York want space peaceful surroundings, I stay Secaucus, New Jersey. That may suitable alternative people. Our 10 year old scared phased, comment &quot;there's lot hobo's here&quot;, reference NYC in-general. We also lot homeless Toronto, (unfortunately) lot larger cities do. Go Four Points enjoy!",0.217667297979798,0.5555713383838385,Aug 24 2009
33,33,"Courteous Staff well appointed room parole division one door Clean courteous, 40th 8th, 4 Points Sheraton Times Square blocks Times Square. Rooms clean nicely furnished. Be careful things: It directly across Port Authority ( multi story bus station), one door NY Division Parole. Police present area overall safe. The guest noisy hall heard room. I awoken several times. A/C noisy necessary summer interrupt light sleepers. There 3 elevators going top floors. At times I wait quite get lift. There computers available use, internet slow. I got great rate, need flexible.",0.172463768115942,0.5268115942028986,Aug 24 2009
34,34,"Good - street kind scary We always winced bit walking back dark - walking NY Probation Department fortress NEXT door! help. Hotel nice inside, staff good. Location good.",0.31444444444444447,0.5666666666666667,Aug 23 2009
35,35,"Stay away!!! My husband I NEVER stay again! This ten year anniversary. We horrible view pigeon poop stained building right across street port Authority transit building. The staff completely incompetent. They charged room wrong credit card. I gave card &quot;incidentals&quot; assured charge would come days. Two times I went front desk questioned this. They never looked information, inexperienced staff assured times, charges would released. They acted like new freshman high school kids knowing say. The money never came off!! I called later, told released. So I called bank......no! So I called back find charged almost entire room &quot;incidentals&quot; card. When give credit cards (complete strangers), expect professional, accurate, know doing! I trying keep track money trip!!! I unhappy place. It cheaper reason. It's card went on...it's principle. They lied never checked, lied second time never checked...or stupid. Also, porn shops right next door nasty liquor shops.",-0.12360215677179962,0.46623685837971557,Aug 21 2009
36,36,"Newer night construction Hotel staff friendly new comfortable. The neighborhood sketchy adult stores parole building close by. We got good nightly rate $115/night. However night time construction across street.......needless say, sleep well, course prewarn. Those like nice sleep....please careful! Room service questionable",0.21079545454545456,0.7068181818181818,Aug 18 2009
37,37,"Good deal Times Square My boyfriend got opening offer getting room $115 per night. When I first came read reviews hotel, I thought would located sketchy area I would freaking going back really late. When first arrived Port Authority bus terminal, must say amazing across (not even 5 minute walking). The area look sketchy tons adult shops, somehow safe. We stayed 5 nights, every night, walking back hotel, cops corner 8th Avenue 40th Street. So, feel unsafe all. Only 1 avenue away Times Square subway stations close hotel. Can't complain much. To us, like normal NYC. I know would feel like I went bunch girlfriends only, I think long we're least two people together, would fine.The room bit tiny, I seeing spider web behind bathroom door. The carpet room bit weird, noticed last day, sofa pulled bit away wall. But nothing major. The king size bed amazing. Haven't really tried wireless, two computers provided lobby really slow. The iHome dock room working fine. No view staying 3rd floor, due early check-in. We want wait 3pm. The A/C somehow really really loud. At point, find A/C bit annoying. But whatever, again, nothing major. We tried restaurant lobby chance go get drink bar (although offered 2-for-1 drink checked in). Apparently, opened 6pm (if I remember well).",0.05353535353535356,0.5002525252525254,Aug 17 2009
38,38,Great Hotel The neighborhood safe. problems walking outside 2AM. Sure there's shelter across street parole office next door. I stand front taking pictures. But half block away New York people would recognize. If get past grittiness outside door find gem stay in. Almost new writing. Super comfortable beds. Great showers bathrooms. Slightly smaller rooms typical New York. For price (about $200) great place stay.,0.2477272727272727,0.47143658810325473,Aug 16 2009
39,39,"If get good deal steal Stayed August 2009 4 nights. Traveled spouse, 22 year old daughter 11 year old son. I concerned location especially reviews I read regarding hotel's location since must pass couple adult bookstores parole department. However, location fine. There scary people loitering I hardly noticed parole department. There cop usually corner street unusual since times square area. We walked quickly even I think would scary all. No one bothered us all. I think issue would concerned recommending hotel. Now, regarding itself, beds comfortable I every slept in. The rooms clean I felt like New York rooms good size. We tripping lugagge. The thing I felt misled fact says give free bottled water. In actuality, provide ONE small 16 oz. bottle per day. I expect provide bottle day four us room, one bottle seemed stingy misleading advertise. I think two bottles day would make better impression. If two people stayed room example, cough enough water least two bottle? If want advertise room comes free bottled water. It seems like deliberate ploy. Overall, get good price, I would recommend hotel. TIP: If buy tickets TKTS booth, count money hand BEFORE give person behind counter. The TKTS clerk stole money I counting I slid window. MISTAKE!!!! Don't take eyes moment hand money.",0.1411600378787879,0.6048737373737374,Aug 15 2009
40,40,"Poor Location I stayed weekend, family. I arrived city, child early, I wanted check early, go chinatown. Before I arrived hotel, I got lost, thanks google maps, cell phone. I rang hotel, get directions, Nicholle spoke too, clue, giving right location, hotel. The street on, horrible, men working, awful rated R dvd stores. But take right hotel, end street, subway, New York Times Building, clean large drug store across road. And also bus station near, well. Its short walk Times Square, great. If want go Central Park, took sub, quick, dirty..We also went Bronz Zoo, great.. Overall I may stay again, I know location..And husband loved bed, bathroom small, toileties great, get bottle water, room, free intnet downstairs...Coffee maker also room, great bedroom slippers. The issue, husband also like go basment, get ice. Also thought bar tender, Friday night, female, rude, serve him, said serving drinks, yet still serving two gentlemens, bar..Nicholle checked in, great, knowable, I sign up, starwards perferred guest, explained program all. But great time, city, I love New York.",0.19432629870129872,0.5601799242424242,Aug 13 2009
41,41,"Very clean area surrounding bit shady Although trouble reservation first, taken care nice gentleman front desk. We allowed check early, bonus, headed 2:30 pm Broadway show (all walking distance hotel).The new, clean well appointed. The bed comfortable, bathroom bigger others seen NYC.We nice view room.The area around bit &quot;shady&quot; dark, however, feel uncomfortable walking around. Still, needs clean up!!Overall, I would recommend get good price, ($115 introductory rate).",0.2170909090909091,0.6348585858585858,Aug 10 2009
42,42,"A steal location This fourth visit NYC husband's first. I stayed Upper West Side before, took chance Times Square locale fantastic deal offering ($115/night - - check hotel's actual website.) Although area definitely &quot;gritty&quot; Upper West Side, Times Square subway station gives access many lines go city. The room well appointed, I never slept comfortable bed - kidding. There close subway station pharmacy/grocery right corner street purchase snacks/maps, etc. The bus terminal also right there, saw homeless types, patrolmen politely asked move on, did. The terminal, way, ton low cost restaurants snack shops also. It's also good know portion Times Square closed Sat. nights pedestrians fully take magnificence all. If want close Times Square Broadway, fantastic deal miss.",0.19829365079365074,0.41468253968253965,Aug 10 2009
43,43,good access subway times square brand new location also got grand opening special 115 dollars taxes 135just times square - problems riff raffbrand spanking newonly 8 rooms per floormy room looked greatbigger thought would get new yorkreally much smaller hilton stayed New jerseydesk hookup/cable laptop. even need use Wi figreat value money i'd stay away Times Square think....i think i'd like downtown 40th street access Times square subway - like subway entrance half block hotel........A C E lines side 40th st bus terminalthere also 2 computers public use. 1 working printer could print boarding passsmall fitness centre. use . see anyone itstaff: room made nicelythe front desk staff google.......when know look upi thought tried hard concern,0.17020717377860237,0.5132189239332096,Aug 9 2009
44,44,"Beware Booking online We booked last minute (the night arrival) booking.com. We also called directly confirm rooms available told could book online, rooms available. When arrived told rooms us stuck NY luggage 10 year old tow. At first told us booking October 4th, August (the day arrived). When produced booking confirmation staff changed story told us tried call us morning (we way confirming travelling hotel!). On separate note, I would wary staying location again, especially young children. The surrounded sides &quot;adult&quot; stores lots seedy characters hanging around (even NY!)",0.10416666666666667,0.43333333333333335,Aug 9 2009
45,45,"Mixed feelings I stayed NYC times different places. As others said, location great blocks times square. However, I agree walk 8th St. little shady short...and scary would avoid walking night. We two women alone feel little nervous. There often police corner 41st 8th right street. The bed comfortable size room fine - I stayed bigger smaller. The overall service though lacking. Housekeeping forgot restock things us daily Room service also failed show one occasion forgot things another. When asked front desk question two getting back airport less helpful. Another complaint would air conditioner. It terrible! It loud strong. Overall I would recommend due price $115US/night along comfort bed. Another tip - eat lunch Schnippers 41st 8th bottom New York Times building. Great food!",0.002661856661856665,0.494971620971621,Aug 6 2009
46,46,"Decent anxious return This brand-new located close 9th Avenue, Port Authority bus station across street, number adult shops block. There ongoing construction corner, makes noise whenever leave (plus, negotiate scaffolding). It pretty block. However, proximity Hell's Kitchen neighborhood actually wonderful. Many great restaurants 9th 10th Avenues, walk Hudson (where rent bicycles, walk along riverfront, visit Intrepid battleship museum) minutes.The nice enough. Rooms clean comfortable. Staff, though, &quot;go extra mile&quot; breed. To fair, lobby tiny, must tough manage guests small space.In conclusion, decent place stay. We got promotional rate used points four-night stay, got good value. But using points, I imagine we'd use Priceline stay somewhere better.",0.2557671957671957,0.6426984126984127,Jul 29 2009
47,47,"Unlike others complaints! After reading reviews hotel, I skeptical completely unwarranted. To complained hotel's location, grow thicker skin. The greatest area means dangerous. Yes, couple homeless people vicinity approach friends attempt talk us. The area surrounding great little restaurants bakeries, previous reviewer said avoid 9th ave. I completely disagree, many great spots there!As hotel, clean! Rooms good size Manhattan bathroom spotless. We high floor nice view skyline. The staff courteous times nice perk mentioned fact offers discounted parking ($24 per 25 hours) lot block, someone front desk validate parking ticket. The wifi worked well throughout stay complimentary water nice touch. All all, great great location close Times Square directly hussle bustle. Definitely worth grand opening special $115/night.",0.32726190476190475,0.6226190476190477,Jul 29 2009
48,48,"GREAT HOTEL IF PRICE IS RIGHT Although south side Port Authority Bus Terminal,the street safe hassle free. Taxis frequent cut street, problem getting one quickly.Small, clean new easy access out.Polite, friendly, courteous staff willing help. Rooms average size NYC hotel, brand new, made comfortable. Would recommend singles couples. Any price $150 makes bargain.",0.34222943722943727,0.6185425685425685,Jul 29 2009
49,49,"Good Value Great Location Four Points Sherton Hotels usually decent quality, good value. Thie brand new hotel, new Super Shuttle Hotel List. So go soon, make sure tell company new Four Points Hotel exact address get mixed Four Points hotels New York. We got great rate room Grand Opening special promotion. Only paid $125 plus tax per night. It missed. But people said, room small, I think 200 sq feet. Get 2 queen beds lot room move. But sleeping there, adequate. Our complaint size I sitting desk room person pass bed back fthe chair. Oh, small closet too, adequate number shelves drawers storage. The location great far proximity Times Square. The subway entrance half block walk. Times square feet. But pass couple Adult Book Stores Probation Office. There always police officer corner (usualy day night) But I noticed quite police officers times Square visit NYC. I would definitely recommend hotel, pay $200 per night, check area compare. I think Hilton Garden Inn rooms bigger price.",0.1696647946647946,0.5282477282477284,Jul 29 2009
50,50,Good value clean Hotel good value travelzoo promotion. Was clean. Bar open beginning July. Location bad reviews suggest. Very close subway Times Square.,0.24904761904761905,0.610952380952381,Jul 27 2009
51,51,"Nice Stay We stayed Four Points 3 nights mid-July. I saw less favorable reviews location, I little concerned. This 2 blocks times square, &quot;bad&quot; area. I feel unsafe time walking hotel. The rooms nice new. They little small side, got deal rate, I complain. Overall, great stay. Never waited couple minutes elevator staff nice helpful. Definitely convienant location, since block subway bus terminal.",0.2018997668997669,0.59009324009324,Jul 26 2009
52,52,"Will back; Clean affordable I stayed one night warm week July. The aircon shuts room (motion sensors) since brand new cools room quickly. The shower bathroom spotless laid nicely. The complimentary internet bottled water nice amenities; also ipod docking radio decent sound. My king bed room 30th floor nice view Empire State building city general. It quiet well decorated. Elevators slow peak use times, never 5 minute wait me. The ice / vending machines basement slightly inconvenient. There also fitness center I try it, I try room service lobby lounge.I arrived 12:30 others stated rooms available small lobby full bags, looked little shabby. Had lunch 9th Ave came back around 1:30 given room, nice since check technically 3.As area, fine- Park Avenue, certainly dangerous way. It close multiple subway lines cabs plentiful. The airport express bus departs north side PA bus terminal 42nd, cheap way get nyc airports.All clean, affordable great location quick visit New York, major complaints all.",0.17163902538902542,0.537993447993448,Jul 23 2009
53,53,"Nice hotel...but told exact location When I booked 2 rooms husband 3 boys I told SPG reward operator several things. First important, located Times Square, (across Westin). It not! The area may considered Times Square, much pedestrian traffic reassuring. The actually beside NYC bus terminal. The back building front view hotel. We walk 3 boys dark street looked like alley bars, homeless, adult DVD stores. I FEEL SAFE walking street! Also connecting rooms, 2 double beds per floor. My husband I split adult room kids.The beds nice, price great... I feel I greatly misled starwood. We definately got paid for. This place I would EVER bring kids back too. If kids please learn mistake stay elsewhere--",0.2359722222222222,0.43361111111111106,Jul 20 2009
54,54,"Needs time get shape VERy sketchy area, even broad daylight!For value, ($115 intro rate on-line, heard elevator,)spent cabs, walk front Port Authority grab one, none came narrow street. Nice beds clean since brand new. Housekeeping inconsistent. No security, doorman, front desk staff confused unhelpful. different # soaps, towels, coffee cups room day. 3 elevators service entire 33 floors, 8 rooms each. Took 15 minutes 1 day get down. I suggest walk lower floors. Bill upon checkout plus. Felt unsafe going basement get ice.",0.10388708513708511,0.5478445165945166,Jul 19 2009
55,55,"Mixed Feelings I really mixed feelings regards hotel. I fortunate enough get room $115 per night Travelzoo promotions, makes nice deal price. However, I would paid room I think I would regretted going elsewhere. When I booked room online recently opened reviews. Shortly booking reviews started coming in, seemed concern regards location. I called due reviews I reading, phone call lady said put block room upgraded room spg floor, better view. When arrived rooms ready offered hold luggage us. I mentioned lady assurance upgrade, girl acknowledged agreement. However, able check put lower floor overlooking bus terminal. I mentioned personnel first told rooms available, I told room available couple floors higher up, I told since I got promotional rate Travelzoo (and others higher tier spg points) others given priority. The part really bothers I promised one thing failed deliver. On 2nd day trip came back room later evening surprised see bed done room cleaned (clean towels left bathroom). The clean, employees courteous, room large enough needed for. The location best world I would recommend place stay families children females traveling alone. I notice video stores many areas, even around 4-5 star hotels.",0.22341269841269842,0.4276334776334776,Jul 19 2009
56,56,"A good find aspects - highly recommended First all: I really liked hotel. My room new quite spacious (especially considering New York City). The bed Sheraton Sweet Sleeper Bed, basically feel like sleeping clouds. The also features restaurant, try it. Hotel offers free high-speed internet rooms, small efficient fitness room.Then location: I problem it. It's West 40th St 8th 9th Avenue (tell cab driver this, since new might know it. Hotel right hand side come 40th Street). Seriously, New York City, bound see stuff see home town. I agree reviewers seedy uncomfortable. They make sound descending hell, really case. I returned midnight feel uncomfortable all, since area well-lit. The right next Fairfield Inn Marriott, Times Square 10 minute walk. Bus Terminal right around corner, Duane Reed drugstore, subway close well. Taxi's difficult find 8th Avenue, took 30 minutes get JFK cab (45 dollars flat fee + 5 dollars toll).In all, I really recommend it.",0.09598994874856942,0.5270418470418471,Jul 17 2009
57,57,"Great Hotel - Unfortunate Location The great. I also received amazing opening special rate $115 decided stay overnight city watching fire works. Our room decent size New York beds fantastic. The decor nice front desk check courteous pleasant. I one complaint itself. I would recommend location families familiar NY. In city one block make big difference. And location right next bus terminal, does. There homeless mission populated area people may make uncomfortable. I would felt comfortable girlfriend daughter. We saw homeless man rip flag womanâs hair almost pull hair. Iâm used seeing homeless people city. What I used seeing laying across sidewalk apparently breathing cop basically walking him. These 2 many sites block hotel. Stick 8th Ave can. If couple used NY bunch guys â problem ever. And Iâve told trying revitalize Hellâs Kitchen area could get better future.",0.2629009034443817,0.6117400715226803,Jul 13 2009
58,58,"Definitely family friendly We booked two rooms June 2009. On line I requested crib never arrived. The first night hot water showers, second water pressure. They also forgot mention State NY Parole Division next door; pretty view. The rooms ok barely room walk. To close stay staff available check help bring luggage down. We told come lobby get cart ourselves. As checking another unsatisfied family loudly expressing concerns front desk staff.",0.08568376068376068,0.42777777777777776,Jul 6 2009
59,59,"Good deal NYC Found openning special SPG member. Paid $115/night + taxes. Room ready upon arrival (noon). Asked room view Hudson River. Not problem. Room 2Oth floor. Watched fireworks room. Nice room. Excellent king bed good linens. Bathroom small , functional. Asked extra towels delivered promptly. Free bottled water included. Room behind elevator, quiet. Room darkening shades worked well. Safe room, coffeemaker supplies, ipod docking radio, HD tv. Everything good except airconditioner. It worked well, noisy. I earplugs I used...slept well. I would stay price right. The seedy streetlife New York. Homeless people parts city. Just ignore. I felt safe. The restaurant I try. Nearby Lenny's Westway Diner . Both 9th 43rd. Good food cheap.",0.3627344877344878,0.5830567580567582,Jul 6 2009
60,60,"Great price nice new room I stayed night 6/28. When I tried check small lobby filled bags barely room stand. I proceeded SPG line told rooms ready (this 2:00 p.m.). Not big deal since checkin later. The woman front desk friendly seemed overwhelmed baggage lobby. I asked front desk attendant hold bags came back around 6:00 p.m. able check in. My room 27th floor (the SPG floor) view roof Port Authority. The room clean, new, comfy bed. The curtains close properly, woke early next morning due sunlight. The rooms iHome iPod dock/clock radio, work.The elevators dirty made worst creeking noises. We time check gym. When I asked upgrades, I told suites still construction.As others mentioned, nicest block city. While unsafe, unsavory adult DVD stores homeless people flanking entrance.I would stay affordable, convenient, clean.",0.10775252525252525,0.4520454545454545,Jun 30 2009
61,61,"Nice Hotel ... With Some Flaws Just stayed four days friends. The nice rooms pretty spacious New York City travel. The problem I reviewers said - sketchy side street lot adult stores (four girls) feel safe walking night (or day area hooted hollered at). However, staff friendly checking us early allowing us leave bags room ready. Granted view Port Authority station, view great were! The lobby bit small bar area ready yet, since opened three weeks ago okay. They friendly giving us extra towels coffee, even razors us since bring flight.It close Times Square worries getting around NYC since near Subway station. The staff willing help get destination. GREAT (Cheap) pizza place right around corner - 2 pieces pizza pop $2.75 ... good pizza! Other that, food IMMEDIATELY next hotel. Beds soft, nice tv! Our iHome (ipod station) work disappointing. Note full size blow dryer bring one! Wireless great, although slow can't complain free internet! There eight rooms per floor soon step elevator ... BOOM room right there. But fairly quiet can't complain perspective. For four girls, low cost per night, complain much :)It problem getting taxi since size street walk 8th Street somewhat annoying dealable since taxi stand right street.",0.2200686264639753,0.5786955938118727,Jun 28 2009
62,62,"What heck thinking? You approach along narrow, one-way street available (legal) parking. Opposite property sits eyesore Port Authority Bus Terminal, rest hotels side block occupied adult video stores peepshows. I feel unsafe walking hotel, even relatively late evening, aware park.That said, solid. The (tiny) rooms well appointed great beds. There three us double room, literally get bed let someone walk past you. They indeed small. One ice machine serves entire property, matter floor elevator basement ice.In room itself, I said, beds GREAT. Roller shades either obscure view, provide acceptable blackout sleeping in. The internet available via wireless wired. It painfully slow, workable free. In indication hotels finally beginning understand things need plug in, available outlets everywhere!Dining available downstairs, ~$15 average breakfast, favor walk one block east stop Teleon Cafe. Breakfast (and dinner) cooked fresh fast reasonable price.Summary? At around $150 new property close Times Square, jump it. Just go aware potential shortcomings.",0.12954545454545455,0.45098484848484854,Jun 26 2009
63,63,"Great deal Times Square This fantastic. My husband I going NYC attend U.S. Open Golf tournament Long Island. We found special email received (as Starwood members). We booked immediately figuring brand new, go wrong. We right. The nice. The staff friendly accommodating. The block definitely side street big city (dingy, nothing pretty) certainly dangerous. We typically stay Times Square go NYC, particularly wanting near train station go Long Island, location perfect. It's brand new hotel, even though said running, hard tell, matter need restaurant hotel. It looks though cute little bar area open lobby area hotel. With prices offering, definitely become NYC staple us. It suited needs perfectly",0.20976606726606725,0.6265859140859141,Jun 22 2009
64,64,"Good Deal NYC This brand new (less month old) located corner 8th Ave 40th Street Manhattan. Overall block located fairly dingy, hotel's location right Midtown near major subway lines makes convenient areas Manhattan. Service friendly new property rooms spotless nicely decorated. The room tiny, fairly standard New York. Be aware rooms back face alley views kind. Despite that, bedding excellent free internet plus. For $200, solid deal perfect quick trip city.",0.2942279942279942,0.48191738816738816,Jun 18 2009
65,65,"Brand New Great Value Would Stay Again I stayed June 8 - 10 pleasantly surprised check I learned opened days prior, I first person stay room. I got rate $189/night, I think pretty good given proximity times square, fact free get high speed internet, bottled water, great little room. The staff excellent, room nicely appointed (but standard NYC small), gym wonderful well. The bit &quot;transitional&quot; area, meaning adult DVD shops hundred feet street, also right NY Times building, 8th ave. I definitely back modern, affordable, boutique style hotel.",0.2702080873671782,0.5165269578905943,Jun 17 2009
66,66,Sub Standard fÃ¼r ein Sheraton,0.0,0.0,Sep 29 2009
