,Unnamed: 0,Reviews,polarity,subject,Dates_extracted
0,0,"Moorish Zen NY-oasis I've stayed lot nice/luxurious/design/artyfarty/... hotels life, I must say: The Greenwich Hotels become new favourite.Very stylish. Very relaxing. No cold NY-design. Gorgeous spa. The NY-answer Hazienda Benazuza Sevilla.My general advice: go there: keep place exclusive... :-)",0.34090909090909094,0.7363636363636363,Nov 15 2009
1,1,"Greenwich Hotel Nirvana NYC My wife's birthday soon approaching I looking something special unforgettable could enjoy. I research found Greenwich style attractive spa looked right wife's alley. So I booked one bedroom corner fireplace suite Friday night getaway.We arrived car service Long Island, I must admit entrance difficult locate, privacy perk location. Once lobby enveloped sensory tease come. Aroma hinting peony's, colors textures warm heart. We welcomed Hallelujah staffing front desk. He asked name asked I ready. I asked ready what, said upgraded, REALLY upgraded. He lead us quick tour lobby drawing room elevators lift 6th floor. We rewarded upgrade unbelievable suite I ever laid eyes on, Greenwich Suite, two bedroom, two floored masterpiece 30 foot windows fireplace. We speechless verge giddy Hallelujah lead us grand tour. He explained lighting system ( yes, lighting networked) fact entrances 6th 7th floors. Once formal tour left us marvel suite. Every place eyes stopped ocular delight. The old growth wood floors, gray aged ceiling joists panels, majestic wall windows overlooking city, awesome. The dining table reclaimed wood, felt inviting touch. Placed table fresh fruit, grapes, pears, apples pomegranate looked like still life portrait, wife check see real. Propped fruit hand written note General Manager welcoming us Greenwich. There full kitchen ( like someone would cook here) fully stocked fridge gratis. There selection beer, wine liquor hand along full ice maker. The bedroom inviting, warm. Doors opened overlook courtyard, must incredible late spring early fall. The beds Duxiana. I heard commercials Dux beds Newsradio 880 years always wanted try them. Unfortunately, us. A little firm tastes. The bathrooms marble paradise huge soaking tub walk shower rain shower head. The robes soft towels plentiful. The toiletries Red Flower full sized (nice touch) smelled incredible. You love energy drink powder, yumm...zoom!After evening town, retired bed A.M. ordered room service breakfast. The sausage yummy eggs good enough comment about, organic upstate farm. We appointments spa, Shibui 11 A.M. two 50 minute relaxation Swedish treatments. We greeted therapists proceeded kneed, rub stretch us slumbery bliss. Let take minute talk spa pool. Wow, unbelievable. It warm pool area, plenty seating lounge chairs. The spa locker rooms steam showers want leave. After spa, overnight coming close. We stopped drawing room coffee surprised see Mel Gibson chose table next us. A cool way close cool overnight!",0.24974368318756068,0.5879008746355685,Nov 9 2009
2,2,"A nice change hotels city... My girl I tradition we've started, take Friday night every month every month stay city. Even though live nice apartments, nice stay new place romantic night in. The Greenwich Hotel place picked November 2009.So far we've stayed Standard Hotel twice Gramercy Park Hotel once, fantastic experiences. This time opted something different, thanks Tablethotels.com, I Tablet Plus member, found charming hotel. I restaurant, Locanda Verde, before, I never inside hotel. I'm glad checked in.i called day check-in confirm reservation told upgraded one-bedroom suite Greenwich Deluxe room whicih originally booked $695. When I arrived, I found upgrade longer available run room. I explained desk clerk I told I already upgraded mentioned &quot;subject availability.&quot; Well, instead telling I wrong, desk clerk creative thinking gave double upgrade corner suite, amazing.The entire decor European reminds time London Mandarin Oriental. The bathroom huge marbled, cool things like glass doors swing open shower toilet, located little compartments side side. There large sunken tub wonderful romantic evenings in, well. And bathroom amenities full-size, like SLS Beverly Hills, I stayed months ago business.The bed comfortable, room nice corner view Greenwich N. Moore. The room decorated lived decade, everything tasteful high quality. The old old, homey feel, feel like hotel, loved.All munchies minibar free, non-alcoholic drinks--a nice change. At check-in, given nice bottle cabernet two fresh-baked cookies, along two letters welcoming us (actually, letter card), $50 spa voucher. (Some benefits Tablet Plus member.)Even though room fourth floor, nice quiet, romantic evening slept soundly next morning.Because Tablet Plus status, actually guaranteed 4 p.m. late checkout, ended checking 2 p.m. Sad, too--I would loved stayed. There pool (rare Manhattan), chance use it.One thing...we dinner downstairs Locanda Verde. The food superb, feel neighborhood joint combined something hipper. The food amazing--try ricotta cheese appetizer, blue crab crostini, pumpkin agnolotti, mama's ravioli, lamb meatball sliders.",0.24082463667285095,0.5951151824366111,Nov 8 2009
3,3,"Unique NYC This fantastic like try something different classic NYC Manhattan experience still enjoy 5* luxury. We trip birthday stayed Corner Suite much better looks pictures noisey (fourth floor). The room beautiful dining table, wet bar sofas feel Italian Villa room NYC. Everything already said massive bathroom, luxury full size organic toiletries, wonderful ambiance public rooms great food restaurant. We found staff friendly polite even got personal letter General Manager sent home thanking us comments experience hotel. If research background building Robert De Niro's personal input decor fittings appreciate effort gone aspects unique hotel. We wonderful time definately back. Highly recommended!",0.3126736111111111,0.5509722222222223,Nov 2 2009
4,4,"Better Places Spend This Kind Money Service good, location excellent, vibe mellow.Noise hallway unacceptably loud (you hear entire conversation ordinary levels closed door, 10 feet bed, meaning wakes up). Also, shades sheer, read room 630am, lights off. Even if/when fix issues, lot money much - ordinary-sized room, ok furnishings, fine bathrooms, definitely place remember return to.",0.28205128205128205,0.575,Nov 1 2009
5,5,"Very good reservations Stayed try previously stayed Soho House (fav), Mercer (2nd fav) The Bowery (least fav three).My wife I love design hotels, The Greenwich lived expectations terms decor cases - general really well done good atmosphere round. Borderline 'Swiss chalet' areas, overall good, warm design. We stayed deluxe Greenwich, weird fittings room seem go well (chandelier one), offset size, bathrooms overall feel.Staff friendly helpful many cases - there's certainly room improvement - front desk particular - speed service communal areas could certainly improved.The spa good looks pictures, although spa treatments seemed totally top price-wise - even level. It's double similar places I gave miss although I would liked try.The Italian restaurant (which also served breakfast) also good - although breakfast lacking terms kind self service items (juice, cereals etc). By lacking mean non-existent, menu ordering only.The courtyard's lovely.There negatives, would make think twice staying again.Noise: The room noisy - could hear another room like occupants ours. May air vents something. Unfortunately us, guests room [--] night [--] movie loud.Several attempts address front desk get moved pretty much dismissed ignored. They said full, pay money get sleep ridiculous - sure higher spec rooms moved us. Not good.Perhaps quite bad garbage truck stop outside room 4:30-5am every morning hour, crushing rubbish. We room North Moore side, 4th floor, I woken every morning - already reduced sleep. Not good again.The best part room free basket snacks soft drinks water free - they're topped day! A nice touch.Having checked bill, looks like charged posting letter I gave checkout credit card - Â£0.64p. Nothing technically wrong - seems bit petty never happened anywhere I've stayed before.I've never stayed Tribeca before, thought nice change Soho Meatpacking, although general always walked Soho there's much around area (although great breakfast Bubby's round corner)All-in-all good experience, certainly made feel special always end judgement comes to. Why hotels insist front house sorted out, bit willing please? Simple things like always easiest fix, make biggest difference guest.",0.20626683501683504,0.5311333573833574,Oct 29 2009
6,6,"Noisy noisy noisy Stayed business trip. Am used city sounds noises restaurants awful. Kept us night. Though courtyard beautiful, ruin scene lat nigh restaurant dinners even staying hotel.",0.11666666666666665,0.8333333333333334,Sep 14 2009
7,7,"Expensive! But amazing service... wram wonderful. Stayed necessity (our booking web service another honoured, else booked), paid well planned, but...It beautiful, staff attentive, professional, yet casual friendly. The room comfortable, stylish, large, warm. &quot;Free&quot; treats, great toiletries, fab bathroom/shower.And spa basement!Restaurants A-1.A great stay.",0.3676190476190476,0.693015873015873,Sep 9 2009
8,8,"Tasteful pricey The Greenwich Hotel probably tastefully decorated I ever stayed I stayed 100 hotels last 5 years. However, also second expensive...I stayed Greenwich despite price range available Manhattan Labour weekend 2009. The pleasant lobby bar, cosy courtyard well equipped gym spa, I unfortunately brief look at. It located residential quiet part Greenwich, shortage restaurants cafes nearby.My room lovely wooden floors, comfortable bed, electric curtains, excellent sound proofing, excellent AC system beautiful bathroom. Add free non alcoholic drinks snacks I felt right home.My complaint would free wifi, much slow hampered work. Dont stay need fast internet. For romantic getaway, perfect.",0.277108843537415,0.6006802721088436,Sep 8 2009
9,9,"Quite simply best place NYC My girlfriend I stayed Greenwich Hotel 3 nights want leave. I wish booked longer stay. We found room extremely comfortable, peaceful quiet. The windows kept street noise heating/cooling system operated perfectly absolutely noise. The public areas, drawing room courtyard awesome. They comfortable inviting time providing elegance wherein appreciate enjoying something special. We enjoyed glasses wine drawing room wonderful meals courtyard. Often rooms ourselves. We also enjoyed beautifully designed peaceful pool area. Every time used pool ones there.I already encouraged many friends try restaurant, Locanda Verde. The food Locanda Verde fantastic. If looking romantic and/or relaxing place get away, I encourage strongly try hotel. The staff generally young, nice accomodating.We also enjoyed staying TriBeCa. It's clean, safe bit slower paced. It's easy get everywhere else city, including shopping SoHo. It best restaurants within easy walk along beautiful city streets. We'll back soon.",0.42225170068027207,0.6372448979591835,Jul 23 2009
10,10,"A wonderful magical place! My wife I stayed The Greenwich last week, needed local vacation repair work apartment. Our stay amazing, staff way par, cleanliness atmosphere also outstanding. We picked loved interiors seen before. The rooms super comfy, bed like home. You also see enjoy pool, true wonder NYC, mention amazing music atmosphere lobby lounge area, enjoyed drinks back! Overall, great, quiet relaxing place stay.",0.34490740740740733,0.5189814814814816,Jul 8 2009
11,11,"Greenwich Hotel: Best In New York! Just returned two nights Greenwich Hotel wich located TriBeca. The place, opened last year Rober De Niro, positively best place stay city. Casual yet elegant young, friendly staff excelled making wife I feel welcome. We delayed airline 7:00 pm play catch (the reason trip) staff helped rush us room quick check-in cab waiting us quickly move us uptown make play time. The room featured king bed french doors overlooked pretty courtyard kitted unusual items complimentary mini-bar. A large basket snacks, ranging chips exotic treats, large wire basket, charge. The common rooms feature cool, comfortable chairs couches wood-burning fireplace adjacent open courtyard. The area quiet, many great restaurants within walking distance. The restaurant recently changed hands Italian food top. We dined 2 nights row, something unheard city many choices. Wake call 6 day departure included typical phone call, also knock door pot hot coffee. Truly wonderful over-all experience.",0.30410853432282003,0.5763945578231293,Jun 19 2009
12,12,"Excellent - we'll get back Our first stay - 4 nigths. Extremely friendly staff. The restaurant Laconda Verde absolutely recommendable, lots guests, good service excellent food. Gym really OK - try Spa looks great. Complimentary Internet non-alcoholic bar (plenty). The bit pricy value-for-money top. Our room beautiful (stayed Superior Greenwich Room). We go NYC year also next time. Johansen Denmark.",0.5125,0.605952380952381,Jun 1 2009
13,13,"Loved it.. Stayed three nights The Greenwich Hotel title suggests, loved it. It's obviously matter personal taste, love way decorated calm atmosphere pervades. We stayed Deluxe Greenwich room lovely spacious New York standards. We also took look Corner Suite, beautiful bigger friend's flats... expensive. Back December '08 stayed Gramercy Park Hotel nights visit Mercer. The Greenwich clear favorite, two good, staff Gramercy little cool school Mercer excellent, feels little cramped. If addicted trying new hotels, would one make us stick twist.",0.2209090909090909,0.5890969696969697,May 30 2009
14,14,"A sophisticated escape My husband I chose new much-needed one-night getaway. The first room brought us smelled like smoke, I noticed mentioned immediately. The staff gracious admitted problem (saying &quot;can't police guests&quot; moved us nicer room even though &quot;fully committed.&quot; The room spacious king size bed, desk, armchair, settee table. The bathroom done unique spanish tile, large dual-head shower. The bed outrageously comfortable. We enjoyed included (won't call free price) snacks bevs. We massages spa excellent given top guy there. The pool warm lovely. Our complaints intermittent high-pitched whining sound, perhaps elevator, fact breakfast arrive requested time required two phone calls resolve. Oh--and wifi requires password include printed guide--why not? All all, good stay I wish could afford stay longer!",0.3876432391138273,0.6394130379424496,May 4 2009
15,15,"Charming I Tribeca resident, I needed extra space Christmas holiday family I selected The Greenwich Hotel. I pleased! The exemplifies understated elegance. From moment walk feels escaped hectic city. The rooms bit pricey, I felt certainly worth it. Each room individually decorated....a bit eclectic minimalist, everything room high quality. The mattresses Duxiana, toiletries generous portions Red Flower products (one favorites). There even wonderful complimentary snack basket room treats Twizzlers, Tates Cookies, mints, etc. The public sitting area beautiful restaurant Ago great meeting spot. Overall I think great find nice change traditional luxury hotels NYC.",0.37902777777777774,0.5531481481481482,Jan 3 2009
16,16,"Highly recommended I stayed Tribeca five nights return. My room lovely hardwood floors, high ceiling large opening window. The amenities great; bed comfortable firm without rock hard. The staff excellent; doormen prompt friendly, desk staff attentive helpful. It beautiful gym I ever used life equipment excellent. Although website say (nor staff call): Japanese style pool well (about 85F), sure bring bathing suit. It quiet surprisingly little street noise (much less Ganzevoort Library Hotels), interior door helps keep noise hallways (although quiet event). The location great. It took minutes walk Soho, couple blocks Hudson River. The riverfront park directly west restored completely torn right now; however, go block two south lovely walk miles. I felt safe walking Greenwich Street night nice know staff would noticed I made back evening. There courtyard lounge guests nice respite city streets without hole room. One thing I found annoying numerous business meetings conducted lounge. Whenever meeting ongoing (every evening), felt like I sitting conference room relaxing guest-only lounge. The restaurant nothing write home about. The service ambience great, menu uninspired execution unimpressive. My meal tasted exclusively salt. Thalassa (a Greek restaurant blocks away) much better choice.",0.24822916666666664,0.5927043650793651,Nov 20 2008
17,17,"Very nice I recently stayed 2 nights happy aspects hotel. The room eclectic interesting, like decor hotel, great sheets, towels, products (Red Flower), etc. I like gratis mini-bar snacks (not including alcohol) free wi-fi. Good pool. Best service pleasant helpful. I'd stay second.",0.5375757575757576,0.5606060606060607,Nov 18 2008
18,18,"Dissapointing We stayed Greenwich two nights October overall dissapointed. The room big bed confortable, cold impersonal. The desk staff nice, felt like ones staying hotel. There also VERY annoying sounds night long. There something depressing place. We much preferred Mercer...",-0.11181818181818183,0.5636363636363637,Nov 12 2008
19,19,"Truly badly conceived executed. I still surprised I spent 766.00 per night uninspiring small room starkly furnished, bleak.Lighting problem put specific multiple choice comment card.The pool closed &quot;cleaning' stay.The staff good, can't make really poorly executed project I found artless almost depressing.These people get it.",-0.033846153846153845,0.44397435897435894,Nov 11 2008
20,20,"Wonderful stay Tribeca We spent one night quick getaway pleased. The feels European everything taken care of. THe room beautifully appointed comfortable bed, high count sheets tiny balcony looked courtyard. The bathroom stunning luxurious. The mini bar gratis except liquor. They beautiful pool large fitness area. Both surrounded construction (the opened) accessible guests. The disapppointment restaurant Ago lovely lofy space, food barely adequate. Although complementary continental breakfast delicious.",0.4156442577030812,0.6662885154061625,Jun 13 2008
