,Unnamed: 0,Reviews,polarity,subject,Dates_extracted
0,0,"Really nice! Stayed husband 5 nights. We really pleased hotel, room spacious, stylish ultraclean even side view Empire State Building. Staff helpful polite. Location perfect!One night returned dinner complimentary box chocolates us - made us happy!Only minus breakfast restaurant really cold, AC full although hot outside...",0.215,0.635,0.635
1,1,"Brilliant location Staff Morgans Hotel friendly helpful, stay November first visit New York. The location brilliant 5min walk away Empire State Building 10min walk away Times Square &amp; Grand Central Station. We found continental breakfast good way set day, fresh fruit, cereal, bagels, muffins name things lay table Asia de Cuba; modern restaurant/bar within hotel. Our room 1902 top floor, room made stay extra special...the design room lovely open shower bedroom high spire-like celing made room unique. Also bed huge!! The roof terrace lovely views Empire State Building nice sit &amp; relax listening noise city. We thought day free tea &amp; coffee service Living Room 4th floor nice touch place sit &amp; relax hard days shopping!! This modern black &amp; white theme way through, trendy warm welcoming feeling it....i would recommend anyone.",0.32710599296536796,0.5979599567099567,0.5979599567099567
2,2,"Definitely returning one I've stayed lot chain names NYC trust meet standards. But costs make gasp. This service, high-quality room safe location bargain price. Our Travelzoo promotion even included Metro card, handled sightseeing first day.Morgans gem, I plan return.",0.125,0.2847222222222222,Nov 16 2009
3,3,"It's OK My sister I girls' getaway long weekend NYC. We found The Morgan's online called directly reservation. We purchase upgrade suite regular rooms filled, bad price compared cost suites The City. The suite good sized, exception bathroom, TINY! The checker board wall tile help look bigger.The suite given windows two sides, would expect would provide nice light. However one side looked DIRECTLY another bedroom. Yes, could actually see people laying bed left shade slightly. The window view wall - dark dismal. When asked moved room dark, told rooms sold out. This early afternoon, seem sensible alternatives available. We got feeling might much trouble actually check.Watch &quot;free interenet&quot; That true laptop. If use computer 4th floor &quot;living room&quot; purchase internet connection. The connection sort slow... end buying time order complete anything need on-line. Most upscale hotels charge more.When checking asked bill divided evenly two credit cards. Come find entire amount charged one credit card. Luckly, I said, I traveling sister, worked us. So verify receipts leave.Overall, location good, size suite nice (except bathroom).the staff friendly, breakfast fresh good. Not GREAT great deal NYC, certainly OK.",0.1962393162393162,0.5160322156476003,Nov 14 2009
4,4,"Very friendly We visited NYC Australia impressed well presented Morgans hotel. The staff consistently friendly, fake, surpassed expectations. We pleasantly surprised discovered upgraded deluxe room long lounge seat pleasant view. The rooms expected quite small, particularly bathroom, well furnished old building excellent condition. A tip NYC travelers pack light pay larger room, remain organised order trawl large luggage within confines small room; since hardly ever room big deal. A neat surprise new lounge area, complimentary tea coffee well LCD tvs, paid internet access couches relax plan travels. I also made use new gym, enough equipment keep fitness whilst visiting. The complimentary continental breakfast great, open 11am; enough keep hunger bay lunch. Location great, would simply stroll 5 mins Grand Central, continue Central Park. There much night life Midtown, taxis plentiful relatively cheap. For reason broke trip two, Morgans excellent base touring central northern NY, decided spend days South could walk around.Overall happy, enjoyed new lounge gym, course polite friendly staff.",0.23416767341185946,0.5695585422329609,Nov 7 2009
5,5,"Wonderful Stay Morgan! This first stay property last. We found Morgan searching TA best bang buck, usual started looking last minute. Many normal NY hotels full I came across Morgan. The sits favorite area (Murry Hill), close everything. The Hotel Madison Ave 37 38th. A small convenience store sits right next water Misc. And liquor store directly across street. Asia de Cuba restaurant one best spots NY happy hour dinner. This also eat free continental morning.We loft room, aprox 460 SF loved it. The room modern functional comfortable. The area I thought lacking bathroom. The shower small entire space cold dark feeling. The sink tiny every time used water splashed every where. There also place set things mirror super small. The tub however great. All all, spoil room one bit. The bed one best I ever slept in. The 2 flat screens nicely placed reception clear.The staff fabulous throughout hotel, kind helpful. The gym small functional clean.The fourth floor lounge extra room sit coffee, watch tv, use apple computers, newspapers magazines. I guess comes handy large group want mingle real lobby furniture chairs.All great stay return.",0.25642676767676764,0.5224206349206351,Nov 7 2009
6,6,"Unremarkably excellent I really enjoyed stay. People friendly, breakfast nice room quiet. The bathroom seemed bit old-fashioned, problem, maybe I like style.Thank Debbie guidelines conditioner. A guest Austria appreciates dedication job help finding product again. This review mostly you.",0.49583333333333335,0.6722222222222222,Nov 6 2009
7,7,"Stylish santuary city never sleeps! We arrived approaching midnight stormy October evening nightmarish flight BA (don't ask!). Immediately enter tasteful lobby area greeted air warmth, courtesy professionalism exceptional staff. The room perfect us - young(ish!) professional couple: smart decor, lacking attention detail finishing places (but still incredible value price); beautifully soft linen bedding collapse end another hectic NYC day; large flatscreen TV great selection channels (in comparison European hotels); desk/dressing table area genorous helping electrical sockets technilogical gizmos; full-length well-lit mirror check look vaguely presentable; window-ledge cushioned seating area allowing admire views whilst planning itenary day. The slight letdown us bathroom, could've used little TLC: bathtub quite worn chipped enamel places, plus slow drain like long, lingering hot showers long days' sight-seeing need keep eye water level tub; close overflowing occassions! These, however, minor gripes especially consider astonishing value money offers. Included price delicious continental breakfast, comprising bagels, cream cheese, croissants, jam, fresh fruit, yoghurt, muffins, fresh juice tea/coffee. Another major plus-point location, right heart bustling Manhattan, blocks Empire State Building little Times Square. You're also stone's throw magnificent Grand Central station access part city (and beyond!) heart desires. We found fourth floor 'Living Room' marvellous asset too, especially use internet facilities check return flight sometimes uncomfortable gulf room check-out airport transfer. The thing really set place apart, though, amazing staff: helpful, friendly full great ideas recommendations, people really know stuff - hesitate ask anything everything stay NYC! I would thoroughly recommend Morgans anyone - I hope stay wonderful was.",0.2169591097308489,0.5605900621118012,Oct 30 2009
8,8,"Morgan's - The Best I Have Experienced The Big Apple I stayed NY Australia 3 occasions now. Previously I one disappointing one good - Morgan's sits high both. We standard Queen room - right amount space. The bed actually Queen, I seen misadvertised past. The room clean modern, complete wall mounted flat screen TV (not I travel internationally watch TV - great mornings/nights activities day/night). The location great, Madison Avenue right next 5th Avenue - ideal location looking partake shopping Meccah NYC. Also I stayed midtown (off Broadway) twice, I would recommend Morgan's location that. Staying Broadway nice novelty first time NYC, I enjoyed away time. At Morgan's located close distance New York tourist attractions (Broadway, 5th Avenue, Central Park, Empire State etc.) great position want explore city SoHo, China Town, Chelsea, Financial District on. The restaurant fine - lucky enough complimentry breakfast daily included stay - always good start day - could possibly want simple breakfast there, breads, cereals, fruit, juice coffee. There also menu want upscale breaky. I never ate lunch dinner restaurant, can't comment this.Easily jewel crown Morgan's though staff. Even staff randomly run elevator hall say hello ask day is. The front desk/concierge/door staff exceptional - nothing ever hassle them. I able easily arrange late check late check out. The staff also keen know planned day day return. On top fiance slight medical emergency early morning one stays - I call front desk suggested local hospital provided 24 hour care. The staff member time helped get cab ensured driver knew exactly take us. Hours late arrived staff member helpful wanting know everything okay, offered assistance incredibly courteous. Overall staff best I come accross (both international domestic) - I next travel New York easiest decision I make staying Morgan's.My tiny negative would fact free Wi-Fi service guests - something come accross often hotels, I even call complaint - something would make Morgan's even superior already are.Overall - easily best stay I - I would recommend traveller I knew going New York I stay next jaunt New York City. Thanks Morgan's.",0.20472142576038677,0.44796649238207686,Oct 26 2009
9,9,"Really enjoyed honeymoon Only two days wedding Netherlands, arrived Morgans. We mentioned newly-weds lady reception arranged quiet room us.When returning room first walk town -yes, Morgans central located- suprised find wedding-gift room (CD), offered us Hotel Manager.Breakfast also good, would need anything more: fruit&amp;yoghurt, cereal, bagles, croissants, etc, etc. Went 'Asia de Cuba' later week great dinner (reservations made staff, another example friendly servicable staff Morgans).Another point mention: living room 4th floor. free coffee &amp; tea, lots magazines read two TV-sets. Only thing missing: free wifi....In short: thanks service received Morgans, honeymoon NYC could better. When returning New York, surely choose Morgans again!",0.2729665071770335,0.5242158426368952,Oct 19 2009
10,10,"Just love I stayed Morgan's mum mid-seventies loved it. When arrived almost 22 hours elapsed since left home travel long way get Heathrow flight JFK. We arrived, exhausted, Morgan's 10pm local time told room unavailable leak kind. We sent Kitano Hotel around corner one night fine apart fact next door noisy American girls late teens get much sleep spite complaining front desk. When staff Morgan's found waived room charge Kitano also charge first night Morgan's. In addition upgraded Loft suite rest stay given beautiful platter fresh fruit bottle wine!Breakfast great - plenty fresh fruit, tea, coffee, croissants, bagels, cereal fruit juice. The Loft fabulous - spotlessly clean, bright spacious one comfortable beds I ever slept in! I found location ideal, minutes walk Grand Central Station shops 34th Street. I would recommend anyone travelling New York, would definitely stay I return. I sincerely hope Morgan's management realise much asset staff are, especially William Ha front desk warm lovely people. We come across rude New Yorkers everyone Morgan's fantastic! Thank wonderful stay.",0.26919191919191915,0.576010101010101,Oct 17 2009
11,11,"Great place stay At first I worried Morgans Hotel far away I wanted (near Central Park, Times Square..) staying first night 3 night trip I figure places far away Morgans Hotel great location many things around well. It felt like I living loft rather hotel. The free breakfast great, staff nice (they went way find 2 umbrellas use unexpected rain storm), room nice view. I decided next time I go back New York City, I AVOIDING crowded Times Square area staying Morgans. Oh, also great kids. We went husbands business three year old I felt safe home alone meetings.",0.33744588744588744,0.6152958152958153,Oct 10 2009
12,12,Wonderful Wedding Night stay! This chic sexy hotel! I've stayed sister hotels South Beach Morgan's group never ceases amaze. The round tub delightful room's layout gave us privacy gave suite feel. The concierge helpful Manager sent complimentary champagne strawberries dipped chocolate gift since wedding night.,0.4875,0.6999999999999998,Oct 8 2009
13,13,"Clean typical NY ok location The location bad mind walking blocks get Times Square, Rockfeller Center, etc. Bathroom small, I think could sit toilet open door (although I know would, boyfriend walk pee...easily anyway). When first got room I noticed looked like lock ripped door. We way Museum Nat History, I asked could please moved. When I got back, told engineer fixed lock door. I little wary staying room, manager gave us free room service rooms available. Very polite. We able stow bags morning pick afternoon leaving. Didn't try restaurant, I think I would've anyway. There way many good restaurants city eat hotel!",0.09603174603174602,0.419047619047619,Oct 8 2009
14,14,"My new favorite place stay NY. Excellent location, exceptional staff - friendly accomodating. Clean comfortable.",0.5081709956709956,0.8006493506493506,Sep 24 2009
15,15,"Amazing honeymoon NYC We returned days ago week long honeymoon Morgans, asked fr better experience.We arrived following long flight UK, little sleep, hour check time. Unfortunately room ready bags taken shown living room enjoyed comfortable sofas, magazines, TV complimentary tea coffee (the caffeine godsend!). When able check in, told given upgrade superior room, completely unexpected! The front desk staff friendly helpful, guy showed us room carried bags fantastic, showed us every amenity room, gave us recommendations, completely engaging friendly.The room lovely spacious, view Empire State Building. The tolietries provided lovely (especially shower gel!) bed one comfortable I've stayed in. After unpacking reshen up, went early dinner, came back early night, find bottle water cookies left welcome gift!The rest week marvellous. Every member staff encountered friendly, asking stay going keen offer recommendations wanted them. Nothing much trouble staff. Even little touches, like every time went one front desk staff would always call &quot;Hello ladies&quot; offer us big smile, made us feel welcome.The fantastic location, close many sights within easy reach subway, time quiet enough location never bothered street noise.The complimentary breakfast lovely touch, croissants tasty. We ate mornings (although venture mornings authentic NY breakfast!). We also ate one evening Asia de Cuba (the front desk staff made reservation us) fantastic.The end week came fast disappointed leave. We checked morning leaving NY til 5pm, made use f living room change freshen long flight.I cannot thank staff Morgan's enough. We've NY together times, really wanted make memorable trip honeymoon. Morgans far best we've stayed NY wonderful time. I'd recommend anyone travelling city",0.22740660919540226,0.5632183908045978,Sep 12 2009
16,16,"Convenient Location Okay amenities From street, would never know Morgans Hotel since name display. Convenient location uptown attractions: Empire State Building, 5th Ave. shopping, Korea Town, etc.PROS: modern decor, quiet hallways, living room w/ free tea &amp; coffee; free continental breakfast (not great good); day pass near-by New York Sports ClubCONS: toiletries, internet living room costs $$$Suggestions increase comfort since I know management sometimes read reviews: 1) free bottled waters; 2) free lotion included w/ toiletries (lotion mini-bar $$$); 3) place vent restroom",0.1946969696969697,0.5281565656565655,Sep 7 2009
17,17,Very good Midtown Manhattan I would describe good. Upon check offered choice quieter scenic room.Overall decent position within walking distance everywhere needed be. We plenty space (in King Suite) bed comfortable. For Midtown Manhattan room quiet disturbed duing stay.Main negatives cleanliness shower (particularly extractor area it) could improved television picture great.Hairdyer broke use quickly repaired welcome chocolates nice touch.We didnt think much continental breakfast (dry croisants muffin) didnt bother going first morning (we eight nights) plenty decent locations nearby.Use wifi internet room fairly expensive $10 day.If returning would probably include shortlist wouldnt automatically first pick.,0.293921568627451,0.5674509803921568,Sep 7 2009
18,18,"Good days' stay We party 4 adults 2 teenagers stayed 4 nights end August 2009. The location good Madison Avenue within easy walking distance Empire State Building Times Square. The rooms fine, nothing fancy comfortable, clean quite well equipped. We continental breakfast included served adjoining restaurant (with connecting door access) OK became bit repetitive days. There communal 'living room' 4th floor sofas, televisions large table complimentary coffee. Other public area lobby. The staff pleasant helpful. All-in-all good base short visit NY.",0.1844642857142857,0.5160119047619047,Sep 6 2009
19,19,"Such disappointment For boutique hotel, stay turned running disaster. We stayed three days. One adult one teen-ager. This nieces first stay NYC I wanted special. By end stay, totally hated refused step foot it. She felt desk staff snobby. The facilities broke staff nothing repair there. The staff cater kids teen-agers well. The glass shower door never closed properly reported (twice) told front desk staff supposed &quot;not close!&quot; Now imagine bathroom floor flooding time niece I took shower shower door swung open whole time planned thing.... totally unexceptable. Dangerous poor excuse part.The room temperature never able adjusted comfortable range even though dial numbers said comfortable range. So room hot whole time there. The toilet became plugged reported fixed morning left. The two electronic room keys quit working get replaced. Last least, outside doorknob room fell off. Unbelieavable! The next day, checked forgot something wanted get back room. We let room one doorman. The handle fell hand again. He nonchanlantly put back again. Obviously things get fixed place. The pluses: comfortable beds nice TV, continental breakfast. Very nice doormen. I stayed good room know bad room really gotten worse since I last visited April.",0.02434765776229191,0.4254548974061169,Sep 6 2009
20,20,"An incredible stay NYC My wife I 'reentering' US two weeks Turkey Greece. We lived NYC years past, try visit least year recharge city's energy amazing people. We thoroughly enjoy research prior visit unearthing new finds (at least us) also good value.I believe Morgan's hit ballpark us. It really delivered fronts; incredible value (considering unsolicited upgrade), fantastically comfortable beds, sincere/friendly/helpful front desk service staff. And lastly complimentary breakfast adjacent Asia de Cuba restaurant perfect 10.We knew would need quiet adjust sleeping patterns catch jet lag. I mentioned woman took reservations 4 weeks prior arrival. She apparently passed along notes reservation, checked in, told upgraded quiet suite back hotel. As turned room ideal. They put us room nice sized living room separated bedroom sliding doors bathroom. Both bedroom living room overlooked air shaft, kept room dark quiet. A perfect environment catch sleep odd hours next days.We definitely back! Thank Morgan's staff, incredible.-S. Smith",0.2490224828934506,0.4506842619745846,Sep 5 2009
21,21,"Public spaces OK downhill Bought PricelineÂ´s auction, paying $185 one night (incl. taxes). Listed Priceline 4-4.5 star (out 5 possible) NYCÂ´s Central Park South Zone. While staff friendly, public spaces I guess one might call innovative, hallways reminded us YMCAÂ´s residency halls Manhattan. The rooms tacky little boxes -- probably hasty makeovers SRO (Single Room Occupancy) hotels times gone by. Bathrooms might possibly rival HitchcockÂ´s Bates Motel, much. The elevators worked well, though. Sam E",0.1513392857142857,0.48313492063492064,Aug 29 2009
22,22,"A home away home I actually staying second night I decided write this. I read various Trip Advisor reviews I arrived concur positive reviews hotel. On arrival met enthusiastic staff. The staff member checked us humorous, respectful, welcoming friendly. The guy brought us room enthusiastic yet &quot;down earth&quot; gave us advice place eat arrival. We took certainly seeking advice again. Our room cool comfortable frankly lot pleasant several (some expensive) NYC hotels stayed in. At end long day NYC, bonus come home Morgans. By way, WiFi issues past sorted... I writing review iPhone room.",0.24674458874458877,0.5529274891774891,Aug 28 2009
23,23,"beautiful friendly perfectly located We spent honeymoon NY Morgans helped make wonderful time. First all, positively surprised room looked exactly like photos website: beautifully designed room lot love details. When comes taste, 5-stars could really learn them! Of course, everything clean well. The real surprise followed opened curtain: panorama view Empire State Building, simply breath-taking. The staff always friendly helpful everything make us feel comfortable.",0.4305729166666667,0.618779761904762,Aug 21 2009
24,24,"Mediocre - Not 4 star After reading favorable reviews, stay Morgan's New York disappointing. It started bad check experience. I arrived shortly 1:00 PM Saturday, arriving NYC train. I asked room king bed, advised &quot;Standard&quot; &quot;Deluxe&quot; rooms Queen beds. I asked room two twin beds, told rooms existed ( contrary described earlier reviewer ). I told I would pay upgrade suite, I wanted king bed. Since tickets 2:00 PM matinee, I agreed I thought $75 flat rate suite upgrade, annoyed I received bill almost $90 check - manager refused reduce. On plus side, rate includes nice Continental buffet breakfast. The mattress comfortable, I might able get good nights sleep, except roar antiquated A/C system - much hot sleep, turned A/C off. Perhaps &quot;back bus&quot; treatment given Hotwire clients, I feel much nicer places stay New York.",0.08084415584415584,0.6417027417027417,Aug 17 2009
25,25,"Boutique convenient New York City Location We stayed 2 nights Morgans Hotel New York City. Our accomodations included continental breakfast. The room adequate, clean, suited needs. The bathroom small, probably standard New York City. The shower little strange us since cement floor contiguous rest bathroom floor. Most equipment appeared new good condition exception hair dryer iron appeared ancient, worked okay. We able find great deal Hotwire. If pay regular full price, I think would worth it. The location probably best part. It within easy walking distance many major sites subway.The worst part stay awakened 1 loud street construction noise - jackhammering hour two.",0.2261994949494949,0.48569881507381507,Aug 15 2009
26,26,"The staff testament art customer service Coming customer service business, often I'm 'wowed' staff elsewhere, Morgans Hotel knocked socks off. I arriving early called airport see early check-in would possible. Not accomodate request, upgraded me, spent 20 minutes upon check-in helping map next destination city. Their room service actually calls room prior bringing delivery, special touch I love. And front desk staff makes point greet name every time enter go out. The room great- fantastic size relative places I've stayed, especially price. And plenty space store clothes toiletries thanks cute little closets built wall. The bathroom small cramped...but bathroom nyc.A+ Morgans, I can't wait come back stay again!",0.11473214285714287,0.45482142857142865,Aug 11 2009
27,27,"Very Nice Hotel I loved location one block away 5th Avenue close Empire state building. It's Madison Avenue lovely, quiet area. The staff extremely friendly courteous. This family's treat birthday. I stayed one night alone. I told front desk clerk day I checked in, went toiletries. When I came back, I chocolate cake, coffee ice cream candle it, large bottle water, lovely note waiting me. That extra touch made feel special, The bed one comfortable beds I ever slept in. I definitely stay again.",0.35188775510204084,0.5738095238095237,Jul 30 2009
28,28,"UNIQUE STYLE WITH GREAT PRICE What refreshing decor service. This everything need. The rooms quiet even middle New York City. Bathrooms treat huge shower heads wonderful toiletries. The complimentary breakfast great way start day. Everyone friendly helpful.My husband I travelled lot States overseas. This highly recommend.Thank Morgans, New York",0.3832867132867133,0.6371095571095572,Jul 29 2009
29,29,"Much better expected Wow, real NYC hotel, giant signs- &quot;in know&quot;. Impressive lobby. My sister I booked double offered two singles extra charge, really appreciated offer! High quality linens bedding made comfortable sleep. The location amazing, could even see Central Park room. Helpful staff even delivered toothpaste room morning realised forgotten. Wish nights stay city, us magical, memorable visit- enhanced quality accomodation friendly, efficient staff. Thanks.",0.2947222222222223,0.5716666666666667,Jul 27 2009
30,30,"A home away home I loved Morgans many reasons. I loved felt like residence rather hotel. I loved attitude staff - never much trouble help assist question have. I loved location - right Madison Avenue within walking distance sightseeing shopping.I stayed number group hotel's - including Mondrian's, Clift, Hudson St' Martin's Lane nicest. The rooms well equipped relaxing atmosphere.Asia de Cuba next door lively scene quiet feels like upscale residence. Everything awarded 5/5 except rooms. To clarify, nothing wrong - bed incredibly comfy showers great - I traditional kind person I want free wi-fi tea/coffee making facilities room - included rack rate. If could make change would fabulous.",0.3590567327409433,0.6352130325814538,Jul 23 2009
31,31,"A Gem Stayed week Morgans New York. Loved hotel, loved rooms, loved staff. The rooms nicely furbished excellent view city. The room everything + loved fact also iPod dock. Rooms clean, may bit small American standards. Large enough us Europeans though. All staff friendly helpful. Room rate included breakfast, quite nice fresh fruit bagels etc. And located conveniently Midtown close Grand Central Station, Empire State Building sites.",0.3604908008658009,0.6029058441558443,Jul 23 2009
32,32,"Enjoyed stay except lack internet I lovely time Morgans Hotel -- rooms nicely furnished well-appointed. The free breakfast Asia de Cuba morning huge plus; really nice able take coffee croissant (which good!) go. My complaint wireless situation -- $10 day would BARELY work us. The wireless signal weak best, time work all. Having internet access fairly important us we're away home, I'm still undecided I would stay again. I've stayed boutique hotels area -- 70 Park, Roger Williams, they're pretty comparable. I would stay Morgans two wireless situation better.",0.33026315789473687,0.6594736842105263,Jul 20 2009
33,33,"Perfect stay perfect sized The Morgans situated blocks Empire State building, close enough theatre district without right Times Square traffic. It medium sized, get traffic huge hotel, still get full service. The staff outstanding. Very helpful, friendly efficient. The design rooms modern dash retro. All black white, New York. The beds amazing, rooms well isolated. We hear thing whole stay. We definitely go back.",0.2878511303511304,0.5152753727753727,Jul 14 2009
34,34,"Fantastic Stay I looking forward staying Morgans reviews here. It lived expectation! The staff super nice free continental breakfast Asia de Cuba every morning. What great value. And location fabulous. One block away great shopping famed 5th Avenue boutiques. 4 blocks away Grand Central Terminal. Who ask convenient location? You also get free daily gym pass NYSC street wish. The thing stay bit annoying TV signal snowy furnishings bit dated minor chips wear tear tiles furniture. Besides that, perfect stay. Kudos management.",0.30751633986928106,0.6944444444444444,Jul 11 2009
35,35,"Style comfort excellent location Stylish desing, good location Madison avenue, comfortable rooms, friendly service - one need? The room rate also includes satisfying breakfast Asia de Cuba. Have stayed many Manhattan hotels years, Morgans definitely NO 1 3 4 stars categories. Would definitely recommend!",0.4625,0.6900000000000001,Jul 6 2009
36,36,"Great What stay: stylish design, peaceful elegant room, good location, helpful staff - wonderful! We highly recommend Asia de Cuba restaurant too!",0.5642857142857143,0.7699999999999999,Jun 30 2009
37,37,Enjoyed stay Morgans The staff Morgans friendly helpful. Our room clean comfortable although bathroom small. The continental breakfast plus. The location convenient Times Square mind walking 8-10 blocks.,0.2853333333333334,0.686,Jun 29 2009
38,38,One kind From moment step lobby recognize Morgans attention detail design permeates entire hotel. Look moving checkerboard display lobby ceiling. Follow checkerboard theme tiles carpeting. IOne morning I listened group design students lobby given explanation designer trying accomplish. Visit MOMA return really enjoy Morgans. But great design create exceptional staff comfortable rooms. What important elements experience?THE BEDS AND SHOWERS ARE AMAZING. No need repeat comments great breakfast unique 4th floor living room. And afford suite extra sitting room indeed one kind experience.,0.4724358974358974,0.7480769230769232,Jun 23 2009
39,39,"Thank Morgans delightful stay. The staff amazingly efficient friendly. The moment I walked hotel, I welcomed charming bellman ready direct equally terrific front desk receptionist. Everyone top game. The rooms stunning super clean. Beds comfortable. The breakfast perfect location convenient theater, shopping, great restaurants. Great value. It's top list.",0.45735294117647063,0.7274509803921569,Jun 22 2009
40,40,"All You Could Want A New York City Hotel! We stayed Morgan past winter, attending Broadway play. Our room perfect, view Empire State Building. The lovely, private breakfast Asia de Cuba completely unexpected pleasant surprise, especially today's tough economic market. The front desk agents helpful, providing us excellent answers questions. We loved living room concept, able get cup coffee, relax sightseeing meals. Housekeeping well run, every request quickly graciously responded to. We recommended many friends--who said big city hotels can't provide visitors little personal attention TLC?",0.26898591174906966,0.6028708133971292,Jun 22 2009
41,41,"Exceptional Experience!! Our daughter son-in-law welcomed first child, baby Benjamin, NYU Medical Center. Staying Morgan perfect location 82 year old mother-in-law (the great-grandma). We short cab ride hospital, staff fabulous assisting us. The rooms spacious, clean staff great. We felt welcomed, course, &quot;ooo'd ahhh'd&quot; photos new family addition!!Thanks! Dr. Noreen M. Sisko",0.3489267676767677,0.5114898989898989,Jun 16 2009
42,42,"Top class - ignore previous review Firstly I cannot let previous review go without comment - I stayed many hotels Paris Morgan NY beats them, I cannot understand reviewers expectations were.Now review arrived JFK Friday May 29th took Airtran Penn Stn arriving 5pm easy I would even think getting shuttle cab - however arriving Penn rush hour Friday !!! even think getting cab time, fortunately Morgan Hotel brisk ten minute walk 20 us cases.Check went smoothly reception staff VERY helpful (more later). We went room 4th floor (419 I think) looked courtyard (a plus noise Madison) . The location excellent right middle midtown close many bars restaurants 36th 34th streets. As previous reviewer commented also close Grand Central Station must see !! Thew foodcourt Jumiors best New York Cheesecake ever taste.Breakfast taken Asia de Cuba restaurant attached staff could helpful wishing bright &quot;good Morning&quot; offering toast bagel ! The quality choice breakfast items offer first class enough send way sighseeing. Now back Reception staff ! I must asked half dozen questions one answered confidence smile know answer looked internet screens could NOT helpful asset hotel.Housekeeping first class word &quot;living room&quot; - room available guests containing Tea &amp; Coffee day two flat screen TV's - useful us leave late afternoon - I would hesitation recommending Morgans New York would definitely stay NYC. Fionally, got great deal Hotwire get good deal look anywhere else.",0.295703226461039,0.40424512987013,Jun 15 2009
43,43,"Does worth stay I stayed 4 nights. The room view, noisy even air conditioning closed. I sleep Sony headphones! Breakfast included choice poor. Frontdesk friendly. Location OK. I come back NY fall, I find another hotel.",-0.017032967032967035,0.2835164835164835,Jun 8 2009
44,44,"The best night ever!!!!! We event Penthouse Morgans Hotel slept over.It dream. From check check out, everything step beyond perfection!! The food Asia De Cuba amazing. The waiter could attentive party 20 held penthouse. The accommodations totally amazing amenities top notch! Breakfast included Asia De Cuba. Our guests loved still raving 2 weeks event. I would come back anytime stay Morgans. Best stay ever NYC!!!!",0.6027777777777777,0.5666666666666667,Jun 2 2009
45,45,"Excellent Great Hotel, Great Location, Great Service!The staff meet every need. The location perfect, &quot;quite&quot; neighborhood, blocks Grand Central &amp; Time Square.",0.5875,0.7,May 27 2009
46,46,"Superb Hotel Excellent Service! I cannot say enough good things hotel. The staff exceptionally friendly accomodating. Our room comfortable, clean, spacious NYC standards. The bed really comfy too! The free continental breakfast yummy filling! The location perfect. Far enough away crowds noise close enough walk attractions. We definitely staying The Morgans return trips NYC!",0.3894444444444444,0.66,May 26 2009
47,47,"Stylish friendly staff My boyfriend I stayed one night Morgans, wish could stayed longer. We booked online vendor night before, reservation immediately found, Morgans gave us complimentary upgrade (from experience Morgans Hotel Group) I'm assuming much larger room booked. All staff members dealt great, doormen particularly thoughtful helpful. As far rooms go, I love design Morgans hotels, especially nice - relaxing, calming colors inventive furnishings. A nice surprise continental breakfast available noon! Wow, breakfast crowd dawn fanny packs cameras tow! Thank you! We'll moving NYC couple weeks recommending Morgans family friends come visit.",0.39541666666666664,0.7366666666666666,May 12 2009
48,48,"Lovely friendly The young eager please staff accommodating helpful stay I could hardly believe I New York. The location terrific - room quiet - continental breakfast nicely presented - bedding comfy...We would definitely stay again, I'm usually always trolling best deal. Highly recommended!",0.1974747474747475,0.5474621212121212,Apr 21 2009
49,49,"Thanks Morgans I never forget New York Outstanding hotel! The room allocated stunning - clean, bed best bed I ever slept in, lots quirky design - although designed.We stayed Christmas, staff made us feel welcome - husband I worked hotels years - I would hire reception staff heart beat work hotel, bright, fun, friendly, knowledgeable - overall fantastic! Morgans thank making stay New York unforgettable, back!",0.40933712121212124,0.5933806818181818,Mar 27 2009
50,50,"Deluxe room sky... If Everybody Loves Raymond fan watch Monday night CBS lineup like hotel. Stay Hilton.This smart people. People like breakfast served 10:30 AM.Please like informed front desk associates.People like comfy bed.Yes, white, stark like hotels. If that's want, go hotels. This special people.Quick hits:Bed amazingGym pass NY Sports Club- freeBreakfast makes lunch optional",0.09448979591836736,0.5206122448979592,Mar 24 2009
51,51,"Great Hotel I read reviews I'm surprised negatives posted. I absolutely loved Morganâs. The staff nice accommodating. I called question answered phone help Mrs F. Always smiling face lobby door man desk clerks. The breakfast lovely: fruit, bagels, cereal, juice, yogurt, muffins, croissants, coffee. The location best. 37th Madison. Perfect mid town location nice quiet neighborhood called Murray Hill. It's decorated modern black, white grays; bed cozy, pillows amazing, great comforter. Yes room small, Manhattan. We room right beside elevators, I hear anything I sleep lightly. I can't wait go back Morganâs; new favorite place stay Manhattan.",0.31642917267917264,0.5768626743626745,Mar 23 2009
52,52,"Good Location Not really four star... I travel New York brief business trips month. I'm female need place safe clean. I spend minimal time room.This first stay Morgans.First good. The location great. It quiet, safe neighborhood blocks Grand Central, Times Square, Empire State building etc. I flew laguardia took 15 minutes get monday midday!My check quick efficient. The check staff friendlier city. I around 1:00 room ready.The bed comfortable, pillows excellent. Bathroom toiletries nice. This room small New York mean anything. Flat screen tv, minibar, robe movies demand good. Showerhead rain kind nice. A great perk free breakfast buffet. It cold stuff great variety yogurt, pastries, cereal, coffee tea juice. The pastry I ate delicious. I ordered room service dinner service super quick. The staff friendly hotel.The great.. First all, name outside make sure look asia de cuba restaurant attached. This absurd, whatever. The room modern funky light grey carpet raggedy stained gross. The bathroom tiny. Like airplane bathroom. You shut door get toilet. The bathroom also aging poorly. The shower caulking black gross. There 7 8 rooms per floor quiet little place however, hallways noisy I heard neighbors hallway. I would stay good price I've better neighborhood price range .",0.27032399891774894,0.5597109487734488,Mar 18 2009
53,53,"Cool hip super tight Great location...between 37th 38th Madison Ave. Great staff...friendly, way they're supposed be, relatable way. This place serve solo traveler best. The rooms bathrooms cool incredibly tight. I got Priceline great deal, charged $50 upgrade queen room one 2 twin beds, doubles, twins.",0.43811904761904763,0.5583095238095238,Mar 9 2009
54,54,"Very Cool I liked much. I stayed one night Knicks game 10 year old son. The staff polite, friendly helpful appear sincerely appreciate there. The continental breakfast great lots fresh choices, takes place fancy Asia de Cuba restaurant feels like lot continental breakfast. Rooms trendy, I agree managerâs reply previous comment criticizing lobby: The lobby indeed âelegant refinedâ.Minor issues: 1) Cold coffee. The fourth floor living room coffee cold I visited Friday evening 6:30, first cup next morning breakfast. After I saw staff add coffee morning urn next cup quite hot. 2) The alarm clock room went 6:30 am, presumably set previous guest. Housekeeping check things every time clean. It impossible figure turn clock little contemporary analog disc snooze button.Overall, great place I would stay again, especially I could find rate $200 I stay.",0.13985119047619046,0.5424404761904762,Feb 28 2009
55,55,"Not Bad Price At $170 Friday night stay central Manhattan location + decent continental buffet breakfast, Morgans good deal pass up. Itâs stellar hotel: sign out-front, lobby looks like Times Square crack hotel, black &amp; white checked pattern throughout place reminds one NASCAR cool chic, etc. However, Manhattan-small room reasonably clean, front desk staff courteous helpful particularly NYC 3 blocks Empire State Bldg, 5 blocks GCT less 10 theater district. It worth staying get good price.",0.2494444444444444,0.45444444444444443,Feb 15 2009
56,56,"Very happy hotel! My husband I got great deal priceline hotel, $150/night including buffet continental breakfast! It short walk theatres times square. The staff super-friendly place clean quiet. Our room quite small 2-night stay perfect us. Large flat-panel tv, comfy bed cool decor made ugly view outside window (just backs old buildings). The breakfast great, could drink/eat coffe, tea, juices, fruit, croissants, bagels, etc. great way start day.",0.34221088435374153,0.6087074829931973,Feb 9 2009
57,57,"Wonderful Hotel My fiancÃ©e I stayed Morgans week Christmas found everything hoped more! First foremost service superb. From moment arrived hotel, knew could count staff provide us need. The doorman top game; night offering excellent advice. Additionally, design clean well thought out. It modern cold. As another reviewer stated, &quot;hip without trying&quot;. The 4th floor &quot;Living room&quot; inviting place grab late night cup tea coffee even lounge around read. Asia de Cuba hosted continental breakfast morning perfect.My complaint: 2 nights snowstorm. :(",0.17822916666666672,0.6827083333333333,Feb 5 2009
58,58,"Nice enough nothing special And goes year later, sorry! Stayed last January 6 nights. Had standard double, nothing wrong all, nice enough I suppose nothing rave either. I can't really rave staff either can't complain either. The restaurant overrated overpriced dinner lovely breakfast. I think room pictures attached speak themselves. It depends taste I suppose. We stayed Millennium Broadway first 5 nights see review interested. If I choose two I would choose Millennium Broadway I think. The bed Morgans hard indeed mentioned I like firm bed. It bit firm liking quite low.",0.04489348370927319,0.48029448621553894,Jan 14 2009
59,59,"Wonderful NY - I highly recommend Morgans Hotel one original boutique hotels personifies set - quiet, hip without trying, sophisticated guest-oriented. There small nice lobby 4th floor sitting area coffee tea day long. I upgraded suite, absolutely beautiful - big - comfortable - made want stay watch flat screen tv day!The room quiet, nice iPod deck remote control, classy amenities bathroom, dark shades pull hide light want sleep in. The 4th floor sitting area two large Mac computers available print boarding pass (no charge), helpful.The staff friendly energetic. The complimentary breakfast chic Asia de Cuba one highlights - warm staff, large tables spread NY Times - delicious bagels, fruit, yogurt, coffee, etc.Check time 12:00, opposed hotels 11:00.The newer hip boutique hotels seem try hard older Manhattan hotels stuffy. This perfect stay - I 4 nights. I would highly recommend staying here.",0.27516714766714767,0.5717484367484368,Jan 12 2009
60,60,"Nice great deal Exceptional staff I booked Priceline. I got $145 quite deal NYC well rack rates. This 2nd time Priceline given Morgans 4 star area, might good bet.The stand place friendly helpful staff are. From front desk, doormen even engineer came look tv, everyone smiling genuinely helpful. No attitude whatsover.The rooms nice. Not 5 Star, definitely 4 star. They small compared rooms cities, actually decent size NYC. The beds comfortable rooms fairly stylish. The bathroom small, efficient use space made feel bigger I appreciated big walk shower glass door rain shower head instead tub.The location great morning breakfast good well. No hot stuff, yogurt, cereal, coffee, pastries fruit. I expecting free breakfast I booked priceline, nice surprise. The free coffee tea Livingroom also nice late afternoon evening.I would definitely stay again. It pleasant experience. I sure I would pay standard rates, again, hotels NYC I think worth standard rates!Once again, nice friendly helpful staff",0.29046296296296303,0.6050154320987656,Jan 7 2009
61,61,"Great stay Morgans I got good deal Expedia. This exellent place stay. Breakfast delicious, staff friendly, decoration really nice. Orchideas, modern art books big tv livind room. Our room clean, bed amazing could see empire state building room.",0.539074074074074,0.67,Jan 6 2009
62,62,"Very nice worth rack rate We got deal $170 via TravelZoo. Morgan's nice enough dissappointing upon arrival. Curiously signage anywhere indicate place hotel. The lobby small one person behind small kiosk. The bellman busy arrived, nearly missed place. But got bearings bell staff front desk people exceptionally nice. The front desk staff also serves concierge really long wait various guests sorted various languages seemingly complex negotiations. There furniture lobby, want hang living room fourth floor TV coffee tea fixings. The room small minimistic. Very comfy beds. Quiet. Nice black curtains sheers filtered sunlight. Our room 16th floor quite pleasant sunny - small told free upgrade. Upscale bath appointments. Ask bellman turn various lights quite hidden. Our bedroom clock hour, thank goodness rely it. Very upscale mini-bar. Beware midnight munchies, really hurt wallet!!I know dire experience. There price list indication mini=bar food/drinks complimentary, make sure guests understand way contents.",0.08322580645161289,0.5288888888888891,Jan 5 2009
63,63,"Breakfast Umbrellas My stay Morgans overall pleasant experience. The location good, particularly given night Ktown free breakfast nice plus! The rooms huge complete shoebox. The combo mirror/armoire piece nice built-in addition. Very useful partner hogging bathroom need use lighted mirror. Bathroom ok - quite tiny functional clean. Shower pressure decent. Oh free (to use take home) umbrellas came handy weekend exceptional rain.",0.3747058823529413,0.6568627450980393,Dec 28 2008
64,64,"Great Hotel But Has Small Issues The recently renovated August, although I never seen pleasantly surprised upon arrival. No signs anything outside, step inside cool, small, lobby. We upgraded one bed room suite 8th floor nice touch. When stepped inside room, thought HUGE. We always stay boutique hotels whenever NYC largest one bedroom suite ever got. The beds comfortable except sheets weren't, low thread count, maybe we're use good stuff. There two LCD screen, (bedroom living room) cool retro looking bathroom, although small sink bit pain, high water splashing place. In terms views, none room. The greatest plus complimentary breakfast (coffee, tea, juices, cereal, pastries, yogurt, bananas, etc) nice spread. Helps save bit $$ expensive city. The staff extremely courteous, always willing go beyond. Like I said overall great, small issues overall get deal worth disappointed.",0.20999999999999996,0.5800000000000001,Nov 23 2008
65,65,AMAZING HOTEL AND SERVICE :D We stayed Morgans 4 WONDERFUL nights October. moment checked moment checked experience top notch. The staff ( especially cute doormen ;) ) excellent friendly. rooms minimalistic design comfiest beds EVER slept high thread count sheets AMAZING pillows :D The continental Breakfast Asia de Cuba Above average fresh fresh pastries bagels fruits cereals coffee juice yadda yadda VERY good!!!! location bar none 4 minute walk empire state building 10 minute walk times square two major subway lines I would WILL stay morgans again. The price little high side dont get deal BUT thats NY exspensive city stay North America I HIGHLY recommend First timers NYC,0.41635416666666664,0.6743055555555554,Nov 5 2008
66,66,Nice Funky; Uber Friendly Staff Really loved hotel. Went one night October 2008 delighted room friendly/helpful service. Loved black white decor room orchid bathroom. Reception valet helpful added personal touch felt like small town service urban indifference.,0.27986111111111117,0.48527777777777775,Oct 31 2008
67,67,"Comme ci comme Ã§a worth special We stayed property 4 nights October 2008 Travelzoo special spectacular either $280 + tax (~$40), would booked property since feel standing crowd.With occupancy rates 99%, typical Manhattan's hospitality industry invest sprucing properties one exception. Having said that, still feel property ok money considering NYC market. The property:We got complimentary upgrade superior room since availlable arrival day, aware compare standard rooms. The room ok, basic necessities even bit style cheap thrown (the result recent renovations). I know NYC scene well, feel worth around $200-250 tops days major conventions events, raises prices steeply far know. Overall, thought 'ok', roaches, nothing positive either. The decor attempting achieve look posh boutique appriciate, since building fairly old rundown, see planned done without major revamping property: still mold bathrooms, grout falling shower tiles cement floors baths.Add-ins:Complimentary buffet breakfast: helpful add-in, saves time money gives good headstart day. I'll talk customer service different paragraph, here's one example it: arrived 10am reception people nice enough tell us go breakfast (although - pay night).Living Room 4th floor - tea, coffee, shower, washroom, comfy couches, internet, printer - helpful. Tip: internet connection down, went reception asked use computer printer print theater tickets, fine them.Service: We pretty happy service. Whether door men, concerge air conditioner repairman, found service helpful efficient.Location: Madison Ave, midtown, would prefer something closer either subway line, hey Manhattan, complaints. We pretty fit able walk Times Square Moma (30min) save subway hastle.",0.2254792468334135,0.5056166827000159,Oct 27 2008
68,68,"Nice Only @ Promo Rate We stayed mid September re-opening. I little nervous I read reviews prior face-lift. There indeed construction going front, made entrance somewhat hidden, bellmen ready us. I even know already taken bags cab!The lobby much smaller I imagined. The rooms, however, nice decent size along modern decor. My complaint room bathroom - small, I could barely get husband there! There also complimentary breakfast restaurant connected bountiful goodies!For part enjoyed stay. I would stay get promo rate did.",0.12973684210526315,0.49552631578947365,Oct 21 2008
69,69,"Great small We stayed Morgans 4 nights, absolutely loved it.When arrived, though, entrance almost invisible due scaffolds (I know that's correct word, I look up) covering facade. And since doorman door time, taxi driver even came us, check right place.So entrance bit dissapointing, I garantee rest perfect.Check-in went swift, people met front desk friendly pollite.Our room spacious I hoped for, and, important, spotless! Very, clean. Tiny bathroom, over-sized shower works excellent!Complimentary breakfast sufficient, I change thing!And, course, best all: LOCATION! In walking distance everything. All all, Morgans I expected even hoped for, I would certainly recommend it. Especially get good rate.And I would, again, thank entire staff making stay enjoyable: really professional efficient!Hope stay soon.",0.3413888888888889,0.5689115646258504,Oct 12 2008
70,70,"Great Location Nice Remodelled Room Stayed Morgans right reopened 6 month remodel.This older (ie 1920's) edge Murray Hill mid-Manhattan. We love location.Because right reopening, still minor snafu's (only one elevator running, staff clear things, etc.), nothing major.Everything room new comfortable. We loft suite - nice roomy, especially compared NYC rooms usually are. We peek regular room TINY - closet sized. Our room full (2 person) bathtub separate large (again 2 person) shower. Breakfast serviced till 10a, bummer miss it. It would nice extended 11a us WestCoasters still getting used time change.This trendy, hip hotel. We minor celebs time us popular cable TV show using home base planning.I'd definitely stay IF prices reduced .. rack rate room $879 - ridiculous price, even NYC.",0.16162183055040197,0.6186833999333999,Oct 10 2008
71,71,"Quite good worth money? My fisrt impressions uber cool joint, funky lighting sysytem ceiling giving different colours graphic patterns super soft carpet walked in. The room relaxed different mood lighting options bathroom clean well.... however next morning went use dressing gown hanging wardrobe one elses hair back neck it! urrrrrrrrgggghhhhh... asked reception remove clean one ASAP. I wsa given another one removed offending dirty one!!! best service!Reception friendly, one tip ask far away lift possible work college 3 floors could hear lift bell night long! All good base pad, struggle finding good places eat near hotel, Asia De Cuba joined good local places not! Worth stay!",0.1680246913580247,0.5085802469135802,Oct 9 2008
72,72,"Glad I paying. I stayed 10 days business. I thought room lovely modern although co worker complained bathroom tiny, I thought sufficient needs. The staff really friendly helpful, apart came calling get hot water refilled Livingroom (it empty everytime went in), would take ages come even refused come all.The corridors lobby decor gloomy, dark greys silvers could brightening up.Overall I enjoyed stay, however, somehwere I would stay I picking tab, room costs, phone drinks prices extortionate even charged internet access...with room prices thats least would expect inculded!",0.10370370370370369,0.5324074074074076,Oct 9 2008
73,73,"disappointing return visit stayed 14 years ago time refreshing change typical new york era. read overhaul completed september thought i'd give try again. big changes really , new furnishings similar feel. 14 years later seems typical run mill new york notice small rooms uncomfortably dark overall ambience is. beds nice thats think liked.its shame asia de cuba restaurant , get make over, food mediocre best cold hard light breakfast dirty, beat tired looking. , disappointing stay used reasonably priced, funky fun, expensive dull.",-0.03805836139169472,0.5409371492704825,Oct 7 2008
74,74,"Great Value booked via Priceline.com! Just got back NYC stayed Morgan's boutique Hotel.It little bit hard find signs address number front building staff member noticed inside seemed lost passed luggages ran outside rain catch us asked looking hotel!!! That's I call service! It like stay. The staff people incredibly courteous eager help. They act amicable much professional. The room small (I've told like NY unless pay lot more) beautiful trendy. I like much decor, I'm old kind austere-classic-dark style type person. The room spick span,The location also good lot's stuff walkable distance.I booked thru priceline.com paid $200+taxes per nigh makes unbelievable deal me.",0.2771078431372549,0.5253921568627452,Sep 29 2008
75,75,"Not Four Star We stayed big renovation. 9/25/08. They said upgraded us superior along! I would hate see room would gotten upgraded postage stamp stayed in. The room tiny comfortable bed. The bathroom tiny, floor filthy! Paint peeling bathtub large pieces. Living room 4th floor nice, though printer working print passes. Staff worked helpful friendly. The elevator working properly. The rate Hotwire good deal. When add fees in, calculated something like 3% taxes, I could gotten rate play guessing game I might end with. Hotwire let us time. This solid three star, basically good value know getting money. Small room, good location, friendly staff, dirty bathrooms need remedied sure.",0.07320565907522428,0.5437543133195308,Sep 29 2008
76,76,"Reasonable safe option...not sure value money I booked 4 nights B &amp; B directly promo rate $279 3 nights &amp; 1 night x $494. All web pages emails made quite clear include taxes I still little shocked pay total $1523 (Â£891, add anything room tab) check out...not bargain I'd thought comparision tax inclusive Expedia options I'd considering - please sums carefully beforehand looking prices hotel's website.We stayed week newly refurbished reopened happy enough stay. Check-in quick staff efficient, friendly courteous. Room plus points:Quiet - real plus compared previous NYC tripsClean &amp; minimally stylish...as expect week re-opening, expect 'new carpet' smellBeds - Super comfortable good quality duvets, mattresses white bedlinenGood sized walk in, well pressurised showers 'rain'/Japanese style shower optionsKorres toiletriesHowever, room small (which fine, expect NY) fixtures appear style substance careful consideration traveller's needs I really pleased travelling work. There desk designer-y, pretty useless dressing table window seat. There tiny closet shop, struggling find places put stuff day 2. In terms fixtures &amp; finish, room felt like somone's bedroom rather deluxe room - quite pull comparison UK boutique chains Hotel du Vin, Malmaison Dakota. Whilst clean, bathrooms equally tiny claustrophobic - I appreciate probably still snagging refit tiling needed re-looked room.The continental breakfast Asia de Cuba restaurant reasonable setting day ahead - nothing fancy staples croissants, pastries, cereals, fruit, bagels, fruit juices, teas/coffees plenty it. I'm sure we'd stay probably issue value money rather quality - perfectly decent place stay. I appreciate NY's expensive city (but London Tokyo we've stayed fabulous hotels price point recently) depsite buzz fashion week town, Morgan's offer real added value us.",0.13851547388781435,0.6030894046851494,Sep 21 2008
77,77,"Very pleased I travel full-time, year 'round work, try new time I go NYC (37 far). I stayed first weekend reopened renovation, I'd definitely stay promo rate only. Hotel Madison 36th Street, nearest train stations several blocks bad walk. Catch B,D,F,N,Q,R,V, W trains Herald Square (6th Ave 34th Street), full range trains intervals along 42nd Street Port Authority (8th Ave), Times Square (7th Ave), Grand Central Station (Park Ave). Back hotel: The lobby small doorman desk staff exceptionally friendly, quick, accommodating unpleasant. The elevators efficient. The room small smaller most, nicely decorated, temperature appropriate adjustable, smells despite new paint, carpet linens. Very quiet neighbors sides. Boring view window (11th floor). Bed comfortable linens/pillows good quality. &quot;Rain&quot; style shower head good temperature control water pressure. Tiny bathroom shower well-sized. No tub. No fan bathroom somehow problem. No vanity space regular room (just glass shelf sink), nice toiletries bath linens. Hair dryer iron clean worked well. Lighting bit low room bathroom bright needed. Sufficient electrical outlets storage, large wall-mounted TV worked well bit awkward changing channels odd on-screen menu. Warning: nice windowside bench, table eating working. Having meal difficult fear soiling white bed! Nice little grocery convenience shop next door. Continental breakfast options reasonable still plentiful 10AM. I try restaurant, heard good things guests. Summary: good stay promo rate $279 less. Not worth full rates. Better class. You may like bathroom short (high mirror) much primping, note I said lack table space. For purposes (not room much), I happy overall.",0.1740877907403331,0.533382803637041,Sep 12 2008
78,78,"awful We found hotwire e-mail. price seemed good reopening renovation. It awful room way warm 75, elevator smelling like bug spray. The bathrooms fan ventilation. The gym open. Even though told breakfast would open noon wasn't. If I could give property negative points I would.",-0.14285714285714285,0.6571428571428573,Sep 1 2008
79,79,Freundlich Individuell PersÃ¶nlich,0.0,0.0,Nov 7 2009
80,80,LÃ¤sst zu wÃ¼nschen Ã¼brig,0.0,0.0,Oct 29 2009
81,81,Ottimo buona posizione,0.0,0.0,Sep 24 2009
82,82,F n c h e l!!!,0.0,0.0,Sep 12 2009
83,83,Nettes Stadthotel guter Lage,0.0,0.0,Aug 24 2009
84,84,sehr zu empfehlen,0.0,0.0,Aug 16 2009
85,85,Incroyable Hotel Ã NYC,0.0,0.0,Jul 30 2009
86,86,Un bel hÃ´tel bien placÃ©,0.0,0.0,Jul 7 2009
87,87,Super hÃ´tel,0.3333333333333333,0.6666666666666666,Jun 24 2009
88,88,Un ambiente piacevole e tranquillo con vista sull'Empire State Building,0.0,0.0,Apr 24 2009
89,89,Tres bien comme,0.0,0.0,Jan 1 2009
90,90,????????????????????????,0.0,0.0,Oct 12 2008
