,Unnamed: 0,Reviews,polarity,subject,Dates_extracted
0,0,"Outstanding wonderful staff I girlfriend spent last week Nov New York celebrate 30th birthday. We spend first four nights Carlton (see separate review) remaining three The Surrey much better choice every way. To start off, location great, minutes walk central park subway. The inside elegantly furnished decorated, including rooms truly earns privilege called luxurious!As staff, doorman massage therapist, I'm simply short words. From start charmed us attended every need.At check-in immediately received complimentary room upgrade due girlfriend turning 30 stay. After inspecting wonderful room (with comfortable Dux bed lovely details content minibar lightning system) unpacking decided skip going dinner since bit worn hours shopping try in-house restaurant Cafe Boulud (http://www.cafeboulud.com). Even though reservations place packed, concierge Michael succeeded arrange table two minutes. After tasting first bite food realized one better restaurants New York (I almost cried happiness tasting wild mushroom ravioli - A MUST visit restaurant). When I later googled place I found well deserved star guide michelin chef another restaurant NY three stars definitely know kitchen.As spa, 50 minute massage really good I used gym need days stay. The ONLY negative thing I point charged $15 24hr wireless Internet I think complimentary standard.In conclusion, I want send special thank Guy worked front desk concierge contact apart Michael, Abraham, really made us feel like home exquisite service (we actually miss them). The service truly average five-star standard I would go far claiming could compared high end hotels Four Seasons Shangri-La. I hope staff get credit deserve management.All all, stay The Surrey amazing! The elegant, classy, modern hip. It feels like everything would expect five star New York City I would definitely recommend anyone afford it. I sure stay Surrey visiting New York future.",0.2379735358980642,0.5085251436194832,0.5085251436194832
1,1,"The Most Fabulous Stay Big Apple I've Ever Had At first, I little reluctant stay newly re-modeled due past experiences! The Surrey definitely exception that. They grand opening nights stay. The elegantly furnished decorated. It truly earned privilege called luxurious! I can't say enough staff! The management always sight eaer assist visitors. They attended every need. I truly felt though I royalty! We experienced absolutely NO problems. You would even know continued re-modeling day! Our room overlooked Central Park, view &quot;was die for&quot;! Our stay worth every penny paid suite. This truly five-star stay.....again, find better staff anywhere, we've traveled world over! The &quot;new&quot; Surrey definitely treat next visit New York City! We sure stay soon.....I hope holidays!",0.19455492424242424,0.5252630471380472,0.5252630471380472
2,2,"Feels like home away home The Surrey amazing! It's elegant, classy, modern hip. It feels like actual New York City Hotel. Unlike many look like they're Europe Jamaica. The front office staff welcoming kind. I actually felt like somebody. They're services wonderful. Their Spa intimate, private I enjoyed great massage there. They gorgeous couples rooms (2 exact) single rooms intimate private. They allowed stay treatment room without ever stepping move around get anywhere anything. Their staff great amenities outstanding. The teas serve delicious! And I big tea fan! I got tour throughout well nice humble. It felt like luxury bomb hit house made beautiful. I really feel like home there. And I enjoyed Spa Service there. It need changes design, I would definitely go back!",0.3701542207792208,0.587619724025974,Nov 18 2009
3,3,"Very Nice Hotel near Central Park!! We stayed The Surrey one night celebrating anniversary. The recently changed hands I believe undergone upgrades.The VERY nice inside. The rooms bigger might expect area - plenty room couple. The bathrooms modern things would expect luxury hotel.The employees could nicer. They catered every need.If interested eating hotel, sure make reservations. We learned usually sold chef quite following.We lucky weather walked Broadway play enjoyed city. If weather little shaky long walk 76th street Broadway area. But lots taxis subway blocks away.I would recommend operating small budget. It looks like pricey afford - I would highly recommend it. (They special awhile I believe includes spa visit several items - looks like good deal).Enjoy!!!",0.15498447204968946,0.5234195997239475,Nov 14 2009
4,4,"GREAT SERVICE The great location, minutes everything, great beds room super clean bathroom.Customer service clearly priority The Surrey. The staff friendly, doorman helpful girl checked us good, guy next even better. He check us gave us warm welcome remembered names details conversation next day. He nice friendly; name MARCO.My wife I little inconvenience room asked speak manager ended Marco. He nice incredibly appreciated help, although support solutions provided us, amazing listened us carefully even rude attitudeâ¦ He WOW us!! Also, liked fact invited us come back visit The Surrey offered help us make reservation next time, incredible!! Well done Marco.We've traveled lot business pleasure really pleased service hotel. When personal assistant made reservation, I expecting friendliness, I thought going like The Carlyle The Mark glad wasnât. Marco gave us unique outstanding service made The Surrey best service ever seen. We truly enjoyed service. The next time wife I come New York would love stay The Surrey againâ¦",0.37316088516746404,0.5897248803827752,Oct 23 2009
5,5,"Excellent Service Excellent Location Excellent Experience! From moment walk classically modern marble lobby, know something special. The Front Desk/Concierge staff greeted warm gracious enthusiasm. Brand new decor complete one-of-a-kind art pieces timeless furniture give lobby character.The rooms par, better, many great hotels world. Small touches like hand-painted decals armoire dark wood tones make feel cozy, yet view onto Madison Avenue Upper East Side remind culture abounds. The king size bed inviting plush; desk ergonomic right size. A small sitting area overlooking city comes complete Vanity Fair Lanvin &quot;dictionary.&quot; The bathroom elegant spacious; large shower rain head comes even basic &quot;salons.&quot;The Cafe Boulud, lobby, exquisite. Innovative dishes attentive service make restaurant must staying The Surrey. You must try ravioli!Besides wonderful decor top-of-the-line amenities, service really sets apart rest. Each staff member I encountered polite, friendly, helpful. It almost every employee hotel's concierge! Small details, like pronouncing name correctly phone, (a rarity properties) always considered even thoughtfully completed.",0.3518865604092877,0.5883412042502951,Oct 22 2009
6,6,"dirty water dirty little secret Of course location terrific. Just mapquest it. However, water coming pipes brown. Let repeat: BROWN! The carpets old frayed. We given penthouse sounded terrific. However, radiator would shut keep windows open reach tropical temperatures. Next time, we'll bring space suit NASA. The staff sent different person seven days row avail. This supposed penthouse bizarre three bedroom suite I've ever seen. It dark tomb almost cheerful one. In essence, disaster unless mind BROWN water.",-0.03839285714285714,0.6142857142857142,Oct 8 2008
7,7,"Unusual Times NY We'd never NY before, checked tripadvisor advice booking. I loved sound boutique away Time Square. We knew things would little challenging start 11pm arrival, assured us problem. It wasn't, airline lost luggage was. All staff Surrey helpful, showering us toiletries, giving us great advice go stock essentials buy new clothes. We loved room though little grotty, loved meandering NY exploring. Our luggage turned 3 days later, I'd noticed room, lovely, also little musty asthma getting control. We cut trip short I stay longer - Natalie arranged transfer remaining nights Affinia Gardens. We well looked after, I'd recommend anyone (though maybe suffer asthma musty rooms!!)",0.2909902597402597,0.611038961038961,Sep 7 2008
8,8,"Large-sized rooms nice establishment Because Surrey Hotel gearing guest stays renovation, I able book suite bargain price (for NYC, is). I pleased stay overall. When I arrived, doorman helpful. The one bedroom suite spacious ridiculous - get bedroom main door travel hallway, past in-room kitchenette, around corner! I high floor great view city due two windows two separate walls room. The bathroom huge, I loved Aveda products bathroom robe. True, room furnishings little worn tad outdated, place gem done renovations assuming change size rooms layouts. The location fantastic. You're block away Central Park. And I enjoyed walking neighborhood night. Although I myself, I felt safe. If I chance to, I would love stay again, especially post-renovation.",0.1732175925925926,0.5910185185185185,Sep 6 2008
9,9,"Bargain City The Surrey smallish boutique upper East Side New York City. Great bargain rates obtained here. We greeted friendly helpful staff, gave us upgrade without asking. We large -- VERY large -- suite located back, away traffic noise. Very quiet. Suite small kitchen use, would stayed one night. While old need remodeling, still quite comfortable attractive. Bathroom mostly new facilities, though small. TVs rooms suite DVD players. Large closets rooms. Internet access. Hotel great location visiting upper east side museums Central Park. There restaurant attached provides room service guests. Valet parking available.",0.23836850649350652,0.4428354978354979,Aug 27 2008
10,10,"Great Neighborhood The Surrey great find. I looking Upper East Side college visit teen. We always stayed Midtown/Times Square area- tourist hordes. We initially given large room questionably rippled carpeting. The front desk moved us smaller nice room without making feel menopausal. The bedding great room large New York standards. There full kitchen good room coffee (2 packs regular day). The staff Bellmen helpful- really wanted get us cab- I trying teach daughter mass transit (closest subway stop 4 blocks). The restaurant next door provides room service book ahead actually want eat plan spend money. The food fantastic apparently opinion shared lot well-dressed people Upper East side. I loved jogs thru Central Park AM entrance 1/2 block away. We found great local restaurants nearby. It's luxury, comfortable.",0.2677489177489178,0.4469326969326969,Jul 16 2008
11,11,"Overpriced service...and check room giving I chose hotel, chose pay lot hotels NYC, location but, importantly, fact promising full kitchen so-called &quot;suites&quot;. This quite useful travelling 20 months old baby easiest customer NYC restaurants. Unfortunately I arrived I found real kitchens studio-suites (unlike claimed internet site) expensive one-bedroom suites: room microwave oven fridge kitchen.The manager told would give one suite kitchen I pay extra 50$ per night addition already expensive rate I paying, I decided let go. Apart little run-down, I would minded outrageous price I paid (around 350$ per night). For price I could gone 5 stars hotels, I would done kitchen.So overall nice nice location pay full price...and read small print carefully!",0.04449999999999998,0.5800000000000001,May 12 2008
12,12,"Family-friendly The Surrey Hotel great, family-friendly place stay. We stayed 4 days March, traveling 3 grandchildren, ages 10, 11 13. The staff friendly accommodating. The concierge duty helpful willing print e-tickets return flight. We stayed suite rooms unbelievably large--two queen beds, queen sofabed. The kitchenette separate small room refrig, stove, microwave, coffee pot, toaster + service 4 (plates, bowls, cups, eating cooking utensils, too). And dining table full-size dining table 4 chairs--so eating quick breakfast took day's adventures pleasure.Great location--just block away Central Park, blocks subway, grocery store across subway station, trendiest fashion stores around corner. No complaints noise, either. We 4th floor bothered street noise--and slept window open. Night day, felt safe walking to/from subway hotel. Our grandkids gave A- rooms spacious enough bumping beds comfortable--but free breakfast buffet like Embassy Suites. We'd return Surrey highly recommend hotel.",0.11372222222222222,0.5276666666666666,May 2 2008
13,13,"Terrific stay Surrey Suite Hotel We stayed Easter holidays absolutely loved it!! The staff always nice helpful, advising anything needed. And first trip great city asked quite allot. Everything always clean never needed anything. Even cleaning staff nice always smiling happy. negative thing could say room. There door opened room next even though door securely closed, noise travelled quite easily. That negative think of. Very happy stay would definitely recommend anyone",0.2972222222222223,0.6731481481481482,Apr 21 2008
14,14,"What location. Loved Surrey! We taking 2 teens NYC first time &quot;college tour&quot; spring break. Asked long time New York resident stay suggested Surrey Hotel. We pleased Surrey. The Surrey 5th Madison East 76h Street, upper east side Manhattan, block Central Park expensive residential real estate country. There many museums within walking distance park HUGE beautiful. We tremendously delicious reasonable food Lex 3rd Ave. 79-80th street area deli, italian thai, VERY good. The Surrey small elegant lobby efficient staff. Everyone pleasant, helpful professional. The restaurant adjacent stellar: Cafe Boloud-this fine restauranteur. Now room........It big. We full living room, dining room, small effiicient kitchen, updated large bathroom huge bedroom 2 queen size beds. The small negatives street noise night early morning, stiff sheets ( come on, need nicer sheets like home!) need larger counter space bathroom. I would definitely stay city-it fabulous little gem hotel. Loved area too!",0.2346137196137196,0.543926073926074,Apr 12 2008
15,15,"Reasonable Upper East Side Choice I wanted explore new neighborhood found great deal Surrey four nights (avg. $255 per night). Location - Great needs, within walking distance Central Park, Met &amp; Whitney, restaurants shopping. Good like walk take cabs. Not lot subway options.Employees - Every employee I dealt friendly helpful. Room - Huge NYC standards. It size friend's studio apt :) A little dated. I felt like I staying grandmother's guest room. Was clean, also little run down. Liked kitchenette keep snacks beverages in. I city dweller, even I surprised noise street below. The garbage picked late early every night sunday truck LOUD!Extras - Was offered complimentary glass champagne I checked in, nice touch. I love robe available, even little worse wear. Good aveda amenities. Lousy hairdryer.Would I stay again? If price right I wanted spend time neighborhood, probably.",0.23957817975675114,0.6163981653267367,Mar 18 2008
16,16,"people country My girl friend surgery recently NYC stayed 4 days, 11th floor. It convenient walking distant see doctor everyday. She liked much. However, I hardly much sleep everyday due loud traffic noise. The windows poor insulation. I hear people's conversations street! From trip, I discovered girl friend serious hearing problem! Therefore, could sleep night without problem. So take noise issue consideration used big city traffic noise. Another note, I brought laptop computer work &quot;patient&quot; resting. There NO WIRELESS!!! Although two computers downstairs used pay &gt;$10 30 min!! For paid (&gt;$300/day, even special discount price patients sent hospital nearby), I disappointed stay again. Did I mention breakfast!",-0.07726190476190475,0.5231101190476191,Feb 3 2008
17,17,"Wonderful Vacation Perfect traveling families! The luxurious, huge rooms, kitchenette, fantastic service intimate feel made family favorite.",0.5833333333333334,0.8999999999999999,Jan 1 2008
18,18,"Great Location Spacious Room Although Expedia told us Affinia Hotel booked NYC &quot;overbooked&quot; bumped us, Affinia kind found us another room Surrey. Our 1 KBR suite spacious brother's 1BDR apartment visiting! Service good, doormen nice carrying bags way corner hail taxi. We kitchenette stove, fridge, microwave china use eating (great kids exhausted!) The restaurant downstairs said great, kids able try time. It small gym size room, fine quick workout. Easy walk Central Park beautiuful side street location. If I afford it, I'd stay again.",0.3905952380952381,0.6541666666666667,Dec 30 2007
19,19,"Loved Surrey Fantastic location, really enjoyed stay here. A bit pricey central location, literally 5 minute walk Central Park bodering Madison Avenue can't really complain. You try Bouloud Restaurant located groundfloor, tried food, exceptional, change mind American food.",0.30833333333333335,0.5125000000000001,Nov 12 2007
20,20,"Shabby Chic We stayed several times family--great location madison/76th. Huge (apartment size) suites. BUT really going downhill. Rooms getting shabbier shabbier--carpet dirty--furniture delapidated, dim lighting. Front desk conceriege responsive problems. Whole place needs facelift. At least get space.",0.10000000000000002,0.39999999999999997,Nov 4 2007
21,21,"Excellent Stay Superb, spacious, beautifully furnished, rooms, attentive friendly staff, unpretentions atmosphere, great rates quiet location near Central Park. A subway station close by. Rates competitive.We stayed 5 nights August great time.Only real critisism lacks real facilities. But room fine.",0.4227777777777778,0.6188888888888889,Nov 1 2007
22,22,"Never Stay Here Surrey Suites Hotel, New York City &quot;Never Stay Here&quot;We picked lived NYC 25 years knew area. We returning medical reasons gone 20 years...so tourists. Our Visa Card Agency booked us called THREE times confirm one bedroom suite two queen beds three day stay. We also used car service pick us Airport. Upon arrival desk personnel informed us room two separate Studio rooms either end hall second floor nothing. That would put husband one other. We choice, took ONE I slept rollaway. They promised manager call us next day....he not. They promised us room reserved month advance $485 night next day gave us room one bed it. I slept Sofa bed next two nights. Additional charges showed creditcard spite signing confirmed final &quot;Guaranteed&quot; total. They five hotels NYC called Affinia Group avoid too.",0.06818181818181818,0.4580419580419581,Aug 26 2007
23,23,"huge rooms great location Last weekend I stayed family one-bedroom suite. The room enormous- galley kitchen, large living room pullout couch large bedroom. I requested high floor early check in. We arrived 11:30am room ready. They put us 15th floor- I think 16 highest. We nice view Whitney Museum could see bit Central Park. The staff helpful- arrived minutes crib (no charge) prompt I asked sofa bed made. We family two small kids baby comfortable.",0.2256122448979592,0.5545578231292516,Aug 7 2007
24,24,"Great families! Very friendly convenient. Just returned 7 nights Surrey NYC. It excellent families. We 2 teenage sons us. The suite kitchenette perfect. We bought breakfast food local grocery store blocks away ate breakfast room every day--saved us lots money. The staff friendly helpful. The housekeeping staff wonderful generous towels. Our older son came join us days extra charge. It convenient subway, shopping, museums sights. We wonderful time Surrey definitely use travel NYC.",0.36354166666666665,0.4911458333333333,Jul 16 2007
25,25,"Friendly clean helpfu l great area. Our trip NYC primarily see Museums Surrey perfect needs. I booked directly hotel. All booking websites certain price studio prepaid. I called directly asked discount mentioning AAA--I got one bedroom price studio prepay. I suugest call direct. It small chain I think get better price speaking them. We happy room roomy anywhere --and amazing NYC. Dated?---well, I suppose . It classic, clean comfortable. The front desk staff totally it--I never opened door got cab. The concierge bit tentative perfectly adequate research--which I suggest. It easy web. Central park block away--the Met 3 blocks--several really nice restaurants 5 6 ( like walk, , judge us) This fine really nice customer service. We use subway , understand convenient. Cheaper Times Square. I really suggest place like space enjoy sophisticated comfortable space. The room service, way, amazing restaurant amazing prices---we use it.",0.3918417366946778,0.6663165266106442,Jul 15 2007
26,26,"Cannot wait go back Everything Surrey beyond expectations would highly recommend it. The front staff welcoming room huge!! We entertained several graduate school friends family members room. It perfect kids one room tv toys adults sitting room plenty space spare. We used kitchen everday. There nothing perfect getting caught rain Madison Avenue taking hot bath, slip one fluffy bathrobes provided, eat homemade food family around table. There grocery store two blocks east, opposite direction Central Park. CP literally skip jump away right next Alice Wonderland entrance, perfect kids. The doorman also helped us everday restaurant recommendations, directions subway, interpreting subway maps, flagging cab downpouring rain finding us umbrella help us get broadway theatre time without getting soaked. Every room unique. Our friends staying 7A different layout, color scheme, furniture, bathtub, etc... They also full-size fridge mini-fridge, ironically ate room service.We defintely going back October!",0.26857898715041567,0.5316477702191988,Jul 6 2007
27,27,"Great Marathon Location Picked location -- 5 minutes start marathon. Was extremely convenient. Plus loved neighborhood. Large comfortable bed, lots space, kitchen bonus. Short walk Lexington Ave subway. Near many museums. Would definately stay again.Only negative -- get breakfast room 8am Sunday. Had buy Saturday -- that's kitchen comes handy!",0.30392857142857144,0.6278571428571429,Apr 8 2007
28,28,Loved Surrey! As another reviewer stated...it like beautiful apt NY. I offered upgrade price 1st I declined I asked myself....what I remember rest life...lol...the $$$$ 1 bedroom luxury apt....I decided splurge WONDERFUL. I would definitly stay I enjoyed immensely!:),0.6156250000000001,0.9375,Jan 19 2007
29,29,"Best bargain space best neighborhood I recently sold apartment NYC, I stay hotels. The Surrey's one bedroom suite far larger apartment was, $255 night, would cost less per square foot even I rented every day month! Surrey like old-fashioned NYC hotel, classic intending luxurious. What get normal, every day living large rooms, less price tourist traps midtown. They rennovted many rooms, means fresh clean, certainly elegantly furnished. Go St. Regis that. The big bonus is: kitchen! Full fridge, gas stove, microwave----dishes, glasses, pots pans. It's nice simple place extraordinarily spacious rooms, fabulous location corner 76 &amp; Madison, easy-going, zero-pretense environment. You need walk 10 minutes catch train, restaurants nearby except excessively expensive, expensive average, restaurant hotel.Enjoy great find.....get rennovated room, shop around good rates, opt one bedroom suite pretend really living here!",0.19207717569786537,0.5177339901477831,Jan 14 2007
30,30,"Charming Stay Perfect Location We pleased 2 week stay Surrey. Suite large acommodating adult son me. Good kitchen bathroom space, large walk-in closets. The service top notch Cafe Bouloud offered excellent food. One block away Central Park, Surrey allowed us start day wonderful walk nature headed various neighborhoods Manhattan.",0.5065476190476191,0.6672619047619047,Dec 31 2006
31,31,"Not reccommended I happy stay hotel. First, I specifically asked high speed internet rooms I originally made reservation, I assured was. I also requested non smoking room. Unfortunately, got room NO internet connection. So several visits different staff figure internet connection (none really clue), asked moved another room. The new room Internet access, smoking room stunk I smell stink whole time I there. Also, minibar (fridge) completely empty. Lastly, arrived, late night many places open eat, lady front room recommended place blocks away... unfortunately, got it, found closed down. It would nice staff better knowledge area. I never paid high rate room, I really expected something much better I got. I expecting 5 stars seemed I got 2 stars. I never stay again.",0.06445415695415693,0.5143628593628593,Dec 12 2006
32,32,"Just So-So We chose Surrey great location - Upper East Side close Central Park. We booked studio suite king bed husband myself. When arrived offered upgrade us (for reasonable amount money) one bedroom suite. The suite &quot;upgraded&quot; 2 double beds instead 1 king, wallpaper falling walls, heater made screeching sound. My husband called manager ask could move us suite one king bed put us room originally booked. This seemed somewhat problematic going round round agree move us. The great location quiet street close park tired dated. The rooms/suites spacious - prices charging. For money much nicer hotels New York.",0.13196022727272727,0.49924242424242427,Nov 18 2006
33,33,"Cannot recommend Surrey We arrived 3:15 one bedroom 2 bedroom suite I booked ready. I told cleaning staff working would finished &quot;about ten minutes&quot;. When bellman showed us room dropped bags looked rest suite. No one cleaning it. In fact, mess. The second bedroom/bathroom cleaned, trash/dirty dishes kitchenette, dog dish water bowl sitting room dogfood spilled carpet, trash floor sitting room closets.The room rest (hallways, lobby) appeared fairly dated. The carpet room stained badly worn places. The paint chipped. The heating/cooling systems outdated. The bathrooms dingy.The staff, however, quite good. This seems true Affinia hotels we've stayed. And mattress pillows good. And location hard beat block central park blocks Metropolitan Museum.But really, $1059 night (for 2 bdrm suite) myriad NYC NYS taxes added, simply worth it. For money could get two connecting rooms much nicer hotels Surrey. I would recommend staying unless can't find something else simply want upper east side.",0.054710144927536224,0.4046066252587992,Oct 22 2006
34,34,"Fabulous Find Although husband die-hard West Sider, took chance looked lovely. To delight, was! We loved location 2 minute run Central Park Alice Wonderland Statue. The buried midst townhouses also fun early mornings see real New Yorkers picked limo's work. A variety shops steps away Madison Ave. We stayed 2 bedroom suite sofa bed lounge area gave husband I 3 young children plenty room. Since suite, 2 bathrooms, full kitchen well small kitchenette. The clean (I one complain rooms cleaned properly), rooms serviced regularly towels fresh. Although rooms updated recently, notice first rooms filled light well kept. The doormen extremely helpful carrying groceries generally friendly without obtrusive.We definitely return next trip City highly recommend stay Surrey. Make sure request dishwasher longer stay AND quiet air conditioner (it typical New York building window air cons get lots use!)",0.17714285714285713,0.48960150960150955,Sep 20 2006
35,35,"Very pleased Surrey Hotel My husband I along 3 children (15, 11, 6) stayed Surrey 4 nights pleased. It located Upper East Side relatively quiet neighborhood. We one bedroom suite. When walk small entry leads either small kitchen living room area. The kitchen full size fridge, micro, oven 4 every dish eating utensil. The living room large dining room table, comfortable couch, tv, desk area small walk closet. Also air conditioner. The couch made bed daughter thought comfortable hideabed be! The bedroom 2 queens, tv, chair walkin closet safe. It's a/c also. The bathroom normal size hotel. The Aveda products bathroom great; shampoo. conditioner, mouthwash, lotion, body facial soap. Leave home! Central Park block away Lexington Ave couple blocks away grocery store restaurants. The staff helpful, room clean overall wonderful place stay.",0.32091097308488614,0.6070393374741201,Aug 26 2006
36,36,"Great families Just got back weeks stay Surrey Hotel family four (kids ages 6 9), thought wonderful. The staff great, rooms clean spacious, location ideal...a hop, skip jump Alice Wonderland Central Park. It's far D'Agostino's pick snacks fridge kitchenette, helpful, especially mornings. All great experience I highly recommend.",0.3355555555555556,0.595,Jul 10 2006
37,37,"One night stay Spent night surgery Surrey. Can say enough location....Our suite tired, okay. Had stayed Affinia Gardens ( sister hotel) month prior loved it. It completely redone. The staff pleasant Surrey suggested good little restaurant within walking distance. Would stay again, location. But would pay $250.00",0.2514393939393939,0.509090909090909,Jun 3 2006
38,38,Great Hotel! Definitley stay again!,1.0,0.75,May 31 2006
39,39,Location location location,0.0,0.0,Apr 17 2006
40,40,Huge room best staff,0.7000000000000001,0.6,Apr 16 2006
41,41,Huge suite excellent service,0.7000000000000001,0.95,Nov 1 2005
42,42,Pure class.,0.21428571428571427,0.5,Oct 29 2005
43,43,Quiet understated mid quality safe neighborhood.,0.16666666666666666,0.27777777777777773,Jul 14 2005
44,44,Wonderful Location,1.0,1.0,Feb 22 2005
45,45,Serenity convenience Upper East Side,0.0,0.0,Jan 18 2005
46,46,Fabulous Find!,0.5,1.0,Jun 29 2004
47,47,Upper East's outstanding value,0.3333333333333333,0.4583333333333333,Apr 20 2004
