,Unnamed: 0,Reviews,polarity,subject,Dates_extracted
0,0,Clean room friendly helpful staff We recently stayed 2 nights. The rooms clean well maintained quite small. As time sleep 2 nights problem.The staff friendly helpful. We queries attentive helped us sort everything out.The location good. It quiet location within easy walking distance Midtown.I would definately stay again.,0.2419047619047619,0.5511904761904762,0.5511904761904762
1,1,"Great value -- definitely stay This quick 2-block walk Penn Station, easy mile walk Times Square. It clean, room plenty big given New York City, staff helpful (and checked bags us entire day checked out). We're writing review response others read TripAdvisor stay -- people seemed complain speed availability elevators hotel. They must fixed that, never waited -- ever. I can't believe still get great value NYC!!",0.2881542699724518,0.537534435261708,Nov 24 2009
2,2,"Good Hotel Great Location Stayed 4 nights teenage son, brilliant.5 mins walk Empire State Building.Food bar fab, huge portions. Ideal.Good idea book NY limos airport saves waiting, driver arrival area.Rooms OK, 2 large double beds, ask high level flooe Empire view",0.34678571428571436,0.46482142857142855,Nov 24 2009
3,3,"Good - good location We stayed 3 nights beginning November. The good location - 10 mins walk Penn Station Macy's little bit Times Square. The amenities would need staying short trip - rooms good, comfortable clean. Our room 8th floor front building. Bathroom kept clean good hot shower. There room enough clothes good flat screen TV loads channels - sometimes lacking cheaper hotels. We stayed California summer big problem. In terms location never far away everything, shopping, subway, buses, sights etc etc. Would recommend - may someone wants amenities site - room that's it. Would agree previous comment lifts - 2 whole building wait 15 mins lift day leaving one working - imagine could problem.",0.28018939393939396,0.5478030303030302,Nov 14 2009
4,4,"Excellent looking place sleep 3 men room wasnÂ´t best idea, needed clean, safe place sleep 3 nights NYC. We 2nd floor without troubles noise.Great location middle Manhattan. Lovely caretaking service.",0.42083333333333334,0.421875,Oct 17 2009
5,5,The staff helpful polite The fine decided stay first night dinner. We steak 2 veg 2 bottles local beer. I amazed cost. They charged $115. Some members party breakfast charged $48 coffee toast 2.,0.14833333333333334,0.30166666666666664,Oct 13 2009
6,6,Seeing NCY Great room! Great price. Parking problem. Staff nice. Great Location,0.845,0.8125,Oct 10 2009
7,7,"I rushing back say here. This hotel, like many newer &quot;budget&quot; hotels, must designed cost accountant edited architect's designs scalpel. Start elevators. Two elevators serve 25 floors even service elevator?!? Are kidding me? Everybody gets wait - including cleaning staff - cost accountant put value convenience guests.As rooms, could get millimeter smaller size. Because could have, would have, floors would extra room result!Just getting bathroom closing door exercise contortions. You feel pampered staying hotel, that's sure.Unlike others, I find double beds comfortable. They felt like cheapest ones cost accountant could find.I find staff friendly helpful. The location pretty good, too: Away hubbub Times Square still within fairly easy walk it. Close Union Square West Village. Chelsea, found, pleasant neighborhood well.",0.3196969696969697,0.5272727272727272,Oct 5 2009
8,8,"Great location Great Hotel We stayed Mother 80th Birthday Sept 2008.The located area known &quot;Garment District&quot;. This great location Metro around corner, close diners, delis, pharmacy around corner.The staff really helpful enthusiastic - even ewas busy!!we rooms high floor views super. September - Octobr good months NY temperatures dropping city busy business. Best advice - buy comfy trainers walk legs off!!",0.5493333333333335,0.5756666666666665,Oct 3 2009
9,9,"Very clean quiet good location. The room bathroom little clean comfortable. Good location, easy quick go either up-town down-town Manhattan: 3 metro's stations nearby walkable distance Empire, Flatiron, 5th Avenue. Quiet district many restaurants and/or pub nearyby.",0.36104166666666676,0.6516666666666667,Sep 19 2009
10,10,"incredible views truly city never sleeps! This fantastic location minutes macy's, empire state building, madison square garden etc, perfect exploring. The view room truly breathtaking, looking towards empire state chrysler buildings, however curtains provided, room get dark difficult get much sleep! The room ok size clean comfortable, however despite trip end summer, still rather expensive, particularly get meals. Overall, pricey worth it!",0.30452380952380953,0.6180952380952381,Sep 18 2009
11,11,"Great Stay My friend I visited New York City last week. We stayed pleasant stay. Check quick staff helpful. We ate resturant three times food good. This good location. We walked several areas almost every day. It clean. The staff helpful getting us car airport day leave. Check smooth. Highly recommend hotel. Rooms small, short time.",0.31310606060606067,0.5342424242424243,Sep 15 2009
12,12,"A little gem heart city Following accumulation Airmiles Priority Club points (and Platinum Status) I planned &quot;free&quot; trip NYC UK. Having stayed I knew roughly I wanted stay around main highlight trip new Yankee Stadium. The choice Crowne Plaza Times Square stayed CP before. With new decision basis fact internet free (and unlike reviews speed adequate).Arrived JFK took LIRR Penn Station made short walk 7th Hotel. Arrived 1pm offered room immediately - even though freebie - 1901 King Bed &quot;view&quot; Empire State Building. At end stay I also offered late check - excellent service status reccognition hotel.Having stayed New York I expect small room unless pay earth. The room perfect size. In I want bed , desk, TV bathroom. All provided excellent. Must say first I stayed provided HD Tv actually HD channels (in fact almost full cable line SD HD channels). No complaints bathroom - good shower toilet basin. Nothing else I want ?The local area provides good mix shops (CVS, Wholefoods, Duanne Read, Best Buy) places (from Subway, Starbucks Macdonald good restaurants) blocks. The subway close along key bus routes - walk Empire State, Rockafella Centre, Times Square Union Square within 20 30 mins.Overall wonderfull goes straight top personal list manhattan hotels",0.2427215705441512,0.4627158683610297,Sep 12 2009
13,13,"Great keep perspective! We stayed 6 nights towards end August say impressed overall. Prior arrival touch parcels delivered arrived, manager took charge requests kept us attentive staff informed arrived.Lets get perspective, Manhattan island, right middle things therefore space always going limited. When compare hotels four times price may case saying rooms small, realistically, location, price amount time spend fine. I say likely bathroom caused 'small room comments' small side, perfectly usable.Our room ready early (around 1pm) able leave bags set stright away, advised come back around 3pm expected room ready us. The room 'upgrade' standard room would normally get rate, 19th floor Empire State building view room which, whilst size room (all rooms similar property, suites etc, standard rooms (seems becoming common franchised IGH properties)) better due open air feeling lack brick wall outside window.The room good, sure huge, like central London hotels, size costs money realistically get $100 night smart booking really can't beaten. The elevators caused people comment, sure sometimes long queues, seemed large parties checking hotel, really issues stay.The internet free, great bonus considering IHG locations charge $20 hour access Europe, fastest thing planet fast enoguh needs greatly helped us sure filled days best possible. There free PC's n business center basement too, print tickets etc free - excellent facilities overall department.We eat breakfast food stay many different reasons. The food cheap, breakfast cheap nicest locations. The doors Bar/Restaurant 'office like' layout facilities inviting. The bar 'lit' poorly battery powered LED lights dim size room. The cafe desperately needs tables chairs outside, reason stay piled outside unusuable - maybe packed away winter, although temperatures around 83/85 stay could useful.Over though, Peter (the manager) team good little hesitate staying again, nothing much trouble great value overall. Highly Recommended.",0.2216489703989704,0.5061711711711713,Sep 12 2009
14,14,"Great deal! We booked 2 rooms: 1 king bed room 2 double beds room 2 nights pleased! (especially considering low price paid). Staff professional, rooms beautiful, clean bigger I expected. Max occupancy 2 double beds room 3 persons according could easily 4. The max occupancy 3 one side one bed touches wall one bed would difficult access one person would much problem 4 persons. Rooms well isolated too, hear anything rooms.The bad surprise got safe keep valuable stuff (passports) room. But keep &quot;safe&quot; front desk (but use service).When check-out, kept luggage could leave NY later day.There plenty cheap parking around (http://www.bestparking.com). I think got better deal using bestparking website used hotel's parking &quot;deal&quot; parking 30 second walk hotel.",0.15364583333333337,0.5135416666666667,Sep 8 2009
15,15,"Great stay great price My husband I stayed 4 nights Holiday Inn anniversary pleased discounted rate able give us phone. The staff VERY friendly, although rooms small updated recently clean. The linens nice, bed little firm, even gave variety different pillow types choose from. It located &quot;side street&quot;, F train close (maybe 3 4 blocks?), able walk Empire State building. I felt fortunate found nice low rate NYC.",0.29433333333333334,0.6130000000000001,Aug 29 2009
16,16,"Do come I Priority Club Platinum member (highest possible level) I often use Holiday Inns Intercontinental hotels. I many, never seen SMALL rooms. If traveling someone, barely enough room stand together bed bathroom. Did I mention rooms extra-small? Then imagine bathrooms... even SMALLER. The locations OK, 26th Street West, I would say main positive thing, I would also praise friendliness employees; another problem housekeeping, one slow services everywhere... We stayed 5 days, three housekeeping managed come 4pm. You also free access &quot;high&quot; speed internet, HIGH speed internet, extremely slow speed internet. I even meausured speeds, speed 8Kb 20Kb per second, depending time day. SLOW. Another thing glass-glasses rooms, plastic ones. The hotels 2 elevators, times wait one minutes... The actually feels like motel, real hotel. And Priority Club Platinum members... upgrades. I even asked manager this, got answer upgraded high floor (19th 25)... breakfast/dinner upgrade larger room upgrade... strange... one ask Priority Club membership...",0.06558080808080806,0.496199494949495,Aug 26 2009
17,17,"Beware parking fee... Our overnight stay flawless, smiling attentive service received check-in friendly bellman gladly whisked bags holding room checkout could spend day MoMa. Only thing left bad taste mouth extra FULL day parking charged going 90 minutes 24 hours parking lot street. Hotel says charge $30 night, charged $60. Turns flat rate negotiated lot, hourly rate kick first 24 hours expires. So beware. Otherwise, asked better experience. Request high floor back postcard view (Empire State Building, Chrysler, GE Building). Rooms decent size, neat clean, beds extra comfy, almost never wait elevators, place exceptionally quiet, convenient everywhere (subway couple block walk) constantly hustling staff cheerful. They steer wine shop two blocks away closed hours, misstep. FYI, I find nice little wine shop, Buzz, 27th west Sixth Ave. stays open midnight.",0.1629732510288066,0.5273045267489712,Aug 22 2009
18,18,"Decent Hotel. Central Location. Friendly Staff. Dingy Backstreet Decent hotel, fancy clean comfortable. Friendly staff. Not long walk subway. Room bathroom compact two double/queen beds adequate good night's rest. Self parking $30/car $40/van park lot block hotel. Alternatively free street parking available nearby streets (e.g. 27th) 6pm 8am.Although nice small dingy street wedged two old dilapidated buildings first impression area great.",0.2504629629629629,0.5444444444444445,Aug 22 2009
19,19,"Great value find Got cheap rate online last minute 119 USD. Was steal. The must friendliest staff I seen long time, place clean well serviced business centre small gym. I liked philly cheese steak restaurant well. Good location. At doorstep happenings Chelsea. Would stay definitely.",0.28518518518518515,0.5462962962962963,Aug 22 2009
20,20,"Great staff clean room central location rooms bit small This first trip NYC. We drove Manhattan five mintues Lincoln tunnel. We parked Central Park block street. The parking usually $50+ validate card leave knocks rate $30 day. The Hotel clean amenities I needed. The staff helpful attentive. The elevator hallways air conditioned expect sweat little bit peak hours espically staying top floors. The room clean awesome view lower Manhattan. However, The compaint I rooms tiny I mean very, tiny. Maybe way everything NYC. All spend much time room size factor big issue. I would recommend friend convient seemed central sites lower district.",0.13995370370370372,0.5476504629629629,Aug 8 2009
21,21,"Great Alternative Manhattan Midtown Hotels My son I stayed August 2009. We traveling NYC via bus Washington D.C. chose based location price. A quick aside, Vamoose Bus great way travel two cities. The trip takes four one half hours. In cases faster airlines (door door). For $25 (one way) can't beat it.If familiar Manhattan, located midtown Fashion District. It's 26th 6th 7th. Not greatest area, certainly unsafe.The one way walking distance Times Square approximately one mile may eliminate consideration some.The new. It slender, 25 story building, maybe six rooms per floor. We double room spacious Manhattan standards. They double beds instead twins. The room closet, desk, flat panel TV, free internet (wired/wireless), 350 sq ft. The bathroom adequate shower stall, bathtub/shower combo.Check quick effortless. The contacts I staff friendly helpful. The room quiet spotless. The beds comfortable. Absolutely complaints. The checkout also hassle free deliver statement final night. You sign leave front desk card keys exit.The restaurant premises visit.If business leisure require Midtown Area, great alternative. This particularly true enjoy walking. I might think twice staying inclement weather I planning walking destinations Midtown farther.This even better deal able score great rate I Holiday Inn website.",0.2845851370851371,0.5586435786435787,Aug 4 2009
22,22,"Not best Location Not best location would take 20-30 mins walk Times Sq feel safe locations. Room nice clean modern starbucks coffee usual toiletries, nice linen. Staff helpful. Gym basic, limited equipment pool. Pretty quiet compared hotels. Didn't try breakfast expensive fantastic little grocery store around corner hot bacon egg sandwich free coffee really cheap - highly recommended, tasty!",0.24080627705627713,0.546758658008658,Jul 26 2009
23,23,"WOW This great hotel. The staff nicest staff I gotten experience years. The rooms clean modern. The rooms small side, expect NYC. They air condition hallways hot, air works great room. Hallway noise minimal, stayed end. The pop machines located different floors seemed always stock least two different dates went get one. The one shorter buildings around much view stayed second floor back got dirty alley view brick wall. There two elevators move rather slow prepared wait go down. If decide take staircase lead alley dumpsters recommend taking stairs night. There always taxi waiting outside great. Pen station times square blocks away. An $8 cab fare china town. Overall great location great hotel!",0.15070048309178743,0.5425603864734301,Jul 23 2009
24,24,"Outstanding! My husband I pleasure staying Holiday Inn, Manhattan recently. We pleased choice hotel. Not price great, location perfect - evenly placed many great sites. The staff outstanding. In particular, front desk staff chef friendly, helpful went way make stay easy enjoyable. Thanks one front desk clerks pointed us direction great roof-top bar nearby. In addition great staff, clean, modern well kept. We read reviews indicated rooms small, felt pretty typical size NYC. We would highly recommend definately return decide travel NYC again.",0.38086956521739135,0.6394202898550724,Jul 8 2009
25,25,"Clean Courteous - GREAT!!! I travel NYC often business next impossible find afford stay at, clean embarrassed house clients. Finally, I found one! Location great - two blocks subway reasonable walking distance train station. The price right - look online advance sale bargains call sales team directly - helpful accommodating. The clean bright comfortable beds pillows. The staff polite, rare NYC evening manager even called room make sure everything liking. I staying often possible I return NYC",0.3128851540616247,0.7367413632119516,Jul 2 2009
26,26,"Cant get Better All I say staff best, young staff, professional helpful. The day I checking flight didnt leave till 7pm I wanted sight see stafff held luggage till I wouldnt get another night check luggage. It little noisy I loved thats I NY for. I took Q33 bus Jackson Heights train station F train 23rd street 6th ave. It 5 min walk hotel. The taxie 60.00 La Guardia took train. The room sparkling clean, pillows bedding nice, room kinda small expect put someone sleep floor dont even try it. To eat place eat every corner. Madison square gardens, Penn Station ,Empire State Building, 5 minute walk hotel, also Times Square . If want great location, great service, clean rooms, comfortable beds without stretching budget, place. But caution trying get room noise, central everything noisy veryyyyyyyy busy buth thats I love NY :)A+++++++++++",0.3681018518518518,0.5655555555555556,Jun 15 2009
27,27,"Excellent staff excellent value We pleased cleanliness hotel, friendliness helpfulness staff, pleased hotel's location. We three blocks subway 10 blocks Empire State Building. The rooms small, time spent site-seeing big issue. The bedding comfortable plenty closet, drawer counter space. I would definitely stay location again!",0.382,0.6599999999999999,Jun 9 2009
28,28,"Enjoyed stay! Planning drive city, decided stay. Wasn't sure going able get room short notice Saturday afternoon. We thrilled Holiday Inn room. It small room, others stated, served needs well. The beds comfortable, room clean. We wonderful meal Prime Cafe located within buiding lobby, It best burger I've long time, wonderful service waiter Joe. We also received coupon $20 go toward breakfast. We also able park one block down, $30/24hr.",0.40974074074074074,0.6291851851851853,Jun 6 2009
29,29,"Nice Hotel Great Location Great Value money Got great deal travel zoo,three us stayed 6 nights one room two double beds. Rooms nicely decorated, clean however cramped three people, however time really matter. Our room serviced one days also problem toilet however I called reception dealt straight away. Staff pleasant helpful special recommendation goes Leo Concierge extremley helpful polite. Hotel bar restaurant also nice, although eat food looked superb however needs market restaurant little more. We ate Italian ( I think) across street excellent. Would stay again.",0.4703320802005012,0.6011278195488722,Jun 6 2009
30,30,"BEST VALUE AROUND I HAVE REAL PROBLEMS WITH HOTEL ROOMS BUT CAN'T AFFORD THE 5 STAR ESTABLISHMENTS. These rooms small clean stays room anyway? I thrilled cleanliness lack odor. This small 9 rooms per floor. Everyone close elevator hear people hallway doors closing. Just turn fan bathroom partially close door get rid light. Ta Da instant sound machine!The staff always friendly accomodating requests.Located 6th 7th, near subways,and great walk midtown. I lone female traveling never felt unsafe although I walk past 9:00 p.m. took cab instead.YES, STAY STAY STAY!",0.21494791666666668,0.5089583333333334,May 23 2009
31,31,"Very good location OK service It nice stay n place, It everything I needed, specially location I looking for. I could rest time cozy time!",0.4361904761904762,0.6835714285714286,May 20 2009
32,32,"Perfect staff location The staff outgoing friendly obvious desire please. Our room wonderful view city. Bathroom bit small, surprise NY hotels. The sparkling clean, well appointed suited perfectly weekend getaway city. The mid-town location perfect since going downtown. Easy get variety subway stops, restaurants galleries.",0.5472222222222223,0.7703703703703703,May 13 2009
33,33,"Reservation honored We reserved rooms double beds accomodate family. When arrived, claimed overbooked could provide us king bed half stay. Four bed cozy me--family not! The rooms small--no room even put someone floor. It appears uncommon practice hotel. Beware!Rooms clean. Location close Times Square Penn Station. Elevators slow crowded. Staff cordial, unable fix uncomfortable situation.",-0.044,0.5936666666666668,May 11 2009
34,34,"Cozy (small) good location Small room good solo traveller. Everything worked (hot shower good pressure, HD Cable HBO, adequate elevators, subways &amp; deli nearby).Downside - noisy effective A/C (usual Holiday Inn wall unit in-room thermostat), noisy street early a.m. front.",0.24030303030303032,0.5512121212121213,May 4 2009
35,35,"Good Location - nice Stayed large group 4 nights.Great location see everything, minutes walk away good eateries. Great Italian around corner.Rooms comfortable, clean expected. Staff polite.",0.34809523809523807,0.5378571428571429,May 4 2009
36,36,AMAZING STAFF - VERY CLEAN- Customer Service Was Wonderful I Stayed week complaints - rooms little crammed I felt price house restaraunt (kind expensive) location perfect right heart city: downtown Manhattan,0.4093601190476191,0.8057142857142857,May 2 2009
37,37,"Good location nice staff noisy rooms poor shower The building narrow. There ten rooms per floor, minute people get elevator, hear every single word they're saying. On plus side, room corner rooms, encounter little foot traffic. I trouble sleeping.My room poorly designed shower (no tub). There plastic strip floor, shower curtain short. As result, water went bathroom floor.On plus side....very friendly staff convenient location. I dine restaurant, I can't comment. There decent options nearby. On corner 26th St 7th Ave there's Mexican grill also Whole Foods block left. If turn right towards Madison Square Garden, plenty places eat. It's 15 minute walk Herald Square Macy's. The two subway stations, short ride Times Square West Village.",0.07833959899749372,0.4535087719298247,Apr 28 2009
38,38,"Really small convenient nice! We decided stay one night New York order see Time Square Broadway continue journey Canada visit husband's family. This located Manhatten's 6th avenue 26th street. So, want go Time Square (42nd street), around 15-20 minutes walk. But street (7th Avenue street) busy full things happening left right. The number people walking towards coming Time Square whelming! You can't help think people coming going to!The clean, quite small. You enter door surprise, reception right 3 staps away! The receptionists funny loud. The guy checking reservation throwing jokes made us feel quite home! The room big comfy bed, big 36 inch LCD TV (which looked huge compared size room - feel like cinema!). bathroom clean bath-tub. Just stand shower alright. There free wireless internet connection well.We asked wake call taxi next day 6 everything right time.The draw back I found noise. There couple right next room came back around 4 clearly drunk time managed open room I awake noise us room.Ah, one thing: apparently could actually order food restaurant outside hotel. Seemed permitted going night, room next us pizza carton outside room.",0.14958317872603585,0.44035435992578853,Apr 20 2009
39,39,"Cozy Hotel We stayed Holiday Inn last weekend. The front desk staff wonderful. The beds comfy. The rooms small typical Manhattan. We unpack put suitcase closet would walk suitcase. Two rooms shower..no tub miss tub. It little noisy a.m. But can't control noise. Other travelers would talking elevators elevators slow,,, also common older NY buildings. Bring ear plugs light sleeper. Parking street I think $35.00 per night.I booked internet holiday inn somehow ended booking extra room refund it...so careful. It worked son girlfriend came stayed us fun.",0.016584967320261438,0.4949346405228758,Apr 18 2009
40,40,"Great locationa good VFM rooms small Excellent location, ideal shopping, restaurants, Times Sq etc. Stayed 2 nights twin bed room got great rate $140 night. Hotel new, modern clean. The big issue, mentioned others, room size. We 2 adults teenager squeeze. The room mainly 2 beds! But they're v comfortable, choice firm soft pillows. A large LG TV, small wardrobe, 3 draw dresser tiny desk filled rest space. The bathroom 'compact'. But everything worked reality much time spend room NY? The AC loud, need use time year. Free internet bonus. Would definitely recommend, get good deal.",0.31024562394127614,0.5759326181065312,Apr 18 2009
41,41,"Best value clean gret location small rooms!! Great close subway stations, restaurants Empire state building. Small rooms clean comfortable (amazing bed!). You hear anything next rooms even outside.restaurant lobby also great breakfast places (malibu diner) close by.",0.38427083333333334,0.5700000000000001,Apr 18 2009
42,42,"Clean New The Holiday Inn great choice looking clean new place stay. The nice employees great. Ask high floor room great views. I would give 5 stars rooms small. If staying nights might value space. However, nights perfect especially value super clean new hotel. I would problem staying days.",0.3069696969696969,0.5852791068580542,Apr 16 2009
43,43,"Great place sleeping. Room clean, small. If want clean safe room sleep OK. Not lot things close by.",0.3680555555555556,0.6116666666666667,Apr 16 2009
44,44,"A Tall Secret 26th St. The Holiday Inn 26th St. new cab driver even know existed gave directions hotel. It's tall slender surprisingly quiet street Chelsea Flatiron District. As many travelers commented past reviews lobby rooms small. However, bar restaurant provides larger space socialize away busy crowds lobby. I amazed friendly service front desk provided even people crowding desk wanting check in, check out, ask directions, complain. The employees able handle stress maintain friendly smile throughout craziness. We stayed 16th floor wtih view 26th street. The double beds really comfortable, travelers stated, rooms fairly small. The bathroom tiny sink, four people able manage weekend tiny room without issue. I hear noise coming hallway since doors rooms tucked small hallways. As far elvator situation, really issue waiting two building. It ran quite fast issue wait long time. This elevator comparison The Pod, unfortunately ran slow smaller. We drinks bar people friendly make strong drinks. However, pricey like bars NYC. The neighborhood really interesting since mixed tourist, straight, gay people around. On 7th street lies FIT Martha Stewart's studio 6th street lies CVS Starbucks. The subway 28th 23rd street, would reccomend 23rd street since busier around Flatiron Building provides multiple tracks (RWFV). Cheap breakfast found A Taste NYC 23rd 6th (literally eggs,sausage, hash brown $4). After hours dinner good dessert 23rd Malibu Diner. There bar next door hotel, also Rogue around corner. This bar felt like employees snobby go again. If new look Holiday Inn, I definately agree stepped level competition Hilton, Sheraton, Radisson. This comfortable even small rooms, bed amazing. Its ambience exceptional customer service made place bigger really weekend stay NYC. The neighborhood far enough crowds Time Square, close enough see lights corner 7th 26th. I definately would stay since neighborhood offers nearby attractions without noise crowds NYC. Holiday Inn tall secret 26th street make memorable stay Chelsea, NYC.",0.12275626636737746,0.49718481107369983,Apr 4 2009
45,45,"Met Our Expectations More! The reviews read realistic well written. We plenty surprised cleanliness service-oriented staff. Yes, room little small, actually cozier small. We found location convenient attractions interested in. It short taxi ride Times Square good, brisk walk 7th Avenue Madison Square Garden, Times Square, restaurants services Chelsea. We definitely would stay again.",0.11284722222222221,0.4444444444444445,Mar 2 2009
46,46,"Great location helpful staff Check-in: Very smooth uneventful. The front desk really helpful long weekend. One gentleman recommended Malibu Diner breakfast ended eating 2 mornings row quick service, low prices loved French Toast Club sandwiches there. When checked Sunday, staff front desk offered hold bags us could exploring catching bus. They also graciously allowed us sleep bit Sunday checking ALWAYS appreciated.I read reviews elevator wait time long never problem this. Even had, vacation wouldnât ruffled feathers much. The room small would expect previous reviews, since werenât expecting anything different, werenât disappointed. The bed definitely plus really comfortable king mattress. Only thing I wished I requested better view since view building right next us. No biggie since werenât much, pay full price, may something request since sometimes accommodate you. Another somewhat annoying thing I donât normally notice, much could hear neighbors. We could hear neighbor slip key lock next door audible I couldnât shake reflex jumping thinking maid coming in. I donât think thereâs much since building tall narrow, rooms really tightly packed together. The location great us since plenty quaint places eat within walking distance. I like kid candy store, exploring picking restaurant based displayed menu look place. We walked everywhere. We liked able walk Times Square lots shopping big Macys. I recommend walking Chelsea Piers lunch one day fresh seafood mall amazing bakeries Iâve ever seen. Gourmet hot chocolate excellent coffee stand there. For Central Park, Met, Little Italy, etc, probably need taxi like did, especially cold.",0.15866612554112552,0.5257521645021646,Mar 2 2009
47,47,"Fine small Recently stayed relatively new, itâs OK but;The upside, free internet access, 10 minute walk Penn Station, easy access train Jamaica JFK airtrain train Newark, expensive taxi ride needed.Down side, small rooms, comfy chair bathroom entrance room right want sit toilet watch TV room. It tiny work desk small closet, everything cramped up. The worst thing all, video check out, want leave busy time long wait front desk would involved lobby also small.This fine short stay, want basic hotel.",0.06160960251869343,0.4881178669815034,Mar 1 2009
48,48,"Great location great value We stayed one night. It great location - close everything. The rooms nicely decorated, clean, comfortable bed. The staff friendly. Would definitely recommend great NYC offers convenience value money.",0.5161666666666667,0.67,Feb 27 2009
49,49,"Perfectly adequate short city break Stayed Feb 09. We 3rd floor room 2 double beds. It bit cramped, much wardrobe space bathroom bijou, clean beds comfortable. And much time spend anyway sex friend?! Air conditioning bit noisy turned thermo bit solved problem. Didn't try breakfast local options like Murray's Bagels really good. Hotel well located, pretty central within easy reach major attractions good eating places.",0.18766339869281043,0.3959150326797386,Feb 25 2009
50,50,"The place stay NYC I booked ages ago using Priority Club points surprise Valentines break New York girlfriend.A lot people dont seem like booking hotels 15,000 points night we've never problems anywhere world. My question is.....why 15,000 points night ?!We arrived long flight UK-Amsterdam-JFK took subway Penn Station. Its 10 minute walk way back got subway 23rd St even closer.On arrival greeted big welcoming smile check literally took 2 minutes...if that. Reading reviews though would wait ages lift problem. We given room 23rd floor I emailed saying surprise break views magnificent. Looking Mahattan skyline.Ok rooms werent size suite Hollywood movie immaculately clean everything needed...a comfy bed spotlessly clean bathroom large wet room type shower soaps, shampoos etc etc. A large flat screen TV allowed us Brits look amusement millions TV channels unpacked free interent well. Wired wifi.Everytime walk front door lift receptionists always greet friendly hello smile. People may think 'the American way' doesnt happen everywhere States I assure you.Walk hotel, turn left left mini supermarkets cracking deli's New York feeling getting bagels sorts hot cold fillings couple coffees go.Walk hotel, turn left, cross road , next block trun left Broadway 10-15 minute walk Times Square. This 15 minutes walk Times Square, Empire State, Penn Station, Madison Sq Gardens etc.People said wait lifts. One morning waited 3 minutes. ANd probably stopped floors way maids use lifts well. Total...about 5 minutes. Whats 5 minutes life New York holiday?The times used NY taxis $5 including tip. This central clean new. The barmaid behind bar couple times wnet annoying everyone know doing, that...but hey...you're New York. We popped happy hour cominbg back refresh headed back out.At end day, ideally situated centre town clean...spotlessly clean...and size bed hotel. The size wash basin, size toilet, size coffee mugs size window. The maids make noise. The views spectacular rather spend $55 yellow cab JFK, spend $5 Air Train Jamaica central $2 blue E line either Penn Station 23rd St walk 2 blocks.When go back NY, staying !",0.07452501202501202,0.39614598364598363,Feb 24 2009
51,51,"best friendliest i've stayed new york ! friend got back new york stayed loved staff friendly enough us . we,re due go back soon stay anywhere else fantastic time !!!",0.3038068181818182,0.4284090909090909,Feb 21 2009
52,52,"Excellent Value! Great location. Nice cozy room. Tastefully decorated. Large thick bath towels. There 4 us (2 couples) room 2 double beds. It bit cramped spend much time room anyway suited us fine.The staff amazing. The courteous, friendly staff I've ever encountered NYC. And extremely responsive. When plumbing problems, someone door within 5 minutes take care it.",0.328021978021978,0.6541208791208792,Feb 13 2009
53,53,"A no-problem stay; good budget option Got great $95 rate Priceline holiday weekend NYC. This open 7 months, everyone knows it. Location good--it's halfway F/V (6th 23rd) 1 (7th 28th) subway stops, although 1 slightly closer. There convenience stores, drugstores restaurants steps away: CVS Duane Reade 6th, Chipotle BRGR 7th. I recommend Supermac 7th south 29th: multiple varieties macaroni cheese. Received &quot;upgrade&quot; arrival king bed 14. Small, NY style room, really tiny bathroom (bathroom even tinier ones Radisson Lexington). But everything clean comfortable. Flat-screen TV many stations, 1/3 come in. FREE INTERNET! (Wired wireless--I went wired--but sure ethernet cables connected properly.) I noise problems--I could hear people hall outside door. It super cold stay, kind hard keep room warm cold kept radiating window, better last day got freezing. Staff pretty friendly NY hotel, greeting guests got elevators (no long elevator waits, either). The bartender even changed $100 me. The problem I one day I left room noon, cleaned I got back. I called someone came right changed towels made bed. I appreciated that; I've hotels tell I luck happened.All all, I would recommend place single traveler especially--but probably families due size rooms. Maybe couple. I know two-bedded rooms like.",0.13358276643990932,0.5269841269841269,Jan 20 2009
54,54,"Great Deal Manhattan My husband I got really great rate ($96.00/night) hotel. Granted, stayed early January--a downtime NYC hotels. I booked part price part reviews read here. Everything better I expected. We stayed 21st floor nice view. The room appears recently remodeled/updated. Yes, room small, nearly Manhattan rooms are. Yes, sometimes wait minutes elevator much better I anticipated read reviews here. The room entire clean. The staff reception desk incredibly friendly helpful. They seemed genuine appeared want us really enjoy stay. The location great. IT nice, clean, safe, hotel. We got great rate website. I would definitely stay again.",0.3151388888888889,0.549375,Jan 7 2009
55,55,"Friendly staff We returned six day trip new york bit nervous comments regarding staff lifts hotel. However pleasantly surprised. We arrived Xmas Day (family 5 - children aged 15. 15 20), greeted nicely reception, took lift 20th floor bother. The rooms small admittedly everything need. Only gripe would cleaners congregated outside room morning trolleys kept. We could fault reception - went way friendly, lifts worked reasonably quickly times. The position good - blocks away Macys 5th Avenue - could ask for?!",0.20533549783549782,0.49318181818181817,Jan 4 2009
56,56,"Great location staff We stayed 18th 21st December - surprise birthday trip wife.We flew UK - Amsterdam - JFK unfortunately luggage didn't. We arrived 3pm Thursday; luggage finally caught us 3am Saturday.As soon aware problem, staff solicitous helpful. Within minutes sorted toiletries etc disposal, helpful advice offers support assistance needed. They helpful.The rooms large, big enough short stay. We double wife I twin kids. The twin shower room. The double boasted bathroom, bath deep slightly elongated shower tray.But expect city space premium?Everywhere clean well maintained. Our one problem - plug bath - sorted minutes.Each room huge TV vast list channels, alarm clock, free internet (plug wireless), tea/coffee making facilities (apparently universal US). Not much tea coffee though - take buy additional supplies locally.The bar restaurant prices horrendous. We ate breakfast Malibu 23rd Street - five minute walk (in snow!), great food inexpensive.The heating/air con room individually adjustable (which I hear rare). If go, enough change wall thermostat set &quot;auto&quot; - also need change heat/fan speed settings flap air con unit itself.The beds really comfortable. Good supply pillows towels.Overall great touring shopping trip. Not kill time in, need NY bed!One last recommendation - got NY first time, get guide show round. They know quickest ways travel two points, best places view inindividual sites. I would strongly recommend http://www.familyinnewyork.com/ competitively priced work hard design personal tour choice. Scott (the boss) Mark looked us better. Try - see lot day would week own. They also happy offer unlimited advice shopping, eating, entertainment etc.",0.22252214839424142,0.5205287929125139,Dec 24 2008
57,57,"Would stay Great place stay looking clean room good location. Staff pleasant helpful, room modern ammenities simple, yet functional.Make mistake it, nothing fancy hotel. It's great value NYC within walking distance lower mid-town Manhattan.",0.54625,0.6492261904761906,Dec 19 2008
58,58,"Great stay Just back New York weeks stay dissapointed either, rooms large two double beds, comfortable lovely view Empire State Building bedroom window.Staff friendly helpful.Hotel normal facilities plus free internet buisness room, small gym bar restaurant, downside bar sale draught products beers glass.The decent location easy walk Macy's short walk longer Times Sq, Empire state building, Grand Central station etc. Car rental 5 mins away adventurous looking travel farther afield.Would stay again, yes, would recommend hotel, yes",0.21628246753246755,0.6241558441558442,Dec 11 2008
59,59,"Liked Hotel I got back spending 3 nights hotel. I enjoyed stay, staff friendly clean. The restaurant that's inside half price drinks 7 days week hours night food GREAT! The owner hand cooking, tortilla chips fresh salsa great! Fresh wings, Fresh cut dipped calamari, outstanding! I issues elevators wait time. The rooms small spent time hotels, there. We go nyc sit room, time came back night, right bed!",0.26287593984962404,0.4488095238095239,Dec 10 2008
60,60,"Small nice... This new ups downs. The staff great! Friendly, responsive, really helpful. The rooms small - much extra space wont spend much time room perfectly located hotel. You middle everything much do! The main downfall elevators....there 2 elevators entire hard find ride room it. Overall, nice place.",0.22340909090909092,0.4902525252525252,Dec 10 2008
61,61,"Very nice w/ tiny rooms amenities Overall I enjoyed stay Inn. It nice clean hotel, I paid I feel like lot included. This BAD means, I used receiving lot amenities lot less money (free breakfast, pool, fridge room, etc.). The Good:- Hotel bar happy hour half-priced drinks 4 pm 7 pm- Room furnishings; comforrtable bedding - Location; close Subway stops far Times SquareThe Bad:- The rooms tiny! There two us sharing room felt cramped. I can't imagine staying 2 people room. - Elevators; two times took long time come- Very amenities; pool, tiny &quot;business center&quot; &quot;execise room&quot;- Hotel website claimed mini-fridge CD player room, either.Overall nice stay, future I choose offers more.",0.20483870967741935,0.5308064516129033,Dec 9 2008
62,62,"Great location... shame elevators bit pricey! My partner I chose located near Penn Station - approximately 10 minutes walk away. We arrived Boston train, walked four blocks downtown along 7th Ave 26th. The lobby small reception staff friendly, efficient professional. Our room 15th Floor - bigger average New York room, two queen-sized beds! These beds amazingly comfortable! The TV awesome. It offered 100's satellite channels - go see friends, I would happy staying room two whole days watching TV! The main problem lack elevators. There two them, tiny. Guests share bell-boys, cleaners staff. So, sometimes wait ages it, especially morning. And times, crowded. We vacation, OK - hurry (i.e. businessmen), great. Secondly, breakfasts included price, considering paid US$350 per night. Luckily, two McDonald's nearby - one 6th Ave 7th Ave (24 hrs). The nearest subway station two blocks away 28th. Overall, great Flower District. Great location - right heart Manhattan. We definitely stay again. And may sound cliche, &quot;We love New York!&quot;.",0.25484476461038963,0.5464522456709957,Nov 30 2008
63,63,"One person's cosy.... ...is another person's cramped, hotel's reviews would seem indicate. We recently stayed one night start holiday four nights end. The first night room 2507, top floor air conditioning system! A fabulous view towards financial district wholly compensate noise level.Our twin room was, American way, funished two double beds. While worked hotels stayed trip meant that, small rooms possess, difficult open, store manoeuvre around two farly large suitcases. Our four nights spent room 807. There still noise problem within (an air conditioning duct runs inside wall '07' rooms) without. I think bedroom windows triple glazed, would added great deal cost recently opened hotel.As reviewers noted, lifts issue. On last morning one broken down, seemingly uncommon occurrance, took partner 20 minutes get lobby case - managed getting lift way up!On plus side within walking distance many major tourist attractions three subway lines. The rooms clean reasonably well appointed. The reception staff helpful could given chaos sometimes reigns coach party squeezing small lobby. I'd stay I would choosey room I'd accept.",0.028635204081632646,0.43911564625850336,Nov 26 2008
64,64,"A great A fantastic view room.That sums room me.It also fantastic HD Flat screen TV, perfect air con, comfortable bed great location. The 28th Street subway station 2 minute walk away, MSG (Penn Station) 5-10 minutes.The room massive, ample 2 persons.The room clean although 2 lifts, I never long wait. There small gym office free internet access basement.I 21st floor room views toward Empire State Building. Next time I ask South Facing room look towards Lower Manhattan.",0.29011111111111115,0.6490000000000001,Nov 16 2008
65,65,Never stay one night I would never stay again- never!There two main issues make inconvenient stay one nightThere two elevators whole hotel- 25 floors expect long long waits. Worse twice week one elevator broke last day waited 22 minutes get top floor lobby. I would walked luggage bring down. Standard thru week ten minute wait morning.As check left luggage came back 3pm pick up- one elevator still working moved luggage storage 3rd floor. With lobby full people waiting luggage waited 20 minutes get luggage. Knowing problems elevators would move luggage lobby! I asked Manager apparently working trying find luggage clients I could wait longer. The staff look regular thing shell shocked. They best apologize must agonizing day day out. The rooms fine- nothing elaborate clean. If 25th floor stay 2501 right elevator shaft hear elevator moving night. I move first night. There better hotels area- normally I stay Hilton Garden Inn 28th Street booked Halloween night.,0.12498797498797498,0.4378408628408628,Nov 4 2008
66,66,"Good things look for.... Type trip: Leisure TripRoom Type Stayed Trip: Standard Room King Size BedMain things I look type trip are:Central HotelQuiet RoomsClean RoomWelcoming / comfortable roomGood showerGood size towels Room fan / airconBlack-out curtainsIroning Board RoomComfortable bed, duvet, ability request feather pillowInternet Room area workNon-essentials:Enough sockets plug Laptop phonesFilms Demand TV good size TVToiletries provided ability order bathrobe slippersRoom serviceGood breakfastExtras (Fitness room, sauna, steam room, pool)This fared follows:Central Hotel: Very, walking distance Times Square, Macys, near subway.Quiet room: Yes no, see down.Clean room: YesWelcoming/comfortable room: YesGood shower: Yes, bath.Good size towels: Standard size large.Room fan/aircon: Yes Black-out curtains: Yes, best cracks.Ironing Board Room: YesComfortable bed, duvet, ability request feather pillow: Bed comfortable, duvet two types good pillows however feather.Internet Room area work: Yes, internet wired wireless however slow mornings evenings using it.Enough sockets plug Laptop phones: YesFilms Demand TV good size TV: New large flat screen TVToiletries provided ability order bathrobe slippers: Toiletries provided bathrobe slippers.Room service: YesGood breakfast: Did eat bar good cocktails.Extras (Fitness room, sauna, steam room, pool): Fitness room closed, however organise facilities site.Overall: New hotel, rooms small (compact) comfortable well designed. You however hear going corridors outside room. I recommend use room fan full speed night, stops hearing noise outside room. The internet stable however slow. You wait elevators two 24 floors 10 rooms floor. All itâs good little nicely comfortable.",0.2413910308441559,0.4789894480519481,Oct 31 2008
67,67,"Nothing Special Wanted stay Holiday Inn nearer Little Italy, book. So able use Priority Club points stay 6th Ave. location. Lobby hole wall room bigger. You could easily get claustrophobic space small. Priority Club got us room 21st floor, made wait elevator much longer. Breakfast miserable high priced- oatmeal, granola yogurt, tea coffee came $30. Starbucks better deal. After 2 days advised key card rekeyed, course got way room find key card work. Not near Times Square near Little Italy WTC area. Really good much. Someone said years area better, wants wait. No service elevator compete bellmen cleaning staff lifts.",0.0011076604554865477,0.5312939958592132,Oct 29 2008
68,68,"Loved Holiday Inn Manhattan 6th Ave This first time going New York City, absolutely loved it. The room small cozy, It felt like home. The bed best I've slept vacation. The staff helpful location great. When I return New York I'll definitely stay without doubt. The t-shirts right say...I love New York!!!",0.3326751373626374,0.5486679986679985,Oct 14 2008
69,69,"Loved it. Its great Extremely professional service. The manager (Juniors ) extremely helpful professional. The rooms little small, new provided room top floor( 25 th) . Comfy bed, clean room bathroom.",0.25004820936639116,0.5467768595041322,Oct 9 2008
70,70,"Very Happy Holiday Inn I read reviews concerned. Instead check area small fine- maybe 15 people area still got right front desk checked quickly. The front desk staff professional, courteous, genuinely wanted assist travel/tourism needs (same check out). The room nice view downtown. It smallish, sufficient new mattress- new everything! The bathroom small basic- Ritz Carlton, NYC size reduced. The location sufficient.I nornally stay Holiday Inn hotels (hilton, hyatt...) I liked stay would recommend anyone consider hotel.",0.2761688311688311,0.5288203463203462,Oct 9 2008
71,71,commencement long holiday We stayed two nights commencement three week tour.We happy location whole.We enjoyed evening meal good.,0.5375,0.6749999999999999,Oct 7 2008
72,72,"OK could better Stayed two nights end coach tour. As stated earlier review, appear able handle coach tours. The lobby area small quickly gets filled luggage. Only two lifts causes major problems major delays. Our tour arrived hour check seemed cause chaos luggage left sidewalk porterage paid. Reception staff generally OK could unhelpful times. Only limited number securty boxes avalable surprise considering many rooms hotel. The room good small limited storage space. The location good",0.22258145363408516,0.5343984962406015,Oct 5 2008
73,73,"Wouldn't recommend one As reviewers I found many delays lifts. 25 floors 2 lifts make sense. Add tiny crowded reception , keys work two consecutive days mean I returning. The young staff helpful though , top floor I problems noise.",0.10781249999999999,0.5328124999999999,Oct 5 2008
74,74,"Another good Holiday Inn We stayed two nights start family holiday. The room little small, hey, Manhattan! The staff great, helpful, slick, good luggage handling/storage etc, wifi holiday accepted outgoing mail server. We breakfast (expensive) lots diners restaurants around corner. If want somewhere comfortable, clean secure lay head, good any. It pays watch website carefully prices - got two nights cheaper one night following month.",0.21322916666666664,0.63359375,Oct 5 2008
75,75,"Below average Allow extra time holiday take account time wait lift. Everything seemed good got room found tiny double. We booked twin 6 weeks previously. Thought mistake went reception - said overbooked twins (hadn't bothered tell us) manner indicated fault would put it. Made fuss eventually given twin room. Room tiny - nowhere put two suitcases furnished items way large room - light took half desk. Air conditioning loud night. Housekeeping seemed vary ok tea bags, paper cups pillows strewn room.Couldn't wait leave.",0.0981074481074481,0.3962148962148962,Oct 2 2008
76,76,"OK housekeeping hit miss The good location, close good bars restaurants Chelsea. Several subway stops within couple blocks.As new , everything new clean. Good HDTV, free wifi printers available business centre.We wait much lifts, however break one day (when inside!). We also found room quiet street noise (we 23rd floor), great view Empire State Building.Rooms small, I gather they're normal New York!My main issue housekeeping. One day towels replaced, took several calls get them. Another day coffee cups replaced. Another day bins emptied replacement bin liners put in.Maybe staff spent less time joking lifts together things would forgotten??Reception staff friendly helpful though. Overall happy, room free (reward points), $400 night I may impressed?",0.29533896658896663,0.4736868686868688,Oct 1 2008
77,77,"You'll need PATIENCE EAR PLUGS! Ok, one newer hotels IHG New York, still struggling find footing. However, people put together obviously rush make buck. There 2 big issues stay, first NOISE second LIFTS.The noise issue normal external sounds associate New York, rubbish truck comes calling 12am, bottle collectors come 3am tour buses sit outside idling 6am - would thought double glazing minimum standard here. But biggest issue inside noise guests doors closing neighbouring rooms. There 10 rooms floor, every time someone opens closes room door hear it, everytime someone waiting lift (all time, later) talking - hear it, everytime maids start yelling corridors hear it. So bring ear plugs, need them. It like room lot, - wish weren't.The big issue lifts. The 25 floors roughly 10 tiny rooms floor, imagine long wait lift get down! A high floor good less noise, sacrafice time waiting lift. There also appears staff lift, often staff clog lift's use using go floors, maids getting floors morning, calling lift deciding take stairs on. Plus Porter needs use trolley, take half lift leaving room another 3 4 people. It really frustrating. As result many people resort use stairs, can't get lobby level stairs go basement outside fire exit., oh watch floor's rubbish maids put stairwells well waiting collection. The also really struggles handle groups, group arrives once, lobby small wait, cram lifts, lobby full luggage, - group friendly.Staff really interact well, generally friendly helpful, apologies things stuffed - attitude caring.Overall disappointing. Won't return. Tiny, tiny rooms - aware.",0.030791451096329137,0.3729182064547918,Sep 24 2008
78,78,"Close Penn Station - Great stay friendly staff Was going NYC catch local bands 2 nights, wanted stay one night vs 3 hr trip home back...or train NJ back. Found Holiday Inn 6th Ave low rate reward nights, positive reviews, booked it.On arriving Thursday, quick walk Penn Station Holiday Inn, 6 blocks. The front desk 3 people working I helped right away. Check-in maybe 2 minutes!The room smaller side, crowded me. All new furniture, fixtures, flat screen tv. The room clean, I saw. I like location, kind midway I visit midtown lower east/west side. If little time energy, easy walk Times Square midtown. Easy cab ride, long walk, lower east side.They business center basement, 2 computers, use free. Easy access check email. Staff friendly accomadating. I also able leave bag thru day pick I left Fri night. All charge.I'll definately check future trips NYC!",0.2269521103896104,0.48211309523809526,Sep 23 2008
79,79,"Echo 2travelers Nice hotel, updated rooms thought small, decent view Empire State. Only two lifts (elevators!) busy, could take 10 minutes toget down. Nice staff, quick efficient check out. Quiter area, need walk busier areas, like NYC safe.",0.21382716049382716,0.638395061728395,Sep 23 2008
80,80,"Holiday Inn OK maybe We booked two nights (Fri &amp; Sat) weekend NYC. We used &quot;discount&quot; site honest, even so-called discounted price seemed bit steep property type location. The big pluses: brand new June 08 everything still fresh clean. The staff interacted efficient friendly. Did eat restaurant; can't comment. The building small - ten rooms per floor! The room one king bed well appointed large flat screen TV (hundreds channels) coffee maker. But small, VERY tiny closet drawers clothes. Naturally, since paid &quot;discount&quot; stuck room right loud air intake vent hallway - sounded like airplane engine even door closed. We sound sleepers issue us might many. The bathroom small new clean. Lots towels. Complimentary items limited bar soap, small shampoo small lotion (no shower cap hair conditioner). The room fine two people weekend could issue longer periods time. We also one first floors used stairs going - real time saver. The elevators busy hear others complaining long took get rooms. I would recommend tourists unfamiliar NYC. The location great unless confident using subway and/or walk comfortably several blocks get restaurants. The Chelsea area really nice beaten track lot touristy things do. The front desk staff good checking people limited advice area get around. Had interject one point advising elderly, somewhat frail-looking foreign couple take subway somewhere instead cab. The subway goofed schedule due track maintenance (very common) would entailed transferring lines. Thankfully decided take cab I'm sure arrived destination fine. Overall, good location intrepid traveler, familiar NYC staying brief visit. Otherwise, may want consider another location closer familiar sights.",0.16482983473549515,0.45701639031827723,Sep 15 2008
81,81,"Great new nice little location - getting teething problems I stayed 7 nights mixture business travel. Overall, I would say good experience.Plus points: I really liked hustle bustle tourist hoards, nearer Chelsea Garment district. I also found free business centre plus staff really helpful times. Going back location, close Fashion Museum/College handy that, there's CVS street, Whole Foods blocks various stores around. Easily walkable Square Garden 34th St shops like Macys. Negatives: I might something relatively newly opened occasion issues lifts operational (altho 1 action time) sometimes painfully slow waiting lift. I 22nd floor, long day really fancy walk!Rooms: I one bed, perfectly comfortable, choice pillows. Flatscreen, two phones, tiny wardrobe drawers. Bathroom fairly compact, shower though suited me. There 10 room rooms floor I think altthough could hear noise doors closing I really hear people around me. I high floor room back building. Now, I'm sure upgraded room type I great view across Empire State Building, might worth asking decent veiws hard come NYC hotels. I room service, adequate came good time - try restaurant. Overall, I would stay good location budget hotel.",0.20015845959595963,0.5119217171717173,Sep 10 2008
82,82,"modern new great location Stayed 5 nights. Had room 1907 corner room 2 double beds. There 2 adults 1 child room. THe beds comfortable luxurious bed linen choice soft hard pillows. It regular size NYC, two beds room, desk, small closet iron board. You clean easy room seem like tip due size.There flat screen tv, air conditioning lovely weather outside 90's. Our room looked south could see buildings. However, rooms overlook Empire State building. The 26th st 6th ave end. It 5 mins walk Penn Station nearest subway 7th ave 28th st. broadway 28th st. There plenty deli's nearby dont worry lack mini bar room. There also ice machines vending machines 3 separate floors These soda, water(2usd) crisps sweets. There also Olive Garden McDonalds Starbucks 6th Ave. All within 5 mins walk. There also nice bar called Rogue could sit outside 6th Ave. This nice seating area outside. There also bar next door looked nice.The bathroom small bath adequate shower small sink hairdryer basic toiletries. The towels fluffy replaced required. The maids need look rear bed though found pair mans underpants (yes bit disgusting) mens deodrant. I wouldnt let put though obviously staff new hotel. The staff friendly stored bags us sourced us taxi enthusiasm.The reception staff friendly welcoming tried hard keep happy.The reception small hey alls passing through. There bar next reception comfy sofas bar stools. They friendly offered us lunch evening menu night ate there. The evening menu bit expensive normal NYC. It 8usd large glass wine. The food good kids ate free got free soda. Next area restaurant part bar area. I gather breakfast served.I used hubbys priority points trip 15000 night good NYC normally would need 25000-40000 per night.There safes room. However, free safety deposit boxes reception. If lose key charge 350usd.On basement level small gym area business centre. There 2 computers free internet. This closed midnight. There also free wifi room laptop.Would I stay again. It would yes. I would pay 250 night max though think NYC hotels slightly larger rooms,.",0.1123689273689274,0.5177490564990566,Sep 2 2008
83,83,"Serviceable Hotel Basics Currently staying Hotel Labor day weekend. The front desk staff accomodating. The Lobby small, elevators small, hallways small. I see built ground space saving big priority. The built ground up, finished three months ago. ( June 2008)The rooms small, course bathrooms tiny. The shower almost pressure, watering saving device. The &quot; SInk&quot; Joke. Its smallest sink I ever saw. Furnishing nice, bed good. When put clothes armoire tiny, cannot close door property. There nice flat panel LG TV room. Overall room good shape, clean. Bed Linens upgraded, carpet room nice. Very Modern, updated room. The doors thin, hear everything going outside hallways. If traveling alone, space issues bad. A couple cramped. Three Forget it! The rooms close other, hear opening closing time someone comes out. There closet room. Bottom line stay $200 I would take it. Anything $200 I would look elsewhere. I would rate 3.5 star property, small area rooms. The property well located, close train stops.",0.06286666666666667,0.5222666666666668,Aug 30 2008
84,84,"Nice small I stayed NY Gift Show season. MUCH better Mildew Plaza. The modern, nicely appointed, staff good job. I took cab GCS cabbie know is. It's half way 6th &amp; 7th 26th St. There's ATM right door left (credit union). Plenty convenience/drug stores around block (CVS, Duane Reade) need them. Normallly business trips I like stock bottled water, fruit yogurt places keep items minibar fridge. Well, minibar went plan. Reception: Is tiny desk right enter. Maybe 2 people fit behind there. This tall skinny hotel. 10 rooms floor. Elevators like molasses. Expect wait 5 min ride down. Room: I room 1705 small nice. Clean, modern. The bed actually plastic mattress pad reason. Hell, I happy new less chance bedbugs! (There none) Matress comfy. Pillows comfy small. Wireless internet worked fine free. You could even order room service it. TV nice large LCD dresser. Small closet ironing board &amp; iron. Cable box almost like home. My one problem phone. It work. I went reception report upon checking in. I told someone would come fix I out. No one did. I figured next day would fixed I work. Nope! 3 days later I went back complained. They sent someone look it. After 5 min checking extensions repeatedly, realized plugged wrong jack somehow. So finally worked. Bathroom: Tiny! They provided plenty fluffy towels, shampoo/conditioner all-in-one, lotion, bar facial soap. 3 days stay bar bath soap showed up, I use I bring bodywash. But found odd waited 3 days give bath soap. LOL Was mini spat maid kept putting waste basket left sink wall. As rightie, I kept wanting throw stuff right (between sink &amp; toilet) kept moving there, kept moving back next day. Oh well. Nice water pressure temperature shower/tub. Kinda awkward opening door bath mat small bathroom. Restaurant &amp; Louge: Both nice. Had breakfast restaurant first morning. Waited quite served ordered early (8:30 am).Food tasty, though. Prices little high. Louge loungy dark nice small. Never got chance see gym. Taxis waiting outside morning convenient even 1 subway line stops 2 blocks away 28th 7th. Convenient, clean, nice. Recommend.",0.11320107670107667,0.46080741480741466,Aug 26 2008
85,85,"Excellent Stay ;o) Excellent hotel! We stayed 2 nights moment checked in, could find anything negative. The location great central location, subway couple blocks away. The staff outstanding, friendly accommodating. Every staff member talked helpful pleasant, typical NY attitude. The management done great job ensuring best customer service atmosphere. I would definitely stay again.",0.4672435897435897,0.6903846153846155,Aug 21 2008
86,86,"Pleasant stay I stayed two nights satisfied, whole. The view great, room clean, air conditioned nicely furnished, huge, fantastically comfortable bed high, could climb it! I would loved flat screen TV, mine faulty picked many channels available. I phoned main desk assistance given, problem resolved - (disappointed offered refund money). Also problem blocked toilet - quickly resolved. Liked coffee maker complimentary daily newspaper, also availability ironing board nearby ice machine. The staff welcoming pleasant I two great, undisturbed nights' sleep. Didn't try food hotel, bar area looked nice. A number decent places eat close by.",0.32291666666666663,0.6017261904761906,Aug 17 2008
87,87,"Great Experience We looking convenient hotel, near MSG, one fit bill. I use Priority Club points it, well worth paying for! Very clean, small rooms, beds great. High beds, great pillows bedding good night's sleep. Bathroom small, hard shut door there. The TV work, I think cable who's NYC watch TV anyway? The valet parking mentioned booking site non-existent. Had drive car garage street. I planning valet none. That bummer trip. Ate on-site restaurant breakfast, staff attentive food good. The desk clerk great checked in, gave us map subway advised us get subway wanted. He pleasant. I highly recommend hotel.",0.38629629629629636,0.6350925925925925,Aug 17 2008
88,88,"Great location! Great Location... Close subway, Madison Square Garden, Penn Station, Empire State Building....Small rooms, typical NY. We 4 nights. The first room top floor, corner room, much room put suitcases anywhere....1 night 1 am, smoke alarm kept going off, called front desk 3 times 40 min someone finally came put new battery!Lost water 8 hours entire hotel......they take money night w/o asking. We noticed side bed rug wall damp, really damp 2nd night, figured ceiling bathroom leaking....requested moved. We pack bags leave front desk, rooms ready time. Room ready got back outings part day. 2nd room even smaller! Could open door room way due luggage......even worse situation luggage 1st room. I say seemed clean, front desk person dealt stay nice helpful....Food restaurant good. Not sure I'd stay tho...got great rate time.",0.21565454545454546,0.509070707070707,Aug 8 2008
89,89,"Perfectly fine nothing fancy I stayed Holiday Inn 6th Avenue two nights business trip NYC. The older building (not brand spanking new picture online would indicate), completely redone. The elevators slow, worst it. The rooms small, well kept. Bed comfortable, I liked offered choice firm soft pillows room. The bathroom clean, small. No bathtub here, excellent shower. This big deal me, I see people might want tub. The front desk staff uniformly polite professional. They held bags several hours checkout without problem, everything I left I returned. There restaurant bar, I partake either, I cannot comment. Room service menu (as expected) pricey limited choices. There plenty restaurants bars within short walk hotel, I would recommend venturing little rather eating hotel. Overall, I enjoyed stay would problem staying again.",0.07490134865134865,0.42733599733599736,Aug 4 2008
90,90,"Perfect Stay! Upon arrival New York, discovered could stay small studio apt. relative needed hotel. We got internet possiblities found Holiday Inn vacancy. What stroke luck us. The accomodations could better. The staff friendly helpful request. Our room perfect, a/c worked wonderfully, service excellent, I stay I return New York. Highly recommend all.",0.4352097902097902,0.6806993006993006,Jul 29 2008
91,91,"Highly Recommend Holiday Inn We booked last minute...like right landed NYC decided get rather crowd step sister studio apt. I googled something close ended affordable gem...not luxury, everything would want like travel budget champagne taste. What I liked:Friendly staff; clean room, lobby, sitting area small bar cocktail exhausted touring city; good location starbucks train station around corner; flat screen t.v; comfy pillows; coffee pot room (bring coffee, kind yucky go starbucks around corner); Martha Stewart films one block away; great central location sightseeing....What else could ask for? The rooms small, small, 220.00 night rate Manhattan I complaining one bit! I traveling mom fun weekend getaway would definitely stay husband friends.",0.18124299719887957,0.5404341736694678,Jul 27 2008
92,92,"comfortable stay great location I recently spent two nights Holiday Inn Manhattan. The brand new high rise actually located W. 26th Street near 6th Avenue. Overall excellent experience. The king room small, serviceable, great bed nice flat screen TV. The bathroom tiny, full equipped. The staff friendly, seemed anxious help foreign visitors NYC first timers.The location fabulous. Chelsea close theaters, great restaurants, food market lovely tree lined streets.Our problem shower curtain reach base shower stall, water got bathroom floor. But minor fault.",0.20285454545454545,0.5651151515151515,Jul 17 2008
93,93,"upscale holiday inn Hotel recently opened everything new clean. Was upscale typical holiday inn. Rooms small, I wondering room two double beds would accomodate 3 people I got answer, falling eachother. I'm cutting slack since opened I mean towel racks bathroom, table chair, refrigerator (despite website claiming one every room) top dresser tv room there. No closet small wardrobe ontop coffee machine perched (good Magic Johnson, bad 6'5&quot;). two small elevators high floor build wait time trips. I second floor I took stairs trips can't going back since stairdoors lead outside. Beds comfortable. Maid service soso, made beds left fresh towels, looked like bathroom touched (no empty toilet paper replacement replacement toiletries/cups). Desk/Restaurant staff great, restaurant good. Make sure park assigned lot get sticker parking ticket check out, changed parking fee 2 days $101 $60. Overall nice hotel, really good finish everything",0.12093671085858587,0.5030153093434344,Jul 17 2008
94,94,Comfortable great location We (family 4 two kids 8 6) stayed one night leisure trip. Hotel new fresh. Location good nice mix new york life. Three blocks two subway lines. 7 blocks Penn station. A blocks Chelsea eclectic neighborhoods. Even interesting restaurants clubs block hotel. Overall new staff helpful friendly. Rooms small per New York rooms we've still comfortable. We'd definitely like stay again.,0.23449760765550243,0.4867464114832536,Jul 16 2008
95,95,Perfect location New everything nice clean. Staff pleasant helpful. King room small side unexpected NY. The central location definitely bonus. It's perfect tourists business guests. Anyone needing pampered look elsewhere. Only minus - elevators slow (very minor issue). Would absolutely stay again!,0.2360909090909091,0.6643030303030303,Jul 15 2008
96,96,"Great Stay! We stayed one night Holiday Inn Manhattan 6th Avenue. As rooms NYC bit small side, fitting king bed, desk small bathroom. The suggested occupancy rooms heeded...do try fit larger group modest size rooms. No roll aways available...they fit king room anyway! That said nicely appointed comfortable beds big flat screen tv. Free wi-fi plus.We use workout facility hotel, one treadmill, one exercie bike elliptical. All brand new. It located basement hotel.Only two elevators 25 floors wait long (around 4 minutes). We problems waiting though!The front desk staff helpful friendly. Always willing help question request. They knowledgeable area restaurants etc.A convenient location multiple subway stops within 3 blocks. The neighborhood, Chelsea, felt safe times day night.We would stay area. A good price/value ratio! Overall great stay!",0.29214015151515155,0.4908143939393939,Jul 15 2008
97,97,Tres bonne situation - chambre minuscule,0.0,0.0,Jul 15 2008
98,98,Buono,0.0,0.0,Oct 30 2009
99,99,super Hotel,0.3333333333333333,0.6666666666666666,Oct 29 2009
100,100,posizione comoda camere molto piccole graziose,0.0,0.0,Oct 7 2009
101,101,superbe et trÃ¨s bien situÃ©,0.0,0.0,Aug 27 2009
102,102,HÃ´tel rÃ©novÃ© fin 2008 bien situÃ© Ã prix raisonnable,0.0,0.0,Aug 19 2009
103,103,Klein aber gut,0.0,0.0,Jul 13 2009
104,104,Super Standort gutes Hotel,0.3333333333333333,0.6666666666666666,May 2 2009
105,105,Che gentili all'Holiday Inn,0.0,0.0,Dec 19 2008
106,106,Nuovo e posizione comoda,0.0,0.0,Dec 12 2008
107,107,Bien situÃ© propre et pas chÃ¨re,0.0,0.0,Nov 16 2008
