,Unnamed: 0,Reviews,polarity,subject,Dates_extracted
0,0,"Comfortable great customer service We travelled New York 8 month old son felt booked would need cooking amenities provided would need more. They extremely helpful moment arrival moment departure, including directing us great diner nearby changing crib provided smaller size (american cribs large) gave us bassinette travel cot! The front house staff always friendly, matter time day night maid service superb catered family's needs well. Although work new subway branch going nearby I would certainly let put staying bother us side work lower floor. Although located little central location like Times Square, nearby subway meant nowhere away 20 minutes most.",0.2494399350649351,0.5368831168831169,Nov 3 2009
1,1,"Stay people live New York City! We stayed New York tourists 3 nights. There 6 us 3 bedroom, 3 bath unit. It spacious comfortable. We small kitchen everything needed. It balcony lots windows see sides New York. We could see Empire State Building distance bedroom. The staff helpful, assisted us getting downtown getting car service back airport. The building used residential rental quiet.It Upper East Side, people live. Bagel Shop, restaurants, grocery store, ice cream, drug stores, name close by. We took Subway downtown easy, convenient interesting. If want late hustle bustle downtown NOT want stay. We wanted able large comfortable room, go day come back evenings relax. It perfect that.",0.22439621781727048,0.49037935748462064,Oct 27 2009
2,2,"Luxury way Upper East side! Having stayed one chain's Istanbul properties, I happy get good deal upscale hotel. The professional staff spotless room made great mid-week stay. Even 8th floor, I neat city view. I prefer neighborhoods like one although convenient walking distance much interest. Cabs expensive.",0.3000000000000001,0.47857142857142865,Oct 16 2009
3,3,"Great stay Marmara I originally booked studio Priceline. When I got Marmara, I found studio 5th floor facing 2nd Ave currently undergoing street construction, therefore rather noisy. After one night I requested different unit studios available, staff offered upgrade one-bedroom 9th floor $4.00 per night. I must say upgrade totally worth it! The studio little cramped, one-bedroom huge (by NYC standards), tv bedroom living room, full kitchen, nice dining area, 2 big closets, fax/printer/copy machine, lots counter table space spread out. As others reviewed staff helpful courteous knew name one day. I would remiss I mention many extras included price: free internet access (typically $15-20 day hotels), New York Times delivered door morning, welcome package coffee tea, and, I inquired front desk laundry facilities, token free wash/dry! I would absolutely stay again.",0.30342487373737376,0.5918560606060607,Oct 12 2009
4,4,"Good friendly staff. We stayed four nights September. We used base exploring New York. The best facility offers Kitchenette, means relax without need constantly eat restaurants diners. The room clean spacious. The area slightly run down, noticed unsavoury looking characters around first night really problem. Main drawback lot noise street.",0.14803391053391052,0.3935786435786436,Oct 12 2009
5,5,So much room I pleasantly surprised size place. It first place New York City long haul Australia. We got great deal Wotif.com (for NYC) one bedroom apartment everything supplied. The bed particularly comfortable staff friendly. It clean full kitchen like cook. I highly recommend upper East side. Its kind residential area nice. Superb vegetarian restaurant - Candle Cafe - close by. Stay much better three times size anything else NYC! Only shame construction subway station outside hotel! But still worth it.,0.32700159489633174,0.561993620414673,Oct 4 2009
6,6,"great place We one bedroom arpartment Marmara. It nice place stay. We happy Marmara got great value money paid US$234 night three nights. For got large one bedroom apartment included good sized loungeroom, kitchen. It clean quite location th Upper East Side. It best four places stayed couple weeks NYC far I think that's price. If pay another $100 night I think view would different. The staff exceptionally friendly charming helpful, best encountered.",0.5597108843537415,0.6377551020408163,Oct 2 2009
7,7,"Felt like I native New Yorker! I need 6 star happy, I picky. I loved staying Marmara!One things I look good communication I stay hotel. To say Marmara disappoint understatement! I looked rates site pleased see I could get studio suite less single bedroom shared bathroom midtown. I know New York well though wanted know easy would get Columbia-Presbyterian (W 168th St) NYU Medical Center (E 33rd Street). I emailed got response day wonderful Neslihan. She gave full rundown transport options. She offered free upgrade one bed suite I wanted book. I did! A later I emailed ask I could online shopping delivered. No problem. If arrived I would hold it.So:Location: Some people like well Upper East Side (technically Yorkville really) I glad I there. The 94th Street 2nd Avenue easily accessible subway-stop 96th street. Every time I strolled around 34th street I glad I living away crazy throngs tourists. The area around Marmara far residential kind get feel like living New York. There plenty grocery drugstores nearby, ranging expensive ones like Dean Deluca cheap cheerful Pioneer/C-Town midrange Gristedes D'Agostinos. I made many trips Crumbs, Glasers Two Little Red Hens bakeries also. Very close Guggenheim, Whitney Met. It's blocks east Central Park go lovely runs around reservoir.... I'm missing already!Check-in: I arrived early managed find room straight away. They kept package me...and knew I asked. It swift guy desk really friendly.Room: Well, apartment really! I 18th floor. Large bedroom TV loads storage. Bed quite hard I got used it. Couldn't sleep street noise first night managed every night may due over-tired start. There full kitchen massive fridge, everything could need-utensils, plates, cups, plates, saucepans etc. Even sealable Pyrex bowls. I particularly liked dishwasher...and provided detergent, washing-up liquid rubber gloves. Nice touch! There little pack 2 bottles water, coffee, tea, creamer sweeteners also. Living room comfy TV, DVD player fax machine/copier. Everything spotlessAmenities: Small fitness room weights, elliptical, treadmill, bikes, rower TV. More adequate never full. There's also laundry room washers dryers. Didn't wait machine. Cute little gallery lobby lovely see arrive door. There's also laptop set internet access, well free WiFi rooms. No restaurant loads outside deliver.Staff: Wonderful. I greeted hello smile every single time I entered left. Both doormen front desk staff charming exceedingly helpful. Heard giving extensive area advice guests accepted deliveries made sure I got them. A car organised bring airport also printed boarding pass me!Downsides: Slow elevators. Bit noisy... These would way prevent staying again! So happy decision.",0.20570060726310727,0.5027963163379829,Oct 1 2009
8,8,"Perfect great service Stayed freinds September pleased service room witch big clean nice. We stayed four nights one bedroom luxery apartment, one night penthouse wich absolutely briliant, sould try one night views size room terrace much expected.We also recieved graet service front desk stay.We Will stay Marmara Suites come NY next time.John From Denmark",0.47740740740740745,0.6611111111111112,Oct 1 2009
9,9,"Great value NYC accomodation First trip NYC stayed Tribeca first Marmara - latter much better, much better value price. You go cheaper willing share bathroom, I going there! Huge suite (larger apartment Sydney), full kitchen, aircon, nice quiet, amenities (two full bathrooms!) balcony Marmara vs small room frig Tribeca $$$. Actually happy dance foyer bellman left bringing room.Friends warned Upper East Side bit far 'the action', two blocks subway NYC public transport good get anywhere quickly Metrocard. There also plenty restaurants/cafes/etc close short walk Central Park, Met, shopping 5th Ave, etc.Am used staying Westin/Hyatt work high standards. Worst things happened towel rail fell (easily fixed) needed new wine opener (quickly supplied) - great welcome NYC. There road works happening outside 2nd Ave - common NYC - noise night.",0.1949467649467649,0.4448976248976249,Sep 26 2009
10,10,"A good good price We good sized one-bedroom suite, nicely decorated modern style. Fully equipped kitchen dishwasher, fridge, etc. TV sitting room bedroom. Huge closet shelves bedroom. Very clean. No complaints whatsoever hotel. We pleased location--the surrounded construction (subway?). It several blocks nearest subway, taxi trip downtown cost $20. There good nearby restaurants--we liked Nick's Restaurant ( across street construction) serves generous proportions Italian food --an excellent choice families. We enjoyed breakfast Barking Dog restaurant, couple blocks street, also good lunch.",0.5116666666666666,0.630625,Sep 20 2009
11,11,"A wonderful place stay! We great luck book two-night stay Marmara Manhattan search accomodations &quot;traditional&quot; hotels bear fruit. For $225.00 night, one bedroom, two bath suite 28th floor great city views. The suite living room, dining area full kitchen, entry hall, two full baths large bedroom king-size bed. There two televisions windows surrounded exterior walls. There also printer/copier/fax room use. The staff, including doorman front desk people courteous welcoming. This truly find reason stay upper east-side neighborhood.",0.5326984126984127,0.6142857142857143,Sep 15 2009
12,12,Amazing!!! I highly recommend anyone visiting NY! It amazing!,0.65,0.7799999999999999,Sep 6 2009
13,13,"Great value w great views You get spacious rooms low prices, great views higher floors. Why? The way Manhattan chain spend lot advertising. It part Turkish chain. Go high floor due subway construction Second Ave. 94th - below. You still 15 minutes Met Mueseum Mile hospital area. Great reasonably priced restaurants nearby include - Ital (Nicks), Hunan (Chef Hos), Szechuan (Wu Liang), Fr Alsatian (Cafe Alsace), Peruvian (Pio Pio), Steak &amp; Fish (Parlor), American Bakery (Corner Bistro Bakery Sarabeths). A printer Wifi room.",0.3070833333333334,0.52625,Sep 4 2009
14,14,"Great Value Marmara Manhattan My wife, 4.5 yr old daughter I stayed 3 nights 14th floor, 1 BR standard suite @ $167 per night including taxes fees. Pluses full sized kitchen, roomy BR, nice bedding, pull-out couch, good sized bath, free Wi-Fi, overall cleanliness. Tons storage space corner suite provided amazing views East River NYC. The location within pretty easy walking distance museums, Central Park subway stations. The furniture, including TV werenât new serviceable. On side, windows subway construction below, bit noisy youâre NYC all. Also, front desk wanted charge us $35 per night make sleeper couch pointed reservation clearly 3 people mention extra bedding charge reservation made. They agreed waive charge without much squabbling. Weâve stayed all-suite hotels Manhattan far best value bunch. Would highly recommend definitely stay again.",0.2520475589225589,0.4843792087542087,Sep 3 2009
15,15,"! Firstly Thankyou Nestleh staff making stay welcoming. We came New York UK 5 night break loved Marmara. We found staff accomodating indeed. We made request advance certain room spec Nestleh able deliver exactly asked - How could ask that! thankyou Nestleh! - therefore making stay positive start. New Yorkers surprise polite! - shocking I know, found New Yorkers town much friendly Brits London etc!. They friendly indeed - like talk lifts etc rather us Brits hold back talking! Rather brash, found New Yorkers met talked straight point! beating around bush liked that! It really traditional sense, ie bar example. 32+ storey complex chandelier lift! We gorgeous high suite room complete dishwasher cooker fridge- massive bed - 7ft wide! 2 tvs, apartment room (about 500 sq ft.!) ..and gave us good idea lifestyle condo living may entail NY. The area safe full New york Charm restaurants Delis. Out Taxi driver way back drove like maniac thats another story....We little concerned took us shortcut real rough part Harlem...with cars bricks gangs corners - got us JFK end...... If see guy Times square asking come stand NY club 78 broadway- sells tickets doesnt mention buy 2 full price drinks club cheapest around 10 dollars each! Have good time - enjoy Marmara!!!!! remember tip staff appreciate reward excellent service!! You might want try citysights (blue tour buses) rather red bus guys far cheaper 5 days.....try get discount too! did! good way get around. taci time square area cost 12 dollars tip ENJOY, wits town too!",0.2677408008658008,0.5228454184704185,Sep 2 2009
16,16,"Upper East Side comfort This absolute favorite place stay NYC. I prefer neighborhood feel staying Upper East Side. There wonderful little speciality grocery stores deli's short distance Marmara. There also several good restaurants within walking distance. I drove help family member move two enclosed garages within block hotel. We 15th floor beautiful view Hudson. This unit full apartment 1 1/2 baths. It suited needs perfectly. The staff friendly always available help request. There subway construction going 2nd Ave. side but, heard construction noise later day. It problem night early morning. The spaciousness units make perfect place stay extended family.",0.3419736842105263,0.538421052631579,Aug 25 2009
17,17,"Noisy We've stayed Marmara 2 nights 2 noisy sleepless nights.The room OK although made reservation telling needed sofabed. We arrived midnight two children tired bed made.There we're works progress street glass room thin, like sleeping pavement.We asked another room, told us bad luck.So: never again.This year I'm gonna try Avalon Vincci.",-0.30999999999999994,0.7691666666666667,Aug 25 2009
18,18,"A Fine Place Far maddening crowds I made reservations directly qualified AAA/AARP discount. Though I requested studio three night stay, I upgraded one bedroom unit, pleasant surprise. The unit spacious clean full kitchen including equipment normally found rental. My request 'higher floor' stay honored . I known ongoing NYC infrastructure construction going pleased I high it. Request maintenance quickly responded to.",0.2820833333333334,0.6172222222222222,Aug 10 2009
19,19,Not happy I come back Marmara. I get reservation room whole stay check check back another room. I expecting I expecting wait lobby 4 hours I allowed check back in. I told I checked 11 - exceptions allowed check back official check 3 p.m. I even cat medication needed stay refrigerated still let room. When I checked I overcharged told online reservation system calculated tax correctly nothing could it. The WIFI internet access barely worked. The connection would work minutes connection lost. The bed hard rock I asked room better bed I told nothing available. I would mention good points I can't think any.,0.0737179487179487,0.3570512820512821,Aug 1 2009
20,20,"Good Value We recently stayed 4 nights - good location attending conference Mt. Sinai Hospital. Very spacious, big closets, clean except outside windows - must years since washed. Entire seems quite dated. We special requests staff, friendly. Many good restaurants area, every block several. Easy walk Central Park, museums. Internet available lobby, painfully slow connection.",0.2738025210084034,0.4493977591036415,Jul 1 2009
21,21,"LOVE place! Everything property perfect. easy get to, wonderful, friendly helpful staff, amazing location, views best city, 32nd floor penthouse luxurious room I stayed many years. I could say enough one day stay, except way short!",0.5484848484848485,0.6303030303030304,May 18 2009
22,22,"felt like home! Last summer decided renew apartment stayed Marmara 2 months house getting redecorated. Our stay one best hotel-experiences life. The rooms spacious, clean new. staff one kindest new york. I caught normal life I away house, I also enjoyed stay lot",0.2999242424242424,0.566969696969697,Apr 21 2009
23,23,"A great I stayed October, 2008. First I spacious room comparing hotels area. I recommend great extended stay. Additionally find everything need long term hotel.",0.3125,0.4847222222222222,Apr 16 2009
24,24,I look forward stay Marmara!! I travel weekly Indiana stay Marmara! It truly home away home! The staff incredibel especially Elif Akinci continues go way accommadate requests! I continue stay travel needs! Sandi,0.0,1.0,Apr 2 2009
25,25,"staff extremely helpful accomodating These apartments wonderful choice need typical room NYC. They clean, spacious amenities would need. The staff extremely helpful worked us select right accommodations make stay run smoothly.",0.2669642857142857,0.7169642857142857,Mar 30 2009
26,26,"Outstanding East side The Marmara imposing upper East side extended stay facility, museum quality lobby. The staff courteous, personable professional. But, far, suite stole show. Clean, new, contemporary, thoughtful amenities. If ever want want know feeling like live NYC, check out. On 16th floor, four suites floor, surrounded skyscrapers, terrace, obstructed view East River. A total cosmopolitan experience. Only cons - construction abounds, there's lot NYC street noise parking. Again, welcome NYC, genuine, upscale way. Treat yourself.",0.2238162878787879,0.5575757575757576,Mar 29 2009
27,27,"Too Noisy Room good; bedroom living room together, spacy. However, big road construction front hotel. Almost 24 hours noise, especially 6am onwards....Unhelpful, unflexible front desk! We asked hours late check shop morning leave 3 pm. Although almost empty, allowed. Because last day holiday NY bad last day experience.",-0.039999999999999994,0.441,Mar 29 2009
28,28,"Great Room Great Comfort Great Value This extremely comfortable rooms luxurious apartments. The offers great views city NJ depending room angle. The quality rooms extordinary low price. I would defnitely come back recommend others go, even inner-city getaway.",0.4625,0.5125,Mar 27 2009
29,29,"Just like home! It first time Marmara Hotel. It great like apartment city! Service impeccable, rooms clean modern! Great place...",0.5694444444444445,0.5972222222222222,Mar 26 2009
30,30,"The Best Value On An Apartment-Style Hotel Room! I recently spent week The Marmara Manhattan staying NYC business. It like apartment city I studio kitchen plenty space spread work. It affordable, incredibly comfortable, I brought dog accept pets!",0.46666666666666673,0.5833333333333334,Mar 25 2009
31,31,"Best Luxury Apartment NYC I stayed MANY luxury apartment world Hong Kong, Europe, USA, Marmara Manhattan best terms comfort, cleanliness, service. I also like &quot;quietness&quot; Upper East Side long day shopping sightseeing. I definitely staying I town. Chi",0.4083333333333334,0.3333333333333333,Mar 14 2009
32,32,"Friendly staff great rooms wonderful respite busy Manhattan day! My second stay The Marmara, plan making gem NY home away home! For one night many wonderful spot. The accommodations outstanding, rates fair. The staff friendly helpful, rooms clean bright welcoming busy Manhattan day. Nicely located - near public transportation, walking distance great shopping, museums, wonderful neighborhood eateries! I can't imagine ever confined small room again. I back !Savannah Ga.",0.44246031746031744,0.5829365079365081,Mar 12 2009
33,33,"The best New York experience we've ever We planning arrival first grandchild, imagine, window happen fairly wide. The staff (particularly Nesli) attentive cooperative needs.Our reservations based theoretical due date, things happen, baby arrived two half weeks early!The morning daughter-in-law went labor hopped car started ten hour drive...along way, called Nesli explained coming way ahead schedule...her response, &quot;your room waiting you&quot;!We drove directly hospital Samantha's birth eventually arrived 2:00 AM...and indeed, room ready!We pleasantly surprised size room comfortable ammenities!My wife I coming New York thirty years ever better experience!Laurie Jeff JaffeToledo, OHjeff@haroldjaffe.com",0.20610795454545455,0.4323390151515151,Mar 7 2009
34,34,Exceptional I stayed Marmara absolutely thrilled service suite. We stayed Penthouse performance play. It extraordinary. The guests I invited impressed. I think I recieved many e-mail thanking wonderful time incredible space. The view breathtaking.I stay New York Minute.Thank everyone Hotel.Adrienne Foran I would recommend without hesitation.,0.5707070707070707,0.7838383838383839,Mar 2 2009
35,35,Lots Room Money. I nice stay here. The room Great! One bedroom suite full kitchen. Everything person could need nearby. Only three blocks subway. I highly recommend Nick's across street nice meal pizza. Korean laundry good cheap. Only side major subway construction work going 2nd front hotel. Did bother keep awake.,0.3247453703703704,0.6607407407407407,Feb 17 2009
36,36,"Loving Marmara!! Well I say? I Manhattan three times I safely say best accommodation I stayed in. The apartment fantastic. No central park view hey, long spend apartment?! A couple blocks Maramra little restaurant bar called Barking Dog. Food fantastic price. Great service apart one time. You find at, 150 E 34th St. Try out. You 6 blocks away Central Park 5th Avenue. Not far museums. There store across road Marmara sells essentials need. A fantastic stay. Will stay next time!!!!",0.3182692307692308,0.5846153846153846,Nov 17 2008
37,37,"AMAZING! This beautiful beautiful area. Subway walking distance, everybody friendly!The room clean, everything needed. Thanks Maramara, I would recommend everyone!",0.6133333333333334,0.76,Sep 2 2008
38,38,"Building Work No Views As family three stopped The Marmara Manhattan Hotel June 2008 three nights. The hotels clean tidy found staff friendly helpful, rooms excellent, well equipped kitchen bathroom (we stayed one bedroom apartment). Situated upper east side fair way main attractions, said 10 minutes nearest subway Times Square 10 minutes uptown Manhattan around 25 minutes. The area numerous bars restaurants within walking distance 24hour supermarkets local shopping.Don't believe nonsense gaining high room highest get 6th floor, upper floors let long term leases.Now bad news building work outside go night noisy. The opinion telling potential customers work (there mention web site). We booked Virgin Holidays informed us 2 weeks holiday building work. There numerous hotels Manhattan choose from, I would booking building work still taking place. Did spoil 3 day break. No really, leaves bitter taste mislead. Why honest inform potential customers problem. If looking stay Manhattan go Times Square Greenwich Village area. Bottom line misleading customers views building work. Book elsewhere prepared 6th floor best views New Yorkers digging holes. I uploaded videos building work [--]",0.19394570707070713,0.5310227272727274,Jul 6 2008
39,39,"Nice apartment except sofabed My husband two grown sons l stayed one bedroom apartment 5 nights. We found clean spacious, bathroom nice, shower good, always lots hot water. We lovely kitchen, fully equipped. The bedroom big, lots storage comfy bed (firm ). The location apartment ideal, managed, easy get taxi (which economical four you). On downside, sofa bed lounge sons slept awful, thin mattress, comfortable all. We asked reception could pay upgrade two bedroom apartment first night, told us staying long enough. Then asked rollaway bed, never seemed able find us one. I think could bothered. We ended buy airbed one son slept floor.There construction noise going day night also made difficult sleep. We since found happens lots places Manhattan. Nevertheless great holiday loved New York definitely going back, maybe stay midtown next time.",0.13305454545454545,0.661448484848485,Jun 21 2008
40,40,"Excellent Experience My recent stay extremely pleasant, surpassing experience far expensive hotels NYC. The one bedroom accomodation large, modern, clean, replete details I would never expected. At $350 night, absolute steal. The front desk personnel polite helpful, small gallery lobby nice touch. The neighborhood much quieter midtown, lovely park blocks away. I would recommend anyone. In fact, I already have. The one drawback hardness mattress. I still hurting, two days later.",0.19801587301587306,0.5886243386243387,May 19 2008
41,41,"Too far We stayed 5 nights March. It advertised aparthotel. It looked alright website, arrival found rooms bottom 5 floors expected views east river materialise. The inform us 24-hour roadworks taking place right outside, unbelievable really, contractors digging road cutting large pipes grinders night nights. They also cut fire alarm causing go off, water cut times well.The room bad, whilst self-catering facilities it, bar restaurant.It 96th street I believe meant fair walk subway least 10 minutes mid-town.Overall I stay again, principally far overall bad experience.",0.03333333333333334,0.5765079365079366,May 12 2008
42,42,"A Great Find.... Myself, fiance 20mths old daughter stayed Marmara 4nights - Nov/Dec 2007. After booked bit apprehensive due mixed reviews. However, settled pleasantly surprised.On arrival issue booking sorted relatively quickly - us booked one night, I suggest printout email confirmation booking website. Due mix meant change another apartment last day. This problematic meant packed day earlier.The situated upper East Side subway blocks away - 5/10 minutes walk. This may put people midtown see concern. Subway easy use - even buggy. Used everyday get around city - cheaper cabs. We chose apartments want middle hustle bustle midtown - wanted somewhere quieter - still busy situated avenue get traffic noise daytime nightime. You soon get used noise bother daughter slept well!The apartment stayed spacious - large living area, kitchen/diner, nice bathroom bedroom. Hotel provided us cot daughter - continental size travel cot ideal. There lots places surrounding buy food/drink - mini-mart across road get essentials bread, milk etc. Also deli corner get nice treats - fruit, yoghurts. There also number restaurants/takeaways area - bagel shops, mexicans, italians - opposite restaurant called 'Nick's' - great pizza - large pizza enormous!The staff courteous - overly friendly rude. They always assisted us services required.Apart mixup booking, great stay great apartment - family friendly amenities require. Would recommend family friends would stay again.",0.2799539170506912,0.5201228878648232,Feb 19 2008
43,43,"Good base family holiday I stayed Marmara 10 days Christmas 2007 wife young son (18 months). Having stayed typical mid town tourist hotels NYC before, wanted space quieter neighborhood usual Manhattan experience Marmara delivered well.As hotels quite website suggests - modern contemporary designer sense. However apartment separate bedroom, living room, kitchen bathroom clean, spacious well equipped. The daily maid service excellent.The local area residential good restaurants shops. Being usual tourist area midtown, met many friendly New Yorkers, welcomed diners restaurants visited enjoyed walking Central Park many children's playgrounds. We found could walk many locations, stopping coffee way take cabs home end tiring day!The Marmara conventional tourist bar, restaurant concierge. We found staff efficient rather friendly 'needy' guest, may want go elsewhere. However want experience living NYC rather visiting it, I'd consider staying here. I would certainly go again.",0.18802863802863803,0.4192224442224442,Jan 4 2008
44,44,"Short Term Stay We arrived room staff helpful. We never issues staff however stayed three nights. I apprehensive booking short term stay ended perfect. The subway couple blocks away 96th Lex. Lots little restaurants around area. I would agree another reviewer construction outside began earlier morning (around 6am) NYC, expect? If interested staying neighborhood close nearby tourist attractions - I would recommend hotel. We visiting friend 95th 3rd ave, worked perfectly us. The kitchen adequate, nearby Gristede's market saved us much money!!",0.22722222222222224,0.4988888888888889,Nov 23 2007
45,45,"Not good stay!! While room ok, large I one bedroom suite kitchen. Descent furnishings. The level service horrible. If I could take move better location change staff I would stay since happening I NOT returning Marmara I visit New York lot.The staff disinterested helping kind problems one night I could get sofa bed work, pretty much ignored me.The room I given 3rd floor right busy street construction. When I reserved room I specifically requested high floor quiet. The rooms large windows would nice view loud construction going on.I asked repeatedly moved requests ignored. I busy 6 night stay time I got back room, early am, I wanted sleep bit impossible.Also upon check multiple phone calls charges room. No one ever used phone guest cell phones fit calling needs. The ladies rude I told I NOT call Turkey $28 day I checked in, fact time said call made I asleep. They kept accusing guest making calls guest even arrive next day call made. They said would investigate calls get back yet so. There also 4 calls placed room .52 cents I argue ladies amount I plane catch. They also spoke native language front me, I found rude.I never treated badly front desk staff. During stay disinterested say least.Also location pretty far sight seeing areas, Broadway, Times Square, ect cab drivers liked take long way cost taxi's pretty expensive. I paid bit stayed closer midtown.Now I home I completely exhausted. If choose stay make sure check bill check out. Something fishy going on.",0.09852125147579695,0.5118150662468844,Nov 21 2007
46,46,"Below average After long research many websites including reading reviews tripadvisor, I booked week Marmara Manhattan website. Our problems were:1)Hotel site shows roof top terrace sweeping views- It closed construction penthouse mention website, hotel, check in. Even I brought up, brushed off. Even though one main reasons I booked hotel.2)Hotel site says suites queen size beds, nice views- Our suite full size bed, view well small building across street.3)Hotel site says quieter upper east side. There construction hotel, outside, outside window crews there. We asked quieter room, told would check- 3 DAYS later day due leave, said NO ROOMS NO DISCOUNT would given. 4) Very rude front desk manager, talks fights guests front everyone, unfriendly. She really learn customer service starts smile, whether one NY wherever. Overall, I travel work leisure extensively, used live NY 3 years, one worst places stay NYC, due arrogant, unaccomodating, higher thou attitude false advertisement.The plus, rooms clean.",0.029472309299895506,0.39729885057471265,Jul 26 2007
47,47,"Good accomodation Upper East side We stayed Marmara 8 nights 8 May 2007. We two single adults travelling together. We booked property another Hotel reserved room us.The room given 1 bedroom apartment, comprising king bed sofa sleeper living area. I used sofa sleeper ok (not brilliant ok). There two large TVs apartment. The kitchen area large (although dated) refrigerator, gas oven hob, dishwasher microwave. Pots pans provided although one smallish frying pan baking dishes. The apartment onsuite bathroom separate toilet basin near entrance door. The apartment apparently quite spacious NY apartment. We disturbed neighbour noise, although aircon make noise bad.The building located close 2nd ave, 3 blocks nearest subway station. We comfortable 15 min walk get there. The neighbourhood felt safe. We cooked primarily apartment handy largish supermarket couple blocks away. On corner Hotel small deli also worth visit bit expensive. The Hotel laundry lower level also handy ($1.50 per load). The front desk staff seemed vary quite bit. I felt efficient show much emotion overly helpful information.In summary I felt property quite expensive around $404 USD per night (not including taxes). We also stayed Beacon Hotel west side nights probably half rate large comfortable. I think Marmara would suit adults rather families small children.",0.1369458128078818,0.4660919540229884,Jun 1 2007
48,48,"A terrific Manhattan setting My wife I decided celebrate tenth wedding anniversary NYC. We wanted stay relaxing place comforts home real Manhattan setting. The Marmara Manhattan exceeded expectations. Recently transformed apartment building Marmara preserved qualities apartment building. The suites large comfortable fully equipped kitchens stylish furnishings. Super comfy bed, real bonus long day sightseeing. The daily housekeeping service outstanding, go extra mile keep things clean tidy. The enjoyable part stay Marmara charming location. We loved walking Upper East Side streets bus stops, subway Central Park . As strolled met people walking children school, taking dogs walk, recommended restaurants favorite galleries. After couple days felt part neighborhood. The offer food services terrific deli next door wide assortment fresh prepared foods take-out delivery suite. There also number restaurants within walking distance hotel. To go downtown often took bus allowed us see sights mingle locals. At end day nice come home quieter part town, relaxing.",0.27201058201058204,0.5544532627865961,May 23 2007
49,49,Genial,0.0,0.0,Oct 18 2009
50,50,einfach klasse,0.0,0.0,Aug 31 2009
51,51,Buen Hotel,0.0,0.0,Mar 10 2009
