,Unnamed: 0,Reviews,polarity,subject,Dates_extracted
0,0,"Fantastic experience We stayed week Library suite. We two teenagers ideal, full height sliding screen effectively creates second bedroom. Its really spacious - amazing Manhattan - full kitchen dining facilities. The high ceilings also add atmosphere. You wont find anything else like New York - complete opposite standardised chain room. Its like high quality guest house, suite occupying one floor. So dont expect lift, fitness centre, restaurant swimming pool. But expect feel someone's guest. The location perfect - close enough shops, attractions, museums etc yet far enough away quiet. Also Metro close - unlimited metrocard worked well. And Metro station express line well. The service spot - always there, friendly, respond reasonable requests, yet unobtrusive. The fridge stocked restocked everything good breakfast together homemade cake nibbles. One morning, venture rain Alana offered us umbrellas. We small gripes, none impacted enjoyment. The room quite dark lights time. Locking unlocking front door quite involved exercise.",0.23966783216783216,0.5487645687645688,Nov 5 2009
1,1,"Absolutely wonderful! Spent getaway weekend celebrate husband's birthday. Staying Vermont Suite like traveling back time. Just short subway ride (a block away) everything, yet located quaint quiet residential street. No indication building inn, even outside. No elevator noise, voices, running guests. Just total privacy serenity. With entrance welcoming amenities like flowers, sweets, fridge wine, snacks, felt coming home lovely night town. The staff welcoming, friendly accommodating, amazing taking care needs without really seen. A fabulous experience. We want go home.",0.24642857142857144,0.518452380952381,Nov 2 2009
2,2,"Now I'm Spoiled I travel LOT--and I usually stay wonderful hotels. I recently invited attend &quot;Opera Weekend&quot; NY. I decided attend w/ 17 year old daughter. We booked Opera Suite INN NYC. What amazing experience! The staff always available, never intrusive. Fresh OJ day. Fresh pastries, REAL coffee milk frig. . .I could go on. How I find hotels cities compare??",0.26136363636363635,0.4522727272727272,Oct 31 2009
3,3,"What amazing place! On way back Trans-Atlantic cruise, husband I decided spend days NYC. A years back stayed delightful Inn (in Spa Suite) wonderful time decided return, try different suite. This time chose Opera Suite. After long flight Copenhagen, treat relax wonderful suite glass wine left us Ruth Ellen. Since bit jet-lagged want go dinner, found refrigerator stocked fruit, cheese generous slice quiche husband I shared. The Inn atmosphere quiet bed-and-breakfast location can't beat. We enjoy walking City Ruth gave us suggestions things see native New Yorker's point view. We fun day browsing neighborhood shops toured bit Central Park. The next day Memorial Day decided wanted see Intrepid Museum. We decided walk turned out, thousands others idea did. We found Fleet Week festivities going on, instead toured three active duty ships. After full day, returned cozy retreat relaxed dinner. It blocks Inn Broadway, found nice quiet restaurant dinner. I know I felt pampered cruise Inn. Ruth Ellen available answer questions, melted sight times. The suite sparkling clean refreshments provided fresh plentiful. There giant muffin tasted believed, beautiful fruit bowl lucious cherries strawberries. The Inn one all-time favorite places stay. I can't wait go back NYC try suites.",0.200547138047138,0.4762836700336701,Sep 28 2009
4,4,"Fantastic inn nyc My stay goes back several years ago, I help add review others.It occasion husband's 50th BD, wanted stay city, friend recommended inn nyc.We arrived rainstorm, member staff waiting outside unbrellas. needed transportation evening , multiple pickups stops, hooked limo, driver, easy short notice NYC.The room delightful, jacuzzi, patio, wonderful pastries cheeses.Happy see great reviews followed wonderful establishment.",0.3621212121212121,0.5303030303030304,Sep 13 2009
5,5,"I say...it's already said! I much add given quality accuracy reviews thus far. We stayed Vermont Suite. I re-iterate number points others already mentioned. Firstly, spiral staircase suitable young children (and mention suite suitable children 12 website), appropriate morbidly obese frail. Secondly, bed hard took days get used to. I agree wonderful pastry goodies fantastic, also mention pleasing bowl fresh fruit supplied daily, given I'm bit health kick days. The inn new york city great place stay I try one suites next time I'm town.",0.14067760942760943,0.4842803030303029,Jul 12 2009
6,6,"INN NYC...an elegant getaway great location!! While town wedding stayed The Library Suite..When escorted suite ..through elegant hallway treat eye classical music softly playing made way stairway past stained glass lit walls. The suite covered floor ceiling books, library ladder,a sky light, bottle wine, kinds edible treats.Anything might need thought of. The Inn great location close great restaurants, shops, movie theaters...The staff incredibly helpful welcoming!! Our stay Inn NYCwas truly memorable. We highly reccomend beautiful,luxorious hotel!",0.46249999999999997,0.6658333333333334,Jul 2 2009
7,7,"A truly great place stay.....! A choice wont regret! Can't say enough good things place !We stayed Vermont suite situated two levels, joined spiral staircase - The whole place welcoming comfortable.The location also great - close enough everything want visit great city far enough 'beaten track' quite homely. Being situated upper west side, also found really convienient great restaurants easy walking distance!Inside, mentioned, really welcoming comfortable - enough complimentary snacks drinks could want make feel right home full guides information ever need finalise inspire choice things do!In all, I think I best describe like staying friends house one greatest cities world - get much better!It truly deserves 'Excellent' rating!",0.4323498964803313,0.5703933747412009,May 31 2009
8,8,"quirky This interesting place stay definitely different may suit everyone. It comfortable everyone friendly I really enjoyed staying left 5 star Madison I go back, I probably pick Madison Avenue hotel.",0.2546875,0.5499999999999999,May 12 2009
9,9,"Consistantly Fabulous Just returned second stay. My husband I work city like occasionally get theater tickets stay weekend. This absolutely favorite place stay. Ruth Elyn make feel like visiting friends given suite alot privacy. On first visit bottle white wine refrigerator (not fan white) time making reservations I asked could possibly leave red. On arrival bottle Syrah counter waiting (I LOVE THIS PLACE).I can't really say suite favorite. They special differant ways. The VERMONT SUITE - private - entrance - bedroom spiral staircase great - I really liked two levels.The OPERA SUITE - Baby grand piano (my husband played bit) - Jacuzzi tub bath I took advantage - best part private terrace - lucky us weather beautiful sat outside late afternoon wine, cheese, crackers fruit.They beautiful. I definately back, I two suites try. I wish extra charge 1 night booking, even though I absolutely understand policy. Hope back soon.",0.2839037698412698,0.5254526289682541,May 7 2009
10,10,"Something New Say . . . hmmm. . . . . Okay, -- 1-- Great pillows. You think that's big deal? Stay &quot;plastic&quot; hotels tell sleep better great pillows real sheets.2 -- Great neighborhood. You want live tourists? Stay Times Square area. Great fun real New York. At Inn living real people (we spoke trombone player next door one night), went -- ate -- real downtown market learned real New Yorkers live.3 -- Great surprises. I give away Ruth &amp; Company always something special awaiting you.4 -- Great location. Did I mention already? Sorry. This time I mean neaby subway close Inn back (one of) rooms time even drinks Greenwich Village minutes earlier.We stayed 4 nights Vermont suite quiet night I could hear nothing night long. Newspaper every morning. Fresh orange juice. Nice people. Great neighborhood local restaurants.What I here?? I'm heading back -- soon!",0.27827293674067866,0.46715018852115625,May 1 2009
11,11,"GO FOR IT!! We're home perfect stay Inn New York City. If planning trip NYC, go opt Inn. We warm welcoming, inobstrusive, visit Spa Suite. The bath in-suite sauna fabulous extras find high-rise hotel!Cuisine primary objective New York. After dining Per Se, Le Bernardin, Jean-Georges, Inn NYC perfect &quot;pamper yourself&quot; complement. It located PERFECT neighborhood. We able walk EVERYWHERE - The Metropolitan Opera, Metropolitan Museum Art, Natural History Museum, Broadway ALL restaurants. Also ... try recommended Cafe Luxembourg. We enjoyed every bite.It's worth every penny!",0.4729020979020978,0.6103146853146854,Apr 8 2009
12,12,"A unique experience NYC Very difficult say something new inn, good everyone says better even dreamed would be.We stayed Vermont suite 8 nights. Itâs cheapest four suites means sub-standard. Itâs simply delightful every way. After long journey Paris horrible immigration experience Newark, greeted Ruth Agnes (the housekeeper) felt right home pampered first moment. This 100 year old house, donât expect perfectly level flooring soulless conformity fittings. The charm inn lies individuality, unparalleled attention detail desire administer comfort hosts. Itâs evident Ruth &amp; Elyn poured personalities suite, feel honoured guest hostâs house, customers chain motel. They want feel home, itâs kind home WISHED lived in. No service difficult â even washed small clothes I didnât expect. Richard, Inn many years, carried bags spiral staircase us. Everything use replaced daily, never without.Highlights: The plethora fascinating books magazines lying around relax weather wet need take break. Donât bother going Barnes Noble find something read â daily paper provided well novels, recent magazines even old playbills NY theatres rummage through.Food: breakfast continental delicious , never-ending supply jams, fruits, cream cheese bagels, tarts, pie, cheese, wine, could want. The chocolates refreshed day bad figure sooo good sense luxury wrapped in.Internet: free, fast, wireless reliable.TV: One one good cable. Not spent much time watching tv.Extras: gorgeous thick bathrobes, umbrellas, cds, board games trapped inside rainy day.Comfort: bed firm great muscles. I happen like firm beds one perfect. Rooms thermostated set comfort level. Bathroom sweet water hot. Towels sumptuous, toiletries comprehensive. There even bath pillow facial scrub set.Location: Brilliant. The street quiet safe, lots charming brownstones found. The apartment one street away subway, plenty excellent cafes restaurants nearby Cafe Luxembourg, Cafe Lalo, Grayâs Papaya hot dog store, Zabarâs, Fairway Citarella markets, well many chain stores. We walked Central Park Natural History Museum. Columbus Circle also easy walk, Riverside Park. To sum up: unique experience NY city. A great deal thought effort goes making stay one treasure. Ruth Elyn carefully designed suite make feel comfortable, special. They succeed Ã merveille.",0.26430861907052383,0.5957322659703612,Apr 6 2009
13,13,Home away home We stayed library suite felt belonged there. So comfortable interesting books antiques could move in. The kitchen convenieces completely stocked everything needed. If anything wanting request is. Because comfort Inn cozy wonderful stay. The bad thing 4 nights visit . It like stepping back time amenities today.,0.12222222222222223,0.6796296296296297,Apr 3 2009
14,14,"So welcoming! My teenage son I stayed Vermont Suite. It perfect us. Very private entrance patio, close subway sightseeing wanted New York. And short walk Central Park, Museum Mile.But details disappoint. What I loved best interesting, homey decor. Full books magazines that, matter taste, allow good read end day. I love surprises, fun antique surprises throughout suite. Every day, I kept discovering new thoughtful things hostesses added.I think everyone whose written Inn talked wonderful food snacks provided. I felt bit guilty eat all, abundance!At end stay, extra charges. That surprise. I've rarely place amenities free.I felt hostesses concerned take advantage offer, especially great time. Believe Ruth. We did.",0.36921487603305786,0.5680268595041322,Mar 23 2009
15,15,"Just charming! wonderful place. Quirky best possible way two lovely owners leave fresh cakes every day. Just great find really one best, THE best, places we've stayed NYC. We spa suite superb - biggest bath i've ever seen complete romantic fire bathroom sauna! Big rooms particularly NYC.fab!",0.46960784313725484,0.5843137254901961,Mar 11 2009
16,16,"All hoped This review bit late writing however better late never. This Hotel recommended many people add. After made redundant fulfilled dream trip spend new year New York. Well could asked anything the, Inn New York City.Wonderful hosts,Ruth Elyn,who helpful.We wait day see goodies would left us - never disappointed. We stayed Vermont suite fridge full supplies every day along bagels,croissants,cakes,fruit plenty sweets! If like great location,spotlessly clean, great hosts real 'home home' look - book want return!!!!!!!!!! The Rees family (49,52,20,18). Thanks Ruth Elyn holiday remember.",0.2644128787878788,0.48818181818181816,Mar 7 2009
17,17,"Townhouse Delight If want true New York experience without sacrificing niceties ammenities, place stay. This classic townhouse situated quiet street, within short walk Central Park, 72nd street subway, abundance taxis Avenues. We stayed 'The Library', entire top floor. The rooms well appointed lacked nothing. We stayed condos minimal accesories like dishes, Inn provides everything could think want including food, wine, snacks, glasses, pots, pans, etc. etc. Even washer/dryer! Since 4 unit Inn, complete privacy. But owners always available called. We entirely delighted.",0.18566919191919187,0.44829545454545455,Mar 5 2009
18,18,"A Jewel This first stay Inn blew us away. I planning surprise weekend special occassion, looking splurge 4-5 star accomodations. The Plaza, Trump, others looking good I stumbled accross Inn. Oh man, place awesome. Unlike hotel, comfort, space, privacy home. Elyn staff warm us; obviously take pride Inn. We country-decorated Vermont Suite two levels. It private entrance street, felt like living city place. Sweets, breakfast pastry, fresh fruit surprises greeted us. This real neighborhood staying couple days see delightful side New York City can't experience big hotels. A good location: safe-clean-quiet, subway station corner, restaurants, bakeries, markets, church, Central Park, museums, within walking distance; walked home Saturday night MET.",0.3574066558441559,0.5349567099567099,Feb 21 2009
19,19,"A unique alternative We stayed 2 nights Library Suite celebrate special birthday. I agree reviewers concerning uniqueness place, consideration shown owners, attempts think everything one might need etc. We never saw heard another guest, despite full house. The location near LIncoln Center superb. The drawback lack ability guest control use fireplace. The reason chose inn rather standard fireplace. We looking forward using discovered use limited 11 AM 5 PM fire set owners (due insurance regulations). I understand need maintain policy I feel noted website offer suites working fireplaces. It major disappointment us.",0.08737244897959186,0.4938775510204082,Feb 8 2009
20,20,"Home home - better! Stayed Vermont Suite lovely...so relaxing...coming entrance night made us feel like owned slice manhattan....!! We brought cds, put music on, put feet up, &amp; read ny times drinking glass (or two) wine..perfect end evening - especially cold winter night NY!Breakfast great fresh supplies every morning zabars part price.Not far Central Park (15mins walk). Very close underground, yet quiet side street. The stop also express trains get u lower manhattan &amp; times sq much quicker.All perfect stay defintley would go back! Have already recommended friends stayed agreed us!",0.2908333333333334,0.6555555555555556,Feb 3 2009
21,21,"Just expected We stayed inn Christmas 2008. We Piano Suite ground floor.After reading many reviews thought would give place go disapointed.Before arrived asked Ruth would get us Christmas tree, indeed arrived suite waiting us, Ruth also gave us basket festive decorations us decorate tree. The Suite clean lovely . Huge fire place, stained glass ceiling, full kitchen ( lots food &amp; drink items extra charge) dressing robes course baby grand piano. Infact everything could want.The bathroom quite small well equiped everything need.We small terrace chairs (which didnt use covered snow) .Would return, well yes noYes special occasion ChristmasNo days NYC quick shopping tripIf afford stay wonderfull place like appartment NYC. ever return NYC Christmas again, wouldnt hesitate book Inn New York City.",0.22519480519480523,0.5464430014430015,Jan 20 2009
22,22,"super alternative My husband &amp; I stayed Spa Suite December 13 - 15, 2008. It exceeded every expectation. Our room second floor actually three seperate areas. The bedroom wonderful king sized bed comfortable. The galley-type kitchen fully functional - microwave, oven, dishwasher &amp; refrigerator. The fridge stocked wine, cheese, quiche, milk, oj &amp; water. Bagels, danishes, oatmeal, coffee also right fingertips. The bathroom simply unbelieveable! Jacuzzi tub, sauna, seperate shower fire place. If looking romantic getaway - place. The moment walk house, feel though private home. The Inn walking distance subway &amp; neighborhood restaurants. It delightful alternative standard hotel. We really felt special looking foward returning. The inn-keepers thought every detail.",0.28641269841269845,0.5203968253968254,Dec 29 2008
23,23,"It's Still Heaven On Earth This third time staying Inn. We stayed Library Suite 8 days. I cried I left. But one day stay booked next year. There enough acalades describe feel Inn, way run, ambiance owners - Ruth Ellen -- absolutely incredible. Everything Inn first rate - truly - decorating cleanilness suites attention detail even way towels folded top shelf. We suggested past go website see we're excited every time stay there. We literally got home three hours ago, unpacked wanted make sure forget trip advisor note everyone deserves feel like superstar celebrity least lives. Believe us, stay Inn, will. Enjoy.Joseph Diane Florida",0.15162037037037038,0.40092592592592596,Dec 18 2008
24,24,"Fantastic time Inn New York City I celebrated special birthday year treat decided trip New York. Found Inn New York City quite chance browsing Trip Advisor, thought looked excellent booked 3 nights Vermont Suite.It disappoint! A beautiful apartment hustle bustle days sightseeing shopping! Once door closed probably closest New York living experience ever! The apartment comfortable, spotlessly clean personal touches provided - home baking waiting us returned every evening, bedding towels changed every day - I cannot praise Inn enough! Position within walking distance major attractions, weather fantastic whilst mind walking, although chilly. Central Park, John Lennon apartment, Ghostbusters building within 10 mintue walk.Would thoroughly recommend totally different way vist New York.",0.22361093073593077,0.6122077922077922,Dec 6 2008
25,25,"A nice find This unusal extremely small well appointed. The price point, although high, justified want pleasant yet tourist experience much less traveled part New York. My daughter (15) I shared Library Suite ideal us. However, food service property comfortable neighborhood, taking accessible subway, distance away action Times Square. It felt like I staying Aunt's apartment New York weekend.I would recommend Inn New York plan return.",0.3040967365967365,0.5864976689976689,Dec 1 2008
26,26,"Romantic Hideaway Big City Even reading positive reviews, Inn New York City exceeded expectations. What unique comforting spot within short walking distance The Met, Central Park access Subway.We stayed Spa Suite completely enjoyed big tub sauna fabulous rain shower. The Suite uniquely decorated comforts anyone might require.. Miss Ruth charming host even taught ( Southerner) put winter scarf New York style!The yummy treats kitchenette quite delicious especially enjoyed quiche cheddar cheese wonderful fresh fruit. I someone needs peace quiet enjoy vacation. Too many people stress out. This wonderful Boutique Hotel allowed enjoy energy excitement big city knowing quiet space steps away. We also found could spend little $$$ one amazing gourmet food stores Broadway (Fairway &amp; Zabar's) delicious quiet meal.. Inn New York City kitchenette needed utilize markets.Hope may return soon.",0.3447884012539185,0.5985893416927899,Nov 25 2008
27,27,"A ""home away home"" wonderful honeymoon NYC We stayed Vermont suite 5 nights coldest week NYC history (for November anyhow!) It nice know &quot;home&quot; waiting us warm inviting hypothermic day sightseeing!The Vermont suite cheapest option bunch probably ground floor (with entrance) bedroom cellar (with little natural light own). This added ambience character suite making homely fall/winter months. I may prefer one suites summer though.Ruth welcoming housemaids fabulous. There veriety foods provided fresh produce bagels, croissants cakes replenished day.The kitched small perfectly functional needs. I dare say could cook full thanksgiving roast wanted time eat locally around 86th street area day siteseeing.I recomend specific suite anyone may trouble metal spiral staircase although gorgeous look fine us 30 something honeymooners, I imagine might bit handful less able guests.I would definatley recomend honeymoon special occasion, dollars spend want best NYC offer. I really think probably best luxurious place find NYC, even want hussle &amp; bussle normal hotel.Finally, I personally think location good. Its minutes walk subway another block two central park. We used subway busses walk Time Square once, nice walk via Columbus Circle Broadway although I cant remember exactly I guess probably take much longer 30 minutes.",0.31380306386120344,0.528392395717977,Nov 25 2008
28,28,"Perfect Inn New York We stayed Spa Suite found room excellent service well. The room better equipped house tv, cable, iron ironing board, kitchen stocked complementary snacks, air conditioning, course spa bath sauna.The one block away 72nd Street Subway station close Central park problem getting around loved location.We treated extremely well exactly right mix privacy informal professional service. We definitely returning next visit Big Apple.",0.2898051948051948,0.5326839826839826,Nov 6 2008
29,29,"Brilliant! We four days Inn wife two teenage children aged 14 16. If want times sqaure hustle buslte, sterile square rooms magnolia walls, forget it. This place real New York. The apartments stayed (the Library Suite) amazing wonderful decor something new spot every time looked around. The beds comfortable apartment spotlessly clean. This place real charm. The owners apartment everything could make stay pleasure including providing fresh bagels juices like everyday breakfats snacks. Even going far tailor food provided based likes dislikes. Everyday something home baked would arrive always good tastebuds figure!Our regret able spend time apartment appreciate better. This first time New York everyday exploring. The location great spot Upper West Side two minute walk subway station express train straight Times Square. There plenty shops eating places nearby always felt safe walking around upper west side even 11 night.Thanks great stay Ruth &amp; Elyn .",0.3033549783549784,0.5696158008658009,Oct 17 2008
30,30,"Perfect My wife stayed 5 nights Vermont suite wonderful. The Inn New York City situated West 71st Street quiet residential area, 1 block away subway 72nd street, easy get main areas NYC.The suite stayed wonderful relaxing hard day sightseeing. duplex apartment kitchen lounge area, downstairs lovely bedroom bathroom. It like home NY. Each day, housekeeper would leave us cakes/cookies/pies goodies. The fridge always stocked milk, orange juice etc. We also fresh fruit Granola.The area around Inn safe, lots good restaurants within easy walking distance (try Cafe Luxembourg 70th Amsterdam Ave). Central Park 2 blocks away, Lincoln Centre also close (great place see opera/show), plus IMAX cinema 69th/Columbus fancy movie one night. If prefer breakfast traditional diner, try one corner 72nd/West End Ave, blueberry pancakes maple syrup wonderful.I would recommend Inn New York City anyone visiting NY, perfect place come back unwind, rather small room (which generally get NY)",0.3347757575757576,0.663030303030303,Oct 15 2008
31,31,"okay decent, would recommend others",0.3333333333333333,0.5833333333333333,Oct 14 2008
32,32,"Wonderfully Different Inn New York City unique experience one missed. The accommodations converted townhouse luxurious, woodwork beautiful functional, amenities staff exceptionally thoughtful. It would perfect place honeymoon romantic trip. This good place small children, one must able climb stairs, elevators. If need break standard layout furnishings, love Inn. The location upper east side, near theater district, short walk Lincoln center, central park, etc. We problem getting taxis neighborhood. There identifying sign outside, address small marquee front stoop. If catch taxi get there, sure tell driver block Broadway West End.",0.14256198347107438,0.5019742883379248,Sep 16 2008
33,33,"A Sanctuary! What wonderful stay Inn New York City, everything read Trip Advisor more.We party 4, 2 women 2 teenage girls booked Library Suite 5 nights, August 19th - 24th.The Library Suite top floor Inn, 2 interior flights up... moment walked front door felt like home. Elyn showed us suite giving us tour went. All comforts home abound gorgeous apartment full kitchen, living room, beautiful dining area charming bedroom sun streaming leaded glass skylights ~ We loved immediately!Our kitchen well stocked treats breakfast items including fresh bagels, croissants, danishes, granola assorted pastries/pies/brownies replenished daily stay. We also found snacks like cheeses quiche refrigerator, various flavours sodas premium brand waters. A fresh fruit basket piled high variety fruits - requested extra strawberries soon knew with! There also gourmet ground coffee enjoyed morning, freshly perked read paper quietly slipped door. The suite stove, oven, toaster oven dishes, glassware, pots &amp; pans, cutlery, appliances kitchen implements could possible need cook meal. Behind two wood panels hidden laundry area washer/.dryer/soaps fabric softeners, bleach, iron etc... everything would need longer stay.The suite cheerful bright high ceilings, floral carpeting, granite countertops, leather furniture, fresh flowers, various artwork, photographs course shelves shelves books. We especially enjoyed lovely &amp; large dining area breakfast day.Our bed comfortable luxurious linens, also queen size sofa bed living room comfortable turned us night dinner show. It lovely come 'home' find soft lighting beds prepared us. We appreciated pocket doors closed living room rest suite - separated us giggling teens privacy.In bedroom lovely reading area plush chair ottoman cozy fireplace. We loved whimsical decorations throughout suite vintage luggage piled atop wardrobe, large wooden propeller &amp; toboggan living room brick.There plenty luxurious towers thick robes us. Soaps, lotions, shampoos &amp; conditioners ever electric shoe polisher bedroom, everything could think umbrellas first aid supplies tucked away many cupboards closets.The suite digital safe closet could lock valuables. We enjoyed fact 2 televisions DVD player used often stay, borrowing Inn's collection DVDs.We never heard sound Inn hosts, staff guests. The Inn New York City quiet respite craziness Big Apple. At times hard believe door huge busy city really felt like country somewhere.The location Inn fabulous, literally 3 minute walk 72nd street subway 1 stop away Times Square. A 10 - 15 minute stroll Central Park, loved walking along Broadway tons shopping. We meals wonderful little Italian restaurants Broadway minutes away. The Lincoln center movie AMC IMAX theatre couple blocks away well.On 71st street Cafe 71 shop fresh bakery, pizzeria, paninis, salads, eat take - stopped almost every day something. Also, subway station Gray's Papaya quick (and cheap) bite eat.We absolutely loved stay Ruth &amp; Elyn made sure comfortable, safe, informed rested. The housekeeping staff made everything gleam suite spotless us every day. Thank Inn New York City back one day!",0.251405215155215,0.5282507307507307,Sep 4 2008
34,34,"As expected We spent four nights Inn NYC, shared excellent experience guests. It's like all, better (for me, hotels feel like work). The area (upper west side) lovely. Right park, plenty restaurants. Quite hike stuff Greenwich/Noho, though. Service attitude delightful. Only one negative, unavoidable one: The Vermont suite, one available booked late, basement/cellar two levels. This means little natural light. We'd book one higher ones return.",0.1814980158730159,0.5728174603174604,Sep 1 2008
35,35,"Highest level customer service Ruth Elyn On cancellation room booked months ago,due unforeseen circumstances, Ruth Elyn, truly impressive, without questions lovely emails, deposit refunded within two days. These Lady,s true professionals really look theircustomers even one,s like us cancel. I cannot say enough high standard customer service, would mad stay elsewhere.",0.14600000000000005,0.6014999999999999,Aug 21 2008
36,36,"Quite Unique Everything others written correct, perspective, another angle. If wanting 5 star big bustling concierge, valet, health spa, pools, entertainment, nightclubs, shops premises, people watching, restaurants noise, all.If hand, want experience 4 rooms only, noise great shops, restaurants everything NY offer, virtually within walking distance also locals go, could right street. Excellent housekeeping, unobtrusive, helpful asked always call needed.Extraordinary place people want expect something different. Stayed Opera suite wife 3rd 7th August although slightly dark side, private terrace made us virtually unheard NY Hotels. It's everyone, people demand class another era without hoi-poloi usually associated top snotty hotel. We definately return next area. Thx Elyn Ruth. P&amp;F.",0.1512698412698413,0.4701587301587302,Aug 8 2008
37,37,I loved This little piece peace New York !!It's Very quiteIt's convenient subway 5 mns hotelThere great Citarella Supermarket (5-10 mns)The people niceI come back sure,0.30319602272727275,0.4991792929292929,Jul 28 2008
38,38,"Perfect Stay Inn New York City! We stayed Inn New York City January, pleasant experience one choice return visit honeymoon! We stayed Vermont Suite times, even though price higher New York hotels, consider getting price.First off, staff makes feel priority #1. You need help recommendations? One phone call handles everything. You greeted personally upon arrival, luggage needs immediately attended to. The kitchen always stocked yummy snacks, there's complimentary wine/cheese/refreshments fridge. Need laundry done trip? Just put laundry bag everything returned cleaned folded evening. You really can't beat service!The location fantastic. It's away Times Square chaos, yet close enough get minutes. You're next major subway station. It's long city block away. 4 blocks Central Park. We ended purchasing one week subway pass entire city disposal.The Vermont Suite simply wonderful. The main floor roomy living room area kitchen. Nice furnishings comfy leather sofa bed need it. Down narrow spiral staircase bedroom. In heat New York summer, always comfortably cool there. The size suite 3-4 times get Times Square hotel. Complimentary bath robes, high end toiletries, free wireless internet access provided. What could want stay?If city, want relaxed feel, HAVE stay here. We look forward coming back next trip big apple!",0.20322039842873174,0.4926655443322111,Jul 15 2008
39,39,Wonderful stay @ Inn We stayed 5 nights Opera Suite. Our stay better! Here words describe stay oasis City.Luxury stay Perfect service attention detailQuiet (but central) neighborhood - subway 3 minutes away!...Your personal home New York CityWe definitely go back!,0.3944805194805195,0.5006493506493507,Jul 5 2008
40,40,"The Place Stay! We returned five-day stay Inn New York City. I hesitate write review, news indeed THE place stay New York City, suspect always booked we'll hard time getting reservations ourselves!That said, however, truly fantastic boutique Upper West Side Manhattan; short walk Metro another block two Central Park. The owners two wonderful ladies go every length ensure stay comfortable memorable, right freshly squeezed orange juice, delicious munchies Zabar's, fresh flowers chocolates. Make sure ask advice best places eat people/celebrity-watch!Our first trip New York City found us &quot;Library Room&quot;, ample room two us two teenaged sons.We stayed &quot;Spa Suite&quot; second time around perfect two us.We look forward enjoying remaining two suites available (the &quot;Vermont&quot; &quot;Opera&quot; Suites).We encourage anyone contemplating trip New York visit website Inn New York City choose one four rooms truly New York experience! You disappointed.",0.27743573299128854,0.5413246218801776,Jul 2 2008
41,41,"Total Luxury We knew went Inn New York City would fantastic disappointed. Ruth Elyn made job see totally comfortable everything needed. The treats kitchen wonderful welcome - think much milk, bread, orange juice etc left, everything restocked every day! The Vermont Suite always beautifully clean,including bed linen. At night quiet, appreciated. We felt safe walking around neighbourhood night day.The nearest subway short walk away, caught express train Times Square 5 minutes. We strolled Central Park (10 minutes), fabulous oasis green. My husband even hired bike couple hours! As first time visitors New York knew would love it, finding Inn New York City cherry top large delicious cake hope visit soon.",0.27012987012987016,0.5657259407259408,Jun 11 2008
42,42,"A Fantastic Anniversary Treat Having trawled many websites looking perfect silver wedding anniversary celebrations happened upon Inn New York City. We booked Vermont suite 5 nights fantastic stay. It pleasure able head back quiet little oasis, put feet relax without bother lifts, keycards, etc. Ruth helpful suite spotless - linen changed every day. We enjoyed leisurely breakfasts and, added bonus, 72nd St subway end road express line downtown travel amazingly easy. Central Park short walk away river direction. Altogether great accommodation wonderful location.",0.30873316498316494,0.5678451178451178,May 15 2008
43,43,"Return visit Vermont Suite We returned Scotland today 5 nights Inn New York City. We first stayed 4 nights Vermont Suite October 06 adored decided visit New York absolutely question stay- Inn New York City. Ruth Elyn ensure welcome, accommodation attention detail exceptional. 266 west 71st ideal location city yet extremely peaceful-perfect young older romantics!",0.28264462809917357,0.6573002754820937,May 6 2008
44,44,"Perfection! We returned 3rd stay Inn New York City. As always perfection! If want experience city like true New Yorker, place stay. From moment climb steps townhouse, feel like entering apartment. The kitchen stocked day wine &amp; gourmet snacks rooms spotless. The Upper West Side neigborhood quiet clean. It quiet forget guests building. This place true gem!",0.1759986225895317,0.450068870523416,Apr 27 2008
45,45,"A Romantic Find We looking romantic getaway Manhattan, found it. There commercial sign front --it's perfect. We felt comfortable luxurious. We slept covers window cracked open spring air. service began arrived. We asked, Ruth let us know e-mail find best fish &amp; vegetable markets neighborhood. We cooked swordfish pasta well-equipped galley kitchen ate nook-like table two. The glass-wall shwoer also two, hot tub -- &quot;Spa Suite.&quot; Ruth Elyn live downstairs awlays available, except late night. Agnes slips magically restore order never disturbs. Only remarkable sourpusses would think weekend like honeymoon. Howard &amp; Annie",0.2929887106357695,0.5875816993464053,Apr 20 2008
46,46,"Beloved Inn Ruth made stay wonderful. Attention detail, impeccable service. Both room location surpassed expectations long way. You find many Inn Upper West. This little gem. My wife I stayed three days. We hate big, anonymus, chain hotel. We love feel home everywheare are. This place started call &quot;home&quot; day arrived. And still. Just make sure overrating place, mention two minor drawbacks: first, get room wanted room got (Opera Suite) little dark; second, stereo entrance playing opera music day night loudly. But again, peanuts. We back soon, Ruth.",0.15131578947368426,0.4735380116959065,Apr 14 2008
47,47,"Loved ""Inn New Yok'' Ruth Staying &quot;Inn New york&quot; booked surprise present, fantastic surprise present was! . Having stayed great many hotels New York, &quot;Inn New York&quot; incomprable! We stayed Opera suite, glamarous spacious, every need taken care thoughtful touches Ruth Ellie, around offer NYC's best kept secrets, excellent sunday flea market Columbus Ave. W. 76 &amp; 77 St. (Upper West Side - highly recommended. We can't wait go back!",0.3188636363636364,0.4393434343434343,Apr 14 2008
48,48,"What Incredible Place! I brought girlfriend NYC first time. She idea I planned proposing first arrived. After spectacular engagement Central Park, I shared fiancee staying Sheraton, fact going cozy B&amp;B Upper West Side. When arrived, even realize Inn tucked away quaint residential neighborhood. Our stay phenomenal. We enjoyed four nights Spa Suite, enjoying offer. The galley kitchen nice convenience, although spend much time wanted take fantastic food area. Each night came home early enough relax Jacuzzi tub glass wine/champagne. This far best part Suite.Like reviews mention, ideal location. It's one block nearest train, take every need/want be. The cafe W 71st Amsterdam great quick bite begin end day, 72nd St Deli another block away great bagels pastries.I think trip tough beat fiancee I. I went over-the-top trip well worth it. I would already recommended Inn New York City people I know definitely return years come.Thank Elyn Ruth, made stay wonderful. Your home hospitality truly amazing.",0.33852693602693595,0.6043181818181819,Apr 13 2008
49,49,"NYC brownstone! Because partner I relocating New York City, thought place sounded perfect two weeks would need find apartment. We hoping find something would feel like home Inn New York City perfect us!The Inn basically brownstone Upper West Side Manhattan. The owners see well taken care of, interfere needed, really feel like apartment city, even laundry upon request.We ended staying Opera Suite main floor one available entire 2 weeks would need. We pleased arrangement suite. There stairs climb (other steps outside), helpful us time. Inside suite lovely firm - comfortable - queen sized bed facing fireplace. We used fireplace one night, Ruth, one two owners, needs come light firelog due many mishaps guests past, lovely same. You need aware, however, owner needs notified afternoon would like fire evening. We also really loved kitchen everything could ever need cook enjoyed preparing meals time time. They also leave fresh sweets, fruits, flowers every afternoon along basics juice, milk, quiche fridge.Our suite also baby grand piano along many piano books opera magazines - great classical music lover!The downside one night I fell terribly ill food poisoning able get hold anyone inn middle night. There emergency contact number inn phone, nobody answered. As new city, hoping could put us touch emergency doctor. I eventually find house doctor online able come inn following morning - lifesaver!Overall satisfied stay greatly helpful transition moving city. I would highly recommend anyone visiting city looking something personable hotel.Oh, Inn really look exactly like photos website, need post own.",0.27970933828076694,0.5772850958565244,Apr 8 2008
50,50,"Unbelievable - best NYC Superb. In every way superb amazing. This best place stay NYC. Forget penthouses name hotels â luxury quiet personal service. We library suite. It top floor â yes floor townhouse. The pictures site accurate. The kitchenette (with clothes washer/dryer) functional hosts stock you. The stained glass ceiling beautiful. There also 3-fold pocket door separation make living room intimate. Two fireplaces, large comfortable oversized queen bed. It cannot get better NYC. No impersonal hotels us. This forever visiting NYC.",0.4578991596638655,0.635014005602241,Apr 6 2008
51,51,"A residence life's travellers Living Opera Suite akin staying New York pied-Ã -terre graceful, thoughtful racy Aunt might popped evening Met. You would expect 24-hour room service virtual Aunt, find Inn New York City. But merits elegant, genteel establishment far outweigh compensate lack facilities offer renowned hotels.Ruth, owner, operates discrete mannered refuge Upper West Side. There sign Inn looks acts like polished private residence. Residents owner quiet take guests consideration: guests Opera Suite asked play baby grand piano 10pm residents Spa suite upstairs similarly refrain using whirlpool tub hours. Ruth asks discreet buzz button bottom stairs leave, housekeeper go room, willing come time 9pm light fire bedroom. The dÃ©cor eclectic, part art deco, part French, part Edwardian, part 1950s floral chic: quite top, lovers minimalism look elsewhere. The Innâs website four lovely short films piano music illustrate suite anticipation create disappoint. There heavy drapes wooden New York shutters. The house feels loved, polished personal. Aged graceful wooden cabinets style, even creak little age, along floorboards. There small full kitchen, slightly aged utterly charming utensils ever use visit, looked gathered care antique markets. Fabrics chosen care thought, individual pictures, lamps soft furnishings. Opera magazines, old copies magazines, sheet music, soft throws books scattered throughout suite. Wardrobes individually chosen armoires reinforce feeling residence rather hotel. As day fades darkness, Opera Suite comes alive gorgeous dimmed lighting, fireplace. Make sure take someone play honey-tone baby grand, preferably slow jazz melancholy chansons. The subway one block away, taxis always available private cars need one. The coffee shops, restaurants upmarket boutiques Columbus minutes away, Lincoln Centre cinemas five minutes walk, Central Park seven. Ruth fills Suite day pastries, cakes, cheeses, crackers, chocolate, fruit myriad little treats. Basic supplies provided, enough breakfast day. If weather warm enough, could breakfast outside shrub-filled terrace. An antique writing desk adds elegance room wifi worked flawlessly. The phone line direct voice mail line ring office left ring. Residents keys Ruth lays little traps sweet jars throughout hallway, distract flowers sherry left out.I saw residents stay hear them. This old house, gentle creaks footfalls entails. The bathroom Opera Suite small side kitchen might eventually benefit updating fittings. But please, Ruth, keep worn loved elegance. I adored eclectic pots, plates dishes kitchen cupboards bathroom piled soft towels, toiletries robes. This place stay children you, even though also sofa bed. If leave kids elsewhere want romantic, quiet, gentle time concentrate loved one, eat leisure, take something Lincoln Centre wander around foot, Suite perfect. It residence lifeâs travellers rather tourists.",0.18311237373737366,0.49019710998877664,Mar 31 2008
52,52,"Peaceful private -- fun! Unlike room, days incredibly comfortable completely furnished apartment nicely restored upper west side brownstone parking nearby manageable walk theater district. We stayed Spa Suite, historically ornate detail modern conveniences -- thoroughly enjoyed plush atmosphere, sauna, spa tub, unique glassed shower celebrating 30th wedding anniversary. A satisfyingly stocked kitchen encouraged us lounge around quiet brunch heading town. Overall great treat, certainly suitable special event.",0.2845864661654135,0.5147243107769423,Mar 21 2008
53,53,"Great Spot NYC Just returned two-night stay Inn New York City. My daughter I stayed Opera Suite -- lovely room, spotless, comfortable, filled interesting stuff. Enjoyed kitchen treats. Wonderful touches throughout. Our Opera Suite nice terrace step on. We liked location lot, convenient, quiet street. We really loved stay! Thanks Ruth!",0.4958116883116883,0.6634199134199134,Mar 18 2008
54,54,"super place stay Perfect location, lovely suite - nice come back warm, welcoming appartment day shopping sightseeing nyc. The Inn unique worth alternative corporate hotels - relaxing real NY experience. The upper westside great place stay - great restaurants doorstep central park short walk away.Ruth lovely hostess - everything thought make stay perfect. Thank previous reviewers recommended Inn - fabulous time.",0.37769841269841264,0.591111111111111,Feb 21 2008
55,55,"Just Perfect My wife I decided celebrate 20th wedding anniversary staying two nights (26/27th Jan) based reviews Trip Advisor. We disappointed. If looking flash &quot;in house&quot; restaurants, bars spa, you. If, however, want perfect, romantic experience every detail taken care of, looking for.Other reviews paint great picture Inn like, idea service - this. American Airlines lost bags. We special dinner booked barely anything nearly good enough wear. We managed get wearing, shoes wife. A night Daniel wearing sneakers!! The solution - Ruth managed find pair trick. A catastrophy averted!!!A great home away home.",0.3540816326530612,0.5015306122448979,Jan 30 2008
56,56,"""Exceeded expectations!"" My wife I spent 2 nights Spa Suite weekend Jan 18-20. Our expectations &quot;special place&quot; stay somewhat set reading reviews prior making recent booking. Well, expectations actually exceeded. We totally agree ALL positive comments made previous reviews, difficult think anything new unique add. We traveled extensively business pleasure past 35+ years. We've pleasure staying many fine resort properties, even really good B&amp;B's States abroad. But I say found staying The Inn NYC like staying good friend's place. Sharing room, part &quot;home.&quot; We 've already booked Library Opera suites December '08. My wife I taking son, daughter, spouses 2 grandsons 4 nights Christmas New years Day. We're convinced perfect choice special memorable holiday-time place stay NYC. My wife I already told friends family travel New York regularly impressed Inn New York City. Unfortunatley, I think bookings may become harder come by. I know wife I plan stay Ruth's Inn ALL future trips New York City. But since we're aware anyplace like Inn new York City elsewhere, we'll settle another traveling city. Thanks, Ruth hospitality. You daughter created truly special place. We're already planning Christmas-time trip looking forward another relaxing wonderful stay &quot;place.&quot;Jim &amp; Sue M. Fort Worth, TX",0.220278293135436,0.4669287855002141,Jan 23 2008
57,57,"Deserves Number 1 DATE 21/01/2008REVIEWER NEIL UKMyself wife booked Inn strength reviews here. We glad did.The Inn may cheap worth every penny. The Hosts cannot enough never intrusive. Fresh Breakfast Pastries Croissants constantly available room. Never ending nibbles, chocolates, fruit, juice, water fresh ground coffee always you. Wine fridge arrival magnificant Chocolate Cake wife's birthday. There way eat everything available you!!The Spa Suite luxury. Great bed, pillows, huge jacuzzi, sauna, everything could ask for. It great get back Suite unwind heading evening.We cannot think anything negative say place. We definately stay again.",0.33076923076923076,0.5307692307692308,Jan 23 2008
58,58,"The Real New York'ers life! My girlfriend I stayed wonderful &quot;hotel&quot;. It rather called New York home one best residential districts NYC! We immediately felt home escaped typical newcomer's feeling staying major midtown downtown. In reviews find &quot;traditionally&quot; placed hotels midtown around 5th avenue excellent shopping sightseeing. We disagree more. NY city walk! We would need 15 mins walk Columbus Circus right edge Central Park far 5th ave. If would bore waiting non-fascinating subway, would need 3 min. walk nearest station. The service excellent better expected. Ruth Elyn really try make possible willing fulfill reasonable request. We fresh towels sheets every day, enough eat breakfast highest discretion.If want feel like new yorker, definitely that's place stay!",0.29365218115218117,0.6202547452547453,Jan 11 2008
59,59,"Wonderful home away home My family spent Christmas holiday week Vermont Suite. The reviews target. The accomodations worked well family separate living room downstairs bedroom. The bedroom quiet...the walls must thick heard none neighbors street traffic. It nice small, well stocked kitchen available. We ended eating breakfast &quot;home&quot; everyday. My sons I loved quiche pastries provided, along orange juice milk, started day well. There lots goodies provided...we especially enjoyed chocolate cake apple pie waiting returned long day sightseeing. The location Inn perfect. We bought 7 day passes subway/buses. The subway stop closeby 72nd, opted take buses order see city (which convenient Inn well). There loads wonderful places eat nearby. We enjoyed Citrus (Cuban Asian twist)---they tasty brunch Sunday. Also, stop Buttercup Bake Shop (on 72nd Broadway Columbus) enough sweets Inn. The cupcakes delicious peanut butter cookies good! Within short walk shopping, AMC theatre, Barnes &amp; Noble, Lincoln Center...I could go on. We walked The Metropolitan Museum Art (through Central Park) Museum Natural History. The best part location quiet. Just spend time Times Square walking crowds Fifth Avenue appreciate fact staying Inn. My suggestion...and negative comment...was mentioned another reviewer bed Vermont Suite. I found little stiff sometimes awoke aches I slept side. Perhaps switching Select Comfort AIr Mattress similar type mattress might option considering logistics moving mattress up/down steep spiral staircase. Other one negative, stay perfect. I would recommend Inn New York City anyone wants experience living New York rather staying room.",0.266692821067821,0.56506734006734,Jan 11 2008
60,60,"Yes - good reviews below!! I used trip advisor many times I feel time give something back.I completed 5 day stay Vermont Suite New Years. It lovely. It street entrance felt like relocated home.As set earlier reviews, service Menches give guests outstanding - bagels baked treats breakfast every day, complimentary champagne new years eve, restaurant advice etc.They block 72nd Street Subway station lovely leafy part town.If lucky enough find suite available next NYC, stay there.",0.327070707070707,0.6078282828282828,Jan 5 2008
61,61,"Inn (heaven in) New York City Inn New York City extraordinary. I cannot recommend highly enough. Its owners, Ruth Elyn Mensch, could welcoming helpful. As Elyn put evening checked in, invisible available guests want be. We spent five days Library Suite December 27, 2007 Jan 1, 2008. The Suite lovely bedroom, huge living room, high ceilings stained glass skylights. It full visual surprises, including sled, propeller, book-filled ladder displaced staircase cum towel stand. (This description Inn justice--please refer Inn's website. A picture = 1000 words.) Library Suite, are, might expect, books everywhere; shelves include current best-sellers classics; tissue box covers book-shaped; instruction manual ironing men hidden ensuite laundry area. When arrived, quiche, bagels, brie bottle pinot grigio items waiting us kitchen. There chocolates pillows. Orange juice, bagels fresh pastries mysteriously appeared day. Fresh fruit always available front hallway. Housekeeping unobtrusive meticulous. The Inn street-front sign, gives guests pleasant illusion, entering exiting building, residents rather tourists. We loved Inn's location. It New York's Upper West Side, two blocks Central Park, one block subway five blocks Lincoln Center. The Inn surrounded cafes, restaurants shopping. I cannot claim know Ruth Elyn Mensch spent five days inn, I think I safely say know hospitality, interior design, good food and, Inn's name might suggest, whimsy.",0.23996753246753252,0.4840584415584416,Jan 2 2008
62,62,"Cosy beautiful welcoming My husband booked Inn New York. I really know staying arrived mine hostess showed us round. We stayed lovely Spa suite, complete sauna, jacuzzi walk-in shower. It also galley kitchen loaded snacks essentials, like tea bags plenty space store everything. This beautiful guest house smart area city - there's subway station top street express train Times Square 5 minutes flat, walk less half hour. Not that, less 10 minutes' stroll Central Park.We fantastic Christmas here. I disappointed leave. The owner kind enough let us store baggage we'd checked out, also let us run Opera suite could get changed went meal.",0.13693568336425482,0.5748763141620286,Jan 2 2008
63,63,"Everything perfect . . . We went New York week 40th birthday. Inn New York brilliant!We stayed spa suite. Elyn Ruth could enough make stay enjoyable Elyn always available answer 'stranger New York' questions! These ladies clearly pride providing high standard of, well, everything really! We felt pampered spoiled. The location perfect, suite luxurious, fridge filled variety delicacies surprise 2 everyday. Our regret that, eager sightseers, time take advantage luxury Inn New York.Yvonne Euan, Glenrothes, Fife, Scotland",0.27164141414141413,0.5411952861952862,Dec 22 2007
64,64,"Home Away From Home Ruth Ellen share home experience living brownstone New York city. Antiques, chocolates, gourmet teas snacks, private balcony, whirlpool tub, quiet neighborhood - add gracious living. A wonderful experience I never forget!",0.28409090909090906,0.540719696969697,Dec 4 2007
65,65,"Attention Detail Amazing I know say hotel. Words simply can't describe amazing is. You get level service find big, corporate hotels. Ruth Ellen friendly. The maids (Can't remember names, sorry) also nice.I booked surprise girlfriends birthday every bit impressed I was. Its attention detail. The way fold towels, way fold bed way put new fresh snacks room every day.The bed comfy I ever slept in. The kitchen everything could possibly want. There even dishwasher. The bathroom plenty towels. The jacuzzi brilliant enough space 4 people it, never mind 2. The sauna easy use good putting clothes get back day wet. I included photos room I stayed (Spa) really stay travelling New York.You end using sub go everywhere. The stop end street express stop next one line times square. You get almost every sub station times square really handy. When hear noisy taxi's are, always beeping other, appreciate quiet street good nights sleep. I sure staying hustle bustle touristy areas busy day good escape it.If questions please message I'll happy answer them. Do hesitate book stay here.CheersChris",0.3018686868686869,0.5565596440596442,Nov 22 2007
66,66,"So sorry..... ....that stay longer! Surprised husband birthday weekend could stayed delightful place. What I say said before? We Vermont suite two levels everything could possible need, warm cozy city's November chill. The neighborhood lovely near subway walking distance Lincoln Center, Museum Natural History Central Park, lots nearby restaurants shopping yet street quiet.The furnishings rustic elegant, yes staff provided many special extras us. It hard tear away activities planned. We back, hopefully longer next time. This truly special place!",0.1910416666666667,0.565297619047619,Nov 20 2007
67,67,"Its Beautiful Inn New York City My husband I stayed Spa Suite anniversary. We really enjoyed ourselves, I amazed hosts thought every possible thing would want room. I never stayed place luxurious, quaint wonderfully located NYC. The Inn real find, I'm sure I recommend anyone looking special experience.",0.4429383116883117,0.7393578643578642,Nov 13 2007
68,68,fun weekend Had best long weekend. Decided go city loved place! Will definately go back! Thanks Tripadvisor best advice!,0.47500000000000003,0.31428571428571433,Nov 13 2007
69,69,Great Bday Surprise I surprised husband 40th. We loved it! The Opera Suite amazing spacious. Everyone courteous. Enough food breakfast. Great location. Awesome fireplace abundance privacy. If money- stay here. Also price comparable many hotels city.,0.515,0.7474999999999999,Nov 12 2007
70,70,"$600 stained sheets hot water! I stayed Spa suite wife, extremely disappointed find stains sheets. We arrived late want hassle changed, decided grin bear it. The following morning, waited 11am use jacuzzi (as per regulations hotel), luke-warm bath. After inquiring, learned normal wait hot water return. After waiting hour so, water failed remain hot, resulting bath luke-warm. We decided leave, checked around noon staying 1 2 planned nights. We disappointed owner informed us would refunded money spent, even though room par. When paying $600 night, expect clean sheets hot water &quot;Spa&quot;. Also, expect staff little professional courteous.",-0.016299019607843152,0.6147058823529412,Nov 5 2007
71,71,"Great eccentric This unique hotel. We (two adults two children) stayed spacious library suite. The suite complete opposite chain hotel, lots antiques (eg wooden plane propellor, sledge, old leather suitcases, plus lots furniture). The food provided breakfast varied plentiful, service friendly.",0.21875000000000003,0.41875,Nov 1 2007
72,72,"Absolute perfection! This simply amazing place stay. The sign outside, incredibly discreet, little like walking house NY. As step house gives good impression expect stay - classical music, antiques sweets help arriving leaving (which became tradition!). Ruth fantastic host - wanted gave right amount privacy. We stayed Opera suite ground floor. It around 30 metres long, grand piano complete music books scores, living area, kitchen, bathroom jacuzzi bath, bedroom private terrace back. Absolute luxury!! Every need catered ask anything additional stay.The kitchen fully stocked breakfast items, including bagels, jams, croissants, fresh fruit orange juice, also whole host items including freshly baked cake (a new one every day!), wine, bottled water, sweets... I could go on! The situated quiet street Upper West Side, subway situated one block away 3 minute walk. The subway four stops away Times Square local line, one express line, Times Square get connection pretty much line take anywhere want go. The also 15 minute walk Central Park - walk really pretty takes past brownstone buildings area.I could go wonderful place hours needless say absolutely highly recommended. We would go back instant.",0.18672385047385048,0.5320919620919622,Oct 13 2007
73,73,"One best My wife I stayed two nights wonderful upper west side property. We spa suite surpassed expectations every way.Elyn gracious welcoming Innkeeper happy allow us late check following flight UK.Our suite came great choice breakfast goodies, wine fully equipped kitchen. If wanted eat would possibleThe general ambience New York kind Victorian way. Very athmospheric! Furnishings comfortable plenty space spread out. Only thing struggled front door locks, I think would need practice master!. However door answered instantly forced ring bell.We sat double Jacuzzi long day walking shopping bottle champagne. Absolute bliss..Living wonderful residential neighborhood full array shops restaurants gave us little taste actually living NYC could like. There ready transport mid town manhattan via local subway station.We always used hotels visiting previously never again. If Inn New York available book it!",0.23079713804713803,0.49192255892255893,Oct 3 2007
74,74,"Inn New York City heaven! Absolutely beautiful Westside brownstone. Every luxury imaginable waiting you. We 3 4 suites (for daughter's wedding NYC) beyond expectations: 12' ceilings, spectacular furnishings linens, goodies Zabars, woodburning fireplaces, ornate tin ceilings oh, woodwork! Pure luxury comfortable, right-at-home luxury.Proprietors onsite always available unintrusive. A truly lovely couple. One note travelers: brownstone stairs part bargain. However, Vermont Suite (street level) wonderful requires one stair step suite (although bedroom one beautiful circular staircase down.) I personalIy love westside Inn makes feel part neighborhood. No problem finding cabs venturing anywhere City. I can't think single feauture I would change. Just plain wonderful! Can't wait go back.I photos moment say Inn's website pics exaggerate. Even beautiful person.",0.4437335540276716,0.6920507596978185,Oct 3 2007
75,75,"The Inn - Exceptional Spectacular My husband I short trip New York last week. During first part trip husband conference stayed conference Midtown (The Hudson Hotel) so-so experience. It modern nicely decorated I closets home big entire room.We decided advance wanted change scenery conference over, elected book room The Inn. After arrival, could happier decision. We stayed Spa Suite extremely spacious elegant. There lovely dining area fireplace bedroom, nice kitchen area, ample closet luggage space, enormous bathroom wonderful spa tub sauna. Moreover, room stocked various treats refreshments (i.e., fabulous chocolate cake, freshly ground coffee, fresh fruit, etc.). Additionally, service excellent everyone extremely friendly helpful.Another nice bonus The Inn enough beaten path nice quiet area makes getting good night's sleep much easier Midtown. But, close Central Park also quick easy access subway street extremely convenient.Overall, absolutely fantastic stay definitely stay The Inn next trip New York!",0.2971662571662571,0.6243447993447991,Sep 25 2007
76,76,"This really special place My mom I New York 5 nights (4 Inn New York City) US Open. We started weekend Open tourist things around Manhattan spent last 3 days going Flushing Meadows. This place perfectly suited functions.I read reviews place I booked wondered could perfect reviewers say. The answer yes no. My first reaction didnât quite live reviews, time I left, I changed mind. No place perfect, positives place far outweighed negatives still deserves 5 rating Iâve given it. Reviews point details. Iâll probably give many! Iâll break sections: location, problems, amenities. LOCATION - I donât think get better this!â¢The location 71st almost West End. It dead ends beginning Riverside Park. You get great view Hudson end street. Because dead end, donât get much street traffic. â¢Itâs block 72nd subway pick 1 local 2 3 express. Using 2 3 trains gets midtown minutes. We used express trains get 42nd street station Penn Station ease. â¢The subway station junction Amsterdam Broadway really thriving place â banks, shops, fast food restaurants galore. It seems unreal middle hustle step onto 71st.â¢71st absolutely gorgeous. Itâs shaded buildings lots trees little gardens flower boxes residents. I didnât realize shaded I walked 72nd much wider sunnier.â¢Thereâs 24-hour Duane Read block away 72nd.â¢Fairway Market 3 blocks away. With kitchen accessories place has, real bonus significant way cut expenses. You feel like local shopping Fairway preparing brownstone kitchen.â¢Buttercup Bake Shop couple blocks away craving cupcakes. The vanilla butter cream great; red velvet great.â¢We picked M5 bus uptown West End 72nd and, man, incredible drive. You Riverside Park west Hudson gorgeous brownstones east 30 blocks. This one highlights trip.PROBLEMSâ¢The toilet paper really thin. I know sounds picky, would expect something nicer place like concerned details.â¢The towels worn threadbare. They huge, though, tell care made decision use them. They need replaced.â¢You hear guests walk around upstairs. Thereâs creaking floors (that drive away place), wasnât bad.â¢The shower head pretty functional. On positive side, hot water comes instantly plentiful.â¢The bed lumpy, I donât see could replace it. You couldnât get mattress staircase without taking staircase out. My mom suggested maybe foam mattress cover would even bumps.AMENITIESâ¢TV full selection (through 300 something) digital channels including HBOâ¢2 distinct living areas Vermont Suite become 2 bedrooms: bedroom queen bed bath downstairs living room sofa bed kitchen upstairs.â¢No street noiseâ¢Soft feather pillows even sofa bedâ¢The owner wonderful. She much little need her. â¢Fresh flowers upstairs downstairsâ¢Phone direct number, free local calls, voicemailâ¢There wood every where! The antiques place give beautiful touch.â¢You really feel like coming home every night. We came one night time guy level next door. â¢The a/c window, itâs strong! You move airflow ever want it.â¢The sheets soft queen bed sofa bed.â¢There lamps lights every where. You tell itâs intentionally set many reading spaces.â¢The amount food included every day amazing. I tried making list different choices stopped 20 leaving plenty. We made breakfast every day plus occasional lunch, part dinner, dessert. It cut expenses significantly helped price room.â¢We awoke daily dayâs New York Times.â¢The kitchen smaller I expected, well planned. We made meals actual meals boiling corn, eggs, etc. My mom strict low sodium diet, cooked many meals could control sodium intake. I know NYC famous restaurants, something pleasing come home enjoy leisurely dinner bonding dayâs events. This kitchen beautiful drop-leaf table really allow that.â¢The sofa bed really comfortable â almost point like real bed.This place truly like beautifully furnished apartment many extras incredible location. I know Iâm forgetting many things seemed like every turned yet another wow! reaction. Iâve decided I want come back next year already started looking another perfect place. Since I started searching late time, I thought I could find better place booked time. I able find anything equal combination amenities Inn, beauty accessibility UWS location, reasonable price.",0.2394893879268879,0.4889174482924483,Sep 11 2007
77,77,"Sophisticated Elegant Exceptional My wife I returned wonderfully memorable stay lovely Inn. The thought inn bustling New York City may seem bit incongruous, although Inn New York offers comfortable city stress, rustic country bed breakfast. Inn New York City offers graceful, elegant sophisticated ambiance, created great care generous spirit. The attention detail, tasteful original decoration, many thoughtfull touches make one feel exceedingly comfortable. The combination experiencing carefree convenience time feeling though one relaxing one's pied de terre, exceptional. This property exquisite contribution City New York, I say bravo job well done!Rex Michele Oppenheimer",0.4160812672176309,0.6951446280991735,Aug 31 2007
78,78,Perfection Nuanced Gentle Surprises! Our king-size bed soft firm. Sheets delicious. Gratis food drink everywhere. The suite huge. The bathtub would fit 7 couple. Took first bath together years ;-)The neighborhood excellent convenient everything. Ruth (the proprietor) attentive gracious. This worth price admission. Why stay Ritz Four Seasons much B&amp;B? Five Stars!,0.36730769230769234,0.6679487179487178,Aug 10 2007
79,79,"Outstanding every way When visiting NYC many places stay may seem best, certainly simplest, option settle chain hotel. Granted, better hotels lot different amenities offer time offer &quot;sameness,&quot; really can't tell NYC, Detroit, Peoria. But want something different, you? If so, I strongly suggest staying Inn New York City.As name suggests, right city, right west-side neighborhood. Located blocks seveal good restaurants (we liked Fiorelli's Luxemborg best) Central Park, Lincoln Center, Museum Natural History, Metropolitan Museum Art, MTA station, Inn NYC consists traditional multi-floor &quot;brownstone&quot; separated several rental areas. Notice I say &quot;rooms,&quot; area consists bedroom bath, instead unique area (be sure check website lots good photos each). Bottom line: want great location unique charm, place.We took 30 minute cab ride LaGuardia Inn ($30 + tip) greeted owner, Ruth, shown room. We stayed Opera room, located ground floor, others upstairs. Guests given set keys two front doors right 71st Street door area, immediately feels like staying someone's home rental property. Ruth daughter, Ellen, run Inn wonderful people truly seem want make stay be. Have questions need suggestion lunch shopping? They're right hall call them. To get around town, MTA station block away taxis plentiful.So, choices next time visit NYC: another room something different wonderful like Inn. Take advice make trip even better staying Inn New York City. The level comfort personal attention hard beat!",0.2996116565312994,0.5592536762179618,Jul 22 2007
80,80,"Inn New York City - The chilled side city! My wife I stayed Inn New York City week late May (20th 27th May). When first entering Vermont Suite, feel like transported little world. The duplex style suite everything need furnitured elegantly. With suite separate entrance feels like experiencing New York place Upper West Side.After spending days variety places around New York, always great get back peace tranquility place, freshening evening.I recommend place highly. The owners much little need, pantry refreshed everyday facilities first rate.What makes The Inn even better couple blocks away Central Park metro stop end tree lined street (so get around city easily). I would highly recommend $24 seven day ticket (or metrocard options) excellent way navigate whole area.With first trip New York, definitely back. We would definitely stay Inn New York City!",0.20905303030303032,0.5036126893939393,Jun 5 2007
81,81,"Superb stay Inn My husband I stayed Inn New York City April 3 nights. It special birthday present me. We Vermont Suite upon entering charming elegant. There many nice touches. The refrigerator well-stocked replenished every day. There delicious bottle white wine &quot;Best Wishes&quot; chocolate cake upon arrival. The service made us feel special. The bed comfortable I loved fact bed linen changed daily, including comforter. Housekeeping excellent! The Inn located quiet street UWS convenient 72nd St. subway stop. It felt safe walking area late night. One pleasant NY experiences getting Gray's Papaya hot dog one afternoon. The hot dog stand located 71st Broadway, street Inn. I love NYC! The people friendly warm. Elyn, manager Inn helpful professional. My complaint stay short. Loved, Loved, Loved Inn New York City!",0.3642537621109048,0.599738198309627,May 8 2007
82,82,"We loved Inn New York City We glorious time 2 night 3 day stay NY Inn New York City. All previous reviews say all. This great accommodation, owners staff friendly helpful stay. They went extra mile ensure short break memerable. We amend booking arrangements last minute dealt efficiently.We stayed Vermont Suite perfect us suitable people special needs young children two floor suite steep staircase.The location central downtown Manhatten real issues us used Metro 72 Street, provided speedy transport tourist attractions visited. We used daily Metro Ticket $7 - bargain!The Inn provided us treats beyond expectations.We definately stay again, hopefully longer next timeBernie &amp; Pauline - UK Chris - Conn USA",0.18819491911597178,0.4007290954659376,May 6 2007
83,83,"Exceptional ! Exceptional ! Exceptional ! We stayed week Inn New York City. It hard write review justice it.Comfort? Tops; Beautiful old house pristine order.Suites lovely real individual identity.Location? Great; close Cental Park, Lincoln Centre road, new Time Warner centre next it, city yours. We love walk subway 100yds.Price? Whatever pay bargain. I mourned The Drake since passed, finding Inn New York City makes worthwhile.The truth is, like staying favourite aunt happens live beautiful property, happening New York City. She favourite aunt know look you, cool enough let space want.My problem review this; place small, four suites, I telling you?",0.2773838383838384,0.6439494949494952,Apr 15 2007
84,84,"Surpassed wildest expectations Ruth team made stay wonderful experience. The attention detail, service provided, helpfulness staff surpassed expectations long way. This little Gem comes Highly Recommended. My Family, Friends stayed three available suites. So fortune viewing 3. Each one offers something little different, whichever choose disappointed. Perfect retreat days hard walking around New York. Close Central Park therefore wonderfully located. Thank Much",0.17264646464646466,0.5464141414141414,Jan 8 2007
85,85,Excellent!,1.0,1.0,Oct 7 2006
86,86,Always treat!,0.0,0.0,Sep 2 2006
87,87,A true gem!,0.4375,0.65,Jun 9 2006
88,88,Why stay anywhere else?,0.0,0.0,Jun 6 2006
89,89,Near Central Park Broadway,0.05,0.325,Nov 14 2005
90,90,Excellent,1.0,1.0,Nov 8 2005
91,91,The Definition Luxury...,0.0,0.0,Oct 6 2005
92,92,Wow!!! An absolute gem!,0.22265625,0.95,Feb 26 2005
93,93,Fabulous gem,0.4,1.0,Feb 20 2005
94,94,Excellent value,1.0,1.0,Nov 26 2003
95,95,Magique,0.0,0.0,Nov 6 2009
96,96,Merveilleuse adresse,0.0,0.0,May 6 2008
97,97,J'ai bien aimÃ©,0.0,0.0,Jan 24 2008
