,Unnamed: 0,Reviews,polarity,subject,Dates_extracted
0,0,"Disappointment I high expectations given reputation, really wowed architecture upon entering. Things went mostly downhill there. The staff lacked warmth willingness assist I would expect Four Seasons. This obvious moment checked in, got worse notified front desk hot water. They said would flip switch get hot water running, happen. When called again, finally sent repairman (rather simply send us room hot water). He still get fixed. After calling one time getting blown off, shivered rest visit (it snowing outside). Smaller issues, ones I would expect hotel: dirty dishes stacked abandoned tray next us restaurant; 45-minute wait room service bring granola coffee, explanation offered. The room big NY standards course location great, St. Regis Ritz-Carlton far superior terms appointment rooms service area.",0.08738095238095239,0.5451020408163265,0.5451020408163265
1,1,"Heavenly Possibly one favorite hotels I ever stayed in. I cannot rave enough service, location, rooms, physical building (designed world-famous architect). I would recommend anyone heartbeat... anyone wallet fat enough...",0.1,0.6285714285714286,Oct 5 2009
2,2,"Too much ""attitude"" better nyc choices I feel compelled write first time husband I stayed The Fours Seasons Hotel NYC found less expected. Our complaints minor, stay one &quot;best&quot;, expect level service. We stayed The Four Seasons Boston summer found magnificent, unfortunatley find NYC. Here list &quot;problems&quot;. We ordered breakfast Friday A.M. came piece hair cream cheese hair table cloth, Saturday morning breakfast arrived 15 minutes later time told would arrive. We wanted dine Nobu concierge told us could get us table 11PM. My husband called Nobu phone received 7:30 PM dinner reservation. On Saturday, asked speak manager relay unpleasant experiences. We prefaced conversation, thought know less stellar moments stay, expect anything hotel, except know &quot;heard&quot;. The manager said would someone follow us next day. No one ever did. If someone heading NYC, stay St. Regis 55th Fifth Avenue. There, find excellent service, stunning rooms suites, incredible food, perfect bell staff, accomodating concierge staff, agreeable front desk perfect housekeeping. We always stayed St. Regis never venture again. The St. Regis lacks &quot;stuffy attitude&quot; offers incredible service, always appreciate business remember name. Sometimes really need venture away truly appreciate have. On side note, want incredible cupcakes go CRUMBS 53rd Madison. Our son's favorite &quot;smores&quot;, love &quot;cookie dough&quot;.",0.372463768115942,0.5420289855072464,Oct 5 2009
3,3,"What location explore New York Our eldest started college New York, took little ones see would living also chance see New York.They saw usual attractions, including Beast Speed boat - crazy!!We stayed Four Seasons lovely - friendly - great location - good sized roomsThey recommended great little restaurants us eat great dinner kids experience full American breakfast !!",0.30154220779220775,0.5295454545454545,Sep 6 2009
4,4,"Lovely $Ouch The room without doubt lovely, bathroom possibly best I've every stayed. The staff friendly enough, bit stuck bar. We paid $750 night room. I'm thinking overall tad pretentious.",0.259375,0.5625,Aug 17 2009
5,5,"Good great This tenth FS property least favorite. I could understand FS could rate low TA, one stay may know middle-ranked. For price service flawless part staff held true this. The spa staff, concierge desk housekeeping department top notch. The front desk also fantastic job. However, doormen bellmen failed miserably nearly every arrival/departure hotel. I think living NYC requires grit, attitude gimic; FS staff give plenty that. Maybe I naive, over-friendly, optimistic country mouse, sure would nice least get greeting staff paying $1000 night.The one shocker spa located seven floors underground. A sinking thought bowels NYC. Ask fire escape plan arrival try settle relaxing massage pragmatic mind.Not worth asking price. Get half price twice service The New York Palace.",0.19051036682615632,0.5952684742158427,Jul 25 2009
6,6,"The Best City I've never disappointed stay hotel. The staff always perfect. The service typical Four Seasons, always need them, flaws. The bathroom huge, one fastest filling tubs I've ever seen hotel. The walk-in closet/dressing area HUGE. Lights dimmers every room. The curtains shades powered. The views Central Park city perfect. The front desk staff concierge addressed name every time I passed desks, always smile. The elevators incredibly fast. The location could better. The bed one comfortable I ever slept on.",0.36794871794871803,0.6230769230769231,Jul 6 2009
7,7,"First Rate pricey Very comfortable, luxurious rooms. Not fancy, extremely well appointed comfortable. Prices bit silly, especially food beverage, top heap New York.",0.14767045454545452,0.7453598484848484,Jun 29 2009
8,8,new york new york great location. Close central park. Close shopping. A quick taxi time square. Rooms clean roomy. staff nice. Be prepared cost drinks food.,0.36467532467532465,0.5870129870129871,Jun 7 2009
9,9,"Fantastic location fantastic staff fantastic I arrived extreamly early, 6am. Thinking I would leave luggage see New York getting room. But I wrong. Upon arrival, I greeted Doorman, luggage taken away walked Front Desk. Once I gave name, it, nothing else needed. Due time arrival, room still occupied, kind enough upgrade beautiful room (1006). This room balcony, New York rare, huge walk closet. The bathroom splendid. Internet dead cheap, either $10 $20 24h cant quite remember. But connection fast. The cleanliness 100%.All staff I came across nothing polite welcoming. To point I even pleasure meeting Mr. Sharpe (Founder &amp; CEO Four Seasons) front desk.The fall, small thing, room service I ordered Lobster Spagetti, honest, Lobster tasted frozen. Very Chewy hard get through. But everything else whole stay New York blast didnt bother me.",0.18346930846930845,0.6488150738150739,May 30 2009
10,10,"PERFECT - We back 4 night vacation Four Seasons Manhattan. We considered many places (Mandarin Oriental, The Peninsula, The NY Palace), rates advertised substantially lower FS, glad finally stayed there. Business US currently, low season starting NYC, hotels big rebates. This FS policy. They packages instead, bring tab obscenely expensive something affordable. Taking advantage &quot;Stay Longer&quot; package (stay 3 nights, pay 2) + one week-end rate, Premium Deluxe room set us back $850 nightly, plus taxes.CHECK-IN extremely prompt smooth. Our request get highest available floor, best possible view well taken account, within category booked. Room 2901 29th floor, boasted roaring view Central Park. We glad book Tower Parkview Room, would cost $300 extra per night. Our luggage brought couple minutes. Great bellman, welcomed &quot;back&quot;, perfetc tour room.The ROOM extremely large, especially NYC standards. Typically Four Seasons, meaning really recongnize city looking room. I stayed 7 years ago, room aged. It updated flat screens TVs room bathroom (huge channel selection). Spotlessly clean, plenty storage, great dressing area. The highlight bathroom fast filling tub, truly fill minute. Eventhough I know used previously, caught off-guard. View awesome : Central Park north west interrupted The Pierre hotel, city views north east.SERVICE perfect. They take expectations account, go top please you. I called reception standing request 4 bath towels given time, ample toiletry supply. I could started towel toiletry shop end stay ! They noticed I put floor third bath rug. They replaced 2 small one single larger version. Evening turndown would blankly respect privacy sign, slip note door instead. They came notice.Our request later check-out time graciously met : offered 4 pm c/o charge, less needed, expected. They stored luggage, enjoyed Spa facilities shower heading JFK, charge.Doormen open doors ; never miss spot way out, greet smile kind word. Well, many NYC high end hotels, keep busy counting tips instead.Overall AMBIANCE high end hotel. Stepping spectacular lobby, marble high ceilings, welcome relief noise, hustle bustle city. It mostly caters corporate people, crowd behaves, shout out, well groomed. Even flip-flop types, not, would feel comfortable walking around relaxed outfit.FOOD : tried breakfast once. &quot;57&quot; fully booked, redirected us &quot;TY&quot; across lobby. Spectacular settings, great service, corparate crowd &quot;strategizing&quot; &quot;needing restrategize&quot;. I overly impressed food selection. We went Park Avenue menu. At $40++ p/p, featured coffee juice, 2 pieces toast, coupleof eggs style 3 strips bacon. I acknowledge right rate FS ; quality good ; deliver right quantity : scarce side us, especially day walking city.We breakfasts Norma's @ The Parker Meridien, short 10-minute walk west 57th street. For similar price, unexpected menu selection, outstanding quality quantity, somewhat noisier stepped dining room.We enjoyed bar. Good drink selection. We love settings : many armchairs around tables, settees aroung coffee tables. Highly rightly priced, kind place : $8++ Coke, $22++cocktails.OVERALL loved place. We sad leave, would go back time. Could improve ? Hardly. Well perhaps rates, fresh flowers room, bottle water evening turndown (which locations) would hurt. And would go bankrupt !",0.2362354938271605,0.5446209876543209,May 27 2009
11,11,Four Seasons New York - Worth ! I recently stayed Four Seasons NYC I really enjoyed !Really good location brings close everything need New York.For excellent dining experience also try TAO right next hotel.Highly recommended !,0.362049062049062,0.45497835497835504,May 6 2009
12,12,"elegant worth every dime three day business trip. Took wife along ended uo staying three days business convention done. Took shopping, blast!Highly recommend benz bed package, Newyork crowded overrall great time romancing eachother reminder days. Fine cuisine, excellent staff.",0.530952380952381,0.5928571428571429,Apr 15 2009
13,13,"big rooms good food good location...not great kids I took daughter NYC shopping. She toddler I researched hotels looking family friendly one.This claim family friendly.All fantanstic...except room service great..often forgot small items &quot;child menu order&quot; spoon could actually fit mouth, sippy cups, breakfast area morning, lovely, filled primarily business professional. We real stand out.The crib room large, provide nice kid set shampoo, baby wash. diaper genie provided dirty...yuckOverall, I would stay again..but maybe try different family experience",0.32120535714285714,0.5267857142857143,Apr 1 2009
14,14,"Great Room Awesome View Good Service My husband I stayed 2 nights January. We late twenties. This first experience staying Four Seasons Property. We visiting one Bora Bora May 2009. The front desk professional friendly. The bell boy gave us thorough run room. We 45th floor great view Central Park. There nice bottle Champagne chocolate covered strawberries room arrived.We order room service use spa. We city time. The room clean functional. We needed iron brought promptly replacement hair dryer requested.We loved bathroom tub filled 60 seconds. In 2 days husband took 4 baths! Imagine that!Overall great stay Four Seasons, sure would return since many great hotels NYC neighborhoods would love experience.",0.3735507246376812,0.6227053140096619,Feb 4 2009
15,15,"Typical Wonderful Four Seasons We stayed Four Season New York three days prior trip Anguilla, another day way back. The typical Four Seasons --- impeccable service, great bar food, wonderful rooms. The concierge service among best ever utilized Four Seasons. They got us best restaurants short notice, easily arranged limo service, even handle getting prescription filled. Emmanuel get raise!The bar terrific made great people watching. Plus, martinis sensational. The workout room spa satisfied needs.The rooms good ever, views 49th floor unmatched. Chris, bellman, done us. A special thanks Liz help getting reservations taken care of. I think I would ever consider Four Seasons subsequent trips New York.",0.4218614718614719,0.5588207792207792,Jan 29 2009
16,16,"Great Hotel...some issues I stayed New York many times far best! The room amazing lots space light pouring directions. I could lived bathroom big! And flat screen TV counter, I soak tub watched news every morning! The lobby grand impressive I loved lights focused right concierge desk. The bellman gave us great suggestion go Carniege Deli lunch one day..WOW!! We brought back half sandwhich.Now negitives...The front desk cold felt like could approach them. I know professional New York attitude shining through. The bartenders also straightfoward, chit- chat make drink move on. And paying $20 martini expect little smile least. Other cold welcome particular areas great.",0.2683818413729128,0.5462430426716142,Jan 12 2009
17,17,"Fabulous Stay! Our stay FS - NY absolute perfection. Liz, executive assistant regional VP FS, came greet husband I checked - personally escorted suite - overlooks central park many high rise buildings. I shopped Chanel, Dior, Jacob &amp; Co...and delight, everyone aware I coming shop I greeted Chanel champagne Dior handbags I looking awaiting me... My hubby I came back FS evening, since bday, favorite cake fruit awaiting us... The next morning...It late night since NYE guest manager called asking us would like late checkout much needed late night out! The service spectacular rooms immaculate cozy especially NYC. This def much better service oriented Beverly Wilshire. We def staying again!!",0.1619078947368421,0.5499999999999999,Jan 1 2009
18,18,"One Best Hotels New York The Four Seasons New York lives FS standards. We arrived LaGuardia via limo greeted name smiling faces place never stayed before. We early therefore naturally room ready, offered us complimentary drink The Bar, five minutes told us room ready. We decided first adjorn L'Atelier de Joel Robouchon (hotel's signature restaurant) lunch going room. The room (actually suite) spectacular. On high floor views city Central Park. The bathroom one nicest I ever seen. The Spa gorgeous rest hotel, five floors ground though tad scary going it. My masseuse great massage really relaxed me! 57 another good restaurant Brunch Sunday breakfast once. The excellant location (across street Turnbull Asser 57 btw. Madison Park) You close good restaurants shopping)I would definatly go back future!",0.2602350780532599,0.46174150596877866,Dec 24 2008
19,19,"Bare Feet Restaurant! Well, normally eating breakfast FSH great experience apparently dress codes changed. This morning -- Sunday, December 21, 2008 -- four us sat right next guy ugly shirt, wrinkled pants AND BARE FEET. Yes, read right. come restaurant shoes take off, came restaurant shoes spread across floor everyone could enjoy feet. NO ONE AT THE RESTAURANT SAID A THING TO HIM -- NOT THE CUSTOMERS -- IT'S NOT THEIR JOB -- BUT NONE OF THE STAFF OR MANAGEMENT EVEN APPROACHED HIM. As I left, I told one staff I waiting shirtless Sundays. Really, really, bad form $250 breakfast. Guess The Four Seasons really needs business.",0.0679945054945055,0.4144688644688645,Dec 21 2008
20,20,"So disappointing We world stayed many Four Seasons. The New York Four Seasons even league fellow FS hotels. You expect absolute cleanliness, minimum, FS property. Not case NY. The carpet hallways dated, stained, sewn places 15th floor stayed. The air stale, filled old smoke filled room smell. Our room needed thorough dusting. Let's frank, got money stay FS, home probably flat screens, big bathrooms, nice furniture lighting. Why leave home leisure time get superlative experience personal attention, perfect cleanliness, bit pampering? If looking kind experience Four Season property, go Jackson Hole Vancouver spots. We'll stay Peninsula Ritz Carlton next time.....Probably Peninsula pool new spa opening couple weeks. How sad........",0.15514354066985647,0.5557416267942584,Dec 14 2008
21,21,"Completes Four Seasons chain I booked hotel's website. Simple easy. From leaving limo front, someone take bags another open doors. The Four Seasons always perfect service.The lobby beautiful marble-look feel. It reminds calm, cozy coffee shop hotel-style. Check-in simple went straight rooms.There pool though, kind disappointment. But, spa lavish staff extremely friendly. I've stayed many Four Seasons definately top 5. My favorites include Las Vegas (quiet sanctuary crazy city), Miami (relaxing atmosphere ocean), Bora Bora (cultural journey), Beverley wilshire (classic stay). NY completed pack (sophisticated warming)",0.19999999999999996,0.5677437641723356,Oct 25 2008
22,22,"Classic perfection modern setting first rate amid hustle bustle NYC, thoughtful (umbrellas guests take rains) great Restaurant.Rooms picture perfect.",0.4694444444444444,0.5083333333333333,Aug 25 2008
23,23,"Pure Perfection Let start saying expectations surpassed 2 night stay. It Birthday weekend I greeted wonderful cake bottle champagne room. The room immaculately maintained, spacious, quiet clean. Yevgeniy (the bellman) assisted luggage, wonderful job going everything room. He kind efficient. The hotels restaurant nice, amazing food, one kind chef Nick who's star! He truly knows wow people; level service, friendliness, professionalism all. My friends I treated like royalty. All service impeccable genuine; perfect balance formality familiarity. Thanks everything!",0.5579251700680272,0.7702380952380953,Aug 16 2008
24,24,"Fabulous Weekend NYC My husband I celebrated anniversary weekend stay Four Seasons New York. It indulgent treat many ways - beautiful spacious park suite, luxurious room amenities, incredible view...all signs great hotel. Another sign - gracious attentive staff. The spa staff, bellmen, front desk, concierge, room service, housekeeping - deserve high praise. It wonderful experience start finish. Next time, perhaps we'll chance try restaurants. On Saturday night, opted one closeby (on 61st) called Aureole, phenomenal. Thanks concierge suggested it.",0.44259740259740266,0.6424675324675325,Aug 4 2008
25,25,"Everything works Four Season NYC I pleasant stay July Four Seasons New York. At arrival got upgraded room balcony, wonderful, although floor 10, traffic noise bother.In-room breakfast delivered quickly deliciuos. It actually nicer eating breakfast reastaurant, bit crowded.Location good indeed, many things within walking distance. Consierge services impeccable. I problems charging mobile, took care it, book us table restaurant Village nearly impoosible get table in, many ways able help polite friendly attitude. Very professional!I impressed spa services though. The spa area nice tidy, though. And late flight, allow use spa facilities whole check day, nice.I feel front desk staff also frendly efficient. If want everything work fine like trust &quot;my help this&quot;, go four seasons nyc.",0.39974527887571354,0.5727580149319281,Jul 25 2008
26,26,"Perfect location We stayed last December exceptional stay. Spacious room, masses wardrobe space, huge perfect bathroom, fantastic views helpful staff &amp; concierge Ive ever met. It fantastic location - absolubtly everything good be.Only negative - Joel Robuchon restaurant, food wasnt bad portions tiny despite ordering twice reccomended amount didnt stumble across single dish would rave about. Not disaster - abundance better places about. Wouldnt go back Atelier - would return anytime.",0.2778273809523809,0.5779761904761904,Jul 20 2008
27,27,"Not Great !!!! Really poor normally excellent chain hotels. Rooms although big uncomfortable hear everything hallways. Rude reception staff, I obviously big enough mover shaker them. I return far better hotels stay in.",0.03636363636363637,0.6045454545454545,Jul 17 2008
28,28,"disappointment... Stayed four nights FSNY June 2008. Check quick taken room front desk rep. A good start. The room dated best. The bedspread needed replacing put away rest stay. The room furnishings worn (leather chairs scratched, etc...) The bathroom peeling paint ceiling shower handle fell call maintenance fix it. The terrace much mold floor (Room 705) could outside without shoes on. The terrace table covered dirt unusable. Weeds growing corner terrace.Room service late every time even include water. At prices, dirty tablecloth room service tray acceptable. Our hallway full marks luggage, etc.. needed repainting. Housekeeping good. Bathrooms dated general. There room lobby sit unless eating one restaurants. Location great, house car (a silver Phantom) lucky enough snag it.This league Mandarin St. Regis. The service maintenance there. The prices par best New York Hotels, however.",0.21930415263748598,0.46398709315375974,Jun 25 2008
29,29,"Save Your Money!!! Not Worth It!!! I stayed Four Seasons New York 2 nights, I say is....Don't ever stay here. I thought worst Four Seasons Worst I ever stayed in. My room spacious, dirty, wood lamp room peeling cracked, paste substance I know came cracks sofa. The management help. They offered small discount, price I paid, $900 night, least worth it. The staff helpful. All merely apologize it. The lobby nice clean food decent, judge book cover hotel.",-0.19777264835858588,0.5934343434343434,Jun 25 2008
30,30,"Will never go back We returned two day stay Four Seasons Manhatton. It worst 5 star experience I ever had. I would stay room free.Upon arriving room, discovered room reserved. We called manager, said nice room. I told nice room certainly room requested promised. It small room (called suite). The living room, dining room bedroom one common space. And, common space big. This room cost $2995 night.When asked room specifically reserved, told room available---it given someone else. However, like used car salesman, manager said could room sort like reserved additional $1200 per night. I never felt violated life. Shame Four Seasons.That bad start, got much worse. It 95 degrees outside. We noticed hot room reported front desk. They said, problem fix it. By bedtime first night, 88 degress room sleep much all. The next morning reported problem three times left day, confusion problem. We returned room 11:30 PM evening find room 88 degress again. We called manager, said &quot;that corrected earlier&quot;. At time I asked please come room see himself. He did, appalled A/C working. Somewhere around 1:00 PM, air conditioner working. We 9 AM filght next day, much fun. Aslo, time, also discovered housekeeping cleaned coffee pot (day old filter coffee still coffee maker). And, housekeeping neglected leave single wastecan. Our simple requests plenty extra water ignored day.There several things wrong, would take hour explain experiece.I think since new ownership, trying cut corners expense customers. They also seem falling accomodate foreign customers fine. I American, stay appreciate domestic travelers.I never stay Four Seasons (certainly NY). They overpriced deliver service justifys price tag.Gary W.",-0.0859338280766852,0.4084501213072641,Jun 8 2008
31,31,"Start Spreadin' The News--This best NYC The quintessential NYC experience. We 44th floor views incredible city and, specifically, Central Park. I simply bad service experience four seasons hotels exception. Nice people, going way make us feel important welcome experienced here. Our room large tastefully decorated. The tub filled 50 seconds. The large head shower like showering waterfall.The location wonderful short walk Central Park 57th, 5th, Madison Park Avenues.The buzz important place investment bankers lawyers prevalent lobbyists DC. The clientele also cosmopolitan set corners world.There swanky bar serves cool drinks and, NYC, one feels like cool days.The surprise upon checking in, given $100 towards breakfast seemed deal. When I received bill, eggs bowl fruit two adults two little kids came $200. My breakfast become expensive meal!Other that, great stay we'll back return NYC.",0.26804846938775506,0.5806972789115646,Jun 7 2008
32,32,"One night enough ... I wish could stay longer, living NYC staying hotels something we're condition hail cab dinner (hotel's L'Atelier de Joel Robuchon exceptional) :-DEverything check-in room service concierge assignments flawless. Our room, corner City View Tower Room, spacious one night, we'd probably prefer something tad bigger staying extra nights. It spotless bright, UES views 37th floor. As always, everything requested stay delivered instantly I anything negative add even anything suggest make place better. I doubt we'll ever get experience NYC location one night, that's it'd possible review property bit better, stands right now, stay perfect.",0.2742577030812325,0.611904761904762,Jun 2 2008
33,33,"Wonderful weekend stay Just returned weekend wonderful Four Seasons Hotel, New York City. What's best hotel? Fabulous location, beautiful physical property incredible staff service. We truly enjoyed oversized rooms, amazingly comfortable beds sheets glorious bathrooms. The flaw experience charge $8 per page print boarding passes...insignificant considering bill stay, but, irritating nonetheless.",0.4821969696969697,0.7581168831168833,Jun 2 2008
34,34,"Fantastic always..... As usual, stayed The Four Seasons way back The Hamptons. Great service always, really made stay special helped us find &quot;special protection company&quot; NYC help us get around. The company worked seamlessly catering special protective needs. Since chauffer / bodyguard unavailable weekend due family situation. I like travel w/o protection family. So, contacted company called &quot;Verdad Investigations &amp; Protection, Inc.&quot;. Apparently used before, evidenced professional services. We dealt wonderful man named Sean Noonan (Executive VP Verdad). He attentive needs quite frankly, would use services NYC. The even worked directly concierge services. A great experience, always. --Preston",0.28595238095238096,0.4811904761904762,May 31 2008
35,35,"Four Seasons NYC best world bar none I booked two rooms wife's 50th birthday, one love I, one three children. Since, close NYC, opted use Airbrook limo services get back. The reason parking Manhattan, especially valet parking extremely dear. We actually saved money using limo service.Our experiences Four Seasons began Philadelphia. One daughters university there. We decided spend weekend Four Seasons philly, move-in satisfied, place stay philly.ManhattanThe second arrived, treated like honored family. We observed people took excellent service due. They were, opinion, snotty, self-indulgent rude. We actually saw older couple wearing His Hers mink coats, LOL. Through all, staff always best.I booked balconey suite, though January NYC. At check in, offered 50th floor south suite. This one spectacular rooms world. I'm sure 51st Penthouse 52nd floor superior. But views cannot better. I say again, cannot better city view world. We could see flashes cameras Empire State Building observation desk. The east balcony views ranged Conn. statue Liberty. The west balcony views Alpine Long Island.ServiceSuperb, fantastic, else I say. My wife received extraordinary birthday favors delivered room. Champagne, chocolate covered fruits, robes, slippers, heated bathroom floors. etc.By way, tub sign says fill 2 minutes Does!RestaurantL'Atelier, need new mortgage eat here, well worth it. We foodies truly enjoyed tastings dinner.The concierge arranged pre-theatre dinner Rainbow Room (tourist trap) wanted. It easy reservation procure, especially day.On hand, I'm smoker I spent alot time hanging doormen outside. They epitome real caring New Yorkers. All staff superb, impressed level service.My kids want list stars famous people saw met here. I'd say I saw guests. Then again, I'm dummy.No better place city world.Unless company, prepared indulge love life. She worth it, mine.",0.2920014094432699,0.573596429410383,May 9 2008
36,36,"enjoyable splurge I stayed 3 wonderful nights late last month using certificate free 3rd night Four Seasons graciously sent me. I stayed 10 years ago little seems changed public areas. The former 5757 restaurant hot L'Atelier de Joel Robuchon, TY lounge unused space before, area opposite reception area, small art gallery rotating exhibits. The modern, designed I. M. Pei, built ground up. The entry/lobby grand, high &quot;wow&quot; factor. Service top notch.I given considerable room upgrade deluxe premium--a corner room 24th floor (out 52 floors) huge windows 2 sides. The room quite large seemed sparsely furnished really lack anything. Lines clean, modern, simple. The room dressing area paneled blond wood, bath marble, tub really fill 60 seconds widely touted.My package included breakfast--$100 could spent anywhere. Breakfast served 3 venues downstairs, plus there's room service. Needless say, everything expensive, $100 adequately feed 2 people. The spa/fitness center, 4 levels ground, smallish needed amenities--spa, steam room, sauna, etc.I shoulder problems, able sleep well here--great bed! Given luxurious surroundings, plus included breakfast, I found I get city nearly early prior NYC visits. I leave 10 am, good 2-3 hours later usual.It well known NYC high room rates, Four Seasons surely one expensive, thoroughly enjoyable, decadent splurge.",0.16142346938775512,0.4713873771730915,Apr 23 2008
37,37,Poor service - especially given price Staff even know two breakfast locations! We made reservations meet friends. We asked breakfast served.Told one place reservation. Meanwhile friends waiting second location - reservation name.At exhorbitant prices Four Seasons charges staff knowledgeable better trained reservation show suggested alternative location.And despite leaving phone number manager called explain embarassing snafu. The Four Seasons prides superior service failed miserably.And breakfast good used either.,0.16666666666666663,0.6000000000000001,Apr 5 2008
38,38,"Luxurious Break (but wallet!) Yet again, lovely weekend wearing corporate wife hat. I'm trying sleep way around Four Seasons chain - girl ambition! (NB Same husband though) We corner room 21st floor - lots room, much furniture. Felt bit empty first got used space while. Bed wonderfully comfortable, comfy sofa tables, desk etc - although worn patches sofa (tut tut 4S - less perfection).Being typical Brit I desperate tea morning. No room facilities, Â£11 cuppa... I twitching I flew back.The bathrooom - fabulous! Big deep bath - filled 60 seconds. Lovely soap &amp; stuff (sorry guys, kept pinching night I lots take home). Big wonderful shower. Fluffy fluffy towels. I know irresponsible, I bath every evning!Staff soo friendly. Breakfast wonderful (but cheap) emphasis quality, quality. But American hotels get hang making tea???Tried spa (told I playing corporate wife) - pleasant surroundings, friendly staff, bit $$, even Londoner!Convenient location - I'm great shopper that's thing, love 4S. Easy wander Central Park bit greenery, museums.Would happily return - even pay myself!",0.1485079365079365,0.5099206349206349,Mar 14 2008
39,39,"Winter wonderland This really fantastic hotel. We upgraded arrival (thanks!) room absolutely huge. Previous stays NYC generally involved tiny rooms, time. Saying that, eye-wateringly expensive. One grumble. When ordering cheese tomato omlette breakfast, I would thought could source better cheese &quot;Squeeze Cheese&quot;. Yurgh. One final thing, concierge master!",0.10370370370370371,0.5962962962962962,Feb 25 2008
40,40,"A perfect stay! Just arrived Four Seasons New York loved it. At arrival, received better room one reserved. The reception gave us room #2805, 28th floor, facing 57th St.Woowww!A corner room, view! As advice, observe 24th floor, buildings heights face.Check photos. A pair windows make room full light.It closet, big bathroom.The service quick concierge veeerrrryyyy helpful.The negative note breakfast, either room value pay for.Certainly, recomend return hotel, stayed 6 nights.",0.3007196969696969,0.5829545454545455,Feb 15 2008
41,41,"Incredible rooms wonderful We wonderful time Four Seasons New York. My boyfriend I spent 2 nights late January, perfect location looking top line shopping incredible restaurants (not mention Central Park!)The rooms huge -- I could believe size NYC hotels, even 5 star level usually smaller side compared rest world. But room definitely top line -- comfortable bed, amazing pillows, flat screen tv also flat screen bathroom. The bathroom huge clean, well appointed to. The bathtub fills 60 seconds best tub relaxing bath. The bar serves great drinks (at $22 drink), great menu choose from. The front desk personnel professional, doormen fun talk to.I would definitely recommend anyone looking luxury, relaxation, tons entertainment right outside door.",0.38174087816944974,0.5567949907235622,Feb 12 2008
42,42,"We can't get enough Four Seasons We stayed Four Seasons NY, son's birthday celebration. It's hard like place, pamper endlessly, even celebrity.During Christmas season, there's &quot;beany baby&quot; tree lobby, kids get pick every meal, walking by. (The owned Ty Warner, creator Beanie Babies)We always opt include breakfast rate, eat extra 60$ charge include it. There stay 2 nights, get 1 free, almost made reasonable cost.The location great looking stay near park, shopping extremely close well.Whenever afford , four seasons St. Regis us!",0.10300925925925927,0.6046296296296296,Jan 24 2008
43,43,"Beautiful Hotel wireless internet? Hotel asian flare. Expansive Lobby comfy beds. Doormen Concierge world class. But still wireless internet. How possible 5 star 2008? Our closet size first apartment. If like spoil yourself, stay Four Seasons visit spa plan curl bed get work done. You hard wire Ethernet desk. 600 threadcount wireless = Above Average.",0.09404761904761905,0.48214285714285715,Jan 13 2008
44,44,"Astonishing Palace - Wonderful Four Seasons Wonderful stay Four Seasons Hotel New York far finest Hotel I ever stayed in. My experience amazing I value physical features Hotel (including interior exterior design/architecture) well quality service I received staff, commencing doorman arrival. The Hotel 52-story building premier location 57 East 57 Street, Park Madison Avenue. For reasons â masonry building punched windows â reflects perfect tradition New York fits gorgeously, whereas different way stands alone: flat building light limestone cascade creates inviting scale main entrance. At corner set lantern night create invitation outside. The light honey colour limestone tower gives sense well inside surprise. LobbyImpressive, high ceiling columns, onyx limestone composes foyer open onto terraced lobby lounges sides. On one side 57 Restaurant side TY Bar. Front Office/ConciergeThe reception located past Conciergeâ desk, front main entrance. Staff excellent â kind prompt friendly â always come smile. Check-in quick although Hotel fully committed wait room ready. With Concierge arranged couple sightseeing plus booked 2 dinner experienced insightful knowledge. RoomLarger average Deluxe Room, even NY standards plenty space comfortable sitting area divan, armchair â seating 3 people large coffee table. The FS beds marvellous world, I would love buy one home. There large oval table serves either working desk either dining table. At desk cable Internet connection, printer/fax/scanner disposal electrical devices laptop. The table faces huge glass window, overlooked bustling 57th Street. Even staying top floor â 28th â would definitely enjoy stunning views city. UpgradeOn seventh last night, upgraded enormous 93 square metres studio-one-bedroom suite 50th floor (see picture). We enjoyed breathtaking views Manhattan either day night also private terrace â unfortunately - cannot take advantage tight working schedule. All baggage packed unpacked room move, authorize that. BathroomHuge full marble bathroom ample space. Features: englassed walk-in shower separated bath-tub really fills-in within 60 seconds, promise â perfect last minute relaxing bath long day work sightseeing. Luxurious Bulgari Amenities replenished twice daily. Excellent turn service per picture nice touch plasma TV screen.RestaurantsWe dine outstanding lâAtelier de Joel Robuchon experienced excellent service. The ambience sophisticated elegant yet casual. The kitchen open onto dining area see Chef work, basically meaning word âAtelierâ. The dishes tasteful â even French cuisine fan â presentation top notch. You even choose less formal dining options Express Menu enjoyed fairly reasonable price USD 54. If looking something less ambitious 57 Restaurant good well overlooks main lobby. Great business breakfast and/or lunch. At TY Bar choose among wide range Martinis appetizers cocktails. This facing main lobby too, nice fireplace. Breakfast:It buffet, course, choose among sophisticated combination cold hot dishes according low fat diet, choose Breafast Menu American/Continental/Japanese/Central Park: I loved Central Park Menu also tried Japanese one finest grilled salmon green tea I ever tried. All approximately USD 30, except Japanese USD 47, much included. One breakfast menu sufficient 2 persons even three. Fitness Centre:500 square metres space daily routine complimentary juice/water cut fruits. A wonderful experience start end day city, better combined Spa. Spa:Whirlpool, Jacuzzi Turkish bath perfect relaxing tranquil environment. Did massage/treatments cannot judge quality service certainly overpriced. Negatives:Do swimming pool spa area needs much air open spaces. Room featuresI would chosen parquet floors, instead carpets, give much elegance room fittings. Room Service:Overpriced, fact dish inclusive service charge, delivery charge, 17% tax sales tax - course - tip waiter. If budget, go la carte breakfast restaurant. Business Centre: fee expensive (i.e. 10 USD access + 1 USD per min + taxes) therefore, 1 hour checking e-mails printing pages comes 70 USD. They charge offer complimentary.Overall experienceThis definitely place stay New York City.",0.2746825743700744,0.5761186036186037,Jan 13 2008
45,45,"Wonderful service Four Seasons I stayed three nights December husband, business. The room wonderful, closet space bathroom enormous nothing I could fault apart fact seemed housekeeping schedule left room 3.30pm day. It really quite annoying come back morning find room still done.My complaint portions anything room service enough two three people felt like terrible waste. I expect though would real plus lot people.Apart late housekeeping service really quite outstanding. I treated like valued, long term client despite first stay really made want go back - soon. The main restaurant Joel Rebochon wonderful home Monaco good New York. I ate lunch dinner - highly recommended!The price tag high ($1,100 per night) serious value money.",0.09873917748917749,0.5042099567099566,Jan 4 2008
46,46,"Disapointment + We decided give try many reviews, write ups quite frankly, Four Seasons name. What disapointment! First all, make sure room high - modern - street noise terrible. We checked room 7th floor - long, narrow, sterile, average furnishings, bedding. The nexy day front desk accomodate us move - however, asked move happen would rushed get ready event returned - done, wait bags, heard sorts excuses. Skip room service - arrive stated time, time one cold eggs (nice job $100/breakfast two). The business centre total ripoff - $10 log $1/min. The location great shopping. The gym great (the ONly really good thing hotel).Although Penninsula perfect - least value stay - also roof top bar loads fun summer. Will take business back here.Obviously Four Seasons chain keep &quot;standard&quot;. The George V amazing, call Whistler Four Seasons home away home - New York, disapoints.",0.16285454545454545,0.6026707070707071,Dec 17 2007
47,47,"ummm?? Good location, average room huge price tag. If gonna spend kinda money night, NY better hotels offer.",0.3625,0.6,Dec 13 2007
48,48,"Not expectations I big Four Seasons Fan, stayed many hotels. I stayed NY property business trip disappointed. The room I first assigned oddly configured extremely small (even NY standards). I asked different room, graciously moved, new room lacked charm. I found cold unwelcoming. It also dark evening, even I lights made difficult work room.Please take wrong, still Four Season location. The staff wonderful, clean definitely luxury hotel. Just I compare properties city class (ie The Peninsula), I think Four Season team could done much better (and does). If want see done right, visit Chicago property (or better yet, Maui one).",0.02260389610389611,0.5521796536796537,Nov 17 2007
49,49,"Expensive New York Favorite I stayed Four Seasons New York 5 nights November, 2007. This probably 6th stay past 5 years. Room rates restaurant prices increased stay expensive. However, remains favorite New York. The facilities service outstanding location 57th Madison &amp; Park. All staff encounters highest level. Rooms large spacious.There rooms per floor rooms quiet. There little muffled street noise, sounds adjoining rooms. You usually elevator yourself.I ate second time L'Atelier restaurant expensive adventure gourmet tastes.Convenient Lexington Avenue subway 59th &amp; 53rd Street stations.As indulgence, hard beat.",-0.0356391293891294,0.5655988455988454,Nov 15 2007
50,50,"Great know expect This great one put anyone [deluxe] New York state mind; I.M. Pei made sure feel like Bruce Wayne public rooms. The service rest expected better, Atelier restaurant worth extra star foodie.Rooms: If expect view need spring upper floor rooms. Know square footage larger corner rooms long clear 20-25th floor, view basically much higher building; becomes question improved view vs extra square feet. If family three room, definitely go larger room &quot;downstairs&quot;. Toddlers love rooms windowseats, hiding places, everything padded except coffee table.Having said that, I've found I'm comfortable low-end &quot;superior&quot; room ( one previous reviewer found facing wall) ((the ones facing west better)). My reasoning unless I'm smack park 50th floor, I'll pass view go comfort - layout rooms side building great separate walk-in closet bathroom either side entrance hallway. Check floorplans offered 4S website more.Cheapskates like truly delight buying water etc across street 58th street-entrance Duane Reed, EXCELLENT coffee shop next called &quot;Oren's&quot;.",0.258989898989899,0.4478367003367003,Nov 11 2007
51,51,"Not worth money... My overall impression quite simply worth $1200/night price tag. - The rooms comfortable, basic decor unimaginative lacks luxurious touches expected sort (there cushions sofa, complimentary fruit water room).- The check disastrous. One rooms ready yet, taken member reception staff drink lounge. We left standing entrance 5 mins whilst receptionist ensued lengthy debate girl desk bar sit drink busy (they weren't); situation could handled much better someone taken charge. We taken way back bar charged drinks (any 5 star would given client complimentary).- I asked concierge adapter (as half party different room), took 2 phone calls hour get adapter us).- Our room turned second evening stay.- The first morning booked breakfast concierge half hour advance, went breakfast restaurant told us booking.However, hand:- The rooms large great views.- The lobby fantastic I think I ever seen one rival it.- The location shopping unparalelled.- The breakfast fantastic.- If overlook inefficient service, realise warm friendly.",0.05852534562211982,0.3858678955453149,Oct 22 2007
52,52,"Absolutely Fantastic Hotel! This far beautiful every stayed in! What fantastic property! Our room incredibly comfortable, clean &amp; decorated great taste. The closet leading bathroom spacious bonus. We really enjoyed stay &amp; would highly recommend anyone coming NYC.They helpful booking us dinners area restaurants &amp; providing transportation Broadway show.We definitely stay again!",0.4188888888888889,0.7158333333333333,Oct 7 2007
53,53,Four Seasons best NYC! This beat! It beautiful property. Location great. Service impeccable! If afford it...do it!,0.9125000000000001,0.7,Sep 18 2007
54,54,"Best Hotel NY Stayed Labor Day weekend. This phenomenal! Everything perfect here! My girlfriend I went girls weekend stayed beautiful room overlooking 57th street- spacious simple. Bed extremely comfortable bathroom huge! The booked ( US OPEN) would never know never saw anyone elevators lobby. The concierge service best world. Misty Shores, concierge incredible. They got us every single restaurant every time. Darrell doorman sent us theatre Rolls. Truly VIP service! I would stay every time I could",0.5623376623376624,0.6253246753246754,Sep 4 2007
55,55,"great great location Everything would expect Four Seasons hotel. Great location beautiful room. The bathroom comfortable, like might find nice home rather hotel. The concierge extremely helpful finding great place eat nearby. Although eat restaurant, I hear fabulous well. Would stay without hesitation.",0.605,0.8888888888888888,Aug 21 2007
56,56,"Very good property My wife I spent two nights property. We regular travellers NY little basis comparison hotels city. That said, I understand rooms particularly large. Our room comfortable 600 sq ft. spacious areas. Bath products Bulgari wife appreciated. The room attractive well appointed - nothing missing.The concierge desk superb - exceptionally professional well informed. They really top notch. You tell staff well trained. The workout facilities, although basement hotel, well appointed. Free juices fruit available. I also took note extensive security maintained. I suprised, positive way, employee positioned evening check person accessing elevators. While perhaps necessary, reassuring.We ate once. The food breakfast excellent along similar quality service. While someone unaccustomed expensive prices, I taken aback $10 charge coffee. While $20-$25 eggs surprise me, coffee charge did.Anyhow, obviously caters guests responsive needs. You pay level attention detail. It is, standard, excellent hotel.",0.2569492544492545,0.5458993475660142,Aug 7 2007
57,57,"Perfect Perfect service, perfect room, great children, best concierge, breakfast could improved (if consider cost...)",0.7999999999999999,0.8416666666666667,Aug 4 2007
58,58,"Unquestionably best world As regular visitor Hotel The Four Seasons NYC (57th) time time delivers best possible experience discerning visitor.What sets apart excellence staff...be doorman,ront desk,conceirge,etc.Its small touches sets apart rest.....from doorman keys ready get car go straight upto room late night arrival delayed flight,etc,.This establishment one gets true feeling coming back home visit.The downfall one benchmarks Four Seasons every never match standard.",0.12399999999999999,0.4771282051282052,Jul 24 2007
59,59,"Staying airshaft I booked 4S website. My room 14th floor apartment building 10 feet outside main window. When I worked desk I looking directly apartment vice versa. It similar old time NY airshaft. For $800 4S better. When I checked hotel, I told room I would gone elsewhere.",0.14444444444444446,0.3138888888888889,Jul 24 2007
60,60,"Sheer Heaven--I love place!!! I stayed property numerous times &amp; always post review I feel I dis-service I don't. Briefly-- get better this. If looking sleek, semi quiet (the bar week quite happening business types) luxurious stay excellent service place you. What I like location, size rooms, fact every staff member makes effort know name, &amp; overrun conventions, weddings, etc. The answer always &quot;yes&quot; FSNYC &amp; answer &quot;yes&quot; I stay place!",0.2900390625,0.5489583333333334,Jun 25 2007
61,61,"One favourites I love hotel. I stay every year family never complaint. Excellent size rooms, service, location importantly attention detail. Would highly recommend anyone. One trip particular sticks - black NY (Summer 2003?) - The Four Seasons made every effort possible ensure comfort tough time (esp hotels simply closed down).",0.1421825396825397,0.5502777777777778,Jun 13 2007
62,62,"Fabulous Time Four Seasons Our Family returned exceptional weekend New York, thanks large part Four Seasons Hotel. We booked Kids Seasons Package two adjoining rooms. Children aged 11, 9, 7.From moment arrived, kids welcomed treated wonderfully. They given small gift treated cupcakes cokes room, I tell spot.On service level, given top notch service everyone hotel. The people concierge handled transfers requests driver car well recommending nearby family friendly restaurants. We driven twice house cars, Maybach Rolls Royce. The door men excellent. Every little need request addressed immediately pressing bandaid requests room service etc... time someone responded immediately. Yes level service expected prices, case deliver!The location fantastic shopping well proximity sight seeing, FAO Schwartz, Central Park.Our rooms spacious New York standards extremely well appointed. We surplus closet drawer space, washrooms incredible. No noise concerns 10th floor. I find decor boring drab reviews stated, I felt elegant luxurious understated way.Let us forget Manhattan, Hawaii. I expecting decor atmosphere Four Seasons &quot;Resort&quot;. I felt entire well suited stay Manhattan representative Manhattan wanted children experience remember.Unfortunately crotchety folks cranky children apparant reason. We turned teachable moments us share kids sometimes adults badly behaved (not children).If want flawless, stress free place stay serene atmosphere planning scheduling - disappointed.",0.161764815644126,0.6527354829078968,May 30 2007
63,63,"Wow place Thursday Sunday FSNY perfect. No kids drive us mad, stunning room 29th floor dual aspect windows meant 2 different views, glorious weather (the nothing weather). We start 19th floor polite request, front desk happily changed room higher floor. Rodman Concierge god - pure genius. He guided us round shops, sights &amp; restaurants seemed know exactly wanted wanted it. If I pick bones, would price 2 hot chocolates bedtime (my wife's regular request) $30.00, seemed little steep. In fact, took 20 hours anyone remove tray room. Both wife &amp; Spa treatments desipte price, excellent.Overall, I rate experience one enjoyable. New York special vibe it, location, style &amp; class FSNY made perfect place stay",0.26918290043290044,0.6557165057165056,Apr 23 2007
64,64,"Amazing! Had amazing stay here. The rooms great. The service THE BEST I ever experienced, especially Steven Concierge desk !",0.6357142857142858,0.75,Apr 5 2007
65,65,"Still head shoulders rest Having stayed FSNY several years ago, I almost afraid return reading several more-recent reviews site. I fond memories stunning open lobby, oh savvy concierge, friendly staff, marvelous comfortable rooms and, especially bathrooms. This say I remember comes quite hefty price, one must pay superior experience. So, I went, fingers crossed, and......I happy report well Four Seasons! The helpful knowlegeable staff, sky-high standards care obvious housekeeping furnishings, absolutely fantastic location. And, stratospheric prices I remembered, somehow mind paying. This experience itself, one missed. You owe enjoy splendor, least life. Somehow I think find worth it.",0.1988095238095238,0.5047619047619047,Apr 4 2007
66,66,"Very good best After staying FS hotels throughout world, I decided spend week-end wife there.The FSNY nice lacks life! It felt sterile corporate us. On plus: -staff friendly-location good-their signature massage top-rooms clean spaciousOn min:-rooms lack inspiration-turn service (not like Mandarin water, chocolates, info paper Asian inspired saying)-amenities though Bulgari basic-high premium paid good view (always inclusive Mandarin)So want stay top chain NYC, Mandarin Oriental beats FSNY easily: lively, nicer bigger rooms, amenities even cheaper....",0.33327967171717177,0.41680555555555554,Feb 21 2007
67,67,"The Four Seasons: Nightmare nightmare! I cannot express disappointment stay hotel. There still feces flecking toilet checked hair nice, white sheets. It took two hours decide going change room clean it--they ultimately cleaned apologies. The front desk staff gruff unhelpful--failing even answer basic questions museums theatre tickets. The elevators broken repair first night. At restaurant, first two items ordered unavailable. I expected much, much Four Seasons flagship NYC. No apologies ever made.",0.06944444444444445,0.43263888888888896,Feb 21 2007
68,68,"Couldnt fault I impressed FS, mostly staff, checking bell boy doorman, everybody knows name ever are. Bathroom quite impressive bath filling 60seconds, handy!Rooms cleaned well, turndown good also.The thing -- phoned 08.00am ask time I checking day, phone 8am sleeping bed??! If want upscale new york go here, expensive. Did eat comment food.",0.3286363636363637,0.6364545454545454,Jan 23 2007
69,69,"The Four Seasons made NYC visit Fabulous We visited NYC first time really enjoyed Four Seasons Paris Geneva, primary option. The location excellent &quot;5th avenue stroll&quot;.The lobby beautiful enormous. It great welcome wonderful two night stay. We checked ease waited friends arrive high tea wine bar entrance. Everything delicous.All us enjoyed spa (Four Seasons One treatment 80 minutes) first afternoon got ready dinner. We dined Daniel per se, thanks unbelievable concierge team NYC. We wait listed per se, I assumed meant &quot;no chance&quot;, kept checking us three nights called home Switzerland told us reservation per se. Everytime asked help concierge true pleasure help us. That I expect Four Seasons delivered 100%.We choose deluxe (basic Four Seasons) room spacious enough (500 ft2) ... rate $595 per night. We talked well slept wonderful beds.The biggest downside expense eating there. Breafast $44 per person normal two egg, sausage, ... high tea $200 four people. However, I knew going great service ... I happy pay.In opinion, Four Seasons Paris still favorite world, NYC concierge &quot;the best&quot; (thanks per se experience) overall great experience.",0.42827586206896556,0.6697126436781609,Jan 21 2007
70,70,"Still Ritz fan...... I begin saying doubt wonderful Four Seasons stay way diminished vacation experience. However, like stay different places city time time chose either Ritz properties NYCity try something different. We booked two bedroom suite much attention given arrival trip member staff. However, litte discussed regarding requests prepared upon check in. I requested rollaway LR 20 year old daughter made place upon arrival. It not. I asked made like beds rooms....it never was. SHE asked ages children could age appropriate welcome gifts. We told &quot;children&quot; 20's Beanie Babies still given. In one email correspondence husband told travelling son dauhghter law given one BR king one BR two twins. They claimed impression three small children tow. And course fully booked available. Each morning room service order little bit off. One pot coffee instead two ordered, missing orders eggs, little things still irritating considering spending. As quality appearance room....nothing shout about. Mini Butler LR broken door. Decor advertised presented nothing jump about...bland, boring. Master BR roomy. Attached double quite small. LR average. Furniture comfy. Concierge attentive use him. Door staff excellent. Location best properties i've stayed NY. But all, average visit. I happy tried it. But I still prefer Ritz Cartlton",0.12819444444444444,0.501388888888889,Dec 21 2006
71,71,"The best NYC How world anyone find fault this, best all, Four Season's hotels. I've stayed ones Paris, Lisbon, Great Exuma, Nevis year none touch one New York. The rooms lovely well appointed. The service exemplary. The restaurant even excellent. And located 57th Street Madison Park; could better.",0.705194805194805,0.6049350649350649,Nov 5 2006
72,72,"Disappointing! I high expectations stay Four Seasons Hotel New York one word I using describe two night stay 'disappointing'. My partner I arrived 6 pm delayed flight UK suppose meeting colleagues cocktail party finished 7 pm. We two minds whether rush try make it, phone say unable attend - luckily (!) made decision us taking considerable time check us - check whether room ready (it 6 pm room suppose ready 3 pm!) porters taken bags taxi took 20 minutes deliver them..... To add insult, discovered checked out, charged 'service'.We offered complimentary newspaper - get one either morning. The turndown service constant ringing room bell 6.30 pm I would thought majority people either relaxing busy day bath getting ready go out. We politely asked maid return half hour - fact saw waiting lift told room available - return later night discover no-one bothered return.The room nice - clean decent size - bathroom lovely. Although I would expect nothing less amount charged. We left baggage day checked specifically asked suit bag hung up. They said 'certainly' went collect folded actually underneath bag! Some people may find comments 'picky' prices charged hotel, I really feel I entitled be.",0.07658269199935867,0.47435706269039596,Oct 30 2006
73,73,"Outstanding memorable part visit We checked FSNY Monday following weekend Library Hotel part surprise trip partnerâs 40th. I booked deluxe king (floors 5-29, street view) direct online rate inc. breakfast exc. tax $975. We NY weekend great weather decided check whether maybe terrace room still available could upgrade - lower floors, would nice outside space. I mentioned wonderful receptionist checked us in, subtlety noted booking partners birthday, said would look see could do. All terraces booked checking said managed locate suite 50th floor two terraces! He wrote much room normally went much extra would need pay top current rate instantly wrote holidays next couple years jumped chance. Because werenât expecting guests room day would take hour send crack team housekeepers room would available us later 3pm. In meantime check-in person escorted us restaurant seated straight away enjoyed marvellous lunch (the steak best partner ever tasted).After lunch explored new location, round corner Central Park amazing shops 5th Ave returned 3pm pick keys (bags efficiently already taken closet room). Weâd done brief tour curiosity first arrived collected keys reception let ears pop shot 50th floor headed room. Oh my, oh my, oh myâ¦.Just first opened door saw âoffice areaâ desk TV, fax/printer sliding doors onto âEast Terraceâ. I still wondering marvels I heard âyour going believe thisâ gasps half walked main bedroom/living area. I nearly fell couch looking views straight ahead Chrysler building Empire State Building - queued paid good money go see sights Top Rock night were, tap! Once got shock moved across west side suite corridor grand marble bathroom TV, closets, West terrace, views far right central park. I may paying 40th birthday, first impressions whole experience staying FS pricelessâ¦ In fact wrote rest Monday didnât leave suite â THE memorable meal via room service (this time steak me), nice Â½ bottle wine (Pinot Noir Oregon) top all, surprise birthday cake sent âspecial servicesâ lovely welcome card, laid room service waiter terrace table. Absolutely stunning evening. Bathroom huge, marble luxurious, Bvlgari toiletries, small LCD screen next sinks. Also nice inlays aside deep bath, great candles relaxing soak. We however get brown bathwater put us off. Shower fabulous. There also bedside Bose clock radio pre-set great stations marvellous sound. We breakfast restaurant area 2 mornings, I must admit bit confusing - booked âbreakfast inclusiveâ wasnât sure option supposed choose (found call âAmericanâ). When presented bill time inform service staff inclusive. On last morning breakfast room kicked done sooner - much comfortable, choices take time. Would recommend breakfast room, may end sitting next couple high-brow business men, one sacking other, found one morning! Lovely selection fresh fruit, two eggs like, pastries &amp; juice, smoked Canadian bacon etc. Over 3 night stay wonderful cocktails nibbles âwould recommend back bar close restaurant, itâs busier one front extensive bar menu, better complimentary snacks, us anyway, friendlier staff. We put poor concierge staff paces requesting table one popular restaurants NY 7.30 pm night, able oblige even then. The doorman 58th exit recommended two fabulous Italian restaurants nearby lunch. We booked car via concierge transfer airport seamless. The whole experience momentous. If can, do.",0.2886899637609865,0.5165559818968909,Oct 14 2006
74,74,"4 Seasons quality ... I may bit critical 'coz loyal Four Seasons customer believe quality well price paid particular property (US$695/nite excluding taxes B&amp;B package). Having said that, I like rooms, spacious 23rd floor, LCD TVs (one bathroom), big glass shower sit bench, nice music pipe system, marble bath tub (big), etc. Towels bathrobes thick comfortable sheets bed. See attached photo room details. One thing I found unacceptable mold brackets hold shower bench together. For expensive 4 Seasons, cleaning thorough.We King bed little sitting area overlooks buidling penthouse rooftop garden quite pretty look at. I especially like dresser area - big walk lots room enough drawers ! (usually hotels 3 sets drawer room 6 !!!). Check swift efficient, things (breakfast, gym, etc) explained indicated us didnt problem finding way around. Gym adequate, I especially appreciate fridge stocked full bottle water rather usual water cooler.Breakfast good (dont know price coz package) nothing amazing. Location great u like shop. We (husband I) especially enjoyed bar makes good martini (and variety !!!).All all, enjoyed stay, staff friendly, good amenities location. We return time I see another moldy shower, I inform it. It acceptable 4 Seasons one pay $695/nite.",0.23719618055555555,0.6152777777777779,Oct 8 2006
75,75,"Best In New York Having previously stayed Trump Central Park (getting bit worn), Ritz Central Park, I say last stay Four Seasons making lean towards them. First immaculate - everything looks like brand, brand new feature place. Secondly service exactly (but always case) four seasons hotel. Sebastian front desk great assigned corner room overlooking central park 58th st. high floor....ask '11 series room high floor - lovely configuration king bedded room - 500 sq. feet small dressing area - perfect 1 person. Door bell staff great, always welcoming back I returned day running street get cab rush hour. When cabs available put complimentary Rolls Royce Phantom, one two complimentary house cars (the one Maybach!). On another occassion I left almost empty bottle water hand. Randi doorman 58th st. entrance whipped new bottle water take way out. Concierge fabulous, witty charasmatic superb recommendations - listen everything say city, transportation dining - really know talking - Helen Reynold great. The service hotel's restaurants proffessional personable - waiter (ultra camp) us stitches opinions everything world cup newly designed uniform. He comped us desserts &quot;promised tell manager!&quot;. Food however good food, nothing spectacular very, expensive (think $35 burger caesar salad). Much better places go New York, although new restaurant Atelier de Joel Robuchon help compete better restaurants city opens next month. Housekeeping service unbelievable. I bought six pack diet coke store I left room - maid filled large ice bucket placed drinks bucket would chilled return room. All clothes refolded perfection cigar ashtray left cigars I bought (they actually gift someone else, nice touch anyway). Tipped turn lady $10. Spa service fabulous, I &quot;welcomed back&quot; spa attendand remembered first stay 3 months ago! There pool though jacuzzi/steam room. The spa impressive areas hotel...a little small basement....it's service based facility.You pay business centre ($1 minute internet access) open certain hours....not impressed this. At four seasons (e.g. Boston) complimentary open 24 hours.Overall best new york. Every staff member genuinly hospitable helpful, basically thinks spend time enjoying maximising productivity (if business traveller). However prepared pay it....by far expensive New York every way. Expect pay $850++ per night standard/deluxe king room. If find room $700 night, e-mail me.",0.22942685132902527,0.507668716146977,Jun 12 2006
76,76,"Fine Hotel One Caveat The Four Seasons, New York all-around excellent hotel. As would befit Mobil Five Star AAA Five Diamond property, put heart shopping district (5th Avenue) close cab ride popular tourist attractions. You posh location certainly pay it. I booked Superior Room generously upgraded Deluxe Room Terrace would nice utlize furnished terrace in-room dining experience, freezing outside (I went week snowstorm NYC February). The prevailing rate room $895/night. I paid roughly $600ish night two nights third night free. At rate, I much complain about. From I gather, caters mostly business people expense account usually fully committed (sold out); accordingly, guests concerned carpet guest floors bit soiled, worned out...this place may you. If pretty mellow stay hotels, disappoint. Keep mind best keep everything looking clean, first SERVICE-ORIENTED hotel. Otherwise, rooms public areas immaculately maintained furnished. The elevator banks divded two sections (one Lobby Floor 21?) (21? - whatever highest floor occupies). There quick. Each side three elevators. The gym stocked chilled towels, juices, fruits enjoyment. The room modern (style wise) theme I guess hotel--which good. I traditional look (think Ritz Carlton, etc.). There electronic controls control window curtains bed. There sufficient lighting unlike bathroom, moderate much light want. The A/C Unit powerful I know use it. The wall-mounted plasma TV swivles anyone room watch. There DVD player fax/copy machine inside room. Room isolated fine. You abudant amount closet space. We stayed three nights enough space us.The bathroom done marble simply spectacular. I loved it. Separate bathtub shower. Amenities (soaps) nice. Bathtub filled quick (60 seconds advertised, I sure, fast enough). The small LCD TV bathroom nice plus. There excessive amount lighting bathroom however--if like light, good then. I breakfast &quot;Lobby Lounge&quot; stay included rate food average. American Breakfast stay $35-$38 per person. Room-Service prompt expensive (but expected-- expect add order: service charge, taxes, gratiuty, delivery charge). I order anything spectacular dining outlets hotel, french toast eggs breakfast meats. If want eat room want bypass service charges accompany ordering room-service, go downstairs order restaurant &quot;to-go.&quot; The breakfast credit around close $100USD breakfast package. 57/57 Bar energetic I went around 10 o'clock Saturday night. Even guests, wait 10-15 minutes seated. I went bar ordered drink took back room. A Long Island Iced Tea sets back $17.Housekeeping amazing job cleaning room day. I declined turn-down service I imagine par. When I request items (tolietries) housekeeping sometimes took excess two three calls request fulfilled.My biggest qualm Concierge. Before stay, I like make contact Concierge see recommend times I reach them, I put extended hold times (probably due inundated guests hotel). There usually four five Concierges working given time day. Everytime I called day (New York time), I asked hold. This happened several occasions I called room (holding). In cases I would call Front Desk relay message (which worked quite well). Your best bet reach Concierge undivded attention probably later night (9 o'clock PM EST). They work late I remember around midnight Concierge still answering phone calls-- plus. When talk them, generally helpful nice. All requests meet processed efficiently. P.S. A bag M&amp;Ms get $.65-.85 costs $5.00 mini-bar. I purposely ate one bag replaced store bought one fun. The $400,000+ Maybach uses transport guests around town (limited radius) check out, better yet, use.",0.2580598743979025,0.5458065565107818,May 8 2006
77,77,"A great This Hotel always going safe bet afford it! It met expectations every way, especially service levels; staff excellent professional friendly attitude without stuffiness find sometimes expensive places. The breakfasts fabulous well worth booking breakfast inclusive basis otherwise it'll set back $100 two. Avoid room service - $32 two cups tea even worse liquor buy litre $180. The Spa treatments ghad good though environment average. The location unbeatable central main shopping area Central Park.",0.2009803921568627,0.5343137254901961,May 8 2006
78,78,"Wow! Nothing say afford - stay here! It's incredible experience. And miss breakfast, lunch dinner 57 restaurant - everything ever dreamed high-dining experience. Can't wait go back.",0.4125,0.6,May 1 2006
79,79,"Service bit My husband booked Four Seasons business meeting, decided bring along extend stay celebration anniversary. When checked front desk aware part expense would go company business coordinator, part would charged us. We shown rooms, welcomed brief introduction room. (One neat feature curtains opened closed switch, people find own.) The rooms stark modern, devoid decoration. The bed, chairs sofa comfortable. It great fax room; I believe copier well. The bathroom lovely, although second sink would nice. The tub wonderful, filled 1 minute! We pleased fitness room; comprehensive amount equipment, towels headsets ready item, drinks keep hydrated. The restaurant renovation, service lobby restaurant. We opted one breakfast there; others noted quite overpriced despite service, nothing special. Perhaps meals better. The lobby bar busy, really appreciate seated coffee table 4 strangers anniversary. My husband suit pressed (nicely done quick service). The concierge desk quick helpful. The doormen excellent, friendly funny. The part took away stay last 18 hours. At 5:30 last evening, bell rang. I'd stepped shower put privacy light I afraid I'd lock husband jogging. I opened door I saw housekeeper husband right behind her. We told we'd leaving 1/2 hour, asked she'd come back. She asked we'd like anything, asked ice, left. She asked anything else, said no. I guess took &quot;no need come back&quot;. When arrived back late night, returned, turndown dry towels. The next morning, scheduled check out. We started pack, went breakfast. While gone, housekeeping came in. They got rid soap sink, replaced new wrapped soap. They'd replaced towels placed new shampoo conditioner shower, put sticker toilet roll. It felt like getting ready next guests gone. We wonder washed hands hand towels would changed then. Then, got desk, despite instructions split bill, done. All charges put company card. The woman desk really want split charges; said would extremely difficult. When asked she'd put charges onto card, said would even difficult, bill actually already sent business group coordinator. We're facing time consuming task sorting own; happened. We lovely stay, felt quite live reputation.",0.17469198478289388,0.5167598058507149,Apr 23 2006
80,80,"Worth every penny-all nine bazillion Our family four stayed Four Seasons New York past March, completely lived super-high expectations. Deluxe rooms: We booked two deluxe adjoining rooms family rate (2nd room half-price). Each room consisted large bedroom sitting area, gorgeous, huge bathroom. Our two rooms parallel other, one room, kids would able see hear us room even doors open - might sound great parents there, knew little boy would really scared. However, I would definitely recommend deluxe rooms couples solo travellers.Front desk: The front desk absolutely wonderful showing us suite immediately, upgraded to. Yes, twice cost, son lot comfortable pretty much enormous apartment.The suite: It probably 1800 square feet, two bedrooms, two half bathrooms, living room dining area, large walk-in closet views three directions. The decor clean modern, without intimidating stuffy. The views: I knew I little afraid heights, I seriously dizzy first 24 hours suite. And, I freaking paying lot money I could think possibility building falling over. But, one employees assured me, I got used actually could enjoy view end stay. We could easily see Hudson River, East River, Chrysler Building Empire State Building. We small glimpse Central Park. Our views really looked like something postcard NYC.The beds: Perfect. Sheets, blankets, comfort - perfect.Service: Perfect. I swear employee encountered went way say hello make us feel extremely welcome. The doormen especially wonderful helpful.The lobby: Breathtaking. Room service: OK, really complaint I have. We ordered dinner one night, several food items incomplete wrong. Several dishes lukewarm. The overall quality food really average - almost like average diner food. Concierge: Thoroughly professional, friendly helpful. Within minute asking local restaurant recommendation, printed directions hands well suggestion, &quot;And may call let know arriving soon?&quot;Location: I felt completely comfortable walking around area children. Overall: I would bring family back heartbeat, even shock-inducing rates - soon afford another visit!",0.20991830749895263,0.49897884373690815,Apr 12 2006
81,81,"Four Seasons Triumphs! Once Four Season triumphs. We executive room, plenty big enough, fabulous bathroom walk shower. Beds great cleanliness superb. Service however always trade mark Four Seasons. Let give example. My thirteen year old son collects old car number plates countries visit. He trouble finding one New York despite Stephen, one concierges, trying find one him.The day left Stephen still located one, gone trouble bringing one old number plates home gift, refusing payment! Other hotels read weep!! We also chauffered around brand new Rolls Royce Phantom(and Maybach) courtesy car short trips. Great rooms (the undegone major refurbisment last two years)great location, great staff, service world, could want!",0.23761498917748916,0.42860750360750355,Apr 10 2006
82,82,"Perfect Views We wondeful time here. Stayed room 4410, perfect views city Central Park. Make sure get view Park. Bath tub great bed advertised. My critique wireless Internet access. Will definitely return.",0.4714285714285714,0.7698412698412699,Apr 9 2006
83,83,"Best Hotel New York This second stay Four Seasons New York far best Manhattan. We love location, service rooms. The service front desk restaurant spectacular. Not detail overlooked! We park view executive suite spacious comfortable. We love plasma tv bathroom! We fortunate enough stay numerous luxury hotels New York including Ritz Central Park (HORRIBLE!)and Mandarin Oriental none come close pampering luxury Four Seasons!",0.33650568181818186,0.5071022727272727,Mar 6 2006
84,84,"Use maybach My wife stays time business first. When checked romantic weekend August, everyone hamptons. empty. great! upgraded us tower room 36th floor, nice views central park. I think rack rate 575. We would walk park every morning tea. I city type, loved it. Mostly formal attire walking lobby. But one batted eye shorts flip flops.I hate trying sleep manhattan noise managed well high floor. We stayed gansevoort week april. rooms small &quot;hipster-boutique&quot; style. loud meat packing district. FS much bigger, quieter. Also, ton wifi hot spots location wifi card. On checkout, went hail cab doorman hear it. He put us Mayback gratis. We never wanted get car. It seats 2 back there. Someone told Maybach limos cost 350,000$. Tipped driver 20$. Best deal NYC.",0.20222222222222225,0.5790740740740741,Feb 26 2006
85,85,"Lived expectations My husband I recently stayed long weekend break. We high expectations (but concerns read postings site). We thoroughly enjoyable stay. We upgraded arrival found room comfortable spacious. The staff encountered polite efficient, specifically concierge marvellous. The restaurant bookings made behalf excellent, received superb service Four Seasons guests dining. Having heard outrageous price breakfast, asked recommendation local diner directed fabulous place minutes walk away. Two small disappointments - main restaurant closed renovation dinner alternative lounge bar average (but expensive). On departure, waited 15 minutes doorman hail us cab, end clearly 'regular' guests arrived promptly rudely forgotten.",0.05148148148148145,0.5283475783475783,Feb 12 2006
86,86,"Disapointed Stayed property two dogs using free night certificate I received Four Seasons. I live NY, needed stay one night terrible wind storm knocked power home four days. I stayed four months opened back late 90's truly impressed. However, stay disapointment. The room decor stark cold. The carpeting inside room hallways stained. The bed felt bit worn comfy I remembered it. The food hotel, particularly breakfast, outrageously priced (about $80 $100 two, tip taxes). Worst all, service inconsistent. Reception staff welcoming, staff obliging. When I called housekeeping inquire I still received dog bowls I requested 20 minutes prior, effort made apologize expedite delivery even I explained I needed leave room restaurant reservation. There one doorman stationed 57th Street handle guest needs I wait 45 minutes car! When I came across maid turn-down service floor, I asked room inside left, want staff enter room alone dogs present. She refused turn time, saying someone else assigned room would come later. I avid fan Four Seasons hotels, management seem top things here. Maybe I spoiled, returned Four Seasons-George V Paris five days this.",-0.09637626262626262,0.5498611111111111,Jan 22 2006
87,87,"Don't afraid bring kids!! My husband I stayed twice I can't say enough fabulous is. The first time pre-baby, loved terrific service, large, immaculate rooms, terrific food. This time around, brought 16 month old daughter. She got full Four Seasons royal treatment, special stuffed animal, washcloth terry bath toy keep, diapers, wipes, baby toiletries, diaper champ, full sized crib sheets, blanket bumper, etc. (This room walked in.) I sure reviews already gone gorgeous is, attentive, courteous helpful staff is, thought every detail rooms (gotta love marble bathrooms!) service, I want focus kid-friendly are.We number Four Seasons, though among nicest hotels world, I never felt daughter unwelcome. Still, I little nervous New York, little less casual locations.We ate 5757 Restaurant (which way excellent food) twice - breakfast dinner. At breakfast, daughter given crayons coloring book (not placemat), food came Barbie dishes toddler-sized silverware. The hostess brought small stuffed animal meal, server well staff restaurant waved generally attentive kind.At dinner, two separate staff members brought stuffed animals keep (she really made toys stay!). She threw pacifier floor one point, staff member ran knew it, picked up, sanitized returned plate right away. The staff willing (and did) bring pretty much dish requested, daughter us. At one point, daughter saw waiter walking by, held piece pasta toward him. He whipped silver tray held level put pasta it, disappeared clean off! That's top go back claim kid friendly! (Each time called get restaurant recommendations, reminded us restuarants kid friendly.) Even housekeeping paid attention every detail - laying daughter's stuffed animals crib heads pillow.Bottom line is, great anyone. Yes, expensive, get pay for. If want amazing service, beautiful, large rooms, terrific twice-daily housekeeping, stay here. And feel need leave kids home!",0.22217724606311565,0.632897295940774,Dec 27 2005
88,88,"Loved service. This place oustanding! The staffs friendly; bellboy outside waiters inside 57 restaurant respectfull helpful.We stayed 2803 room spacious, luxurious, excellently provided. The view outside windows spectacular; drink window watching golden sunrise morning experience I never forget. I would love back again!",0.40555555555555556,0.4888888888888888,Dec 23 2005
89,89,"Top marks design The striking thing Four Seasons beauty design. It's incredibly classy American hotel: tasteful, elegant, stylish imposing yet relaxing. The reception area glorious public areas feel world away bustle New York streets. The rooms huge, too. Light wood makes feel spacious, sitting areas classy bathrooms achieved devoting real space them. Too many places New York feel like rabbit-hutch, there's danger Four Seasons.So one star short perfection? Well, quite stress-free place stay. One day room made almost 4pm; requests things missing room (a corkscrew, battery wireless keyboard) took fair process; check-out procedure complicated wrong charges assigned account. They're comparatively minor things, given prices much ask sorted out. Worth noting maid said delay cleaning room caused much work individual staff members.And beware extra charges. The limo service airport efficient, $175. On planning return trip airport, concierge kind-of declined come alternative limo - even though cab outside would third price.It's still one nicest places stay city, Mr Hyper-Pernickety enjoy signficant degree. But could little bit better wants one world's greatest hotels.",0.1981493506493507,0.47930735930735946,Nov 18 2005
90,90,"average room 4seasons nyc stayed 48th floor spectacular room, issues. room extremely average fourseasons. decor like dorm room amenities. location good, lobby beautiful. I would choose ritz st regis next time.",0.2207142857142857,0.5071428571428571,Oct 30 2005
91,91,"worth it? perfect but..... restaurant needed later hours friday night. saturday brunch til 2:00pm. wanted lunch. room service nice treat, however expensive- 17% gratuity, $6.00 room charge additional 13% tax. loved anniversary package, called name great. call conceirge hold 20 minutes, better show up. house cars real convenience free. driven royles royce mercedes sedan. spa wonderful. waterfall facial superb, disappointed spa services advertised longer available. overall- expensive worth anniversary",0.191812865497076,0.5473099415204677,Oct 9 2005
92,92,"A shame price Waitress bar really bad.Plus really average. In room, smells something die !!!!Not acceptable pay high price !!!",0.0292578125,0.42799999999999994,Oct 2 2005
93,93,"Perfection There something magical FS New York. From moment step relax completely due amazing staff, fantastic guest rooms impressive public areas. We stayed four nights deluxe room enjoyed fully. Awesome bathroom great water pressure great Bulgari toiletries.In hotels small details start annoying case here. It's truly perfection details.The gym quite well equipped could improved.We told restaurant Fiftyseven Fiftyseven close completely three months winter remodelling. Definitely among world's best hotels.",0.3756313131313131,0.655345117845118,Sep 30 2005
94,94,"Excellent Stay Excellent Property!!!! You love Four Seasons!!!!!!We returned stay Four Seasons loved every minute stay. We stayed Deluxe Room room spacious comfortable - everything could want home away home!!! King sized bed, separate changing area, seating area w/ desk couch, marble bath w/ stall shower separate bath. Flat screen TV (w/ swivel) bed area, well small flat screen bath. Aside wonderful accomodations, staff friendly attentive requests. Room service treat, especially loved breakfast - food always delivered time stated served perfect serving temperature.We absolutely loved every minute stay can't wait go back!!!",0.5268382352941176,0.661764705882353,Sep 5 2005
95,95,"The best Many people point Four Seasons, NY best country I can't really argue them. I've stayed countless number times I never found another half good this. They everything better everyone. The rooms magnificent, fairly simple. Very luxorious, like Ritz-Carleton every room looks like living room Bel-Air mansion. The bathrooms every single room to-die-for. I never want leave showers bathtubs full like 60 seconds.The beds amazing I even ordered pillows bed home.The staff unbelievably courteous help anything. I know else say. I've never met anyone like hotel. It's close perfect be.",0.4632440476190476,0.5242559523809524,Jul 25 2005
96,96,"World Class charge it. We really enjoyed stay spent previous night nearby, called, trendy hotel. The beautiful lobby Four Seasons huge flower arrangements makes want sit take in.Luxurious room 27th floor view Central Park. Loved bathroom dressing area could used second sink. The bedroom nice little austere. Wonderfully comfortable king bed. Our weekend rate around $575 better weekday $700 something. Don't think I'd bother stay week rates. Breakfast excellent main dinning room lunch lobby lounge way average. Ask Concierge Executive pass Empire State Building. (you get skip lines)",0.29158496732026146,0.5669934640522876,Jul 12 2005
97,97,"Best Hotel USA... Honestly, I dont even know begin talking Four Seasons New York. It finest, luxurious, beautiful I ever stayed in. From moment walk towering hotel, lobby almost takes breath away. As know, Four Seasons Hotels pride pampering clients. This brings whole new level. There wasnt single person address name including chamber maids. Due less busy weekend given luxurious upgrade suite high floor. The room amazing, plasma screen tv's, DVD players, electronic switches control window shades. I really cannot say enough great things hotel, I traveled world stayed many fine hotels, nothing comes close Four Seasons New York.",0.3143506493506494,0.48997835497835507,Jul 5 2005
98,98,"Presidential Suite My husband I got back weekend getaway trip new york city. We stayed luxurious presidential suite 5101. We always always stay four seasons come new york great location. It right heart action...high end shopping, great restaraunts central park. However, trip decided treat stay newly designed presidentail suite. The second walked room amazed. The view suite believed. Every little detail room amazing. I would highly recommend suite guest looking try something new four seasons even want expirience new york highest degree.",0.22428803339517625,0.4641743970315399,Jun 28 2005
99,99,"Fabulous Hotel What fantastic hotel. Great location Central Park Fifth Avenue. Service standards excellent room wonderful. We large double room overlooking front hotel. Beautifully clean great attention detail. Bathroom wonderful. The claim baths fill 60 seconds true Bulgari products favourite. The gym spa lower ground floor good. The bar main ground floor great experience, although cost gin tonic expensive. Great three day stay definitely back.",0.460978835978836,0.6423280423280423,Jun 18 2005
100,100,"Don't bother I returned lunch Lobby Bar Four Seasons. I disappointed stark decor small size public rooms. The service poor considering supposed five star hotel. Lunch three people, without alcohol, $200. For princely sum received average service. I 10 year old son provide place setting I asked. They forget husband's beverage dessert small annoying. There also almost 10 minute difference I got dessert son husband served their's . At table next us full figured woman. I heard order club sandwich lousy waitress told could made low calorie version. The woman asked that. I felt embarrassed her. I lived New York life eaten almost every 5 star restaurant town. This Four Seasons Hotel substandard.",-0.20790909090909088,0.4554141414141414,Feb 20 2005
101,101,"Great rooms We stayed New Year period hotel, first room looked two huge air conditiong shaft next building (so close could touch windows opened!!!) moved great room views Central Park beyond. The rooms great size bathrooms great soaking tub. The best service maids invisible room get made done expertly (unlike Mandarin Oriental - bad service). The room service good expensive $100 breakfast. We come sure get roomwe want.",0.3454545454545454,0.5931024531024531,Jan 13 2005
102,102,"Just another 5 star - 2005 Review As connoisseur 5 star hotels worldwide, marketing specialist, I know quality. In opinion, attention detail makes memorable forgettable.. There several disappointments hotel, least feeling I number, another guest.I stayed 2 weeks Xmas &amp; New Year's Eve Dec 2004 - Jan 3, 2005. The staff greeted lovely, everything mediocre. I appreciate lot things deal with, job need exceptional person.. Firstly, rooms (apparently recently renovated) clean tidy 'modern', warmth, (although bathroom spacious lovely) bland coloring; I like neutral tones, combined minimalist design, comfortable. The movies blocked regularly, I call 3 times switched I could watch movie. I asked dvd player attended to, working. Turns multi-zone dvd player, one use. (do expect guests Americans?...)I sent bunch flowers doughnuts front desk &amp; concierge thank assistance, gesture gain respect; give, get - here. I call next day see even received (no 'thank you'), told &quot;oh yes, arrive. OK?&quot; Lovely...I ordered room service many times, one dish arrived I'd ordered it. Every dish mistake, even though I specifically asked certain things (eg skim milk, vinegar instead oil etc) When I asked pasta bosciaola, &quot;chef&quot; idea was! I explained common Italian dish, like Cabonara mushroom instead egg, I sent bowl plain pasta jug cream mushroom soup... 5 star? I think not.Twice I attepted order room service, put call hold answer another call, left hold till I hung up! No call back, course. As far I know, professional reception involves placing second caller hold &amp; coming back first.. Concierge also constantly putting calls hold extended amounts time, obviously under-staffed.The concierge nice rather powerless; several times I requested assistance unable help. I also needed car sent stuck city cabs 2 hours night. They said I would wait hour cold car, would 2 hour minimum. $170 $8 cab ride! I called 24-hour limos (212-712-9000), great company best rates town, got car 10 minutes. Similarly, NYE I needed transport Rainbow Room, concierge told would 6 hour minimum @ $190 hour! Please!! I ordered car 24 hr limos, arranged, $77 way... Avoid asking concierge assistance. Very mediocre, taking full advantage.The 'do disturb' sign continually ignored, I buzzed 3-4 times day, never mind I jet-lagged sleeping... If I awake privacy sign on, I bothered 14 times day, cleaning, mini-bar checks, simple 'do trays tables collect?' - I'd one, I'd called collected! Over-done service wrong ways. The chamber maids friendly polite, though.There comments/ gifts/ mention Xmas day, I expecting least note door wishing merry Xmas, perhaps chocolate something! These special little touches make difference. In fact entire stay anyone contact ask stay was, whether I happy/ needed anything etc. I expect little 5 star hotels :-)The location ok, however set back bit midtown, great Barney's &amp; Bloomingdales etc, I find Plaza nicer location park open space, blocks up. Personal preference.The four seasons NY lobby small tasteful, restaurant bar same, small nice. However I never stay again, good enough consider second home I travel. I stayed Four Seasons hotels, favourite George V Paris, superb totally unrivalled, New York branch sorely disappointing - I try Four Seasons Pierre next time, see better :-)",0.0785448347948348,0.50539659770429,Jan 12 2005
103,103,"Luxurious Wonderful Stay Spent 3 nights Four Seasons New York Jan 05 amazing experience. From moment stepped lobby, knew going great stay. We booked Bed Breakfast package. Upon arrival, upgraded Moderate Superior room. You either enjoy breakfast room restaurant. The room big NY. The bathroom beautiful tub fill 60 seconds. Loved Bulgari bath products. We stayed FS properties Hualalai Santa Barbara never disappointed. If looking luxurious hotel, place you. A great location like shopping Madison 5th Ave. The museums also close.",0.3257102272727273,0.6193465909090909,Jan 11 2005
104,104,"Not I hoping My husband I stayed first week December 2004 reserved suite. We arrived room seemed mostly hallway (1500 dollars night hallway). We got room evening lights us chore try find lights room turn on. We seemed searching 10 minutes dark trying get us could see rooms in. The rooms neutral tone exciting. There bedroom, bathroom, front room (very small) lots hallway. We impressed lobby either, small exciting. We ordered room service one night, got bowl soup, small individual pizza tea coke hundred dollars. I appreciate pricey new going ridiculous. If going get massage sure ask prices normal regular 1 hour massage $200, wasnt even great! I love conciere nicest helpful gentleman hooked us show tickets great sushi restaraunt noho. The restaraunt 5757 wonderful although I checked front desk I told reservation next hour needed get bags upstairs asap, told wear I wearing (how rude) I wearing pair nice jeans, boots long nice black coat. I called restaraunt cancel (because I needed suit pressed, didnt time) asked I told upset said would guest treated us wonderfully (That nice). To may perfect us hotel, nothing special, worth money.",0.20977303946053946,0.6274756840381842,Jan 9 2005
105,105,Flawless A flawless experience. The space intimate glamorous. Exceptionally courteous staff that's hard find new york days.,0.44078282828282833,0.7660353535353535,Dec 14 2004
106,106,Superb Luxury,1.0,1.0,Nov 8 2004
107,107,Great location shopping Hotel needs little work,0.30625,0.625,Oct 13 2004
108,108,Like Exquisite Marble Palace,1.0,1.0,Oct 12 2004
109,109,Four Seasons NY Hotel Pampered Traveler,0.0,0.0,Aug 22 2004
110,110,Sophisticated luxury,0.5,1.0,Aug 7 2004
111,111,Perfect!,1.0,1.0,Jul 13 2004
112,112,Best Service,1.0,0.3,Jun 4 2004
113,113,i'll back,0.0,0.0,Mar 21 2004
114,114,Definitely best New York,0.37878787878787873,0.4181818181818182,Mar 16 2004
115,115,"The Four Seasons : ""Highly recommended!""",0.2,0.5399999999999999,Oct 3 2003
116,116,Muy bueno,0.0,0.0,Nov 19 2009
117,117,???????????,0.0,0.0,Jun 9 2009
118,118,??????????,0.0,0.0,Sep 13 2008
119,119,Was fÃ¼r eine EnttÃ¤uschung....,0.0,0.0,Jul 13 2008
120,120,Todo lo grande,0.0,0.0,Jul 30 2007
121,121,Ausgezeichnetes Hotel,0.0,0.0,Jan 17 2007
