,Unnamed: 0,Reviews,polarity,subject,Dates_extracted
0,0,"Very Attentive European Flair We're back 3 night stay. We upgraded largest king size room available spacious. The bathroom small side shower worked well, towels &amp; robes great. Closet space limited. No view - room looked onto roof. The staff attentive quick respond. By time got home left message letting us know husband forgot keys room. What I appreciate quiet - I know half floors closed renovation I can't say would always quiet. Other NYC hotels I've stayed noisy - people &amp; street noise. We always stay 5 star hotels - I'm sure worth price (a) room due limited time spent (b) breakfast places - breakfast 2 worth $75 US? The one thing I truly miss in-room coffee - I hate get dressed I first cup coffee (yup - I'm cheap pay $10+ per person room service coffe). Even Scottish BBs stayed year coffee makers rooms, Swiss Relais &amp; Chateaux stayed last year.",0.07934744268077602,0.36484420928865363,Nov 9 2009
1,1,"Intimate Boutique Needs Refurbishments My husband I stayed Plaza Athenee June 2006 long weekend. Having stayed Plaza Athenee Paris I expecting best best. Unfortunately, New York highly overrated. Our room shabby dark beat furniture view. Our bathroom tiny horrible lighting. I glad hear currently undergoing renovations, much needed!I would definitely stay (after renovations). The location superb â quite, tree-lined street Upper East Side close Central Park. We enjoyed walking Museum Modern Art later meeting friends hotelâs cozy bar drinks. The European, residential feel; quaint intimate. The staff members courteous attentive. I look forward unveiling new hotel.",0.1745454545454546,0.5129292929292929,Nov 6 2009
2,2,"Trying make buck. This advertised three nights price two. We made reservation, confirmed phone call manager. Three days later, travel agent learned cancelled reservation. They would even offer room full price. They increased price $200 per night. I suspect response Yankees progressing playoffs. Disappointing. Cheap. Dishonest. Beware.",0.04166666666666668,0.5750000000000001,Oct 26 2009
3,3,"The place relax bustling New York We spent 4 nights Plaza Athenee selected mainly location thought would need spoiled long voyage plane. Our choice good indeed better spot. The lies small street Central Park Madison avenue Lexington Avenue. The area calm Central Park 'backgarden&quot;.Staff absolutely top! They kind helpful yet distant want chat. Our favorite Peter served us breakfast plenty interesting conversations.Breakfast way superb high tea served every afternoon. Room service housekeeping work really well. We ask extra wash cloths also new hair dryer. The moment put phone already requested.True - expensive youcould probably get good service less.Another downside check-in. They told us three times interval hour guest occupying room left room ready. When I complained told three times accomodating offering us free drinks bar. But still I think happen least honest start. I also think many rooms normal almost half undergoing renovations. However disturbance that.Another downside upon leaving blocked quite large amount credit card kind warranty. I like one bit, I realized checking next hotel. They mention advance I'm certainly going get back account this.Now conclude. In spite negative points I would return atmosphere, service location.",0.1896574675324676,0.47247727272727263,Jul 27 2009
4,4,Quiet oasis Manhattan We glad found place - treat!!!! The staff accommodating rooms great. They construction right (adding spa I believe) I would still go back. The restaurant good busy. Located 64th Street right Madison Avenue perfect location upscale shopping!,0.4232967032967033,0.5285531135531135,Jun 25 2009
5,5,"place feel home stayed plaza athenee five days around new year's eve felt much home. though design exactly favourite (we usually stay funkier gramercy park hotel), loved friendliness commitment staff (only exception doormen). due misunderstanding first given room queen instead king bed â wonderful view north. loved view much decided stay enormously helpful lady front desk insisted finding us room bigger bed even better view south. succeeded. helpful attitude concierge desk book rebook tables us smile. area great shopping (barneys around corner) care much restaurants (except fred's) upper east side. come back whenever need quite friendly place new york city.",0.22989669421487602,0.4432920110192837,Jan 4 2009
6,6,"Great service - noisy There doubt top flight New York hotel, days economic crisis one needs shop around get value money ,and Plaza Athenee probably well front unless 'ultimate service' necessity comfort ameneties matched less expensive New York hotels. I making comparison another high quality hotel, Bryant Park, I stayed immediately Athenee half cost.I cannot fault efficient welcoming manner I received competence friendliness numerous staff - exceptional, better Bryant Park. But, room bathroom much smaller equivalent Bryant Park, less well decorated lesser state repair. The air conditioning noisy, street outside seemed populated honking vehicles hours day . This probably due fact narrow often double parked cars blocked way larger cars - drivers' obvious frustration. The room I occupied able linked rooms either sides form suite, normal practice large hotels, sound insulation connecting doors good I could hear every word conversation occupants one adjoining rooms, event repeated 2.00am woke up.Would I go again? Yes, certainly, someone else paying bill I remembered bring earplugs.",0.0925988455988456,0.47913636363636364,Oct 31 2008
7,7,"Not bad Good Upper East Side location, large rooms NY standards, comfortable beds, modern tastefull decor, small bathrooms. Can good choice get convenient rate.",0.25467032967032965,0.46575091575091576,Oct 9 2008
8,8,"Great Stay We recently stayed Athenee Hotel - nice location - close Central Park, staff attentive professional - concierge helpful. The room little dated neat clean. Room quite small adequate needs.",0.2256818181818182,0.5075757575757577,Sep 10 2008
9,9,"Awful can't begin describe I supposed stay Lowell since full short notice, recommended Plaza Athenee. Rooms dark, dingy tiny premium price. The service awful like even care. Good location Upper East Side bar ok. Didn't try restaurant put us much. The purpose see Radio City Rockette Christmas show Macys Thanksgiving Parade did. They worth it!",-0.02291666666666668,0.44861111111111107,Aug 25 2008
10,10,"Great little gem We've come really like Plaza Athenee East 64th. Though price steep--isn't everywhere New York?--we feel like we're intimate European minute arrive. There almost residential feel place, staff attentive. We love cozy bar lobby (great menu light meals snacks), small restaurant likewise good. We larger usual room trip, back traffic noise whatsoever. The beds pillows outstanding. Bath small efficient.",0.2060479797979798,0.5227525252525252,Jun 25 2008
11,11,Great service Loved every minute it! We spoiled enjoyed intimate surroundings. Beautiful room - large (but NY I guess).We back Christmas shopping.,0.4489403453689168,0.5970957613814757,May 28 2008
12,12,"Excellent stay Thoroughly enjoyed recent stay Plaza Athenee. Spacious, comfortable room elegantly furnished, modern creature comforts (flatscreen+DVD player+ ipod docking station). Most importantly, room quiet, street noise. Air con worked perfectly....Hotel reception, bar restaurant air timeless discrete luxury, exceptionally well maintained. Staff times attentive, courteous well-informed, focused well-being guests.Would strongly recommend hotel.",0.4307692307692308,0.732051282051282,May 22 2008
13,13,"Mixed review Plaza Athenee There much recommend Plaza Athenee: comfortable beds, quiet location, attentive staff. But, alas, even lovely place P-A loses (expensive) luster can't get something prosaic heating, cooling, ventilation control. Wall-mounted thermostats indicate heating cooling available guest rooms. But one warm, stuffy night suite, conclude air-conditioning working. When called front desk ask switch AC, employee dispatched two laundry-hamper-sized cooling units, one room. He opened window, stuck hose it, patched hose place cardboard duct tape. And units sat suite rest visit, like two R2D2 robots -- inelegant obtrusive obstacles otherwise lovely bedrooms. The ventilation problems continued lobby. One greeted strong aromas children dubbed &quot;Chinese restaurant&quot; -- oily, pervasive cooking odor. We met odors morning, noon, night three days, hardly encouraged us stay first floor drinks dinner. We paid premium hotel's &quot;only&quot; connecting rooms, view brick wall three feet away windows. Okay, New York happens. But, combined first-floor cooking odors third-class &quot;air conditioning,&quot; conclude money could better spent Upper East Side. God help anyone booked summer!",0.14445592286501377,0.47482782369146004,Apr 15 2008
14,14,"Pleasant stay bit dated aspects We came early business meeting spend weekend together New York. Very quaint service spot on. We spent red-eye able let us sleep another room ready. Small things bit dated like toiletries, TV older scale bathroom. If prefer modern, I would shop around.",0.2169421487603306,0.43450413223140494,Apr 10 2008
15,15,"Loved Athenee This first time staying luxury New York's Upper West side worth every penny. We booked package expedia.com air pleasantly surprised. Everything prompt, people remarkable friendly made us feel though known forever. I go back. The doormen Angel Tommy awesome.",0.35928030303030306,0.4698232323232323,Mar 31 2008
16,16,"quiet elegance I recently spent weekend really enjoyed quiet repose luxurious comfort. I top floor huge room magnificent views upper east side city beyond. The room elegantly appointed French furniture, mirrored closet doors, small kitchenette, plush bed. I loved huge bathroom, pink marble walls, enormous shower, even bidet. On Saturday, I enjoyed Broadway play (Pinter's The Homecoming) managed hit sale Barney's--all within walking distance hotel. Later I dinner friend.The dining room one prettiest Manhattan. The murano glass chandeliers mirrored alcoves reflect shimmering candlelight. The menu creative offerings, served ably mature, professional staff. On Sunday morning, I light breakfast Bar Seine retired room read New York Times. Though heart Madison Avenue shopping district steps museums Central Park, I hard time getting relaxing retreat! But I did, staff helped plan trip arrange transit.In sum, I found perfect relaxing weekend New York. It worth every penny!",0.24382014590347925,0.5024971941638608,Mar 26 2008
17,17,"Disappointing We booked basis great time stayed Plaza Athenee Paris. Unfortunately two comparable. Whereas PA Paris grand modern chic, PA New York cramped, dated staff unhelpful.Take one evening asked make us reservations for. Firstly took 30 minutes bring iron room meant late leaving. We got restaurant find concierge changed table reservation asked meant 45 mins early. We therefore late finishing dinner so, got jazz club booked us, longer able get club cut-off time entrants - fact forgot tell us about.The rooms reasonably sized equipped bathrooms dated. Whereas Paris large bathrooms modern fittings, bathoom looks tired needs ripping out. The communal areas NY almost non-existant means feels alomst entering appartment block rather hotel. Again, compare Plaza Athenee - lobby bar impressive.Overall, I wouldnt recommend staying certaintly staying next time I NY.",0.06254058441558441,0.5432156385281384,Mar 23 2008
18,18,Love NY Third time New York - best time far. Besides chilling weather wonderful stay. The Plaza Athenee beautiful boutique - I highly recommend it. Our room spacious niely furnished - service perfect start finish.,0.4246363636363636,0.6794545454545454,Mar 13 2008
19,19,"Wonderful Hotel This elegant good service great location. It pretty street upper East Side. The rooms nicely furnished desk. The quiet hordes anywhere. The restaurant beautiful delicious food. Throughout restaurant, staff attentive intrusive. It within walking distance great restaurants, Madison Avenue shops Central Park. It quick cab ride museums. The concierge patiently provide multiple dinner entertainment options came last minute reservations theater exclusive restaurants. Yes, bathrooms small breakfast rather expensive. Also, booked rooms internet get suite price room. If judge probably place you.",0.34412280701754383,0.6118421052631579,Feb 16 2008
20,20,"Excellent An excellent European intimate feel. The rooms comfortable, though bathroom products bit plain.Service good. The concierge service excellent special mention made Rick Cook colleagues knowledge discernment restaurant reservations.Rajen Dalal, U.K.",0.6233928571428571,0.7439285714285714,Jan 4 2008
21,21,"Beautiful charming perfect location I happy hotel. It lovely luxurious, friendly gracious. The location fantastic: About block Central Park zoo - also means block Fifth Avenue. Madison Avenue's designer shops half-block away--fun window-shopping, even buy! The Upper East Side, get Midtown easily. Excellent concierge service, yummy food great service hotel's restaurant, incredibly comfortable bed contributed wonderful stay.",0.6173076923076923,0.7653846153846154,Nov 25 2007
22,22,"Bad experience time... I go New York every months, stayed Plaza Athenee number times. This time, I found much less satifsfactory. First, room cost $650 (for room 411), dingy interior room without view. The TV system antiquated (as TV) far par. Signal bad, worked intermittently. My laptop big screen (and flat boot). It also work, engineers call cable company disappear blank screen.The Internet connection wired only, far short internet cable attached one ugly weights prevent stealing something precious 3ft piece Cat-5. No wireless room.One always impression Manhattan place go get excess money removed, Pl. Ath. help that. Silly things like adding $6.00 per person AS WELL AS service charge already expensive room service menu mere irritants, conflate things leave bad taste mouth: one underhandedly ripped off.The decor beautiful, staff friendly helpful. This reason I went back. But fact overpriced, I felt cheated meant I constantly thinking I go back there. The fact took hour folks retrieve car final straw. For prices, enough people go fetch cars.Nice people, over-priced, falling acceptable standards money charged. Not good experience time.",-0.09845872518286307,0.5469958202716823,Oct 17 2007
23,23,Nice place Luxury - good staff comfortable.Location good.Room comfortable low level view hiden away corner. When I asked change I got old ' sorry sir full routine' sure true feel full.Overall good however.,0.24500000000000002,0.6588888888888889,Jul 26 2007
24,24,"Not At All What I Expected I misfortune staying air conditioning fiasco well indicative bigger problem Plaza Athenee -- unevenness staffing. I arrived check-in 5 pm told room ready. When I asked large fans I assured problem would resolved 6pm. I left looking cool spot relax (and little shopping). I returned 7pm find a/c still broken room available. I asked put wait list soon arrive portable a/c units went room. Not word apologizing heat asking could help luggage. They offer warm bottle water. I let room (the bellman busy running around delivering water least trying help) find average accommodations melted cookies. The closet held fluffy robe slippers. At least someone trying make pleasant. The furnishing dated little worn room spacious. The bed linens lovely. The bathroom quite spotless big negative Housekeeping staff. I evening engagement downtown left evening assurances I would a/c upon return. Guess I returned room almost 84 degrees -- 12:30 am. When I called front desk told a/c units available. What happened earlier promises a/c portable unit? She say. I ask prepare bill I would leaving directly go another hotel. Yes 1am....it bad. Low behold 5minutes later portable unit arrived. The gentlemen installing unit kind could particularly must long day. They even smiled!After fair night's sleep I awoke find room service would available electric fix a/c Hmm. And I got front door I schlep block Madison hail cab rain doorman watched awning.To recap grades: Check-In staff C, Housekeeping staff D dirty, Doorman rate C open door way Room Service question mark functioning.Overall uneven stay terms service provided. And I paid rack rate pleasure. In NYC many great hotels risk stay here. Try The Lowell never need wonder staff well trained deal set-back. Hotel Plaza Athenee worth risk $$$. I know many ready say can't really responsible air conditioning failure however responsible way dealt got failing grade department.",0.08993326118326118,0.4498665223665226,Jul 17 2007
25,25,"I come back wife. I enjoyed restaurant I lunched business associates. The incident air-conditioning unfortunate, indeed, staff went way accommodate us even bought air-conditioning unit room. It first stay amazing hotel. The service top class employees go extra mile you, literally.",0.19285714285714287,0.5047619047619047,Jul 8 2007
26,26,"Plaza Athenee Simply superb best weâve ever New York. I spent weekend New York Plaza Athenee wife daughter. We fabulous stay. Friendly, polite warm attention staff upon check noticeable. Room luxurious, nicely designed simply beautiful. Friendly professional staff made stay home. Loved personal service involved Check process. During first night AC problem. But staff went beyond provide alternatives. Next day noticed even hired outside AC company provide AC. Very comfortable linen pillows divine.Concierges helpful knowledgeable queries theater reservations. I recommend shrimp trio dinner Bar Seine. Simply delicious!Upon departure late check adjustment bill offered lovely agent Front Desk compensate fact first night portable AC unit. Simply superb, best weâve ever New York.",0.3653246753246754,0.5066944959802104,Jul 5 2007
27,27,"Air Conditioning Fiasco Upon checking in, told problem air conditioning resolved. That misrepresentation: Our room eighty-five degrees arrived, warm air coming vents. Seven hours later, dinner theatre, temperature balmy eighty-two degrees, a/c still working. The front desk confessed problem fixed, told checked in. As left another -- wonderful London/NYC -- assured would charged. But, alas, upon return home, reviewing AMEX bill, charged $800, well excess $350 rate checked under. An attempt speak someone authority get refund resulted dumped assistant manager's voicemail; recorded request refund still pending.",0.19999999999999998,0.5214285714285715,Jul 2 2007
28,28,"Understated luxury Stayed Plaza Athenee June loved hotel. It luxurious without pretentious, staff (reception, concierge etc) helpful, including making good suggestions dinner.We &quot;traditional&quot; room cheapest type, although view nearby wall problem. Besides, dont go NY sit room looking window! Our room spacious, clean comfortable, lots cupboard space drawers shopping! The bathroom also reasonable size clean, lots fluffy towels robes slippers. A copy New York Times delivered room every morning also turndown service night.Location wise also good, close central park shops restaurants fifth, madisson ave lexington ave. Lex ave subway also 5min walk away, want use it. I think area much better location Times Square, much noisier, dirtier &quot;touristy&quot;.If get good rate definitely worth paying little extra staying here, wont regret it.",0.28790223665223663,0.516168831168831,Jun 21 2007
29,29,"The best service! My husband I returned wonderful stay Plaza Athenee I can't say enough amazing staff there. From check doormen wonderful concierge staff, everyone went way make us feel home. We lovely room, although view, extremely spacious tons closet space (very useful considering amount shopping did).We'll back sure.",0.48649999999999993,0.6338888888888888,May 23 2007
30,30,"Nice enough but....... We spent three nights--long weekend--recently. It's lovely facility; staff helpful good humored. We booked company's travel service, decent corporate rate hotel--$285 per night 'traditional' room. It fine; view, big deal since spent time hotel. Normally 6th floor rooms go $500+, I perplexed second day washclothes--had ask twice some--and next day short one towel. And one night turndown, received one chocolate! I know sounds petty caliber little annoyances get you.Larger concerns--we charged $16+ per day internet access. When I mentioned checkout, desk clerk smiled ruefully said many people complained charge.Breakfast dining room delicious wildly overpriced. After first morning, breakfast great litter diner called 'Viand' Madison couple blocks south. Cheap, tasty cheerful New York sort way.",0.2390412748171369,0.49843260188087773,Apr 30 2007
31,31,"Good but... This third stay Plaza Athenee, time, obviously good enough merit going back regularly. The check efficient, courteous room available normal check time. The problem I time, put lowest floor possible, whcih floor housing conference facility. Whilst nothing wrong room In past, I assigned room much higher floor, first time given lowest floor room. I wonder sending message? Thankfully, I lot meetings, I stay room lot. Next time, I shall perhaps try another hotel....",0.14375,0.4881410256410256,Mar 15 2007
32,32,"Great service everything else lacking Recently stay ath P-A impressed attentiveness staff. However, extremely dissappointed room price $595/night. Room 308 faces brick wall, small average room bathroom small. Had prefixe dinner Arabelle's, staff wonderful, however, quality meal disappointing. Skipped complementary breakfast checked day early.Chose small european past excellent service LHW hotels.Would stay again.",0.12321428571428572,0.5746428571428572,Nov 8 2006
33,33,"nice place I stayed two nights business recently found delightful. The staff courteous efficient quick offer assistance. Really enjoyed bar well decorated excellent service.The rooms quiet comfortable pretty sizeable compared NYC hotels I've stayed in. The workout room small side, clean offers chilled towels water. And best all, charge already shelled $400+ room like Hilton!Everything right I would definitely recommend place.",0.36710084033613444,0.6114145658263306,Aug 28 2006
34,34,"Words repeat customer. It reassuring âcome homeâ running around city day. I feel comfortable Plaza Athenee well-pleased environment-----until I step bathroom.Guys, gotta something bathrooms. Zero counter space around sink. Narrow shelves built walls. Okay, trolley cart set shaving kit on. Thank that.I need counter space shelf space. And Iâm one person. What must like two people share room? (Iâd curious see bathrooms suites look like.)My ideal room would Plaza Athenee bedroom attached Four Seasons bathroom. That would nice.On day I checked in, I received gold box Belgian chocolates note manager welcoming back hotel. Those chocolates tasty! I called downstairs asked store nearby sold them. They directed Leonidas Madison 52nd 51st. I walked bought gifts hit folks back home. I admire Plaza Atheneeâs concierge staff. Dependable. Knowledgeable. Efficient.My room rate 445/night. The various taxes came 63/night-----bringing total room charges 508/night.",0.18181818181818182,0.5863636363636364,Jun 9 2006
35,35,"A provisos Reporting suite P-A eve departure: read previous reviews, thoughts order.1) Spacious rooms - NYC comparison. The money gets twice square footage Four Seasons, example, nearly Pen (and hell lot nicer bathrooms). You get realm &quot;institutional-size&quot; hotel, though. Know bathrooms P-A small, lowriding castiron tubs, quite dated.2) Room Service, prompt, well suited mood club sandwich similar. Anything vaguely past casual junk food culinary tragedy. The restaurant, Arabelle, good order menu, quite nice, comes hefty price.3) The Service good, beyond get anywhere else price category. The front desk could use course hospitality since business-side run iron fist. (Early checkin late departure available ready pay another night)4) If junior-suite kind traveler, place you. They nice regular suites double rooms, offer ask &quot;junior suite&quot; darkish dungeon one small window, small bathroom, lots floor one chair desk accompany bed.So, I stay here? It smaller intimate fivestar properties city. The location far enough midtown offer bit residential feel. I personally think bathrooms awful go program I'll take trade - I'm get away grand chill megahotels, costs soaking tub, it.If accomodation-frame mind, consider Mark Hotel (Mandarin Oriental-run) East 76th Street. It's minute notch P-A service-wise, rooms (the suites, least) bigger, baths, neighborhood interesting like walk dinner.Hope helps.",0.07520833333333335,0.4971314102564103,Mar 22 2006
36,36,Impecable Service! I stayed Plaza Athenee past weekend. It beautiful hotel. Very inviting get door. The room beautiful desk sitting area. The service amazing. Room service prompt $21.00 club sandwich arrived roll table 15 minutes. Staff friendly helpful. Location perfect want shop high end stores Madison Ave. Not really perfect go grab little something bring back room dinner. I would go back New York Minute!,0.247711038961039,0.5531818181818181,Feb 21 2006
37,37,Truely Five Star Hotel Everything excellent. From location spacious rooms exceptional staff offered fantastic service. Truely five star hotel.,0.5533333333333333,0.8400000000000001,Sep 7 2005
38,38,"Excellent Service Great Room New York I never expect much hotels New York (when ever learn put decent showers quiet a/c?) Plaza Athenee best I stayed yet. A wonderfully comfortable room, immaculately kept staff excellent. I would definitely look stay again.",0.43994490358126725,0.5871900826446281,Aug 1 2005
39,39,"World Class Again I stayed Plaza Athenee years. I stayed regularly late 1990s switched due unfriendly service less-convenient location. I changed New York Palace, Essex House, Ritz Carlton, great hotels business charming too. One colleagues urged try again, claiming service improved top condition. He right. The service welcoming right point, looked beautiful, room deluxe full charm. My friends delighted meet breakfast meeting I hosted went without hitch. I also really enjoyed restaurant recommended concierge, Michael, Madison 66th--Frederick's Madison. This top choice business personal travel New York City on, I've stayed beautiful hotels world.",0.3760642135642136,0.6073579198579199,Jul 28 2005
40,40,Wonderful,1.0,1.0,Jul 1 2005
41,41,Above 5-star,0.0,0.1,Apr 29 2005
42,42,Excellent service,1.0,1.0,Mar 21 2005
43,43,Great -- great staff,0.8,0.75,Feb 28 2005
44,44,A private hideaway wonderful city,0.5,0.6875,May 31 2004
45,45,romantic stay,0.0,0.5,Apr 5 2004
46,46,Really Great Place,0.8,0.75,Mar 26 2004
47,47,Superb Service Accommodations,1.0,1.0,Feb 21 2004
48,48,loved suite,0.7,0.8,Sep 3 2003
49,49,Absolutely Loved Plaza Athenee,0.7,0.8,Jul 1 2003
50,50,Tip-Top,0.0,0.0,Oct 26 2009
