,Unnamed: 0,Reviews,polarity,subject,Dates_extracted
0,0,"Nice Hotel Great Location Our room clean, nicely appointed. Small, expected given location. VERY comfortable beds. Staff friendly responsive.",0.36395833333333333,0.71875,0.71875
1,1,"Great Stay I went NYC Macy Parade, I arrived Tuesday Nov. 24. stayed till Nov. 28. I make short sweet. It perfect stay, clean, comfortable, wonder ful staff. The room big, I knew I going NYC. I stay room. I NO complaints, I make point stay again. The staff, goes way help you!! If want room nice go long day NYC place go. If want spend days hotel, NO place, It clean, beds extremely comfortable, pillows great! I cant say enought kind things hotel. You walk broadway, ask get taxi, need one. I stay again.",0.3988095238095238,0.6488095238095238,0.6488095238095238
2,2,"Great This perfect! The room beautiful, clean, comfortable. The staff nice accomadating. The location great, little busy, that's come New York for.",0.5045530303030302,0.7254545454545454,0.7254545454545454
3,3,"Nice hotel... isnt usual Hampton Inn hotel, small next 2 hotels rooms clean nice small. But cares!! We arent live permenantly rooms, clean, modern bathroom, tub nice view(depends room get). I stay again!!",0.1876309974747475,0.5595833333333333,Nov 26 2009
4,4,"Very pleasant friendly place I stayed property couple nights last week business trip. I liked lot. Very clean, efficient, friendly place. The front desk staff helpful various ways, including calling room five minutes I checked make sure everything order providing good recommendations nearby places eat, including great neighborhood Italian place block away 38th St. It includes in-room coffee maker basic certainly adequate buffet breakfast downstairs couple basic certainly adequate rooms. The business center consists three computer terminals printers good high-speed Internet connections. Also, free internet access room, though I use it. If get high enough room, get bit view.Another thing impressed pretty quiet. While passing hallway I could pretty clearly hear couple child door room next me. But I entered room I could hear all, would seem indicate pretty thick and/or well insulated walls. As others noted, six rooms floor fairly tall (30+ stories), thin building.I usually stay nicer places work play, prepared (of course unfairly) snobby one. But taking account reasonable price expensive Manhattan, I highly recommend it..I give Excellent rating, still note things visitors keep mind. First, rooms small, though certainly comfortable. Second, overall location blocks Times Square fine safe, block Hampton attractive street NYC, nice commercial establishments, trash bags stacked streets (including one evening front hotel), etc. Finally, safes rooms. I understand lack them, given budget hotel, someone travels laptop still might make hesitate staying again. Otherwise, great. I highly recommend it.",0.22442424242424244,0.5441313131313131,Nov 25 2009
5,5,"convenient quiet great value I got excellent price new near times square. The street transition, completely safe. The narrow high rise 6 rooms floor. While hampton in-house restaurant, nice free breakfast provided several menus area restaurants deliver. The woman front desk delightful I observed much careful cleaning staff lobby. The room new, well-lit, comfortable, quiet, nice high def LG flatscreen tv. There amenities get price point (refrigerator, room service, pay per view movies, etc.), purposes great deal comfortable, clean, quiet room great convenient times square location.",0.3287247474747475,0.6191287878787879,Nov 15 2009
6,6,"Great Location Super Staff Walking distance mid-town attractions (Times Square, Rockefeller Center, Central Park, Empire State Building, Broadway Theaters more), subway entrance one block away.To get JFK took AirTrain Jamaica Station took LIRR Jamaica station heading New York City / Penn Station. (You take subway takes 30 minutes longer.) From Penn Station exit W 34th St toward 8th Ave. walk 8th Ave five blocks W 39th St. Took us 10 minutes walk hotel, exactly one hour got bags baggage claim arrival hotel.The Front Desk staff excellent check-in, later asked recommendations restaurant nearby recommended Carbone Ristorante around block hotel. This good, family owned, Italian restaurant, small, six tables bar food fantastic (highly recommend pizzaâs).Room staff also great, gave us extra coffee packages asked them, room always clean got back sightseeing.The rooms small clean quiet. The Tassimo One Cup Coffee Makers rooms make great coffee, room bath tub, would liked, nothing wrong shower. Our room 11th floor face street; quiet, street noise all.The breakfast included room rate, buffet style, choice cold cereal, scrambled eggs, sausage, oatmeal, bagels, toast, coffee, get idea, nothing brag nothing wrong either.The location affordable price two best reason stay hotel, like 6 blocks everything!",0.21200104493207939,0.5440647857889238,Oct 31 2009
7,7,"great good service Stayed 3 nights early october, room small clean every thing needed (we living there). Not best area bad turn left exiting go via 8th ave. 9th seem bit seedy 37th 41st street. We great time, breakfast good set day. Do homework price vary check, sites pricing seems going longer open. Business center vary useful get hot (they turn air-con stops staying long ).",0.2824444444444445,0.4871111111111111,Oct 16 2009
8,8,"Disappointing The Hampton Inn Time Square South located relatively good find many places walking distance. We staying double bed room high floor (26th) great view brick wall (i imagine anything better). The room small hard handle stroller baby, introducing crib room made moving room impossible. The room clean expected hampton network, nothing extra ordinary, showers also small clean. The service real disappointment, put smile front desk people even told lottery, grim faced always giving feeling favor every service give you.The supposedly free wireless connection guests room connectivity impossible, went elevators came back. The rooms also expensive thought would get better return money spent (354$/night)I would recommend staying unless get deal cannot refuse. There boom NYC now, find better little effort.",-0.03773809523809522,0.5622916666666666,Oct 9 2009
9,9,"Great Find I stayed Hampton Inn Times Square South 10/1/09-10/4/09 I enjoyable stay. The area &quot;bad&quot; posters stated. It's city street different many city streets. If never street city New York might seem daunting. But safe make safe. Be aware surroundings know going. People look clueless lost targets. So even know going - fake it. Attitude everything. Remember, place &quot;dangerous&quot; cleanest suburban neighborhood dirtiest city street. The situated 8th 9th Avenues (though closer 9th) avenues fairly busy. You're blocks theatre district made perfect me. While town I took production &quot;Bye Bye Birdie&quot; Henry Miller Theatre (on 43rd Street Broadway &amp; 6th Avenue). A quick walk hotel. The staff helpful courteous I complaints them. Whenever I stay I put &quot;do disturb&quot; sign door keep staff. I need bed made every day accumulate much trash short stay. While Hilton Family hotels quite reputable I'm sure temptation go someone's belongings swipe something would never occur one employees. Temptation always around. Especially there's laptop ipod room. So, I stay room. They clean I'm gone. I highly recommend hotel. Only six blocks Penn Station blocks theatre district. Not many taxis come 39th Street one easily hailed either 8th 9th Avenues (though going uptown better hail one 8th). If uncomfortable thought hailing cab ask front desk help. I never I see would problem. The time I used cab I went Lincoln Center (in 60's). I walked everywhere else. Walking real treat never know see. During stay I saw four Broadway actors walking street - one Dustin Hoffman.",0.13455342902711323,0.5595640616693248,Oct 8 2009
10,10,"Convenient The located block away Times Square. It also convenient subway. Having 2 young children along, great place stay, breakfast included. They could get something liked snack take along later day. The staff accomodating.",0.33999999999999997,0.45,Oct 8 2009
11,11,"Great Little Hotel No evidence start problems mentioned previous reviewers. Good room size Manhattan standards. Double windows soundproofing, quiet air conditioning. Friendly staff, good breakfast area, nice fitness facility, fast WiFi room. The location might bit concern families concern all. Tall narrow, 6 rooms per floor. I'll back.",0.2169871794871795,0.49615384615384617,Sep 27 2009
12,12,"excellent friendly staff! Excellent polite friendly staff! stayed posher, expensive hotels n.y far best! staff friendly helpfull, nice clean location great too! view wasnt good stayed room rear building cant ask everything, still tidy, clean spacious room. would definately stay again!!",0.5696388888888888,0.7266666666666667,Sep 24 2009
13,13,"Great Hotel I great stay hotel. There couple minor concerns I took management, great helping them. All staff encountered friendly. The business center came handy since I bring along laptop. Yes, rooms smaller compared normal hotel, NYC I think suitable size. We walked late night never felt unsafe location. In fact, saw NYPD officers posted many streets, safety concern. Overall great stay I would recommend hotel.",0.3598214285714286,0.5607142857142857,Sep 21 2009
14,14,"10 5! My family (wife 2 children 24 27) award Hampton 10 5!This great helpful staff best breakfast ever got stayed US, Europe, Africa South East Asia. It compete Allegria Guest House Stellenbosch South Africa.We bedroom 4 people de room nice. Large comfortable beds, nice flatscreen TV free internet services. But location along 8th Avenue walking distance downtown Manhattan course best asset.So, I stay next visit New York!",0.4637283549783551,0.5944264069264068,Sep 17 2009
15,15,"Great Hotel My girlfriends I booked last minute pleasantly surpised nice was. The staff helpful friendly, room clean nice. The beds comfortable. The continental breakfast treat especially city want something quick easy. I would definatley stay again!! The price right!",0.4363507326007325,0.7201831501831502,Sep 17 2009
16,16,"Great location fab rooms great staff Lovely little hotel, staff helpful free internet kiosk, cant ask better. Breakfast included typical american fare. Would like soya milk available, never asked cant complain. The location best!! So close Times Square Broadway still nice small quiet hotel, big rooms!",0.31398809523809523,0.5059523809523809,Sep 4 2009
17,17,"Great Customer Service still exists!! This far best we've stayed New York City! We visited New York City 3 times last year time stayed different hotels. We never stay anywhere else again! The customer service far best ever experienced! We asked refrigerator room promptly, housekeeping showed one. The next day, asked chance, would little microwave room could reheat food purchased? And minutes, housekeeping showed one! It great! The hot breakfast morning fabulous! And week, also set breakfast go bags! Be sure grab life saver streets shopping!",0.3760732323232323,0.5674803591470259,Aug 25 2009
18,18,"Not best location nice I stayed one night August '09 I actually liked it. The problems I encountered involved shower. The water luke warm pressure great, otherwise clean rooms spacious. It's greatest area city, I would probably stay again.",0.5518518518518518,0.7944444444444444,Aug 25 2009
19,19,"Food Stolen Room - No Hot Water I change rooms 2 times stay. I requested room high floor city view upon arrival 8/8/2009 I received room high floor view. I tried call downstairs phone room work. I went back downstairs lobby requested room view. I received room view (room 2706). I checked went day. Upon return 11:30 PM night I proceeded take shower discovered hot water. I called downstairs report issue told let water run 10 minutes. It ran 20 minutes never got hot. I went downstairs talk front desk desk clerk gave another room (room 2606). I requested shower cap front desk took 30 minutes one brought room. I always shower cap ready waiting Hampton Inn stays matter city Iâm in. On 8/9/2009 I bought 3 brownies Chelsea Market NY brought room. Two individually wrapped not. I left room 7:30 AM 8/10/2009 return 6:30 PM. Upon returning room I found one brownies eaten cleaning staff. I reported issue front desk told talk manager next day 8/11/2009. So next morning I tried reach manager unsuccessful I able talk front desk. The lady front desk offered full free night applied bill. Although offered free night consolation incident completely solve issue. I appalled upset I left something room return I got back. This extremely unsettling me. I know brownie may seem unimportant staff scares bothers know I left something room taken time I got back. Principals, morals trust important I staying one Hampton Inn hotels I expect anything stolen taken me. I also expect change rooms two different times I expect hot water room I requested ready upon arrival. Apparently Hampton Inn/Manhattan Times Square South new already adapted thugs staff. The location convenient close Times Square. As space...well, New York City space limited everywhere complaints there. As area, safe places NYC careful watch surroundings. The elevators slow annoying. Overall, interior nice 6 7 days I stayed room clean. I one bad cleaning experience I came back room find ice bucket cleaned bathroom thoroughly cleaned well. Overall, I would recommend convenience, location fun time, expect hot water 27th floor leave anything sitting want keep.",0.019194899303594946,0.5064916243177112,Aug 17 2009
20,20,"I would stay We stayed three nights Hampton Inn woudl go back. It new things worked out. I made reservations two couples three nights, somes nights using Hilton Points. This confusing desk staff almost missed prepaid day tour this. The elevators problem, two one broken, took long time get it. We tickets show one night decided way could sure making performance walk fourteen fights stairs. At least 32nd floor. The rooms tight could walk closet someone sitting desk. It vacation worried making tour performance cannot get elevator resolve registration problem.",-0.07616030434212254,0.512548865276138,Aug 12 2009
21,21,"A tight squeeze poor location. This consistent level quality would expect Hampton Inn. The rooms small. There 2 elevators. One broken one elevator 32 floors.There service elevator cleaning staff gets elevator garbage bags. :( We given water bottles I went soda machine get something drink, soda machine broken. Although within walking distance Times Square, sketchy section. We feel safe walking back night. The staff reception desk friendly breakfast OK. Air condition worked well.",-0.0925824175824176,0.4677472527472528,Aug 10 2009
22,22,"New Hotel... Many kinks work out. It typical Hampton Inn. We problems, though.First, one elevators broken entire time there. The two, 30+ story hotel, one elevator nearly enough.The shower would completely lose water 1-2 seconds every 45 seconds so.Our room ice bucket. I called front desk one, come 45 minutes later, I went get myself. They give plastic liner even I asked one. The fellow said ice bucket new I need one.By way, also located pretty rough looking neighborhood.",0.03383838383838384,0.5111742424242424,Aug 10 2009
23,23,"Not quite ready prime time I'm normally pretty big fan Hampton Inn traveling family. Just breakfast saves us considerable time money. However, Times Square South operation three weeks shows. ie:, two elevators 32 floors (six rooms per floor), shower head installed backwards. Further, location lend family venue. One group, fifteen year old female, physically accosted fellow passer-by outside ( immediately rescued equally hostile mother). I'd recommend Hampton Inn Times Square North location families. We stayed April went well.",0.06538461538461539,0.43534798534798547,Aug 9 2009
24,24,Uma boa escolha.,0.0,0.0,Aug 19 2009
