,Unnamed: 0,Reviews,polarity,subject,Dates_extracted
0,0,Excellent Great hotel. Really new clean. Great location tourist sights NYC. Free breakfast great bonus. Fitness room looked really nice (although use it). Loads TV channels. Really comfy bed. Would definitely stay again.,0.5103030303030304,0.6904545454545455,Nov 16 2009
1,1,"Location location location Our room king &quot;suite&quot;, smallest room type property. We back hotel, real plus us, since busy cross town street, lots traffic noise. Because Hilton Grand Vacation Club, coffee maker mini refrigerator, (but microwave). This property opened July, everything brand spanking new, result. There owner's lounge breakfast snacks, house restaurant room service. There concierge, found quite helpful. The lobby area attractive, lots personnel, pretty small. The location could central Manhattan. Both buses multiple subway lines right outside hotel. We walked couple nearby museums, Museum Art &amp; Design, Museum American Folk Art. Columbus Circle Lincoln Center minutes walk away, Central Park.",0.11110389610389608,0.412012987012987,Nov 12 2009
2,2,"Great location wonderful amenities! Loved location - right center all! Of course looking Broadway, closer hotels, one perfect check Central Park, visit Times Square, catch &quot;Late Night David Letterman&quot;, etc. The room I stayed bit cramped, albeit typical NYC high rise - I know colleagues got upgraded rooms bit bigger. In room stuff (TV, desk, bathroom amenities) dated, I understand undergoing huge renovation project upgrade everything. Highly recommend location alone!",0.2895748299319728,0.6082653061224489,Oct 12 2009
3,3,"Excellent location wonderful staff wonderful room! If opportunity stay West 57th Street Hilton Club, should! This typical part HIlton Vacation Ownership portfolio. So staying &quot;hotel&quot;, considered &quot;renter&quot;. If find rate live property (remember NYC), book it!I great things say property. The location wonderful (next Carnegie Hall, 1 block Central Park, ideal shopping blocks away, nearby restaurants, etc.)! The staff extremely professional accommodating - pleasant team work with. They lounge owners continental breakfast (upgraded continental) evening hors d'oeuvres, allow access it, sure use worth it!The rooms fantastic I think quite roomy NYC standards. I stayed studio unit loved it. They offered empty fridge mini-bar. They included many technological enhancements rooms bit overwhelming instruction cards provide. But quick tutorial one staff (who admits tutorials several times week), maneuvering quickly.Overall great experiece! I would definitely stay I get chance!",0.4669318181818181,0.6474537037037037,Oct 9 2009
4,4,"Great location still working kinks We purchased timeshare year completed, looking forward staying months. We decided studio unit first stay--didn't want get spoiled later &quot;trade down&quot; larger unit. The studio beautiful, large (for NYC room!), ample amenities. What like bathroom design--the glass shower stall completely open bedroom, although there's sliding opaque door mostly covers it, there's still 6-inch clear glass gap even fully closed, someone shower see bedroom--and vice versa! This problem us, I think I'd comfortable staying unit anyone husband....Overall, service good, loved continental breakfast (more upscale most) happy hour snacks &amp; drinks owners' lounge. But lounge got quite crowded peak hours (particularly 8:30 9:30 am); really needs larger. We use fitness room, quite impressive, I'll definitely try next stay. We called several problems (no hot water one morning light bulb making annoying humming noise bathroom) addressed checked out. I disappointed spa open yet--am also looking forward trying next trip...",0.2164362519201229,0.5097926267281105,Oct 8 2009
5,5,"try My family returned five day stay new HGVC West 57th street New York. I wanted give observations suggestions.A. People B. Building C. Location D. SuggestionsA. Certainly good people site important. Our experience good. The staff willing help every area challenge. As DCBob previously reviewed, Television system complicated challenging. The Hilton staff came room several times get set explained us. This includes day night request. The doorman quick recruit us taxi give walking directions. When computer removed Owners Lounge (now relocated welcome area) desk willing let use machines downstairs check emails. B. The building much taste, modern contemporary. The artist drawings VERY much actually looks like. There two guest elevators stay busy move slow. Even thought lifts small, compliments floor buttons side door. The exercise room glass window street 2nd floor. My wife used treadmill morning; area 10. It super view. Journey 25 floor enjoy outside terrace (see photos). My family sat hour one night, cold beverage, enjoy night lights! It even better view exercise room. Please note guest rooms face north (57th). On floor 803,804, 805, 806 807 premium view. Hey, I travel city look window poor view problem me. A photo view attached. A guest ice machine would great even floors. I mind calling guest services ice even giving tip, itâs waiting thorn. The large bathtub horizontal place set soap, shampoo, wine. Perhaps wire type basket could attached. Our room refrigerator get cold, cool. We call maintenance check standard. C. Super location. One subway entrance 30 yards another end block giving us access several lines. Please note large pharmacy next door everything Q-tips beer doesnât worry forgetting anything. We walked Top Rock, Broadway play, Central Park Time Square ease. Local restaurants keep happy Rue 57 sidewalk seating fun. We walked Le Cirque Ruth Chris, good expensive. My favorite meal Brooklyn Diner block west 57th. The burger $17 satisfying. The club umbrellas guest use need bring one. This location HGVC owners enjoy home base NYC fun. I overhear people complaining parking I know details. D. Better television set-up Ice Machines Bath tub basket Accessible computer check emails Outside sidewalk cover rainy days It would helpful mirror living 1BDENJOY, did!",0.15992640692640692,0.4930721500721501,Sep 23 2009
6,6,"Falls short many ways Arrived Sept. 16, 2 nights, studio room. The room average size NYC, nicely decorated hardwood floors, marble shower (no tub) high end toiletries. Flat screen TV residential style cable box plethora channels, including HBO, nice owner's lounge servce excellent continental breakfast. So far, good. Here drawbacks: VERY slow internet access room (both wired wireless - took almost hour download video home would taken 3 minutes - I Honors Diamond member, I perspective internet standards Hilton sites, one par); turndown service, even upon request (even Doubletree Times Sq. turndown upon request); poor lighting bathroom; breakfast, loud new age music playing (so loud I could conversation cell phone - I mentioned manager, fixed it, next morning back high volume); nice ton TV channels channel guide (either screen printed), many channels frustratingly slow find specific network (for example, MSNBC, CNN FOX News lumped together); would nice demand movies available; front desk staffed many newbies seem nice eager please, (and even managers) knowledge experience I've seen Hilton properties. For example, front desk clerk brand new Hilton Garden Inn Long Island knew details fitness center hours front desk clerk W57th. When I asked availability turndown service, clear clerk idea term means. I really wanted like hotel, I go back staying Hilton Club TheHilton,",0.1927146464646465,0.5081228956228956,Sep 18 2009
7,7,"Excellent Service- Extremely Helpful! I travel NYC frequently business. I always stay high-end close park, naturally, decided give West 57th Street try. I extremely pleased level service- rivaled favorites- Parker Meridien Pierre. The Concierge extremely helpful. I needed car service 11:00 pm, able coordinate demand last minute. They also arranged see Billy Elliott Sunday afternoon getting 2 tickets great price! The rooms also clean spacious- especially NYC. I looking forward next stay.",0.2829513888888889,0.6709722222222222,Sep 15 2009
8,8,"Not HGVC service standards I returned three night stay one bedroom &quot;premium&quot; suite. Although suite nice - three rooms - living room, bedroom, bathroom - huge NYC standards, service really good all.We beeen HGVC owners nine years. We stayed mostly Las Vegas Orlando experiences perfect. Big, nicely equipped properties lots amenities staffs knew property, surrounding area nearby attractions. This staff almost clueless. There one guy, Jeff, helpful interms directions talented Ovie door charming really good job. Beyond them, though, nothing. My perception, based website advertising, room would view Central Park. Not even close. I view people working buildings across street. I called desk I got room see I could get better view since I paying many extra points one BR PREMUIM room. The woman said, dice. All rooms none overlook park, Not impression get website.My minibar price menu I called front desk ask price bottle wine. The guy said, &quot;The price list minibar.&quot; I said, &quot;No it;s not.&quot; He said, &quot;Well be.&quot; (Is helpful??) I asked could tell price wine said he'd call back. He never did.I complained two things manager morning checkout said, &quot;Yeah that's I'm two weeks.&quot; But never asked specifics name anything. That good. I trying provide constructive feedback blew off.Now, room nice. The breakfast buffets cocktail parties nice wicked crowded. It rained whole time I pation seating unusable I unable sit half time I place. That unpleasant.Great location bad service. I'd careful place figure things out.",0.19954732510288067,0.5665637860082304,Sep 13 2009
9,9,"Wonderful wonderful wonderful What great place. Had studio w/ king bed nicer I've stayed New York (all 4*s). Everything new clean helped tremendously. Location 2 blocks Central Park, block Carnegie Hall. The workout room owners lounge attractive. Staff friendly helpful.Would stay heart beat!",0.5318418560606061,0.6986742424242424,Sep 10 2009
10,10,"Hilton Honors Members - STAY AWAY!!! I've honors member years reason I stayed take advantage triple honors point offer. I'd read review woman front desk messing points reward. Well, people front desk said I set I checked out. Now three calls Hilton Honors later I wait 7-10 days process claim - god forbid lost receipt (I didn't). So either front desk people screwed Hitlon people screwed - I tend think former since happened before. I could complain rude way I treated Honors people phone, that's another issue. The valet also took 45 minutes bring car important business meeting Long Island. Basically disaster Honors members - nice brand new rooms that's it.",0.09829545454545455,0.5568181818181818,Sep 9 2009
11,11,"Luxury made feel like home! I went NY first time since I alone staff wonderful help little things like teaching hail taxi making reservations places solo traveler would feel comfortable. All staff learned name first day always went way welcome me. It nice always know going talk question arose. There delay check-in worth wait! The room incredible views Upper East West Sides Central Park. I Suite smaller 1-Bedroom Suites HGVC resorts plenty big 1 2 people. It large couch uniquely nice Bose system room. The bathroom amazing part since could take bath look floor ceiling windows city. (As long discreet course!) They room service fast serves huge portions. One order bacon lasted 3 days. But beware mini-bar. I opened started picking several items looking take any. At end stay I charged said refrigerator weight sensor pick item automatically charges room. The owners lounge nice place grab cup coffee middle day I needed break city. However, around cocktail hour becomes crowded comfort. I'm sure allowed go owner though. They someone outside door checking came surprised get turned down. I never breakfast I can't comment that. The internet worked perfectly complaints overall. It sort weird staying HGVC resort take garbage dishes. They come empty trash daily upon request only, however like HGVC resorts cleaning 7 night stay. For expected others checking instead timeshare need realize get fresh towels made beds unless ask them. But perhaps treat guests differently. I know. Regardless I loved week want come home.",0.23834325396825395,0.5718253968253969,Sep 1 2009
12,12,"Great new near park Full modern decor accents bit studio apartment instead room feel, property comfortable warm home base New York business leisure travel.The rooms large well appointed soft bed, large bathroom, comfortable desk area.Television comes direct cable feed On Command/Lodgenet, great variety channels.Room well lit large similarly priced accommodations. Most rooms park view though.The lobby bit small feels much like apartment entry area full-service hotel.Overall, great value location size room.",0.25979929161747345,0.5338547815820543,Aug 29 2009
13,13,"mixed feelings First I praise newly built room heart. The important things I look business trip utmost clean(preferably new construction) room bathroom, quietness night, fast internet access well-dried high quality sheets. I hate NYC hotels sense. Even nicer ones shiny need renovations (simply they're old hotels). Of course 3-3.5 star ones popular names Hilton, Sheraton etc. mostly tired, exhausted, guests treated nothing tourists.This fits bill I'd probably go back reason whenever I go NYC.However, may young. That is, management bit off. Even though I paid full fare, I given room view. My room back side building looking another office building. I might requested another room view I tourist particular trip, I care, I stayed room. But I still get put room beginning. Another rare incident check-in delayed I hang hour. I finally got room 4pm, wireless work unlike advertised. I asked Lan cable took hour half four phone calls receive it. I needed search web location I needed go I left room I stuck hour half late something, pretty annoying. If carry cables normal people don't, ask one going room least check wireless works (although I remember I check in, receptionist swore wireless would work fine).After hiccup first day, everything went fine. The breakfast nothing special (it may little light?) helped one offered hotel.The check-out procedure let think they're well-trained staffs. It seemed one could answer simple questions right away. I pay kind tax I aware energy ask. I still received Hilton honor's point month. It seems probably give points nothing indicated I reserved Hilton honor's page. I guess I expect much guys. This hotel's mgt less like one like one rental apartments. I'd go back keeping mind (then there's nothing much complain.)",0.08116858520267613,0.481310507674144,Aug 26 2009
14,14,"Beautiful property service uneven; good/and hot For detailed, accurate review property first review dated July 5 justice, exception last paragraph amazing happy hour including fine cuts meat etc. We checked two rooms last night, August 13, high expectations. On Hilton website beautiful new. The location Central Park Midtown close action without hordes tourists.I point I Hilton Gold member travel extensively work play. When checked in, inquired happy hour previous reviewer disclosed. The young lady checking us replied quite haughtily; &quot; &quot;owners&quot; hotel; people checking night.&quot; Not good start.We gave tax exempt forms went admittedly beautiful rooms.The next morning bills door taxes removed. A quick stop front desk breakfast wonderful young lady quickly took care problem.When checked out, I noticed Hilton number receipt. The young lady advised since vacation club property Hilton members get points. When I returned home tonight, I checked Hilton website. The happy hour listed website, mention get points.I telephoned Hilton customer service stated clerk wrong awarded Hilton points two five days. We shall see.I want point except young lady attitude checked us in; everyone else went way friendly courteous. There also plenty staff hand attend everyone's needs.The fitness room (not mentioned previous posts) adequate standard Hilton Precor Fitness equipment free weights.I would stay property amenities location work service bugs.Cheers.Marius",0.266017871017871,0.5306293706293705,Aug 14 2009
15,15,"Enjoyed stay beautiful luxury timeshare property The location property heart midtown Manhattan block Carnegie Hall. You find convenient location Central Park Theater District.I checked morning Friday, July 3, opening day. The check-in experience quick many staff members working day. The staff friendly tried best accommodate reasonable request. I requested received Studio Plus room high floor (the 20th - top floor 26th). The elevator fairly quick 20th floor. Key card access set two elevators working yet.When I opened door, I smelled odor new leather stuffed chair corner. The next thing notice handsome blonde all-wood floor awesome Italian marble shower stall glass wall letting lots light floor-to-ceiling windows faces. You also slide opaque door cover glass wall want privacy, might prefer get natural light!The boutique toiletries Archive include Green Tea &amp; Willow soap shampoo, Rosehips &amp; Lavender body lotion, Grapefruit Neroli shower gel.There 37-inch LG high-def flat screen TV Yamaha surround sound projector plus separate Pioneer DVD player. Full 800+ channel digital cable TV provided Time Warner Cable system. The array available channels nearly unlimited. The downside mastering use three separate remote control devices. There also free high-speed internet room using wired Ethernet access. Wi-fi access also available soon.The bed comfortable albeit bit firm personal taste. There three designer lamps room, 2-cup coffee maker, mini-bar, separate refrigerator fill items.You find beautiful Owners Lounge second floor across fitness center. I comment fitness center I use it. The lounge features ample seating inside adjacent outside terrace. There kitchen, food catered nearby Redeye Grill. Continental breakfast served 6:30 AM - 10:00 AM seven days week. They fresh fruit, Greek-style strained yogurt fruit honey, bagels, croissants, pastries, cereal, cookies, cheese crackers, bread, orange grapefruit juice addition milk various bottled water, juices, drinks, coffee tea, etc.Evening cocktail hour runs 5:00 PM - 7:00 PM seven days week. In addition soft drinks, red white wine, canned bottled beers, spirits, usual cheeses fresh fruit plus several hot tapas served Redeye Grill, including Kobe beef pigs blanket, shrimp dumplings, mini quiches, meatballs marinara sauce, spring rolls. The food delicious several cuts Hilton Club New York, probably caterer used. The spirits top shelf (for example, Ketel One vodka Tanqueray gin).I truly enjoyed experience highly recommend others.",0.23212121212121217,0.4309687034277199,Jul 5 2009
16,16,Bien situÃ©,0.0,0.0,Jul 5 2009
17,17,Fabuleux...!,0.0,0.0,Aug 8 2009
