,Unnamed: 0,Reviews,polarity,subject,Dates_extracted
0,0,"Charming We checked The Lowell dismal night Le Parker Meridien. We looking comfortable, elegant, up-scale room small found The Lowell. We found staff extremely friendly hospitable....far snobby another reviewer mentioned. This special place one escape busy city outside doors.",0.2727678571428572,0.5776785714285714,Nov 8 2009
1,1,"Exceptionally elegant The Lowell beautiful heart New York's exclusive Upper East Side. We returned one-night stay junior suite incredibly impressed. As entered suite quite simply blown away sheer size attention detail. Complimentary champagne fruit bowl awaited us fully stocked mini-bar. The bed amazingly comfortable - one comfiest I ever slept - made feel like king queen level service received. In marble bathroom Bulgari toiletries, two washbasins, huge shower room bathtub flatscreen television embedded wall. We could asked more. The mere moments away Park Madison Avenue's designer stores ideal base exploring New York's sights. If looking luxury, choose The Lowell.",0.2548484848484848,0.6810822510822512,Jul 7 2009
2,2,"The Lowell example Upper East Side class The Lowell one favorite hotels New York. Having also stayed Carlyle St. Regis, Lowell certainly category. While hidden Madison Avenue low 60's, intimate great staff favorite parts, suites Pembrooke Room. The suites newly renovated, tastefully decorated extremely spacious. They feel like apartments little kitchens gorgeous bathrooms! And second favorite part, Pembrooke Room. It ultimate setting breakfast New York. Afternoon Tea also served fantastically. The room hidden second floor back decorated lovely light spring colors mirrored. There tons daylight sunny day. There many amenities within size Post House. A Smith Wollensky operation, good signature restaurant Park Avenue Winter/Spring/Summer/Fall. A lot celebrities like bar privacy charm. I absolutely love hotel, many hotels New York like it. Even Carlyle St. Regis offer amount luxury amount intimacy.",0.21546356421356422,0.5127092352092352,May 24 2009
3,3,"On fence hotel... Depending tastes, either love hate it. I stayed 3 nights months ago. It good stay, definitely worth price opinion. This Lowell Hotel pretty small low key. The location great, 2 blocks Central Park upper east side. The neighborhood residential touristy areas Manhattan. The right middle residential street.The lobby small pretty dark. So hallways elevators. The front desk staff nice, bit snobby I elaborate later. The rooms nice. We got cheapest one, pretty small. The bed big comfy. The kitchenette stocked snacks drinks they're pretty expensive. ($5 little bottle water). The bathroom amazing probably favorite thing room. There much view, apartments across street. This high rise get pretty view Manhattan like hotels.What I like snobby staff guests were. My boyfriend I 21 years old definitely got condescending looks. It's kind hard explain typing know happens. So bit older, like low key, non touristy 5 star hotels, love Lowell Hotel. If younger want hustle bustle Manhattan stay at.It's good I stay again.",0.12474378881987579,0.5451242236024845,May 23 2009
4,4,"Not we'd hoped for. This first stay The Lowell back. We like trying 5-star hotels around world (for example, NYC we've previously stayed Trump twice The Carlyle, enjoyed both) based reviews we've read elsewhere, high expectations The Lowell. Unfortunately, went away disappointed.We booked Lowell King room American Express FHR program upgraded Junior Suite. It pleasantly decorated fairly spacious, overall nothing special it. There view (in fact, looking straight surrounding apartments thus privacy unless kept curtains closed), fireplace, terrace. It &quot;wow&quot; us (unlike 1-bedroom suite usually get less money Trump, fantastic views Columbus Circle).We like Pembroke room, breakfast tea served. It dark, semi-basement location heavy draperies overdone decor (tassles everywhere). We found dismal. The food okay service so-so.In fact, biggest disappointment The Lowell service. At small hotel, tiny lobby, guests expect greeted personally front desk walk way elevators. During entire stay, NEVER greeted. In fact, even make eye contact. There always seemed several people behind desk, busy talking other. Our one request concierge handled pleasantly impersonally. The personable people staff doormen, even friendly. We've much nicer experiences elsewhere.In short, enjoy experience The Lowell.",0.08890211640211643,0.4544841269841271,Apr 25 2009
5,5,"A quiet lovely spot stay hard top! I've never stayed NYC before, chose location park, slightly midtown hustle. Perfect choice. Small, personal, absolutely lovely. We immediately upgraded booking Junior Suite. Not enormous, spacious closet kitchen, gorgeous bath (separate tub shower), room service, attentive conceirge. Loved bed pillows. Value? I nothing compare to, midrange online research.",0.2654761904761904,0.5958333333333333,Mar 29 2009
6,6,"Romantic comfortable My husband I stayed Lowell Hotel celebrate birthday past December. We lovely experience. While room large, comfortable working fireplace great. The bathroom awesome. Huge class enclosed stall shower, big sink area. Huge tub. We great experience!",0.37857142857142856,0.6607142857142857,Feb 16 2009
7,7,"Gem Hotel Don't let tiny lobby miniscule elevators fool you, rooms large exquisite--especially New York. Our room, 7E renovated featured king size bed, kitchenette, terrace, seating area large marble bathroom flat screen TV bath. I sure technically considered suite, I hard time leaving room explore New York. I stayed several nice hotels city (The Pierre, The Palace) The Lowell far favorite. The best part get avoid tourist crowds milling around mouths bigger hotels yet heart shopping district--a perfect place stay Christmas holidays. The Lowell felt like luxurious home away home.",0.19615482556659028,0.518928783634666,Dec 22 2008
8,8,"Tired dated After reading many glowing reviews Trip Advisor, I booked room The Lowell three day business trip August '08. When I first arrived, I given room fourth floor ancient chipped furniture, stained rug, dingy kitchenette complete 70s-era appliances. Also, room low surrounded buildings cell phone work. When I called front desk ask another room higher floor furniture better condition, I told chips worn paint simply &quot;the style&quot; furniture, rooms available. Only I insisted I told rude desk clerk &quot;moved things around&quot; found room higher floor. Unfortunately, room carbon copy first, least I cell phone reception. I got shower find dried splatters blue soap shower walls curtain. I call housekeeping clean I went out, did. Later night I turned air conditioning, rattled loudly kept awake. The bed sheets fine. I'm baffled rave reviews given hotel. Some floors renovated rooms, I hope they're better shape one I condemned sleep in. They could hardly worse type name reputation. The good things I say The Lowell well located nice side street quiet. However, may empty due exhausted appearance rude staff.",0.06164215686274511,0.5141806722689076,Nov 16 2008
9,9,"Great Intimate Hotel There four hotels regular NYC rotation, The Pierre, The Plaza Athenee, Mandarin Oriental Lowell. The Mayfair Regent also fave, succummed years back.In general I like smaller, older intimate hotels great locations. The Lowell more. The rooms small, I wanted bigger room, I'd stay Courtyard Marriott.The Lowell drips charm staff well trained attentive needs. This last trip exception. Everything perfect bathroom, get nightly turndown service concierge knows business.",0.2679166666666667,0.5110576923076924,Oct 20 2008
10,10,"The Most Elegant Hotel In New York What I say. This best NYC. My husband I celebrated anniversary The Lowell. I never forget it. Marble kitchen bathroom, crystal, frette sheets, person changes orchids yoour room daily....our terrace overlooked The Pierre...Everything thing done good taste. It perfection!",0.4801948051948052,0.5992207792207793,Apr 18 2008
11,11,"Our Own Hideaway New York Four us went NY experience Christmas city. No matter many people encountered day always knew walked front door, peace would theme. This place fantastic. The rooms wonderful, service perfect. They found us great tickets opera 5 hours curtain. We stayed five nights plan next year.",0.5545454545454546,0.7005681818181818,Apr 14 2008
12,12,Lovely quiet We 3 nights The Lowell Lowell King room. It beautifully &amp; newly decorated great bed &amp; good bathroom.The staff helpful. Housekeeping good. Concierge good &amp; rather unusually NY quiet.We loved breakfasts.But expensive &amp; although area great top end shopping bit walk museums &amp; long cab ride downtown.It suited us 3 nights I think would got bored we'd stayed longer.,0.3847727272727273,0.6811174242424242,Mar 26 2008
13,13,low key A little small me. Had problems toilet backed every day;. And restaurant breakfast needs remodeled -- looking little shabby.For price I'd consider staying elsewhere.,-0.10972222222222222,0.45,Mar 7 2008
14,14,"The Best!! With many hotels choose from, many reviews peruse, hard make decision stay recent trip NYC. Luckily, chose The Lowell. What gem!! In past stayed St Regis The Penninsula. Not anymore.I called directly got, great East Side location, pretty good price asking &quot;specials&quot; dates. I quoted rate quite bit cheaper discount websites. The elegant, understated entrance hints inside...a lovely, small lobby smells fragrant flowers. When checked in, Jonathan, front desk, upgraded us room recently renovated bathroom. We offered complimentary beverage (we chose champagne arrived within 10 minutes silver tray) enjoyed beautiful bowl fruit placed room. The decor refined, room immaculate new bathroom stunning.The next day realized smoking floor (I neglected request non-smoking room) I called front desk see anything could done. Johnathan called back within half-hour inform us would upgraded suite remainder stay! We promptly moved maid service already suite making king bed two twins there. Needless say, impressed gesture appreciative. Without exception, staff nicest helpful anywhere we've stayed...and we've lot 5-star hotels. I can't say enough superb heart NYC. My concern secret get (should I really writing this?) we'll luck next time we're town.",0.28077364554637274,0.5842286501377411,Jan 17 2008
15,15,"Comfortable Luxury I following reviews Lowell quite trepidation staying November stay. This review people read reviews feel sort doubt book -- trust me, put fears rest !!!The historic, located 2 blocks Central Park fairly quiet street Upper East Side. Historic means elevators slow small, frustrating sometimes. But, small thing look overall service provides. The F subway line 2 blocks away, plus 6 subway line 4 blocks away. We found mostly used two lines get around NYC. The staff snobbish friendly, earth, welcoming. Kudos Antonio, evening concierge, especially. He would always greet us warm, friendly manner always interested short chat day went debate virtues particular restaurant.We stayed King Jr. Suite. The suite spacious, beautifully decorated, true pics website. Everything extremely clean good repair, worn furniture dirty walls peeling wallpaper reported another review. The bed tad firm, I'm splitting hairs here, made high end linens. The bathroom extremely spacious, beautifully done marble comes yummy Bulgari Green Tea amenities. Get know maid friendly terms, she'll leave take home ;o)We ordered room service twice Post House, time food came well-prepared hot, within 1/2 hour, even busy times. Portions extremely large, may want split entrees positively starving. Our faves coconut cake; lots white cake layers sandwiched coconut mousse Lobster Club sandwich.The service Lowell top notch, stayed Four Seasons Hotels I would say comparable. For example, plenty umbrellas rainy days, come back wet outing, automatically exchange wet umbrella dry one. We mentioned birthday one evening large chocolate mousse cake delivered room, gratis, candle. After first day, staff greet name. Little things like make difference expected well, cheap stay Lowell. There also gym fairly well equipped, plenty bottled water, fresh fruit every type energy bar/ protein bar think help to. Also, also free computer printer use, saves bringing laptop.All all, feel worth stay Lowell, save pennies again. We felt totally pampered relaxed, plus friendly staff made pleasure come back &quot;home&quot;. I truly say wonderful experience Lowell look forward staying soon.",0.14488503259192917,0.48089754689754693,Dec 3 2007
16,16,"Elegant European style We escaped nervous experience driving Newark arrived warmth Lowell relief. The staff welcoming helpful. The lobby nothing special bit dark. The rooms however sumptuous elegant. We lovely beds, high quality carpeting, pillows, sheets, comforters, etc. The bathroom also full marble rich fixtures.The room service ridiculously expensive served fine china silver done classy fashion. We love location residential neighborhood far central park east side.If looking elegant, european style (small luxurious) can't go wrong Lowell.",0.14783208020050126,0.6216541353383459,Oct 19 2007
17,17,"awful Hoping marketed Leading Small Hotels World would good thing, booked 4 night stay here. We arrived woman complaining check-in desk bar serve alcohol. The person check-in desk actually started argue her, voices started rising. This enough information us turning heels...but exhausted transatlantic flight gave try.Mistake. The room tiny noisy. The bathroom musty smell New York City bathrooms get 20 years. We sleep honking taxi cab horns. We checked one night moved another hotel.",-0.10170454545454546,0.5318181818181817,Aug 18 2007
18,18,"Absolutely Lovely Hotel New York City The Lowell truly rare find New York City - wonderful location gracious staff distinctive rooms! I literally booked room minutes arriving yet met arrival like returning family member. No-one even batted eye I checked-in sans luggage I planned overnight stay city. Within minutes shown room small assortment toiletries delivered -- hair brush, tooth brush/paste, etc. Coupled yummy Bulgari toiletries I set night pampering!The room dream. It beautifully decorated personal home way, large, well-lit french doors leading terrace ran length room. And bathroom huge complete double sinks lovely window (more light) heated marble floors. I could move right in!A small kitchen cleverly hidden behind appears closet door. It comes complete refrigerator, microwave, small cooktop dinnerware. Did I mention I could move right in?The staff gracious kind. I ordered tea service dinner arrived within 15 minutes. About 9pm I ordered snack door minutes -- biggest surprise excellent quality room service food. When leaving next morning doorman ran Madison locate taxi rain. Now often occur?Beg, borrow plead stay next visit NYC. They absolutely client life!",0.2117853410956859,0.5187042842215257,Jul 17 2007
19,19,"Intimate elegant! I loved Lowell! After staying 3 nights, I must agree reviews: great personable service, spotless rooms right touches, great location shopping dining... The small size great women travelling alone (like myself). PS: Avoid restaurant across street : &quot;Le Bilbouquet&quot; part time hostess &quot;Anna&quot; works (she July 8th), displays rudness, unaccommodating demeanor pompous behavior ruin New York experience. Ask doorman go. I wished I had! It seems 30 years avoid want taste food.",0.4181168831168831,0.641525974025974,Jul 11 2007
20,20,"Would definitely recommend secure renovated room The Lowell good-definitely upmarket luxury hotel-but I found wanting high price I paying.On upside, suite I stayed spacious great natural light. The bathroom terrific-stocked Bulgari products folks front desk incredibly helpful, especially John Mark concierge helped recover forward luggage airline lost.On downside, things suite seemed tired: bits wallpaper peeling corners scuffs chips baseboards etc. They relatively small nonetheless irksome price level.I found room service excellent hotel, though continental breakfasts seriously lacking.",0.21976190476190477,0.6254761904761904,Jul 3 2007
21,21,"Home away home My husband I checked Lowell Hotel week Christmas. Our plan stay New York 3 nights heading St. Moritz Christmas ski trip. Things often go planned, husband got sick New York. The Lowell Hotel fantastic us. They made Dr's appointment Christmas Eve husband, decided could fly Europe sick flu, could continue trip, conceirge helped us cancel reservations air, hotel, train tickets Europe, extended room reservations Christmas. We stayed one week, conceierge, desk staff could kinder us . We appreciated everything us, including little extras. I would never stay another hotel. If want, small intimate, great location, low key hotel, perfect staff town, you.",0.0452056277056277,0.6572727272727273,Mar 31 2007
22,22,"You CAN go home again! Having recently joined FHR program American Express, gem property back list, real treat return. I've stayed many times years I care admit, including dear departed mum I teen. It's fireplaces homey shelves full real booksThere something magical way Lowell mixes glamour gracious hospitality, something admirable way keep rooms fresh without losing slightly old-fashioned feeling. I think one keys success door bell staff, nicer efficient without pretentious oily. My major problem I stopped staying years ago lack broadband, fixed that, free! All top hotels know us mercy regard charge lot. To decisions says lot management Lowell, understanding guest goodwill norn gestures like one extremely useful times occupancy rates falling today's heady levels.For anyone traveling children likes self-cater, Lowell marvelous little kitchenettes allow save room service. We wonderful brunches quiches Fauchon, staff nice bringing set-ups. This wonderful place stay, big wearying day great city, really feel like home.",0.29220430107526885,0.4650537634408602,Mar 16 2007
23,23,"Perfect New Year My brother I booked one signature suites (the Lowell Suite) New Year's Eve New Year's Day -- wanted host open house New Year's Day. The suite, working fireplace, impressed New Yorkers visitors alike. Arranging buffet suite took two e-mails. We also ordered room service eight people 3:00 New Year's Eve, food arrived promptly delicious. There small glitches week-end, staff always exemplary, promptly corrected anything I brought attention. I strongly recommend Lowell anyone wants conceit &quot;At Home&quot; New York.",0.3098484848484849,0.5653679653679653,Jan 4 2007
24,24,"Fantastic My husband relunctant go New York City, I tried careful get might like.The Lowell definitely fit bill. The room large (for New York standards) small kitchenette. The service outstanding food great. I would definitely stay again.The thing I would change I eat Post House again. I ordered steak medium inside still raw. From I could see steaks served, typical.",0.12032693496979208,0.6070857713714857,Mar 31 2006
25,25,"Personal service goes far I read, research really poured heart finding great top-of-the-line Oct trip NYC. I difficult travel companion thus wanted catered every need. The Lowell DID live expectation. They always needed treated travel companion respect even though rude, impatient otherwise difficult manage. The place little fancy (and almost snobby times) taste (completely personal) nonetheless, still classy league own. HOWEVER THIS IS WHERE THE PRAISE FOR THE LOWELL HOTEL ENDS!! We made large purchases NYC needed items shipped home. I told staff package fragile needed buy insurance $3,000. The items arrived home original bag I given staff pack, box bubble wrap cushion double size necessary contents inside. In addition, little tape used secure package. Needless say, $300 worth items arrived broken. The shipper denied insurance claim $300 poor packing fragile items. Given caliber The Lowell Hotel known intimate personal service, I expected much handling package. Besides obvious lack packing material inside box 2x big bag shipped, put bag (which incredibly heavy glass lead crystal balls bowls) box. Placing order $3,000 worth insurance minimum flag staff take additional steps ensure package shipped securely. However, even worst part whole experience. I several conversations phone staff lead manager, expending lot effort make case pay $300 claim. The denied ever told package fragile (thus, effect, implying I lying). And manager participated lengthy dicker-and-ticker trying explain rational reasons package handled way was. We spent $4,000 The Lowell yet, decided put grueling, tiring batter blame game order avoid paying measly $300 claim. Never offer anything troubles damaged items. Not even 10% next stay The Lowell; I would even stay free now. In closing, The Lowell good, nice I hate see treat customer way, particularly one spent much there. I guess $4,000 bill pretty measly chunk change compared usual clients mind losing us. Maybe live ideal Lowell client. Whatever reason, paid $300 claim, written loss subsequently ended satisfied client happy come back time. Instead, actions produced review created bad word-of-mouth general circulation well connected influential former client. My ex-boyfriend's name Lowell too. I known trouble would around corner!!",0.024084104027285853,0.5391955266955268,Jan 31 2006
26,26,Perfect New York Hotel We stayed Lowell Nov. 05. My daughter getting married city weekend. Everything I requested granted courteous upon checkin. The room clean bathroom roomy. The gym terrific concierge wonderful. We stay Lowell again.,0.46662878787878787,0.7130681818181819,Jan 2 2006
27,27,"Aways stay Lowell I I aways stay Lowell I can, sevice great, rooms large (most kitchettes), staff rembers likes (and important dislikes). There great resturant site &quot;the post house&quot; great little name (there name resturant, dose need one allways busy) French resturant across street.",0.39267857142857143,0.5478571428571428,Sep 2 2005
28,28,Splendid Spring Stay Lovely European elegance charm. Great location-between Park Madison-excellent shopping nearby. Room wonderful comfortable. Bulgari bath products-large bathroom-comfortable bed-mini wet bar included refrigerator drawers stocked nice goodies-service excellent attentive-great quick room service. Will return.,0.5366666666666666,0.72,May 18 2005
29,29,"The Lowell small neat lovely perfect location We stayed 5 nights Lowell last month standard room. The service excellent. The room impeccable. The linens furnishings lovely; bathroom spotless spacious. The service first rate attentive. We called help hooking laptop - technician arrived within minutes. Did front desk recognize us everytime came went, no. Did matter? Absolutely - we're full expect to; respectful helpful every instance, several attendants front door. I letter mail checking person front desk know mail arrived day not, handed letter front door attendant walked across Madison Ave dropped post box me.What I figured reviews taken grain salt. And I truly believe, one treats stranger (or staff person) respect, one often returned treatment. This gem location perfect.",0.3277777777777778,0.5402777777777777,Apr 11 2005
30,30,perfect! We returned 12 nights Lowell. I can't imagine staying anywhere else New York trip. We town daughter hospital staff Lowell kinder accommodating. Our suite right- fireplace offered wonderful ambiance end day. The location perfect I've never seen staff dedicated lovely (and stayed many times Four Seasons). Book suite room know call &quot;home&quot; New York!,0.5658369408369408,0.6883116883116882,Feb 24 2005
31,31,"Don't look Nick Jessica The Lowell caters wish stay &quot;in&quot; hotel, though, I think standard better well-know grand hotels city. It's affiliated chain, tell moment arrive. There key cards; instead actual room keys leave desk staff (whom first time reurn, arm extended key open mouth). Since old apartment building, room full kitchen (the deluxe rooms kitchenettes Sub-Zero brand appliances) rooms exactly except caliber (Bulgari porducts, TVs tub, etc). Service attention detail corporate hotels beat hands-down. Four Seasons St. Regis (stayed SR, double rate) can't compete. Ice comes two minutes, room service quick. The low turnover staff amazing. I live city parents visit, twice year, staff always remembers sends without calling them. One complaint, bar sitting area (neighboring Post House door restaurant offers full room service addition hotels kitchen, stand-only bar). However, guests signing privileges Club Macanudo next door (and Le Bilbouquet bistrot across street). All all, place see seen staff guests way. And actual terraces in-suite fireplaces work? (they actually come build fire...for fee, course. This East Side all). NB: Leading Hotels (and even Orbitz) rates $310, even holidays. If want go back brag stayed Peninsula Mandarin, it, pay get less.",0.16926767676767676,0.39749999999999996,Dec 16 2004
32,32,"European Luxury USA Having stayed The Lowell 8 times last 3 years, favorite Hotel New York, possibly USA. If want get feel New Yorker living near Central Park &amp; within steps best shopping city, want miss coming &quot;home&quot; The Lowell. I Christmas 2003 pekingese, best Christmas I've ever had. Room service superb, concierge arrange whatever requests may have, desk staff treated &amp; dog like 1st class. The rooms quiet furnishings comfortable. Enjoy trip New York &amp; please consider fine luxurious peaceful home away home.",0.329162210338681,0.5066844919786097,Sep 21 2004
33,33,"Understated Elegance.... When Ritz Plaza Athene booked I decided try The Lowell last May (2004). It good value steps best shopping Madison Avenue, I went low expectations little lose. On first impression lobby seemed dark &amp; bit dreary, welcoming staff &amp; unasked room upgrade quickly made it. As woman traveling alone, I prefer small boutique hotels european feeling idea heaven bed filled pillows, bubble bath great room service I'm away home... The Lowell all. Right Bulgari toiletries Frederic Fakai shampoo! My room spacious, tastefully furnished, I wait get back 'High Tea' end day (clotted cream &amp; all). If five star service priority, may disappointed, quiet, privacy, understated elegance makes happy delighted The Lowell.",0.18816893424036282,0.4603250188964474,Aug 5 2004
34,34,"unhappy service I absolutely LOVED room. We stayed 5 nights truly felt like apartment city. However, service terrible! We booked $750 suite upgraded manager even nicer room ($1,200) without ask. The front desk staff rude every time I spoke them. They recognize guest 5 day stay. They neglected bring packages room. They lost husbands lap top hours. A houskeeper repairmen working another room floor raided kitchen alcohol candy bars front desk refused take bill. Also houskeeping neglected place sign fireplace informing us $20 per day fee use. We used every day shocked upon checkout $100 charges. Again, desk refused remove charge. I even suggested accompany upstairs prove sign there. The staff member accused &quot;disposing sign&quot;. I received refund extra charges writing letter manager. He nice offered us free night next time NYC. I'm little scared give another try though, especially many fabulous hotels city.",0.04453125000000001,0.66875,Dec 22 2003
35,35,Superb understated I stayed The Lowell several times simply superb every respect. The staff best anywhere service impeccable. I give unqualified &quot;Five Stars&quot;.,0.75,0.61,Jul 5 2003
36,36,Un sÃ©jour unique,0.375,1.0,Oct 7 2008
