,Unnamed: 0,Reviews,polarity,subject,Dates_extracted
0,0,"Awesome Value NYC First off, place divas clue realities downtown New York City. If expect silence, stay home: loud neighbourhood possibly close ambulance dispatch also amazingly close subway must-see Real New York attractions, I mean Katz's Deli. It walking distance Little Italy Chinatown better yet, verge historic Lower East Side East Village eateries die for. Plus, want explore Brooklyn far away: Williamsburg right across water.The Gem clean, amazingly priced awesome location, staffed wonderful courteous people sure, low extras like may used mondo chain hotels. But room coffee die shower hot. The room clean well-appointed given close quarters frankly, I would stay heartbeat. I really appreciated efforts made sleeping may easy, mention hype city never sleeps...The Gem's keeper me.",0.3525850018037518,0.6943805615680616,Nov 15 2009
1,1,"Pretty coffin The GEM good experience me. There virtually lobby way unload bags car...no place park nearby. They know location parking lots, shower caps, door room barely closed new carpeting would open strong shove...the window open small claustrophobic recycled air. The fan noisy seem bring fresh air. The room smelled bad, like stale air. It decorated nicely clean, otherwise. The Wi-Fi work computer system day. The air bad room I check 1 go somewhere else I felt I suffocating.",-0.11289364230540701,0.5800059417706477,Oct 30 2009
2,2,"GREAT location HELPFULL staff The located corner SoHo, Litte Italy Lower East Side, superb location want stay miles away Midtown, double deck buses, group tourists musicals. The staff helpfull, kind always smile. Room extremely small (as almost everywhere else NY) got standard lowest rate ever agoda.com paying little superior bring little wider surface. Room 101 201 301 401... noisy E Houston St, pair earplug bring back peace confort. The bed lines superb, bathroom wide, clean nice amenities.There's Wholefood Market front (together metro station) easy nice come back long day walking NY fresh fruit juice whatever else.The area great walk 5 minutes shopping bars restaurants may like.i would definitively reccomend joung couple wants enjoy less touristic NY, cannot effort 500usd room want enjoy night.",0.3127976190476191,0.5035714285714287,Oct 9 2009
3,3,"Nice great location free wireless accommodating staff The GEM Hotel Houston used Howard Johnson's never know rooms. The beds comfy overslept! The wireless free actually worked. No mini-bar, Katz's Deli street.If want quiet room ask one faces Forsythe Street. If want room two beds automatically get one that's quiet.",0.26805555555555555,0.5506944444444444,Oct 8 2009
4,4,"Fantastic place stay ..... Just got back 8th trip NYC stayed hotel. It really name suggests Gem place, close everything could want great stay - food, sights, subway, bars .... Whole Foods block refrigerator microwave room, could want :-) Elephant bar across Houstona dn behind little square BEST mojito's ever !!!Our room 4th floor overlooking park even though East Houston busy excessive noise. I'd read lack space, honest stayed various places NYC felt room size ample storage beds ideal putting shopping leaving, nice clean room bathroom, soft complimentary bathrobes. The comfortable bed I ever slept in, I wanted take home !!!!! Also used car service back airport extremely plush reasonably priced.Anthony reception fantastic, friendly welcoming long days travel extremely helpful places eat, visit etc found address theatre going see band play marked ont map us ... top guy !!!!Can't wait go back stay .",0.296473063973064,0.5839057239057239,Sep 15 2009
5,5,A positive experience We stayed The Gem Soho 3 nights. Check check pleasant experience. The room neat clean wonderful coffee. There microwave nice size refrigerator put stash Whole Foods block away. The subway also block away. There nice park next hotel. The employees great! Nice robes room. Nice towels bathroom. Really exceptional place price.,0.5551767676767677,0.7938131313131315,Sep 8 2009
6,6,"Glad I chose stay here! I pleased GEM SoHo. The location great hustle bustle midtown looking for. Houston busy, I felt relaxed I got room. The atmosphere GEM cozy quiet. I wear earplugs sleep, outside noise really bad. The front desk staff friendly, helpful courteous. It nice greeted smile every day. The room small, clean comfy. The bed linens top-notch. It great fridge microwave. The across street Whole Foods, small park, tons excellent little restaurants. Don't miss Russ &amp; Daughters Houston amazing bagel, lox cream cheese breakfast. I miss room service all, felt I benefited trying unique local spots neighborhood. My friends stayed midtown big chain paid lots fancy trimmings, I happy little place village. A big chain anywhere, GEM made unique experience. I would stay again.",0.2681397306397306,0.5686026936026938,Aug 9 2009
7,7,"One sweet hotel! We stayed GEM one night wedding. Hotel located right edge Soho lively part town, directly NY institution, Yonah Schimmel's Knishes, convenient walking distance East Village, Little Italy, Chinatown. The rooms, hallways lobby quite COMPACT nicely appointed, accommodating given tight quarters. Staff friendly &amp; helpful, including holding bags several hours small office. We reserved one room 2 beds reassigned 2 rooms floor (not adjacent) worked fine ended big bargain (we charged single room rate, appropriate). Room appointments lovely &amp; I wish I could enjoyed room - event bulk time. Nice shower, toiletries, coffee, fridge/microwave, comfy beds, linens, bathrobes. Poor sleepers note Houston Street ALWAYS noisy. Bring earplugs. Also, traveling car - good luck traveling car lower Manhattan - parking, many commercial parking garages around. The staff recommended one east hotel, found parking Elizabeth St. north Houston worked great.I would happily give 5 stars except modest issues: one room's door NOT want latch shut, use deadbolt simply close door; room sketchy bathroom light switch; - worst - first assigned room already occupied. Big no-no, mitigated fact occupied people attending event (but known us). No one likes getting changed &amp; stranger walk room!! That said, great value elegant comfortable experience. I would definitely return.",0.18464729714729713,0.4916971916971917,Aug 2 2009
8,8,"Impressed Booked GEM soho based reasonable price reviews read trip advisor. Arrived impressed. I'm typical boutique person experience totally changed mind.Area:The conveniently located lower east side, metro stops easily within walking distance nice basketball park across street. Whole foods also across street great restaurants around. If looking morning coffee spot I used Sugar block east upstairs Whole Foods. Both good coffee spots. Hotel within walking distance Mulberry street, china town, gramercy soho. Broadway offers great shopping well close by. Metro stop close can't get anywhere city quickly. The Room:The room small.. basically walk bathroom way in, nice vanity, shower sink. Then queen size bed desk flat screen tv. It perfect size. Really come back day relax bed watch tv. What I really liked see one else's review room mini fridge microwave. This great holding beer, breakfast foods etc. We never used microwave i'm sure lot people do. Room clean, bed extremely comfortable, street noise non- existent, room 3rd floor right street. So concern, request room 2nd floor.Overall:Great hotel, perfect couple single, recommend families, even though I see families there. Ride laguardia $25 bucks cab ride can't get via subway. Would highly recommend friends affordable, classy, safe, comfortable place stay see New York.",0.33624515835042157,0.5596517809675705,Jul 7 2009
9,9,"Good price My room indeed small, everything I needed. The room clean surprisingly quiet given location, comfortable bed. The staff friendly helpful location absolutely perfect, Lower East Side spitting distance SoHo East Village. The Gem fancy good price, hard find affordable hotels NYC.",0.35083333333333333,0.6605555555555557,Jun 25 2009
10,10,"Best boutique NYC!!! Unreal location! Right heart Soho, walk Little Italy, China town etc. The rooms chic larger 90% roms NYC...great staff close everything looking for. I in-town concert spent 3 nights I say WOW. The looked brand new, ambiance W unmistakable feel B&amp;B...unique combo combined location truly GEM. I planning another trip NYC next couple months look futher GEM (and I work Hotel; I real customer truly impressed feel I need rave blown away). Also, forgot mention service; arrived late, 1am, received warm greeting night auditor. He suggested great places area everyone spot on. The day staff equally helpful maps already made key points wanted visit. What I say, I LOVED THIS HOTEL! A+ The GEM...I back...keep good work!",0.2892288961038961,0.509512987012987,Jun 22 2009
11,11,"Great Hotel Picked Gem location reviews TA. Super value New York, VERY helpful staff. Small room quite, newer furnishing well maintained. Close subway bus plenty eating drinking establishments near by. You really can't go wrong choosing GEM.",0.11709956709956708,0.553030303030303,Jun 9 2009
12,12,"Five Stars Newyorkcity definitely one favorite cities world, goes hand hand city, except sleep late",0.06666666666666667,0.7000000000000001,Jun 5 2009
13,13,"Great Value New York We booked Gem seeing reviews trip advisor seemed cheapest decent reviews New York! cheap mind, New York horrifically expensive, even compared London. And dont forget clobber tax everything too! The Gem though small hotel, service give excellent. Antony front desk incredibly helpful recomending places eat (Sugar diner 2 blocks away Allen East Houston brilliant food, open 24/7, pefect breakfast late night cake!). The rooms small, bother us much time. They free wireless internet, Flat screen TVs, coffee percolators room, although restaurant happy food ordered room takeout. The location good too, much within walking distance, metro close too. It actually SoHo, really edge Lower East Side, main shops SoHo 10 mins walk away, little Italy Chinatown 5 mins walk, Wahington Square Park 15 mins walk. We even walked Finacial district WTC Site 30mins, although feet hurt quite bit that- make sure wear comfy shoes, there's LOT walking New York! This best I've ever stayed in, clean comfortable good value, matters all. They also happy keep bags day checkout last day. Try Knish Schimmel's next door too!",0.2734883557800225,0.5454896184062851,Jun 3 2009
14,14,"We loved Having New york several times always staying midtown, decided change! This perfect everyway, area fab, within walking distance downtown areas. The F V subway lines across road everything whole New York easily accessable. The staff desk friendly (such change us, usually get grunt midtown!!...oops!!) The room good, comfy bed, flat screen plasma, ipod dock, free wifi internet, nice bed linen, clean bathroom, fridge microwave!! We enjoyed Sugar brekkie italian Wholefoods pretty awesome too!! Love, love, loved it!!!",0.4092803030303031,0.5861426767676767,May 18 2009
15,15,"Top value location Okay, really SoHo, I pleasantly surprised quality Gem hotel, particularly lowlow price booked online. The rooms small big enough two not-petite people; amenities basic what's good (so there's cafe room service get Wolfgang Puck coffee in-room percolater); reception housekeeping staff universally cheerful, welcoming happy help. Plus, bed comfortable actually asked kind get one home!I think location actually better tourists middle SoHo, close great downtown neighbourhoods - could easily walk SoHo, Nolita East West villages drinks dinner every night - plus there's Wholefoods supermarket road, close least two subway stations really feeling lazy bars restaurants within block (I heartily recommend trying knish place next door need stodgy hangover cure).",0.22541666666666668,0.4977777777777778,May 13 2009
16,16,"perfect surroundings everything perfect location service well designed room. staff pleasant helpful every way. room clean appeared recently renovated large flat screen tv's incredibly comfortable bed. perfect spot easy access shopping, dining, drinking exploring. would definitley stay again.",0.5122619047619048,0.7103571428571429,May 5 2009
17,17,"Amazing staff location The rooms small neat well maintained. Room size really issue anyway since smack border Lower East Side East Village there's much do. Any issue room size compensated excellent staff fantastic location. The staff wonderful - smart, friendly went way help. I would stay again, tomorrow.",0.4051785714285715,0.6392857142857145,Apr 30 2009
18,18,"best location Small nice affordable hotel, location perfect. Right f train, knishes katz's practically next door. The staff friendly getting late checkout problem helps get 4am. Would stay again.",0.33883928571428573,0.5419642857142857,Apr 28 2009
19,19,"helpful staffclean roomdecent price smallish room clean.helpful,personable staff.lots good stuff nearby",0.3666666666666667,0.4000000000000001,Apr 26 2009
20,20,"great value dollar Terrific location. Very clean room appeared updated recently, including crisp linens, clean bathroom, flat screen TV. Friendly/helpful staff. Small room, NYC - room sleep/shower.",0.19203703703703706,0.6401851851851852,Apr 13 2009
21,21,"Insanely good price- great location-wonderful staff-will stay I stayed 2 nights Gem Soho (not really anywhere near SoHo) 13 &amp;14 March. I NYC music festival held 2 blocks street. What I say. I spent $145 night Manhatten. GREAT DEAL! Lovely room, small, expected. CLEAN. Incredible front house staff funny, kind, helpful seemed really enjoy working hotel. We room facing park, street noise anymore I would expect street busy Houston. You walk anywhere here. Very convienient subway stops. *Only complaint, ran coffee packets room service decaf. ummm, nope, cool. No coffee whole stay. Though plenty great cafes within blocks. I also wish drapes could closed add room darkening. The pull shade quite black out. I complaining though. I stay good rates, wonderful staff, immaculate rooms, great location. GOOD JOB GUYS! (also visit Local 269 great pub couple blocks away 269 E. Houston. You made feel home here.)The GEM SoHo hidden gem. Hopefully next time I able get great rate!- Oooh, also right next door knishery, super yummy!!!!",0.3157741119821913,0.5285811072396438,Mar 27 2009
22,22,Good Deal This great price. The fault I found street nose (honking horns) I realize hard avoid NYC. I would recommend room higher floor. I second floor. The room smaller side average size NYC standards. I expecting room much smaller. My dad I enough room. The staff extremely friendlly accomodating. We arrived 10am. Check 3pm. They held bags office us. Not sure locked valuables worried.It's really great location. One block subway. We able walk many places visiting. It's ten minute walk Lombardi's Pizza Little Italy (don't miss it!). It's two blocks away Katz's Deli (overpriced). It's great expecially considering mostlly sleep shower NYC.,0.1999451754385965,0.5687134502923976,Mar 25 2009
23,23,"great location We chose location price.. looking something boutique budget run scary! And Gem totally fit bill... Fantastic location surrounded excellent little bars restaurants (some best NYC!) really Nolita rather soho complaining..The room tiny - expecting that.. got upgraded room fridge microwave kinda handy cereal yog etc sometimes breakfast.. free wifi... comfy new beds, nice linens flat screen TV comp mineral water plus coffee maker happy! Staff nice helpful.. Great whole foods supermarket across Rd close 2 different subway lines. It stroll new museum, tenement museum etc Soho, Tribeca etc..Would stay again, mainly area..(could move area lol!) ooh food - still dream food! also saw another good looking similar around price (but view rooms) larger foyer apparently roof garden looks little 'hip' called Hotel East Houston might worth checking also...",0.30935873890419346,0.5464034282216101,Feb 28 2009
24,24,"Tight - Right The room tight fit, everything else Gem ideal mini staycation. We booked based proximity wedding attended, ideal needs. Walking distance Chinatown Little Italy, plus Lower East Side fingertips. Nestled Whole Foods Katz's Deli - could ask more. The front desk helpful amenities room; linens, toiletries, etc. better expected. Overall, great experience.",0.2886479591836735,0.489795918367347,Feb 19 2009
25,25,"Smart small rooms trendy area This looking minimum services great, lively neighborhood. Endless clubs, restaurants shopping (including gigantic Whole Foods) nearby, F line subway, gets pretty much anywhere. Rooms compact stylish, staff friendly. Free wireless. Go it!",0.28338744588744585,0.6535714285714286,Feb 4 2009
26,26,"Loved neighborhood Cozy, small best price find New York 3 Star Hotel. Location good. Close subway. Excellent place start brilliant vacation best City The world",0.5486363636363636,0.6104545454545455,Jan 14 2009
27,27,"Great Lower East Side experience Gem Soho I booked Downtown experience New York that's exactly I got. With help friendly helpful staff, comfort room great location, chance live New York whole new way. The neighborhood full amenities great places go eat. We went New Museum, whole new concept center cultural activities focus community surrounds it. I recomend, suggested one managers, breakfast near Sugar Diner+Cafe, ate every day nice home-away-from-home feel. You also great dinning bets near &quot;Freeman's&quot; (at Freemans Alley) great sunday brunch cozy place. And also check great Allen&amp;Delancey, close hotel. You also try multiculti experience &quot;The Elephant&quot;, thai eatery great music across street. Last, least, view rooms Gem superb Sarah Roosevelt Park front (the corner East Houston Forsyth). What else I say! I sure go back Gem SoHo next time I go NY.If feel like going downtown style, Slipper Room, burlesque-type cabaret near also, next up-and-coming bar NY Lower East Side: 81 Chloe (at Ludlow Street). And Santos Party House also step away.Anthony, one hosts front desk, tell thousand tips neighborhood too!",0.32068181818181823,0.49024361259655375,Jan 12 2009
28,28,"A great stay The Gem Soho I booked three night stay The Gem Soho via Expedia, running special offer Â£80 GBP per night requested upper floor room late (post-midnight) check-in. I received guidance requests, either Expedia emailing direct, disappointed me. However, I telephoned I assured they'd received requests would best accommodate.The kept word: check-in smooth met friendly receptionist, I delighted room: spacious (for New York City!), large window fantastic view E. Houston St., huge bed, four pillows it. To top off, chocolates, also lavender mist sleep spray pillows. There also nice addition iPod/MP3 player alarm clock unlimited supply free bottled water. Nice - far better I expected supposed 2-3 star hotel.The room enough space work (free wifi: handy), desk chair; ample storage space (although perhaps I accompanied someone might squeeze clothes) bathroom shower clean. The A/C worked fine, particularly noisy, I upper floor, I notice sound traffic (and thick windows helped).All stay Gem Soho comfortable I would definitely come back again.",0.2814109461966604,0.5915108225108225,Dec 27 2008
29,29,"Perfect Villages Thanks trip advisor honest reviews. This perfect weekend getaway. The price right, helpful staff, clean, location amazing. We walked E. Village, W. Village, SOHO easy cabs midtown meatpacking. Although Manhattan, easy get anywhere. We parked car 3 blocks away Houston Essex - 35/day guys great - hassle all.The room small (typical), new, clean bathroom, small flat screen, ample drawers. I definitely come back needing room E. Village.",0.30724506974506977,0.5962181337181337,Nov 25 2008
30,30,"A Gem hotel! This great experience - found accident decided take chance girlfriend I wanted boutique experience struggled high rates elsewhere. The rate nice pictures looked attractive booked. We happy choice definitely return. The well located clubs, shopping, restaurants nearby. The rooms small well designed staff amazing - friendly, personable ready request. There restaurant site mind since NY front desk many recommendations us. I definitely recommend place!!",0.3987500000000001,0.6741666666666667,Nov 18 2008
31,31,"Perfect city! Lovely little hotel, perfect New York want anything somewhere sleep! Prices probably kept fancy lobby. Quiet, even though rooms face onto street. The Colonial Cafe road great breakfast, The Stoned Crow pub West Village best place go beer!",0.3971843434343435,0.5665656565656565,Nov 11 2008
32,32,"A Real Gem... My band stayed nights last week. The rooms modern comfortable, small big NYC standards. I would swear decor came West Elm catalog. The rooms clean cozy.The great location, within easy walking distance Little Italy East Village. The subway less block away, easily took Times Square. Good restaurants around. The staff friendly helpful.",0.20694444444444446,0.45666666666666667,Oct 29 2008
33,33,"Great location experience My high school aged son I recently visited NYU Columbia. We chose Gem Hotel location near NYU happy stay. The room comfortable beds seemed newly refurbished comfortable. The bathroom small shower terrific, otherwise complaints. The staff helpful provided lot good advice regarding eat, get places, etc. They arranged car take us back JFK arrived exactly time, price agreed, etc. The within two block walk Katz Deli Russ Daughters smoked fish. Both landmark food emporiums great able walk 3-4 minutes hotel. It 20 minute walk NYU hotel, convenient.We pleased!",0.32783492822966503,0.5694497607655503,Oct 26 2008
34,34,Halvtaskigt lÃ¤ge och stÃ¶rande trafikljud,0.0,0.0,Nov 5 2009
35,35,Bezaubernd Sofort wieder besser geht es nicht,0.0,0.0,Sep 7 2009
36,36,???????????,0.0,0.0,Jun 25 2009
37,37,A recommander,0.0,0.0,Jun 1 2009
