,Unnamed: 0,Reviews,polarity,subject,Dates_extracted
0,0,"All best place stay NYC - bang buck Have staying Sherry -Netherland 10 years , twice year . If need &quot; big &quot; feel , best place stay city . Try get room/suite highest floor . The rooms/suites different , reason like one , time give another one . For get , real deal .",0.4571428571428572,0.3714285714285714,Nov 19 2009
1,1,"One New Yorks best Ok I one day stay NYC business wanted splurge bit. After searching dozens hotels Essentravel.com I found Sherry Netherland. The price $700 night I said heck.I dissapointed. The staff helpful, rooms opulent clean, I great stay. If want splurge bit, give Sherry try. Its great!!",0.6147186147186147,0.564935064935065,Oct 27 2009
2,2,"The best I ever stayed The Sherry-Netherland best I ever stayed at. Though bit pricey side, want splurge, worth every penny. When arrive greeted Doormen white gloves. This may seem like Luxury hotels City, Sherry different. I've staying 20 years, time people. I know Doormen name, know me. It's nice arrive city greeted hearty How doin Mr. Thompson, feel like family here. The rooms Unique, one decorated owner. No expense spared though. The best part Hotel close pretty much everything, time get Hotel feels small, relaxed quiet. It's welcome respite Hustle Bustle City streets. Overall....a top notch hotel, humble business travelers opinion, best NYC",0.37159090909090914,0.4549242424242425,Aug 26 2009
3,3,"Great Location Good Service Rooms Vary Size + View etc. Perfect Location =&gt; 5th + 59th =&gt; Easy Catch Cabs, good mid-town meetings + restaurants. Rooms vary tremendously =&gt; Suites massive (some kitchens) others huge living rooms great views - try either 2nd floor overlooking 59th high toward Park.Room service menu limited decent =&gt; New York Prices $$$$. Room prices come lot! Paid ~$350 corporated discount (+taxes).Bed comfortable. Check-in/Check-out super quick =&gt; lot rooms available. Most building private residences. Good Security =&gt; Elevator Man lifts.",0.3704768463859373,0.616725370589007,Jul 28 2009
4,4,"Superb - Best NYC This going sound bit top I exceptional stay Sherry Netherland give highest recommendation:Location: A perfect location exploring city. Central Park across street, exclusive Boutique shops 5th Avenue Madison blocks away, Broadway Theater - Rockefeller Center - top Restaurants Museums short walk (there also beautiful restaurant lobby - Cipriani's - chance visit).Service: Warm, friendly crisp service delivered throughout stay. Housekeeping flawless - one thorough evening turn-down services I think I ever experienced. Every inch suite immaculate. Room: Staying Sherry like luxury apartment right city. We City View Suite lovely view, spacious living area, dining area, beatuiful bath fantastic shower every bath amenity imaginable, great bedding linens. Fresh flowers, chocolates, soft drinks complimentary nice welcome note management. The decor classy elegant included modern electronic conveniences. Summary: Staying Sherry makes feel like celebrity. It intimate personal, yet offers everything (and services) want. Hands favorite NYC.",0.44419501133786854,0.6276077097505669,Jul 21 2009
5,5,"The Old World Discovered When arrive door opened you. When get sequestered gilded lobby introduced staff members helping stay. One escort room. This extreme privacy, right southern edge Central Park. The spacious rooms evoke old Holywood film, leave partly surprised meet Fred Astaire. If never felt special, place teach tricks.",0.10223214285714285,0.4571428571428572,Jan 31 2009
6,6,Real Boutique SN small jewel. It 50 rooms suites. Most individually owned furnished run hotel. Rooms recently renovated luxurious traditional way.It like opulent apartment best location NY.,0.22777777777777775,0.5444444444444444,Nov 11 2008
7,7,"Awesome Suites w/ Central Park Views Absolutely gorgeous, large suite expansive views Central Park. It even came complete binoculars bird watching book well telescope - nice touches! Lovely large master bathroom, huge living room really lushly appointed, large bedroom ( ! ) , sweet guest bath. Extraordinary views, excellent service, excellent room service, great location. If mind spending - wonderful choice.",0.4684837092731829,0.7071428571428571,Jul 4 2008
8,8,"O.K. Very nice hotel, little overpriced. I agree previous write-up, saying front desk help nice. You would think would bit courteous. Just remember plenty choose from.",0.2158440170940171,0.655982905982906,Aug 4 2007
9,9,"Excellent wedding stay We returned six wonderful days The Sherry. As I girlfriend getting married New York wanted something personal â yet discrete â old New Yorkish feel it. Having stayed several grand hotels New York wanted something âsmallerâ intimate. I happy say got exactly wanted.The Sherry primarily residential building also 50 suits, greatly affects atmosphere. The hotelâs slogan catches feel: âstay NY lived NYâ. If need huge lobby three four different in-house bars restaurants simply find here. But looking five star stay highly personal impeccable service, huge (even though opted smaller view room) tasteful rooms, perfect location 5th Avenue shopping Central Park jogging best recommendation. I also mention nice extras free high-speed WiFi internet room, date training equipment exercise room, complimentary beverages Godiva chocolate.Lastly I want say thank Kristina, Renee everybody else The Sherry utmost make part wedding week perfect. Thank you! We definitely back celebrate anniversaries.Also word caution TA-users: Read reviews caution hotels get new positive reviews every second day. Some (often smaller) hotels receive new high grades improbable rate affects position top listing. To write fake reviews unfortunately probably lucrative way business ownersâ¦",0.31041125541125547,0.55426097711812,May 8 2007
10,10,Overpriced overcharged Watch hotel! They wait night arrive send confirmation email change prices. We booked suite 6 weeks advance. A day arrived sent confirmation email 15% increase price extra charge added intended use sleepr sofa two children.The reservation clerk I spoke giggled phone I called ask price raised.The Netherland seen better days - recommend avoiding it!,0.3125,0.3,Apr 13 2007
11,11,"Wonderful stay great I put week client usual I stay fell through, pleasure. The room I wonderful, though I get view city park rooms would have. I'd like complement first I stayed actually HDTV programming HDTV's (everyone else stretched standard TV signals expensive LCD TV's I find). The gym far best I've past year road, plenty cardio equipment individual LCD TV's, good selection machine free weights well. The shower room best I've experienced well, tons pressure.The downsides wireless internet access fairly slow, would drop sometimes seconds, felt strange someone run elevator me. I like someone know I stepping grab burger street.It's price range I come NYC fun unfortunately, I hope work put next time I'm town business.",0.19113247863247862,0.4691239316239316,Apr 11 2007
12,12,"Everything could ask for...and more! I've stayed Sherry several times past year. They BOX chocolates room personal note. The rooms suites immaculate. They sent Christmas card. I need say more! Oh, yes, service top notch...always.",0.25,0.3416666666666666,Feb 2 2007
13,13,"What hotel! We stayed suite recently Sherry Netherland, best place I stayed NY. The suites beautiful huge. The location great; right Central Park. Breakfast inclluded along sodas juices. Suites modern kitchens w/ ice makers, furnishings top notch staff terrific. A classy impressive hotel. A 10.",0.43047619047619046,0.6488095238095238,Sep 6 2006
14,14,"Great location fine room beautifully painted elevators nice folks This fantastically located near Plaza, across Central Park close MOMA, Broadway superb shopping.The staff nice tell residence/hotel.....so type service one would expect Ritz. The chaps provide room service run elevators quite nice.You can't go wrong get room decent price.Enjoy New York!",0.3653156565656566,0.6705176767676768,May 7 2006
15,15,"Perfect Location Just recently stayed Sherry. Located entrance Central Park, location could better. The service staff excellent. The rooms beautiful clean. We got great rate winter special; stayed 4-nights upgrated suite overlooking 59th avenue. The drawback restaurant currently renovation. Would stay again, without hesitation!",0.443073593073593,0.6746753246753247,Mar 29 2006
16,16,"If afford itdo it! If want indulge one best hotels NYC offer try property. It first class!Doorman,elevator operator, room service,twice day maid service,front desk,accomadiations first class.I'AM New Yorker I believe one best properties city.Steps Central Park,5TH avenue, Rockfeller Center.The rooms best furnishings detail I expierienced.You may want spend time room enjoy New York right outside door.The price tag high get good deal,GO it!P.S. Lori front desk best.",0.45131725417439705,0.37510513296227577,Mar 20 2006
17,17,"Luxurious Hotel-First Class Service We returned 3 night stay gorgeous would certainly return.The situated right 5th Ave 10 second walk nearest subway-great tourists!! This offers luxury things hotels NYC dont - including biggest suite I ever stayed in, high ceilings, massive bed,huge lounge huge bathroom beautifully decorated clean.The small touches fresh flowers luxury chocs lovely aveda products bathroom.The staff amazing enough us including ordering us takeout delivery chilled wine wanted night in.Its small service fantastic-being greeted name almost unheard hotels.Its cheap, get pay for! I would certainly recommend calling find deals on, did. If would like intimate luxurious accomodation gives fantastic service, near 5th Ave shops subway you.",0.21133116883116881,0.5883441558441559,Mar 7 2006
18,18,"Very lovely time My husband I stayed one night Sherry, anniversary celebration. We loved location, across Central Park. The doormen attentive, went great lengths flag cab us pouring rain. The room furnished nicely, traditional, came fresh flowers, chocolates, welcome note hotel. The refrigerator well stocked bottled water, orange juice, soft drinks, complimentary. We view, room faced courtyard. We evening, returned, bed turned down, chocolates left pillows. A complimentary breakfast served room, consisting coffee, juice, fresh fruit salad, basket five assorted muffins, croissants, breads. We terrific price room, and, considering extras, great value. We wished could stayed longer.",0.26388888888888884,0.6106725146198831,Feb 10 2006
19,19,"Lovely HUGE rooms I stayed twice. It excellent, uptown though bit chi-chi location. It far wonderful vibe downtown, something downtown have. SPACE. Each time I stayed wonderful I enjoyed large suite spacious bathroom kitchenette. Downstairs Cipriani's breakfast lunch, dinner wish room service.I love fact I (lots luggage always) never see bag anything betray horrors shlepping stuff around! There much storage space here.As Californian (by way Londoner originally) I come find serenity lots space. NYC exhausting business. The Sherry Netherland tranquil hideout, prices great, often somewhat negotiable, always, always elegant option.",0.48673469387755103,0.7556122448979592,May 2 2005
20,20,"If like traditional hotels love one! We returned first trip New York stayed 3 nights. It expensive hotels well worth it!We got special romantic package deal, cost $500 per night, included continental breakfast restaurant horse &amp; carriage ride Central Park. We also got expensive chocolates fresh flowers room!The room fantastic - loads space, lovely furniture including huge comfy bed. The bathroom also lovely toiletries supplied best I ever come across hotel! The staff friendly helpful times - always someone close help luggage, doors, directions etc. The restuarant quite expensive, hence expensive room service food. However, food fantastic service staff excellent. I liked additional items available room service - painkillers, antihistamine etc, well snacks essentials useful caught short.The location fantastic - right across road Central Park - although felt much evenings area city.The bad points view room (we 5th floor back - I think cheap rooms!), noisy air conditioning!!",0.19091585497835498,0.5614357864357865,Jan 26 2005
21,21,"Wish I could say worth My daughter I stayed Sherry Netherland Nov 2004. It mother/daughter shopping weekend I wanted treat place nice. The Sherry Netherland big disappointment, especially price. The front desk people nice. I say elevator operators &amp; bellman nice though. But arrived little early room, told room ready come back 3, check was. We came back 3:30, hear room still ready. After waiting another 15 minutes, told us could go up, still cleaning, got watch vacuum &amp; finish cleaning room. Not would expect &quot;luxury&quot; hotel! For money spend, I would highly recommend looking another hotel. There plenty choose from.",0.06320713141025641,0.4818269230769231,Nov 22 2004
22,22,"See Sherry-Netherland Many years ago, student NYC taxi driver, I got see every building city, again. This beautiful city architecturally, I finally got chance stay early year. Nearly everything worthy legend; lobby exclusive quiet, though welcoming, beautifully appointed. The elevators hand-painted details medieval style art showing animals flowers among carved wood coffered ceilings. The hallways bit Plaza-ish taste, bit frou-frou garish Plaza (as something could be). Our Park View Suite high floor corner; one side perfectly-framed view Empire State Building, majority windows looked onto park could see 96th street CPW. The bellman said room John Travolta's favorite place stay New York (I immediately heard lying voice telling fares Taxi years ago Mick Jagger got cab, usually made good story good tip). The room gigantic NYC room comparison, fantasy-inspiring park view held attention quite slowly sank room must decorated art director Saturday Night Fever, wonder Travolta likes it. I would surprised see calculations showing less 35% walled surface covered mirrors, mirrors seemed live bathroom covered every single inch everything except floor (marble), commode, counter, basin ceiling. Utter reflectivity, images one's self cascading infinity. Even back bathroom door completely covered mirrors, case wanted close shoot sequel &quot;Enter Dragon&quot; there. Large brown sectional sofa tan brown pillows (I remember '70s term - &quot;earth tones&quot;), sharply contrasting clean Biedermeier-style entertainment center large round glass dining table far, far big part room. That's complaints, dwelling reflects $900 night different expectations. When I asked different room, something less-reflective, said Park View suites booked (and explained unit actually privately- owned condo, decorated owners).... But still, staff person helpful, friendly unobtrusive. The nightly Godiva chocolates daily flowers cheerful. The room service Cipriani's model everyone follow. The bedroom walk-in closet kids delighted hiding. The small kitchenette full-size fridge stocked items Katz's Zabar's Balducci's. We terrific time- views, service, proximity park Wollman Rink, immense room space, happiness got looking structure. It's architecture location made want stay there, write say they've dropped Steve Rubell interior design contract, we'll happily go back anytime.",0.17708943538730776,0.5583185962973197,Aug 20 2003
23,23,"The Best Time NYC I wonderful time Sherry- Netherland. The staff excellent meets every need I had. They nicer people I met New York. I would definitely recommend Sherry- Netherland one likes great view, great food, superior service need elegance old school style. Take word night Sherry night never forget. The miraculous thing Sherry- Netherland aside form location quite serenity. Not discreet matters best interest heart upgrade giving second thought. I loved time I sure to.",0.5242424242424242,0.5913019079685748,Jan 31 2003
