,Unnamed: 0,Reviews,polarity,subject,Dates_extracted
0,0,"nice Not big fan boutique trendy hotels , booked days clients.This really positive surprise experience , much better trendy hotels stayed . Located great neighborhood lots local flair history,plenty coffee places , restaurants old famous delicatessens - spend weekend next time.The service excellent , doormen helpful knowledgeable area, check staff.The bar nice use outside deck , inside fun. The restaurant good menu , questionable lay decor . Rooms comfortable , bit dark side , beds comfortable, slept like baby.",0.2930632411067194,0.5601778656126483,Nov 12 2009
1,1,"Not flawless stay @ Thompson LES manager handled well... My girlfriend I booked thompson hoping romantic weekend NYC arrived 5pm told room ready, thought bad start. The manager apologized inconvenience offered us drink bar waited. It took 20 min get room enjoyed drink waited...Once got room, happy overall look. Its trendy, dark, romantic. Also, quite new good.The next day, left around 9am returned around 5pm. To surprise, room cleaned. We called front desk manager offered us drink working informed situation. They sent us fresh towels right away requested room cleaned left room dinner. This done. Besides two incidents, liked overall. It nice look it, nice spa gym, manager handle situation appropriately opinion. I would give another chance... Hope helps.",0.17390847247990107,0.5265203050917336,Nov 11 2009
2,2,"Disappointing. Amature front desk help. My wife I go NYC least twice year little R&amp;R. Despite negative reviews, I booked Thompson LES hopes experience would without issues. I called directly (a month prior visit) make reservation. I requested early check-in high floor knowing people complained abouth noise 7th floor bar. The day checking in, I called confirm ask early check it. I told I could check 3pm booked solid. That fine. My wife I kept ourselved busy arrived 4pm. Our room ready offered us drink bar upgraded room (from studio suite 1 bedroom suite). The room nice, balcony cool, 3rd floor directly lobby bar loud. I would rather smaller room I asked higher floor, I let go. At 11am checkd I called front desk get car garage. I told would take 20 minutes took AN HOUR AND A HALF! I told busy, lot guests checking out, blah blah blah. Give break. I The manager nice enough take parking bill, whole experience disappointing. We always stay Royalton 44th St future. If want stay great unbeliveable rooms service try Royalton. You much better off.",0.07369444444444445,0.4407222222222222,Nov 10 2009
3,3,Great stay Thompson LES We fabulous stay King Suite room 11th floor bargain rate $165 per night. Plenty room surprisingly room lighter I expecting reading previous reviews. Having stayed midtown previous two visits I believe quiet nightime room Staff friendly helpful. Bed extremely comfortable loved shower. Our complaint room serviced around 5.30 6 first 3 days got back needed shower get ready evenings activities-it quite inconvenient.Whilst area little ordinary day night time fabulous place bars restaurants nearby. Recommend nearby Rayuela meal Stanton Social East Side Company drink. We two lots friends staying time us experience positive too. We visit'Above Allen' first two nights dinner-great views fun bar loud music-it fun explore neighbourhood bars settled in.,0.19258741258741258,0.47194055944055935,Oct 31 2009
4,4,"A Life-Saver! I came 1 checking bad nearby...the staff great, lobby beautiful, gave kind room I requested window opened fresh air, room stylish roomy clean...very nice. There mini-bar, safe, amenities (no shower caps, though) -- good price. I recommend hotel, parking difficult neighborhood nearby lots pricey.",0.36500000000000005,0.7916666666666666,Oct 30 2009
5,5,"Great Boutique Hotel Heart Lower East Side Me &amp; girlfriend stayed friends wedding experience. We took Red Eye LA NY arrived 8am. Our room ready went sightseeing ensured room would ready afternoon. We arrived back 6pm &amp; room ready annoyance. We given large suite floor 15 best view NY skyline &amp; amazing balcony. The room exquisite, clean, roomy, great walk shower &amp; best comfy bed I slept ever. The staff friendly especially doormen ladies would gladly stop &amp; stare them...hahahaha.Location right next China town, Little Italy, Soho, great restaurants &amp; bars vicinity &amp; great Mediterranean cuisine round corner nice kebab 2am.The made guests feel welcome &amp; friendly also fantastic place meet odd celebrity...I honour meeting Phil Jackson (LA Lakers head coach) lift...very friendly &amp; yes girlfriend went crazy I actually managed get autograph addressed name.Overall I ever back NY I would definitely stay again.",0.3292968750000001,0.5504464285714286,Oct 29 2009
6,6,"Super trendy stylish expensive. I really liked like kind style. My boss instance like much becaus ehe likes traditional design make half things work :-). I found fabulous! The design modern chic. The definitely character, I much appreciate. It located hip Lower East Side full bars, restaurants, artsy shops more. I pleased customer service. Everytime I asked something I got time. The bed extremely cmfortable heavenl soft sheets - big plus! Batroos large Bigolow toiletries - nice! This expensive hoever I bit disappointed pay separately Internet ($10) breakfast ($17), Europe things come free majority hotels. Oh, food good bar 7th floor terrace overlooking Manhattan super fun too! I definitley gp back again.",0.23773399014778324,0.6227093596059113,Oct 28 2009
7,7,"The WORST This worst experience I ever New York. I travel 50 nights year stayed many New York hotels never worse experience. We arrived 30 minutes check-in room ready, could upgrade money wanted room early. We declined, already paying $400 night, wanted get city, hold luggage came back 5:00pm check-in. We booked non-smoking room given room 8th floor smelled like smoke cigarette butts roof window. I called front desk asked different room. The reply really bad? Can't live it? I said no, I want room reek like smoke. She said would check call back couple minutes later. 15 minutes later bellman showed luggage still phone call back, decided go back downstairs. The bellman asked changing rooms I said smells like smoke. He said, well, smoking floor smoking room. We get back downstairs told upgrade non-smoking room. I said booked non-smoking room. I informed preference guarantee. I asked non-smoking category booked available said maybe I came back 7:00pm. I said, worries, I go another hotel. Now was, &quot;wait minute, OK I non-smoking category&quot;. Wow, amazing 2 minutes available. The room smallest room even New York standards, smaller cabin cruise ship! The front desk staff acted like working commission tried get us pay upgrade several times try get us pay things interested in. We one night event, I late time finally got room, hour get room mess. All $400 night! There many hotels New York rooms decent size, front desk staff pleasant helpful gouge you, consider booking. For price accommodations 4 star hotel. This 2 star putting money marketing hotel.",0.04393781565656565,0.43642676767676764,Oct 25 2009
8,8,"good value stylish touches highly recommend. Stayed Thompson les last night, great night!I stayed friend booked room two queen beds. They first record this, gave us room King (which nice, amazing views huge bath), find room 2 beds, sadly smoking room smell. Why day age still even smoking rooms??The room beautiful though, huge. 8th floor, view good first room! For $300 pretty good NY.(don't bother packing swimmers though... pool outside (which I realise website) closed spring...No late night room service, brought local delivery venues I thought good.Pala Pizza next door really good, especialy mood travel far hotel.",0.3096739130434783,0.6031884057971015,Oct 15 2009
9,9,"Beautiful inexperienced night manager We stayed LES Thompson 6 nights. Very pleased room, I requested nice view side street. After arriving unpacked went see Times Sq. Came back exhausted got ready bed find half bed WET. Yes, previous guest urinated bed. The manager came inspect interested quest arriving 5am next morning. He suggested repack belongings move another room 5 floors below. It 11.30pm go since 4am British time. I felt unreasonable I suggested could swap mattresses bedding around. He thought that. I know noticed housekeeping. We heard it. I wrote head office receive reply.However, happy hotel. In next DC mix I even report anyone, another guest did, surprised find wine, cheese crackers room lovely card full apologies. Now that's nice!!I would recommend best position 1st time NYC, bit removed main attractions.",0.19409722222222223,0.5100694444444446,Oct 13 2009
10,10,This great! I stayed Thompson LES agonising stay best location. Friends said area wasnt great. I took chance loved hotel. I got great price tablet.com upgraded suite good price. The staff great - friendly helpful. Certainly cool school. My room modern character. I cant say anything bad location. Have weekend brunch around corner Prune make sure Tenement Museum.,0.49368131868131865,0.6366910866910866,Oct 3 2009
11,11,"Cool Hip Trendy Modern How thing work? We stayed two nights Thompson enjoyed stay much. We late 50's appreciate art, design architecture excited stay here. Check-in breeze, pleasant, professional staff, stunning room two double beds, cool bath shower. Our room 1411 steps elevator door two rooms small hall. We smelled strong stale cigarette smoke small hallway mentioned bellman. He offered move us another room bothered. Upon opening door found room beautiful air fresh. Later night two occasions strong odor cigarettes filled room. One night, around 4am strong enough wake us up. At checkout complimented staff mentioned smoke. The response young man front desk &quot;sorry that.&quot; He surprised offered explanation.Positives:Beautifulnice stafflarge, clean roomsRoom ready timeflat screen TVnice bar 7th floorgreat viewsNegatives:couldn't find movie channels$10.00 charge internet (cheapens experience)no ice machines (you order ice room service)elevators working hour climbed 7th floor bar waitNever figured remote control workedNever figured use hand held showerFinally figured main shower controlsHad ask lamp (promptly delivered) The room dark use flashlight find things suitcases. Very dim lighting.Shower bath area frosted glass walls could definitely see person shower bedroom. I've told may button push fog glass walls however instructions.All I would recommend happily stay again. Next time calling front desk instructions.",0.2169047619047619,0.5686666666666665,Oct 1 2009
12,12,"You better. (So hotel.) First, good things... rooms big. The showers huge walk in, toiletries CO Bigelow, bed comfortable. The location bad, smack bang edge lower east side. Most staff lovely, especially doormen. It's clean.Now, bad. The lifts always packed, usually staff, use room key activate them, room keys seem mind need constant re-programming. The room service delicious-but-rich-and-quickly-boring food Shang. The air conditioner noisier Mustang '67. (Seriously, whoever organised air conditioners shot.) The (paddling) pool area full cool, pointless people. Several senior staff smarmy. The TV seems odd slow, in-house movies HBO demand DVD iPod. We stay again, put way. There many good hotels NY put one many faults - even stylish permanently sale quikbook.",0.16586206896551728,0.5829885057471265,Sep 13 2009
13,13,Fabulous! The Thompson LES exceeded expectations every possible way. The desk staff smart attentive. The room (corner 16th floor) luxurious amazing view. The bar chic fun. I would definitely stay Thompson LES would highly recommend friends...especially cost!,0.2767857142857143,0.7103571428571429,Sep 9 2009
14,14,"Good But Not Great The positives: The staff friendly helpful. The room comfortable bed, large flatscreen TV, large rainfall shower fantastic. The hotel's location great exploring lower east side interesting neighborhood. The negatives: Some room furnishings cheap appearance including fake wood paneling sectional sofa sitting area room. The sofa dirty uncomfortable sit since back cushion made hard material. Also, room dark. You could turn every light room would still dark. While created &quot;hip&quot; vibe times need light.To sum I would say nice I think better values NYC price. So unless strong desire stay lower east side may want consider options.",0.1518290043290043,0.643961038961039,Sep 9 2009
15,15,"Loved It! Stayed one night...wished could longer. For me, important thing staying feel COMFORTABLE. Well, comfort 1) Great, supportive bed...slept like baby! 2) Friendly, welcoming, unassuming staff...no attitude! 3) Room service delivered promptly cheerfully, 4) Clean contemporary bedroom awesome floor ceiling city view, bathroom refreshing shower set-up (with &quot;rain&quot; hand-held options.) I definitely return future visits Manhattan.",0.4068055555555556,0.6561111111111111,Sep 4 2009
16,16,"December 30 - January 5th - LES Meh. I opportunity spend New Years NYC. Obviously 100's choices available NYC, LES limited well priced options.Here's I found drawbacks:1.) Found pair eyelashes (yes, sticky glue fake eyelashes) affixed black lacquer bed arrived. Not big enough deal call housekeeping, still uber gross get tp throw out. It like bed staring me.2.) A prior guest left I assume toothpaste back door housekeeping remove entire stay.3.) Bed ledge sorts back (facing window) mounds dust - stayed nights trip.4.) Fire alarm went night/early morning day 4 (I believe) upon return room door unlocked/open. Ran around make sure robbed luckily weren't. Highly annoying tramping stairs higher floor receive direction staff. Finally decided go back room alarm went see hear even ONE person. Guess false alarm, firetrucks arrive could see quickly leave.5.) Front desk called one evening I enjoying dinner asked random question - tried get info, I guess realized error HUNG UP me.6.) Only 1 elevator appeared work.7.) Not really negative me, since NYE I like party best - upon arriving back around 3 AM NYE found random drunken females riding elevator trying get 7th floor I believe. Once arrived back room could hear party going on. Again ONLY happened NYE, I imagine annoying would night.8.) Shower doors ever loud made huge slamming sound would make believe glass burst top head. You could also hear sound rooms.Positives1.) Hotel newer hotels LES paid well worth it..2.) See negative #7 - could positive looking party3.) Elevator required key card get floor.4.) Subway stop across street5.) Other #5 contact employees nice I noticed one doorguys 6 Columbus working here. Actually employees super nice - double plus.6.) Our room absolutely amazing. We corner room stood bed (how I came notice #3 negative) could see Manhattan Brooklyn bridges - perhaps Manhattan bridge. Have check pictures. Awesome - awesome view lower Manhattan I pressed cheek floor ceiling windows I could see ESB.7.) Other slamming shower door NEVER heard peep guests. I saw one person floor entire time there, I'm sure capacity, I would assume considering bargain basement rates even day arrived.I try restaurant, I loved restaurant one block south LES Allen street called Kampuchea. It's Cambodian restaurant - yummy. Sugar next door also tasty - ask guy strawberries hehe. Whole Foods 2 blocks away many great options cool place sit eat enjoy street views. There's crepe place blocks away try (but order one) I suggest desert crepe. Pianos fun LES burlesque show across street Kampuchea. So - sure negatives (mainly surrounding housekeeping) would keep recommending friend - but, I probably stay I got eery feeling months housekeeping issues would turn maintenance issues whole place would dump great views. Actually I headed back NYC Labor Day I even look Thompson LES rates, come remember bed staring gross everytime I see black lacquer bed I'll think winking me.",0.10363619965892697,0.48748196248196235,Aug 27 2009
17,17,"Great Location We ( 2 twenty somethings Mum!) stayed 5 nights August, getting last minute discount GTA hotels. On arrival overbooked given pent house night, absolutely amazing fantastic views. The next day manager helpful showing us round different room options upgrading us King Suite plenty room 3.The location fantastic lots nice bars, delis restaurants close subway station. The staff really helpful friendly, rooms clean spacious. The bar definately worth going to, gym good. We would stay again, go back area next time NY.",0.3023148148148148,0.46759259259259256,Aug 20 2009
18,18,"Beautiful But Some Quirks There debating sleek beautiful hip enjoy stay. But quirks bear noting. Our Studio King Suite spacious, yet, rug pads prevent area rugs side bed sliding floor startling way. The extremely comfortable bed made comforter slipped fresh duvet cover ... without top sheet. The AC vent blew directly bed, yet turn even much since cover options. A wake-up call came 7:15 a.m. Sunday morning jolting us sleep, although requested one. We wondered guests receive call... At check-in, desk manager raved &quot;members-only&quot; Above Allen rooftop bar, indicating guests qualified members. Yet, attempted get drink late Saturday night following play dinner, refused despite flashing room keys.",0.1820634920634921,0.4884126984126983,Aug 13 2009
19,19,"Trendy Very impressive building! I come across parts done well (and believe me, I looked). The place nice finishes all-around overall classy vibe it. The moment I got there, I said I gonna write review it!The place straddles line laid back vibe party well. I town conference, I wanted decent rest, found problems totally relaxed there. I 5th floor I could occasionally hear dishes clanking restaurant, nothing overly excessive. Almost traffic noise relatively busy part city.At time, I party, would place find one. The place quite trendy pretty lively neighborhood, I could see people feeling bit place there. The staff (and patrons) amazing sometimes uncomfortable trendy places, keep open mind all, I'm sure find everyone absolutely charming.",0.2436100131752306,0.6545893719806763,Aug 9 2009
20,20,"Fun needs work things... Perhaps expecting Thompson LES since friends recommended mini-boutique chain hotels raved it. Not say disappointed, thought need work kinks.We booked King Junior Suite. Upon arrival, went fairly smooth check-in process (the doormen top-notch way, I'll explain later). The room spacious NYC (although city, room would considered average size King room), nice amenities (C.O. Bigelow bath products, beautiful soft Italian sheets relaxing waterfall shower head). I'm big fan current trend hip boutique hotels towards platform beds I say, one one comfortable ones I've slept in.Our room 7th floor - right across &quot;lounge/patio/bar&quot;. As night wore (we weary travelers wanted sleep), music bar got louder, people going bar loud drunk. Also, room (#703) situated directly across exit door lounge constantly used bar patrons. I ended calling front desk spoke night Manager (Alfie) helpful possible another King room available another floor morning (they room 2 Queens husband 6'4&quot; worked him). We decided make night (well, left it) would move morning. If find check-in given Room 703, try changed unless okay sleepless night.In end, moved us Room 1103 - lovely Junior King Suite room 11th floor beautiful view importantly able sleep soundly night.The Wifi throughout stay (although charged bill, adjust ) check Front Desk's IT system well unable receive copy bill. Overall, staff friendly (and beautiful - something expected). The Doormen however receive special kudos. They helpful making sure rental car ticketed first arrived since park front half hour, great always making sure bags taken care (luggage shopping!).My husband (who less snob I am...but that's I travel living stay ton hotels) loved place would highly recommend place. Me, I liked too, would recommend location (right heart Lower East Side, close great shopping restaurant districts Soho, Nolita, East Village LES). Conveniently located across street F subway stop easily takes uptown Brooklyn.",0.23944847995695462,0.5274872208770514,Jul 28 2009
21,21,"WOW! My husband I decided crash city 1 yr anniversary even though live 8 minutes Manhattan. We chose Thompson LES wanted downtown also heard rooftop pool weather great. The staff front desk accommodating treated us well. They also upgraded suite another room made us feel extra special. The room incredible, letâs put way Penthouse I nothing bad say all. Nevertheless, pool nice great 90 degrees. The bar cool place hang night, even many places drinks city I thought open air bar fantastic. We planning going back, great choice. Yes modern typical trendy NYC. So looking for, keep mind.",0.2925919913419913,0.634404761904762,Jul 20 2009
22,22,"Stiff Back But A Super Stay Thompson LES modern look clean. Additionally, front desk super accomidating went way give us directions assistance. Christian, &quot;doorman&quot; rocked! He gave us much help native, wonderful tips, conversation quick service. The food drinks good, stellar. The rooms small (stayed seventh floor) always attended cleaning service. It housed fun neighborhood; Soho unique shops close by, (we suggest hitting Rice Riches Spring St., delicious rice pudding place, yummy unusual dessert experience). Only real draw backs pool disorganized regards towels, minimal lounging areas closed bar. Also bed STUNK! Horrible sleep inches ground-very uncomfortable anybody back issues! Overall price, good experience hipness factor sacrificed cost; three day stay ran Pete Wentz Ashlee Simpson, several famous football players Vouge photoshoot hosted lobby. A customer get true, well-rounded New York experience Thompson LES.",0.14768922996195724,0.546299357208448,Jul 10 2009
23,23,"Absolute bargain loved it! I Hotel Chandler booked originally due great reviews changed Thompson LES I heard deal $167 per night $100 credit restaurant Shang King Studio Suite.I bit wary reading reviews I say! We loved it! I understand lot negative comments about. We got email concierge beforehand asking us choose would like meal Shang.We got tickets US Open (golf) delivered happy help.When arrived wait long get checked in. Our room (407) 4th floor overlooking pool. It would nice higher floor better views room lovely really happy. The room absolutely massive - separated bathroom, living area bedroom. It simplistic trendy design - cool new. The TV great nice feature could turn living area. The shower best shower ever! It rainhead showerhead another attachment too. Unfortunately, products Kiehl anymore they're Dr. Bigelow still lovely.My complaint would tea/coffee facilities either room elsewhere. I asked one day said room service way get it. The minibar expensive bought cokes beers elsewhere squeezed chill. A suggestion would put mirror desk/dressing table. The feature free paper morning lovely much appreciated breakfast.Our meal Shang beautiful. With wine beer $105 tips bargain quality food standard restaurant.The weather great ventured pool one hour last day sunny - lovely great loungers heated warned.The gym fabulous - use busy enjoying New York lovely facilities sauna.On note, LES great area stay in. There plenty great restaurants bars (included Sugar, Russ &amp; Daughters, Cafe Charbon) nearby Economy Candy right around corner.",0.29211105221309314,0.6792137114586094,Jul 10 2009
24,24,"Would Definitely Stay Here Again Honestly, reading reviews I little nervous staying hotel. To me, there's nothing worse paying bunch money bad service. But I found rate $120/night Quickbook figured I could suck money I saving. I to! We put great room 15th floor fabulous view. The floor ceiling windows made decently sized room feel even bigger. Seriously, NY standards, room small. The staff friendly location can't beat. My regret I time check pool.We skipped restaurant great options surrounding &quot;club&quot; definitely scene. But I honestly complaints stay.",0.10598958333333336,0.675,Jul 7 2009
25,25,"If light sleeper stay away! I completed four-night stay hotel. In general, presented good value money. The problem room noise. And, expected room noise. Surprisingly, street noise problem, unlike many NYC hotels. I 6th floor really could hear street noise.BUT: The walls like paper; conversation next room could heard mine. When phone next door rang, sounded like ringing room. My neighbors kept odd hours. Neighbor conversations could heard---loudly---at 5am 2am.So, offers good value, draw neighbor keeps odd hours, prepared &quot;join&quot; every conversation neighboring room.I would return reasons.",0.2320512820512821,0.34615384615384615,Jun 29 2009
26,26,"Not perfect good value money! Stayed Thompson LES June 2009 three nights Studio King Suite $216/night w/ breakfast late check-out. Room nice, modern decor, spacious NYC. Hotel cool, hip vibe, located fun neighborhood. Service friendly mostly good, although minor quibble maid service late one day (5 pm). Hipness went bit overboard gym low, recessed lighting kind annoying workout. Good location midtown downtown fun places between. Bottom line though, price, absolutely steal given high quality room (unlike reviewers I slept great bed zero noise issues floor (9th)). Would definitely return.",0.1840909090909091,0.5784090909090909,Jun 26 2009
27,27,"terrible bed great staff The decor mod cool factor .The staff extremely accommodating ,warm &amp; inviting.Then checked room .Very Very small.,Bed futon like elevated inches floor.Rain shower tub bathroom. No fridge mini bar box never gets cold. The worst sleep bed uncomfortable. The pool set even though hot out.No towels,or beds top lounge chairs. Wouldn't rush back spite cool neighborhood.",0.0017857142857142713,0.6928571428571428,Jun 21 2009
28,28,"Super Super location! We visited Thompson LES long-weekend trip New York. Me girlfriend absolutely loved hotel! Service checkin really good!. The frontoffice-desk-guy pointed good coffeeplaces neighbourhood arranged suitcases would taken room. The checkin smooth be. The doorman always held door open us asked could arrange cab. We felt welcome hotel!Our room absolutely amazing. We booked King Superiour. The room balcony stunning views LES Manhattan Skyline (from CBD Empire Statebuilding, Brooklyn Bridge, Chrysler Building etc). The room superbig, NY standards average. The flatscreen tv lot options, information neighbourhood, HDtvchannels, OnDemand movies etc.The Lower EastSide nice neighbourhood explore. It features lots bars restaurants. There nice Italian restaurant right next door hotel.We would definitley stay Thompson LES visit NY future!",0.3984487734487734,0.5971440596440597,Jun 16 2009
29,29,"Small sweet-ish. Small reception, friendly staff, tiny rooms - well enough equipped I found room cramped, nowhere put stuff. I one night, I'd longer (or someone else) I would found claustrophobic.Like Thompson hotels, dark cool nice trendy amenities shower, lack services find Hyatt Sheraton. Form function, bit.",0.16083333333333336,0.5975,Jun 15 2009
30,30,"Great Hotel We stayed LES 3 days part honeymoon.First impressions great, entrance understated reception small.We stayed King Suite impressed. The room large modern. The Floor ceiling windows let light (although open).The bed fantastic, best linen I ever slept in.Bathroom roomy modern. The shower amazing bath big enough family (but would wierd).The area great, GREAT breakfast place next door, plenty restaurants bars immediate vicinity, across road subway 10 minute walk centre SOHO.One gripe I would make bar expensive, NYC whole. We ventured bar one evening pre meal drink got told closed private function.The also quite noisy...you hear noise bar upstairs, walls thin hear reception giving next door wake call!!I would recommend NYC first timers, instead want avoid tourist traps opt chilling bohemian surroundings LES.",0.21337142857142855,0.5230761904761905,Jun 13 2009
31,31,"Extraordinary experience I recently went extended stay NYC business. After week, partner joined me, moved together uptown. I wished I stayed put. I stayed Thompson hotels, LES favorite. The staff went way make visit extraordinary. My Studio King Suite impeccably clean, comfortable - rain shower world. The area terrific. I know NYC well, I found staying fun - thrilling. Most business midtown, plenty taxis available &quot;F&quot; train conveniently across street. About block away huge Whole Foods Market - corner gem deli called Sugar I could get morning bagel. I cannot say enough staff. And restaurant - SHANG - best! I love hotel.",0.3151960784313725,0.6426470588235295,Jun 10 2009
32,32,"Great location that's it. Let say got great deal King suite 166 night, restaurant credit. The location unbeatable. There great cafes bars around. Check easy, staff great. I requested room higher floor, wait 4 get in. The room nice, modern looking. The beds nightmare. I think Europeans, like husband, used sleeping VERY firm mattresses, I not. The linens included flat sheet, comforter. My husband used this, I thought nightmare, I always either hot cold. The view nice, floor ceiling windows. The lights dimmers, take fumbling get working. The minibar well stocked.Breakfast subpar, expensive. Go somewhere else. The restaurant nice looking, service stinks, food mediocre best.Here come concerning parts. Our second night, husband's key stopped working, stopped front desk get new one. It midnight, receptionist personal call, took key, asked room number, reprogrammed it. She ask ID, even name. He could found key street!Our room never cleaned. We arrived Thurs. Fri, left room noon, came back 7, dirty room. We figured may missed cleaning window, complain. Sat, left 8, came back 6, dirty room. We called complain, ask least new towels. The irony, minibar magically checked restocked day. Hmmm.That Sat night, made early night, around 10:30 pm, someone tried get room, using key. They knocked, announce were. I cannot fathom ANY reason staff member would guests' room hour!Checkout quick, though made mistake bill. The okay, subpar service, I would never stay again.",0.10260374010374011,0.6004408954408954,Jun 8 2009
33,33,"Design-led buzzing area Had great week-long stay here: rooms small well-equipped fantastic views Lower East Side virtue fact building stands several storeys higher anything else area. Very designer-led great back-lit headboards beds. It's great area walk SoHo, Brooklyn Bridge, Chinatown, Financial District even Mid-town long prepared spend hour walking there.Only downsides would lack bath (in mid-range rooms), expense staff service. Although much cause speak reception, ask book pre-paid shuttle service back airport, gave receipt telephone number booking ref on. The head concierge booked wrong shuttle without realising, meant waiting 90mins non-existent shuttle, catch taxi cost order make flight time. All email correspondence since met wall silence! So although I would probably stay location, I would prefer ask reception anything would certainly organise travel arrangements myself!",0.22924107142857145,0.4700892857142857,Jun 2 2009
34,34,"Loved Stayed Thompson LES friend king suite. The room beautiful, bed comfortable thing I ever slept in, The rooms beautifully cleaned day, chocolates left us return. The room whole stylish immaculate. The flaw restaurant. We ate one night, whilst waiting staff could criticised, neither friend enjoyed food had. There range bars, used th pool mornings completely ourselves. The close number subway lines, many bars restaurants. I would highly recommend it. Not cheap definitely worth it.",0.32249999999999995,0.5962499999999998,Jun 1 2009
35,35,"Brilliant great location This second time I stayed here, first opened '08 issues time things certainly gotten ironed out.The location away normal tourist spots Central Park, Times Sq, 5th Ave etc LES located great. One block away Subway therefore really far tourist spots BUT minutes away great areas SOHO, Tribeca, Chinatown, etc. The area may little &quot;rough&quot; around edges get realistic New York experience.The staff fantastic, always greeting arrival go way help you. Their restaurant recommendations terrific, plenty choose from.The rooms large Manhattan floor ceiling glass affording great views. I guess I quibbling I could say iPod dock/ music system could little better may choices TV channels it. The rooms immaculate beds supremely comfortable.",0.21968895302228633,0.5220819304152639,May 27 2009
36,36,Nice Hotel great area I really enjoyed stay Thompson LES. The rooms nicely decorated bath room big beautiful. I also liked products Kiehl's. The location fantastic. There much variety regarding restaurants bars!I also thouight staff friendly helpfull.,0.50375,0.7100000000000002,May 23 2009
37,37,"Fabulous location great rooms upgrade Whenever I travel NYC, I stay LES SoHo. It's easy get happening bars shopping. The Thompson LES great, great location heart LES close subway lines take SoHo downtown. There plenty restaurants shops around. That best part staying hotel.We upgraded large corner suite huge comparison NYC hotels. Everything clean modern furnishings, floor ceiling windows, large bathrooms rainshower huge deck tables sunchairs. The furnishings modern done cheap materials hey, that's get boutique hotels. The A/C made bit noise night much bother us. I've heard though standard rooms kind small.The restaurant terrible. Asian fusion worse. There's much good food outside, eat hotel. The &quot;members only&quot; club seen better days despite open long. When walked through, place looked tore filled drunk, frat boys. Again, go outside want NYC scene. Room service night minimal order local restaurant. You're better again, venturing outside. :)",0.2301050420168068,0.542514005602241,May 21 2009
38,38,"Typical boutique hotel: good looks poor service huge attitude I love boutique hotels, I hate staff work them...they often forget role &quot;serve&quot; fashion models, live Wallpaper dream. The new Thompson LES cool location well designed. However, watch service! I booked King Suite 7 nights Quikbook. All confirmed one month...but I arrived, told room me, room available one customer decided extend stay (!). They made understand clear way option shut-up go ther hotel, extremely nice welcome upon arrival overseas flight. The staff charge acted teenager, care much I happy not, full, stronger...",0.2186742424242424,0.7077830940988836,May 21 2009
39,39,"great location; pretty great The summary: room clean, bed comfy, room large quiet NYC standards, staff helpful service focused, location good. I definitely consider staying next trip NYC.The located Houston St (so top lower east side within easy walking distance east village, SOHO, Nolita etc). I booked room on-line seller got good rate $100 credit restaurant great value money. While trendy dÃ©cor clearly trying hot spot attracting wide variety guests staff provided good service â often trendy hot spot hotels snotty service attract hipster guests â case here.Check-in efficient friendly check-out. Concierge services helpful high quality. When I checked well evening I ask bedding changed I hadnât informed ahead feather allergy housekeeping came immediately dealt it. Whenever I ran housekeeping staff visit friendly efficient. Three warnings. First, room heating cooling system room located right near bed fan blows bed. For fine I sleep best white noise donât mind air movement. I mention I friends I know would issue - would you, might want inquire room configurations booking. Second, location great since located amongst favourite parts NYC lower manhattan. If looking luxury NYC experience may comfortable neighbourhood certainly grittier heavy area south central park upper east west sides. Third, currently brand new I think finishes may hold well constant use (for example bathroom counter-top already showing minor signs water damage) Iâd interested hearing condition rooms another couple years.",0.28812081857536403,0.5067483274301455,May 18 2009
40,40,"Great visit East Village Soho I stayed daughter's graduation NYU lives East Village. Great location wandering neighborhood Soho. I got $160 night rate Queen room, reasonably priced. The room small, well appointed. I would helped luggage stand bag, got worked bag floor. There couple petty annoyances, one 9am test fire alarm. We call front desk make sure real emergency, making note, alarm, fire alarm/smoke detector bathroom still pre-construction covering it, made inoperable, case fire bathroom. The continental breakfast haphazard fruit bagels laid table like unexpected guests. Room service would probably better choice. Overall, I liked place, people seemed helpful friendly us liked location leisure visit lower city.",0.19934640522875816,0.590686274509804,May 16 2009
41,41,"Could great Stayed 2 nights king room 3rd floor. Room well appointed price. Bathrooms modern clean, great shower! Room service comes &quot;Shang&quot; restaurant downstairs. It expensive good!Bar scene fairly 'happening' 'cool'. Location little far Broadway take quick easy walk, bad. Bellhops friendly helpful. Front desk staff like robots. No life all. They seem either desperately unhappy trying seem way cool. A hello good bye would help converstations. After asking directions I received uninformed vague answer front desk guy walked away. I thought going get information, started 'serving' another guest desk. It quite awkward. There welcomes farewells check check out. It sombre. Some communication skills genuine hospitality would bring league assume aspires in. The truth I would come back stay right I paid bill checked out. It I think I gave place.The front desk man barely grunted me, took money without another word walked away back office door . No one said good bye I flagged cab headed airport. Plenty places stay I return city weeks.",0.14777393753200205,0.5224065540194573,May 15 2009
42,42,"Everything perfect My husband I stayed room 1103. We got special promo rate roughly $166 night Studio King Suite. It total steal! The room well designed, modern, sexy, super spacious, lighting fantastic. I understand comments complaining dark, dimmers lights dial pretty bright. The temperature perfect heard nothing, noise all... slept like logs every night. The linens comfortable, everything super clean. My husband I absolutely loved room would stay heartbeat. The front desk friendly helpful, pulled cab, ran outside help us bags. We greeted every time walked lobby. One side Wifi cost $10/day.All things aside, location alone worth every penny. The lower east side cool commercialized all. The literally steps away city's coolest bars, vintage shops, independent boutiques, etc.I think like lower east side, like hotel. It's Sheraton... lower east side certainly Time Square.",0.30271990740740734,0.6233366402116404,May 4 2009
43,43,"LOVED IT!!!!! Wow, lower east side really changed since last itme there. hippest part town. almost know pulled up. king studio suite huge, comparison nyc hotels. clean cool furnishings. floor ceiling windows, modern large bathrooms rainshower (light water pressure bummer). platform bed comfortable sheets &amp; pillows were, evened out. definitately staying next trip.",0.286139455782313,0.5300170068027211,May 4 2009
44,44,"Special evening underwhelming room Where begin? We offered pay $150 upgrade king suite room, told would still 50% regular price room. We took it, figuring husband's bday staying night enjoying chance sleep sitter watched two little ones. The room nicely furnished, quite big, that's old surprised small wear tear already like rubber stripping hanging balcony door, loose towel rack hook shower, plumbing pipes made horribly loud noise solid 15 seconds every time ran faucet flushed toilet. Other complaints room half closet doors blocked nightstand two flat screen tvs back back - one watch bed one watch couch - working required calls maintenance. Service-wise room set one person terms towels robes, toiletries tub/shower (just bar soap sink), card addressed another guest left room, took 20 minutes 2 phone calls bucket ice delivered chill champagne brought us (this we'd made request front desk check-in). I heard great things new restaurant, Shang, try since already dinner reservations elsewhere. I would though recommend overpriced room service coffee, weak cost $20 added required tax/tips.",0.052253475690975715,0.3797414391164391,Apr 27 2009
45,45,"Can't things people Stayed 7 nights, original booking Studio King Suite deal $166 per night + $100 dollar credit Shang restaurant, can't complain prices, I would complain I paying much more!! E-mailed ahead ask high floor quiet room, arrival allocated 6th floor room. Young, slightly aloof receptionist tried sell us upgrade Thompson Suite floor additional $50 per night talking Studio King, viewed think worth extra. Staff obviously pressured make hard sell credit crunch times. Room spacious, clean, well kitted bit gloomy dark. Street noise problem, next morning requested high floor. Very helpful guy reception moving us 14th floor original check-in girl previous day became involved suddenly 9th floor room available, thrilled reminded good deal let pass. 9th floor definite improvement &amp; new room (a double, double), quieter &amp; brighter better view. A word warning &amp; echo previous poster, I heard numerous people complaining noise 7th floor bar, particular receptionist telling guest rooms available &amp; would ask DJ turn bass next night!! I suspect front room 8th floor get much sleep night, fine party animal, less not. This I think Thompson LES's dilemma, big investment &amp; needs revenue areas, unfortunately may expense guests. There many good qualities rooms high standard overall experience leaves cold. It's cool school &amp; want's know it!We ate Shang Monday night &amp; found shambles, waited 15 minutes menus &amp; 45 minutes place order, managing placing celeb chef exchanged pleasantries us! The Singapore Slaw &amp; Sashimi starters outstanding, found main courses &amp; overall service mediocre.We loved area, loads local bars, cafes &amp; restaurants , try SimonSips road 1st Street best breakfast cappucino &amp; granola found! Would return Thompson LES? Unless another great deal - probably not. No way worth anywere near full price new post credit crunch world order, built boom I think going struggle we're bust.",0.13883113926146715,0.4100852790197052,Apr 21 2009
46,46,Just cut First staying stay eigth floor club room rumbles bass club u may well go bar noise club. The service staff less friendly seem young inexperienced. The rooms dark difficult see things. The elevators terrible see floor buttons mood lighting gone bad. You also use card everytime elevator time third fourth floor. The lobby cold less comfortable especially leave waiting housekeeping staff fall behind.,-0.15678362573099414,0.5098538011695906,Apr 10 2009
47,47,My current favorite Lower East Side Great hotel. Very clean. They even fold clothes me. The rooms design clean modern. Best location LES. 8 blocks SOHO. A hop skip jump East Village bars restaurants. I stayed 9 nights business hesitate again.,0.49333333333333335,0.6528571428571429,Apr 5 2009
48,48,"Cool Hotel Great Room Interesting Location Having obsessed stay first time together NYC ended selecting Thompson LES due great deal suite combined favorable reviews downtown location.Arriving JFK mid-afternoon honest initially slightly disappointed reception area headed room began like love selection.The suite extremely spacious full height windows room 9th Floor back let amazing light &amp; gave us great views LES. The shower fantastic well kiehls products great.Checked bars second floor &amp; seventh floor could busier struck lucky Saturday night managed get private party seventh floor bar. We met fantastic locals, wild time, talk trashing stereotype, everyone amazingly friendly. Wandered first afternoon area slightly gritty found feet realized fantastic LES also near SOHO, Village, Chinatown etc. travel uptown could easier subway.Just round corner Russ &amp; Daughters Appetizers, amazing bagel shop, great new bars restaurants Stanton Social &amp; Schillers. All top bars &amp; restaurants 5 mins away SOHO beyond. While town checked hotels looked including Smyth, 60 Thompson &amp; Hotel Rivington would say ,in opinion, 'cooler' design lobby areas value money obtained Thompson LES could beaten.In summary loved room amazing views, location great value money. The area might everyones taste still slightly run edgier interesting cool bars restaurants suited younger crowd.",0.2490179573512907,0.5850392817059482,Apr 2 2009
49,49,"More Than I Expected places looked staying The W, ritz carlton, radison, hilton. Upon arrival, greeted first name basis, expecting me. flight arrived early, room wasnt supposed ready checkin time. put room 5 hours earlier supposed be, importantly, given room requested undecided about, since important date, valentines day, deal breaker. room big, nice comfortable queen size bed, clean, amnenties uber expensive hotels offer, bathroom black slate, flosted glass, ie huge tub, big shower room. staff friendly great help dining suggestion given. upon leaving helped keeping bags, longer check out, flight delayed. price great, believe paid far less have. 2 night stay 560, given stays around world, loved it, already stay booked july 4th wkend, helps received offer complementary stay.",0.2416049382716049,0.5762345679012346,Mar 11 2009
50,50,"Unbelieveable rate really nice NY Stayed last weekend February. Got one regular room one suite, prices incredible Quikbook ($150 king bed suite pull double couch $120 queen bed regular room). I remember ever paying little rooms NY remember getting really awful rooms $300 night midtown. The is, husband put it, &quot;groovy&quot;. Very modern &quot;stylin&quot;, typical NY. But also really nice, clean, nice soaps shampoos, comfortable. For us location perfect. We also fit 4 college students plus son, whose show went see, one friend suite knew many people said nothing. They friendly service amazing. My daughter friends bought pint ice cream called spoons promptly delivered later blanket extra bed came immediately. We breakfast restaurant since seven us want try fit somewhere many restaurants cafes area small. It delicious, beautiful buffet great menu. Not cheap worth could eat together room really nice light lots windows nice muted colors (big orange lantern type lights, tasteful). We blocks little theater going to, ate dinner fantastic ethiopian restaurant couple blocks away. Transportation convenient. Oh amazing views city side. It bit noisy club played til 2 am, til 1:15 anyway. As Friday night, I know that's like week. My daughter back quiet.At price, I would stay even gets expensive, I'd return. I'd pay double price per room happily, far, price amazing. There plenty people place bar seemed people well, may raise price soon. If going NY mind staying lower east side, even prefer it, great place stay.",0.2863829787234043,0.5810747408619749,Mar 2 2009
51,51,Great Stayed TV crew. Perfect location neighbourhoods hustle bustle Mid Town. Rooms delicious wonderful toiletries. Food expensive though.,0.525,0.7766666666666667,Feb 25 2009
52,52,"great location stayed twice january. small room 12th floor, nicer room 16th. Both rooms queen/king sized superior rooms. I assumed smaller room 12th design quirk, I sure rooms size. Also, I small issues draft coming outside. But long kept heat room (which needed since pretty cold nyc january) feel it. The service staff great. The previous comments minimalist feel rooms correct. The bathrooms clean comfortable. But since new york city, need expect rooms small, beds comfortable great views. I would recommend staying higher floors since allen street busy one. But great restaurants around 5-10 minute walk chinatown, little italy, soho, close many subway stops. I booked rooms quikbook, I got great rates. Don't know I would pay full price rooms, that's reflection budget. I imagine quite popular summer outdoor pool bar. The exercise room adequate small.",0.24307323232323227,0.5932811447811448,Feb 2 2009
53,53,"friendly staff Meant stay Smyth completed got offered room Smyth rate (quikbooks). This good location, 2nd Ave subway, wholefoods around corner.The weather bad (snow rain) interior dark made look bit dreary. The lights drove bit nuts - use dim switch turn (or maybe I figure out?!). Shower floor uneven bit flooding while. Room great size compared hotels except I lower floor (4th) could hear street noise (esp buses idling nearby).Staff really great, esp. guys door reception. Very friendly helpful. Wanted drink bar afternoon departure open, shame. It crappy day weather wise want venture out. You really see people coming going hard tell place empty full.",0.1813725490196079,0.5137254901960785,Jan 30 2009
54,54,"Great Hotel Great Nieghbourhood Us 3 girls stayed Thompson LES second annual shopping trip NY. Had made great deal Smyth Thompson opened time offered rates here. Rooms - Two shared I room. Very cool trendy. The concrete ceiling bit ridiculous initial sighting I notice anymore. The wooden floors bit cold - could done slippers. Loved decor, tv, bathroom shower - everything really. Had fantastic view room - ESB, Chrysler Building etc. Staff - young, extremely helpful friendly. Didn't make feel like I cool enough like places do.Didn't eat restaurant drinks bar great atmosphere outdoor terrace. We busy get around checking spa etc next time. The neighbourhood best. Lovely streets full interesting shops, bars restaurants within walking distance places wanted night. We used subway get uptown day great able stroll around vibrant area night. Loved Mole - Mexican across road hotel. Jose made best margahritas food great too. Sugar next great good breakfast friendly service. We agreed definitely go back area - get good rate. Hope do!",0.37472222222222223,0.5244841269841272,Jan 29 2009
55,55,"Smaller Small Just returned one-night stay Thompson LES.On positive side, room pretty cool. There entire wall windows, great linens, awesome shower. The location also desirable.But let deceiving pictures Thompson's website fool you. If book &quot;Queen Superior Room,&quot; smaller small. Well appointed, tiny.The guys front desk friendly helpful, manager personality dishrag. I problem reservation flat lied phone ignored check-in check out.Unfortunately (mostly due actions said manager) level service I enjoyed Thompson properties. It felt like poor man's 60 Thompson. Sure, room rate lower nickle dime every opportunity.",0.191566985645933,0.5847022860180755,Jan 26 2009
56,56,"great place I stayed LES 5 nights Jan06 Jan11. The new, I like rooms lot, phantastic view towards Washington Bridge breathtaking sunrise seen bed.Everybody working really helpful friendly. The bar open well although told us done much marketing yet seems guests hotel.Some nice restaurants walking distance.",0.387929292929293,0.6227272727272728,Jan 15 2009
57,57,"Great property location Stayed past weekend New Year's 2 nights. Got great rate King Suite, nice room separate seating area w/ sofa, nice large flat screen TV, great shower, nice bedding. Great modern decor, little &quot;cold&quot; taste, nice. The thermostat room seem work, kept turning heat temp stayed 74 degrees heat turn finally turned everything slept window cracked (it 25 degrees night). Early Sunday morning fire alarm went around 6:00am, lasted minutes. We figured false alarm leave room. No mention ever made checked next day. I'm sure minor glitches common new hotels; pleased overall room, staff, bar/lounge area, location great! Very close Nolita, SoHo, Bowery, etc. lots cool little restaurants/shops/bars around explore. The bar restaurant opened weeks I believe, one bar area went drinks nights, lounge/bar beautiful worth checking out. Not sure quiet due wkend went holidays new one knows yet, I'm sure hotspot, especially summer outside bar opens. We've stayed quite Thompson properties, always pleased. I probably prefer 60 Thompson hotel, would definately stay Thompson LES again.",0.21401909460048998,0.5553743414208532,Jan 6 2009
58,58,"Modern boutique funky missing something.. I returned 6 night stay Thompson LES christmas. I echo last poster would agree great get reasonable price. We got deal Quickbook $99 per night. For price I could fault it. The Hotel brand new, modern. They claim decor echoes surrounding LES. That obvious modern, urban, minimalist decor. There lot concrete, monochrome, urban looking everything. The rooms spacious enough NY standards. I lucky get 17th floor corner room views ESB, Chrysler Building. The beds comfortable good quality linens. The shower huge, rain shower head powerful. There issues water whilst there. It brown &amp; murky, turned totally 1 day. The toiletaries Keihls. The safe/mini bar etc would expect Hotel standard. There large LCD TV, poor choice TV stations ECD assist finding anything. The new restaurant &amp; lounge open, food good standard. Overall Hotel says, I feel lacking something terms atmosphere soul. The quality amenities I'm sure improved facilities finished. The urban vibe feels somewhat cold, restaurant/lounge space. I think Rivington captures essence much better. If get Hotel good rate, I would highly recomend it, bbut advertised rack rates, I think could lot better.",0.18589253883371532,0.4704868007809184,Jan 6 2009
59,59,"Worth get great price. Stayed 3 days right Christmas. We able get fantastic rate $129 per night King Suite, Quikbook. At price, definitely steal. If paid $250, would disappointed offer.The Rooms - suites really nice: great design, still spanking new, large, fantastic hi def tv's channels. Problem sound rooms though. I could clearly hear neighbour talked slightly louder tv on.The Service - front desk, bellman pleasant obviously trying serviceable. But good check-in system understand. Had wrong rate listed check in, wrong name registering, equipment scan id's work.The Amenities - none speak really. rooms right now. If want lobby space hang in, great bar, place grab something eat...this place. But Lower East Side ton places steps away, matter us.So overall, get great deal, go it. Otherwise, paying $250, i'd say stay Rivington another fully set up.",0.2638582251082251,0.5796351267779839,Dec 30 2008
60,60,"god love new york 14 times year seen fair share hotels, none fallen quickly thompson les.yea, yea, rooms small everything working yet, catch view? talking wall wall, floor ceiling windows provide sweeping view lower manhattan. place spitting distance anything could possibly want nyc, front desk crew nice even arrive jet lagged cranky 2am, soap smells good took bar home despite years chiding father travels. felt like stealing booked place $169 actually pinch came back two weeks later $99. concierge told many hotels opened downtown needed fill rooms. research shows similar steals straight march. yahoo.",0.227979797979798,0.4653030303030304,Dec 25 2008
61,61,"LES less - disappointing property I stayed LES getaway without kids hubby girlfriend. Booked confirmed arrival room two double beds. Returned check room two beds. It took TWO HOURS us waiting get room issue resolved. When finally give us room TV work, twice asked second bath robe never arrived, morning started construction us 7:00 AM , add insult injury drain clogged shower stand sludge shower. Though significantly reduced rate apoligized really disappointing stay.",-0.013787878787878783,0.551060606060606,Dec 12 2008
62,62,"Great deal soft launch Booked Wed night stay mid Nov via Quikbook.com, $175/night. Worth every penny given location, cool vibe, comfort room amenities (Kiehl's). Lower East Side full great restaurants, bars, shops still feels like ungentrified part NYC (but that's changing). Soft launches hotels tend good deals (I stayed Rivingtion several times soft launch) long rely public spaces food. Room typical NYC size, bed quite low ground. Internet service worked perfectly. Only concern ridiculously cold concrete floors - much rug slippers rooms. Hotel gym, relationship nearby gym - small, neighborhood place 5 minute walk away, friendly packed full everything need great cardio weight workout. I'd stay -- prices soar soft launch period ends!",0.16761111111111116,0.4482222222222223,Dec 9 2008
63,63,"I PAID $99 Thompson Hotel Hotel I kidding I paid $99 Sunday night stay brand new hotel. I used Quikbook.com find awesome rate! I love checking new hotels wondering I could get $99 Thompson LES. I would say ALOT! If looking pool, book yet. If want great location great room, check now.But, rooms great shape seem complete. I really impressed cool design.Also, I think gym may ready. All great, cheap, stylish getaway.",0.5397727272727272,0.6970779220779221,Dec 5 2008
64,64,"A stylish steal Sure, totally finished yet housekeeping glitches promptly cheerfully addressed staff. But superior room stylish surprisingly spacious great downtown view, comfy bed, excellent shower unbeatable location. We loved staying Lower East Side easy access great restaurants shops away tourist-ridden midtown. Rates low right owing newness sluggish economy - great time discover gem.",0.5412698412698412,0.7898624338624339,Dec 4 2008
65,65,"Hip cool This place great location, even though HQ offices Union Square. The cafe bar yet open, many great places within 3 blocks cares.I staying next week, January Thopmson Smyth Tribeca. I used Quickbook got great rates....I normally stay Ganesvort Meatpacking District.",0.425,0.56875,Nov 30 2008
66,66,"Great great location I really enjoyed stay LES 3 nights. We stayed King Studio spacious, particularly New York room standards. As expected website, decor quite industrial modern cold way. The bed comfy great bed linen decent sized Kiehls toiletries bathroom nice touch. The large windows blackout curtains room quiet street/traffic noise - overlooked pool back Allan Street side. The pool filled water whilst still open guests - however, given freezing November temperatures, swim outdoor pool appealing! The Thompson LES still finished previous reviewers pointed bar restaurant yet open. However, affect stay way, given many amazing restaurants bars LES choose from. The well located (there subway stop across street) within easy walking distance bars, restaurants shopping LES Soho.They still sorting communication wrinkles - call times get wine glasses sent room aside this, staff pleasant helpful. We got great rate room - I suspect actual rate room stayed double finished, go live without facilities!",0.2744256854256854,0.5261038961038962,Nov 25 2008
67,67,"well I liked it! I bit apprehensive staying given negativity previous reviews I really liked enjoyed stayCheck quick efficient room absolutely fine - clean everything worked! We corner room amazing views 2 floor ceiling windows. Nice touches like complimentary newspaper morning water brownie left room evening great. We also received complimentary bottle saki first evening 3rd evening I thought really nice touch. The shower amazing, specially long day travelling. Mini-bar well stocked too.So spa restaurant open I checked I left told gave list recommended restaurants also addresses couple spas/healthclubs area could used.Yes, work progress construction still going like keeping secret! I think finished, great.Would hesitation recommending anyone planning trip NYC.By way, went great restaurant China Town - Joe's Shanghai (Pell Street Bowery) - food fantastic, especially soup dumplings!",0.3082892416225749,0.5832010582010582,Nov 12 2008
68,68,"Could better may yet Stay: November 1st thru 8thThis place still work progress, I'll try separate NOW I think may months. Let start &quot;now&quot; stuff.The Thompson website update page three months, I guess reason want allow readers misled. Their website says gym, pool spa open. THEY'RE NOT. In fact modular units pool delivered November 8; construction people I spoke implied may complete three months more.The service elevators working, one three guest elevators permanently reserved construction workers, second used time service staff, much time one elevator available guests cover 16 floors. Longish waits norm.The restaurant yet open, kitchen working. As compensation this, &quot;hospitality suite&quot; serving free &quot;continental breakfast&quot;. This joke. It's converted bedroom, containing vacuum coffee pot, paper cups wooden stirrers, cartons half-and-half, assorted cakes. Room six people sit low tables. I went bother again.OK, there's lot missing, question becomes much discounting rack rates compensate failings. Unbelievably, answer ZERO. The management denial. When I trying book mid-October, rack rate King Studio Suite I wanted $549 night. I rang asked charging. The answer $549. When I told I knew much incomplete, said reduce rate. Totally ridiculous.So I found Quikbook.com (I deduce) block-bought stack rooms heavily discounting rates. Interestingly, date want approaches, rates charge get cheaper cheaper. I finally booked Quikbook 10 days going there, got rate $230 day, discount almost 60%.When I checked I asked whether gym, pool spa promised Thompson website ready. When said no, I told website said were. &quot;I'm surprised that&quot; said receptionist. Nine days later website changed. BUT last reduced rack rates site. The suite I come $549 $320 (it varies according days want) maybe they've bit reality check Thompson. Equally, looks ALL New York hotels struggling fill rooms, starting reduce rates. Nevertheless, I think Thompson's cavalier attitude knowingly lying heir potential customers disgraceful. If I booked direct full rates, I discovered I scammed, I would refused pay bill --- I told hotel.By way, Quikbook still 30% cheaper booking direct !Right, I'll go features still around place complete.The King Studio Suite good room, total 520 sq ft gross. The bed/lounge area open plan half-screen between. Bed comfortable, sofa lounge. Fabulous big flat-screen TV channels movies could want. Pretty good cupboard drawer space, safe minibar (well stocked). The bathroom runs area form L-shape, tiny comparison 12ft 6ft. You need close bathroom door use WC, The shower narrow, need work way round shower door get out. The water pressure low shower, hand-held shower ridiculously unusable. But works, least.The room free internet connection. They four Wifi circuits, they're UNSECURED means really use log important sites like banks. I told receptionist day I arrived this, surprised said she'd notify management immediately. A week later nothing changed, considering would take someone five minutes secure networks, indicative bad attitude practice management.The room well soundproofed. Twice I woken around 4am traffic honking horns East Houston Street (which room faced) - I'm generally heavy sleeper. Noise rooms (plumbing, TV etc) also detectable.I staying own, I really liked room lot despite couple shortcomings. The staff universally excellent. They're friendly eager please, they're efficient. Housekeeping seemed bit disorganised (I ask 4pm every second day make room), least asked done immediately.Finally area. The webpage describes Lower East Side âone Manhattanâs creative focal pointsâ silly PR hype. LES another fairly typical Manhattan neighbourhood. Itâs generally old buildings lots small local shops cafes restaurants. It isnât great tourist area, although itâs brisk 10-15 minute Chinatown, Soho central Greenwich Village. Thereâs nothing WRONG it, first-time tourists city may like it..And bottom line this. For I paid - $230 night - I thought excellent value, I really enjoyed stay. At hotel's apparent new rack rate around $320 I would unhappy. When complete, indeed luxury boutique set build. But area, I think command original prices set rooms. Their newly current prices look right.",0.11800314065019951,0.5035616670910789,Nov 9 2008
69,69,"Manhatten Hotel Lower East Side Highly recommend I returned overseas booking accommodation, I used trip advisor get feedback travellers I greatly appreciated. I returning favour.I came back New York I spent four days Thompson LES. The new I would certainly recommed travellers wanting well appointed upscale hotel. The service great I especially liked rain shower bathroom. This Lower East Sde Manhatten want see Times Square place you. The Lower East Side bit grittier I loved area. There great Italian resturant next door wonderful pizzas. The subway across road. I booked website reviewed couple times prior travelling. Not paying upfront allowed keep eye price room. Fortunately price came I able cancel rebook cheaper price.",0.2734027348313062,0.43735277949563667,Nov 4 2008
70,70,"Very nice great design stayed 5 nights, one 3 hotels stayed NY - Sheraton Towers 70 Park Avenue. (will post rev 70 Park Ave sheraton sheraton) moved due getting good rates location.I would consider best terms design, decor (very minimalist chic), room size, room ameneties, great size bathroom love rainshower.subway stop across street, good eateries near walking distance Soho. I could ask more. Concierge great, I lost purse madison square, found nice gentleman called inform found (my key there) conceirge arranged delivery back hotel. Vanessa helpful, sincere attitude.and thank lovely bottle champagne celebration 10th wedding anniversary, get chance come back NY afford room rates charging fully completed, would definitely stay I sure rates $400 $500 plus per night category. Not restaurant/pool bother us lunch midnight every day I would say stay can!",0.41159090909090906,0.5563131313131313,Nov 1 2008
71,71,"Vermin Infested worst customer service I've ever stayed Where I start? The mouse running around room 2am complete indifference staff regarding incident. I booked 5 rooms company. During first night's stay, I awoke sound mouse rummaging belongings. I immediately called front desk response &quot;We'll call back.&quot; The bellman came room helped move rooms. He proceeded move smaller room, smaller bed. Due poor customer service phone, I decided walk front desk pajamas. I asked moved similar better room original one. Reluctantly, moved bigger room reeked smoke. They informed I non smoking room bellman agreed room stunk. I moved better room problem filthy sheets. I dealt filthy sheets. My colleagues much luck either. One colleagues seriously injured bathroom counter collapsed floor. Since missing bolts counter, decided photograph blatant safety violation. Being professional photographer I think photos come great hope uses file suit establishment. He upset ordeal 2 mice frolicking room. Eventually, I spoke manager little assuage me. He informed record mouse incident attempted charge full rates. Although manager fairly cordial completely unaware incident, hour explaining story decided cover first 3 night stay. I'm sure I'm young-looking woman treated like nuisance, one would think they'd accommodating someone booking bloc rooms successful event corporation. Needless say, I never stay establishment ever again. Since represent myriad high-end clients Manhattan area, I'm likely recommend vermin infested abhorrent customer service anyone. This review specifically location I way writing Thompson hotels. I much better experiences Los Angeles-area Thompson hotels.",0.03279914529914531,0.6069800569800571,Nov 1 2008
72,72,"Beware We booked Thompson LES proximity Slipper Room photo shoot next day. We greeted courteous doormen early told could leave they'd call us around 3. It 2:30 told system proceeded check us using paper pen. I guess started worrying then. We never got call returned around 3:30. Our room ready told go 15th floor hospitality suite could use wifi. Our shoot meant monitored web disappointed get find way connect. Calling desk produced seemingly stunned clerks promised send tech support check issue. This never happened. After repeated calls front desk, got room 5. Two hours late. There told could plug get internet. Again, could not. And told technician would investigate call us. After waiting bewildered getting annoyed I went desk asked manager. Finally, explained entire system idea would restored. While hotel's fault, staff completely unaware, untrained totally lying answered earlier queries. They nice clueless. If told us initially could gone internet cafe gotten 2 3 hours work done, especially given checked 2 hours late.Later evening, stopped desk asked progress made. A man also asking questions desk. We complained checked late, one clue going on, trying conduct business internet. This man overheard everything said got phone hotel's service provider. He asked questions, nodded, hung left. We asked also annoyed guest shocked find owner! He heard say never even offered remedy sort recompense. If owner care guests issues would staff care.Indeed around 7PM maid walked room, one heard knock, said turn proceeded draw curtains place brownies pillows. I believe upon entering room guests it, asked wanted not. We could state dress undress. This completely inappropriate.I hope place gets better cheap, finished staff needs lot training.",-0.003988095238095239,0.5425595238095239,Oct 5 2008
73,73,"Good location disappointing The place finished yet, lacks basic amenities like gym, restaurant, bar pool. The bathrooms even towel racks. The pay-per-view movie system iffy, picture quality flat-screen TVs average. Every room identical picture tree ugly fluorescent light behind it. I hassled needlessly incidental deposit, tendency doormen rush ahead order hold front doors open annoying. I stayed business trip, costs covered, I'd pay stay I'd really unhappy. Great neighborhood, though, leave hotel.",-0.15416666666666665,0.6895833333333335,Sep 23 2008
74,74,"Shambles This opened ready, disgrace. The pool finished, restaurant, fitness centre, WLAN worse helpful staff. It essentially still building site work commenced 8am.On arrival, received &quot;complementary upgrade&quot; room room balcony. Sounds good balcony locked. When asked unlocked told safety tested yet. So benefit upgrade. The housekeeping staff managed lose retainer left glass water bathroom sink. Five times asked front desk told would come back us - nothing, response. On check out, told lost sorry. That's it. Subsequently, I $60+ charge Amex I'm told staff dry cleaning - service use, bill worse still dated time staying hotel. I still got money back.Don't stay here. It get better (you'd hope) finished, fact opened clearly ready shows scant regard guests. The rooms great, expensive staff unhelpful.",0.016666666666666663,0.4785714285714286,Sep 23 2008
75,75,"Why pay (THOMPSON) Les? Are kidding? Even though none projected perks running Thompson Les already dishing attitude. I unfortunate experience staying fashion week I never ever ever again. Besides obvious snobbery experience horrible!The rooms cold properly insulated. You hear neighbors doors slamming floor. It's party impossible actual party in. NOTE: No sex LES unless want call downstairs - I call embarrassing everyone, I alone. Constructions happening two floors yes, hear it. While raw look ceiling intentional, reason insulation people...sound, temperature comfort, etc. Will ever remedy issue? Each floor oddest odor also, perhaps new carpet smells like vomit. An expensive candle floor would nice. The cleaning service arrives 8am persistently return every 15minutes ---so make sure put disturb sign...8am really! Internet connections issue alarms....dear god alarms!! I read construction glass monstrosity cursed makes sense now. Never telling, many artists elderly people evicted construction cheapest place earth. When I artist living New York 1980's LES stood something . . . artist, junkies, musicians, real individuals characters. The Thompson LES sad, sad, reminder tragically beautiful replaced shiny new glass facade. Yet, attempts cool hip cheap, trite well...transparent!Sadly sadly disappointed....back Hotel Rivington, 60 Thompson Mercer.",0.022780185670810676,0.6355396917896917,Sep 11 2008
76,76,"We love Thompson LES Because reservation new Thompson Hotel Gildhall Wallstreet ok, checked options pc hotel. Then found Thompson LES area lower east side, neighbourhood next SOHO. We decided change staff collaborative. We reserved rooms Thompson LES historic low rate finished yet (no pool, gym, restau etc). We found trendy stylish HOT neighbourhood still original authentic places.The staff helpfull always ready help. Their staff quite large always helping hand. Complimantory breakfast great served great terrace splendid views. We sure like it!",0.3107848897134612,0.5760478939050367,Sep 10 2008
77,77,"Good potentatial fully operational Given previous reviews, I somewhat anxious checking desk. First good surprise: I could get room right away although 1.30 PM. While I booked king studio (quite large appointed couches), I asked move another room, turned queen, noisy neighbors (and also studio rather dark).The two types rooms offered modern, so-called industrial design; floor- to- ceiling windows, cement ceilings black wooden floor, shower grey slates. Very Soho indeed RIYL. The desk room really narrow, bed wide flat TV screen.There interesting views rooms depends pretty much side floor located. Some rooms, essentially Allen Street, noisy. As reviewers pointed out, virtually service moment: restaurant bar, spa pool. In addition, time, one three elevators working. However, difference previous reviewer, I could get internet connection (included rate).Also, complementary, kind basic breakfast available small hospitality room 15th floor. This indicated I booked room might sort compensation .nuisance due ongoing construction within hotel.Finally front desk staff (with men especially elegant trendy suits Ã la Paul Smith) quite friendly, Most young speak foreign language (notably Spanish). The bell guys terrific constantly servicing. I would say concierge, suggested restaurants googling.The best part unfinished probably neighborhood. Although increasingly invaded tourists, Lower east side still mixed lively area New York, plenty interesting shops, nice restaurants, charming streets old fashioned buildings. An Thompson LES certainly good base exploring part city.",0.1779545454545454,0.47554329004329005,Sep 5 2008
78,78,"Nice even unfinished... We returned 2 day stay Thompson LES. We usually like stay Soho, getting unbeatable rate Quikbook average $ 164.00 day, tried LES time. Actually third stay Thompson Hotel opening phase. We also stayed 6 Columbus Gild Hall Hotel recently. The finished yet, mind in-house restaurant pool. Check-in OK, however computer came higher rate, luckily I printout actual rate. I using Quikbook many years never issue before! We told, room ready, could store luggage wait hospitality room 15th floor. Our question estimate room would ready never answered clerk, seemed fairly unsure whole check-in process. We thought, would stick around, thought would ready within next 1/2 hour.We left sure enough 15 min. later received call, room indeed ready. However already side town. When returned later evening, check-in again, since previous clerk done right, brazilian woman helped us time professional also told us continental breakfast would served hospitality room 15th floor. After check-in stored luggage nowhere found, however previous bellboy already brought room day, nice - lost communication.Rooms nice hardwood floor, zebrawood furniture modern sleek design. Loved rain shower Kiehls amenities.Among 3 Thompson hotels, I personally thought pastries served morning much worse 6 Columbus Gild Hall, hard compete pastries Bouley's bakery 6 Columbus. A plus was, always plenty complimentary Voss still water hospitality room! Another nice thing was, called last evening, way back early dinner wanted swing cab pick stored luggage, since running little late go airport, bellboy already waiting bags front even stop go hotel!All even hickups, nice stay, however Gild Hall well 6 Columbus opening phase, I thought professional LES.",0.14829451345755687,0.4303174603174605,Sep 4 2008
79,79,"No Ready We reservation stay Sept 10th 4 nights. I recently called make sure everything would running. They informed fitness centre, pool, restaurants bars NOT going ready mid October. I probably cancel stay elsewhere. Rates way high receiving 50% promised website!",0.10857142857142858,0.5255555555555556,Sep 3 2008
80,80,"Great new SOHO We stayed Thompson LES long weekend great time. The new, little issues need sorted out, however still loved hotel.The service excellent. All staff went beyond ensure nice stay. We one issue housekeeping. They make room second night. When called tell them, ready send someone right away. Also, provided turndown service first night second night- little inconsistent, however big deal.The rooms nice. Sleek modern. Spacious NY standards. The pull sofa uncomfortable though.The hospitality suite great place relax. Nice terrace. Breakfast served here. They provided fruits, coffee, water pastries. Nice touch.The restaurant pool still finished explains great price got room.We would definitely stay hope go back fully operating.",0.25921021438878583,0.5309652648938363,Sep 2 2008
81,81,"Great awesome finished We excellent stay LES, although without hiccups. Beside pool bar finished many guest floors finished. Most time one elevator working time briefly none. The staff excellent. Every issue brought attention dealt promptly efficiently. There frequent apologies construction issues. Our room large Manhattan standards 16th floor awesome view. One story hospitality suite continental breakfast served. The patio gave sweeping view north, east south building. The continental breakfast decadent; cream puffs, chocolate croissants, sweet savory pastries. There also fruit standard breakfast fare.The decor Thompson LES sleek modern that's liking could considered cold unwelcoming. Some fixtures bathroom hav unfamiliar sometimes baffling controls (there secret button shower control allow temperature move higher luke warm). The area awesome tons restaurants nightlife. There subway stop less block away.All nice stay. We'd like go back pool finished. I suspect rates go gets better known works-out remaining bugs. Hopefully we'll still able afford stay :)And forget go around corner onto Houston St. hav lunch Katz's Deli. Not landmark amazingly good sandwichs.",0.3200665642601126,0.5739503328213006,Aug 31 2008
82,82,"A Great Place Stay Stayed August 2008What beautiful rooms! At night see city lights. Floor ceiling windows. A Great Location, close many restaurants shopping galore. Their restaurant bar opened yet, front desk said open soon. Don't worry, plenty food within walking distance. Staff plenty help friendly. Not bad price NYC.I would definitely recommend friends.",0.49218750000000006,0.6645833333333334,Aug 19 2008
83,83,"A Construction Zone I mean Hotel Having returned staying new Thompson Lower East Side, I surprised dismayed I found upon arrival. This NOT ready business. Beside fact much still construction (NO fitness center pool advertised Hotel website), NO wireless internet connection elevators essentially either working barely working. When I voiced exasperation upon check-in, management certainly apologetic, able much remedy situation. The staff young enthusiastic hands full running around trying operate unfinished project hotel. I would certainly wait considering return engagement.",0.147495670995671,0.47466017316017317,Aug 6 2008
84,84,GroÃe Zimmer geniale Umgebung,0.0,0.0,Jun 22 2009
85,85,schick und ausblick,0.0,0.0,Apr 28 2009
86,86,Tolles Hotel genialer Umgebung,0.0,0.0,Jan 6 2009
87,87,Durmiendo en un edificio en construcciÃ³n,0.0,0.0,Aug 16 2008
