,Unnamed: 0,Reviews,polarity,subject,Dates_extracted
0,0,"Very Happy Experience I stayed Enjoy Suites 4 nights 2 bedroom apartment. We delighted opened door see big apartment was. We corner building great glass going right way round living area. Housekeeping knocked every morning clean supply fresh towels expect every day great. Location wise apartments excellent. We walked almost everywhere. You pretty much middle things empire state blocks away. Also arrived dark. We heard roof garden take look. Its 24 floor think. Wow, view.... pretty cool great view New York sky line building staying in. Would much prefer apartment envoy suites done both. The negative point I would one us sleeping pull sofa bed uncomfortable sofa bed I've ever lay on. But bigger picture things take much everything. Who needs sleep New York anyway!!",0.2645746055020249,0.6014453288646836,Nov 18 2009
1,1,"Huge Room Manhattan Usually 3 star Manhattan means enough room get bags maybe walk one side bed get it. The Envoy hand huge suites. It felt like 3 room apartment living room kitchen. It feel old run either. Nice place, I would go heartbeat.",0.09043209876543211,0.5225308641975308,Nov 16 2009
2,2,"If patient NYU great place stay My Mom surgery NYU I wanted close. I surprised wonderful suite had. If mention family patient discount code get book room. If I NYC visit Envoy Club great, safe, quiet place stay near many attractions. For family patient G-d sent!",0.49062500000000003,0.6416666666666667,Nov 14 2009
3,3,"Go somewhere else! No internet service works rooms. When I asked concierge, hard get hold (let phone ring 20 minutes once) instructed get hold internet service provider myself. The maids wake every single day regardless disturb sign knock doorbell ring let know around clean room let clean back clean later. The carpets dirty well wallpaper stains throughout interior building. There one concierge around day night leave message answering machine work helpful say least. All lights room energy saving dim lighting. For 200 bucks night absolute robbery! Television 20 channels.",0.010783730158730164,0.5640376984126986,Nov 11 2009
4,4,Spacious bedroooms NYC great kitchen These unrented apartments much spacious room. We traveling children adult friends great much room. We budget happy find kitchen fully equipped. I get size master suite. Although carpets worn wallpaper drab everything clean. I hope book Envoy Club next NYC trip.,0.44583333333333336,0.525,Oct 8 2009
5,5,Terrific furnished apartments heart Murray Hill My wife &amp; I stayed 4 nights total comfort. Rooftop deck (22 stories up) amazing views East River Manhattan skyline. Large one bedroom suites (or 2 bedroom also) 2 TV's &amp; comforts home. We surely become regular visitors.,0.21904761904761907,0.6740638990638991,Sep 14 2009
6,6,"Well.......stay can't find anything else Stayed 3 night two small children. Had originally booked Affinia suite changed dates anything available price range, suite, place price range. A suite important us kids seperate sleeping area.Location good. Having kitchen nice feature never ended using it. Sofabed horrible fine 7 year old. Anyone older/heavier able sleep comfortably mattress springs poked through. We also rollaway space left. Bed bedroom comfortable room bed tight.Bathroom adequate anything screwed wall falling - toilet paper holder, shower soap tray, towel rack, etc.However room dirty!!! Carpets splatters allover walls even air conditioner. Nothing cleaned SOS pad Mr. Clean!!! No excuse ask me. Complained front desk cared less. Asked move rooms said fully booked. Also safe big joke. Yes safe yes lock things away. However attached anything ways around 10 pounds easily picked up, tucked arm taken away!!!!Wouldn't stay wouldnt recommend anyone else unless really need suite/apartment nothing else availabe. Maybe simply got paid for????Remember NOT hotel. It apartment building. No services restaurants, etc.",0.13304771505376348,0.49485407066052234,Sep 9 2009
7,7,"This disgustingly dirty place I ever seen! DO NOT MAKE THE SAME MISTAKE WE MADE, FIND ANOTHER PLACE TO STAY!!!!!This place disgusting. The carpets filthy, holes walls missing baseboards. The carpet different color close baseboards full dirt hair debris. I took swipe carpet foot long along baseboard piece toilet paper came quarter sized ball gross filth. I took receptionist helpful. They nowhere move us said nothing could do. There never anyone around help. No managers site phone numbers given conveniently never answered calls ever returned. To top pulled pull sofa put son bed dirty used band aid fell sheets crumpled changed. We left morning asked refund. We charged full stay credit card issued refund. There 48 hour cancellation policy even refund night passed 48 hour limit. I never speak manager come phone. The worst experience life!",-0.16993464052287582,0.4802287581699346,Aug 17 2009
8,8,"If prefer quite place stay...this it! Stayed 1 BR fourth floor newly refurbished spacious. Very comfortable queen bed; teens (17 19) complain queen sleeper sofa. No traffic noises; quiet building; loud parties, folks walking corridors night. Great bathroom. Really complaints. Didn't utilize kitchen; enough glasses/plates, etc. washed hand use. I loved going rooftop deck night: city views awesome. M34 crosstown bus convient; subway 33rd Park -- short walk.Concierge staff friendly helpful, though always desk. We able leave luggage mailroom check-in. We requested additional towels pillows (the unit stocked 2 people, four) provided hours later. Remember-- service, though excellent, may take bit longer. Fred promised deliver towels pillows shift ended returned dinner find items unit, promised.I return recommend place without reservation!",0.28713903743315505,0.5095811051693404,Aug 11 2009
9,9,"Highly dissapointed We stayed 3 days nights.The place decorated dirty carpets.We arrived found bread pieces linens, TV didnt work remote control batteries cover.Nobody answered complains three days.Would never go back, left complaint answering machine I never worried answer me.",-0.17,0.3233333333333333,Aug 8 2009
10,10,Descent terrible attention detail. I'm 3 weeks. The wireless connection worked one week even daily complaints assurances working fine. Receptionist answers telephone one 5 times...voice mail rest time. NEVER return phone call. Soap bath replaced once. It seems like they're really interested 'hotel' side condo unit.Less satisfying experience. Would definitely recommend friends again. Unfortunately 3 couples joining us weekend...3 units rented....but again. Too bad. Great potential.,-0.009848484848484823,0.6742424242424243,Aug 5 2009
11,11,"Worse awful Do consider funtioning bathroom basic amenity? If answer yes, even consider staying here.My mother open heart surgery NYU Medical Center father wanted able stay nearby made reservation Envoy Club. He asked repeatedly pull sofa room case another family member needed stay well. He assured would sofa room.Well, pull sofa, sofa all. But disturbing fact toilet stopped flushing one available fix it! Ultimately, staff private residences building came snake toilet. I told room whole building father could way anyone could refund money morning leave.Oh, I mention phone room work properly either? And cot ultimately provided 65 inches long?All disgusting way treat guest much worse deal serious medical problem needed basic services.Stay risk.",-0.06490384615384616,0.459775641025641,Jul 16 2009
12,12,"More expected! What pleasant surprise! We one bedroom apartment (sleeper sofa also available us, need it!). Wanted travel way gave us room room lower cost. It nice living room area small kitchen dining area space. Made nice unwind end day place socialize NYC family. The nearest subway station approx. 5 blocks closer one would nicer, overall, mind little walk, way travel NYC. This arrangement would PERFECT family wants stay NYC smaller pricetag!",0.3272435897435898,0.558974358974359,Jul 6 2009
13,13,"Great place stay Manhattan!!! For less price room, get studio apartment fully equipped kitchen. The rooms clean, comfortable like home-away-from-home impersonal room.",0.42000000000000004,0.5633333333333332,Jun 10 2009
14,14,"Expect staying apartment I think disappointments noted travelers may expected hotel. THE ENVOY CLUB IS NOT A HOTEL. It much like apartment building short term rentals extra services make stay enjoyable.We stayed Envoy Club May 29-Jun 3 absolutely loved it! We studio apartment used loveseat sofa bed daughter. (The bed comfortable, dead tired night.) The limited service provided clean towels day tidied kitchen us. Our bed also made. This service optional, accepted get clean towels.We loved full kitchen, espeically reheating wonderful restaurant meals much eat one sitting. Microwave popcorn also handy. The bathroom clean well equipped great shower. Once learned use cross town M34 bus, location great. If using subway, hike 6 several blocks. The cross town bus breeze. High-speed internet (wi-fi) room worked perfectly.The rooftop deck fantastic! Great views day night. Didn't use fitness room laundry. Great bagel shop around corner Rocky's Second Ave Pizza excellent. I also enjoyed Ali Baba Turkish food 34th...a short walk.",0.3184873949579832,0.5340546218487395,Jun 9 2009
15,15,"Bad Choice We extended family 4 rooms, types. The rooms large great carpets terrible feel like entire place dirty. The carpets stained badly terrible need cleaning replacing. Most us used shoes double socks walk around. I would stay shame would take little make place real bargain.",-0.20074404761904754,0.6137896825396826,Apr 7 2009
16,16,"Service? What Service? My boyfriend I stayed Envoy Club 3 nights March. I called ahead 3 weeks prior arrival requested early check-in... got 915 one front desk, doorman said someone would ``soon`` (even though hours posted stated service personnel would 9 am) guy finally showed around 930 looked us asked checking out. I told super early, requested early check - asked time could come back... told us around 2 room would ready (not 3 pm, usual check time) *not impressed* told us leave bags mail room... (anyone else find bit odd? leave belongings unlocked, unattended mail room?) So, leave... wonderful day city... return 2 (maybe 210) ... room still ready, come back 230ish (so much early check -in!!) When actually got room, GORGEOUS! We studio spacious, clean, bed fantastic! Loved kitchen mirrors bathroom! Each day went out, requested room made (having full kitchen, garbage accumulated cooked meals room) Not stay room made up. The final day, I called downstairs front desk spoke guy dealt first day... I asked room hadnt made told housekeeping still rooms (this 530 pm!!!) I requested SOMEONE come room pick garbage one came... *VERY UNIMPRESSED* ...hence title review.... SERVICE? WHAT SERVICE?",0.19311458333333334,0.4860000000000001,Apr 1 2009
17,17,"Convenient Location- Good Price I stayed extended stay location single night pleased accomodations value. I large studio apartment witha full kitchen decent work area. The property apartment building floor 5, &quot;hotel&quot; units floors 2-5. There decent fitness center, laundry facility, even small business center. Because nature property, front desk staffed 9:00 AM 8:00 PM.",0.13134920634920633,0.485515873015873,Mar 27 2009
18,18,"AAA+ Great staff ,....Super rooms ...,Great location......Great value",0.8,0.75,Mar 22 2009
19,19,"Spectacular vacations NY We stayed lovely one bedroom apartment 10 days, Dec 26th till Jan 5th, 2009. It well located could go walking everywhere: Empire State, United Nations building, 5th Avenue shops. Subway 3 blocks Savoy Club several bus lines pass 1 block it. We wonderful experience NY. It 1st time two teenagers. We frozen days pleasure arrive &quot;home&quot;. It heated times turn one heaters. The bedroom comfortable, charm large. We used sofa bed boy (17 years old) living room perfect. Sara Azulay, person I contact make reservations extremely nice answered questions doubts. Staff building helped us lot. Surely stay next visit NY. I really recommed Savoy Club!!",0.4455654761904762,0.6139550264550265,Mar 13 2009
20,20,"Excellent Experience My boyfriend I stayed Envoy Club's 2 bedroom suite last week January, 2009. I extremely satisfied Envoy Club. Fred helped us check-in refreshingly courteous helpful. The room spectacular--not clean nice furnishings everything one could hope extended stay: full refrigerator, microwave, stove, kitchen sink, etc etc.I highly recommend definitely stay next trip New York.",0.3094191919191919,0.6509343434343434,Mar 10 2009
21,21,"Would definitely recommend. We needed one night want spend lot money. My husband found two bedroom apartment $199. It fit needs right. The downside room - 410 - cigarette smoke seeped apartment. The master bedroom, bathroom, closet reeked it. So fortunate another bedroom affected it. We able walk City Center show walk dinner too. Very convenient.",0.15607142857142858,0.5535714285714285,Feb 23 2009
22,22,"This Place Is A Jewel! My stay Friday 1/23/09 absolutely wonderful. This place real jewel, parking three doors down. It reminds hotels I stayed Europe mixed purpose buildings occupied several floors building apartments office space levels. With kitchen, I could go local delicatessens dinner salad breakfast, (I special diet hard eat restaurants), right across street NYU I attending forensics conference. Anyone going academic program there, visiting medical student resident, staying patient hospital, really check place out. I can't wait stay again.",0.11312576312576311,0.3125152625152625,Jan 28 2009
23,23,"Efficient comfortable residence This real good choice multinight stays. The Envoy Club rooms surprisingly spacious, clean well maintained. The staff work hard please. I would definately return.",0.43499999999999994,0.6883333333333334,Dec 12 2008
24,24,"Good Accomodation/great location I returned 4 night stay envoy club, 377 east 33rd street, new york. I little worried previous reviews happy arrival carpets replaced hallways seemed people written previous reviews complaints about.The 1 bedroom apartment full kitchen microwave,dishwasher cooker, living area double sofa bed double bedroom tv hairdryers.The great location blocks empire state building (on 33rd street 5th ave) grand central station.There fantastic delhi great breakfast cinema around corner, times square 20 minute walk away.This second visit new york I would stay accomodation again.",0.24128787878787883,0.44955436720142605,Nov 13 2008
25,25,"Great place must upgraded! I made reservations prior reading trip advisor I decided keep reservations give shot. A things note, carpet hallways BRAND NEW, even new carpet smell!The staff friendly courteous, assisting requests needed. Big thanks assistance directions. The apartment suite spaceous Kitchen generous size one bedroom apartment NYC, appliances items kitchen would need. As I business, great able cook meals work apartment. (The wireless internet worked great reasonable rate)I staying Envoy future needs, I working company right area.",0.32222943722943725,0.46298701298701295,Nov 12 2008
26,26,"Oh GOSH place disaster! Oh gosh! I know pictures come web site management right lavish reviews place mess! I wear shoes walk floor; carpet stains mildew. The thing clean white linen, surprise. I put extra sheets sofa order sit down. I paid $400 1 star room. I travel lot I never experience.",0.039725056689342404,0.39994331065759636,Aug 19 2008
27,27,"Good place need space plus privacy Normally I stay Algonquin, Hilton, Blakely W. 55th, time I bringing 16-year-old daughter friend first trip city. I looked option booking two rooms next regular hotel, ended choosing Envoy Club, sure I could close proximity girls. We two-bedroom, two bath unit - girls took one side I other, living room kitchen (standard &quot;condo&quot; sort) between, much privacy booked separate rooms, MUCH space two typical NY rooms would provided. The space huge NY standards. I take issue previous reviews, though - I classify place &quot;spotless&quot; would give &quot;slightly better ok&quot; - meaning I feel I needed scrub disinfectant wipes using - could considerably &quot;sparklier.&quot; The overall unit fine, kitchen clean - yes, furniture bit worn, bed nice, new-appearing linens, double-sheeted generous sheets, quite clean fresh.My real complaint carpet - especially hallway around elevators. It dreadful, smells urine absolutely must replaced. The desk person asked I thought checked - I mention carpets. He diplomatically agreed.Location good. If go front door look right (2nd Ave) see Dunkin Donuts Starbucks right sight, corner. Then 5 blocks Empire State, course across street Macy's....so walking midtown cinch. We take cabs back though, long days walking shopping....just enough energy left. So might want factor cab fares budget. Neighborhood fine.I would recommend situations need space plus privacy small group (esp. minors involved) want save money using kitchen (there services except housekeeping, restaurant.) The two staff members I met nice. If replaced carpets, gave rooms bit shine polish, place could 4-star. As I'd give almost 3. But I would go back I escorting kids again.",0.13315570672713528,0.4541935577649864,Aug 18 2008
28,28,"""We're Impressed!"" Katie I school vacation - first time NYC - figured really need reasonably clean quiet: anything bonus. Happy report Envoy Club came flying colors. Our roomy 7th floor studio perfect, back quiet, double bed Katie convertible. Mattress 'firm', personal choice, quite comfy. Fold-out basic K happy, especially commandeered comforter, leaving blanket. Wi-fi $10. kitchen well equipped, bath superb, squeaky clean. Linens Frette, crisp new. Carpet floors easily pass Barefoot Test. Staff professional helpful - good advice local eateries, told toilet running smoke alarm beeping, repaired pronto.Envoy would 5 except location Kip's Bay Murray hill, cant figure which. beaten track lower midtown. We're walkers, might like closer action. hand, close two new faves, 2nd Street Deli, best pastrami planet, 3rd Lex E33rd, LaSalle Ice Cream 489 Third, house-made hand, superb - better Italy. Try Mango ice, gelatos - believe low fat. Cheers!",0.28528392028392024,0.4345399945399946,Apr 4 2008
29,29,"What great Place Stay We returned New York stayed Envoy Club. We bit nervous read reviews booked went open mind. It excellent! The staff really helpful suite stayed way average price payed. Would definately recommend anyone. The thing spoiled good walk taxi ride main shopping areas city good note didnt get street noise evening great hard day shopping!!! Very comfortable, clean great facilities room. Definately returning next year!!!!",0.3282373830213903,0.5817379679144385,Mar 22 2008
30,30,"Basically satisfied I NY daughter's wedding needed find something reasonably priced I needed kitchenette preparations, choices NYC limited that. I actually business I probably never would've found place, since I never heard before. All suited needs. I needed studio room actually larger I expected NY I surprised kitchen full working kitchen, oven included stovetop microwave I'd expected, nice plus. Location good anyone wanted near midtown Manhattan-it's right FDR near NYC Medical Center within walking distance everything. The main complaint, I would call that, although I 2 nights housekeeping available, I ever stayed leave extra roll two toilet paper bathrooms I literally ran I getting ready check out. Maybe oversight maybe rash guests stealing toilet paper, weird. And thing I would point anyone staying actual &quot;hotel&quot;, part condo unit front desk available day 8:30pm. I found next day family member tried call 9PM evening one transfer call get recording saying someone contact ASAP. I know people days cell phones I emergency I would never reached night. Just something keep mind cell. But comfortable stay all.",0.11321428571428573,0.4857913165266106,Mar 19 2008
31,31,"Great Location reasonable price Apartments little dated large size New York need apartment sleeping (beds amazing way!). Some furniture could modernising apart complaints. great location, within walking distance everything, near subway, empire state building shops.",0.3125721500721501,0.6425685425685426,Mar 9 2008
32,32,"Great spacious apartment We pleased accommodation Envoy. We stayed NYC 5 nights 3 year old son 18 -23 Dec, 2007. We found location suitable walking distance Empire State shopping. Our son stroller enjoyed walking city looking Christmas decorations. On occasions caught cab home (costing little) long day sightseeing city. We felt safe area. There deli steps away great food, well everything else would need (restaurants, drug store supermarket) close by. The fully equipped kitchen awesome, bathroom clean spacious. We loved separate bedroom huge king sized bed (very comfy). There plenty wardrobe space. The furniture good condition decor colors brown/taupe. Very pleasing. Our son double bed sized fold sofa main area easily folded away morning. Maid service good. It quite large apartment typical &quot;hotel' style all-in-one-room accommodation.The hallway showed stained carpet scent cigarettes, deter us recommending apartments. Our room comfortable fresh. There mix payment room. We paid prior arrival voucher, front desk billed us again, left. This quickly sorted within days notified mistake. In actual fact, another person staying surname mixed office. All good. Front desk helpful.It festive season concierge even gave lovely gift son - &quot;Mack&quot; truck movie &quot;Cars&quot;. He loves it.Would recommend families groups friends travelling together.",0.3063962585034014,0.5027210884353742,Jan 30 2008
33,33,"Disappointing Envoy Club Envoy Club Serviced Apartments, New York CityNew York last stop family month 'round world' trip Envoy Club worst acomodation stayed even though price higher London Paris supposedly similar standard apartments. It's location 33rd street poor - street dark gives impression unsafe. Murray Hill district neither uptown downtown - disappointing. It 4 blocks subway 3 blocks supermarket. The wireless internet work ,and business centre available guests.On arrival get cleaners vacuum carpet done doona cover changed former guests. The twin beds requested teenage children turned dodgy double sofabed. The central heating could altered unless prepared put loud rattle. Our 4 towels replaced 3. The kitchen bathroom clean kitchen limited kitchenware. We would done much better everyway well situated eaten out.",-0.06270150484436196,0.4111461554318697,Jan 9 2008
34,34,"Excellent choice Just back 4 night stay Envoy. We originally booked stay Radio City Apts changed Envoy 'due contractural reasons' said. But place, spacious great big king size bed sofa bed comfortable. Apt spotless cleaned every day. Only problem location though quick hop yellow cab right centre everything. Don't let location put off. Would definitly return.",0.3068498168498169,0.5623626373626374,Dec 6 2007
35,35,poor service drab appearence I booked apartment booked studio Labour Day weekend accepted condition compensation made fold away bed provided. Theadmin terrible attempt made compensate taken scratch. My travel co. GTA great got us moved 1 bed booked 1 extra night free without efforts Envoy Club would help care .This building need make rooms look shabby tired,-0.09999999999999998,0.6583333333333333,Sep 17 2007
36,36,"The Dogs Wotsits! Just got back staying Envoyclub apartments 377 East 33RD ST New York , NY10016! Great location right heart action, room great everything would need stay! Clean, comfortable spacious. Cleaners greatjob day leaving room spotless return!The staff desk helpful directions advice, made stay even enjoyable!I would hesitation recommending EnvoyClub travellers look forward returning near future!p.s Liberty Helicopter Tour! best $140 I spent!What view !!!",0.37098734598734606,0.45886613386613384,Jun 3 2007
37,37,"great place stay first trip NYC. place great, clean, comfortable. great place stay family. parents two children infant plenty room us. kitchen well equipped although busy seeing sights cooking. buy breakfast items ate breakfast apartment day.the bathroom clean spacious. walked time found apartment well located. subway station buses easy walking distance.would stay again.",0.48166666666666674,0.6416666666666666,May 3 2007
38,38,"Ideal family trip An apartment Envoy Club ideal choice travelling larger group. Just back 5 night stay St Patricks family, 4 adults &amp; teenager, Envoy Club provided excellent accomadation. About 10 minute walk Macy's makes reasonably accessable however bear mind want get around see everything New York seems huge days it. The reviews vary lot &amp; personally I think people may little disillusioned pictures descriptions apartments. Yes, fitted best everything however gone little shabby ... let put apartment looking spottlessly clean actually found staff friendly. The kitchen well equiped; beds comfortable; bathrooms large great shower pressure freezing cold, visit, heating system fantastic. If New York shop MUST visit Jersey Gardens www.jerseygardens.com. Take 111 bus Port Authority building - approx 40 minute ride; fare approx $4.50 single (much better value may $38 get Woodbury Common!). This mall completly indoors comfy couches sit rest shopping bursts. Remember well extra tax added clothes prices New Jersey Manhatten.Also, want get really good elevated view Manhatten go top Rockerfeller Centre. Having spent hours queing Empire State last visit tried The Top Rock time NO queue view much better.",0.24870925642984473,0.5286223580341227,Mar 22 2007
39,39,Loved Loved place. Warm cosy five min walk Macys. Stayed two bedroom reason I given top marks first checked given wrong apartment moved. But perfect!,0.3125,0.7308333333333333,Mar 22 2007
40,40,"expected Sorry folks, booked fleetwood travel promised 5 star accomodation. When arrived dissappointed put tired. After good nights sleep place still expected reviews read page. We expecting apartment block smell cooking corridors. The staff also quite surly gave us wrong information.We paid extra central quite far taxi cabs taken evening get back. We fantastic time New York though go back staying Envoy Club.",-0.014612794612794617,0.48622895622895623,Mar 17 2007
41,41,"Home Away Home Having travelled fairly extensively, I impressed Envoy Club. There 5 us 2 bed 2 bath apartment 4th floor 5 nights, I'm sure bigger New York apartments. Plenty closet space large safe, pokey toy ones. I wanted move permanently.It great somewhere 5 us could spend time together rather separate rooms. The full kitchen well appointed well worth having. The furnishings good standard fairly date, beds comfortable sofa bed according designated sleeper. The bathrooms clean showers decent power. Location wise well located blocks Empire State Building far Macys. Being 33rd, cabs rarely $ 10.00 downtown. If getting cab back get drop 33 2nd Ave, walk Envoy Club, saves going round block door.Bedding normally already made sofa bed, may ask pillows though.There loads convenience stores, delis cinema near Envoy Club. Also great take places, ask front desk. I would problem recommending Envoy Club clients. Overall staff great helped wherever possible. Big thanks Gillian, great stay.Minor Points:The rooms could minor nip/tuck there, nothing major ie window blinds need repairingCould DVD players VCR's bit dateThe kitchen utensils could upgrade teaspoons would good.",0.30314818064818067,0.5316758316758318,Nov 16 2006
42,42,"Fantastic Service We returned spent 5 days Envoy Club, experienced excellent service highest standards cleanliness. The staff arranged late check group, checked maps even arranged transport various shopping malls.The 1 bedroomed apartment spotlessly clean everything would expect find full stocked house!The downside location bit far timnes square etc.",0.2616666666666667,0.725,Nov 1 2006
43,43,"Great place stay!! Stayed Envoy Club apartments last week five nights. We studio apartment overlooked street really noisy. Even though across street NYU medical centre. The apartment clean everything need stay. A fully equiped kitchen mod cons bathroom. There large tv, vcr, stereo fax machine. You private fax line phone line. Details given reception. There maid service everyday. The staff nice helpful. We need contact ask could stay room extra hour check problem plus charged it. The envoy club apartments floors 3-7 rest building eastbridge lodgings. There separate elevators envoy club guests. You walk empire state building, herald square etc cab easy hail. I would definately recommend envoy club. I staying again.",0.24387755102040812,0.5323979591836734,Nov 1 2006
44,44,"Well worth walk Date 17th-24th June 2006My husband I spent week New York 35th wedding anniv 1st time USA worried stay, Well shouldn`t Envoy Studio great, centre things able walk anywere wanted take subway 33rd Street. We room 505 clean comfortable towels changed everyday maid came every day , receptionist helpful asked anything Jamile even sorted transport back JFK.We trouble air-con leaking mentioned someone summonded right away returned sorted!!!. The bars restaurants around great spent night Murphys, Ollie barman funny. If want trendy bar go bar twelve At end busy days appreciated location even could get sleep undisturbed front. You everything kitchen needed chose eat in. Ladies hairdryer kept cabinet bathroom I looking bedroom one even adaptor English electric items work.We took photos wouldn`t different photos already posted site.Thoroughly recommend want space freedom.",0.2552527507215007,0.45063582251082246,Jul 3 2006
45,45,"Sshh! Don;t tell world place they'll go! My friend I stayed five fabulous nights! The air conditioning worked well, hadnât could easily lived giant fridge. The rooms spotless bathrooms actually looked like one www (a rarity experience).The neighbourhood quiet felt safe returning home late night.The staff really helpful gave incredibly helpful local top tips advice.I hope return soon I can!",0.2548611111111111,0.5305555555555556,Jun 6 2006
46,46,"Mice Sofa Bed Well need I say more, mice sofa bed room.When complained lady reception, said 'Its city, expect mice' The previous review descirbing place nice way, I agree, place obviously gone hill big time. They also changed name Eastbridge Logdings.",0.06825396825396825,0.39365079365079364,Jun 2 2006
47,47,"Beware - You May Not End Up Staying Here In February, friend I looked &quot;JustNewYorkHotels&quot; website. We found West Manhattan sounded OK, tried book. &quot;JustNewYorkHotels&quot; contacted us day later said full, suggested Envoy Club. We read reviews Trip Advisor website sounded great booked.All fine I arrived London, hoping meet friend New Zealand, apartment Envoy Club. We moved. He gone Envoy Club told 'Your Home International' - &quot;no longer apartments available Envoy Club&quot;. We moved - apartment W70th Street. The first hassle person let us apartment warned us woman called &quot;Crazy Susan&quot; lived 3rd floor like short term rentals building likely harrass us came across us. We later week someone put note door listing apartments, included, known let short term basis asking residents campaign this. The building left quite lot desired too. The smoke detectors either missing hanging ceiling, hole ceiling 2 foot long, wine bottle propping open window corridor. The lift kept breaking down.In addition left 5 messages customer service number given get single response. Not even one left day arrived confirm booking OK; one mention one set keys work; worryingly let know note door.To completely fair, apartment nice, good location, hassle lack customer service annoying really worrying.We complained, since going JustNewYorkHotels Your Home International taken month get response Your Home Int'l.I'm sure Envoy Club lovely place stay, beware book apartment through. You may end there.",0.1759875541125541,0.3965954184704184,Jun 2 2006
48,48,"A happy return After excellent stay Midtown-East service apartment venue, disappointing second visit April. We booked two bedroom, two bathroom apartment week turned dark place 4th floor building strong food smell corridor.We arrived 2.20 told ony 3 could check ok according rules game neither proper place store luggage facilities like toilet place sit down. Not nice arrive long-haul flight. Luckily, Starbucks around corner...The apartment need renovation. Carpets big stains them, sofas chairs well used cushioning, curtains two rooms partially fallen down, dishwasher properly work safe bedroom broken could used. And place could legally host 6 people, two chairs dining table sure enough. And like many places, batteries TV remote control empty. The day checked out, calls made apartment confirm &quot;gone&quot; 11 (which were) again, luggage stored unsecured place. Reception helpful one walk elevators without anybody taking note. So I wonder safety place.Sad say return run-down place good value.",0.10636200716845876,0.48107526881720425,May 11 2006
49,49,"Great location Just returned 5 nights New York (2 adults 2 teenagers). We stayed Envoy Club Apartments - E33rd st Manhattan. We found location good - quiet 3 blocks Empire State Building 2 blocks subway. Plenty local eating places around corner. Other major attractions 10 - 15 minute walk away - 5th avenue, times square etc..We one roomed apartment teenagers slept sofa bed.Apartment clean full kitchen amenities (which use), 2 TV's, plenty wardrobe space ect. Our days full returned late nights. Area around 33rd st safe. For apartment style accomodation New York could fault..We booked apartment directly website.",0.22275846702317292,0.5557308377896614,Apr 20 2006
50,50,"Good place right price Stayed spacious 1 bedroom excellent pullout living room area; beautiful, fully-equipped kitchen, large bathroom closet space. Everything spotless perfect working order. Great stay need close NYU Medical Center. Found great Chinese restaurant around corner plenty window-shopping nearby.Would recommend anyone want stay around Times Square, vicinity. Pet friendly.",0.4937500000000001,0.5553571428571428,Apr 9 2006
51,51,"Best Value City - We love it! This second time staying Envoy I still love it. The rooms clean, comfortable spacious. The studio suite 600 Sq. Ft. feels like master suite upscale home. The windows actually open, big deal me. This kind place waited served breakfast bed. Speaking bed, quite comfortable. The bathroom nicely appointed full kitchen much nicer own! I can't see anyone could like place. I live NYC place I feel like I'm getting ripped renting closet $200 night.",0.3705018939393939,0.596875,Apr 3 2006
52,52,"The Best Having checked every Manhattan(and I mean EVERY HOTEL) decided THE ENVOY. We(four us)had booked one bedroom, checked booking several times due reviews read trip advisor. We given two bedroom price(off great start) one bedrms arrived. The place amazing, clean, quiet, daily cleaning service(she must hated place, full empty shopping bags)and laundry service needed 3rd floor. Front desk staff helpful polite doormen great, friendly helpful too. The place could fitted 6-8 people comportably. 2 bedrms, 2 bathrms, kitchen, large living rm, 3 T.V.'s, closets everywhere!! We use half them! We amazing 5 nights luxury. A straight walk 33rd street right Macy's shoppers paradise, close great eateries. Have recommend Jack Dempseys(on 33rd Broadway &amp; 5th) best kinds food especially Buffullo Wings Steak Tidbits(fab, fab, fab). We bit dubious read reports The Envoy rave it, back next year, time, place.From Lorraine Donegal.",0.19535528273809524,0.4402120535714286,Dec 15 2005
53,53,"Spectacular Front desk wonderful helpful. We go &quot;snobbery&quot; New York City asked desk &quot;where locals go&quot;? Pleasantly surprised directions, suggestions, honesty staff. Being south, &quot;laid back&quot; quite appalled sometimes hectic mind-set north. These folks gave us &quot;down-home feeling, room immaculant, suggestions splendid--saving us lot $$$. The roof-top romantic...recommend place without hesitation. Remember home. There could problems, well taken care EXTREMELY comfortable satisfied. Would recommend anyone wants relax room feel like sitting suitcase. Neighborhood safe friendly--IF YOU ARE. You get give. By way, go, DO NOT MISS MCSORLEY'S BAR. Real home feeling, great beer, greater food.",0.3068686868686869,0.6291919191919192,Nov 27 2005
54,54,"Pleasantly surprised When booked room Hotel bit worried. But got happier. We 1brm suite room extremely clean comfortable. The staff polite accomodating, exactly knowledgable asked directions recommendations. The location perfect us able lot walking weather especially warm early Nov. But cab rides never 5-8$ anywhere wanted go. I would highly recommend place would definitely book again.",0.3039743589743589,0.6088461538461538,Nov 11 2005
55,55,"Fantastic Living Space First consider whether want room people tending every need, clean well-stocked space explore New York. The Envoy Club Hotel perfect latter.We stayed four nights one-bedroom apartment frankly could moved good! facilities, cleanliness decor top notch including CD players, coffee perculator, giant bed, great shower/bathroom 2 TVs. The service on-hand expected asked for. The reception people helpful went great lengths make girlfriends birthday (and surprise engagement!) happy experience us.Location short walk past shops restaurants subway, quiet enough get disturbed traffic people streets. Plenty taxis going past, perfectly clean. The right next University Hospital well never heard sound even though front side.I understand moaning messages here, unless particular moment annoyance like plumbing story -those things happen unfortunately ruin anyone's holiday. But 95% people absolutely love Envoy Hotel offers.New york wonderful - get Washington Square, grab helicopter ride, picture-snapping tourist Ground Zero, enjoy largely positive nature numerous different New Yorkers. We go back, definately stay Envoy again.",0.29095982142857146,0.568445616883117,Oct 24 2005
56,56,Better expected!! Six us stayed Envoy Sept 23rd quick shopping trip. We booked 2bd/2ba better expected. The apartment spacious clean. The kitchen new spotless marble tops. We thrilled say least. The frontdesk bad people keep saying. They catered needs even holding luggage 8hrs checked out. I would definitely recommend stay go back.,0.09834280303030303,0.4767676767676768,Sep 26 2005
57,57,"Very poor service response I stayed Bridgestreet Envoy Club two (2) times early mid-2005. The first stay pleasant; suites spacious insulated noise nearby parties. I professional woman staying alone NYC business. During second (and final!) two-night stay, plumbing problem management dealt quite poorly. Throughout first night, gurgling noise come septic system sporadic intervals, without apparent reason. I notified management, however one came check day. On 2nd night approx. 2 AM, toilet began gurgling loudly time overflowing, without reason (it recently used). I reported problem tape machine one front desk. I spent couple &quot;wee hours&quot; awake, worrying entire one bedroom suite would flooded I unable turn water bowl. Around 7 AM, falling much needed sleep loud banging door. Emergently, fellow rushed two-inch deep pool water rudely inquired I done cause problem. He another fellow unit approximately 9 AM repairing tank wiping water floor.I obliged shower dress professional garb 9 AM order make work commitments; For nearly $250 night -- I unable shower prior starting work day. Indeed I requested repair person I able use another shower however either understand ignored request, stating almost finished. (No one answered front desk.) Unfortunately, I exhausted throughout day interrupted sleep.Sad say, service/responsiveness/courtesy property even compare economy hotels I've stayed at. I've since stayed several comparably priced hotel/suite complexes owned Affinia quite pleased aspects service.",-0.016875,0.4457291666666666,Aug 25 2005
58,58,"Really enjoyed would stay My husband I really enjoyed hotel. I agree front desk staff unprofessional (personal conversations front customers sort clueless attitude) problem finding reservation quickly processed.The room spacious, well equipped, nicely decorated, smelled fresh clean. Definitely average NYC room. It also quiet.The location (1st Avenue) sort way, right next bus stop, used get subway. The bus runs length 34th Street convenient. We found entire block quiet NYC slept well nights there.I would definitely stay would recommend it.",0.21118580765639589,0.4995845004668535,Aug 16 2005
59,59,"Don't Give It Benefit I previously stayed Envoy Club must agree going downhill fast.I booked studio confirmed reservation price email. When booking I made pay six night stay upfront higher price. After arguing good ten minutes, need 20 hour flight, adjusted without acknowledging error. They need start thinking replacing desk staff management. I'm kind calling unprofessional.The first room stunk, bathroom cracked tiles, personal safe although could see used front door loose unsafe. When I requested room change treated like real effort agree.The new room much better - mutiple stains carpets sofas, shonky TV reception, bathroom kits etc.Where eighteen months ago I recommended place (on TripAdvisor) I would give benefit doubt. It worth hassles go through.",0.2566267066267066,0.423126873126873,Jul 22 2005
60,60,"Hmmmm Well say, apartments spacious clean ( carpets need serious overhaul ). The bathroom lovely clean. But hallway ''non smoking'' floor smelt stale cigs... know smell.... room everything could poss need.... cd player/video player ( uses videos days ). The big downsides staff ''front desk'' totally suck !!! No idea customer services ... actually unreal. The location headache midtown would thought find subway stn within couple mins walk.....errrr ! try 15 mins away, quickerjumpin cab destination. The area around nice peaceful(ish) new york, actually feels quite ''suburban'' starnge way. The apts designed business people want kitchen etc etc going ny hols would stay somewhere else u really experience new york atmosphere around ..... good luck !!! email got anymore questions.",0.15524475524475526,0.4544289044289044,May 6 2005
61,61,"Excellent value good location nice apart-hotel We stayed Envoy Club 7 nights 14th 20th April 2005. After reading one recent reviews website little worried checked in, however pleasantly surprised quality accommodation. We booked studio room, although get upgrade like guests, room adequate needs. The service we'd Envoy Club booking room follow queries prompt friendly. I found special rate Expedia 3 5 nights booked emailed ask could match I always prefer book direct hotel. They matched rate, I confirmed booking, extended whole 5 nights - paid $179 per night plus taxes (for Brits, worked around Â£100 per night).The lobby small, remember - apartment block, Envoy Club first 3 4 floors apartments rent guests short term basis. There normal facilities, bar restaurant large lounge lobby - important stay here. There fitness room, business centre laundry, use can't comment them. The receptionist little scary first, super friendly mood brightened. Two days stay decided NY great going stay extra couple days. The receptionist accommodated us fuss even let us keep special rate paying extra 2 nights. By end stay getting tips go, teasing us amount shopping - friendly service.The room large standard, I understand it, particularly New York. It clean, sheets fine! fairly stylishly done, top modern. There 2 large windows room feel closed in.We queen size bed (the receptionist worried big enough 6'2&quot; half, fine), small sofa, small dining table 2 chairs. There cable TV, VCR CD player. There two large cupboards (closets) one walk-in great gave us loads storage space. The kitchen great, although use make coffee keep milk refrigerator. If staying longer though equipment need make simple meals - oven, hob, microwave, pots pans etc - look fairly clean.The bathroom also good size, took us work temperature control shower, got eventually - clean, plenty towels.We got maid service every day (sometimes little keen, wanting come clean we'd left day) place always spotless, including maid cleaning coffee cups coffee pot every day.The location pretty good, although little main action. It's 4 crosstown blocks subway (about 10 - 15 min walk easy pace) 5 blocks Empire State Building. There couple good bars nearby, plenty pharmacies, convenience stores delis. We grateful peaceful location end busy day, street outside noise room (but back).My gripes (and pretty minor ones that) - way could find adjust air-con. The weather positively summer like 70-80 degrees, matter much, might cold cooler outside. Also air-con quite noisy. The gripe - full length mirror! How strange hotel!I would hesitation recommending place anyone worried full atmosphere, wants stay quieter neighbourhood.",0.1998905931233517,0.49962780514504657,May 2 2005
62,62,"Apartment We arrived Envoyclub mid-March 05. First pay entire stay check in. Then room. Missing key charge 70$. Envoy inform room description queen bed one large blanket two persons sleep. This might encounter inconvenience sharing room gender spouse. Fitted carpet bit shabby. Plenty room belongings. Separate dressing room wardrobe. In kitchen dishes fine, one boiler rusty. Others okay. Gas stove. Dishwasher seen better days... brown inside job well. Detergent included. We liked space studio 550 square feet (50 m2). Room also quiet. Only cleaning time (9-15 depending maid nearby) noise. There airconditioning windows cannot opened. The ventilation bathroom poor. This big minus stay. After using toilet, get smells room... one inch opening door. We used 0.99$ air freshener &quot;session&quot;.Electronic safe box didnÂ´t work. Hotel staff nothing couldnÂ´t. They gave us next day safelocker desk. As Europeans didnÂ´t mind 700m walk 33. Street metrostation. Or 1 km ESB. There many small restaurants near one liqueur shop kept chinese good service. Conlusion hotel: rate Envoyclub three minus ***-. Hotel staff *. They didnÂ´t even say &quot;Bye&quot; checking out. We got impression, reception better things like chatting internet going many times available, friendly serve guests. It doesnÂ´t take much that. Room cleaning ****. Room basic amenities (no body lotion) ***. Dishes ****. Hotel location ***.Our opinion Envoyclub got better value (149$ booked five months advance) f.ex. priced basic ** -hotel without breakfast, without spacious room without kitchen.",0.1668417366946779,0.39912464985994395,Mar 23 2005
63,63,"Amazing!! We returned trip NY two year old tow I cannot stop gushing hotel. It could perfect. I read review March 5th I say must gotten revamped room nothing run experienced. The decor stylish clean, sheets new, kitchen even marble counters. We one bedroom surprisingly large, perfect couple child. The staff friendly helpful, calling sure room fine, assisting directions restaurant recommendations. The location central everything need outside door. Two grocery stores, bagels, pizza, sandwiches, pubs, much more. I frequent business traveler I'm comfortable recommending anyone ~ surpassed expectations, especially due incredibly low rate. We returning NY later year definitely staying Envoy.",0.34014279701779704,0.5685789442039443,Mar 16 2005
64,64,"A great value forgotten corner NYC If looking personal service tons amenities, Envoy Club you. BUT, looking luxurious yet reasonably priced accommodation, look Envoy Club. My fiance I stayed past weekend excellent experience. First, upgraded studio one bedroom extra charge. When went 5th floor room, amazed APARTMENT found opened door. Yes, I said APARTMENT -- teeny-tiny closets pass rooms parts city. This space living room couch two chairs, dining table, large galley kitchen, good-sized bedroom NYC standards. There TV VCR living room TV bedroom. The apartment tastefully decorated kitchen dishes, pots, pans, etc, could cook wanted. Everything clean towels best I've ever seen hotel. Only small downsides sheets little frayed edges left one robe instead two. The room also one quiet places I've ever stayed NYC. The noises I heard tenants opening closing doors. Check-in check-out breeze (unlike larger hotels nightmare). The real drawback Envoy Club location. The closest subway Park Avenue (hotel 33rd 1st) many tourist attractions nearby. Plus, sometimes difficult hail cab area off-hours. So, LOT walking good burn delicious food ate stay! Thumbs Envoy Club!",0.20235008818342154,0.575379188712522,Mar 15 2005
65,65,"Going going downhill! I stayed several times last year keeps getting worse visit. My recent visit January last. Every time I checked I greeted staffer busier personal phone calls, friends visiting, food deliveries, eating, reading magazines, etc., provide decent greeting, last time took cake! The desk clerk could bothered TURN AROUND greet several MINUTES, speaking seated reading magazine back me. Is management premise? I never seen any! Every simple request typically greeted NO bad attitude call downstairs anything room, half time phone ring ring answer! One visit, weekday evening I trying get sleep big meeting, dog next door barked continually, nothing could done dog yapped hours night front desk clerk gone 10pm! One desk clerks also seen evenings slumping chair lobby complaining loudly work ... Lovely ambience hotel. The rooms quite nice, carpeting stained holes bleached splotches every floor, hallways bit dank soiled uninviting well rooms. The toilets either fail flush overflow seems every visit. They even post warning rather fix problem! The showers NEVER drain, leaving tub almost overflowing end shower. The AC units lately work well, sometimes all. Every room I stayed definite smoky smell, even supposed non-smoking room. The &quot;Frette&quot; linens not, TATTERS. Sincerely, sheets put bed ripped torn frayed. The maid management must know this, allow front desk clerks rude are, care! The rooms large, I stayed studios one bedrooms, generally cleaned well lately look quite grimy. It worth stay anymore regardless room size. This seen better days going tubes unless freshens hires professional staff.",0.04578775203775203,0.38782711282711285,Mar 5 2005
66,66,"Best kept secret One best kept secrets New York City Envoy Club. I took husband January combo dance comedy weekend NY. He likes dance I like comedy going Carolines dancing two nights row needed somewhere recuperate days (Thursday &amp; Friday). I research days came Envoy Club E 31 First Ave. It perfect!!! It hotel- home away home. The apartment - that's right apartment- fully equipped kitchen (everything it), wonderful walk-in closets great bathroom. As happens, rained next morning first day room came huge umbrella. Did I mention several floors within business residential building feel right neighborhood. They exercise room floor I stayed on, too. I know usual, I stayed everywhere Canada Florida best place price I ever stayed. I could believe reasonable price charged. I sure next time plan partying weekend break away, there.",0.39251537935748465,0.4832383990278727,Feb 13 2005
67,67,"Traveller's Worst Nightmare--Homelessness My husband I recently visited New York City support friend running marathon. Of course, one busiest weekends city almost every decent booked. About one month prior trip, reserved room Envoy Club weekend. When arrived late Friday night, told someone moved reservation following Monday Thrusday instead Friday Monday. I guess lucky even caught front desk clerk...as head home night leave check desk unattended-don't know would've done then. Needless say, I received notification reservation change (since handwritten pencil &quot;computerized print out&quot;) web page email confirmations hand. Besides, made change, would standing there? The booked someone place...so full. We knew homelessness felt like. We thought first night New York would spent bench Grand Central Station. After hour half calling hotels, Envoy Club finally find us 5 blocks away. They smoking room, point, would take anything. The Envoy Club agreed pay rate difference (only verbally--refused put writing). After call new hotel, I comforted rates would taken care of. Finally, 2:30 am, checked hotel...smokey not, bed Park Avenue. Unfortuantely, check Monday morning, rate difference still resolved Envoy Club. After heated calls Envoy Club Management, bill resolved I thought Envoy Club nightmare over. Now, one week later receive another confirmation Enovy Club reminder upcoming stay. This place can't get right. I really hope we're cancelled!This horrible first experience stay New York. I definitely recommend sticking &quot;Name Brand&quot; hotels possible visit big place...or least avoid got!",-0.018157081014223878,0.5346351267779839,Nov 16 2004
68,68,Great value big room !,0.4,0.425,Nov 15 2004
69,69,Fabulous!,0.5,1.0,Oct 5 2004
70,70,A Gem hay,0.0,0.0,Sep 30 2004
71,71,Good apartment feel,0.7,0.6000000000000001,Jul 2 2004
72,72,Nice place stay,0.6,1.0,May 3 2004
73,73,Excellent Find,1.0,1.0,Apr 17 2004
74,74,Exquisite building!,1.0,1.0,Mar 23 2004
75,75,Excellent. My favorite place stay NYC!,0.8125,1.0,Mar 12 2004
76,76,Absolutely Faboulous,0.2,0.9,Dec 9 2003
77,77,Worth every penny...,0.3,0.1,Sep 1 2003
78,78,Mauvaise experience,0.0,0.0,Aug 24 2009
79,79,TrÃ¨s Bonne surprise!!,0.0,0.0,Jul 5 2009
80,80,Klasse Appartement GROSS SAUBER FREUNDLICH,0.0,0.0,Mar 3 2009
81,81,Unser Ruheraum NYC,0.0,0.0,May 21 2008
82,82,appartamenti abbordabili NY,0.0,0.0,Mar 16 2008
