,Unnamed: 0,Reviews,polarity,subject,Dates_extracted
0,0,"Suite match description -- 5 star service -- got food poisoning After long conversation phone reservations assistant, carefully reviewing descriptions internet, I selected Edwardian Suite 1000 square feet, living room sofa, pocket doors living area bedroom. Well, put us room insisted fact Edwardian Suite, matched identically description next lower tier suite several hundred dollars less--no pocket doors, 700 sq feet, room sofa. They moved us one night (were sold first night), refund difference price. The first night uncomfortable privacy children rollaway beds barely fit room, saggy. The next night, REAL Edwardian suite lovely. But go trouble moving really get enjoy it. There problems: chicken fingers kids (ran two days!) though eventually cooked scratch us (shouldn't hard!) And, eating ONLY food whole day, I got mild case food poisoning middle second night, kept several hours. Luckily I ok next day. I think must salad I ordered.",0.10008012820512821,0.4044871794871796,0.4044871794871796
1,1,"About Mixed Reviews After five-day, four-night Thanksgiving weekend Plaza, re-reading previous reviews reveals good not-so-good pretty right. Yes, gorgeous, Beau-Arts absolutely fabulous matchless location. And yes, couple years following ground-to-roof renovation, carpets rooms pristine. But culprit housekeeping (in-hindsight) choice vanilla creme color carpet. Our junior suite definitely &quot;shadows&quot; showing short plush pile. I call stains, disappointing none less. However, room verged spectacular aforementioned creme, white gold. The marble bathroom large towels large soft. What Plaza offers incredible location, wonderful service was, case, consistent, luxury surroundings simply cannot matched anywhere else NYC. I downrate one star poor choice carpet color need pull replace forgiving tone. The in-hotel associated owned Oak Room restaurant bit problematical; separate review submitted holiday dinner mixed results.",0.17699829931972788,0.5056547619047619,0.5056547619047619
2,2,"Great Location No Atmosphere Went shopping trip 2 daughters New York first time.Hotels location really good average.Good points really clean bed comfortable.I felt safe daughters,Staff friendly n &amp; helpful.Bad points atmosphere hotel.The reception area served breakfast area it.There lovely bar/restaurant back appeared closed.The room service menu overpriced 1 coffee &amp; 1 hot chocolate $30.A full breakfast 1 person $40 nice.We left yesturday morning early- No hot water.Didnt time complain. would expect hotel.I seen review mentioned well.Anyway good time feel really overpriced actually got.",0.2725279106858054,0.458572567783094,Nov 26 2009
3,3,"False Advertisement Mediocre Accomodations We booked Plaza Hotel prior departure cruise NYC, wanted (what thought) would best NY offer.When booking rooms, I told Edwardian Suite (1740) would best choice &quot;sweeping views&quot; Central Park. This case, room obstructed views. Further, upon arrival, found room state repair, engineer spent hour room replacing bulbs, repairing toilet seat, repairing door latch. The carpeting old filthy. An overall disappointment left lot desired overpriced landmark. $400M remodeling make nicer apparently.",-0.018888888888888893,0.3333333333333333,Nov 17 2009
4,4,"Loved it! This first-class hotel. The service excellent. The location convenient shopping, restaurants, night life Central Park. The rooms EXTREMELY comfortable. I can't remember I slept well hotel. Absolutely noise either street, corridors neighbours. The bed comfortable. Staying special treat.",0.40651785714285715,0.7026785714285715,Nov 9 2009
5,5,"Good Not Great Let begin review saying wife absolutely loved cannot believe I anything negative say take worth. The absolute best location NYC. It's location effectively provides private road front allows easy entry exit vehicle (if drive) catching cab (compared The Ritz, The Peninsula, St. Regis Mandarin, busy streets place park). I found room clean although I fan antiquated furnishings retro gold bathroom fixtures. The butler service spotty. I called restocking wet bar took three (3) hours taken care of. During stay problems television service without several television stations. Due size hotel, hard expect level service whereby doormen recall name etc., might accustomed staying Four Seasons, Ritz, Mandarin small boutique properties. All all, The Plaza institution that, I glad I stayed. However, compared Four Seasons Jackson Hole, Mandarin Oriental DC, Beverly Wilshire, Arrabelle Vail, Four Seasons Miami, King Edward Hotel Toronto, even come close.",0.21316666666666667,0.54325,Nov 8 2009
6,6,"Great Hotel - Excellent Location Of course, one must realise today's Plaza Hotel legend was, converted private apartments recent refit. What left, however, still magnificent, hotel, conference centre function venue. Certainly, facilities used be, good one might expect stature - breakfast area, squeezed corner lobby one example. The rooms, however, extremely comfortable, well decorated provided every modern amenity one could wish including huge flat screen TV marble lined bathroom. In experience, service also top rate. Add central location south end Central Park 5th Ave. equidistant Guggenheim, Mettropolitan Museum, MoMA Broadway theatres, stones throw high end 5th Avenue stores appeal obvious. Cost? Well, that's high, place like that's pay. All - excellent.",0.3504642857142858,0.5375714285714285,Nov 6 2009
7,7,"Beautiful Hotel Recently spent 3 nights Plaza - stunning hotel. Check quick efficient room requests already dealt with. We deluxe room 19th floor well appointed - wonderful high ceilings comfortable bed! My choice foam pillows good one - soft cosy. The bathroom big clean, although pressure shower could greater.The touchscreen gadget controlling lights/air con/tv etc little unresponsive times complaints really.Sign Fairmont Presidents Club free internet too. A great deal.Overall I would heartily recommend - expensive special.",0.3389642857142857,0.6196428571428572,Nov 6 2009
8,8,"ok We recently stayed couple nights ok! It beautiful lobby bars perfect location. What I found little odd breakfast available lobby area !! I expecting all. When eventually got attention waiter fine, waited ten minutes finish conversation members staff coming serve us!! good . Another review commented staff always refered name went way help, I say member staff ever referred us name overly helpful , although polite way better last stayed new york.We paid $1300.00 night suite , think, hindsight way much . We expecting something amazing , got something nice certainly amazing.",0.2311214826839827,0.5664862914862915,Nov 2 2009
9,9,"Icky! Just returned first stay Plaza. We visit city yearly. The lobby bars, Rose Room Oak Room exquisite. It downhill that. The carpet first room put us stained beyond acceptable level. The bellman mortified moved us 2nd room. The couch room stained sort crusty substance, probably nothing wet wash cloth could removed. Again bellman embarrassed. The 3rd room ketchup/barbecue sauce(?) one chairs, something could removed fairly easily. We embarrassed ask another room. We booked stay 4 nights. After first night decided leave, standards cleanliness. We spoke manager, aware cleanliness issues had. He begged us leave promised send someone 2 hour cleaning. I feel fairly certain never happened. We came back room, hours later, ketchup stain still intact. The hallways equally dismal, daily vacuum would wonders. For $750 night, please charge $16 day spotty internet service, offensive.I say bellmen, front desk concierge attentive polite. The management attempted address issues dropped ball.",0.1757936507936508,0.37526455026455025,Oct 31 2009
10,10,"worth hype My husband &amp; I stayed Plaza first trip NYC. We used staying 5 star accomodations expecting superlative experience Plaza. We received email confirming reservation &quot;preference&quot; sheet attached completed returned - I quite excited level service appeared attentive. However - arrived (after long day travel) - bellhop help bags! Once struggled revolving door found bellhops chatting lobby. Went check &quot;preference&quot; sheet apparently arrived (the room upgrade requested husband Fairmont Presidents Club member) &quot;unavailable&quot;. We got room - tiny beautifully decorated. View ventilator shaft. Feather pillows - requested foam, newspaper morning - asked front desk paper prefered, suit sent butler pressing - come back I called 24 hours later. The bathroom looks beautiful (wonderful tub) hang towels sink little space toiletries. The toiletries supplied skimpy say least replaced day. After dining one evening stopped bar drink - lively great people watching bathrooms dirty toilet paper floor. The concierge wonderful cleaning staff great job otherwise I impressed service. Next trip we'll Four Seasons.",0.19469696969696967,0.5555797101449276,Oct 30 2009
11,11,"In lap luxury We spent two days one night Plaza every moment perfect. What lovely place location.All staff friendly helpful, obviously well trained hospitality.Hopefully I return someday soon.",0.355,0.5700000000000001,Oct 20 2009
12,12,"Exceptional staff lovely rooms great service. Visited son, daughter law sixteen month old grandson. Hotel located us across hall great. Travelling toddler made easy real crib, diaper genie baby bath. Staff warm friendly focus responsive customer service. Rooms beautiful, clean comfortable. Best pillows I encountered. Everything expected more. Location beat. A great experience.",0.48039215686274517,0.6181372549019608,Oct 19 2009
13,13,"great location great service I'm rating tops despite mixed reviews simply good stay here.The room large new york standards (a deluxe).It bigger similar category recently similar category nearby hotel.The bathroom little bit bigger usual room coridoor alcove doubled study table phone laptop port located there.The TV HD one modern albeit slow electronic programme guide large array High definition channels [as opposed standard definition].Now I realise design aspects place gawdy honest,I'm bloke tastes differ occasionally..Just getting back service without going details , also ask particular requirement stay opinion going beyond call duty done perfection.The thing I say is,I get comfortable bed was.It lush supply comfortable deep pillows.We breakfast downstairs always addressed last name asked wanted etc.Now I give stay 9 10.I realise I cannot comment consistency standards top notch stay.It's probable obviously consistency winner going reports said-It's rare find even highest end hotels without blemishes trip advisor reports.It's experience good one.",0.15600299210593327,0.4296715049656227,Oct 14 2009
14,14,"LAP OF LUXURY Last week pleasant experience staying 3 nights THE PLAZA NYC. First all, location, directly across Central Park, great! The spotless, beautiful, amazing, fantastic.....not enough words describe it! The lobby full fresth flowers, especially roses. Everyone friendly helpfull. Our room large private patio lounge chairs fountains amid sky scrapers. The bath huge! With huge tub separate shower stall gilded gold amenities one ever could wish for. The king bed even fur spread wrap in!! AND private butler beck call!! We eat beautiful restaurant, drink cocktail lounge enjoying evening's entertainment. The bottom line It 3 days nights PARADISE!",0.3931265664160401,0.637218045112782,Oct 12 2009
15,15,"Great location disappointing room We stayed The Plaza two nights celebrate 5th anniversary. We normally stay Hilton Sheraton NYC, decided splurge since special occasion. The Plaza's reputation worldwide wanted experience first hand. We've stayed many 5-star resorts/hotels looking 5 star experience never happened.Check-in fine front desk staff nice enough bellman. The lobby, bars general areas elegant. The location next Central Park right 5th Avenue fabulous.Our room, however, tiny. It small take lampshade nightstand get closet safe open. For rate paid, deal kind issue. Also, mini-bar room completely empty upon arrival call ask replenish it. We good mood complain room size serious level, husband call desk explain removed lamp shade left off, address situation mini-bar. They refill mini-bar turndown service evening. We ordered room service breakfast although stated would deliver within 30 minutes, took 55 minutes extra call get us. The management left small box gourmet chocolates bottle water apology issues had.The bathroom room nice, lacked counter/storage space cosmetic bags I keep mine window sill bathroom. Size matters, all.We afternoon tea The Plaza service slow well, nicely done.However, money, plaza worth it. We've better experiences less expensive hotels NYC. Next time want 5-star experience NYC, we'll try one others.",0.15470068027210884,0.4856802721088435,Oct 9 2009
16,16,"Poor Service Not upto standards fairmont The Plaza stand upto expectation failed impress partner, The Butler service bad, fulfill requests inspite several reminders.",-0.39999999999999997,0.3916666666666666,Sep 19 2009
17,17,"New York finest I stayed Plaza two nights September 2009. From moment arrive landmark property taking pride place Central Park South oozes New York luxury.The rooms among largest New York well appointed traditional style tried recapture orginal Plaza addition modern hi tech flat screen TV's ipod docks.The bathrooms large well appointed plenty storage space room 12th floor overlooked internal courtyard suffer street noice get properties.Despite Grand nature strill relatively small enables offer exceptional levels service levels personnel.I exquisite meal Oak Room restuarant excellent service.Broadband free Presidents Club members $14.95++ non members.The location excellent, right central park ideal early morning run, pays water fruit early morning runners 6 8 lovely touch.",0.2956851119894598,0.5544748729531339,Sep 14 2009
18,18,"mediocre - luxury mile wide inch deep Even beautifully renovated facilities can't make many shortcomings hotel. On outside, brimming luxury, stay, many things fail meet expectations. The rooms beautiful spacious, carpet stained beyond acceptable range. The minibar paltry items stale. The service unpolished, slow, clearly lacking experience. The butler useless gimmick. It took 4 calls full day/night get foam pillow delivered (it perfect tempur-pedic though). The house car refused take us to/from nearby locations (&lt;10 blocks away). The food OK nearly good comparable hotels (such Ritz). Even money object, place worth returning to. The Plaza needs substantiate hyped-up luxury quite convince experienced high-end travelers worth chance. On plus side: TV HD, including good HD pay on-demand movies; clean quiet; shower strong, hot, drains well, linens new excellent quality.",0.2285757575757576,0.5803636363636363,Sep 14 2009
19,19,"Luxury Best It first ime NYC looking 4 5 star near Central Park. After viewing several websites,including Tripadvisor, chose The Plaza. While working professionals, certainly rich made us choose The Plaza special promotion: stay :three nights pay two. It appears popular marketing tool among many hotels NYC summer. In many ways, lives reputation supreme luxury. The room simply beautiful. Everything king sized bed cotton Egyptian sheets floor ceiling drapes LCD wall mounted television first rate. However, stunning feature room french doors leading bathroom. The best word describe bathroom opulent. The mosaic tile gold embossed wall designeed gold plated sink fixtures impressive enough, vast size bathroom broken three separate compartments, bath, toilet shower (with rain forest head) made remarkable room. It probably time life I actually enjoyed shaving I could hang bathroom!The extra perks elevate 5 star status, slippers bed, extra thick towels bathrobes comprehensive turn service there. And technology, love easy use screen (that comes wall) use fingertips control sorts features climate control, television lights. Its another example The Plaza thinks everthing make comfortable.The also lives reputation outstanding service. Whether doorman, bellman, waiter, chambermaid reservation clerk, please you. The people manned conceirge desk constantly giving us directions drawing routes maps us. When go desk make feel important people world. It nice feeling.The Plaza great location, right across Central Park. FAO Shwartz The Apple store across street Rockefeller Center half mile away.While dining cheap New York, The Plaza exorbitantly expensive. Toast $6.00. Coffee $10.00. Orange Juice $12. Coke $9.00. These prices hard grasp. A suggestion would go street 20 yards Sarabeths prices reasonable.and food terrific, especially breakfast (try either omelette lemon risotto pancakes). Sarabeths tables sidewalk great place people watch gaze Park.Overall, The Plaza great experience. We glad it.",0.25995748804572344,0.5645538013185072,Sep 8 2009
20,20,"Heavenly Honeymoon! We arrived Mr Miss left Mr &amp; Mrs. The first several unexpected treats complimentary champagne Oak Bar first night tucked delicious seafood platter. Then upgraded superior suite simply gorgeous - beautiful Grecian mosaic bathroom tasteful period furnishings, original crystal chandeliers luxurious bedding. There ample space entourage (mum &amp; best friend) prepare big day, although opted indulge Warren Tricomi beauty salon staff attentive. After perfectly finished nails, hair make-up I greeted yet another treat - loan Plaza Rolls-Royce take chapel! (Thanks Tony!)The Plaza refurbishments stunningly beautiful I felt million dollars - (no make four hundred million dollars) - photographed, wedding gown, staircase gathering, curious crowd heartily applauded! The Plaza staff wonderful delivery uncompromising service, offering perfect mix friendliness helpfulness. When room CD player needed fixing engineer within minutes. Whatever needed, ice extra wine glasses, clothes steamers shirt pressing toothpaste, butler seemed like seconds! Our small wedding reception held legendary 'Oak Room' guests blown away first instance history setting - amazing talents chef Eric Hara staff . If could've reclined longer opulence sheer luxury Plaza would - inclusion rehabilitation course back 'real world'! This real fairytale New York experience hope one day we'll opportunity experience again! Mr &amp; Mrs Waring (Berkshire, UK)",0.40936950146627565,0.5920821114369502,Sep 8 2009
21,21,"Luxurious Pampering Elegant Surroundings Having stayed Plaza ten years ago renovations disappointed small room dingy hallways, I eager change view time around. The new Plaza disappoint. From airy lobby elegant red roses everywhere friendly service fabulously decorated, spacious room, everything near perfection. The central location could beat, staff treated us like royalty. I felt quite pampered throughout eight-day stay. The food hotel's various restaurants costed arm leg, room rates certainly expensive side. Other that, wonderful experience Plaza offered.",0.10004058441558442,0.5563108766233766,Sep 8 2009
22,22,Great Stay Wonderful Staff Would stay loved close Central Park museums. Much quieter Times Square area. Great couples butler wonderful.,0.6428571428571429,0.6785714285714286,Aug 27 2009
23,23,"Excellent A classy fun experience. Service excellent, staff helpful. A must experience NYC",0.526,0.7,Aug 1 2009
24,24,"Great Hotel I really enjoyed hotel. I arrived 2nd june friend stay 4 day's. Both us large surf boards going touring. Rooms little bit small, staying 13th foor. None less space used excellently. There handy touch screen control nearly everything whole room. Bathroom shower excellent similar whole service general expected 5 star hotel.Over would put like this. In summer 2008 stayed four seasons new york 3 days found much better value. Sure rooms arent big ill staying next time go new york.PS: Fantastic location",0.20531385281385284,0.5017287157287158,Jul 22 2009
25,25,Great Hotel NYC My husband I stayed last week incredible. back since reopened worth wait. We booked package http://compete4yourseat.com provided us great rate combined flight,0.4666666666666666,0.4277777777777778,Jul 20 2009
26,26,"Exquisite Charming Friendly Staff On 2nd trip New York originally booked New York Palace, promotion Fairmont I cancelled changed iconic arriving I realised right choice made.Arriving hotel, bellman walked us reception &quot;handed&quot; us reception, rooms ready upgraded- without even asking, rooms magnificent, spacious high ceilings bathrooms fantastic. As see reviews lot gold bathrooms, Vegas bland tasteful.Travelling party myself, wife, son(14), MIL celebrating 70th birthday sister 2 rooms.Beds luxurious king size huge. Control panel excellent.Like previous reviewers tickets bought show ( TKTS South Street Seaport) queue unlike office Times Square, managed get half price Mama Mia able get car(Rolls Royce) take them- nice touch.All fantastic stay offer still looking luxury New York give The Plaza go.",0.30362750885478157,0.6161826052735143,Jul 18 2009
27,27,"Mixed feelings I stayed twice, first time I really enjoyed second time I problems. The nice, service good. We ordered food room service wait lot, housekeeper didnÂ´t clean room I complaint little rude. I think doesnÂ´t worth price payed.",0.19174242424242427,0.45303030303030295,Jul 16 2009
28,28,"The Plaza - best three I'll keep brief:I went three hotels trip NYC - The Grammercy Park hotel, The Waldorf Towers Plaza.By far Plaza outstanding service, freindliness, location, presentation overall coolness.On arrival, Joseph accompanied carried luggage room. He possibly friendliest person I come across since arriving NYC. He seemed really interested travels showed round newly refurbished room great pride. He clearly cares job customers. As side note, next day remembered name I found impressive.All staff reflected level service non stuffy friendliness, I'm afraid Waldorf Towers staff sadly lacking. (In fact I would go far warn people away Towers)The Plaza beautifully located corner Central Park food first rate. The rooms beautiful, &quot;Vegas&quot; opinion (as previous reviewers suggested.On one evenings I went broadway show insisted door I went house car free. The house car black rolls royce.... I tell ultimate feel good touch I felt like king New York I got theatre...My advice - want NYC experience days wow factor, forget others book Plaza say hi Joseph me.",0.1707459207459208,0.6038752913752914,Jul 13 2009
29,29,"amazing It great perfectly localized, 5th avenue, front central park.",0.6000000000000001,0.725,Jul 11 2009
30,30,"Elegant charming If I could give 4.75, I would but...because beautiful, I rounded up.The reason I would say The Plaza 5-star check-in process. We arrived past 3 pm informed us room still ready. They asked number said would call us soon ready. We never received call WE call THEM past 5 pm, learned could come back check-in.Otherwise...the experience awesome. Probably THE NICEST we've ever stayed in. Our bell man even remembered us next day. It's also great location - across street Central Park.I miss The Plaza.",0.26538461538461533,0.5769230769230769,Jul 8 2009
31,31,"Had great trip honestly little overpriced Everyone needs experience plaza least life. My mother I flew NYC shopping trip catch shows. It dream always stay able book incredibly discounted rate. When arrived one room ready, upgraded bigger room, man desk friendly. The room beautiful electronic panel controlling everything kept screwing up. We called front desk sent engineer fix oh well that. Besides great time $1400 could get much trendier three nights NYC. It seems still need keep renovating little would much better place stay... like maybe replacing carpets??",0.37750000000000006,0.6116666666666667,Jul 6 2009
32,32,"Luxurious Comfort best location New York We returned flawless 5 night stay The Plaza.The location, corner 5th Ave Central Park puts prestigious convenient location New York. We booked deep discount rate treated like royalty, room upgrade courteous friendly service staff encountered. The butler service helpful I asked butler unpack us, butler organised mini-fridge kettle room. We able keep snacks drnks room even prepared breakfast couple times provisions Wholefoods Time Warner building.I concerned rooms would glitzy gold us generally prefer modern,design hotels. Yes fair amount gold, room spectacular, high ceilings, elegant architectural details, stunning french windows overlooking Versaille like courtyard bathroom size many rooms I stayed in. The bed huge quality linens like sleeping cloud marshmallow.This Plaza sense history presence makes New York, loved seeing building knowing part new York icon. We moved design downtown 5 nights immediatly realised made mistake spent stay The Plaza.Very highly reccomended",0.3732545454545455,0.6083818181818182,Jun 18 2009
33,33,"A mixed response I used live NYC, visit several times throughout year. We love staying Four Seasons level service comfort extremely high. We got nice rate Plaza Spring trip decided experience it. The bad things first. The decor Vegas. It's classy all. The service mediocre. We're usually laid back things. We arrived early airport called find could room. We showed told room ready. The front desk person gave us attitude. We promised paper, delivered. We suite - bathroom two sinks. It's roomy room put stuff down. Too much gold much &quot;belle epoque&quot; gaudiness taste. The room service food outrageously expensive. We're used paying extra food hotels, prices exorbitant - food ok. If staying, walk towards corner 6th Avenue 57th street RUE 57 restaurant serve better breakfast third price. The bar scene like something Caesar's Palace Vegas. As checking out, front desk person told us careful flight &quot;because crazy there.&quot; I asked meant. He mentioned recent Air France crash. I walked away sick stomach (I'm terrible flyer.) The good stuff: The room extremely clean, spacious. The location better. They're offering great bargains. Would ever come back? No. The service decor Vegas. You feel special. If want true NY luxury great service look somewhere else.",0.0776403129034708,0.4876963241436926,Jun 10 2009
34,34,"Absolutely Fabulous Spent glitzy 4 nights Plaza hotel. Upon arrival, offered free upgrade suite! Then, knowing do, happily took us view rooms chooseâ¦ smile. Incredible service upon stepping foot hotel! The lobby grand, rooms reflect luxuriously rich atmosphere perfectly. Possibly best bathroom I ever seen, enormous waterfall shower, separate full sized deep bathtub, two sinks, separate toilet, deadly so- electronic weighing scale. The whole bathroom almost size bedroom, introduced French windows. An absolute delight. Everything bedroom controlled electronically, nice touch iPod/iPhone docking station bed. The provide anything want, kettle, mini-fridge (aside mini-bar store drinks etcâ¦ ahem) We didnât full length mirror though, Iâm sure could provided also. Nothing, however, enough take away charm worldâs comfortable bed, crisp sheets huggable pillows envelope hard dayâs shopping. Speaking which, entire shopping centre underground, incredible! But if, like me, donât $â000s spend everyday, may best place daily shopping fix. Especially situated 5th Avenue, must take full advantage of. Every morning, step lift, greeted fresh apples, international newspapers, bottled Fiji water take away you. (Aside morning paper provided outside bedroom door). The staff always willing eager walk around hotel, concierge hand, recommending places eat, drink party. A BIG BUT! (not kindâ¦ though find around NY)â¦ The GYM, situated basement, disappointing- best. It small, 1 treadmill, 1 cross trainer, couple spinning bikes completely separate room thatâs even smaller main gym! Worse still, doesnât offer waterâ¦ even tap water. Itâs shared residents one-on-one personal trainers, youâll get early use machines, get floor space. So! To avoid claustrophobic atmosphere, step across road run Central Park.If itâs Sex And The City-meets-Bigâs cheque book youâre looking for, Plaza you. Located one prestigious addresses Manhattan, offers prime experience New York, allowing weave way top shops cafes foot. I went girlâs holiday, something smile long time come.",0.20520672829994865,0.49576442390001724,Jun 8 2009
35,35,"Family time favourite hotel.Has old world aristrocartic charm grandeu The Plaza remains time favourite family.It encapsulates old world charm aristocracy .Has Grandeur modern amenities.For amazing family time memories lsst Plaza place be.Location best ever find large Metropolis world. Central park one side ,5th av one side , columbus circle one side....what else ask:)",0.3392857142857143,0.4473214285714286,Jun 2 2009
36,36,"Great Hotel Fair service There doubt renovation Plaza turned great property. Although Plaza ânewâ service could use upgrading.Location: A wonderful midtown location minutes Central Park *****Room: We standard room, nice, although view (other air conditioning unit roof). One nicer rooms I had. Large bathroom.. *****Service: Here could use lot improvement. Service sub-par 5* hotel, front desk restaurant. I sitting lobby returning run Central Park I asked move seat could accommodate party wished breakfast. It seems serve meals drinks lobby. I asked could guest sit reply, âI donât know please moveâ. Again I asked âwaiterâ pointed single flat decorative chair front desk. I surprised guest would thrown seat lobby hotel. I stayed many Fairmont hotels first time I sub standard service *Summary: A great great location. If want true five star service, opinion, look elsewhere.",0.3617293233082706,0.5224310776942357,May 19 2009
37,37,"A Beautiful Restoration May 2009, last minute trip New York City daughter summer college session. Usually Ritz Carlton junkie, I found 20% deal Fairmont website put us Rose Suite Plaza less cost standard King Ritz. Always wanting try Plaza since re-opening, chose Fairmont. Upon arrival upgraded Deluxe Rose Suite due road construction would annoyance. These suites inner courtyard view. But go city enjoy view room fine us. Upon entering suite wowed. The renovations fabulous. I posted pictures speak themselves. I particularly enjoyed use Smart panel installed wall. From one control lighting, climate numerous features. I used check day call bellman. We meet butler twice. He came introduce arrival checked back later ask us turndown service. We call time thus utilize services (whatever might been). The room faint hint cigarette smoking upon entering. But enough annoying. However, finickiest traveller would problem.The staff encountered courteous friendly. We found bath, though wondrously appointed bit small side. The shower water closet large. Then vanity area bit cramped two people. This mostly provides lot amenities crowded countertop. Add stuff made cramped space. Will I stay again? I Ritz person love club lounge offer. It fun experience Fairmont still probably consider Ritz starters.",0.17468547077922078,0.5445616883116884,May 18 2009
38,38,"Almost perfect I stayed The Plaza May 17-18, 2009 I able secure amazing rate online. I knew I treat even stepping train travel NYC. I tried check 11:30AM, however, rep behind check-in desk said full previous night room yet cleaned. She took telephone number said would give call room ready. I left bag porter. About hour later, called I made way back hotel. The lobby impressive I fan walking Champagne Bar order reach check-in desks make way past servers tourists. While checking in, I handed note general manager directed elevators.Once entering room, I blown away. It beautiful. I never stayed caliber I excited. The furniture fabrics world class. The bathroom almost breathtaking beautiful 24K gold plated fixtures leaf/flower mosaic tiles floor wall shower stall. The bed extremely comfortable; I never good sleep before.Butler service efficient professional, bit cold. I opted purchase food local shop bring back room I phoned butler see I could obtain silverware ice bucket. I also lost cell phone charger somewhere travels I placed call butler see could help. He offered try charger concierge station lobby, however, fit cell phone. Then, offered run purchase charger $25 runners fee plus cost item. I declined cell phone completely dead 8:30PM Sunday night I doubted charger could found. I impressed attempt, though.I ordered $60 breakfast morning good. Plenty food, well heated perfect proportion.I issues, though, I could give The Plaza 5-star rating:- The bed skirt dirt/stains it, almost like grease. I complain since bottom bed.- The edges carpet rubbed walls dirty.- I view courtyard, however, fountains turned off, landscaping poor looked one allowed use it...in May? I could understand open December spring.- The attendant sent retrieve room service cart I used breakfast lightly knocked door made way room. I walking door open barged in. He apologize I slightly annoyed.I feel none issues acceptable $600/night hotel. I paid fraction price I extremely happy stay overall cleanliness hotel. I looking forward stay July.",0.2619017094017095,0.5541880341880343,May 18 2009
39,39,"Our Wedding disappointment Plaza Beeing first time New York, days honeymoon 3 weeks hotels NY, stayed 5 days/nights Plaza Hotel occassion wedding...A lifetime experience expected unfortunatly, standard much normal Fairmont Experience. (Yes, well Plaza belongs Fairmont Group). It turned out: Disneyland kitsch nothing special terms service. (Actually, service ever..!) We told wedding day, even saw pass dress, even bottle chamoagne offered. You pay pay pay everything. Every world makes effort - don't. Service: -I got insulted explained, contintental breakfast contains not. - ordered things room - never arrived bill (!)-check-in: waiting like ever find confirmation- The BUTLER promised wake day wedding - time go hair dresser - In fact, I trusted him... butler never arrived I got late, time get hair done big day. Thank again! -the telephone never worked. tried fix hole stay week never got fixed. I always call desk get local numbers. -internet work well, even wifi. -nobody remembered name anything - personalised service fairmont hotels-awfull waiters areas waiting tip - earned not. INTERIOUR:Hughe bathroom, everything golden. THIS contrary tastefull discreet .Beds: difference fairmont HOtels, nice. Decoration: tiger-leopard coverlet woudl necessary winter. Just tastefull. Real small orchidea - nice plus. wall-flambeaux: imitation plasticFrame wall odd poster: plastic paionted golden - even real antique!Broken wardrobe doorTerrible view - central park (they sold rooms witha view apts) street left plaza. NO light. (see picutres) Besides fact, everything expensive... Well, get idea: As special service, found somebody fix tiny accessoire dress told me, would charge 150 $ service done minumte. WOW. Breakfast: 115 $ Afternoon Tea: 150$ Just simple meal two: 200$ A cocktail: 20$ Just go them, stay elsewhere :-) Restaurants:The OAK Room normal restaurant, new york steak burned tough. Eat elsewhere, I recommend Jean Georges ***Same prices, 3 Michelin Stars great cuisine. SPA: There hope get better service :o)We getting back NY year, three weeks. But, stay elsewhere.",0.06416191132100223,0.47183539944903574,May 18 2009
40,40,"Trip lifetime! My husband I stayed anniversary March 22-25/09. Everything fabulous. Every staff member wonderful caring. The rooms beautiful elegant, luxurious bedding beautiful bathroom. We treated like royalty beginning end stay. The location also wonderful. Right across Central Park carriage rides.So much see Central Park. It beautiful flowers starting come up. 5th ave shopping right hotel. Walking distance Times Square theatres. Walk Tavern Green restaurant Central Park. The house car (2008 Rolls Royce Phantom) took us Phantom Opera one night. (Tip driver charge) If want see NYC style, treat The Plaza life. You regret it!",0.3950892857142857,0.6513392857142858,Apr 30 2009
41,41,"Simply Wonderful A++++ My husband surprised bday weekend The Plaza NYC. Having lived around NYC much adult life, really great able stay one venerable landmark hotels. I mention stayed one Edwardian suites ... simply stunning. A king bed, 2 bathrooms sitting room. There room improvment room...all finest furniture, bedding bathroom hardware used. It seamless combination old new...luxrious comfortable. I know lesser rooms stack nothing overlooked suite. The service impeccable, little ammenitites bigger ones. They even bday cake waiting room delicious beyond description gratis hotel. It wonderful know even touristy like The Plaza elegance still valued.",0.41083333333333333,0.6616666666666666,Apr 26 2009
42,42,"Overpriced Poor Service We stayed plaza spring break. This first time returning remodeling. The gym finished pitiful excuse gym basement. The room fine except heating system room go 68. So sent guy fix it. The concierge well informed. We asked make reservations us play tennis us tennis center queens, unable book anything. So look phone number blackberry made reservation self. I would stay else felt though could get better deal somewhere else. Oh best part use Rolls Royce. There unlimited use guest. And best part Free!!!!",0.2812026515151515,0.37121212121212116,Apr 21 2009
43,43,"Top Game Hey folks, I know fine hotels...I stay best best extensive travels returned 3 nights The Plaza. It completely exceeded expectations..thought would stuffy, snooty place--staff attitude. Rather, 3 nights I amazed exceptional level service every single staff member I encountered. The rooms absolutely flawless elegant--butler, room service, bellmen, housekeeping, reception staff without exception courteous, low key top every detail..A miscommunication spa resulted complimentary wine cheese service...wrong egg order corrected within minutes...you cannot go wrong place I think beat stay NYC.",0.3007002801120448,0.5969187675070028,Apr 13 2009
44,44,"No wonder famous!! When think Plaza Hotel, NYC, think creme da la creme. Well thats pretty much is!! Its stunning fantastic ammenities courtious staff!! Couldn't asked better!!",0.5416666666666666,0.7666666666666667,Apr 12 2009
45,45,"It impossible overdo luxury. Stayed plaza five nights March worth every penny. We deluxe courtyard room dissapointed one bit everything expected more.The bed spacious comfortable ever seen bath deep took like half hour fill up. All staff friendly got gift bag check containing plaza pens,keyring usb stick nice touch.We never used restraunts bars cant really comment looked nice would use go again. The location plaza perfect opinion pretty central attractions tube station right next door. If get chance stay dont think twice book regret one bit. As video room says &quot;it impossible overdo luxury.&quot;",0.22648496240601504,0.6001253132832081,Apr 6 2009
46,46,"Great Experience 100% Ready I stayed The Plaza weekend 3/26 - 3/29 mother &quot;girl's weekend' celebrate BIG birthday. It dream since childhood stay icon took advantage opportunity go we're glad did.The main points I want make truly grand, great location, certain wonderful amenities BUT still operating 100 %. For example, Palm Court, I visited teenager, still open. This major disappointment since always integral part &quot;The Plaza experience.&quot; They opened lovely lounge, The Rose Club, beware...two vodka martinis (Grey Goose) cost $21 EACH (I bought bottle Grey Goose cruise $28)! So, stay eat/drink unless willing pay high prices.Our room large dramatically so. The bathrooms lovely, one sink little inconvenient. I would've thought caliber would 2 sink areas. The bed comfortable great, linens even though 40's night, mother I found sweating! I lower heat around 68 comfortable.Service excellent; butlers brought ice room needed staff down-to-earth helpful.One Note: If staying complimentary use 2008 Bentley available need it. I see mentioned literature knew read site traveling. You cannot reserve car, drop-offs only, take within 20 blocks hotel. We used twice fun, unusual experience! Try can.For breakfast, inexpensive breakfast around corner 6th Avenue Coffee Shop (6th Avenue 58th St) went Sarabeth's brunch street 40 Central Park South. Nice atmosphere, little pricey was, small treat want something ambience.Bottom line: wonderful, old world New York landmark I recommend long know quite fully operational.",0.22578640299094843,0.6106285583103763,Apr 2 2009
47,47,"Impressive This property truly stunning! I always wanted stay hotel, I say disappoint. We stayed Rose Suite. Huge wonderful suite, plenty space. The beds super comfy. The bathrooms superb. Beautiful mosaic tiles throughout.We great service Oak Bar. Great place get drink relax. We found service throughout excellent really made stand out. The front desk helpful bell front door staff. They hesistate assist you.We also took house car local areas great treat Rolls Royce Phantom. Staying Plaza makes feel truly spoiled I return NYC, place I want stay in!",0.6192708333333333,0.7791666666666666,Mar 29 2009
48,48,"Great Hotel - The &quot;new&quot; Plaza impeccable! I cant believe room quality especially size bathrooms. I stayed old Plaza needed renovation, wow difference seen. The facilities fantastic, room classic look, comfortable hi-tech gives great feel.Only disappointment concierge service. We got quoted $350 $80 broadway show ticket, $800 local flight quote. Also one concierge ladies (who remain nameless) obvious problem gas..EWWWW! least excuse infront customers, twice happened stay.Other concierge fantastic, great quality, service value money.Highly recommended!!! Will return clients.",0.23078703703703704,0.5953703703703704,Mar 25 2009
49,49,"Exquisite service trumps problems gadgetry The &quot;new&quot; Plaza quite nice. The rooms clean, bathrooms beautiful, service par Four Seasons. Never knew car service would used it. The butler phoned 5 minutes checked see needed anything. Location can't beat. The electronic room panel never quite worked satisfaction, get around that, good go. (controls lights, heat, tv) Service Oak Room late night hot chocolate quite attentive even though room full.The champagne bar service little slow busy Friday night, food ordered good, view lobby fun. Room service good, one day (of 5) I wait 45 minutes pot coffee. Can't say enough concierge service - spot everything recommended showed visited places recommended unlike many others.Although longer park view rooms, view inner courtyard actually quite nice - QUIET! Internet worked - apparently worked on.",0.26974637681159414,0.5902173913043478,Mar 18 2009
50,50,Awe Inspiring We spent two nights Plaza pleased. The entire staff enough us make stay enjoyable. The Deluxe room larger expected wonderfully appointed. The location fantastic convenient. The car available added bonus.,0.3230769230769231,0.6480769230769231,Mar 5 2009
51,51,"unbelievable! I think anyone stays Plaza like hotel, need stay home!! This unbelievable beautiful I ever stayed at. From service rooms beds, everything perfect. And says smelled? I idea talking about... never smelled anything funny! Thanks Plaza wonderful weekend!!",0.39052734375000003,0.8375,Mar 2 2009
52,52,"Did reviewers stay I shocked last two reviews. I got back four night stay The Plaza everything I expected more. Service exceptional ,the staff friendly couldnt enough make stay enjoyable ever. Every member staff one step ahead needs, true luxury. Did reviewers forget complimentry house cars would take within 25 blocks Plaza. What NYC that? Did ups pickup scheduled concierge delivered back SLC next day. My ice bucket never empty I checked evening butler make sure I everything I needed :before I settled evening The best part, 7:00am wake-up call breakfast delivered 7:15 My list go wonderful Plaza always be. It really sad guest could ffigure work lights maintain temperture room complain vanity small, feel necessary write lengthy complaint website. My favorite complaint smell cigerette smoke clearly sense smell off. There smell cigerette smoke anywhere With said. I would highly recomend The Plaza person wants experience finest New york offer.",0.11706152433425163,0.4646495255586164,Feb 26 2009
53,53,"What shame! The smelled cigarette smoke - much bedrooms reeked disgusting odor permeated curtains, furniture, towels, pillows bed clothes. Couldn't sleep wink overpowering stench. Apparently, Prince Saudi Arabia 90 rooms, money spent fabulous renovation, ruined total disregard abuse cancer sticks! Stayed The Plaza October enjoyed fruits gorgeous Indian Summer exquisite suite. What great shame. I would imagine nothing could rid abomination unless complete fumigation undertaken!!!",0.2495738636363636,0.65,Feb 25 2009
54,54,"Very disappointed Plaza It long fantasy mine stay legendary Plaza Hotel. Finally got year, disappointment!The room nice, that's I could say it. The bathroom really beautiful, lots gold.The service Champagne Bar mezzanine level bar woeful, walked disgust. We felt staff thought us favour there, unpleasant!Our room made 5pm got back busy day sightseeing second day there, ask done, apology butler, casual &quot;oh, would like get made up?&quot;I never ever stayed I request room made up!The location perfect, value money - forget Plaza! Overpriced under-serviced.",0.18541666666666665,0.6534722222222222,Dec 2 2008
55,55,"Simply fantastic! We spent weekend The Plaza fantastic every sense. The rooms gorgeous bathrooms deserve place paradise! I never slept bed comfortable....not mention beautiful symphonies played softly bedside...what pleasure come back room evening. Service impeccable, food drinks fantastic everyone concierge's desk incredibly helpful personalized. The Plaza experience worth every penny highly recommended, specifically enjoy spending time perhaps repeat visitors NYC.Advice: Don't afraid speak room crappy view anything sort. Speaking makes huge difference.",0.35566666666666674,0.6426666666666667,Nov 11 2008
56,56,"The Plaza great! This summer we've stayed Plaza. We family two children (teenagers) go NY year. Every time try another hotel! We've stayed Waldorff Astoria too, time really liked stay Plaza, renovation. Well, nicely surprised! The room spacious bathroom even more! Everything looked luxurious, really great. The lobby beautiful too, nicely decorated bar. The annoying thing last day 'doorman' asked everyone hotelguests allowed enter lobby. He impolite way, son go back, enter lobby twice 5 minutes, 'doorman' asked AGAIN! That little silly.. But rest really nice stay!",0.26640625,0.6651041666666667,Oct 15 2008
57,57,"nice lovely hotel, great service. eat elsewhere.",0.6933333333333334,0.8333333333333334,Sep 28 2008
58,58,"welcome new york overall beautifull getting back feet,and dosent love comeback!like place ups downs plaza up's downs.i reconmend one wanted see new york bit style.",0.2961038961038961,0.4155844155844156,Sep 21 2008
59,59,"The Plaza= Excellence The Plaza fabulous property. The service impeccable. We treated like royalty every staff member encountered. Even morning departed, 4am, front desk clerk alert, friendly genuinely concerned felt stay. The bellman also best hour. And ever wonder could possibly time flower arranging lobby, 4am. The amount flowers everywhere astounding!The rooms beautiful beds comfortable ever slept in. Little things seem &quot;appear&quot; room out. Chocolates, fruit plates, champagne.........it wonderful. Room service prompt food equally amazing.Having butler hand see every need anyone could ask for. Staying The Plaza &quot;experience&quot; An experience would recommend everyone.",0.4605769230769231,0.6615384615384615,Sep 8 2008
60,60,"Amazing! Wow! It I imagined! We loved room, loved service. It amazing feel privileged pampered. Got grand opening missed seeing Eloise things, found portrait (it's phone wallpaper!) The staff outstanding made sure Southern Country girls felt special. We'll back!!!",0.4684065934065934,0.6851343101343101,Aug 27 2008
61,61,"Disappointing! Went renno, room small old. The location great, teh Oak Room dinner bar. But Tea Palm Court rip-off $100 per person. Service bad, atmosphere lovely food bad well. Would maybe go back considering renno",-0.1555555555555555,0.5148148148148147,Aug 25 2008
62,62,"Plaza def. recommended We stayed 1000sqft Edwardian suite modernized old style design quite succesful actually. The butler service reminds hotels used Plaza eloge truly restoring grand feeling. A big minus actually guests, really impose dress code. A lot families probably save money getting one room Plaza compared 2 rooms therefore also affecting ambience hotel. The lobby area fails somehow impress bar upstairs wrong poorly designed. The staff correct friendly except busy high attitude concierge - big minus limo company handels hotel's cars Rolls Royce; step Plaza suddenly 2* service any. It hard sum Plaza - fabulous parts thought parts all, hopefully fully refurbished Oak bar &amp; spa opens again, manages step claim spot amongst luxury hotels matching clientele.",0.009206349206349202,0.4015079365079364,Aug 20 2008
63,63,"Not ""cracked be"" Over priced,Dirty carpets hallways roomsStains door roomRipped carpets elevatorsNever delivered newspaper even asking three timesI stayed many, many five star hotels disappointing one far! I happened get good deal ended paying equivalent $450.00 night ( special deal third night free). If I paid standard rate hotel...I would irate!!! This place fabulous...it isn't. The bed comfy, blanket thick cumbersome. I asked summer weight blanket brought room told us next morning reason lighter blanket none never one requested!!??! The blanket bed feather comforter heavy top sheet. The people care I either roasting freezing I cannot fathom I person needs appropriate seasonal blanket. The bathroom gracious shower volume weak. The butler idea pretentious useless. We asked steam several items took called us back say would charge. They never even left chocolates pillow. Some nights turn service left slippers little rugs bed nights nothing. All all, I never stay again...even rate $200.00. The location great really nothing else special. I sorry disappoint anybody really wanted stay here...as I did. I wish I would warned stayed small boutique hotel.",0.07140091390091391,0.45868927368927365,Aug 11 2008
64,64,"My new favorite NYC!!! I one nicest stays nyc entire life recently restored Plaza hotel. In fact, changed way I used feel older hotel. I fact never stayed older one before, remember going place. I noticed kept main venues historic, palm court entry lobby, went totally 5 stars it. They use fanciest materials wherever possible so. The extrodinary ceiling lobby impressive hot new rose club. In rose club, I find anyone 40! This place seems attractive younger generation. The check process breeze. Suzzane I believe was, nice kind, went way considerate remind old, stuffy serivce typical hotels caliber. Then got rooms, beautiful. The hallways also unique. You see molding hallways, cool carpet. They quite &quot;hip.&quot; My bellman, Eddie awesome, told us he's long. Our butler, Oliver showed us use high tech remote control, functions room services. He again, like suzzane, adds lot fresh energy historic place. I'd requst future. The bed ultra comfry amenities. I say, although almost rooms face park, room makes big time. The courtyard nice soothing sound makes. We kept windows open reason alone! And even then, best location all! I'd return heartbeat, altough I really wish spa whole shopping area oak bar complete. This place also needs work improving service champagne bar like st. regis's bar comes service. I'm sure take place given place recently re-opening. All all, back know it! Thank god I live far place!",0.2721592923920051,0.5481485063399956,Aug 9 2008
65,65,"Fabulous rooms shame dress code! Our family booked us two nights Plaza 40th wedding anniversary celebrations.the room superb, traditional, two hd tv's , comfortable bed, lovely bathroom although bath big took ages fill reasonable level, still rain shower also.Our room 1629 poor view, park fact builders elevator bedroom window.the butler steam ironed linen suit looked wonderful (Bruno name). Breakfast o.k. rather poor waiter seemed interested tip serving guests.However ordered bucket ice, took 15 minutes arrive phone get it.Raphael, conciege, excellent, suggesting restaurant get &quot;real pastami &quot; sandwich. Also helped restaurant locations ,etc.My real complaint considering one top hotels world,was lack dress code.....people walked street shorts, t- shirts, jeans gaze interior...the commissionaires stop people inappropriately dressed. Mind guests bad clothing, day evenings well. I turned away certain hotels London jeans went one London without tie, found one wear.One evening,I asked front desk get Manager discuss dress code me, I never got decency phone call him!",0.2382142857142857,0.7035052910052909,Jul 29 2008
66,66,"The Ultimate Luxury My wife I stayed 4 nights Plaza 4th july. I really thought beautiful, tastefully decorated, staff pleasant, courteous, friendly.This first time NY really wanted experience best best first trip dissapoint. When first got greeted doorman took bags us front desk. After checking in, bellboy took bags room us explained features renevations room. He explained narrowed hallways make larger rooms. The room classicly decorated novel technology whole room &quot;Remote&quot; controlled lighting, entertainment, climate, sevices.We met complimentary fruit plate containing many different fresh fruits enjoyment well still sparkling water.The beds extremely comfortable faux furs foot matress pads bed. The room bit cramped dual chairs foot bed watching TV made tight navigation desk TV viewing. The room also equipped safe, closet, armoir.The bathroom roomy, containing individual shower rooms commode rooms, stand alone bathtub.A couple things par bath never seemed get hot enough, draining bathtub always produced rattling noise confined room could hear neighbor's familiar &quot;rattle&quot; draining tub. Also, never could get temperature 65 degrees, might good dead summer, still chilly us Texans. Overall excellent time, opt something bit less expensive next time head NYC. It experience remember rest lives!",0.23400573192239862,0.48123897707231045,Jul 16 2008
67,67,"Las Vegas In New York I lived New York almost 15 years Plaza always great Landmark Hotel. They made Las Vegas nightmare. Was Wayne Newton decorator? Did ask Housewives New York City advice? It beyond tacky - horrific chandeliers, escalators, heavy brocade.. It lost charm shame beautiful place.",0.09545454545454543,0.6237373737373737,Apr 11 2008
68,68,"Same Old Plaza Shiny New Duds Recent trip New York decided check 'new' Plaza made booking directly. Arrival grand looking new Rolls Royce parked front facade looked little fresher. The cab door open doormen busy conversation another colleague. This first flashback 'old' Plaza I remained positive anticipation.Eventually I assisted luggage moved way lobby. It beautifully renovated although oddly quiet given restaurant middle lobby (empty).Check fine room nice park view available. Seems crazy pay price average view. According bellman park view rooms reserved residences apparently regular source discontent.Decided head restaurant, The Palm Court, quickly found reson empty. The pricing exhorbitant even 5 star New York properties. It take breath away.I stayed The Ritz, Carlyle Mandarin New York bargain comparison. Be warned.The food service warranted pricing. In fact, seemed like old service before. Slow impolite.Oak Room open general definitely need training match 'six star' service claim.",0.10414207868155237,0.4388212080317344,Apr 10 2008
69,69,"The Plaza - place special occasion This lifetime trip -- three generations 2 birthdays celebrate. My mom, 75 shortly daughter recently turned 16. Neither New York before. We decided go broke chose newly reopened (soft open far) Plaza Hotel location Park. proximity shopping theater Plaza! We disappointed.Understand many public rooms still renovated want stop drink there's really full bar available - Champagne Bar lobby. But newly discovered uncovered stained/leaded glass ceiling Palm Court spectacular. The ceilings magnificant lobby elevators!Rooms: Very spacious fabulous bedding -- comfortable. New Plaza butler -- unfortunately use services packing, unpacking drawing bath nice know available particularly need assistance.Bathrooms -- okay, got -- spacious bathroom I've ever New York pretty much standard room - I think walk shower size room stayed last time stayed Plaza closed! Downside -- three women (one teenager) simply enough counter space put makeup bags, curling irons, etc. floor sink. As room ADA compliant may sink intentionally cabinets wheelchair could access.Why ADA room? My mom mobility issues walks cane. The walk shower big reason stayed here. I called directly inquire accessiblity - reservations clerk (Patrice) Ulrich reservations manager -- I never encountered helpful staff. In fact, day arrived, Ulrich called directly confirm understood mother's needs -- ever manager that? They even placed shower chair shower use -- asked knowing size new shower (I told huge) realized may need something sit on. While may seem like much you, worried falls showers big thing! Kudos staff.And Raphael concierge outstanding job us-- unlike typical concierge never &quot;come behind desk&quot;, Raphael always stood up, came around desk greeted us -- I'm sorry makes huge difference me. He helped us transportation needs (again, mobility issue us) little different typical dinner reservation/theater ticket assistance. His assistance made sure got needed (South Pacific -- go see it!!) nasty weather construction problem mom. He also surprised us birthday cake champagne -- I can't tell delicious surprise was!Only one time 24 years business travel I left letter general manager property I felt staff service went beyond I would expect given class property. The time I lived San Francisco Las Vegas business earthquake hit late 80's.I know I conveying readers much staff assisted making trip lifetime. Everyone doormen helped us transportation waiters assisting us seating approached jobs genuinely happy there. (I understand many returning vets Plaza) Bravo, Fairmont. Here's hoping I talk husband staying next time I really can't see staying anywhere else now!",0.13884774616917475,0.5108952335142811,Apr 8 2008
70,70,The Plaza beautiful We went Plaza weekend celebrate husbands 40th birthday. I booked website mentioned birthday. We champagne birthday cake waiting. All staff wished happy birthday. The service superior. The food expensive good. The place gorgeous. The location great.,0.5785714285714285,0.8357142857142856,Apr 1 2008
71,71,Extraordinario,0.0,0.0,Nov 24 2009
72,72,Un con historia; un clÃ¡sico que visitar de la bella Cd. de New York,0.13636363636363635,0.45454545454545453,Nov 14 2009
73,73,Lusso turistico,0.0,0.0,Sep 10 2009
74,74,Esperienza da ripetere,0.0,0.0,Feb 19 2009
75,75,?????????????,0.0,0.0,Nov 5 2008
76,76,Spettacolare,0.0,0.0,Sep 28 2008
