,Unnamed: 0,Reviews,polarity,subject,Dates_extracted
0,0,"Wonderful personal service. This good location, room large New York standards clean. The service excellent. They prompt check-in check-out provided printed, detailed map public transportation airport. They always friendly let us leave bags check-out left airport.",0.37519300144300144,0.5258152958152958,Nov 22 2009
1,1,Amazing Find This great find heart NYC. It's close subways theater district well iconic locations like Central Park Times Square. The staff friendly accommodating. Breakfast mostly pastries coffee. The downstairs computer often occupied nice free internet handy. The room huge NYC standards bathrooms spacious clean. The runs special parking garage right across street save money parking.,0.44496336996337,0.6774725274725276,Nov 21 2009
2,2,"Worst ever My fiancÃ© planned 3-day visit City.The location sounded great, affordable rate.We arrived noon, left bags front desk, knowing check-in wasnât possible 2PM, headed City.We came back later night, dining restaurant hotel. (which way great food)Checked in, find room ice cold.I called front desk issue, told radiator timer. That radiator hadnât days, pipes, well ice cold.Went front desk confront staff, again, told âit timer.âI business almost 15 years, never experienced anything like it.Finally clerk agreed call somebody try fix radiator.30 minutes later( close 11:30PM), waiterâ¦.., restaurant came room â radiator valve the3 floor closed. He opened up, nothing happened. Called buddy -âprobably waiter, check basement connections. The whole system room shut below.Finally around 12:30am, things started happen â pipes began make attempts flush water them. We got room somewhat warm - F40 outside.The next morning went âbreakfastâ, consisted muffin two coffee â They called continental breakfast â oh yeah.Never visit establishment. Baldrick",0.005158730158730158,0.46865079365079365,Nov 3 2009
3,3,"Never Again!!!!!!!!!!!!!!!!!!!!!! We decided go DaVinci beacuse rate low good location. I checked reviews thought okay. I soo wrong.The thing I gave good rate location. Your close Central Park, Time Square, near subways. I give poor rating rest. Here reason why. We got front desk came bit rude. When I walked asked checking in, hello you. As checking in, found room cleaned arrived way check out. We patient asked leave luggages get bite eat. Her reply leave lobby. Are serious? We decided one stay lobby runs McDonalds next door get food. After hour room ready. When got upset front rooms said rooms usually bigger end small. We looked around make sure clean, ended finding roach. We went back downstairs front desk agent shrugged said thats New york. We asked go another room said able that. She said manager could reassign rooms. We asked speak manger said manager would 11pm. We asked time he'll said &quot;No, night audit&quot;. So asked maintenance said fine. We waited maintenace came cook outfit on. We little confused, remembered restaurant (same owner). We decided skip restaurant downstairs, even 10% discount, I dont want even know. What sprayed bug spray (thanks). That night saw manager complained. His response shrug. The followng day woke noticed bite marks body. We finally asked speak someone else. Another girl front desk asked owner owner response. It seemed know much either manage hotel. We complained service room. We asked get money back said no, he'll gve us free meal said hell no. We also told why. We decided going stay. We used computers front reserve room different Orbitz. Much better.Do fooled low rates, unbelievable.",0.0673385167464115,0.4826342371079213,Oct 25 2009
4,4,"Good little extra effort would make great. My wife I booked week. Good points; Very clean comfortable room nice bathroom, good location, room staff good. Bad points: First night woken every 10 minutes noisy aircon. Hotel knew problem, given room 5 day stayer. Moved us next day better room. Enamel bath first nights room looked like crazy person attacked it.! Numerous hammer size pieces missing enamel. Both rooms room safe, problem is, bolted down! Could easily walk front door concealed suitcase.No coffee/tea making facilities room, though fridge. Breakfast: could rated good except 0830 get danish croissant. Again problem aware could easily address restocking front desk dispense danish request. Plenty bread rolls plastic wrapped muffins, sadly muffins found white mould `use by` date. Again problem would happen little extra effort. Staff simply shrugged. Overall, I might stay again, would advise family/friends above. Always sad give average rating almost earned great rating.",0.1721111111111111,0.5016009070294786,Oct 14 2009
5,5,"Very Nice Trip The Ok, small rooms good enough spend night. New York best city I ever to. Every thing close hotel, walking distance. I really recommend want save money use around city fun things.",0.35663636363636364,0.4454545454545455,Oct 8 2009
6,6,"Really Nice Find This small really nice find. It one better deals around. The location great... within walking distance Times Square, close enough subway lines, right next McDonalds (great milk kids). We definitely look stay future,",0.3032467532467532,0.550974025974026,Oct 8 2009
7,7,Basic accommodations reasonable rate Very convenient location right Broadway.Definitely plush adequate.,0.2038095238095238,0.37880952380952376,Oct 8 2009
8,8,"great location I've stayed couple times. The second water hot one day owner basically thought I crazy know turn knobs right. As if. But, I'd stay affordable location good. Rooms clean fine. Nothing great, views. Close Central Park, Columbus Circle, Time Warner Building Whole Foods, Soup Nazi walking distance theater district. Mr. G's Italian restaurant below.",0.26825396825396824,0.5196428571428572,Sep 25 2009
9,9,"Basic tidy We would stay again. It's flash - rooms basic, get view- bricks next building, service nice, free internet location better - close Central Park Times Square, love New York &amp; found perfect spot see it. Last time I stayed Big Apple hostel also found great place - however, hostel &amp; I went re-book time I found basically price booking Da Vinci (for couple private room) hostel would share bathroom. Don't bother complimentary breakfast - average poor! But go downstairs Joe G's restaurant - really lovely service delicious italian menu. We walked staten Island ferry terminal &amp; took hours well worth - catching ferry free go straight past statue liberty &amp; walking terminal means get proper sense different areas NYC.Definitely would stay again.",0.22454545454545452,0.4523737373737374,Sep 24 2009
10,10,"Reasonably priced handy attractions Cheap cheerful exceeded expectations. The important thing room bathroom absolutely spotless. The bathroom quite luxurious cheap hotel. Breakfast included amounted croissants, rolls, muffins, tea/coffee. You get early wanted croissant; disappeared fast. An unexpected bonus safe room fridge. There two computers free internet access. Staff friendly helpful. The gripe I air conditioner noisy turn sleeping. We also meal (at 15% guests) restaurant downstairs. No complaints food service VERY, VERY expensive. I would hesitation using thoroughly recommend it.",0.2457602339181287,0.6841520467836258,Sep 22 2009
11,11,"Jewel city Great location, clean, quiet affordable. It'll home base NYC future.",0.07333333333333333,0.5816666666666667,Aug 23 2009
12,12,"Very Average cheap rate $169/night two double beds (that left booked). rooms quiet, nice size yet beds least comfortable ever slept on. We felt safe, liked location. Did continental breakfast-was much speak of. Very average experience.",0.1425,0.4811111111111111,Aug 19 2009
13,13,Their reservation system NOT work If ZERO rating I would given that. I booked using orbits 2 nights 2 months advance ... called 2 days trip confirm said sold one day reservation one day. Receptionist worst ever front desk person I talked ... first want tell name ..then told name willing spell ..... I asked manager said person ..... cheap please make sure confirm reservation go there. You dont want sleep streets new york ..... worst experience ever booking online .. beware crooks ...,-0.10482954545454545,0.7658459595959596,Aug 15 2009
14,14,"Good Hotel Stayed 8 days happy room: clean, nice bathroom probably front room, quiet.",0.5333333333333333,0.7466666666666667,Aug 5 2009
15,15,"RESERVATION NOT HONOURED Was looking really forward stay particular hotel, although I booked months ahead I arrived 1.30 30 June room available.After long journey Istanbul/ London least I expected.They put nearby The Chandler....although receptionist terribly nice somehow I felt cheated management I pay oabout 250USD wasted night.What makes worse although I emailed 2 last month management even decency reply give explanation..",-0.010833333333333334,0.35000000000000003,Aug 4 2009
16,16,"Great Location ! Worth Try ! This great location. We could walk everywhere hop Subway go further. Everthing close by. The room little tiny quiet clean, staff friendly helpful. We dined Restaurant downstairs - food good reasonably priced.I would recommend little Hotel anybody.",0.3408974358974359,0.5779487179487179,Jul 30 2009
17,17,"stay This grate price paid. It's clean, important thing me. The room small . 2 blocks central park 6 blocks times square. It 2 PC printer free . Small continental brakfast",0.1823809523809524,0.6085714285714287,Jul 25 2009
18,18,"Value money Da Vinci recommended friends proved good tip. Comfortable, tidy little compact reasonable - all, New York, much time spend room? Columbus Circle underground shopping complex (great food hall) short walk away, Times Square little probably equi-distant Central Park. Several restaurants bars vicinity, great international newsagent way underground, laundromat next block (heading towards river). Staff helpful.",0.20340909090909096,0.43914141414141417,Jul 23 2009
19,19,"Clean great location. This excellent budget hotel. Although get en suite (first time 10 years) still fine. The bathrooms clean plentiful. We went visit sites , sounds pleasures New York spent minimal time hotel. Lots authentic places breakfast close by. A great budget buy. Highly recommended",0.38303030303030305,0.5981565656565656,Jul 23 2009
20,20,"I always stay I'm NYC Nearly everything fantastic - price, location, staff room. I booked Travelocity got great weeknight deal. They're located right Central Park Times Square, surrounded great restaurants. The staff polite helpful, checked stay (one night cruise) 10 days later (returning cruise) allowed us leave bags lobby day flight departed. The room small quite sufficient, comfortable bed pillows, decent water pressure beautiful marble tiled bathroom. The computers internet access guest use brilliant amenity well. The one small item fantastic continental breakfast, that's easy overlook rest experience fabulous. I always return city, recommend friends.",0.3034586466165414,0.6409147869674187,Jul 21 2009
21,21,"You get pay great location. We given room 5th floor first wi-fi connection tiny. We given room first floor next day slightly bigger view window brick wall. The staff friendly accomodating, exception one. It Euro atmosphere. The location perfect, steps away Times Square. This clincher, we'd run toilet paper I asked reception more. I told cleaning lady gone I'd wait tomorrow. I go buy toilet paper!!!!",0.2884351325757576,0.4151515151515151,Jun 20 2009
22,22,"Perfect This place exactly need quick 3 day weekender NY. The place perfectly located everything, food, drinks, subway.Yeah small, much time reall spend room? We room first floor ,in hallway lobby elevator. We hear much whole time. The one positive/negative thing; depends feel, smell french fries day night Mcdonalds next door. I'd definitely say again. Our room 139 night. If want pay $250 chain. Go right ahead! Oh I almost forgot bar right downstairs. Good atmosphere. Nice people/",0.32038690476190473,0.4659226190476191,Jun 16 2009
23,23,"Great Location... service. The centrally located large wonderful charm it. The service so, so. The front desk staff particularly attentive comparison two hotels stayed trip East Coast. The room spacey clean though right next elevator great view wall one window room. The pipes make strange noises really big deal us since room much. They offer free internet access lobby convenient bring laptop us.",0.2246825396825397,0.5292857142857144,Apr 20 2009
24,24,"Great Clean We loved Da Vinci large room large windows looked street. It clean, comfortable service great. A little noisy part great experience. Our daughter medical school interview offered ironing board iron front desk. Its close Time square Central Park. This european overly large hotel, liked. It gives personal touch way. On chilly nights nice gas fire place lobby gives cozy atmosphere. And inviting come cold. There two computers lobby free use. They offer free light breakfast. They restaurant bar part happy hour every night 4 7. There safe, mini frig, closet w/hangers, two tables, chair, chest drawer two large mirrors rooms. The subway close block 57th 8th. They even took picture camera lobby. Great family owned place! The owner Joe wonderful offer great advice choosing great wine go dinner!",0.339499299719888,0.6364495798319328,Mar 31 2009
25,25,"Great Location Simple like Bed Got Room 202, double overlooks street, plus room pretty big w/marble bathroom, closet w/safe &amp; hangers, 2 tables, chair, chest drawer w/mini fridge, 2 big mirrors, &amp; flat screen TV. Since right next street, t'was noisy; clanky noises coming pipes, exhausted end day fell right sleep. Smells probably coming McDonald's next door. Front desk friendly/helpful, came back clean room, towels, &amp; toiletries every day. No problems w/hot water, might need wait heat up. &quot;Contintental Breakfast&quot; rolls, butter/jam, packaged glazed donuts &amp; muffins, coffee &amp; tea. Eat lot, set morning. 2 new computers lobby free use.Overall, great trying save money, mind lack luxury, &amp; want place sleep/rest. If looking Sheraton, you. If stayed Bed &amp; Breakfast, mind one. Did I mention walk away MANY attractions?",0.18885882635882634,0.411562049062049,Mar 4 2009
26,26,"Fab location good value money u looking sleep in. Great location. So near Times Sq, Central Park, National History Museum etc. You walk these, prob. Def recommend anyone. Great value money. We left early morning returned late night interested sleep in. Rooms average got soooo excited NY!! Hotel offers coffee muffins morning. They great keep u goin u get breakfast. 2 computers lobby. Very useful maps etc. Hotel didnt charge printing. We ate restaurant downstairs thought little overpriced. Nice food tho. Would defo stay again. Prices great would prefer keep money clothes instead spending hotels!!",0.2413020833333334,0.5233333333333333,Feb 27 2009
27,27,"A nice two-star midtown. This luxury hotel, clean comfortable, unbeatable location (three blocks Columbus Circle), I'd certainly come back. My room small tiny, new queen bed, LCD TV, attractive updated bathroom. The one defect room carpet worn badly one spot (and looked pretty even brand new); makes room seem rattier really is. Also, internet service room, two fast computers internet connections available guests lobby.I'd advise management add TV channel guide. That would low-cost-high-reward improvement. There dozens channels, takes quite figure are.Guests receive 15% discount restaurant downstairs, good-but-not-great Italian place called Joe G's. Parking available right across street $28 overnight. What bargain!",0.19925381635907954,0.5254158122579176,Feb 9 2009
28,28,"Great Location Super Convenient Traveled Vermont via Amtrak, took subway Hotel. Small family operation, would recommend anyone. Easy get to, walking distance Broadway shows Times Square. Restaurants galore area, restaurant building excellent, discount people staying too. Would stay without thought.",0.46333333333333326,0.73,Jan 11 2009
29,29,"Perfect Hotel The Da Vinci perfect place stay. girlfriend I stayed 4 nights Dec. Yes took litle work figure heater(radiator) hot water, everyone desk helpful friendly times. Joe G's downstairs great restaurant bar, great food,service people. We hesitate stay location could better. The thing could improve would invest softer beds, perfect. We look forward visiting Da Vinci New York",0.4946969696969697,0.7066287878787879,Jan 2 2009
30,30,"Cancellation Scam We actually make I wanted share cancellation experience warn unsuspecting travellers hotels hard nose approach cancellations furthermore set cost structure maximise take. The reservation made directly couple months advance phone. It took several additional calls ensure booking eventually sent email confirmation (which reason 'modification' top odd since first communication hotel). At time phone mention cancellation policy hidden reams information bottom email sent. In addition rate quoted $329 first two nights dropping $209 next night $289 rest stay (a total 6 nights all). Overall average $289 per night. Their cancellation policy states one night penalty yes guessed it, instead average even lowest charged $329 cancellation fee. Their policy states change cancellation within 7 days arrival one night penalty I called 4 days ahead arrival cancel. I told I spoke manager may able reduce fee I made several calls try speak told every time manager either duty would 11pm (NY time) unavailable. I also tried email manger never got response him. The communication I received charged card $329. My recommendation avoid possible unless absolutely sure cancel within 7 days prior arrival.",0.03806818181818182,0.3985479797979799,Dec 8 2008
31,31,"Brilliant Location Brilliant. 10 mins everything. Central park, times square, broadway, shops! Hotel lot better expected reading reveiws. Staff extremly helpful nice without intruding. The Italian Restrant gorgeous, food gorgeous, prices best around discount, get (I would recommend restarunt even staying hotel).Our room spactious, two double beds, chair, two wadrobes, desk, TV, safe, phone. Bathroom extremly clean enough room 2 girls get ready!! We left luggage lobby surfed net todate computers. We notice smells air con (we one night heating got tad hot).Overall brilliant experiance would deffiantly stay again.",0.3839583333333334,0.5025000000000001,Dec 7 2008
32,32,"Great place stay. This nice clean hotel, within walking distance Time Square theaters. The rooms small I think NY. I would stay I ever get back. The staff friendly helpful. The restaurant food also great.",0.4352083333333333,0.6012500000000001,Nov 17 2008
33,33,"Great little My wife I decided go nights stay New York see sights looking reasonably priced stay in. Most hotels seem expensive though unless picked one shared bathroom. Allow super cheap, The Da Vinci proved excellant value (Â£100 per night).It nice feel reception server basic breakfast (bread rolls, jas, coffee - honey buns mmmmm), enough se morning snack head NY breakfast. There also free internet always useful exploring city.The staff friendly enough, although I real reason complain request anything passing hellos. The room standard double small clean decor good condition. The bathroom shower nice too.The location also good, middle Central Park 1 minutes work Broadway. It's 56th street walk time squar 10 minutes makes pretty central starting point sites want see.I would definitely try use future trips NY.",0.14994712752525252,0.4611750315656566,Nov 2 2008
34,34,"Will visit again! Just spent 3 nights ($236 pn+tax) Da Vinci good experience. Weâre given room 101 directly behind reception desk I concerned guest traffic noise little noise nothing concern. The staff helpful, always smile greeted us time passed. The location ideal. Just Broadway within walking distance subway Time Square.The room small clean bath modern abundant hot water. When running air conditioner room smell slightly kitchen/restaurant basement hotel. I think A/C picking kitchenâs exhaust fan odors. Since weather cool didnât need A/C.The breakfast dinner rolls, butter &amp; jam, small sweet rolls something like âLittle Debbieâsâ. Not continental breakfast weâre used 8th Ave. âThe Bread Factoryâ morning satisfied breakfast needs terrific NYC foods.Weâd definitely stay Da Vinci reason location great room rates.",0.20918750000000003,0.6123333333333334,Oct 21 2008
35,35,"Cheap NY AWESOME LOCATION Small Neat Basic We stayed 4 nights early Sept. We 5th floor end hallso small view street.For 200$ night cheap NYCit reasonable. I scared since wasthe cheapest I could find hostel.We arrived found parking right accross street.Dont forget stamp card youget discount. Parking 3 nights cost us around 85$.The hard find. Its Italianresturant McDonalds. Just look McDonaldsat corner left.Cute little loby. Staff quiet nice.The hallway narrow elevatorand room. The room small. Justenough room one chair/ one queen/double bed small dresser. Old clean. The bathroom nice cleanbut little mold grout shower door.Air Conditioning great fride good forkeeping drinks. We breakfast there, I seecoffee dinner rolls? Which didnt seem appealing me.Great little spot breakfast around corner &quot;bread factory&quot;.We problem bugs cockraches oneof ppl staying 3rd floor see onein room. We also eat restaurant downstairsso I cannot comment that.All I say need place sleep wash up,stay here. I'd rather save $ able doother things NYC. The location EXCELLENT! Do bus tours really worth it!! Lots great restaurants near by!Cancun restaurant nice little mexican place reasonably priced amazing! We ate twice! Staff great!I would recoment hotel. Not honeymoon tho!Which on! lol enjoy stay!and LOCATION LOCATION LOCATION!",0.21165293040293037,0.5469413919413919,Oct 21 2008
36,36,"Friendly helpful staff clean Not much light comes real view window, would rather spared keep noise odour neighbour restaurant's ventination.But said room nice location absolutely great NYC visit.Breakfast minimal enough get us going mid-morning brunch. Room clean staff friendly helpful. Would stay I go back Manhattan.",0.2523484848484848,0.5818181818181819,Oct 18 2008
37,37,"Great Location Not Much Else My husband I stayed one night (10/1) see show Radio City (which BTW excellent!) We Philly area really ever day trips NYC decided stay overnight early bday celebration husband. The hotel's location beat. Check-in quick, friendly efficient check-out also same. Times Sq walking distance one block million places eat breakfast (Fluffy's, Carnegie, Park). Easy access shopping also Central Park Columbus Circle two blocks north. There several subway stops within two blocks hotel. If coming Penn Station, take blue line C train 3 stops Columbus circle($2 one way) Now itself. Do expect luxury hotel. This strictly I would call tourist 2 star hotel. NYC expensive get $200/night location can't expect much. The room small, big enough queen size bed small (very small) desk. They manage put small wardrobe frig I thought convenient keep drinks cold space hang-up shirts. The bathroom decor nice w/small shower stall, toilet pedestal sink see pictures site. The room clean bathroom spotless. However, I must mention one mishap getting ready leave room check out. There cockroach bathroom floor base pedastal sink. We 3rd fl roaches usually make way ground make us wonder going basement. The restaurant basement eat I cannot comment that. We saw one usually one hundred. Unfortunately mishap, probably stay try stay somewhere else",0.0031250000000000167,0.4961979166666666,Oct 3 2008
38,38,"No hot water yes housekeepers steal!!! No hot water room all. They changed us another room guess what? No hot water.The housekeepers steal too. My wife lost couple clothes.The location good, price get better deals.",0.141171875,0.7300000000000001,Oct 2 2008
39,39,"Fantastic location! I would actually vote 5 stars erratic, noisy a/c unit one unfriendly member staff.But said that, location fantastic ... 1 minute's walk Broadway another 7 mins get Times Square 5 mins opposite direction Central Park . It right heart Theatre District within walking distance attractions. In fact, apart taking taxi Brooklyn another day rained, walked time there.We booked online everything finalised within minutes. I worried over-booking similar problems room ready arrived clean cosy. An attached bathroom essential really good well. And simple sufficient breakfast that's included good many places offer that.I would definitely stay Da Vinci next time I'm Manhattan I'd recommend friends family well!",0.1820767195767196,0.4454365079365079,Sep 25 2008
40,40,Very Good Value We stayed 4 nights end August. The receptionist friendly helpful. We double room 5th floor. The room comfortable bathroom nice. The negative toilet clogged checked in. We called fixed right away encouraging. This sort problem happens sometimes even big name hotels. Great location close Times Square Central park. Great value NY city. Will definitely stay again.,0.26249206349206344,0.5043809523809524,Sep 25 2008
41,41,"Good location - Staff OK Hotel position good, near Central Park. Metro stop next hotel. Rooms OK. Bathroom Good. Breakfast consists ONLY cup tea/coffee couple cookies , served directly hall (no sitting!). Staff really polite quite available - sure contribute untrue story New Yorkers rude!",0.18309090909090908,0.504895622895623,Sep 14 2008
42,42,"Location Location Location The location near Columbus Circle Carnegie Hall excellent. Clean small rooms (some airshaft views), lobby internet service good coffee hard rolls morning argue favor. But baggage storage except lobby restaurant cellar, steep flight stairs. Front desk service worst least helpful experienced many years, varying ironic superior downright rude.",0.14246031746031745,0.6607539682539683,Sep 8 2008
43,43,"A pleasant surprise! This fine little hotel. The location amazing. Walking distance Broadway, Times Square, Hell's Kitchen, 5th Avenue shopping, Central Park. It's one block away 59th St subway. Let say it: location location location.The rooms small touch minimalistic, definately &quot;euro&quot; style advertise. Still needed. The bathroom average expected quite comparable better hotels Athens. The staff pleasant polite. Not highly skilled English conversation misunderstandings. There small wait use free computer lobby(a new Dell wide screen lightening fast internet) unlike hotels guys really customer focused already setting second computer stay. The computer prints printer front desk.The breakfast morning minimal. Not continential, offering coffee/tea pre-packaged muffins/donuts. No coffee/tea service room I saw small refrigerator.There nice flat screen TV wall, great &quot;view&quot; relic building 10 feet away, New York views buildings next door. The mattress hard little padding surprisingly morning backache 4 day stay. Our bed queen bed. The furnishings, carpet, bedding bit dated room really clean. This place wins high value award based location, cleaniness, price, friendly staff. We already plan staying again.",0.186019656019656,0.48961506961506956,Sep 7 2008
44,44,This best kept secret New York The quaint delightful. Front desk staff friendly always helpful. Nice continetal breakfast lasts 10:30. The room cost value excellent. Loved refrigerator room The LOCATION probably one best selling points hotel. The adjoining restaurant Joe G's excellent also. Rooms adequate (especially intend sleep there!). Bathrooms nice clean; Stayed 5th floor street noise guests noise. Flat screen tv room; internet service lobby use; I would stay (and fully intend to) visits New York. So close everything! A wonderful experience affordable.,0.46549043062200957,0.6943381180223285,Sep 2 2008
45,45,Classic Hotel Great Location This 4th Visit New York decided time stay near Columbus Circle. The Hotel great location near Columbus Circle Hells Kitchen 5 minute walk away. The look narrow outside quite hard find. The Reception area find free internet dont charge printing things. Once checked didnt take long go narrow corridor lift. The room good size (european size) use room sleeping washing. The bathroom really nice shower size would probably quite small travellers. The air conditioning unit god send weather quite sticky. There TV wall dont go NYC watch TV I glad I poorly one day. The thing I would suggest could better storage space room. Times Square 10 minute stroll. Staff really friendly even discount Restaurant Downstairs.,0.14167718855218855,0.538777356902357,Jul 20 2008
46,46,"Awesome location great staff average rooms - would stay We stayed Da Vinci June 24 - 28, 2008. It great little hotel. The rooms average, nothing special, location amazing. Right Broadway, walking distance times square, letterman theater, bus tours, I also highly recommend. It's also close subway, makes really easy get around 5 Burroughs.The staff really helpful questions lobby free computer internet use. The breakfast morning basic goes, coffee/tea pre-packaged muffins/donuts, coffee really good strong, exactly need conquer long day NYC.Our room basic... 2 double beds, tv, small bathroom &quot;view&quot; another building. The furnishings &amp; carpet dated, really, barely room except sleep, care that. Our shower fine, contrary reports hotel... plenty hot water.We would totally stay again.",0.23791446208112882,0.5046781305114637,Jul 1 2008
47,47,"nice nice location stayed first trip NYC satisfied stay. Di Vinci clean nice staff (although question best way travel around city answer call research us, said nice) room stayed pretty nice kinda small. although seemed like problem first, realized going spend time sleeping room worked perfect. location room also great, could walk Central Park, Time Square many locations close by. one small problem room hot water shower, times would take long time warm up, get warm would get nice hot would take little long. Di Vinci wonderful little great price, would stay next trip NYC.",0.3721505376344085,0.6774731182795699,Jun 4 2008
48,48,"Great deal basic accomadations- would stay I stayed Davinci Hotel twice.Each time great experience. With great location, really bargin-shh! Central anything.The first time I stayed adult trip needed clean place rest heads- Who goes NYC stays hotel?Therefore want pay extra ammenities would using.I pleased place bargin price, I decided return NYC chidren (6&amp;10) I stayed again. The rooms clean staff helpful stays. Amazing, charming little hotel. Highly reccomeded.",0.3160964912280702,0.5472807017543859,May 23 2008
49,49,"Nice small Good location, 20 min walk Broadway central 10 mins Manhattan Park. The room clean staff helpful, spending time make sure entire stay went well, things Hotel room. Close New York diamond district. Buying ring nice experience, felt comparable walking past cannel red light district Amsterdam, lots creepy salesmen women trying lure shop. Saved packet diamond though worth end! My top tip something Ellis Island. Do Statue Liberty early morning spend majority day Ellis Island see track long lost relative!!! A really powerful place many stories, one guides able tell great-grandmotherâs tale arrived Europe, left everyone lump throat inspired learn more. If like history and/or human stories must. If I rtn NY I would definitely use Da Vinci represented great value. Nearby great Irish bar served nice pint good burger!",0.20858585858585854,0.5109180035650625,May 17 2008
50,50,"Warning Warning Warning In 50 yrs traveling worldwide, DaVinci worst experience. 1st room shown musty, tiny, drawers clothes, nonfunctioning AC, one narrow window looking brick wall &amp; utilities. 2nd room much larger, decently renovated, good beds. But hot water bath, amazingly noisy facing street, centipede crawling wall.1st call desk water told âif thereâs hot water sink, thereâs hot water shower.â Do this, that, youâll hot water. Weâd done &amp; hot water. No offer send help. 2nd call, âH &amp; C reversed. Move handle C, youâll hot water.â Apparently thought I lying done &amp; hot water. No offer send help. Go desk talk clerk personally. Says lack hot water fault. Maybe prior guest moved handle incorrectly. Still offer help. She insists hot water (if I werenât stupid) &amp; draws picture turn handle C actually H. Duh. Can say, âMr Guest, youâre moron.â? STILL offer send help. Of course, efforts receive hot water fail. Skip bath/shower make dinner res. On way out, much continued arguing, says sheâll send someone look gone.Next a.m. try shower &amp;, lo &amp; behold, STILL hot water. After expressing outrage different desk person, says sheâll send someone help. Shortly, housekeepers arrive &amp; minutes yakking, huffing &amp; puffing, hot water. Seems one two dials two-dial mixing system frozen place. (We told desk persons we, including 275-lb self, tried move inner dial couldnât &amp; feared pulling wall.) On way unfortunately much later morning, confronted desk women. The first gets faces, apologize treating us like morons &amp; providing customer service, express anger us â customers â could possibly thought treating us like morons. A heated &amp; loud discussion ensued, women telling us this: providing us hot water jobs &amp; problem talked manager (not present) owner (not known). OMG.Not even hint apology hotel, offering adjustment two days without hot water. Amazing.Please, please â¦ anyone reads this. DO NOT EVEN THINK ABOUT STAYING AT THE DA VINCI HOTEL IN NEW YORK.",-0.025510923185341785,0.5853770260747005,May 2 2008
51,51,"Cozy Romantic! The Da Vinci hoping first trip New York! It warm, cozy, family-owned, New York-ish. atmosphere. It romantic!The lobby marble cherry wood. The winding stairway lead room marble cherry. I say this: could tell, rooms face 56th Street much better rooms not. We fortunate get one (room 202): 3 large windows, 2 double beds, comfortable club chair, 2 desks, chest drawers, refrigerator, safe, flat screen TV, roomy, new old-fashioned bathroom sink, clean, great shower, nice toilet, nice lighting.We received great service Jenny, Jennifer, Eva front desk.We loved Joe G Italian Restaurant basement. New York like enchanted city us, Da Vinci Hotel!",0.2998502164502164,0.5606034632034632,Apr 11 2008
52,52,Charming! I recently returned weekend stay DaVinci midtown Manhattan. It met every requirement some! The room small I fully expected still plenty space friend move around. We chose room one bed save little money shopping bed spacious comfortable.Having fridge great bonus allowed us keep leftovers fabulous HUGE meal Junior's. The bathroom gorgeous minor plumbing problem taken care immediately. All staff friendly helpful answer free internet available cozy lobby certainly helps.Free coffee pastries nice way start day. Did get chance visit restaurant downstairs looked charming. Basically price paid (about $160 night) felt comfortable provided everything needed convenient location. If looking big room great view lots perks you. I hesitate telling people fear becoming popular room next time I want visit NYC!,0.3261160714285714,0.6342261904761906,Mar 23 2008
53,53,"Great Hotel Great Location This fabulous little hotel. The service absolutely outstanding recent visit March2. The front desk staff made us feel right home. The price unbelievable New York. My husband I given room 101 right behind front desk. We little worried hallway noise experience single bit problem. The room small spotless double bed, flat screen tv, small fridge desk. The location great. I can't imagine staying anywhere else New York.",0.13277511961722485,0.5365686944634313,Mar 4 2008
54,54,"good deal location Here &quot;two cents&quot; hotel. I heard hotels NYC famous overbooking. (I also read reviews specific stating others problem here). I stayed city previous August almost victim another hotel. I problems time. I sure a) middle week middle winter b) I booked Travelocity, means I paid entire room/stay time booking. I can't imagine overbook room already paid whole thing.Anyways, - pretty nice price. Room small expected looked updated within last 10 years so. The irritating thing I found old hot water heater-type pipe runs wall one corner room. It made loud noises night. I light sleeper hard time sleeping nagging noise. AWESOME location. We ate restaurant basement (I believe owned proprieter). We pizza good. I would recommend hotel!",0.12467948717948717,0.5168803418803418,Feb 26 2008
55,55,"Great little hotel! Great little hotel. Our double room spacious NY. Great bathroom powefull shower, flat screen TV &amp; comfy bed! Amazing location minutes Central Park short walk 5th Avenue/Times Square. Small communal area free internet access complimentary doughtnuts &amp; coffee mornings. Highly recommended!!",0.22979166666666667,0.491,Feb 14 2008
56,56,"Loved location. Nice room $$ This close perfection budget get. Cute. Clean. Remodeled. New bathroom fixtures new beds. European style lobby w/ free coffee hard rolls breakfast. Close everything.I honeymoon plan make spa-stay-in-the-room day experience, anything else, place A-OK definately much nicer many places I've stayed NYC.Only drawback: Queen size beds. No kings.",0.2402097902097902,0.601981351981352,Feb 8 2008
57,57,"Great little place stay. We stayed DaVinci week Thanksgiving &amp; would certainly go back again. While small, room fine, bathroom clean, &amp; bed comfortable. The DaVinci located within walking distance many NYC attractions, &amp; subway. We stayed 3 nights &amp; complaints whatsoever.",0.2557291666666667,0.51875,Feb 6 2008
58,58,"Great value NYC! I pleasantly surprised hotel. I stayed two nights, time hosted mixture business travelers international tourists. There much space sitting lobby, made space cozy sociable. The located great area, subway trip taxi ride major tourist spots. It close Hell's Kitchen, great interesting food choices nearby. The heating old-style radiator, bit loud unpredictable. There window-unit air conditioning unit, I use, January. When radiator on, sent someone immediately make sure working. They also brought extra blanket second bed, kind pleasant.",0.3146568627450981,0.6223856209150327,Feb 2 2008
59,59,"Excellent Base NY The Da Vinci Hotel situated streets south Central Park close access Columbus Circle Subway provides great links attractions. The situated next door busy McDonalds variety restaurants close by. The exterior pleasant reception welcoming warm, especially weather freezing 5 night stay. Our reservation quickly processed pleased Room 401.The room ample storage space, clean tidy bathroom fine good supply fresh towels complimentary toiletries. The double bed comfortable linen changed stay. A no-charge safe wardrobe bolted many would think determined intruder would free take away - heavy! Other furnishings included writing desk stool, armchair, flat screen TV, radio/clock alarm small fridge. The view window crossroads 56th &amp; 8th Avenue didnât inspire sounds city never sleeps creep air-conditioning unit full days activity sleep problem. The room well heated.The included breakfast assorted bread rolls, doughnuts, muffins croissants healthy weight conscious way start day coffee always welcome. Free internet access reception also bonus.We used Joe Gâs restaurant first night food atmosphere excellent word warning. Whether error 15% discount (from reception website) calculated correctly also hefty 18% gratuity added standard bill (this may counteract discount) bill amended apologies wise check bill restaurants.Overall Da Vinci excellent base New York offers. I recommend good value money. Enjoy stay.TRAVEL TIPWe purchased $24 7 day unlimited MTA pass JFK (Airtrain ticket 5$ extra) arrival used 1 hour approx direct journey Columbus Circle leaving us minutes walk Da Vinci. This pass well worth considering single trips $2, $10 card allows 6 trips 1 day pass $7.",0.2576875901875902,0.5236544011544012,Jan 11 2008
60,60,Housekeepers steal! Do stay hotel!!! I ipod stolen one housekeepers. My ipod hidden suitcase meant housekeeper(s) searching stuff. We also Do Not Disturb sign door times. Management awful anything.The beds uncomfortable beds I ever slept on. Avoid costs!!!,-0.4108072916666667,0.7083333333333333,Dec 20 2007
61,61,"Enjoyed stay! This great spot. Lots restaurants within less minute. Staff friendly helpful. Within walking distance everything. Felt safe th location. The lobby nice let drop bags got early check yet. Free internet access lobby complimentary breakfast. Although hallways bit small, room fine. We room 2 double beds although huge room quaint. The bathroom surprising...it beautiful opinion marble. Some reviewers complained abou noise pipes, I hear little. But I tired days' activities phase me. I would surely go back establishment again. If budget, I would highly recommend DaVinci hotel!",0.23381578947368417,0.5187719298245613,Dec 7 2007
62,62,"A great place stay This excellent place stay Manhattan. The owner, Joe G. friendly. The clean staff friendly. It great value based hotels area. This first choice staying NYC again.",0.48020833333333335,0.6135416666666667,Nov 29 2007
63,63,"Great location! Full charm excellent staff! Location cannot beat price. I stay away chain hotels insure I get room character. The DaVinci definitely character. Had one VERY minor plumbing problem handled within minutes. Room clean warm considering 30's night, visit.Joe G's great place eat again, great staff. I would stay heartbeat.",0.5712962962962963,0.6944444444444444,Nov 18 2007
64,64,"Don't fooled What disappoinment! My wife I booked reservations seeing website's description European-style boutique filled ambiance, DON'T BE FOOLED. Narrow hallways lead room half step flop-house. We never uncomfortable room. The room's decor &quot;Yard sale&quot;. The beds uncomfortable, bedspread old dirty, I'm sure sheets laundered. I travel New York frequently stayed many different hotels city. This far worst room I've set foot in. We felt unsafe quickly booked room elsewhere. FYI struggling get money back two-night reservation.",-0.09668560606060607,0.6068813131313131,Nov 15 2007
65,65,"Nice Location good priced We stayed 7 days. It quite hard find first small place, right near McDonalds Restaurant stairs cant quite remember now.Our room small cheapest find NY practically. The bathroom nice shower wasnt best kept getting lots cold water showers, would hot one minute freezing next take ages hot tap come on.Our tv showing great reception advised front desk got maintenance man check good service overall.Our rooms cleaned everyday. The airconditioning great view sadly wasnt, looking back buildings good noise control!!!.We didnt think much breakfast, cereal doughnuts bread thought seemed weird breakfast say 8am maybe thats me.There 20 rooms nice small never problems hearing ppl rooms.Overall great location great price, would recommend others sure.",0.22317716333845364,0.6059190988223245,Oct 4 2007
66,66,"great location returned big apple place !the da vinci great location blocks times square. rooms small needed place sleep worked well . price good, staff friendly.everyone said hot water hot 3rd floor. place clean. boxed doughnuts hard rolls coffee tea morning good saved $$$$ breakfast. would stay sure !!",0.282890625,0.6356597222222222,Sep 22 2007
67,67,"Good hotel! I've come back staying 2 nights Da Vinci boyfriend. It place could find decent price (which actually concerned ) based reviews I decided try out.My boyfriend, first-timer NYC, think great deal, I visited several hotels city, I think really good deal!The rooms big enough, bathroom pretty spacious. There's full length mirror rare hotels, refrigerator nice have.Don''t expect marble bathroom, cold water sometimes middle shower annoying, really price..what expect?!Downside window faced smelly alley, could leave window open. There A/C could set temperature original FREEZING one. We complained immediately came turn down, later making room hot...luckily, weather good ok us. I thought nice least responded requests.The staff nice also, breakfast small yummy.We leave stuff lobby, storage room, fine felt safe (very small hotel).The location EXCELLENT, times square central Park.I definitely recommend great budget hotel!",0.189546783625731,0.5401461988304093,Sep 20 2007
68,68,"A great place stay destination My husband I spent week NYC stayed Davinci. We pleasantly surprised. The fantastic location, able walk many sites; additionally, close three subway stations could easily get anywhere never switch trains! Our room exactly needed-a comfortable, clean place sleep, safe place keep things, affordable close everything. The rooms pretty small bathroom huge ornate-beautiful! One weird thing cleaned room afternoon happened took siesta missed us once. We asked desk someone fix later. The two ladies desk kind hospitable. There fridge room unusual luxury lower price hotel. The breakfast pretty minimal-buns doughnuts warm milk (very European). We would definitely stay recommend friends looking place stay destination itself.",0.2767424242424243,0.6481060606060606,Aug 26 2007
69,69,"Gem Heart NYC If expecting palace Da Vinci however, affordable rate offers everything need. I felt room size fine, wife found little small (about 300sqf) tell truth I know many people visit NYC stay room. The queen size bed comfortable, sheets clean, flat screen TV several channels, bathroom clean updated: new tiles, toilet sink: actually installing sink arrived offered us free drinks restaurant attached compensation. There small closet, chair dresser room well. The room AC unit worked I would suggest brining pair pliers turn controls knob missing (hint: flip light switch AC unit turn on). Do expect view, rear 3 buildings. While NYC loud night noise issues room. We experience issues staff Da Vinci like reviewers mentioned. The front desk staff said hello saw us helpful asked questions. If like doughnuts coffee breakfast love continental breakfast, spend extra 5$ bagel coffee somewhere picturesque trip (don't forget paying 100$ less night stay here, $95). There several Starbucks close found good place breakfast 8th 50th. The 56th Street 8th &amp; Broadway: EXCELLENT MIDTOWN LOCATION. Subway stations 5 min walk: 8th &amp; 59th: Columbus Circle. The Subway station connections Manhattan lines, thus truly minutes Manhattan. You walking distance Broadway, time square, 5th avenue, central park &amp; hells kitchen. If driving NYC, park Central Parking literally across street hotel, rates reasonable get discount staying Da Vinci, paid $26/ day.If I compare Da Vinci major chain I would give low rating, however value dollar I rate Da Vinci high. I would definitely stay wife (who tends little finicky) would well.",0.12325956937799044,0.4318740031897925,Aug 21 2007
70,70,"The Best Deal NYC The DaVinci Hotel still NYC's best secret!. I love hotel, location staff. There better place stay city. I recommend many people thankful.Wonderful place.",0.5,0.4857142857142857,Jul 29 2007
71,71,"A great find heart city! I hard time finding reasonable party six NYC - getting room would accommodate six us near-impossible, places I find either hostels shared-bathroom types; hand, book two separate rooms turning expensive! Then, I found DaVinci Hotel! I thought good true - reasonably-priced Manhattan good reviews - place great! We bit wary arrived, soon met friendly ladies lobby saw clean, cozy rooms, sold.The rooms small everything need NYC (who wants hang around hotel, anyway?) - one rooms even flat-screen TV mounted wall. The rooms cleaned every day (although bit later day Saturday), place quiet could hardly tell neighbors rooms next (although loud AC might helped drown noise). Some older reviews mention lobby staff ask room keys time leave building, case us - used electronic credit card-sized keys like normal hotel, perhaps practice updated. All-in-all, place great find, I definitely staying DaVinci Hotel next NYC trip!",0.12314814814814816,0.5077777777777779,Jun 27 2007
72,72,"A Fabulous Place My wife, son I pleasure staying wonderful oasis. Everything needed us well genuine friendliness, supportive knowledgable staff ambience peace relaxation. The Restaurant downstairs, quaint, relaxing, efficient staff, wonderful food served smile great feeling could enough diner. Thank Diamond &quot;rough&quot; world.Mike Kacy Cross",0.48999999999999994,0.635,Jun 20 2007
73,73,"My Da Vinci Stay I stayed Da Vinci May 29th -- June 1, 2007. It looks little scruffy outside, inside, nice little place. As enter lobby, stairs leading floors. Also, narrow hallway, glass door leading first level elevator. The doors always open elevator, go in. When I got 2nd floor room, I noticed hallway quite narrow. You use plastic room card access room. I surprised gotten two full size beds. There enough door, outside in, move two main pieces luggage. Inside clean functional room with: two print pieces wall, old desk fold mirror, facing main mirror, television set two drawer cabinet larger one that. There small closet, enough capacity two medium sized luggage pieces. Inside closet, top shelf two blankets one pillow. The beds pillows. Luckily, I room facing street traffic. My frosted window faced wall building next door, could hear bits conversation downstairs could definitely detect food smells nearby. There step connecting room bathroom, watch that. The bathroom lovely, antique looking hot cold water levers (?) sink. You row toiletries (those samples shampoo conditioner) glass shelf sink. The bathroom also combination tub / shower. The shower sliding door located tub, sliding left right. It seemed functional enough. The thing I like AC unit. I unable use it, since knobs coverings I forgot pack pliers turn unit. I disappointed that, since week, temps afternoon high 80's I sweating bit. Also, try work clock radio adjust alarm want awakened certain time morning. The staff Da Vinci lovely. I borrow iron board downstairs. Since things used quite bit, dial info appliances faded, I recommend put water iron. You get one small , long ironing boards, I managed press clothes. You request iron board. It makes sense return soon done, someone else use them. Surroundings: You McDonalds next door Italian restaurant itself. The 59th St. Columbus Circle subway 3 blocks away north, right Central Park South. The 50th St. 8th Avenue stop 6 blocks south hotel. I recommend Cosmic Diner W. 52nd 8th Avenue, located SE corner intersection. It's 24 hour place. Suggestions: Keep eagle eye ( close eye) traffic cross lights. Cabs cars use streets Manhattan personal highway, warned. Also, even though crosswalk light may red, traffic clear enough , people cross. Pedestrian traffic heavy, learn walk brisk pace... words... learn walk fast. There continental breakfast starts around 6:30 a.m. 7:00 a.m. I made mistake donut coffee Super Shuttle arrived couple hours later. Bad choice. I know donut milk carton (at room temperature sitting ice) caused problems iwth head tummy. I experience first trip eaten full breakfast. It help Super Shuttle making stops got JFK. It could been.. me.. I suspicions donut coffee. My stay Da Vinci generally okay. I recommend donuts coffee tho. I actually took bunch pics I arrived room, first day. I hope enjoy YOUR trip Big Apple.",0.06299433106575965,0.4291995464852609,Jun 3 2007
74,74,"Excellent For The Price!!!! Wow! What great find! The Da Vinci all. It two blocks away N, R, W, Q (accessible La Guardia) 1, 2, 3, A, B, C, D subway lines. The rooms small two full sized beds included fridge. The bathroom updated. A short walk Times Square. Continental breakfast basic, good. If looking Hyatt, it, clean great location reasonable price. I stay everytime I visit NYC on!!",0.4152430555555555,0.6283333333333333,May 14 2007
75,75,"A We stayed March 24-28, 2007, two rooms. The furniture dated functional. Closet space limited. The room near elevator quiet whereas room facing 56th street somewhat noisy. The maid service excellent one room sporadic stay. The check-in desk personnel excellent. The Italian restaurant basement fine.We stay again. Overall good experince.",0.31261904761904763,0.44791005291005287,Mar 23 2007
76,76,"Route 66 without cactus Like old-time motel dated snaggy bedspreads, lots hot water clangy radiators hissed am. The room big standards bathroom lemon-lestoil clean. Location handy around corner Carnegie Hall -- couple blocks Broadway local subway line. Walked home theatre Times Square. Didn't bother supermarket donuts a.m. -- ate breakfast Fluffy's Deli 57th across street Carnegie Deli. Next visit I want eat dinner Patsy's two doors down. My 13-year old understand nostalgic value actual room key diamond-shaped tag.",0.03842592592592594,0.4615740740740741,Mar 1 2007
77,77,"Loved quaint Loved everything stay here! Personal service Jennifer upstairs Walter downstairs excellent. Just really enjoyed overall experience small, quaint, clean, centrally located hotel. Will definitely book again.",0.3191666666666667,0.5450000000000002,Feb 22 2007
78,78,"Disappointed..... After reading many good reviews hotel, I booked 5 night stay late January.Whilst price great location I expecting Waldorf, I expecting little got.The room small dark. There tiny window would open, meant room felt depressing.In first hour, found bedside lamp broken, fridge work TV reception terrible even basic cable. The TV lamp met assistance, fridge fixed ourselves.I noted many people found reception staff good. On weekdays seemed pleasant enough, overly friendly rude. The weekend staff terrible. We asked nearest laundromat was, told &quot;I know&quot;. Therefore searched along 8th Avenue internet cafe look one up. Shame girl desk feel able us.The cleaning staff nice, 2 days 5 done room 4pm (jetlag).Many reviews correct relatively clean cheap Manhattan. I would recommend spending another $50 night staying somewhere move, daylight, helpful staff!",0.11294642857142857,0.6025,Jan 29 2007
79,79,"Good budget great location We visited New York marathon weekend many prices inflated finding somewhere within budget difficult usual.We booked trip couple months contacting lots hotels availability, I came across one. I'd read reviews decided go open mind.Yes, room small decor quite dated, room clean location price main advantages hotel.....we see Manhattan hanging around agenda.Its close subways within short walk Central Park, 5th Avenue Times Square.We find noisy night seemed like quite safe location walking back dark.Overall, I would recommend it.",0.19464646464646462,0.5191919191919192,Jan 10 2007
80,80,"Excellent location service The excellent price, modest room, clean service excellent. The location wonderful go anywhere Manhattan.Can't wait go again!",0.7444444444444445,0.9333333333333332,Jan 4 2007
81,81,"MIce bed Weekend reception surly unhelpful. We stayed week room 501 couple days found mice running around room ! On inspection found evidence nest base bed . (See photos)We managed trap 3 mice management give us change room due marathon everything else booked area - eventually got chenge room .Little sympathy management deaf ears compensation.If that's what's bedroom , what's running around restaurant basement? Not recommended!!",-0.2484375,0.5583333333333333,Dec 26 2006
82,82,"Great Hotel Just returned 2 night stay hotel.I say price, I really think great hotel. It's certainly Hilton going NYC 2 nights shop would want pay much money never in. I really think great money paid.We stayed one bed room first floor. The bedding clean nice. The bathroom marble clean. The shower quite powerful bath clean. I think looking cheap hotel, long clean cant go wrong. The lady reception always polite helpful. She helped lot's booking return travel also find bus times woodbury outlet centre. Which I add really good place go. It's hour outside City Bus return ticket $38.00. It's well worth visit, great bargains. I would actually recommend visiting hit shops City I see watch I bought outlets Macy's full price, even like selling old stock.If also go information centre get there, pick discount book stores.Sorry going track abit here.Anyway also really good location, blocks time square also short walk 5th Ave.Overall I really enjoyable stay wold def stay again.",0.28165223665223665,0.5004473304473305,Dec 5 2006
83,83,"Good experience As one many always looking cheap stays Manhattan, I hesitant reading people's poor reviews. I good stay there. I booked 2 bed room, 2nd person come, girl desk helpful getting single room &amp; lower price. I need lot help w/ NYC, I rely staff helping things do. The room nice...nothing elaborate although bathroom recently updated. I 1st floor &amp; 1st room front desk &amp; door, I could hear noise, intrusive &amp; never woke up. I would stay again. It's hard place find, location great &amp; subways close.",0.2604931972789116,0.48828231292517005,Oct 30 2006
84,84,"Poor Customer Service I first heard article newspaper thought I would give try. When I called inquire availability, I told one room available first night four rooms available second night. I decided make reservation right away one room two nights, stay planned marathon weekend (a hard time get decent rate Manhattan). I received e-mail confrimation reservation number. The e-mail showed reservation three nights instead two. I contacted immediately number nights changed two. The next e-mail sent confirmed one night. I called reservation changed two nights. Finally, third try got right! About week later left message saying availability cancel reservation. No explanation given could honor confirmed reservation staff upapologetic whole situation. This level customer service upacceptable. I left position scramble find another room busy weekend New York hadvingto pay $100 per night.",0.13844438170525128,0.43873800112930555,Oct 11 2006
85,85,"Cleanliness issue -- good location Hotel visit OK, price good.The bathroom biggest complaint. The bathtub DID NOT drain -- real clean. Mildew grout.Towels threadbare.I guess adequate.Would stay I choices -- definitley top list.I learned lesson -- can't trust websites!! This nice website would lead believe.",0.3173611111111111,0.5202380952380953,Oct 4 2006
86,86,"Perfect place budget traveler At less 1/2 price hotels less block away, Da Vinci pleasant surprise. Although definitly budget hotel, scared booking here. The rooms simple, adaquate clean. The bathroom, simple hot water good pressure. The linens look like ones closet, work fine. The rooms TV A/C worked fine. The wireless connection iffy, McDonalds next door good signal buy $1.50/hour. The lobby comfortable attached restaurant nice. (Gino, manager friendly hospitable) The right midtown, 3 blocks central park one block broadway. The neighboorhood safe active, probably 15 restaurants inside 2 blocks. This perfect place stay plan spend day exploring city. Staff friendly always available. I'll stay again.",0.3415952380952381,0.547,Sep 20 2006
87,87,"A Great budget hotel! Want great little place 'can't beat' location? This you! I impressed friendly helpful staff, cleanliness whole place quaint lobby I would definitely return heartbeat! Rooms extremely small, hey, NYC, going spend time room; end day lucky crash exhaustion. Bathrooms completely redone marble, lobby staff helpful sweet -- continental breakfast morning. Walking distance everything, Central Park, Times Square, Hell's Kitchen, Broadway, etc. Definitely would go back without second thought.",0.24493055555555557,0.49555555555555564,Sep 5 2006
88,88,"This excellent price. We stayed four nights June found nice price. Staff always duty ask leave key front desk go never did. You walk central park, times square subway nearby, stay sure.",0.45600000000000007,0.8277777777777778,Jun 29 2006
89,89,"Good hotel! This great location - around corner Central Park, short walking distance Times Square minutes nice sushi-restaurant 56th Street. Stayed February, NY cold, room nice warm night. Simple breakfast (rolls, donuts coffee/tea) started day. Nice clean bathroom, nice staff. No complaints. Would definitely stay again. If looking affordable NY accomodation, Da Vinci good choice. :)",0.3761111111111111,0.7104761904761905,May 23 2006
90,90,"great spot great price great place I stayed last weekend great. The city poured rain two days straight spent alot time hotel. It great hotel, price best find. The rooms clean, bathroom nice large tub marble floors walls. It quiet front door staff friendly helpful. The location get better 10 minute walk time square 5 minute walk central park. Subway stops located within five minute walk. I would absolutely recommend anyone staying NYC. If I ever go back I definately stay here.",0.43102513227513234,0.5382539682539682,Apr 25 2006
91,91,"A Great Base Exploring We stayed Da Vinci 12-15 April. We found small clean, close subway within walking distance Times Square, could ask for? The Continental breakfast filling. There choice bread rolls, preserves, doughnuts tea/coffee. The staff freindly loads information leaflets foyer help plan holiday.We booked Travelocity, gave us best price web sites got quotes from. The easy get Newark. We got Olympia Express Shuttle ariport ($22 return Port Authority) taxi Port authority cost $5. This half price would pay taxi. The area around fairly lively, restuarants shops close felt safe walking around night time. We also used subway night felt safe so.A tip seeing broadway shows: go TKTS booth Times Square, go one South Sea Terminal. The one Times Square always massive queue, managed walk straight one queue all. They share booking system, lose good deals.If want base explore New York, I would definitely reccomend Da Vinci.",0.17268740031897925,0.5660287081339713,Apr 21 2006
92,92,"Great Little Hotel My family I went New York 15th 19th loved it. For small hotel, Da Vinci surprising. The Staff polite courteous visit. They helped us whatever needed. The room bad all. There four us shared two bed room, plenty room. The bathrooms nice water stayed nice hot shower. The overall appearance nice also. Another thing worth noting key location, right next Broadway. Our stay Da Vinci pleasing, would definitely stay again.",0.3227288961038961,0.5903463203463204,Jan 22 2006
93,93,"Great location bad!! Just back New York I spent New Year Eve boyfriend couple friends. The location simply great, Broadway, steps away Central Park Times Square. As arrived room clean, I think housekeeper &quot;forgot&quot; clean bathroom days after....We problems shower, hot water heat, bed definitely small two people.They serve breakfast reception lounge (what laugh!!). The staff unfriendly, simply seem live New York informed anything!!! The thing us provide car service airport day left. Anyway, spend much time hotel, many things see New York! I also think I would stay again, location price great definitely decent enough spend holiday.",0.1586396416083916,0.47571761571761567,Jan 8 2006
94,94,"Location check; everything else minus This traveler doesnât mind wafer-thin beds, lumpy pillows, hot water, towels fraying nap left, rooms donât feel even pretend feel clean, industrial-style carpeting, incredibly chipped old furniture, radiator turned high leave windows open breathe (and freeze goes 3 morning) â rooms arenât bad enough â rude incompetent staff. We would never stay again. Mind you, didnât spend time room absolutely necessary. We planned going in, still shocked able rent $35 night. It glorified youth hostel.We left day transportation strike began, first 25 years. I think knew coming, visitor fine city New York, unprepared time weâd need spend securing airport transportation. I asked front desk agent recommendation nearly 10 hours needed leave: I call cab, town car, shuttle service; someone could recommend? His answer? âYou done 48 hours ago, donât know tell ya now.â Um, okay, thanks. Ended walking Dream Hotel â friend staying (just block away, loveliest bell staff) stored luggage (securely, lobby unmanned front door) called us town car problem.Donât even waste dime place, itâs dump.",0.06104076479076481,0.49303932178932186,Jan 6 2006
95,95,"Not Great But You Get What You Pay For Not great accept much cheaper rest.pros:1) nice lobby2) cheaper3) near subway4) locationcons:1) secure luggage storage. 2) noise street floor above. hint, turn fan drown constant buzz3) enough electrical outlets.4) counter cabinet bathroom5) envelope nightstand looking tips housekeeping (I've never seen before)6) request two double beds accepted filled. bed slightly smaller queen.7) much furniture small room.8) free high speed internet work9) 4pm check-in 11am check-out10) inconsistent water pressure/temperatureBut rough edges I'd still go back.",0.00578947368421052,0.4670175438596492,Dec 8 2005
96,96,"A Real Mixed Bag! Admittedly, great location. Very uneven staff, informed upon arrival pay advance (never heard thing), I asked look room paying, concierge turned sour. The bathroom adequate, tho convenient, needed cleaning (moldy). I'm sure changed bed linens 6 days! need wash bed spread (smelly). $20 fee one hour late check out...what gives? Fortunately, room much.Would stay again. There must budget hotels NYC friendlier staff.Exception: young lady concierge dog.",0.07371212121212121,0.4733838383838384,Oct 13 2005
97,97,dreams made returned Da Vinci. Small compact hotel. The room basic tv worked air conditioning worked shower great. ws small truly slept -too busy outside. reception staff nice friendly - problems - tea coffee morning great set lovely fresh rolls butter preserves eaten beautiful reception area. quiet little dark good historic feel it. could faulted location. right carnegie hall columbus circle tubes everywhere -close times square great cental park - want mcdonalds - next door - italian - - indian - 2 doors endless- would stay tomorrow (onlly wish could) - would recommend friendsEXCELLENT,0.23166149068322978,0.4997412008281573,Oct 7 2005
98,98,"Delighted Da Vinci My wife &amp; I flew New york On Sept 11th 2005 &amp; booked Da Vinci Hotel 11th 17th September. We arrived around 8pm checked &amp; told upgrade 2 nights nice them. The room first quite big room 2 double beds &amp; ensuite facilities, rooms have, well air conditioning, T.V &amp; fridge, room got standard room double bed, general standard &amp; rooms extremely good ,all rooms clean &amp; tidy, &amp; staff helpful especially Jennifer,one receptionists, always helpful problems rooms etc. The bar/restaurant basement, Joe Gs' good, little expensive, food first class service Danny &amp; co. I would recommend anyone wanting enjoy Manhattan perfectly located(244 West 56th st) 5 mins walk Times Sq. ,2mins walk Columbus Circle &amp; Central Park &amp; good bus &amp; subway links close by. Most big department stores also within walking distance, Saks, Bloomigdales &amp; FAO Schwarz &amp; plenty places eat well immediate area,you also 5mins walk major theatres. Our week Davinci cost us $882, compared hotels facilities excellent price find hard beat &amp; also throw complimentary continental breakfast consists rolls,butter &amp; jam &amp; excellent New York donuts well tea &amp; coffee, enough keep going lunch. If go &amp; find anything wrong I say must fussy &amp; hard please type person !!",0.2185394238437002,0.5218839712918659,Sep 19 2005
99,99,"I loved staying DaVinci It worth price, clean sheets, clean toilet shower. Warm water problem empoyees friendly helpfull. The location perfect, around corner Times Square.When return NY certainly book Da Vinci.",0.4446428571428571,0.5690476190476191,Sep 12 2005
100,100,"Basic worth $avings + close main streets Stayed 4 days. The room 2nd floor single bed. (They said double beds get street view) i'll try next time.Desk ladies nice &amp; helpful finding way around town, even offered come us/help subway headed home.Free donuts etc morning. You get sounds city life, bother already live major city.Room fairly clean, (top blanket hotels seem clean) fuzz etc under/between bed, tables etc. Room refrig put things soda, food etc. We used AC room little stuffy, nice cool then. So im sure cool feel summer?Shower alright, water take time get warm would run bit step test temp.The close walk eveything. There many places eat like Soup NaZi(around block). Then amazing Carnegie Deli best Pastrami, Corned Beef &amp; cheese cake!If planning see sights day, want clean room sleep/shower/$ hotel. If want place relax business people (rich yippies) go elsewhere.I would stay since price cheap quality.",0.28265191598524936,0.5300558495002939,Jun 20 2005
101,101,"Nice Spot... Okay, RItz, hey, fantastic location. Walked major sights Central park site World Trade Centre, everything between! Not biggest room, nicest, compared price hotels midtown area, represent good value money.",0.3053571428571429,0.5892857142857143,May 17 2005
102,102,"Great cheap central We stayed Da Vinci 9 14 April 2005 read reviews quite nervous awaited us. However, arrival, lady checked us lovely helpful - even let us check 3 hours early fee. The room basic paid expecting Waldorf!! It clean bathroom plenty big enough. We one problem bathroom stay sorted within hours. The thing woke us night sirens fire engines central location expected that. This really excellent value money - Central Park Broadway doorstep, short walk Times Square Fifth Avenue. We would definitely stay again.",0.1508771929824561,0.4447368421052631,Apr 18 2005
103,103,"Cheap Price Good Location Stayed 09/04/04 16/04/04 parents one room, great deal Expedia UK.Hotel clean rooms pretty big comfy paid. We inner room views nothing, quiet good. Cable TV ok decent channels could watch.Staff friendly especially doorman always smiling friendly. Bar resturant downstairs decent friendly staff nice environment first time visiters.Location perfect 10 second walk till Broadway 10-20 min walk Times Square. Subway close round corner McDonalds next door.Would recommend anyone budget wants decent place spend night.",0.26891025641025645,0.5378205128205128,Mar 23 2005
104,104,"Nightmare 56th If want look cheesy flea-market paintings, sit bathtub designed someone size toddler, shower water turns alternately hot cold without touching knob, awakened middle night radiator noise (imagine freight train bedroom), deal rude staff, leave luggage lobby, DaVinci you. It cheap, get exactly paid for; lousy accomodations amenities flippancy staff, seem hate jobs. We ask towels, gentlement helping us prompt respond, highlight. We checked learning would storage luggage town afternoon plane left (after check-out time). With excellent location possibilities, DaVinci much potential quaint place stay, someone understands service aspect business owns it, continue waste time money travelers. I never written review anything, experience awful I feel compelled warn travelers hell-hole.",-0.015476190476190473,0.5845238095238096,Mar 23 2005
105,105,"No problems here! I admit I little concerned (having read negative reviews AFTER making reservation). I happy say I encountered zero problems. All staff members pleasant, everything worked (radiator, TV, hot water). On top rates fair, location astounding.",0.3869791666666667,0.7645833333333334,Mar 20 2005
106,106,"Nightmare Hotel We stayed February. The toilet leaked, radiator heater exploded told must played knob. There cobwebs ceiling, maid never came room top checked receptionist insisted never checked in!",0.29583333333333334,0.25,Mar 2 2005
107,107,"Loved Da Vinci WOULD STAY AGAIN! Stayed Da Vinci 12/26/2004-12/29/2004. Loved it! Cute boutique FREE breakfast. Great restaurant 15% discount guest. EXCELLENT LOCATION Midtown...10 blocks Times Square, 3 Central Park, 1 block Carnegie Hall. Had problems checking in, great place rest!!! Woud definately stay again!!!!",0.68125,0.76875,Dec 30 2004
108,108,"Good Location Stayed Da Vinci Hotel 11/09/04 - 17/09/04. We booked Expedia felt good deal. The North Times Square blocks Central Park.There 4 us staying one room, felt would cramp, amount time spent problems. Our room clean daily clean towels every day. (Even towels bit small side!). On reading reviews - really problems air-conditioning (apart fact realised unplugged - thought broken days!) plenty hot water - worked tap system out.The bonus fact breakfast would included (which norm NYC hotel). The breakfast consisted Rolls &amp; Donuts, plus tea coffee. Not substantial breakfast - satisfied set us till lunchtime.We try restaurant - found meal delicious. We would recommend it, want Italian meal far away. In addition received 15% discount, guests.On negative side - fact room overlooked street, noise started aprox 5.30am. We always awake 6.30am. We consider big problem, meant made day 4 us use shower etc, meant 8.30 9.00am returning till 4.00pm later prepare dinner theatre etc.The staff found abrupt, helpful times, (we put New York attitude) amount time cause problem.Our main gripe getting car airport. We told could fit 4 people 4 cases in. It - boot open! If need get transport airport - go recommendation hotel, 3 you!We come holiday plenty sight seeing - spent little time - us, somewhere put head sleep.Due price paid good location, would consider staying again.",0.13955880230880233,0.46233621933621943,Nov 12 2004
109,109,"Brrrrrr! We spent coldest indoor night Da Vinci. Even 4 blankets, room cold could sleep, let alone attempt take shower! Although requested got another room next night, management would give us discount, pleasant it.We'd never stay again.",-0.30416666666666664,0.5166666666666667,Oct 19 2004
110,110,"Avoid place Our plane landed LaGuardia 12:30 made way taxi DaVinci expectations 4 day holiday NYC. We immediately informed although room ready, would $20 &quot;early check fee&quot;. &quot;Sorry, policy check ins 3 p.m&quot;. We could leave luggage lobby, would safe come back later wanted. Anxious unpack get started paid fee, even though I never asked pay fee before. The rooms small, drab, clean, barely adequate. We trouble hot water, told might backwards...it was. On 2 3 full days stayed there, room made up. We grabbed clean towels cart hall. The attitude take leave it. When got home, wife thought left something room called. Call back morning told, maid left. Fine, found something maybe left desk. No effort help all. It turned left item, thank goodness I'm sure would never seen again. The one good thing conveniently located near Theatre District Central Park. The &quot;Continental Breakfast&quot; coffee packaged donuts. We would never stay recommend place.",0.14930555555555555,0.3821759259259259,Oct 19 2004
111,111,"clean comfortable safe I stayed DaVinci August 25-26. It's Ritz clean, comfortable, safe great location. Don't come expecting four five star service decent considering paid it. I, one, back.",0.38888888888888884,0.6018518518518519,Sep 9 2004
112,112,"Thank you! Dear Sir Madam:On July 23 stayed hotel. We originally intended stay 2 nights visiting New York weekend. Our plans changed scheduling mishap Hotels.com (they us staying Monday Tuesday night rather Friday Saturday nights intended). When conflict realized staff proved understanding helpful. Thankfully able get us room night although booked Saturday, said would inform us first thing morning cancellations. They also provided us contact information Hotels.com effort us recoup founds. We able go enjoy evening.Unfortunately next day cancellations going able stay Da Vinci another night. Again staff helpful finding us room another nearby hotel. We grateful time energy.With help staff weekend trip saved. Their patience understanding gratefully appreciated. The way see Hotels.com collected fees rooms unable use, unable resell (this explained us manager call hotel). We upset Hotels.com's inability make situation better notified situation conflict understood.My wife I wanted thank staff helping save wife weekend getaway.Sincerely,T H C",0.19742424242424245,0.4275252525252525,Aug 28 2004
113,113,"We even flush toilet! We greatest experience DaVinci. When checked bags, left unattended front lobby day (twice!). Of two front desk attendants came across, one incredibly rude least bit friendly, however say anything outright obnoxious, definite plus. Although conveniently situated room clean, air conditioner (though made tremendous amound noise, clicking loudly night) never actually made room cooler. Then, discovered sign bathroom told us flush toilet paper toilet! There small trash provided next toilet waste desposal. It pretty.",0.059735449735449725,0.38923280423280426,Jul 20 2004
114,114,"Don't Believe Bad Reviews! We stayed Da Vinci 6-04, spite reviews here. Clean, comfortable room. Oversize bath amenities like hair dryer, infrared lamp. Well furnished room substantial table mirror. Cable tv worked fine. Staff courteous helpful. Good location. We'll come back.",0.2297619047619048,0.6095238095238097,Jun 21 2004
115,115,Good value money convenient location,0.7,0.6000000000000001,Jun 4 2004
116,116,Nightmare!,0.0,0.0,Feb 13 2004
117,117,Not worst good either,-0.6346153846153846,0.7307692307692308,Jan 19 2004
118,118,Da Vinci--a taste Europe,0.0,0.0,Nov 29 2003
119,119,Too Noisy,0.0,0.0,Nov 20 2003
120,120,Ideal location,0.9,1.0,Oct 31 2003
121,121,Great hotel!,1.0,0.75,Oct 15 2003
122,122,Stay far far away,0.1,1.0,Oct 14 2003
123,123,honor confirmation,0.0,0.0,Aug 8 2003
124,124,Good clean,0.5333333333333333,0.6500000000000001,Aug 6 2003
125,125,Posizione super strategica,0.3333333333333333,0.6666666666666666,Nov 21 2009
126,126,Muy recomendable estancia en Nueva York,0.0,0.0,Oct 2 2009
127,127,Confortevole,0.0,0.0,Aug 31 2009
128,128,Recomendable,0.0,0.0,Jul 10 2009
129,129,Ottimo,0.0,0.0,Jun 26 2009
130,130,da vinci. ottima posizione.,0.0,0.0,Dec 28 2008
131,131,SUPER HÃ´tel,0.3333333333333333,0.6666666666666666,Oct 9 2008
132,132,Recomendable,0.0,0.0,Sep 30 2008
133,133,Lamentable Hotel,0.0,0.0,Jun 21 2008
134,134,Prima volta NY,0.0,0.0,Jan 4 2008
135,135,Kleine Zimmer aber phantastische Lage,0.0,0.0,Nov 1 2007
