,Unnamed: 0,Reviews,polarity,subject,Dates_extracted
0,0,"Chic boutique heart financial district Usually I come NYC, I stay SoHo Lower East Side. If plan go areas even East Village Chelsea, bit way. But price can't beat Thompson boutique hotel. The subway close Fulton Station easy figure out. You'll also need transfer get need be. Some direct lines area also run weekends. The call taxi getting area issue...I stayed standard room first night upgraded biggest suite, really great. Really SOFT heavenly beds. Service friendly sometimes slow enough people working front desk. I'm still working dispute housekeeping one shopping bags. Usually amount money spent here, I go much trouble reimbursement. However, management courteous throughout situation.There breakfast room service many restaurants area also deliver. Since financial district, many neighborhood bars restaurants might closed. I'd really recommend location know city well around much.",0.09128787878787879,0.4166666666666666,Nov 19 2009
1,1,"Great location right I stayed Gild Hall September 2009, NYC quick break heading elsewhere int US business.The hotel's great - large rooms, clean, good value.However, location could down-side, depending visiting NYC for. If business, right heart things easy access Wall Street etc. For leisure, less good. Easy access Battery Park ferries, beyond facing subway guide get anywhere - especially weekends, lot shops eateries immediate area closed. Fulton Street subway station also hideously complicated.Also thought charging much free wifi.",0.3553571428571429,0.5770833333333333,Nov 6 2009
2,2,"Great boutique Downtown NYC My husband I wanted spend 25th anniversary downtown NYC. I booked Gild Hall Hotel based reviews location. It great choice! It's walking distance Seaport, Hudson River walkway/park, Battery Park. We wanted Ellis Island Tour also able go long walks, area perfect. The funky little place great staff - friendly attentive. I lost shopping bag bar one night, staff really bent backwards help find it. The even offered watch security tape see stolen. I've never encountered people willing go beyond job description.The room good size - strange thing bathroom walled frosted glass blocks, see person toilet. Even 25 years together, that's much information. The bed comfortable plenty closet space. The bad thing location lack places good breakfast weekend. Since business area, lot surrounding shops closed weekend. The diner staff directed us horrible. I would definitely stay again.",0.23637681159420293,0.6126811594202899,Oct 30 2009
3,3,"Great Value - convenient location (for us) Booked phone directly several websites (including own) showed availability. Location perfect us since family block away. Room above-average size NY standards, interesting decor, nice atmosphere overall. Only hitch smoking room originally assigned; wait 1/2 hour re-assigned everything worked OK. Would definitely recommend looking downtown.",0.3729166666666666,0.6166666666666667,Oct 12 2009
4,4,"safe great location Stayed 3 nights moving mid-town. Loved location perfect exploring part NY felt safe times day night. comfortable like reviewers like bathroom door - inappropriate. Didn't find staff particularly friendly, fact felt though tolerated. They answered questions briefly possible never offered advice additional information. On plus side never heard noise outside room bed extremely comfortable excellent bedding. There iron room asked one arrived straight away. All good choice want spend time lobby felt quite depressing atmosphere.",0.3950000000000001,0.6640624999999999,Sep 24 2009
5,5,"Nice shame room keys Staff friendly, room comfortable nicely furnished (but would suggest get rid shabby tartan throw rug bed - awful). Good location Southport restaurants shops, located near Wall Street. We good inexpensive breakfast nearby Zeytuna morning: yogurt, fruit, good coffee cooked breakfast want. Big problem room keys need re-set constantly (same happened friends also room there). Given four nights, little tiresome. Hotel bar reception area nice atmosphere.",0.22053571428571428,0.6589285714285714,Sep 19 2009
6,6,"One BEST!!!! Stayed June 09, worst weather ever new york fantastic. Bit difficult find found fantastic.Subways literally around corner, Wall Street, going new york every year 10 years first time I made area. I found amazing, even Tiffany store, Trump Hotel looking 5th Ave.Going go get real negative way..BATHROOM - OMG.. Four girls one bedroom, four crazy irish shoppers mix bathroom see right into..Feel sorry person right hand side bed, nose literally squeezed glass, boy, nothing left imagination here.Immediate call house keeping tried something double bed sheet thumb tacks kept falling time one entered bathroom put it.. Why earth cant put something glass like perspex decal something.. It really unacceptable.Front desk always friendly, bell hops front door league own. On last day could better. One guys went round block got us taxi van rather pay 2 cabs take us plus numerous bags airport.Weekends, place really go sleep, come monday morning bouncing. On arrival received complimentary vouchers drinks forgot about. Didnt eat here, used one carts across street gorgeous..Room service fantastic, loads loads snow white crisp clean towels, shower really powerful amount hot water. Mini bar room emptied store drinks pity.The bedroom big enough four, would love stay xmas prices crazy, anyone good low cost hotels recommend please so.",0.11567724281138916,0.541733537465245,Sep 16 2009
7,7,"Gild Hall right golden. Everytime go New York, like stay different neighborhood. This time, picked Financial District, Gild Hall (of Thompson Hotel group) best choice us. We quite happy place, despite tiny bit worried mixed reviews. The decor unique mix old-boy British club meets Zen simplicity. There lots quirky touches, rhino footrest lobby, antler chandeliers. Loads cushy leather sofas chill. If names Wes Anderson Vivian Westwood mean anything you, appreciate look feel place. The room: A plaid throw bed (which huge leather headboard) contrasts nicely clean undecorated walls. The dark blue industrial grade carpet room, however, jarring sumptuous simple details room. Having stayed number NYC hotels, I say room size pretty generous. Toiletries spare, nice, C.O. Bigelows. No shower cap, little extras, lotion, shampoo, conditioner, bar soap. Oh, wi-fi, charge 10 clams internet. Wah?The front desk service lovely, bar fun, attracted seemed like locals regulars, mixing out-of-towners. The restaurant Libertine closed summer, I cannot comment that. But tons bars restaurants nearby every direction. Don't misled say there's nothing Financial District. We found good pizza, old-skool diners, more. The streets labyrinthine, easy naviagate gridded parts NYC. Subways nearby. Overall, hip cozy lodge pleasant surprise.",0.22082932499599164,0.5457997635080968,Aug 31 2009
8,8,"Perfect Location S. Street Seaport/Financial District OK, I concerns staying hotel, since, I female, traveling alone business. My company wanted stay affordable within walking distance financial district. So, $199/night it. I hard time finding it, since side street, I able find it. It Art Deco decor small, boutique hotel, lavish lobby; someone front desk. The staff very, nice made feel comfortable. I able walk South Street Seaport problems all. I able shop, drink eat. Fun. One days, I went spa get massage neighborhood one days. And, I found really great places eat/shop...Century 21 (the best store planet) - within walking distance (about 3 blocks), Crumbs bakery, near wall street - Double YUM Adrienne's Pizza Bar Stone Street best pizza. It completely safe. Back hotel, room small, halls small too. The bathroom doors dusted class. I recommend family couple, least room I in. Oh, condoms room too. Just case, meet someone along way...;-) They also library 2nd floor/lounge too. I great time. Oh, one thing, I also travel agent I would recommend single travelers business. Fun safe bit real New York City!",0.3063737606479542,0.4644979751431364,Aug 29 2009
9,9,"Not 4 star Definitely 4 star rating. Pricey offers. No restaurant food (room service) available hotel. Why least snacks bar? Rooms clean really small. I hurt shin bed frame. Not enough drawer space clothes. Closet ok. No coffee maker iron room. Bathroom glass door needs go (what reasoning behind semi-see door??). To make matters worse bathroom door defective lock couldnât stay shut! We couldnât believe charge $10 per day internet! Is New York thing? Cheaper hotels free internet!Staff great (Friendly helpful).Hallway decor nice unique. We found lobby somewhat dull. One night wedding party. We tried get drink bar first floor wedding guests hoarding space around bar seemed reluctant creating pathway us order drinks. The bartender seemed unconcerned us.If ever Chicago, try Hotel Blake. In Washington DC try Hotel Lombardy, see Gild Hall deserve 4 star rating. These hotels rated 3.5 star surely 4.5 star based Gild Hall rating. They also less pricey Gild Hall. But then, New York!â¦ streets around full garbage bags. Wall Street?? More like garbage street. Everything seemd crammed inâ¦.. well!",0.15650252525252525,0.5363741582491582,Aug 27 2009
10,10,"Great Location! I stayed room big comfortable doublebeds three friends 50$/night/person.The negative thing whole stay kind trip fact room baathroom divided thin pane frosted glass. That carried weight since rest positive:1. The location unbeatable eyes. Starbucks, Supermarket (with freshly prepared foods imagine), pharmacies several bars diners around corner. The latter ones food drinkss reasonable prices appear NOT typically tourist-places places people working there. We enjoyed place much places midtown stayed later. The liveliness streets early morning till late afternoon also seems much &quot;real New York&quot; life many places seen. Also 1, 2, 3, 4, 5, 6 J, A, C, E, M, Q, R, W Z - trains 5 minute walking distance take basically whole city including Midtown, upper/lower West-/Eastside, nice parts Brooklyn (you might want change northbound G...), Bronx Queens.It's short walk Ground Zero, Century21, port lots places interest.2. Both room, bathroom, lobby, bar rest clean given time. The staff friendly, professional unobtrusive.3. The room huge, enough place stuff floor, dresser closet. It included bigscreen tv, ipod-dockingstation, safe, minibar, icemachine fourth (and 14th?) floor, silent powerfull ac nice bathtub. The interior classy leather dark woods seen pictures provided tripadvisor. Also rest Hotel elegant appearence.__All stay Gild Hall near perfect better stays &quot;Swiss 1291&quot;, &quot;the Edison Hotel&quot; &quot;the Portland Square Hotel&quot; also better stay 39th floor &quot;Waldorf towers&quot; TV work open main door ourselves, unlike Gild Hall.",0.18676660219213406,0.5454867827208252,Aug 25 2009
11,11,"pleasant stay! Stayed four nights July.From moment I checked staff extremely friendly happy answer questions I regarding travel anything else hotel.The lovely decor &quot;trendy&quot; feel it. The restaurant looked little pricey pitched &quot;english gastro&quot;, Englishman I steered away I could see food looked pretty good.To honest, location thousands choice places eat, eating would silly idea anyway, go explore!The business centre pretty useful, containing shared PC's networked HP printer (which I used print directly laptop).The rooms fully equiped LCD TV, minibar, bathrobes, wardrobe, small desk.Other people mentioned rooms little small, I would agree comparing outer city US hotels, rooms pretty much standard size get European hotels inner city hotels. A/C rooms great even lovely duck covers (in summer!) I slept like baby.The close Fulton street subway *fantastic* stacks subway lines, get anywhere manhatten quickly. It's quite easy get lost maze streets around hotel, downtown financial district, expect? good map find perfectly.The bathroom great, clean bright powerful over-bath shower fully stocked usual condiments. Other reviewers complained transparent material used bathroom room, fact shaded can't see apart odd shadow problem people sharing twin room.My complaints were:- $10/day wireless, top end pitched towards business totally unacceptable, even smaller low-end hotels free wifi days.- Wardrobe space OK, drawer space all, longer stays drawers store clothes would required, two people room struggled.Otherwise I would highly recommend business (since blocks wall street) use tourists since perfectly connected, short walk downtown sites 10 minute subway ride rest city.",0.2022222222222223,0.5455215419501135,Aug 3 2009
12,12,"Friendly Service Saves Day! Like review here, I stayed Gild Hall night/morning atrocious fire alarm. The difference I approached reception immediate, remarkably sincere, apology extended. Although I hurry catch flight front desk could mend wounds awoken ridiculous hour (I west coast logged mere 3 hours sleep!). Throughout stay I found front desk warm, friendly, funny &amp; helpful (especially Kelli). At price point I would call Gild Hall good value.",0.09253472222222221,0.6729166666666666,Jul 28 2009
13,13,"Recommended overall The room bathroom reasonable size, nicely furnished clean. Wireless internet extra 10 USD per day. A unusual extras available room (condoms etc).The located downtown Manhattan may suitable though metro station located closeby.The issue I fire alarm went 0500 first night stayed (followed announcement false alarm). The alarm repeatedly sounded morning though stopped quickly occasion. This meant possible get sleep 0500. I realise necessarily hotel's fault would nice apologise went reception morning, would good customer service.",0.21176470588235297,0.6284313725490195,Jul 27 2009
14,14,"cool tucked away seaport tribecca destinations Stayed July 4th 2009, cool hotel, nice common areas, friendly staff, great access much tribecca seaport. Its nice able remove self bit midtown crowds, weekend fourth, still close much.",0.324375,0.5766666666666667,Jul 5 2009
15,15,"Good great. Likes: Location block Fulton Street Metro station South Street Seaport. Superior room decent sized (for NYC). Nice LCD TV room. Nice design throughout.Dislikes: $10/day charge WiFi (WTF?!?! - paying $160/night room?). Glass bathroom door - really wants see companion sitting john, anyway? Only cover bed heat summer thick down-filled comforter - turn thermostat 65 degrees run night keep roasting. A simple top sheet thin blanket would nice.",0.11436631944444442,0.6617311507936507,Jul 3 2009
16,16,"The Best! Excellent every way!"" Location, price, staff, room, etc.... perfect. You cannot go wrong hotel. It gem.",0.625,0.7999999999999999,Jul 2 2009
17,17,"Gild Hall nicely decorated common areas good location I rarely stay downtown -- generally midtown instead. Gild Hall nice common areas warm old school feeling trendy way. good experience. If I needed stay downtown again, I would definitely consider again.",0.3341666666666667,0.65,Jul 1 2009
18,18,"Great service great atmosphere great hotel! My boyfriend I visiting NYC night see friends decided get instead crashing someone's couch. Someone recommended Gild Hall booked it. The whole stay great. The front desk staff friendly efficient checked (and gave us 2 free drink tickets Libertine Bar hotel). When went bar dinner, great service again. We ordered crab cake mix-up kitchen caused come somewhat late, got another free round drinks unsolicited (we rush). The decor cool - &quot;modern hunting lodge chic&quot;, I define it. The room comfortable, spacious clean. The automatic light mini-bar sleek feature (although, wires must crossed room turned night.) My complaint room strange design feature frosted glass bathroom. You could see right outside! The *great* area city far Things To Do goes, quiet cabs easy find. I would definitely recommend stay Gild Hall.",0.32887362637362644,0.6458608058608059,Jun 29 2009
19,19,"The Gild Hall made first trip New York delight! The staff excellent - helpful. courteous go way ensure guests need. The room pleasant surprise size, accommodating 4 wormen plenty suitcases,makeup bags snacks. The drawback mentioned previous posts, glass wall bathroom everyone's cup tea. If would block middle section would help bathroom light turned early morning tough wished sleep in. We adaptable bug us much rest room made it. The restaurant dinner delicious staff great.The location perfect catching subway, getting coffee Starbucks, food nearby Deli walking South Seaport meal. We coming back make return trip NY. I apprehensive trip check trip advisor I ever book hotel, I thought fair give feedback say I disappointed choice.",0.33866161616161616,0.6402272727272728,Jun 20 2009
20,20,"Nice Stay We stayed Gild Hall May 29th 15th anniversary. I got night part package dinner Skyauciton.com. While live Brooklyn, rarely spend time part Manhattan nice experience. We felt like tourists night. The rooms nice chic, reminded W Hotels. Beds comfortable location ok, geared weekdays evenings weekends pretty dead financial district. Having said that, seem pretty good rates (by New York standards) weekends walk South Street Seaport, Liberty Park, etc. By way, great little specialty grocery store/restaurant called Zaytunas close hotel. During lunch time, basement store cafeteria type deli lots great Medditeranean/Middle Eastern kabobs, salads, pizzas, etc.",0.3547348484848485,0.6641414141414143,Jun 18 2009
21,21,"Nice 1st glance actually poor We excited stay boutique Thomson Hotel company, severely disappointed overpriced properly maintained. I frequent traveller &amp; stay Marriott whenever possible. Most important convenient clean rooms functional. My 1st complaint bar lobby cleaned properly. If arrive 1pm, 5pm, 10pm 5am, smelled beer cocktails (as though spilled floor).But real &quot;treat&quot; rooms. The room incredibly small (maybe little 200 sq ft), yet featured king bed. There little room store luggage get around room. Then misguided notion glass wall bathroom facing room (actually, pretty much room) ... could exactly see person bathroom &amp; toilet right next glass wall (that pleasant!). Also, rooms halls need refurbishment.Given location price, expected far more. We stayed Sofitel last days trip New York, complaints ... Gild Hall very, mediocre worth money.",0.056119622564935065,0.4907372835497835,Jun 14 2009
22,22,"Good business Good business - great location Manhattan, quiet yet centre things.Rooms small-ish, uncomfortable. Room fairly good facilities - mini-bar, internet (to pay for), toiletries etc.Would good shove 'reading chair' sofa ... single seater. Also coffee maker sorely missed!!!Otherwise pleasant place. Staff polite professional. Hotel mini-gym floor, inclined.",0.4081904761904762,0.5797619047619048,Jun 10 2009
23,23,"Cute Boutique Hotel Manhattan service make smile We stayed GildHall two nights whilst passing Manhattan really felt involved appreciated. The manager concierge went way make us feel comfortable ensure brilliant time New York. The room large well appointed Kiehls products. It little way like that, short taxi drive midtown Soho close Brookyn bridge great evening stroll. All best I've stayed long time!",0.28754058441558444,0.5395698051948052,Jun 5 2009
24,24,"Excellent What superb !! Comfort excellent, rooms super clean cosy.Everything perfect. Staff really nice helpfull.Large comfortable bed.Cookies, ice arrival, newspaper offered every morning.SUPER QUITE.Breakfast ok we've charged Espresso asked everyday.Infos :- iPod &amp; iPhone dock rooms (charge listen music)- great METRO stations 1 min walk : Fulton st- 5 min walk Ground Zero / Century 21 (perfect low price shopping)- Safety box- 5 min walk brooklyn bridge!!!WARNING : aware Lower Manatthan BUSINESS DISTRICT. It means crawded weekdays dead weekends. Nothing particular night.If first time NYC, consider booking Midtown East West.",0.5291666666666667,0.6895833333333334,Jun 3 2009
25,25,"Nice Hotel Funky Designer Vibe We looking 4-star join friends Financial District Manhattan went Priceline got little gem great price (130$/night). We looked internet delighted see distinct designer vibe. It's Scottish designer duo Collin Justin went crazy decorated entire hotel!Upon arrival, staff courteous suggested excellent Italian restaurant nearby (Giardino D'Oro). Although smaller side, room (#83) beautiful large comfortable bed exquisite Egyptian cotton sheets (Frette). The large LCD tv made boyfriend happy. It's smaller cozy extremely beautiful hotel. I would suggest going like boutique hotels.",0.35624149659863946,0.6860544217687076,May 19 2009
26,26,"Great stay... I stayed several Thompson's New York never disappointed. While Gild Soho/LES/Tribeca address, quiet neighborhood welcoming weekends. More importantly, staff remains toes. During stay, service nothing short excellent. Everyone went way ensure great stay NYC.",0.2886363636363637,0.5837878787878787,May 14 2009
27,27,"We liked Hipster Hunting Lodge Gild Hall first Priceline ever stayed at, delighted gotten upscale, funky $125 night. The decor distinctive hybrid chic rustic -- day call Hipster Hunting Lodge. We'll happy Priceline bid lands us again.The staff courteous, housekeeping thorough. There nice little perks, like tasty Fat Witch brownies waiting us, overhead lighting fixture appeared made cast iron wagon wheel. The bed huge comfortable. Staying Financial District interesting think. There branch The Strand Bookstore right around corner, plenty places eat. By day bustling, night quiet think suburbs. It's perfect travelers night clubbing partying.The room lovely, beware rooms glass bathroom doors! I loathe trend interior decorating, seems trying imply sharing potty time somehow sexy. The glass frosted, toilet right next see everything. My partner I adore other, go level personal exposure. I know rooms normal bathroom doors, ask problem (I wish had).Other that, enjoyed much everything worked should.",0.33298500881834214,0.584188712522046,May 12 2009
28,28,"Amazing Comfortable! Great staff, loved location &amp; staff.Only 2 minutes away Century 21 TKTS theSeaport location.We found Priceline great price.",0.68,0.8,May 5 2009
29,29,"Stylish cozy fantastic service/staff We love Gild Hall - stayed past weekend town wedding. Fantastic decor common rooms &amp; room. Excellent attention details: high-end materials, extremely comfy bed &amp; linens, excellent toiletries (Kiehl's). Best bathroom I've ever used. The staff friendly &amp; attentive without pushy. Room service quick &amp; delicious. We slept really well, too. We wish little uptown, financial district bit dead, short walk several subway lines.Overall restful, wonderful stay.",0.28524305555555557,0.6250000000000001,May 4 2009
30,30,"Slightly odd location downtown nice boutique My stay start well cab driver hit construction end block told I'd need walk last block half hotel, I arrived, good experience.Room size varies - mine smallish, colleague pleased size room. Ask larger room. The vibe boutiquey I'd say bit masculine side. My room huge, brown leather upholstered headboard plaid throw blanket. I can't sure, sheets may well Frette, high quality, Kiehl's toiletries generous sample sizes.There nice bar Lobby library vibe, markes good work stop.",0.29819047619047623,0.5910158730158731,Apr 30 2009
31,31,"Cozy modern beautiful....I loved it. We stayed one night, alas, quick trip New York. My son, lives west village, warned staying financial district, calling &quot;desolate weekend&quot;. I find true all. Sure Times Square Saturday night, I hate that. Lots people sightseeing ....with ferries, Ground Zero, Southstreet Seaport, residents walking dogs shopping groceries. We picked Gild Hall, got good rate Expedia, looked lovely. And was. When checked early, explained king room booked ready yet, 50 bucks could suite. I hesitated, clerk said..&quot;It's great suite normally rents $300 night&quot;.....so said, Sure! Am I glad did....it seriously fab sweet suite....the design place (Todd English) amazing, two big wall flatscreens...both HD...I wanted party cool...gorgeous marble bathroom, Kiehl's toiletries. In words Tina Fey 39 Rock...&quot;I want go there.&quot; Subway entrance couple blocks away, great pastries coffee Financier Pastry also closeby, amazing gourmet grocery store Zey Tuna, again, couple blocks away. One angst moment ...you pay wireless internet. Come on, Gild Hall!!! Was 10 bucks worth it?",0.27970219435736676,0.6120341344479275,Apr 23 2009
32,32,"Great great location We stayed week Gild Hotel, fault it. From welcome cookies lovely Kiehls toiletries, made stay enjoyable. We 8 year old 11 year old, slightly worried beforehand boutique would maybe quite right atmosphere wrong. Would definitely stay again.",0.309920634920635,0.5626984126984128,Apr 22 2009
33,33,"Unique botique. Excellent hotel. Gild Hall modern funky, boutique right middle financial district. We stayed weekend enjoyed property overall. We loved decor...which decided modern, mixed elements 60's-70's Europe/Norway. The staff friendly attentive stay. Standard rooms small-ish, well laid out, modern amenities expect find. The bed bedding excellent, soft comfy. $10 per 24 hours Internet access big deal us. Like big cities, there's street noise. For future improvements, I'd suggest Gild Hall go sound-proof windows overall, bankers go home day, really issue. Speaking location, property located Financial District, there's much going 5 p.m. If expect step door &quot;middle all&quot;, probably right property you. However, Gild Hall two minute walk major subway hub (Fulton St.), pick red 2/3 lines green 4/5/6 lines, (meaning get ANYWHERE New York point). We're subway friendly people, ended real plus us. The price room excellent location, worked well. One thing consider! There's major roadwork done entire district, getting cab, challenge, since many streets closed off. The entrance Platt St. circled around cab times, got walked 1/4 block entrance. Not big deal, something keep mind.Overall? Nice stay, enjoyable.",0.21447124304267168,0.410856524427953,Apr 21 2009
34,34,"Excellent heart Wall Street There's lot like Gild Hall-it's great middle Wall St. area. Rooms decently sized, clean, modern. Cordless telephone, internet access (at modest fee $10/day), flat screen TVs amenities.My one complaint would desk- lot room sit work. The TV hovers head.The bed comfortable bathroom clean. Kiehl's toiletries nice touch.The location good planning spending time downtown, little less desireable going spending time midtown, though subway access block away get midtown fairly quickly. The restaurant nice (though music pub bit loud sound making conversation little tough.Overall, I'd highly recommend Gild Hall.",0.256712962962963,0.5465509259259259,Apr 18 2009
35,35,"Wowsers! What hotel! Gild Hall culmination every design tried incorporate house able to. Service great, food great, conceirge accomodating, everyone friendly. You ride subway New York close every line need doormen willing get cab, even go couple streets it. Lived greenwich village three years know could find spot city sleep loud. I definately go back.The bad thing door bathroom...kinda kills mood use restroom love making...",0.29648760330578516,0.6723829201101928,Apr 6 2009
36,36,"Beautiful Hotel must recession prices Booked standard room agreed upgrade Suite I arrived. Rate $200 night upgrade. Suite gorgeous, wood floors, designer furniture. Hotel whole beautiful. Very clean well-kept well.",0.5127777777777777,0.7016666666666667,Apr 5 2009
37,37,"good little odd The good - rooms nice, well designed use space well decorated. Restaurants good.Odd - well hard find. My cab driver got quite lost. Location well marked prepared. No normal public restrooms, direct two rooms second floor. odd.not good - workout rooms (a little cubicles really) small, hot, unpleasant. expect work out. They convert room workout room instead. decent solution lower manhattan, favorite nyc far.",0.09623015873015874,0.5541666666666666,Apr 4 2009
38,38,"Good disappointments The bed, linens cleanliness great. The opaque door bathroom would odd people.But lied parking, straight up. We told $45 1st 24 hours stayed that, hourly rate. Well, hours late 1st 24, charged full 24 hour rate.And, pay park kinda let park it, stuck w/that extra &quot;valet&quot; charge. That parking thing wrong.Also, what's w/charging $5,00 per person &quot;bottomless&quot; cup coffe morning? Most hotels, even excellent ones, give free cooffee.I'd stay I'd scope parking elsewhere take train go next door Starbuck's coffee.Also, brunch menu outrageously expensive great breakfast places directions, 1 2 blocks away. Much, much cheaper. Still, staff nice. Loved Alex, bartender.",0.3101851851851852,0.5333333333333334,Mar 31 2009
39,39,"What Gem! We stayed Gild Hall looking apartments financial district. The staff friendly, helpful educated service. Our room (#69-- I suggest room King Premium space-- nice shower!) quiet well appointed. The bed sheets perfection!!! Better Ritz Four Seasons ever stayed in. I love offer Kiehl's products room! I designer quite picky, I concerns noise, etc. We hear trash trucks, night around 10:00, problem. The restaurant (Liberteen) nothing write home terms food quality, bar charming! We great time there! We tour room types future reference plan put family come visit. I suggest asking rooms higher ceilings makes difference! We felt price $240 premium room (we negotiated front desk went check place) beyond great deal! I say I like charge internet (why hotels this?), but, I said, got low rate room, I linger negative aspect. It true car services need told come Platt entrance caused delay us getting airport. The gym needs redesigned given importance, opinion. But, overall, great find!",0.39999999999999997,0.5162280701754386,Mar 27 2009
40,40,"Great Value-Very pleasant hotel. Booked superior King $139 directly website, beat that. Incredible value nice sized, clean room 37 inch lcd tv. Nice looking lobby rooms. It's spectacular best price downtown(prob NYC), bar none. Plenty street parking stay weekend. Staff friendly professional. One gripe, bar lobby closes earlier stated. If looking bang buck weekend $8 cab ride SOHO-this it. Better Club Quarters, Wall Street Inn Eurostars. 2 markets 1/2 block away 3 blocks Broadway grab subway.",0.4428125,0.6954166666666667,Mar 22 2009
41,41,"Not Ritz Carlton I sent colleagues due proximity Financial District reviews I saw Trip Advisor. First, front Gold Street Pratt Street limo driver would go front. There individual temperature controls room hard regulate individual temperature preferences. The windows open garbage trucks pick trash 4:00am noisey. The bed frame/platform larger mattress one gentleman kept hitting shin frame. The restaurant serves limited British themed menu liking. I would porbably reccmmend younger person never older executives.",0.00989010989010989,0.2943223443223443,Mar 17 2009
42,42,"Price right - clean rooms 2nd year taking wife Broadway show. Last year stayed Millennium Hilton right next ground zero - nice, expensive warned 24 hr. construction noise. Went searching year based reviews alone I booked Gild Hall I'm glad I did. Let's put way: 2 nights cost slightly 1 night Millennium last year. The bartender Friday night informed us converted Holiday Inn year ago Thompson hotel. Rooms cozy, modern, clean comfortable. Good water pressure shower nice flat screen wall room. Really, ask for? Cabbies hard time finding coming back - there's lot construction area even though 15 Gold Street one enter Platt. 2 blocks Subway, we'll back sure.",0.20158730158730157,0.48834656084656075,Mar 2 2009
43,43,"Modern style attentive staff Stayed Gild Hall 2 nights Feb 09 girls weekend NYC mother, would definitely return. I'd describe Gild Hall trendy without pretense. The decor reminiscent lodge...lots dark leather wood panelling, delivered modern way. The lobby cozy inviting (with chess, checkers, books), adjoins Todd English bar/restaurant (had lunch there...small good menu).The room clean, modern fairly spacious New York standards. Kiehl's soaps shampoos bathroom...other &quot;amenities&quot; mini-bar (not suitable mother/daughter getaway, provided good laugh.) The quiet. There's lot street noise like find Midtown hotel. While that's one advantage location, might find far removed main attractions city (and taxi fares uptown add up.) And area pretty much deserted weekends. If familiar NYC (and even are), navigating Financial District confusing. Personally, I mind location. It's blocks subway, often find good deals Financial District. So, next trip NYC, I'll definitely look first Gild Hall!",0.16794536271809002,0.47710743801652894,Feb 23 2009
44,44,"If time waste mind aggravated one Gild Hall listed Gold St. After 40min. circling navigation system I finally got smart enough call Hotel. They Platt St. Taxis's can't find place. The bellman go end block hop taxi bring taxi hotel. Very time consuming inconvenient. The Music lobby loud hear front desk people. Parking interesting. I called night confirm parking. They said yes. What tell I arrived parking is$55. per day per time take car garage. So Plan taking taxi find one. The Bathroom another storyOne side bathroom wall frosted rippled glass door plan rippled glass, Either way someone using bathroom nothing left priviacy imagination. The next biggest disappointment returned room rest 3:30pm found room made up. When I called front desk inquire said guest request houskeeping. I never heard importantly I told registration. In November I stayed street Hampton Inn near South Street Seaport. It first time there. It far better price Gild Hall. By way. When Bellman asked stay I told complaints said&quot;We hear complaints time&quot;. Guess who's listening patrons?",0.06543650793650793,0.4707539682539682,Feb 22 2009
45,45,"Beautiful Boutique Hotel Downtown My boyfriend I stayed spending 4 nights Theater District Sheraton Towers. The two hotels night day. I exhausted (and cold) previous 4 nights Times Square (weather low 20s). The room small, nice finishes. The bedding super soft bed comfortable. The bathroom wet bar everything needed, including Kiehl's shampoo conditioner, adult &quot;pleasure package&quot;, I never seen offered room. The room also flat screen TV. The downside location, sort alley-like street. There many great restaurants within short walking distance, always took subway Chelsea eat. We eat restaurant located hotel, looked like people enjoying it. Upon leaving checked bags, since flight back Seattle 8:25. The front desk staff helpful accomodating us.",0.1720833333333333,0.5529166666666667,Jan 13 2009
46,46,"Wonderful Romantic Getaway I originally planned staying another - declining dollar financial crisis, Gild Hall slipped (Eurobased)budget. I stayed wife days Christmas Birthday.We warmly received evening arrival speedy check-in shown large nice room (the guest pictures shown well-reflect rooms look like).The cake I ordered via e-mail duly delivered birthday next morning together nice breakfast. Because eat whole cake stored us taken request (we even served complimentary hot chocolate one afternoon) - cake huge eaten completely - delicious. Except one occasion, never breakfast always rushed early morning siteseeing. The place appears fill bar evenings although never made - always exhausted day out.The location absolutely problem - get quiet evenings (which great light sleepers like myself), access nearly everywhere excellent well-connected subway stations within minutes.The also offers gym (not seen tested) small internet room free fast internet terminals.The last day pipe burst put one elevators service flooded 2nd floor bar lobby - put professionally handled elevators back service fairly quickly - exciting little &quot;adventure&quot; staying there.All service excellent, friendly personal 200USD night, value money great.Thanks Gild Hall team making stay, wife's first New York, pleasant.",0.25309085755514327,0.5243599257884972,Jan 7 2009
47,47,"Good price My husband I stayed Christmas period 5 nights. I impressed size room given NYC afterall paid USD 200 per night. I initially concern location financial district, instead usual tourist locations like uptown/midtown/time square. However, close Fulton station convenient get tourist hot spots. Also, fact financial district (i.e. quieter area night), fact blessing disguise especially spedning day busy Manhattan.Hotel service friendly. The cookies received start end stay added bonus.In summary, I would recommend hote like little quiet time end day, able get good price it.",0.24144736842105266,0.482017543859649,Dec 29 2008
48,48,"Romantic Evening I stayed boyfriend Gild Hall romantic little getaway, wonderful evening. Our room could comfortable stylish, yet fittings seemed classic anything. The service great, employees friendly helpful, food restaurant absolutely delicious! I highly recommend lobster sliders... I would recommend anyone everyone looking spend perfect, quiet night NYC.",0.41963541666666665,0.630625,Dec 24 2008
49,49,"Wonderful Hotel! Stayed Gild Hall Hotel partner monday friday November 24-28th. Found stylish, comfortable good location.All staff extremely friendly, thanks all! We stayed another 3 nights prior stay Gild hall loved bed first hotel. So little worried bed would nice, boy Gild Hall comfy beds! Large King Size beds beautiful leather headbords. We checked around 13:00 booked standard room ready. We offered deluxe room upgrade 30 dollars plus. We exepted dissapointed. The room 14th floor ammenities one could wish for. Housekeeping excellent, front desk extremely helpfull giving directions suggestions places breakfast etc. We breakfast once. It good, service good, overall little pricy get. We great breakfasts across street Gold Street Diner. I read complaints location, opinion could much better. Ok, central, several subwaystops around corner connections areas NY. As said Times Square 10min! And I found Financial District well Chelsea/West Village (where stayed before) much nicer area over-busy touristy Times Square/Midtown area!We sure great stay Gild Hall surely return next time we're NY!!",0.37391774891774887,0.5433936433936434,Dec 3 2008
50,50,"Fantastic base people know NY We stayed Gild Hall 4 nights really enjoyed it. We got really good deal priceline completely worth it. We also stayed 6 Columbus preferred Gild Hall. Our room small fine - NY expected!We lived NYC know well. For reason, knew wanted go easy us plan get around. However, people want middle things, might suitable.The concierge fabulous staff friendly. When restaurant finished, pastries coffee, know situation now.All all, always difficult find affordable places friends family came visit us, find good deal place definitely worth it.",0.22843749999999996,0.575,Dec 3 2008
51,51,"Helpful Friendly NY This exceptional find downtown New York. The relaxing atmosphere day city. We stayed Saturday Monday, neighborhood quite weekend financial district, pubs restaurants walking distance away easy access Subway (2/3). The bedrooms comfortable, large flat screen TV, mini bar modern furniture add experience. The staff helpful; concierge great help- thanks Damian.TIP: The taxi JFK take 90mins allow plenty time check in!!",0.3194291125541126,0.4909541847041847,Dec 3 2008
52,52,"Excellent My wife I stayed Gild Hall 21st Nov. 25th Nov. 2008 celebrate wife's birthday. We found stylish, comfortable would hesitate recommending it.We loved hotels boutique style ambiance.The staff extremely friendly helpful. We arrived early prior room ready. However problem stored bags securely allow us couple hours explore immediate area. The Gild Hall located Financial District 5-10min walk Wall Street, Ground Zero, Clinton Castle (the launch Statue Liberty Ellis Island), Battery Park Brooklyn Bridge. There plenty subway stations nearby Time Square 10 min ride. We found location perfect, financial district sedate (if New York ever sedate), Time Square etc, allowed us best worlds.In opinion rooms Gild Hall clean, stylish large bed extremely comfortable. Perfect long day sight seeing. We really could fault standards. My slight criticism would noisy air conditioning system however I worked turn longer problem (we November).Overall found hotels standards location perfect. I would definitely stay would hesitate recommending Gild Hall travellers.",0.3216883116883117,0.577492784992785,Nov 28 2008
53,53,"Nice rooms hollow doors noisy hallways I stayed Gild Hall Hotel three weekend nights, room clean, comfortable stylish, difficult get solid night's sleep due noise coming guests' hallway conversations doors slamming wee hours.Otherwise, staff friendly service fine. I hear anything walls floors, street noise minimal since really alley-size street. The window double-pane blocked street noise well.Supermarket, drugstore Financier cafe blocks away morning espresso french pastries handy.",0.14427083333333332,0.5125,Nov 16 2008
54,54,Holiday Inn decor still haunts Gild Hall The downside Gild Hall rooms still feel close Holiday Inn. The decor switched red accents modern layout still basically same. This exactly I expected Thompson hotel. The staff stylish attentive. The bar inviting. The valet parking convenient.,0.109375,0.496875,Nov 10 2008
55,55,"Recommended We enjoyed 5 night stay (Fri-Wed) found excellent - upgraded (we told) large room, plenty space around bed, furnishing decor modern fresh. The ipod dock wireless internet appreciated! The frosted glass wall wc/bathroom might bit appreciate (and course putting bathroom light night illuminates room) thought rather funky.The staff helpful welcoming.The reception area &amp; downstairs bar pleasant; excellent upstairs bar area (above reception) giving 'club' type environment. We use in-house restaurant, choosing instead eat different venues around area beyond, probably missed trick there, restaurant looked pleasant.The price couple beers bar slightly shocked us, put us drinks there, probably touch NY bar prices!Good 'bed-turn-down' service complimentary brownies fancy (Norwegian!) water (is spring water closer NY Scandanavia?!).The well located public transport used extensively. We find room (on 5th floor) little dark terms daylight, function surrounded tall buildings, fairly narrow lane (Platt St). Only slight criticism two lifts, residents staff, waiting lift could take minutes occasion. Not significant issue stairs available 5th floor though.We booked Quikbook.com - excellent service &amp; value (cheaper offered direct).",0.19065476190476185,0.5107886904761905,Oct 26 2008
56,56,"<3 rhinos My husband I stayed Gild Hall 4 nights October really happy selection. The price great New York around $300 per night!The way â consider Times Square âthe wayâ us wonderful. Situated close several subway stations financial district, found area safe full amenities.The staff amazing - helpful friendly. They happily held luggage arrived way check-in time. We found unpretentious appreciated.Also, appreciated â interiors. The restaurant, lobby, library, corridors rooms lovely. The traditional English/equestrian feel, lots wood panelling rich colours kept contemporary additions antler chandeliers small leather rhino lobby.Our room large, bed extraordinarily comfortable â linens amazing â aided turndown service brownie!The bathroom lovely â although noted others â need intimate whomever sharing room door glasspanel - obscure user stillâ¦..Loved kiehls toiletries, ipod docking station free WiFi â bonuses us.Overall â great find.",0.41028138528138525,0.6115301365301365,Oct 22 2008
57,57,"Great Customer Service Room Location.... I booked Gild Hall Hotel special Quikbook got great rate Saturday night September, 2008. The recently gone refurbishment whole place fun, stylish, clean comfortable. As everyone else stated: The easy cab drivers locate. I address, Platt St. Gold St. information cab drivers still tough time locating hotel. Perhaps Gild Hall website could include printable directions airports train stations addition address. I think would solve problems others locating fine hotel. We able store luggage upon early arrival. The doorman, concierge front desk employees professional pleasant deal with. We quickly got walking directions Brooklyn Bridge giving cell phone number reach us room ready, enjoyed day. The close South Street Seaport, Wall St. Financial District. It's close subway stations well. (not far Fulton St. station).The room ready 2:30. This really nice place. Good storage room, everything new I appreciate duvet cover rather bedspread. Room good size, again: clean stylish. (orchids water glass 'vases', trendy glass bathroom tiles, muted shades everything, thick wooden blinds, leather headboard, stocked mini bar hangers actually come rod lovely toiletries 2 robes). The glass door bathroom patterned (and &quot;toilet side&quot; glass wall frosted) enough privacy husband me. Might uncomfortable, though, partner.We enjoyed lobby bar, (good selection Champagne vodka). The lobby designed invoke atmosphere British men's club, thought looked like Argentinian men's club hides floor. Anyway, fun without silly. We eat new Todd English restaurant hotel, have. The Libertine serves 3 meals day; passed brunch offerings miserable experience Gold St. restaurant street hotel. The concierge confirmed dinner reservation, made suggestions next day's lunch available, attentive, approachable professional. Doormen get cabs (not &quot;hail&quot; them, actually go around corner secure cab ride back guests.) Their sister hotel, 6 Columbus, stored luggage Sunday explored part city. Again, really great customer service (at properties) we'd stay again.",0.23010237142312615,0.5478819189196548,Sep 29 2008
58,58,"Enjoyable! We looking stay nice single night whilst staying NYC want spend much budget fancy hotel. After reading reviews Tripadvisor finding good price Expedia, decided book Deluxe King room approx. 150GBP. The location great. We within walking distance South Street Seaport, World Trade Centre site importantly close Fulton Street Subway. We find difficult carry luggage subway platform street level could find exits via stars rather lift might worth researching find whether accessible way get street level require help.When arrived met friendly member staff checked us pretty quickly. They took copy passport also credit card information case used extras (i.e. mini-bar, movies etc). The receptionist informed us could use business centre (actually small narrow room PC's printer) free charge well fitness centres (also small narrow rooms two cross trainers weights). These also require room key get in. The en-suite room spacious high ceiling. The decor looked nice king size bed extremely comfortable. There HDTV (approx 32&quot;) wall quite channels English Spanish including HD channels looked great! The room combination safe, snacks draw mini-fridge full alcohol, chocolate soft drinks. There also robe available use (we one robe, two would better) also umbrella, hairdryer magazines. For get embarrassed easily, please skip next nine words - There also travel couples pleasure kit (Ooh!!!). Various freebies included brownies munch on, body lotion, soap, cotton wool, cottonwool ear pokey things meant poke ears (I'm man, I know they're called!) , shampoo + conditioner. The bathroom clean spotless like people here, bit embarrassing using toilet one wall door close see-through. It made room look good design bathroom though fair, actually see going still felt bit awkward. Overall although stay one night, really nice I see given lot positive reviews. The room clean, comfortable close subway attractions.",0.23068201495474222,0.5419649744195201,Sep 26 2008
59,59,"Nice clean large rooms I definitely agree comment below. The rooms large comfortable. The bathroom transparant door, I agree would see everything trough it. I experience pastries coffee morning. By 9:30 I couldnt get tea. With regard location, much going night, subwaylines stop near hotel, including expresses overnight lines. And fact much fuzz, means also quiet place, appeals going day night.I would recomend hotel, allthough worthwile compare rates different websites. You could real good deal here!",0.2096336996336996,0.518113553113553,Sep 17 2008
60,60,"Nice stay needs improvement Spent 3 nights Gild Hall Labor Day long weekend. Overall happy stay.Itâs true new taxi drivers may able find. Good got print map taxi driver followed it... Hotel lobby small side still got hip feeling. All staff friendly didnât problems waiting elevator.We got Fri morning room ready. Reception girl took cell phone number say âwhen room ready, give callâ. There nobody calling even 4pm... So headed back found room ready...The double deluxe room quite spacious (in NYC standard). Fresh! products bathroom really highlight. However, glass door bathroom seemed problem. Itâs really transparent! (even tried turn light) Good I found 2 robes closet I could hang door. I surprise bathroom room lots storage, good us (shopping NYC) put stuff! Little thing also improve (instead change bathroom doors well), put dim light somewhere wonât totally dark night. Because bathroom door transparent, made room bright night leave on. The light entrance bright too! So choice turn made bit dangerous woke night walked bathroom.Itâs nice complementary pastries/ coffee &amp; tea morning. However, could hardly enjoy it. We usually got downstairs around 9-9:30am, either coffee gone, pastries gone. I asked reception replace coffee Sat staff sent grab new pot right way. Sun 1 reception working counter! There coffee well didnât bother.Hotel located financial district. It means thereâs nothing going weekends/ night! Itâs great us cause noise problem all. 5 mins walk subway (but due MTA construction, subway didnât stop time...) could SOHO short time.The nice overall itâs lack staff weekends. I expectation Thompson group hotels hope improve this. Still recommend like small boutique idea.",0.23790981240981246,0.5065512265512264,Sep 16 2008
61,61,"Interesting remodel attentive staff I stayed five nights college aged daughter late August / early September Gild Hall. Having stayed many times Holiday Inn transition last December I quite sure expect. I found staff friendly helpful. The room clean, bed comfortable pillows nice. The wi-fi flat screen television improvement previous set-up. Things could improved are; see bathroom door truly see I well people like privacy room, designer benches flank air conditioning unit comfortable difficult sit small person (a nice chair would worked me), microwave mini fridge would nice (not mini bar fridge). Other enjoyable stay. We always use car service airport, taxis seem plentiful front past years plus. The restaurant yet open room service available another facility reasonably priced delivered respectable amount time. Nice job part remodel. Would definitely stay again.",0.22056451612903227,0.5813620071684588,Sep 7 2008
62,62,"Even improved last visit! Just update earlier review 22 Apr. &quot;Great rate great hotel&quot;.After first stay March, went back June even nice experience Gild Hall March, found even improved!There minor 3 points I written first review seemed addressed.First, I thought, nice room decor, cheapo miniblinds fit. In June found room great cloth miniblinds, much better. Second, I also concerns, A/C would sufficient hot summer months - It was!Third, last time delicous breakfast pastries served every morning lobby pretty much gone around 9:00AM replenished. This time plenty even able get late one day, arrive downstairs 11:15AM usually served 11:00AM.Somebody must reading reviews actually take heart!Great job!",0.18652173913043482,0.4871739130434782,Sep 4 2008
63,63,"Top Notch Service Looking Financial District hotel, stumbled upon newly opened property. A wonderful experience, extremely attentive staff personal service. It obviously new (a renovated hotel, originally built 1990's). The first seven floors quite high ceilings (original property meeting conference rooms here) decor is, well, little strange, cleanliness impeccable. I stayed holiday weekend, QUIET VERY welcomed, common experience Manhattan. And actually answer telephone, another rare occurrence today's era connectedness.Connections subway lines close by, thanks MTA's never ending construction thoughtless entrance closures make ridiculously difficult use. Trust me, take taxi's, MTA really wants do.For lower Manhattan business, 127 unit excellent choice, seemingly willing please.",0.23380909090909094,0.514630303030303,Sep 2 2008
64,64,"Liked - great complete My husband works financial district getaway, I booked overnight met downtown. This general vicinity South Street Seaport - beautifully tucked away others noted. I booked discount site $179 night prior this, never heard hotel. We warmly greeted staff noted lot construction still area lobby, saw workers place elevators out. The room got clean decorated modern/minimalist style. The hallways brightly painted many vintage photos wall art (at least floor). We much view - stay room except sleep. What liked tremendously busy, even Friday night, exception another guest came loudly 2 AM seem determine room (complete 2 AM phone call room!!!) heard guest, street construction noise. The beds exceptionally comfortable!! Yes, A/C little bit noisy, room sufficiently kept cool what's important. The real complaint had, brought mgt.'s attention, shower fixture room installed way matter turned knob, best lukewarm water came out. I like showers hot unacceptable - true even hot water coming sink faucet. The offer light continental breakfast lobby, suit you, diner Pearl Street far hotel, well coffee/donut shops general vicinity. This $15 cab ride GCT area couple blocks away Fulton Street subway. We would definitely stay mind away craziness Midtown.",0.25199942129629627,0.6016666666666667,Aug 29 2008
65,65,"A Secret We Don't Want Give Away!! Gild Hall diamond rough. We booked quikbook $252 Fri/Sat. As former New Yorker, back weekend, I idea Gold St - save alot hassle tell cabbie 22 Platt address, Gold block long.. The gem. With wonderful, friendly helpful staff, great rooms - roomy, plush CLEAN (most important NYC) freshly decorated New York standards. Fantastic extras like Fresh body products, Fat Witch brownies turn down, coffee pastries lobby AM, close Soho, LES etc... Really luxurious little boutique hotel. Cons: room servcice, hard find first, word gets prices soar! Also, Todd English bar/resturant open soon raise profile hotel. We loved - stay can!!!",0.1926868686868687,0.516919191919192,Aug 23 2008
66,66,"Great deal Awesome Hotel I booked Priceline $136 Saturday night...and overheard staff say regular room rate $430/night! When I arrived hotel, check-in staff friendly attentive. My room awesome, spacious, clean quiet. There large flat screen TV wall, huge comfortable bed (down comforter pillows) top-notch bathroom (marble floors, glass tile). The also fitness facility offers free coffee danishes morning. The staff nice enough hail taxi us, guy pulled right front door hotel. Despite I read reviews, difficult find, air conditioner loud, compared NYC noise I think big deal. There great bars restaurants nearby well. Overall, awesome experience great.",0.3508141762452107,0.5944286556355524,Aug 20 2008
67,67,"Loved It! Booked reviews trip advisor I say - wrong! The beautifully furnished comfortable. For NY room $193/night + tax = steal. Knowing I would getting NY late (around midnight), I called ahead let know week half beforehand. To surprise, I told reservation name. (I booked month advance) It I gave confirmation number expedia.com found name spelled incorrectly system. I similar problem reviewers here. When I actually arrived check-in, I told I reservations one night I booked room weekend. The gentleman front-desk asked copy reservation entered info computer presto! room weekend.The elevators - small somewhat cramped - boyfriend I opened door room. We found two large double beds spacious room - pretty, superior king room I booked. However, soon I sat bed contemplate whether ask room change, phone rang front desk calling ask okay room. Basically ended switching rooms stayed 14th floor. Our room spacious overall, perfect. We found comfortable bed, clean sheets amazing bathroom. The Fresh products excellent enjoyable. Just look pictures able see. The TV welcome message name - fun see. The brownies delicious nice touch door. I complaints - good location, accessible Fulton St train spot 15 min walk Chinatown/SoHo area/Little Italy. Check easy efficient. Great experience, we'll def go back!!",0.3693800943800945,0.6448637923637924,Aug 13 2008
68,68,"What's fuss about? Gild Hall OK---but I understand ooooh's ahhh's fellow reviewers. Their reviews reason I decided give Gild Hall try---maybe expectations set high. So goes---The room gorgeous, well appointed utilized space provided. Great tall ceilings nice new furnishings. REALLY nice bathroom great water pressure. If ignore realiy, REALLY noisy AC unit strong &quot;Fabreeze&quot;-like smell entered (I guess could worse smells room), room really great.What I understand great kudos staff Gild Hall. Yes---they always greeted smiled polite. Yes--- occasionally made small talk yes pleasant. They also smiled told I reservation, find presented confirmation number, entered first name last last name first. They blamed Quickbook, yet every written communication Quickbookon reservation names right sequence. They also smiled told room ready even though early arrival, bother see another similar room might available. They smile hand key room 6th floor (out 18) asked room high floor...both reservation record verbally person. After waiting unusually long time single elevator, baggage guy baggage cart takes 3/4 single elevator greets sincere smile &quot;hello&quot; tries maneuver cart able &quot;squeeze in&quot;. And I understand frustration, guests higher floors get perterbed elevator reaches sixth floor barge matter much room going wait &quot;again&quot;!The &quot;continental breakfast&quot; coffee w/o kind lower fat milk alternative tray mini-croussants. If need something little continental, great gourmet deli steps block William Street wonderful selection fresh pastries, fruit, juice, breads everything else places offer &quot;contenental breakfast&quot;. Now---in fairness---if standard Intercontinental also smile, take pleasure frustrating love say &quot;sure can't&quot;, Marriott, notice all-- Gild Hall good service. But think great service, check ANY Kimpton property---70 Park Ave. The Muse NY -- THEN experience outstanding service. OK---Kimpton spoiled -- way I think it, Kimpton it, can't everyone else?Don't get wrong---Gild Hall nice place given price I paid via Quickbook, really good deal. I'd possibly even stay price---but go $200-$250 place---you'll able better. The service &quot;pleasant&quot;---but necessarily &quot;good&quot;. Maybe I really bothered fact I got ONE tiny Brownie left night table reviewers got TWO.....",0.2949759320281709,0.5120472313755897,Aug 10 2008
69,69,"Gild Hall Gold st. New York Having stayed various hotels Manhattan years, Gild Hall far best. From check in, check out, staff work hard towards making experiance New York memorable right reasons.A little way may plently places see Wall St location.Try Cuban restaurant Seaport go shopping A &amp; F, one Manhattan, 5 minutes walk away.The bar &amp; restaurant opening mid August help.I can't see 'normal' people unhappy here, great place start discovering 'Big Apple'",0.14528499278499277,0.579098124098124,Aug 7 2008
70,70,"Fantastic Hotel!!!! My boyfriend I recently stayed Gild Hall New York 2 nights. This absolutely stunning. It currently renovation, access one elevators weekend second one changed. But aside that, noone would even know renovations done. Check-in 3pm unless rooms become available, great thing provide luggage storage guest list notified room becomes available standard check time. They also courtesy room use freshen necessary. The cleaning service comes around twice day, morning/afternoon 5 10pm always clean towels. They also leave lamp room walk darkness... instead typical mints pillow, leave really good brownies night stand :) The beds comfortable I ever experienced hotel. And even though financial district, Gray Line Tour Bus picks two blocks away hotel... cab Times Square costs $15. The service great everyone friendly. I highly recommend anyone visiting New York!!!!!",0.3406906220407197,0.5812121212121213,Aug 5 2008
71,71,"Gild Hotel - hidden gem Stayed Gild Hotel 2 nights late July. When checking in, I upgraded suite. It huge nice. The bathroom super clean nice plenty toiletries... The minibar fully stucked still room place bought drinks.The breakfast nice, time order get good stuff!The downside wi-fi - supposed work hotel, simply work room forced go lobby access Internet.But all, good experience NYC!!",0.2971851851851852,0.6950687830687831,Aug 1 2008
72,72,"A Real Gem - But Hard Find! We selected long New York weekend based Trip Advisor reviews comments. We found reviews accurate helpful. The excellent. The rooms large - NYC standards - beds particular exceedingly comfortable. We found rooms clean really liked Fresh-brand toiletries. The real strength friendly talented staff. From team Front Desk ladies housekeeping, found courteous interested making stay nice possible. The challenge location. We driving DC, trouble finding even GPS, Mapquest good nav system. The construction along nearby Fulton Street made access even difficult. Once hotel, Fulton Street Subway stop gave us easy access rest Manhattan. I would caution anyone drives high daily parking charges. We found high weekend rates. All all, terrific home fine New York weekend.",0.2675435512763099,0.6252182415285862,Jul 25 2008
73,73,"Fantastic experience! My best friend I stayed Gild Hall July 18th 20th. Coming DC, I spent much time New York. After consulting friends, I heard SOHO would really great place stay. With time running short book, tried luck Hotwire. When I first saw location Gild Hall, I little concerned, location ended great us. We mostly took taxis walked got see city fairly easity. The hotel, accuratly read, financial district, blocks away NY Stock Exchange, Trinity Church, South Seaport, Statue Liberty, etc. The hotel's staff absolutly wonderful- friendly great recommendations restaurants bars, call taxi needed offer even not. More hotel. The lobby, rooms decorated nicely super clean. We stayed 15th floor slept comfortable king bed suited us fine plenty room side. The LG flat screen great picture quality. The water pressure great room. The bathroom stocked Fresh products, mini bar Dean Deluca. Each night bed turned down, left two Fat Witch brownies. The glass bathroom see pictures may bother people light sleepers light shines pretty clearly, though tough tell going inside beveled/textured nature glass. The first night think hair dryer, do, closet provided robe. They three small gyms different levels. We awesome experience stay Gild Hall again.",0.2913679477703868,0.5425227888642521,Jul 21 2008
74,74,Best kept secret great location I LOVE LOVE LOVE place. From check check everything great....and previous post said make sure keep singles ready great bellmen. Me wife town business Chicago decided check Gild Hall since close I work also much quieter away hustle bustle last stay midtown. A bit bummed restaurant front desk make best recommendations even get discount great local resto guest! Complimentary pastries java morning exactly I needed! Right near south st seaport. The rooms superbly designed make sure ask high ceiling rooms! The staff friendly kind attractive! Even one front desk people (andre) kind enough help us get taxi carry bags three blocks driver waiting take us airport! A bit hard find maybe keeps hidden secret! Two thumbs everyone place shows hospitality really about! Cant wait go back.,0.3374441964285714,0.5269320436507937,Jul 14 2008
75,75,"mixed feelings We stayed 4 nights Gild Hall end June stayed superior king room (#53). Room rather small $400/night payed, buit well equiped. The big problem room noisy airco unit, one large, old-fashioned in-room units. They come life loud click case sound asleep (ie jetlagged hours sleep) sitting upright, totally frightened wondering happened. There way avoid turning airco unit, New York City hot humid and.,.,.. across street building airco unit even noisy. So opening window option.Apart minor nuisances would expect category: Tv channels correspond titles menu; (free) wireless guests network NOT one called Thompson (that's one administration), one called ZyXel, confusing computer detects 20+ wireless networks!Apart that, quite positive aspects: front office staff helpful friendly concierge. He even put rented bikes special storage room.",0.15396413110698828,0.483982683982684,Jul 2 2008
76,76,"Awesome I travel budget, never stayed 5 Star hotel, great introductory weekend rate, I reserved I popped New York return London. This wonderful - warm welcome midnight Friday, brownies turndown, coffee pastries morning, lovely room, wonderful. The room beautiful, lights TV I entered, I thought I walked occupied room, soon realized turn-down service. I'm usually fond &quot;modern&quot; lines, tend prefer cozy feel, room perfect. The bathroom lovely toiletries first rate, I loved large soaps, high-end shampoo, conditioner, lotion changed day fresh items. There nice comfy robe lovely soft sheets, wonderful mattress, thick fluffy towels. I hear noise outside adjoining rooms, even though room close elevator.The downside bit difficult find dark (the cabbie idea was) area weekends tends close down, restaurants bit away, room service available, on-site restaurant great finished. Everything first rate, though I doubt I able stay regular rates, I would highly recommend it.",0.37371696557410844,0.6344455861598718,Jun 26 2008
77,77,"Gild Hall great except bed. Travelzoo great deal I big fan Fresh brand products stocks rooms with, reading great reviews I decided book room trip NYC. It noted although hotel's address 15 Gold St., entrance Platt St. Good information arriving via car. Some nearby streets closed construction (the sign says 11/08) sure look Platt Gold, spend lot time circling around nearby one-way streets closed off.The staff nice, lobby general attractive. It's close walk piers, less mile China Town Little Italy. Perfect dinner. The next morning also walked Ground Zero Wall St. area close.The nice little touches: turn service evening, Fat Witch brownies left evening, mini-bar fridge little room leftovers, Fresh brand lotion/shampoo/conditioner (love them!), flat screen tv, quiet air conditioning unit, plush bed. The bed reminds Hyatt's Dream bed. So comfortable relax on, oh back hurt morning. Too soft me, though I wanted like it. High powered shower morning felt great.The glass bathroom door people referred bother me. It's texturized glass, can't see everything behind it. The muffins pastries morning nice, fully stocked almost 10 AM.All great stay, firmer beds I'd gladly return.",0.2795669934640522,0.5262581699346405,Jun 23 2008
78,78,"Great Hotel! We booked 5 nights Quikbook, unhappy results. While 11th floor room received little smaller accumstomed travels, seems adequate size New York. The bedding perfect, room clean, decent sized closet in-room safe, washroom clean, modern, enough shower pressure.The location pretty good downtown Manhattan. You're far away Fulton Street subway station, found 2/3 lines convenient us. There also service A, C, 4, 5, among others convenient getting uptown. You're blocks away Broadway, tons shopping within walking distance, like J&amp;R Century 21.The disappointment turndown service failed fully secure door one evening. We came back room find door ajar, fully closed. Luckily, location room end hall, much walking traffic. But received couple perfunctory apologies desk clerk. We told housekeeping manager would get back us, never heard anyone else, receive token apology (like meal chit current dining relationship).All all, great stay all.",0.20218434343434344,0.5529292929292928,May 22 2008
79,79,"No doubts I back... Before booking I reserved hotels NYC one day I saw good deal quickbook. The price reason I chose since I doubts design, location.... I cancelled earlier booked hotels gave try.After stay, I know I definately return even I pay more. People working friendly, relaxed laid back! Such great welcome, attitude arrogancy many NYC's level. They always help us. The room cute. Enough two. Great bed great bed linens Frette. Huge flat tv, free internet. Bathroom small problems that. The thing I like old air condition machine, make quite lot noise. Luckily hot NYC summer, might need leave airco whole night I like idea... No problems location. Actually nice stay manhattan town. Brooklyn close. Meat pack, Soho, Lower East stops metro. Enough discover see.Thanks guys Gild Hall great service!",0.25765993265993264,0.5355218855218856,May 13 2008
80,80,"Pleasant surprise! My cousin getting married last weekend March. It Brooklyn Botanical Garden. I contemplated whether attend 1. I'm familiar Brooklyn find stay 2. Manhattan hotels way expensive. After LOT online searches hotels NYC, I finally found great deal Gild Hall, Thompson Hotel lower Manhattan. It's Wall Street/ Financial area. I thought not, close Brooklyn affordable.When I arrived (around 11pm), I little disappointed location - quiet since Financial district, much going on... But I checked in, I positive experience. The front desk rep friendly helpful. She upgraded room 15th floor (not sure I would've first place) informed they're close completing renovation hotel, excuse appearance. I notice anything different like messiness noise bother me... I took elevator, nice clean. Then got room I impressed! (wasn't expecting much begin with) This place exceeded expectation - king size bed, flat screen TV, sitting area, free Wi-Fi. It spacious (and clean!) NYC hotel!Next day, I took walk pleasantly surprised I close subway, PATH, ground zero, South Street Seaport touristy areas. The also close shops like Century 21, Borders, Daffy's Sephora. This worked great me!To sum up, know located lower Manhattan, close southern tip. If plan partying weekend want explore Manhattan, might work you. However, mind commute going Brooklyn, NJ, want explore Wall Street, Statue Liberty, Ellis Island, places 14th Street even Canal Street, great place stay. Enjoy!",0.1873163452708907,0.520737679828589,May 4 2008
81,81,"Loved it! Found great last minute rate Travelzoo.com $225 Saturday night. The fabulous. The bed extremely comfortable, staff helpful. The concierge quite helpful, check staff were. I highly recommend hotel. It quick walk Battery Park, World Trade Center site, etc., block half several metro lines. Can't say enough hotel.",0.2418055555555556,0.4602777777777778,Apr 30 2008
82,82,"Love Gild Hall I coming lower Manhattan Financial District business many years. I always little jealous friends got stay really cool hotels mid-town. Well Gild Hall Wall Street, friends jealous me. Gild Hall recently renovated I say one favorite hotels country, I know plenty them.I donât like traditional style hotels sometimes cool hip hotels comfortable. This case Gild Hall. It really cool also warm comfortable, matter choose drop. The rooms comfortable come, beds die incredible linens beddings. I also liked iPod docking station large cozy robes.The Gild Hall restaurant open yet 24 hour room service food great.Take add really personalized caring service attention Gild Hall staff really winner. You donât get attitude, warm friendly interactions staff anything ask gets immediate answer smile included.These people right I found home Wall Street Gild Hall.",0.27340534979423864,0.5501175778953558,Apr 27 2008
83,83,"Awesome quiet location NYC. Gild Hall definitely worth pre-opening price. Our room small well outfitted. The bed slept well; linens exceptional; bathroom well designed. The services seemed speed, too. The steps away Battery Park, South Street Seaport, pedestrian walkway entrance Brooklyn Bridge. If looking quieter getaway NYC, place stay.",0.3433333333333334,0.5666666666666667,Apr 21 2008
84,84,"Surprisingly wonderful! We booked reservation Gild Hall NYC Priceline $100/night. It's financial district, terribly excited about, pleasantly surprised! The Gild Hall diamond rough. The staff friendly extremely helpful--they pointed great places go map advised go. They quick help us upgrade room extra charge. The room amazing, flat screen TV, decorative, expense spared. Beds comfortable. Doors bathroom slightly transparent necessary, got it.Every time came left staff would recognize us exchange pleasantries. There friendly doorman helped taxis finding way good restaurants. The front desk person checked us even wished us good morning saw subway station--that's good service!I definitely plan staying next trip NYC.",0.31117424242424246,0.5534090909090909,Apr 21 2008
85,85,"Excellent! I paid $109 consider best deal possiblein NYC class, style, luxury, asuperlative staff. Example superlative staff: air conditioning bit noisy staff persongo another room test sound I went intothe new room test positive results. This hotellocation lower edge Manhattan near 9/11site, within two blocks Fulton Street subwaywhere catch trains going way thewest side east side. The 4 train 13 minutesto Grand Central. The booking quickbook.comand still felt like preferential treatment, wayat treat eveyone like paying $575per night may soon do. They lobbybreakfast free excellent coffee fresh frenchpastries scones. Only improvement would toprovide rooms coffee maker.",0.42196969696969694,0.6375,Apr 21 2008
86,86,"Loved Stay Gild Hall I sure expect hotel, last stay mid-town location higher &quot;stars&quot; less ideal, although heart city hubbub, place worth every subway ride. The quiet Financial District location made feel neighborhood-y. The walk subway station quick, even someone like clearly overpacked. The lobby small intimate front desk staff answered questions, pointed us right direction set. The room great size, jump bed get side small NYC hotels. My boyfriend happy big flat screen TV complimentary fatwitch brownie, said like eating favorite chocolate breakfast cereal. The king size bed die curling covers every night good thread count sheets best long day. Thanks great Fresh bath products smelled &quot;fresh&quot; yummy fruits every morning produce market. And even though indulge much treats room, fridge packed great drink choices enough snacks leave room days decided to. The location beat Financial District attractions, Seaport, WTC site, Brooklyn Bridge, Wall Street, etc. We enjoyed late night drink Gold St. diner great breakfast last morning city. Without doubt I would stay again, great experience complimentary coffee, tea danish lobby morning amazing bathrobe hanging closest. My boyfriend I thoroughly enjoyed time would come back another stay without question.",0.2977813852813853,0.4702561327561327,Apr 21 2008
87,87,"Top-notch When booking small uptown cancelled (one owners fell seriously ill close doors temporarily) Gild Hall last minute replacement found us, I must say really lucky.The room (superior king, &quot;superior&quot; meaning &quot;standard&quot; ;)) small side, tastefully decorated big bed really comfortable luxurious linen. Bathroom also stylish, toiletries Fresh. Only thing bothered us room little constant loudish humming coming climate control unit - I think sound actually came outside unit's vent, parking building huge ventilation openings across street. However noise, probably quiet get New York.However, really makes gem staff - everybody, I mean everybody, doormen front desk handymen staff members came across helpful, friendly efficient. Nothing ever much trouble!The location pros cons - great business Financial District, also shop til drop Century 21 J&amp;R's, 5 mins walk hotel. However, seem much nightlife, currently mostly hidden behind scaffoldings roadworks. We find nice Italian restaurant, One Ten 110 John Street, good food great atmosphere, bar seems quite popular after-work crowd.Of course, subway connections uptown &quot;nightlife areas&quot; normally good (eg. express A 4th St, ie Village, 14th, ie. Meatpacking District), stay service changes made things bit trickier. All all, Gild Hall great experience, next visit we'd probably consider staying different neigbourhood. And, fully running (the bar restaurant open yet) &quot;soft opening&quot; deals had, we'd probably even afford it...",0.17772038567493115,0.5132661845730029,Apr 19 2008
88,88,"Great location financial district My husband I NY first time one weekend. We tickets Yankees game Friday night even though location pretty &quot;far&quot; everything problems taking subways Bronx, Central Park everything midtown. The lobby nice, great doormen super nice front staff. No restaurant yet, one across street honored 10% orders, open 24 hrs, would deliver room. (even though use it)Rooms really modern, great comfortable bed updated bathroom good amenities. Delicious complimentary coffee pastries mornings perfect way start day.Overall, I would definitely recommend mind taking subways midtown pretty close Soho, village, chinatown.",0.3753968253968254,0.6714285714285714,Apr 7 2008
89,89,"Wonderful quiet location great front desk folks We stayed Gild Hall 2 nights - boyfriend business Financial District. Having stayed 60 Thompson, I try newest Thompson hotel. I prefer stay quiet part NYC, it. Granted, area dead night I walked Soho 15 minutes, far away. I like staying midtown, way noisy I've done &quot;touristy&quot; things...I prefer downtown shopping restaurants, Gild Hall bad location me. If first time visitor NYC, might want stay midtown see &quot;attractions.&quot;The lobby newly renovated, &quot;country/modern chic&quot; - small lobby (much smaller less glitzy 60 Thompson - I love) still stylish. The front desk folks amazing - nice helpful. Each time I stepped elevator, asked I doing, I shopping eating gave recommendations got cab minutes! The hotel's restuarant open yet, Harry's within walking distance (a Wall St. steak house like Morton's). We ate Soho Little Italy too...just short cab ride walk away. If like &quot;scene&quot; try Balthazar Soho. You're sure spot celebrity two nice stroll around Soho. Anthony Bourdain's &quot;Les Halles&quot; also close Gild Hall Financial District. We walked Ritz Carlton Battery Park watched sunset Statue Liberty Rise Bar 14th floor. Very romantic.What I loved location quiet night. Also, historic downtown NYC charming...it's oldest part city streets tiny. I would say bit like Grand Canyon there. It's actually quite nostalgic enjoyed walking Wall St., past NYSE historic buildings taking in. The sense history part town striking. Fraunces Tavern, George Washington gave farewell address oficers Continental Army 1783, interesting. The rooms nice chic...the linens Sferra (Italian) die for. I'm extremely picky bedding passed test -- nice pillow top mattress leather headboard. Also, I loved light fixture bed! The in-room bar nice -- open pop half bottle Veuve Clicquot dinner viola...the perfect end evening city. Of course boyfriend wanted kill running tab (the prices double would cost buy item elsewhere...$50 half bottle)....hee!The thing I would point lack privacy bathrooms...I mind, boyfriend sure did. The bathroom frosted glass walls doors see hear everything.Overall, I would definitely stay again! I get deal others site ($200 Sunday night $350 Monday night), still great deal. I can't wait come back Todd English's restaurant complete. They offer coffee pastries morning, really needed considering love trying new restaurants city.",0.18641758494031224,0.5211899295990206,Apr 3 2008
90,90,"Another Hip Holiday Inn Renovation If mind downtown (which I don't) Thompson Hotel folks pretty good. Located within 4 blocks downtown subway lines, easily get almost anywhere NY. Our room pretty big decorated tastefully fantasy backwoods lodge chic style.",0.35555555555555557,0.6722222222222222,Mar 30 2008
91,91,"Loved it! But in-room coffee Priceline brought I booked business/pleasure trip I brought son 10 days. Everything splendid. The staff clearly trained top-notch service. The rooms sparkling clean beautifully decorated. The also close subway. If business trip, I afforded own. The legitimate critique I room substantial thought decor service aspect, certain essential items factor planning. For instance, since I business I room early, in-room coffee. Definitely big minus. Also, mini-bar stocked way virtually impossible stash soda, water goodies there. There also virtually drawer/closet space, really could never unpack suitcases wound living whole trip.Finally, heat kicks night, exceedingly loud, though I give &quot;pass&quot; since true many older NYC buildings. All fabulous stay, tweeks would make even better business traveler considering financial district, I would presume primary client base.",0.2363095238095238,0.5787698412698413,Mar 29 2008
92,92,"Clean modern - great option financial district Provided want financial district, amazing. They currently renovating place restaurant moment since Manhattan, probably want save dining options someplace fun anyway. I spent bulk sightseeing midtown location ideal easy enough get around since subway blocks away. Some streets financial district seemed dangerous late night, I think mainly everything seems shut work hours. On actual hotel: I stayed King room large first rate amenities (safe, flat screen tv, hair dryer, upscale bath products). The decor sleek, modern, western theme everything felt clean. My complaint place since going renovations, one elevator working time elevator gets floor, jam packed. We stayed 6th floor tried walking stairs led emergency exit unfortunately wait ...a long time. Something may concern bathroom door room translucent could see outline person bathroom business. Overall, I loved place nothing fact I paid $160.",0.1246053791887125,0.4949977954144621,Mar 27 2008
93,93,"Great experience... I think I beat everyone price I got one night hotel--$99!!! Given Friday night (which dead Financial district, previous poster said), made difference used subway commute city night anyway. I booked Quikbook, anyone wondering. Echoing posters, great. The bathroom modern clean. The SERVICE, though really stood out. When wireless cut out, I went front desk asked ethernet cable, someone came 5 minutes later. Housekeeping service knocked door (taking surprise) asked anything else needed, I asked soap (since another person me). Cable TV fuzzy flat panel LCD, engineer looked there, anything it. Also, needed store luggage day, problem accommodate us! As just-graduated students look exactly like professional business folk, kind felt like fish water posh hotel. But staff treat us differently, far I tell. Kudos Gild Hall! (p.s. It's best find foot map, easy get subway station).",0.2864254385964912,0.43192982456140355,Mar 27 2008
94,94,"Great hotel! As may seen reviews... currently construction - I noticed bit. It seems everything completed exception restaurant. The rooms 100% complete - gorgeous.I know compare size rooms NYC hotels, b/c I stayed any.... they're small. Not tiny, I kind expected small anyway.My room fridge (w/ minibar), safe, cordless phone, free wired wifi internet, iHome alarm clock iPod dock, wall-mounted LCD tv w/ HBO Cinemax...The bed comfortable. The bathroom nice - fixtures awesome.After reading lot reviews prior staying here, I kind concerned seeing renderings room... main rendering see new lobby nice - though front desk bit small one elevator available moment - anyway. Sometimes both.Hopefully pics I added help out...",0.19926218708827403,0.5864295125164691,Mar 25 2008
95,95,"Great Hotel!! The price could beat city. Even though Downtown area, close seaport - run issues finding place getting needed to. The staff amazing!! Everyone hospitable helpful!The room excellent, dark wood decor, flat screen tv, big comfy bed, clean bathroom. Very clean!! It chic say least. I would definitely come back again, I hope - like everyone else price get high. If I'm glad experience. Try Gold St. Diner around corner, give 10% guests. Small discount something! Also Italian restaurant around corner superb!!!",0.2956365740740741,0.5180555555555556,Mar 24 2008
96,96,"Very Lovely Hotel I stayed Gild Hall one night really thought nice. My rate $129 via quickbook certain finished well $300 night. Overall experience nice, room really lovely luxurious toiletries towels. I trouble finding certain cabs never able find it!!!It located right near Century 21, twin towers site, brooklyn bridge south street seaport.The neighborhood DEAD night, something really liked lack restuaruants activities. However, close subway lines good spot travelers ready see different parts city.Unbelievable bargain $129, definately wont stay $300, purely location. I prefer SOHO, Tribeca Meatpacking District.",0.2976984126984127,0.5682539682539682,Mar 23 2008
97,97,"Great - would definitely return (if I afford to!) Having moved away NYC years true &quot;New Yorker,&quot; I've always found difficult stay I come back city, able to, part, avoid crashing friend's places town. Recently though, everyone staying local came visit, I booked room Gild Hall surprisingly low price online quikbook.com. The site warning caveat construction (thus low rates, doubt) renovation. We assumed, safely, would little interfering noise weekend stay booked standard king room.New York City rooms notoriously tiny variable amenities equally variable staff attentiveness - imagine surprise enter quiet little world wonderful. I almost hate write review &quot;out&quot; hotel, supreme gem hidden waaaay downtown, I feel like I share experience.The entrance tiny side street, Gold St, 5-7 min walk Fulton St subway stops serves nearly major subways lines one could want for. While undergoes renovations, lobby size cubby, needs check in? We double upgraded, informed us, sort deluxe king room, compliments hotel, whether line true upgrade, sentiment kind room lovely - unbelievably high ceilings, even spacious NYC standards. The bathroom huge came 'fresh' brand toiletries - quite highbrow, actually, thoughtful addition. The room requisite ubiquitous iPod docking station flat screen TV extremely comfortable bed. As getting ready go out, turn service rolled by, declined, nice touch fledgling boutique hotel.The room quiet, dark, blessedly free radiator rattles, construction, hallway noise even though right across elevator. The water shower hot, robe bathroom sumptuous everything clean orderly. Quite honestly - could expect want for??I know grow, Todd English tavern move in, I imagine become quite hot spot downtown prices match (other Thompson group hotels NOT cheap!) meantime, well worth booking room (even downtown might normally consider!) order little quiet luxuries Gild Hall offers everyone else finds them, too.",0.16082170224411602,0.5012575259989053,Mar 18 2008
98,98,"Gild Hall - What treat!! A friend mine sent link via Quikbook I finding anything uptown. I quite hesitant staying downtown, convinced I would never know like I tried (plus rate could beat).First off, staff extremely friendly. Although original room ready (and past check-in time), I quickly upgraded rooms available. The room large high ceilings. The newly renovated bathroom beautiful.As others said, close subway, I able get I needed problem.One thing sure, away normal hustle bustle city, nice quiet night. I slept well. I liked much, I went ahead booked another weekend (although price increased bit). I stayed 7 different hotels past months, Gild Hall quickly become new favorite.",0.1995471861471861,0.5079953823953824,Mar 18 2008
99,99,"Great - wonder stay like I stayed Christmas usual Midtown hotels busy and/or prohibitively expensive.The pricing line fact public areas worse non-existent - positively tatty. But.... bell hop desk staff fantastic - greeted name whole stay. My room great, spacious smart.In line many reviewers I concerned location - I been. Plenty dining options close - I recommend various diners breakfast Brasserie Les Halles great dinner. The subway close Seaport area close also.However, I wonder happen prices renovations complete.",0.2520979020979021,0.5163170163170163,Mar 11 2008
100,100,"Great place stay NYC I booked Quickbook. It currently construction booked got great price. Good Stuff: The rooms huge NYC room great king size bed, FRESH brand toiletries, roomy bathroom. The room clean provide wonderful flat screen TV across bed (See provided picture)Bad Stuff: The thing negative I say air conditioner room really noisy turn off.. big deal. So sum up, I'd easily stay again.. actually... I think I'd like live (If I live NYC). I really loved much.",0.3378863636363637,0.5659166666666666,Mar 5 2008
101,101,The Gild gem,0.0,0.0,Feb 18 2008
102,102,Lovely Room Great Location Great Staff - but...,0.7000000000000001,0.75,Jan 31 2008
103,103,Loved Everything,0.7,0.8,Jan 27 2008
104,104,Nice Hotel Great Staff,0.7,0.875,Jan 21 2008
105,105,Good value safe clean fun locale!,0.48541666666666666,0.5000000000000001,Jan 16 2008
106,106,Very Nice Stay,0.78,1.0,Jan 14 2008
107,107,Beautiful room!!!!,1.0,1.0,Jan 12 2008
108,108,Great stay despite reconstruction,0.8,0.75,Jan 11 2008
109,109,A 2-star 4-star rooms,0.0,0.0,Dec 25 2007
110,110,Wow get better!,0.24166666666666667,0.8333333333333334,Dec 22 2007
111,111,Calme et Ã©lÃ©gant,0.0,0.0,Mar 23 2009
112,112,TrÃ¨s bonne surprise pour New York! A dÃ©couvrir absolument!,0.2130681818181818,0.45454545454545453,Feb 24 2009
113,113,Unbedingt zu empfehlen!,0.0,0.0,Jan 3 2009
114,114,RecommendÃ©,0.0,0.0,Apr 28 2008
