,Unnamed: 0,Reviews,polarity,subject,Dates_extracted
0,0,"Nice Hotel...Great Location Stayed 40th B-Day. Got Studio King Suite great rate. Very nice big room, hardwood floors balcony. Comfortable bed great shower pressure. 2 elevators hotel, one big barely enough 2 people luggage. Bellman Front desk staff great helpfull. Food, Starbucks, train, Whole Foods, Central Park within steps hotel. Overall great plan staying future.",0.33699999999999997,0.51,0.51
1,1,"great great service! We stayed one night celebrate special birthday. We surprised upgrade penthouse suite due cancellation! The suite amazing! Clean, spacious, nice amentities. Everything could need not, staff always willing help anything would want need. The location awesome, across street Central Park Time Warner Bldg.The staff 6 Columbus young, attentive, courteous, friendly,more helpful, professional. The staff made visit better expected definately return.We try restaurant room service-continental breakfast time, satisfying. Great place start end visit NYC.There store right corner forgot anything want cold drinks/snacks/etc.",0.36514880952380957,0.6755519480519481,Nov 9 2009
2,2,really nice stayed one night. haggled price room put 60$ . room lovely. got king room.really clean big.. loads room. big bathroom bath. comfortable bed. tv ipod dock wardrobe. would recommend hotel. nice quiet. reception wer really nice. small conteporary design! great room.we breakfast next morning restaurant really nice. great location,0.32790740740740737,0.6114814814814815,Nov 1 2009
3,3,"Friendly staff great location While contemporary-styled standard rooms small lack chairs, desk dressers one might expect, makes perfect location Lincoln Center, theater district Central Park. From smiling talkative doorman speedy check check receptionist friendly capable housekeeper, staff way average.",0.20454545454545459,0.4,Oct 21 2009
4,4,"Awesome! Great Hotel, nice employees, modern 50's - 60's design next Central Park.For first time NY best place stay, Uptown.",0.50375,0.49166666666666664,Oct 14 2009
5,5,"Perfect New York We booked quikbook.com unbelievable rate $270/night, 2 3 nights arrival. Everything else looked $300. And turned best place we've ever stayed New York. Our room called Pod Room, means bedroom bathroom. No seating area desk! But we're never room anyway, perfect. As see many photos here, rooms clean, stylish, modern. We loved Starbucks right next door, Columbus Circle subway station, major subway stop many intersecting lines, right across street! It's across street Time Warner Center high-end shopping. All this, plus low rate, adds perfect New York hotel.",0.37826028138528145,0.5717532467532468,Oct 12 2009
6,6,"Great hotel- needed desk room breakfast options improved. Great Location, beautiful room, however needed desk work on.The breakfast served Japanese restaurant standard I expected.",0.39166666666666666,0.48333333333333334,Oct 8 2009
7,7,"Beware booking system! I recently stayed New York originally booked going reviews here, still bit sceptical room size. This personal trip, I hoping use add list accommodating business clients staff. Anyway, week stay I found much better deal decided cancel booking. I rang airport way another trip everything sorted (or I I thought..).I got back stay find email thanking stay, asking fill questionnaire! I checked credit card sure enough I've charged $290 first night. So I email told blankly I would refunded I keep cancellation number (who hell keeps anyway). I expected send email confirming cancellation nothing arrived. Like I said I airport able check I returned.So stay careful making booking. Who knows dodgy booking system might do!Whilst NY I called reading sushi restaurant, obviously I found I'd ripped off. It overpriced much nicer sushi bar doors away. The actually Columbus Circle all, side street, view back high-rise shopping centre. And walk Time Square. There's much better NY I room 37th floor view Empire State Building less money.",0.12911725955204217,0.37580149319279754,Oct 6 2009
8,8,"Great location contemporary interior design Me boyfriend stayed standard queen room two nights. Rooms well decorated contemporary minimalist style great artwork walls. The size room big, standard NY. Room clean, designer toiletries bathroom. Pity trash room, bathroom. I wish could improve lighting, bit dark. We found location convenient, right next subway huge shopping center Whole Foods, got breakfast. There sushi restaurant downstairs looked good busy every night. Cabs easy catch right next hotel. Staff polite helpful, well good looking. Overall, enjoyed stay.",0.24249084249084252,0.4160805860805861,Sep 21 2009
9,9,Good Hotel - Extremely Friendly Staff This good great location extremely friendly helpful staff. I think would make difference does. The staff definitely make place worth try.,0.4642857142857143,0.5071428571428572,Sep 8 2009
10,10,"Good but..... My husband booked Jan 09 50th birthday Aug, booked queen superior &amp; also put booking form &quot;special birthday&quot; could room nice view. When arrived allocated room 79-it SMALLEST room I even seen, looking small window view large white soil pipe running middle window, I challenged porter grade room was, said &quot;pod&quot; room, explained booked queen superior suddenly changed mind said yes queen superior! We get moved better room complaining front desk (still nice view certainly grade, lots people seemed get reviews) In 4 days 1 2 elevators worked &amp; 7th floor. Apart great location clean &amp; tidy. We felt style &amp; substance, looks classy web site.",0.23806998556998557,0.6346572871572871,Sep 7 2009
11,11,"Trendy nice... I persuaded stay boss instead Parker Meridien counts one favorite hotels NYC. I came meetings stayed weekend partner. I thought charming well-chosen decor amenities - mid-century furniture lobby fur-covered walls elevators. My room cozy teak walls, great magazines, small free-standing wardrobe blue-tiled bathroom complete Kiehls bath products. The location right across TimeWarner Center (and Columbus Circle subway stop). Time Square blocks away, well great restaurants. I would definitely stay again.",0.2796703296703296,0.6296703296703298,Aug 16 2009
12,12,"Still Doing Well I first stayed 6 Columbus November 2007 long opened enjoyed much. Since I occasion return times entered review, thought I would provide current thoughts. My recent stay July 1-4 year. Virtually bookings Quikbook $200 night Pod Queen room. I spend much time Manhattan rooms outside sleeping, I'm pretty easy please things like enough space swing cat tend focus things like comfortable bed, overall cleanliness, quiet place put head clean functional bathroom. 6 Columbus never disappointed fronts stay. It has, quite simply, become choice Manhattan.I can't say enough location - Time Warner shops, restaurants bars one Bkn-Brx subway stop literally right across street, Bkn-Qns subway stop around corner, Central Park close get money. I'm lover cities I without green space I might go shopping Soho, I ain't staying there. The hotel's bar nice place gather troops starting nightcap.Staff continues helpful, I've one negative check-in experience nature room available I arrived 15 promised minutes becoming 45, definitely exception.There's nothing yet serious enough send elsewhere.",0.14255070546737214,0.49328924162257504,Jul 23 2009
13,13,"Fundamentally unacceptable 6 Columbus disappointing recent two-week stay. I travel consultant non-profits, clients understandably want keep expenses reasonable, 6 Columbus's rates accomplish. I content falls far short luxury, 6 Columbus meet basic needs. The rooms small, including &quot;suites,&quot; which, surprisingly, really suites rather single rooms like others. My room reminded college dorm room. It closet small armoire, regrettably deep enough hold clothes hanger back front, wide enough hold shirts suits. Inquiring front desk, I alerted two cupboards built one side base bed, I seen since duvet hung them. This helped, meant I get knees retrieve anything. I single traveler; I cannot imagine one person could negotiate room. Of course finds plenty space in-room mini-bar, food, souvenir concessions. That duvet, way, clean (showing organic remnants previous guest), finally laundered replaced fourth day, despite earlier requests. The duvet bed-covering: there's sheet, sleep duvet (which, me, became unbearably hot) nothing. I soon realized bad thing. Because noise level high (especially staff hallways--and I even near elevator), effective strategy turn AC way runs much possible drown noise night, cold room duvet perfect. A large roach water-bug ground carpet remained several days arrival (and impossible miss) I forced cleaning person deal I stood watched. The cleaning staff invariably pleasant; one day, however, I returned room 5 afternoon find starting room, inconvenient. The room telephone received calls, I could dial retrieve messages left (though announced presence blinking light). A manager came room try fix confessed hotel's whole phone system &quot;a total mess.&quot; In two weeks phone never fixed. One night I called front desk, via cell phone, arrange early wake-up call next morning call arrived requested. The next morning someone staff banged door early hour, shouting wake-up call phone working. (Unfortunately, sleep-in day.) Room quite dark, even lights full, window gave deep air-shaft let little light. Bathroom usual small-hotel standard. Hallways narrow made difficult navigate room-service trays, spend entire days without collected. Sometimes sit stairwells, must surely safety violation. The in-room information book says deliver NY Times every morning, instead delivered NY Post, entirely different species newspaper. I pointed front desk, although staff-person seemed grasp I saying, deliver Times (along Post) next day days thereafter. Front-desk staff generally cold unhelpful. Concierge pleasant doormen eager cheerful. Entry hallway leading lobby elevators kept dark (sexy mysterious, I guess) I found impossible see entering brightness street (often via small homeless encampment outside) guests forever colliding dark hallway. 6 Columbus cultivates chic high-attitude veneer address essentials must minimally provide. Internet $10 per day; I might expect tries trade trendiness would offer free, many do. They respond somewhat nudging. Still, two-week stay grew depressing, I cannot recommend hotel.",-0.004807972997628167,0.5351906586389343,Jun 24 2009
14,14,"Fabulous Upgrade Great stay good NY location Arrived Tuesday 16th 3 night stay, I booked thought good deal via Quickbook studio suite worked $203+taxes, pleasantly suprised upgraded huge duplex loft suite great view Time Warner.Room two flat screen TV's, great shower bathroom facilities,very comfy bed pillows great fridge freezer Microwave hob need it.So great start good break.The Location uptown superb, MTA cross road, minutes walk Central park 5-10 minutes across 5th Avenue many numerous shops.Whole foods basement Time Warner building across road good buy grocery breakfast.Hotel staff friendly, kept good humour unseasonal wet weather New York, good recommendation lunch staffReally enjoyed stay 6 Columbus would happy return",0.48043560606060604,0.6153409090909091,Jun 21 2009
15,15,"Hmmm boutique attitude? We booked via quikbook 3 night stay June. The quikbook add said free upgrade. So upon arrival (at around 1630 check 1500), told (tersely say least) 1. room ready, would 15 minute wait 2. upgrades full.We waited (no apology drink/anything offered) patiently, 20 minutes finally feeling pretty ignored questioned whether room ready. &quot;Don't know&quot; came reply &quot;the full know!&quot;. Since full guests fault!!!! Huffily given upgrade (amazing since full!!!! presumably someone late got downgraded then?).Only complaint room view grotty back apartment block (but expecting panaroma!). Beds comfy.On plus location great. The reception attitude got arrival really soured things us. I stay unless exceptionally good deal.",0.24758731617647065,0.5470588235294117,Jun 20 2009
16,16,"great location I got great deal Priceline $130.00 night. It clean nicely designed. Rooms small, spends time room NYC? Heated bathroom floors great plus, Kiehl's products. Staff friendly helpful. The best thing location. It located literally right next subway stop - 1, A, B, C, D. The restaurant, Blue Ribbon, good sushi.",0.4924900793650793,0.5771428571428572,Jun 11 2009
17,17,"Bait Switch ... First off, let tell husband I spent hundreds hours thousands dollars Hollywood Roosevelt past several years. We lived Hollywood time, encouraged many, many friends stay visiting us LA. We also spent several NYE's multiple Memorial/Labor Days you. Since moved LA, chose stay business brought us back LA. We LOVE Roosevelt Hotel!!!! We always treated utmost respect and, fact, recently upgraded checked 1-night stay 11/08.Based love, booked Six Columbus via travel agent celebrate husband's 39th birthday past weekend, studio suite rate $220/nt. Although cheaper rooms available hotel, decided spend bit since husband's birthday. We sorely disappointed I must bring attention hope addressed. We arrived NYC approx 4 pm Wed June 3rd, 2009, travelled Six Columbus, took approx 1.5 hrs time got luggage. Our plan check in, freshen meet friends dinner reservation Gramercy Park (Rose Room) dinner 7:30 pm. When arrived informed front staff already knew Dean's birthday, checked room 111, &quot;a nice room.&quot; When bellman took us room, disappointed discover room way &quot;suite&quot;, regular (albeit nice) room. We contacted front desk, person assured us room fact &quot;studio suite&quot; even though suite area whatsoever, room match room photos displayed website booked (www. newyorkluxuryhotels.com). Even bellman brought bags confirmed room considered &quot;studio suite&quot; king superior room. We felt hustled - first stereotypical experience NYC.We contacted travel agent booked, agent began process straightening things out, ultimately relocating us another hotel. All while, time marched attempted solve problem ON MY HUSBAND'S BIRTHDAY hope making timely dinner reservation NYC. In interim, (lovely) bellman came informed us manager, Costas, &quot;upgraded&quot; us king suite. The bellman took us room 20, EXACT picture website depicted site studio suite booked (as well king suite site). Unfortunately, room second floor directly overlooking street, EXTREMELY NOISY. Because knew jerked around, room &quot;upgrade&quot; original room promised, protested. By lost chance making reservation Gramercy Park dinner, still dealing room situation. My husband went discuss situation manager, &quot;Costas&quot;, came fuming comment known going hustled Greek (my husband Greek - fact married Santorini, Greece). Extremely disappointing start NYC trip, fact miss dinner reservation Gramercy, could rescheduled due busy night. Basically, husband;'s birthday celebration friends ruined thanks &quot;Costas&quot; Six Columbus.The next day, thankfully, moved Smyth Tribeca. Now THIS IS A HOTEL knows service!! We treated courtesy respect, great! Too bad one four nights NYC ruined.",0.10820601851851851,0.4502715455840456,Jun 9 2009
18,18,"Great great location We booked queen superior room 6 nights upgraded queen deluxe check in. The room good size New York good standard. Staff excellant friendly, really fault anything stay. The right edge Central Park good location visiting rest Manhatten. Prices seemed change quite bit booked got excellant rate website. The close Whole Foods Time Warner building brilliant wide range good food. Would definitely stay again.",0.43260936431989067,0.5563294600136706,May 29 2009
19,19,"Great excellent location extremelly friendlly staff We stayed 5 nights part honeymoon one best times NYC. Usually NYC hotels offer either small old rooms, big old rooms. This case totally new refreshing. The 6 Columbus small boutique middle Manhattan offering modern comfortable rooms, combined friendlly professional staff. The first thing liked that, honeymooners, upgraded room Studio Suite. We got room 10th floor. It spacious room, big bathroom full &quot;goodies&quot;. I must say bed one best I've ever slept on. The area excellent. The nearest subway across street, park two minutes away lots shops places eat vecinity. For sushi lovers I recommend Blue Ribbon restaurant hotel, excellent sushi, friendlly non-pretentious.Resuming, looking nice boutique midtown Manhattan, definately place. The prices attractive return enough. We definatelly looking forward visiting again.The negative thing I think internet free...",0.30621212121212127,0.5212626262626263,May 17 2009
20,20,"Great Location would stay We recently stayed 6 Columbus two nights part three week NYC stay changed hotels times experience different neighbourhoods. Our first impression front desk friendly, however doormen extremely friendly. On check given room 2nd floor, (243 think?) pretty much see internet pictures. Nice retro style, small room, queen bed i'm queen england! barely double think. Bathroom nice good keihls ammenities....however stay room long, shower straight away we'd come DC train, immediately realised noise air con unit outside absolutely insane! It constant hum every five mins would 'kick gear' go dull roar! We said, 'we can't stay room' went asked swapped, room 8th floor available nowhere near noisy took one, even though slightly strange smell it-i think perhaps weird air freshener? Room 845 (i think) bit bigger well, also window could look frosted glass window felt bit claustrophobic like 2nd floor room!Staff helpful, asked one doormen dinner reccommendation good, eat restaurant can't comment that.Loved location right opposite Time Warner building Whole Foods basement patronised breakfast, lunch snacks, subway also right handy. We walked 9th ave many great restaurants 7mins walk great. Would definitely stay make sure get high floor room, Queen deluxe think got thought great rate quikbook. Note: take elevator roof deck take photos there, got great shots, ever get bar open excellent spot.",0.20210190813914217,0.5362951705504898,May 10 2009
21,21,"Loved it! Spacious studio suite friendly staff great location... We staying four nights booked QuikBooks - worked 4 nights price 3, average $224 per night. We stayed studio suite 11th floor. Friends stayed 10th floor studio suite.The suite spacious lots . Bathroom great walk-in shower great water pressure, also bath I personally love. An oddity bathroom clear glass window. Room wooden floor I liked bed large comfortable, lots storage space. On downside, air conditioning noisy times, sound travelled rooms. The suite 10th floor compact, walk-in shower, fantastic balcony space (although chair two would nice). Given hot weather, great place relax, especially evening.The bar restaurant taste I'm Japanese food - busy nights food looked like work art. The staff incredibly friendly helpful us times although seemed little clueless deal guest handbag stolen Starbucks next door - advice hand distraught guest try think things done ringing consultate cancelling credit cards informing police.Internet $10 per day expensive especially since wireless free access lobby.Overall, loved we'd certainly stay again.",0.2648809523809524,0.5972222222222223,Apr 29 2009
22,22,"Perfect Location Small Rooms Great Price I vising friend UES, &amp; want pay outrageous room rates. The location perfect, behind Time Warner Bldg, lower left hand corner Central Park.Good: There's subway station across street, &amp; plenty taxis. I opted &quot;Pod Room&quot; I 1 night, care much view. The room smaller rooms I've Paris...though nice. The shower impressive, hotels much water pressure.Bad: The &quot;Pod Room&quot; view inaccessible courtyard...which large HVAC pipe running center it. During night hear Banshee like howls kicks on/off. If intolerant &quot;white noise&quot; like loud blowing AC room.(I quite liked it). The iPod alarm clock backlit LCD bright. (other unplugging it, I figure turn off).",0.25853741496598637,0.61921768707483,Apr 25 2009
23,23,"A disappointment! We selected prior stay beautiful luxurious 60 Thompson, another group. 6 Columbus big disappointment room king size room small dark, carpet worn, furniture run down. The veneer dresser peeling furniture looked purchased inexpensive second hand shop. The plus nice bathroom shower good water pressure. A big negative food smells pervaded hallway room--something I unpleasantly aware throughout stay. The bell staff helpful friendly, day manager markedly unimpressed dissatisfaction quality room food smells. We would stay again, despite good location.",0.08055555555555556,0.41405228758169926,Apr 22 2009
24,24,"new favorite NYC Yes, rooms small. really much different rooms nyc? The pros great - (location CP, subway, CNN mall, wholefoods, starbucks, great price website) - really makes place great staff. Every staff I've encountered (this second time here) goes way friendly, helpful remember name preferences. I'll back next biz trip NYC!!",0.26242424242424245,0.43196969696969695,Apr 19 2009
25,25,"Nice issues Booked queen room Quikbooks. I grateful check early since I flown red eye. Staff cordial helpful. Room good size stylish. Bed comfy. Found couple short hairs pinned undersheet comforter. I'm pretty sure sheets clean part, since staff inspected room allowed check in. Rarely heard noise guests, except shut doors. To lock door there's really way shut softly. Housekeeping sometimes chatted loudly hallway, start knocking loudly doors around 8.30 clean rooms. Bathroom large. Bathtub drained slowly. Had turn water let water drain, turning back on. The tub finally clogged last day stay. At check-out, tried charge $2.75 mini-bar, even though I use it. I thought fridge personal use. I explained promptly removed charge. Despite negatives, I enjoy stay. I feel I got good deal room (I've stayed Hotel East Houston, advertised similar price, nearly nice). The conveniently across street metro station shopping. Nearby coffee shops okay. Preferred Whole Foods across street better prices better tasting food places nearby. Bouchon Bakery, complex Whole Foods, makes good macarroons.",0.21378911564625855,0.5346893424036281,Apr 18 2009
26,26,"Does trendy mean dim? The things I liked 6 Columbus include great location great online deal I got hotel's website. I especially loved discovery Wholefoods right across road Columbus Circle shops - best place breakfast snacks.I love atmosphere - hip trendy, I really understand seems mean everything kept semi darkness. Putting make dimly lit bathroom nightmare, bedroom little better.Things I like (other groping dark) room seriously small room big bags travellers middle big trip, room internet expensive.There also inidentified loud hum went night - possibly heater aircon unit outside - either way us shopping earplugs.",0.2210851648351648,0.5167582417582418,Apr 12 2009
27,27,"Excellent service smile This great number reasons. One first things noticed friendliness staff. Everyone helpful. Because arrived early morning room ready, however, called us cell phone soon available. They helpful restaurant suggestions. Great staff! Perfect location-right Central Park; subway across street; Starbucks Dunkin Donuts around corner; 24 hour pharmacy corner; great breakfast spot street. Shower great room small, clean. We spend lot time anyway matter. Only complaint offer shower caps bathroom. Price reasonable compared N.Y. hotels.",0.3421929824561403,0.5599122807017544,Apr 9 2009
28,28,"Very central next Central Park We stay 5 nights Pod room double bed found roomy nice large bathroom. This room much larger regular one Hudson 2 persons barely walk around bed fit bathroom. I like room design much. The double bed adequate 2 medium build persons. Kiehlâs amenities plus heated bathroom floor nice touch. The bed almost comfortable heavenly bed Westin hotels build-in drawer bed frame additional storage space. The location perfect us came opera MET Lincoln Center (less 5 minutes walk) Central Park across. In front Time Warner Center blocks traffic noise. The Columbus circle subway Time Warner Center major line connected. We breakfast organic Whole Foods Market Time Warner Center sell food weight, pay want eat. You excellent meal (hot/cold) rush opera. The Starbuck next door caffeine addicted. The staff super nice. It super deal 120$ New York City!!! On side, curtain cannot close tightly, room door needs stopper avoid banging close, especially night walls little thin. But stop reserve hotel. If hate morning light, binder clips solve problem.",0.11662068226911974,0.46007441169941166,Mar 24 2009
29,29,"Thin walls = sleep Small rooms dimly lit. Super thin walls I could hear every noise/shower/music/conversation taking place adjacent rooms. There party taking place floor moved till early morning basically I get sleep totally ruined next day me. The pluses rooms clean, staff nice, I got cheap rate using quikbook, location.",0.07083333333333333,0.6430555555555556,Mar 23 2009
30,30,"Small rooms begin describe An otherwise acceptable stay (5 nights) degraded room (allegedly largest clearly highest price offered short suite) sit down, except bed, even work desk. One chair offered, dimly lit vestibule. Otherwise literally room move. Closet space free-standing wardrobe barely foot hanging space. Storage space drawer bed. Plumbing noises adjacent rooms noticeable time time (especially neighbors' showers) loud. I accept space premium New York, absurd. On plus side, was, convenient Lincoln Center, pleasant helpful staff good restaurant (Blue Ribbon) excellent sushi. If plan spend time room, look elsewhere.",0.10671420083184789,0.505496137849079,Mar 17 2009
31,31,"Exceptional Service Value My wife I stayed 6 Columbus random weekend New York February. We found 6 Columbus Tripadvisor encouraged ranking (#128 writing). In short, disappointed choice, turned anf extraordinary value NYC hotel!First off, caveat location people familiar NYC. It's located right Columbus Circle, good 20 minute walk Times Square. This deal breaker means, however, Columbus Circle Subway stop right near anyway. A Taxi ride right heart Times Square measly $3.50, well.Upon arrival, doors opened us greeted smile polite welcome everyone modern-decor lobby - great way start stay. Check non-issue quickly found one animal hide (fake)-lined elevators going room 9th Floor (there 12 floors rooms two floors that).We opened door Queen Deluxe room found warmly lit, intimately sized room modern twist. Dark Teak floors throughout main room, amenities Flat-screen LCD TV, mini-fridge, safe, bathrobe, iron/ironing board, iPod Alarm Clock one comfortable beds we've ever slept on! The brown teak headboard bed spanned entire length wall behind us, stopped short ceiling 6-8 inches. This space hid recessed light lent nice, indirect glow room on.The bathroom seems light standard fare, clean boasts interesting extra feature - heated floors! What treat step onto cold tile floor nice, hot shower.After settling room, made way downstairs found Eric Concierge. He perhaps one helpful knowledgeable concierges we've ever pleasure meeting. He helped us everything dinner plans making reservations us comedy club recommended. Definitely great resource NYC - even consider knowledgeable.We lunch Hotel's Blue Ribbon restaurant (Japanese) found average maybe tad overpriced - quite contrary hotel. Mind you, nothing wrong Sushi ordered, anything write home service impersonal prompt. I would say convenient, better choices literally right across street Time-Warner Building. One note - bring computer, business center. Overall, 6 Columbus excellent value, I would highly recommend great outside Times Square.",0.2326617680565049,0.5552175894281158,Mar 1 2009
32,32,"Fantastic Find In The City Where stay New York staff knows name first day? Wonderful location near theatre, shopping park. Rooms nice staff best New York. Great Value. Can't wait visit again.",0.5114141414141414,0.6213804713804714,Feb 11 2009
33,33,"Great great location -- tiny tiny room We stayed two nights. Terrific location. It's across street subway &amp; there's great international newstand around corner. For indulge Starbucks, there's one right next hotel. Our room really small. The queen-size bed felt like twin. The room clean smartly designed. There's great big flat screen TV -- hooks coat. The bathroom floor heated -- there's virtually closet space. Great shelves magazines -- little drawer space. Talk priorities mixed up!Overall, stay pleasant &amp; staff pleasant. The price right too.",0.28540313852813853,0.5510281385281387,Feb 8 2009
34,34,"Great Rate made Great Hotel We stayed 6 Columbus 5 nights end Jan 2009. We got superb rate Quikbook, made affordable. I booked Queen superior, informed pod rooms small. If indeed given queen room, pod rooms must broom cupboard. Having said room adequate 2 us, intend spend lot time room anyway. The downside size room, lack storage clothes, given winter lot bulky clothes, managed.The room 5th floor back hotel, nice view shaft, think mattered I going spend time looking window.The floor heating bathroom indeed nice touch, other's mentioned, quite work worked. The shower great - powerful &amp; hot! The downside bathroom miniscule towels - good wrapping wet hair! The mini bar packed full, try anything Duane Reade next door. Service good, attentative door staff, nice receive plate cookies half way stay. The bar staff also pleasant Blue Ribbon bar &amp; restaurant (we eat there). The cleaning staff little noisy mornings, really seeing sights anyway.This great location, right opposite subway, way Central Park, nice bars &amp; restaurants nearby. I would definitely recommend hotel, get great rate, otherwise think quite pricey.",0.29383458646616545,0.5923872180451127,Feb 4 2009
35,35,"Mixed I differ reviews I've read. Maybe generation thing. Yes, staff fine: helpful. And place clean. But: many &quot;4 star&quot; hotels NYC give less Holiday Inn charge much money? No coffee room. No free WiFi. No ironing board/iron. Three big marks place book. And NYC-tiny rooms. Not bad Hudson street, still: place sit relax, read book, etc. And decor. Yikes! Dark blue hallways; elevator walls covered faux black fur industrial metal accents. I felt like I entering dungeon. But fabulous location. The bed OK, soaps nice, quiet. But again, I booked Priceline, window faced brick wall, street.",0.12660818713450292,0.47046783625731,Feb 3 2009
36,36,"Rip rate international phone calls! Don't stay here! We stayed 2 weeks Hong Kong. So making international phone calls back home necessary. After staying days making phone calls (literally less 5 6 calls got thru line none calls 10 minutes each), I asked concierge much phone bill was. Guess what? 6 Columbus charged US$500+ phone calls!!! They explained international phone calls cost US$10 per minute. This rate absolutely ridiculous manager blamed us saying check rate little book stored desk b4 make calls. After speaking manager, checked booklet actually set rate mentioned guests ask concierge exact rate making international phone calls. It make sense us all. How could justify charging guest US$10 per minute? My 5 minute phone call friend asking questions cost US$50+!!!! Completely ridiculous. WE WOULD NOT RECOMMEND ANY INTERNATIONAL GUEST TO STAY AT 6 COLUMBUS. It's complete rip off, given economy poor US. Such ridiculous charging rate totally unacceptable. And worse thing was, refuse anything all!!!!!!!!! Our original impression actually pretty good, given location rate that. But rip phone rates, guess that's hotels make profit!!! We going tell friends NOT stay anyone goes NYC. Completely disappointed!!!!!!",-0.06638944892473118,0.4053763440860215,Feb 2 2009
37,37,"Beauty Brains Brawn. Must Read review! My Monday (MLK Holiday) overnight accommodations 6 Columbus far exceeded expectations. I greeted Doorman I entered host Blue Ribbon Sushi &amp; Grill. The staff front desk delightful, especially Adrianna! My reservation Pod room gleefully upgraded suite, room 103 tenth floor. The lobby small neatly furnished long modern sofa bright round club chairs. Neat artistâs prints hung wall, low lighting hallway elevators. The elevators modern. I stepped blue hallway Thompson Hotels signature carpet. I felt like I residential apartment building room number glowing bright. My room key tucked designer 6 Columbus packet.I entered oversized, modern, thoughtfully designed room. Large platform bed, Frette Linens robe, 2 modern side chairs table flat screen television black white cabinet mini bar, Dean &amp; Deluca snack tray available shag kit.Luxurious drapes hide French doors lead giant balcony; behind frosted doors large walk closet gorgeous bathroom. Another window looking towards 58th street tucked angled corner, beautifully shaded silver floor lamp.No carpet! All hardwood floors allergy-free including teak headboard. Wall pockets containing glossy design fashion magazines. 2 bendable reading lamps.A blue throw, white duvet, striped pillow drapes made finest quality luxury material. The bathroom standout navy vertical subway tiles, mounted sink, private loo area, free standing two person shower, large deep soaking tub shower. High end bath toiletries Kiehlâs, thoughtful extras like cotton balls swabs, fluffy white towels giant round magnifying mirror lit blue. Located lobby Blue Ribbon Sushi &amp; Grill, always open extra late welcoming late arrival. Located directly across street 6 Columbus Time Warner Center, luxury shopping venue. Close subways, Columbus Circle Central Park made 6 Columbus Thompson Hotel envied Manhattan boutique Hotels.Yes, I stay again. Thank 6 Columbus.",0.11285558667911612,0.45878306878306885,Jan 23 2009
38,38,"Amazing Stay (And yes doormen hot!) I booked Quickbook rate $127 Fri/Sat $90 Sun. There problems booking, I would throughly recommend Quikbook third party agent.Upon checkin I given free upgrade standard queen supeior (or deluxe - sure is). The doormen make feel special, could help. (As others said pretty hot too!!) :) I really find noise aircon loud, view non-descript building shafts, bother me. The minor negatives I think (and I'm think hard) ipod docking station dusted bed frame sticks little, I banged leg times! For rate I got, small things really means nothing compared fantastic service, great clean rooms 6 Columbus. Location, quality genuine warmth hospitality staff makes place exactly is: PERFECT little traveller New York City.",0.2015554450030257,0.5876402271563561,Jan 21 2009
39,39,"Terrific stay 6 Columbus My friend I got amazing rate 6 Columbus Quikbook January 9-12 ($127 Fri-Sat, $90 Sunday). We excellent stay moment walked doors friendly doorman took bags welcomed us. All staff kind helpful, providing excellent service.Without asking, room upgraded free charge queen deluxe two beds, perfect. The room spotless, housekeeping brought us second robe non-feather pillows friend, allergic. The bed platforms bit nuisance, big deal. Our biggest complaint probably ice bucket, stylish, quite shallow really functional. Clearly I'm really nitpicking here!I've seen comments complaining loud heating/air system, indeed loud. However, like friend need white noise sleep, perfect. The beds also very, comfortable slept like babies.The location perfect. Right subway, Subway sandwich shop, Starbucks, Whole Foods Time Warner Center across street. Easy walk Central Park theatre district, rush make show, cab cost $4 took five minutes. While I want spend $500+ night 6 Columbus (or anywhere, matter), I definitely recommend hotel. We great stay, even received hug doorman left. It terrific weekend.",0.3121143353174604,0.6127480158730159,Jan 14 2009
40,40,"Exceptional Staff - Wonderful PLace Let's start &quot;negative&quot;. My room small. But everything needed provided well-designed aesthetically pleasing space. The bed, linens towels added feeling luxury style.The staff real standout otherwise great experience. Every single individual working took time greet me. Anyone I addressed request, question simply &quot;hello&quot; responded warmly wholeheartedly. Their friendliness (which never anything respectful) created sense home base NYC really added pleasure trip.",0.21886446886446884,0.6093406593406594,Jan 6 2009
41,41,"Very friendly stylish great location! The best thing far 6 Columbus location. You within walking distance theater district Lincoln Center, close many fine restaurants. The Columbus Circle subway stop literally right across street.The modern, although lighting decor quite taste, I must say staff friendliest I've encountered long time. The room, small, spotless. Our complaint would heater seemed blow cold air around room, ended turning asking another duvet. Actually, even heat room really cold.The heated bathroom floor really neat feature.We got great rate website, we'd definitely recommend anyone who's planning attending show concert need whole lot space.",0.2214229024943311,0.517891156462585,Jan 5 2009
42,42,"Great Hotel We stayed 6 Columbus Hotel 5 nights March 2008 St Patrick's weekend. Overall great I would recommend. The located opposite Time Warner building bottom Central Park, walked nearly everywhere, convenienct location. The staff friendly helpful, check fine, room ready, offered complimentary drinks bar waited.We booked 'Pod' room, however checking advised upgraded next biggest room. Accommodation lovely, modern, plasma TV, ipod docking station minibar. We got complimentary paper everyday room cleaned daily also. We eat hotel, restaurant always looked busy nice little bar apres shopping drinks!!All I would recommend hotel. The rooms quite small, hey, New York city, shop party, sit room day. Special mention gang next door The Coliseum pub, hi guys!!",0.19667388167388164,0.42774891774891777,Jan 4 2009
43,43,"Practically Perfect Spent one night family. We two rooms. Both upgraded, gave us extra space (and room hang together), fantastic value. Loved style decor. The staff friendly helpful, sheets TERRIFIC, rooms quiet (surprising two us ex-Manhattanites!), etc. Our complaint, one, sofabed one rooms made up, discover needed (late), entailed short wait, improvised bedding, making ourselves. (True, &quot;turn-down&quot; staff 6:00, point, using sofa sofa!) If want near Upper West Side and/or Theatre District looking luxurious, stylish place stay, happy.",0.2555555555555556,0.5851851851851851,Jan 4 2009
44,44,"Great New York hotel! I nothing great things say hotel! It BEAUTIFUL! The staff friendly! We arrived 7 morning overseas flight, expecting check room least noon, thought would try anyways. Upon arrival...we found room booked available, receptionist offered upgrade us junior suite(studio suite?) additional $100. I glad did! This room huge gorgeous! We 600 square foot balcony, breathtaking view, surprise! The concierge willing reccommend places dinner, get reservations us shows dinner, well call towncars etc! A little tip goes long way people, even recieved &quot;WOW!&quot; one guys! After making complete mess room went dinner, housekeeping staff came reorganized all! I expecting this, 5 pm, actually little bit embarassed state room! Just one things added amazing stay hotel!I would definitely stay heartbeat!",0.26680397727272726,0.6339772727272728,Dec 5 2008
45,45,"Great find NYC We got back incredible trip New York City Philadelphia. We stayed 1 night 6 Columbus NYC better. The location great want Times Square want go far &quot;Upper West Side&quot;....this located middle them. It close Trump Mandarin Hotels. It next door Starbucks &amp; across large grocery store (Whole Foods?).Now itself. Check took seconds. The features cool decor great city vibe. We went cheap seats got Pod Room - full size bed. The room tiny flawlessly designed maximize space. Do careful hit leg bed corners ~ quite painful :) The bed comfortable crisp white bedding. I must admit, fan type pillows. There stocked refreshment case, use it. The flat panel t.v. quite nice . The view window, well lovely view nothing, NYC look window. Now bathroom....I say I want rip bath copy one 6 Columbus! The floor heated ...don't underestimate incredible feature is. NYC Thanksgiving VERY cold floor feels fabulous frozen toes. There cool tiled shower (no tub) great bath products. They even thought give Q-tips Cotton balls....a lovely touch. The bathroom sink really beautiful cool gooseneck style faucet. The towels smell great ~ sound weird I know, towels perfumey, nice fresh smell ~ pleasant.The staff excellent luggage loaded cab ever blinked...they make everything look easy here.I would highly recommend giving try. If ever planning visit Macy's parade location would terrific. You see window, total access steps....without chaos Times Square.",0.3122685425685426,0.670206782106782,Nov 29 2008
46,46,"Small chic excellent customer service Recently returned 2 night stay 6 Columbus. Very nice, small chic great location central everything. Stayed King Deluxe room comfortable bed, &quot;cool&quot; decor nice flat screen tv wall. The entire including rooms dimly lit gave hip, night club-like atmosphere. The customer service outstanding start finish. The doormen always welcomed pleasant greeting, front desk staff friendly courteous check check fast smooth. The front desk doormen/staff communicate wireless devices. As soon I got cab doorman opened taxi door asked name quickly alerted front desk via device I arrived totally prepared time I reached them. They even doormen cab waiting precise time I checked walked front door. Very well organized operation. The thing I like shower. The tile clean shower head work well - tub room. There iron room either. Overall, I reccommend young singles looking cool, safe place stay reasonable rates.",0.3081944444444444,0.6330555555555555,Nov 24 2008
47,47,"Stayed Sept 2008. Have visited NYC several times sta Out hotels stayed in, THIS one st location. Wonderful staff, quiet, nice bar-just great 2 people!!! Subway, Whole Foods(great carry long day glass wine)Time Warner Buidling great shops places dine), CVS couple doors items forgot bring, PLUS Starbucks OR another(less expensive()coffee shop. Zabars street, Central Park across street......just great quiet oasis busycity. All hotels negative one +s -s!Modern clean, feel though NYC. My friend I late 50s comfortable Could beat price",0.2878395061728396,0.5419753086419753,Nov 21 2008
48,48,"Small lovely My wife I layover NYC decided spend night. The hotels clean modern. All people front desk polite, friendly helpful. I love room. Yes small well done. I've seen try cram much similar sized room perfect. I definetly stay again.",0.25638888888888894,0.515,Nov 16 2008
49,49,"Great location otherwise disappointing We returned 3 nights booked directly via website states Roof Top terrace, unfortunately, terrace closed next year consequently found difficult find seat already small bar area.The reception staff, housekeeping door staff friendly helpful, although one help feeling looking tip.The price $480 double room became $540 4 different taxes, despite luxurious decor, view window building shaft led us conclude extortionate price represent value money.",-0.014583333333333328,0.49583333333333335,Nov 16 2008
50,50,"Small accomodations overall nice Awesome location modern, boutique hotel. Right across street Time Warner Center. The staff members fantastic - doormen, front desk - seemed work guest's behalf almost effortlessly. The room (superior queen) fine 2 adults bit small. The bathroom modern nice. We 6th floor view HVAC system - surprising NYC.The perfect us. I would certainly stay would highly recommend friends. I recommend someone expecting large, full service (restaurants, gym, etc) hotel.",0.283734335839599,0.5750375939849623,Nov 9 2008
51,51,"Dark interier rated A boutique tries way hard. Dark feel. Cow skin panels elevators downstairs. Room 86 $150. room 26, exactly size. Both view alley! If park view maybe, money riducuously overpriced. The elevator bathroom sprayed many times sort bug spray. It disgusting! Truly wished stayed somewhere else.",-0.05750000000000001,0.42833333333333334,Nov 8 2008
52,52,"NIce Change Pace I usually stay Marriott chain hotels, pricelined one wasnt sure goin get. I booked thru Priceline $120/night. Hoping get upgrade. Standard room full size bed, 175sq ft. room. I called upgrade $60 King Superior, usually $350/nite.The great staff quite accomodating. The location Columbus Circle, 58th st. You walk door Columbus Circle less minute walk across street. Overall nice place, rooms little small, pay location.",0.1880555555555556,0.4953703703703704,Nov 4 2008
53,53,"Would definitely stay We returned stay 6 Columbus experience different guests. We booked Queen room reduced rate via Quikbook website. The Quikbook site clearly stated room maximum 2 people. Upon arrival, clear booking via Quikbook meant given smallest rooms hotel. There way 2 people could stay comfortably Queen room.There 1 single wardrobe, natural light, hardly floor space around bed nowhere store 2 large suitcases. I spoke Lula front desk went way ensure happy accommodation. She showed 2 rooms much suitable couples managed offer us larger Queen room extremely reasonable upgrade price. Throughout stay, Lula made point checking everything ok room. With regards rest really fault it. All staff extremely friendly particularly doormen. We try restaurant drink bar times even served sushi us bar. My gripe would bar area quite small limited seating. The room actually stayed great size. The double wardrobe adequate large drawers bed also. The ipod docking station nice touch Khiels toiletries bathroom free daily newspapers. The room temperature control took getting used overall served purpose underfloor heating bathroom welcme hard day's sightseeing. The bed also comfortable.Housekeeping great job keeping room immaculate also turned bed every night leaving little treats duvet.In addition great service comfortable room, amazing location. The Time Warner Centre literally across road houses large Whole Foods market lots nice restaurants. Starbucks next door several places get great breakfast street. Columbus Circle right doorstep including best entrance Central Park. Overall really enjoyed stay 6 Columbus would definitely stay next visit New York.",0.2128448172198172,0.4711445406445406,Oct 23 2008
54,54,"Fabulous Location We stay NYC 6 times year season find decent rates. We stayed many boutique hotels including Hotel Giraffe, The Muse The Benjamin. We booked smaller king room 6 Columbus small much time stay room? It clean bathroom clean staff great. We ask quiet room quiet. The great can't beat location. There roof top bar. I read either quickbook site went locate found dirty laundry. There huge whole foods across street peruse including lots food go. We walked Central Park twice right across street could walk Broadway show. We booked directly day found considerable lower rate quickbook. I called matched rate. We definitely stay again.",0.2145962732919254,0.5562629399585922,Oct 23 2008
55,55,"Great Little Spot Stayed 6 Columbus 5 nights late September wonderful time!!! I'm terribly picky, though, mostly look place that's safe clean 6 Columbus definitely delivers respects!I got really great deal thru quikbook Pod room (full bed) since I myself, perfect. I say, however, I paid hotel's asking price $405/night, I would expected more. But $180/night, outstanding value!!!Yes, room small. But honestly, NY room, need go elsewhere. The bed incredibly comfortable, linens clean soft, housekeeping wonderful job every day. The bathroom well-appointed, though tub bit small actually wanted take bath--which I refuse hotels anyway. Heated floor tiles bathroom definitely plus!!! Kiehl's toiletries wonderful touch also q-tips cotton balls bathroom--simple nice touch!1 thing I notice missing coffee pot...but Starbucks next door hotel, really matter much me. The view room 27 terrible, described, kind shaft buildings. But know what? I NEVER room day looking window night blackout drapes closed I care view was? So depends you! After rave reviews, coworker stayed 6 Columbus next weekend loved much I did! Oh umbrella provide use stay came handy rained 4 6 days I NY!!! :-)Will definitely return price right!",0.3160481997677119,0.5892857142857142,Oct 22 2008
56,56,"Honestly Not Worth It . . . Alright, first positives - location excellent (so close Central Park, Upper West Side, etc.), clean kept nicely, staff members fairly friendly . . .. . . $250/night - even talking Manhattan - one expects mere 75 square feet (a so-called &quot;Pod Room&quot;), view pigeon-occupied tower space (about six feet six feet), tiny bathroom (admittedly heated floor, nice touch), essentially upscale dorm-style furniture, lousy temperature control.All things considered, experience suggests one would lot better three times four going Priceline.com like, putting $250/night 3.5 stars. Again, even Manhattan, represent good value money.",0.23480392156862748,0.546078431372549,Oct 15 2008
57,57,"Great like bugs bird excrement - see pictures God help booked via booking channel specify room type, like priceline.Lobby nice, doormen always exceptional. Room 49: nightmare. It's tiny, that's issue - I've stayed Hudson's even tinier rooms happily. It's pleasant nowhere open suitcase except bed, that's big problem here.The window room overlooks waste disposal pipe internal airshaft, view across adjacent rooms. That is, see window given much encrusted bird excrement cakes - check photo.Of hotels I've ever stayed in, I think depressing layout. I deal aspect room, I returned front desk. Lula front desk told I could pay almost $600 upgrade better room - still nothing special, average Marriott Hyatt standard - literally walked away I complained. The general manager Barbara Lopez left notes every night asking contacted anything could improve stay, never replied email.The bathroom silverfish bugs - check attached photo. I bother complaining time horrible prior experiences Lula Barbara, I showed photos upon checkout care offer sort amenity, even discount $20 minibar.This stay approximately halfway 120-night vacation 4* hotels throughout Americas. It easily bottom 10% stays. I've stayed NYC hotels around 40 times decade, easily worst experience lot.I looking forward first stay Thompson hotel. I'm anti brand possible be.Avoid unless paying specific room type - gonna overpaying much, choose better hotel.",0.049126984126984116,0.500436507936508,Oct 12 2008
58,58,"What shame designer place get quieter airconditioners Funky little great central location Manhattan Island stay ruined noisy air conditioner outside window staff seemed either unable unwilling fix three nights there.Would nice they'd offered move us another room, no, even get bellhop run street get ear plugs could sleep.Would stay room airconditioner outside window.There better hotels New York price.",0.10848255280073461,0.4857667584940311,Oct 5 2008
59,59,"Great Staff/ Great Location Unfortunately, go NYC last minute funeral. The staff incredibly caring, especially Lula. We four separate rooms lovely. The sheets amazingly soft. The decor fabulous...watch corners platform beds!Plenty closet drawer space water pressure shower fantastic, toiletries hotel. Starbucks next door Latte never far away. Whole Foods great mall across street. Everything needed within walking distance, including Central Park. All all, bargain. I would highly recommend 6 Columbus.",0.274,0.6271111111111111,Sep 21 2008
60,60,"I totally liked it!! This definitely place stay aim explore Central Park hit museums! I got really good deal around US $225 per night worth it. Clean, modern, great amenities amazing sheets!! Central Park right across road bright lights Broadway, Times Square Madison Square Garden within walking distance. This truly gem located mid-town reasonable price pay.",0.41749084249084256,0.545054945054945,Sep 10 2008
61,61,Nice Location... We booked Queen Deluxe room Quikbook.com $250. We room 95. The room bigger I expected would be. The bed perfect 2....with enough room.,0.3714285714285714,0.6857142857142857,Aug 30 2008
62,62,"Finally clean bathroom room! My mom I stayed small boutique right Columbus Circle. This small, modern, wonderful staff. I upgrade bigger room accomodating. The bathrooms room clean. It actually baby rose aroma smell I could figure was. The beds clean soft. I suggest large parties stay here. The rooms large, came shopping 2 days getting pretty crowded. The location pretty convenient. There mini mall subway right across street CNN building. Pinkberry right next door yummy yogurt. And block 9 Ave tons restaurants choose from!",0.20871126228269085,0.531103552532124,Aug 25 2008
63,63,"Small well designed rooms convenient I would recommend anyone looking simple, yet quality stay NY reasonable price. The decor modern pleasing. The rooms indeed small well designed hidden storage spaces, like drawers bed. The Fresh bath products real plus Blue Ribbon restaurant lobby. The location across street Time Warner building Columbus Circle subway station also super convenient. My complaint - reason I give place higher marks - full sized bed, bit cramped two adults. I booked room Priceline great price specified two people. I'm sure normal book two people room full sized bed, I'd recommend calling make sure.",0.14583333333333334,0.5217460317460318,Aug 24 2008
64,64,"High-price...underwhelming. After searching good location Manhattan &quot;reasonable&quot; price I booked 6 Columbus. Most prices I seen upwards 500/night rooms $345. I say I left feeling really underwhelmed disappointed money I spent. Positives: 1. LOCATION, LOCATION, LOCATION. You really paying location. Subway (59th street/columbus circle) right across street, QNRW (7th Ave) less 4 blocks away, Less 1 block Time Warner Center/Central Park. 2. Cleanliness--housekeeping service outstanding. Drawbacks/Negatives: 1. LOUD doors seemed slam frequently 1100pm. 2. Many staff nice seemed like many trying hard friendly helpful times I sure anyone knew exactly doing. 3. SMALL rooms. I upgraded queen deluxe (having booked superior) tiny...with NO view. 4. LOUD water pipes. Anytime anyone used water shower pipes super loud. 5. LOUD A/C blower...I hear TV A/C blower going especially A/C water pipes use next door. 6. LOUD hum pipes/fans outside window...if lucky enough get street/park facing view stuck back look onto pipes adjoining buildings.Unless prices come I could get &quot;deal&quot;--less $200 per night, I think I would stay again.",0.15133786848072556,0.5118140589569161,Aug 21 2008
65,65,"Bad service The clerk counter refused check us guest occupied room wanted extend stay another night. They could offer us another room (fully booked) instead stay Hudson hundred yards road one night come back next day second night. We refused asked manager charge complain unacceptable offer, clerk manager already. The manager emphasized Hudson standard (that lie, found later) could stay two nights. We like spoil holiday accepted change.",-0.10694444444444443,0.13506944444444444,Aug 14 2008
66,66,"Nice great location worth stay Stayed 6 Columbus Aug 1-4 getting apparently introductory rate Quikbook ($230 so). The location great (yes, ON Columbus Circle, barely 1/4 block away...not worth quibbling about) subway Time Warner Center directly across street, park right across circle. The area lot less hectic south, still convenient.The staff extremely nice unobtrusive. The Queen room spacious NYC, comfy bed, desk, flat panel TV, huge bathroom. It nice see think people use rooms provide plugs TOP theThe interior rooms bit cave-like, since window, lights slider settings make room lot brighter way staff apparently sets preparation visit. I'm sure people fixate dark hallways - I run anything, unlike hotels dark hallways, room numbers lit up.Overall, I loved hotel's style, comfort location. I know I would pay full rate, $200+/- range good NYC would make visit city pleasant. I would definitely stay again.",0.2632993197278911,0.5157596371882087,Aug 8 2008
67,67,"Nice Stay $200 I arranged one night stay Quikbook, rate 199.00. With rate mind, I found nice. It clean, modern, safe nicely located Columbus Circle. The staff friendly fairly helpful questions. The drawbacks I found stay loud doors cleaning staff seemed yelling &quot;housekeeping&quot; morning long. Minor issues...As mentioned, rooms small, views real amenities. I would pay rates list website (425 queen room etc.); even Manhattan find better room price. I needed place sleep near Central Park one night, little sleep room, perfect needs reduced rate. Nice new option city.",0.27168876262626257,0.6126893939393939,Aug 3 2008
68,68,"Nice Stay Warned My partner I stayed 6 Columbus Circle (not really Columbus Circle) Memorial Day Holiday. After making reservation I called talked Abbey request high floor (street facing) confirmed. When I spoke Abbey, I even reserved upgraded room since anniversary. Upon check in, given SMALL room 2nd floor. Even though I complained front desk, I told full nothing could done night. The clerk front desk advised us could move next day room promised us. We room 11:00 AM call front desk change rooms. When arrived back later afternoon, still call! I finally called front desk nerve advise ready move us called them! Generally hotels run efficiently would contact guest coordinate types activities. We finally moved room 10th/11th floor. The room oversized large-ish bathroom facing street. There one day housekeeping cleaned room 6:00 PM quickly resolved without hassle. One note, beds used platform box springs bed. Also, use top sheets, duvet (Iâm sure works well Winter Spring/Summer). On positive side, location EXCELLENT Starbucks next door. Each night turn service includes Voss water chocolate. A nice stay overall problems attitude front desk.",0.16660202020202017,0.5045292929292929,Aug 2 2008
69,69,"6 Columbus - Pretty Good I NYC business trip stayed 6 Columbus 2 nights.LocationThe property right across street ACE subway line The Shops Columbus Circle. It great location close south Central park easy walk everything mid-town. Oh, Starbucks next door case need caffeine fix.StaffALL staff wonderful deal with. They friendly, professional helpful. You would think one basics.RoomI'll post photos, rooms reasonable size. I say large room, king bed barely fit 2 side tables, serviceable. No complaints.The view back another building. I curtains drawn whole time thought fine. If want brighter room good view, ask suite FRONT building. The decor slick, I agree reviewers saying bit dark. I like dark hip lounges, would like bedroom bit lighter/neutral.The worst thing air conditioning system. It worked, basically on/off switch run thermostat. This bad temperature kept comfortable level, on, LOUD. Really loud. I found hard video conference computer fan on...something I've never issues locations. Room AmenitiesNicely furnished Frette robe, Dean DeLuca snacks mini-bar, Fresh bath products nice touch.Hotel AmenitiesThe building old shows age. You either think quirky charming dumpy. I prefer former. :-)It newly constructed work room, pool, etc. Not big deal I work walking everywhere traveling.The hallways seem bit dark...as elevators covered dark pony skin something. This hotel's attempt hip slick. I take leave would rather brighter hallways rooms.There pretty restaurant lobby serves Japanese inspired foods. It pretty vibrant night. It OK (not great), bit expensive... Nice atmosphere want good food, better going short stroll around block.Oh WiFi...like travelers days, I need wifi...and smart fully blanketed building FREE wifi. A big plus! What's hotels still want charge wifi access already gouging stay?OverallThis greatly anticipated. The retrofit decent nothing really write home about. A bit dark tastes.I thought nice would stay again. Great location, excellent staff, decent room. If get good price, good play stay.",0.21403147117432825,0.5701590737305023,Aug 1 2008
70,70,"great stay New York 6 I stayed July 25 26, 2008. The located 8th Ave. 58th St. across circle Columbus Circle Time Warner Center. I upgraded room pod queen extra $35 night. This made rate I would liked pay I read posts rate much better I got New York fair price. The front desk staff pleasant helpful great deal with. The room bigger Hudson block really big. It well designed pleasing eye bit dark. The bathroom shiny modern right amount room. The linens towels excellent quality bed comfortable. Everything clean. I would definitely book I get good rate location ideal.",0.3776202501202501,0.5764039201539202,Aug 1 2008
71,71,"Great Staff! We NY least twice year business. 6 Columbus Priceline one night. The second night booked directly hotel's website.While hotel's decor little dark taste, staff outstanding. Everyone friendly, professional helpful. We would definitely stay staff location.We upgraded room king. We told worth additional $50/night. The room still smaller side. Pros: Outstanding staff, nice hotel, great area, complimentary newspaper, nighttime, brownie turndown. Also great Sushi restaurant. Cons: Decor bit dark. Bathroom door glass light night shows through. Door room heavy difficult close quietly.",0.1948863636363636,0.5378787878787878,Jul 27 2008
72,72,"The Find Year My wife I spent four wonderful nights trendy elegant honeymoon Thanksgiving weekend last year. I meant write review earlier, I never found time. Shame me. This aesthetically beautiful, since open around month stayed there. The lobby cozy attractive. The rooms homey artsy design, although small side, common Manhattan. You really get used bed corners, end banging shins couple times them. But matter. The bathroom comfortable clean. The TV set LCD screen, I liked lot. The perfectly located around corner Columbus Circle, makes extremely easy move within city subway, bus walking. The staff really friendly attentive. All all, wonderful honeymoon great part it. I tried book us celebrate anniversary year, rates already gone originally paid (I paid $189/night... I guess I lucky recently opened). For afford it, I highly recommend it.",0.3527160493827161,0.6916049382716049,Jul 25 2008
73,73,"I want go back! Stayed one night, I wish I could stayed longer (for price, course). We booked priceline got AMAZING deal. The little bit hard find, taxi driver could find it, took us around ended paying fare. But great location: Central park right across street Times Square reached walking Broadway. There shopping center right across street, chance check out. We stayed pod room, super tiny, extremely clean decorated really well. Even though bed bit small two people, really comfortable pillow top mattress. The flat screen tv great, I would liked maybe little table least chair put things on, I think would enough room least chair luggage holder. I loved bathroom, modern pretty. Toiletries, Q-tips cotton balls. There safe closet, bathrobe umbrella use stay. I disappointed though hairdryer. The AC room worked really well. The staff great. I would recommend everyone would definitely stay again.",0.16669160997732427,0.5188185941043084,Jul 18 2008
74,74,"Sweet 6-Spot I pleasantly surprised 6 Columbus. Having stayed week Soho sister hotel, Sixty Thomson last year, I pretty reluctant repeat experience. But sister attractive price point convinced otherwise. And I'm glad that.The location super, right Columbus circle, near every convenience imaginable. Unfortunately, taxis hard time finding it, reason.I booked basic room expected something tiny, NYC. But I happy find although small, spacious clever little storage spaces like underbed drawers. The service pleasantly unpretentious, understated, accomodating imptly, inobtrusive. Loved Fresh toiletries. Could variety though. Too basic.And although there's jumpin' -- delicious -- Blue Ribbon Sushi bar lobby, never noisy, scene-y happening, thankfully.I ate Blue Ribbon every day - sometimes twice day - bad fish became ill, waived bill gave $100 voucher, min fuss. Can't blame completely though, traveller's diarrhea may played part this.The room service breakfast, though overpriced horrible (burnt cold toast). Otherwise, sweet little spot. I'm next time I'm Manhattan.",0.13389355742296916,0.6088935574229692,Jul 12 2008
75,75,"The Most Amazing Hotel! I got amazing deal Quikbook! The Bell staff, reception concierge extremely helpful, mention good looking. This trendy hotel!I also state place SPOTLESS!!! I never stayed clean this, smells great too. When turn bed night even get mini brownie eat night cap!I stayed Pod Room. Don't fooled name, room brilliant size. You get double bed, enough floor space full size bathroom. The downside there's hardly natural daylight even though full size window, faces shaft.The location perfect, across road Time Warner Building Columbus Circle subway next door Duane Read, also stone's throw Central Park.If I get another deal (usually quite expensive) absolutely choice every time I go New York. I pity poor suckers paying way odds tiny room Hudson road, 6 Columbus miles better!!",0.2506684266911539,0.5769727578818489,Jul 11 2008
76,76,"Very Nice! We got great deal Quickbook ($200/night king room). The staff nice helpful. The room clean bed comfortable. The room small, New York, fine. The location great well. Right across Columbus Circle. There Whole Foods, get anything might need. The subway there, too. Some things aware of:Room tiny although desk chair, would awkward actually work desk.There hair dryer ironing board. I'm assuming I could've gotten Housekeeping I needed them.The air conditioning extremely loud. I got used it, noises bother you, might problem. We would definitely stay could get similar rate. I think I would pay $300+, though.",0.2447450697450697,0.608903318903319,Jul 8 2008
77,77,"The Staff Shines Just returned 5 nights 6 Columbus. A highs lows, overall pleased. The staff front desk housekeeing nicer helpful. The young men front door help luggage cabs etc. delight. They bright, polite, friendly, well groomed well trained. Rooms small, well designed. Beds comfy! A small desk chair rooms would make great difference. Lighting rooms bathrooms inadequate. Mood lighting cut shower shaving. Can't see instructions use room safe floor closet lack light. Overall, I liked would go back. Kudos staff people picked trained them.",0.25735294117647056,0.438235294117647,Jul 1 2008
78,78,"Average NY I stayed 6 Columbus 3 nights May. The fine price I paid, better hotels similar prices (the Hudson example). Rooms tiny expected, location great Columbus Circle near park. The room pretty clean (except strange goo bedside table!) front desk service acceptable.If get good deal ($200 queen room) I would recommend need top notch service. If paying regular price, look elsewhere.",0.23720238095238097,0.49120879120879124,Jun 2 2008
79,79,Perfect! I booked Quickbook.com...same day got wonderful $159 rate queen room. My husband I wonderful time hotel. Pleasantly surprised! The location wonderful...close Central Park Times Square. The staff helpful. Now room...very modern nicely appointed! I slept like baby bed. For NYC...wonderful deal...especially holiday weekend!,0.6089285714285715,0.7785714285714286,May 28 2008
80,80,"Stay everyone else finds it! I stayed past Friday night, thoroughly impressed. For price point, 6 Columbus great, hip choice. It kickass location (just behind Columbus Circle), makes convenient. There lot large-hotel amenities (such pool business centre), high design (blue/silver/brown trendy decor) nice boutiquey touches Fresh brand toiletries. The staff friendly, small enough get get without long waits anything. It's everyone, like hip boutique hotels, definitely stay 6 Columbus now...before rooms get trashed overuse.",0.1928125,0.5775,May 27 2008
81,81,"Wonderful stay 6 Columbus I've returned three nights 6 Columbus. Having stayed New York's Hudson Hotel years ago, I knew expect property, seems similarly marketed young, urban, hip set (not sure that's me, but...). I Queen Superior room. It nicely appointed, contained Fresh bath products bathroom, heated bathroom tile floor pleasant, flat screen television hung wall, well-stocked mini-bar top shelf alcohol Dean Deluca snacks. The room largest room I've ever stayed in, New York standards, adequate. The bed fit room fine, I'm NY, I come hang room.That said, room could easily accommodate two people, seems point issue reviewers here. There two drawers storage platform bed wardrobe hanging clothes. Nice touches include umbrella rain (it I came handy), turndown service little mini brownie, excellent (and adjustable) task lighting bedside desk.There restaurant small lobby, Blue Ribbon, sushi (It's okay. Some would say great. I would not) somehow manages also room service traditional American breakfast hotel. There restaurants neighborhood, pub next door, Duane Reade pharmacy/convenience store corner.I difficulty adjusting heating cooling system room. It could ineptitude, I know. The controls manual &quot;point dial number&quot; controls. I digital age: press arrow number number. Anyway, climate room perfect first night. Then, rained, imagine changed humidity outdoor ambient temps bets that. I call anyone complain, I still slept fine.There also VERY small lobby which, particularly weekends I imagine (that's I there), uses music assist creating hip happening scene. The music loud elevator lobby, hear room. I guess covers it. Oh, seem spray pump signature scent, similar hotels days. I find pleasant. Slightly tropical hibiscus notes, perhaps? Either nice smelling cleaning products! While offensive way excessive, sensitive smells, warned.The located across street (W 58th) Time Warner Building Columbus Circle. Great location. Overall, I would recommend property look forward returning soon, probably next month.Happy travels!",0.26234023912595344,0.5406163677592248,May 18 2008
82,82,"GREAT Stay 6 Columbus!! I booked based location, price traveler reviews (on TA elsewhere). We stay city somewhat often, know space premium affordable rooms hard find....especially good locations! I say, cannot beat location 6 Columbus! Easy find, behind Time Warner building top notch shopping dining across street. The subway station also across street, making travelling throughout city snap. If rather take taxi, doormen happily hail one matter seconds! Central Park steps away good day, stop Whole Foods (in Time Warner center) pick fixin's picnic park......joyous! Yes, rooms small. We pod room really, took back college dorm days! That said, everything looked new clean. The bed super comfy heated bathroom floors GREAT!! The fridge well-stocked cabinet filled gourmet goodies. There small closet....and really, much closet space one need trip?? I never hang clothes I go away....it ample us. There 2 sides I think of: 1) The lighting bathroom room horrible putting makeup 2) room HOT arrived, opened window, beware pigeon POOP ( I say days previous, quite chilly!).The service AWESOME! I really noticed pleasant everyone was. When arrived, room cleaned, happily stored baggage room ready...just short 15 minutes later. When called iron ironing board, one arrived within 5 minutes!! The front desk always greeted us name fast courteous.I got great deal Priceline, icing cake. This WAY better many others stayed double price! I would absolutely recommend anyone!",0.2701089845826688,0.5307482721956406,May 11 2008
83,83,"6 Columbus Fabulous! My boyfriend I stayed 6 Columbus four nights beginning April fantastic stay. Now I'm considering trip fall sisters. When got hotel, greeted taxi cab's door friendly doormen. I commend doormen working them...what fantastic friendly personalities have! Our room ready upon arrival, manager gave us complementary drinks Blue Ribbon Sushi Bar - great little bar frequent dinner come back long day shopping (get grapefruit cocktail listed menu!). This simple gesture great indication stay going have.Once got room 7th Floor, surprised cozy lovely was. The room small (I believe booked Queen Superior), normal New York, neither us bothered it. There cute little touches room - magazine racks up-to-date publications them, like Time Out New York, vase real flower nightstand, i-pod dock, under-the-bed storage. The bed lovely, comfortable. Every night slept well. The bathroom good size deep tub, showers overflowed onto floor. There window/shelf shower place toiletries. The toiletries - Fresh - supplied fantastic. The towels fluffy! OH! And best part bathroom - heated floor front shower area! It fantastic morning step onto heated floor I even found standing long days walking.My &quot;issue&quot; room showered, room got rather humid muggy. The location fantastic. There subway stop right across street could get downtown quickly. One nicest things able get up, grab coffee Bouchon Bakery across street, take morning walk Central Park. I reservations staying uptown, ended pleased location I liked access Park, Upper East Side, able get downtown Soho quickly easily.As I said above, I already considering 6 Columbus trip fall would recommend highly! From staff comfy towels bed fantastic location, I could picked better place stay!",0.263006888944389,0.5931143856143855,May 6 2008
84,84,"6 Columbus A Thompson Hotel Absolutely loved place. Will definately stay again. Service excellent. Linen, towels, bath rob....flat screen TV like home. Staff friendly cooperative. Had blast",0.596875,0.6875,Apr 30 2008
85,85,"Uncomfortably small I booked two nights, left shortly arriving. The &quot;King Superior&quot; room tiniest NY room I ever (almost) stayed in. It uncomfortably small, point claustrophobia.There floating desk one wall, chair sit - even would one fit desk foot bed. The bathroom basic and, although renovated, crowded equally uncomfortable.",-0.08571428571428572,0.375,Apr 30 2008
86,86,Wonderful Experience 6 Columbus We got back long weekend New York wonderful stay 6 Columbus. Firest let say concierge Rocks! Raquel Eric amazing setting series events partner's birthday celebration. Everything perfection. The room 6 Columbus large New York. We booked Studio Suite balcony almost big room. Everything 6 Columbus cool. The room lighting/linens furniture bathroom top notch. Blue Ribbon Sushi fatastic too! I would highly recommend boutique anyone likes little &quot;edgy swank&quot; hotels.,0.28777133580705005,0.5250881261595547,Apr 29 2008
87,87,"Superb find! We spent 13 nights fantastic hotel. Originally booked deluxe King excellent rate Perfect Escapes found great deal suite Tablet Hotels web page although stayed Studio King first night. Long story handled well &amp; loved room too. It huge balcony &amp; enormous bathroom &amp; good view corner Central Park decided move suite. We given choice &amp; hard choice actually! But rooms suite quiet, beautifully appointed clever design features &amp; gave us plenty space long stay &amp; overlooked 58th St &amp; Time Warner Center glimpse Central Park well, &amp; exactly portrayed hotel's web site. Nadia kept great shape us stay &amp; lovely see smiling face every day.The delightful Julian welcomed us arrival long flight Australia, charming Caeser showed us room &amp; greeted us name every time saw again. As everyone gem including Ciaron &amp; Stan run fabulous bar &amp; helped make stay fantastic, along Richard &amp; staff marvellous Blue Ribbon Sushi restaurant ate several times. Terrific menu, sublime food &amp; decor &amp; reasonably priced.Getting around NYC easy as. Great subway across road literally seconds away anytime needed taxi Anthony &amp; Parry always hand &amp; must two affable doormen town....aside others working hotel.Room service swift &amp; expensive stature &amp; location neither well stocked mini bar. Free internet &amp; breakfast downstairs mornings...which never got eat! Too many laughs night bar! This 6th time NYC. Have stayed variety types wanted try somewhere new. Doubt I would ever stay anywhere else unless rates go roof might well do. Then I would probably pay magnificent time.An easy walk theaters, Whole Foods across street quick bite, Chemist &amp; Starbucks next door &amp; anything else might need close by.We kinda fussy travellers appreciate service par excellence &amp; turns portrays be. No wonder can't help blown away wonderful stay 6 Columbus. Spend extra suite, studio deluxe room &amp; ball! We feel indebted everyone associated &amp; wish continuing success",0.3611157024793389,0.6102341597796144,Apr 11 2008
88,88,"Stayed March 20-24 can't wait return. We chose stay Six Columbus great location reviews found TripAdvisor. I would recc. looking explore city indulge boutique hotel.The clean staff quite helpful courteous. The location top notch directly across shops Columbus Circle houses Whole Foods perfect tasty inexpensive breakfast. Next door Starbucks, bit find Duane Reade Dunkin Donuts. You find Central Park 2 minutes away Times Square quick 12-15 minute walk hotel. Many subways literally found right outside front door hotel.We weak wireless internet signal protected, minimal noise inside outside hotel, newspaper morning best mini-bar snacks I've ever seen. Our room good size - Queen superior loads space luggage.The downsides noticed were:The heater heat room (I wanted 82 would reach 69). I sleep hoodie two nights keep warm. We notified front desk twice upon check told problem within entire working it.Very strange cleaning staff NEVER left right amount towels - even checked in. First day hand towels, face towels, hand towels. Very strange, housekeeping quickly bought towels requested.Lastly, could get seat bar dining area two nights tried. Yes, could called ahead, guest I've stayed never cause concern.Even downsides, I'd stay again.",0.23593005952380952,0.4651488095238096,Apr 2 2008
89,89,"Great Location Nice Hotel Found mostly reviews website others, due fact really nice daily rate compared other, trendy hotels NYC. I lived NYC visited much (and usually stayed friends family I did) therefore little compare regards Manhattan hotels. Overall wife I really liked hotel. The room nice, clean, comfortable bed nice TV. It also small view airshaft tub made Hobbit. Having lived small place Manhattan bother much, I see someone used cosy quarters trouble it. Only problems kept laundry delivery problems resulting washcloths two days... Also give Post (the Post??) Wall Street Journal lobby; also Rupert Murdoch empire? To fair offer send someone get Times, worth tip price paper. The location great easy access A,C,B,D,1,2,3 trains, Central Park, Midtown, UWS Village. I really impressed bar Blue Ribbon Sushi (bartenders awesome) food good. Unfortunately sushi inferior fried chicken great. Go alcohol. Overall nice week nice hotel. Would definitely stay reason nice place good location.",0.25941666666666663,0.5934074074074075,Apr 1 2008
90,90,"Great Location We stayed reservations dinner Per Se. The location can't beat - across street Time Warner Center. The employees courteous. There Duane Reade (or Rite Aide similar drugstore) right next door case need something provide. When checked said upgrading us King Deluxe, bed king. Not problem since room small. We exhausted complain. Bathroom decent heated floors (but half floor heated, sink front toilet shower/bath). Fresh bath products. Turndown service night. Inner rooms look onto rooftop shaft area. Loud AC unit nearby buildings may keep night light sleeper. Subway stop across street. Whole Food Market TW Center great food court snack go. Right next Central Park.",0.1594824016563147,0.47049689440993797,Mar 30 2008
91,91,"Way Too Small For Two People! cant belive 4 star hotel!! yes service nice helpful room silly, would say maybe 90sf!! know could 4 star full bed(two adults cant sleep comfortable full bed!!) chair! storage space (had keep cloths luggage store one small window sill looking ally) bath room small step dry even place put soap shampoo!! thin walls also, hard sleep every time sombody gets elivator opens room door loud wakes up!! maybe booked priceline put us worst room hotel!! looking web site regular prices charge way way overpriced!! $400-1200 night glorified closet!!! dont think so!!",-0.0939657738095238,0.6423992673992674,Mar 18 2008
92,92,"6 Columbus winner (for right price) My wife I stayed 6 Columbus Sat night March 2008. The looks like brand new. Its smaller building 58th 8th Ave, right famous Columbus circle corner Central Park location quite central midtown upper west side. The stylings quite modern staff attentive. We upgraded pod room queen size bed free great. That said, small building, rooms little smaller average, two people really need space that. What matters clean brand spanking new. I would definitely recommend couples children, probably ONLY right price. I've heard rates average around $300 up, I got greal deal perfectescapes.com $145 pod room. These may last long gains popularity.",0.16978702844774274,0.5018893011750155,Mar 17 2008
93,93,"Excellent return trip 6 Columbus! I stayed 6 Columbus 2 months ago decided book I liked experience there. I also booked time quikbook, way get best rates. I given 4 star last time I trouble sleeping 2 4 nights. There rowdy boys next door even I called front desk, manager could get quiet down. This time totally different. I hear anything even I near elevator. There many rooms per floor less chance people walking room. I booked queen room time pod rooms available alone, one fine.The staff simply best. I arrived 9:30 morning given room right away. Almost doormen recognized welcomed back warmly. They treat everyone biggest compliment I pay them. They cater trendy clientele, cater everyone..even 20something model:)The staff restaurant same. The manager Quint barmen, especially Keith, treat warmly I even offered nightcap I stopped evening heading room. It great plus feel like lingering even own. They take great care you. I would love finding something complain I could write manager hope complimentary nights return, I can't find anything negative say hotel. I fear I able afford much longer prices surely go up.d",0.27024976657329597,0.4878618113912231,Mar 11 2008
94,94,Loved The Room And The Location If regular vistor nyc know hotels expensive probably use craigslist sublet. well that's normally - found really good rate hotel's website - 145 dollars standard room per night. small - lacks size makes things. location perfect - walked everywhere - even snow. right subway - take train airport - that's 2 dollars 45 minutes express train...it's right next favourite store - wholefoods - everyday. right park near shops fifth avenue. staff young - trendy - helpful. room nice - clean excellent minibar. complimentary copy new york times everyday - that's way get news outside states - unless course watch cnn!!!1the bathroom cool - heated floors - fresh brand cosmetics - watch shower - hot - lovely wrap warm cosy bathrobe.all 145 bucks night great - would definitely go - stayed longer someone else would go bigger room.oh yes bed lovely -,0.25629066171923315,0.584103182531754,Feb 26 2008
95,95,"Small cool Did last minute trip NYC girlfriend pleasantly surprised. We stayed &quot;Pod&quot; room quite small clean well appointed. The bathroom normal size. The entire redone chic. The bar small cool. And, right across street Time Warner mall/building....and right park. We got great rate $125/night www.quikbook.com pass up. I would highly recommend property. If require space, stay Pod room. We plan staying room much, met needs.",0.1733184523809524,0.5480059523809524,Feb 25 2008
96,96,"nice little hotel! I pleased one night stay 6 Columbus. They minor computer glitch caused brief delay check-in (no 5 minutes), upgraded &quot;deluxe&quot; room make that. The staff friendly made point address guests name (even bellmen). The room small comfortable, bathroom amenities Fresh nice touch. At $199 rate I got ---.com, good deal I would definitely stay again.",0.21058035714285714,0.6113095238095239,Feb 20 2008
97,97,"Great experience 6 Columbus Had great stay 6 Columbus January! I found staff nice attentive. The decor fabulous lobby...It's got young, hip vibe. (Also great food restaurant--Blue ribbon.) The rooms small w/ view (at least us), that's I expect New York...But, elements room nice...great linens, flat screen TV, fresh products bathroom. My complaint might close elevator I heard morning.Overall, great experience. So nice I'm sure I able afford completely finished!",0.33665071770334926,0.6533386496544392,Feb 19 2008
98,98,"Excellent beds wonderful design good location! Surprised excellence hotel; welcoming staff, nice atmosphere (good music everywhere), lovely design heavenly beds. We've booked directly get good deal category. Location good many metro-connections, nice area many locations breakfast (Pain Quotidien etc). We happy staying upmarket area instead Times Square midtown locations",0.5833333333333334,0.7216666666666666,Feb 7 2008
99,99,"Absolutely unbeatable price First off, TripAdvisor needs immediately correct hotel's one-star rating well average &quot;$802 per night&quot; rate. Both skewed criteria I aware.I former native New Yorker, I've stayed (both following move) variety city's best hotels ... well worst. Including one previous incarnation, I displeasure seeing mice periodically pop heads holes pink shag carpet. (I wish I kidding.) Thankfully shag mice long since dispersed.I received rate $145/night -- queen room, one now-infamous &quot;pods&quot; -- via booking directly Web site. Even considering nosedive NYC rates take January February, that's total steal. That said, room nonetheless small, I banged shins infernal platform bed multiple occasions. I also issues A/C-heat system, reason I'm giving place five stars.The location next Columbus Circle subway stop makes perfect juncture reaching areas city via subway, although cold appreciate time year, I'm sure location practically next door Central Park prove major bonus well.Blue Ribbon, unfamiliar city, one best &quot;minichains&quot; (with 4-5 total), 6 Columbus location first uptown. I ate highly, highly impressed: best sushi city filled formidable sushi restaurants, including infamous Masa across street.Sadly, looks like management already onto fact priced rooms low: winter rates already 50% (to $215/night upcoming weekend - site, Quikbook).",0.13631102693602695,0.5318546576879911,Feb 6 2008
100,100,"Big thumbs round !!!! (visited UK) We visited NYC UK 5 night stay end November/beginning december excellent put simply!The staff really friendly helpful (down earth friendly [-] kissing friendly!). They polite enjoyed chatting left morning returned later day. Concierge really helpful right booking table sushi restaurant us blocks realised one downstairs closed Mondays....We pod room, face building back ultimately busy street front hotel- I know one I'd prefer (and did!). It adequate size wise bathroom (heated floor powerful shower job day). The bed massive possibly comfy we've slept in! Flat screen tv ticket ipod stereo bedside table.location wise can't faulted. We ended walking places nothing 20 - 30 min walk away really- time square 20 mins max, 15 keep stopping cross roads. And sounds alot believe enough keep entertained walking around! Yellow cabs could got right outside occasions fancy walk, final day got yellow cab Staten Island ferry port $18 spent afternoon walking stopping coffee shopping along way. If walked stops looking 1.5 hours so.Sushi restaurant bar super cool (as general really), pastries coffee morning bar watching world go good way start morning, tasty sushi evening relaxed surroundings good way end it.The one negative room end corridor (with two rooms)- nights got bit noise (lift door &quot;ding&quot; door slam). This reduced closing door allowed access three rooms big issue.We used generic booking website got decent deal. I'd happily recommend make return visit future. When go London stay called The Hoxton similar style, atmosphere comfort.All round excellent.",0.18670116341991339,0.44090476190476197,Jan 3 2008
101,101,"Too small bother While staff friendly service oriented, one ridiculous 100+ nights I spent NYC hotel! In first room (which small, I hurt I turned around) telephone work. After 3 visits non-English speaking &quot;facilities guy,&quot; apologetic front desk clerk gave new room. While room bigger, least look onto airshaft covered pigeon droppings. All well I returned room 11:00PM tried turn heat take chill 60 degree room. No heat. No facilities guy. No rooms. No luck. While Sushi restaurant lobby &quot;happening&quot;, kitchen functioning. Breakfast stale pastries lukewarm coffee room service 3-ring binder NYC delivery services. If fasting Liliputian, great place. Otherwise, go street around corner.",0.021498316498316506,0.5101178451178451,Jan 3 2008
102,102,"Perfect!!! Thoroughly enjoyed stay 6 Columbus. The situated midtown, opposite Time Warner Centre within walking distance Times Square, Central Park important shopping streets. The small intimate, staff attentive concierge helpful. He arranged fab night us put us guest lists. I expecting pokey room given reviews, 'Pod' room really small... room comes comfy bed, designer edibles, ipod docking station, flat screen bathroom even heated flooring( oh amazing power shower).The houses popular New York sushi restaurant, food pretty decent. The street Hudson hotel( pay visit bar) also Mo bar Mandarin Oriental( view city amazing).All all, can't fault hotel. Does everything should, comfy, central location excellent attentive staff.Will New York sleeping spot going forward!!!",0.27059856376262637,0.5552398989898991,Dec 27 2007
103,103,"wonderfull rooms In area NYC less ambient music vivid neighbours Hudson. Breakfast dinner bit disappointing (for Europeans?) rooms fantastic. Spacious, clean, quiet. To go back!",0.03357142857142859,0.5228571428571429,Dec 20 2007
104,104,"Quick stay 6 columbus I decided visit NYC friend's party last minute. 6 columbus offering rate $258 (total!), decided check out.the located southwest corner central park, directly across street time warner bldg. 5th ave within walking distance, well typical NYC attractions. conveniently located.The staff absolutely charming. Everyone extremely friendly accommodating. The well designed visually... sleek attractive space. My room &quot;pod&quot; room. quite small, expected, perfectly clean well designed purpose. The bed comfy well. critique involves insulation room. I room 72, wind quite loud. could also hear doors opening closing, etc. I certainly return hotel, maybe next time bring earplugs. ;)",0.1427437641723356,0.5149092970521542,Dec 17 2007
105,105,"Fantastic Hotel!!!! This brilliant. On arrival, doormen asked names party 6, took bags inside. When checking in, manageress came asked OK upgraded rooms seen girls holiday!! Of course said yes!!The rooms spotless beds pillows comfy ever remember I've stayed in!Each night room turned towels, toiletries water replaced.It close Central Park, Time Warner building across road nice shops would definitely recommend Porter House restaurant too!We got great rates Quikbook.com lucky enough get back NYC, i'd definitely stay again!! Well worth visit!",0.3650421626984127,0.5444444444444444,Dec 4 2007
106,106,"Nice additon midtown It busy week NY I trouble finding room good (I'm picky) I decided give 6 Columbus try. The staff well trained, doorman asks name takes bag radios inside greeted name desk. As I came went hotel, I always addressed name. I arrived around 1pm able provide room then. I queen deluxe room. It face narrow alley I would much prefer noise 58th street. There view 58th, narrow street looks onto glass building TimeWarner center. The room size typical NY boutique - small comfortable well appointed. I'd rather smaller nicer room large yucky room. (If want large yucky, I give list.) Everything new clean always plus. There small wardrobe instead closet overpack adequate. The bathroom small also (I one tub) manageable figure put things. It might little cramped 2 people, depending well like other! The doors heavy slam loudly morning early riser probably hear them. Each room central ac/heat nice norm New York. Unless new building completely renovated, much temperature control many NY hotels. I like room cold night toasty morning I appreciate unit. But I mention fan loud makes good white noise sleeping drowning slamming doors. The pictures hotel's website accurate. There japanese/sushi restaurant good open, go really big deal. But like room service morning, you. There coffee/tea pastries lobby 10am fetch yourself. I stayed at/checked many hotels area one probably one nicest. The Peninsula FS favorites taking step those, area want in, I'd recommend it. Since new without much history, email specific question.",0.14229901599582453,0.48523149427404755,Nov 12 2007
107,107,"Perfect place venturing streets I stayed place girlfriend three nights. After trying find place would suite needs trip week I finally came upon 6 Columbus. We reserved Pod Room (due limited budget) completely happy it. Upon arriving greeted extremely polite staff. Everybody working friendly helpful throughout stay.The room clean, nicely designed comfortable two people use place relax hitting streets New York. In morning found coffee selection good tasting baked goods lobby. The location perfect. It walking distance everything midtown Manhattan right SW corner Central Park. A subway station across street. There several shops restaurants around. We would stay anytime again.",0.35013623631270685,0.6510656990068755,Nov 2 2007
108,108,new OLD building,0.11818181818181818,0.32727272727272727,Oct 30 2007
109,109,Working Kinks,0.0,0.0,Oct 28 2007
110,110,A Great New NYC Boutique,0.4681818181818182,0.6022727272727273,Oct 28 2007
111,111,We ARE soooo Hip!,0.0,0.0,Oct 28 2007
112,112,Tiny chic boutique,0.0,0.5,Oct 28 2007
113,113,good stay quirks,0.24999999999999997,0.35000000000000003,Oct 24 2007
114,114,Good Location Great Staff~ A great boutique,0.7666666666666666,0.7000000000000001,Oct 22 2007
115,115,Great new place,0.4681818181818182,0.6022727272727273,Oct 16 2007
116,116,Trendy yet comfortable!,0.55,0.8500000000000001,Oct 15 2007
117,117,New Hotel Lots Potential,0.06818181818181818,0.7272727272727273,Oct 12 2007
118,118,Gute Lage aber alles im Mini-Format!,0.0,0.0,Sep 27 2009
119,119,Super Hotel gÃ¼nstig gelegen,0.3333333333333333,0.6666666666666666,Jul 29 2009
120,120,Excelente ubicacion para la primera vez en NY,0.0,0.0,Jun 17 2009
121,121,Emplacement idÃ©al chambre super !,0.41666666666666663,0.6666666666666666,May 26 2009
122,122,Carino caro!!,0.0,0.0,Dec 10 2008
123,123,6 Columbus,0.0,0.0,Oct 4 2008
124,124,A deconseiller en famille,0.0,0.0,Jul 29 2008
