,Unnamed: 0,Reviews,polarity,subject,Dates_extracted
0,0,"Wonderful Hotel After long journey london, pool relax 9:30pm(the view amazing pool...) mention sauna steam facility. We superior room great, view rooms, really need view. It wonderful hotel, brilliant staff overall appearance makes feel grand. location fantastic too, right opposite trump towers(and shoppers, right 5th avenue.....i.e. Zara, Armani Exchange, Cartier, F.A.O Schwartz, H&amp;M many more, walking distance central park 5-10 mins walking times square. warned though, expensive, massages cost fortune!! room service.....is literally pocket emptying....(although walk front door several hot dog stands!!)Overall wonderful experience, would definitely stay again....",0.3463121118012423,0.5998447204968944,Nov 23 2009
1,1,"Grand Old Dame To one icon hotels , perfect location , I like style feel.Rooms bathrooms comfortable , avoid smaller room categories.Room service maid service worked excellent I stayed there.Unfortunately service level sub par doormen , bellhops front desk.Not even close Pen Bev Hills . However seems issue NYC hotels.It great long eat drink there. The restaurant terrible , menu , prices , service decor .The bar good location layout , service dreadful , spend time chatting employees attending guests .",0.25583333333333336,0.7458333333333335,Nov 12 2009
2,2,"Lovely Posh This kind - lovely, old school opulent without garish, renovated quietly sexy rooms - place grown -ups, club kids. I got decent rate jetsetter.com - otherwise Peninsula price range. I also stayed Peninsula Beverly Hills I prefer staff NYC - polished pleasant. While checking I overheard staff person front desk try get new chair guest back problems. I live NYC area I stay city hotels much (3 -6 times year maybe) kind place. Next time I'll try get earlier head spa (I 've seen photos - looks spectacular) yoga class (fitness classes complimentary guests).",0.32780748663101594,0.5698752228163994,Nov 1 2009
3,3,"Very comfortable lacking deails Spent long weekend 5 year old son Columbus Day. Stayed grand deluxe room spacious (did get Amex Platinum upgrade jr exec suite available, bit disappointing). Overall found room comfortable quiet, lacking details. I call get child's robe (though knew I bringing him), room service completely messed dinner (I ordered tomato basil pizza got chicken disaster, example). We chose stay pool, nice, although first time went 2 lap swimmers enough room little one play - pretty small. In hindsight I think Mandarin would better choice - also pool I Think would better getting around stuff small kids (theater, cental park - parts it- kind friendly restaurants, subway, etc). Our stay fine I probably stay again. And LOVE Peninsula Chicago, quite polished.",0.17592948717948717,0.569871794871795,Oct 26 2009
4,4,"Better Mandarin Oriental Four Seasons Stayed 5 nights deluxe room facing 5th/55th. Overall room quiet, well appointed, good bed, amazing bathroom comfortable space - travelling alone. However, 2 people room, become little crowded room sizes big. The bathroom big - well appointed, still lacking small things - like bath salts. Most 5-star luxury chains provide without request. Here, suggested products available lobby shop! While room satisfactory, not. Let's start lobby - none. Build 2-4 levels (depending are), main area broken small seating area entrance steps, steps 555 restaurant (very average food unhelpful staff), steps lobby cafe (over-priced food view average service), front desk area always 2 staff behind counter (lines build quickly staff appear new polished relations experience), finally elevator/another small seating area. Overall, odd layout makes difficult if: (i) disabled slightest find stairs difficult, (ii) find comfortable place relax enjoy ambiance feel hotel, (iii) truly appreciate hotel's grandness (on opposite side building [facing 54th] private club best looking room, ornately designed feel luxuriousness).The staff almost compared luxury brands (such Mandarin Oriental Four Seasons) - inconsistent service, really know guests (especially several nights leave enter several times day), almost unfriendly attitudes. The best staff housekeeping always greet guests hallways always pleasant nature themselves. The worse frontdoor staff - never greet guests (or appear greet certain types guests) never open doors (which I must say rather heavy).Finally amenities - odd way get pool (maybe get staff wait pool guests sign make guests sign one floor below?), poor pool service (generally Peninsula properties would staff come cool glasses water lay towels guests swim), good gym generally staff sight - hunt down, spa dead quiet staff standing around waiting staff 'serve' you. Overall, (especially considering Hong Kong Bangkok properties like) lacks unique luxury brand. What sets Mandarin Four Seasons property NY poor guest service staff. Of would spend time training encouraging staff (perhaps incentives?) consistent pleasant guests, maybe could live well established name.",0.08489582114582114,0.49382697632697636,Oct 18 2009
5,5,"Classy customer focused A beautiful great location. The rooms spacious, beautifully decorated one comfortable beds I've ever slept in. The bathroom enormous watching TV mounted directly ahead wall particular treat.Service excellent, breakfast - typically New York vast Londoner's eyes- rooftop bar amazing views city.I really fault hotel. It's cutting edge designer boutique - try be. This classy, quiet elegant works make stay comfortable possible. Hard want really.",0.3222332015810277,0.7092555994729909,Oct 14 2009
6,6,"First Rate good value As Peninsula's Michael Kadoorie, obsessive owner, made first rate experience. I found expensive, despite getting excellent corporate rate, rooms rather small - akin london really. I found room bit &quot;fussy&quot; also. Fantastic location service expected.If budget stretches, streets ahead similarly priced competitors.",0.14370629370629373,0.4752913752913753,Oct 12 2009
7,7,"Not quite We recently returned 5 day trip New York staying hotel. The negotiate special rates stayed sister Hong Kong, perfectly happy stays. On occasion felt things slipped bit somewhat impersonal. For example three days stay note posted door asking going checking out. I rang reception explained I prepaid 5 days queried letter. They said made administrative error. Their resolution give us new keys ensure could get room rest stay. On evening returned decided drink rooftop bar 10.45pm. This dark noisy really wanted. We went small downstairs bar told closed could get drink minibar then. At Â£600 per night per room reaction came somewhat surprise. Perhaps United Nations delegation maybe change staff tight management edge seemed gone place. We treated particularly special used case here.",0.08403679653679653,0.4010551948051948,Sep 25 2009
8,8,"Five star way. I highly recommend hotel. My husband I stayed Sep 4-7, 2009 children, ages 10, 8 &amp; 5 months parents.Though big FS fans stayed FSNY several times, I think may found new home NYC visits. This cozy staff warm friendly. Our experience exceeded expectations!The rooms impeccably clean well-maintained. The decor warmer FSNY. We adjoining rooms well-suited traveling three children. Though views 55th 5th Ave cannot rival views Central Park higher floors FSNY, I would hesitate stay again.The design feels intimate FSNY (though love FSNY's I.M. Pei designed entry). A friendly staff member stood ready appropriate points guide us destination elevator stroller, front desk, rest rooms, Fives (the restaurant). We greeted name passed front desk mornings really nice touch. This also pool glass room view Central Park 5th Ave) hard find NYC. This makes great diversion kids afternoon park museums.The concierge gave us two great recommendations lunch dinner (Cafe Milan block Italian lunch Cafe Fiorello upper west side). Things consider traveling children require wheeled access. Wheeled access entry right main entrance (Salon De Ning entrance). A quick elevator ride takes lobby need transfer elevators take guest rooms. Once rooftop bar opens (after 4pm case), member staff bell desk must accompany guests first quick elevator ride elevator goes directly roof. I imagine might pose challenge later evening (after 10pm) rooftop bar gets quite crowded line elevator would longer. Since normally 9 pm, normally problem us. Also, Fives children's menu knowledge (though I ask either). There plenty suitable foods, breakfast husband two older children easily reached pretty penny even kids cereal bagel bowl fruit chocolate milk. This fantastic property! I recommend highly hope stay future!",0.22731355365501704,0.4892475275402104,Sep 8 2009
9,9,"Great rooms location service Perfect 2-day stay Peninsula Labor Day weekend.Extremely nice helpful staff (nice recommendation brunch example, Norma's Parker Meridien great) , perfect location (55th 5th) great rooms, even &quot;cheap&quot; ones - 18th floor view 5th South Moma Sculpture garden. Room large, huge bathroom, including glorious (though small) bathtub - glorious ? got tv - watching college football warm bath long day walking city GLORIOUS !All great stay - got tremendous deal Orbitz, though, take value probably skewed.We try swimming pool spa unfortunately, went rooftop bar, great place, $20 cocktails $12 beers sipping terrace overlooking 5th Av, that's really worth it.",0.48820028011204475,0.7474789915966387,Sep 8 2009
10,10,"5 star way My husband I traveled New York 15th anniversary stayed Peninsula. The staff, service, accomodation, dining, spa services 5 star. The room clean quiet. The bed comfortable. The bathroom spacious ammenities provided sufficient. The concern shower sprayed water tub ledge flowed onto floor. We use towels creat damn prevent flooding. The rooftop lounge special way end evening Broadway. Although pricey, view romantic surroundings worth it.The location within easy walking distance major sights including Times Square, Broadway theaters, Central Park, shopping subway stops.We thoroughly enjoyed superior staff would highly recommend hotel.",0.22773376623376626,0.5788427128427127,Aug 9 2009
11,11,"Luxury With Low-Key Feel My husband I spent weekend The Peninsula wanting stay time, favorably impressed. Having stayed top NYC hotels, liked Peninsula's elegance without glitz genuinely friendly staff. Some hotels seem philosophy snobbish attitude part staff lends air exclusivity; puts us off. Every single employee encountered stay smile pleasant greeting, whether maitre d' housekeeper. We always felt welcome appreciated.The public areas elegant, little bit dim due dark wood olive green carpeting. Because lobby areas multiple levels ceilings somewhat low spots, feel intimate rather awe-inspiring. It almost felt like private club hotel, different places sit relax.Our room upgraded junior suite lovely quiet despite facing onto Fifth Avenue. We drink rooftop terrace bar chance enjoy outdoor lounge area started rain soon arrived. Service quick polite, glad hurry get restaurant dinner. Breakfast nice, though incredibly high prices seem norm New York days despite economy. A guest neighboring table actually unfinished bagel lox packaged go, $32 so, I blame her.In all, happy Peninsula look forward staying again.",0.2616886209029066,0.5157285095856524,Jun 29 2009
12,12,"My new favorite New York I always wanted stay The Peninsula always stayed hotels around central Park view location I like jog business trips. Having read weather forecast prioro visit I realized thata outdoor jogging happning rainy outlook I decided give try. undergoing remodelation keeps scafold entrace giving first imppression, rest experience made fot this. I found lobby intimate well appointed. The check staff exrtremely courteus gave upgrade room overlooking Fifth Avenue. I saty among best bathrooms I seen NYC, extremely spacious separate tub shower, rivalring Four Seasons I considered best now. bed unforgetable experience extra pillows nice linens. Since I celebrating wedding aniversary next day I ordered champagne room dinner two glasses time meet friends cocktails. I asked almost full bottle sent bar drink rest somehow never mad it. The captain wonderful terrace bar inmediately opened new bottle us bottle finally arived refused charge us second bottle opened. Very impressed! theye recentle opened ESPA spa excercise facility I condsider best NY. I definetely saty next vists NY",0.3367098063973064,0.5444107744107745,Jun 22 2009
13,13,"Perfect location short trip New York Delightful service, well equipped room, charming staff. Fab Ning Bar.Expensive worth every penny husband's Christmas present!",0.448051948051948,0.5506493506493507,Jun 7 2009
14,14,"Great Service Great Location Great Hotel We great five day stay coupla months ago. The service great, rooms well appointed nice location near Central Park. We especially liked redone outdoor area oh trendy lot fun. The people nice, pool adequate (tough find pool NYC). sauna, etc. well average.Seems like boutique I stayed twice year plan stays. If pinching pennies place $22 cocktails $60 parking. Ate Bice Botega del Vino resturants nearby. The restaurant empty pricey ok food. The Salon de Ning bar finger foods better choice--perfect summer night.All great experience!",0.44497354497354485,0.6007936507936508,May 21 2009
15,15,"Great Hotel Yes Expensive worth it! I treated Sister 4 night stay last November 40th went excellent reviews tripadvisor. We disappointed. The room (Grand-Deluxe) everything expected more. The beds pillow choices amazing, hugh bathroom separate shower (although powerful) extra hand rail shower worked well. Delicious cake treat Sister arrival overall enjoyed stay expensive hotel. If could afford it, would revisit without hesitation.",0.2859999999999999,0.5917777777777778,May 21 2009
16,16,"Great Location want stay Midtown Just stayed last weekend. Booked trip Orbitz. Thought good deal caliber airfare. Big room, view care clean quiet. Didn't use services food. Went instead great bagesl, pizza Chinese food can't get home.",0.33333333333333337,0.42500000000000004,Mar 24 2009
17,17,"Wonderful Hotel! After reading prior reviews apprehensive staying hotel. We booked anyway stayed Friday Sunday. WOW. I stayed many five star hotels business pleasure one best far. The staff door man âJASON â kind helping program GPS I drive New Jersey meeting room service friendly yet professional. The room beautiful. We upgraded upon arrival fifth Avenue view (worth price). The bathroom garden tub TV wall watch bathing awesome. We ordered room service Saturday night. They wheeled cart room, opened wine bottle set dinner table us. They really took time go beyond expectations. I stayed many five star hotels never received service I here. One bit advice, take swim suites. We didnât pool 21st floor gym spa shouldnât miss. Yes price bit hotels fit budget worth it. My client New York lives Upper East Side impressed staying here. I felt like Donald Trump I there. The location perfect shopping, walking St Patrickâs Cathedral many great food spots. We back spring. Thanks made trip memorable one.W Smith.",0.41285266457680253,0.5115203761755486,Feb 23 2009
18,18,"faded glory This clearly seen better days, newly revamped pool rooftop bar great rest needs complete facelift. Excellent location &amp; helpful staff many better reasonable hotels town reason stay here. However, - avoid food.",0.4336363636363637,0.5587878787878788,Feb 16 2009
19,19,"Goes thru motions lacks takes top We stayed winter getaway promotion gives $50 spa credit breakfast along room. When wife checked in, told rooms available upgraded us superior room deluxe suite. The suite nice -- understated elegance seems deluxe suite thing across Peninsula chain, right design bathrooms.Our main beef lacks certain things make first choice property. Fives restaurant bit cramped fine dining get table wind along row cushions, food decent means outstanding dinner (ie: wife's fish portion small, desserts mediocre), certain aspects quality control property inconsistent (ie: bathroom scale 21 pounds obviously nobody checking reset them; hot chocolate came white server noticed started pouring it). Breakfast bakery hand excellent expect be.Great hotels supposed meet special requests. I wanted sides salmon entree bass fish entree. There reason work. The chef it. Instead, I served item I listed alternate told served me.Another important point -- lot Asians staying Asians tend smoke. I know property non-smoking property I smelled tobacco I got morning I like that.When checked out, emerged wife spent $50 spa credit get appointment mutually convenient. The front desk manager offered us $30 certificate. I said live neighborhood, spa treatments rather pricey (ie: $195 60 minute facial plus tax tip) 2 certificates (they denominations $30) would use it. He declined therefore lost $200 revenue us since extend extra $30. I think managerially smart probably helps explain property par peers. If I choosing 5 star property Manhattan, I'd try something else I returned Peninsula. Simply put, goes motions great hotel, lacks qualities greatness little details make so.",0.22389249639249645,0.5364114114114115,Jan 30 2009
20,20,"Barely Memorable Definitely A Second Choice No question, great location 5th 55th Grande Luxe room, passable view Avenue $1175++ night, somewhat steep comfortable hardly spectacular room.Many hotels NY lack public space case, none feels dark brooding somewhat claustrophobic. There lingering here, door stairs elevator bank, perhaps give right feel.Room comfortable, good bed linens thoughtful touches bedside control panel. Laundry pressing service, prompt excellent. Room service, also good delivered hot food time flourish.Breakfast Fives, quite good compelling setting, lacks atmosphere.Didn't time spa pool clearly features explored. Chose stay Carlyle full view latter clear winner counts poor cousin distinguished lineage hotels.",0.26525974025974014,0.5758658008658007,Jan 13 2009
21,21,"Faceless luxury. I long dreamed stay I saw rating New York Hotels Conde Nast Traveler, Peninsula rated #1.It difficult fault it, since indeed VERY comfortable spinal cord level - bodily comforts there: excellent bed beddings, great toiletries, warm floor bathroom, modern standard comforts would impossible find many places world, like Greece, example :)However, place somewhat faceless flat, special signature would distinguish standard modern luxury hotels world. It could well Singapore Moscow, would look same.And cerebral level, pleasing - view room typical NYC frightening ugliness courtyard; room quite small; lobby tiny, whole place crumpy somewhat claustrophobic. I admit flowers public areas gorgeous, still overall impression somewhat dark crowded labyrinth. I think management aware tries liven flowers, I mentioned, fundamentals overpopulated New York City hub.We chose Pierre swimming pool, all, sure important. The pool nice, nothing special, CERTAINLY NOTHING compare luxury Bayerische Hof Munich, example, lavishly appointed, sliding roof opens nice day...Definitely Peninsula pales comparison European top-of-the-line sisters. There buffet breakfast well, big disappointment.I certainly try Pierre next time, simply memorable stay somewhere character style.",0.12209862601166951,0.5208152958152961,Jan 12 2009
22,22,Beautiful I wanted stay night Manhattan New Year's Eve eliminate trek back Long Island busy LIRR. We chose Peninsula heard many good things fairly close destination. The perfect I would absolutley stay again. A beautiful sight around staff friendly.,0.46921487603305784,0.6049586776859504,Jan 2 2009
23,23,"Excellent - Truly superb - get pay for! Absolutely Excellent start finish I fussy know reviews!The room gorgeous - bathroom amazing fabulous separate toilet area huge shower cubicle - well furnished decorated room - view 5th avenue - .... - views isnt best New York - views I preferred New York Palace - luxury beautifulThe staff without exception fantastic - breakfast package included Xmas period fabulous breakfast serve fives - fantastic food serviceWe experience bars bar food goodThe concierge excellent friendly - pool spa nice although spa hadnt opened disappointment, new pool open I used daily - fantastic - perfectly adequate get good swim - beautiful cosy surroundings well! The bar top - Ning also good - prices high though everyone expects tip New York add lot price depending much choose tip - personally I dont like feel I tip every tine I order drink ... especially prices charg!!Free internet access great choice bottled waters room quaity toiletriesA fantastic - favourite still New York - look forward seeing new spa finally opens told going 1 Jan 2009",0.3799556541019957,0.6364781966001478,Dec 25 2008
24,24,"This truly place SPEND loads money - Peninsula delivers Just got back extended weekend visit normal New York home visiting, known The Peninsula. Very cold outside, perhaps sound entirely correct, however double JÃ¤gers lovely wine bar (just entering right side reception) heated veins, limbs body, reason I feel like Whopper broiler instead. What I trying get across truly quality place base NYC trip from, family since opened years ago. Last time truly amazing visit one son's biggest corporate profiles Swedbank Markets shared breakfast us morning, worthy getaway usual crowd. Among interesting things, even shook hands Swedbank's new CEO Michael Wolf. The concierge also helpful, arranged atable Bungalow 8 tonight friends.Warmly recommended!",0.08389404246547102,0.4541177076891363,Dec 6 2008
25,25,"Luxury Price Matches This wonderful weekend experience possible due special anniversary rates. The normal rate hideously expensive, getting second night $20 made &quot;very&quot; expensive.It definitely worth expense, though. Beginning doorman anticipated arrival greeted name, genuine welcome extended. I traveling wife &amp; daughter, latter enjoying birthday shopping trip New York. The front desk upgraded us Junior Suite make room three, got room, found another treat. They placed bottle champaigne personalized birthday cake daughter room!Throughout stay concierge helped museum tickets, dinner advice/reservations shopping guidance. We treated like &quot;VIP's&quot; ... like family could afford stay special deal. The Gotham Lounge lobby nice place relax drinks coffee. They also served 'high tea' looked good, though partake. There also penthouse bar, negative whole stay. It tawdry &quot;cheap&quot; looking ... decor lacked dancing pole achieve effect appeared striving for. Fortunately, easy avoid.",0.2139593073593074,0.6478294372294373,Nov 25 2008
26,26,"Top marks us (almost) Firstly I would given Trip advisor &quot;excelent&quot; rating deserves it, one major flaw I speak moment.The rooms beautifull,they big [we grande luxe] view 55th partially 5th avenue.The servicing room morning attentive turn service.Coming back late dimmed light soothing music room made complete clothes tidied/folded treat expect like done well.We breakfast fives morning I say,it 100% pleasant experience.No delays example omlette cooked level perfection melts mouth! Yum!The roof top bar nice.It's outside terrace still use early november temperatures mild.It tends busy always good sign.The new pool fitness centre also big plus.Getting major flaw stay big one opinion property stature.We found concierge service patchy.The first time I contacted phone room,I told would 5 minutes [albeit 730am].The next time I rang hour later,I put hold 10 minutes..before hang up-that dreadfull!So desk person...We greeted surly tired going motions representative.It disappointing.Later stay,we asked comment specefic restaurant advised would need months advance reservation.. [At high end hotels I stay I ask concierge kind bookings I expect recognised restaurant rather us trying own].We walked try anyway accomadated.So it,I'm giving pen NY's concierge team C minus..but fair whole exception.It however serious flaw experience.Moving on...Afternoon Tea Gotham lounge highly recommended-excelent service friendly host.Another great plus Pen [Though I reviewed due time considerations,we loved also Pen Chicago!] free wifi complimentary business centre pc's internet.Other high end hotels take note-there ways police use/hogging business centre besides charging earth it.Othe hotels also take note complimentary wifi type prices charged luxury hotels expected!!All things considered then, staying Pen good experience recommended.",0.22444385717641535,0.47389123796100546,Nov 11 2008
27,27,"Useless luxury I sent Peninsula work trip. Although exudes luxury quite comfortable, I would stay New York business. This practical! There may tons fruit, chocolate magazines hanging room fight find plug laptop (so donât think plug cell time!), mention fight freebies get space put stuff down. I couldnât manage get network cell internet connection either. So donât stay work, unless, course donât actual work room want send clear message business going impress. Oh, toiletries nice.",0.07686237373737373,0.41897095959595965,Nov 11 2008
28,28,"Truly fabulous! If I could close eyes forget prices I would stay every time I come NYC! Expensive really, really lovely.We room facing 55th street - huge space 2 queen beds, sofa, desk lots extra room, plenty storage space bathroom separate tub/shower.The pool/workout area refurbished gorgeous. It treat using treadmill looking NYC skyline. The pool wold nice really small - hard imagine actually getting reasonable swim - better kids I think.We drinks rooftop bar one night fabulous. Another evening appeared doorman/line type thing night went plenty space bar outside.5's great Sunday brunch - nice, varied menu. The exception lovely stay service nail salon - classy would expect. I would recommend going one gazillion korean salons block two away.",0.25462962962962954,0.6856481481481481,Nov 9 2008
29,29,"Asian-level hospitality U.S. This exceptional property. Rooms generous size service exceptional. The attention detail property line Asian standards -- i.e., excellent. Great see Peninsula done good job bringing Hong Kong culture New York.",0.567099567099567,0.6863636363636363,Sep 27 2008
30,30,"Visit Rooftop Bar! We sleep Peninsula - drink (cosmopolitan beer) rooftop bar (Salon de Ning). Yes pricey, view incredible!!! We great time drink staff friendly.",0.4575,0.58,Sep 27 2008
31,31,"Best ever! My husband stayed Peninsula 4 nights celebrate 30th birthday. I fussy safely say NOTHING could fault. Service best ever experienced front desk, conceirge, waiting staff. Everyone went way make stay special one. Location brilliant rooms bathrooms spotless, got held check issue flight delayed driver waited us coming airport. FANTASTIC - book now!!!!",0.7167131696428571,0.5964285714285715,Sep 8 2008
32,32,wonderful service Peninsula We stayed Peninsula three nights July weekend grand luxe room overlooking 5th Avenue. The room elegant large enough extremely comfortable bed large bathroom separate toilet shower cubicle. What stands however impeccable service fromcheck-in superb concierges. I also mention unobtrusively good waiting staff breakfast afternoon tea( delightful way escape hubbub City) . After one breakfast staff knew us remembered liked coffee juice chosen day before. Also I minor coughing fit one morning waiter glided quietly put glass water front glided quietly away. rooftop bar Salon de Ning absolute must night cap - English person thinks New York nightspot be.we stayed exceptionally hot sticky weekend pleased comeback day calm quiet luxury Peninsula.,0.36381673881673887,0.6192370129870132,Aug 7 2008
33,33,"Sheer Bliss Peninsula My Wife I travelled Edinburgh, Scotland NYC 5 days Birthday celebrations see George Michael Concert Garden lot research stay (including Tripadvisor). We looked St Regis, Plaza, Trump, Gansevoort, Manderin etc liked look size reviews Peninsula.We disappointed. In fact found heavenly oasis.The Hotel exudes quiet understated sophistication calm. Staff need attentive, never intrusive always extremely polite friendly.The room beautiful. High ceilings elegant layout, lovely equipped bathroom massive comfortable bed. Best Hotel Room impeccably clean (I'm bit Howard Hughes stuff)A trip rooftop bar great, although busy, We knew Spa closed refurbishment, spoil enjoyment us look forward next time go - certainly returning.",0.3329024943310658,0.6564172335600906,Jul 29 2008
34,34,"Worth The Money!! Highly Recommended!! I stayed great expectations flying colors, met mine beyond. The service excellent, food, food, excellent. The spotless luxurious. The lobby small side. The staff great, overwhelm try hard. They perfect. When I arrived, upgraded room beautifully decorated clean. Every detail over-looked. I disappointed first-time stay. They really know take care guests. I always love little things room. The bathtub nice tv right front wall sit tub. If want stay place never say &quot;No&quot; you, it. It worth every cent I would stay again. The hair salon tiny, nice. The excercise room well detailed ample. The spa excellent well. The indoor pool little small. In opinion, best 5 star New York.",0.41407030469530476,0.6296894771894771,Jun 25 2008
35,35,"Loved The Peninsula New York I must say, The Peninsula New York perfect many ways. We stayed Grand Deluxe Room right 5th ave overlooking St Regis. The Room perfect size bathroom generous. They seprate marble tub shower however one sink ( ideal couples ). The staff top notch every way possible. The concierge Amy Faisal really made trip well worth offered classy opion yet honest one well. The complimentary water bar nice touch wwas hot continuous bottles Voss water kept us cool.",0.3636278938452851,0.7389045736871822,Jun 5 2008
36,36,"great short stay I spent 4 nights NYC late last month, first night spent here. The remaining nights spent Four Seasons, reviewed separately.I last stayed 20 years ago remember intimate elegant. I recall room petite dark, bathroom, interior view. About 10 years ago , underwent massive renovation rooms reconfigured spa, pool bar placed rooftop. The spa, pool Pen Top Bar renovated; fact made clear several times reservation process.My short stay joy. The historic Beaux Arts building 5th 55th, across street equally elegant, also Beaux Arts St. Regis hotel, I also stayed. The Four Seasons, contrast, modern grand design. The Pen's lobby seemed unchanged last visit. The reception area still intimate, service top-notch. I arrived quite early room immediately available, I contacted cell 11:30 room ready.I requested received room facing 5th Ave. thus lot natural light. The room either Deluxe Grand Luxe--not especially large elegant well-appointed furniture-wise technologically. There signature Peninsula bedside phone console controls lights, air temp, everything else. I loved outdoor temperature indicator door. The TV plasma/flat DVD player also gadget accepts digital camera memory card viewing photos big screen. Alas, I could get work.While St. Regis thier butlers, Pen distinctly uniformed pages meet every need. While spal pool closed, makeshift fitness center (2 converted rooms), access nearby health club pool, I use.The Pen one restaurant 2 lounges (plus closed Pen Top), St. Regis 2 restaurants (one celebrity chef Alain Ducasse) one lounge (King Cole Bar). Choosing Pen St. Regis difficult choice clear front runner opinion.I visited/stayed 3 Peninsulas--Hong Kong, Beverly Hills Chicago. All elegant exemplary service, HK Chicago grand, BH NY much intimate. I would hesitate stay again, expecially roof-top facilities reopen.",0.19701166180758017,0.4935131195335279,Apr 23 2008
37,37,"Exceptional Service Luxury Accomodations I took daughter New York first time March Break Peninsula Hotel could perfect. We greeted highly professional friendly staff front desk, concierge (special thanks Angela) treated us great care made perfect recommendations suit needs (mom 13 year old daughter), room luxurious, comfortable, wonderfully serviced including consistent delivery New York Times. I NYC many times, definitely best experience I've thanks staff Peninsula. What difference exceptional service makes!",0.46689857761286335,0.5530406101834673,Apr 15 2008
38,38,Great great service I stayed two nights I think ranks top five hotels I visited. The checkin great I received bottle wine cheese tray shortly thereafter. The room bathroom beautiful spacious. I loved control center bed everything room. The staff helpful courteous. I staying business would love return pleasure staying hotel....I think guessed I LOVED place. The Gotham Bar fun spot drinks old New York feeling. I look forward next visit !,0.4303977272727273,0.5315340909090909,Feb 10 2008
39,39,"disappointment Just returned 3 night stay family Peninsula New York. Very disappointing. The pool spa closed October. We told reservation. They could send blocks away generic health club. The lobby room un-spectacular. There really nothing noteworthy hotel. The (extremely small) lobby bars always full. Truly nothing special rooms lobby. You walk faced 3 stairways really go anywhere. There problems too. The room (a deluxe king) quite small poor ventilation. The room hot (in January NYC) AC max window open. And finally, I went put kids DVD 5 year old, XXX Porn player. Not really kind stuff 5 star, $800/night hotels offer. There many better choices within blocks hotel, especially considering $$$.",0.06580463015245623,0.5059119141727837,Jan 13 2008
40,40,"Beautiful quite par The Peninsula beautiful great location. However, feels like hotel. When pay much I expect really feel special. We 2 bedroom suite living room. We could get electronics work living room. My husband electronics industry could get work. It took someone 45 minutes come help us problems well. Once got working recommeded turn off, turn volume using. However, housekeeping go entire thing next day. This time husband helped staff member set equipment correctly would work right! We received discount stay!The Spa nice, however go beyond. It quite would expect Spa Peninsula. I thought massage therapist average. My facial average. It seems spa/workout facility allows NYC residents join staff treated better I felt like intruder gym.The Pen-Top bar definitely hot spot NYC stop business people happy hour. This huge perk since traveling another young couple fun getaway trip. It fun able go get drink happening setting. The host wonderful remembered us time went (every night!).I found rest staff average type hotel. My spa treatments included package bill. Our breakfasts included package bill. It took hour try fix bill I think ever correct. However, going miss flight leave I gave up. I tried review home, however could figure coding, etc. I never problem caliber hotel. Another couple problems bill well I checking out. They seemed lot problems entire visit unhappy. We decided stay Ritz Central Park next trip much pleased.",0.24723424723424722,0.5188191438191438,Jan 13 2008
41,41,"Pretty much perfect Just got back 4 night stay Peninsula New York. This second stay hotel, ironically room 9th floor. I guess happened limited number rooms 2 beds room roll-away.My impressions. The location absolutely incredible want able explore 5th Ave. without hike half mile get there. Only St. Regis across street comparable location. It's also close enough theaters Broadway walk comfortably. Rooms quite large, quiet nice bathrooms. Our room faced church across 55th Street unfortunately particularly memorable view. Not terrible, great. Service excellent. There confusion special bed-making request - blankets instead duvet. It took 3 nights get right, little irritating. We ate breakfast Peninsula, highlight day. Sitting next window looking 5th Ave. pretty memorable. It expensive - $950 per night room, $40 person breakfast! But going do? If I afford I would love go back super hotel.",0.15149085391732448,0.6173138952550719,Jan 1 2008
42,42,"Up par? Let's start good:Service good. Staff well professionally trained. Location certainly super plus. Decor good, awfully special. Complimentary bottle water provided room great.My biggest issue is:They humidity control rooms. Both us itchiest skin throughout night. It dry there. And sinuses stuffed up, throats itchy. Not good! We stayed Four Season Mandarin Oriental respectively time past 2 years never problem! That alone made us want go back ever again.They speakers room, music distorted playing speakers. It shame like radio.",0.0884300595238095,0.36309523809523797,Dec 17 2007
43,43,"Perfect location perfect room great staff Perfectly located great views, best experience NY (Have tried 20 hotels).The reception staff efficient, personal friendly. The room perfect, nicely decorated, perfect temperature, perfect bathroom, perfect room service, charming atmosphere.",0.8053571428571428,0.8285714285714285,Dec 7 2007
44,44,"Perfectly good enough merit money The Peninsula good hotel: plush (if little characterless, view); breakfast good indeed; gym swimming-pool excellent; staff plentiful charming. But money needs off-the-scale great, I really think that.I travelling client's corporate package, paying $700+ night, I guess towards cheaper end things Peninsula, even I would expect room I see daylight. My balcony gave onto brick-faced light-well, 15 floors me, I existed all-day grey gloom: like living video-game Silent Hill. The room decor fine, comfortable, pretty uninspired certainly distinctive way: I could Marriott town state. And surely $700, I could get bath-salts included room-price, rather pay $10 mini-bar them?As I mentioned, plenty good points, fact moment I stepped room I started understand I could paying much. But me, room heart experience, quite cut mustard. It's good money good quite enough. From I heard, I hoping somewhere memorable, place might become 'my' I New York, Peninsula hotel.",0.3194662183055041,0.5556498660070088,Sep 13 2007
45,45,"Pensinsula = Perfect Recently booked Grande Deluxe Room Peninsula Hotel New York. Check easy quick , room absolutely perfect comfortable nice wiew 5th Avenue. Great bedroom nice touches w-lan working perfectly. Very Nice bathroom . I breakfast package outstanding . I'm great fan Peninsula chain I really love service quality accomodation. So , another perfect stay Peninsula Hotel New York favorite Big Apple",0.5389154704944179,0.7614433811802233,Sep 3 2007
46,46,"Great Bathrooms Great Location We really lovely stay Peninsula Grand Deluxe room. We king bed, nice writing desk, chaise huge beautiful bathroom. Our bathroom TV mounted deep soaking tub, could control radio tub well, fun. The also brought little treats night - first night received bottle wine, second night got tower chocolate, third night lovely tray pastries. I'm sure guests Andrew Harper members, however. We also loved breakfast - poached eggs truffled hollandaise atop potatoes lobster hard beat - thank goodness included room rate! $12 bran muffin seems bit much. Overall delightful relaxing stay.",0.33323412698412697,0.5982804232804233,Aug 29 2007
47,47,"Perfect For New York We stayed Peninsula 4 nights end July, way back UK two weeks west coast. Everyone different opinion New York hotels. Advice friends didnât help even trip advisor contradictory, 1* 5* consecutive reviews! We decided wanted pool near Central Park. LHW couldnât fit spec decided Peninsula love sister hotels Manila Hong Kong, seriously good!We booked Grande Deluxe Room $625 via Hotel website; asked high floor hope escaping traffic noise delighted get room 2015, top floor. We never heard sound. It located corner, looking west 55th Street towards Hudson River north views 5th Avenue âaâ Trump Tower (there many!) Check easy, 5 holiday escorted room delightful receptionist (called Wing) explained work gadgets fancy centre console. The room nice, demonstrated older hotels fully modernised 21st Century standard climate controls, flat panel TVs free Wifi access rooms. It good size fitted extra bed daughter without compromising space. The extra bed âproperâ one foldaway camp style bed! The bathroom nice views toward Hudson large sink area separate bath, shower (with seat) loo. Apparently started life around turn century Gotham lobby bars keep Edwardian look feel.The Spa Pool floors 21 23 added onto top original hotel. The pool offered excellent views around New York child friendly lots attentive staff complimentary tea, coffee water. The changing rooms offer every available toiletry hair accessory well staffed spa area, even sliced cucumber eyes! The 3 bars one restaurant. We found roof top bar busy âbusiness peopleâ visit stayed downstairs rest time. We ate âFivesâ, restaurant, first night ~ OK lacked atmosphere almost empty every occasion ever saw it. The adjoining Fives Bar overlooks 5th Avenue (hence name!) modern style. You eat wasnât overly comfortable. Our preference Gotham Bar. It lounge style could get good snacks it. It never empty equally never crowded. Away found really good Italian restaurant opposite 55th Street called Il Corso, recommended ever helpful concierge. It small tremendous character, good food feels âNew Yorkâ. I waiting Godfather walk moment (actually Iâm sure wasnât already sitting table next us!) We also ate Del Friscoâs Steak House 6th Avenue impressed. It big, modern, noisy, expensive steaks lacked flavour. On advice didnât go Empire State building went Top Rock nearby Rockefeller Building. It great, 10 minutes walk Hotel, queues view Empire State Building (!) among others could stay long like. We heard others Empire State Building got busy, given limited time. Another point Empire State Building, canât see Empire State Building!!! There excellent &quot;French style&quot; restaurant edge square bottom called Brasserie Ruhlmann. The special Lobster bisque seared tuna superb. The concierge pushing âCircle Lineâ boat trips visit Statue Liberty ended getting $20 cab end Manhattan Island could walk past Twin Towers site Battery Park. We took Yellow Taxi boat went around end Manhattan back past Ellis Island, Statue Liberty Brooklyn Bridge, stopping photo opportunities! It cost around $15 could get Brooklyn bridge area, did, shopping area sightseeing opportunities. We also took horse Buggy round Central Park traditional good way see it, especially pushed time.If going New York, particularly children, would recommend Peninsula. It good location, fine mix traditional modern nice, friendly attentive staff.",0.22645877490564995,0.5157082528582528,Aug 8 2007
48,48,"Absolutely fantastic! My husband booked three night stay New York surprise 1st wedding anniversary. We stayed Peninsula impressed throughout whole stay. The reception staff genuinely warm welcoming, going way help us make stay comfortable possible. The room good size beautiful bathroom, towels changed regularly robes provided. The toiletries high standard generously provided. Everything beautifully presented lovely flower arrangements entrance lobby. We eat (there numerous diners area get cheap filling breakfast) make use gym pool area. Again, staff friendly helpful thought absolutely everything. They provide gym kit (apart shoes), toiletries, toothbrushes, etc. This area perfectly adequate however overheard someone saying spa/gym go $12 million refurb next months.All I fault gorgeous hotel, well worth visit!",0.35129117259552034,0.5719479071652984,Jul 31 2007
49,49,"Perfect Hotel Every Way We stayed Peninsula 5 nights June. I took 15 yr old daughter. I little reluctant reviews great. I trying decide Trump Peninsula. I chose Peninsula old world charm. I'm glad I did. There comparison.It truly one nicest hotels I've ever stayed in. Everything perfect. The room huge. We deluxe room 20th floor looking church. I entered room, large dressing room/entry. Past room bedroom--also huge. To right entry beautiful bathroom, flat screen TV tub far enough away bedroom never knew person even it. In rooms bathroom close bedroom,The service excellent. Anything I asked I within 5 minutes, regardless time day night. On wall, door, outside temp humidity displayed. One person tripadvisor complained setting temp room. The control phone display number. I'm sure would issue. I often trouble getting room cool enough night trouble here.We met friends lovely lobby--there several. We drinks spectacular roof top bar. You could see 5th Avenue. The locatin incredible. Everything close. I can't recommend highly enough. Even 15 yr old daughter awe pretty amazing places world. We left Hay Adams Washington DC disappointed staying Peninsula--even White House view! I can't wait return would never stay anywhere else.",0.21623677248677242,0.542072940287226,Jun 28 2007
50,50,"Great Experience After staying Peninsula Chicago, high expectations property. While NYC Peninsula deliver level luxury counterpart Chicago, enjoyed stay. We ate dinner breakfast found service, food quality presentation excellent. Our room comfortable size beds fine linens made restful sleep. We agree reviewers complained lack dual sinks, worn carpeting, etc. However, willing overlook issues recommend great location, comfortable rooms, delicious food, fabulous service provided us stay.",0.3626041666666667,0.599375,Apr 29 2007
51,51,"Great stay 4 stars little missing Booked Grand Deluxe room 10th anniversary. The stay good, excellent. We paid $760, taxes extra.The room quite nice, facing Fifth Avenue. Outfitted well bathroom great. Overall rooms smaller Four Seasons. This first Peninsula NY stay, I recommended friend mine regular visitor.Things I liked:* Prompt, courteous staff* Aim please; rectify issues quickly* Great central locationThings I like:* Temperature room (controlled unit near phone), display actual temperature. All control unit speed, temperature UP DOWN. You never know set to, current temperature.* Part package included free paper - I requested NY Times check in. It next morning - I call it.* At check I asked time we'd check (late check part package), Housekeeping disturb us. I indicated 1pm, housekeeping still showed 9am next day!! Why ask, going communicate info?* The forgot Orange juice room service order* The package included pressing two garments. I shirt pressed dinner, next morning check out, tried charging $12 it. After I pointed out, removed it.All all, good stay - issues, I would give 4 stars. I still think hotel, albeit little cheaper Four Seasons, little bit work catch up....I've stayed Four Seasons NY, five ot five stars!!",0.20154918981481482,0.49697150997150996,Apr 15 2007
52,52,"Still one best IN NYC As regular vistor NYC Peninsula, I cannot recomend highly enough, everytime stay love it. From check departure service fantastic. Consierge booked evening restaurants even sorted cinema tickets us. The location ideal right heart city. Well worth staying even visit walking by.",0.42321428571428565,0.5015796703296703,Feb 5 2007
53,53,"Not family friendly We stayed Christmas hotel. We travelling well behaved small children .Chose due location 5th Ave indoor pool. The pool disappointment. Childrens times swim restricted even times children - even quiet ones, popular guests health club members..Location great - great shopping. Hotel expensive. Children charged breakfast basis adult, breakfast $140 2 adults 2 children. 8Concierge recommended restaurants great ask around. Have also stayed New York Palace close also rated 5 star, represents better value money Peninsula.This probably suited older travellers never look bill. Great views 5th Ave pool bar. Nice bar restaurant staff helpful doormen. Hotel clean well maintained.",0.10927128427128428,0.5336291486291486,Jan 14 2007
54,54,Classy Peninsula We returned London 4 children wonderful stay Peninsula Christmas. The Concierges informative helpful. The rooms excellent housekeeping 5*. The BEST location shopping restaurants.,0.6599999999999999,0.7,Jan 1 2007
55,55,"Just okay - good enough The Peninsula really got fantastic location....it's bad nothing else justice.Our check efficient. Our &quot;junior suite&quot;, bit bigger room couch, thankfully high floor great view 5th Avenue. Other that, room non discript, boring, feeling tired.....so much I questioned walking barefoot carpet. The bathroom great size, considering space two sinks...At price tag room came - I expected feel luxury - even close. The staff fine, although impersonal bordered rudeness. So much so, coming night I demanded show ID....I already 3 days! There &quot;Hello Mrs .....&quot;, &quot;Welcome back....&quot;. Housekeeping inconsistant, failing replace amenities leaving used glassware.The concierge service good. They get great theater seats, hard come restaurant reservations (we give months notice).The Peninsula special. I would rather walk stay again.",0.10529507529507531,0.5284076109076109,Dec 8 2006
56,56,"Overrated overpriced bad management We stayed Peninsula corporate rate allowed us get free daily breakfasts one free dinner three day stay. Only checked notice charged dinner. When called management complain - got run-around promised credit. It's three weeks two phone calls later still credit return call. In addition given horrible extremely tiny, dark old-looking room upon check day one. For $750/ night corporate rate, shocked! While moved suite making complaint, whole thing supreme hassle. We could stayed Mandarin, spacious completely new room excellent city view price. Don't waste time money - go Mandarin - much better service, better rooms, hassle. The location Peninsula - one pluses - make everything else.",-0.004220779220779199,0.48315295815295817,Dec 1 2006
57,57,"Relaxing Luxury Excellent service, large luxurious rooms great lighting, several kinds complimentary bottles drinking water daily. The gym's amenities service exceptional providing clothing, head phones, towels, attendants readily giving water, cold towels, assistance; cost included price room.",0.28677248677248673,0.5753968253968255,Sep 8 2006
58,58,"Great Hotel Great Staff Great Everything! I loved Peninsula NYC. It truly felt like everyone knows name. The service staff exemplary. They went way helpful didnât give âIâm getting paid thisâ vibe sometimes get. The bathroom lovelyâ¦I loved separate shower room. Everything immaculate, way I like it. They provided complimentary fruit water - still sparkling!I agree one reviewer room leisure facilities exactly modern best around made there. In fact, need turn gym trainers, everything else provided. In ways one, theyâve obviously tried anticipate customerâs every need. Iâve never written review Peninsula NYC deserves one me. Iâll definitely stay again. Bravo job well done. If catering needs customers art form, youâve definitely perfected it! Ifeoma, London.",0.4428571428571429,0.6035714285714285,Aug 30 2006
59,59,"Perfection We perfect experience Peninsula. Our room lovely fruit provided every day, half dozen roses changed three times 4 day stay. A selection bottled water complimentary, stocked day. The bed comfortable sheets silky feel. Towels large, absorbant plentiful. Turn service provided evening out, ice bucket filled. We pleasant experiences staff. The lobby bar comfortable, though pricey. However, expect pay 5th Ave. We eat meals hotel.",0.34378306878306875,0.6750661375661376,Jul 7 2006
60,60,"The Peninsula NY - Perfection My sister, niece stayed The Peninsula last year. I love NY! I visited 5 times. Each time I stay different hotel. The Peninsula sets standard 5 star hotels. Every aspect excellent. The roses breakfast tray. The friendly professional staff. The location. The food. The price: worth every penny!",0.309375,0.37083333333333335,May 30 2006
61,61,"Overrated! I found average comparison hotels NYC price. We paid 600+ per night stayed premiere room really pretty average. The room overlooked 5th Ave., could see little. The bathroom spectacular watch TV bathtub control features bathroom controls adjacent tub.The room average seemed bit worn. The TV controls ancient I got change channels. The gym 23rd floor great views facility nice. The cardio area huge free weight area needs imrprovements. The lobby really disaster need go 3 sets steps reach reception elevators. Overall, I never stay property again, money better Palace Four Seasons.",0.17336538461538462,0.5696153846153845,May 23 2006
62,62,"So glad back I noticed mixed reviews late hotel, stayed loyal nevertheless.I glad I did. Stepping Peninsula NY always relief. Such calm, efffeciency, beauty facilities.The Pen Top bar, 20,000 sq ft gym, spa, pool, superb changing rooms.I room service opulant, time, great steak. My room, cheapest class, excellent (I stayed junior suite before, time went smaller).The sun terrace spectacular views. What I I say, I truely love hotel, I even perfer Peninsula Hong Kong (Kowloon).It expensive, hey! You 55th 5th NYC, superb special place.",0.39847883597883593,0.7292328042328042,May 2 2006
63,63,"overpriced Our &quot;GRAND DELUXE&quot; room $795 (before tax etc.) (did NOT include continental breakfast) small, king bed, desk, armoire tv - standard decor - COZY there! The bathroom HUGE, BATH AMENITIES extra - bath MENU prices! The Peninsula lovely great location. The pool beautiful. Fives Restaurant acceptable dining, lobby bar quite nice, Pen Top bar great view. But I prefer St. Regis right across street money breakfast included ...or Lowell Plaza Athenee less.",0.29064625850340137,0.5448129251700681,Apr 4 2006
64,64,"Nice Serene Hotel New York Just got back perfect birthday weekend! Me son went Peninsula birthday chose right hotel.Right enetered welcomed back returning guests last name nice feeling. When checking realized reason staying son's birthday upgraded us extra charge bigger room.Boy treat corner suite 2 flat screen TV's, one room one bathroom. (so nice) The ceiling must 16 feet high I felt like I staying penthouse apartment! It great 8:30 night delievered birthday cake son amazing generous them. I picture staying hotel. The small lobby perfect quiet never know New York City. If seen I advise missing out.",0.2517473435655254,0.5038547815820544,Feb 28 2006
65,65,"Excellent fabulous service ! We excellent weekend The Penninsula. The room comfortable well appointed, staff professional friendly. The food good especially &quot; afternoon tea &quot; Gotham Bar. Housekeeping nice maids really professional super-fast making rooms. The door people best made us feel welcome hotel. The spa really nice lots machines nice pool. I absolutely stay would recommend anyone heading New York either business pleasure.",0.5332102272727272,0.741534090909091,Feb 7 2006
66,66,Good But Expensive I say lovely service excellent times. The roof top gym pool fabulous. BUT everything expensive. Watch hefty room tax also check bill thoroughly; I random items added bill mine (corrected immediately request).Concierge service let bit answering enquiries prior arrival New Years Eve events.,0.10256734006734007,0.5669528619528619,Jan 2 2006
67,67,"Not Par Checked Peninsula New York five nights Thanksgiving. While read reviews snobby behavior staff, experienced quite opposite. Front Desk always quite attentive always saying hello passed by. Concierge could helpful. I see however, people could seen staff acted snobby. It seem one dressed certain way, one would definitely treated differently. The thing snobby one bit concierge always saying, &quot;the best usual Mr. XXXXX?&quot; Upon arrival room, came find small cake perfected berries, celebration son's birthday. I say staff always courteous, mainly usually done something wrong something working. The list things work wrong: birthday cake ordered weeks advance, confirmed, son's birthday specified confirmed numerous times, attempt happen, stopper bathtub work added expensive bath salts, big kicker, HEATER DID NOT WORK. I mean temperature outside really cold, one would expect NYC winter, heater work real pain. The food absolutely amazing. Room service especially accomodating ordered dinner normal dinner menu instead day dining, even though passed cutoff time. The one good thing convenient location came shopping. It right corner 56th 5th Avenue. Would stay again? Probably not. Especially Plaza done remodeled.",0.10595407196969694,0.6182038014069264,Jan 1 2006
68,68,"Erratic; overall positive As native New Yorker returning visitor, I well-acquainted city's hotels. Apart traumatic arrival, room requests ignored rudely dismissed `Welcoming' receptionist (and 10 1/2 hour air trip there), found staff could really enough us. Beware though difference Standard Deluxe Room unacceptable supposed ranking. The `Standard Room' far lower quality deluxe rooms...tiny bathrooms dull, generic decor. It's better opt higher class room here; else stay cheaper hotel. No bargains all. The lobby lovely, far cry usual impersonal New York entrances. The restaurant excellent, expensive; reasons unknown New York, closed Mondays...and Thanksgiving week, one city's busiest times. Beware however outrageous room-service breakfast prices...$90.00 breakfast two consisting juice, cold cereal coffee!!! Their pool spa ranks among New York's best. The mid-town location perfect; around corner many city's best restaurants shopping. All all, I'd return again.",0.14352394916911043,0.5621700879765397,Nov 30 2005
69,69,"Snobs around fully luxury destination We suite connected second room (two adults, baby mother law), costing $1,350 night. While room, location room service staff fabulous, everyone else snob. We stay Four Seasons Ritz -- I've never seen jerks. Even though paying 1k per night, acted belong. Weird... Actually, honest, room clean upon check in. They also forgot turn service twice. A slipping luxury brand....",0.09013888888888891,0.5873611111111111,Nov 29 2005
70,70,"Stay away - maidssteal!!!! My Husband I checked 5 night stay New York. Upon check-in felt thick fog SNOB around. There NOT single smiling face around. The conceirge even rude acted like making dinner reservation TOOOO much. There politeness friendliness single employee. The worst part trip money stolen purse, exactly $80. I accidently left hundred dollars zipper compartment purse. I switched purses leaving fogot I left cash purse. Upon arrival room I found exactly $80 missing. I positive money somehow misplaced beacuse I spent cash yet counted exactly much I earlier day. When filed complaint management told us go file report NYPD missing cash! We going waste vacation time filing report NYPD responsibilty investigate question employees. We much even get apology meeting manager regarding incident. To honest, I felt angry violated someone went purse I cared $80. I expected A LOT supposed five star I paying $660 night for. We checked second night stayed The Palace 51st Madison. What world difference!!!! The Palace New York real luxury never stay anywhere else New York.",-0.003768201495474217,0.3276564344746164,Oct 19 2005
71,71,"Great children We went The Penisula August children aged 5 8, food great (especially cookies arrived every evening), pool fabulous place escape high temperatures parents felt well provided too. The bathroom brilliant, television bathroom great gimmick children cleanliness room second none. We also loved fact given complimentary mineral water needed 90+ heat. We however couple criticisms, one restaurant closed every evening August concierge always correct times ferries etc, points thrilled would definately go back again.",0.313125,0.565,Aug 22 2005
72,72,"wedding heaven wedding penninsula stayed 3 nights. room excellent, bathroom huge walk shower toliet marble bath tv. felt check staff great, even got tour around room check understood everything was. bed comfortable ever slept felt cleaning immaculate. negative mention staff asked father payment wedding room font guests rather calling outside private. still father arranged wedding, bit flustered!we felt like royalty excellent standard, saw bad carpets etc. room service good tv dvd digital card reader excellent.on wedding night staff left us free chocolate dipped strawberries even left radio romantic channel..what ask hotel?in fact feel spoilt, ever measure up!",0.30921052631578955,0.517982456140351,Aug 16 2005
73,73,"Expensive hotel....worth it! The Peninsula one favorite hotels...infact, probably favorite! The Peninsula boasts gorgeous views. It perfect location major landmarks far it. This perfect New York hotel! All employees polite always go extra mile make stay pleasant. Though little expensive I definatly recommend Peninsula anyone looking luxury.",0.28525252525252526,0.708080808080808,Jun 12 2005
74,74,"New Yorks finest The perfect New York. Stayed May 14 till May 19 May 23 till May 25. What say, everything done perfectly, check-in check out. We stayed number 5 star New York hotels last years, The Peninsula best !I see people complaining prices room service. Well let tell you, may cheap good fast. If want cheap book 2 star next MacD. If stay 5 star may expect 5 star prices well. But good ! I like staying Hotels 1.000 + rooms. In Pen know name, gave exact room requested. The bathrooms die for, good showers soaking tubs TV, Beds excelellent general quality outstanding. We breakfast every day outstanding. Staff everywhere friendly efficient. Very good gym, didnt use spa. Pen Top bar great, rest.... Location, Location, Location...... You 5th Avenue, 2 blocks away Central Park shopping doorstep !A good tip people go NY complain quality restaurants hotels general. Don't sleep restaurant eat hotel. Hotels best providing rooms, restaurants best providing food. ItÂ´s NY, hundreds good restaurants go !",0.5259496753246754,0.5578679653679653,May 27 2005
75,75,"A solid choice midtown The room nice, bathroom especially so. I found service quite gracious. The free bottled water room appreciated. Room service high quality unbelievably reasonably priced considering class hotel. The public spaces little weak, spa outstanding. I'd stay based location, service, spa.",0.1361363636363636,0.5642424242424243,May 16 2005
76,76,"wonderful It's 8 years since I've stayed Peninsula still looks fresh. They've done nice job keeping looking updated. It luxurious contemporary, grand old new york like Pierre Carlyle, quite nice. The staff polite professional. The room (a superior) small, nicely appointed great bathroom. Best all, supremely comfortable bed room quiet. I hear whiff noise street adjacent rooms. I highly recommend Peninsula adult business travelers vacationers. I'm sure I'd bring kids here, though.",0.3259489633173844,0.6175491759702287,May 14 2005
77,77,"Great Hotel I stayed Peninsula New York numerous times I town business. This great hotel, great service. I stayed many hotels class New York (e.g. St. Regis, Mandarin Oriental, Ritz-Carlton, etc.) far favorite. I stayed properties Hong Kong Chicago execllent well. It great location, nice rooms, two good bars enjoy drink afternoon evening. The food bit expensive typically served, many great restaurants walking distance. Highly recommended.",0.3498030303030303,0.6374545454545454,May 3 2005
78,78,"Understated elegance Having regular, I stayed The Peninsula last four years. Before going I - usually - checked Trip Advisor got concerned criticism. Even though I decided check old time favourite.With due respect dissatisfied ones, I very, happy stay. The best example I know understated, low profile elegance.The room furniture excellent, marble bathroom must, desk superb, accessible eletric outlets, wireless internet acces lots space work.The staff always courteous efficient.Since nothing life perfect, I recomend Fives Restaurant, overpriced worthwile. But I'll sure go back place, paying high, getting best.",0.4329411764705882,0.5101458019105078,Apr 17 2005
79,79,"fun weekend stayed long weekend anniversary Gates first went up. The location great that, checking new Moma, shopping Barney's hitting fancya restaurant (Daniel). The room fairly large comforatable found quiet. I would go back second.",0.18506493506493507,0.3199783549783549,Mar 8 2005
80,80,"Loved place Very expensive beautiful comfortable rooms.Location perfect staff professional, room service excellent much expensive. I've stayed New York many times BEST.",0.27603305785123966,0.687685950413223,Jan 22 2005
81,81,"The ordinary hotel. Save money. My friends, excuse ghastly pun; Peninsula submerged. What grand glorious example five-star luxury apparently deteriorated point require major intervention. I deliberately avoided writing anything (I stayed nearly year ago) sheer apathy...which, I'm sorry say, reflected apathy Peninsula's hospitality staff. This gleaming bastion old-world elegance grace Fifth Avenue contains establishment trumped dozens three-star hotels one fifth cost. Between condition bland room, dingy, motelesque bathroom, tired, worn, perforated furnishings, smelled faintly mildew...and apathetic staff...not mention horrible, overcooked, overpriced room service fare, made glad check end two-night business stay. Out courtesy sheer exhaustion travel, I ask change room I W July. &quot;But Peninsula!&quot;, I kept telling along way...&quot;...it get better!&quot;. However, optimism languished first night realm &quot;coulda, shoulda, woulda.&quot;. What left particularly sour taste mouth I repeatedly made earnest attempt comment staff observations, met blank stares inferences management give two toenails complained. I tried keep open mind I returned home wrote letter manager, trying sound like embittered young whippersnapper, rather experienced traveler offering constructive criticism. I received response...in truth, I nearly forgot whole thing happened I stumbled upon copy letter last night. Travelers, forewarned. For kind money, entitled really special New York experience, ordinary rested laurels point seems get name alone. Go Essex House folks love jobs get best sleep ever. Go Trump, feel like celebrity. Go online get great rate Four Seasons, everything designed pamper. Get suite W Court, feels like exclusive apartment city...all probably less I paid Peninsula debacle.",0.1168290043290043,0.5317830817830819,Jan 6 2005
82,82,"Very convenient comfortable Recently, stayed NY Peninsula weekend. We Grand Luxe room looking Fifth Avenue. After reading reviews site, bit concerned hotel. But excellent time - room delightful - clean comfortable large bathroom. The lobby quite small bother us. The swimming pool top floor pleasant. The staff, especially concierge, helpful friendly. The location convenient shopping, restaurants trip MOMA.",0.3906190476190476,0.6652380952380953,Dec 25 2004
83,83,"Shabbiest Peninsula Hotels I stayed Peninsula Hotels Hong Kong, Chicago, Beijing Bangkok. These amazing hotels. However big difference quality decor one New York, expected especially given New York one far expensive. From lobby (old fraying carpets, dim fluorescent lighting) Grand Luxe room even Fives restaurant breakfasted (obviously peeling wallpaper), overall impression fallen shabby need serious refurbishment. Not impressed all.",0.0449643493761141,0.5735739750445632,Nov 4 2004
84,84,"Just OK Stayed Pennisula New Yorker's recommendation. The location central shopping 5th Madison. I planning staying Ritz 4 Seasons, stayed based friend's recommendation.The first turnoff rather rude reception check-in. She nothing make feel welcomed, even hello smile. At least Ritz 4-S's muster smile friendly hello, even sincere. The room ok; The plasma tv highlight. The bathrooms nice. Comparable nicier hotels I've stayed at. The cost room service beyond exceptable amount, even high end hotels. I mind paying normal overpriced room service cost Ritz Four Season's, I got here, beyond overpriced. The bed comfortable all.They need something quality beds. Unfortunately, checked rude front desk girl pretty much decided come back again. For kind money, much better places NYC stay at. When doubt - Ritz Four Seasons. Should went initial thoughts.",0.12380681818181817,0.48136994949494943,Jul 6 2004
85,85,"Peninsula kid Stayed Peninsula NY June.Great hotel, service kid A1. My 5 month old son loved Peninsula teddy bear! The pool fun, great view. Good room service, food Fives many NY restaurants. Will go back soon. Like one guest commented kid, Peninsula age ''very good thing,'' think right.",0.4470714285714286,0.4465714285714286,Jun 28 2004
86,86,"Loved going back second time weekend! I stayed first time Jan'04. I AMAZED size Deluxe room. Previously I stayed Pierre Hotel little disappointed room amenities.The Peninsula room foyer luggage rack great storage space. The bathroom double sink, marble, TV tub (LOVE THAT), HUGE shower separate toilet. The linens king sized bed die for. The electronic touch controls took care everything lights, music; DO NOT DISTURB sign.Room service pricey (but NYC) however service fast food hot.My minor disappointment lobby small grande I hoping upon arrival. But front desk accommodating professional friendly. The spa OK, I impressed. The massage therapist esthetician average skills techniques prices pay services.All all, I loved &quot;feel&quot; elegant classy hotel....As I said, heading back weekend!",0.17098214285714283,0.4928571428571429,Jun 16 2004
87,87,Highly disappointed,-0.75,0.75,May 24 2004
88,88,Well I expecting something special,0.4285714285714286,0.5357142857142857,May 1 2004
89,89,Almost,0.0,0.0,Apr 22 2004
90,90,Quiet/Comfortable Elegance,0.0,0.0,Apr 17 2004
91,91,Great service great bathrooms great spa,0.8000000000000002,0.75,Mar 29 2004
92,92,Rooms snuggle in!,0.0,0.0,Feb 12 2004
93,93,5th Avenue Elegance,0.0,0.0,Feb 2 2004
94,94,Room Service treats,0.0,0.0,Jan 28 2004
95,95,Loved it!,0.875,0.8,Dec 15 2003
96,96,Loved it!,0.875,0.8,Nov 19 2002
97,97,esta muy viejo,0.0,0.0,Oct 7 2009
98,98,Sobria eleganza,0.0,0.0,Aug 31 2009
