,Unnamed: 0,Reviews,polarity,subject,Dates_extracted
0,0,"Pleasant central HI Express Times Square South We stayed 2 nites past weekend. The squeezed 2 affialiated hotels, candlewood suites hampton inn. Location 39th street,about 150 feet corner 9th ave-- 4 block walk times square. 9th better walk night TS 39th street mostly businesses closed 6pm deserted. Rooms compact order Eureopean room, two feet space side K bed near window. Breakfeast free internet available, making nice savings rate. Rooms quiet-we 32nd fl heard street noise adjacent rooms-4 rooms floor, 36 floors. Hotel less 1 year old rooms fresh comfortable. One elevators seemed fast slow. Staff friendly concierge helpful. Nearest subway 8th/42. Good restaurant choices Hells Kitchen area/restaurant row-try favorite, Hell's Kitchen upscale mexican Basiliica across street prixe fixe pre-theatre special. For theatre tickets, 50% tyr Visitor's Ino Cetner 7th/53. All things equal , location, I would stay Marriott Courtyard Times Sq 40th/7th better situated toTS amenities. See prior review.",0.21335034013605442,0.45642006802721086,Nov 23 2009
1,1,"Nice comfortable stay. In heart midtown Manhattan, great stay in. It recently renovated rooms brand new. It's minutes' walk Times Square.Tip: Have breakfast soon available till stocks last!",0.2373737373737374,0.5356902356902357,Nov 16 2009
2,2,"Great value It first visit New York 6 us staying. Check quick easy, rooms clean attended every day clean towels etc. The wait lifts acceptable considering two breakfast excellent, lots different choices, expecting coffee muffins! Location ideal Times Square/Theatres/Subways/Port Authority bus station etc. All within 5 minute walk, group females feel unsafe. There problem noise street outside either sie building, 4th floor could sleep window open without disturbed. The staff reception, breakfast, concierge bell boys extremely polite helpful would definately able recommend base anyone visiting city.",0.2669602272727273,0.7035132575757577,Oct 31 2009
3,3,"good place bad service/management far away times square, good overall.one incident forgot 240 $ drawer housekeeper took away!i informed manager knew lady didnt anything.wounderful conceirge, front desk",0.1625,0.7166666666666667,Oct 28 2009
4,4,"The Holiday Inn Express new close Madison Square Gardens. The Holiday Inn Express new hotel, close Madison Square Gardens. I booked Priceline $100 per room per night. The room allocated first floor, asked I could change it, gentleman reception allocated room 35th floor amazing view extra cost.The bathroom standard toiletries - shampoo/shower gel/shower cap. Hairdrier also supplied.The room kettle/cups, outside door ice machine, snack/confectionery dispensing machine. The rooms great size, enough space get ready. There ironing board iron one wardrobes.There fridge.Cleanliness - new hotel, clean.Breakfast - good selection, suitable vegetarians, also take breakfast room. Would recommend taking extra teabags/milk, supplied room.Noise - quietStaff - friendly accommodating.Opposite concierge desks two computers free intenet use, printers attached.Location - Very good, Penn Station nearby, I walked everywhere, half hour walk Central Park, Macey's, Empire State building close. The street dark, well lit.Would defnitely recommend hotel, aiming become three star soon.",0.2412208624708625,0.4333216783216783,Oct 25 2009
5,5,perfect staff extremely friendly helpful!! Rooms clean beds comfy!!! Views room okay!! ( I expected alittle better view) overall worth stay I would recommend friends family!!Very short walk penn station subways!!!,0.44424189814814813,0.4677777777777778,Oct 23 2009
6,6,"Quiet central This quietest I've ever stayed NYC. I guess new - stayed rooms 2nd 3rd floors never heard traffic room noises. The rooms small expect. The beds comfortable others said.The elevators painfully slow use glad lower floors could take stairs. We eat breakfast - Hot &amp; Crusty Cafe bagels nearby gave typical Holiday Inn Express breakfast miss.The front desk staff pleasant helpful. I wish we'd gotten Priceline, rate horrible NYC considering 4 adults room.The biggest &quot;minus&quot; size bathroom - small &quot;surfaces&quot; place towels, items on, problem 4 us.I would definitely stay recommend friends, especially get good price room.",0.03590151515151515,0.5349772727272727,Oct 20 2009
7,7,Great stay great price Booked thru Priceline got great deal $99 per night. Hotel great location. Rooms small clean quiet. Desk clerks pleasant. Would liked mini fridge room. One odd thing towel storage inside shower enclosure forcing find place put extra towels small bathroom showering.,0.3802777777777777,0.5994444444444444,Oct 13 2009
8,8,"Close action clean! A friend I visiting friend Brooklyn last minute, decided stay Manhattan closer restaurants Broadway (and bit comfortable too). We want spend lot tried using Priceline got $100 1 night compared $300 advertised! The quick walk Time Square staff friendly efficient. We king size bed room clean roomy enough 3 us. The bathroom clean. It great stay. We also 23rd floor heard street traffic noise. The complaint TV channels fuzzy, go watch TV.",0.2692307692307692,0.5397435897435898,Oct 11 2009
9,9,Best Value Times Square This clean affordable best blocks away heart times square. I absolutely love shampoo conditioner.,0.5333333333333333,0.4,Oct 9 2009
10,10,"Pleasantly Surprised I make last minute reservation business trip week UN meetings (and city booked!) I stayed prices reasonable considering situation. You could tell recently remodeled (like TV commercials say), room great! The bed super comfortable, I slept like baby. This NYC, room fairly small, much bigger comparable hotels I stayed in. They WIFI room easy access, great stay price! If looking something convenient Times Square area, great option!",0.3293589743589743,0.6144871794871795,Oct 8 2009
11,11,"Excellent choice REally impressed location. Staff friendly. Arrived early 11 am, able check right in. Rooms small expected NYC, very, clean. No long wait elevators, posted before. Breakfast repetitious, would nice alternated one day omelets, sausage next day scrambled eggs, bacon, trick. Free internet use, lobby, get it. Street busy day, little deserted nighttime. Safe though. Liquor store drug store corner 7th 39th st, handy. Cute restaurant around corner 8th st, Westway name. Great breakfast reasonable. Turn right lobby, go right, corner turn right 43rd st right hand side. Excellent!",0.36720952380952376,0.6285428571428574,Oct 4 2009
12,12,"so-so value money First, positives: -My friend I stayed Holiday Inn Express Times Square September 3 nights. We booked holiday expedia.ca got great rate booking flights room together (it cost $630CAD return airfare toronto new york included three nights hotel.) For price, great deal. -The room small, functioned exactly needed - private bathroom shower/sink/toilet bed. -The room clean - bedsheets, carpet, bathroom clean well kept. -There bugs - bedbugs, cockroaches, creepy-crawlies sort saw (good news North America beginning bedbug problem again.) -The location great; five minute walk Times Square three minute walk nearest subway station. -There's free computers internet lobby, I never waited 5 minutes use them. -The free breakfast ok, healthy vegetarian-friendly, still nice glass orange juice bagel get going morning.-Each room air conditioning heating unit (a bit noisy, bring earplugs kind thing keeps night) well television.Negatives: -if booked own, worth $270/night cheapest rooms available, there's definitely better finds check around bit more.-The front desk staff rude messed booking (it eventually sorted, girl check-in help whatsoever hour talking people phone, put hold given run-around turned front desk girl fault made error checking someone last name me.) -There two elevators servicing 35-storey building; day night much issue, around breakfast time/check-out time waited 6 elevators go lugging suitcases stairs.Over all:-I would stay I got good, cheap rate flight rolled one. Clean rooms offer place sleep night, shower store luggage really looking fulfilled needs well. For price paid great value right heart Manhattan, close subway touristy things.",0.3278347049775621,0.5632504003932575,Oct 3 2009
13,13,good position bad value money Was clean good service. Great position see everything,0.5833333333333333,0.6633333333333333,Oct 2 2009
14,14,"Great price. Rooms small, almost new would expect unless throwing party room let bother you. Spotless inside, bed SOOOOO comfortable!! My wife checking comforter see made lol! Great water pressure also, took nice 30 min hot shower..something ya never home! It 8 min walk Times Square, I'll walk 5 6 blocks save $250 night! Elevators somewhat slow, aint Marriot. Get free breakfast 8am there's plenty food coffee go around.Only negative thing parking. We called told parking $50 night. Not bad NYC standards. On first call told could drop car would park site lot. Then told got would drop IMPARK lot 5 min away walk. Weather nice u might want call see us misunderstanding bad policy.So looking save couple hundred dollars night, stay nice clean that's close TS it. If looking stay TS like spend $450 room sleep pass this.",0.32603640572390563,0.6761784511784512,Sep 27 2009
15,15,"Clean small rooms Hotel located close Port Authority bus terminal, times square, empire state. Very nice location...Rooms small clean, especially beds clean. Down side, someone ate chips drunk sprite left empty boxes room. I asked reception check happened never get back me. I think one cleaning personal watched TV room. I want pursue I want someone loose job me. He/She touch belongings",0.07716809116809119,0.5312079772079772,Sep 21 2009
16,16,"Good basic hotel. While luxury, solid option NYC. Its super close action Times Square Theater District, short walk subway. Great breakfast, service cleanliness. Room smaller size, three people two double beds, completely comfortable. I would definitely recommend!!",0.16666666666666669,0.40378787878787875,Sep 21 2009
17,17,"Great stay confortable stay! I stayed property labour day weekend, I wonderful stay, staff helpful nice. The room big size good Nyc hotel, free High speed internet. Breakfast good choice Cinnamon roll amazing, bagel English muffins, cereal yogurt, eggs stuffed cheese etc... breakfast room comfortable size... I say get little crowded around 9am, BUT there's always staff member refill whatever missing! Location perfect 5-10 min walk Port Authority station Time Square.",0.4064062500000001,0.62125,Sep 20 2009
18,18,"Good location free breakfast complaints Stayed recent Saturday night using free stay I earned Priority Club. Priority Club gave choice several locations NYC, I glad I chose Holiday Inn Express. It new (August 2009) located W. 39th St. 8th 9th Aves (it right next Candlewood Suites Hampton Inn). We arrived NYC Penn Station, found walking easy (probably less 10 minutes). Traveled city quite bit using subway, near Times Square Station (took # 7 train Grand Central travel east, # 6 downtown Little Italy). Also took cab SoHo back hotel, cost $11. Check-in check-out problems. I even able check-in hours early. When I checked out, I able store bags additional charge, allowed time explore NYC. The tall narrow - 30-something floors, I know floor 5 6 rooms it. The room clean somewhat small, expected NYC. We pretty full schedule planned NY trip, really first checked in, slept, breakfast, small room really issue since spent little time there. We slept good, outside noise issues (while called Holiday Inn Express Times Square, location blocks away major hustle bustle). Our room partial view Hudson River. As Holiday Inn Expresses, get free breakfast, I found quite good (pre-made omlettes, bagels, juice. muffins, etc). I thought plenty tables breakfast, I suppose could get busy certain times morning. I would definitely recommend people looking location convenient Times Square, Broadway, Port Authority, Penn Station. I'd like stay again, although I doubt I unless I get another free night (if I paid night I stayed free would $350!).",0.16696163765312705,0.49131251726996433,Sep 15 2009
19,19,"Great location budget-minded traveler Great location, couple blocks Times Square theater district. Since new, rooms modern, clean, bright. The beds really comfortable. The lobby, however, left lot desired. When arrived saw tiny, somewhat dirty, crowded lobby, afraid room would like, rooms fine, although quite small. The free breakfasts adequate, great moneysaver. The customer service par Holiday Inns, however. There three hangers room called more, one ever came. The front desk crew seemed inexperienced marginally helpful. But price right willing forego amenities another might provide.",0.18992454304954307,0.6078117484367486,Sep 14 2009
20,20,"You Get What You Pay For If looking usual Holiday Inn Express experience, satisfied one. A good value considering location, room decor, comfort, services provided. If want bit closer action (Times Square), larger room, services, need stay elsewhere.",0.25833333333333336,0.4916666666666667,Sep 13 2009
21,21,"Brand new affordable many amenities This brand new offers - fairly low rate - large clean rooms, free wireless internet, business center, breakfast. It's centrally located (not cleanest part town), couple minutes away Times Square. Staff ok. The downside I think elevator: although fast, two serve 36 storey building. Getting downstairs check-out-rush-hour might take 10 minutes.",0.18874458874458874,0.4682817182817182,Sep 13 2009
22,22,"Clean Comfortable Stay I went group 15 young people . We stayed weekend personally I enjoyed stay hotel. The people reception accommodating patient. We found service personnel kind helpful. I expecting bad experience New York hotels reading negative reviews small, unclean, uncomfortable places quite opposite. The rooms clean, small, widescreen tv, desk w modern lighting , armoire, ironing materials, night table, cofee pot. In words worked well space had. We lacked nothing needed. It also helped 26th floor ice &amp; snack machine. I liked simple abstract designs double bed room 3 us stayed. The bathroom great. Clean big white toiletries replaced often It's refreshing see flowers pompous bedspreads. Breakfast plus get early later order find good seating. It good. They cereal, milk, eggs cheese, toast,coffee cranberry, apple, type juice. There small sitting area lobby another area two PC stations internet use. We also internet access rooms laptops. Check times listed 12 internet made reservation..only discrepancy booklet room has, says check time 11 turned pretty flexible anyway. They also held luggage us couple hours checked out, helped us find appropriate transportation get airport later. So overall, great affordable experience NYC staying",0.16656565656565658,0.4788431938431939,Sep 8 2009
23,23,"New startup problems ok 1 person room It new, clean place, general reasonable rooms. Price level standard others around. OK stay, comfortable, tolerate following:.-Lifts slow crowded. Especially housekeeping staff laundry carts use lifts guests. On 3 day stay, numerous occasions, housekeeping would crowd cart already crowded lift cage, hold doors open talk housekeepers various floors lift stopped. 5 minute waits normal..-Breakfast -- free, complaint -- also crowded peak times around 9 am. Long lines, seating..-Room air conditioners seemed binary control (blast cold air, blast hot air) type. If can, dont take 2xbedded rooms, AC unit blasts direct closest bed. Try king room, seems better..-Little coordination front desk housekeeping reservations. One day, housekeeping knocked 4 times ask leaving, going to. On another day, two rooms made housekeeping waiting us depart, scheduled do. An hour sit lobby housekeeping rescheduled rooms..-One two reservations lost reception, dug emails.The reservation issues seem teething problems newly opened place, quickly get sorted. Others tougher challenge.This &quot;sister&quot; Candlewood Suites Hampton Inn brands next door (literally 5 10 meters away). Prices appear quite similar. Would recommend trying two alternatives case internal details better there. But especially housekeeping staff seemed mix match brand uniforms, may much meaning.",0.1175548589341693,0.49098746081504707,Aug 9 2009
24,24,"Great Value Very clean, good location, complaints except elevators..there 2 almost 40 floors. Ice machines every ~ 9 floors. Beds great.",0.4627777777777778,0.835,Jul 26 2009
25,25,unfriendly good location dirty business area newly refurbished clean air conditioned rooms near madison sq gardens penn station location business district dirty hot junestaff unhelpful refused store luggagebreakfast room tiny food quite good tables outside roominternet tiny foyer busy cleanone best things outside tables front behind sit bought drinkconcierge never need ask meeting group tiny notice displayed late front tiny booth maps available need ask staff bother volunteering information,0.08015151515151515,0.5097272727272727,Jul 17 2009
26,26,"Beware #2!! Not Open Until August..... While checking dinner reservations near hotel, noticed first &quot;Beware&quot; followed up. Indeed, would arrived late night - party six including two small children rennovation even taking reservations June '09. When I called Holiday Inn, customer service confirmed reservation first weekend June - reservation made January 2009! Then told would taking reservations June 25th? Then referred customer service confirmed would open August 16th! Why I told six months ago? So I spent better half day trying find another - gave continental breakfast proximity destination process. By way, I called telephone number website spoke someone pretense IN - confirmed could leave bags concierge check-out sightsee, restaurant even open! So careful actually speaking THE personnel. Good Luck!",0.13651960784313724,0.5313725490196077,May 30 2009
27,27,"Beware - there! We arrived long trip NYC, ready check hotel. We arrived address listed given us confirmation Holiday Inn. The dark, empty - evidence perhaps Holiday Inn peice paper taped glass window saying Holiday Inn. After calling reservation number, HI rep line know open. We ended staying street told happend people. He said remodled behind schedule.",-0.0867283950617284,0.5182098765432098,Mar 25 2009
28,28,Consigliato,0.0,0.0,Nov 15 2009
29,29,Aamazing!!,0.0,0.0,Oct 11 2009
30,30,bon rapport qualitÃ© prix,0.0,0.0,Sep 24 2009
