,Unnamed: 0,Reviews,polarity,subject,Dates_extracted
0,0,"Clean Comfortable round good I long returned hotel. We arrived 2pm reception staff friendly checked striaght away, reception also provided us street map helpful used thru stay. We 8th floor back view office blocks didnt bother us dont spend time room night heard noise! The room smallish dont spend much time room, however up-to-date 2 double beds room (requested twin beds) beds comfortable like sleeping cloud!!! Another bonus plenty pillows dont usual find hotels!!! Towels provided well standard shower gels soap. A free paper door every morning. The includes breakfast great, cerals, toast, muffins, couple hot opitions egg, bacon changed morning good always something different have, coffee, tea juices. One night asked reception nearest place could get tea allowed us get one dining room free charge good service. There also ATM hotel., fitness centre free charge honest I didnt use didnt go see it, free sercure wi-fi too. The I thought great location one block Macys Empire State Building, times square easy walk away. We timed 59th St Central park starts took 45 mins steady pace. As flight evening kept hold bags us even locked away laptop ordered us taxi airport. All great would stay I return NY,",0.3174045138888889,0.5494444444444445,Nov 22 2009
1,1,"NYC Centrally located, clean hospitality great.",0.3888888888888889,0.5666666666666668,Nov 16 2009
2,2,"Nice Hotel I've stayed times since opened. It nice, nothing special. I try stay Hilton Family hotels like Hampton's. My main problem Hampton front desk staff -- act like huge favor checking in. Overall, rooms fine. The lobby bit dingy, surprising year old. They small fitness room, business center free wifi. The location close Penn Station, Macy's Times Square (5 minute walk), great base city.",0.19940476190476192,0.5721726190476191,Nov 16 2009
3,3,"Better expected!!! I reluctant book originally rated two stars. I guess two star mind small, filthy, outdated dilapidated. We pleasantly surprised walked room. Clean, updated, comfortable beds. The room big small hotels NYC. Internet included well breakfast usual continental, also hot items. You get breakfast early, appear replenish. Location convenient, blocks time square midtown attractions.I'm sure rated 2 stars, definitely felt like 3 stars me.",0.02136322463768115,0.6107487922705314,Nov 8 2009
4,4,"Excellent base explore new york Hotel ideally located sight seeing shopping - fact see empire state hotlel window (if lucky like us) pop around corner shop Macys!. Room family room, large enough space four us luggage, clean tiday comfortable beds. Bathroom small excellent shower gave complimentary shower gels etc. Hotel quiet noise new york could heard ( especailly trash collection day). Breakfast available morning youngest loved doughnuts!. All staff friendly always happy help. If want food would reccommend Brendans (oppostie hotel) RUB (bbq) pizza Lombardis (expensive nice). The subway outside daily/weekly tickets allow travel everywhere. Beware security checks sights add time queuing etc.",0.2934008451865594,0.6668728097299528,Nov 1 2009
5,5,"Great value great location Choosing Manhattan always challenge. We like near Penn Station, take train Newark. The Hampton Inn less 5 minute walk, underground weather bad. The appears new subway station less 100 yards front door. You walk quickly Times Square take subway virtually anywhere city ease.The room new modern. We love Cloud 9 beds slept well 3 nights there.Our criticisms lack security elevator (someone would walk front desk get elevator, fron desk clerk occupied, one watching) proximity room ice machine 15th floor (do really need ice 3 morning?). Minor points really good hotel.The staff wonderful, including front desk, breakfast crew housekeeping.To sum up, pleased cleanliness hotel, friendly efficient staff, modern design room, quality breakfast location.",0.2664772727272728,0.5190909090909092,Oct 25 2009
6,6,"Terrific location We great 4 nights hotel. The rooms comfortable, would expect size hotel.It central Midtown Manhattan, right next subway station, close Empire State, 5th Avenue, Macy's, Broadway Times Square name few!The staff helpful, quick rectify fault lighting one rooms. Free breakfast convenient time too!Thoroughly recommended",0.2821164021164021,0.5789682539682539,Oct 20 2009
7,7,"Good place stay I thought Hampton Inn great value place, get money's worth. Friendly staff, rooms clean get complimentary wifi continental breakfast. Quiet sleep wait long elevators - longest I waited possibly 2 minutes one time. The contentental breakfast good assortment - fruit, juice, bagels, donuts, yoghurt, cereal 1 hot egg breakfast - bad! Right around corner Macy's Herald Square next Empire State Building - nice see night! I would come again. For restaurant, try Nicks &amp; Stef's Steak house $$$ worth - near Madison Square Garden. Also, go see Memphis Broadway show - good show!",0.3863095238095237,0.5429323308270677,Oct 16 2009
8,8,"Fantastic Got Hotwire. Very happy. This right middle many things. Macy's street, great location subway. The iteself nice. Rooms great nice. Very comfortable. The staff nice breakfast good included room. Would recommend anyone traveling New York.",0.538323026180169,0.711367759224902,Oct 14 2009
9,9,"Brand New Great location! The brand new (opened Nov. 08 I believe), everything looks new. The location superb...not walking distance many attractions, also well connected subway stop corner. The rooms new flatscreens, I found impressive. The actual size room big NYC standards, though unaccustomed hotels NYC may find bit small, I can't fault property this. As Hampton's, get free breakfast morning. The breakfast staff warm welcoming &quot;Good morning, sir&quot; every time. Parking available directly across street receive discount stay. However, price still sky-high per NYC standards. The assist wife getting luggage across (at times) busy street, appreciated. The business center new convenient. We able go print directions matter minutes. I would stay heartbeat price looks good, take place!",0.2768755739210284,0.4793916437098256,Oct 9 2009
10,10,"This great place!! The location great. It's 1/2 block away 34th Street Herald Square station one block away Empire State Building. It's 2 blocks away Macy's.The beds comfortable, breakfast included.Also free Wi Fi!!I'd stay second!!",0.52,0.6199999999999999,Sep 29 2009
11,11,"great location small space This located near Herald Square short walk Herald Square/34th Street stop subway. You easily walk Empire State building hotel. We enjoyed free breakfast, free wireless internet, free access business center (great checking flight printing boarding past). The rooms clean modern large flat screen televisions. If looking room stretch out, much. The king-sized bed took floor space, plan spend time exploring city less time room, work fine!",0.2639739229024943,0.4901700680272108,Sep 24 2009
12,12,"Stay experience worst customer service ever Do stay hotel! The customer service horrible, booked promised 2 beds. We booked 7 nights first 3 nights cousin (male) I (female) share double bed.The front desk ignored requests said room available. We finally got room 2 beds night 4. To say least made trip uncomfortable. I calling, emailing, phoning try get response management never bothered even reply. The run worth price. That combined customer service, makes bad place stay.",-0.2361111111111111,0.5325396825396825,Sep 22 2009
13,13,"Great deal free breakfast? What's like? I booked Priceline's Name Your Price service got $115 one night. What deal! My room clean, comfortable bad size middle Manhattan. HD TV large selection cable channels nice touch. Free wi-fi room. Staff friendly helpful, especially needed extra coffee packets deliviered room. Free breakfast morning huge plus. The breakfast room basics - omlettes, hot cold cereal, coffee, bagels, muffins, donuts, fresh fruits, yogurt more. My room view Macy's Empire State Building. Subway entrance literally steps away front door. My one (minor) complaint slow elevator service. Only 2 elevators serving 20-story inadequate. That said, perfect one-night stay.",0.2502380952380953,0.6758095238095239,Sep 15 2009
14,14,"Great weekend stay otherwise Stayed 6 days beginning September. Check time 3PM. E-mailed also asked got room view first time NY given room back facing office. Upside quiet. Perfect night's sleep every night. The room comfortable. Other reviews complained rooms small two people king room, plenty space. Bathroom spacious also. The bed extremely comfortable room always clean. There free Wi-Fi great. The complimentary breakfast every morning great. There plenty choose from- fruit, yogurts, cereal, doughnuts, toast, juice, tea &amp; coffee there's different choice hot food everyday. If time stop, provide 'on run' breakfast bags reception I thought lovely touch. So planning stay couple nights, good. Location one subway stop Times square short walk. I never felt unsafe area. Central Park bit trek I plan another trip NY, I'd stay nearer there, that's preference. The reason stay perfect couple things bugged hotel. Firstly, safe room. There safety deposit boxes reception usually left waiting queue get access box. The box thin flat there's fitting big camera there. Both partner I brought plenty camera equipment SLR cameras facilities store these. I felt bit uneasy need store anything safely, affect stay all. Secondly, I thought people exaggerating elevators two 20+ floors there's staff elevator either. You find waiting long time lifts full, sometimes 10 minutes. This frustrating hurry somewhere. Lastly, laundry facilities surrounding area. This issue staying couple days people, might problem. Overall, I great stay major deal breakers hotel.",0.19061991869918696,0.5372357723577235,Sep 12 2009
15,15,"Want go back one day We returned spending 5 days NY stayed Hampton Inn Hotel 59 w 35th street. Hotel lovely however I one gripe breakfast room sooo cold air conditiioning 24/7 made uncomfortable breakfast even though I jacket/cardgian on.I thought (whilst walking around) I might feel risk way I I want praise staff shops visited ( top designer shops) soo helpful me. They take particular item looking impressed greatly I think UK would simply point area!! I would like say debating whether go cruise/dinner....go went World Yacht Cruises lovely evening, ladies take jacket/cardigan restaurant cold quite trip I jacket (of sorts) felt cold time. The meal excellant husband steak raved it, I chocolate dessert die believe me!!!!!when disembark cruise walk road turn right walk short distance see taxi/cabs waiting, cheaper taking offer limo kinds waiting",0.0038640873015872972,0.6353174603174605,Sep 8 2009
16,16,"Perfect I stayed taking New York State Bar Exam, fun experience. The made big difference me. I needed place clean, quiet, comfortable, Hampton Inn fit bill. It nearly new, spotless around. My room small, I needed. The bed amazingly big comfortable, great desk work at. The free Wifi room huge bonus. I got great rate Priceline ($230 2 nights including taxes), felt like steal. If looking place stay New York that's clean, comfortable, convenient, friendly, place go. If want better place, going spend least twice much money.",0.2833662714097497,0.5433465085638999,Sep 6 2009
17,17,"Close good value My daughter I met sister long weekend NYC booked Expedia deal. She paid $855 6 nights flight Detroit, bad deal. The close subway Times Square minutes walk away. The breakfast varied day get boring. There cheese &quot;omelettes&quot; ham, eggs sausage, french toast sticks sausage. Other items included usual - oatmeal (from pouch), yogurt, fruit, muffins, donuts, etc. The clean small I hear NYC rooms are. It good home base weekend visit.",0.016777777777777766,0.5401111111111111,Sep 2 2009
18,18,"Great stay! This nice hotel. I got great deal hotwire and, price fact Manhattan, I expecting much sleep shopping sightseeing. Boy surprised! Everything pretty much walking distance hotel. There even subway steps away. I almost never get free breakfast (95%) I stay hotels, matter stat rating. Thus, I surprised get breakfast stay, get smorgasbord. The problem I room taken due fact I call late check-in (a day later, ops!), quickly accommodated needs even though fault. If I budget NYC, I would stay again, although I would want explore another next time town, personal choice. Also, want stay area, Hilton Gardens right next door. After keeping prices, donât waste time money! Pick Hampton.",0.1809070294784581,0.5624149659863946,Aug 20 2009
19,19,"Very nice - recommended We lucked great rate $139 hotel, pleased property location. The Herald Square subway station next corner. Times Square easily within walking distance; follow Broadway diagonally minutes. Rooms clean furnishings nice. High speed internet worked great, also free business center downstairs wanted print anything. Breakfast way I expected NYC hotel. Friendly staff. A/C great welcome Manhattan series typical steamy summer days.",0.43990196078431376,0.6543137254901961,Aug 15 2009
20,20,"Only ok. I stayed one night July one night August. This clean adequate location. However, plan walking (not using subways, taxis buses) get around, better moving towards Times Square area...the attractions accessible foot there. The rooms small, like NYC hotels. I use free breakfast. The bellman helpful luggage getting taxis etc. There 2 elevators 20 floors INCREDIBLY slow. We room view building next door. We problems check-in hotel. We arrived early, around 11:00am. The person front desk informed room ready would ready 3:00pm. He suggested check luggage bellman come back time. So gave luggage bellman (who sweet) luggage left open view unattended 20 mins crowded, cramped lobby. We waited lobby baggage safely stored away. Then walked around NYC hours came back around 2:00pm, time informed room stiil ready. I impressed, sat waited lobby. About 5 minutes sat down, room magically ready. The thing happened returned August, time prepared planned accordingly. Throughout summer I stayed 5 different chains either room ready checked shortly thereafter. I generally impressed Hampton Inns...but one. Overall, ok, good Hampton Inn Times Square North better location MUCH larger rooms, staff better service.",0.1792547425474255,0.47773712737127383,Aug 14 2009
21,21,"Great great location We ended holiday five day stay New York. With two teenagers location great. The coffee, tea juice always way back room, even night. Very clean rooms, little small, New York spend less time possible room. The shower (massage) terrific enough hot water. Staff helpful arranging cab/limo take us airport departure. There subway stop steps front door. It VERY walkable Times Square Broadway plays.Breakfast good: fresh fruits, breads, doughnuts, cereals, eggs, juices, oatmeal. Always kept stocked full.We would definitely recommend anyone, especially get great rate (Travelzoo.com)",0.23786796536796537,0.5874170274170275,Aug 2 2009
22,22,"Excellent clean room great employees great breakfast! This everything needed, except 2 extra nights wanted add last minute. The staff kind helpful. The breakfast choices made one want stay fill everything. Fresh fruits, breads, doughnuts, cereals, eggs, juices, oatmeal. (You name it). Always kept stocked full. The business center plus workout room sufficient. Bedding rooms clean nice. Elevators fast. Subway close by. Only confusion park go rate. They failed mention I pay parking return receipt charges removed bill.",0.3442222222222222,0.6077777777777779,Aug 2 2009
23,23,"Average great price. On whole, I'd say I liked lot. You certainly stay view (we 2nd floor) room size (you hardly walk around without move suitcases), certainly stay location value. The beds great staff sufficient. We mostly used stairs elevators slow.The subway steps away eight blocks Times Square. It's also safe.",0.28745421245421243,0.5565018315018315,Jul 26 2009
24,24,"Excellent Excellent Excellent!! Have agree excellent reviews written hotel. Stayed June 13-15, better. The good location, near major attractions right next subway station. Everything mega clean, point bathtub sparkling (I'm kidding, turned light on, could see shine, that's clean was). The free breakfast plus. The food average, enough variety satisfy everyone free, can't beat that. What everyone says Chad true. He goes way help you, even means standing rain get taxi! Now that's service. I stayed five star I paid triple rate, service good. Everyone helpful nice. They make feel welcomed. Oh, room ready 11 am! I wait check time assigned room. And room quite big New York standards.I definitely recommend hotel. Good location, good service, excellent rate. One best experiences I've had.",0.4626932591218305,0.6228664192949909,Jul 8 2009
25,25,"A Wonderful Place Mid-Town Manhattan Short Stay My wife I daughter stayed Hampton Inn Empire State six nights early June thought wonderful place stay mid-town Manhattan. Hotel staff, them, particularly Chad, Tiericica, Debrah always-smiling Marinela helpful accommodating. We enjoyed Hotel's dinning area extended breakfast hours (and missed serving time, left hungry ready made paperbags stuffed small snack bottle water waiting receptionist counter picked guests way exploring Big Apple. The hotel's absolutely invaluable business centre free Internet, plus cleanliness superb location contributed much enjoyment. We definitely recommend Hampton Inn Empire State readers review.Fred Shaz (from Vancouver, British Columbia)",0.28981481481481486,0.4907407407407407,Jul 8 2009
26,26,"Great Place Stay If I went back NYC, I would stay again. Very convenient subway NYC life Time's Square, Macy's, Empire State shopping district. It clean great beds. Price great location. Only complaint I would taking shower, water would trickle second pressure would come back on. Staff friendly helpful. Breakfast great. Nice provided juice and/or coffee end day breakfast room. Highly recommend place anyone.",0.34458333333333335,0.5428571428571429,Jul 7 2009
27,27,"Reasonable clean stand-out location This property located right Herald Square, interested Macy's scene, right spot. The night-life area pretty much shuts Macy's closes, areas may desireable after. This no-frills property. The rooms clean. We given handi-capped room nice size NYC hotel. Something consider given choice - shower curb - similar showers Europe. So water go everywhere inside bathroom. Interestingly, designed slight slope drain shower instead it! We place towels floor along shower keep bathroom floor keep water contained shower area. The free breakfast plus - grand edible. Front desk doorman staff helpful friendly. Biggest problem - next door neighbor would come 5 am, slam room door, get phone start screeming conversation. We questioned whether coming long night's work. This happened every night stay. We registered complaint front desk staff, really hotel's fault. Would stay again? Not sure. You can't beat price NYC. The room nice clean. We've stayed Hilton Garden Inn Time's Square better property. There HGI right next door look bit scale. Guess reason I stay would location.",0.20236303123399899,0.5105350742447518,Jun 26 2009
28,28,This I stay visiting NYC again! This HAD cleanest I EVER stayed in. The door man Chaz excellent extremely helpful! I afraid touch anything room. The breakfast excellent right time. Thanks kind service gave. Oh convenient spot.,0.2810515873015873,0.7595238095238096,Jun 24 2009
29,29,Great Hotel Great Location We stayed twice June times rooms really clean good furnishings. The rooms good size doubles. The staff really friendly central Macy's across block metro corner. Times Square short walk away.,0.4677083333333334,0.565625,Jun 24 2009
30,30,"I'll never stay anywhere else New York!!!!! This great!!! The rooms great -clean actually nicely sized New York. We ten ladies 4 rooms, felt way. The breakfast nice, even hot items, huge atrium type area eat. The staff helpful. Chad love you!! The concierge, Chad, helped us needs. He arranged transportation throughout weekend. Additionally staff constantly denied tips. The great location walking distance Times Square, Rockefeller Center, Madison Square Gardens, right around corner Empire State Building. One teeny tiny complaint elevators little slow, probably booked everyone wants stay here!!",0.27550651733446485,0.5137790240062967,Jun 18 2009
31,31,"depends looking pretty decent Stayed 5 nights king bed non smoking room. Booked 3rd party got decent rate location. Newer rooms clean quiet ( back side). Room ok size New York expected. Staff great friendly able answer questions concerns easily. Continental breakfast included better I expected. One issue breakfast room got busy would open tables things like toaster backed 5 deep. Free internet also business centre. Great location business tour around Manhattan. Other close hotels Hilton Garden Inn, Hotel Metro Comfort Inn.",0.24009986225895316,0.5274793388429754,May 31 2009
32,32,Decent accommodations good breakfast good location Stayed one night town business. Got AAA rate ~$185 U.S.The Good:- Free wired &amp; wireless Internet- Good A/C real thermostat. Too many three star Manhattan hotels cheap dial-based fan units good.- Great LCD TV ton channels.- Complete breakfast lots choices.- Good bathroom amenitiesThe (somewhat) Bad:- No room safe - would nice one-,0.44791666666666663,0.6177083333333333,May 29 2009
33,33,"Good value issues This brand new attractive inside outside. Service great level hotel. The staff friendly helpful. The floor plan tower tight though. The hallways narrow housekeeping cart right outside elevator floor nearly every time returned room. The rooms tiny well, that's someone expected NYC. I however find feeling like room big enough basic needs, something I've ever really noticed hotel. There 4 us really nowhere unfold bags spread out. The beds also acceptable nowhere NEAR comfortability Hyatt Place beds, strange lumps comforters. But location spectacular right busy obnoxiously so--I'm talkin' Times Square!--Herald Square. The subway station literally steps away, location convenient whole city. Also came train EWR easy walk Penn Station, even luggage.",0.1973593073593074,0.4262294372294374,May 14 2009
34,34,"Great Top Bottom! We stayed three nights loved it. Staff, cleanliness rooms location highlights. Just steps subway. Very friendly staff, every one them. Unfortunately room faced front still happy room. The rooms little small New York City I expected that. However, rooms clean up-to-date. Area safe could walk Times Square, Empire State Building Rockefeller Center. You could also take short subway ride well (except Empire State). If need quick food couple good mom &amp; pop Italian places right next hotel. I recommend one (can't remember name) 100 feet east (take left walk door. Breakfast standard continental fine. Nothing fancy got job done. I believe rate I got. I hope whoever manages keeps good work. I'll definitely stay I come back. Free WiFi definite plus.",0.2379164662497996,0.4740836940836941,May 5 2009
35,35,"Great Location Not Great Maximum Capacity This perfectly situated near Herald Square famous Macy's. Like visitors, pop Macy's check vastness. But got Macy's hometown, bother shopping. We went Flower Show going on. Beautiful floral arrangements main floor, crowded! Now, HOTEL. The lobby welcoming, staff down-to-earth friendly. Not snobby all. The room clean tidy although stayed two nights, room made expected. Here NEGATIVES regarding hotel, felt strong enough skip next time we're town:1. There 20 floors TWO elevators. There service elevators, cleaning crew use two elevators. How got rooms cleaned time mystery. Waiting elevator peak times (breakfast 6am-10am, dinner time folks heading back out, etc) took least 10 minutes. There rule - 4th floor below, elevator you!2. Breakfast supply low, replenished best possible. It obvious place sold weekend. Milk cereal replenished, fresh fruit replenished empty within 10 minutes, hot foods - situation. A great little ends feeling like shoe fit 10 years ago longer max capacity. Almost place sit fill bowl/cup/plate food/coffee.3. Hot water showers hard come by. The room bathroom fine. No complaints all. But rainy, windy, cold weekend NYC, hot shower relief quite grasp hot water issue.4. Security - really, I never feel unsafe city. But I found little odd access floors rooms totally open. In hotels, need key access floors. Not here. Really, anyone walk right lobby, hop elevator, make way floor. Obviously, stupid open door strangers, still - feels VERY accessible anyone. I thought, homeless folks clean walk in, use restroom, grab hot coffee/tea/juice/ice water way. But like I said, city safe days. Just thought.If traveling NYC low visitor season (when that?!), probably good enough option. Its proximity great. Close subway, walking distance Bryant Park/Times Square/Broadway/Rockefeller Center/Empire State Building. But looking quaint getaway within city, skip one.",0.19163297394429474,0.5798405211141061,Apr 13 2009
36,36,"Great place stay Family 3 went New York Spring Break could asked better place stay. The staff helpful knowledgeable. The location fantastic. We looked window one way saw Macy's Empire State Building way. There subway stop steps front door. It VERY walkable Times Square Broadway plays. We walked almost every night Times Square eat. The coffee hot chocolate always welcome warm way back room. Very clean rooms, little small, adequate time spent room. Staff helpful arranging cab/limo take us airport departure. I would definitely stay again.",0.24077020202020213,0.5040488215488216,Apr 11 2009
37,37,"superb birthday treat stay! Just back delightful hotel. Our room 19th floor great views, quiet airy. The standard cleanliness high bed comfortable I ever slept in; staff really helpful particularly Carlos, bellman. The self service breakfast gave plenty choice constant refills produce. The extras like computer/printer use constant coffee &amp; water great. It easy walk take subway wherever wanted go. I can't think anything negative say excellent would certainly try book I ever New York City",0.34519207108680794,0.5418231943495101,Apr 8 2009
38,38,"No dissapointments!! Girlfriends 1st trip city...great location, friendly staff, great breakfast, clean rooms, definitely stay next trip!",0.30833333333333335,0.49000000000000005,Apr 5 2009
39,39,"Great! We loved it! We spent one night March 2009. We booked Hotwire, price real deal. The truth good, everything need visit NYC, price quality difficult find there. The new least renovated, everything looks clean new. Rooms small, especially NYC standards. For example, bathroom tub, shower like many tiny rooms city. The room huge plasma tv, comfortable big beds, desk working, even notebook stand prefer work bed. The breakfast fine, extra value, especially families. If donÂ´t want breakfast downstairs, trays take room. The staff nice, helped us things forgot home- toothbrush shower cap-.Location great, metro station corner, MacyÂ´s one block away. I would return hotel, option number 1 quality, price location.",0.2412787878787879,0.6050181818181819,Apr 3 2009
40,40,"Great Value NYC I suprised daughter trip NYC 18th birthday. We stayed Hampton Inn 35th St. / Empire State Building 3/27-4/2/2009. Following I'd sum up:Excellent location - convenient Uptown Downtown / Very friendly helpful staff / Small rooms (it's NYC), clean functional / Free WiFi / Included breakfast (hot cold items) big plus / Coffee, water juices 24-7 / Printing stuff Business Center invaluable / Nice gym / Check around discount sites find GREAT (and I MEAN GREAT) prices - did!! We return NYC,and I definitely stay again!!!",0.22944444444444442,0.6091666666666666,Apr 3 2009
41,41,"Why go anywhere else? This first trip NYC friends I enjoyed tremendously. The nice quaint prime location. It's pleasant busy. It within walking distance Times Square, The Empire State Buidling, Madison Square Garden, Fashion District. The subway located conveniently next wonderful aside walking everywhere, mostly got around ventured Brooklyn ChinaTown/Little Italy. The rooms adorable clean. I absolutely love beds! They extremely comfortable. I wanted stay bed forever, I couldn't...I NYC! There's sleeping NYC! There's much do! The complimentary breakfast serve morning nice adequate. The staff nice courteous. I would like give special &quot;shout out&quot; Brian Deborah. They accommodating helped us map way throughout city. Next time I come back NYC, I definitely stay again.",0.4118253968253967,0.6061706349206349,Apr 1 2009
42,42,"Affordable clean good breakfast. Stayed Hampton Inn visit city. Could walk take subway attractions. Was well satisfied cleanliness room/bathroom; decor nice. Breakfast good; waffles, sausage, bagels, cereal, fruit salad. Staff especially friendly accomodating. Right checking in, received phone call see well satisfied. Parking available garage across street.",0.5535978835978836,0.7595238095238096,Mar 30 2009
43,43,"Excellent stay! Good value, clean friendly. I would hesitation recommending hotel.I agree rooms small, 3 us problems all. Buffet breakfast super idea plenty good variety too. The 24/7 availability tea, coffee juice also godsend. Think comparing prices, save quite bit. Double beds comfortable good night's sleep evenon first night. Staff friendly helpful lobby staff good information etc. Macy's round corner Empire State Building comes view right outside front door!! Would stay again? Certainly would!",0.35811507936507936,0.5770634920634922,Mar 26 2009
44,44,"Great Midtown Location TEENY TINY ROOMS I recently stayed first time Hampton Inn New York City Empire State Building. The located right 35th St. 5th 6th ave. The great location right near Empire State Bldg, Macy's, Herald Square, New York City Library. It right next door Hilton Garden Inn, good restaurants plenty parking lots near by. Keep mind though parking $35 $45 night. The fairly new super clean. The rooms sort typical Hampton Inn comfortable beds, nice bathrooms, free wireless internet, bonus NYC. The big catch room size. The rooms TINY, even NYC standards. With king size bed, dresser desk, hardly room walk around. Since I alone one night, fine, multiple nights multiple people I would go insane!One slightly annoying thing front desk staff really able help food recommendations. First I asked 4 Korean restaurants next door, tell anything them, could recommend place get bagels within walking distance hotel. Kinda odd??For $200 night, must get Hilton HHonors points, decent choice Midtown-East, could care less stuff, stay somewhere else.",0.1742733457019171,0.46368893011750156,Feb 27 2009
45,45,"Clean SMALL rooms Stayed mid-February 20-something dau friend, 3 us room (2 dbl beds). I stay NYC twice month altho I couple &quot;favs&quot;. I also like try new places different areas city. This location seemed good bet activities planned, was...BUT...this SMALLEST room I ever NYC. Even me, room would small, 3 us, challenging.I asked front desk staff rooms size told yes, pretty much (the Kings would slightly room due bed configuration).PROS: central location, close subways train stations, clean NEW, free breakfeastCONS: congested area, &quot;neighborhood&quot; feel, VERY small rooms, THIN wallsI cannot recommend unless able get very, good rate",0.16314574314574312,0.5223376623376623,Feb 22 2009
46,46,"Great location price new I looking fairly inexpensive, good location shabby. This place I looking for. The subway entrance end block (100 feet). Macys super close. Walked Penn Station catch train airport. It 10-15 minute walk, do-able. There several food places area, including Pinkberry... yum! Breakfast much, enough hold us over. We granted late check without problem. Since flight hours, luggage stored. The man assisting us remembered us right away even need see tickets. We small amount construction noise first got building next door. It last long, bad. There sign outside?... friends walked right past it. They address that. Business center nice airport check-in, printer work (?). Overall, get great deal like did, I would definitely recommend it. It average/smallish NYC size room brand new great location.",0.15472182138848806,0.42829084495751163,Feb 20 2009
47,47,"great time Loved location (sales Macy's incredible). Rooms clean staff could helpful. We definitely country bumpkins, helped subway, getting taxis, explaining streets aves, anything asked answered fully politely. Made trip angst decrease greatly.",0.5809523809523809,0.7000000000000001,Feb 19 2009
48,48,"Pretty good Great. Clean staff super friendly. They nice. business center's printer ran toner front desk staff actually let use front desk printer. always smiling, important vacation. also day night beverage center first floor. You drink juice coffee hearts content. bathroom clean, friend actually took bath shower. location good too. Just one block away Empire state building. Walkable time square shopping 5th.",0.3294444444444445,0.5499999999999999,Feb 14 2009
49,49,"Great Shopping Fun NYC Our daughter turning 13, wanted take friends NYC weekend could right middle action. They best time, we! The brand new, clean, nicely decorated.I called ahead request high floor great view said would try. When arrived, put top floor corner view Empire State Building, extremely nice front desk manager do. It's important note booked two rooms, one 2 doubles one king. The rooms side side corner floor, adjoining. I really recommend staying kids top otherwise. The rooms decent size, think NYC...The rooms perfect wanted, really place lay shopping bags get sleep. However, teens love flat screen tvs 200 channels iPod docks room. The beds amazingly comfortable! I begging husband buy bed like one home...so many pillows, comforter fantastic.Macy's shopping Herald Square right outside along 34th St subway stop, almost lines go to. It nice shop run drop bags, coffee, tea, hot chocolate available 24 hours, nice touch New York cold. The breakfast free, 7 -10 am...something everyone. Where get NYC?!We paid $100 Hotwire per room, unheard NYC, throw free breakfast top, best deal I've ever gotten! Would stay heartbeat.",0.361944151944152,0.5671912171912172,Feb 11 2009
50,50,"Great Deal But Some Problems We stayed week got great deal hotwire (65/night). Amazing deal NYC I almost feel bad complaining, little problems subtracted experience. Pros: -Nice, clean modern rooms, little bit small side, NYC-Very comfortable king bed, variety firm soft pillows.-flat screen tv w/ lots channels dvr-breakfast included 6-10am (continental + 1 2 hot dishes)-free wifi!-B,D,F,V subway stop right corner-centrally located, right near Macy's tons shopping, Penn Station-Extremely nice helpful staff. everyone front desk maids friendly.Cons:-our first room low water pressure shower water never got lukewarm. We moved another room, water better.-the maids missed room one day. While checking in, I heard front desk dealing w/ someone else who's room cleaned. -towels frayed replaced w/ newer ones.Overall though, comes highly recommended. thank hotwire!",0.19622153209109733,0.5652795031055902,Jan 28 2009
51,51,"Great staff! Very clean Wow, suprise! I booked Hotwire paid $77 night expect much price NYC. Rooms modern comfortable. They're bit small side NYC that's expected. We experience noise issues previous reviewer did. The staff fabulous! Friendly accomodating. Chad welcomed us warmly set bags room giving us directions nearest destinations. Breakfast ok, could warmer hey, free! Eggs, sausage, pastries, bagels, fruit etc. I much prefer staying district Times Square, quite crazy get anywhere quickly. There lots restaurants deliver room - even sushi - choose stay course many nearby. Macy's hop skip jump away. Theaters Times Square within walking distance. Parking across street convenient. Make sure emergency brake works though! The entrance steep ramp!",0.2664492753623188,0.5785024154589373,Jan 25 2009
52,52,"Great Place Experience NYC This excellent great location, blocks Penn Station Times Square could see Empire State Building window. It new 4 months old shows, since everything still great condition. The staff always courteous helpful accommodating needs. The 24 hour coffee service great complimentary breakfast, nice way start day. I planning staying I come back NYC months!",0.3553977272727272,0.6034090909090909,Jan 12 2009
53,53,"Fantastic staff clean rooms lots noise... I booked reward stay New Year's Eve Marriott Marquis guarantee room night. It's block away Macy's, two blocks Penn Station, block Empire State Building, short walk Times Square theater district. There much around way restaurants, fairly centrally located get elsewhere. The rooms quite small, especially compared Marquis. This new though, beds comfortable, linens new, rooms clean. However, walls paper thin, hear everything going hallway, hall, room next you... It bit frustrating. There family reserved two rooms, one parents, 4 teenage girls tried play music scream night. I finally called downstairs, I early. The security officer came told &quot;be cool&quot;. Not really effective. However, staff extremely nice helpful. They provide free breakfast 6-10, nice perk well. Internet free, computer available guest use. The noise factor huge issue though -- hard believe little soundproofing new hotel.",0.1248085695666341,0.5717334636689476,Jan 10 2009
54,54,"Fine place This place like-new, rooms nice tho hallway noise intrudes. Bed great. Thermostats room distinguish many NYC hotels. Had fine view Empire State Bldg Macy's flagship store. Staff accommodating. Parking across street $30/night w/hotel discount, good deal NY. Subway entrance (34th/Herald Square) 50 feet front door.",0.4610416666666667,0.565625,Jan 6 2009
55,55,"Great Staff Location We stayed 12/19/08-12/22/08 loved stay new Hampton Inn New York Empire! We checked-in upon arrival pleasantly surprised nice Hampton Inn furnished! The staff could helpful entire visit. They helpful restaurant suggestions well help subway directions. Great location...just steps away subway....one stop Times Square. We stayed fifth floor room 504, corner room great view Macy's beautiful Christmas lights, well great view top Empire State Building. The room clean comfortable. We room two double beds...and yes small rooms NYC rooms are, fine three us! We enjoy breakfast morning. We wait little morning breakfast foods replenished. It also great come cold day hot coffee hot chocolate available.We loved minutes Macy's, Victoria's Secret, American Eagle, H M.....needless say, great shopping close by!! We flight delays kind give us late check-out well store luggage, could shop little longer!! The business center well supplied great use computers work flight delays transportation airport.I stayed three different areas NYC I would highly recommend location.",0.32469863329238335,0.6333538083538085,Jan 5 2009
56,56,A great bargain location ?? We stayed four nights hotel. We great rate $200/night per room (we 2 rooms 1 2 queens 1 king)The rooms small adequate. I sure much smaller rooms NYC&gt; No fridge microwave unlike Hampton Inn's. Flat screen tv. Breakfast many choices city Hampton Inns. Very small bathrooms.Staff helpful pleasant. Rooms clean although came back one day around 5pm room still cleaned. However thendone quickly.Location- great getting around. Subway mere steps hotel. Macey's same. I say choice restaurants fairly limited within short walking distance.For price would stay,0.21184523809523811,0.4713373015873016,Jan 3 2009
57,57,"Great staff My wife, daughter I returned first trip New York absolutely loved it!The Hampton Inn perfect. The room great, location ideal staff helpful friendly. A special mention Carlos worked hard always time friendly chat.This first choice return city.",0.4803616522366522,0.6403589466089467,Dec 19 2008
58,58,"This Is A Brand New Hotel Yes, brand new! The rooms small expected city. The beds wonderful! Especially goose pillows!! The location great! We week business walking distance Macy's attractions able see sights well. The staff friendly helpful. Please note: When booking sure get double instead single King Size bed. The rooms double beds larger.",0.1807708784271284,0.49069715007215003,Dec 14 2008
59,59,"Perfect location terrific service problems plumbing Perfectly located sight seeing shopping. I go NYC every December shop sample sales garment district. I like go uptown Rockefeller Center see tree swanky department stores, I want pay high prices uptown hotels. This reasonably priced perfectly located needs. The subway station immediately outside front door adjacent Herald Square. Macy's right across street. Many reasonable priced restaurants nearby. It literally around corner Empire State building one subway stop away Times Square! I stay area every year stayed nearby hotels (La Quinta 32nd Comfort Inn across street) best!Property brand new - apparently used parking garage, hotel. Rooms small, smaller typical midtown rooms. Furniture, bedding, amenities brand new. The staff courteous attentive. Very, friendly nice. Room rate also includes hot breakfast every morning. Beverage station open 24 hours - coffee, tea, assorted juices. Only problem plumbing. Water pressure low - hot showers, little pressure. Our toilet flush toilet paper. We called every day stay complain. They kept using plunger, definitely something seriously wrong. Toilet worked last day there. We complained manager gave us credit 3 5 night stay. I thought really strange move us another room.If budget want spend $500 night, place stay - make sure plumbing works. I went mom two aunts adjacent rooms. They problems plumbing all. We felt safe comfortable entire stay. I would highly recommend anyone wants see sights NYC, want spend lot money.",0.18423388648388647,0.5600080166746834,Dec 14 2008
60,60,"Nice new great service! I stayed Hampton Inn 12/7-12/12, promptly checked-in without wait. Our room sixth floor, faced another building, hear street noise all. The two double beds comfortable loved three different pillow choices bed. The shower bathroom Waterpik showerhead, nice amenity. Each morning impressed numerous items available complimentary continental breakfast, appreciated 24hr coffee, tea juice bar. The less 150 feet subway entrance, close Empire State Building Macy's. We use fitness room business center, looked nice. All all, impressed quality service convenience major attractions, price less $250 per night. One word advice: keep key away credit cards, Metrocards cell phone, demagnetize easily. (My aunt heed advice, visiting front desk new key every single day there, even though desk clerk warned us upon check-in.)",0.2864922577422578,0.5762196137196137,Dec 14 2008
61,61,"Great location wonderful staff clean free breakfast great deal Stayed room 1401 night 12/11/08. Great view huge Christmas tree decoration front Macy's Herald Square. The room 2 double beds, flat screen TV, small adequate bathroom clean, clean, clean. The staff friendly. Free breakfast, coffee, tea hot chocolate available times. I business trip, I paying room, $329 night midtown Christmas time great deal.",0.418421052631579,0.6267543859649124,Dec 13 2008
62,62,"Good Value! Excellent value - Hampton Inn great weekend rates. The location half block subway station, one block Macy's, three blocks Madision Square Garden. The room -we two double beds - small, bathroom, perfectly fine New York city space premium. The male staff friendly. Rooms come breakfast. There coffee, tea, hot chocolate available day. Nice - coming cold. I love Hampton's white duvet covers extra pillows.",0.26169786096256686,0.5041889483065953,Dec 5 2008
63,63,"Reasonably priced alternative Manhattan Hampton Inns generally provide good value, wherever located, Hampton offers reasonably-priced room, expensive city. Like Hampton Inns, services limited, rooms simple, staff friendly, rooms clean, common areas hotel. The location also good, easily walkable Times Square Broadway (10 - 15 minutes). All-in-all, simply need place stay explore city, plan spend lot time (so need amenities full-service hotel), may best option, priced right.",0.2341190476190476,0.5177460317460317,Dec 2 2008
64,64,"'fantastic' staying quality inn brooklyn pure heaven.service friendliness spot on. location couldnt better.the beds dream sleep in, clean comfortable.all facilities room great would stay come back ny (which will!)two brilliant irish bars block.",0.34886904761904763,0.5231250000000001,Nov 26 2008
65,65,"Not typical Hampton Inn! This sure feel like Hampton Inn! In fact, feels like Hilton Garden Inn â lot modern better furnished typical Hampton! A top notch Hampton Inn heart Manhattanâs midtown rooms lot larger Hampton Inns Iâve stayed NYC. Nothing faulted Iâm pretty sure one newest Hampton city.",0.25277777777777777,0.5793981481481482,Nov 16 2008
66,66,"Best ever Hampton Inn Just back best trip. Hampton Inn fantastic, brand new hotel, situated middle everything, fabulous pubs, restaurants outside door, Macys Empire State could seen room window, minute stroll away. Brian gave us fabulous welcome staff breakfast (which fabulous free addition) staff bell hops concierge done enough us. The beds comfy, nice sized room, fabulous shower shortage hot water,flat screen t.v. channells free Internet access. Fitness business centre local calls free. Who could ask anything more. Thanks Hampton, We'l back.The Twomey Family, Cork, Ireland.",0.34938016528925625,0.6070247933884297,Oct 31 2008
67,67,HÃ´tel super sympa et trÃ¨s pratique!,0.41666666666666663,0.6666666666666666,Nov 13 2009
68,68,Excellent rapport qualitÃ© / prix - situation trÃ¨s pratique,1.0,1.0,Nov 7 2009
69,69,Genial,0.0,0.0,Sep 25 2009
70,70,Todo genial ubicacion precio habitaciones...,0.0,0.0,Jul 26 2009
71,71,Tres bon rapport qualitÃ© prix ...,0.0,0.0,May 29 2009
72,72,buen,0.0,0.0,Mar 27 2009
73,73,HÃ´tel confortable et bien placÃ©,0.0,0.0,Jan 7 2009
74,74,Top Lage zu vernÃ¼nftigem Preis,0.5,0.5,Jan 4 2009
