,Unnamed: 0,Reviews,polarity,subject,Dates_extracted
0,0,"wonderful huisband stayed Nov weekend. It wonderful. Had room third floor, great view. clean, bed comfortable, staff pleasant. Complimentary coffee pastries given 8 - 10 am. Close parking garage, entertainment, piers, eating establishments",0.575,0.7145833333333333,Nov 10 2009
1,1,"Super Location exceded expectations My wife I 15yr old daughter stayed Chelsea Savoy Hotel Oct 14-19. Stayed double room 2 beds. By far best I stayed $$$. I afraid rooms would small based properties reserched left. To suprise roomy. Bathroom big shower good water pressure. The staff nice helpful. The elevator, halls rooms impecably clean. Excellent location. Step outside Subway... Awsome location. We went everywhere could quick 5 days. I would definetly stay again.",0.2316666666666667,0.4759803921568628,Oct 22 2009
2,2,"Friendly Clean Basic Stayed Chelsea Savoy three days Oct 2-5. Checking easy fast. The staff courteous check simple. My room 5th floor away noise 23rd street. The room basic spot-free. The thing- room bit small... however go NYC sit room day I mind. The elevator bit slow nothing major. The complimentary continental breakfast pasties coffee dozens places Chelsea area eat time day night. It's steps away major subway lines uptown downtown... midtown 2 stops away. The bed soft shower clean- plenty towels, toiletries staples stocked. Check took 30 seconds staff helpful. I've seen reviews complaining noise, NYC... always noisy much can't sleep... try request room 4th, 5th 6th floor concerned. It's lively area Chelsea stays late.",0.0907281144781145,0.5154943783068783,Oct 7 2009
3,3,"Budget Good Cost 190USD night, free pastry coffee, tea breakfast. centralised location Time Square, Empire State many places :D",0.52,0.78,Oct 5 2009
4,4,"A budget sure This budget hotel, sure. It deserves credit clean really nice complimentary continental breakfast, well great subway access. That said, unless want sleep mattresses hard rocks, use threadbare linens, choice listening neighboring rooms' toilets flushing night long rattle poor air conditioner, I'd look elsewhere.",0.25833333333333336,0.696604938271605,Sep 28 2009
5,5,"Great staff gives incorrect info We stayed 2nd time definitly stay again. We liked 1st time liked 2nd time. You can't beat price no-frills great location.However, female staff member European accent tried con us taking hired car back JFK airport. Upon checking out, asked us want hire us car $60 plus tolls JFK later evening. We unsure asked could take taxi cheaper instead. She said taxis flat rates JFK better hire car. So did. But day, asked several cabbies there's flat rate JFK said yes. Not mention posted cabs $45 flat rate JFK (plus tolls). So called cancel car could take cab instead. We think tried con us hiring car &quot;friend's&quot; company. We appreciate sneaky business trying con money us friend. So staff try tell cabs fixed price fares TO Manhattan OUT Manhattan, believe cuz true!",0.18031250000000001,0.33083333333333337,Aug 12 2009
6,6,"GREAT!!!! I NYC many times &amp; stayed many hotels, besides big chains hotels (Millenium Times square, Double tree, Hilton, Sofitel Marriott, Park Plaza), THE BEST I've stayed in!!!, nice quiet room (ask ones facing street!!), NYC standards quite large too!!! clean bathroom &amp; small refrigerator inside. The location best 23rd st. 7th 8th aves. so..... red line 7th blue lines 8th, trains runing times access anywhere!! time I arrived Penn Station took 1 23rd, station.!!The breakfast fancy pastries coffee!, nice deli corner 23rd 8th ave. One thing I say bed really hard ( I read reviews!!), nevertheless confortable. Hey money cannot find better deal!, rate 125.00 plus taxes!!!, end stay I make another reservation thanksgiving week, one obviously different rate compared hotels still good deal!",0.3578316326530612,0.45183673469387753,Aug 9 2009
7,7,"2 thumbs up! Very Affordable. Great location. My husband I looking decent right middle without pay ton considering going much stayed entire week, expensive. This place perfect, cheap (about $175-185/night) without looking feeling cheap. The room stayed clean, date, comfortable quiet. The front desk quick check us helpful questions. We spent little time room perfect. We felt safe really complaints place. Right outside, across street entrance subway, convenient. Highly recommend want spend lot hotel.",0.25309771825396826,0.5361011904761905,Jun 25 2009
8,8,"A Good stay close Times Square Stay pleasant experience. The staff extended warm welcome room ready entered hotel. The room clean good. Its quite close Times square (3 stations). You get MTA right next station (I mean it, subway come hotel). Its nicely located intersection 7 Ave West 23rd street. You also good supermarket 1 minute walk open till 11 pm. Our overall experience pleasant memorable.",0.43353422619047616,0.6499925595238095,May 25 2009
9,9,"Unbeatable value We stayed one night April 2009, Chelsea Savoy problem taking booking Saturday night only, many hotels willing do. A lot reviews mentioned poor service, two people working desk Saturday afternoon welcomed us soon walked cordial polite whole time there. The rooms still funky &quot;just painted&quot; smell, minutes, notice all. The bathroom big (as others mentioned) New York City standards. The room bathroom clean. The literally sits top 1 9 line's 23rd st. subway station block away (east) B/D/F/V (west) A/C/E subway lines practically anywhere Manhattan within 20 mins so. We second floor still problems sleeping street noise, others might notice it. As others mentioned, breakfast nothing special, pastries coffee/tea. There restaurant (as 4/2009), 3 4 decently priced diners within block either direction, big deal. The happy keep bag afternoon checked out.The deal maker price. We paid $125 queen bed Saturday night - extremely low Manhattan standards incredible value money! We back Savoy next trip NYC.",0.1516017316017316,0.45228872576698664,Apr 27 2009
10,10,"Perfect Location My sister-in-law wanted go NY, I times I thought perfect! I planned trip first going TripAdvisor I enjoyed hearing others thought hotel, exhibit show specific city. We searched hotels knowing &quot;roughly&quot; willing spend without share bathroom go full hostel. We adverse sharing bathroom, along as, knew belongings safe. Pretty much want spend much would spend much time trip - imagine that. We weighed options cost least 3-4 weeks finally (due availability) decided Chelsea Savoy. In fairness, would spent waited longer weigh options. From hotels looked at, TripAdvisor via website (and calling) got hotel. When I booked I said sister law, might &quot;it is&quot; since some, great, reviews via TripAdvisor thought everyone plans might wanted beginning. She fine that. We landed LGA proceeded Super Shuttle, (what thought) cheaper getting cab (we learned going back LGA). The Super Shuttle driver super quite (being last drop off) last fare Shuttle. He AWESOME! Totally took us Time Square (during busy time) Prefect see everything late night - Super Shuttle=Set fare, ok sight seeing. It perfect evening coming hotel. We got (which SS driver brought bags FRONT DESK! Not door.) checked two polite gentlemen. I stated return flight leaving later day check , said &quot;we check bag free come back would like&quot;. Very nice know, without ask. They gave us keys way. Over stay I asked 2 things; 1. More towels (as I used sister-in-law's set I lot hair - The extra towels came 15 minutes asking, 2. I ran shampoo (OMG!) front desk awesome, coming back night town got back room 20 minutes sent 5-6 shampoos &amp; conditioners me. I happy. The day departure wanted &quot;last minutes&quot;, did, ended rushing LGA. We found cab driver (Central Park, 3:30pm) made point reminding us shift change around 4pm, kept cab Central Park LGA. Bit rush checkout. Cab outside meter, I run inside get luggage. When checked (morning day), gave Chelsea Savoy Hotel luggage keep 4 hours charge, I tipped guy super fast - less 2 minutes. That made happy meter, people waiting. We got LGA back home, I made point making story know Chelsea Savoy Hotel fine. The price perfect, room bath, staff staff. If want someone cater every need - bother - want conserve money great stay gives - A room - stay here. Oh Chelsea Papaya less 100 feet away!!!",0.28963627049180335,0.4811202185792351,Dec 22 2008
11,11,"Loved Chelsea Savoy My daughters I spent long weekend Chelsea Savoy couple weeks ago. It great - clean, nice roomy, quiet, great street great deli, grocery, pharmacy, etc. nearby. It 2 subway stops, convenient.The breakfast good delicious pastries, muffins good coffee. Another friend nearby chain paid 3 times much less room, breakfast! I stay again.",0.4412222222222223,0.5706666666666665,Dec 20 2008
12,12,"Horrible Service Great Location I'll start saying Chelsea Savoy great location completely convenient walk FIT. It also close subway stations decent little shops restaurants around it. However, customer service absolutely horrible! I've never felt UNWELCOME hotel. The staff never greets walk approached front desk ask questions, even received dirty looks (and knew question was!)! It matter crew working either, rude! Our room keys got deactivated multiple times order activate one must give whole set keys (very frustrating hurry). One big aspect added first arrived early get room checked luggage ventured off. When came back, staff member brought cart filled luggage left us take ourselves! Mind you, 3 younger women left 150 pounds luggage take rooms. We capable it, I've never $300/night left task guests finish.To sum up, location convenient particular trip, service helped decide I never book Chelsea Savoy again!",-0.02367521367521367,0.43912393162393165,Nov 17 2008
13,13,"Perfect NY stay. My husband I walked last time NYC due perfect location decided would stay next time. And did. The clean cheap NYC standard everyting need. We loved room little fridge. Rooms large american standard, compared average rooms Europe, size great. The called breakfast so-so, matter plenty nearby places breakfast. There also many good restaurants bars within walking distance area seams safe. You easily walk tourist attractions day. The problem traffic noise, I guess that's case NYC hotels.",0.3172889610389611,0.5137987012987014,Nov 3 2008
14,14,"Great spot price My husband I booked Hotel Chelsea (aka Chelsea Hotel) 6 nights September. It half block Chelsea Savoy Hotel, disgusted place I spent almost two hours online calling around next morning find another reasonably price hotel. I despondently walked block get coffee stumbled upon Chelsea Savoy Hotel. I walked found clean lobby friendly staff. They smoking room available first night, king, non-smoking room available rest stay. I checked smoking room pleasantly surprised find room new carpet, nice furnishings including mini fridge, great bathroom best all, smell smoke. We stayed first night, moved king, non-smoking room next day. The beds firm, rooms quite water hot. Perfect price $185 queen room $205 king room. The rate also included coffee/tea pastries morning. We grabbed bagel tea/coffee way out--fresh, warm wonderfully chewy bagels. The front desk staff particularly helpful, taking see several rooms I first arrived, assisting directions, shopping suggestions, luggage storage more. It 4 5 star hotel, overall, great experience would definitely recommend Chelsea Savoy (NOT Hotel Chelsea--run place!) anyone looking reasonably priced accommodation great location.",0.2704834054834055,0.5109235209235211,Oct 23 2008
15,15,"Dingy noisy frills inexpensive great neighborhood I actually stay Chelsea Savoy, I booked business colleague. The main reason choose location super-cheap price fabulous area city. Be prepared, though: room small sort dark dingy, extremely noisy. (When I asked room quiet side hotel, staff person said side would noisy.) I've stopped number times (I live area), found level service inconsistent. If budget, going spend time room, may you. Bring ear plugs.",0.10867003367003367,0.5351851851851852,Oct 16 2008
16,16,This place RIPS YOU OFF!!! I booked/reserved room 1 month advance quoted rate $185. When I arrived They charging $265.When I complained rate I quoted ONE MONTH BEFORE WHEN I RESERVED. A woman fired said ONLY one takes reservations...said &quot;you reservation...oh wait...you booked yesterday...oh wait book one month advance I take reservation rate I telling you. You want stay somewhere else...fine guest&quot; When I asked speak Manager I told &quot;There managers&quot;. I making stuff up.So...If mind staff could care less live die willing steal money. You stay here.Don't believe me? Read reviews here.Since seems nothing else I I guess I trying I let others know.,-0.057900432900432904,0.42738095238095236,Oct 8 2008
17,17,"Good value great location I looking good, clean near Fashion Institute happy choice The Chelsea Savoy. The rooms small, NY unless willing spend lot (more) money. The rooms clean bathrooms redone years back. Each morning provide coffee, tea, hot choc assorted breakfast danishes bagels, beats get dressed go get wake-up cup coffee. There subway stop directly across street Penn Station short walk. I would definitely stay recommend friends.",0.3049019607843137,0.5323529411764707,Sep 9 2008
18,18,Very Nice Hotel This first time I stayed impressed service cleanliness. The room I stayed 2 beds large even small refrigerator. Price reasonable considering hotels New York get. Very good location near subways restaurants. Staff accommodating. Would highly recommend hotel.,0.34772136953955135,0.5950019677292404,Sep 3 2008
19,19,Down Right RUDE Front Desk Staff!!!! RUDE RUDE RUDE front desk staff. My first last time staying there. The girl waited find another job cause sure seems miserable there. Not mention nasty dirty carpet rooms. I also payed internet service provide worked 1/4 time.,-0.25786639575702075,0.6394993894993894,Sep 3 2008
20,20,"Yankees Fan A friend told family 10 Best Cheapest Hotels N.Y. So I went online, read reviews booked couple rooms Chelsea Savoy. That first week July . We returned N.Y. first week Aug. Chelsea Savoy vacancies. My next trip N.Y. stay Chelsea Savoy. Our rooms nice &amp; clean. Great location.",0.4923809523809525,0.4880952380952381,Aug 12 2008
21,21,"Exellent Hotel! We stayed Chelsea Savoy 3 nights, experience plain awesome! This perfectly located near everything, cab rides cheap, subway stations within 1 block. The service great, room exceeded expectations. Very clean, air conditioned newspapers waiting us door every morning great added touch. The complimentary pastries coffee lobby every morning icing cake, excellent way start day. This going yearly trip us definitely staying Savoy again. I would recommend anyone staying New York looking affordable, clean place stay.",0.4742624042624043,0.693976023976024,Aug 11 2008
22,22,"Great Hotel Great Value I got recommendation friend hotel. I took word made reservations. This great. I booked last minute got nicely maintained hotel. The lobby kind small, rooms nice spacious AC/heater. It convenient location, right next 23rd street station downtown. Cross street uptown station. The staff also courteous able answer questions. The Chelsea Savoy Hotel also complimentary breakfast coffee USA Today New Yorker (I'm pretty sure) newspapers delivered doorstep.However, I got 2nd floor room right corner 23rd 7th got noisy times. Also, cable work well many channels. But, NYC! Why watch TV there's whole city outside?All all, I gave 5/5 service, appearance, comfort, value. Top notch hotel.",0.3778541912632823,0.570751344614981,Jul 25 2008
23,23,"My least favorite NYC Hotel The positive: looking convenient location, can't beat place -- within steps 1 9 subways, downtown type, great launching point. The room clean, and, NYC hotel, bathroom enormous. The staff leaves newspapers door (USA Today New York Post). The rest: Just place budget mean completely uncomfortable. The room smelled like paint (and also smelled musty). The bed pillows terribly uncomfortable. The coffee danish serve morning unappealing. The contracts internet service, $9.95/day, I opportunity non-functional internet connection (I room poor wireless signal). For $100 deposit I could &quot;booster&quot; attached macbook. Fortunately, Starbucks across street, I could easily reliably check email like there. On TV, I go NYC watch television, I still appalled poor reception lack cable choices. It's worst I've visited (budget otherwise) NYC.Concerning front desk staff, I care new best friends, crew downright surly. I originally checked six nights; I left two. I've stayed pretty lousy hotels NYC, wins prize worst. I would never stay again.",-0.031057692307692304,0.6752068764568764,Jul 25 2008
24,24,"It's need I've stayed twice now, probably bother looking Manhattan. My take place others liked it, I bother repeating information. Both times I made reservations phone got price type room quoted. As staff, they're overly friendly polite what's asked them. If need pampered go somewhere else, going paying lot would here.",0.19285714285714287,0.36428571428571427,Jul 18 2008
25,25,"Very Happy With Chelsea Savoy Best Value In New York,I searched many hotels net deciding one.The others hotels price many bad comments many feed back sites frankly turned off.We arrived early staff kindly stored luggage us could go see city.When arrived late night checked fast,got luggage went room. It large modern New York Budget Hotel Standards including use Key Card. Yes room basic &quot;Ikea&quot; type furnishings one Picture wall. Also Very Clean sign ever pest problems. The Bathroom modern,very clean normal size ( Large NY Budget standards) also included Soaps,Shampoo Lotions . Individual climatecontrols also big plus.Subway stop right corner ( Red Line). Two Freenewspapers door MorningThe continental Breakfast suitable Donuts,Muffins,Flavored Butter Croissants ( addition Simple Fruits would improvement I might suggest management [apples oranges bananas].)Reg. decaf Coffee,Tea Hot Choc. The stated time 8-10am running 7:15 left Day.Yes I could hear street noise street side room ony AC cycled short periods time. And I suspect would common NYOn last day left luggage could finish sight seeing. We returned late afternoon got luggage problems.The Chelsea Savoy help make our, 3 day 2 night Trip To NYC pleasant,I would suggest one family looking decent Budget priced NYC.Calling directly using Toll Free Number web Site Good way make reservations",0.17588533417801716,0.46823566677225226,Jun 27 2008
26,26,"May 2008 $195 per night.. I booked room last minute, three days depature, Rm 503. Great location. This room directly overlooked 23rd street. It noisey constantly heard traffic, shouting ; ect. I'd highly recommend call directly reservations. I filled online reservation form twice got reply. dont even think checking early. From I understand, check late maid staff also comes late. My room wasnt ready 2pm friday check in. The breakfast: I read many comments like..&quot;great coffee&quot; , &quot;mmm coffee world&quot; ect ... tasted like standard generic coffee me. Dont execpt eggs, pancakes... bread items , sweet non sweet. Hotel hard time keeping bread coffee stocked!Room 503 double bed , TV , air con private bathroom. Right across elevator. The room clean smelled nice. My bathroom light didnt work I finally checked changed 10 minutes. This nice location subway #1 C,E train lines. I'd highly recommend bake shop corner 8th &amp; 23rd. There plenty places eat around (boston market, cuban resturant; ect) I liked mango/papaya spot diagonal across (23 &amp; 7th).",0.19187830687830687,0.5326807760141092,Jun 6 2008
27,27,"great Stayed Chelsea Savoy thought brilliant. I thought I going horrible place, lovely. spotlessly clean, 2 papers outside door every morning, staff always polite helpful. Have seen reports Tripadivsor I dont know get views.I always bring pillow sheets me. But I seen rooms inspected bed stayed case. SPOTLESS. Breakfast provided go lobby coffee [ beautiful] Danish want. You cannot fault price bracket. Everything whitin 15 mins clean, spotless, staff brilliant. Going back New York December staying Chelsea Savoy,if room. So cheap comfortable me,,,,,,,,,so clean. Stay there. Basic...... lovely.",0.32267410951621484,0.635180754917597,May 20 2008
28,28,"great would highly recommend My friend I returned spending 8 nights Chelsea Savoy. Speaking friend point view happy hotel. Rooms good size bathrooms. Beds comfortable, good wardrobe space, plenty hot water, tho shower pressure strong. My quibble many power points, european visitors remember american adaptor. Rooms cleaned daily. Hotel b.fast free v. good coffee, bagels muffins lobby 8am, plenty delis coffee shops area. Contrary reviewers I found reception staff friendly helpful. Most Polish nationality couldnt nicer. To horror I cracked tooth first night, reception staff super, located dentist Ava, one staff, even offered give appt. dentist!! All I would recommend Chelsea Savoy/ Location great, subway stop outside door, great shopping 16th, 17th sts 5th 8th avenue, esp. Loehmanns. Also 6th Ave. 23rd, 2 mins superb organic wholefood market.!! Fab market selling cooked raw food products, ate lot. Cant wait go back defnitely stay Chelsea Savoy again.",0.3876258309591644,0.5559211775878443,May 11 2008
29,29,Not sensitive types Staff unsmiling business. No sense warmth whatsoever. There one foreign accented woman front desk extremely rude I asked help I checked out.,-0.10833333333333332,0.5416666666666666,Apr 19 2008
30,30,"would stay WE spent 5 days Savoy. Great location! close subways, walking distance Time Square. Lots around neighborhood. Simple, clean reasonable hotel. I stayed years back 2 nights, I would stay again.",0.18095238095238095,0.37244897959183676,Mar 18 2008
31,31,"Great Value After reading reviews, concerns, great time. Not Hilton, great value travelers want spend travel budget monies something besides room. The room clean, seemed recently remodeled, bathroom beautiful. Complimentary soaps, shampoo, etc, I expect price. Complimentary continental breakfast much, saved us time money. Location great, corner subway stop, $4.90 cab ride back Times Square. Probably walking distance Times Square like walk. Front desk staff friendly, reservation quoted price, suprizes. They unable extend check out, kick us still packing official check time. Definately recommend.",0.2916666666666667,0.540625,Oct 24 2007
32,32,"Loved it!! I stayed several &quot;budget&quot; hotels city, never happy I Chelsea Savoy. Quiet, clean, extremely affordable NYC, easy access subway, continental breakfast every morning, 2 newspapers delivered door Monday-Friday, small fridge room, private bathroom, soft beds, laundromat 2 blocks away (very helpful long stays), helpful curtious front desk, free luggage storage. If looking basic place stay, that's quiet, clean, affordable, easy access city offer, place. I plan staying soon.",0.19736842105263164,0.5241228070175439,Oct 16 2007
33,33,"Good Positive: large clean rooms, good location (some steps subway);Negative: people staff unhelpful; bad lightning room",0.2863708513708514,0.6201154401154402,Oct 14 2007
34,34,"Nothing Fancy But Very Clean This first trip New York I sure expect. Turns I love New York Chelsea Savoy actually great hotel.I went 2 friends looked MANY hotels online trying decide pick. The reasonably priced compared others I thought something wrong we'd find actually really scarey place got there. I happy report experience really good. The room #609. The fancy all, clean room space spare 2 double beds one fold away bed asked for. The bathroom good size lots counter space. The closet also good size safe it. The room seem odor kind....Like new carpet smell...but problems it.Each morning newspapers outside door coffee pastry found lobby nice getting ready face day.The staff friendly efficient. They held luggage checkout last day ready go airport.I know I'll back New York I know I'll stay again.",0.2653254769921437,0.552484100261878,Sep 26 2007
35,35,"Great stay Chelsea Savoy! We come back four night stay Chelsea Savoy faulting experience would difficult. The rooms spacious clean great view looking 7th avenue. The location perfect us short walk Times Square, Madison Square Garden, Empire State Building 5th Avenue shopping. The Staff helpful organized taxiâs, excursions recommended great restaurants within Chelsea. We also pleasantly surprised breakfast consisted pastries, muffins, tea coffee. We also able check little later due afternoon flight. Overall pleasant stay next time New York shall staying there.",0.2849331550802139,0.5355614973262033,Sep 24 2007
36,36,"Cheap Decent without problems When I stayed, hotels nearby booked I happy find around $250 night. I stay NYC almost every month I know hard find good price I expecting much. I read previous reviews talking strong smell June/July I figured August smell would gone! The room basic clean actually quite spacious NY standards. I think ceilings higher normal too. No flat screen tv, regular one, I come NY watch TV! The main problem room smelled like freshly painted. It STRONG! On top flies room (presumably window open air screen hole flies came in). I almost sense smell bother much, friend sensitive things like kept go downstairs every hour &quot;air out.&quot; We asked desk woman said painted recently. Later, shift change, asked guy desk said HAD painted. He said could switch rooms next night would switch back night - worth hassle stayed put, left window open (with magazine covering hole). What sucks Chelsea Savoy could awesome (instead average) little attention detail. It's great location (just doors famous Chelsea Hotel) within walking distance tons restaurants. I would stay again. It's good value money (just watch paint smell). Hopefully, aired time stay there!",0.19192411924119238,0.4501146549927038,Sep 22 2007
37,37,"Basic Hotel Great Value NYC Finding good reasonable priced NYC challenging. We usually stay mid-town, prices hotels mid-town increased quite bit. We decided stay Chelsea found Chelsea Savoy Hotel less $200 night (unusual NYC). The basic hotel, much like Holiday Inn. What found rooms clean roomy NYC standards. The bathroom larger hotels stayed mid-town. The staff friendly enough always happy store luggage. There continential breakfast included room, looked rather sad coffee. We great breakfast restaurant &quot;Cafeteria&quot; 17th St. &amp; 7th Ave. The location great, 23rd St. &amp; 7th Ave. It safe &amp; convenient neighborhood. There 1,2,3 subway lines right outside door block away 8th Avenue A, C, E lines. Whether walking taking subway, easy get around city. What really loved Chelsea many great restaurants bars reasonable prices. If like shopping many stores Chelsea flee market weekends. For price location look forward staying again.",0.31876026272577995,0.5857142857142859,Sep 6 2007
38,38,"Terrific place price! We returned spending 3 nights Chelsea Savoy - stayed &quot;Welcome Weekend&quot; Parsons, New School Design (college freshman orientation), naturally lot walking possession-schlepping going on. In evenings, wanted collapse decent room - really choose ideal place.Our room featured king-sized bed (2 feather pillows it, 2 foam pillows closet), small refrigerator (genius), tiny safe, iron/ironing board, TV remote. Bathroom little containers shampoo/conditioner, body lotion, etc. - surprised me. Bathroom also make-up mirror in-the-wall hairdryer - nice touches, reminiscent higher-priced hotel. Two things note bathroom: sound toilet flushing VERY loud, facial tissues provided. Also, aware water pressure shower pretty weak, although termperature great.&quot;Continental breakfast&quot; bagels/muffins/pastries lobby pots coffee - absolutely nothing fancy (for one thing, tables anything, bring stuff back room), welcome nonetheless. The one ice machine also lobby floor.Front desk staff helpful courteous. There bellmen, per se, asked needed help bags, presumably someone could helped us we'd needed it. Housekeeping efficient - never saw them, room spotless every night returned. The 23rd Street 7th 8th Avenue, right middle Chelsea, pretty close midtown. Lots interesting stores, decent restuarants, etc. nearby, course cab ride take pretty much anywhere want go New York.The best part Chelsea Savoy experience paid $203 per night - WITH tax! For price, nice room indeed. For New York City, amazing deal boot.",0.22874487354750514,0.587044315333789,Aug 27 2007
39,39,"Watch EXTRA CHARGES I planned nice getaway boyfriend I August 2nd arrived find reservations night. They redirected us Chelsea Hotel street. We decided go back Chelsea Savoy Hotel ask reservations claimed none found name. So decided stay night. The rooms bargain price pay. They casual low-class New York City stay. A month later, receiving credit card statement, I found charged another 224 dollars stay next night. When calling them, I found DID reservations next day, failed cancel said reservations never existed. As disatisfied customer, I wanted know compensations could made. Monica, claimed manager, blamed whole situation us. After retelling dilemma again, finally said Debbie (I guess rightful manager) return 25th, could perhaps make arrangements. I think truly unfair trade turned unromantic night cheap hotel. If stay here, watch ways money. They side.",-0.02189955106621774,0.4399130190796858,Aug 15 2007
40,40,"Hilton Prices Motel 6 treatment !!! Hello everyone. I'm writing trash hotel, however, I must tell truth. I called inquire room queen-sized bed I quoted $195/night. Upon checking I charged $250/night since I written proof original phone quote (my fault) management would budge. My partner I thought room clean, however, overcharging tainted view overall experience.If going stay here, make sure get email fax confirming rate given phone.p.s. free continental breakfast consists day-old muffins dried bagels. My partner took one sip coffee threw rest cup out.",0.24027777777777778,0.6231481481481482,Aug 5 2007
41,41,"All basics great location great price All basics here: cleanliness, 100% functional bathroom (with plenty sink-area counter space stocked soaps, shampoo, conditioner, mouth wash), functioning electrical outlets appliances, tv remote, mini-refrigerator, clock radio, picture bed, air conditioner, comfortable bed, front desk staff helpful (and long lines), tasty breads complimentary breakfast. I arrived 11 (before room ready)--but storing bag problem: took right away (in afternoon) retrieved quickly, offering ready smile.Location great--roughly ten-minute walk Penn Station along Seventh Avenue. The 23rd Street station Seventh Avenue Subway right corner.And . . . would believe I got room rate $99 (plus tax)?Keep mind room picky travelers. When I booked it, clerk warned next elevators. I hear noise elevators (and room quiet general), room (#519) unusual shape accommodate space elevators. The room seem large, I feel cramped. Just inside room conventional (but small) bathroom alcove apparently queen-size bed. As keep walking farther room, corridor-like extension (maybe 4 feet wide, roughly). Walk roughly 10 feet, get closet. Just beyond closet small window. The view part nearby buildings--not impressive. The air conditioner bit noisy--but I've experienced problem elsewhere and, despite it, I slept well.Also, I noticed scuff marks walls. In lobby, covering couch tears.For me, issues important. I visit Manhattan order room inspector. I wanted place stay conveniently located, comfortable, functional, clean--with staff would facilitate arrival departure.",0.1766901822457378,0.5436801881246327,Jul 30 2007
42,42,"Couldn't Recover Problems We've stayed Chelsea Savoy three times prior stay July 2007, always worked fine. It's clean, safe, decent-sized room Chelsea. This time, booked room non-smoking king $195 night. That's great price NYC, especially good location.However, upon getting room, started problems. As travelers noted, they've recently changed carpet, smell subtle (at least 2nd floor not.) You get used smell, smells none less. And, good sense smell, would likely almost strong deal with. The next issue air conditioner work. They sent maintenance guy look it. All dial temp 60deg say &quot;Work OK.&quot; Nevermind error code flashing display, 60deg cold tolerate. They move us, rooms hotel. Finally, staff care - all. Yes, I realize New York, we're paying 4-star hotel, could least show shred empathy, apologize, nope! SO, this, we're done Savoy. IF get room problems, right corner 23rd 7th, lucky guest. But, room stinks, issue, realize time check somewhere else...Good luck!",0.08916089466089465,0.5104992784992786,Jul 22 2007
43,43,"Great Place stay!! This first time NYC site seeing bit worried would find. I scoured site along review sites decent inexpensive hotel. This great price location close enough times square quiet peaceful enough goodnights sleep AND next subway! The hotel's front entrance small much larger inside. room stayed double clean private bathroom. The bed linen changed everyday along copy two newpapers (one new york times) delivered every morning doughnuts coffee lobby morning. I I think one best ever nights sleep place. If I complain anything would missing power button TV, thats really nothing complain all. Most interestingly discovered fridge room way out! The staff accomodating helpful. I definitely try book I head new york city.",0.19864242424242423,0.43009696969696976,Jul 16 2007
44,44,"Terrific found Trip Advisor After combing Trip Advisor reviews, searching online websites inexpensive NYC hotel, booked visit. It perfect. Front staff always helpful cleaning staff also pleasant. We arrived early easy leave bags. Were advised room would available early - 1:30 rather technical 3:00 check in. The room - especially NYC huge. (#514 terrific double. Even little refrigerator one cabinets). It back, street front quiet. New carpet throughout hotel. Very clean, new bathrooms. Looked rooms day cleaned. All excellent shape quirky shapes. Ranged typically small, singles (one double bed) larger. Continental breakfast good coffee, refreshed regularly, good assortment bagels, croissant, etc. Served small lobby area limited seating, problem. Could also take room, I enjoyed overhearing conversations Italian, Spanish, Russian - knows. Visitors seemed mix young, older, families children. Location (next famous Hotel Chelsea) perfect access subway corner, wonderful walking area. Would look forward staying Hotel again. I believe prices might increasing, double check. But still good NYC value. Have stayed expensive, less quality.",0.23391209169618266,0.5147791223927587,Jul 2 2007
45,45,"Convenient clean affordable New York location This second time I stayed hotel. It conveniently situated corner 23rd St 7th Ave. Travel NYC convenient: travel downtown subway outside hotel, cross town bus 23rd street. It relatively small hotel. quiet, clean, efficient importantly, New York City, great value prices charged. However, meal service. There many restaurants coffee shops within walking distance, I trouble finding room short notice year ago, found year rooms booked well advance, cannot relied short notice. The staff` courteous. This unpretentious, quiet, clean, conveniently situated offering basic services affordable price.",0.18613636363636366,0.43003787878787875,Jul 1 2007
46,46,"Large rooms clean low key This place would average room rather large (but dark). It clean decent bathroom. Coffee bagels muffins served lobby AM. The wireless internet reasonable. Aesthetically, place bland. But I plenty room spread in, clean location great.",0.17142857142857143,0.6082417582417582,Jun 10 2007
47,47,"clean Flew New York whim without reservations. Remembered seeing line, luckily room available. We happier paid. The recently installed new carpeting, clean &amp; location convinient. After calling several hotels &amp; getting quoted $300.00, felt lucky found one $225.00. They also offer contiental breakfast. Would definately stay again.",0.23827272727272727,0.5135757575757575,Jun 7 2007
48,48,"Nice Little Hotel...Would Stay Again My husband I visiting friend Chelsea weekend holiday party. We decided stay friend already 8 friends staying apartment. We wanted stay near remain within budget $250-300. Because December, first choices either a) booked b) pricey. After reading reviews site, I decided book Chelsea Savoy. We paid $225 per night. If I visited off-season time, I would definitely expected pay less. We arrived Friday night quick check-in. However, I must say checking I really expect staff totally go way put smile face. Just simple hello general courteousness do. And, received here. No problems. Our room right elevators facing street bother least. A honking horns hey NYC! :) The room average size city pretty tidy. I bill clean freak run problems. Enough room one standard bed two nightstands, desk entertainment center. Our bathroom clean nicely scented soaps shampoos us use. The offered coffee, tea, bagels pastries AM. We dined Le Zie one night, right around corner, great! Fabulous food prepared seated within inches neighbor (again, typical city). Also, checked nice wine store street past Le Zie, cannot remember name... All all, great time. The perfect needed. The area great selection food, pharmacies, close subway, etc. I would stay second highly recommend it. Hope helped!Andi",0.20491765873015874,0.5170615079365078,Jun 5 2007
49,49,"A bargain half price While may true proper planning key successful vacation, usually exists exception spontaneous traveler. And experience, trip advisor excellent tool situation. So I planned last minute trip Manhattan wished spend less $300 night, I found options limited completely hopeless. Or they? The Chelsea Savoy rooms available (barely) $300, not-too-shabby review website, and, hey, B-52s apparently stayed there. Unfortunately, experience tolerable best I spare laundry list disappointments, summarize complaints saying simply shower shoes highly recommended.",0.18358276643990928,0.45428571428571424,May 29 2007
50,50,nasty gross unhelpful staff terrible experience !!!!!!! 259.00 one night .. checked late went straight bed woke went use restroom found used CONDOM left bathroom would anything compensate manager help helpful tryed using website reach someone website good looking around found hairs bed mine photos proof wont post !!!!!! BEWARE,-0.30624999999999997,0.5125,May 27 2007
51,51,Not worth money Greeting staff friendly all. The hardest beds EVER. The worst Air Conditioning system EVER. Smell carpet (maybe new) overwhelming. The bathrooms designed horribly. Even receptionon TV leaves lot desired. No room service bar. HUGELY overpriced get.,-0.18587662337662336,0.7077922077922079,May 21 2007
52,52,"Great super location Stayed 5 nights late April mates trip meet old friends. Our fifth floor non-smoking room away road, quiet. Comfortable beds, clean bathroom, helpful frontdesk housekeeping staff. The gripe carpets replaced, pretty strong smell room took getting used to, werenât much sleeping.The Hotelâs location cannot beaten opinion, major subways within one block hotel, including routing directly JFK airport. Thereâs great bar right next door â Jackâs I think, friendly owner staff. There diners, bistros, restaurants, even Starbucks within 5 mins walk. The provides free light breakfast; coffee bagels, muffins, pastries.Iâve stayed pretty grotty places Manhattan, even stayed New Jersey find decent family reasonable price. The Chelsea Savoy best value Iâve stayed island, Iâd happily stay time.If youâre planning staying here, ask advance room away road higher floors value peace quiet.",0.3045214045214045,0.6138367805034471,May 13 2007
53,53,"Great ""cheap"" NYC This great NYC people looking spend bit less city. The price still bit high, worth clean room great location! I great stay happy hotel! Thank you!",0.546,0.6106666666666667,May 4 2007
54,54,"Absolutely Fabulous!!! What find!!! I modern clean single room paid $99 plus taxes (low season deal). Who cares room quite small hardly view window. For great price I comfy queen sized bed, bathroom (toiletries included) cable t.v.The room serviced daily, basic light breakfast provided newspaper left outside door every morning!The location ideal...the subway close dont mind walking, far Theatre District, Midtown Downtown. Overall, Chelsea great place stay really safe!!&quot;I thoroughly recommend Chelsea Savoy Hotel'",0.208609022556391,0.4863659147869674,Apr 28 2007
55,55,"definitely stay again! We absolutely loved location, near transit close galleries. The rooms small immaculately clean. I felt like bargain location.",0.18933333333333333,0.5840000000000001,Apr 9 2007
56,56,"Clean reasonable place stay Chelsea We stayed room king size bed Valentine's Day. The clean felt safe. The room small carpets new bed comfortable. The bathroom updated marble vanity. We wanted stay within walking distance Martha Stewart studio, tickets show next day. It worked perfectly even complimentary coffee pastries 8am lobby hotel.",0.31296969696969695,0.5864545454545455,Feb 15 2007
57,57,"Perfect Little Hotel This website great helping plan trip NYC I post review! I found Chelsea Savoy friend used live NYC. What great find! It's small boutique style super friendly staff. They let us check around 2 hours early let us check pretty late well since flight middle afternoon. The location fabulous! It's 10 minute cab ride Times Square 20 minutes Central Park. There least 3 subway entrances around corner also. Of course, ton restaurants near by. Overall, location really sold place. I read website breakfast place called Murray's, 23rd &amp; 8th ave. It's wonderful! They tasty egg, sausage, cheese bagel sandwich. Go there!",0.2609051036682616,0.5377192982456139,Dec 12 2006
58,58,"Just looking My best friend &amp; I stayed 29 Oct 6 Nov. We looking somewhere clean &amp; expensive. Chelsea Savoy great! Rooms clean altho maybe isnt much life left mattresses. They used 'toppers' cushion &amp; comfy enuff get decent sleep. rolms arent huge hey, sleeping &amp; spending day &amp; cares?Location great! On corner W23rd &amp; 7th great choice places breakfast/ lunch dinner.( check Malibu...&amp; tell 'sweetie' said hi!) Pharmacy &amp; laundry couple mins foot.#1 subway line 20 paces away front door walk along 23rd 5 mins get lines. You'll Times Sq mins ..its abt 3 stops. If u want &amp; feel energetic enuff, walk east along 23rd &amp; 6th Broadway. You'll walk past flat iron &amp; parks &amp; things. We're 40's &amp; call fit kept nice pace &amp; walked way Empire State without needing stop reviver!The neighborhood around felt safe enuff altho always pays eyes back head &amp; sensible.I'd certainly stay again. I reckon good value money compared places nearer Times Sq etcStaff could little personality I didnt need deal check &amp; out..This short list sure!",0.27592364532019703,0.5095511767925561,Dec 1 2006
59,59,"Nice place rated price I admit location GREAT general fine. I think price though, reviews little high. We paid average 250/night Fri/Sat (with tax that) felt room dated average. I paid much NY stayed much nicer hotel. I complaining place, saying I would expect cheaper. I would recommend place, keep expectations little lower.",0.1626388888888889,0.4825000000000001,Sep 15 2006
60,60,"Great place stay people want get around foot bus subway. Good Points:The staff always wonderful - whenever interacted them, cheerful, helpful acted like glad see us. Mind you, place stay high maintenance - one employed wait hand foot you. But need help, treat like someone worthwile, like chore nuisance. Rooms kept well cleaned without undue fuss. Location another great point hotel's favor. It's corner 23rd Street 7th Ave., puts almost top one subway line, one block another subway line, also cross-town bus line get subway line would want. In addition, block two walk, several restaurants, delis, 99 cent store one item forgot, Ben Jerry's (and Baskin Robbins, insist), drug store, excellent gourmet grocery store called &quot;Garden Eden&quot; (which I highly recommend visiting put together classy picnic cheese, lox, bread, olives fruit) couple places get souvenirs find every single corner. As husband puts - get anything need within two block walk. My favorite part stay? They provide lovely sandlewood soap toiletries. Bad Points:Internet access available, ridiculous price. When went, 4 dollars thirty minutes ten bucks day. You couple options. There's Tasti-D-Lite (I swear) nearly every block, buy 10 minutes time PC couple bucks, enough time locate one place wanted go forgot note address of. There also $tarbucks everywhere pay well already account. Your best bet bring laptop head Murray's Bagels breakfast. Walk (west) 8th Ave, turn left walk another half block. On weekdays, get LEO (lox, scrambled eggs sauteed onion) favorite bagel surf free eat breakfast. I never actually saw sign promoting free internet (we got word mouth), netted breakfast two four days row. And food outstanding.The room ok. We two double beds bed slept sagged bit middle topper shifted occasionally, nuisance real hassle. I find layout poor using desk chair uncomfortable (but I never used room desk laptops, either). The room tub, really giving lip service idea actually taking bath - shallow soaking, better taking shower. Final evaluation: great place stay people want get around foot, bus subway.",0.212005291005291,0.5483915343915345,Aug 8 2006
61,61,"Great Find The Chelsea Savoy good find almost want give great review booked next time go nyc. The 1 subway line right next door , coffee bagels lobby AM. Located right outside Times Square area within walking distance 8th. I asked received inexpensive room, small yet small fridge ,tv , phone (. 50 local call) safe area people around streets pretty much night . (saftey numbers) Don't expect view ambiance yet safe place stay. There dresser room, closet, ironing board ,iron, small safe , bathroom. Clean!",0.24882756132756131,0.45955988455988456,Aug 1 2006
62,62,"Best Kept Secret There honestly nothing say bad Savoy. I stayed roughly 4 years typically travel NYC 8 times year. The saff hasnt changed much, nice, know name. For decent 2 - 3 star place midtown &amp; Chelsea - can't beat price. They wireless internet access nice touch. The room basic, making upgrades certian things like internet access toiletries, etc. I read reviews place ones bash - I say &quot;Don't get mad booked paid 2-3 star expected get Waldorf&quot; I love Chelsea Savoy recommended friends. It great budget hotel, great area.",0.1984375,0.6247395833333333,Jul 24 2006
63,63,"Wonderful suprise This girls' shopping, eating, theatre tourist trip. There four us wanted stay room. Had great deal difficulty finding room NYC accomidate us without spending king's ransom. The Chelsea Savoy answer! The room clean, well air conditioned comfortable. The location convenient parts city. Plan staying again.",0.5773333333333334,0.7150000000000001,Jul 19 2006
64,64,"Perfect location exploring NYC We picked Chelsea Savoy basis reviews TripAdvisor. We stuck getting last minute, due booked apartment cancel [after reading reviews apartment TA]. Well, I happier hotel. It really perfect location exploring beautiful totally fantastic city. The bordering basic, spotlessly clean, well serviced daily, ample towels free toiletries etc. The serve food, free breakfast bar coffee danish morning, Monday thru Friday, comp copy USA Today left outside room door. The beds extremely comfortable, I room myself, big queen size bed...wonderful get hard day walking round city!There plenty amenities close itself..a deli next door, plenty diners, including wonderful [if tackily named Malibu] serving cheap meals jumbo size portions. Honestly, breakfast Malibu enough keep going day, $8. If choose stay here, miss evening meal East Eighth cafe, garden restaurant. Wonderful setting, again, great value dinners running $15 $25 drink. Its 24th street, block hotel. A minutes walk brings bargainhunting daddy all, Filene's Basement, TJ Maxx upstairs [TK Maxx UK Ireland]. Ralph Lauren shirts $20 dollars! And also worth noting sales tax clothes shoes $110 NY last April. I'm intending go back explore NY next year, I'll definitely consider staying again. The real gripe I [and hotel's fault] 3 different taxes added bill...a $185 room becomes $213.45 day. Some difference, adding $170 bill. For city still trying woo back tourists, State could maybe give consideration high cost hotels city?Thank lovely wonderful people came across New York, without exception, kind-hearted, considerate welcoming.",0.2669844789356985,0.48828159645232805,Jun 22 2006
65,65,"Ideal location Easy access subway, plus able walk many sites make Chelsea Savoy ideal place first timer visiting New York. The suggestion I change shower head. The bathroom nice, well appointed, shower head spray well. Other that, I thoroughly enjoyed stay would happy stay again.",0.46455808080808075,0.73510101010101,Jun 13 2006
66,66,"Great value location exploring NYC My friend I flew Manhattan Thanksgiving day stayed Chelsea Savoy four nights. We picked based reviews site happier choice. The location excellent- close restaurants, bars several subway stations. Our room spacious clean. No frills, still nice. The front desk staff overly friendly, gracious enough offer call car service us. All all, I would highly recommend hotel- perfect place sleep clean exploring city. Can't beat price.",0.458939393939394,0.6354545454545455,Jun 6 2006
67,67,"Perfect Business Hotel I've stayed Chelsea Savoy several times business trips NYC. The no-frills, nice. The front desk staff friendly aware guests - recognize come go, nice fear non-guests lingering. The rooms small. The fairly quiet night, despite bustling city outside. It clean, well air-conditioned (I've stayed summers), location fairly convenient metro - block away. There good restaurants around corner, movie theater too. It awkward place catch taxi go uptown, go downtown perfect location. If going uptown, walk block first headed right direction begin with. The price right perfect place sleep (but much else) NYC.",0.3321547619047619,0.6169047619047621,Jun 1 2006
68,68,"Great Location Clean Rooms Friendly Staff I've staying many years traveling NYC vacation. Rooms clean, small (but complain spending little stay), staff helpful friendly. The location, hip Chelsea neighbourhood, plenty great restaurants, shopping (everything Whole Foods designer discount store Loehmann's) nightlife. Chelsea's great &quot;home base&quot; start exploring rest New York - Times Square Theatre District mere 20 minute walk away, Greenwich Village Meatpacking district equally close, Soho walkable short cab ride . The subway line, great method traveling neighbourhoods, runs along 23rd.",0.26218805704099823,0.5340909090909092,May 28 2006
69,69,"Good base operations I'm always search affordable hotels close company's NY office. This best one yet. Great price area, good location, plenty restaurants, easy access (walking, subway, taxis) rest city. Nothing fancy clean comfortable. Only complaint limited number electrical outlets recharging phones, Palm Pilots, etc. Had get creative. However, roughly half cost hotels, minor problem.",0.2257936507936508,0.5778571428571428,May 11 2006
70,70,"No frills okay We stayed part round world trip two children (15 11) December. We chose part theatre ticket package, also looking something central, comfortable inexpensive. The location good (next subway). Our stay quite pleasant, quiet (though fairly bland) room, major complaints. We probably stayed theatre package though, whereas I would happy enough stay I think probably hotels Manhattan would met criteria higher degree.",0.2043154761904762,0.5398809523809524,Feb 1 2006
71,71,"Great deal quiet room good location My daughter I stayed first trip NYC (her second) stayed 3 nights...I surprized first small room I found small rooms NYC (In Boston larger rooms average) quiet room...it inside hotel....vew residential roof patios...who cared..we slept here, location let us sleep well woke 9AM 2 mornings. clean, beds comfortable...slept well. We walked hailed cab places (Central Park, Broadway) easily walked places....walked neighborhood bit interesting kinds stores find suburbs residents (it basically residential neighbor hood---in $2000 range...a friend daughter paid $3000 one bedroom around corner) Yikes! coffee pastries wonderful...all basics comfortable...all I wanted. The $ I saved I got eat saw great show...and got cabs instead subway. But subway doors down. If going NYC see place need resting spot comfortable bed....in good accessible area go here...and ask room street can. (this street noisy ANY street I on.) I store luggage day I checked out...so got see city afternoon got bus city 7PM. That great.",0.2373015873015873,0.48323412698412704,Jan 24 2006
72,72,Great Little Hotel Decnt Price We stayed 4 nights. We found well worth money. Great location branching areas Manhattan. Subway station right outside too. If intend spend time exploring city want place thats clean put head you.,0.27616567460317465,0.4593253968253968,Jan 23 2006
73,73,"Do expect much First price great NYC high season. But go realizing getting pay for. The location knowledgable NYC visitor, otherwise may find self neighborhood use to/comfortable with.The cleanliness comments past reviews mystery me. I see many signs housekeeping staff. rooms tired, greatly need refurbishment.On plus side, front desk people fine. And coffee pastry lobby morning first rate. Also many nice little neighbood restaurants 8th avenue, meatpacking district/chelsea market far away. Also location 1&amp;9 subway lines also great. bottom line price main factor, place, expect paying for.",0.26279320987654325,0.596604938271605,Nov 7 2005
74,74,"A good choice My wife I stayed Chelsea Savoy three nights. We found room clean comfortable bed. The bathroom fine, except paper-thin towels. The sits extremely noisy intersection, horns honking throughout night. So expect tranquility. All all, fair value price.",0.40972222222222227,0.7500000000000001,Nov 3 2005
75,75,"Great Place!!! Perfect enjoying town..... I stayed several times love location. The clean simple...no frills!!! I always found staff extrememly freindly helpful, maybe I stayed 4 5 times now. I definitely recommend Chelsea Savoy looking simple, inexpensive place sleep,rest shower exploring town!!!",0.4645182291666667,0.5633928571428571,Sep 13 2005
76,76,"Great Place For NYC Visit Stayed w/my 2 teenage kids first ever NYC visit. We quad, w/a roll away bed. The double beds incredibly comfortable-firm mattress w/a featherbed top-very lux. The room spacious, clean quiet. The bathrrom large, w/full size tub, completely tiled. Newspaper delivered door weekdays; brewed coffee good danish, muffins, rolls provided lobby every AM. The staff helpful friendly. BIG PLUS-our flights arrived early (8:30AM) left late (7:30PM) allowed store luggage AT NO CHARGE check check out. The location great-Chelsea good, walking neighborhood w/shops, restaurants clubs nearby, best subway station 2 doors corner. Highly recommended going back .",0.26763794406651553,0.3882917611489039,Aug 16 2005
77,77,"Excellent Value Neighborhood Clean For work pleasure, I travel NYC frequently. I normally stay small, ridiculously cheap place Chelsea, time unable find space there. Hence, I came Chelsea Savoy hesitations.Yet, NY location Chelsea Savoy excellent value. Our room clean, surprisingly spacious, relative bargain. For traveler looking perks pampering, terrific place.",0.29393939393939394,0.65,Jun 27 2005
78,78,"Good price good location.... Good value money excellent location.Above 7th Ave subway (23rd st) 1,2,3 &amp; 9 lines. One block either way V &amp; F A,C &amp; E lines.Quiet neighbourhood.",0.7749999999999999,0.7000000000000001,Jun 12 2005
79,79,"Pleasant stay.... I pleasant stay Chelsea Savoy past May,the staff helpfull, rooms nice clean , location also perfect--away tourists Times Square.I would recomment anyone wanting &quot;real&quot; New York City experience.",0.4028138528138528,0.6911255411255411,Jun 7 2005
80,80,"A pleasant place This nice I staying past years. Very convenient subway right outside door. Clean rooms bathrooms. Quite roomy too, closet iron. Rates reasonable NYC. Highly recommended. Only hassle would parking car. Garages nearby VERY expensive. I lucked found spot nearby 20th Street, five-minute walk. But prepare search long hard want shell 50 bucks day park garage.",0.08960317460317459,0.5382698412698412,Jun 7 2005
81,81,A Pleasant Surprise!,0.9166666666666666,0.9666666666666667,Sep 28 2004
82,82,Dissapointed,0.0,0.0,Sep 10 2004
83,83,This sucks doen't,-0.3,0.3,May 23 2004
84,84,Shhhhh! Don't tell anyone,0.0,0.0,Apr 9 2004
85,85,perfect stop.,1.0,1.0,Mar 2 2004
86,86,Very Satisfied,0.65,1.0,Feb 10 2004
87,87,Convenient location/clean rooms,0.0,0.0,Jan 13 2004
88,88,Wonderful-very convenientcleanand cost effective,0.6,0.8,Jul 23 2003
89,89,Your Kidding,0.0,0.0,Jul 3 2003
90,90,Clean Convenient,0.3666666666666667,0.7000000000000001,Jun 29 2003
91,91,buon comoda posizione,0.0,0.0,Aug 26 2007
