,Unnamed: 0,Reviews,polarity,subject,Dates_extracted
0,0,Expensive Really expensive rooms immaculate beautiful. I town niece came room I done sales calls clients even commented beautiful room was. Expensive company spotted bill anyway time. I know would ever willing spend kind money beautiful exceptional gorgeous hotel. Location nice parking best situations. Train station nearby tons taxis though might make easier someone without car. I unfortunately needed car parking murder.,0.3547619047619047,0.8535714285714286,Nov 24 2009
1,1,"great but..... The staff friendly, rooms clean bathrooms without problems. Location amazing. However, staying different hotels New York, New Jersey, Toronto, Montreal Qubec shocked discover charge internet! The price room well payed hotels star ratings. When considering price room disgusting charge $20 per day added internet use. Plus available pool. Well priced recieved.",0.016491841491841467,0.5506993006993007,Nov 12 2009
2,2,"Wow When I visited Hotel first time, I surprized see it. Such big Hotel!!! I live Hoel room service everything really superb. Must stay Hotel make plan NY.",0.2477272727272727,0.5722222222222223,Oct 5 2009
3,3,great trip The nice. And great choice enjoyed stay extremely.,0.515,0.8400000000000001,Jul 7 2009
4,4,Weekend getaway Overall great experience. Rooms adequate clean New York. The property restaurants good although nothing available meal 3:00 p.m. 5:30 p.m. The Hotel well situated 5 minute walk Time Square Central Park. It also close key subway entrances. Excercise room massive everything need away home. Excellent concierge service.,0.3427972027972028,0.5752214452214452,Jul 5 2009
5,5,Great suites We stayed Hotel 4 nights thoroughly enjoyed stay. The 2 bedroom suite spacious easily accomodated 6 adults. The service excellent round facilities club floor good. One drawback swimming pool missing. They even comp passes nearby gentlemen's clubs.,0.4333333333333333,0.619047619047619,Jun 6 2009
6,6,"Don't Confuse The Hilton Club Hilton Prior reviews lead believe travelers confusing The Hilton Club The Hilton. Yes, address, The Hilton Club hotel-within-a-hotel well timeshare-type property consists suites located 37th 38th floor private check-in desk (and services). You bypass ground floor big front desk ride dedicated elevators directly 37th floor. Hence The Hilton Club provides small personal service context large super central Manhattan location. I first stayed years ago liked it, I always hunt luxury-bargain The Hilton Club turning favorable rates recent prepaid offer $215 2. Not best deal mid-town say? Check again; rate included complimentary breakfast, complimentary wireless access, complimentary daily cocktail reception, plus gym business center. The smallest room, &quot;euro-king&quot; neither huge cramped feeling; rather ship-like makes really good use space, lovely built furnishings. The bed terrific, small table chairs okay working, comfortable sitting watch TV. The large glass-walled shower rainfall head also side jets excellent water pressure. The stall spacious seat back. Aveda amenities plenty shelves complete nice, little compact, shipshape bathroom. The welcome desk always two friendly attendants. The breakfast offerings nice well presented; fresh fruits, yogurt, hard boiled eggs, cereals, super selection baked goods, coffee, expresso, teas, juices, etc. Can't say offered cocktail hour. All satisfying choice lodging. A couple caveats hotel-shopping; sure comparing apples apples--what extra charges? If shop rate enter 2 adults, 0 children, list options appear, sure &quot;second person&quot; included. With Hilton hotels, may proceed booking &quot;extra person charge.&quot; Be aware getting paying every case. At hotels.com, extra person fee Hilton Club $30/night; Hilton directly worked $17/night. If need luggage storage check-out, prepared pay $3.50 per bag per 24 hours, plus tips.",0.21981778425655976,0.4998623258827341,Feb 2 2009
7,7,"Awesome Stay! My friend I stayed Hilton Club past May awesome time! We arrived early although able check right away, offered us use gym freshen 8 hour overnight bus ride. When went back second time check bumped us better room wait longer. Our room newly decorated definitely felt like getting money's worth! This perfect location planning staying midtown. It's steps away Rockefeller Center minutes away times square. It gives great experience without stay right middle business times square. Booking stay simple Hilton best rate could find considering location. We booked trip 4 days arrived city, staff quick help us phone. This third time visiting NYC, definitely best trip far, stay Hilton lot it.",0.3415052308802309,0.4564691558441558,Jan 1 2009
8,8,"Mixed Feelings Hilton Club This kind mixed review since stay started really badly ended well. It left conflicting feelings stay.My wife I stayed Hilton Club four days. We flown Europe arrived Hotel around `1am tired. We pre-payed entire stay reserved King non-smoking 5 months advance.When got informed Hilton hold actual room request, room itself. What shock! We assumed reserved paid King room would get that, apparently policy written otherwise. Instead We given queen room night extremely noisy plumbing problem kept us up. We promised King room next night-- meant pack stuff move again.To Hilton's credit cordial offered us free dinner. Also I requested room Executive floor accommodated trouble put us through.The location good though...walking distance Rockefeller Plaza, Radio City Hall, Broadway shows Times Square.All all, price I expected make since executive floor cost us $100 per night charge us.I would probably stay price right I to.",0.09477443609022557,0.4772305764411028,Nov 17 2008
9,9,Muy bien especialmente la ubicaciÃ³n,0.0,0.0,Jul 1 2009
