,Unnamed: 0,Reviews,polarity,subject,Dates_extracted
0,0,"Great Hotel! Nice Room! I love everything AKA United Nations. The kept well modern deco. Room comfy, clean well equipped. This definitely five star experience! The room huge!The staff friendly location great!Very highly recommended!!!",0.4115740740740741,0.5766666666666667,Sep 24 2009
1,1,"Great friendly staff!! Very helpful!! Had great time NYC! The staff A.K.A made even enjoyable. Very friendly knew lot area. Suggested great restaurants places go!! At end night always staff always asked went liked it. The rooms nice. Fairly clean, like home. I consider snob critical, however I would absolutely stay again.",0.5348157051282051,0.7076923076923077,Sep 11 2009
2,2,"Noisy Construction Work Service Okay We stayed AKA United Nations visting New York. The location convenient facilities clean adequate. However, place next construction site woken 7AM every morning (including weekends) noise heavy drilling construction work. Traffic noise (honks taxis garbage trucks) bad every night (even till 2AM morning!). Our friends stayed one rooms facing away main road said noise slightly better. However, room right next old office building workers looking room day get enough light. Service so-so. The in-room internet service slow inaccessible occassions (during evenings).",0.06404379933791698,0.39991723962312203,Oct 27 2008
3,3,"Lovely We stayed NY Christmas / New Year holiday I say delighted property.The complex new, modern spotless throughout. As apartment, exactly like photos website used.There selection tea coffee snacks (mini muffin scones) available day loby.The staff friendly hepful.It's great central location I would definately consider staying again.",0.3009297520661157,0.4871900826446281,Jul 22 2008
4,4,"Better known AKA United Nations A fantastic find...Booked AKA UN 5 nights Spring trip - going stay Marriott Residences get advantage kitchen - price studio booked one bedroom apartment - appeared much better buy.Position immediately central - 5 min walk Grand Central Terminus, UN way. You could hear traffic 3rd ave - left windows open. AKA residential side street.Reception doorman always friendly. The apartment spotless everything wanted - well equipped kitchen, comfortable bedroom lounge. Bathroom little small - good shower. Services every day - minor criticism dishwasher powder replaced daily.Light breakfast served morning reception coffee available day. There 24/7 corner shop - better bet supermarket 2nd avenue mins walk - also near Manchester pub (a good English style pub - good beer food ok), next door great Chinese restaurant take away.Overall - great visit NYC I'll certainly return - also AKA right place stay.",0.21607142857142858,0.460204081632653,Apr 1 2008
5,5,"Needs attention soon I bought package United Nations property LuxuryLink.com disappointed stayed seven LuxuryLink hotels. This extended stay facility true level maintenance would have. The floors peeling, drapes dirty, linen rough scratchy. It much space kitchen room have. The decor serviceable although getting bit worn. For I paid, I felt OK I'd paid standard rates, I would quite upset.And drunk guy singing halls one night help! Security sufficient handle situation like that.Staff friendly tries quite young inexperienced. Housekeeping quick clean requested it, phone air conditioning working properly unit.All all, I back others aware standard.",0.019736842105263153,0.4434210526315789,Nov 11 2007
6,6,"Luxurious apartments handy UN OVERALL:Spacious, modern luxurious apartmentsPOSITIVESâ¢Semi-furnished apartment (full kitchen, fridge/ freezer, coffee machine, separate lounge area, huge comfy bed, separate balcony, TV, stereo, DVD player, TV bedroom)â¢Super modern dÃ©cor furnishingsâ¢Very friendly staffâ¢Quiet roomsâ¢Loads thick bath towels, face cloths etcâ¦â¢Very convenient UN Headquarters (only 1 1/2 blocks away)â¢Complimentary broadband internet access (non-wireless)â¢Complimentary breakfast cafÃ© downstairs (weekdays only)â¢Complimentary fancy chocolates rooms arrivalâ¢Complimentary access 24 hr modern gym (located near lobby)â¢Nice large air conditioning units bedroom lounge areaROOM FOR IMPROVEMENTâ¢Room rate bit expensive sideâ¢No washing machine dryer apartmentsâ¢Hotel consider getting wireless internet (even modest hotels NY wireless access available rooms)â¢Additional lighting required rooms especially bedroomOTHERâ¢Close corner store beer wine store (few mins walk hotel)â¢Taxi fare JFK airport approx $35 USDI stayed x2 nights 18 - 20 May 2006",0.16773809523809524,0.558531746031746,May 23 2006
