,Unnamed: 0,Reviews,polarity,subject,Dates_extracted
0,0,"Lovely perhaps much club enough The title sums up.SH located fabulous part twon, trendy, noisy busy, easy get main event.The great. Our room beautiful, fabulous bathroom (the bath particular). Very smart, cool comfortable. I say actually found bed hard, complained, upgraded us next day happy.The thing I like smell corridors. Don't know sort musty sweet helps! Otherwise, breakfast fantastic, continental brekkie perfect, freshly baked muffins...mmmm. The bar beautiful, fun, busy. We also used free internet service useful. The upstairs pool deck really cool, summer it'll great.Our real gripe felt guests come second club members people drink there. It private club, extremely busy, less important others. The staff seemed bit fake uncaring us. That's mentioned forum, (as smelly corridor!) maybe there's something (or maybe not).Anyway, great stay, might try somewhere else next time.",0.2565708478513357,0.5660743321718932,Nov 22 2009
1,1,"Good stuff We great stay...read together previous reviews sum upPROLocation: shops, restuarants, highline etcFunky roomsPool terrace bar Staff really helpfful: conciege, rooftopFood drink: though bit pricey cocktailsExclusive, young, hip vibeMassive roomsLovely bath room, bathroom tooCONBusy roof timesNoise roomsNoisy air con (though didnt use second night room hot)Rooms bit dark - lighting could better sofa areaIN SUMIf want great location, atmostphere AND rooftop/pool cant beaten",0.30925925925925923,0.4185185185185185,Sep 4 2009
2,2,"Total rip Noisiest we've ever stayed in, could hear couples arguing night next door, walls thin could joined in! Prank calls room middle night, high heels floor above, loud music hours, absurdly pretentious staff, smelly corridors, wires hanging ceiling, view rubbish strewn vacant lot...all $800 night.Don't waste money place! Far nicer places NYC this.",-0.06899999999999999,0.47400000000000003,Aug 4 2009
3,3,"Outstanding I stayed three friends fortnight ago, originally stayed five years ago first opened, I say remains fantastic experience - even though formally hotel. It's almost someone actually put thought offered! Let tell Soho House best place stay New York, least Summer pool buzzing:1. The rooftop pool dream Summer. There nothing like (free) continental brekky sun lounger pool 9am. And, course, lots girlies pool come evening .... (And kids morning, note, one threw next us!). Cute highly competent wait staff too.2. Free access Soho House events stay. There Independence Day party roof Saturday arrived, 'sundown' party Sunday various screenings private cinema. No charge this.3. They pool table, table football table loads board games bar, rarely busy. And free wi-fi everywhere.4. Fantastic front desk staff always happy chat book stuff (a Soho House concierge also clout, I would guess, standard concierge).5. Always taxis parked outside (it semi-pedestrianised outside front door cabs park up)6. No attitude. No-one works thinks better customers. If ever stayed 'design' property staff think favour serving you, find breath fresh air.7. The meatpacking district great shopping, drinking eating (at least, converted warehouses thing) walkable Greenwich Village West Village well7. The rooms well designed - look website photos - although liking warehouse living helps! Great rainfall showers built steam room larger rooms. Even smallest ones work well, although bigger ones (mine 750 sq ft) make biggest statements.8. The selection freebies I ever seen room. Way beyond usual toothbrush / razor found five-star. Also selection USEFUL magazines like Time Out restaurant / bar guides. Some interesting mini-bar items well, including silicone lubricant! The price list also mentioned silk bondage ropes I never found them!It well worth considering next NY trip think kind scene. They last minute specials, see website, prices bit high budget could hold flexible reservation elsewhere rebook Soho House couple weeks travel.",0.2797144522144523,0.49387723387723387,Jul 20 2009
4,4,"Good Service good I last spring I good memory two week trip leisure business, location favorite Ive like seven times NYC better hotels. Still, location favorite service top 3! Good memories!",0.5666666666666667,0.6074074074074074,May 20 2009
5,5,"The staff GREAT!!!!! I held private party January 2009. The staff excellent, asking input I wanted room setup proceeding provide suggestions make work needs. Everyone accommodating made feel comfortable know I need worry thing. When guests arrived, continued helpful, courteous, friendly. The next day, I received emails phone calls requesting invited next party, guests liked party much. I pleasantly surprised, one time thing, since feedback another party (with food time said), I'm planning another one March. Who would thunk it?Next time I may stay party.",0.3688461538461538,0.5480769230769231,Feb 2 2009
6,6,"Classy new yoik!! Anyone seen dreadful acting Geri Halliwell 'Sex City' episode would doubt seen Soho House New York Ms. Halliwell tells samantha brilliant is, well sad say, thing convincing performance. Yes, Soho House brilliant 'New York' wont believe, service impeccable rooms spacious really individual, vintage furniture rubbed shoulders modern. Great sound system, oversized bath freestanding middle room also one highlights. The location also ideal, slap bang middle meatpacking district greenwich village walking distance.",0.2217897727272727,0.5981818181818183,Jan 9 2009
7,7,"Amazing From moment called book room soho house incredible. There rate different rate saw online, instead arguing, said customer always right gave us competitve rate. I girlfriends stay night birthday, I am100 % sure I chose right place. I booked playground room right that, incredibly huge! There also great attention detail within room. From mini bar, DVDs, bathroom products, draw filled games...My girlfriends I literally walked rooms squeeled. It fun, different, people came drinks us, front desk friendly. ( nervouse since private club might weird it) We got noise complaint, staff kid it. I cant stress staffs eagerness please. I stayed nuber 5 star NYC hotels, special something keep coming back future stays.",0.23486024844720493,0.5542374051069703,Jan 4 2009
8,8,"wonderful. stayed honeymoon last july (2008). The spa fantastic I best back massage I ever had, also cowshed products lovely, beware anything use room charged for. The attention detail location excellent roof-top bar fashionable, great views.However, concierge staff hopeless particularly enthusiastic roof-top pool far small! Food good certainly exceptional. Go trendy factor, shopping location spa. Not particulaly romantic either. A 4 star.",0.33463541666666663,0.6479166666666667,Dec 3 2008
9,9,"Love it! Great Hotel. I've stayed 4 times keep coming back. Stunning decor wonderful service, perfect hotel. Unfortunately good sometimes gets fully booked! Sadly summer I get ended The Roosevelt (don't stay people, dive!). I make sure I stick Soho House future!",0.34791666666666665,0.7469907407407407,Oct 15 2008
10,10,"Great fun Stayed 5 nights . Overall - great place stay. Playhouse Room v.good ,very spacious ,lots nice features furniture although starting look little tired .Rooftop pool packed everyday club members . Rooftop restaurant bar good helpful staff . Great Mojitos.Excellent location - surrounded bars ,restaurants clubs . Area busy 4.00/5.00AM",0.2801785714285715,0.5021428571428571,Aug 9 2008
11,11,"Mixed Feelings During recent trip New York, boyfriend I spent two nights Soho House, followed three Mercer. Whilst experience Mercer nothing short fantastic, feelings towards Soho House somewhat mixed.Beginning positive;Rooms - stayed one Playhouse rooms beautiful spacious. Loved huge ornate bed, chandelier, egg shaped bath, french-style wardrobe, selection goodies living area spacious bathroom full size Cowshed products! Cowshed spa - beautiful relaxing - treatments excellent!Location - funky, loads going on. Great shops; Diane Von Furstenburg/Stella McCartney/La Perla. Great restaurants; Fig &amp; Olive West 13th Street particularly good. Great Bars; Spice Market/Pastis/some outdoor garden one.And great;Service - insincere pretentious part. Constant vying tips became extremely irritating. Staff allowed stand front wait tip! Guests rushed breakfast area one occasion due photo shoot!Roof top pool - disappointing - I imagined. Small, crowed, horrible white furniture - certainly hip space shown websiteOn whole, stay Soho House good, great. With better trained staff, place could much better!",0.2035369933097206,0.5540699199790109,Jun 21 2008
12,12,"bring ear plugs! places stay new york meatpackers district place be. atmospheric, although rapid property development means area losing character, packed fab shops restaurants pretty cobbled streets. Of 2 hotels district soho house definetly funckier neighbour gansevoort. The decor, quality rooms location faulted. The disapointment food evening meal restaurant really poor, although quickly take meal bill. We decided eat choice restaurants area makes it. Florent, Pastis, Budakkan, Spice Market Budda Bar within staggering distance For real sex city experience around corner magnolia bakery carries house Perry street worth checkin out. There one problem thats noise. The double glazing sound proofing pants. We arrived jetlagged saturday went bed 11pm 5 hours later still trying sleep sound traffic, horns revellers invaded room, pergatory! Noise much better, doors slamming people rattling aroung rooms.The staff sympathetic issue. Its real shame spent day feeling exhausted lack sleep. sleep city, chance",0.06761946386946387,0.4499388111888112,Jun 3 2008
13,13,"Fabulous weekend break SHNY Just returned weekend break NY celebrate boyfriend's birthday. I decided treat us SHNY I heard lot - lived expectations.We Playroom 4th floor - second grade room - I thought spacious NY good value price $750 plus tax. The decor quite masculine, chunky dark - huge window great view. The bed HUGE comfy &quot;maxi&quot; bar decent bottles spirits - icky minature bottles - cocktail shaker.The bathtub shiny red, shower (in separate room) huge powerful... enjoyed selection Cowshed products pullout &quot;vanity&quot; drawer toothpaste etc. - much stylish lining sink! Note girls: first I EVER stayed (and I travel pretty much every week work) HAIR STRAIGHTNERS addition dryer provided. We (what proved three course extravagenza) breakfast restaurant - fabulous food glass champagne total $100. We also tried bar Friday evening cocktails fab... coolest place earth, fun drinks excellent.The concierge could helpful - making us dinner brunch reservations, booking car airport etc. All great recommendations completed fuss.The drawbacks? Arrive late Friday (like did) wait line check amongst liggers attempting get bar. We tried look pool early Sunday morning staff surly rude - bizarre reason barked aggressively I tried take photo view roof! To detractors reviews: Yes, Meatpacking noisy area imagine 5th floor immediately bar (6th) would get noise too. Yes, less polite members around place. Yes, TV/DVD/Soundsystem impossible decipher. But I'd still go back like shot - recommend friends. I'd even consider taking mother there.",0.2255555555555556,0.5748989898989899,Oct 15 2007
14,14,"It great... The staff incredible. The room best I've ever New York, given price - try compare lower manhattan - complain?",0.7090909090909091,0.6011363636363636,Oct 6 2007
15,15,"Fabulous rooftop pool We spent great night Soho House, fell love rooftop pool cafe. The pool small -- many people actually swimming (and saw one person get hair wet). No, place enjoy view river skyline, sip cocktails (ordered efficient wait staff) delicious lunch. The chic crowd made feel little frumpy, attitude quotient low place trendy, thoroughly enjoyable afternoon. Our room pleasant, too, though less special. Our room (one smaller ones) still quite spacious, though that's partly there's separate bathroom. Sink, tub shower stall main room. (There's small closet toilet.) I think I might find wearing long stay, I might want catch extra minutes sleep husband showering.Other positives: The bed extremely comfortable. Service general friendly helpful. Free wireless service. Room supplied DVD's, case late-night urge watch movie. Location Meatpacking district, especially clubbing.Negatives: The controls AV system impossible decipher. I think iPod dock -- strange place date. Uncomfortable chairs small accompanying table. The &quot;black hole&quot; huge credenza wall: easy knock jewelry it, much harder retrieve it.Would I come back winter, pool closed? Maybe not, I know I'll back next summer.",0.11276927437641726,0.4831292517006802,Sep 11 2007
16,16,"Best Hotel Experience Ever Just got back weekend hotel. It 15th anniversary treat reading reviews I bit worried honest. Fortunately whole experience excellent start finnish. All staff friendly polite went way help despite fact busy. The front desk concierge worth weight gold seem kudos within local area regards restaurant reservations entry clubs.The room booked playpen, one smaller rooms, still spacious nicely designed, well appointed really good touches. You get use spa products free beds excellent. The room 5th floor overlooking main street, could hardly thing, small amount noise bar floors above, stopped promptly midnight. My slight gripe room overly complicated remote controls plasma surround sound, eventually sussed. The shower probably powerful I've ever experienced, fully capable seperating skin flesh, quite apt Meat Packing District.The facilities excellent, jewel crown course roof top pool area bar. Despite super chic using area, fell clicky inviting place be. We actually met people New York weekend hardly left bulding. There excellent spa facility I thoroughly recomend fully body massage....seriously fell asleep end it.The main bar club room, hardly used whilst there, I imagine busy winter months. We didnt get chance check cinema library, cant reallycomment.As location hotel. Its right centre Meat Packing District (MPD) supposed new place trendy media types. The street quite restaurants bars, lots trendy shops, bars clubs area. My recomendations Spice Market Pastis.Final tip, get pool early get busy.",0.2591858821450659,0.5087375209824189,Sep 4 2007
17,17,"Soho House New York Myself couple friends decided go shopping trip New York. We thought best take advantage exchange rate. I looked Mr &amp; Mrs Smith. We used times before, always really pleased hotels recommend â definitely brand trust quality. Plus, Smith member benefit received complimentary cowshed products hotel, really amazing, treat! We great time New York Soho House exactly I imagined; service impeccable chic. We loved rooftop pool well, I remember Sex &amp; City! The located downtown ideally situated getting around city. The staff recommended best use time helped theatre bookings restaurant recommendations.A pleasure booking trip right flight back, Iâve still got free gift left I feel like really pampering myself.",0.3842764378478664,0.5023500309214596,Jun 1 2007
18,18,"NEVER AGAIN I recommended try Soho House Hotel recent short stay NYC big mistake.The staff idea. Booked us run-down van airport transfers, offered us room space five hangers, knowing travelling two weeks etc etc. On top staff extremely snooty tried play intricate game &quot;Let's-play-that-we-are-equal-although-I-know-that-I-am-far-more-important-than-you&quot; game.Furthermore, room finally settled terribly run down. Although stale smell paint room throughout stay never saw newly-painted walls mention furniture serious nicks marks.Enquiring front desk, I told club members never stayed longer - wonder. Neither I.",-0.18308080808080807,0.545959595959596,May 5 2007
19,19,"Beyond expectations My girlfriend I stayed Soho House 3 nights month ago. In short, stay incredible.I wanted special visit New York, I planning propose girlfriend whilst away. I contacted number hotels, including Mercer Gansevoort, decide Soho House best option.The reason decision I loved look rooms location impressed manner happy help plans, ensure proposal special possible.On first night stayed Playroom, cool (the photos website justice). On second day I aranged girlfriend spa treatments afternoon (including manicure). Whilst spa, staff helped move luggae Playground room. This room amazing. It 1000 sq ft urban chic/cool. We (being hugely helpful staff) set room 50+ candles etc set scene proposal.When girlfriend finished treatment, Bryony (one managers Soho House, partner crime arranging whole set-up) told room experienced leak moved another room. She led room proposal went perfectly (she said yes way).In addition staff (particularly Michael) incredible making reservations us stay. Nothing much trouble nothing seemed problem.We stayed remarkable hotels before, particularly Cliveden Le Manoir UK, far away favourite. The rooms, location, bar spa special enough, combine service received could ask more. I would recommend anybody wants embrace down-town New York forever grateful Bryony team everything make stay perfect.",0.3913706186286831,0.5812379555927943,May 3 2007
20,20,"Soho House- best intimate I stayed Soho House christmas.Arrived way ahead check-in able provide us room 10am.Booked playroom upgraded us playground alot fun.The front desk asked could arrange anything us, we'd like plan go night...very helpful indeed.The restuarant fabulous chilled place relax midst buzzing city.The cowshed spa amazing entire smelt heavenly. The staff professional helpful yet pushy- I really appreciate.The next door Pastis, Markt Spice Market. All great understated restaurants. I knowa reviewers thought Soho House pretentious whole 'do u know am' syndrome patrons. I really witness feel anyone- guests. I going back June really looking forward i'm taking alot friends me.If reading wondering whether u stay not- Please ignore bad reviews go it. It great little gem city missed. It expensive- worth it. In New York I stayed sixty thompson (great location- Kittichai restaurant great), The gansevoort (a little tacky -but adequate -It also almost opposite Soho House) Mandarin Oriental (amazing views &amp; service) say Soho House comes top opinion- location, comfort, service, &amp; quirky yet chic style. It ticks boxes. You get bit everything- packaged beautifully. My sister struggled tear away Soho House stay- effect- like home away home. You're comfortable everything there. I'm looking forward using pool next trip.This place unique.Enjoy!",0.23749108734402857,0.49219251336898395,Apr 13 2007
21,21,"Just perfect Stayed three nights heading wedding Hamptons wanted best experience I could get short stay. It certainly was! The cosy, intimate discover sound doors main door bedroom noise whatsoever anything would never guess NYC. The rooms delightful spacious New York fabulous bathroom. The wonderful babington House toiletries. However luck side middle October opened pool weather 24 degrees people upstairs made truly magical experience. I fussy fussy goes Four Seasons benchmark Soho House truly independant, quality driven experieince 1 NYC!! Loved food, breakfast, dining room overlooking Hudson River,the service, calm place staff exceptional. Thank great time loved every minute!",0.4420479142070052,0.6254230617866982,Mar 25 2007
22,22,"Posh snooty staff A friend mine knows member The Soho house, booked room him. First pros:The location fabulous! Right heart Meat Packing districtThe room spacious (we stayed &quot;Playpen Room&quot; 5th floor), loft-style room wonderful lay many amenities, including enormous bathtub middle room. The Cowshed spa products room great. The shower doubled steam room large good water pressure. The club upstairs I expected NYC; posh, great socializing people watching. We actually stopped every night three night stay.Cons:The bed uncomfortable.The staff could rude. Be sure use wonderful Bose system provide (noise violation) especially remember wear heals. Of places I've ever stayed, I've never told I wear heals room VIP guest us complaining. We told twice (11pm Thurs 11pm Fri) loud due VIP guest complaints downstairs correct problem would get kicked out. Now, I love music playing think I respectful others kept volume normal level, I shocked I told loud 11pm. The staff deactivated room keys second night friend I ask activated again. My friend followed room staff believe staying came one morning. As member Soho house I sure treated like royalty, non-member much different. Even though I loved club, room, location hotel, I would never stay due lack service sub-par treatment staff. My husband I loved Hotel Gansenvoort across street.",0.2878787878787879,0.6147089947089949,Feb 18 2007
23,23,"IN Thick It here. Our Favorite NYC Hotel By Far. OK, one THE coolest &amp; BEST clubs ever. The Decor fabulous. Really comfortable AND trendy w/out pretentious. My husband &amp; I members &amp; every time come city, providing rooms, stay here. We sampled every room except The Playground (the largest). They fantastic &amp; clever w/all comforts &amp; mod cons could want (theyâve even added ipod docks).My husband &amp; I stayed 9 NYC hotels far: The Ganesvoort, The Maritime, Tribeca Grand, Soho Grand, Chambers, Hudson Hotel, The W Union Sq., New York Palace &amp; Waldorf. We used live city well &amp; ate &amp; hung many hotels well. Soho House far, favorite. DO NOT come looking rest &amp; relax only. It's pretty much party hotel. The bar scene still happening &amp; Meatpacking District hot. New York noisy PERIOD people!! HELLO?? You cannot control external goings city!! The rooms....you hear people turning water, slamming door....depending room is, hear more. Just bring set earplugs (if sensitive) safe. Also - never problem bringing allotted # guests. Staff always really nice &amp; crowd cool &amp; minds business part (you get affected city snobs &amp; really cares)?! You know donât care...?? Bâc place great. You even smoke Games room. One last places city itâs allowed. The Pool TINY (again, city hotel, donât expect giant pool) &amp; beware children! They put new rule affect times &amp; many kids allowed. Itâs quite scene get seat, hold dear life I couldnât bothered while. It noisy w/the kids. I used go overcast days &amp; relax. One favorite things smell believe not! The Spa (Cowshed) makes organic products farm itâs sister Hotel Babington House (see below). As guests, give array products use stay &amp; arenât stingy...you get big bottles (however, take, bâc recycle bottles) &amp; know everyone tries almost everything. Therefore, yummy smell ingredients like Lavender, Calendula, Cinnamon, etc... Seems permeated walls Hotel. Anyway â itâs great! If get chance experience it, But NOT want restful hotel. Also - sister club Somerset, England called Babington House we've stayed dozen x's. It's fantastic! If ever area, really stay there. Itâs modern living country doesnât overwhelm cool is. You still know English Countryside AND youâre sleep Chintz walk around drafty &amp; damp old Inn.",0.2969589765580331,0.6346912521440824,Nov 27 2006
24,24,"excellent boutique My husband I travel around world best I describe Soho house top boutique hotel. The room fantastic, loved heteroclit style. The location hype district full good restaurant. The lounch bar teh roof floor great summer. The thing I dislike swimming pool invaded mums noisy kids memebers none residents hotel.",0.6055555555555555,0.7111111111111111,Aug 1 2006
25,25,"staff member Ive worked bartender Soho house 2 years. Our stunning, staff outrageously knowledgeable things town, menu, liquors wine. (Far most) The pool nice I mean crying loud pool New York City...there arent many way rooftop pools 5 total. As comment staff rude you...one cant imagine many times guest drop line &quot;dont know I am&quot; (this rarely comes members) always comes result last call, fully booked restaurant, dreaded alcohol cutoff. We try hard accomadating people impossible please. Might I suggest traveling pleasure rather traveling feel like in-the-know, may fair better peoples response overall experience.",0.10752525252525251,0.6648989898989899,Jun 21 2006
26,26,"Wonderful I'm surprised comments posted Soho House, issue noise staff rude. The lovely atmosphere, low hum noise right places (it NY city after-all!) staff went way helpful; one night even gave us entire cinema tv room play dvd, furthermore brought us room service blankets felt nice touch.All positive comments re. style rooms, quality food etc spot on, although I loved exploring NY city, I found wanted make regular stop-offs take advantage room restaurant.When I go back NY, I staying again.",0.2653679653679653,0.5944243256743256,Feb 24 2006
27,27,"Great hard hearing My husband I stayed Soho House recently one night. While staff friendly, room fantastic bar nice place drink venturing dinner, make absurdly excessive noise level surrounding night clubs. I native New Yorker consider fairly immune din city I never experienced anything like before. It started around midnight noise people talking outside window waiting get clubs, continued sound cab horns honking ever 2 minutes, bottles clanking grand finally night club personnel directing cab traffic club closed 3:30am! We mentioned noise level staff next morning said nothing could rooms face street surrouned night clubs. This supposed relaxing, peaceful night away us turned exact opposite. Unfortunately, never stay recommend anyone else unless planning take full advantage nightlife area.",0.15212842712842714,0.5736291486291487,Feb 23 2006
28,28,"What talking Having stayed The Soho House around 15 times since opened I cannot believe reviews I read. Yes elements could improved, case everything life.The noise issue fixed new windows, TV's even fixed. The staff super friendly helpful try accommodate way possible.In regards roof, Soho House's fault TV program made space look bigger, program real life!!On whole, I enjoyed every stay, even problem staff management gone way make up.I would recommend people try themselves.",0.21607744107744106,0.4356902356902357,Feb 23 2006
29,29,"Bad ways I expected I travel extensively I try stay best places. Money issue long I get good product. I bit worried booking Soho House given reviews posted bad service. In fact, I found staff wonderful. I never asked identify upon entering club. I even brought eight guests days drinks etc. contravenes club rules, staff perfectly accommodating. Indeed, service super-attentive food, drinks etc. The room also fabulous one best showers ever. The BIG problem noise. It absolutely impossible get sleep 3am due noise people coming Hotel Gansevoort opposite constant honking taxi cab horns. It drove distraction. Moreover, design rooms, cool Bose surround sound, listen TV room normal volume, next door booming volume level. We woken 8am guy playing TV went ask turn down. It amazing louder room his. So all, matter gorgeous room wonderful staff, get good night's sleep -what's point?!",0.26711111111111113,0.5545555555555556,Jan 30 2006
30,30,"Beautiful rooms terrible service My husband I members private club stayed quite often, recently Summer, 2005. We live neighborhood book special occassions. I agree even though members two years running, rooms amenities best I seen anywhere, staff terrible. The service always horrible one attentive competent staff member moved Germany. You sit club hour without anyone offering much drink menu. I issues staff. A female manager rude one time almost tears. Fortunately, move back house away dealing public. There also guy works main door slapped (as one reviews stated) every time I enter, attitude. Also, food stinks drinks overpriced.If want absolutely beautiful room feel like staying overpriced closet (most upscale NYC rooms pricey, AND size closet) place be, mind looking elsewhere food, courtesy, service. The prices creeped (I can't say gradually) two years, mainly due popularity place limited quantity rooms (and also stupid place featured episode &quot;Sex The City&quot;, way get member rent room, every yahoo wants part it.)If busy expanding L.A., etc. Maybe Mark (The G.M.) would present pay attention behavior staff... alas, he's around much anymore, rely 'he said/she said' staff vs. guests/members resolve disputes. Unfortunately, Soho House, 'customer' always right (actually, rarely is.)",0.02430969930969932,0.5387387387387386,Jan 5 2006
31,31,"Beautiful Hotel Myself partner stayed last year. I say really beautiful, gorgeous interior design, fab spa best pedicure ever, spacious rooms generous supply bath hair products Cowshed range. The location uber cool fantastic restaurants Spice Market Pastis boutiques feel like sending credit card meltdown.My complaints bar closed one evening 'staff party' things food drinks served. Also numerous people commented staff make effort get least recognise face greated every time walk lobby &quot;yes help you&quot; must show card every time enter although tell upon arrival.The food also slightly overpriced $60 2 english breakfasts coffee juice, although quality good get fab breakfast Pastis $25. In bar try divine Lycee MartiniOverall put frosty service back mind place stay New York",0.2599821746880571,0.50222816399287,Nov 12 2005
32,32,"Expensive...but mainly worth it! There seems really varied reviews Soho House I would like share total experience...I would agree previous review, rooms quite noisy. This Soho House trendy Meat Packing district New York 11pm cab drivers descend upon area pick revellers.I would also agree roof area smaller I expected, understand undergo work, may improve, really bad.The bedrooms absolutely fabulous - huge beds fantastic bath end bed. The shower in-built steam-room facility - pure luxury. The TV room fine, quality sound.I expressed concern outside noise staff first night. They could helpful. They also everything could recommend get us best restaurants. We decided late Saturday wanted eat popular Blue Water Grill. The staff really went way us got us table fully booked restaurant. The room service staff extremely curtious possibly politest I ever come across. The door staff would always flag cab us without us even asking.A tip future travellers - private members club many people come small front desk - many people doubt trying 'blag' way in. The staff seem change quite regularly, show staff room key walk front door - know (it's shame tell themselves...). If mind bit noise want stay fabulous room 'hotel' trendy area NY pool roof mind spending serious cash - enjoy Soho House!",0.20520322270322272,0.5382815332815334,Oct 10 2005
33,33,"Pity staff Unfortunately gentleman Paris correct. I'll come back moment. In terms background stayed many 5* hotels throughout world. The Soho House certainly one expensive, I feel well qualified comment luxury hotels.The location good many boutiques, bars restaurants nearby. Shortish walk subway. A little noisy night. The room good dissapoint. Huge (altough 750 USD + tax be) styllish. Excellent bathroom area generous freebie products. A couple small issues. It well flat screen TVs surround sound, difficult (and I complex home cinema system know bit things) get sound TV, I manage terrible hissing speakers. I also felt living area bedroom wrong way round, bedroom beside window, living area sandwiched bedroom bathroom. All minor points however.The rooftop pool area smaller suggested Sex City episode. Comfortable chairs loungers sometimes premium.My main objection far horrible snooty staff. Who think are? The reception staff bad enough - barely tolerable - staff pooltop area needed good slapping.They bad wife I felt reluctant explore public areas hotel.The Hotel Gansevoort across street appeared styllish also. Better rooftop pool. Cannot comment staff, would try hard unfriendly Soho House.",0.03565331010452963,0.5372299651567947,Oct 6 2005
34,34,"mostly nice got back four wonderful days new york. soho house overall good experience without flaws. first arrived welcoming, showed us around room detail, offered reserve tables exclusive restaurants, bars clubs generally said use place like home The room lovely, large new york standards funky industrial loft feel. lots freebees, giant plasma screen, fantastic shower tub abit shabby round edges (big stains around bath, dirty windows) good definitely outshone bad mile.there beautiful roof top pool (very warm) terrific views meatpackers district, funky club fantastic location. sex-in-the city...but, considering $550 per night price tag expected little more. like french guy wrote first review, little offended slightly snooty reception staff failed recognise us number occasions, asking 'can help' dont-really-mean-it way arrival back hotel. whilst middle sorting reservation us woman-of-the-moment celebrity also staying returned dropped like hot potato never really picked again! now, may A list celebrities dont scrub bad certainly dont look place upmarket hotel. We felt like staff tolerating us rather welcoming us price expected more. maybe problem place lacks identity terms whether private members club.they failed inform us arrival famous spa closed offered reduction discover bar / club / restaurant ourselves. got feeling hoped wouldnt find it!so whole, good experience glad would probably chose stay somewhere dollar alittle appreciated (I suspect feel too!)",0.16121947235154788,0.5029388221841052,May 4 2005
35,35,"If place cup tea need switch coffee. I cannot imagine fella Paris went give 2 5. Someone rude desk? Sure, factor voting scale, give 2 5 plain idiotic. The place GORGEOUS. The guests pompous, O.K., I go places hang guests, hell I care? The food excellent. The rooms damn near perfect. The service top notch. The roof is... yes, amazing. If enjoy place, need look long hard mirror ask became bitter life. Everything said, however, assumes limitless budget. Because expensive. Very expensive. But swing it, worth every single hundred dollar bill.",0.11215538847117794,0.611595655806182,Dec 11 2004
36,36,go go go seen review chap France cannot believe it.I stayed January 2004 best Hotel ever stayed in.The room Fantastic. The main areas stylish.The food restaurant Dinner breakfast fantastic.The service great.They knew name start.The Health club fantastic.There room smoke.I going early new year recommend everyone know.,0.36060606060606065,0.4575757575757575,Sep 9 2004
37,37,"OK .. could great The nice .... rooms 650 square foot nicely furnished. Roof terrace pool NY revelation.They need start staff front. As members club, funny door towards guests (at $700 per night !!). After 5 nights, reception staff still hadnt recognised wife I would challenge us &quot;What want ?&quot; time entered hotel.If train staff properly, fantastic place stay",0.49580357142857145,0.75,Jul 19 2004
38,38,Me encantÃ³,0.0,0.0,Aug 23 2008
