,Unnamed: 0,Reviews,polarity,subject,Dates_extracted
0,0,"Hard find better Stayed 3 nights break see friends tried many hotels NYC finally chose Mercer really worth every penny. Booked suite upgraded arrival lovely high ceilinged room 2nd floor facing road. I concerned street noise rooms triple glazed even light sleeper fine. Bed comfortable, great sheets, big bathroom full size bath shower. Friendly helpful service good breakfast. Tried hotels area including Bowery Mercer superior.",0.3225,0.5503703703703704,Nov 10 2009
1,1,"Chic We've coming NYC years I've always wanted stay downtown - Mercer particular. You cannot beat location - close everything! We usually stay mid-town uptown always end going Soho shop downtown dinner. My husband got gift certificate Mercer last Christmas I finally got around using it. Service:-----------We arrived late afternoon room ready, I expected. The staff took bags continued plans. I booked Deluxe Studio upgrade suite. The check-in staff extremely helpful courteous. They explained everything room told us options available us. The lobby welcoming. It relaxed vibe, kind like hanging friends house. You get drinks and/or food there. Within five minutes sitting lobby, I approached waitress. When checking out, I asked business center I could print boarding passes flight home. They offered print right there, putting passes bright red envelop made really easy keep track of. We ordered rollaway bed ironing board iron delivered within 15minutes. The rollaway even headboard. I booked dinner reservations asked could get Mercer Kitchen. I called 6pm asked could get us 6:30 did. Don't know early time starving greatly appreciated quick seating.The Room---------------The room gorgeous! Huge king size bed, soooo comfortable! Large living area dining area. High ceilings large curved windows view Mercer Spring street. Very large bathroom body sprays huge tub. We fresh fruit, fresh flowers,a bottle wine note manager waiting us arrived. You borrow DVDs game consoles too. There bathrobes slippers (cleaned &amp; sealed). At night, light candles draw blackout shades (which worked very, well). Our room street, courtyard, noisy all. One really nice touch - Mercer stationary name printed it. The Restaurant---------------------- The dinner EXCELLENT service great. It great atmosphere - dark, brick, chic open kitchen. The next morning I planned go Balthazar breakfast. The wait 45 minutes walked back decided breakfast Mercer. We got great seat next window. Again, great friendly service food delicious! One best cappucinos I've ever had. Very fresh fruit - including figs I LOVE! Yes - pricey I would normally picked that. But now, stayed there, I DEFINITELY go back restaurant. It may ruined hotels me.",0.2854054834054835,0.5332222222222223,Oct 19 2009
2,2,"This favourite place saty NYC I stayed many times number years. I missed last year Fashion Week happened I New York Mercer booked up. I stay Bowery Hotel. I much prefer Mercer. The staff professional helpful one tranquil places find Manhattan. I love fact residents drink eat lobby bar, means always somewhere sit lounge around. I also like laid back atmosphere fact need assistance staff always able help - suggestions restaurants finding city's less well know treasures new West Highline park. I cannot understand previous reviewers' suggestions &quot;attitude&quot;. I never experienced staff. Service always propmpt attentive even corresponding e-mail. I made endless changes reservation year dealt promptly patiently Elly Khait. ~As rooms themselves, I like combination comfort style; latter changed years I coming here. It nice gimmicks; glitz; charges soft drinks mini-bar. The soundproofing rooms could probably better New York side street perhaps much done about. A courtyard room worth requesting seem difficult get previously !",0.12749719416386082,0.44649270482603814,Sep 8 2009
3,3,"Love Mercer The Mercer great.Fantastic location near good subway connections, easy get taxi close really interesting shopping areas.The food good expensive including room service quick delicious. Rooms spacious NY hotels (never stay Paramount like space!)the downside hunt bit find reasonably priced restaurants touristy area NY. LOVE fac get free pass close Equinox gym, much better sad small gym.Staff friendly remembered stay year before.Also black blinds double glazing really block sun city noise peaceful too. Delicious cocktails too.",0.32083333333333336,0.5876543209876544,Sep 5 2009
4,4,"Only Hotel To Stay In NY Initially booked Hilton NY, quickly turned massive error part. Changed Mercer. Staff, hotel, everything excellent. Most NY hotels pokey, tatty terrible kitchens. The Mercer none things, result head shoulders rest. If go NY able to, stay here.",0.14814814814814814,0.6361111111111111,Aug 30 2009
5,5,"The perfect place stay NYC! I've New York couple times always wanted stay The Mercer, time did. I disappointed, absolutely fantastic!Firstly, main reason visiting NY shopping weekend, favourite shopping area Soho, Greenwich Village, West Village, NoLita etc ... perfect location best shopping city offer.I know begin really ... chic, understated boutique lovely family feel it, believe nothing much trouble guys. Everybody doorman, bar staff, restaurant staff, desk staff housekeepers polite friendly.We Studio room bigger standard, 4th floor ample space, nice open brickwork walls, flat screen tv, ipod dock, dvd player, usual stuff would expect (I loved remote control black blinds). The bathroom exceptional huge double bathtub 2 people (you would easily get 4 people it!) deep - along luxury toiletries fantastic separate shower tiled nice stone marble. There shutter doors bathroom bedroom, wanted chat somebody bath open .. really cool. The Housekeeping exceptional, stayed 3 nights whoever cleaned tidied room fantastic job last detail.Plenty closet space, coathangers ... nice robes slippers provided ... little stuff makes difference (hell, even provided condoms bathroom!).The restaurant downstairs fantastic, ate first night - really superb food nice relaxed, stuffy.The lobby great place sit wonderful selection arty books look at, much time that, make use 10 minutes!Only slight negative, expensive really get absolute best everything, We paid around 440 uk pounds sterling per night ($700+) certainly bargain hotel. I stayed Dorchester London less that, much better Dorchester.I definitely stay again, best I every stayed in.",0.29403392389503497,0.5635777082999304,Jul 7 2009
6,6,"Will always stay Just spent another 4 nights The Mercer celebrate Mother's Day daughter. I least expensive room double doors courtyard. Loved since I prefer quiet views. This year I reserved courtyard room, asked room level courtyard patio accommodated me, I pleased with. I loved decor beautiful marble bathroom. I loved open French doors view lovely patio bamboo plantings. Especially loved little touches personal note welcoming back, fresh flowers table, delicious cookies, little voltives lit turn down, lavender cashmere throw snuggle, list go on. All staff extremely helpful. Always room service delivered immediately. I went thru trouble make reservations trendy restaurants Nobu 57, Babbo, Baltazar. But meals restaurant downstairs really better hyped restaurants. If like staying downtown, The Mercer located SoHo ideal location.",0.22562724014336916,0.5362007168458782,May 31 2009
7,7,Great place shame attitude... Great location Nice atmosphereNot bigPleasant rooms facilities great locationGreat video selection Best mini bar!........... But I generous stating staff attitude moderate (i.e. reception/concierge room service). They seem care 'celebrities' mere mortals plain dumb. We paying arenât we? And I guess also little 'too cool school' contemporary staff have. Whatâs that?I stayed attitude may changed. And back desirable list.Recommend nearby food: Breakfast Baltazar A drink bar downstairs Lunch dinner Lure across road Dean Delucaâs,0.2493253968253968,0.5032539682539683,May 7 2009
8,8,Best choice SOHO This great property. I'm usually bit skeptical &quot;trendy&quot; boutique properties style usually comes expense good service. This property good job playing cool still providing good service. The rooms small reasonable NY standards. The complementary mini-bar great amenity. The location could better SOHO.,0.34615384615384615,0.5192307692307693,Apr 15 2009
9,9,"I love mercer My husband I went New York special celebration stayed Mercer. It perfect spot special time. The room great (we stayed room Huge tub). The staff could helpful. Even though couple high profile celebs staying time staff treated us equal regard.. The poor celebs hounded paparazzi staff wsas utmost shield them. Back us. I loved high ceilings , huge tub comfy bed black shades. The room seveice responsive requests. They responded calls within 15 minutes. All amenities fridge complimentary (except alcohol). With turn evening left botle water bed. I stayed hotels price category Mercer certainly exceeded expectaions.I loved lobby. It warm invitng also hip edgy. There always activity, cocktails, afternoon tea, late lunch great people watching.We really loved stay Mercer Soho.",0.24458571894055767,0.530965879998138,Apr 8 2009
10,10,"Still good but....... We last stayed The Mercer January 2008 immediately impressed concept, food, staff style Hotel. We still impressed latest visit wondered recent additions New York Hotel scene offering better experience. Out curiosity visited 60 Thompson asked view room. The friendly staff happy oblige. Certainly room visited significant improvement equivalent Mercer offering. The roof top bar, view, according accounts major attraction Summer. In evenings The Mercer, trying enjoy drink somewhat spoiled smell food frequently eaten lounge area. We dine 60 Thompson can't comment quality food service. The Mercer great hotel, breakfasts excellent , staff friendly The Mercer Kitchen also good. We would hesitation recomending it. However, perhaps losing lustre, maybe living past reputation. It longer automatic choice sister hotel, The Standard, 60 Thompson worthy serious consideration.",0.39152597402597394,0.5913722943722943,Jan 30 2009
11,11,"Good choice We spent 6 nights The Mercer October 2008 comments stay:- Great location one block away Broadway Mercer Prince streets, two minutes Prince Street underground station.- Very nice neighbourhood high-rises, âend 19th centuryâ five six floor brown brick buildings tipical metal fire stairs attached facade.- Many boutique-style top notch shops also âaffordableâ ones close by, nice restaurants walking distance (The Lure across street good gloomy), cafÃ©s, groceries ...Hotel itself:- Very modern, large, slightly impersonal lobby, friendly reliable reception staff- Bistro-like restaurant basement (unfortunately didnât get time âdine-inâ)Rooms:- Tall ceilings, large rooms, stylish-basic good quality furniture - nice bathroom either huge shower huge tub (great water pressure filling tub time)- two sets windows open, thus allowing either fresh air come getting sound proof environment.We pleased stay recommend (despite somehow horrendous price ... â Check yourself). Staying gives one notion passed times, NY didnât many skyscrapers apart Woolworth Building (go see!!). Makes good contrast staying place like near Grand Central Station Central Park.",0.381875960061444,0.5910906298003071,Oct 30 2008
12,12,"It's The Mercer me... Stayed The Mercer last month business impressed friendly helpful staff. I arrived without luggage (delayed 30 hours) immediately given wide range amenities suggestions nearby shops essentials (they'd even negotiated 10 percent discount J Crew next door guests who'd lost luggage). Room perfect; great bed, walk-in shower bottled water snacks minibar free charge. Lounge area guests great place breakfast quiet late afternoon drink. The food Mercer Kitchen downstairs turned excellent meant venture meals much (Nobu Tribeca one exceptions). In all, great restaurant top-notch personnel fabulous location. Yes, expensive. The least expensive room much junior suite good hotels. But given choice, I'll opt The Mercer. Only one tiny complaint -- oatmeal! It's watery dreadful suggest give miss.",0.1883928571428572,0.6044642857142856,Jul 6 2008
13,13,"Fabulous NYC experience! We loved hotel! Everything better expected - location right heart Soho, chic decor, ambiance, attentiveness staff (not little much) room extras - charge honor bar items (except alcohol course). And that's saying lot expectations pretty high given room prices. We felt like treated well made feel welcome couple celebrities saw staying well. That one complaint I heard stay poor attitudes staff. It exclusive feel whole experience. And The Kitchen (the hotel's restaurant) also fabulous. I would stay heartbeat.",0.2284243697478992,0.5809243697478992,Jun 19 2008
14,14,"Superd Just best place NYC class start end, Service Rooms Location A class, NYC many times stayed top Hotels, But Mercer surpasses expectations high lever personal service Hotel Crillon paris, reading review make sure next step make booking.",0.395,0.44111111111111106,Jun 3 2008
15,15,"Rude Arrogant Overpriced If like overpriced rooms, overpriced food, overpriced service rude employees, I recommend Mercer Hotel. Otherwise, might well stay LaQuinta, save enough pay airfare anywhere U.S.I happy attitude employee. I asked speak supervisor. She stood employee. I asked speak hotel's general manager. Rather call visit, emailed saying previous complaints.Oh my. I guess word v. employee, I must wrong. Really folks, I've read reviews I see people write liked experiences. But really want stay The Mercer Hotel knowing problem, management side regardless facts -- charge dearly experience?",-0.020138888888888897,0.5284722222222222,Apr 6 2008
16,16,"Wonderful stay We stayed Mercer one night, unfortunately, spending nights Dream Hotel (have also reviewed TA). We stayed Deluxe Studio, well treated staff short stay. The bath tub big, great relax long day shopping around Soho, literally footsteps. The restaurant great breakfast, busy day. The room clean modern - huge bathroom really good amenities. It feels quite homely well, service excellent (who ever said people NYC friendly?). Will definitely go back again!",0.33539215686274515,0.5788235294117647,Apr 2 2008
17,17,"Near perfect We got Mercer little noon courtesy truly terrifying cab ride. The Mercer's doorman could see flustered &amp; cab driver bit odd &amp; took over. We inside &amp; everything calm second.At front desk I asked room available next level we'd decided wanted king bed - young woman said we'd already upgraded king bedded room.She apologised &amp; said would take 30mins room ready (we expect hours) &amp; husband said he'd love coffee &amp; rather tactlessly said american coffee recommended place greene st. (Jo's Alessi) It perfect.This good service - we're young cool hip media treated us like wanted important. For rest stay treated way staff. The room comfortable - double glazing fabulous. The products good. Housekeeping impeccable.We'd go back second &amp; would said perfect except Mercer Kitchen dark, noisy, food ordinary &amp; staff erratic.",0.18253205128205124,0.49519230769230776,Mar 26 2008
18,18,"Amazing stay Mercer We spent four nights Mercer recently. great experience round. The reception friendly welcoming immediately shown room, Loft Studio. Not huge OK NY standards. Great bed amazing bathtub two people could laps in. We met friends drinks lobby really comfortable warm, usually wit couple celebs mix well. Service accomodating - sorting dinner 8 Friday night last minute example. Very expensive get pay for.",0.2171875,0.5547916666666666,Mar 10 2008
19,19,"exrordinary attention detail Mercer This second time back Mercer. (it would third booked last visit NYC) The Mercer perfect place stay New York enjoy excellent, unobtrusive service great location. The staff welcoming nothing much trouble. There much thought put anticipating guests needs. The mini bar amazingly comprehensive, Wi Fi day passess nearby gyms complimentary. The minimalist rooms decorated soothing, subtle palette beds, beautiful fine thread count sheets extremely comfortable. This great room come home big day shopping! Our Loft Studio good size room spead days purchases. I torn small hole sweater helpful housekeeper duty repaired back room 15 minutes. That's service. The front desk staff promptly attended restaurant reservation transport enquiries cheerfully professionally. Oh..and breakfast room lovely place start day.Yes, first choice NYC. No question. We stayed 60 Thompson (noisy street front rooms, small room size) The Bowery (our second choice), The Mercer pefect us.",0.27654127481713686,0.4518808777429468,Mar 6 2008
20,20,"Hard objective After rather chaotic flight New Orleans, arriving Mercer pure redemption. &quot;Did nice flight?&quot; concierge asked us. &quot;No!&quot; answered. &quot;Don't worry, here&quot;. True wise words. The Mercer epitomÃ©e Boutique Hotel. A splendid building, tastefully hip decor, excellent friendly service, sophisticated laid-back clientele. The Lobby basically comfortable, smartly designed, large living room. You breakfast there, afternoon snack, late night cocktail. It's cosy, sophisticated happening. The Kitchen lively restaurant basement. Excellent drinks, excellent food, excellent service, cool environment popular locals. The rooms decadent experience: smart time-standing design, huge tub walk-in shower, mini-bar loaded delicious snacks, spirits, champagne, cigarettes, city maps shopping guides. I admit hard objective writing The Mercer. Hotel wise may perfect top-notch experience could get kind rack rate. But experience New York about, can't beaten. And urban kind, leave tranquil sense found home New York City.",0.43558351370851367,0.7183682058682057,Feb 27 2008
21,21,"Watch Phone Bill Beware phone bills. The Mercer misrepresented phone charges room brochure, leaving presented enormous bill, line rates advertised room. After heavy negotiations, managed get advertised, please aware this, check bill early enough departure time argue out.The Kitchen restaurant good.Mobiles work room.",0.02777777777777777,0.4341269841269841,Feb 11 2008
22,22,"Yet Again The Mercer Faultless Simply put, Mercer provides perfect NYC base. It quite possibly best located downtown hotel. From moment I exited cab arrival everything flawless. The hotel's public areas sleekly furnished wonderfully lit, making relaxing lounge (and pretend celeb spotting every time porter opens main door welcome guests). The reception area doubles library bar/restaurant open residents guests. It also provides access to, serves from, Mercer Kitchen - well worth visit (recommend Tuna &amp; Wasabi Pizza).The public-facing staff gorgeous, well attired attentive. They look like might guests uniforms. Rooms great, afford to, treat splurge loft studio. Request high floor overlooking street (rooms soundproofed). The highlight room oversized bathtub. In city much stimui, possible want leave hotel.If looking cab airport, ask porter stop one street rather front desk reserve one - cost half price JFK.This without question favourite world.",0.3527272727272728,0.6506277056277056,Jan 22 2008
23,23,"Best place stay New York City We small family two adults one child (6 years old) stayed week Mercer Hotel.We loved every minute found location best! This second visit New York family.We love SoHo area, found lot good also kid friendly places eat area. The Subway station Prince Street steps away.We requested street facing room, upon arrival told could put us courtyard facing room immediately, otherwise could wait lobby half hour. We chose wait, treated us coffee juice comfortable lobby.After room ready. We disappointed - room 2. floor overlooking Prince Street, meaning could sit leather bench look action (we love people watch!!).We found handwritten welcome note together bottle red wine table - nice touch!The bathroom huge, oversized tub separate shower amenities Face Stockholm. The room large bed, single bed daughter (and must say beds hands best ever tried - good asked reception bought them!), sofa, dining table, chair leather bench - lots storage space.The room also iPod dock, DVD, stereo huge TV (which, reason, gave strange noise turned on, complain it).There also fresh flowers candles (both scented normal) room. The provides DVD CD library also selection board games came handy 4th day - previous days action packed daughter needed quiet day recharge batteries! In situation location could better - able take turns (boring, according daughter) shopping browsing wonderful clothes- food design shops area - buy coffee pastries nearby Dean &amp; Deluca enjoy room.The staff reception friendly everything could ensure enjoyed stay. Also staff restaurant - attentive warm. We breakfast lobby almost every morning stay delicious (although slightly pricey). We also dinner one night one best entire stay.We loved design whole hotel, especially lobby comfy sofas warm ambience. The feel whole place quiet relaxing. I would say Mercer met expectations, frank, exceed them. The price tag also somewhat hefty - said, referring positive words above, truly wonderful place would hesitate recommend it. We already miss - New York, course - can't wait go back city again.",0.3109936011165519,0.5122359425638114,Jan 17 2008
24,24,"Excellent - shame room changes We stayed 4 nights December. The located right action Soho. The entrance unobstrusive easy miss. When arrived told room grade booked available booked lower grade first night followed grade booked remaining three. It hassle repack bags moved painlessly second room great. Plenty space, comfortable king sized bed, large bath separate shower. The great thing quiet city centre location. Our second room overlooked courtyard really peaceful although large ventilation unit adjacent roof could noisy windows open summer.The style place minimalist chic. It suit everyone happy it.We found staff helpful friendly. We lots help sorting dinner reservations advance. Doormen good sorting taxis helping bags.We eat hotel. We breakfast either Blathazar (5 minute walk) Le Pain Quotidien (10 minute walk) good alternatives.The area busy late morning though early evening. Once shops close actually quiet also felt perfectly safe.Overall impressed. It cheap (good city hotels rarely are) felt well looked after. It shame move rooms.",0.36282642089093703,0.556973886328725,Jan 2 2008
25,25,"V Cool Hotel Expensive value money Manhattan.SoHo great place stay Mercer great hotel. The room large huge bathroom. Bose stereo Ipod dock nice touch. The restaurant, Kitchen also good mentioned another reviewer dark!Fanellis Bar across road superb value best burger I ever had. Also across road Lure definitely worth visit.",0.5061904761904762,0.6382142857142857,Dec 17 2007
26,26,"Mercer disappoints... We booked Mercer room - 'Studio' got us decent sized room (for Soho, course...), lots light, oversized bathtub plus separate shower. It great room. It nice room - touring rooms Soho Grand 60 Thompson, felt confident we'd made right choice. The real problem service. I know Soho - expensive real estate North America, still - price paid I expected top notch service. The front desk staff cool particularly friendly. The restaurant disaster. They area that's guests sit in. If going eat restaurant - favour sit there. For reason, 'special area' - tack gratuity bill automatically. I guess waitstaff, knowing going get tipped matter means deliver horrible service 'the special area' customers. We ate three times - ignored, forgot bring items ordered, billed us anyway. If looking best rooms area, Mercer - looking great service - stay away.",0.28645833333333326,0.6264285714285716,Nov 23 2007
27,27,"Truly feels like boutique property amid sea anonymity My partner I stayed Mercer 4 nights New York City business. We wanted stay downtown (23rd Street lower) looking smallish hotel.The Mercer disappoint. The decor everyone--in fact I'm even sure right match me. Rather minimal dark wood, white walls, occasional splash color bedspread. Beautiful architechtural features enormously high ceilings, tall windows, structural columns, adornment.However, service stunning. We major issue room second night. As later found out, J Crew downstairs taking stock night shy bass register music. We assumed coming bar imagine frustration music stopped 11 PM. Eventually called front desk. They quickly brought us earplugs. At 2 AM stopped I went downstairs complain. The person desk know problem could stopped non-obtrusive lobby bar music. However, glad give us another room different part building night without asking us pack bags lug stuff another room 2AM. I thought nice would found bigger property. The next morning figured problem moved us stuff new room (same room category room nicer, even though little smaller) away J Crew. Furthermore extremely friendly throughout process admittedly I quite grumpy 2AM listening thumping bass.Though I think &quot;experience&quot; room merited price, service definitely highest calibre.",0.15154064454064456,0.5004194324194324,Oct 19 2007
28,28,"Great Hotel Its great - rooms much larger average service superb. Be aware rooms smoking rooms ( smelt bit arrived, fair sorted pretty quick ionisers ). Definitely best place stay Manhattan far I'm concerned.......",0.42361111111111116,0.6541666666666667,Oct 17 2007
29,29,"Fantastic stay (again) This 2nd time wife I stayed Mercer less year. We came 2 best friends UK celebrate friend's 40th birthday. It comfortable welcoming hotel, felt like coming home every time walked in. The staff friendly helpful. It's great able choose various seating options eat excellent Mercer Kitchen - lounge, upstairs front downstairs main restaurant (we tried all!). The breakfast excellent cocktails (try white chocolate martini). We ate great restaurants - Balthazar, Spring St (book well advance - great breakfast there), Fiamma (also Spring St, new award winning chef). We superb lunch place called L'Ulivo (once Spring St!) - best pizza I ever nice change tourist traps Little Italy. We pre-dinner cocktail rooftop bar called 230 5th (literally 230 5th Avenue) whch spectacular views - well worth cab ride. Our 2 friends vegetarian ate one night restaurant called Pure Food &amp; Wine Irving Place - superb one interesting meals I ever eaten really charming restaurant too. Happy eating!",0.49932720057720054,0.6093181818181819,Oct 13 2007
30,30,"Fantastic! Fantastic location, opposite Fannelis excellent cheap food good atmosphere. Plenty restaurants nearby good safe area get cab pretty much anywhere Â£5. Room nice could done bath, mercer kitchen good I've never restaurant dark, 1 nightlite per table, staff could barely see even eating. Would stay location alone, breakfast room service fast good.",0.421875,0.60625,Oct 12 2007
31,31,"Simply best Great location SoHo, beautiful rooms, best staff, delicious breakfast warm, friendly lounge. My girlfriend I wonderful stay The Mercer weekend fashion week. The lobby area great place sip drinks looking gorgeous people (models) passing by. Kate Bosworth guest Whoopi Goldberg walked break bench outside. Last time visited The Mercer breakfast next Calista Flockhart Harrison Fordâ¦ I asked adaptor reception desk two adaptors delivered within 5 minutes room! It feel uptight stiff luxurious hotels seem, felt welcomed well taken care stay. If I search mind anything negative I come conditioner bathroom like putting milk hair. Minor problem everything else wonderful. One major Norwegian newspapers wrote review summer 2007 stated thing bad beds soft â donât agree â slept good jetlag anywhere else US ever. Close find Bar89 funny restrooms, younger crowd (20-somethings) MercBar wonderful garden Barolo restaurant enjoy Italian lunch glass bubbly open air. We also tried Mexican restaurant Dos Caminos SoHo lively outdoor patio, impressed food. The breakfast The Mercer expensive well worth money - especially omelette cheese tiny extremely tasty tomatoes. Regarding shopping cannot go wrong either direction decide take; overwhelming sea opportunities. I would also recommend spa appointment Bliss Spa SoHo. We definitely go back The Mercer â save first!",0.2580663780663781,0.5477513227513227,Sep 21 2007
32,32,"Simply Great - Semplicemente il migliore!! I write review before. My husbund I spent 3 night really loved it!!! Front desk helpfull friendly warm, bar waitress too, room small that`s New York, cleen. Delicious welcoming biscuit arrival. One special thanks door man, day left called us taxi kissed husbund like old friends saied &quot;you guys come back soon&quot; unbealiveble us, service industry always appreciate someone goes way make special! Thank MercerHotel Staff definetely coming back you!!!!!!!!!!!!!!!!!!",0.3160045836516425,0.40699006875477467,Sep 6 2007
33,33,"Great location reflected price tag Our 1st stay NYC hot &amp; steamy affair - NYC summer weather! The Mercer came soothing retreat hot &amp; steamy NYC. Location perfect middle Soho, walking distance lots great bars &amp; restaurants. The lounge/reception area high ceilings create immediate feel space &amp; calm, opposite underground, dark, yet swanky Kitchen bar/restaurant - great food &amp; wine, see what's infront you! We upgraded courtyard room spacious delux Mercer room bath - bath worth extra money - huge! Our room smelled cigarettes arrival, quickly provided candles &amp; de-humidifier restored sweeter smells almost immediately. In general, room probably dissapointing feature good stay. Walls bear, I minimalist, nothing - one picture. The sofa looking worn around edges. The bed cosy Queen - I guess King fit, bath big bed! There cooling ceiling fan - seemed fast slow speeds. On positive side, i-pod docking station &amp; cookies greeted us arrival, I'm probably overly critical, $600+ night, I feel slightly justified pedantic. Overall - location great, staff friendly &amp; I'm glad stayed - I'm sure I'd return price.",0.3125189393939395,0.5891982323232322,Aug 22 2007
34,34,"Wonderful stay Mercer Hotel! My daughter I returned one night stay Mercer.We normally stay hotels near Central Park wanted try something different time. We disappointed. Our room spacious. We small balcony nice let fresh air in. Our flight arrived early a.m. went directly drop bags off. We surprised room ready us. The mini bar everything would ever want need! We breakfast lobby, food great, service good.The lobby also substantial library. We dinner directly across street, Prada boutique Lure. I recommend restaurant well. Fresh oysters, great food, great service!I'm pretty certain elevator Kanye West, way nice!I highly recommend wonderful cannot wait return next year, hopefully two nights instead one!",0.3059714285714286,0.5804571428571428,Aug 12 2007
35,35,"Another great stay Mercer We enjoyed wonderful weekend Mercer! This 3rd visit last 8 months, time romantic getaway husband. Service excellent, atmosphere relaxing, food delicious. Completely worth expense Mercer consistently wonderful!",0.5599999999999999,0.6116666666666667,Jul 30 2007
36,36,"Wonderful Weekend Just returned stay The Mercer write first review. This true jewel. The staff professional yet warm, every request handled quickly smile. The lobby area really feel like someone's cool living room. The rooms spacious NY standards. If want small treats like honored guest, go wrong Mercer. I told husband I never able stay anywhere else NYC!",0.28861111111111115,0.5211111111111112,Jul 29 2007
37,37,"Excellent stay Mercer I way home lovely weekend Mercer. From moment I arrived amid Harry Potter party Mercer Street, I greeted warmly treated exceptionally well. I normally stay uptown, I'd read good things Mercer, I wanted try it. I disappointed. Other spotty room service delivery one breakfast morning (no ice ice water, dry french toast), stay exceptional. I splurged Studio Loft, I regret it. My beautiful french doors opened bamboo courtyard, ceiling fan wonderful addition. I fell love big bathtub, purchasing fun bath products, I soaked cares away! A wonderful rejuvenating weekend discreet comfortable location.",0.4281746031746031,0.6011904761904762,Jul 23 2007
38,38,"Immerse NY Mercer-style Mercer lived expectations. Understated cool, superb location far enough away business world let really relax enjoy shopping village atmosphere unique part Manhattan. Rooms large (we Mercer room), bright, airy (and noisy window open - Mercer St hardly busy NY standards) white walls high ceilings. Emphasis simple lines, comfort space. And let's forget cool edge seems come naturally . Will upgrade loft rooms next time!",0.23819327731092443,0.5191596638655462,Jul 3 2007
39,39,"Double 100% Excellent Great location - right middle Soho - walking distance Nolita, Noho, East &amp; West Village etc. Have previously stayed mid-Town much better.Beautiful property - stayed studio. Well worth extra $'s extra space. Very light airy rooms - extremely quiet even though expected little noise room opening onto Mercer Street. The downstairs bar area comfortable relaxing drink/ meal.Staff excellent - friendly managed obtain reservations fantastic restaurants told needed book weeks/ months ahead.Overall - recommend highly. One best.",0.28662131519274375,0.4564625850340136,Jun 4 2007
40,40,"More service; less buzz Things I love Mercer:1. The location -- right heart Soho, lots restaurants shopping right outside door.2. Service -- warm friendly, shows settled comfortable, luxurious middle age. When fairly new, I felt emphasis &quot;cool&quot; service, various meanings. Now staff rushes smile. 3. The little luxuries -- iPod player room, example. Generous supplies shampoo, etc. Plus comfortable bed wonderful shower.4. An inviting lobby -- comfortable place breakfast drink. Pleasant alcove computer checking e-mail.Things may love Mercer:1. The location -- right busy corner, crowds outside day night. The rooms well soundproofed, forget opening window (unless courtyard room).2. The rooms -- epitome industrial chic first done. Now look industrial: long narrow (like galley kitchen) white walls venetian blinds windows. Maybe time update? (N.B. I standard room)3. The shampoo, etc. -- Mercer using brand long I remember. Time change?I'm sure I'll back, though I disappointed hear they're making changes around edges.",0.17594291125541126,0.45132012085137097,May 17 2007
41,41,"soho style On trips NYC I usually like midtown locations upper-east side. My last trip I decided would nice change stay Soho Mercer. It small makes size charm. The lobby cute bar, (only guests andfriends could hang there). That makes special. I see stars cocktails. The lounge comfortable soft couches chairs, nice place drinks chat.The staff helpful making dinner theatre reservations.The room ready checked in. We wait 4pm. That positive thing, shops next kept busy I waiting room. Soho relaxed environment It really bother me. Once I finally go room I happy. We junior suite 500 sq. ft. It large bathroom deep soaking tub louvre doors looked bedroom. The housekeeping staff took care requests extra towels, soaps pillows. The pillows bed comfortable. The complaint I hadwas change heat air conditioning, hotelwas little warmer I like night. The streets quiet enough crack window little let cooler spring NYC air. The room large couch dining table convenient room service. The location great, walked door soho shops. The gym, provided Equinox passes whichwas one block away. I fun one night music littleloud late night male stripper, The security tell keep down, But I still loved hotel, I get control sometimes, especially NYC.",0.14014917027417031,0.5150450937950939,May 4 2007
42,42,"can't wait go back We returned The Mercer looking go back next New York trip. The location perfect - buzzy, busy streets within walking distance Greenwich Village, Lower East Side etc. The understated calming, quite small. One hotel's strengths excellent staff - inobtrusive, helpful, welcoming. They help feel relaxing almost homey-if home cool studio Soho, is. Sigh. The room simply decorated nice touches -Bose stereo, Face toiletries, i-Pod dock, super powerful shower etc. If glitzy experience, may you. Similarly, first visit want see sights, perhaps mid-town location would better. If, however, want classy base explore streets downtown, place. Most places comfortable taxi ride away, anyway. Thoroughly recommended.",0.2259848484848485,0.5630844155844156,Apr 14 2007
43,43,"Best Best I'm famous, rich according even best friends ;-) best looking guy earth...and hey, I got perfect experience The Mercer.The staff welcoming, check-in smooth, girls&amp;boys Cafe Restaurant great.My room (Loft Studio) Ab Fab! Felt like coming home; superbed, giant bathroom 2-person tub, oversized amenities FACE Stockholm, great turn-downservice,...even (not typical NYC) free wireless room.The lobby/bar feels like super living room; cozy. Eg. Gerard Depardieu Danny DeVito everything comfortable discrete.The food (breakfast dinner) super.I tried find sth. negative far, luck.On scale 1 10, The Mercer deserves 10+.",0.35890350877192984,0.6653508771929824,Feb 23 2007
44,44,"Best SoHo I love hotel!!! It like staying privately owned NY loft...only someone comes cleans room every night, leaves bottles water, refreshes flowers brings amazing food. There hardwood floors. It''s contemporary, stuffy. Clean fresh feeling. I stay one larger studio suites, husband stays frequently said even smaller rooms nice. Great room service, great food general. You feel staff knows close shopping wonderful choices dining dine hotel. I highly recommend staying NY want stay near shops.",0.4273629385964911,0.5937719298245613,Feb 19 2007
45,45,"Pity unfamous While sampling overnight wife $600 room1. The beatiful antique french door windows insulated 20 degree cold2. At 8:30AM ordering coffee french pastery, told &quot;sold out&quot; They sent two stale muffins two slices cold toast The staff spoke could care less. There dozen ofwonderful bakeries steps away replentish stock. We left ASAPGervais others staying chic spot. Wonder said",-0.19523809523809524,0.2523809523809524,Jan 27 2007
46,46,"adored mercer Staff friendly obsequious, room magnificent, warm yet contemporary. We stayed 4th floor room large tub lovely, although necessarily worth increased room rate. We called 2 shirts pressed shocked charged low $6 service, arrived within moments call returned shirts 30min later. The sitting area room perfect friends drink prior dinner. There need eat Mercer Kitchen, food merely average city exceptional restaurants, whole menu available room service that's cup tea. Breakfast fine, again, nothing extraordinary. Would advise walking around block Balthazar cafe au lait croissants instead. Great location restaurants shopping, though bargains far between.",0.2533008658008658,0.5584199134199134,Jan 21 2007
47,47,"Loved it! Travelled canada america xmas new year, spending 7 nights new york first 3 nights The Mercer remaining 4 The Four Seasons, well wished stayed Mercer whole 7 nights!Staff fantastic particularly Kelly - emailed quite bit arrived regarding restaurants/shows couldnt helpful. Was helpful arrived. Concierge front desk staff fantastic. Loved Mercer Kitchen although incredibly noisy night went! Didnt breakfast cant comment that. Bar area great hard days sightseeing shopping. Location superb, never New York trip stayed Four Seasons Central park, Soho far best area. great shopping atmosphere.Room lovely, could fault would say bit small side didnt bother us.When compared bill Four Seasons expensive! much better service attitude. If ever return NY wont hesitate stay there. Highly recommend.",0.3580871212121212,0.6129987373737374,Jan 17 2007
48,48,"Very nice! I reservations staying I previously stayed luxurious Ritz Carlton Central Park South. At first I somewhat surprised basic was, ie: decor, service friendliness staff took higher level. I would definitely return The Mercer - central great bars restaurants nearby.",0.22083333333333338,0.485,Jan 5 2007
49,49,"Absolutely fabulous! Couldn't ask better!! Wow! That best way describe hotel. The staff great, mini bar die room bright, airy sophisticated (read reviews...all true!). What liked best lobby area, really relaxed, great people watching. Because lobby exclusively reserved guests celebrities seem flock mercer droves! Well worth money, definately returning!!",0.5812499999999999,0.6089285714285715,Nov 24 2006
50,50,"Fantastic Service Spent two nights fantastic hotel. The location excellent - right exploring Soho. The fabulous decor room great size everything would expect 5 star (the ipod holder clock radio great touch)But best thing service. The staff enough - restaurant bookings, directions etc. I stay 5 star hotels best level service I experienced long time.Go Mercer - really nothing dislike.",0.46473214285714287,0.6272321428571428,Nov 21 2006
51,51,rubbish If like wearing sunglasses indoors 7am you. If like paying top room hip location you. If like staying staff give **** problem may occur you. If like feel ripped treated like number come cos love it. But got sense money fool sake acting cool go elsewhere apart location place sucks! Honestly afford stay stayed better?,0.321875,0.49374999999999997,Nov 12 2006
52,52,"Great (but expensive) hotel! Spent weekend The Mercer (the weekend next review - probably saw lobby Sunday!). Check-in friendly efficient. In fact, lady check-in apologized child tantrum near check-in desk. She mentioned &quot;Usually quiet&quot;. She right - lobby cool collected rest stay.After registration formalities, personally took us room showed us amenities. Stayed Studio Room. Room perfectly clean comfortable. Everything worked except one set blinds would adjust half-way (not big problem!). The room lot light lot special touches. There several candles room. Even though ashtray matches, hint smoke room (and I'm picky that). As others stated, mini-bar amazing selection! Also, almost lights ceiling fan small dimmer switches next traditional on/off switch, adjustments numerous lights endless.The bathtub wonderful could open doors bathtub bedroom. Plenty hot water choice bath salts bubble bath. The tub noisy draining shower tended leak water onto bathroom floor using body spray. (Yes, I get picky say anything critical hotel!) Plenty fluffy towels. Great toiletries 4 ounce containers. Even mints condoms.The robes great cashmere throw. The flat-screen TV recessed nook wall might think flat-panel TV. Nice selection channels, too.For turndown, put linens floor next beds left small bottles Evian bedside. When entered room, provided two large bottles Evian great bowl fruit.The mattress OK - slept better worse hotels.Lots thoughtful touches: personalized stationery delivered minutes check-in; &quot;do disturb&quot; sign actually magnet made easy use. The closets large great (and abundant) hangers; umbrella shopping bag waiting closet. Free internet access large Mac lobby (but one computer). No coffee maker room.Room service pricey fast good. As others mentioned, tuna/wasabi pizza good choice.Location great - Soho neighborhood. You're one block Dean Deluca (for great edibles) take shortcut Prada store (from Broadway) encounter rain.I could go on, get idea. Of course, rates start around $500 night expect superb service great room. The Mercer delivers!",0.2863680387409201,0.540359160613398,Nov 2 2006
53,53,"Fantastic locationservicesstaffand facility Elegant low profile,and great weekend!. The staff could nicer.The room spotless,sexy layout accomodations perfect sized. The best stocked minibar/room gourmet selection I ever seen.We Sunday mornig breakfast lobby felt like someones intimate living room....and eye candy people watching best ever. The concierge staff got us Mercer Grill dinner Saturday pre theater near impossible Sunday brunch reservation Batheszar.Forget MIdtown I opt great neighborhood time.",0.48484848484848475,0.6718181818181818,Oct 28 2006
54,54,Very nice SoHo We dropped daughter NYU -- spent night &quot;move-in day&quot; The Mercer. We really enjoyed hotel. Great location -- rooms ambience excellent. Service also outstanding -- friendly responsive. We liked much better The W Union Square (where stayed daughter's NYU summer orientation). This visit NYU.,0.5630555555555555,0.7083333333333334,Aug 27 2006
55,55,A CHarm This place relax fun. Very exclusive nice decoration. The staff professional. CLose nice restaurants lounges. Right middle SOHO.Great weekend getaway friends.Check mercer kitchen.,0.3022448979591837,0.45224489795918366,Aug 16 2006
56,56,"Loved Mercer!! My husband I returned 4 night break Mercer thought absoluely fantastic. The trendy rooms fab. We stayed Mercer Room pleasantly surprised find room spacious (unlike others) clean excellent amenities. Contrary previous reviews, found staff friendly. They welcoming accommodating happy assist us anything required. The food Mercer Kitchen whilst cheapest also delicious!",0.5525,0.7842424242424243,Jun 27 2006
57,57,"great laid back loved mercer. decor refreshing, sleek, clean. housekeeping impeccable. room service one best i've ever had! quick too. delicious.although concierge like can-do-anything concierges 5 star hotels, staff best accomodating pretentious all. requests satisfied problems all. relax lobby! great people watching. overall hip casual vibe... loved dvds internet access.",0.44218750000000007,0.6041666666666667,Jun 19 2006
58,58,"They've really nailed perfection Mercer! My boyfriend I spent weekend Mercer I adored time there. Contrary I've read prior reviews, staff friendlier gracious us every turn. (When called front desk ask bath pillows hotel, told, apologetically, not, would go get one us wanted!) We loved beautiful room, two person bathtub (that promise reserve room category had, try honor upon request). The big splurge experience felt like worthy indulgence.",0.26820987654320994,0.4432098765432099,May 30 2006
59,59,"Highly Recommended I stayed Mercer four nights February 2006 (during blizzard!). It best I stayed in. The location perfect. The room lovely quiet. The bed huge comfortable could watch TV oversized bath.Room service friendly efficient provided extensive menu Mercer Kitchen hours. Make sure buttermilk pancakes berries (breakfast) delicious pumpkin ravioli.The wireless network worked straightaway consistently. I given username password arrival, without ask without engineer sent get working. This quite rare hotels experience.There plenty storage space. Complimentary bottles water brought room every night. Everything seemed thought of. The staff nice helpful.The remotely negative thing TV bit difficult operate, fine got hang it.I definitely going back asap!",0.31531746031746033,0.6426455026455027,Feb 17 2006
60,60,"Beautiful rooms Great location Perhaps I lucky, I experienced none staff attitude issues reviewers had. All extremely helpful accomodating.The rooms georgous! And right Soho. An ideal location boutique shopping.The negatuve sells quickly - flight got cancelled, I find another hotel.",0.40211309523809524,0.7894047619047619,Feb 13 2006
61,61,It's true great location miserable desk clerks Best location New York shopping dining fun hip atmosphere attitude staff tough tolerate. Loved lunch shopping low key lobby restaurant rooms well appointed comfortable. A little zttitude adjustment would make great spot.,0.2238442113442113,0.6413752913752913,Feb 2 2006
62,62,"A comfortable oasis We stayed mercer long weekend christmas. It second visit good first one. Pros: great location, comfy beds bedding, incredible tubs bathrooms, fun lobby people-watching. Cons: staff somewhat less service oriented might expect rates. Not consolation, feel arose sheer ineptitude opposed snootiness. Often doorman one hail cab, often wait quite served lobby often staff rather lacklustre approach. Having said that, still great 'come home to' tiring day would definitely go back.",0.34102564102564104,0.46538461538461545,Jan 5 2006
63,63,"Love Mercer I travel New York quite bit usually stay Four Seasons. After I found sold old particular period I interested in, I went Four Seasons' recommendation checking Mercer. I would say best I ever stayed in. Modern without over-glitziness, cool without attitude, staff made (seemingly) people really want work hotels, actors/models. I could go pretty much -- time I made reservation phone saying goodbye man, seemingly served personal concierge weekend, check-out everything place point. Will definately back.",0.22164502164502167,0.37770562770562766,Dec 5 2005
64,64,"Mr Crowe point Half staff fine, half seem selected pure bloody-mindedness. The location fantastic. Rooms funky. But I heard movie star Russell Crowe attacked receptionist, I confess sympathies Mr Crowe.",0.09543650793650793,0.43472222222222223,Dec 5 2005
65,65,"love love love mercer! My husband I spent three nights mercer loved it. Our deluxe suite looked Prince street cool. The bed linen cashmere throw nice touch. As welcome note bottle bordeaux. We brunch lobby (hotel guests only) really good. The eggs benedict best!The staff helpful accomodating. Service subtle perfect. The big bathtub great Face Sweden products candles made getting ready joy. I loved minimalist yet comfy styling.My husband (a huge muso.) even bring ipod..just utilized hotel's cd list. The big flat screen Sony also nice. My complaint regarding dinner reservation mercer kitchen. The food amazing (wasabi pizza fab.!) put little table corner cloakroom. The waiter surprised mentioned guests. My friend, made reservation, mentioned guests hotel. The next day, apologies made already checked out. Loved tea reading books library area. Great people watching perfect location. We stay sure. Andre Balaczs great hotel!We also love Chateau Marmont LA. :)",0.4217824074074074,0.6585802469135803,Oct 31 2005
66,66,"Really enjoyed Mercer Just great fall weekend NYC found Mercer welcoming,casual,accomodating ....not least bit snooty....user friendly!Our room , although overlooking Prince Street, extremely quiet. The room &quot;tight&quot; well appointed.... comfortable bed lovely linens, fresh flowers. The bathroom fabulous oversized tub could opened shutters room....abundance towels, good soft roomy bathrobes. Room service prompt, friendly food good(just light breakfast). We enjoyed casual lobby library large selection magazines 24 hour service guests.We planned weekend activities mostly Soho, Nolita Greenwich areas....hotel perfectly located. We may still consider &quot;uptown visits&quot;......good value consider least expensive rooms Ritz weekend double price....and Four Seasons fifty percent more!",0.2824675324675325,0.589935064935065,Oct 3 2005
67,67,"Eh Is Mercer nice hotel? Absolutely. Is one top hotels city? Not even close. Presumably shelling high prices location scene lobby (if sort thing). But high prices Mercer simply hold comparison NYC hotels. The rooms nice albeit fairly nondescript. I honestly can't really put finger I like Mercer. I've stayed times I'm going let one time somebody knocked door privacy sign really influence opinion, I worry occasional snooty staff member--this happens everyhwere usually isolated incident. I think money spending much better Ritz-Carleton, Mark, FourSeasons. If desperate location, yes, Mercer outstanding. Otherwise, go spend money elsewhere.",0.1655263157894737,0.5453759398496241,Jul 25 2005
68,68,"Ruined LIfe! My husband I stayed Mercer wedding night, amazing. Since flying early next morning booked Loft Studio. We upgraded complimentary penthouse suite, bottle Veuve waiting us. This place chic impeccable -- sheets plush, soak giant tub luxurious, decor slick gorgeous. We're spoiled life, nothing ever seem cool place. Even though live nearby Tribeca, we'll back one year anniversary weekend!",0.22386363636363638,0.5729166666666667,Jun 22 2005
69,69,"The comfortable room ever My husband I loved Mercer location comfort room. Although decor little bland (we know supposed minimalist), room cozy comfortable. The linens high thread count (higher hotels state linens high thread count). The bathrobes slippers fabulous. Incredibly soft. Even bath amenities Face Stockholm wonderful. The Vitamin A body lotion bath soap best. We bathtub, however. You book deluxe room that. The welcome cookies delicious flower vase nice touch. We get interact much staff busy, welcoming attentive. My husband saw Ashley Olsen lobby. I missed her, however, I like Dana Scully X-Files always miss sightings. The location great middle SoHo. My husband brought back pastries coffee Balthazar mornings. However, last morning ordered room service good. The also close subway. The reason I rate &quot;excellent&quot; room decor, lack bathtub basic room, lack spa/pool (although I believe guests access local health club). Those amenities would made perfect (for me). Otherwise, great place stay New York worth money.",0.3656341991341992,0.5621298701298703,Jun 14 2005
70,70,Hated Service,-0.9,0.7,Jun 7 2005
71,71,Unforgettably wonderful honeymoon night!,1.0,1.0,Jan 19 2005
72,72,shame ......,0.0,0.0,Dec 16 2004
73,73,Average Average Average,-0.15,0.39999999999999997,Nov 6 2004
74,74,Expensive great location good service.,0.3333333333333333,0.6833333333333332,Nov 2 2004
75,75,Elegant Cool,0.425,0.825,Oct 6 2004
76,76,Amazing Weekend Mercer,0.6000000000000001,0.9,Oct 5 2004
77,77,THEY BRING YOU BACKGAMMON AT 4:00 AM IF THAT'S WHAT YOU WANT!,0.0,0.0,May 7 2004
78,78,Weekend Mercer,0.0,0.0,Sep 13 2003
79,79,over-rated,0.0,0.0,Jul 2 2003
80,80,Excelente servicio,0.0,0.0,Sep 15 2009
81,81,perfetto,0.0,0.0,Sep 2 2008
82,82,Hotel trÃ¨s new yorkais,0.13636363636363635,0.45454545454545453,Feb 22 2008
83,83,Accueil froid pour cet hÃ´tel Ã la mode,0.0,0.0,Jan 1 2008
