,Unnamed: 0,Reviews,polarity,subject,Dates_extracted
0,0,"perfection heart Soho Wow--Been many great hotels none match level service, sophistication, location warmth Crosby. moment arrived felt like royalty--the staff, rooms, food privacy unmatched NYC. IF want Soho, equal",0.43333333333333335,0.5,Nov 8 2009
1,1,"Best Hotel NY We family travels lot stay best hotels world amazing experience The Crosby Street Hotel. We literally experienced everything The Crosby Street Hotel offer week long stay husband (who runs company SoHo), two young children grandparents.Upon arrival knew somewhere special. The staff jumped open door first time, every time arrived (hands full children bags).The dÃ©cor lobby like museum without stuffiness. The kids never told couldnât experience art (though kept close watch them). They much enjoyed dogs everywhere staff never seemed annoyed bubbly presence (nor guests stuffy there). A wonderful crowd attracting!The rooms amazing. So much attention detail spacious! We two bedroom suite (well one bedroom suite attached room kids), even grandparents normal sized room BIG NY standards. The beds cozy enjoyed black curtains West Coast allowed us sleep in. The showers tubs excellent water pressure loved products chose (which usually hard long hair). The blow dryer even exceptional? Room service tasty timely. There plenty options us even things kids enjoyed! Something I especially enjoyed got know us well first morning I asked salsa (which didnât have). The chef immediately made every morning made on. You MUST ask it, itâs amazing!!!The thing thought unique housekeeping. I rarely even notice housekeeping, women EXCEPTIONAL! They would clean kids toys, fold clothing left floor never forgot even glass! Excellent attention detail.Concierge right ball setting car service different dinners, theatre town outings. They also great asset us getting dinner reservations spa services. I able utilize gym stay found well stocked latest equipment, water towels. There glitches expected opened. The DVD player didnât work well first night problems turning air room hour one night, problems worked even really upset us staff friendly it. We travel NY frequently use The Crosby Street Hotel out!!!",0.3320238095238096,0.585642857142857,Nov 2 2009
2,2,"Spectacular Magnificent Dazzling Unforgettable Breathtaking!!! These words describe The Crosby Hotel New York City. I stayed lots luxurious hotels NY none come close fantastic hotel! When got car, immediately greeted Daniel, doorman. Also reception desk David Elyse continued unbeatable friendship stay. Our room well entire beautifully decorated personal touch. The owners impeccable job! Every night enjoyed ice cream The Crosby Bar lobby morning trouble leaving room amazing. Also, drawing room provides fantastic spot afternoon tea. Everything spectacular service linens bed. I know I never stay another NY The Crosby Street Hotel.",0.45101711560044894,0.7176907968574635,Oct 30 2009
3,3,"Six Star Hotel ! My wife I stayed 3 nights October 2009 Crosby Street Hotel We know Firmdale hotels London excited try American way visit LEED-certified hotel.We disappointed - Everything charming beautiful. We simply love:-the design tall warehouse style windows, individually designed rooms impressive oak-tree floors. -the huge comfy bed, -the large walk-in closet, - everything smelled felt fresh new,-the Miller Harris scent bathroom- first morning breakfast room - delivered exactly ordered â plenty delicious, -âProbably best Beer Worldâ - Carlsberg Beer - also found mini-bar, -the restaurant selection delicious wines, -the bar bartender lovely sense humour 400 bottles. -the atmosphere, - enthusiastic young employees great attention details. -the location great â middle charming SOHO â steps subway, busses Broadway ----On scale 1 5 deserves 6 â surpassed Burj Al Arab Dubai. Looking forward staying again.",0.4338624338624339,0.6081128747795413,Oct 29 2009
