,Unnamed: 0,Reviews,polarity,subject,Dates_extracted
0,0,"clean frendly safe well located good value This second time stay hotel. Although stay two days, I felt comfortable there. More like exclusive appartment hotel. The flat small extreamly adequate. I enjoyed stay whilst saving BIG money. My next business trip NYC I definately stay there.",0.24192307692307696,0.45833333333333337,0.45833333333333337
1,1,VERY small room. This excellent location safe walk back late night. Easily walk need subway accessible. For location price (paid 150.00 USD/night) could ignore size room. Was hard ignore smell though (had window open entire time). Our remote work. The person sent look said TV/remote cheap...so never working remote. Large security safe nice free wireless internet room.,0.1886532738095238,0.5460044642857144,Nov 19 2009
2,2,"Would stay I booked lastminutetravel.com found great price hotel. It first time New York, I 100% sure stay, wanted save much possible.The neighborhood GEM horrible, fantastic either. I never felt unsafe returning even late night -- I'm tall guy confident walk, experience may vary. It's 3 blocks away Penn Station cross entrance / exit Lincoln tunnel get there. There signals though like running across open highway (there also ways get around going block way either direction). Though close Penn Station - I find horrible walk Times Square (about 6 blocks 3 over) Herald Square Macy*s is.The rooms huge (most NYC not), comfortable. Had nice size king bed room walk-around sides, desk small wardrobe. If someone sitting desk would difficult walk bed &amp; desk. The bathroom decent size included basic amenities (soap, shampoo, body wash). The room bathroom clean. The free high-speed internet plus -- wireless wired. I trouble connecting wireless first could little spotty times, never trouble wired ethernet backup. The room also included in-room safe, iron &amp; coffee maker. The I used iron, ironing board. I feel like calling front desk, I made due desk one time I ironed.The staff I would expect mid-priced -- top, lacking service either. Every time I came I greeted hello. My room key de-magnetize twice times immediately re-magnetized me. Other much interaction staff. The cleaning staff great job - I actually saw hall one day (I think everyone else floor checked getting early start), room always cleaned made afternoon. I think somewhere says turn-down service, I never saw I there, big deal I pull back duvet myself.Liked Most: Cost, inexpensive yet niceLiked Least: Nothing, all-in-all pleasant experience",0.12354951958610493,0.5839455530918946,Oct 24 2009
3,3,"If looking glamorous boutique may disappointed! The rooms small, adequate â little basic. I rather disappointed learn doesnât offer Room Service â necessity work trip. Its convenient location, walls paper thin â expect hear neighbours &amp; traffic!They scrimp little bathroom products. I travel NYC lot, compared hotels, I wouldnât stay again!",-0.250462962962963,0.5092592592592593,Oct 20 2009
4,4,"Terrible Location please stay here! Two first time experiences hotel- first time I ever written truly awful review first time I ever walked hotel, looked around lobby, went room, walked without word anyone. I really didnt care money lost. There way I could stayed here.Booked online thru Quikbook. We decided stay NYC city day business; originally planned take train back Albany thought might nice stay night , see show, drinks, etc. Needed last - minute one night.The rates high overall night, GEM affordable I THOUGHT I knew area located THOUGHT reviews TA pretty much ok. It also close Penn station, needed catch train early morning. So booked.This uncomfortable distance (in psychological terms) outskirts Chelsea OK areas 36th 6,7,8th Aves Midtown. You must cross busy highway (Dryers?) , very, dirty, gritty, dusty, trashy, area little pedestrian traffic.There eating drinking establishment nearby place comfortably linger outside hotel. No Duane Reades anything like that. I trouble location, seeing room sealed it. I didnt bother examine room see clean, etc. , may clean window looked boarded window crumbling building next door room very, dark.I also concerned security- doorman, key card entry OR elevators OR stairways. I felt sorry family 3 children checking behind us- international travelers, struggling push pull bags thru door offers assistance, probably choice stay least one night.The &quot;a dump&quot;, filthy dirty bugs stuff (at least didnt seem quick glance around) location city neighbooring buildings immediate area make undesirable.",-0.03757751937984496,0.4987596899224806,Oct 8 2009
5,5,"I would stay I stayed four nights. I booked online via hotel-booking-site. Pro: - Location: Close Empire State Building, Madison Square Garden, Times Square, lot shops on/around 34th St (Macy's, main clothing brands etc.), next subway 34th St/Penn Station A, C, E, 1, 2, 3 - lines, direct link JFK airport- Rooms: Not big, big enough, large bed comforters pillows, flatscreen TV, closet safe, desk, chair, coffee-making-facilities, bathrobes, air-condition (can regulated individually), windows opened, quiet, tight locks- Bathrooms: tub shower, large mirror, enough towels, free shampoo shower gel dispensers, hairdryer- Cleanliness: I nothing complain about- Service: free newspaper (US Today), turn-down-service, friendly staff front desk- good value NYC-hotelsCon:- Location: next subway (mentioned above) little walk away, long feet tired evening, pass streets might little dodgy alone night- keycard demagnetises pretty easily, 2 times stay, although I anything keeping purse, staff helpful gives new one proof identity- staff familiar location, help I asked supermarket around buy water etc.",0.08233629397422501,0.4336269094889785,Sep 15 2009
6,6,"Great great location worth stay We surprised get clean newly renovated center Manhattan. We think good value money paid. Despite room small, clean, comfortable bed, TV, nice bathroom, pleasant front desk service. Everything great! It possible reach sightseeing objects walking distance hotel.Maybe others bad experience hotel, us great!",0.3738437001594896,0.6777830940988836,Sep 7 2009
7,7,"Bedbugs room 303 We selected close Javits Convention Center. I given room 303, entire carpet wet musty odor. As bad enough, middle night I discovered bedbugs. In morning I complained rug, manager said flood room. I told bedbugs said would room fumigated. I moving room two beds next night anyway. Other wet rug bedbugs, nice despite small rooms.",-0.08958333333333335,0.3888888888888889,May 31 2009
8,8,"Good budget I actually due stay Comfort Inn across road, arrival told booked moving sister (The Gem) across road.This turned really good thing. The room recently done clean. It small, expect anywhere NYC. The bed massive however comfortable.I also able access free breakfast Comfort Inn every morning (not sure applies Gem guests?) The breakfast basic everything need keep filled lunch (self-service bagels/waffles/toast/pastries fruit).As location, single female concern embarking trip. However I felt perfectly safe walking around day time. The area bit deserted, come hotel, head along 36th come 9th avenue, head 34th street right hub midtown. It great location seeing sights.At night I always got taxi back hotel, Time Square $6. I'd probably advise couples night 9th 10th avenue look safe.It's stay looking lots luxuries even restaurant/gym overall great wee budget.",0.2045998677248677,0.5043518518518519,May 29 2009
9,9,"'Superb' Relaxing stay New York Hotel We enjoyed time Gem Hotel New York City fab, best weather brilliant. The staff helpful friendly. We found 1st room (103 think) noisey located ground floor behind reception. We tired first night kept waking ringing nearby reception telephone, fridge cutting in/out, rumbles room may nearby road tunnel, subway lift water sounds flushing floors above. It shame room terrace view. Scott reception helpful agreed could move second night 9th floor (904) fine, fridge major problem. No complaints made room. The beds big comfortable. The location little away Times Square, Theatre land etc opinion nice away busy area. It short 10-15 minute walk Broadway Empire State Building. The street located fine, felt completely safe walking back late night. The nearby restaurants slightly chearper Broadway quality excellent better. We found nearby Italian restaurant (Marios Trattoria 9th Av 37/38st) good food service, would recommend.",0.19848752678298132,0.4872115090296909,May 25 2009
10,10,"After I got room basement great! Why would put single woman made reservations months advance basement guest room unsecured window alley? Luckily manager got room 5th floor well there. My new room clean, comfy newly upgraded. This boutique blocks Penn Station affordable online rate I got. Not sure I'd pay $350 I heard desk clerk tell others. This chain hotels always include continental breakfast I surprised one several diners, take away fast food choices within couple blocks.",0.1500999000999001,0.5535076035076034,May 21 2009
11,11,"Great A 10 min walk times square great one.Brand new , clean friendly staff , topped excelent location .",0.5401060606060606,0.7029090909090909,Apr 16 2009
12,12,"Cant wait return - fab location The desk staff helpful answering questions had. The rooms clean compact. We 2 double beds much space NY hardly spent time room. Enough space sleep. The bath room clean unexpected bonus mouth wash moisturiser, shower shampoo shower gel dispensers wall.Vending machines basement along water/ice dispenser.No breakfast available diner 9th 34th - 5 min walk max.You get trad american breakfast - 5 - 9 $ 10am slightly 10am. We also dinner times 24hrs.I would like see mirror bedroom would allow others get ready mirror bathroom.Hotel great value money really close enough attractions, stayed manhatten accomodation bigger (and dearer) hotels location much better central.free internet access needed itCant wait return",0.15179894179894182,0.44994708994709,Mar 3 2009
13,13,Cheap Chic Its Best! This type one wishes everywhere world...affordable chic time. Our room Zen minimalism refreshing entirely practical. Will definitely back...highly recommended.,0.31666666666666665,0.5416666666666666,Mar 1 2009
14,14,"Great Value Great Location The desk staff helpful answering questions had. The rooms clean compact. We 2 double beds much space NY hardly spent time room. Enough space sleep. The bath room clean unexpected bonus mouth wash moisturiser, shower shampoo shower gel dispensers wall.Vending machines basement along water/ice dispenser.No breakfast available diner 9th 34th - 5 min walk max.You get trad american breakfast - 5 - 9 $ 10am slightly 10am. We also dinner times 24hrs.I would like see mirror bedroom would allow others get ready mirror bathroom.Hotel great value money really close enough attractions, stayed manhatten accomodation bigger (and dearer) hotels location much better central.free internet access needed itCant wait return",0.20816425120772947,0.4760386473429952,Feb 19 2009
15,15,"Finally good inexpensive way stay Manhattan! SUMMARY - Although GEM Hotel associated Choice Hotels chain (Quality, Comfort, Econo, etc.) first time I've heard particular branding. They billed &quot;Botique Hotel&quot; certainly fit bill much chain considered &quot;Botique&quot;.The place bare bones minimal, yet stylish modern. They give basics need much else, price reflects that. So hard complain. There 10 floors approximately 4 small rooms/floor.It's kind place I'd spend whole week rather small, limited storage, &quot;extras&quot; need extended stay. But staying night two NYC need place sleep shower fine.I forgot take photos time, today photos provided various travel websites fairly accurate. You take close look see small space really understand photos really show WHOLE room. There's much cropped out!BATHROOM: Clean, basic, modern. It pretty much standard sized bathroom, even though main room small.BEDS: Two double beds. Very comfortable, leaning towards soft side beds. Sheets clean modern/stylish find chain hotels. BILLING: Reserved via choicehotels.com days ahead time. The front desk problems getting us checked in, taxes/surcharges added another 16% cost room itself.BREAKFAST: There free coffee/tea room, never looked continental breakfast. There vending machines basement ice/water machine.CLEANING: The room clean gets. While building obviously old, seems entire interior brand new.CLIMATE CONTROL: There brand new heater/air conditioning unit quiet easily adjustable.ELEVATORS: One main, new looking elevator lobby. It worked fine fairly large.FRONT DESK: The front desk helpful competent. We wait 15-20 minutes room cleaned. They may smallest, basic lobby i've ever seen life. But looking water fountains gold trim going get sub-$200 rates!GYM: None.HOT TUB: None.INTERNET: Didn't try it. I busy enjoying city.LOCATION: On west-side 36th close corner 10th. It's much sparsely populated quiet area Manhattan, borders industrial zone. However, blocks Times Square, Penn Station, Madison Square Garden. It's block entrace Lincoln Tunnel. It nice close everything, yet &quot;beaten path&quot; calmer area. There's gas station corner (one Manhattan) random bodegas restaurants nearby.NOISE: It's NYC, there's always going noise, nothing excessive. Lots trucks roll 10th avenue night, mostly blended background.PARKING: None. It's best find park &amp; ride outside city take train in. Penn Station 2 short blocks 2 long blocks away.POOL: None.RECREATION: None.RESTAURANT: None, New York. I'm sure find something eat. For less adventurous, I notice McDonald's 10th, short walk hotel.ROOM: The room small much room around beds. I'll admit, 3 people, bit cramped. If like space I'd limit occupancy 2 find another, bigger, hotel. There limited storage, one small wardrobe 2 drawers underneath, small nightstand, alarm clock/ipod player, desk, desk chair, flat screen TV. Again, decor modern.SHUTTLE: None.STORE: None site, gas station corner, several bodegas nearby.SUPPLIES: Standard Soap, Shampoo, Conditioner, Mouthwash &amp; Towels.===== ===== =====RATING NOTE: My ratings generally based value vs money. Thus, sometimes simple receive 4 5, fancy rank 1 2 I feel worth cost.Also, everything right still rank 4, unless there's something really exceptional it.5 = Hotel gets everything right, goes beyond.4 = Hotel gets everything right.3 = Hotel acceptable value money spent.2 = Hotel worth money spent.1 = Hotel pay ME stay there.",0.13158851599445662,0.4468551140828367,Jan 28 2009
16,16,"Great Nice neat little hotel, rooms bit small, like us, 2 women, went New York shop till drop, storage bags limited. The bed comfortable, room good standard. The downside lack tv channels. We stay time one comes back day good watch bit tv.We arrived night seemed far 34th street, thought area looked bit seedy. We went something eat dropping bags 10.30pm. The area safe. The next morning hit Macys 5am felt really safe walking shops. Like one reviewer said walk Macy's 10 minutesThe staff helpful friendly. Easy walk Macy's area lovely Thai restuarant opposite car park. food service excellent restaurant busy.would I stay again, yes!",0.2993531090121999,0.5354879968516333,Dec 25 2008
17,17,"Girls Weekend The Gem Hotel great location plan journey uptown downtown stay. There four women group planned stay one room. When front desk took one look large bags gave us second room charge. Four adults can't fit rooms try it. There gas station next door get cab anytime, problem. The rooms small clean. The front desk staff friendly helpful. The thing missing bar/restaurant.",0.18184523809523806,0.4378571428571429,Dec 15 2008
18,18,"Great Base Manhattan The Gem clean, staff friendly, rooms small functional although aircon noisy standards (and right next bed). The bathroom clean elevators spacious quick. A great spot, central enough walk Manhattan, Central Park Brooklyn Bridge (via Greenwich Village). I recommend highly budget conscious singles couples.",0.19671130952380952,0.5366071428571428,Oct 8 2008
19,19,"It alright. I going NYC day I need place stay nearby MSG. I got 2pm wait 45 mins check since room ready. So I waited outside bit needs get rid carpet. It's dirty peeling; disgusting.When I finally check in, imagine surprise room located basement! I happy like I said I staying day. I interact staff much ladies front desk nice. I stay again. It's overpriced location iffy.",-1.2335811384723961e-17,0.7277777777777777,Sep 25 2008
20,20,"Great stay GEM Booking: I prepaid Air Canada tourism website problems check-in out. Arrival: I walked Port Authority Bus terminal 9th avenue 36th, maybe 15 min walk medium-size backpack. Friendly little grocery around 9th 36ish left-hand side, handy juice, water, fruit.Neigbourhood cons: certainly working neighborhood, bustling, small, noisy, dusty, gritty, fancy stores - solo middle-age female traveller, I felt safe day - lots pedestrian-car traffic, altho night I'd probably take taxis going plays. Still worthwhile walk around get feel working pulse area top Garment district. Wished I'd taken time sit one litte Italian cafes 9th end long day tired. My feeling area undergo gentrification eventually city seems frenzy construction.Hotel: First, let qualify I city dweller used noise bother much. I look cleanliness, sleep-worthiness, air conditioning (a must!) easy access sites I want visit. With mind, little place suited needs perfectly many nice touches. Entry back bit street (I expected see canopy jutting out) worry - there. Pleasant entry lobby. Highlights: clean small air-conditioned bedroom (803-nil view matters you) spotless bathroom; stylish attractive minimalist black-white decor splash red, comfortable kingsize bed simple white linens - lots lovely squishy pillows. A quiet, cool pleasant retreat non-stop city bustle heat. Flatscreen great (I want one now). Nice luxury touch bathrobes. A handy iron, ice bucket, small safe - use, coffee-tea maker, 2 phones &amp; clock radios. No room tourist info, big deal downstairs. The interior exterior noise level minimal bother, altho room fan quite loud (you always turn off). Shiny-white bathroom great , showers bliss day inhaling city grit; Natura products nice - lots clean towels (and nicely presented - someone touch style). A morning paper reading pleasure morning. Staff: friendly accommodating deskfront cleaning staff. Very pleasant deal with.Access sightseeing-city transport:: Excellent. I found city blocks quite short get metro card, I died heat walking The Museum Natural History back - way far! Basically - I loved it, single really delightful gem, exceeding expectations. Highly recommended I'd definitely, definitely stay again..",0.2972192159692159,0.5815416065416065,Sep 6 2008
21,21,"Great Price Great Hotel Loved hotel. Everything needed clean, simple room. The desk staff extremely helpful pleasant. Parking little bit pain, NYC! So close everything. It's truly 'Gem'.",0.380078125,0.7279761904761906,Sep 3 2008
22,22,The Gem gem... A great place stay. Friendly accommodating staff. A moderately short walk Penn. Station/Madison Sq. Garden made convenient. Also convenient subway 34th 8th take everywhere want go. Rooms extremely clean new. Overall great deal. I plan return next trip...,0.30975378787878793,0.4318181818181818,Aug 28 2008
23,23,"Great location friendly place! Got great price Expedia -really enjoyed stay. While room small (as NY), great stay. The beds bedding really nice, clean room. The staff super friendly; knew name end week. They helpful.The location great too. Short walk Times Square. There awesome diner couple blocks away ate time. A nice small big city.",0.42669117647058824,0.633921568627451,Aug 1 2008
24,24,"$$Trouble Galore - I know long want happen I start saying I loved STAY hotel. I apologize long winded, details important. I want make sure one else gets treatment like did. The wonderful, Iâm sure worth stress caused. Our original plans us staying 4 days, amazing rate found Hotels.com, switching different remaining 5 days trip. Therein started money problems. I received letter Gem Hotel two weeks check-in date saying pricing quoted incorrect, would honored. I course panicked way I would able find another anywhere near price range short notice (we staying 4th July weekend). I greatly relieved manager offered rate acceptable us. At time I informed manager (Javier) although first day reservation 2nd would actually arriving New York early 3rd, I wanted ensure would able check soon got since traveling across country. He said would make note everything would fine. Javier informed would canceling reservation Hotels.com, booking reservation directly order give correct rate; refund supposed account end week, not. Frantic (keep mind weâre 1 week away check-in date) I called Javier, left several messages, 4 days later received returned call. Javier eased worries saying cancel reservation Hotels.com, reservation still stood. At time I reiterated would checking early 3rd (I paranoid stranded hotel) said noted. He also said would contact Hotels.com find refund, would call back. This first phone call ONLY one Javier made me; every time spoke I called him. The day left New York I still refund, I figured since I going directly could sort things there. We got tried check in, told no, reservation check 2nd, notes said I check 2nd reservation would canceled. After explaining everything Vanessa, booked room promised price. The wonderful. The room small, I expected that. The AC great, loved flat screen TV wall, bed comfy, water pressure great, I learned one tour buses. The location perfect, walked practically everywhere! We fact loved much decided stay entire duration vacation. We made another reservation Margarita (Iâm spelling wrong I sorry that) quoted us rate paying first 4 nights, loved much worth it. When checked Vanessa remainder stay, confirmed rates Margarita given us (and kept us room didnât pack again, unpack, thank that!). During I still received refund promised Javier, I even spoken directly, said would call back, not, ever. Come check day wonderful New York vacation, amount try charge us $300 quoted. We told choice, charge amount due, even incorrect deal manager directly (knowing well worked past, since I still refund time, try find another way) clerk (sadly I get name, I really want say Scott) says come back speak person made reservation something done time. So wait, come back speak person, says canât anything speak Javier. We leave, frustrated beyond belief. Our trip ended unhappy note, ruin means, left sour taste mouth. We get back home, Margarita calls me, tells Javier approved refund difference told, charged, see credit end week. Friday rolls around, refund. The following Monday call, speak Javier, tries say issue refund, $75 taxes, things. Did ever hear taxes $225? For 5 days taxes came $76! So 6 weeks fiasco started incorrect rates published hotels.com (and every booking website available, trust me, I checked booking) still refund.",0.15000891265597144,0.4419578134284017,Jul 21 2008
25,25,"They could Beter! Loved stay. Customer service staff great. reccomended places go out, clubing dinner, even gave us internet print outs. Rooms cozy, clean, smelled good problems found. A little walk everything, made everything close 5 dollar cab ride. Definitely good expereince entire group (8). We rented two rooms 5 day &quot;weekend&quot;. Would stay recomended friends.",0.37546296296296294,0.7027777777777777,Jul 14 2008
26,26,"Agreed better OK... We like spend lot hotels, demand certain features, Gem delivered. I worried arrived, end worries regrets. The staff courteous helpful; rooms small clean well maintained. The room looked almost identical one pictured reviews (we forgot camera). The quality mattress, bed linens, pillows adequate. We travelling two couples made reservations them. We booked rooms 302, 402, 502. All fine. We sound invasion rooms except bathroom, voices rooms could heard thru ventilation system. The bath/shower clean, worked well, nice thick towels, complimentary toiletries. All satisfactory.A couple items detracted - air conditioning unit noisy (but effective), location pretty much way, near busy intersection entrance/exit Lincoln Tunnel.",0.17798534798534799,0.4988369963369964,Jun 22 2008
27,27,"small clean comfy beds We needed place stay Soho/ Tribeca area $300 trick. Rooms seem recently updated, 2 double beds 3 adults. Room small, (door opens bed) desk storage well pullout bed. (large suitcases would tough room). Also, &quot;closet&quot; mirror unit 10 hangers w/in unit hang clothes. THe beds comfy w/ big pillows. Room clean well bathroom shampoo, creame, mouthwash. Hotel staff friendly. Ray's pizza street yummy slice. Area convenient area's stores shopping &amp; dining. The word &quot;clarion&quot; building, states &quot;the gem hotel&quot; outside. Also, steps go small reception area, 1 person ADA elavator needed. This perfect short stay want clean, inexpensive (nyc prices), well located hotel. I would stay again.",0.09381419234360411,0.43239962651727354,May 22 2008
28,28,"Awful Hotel!!!!!!!!!! Do Not Stay Here!!!!!!! We stayed The Gem Hotel May awful. We specifically requested put high floor possible, yet arrived put basement! We hoping least natural light room! We called check room weeks told requests met, yet arrived extremely dissapointed. If I looking place stay Manhattan, would last choice.",-0.185,0.6785185185185185,May 15 2008
29,29,"nice hotel.. We stayed 2 nights GEM pleasent left New York.We going stay 2 nights full leave New York early.It first time brother visit New York came across looking good-one.The room clean though small two ideal.The bath beds soooo clean.Also thanks lot everything manager hotel,i think,Javier Vanessa.",0.22797979797979798,0.46308080808080815,May 1 2008
30,30,"Overall good hotel. This pretty new Choise hotels resently took Howard Johnson. The Room 10th (top) floor modern small city hotel. Very nice fridge cofeemaker microwave room! The TV HDTV (first to) picture quality good even HDTV channel something wrong.Were welcomed two bottles drinking water, nice two bottles day. Feels cheap...The staf helpfull thing complain cleaning, shampoo bottle floor, next bed arived left coffee wasent replaced three days.Free internet, yes You need bring computer. Should standard every computer lobby guests use.",0.20075757575757577,0.47919191919191917,Apr 3 2008
31,31,"Great value cosy stylish We booked checking Choice Hotel website impressed little gem. The rooms small reasonably-sized New York standards, stayed much smaller narrower rooms! There obviously lot thought put design make stylish boutique hotel. It amenities suited higher-end hotels, bathrobes flat screen TVs. The rooms soothing color schemes large, clean bathrooms. The windows double-paned bonus. The quite quiet, although would hear people talking hallway, fellow guests quite respectful, trouble all. There free internet access room, appreciated lot. The staff friendly helpful, especially one managers, David, another front desk staff, Scott.The small downside location hotel, little main thoroughfare, closer 10th Avenue. But still quick 5 min walk subway probably less 10 minutes Herald Square Macy's, Restaurant Row.We paid $140 per night queen-room, absolute bargain Manhattan. We would definitely recommend others.",0.1800984172077922,0.5769203192640692,Feb 25 2008
32,32,"Great location staff rooms After stressful start (my friend left handbag taxi) place turned worth every penny. Its little far nearest subway (2 blocks 5 mins) right next garage loads taxis idling about!The room good large TV, window decent sized en-suite. There lovely little touches like feather mattress toppers, duvets, pillows, cotton robes plenty towels. The room 3.5m square two double beds (a double double) contained 2 phones bedside cabinet ipod radio alarm, desk coffee maker. Everything need (I think even data port).The staff helpful supportive bad start. They able tell us correct (rather closest) police station go let friend use reception phone problems room phone. Thay also able recommend good diner nearby provide breakfast.I stayed different hotels hostels New York honestly say best one far.",0.23807519640852975,0.48896905563572235,Feb 14 2008
33,33,"More OK great We used reward points pay room practicle purposes, free. Three nights. We given one two first floor rooms, right next elevator close desk. You could hear phone ring night / morning talking lobby, especailly middle night. No view window. We guessing giving us room &quot;free night stay.&quot; Room pretty clean (except in-room fridge/freezer nasty) checked tolet paper. Not single square. Room bit small. We king sized bed 2 feet space around sides foot bed. Bathroom averaged sized.They conveniently located going game play street big scary night. We arived Friday night several individuals hanging front church across street. We told soup kitchen type place. After walked 2 blocks got onto beaten path, scene changed bit felt less isolated.Besides location, complaints room made got back Sunday evening get wake call morning catch flight. Their site lists &quot;VIP/Concierge Desk&quot; &quot;tour desk&quot; however could find it. We could get approximate location Madison Square Garden (about 7 8 blocks away) girl desk map asked subway location.Don't get wrong. I would probably stay points since used money saved elesewhere trip realized going resort however I paying pocket, I would see options I cost-wise. If looking place sleep shower, works however looking place hang-out, might want reconsider.",-0.027232142857142858,0.4864583333333334,Jan 21 2008
34,34,"I'd say pretty decent! This pretty cheap area in. It's 5-8 minute walk subway, I also walked relatively close Rockafeller Center Times Square nearby. A 2 minute walk away lot places eat nice breakfast diner place.The street though kind scary one, I recommended walk alone night, kind made things complicated... I taxis back time I came late want ride subway (which I would recommend taking night either). But price, I mean, decent.The room rather clean. So small, I traveling alone fine. I 2 beds though. It would fine couple, would recommend family stay!!! There's like 4 5 rooms per floor I think 5 6 floors. It quiet. The staff friendly overall I'd recommend solo travelers, couples wanting something cheap, like students traveling.P.S. Nice TV, there's i-pod hookup clock, beds super comfy~ 5 pillows beds!",0.17338541666666668,0.6381666666666667,Jan 14 2008
35,35,"Friendly Service We arrived 2:15, room would ready check-in 3pm, standard check-in time. The front-desk attendant polite patient, weekend New Year's Eve could tell completely booked busy travelers coming going. When returned 3, quick find available requested room communicating housekeeping staff. Our room king-sized bed nearly took whole room, clean, nice desk, flat-screen TV, nice-sized bathroom usual essentials. Overall, stay reasonable without complaints. The neighborhood surrounding somewhat limited restaurants/nightlife, problems catching cab getting subway.",0.20683868762816132,0.44460013670539983,Jan 2 2008
36,36,"Great! My fiance I returned five night stay The Gem. It great. The price reasonable time year. The room little small side TV 32 channels but, come on... New York City. Is anyone ever really room long enough watch TV? lol.The bed comfy, water hot bedroom bathroom clean. That's I really look for. I know area might seem little shady fiance lives Bronx I've around areas much worse. Not I feel unsafe The Gem.There ton different restaurants fast food places within walking distance. And hop, skip jump away bustle Times Square. The staff always friendly even recieved free paper outside door Sunday morning.The basement cafe center nice never early enough catch breakfast. But, nice place heat food whatnot.The thing couple days housekeeping leave spare roll toilet paper. But, one call front desk new roll minutes. But, left suitcases even left money desk mistake nobody touched things.Also, safe little tricky work. We never figured out.Other wonderful plan staying again.",0.1611341354723708,0.5327673796791443,Dec 29 2007
37,37,"Nice great location We returned 3 night stay Gem Hotel NYC. Although room small, great location. We four blocks Macy's/Times Square. There soup kitchen/shelter across street. If bothers you, might want stay elsewhere. We never problems. They put us nice king size room back quiet. The extremely clean upkept. We plasma tv, armoir Ipod ready radio. The bathroom quite large toiletries would need. The staff nicest I've ever found New York. There subway stop around corner anywhere minutes. All all, I would definitely stay again.",0.28269300144300147,0.5863708513708513,Dec 27 2007
38,38,"Fantastic! The clean, good location, though small, updated modern. The bed comfortable, bathroom well maintained, even flat screen. For money, I would certainly stay again.",0.27824404761904764,0.5745535714285714,Dec 27 2007
39,39,"Managers attitude The manager David( sure surname) unhelpful, obnoxoius unpleasant staff.The rooms small 4 people clean, rest staff nice, especially Ralph, Alan &amp; Vanessa",0.017380952380952403,0.7655555555555555,Dec 6 2007
40,40,"Really liked stay Staff friendly - new city, I given subway line tutorial nice map pf Manhattan. Room small nicely furnished - large bed - great free standing closet flat screen TV!Bathroom nice space - shower nice - clean!Nice place relax busy day spent playing tourist!",0.32370995670995667,0.6032077922077923,Nov 19 2007
41,41,"David great! The rooms good! Unfortunately I booked HOTELS.COM screwed ENTIRE reservation. (Corporate rooms, 20/ALL WRONG). Even though I confirmation hand many times, every single one reservations completely wrong upon arrival. (I even jipped one rooms paying in-advance $40,000!)The saving grace: 1) The location Javits Center INCREDIBLE2) David--front desk....who went way completely make everything better. (Including walking Javits Center I middle running event make sure I everything I needed!!3) The rooms/price. Very beautiful re-done lobby. 4 rooms per floor, decent sized New York--Times Square really quick walk away!!!The bad:1) A certain un-named incompetent unsympathetic front-desk staffer2) hotels.com3) No breakfastPlease feel free contact details. I never use hotels.com book group reservations! However, Gem true Gem I let effect companies stay. Thanks David! :)",0.20497002997002992,0.5456723831723832,Nov 2 2007
42,42,"Perfect overnight stay. Stayed 1 night Oct. 2007..Hotel room small, however bathroom clean modern. FlatScreen TV new..Overnight parking $35 lot across street. My wife happy extrememly fussy. I used small NYC type room okay one night stay room much..10 minute walk 34th street, Madision Squre Garden Macys..A little creepy walk back theater district evening..Use taxi drive..Overall one night stay fine recommended want fancy 5 star hotel.",0.19371212121212122,0.6027272727272727,Nov 1 2007
43,43,"Off beaten path Got great price Hotwire. But much beaten path me.Location: two half blocks subway 8th Ave.If mind spending money catch cab back night, place may you. Or need save money, walk back quickly avoid group people hanging throughout night across street.Enjoyed room though. The bed, safe, flat screen tv, nice bath ammenities, nice sized bathroom....The night time guy front desk helpful pleasant. The early Morning crew seen hanging dates front hotel. One women still managed blurt good morning me. On check day, guy checked gave paper read.",0.33392857142857146,0.46845238095238095,Sep 2 2007
44,44,"Slept well HoJo The Howard Johnson great place stay us limited budget. The staff great VERY helpful. They helped us navigate way city gave us great advice get back airport departure. Since relatively new, rooms fantastic. They new flatscreen tv decorated modern black white. They small, NYC... spent majority time sight seeing. We care size room. The thing room sleep beds clean comfortable... rooms quiet.The slightly negative side staying located mile Time's Square. If planning staying late night... take subway Time's Square take $5 cab ride hotel. We safe. The clean great travelers budget. I would stay again.",0.20512892904197252,0.5297948428383211,Jul 16 2007
45,45,"Great okÃ© location breakfast could better My wife I stayed Howard Johnson Midtown Manhattan June 4th 10th 2007. After reading reviews little bit concerned, much though. When entering felt good already room doubt gone. It great. The rooms big, remember, Manhattan, New York. All two, three star hotels rooms similar size. This Waldorf Astoria!BEDThe pretty new makes thing neat. They offer several bed sizes. Our room (#904) offered king-size bed four pillows. Placing next fits width bed. I guess length 2 meters. It large bed, laying comfortably, making one sleep absolutely well. The spacing around bed much, enough get bed side. DESK/ TV/ PHONE/ INTERNETAt foot bed desk located, appropriate size. If one would really want work there, space really comfortably, comes getting seated well work space desk itself. But occasionally give real problem placing stuff desk, suits. A coffeemaker located desk. A great flat TV hanging wall desk two phones available (desk bed). Complimentary Internet excess room available (use laptop). It wired cable long enough sit bed available drawer desk.CLOSET/ SAFE/FLAT-IRONThe closet big either, enough two people put clothes in, needed one week. It offers two drawers, course part hang clothes. One put suite case top closet. A flat-iron located closet, ironing boards located fire escape.A safe electronic PIN lock complimentary placed closet. It fits laptop.A/C UNITThe airco unit also used heater. We used A/C. It switches depending temperature. Although switched night (and/ day) really great environment, thought bit annoying sometimes woken middle night A/C switched on. But referring time going sleep, must switched many times night, I guess time really woke up, already needed go toilet. The window tilted open lateral.BATHROOMThe bathroom appropriate size large enough two grown-ups brushing teeth together. The holder toilet-paper room hanging loose. We didnât mentioned it, two three days repaired. The shower good, constant temperature firm jet.BREAKFASTAs mentioned reviews breakfast great. Located cellar offering several muffins, cereals, coffee, tea, orange juice apple juice. We thought location cellar bad, really great either. But mostly, housekeeping staff also responsible keeping breakfast good state. That means, kept eye amount muffins all, while, another corner cellar, preparing bedclothes towels cleaning rooms later on. It clean bedclothes though. The breakfast could better better place. Even though rare serve breakfast NYC, so, good!Coffee tea served day. But one morning breakfast, coffee done. And I say done, I really mean done. No coffee available refill machine with. I think lack planning bad service.LOCATIONThe bit beaten track, well enough walk Times Square (a little 15 min) Penn(sylvania) Station offering Subway trains (10 min walk). One day even walked Fifth Ave Central Park. The ramp Lincoln Tunnel makes problem window room closed, one doesnât hear annoying sounds outside.FRIENDLYNESSWe thought personnel friendly helpful. When checking met Alan (great guy!) gave us map New York City subway later week hints see Big Apple. All staff friendly well.SUMMARYWe loved Howard Johnson Midtown Manhattan cleanliness (I asthma clean important I problem HoJo), new. A bit beaten track may somewhat sadly, real problem. The breakfast friendliness housekeeping staff (breakfast well) could better. This absolutely worth money! We would definitely return.See posted candid traveler photoâs. For questions, donât hesitate contact us.",0.17320634628529366,0.4791970748549695,Jun 17 2007
46,46,"Excellent! Will definetly return. I stayed Howard Johnson Midtown May 14th 18th. The room delightful budget hotel. It two beds, desk, flat TV hanging wall, two phones (one cordless). It clean comfy. The little bit beaten path, night quiet disturbances. The subway short walk away (about 5 blocks so). The staff really nice, especially girl front desk (I believe name Vanessa). They really helpful chatty. As others said, breakfast area nice, job. They muffins, cereal, coffee, orange juice apple juice. Overall, I paid, I really satisfied definetly return.",0.3341666666666667,0.6437179487179487,May 29 2007
47,47,BAD place I got jewelry stolen room!!!!!!!Bad customer service,-0.6999999999999998,0.6666666666666666,May 22 2007
48,48,Stay away place,0.0,0.0,Apr 27 2007
49,49,Very satisfied,0.65,1.0,Apr 18 2007
50,50,cold poor service promised refund,-0.5,0.8,Apr 15 2007
51,51,Wished I picked Holiday Inn Express,0.0,0.0,Apr 12 2007
52,52,Put basement closet NYC,0.0,0.0,Apr 4 2007
53,53,Good location modern room but...,0.44999999999999996,0.45000000000000007,Mar 29 2007
54,54,gtreat,0.0,0.0,Mar 12 2007
55,55,Very nice good location excellent price,0.8266666666666667,0.8666666666666667,Feb 12 2007
56,56,Outstanding,0.5,0.875,Feb 10 2007
57,57,rustig maar 's avond net iets te ver,0.0,0.0,Nov 15 2009
58,58,Bon rapport qualitÃ©/prix. Quelques points Ã revoir.,0.0,0.0,Sep 15 2009
59,59,pas de tÃ©lÃ©phone.....,0.0,0.0,Aug 21 2009
60,60,preiswert und sauber,0.0,0.0,Jun 14 2009
61,61,Molto carino!!!,0.0,0.0,Feb 4 2009
62,62,Super !,0.41666666666666663,0.6666666666666666,Nov 5 2008
63,63,Ohne Bedenken absolut empfehlenswert!,0.0,0.0,Sep 16 2008
64,64,Molto carino,0.0,0.0,May 9 2008
