,Unnamed: 0,Reviews,polarity,subject,Dates_extracted
0,0,"Perfect bolthole My wife I stayed 4 nights pre xmas shopping break November 2009 found really good choice, rooms small per reviews, result storage space practically nil, free WiFi really worth bothering keeps dropping out. However negatives hotel, location great access Soho, Noho &amp; Greenwich village foot, uptown madness also short ride away F V subway line foot also.I noted one reviewers complained price, saying paying near Â£250 night, I'd also insensed I paying much picked East Houston economy location, paying Â£130 night end feel got paid for. Rooms clean shower room, one glass wall ideal, reasonable size. Decor attractive unremarkable, flock wall papered style favoured 'boutique' proprietors. There iPod docking stereo bedroom bulgari toileteries bathroom. Most importantly room clean bed comfortable, even may disturbed traffic street life outside, expect city never sleeps.",0.2732638888888889,0.62375,0.62375
1,1,"Beautiful boutique great location friendly staff - fabulous roof-top lounge Very nice design-hotel. rooms quite small location great restaurants, bars, museums, galleries, shopping.. even breakfast included - small good healthy breakfast buffet. friendly helpful staff. thing I like: dirty breakfast tables. I recommend hotel!",0.3417307692307692,0.7192307692307693,0.7192307692307693
2,2,"NOT boutique - smells dirty looks tired messed reservation RUDE staff HORRID expereince From second walked door, experience East Houston worst experience date, high price. You get much money else where.As came reception hit smell dirty mouldy water - think maybe mopping area - dirty water, nice. Then discovered totally messed booking - things happen, way dealt left us sad still angry.We'd reserved 4 nights approx Â£240 per night - pretty expensive - superior queen room. When arrived said move twin room next night another following night, understand would ideal couple romantic break, option tiny double directly ground floor lobby window would move around hotel. There would discount said! Fine said, cannot fulfil aggreement, we'll find somewhere else tomorrow stay tonight. We argue reception almost hour get agree charge us 2 nights stay, actually charged 2 nights, deal manager another hour get refund next day.The rooms teeny tiny, look tired, scuffed scratched floors, walls furniture, old toothpaste splattered bathroom wall, loud air con. Having glass bathroom walls ridiculous sharers - someone needs bathroom night light wakes person up!TV work really want spend short holiday speaking staff try get sorted [it probably broken wrong setting - control work it]. Internet free, slow.Breakfast served basement would fine budget hostel, seriously embarrassing so-called boutique hotel. cheap flimsy tiny tables school chairs. actual food drink fine, price paying, disappointing.So went around corner, reception proper boutique - famous trendy chain - welcomed nicely, given beautiful huge room floor ceiling windows 2 walls AT HALF THE PRICE per night. Only reason I naming I went back NY recently fully booked I want stay soon! Sorry.This first time I ever write bad review anything online, I still angry huge waste money. If get low budget price like $100 night, fine, believe nice pictures description website - disapointed pay boutique prices expect service live expectations. This BUDGET level service decor.",0.0528337789661319,0.5658137254901959,Nov 21 2009
3,3,"Everything I hoped would be....and bit more! Chose website great photos and...it close medical facility friend mine currently residing at.Let say first 'boutique hotel'. If wanting Waldorf-Astoria amenities, find here. If WANT Waldorf...stay Waldorf. If hand looking cozy, affordable helpful 24 hour front desk staff, daily continental brkfst excellent coffee, 24 hour rooftop terrace leisure moments 24 hour use computers basement area..you're right place! The location could beat. Such easy walk subway stations. Katz's Deli 2 blks east Whole foods market 2 blks west. Very close China Town, Little Italy nightlife. I'll agree rooms huge traveling solo, I mind one bit again...'boutique hotel' I expected. My Queen room lovely immaculate! Bed comfy bathroom spotless well. Slept great night. Windows must soundproofed! Room flat screen TV, hairdryer, alarm clock, terry slippers. Maid service came daily great job...left plenty Bulgari toiletries bottled Fiji water. I one carry-on I clothing absolutely hung up. Room small wall unit hanging clothes top folded clothes I see convenient guest week loads luggage. 7:30 10:30 Cont. brkfst basement area outstanding probably similar type breakfast I home day...great assortment bagels, breads, croissants, cereals, cheeses crackers, fruit, yogurts, juices, Hot tea, cocoa best coffee I've while! Seemed like kept hot tea, cocoa coffee available guests day. The rooftop terrace 7th floor amazing! Even though temps summerlike moment, I made way AM evening...(with hot cocoa) I would miss great views beautiful city! I enjoyed wonderful I definitely recommend friends plan stay New York visits!",0.30166888036206213,0.5768619637937819,Nov 19 2009
4,4,"Don't get much money here. If mind room NEVER made till least 5:00 p.m maybe like hotel. The hangers closet cannot reached without chair unless least 7 ft tall. Do NOT get book cab even leaving 4:00 a.m. call THEIR cab charges DOUBLE going rate. Otherwise clean hotel, staff polite breakfast fine. It's right across subway station handy. I would stay mainly rooms made up. It 's awful come home afternoon put feet see everything way left it. We stayed 5 days.",0.03961038961038961,0.45173160173160176,Nov 10 2009
5,5,"The best I stayed NY! It 7th trip NY, time I going alone I pretty concerned choosing ideal 7 days vacation! After I've read reviews east houston easy decide - All reviews good! It fisrt time I stayed Lower East Side I could stay entire week around area, trying several bars restaurants.It took also short walk Soho East Village. The staff helpful friendly. The room really small still modern clean - I simply hate carpets I always prefer wood-floors. Wi-fi available free. They nice rooftop I could realx end day - The view great, I could see Empire States, Chrysler Building,...Breakfast good, served tasty croissants, pain au chocolat pain aux amandes. There also yogurt, cream cheese, good choice assorted cheeses, milk, jam, tea coffee. And USD199 + tax (Stanton Full Room). I've definetely found &quot;my place&quot;in Big Apple! I highly recommend it!",0.3408333333333334,0.5582638888888889,Oct 13 2009
6,6,"A great place stay I bit worried first knowing surrounding area, soon gone found cool upcoming hive activity. Loads great bars restaurants within stones throw hotel.The staff helpful polite ,yes rooms quite small sleeping there, room 603 corner room views Empire state building Chrysler building !Subway right next fast route Times square Central Park.Fantastic Mexican restaurant around corner Allen called &quot;Mole&quot; great food great atmosphere.I would recommend anyone wants great time. Thanks great stay.",0.3522619047619047,0.5035582010582009,Aug 8 2009
7,7,"Great place stay! The location great easy access everything wanted do. When checked staff offered store bags deliver room soon available. The front desk clerk recommended places brunch coffee since mid morning. The room small (it's NY!), clean, modern, comfortable. I warn bathrooms rooms people may shy - there's textured glass wall separating restroom rest room. I'm shy, fiance, something known. Loved Bulgari bath products! Breakfast fresh delicious pastries Balthazar bakery gourmet coffee. The staff kept luggage toured city day check out. They even allowed us use hotel's refrigerator store left-overs dinner. And rooftop deck fabulous place enjoy breakfast wine evening. Overall great experience staying again! Last thing - non-New Yorkers pronounced &quot;house-ton&quot; Houston.",0.3690789473684211,0.5552631578947369,Jul 22 2009
8,8,"Fantastic Location Super Friendly Staff I heard place mom, husband I decided try out. We used live NY, wanted stay place far away tourist-y areas possible, yet still near good restaurants, bars, walking distance everything. This stone's throw Soho, Little Italy, East West Village. We saved much money using taxis, walking instead! WholeFoods couple blocks away could always run pick anything needed. The staff super friendly accommodating. We used kind friendliness New Yorkers! I agree reviewers, warn rooms small side. But, price, I expected much. Still, clean, stylish, bed really comfortable (I like firm mattress). The windows sound-proofed, even night things bustling, got good night's rest. The roof-top deck great views city...perfect snapping pictures. I highly recommend anyone budget wants experience downtown NY best. People used suites spas, room service, lounging around rooms like much. I, hand, love hotel!",0.27305160984848487,0.5414962121212121,Jul 15 2009
9,9,"Small rooms GREAT location service view. Awesome.The reason I'm giving 4 5 stars size room. Everything else stay excellent.First off, location great. It's block away famous Katz Deli blocks away Ippudo (only best ramen I've ever life). SoHo walk away well, subway station street. I loved able walk everywhere subway close well. And CRAZY like area Times Square. After staying Lower East Side, I think I want stay visiting NYC.Second all, staff great. We already stressed fact airline delayed luggage toiletries us night. They provided everything needed super friendly.Thirdly, view rooftop terrace AWESOME. From rooftop, see entire city, night, summer breeze hits see city lights, amazing. My husband I brought dinner back could enjoy view.The also offers free wireless 2 3 computers downstairs cellar use (free charge). They also provide complimentary bottles Fiji water (my favorite)!Aside fact rooms tiny (but else expect boutique hotel), I loved staying here. I would definitely come back.",0.3113026819923372,0.6295019157088123,Jul 8 2009
10,10,I'd Check Back In Happy gotten lucky hotel. The staff helpful chic without pretentious. Good value money located fun neighborhood. Nice rooftop lounge well.,0.32916666666666666,0.5791666666666666,Jun 9 2009
11,11,"perfect location clean comfy little chic - small After years staying mid-town wanted cozyness soho, lower east, village last trip NY. Mixed feelings. The perfectly situated, walking distance subway, shopping, restaurants etc. room pretty, trendy decorated. Bed quite hard. Breakfast fabulous (really european french cheeses pastries Balthazars). Internet via terminals breakfast nook, WIFI.However, room (and admit, read it) extremely small, even though asked corner room (they bigger). We 2. There place put suitcase, place hang anything. shelf bathroom. If get bed, shuffle/squeeze wall get around bed.All all, ok, location great, staff friendly, super clean, nicely decorated fabulous breakfast. prepared cramped.oh: note management: water leaking floor shower real bummer.",0.27793478260869564,0.5989130434782609,Jun 3 2009
12,12,"Very good value NYC super clean nice staff We arrived 10 pm Tuesday; lobby nice person check-in nice kind. There free wireless internet. The rooms reviews said pretty small, let scare you, CRAZY small. The bathroom nice whole room clean; bed comfortable, slept well. No noise problems kind. The area populated night, tons bars East Houston. We went outside half hour (it raining) ice cream one block hotel. Best thing: breakfast included, nice-size buffet.We paid $199 +taxes ($240 tot), bad quality NYC; would definitively go back!",0.35419999999999996,0.6366000000000002,May 21 2009
13,13,"Good low budget Hotel clean. Staff cordial helpful. Stayed standard room. Room small, comfortable, better suited 1 person 2. Good sized bathroom. Water pressure shower high, hence give shower caps. Stayed 2 days, pretty quiet whole time. Wood floors nice feature, loud guests walk around heels. Breakfast simple included price room, sure get early. Lounge computers internet access. The staff kind enough print bus reservation charge. Hotel laid back unpretentious. They allowed hang couple hours I already checked out, since bus reservation late afternoon I tired walk anymore. I would stay again. The area little gritty safe, though I walk around area immediately south alone night. The metro's around corner several stations within blocks. Whole Foods 2 blocks street. East Greenwich Villages Soho also within walking distance.",0.13247132616487453,0.4966210957501281,Apr 18 2009
14,14,"Perfect home-base weekend NYC We're couple Montreal late twenties... went New York weekend sightseeing. Found Expedia, ended booking directly (since price - $129 USD / night - allowed us cancel right 48 hours stay - unlike Expedia). Hotel true boutique vibe... nicely designed, clean, modern. Terrace 7th floor great view towards uptown (be sure check night). Location great - right SoHo, close cool shops &amp; restaurants 4 blocks Broadway. A 15-20 minute walk Greenwich, Tribeca, Lower East Side, ChinaTown, etc... even Financial District walkable. Half block F &amp; V subway lines take uptown. Like reviews mention, rooms bit small, day Manhattan, need much more... comfortable bed (which have). Only concern may semi-transparent wall bathroom bedroom - problem close person staying with.The free breakfast overlooked - much coffee croissant. They cereal, fresh fruit, pastries &amp; bagels, yogurt, cheese plate, fruit juices, coffee - enough get started day sightseeing.Parking challenge New York - parking garages available $30/day... lucky enough find spot side street 2 blocks away let us leave car Friday morning Sunday afternoon. Didn't cost thing, move once. So drive, spend bit time searching giving pay garages. Staff friendly check-in/out hassle free.We'll definitely stay go back NYC.",0.24955524634096068,0.5430942073799215,Mar 28 2009
15,15,"Loved place! I usually prefer staying West Side places I go there, I go add downtown Priceline location list voila. I little nervous East Houston would way, subway stop right around corner could bring right Herald Square, worries evaporated.As itself, I loved it. I Room 205 I know bigger laid differently wheelchair accessible room, I found quite comfortable. The bathroom cavernous lighting little iffy, I mind. The continental breakfast basement usual assortment muffins, breads, cereals, fruits yogurts, certainly trick mornings I there's access water, coffee tea day.There also Whole Foods two blocks street I used good advantage.I'd stay heartbeat.",0.2061858076563959,0.5180438842203547,Feb 6 2009
16,16,"Bring Head Lamp This nice location ideal reviewers noted. We found staff really helpful friendly well. And yes rooms tiny. We enjoyed stay here. Do note that, however, attempt give place nightclub type cool ambience dark - real dark. Our rim lit three dim bulbs option additional light. Don't plan lot reading fine needle point work room!",0.2673717948717949,0.5980769230769232,Jan 15 2009
17,17,"Location Location Location transition LES East Village We supposed go Beer Festival October pushed trip back November see theater performances instead. The Hotel discreet Taxi person also hard time locating it. The check quick smooth. The rooms designed well small (I think corner king 1/3 size room Rivington). We built desk, small closet several shelves fireplace. We stored one suitcase stand entryway suitcase bed.The bed nice (like swedish mattress home) least 300 thread count linens. The shower decent size great water pressure. The best part downtown location. We walked though LES, NOLITA, SOHO, Battery Park, Gramercy, Wall Street, East Village China Town. When go midtown meet cousin Four Seasons 10 minutes cab ride. Ditto two performances (Spamalot Boeing Boeing). We wonderful dinner Kim Watson Lower East Side Saturday night brunch SOHO Sunday. All walkable :) This definitely great location people downtown (it also 100 feet subway entrance).",0.26041666666666663,0.5401666666666667,Nov 23 2008
18,18,"Sufficient I booked double room US$269. It TINY! We barely enough place put luggage. Breakfast way simple. Other that, everything else fine. The manager helpful receptionists. The room clean comfortable, although I felt rather awkward glass wall toilet - comfortable travelling someone spouse/significant other! The location good, opposite subway. I satisfied I'd stay I find someplace better.",0.13039772727272728,0.4844155844155844,Oct 24 2008
19,19,"Nearly top marks This really, really lovely. The downside rooms TINY! It's great location short stroll Soho shops, Little Italy Chinatown fantastic Wholefood Market doors away. Lovely Thai restaurant called Kuta one street away lots friendly bars near by. It's big main street noise issue all. It's beautifully fitted amazing roof deck also tastefully stylishly finished. You take breakfast fine weather.The breakfast included great. Good choice food beverages, cozy basement room also use computers whole place spotlessly clean.Staff helpful offer advice local restaurants etc.Bathroom small large shower cubicle stylish.The negative absolutely storage. A small shallow cupboard near door best would hold coat drawers all. You really live suitacase whole time. Fine us, staying 2 nights. Any longer might drive nuts.This really downside travel light shop much may problem.Would I go back? Yes, short stay.",0.19684382646339169,0.5350414078674948,Oct 6 2008
20,20,"Nice although missing certain something... This nice little nice area city - away touristy parts! On arrival I given standard room one smallest rooms I ever stayed in, able upgrade better room throughout stay much nicer definitely worth extra! The staff attentive although continental breakfast morning little strange...More akin roadside travellers motel... plastic cutlery paper plates. All strange otherwise nice hotel. I also think shame bar nice area brilliant rooftop. Aside this, I would still go back price reasonable compared hotels City.",0.30583850931677015,0.5650621118012422,Sep 1 2008
21,21,"Great little The East Houston great little interesting part town. We'd previously stayed New York Times Square much enjoyable experience. It's vibrant trendy part town world away comedy-club leafletters hotdog vendors. The room compact modern adequate needs. It means palacial reasonable size price. The bathroom wall opaque glass could problem people light shapes visible!Breakfast self service comprised cereals, pastries, youghurts, coffee. It delivered expected.The ideally located anyone wanting shop SoHo, explore Greenwich village etc two minute walk uptown subway stop anyone wanting go further.Nice bars restaurants nearby Ludlow Street enjoyed especially live music Living RoomStaff friendly keen helpWould definately recommend",0.32530303030303037,0.5793939393939394,Aug 31 2008
22,22,"Great small european-style We stayed 1 night quick trip NYC Hotel East Houston excellent. The room tiny, spotless everything traveller would need, unless want spacious room. The bathroom recently re-done rest room nearly space rest room. The toiletries provided excellent quality like rest room bath spotless. The soundproof windows completely blocked street noise even though right Houston room windows face bar thriving night scene room quiet. The air conditioning worked perfectly also quiet. A continental breakfast provided included yogurt, chese, crackers, fresh fruit, bread pastries, orange juice, tea coffee free web access provided breakfast room. If got rid plug-in stinky fragrance things hallways would perfect.",0.3570028011204482,0.6295518207282914,Jul 19 2008
23,23,"Fantastic stay After reading reviews, arrived totally open minded. To begin great location, subway, Broadway, Soho, Nolita, Little Italy, etc etc list goes on, there's abundace brilliant restaurants/cafes 5/10 mins, get tired trying different one every night.The clean, friendly (helpful) staff, rooms right long weekend, go new york hang around pomp, wanted nice friendly, almost personal experience, catered for, there's also bonus fantastic roof terrace, brilliant views accross NY skyline.To sum up, would highly reccomend couples, small groups, like get adventuring NY &amp; L.E.S.Would deff stay again.",0.25901287309182053,0.6521189336978811,May 29 2008
24,24,Perfect place Great location. Staff helpful friendly. Amazing rooftop. Room small nice. Beds little hard. Overall great place stay return.,0.34780303030303034,0.6037878787878788,May 27 2008
25,25,"East Houston Oasis This fabulous! Not great downtown location, clean modern gives little extras like free breakfast internet access make trip much easier! The staff extremely friendly helpful I mention roof terrace view Empire State Building?! The room small side I go New York stop room...Affordable chic - else girl need NYC?",0.2440254820936639,0.6004132231404958,May 21 2008
26,26,"Perfectly nice We stayed wedding March. We fabulous group rate, colors review - paid retail prices, I would likely less impressed. The room small, warned about, plenty big enough me, husband baby. However, two nights would've extremely crowded we'd longer. The staff seemed well-meaning particularly well-organized efficient. The location great purposes, wedding-related events Lower East Side, general visit, LES particularly accessible rest city.The bathrooms nice, I problem glass shower. Walls thin - I felt bad neighbors baby woke 5 morning - windows sound-proofed, potential issue since directly Houston.",0.10687500000000003,0.6720833333333333,May 9 2008
27,27,"Small Comfortable Hotel easy find, cab driver idea eventually dropped us wrong side road. Have ever tried negotiate 6 lanes rush hour!! Anyway got there.Check-in friendly quick although receptionist initially could tell prepaid room. Porterage available required, thank god cases wheels!The twin room booked small, small. barely enough room 2 adults let alone cases. But room clean modern going spend huge amount time anyway adequate.Breakfast basement simple coffee/tea, juice, ceral pastries. All nice self service, also internet access however speed painfully slow!The roof terrace brilliant really good views city including Empire State. You must see night excellent!!Definatley recommend place base see New York (underground around corner), however want spend longer room i'm afraid may need look further.",0.07471508563899869,0.624566158479202,Apr 24 2008
28,28,"With frequent trips area scheduled would stay ever again. The size rooms expected small. The problems addressed become bigger issue.To get way, number one complaint wife translucent wall bedroom bathroom, toilet next this. The image whomever throne shows bedroom.The room initally give appointed well enough suit needs, fulfilled request away noise Houston St. Unfortunately thermostat broken. We initially compained blowing heat 2pm, returned 7pm find still problem, room 85 degrees F. Since dinner reservations, made mad scramble move room furnished us with, conceeded thermostat addressed. Unfortunately, new room smaller, faced Houston St. stairwell outside door, conveyed hallway's noise easily room.They adjust rate reflect small room size, I think tried make change 5 hours before, perhaps could better accommodated.The final issue day departure. We checked bags desk, could spend afternoon area leaving airport. We returned 15 minutes car due arrive, could locate luggage. 30 minutes later, phone calls staff duty longer there, extensive searches, included rooms, various closets, storage areas, found bags, escaped.This nice discount area's boutique hotels, want stay area rates, I would go Hojo next block first. Otherwise, pay premium quality.",-0.04245129870129871,0.44123376623376626,Apr 7 2008
29,29,"Hotel Least Houston When I booked stay I told I would one nicest rooms 6th floor. I doubt I get room c'mon. I waste time room size since know getting queen bed, two nightstands, desk 11x13 room, along luggage problem. The problems I 'newness' place. First, A/C would randomly belch roaring noise would rattle windows surrounding bathroom. And second, would go minutes, shaking walls bathroom I shut off. Next, tell opened tight schedule. In room alone thermostat even cover wall outlet installed random swipes around room someone touched flat paint gloss instead. Lastly, I willing put rest I stepped accosted so-called security guard may intoxicated, sure sounded like it. Apparently, Guys winter caps back packs real problem Lower East Side. The problem jump way pay $1k bed sits 12 inches floor tend get ill. If happens , bother leaving note one 'rate us' cards room answer either.",-0.0384453781512605,0.38232959850606907,Mar 23 2008
30,30,"Hotel East Houston - nice little NYC oasis This new small Lower East Side. The room small pretty Asian minimalist decor, dark wood, cherry wood floors. Flat screen tv, granite bathroom, Bulgari toiletries. The bed comfortable, bedding nice, bath towels oversized- small details appreciated. People front desk nice helpful. The lobby attractive.You'll pulling suitcase two steps. I problems room's wireless connection gave ethernet cable worked fine. Downsides lack room: place put luggage desk. A tiny shallow closet hold coat garments. Also wall facing bed textured glass giving good indistinct view whoever bathroom. For illusion privacy, go desk suitcase is, glass wall, flip suitcase front-voila- wall sorts. Or least view blocker. I'd suggest mount shades there. The design sinks soapdish meant water cascaded floor washing-a minor annoyance. We room facing Eldridge Street night one still loud music 1 a.m. We're travelers-we brought small fan block noise. There coffee (great, strong) available pastry/bagels breakfast. Plastic cups bathroom (those granite floors...), ice quickly brought request. They computer printer downstairs guest use. We went Sugar, block away, breakfast excellent. They're open 24 hours. Katz's deli (of Harry met Sally fame) blocks away. You're right near subway convenient Soho. I'd definitely stay again, I could get great rate deal I got discount web site. I liked hotels size calm vibe room spending much time city.",0.17411444805194803,0.5155898268398268,Feb 18 2008
31,31,petit et accueillant,0.0,0.0,Aug 21 2008
