,Unnamed: 0,Reviews,polarity,subject,Dates_extracted
0,0,"Perfect Location My Husband I back trip NYC .We amazing time much see city . We stayed Rockefeller Centre Hotel name would suggest situated Rockefeller Centre. It also right beside Radio City Music Hall ,5th Auvenue, Broadway Central Park.( All within easy walking distance) We could picked better spot start exploring wonderful city. Like NYC hotels rooms small however found room clean bed really comfortable . I read reviews bathroom complaints same. It serves purpose .The staff friendly enough problems checking out. But need key card elevator take room floor bit nuisance like forget youput ! Im sure story breakfast like hotels US breakfast included presumed would bit rip off. Anyhow great places eat around area. I would recommend place perfect base explore NYC",0.27935064935064935,0.634906204906205,Sep 30 2009
1,1,"Great spot 3 day visit Before I review hotel, I ask listed twice, uner two different names? This Rockefeller Center Guest Quarters one same. Read reviews - sure Trip Advisor amend listing.I nice stay $179 plus taxes, don' think I could asked better. I Monday-Wednesday, Labor Day Weekend- end summer season.I room 16th floor quiet - execpt occasional middle night horn honking - I think avoid NYC. My room spacious, clean well equipped. The bathroom nice too, sliding frosted glass door really offer privacy (or shut tightly), I wanted share room friend.The location great. (I wanted stay midtown I headed Upper West Side meet friends Brooklyn one night dinner.) Being right egde Rockefeller Center also quite pleasant handy. Lots places grab decent breakfats dollars doorstep. There tube stop round corner next Radio City Music Hall. (And homesick Brits, Pret Manger blocks west.)This place stay want lots service, lobby bar, restaurant, etc. - none I looking for. Not sure people complain tiny lobby (it small) cares? There sofas need wait someone.The thing I would give lower marks service- even people work front desk polite helpful (not necessarily friendly welcoming, polite). There was, however, one man I found extremely lacking sort social graces belong working public capacity. I overlooked would want interact regular basis. It's discredit seems otherwise well run.I bit annoyed I allowed check even little early - place full even busy. I would recommend single travellers maybe couple town days. If I entirely honest, though, I lingering feeling I got &quot;lucky&quot; good stay, whereas busier time year circumstances might peaceful pleasant.",0.12098095238095236,0.47864163614163624,Sep 21 2009
2,2,"Great Location Great location room surprisingly quiet even though center Midtown. Just blocks Times Square one side St Patricks Cathedral 5th side. Room smaller others I've stayed NYC flat screen TV coffee maker. The shower bathroom separated rest floor whole floor soaked shower, I like. Lots business people - much tourist - concierge help us plan time NYC. Would recommend location value ($179 per night booked paid full advance).",0.14545454545454548,0.3803030303030303,Sep 15 2009
3,3,"Great couples My wife I looked place midtown spend night celebrate anniversary. This great choice. For area, expensive (especially credit card points used) - I think around $200 night. We stayed 14th floor, corner room make right elevator, great two us night city. Instead taking subway home restaurant, walked time square rockefeller center room.The room clean, enough space 2. Listen, almost bigger apartment - welcome NY. I understand uncomfortable trying fit 3 people, frosted glass bathroom door might unnerving rooming someone spouse (but really big deal - can't see it, closed fine tight). There big flatscreen TV temperature controls bed, really comfortable. There desk free WIFI, assortment books things-to-do type pamphlets.Service great. We forgot toothpaste, called front desk, sent tube 5 minutes 11:30pm.Check quick easy computer terminals. You need key get elevator though, keep mind.If wanted ritzy lobby butlers large terraces, visit Marriot billion dollars. This great hotel, city (the city matters) - middle it, clean, efficient.",0.2277529761904762,0.5776041666666667,Aug 25 2009
4,4,Good location nothing else The room small 3 people would suit one person. The cushions blanket stains used them. The bathroom frosted door reduced privacy small. The sofa bed main bed comfortable sleep in. The reception staff friendly ignored throughout whole stay. But cleaning staff greeted us every morning. I would go back nothing special location good many attractions easy access walking. Lucky us far busy spend time day exploring NY sleeping room job.,0.20643601190476193,0.5669642857142857,Aug 21 2009
5,5,"Excellent would stay Small rooms well designed fantastic location. Very professional friendly staff. Smart room, great bed pillows - slept really well. Also, great free internet access trust placed guests use.Would recommend maps etc placed rooms. Only negative could hear generators perhaps ask room away these.One recommendation hotel, wish would offer muesli special K low fat milk coffee toast coffee reasonable price.",0.2884285714285715,0.5962857142857143,Aug 4 2009
6,6,"FABULOUS! We stayed 4 nights nothing fabulous experience. The location perfect - right 5th Ave, Radio City Music Hall Rockefeller Centre! Only 2 min walk away Time Square 2 min walk away Central Park. It perfect! The staff excellent - top notch service. They helpful helping us find great places eat always front door make feel welcomed safe. They always smiling! It great! I one bad thing say stay! Our room course small - I knew going I paid price cheaper room. However, small felt crampt. I highly recommend hidden gem!!",0.32815145502645504,0.6625396825396825,Jun 23 2009
7,7,A lovely surprise Sorry late review.I visited New York May 2008 one best places world. There hundreds hotels choose NYC lovely surprise. It located opposite Rockefeller centre accessible new york tube station across road Rockefeller Centre.The rooms little dark that's good sleeping comfy clean. The rooms cleaned day staff reception helpful. If fancy going Braodway show happy book tickets give ideas although bored NYC.There internet access mezzanine floor may wait sthere tow computers. Breakfast included plenty cafe's around eat worries there. There also restaurant NYC full fab places venture out. Gordon ramsey's Restaurant The London couple blocks away short walk definitely worth visit.,0.21076790633608813,0.5710950413223141,Jun 2 2009
8,8,"Good Value Great Mid-Town Location If looking inexpensive room NYC, pretty good pick. I booked last minute trip see Leonard Cohen Radio City Music Hall, I paid little I would liked. If get room $150 here, bad deal. I would think would especially good pick first time visitors New York sooo centrally located many tourist sites: Rockefeller Center (obviously), The Empire State Bldg, Times Square, etc. Be prepared rooms really small American standards. I single, really &quot;sleep closet&quot; room. The bathroom small unless dwarf 8 yr. old, practically sit side-saddle potty. This definitely no-frills establishment, fairly clean, safe, date, comfortable beds.",0.2659269896769897,0.5013653013653013,May 18 2009
9,9,"Best choice value position!!!!! I booked Expedia.it average 100 $ night awesome!!! I mean luxury hotel, spotless clean, front Rockefeller center, near theater district, complimantary internet access desktop mezzanine floor. For price NY I think really great choice. Could better: reception small nearly always overcrowded, quickly attend needs anyway, The desktop provide id one, generally nobody (plus provide printer). The rooms big (they mostly queen beds I think) LCD TVs anything may need. If lowest floors little noisy, get room view inner yard, ok.",0.2236842105263158,0.4949561403508772,May 4 2009
10,10,"A Winner! Just returned 2nd stay again, everything outstanding. As others pointed out, location can`t surpassed. Some griped tiny lobby, triviality. Upon entering 2 check in/check kiosks. You swipe credit card, reservation information comes gives room key card. Very easy......no waiting line. Elevator access requires key card security priority here. The youthful, smartly dressed staff perpetually smiling helpful. To appease disgruntled souls issue lobby, 7th floor Terrace Club compensates. There spacious sitting area, restaurant gratis computers check personal email. As others also mentioned, filtered water dispensers bottles Terrace Club floors. The 3 years old room still looked new. We comfortable queen bed, kitchenette, great bathroom huge shower, flat screen televsion, comfortable sitting area sofa bed amenities much expensive hotel. Requests exptra pillows iron ironing board honored withing 5 minutes. We got great rate $159 per night. We shall return!",0.20775678866587957,0.5851092089728454,Apr 2 2009
11,11,"Wonderful Hotel! My husband I celebrated 1st anniversary Manhattan stayed overnight. We extremely pleased. Although arrived several hours check-in time, able go room. The room small perfect us. The furnishings nice bathroom modern. We 17th floor fantastic view St. Patrick's Cathedral. The location convenient everything bit &quot;beaten path&quot; noisey. The staff efficient friendly price right ($166 tax included). We'll definately stay again.",0.41082417582417585,0.6392857142857143,Mar 26 2009
12,12,Very Nice My husband &amp; stayed two nights. We pleased hotel. We arrived 12:30pm able go ahead &amp; check in. The room nice &amp; modern. On every floor offered free filtered bottles water. Room small refrigerator &amp; microwave. Excellent location-was able walk alot places. Would definitely stay again!!!,0.40318181818181825,0.6931818181818182,Mar 20 2009
13,13,"Great value location Wonderful location - close shops Fifth Ave, right front Rockefeller Center. Great deal peak season Expedia. Elevators slow. Very small lobby. Hallways, rooms, closets, bathroom small (probably average NYC), clean new- modern fittings. Clean carpet bed linen. Used Internet free Business Center- handy finding restaurants checking email. Free filtered water disposable plastic bottles next lifts alternate floors. Tourist Australia",0.22686375028480293,0.5110663021189337,Mar 15 2009
14,14,"Wonderful Stay I stayed Rockefeller Center Hotel one night (December 28th) mother 9 year old daughter. The easy find perfect location activities I planned. Although requested room high floor daughter could see tree, received room 7th floor (which dispute). The front desk staff helpful. offering us storage bags, helping us check-in using automatic kiosk, calling car service time go airport. The room nice, studio, tiled shower, good sized bathroom. Our room also pull couch, coffee maker, flat panel TV. We ate restaurant twice. The first time, appetizers wine (on heated outdoor deck) mid-afternoon. The next morning, buffet breakfast ($11 cold buffet $16 cold hot- I thought reasonable, considering I paid $23 breakfast buffet similar Boston). From deck, able see obstructed view Rockefeller center side entrance Radio City Music Hall. On day departure, skated Rockefeller center lunch American Girl Place. The close places.I stayed several hotels New York (including Marriott Marquis Affinia Dumont), although luxurious some, one offered best combination location amenities. I would definitely stay again!",0.18813692480359148,0.4680078563411897,Jan 5 2009
15,15,"Amazing This place amazing. First location amazing, right Rockefeller tree everything else short walk away. My girlfriend I use Taxi all. Everything extremely close either walked took Metro.The service great. Everything requested room within 2 minutes. The front-desk extremely helpful catered needs - smile. The rooms little small equipped nicely Samsung LCD TV beds extremely comfortable. The rooms also clean.We already planning next trip Big Apple plan staying again. Great value amazing place stay.",0.29095864661654136,0.6036340852130326,Jan 4 2009
16,16,"Great Location!!!! The location see Christmas Tree Rockefeller Center exceptional. The room nice; nothing exceptional. The lifts problem.....sometimes spent 7 minutes waiting one. My keycard got deactivated three times 2 night stay. If want cleaning staff turn heat day need let front desk know. The check in/out staff courteous professional. A great location visiting Saks light show, Rockefeller Center tree, Grand Central light show.",0.38809523809523816,0.6107142857142857,Dec 11 2008
17,17,"Great stay The Rockefeller Center I booked reading reviews onTA. We arrived 1.30pm immediately assisted desk staff given keys room. I read problems lifts hotel, cards worked straight away short stay never waited couple minutes lift. Our room 605 front hotel, overlooking W.51st The Rockefeller Plaza ... well entrance ! The room perfect us, twin beds, sofa, desk, flat screen tv kitchen area fridge, microwave coffee machine(which used brew tea morning). Basic supplies available Duane Reade almost next door took breakfast deli/coffee shop couple doors street, great value lovely coffee.The beds extemely comfy slept well. The bathroom small clean well stocked towels, complaint us water shower could touch hotter.One night stay The Radio City Music Hall Christmas Spectacular decided extremely cold would room service. We chose order The Terrace Club, selection restaurants order from. Our meal bottle wine arrived promptly quite tasty .On last day requested late check out, kept room 3pm extra $35, useful bags kept us left airport later evening. On departure enquired cab, Member staff desk asked would like order car us, price $60 quoted, inc. tip &amp; tolls . This sounded great.... went arrange said car right outside! Imagine surprise went find HUGE white stretch limo..... Same price ! So travelled back JFK style! Good job took forever! traffic awful.Would definately book recommend fellow travellers.",0.18255368814192346,0.4118020541549954,Nov 23 2008
18,18,"A good surprise We stayed 5 nights New-York Rockefeller center hotel.Very good location middle Manhattant, 10mn walk Central Park , 5mn MOMA Time square.The room large enough clean. We see cockroach !",0.2465773809523809,0.3973214285714286,Aug 9 2008
19,19,"Excellent location helpful staff!! We stayed Rockefeller 4 nights July got excellent deal four use stay studio type room - something like 660 pounds expedia turn down. Two people sleep sofa bed comfortable room spacious comfortable. The staff friendly advised us local attractions minutes away hotel. Timesquare literally around corner shortage delis breakfast lunch - affordable too!! We great time would definitely stay superb location, facilities staff.",0.41567460317460314,0.5902777777777778,Aug 5 2008
20,20,"Lovely stay Rockefeller Center Hotel My husband I went NYC early May 4 days 3 nights decided stay here. We lovely experience. The right heart Rockefeller Center easy walking access Broadway, Central Park, Carnegie Hall more. It convenient. The room, although small quite nice clean. Color scheme gray maroon bedding dark gray...very business like. There really lobby...just check-in desk chairs. On second floor front overlooking lobby small lounge chairs, newspapers computer access internet. We park car garage blocks away mind. Another nice thing excellent customer service young staff. Very helpful.",0.17935064935064934,0.46950216450216453,Jun 11 2008
21,21,"Convenient Boutique Spent 4 nights daughter Rockefeller Center. Really enjoyed stay small intimate 6-8 rooms floor. Check efficient given room 6th floor. Found room rather dark overlooking back view. Rang reception asked another room view - immediately given room 16th floor overlooking Radio City Music Hall. Great room modern facilities. Yes, rooms rather small compared Novotel (which normally stay in) really used sleep in! The location shopping better 1 block 5th Ave 10-15 minutes Times Sq, Central Park etc. Did problems lift/elevator key working properly number occasions, laughed - always someone help!There attractive restaurant 7th floor overlooking Rockefeller Plaza St Patrick's Cathedral, ate breakfast found quite expensive. Bonus free bottled water available every floor.On last day premiere 'Sex City' taking place Radio City Music Hall - pity leave could watched celebrities arrive bedroom window!We definitely stay again.",0.11209677419354837,0.5158602150537633,Jun 9 2008
22,22,Excellent Hotel perfectly located right heart Manhattan. Front desk provided excellent service suggestions tours etc. Hotel clean room adequate two even though booked single described 'petite'. Cost room $300 night apparently good price location. Would definitely use recommend anyone wants central.,0.44285714285714284,0.561111111111111,Mar 22 2008
23,23,"Great Location I took daughter New York 16th birthday stayed Rockefeller Plaza Hotel right heart Rockefeller Plaza. Great location easy walk Times Square, shopping 5th Ave., Broadway shows, etc. Cafe doors great coffee breads morning. This modern self service check-in quick easy. We booked cheapest room knowing would sleep. The room small closet. Would want stay one two nights. The furnishings modern. Air/heat worked great controls right next bed get adjust temp. No blanket bed two pillows. Requested received quickly. Free bottled water nice touch. Staff front desk helpful called car pick us go airport since St. Pat's Day parade street front shut getting cab going tricky. We trouble elevators. The best part location I would recommend anyone staying nights New York.",0.2658535086312864,0.5336406391961949,Mar 18 2008
24,24,"Not enough price I stayed location. For going rate, I expected lot more. It almost pseudo-hotel. There real lobby (real small), couple places sit two self check-in kiosks eject room keys. There couple concierge type people standing around unclear function. In regards room keys, work immediately. After failed first attempt accessing room, I informed takes minutes card keys work. The keys recoded (just case) encountered failed second attempt. With luggage still hand, I call maintenance, respond promptly, access room key. They informed separate set keys would coded delivered room. These keys never materialized, fortunately original (and recoded keys) started work 10 minutes later. The room, located 5th floor, small included bare minimum. The bathroom also small completely inadequate. The water pressure terrible. The toilet would properly flush kept getting clogged. I call maintenance correct problem. The bathroom stand-in shower curtain. This curtain good job maintaining water shower. As I previously mentioned, water pressure low, could take decent shower.This located next Rockefeller Center, Fifth Avenue close Central Park. If ONLY looking prime location, may suit needs (I would still suggest looking others). BUT cost, I expect hotel. Service prompt needed, I need frequently single night stay.",-0.002871572871572877,0.3866955266955267,Feb 11 2008
25,25,"Great location great price great service Booked Expedia. Good rate midtown Manhattan (booked 6 months prior; stayed Christmas New Years Eve) studio room; family 4. Small room, like others NYC, fine purposes. Room clean. Very helpful staff. Amazing location seeing Radio City Christmas show, 5th Ave shopping, museums, plays, etc. We found restaurants, go concierge recommendation one night (Azalea's - Italian food) overpriced authentic, compared smaller nicer ones found 5th Broadway. If need eat nearby, there's good bakery couple doors (toward Ave Americas) breakfast. Another eatery couple doors good pizza. Concierge arranged car EWR us; sharp black Lincoln less taxi (which took EWR hotel). Staff nice problems elevator, like I read couple reviews. I'd go back fam.",0.2757863397286474,0.5167017811248581,Jan 13 2008
26,26,"Great great location!!! Stayed Rockefeller Center Hotel 5 nights new year.Found clean, comfortable brilliant location! You could walk anywhere main attractions -5th Ave, Times Square, Empire State, Central Park etc etc. Being 1 block away 5th Avenue shopping girlfriend loved convenience able drop bags rather carry around day!Check easy. All swipe credit card machine everything us - need line fora check person!The rooms small - NY, vvere verycosy, modern clean. The bathroom clean moden shower cubicle bath.The lounge, bar dining area spacious, quiet lovely views Rockefeller Center. It 3 computers providing freeinternet access handy.The downsides lobby area small get crowded could 2 lifts!Be warned though car park!",0.31901515151515153,0.5749810606060606,Jan 11 2008
27,27,"Fab time Rockefeller Center Hotel We stayed Rockefeller Center Hotel busiest shopping week holiday season - 12/2 thru 12/7. We better location, literally steps away 5th Avenue shopping Rockefeller Center Tree.CHECK IN: Fast EfficientROOM: LARGE compared NY hotels. The little kitchenette great. Bed comfortable. Closet small, still lots room suitcases desk seating area. ELEVATOR: Slower hotels, manageable.MISC: Loved free water, staff friendly, asked better location.",0.19386160714285716,0.47678571428571426,Jan 7 2008
28,28,"Great Location great price Stayed 5 nights 2 friends shopping sightseeing trip. One room queen bed sofa bed (double), room size bigger expected photos looked small website. Room small kitchenette sink, fridge microwave plus coffee maker - great get doggy-bags home!. Hotel 5 star plush modern, clean good condition relatively quiet street (5th 51st). So great location opposite Rockerfeller Center Radio City Music Hall. At end street 5th Avenue shopping plenty taxis etc. Very safe area felt okay walking late night plenty restaurants bar within 5 mins walk. Also street least 3 deli's served great choice breakfasts also pizza, paninis lunch snacks. Drug store yards essentials. Overall could fault price paid. Would definately stay cleanliness, location good sleeps without much noise!!!",0.24829166666666666,0.42633333333333334,Jan 6 2008
29,29,"nice GREAT location yep, previous reviews correct... The rooms small side, bathroom exceptionally small. I really like fact sliding door bathroom meet flush wall, leaving open couple inches gap door wall. Our room clean, though meticulous means. The black furniture highlighted dust. The bed, however, heaven pillows exceptional.The day staff friendly helpful. The night staff, so. So, nice, great, location superb. So much want within walking distance. For better rate, I would stay again.",0.23472222222222222,0.5766666666666667,Jan 1 2008
30,30,"Right Price Right Location. Great Staff First off, arrived location early morning. Knowing check 3pm, able check early. Great Start!!They great breakfast thier &quot;Club&quot;. Price reasonable. The front desk staff great, helped make reservations restaurants also booked helicoptor tour wife.Only thing say wish changed elevators. Building 25 30 floors. Yet 2 elevators?I guess something changed now. But overall experience new york great along location made even special.Will definetly return reccommend! A +++",0.405174512987013,0.5583942099567099,Nov 21 2007
31,31,"Great location modern rooms reasonable value money A reasonable price modern, comfortable rooms great location right Rockefeller centre 5th avenue - great shopaholic like me!There's lobby really, pretty much lift room that's - really depends expect hotel. If want modern, clean, comfy room centre Manhattan fine, expect fancy room service anything like that!There couple pretty affordable places breakfast next worry breakfast included price - grab something $5 less cafes nearby.The room moderate size NYC, good thing well designed felt space. Good air con system. Modern furnishings nice flat screen TV. Decent hairdryer coffee maker provided, also vending machines drinks.",0.3247710622710623,0.5324633699633698,Nov 1 2007
32,32,"Great NYC Hotel My fiancee I stayed Rockefeller Center Hotel 2 nights July 2007. When researching hotels trip, requirements needed met: 1) reasonable rate (didn't want spend $300/night), 2) mid-town location, 3) reasonable overnight parking rates (yes, people still need park car NYC), 4) exercise facilities 5) internet accessThe Rockefeller Center Hotel met requirements. The clean, modern, efficient. The rate reasonable (our rate $245/night) . The rooms small, nothing usual NYC. Two years ago stayed Grand Hyatt NYC I would rate room quality Rockefeller Center Hotel roughly equivalent. The Grand Hyatt's rooms seemed bit larger giant, fancy lobby (but much time planning spending lobby NYC summer?)High speed internet access included additional fee. It decent exercise facility. A nice bonus free bottled water.If reason car need park overnight (this apply people), Rockefeller Center Hotel agreement garage couple blocks away $35 night. Many hotels considered closer $50/night.Rockefeller Center great place tourist. It fantastic able get morning walk 2 minutes watch live broadcast Today Show. When stayed there, appeared new -- long kept good shape, would definitely stay again.",0.1981102693602694,0.5357659932659932,Oct 20 2007
33,33,"Overpriced dissapointing Only positive location even downsides i.e. step outside crowds Times Square queue Radio City (entrance Hotel constantly almost blocked evening smokers basement night club - Johnny Utah). Lobby minute made worse staff know check properly - chance dealing one customer time. Not expecting anything small room made far worse poor ergonomic design large pillar middle room. View back pits. Lift unbelievably slow even 2 working, one went action could got city back time took get lobby. Dress code required visit restaurant terrace - someone delusions grandeur! Distinctly underwhelmed lack value money - ok middle city would expect much better price. Next time around would stay cheaper better quality outside Manhatten spend difference transport out.",0.03354284604284604,0.35274031524031524,Oct 19 2007
34,34,"Highly Recommended I confused reviews Trip Advisor truly superb. There couple VERY MINOR points I would like make. 1. The rooms tad small side - really problem. After need clean comfortable accomodation ! My parents stayed room 1706 probably smallest room I stayed 1704 little bigger, clean pefectly big enough needs.2. The two lifts often busy peak times. At one point stay 2nd lift broke wait 10 mins ride. Having said lift fixed within 24hrs.And ends criticism, I said VERY MINOR. On plus side following going it.........1 Staff friendly helpful. You get discount 'Top Rock' viewing platform reception - recommended night - amazing atmosphere.2 Check In / Out extremely easy could done without member staff present.3 Rooms beautifully clean serviced high standard every day. Hotel built 2006 see modern fresh design.4 All rooms FREE wireless wired internet access.5 All rooms flat screen TV, cordless phone, Tea / Coffee facilities.6 The bed comfortable one home pillows business.7 Shower always hot powerful, need long day strolling round Manhattan.8 There gym restaurant on-site I cannot comment either busy use them.9 The location good, midway Central Park Times Square 5th Ave.10 My wife I stayed two hotels New York far best - return without hesitation.Overall I would score 95 / 100 price-point. Other people seem agree - FULLY BOOKED stay (10 - 16th Oct 2007).Some Other Tips:1 The quite expensive booked website - try one popular travel websites discounted rates / free nights. 2 If book popular travel website begining 'E' ending 'xpedia' forget transfers. They lead believe getting private transfers. What actually get 'Super Shuttle' (Blue Mini-van) share 9 passengers. The driver make multiple stops often go back airport even though way hotel. They also massively overpriced. You get NYC Taxi (Yellow cab) JFK Manhattan flat fee $45.",0.16597629521016619,0.4937829912023461,Oct 18 2007
35,35,"Great Location Shame staff This first time New York, went group 4 - 2 celebrating 30th birthdays, also engagement! I initially emailed asked room good view city (someone Tripadvisor advised this) - thinking might get one street side..... didnt happen. We asked staff tourist info werent particularly helpful.The rooms clean tidy enough needed for..... would stay simply location excellent - anyone doesnt know way around... central place ever!! 5th Avenue round corner, rockefeller centre music hall road.. times square 10 minute walk - GREAT.If looking nice place stay fairly priced excellent location - one you. UK think 1-2 steps travellodge wont disappointed.",0.31072567783094096,0.5646502620186831,Oct 8 2007
36,36,"Tiny Space The location good. Our room supposed 3 people queen bed. They brought rollaway 3rd person took remaining space room. Advertised VIP tickets MOMA asked told museum free day (Friday). Free 4 PM, 10 AM going there. Staff helpful all. This odd little hotel.",0.16947916666666665,0.57875,Sep 25 2007
37,37,"This gem This gem. We read good reviews line called directly. Because Labor Day weekend U.S. Open, location overlooking Rockefeller Center (near great shopping near Broadway theatres), pleasantly surprised find able get 2 rooms unbelieveably reasonable rate. Upon arrival, rooms ready early, asked change one room [because hotel's HVAC system ledge below), could accommodating nice. The closets floors extra towels, soaps, coffee/tea, etc., computers internet access printers free. The 7th floor wonderful deck overlooking skating rink, St. Patrick's spires background, dine, glass wine, enjoy visiting friends evening. The rooms clean new beds comfortable. The lobby kiosks check out, always bowl apples coffee table sitting area lobby. We used parking car couple blocks away, bother us all. Also, loved fact entrance discreet. It boutique-hotel feel it. Finally, got home, realized left cell phone chargers room. We called late Sunday night gentlemen answered phone went right room retrieve chargers mailed us next day. Our hesitation recommending lovely many people use able get reservations next trip NYC!",0.2760225632952906,0.5527351436442346,Sep 11 2007
38,38,"Awful Experience Booked studio-efficiency three checked told Travelocity overbooked hotel. They put us tiny room queen size bed cot, promise would move luggage correct room morning. I gave benefit doubt. I stated would leaving early morning returning 11 p.m. assured things would taken care. When came back 11pm get new room keys - told even though order put move room done. But would give us two rooms separate floors - I traveling 2 teenagers - ages 13 15 intention putting another room. They explained nothing else could done. I asked find us similar room nearby - 45 minutes. The night manager extremely helpful apologetic. We moved hotels around midnight. The great location - staff helpful reliable. The room ok..",0.04570707070707071,0.5616161616161617,Sep 10 2007
39,39,"Hmmmmmm...... Hotel wonderfully located tourists, across street Rockefeller Center close subways. If saving money primary objective, means stay here...you far worse! However,there couple issues aware of: 1.) surly staff check in; 2.) two elevators, nearly enough 40 story building; 3.) housekeeping problems--in room crumbs chair floor [from another guest's snack, I suppose]; area around microwave extremely dusty obvious refrigerator microwave came room really cleaned while; outlet bathroom work; bedspread needed good cleaning.That said, there's nice, quiet bar guests that's 7th floor.",0.140625,0.5802083333333334,Jul 31 2007
40,40,"Perfect Location My girlfriend I stary Rockefeller Center Hotel 4 nights July 26-29. The lobby non-existant. A small counter, couple chairs coffee table, nice big crowded lobby. We actually felt like ones time. No noisy kids running hall traffic streets. No view room though (409). Check fast easy. The room small, nice. The complaint water taking shower runs almost bathroom. The floor one level seperation floor slanted toward drain much. Not much drawer space. Half block Rockefller Center, 3 blocks times square, 8 blocks Central Park. Close subways tons resturants. Good around hotel.",0.15133333333333332,0.4904999999999998,Jul 31 2007
41,41,"clean efficient quiet central smallish rooms expensive Booked via expedia, somewhat cheaper rack rate. Hotels NYC taking new price heights every year, nearly 150 pounds (~300USD) night sound awful decent hotel. The indeed central, opposite RC itself, short walk many sites. Lobby virtually non-existent, tiny clean space desk 2 self service checkin/checkout machines. I never experienced queue 1 person served there, good NY standards. No obvious services like cafe/bar etc visible, apparently restaurant, snack machine gym somewhere higher floor. Rooms smaller side American standards, OK NY (seen worse). Mine clean tidy. Importantly jet-lagged traveller, courtyard rooms, although offering spectacular view, quiet office block opposite good double glazing letting much noise - much crazier NYC facing street.Nothing complain really, everything went smoothly. It clearly best life, I've seen much better hotels much lower prices - NYC. Appears safe bet want clean, efficient quiet pace stay Manhattan, mind price.",0.1688567493112948,0.4719214876033057,Jul 2 2007
42,42,"Location Location Location If looking clean, modern heart Manhattan perfect choice. It within easy walking The Rockefeller Center, Central Park, Time Square, Grand Central Station, Tiffany's, Bloomingdales Broadway. The Empire State Building short taxi ride away ($10) Greenwich, Soho, Little Italy Ground Zero $20 taxi drive away.This 'Grand' New York looking comfortable, clean room get rest cannot go wrong!All staff met helpful provided professional service - complaints ever!! If never New York ideal!",0.23100799663299665,0.5968013468013468,Jun 1 2007
43,43,"fantastic location This first trip New york I really think could picked better hotel. The location amazing, fifth Ave, everything nearby. As well central requested high floor, recieved. Our view fantastic plus side quiet traffic noise never affected us. Due bed, quilt pillows I best sleep years! This modern perfect stay anybody visiting city wether tourist business. I would recommend thishotel anyone visiting city.",0.29438311688311686,0.5204437229437229,May 1 2007
44,44,"Great location We stayed April 17th 18. Arrived early 17th, probably around noon. We able quickly check room ready.The lobby (if even call that) small, kiosks, check went fast smooth. The room small, expecting small room NY. The free internet plusOur room clean bed comfortable. Bathroom also tiny, one person time, fine.Also would nice couple bathrobes.If stay here, try get room way elevators. We stayed 408, right beside elevator heard dinging talking night long. Also, 408 view window, kind disappointing first trip NY.All all, We enjoyed stay (after all, used room sleeping, New York!!)Check also smooth. Our flight 3:45, able leave bags return later. Got cab right outside door",0.22587662337662337,0.5642041292041293,Apr 21 2007
45,45,"Great location nice room reasonably priced. My mother I really enjoyed visit Rockefeller Center Hotel. We stayed three nights visiting New York City attending two shows Broadway. The room clean, comfortable large location. Wireless internet access came immediately. The office space excellent, variety outlets connections computer, real office chair. The microwave, coffee maker fridge came handy. In addition, offers free filtered water bottles carry you. There also closets extra towels, coffee, etc... available. The self-service check-in neat. The staff friendly helpful. They charge extra late check-out, held bags free. We highly recommend hotel.",0.312610286538858,0.558243661100804,Apr 20 2007
46,46,"Great Location nothing fancy Hotel central, there's number places eat nearby well pharmacy essentials bought. However, expect much money - paid USD260 per night got shoe box ! There safe, bathrobe, wardrobe - open hanging space. However, bed ok, bathroom clean (although big enough one person time!), hairdryer.I think paid USD200 night, would thought great hotel, is, probably would paid bit get nicer place NYC 9th anniversary! I would recomend business people (free internet w laptop connection room) intend see lots shows (v close theatres etc), spend much time room.",0.2636904761904762,0.5232142857142856,Apr 18 2007
47,47,"Good We came back New York I say loved hotel. Room clean. Room especially bed BIG!Only bad thing view, poorly (back yard).Satff friendly helpfull. The location absolutely best thing.",0.26254820936639117,0.5573829201101929,Apr 10 2007
48,48,"Fantastic! We stayed two nights three days Rockefeller Center Hotel. Our family (two adults five year old eight month old) days sightseeing fun beginning spring break. Upon arriving New York earlier expected, called see possibility early check in. The attendant helpful said would room ready within hour. Twenty minutes later room ready unpacked car convenient parking space right front. The room (907)was smallish, bigger I expected. It well designed see, even room monstrous crib brought up! The front desk always helpful never wait request filled. The room clean bed comfortable. Although, I find several water balloons bed???!!!???!!! I idea about, perhaps clean beds little better! Some positives, complimentary water bottles hallway, prompt service, excellent location, speedy check in/out excellent high speed internet. If I give negatives would sometimes elevator key reader work well- frustrated people 18th floor found out! You hear phones ringing next room- I hear TV's voices. They taken away ability hookup computer TV screen, ability play DVD's. But honestly, none would deter recommending highly.All all, FABULOUS stay-- location EVERYTHING I would highly recommend would absolutely go back!! Good luck!",0.19771567321567324,0.47928871128871137,Apr 8 2007
49,49,"Great Location I pleased find previous reviews pretty much accurate. The small somewhat crowded lobby, lack ironing board iron room, need room key swipe use elevator fully prepared experience. These wre mere observations small details came nice clean date rooms unbelieveable convenience best location imaginable NYC. I always happy see internet access included too. Kudos tech! I would absolutely stay again. I booked two night stay Hotels.com payed 220 per night. What great deal nice room. The price value ratio perfect city visit. This place pefect tourists business travelers. Only criticism shower setup. The baths built &quot;cruiseship style&quot; entire bathroom floor shower stall. floors pitched drain resulting cold puddle water (in spite pile towels used dam) poor maid came mopped day. This addressed ASAP I sure costly repair order correct it. In meantime needs provide foam type squeegees room use. Not deal breaker however. I give thumbs up!",0.2519565217391304,0.7440821256038648,Mar 16 2007
50,50,"Great location!! Loved hotel! Great service! I bit hesitant booking since much reviews happened look (which back november) But arrived pleasantly surprised nice little location. First say staff although young attentive needs knowledgeble neighborhood surronding area. Many shopping hours spent wondering around faboulous city.The rooms would expect new york city hotel. Very comfortable. Great bedding clean. I would say got steal room compared surronding area. (i payed little 250 larger normal room) Overall say defitnatly recommended family, say impressed.= )",0.3397095959595961,0.5957449494949495,Mar 9 2007
51,51,"Great rooms awful customer service I chose great reviews affordable price four star hotel. I left wondering ever achieved four star rating. I initially disappointed underwhelming lobby, measures bigger 25 100 feet, lack size proved problem everybody checking Sunday litterally squeeze around exit/enter. There irons rooms, times I requested one took well 30 minutes delivered. When I requested extra pillows (my wife I given two bed) got around midnight first night, I waited 30 minutes I call remind I requested pillows.I say decor rooms fantastic. A flat panel TV, wonderful furniture, incredibly comfortable bed make 'room' experience stay excellent. The complaint room hot water pressure low, like high pressure shower, prepare chilly.Overall, I very, disappointed hotel. As traveling technical support representitive Fortune 500 computer company, I've stayed numerous hotels, even affordable value customer service everything else. That simply case Rockefeller Center Hotel. I never felt special important, maybe age (23) maybe attire (When I dressed business atire I treated much differently I dressed casual clothes). In actuality probably combination age, attire, young staff seemed scrambling times, especially hectic checkout scene I described above. One word sum up? Underwhelming.",0.08006493506493507,0.5888961038961038,Feb 11 2007
52,52,"Perfect Location Great Service Just returned NYC loved hotel. Location ideal sightseeing. Perfect walking distance major sights/shopping well several subway routes. We glad stayed versus closer Times Square.Staff great, helpful, even left card candy outside door Christmas day. Hotel clean. Rooms small NYC, bathroom actually bigger expected. Wifi accessed room via personal laptop free fast.We allowed check early since room ready. The secure luggage storage utilized many guests.Safe area women single travelers.",0.34030952380952384,0.5345714285714286,Dec 29 2006
53,53,"Location great along everything else Great hotel. Location speaks itself. Thel lobby small. Two chairs podium front desk. Check-in quick. (Self check-in, zip, zip.) Rooms nice size clean. There mini refrigerator room. Vending 2nd floor cans coke $1. There complimentary bottled water floor. I eat breakfast restaurant beautiful view food looked tasty. There nice workout room opened 24/7. I stayed Westin(Times Square) Hilton(Rockefeller Center) last couple years I prefer hands down.",0.3128174603174603,0.5489682539682539,Dec 26 2006
54,54,Location! Location! Location!,0.0,0.0,Dec 24 2006
55,55,Fantastic location,0.4,0.9,Dec 12 2006
56,56,Great New Hotel,0.4681818181818182,0.6022727272727273,Nov 22 2006
57,57,Might questionable.,-0.5,1.0,Nov 15 2006
58,58,Location location location,0.0,0.0,Nov 5 2006
59,59,Would Definitely Recommend This Hotel!,0.0,0.5,Oct 20 2006
60,60,Great stay great location!,0.9,0.75,Oct 11 2006
61,61,newfresha little different,-0.09375,0.55,Oct 6 2006
62,62,A Great Stay,0.8,0.75,Sep 20 2006
63,63,A little gem!,-0.234375,0.5,Jul 10 2006
64,64,Un albergo centralissimo,0.0,0.0,Oct 8 2009
65,65,Un perfecto en relaciÃ³n calidad precio,0.0,0.0,Mar 5 2009
66,66,Lage genial,0.0,0.0,Sep 27 2008
67,67,Muy buena ubicacion muy buen servicio,0.0,0.0,Sep 4 2008
68,68,molto comodo e decoroso,0.0,0.0,Aug 20 2008
69,69,Da consigliare,0.0,0.0,Aug 19 2008
70,70,TrsÃ¨ bon choix !,0.0,0.0,Jul 10 2008
71,71,Ottimo albergo,0.0,0.0,Dec 31 2007
72,72,bon rapport qualitÃ© prix,0.0,0.0,Sep 1 2007
73,73,Consiglio il rockefeller central,0.0,0.25,Mar 21 2007
