,Unnamed: 0,Reviews,polarity,subject,Dates_extracted
0,0,"Went Spa I went spa discounted service promoting winter spa/salon extremely busy. They change tiny men's locker/shower/bathroom come public wearing robe. They sit public &quot;relaxation&quot; room I ended sitting next 2 strangers wearing robes too! I felt embarrassed uncomfortable. So I got picked therapist, salon clients walking salon looking wear robe. I felt even embarrassed, mention rude front many woman! I like way setup, massage I great. Their massage therapist Lilly fanominal. Except prices services there. They somewhere around $175 60min massage. I little icky that. But overall spa little uncomfortable disturbing, service received great!",0.03235294117647059,0.49607843137254903,Nov 18 2009
1,1,"Classic Hotel The Carlyle really like New York institution Upper East Side. Judy Collins playing bar stay, Woody Allen's Jazz band plays Monday nights really full old school New York history.From elevator attendants impeccable service, thoroughly enjoyed stay.Granted, older hotel, imperfections starting show. Our room bit outdated still nice. The bathroom fabulous, including Kiehls products, me, bonus, compared hotels I've stayed Manhattan, far largest room i've ever stayed in.For touch class New York experience, Carlyle great option.",0.23144338118022328,0.4906299840510367,Oct 13 2009
2,2,"Retro New York Experience The Carlyle indeed throw back another era. That said everybody, value personalized service unique classy atmosphere you.The Carlyle also residential building rooms right next residential apartments. For example, complaint I next room residential apartment tenant small dog barked several times night. Enough wake one though. Also pooch barked incessantly 10 minutes 6am one would expect experience here.The room dated vey comfortable. You definitely feeling private residence. It large throw rug hardwood floors. Some moldings beat grate a/c unit falling off. If live kind things OK. Do expect Four Seasons Mandarin Oriental experience rooms. The bathroom marble full mirrors, also bit dated clean fresh orchids bud vase. Also toiletries Kiehl's products. That said service good. The staff respectful unobtusive without slightest bit attitude. The lobby gorgeous art deco throwback another era black marble floors sparkle. Everything seemed fresh clean. The restaurant quite formal require jackets dinner gorgeous room fresh flowers everywhere. There casual rooms dine well adjacent restaurant. The bar also nice. And supper club Cafe Carlyle looked nice. The restaurants bars seem come straight 40s. Think &quot;Stork Club&quot; ambiance. Like I said everyone enjoy atmosphere love place.",0.25928872053872054,0.5859397546897547,Sep 13 2009
3,3,"Will choose Carlyle next stay NYC. My husband I travel around world stayed elegant exquisite hotels. We read Carlyle Conde Naste Magazine (fairly reliable source). We arrived around 8:00 p.m. expected briefed amenitiesâ (Spa, fitness center, restaurant, complimentary house car, etc.,). We checked left explore own. We call front desk ask time breakfast served, located, fitness room etc.,. Very poor delivery beginning. We checked room 4 hours check find maid still servicing room. Our room lovely view city, outdated paint ceiling bathroom peeling. The daily breakfast buffet adequate offered variety items. The redeeming quality concierge able get us restaurants (Gramercy Tavern, Babbo, Blue Hill)that wanted eat (we schedule 2 months advance ). Bottom line: nothing special lacked service quality accustomed to. Next time I pay stay Four Seasons.",0.21804002760524496,0.4992167011732229,Sep 12 2009
4,4,"The classy Carlyle The brilliant location, gorgeous views park. We lovely room spacious, comfortable, good facilities. The staff friendly helpful. The drinks good, favorite 5 o&quot;clock tea. I think best New york!!! The clean &amp; tidy.Carlyle takes prize classiest town.We really enjoyed stay!",0.5486924533799533,0.7080419580419578,Sep 3 2009
5,5,"Stayed wedding party best ever! My fiancee I stayed recent wedding New York. We upgraded two-bedroom, three-bathroom suite massive living room balcony overlooks Madison Avenue. The suite perfection every detail -- Steinway grand piano, fireplace, down-filled sofas, flatscreen TVs every room, etc. The walls must thick there, suite silent serene.The staff, Guest Experience Manager bellhops, went beyond make stay memorable I (and I've stayed good number 5-star hotels around world). We greeted personal notes manager. They sent bottles champagne us wedding party. The night wedding, found pillowcases embroidered wife's *new* initials!I also add sharing French President Sarkozy, wife Carla Bruni, Sir Paul McCartney, among others. I special moment I ended hotel's small gym, alone except President Sarkozy, wife trainer! Talk star sighting.I can't imaging experience could better. It old-school, classy - classic - luxury Manhattan lives reputation one best.",0.2124057129738948,0.4522710874983602,Jul 26 2009
6,6,"Beautiful Hotel We stayed Carlyle wedding night. It amazing. We looked numerous hotels city, I've stayed many luxury hotels, one took cake. I loved old New York feel; lobby beautiful, room gorgeous (I booked superior room, upgraded us superior suite without us even ask I told wedding), dark hard wood floors light plush furniture, comfortable HUGE NY standards tons closets, 2 marble bathrooms, kitchen, living room large bedroom incredibly comfortable bed (and I picky beds). My girls I ordered lunch getting ready delivered quickly good. The concierge bell hops attentive service fast polite, despite fact President France, Nicolas Sarkozy, also staying hotel, I thought might cause pay less attention us. Quite contrary, fabulous nice. We ate breakfast Gallery (Eggs Benedict) super romantic also one best hollandais sauces I've had. Thank much making wedding day, night next morning special! We happier.",0.3757483930211203,0.636003541912633,Jul 18 2009
7,7,"As classy gets This may biggest rooms hi-tech amenities, Carlyle takes prize classiest town. Impeccable concierges, white-gloved elevator operators, marble lobby fresh roses, jazz shows famed CafÃ© Carlyle, Kiehls toiletries... I dunno... I begin? I love Carlyle, even though room time small noview...",0.3166666666666667,0.6083333333333333,Jul 3 2009
8,8,"Lovely We stayed three nights superior apartment.The room large plenty storage space. We facing courtyard particularily mind, meant quiet room, I thought! The noise air conditioner unit loud.The apartment fresh flowers in, toiletries kiehl's, towels fluffy, wonderful stay.One thing really spoil last day, morning maid knocked door, without actually blatantly asking tip, bad as, kept asking room standard, course was, nevertheless expect maid knock door blatantly ask tip. The train staff bit better!In 21st century USA I expect provide complimentary wifi, dissapointed not. I remember price connecting, expensive.Room service ridiculous price, almost $25 pot coffee, mini bar prices unbelievable, small bottle water around $9 (you get large bottle exactly brand $2 local shops!)The Carlyle understated elegance, definitly worth stay.",0.06289682539682542,0.4365575396825397,Jun 15 2009
9,9,"Do book 6pm! Arrived 8:30pm, booked Expedia unfortunately arrived day full ended spending first night last room available tiny - booked deluxe room - 50m2 brochure ended 12' x 12' nightmare room. Bing Expedia client bottom barrel. We upgraded premier room next day another three nights afraid damage done visiting The Carlyle number times I cannot face another experience like one I had. I missed whole morning lunchtime changing rooms rather waiting change rooms. Stupid front desk staff tried tell lovely view room size closet - infact sit see nothing. Make sure ring ahead ask lower floor rooms much larger rooms Madison Ave.",0.04962962962962965,0.5651851851851852,May 27 2009
10,10,"Can't Beat The Carlyle! This without doubt one best places stay New York sure Upper East Side. The looks large outside feels intimate inside. From moment walk lobby 76th Street, transformed world &quot;old money' elegance. The lobby staff right bit welcoming. The concierge extremely helpful securing restaurant reservations theatre tickets. The Carlyle Restaurant next location whether want breakfast, lunch dinner, perfection get plate. The setting die for! Then, Gallery perfect place take afternoon tea. It showy like Plaza's Palm Court Pierre's Rotunda. The Benelman's Bar intimate perfect place drink night theatre nice dinner. Now room part, always stay various suites. They tastefully decorated spacious. The new Sense spa great massage well. The Carlyle prime example typical New York luxury hotel. When stay feels like live there. Within walking distance Polo Ralph Lauren, Met, many incredible Madison Avenue boutiques.",0.3212516469038208,0.5639917811656943,May 24 2009
11,11,"Incredible staff dated decor The staff Carlyle good staff world. The location amazing -- steps Central Park one expensive neighborhoods NYC. We fresh flowers, linens, lovely toiletries, delicious food. It's special treat. But rooms showing age, traditional decor (think wealthy grandmother's house.) At price level, I expect date furnishings, spacious bathroom. While bathrooms renovated, small I've hotels costing one-third much. The would need renovation I could give five stars.",0.3433673469387755,0.6604591836734693,May 21 2009
12,12,"Quiet elegant--stuffy snobby We checked Carlyle noting special rates Rosewood Hotels offering several hotels. Check quick escorted &quot;upgraded&quot; superior room courtyard view. Decent sized room closets tiny bathroom nice Kiehl's amenities. Comfy bed pillows made stay pleasant. The lovely bar restaurant I see would nice place someone stay wants discreet city. The location quiet ....near Met Whitney mostly small, upscale shops along Madison. On downside, time Carlyle update rooms retire elevator operator. It felt stodgy old could use refurbishment...it felt snobby stuffy. I think I'll back...certainly economic times.",0.2650297619047619,0.5263392857142856,Apr 17 2009
13,13,"thank Carlyle checking bags Met Museum After Metropolitan Museum let us check suitcases (they said bigt) &amp; turned us away, Carlyle several blocks away let us instead.",0.0,0.0,Mar 23 2009
14,14,"Old Dame needs re-do We chose stay Carlyle based heard, beautiful old! This would great 10-20 years ago think today. First off, location mediocre. The thing interest within walking distance head Ralph Lauren Met Museum. Secondly, service ok. The concierge helpful polite front desk snooty housekeeping totally useless. The room, two bedroom suite, high floor could see Park old smaller side. The dining room beautiful dinner rather bad value. Expensive restaurants La Grenouille much better dinners. The Gallery nice afternoon tea, certainly better Plaza's Palm Court best still St Regis' Astor Court! Would go back major renno!",0.17272500000000002,0.513,Mar 18 2009
15,15,"Unprofessional new manager rude head housekeeping I stayed finest hotels world including Peninsala Shangri-la Hong Kong well Savoy London Hotel Crillon Paris. The new manager Carlyle, Georg Unseld, unprofessional, head housekeeping, Leigh Gansburg, epitome rudeness. Both employees misled outright lied me. They zero integrity, long employed Carlyle, I never step foot again.",-0.01931818181818182,0.4772727272727273,Feb 20 2009
16,16,"A New York City I always wanted stay Carlyle, home Cafe Carlyle, one favorite secrets New York, home many interesting international visitors. This past summer, fluke internet took French hotels.com website I able book room Carlyle fantastic price!!! (A price seen after..) Pure heaven. Huge room, comfortable, well-appointed. Kiehl products bath. Across street Zitomer's, Cafe Carlyle downstairs meeting friends. What wonderful trip New York Carlyle!",0.34058116883116885,0.5692424242424244,Jan 7 2009
17,17,"Decent Hotel Stayed US Open; I lucky get player rate (~$300), otherwise, I paid full price ($800) review may upbeat. The Carlyle cute section town, many high end boutiques within walking distance (Vera Wang, Marc Jacobs, etc...). The room nice, great shower, large tub, polite staff. My group laugh itty bitty elevators, fact attendant four separate shafts. &quot;So THIS $$ rooms going!&quot;I spend much time itself, fun rub shoulders ATP WTA players lobby passing. On side note, wallet, camera, cell phone stolen one night I @ club. I returned Carlyle around 4am, staff kind me. The desk attendant walked &quot;business center&quot; I could access internet, security officer visit well.",0.36151785714285717,0.5667857142857143,Sep 9 2008
18,18,"Mediocre/Bad... Disappointing I would go back here. Very stuffy staff need fired lack caring. The room (Deluxe One Bedroom Suite) spacious ancient terms amenities furniture. The Dining Room beautiful dinner though, dinner staff top notch. The bar old nice. It ok location (77th Madison) next time I would rather try Mark (up one block across street).",0.29545454545454547,0.509090909090909,Aug 25 2008
19,19,"Fantastic snobby. I stayed Carlyle 21st birthday last year, extremely beautiful, old NYC place stay. Now, I've NYC 4 times occasion I ever expected huge rooms. The people expect big rooms go big prices high expectations NYC, unless staying The Plaza rent apartment. That's way city.However, arrival, (my partner I time checking in) told required credit card - 'standard practice,' thought...No.We subsequently informed paid. I told politely that, yes infact bill covered way beforehand birthday wanted hassle room. Whilst faffed around behind desk, retreated seating area embarrassed taken bar finaly over-compensating manager told barman 'look us' said first round drinks would complimetary. No luck, bill went check stay.Anyway, sorted turned put lovely birthday suprise/cake/amenities room father's request something nice have. However, I NOT pleased reason check revealed 'hadn't paid.' Their excuse accounts dept. transferred information actually paid. Thanks. Absolutely ridiculous consider 5* hotel.So, among strangeness REALLY loud minibar turn every night, food got taken room brown bag see clearly NOT trash, complained this, given lots things minibar free appeared bill refused pay for. How hard leave note statement?But stay infact really nice apart things! The room bed extremely comfy. View good too.Anyway, beware seemingly variable service.",0.10911764705882356,0.49161764705882355,Aug 8 2008
20,20,"Perfection We returned weekend Carlyle. I understand negative reviews. This splendid categories. The service perfectly polished detailed, best ever received hotel. All facilities exceptionally clean. We got engaged weekend. When I made reservation Rosewoodâs toll free reservations system, asked special occasion trip. I mentioned I going get engaged stay. The reservations agent replied nice. There discussion I make special requests. Upon check in, clerk (Michaela) pleasingly welcomed us name, stated expecting arrival announced nice upgrade us one tower rooms spectacular view. We taken elevators one elevator attendants, accompanied bellman opened door spacious corner room view southerly view Madison Avenue one side entire span Central Park side. There chilled bottle complimentary champagne, complete rose petals, handwritten note manager, luscious chocolate covered strawberries, hutch. This beginning wonderful stay detail overlooked. Every time left room moved public spaces, greeted staff member graciously asking whether enjoying stay whether anything could us.The concierge made number excellent recommendations. After returned disappointing evening Rainbow Grill, concierge, Javier I believe, welcomed us back escorted us bar made sure comfortable seat. He congratulated us engagement immediately sent us two complimentary glasses champagne. We told Javier engagement yet, (and staff members encountered) aware it. Remember, brief exchange I reservations agent Rosewood. I took advantage fitness center temporary room renovate expand spa fitness center, complete September. Even temporary arrangement satisfactory. Three new Cybex treadmills attached TVâs Stairmasters dumbbells. I suspect new facility outstanding. The fitness center attendant ready address need may arise workout. Finally, requested tour rooms. Kelly Guest Services took us 15 minute tour rooms. All rooms tastefully gracefully appointed unique layouts. Kelly informative, pleasant welcoming. Like staff, made us want stay Rosewood properties wherever go! Regrettably, take meals dining room. It beautiful Iâve doubt service perfect. Next trip weâll sure try it.All told, fabulous stay historically-significant hotel. Unlike hotels Upper West Side Plaza, Waldorf St. Regis, touristy feel",0.26178553085332745,0.566888008413432,Jul 14 2008
21,21,"Charming little outdated Every city sold night even Carlyle contacted directly. I found rate 795+taxes expedia booked superior room. The first impression little weird outside sunder contruction. You could tell nice place though view Mercedes S550's Maybach's outside. Once I walked in, beautiful lobby. The staff front nice be. Honestly, amazingly friendly glad us. The room definetly best verrrrrry OLD looking inside could tell classy place definetly needed remodernizing. The room size bad however bathroom beyond cramped water spilled everywhere shower. The side closet kind weird decorated ugly standard safe top luggage rack. The toiletries great, Kiehl's. The lines Frette towels awesome Paris store downstairs. Overall, I tell tremendous potential needs good pick up. They still keep old New York feel, add modern luxuries 5 star hotels amongst New York City have.",0.2587121212121211,0.6280901116427432,Jun 23 2008
22,22,"Traditional. The best. For us, Carlyle still best NY, many cities.It traditional hotel, always tried keep hotel's roots, even means youâll staying modern, non-personal, 500 room hotel.This stay enjoying first quality service given staff. They committed give best time. Itâs remembering best hotels Europe small traveling parents.The rooms small staying regular rooms, weâve stayed beautiful room well, feel guest someone's home.I love handled situation air conditioner room wasnât cooling much (very hot summer). They changed rooms immediately send us bottle wine, followed bottle champagne, note ensure happy room. The next day phone call followed Ms. Hanus, assuring enjoying stay.So known travelers enjoy appreciate details traditional sophisticated hotel. We happy hope come back soon!",0.41300000000000003,0.5394102564102564,Jun 20 2008
23,23,"Mixed Feelings We members American Express Platinum Travel. We got rate $467 superior room breakfast. Usually room $800 night took deal. Checking nice around 10 pm. The clerk helpful friendly. When celebrity checked behind us thought made right choice. also note many famous stars residences sit lobby guaranteed see someone. Our feelings changed went rooms. They diminutive doable. However non-smoking floor smelled like cigarettes. They gave us air purifier still smelled smoke entire time. Then wife stepped tooth pick hour stay blood gushing foot, sent ambulance room. They seemed care later left. If room cleaning service would five star, would happened. They also wanted charges us breakfast even though plan included it. So small talk, took bill. The concierge know much gave us consistently wrong information. The door man pleasant. The breakfast tasty pleasant well. Maybe problem priests cardinals pope staying time. I really know. When pay five star prices get five star service.",0.20033549783549784,0.5145021645021646,Apr 23 2008
24,24,"Grande Dame far fallen Well, Carlyle spends lot time telling exclusive showing pictures famous people stayed there. Obviously another time hotels became luxury properties standards went up. When checked I asked rollaways put living room suite two children. They assured would done right away. We went dinner I stopped front desk made request again, asked done time returned dinner. When returned still there, I made request third time. Finally I call fourth time -- four hours original request - basically tell I would get better service holiday inn responded. They said got wrong room, filled room wine, 3 dozen roses, fruit, free passes madeline tea. We decided take offer 'free tea' -- easily worst food atmosphere (with exception beautiful drawings walls artist illustrated madeline books) tea nyc. I would thought would tried hard make work! They took forever wait us, brought us wrong items. Then apologized bringing us wrong food, said would fix it. We left 10 minutes later, still served correctly. The 'tea' I ordered inedible. The bed uncomfortable I stayed many years, couch living room looked like sent goodwill. When originally checked kept telling us upgraded suite one Steinway grand piano -- needless say need 5 7 year old. The management bent backwards give us wonderful stay, way past prime, cannot compete newer hotels new york. They great making big promises, bad execution. For prices charging, I would expected more. And I got less I stayed Courtyard Marriott JFK next leg journey. Sad, true -- better linens better bed...",0.10533717274788704,0.6106807874665018,Apr 14 2008
25,25,"Trendy -- quite magnificent I recently competition three night stay Carlyle April. It based Madison avenue - perfect location plenty Taxi service nearby, central park literally minutes walk away subway two blocks Lexington ave (a metro system learn quickly!)Ideal people alot cash fashion boutiques around corner cash strapped may walk downtown!Excellent view 12th floor room tops buildings city scene below. 'Nice room' I stayed (room 1206) nothing wrong slightest - however, I sure whether I room therefore might given us basic available - I would pay c.$700 night it. Was nice though - kingsize bed chic bathroom surround mirrors!The staff friendly enough - I suggest boils indevidual characterists - i.e. porters would friendly chat &quot;elevator&quot; others would merely mumble &quot;hello&quot; -- better kick teeth! Ooh, fooled, five star expect swimming pool jacuzzi -- anything like that. It's essential anyway, worry assuming would swimming pool pack swim wear!",0.23187830687830688,0.5763227513227515,Apr 10 2008
26,26,"Oasis calm big apple This fantastic consistently amazing service every member staff. I stayed twice thoroughly enjoyed stay felt truly pampered, The style traditional rooms well equipped.The location upper east 1` block Central Park away touristic hustle bustle midtown.Highly Reccomended special treats!",0.24464285714285722,0.522142857142857,Feb 26 2008
27,27,"The jury's still out... We stayed two nights celebrating Valentine's day birthday.The beautiful, old New York. The staff great, restaurant bar lovely service top notch. The food Ok, ambiance service kinda make it.Stayed one bedroom suite. The decor classy, old antique style, I say areas looks outdated. The bathroom definitely could use updating too.However, linens wonderful.This one times I visited quite sure I feel it. I love I mind either. I guess I higher expectations, mostly due Carlyle reputation.But overall, bad stay.",0.24118686868686867,0.5499130190796857,Feb 22 2008
28,28,"Superb service subtle elegance I spent four nights 1 bedroom suite. I first booked Superior Room, upon arrival found small needs, I upgraded right away, gracious assistance management. The suite quietly luxurious, comfortable bed, lovely linens, etc. It quiet hard believe I nyc. The service entire stay truly superb, front desk housekeeper. They discrete, warm, competent. I find increasingly rare hotels joy find here. I also disagree earlier reviewer, complained manned elevators - I like them, extra service, security. Only complaint cost small things - I spent hundred dollars bottled water I realized price. A simple breakfast ran around $50. The also lacks spa, planning. They sent outside person room pedicure - fair, $150. Ouch. But things detract overall experience - life always go smoothly guest Carlyle.",0.1800230414746544,0.49439324116743466,Feb 9 2008
29,29,"v.poor value small tired overpriced rooms Reasonably high expectations v.dissapointed. $700 + $100 taxes night small Room view dark rip-off. It clean old wardrobes bedroom furniture. Very small cramped bathroom keihls toiletaries. Elevators operators small slow. Bemelmans bar expensive nice. Cafe Carlyle small, nice decor, Woody Allen waste money $600 hear Woody poor meal complete rip-off. Stayed lot NYC hotels worst. This complaint staff fine, really tired, shabby old living historic reputation really needs complete refurb.",-0.08773809523809521,0.47428571428571425,Oct 28 2007
30,30,"Great Service. Great rooms. Great place mother-daughter trips... I stayed Carlyle back July mother-daughter trip.This time hotels NYC booked shoe convention.I called 1 a.m. morning (I depart RDU 7 a.m.) found room me.It awesome.It apartment room.As mother I want get other's nerves, really needed space.We stayed suite two bathrooms, one large bed room, living room two closets.The staff awesome. When mother I went walk want carry umbrella next blocks, handed door man, said he'd make sure it'd room. It was.Also, welcomed platter fresh fruit, cheese truffles. Wonderful presentation!Also, breakfast awesome. My mother still talking hte blueberry muffins. They type crust top. The coffee great too. We stayed five days; folks started know were.We also tea too. There's quaint tea room main lobby.I couple issues:1. I think guests get break paying cover charge restaurant/bar. We enjoyed great jazz performance main lounge. 2. The concierge desk always super busy. They needed one person handling things. Also, good place get Broadway tickets. Apparently, book them, it'll cost almost three-times rate. The concierge explained additional charge booking tickets hotel. We found easier go box office get tickets ourselves.Also, super quiet neighborhood. I feel like I city. And wonderful job making sure drapes shades extra thick block sun.Mom I also walked local museums - The Whitney right neighborhood. And course shopping Madison.I loved white glove service. In elevator, staff touches buttons.Also, forget go drugstore across street - Zitomers. It's real treat. Only NYC find Pucci scarves local pharmacy.Though bit pricey, great place I loved it.",0.375,0.5389627168696937,Sep 13 2007
31,31,"I spend 30+ nights year Like staying wealthy aunts apartment. Some rooms bit quite dated, though going top bottom room re-do. If want personal, caring, prompt service, better place NYC. The beds best, quiet, anything make stay pleasant. From concierge doormen, maids front desk, package room engineering, staff career professionals. The best business pleasure.If want tourist scene Four Seasons-like modern digs, look elsewhere. If celebrity want left alone, place better. It's expensive, sophisticated luxury usually is.",0.28095238095238095,0.49642857142857144,Sep 3 2007
32,32,"A chance taste pure luxury New York This fabulous offers peace tranquillity -- especially day hitting New York shops. I travelling teenage daughter friend fell love understated luxury Carlyle. In fact, said could live beautiful two- bedroom suite given 27th floor they'd happy rest lives! As well two large bedrooms three bathrooms, lounge -- complete baby grand piano-- kitchen. The picture window offered magnificent panorama Manhattan's skyline. Each night, felt coming home apartment. Such luxury obviously comes price -- steeped history. John F Kennedy , Princess Wales Mick Jagger legendary names who've frequent visitors.The Cafe Carlyle legend right knowledge Woody Allen often strolls play clarinet jazz band spine tingling!The Madison Avenue -- brilliant walking smartest shops town. It's also stone's throw big museums, block Central Park cool August.We felt pampered cared Carlyle. The concierges simply fantastic willing help every request need. They saved us camera sharks Times Square directed us wonderful camera shop given excellent service value.We'd go back like shot. It simply perfect -- need convince deserve treat!",0.3878107606679035,0.6263821892393321,Aug 28 2007
33,33,"A bit overpriced offers We stayed Carlyle part weeding party. Fortunately discounted rate $375.00. The rooms nice appointments i.e. glass showers. I thought room fine price, however, I understand normally rooms go $600.00 point I think I might upset. Our room although nice, small, little walking room big deal. Some things I issue with. Room service tacks $15.00 surcharge anything order. My husband's cheeseburger initally cost $25.00 ended costing $40.00. The bar also quite overpriced. We ordered vodka tonic $18.00. Even New York standards, that's bit steep. The TV cable constantly went out. It's rare worked properly. An interesting feature still bellmen operating elevators. Frankly, absurd practice elevators tiny. They comfortably hold 4 people. The bellmen take valuable space perform needless, pretentious, task pushing buttons. I found riding 23rd floor somewhat akward experience men I doubt job satisfaction performing ridiculous function claustrophobic space. My recomndation would eliminate antiquated services provide make rooms service fees reasonably priced",0.0747996267018006,0.6294246815985947,Aug 16 2007
34,34,"Fabulous Carlyle I staying Carlyle years. I love City. I recently charmed new rooms always consistent service. In past four years NY lost many rooms condo conversions, makes difficult get room anywhere. The Carlyle still acts like competition continues put forth effort win retain customer loyalty. I find Carlyle best best areas service, personal touches care customers. It truly feels like I home NYC, room. The return, staff gets know things happen. When I arrive breakfast, know me, double cappucino arrives without asking Norbert works hard make everything perfect. Bemelman's Bar truly historic place still great fun. Great crowd Tue-Sat Loston Harris treo plays amazing jazz. Heads state captains industry know great luxurious discreet.Mr. James McBride runs keen eye service expects perfection staf, truly operates five star level excellence.",0.3877878787878788,0.4998484848484848,Jul 6 2007
35,35,Wonderful Stay!!!! The wonderful! Our room best we've stayed NYC. The service amazing beautiful. No detail left unturned. We stay go back.,0.6357142857142858,0.5999999999999999,May 22 2007
36,36,"A second Chance My husband I stayed The Carlyle great expectation terrible results January, 2006. I frustrated I wrote management kindly responded apology. Time passed husband I thought would try again. I called management office make reservation directly make sure would none inconveniences last booking. They kind making booking little notice.I've written website offer constructive criticism I offer hotels get right. The Carlyle front staff trying hard please us moment walked door. The room freshly updated lovely. The managment sent bottle wine, scrumtious chocolate grapes apology last visit. The one side (sorry guys) housekeeping staff par $800 night room. Turn service come 6pm finally come turn 1/2 bed, I call second hand towel. In addition, face clothes shower caps. What service hotel? Even I paying half amount room I want share hand towel husband I would expect face clothes. The room service breakfast came exactly time lovely fresh. One thing I understand previous visit visit. We drove NYC home valet parked car hotel. When gave claim check front desk expected car brought around. We waited happen. Each time told take bags walk garage get car ourselves. This time walk laundry loaded onto trucks get garage. I understand take car us front arrive, deliver car us depart? I've never makes walk car luggage I've paid valet fee!We great time Bemelman's Bar lovely time all, service really needs upgrade include 5* range.",0.08975992063492064,0.5070701058201058,Apr 23 2007
37,37,"Still fabuous Stayed Carlyle recently, despite posted others, stay lovely unspoiled anything. It always blissfully quiet hotel. The rooms white glove clean good condition nothing worn broken. The staff helpful never busy answer questions assist right away. Vera Wang's steps Madison Ave entrance almost every top designer shop nearby making brousing joy.The largest suite (1501) stayed spacious felt like real New York City apartment, soulless room. It fresh flowers throughout rich details moldings draperies. We play grand piano livingroom, fun could catch glimpse Cental Park glass doors terrace, although far cold step onto it. Room service top notch - expected. We heated floors bathrooms time - I last fall loved it, marble glass baths still luxurious excellent shower pressure lots big thick towels. A stay pretty smaller suite lower floor equally comfortable. I'd happily make Carlyle base I moved back NYC - I win lottery.",0.21586859377181958,0.5716945957268538,Mar 13 2007
38,38,"76th Mad Ave man named Jack greets awning I always wanted stay venerable Carlyle Hotel I chance November 06 I back lobby January 07. I love everthing property, I wish cheaper case get pay...loved Sunday brunch Bemelmens Bar door men white gloved elevator operators...it's good I imagined would be. I wait get back.",0.09583333333333333,0.3666666666666667,Feb 1 2007
39,39,"Disappointing I looking forward staying Carlyle again. It seven years since last visit. Upon arrival, associate I checked luggage,as rooms ready (we early, that's problem) went work. We returned around 6:00 p.m. We assigned rooms then. Quite frankly, rooms small, even room regular size desk. There chairs small desk. We asked moved larger rooms accommodated nice manner.The new rooms (slightly larger original..it one nice chair) average. By I mean really need refurbishing. Sort frayed around edges like nice old shirt. I found level service average. Often, room service tray previous night still room next day room serviced. I ask turndown service 10:00 p.m., returning dinner. On serious note, I receive scheduled wake-up call.This grand dame need serious face lift. Both rooms service need lot work!",0.03008449883449884,0.5061782768513537,Jan 27 2007
40,40,"Beautiful Hotel Stayed 4 nights really enjoyed - staff friendly rooms lovely...had real charm old school feeling. Don't put negative reviews here....we really anything complain about, great",0.34062499999999996,0.5062500000000001,Jan 23 2007
41,41,"Fantastic takes back another era If love &quot;Thin Man&quot; movies 1930s, love Carlyle. It opened 1930 fabulous uppercrust residential (much like one fictional Nick Nora lived) still retains lot original atmosphere. This probably left NYC still elevator operators. The service outstanding friendly. Bemelman's Bar not-to-be-missed experience anyone likes classic places. You sit watch lot fascinating people drink admittedly expensive excellent cocktails, enjoy delicious (free) bar snacks listen live pianist playing jazz standards.If afford it, get suite here, (for $805 per night including daily room service breakfast, much we'd paid standard room high-end NYC hotels weekend). The suites really give vintage residental feeling. They spacious nicely decorated old money, slightly shabby chic way, hardwood floors, antique furniture carpets. The beds extremely comfortable. It's bit like staying rich aunt's house.Our suite tiny kitchenette addition 1 1/2 baths. (I help think Nora &quot;offering&quot; make scrambled eggs -- watch movies get joke.) It true &quot;master&quot; bath suite tiny, 75 years old they've kept original architectural footprint. It bother us, since bathroom excellent shape updated stone tile jetted tub.The restaurant good &quot;Ladies Who Lunch&quot; special 2-course menu offered weekdays value $24. I recommend carrot-ginger soup salmon black lentils - yum.If strong preference everything brand-new shiny, place you. If need huge spa-like bathroom, look elsewhere. Looking trendy bar? Not here. However, like taste genteel (but stuffy) era, can't find much better Carlyle.",0.311003848003848,0.5644761904761905,Dec 20 2006
42,42,"Biggest Hotel Disappointment All Time As December 2006, construction, bother mention book room. The first morning, awoke jack-hammers electric drills (one sounded like airplane engine tested!). We moved 'quieter' room awoke second morning jack-hammers drills. When complained third time, asked leave 1:00 a.m.! Beyond construction cover-up, level service simply unacceptable charing $600 night. The shower door sealed bottom, shower flooded tiny bathroom inch water. But, arrival, bathmat, might helped avert flooding. The Kiehl amenities provided mostly missing arrived. The staff supplied later, partially used bottles, discovered that, rather providing new bottles staff simply tops tap water! The bathrobes provided tattered frayed. The Internet connector cable broken. Room service dreadfully slow. The concierge's telephone line always busy. The doormen basically missing action every time wanted help hailing taxi (we knew doormen around one evening because, unlike before, turned outside overhead heaters - guests!). The final insult moved rooms: The staff stole luggage box complimentary chocolates provided hotel! Overall, dreadful experience ever had.",-0.0685276679841897,0.31531150009410874,Dec 20 2006
43,43,"The Carlyle Great...but 7am The Carlyle classic. And girlfriend's 26th birthday celebration, mostly pleasure home base. However, I must submit following facts: bathroom (room 409) small distance toilet shower uncomfortably minimal; shower door properly sealed leaks. Also, 7 long happy night, doorbell rang. We ordered pre-ordered breakfast PRIVACY sign hanging door knob. Nonetheless, beautiful girlfriend put robe confront phantom room service attendant who, erred, scurried away. It bad picky fine hotel, fineness contingent perfection little things, I choice mention above. To fair: bed bedding room comfortable, tasteful truly Ost. I return hotel, standard bearer, I always give hard time. It earned scrutiny.",0.06912878787878787,0.4897727272727273,Nov 30 2006
44,44,"Better People Magazine My husband I decided stay Carlyle endulge luxurious weekend Upper East side. We met friends live near girlfriend I decided browse shop fashionable excellent Madison Avenue boutiques dined Nello's Madison Avenue. We returned amazement lobby stood Warren Beatty, Annette Benning children chating Jack Nicholsen. In years traveling I ever come across level celebrity one place. The Carlyle one best hotels I ever stayed in, premier room booked like suite home, rather hotel. I got one best nights sleep bed engulfs beautiful linens comfort. I find use florist, lobby restaurant breathtaking floral arrangements I've ever seen. The lobby evening takes mystical magical feeling soft lighting flowers, oil paintings beautiful chandeliers. Before went dinner decided drink Bemelmans bar - I wish children us I've reading Madeline books little girl would excited see drawings wall Madelines journies Central Park adventures schoolmates. The next time book weekend New York sure bring back children enlighten museums culture property surrounds with. The Carlyle definitely choice booking New York City entire weekend hassle free got best pampering ever. I can't wait go back.",0.38922558922558925,0.5406659184436963,Aug 27 2006
45,45,"Classic conveniences today! What great hotel! What great experience! I always heard &quot;legend Carlyle&quot; expend fall spell I there. I travel ALOT I seen all! The lobby beautiful! I arrived night candles lit. It looked beautiful black marble, crystal chandelier silver theme throughout! I stunned! The front desk staff friendly welcoming. Knowing I long trip must tired hungry offered room service sent up. Telling kind staff I tired asked needed wake call, perhaps coffee sent particular time morning! Oh perfect! I admit I become addicted programable coffee maker! Visiting tired I point, quckly checked explained hotel's key points, rang bellman! RANG! An actual bell! How, I want say quaint, sounds negative, pleasantly unique! The bellman (whom I learned later stay worked decades!) escorted shared stories hotels history, got situated room wished sound sleep! The whole process doorman umbrella shield wrath mother nature luxurious linens front flat screen plasma TV wil 2000 channels, took cool 5 minutes! That it! I fallen spell! The dream continued rest stay!My wakeup call morning friendly voice telling days weather, coffee quickly followed. Thank god! As I thought days ahead I stopped concierge suggestions. We talked shows restaurants would great. I went marvelous breakfast buffet (try cheeses!) staff mighty attentive! I went walk central park, could believe right there! On out, concierge seen mentioned tickets restaurant reservations set!Everything fell place. That night I checking out. I realized I forgotten chargers. My cell phone already dead IPOD hanging dear life! I called front desk see perchance one staff phone happened bring charger along work. I luck! They varied supply! Now solve IPOD issue. My biggest nightmare, 8 hours airtime, borken four hour layover, tunes!!! Then I'm hang phone I give shot ask agent phone charger. The voice end mentions IPOD docking station room. REALY? Then I see side giant bed (which I need get one home, heaven!) IS docking station end table! So I hooked NANO, hit play listend tunes I solemly packed departure city! I miss Carlyle, staff FOOD already! I short time, I felt I going entire life. By time I left, staff recognized name wished &quot;safe journey!&quot; I wait HAVE go back NY. Because I HAVE stay Carlyle again!See soon, CARLYLE!!! (Boy I long winded!!)",0.20525604943064182,0.5476966873706003,Aug 25 2006
46,46,Weekend The City My In Laws visited city weekend Venezuela thrilled staff personal service The Carlyle.They said felt like home able get copy Venezuelan newspaper every morning. The bartenders knew drinks elevator operators knew floor hours.,0.22500000000000003,0.43125,Aug 15 2006
47,47,"I'm already booked return visit My wife I pleasure staying The Carlyle average year past 14 years. I write regarding recent stay, May, 2006, comments also relate, generally, entirety visits.The Carlyle continuity. It service, graciousness. It trendy. It flashy lobby public spaces. With The Carlyle get bell staff, elevator operators, doormen room service attendants, year year out. You get warm smile reasonably believe meant you. The service The Carlyle exemplary. I canât think request honored, I canât think case housekeeping service terrific job. Room service time bell staff prompt.We always stayed inside suites (the Standard Superior category one bedroom suites). That means view towards Park Avenue (beware, low floor inside suites look adjoining buildings). It also means quiet â street noise, noise adjoining rooms. The suites well-appointed, nice size living room (with desk, comfortable couch two comfortable easy chairs). The bedrooms always easy chair, reading light. The linens bedding first quality. Iâm picky lighting, The Carlyle always passes test â every seating area well-lit enough reading. The furnishings classic good taste.The HVAC units (the suites separate controls bedroom living room) efficient quiet.The suites usually full bath one half bath. The full bath small. I understand plans afoot convert walk-in closets (some suites two) bathroom space. Until then, donât expect much space bathrooms.Breakfasts The Carlyle adequate. The buffet extensive â although well prepared. Iâve always good service breakfast (although Rosewood took management, Iâm sure head waiters breakfast smiled time). If breakfast included room rate, eat hotel. If isnât, Iâd eat breakfast somewhere else.The Carlyleâs rack rates high. I almost always able obtain, one affiliation another, price break rates. Iâm already booked return visit The Carlyle. Itâs home New York.",0.16047474747474746,0.462742985409652,Jul 26 2006
48,48,"Loved Carlyle... We wonderful weekend Carlyle. We stayed 1 bdrm suite well appointed quite spacious NYC standards. It 1.5 bathrooms convenient us 9 month old us. The rooms beautiful fresh flowers living room bedroom.The bathroom small nice. The concierge WONDERFUL fullfilled requests included booking difficult-to-get dinner reservations (Per Se, Grammercy Tavern Babbo), babysitting services even printing boarding passes.We ordered room service one morning eggs benedict brioche french toast delicious. We one drink bar nice ambiance interesting drink menu.This cheap worth slurge.",0.48666666666666664,0.6333333333333332,Mar 26 2006
49,49,"Once luxurious...but anymore While Carlyle beautiful lobby, cafe reputation, quality rooms service worthy luxury New York. I stayed one Carlyle's Superior Rooms certainly worth expense. The room peeling paint, dirty radiator, outlet work, exposed wires, cheap 27 inch TV. The room absolutley tiny making uncomfortable two people. In short, feel like staying old two star hotel. I would recommend visiting Cafe' made Carlyle famous stay real luxury next time New York.",0.10707070707070707,0.5806060606060607,Jan 29 2006
50,50,"Understated Elegance Our initial visit Carlyle was, enjoyable, bit dissapointment room bad repair. (peeling paint bath, etc.). The service commendable, management found dissatisfaction, immediately made things right us, went beyond subsequent stay. Lots celeb sightings, like sort thing, prefer leave alone. Excellent service, housekeeping, wait staff, ever-pleasant elevator men. Highly recommended old-world charm ambience.",0.15571428571428572,0.4365476190476191,Jan 3 2006
51,51,"Still Carlyle; old world charm; poor concierge service In prior years (and Carlyle different ownership), I used spend 30 nights year there. On October stay, seem like much touted renovation changed much rooms. I asked two simple questions concierge (such breakfast started), idea, tellling ask front desk!I wrote comment card service lapses but, two months later, heard nothing back. The still enjoys terrific location. But, rooms (and particularly bathrooms) clearly luxurious (and technologically advanced) comparably-priced NY hotels.",0.021568627450980392,0.344047619047619,Dec 11 2005
52,52,"Cramped Carlyle Impossibly small rooms outrageous price--800 night city view could barely fit rollaway mediocre food. Rooms bit worn, mold along bath tub. However, service beyond compare.",-0.3375,0.7,Nov 28 2005
53,53,"New York Classic Whether like Carlyle really depends taste. If liked hotels old-world charm, may well favorite hotel.The lobby tasteful, style appeals generations. The &quot;classical influence&quot; really begins elevators, still manned elevator operators. Frankly, I find bit pretentious unneccessary. Why demand extra labor there's need it? There's difference excellent service excessive service. And context Carlyle's elevator operators, debatable.With lowly corporate rate, I standard room 19th floor. I understand prides history, I overly critical wear-and-tear furnishings finishes. My overall impression room warm, tasteful intimate. It felt like private residence rather hotel. However, rooms small side compared Four Seasons Ritz Central Park.You realized I'm big fan classical hotels. I like Plaza (back good old days) Waldorf. But I enjoyed Carlyle service. I know whether fact 80% staff speaks French accent general professionalism, I felt Carlyle's service personal. And that, may I add, different service get chains like Four Seasons Ritz-Carlton. It makes home guests.If I pay $600 standard room, would I stay? I admit Carlyle would top list. But different tastes.Is worth try? Oh, yes.",0.1515597147950089,0.3945944741532976,Nov 13 2005
54,54,"great start honeymoon We stayed 5 days Carlyle Suite, 9th floor. The rooms spacious although bathrooms small disappointingly cramped! No seperate shower either! Got bad start reception insisted upgraded us Carlyle Suite, fact booked payed ourselves! Apart that, staff always really helpful polite. We ate breakfast there, really poor, usually lukewarm buffet, nothing special.The staff really disorganised, wait ages tea coffee, usually forgot! The afternoon teas's rather nice, big, nice! The bar bit drab, popular reason. All quite nice hotel, wouldnt go back.",0.05187500000000001,0.5772916666666666,Aug 30 2005
55,55,"Excellent Service We stayed three nights suite special package rate currently offered good value. We fourth floor facing Madison never heard anything double glazed windows. The suite spacious (albeit little louis XIV tastes) well appointed. The bed unbelievably comfortable. There 2 baths convenient entertaining. The service impeccable. Gym small equipment good. Robert, concierge, well informed took care needs. We pleasantly surprised hotel. The disappointment venture Bemelman's one evening. We stopped cocktail heading back room bill $65.00. If 20 minutes might bothered, bugged made aware $20 per person cover first seated. It minor annoyance otherwise great experience.",0.24855442176870746,0.5073696145124718,Jul 11 2005
56,56,"Classic NYC The Carlyle makes feel like New York different era. Timeless classic hospitality, impeccable standards. Discreet service highest level. The Sunday brunch fantastic. I live New York still experience.",0.23655303030303027,0.4990530303030303,Jun 12 2005
57,57,"One best hotels Stayed Carlyle long weekend w/ wife fantastic. The truly one best I ever to--comparable George V Paris understated elegance. Expensive, even NYC standards, worth extra money.",0.3071428571428571,0.4,Nov 21 2004
58,58,"Could better I spent several days The Carlyle last summer wife two boys. What great stay. When I called make reservations, suggested special rate saved 50% rate I found. I told staff I wanted special treatment kids said I'd leave staff figure ways make feel special. They went - way beyond call. Courtesy, respect, sense wanting help - I say. The rooms comfortable spacious (Suite adjacent room boys). No view care. Fabulous bathrooms comfort upper Eastside apartment. I've plenty. Super modern isn't. Warm is. If expect concierge knwo name second time visit his/her desk expect him/her find way make happen, disappointed. The negative so-so buffet breakfast little mix bill (quickly fixed might hassle I 'rapid sign bill run' act I often vesrus review item).I've stayed Pierre, Plaza others - quite, throngs better alternative.",0.18509424603174604,0.46760912698412693,Nov 19 2004
59,59,"Roll Ludwig I going Carlyle almost forty years. Since like Art Museums Madison avenue shopping, convenient spot. The charming elegant once. One positive feature staff, friendly accomodating. The room time fine, bath expertly remodeled. The problem Bemelman's Bar. This bar, named Madeline author Ludwid Bemelman, intrinsically nice ways upper Eastt Side neighborhood watering hole. One nite featured Chris Gillespie, expert musician, accompanied jazz ensemble much loud size bar. In addition that, management wants $20.00/per cover charge guests. When I complained, waived cover, ensemble loud irritating. Saturday nite many non-Carlyle people bar Pierre listened quiet music cover. Sunday nite I stopped Bemelman's alone drink, &amp; encountered loud obnoxious drunk. When finally dealt with, I treated couple seats across room appeared auditioning porno flick. I prude long shot, think one encounter type thing staure. I'll try St Regis next time.",0.19623278236914593,0.5882920110192839,Aug 20 2004
60,60,"Many Questions During June trip New York I stopped Carlyle inquire small suites ongoing relationship 14 days Christmas. The Bell Captain outstanding tour rooms. He friendly gracious. The building beautiful. That's ended. When I e-mailed Carlyle room rates I got standard rack rate response. I tried again. No response. So hey, I'm staying The Mark family Christmas hopefully many come. Response prompt. Budget considerations accommodated. I would love stay Carlyle, frankly I much impressed whatever takes stay requires I whatever takes secure reservation.",0.40087412587412585,0.5561188811188811,Jul 25 2004
61,61,"third world - worst I ever stayed well...where I begin? The front wheel matching back wheel? Looks good downstairs upstairs...it's different story....noisy rooms...we really insist heavily move....a television work...and maintenance man said sure there'd replacement...we became good friends him...we saw shower head bathroom dropped off, plummeting temperature room...we first made acquaintance early hours morning noise unidenfified machinery woke us....and unforgettable episode uh, er, 'business centre. email printed back office...I called back office told destroyed it...it client...but no, destroyed it, ever helpful called client ask for...as know I was...duh...I guestlist.........this worst world...and complaints front desk manager handled little grace humanly possible....I add vast parts upper floor remain unmodernised look like sort hotels expect see sea front dowdy British resorts...the sort place holiday maker would stay in...........and food...the dinner....ghastly wine....who ever ask four times ordered...and order breakfast - ugh....cold, nasty mega expensive.......Don't go there....it says lot things - sophistication etc etc....but even hick sticks would feel he/she staying social security hostel..........looks like run gang can't shoot straight",-0.008090277777777787,0.4612037037037037,May 25 2004
62,62,"Treated like royalty Carlyle The atmosphere luxurious impressive best part Carlyle staff. They friendly, polite service. A gift wrapped box small gourmet cookies arrives door night New York Times delivered door. Being treated nicely makes feel comfortable relaxed stressful city. Loved it. My small complaint food average rather unaverage prices.",0.2508741258741259,0.5965034965034965,Apr 14 2004
63,63,Wow,0.1,1.0,Apr 8 2004
64,64,A wonderful experience!,1.0,1.0,Mar 8 2004
65,65,Classy sophisticated New york,0.24545454545454545,0.7848484848484848,Nov 23 2003
66,66,One finest planet!,0.0,0.0,Oct 22 2003
67,67,Good perfect.,0.09999999999999998,0.8,Aug 28 2003
68,68,Among best hotels world,1.0,0.3,May 30 2003
69,69,New York way ...,0.13636363636363635,0.45454545454545453,Mar 20 2003
70,70,The Truth About Carlyle,0.0,0.0,May 31 2002
71,71,Manhattan elegant!,0.5625,0.75,Mar 20 2002
72,72,The Best NYC Lodging,1.0,0.3,Jan 29 2002
73,73,ottima posizione per un bellissimo,0.0,0.0,May 31 2009
74,74,confortable mais un peu vieillot,0.0,0.0,Mar 14 2009
