,Unnamed: 0,Reviews,polarity,subject,Dates_extracted
0,0,"Great second time! This second time staying since August 2009 I was, again, satisfied. Stayed one night friend. Booked room directly Hilton (I never use sites like Expedia, Hotels, etc.). I booked room initially $259 I checked rates site frequently night saw rate $189. So, I applied rate change right Hilton site got room $189. I wonder many people aware this? It definitely money saver!The room 7th floor. Honestly, less quality last time, still clean sufficient, get wrong, definitely smaller view roof. I think last time higher floor, maybe 15 (if goes high?)But again, nothing wrong room itself, staff great, friendly accommodating, I'm sure would given us &quot;better&quot; room cared complain, really big deal sleep. Just want let people know, higher rooms seem better views that's looking for.Free breakfast morning, great again, coffee, juice, bagels, muffins, fruit, sausages, yogurt....Easy check-out, free internet lobby, literally less 5 minutes subway. Can't beat it!",0.2117460317460318,0.46304232804232803,Nov 8 2009
1,1,Great Hotel We stayed Hotel wanted go Ellis Island going cruise. The great within walking distance Battery Park Financial District. The staff helpful left luggage went Ellis Island. The Breakfast good start day. The room roomy quiet. I would definitely stay again...,0.3125,0.41666666666666674,Nov 2 2009
2,2,"The Best Staff Ever I stayed boyfriend 2 little dogs. The Hotel ok, staff great, one girls front desk I think one managers loved dogs, everytime saw playing always smiling everybody helping anything need. There really convinient dog park right corner.There lot around I really liked South Street Seaport. I also enjoy Sushi restaurant block another restaurant recomend us really cute good romantic couples names Table Tales. I really enjoy room cellar I think great cute patio sit outside enjoy evening quite area. I used take breakfast since private. If traveling pets I think per fect place you.",0.3971329365079365,0.5474801587301588,Oct 26 2009
3,3,"Nice Hotel check reserved rate When I arrived, checking in, I told &quot;initial rate change&quot;. I said, &quot;what rate change?&quot;. She said rates gone I could prove I booked lower rate would honor it. So I pulled reservation honor it. But I never happen Hampton Inn before. So make sure bring reservation make cut hit rate increase. (not cool)The OK. Nothing special, location good, rooms quiet, clean. The breakfast pretty typical Hampton Inn fare. Would I stay again? maybe, I would sure bring reservation!",0.38421428571428573,0.7192539682539684,Sep 28 2009
4,4,"Best Value repeated stays NY Bad experiences Marriott Brooklyn Bridge led check Manhattan side bridge. This true gem want visit grandkids Brooklyn regularly. The front desk could helpful, even offering information though asking. The rooms comfortable, quiet, extremely clean provide great temperature control. The housekeeping staff pleasant responsive. Breakfast included copious quantities cut fresh fruit option &quot;business breakfast&quot; grab &amp; go bag.The incredible affordability nice extra!! What really made difference people front desk. They recognized us greeted us time walked out. Unheard 15 years regular trips Manhattan Brooklyn. It's awesome walk look Brooklyn Bridge 1/2 block away. Easy catch cab. The problem experienced taxi drivers thought tourists tried jack bill &quot;missing&quot; exit Brooklyn Bridge FDR pulling GPS asking address. We'll never stay anywhere else long stays Hampton Inn.",0.36349206349206353,0.6025641025641025,Sep 8 2009
5,5,"Loved It! We arrived evening problem finding hotel. When first get - park around corner - street - check show park. It cost us $20/day underground. The staff friendly &amp; helpful. I say - I little disappointed girl handed room keys told room 'cellar',however; got room pleasantly surprised...nicely decorated, clean king size bed, small, walk patio wrought iron table &amp; chairs. Breakfast 'ok' - enough get us going day, dining area small, need good timing. The area safe clean - walked around 11:00 pm without problem all. The area also old cobblestone streets amazing restaurants surrounding area - within 2-10 minutes walking. Excellent location!",0.26995614035087717,0.6078947368421053,Sep 1 2009
6,6,"Best Value Dowtown This small quiet street financial district blocks seaport. The rooms little small hotels NYC, however always clean quiet. The free breakfast outstanding, doorman great. I stayed times back.",0.1652777777777778,0.40611111111111114,Jul 22 2009
7,7,"You even need leave lower Manhattan there's much going I returned 5 day stay vacation whole family. I say, I little wary far south Manhattan, I thought would away action, ton area. We got vacation package NewYorkGuest.com included stay, ferry ride Statue Liberty dinner local restaurant one rate, really good price. This first time coming Manhattan I feel like much one visit enough! We spend day Seaport, browsing shops watching entertainers, dinner water night. Wall Street great explore nothing special. Battery Park beautiful whole Canal Street neighborhood great shopping!When booked assigned personal trip advisor (named Jana), turned really helpful helping us chose activities budget. This great cheap location, I would recommend anyone.",0.2942687074829932,0.5064172335600906,May 27 2009
8,8,"Make sure room confirmed stand ground I returned spending three nights Hampton Inn great price pay careful comes room. I booked twin room internet website even emailed confirm room indeed booked would kept I late flight NYC. Upon arrival I told I booked King room twin, even confirmation hand receptionist repeated above. I travelling friend said possible share bed, solution, solution I given camp bed. Only fact 10.30 pm chances getting another time slim I would walked out. I emailed Hilton Groups customer service department heard nothing, fact one email addresses comes back undeliverable. So short. Make sure booking reference stand ground, wish I had!",0.15791666666666668,0.710648148148148,Apr 1 2009
9,9,"Great deal Manhattan! I meetings Pace University, closest Hilton family property. I afraid I'd find I booked rate $122 Sunday night, technically business night. Granted, also superbowl evening, may fewer bookings general. Anyway, typical harrowing ride LGA, I pretty pleasantly surprised. The pretty new, front desk guy nice helpful. Per Manhattan norm, everything small--lobby, front desk, lone elevator, hallways. Surprisingly, however, room pretty spacious, bathroom fine NYC standards. The room offered normal Hampton bedding (ok, great), small desk, decent desk chair, great desk lamp, separate closet, flat screen TV mounted wall. Nothing fancy, again, Hampton Inn. The IS loud (below window was, seemed, bus depot bulldozer terminal), HVAC drowned noise well enough sleep. The free breakfast typical Hampton--fine, unpretentious--though eating area tee-niny. The area pretty dead night, least five restaurants open w/in two block radius. Stellas great. Oh, there's v-e-r-y sparse, small workout room basement, good enough 30 minutes cardio. All all, less $150 Manhattan, great option.",0.16556277056277052,0.6003679653679653,Feb 4 2009
10,10,"Severely Overrated I arrived waited 15 minutes front desk clerk get phone. I patient, seem matter. He ask I staying business pleasure, I responded business. He put room 103, literally basement. They call cellar, I call lame. I ask moved, guy front desk said anything available next morning. So little cellar - You hear ice machine running night, hear anyone purchasing vending machines, hear cleaning people early morning. In addition, person sets-up breakfast station morning crowd come get ice, sounds like handful quarters dryer - happened around 4:30 5 a.m. In addition creep factor staying basement noise, I went use hairdryer morning, broken. I call front desk ask another, replied, &quot;We portable hairdryers.&quot; At point, I'd really enough asked another room. They give another room, I moved stuff 9th floor. It seemed odd room available 8 a.m., night before. So I really believe guy front desk night before. The new room lovely view, definitely smokerâs room, stale smoke smell. The room fine, morning staff far helpful. I recommend staying Cellar, although one redeeming quality small patio. Unfortunately, I 17 degrees outside, completely unusable. Iâm 100% sure guy checked asked I business pleasure, gave noisiest room place. I walked away believing simply jerk. There lot hotels New York, Iâm stumped one gets high marks. It makes leery reviews people write, I would recommend spending time searching around settling place.",0.07298905723905724,0.4661337181337182,Jan 3 2009
11,11,"Great Hotel Exoerience I stayed one night business. The room I 8th floor. It clean well appointed. The staff excellent offered assist I chance ask. Also, breakfast buffet adequate nice assortment baked items, juices, yogurts, cereals, coffee, tea, fruits. I would absolutely chose stay again.",0.5428571428571429,0.7404761904761905,Dec 18 2008
12,12,"OK unremarkable I chose Hampton Inn Seaport/Financial District based location. It's convenient- within walking distance everything Financial District- little far side subway stop street seems little iffy night. I unimpressed room I given initially- first floor, 10 feet check-in desk right next elevator. I asked for, given, new room, given I paying room (business trip), I put awful room initially.The second room gave adequate. Very small, poorly lit, view alley, clean. Staff less impressive- unpleasant, slow unable help basic requests.Overall, OK unremarkable. I would stay I able get another anywhere Financial District, I avoid (i.e, stay midtown instead) option available area. Just beware overpaying place.",0.06311762949693984,0.4601238990894163,Nov 5 2008
13,13,"Nice Little Hotel We stayed Hampton Inn, NYC Seaport, July 2008 one night enjoyed stay quite bit. The small rooms tight clean price right. We spent entire day Governor's Island concert, however, found beds exceptionally comfortable (my wife I two friends) well. I would definitely stay proximity Seaport best amenity considering one block shops restaurants. They parking discounted staying although street. We missed ended parking right next door dollars worth it.",0.1829720133667502,0.4463700918964076,Oct 6 2008
14,14,"Excellent Hotel! I booked reading reviews Trip Advisor I glad I did. My husband I spent night last weekend anniversary. We got great rate I happier hotel. I lived near NYC life worked 8 years, I familiar city prices, I say great deal money - especially compared overpriced mid-town hotels.First all, service amazing - everyone friendly helpful. So much place really small inn feeling it. Parking super convenient inexpensive Manhattan. The location wonderful - nice neighborhood, couple blocks Seaport couple blocks subway. And convenient walking distance anything downtown - Seaport, Battery Park (Statue Liberty Ferry), Ground Zero, Little Italy, China Town, etc.We room 8th floor. The room small (typical NYC) nicely decorated - everything looked updated - immaculately clean. We small balcony room could see tall ships Seaport part Brooklyn Bridge. Nice bathroom amenities, flat screen TV bedroom, beautiful linens bed, wireless internet access. The also complimentary breakfast morning nice 24 hour coffee service. I would stay heartbeat!",0.34020833333333333,0.6270833333333333,Sep 30 2008
15,15,"Functional fancy I stayed Hampton Inn Seaport business, closest financial district I could get...with 2 month's notice! I trouble catching cab morning. Including taxes, I paid $500 one night, AAA rate. This supply demand work, I suppose. I gave 3 stars way worth $500 night. I little afraid I saw front building--completely nondescript. Having said that, I arrived late night, room ready front desk efficient. My bed comfortable, flatscreen tv great, bathroom spotless well stocked. The free breakfast absolutely fine me--great coffee, cold cereal, baked goods, yogurts, fresh fruit. SO, get good rate (which, based reviews, seems available weekends nonpeak times), I hesitate stay here, mind downtown home base.",0.12232456140350872,0.5750000000000001,Sep 17 2008
16,16,"Decent Hotel - Good Value We stayed Labor Day weekend - beat price $180 per night website decent NYC hotel. Upon arrival given room &quot;C&quot; level involved taking elevator one flight ground floor lobby. Although room coutyard patio found dark kind creepy moved us lobby level little better. Friendly staff, nice lobby good breakfast. Room fairly large NYC standards drab color scheme. Very convenient South Street Seaport short walk subway. Would first choice area would stay room value.",0.20442019400352734,0.5227292768959437,Sep 6 2008
17,17,"Great place stay After searching decent priced New York City came across one. It got nothing good reviews I read decided give try. I glad did. What nice hotel! Only 5 minute walk 2 different subway stations 15 minute walk Staten Island Ferry. We wished could've stayed longer (we came town one night Mets game). The free breakfast food also nice since coming tight budget. Our first visit NYC good I cannot wait come back. We definately come back here. Only one problem, wanted take bed home us. It comforable bed I've slept long time!",0.25359794372294375,0.6285129870129871,Aug 25 2008
18,18,"Great Location I skeptical I first looked website, lacks facilities ambience makes comfort good service.Breakfast served small area adjacent reception area get quite busy. However, lots places eat locally able find somewhere eat quite easily choose breakfast hotel.The rooms comfortable perfect short break.The reception staff particularly helpful. Would definitely recommend.",0.2657142857142857,0.5339285714285714,Aug 20 2008
19,19,"Excellent NYC bargain We stayed Hampton Inn Seaport tenth anniversary weekend. I'd booked hilton.com got outrageously good rate, $171/night (thanks husband considered elderly got AARP discount), practically unheard decent Manhattan hotel. The staff, many mentioned before, outstanding. We room eighth floor. Since 's New York room small clean nicely decorated, deep-blue wall giving boutique look. The bathroom, also small, still marble counter floor shower adequate. The room quiet, beds comfortable climate control good. The adjacent South Street Seaport Fulton/Nassau Street subway stop maybe ten-minute walk. The neighborhood relatively decent worry coming back night. The free internet worked fine (although length time log back in). The free breakfast meh, free. If looking luxury surroundings go uptown, place crash going much better here.",0.3285984848484849,0.5595643939393941,Aug 17 2008
20,20,"beat price Stayed 2 nights (Sun/Mon) July attending Mets Yankees games. Hotel exactly needed. Couldn't beat price, $520 2 nights. Easy get either Brooklyn Bridge Holland Tunnel. Parking garage across street. Subway 4 blocks away. Convenient Statue Liberty, South Street Seaport (restaurants), WTC site, Wall street. As always Hampton Inn, breakfast included. I would definitely stay again.",0.22777777777777777,0.5277777777777778,Jul 30 2008
21,21,"Great Location This great location downtown seaport area . You walk bars restaurants nearby. Also handy ferry Ellis Island ground zero. Great shop near ground zero called Century 21 bit like TK Max bigger.The hop hop stops peir 17 close by. The room small clean. The lobby small staff friendly. If like buzz Times Squre may you, weekend rate good book website.",0.451060606060606,0.6854545454545454,Jun 18 2008
22,22,"So pleased believed reports site We booked 2 rooms 4 nights beginning April &amp; reserved stay website. However, working pricey rang direct &amp; gave us excellent rate, thank much. We rooms 6th floor I asked change first night &amp; staff helpful. A staff member kindly showed couple rooms acceptable me. They said long occupiers room top floor extend stay could change room. It queen bed king fine us.The folks left room, packed belongings &amp; staff moved suitcase behalf, thank much. The room perfect &amp; great views, bonus really appreciated, thank you.The breakfasts upto fresh, plentiful &amp; varied standard come expect Hampton chain. The breakfast seating area big reported previously enough room everyone morning there.The bedrooms &amp; bathrooms SPOTLESS &amp; beds comfortable another reason stay Hampton chain.One evening tired eat &amp; concierge gave us take-out menu nearby pizza place. It delivered time &amp; hot, tasty &amp; good value.We asked various questions local info etc staff &amp; replies always useful, helpful &amp; delivered professional yet friendly manner, though pleased wanted stay hotel. A special 'thank you' Marcos assistance.The free use internet (another reason stay Hampton Inns) useful check-in online return flights home. It's located near front entrance real privacy matter ocassion.The downside booked car, via front desk, take us back JFK. We thought would advisable know cabs would take us becasue lot cab drivers change shift 4pm &amp; booked cab 3.30pm.The car arrived promptly shut car doors reeked smoke. The driver spent third journey cell phone. I book car lots cabs going past &amp; I'm sure would found one take us JFK.I report back I reply.This area fantastic enjoy sights, shopping, views &amp; brooklyn bridge area. Our adult daughters loved it, especially shopping Seaport mall &amp; Abercrombie &amp; Fitch nearby, very, nearby!Access areas NY easy subway &amp; really enjoyed able walk ferry &amp; enjoy ride.. free!!There also free Seaport area bus stops various areas Seaport district want walk.We can't wait return NY &amp; stay hotel.",0.26737229437229443,0.49197546897546895,Jun 14 2008
23,23,"Really nice place South Street Seaport One nicest places I've stayed New York City.I try find places expensive. We stayed night Hampton $249. At time, weekday rate $429! For price paid, really nice experience. And included usual hampton inn breakfast. Our room 2nd floor faced busy street I worried noise heard NOTHING -- amazing. Bed nice. Room small expected NYC.I've seen people say paid $135 AAA. That would make membership worth one night. This would beyond steal price.",0.13587412587412587,0.5291958041958043,Jun 10 2008
24,24,"Noisy Little Hotel I looking forward staying positive reviews, staying two nights month, I never stay again. First off, I must say clean staff incredibly friendly. My wife I got around noon told assigned room ready yet, fact people hadnât checked yet (this big deal since check 3 PM I hoping get room earlier). They said wanted room now, could get one main floor otherwise wait till check in. Since flown red eye San Francisco opted room available now. Needless say smallest room I ever stayed in, even New York standards seemed small, door room almost touched bed. We 50 feet check desk plain noisy hours day. We woken lobby nose nights arriving guests midnight 3 several times (it seemed like people coming home parties late night) didnât realize people might actually sleeping. It downright ridiculous. I would changed rooms first night, 2 nights much hassle. Also room window looked onto balcony two rooms, privacy curtains, drapes. So choice close curtains wanted privacy. Iâm use hotels sheers curtains, room, basically keep drapes closed times. Also 3 outlets available whole room. Two bathroom one desk, others used behind furniture. So trying charge two computers cell phones nearly impossible, plus work desk needed plug in. For newer Hampton I surprised lack plugs.My main issue noise; I imagine different floor, I would happier. The issue much general area. If youâre town sightsee, tourist stuff, I would recommend different neighborhood.",0.013864490772385519,0.5039598997493734,Jun 9 2008
25,25,"Nice little middle big apple It small Manhattan side brooklyn bridge good business pleasure traveler. Standard Hampton morning breakfast, helpful staff, small rooms, trying fit 2 people room, might cramped. Walking distance lower manhattan toruist sites, deli around corner good. Nothing fancy, gets job done.",0.23729166666666668,0.44166666666666665,Jun 6 2008
26,26,"Great location nice quet NYC area We stayed quite Hampton Inns nice one too. The breakfast good area somewhat small, room nice clean ok family 4. The location great views Brooklyn Bridge - make sure get street view either 7 8 floor see bridge. Walking distance Pier 17, downtown helicopters, Ground Zero subway stations.",0.45606060606060606,0.6989898989898989,May 27 2008
27,27,"Great stay I stayed 2 nights say fantastic. The rooms NY size comaprable, bed comformtable decor stylish/modern. The service staff front desk made diffrence. They attentive also let stay additional hour check without great deal fuss. The offers free breakfast room rate free wireless internet. Both services used handy.The walking distance Seaport Pier, 10 minutes China town 15 mins SOHO. I recommend property would certainly stay again.",0.42142857142857143,0.6271428571428571,Apr 29 2008
28,28,"Terrific Stay Hampton Inn Seaport/Financial District Our family stayed nice Hampton Inn recent stay New York (April 18 - 22). The location wonderful - close walking distance lower Manhattan locations. The rooms, tight space, clean new amenities. The breakfast standard fare - plentiful well done. But real standout feature staff. From moment arrived (at noon, without requesting early check-in advance) bent backwards accomodate us. We even checked handing candy bars teddy bears kids. Throughout stay, repeatedly checked see could help us. They took great interest trip offered assistance recommendations every turn. They even helped re-arrange travel plans extend stay - actually took care cancelling reservations us. We loved stay definately back!",0.25161390692640695,0.49873782467532457,Apr 28 2008
29,29,"Excellent Hotel Usually hotels show great photos website, get doesnt look near nice....... Well, Hampton...It beautiful looked like photos. The Front desk staff (carlos Mostly Jonathan spoke with) amazing....so friendly Helpful! The room spotless. Great view! 10 minute walk Chinatown, 5 minute walk Seaport, restaurants shopping, also quick 12 minute walk financial district Huge discount shopping store Trinity place/cortlandt called Century 21! Fulton st. subway right take quick 15 minute subway trip uptown garment district, penn station madison sq. garden. You love hotel! I found website www.time2gotravel.orgHeather/travel agentThe photo room took camera phone",0.4764087301587301,0.6123809523809525,Apr 15 2008
30,30,"A Wonderul Place To Stay I stayed Hampton Inn Manhattan/Seaport/Financial District March 23-28 wonderful experience. The clean staff gives excellent service. My room cleaned everyday I spectacular view Brooklyn, Brooklyn Bridge Seaport. Breakfast served every morning convenient considering I stayed business lot time morning stop get something eat outside hotel. The doorman gave precise directions get anywhere I wanted go. It pleasure staying I would certainly stay again. The thing I like use Fulton/Williams Subway station near day time, donât always expect open late night 12:00 midnight. The station usually closed late night maintenance stay I would need make transfer another train trains rerouted midnight station. I would find alternate route catch taxi back hotel. This really problem itâs I walk extra blocks using another station. The fitness room small one treadmill I wait person using done. They also spin bike well. The 3 blocks Seaport shopping fun. But looking clean comfortable beds, excellent service breakfast smile I highly recommend hotel. I canât wait go back!!",0.17095238095238094,0.4917733990147782,Apr 1 2008
31,31,"Great little Hotel close Brooklyn Bridge Seaport lower east area Manhattan. I stayed long weekend March 2008.Hotel small, modern, well presented clean. The staff could enough help - wonderfull. Room bit cramped typical New York. Bathroom reasonably spacious well equipped. (inc toiletries) Room coffee making facilities, desk internet connection, TV (no pay movies), iron board, clock/radio alarm. Bed extremely comfortable! Clean functional frills. Breakfast free., again, Hilton spread perfectly OK. Breakfast room would get busy would wait minutes table ~ slight criticism.Location suited me. The area reasonably quiet night! There plenty restaurants close including excellent Bridge Cafe ~ lovely food! Comfortable walking distance Ground Zero, Ellis Island ferries 'trendy' districts Little Italy, China Town etc. Nearest tube stations 5 minute walk take almost anywhere. Taxi Times Square $12.Ask concierge arrange car airport rather get yellow cab. A little gem want 'base' want pampered. Highly recommended.",0.14720219435736676,0.5863636363636363,Mar 18 2008
32,32,"great lower manhattan location great location lower manhattan: chinatown, wall street, lower east side, seaport. Efficient check-in, parking across street, clean room, large bathroom. Good free breakfast tasty cookies evening. booked AAA rate 135 night 2 rooms. FOR MANHATTAN? This worth money .",0.5115646258503401,0.5897959183673469,Mar 15 2008
33,33,"A nice place stay We booked checking reviews trip advisor really regret it.Conveniently located, around block Seaport 5 minutes Fulton Street subway also within walking distance Ground Zero, Battery Park Wall street. Chinatown quite close well.The staff extremely nice helpful, rooms small (we quad, travelling two children) clean bedding wonderfully confortable (which great full day walking). The bathroom also clean functionnal. The thing quite convenient lack closet space, one small, clothes stay suitcases. Yet that's detail, everything else perfect. Breakfast good well choice hot dishes changes every day.This great value would return without hesitation, wonderful time NYC Hampton inn definitely contributed success trip.",0.4274166666666668,0.7115,Mar 2 2008
34,34,"clean wonderful manhattan ***Great Rates ($135.00/night/wknds incl.) With AAA Hampton Reward club. Wonderful hotel. Built 2006, brand new rooms facilities. Stylish warm. Wonderful staff. Great continental breakfast. Eggs, Bagles, Biscuits, Toast, 3Kinds Cereal, Orange, Cranberry, Apple, Coffee, Yougurt, Fresh fruit fresh. Pictures posted speak themselves.",0.6266391184573002,0.7640495867768595,Feb 21 2008
35,35,"Wonderful place stay!! We stayed Hampton last weekend &quot;girls get-away&quot;. We arrived check-in called directions gotten lost. The staff wonderful gave us landmarks made easier find hotel. We able check early leave luggage room. Parking conveniently located across street. The room extremely clean beds comfortable. After checking morning, able leave luggage locked area lobby toured city further. We definitely come back another trip soon!!!.",0.3624242424242424,0.5742424242424242,Feb 4 2008
36,36,"A Wonderful Little Hotel Lower Manhattan! We stayed delightful little (a real find NYC view) Christmas week '07 (just last week!) would return heartbeat. While rooms closets definitely small, NY all, excellent value city. The beds extremely comfortable bathroom quite large, always well-stocked. There free internet connection room, flat-screen TV wall, local calls free. Every business day free delivery Wall Street Journal USA Today!The breakfast buffet quite okay, though wife vegetarian would welcomed hot meal options her. Every day two hot meal choices, usually sausages eggs, otherwise bar well stocked fruit juices, bagels, bread, fruit, cereal, tea, coffee hot chocolate availabel 24 hours day!The also safe neighborhood adjacent South Street Seaport 5 minute walk subways, A train connects JFK thru Air Train cross-town 1,2,3 trains rest Manhattan. We walked streets quite safely even 10pm night, returned home 1am New Year's Eve, quite safe. Within walking distance Financial District, Battery Park, Ground Zero, rest Manhattan minutes thru subways.The staff excellent, room service doormen front desk, especially Jackie checked us efficiently welcoming smile, made sure entire 8 day stay well taken care of!",0.29929247835497835,0.5854557479557481,Jan 5 2008
37,37,"Not cozy romantic problem free friendly staff! I stayed final 2 nights trip. Upon reflection, nothing special unique I know I wont really think back stay remember road. There nice view. No pay-movies. No restaurant bar. The room small clean. It look slick pictures website, pretty close. On flip side, complimentary water waiting I first arrived room, complimentary breakfast available morning, pleasant professional staff working times day. So although really much I'll remember hotel, might good thing folks.Contrary people's opinions, find convenient subway. We walk 15 minutes get subway, 25 minutes evenings. This near South Street Seaport fun day, evening area pretty much shuts down.Would I stay again? Yes, business. I would recommend families looking romantic relaxing place.",0.1932874931581828,0.5574247400109469,Jan 5 2008
38,38,"Good value NY We stayed Thanksgiving daughter lives ina small apartment Brooklyn. This clean, neat verysafe part town. Although average, excellent value New York. The room larger we've paid twice much for. Subway convenient, even taxi fare anywhere wanted go outrageous. Wtihin reasonable walking distanceof &quot;ground zero&quot;. Would recommend others prefer value over&quot;plush&quot;.",0.12030303030303029,0.5854545454545454,Jan 3 2008
39,39,"Typical NYC Hotel - Small Room Convenient Location Scandalous Price I stayed several times now, trips business purposes. As business seaport district, location convenient. Just two blocks office seaport shops restaurants. The rooms nice small - typical city - expecting much room walk around bed, closet tiny. Ask one rooms terrace top floor - least walk look seaport. Internet connectivity free, good. The breakast bad considering free, would pay $10 Cafe Europa street.The main issue price - anywhere else US would probably $149 max per night. I paid $650 per night December. Ouch.",0.061111111111111116,0.4930555555555556,Jan 2 2008
40,40,"Better expected Booked Hampton Inn I needed travel NY business NOTHING else available. I've told first week December good time come city business hotels sky high (this property $521, $100 per hour sleep $350 I would expect pay). I've stayed area never hotel. At rate normally expect luxury, week hotels equally expensive many availability all. The Hampton Inn offered warm cookies check in, clean room comfortable bed, clean bathroom. The sheets bit scratchy clean, bed comfortable. The flat screen tv saves space small room. In morning, free warm (not quite hot) continental breakfast available, &quot;grab &amp; go&quot; bags run. The &quot;fitness center&quot; consists one treadmill one bike, expecting workout, stay elsewhere. I find area noisy...in fact bit deserted, restaurants around Metro close. One downside colleague shut due &quot;maintenance&quot; room (read: oversold) hotel, credit, gave voucher stay Express, far away. Also, couple rooms actually basement level, beware. Nonetheless, I would stay again. It short walk financial district.",0.1796551724137931,0.5094252873563219,Dec 4 2007
41,41,"Great Room noisy The Hampton Inn Financial District newer property features comfortable rooms, nice bedding/linens, flat screen TV's mounted wall, nice bathrooms. As far Hampton Inn's go, nice property. The Service excellent. There doorman, whose name escapes me, helpful good local insight. He gave us detailed directions everywhere wanted go. The front desk staff everyone else nice. The negative way rooms situated room doors floor opened common area - hallway. So, people going nightcap 1,2,3am, easily hear slamming doors, cell phone conversations, etc...this &quot;heads up&quot; reason stay all. Also, location good history buffs (wall St., financial area, 9/11 memorial area, south street seaport) really find whole lot within short walk hotel. There 2 subway stops close by, easy get made transport mid/upper Manhattan easy. Just know going ride subway take cab get anywhere blocks around (chinatown/little Italy mile walk - TOO bad...) If OK that, excellent affordable choice (we paid $179/night Thanksgiving weekend!) I fully recommend hotel!",0.29500000000000004,0.6014583333333334,Nov 30 2007
42,42,"Can't understand rated highly I can't understand rated #18 300+ hotels. It small hotel, literally 4 windows across, historic building rooms strategically situated accommodate 8 rooms per floor. The room small even NYC standards. Though relatively clean, room dark dreary, drapes faded stained stains kind bathroom door. The quilt bed smelled laundered long time. With one elevator, cleaning staff needs use move dirty laundry trash along visitors. Not pleasant experience. At one point, shut elevator use. You need able use stairs. Would stay again. On side, staff friendly helpful. If validate parking ramp across street $20 day really cheap NTC.",0.025261437908496737,0.6388562091503268,Nov 27 2007
43,43,"Clean good bed tiny room overpriced Clean, well-maintained, providing comfortable bed. Good shower / water pressure. Flatscreen TV; movies. Tiny - I mean tiny - room. Hard walk around. No frills.At $200-250, good value. At $610 / NIGHT!?! You got kidding me.",0.24930555555555553,0.592013888888889,Nov 8 2007
44,44,"Excellent Hotel We stayed one night whilst travelling New York I really wish weâd stayed longer! The clean extremely comfy beds plenty room get unpacked. The facilities excellent, flat screen TV, coffee machine, ironing board clean well presented bathroom. The hotelstaff friendly made us feel really welcome. The breakfast following day wanted staff helpful. The location great somereally nice shops, bars cafes close by. I suggest burger Nelsons across rd (Kiwi bar) coffee Jakes around corner. Only problem would breakfast server plastic plates (perhaps problem day), dont let put excellent!",0.41630570409982176,0.7235026737967916,Nov 3 2007
45,45,"What great find. The Hampton Inn fantastic little deserving high ranking within Tripadvisor. We spent week using base seeing sights New York City. The located south end Manhattan Island next northern ramp Brooklyn Bridge. There number Metro stations within 5-10 minute stroll getting bustle mid-town NY problem. In evening elected return taxi which, tourist spots Times Square Madison Sq Garden, cost us $12-14. Just around corner pier 17. Since fish markets closed years ago area redeveloped includes many restaurants, shops, bars stunning views Brooklyn Bridge. The Staten Island Ferry terminal 10 minute walk away along pier front ferry terminals Liberty Ellis Islands couple minutes on. Before booked wonder central location would better suited NY visit hindsight know made right choice. Getting tourist hotspots easy.Our room functional fairly compact European standards wanted, somewhere crash end busy day, served purpose well. The room modern, immaculately turned out, thoughtfully decorated relaxing. The bed something else though without question comfiest bed ever slept in. There en suite bathroom clean fresh. The view window back wall building behind expect anything else concern us.The staff friendly, approachable helpful. Marco doorman mine useful information tourist!There light, self service breakfast supplied small dining room next reception consisted Cereals, Coissants, DIY toast, doughnuts (for breakfast??!!) fruit, yoghurts, tea coffee plus various hot items changed daily. The dining area kept clean replenished attendant hostess.If (when) return New York question return Hampton.",0.1630175447858375,0.4469193678949776,Oct 20 2007
46,46,"Wonderful Little Hotel Great Location A little gem steps away Seaport, literally 2 minutes away, tucked away side street guests subjected late night raucous merrymaking. The rooms &amp; facilities exceptionally clean well-maintained. The individually climate-controlled rooms pleasant astonishingly quiet, although I find bit small. The staff goes way accomodate guests. We checked immediately courteously although significantly early. We took bags room, left immediately running late event, return late evening, time inspected room realized would uncomfortably tight husband, 7 year old daughter I. We requested larger room, instructed take bags 9th floor. Upon entering room, obvious housekeeping performed since departure previous occupants. We move bags another room. However, restored good humor voluntarily reduced rate half redress inconvenience. My 7 year old daughter forged special friendship Anthony, bell captain/doorman/provider anything else need. The desk staff always pleasant. A word warning complimentary breakfast buffet--quite bad.",0.10977040816326533,0.5216836734693876,Oct 18 2007
47,47,"Awesome Little Hotel...Great Location! Great Hotel! Absolutely loved location, literally right next Brooklyn Bridge. I would thought would noisy. But I never even heard car, compared usually staying mid-town extremely noisy. The room small, clean. Absolutely comfy bed. Loved flat screen TV.Glad I switched first choice usual mid-town one. We looking something near SoHo meeting friends coming LA booked 60 Thompson ($$$). We wanted close afford rates. We paid $197 + tax Hampton Inn!The Hampton Inn right next South Street Seaport water taxi. Loved water...its totally different atmosphere.The staff wonderful accomodating. Can't say enough good things them. Complimentary breakfast morning even take room you. They kind enough keep bags check-out even hold left overs restaurant fridge til ready get car drive back home.Parking $20.00 night right across street. Very convenience NYC extremely cheap. I'm used paying $50 night minimum, great deal.We took night time Manhattan Yacht Pier 59 (Chelsea Piers) cruise around lower manhattan. Well worth $50 ticket. Highly recommend. Amazing views right front Statue Liberty. Cool see night. They go Brooklyn Bridge, go little turn around. Afterwards dinner Pellegrino's Little Italy mile away. Again, well worth money. Amazing food. Next day took walk across Brooklyn Bridge pretty cool. A mututal friend used live there, told us amazing pizza place Brooklyn Bridge Brooklyn. They right. Right Bridge Grimaldi's Pizza. Plan waiting least 30-40 minutes outside table. I'm waiting person, worth shade breeze.Having NYC many many times, I forgot much I enjoyed staying lower manhattan. Last time I stayed stayed twin towers. This location even better. Great weekend getaway.Would definitely stay Hampton Inn Seaport again!!!!!",0.25432357875810263,0.5187011841773745,Oct 9 2007
48,48,"Great location friendly staff comfortable bed The location really great cabbing it, good taking subway, manageable. The staff incredibly friendly. Given small size lobby, I pleasantly surprised nicely room decorated, perks (flat screen tv), comfortable bed was. I think I've slept comfortable bed hotel, ever. This presents great value NYC.",0.4267857142857143,0.6553571428571429,Oct 3 2007
49,49,The staff special This budget good location central everything. The nearest underground City Hall compared opposition extremely good value Manhattan. There plenty good restuarants within walking distance.The staff really nice people I would recommend people visiting New York without hesitation.,0.4562152133580705,0.5822820037105751,Sep 19 2007
50,50,"Good great location We spend days Hampton Inn New York Seaport / Financial District flying back home. The located right next Pier 17/south street seaport within walking distance south Manhattan. It took 5 minutes walk subway, little 10 walk Ground Zero. The whole area lots shops, restaurants fast food places great view city.The room bathroom clean nice supply everything could possible need. We small problem door lock, problem solved quickly front desk. The room little small side, roomwas larger rooms Manhattan hotels staid previously big enough 2 adults teenager.Every employee. encountered extremely courteous helpful everything directions, recommendations places eat requests extra towels. Breakfast good breakfast area kept clean.",0.19440259740259735,0.4813975468975469,Sep 8 2007
51,51,"Great lower manhattan(professional clean) I stayed August 31 September 4. The immaculate. I room king bed second floor. The room quiet clean. The room average NYC size (not small large). I understand rooms terraces prefer larger room may worth booking available. The bathroom decent size (shower/tub combination) bed extremely comfortable. The new furnishings reflect this. Each room plasma TV. The employees friendly helpful times. They helpful providing tourist information (maps etc) guests. The location great - near southstreet seaport wall street. It welcome change stay away crowds Times Square. The close Fulton Street subway I able attend 2 plays jazz concert. As part rate full hot/cold breakfast morning (including fresh fruit, eggs, various selections breads baked goods, several types juices cereals) afternoon snacks beverages provided lobby. I would highly recommend visiting New York business pleasure. Do put location. The subway close easy use. I walked around dark felt safe. The southstreet seaport area great restaurants attractions. It historic location explore. I definitely staying again.",0.26910680465367964,0.5097706980519481,Sep 5 2007
52,52,"Small room ok I guess Rooms seem new, small used Hilton properties. Morning breakfast included room rate, eating area small become crowed morning rush meetings appointments. A single slow elevator gets lobby room. The staff nice rooms clean. You walking distance harbor Wall street working. Front desk arranged private car transportation JFK, $50.00 well worth consider cab price.",0.05263347763347762,0.44240259740259735,Aug 20 2007
53,53,"delightfully surprised We stayed 5 days family vacation; me, wife 2 teenagers. The rooms clean good size, NYC standards. The staff excellent. It located financial district suspicions lot less busy weekends. Complimentary breakfast nothing top, certainly adequate better many places. It located within easy walking distance subway - 4 blocks. If first time Manhattan, subway system good get mid-town without difficulty. If want take cab, $20 one way. You walk Wall Street Ground Zero. SoHo Village reached walking short subway. This excellent value. If pure theatre experience, may want look little closer mid town. That said, I would go back",0.321592970521542,0.48460317460317465,Aug 19 2007
54,54,"Exceptional service location It grandmothers 92nd birthday stayed Hampton Inn. On actually birthday staff surprised beautiful bouquet flowers thoughtful card room came back remarkable treatment either us ever encountered. The staff incredibly attentive kind. The rooms compact clean linens high quality beds comfortable. There flat screen TVâs room mounted wall help saved space valuable commodity NY. The breakfast basic nice variety options. The location right around corner plentiful selection restaurants activities. I would recommend circle line Zephyr harbor tour. An excellent view harbor vicinity 5 minutes walk hotel.The downfalls: It expensive everything New York. It also good haul get uptown regardless whether take taxi, bus subway. Just prepared stay day plan heading uptown. The exercise room essentially closet composed entire 2 machines, sufficient uses.Overall made feel home welcomed throughout entire stay. I would highly recommend staying here.",0.3011696636696637,0.6207792207792209,Aug 19 2007
55,55,"good deal nyc I find room last minute nyc. I tried Priceline accept bid I try stuck I want pay $300 room. I read clean great beds reasonable nyc. Initially quoted $269, I called back $249 I got gave $229. I needed stay extra nights gave room $195. Although lot money, new york, times rates go $540 insane. The Seaport, place I'd never been. I loved location great restaurants live music night. The new, rooms small, 2 queen beds great, nice bath room flat screen TV. They room films pay per view, disappointing okay. The staff friendly helpful. The simple, real lobby bar restaurant, although breakfast room continental breakfast okay, nothing great, terrible coffee. I would stay again, plan ahead try lower rates.",0.17743298368298366,0.5356884781884782,Aug 14 2007
56,56,"This place wonderful! I'm happy see travelers great experience hotel. We paid $242/night weekend four people, two beds. Definitely pricey, NYC, price includes hot continental breakfast every morning right lobby dining area. . This fabulous! The quality service rivals five-star hotel. Tony bellman phenomenally helpful friendly, Carmen rest desk staff also tremendously helpful. Rooms large, very, comfortable sparkling clean. There eight rooms floor, quiet inside. Some street noise outside heard, depending way room faces, manageable.The location ideal---just two blocks Southstreet Seaport shopping walking distance financial district. They give free access Internet via lobby computer, laptop. Overall, memorable, delightful experience. I highly recommend hotel, apparently named best Hampton Inn chain once.",0.35387755102040824,0.6183078231292518,Jul 30 2007
57,57,"Great staff The Hampton Inn new built look like awhile due NYC code requirements. It standard Hampton Inn. It 9-story 65 rooms Lower Manhattan. There real lobby rather small sitting area, walking area elevators ground-level rooms, front desk, breakfast area. You pay standard Hampton Inn rates within walking distance Wall Street. In experience, rooms expensive Mondays - Thursdays. For example, I've seen Tuesday night rate $399 Friday night weekend rate $219.The great location business Wall Street U.S. federal courts (only blocks away). It also convenient subway bus stops. The located 320 Pearl Street corner Pearl Street Peck Slip (an old cobblestone street lots restaurants). The close FDR Drive Brooklyn Bridge. The easy miss. I drove twice Hampton Inn sign small &quot;half-circle driveway&quot; entrance. There parking parking garage block away available reduced charge guests. Wireless internet included room rate. It worked great 3-day stay. My room, though small, nice big desk.The staff friendly helpful. They really made stay. Breakfast included Mondays - Fridays step standard continental breakfast two hot items every morning. One morning pancakes well scrambled eggs. There also fresh fruit.As stated, rooms small New York expected, rooms larger others. My room clean. Some rooms face Pearl Street others not. Some rooms Pearl Street first six floors face back building. I think ground-level rooms may private courtyards. Other rooms back face river ONLY rooms top three floors (7-9, I think). What really neat top floor rooms small terraces. These rooms really bigger others great views. There terraces Pearl Street side unsure river side.As mentioned, close many restaurants. It also within walking distance South Street Seaport even restaurants. One great restaurant new French restaurant right around corner 259 Front Street (it used Mexican restaurant). The food good staff friendly. It tables sidewalk get &quot;cafe&quot; feel. All all, I highly recommend Hampton Inn Seaport.",0.19590554899645815,0.4625639512003148,Jul 19 2007
58,58,"Wow find! I great experience staying Hampton Inn Seaport last weekend. I've never stayed looking something inexpensive. What find! Clean beautiful room, located close subway (a blocks away Fulton) service. The bellman friendly Berkis Carmen, two women worked front desk, could nicer. They remembered name addressed time I came went. Believe not, service similar I received Four Seasons Philadelphia JW Marriott Cancun. Amazing $199.00. Who knew! Keep good work! We look forward staying near future.",0.3368055555555555,0.545138888888889,Jul 12 2007
59,59,"Loved Hampton Inn Loved New York Stayed Hampton Inn Seaport week 4th July. It nice place stay reasonable price. The rooms spotless, I think I ever seen cleaner bathroom hotel. It spotless!!! The staff courteous, always smile, tried help anyway could directions around town. The breakfast great, great staff, cleaning staff wonderful. They snacks afternoon nice, always fruit available, coffee. And beds comfortable I every slept on. I wanted take home. And I say New York, IT WAS WONDERFUL. The subway street, close Little Italy, Chinatown, right street Seaport shops, places eat, things do. I always heard people New York rude, BUT I NEVER RAN INTO THAT FIRST PERSON THAT WAS RUDE. I LOVE NEW YORK. I always Yankees fan, went first game Yankee Stadium. Had great time, tourist things, Statue Liberty, Empire State Building, WTC, Times Square. I wish I time cover whole city. I especially loved Little Italy too!! Overall great reasonable place stay, good access everywhere. Would give place thumbs anyone. Loved everything!!!!!! ONE LAST THING THE FIREWORKS WERE AWESOME!!!!!! THANK YOU HAMPTON INN, AND NEW YORK CITY FOR A GREAT VACATION I WON'T EVERY FORGET!!!!!",0.39089213674198425,0.5968183577939675,Jul 11 2007
60,60,"Great place stay NYC Very pleased stay visiting NYC. Check-in breeze, room clean neat. The staff pleasant helpful. Absolutely NO complaints viewpoint would definitely stay again. Subway 7 min. walk hotel. Battery Park boats Ellis Island well WTC site within walking distance (or free shuttle). Hotel located vicinity Brooklyn Bridge. Parking available across street private parking garage. Hotel allowed us check bags upon early arrival departure could sightsee. Noise problem even though room overlooked Pearl St. Beds absolutely wonderful. Just great place stay visiting NYC.",0.43692307692307697,0.6911538461538461,Jul 4 2007
61,61,"Anothre Hampton Inn Success We booked Hilton Honors stay Hampton Inn reading reviews. I say I agree positive reviews. I asked quiet room was. Our view brick wall, fine.",0.23598484848484846,0.34469696969696967,Jun 29 2007
62,62,"Excellent!! Nice location, clean, heavenly beds, great breakfast, I can't say enough hotel. give try. staff unbelievable!! friendly helpful. We made mistake staying 2 nights moving midtown rest stay. We regret spend entire visit hampton inn seaport. next time visit tihis stay!!",0.27510416666666665,0.7075,Jun 5 2007
63,63,"Great place price I think find better deal Manhattan - paid little $200 recently updated room. It clean, decent-sized convenient (parking lot right next door reasonable). We impressed overall. As many reviewers noted, bed incredible comfortable room well decorated. The flat screen tvs nice touch keep room uncluttered.",0.3531175595238095,0.5419196428571429,Jun 4 2007
64,64,"LOVED THE HAMPTON INN SEAPORT!!!!!!!!!!!!!!!!!! Just returned 3 night stay. This FABULOUS hotel. The front desk staff, doormen, breakfast staff, EVERYONE incredibly friendly helpful warm welcoming. The room fabulous too. Really comfy beds, great decorating, super super clean. The breakfasts great - fresh fruit, bagels, muffins, hot eggs sausage, etc. Good coffee. Just around corner FABULOUS little Italian restaurant - Bon Amici. Highly recommend it. I stay everytime I come New York. Can't say enough great things it!!!!!",0.3984379509379509,0.6346608946608946,May 15 2007
65,65,"Comfort Service Location.... I stayed week business found room large, (by NYC standards), bed comfortable, bathroom big whole place clean. The room great flat screen TV, nice size desk, free internet (but bring laptop) free breakfast. The breakfast elaborate, adequate including fruit, yogurt, cereals, breads, muffins, bagels, 2 hot selections varied day. The location 2 blocks South St Seaport, several nice restaurants nearby. I loved Acqua Dodo Cafe. In addition, within 3 blocks 2 major subway lines, quickly uptown, anywhere else need go. I particularly impressed service since I leave short notice put dry cleaning next day return. The helpful staff got back dry cleaners within hours I could leave town clothes ! Also, I returned day work, warm complimentary cookies guests-a nice touch.Just one piece advice, room ground floor although I mind I wear earplugs I sleep, ground floor rooms noisy get lobby noise.",0.29121100164203617,0.6133415435139574,May 11 2007
66,66,"Really liked highly recommend Spent three night would highly recommend it. The location great: right next Brooklyne bridge South street Seaport area shops attractions. Battery park city hall short walk away several subway stations area. The small, I told opened recently, overall pretty new, clean well kept. It family friendly, 4 year old loved it. The staff front desk extremely helpful courteous. When got gave tour various rooms available I could choose one I liked most. We room two queen beds, fairly large NYC standards. Had desk, window facing Pearl St, flat screen tv, two telephones, coffee maker etc. The beds bed linens new, clean, comfortable, get plenty pillows choose one like best. The bed definitely plus me! The batroom large, clean, bathtub, hairdryer, plenty supplies. Overall room nice, well decorated, modern, clean. We 4th floor, facing street, slightly noisy. It problem us, trouble falling asleep maybe ask room back, one facing Pearl St.Another thing I liked lot breakfast included, offered several nice options: fruit, yogurt, cereal, muffins, bread, butter, jam, eggs, sausages plenty juices, coffee, tea. It nice wake able breakfast hotel, head ready savour NYC. One last tip, one block Italian restaurant called Acqua. The staff recommended I bit suspicious, I wrong. It good went twice, I'm 100% Italian, trust judgment one! We home made pasta nights, gnocchi, pappardelle, great wine list, fantastic desserts (we tried pistacchio mascarpone gelato, really good!). For $188 night (we w/e) + taxes I think I could found better value money NYC!",0.2693216604823747,0.5177728818800248,May 9 2007
67,67,"Service Smile--MINE! I spent one night Hamptom Inn--what pleasant surprise! Fantastic service--front desk, maids, even guy powerwashing sidewalk outside hotel! EX: I checked 5 hours earlier check-in time, treated like royalty. No hassle, issues. At first thought room available--and recommended I accept 1st floor room believed available b/c street noise--but quickly found available room higher floor.Rooms great design features amenities--clean, funky, comfortable, great bed linens, flat screen wall-mounted tv. (While rooms small, even NY standards, service surroundings well make it!)For really small hotel, overwhelming treat experience stay Hampton Inn.",0.26805555555555555,0.5208333333333334,Apr 26 2007
68,68,"What Great Deal! This great little friendly staff, clean comfy rooms great location. I booked room first visit NYC. A friend came me, NYC several times. She impressed room said would definitely stay again. Same me, I least one trip NYC planned I stay here. I'm picky cleanliness room, (I travel business lot). This passed high standards. The bathroom clean, The beds comfy sheets bedding good decent quality. They serve free breakfast morning, nothing fancy, scrambled eggs, sausage, sometimes fresh waffles, breads, fruits, yogurts, cereals, juices coffees, satisfies. Although, I use it, free internet rooms.I almost hesitate write review, deserves great review, I want keep secret good friends!",0.3454807692307693,0.5605769230769231,Apr 24 2007
69,69,"Hamptons Shining Star - Don't Stay Anywhere Else My wife I visiting New York several years already aware Hampton Inns great value money, however first visit Seaport location best thing ever done. This shining star Hampton galaxy, rooms spotlessly clean huge beds soft marshmallow bedding sink into, there's plasma TV every room, ice soda machines landings compact gym basement. We talking 4 5 star quality without dressing.Included terrific rates complimentary hot cold buffet breakfast much eat. There's bar restaurant matter right around corner great diner host fabulous Seafood, Italian, Steak, Japanese traditional restaurants. Seaport like step back time cobbled streets old warehouses modern shops bars etc. It's Oasis heart New York. The Hampton Seaport right Brooklyn Bridge, block subway (10 mins Empire State) 5 minute stroll Ground Zero.The staff terriic, helpful friendly. One greatest surprises finally climbed bed silence, sirens, car horns, people shouting warm comfortable sweet dreams. Can't wait go back.",0.2672300738477209,0.5136427298192006,Apr 2 2007
70,70,"Best Kept Secret This great Hotel well located Downtowm Brooklyn Bridge. Subway short walk uptown time all.All staff friendly, search price net, stayed three nights Â£207",0.3145833333333333,0.44999999999999996,Mar 26 2007
71,71,Most comfortable beds ever!,0.5,0.65,Mar 7 2007
72,72,Good Hotel,0.7,0.6000000000000001,Feb 9 2007
73,73,Great stay Thanksgiving week end,0.8,0.75,Nov 30 2006
74,74,Serves purpose,0.0,0.0,Oct 24 2006
75,75,Walking Distance Ground Zero Seaport Brooklyn Bridge,0.0,0.0,Aug 30 2006
76,76,Exceeded My Expectations,0.0,0.0,Aug 22 2006
77,77,Great Hotel,0.8,0.75,Jul 4 2006
78,78,A Great Place Stay,0.8,0.75,Apr 9 2006
79,79,Einfach weiter zu empfehlen,0.0,0.0,Sep 17 2009
80,80,Angenehmer Aufenthalt angenehmer AtmosphÃ¤re,0.0,0.0,Jun 6 2009
81,81,?????????,0.0,0.0,Jan 7 2009
82,82,Rien Ã redire,0.0,0.0,Feb 23 2008
83,83,Un muy correcto para la Gran Manzana,0.0,0.0,Oct 7 2007
