,Unnamed: 0,Reviews,polarity,subject,Dates_extracted
0,0,"Could check Hotel closed! Prior booking Hotel 99 I read renovations underway lobby even called Hotel 99 confirm works done, hence offered discounted rate although confirmed works soon finish rooms completed available stay in..Like two previous reviewers girlfriend I stunned find Hotel 99 closed fire department due alarm standard.Unfortunately informed attempted check 9pm night Friday November 13 (Friday 113 strkes again!!). No email phopne call tell beforehand even though contact details booking.The reception staff said could stay although arranged accomodation us another hotel. He also offered us $5 taxi (which would cover fare).What mention 'hotel' booked fact hostel. The hostel fine hostel booked expected room similar Hotel 99 offered us (TV, Queen bed, modern, clean). We ened finding alternative expensive pleasant accomodation Park 79 (which good value way).In summary trust hotel. What sort place tries accept booking full knowledge adequate safety alarm systems place. Thank god fire department closed down.There numerous negative threads Hotel 99 people read deciding stay not. I would suggest dont stay Hotel 99.",0.1301449275362319,0.4639855072463769,0.4639855072463769
1,1,"Worst experience life! They totally ruin vacation !!! They wrote week arrival staff cancel rooms without compensation (some problem fire security alarm). I planned stay 9 days NYC spend around 6000 USD. They pay compensation losses. I chance find reasonable accommodation. Outrageous attitude staff. nothing me. THIS CAN BE HAPPEN AGAIN AND LIKE HUNDREDS PEOPLE, THEY CAN FIRE YOU FROM YOUR ROOM, EVEN TROUGH YOU WILL STAY !!! NEVER AGAIN !",-0.45,0.8375,Nov 26 2009
2,2,"Imminently Perilous Life This literally condemned staying there. We came home 12:30 morning find flier posted fire marshal saying building &quot;Imminently perilous life&quot; entered.They originally said would relocate us right away, come 2 still nothing us even promise put us somewhere. The next morning (at 7:30 am) directed new would space us. They refunded stay point, provide support second location. For everything happened us, I heard others complaining worse.At every point service insultingly bad learned trust anything said us. Do stay New York Inns Hotel Group.",0.01355519480519482,0.40455898268398266,Nov 16 2009
3,3,"Best Value In Manhattan Stayed 7 days, queen bed private bathroom. The rooms larger I expected well equipped writing desk, bedside tables, drawers, flat screen tv, comfortable bed. Bathroom clean well equipped, shower spacious. Good location 99th, relatively quiet area, subway 3 blocks away, plenty restaurants etc choose from. Staff extremely helpful, friendly courteous. The quite finished rooms top two floors still completed, elevator yet operational, staff carry luggage you. We paid $99 plus tax per night (promotional deal): best deal Manhattan. I would certainly stay again.",0.31412202380952386,0.575297619047619,Oct 24 2009
4,4,"Hotel 99 - almost 100%! Great deal NYC! We stayed 3 nights (Oct. 15-18, 2009) Hotel 99 double room two double beds private bedroom. The room awesome! Well decorated modern style large LCD TV, perfect size. The bathroom shower bathtub closed glass doors. Everything clean, new showing good taste! Indeed nice. As still construction (elevator ready yet), special rates, great deal NYC. Hotel 99 well located middle Upper West Side, close metro station. Neighborhood quiet safe. The staff professional, friendly helpful - (special thanks Luigi!). Please visit website pictures, forgot take room.Surely return definitively recommend it.",0.33923340548340547,0.4485128066378066,Oct 22 2009
5,5,"Nice Discovery We got double room queen bed private bathroom $110 plus tax, new place Upper West Side, Broadway &amp; 99 st. We discovered place somehow web, reviews I noticed Hostel 99 could mistaken this. The web page looks great prices quite affordable, take risk booked room here. The place finished yet, areas still construction, rooms fully finished least one got pretty nice. Not big room, small one. Everithing brand new, quite clean, quite confortable. The metro station tree blocks away, quiet neigborhood... In expensive place like Manhattan, finding clean, modern, confortable yet affordable nice discovery. I recomend it.",0.14862193362193363,0.5141630591630592,Oct 19 2009
6,6,Great value New York Hotel Hotel still construction floors. How ever completed rooms first rate. Staff helpful. Location Upper West Side pleasant friendly tourist orientated areas city. Access easy subway Times Square etc.,0.39280303030303027,0.5137878787878788,Oct 13 2009
7,7,"Great find - best deal New York City I looking Upper West Side stay concert evening New York City I came across Hotel 99. First finished yet lobby still completed. Because that, offers big discount. That said, room stayed nice - neat, tastefully decorated, maybe opulent certainly comfortable. It flat screen TV I notice intricate stonework walls bathroom - certainly cheap sleeper. And price offered, easily best bargain New York.",0.3292140151515152,0.44408143939393935,Oct 12 2009
8,8,"Best value Manhattan Stayed int new Hotel 99 2 days business trip City,. I made reservation online prepared budget accommodation since still renovation work. I pleasantly surprise - rooms brand new, great location, large LCD TV free Internet access! Since special promotional rates probably best bargain New York moment. Great find!",0.5467138921684377,0.5663911845730026,Oct 11 2009
9,9,Un ottimo sta nascendo,0.0,0.0,Nov 10 2009
10,10,Ottima scelta!,0.0,0.0,Nov 1 2009
11,11,No se puede pedir mÃ¡s,0.0,0.0,Oct 23 2009
