,Unnamed: 0,Reviews,polarity,subject,Dates_extracted
0,0,"Perfect service We stayed Kitano 5 days November, got exactly looking for: excellent service. I'm bit design nerd, I often drawn trendier hotels, service hotels (especially Manhattan) often leaves much desired. So time, opted prioritize service design, I'm glad did.True, rooms bit dated standards, spotless customer service impeccable. We room service least day, made requests ice, glassware, pillows, etc., several times stay, ample opportunity judge level service. We disappointed once. The staff friendly happy help. I would definitely recommend Kitano. (We stayed one King Premier rooms, found spacious quiet, especially New York standards.)",0.2731818181818182,0.6394949494949496,Nov 17 2009
1,1,"Great Hotel; Excellent location I spent four days Affinia Gardens. The location excellent, blocks walk Times square, Broadway Theater, shopping areas. The Hotel staff friendly mainly Mellisa, Shefi,Jennifer,Glanda Caprice. More important non smoking Hotel pet friendly impressed high quality bed linens.",0.4563888888888889,0.6102777777777778,Nov 15 2009
2,2,"Okay 5 day stay twin double room th 10th floor.The quiet, rooms smelt smoke dark. But rooms clean, tidy well equipped flat screen 32 inch TV, minibar CD/Radio MP3 connection.Some staff helpful good. A good tip bell boy arrivial purchased good service 5 days. But check staff unwelcoming. Considering party 3 rooms spent $3000 us stay feel looked felt invisible staff. This could good some, like American service get many good hotels/restaurants etc.We stayed Sofitel New York last time would go back next time, better, still fine top quality 4 star NYC.",0.3039878787878788,0.39198181818181815,Nov 9 2009
3,3,"good location spent 5 nights kitano. location excellent, min walk grand central station room looked empire state building. ok, rooms spacious beds comfortable. lovely clean staff friendly helpful enough asked anything. feel slightly disappointed amount paid it. nothing specifically wrong, lacked something me. surrounding area couple restaurants would recommend - reese's (one best steaks ever had) simply pasta nice little italian reasonably priced. bars australian bar close good also ginger man. overall would prefer try another would return kitano.",0.22452898550724637,0.5211801242236025,Nov 1 2009
4,4,"Great We really liked much. Good location explore NY. Lovely room, clean quiet important me. The staff always friendly. The beds nice soft often disappointing hotels.",0.34924242424242413,0.6893939393939394,Oct 27 2009
5,5,"Excellent choice! Everything great use garage (actually hotel, valet), car scratched 2 different place....and trying contact garage administration 3 weeks without success.",0.42000000000000004,0.49000000000000005,Oct 26 2009
6,6,"Quiet Convenient NY Location I returned three-night visit, I loved hotel. The midtown location Park Ave perfect, short walk Grand Central Station/42nd Street subway entrance Lexington Ave trains. The location quiet NY standands. My room lovely, nicely decorated muted earth tones, clean. High quality bed linens, bath towels, bath products. I found staff efficient helpful answering questions. The lobby area never mobbed people way NY hotels are. I definitely stay again.",0.3182051282051282,0.6166666666666666,Oct 24 2009
7,7,"Good Hotel MidTown East Manhattan Nice hotel; large room, friendly staff, good location Park Ave. Grand Central. Ate breakfast one two days I stayed, unexceptional. Very nice concierge staff.",0.412636684303351,0.6297178130511464,Oct 23 2009
8,8,Wonderful peaceful This great location 2 blocks Grand Central station. The service good I impressed quiet was. The room spacious clean.,0.5485185185185185,0.7248148148148148,Oct 20 2009
9,9,"Good location. The best thing location. Even though close many things, quiet, well-to-do neighborhood. Grand Central Station (4, 5, 6, 7 trains) 3 blocks north. You take Coach bus Newark Airport costs $25 roundtrip drops 41st Park Ave. Times Sq (and trains) walking distance - 10min. Koreatown 6 blocks away. Empire St. Bldg 4 blocks south. The diner Pershing Sq supposed good always packed (we missed breakfast time slot ends 1030a).We basic room one double bed (room 501), looked Park Ave. The room bathroom clean well taken care off. However, TINY! (My guess 200 sq ft.) There enough room one nightstand bed. The standard room big enough one person couple short trip, there' enough room 2 large suitcases. The windows insulate noise street. However, could hear noise hallway. Even non-smoking floor could smell cigarette smoke ventilation system every day.Front desk/concierge staff polite helpful approached. However I say overly friendly went way go beyond. (Maybe that's Japanese culture?) Housekeeping staff excellent, would fix bed every time stopped back rest. Bathroom toiletries nice. There's towel warmer every bathroom, turn least hour want shower. Remember turn off, gets hot. Water pressure shower good.When checked given key mini bar exist room. This guy familiar rooms.Would pay full price room, got last minute deal birthday weekend Priceline.com.",0.19604538690476192,0.44229910714285714,Oct 18 2009
10,10,"Relaxing easy I would highly recommend great location, pleasant staff. The place clean beds extremely comfortable. They provide little extras umbrella, newspaper turndown service without extra charge. You see Grand Central station front door easy access main attractions.",0.31814102564102564,0.6423076923076922,Oct 17 2009
11,11,Quiet Hotel Good Location Enjoyed stay Kitano. Found good rate decided give try. The bedding nice duvet cover comforter. Lots well thought touches wine glasses available power strip chargers end desk area (hidden! found them) Nice bathroom. Very quiet well. We 15th floor street noise. Jazz bar however night stopped drink everyone sitting lined along wall quiet like concert. All good stay.,0.3375793650793651,0.5644444444444445,Oct 12 2009
12,12,"Perfect perfect location nice room We stayed 14 nights honeymoon nice time. We recommend fully manage find good price, itâs perfect NY. Very clean, lot little extras: Shisheido hand soap, green tea, newspaper, bathrobes, slippers, umbrella... The &quot;but&quot; internet connection free, connect via wifi pay 10 $ day. Not worth want check e-mail. You instead go Public library apple store.",0.37070512820512813,0.7135897435897435,Oct 10 2009
13,13,"Great Hotel elegant style Nice Junior Suite two double bed, got free upgrade. Spacious clean room great bathrooms. Helpful kind staff. The rooms noisy. The Hotel close Grand Central Station walking distance Times Square approx. 10 - 15 minutes.",0.45666666666666667,0.7150000000000001,Sep 28 2009
14,14,"Fantastic great location Quiet central location, big, spotlessly clean rooms great service. If get good deal online I would recommend anyone.",0.3833333333333334,0.5479166666666667,Sep 19 2009
15,15,"Great Location Quiet Bit Stiff Very Clean No Problems We booked 5 day leisure trip NYC found Kitano web search. Price boutique little underpopulated, upscale quiet neighborhood Murray Hill excellent searched. Two years ago, could touched room $450, paid $200. This clean atmosphere cordial, little stiff. We ZERO problems issues service, bogus charges, elevators fast service always timely polite. Rooms moderate, bath large excellent shower Gilchrist Soames toiletries big plus. Windows essentially soundproof opened top want prove yourself. Location place amazing, easy walking distance Les Halles, Little India, Empire State Bldg, Grand Central, Macys Time's Square. I done lot worse Big Apple price right again, I return. Arrigato, Kitano.",0.2036767399267399,0.5724725274725275,Aug 26 2009
16,16,"Good rooms jazz bar reservation system joke! After stressful day office, want hear reservation canceled (??) I never canceled anything I told upon arrival!!. The office clerk told check reservation manager latelely came back told reservation canceled mistake (??) After talking rude manager phone, finally accomodated room. Room fine Jazz bar live music made relax evening...I'll probably return. I wouldnt rate Hotel 4stars though...",0.20883838383838382,0.5333333333333333,Aug 25 2009
17,17,"***** If want gracious comfort, simple elegance style, amenities, professional accommodating staff location, location, location stay Kitano Hoel Park Avenue. Blissful!",0.08125,0.24357142857142858,Aug 18 2009
18,18,"An Oasis Quiet Calm City Never Sleeps! My family 4 stayed Kitano 1st August 2009 4 nights. We arrived early allocated room immediately arrival. The front desk staff courteous professional, though I agree reviewers, overly friendly, especially States. We, too, noted doorman frequently stood watched struggled heavy main door, gave little attention gave us cause us problem. Our room clean fair size view Empire State Building. The window smaller average, though really detract room. Little touches like dressing gowns, slippers umbrella useful appreciated. The room extremely quiet. We stayed anywhere quieter certainly New York pleased come back oasis calm serenity evening. The beds comfortable bed linen crisp white. The location good; minutes walk Grand Central Station, 10 minutes New York Public Library Bryant Park similar Empire State Building. We got good price overall happy stay. We would stay would recommend Kitano anyone looking understated, calm tranquil, within walking distance key attractions sights.",0.1835378787878788,0.496435606060606,Aug 17 2009
19,19,"Great location shame staff I agree previous review staff Kitano way friendly helpful. We also experienced struggling bags whilst door man looked on. Reception also cold, making effort engage polite conversation - honeymoon even get contratulations. I could also smell smoke non-smoking room, time I thought going potty I complain!The thing annoyed greatly internet charge wifi - $10 24 hours. I find greedy room rates high.On plus side, location good - short stroll Empire State, Chrysler, Grand Central Terminal, 5th Avenue, Time Square Central ParkThe rooms well maintained adequate space nice bathroom. The view window good - Empire state building.I would visit Kitano again, location fact rooms quiet.",0.253921568627451,0.582843137254902,Aug 14 2009
20,20,"Very unfriendly...rooms fine personnel could rude. We stayed Kitano past weekend. My mother law, myself, three kids, two family friends. We 3 rooms total. The rooms fine, staff rude. Upon arrival got us room supposed non-smoking - wasn't. It reeked smoke upon entry. When I called front desk simply explained whole 10th floor non-smoking. Even bellman disgusted smell room. I can't believe I insist someone smoking room.The rooms fine, overall, staff not. The concierge could bothered help out, front desk lukewarm I actually struggled open front door pushing stroller two times doorman bellman (I think one person jobs) stood watched struggle. All all, overly pleasant experience although rooms fine one Bellman, Ivan, could nicer family.Perhaps recommended families - all.",0.08055555555555555,0.5179894179894179,Aug 10 2009
21,21,"Clean comfortable Stayed weekend. The rooms decent size, clean nice touches (like complimentary robes/slippers umbrella). Would definitely go back recommend. It quiet part new york, looking middle excitement, may you.Booked expedia (flight/hotel deal) seemed quite reasonable flight/hotel combined. I would NOT recommend SuperShuttle service airport. This associated hotel, option getting A B. Instead, looking getting NY airport cheap, would recommend bus service leaves grand central.FYI, business centre hotel, pay use - $8 15 minutes internet usage.",0.2727972027972028,0.5895804195804195,Aug 4 2009
22,22,"Nice hotel....would go back we're area... Overall, I would recommend hotel. It's hustle bustle Time Square type touristy area....it's quiet ideal want able walk anything NY, still quiet time. The quaint, quiet neighborhood. The rooms clean, nice toiletry, added touch- towel warmer...although I figure use never really heated towels.....the bed comfortable fairly new lcd tv nice touch, although mounted &quot;floating&quot; television mount stand kids, may need watch could accident waiting happen. Also, others mentioned....there coffee maker room, since Japanese inspired, room hot tea maker- convenient Japanese business men seemed primary guest hotel. The rooms ironing board iron, call that, found bit odd, since rooms standard. Nice thing room- closet bath robes, slippers umbrella. The umbrella important sprinkling bit stay umbrella room- would buy one...so nice touch. The view room nice...as many reviewers mentioned...the view church absolutely beautiful. We dine restaurant prices overpriced many options NY, bother? The staff helpful (not beyond, pleasant enough). The gym, however check front desk, give gym pass local gym. My hubby visited gym every morning said convenient enough accomplished workouts without hassle. ...also, asked late checkout able get, that's pretty important ratings I usually love late checkout...hate rush room since hotels 11:00 checkout, able get 1pm. All all, I would recommend hotel, would go back.",0.25803689064558627,0.5336133069828722,Jul 14 2009
23,23,"pleasant quiet We stayed Kitano six nights. They upgraded us extra costs premier room corner building, extra windows. We good view Empire State Building even saw part Chrysler Building room. The room spacious, clean quiet, even though midtown Manhattan. Room service great, every morning newspaper ready us door. A nice convenient service, travel laptop, possibility use internet via tv screen service cost much (about 10 dollars 24 hours). The thing like smell cigarette smoke rooms floor, tended invade room well days. Smoking seems permitted hotel, least rooms, would better rooms specific floors instead non-smoking rooms.",0.2679411764705883,0.5398039215686276,Jul 12 2009
24,24,"Clean Quiet Reasonably Priced This blocks away Grand Central State, Chrysler Building Public Library. Not much action immediate area plenty restaurants, subway station within blocks. The nice rooms good sized NY. Our room faced 38th St quiet. The bed, pillows linens fantastic turn service. You put disturb want take nap came check minibar woke us up. We would certainly stay looking mid-town location.",0.17035978835978838,0.4695767195767196,Jul 1 2009
25,25,"Nice The nice. Located approximately 2 walking blocks Grand Central (exit GC Pershing Square) Park Avenue. We arrived around 11:00 a.m. checked us even upgraded us suite (we booked superior room double beds). We ended taking daughter put bed room comfortable according her. The quite. It boutique feel it. The clean. The rooms double windows can't hear peep outside unless want to. We eat go jazz bar. I personally know I would want stay seemed little stuffy me. I liked Barclay atmosphere better. We got great rate room booked Kitano, Barclay sold out. Over great stay, beautiful room, view, amenities, etc.",0.3578508771929824,0.6157894736842104,Jun 29 2009
26,26,"Excellent Choice! My husband heard Kitano comment made Professional Tennis Player. After reading positive reviews, decided try recent visit. We could happier. The Kitano situated blocks Grand Central right Park Avenue. With windows shut, absolutely outside noise. It Japanese traditional Japenese accents throughout hotel. The exterior well kept doormen always friendly. The front desk staff friendly well. They quick check even arrived quite early check in. They room available allowed us go ahead check in. We went room, bit small (but remember-NY rooms usually bit small) nice. The bed comfortable view right Park Avenue. They nice flat screen tv. They even complimentary umbrella use stay..which one afternoon. That nice little detail appreciated. They tea maker room nice tea cups. They also stem glassware. You could call front desk delivered container ice additional charge. There ironing board room. The shower nice well HEATED towel rack! They offered High speed internet use it. Some tips definitely travel early quickest transportation airport hotel. The worst time 5pm...takes least hour get manhatten LaGuardia. Also, buy snow globe unless plan packing checked luggage-can't take plane. Loved Little Italy, China town interesting-right edge store I fell love called Peony Red, Times Square-well,it crazy busy-Rockfeller Center much fun Wimbledon set awesome! They even grass court set up. I would definitely recommend Kitano hotel. It clean friendly feel safe. Close enough everything-either walking subway!",0.1947694142592102,0.5297323085078187,Jun 26 2009
27,27,"fabulous right Grand Central Station We stayed reading reviews TA, using booking service get fabulous rate. While normal rights pretty high, definitely worth staying afford rates. Good central location couple blocks subway Grand Central Terminus. The rooms modern elegant definitely impressed.There first rate sushi restaurant site, well jazz lounge (which closes early).",0.26087301587301587,0.5893915343915345,Jun 25 2009
28,28,"Lovely soothing atmosphere We stayed Easter weekend husband's birthday. We booked amazingly low rate Quickbook. We superior king room 11th floor. The staff nice, polite efficient. The quiet overall tranquil feel it. I really liked electric tea kettle room; type I seen would love one own. The con us room hot keep windows open keep comfortable temperature. I actually tried turn a/c staff told a/c building yet. I would stay later season I could guaranteed a/c needed.",0.2936666666666667,0.6055555555555556,Jun 20 2009
29,29,Peaceful Room This quiet...The entire calming colors-classy decor Botero fat cat lobby. The beds pillows comfy. Nice lobby-I never got Jazz bar. Parking little expensive-it nice residential neighborhood Manhattan-close everything!,0.28250000000000003,0.725,Jun 17 2009
30,30,"Perfectly Adequate The Kitano perfectly adequate, average hotel. Upon checking I greeted two friendly employees got checked-in room less 5 minutes, always plus checking around 8 p.m.The lobby attractive, clad marble warm lighting. When I exited elevator room third floor (309), quiet one could hear pin drop. This trend continued throughout two night stay. I never head peep anyone anything.The room big, especially NYC standards. The claims rooms either view Manhattan's skyline Park Avenue. Sadly, room view neither. Instead looked roof skylights view obstructed nearby buildings. Bottom line, I crane neck even sky!Back rooms. The rooms large bathroom large also adorned plenty marble towel warmer. Bottom line, room nice dated lamps furniture looked straight 1990's. Perfectly adequate I would rate 3.5 stars.",0.18062169312169316,0.47142857142857153,May 22 2009
31,31,"A great business stay Midtown! The value exceptional quality, I happened catch must VERY RARE occasion rooms fully booked. They short walk Grand Central station, across beautiful church.When travelling business, comfortable bed must get good night's sleep. The bed large, comfortable, even came variety pillows, I found perfect one me. The office chair better most, would comfortable enough sit work desk day! The bathroom toiletries nice even sewing kit upgraded one usually finds. This valuable touch, I needed sew button I could actually use little kit. The breakfast buffet delicious I appreciated Peter served Japanese specialty items (and told one supposed eat dried seaweed, quite tasty prepare correctly).",0.37431051587301584,0.6241071428571429,May 9 2009
32,32,"Fantastic - Well worth it! My husband I stayed Kitano 4 nights beginning April honeymoon, fantastic time. The room (Superior King 7th floor) spacious, immaculately clean, great shower, extremely comfy bed view onto Park Avenue. The excellent location sightseeing quieter area, thankful for. The located 5 minutes walk Empire State Building Grand Central Station. Really everything within walking distance. The staff friendly extremely helpful, especially engineer managed get GHD's work (Ladies - America 110w 250w work there!!). The bar great, fantastic cocktails, although bit pricey.There loads excellent places go breakfast Comfort Diner 57th Street, 10 minutes walk loads coffee shops. There excellent restaurant Park Avenue called Les Halles (Anthony Bourdain's) would highly recommend going. We also went Gordon Ramsay's Maze London Hotel - Fantastic!! The Oyster Bar Grand Central also great.All I would highly recommend staying Kitano, worth paying extra money, location great.",0.39719135802469147,0.6918518518518518,Apr 24 2009
33,33,"Why can`t NY hotels like ? Arrived warm welcome shown 10th floor corner room (1005).Although I booked corner room, room bigger I expected light good view fairly quiet Park Ave.Clean, spacious well equiped.Staff friendly &amp; helpful.Good quality shampoos etc fixed &amp; flexible shower hose/heads bath.Bad points - well - water hot bathroom 0300 hrs &amp; bathroom smelt smoke sometimes.I telling honest.DO NOT LET THIS PUT YOU OFF.Did try food looked fine, I got late breakfast around corner ,as many nearby cafes etc.Have wanted stay could afford it. This time got good deal mailing list (25% off)Will stay still good value full price due high standards &amp; location.",0.3031140350877193,0.5899122807017543,Apr 23 2009
34,34,"Highly recommended I stated number New York City hotels found one best. First all, rooms QUIET!!! I'm used hearing horns night Manhattan soundproofing great. The room also comfortable clean. The location convenient - walked Grand Central, even light rain. The staff helpful there's Starbucks block away need morning coffee. Plus got great deal room.",0.3948484848484849,0.5700932400932401,Apr 17 2009
35,35,"Great Location Great location near Grand Central Station, within easy walking distances many sights. The peaceful, considering middle NYC. Our room dated clean, adequate comfortable - If I got right price I would stay again.The jazz bar really good (even dont like jazz) free residents.Tips - Try Tribeca Grill diner.",0.3962698412698414,0.5934920634920636,Apr 16 2009
36,36,best kept secret since 2003 I stayed Kitano since 2003. This consistently excellent. The staff know name also polite. I like area Park avenue Murray Hill. It convenient. Also Grand Central 2 minutes away foot. The charm small makes quiet private. Many associates also prefer hotel. I would recommend anyone.,0.22916666666666666,0.5465277777777778,Apr 5 2009
37,37,"Excellent highly recommended The clean, quiet staff extremely helpful. The location ideal trip New York.",0.34829004329004326,0.7182683982683983,Mar 25 2009
38,38,Made bride VERY VERY Happy I stayed The Kitano wedding weekend. I suite top floor lovely. My bridesmaids got ready plenty space. The large bath tub perfect relaxing big day. We also block rooms (about 45) guests. All rooms VERY clean spacious. The rates good too. The staff friendly ready help anything. We rehersal dinner Penthouse. The space beautiful amazing views The Crystler Building The Empire State Building. The food excellent service. The hotels location ideal. As Park Avenue safe area that's also quite quick walk Times Square. This win around!,0.5832936507936508,0.6799206349206349,Mar 3 2009
39,39,"Excellent Service Just returned quick weekend stay Kitano. The lovely, staff overly accomodating. I member Summit Hotel I Prefer club got upgraded corner room great view Grand Central Station Park Ave. The live jazz bar Sat. night excellent too. The room quite large ba small couch chair, flat screen tv, desk king size bed. The bathroom roomy amenities Gilchrest Soames nice touch . I got GREAT rate expedia wonderful stay. (Grand Central 3 blocks away quite convenient anywhere city)",0.4181754519989814,0.6884453781512605,Mar 2 2009
40,40,"Entirely Agreeable Our six night stay Kitano entirely agreeable. A clean, quiet, well run establishment. Assuming one get fairly reasonable rate, I see reason stay anywhere else.",0.13533333333333336,0.6186666666666667,Jan 29 2009
41,41,"Loved it! I comfortable, relaxing stay Kitano. I New York business gave everything I needed - convenient location, clean, modern, QUIET, comfortable room, reliable internet service, free access gym, extremely polite helpful staff. The room huge flat screen TV, spacious bathroom, large, comfortable bed, absolutely NO NOISE street. I definitely stay again.",0.24348773448773448,0.6567633477633479,Jan 29 2009
42,42,"Perfect location sightseeing New York We booked Kitano local Thomas Cook Travel Agent disappointed! This break celebrate 50th birthday November also husbands 50th celebrated December.When arrived greeted friendly staff bags taken room us. We fancy green tea available room porter kindly brought us nescafe!!!The room spacious, spotlessly clean huge t.v wall. The bedding towels changed daily basis room comfortable return days sightseeing!When arrived mist morning opened curtains view Empire State building. The situated ideal location sightseeing New York...it really easy visit 'main landmarks' i.e. Macy's, Rockerfeller Centre, Times Square, fact able walk them!The staff really helpful nothing much trouble them.We enjoyed excellent jazz session hotels bar.I would certainly recommend Kitano anyone visiting New York thank making birthday occasion remember....they even provided card plate fresh fruit 'special' day!",0.3286913446635669,0.5624832985944097,Dec 28 2008
43,43,"Great service nice Our stay great overall highlight excellent service staff provided moment arrived.The Kitano quite small New York standards, means simply face walking door. It caters business leisure travellers, I would recommend either based experience. We arrived noon Sunday check-in officially 2pm, phase desk clerk checking us in. She offered us three rooms, rundown virtues potential issues each, contacting housekeeping ask different one available. Within twenty minutes arriving I room freshening up, seems pretty good service me.During course week cause contact reception midnight one evening problem neighbours room next ours, issue immediately resolved courteous desk clerk helpful security guard.The reservation I would recommending would guide anyone children wants peace quiet press room upper floor, fifth floor could clearly hear live jazz music bar every evening Wednesday Sunday. This lasts eleven-thirty, noticeable even sound television, could considerably detract peaceful stay travellers.That aside, room good size double-glazing fantastic - barely street noise filter through. The decor still fresh looks relatively recently refurbished, facilities one would expect 4-star evidence. The area cannot comment food ate week, enjoying variety options New York instead. The breakfast option pricey, line western hotels everywhere standard, surprise travellers.Our stay lasted six nights good base longer stay ours. The location good; Grand Central station four (?) blocks north seen entrance hotel, subway station five blocks south street, great subway. Being mid-town means reach anywhere relatively easy us meant plenty opportunity walk wanted, didn't.Overall, I would definitely recommend hotel. It great recommendation travel agent, hope others give go too.",0.25409413281753707,0.5487496546007185,Nov 26 2008
44,44,"Excellent excellent location We excellent room 6th floor 8-day stay (covering NY Marathon Obama election!): great view crouching could glimpse top Empire State building. Spacious room, enormous triple bed, luxurious bathroom. Friendly helpful staff levels: asked beforehand email blankets instead duvet blankets duly substituted arrived. Free NY Times delivered room daily (exc. Sundays).There's efficient water heater (like electric kettle) Japanese green tea provided, want use ordinary tea coffee, take (and buy fresh milk nearby deli small refrigerator). No biscuits (cookies), sweeteners, provided. Internet access room fast efficient unduly expensive $10 24 hours.Eating Kitano much expensive us plenty alternatives. We strongly recommend Bloom's Deli CafÃ© Lexington (corner E40th St: http://nymag.com/listings/restaurant/blooms-delicatessen/) splendid affordable breakfasts, lunches dinners too. Much better cheaper place Pershing Square opposite Grand Central recommended others. There good Indian Chinese restaurants well ordinary diners easy walking distance: explore Lexington Third Ave. 30th 45th Streets. And miss surprisingly affordable Oyster Bar Restaurant inside Grand Central Station -- one sights experiences New York.Brian Barder (London, UK)http://www.barder.com/ephems/",0.2341577540106952,0.5579768270944739,Nov 17 2008
45,45,"Tateful tranquil worth I stayed twice Kitano, last visit Manhattan. That mistake. I definitely re-book hotel. The rooms generously sized amenities lovely service quiet, calm professional. The property lot things going it. I would change thing. Although I would never pay price anywhere else world. I believe fair value things considered.",0.24125,0.44125,Nov 11 2008
46,46,"A tranquil oasis amid hustle bustle New York Stayed Kitano end October 2008 week. We pleased choice helped reviews Tripadvisor. Booked BA website got reasonable deal - cheaper elsewhere looked everywhere! We room fifth floor, view speak room really good large New York standards. Huge comfortable bed flat screen TV, coffee making facilties (take tea, coffee milk), internet facilties, safe, umbrella (we needed one day!) etc. En-suite nice bath shower, hair dryer etc. There noise surprised us. Staff kind helpful. We eat locale abundance eateries diverse choice. It situated within walking distance af several places including theatres Broadway Times Square, Empire State Building, Fifth Avenue, Central Park, Top RocK Grand Central Terminal. For getting around afield used underground Grand Central travelling WTC, Battery Park (for Statue Liberty Ellis Island tours) Soho yet shopping. Cost $7.50 per person unlimited travel per day 3am. Good value felt safe times. For meals recommend Moores Irsh Pub close Central Terminal serving good pub type food excellent beers. Reasonable rates, good service busy. Have lunch WTC overlooking harbour Hudson. We use internet first day cost $8 per 15 mins however, two blocks away Fifth Avenue New York Library get online free 45mins every day. Took taxi Chelsea Piers went dining cruise Bateaux New York - good trip food OK cost - around Â£60 per person. The Circle Line three hour tour good informative - excellent guide called David Parker knows know. When return New York certainly look rebook hotel.",0.39171681976560024,0.5975868440502587,Nov 3 2008
47,47,Great Experience My girlfriend I stayed one night Spetember. The staff extremely helpful managed get early check much wlecomed 8 hour flight. We requested room high floor beautiful view church outside.The room spacious 32inch flat screen tv wall spacious bathroom. The water bit tricky work good got hang it. The thing could understand 1 bathrobe 2 person room.The location great Midtown activities perfect something near Grand Central.This highly recommended.,0.3305882352941176,0.6355882352941177,Oct 31 2008
48,48,"Elegant clean central New York City Kitano great location. It's central, blocks Grand Central Station, shopping Madison, sights Fifth Avenue, etc.Room extremely clean well organized. You get nice size room NYC standards. Flat panel TV, water heater green tea packs, slipper quality bathroom products offerings.Kitano excellent Japanese restaurant lower level called Hakubai. The food preparation authentic. Besides Hakubai also Garden Cafe casual dining. Also Jazz club mezzanine level live bands almost every night. You order full menu drinks food listening talented artists.[-]",0.24671717171717175,0.606962481962482,Oct 28 2008
49,49,"Lovely calm We really enjoyed two nights Kitano. It really calm, relaxing place, good location (couple minutes Grand Central Station). I would definitely stay recommend friends.",0.35,0.6625000000000001,Oct 25 2008
50,50,"Fantastic stay Kitano We stayed Kitano five nights end September. We picked reading reviews site, pleased choice. Everything room service staff spot on! The bed huge comfy, stayed basic king room good enough wanted trip. The bathroom looked basic first glance closer inspection easy see finished high standard.The location another reason pick Kitano, five minute walk Grand Central, happy alot sight seeing door step.We never tried food can't comment would highly recomend trying Pershing square breakfast! It's located opposite main entrance Grand Central...Great place!We tried bar drink although happening places bar staff welcoming.I would give serious consideration staying return thing would stop us would decided stay area get round exploring.",0.2619866666666667,0.6003466666666667,Oct 18 2008
51,51,"If good enough Emperor's family ... ... good enough fiancee i!!Review written years returning things may well changed since then; BUT stayed Valentine's weekend memorable time!!The concierge could enough help us arrange 'stuff'.He even managed 'pull strings' find romantic place eat.We tourist thing, walking many sites; taking helicopter ride around Manhatten etc. The whole experience superb!!I would definitely wish take current/next fiancee back - recommended friend works Travel Agent, thank you.",0.13333333333333333,0.40166666666666667,Sep 28 2008
52,52,"No worries Kitano As second stage honey moon stayed New York Kitano 5 nights.It great start, polite bell boy front desk team always courteous helpful.We used base explore NY rather using facilities can't comment bar restaurant use these. The relaxed, clean would expect Japanese styled extremely pleasant.The room (1009) superior king , bathroom room large considering advised expect small room NY hotels. The view Empire state building window pleasant surprise.A bowl fruit gift honeymoon nice touch.In nice excellently located Park Avenue 38th East. Five minutes walk Grand Central station 42nd street. Time Square, Empire State Macys mention names far either. We would definitely use return.",0.27459345002823266,0.6504253717297196,Sep 27 2008
53,53,"Ok My husband put business I came along. The nice enough, clean quiet, extras included (like better toiletries, internet service, continental breakfast). We stayed different first two nights visit price would definitely recommend this.",0.19015151515151515,0.496969696969697,Aug 12 2008
54,54,"Efficient service smile I enjoyed stay Kitano - reasons reviewers mentioned. Good service. Quiet, nicely-sized rooms. I love Japanese food - wonderful option room service sashimi. The gym - gives vouchers access nearby gym (NYC Sportsclub). The gym nothing special - quite crowded peak hours. Still, better many gyms. I took away one star for: - relatively un-female friendly features. The hair dryers provided suitable styling hair - woman need carry own. There make mirror, bathroom mirror well-lit. So that's bit drag. Also toiletries lacking (just basic soap low quality shampoo). So, again, woman would need bring every product needed; and, - absence wifi service. It's standard, easy offer, service now. Really excuses acceptable score.",0.21811904761904763,0.4263571428571429,Aug 3 2008
55,55,"Fantastic We stayed early June 2008 long weekend absolutely loved Kitano. It first time going NYC, wanted stay somewhere centrally located wasnât dump overpriced. After research came across Kitano got pretty good rate contacted directly. The entire looked great room fantastic. We view Chrysler building (it looks spectacular night) charming little church. I loved huge flat screen tv, big comfortable bed, importantly soundproof windows. The restaurant expensive. We decided eat breakfast one morning came $60, really didnât get much.The staff friendly helpful. When arrived concierge told us parking $40 day (I thought absurd, whatever). I asked anyplace else close cheaper. He said parking street free weekends. He parked car right outside I ended paying tip. We walked Times Square, Grand Central Station, Chrysler building Empire State building. It couple blocks subway, going Central Park statue Liberty surprisingly big deal.We lucked finding Kitano weâll definitely stay next time come NYC.",0.19765037593984966,0.5955012531328322,Aug 1 2008
56,56,"Fabulous! My new #1 NYC choice! Could pleased stay Kitano. Impeccable accommodations--huge room even non-NYC standards, gracious staff, reasonably priced properties I'd consider substandard this. Can't wait return!",0.3705255681818182,0.6474431818181818,Jul 29 2008
57,57,"Oasis The Hotel Kitano wonderful oasis calm middle bustling city. It spotless comfortable although need anything, staff seemed polite responsive. Only one beef, internet service extra ($10/day), seemed bit short-sighted.",0.2833333333333334,0.6083333333333333,Jul 3 2008
58,58,"Very nice relatively quiet area We booked reading positive reviews TripAdvisor, disappointed. The located Park Ave 39th - nice, relatively quiet part city. The room immaculate, fairly spacious, looked right onto Park Ave - great views! I loved clean, fresh smelling toiletries fact could heat bath towel! You even provided green tea machine instead coffee machine room - relaxing. The drawbacks hairdryer ironing board room. However, I would absolutely stay would recommend others looking area.",0.350603354978355,0.6654897186147187,Jun 30 2008
59,59,"My favorite but... Whenever I go NY, I stay Kitano. Because I like room staffs nice. But I tell newly hired lady guest services mean. The way speaks appropriate. She wearing trainee badge doesnt greet, smile all. Even new know least smile. And know much... But guest service staffs always nice helpful. Overall I recommend hotel. I surprised find still smoking rooms. Once gave smoking room althought I smoke. I enjoy Hakubai food too. nice location. But last time I visited there, I dissapointed I treated...",0.15891042780748663,0.5261475044563281,Jun 4 2008
60,60,"Just right! Booked Expedia always easy. This quiet hotel, Park Ave 4 blocks Grand Central can't fault location. Rooms fine, Japanese Hotel accept small kettle green tea bags. Starbucks 2 blocks away plenty eateries close by. You NYC heaven's sake stay room!As rude staff, experience people treat staff like second class citizens problem. Treat respect get back tenfold! They exactly would expect do, fetch, carry hail cabs you! Just stay here, enjoy peace place, take advantage central location. You disappointed!Maria Sharapove stays US Open good enough her!!!!!!Enjoy!",0.11223214285714285,0.43636904761904766,May 28 2008
61,61,"Very 'Zen' I booked friend The Kitano largely based reviews web site.We dissapointed!This wonderful, calm retreat centre town lovely comfortable rooms-ours view Park Avenue.the beds comfortable I ever hotel-only one complaint-the fridge work diabetic fairly vital-they filled dud fridge drinks I quite understand!The food breakfast superb room service well-my complaint bar-the manager abrupt-and although staying treated second class citizens people coming listen jazz there.I also amazed diet drinks sort served VERY expensive drinks,no olives nuts etc offered-the staff busy talking rather serving interesting note manned mainly american staff rather Japanese rest hotel.,Other two gripes greatly enjoyed stay definitly stay future-I also add housekeeping team superb-fresh hand towels 2 3 times day-wonderful turn-down service fast cleaning morning.The concierge desk well run helpful messages left regard bookings etc-all good stay lovely comfortable",0.26297619047619053,0.555452380952381,May 12 2008
62,62,"Wonderful Mother We spent wonderful Mother's Day weekend NYC thanks excellent service Kitano! My friend I took ten year old daughters weekend city staff Kitano helped make special. The rooms decent size bathroom. The concierge extremely helpful, guiding us wonderful sushi restaurant ofsite assisting us obtaining boarding passes day departure. Although big meal hotel, small lunch Garden Cafe service good. The location Kitano made weekend relaxing although busy.",0.34325396825396826,0.5425396825396827,May 12 2008
63,63,"The Kitano: great experience We Kitano first week April 2008 (for 7 days). We choosen premier room. We also asked room good view. We got corner-room 10th floor, beautifull view Park Ave (and Grand Station) also 38th Street. The premier room large (with writing desk sitting area) little bit expensive relation standard room. The service high level two times days house-keeping. We also used breakfast waiters drinks great extensive buffet, also hot dishes. Because Japanees, also take Japanese-breakfast. We found breakfast rather expensive (incl. 36 dollars). Also minibar expensive.The large (about 150 rooms) personal busy. The silent NY; isolation good windows closed nearly hear sounds street.The situation central busy street. You reach many destinations foot.We choose Kitano another visit NY.",0.20487130177514792,0.4846338405184559,Apr 22 2008
64,64,"A peaceful explore NYC We stayed Kitano twice short trip NYC (with visit New Jersey, DC Blue Ridge Mountains between). Booked Trailfinders, good value top class central location. We booked additional night trip outside NYC lot expensive. Service reception quiet effective one nice, helpful doorman.Overall, enjoyed stay found well located exploring Manhattan foot via subway. It's two blocks Grand Central Station many sights central New York within easy reach. One best things quiet rooms - I'm light sleeper lives countryside usually sleep well city hotels. There air conditioning noise (the weather cold need aircon I usually find anyway hotels like this). The double glazed windows effectively cut traffic noise barely perceptible level.The first 4 nights 8th floor, overlooking Park Avenue could see top Chrysler Building room. The last night 10th floor around side fantastic view Empire State. We eat enjoyed visiting diner Pershing Square breakfasts. Clean, quiet nice rooms. I'd definitely stay visiting NYC. The thing I'd suggest upgrade get HD channels TV!",0.20243265993265996,0.5120550745550746,Apr 18 2008
65,65,"Great business travelers I go NYC business every month. I need quiet, safe, clean place. I travel I need stay safe neighborhood. The Kitano probably quietest NYC. In hotels often hear sirens, etc night. Here silent. The lobby quiet. The people work soft spoken. The service excellent, especially NYC... attitude all.The room modern extremely clean. Bed extra comfortable.The downside....Pricey. If going fun, I'd stay somewhere like W need clean quiet, try Kitano",0.2361111111111111,0.48055555555555557,Apr 12 2008
66,66,"Very nice We picked The Kitano based reviews read glad did. It indeed nice great location. We walked everywhere except Metropolitan Museum, way must see museum.The staff friendly. The concierge helpful. They recommended great places eat. Donât miss Simply Pasta close Time Square. Fantastic meal.The complaint size beds (they supposed queen beds, even full). For $500 night, expect bigger bed. But I guess NY.Overall, nice hotel.",0.39839285714285716,0.7112244897959183,Apr 1 2008
67,67,"Oasis Calm NYC My wife I stayed junior suite Kitano three nights, can't recommend highly enough travelers value peace quiet, professional service. Our room, overlooking Park Avenue (with view Chrysler Building) comfortable, sound-proof windows kept noise street below. The bathroom luxurious, extremely comfortable bed led great night's sleep. We ate restaurant, Hakubei, traditional Japanese restaurant. The food service excellent. The bar also features jazz shows, fortunate experience really great one dinner (make reservation both). The Kitano's location, three blocks Grand Central Terminal, excellent starting point travelers wishing explore whole city. We definitely staying return New York City.",0.32401913875598093,0.5862041467304625,Mar 24 2008
68,68,"Great location great staff I returned second stay Kitano, came back even satisfied before. My corporate office around corner, stayed The W Court 39th Street, I figured I would give Kitano shot since bit closer.The Kitano quiet location. Rooms nice ans spacious; mine flat screen TV wall well. Service good. When I answer wakeup call (phone problem), staff door ringing bell within two minutes. When I hungry good NY pizza, staff brought menus immediately, even escorted deliveryman room.I really nothing bad say Kitano, continue stay NY. If want pay bunch The W &quot;trendiness,&quot; OK. But Kitano every bit nice, even nicer opinion. And without arrogance.....Lastly, I love global crowd I find there. Lots Japanese, also many people Europe. Being Pittsburgh, I truly enjoy taste culture Kitano!",0.3356818181818182,0.4729545454545455,Feb 23 2008
69,69,"great hotel..peace quiet This third stay...this great NYC...at 38th Park, relatively quiet part town...the reception desk jammed staff accomodating...lobby soothing comfortable. The rooms nice size VERY comfortable beds nice large flat-screen TV..the bathroom great large tub towel warmer. I got upgraded superior room asking!! The rate $290 cheap, pretty good nice NYC....a sure bet return..you disappointed!!!!",0.33564625850340135,0.6815570672713529,Feb 22 2008
70,70,"Peace Tranquility Kitano. Loved it. Kitano New York, Murray Hill area.We returned second stay Kitano. It superb hotel, brilliantly managed. It oasis calm return busy day sightseeing shopping. The whole ethos quiet understated elegance terms presentation service. Every request met immediately charm professionalism. It seems everyone working takes pride providing best possible service. The rooms good size view Empire State Building. All products Shiseido. The beds wonderfully comfortable, soft linen sheets.The situation really convenient near major sights.We cannot understand Kitano number 1 site. We hope make third trip sometime soon.Thanks lovely holiday.",0.3199431818181818,0.5218939393939394,Jan 27 2008
71,71,"Loved it! We stayed long weekend friends. The Kitano great base sight seeing New York first visit city. The staff helpful provided maps, leaflets discount vouchers department stores rooms facilities excellent. The rooms fairly spacious sound proof (essential), New York city streets loud! The metres away Grand Central Station, makes easy find sense direction fail outside Grand Central Station great diner serves excellent breakfast, found food little pricey. We ended weekend high, leaving walked directly onto set 'I Legend', filmed street outside. Would definately recommend The Kitano.",0.23763187429854093,0.5598428731762066,Jan 12 2008
72,72,"Wonderful stay! We came back one week stay kitano NYC. We wonderful time. This highly recommended. Great location wonderful views Empire State. Every time returned hotel, felt like home.I surely come back hotel.",0.5575,0.647361111111111,Jan 7 2008
73,73,"Absolutely FAB !! We returned Kitano 3 night stay. As previous people said, Hotel lovely great location. We room 10th floor overlooking Empire State building ! We could fault would book return new york !!!",0.38243371212121213,0.6042424242424242,Jan 2 2008
74,74,"Elegant simplicity We booked 3 night stay Kitano breakfast, rates average per night New York, decided treat ourselves. We disappointed. The location fantastic, 4 blocks away central station 42nd street, 2 avenues away 5th avenue approximately 15 minute walk (after meandering shops) central park. The room superior king size. We requested non-smoking room non-smoking floor. The room spotlessly clean, sheets turned night return room, bathroom products replaced daily basis (shiseido products!) staff really helpful. We view Empire State Building bedroom window spectacular night. The bed comfortable, plasma screen plenty choice television stations. The quiet, experience noise within street noise. On side, room service quite expensive mini-bar, use either service. All all, lovely stay New York.",0.14634680134680134,0.5342953342953344,Jan 1 2008
75,75,"Fab hotel!! Fab location, room, staff, food &amp; views!! Can't say enough really!! Asked room view high floor got view Empire State 12th floor!!! Fantastic!! Round corner everything. Staff friendly &amp; helpful, fab breakfast room several mornings too. Would go stay tomorrow!!",0.20357142857142857,0.4342857142857142,Dec 16 2007
76,76,Great Location Great Rooms After researching hotels new york decided go one previous reviews also looking website. First time visiting New York wanted near many great places see city.Location great Park Avenue 38th street near empire state building 4 blocks central station 2 blocks 5th Avenue. Hotel good initial problem room. When arrived given room 3rd floor set disabled person. We decided paid asked moved. We given room 11th floor spacious new york standards. Great view Empire State building room well.The bar live jazz sets wed sat worth visit.Would use Kitano visiting New York,0.2664183501683502,0.4289983164983165,Nov 30 2007
77,77,Full Eastern Promise We enjoyable stay Park Avenue. Excellent location four blocks Grand Central Station good position. Very helpful staff dealt every request promptly. In bustling city welcome oasis tranquility calm.In addition host great Jazz evenings wish attend.Would strongly recommend staying visiting Manhattan.,0.5433333333333333,0.6863333333333334,Nov 19 2007
78,78,"A fabulous gem I would highly recommend definitely stay next visit NYC. The room immaculately clean, decor lovely bed exceptionally comfortable - fabulous feather duvet. Another draw quiet room was. We could hear nothing hallway outside. The staff extremely friendly helpful--the concierge let borrow NYC Zagat guide lookfor restaurant. In all, top notch hotel-- classy. I booked month half advance got terrific rate--$290.00 night.",0.20433333333333334,0.5893333333333334,Nov 19 2007
79,79,"perfection Stayed 3 nights marathon weekend husband's 50th birthday. Had emailed b'day asking room nice view seen good bad photos tripadvisor. Arrived midnight friendly welcome assurance received email fulfilled request. They also allowed sister leave champagne flowers room left card chocolates b'day boy. The room lovely bathroom - adequate size spotlessly clean every amenity required - view Empire State Bdg. The room serviced twice day.The staff great bell boys went beyond call duty arrange transport far flung suburbs. The location handy lots places marathon weekend blessing away Times Square cheaper too. We really looked forward returning serenity comfort every day.I cannot fault though eat restaurant bar looked nice. I would recommend anyone values good service, cleanliness, comfort good nights sleep (yes, windows amazing!)The written thank us comments staff regarding stay.I agree better rating tripadvisor. Maybe Japanese businessmen leave feedback?",0.39861111111111114,0.611111111111111,Nov 18 2007
80,80,"Loved th Kitano Arrived Kitano 25th October. Welcomed friendly doorman. Allocated double double room 7th floor overlooked 38th street quiet..This got largest room I ever seen. Besides 2 double beds, 3 seater sofa armchair, large desk, side table, large marble table front settee chair. Everything beautiful, spotlessly clean, gorgeous throws beds, blinds windows, fewer 4 lamps dotted around huge room. A large plasma tv wall modem already set ready use.The bathroom also spotless, deep bath option hand held shower attachmnt good power shower. Lots complementary toiletries, shower caps, sewing kits, tissues, towels (8 them!) Japanese green tea.We room service breakfast twice. Yes, cheap paid quality breakfast brought table included enough coffee 5 cups, freshly baked bread pastries. The service received fom staff encountered exceptional although one one occasion bit language problem majority front desk staff Japanese probably used English spoken Welsh person. If needed something always ready help, happy leave us alone thing.I must admit slightly dubious arrived due mixed revews I honestly say one best hotels I ever stayed terms comfort service, seing though stayed Benjamin last visit I think we'd better have.",0.2977065826330532,0.47864845938375356,Nov 1 2007
81,81,"Great location Great location, nice rooms, friendly service. The Japanese food superb!",0.5958333333333333,0.6666666666666666,Oct 15 2007
82,82,"excellent location husband I stayed kitano July 2 nights way England California. It great idea break flights staying nights route get see another part america. The japanese theme, clean extremely comfortable beds. The location ideal 1 block Maddison Ave 2blocks 5th Avenue empire states building. You could also get one hop hop buses empire states buildings made seeing city easy. The reception staff helpful - booked non-smoking room ready - managed yet give up! So asked could change smoking. They could get one hour extremely apologetic! They also made excellent recommendations restaurants eat at. As american City hotels - try request room higher floor get best views.A great experience!",0.4234232026143791,0.5901307189542484,Aug 24 2007
83,83,"Work lovely.... Was put Kitano work trip 3 day loved it. It spacious modern. The bathrrom huge extras. The pillows &amp; bed soft confortable I never selt well. Had ask iron, take back. The staff nice, doorman helped alot $$. My view beautiful(see pics). If I could afford I would go back company pays!!!",0.2777777777777778,0.5666666666666667,Jul 7 2007
84,84,"Relaxing middle Manhattan I nice 5 night stay Kitano. I graciously upgraded spacious room received lovely fruit basket. I liked serene atmosphere hotel. After busy day work, nice come back experience peace. I thought staff friendly. Some certainly others. I experience restaurants. The location actually nice. Great restaurants bars near. I appreciated free access fitness center. Beware however, gym closes 8 PM? On sunday night? In New York?",0.3217424242424243,0.5141414141414141,Jun 29 2007
85,85,"Great location great room door man bell man attitude problems Pros: Great location, extremely comfortable beds, city noise couldbe heard, clean room/bathroom. Asked higher floor view Empire State Building got it. Rate I got, $290, great considering comparable hotels midtown.Con: I perfect stay EXCEPT attitude door man bell man. I like take luggage room, considering I one bag, I physically unable to. The door man terrible attitude toward I told I would like take bag up, seemed discuss bell man (I saw looking talking quietly). Then, I check right away, I took bagto bell man said &quot;I able get room afternoonâ¦.&quot; I could say &quot;so could please store bag&quot; (which seemed like obvious request given situation) quickly tersely replied &quot;well, would like do?&quot; When I came back later get bag, made enter luggage holding room myself, crawling luggage, knocking maneuver way small, packed room. Then upon leaving returning multiple times two nights I there, I never got âwelcome backâ even âhelloâ âcan I help directions?â In contrast, bell staff Hilton lower Manhattan friendly didnât hesitate help directions---and I wasnât even staying there. Maybe front door staff Kitano donât get much practice polite predominantly Japanese patrons?",0.23039682539682538,0.557557319223986,Apr 23 2007
86,86,"nice best got newly refurbished room (so told) clean fresh , view wall straned sideways could see empire state.staff greedy tips, nothing nothing hotel. Snotty doorman(MAYBE PARK AVENUE BUT STILL THEY ARE THERE FOR THE GUESTS -SO YOU WOULD THINK) Guest service manager good.Water $5 per small bottle.",0.3191287878787879,0.49431818181818177,Mar 17 2007
87,87,"Nice comfortable Nice hotel, good location, good service, spacious room.Nothing great, definitely New York average good value money",0.4486363636363636,0.6304545454545455,Jan 26 2007
88,88,"A Serene Hotel The title review inspired Bettina New York TA 'expert' New York City, title sums hotel.We booked Expedia good deal 4 nights New Years Eve.The outside well kept, mostly doorman present always, enter check desks right lifts left, front seats lounging, mezzanine level 1 floor bar lobby toilets also.Check quick, 2 Japanese ladies pleasant, American guy seemed come funeral.We requested high floor got one, fabulous view Empire State Building, sure ask view them.The room I would say small average New York, bathroom good size.We twin room, 2 single beds, seemed wider normal single beds! lovely quilts pillows, maid came turn service moments arrived requested another pillow arrived within 1 min, pretty good going. The room big window sills, could fully sit watch window heavy curtains block light night.The room adequate wardrobe, big heavy, good quality doors, 5 draws built safe. The TV hidden behind doored (not sure call it) cabinet.In bathroom sink area could bigger, plenty towels, soap shower items Shiseido, good quality. The also heated towel rail. In room green tea bags, coffee, could bring water boiling machine, boiled water, like filter coffee maker get rooms.Overall quiet even though full New Years. It good location 4 blocks Grand Central 5 blocks 33St stop 6 line. We eat great place breakfast Park Avenue 34th St called Austins, try it, great.",0.2154535925290642,0.49174657627487817,Jan 23 2007
89,89,"Adequate nothing special.... Just returned 5 day stay Kitano, New York. The great location Grand Central Station easy subway acces capital. However, lacked personality felt tuned business travellers rather tourists, adequate rooms although nothing special old equipment (T.V etc) view window apart brick wall able see top spire Empire State building! The buffet breakfast $33/person - expensive bowl cereal 2 pieces toast, unless charging business credit card! The best thing place quiet relaxed, making another trip city would look somewhere else first...",0.3025052108385442,0.49321989738656413,Jan 17 2007
90,90,"Perfect NY Hotel This perfect alternative anywhere Times Square, Central Park South, Rockefeller Center. The staff professional hotel's small size, able treat individual guest, number. The lobby tranquil serene, unlike NY hotels. The rooms perfect, bed amazing, bathrooms large, plush, well stocked. The crowd consists mainly japanese business men women, upscale feel. The location good, views rooms much. The proximity Grand Central bonus anything accessible there. There hustle bustle/cheap tourist feel found hotel. The everything one needs without overwhelming confusing. If looking luxurious, sophisticated, smart stay NY, choose hotel, disappointed.",0.2805654761904762,0.5521428571428572,Dec 20 2006
91,91,"Kitano shows Japanese charm Thoroughly enjoyed holiday visit Kitano. Hotel Japanese staff guests appeared Japanese (we not). Lobby classy quiet. This distinct contrast step door Manhattan. Rooms average NYC-bathrooms well decked marble showers great water pressure. Neighborhood lovely. This serenity present hotels Times Square. Watch minibar pricing!! Better business trip quiet couple trip neon blowout, really comfortable experience. Sarge's deli 37th 3rd good alternative Stage Carnegie. Enjoy!",0.2444736842105263,0.4232456140350877,Dec 18 2006
92,92,Nice Hotel Stayed Kitano 22/11/2006 26/11/2006 Superior Twin booked Expedia really good offer on.The staff dealt helpful polite.Didn't eat either restaurant can't comment them.Heard jazz Wednesday night bar returned (which sounded great) tired went straight room. Wished we'd dragged back sit drink.Room always clean great view 11th floor. We beds turned evenings New York Times outside door two weekdays there.We thought great without stuffiness sometimes attached four five star hotels.Felt nice relaxed atmosphere broad mix guests seemed staying time us.,0.2973187759952466,0.5335190136660725,Nov 28 2006
93,93,"Not good expected I travel extensively business spending lot time Japan, comments inexperienced city traveller. My wife &amp; I booked New York break big birthday chose Kitano one promotional ads brochure. While Hotel clean quiet, service OK rooms small - booked &quot;superior king sized room&quot; find means standard small room really (good marketing misrepresentation) The view fourth floor $480 night room appalling - look photos. I complained explaining special holiday hoped views New York window advised (of course) place full rooms available. Strangely, public rooms, foyer, breakfast restaurants never busy stay. It's last time Kitano seeing me!!",0.08400141525141526,0.4067507492507494,Nov 21 2006
94,94,Fantastic! Great hotel! Excellent location Park Ave close Broadway usual attractions. Grand Central station gourmet shops excellent source snacks breakfast. Small lobby reasonably large room clean attractive. The bed comfortable bathroom large nicely kept up. Nice helpful staff; doorman without wait staff really issue since easy get lobby room. Definitely would stay there. I've recommended anyone going New York. I paid around $250 outstanding bargain; even regular price $400 would bargain New York.,0.32942911255411256,0.670270424020424,Nov 9 2006
95,95,"Wow! Spent week New York - great place!Kitano well situated, far Grand Central. Really clean comfortable. Staff mostly Japanese origin friendly quiet kind way. The barman bit odd obviously interested regulars passing through. Good selection malts though (but watch price!)Breakfast overrated - went elsewhere days. The Murray Diner pretty good. The restaurant serves great food attentive service. Our room back got good view Empire State building. The americans seem complain room sizes UK size good bathroom. All quiet relaxing stay.",0.3310139860139861,0.5815850815850816,Oct 4 2006
96,96,"Regular guest great business NYC Am &quot;regular&quot; Kitano home office near-by. The rates par NYC hotels, rooms variable size (from barely able turn around, regular king-room expect middle-America). Front desk crew always attentive well mannered. The bar ok, nightly jazz (if fan) get grating. Rooms impeccably clean, bathroom nice, beds decent, work space tight, par NYC rooms. Location fantastic!! Given choice, go Kitano Jolly Hotel Madison Tower!",0.3175843253968254,0.5713522588522589,Sep 12 2006
97,97,"An Oasis Calm We fortunate enough fly NY Scotland via Heathrow day chaos Thursday 10 August. This third trip NY past two years wife I, Kitano best yet. From check check six days later, well impressed aspects hotel, especially ambiance calm relaxation hard day shopping sightseeing!The located quiet area Park Ave 5th Ave midtown sites shops easily within short walk. Also, several restaurants bars (especially Irish) close by.The staff exceptional - friendly, helpful, always willing share smile.All all, enjoyable experience one I woul hesitation recommending booking again.NB - far largest bedrooms enjoyed NY, like good sized European bedrooms.",0.2882716049382716,0.5299382716049382,Aug 31 2006
98,98,"Kitano gets thumbs My wife I New York weekend 6/9 pleasure staying Kitano New York Hotel night 6/9. I research usual Tripadvisor.com liked I read place. We sites restaurants wanted visit Manhattan Brooklyn Heights one one location would ideal us. However, Kitano convenient regards location Grand Central Station Penn Station. Additionally cabs easy get. The area clean safe found NY.The services ammenities Japanes business person toursit Japanese TV channel Japanese newspaper delivered room like. As wife Japanese great her. There Japanese speaking staff though observed many Japanese guests. Anyone would feel welcome comfortable here, someone Japan.The relaxing aura upon entering. All staff pleasant helpful. Our room 10th floor. Bags brought room immediately placed call extra towels within minutes, delivered smiling person. The rooms extremely clean. The room, king size bed, spacious enough nice bathroom high quality bath products Shiseido. There charge wired high speed internet access, $10 24 hours I seem recall. The room quiet windows closed could open windows, tilted open top, wished. The bed comfortable.We eat main restaurant first floor Japanese restaurant lower lever though go inside looked like good places want wander far. The bar lively returned dinner Friday night. Jazz thing certain nights, Friday one them. I think cover charge $17 close end performance opted go in. We went back room quiet drink mini bar capped perfect day city.We stay Kitano New York next visit feel found home away home here.",0.25588099843418993,0.4744340057106014,Jun 15 2006
99,99,"No frills complaints either It's hard find anything complain Kitano little get excited either. It's location great, rates reasonable rooms decent size, Kitano offers neither charm unique touches boutique facilities larger 'brand name' hotel. My room particularly bland uninspiring, although Park Avenue view appreciated (and much less noisy expected!)The Japanese restaurant basement authentic feel reasonably priced food business traveler (provided stay away chefs recommendations!) otherwise, I'll vouch hit/miss risk (and cool chic) next-door 70 Park Avenue Hotel next time.",0.1528186274509804,0.5107843137254902,Apr 9 2006
100,100,"Kitano Hits The Right Notes I stayed The Kitano week April 2005. It's taken get round writing review, I hope still useful. I wanted four-star good location reasonable price, around $300 night. The Kitano The Benjamin seemed offering similar levels service money, Trip Advisor reviews hotels good. I chose The Kitano several reasons. First, I liked idea soundproofed windows; second, I love Japanese food wanted try in-house restaurant; third, live jazz sessions bar appealed me.The Kitano hit right note three counts. I King Deluxe room fifth floor, I thought would close New York traffic. However, I closed window, street noise literally disappeared. There roadworks window stay, I hear thing. I even managed couple afternoon siestas. The Japanese restaurant excellent, complete traditional decor waitresses kimonos, much better in-house restaurant. The jazz sessions run Wednesday Saturday lounge bar. Early week given new talent, Friday Saturday set likely established performers. The musicians good, shame relatively small audience. The barman chatty full local knowledge.The room quite large bathroom excellent. The downside decor little bland, noted reviews, CD player. I raised points guest questionnaire manager wrote me, saying would renovated first quarter 2006 rooms suites would CD player. Room service food good. Breakfast OK, could better. Reception staff friendly efficient. The cash travellers' cheques, saves trip bank.I looked rooms The Benjamin 70 Park Avenue, next door The Kitano. Neither compared well terms size, soundproofing bathroom.If looking good places emphasis traditional service standards, yet cost fortune, look The Kitano. Highly recommended.",0.2303066378066378,0.4732174688057041,Feb 20 2006
101,101,"Good Hotel nice quiet We've returned four night stay Kitano pleased (after previous stay dreadful hotel).We stayed standard room ninth floor overlooking Park Avenue. The room iteslf good size bathroom HUGE comparison room. A really nice touch nightly turndown service. One point note quiet rooms here, windows open, closed hear hardly street noise outside- mean feat Manhattan.Position good, 5 mins Park Avenue Grand Central 5 mins 34th Street (shopping).Broadband Internet provided rooms (both wired wireless) Â£9.95 per 24/hr period. Not really expensive, many hotels provide free (so come Kitano!)Finally- go Macy's forget collect 11% discount card Visitor's centre.",0.19314613526570049,0.5631038647342995,Feb 16 2006
102,102,"Room nice people lovely It's luxury hotel, better average staff exceptional. The room bathroom bit larger average NYC room, bed perfect. I really liked windows I could open. The Japanese restarant good.The staff wonderful, accomodating insane work schedule making sure I early breakfast late dinner available, well taking care mail, bags even finding umbrella cope sudden rain. I wish stereo room, even little boom box, clock radio never worked.It's close Grand Central, quiet street little stroll around find local restarants bars.",0.1829861111111111,0.588425925925926,Jan 23 2006
103,103,"Good value... Invariably searching internet eventually throw reasonable deal good quality NYC - time round able stay three nights Christmas New Year 150 gbp night deluxe room Kitano. Our choice geared toward cost balanced reviews site - deal actually 50 100 gbp night cheaper 5 star hotels.Truth would rank Kitano 5 star. Having paid deluxe room I would wary standard room would like - room fine (and that), clean, comfortable enough space able walk around without touching bed! NYC prone small rooms I know...Hotel quiet certainly even though close Grand Central felt like calm, tranquil place escape away considerable throng hubbub area around Rockefeller Centre.Didn't use amenities much ate restaurants (expensive compared others close - nice Italian across way). Favorite things time round - ate Rainbow Room, must best location view extortionate pricing (about 40 gbp starter, main decent bottle wine)...staff excellent.Union Square Cafe - continues get rave reviews, perfect lunch reasonably pricedGreenwich Village - complete contrast, taking pizza John's great fun much less costly!At Christmas time, Radio City Music Hall Spectacular wonderful, Christmassy tacky Would stay Kitano again? Yes, price same. Nice boutique feel reasonably good location going uptown/the Park downtown.",0.2762635281385281,0.5574161255411255,Jan 16 2006
104,104,"Good value money Reasonably priced New York hotel, especially considering location. Standard rooms large, quiet. Friendly staff, clean, expensive breakfast (30 $). Recommended.",0.13056127206127205,0.5427549117549119,Jan 13 2006
105,105,"Near perfect Stayed New Years weekend, booked early (Sept), got good price, wasn`t disappointed aspect hotel. Check-in fast flawless, great big Dog statue foyer. Rooms spacious NY standards spotlessly clean, largest bathroom i`ve ever seen NY hotel. Whatever sound-proofing system remarkable, hear absolutely nothing ouside room windows open well.Live Jazz Wed Sat (small cover nights), food bar prices quite reasonable.Staff good, attentive overly so.Location superb, Park Avenue, walking distance almost everywhere.This 4 star could easily pass 5 star, would hesitation recommending anyone. We stayed three 3 nights moved Hilton, 53rd, 4 nights. Should done way around, Hilton great, fabulous.",0.37832015810276687,0.6705599472990776,Jan 11 2006
106,106,"Great Hotel I found Orbitz priced relatively reasonable New York City. After looking Trip Advisor, I decided staying there. I pleased size room. Big New York. The bathroom beautiful clean. The location perfect. Easy walk Empire State Building shopping. I would definitely stay Kitano again.",0.4157024793388429,0.672038567493113,Dec 20 2005
107,107,"If sensitive cigarette smoke beware. Although attractive nice neighborhood, I disappointed several occasions cigarette smoke seems permeate entire hotel. Smoke-free rooms hardly adequate smoke finds way rooms. And, quality room service disappointing unless order Japanese menu. Finally, rooms bit worn time updating past.Too bad -- could much better.",0.02361111111111112,0.6229166666666667,Dec 5 2005
108,108,"Very Nice Four Star Hotel Stayed four nights September, 2005. Very nice, clean rooms, friendly staff, good sushi. Green tea maker actually machine boils water dispenses nice make kind tea like.Walk 3rd avenue nice reasonable restaurants. Room service breakfast decent reasonalby priced hotel. Prices restaurant delivery add tip nice.Carpet room stained one 2 small places stain bed skirt well dirty rug lobby otherwise lobby nice. I find difference often 4 5 star hotels....the 4 stars alittle stained look carefully.Room small tiny NYC.....320 sq feet. I Deluxe King quiet. Windows really teriffic. open also keep room quiet. The Deluxe King largest King bedded room odd me. The suites double beds. I wish larger room king size bed. I travelled alone believe room would tight 2 although fine 1. The chairs room traditional arm chairs comfortable.All I stay again. Prices competitve. Book web site. In fact I made reservation December. In book politeness goes long long way certainly that. Plus tea maker great touch well clean rooms were. I believe minor stains probably something try get out.",0.17488192024777394,0.5251064653503678,Sep 29 2005
109,109,"Kitano never disappoints Stayed year great stay September 2004. They remembered gave upgrade junior suite. This pleasant surprise. The even better last year, upgrade notwithstanding. Complimentary double passes NYSC day I wanted huge advantage great value. As I said review last year, like mini Sheraton. The location ideal, within reasonable walking distance theatres, two blocks Grand Central access useful subway line Manhattan. The quiet. Service excellent. Food wonderful - buffet breakfasts (which include Eggs Benedict real Capuccino Coffee) great value. The sushi best I ever tasted anywhere. The member Summit Group, network specialist hotels worldwide individually owned. I utilising network future stays countries given quality value Kitano exemplifies.",0.4011333333333333,0.5186666666666667,Sep 5 2005
110,110,"Nice Stayed 2 days August.Got late staff quite friendly top. The room clean seemed dark one window. The location excellent I think beaten.It does, however, seem lack atmosphere cater Japanese market. Be aware double room meant twin room. As late query US hotels big double beds definitely single! Just make sure make clear want.",0.18735449735449738,0.5014726631393298,Sep 4 2005
111,111,"peace quite Kitano My wife I returned trip states spent 5 nights Kitano New York. We've stayed twice before, last time 2000, I bit worried place may become bit run down, arrival, fears proved unfounded. Still great hotel, rooms small, typical New York, staff great, service impecable. The best thing oasis calm serenity spending day streets NY. The rooms quite cool. I've recommended number times friends visiting NY, none disappointed. The location also idea, In mid town 2 blocks grand central, great position walking around NY, night pretty quite, come on...its Park Avenue...one best addresses Manhatten!! Also stay try Silverleaf Tavern Cosmo, across road 38th Street, Asia de Cuba meal Madison Avenue, 39th!",0.24476342371079216,0.5007708665603403,Aug 29 2005
112,112,"Superior Service At The Kitano Stayed Kitano four nights Christmas 2004, delighted superb levels service, cleanliness quality throughout impressive hotel. All workers, doormen, waiters, concierge front-desk staff wonderful - exceptionally polite helpful, ensuring swift, problem-free check-in thoroughly enjoyable stay. The rooms small, well-furnished spotlessly clean, impressive marble bathrooms. The situated fairly centrally exclusive Park Avenue result, NYC reasonably quiet. I hesitate recommend Kitano hope return future.",0.5141025641025642,0.692948717948718,Aug 9 2005
113,113,"Mmmmmmmmmmmm MMMMM! I book clients (I'm travel agent), I jumped chance stay four nights. Didn't really know expect, surpassed expectations - also anyother hotels (inc. 5stars) I ever stayed at. The Staff friendly always greeted sight. The lobby welcoming also refreshingly air-conditioned. The room fantastically huge. I Premier Corner King, fantastic view Park Ave towards Grand Central. The TV widescreen LCD, bathroom marble spacious. Even doorbell.Location-wise, 15 minute walk Times Sq, 5 mins 5th Ave, 10 Empire State Building. Perfect!!!!After long day trekking NYC, perfect place unwind relax!",0.3022727272727273,0.7409090909090911,Jul 14 2005
114,114,"Super Hotel We spent 3 nights Kitano 25 June - 28 June 2005. We welcomed lovely staff (unlike frosty welcomes weâve elsewhere) fabulous lobby pleased find room ready arrived early requested â quiet n/s room rear building could see ESB one window. The staff say hello see friendly happy help. The room quite large NY beds comfortable everything spotlessly clean. The tea maker welcome could boil water taste coffee coffee machines. We large spotlessly clean bathroom amenities complimentary slippers. The wardrobe contained robes umbrella use stay. The beds turned nightly. The dÃ©cor pleasant air-con useful NY hot humid stay. Prior trip emailed couple times received replies within 2 hours â alone gave us confidence going good hotel. The midst main hubbub, Murray Hill mainly residential, 4 blocks 42nd St Grand Central Terminal places wanted see accessible bus etcâ¦ M1 passes hotel. We walked back evenings feel unsafe area, albeit quieter weâve stayed before. For breakfast found Blooms best â corner Lexington 40th â friendly reasonably priced diner. Recommended evening things â Fiddler The Roof show Broadway, ballet Metropolitan Opera House @ Lincoln Centre (looks fab lit night!) twilight harbour boat trip. We would use (especially cheaper!) canât understand ranked higher Tripadvisor â like top 20!",0.32859623015873013,0.570109126984127,Jun 30 2005
115,115,"expensive good This good around business, shopping tourism. It japanese hotel, even though bit impersonal. The location perfect heart Manhattan, staff helpful, food good (i working room ate delicious salads!!). Still, expensive: 320$ per night room superior-deluxe spacious, full light extremely clean. The critic make asked quiet room put straight top works going street, concierge went complain made stop. That quite fuss middle night New York can't expect quietness mountain chalet...",0.3091068580542265,0.5683094098883573,May 12 2005
116,116,"Would Recommend Kitano I stayed 4 nights March, 2004 shared twin room. The room plenty big enough two large luxury bathroom (had difficulty working shower soon rectified that). Room quiet, bed comfortable. All linen towels spotless. We breakfast morning restaurant also good. It peaceful place eat, talk day ahead etc. The front desk staff helpful, changed UK Â£ US $ number occasions, straightforward queues. The bar man always welcoming, chatty would give us ideas eat places see etc. All all, lovely hotel, would stay Kitano again.",0.29436507936507933,0.5074338624338625,Apr 27 2005
117,117,"Pleasant slightly bland Stayed weekend April reasonable discount rate. The location OK--good neighborhood convenient 5th Avenue shopping; less convenient Broadway theatres.The lobby compact comfortable; wait bell staff appear leaving picking luggage. The rooms smallish (welcome NYC) comfortable, though distressingly beige. The bathroom well-designed, drawer space, good water pressure towel-warmer. The windows actually open, jackhammering street below, good. When closed, though, windows entirely shut sound.There ice machines--room service deliver ice free. Breakfast fine, presented fresh tulips right time. Bar staff friendly. I still prefer Sofitel, full expensive, good backup.",0.2999940476190476,0.6203690476190478,Apr 27 2005
118,118,"A veritable oasis serene tranquillity...... ....in city never sleeps - especially sightseeing tramping around shops museums day !This delightful little gem staffed mainly Japanese obviously geared towards Japanese tourists/business men. Our spotlessly clean room quiet even though four floors main road. It spacious comfortable double bed - biggest we've ever slept - large enough easily accommodate two fully grown sumo wrestlers ! The large marble bathroom well stocked toiletries, towels bathrobes suffer plumbing noises. All staff smartly groomed, polite, helpful efficient - refreshing change three previous New York experiences. Although 10 minute stroll 5th Ave/Grand Central Station/Empire State Building, Kitano situated quiet, safe fairly select residential area. The oriental menus green tea bags left room much wife I plenty alternative places eat nearby. We thoroughly enjoyed stay would definitely return. Although room rates slightly higher average NYC hotel, Kitano excellent value money.We decided stay solely based TripAdvisor comments, we're pleased hope assessment may also encourage others follow. Tips : Bring along favourite type tea bags leave umbrella home - find one hanging wardrobe.",0.20270416520416523,0.5325552825552825,Apr 21 2005
119,119,"doubts Kitano Stayed Kitano 03/27 till 04/03.A small bright jewel crown NYC hotels.Excellent location, blocks Grand Central Station, far away big tourist crowds places, yet central Manhattan.Original lobby Botero sculpture. Excellent staff en guest services. Succeeded making practically diner reservations requested restaurants short notice.(Wolfgang's steakhouse, Nobu, River Cafe, etc.).Good japanese restaurant site. Were impressed american restaurant site though. Internet rates expensive (8$/15 minutes).We got nice junior suite 15th floor view Chrysler Building (children stayed floor superior twin room, bit small,with view ESB ). There problem however heating system (rooms higher level warm; airco working; fixed several days).Reasonable rates quality hotel. TV room small though, bad picture quality. Perfect housekeeping.Great barkeeper Michael.Would certainly go back NYC again.",0.1280769230769231,0.5146794871794872,Apr 4 2005
120,120,"wonderful experience My now-husband I blocked bunch rooms wedding last August. We also booked largest suite planned after-reception party. We originally thought would party one gorgeous, huge balcony suites Marriott Eastside, told parties. The Kitano problem parties, went them.The staff Kitano incredibly nice, helpful, accommodating. The suite large (almost 1000 square feet, I think) perfectly soundproof. It tastefully decorated--minimalistic serene, though incredibly striking unique except general Asian theme. Our suite huge, gorgeous bathroom entered bedroom smaller bathroom guests living room area. We appreciated second bathroom--my husband I stayed overnight suite, I really want drunk guests bathroom would use. We kept bedroom door closed, party took place living room area.The bar area fine--nothing special. We brought drinks course.The problem air conditioning seemed go high. With 40 people one room middle August drinking up, got little warm. The staff tried get air conditioning unit put cool air, avail. Small inconvenience, though big problem--it kind medium-cool/warm could easily get used to. After everyone left, room temperature fine, even little chilly.I loved Kitano. It's beautiful hotel. The staff superb, rooms exude calm, cool, luxury. What deal $210/$240 per room (the small ones)! I read earlier reviews unhappy size rooms decor, regarding size--that's New York! There MUCH smaller rooms little city ours, rate paying four-star hotel, rooms good size. Regarding decor--that's modern Asian minimalism. That IS decor, kind see upscale spas Manhattan--cool, serene minimalism point. Personally, I prefer minimalistic decor ostentatious displays.All all, wonderful experience, I highly recommend hotel!",0.2545667060212514,0.6044203069657614,Mar 27 2005
121,121,"Wonderful hats off! Hats Kitano! Arrived Saturday afternoon, one night wish more. Lobby spotless, beautiful first class way. Check first class, staff first class. Room large, actually large New York Hotel, spotless, detail missed. Bathrooms large, spotless. Room service quick, first rate. Ordered sushi, good great. Priced good room service, great NY. The thing like TV size, small wonder way? Upon check mentioned staff enjoyed stay, also mentioned TV size. Two days later letter arrives thanking us business, thankful enjoyed stay. The letter goes say took comment TV passed upper management. Now folks, that's cares customer's. It shows second walk door shall make stay again.",0.2917433261183261,0.5342568542568541,Mar 24 2005
122,122,Not 4 Seasons When travelling NYC I usually least 2 nights often stay Trump 4 Seasons. I NYC single night . I early morning meeting wanted walking distance. Chose Kitano recommendation client mentally preparing tough second tier hotel. My rate approximately $200 suspicions code red. Got hand Japanese. They made feel welcome calm check check out. The room clean updated. My experience actually makes wonder I spending much hotels.,-0.00457671957671956,0.37484126984126986,Mar 12 2005
123,123,"Very Impressed! I stayed Kitano 21 - 28 Feb found wonderful. It first time new York afetr read previous negative reviews site looking forward stay. But, I found staff helpful, friendly sincere (which rare days). After cheaking asked moved roomns two double beds given simply big enough two people sleep in. The front desk moved us staight away I feel like inconvenience (as I before). The bar great place start night staff happy chat away. The rooms, although plain simple, extremely clean well kept. Turn night lovely touch come back windows certainly made sleeping alot easier.I would certainly book Kitano next trip New York I planning already.",0.239852392977393,0.48563011063011063,Mar 6 2005
124,124,"Puzzled? Kitano wonderful. I'm writing fourth stay Kitano writing I'm surprised recent negative reviews. Normal room rates $210 price value terrific. When jacks rates $300 busy times, I stay elsewhere. But, every room I beautiful. The decor simple elegant reflecting Japanese theme, rooms reasonable size bed comfortable, full marble bath large functional windows open. When I hear someone complain noise New York, I wonder hell think staying. And, Murray Hill great neighborhood. Want action - stay Times Square rest tourists. One time I get non-smoking room inconsiderate dirtbag obviously smoked front desk moved instant. If I nitpick, I'd say TV small. Big deal. Here's secret, though. If want high speed internet pay hotel's broadband, pick free Wi-Fi Kimpton across street!",0.18252319109461965,0.5445330859616574,Feb 17 2005
125,125,"Can better You much better NY. I think good business type, 1 2-night. Not romantic type. Just got back 3-night stay hotel. It quiet / cold relatively quiet portion Park Ave. The room simply small simple. The bathroom average. I would agree previous poster room nothing dorm marble bathroom. I read previous post doorman extremely helpful. That true experience. We saw 4 5 different doormen stay. They opened door needed walk it. They even need sometimes, doors often left open (even blowing freezing wind). After figuring attending door &quot;door&quot;men's interests/duties, I asked couple directions well known restaurants. Niether clue. The &quot;do disturb&quot; sign mean much either. Instead knocking door early morning, they'll call room phone. You much better NY...",0.04216666666666668,0.46207142857142863,Feb 16 2005
126,126,"Perfect. Again. I stayed Kitano second time February 3-8 fault it. The previous time, last September, I really liked it, like one previous reviewers, felt little dull rough around edges. However, I appreciated quality furnishings closer inspection realised &quot;dullness&quot; probably better described Japanese way intruding. Before I went, I spent countless hours cross-checking reviews tripadvisor sites get real feel hotels I considering staying change recurring theme bad service, technology performing, noisy, shabby small rooms (even 5 stars) I want disappointed making wrong choice. With Kitano, I didn't.I welcomed like old friend felt completely home. The bar popular place I thought, particularly business people jazz sessions great addition. I received response General Manager comment form previous visit, time, robes towels brand new sumptious.It's everyone's taste: cool trendy, plasma screens, free high speed internet access, cookies bedtime heavenly beds, ooze discreet quality, fresh sheets turndown service every day, spotless good minibar. You hear sound large, reasonably-priced rooms probably get view either Empire State Building Chrysler Building, (very safe) blocks away. I can't compliment enough automatically book another weeks. They also thank staying mean it; nice know appreciated, it?",0.1087647579693034,0.46255189885871706,Feb 16 2005
127,127,"Anyone better Booked 2 night stay Kitano ended cheking early rebooking another midnight. Lobby nice downhill there. I given &quot;upgrade&quot; check actually ended king bed two doubles (less ideal traveling w/ spouse.) We checked king room small decided keep upgrade. The rooms clean, bathrooms nice, blandly decorated well lit. I took lack in-room pictures website sign. Although widows sound proof, street noise evedent light peering roman shades. The beds among worst I (tried to) slept anywhere. If bright spot, I add staff friendly accomodating. However, great places NYC little reason stay Kitano. Other reviewers mention nicest stayed... Ithey must VERY low expectations idea nice hotel. It little dorm room marble bathroom.",0.21340579710144927,0.5992028985507247,Feb 1 2005
128,128,"Can better NYC The Kitano, clean quiet, fabulous means. The room I stayed tiny unfortunately smelled bit smoky despite front desk's assurance non-smoking room. Additionally, impossibly far &quot;the sights,&quot; get bit dark quiet (read: dangerous?) walking home night. On plus side, bathroom large (especially compared room size) Shiseido bath products classy choice. Also, tea service makes unique personal touch. Although stay okay overall, definitely better competitive NYC market.",0.058664021164021175,0.6275132275132276,Jan 22 2005
129,129,"Excellent I stayed Saturday, 12/25/04 - Friday 12/31/04. Excellent location (only 4 blocks Grand Central Station). Exceptionally quiet rooms - terrific soundproofing walls windows. Small number rooms/floor - something like 11? (I 9th floor). Rooms bit small bathrooms huge (towel warmer great) - huge mirrors terrific lighting bathroom. Internet connection fast would liked seen wireless Internet.I unfortunately worked 1000a - 900p everyday get chance eat restaurant - looked impressive.Extremely helpful doorman, front desk staff made stay even enjoyable.",0.2473684210526316,0.7385964912280703,Jan 9 2005
130,130,"Great Great Price Stayed Friday Dec 17. Great stunning Park Ave neigbourhood.Got super rate $210. Beautiful room view Empire State Building. Quiet Quiet sleep I ever NYC.Beautifully decorated room marble bathroom. Great valet &amp; doorman service. When I returned late night entrance door locked doorman side, soon saw opened door. He asked card asked room # double check. I appreciate level security, rarely seen even best hotels. Next time I NYC stop.",0.3838888888888889,0.5672222222222222,Dec 20 2004
131,131,"Oasis Calm I stayed Kitano weekend 25 26 September. The room booked hotel's website special weekend rate US$240++ per night King Superior Room.The room smaller expected even though staff assured 300 sq feet. I requested view rooms, US$20 more, upgraded King Deluxe Room (330 sq ft). This definitely spacious, worth upgrade. The bathroom definitely spacious, matters me. The nice touch bathroom heated towel racks. And best part room airpot allows unlimited supply hot water nice cuppa tea. The downside bed much spring it. I prefer mattress solid.The incredibly serene calm, would never get hordes tourist crowds lobby. Hotel staff polite, I tried Garden Cafe salad extremely tasty, crowded. If want near action, far madding crowd, Kitano good choice. I stayed many hotels New York, would certainly consider staying again.",0.3227597402597402,0.5932467532467532,Nov 4 2004
132,132,"Weekend NYC My husband I returned weekend NYC. We stayed Kitano. It perfect location wanted do. The room small (especially $300 night), clean. The bathroom spacious. We would stay again. I guess pay less NYC.",0.26,0.6461111111111112,Nov 1 2004
133,133,"My favorite New York I submitted review Kitano previously, seems disappeared, I'm submitting new review. I've stayed Kitano many occasions, variety rooms. My impression first visit less great, I left feeling underwhelmed. It couple trips I realized point. The Kitano big flashy. Rather, oasis middle NYC. It takes awhile realize exactly sets - quiet, efficient without face, friendly staying way. As someone else mentioned, first impression rooms could use updating, later I realized pristine, purposely plain. For example, took several trips realize wallcovering hallways elegant fabric - nothing calls attention itself. The floors cleverly laid never short walk room elevator. Hotel security obvious, yet I impression watching problems. The bar, second floor overlooking Park Avenue, one favorite NY spots. I still remember sitting window one winter evening watching people walking Park Avenue snow, cabs pulling up, etc. A true city moment. I'm sorry hear people felt less welcome, I've never experience. Indeed, I return know face, record room I stayed previous trip. The Japanese restaurant great - avoid western restaurant back first floor, entirely forgettable. I'm walker, can't imagine better location someone like me. It walking distance almost everyone need be, especially business takes midtown.",0.11460200006711636,0.43926641833618585,Oct 24 2004
134,134,"Great Value I lived New York almost 20 years opportunity see/try many New York's hotels time. I eaten Kitano's restaurant and, I got great rate online, decided stay recent trip NY. The decor room slightly worn, though certainly less New York's high traffic hotels (Hilton's Marriott's etc.). The room clean, bathroom first rate. The staff professional helpful. My room bar jazz band playing. It slightly audible room, though problem (and things like bother me). The band stopped playing around 11 PM. There absolutely noise street even though I third floor hotel. The windows open. I definitely stay - average get great rates online. I also intend try 70 Park Ave across street.",0.16117079889807168,0.41577134986225894,Oct 1 2004
135,135,Great Hotel Great Staff,0.8,0.75,Aug 30 2004
136,136,THE place stay NYC,0.0,0.0,May 12 2004
137,137,Great Disappointment!,0.025000000000000022,0.575,Apr 29 2004
138,138,Loved it!,0.875,0.8,Apr 28 2004
139,139,Kitano Vastly Over-rated?,0.0,1.0,Apr 23 2004
140,140,Ideal Location,0.9,1.0,Apr 19 2004
141,141,Loved Kitano,0.7,0.8,Mar 14 2004
142,142,Little Japan NYC,-0.1875,0.5,Feb 13 2004
143,143,Enjoyable Stay NY's Kitano,0.5,0.6,Nov 25 2003
144,144,A peaceful oasis NYC,0.25,0.5,Oct 15 2003
145,145,Perfetto,0.0,0.0,Nov 24 2009
146,146,??????,0.0,0.0,Nov 21 2009
147,147,???????,0.0,0.0,Nov 15 2009
148,148,????????????????,0.0,0.0,Nov 11 2009
149,149,??????????,0.0,0.0,Nov 10 2009
150,150,Hotel bastante bueno,0.0,0.0,Oct 27 2009
151,151,????????????,0.0,0.0,Oct 14 2009
152,152,????????????,0.0,0.0,Sep 22 2009
153,153,???????????????,0.0,0.0,Sep 20 2009
154,154,perfetto sotto tutti punti di vista,0.0,0.0,Sep 18 2009
155,155,???????????,0.0,0.0,Aug 29 2009
156,156,Encantador,0.0,0.0,Aug 25 2009
157,157,???????,0.0,0.0,Jun 8 2009
158,158,????NY??????,0.0,0.0,Feb 8 2009
159,159,????????,0.0,0.0,Jan 23 2009
160,160,??????,0.0,0.0,Jan 22 2009
161,161,?????????,0.0,0.0,Jan 10 2009
162,162,???????,0.0,0.0,Dec 1 2008
163,163,Ottimo Hotel,0.0,0.0,Oct 1 2008
164,164,superkitano,0.0,0.0,May 14 2008
165,165,"""Low-Tech"" HÃ´tel",0.0,0.0,Mar 29 2008
166,166,Ottimo albergo,0.0,0.0,Jan 7 2008
167,167,Muy limpio pero caro,0.0,0.0,Sep 22 2007
