,Unnamed: 0,Reviews,polarity,subject,Dates_extracted
0,0,"Customer service par excellence! Located two blocks Times Sq small perfectly formed come restaurant/bar made great base explore Manhattan week Thanksgiving. We arrived Saturday, one flaw place, bar VERY loud evening, room 1st floor next elevator vibrated disco going downstairs. However, staff quick relocate us top floor suite remainder stay extra charge (in fact discounted first night!). The rooms well appointed cosy New Orleans flavour. The whole place warm, welcoming feel it, much friendly typical large hotel. Thank Tori colleagues making lifetime visit NYC memorable one!",0.2505453342953343,0.5536916786916787,0.5536916786916787
1,1,"Well packaged - super location Very nice location best(?) street NY, restaurant row. Free (not special anyway) breakfast free internet. Very helpful staff. Clean rooms. Very quiet night.Quite small room, I think OK I'm NY enjoy room itself. Only drawback (and minor) shower took 2-3 minutes warm gym.",0.3028424908424909,0.575970695970696,Nov 26 2009
2,2,"Sleepless nights perfect management We alerted fact right bar, assured desk clerk one could access floors bar stairs elevator. However, first night, awakened twice drunken patrons screaming (once 1:30AM 3:30AM) second night, awakened 7AM bar staff dragging patio furniture around order put Christmas decorations. We incensed, morning, told front desk needed rectify problem. I assured manager would call returned home take something price. When I hear him, I wrote impassioned email, outlining problems, responded immediately phone, offering reimburse stay full. He also invited us come back future night guests. Although really needs something relationship bar, clearly aware problems trying fix them. I applaud management generosity sense duty.",0.25952380952380955,0.3326719576719577,Nov 24 2009
3,3,"A gem Manhattan! I stayed October perfect little gem Manhattan! Brand new, great decor comforts. Not mention fantastic location. The staff super friendly I really enjoyed talking General Manager - Colin. He knowledgeable great tips things see NYC. Will back stay Christmas.",0.36336016414141414,0.5851010101010101,Nov 23 2009
4,4,"Wonderful room wonderful location wonderful service! I read great reviews Tripadvisor chose French Quarters hoping would live them. It everything people reported, more! From moment entered staff made us feel welcome. The room really large NYC standards bathroom good sized, nicely appointed spotless. The decor lovely continental breakfast pretty good too. We loved location -walking distance Times Square Central Park. Overall, great find!",0.5669805194805194,0.6571428571428571,Nov 1 2009
5,5,Far better I expecting stayed 3 nights pleased room 3rd floor sunny balcony overlooking 'restaurant row' skyscrapers ahead. The pub downstairs excellent cocktails food. The best bar nearby 'The Mean Fiddler' gets noisy packed 11:30pm nights dj friendly bar staff must deaf. The best local cafe found Brasserie Athenee corner 46th st 8th ave open 24hours aswell. average pastries breads continental breakfast thing could find fault with.It perfect long weekend break middle manhattan.,0.30355263157894735,0.5530263157894737,Oct 27 2009
6,6,"The Perfect Spot I searched high low Trip Advisor sites NYC reasonably priced well-reviewed. I kept finding places 5 star 1 star reviews -- people either loved hated it. I want take chance. Then I happened upon reviews The French Quarters, right smack middle everything -- right restaurant row right near theatres. The reviews glowing deserved! My room 3rd floor The French Quarters looked onto bustling 46th Street (Restaurant Row). The thing finally sold place picture I saw bathroom huge beautiful shower. I can't trust place show picture bathroom! The room exactly I needed be, extremely comfortable beautifully decorated, quiet, safe, spotlessly clean. Combine fact every member staff friendly, helpful, knowledgeable (and even stood outside hailed cab today despite miserable rain!) perfect spot stay theatre district. I staying again. I can't imagine better spot. Thanks Colin whole staff.",0.22770353302611368,0.5308218125960061,Oct 16 2009
7,7,"Top notch NYC Stay 3 nights September spouse. The rooms little snug, although apparently normal NYC standards. We manage see room 2 double beds quite bit larger queen room stayed in, still problem. It's NYC spending much time hotel.The rooms clean, service excellent. Despite small bedroom, bathroom actually quite large well done. It could use counter shelf space toiletries, incredibly noisy exhaust fan, minor issues.The location could better, close multiple subway lines Times Square. There continental breakfast included took advantage 1 mornings, eating days. It basic, baked goods, juice, coffee, etc. Unfortunately also included cardboard boxes cheap, mostly sugary cereal seem fit fine ambiance rest hotel. All hesitate go back.",0.2102132936507937,0.45369047619047626,Oct 11 2009
8,8,"Fantastic place stay gorgeous rooms big beds great comfort This one nicest places I've ever stayed. The rooms clean. The beds huge, 4 us could haveslept one without meeting night. The bathroom great huge shower lovely complimentary toiletries. Our room balcony really nice sit table eveings. We went dinner Bourbon Street bar downstairs food amazing service excellent. Also cocktails great! I'd recommend Hurricane! This really made trip New York, I can't recommend highly enough.",0.4487794612794613,0.6849747474747476,Oct 9 2009
9,9,"Cozy AMAZING beds GREAT bathrooms! Though rooms may seem little &quot;snug&quot;, well appointed everything need. Keurig coffee makers, HUGE showers, chic styling, best bed I've seen long time....feels like home! Staff laid back, nice helpful. Adjacent pub hopping night, local-type crowd...a good sign. Colin great manager...very accommodating guest's needs. Will definitely stay again, again, again!!!",0.3875,0.6124999999999999,Oct 8 2009
10,10,You must stay here!! We truly enjoyed staying French Quarters Guest Apartments. The location perfect. The staff friendly informative. Only 2 blocks Times Square. Breakfast added bonus start day. We problems whatsoever hearing noise bar next door. Would stay heartbeat!! We looked MANY hotels trip advisor making final decision boy choose well. Also New York able see hotels located researching glad were. The room huge big enough 3 us luggage purchases. Beautifully decorated even including hallways - disappointed. Will highly recommend anyone I know heading New York!! Wish I now.....,0.19852272727272724,0.607846889952153,Oct 7 2009
11,11,"A1+ aspects French Quarters Apartments!!! Always found difficult find USA met expectations formed looking websites, NYC solution problem found. The French Quarter Apartments meet exceed expectations every respect!It Irish owned connections many local bars times square area. Location, Rooms, Staff, Food, Bar, Nightlife, fantastic traveler business pleasure. It hard appreciate middle Manhattan quiet morning rush hour.I cannot recommend accommodation highly enough. Thanks John staff great stay!!!",0.10064102564102564,0.36346153846153845,Oct 7 2009
12,12,"Great Rooms noisy! We stayed 5 nights French Quarters. The rooms well appointed spotlessly clean. There separate bathroom huge shower shortage storage space toiletries etc. The kitchenette stove top fridge (the freezer totally frosted leaking) maybe useful flat-screen LCD TV large Clock Radio (with iPod Dock) sounds great. A continental breakfast included price quite nice selection limited. Now down-side big downside me. It might 1st floor, room noisy; fact quite noisy. Every night could hear music bar below, nights louder others one night continued 2:30 am. We could also hear tables chairs dragged around somewhere building.To fair, noise present, I would rate 5 Stars; biggest problem traveling. If affected noise perhaps higher floor, great mid-town great price.",0.3917366946778711,0.5247899159663865,Oct 1 2009
13,13,"Excellent great location awesome beds Stayed september 7 10 really enjoyed time .The rooms well appointed , flat screen HD TV also handy kitchenette coffee maker . The alarm clock radio ipod dock handy charging ipod .The bathroom good size , bath though , may concern .Free wifi (which found worked best terrace) free local phone calls also came handy .The bed incredible . Seriously comfortable bed i've ever slept . Just awesome .It also quite nice touch manager , Colin , seek us personally ask enjoyed stay see complaints criticisms .The location fantastic . 2 blocks west times square . Close enough action far enough away hear noise . Broadway Theatres literally door step well Restaurant Row's finest dining options .Subway also two blocks south 8th ave .My advice would request room away elevator , simply ringing bell elevator stops floor quite loud .All , thoroughly enjoyed stay definitely stay will/have recommended friends .",0.3850520833333333,0.6749627976190476,Sep 29 2009
14,14,"This place Great! We loved staying here. The location great, right around corner Times Square. (But quiet rooms.) The room nice (and big NYC standards). It's convenient fridge (and mini kitchen) room. Cool flat-screen TV. Any request met friendly accommodating staff, including many requests directions. We cereal, danishes, fruit breakfast every morning free.You tell new. The bathrooms gorgeous black white tile. Just like website photos. On top everything price really reasonable! I want stay every time I come New York!",0.3713744588744589,0.5536159918512861,Sep 26 2009
15,15,"THE best NY superior personnel My 8 day stay started business, family joined last 5 days. Collin, John entire staff greeted us warmth steered us BEST restaurants, sites plays. The rooms unbelievably large, OH comfortable beds, kitchenette (who would thunk it!). I can't wait come back.",0.4267857142857143,0.4275297619047619,Sep 21 2009
16,16,"Comfortable city stay dash style Fantastic location, close Times Square lots restaurants. Easy access sub way downtown. 10 mins walk Top Rock fantastic views city. Staff friendly helpful. The whole stylishly decorated bed comfortable. We would recommend good value stay New York.",0.4251997245179064,0.7307162534435263,Sep 19 2009
17,17,"Comfort simple elegance old world bargain I stayed city last minute got double room wht I tghought good price, upgraded King. Great sheets towels comforters. My room back completely quiet I imagine restaurant deck could provide noise. Had nice breakfast included back work.the room small kitchen cooktop refrigerator. This definitely NOT SMALL even NY standards (i.e. The Hudson)I think hotels terrific Bargain.",0.15961538461538463,0.3928571428571429,Sep 18 2009
18,18,"Very small rooms even NYC standards Arrived evening (about 9pm) person great us upon arriving. Waited 15 minutes girl show check us in. Room key work first redone. We room street side garbage trucks start picking 5am, I think I counted least 4 going street stopping ever 10 feet lift full sounded like bottles bars below. The saving grace room nice bathroom cleanliness rooms. I would stay due inability sleep past 5am.",0.08444444444444446,0.5467222222222222,Aug 25 2009
19,19,"WOW!!! What wonderful place stay!!! So, I made reservation stay The French Quarters based reviews I saw WOW!!! What spectacular, elegant, gorgeous, charming, beautiful, quaint, etc, etc, etc...place. I suprised wife birthday tickets see The Lion King (which block away).Like previous reviewer...great location, beautifully decorated, responsive staff, quiet, clean, OH YEAH!!! VERY COMFORTABLE beds linens. What see get...pictures accurate.Going recommend gem family friends looking stay NYC.Also, going try post pictures took The French Quarters.",0.3922280092592592,0.7000000000000001,Aug 25 2009
20,20,"The Real Skinny! Your Research Done! HIDDEN GEM!Preface: World traveler visiting NYC several times staying larger high end hotels smaller boutique hotels. I stayed FQ July 15-20, 2009. Here bottom line.THE GOOD STUFFCharming, European&quot;esque&quot; structure inviting. Both long term (monthly) short term (daily) rental. What see get. Yes photos fact room get. Beautiful large rooms decorated French Orleans style. Elegant. Very Clean. Looks like brand new room! Awesome shower, chic bathroom. Mini Kitchen, Fridge. Super comfortable beds. Free wireless access. Flat screen TV. Very Quiet floor second one restaurant (not sure first floor would noise level). Terrace seating breakfast (included, see below), European Style. Location, location, location!!! Address Restaurant Row. 5 minutes foot heart Times Square. 5 minutes Subway. Personalized service warm, accommodating, friendly, informative-not obtrusive little inefficient (see below). Newsletter door announcing touristy local events along special museum pricing days, daily. And top personally handwritten note management, thanking stay sent home address month later. VALUE $179 two doubles p/n (currently showing $249 p.n room) THE NOT SO GOOD STUFFOK. So honestly, nitpicking, really. But again-the real skinny. Mini Kitchen little supplies. Only standard water, wine glasses coffee cups. Not enough regular coffee supplies. One two little Keurig K-cups hardly enough two people. Overabundance teas (this ain't London). Housekeeping inconsistent replacing items had. Need soap dish small shelf items on/above sink-irritating set kit down. IRONS. Stock one per room please. Waited forever iron staff could locate someone Else's room guest away evening. The dress never got ironed. (note: staff really try hard apologized profusely). Short list available TV programming. Not matters much NY. Breakfast-skip it! Hours early limited tourist business high carb sweets offer. Cream cheese bagels...hmm. What's point. So basically protein whatsoever. No real view. If want obscure, may place staff sees comings goings place small boutique. VALUE. The price point $179 even $199 p/n represented clear value many benefits. With great reviews, guaranteed book place every night. But $249, I know several comparables price range. Destined become another, keeps up. The Short it: The FQ great place stay. I'm sure, I believe fairly new place feel still working quirks. It's clear striving hard provide great experience. I voice &quot;not good stuff&quot; management really big deal (except iron). I'm positive would accommodated me. You almost can't go wrong hopefully, management see fit stock items read postings. If price remains bonus factor, I even bother look elsewhere. Other that, fun Manhattan!Many kind thank-yous Colin staff providing quaint environment wonderful experience!",0.1532590270521305,0.4338811380190691,Aug 19 2009
21,21,Awesome experience - new New York favorite hotel! I travel NYC quite frequently business pleasure stayed hotels Time Sq area...on last minute trip family I scoured internet s- many sold I skeptical name...The French Quarter Guest Apartments...was incredible surprise - fantastic rooms - bigger NYC average well decorated. Location terrific (2 blocks Broadway/Marriott Marquis)...the staff overly friendly helpful...the restaurant offered great food cool atmosphere. Great value experience.,0.3143540669856459,0.5855661881977672,Aug 6 2009
22,22,"Best Place I've every stayed!!! Cannot beat. I've New York several times stayed great hotels nothing compares one. It soooo beautiful comfortable perfect location. The staff always friendly helpful went way beyond normal expectations. We spoke 6 different staff members stay one delight deal with.The room absolutely stunning roomy comfortable. I loved place tell everyone I know stay there. IT's close times square located call 'restaurant row' ....tons adorble, quaint restaurants live music great food.Stay disappointed. We loved it.",0.4109848484848485,0.6530303030303031,Aug 3 2009
23,23,Great Stayed 8 days July loved it! Everything clean new. The best beds world! Staff superfriendly helpful. Our room 3rd floor hear anything street restaurant above. I highly recommend hotel!!!!,0.4460819128787879,0.4555681818181818,Aug 3 2009
24,24,"The Perfect NYC Stay ! This perfect hotel, location, style service exceptional. So close Times Square yet amazingly quite, rooms furnished highest standard staff polite helpful, ask sorted! Breakfast terrace perfect start day, surrounded restaurants, attached &quot;Bourbon Street &quot; must. I stayed New York Hotels one I stay again...it wonderful!",0.4957300275482094,0.7049586776859503,Aug 2 2009
25,25,"super theater district location helpful staff excellent value We picked based TripAdvisor recommendations we're glad did. The excellent, location 46th Street 8th 9th Avenues (aka &quot;Restaurant Row&quot;) perfect theaters around Times Square also within easy walking distance Museum Modern Art (MoMA) Rockefeller Plaza. The room stayed spacious, clean, quiet. The continental breakfast consisted fresh pastries, fruits, cereals good coffee. If looking nice getaway New York City near good restaurants within blocks Times Square Broadway shows, look further: This place want stay.",0.41220538720538724,0.6659932659932659,Jul 31 2009
26,26,amazing --- plush!! What great place! Convenient location walk 2 blocks subway bus...it's close enough hustle bustle times square far enough away feel bit quieter! street great (&quot;restaurant row&quot;) tons restaurants choose (some probably better others!) rooms clean plush! beds super comfortable.... decorated tastefully!...the bathroom nice quality products (l'occitane)....the staff friendly offered look tourist info us!i would recommend anyone especially anyone picky hard find anything complain about!GREAT!!!!!,0.3357291666666667,0.7325520833333334,Jul 28 2009
27,27,"This stay every time come NYC! We wonderful experience French Quarters Guest Apartments. We stayed one night remodeled king room.When first arrived, desk clerk friendly checking in, walked us room. The small, personal. After staying one night manager new us name.The room beautiful. There small kitchen area refrigerator. The bathroom large, oversized shower decorated theme hotel.We often trouble sleeping hotels accustomed tempurpedic bed home. The bed linens French Quarter extremely luxurious trouble sleeping!To add great features hotel, location cannot beat. We short walk several Broadway plays MOMA. The street French Quarters several restaurants Jazz club directly across street. We felt safe walking around night never felt need take cab.We told check-in could order room service never took advantage room service stay. Continental breakfast included delicious breakfast terrace. In morning breakfast, newspaper outside door, along write-up events area, weather day, interesting trivia. This nice touch already great stay.The downside French Quarters valet/parking. We parked lot block away, problem ($35 24 hours).We always stay come city!",0.22424783549783547,0.4703340548340549,Jul 26 2009
28,28,I'm def. coming back here!! Me friends stayed loved =)From minute entered felt home // saw room like OMG!!! The room soo nice clean.. The bathroom also clean.. And Beds.... LOVES Miss it... I've couple times 2 NY also 1st time staying 5 days I'm coming back I def. going back French Quarters =). It's close everything street w/ lots good restaurants!When people ask stay NY I tell stay @ French Quarters!!,0.3599913194444444,0.5008333333333334,Jul 23 2009
29,29,"A charming great location personal touch. What delightful visit I New York staying French Quarters Guest Apt.s. It located &quot;Restaurant Row&quot; every conceivable type cuisine pubs lively fun. I easily walked Times Square, theatre disrict, Central Park various subway stations. The clean beautifully decorated. Each room kitchenette addition continental breakfast offered morning. The staff friendly helpful. They remembered name greeted ever paths crossed. I highly recommend wonderful type visitor.",0.3739839572192513,0.5781105169340464,Jul 17 2009
30,30,"Finally found perfect NY I stayed soooo many NY hotels years. I travel least three times year I safely say I finally found perfect hotel. I travelled mother two huge beds room. Huge bedroom kitchenette area. We used coffee machine nice it. Bathroom gorgeous power shower. Towels fluffy. Right fabulous bar called 'Bourbon street'but rooms must sound proofed cos may well 2000 feet up, quiet. Bar staff, staff could NOT enough us. Legends lot them. I cannot recommend gem enough.",0.2842857142857143,0.6934523809523812,Jun 26 2009
31,31,"Perfect/parfait This really good! The situation perfect (3min walk times square), staff helpful really nice. The apartment big, comfortable clean. I nothing bad say it!",0.33809523809523817,0.6952380952380953,Jun 5 2009
32,32,Excelente Hotel,0.0,0.0,Oct 24 2009
