,Unnamed: 0,Reviews,polarity,subject,Dates_extracted
0,0,"The Best Hotel New York City! Iâve traveling Manhattan business 5-10 nights/year 25 years years stayed many big hotelsâ¦Grand Hyatt 42nd St, Marriott Times Square, The Plaza, The Waldorf Astoria, The Essex House many others. I discovered Lombardy 15 hears ago stayed exclusively since then. It small boutique 56th St Park Lex. The rooms enormous standard especially NYC. Since building co-op, every room either studio one bedroom apt kitchen. Since room individually owned decorated differently dÃ©cor controlled centrally management. An earlier post complained dÃ©cor looking dated. I disagreeâ¦Iâve stayed probably 15 different rooms every one professionally decorated, different themes. They updated regular basis. All decorating high-end, custom semi-custom design freshly done. In fact, itâs always fun see theme going get given room. It absolutely quietest I ever visited. The staff true professionals service level high. Everything need live within city blockâ¦restaurants, diners, delis, bars, drug store, etc. The subway 2 blocks away 54th Lex. Staying Lombardy like high-end apartment Manhattan.",0.16795454545454547,0.491210328133405,Oct 18 2009
1,1,"big nyc The Lombardy rooms nicely appointed, size expect visit NYC. My wife I stayed one night. We came train, arriving grand central. Its walking distance hotel, nice. You also walk park, towards shopping 5th. Great location. Beds comfy, good shower, nice TV, who'd ever turn got attractions NYC outside? The continental breakfast free, nothing special there. Staff helpful, bar good too. Nothing's cheap NYC, prepared.",0.39515306122448984,0.6283163265306121,Oct 15 2009
2,2,Awesome Hotel No Breakfast Really bad restaurantBUTGreat service nice bedroom. Very Comfortable beds!,0.4325,0.9166666666666666,Oct 4 2009
3,3,"Great Value Great Location We would stay despite minuses.Pros:â¢ Clean comfortableâ¢ Spacious Room w/large flat screen TVâ¢ Kitchenette w/microwave, range &amp; refrigeratorâ¢ Great location, three blocks subwayâ¢ Large closetâ¢ Great value moneyCons:â¢ Smallish bathroom need new wallpaper paintâ¢ Ubiquitous New York blasÃ© attitude staff",0.34806178669815035,0.5693329397874852,Sep 7 2009
4,4,"Delightful! My husband I stayed The Lombardy friend recommended it. We booked room 2 whirlwind 2 day, one night stay. We given huge room relaxing, elegant respite scurrying around day. The staff lovely. Everyone helpful friendly. And dinner across street (also recommended) Montebella divine. What fun had!",0.525,0.7250000000000001,Jun 24 2009
5,5,For price room get suite. Why stsy anywhere else? This I would consider staying NYC. Where else get 900 sq.ft. suite $369 city?Although style furnishings suites vary anything good suites last four times stayed.The position excellent (you even walk theatre district 30 minutes).Only downside fan air con suite noisy 'high' I would visit NYC summer anyway hot humid then.,0.31357142857142856,0.6588095238095238,Jun 11 2009
6,6,"The Lombardy Hotel Great!!! I stayed twice Lombardy past year. Both times part making trip wonderful experience.The Lombardy first excellent location. It central, classy clean area. There numerous sights within walking distance well abundance great restaurants. It feels safe walk area alone night time secure stay hotel.The rooms spacious clean. I found service excellent. One paying extras, offers need class.When I go back New York, I definitely stay Lombardy again!",0.3760942760942761,0.5659932659932659,Mar 20 2009
7,7,"Stay Away! The room spacious New York. Our money stolen room room getting serviced $7500!! later money automatically showed police called investigate. Management wasnt even willing compensate 1 cent make honeymoon ruined, even formal apology..would recommend!!!! Stay away!",0.3253358783143939,0.40151515151515155,Feb 17 2009
8,8,"great new york stay! We stayed Lombardy 2 nights. location great- two blocks tons shopping restaurants. service really good- upgraded suite!. My complaint wished front desk bit knowledgable restaurants area outside midtown overall loved staying plan return. It reasonably priced, good amenities, clean convenient. After long day Manhatten nice return comfortable, friendly clean hotel!",0.36974747474747477,0.5880303030303031,Jul 22 2008
9,9,"Overall one best places stay Manhattan We second time..having stayed 6 weeks last year. Place fantastic..and real bargain..especially monthly rates. Much depends room actually get individually owned nicer,,,much nicer others! The location can't beat want move around Manhattan...as smack center everything, close enough likely want access here. Highly recommend it......just sure enquire suite assigned..and like it.....see move you...they generally possible, notwithstanding comment I read submitted another guest...it 10 10 book! Arnie Susan",0.13845588235294115,0.39826797385620916,Nov 11 2007
10,10,"Excellent Hotel Nice Respite I middle stay Lombardy, found gem middle faceless Midtown. The staff knowledgeable attentive, laid back face. The room quite clean inviting. The rooms different decor since they're decorated different owners, I got choose style among available rooms. Worked well - convenient, street fair right around corner. I highly recommend it.",0.28202380952380957,0.5047321428571429,Jul 22 2007
11,11,"The RUDEST STAFF EVER The medicre, bedding furnishings clean, dated. The biggest problem service. The front desk manager could ruder insensitive. We arrived 3 nite stay difficulty finding reservation. 20 minutes later found it, checked us equivilent cleaning closet. I understand New York rooms part small, small smelled. When called front desk spoke manager, claimed rooms entire stay. I call ed around found LONDONNYC available - new hot price - 425.00 per nite. Since early day - 4pm, I called manager advised found another since unable/unwilling accomodate room change. He advised would permit credit check out, would still pay three nites since within cancellation. I told him, nothing else would charged first nite three. In end disgusting person, forcing us stay dump room recoarse. We waiting response General Manager, yet hear him.",0.04177188552188552,0.5231902356902356,May 3 2007
12,12,"Needs updating interior designer Came Manhattan days fun, shopping, eating enjoying city. Decided stay Lombardy Dad said great location is. But rooms look awful least mine did. My husband I walked room looked looked like time warp. The furniture design looked like something ugly apartment 1972. It looked absolutly nothing like brochure description. Marble bathrooms brochure states... It shred marble. The room cost 245.00 night state taxes 300.00. There ventilation fresh air room I looked old heater mounds mounds gunk breathe night. I unable wear contact lens next morning eyes could breathe. This apartment people working city part-time. It way luxurious rather no-frills hotel. The people run desk doormen nice helpful polite I heart tell I checking next morning ugly dirty looking. I checked found new exact price magnificent also great location. It also included breakfast morning fit queen king. The name Benjamin Hotel E 50th across Waldorf.",0.06464015151515151,0.5085227272727274,Feb 26 2006
13,13,"Wonderful find New York City We spent 2 nights Lombardy starting Labor Day. Since room different owners, idea would find. Rented 1 bedroom apartment. It spacious, clean, modern delightful. A full service turn service, elevator operator, doorman, etc. Only thing missing site restaurant, one next door. There also many nice restaurants nearby breakfast, plus room service available nearby restaurant. But rooms, either studio room, 1 bedroom small kitchen well. Summer special price well worth it!",0.24103250550618968,0.4797296270980482,Sep 10 2005
14,14,"Comfortable stay Lombardy We spent four nights one bedroom suite The Lombardy Hotel. The location ( E. 56th Lexington Park ) great walking wonderful shopping, theatres, restaurants, museums, Central Park. The rooms 800 sq. ft. size staff friendly helpful. Each apartment individually owned, decor would vary. Our unit nice--the bed comfortable I trouble getting going mornings! Our bath small, adequate, received fresh towels twice day. The kitchenette also tiny, wants cook NYC? Our air conditioner noisy, otherwise rooms quiet. We paid $275 per night. We meal Table xII restaurant opens hotel, attractive cozy.If looking safe ,spacious, attractive quarters need extra amenities large hotel, give The Lombardy try. I think like it!",0.28993764172335607,0.5021541950113378,Aug 4 2005
15,15,fabuloso,0.0,0.0,Sep 24 2009
16,16,Un estancia muy agradable,0.0,0.0,Aug 11 2009
17,17,??????????,0.0,0.0,Jun 5 2009
18,18,natale new york,0.13636363636363635,0.45454545454545453,Aug 24 2008
