,Unnamed: 0,Reviews,polarity,subject,Dates_extracted
0,0,"Clean Convenient BUT SUPER SMALL- Guess That's Normal NY Stayed 1yr anniversary. In comparison hotels Manhattan (which expensive!), relatively reasonable, though still expensive YET expected- Hey, Manhattan! Located blocks subway, made perfect travel anywhere! We even took train airport, straight (via AirTrain).. A LOT faster A TON cheaper taking cab- alone made worth while! Staff helpful, TINY! Looks like carved side building. Their lobby area small, much surprise queen bed room equally small. Literally, opened door, restroom half foot right, 6-8 steps straight bed, probably foot half bed TV. The place small, even room regular closet, separate wooden closet unit room. We made do, stay room (even wanted to, way small &quot;romantic lounging-in-the-room day)..but made us get out. SO, overall, good location, clean safe. BUT, looking average size room, romantic ambience room, OR place comfortably lounge stay, THIS IS NOT THE PLACE. But going about, want place crash, big room big deal...then fine here.",0.06816326530612245,0.4182182103610675,0.4182182103610675
1,1,"Modern friendly staff; easy walk Penn Station - tiny rooms I stayed Doubletree several nights early November, combination business / leisure trip. Overall, modern, clean, comfortable featured new amenities &amp; digital TV, etc. Our room higher floor, 2 (comfortable) double beds, quiet, gorgeous view Empire state building. Really nice! It's easy walk Macy's shopping, subway, Penn station. (So, attending concert MSG, great location!) Breakfast included room, lovely restaurant. Staff great - incredibly friendly helpful. Also, I experience problem elevator, talking staff, I understand weekends (or busy days), problems it.......However, main issue very, tiny room. I lived NYC often stay city, room extremely small - even one person. The bathroom tight. I keep cosmetics bathtub absolutely room keep anything bathroom. Believe not, barely space keep toothbrush sink, shelf around sink almost non-existent. The closet extremely compact, since I different event attend night, I could keep clothes it. My recommendation? If one (maybe two) persons, lot clothes bags, deal it. Otherwise, stay larger sized rooms, like doubletree times square features suites -- least try get slightly bigger rooms. I hope renovate &amp; merge two rooms one. That might solve size problem!",0.18942279942279944,0.5288696488696489,0.5288696488696489
2,2,"Nice one night stay Doubletree We stayed one night early November. The short walk Penn Station convenient. The located boring sidestreet. It 5 blocks Macys shops Herald Square. I enjoyed fact newer hotel, clean good repair. Our room one smallest I stayed New York City. For short stay fine. We never wait long use elevators. Service friendly. My Mom commented bed one comfortable slept in. We room higher floor decent view. I would stay price right.",0.20037252221462748,0.560101389838232,Nov 23 2009
3,3,"Great Deal Good Location This great deal price location. The rooms clean, staff helpful Chelsea fun area stay in. The rooms huge that's given NYC. My complaint elevators. They take FOREVER. We 20 something floor took stairs couple times wait. Request room lower floor avoid issue. Also, newer take taxi make sure driver knows going Chelsea Times Square.",0.39629629629629626,0.6654320987654321,Nov 23 2009
4,4,"nice hotel. friendly staff Stayed 4 nights November. Was bit wary reading negative reviews pleasantly surprised arrived. 29th st much look inside forget that. The staff really helpful nothing much trouble them. We room 21st floor 2 double beds extremely comfortable 4 pillows each, lovely. Bathroom small spotless nice fresh towels daily. Hotel short walk Macys Times Square, quite central really. We took yellow cab Ground Zero (about 8 dollars) went shopping Syms son bought lovely leather coat $149 great bargain one Century 21. also nearby. $390. Would return !",0.134375,0.4552083333333334,Nov 17 2009
5,5,"good find biggest luxurious room good sized, clean comfortable brand new beds. staff pleasant helpful. could use another elevator two serve quite number floors. good location - close macy's, empire state building, madison sq garden, city hall 15 minute walk times square. close lots good asian restaurants. really good value money.",0.5071969696969697,0.6553787878787878,Nov 9 2009
6,6,"Please add another elevator We got (reasonably) good rate $240 per night. The kind odd area, ton around except places selling hats purses bulk import/export places. The staff helpful professional. Every time bumped someone asked stay was, etc. After first night returned room keys longer worked. During 3 night stay I heard 2 people complaining thing obviously issue. The room (1006) spotless decently sized new york room.The real issue lack elevators. There 2 entire well staff. The wait elevator always minute 2, sometimes 5. If sound long you, never waited elevator long. When arrived inevitably packed sometimes also maid room service cart taking 1/2 space. I can't imagine would like upper floor, probably 15 minute commute front door entrance including elevator wait stopping every floor. I know almost full (2 rooms open) obviously major problem. I stay reason",0.12869318181818185,0.4489772727272728,Nov 1 2009
7,7,"Great Hotel We stayed Friday Saturday night. It's new, modern clean. We took Amtrak New York. The short 3 block walk 7th avenue left 29th. When I turned 29th I got little concerned. It's one area's city slowly gentrified. It's full old trading companies hold overs years past. When I got half way 29th street I saw felt better. Check quick room 5 minutes warm chocolate chip cookies (a treat give check-in). We 22nd floor king size bed. The rooms small, NY standards I would say average. The room felt new modern beech furniture, good size flat screen tv crisp sheets. Our room faced 29th street could see int Empire State building. The bathroom small clean featured Neutrogena products. I found quiet comfortable. The location good, could get everywhere 10 minutes taxi. Most cab fares $10 less. The business center gym. I use either I see them.. They nothing ordinary. The staff nice helpful. I would recommend especially catching show game garden.",0.13316045066045065,0.4484265734265733,Oct 26 2009
8,8,"Very mod clean convenient near Times Square. We supposed staying Affinia Manhattan travel agent, mucked up!! Anyway, offered I must say nice. As girl, I would walk 29th street dark however, someone fine. Great location. Room lovely. We 1103 spacious New York hotels go ensuite really nice - bath though didnt spend much time hotel.",0.37382891414141417,0.6395454545454545,Oct 21 2009
9,9,"Very pleased We stayed one night, booking room morning. The room small extremely clean adequate two us looked recently refurbished. We paid $200. night real bargain. I would definitely stay again, especially rate. The things somewhat problem inadequate elevators morning rush. My husband said wait least 15 minutes, pleased since delayed arrival work. I left later, annoyed racket maids seemed making hallways. If I planned sleeping late, I would definitely annoyed!",-0.025,0.5393518518518519,Oct 20 2009
10,10,Good launching point NYC adventures Two blocks away Madison Square Garden 3-4 blocks Empire State Building. The actual street location could better real complaints. Rooms small (2 people max) new. No real closets unit. Comfy beds. Elevators get busy morning checkout. Staff hospitable accommodating.,0.12329545454545453,0.3693181818181819,Oct 10 2009
11,11,"Small rooms. Ridiculously small. Yes NY, yes rooms somewhat small. But place ridiculous. The room big enough bed desk that's it. I'd expect no-name local hotel, DoubleTree. Also, 23 stories. There 2 small elevators hold maybe 6 people time. Which means peak times, like 8:30am, wait forever. One day I waited 5 minutes elevator. When one finally showed up...too full get into. It ridiculous. Room Service: I ordered burger fries. When arrived, fries cold ketchup/mustard provided. Not end world, still paying $25 burger, least could warm bringing room throw bottle ketchup.The new everything looked good, clean, etc. And pretty good location want see sights, several subway stations within 5 minute walk. Still I would stay given room size.",0.027489177489177504,0.5829004329004329,Sep 27 2009
12,12,"Horrendous Service - Not Chelsea The much sketchy shopping/flower district Chelsea. I paid $800 room worse service $80 hotels. First, best neighborhood. Second, Bells sat I unloaded luggage followed simply pointing I check in... I Business Casual attire, reason snubbed. They give nice cookie check in. And lastly, literally paying total one night bill something right near $870, audacity charge almost $10 wireless service. Are kidding me??? I stayed Belnord Hotel upper west side couple hundred dollars better service. I highly recommend staying somewhere else....",0.1663809523809524,0.44996825396825396,Sep 26 2009
13,13,"Really nice. Really. Front Desk Staff? Friendly efficient (and give warm cookies). Room? Spotless. Bed? Very comfy, loads pillows - good kind. Bathroom? Nice tub actually take bath in, plenty hot water great water pressure, full toiletries, nice, strong blowdryer that's screwed wall. TV? Great reception AND plenty channels. Parking? Alas, no, garage street @ $22 per night. Check breeze.",0.3854575163398692,0.6542483660130718,Sep 26 2009
14,14,"Not enough room swing cat Turned away 12 noon 5 pm room ready. Offered soda compensation. I know property expensive New York, room corridor small swing cat either place. Walls must thin 'cos I could hear family talking adjacent room. The lobby, bar restaurant also small congested. The building tall narrow, 2 lifts... used everyone, meaning long wait. Is really Chelsea...? Maybe just. Not far subway though.",-0.09696969696969698,0.5670454545454545,Sep 26 2009
15,15,Super Friendly Staff I wife brother wife two days. We mentioned checked brothers 50th Birthday asked celebrating special occasions. The staff next two days calling us name wished brother happy b-day everytime saw him. The chef sent cake 4 asked chill bottle champagne brought us. The location centrally located close everything. We love going Village pretty close Times Square. But close Times Square preferred. I would stay New York Minute. Our room even view Empire State Building.,0.30575998075998073,0.5602934102934103,Sep 22 2009
16,16,"Slow elevator slow receptionist. But allowed dog! Spent one night husband 5month old bulldog. (They allow dogs less 30lbs)Parking validated Edison Garage, 1.5 blocks hotel. My advise bring rolling luggage. Attendants accommodating asked car accessible items might need later. Check 3pm arrived 245pm. Room ready 3pm dot. Lobby crowded people also wait rooms ready. Check similar, slow inefficient.In room- I liked variety complimentary toiletries Neutrogena included face cleanser face moisturizer. Room also included blowdryer. Pillows plentiful, big fluffy.I take dog outside urinate; wait longer decided walk 16 floors room. On way up, lobby full I line elevator. When elevator came, ignorant tourist cut front us big luggage. So, I walk 16 flights back room. On way, I saw elevator dropping people 3rd floor. I think I going fast elevator kept stopping floor. At least dog got exercise. Bottom line, stayed let dogs (under 30lbs) stay. We return dog 30lbs soon.",0.028009259259259258,0.3133101851851851,Sep 20 2009
17,17,"Great Value -- Very Comfortable We stayed Doubletree Hotel Chelsea 9/13 - 915, 2009. This small, new within easy walk Times Square even shorter walk Madison Square Garden, The Empire State Building Macy's. The staff friendly helpful room, although small, comfortable king-size bed desk wardrobe. The bathroom small adaquite everything spotlessly clean fresh. We paid $132 Sunday night $188 Monday night stay. A great vaule NYC! We would gladly stay recommend others.",0.3260664335664335,0.689067599067599,Sep 16 2009
18,18,Good hotel! My husband I stayed Doubletree Hotel Chelsea weekend Sept. 12. It 10 minute walk Penn Station. Check fairly quick room. The room small compared hotels cities NY - normal actually quite good. We got nervous noise enter room. We directly across elevator lot noise coming one rooms hall. But entered room closed door - combination air conditioner walls made hall barely audible!The reviews true - elevators slow. But completely manageable took stairs 14th floor needed get (and baggage). Squeeze get chance!The location great. Chelsea fun area able walk lot different places. Try Elmo brunch blocks away!The fitness center updated equipment definite plus hard find hotels! I believe Precor.I love Doubletree cookies :),0.14956275720164605,0.442798353909465,Sep 14 2009
19,19,"Good Value Good Location Nice Staff We encountered hiccups check-in handled properly Helen (Front Desk Supervisor). Location, best street blocks right Madison Square Garden. Hotel typical New York Building, corridors narrow rooms 300 sq.ft.. Restaurant staff superb! Overall nice hotel, still trying get everything running open.",0.2562409812409812,0.46744678932178935,Sep 8 2009
20,20,"New great price This recently opened (Summer 2009) everything new clean expected. It short walk Penn Station Empire State Building within walking distance Times Square. The room average size location certainly worth $159 rate. I would recommend The New Yorker day.The negatives would fact internet access (wired wireless) free $10/day, low room rate made negative. There two elevators building expect wait five minutes normal hours possibly busy days. The walls floors thin expect hear neighbors rooms next even flushing toilets floors you.The positives would certainly price location. The HDTV Time Warner HD cable also nice, free On Demand features seemed disabled would alway return errors.Overall, great place rate (I paid $159/night) . I staying many hotels area order recommendation (assuming equal rates) would be:1) Hilton Garden Inn (121 W 28th St)2) Hampton Inn (337 W 39th Street)3) Doubletree Chelea (128 W 29th St)4) Wyndham Garden (341 W 36th)5) Hilton Garden Inn (63 W 35th St)6) Hampton Inn (116 W 31st St)7) New Yorker (481 8th Ave)",0.14022881880024735,0.4924860853432283,Sep 5 2009
21,21,"Clean comfortable affordable Manhattan If looking affordable, clean, comfortable room Manhattan, Doubletree--along sister Hilton-brand properties neighborhood--can't beat. Service top notch...I stayed one night, returned two couple days later. The front-desk clerk greeted name I arrived second stay...very impressive. Otherwise, favorite thing offers 150-channel cable tv, complete interactive programming guide...that may last thing mind people visiting NYC, I spend 100+ nights year hotels. It pleasant change 20-30 channels find properties.On downside, lifts terribly slow...it bad first stay, I returned seemed like one two would move given time. At one point spent five minutes waiting, one lift stayed floor 12 entire time! And I agree w/ previous reviews, seem quite ridiculous charge $10 internet access, especially nearby Hampton Hilton Garden Inn essentially identical hotels, offer free. Finally, surrounding neighborhood appealing, time I never felt unsafe...besides, short walk traveler-friendly areas. Penn Station 5-minute walk away, arriving either Newark JFK airport, save money cab fare take train.",0.15052083333333335,0.5734375,Aug 29 2009
22,22,"Not Enough Elevators Fire Code Violations Clearly NYC Building Dept. never approved plans hotel. What thinking??? At 27 floors TWO, small-cab, not-so-fast elevators, service elevator means long waits morning afternoon/evening, sharing elevators bins dirty linens, garbage bags luggage. Worse, lack hallway space guest floors means housekeeping staff pile bags bags linens fire escape stairwells overnight, often blocking passage floors. I used live NYC lived high rises entire adult life assure fire code violation. I showed pictures assistant manager nice apologetic promised bring next staff meeting. Still, makes wonder else going wrong.Other issues: minibar, mini-refrigerator; liquor license; ice machines every third fourth floor (if get bags linens). Now, good part. The staff friendly realize problems architects whoever runs real estate Hilton left guests. I feel sorry work badly designed facility. I'd say OK tourists time hands; would disaster business trip downstairs 5 10 minutes.Another plus: great location, least me. Convenient Chelsea I many friends, mid-town, Penn Station, whatever. Yes, block little &quot;industrial&quot; -- lots low-end wholesale fabric fashion accessory showrooms -- Fashion Institute Technology street sort FIT student dorm nearby energy street even late night.OK tourists; would disaster time-sensitive business travelers.",0.05194360269360269,0.5051296296296297,Aug 29 2009
23,23,Fairly priced quiet neighborhood yet walkable Fully renovated older Hilton typically small rooms Manhattan yet nicely situated quiet nights. There interesting view top floors Empire State building window. Staff front desk accomodating. My complaint: I still understand major brands still charge internet - almost like charging shower morning. Perhaps losing revenues using telephones room.,0.17992424242424243,0.5454545454545455,Aug 28 2009
24,24,diamond city After much searching I found doubletree. It open couple months. It nice walk short cab drive fron Penn Station. The staff limited nice offer cookies day every day. We first King room soldout doubles. The room nice size nice bathroom. Not broom closet usually think NY. The room looked new bed comfortable. downer wireless free business center stayed full 2 computers peak hours elevators slow. I would stay agine heart beat. one best deals town,0.21474675324675324,0.6165367965367966,Aug 21 2009
25,25,"This place great staff great location even great food. This pretty new extremely clean modern. I've stayed twice impressed times. I found great rates made easy decision. The staff friendly accommodating always plus.Rooms huge bit bigger average New York. The corridors bit tight expected crammed many existing buildings. One thing I find difficult bathrooms real counter space hard pressed leave anything there. On last stay, I got late work night ordered room service. The service great food reasonable good. The quick blocks Penn Station right around corner 28th St stop 1 train pretty easy get anywhere city here. It's also quick walk Herald Square/Macy's, Empire State Building mid-town attractions. I'd definitely recommend place anyone looking close everything stay clean modern reasonable rates.",0.27465865215865215,0.6017707967707968,Aug 21 2009
26,26,"Brand New DoubleTree Midtown - Perfect A brand new DoubleTree right heart midtown - I ask for! I booked room leisure trip fantastic rate happy everything. Rooms brand new major new amenities. The downside rooms small, expected NY I really mind size room.",0.2549049165120593,0.5895640074211502,Aug 14 2009
27,27,"Good new I stayed three girlfriends one 2-double rooms, got great deal. The room small, pretty cramped bags, made work - one night. And NYC people, rooms small! I agree elevators take long time. Everything new beautiful room bathroom. Very comfortable beds. Front desk nice tried hard looking pizza delivery 2am. Our extra towel request took 20 minutes. They stored bags checked - hassle free. The major con neighborhood little run down- garment district seedier I thought would be, quick walk Flatiron Madison Square Park major stores around there. All all, I might stay another great deal, might think twice location.",0.2174471992653811,0.6018021120293849,Aug 13 2009
28,28,"washcloth towel room 2 days! checked sunday. could see immediately understaffed, entire lobby filled luggage waiting checked &amp;there 1 poor, sweating bellhop trying take care everything. one second day, room cleaned &amp; numerous calls front desk &amp; promises would taken care immediately, never happened. This day 1 drying washcloth since clean towel room. Day 2, room cleaned towels bathroom. calls front desk &amp; housekeeping. needless say, time finally delivered day 2 drying washcloth. My newspaper delivered second day &amp; told front desk told walk street could buy one. actually asked front desk registered guest hotel, since getting service, informed was.",-0.020634920634920634,0.6224206349206349,Aug 13 2009
29,29,"Overall average NYC Rooms small (~220 sq.ft.) well appointed. Comfortable bed Still 'buggy&quot; beig new. Lots carts, garbage bags, confused staff.Elevators small, slow, 26 floor hotelFull service restaurant nice amenity type areaNo open space common area anywhereLocation seems safe many seedy characters roam streets eveningA 5 minute walk Penn Station, Madison Sq. GardenOverall, decent solo traveler couple days business area, service matures.",0.0302020202020202,0.48808080808080806,Aug 13 2009
30,30,"Small rooms long elevator waits enough staff We stayed last week I booked I trusted DoubleTree name fact appeared close Penn Station (Subway I choose go around New York kids).Quick Facts: 1. The rooms extremely small bathroom. However, since Hotel new, everything looks clean sparkling.2. It took forever multiple reminders get anything Service staff - I talking simple things refills coffeemaker 2 days stay (and refills between). They appear extremely understaffed.3. The neighborhood great walk around dark - dark smelly construction street....4. Unless get great deal stay - I woudl recommend place.",0.0061942959001782556,0.4584861217214159,Aug 7 2009
31,31,"Wonderful Stay I came I checked room Hotel Penn right street 7th ave. I desperate another room another hotel. The two ladies front desk nice gave us fair rate. The rooms small, hello - New York! And, I've stayed smaller...Our room spotless I know reviewers problem service - got amazing service. Every time saw employee hallway elevator, said hello asked us stay going. With small child, extra requests housekeeping always got everything right away.The neighborhood great. An easy walk Penn Station Chelsea galleries (I even passed film Martha Stewart Show walks). I've walked Times Square twice easy walk hotel. Also, lots fashion/wholesale stuff around.Free internet lobby.",0.25862463924963924,0.6504080988455989,Aug 4 2009
32,32,"Tiny dark rooms long wait lifts tatty area This new may convenient looking rowdy time Times Square, admittedly view Empire State building, one night's stay far cramped facilities hand family. The rooms tiny little light, breakfast ok cheap enough was, took ages come buffet. Two lifts took ages come. Its location garment district reminded Mile End Road London, certain edginess, smelled - badly - place I would chose stay - disappointed Virgin put us one coach tours, suffer three nights first, another night end tour. I noticed couple school parties staying time. I could wait leave like walking back area dark! When arrived check even got details - I wish lost ever could stayed somewhere else. The place also seemed badly short staffed.",-0.0173000295159386,0.5023170011806376,Aug 3 2009
33,33,"Clean new centrally located understaffed under-equipped The rooms clean comfortable, althought small tight common big cities like New York. The midtown location near-west side exciting centrally located near several subway lines easily walkable Chelsea, fasion district, Brodway theater district, Madison Square more.Here's big problem: lacks infrastructure capacity accommodate size. The two elevators nearly 30 stories woefully insufficient. I 22nd floor nearly every time I went lobby I wait way long elevator, nearly packed arrived. Guests lower floors often fit -- either took stairs waited long time. This particularly gruesome morning people checking carrying baggage elevator them.The limited floor space small lobby means front desk bell stand cannot accommodate demand. The enough space inbound, outbound checked baggage, lobby looked like luggage warehouse bags strewn over. Too bellmen duty meant long waits either check pick bag, received way helped cab way (although bellmen friendly tried best). Front desk service friendly efficient, small desk allow many desk clerks needs peak times.What's interesting compares two Hilton-family hotels block, Hampton Hilton Garden immediately behind Doubletree W. 28th Street. I've stayed three. They're built roughly footprint, seem put roughly time. Perhaps they're ownership. But two Doubletree's problems insufficient infrasructure. I never problems long elevator waits poor service lobby places. I noticed hotels fewer floors Doubletree, presumably fewer rooms fewer guests, infrastructure appropriate capacity.If looking Hilton-family neighborhood, I'd recommend Hampton Hilton Garden Doubletree cluster three hotels block: comparable value pleasant experience -- time enjoy New York less waiting elevators bell staff.",0.08333694083694085,0.43558505978148826,Aug 3 2009
34,34,"What Great Place Stay Midtown I fortunate enough found whim. What treat. The rooms execellent flat screen TVs adnd essential amenities. I've stayed many hotels Midtown, value location (just 7th Avenue within walking distance Times Square), great choice. The stay great. We even received warm cookies check in. The problem slow elevators. But, place great.",0.3645833333333333,0.59375,Aug 2 2009
35,35,"New hotel. Small rooms. Slow elevator. No free internet. Good attitude bell service staff. New 29th street. We spent 2 nights could extend stay Blakely Hotel. Doubletree Chelsea recommended us Hilton. When I checked, review yet hotel. My brother law lives NYC said good neighborhood looked nice.Check bit chaotic seem full checking July 21. The men bell service friendly &amp; helpful. The ones reception accommodating. Maybe teething problems newly opened hotel. opened week checked inRooms: We tried book one 5 suites sold out. The regular room got nice. My complaint small size room refrigerator. The thing free internet. I pay $10+ 24 hours' use internet.My complaint elevator. This New York. Only 2 elevators service elevator housekeeping staff takes main elevators well.The guys bell service go way accommodate guests. I forgot take name afro american guy even gave us bottles water waiting lobby. Dean, guy helped us bags leaving refused tip saying brother law gave already. Such honest person.The location accessible Macy's area find Zara, Gap, H&amp;M, nail salons course Macy's. Eats like Horton's, KFC, Mrs.Fields etc convenience stores nearby.Turning left hotel, find Reade diner. We tried chinese takeout Ginger House good. Times Square couple blocks away. 28th street interesting early morning florists NY get flower requirement there. I even found fresh bunch lilies valley sister's wedding bouquet.Taxi front street corner. We easily got taxi way watch Jersey Boys Arthur Theater.If I go back, maybe I would try one 5 suites one 2 penthouse suites 27th floor.",0.09487623487623487,0.4382056832056833,Jul 29 2009
36,36,"A good find I tempted stay property two reasons: 1) brand new; 2) close Penn station (a minutes walk) I planning taking LIRR JFK.I 24th floor even view Empire State Building! The room small new property spotlessly clean nicely furnished. The bed comfortable towels fluffy. A couple negative points would put staying again:- The sound insulation great corridor;- The building tall thin rooms per floor. As two lifts/elevators, busy times, I suspect could waiting long time lift.",0.06154704944178631,0.5478468899521532,Jul 29 2009
37,37,Great Food Superior attitude I found re-located newly opened Doubletree On 29 th street result inaccurate booking elsewhere. I delighted &quot;walked over&quot; warm cheery spot. I starving directed restaurant &quot;Cheltons&quot; I met executive chef greeted door. At Chef Michaels suggestion I rack lamb sweet potato puree. It astounding done turn medium rare. The whole staff really made feel home food delightful. My dissapointment fact yet liquor permit .,0.48356643356643353,0.734965034965035,Jul 28 2009
38,38,Housekeeping broke room stole stuff!!! Do stay hotel!!!! Housekeeping broke room stole money soon left hotel!!!!! staff nothing help us instead manager told us problem!!! We stay night report police..who told us needs help us problem care!!!! BE VERY CAREFUL IF YOU CHOOSE TO STAY HERE!!,-0.1015625,0.5,Jul 27 2009
39,39,"Cookies This brand new opened sometime early July. It's centrally located Chelsea includes Fashion, Fur, Flower districts. With 27 stories, offers great views NYC. We 25th floor nice view Empire State Building.From arrival departure date, staff friendly helpful. At check-in given THE BEST CHOCOLATE CHIP COOKIE we've ever eaten. Our room 1 king size bed comfortable. Also room featured flat screen tv, coffee maker, iron/iron board, wired/wireless internet, mp3-radio. The housekeeping staff friendly every time saw rooms clean. We'd definitely stay we're back NYC.",0.30253535353535355,0.44596969696969696,Jul 27 2009
40,40,"Amazing Was bit skeptical first since could find reviews hotel. Well let first help others make decisions. This 1.5 weeks old book, explains reviews. The building find well situated side attractions. Parking building 1-2 block street. Well secured 24hrs. We get discount hotel. For SUV was, discount $32.00 USD 24hrs. Our Dodge ram 4x4 Larime 2009' still 2 nights. The attendant spoke well English french. The main lobby clean modern. One door man, Micheal, greeted us well professionalism. At registration desk, Julio, courteous helpful kind. And forget ask warm cookies offer check-in, amazingly good. Couldn't help second bite took daughter's cookie. The building 2 elevators, stayed 22Th floor loved view. Its ocean view buildings good me. Our room 2 double beds, flat screen TV bathroom. The room everything inside new clean. (we first stay in) One comment would like make one ''listening'' would help lots guest. The flat screen TV hung wall, location, 16'' cabinet, free counter space coffee machine, able use space. The bathroom extra (3 glass shelves) toilette shaving creme, soap tooth paste. Apart that, everything else perfect. The beds comfortable pillows nice soft. To bad pillows home like that.Every room Internet access, needed, used computer room basement came pretty handy. The fitness room also basement treadmill, step master, free weights, balls etc...The house cleaning good job. Also Yanick Joe great assisting us giving us advice.Over all, would certainly recommend Hotel family friends.I try upload photos later can.Thanks Julio, Micheal, Joe Yanick pleasant stay. Keep good work guys!Luigi Albanese, Montreal Canada.",0.2837172318422318,0.5081568662818664,Jul 23 2009
41,41,l'equilibrio giusto,0.0,0.0,Nov 12 2009
