,Unnamed: 0,Reviews,polarity,subject,Dates_extracted
0,0,My new favorite New York City I've stayed several hotels NYC I never stay anywhere else Lafayette House ever again! It's beautiful great location. I traveling two teenages room queen sized bed brought comfortable air mattress. The room large NYC room (sitting room fireplace gorgeous) bathroom quite nice well outfitted. If want stay place like living NYC neighborhood box --- kind place!,0.4809415584415584,0.7096861471861472,Nov 8 2009
1,1,"Absolutely gorgeous. Great independent types. If want concierge telling go, hot cold running lattes spa in-house masseuse, place you. But like privacy peace real house, sleeping huge room (suite-sized, really), right smack bang Noho stroll Soho Nolita LES West Village well, everywhere, place you. It's decoated, mentioned, though eccentric, arty great-aunt late 40s changed since. The bed comfy (if little noisy...), tv awesome (and DVD player, HBO demand, etc), shower INCREDIBLE bath four feet deep. One reviews alleged clean everything falling apart - completely untrue. It's spotless, threadbare rug part charm, darling. Perhaps she'd happier Marriott.The one thing need changing: drapes. No matter arrange them, there's two-inch crack either side windows light comes straight in. Not ideal jetlag. There's room service, mentioned, B Bar Grill next door great coffee brunch incredible burritos, there's sushi bar downstairs, Five Points around corner one best burgers I've ever tasted well, New York. You're never going starve, you? Oh, staff, whilst visible, definitely available: I somehow broke TV (damn remote controls) sheepishly rang ask do. The guy came right fixed within one minute. That quick hotels. I'd definitely stay again... I'd ask room courtyard. Those sound awesome.We go NY lot tend try new hotels time... I'm definitely coming back Lafayette House. I wonder I get change curtains first...",0.23126096876096877,0.5267257517257515,Sep 13 2009
2,2,"A must see! The fabulous room we've ever stayed in. Had soooo much character warmth. Perfect location, perfect atmosphere perfect service. We want leave definitely go back!",0.5857142857142856,0.6714285714285715,Feb 25 2009
3,3,"exquisite Being avid traveler I consider savvy process choosing Hotels. My standards quite high I expect great deal staff quality soap. I hesitant stay boutique NY departure usual mainstream choice, location unbeatable. Upon arrival I realized going unique experience. The far surpassed expectations I found feeling I arrived brownstone home city, outfitted exceptional staff. From cozy feel roomâs eclectic design antique furniture grandeur high vaulted ceiling oversized fireplace, combination exquisite. It defineitly incorporated New York experience again.",0.3428316498316499,0.7382289562289562,Feb 25 2009
4,4,"quirky boutique place real find. In East Village excellent wine bar next door. We upgraded room terrace (unfortunately rained!). Nice touches including free bottle wine, lovely toiletries, extremely comfortable bed. Not cheap loved it.",0.27045454545454545,0.740909090909091,Oct 20 2008
5,5,"Very charming everyone The excellent location NYU/village East Village. I NYC enjoy nightlife shopping, sight-see. This old old building, 1848, &quot;Gangs New York&quot; era memory serves. This means things old decorated similar style. If used real antiques fond victorian style, you. If like pampered staff 24/7 like it. If like left alone, will. I like It reminded similar old hotels New Orleans. It charming full service, faux vintage &quot;modern luxury&quot; hotel. This also means elevator narrow steep victorian stairs. If person mobility problems disabilities, may go unless ground floor. I stayed way top floor gigantic room. (pictured tripadvisor page) pleasant sitting area fireplace. I noise problems, although I believe experience *could* differ greatly depending upon room in. Very important fact thick double paned windows room shut vast majority New York noise.. best all, opened I could enjoy fresh air I wished. The cost fair value New York ( New York rates way higher rest country) given size room, expecting modern fixtures. If appreciate style, room would excellent romantic get away (or someone like appreciates bit history). It large deep bath tub. Negative shower requires arcane knowledge skill operate. Positive: I several special requests met right away. In contrast others written, I found staff cheerful responsive. One possible warning: They construction across street. While I staying work done, big hole ground, I would check first. For mood, privacy, service excellent location outweighed negatives. I would definitely choose again.",0.2720120659482361,0.5240190660403427,Oct 10 2008
6,6,"Disappointing I recently stayed Lafayette House New York City. I saw reviews online convinced sounded like nice new boutique hotel. Overall reviews overrated definitely much better similar price.Pluses:1. Great neighborhood/location downtown 2. Nice sized room working fireplace, chandelier sitting room3. Pretty terrace opened courtyard downstairs. Enjoyed much especially early Fall weather.4. Free Wi-Fi5. Small Kitchenette mini-bar amenities6. C.E. Bigelow products7. Nice big king sized bed BUT see belowMinuses: We stayed Room 4.1. Bed reeked cigarette smoke. When visiting NY day half paying $425/night 2 nights TO SLEEP last thing want (literally) smelly night's sleep. Manager promised pillows, mattress pad, blanket sheets replaced maid came, see called replacement supplies. In order avoid problem, I emailed morning requesting ASK maid make sure instructions followed. Instead profusely apologetic, understanding bending backwards helpful, I got snide response saying I think moving rooms another (not ideal I working day returning late night). I emails prove it. Guests NEVER apologize cigarette-smelling bed. I care new boutique is. And yes, bed still smelled second night.2. Manager virtual. We communicated via email entire time. Never saw once, never got consolation fruit basket, nothing. The worst part 7am, someone started literally banging pipe. Free yet unwanted alarm clock. Not hotel's fault still...added discomfort already bad situation.3. Decor style - Dusty rose velour curtains, shabby chic style looked shabby chic (to me). Some people may adore look I personally like see antiques refurbished appropriated way Kelly Wearstler it. Overall, room looked like grandparents old townhouse 1898 (think Age Innocence 1898, Manhattan 2008)4. Bathroom disgusting old. Not old preserved good way broken tiles, sink scuffed, mirror hung high would expect nice (albeit residential townhouse) hotel.5. LIGHTING - It's poorly lit everywhere. It's caters mood rather task. I would like know women supposed apply makeup dark poorly-lit bathroom.6. Mediocre Service - If going residential hotel, service impeccable.This DIY, deal get place. If things work, care. They say fix something won't.Room #10We booked additional room guest WANTED stay actually suggested today told us room &quot;ghosts&quot;.Overall place feels like Chelsea slightly better appointed furniture. But can't really get away dark, danky feel. I'm used better rooms better service. This one NO me.",0.09432900432900436,0.5427236652236652,Oct 8 2008
7,7,"Great families young kids We stayed Lafayette 10 days house renovated. We 3 kids age 5, 4 1.5 years old. We stayed room kitchenette access courtyard garden. We great experience. This typical front desk lots amenities, miss things. The location ideal young kids. It's close Washington Square Park, Children's Museum Art, Joe's Pub places young children amused. There Wholefoods store 5 minutes walk away kids-friendly restaurant next door brunch (B Bar). The manager excellent provided us huge blow-up bed well crib, stayed room. The kitchenette makes huge difference kids dining steak, salmon haricots verts every night!",0.3305555555555556,0.5333333333333333,Jul 14 2008
8,8,"Amazing room Last December I contemplating stay Manhattan daughter's graduation NYU , I received card mail Lafayette House owned group The Bowery. Having loved The Bowery intrigued thought staying 15 room townhouse instead I booked 3 rooms. We disappointed.The doors kept locked buzz office get in. We led rooms encompassed entire first floor (below entry level). These far largest rooms NYC 15 trips made past 4 years. Each room sitting area fireplace room even small kitchenette. The rooms individually furnished beautiful antiques. The bed extremely comfortable outfitted first class linens. The highlight lovely courtyard shared room one 2 high schoolers shared. It perfect place unwind book day walking city.The things I would change would bathroom room really totally redone updated. The one kids room fabulous. Also a/c unit awkward location include remote someone office come turn on. Speaking office--they office hours. My kids locked room 8am wait someone get let back in.There many restaurants nearby lack one property non issue. We go The Bowery glass wine one night exactly warmly welcomed host lobby (I guess hipster enough) mentioned staying Lafayette House. If looking low key, local NYC experience Lafayette House definitely place amazing trip.",0.16696969696969702,0.5840404040404039,May 28 2008
9,9,ElÃ©gant branchÃ©... tellement New York !,0.17045454545454544,0.45454545454545453,Apr 7 2008
